ticker,company_id,fiscal_year,fiscal_quarter,period_end,current_status,current_timestamp,current_60d_scope,cik,issuer,issuer_domicile,foreign_filer_indication,current_c8_reason,prior_status_reason,state_changed_since_phase64,stored_evidence_count,authority_updated_at_utc,provider_first_public_result_date_context_only,prior_known_accessions,form,accession,acceptance_timestamp,index_accepted_local,index_accepted_timezone,index_accepted_utc_research_only,acceptance_consistency,primary_document,result_exhibit,linked_exhibits_all,event_class,entity_match,period_match,candidate_count,research_outcome,existing_authority_supported,proposed_timestamp,proposed_source,confidence_evidence_status,policy_extension_required,copy_evaluation,production_ready,evidence_summary,security_id,security_type,is_adr_or_depositary_receipt,provider_security_categories,underlying_company_id,underlying_issuer_name,fundamentals_issuer,security_to_underlying_match,sec_reporting_cik,sec_filer_matches_underlying_issuer,adr_identity_review_reason,identity_evidence_urls,issuer_release_url,issuer_release_time,research_window_start,research_window_end,filings_reviewed,reviewed_filing_inventory,document_fingerprints,documents_observed_from,documents_observed_to
MKDW,2525,2026,Q2,2026-06-30,NOT_FOUND,NULL,INSIDE,0001991332,MKDWELL Tech Inc.,"Virgin Islands, British",Form 6-K reporting issuer,FOREIGN_6K_CONTENT_NOT_VERIFIED,NO_ITEM_2_02_FOUND,NO,0,2026-10-05T06:50:41Z,2026-09-08,6-K|2026-09-11T20:52:08.000Z|0001493152-26-042408|report=2026-09-11|items=;6-K|2026-09-08T10:30:58.000Z|0001493152-26-041679|report=2026-06-30|items=;6-K/A|2026-08-20T20:48:13.000Z|0001493152-26-039490|report=2026-08-20|items=;6-K/A|2026-08-20T20:46:13.000Z|0001493152-26-039489|report=2026-08-20|items=;6-K|2026-08-19T12:15:18.000Z|0001493152-26-039131|report=2026-08-19|items=;6-K|2026-07-22T12:00:19.000Z|0001493152-26-034175|report=2026-07-22|items=;6-K|2026-07-17T21:15:11.000Z|0001493152-26-033791|report=2026-07-17|items=,6-K,0001493152-26-041679,2026-09-08T10:30:58.000Z,2026-09-08 06:30:58,America/New_York,2026-09-08T10:30:58Z,MATCH,https://www.sec.gov/Archives/edgar/data/1991332/000149315226041679/form6-k.htm,NONE_EXACT_QUARTER,https://www.sec.gov/Archives/edgar/data/1991332/000149315226041679/ex99-2.htm;https://www.sec.gov/Archives/edgar/data/1991332/000149315226041679/ex99-3.htm;https://www.sec.gov/Archives/edgar/data/1991332/000149315226041679/ex99-4.htm;https://www.sec.gov/Archives/edgar/data/1991332/000149315226041679/ex99-1.htm,FULL_PERIOD_RESULTS,PROVEN_CANONICAL_CONSOLIDATED_ISSUER;different-perimeter attachments excluded,H1_OR_FY_ONLY;NO_EXPLICIT_TARGET_QUARTER_INCOME,0,WRONG_PERIOD,NO,NULL,NONE,NO_UNIQUE_EXACT_QUARTER_AUTHORITY,YES_FOR_6K,NOT_FORCED;REQUIRES_SOURCE_POLICY_EXTENSION,NO,"H1 only; no explicit Q2 income. Acquired Landvision financials and combined pro forma statements have different perimeters. Other filings concern acquisitions/ATM agreements, not Q2 results.",2537,COMMON_OR_ORDINARY_SHARES,NO,ADR Common Stock Primary Class,2525,MKDWELL Tech Inc.,MKDWELL Tech Inc. (consolidated reporting group),PROVEN_OFFICIAL_SECURITY_DESCRIPTION_AND_CANONICAL_COMPANY_CIK,0001991332,YES_CONSOLIDATED_GROUP;NOT_DEPOSITARY_BANK,PROVIDER_SECURITY_TYPE_CONFLICT;official documents establish security type;no production correction,https://www.sec.gov/Archives/edgar/data/1991332/000149315226019701/form20-f.htm,,NO_EXACT_ISSUER_TIME_PROPOSED,2026-06-30,2026-10-06,7,6-K|0001493152-26-042408|2026-09-11T20:52:08.000Z|2026-09-11T20:52:08Z|MATCH|https://www.sec.gov/Archives/edgar/data/1991332/000149315226042408/form6-k.htm;6-K|0001493152-26-041679|2026-09-08T10:30:58.000Z|2026-09-08T10:30:58Z|MATCH|https://www.sec.gov/Archives/edgar/data/1991332/000149315226041679/form6-k.htm;6-K/A|0001493152-26-039490|2026-08-20T20:48:13.000Z|2026-08-20T20:48:13Z|MATCH|https://www.sec.gov/Archives/edgar/data/1991332/000149315226039490/form6-ka.htm;6-K/A|0001493152-26-039489|2026-08-20T20:46:13.000Z|2026-08-20T20:46:13Z|MATCH|https://www.sec.gov/Archives/edgar/data/1991332/000149315226039489/form6-ka.htm;6-K|0001493152-26-039131|2026-08-19T12:15:18.000Z|2026-08-19T12:15:18Z|MATCH|https://www.sec.gov/Archives/edgar/data/1991332/000149315226039131/form6-k.htm;6-K|0001493152-26-034175|2026-07-22T12:00:19.000Z|2026-07-22T12:00:19Z|MATCH|https://www.sec.gov/Archives/edgar/data/1991332/000149315226034175/form6-k.htm;6-K|0001493152-26-033791|2026-07-17T21:15:11.000Z|2026-07-17T21:15:11Z|MATCH|https://www.sec.gov/Archives/edgar/data/1991332/000149315226033791/form6-k.htm,https://www.sec.gov/Archives/edgar/data/1991332/000149315226019701/form20-f.htm|sha256=7e3f9a2fb81e9b0e126f3bc18ea96d88e34602bccd0ccc756fb160ff99ec30e5;https://www.sec.gov/Archives/edgar/data/1991332/000149315226041679/0001493152-26-041679-index.html|sha256=1b94330f275f05402ebc56eadc6ebd18d79aa000c00ceeb5a1e3c46e28ffa4f2;https://www.sec.gov/Archives/edgar/data/1991332/000149315226041679/ex99-1.htm|sha256=c3406e7b2853df43690a4bf2bf68022fa5adf92bd12982d471987e17d087bf77;https://www.sec.gov/Archives/edgar/data/1991332/000149315226041679/ex99-2.htm|sha256=a274b2dfc807046e97c3387567f5310ea47079c0b89ebed200536a99054fd7a6;https://www.sec.gov/Archives/edgar/data/1991332/000149315226041679/ex99-3.htm|sha256=6d5e1acb60aa57718b65aca42e3aeb1802b37aaa686149e2e38f8e1a8d0d7d96;https://www.sec.gov/Archives/edgar/data/1991332/000149315226041679/ex99-4.htm|sha256=ae19858f0818a91a7f2c14b9fd6fafa88bd6b2a4e958b01a15417af50acf5690;https://www.sec.gov/Archives/edgar/data/1991332/000149315226041679/form6-k.htm|sha256=4438dfc44ec6eda32d4d358e1fbdb1d471ba3ba50c9dc02bc56bd7300dbe0cb9,2026-10-06T17:20:20.534329+00:00,2026-10-06T17:42:19.670296+00:00
WDH,2541,2026,Q2,2026-06-30,NOT_FOUND,NULL,INSIDE,0001823986,Waterdrop Inc.,Cayman Islands,Form 6-K reporting issuer,FOREIGN_6K_CONTENT_NOT_VERIFIED,NO_ITEM_2_02_FOUND,NO,0,2026-10-05T06:50:41Z,2026-09-08,6-K|2026-09-08T11:30:46.000Z|0001104659-26-105667|report=2026-09-08|items=;6-K|2026-07-24T20:01:08.000Z|0001104659-26-086636|report=2026-07-24|items=,6-K,0001104659-26-105667,2026-09-08T11:30:46.000Z,2026-09-08 07:30:46,America/New_York,2026-09-08T11:30:46Z,MATCH,https://www.sec.gov/Archives/edgar/data/1823986/000110465926105667/tm2624924d1_6k.htm,https://www.sec.gov/Archives/edgar/data/1823986/000110465926105667/tm2624924d1_ex99-1.htm,https://www.sec.gov/Archives/edgar/data/1823986/000110465926105667/tm2624924d1_ex99-1.htm,FULL_PERIOD_RESULTS,PROVEN_CANONICAL_CONSOLIDATED_ISSUER,EXPLICIT_QUARTER,1,FOREIGN_SEC_UNIQUE_REQUIRES_SOURCE_POLICY_EXTENSION,NO,2026-09-08T11:30:46Z,PROPOSED_REVIEWED_FORM_6K_ACCEPTANCE,PROVEN_EVIDENCE;SOURCE_NOT_AUTHORIZED,YES_FOR_6K,NOT_FORCED;REQUIRES_SOURCE_POLICY_EXTENSION,NO,"Ex99.1: explicit Q2 consolidated revenue RMB1448.219m; GAAP shareholder net income RMB125.8m. ADS issuer Waterdrop, not depositary.",2553,AMERICAN_DEPOSITARY_SHARES,YES,ADR Common Stock,2541,Waterdrop Inc.,Waterdrop Inc. (consolidated reporting group),PROVEN_OFFICIAL_SECURITY_DESCRIPTION_AND_CANONICAL_COMPANY_CIK,0001823986,YES_CONSOLIDATED_GROUP;NOT_DEPOSITARY_BANK,,https://www.sec.gov/Archives/edgar/data/1823986/000110465926049772/wdh-20251231x20f.htm,,NO_EXACT_ISSUER_TIME_PROPOSED,2026-06-30,2026-10-06,2,6-K|0001104659-26-105667|2026-09-08T11:30:46.000Z|2026-09-08T11:30:46Z|MATCH|https://www.sec.gov/Archives/edgar/data/1823986/000110465926105667/tm2624924d1_6k.htm;6-K|0001104659-26-086636|2026-07-24T20:01:08.000Z|2026-07-24T20:01:08Z|MATCH|https://www.sec.gov/Archives/edgar/data/1823986/000110465926086636/tm2621269d1_6k.htm,https://www.sec.gov/Archives/edgar/data/1823986/000110465926049772/wdh-20251231x20f.htm|sha256=06032ec384f4906260679a4562a6691a655dd15f363abe9efc2fa3eb8d9cec70;https://www.sec.gov/Archives/edgar/data/1823986/000110465926105667/0001104659-26-105667-index.html|sha256=cfe03bbdf5554405f482031fa095459206e4bc17337bce9d60e67a39133720c7;https://www.sec.gov/Archives/edgar/data/1823986/000110465926105667/tm2624924d1_6k.htm|sha256=a727f5109d82d66fc62f5e032d463cd867121654f15d5d487e1bc917f0d58c6d;https://www.sec.gov/Archives/edgar/data/1823986/000110465926105667/tm2624924d1_ex99-1.htm|sha256=9f9effb3998e5c40f54ba3937286dcc3b3d524244f38ff9aa270cb90db93a965,2026-10-06T17:20:27.995501+00:00,2026-10-06T17:42:20.047326+00:00
CAN,2544,2026,Q2,2026-06-30,NOT_FOUND,NULL,INSIDE,0001780652,Canaan Inc.,Cayman Islands,Form 6-K reporting issuer,FOREIGN_6K_CONTENT_NOT_VERIFIED,NO_ITEM_2_02_FOUND,NO,0,2026-10-05T06:50:42Z,2026-09-08,6-K|2026-09-14T13:15:04.000Z|0001104659-26-107320|report=2026-09-14|items=;6-K|2026-09-11T20:01:13.000Z|0001104659-26-107048|report=2026-09-11|items=;6-K|2026-09-08T11:20:24.000Z|0001104659-26-105660|report=2026-09-08|items=;6-K|2026-08-17T13:13:35.000Z|0001104659-26-097615|report=2026-08-17|items=;6-K|2026-08-04T13:14:49.000Z|0001104659-26-090114|report=2026-08-04|items=;6-K|2026-07-15T13:11:40.000Z|0001104659-26-083751|report=2026-07-15|items=;6-K|2026-07-14T20:01:28.000Z|0001104659-26-083490|report=2026-07-14|items=;6-K|2026-07-06T21:25:03.000Z|0001104659-26-080834|report=2026-07-06|items=,6-K,0001104659-26-105660,2026-09-08T11:20:24.000Z,2026-09-08 07:20:24,America/New_York,2026-09-08T11:20:24Z,MATCH,https://www.sec.gov/Archives/edgar/data/1780652/000110465926105660/tm2624951d1_6k.htm,https://www.sec.gov/Archives/edgar/data/1780652/000110465926105660/tm2624951d1_ex99-1.htm,https://www.sec.gov/Archives/edgar/data/1780652/000110465926105660/tm2624951d1_ex99-1.htm,FULL_PERIOD_RESULTS,PROVEN_CANONICAL_CONSOLIDATED_ISSUER,EXPLICIT_QUARTER,1,FOREIGN_SEC_UNIQUE_REQUIRES_SOURCE_POLICY_EXTENSION,NO,2026-09-08T11:20:24Z,PROPOSED_REVIEWED_FORM_6K_ACCEPTANCE,PROVEN_EVIDENCE;SOURCE_NOT_AUTHORIZED,YES_FOR_6K,NOT_FORCED;REQUIRES_SOURCE_POLICY_EXTENSION,NO,"Ex99.1: Q2 revenue USD31.9m and GAAP net loss USD97.6m. Later September interim statements have H1-only income, not a second exact-Q2 package.",2556,AMERICAN_DEPOSITARY_SHARES,YES,ADR Common Stock,2544,Canaan Inc.,Canaan Inc. (consolidated reporting group),PROVEN_OFFICIAL_SECURITY_DESCRIPTION_AND_CANONICAL_COMPANY_CIK,0001780652,YES_CONSOLIDATED_GROUP;NOT_DEPOSITARY_BANK,,https://www.sec.gov/Archives/edgar/data/1780652/000110465926043786/can-20251231x20f.htm,,NO_EXACT_ISSUER_TIME_PROPOSED,2026-06-30,2026-10-06,8,6-K|0001104659-26-107320|2026-09-14T13:15:04.000Z|2026-09-14T13:15:04Z|MATCH|https://www.sec.gov/Archives/edgar/data/1780652/000110465926107320/tm2625372d1_6k.htm;6-K|0001104659-26-107048|2026-09-11T20:01:13.000Z|2026-09-11T20:01:13Z|MATCH|https://www.sec.gov/Archives/edgar/data/1780652/000110465926107048/tm2625192d1_6k.htm;6-K|0001104659-26-105660|2026-09-08T11:20:24.000Z|2026-09-08T11:20:24Z|MATCH|https://www.sec.gov/Archives/edgar/data/1780652/000110465926105660/tm2624951d1_6k.htm;6-K|0001104659-26-097615|2026-08-17T13:13:35.000Z|2026-08-17T13:13:35Z|MATCH|https://www.sec.gov/Archives/edgar/data/1780652/000110465926097615/tm2623380d1_6k.htm;6-K|0001104659-26-090114|2026-08-04T13:14:49.000Z|2026-08-04T13:14:49Z|MATCH|https://www.sec.gov/Archives/edgar/data/1780652/000110465926090114/tm2622168d1_6k.htm;6-K|0001104659-26-083751|2026-07-15T13:11:40.000Z|2026-07-15T13:11:40Z|MATCH|https://www.sec.gov/Archives/edgar/data/1780652/000110465926083751/tm2620565d1_6k.htm;6-K|0001104659-26-083490|2026-07-14T20:01:28.000Z|2026-07-14T20:01:28Z|MATCH|https://www.sec.gov/Archives/edgar/data/1780652/000110465926083490/tm2620431d1_6k.htm;6-K|0001104659-26-080834|2026-07-06T21:25:03.000Z|2026-07-06T21:25:03Z|MATCH|https://www.sec.gov/Archives/edgar/data/1780652/000110465926080834/tm2619792d1_6k.htm,https://www.sec.gov/Archives/edgar/data/1780652/000110465926043786/can-20251231x20f.htm|sha256=400f3576ddfc6da20a8f866b6d1de6e6ebc3c88300d0d1d70aec006284dee1d3;https://www.sec.gov/Archives/edgar/data/1780652/000110465926105660/0001104659-26-105660-index.html|sha256=83bb963d7e7311ff3c4b889a7c7e59a4d66244fdac0cdba8e7885fcd5c3b0ad2;https://www.sec.gov/Archives/edgar/data/1780652/000110465926105660/tm2624951d1_6k.htm|sha256=ae774b807e0a304be443aea9ded047c91563e13c9eaa94337d70e1fcdadb2f11;https://www.sec.gov/Archives/edgar/data/1780652/000110465926105660/tm2624951d1_ex99-1.htm|sha256=d027c247b5fe3152b4cacfad6bb5a5a56767d6f5ea63f5640120f1ff6b75f0dd,2026-10-06T17:20:31.862001+00:00,2026-10-06T17:42:20.389107+00:00
MLGO,1432,2026,Q2,2026-06-30,NOT_FOUND,NULL,INSIDE,0001800392,MicroAlgo Inc.,Cayman Islands,Form 6-K reporting issuer,FOREIGN_6K_CONTENT_NOT_VERIFIED,NO_ITEM_2_02_FOUND,NO,0,2026-10-05T06:50:07Z,2026-08-28,6-K|2026-08-28T12:00:51.000Z|0001829126-26-009463|report=2026-06-30|items=,6-K,0001829126-26-009463,2026-08-28T12:00:51.000Z,2026-08-28 08:00:51,America/New_York,2026-08-28T12:00:51Z,MATCH,https://www.sec.gov/Archives/edgar/data/1800392/000182912626009463/microalgo_6k.htm,NONE_EXACT_QUARTER,https://www.sec.gov/Archives/edgar/data/1800392/000182912626009463/microalgo_ex99-2.htm;https://www.sec.gov/Archives/edgar/data/1800392/000182912626009463/microalgo_ex99-1.htm,FULL_PERIOD_RESULTS,PROVEN_CANONICAL_CONSOLIDATED_ISSUER,H1_OR_FY_ONLY;NO_EXPLICIT_TARGET_QUARTER_INCOME,0,WRONG_PERIOD,NO,NULL,NONE,NO_UNIQUE_EXACT_QUARTER_AUTHORITY,YES_FOR_6K,NOT_FORCED;REQUIRES_SOURCE_POLICY_EXTENSION,NO,"Ex99.1/99.2 have six-month income only; no explicit Q2 revenue-and-net-income package. Ordinary Class A shares, not ADS.",1441,CLASS_A_ORDINARY_SHARES,NO,ADR Common Stock Primary Class,1432,MicroAlgo Inc.,MicroAlgo Inc. (consolidated reporting group),PROVEN_OFFICIAL_SECURITY_DESCRIPTION_AND_CANONICAL_COMPANY_CIK,0001800392,YES_CONSOLIDATED_GROUP;NOT_DEPOSITARY_BANK,PROVIDER_SECURITY_TYPE_CONFLICT;official documents establish security type;no production correction,https://www.sec.gov/Archives/edgar/data/1800392/000182912626002991/microalgoinc_20f.htm,,NO_EXACT_ISSUER_TIME_PROPOSED,2026-06-30,2026-10-06,1,6-K|0001829126-26-009463|2026-08-28T12:00:51.000Z|2026-08-28T12:00:51Z|MATCH|https://www.sec.gov/Archives/edgar/data/1800392/000182912626009463/microalgo_6k.htm,https://www.sec.gov/Archives/edgar/data/1800392/000182912626002991/microalgoinc_20f.htm|sha256=ea2272cf827b78e2799246d340abfdebd7f0d41384279e0c24fa6e8d5d893feb;https://www.sec.gov/Archives/edgar/data/1800392/000182912626009463/0001829126-26-009463-index.html|sha256=a90103abdb2c2d7aed8b928b066dc319e1197e5ddfc4868653180e61ae804738;https://www.sec.gov/Archives/edgar/data/1800392/000182912626009463/microalgo_6k.htm|sha256=e6758fa210a3063e049e0dd81d10c95052f6e672cae7eb2aab64c0eb6b4cb805;https://www.sec.gov/Archives/edgar/data/1800392/000182912626009463/microalgo_ex99-1.htm|sha256=75f23f891c26ecbf75929a29b34149cebb8ac9058895f07f324b9d857ff970af;https://www.sec.gov/Archives/edgar/data/1800392/000182912626009463/microalgo_ex99-2.htm|sha256=0393ad0b231803bef23e87b1061f75e98c6ff76841badea8c4f6a50edc63c3a7,2026-10-06T17:20:39.752325+00:00,2026-10-06T17:42:20.712456+00:00
HOLO,1043,2026,Q2,2026-06-30,NOT_FOUND,NULL,INSIDE,0001841209,MicroCloud Hologram Inc.,Cayman Islands,Form 6-K reporting issuer,FOREIGN_6K_CONTENT_NOT_VERIFIED,NO_ITEM_2_02_FOUND,NO,0,2026-10-05T06:49:56Z,2026-08-27,6-K|2026-08-27T13:00:41.000Z|0001829126-26-009388|report=2026-06-30|items=,6-K,0001829126-26-009388,2026-08-27T13:00:41.000Z,2026-08-27 09:00:41,America/New_York,2026-08-27T13:00:41Z,MATCH,https://www.sec.gov/Archives/edgar/data/1841209/000182912626009388/microcloud_6k.htm,NONE_EXACT_QUARTER,https://www.sec.gov/Archives/edgar/data/1841209/000182912626009388/microcloud_ex99-2.htm;https://www.sec.gov/Archives/edgar/data/1841209/000182912626009388/microcloud_ex99-1.htm,FULL_PERIOD_RESULTS,PROVEN_CANONICAL_CONSOLIDATED_ISSUER,H1_OR_FY_ONLY;NO_EXPLICIT_TARGET_QUARTER_INCOME,0,WRONG_PERIOD,NO,NULL,NONE,NO_UNIQUE_EXACT_QUARTER_AUTHORITY,YES_FOR_6K,NOT_FORCED;REQUIRES_SOURCE_POLICY_EXTENSION,NO,"Ex99.1/99.2 have six-month income only; no explicit Q2 revenue-and-net-income package. Ordinary Class A shares, not ADS.",1047,CLASS_A_ORDINARY_SHARES,NO,ADR Common Stock Primary Class,1043,MicroCloud Hologram Inc.,MicroCloud Hologram Inc. (consolidated reporting group),PROVEN_OFFICIAL_SECURITY_DESCRIPTION_AND_CANONICAL_COMPANY_CIK,0001841209,YES_CONSOLIDATED_GROUP;NOT_DEPOSITARY_BANK,PROVIDER_SECURITY_TYPE_CONFLICT;official documents establish security type;no production correction,https://www.sec.gov/Archives/edgar/data/1841209/000182912626002773/microcloud_20f.htm,,NO_EXACT_ISSUER_TIME_PROPOSED,2026-06-30,2026-10-06,1,6-K|0001829126-26-009388|2026-08-27T13:00:41.000Z|2026-08-27T13:00:41Z|MATCH|https://www.sec.gov/Archives/edgar/data/1841209/000182912626009388/microcloud_6k.htm,https://www.sec.gov/Archives/edgar/data/1841209/000182912626002773/microcloud_20f.htm|sha256=8536995263f337d0fce9dd9145f46be37e5783bce0946ce5a0a34c3e876dbbd8;https://www.sec.gov/Archives/edgar/data/1841209/000182912626009388/0001829126-26-009388-index.html|sha256=a595480f29e9b7bd32f7dc625510ecd55efa533d3a37c4045f62e1c828e48ff9;https://www.sec.gov/Archives/edgar/data/1841209/000182912626009388/microcloud_6k.htm|sha256=21901aca8622564a7ed24f599e595bcc6157c88ca0ffca0659849e4efe0a4b99;https://www.sec.gov/Archives/edgar/data/1841209/000182912626009388/microcloud_ex99-1.htm|sha256=3e081f8a74f5274ce6aec2577bd20581d4d628f8ac2ce06074bba12b50589311;https://www.sec.gov/Archives/edgar/data/1841209/000182912626009388/microcloud_ex99-2.htm|sha256=ea2e0b1bcd2b08080d2487ea5a511767f39ad85bd6ac74fa24c4dbea872b4896,2026-10-06T17:20:41.026182+00:00,2026-10-06T17:42:21.041428+00:00
NEGG,1525,2026,Q2,2026-06-30,NOT_FOUND,NULL,INSIDE,0001474627,"Newegg Commerce, Inc.","Virgin Islands, British",Form 6-K reporting issuer,FOREIGN_6K_CONTENT_NOT_VERIFIED,NO_ITEM_2_02_FOUND,NO,0,2026-10-05T06:50:10Z,2026-08-27,6-K|2026-09-14T21:31:48.000Z|0001213900-26-099797|report=2026-09-14|items=;6-K|2026-08-27T20:30:01.000Z|0001213900-26-094402|report=2026-08-27|items=,6-K,0001213900-26-094402,2026-08-27T20:30:01.000Z,2026-08-27 16:30:01,America/New_York,2026-08-27T20:30:01Z,MATCH,https://www.sec.gov/Archives/edgar/data/1474627/000121390026094402/ea0300453-6k_newegg.htm,https://www.sec.gov/Archives/edgar/data/1474627/000121390026094402/ea030045301ex99-1.htm,https://www.sec.gov/Archives/edgar/data/1474627/000121390026094402/ea030045301ex99-1.htm,FULL_PERIOD_RESULTS,PROVEN_CANONICAL_CONSOLIDATED_ISSUER,EXPLICIT_QUARTER,1,FOREIGN_SEC_UNIQUE_REQUIRES_SOURCE_POLICY_EXTENSION,NO,2026-08-27T20:30:01Z,PROPOSED_REVIEWED_FORM_6K_ACCEPTANCE,PROVEN_EVIDENCE;SOURCE_NOT_AUTHORIZED,YES_FOR_6K,NOT_FORCED;REQUIRES_SOURCE_POLICY_EXTENSION,NO,"Ex99.1: explicit Q2 consolidated revenue and GAAP net income USD2.2m. Common shares, not ADS; do not confuse controlling shareholder with reporting perimeter.",1534,COMMON_OR_ORDINARY_SHARES,NO,ADR Common Stock,1525,"Newegg Commerce, Inc.","Newegg Commerce, Inc. (consolidated reporting group)",PROVEN_OFFICIAL_SECURITY_DESCRIPTION_AND_CANONICAL_COMPANY_CIK,0001474627,YES_CONSOLIDATED_GROUP;NOT_DEPOSITARY_BANK,PROVIDER_SECURITY_TYPE_CONFLICT;official documents establish security type;no production correction,https://www.sec.gov/Archives/edgar/data/1474627/000121390026048633/ea0286017-20f_newegg.htm,,NO_EXACT_ISSUER_TIME_PROPOSED,2026-06-30,2026-10-06,2,6-K|0001213900-26-099797|2026-09-14T21:31:48.000Z|2026-09-14T21:31:48Z|MATCH|https://www.sec.gov/Archives/edgar/data/1474627/000121390026099797/ea0305489-6k_newegg.htm;6-K|0001213900-26-094402|2026-08-27T20:30:01.000Z|2026-08-27T20:30:01Z|MATCH|https://www.sec.gov/Archives/edgar/data/1474627/000121390026094402/ea0300453-6k_newegg.htm,https://www.sec.gov/Archives/edgar/data/1474627/000121390026048633/ea0286017-20f_newegg.htm|sha256=772a326a2826914890408f4eff18e0fe02b22d20694c3842de063c893fb7ab26;https://www.sec.gov/Archives/edgar/data/1474627/000121390026094402/0001213900-26-094402-index.html|sha256=200bbfb6e7c3afe3dfbfee3dc177e7b7c4a9af2a68e1fdef8c1226416659a6a0;https://www.sec.gov/Archives/edgar/data/1474627/000121390026094402/ea0300453-6k_newegg.htm|sha256=9eb14f4ec789b1d1bb2aff6b3113317fe2dd9c1a6c8effd0884abbfc209116bf;https://www.sec.gov/Archives/edgar/data/1474627/000121390026094402/ea030045301ex99-1.htm|sha256=1157c45a2f5395a91abaae180ae8807a09b689b22fa0c3c01d45a8de1a83c92a,2026-10-06T17:20:42.939642+00:00,2026-10-06T17:42:21.361640+00:00
SCNI,1965,2026,Q2,2026-06-30,NOT_FOUND,NULL,INSIDE,0001611747,Scinai Immunotherapeutics Ltd.,Israel,Form 6-K reporting issuer,FOREIGN_6K_CONTENT_NOT_VERIFIED,NO_ITEM_2_02_FOUND,NO,0,2026-10-05T06:50:23Z,2026-08-26,6-K|2026-09-21T11:00:14.000Z|0001213900-26-101636|report=2026-09-21|items=;6-K|2026-09-08T13:54:36.000Z|0001213900-26-097891|report=2026-09-08|items=;6-K|2026-08-26T12:13:36.000Z|0001213900-26-093738|report=2026-06-30|items=;6-K|2026-08-19T13:25:01.000Z|0001213900-26-091445|report=2026-08-19|items=,6-K,0001213900-26-093738,2026-08-26T12:13:36.000Z,2026-08-26 08:13:36,America/New_York,2026-08-26T12:13:36Z,MATCH,https://www.sec.gov/Archives/edgar/data/1611747/000121390026093738/ea0302364-6k_scinai.htm,NONE_EXACT_QUARTER,https://www.sec.gov/Archives/edgar/data/1611747/000121390026093738/ea030236401ex99-1.htm;https://www.sec.gov/Archives/edgar/data/1611747/000121390026093738/ea030236401ex99-3.htm;https://www.sec.gov/Archives/edgar/data/1611747/000121390026093738/ea030236401ex99-2.htm,FULL_PERIOD_RESULTS,PROVEN_CANONICAL_CONSOLIDATED_ISSUER,H1_OR_FY_ONLY;NO_EXPLICIT_TARGET_QUARTER_INCOME,0,WRONG_PERIOD,NO,NULL,NONE,NO_UNIQUE_EXACT_QUARTER_AUTHORITY,YES_FOR_6K,NOT_FORCED;REQUIRES_SOURCE_POLICY_EXTENSION,NO,"August24 release and Ex99.2/99.3 describe H1 results only. ADS-ratio change filing 0001213900-26-091445 is a technical depositary matter, not earnings.",1975,AMERICAN_DEPOSITARY_SHARES,YES,Domestic Common Stock Primary Class,1965,Scinai Immunotherapeutics Ltd.,Scinai Immunotherapeutics Ltd. (consolidated reporting group),PROVEN_OFFICIAL_SECURITY_DESCRIPTION_AND_CANONICAL_COMPANY_CIK,0001611747,YES_CONSOLIDATED_GROUP;NOT_DEPOSITARY_BANK,PROVIDER_SECURITY_TYPE_CONFLICT;official documents establish security type;no production correction,https://www.sec.gov/Archives/edgar/data/1611747/000121390026038011/ea0283609-20f_scinai.htm,,NO_EXACT_ISSUER_TIME_PROPOSED,2026-06-30,2026-10-06,4,6-K|0001213900-26-101636|2026-09-21T11:00:14.000Z|2026-09-21T11:00:14Z|MATCH|https://www.sec.gov/Archives/edgar/data/1611747/000121390026101636/ea0306058-6k_scinai.htm;6-K|0001213900-26-097891|2026-09-08T13:54:36.000Z|2026-09-08T13:54:36Z|MATCH|https://www.sec.gov/Archives/edgar/data/1611747/000121390026097891/ea0304833-6k_scinai.htm;6-K|0001213900-26-093738|2026-08-26T12:13:36.000Z|2026-08-26T12:13:36Z|MATCH|https://www.sec.gov/Archives/edgar/data/1611747/000121390026093738/ea0302364-6k_scinai.htm;6-K|0001213900-26-091445|2026-08-19T13:25:01.000Z|2026-08-19T13:25:01Z|MATCH|https://www.sec.gov/Archives/edgar/data/1611747/000121390026091445/ea0302675-6k_scinai.htm,https://www.sec.gov/Archives/edgar/data/1611747/000121390026038011/ea0283609-20f_scinai.htm|sha256=f43ff9ec9ccabd09eb4ce52db80922a2d41a5d8b22bd346d6ea510a4aab438e6;https://www.sec.gov/Archives/edgar/data/1611747/000121390026093738/0001213900-26-093738-index.html|sha256=c447e6d9e83eff41021e237eeddc3fd5d0802c184240efc3f71cfa521c58f213;https://www.sec.gov/Archives/edgar/data/1611747/000121390026093738/ea0302364-6k_scinai.htm|sha256=094a3b69c96939ac19a5c452b6f23b19671dcd85abd29980a8e5fd955d232d2e;https://www.sec.gov/Archives/edgar/data/1611747/000121390026093738/ea030236401ex99-1.htm|sha256=e2a8765560274949c1ae81f728c614b46bfd6ed44a5c1721c1214192246a3fee;https://www.sec.gov/Archives/edgar/data/1611747/000121390026093738/ea030236401ex99-2.htm|sha256=ac33a46021a5626932c46173fe2684cdc7ea94f4e01dcfa03ab93f7822a191c0;https://www.sec.gov/Archives/edgar/data/1611747/000121390026093738/ea030236401ex99-3.htm|sha256=a6113f05d1db720e0e303efb63247242bf1158f4ec5fb3bb5e09b63d868772ff,2026-10-06T17:20:46.412328+00:00,2026-10-06T17:42:21.693019+00:00
BABA,2465,2027,Q1,2026-06-30,NOT_FOUND,NULL,INSIDE,0001577552,Alibaba Group Holding Ltd,Hong Kong,Form 6-K reporting issuer,FOREIGN_6K_CONTENT_NOT_VERIFIED,NO_ITEM_2_02_FOUND,NO,0,2026-10-05T06:50:37Z,2026-08-20,6-K|2026-09-29T20:01:16.000Z|0001104659-26-111915|report=2026-09-29|items=;6-K|2026-09-22T20:01:30.000Z|0001104659-26-109625|report=2026-09-22|items=;6-K|2026-09-04T10:35:44.000Z|0001104659-26-105208|report=2026-09-04|items=;6-K|2026-08-26T11:25:53.000Z|0001193125-26-365894|report=2026-08-26|items=;6-K|2026-08-26T10:18:09.000Z|0001104659-26-101020|report=2026-08-26|items=;6-K|2026-08-24T10:24:15.000Z|0001104659-26-099873|report=2026-08-24|items=;6-K|2026-08-24T10:05:32.000Z|0001193125-26-361715|report=2026-08-24|items=;6-K|2026-08-20T20:05:09.000Z|0001104659-26-099220|report=2026-08-20|items=;6-K|2026-08-14T10:02:25.000Z|0001104659-26-096226|report=2026-08-14|items=;6-K|2026-08-07T10:03:29.000Z|0001104659-26-092284|report=2026-08-07|items=;6-K|2026-08-06T20:06:18.000Z|0001104659-26-091990|report=2026-08-06|items=;6-K|2026-08-06T12:53:35.000Z|0001193125-26-336936|report=2026-08-06|items=,6-K,0001104659-26-099220,2026-08-21T00:05:09.000Z,2026-08-20 16:05:09,America/New_York,2026-08-20T20:05:09Z,MISMATCH_REVIEW,https://www.sec.gov/Archives/edgar/data/1577552/000110465926099220/tm2623667d1_6k.htm,https://www.sec.gov/Archives/edgar/data/1577552/000110465926099220/tm2623667d1_ex99-1.htm,https://www.sec.gov/Archives/edgar/data/1577552/000110465926099220/tm2623667d1_ex99-1.htm,FULL_PERIOD_RESULTS,PROVEN_CANONICAL_CONSOLIDATED_ISSUER,EXPLICIT_QUARTER,1,FOREIGN_SEC_UNIQUE_REQUIRES_SOURCE_POLICY_EXTENSION,NO,NULL,PROPOSED_REVIEWED_FORM_6K_ACCEPTANCE,TIMESTAMP_CONFLICT_REVIEW,YES_FOR_6K,NOT_FORCED;REQUIRES_SOURCE_POLICY_EXTENSION,NO,"Explicit June quarter FY2027 Q1: revenue RMB268953m and net income RMB10444m. Parent group consolidated results, not a subsidiary. Fresh metadata acceptance differs from index/full submission by four hours: timestamp held for review.",2477,AMERICAN_DEPOSITARY_SHARES,YES,ADR Common Stock,2465,Alibaba Group Holding Ltd,Alibaba Group Holding Ltd (consolidated reporting group),PROVEN_OFFICIAL_SECURITY_DESCRIPTION_AND_CANONICAL_COMPANY_CIK,0001577552,YES_CONSOLIDATED_GROUP;NOT_DEPOSITARY_BANK,,https://www.sec.gov/Archives/edgar/data/1577552/000119312526231755/baba-20260331.htm,,NO_EXACT_ISSUER_TIME_PROPOSED,2026-06-30,2026-10-06,16,6-K|0001104659-26-111915|2026-09-30T00:01:16.000Z|2026-09-29T20:01:16Z|MISMATCH_REVIEW|https://www.sec.gov/Archives/edgar/data/1577552/000110465926111915/tm2626567d1_6k.htm;6-K|0001104659-26-109625|2026-09-23T00:01:30.000Z|2026-09-22T20:01:30Z|MISMATCH_REVIEW|https://www.sec.gov/Archives/edgar/data/1577552/000110465926109625/tm2625915d1_6k.htm;6-K|0001104659-26-105208|2026-09-04T14:35:44.000Z|2026-09-04T10:35:44Z|MISMATCH_REVIEW|https://www.sec.gov/Archives/edgar/data/1577552/000110465926105208/tm2624818d1_6k.htm;6-K|0001193125-26-365894|2026-08-26T15:25:53.000Z|2026-08-26T11:25:53Z|MISMATCH_REVIEW|https://www.sec.gov/Archives/edgar/data/1577552/000119312526365894/project_turing_closing.htm;6-K|0001104659-26-101020|2026-08-26T14:18:09.000Z|2026-08-26T10:18:09Z|MISMATCH_REVIEW|https://www.sec.gov/Archives/edgar/data/1577552/000110465926101020/tm2624074d1_6k.htm;6-K|0001104659-26-099873|2026-08-24T14:24:15.000Z|2026-08-24T10:24:15Z|MISMATCH_REVIEW|https://www.sec.gov/Archives/edgar/data/1577552/000110465926099873/tm2623867d1_6k.htm;6-K|0001193125-26-361715|2026-08-24T14:05:32.000Z|2026-08-24T10:05:32Z|MISMATCH_REVIEW|https://www.sec.gov/Archives/edgar/data/1577552/000119312526361715/project_turing_launch__p.htm;6-K|0001104659-26-099220|2026-08-21T00:05:09.000Z|2026-08-20T20:05:09Z|MISMATCH_REVIEW|https://www.sec.gov/Archives/edgar/data/1577552/000110465926099220/tm2623667d1_6k.htm;6-K|0001104659-26-096226|2026-08-14T14:02:25.000Z|2026-08-14T10:02:25Z|MISMATCH_REVIEW|https://www.sec.gov/Archives/edgar/data/1577552/000110465926096226/tm2623260d1_6k.htm;6-K|0001104659-26-092284|2026-08-07T14:03:29.000Z|2026-08-07T10:03:29Z|MISMATCH_REVIEW|https://www.sec.gov/Archives/edgar/data/1577552/000110465926092284/tm2622555d1_6k.htm;6-K|0001104659-26-091990|2026-08-07T00:06:18.000Z|2026-08-06T20:06:18Z|MISMATCH_REVIEW|https://www.sec.gov/Archives/edgar/data/1577552/000110465926091990/tm2622423d1_6k.htm;6-K|0001193125-26-336936|2026-08-06T16:53:35.000Z|2026-08-06T12:53:35Z|MISMATCH_REVIEW|https://www.sec.gov/Archives/edgar/data/1577552/000119312526336936/agm_2026.htm;6-K|0001104659-26-085556|2026-07-22T14:09:42.000Z|2026-07-22T10:09:42Z|MISMATCH_REVIEW|https://www.sec.gov/Archives/edgar/data/1577552/000110465926085556/tm2620968d1_6k.htm;6-K|0001104659-26-082647|2026-07-11T00:01:31.000Z|2026-07-10T20:01:31Z|MISMATCH_REVIEW|https://www.sec.gov/Archives/edgar/data/1577552/000110465926082647/tm2619929d1_6k.htm;6-K|0001104659-26-081265|2026-07-08T00:01:01.000Z|2026-07-07T20:01:01Z|MISMATCH_REVIEW|https://www.sec.gov/Archives/edgar/data/1577552/000110465926081265/tm2619926d1_6k.htm;6-K|0001104659-26-080528|2026-07-06T14:07:22.000Z|2026-07-06T10:07:22Z|MISMATCH_REVIEW|https://www.sec.gov/Archives/edgar/data/1577552/000110465926080528/tm2619283d1_6k.htm,https://www.sec.gov/Archives/edgar/data/1577552/000110465926099220/0001104659-26-099220-index.html|sha256=a5059f0b2b457af8e97557006040b6a5ee23b10963f9352674a92ae9275f81a7;https://www.sec.gov/Archives/edgar/data/1577552/000110465926099220/tm2623667d1_6k.htm|sha256=86e938a9c207d4c2de1910c345ff43d05ff17a6b315f3b9ff9e1c9879a135b98;https://www.sec.gov/Archives/edgar/data/1577552/000110465926099220/tm2623667d1_ex99-1.htm|sha256=7e758933e8865700491044dee1a9dc32f2b59af555ca21d63e23319771577966;https://www.sec.gov/Archives/edgar/data/1577552/000119312526231755/baba-20260331.htm|sha256=c150d58b97130e190c22b6d6d305e7861e7d2100f1c5032674cf69890e0ca6a6;https://www.sec.gov/Archives/edgar/data/1577552/000110465926099220/0001104659-26-099220.txt|sha256=b5950155a7411de4edcdca8ee08080bf5b8e6bc81ae81cd1d64576039975482d,2026-10-06T17:20:56.408411+00:00,2026-10-06T17:42:22.130484+00:00
BHP,2466,2026,Q4,2026-06-30,NOT_FOUND,NULL,INSIDE,0000811809,BHP Group Ltd,Australia,Form 6-K reporting issuer,FOREIGN_6K_CONTENT_NOT_VERIFIED,NO_ITEM_2_02_FOUND,NO,0,2026-10-05T06:50:37Z,2026-08-18,6-K|2026-09-16T10:16:09.000Z|0001193125-26-392490|report=2026-09-16|items=;6-K|2026-09-15T10:01:08.000Z|0001193125-26-391223|report=2026-09-15|items=;6-K|2026-09-14T13:33:57.000Z|0001193125-26-389942|report=2026-09-14|items=;6-K|2026-09-04T22:44:59.000Z|0001193125-26-383926|report=2026-09-04|items=;6-K|2026-08-28T10:02:37.000Z|0001193125-26-371991|report=2026-08-28|items=;6-K|2026-08-25T22:44:27.000Z|0001193125-26-365512|report=2026-08-25|items=;6-K|2026-08-18T22:55:20.000Z|0001193125-26-355840|report=2026-08-18|items=;20-F|2026-08-18T10:06:03.000Z|0001193125-26-354647|report=2026-06-30|items=;6-K|2026-07-17T10:28:25.000Z|0001193125-26-306705|report=2026-07-16|items=;6-K|2026-07-01T12:13:26.000Z|0001193125-26-291598|report=2026-07-01|items=;6-K|2026-07-01T12:12:46.000Z|0001193125-26-291596|report=2026-07-01|items=;6-K|2026-06-30T21:21:28.000Z|0001193125-26-290837|report=2026-06-30|items=,6-K,0001193125-26-355840,2026-08-18T22:55:20.000Z,2026-08-18 18:55:20,America/New_York,2026-08-18T22:55:20Z,MATCH,https://www.sec.gov/Archives/edgar/data/811809/000119312526355840/d54971d6k.htm,NONE_EXACT_QUARTER,,FULL_PERIOD_RESULTS,PROVEN_CANONICAL_CONSOLIDATED_ISSUER,H1_OR_FY_ONLY;NO_EXPLICIT_TARGET_QUARTER_INCOME,0,WRONG_PERIOD,NO,NULL,NONE,NO_UNIQUE_EXACT_QUARTER_AUTHORITY,YES_FOR_6K,NOT_FORCED;REQUIRES_SOURCE_POLICY_EXTENSION,NO,"Annual results for FY2026 only; 20-F corroborates FY income, not Q4. July operational review has quarterly production volumes, not Q4 revenue/net income. August18 08:30 AEST annual release is not Q4 authority.",2478,AMERICAN_DEPOSITARY_SHARES,YES,ADR Common Stock Primary Class,2466,BHP Group Ltd,BHP Group Ltd (consolidated reporting group),PROVEN_OFFICIAL_SECURITY_DESCRIPTION_AND_CANONICAL_COMPANY_CIK,0000811809,YES_CONSOLIDATED_GROUP;NOT_DEPOSITARY_BANK,,https://www.sec.gov/Archives/edgar/data/811809/000119312526354647/bhp-20260630.htm,,NO_EXACT_ISSUER_TIME_PROPOSED,2026-06-30,2026-10-06,12,6-K|0001193125-26-392490|2026-09-16T10:16:09.000Z|2026-09-16T10:16:09Z|MATCH|https://www.sec.gov/Archives/edgar/data/811809/000119312526392490/d150671d6k.htm;6-K|0001193125-26-391223|2026-09-15T10:01:08.000Z|2026-09-15T10:01:08Z|MATCH|https://www.sec.gov/Archives/edgar/data/811809/000119312526391223/d854780d6k.htm;6-K|0001193125-26-389942|2026-09-14T13:33:57.000Z|2026-09-14T13:33:57Z|MATCH|https://www.sec.gov/Archives/edgar/data/811809/000119312526389942/d98674d6k.htm;6-K|0001193125-26-383926|2026-09-04T22:44:59.000Z|2026-09-04T22:44:59Z|MATCH|https://www.sec.gov/Archives/edgar/data/811809/000119312526383926/d110944d6k.htm;6-K|0001193125-26-371991|2026-08-28T10:02:37.000Z|2026-08-28T10:02:37Z|MATCH|https://www.sec.gov/Archives/edgar/data/811809/000119312526371991/d111252d6k.htm;6-K|0001193125-26-365512|2026-08-25T22:44:27.000Z|2026-08-25T22:44:27Z|MATCH|https://www.sec.gov/Archives/edgar/data/811809/000119312526365512/d432078d6k.htm;6-K|0001193125-26-355840|2026-08-18T22:55:20.000Z|2026-08-18T22:55:20Z|MATCH|https://www.sec.gov/Archives/edgar/data/811809/000119312526355840/d54971d6k.htm;20-F|0001193125-26-354647|2026-08-18T10:06:03.000Z|2026-08-18T10:06:03Z|MATCH|https://www.sec.gov/Archives/edgar/data/811809/000119312526354647/bhp-20260630.htm;6-K|0001193125-26-306705|2026-07-17T10:28:25.000Z|2026-07-17T10:28:25Z|MATCH|https://www.sec.gov/Archives/edgar/data/811809/000119312526306705/d212012d6k.htm;6-K|0001193125-26-291598|2026-07-01T12:13:26.000Z|2026-07-01T12:13:26Z|MATCH|https://www.sec.gov/Archives/edgar/data/811809/000119312526291598/d103936d6k.htm;6-K|0001193125-26-291596|2026-07-01T12:12:46.000Z|2026-07-01T12:12:46Z|MATCH|https://www.sec.gov/Archives/edgar/data/811809/000119312526291596/d30780d6k.htm;6-K|0001193125-26-290837|2026-06-30T21:21:28.000Z|2026-06-30T21:21:28Z|MATCH|https://www.sec.gov/Archives/edgar/data/811809/000119312526290837/d136828d6k.htm,https://www.sec.gov/Archives/edgar/data/811809/000119312526354647/bhp-20260630.htm|sha256=1d36ab6cc2f5ee565d56188cc329cc0546ad81942ce82bda1f7d6689b85d43f9;https://www.sec.gov/Archives/edgar/data/811809/000119312526355840/0001193125-26-355840-index.html|sha256=85529bfad616b31d5540848a291a89dc3c2d4441d9679d7db657d9e0e13f302e;https://www.sec.gov/Archives/edgar/data/811809/000119312526355840/d54971d6k.htm|sha256=7df4b4ab1a2b17b48a6114a1c724ce7aef25a16a00c49cb4b0cba326ff831c5e,2026-10-06T17:21:10.771527+00:00,2026-10-06T17:21:11.809348+00:00
BIDU,2467,2026,Q2,2026-06-30,NOT_FOUND,NULL,INSIDE,0001329099,"Baidu, Inc.",Cayman Islands,Form 6-K reporting issuer,FOREIGN_6K_CONTENT_NOT_VERIFIED,NO_ITEM_2_02_FOUND,NO,0,2026-10-05T06:50:37Z,2026-08-18,6-K|2026-10-01T10:30:27.000Z|0001193125-26-409756|report=2026-10-01|items=;6-K|2026-09-30T10:30:18.000Z|0001193125-26-408259|report=2026-09-30|items=;6-K|2026-09-29T10:31:10.000Z|0001193125-26-405930|report=2026-09-29|items=;6-K|2026-09-28T11:11:26.000Z|0001193125-26-403371|report=2026-09-28|items=;6-K|2026-09-25T10:31:02.000Z|0001193125-26-401534|report=2026-09-25|items=;6-K|2026-09-24T10:32:40.000Z|0001193125-26-400108|report=2026-09-24|items=;6-K|2026-09-23T10:30:20.000Z|0001193125-26-398460|report=2026-09-23|items=;6-K|2026-09-22T10:34:11.000Z|0001193125-26-397206|report=2026-09-22|items=;6-K|2026-09-21T10:30:49.000Z|0001193125-26-396029|report=2026-09-21|items=;6-K|2026-09-18T10:32:40.000Z|0001193125-26-395019|report=2026-09-18|items=;6-K|2026-09-17T20:01:41.000Z|0001193125-26-394299|report=2026-09-17|items=;6-K|2026-09-17T10:32:48.000Z|0001193125-26-393691|report=2026-09-17|items=,6-K,0001193125-26-355431,2026-08-19T00:08:11.000Z,2026-08-18 16:08:11,America/New_York,2026-08-18T20:08:11Z,MISMATCH_REVIEW,https://www.sec.gov/Archives/edgar/data/1329099/000119312526355431/d112854d6k.htm,https://www.sec.gov/Archives/edgar/data/1329099/000119312526355431/d112854dex991.htm,https://www.sec.gov/Archives/edgar/data/1329099/000119312526355431/d112854dex991.htm,FULL_PERIOD_RESULTS,PROVEN_CANONICAL_CONSOLIDATED_ISSUER,EXPLICIT_QUARTER,1,FOREIGN_SEC_UNIQUE_REQUIRES_SOURCE_POLICY_EXTENSION,NO,NULL,PROPOSED_REVIEWED_FORM_6K_ACCEPTANCE,TIMESTAMP_CONFLICT_REVIEW,YES_FOR_6K,NOT_FORCED;REQUIRES_SOURCE_POLICY_EXTENSION,NO,Ex99.1: explicit Q2 consolidated revenue and GAAP attributable net income RMB2.3bn. September interim report has H1-only income. Fresh metadata acceptance differs from index/full submission by four hours: timestamp held for review.,2479,AMERICAN_DEPOSITARY_SHARES,YES,ADR Common Stock,2467,"Baidu, Inc.","Baidu, Inc. (consolidated reporting group)",PROVEN_OFFICIAL_SECURITY_DESCRIPTION_AND_CANONICAL_COMPANY_CIK,0001329099,YES_CONSOLIDATED_GROUP;NOT_DEPOSITARY_BANK,,https://www.sec.gov/Archives/edgar/data/1329099/000119312526109289/d38065d20f.htm,,NO_EXACT_ISSUER_TIME_PROPOSED,2026-06-30,2026-10-06,30,6-K|0001193125-26-409756|2026-10-01T14:30:27.000Z|2026-10-01T10:30:27Z|MISMATCH_REVIEW|https://www.sec.gov/Archives/edgar/data/1329099/000119312526409756/d110370d6k.htm;6-K|0001193125-26-408259|2026-09-30T14:30:18.000Z|2026-09-30T10:30:18Z|MISMATCH_REVIEW|https://www.sec.gov/Archives/edgar/data/1329099/000119312526408259/d44191d6k.htm;6-K|0001193125-26-405930|2026-09-29T14:31:10.000Z|2026-09-29T10:31:10Z|MISMATCH_REVIEW|https://www.sec.gov/Archives/edgar/data/1329099/000119312526405930/d149776d6k.htm;6-K|0001193125-26-403371|2026-09-28T15:11:26.000Z|2026-09-28T11:11:26Z|MISMATCH_REVIEW|https://www.sec.gov/Archives/edgar/data/1329099/000119312526403371/d181948d6k.htm;6-K|0001193125-26-401534|2026-09-25T14:31:02.000Z|2026-09-25T10:31:02Z|MISMATCH_REVIEW|https://www.sec.gov/Archives/edgar/data/1329099/000119312526401534/d174785d6k.htm;6-K|0001193125-26-400108|2026-09-24T14:32:40.000Z|2026-09-24T10:32:40Z|MISMATCH_REVIEW|https://www.sec.gov/Archives/edgar/data/1329099/000119312526400108/d532041d6k.htm;6-K|0001193125-26-398460|2026-09-23T14:30:20.000Z|2026-09-23T10:30:20Z|MISMATCH_REVIEW|https://www.sec.gov/Archives/edgar/data/1329099/000119312526398460/d125826d6k.htm;6-K|0001193125-26-397206|2026-09-22T14:34:11.000Z|2026-09-22T10:34:11Z|MISMATCH_REVIEW|https://www.sec.gov/Archives/edgar/data/1329099/000119312526397206/d47428d6k.htm;6-K|0001193125-26-396029|2026-09-21T14:30:49.000Z|2026-09-21T10:30:49Z|MISMATCH_REVIEW|https://www.sec.gov/Archives/edgar/data/1329099/000119312526396029/d72390d6k.htm;6-K|0001193125-26-395019|2026-09-18T14:32:40.000Z|2026-09-18T10:32:40Z|MISMATCH_REVIEW|https://www.sec.gov/Archives/edgar/data/1329099/000119312526395019/d112631d6k.htm;6-K|0001193125-26-394299|2026-09-18T00:01:41.000Z|2026-09-17T20:01:41Z|MISMATCH_REVIEW|https://www.sec.gov/Archives/edgar/data/1329099/000119312526394299/d152888d6k.htm;6-K|0001193125-26-393691|2026-09-17T14:32:48.000Z|2026-09-17T10:32:48Z|MISMATCH_REVIEW|https://www.sec.gov/Archives/edgar/data/1329099/000119312526393691/d137536d6k.htm;6-K|0001193125-26-392507|2026-09-16T15:58:23.000Z|2026-09-16T11:58:23Z|MISMATCH_REVIEW|https://www.sec.gov/Archives/edgar/data/1329099/000119312526392507/d359553d6k.htm;6-K|0001193125-26-391264|2026-09-15T14:29:52.000Z|2026-09-15T10:29:52Z|MISMATCH_REVIEW|https://www.sec.gov/Archives/edgar/data/1329099/000119312526391264/d497629d6k.htm;6-K|0001193125-26-389803|2026-09-14T14:37:15.000Z|2026-09-14T10:37:15Z|MISMATCH_REVIEW|https://www.sec.gov/Archives/edgar/data/1329099/000119312526389803/d52238d6k.htm;6-K|0001193125-26-388559|2026-09-11T14:11:35.000Z|2026-09-11T10:11:35Z|MISMATCH_REVIEW|https://www.sec.gov/Archives/edgar/data/1329099/000119312526388559/d29437d6k.htm;6-K|0001193125-26-387141|2026-09-10T14:24:17.000Z|2026-09-10T10:24:17Z|MISMATCH_REVIEW|https://www.sec.gov/Archives/edgar/data/1329099/000119312526387141/d123361d6k.htm;6-K|0001193125-26-385860|2026-09-09T14:22:32.000Z|2026-09-09T10:22:32Z|MISMATCH_REVIEW|https://www.sec.gov/Archives/edgar/data/1329099/000119312526385860/d947386d6k.htm;6-K|0001193125-26-384289|2026-09-08T14:04:31.000Z|2026-09-08T10:04:31Z|MISMATCH_REVIEW|https://www.sec.gov/Archives/edgar/data/1329099/000119312526384289/d153013d6k.htm;6-K|0001193125-26-382873|2026-09-04T16:55:49.000Z|2026-09-04T12:55:49Z|MISMATCH_REVIEW|https://www.sec.gov/Archives/edgar/data/1329099/000119312526382873/d947999d6k.htm;6-K|0001193125-26-377438|2026-09-01T14:03:42.000Z|2026-09-01T10:03:42Z|MISMATCH_REVIEW|https://www.sec.gov/Archives/edgar/data/1329099/000119312526377438/d417071d6k.htm;6-K|0001193125-26-369462|2026-08-27T14:23:03.000Z|2026-08-27T10:23:03Z|MISMATCH_REVIEW|https://www.sec.gov/Archives/edgar/data/1329099/000119312526369462/d117226d6k.htm;6-K|0001193125-26-365827|2026-08-26T14:21:44.000Z|2026-08-26T10:21:44Z|MISMATCH_REVIEW|https://www.sec.gov/Archives/edgar/data/1329099/000119312526365827/d174665d6k.htm;6-K|0001193125-26-355431|2026-08-19T00:08:11.000Z|2026-08-18T20:08:11Z|MISMATCH_REVIEW|https://www.sec.gov/Archives/edgar/data/1329099/000119312526355431/d112854d6k.htm;6-K|0001193125-26-326771|2026-07-31T15:17:31.000Z|2026-07-31T11:17:31Z|MISMATCH_REVIEW|https://www.sec.gov/Archives/edgar/data/1329099/000119312526326771/d173235d6k.htm;6-K|0001193125-26-318792|2026-07-28T14:02:39.000Z|2026-07-28T10:02:39Z|MISMATCH_REVIEW|https://www.sec.gov/Archives/edgar/data/1329099/000119312526318792/d157293d6k.htm;6-K|0001193125-26-318059|2026-07-28T00:05:09.000Z|2026-07-27T20:05:09Z|MISMATCH_REVIEW|https://www.sec.gov/Archives/edgar/data/1329099/000119312526318059/d255115d6k.htm;6-K|0001193125-26-312395|2026-07-23T00:05:17.000Z|2026-07-22T20:05:17Z|MISMATCH_REVIEW|https://www.sec.gov/Archives/edgar/data/1329099/000119312526312395/d17254d6k.htm;6-K|0001193125-26-305371|2026-07-16T14:26:43.000Z|2026-07-16T10:26:43Z|MISMATCH_REVIEW|https://www.sec.gov/Archives/edgar/data/1329099/000119312526305371/d167139d6k.htm;6-K|0001193125-26-293465|2026-07-02T15:34:32.000Z|2026-07-02T11:34:32Z|MISMATCH_REVIEW|https://www.sec.gov/Archives/edgar/data/1329099/000119312526293465/d88301d6k.htm,https://www.sec.gov/Archives/edgar/data/1329099/000119312526109289/d38065d20f.htm|sha256=2cd820cbc9055ce701a7ae236aa247a01b467c6a4ff775911ed5b8f413a4e15e;https://www.sec.gov/Archives/edgar/data/1329099/000119312526355431/0001193125-26-355431-index.html|sha256=0f39368c6832772cc5deefd55acfb1f0ecbfdf82b4d4ca32c07bc7ee0ca1f93a;https://www.sec.gov/Archives/edgar/data/1329099/000119312526355431/d112854d6k.htm|sha256=29a3b64dcf361c36bbac1197e18987854772cdb3980dc82bb2bbea58f71d1eb3;https://www.sec.gov/Archives/edgar/data/1329099/000119312526355431/d112854dex991.htm|sha256=8a0906680700a8f4f2c5fa33261e9e0245dfffb49d1b223eb86001140effa12b;https://www.sec.gov/Archives/edgar/data/1329099/000119312526355431/0001193125-26-355431.txt|sha256=25f2b3e274237bff1aed15416a4fa942f36fe3e7331a1c2ea9358f096c8ac477,2026-10-06T17:21:40.407053+00:00,2026-10-06T17:42:22.524390+00:00
VNET,2475,2026,Q2,2026-06-30,NOT_FOUND,NULL,INSIDE,0001508475,"VNET Group, Inc.","{""city"": ""Beijing"", ""country"": null, ""countryCode"": null, ""foreignStateTerritory"": null, ""isForeignLocation"": null, ""stateOrCountry"": ""F4"", ""stateOrCountryDescription"": ""China"", ""street1"": ""GUANJIE BUILDING, SOUTHEAST 1ST FLOOR"", ""street2"": ""10# JIUXIANQIAO EAST ROAD"", ""zipCode"": ""100016""}",Form 6-K reporting issuer,FOREIGN_6K_CONTENT_NOT_VERIFIED,NO_ITEM_2_02_FOUND,NO,0,2026-10-05T06:50:38Z,2026-08-18,6-K|2026-09-21T10:02:01.000Z|0001104659-26-109028|report=2026-09-21|items=;6-K|2026-08-18T10:16:34.000Z|0001104659-26-098054|report=2026-08-18|items=,6-K,0001104659-26-098054,2026-08-18T10:16:34.000Z,2026-08-18 06:16:34,America/New_York,2026-08-18T10:16:34Z,MATCH,https://www.sec.gov/Archives/edgar/data/1508475/000110465926098054/tm2623481d1_6k.htm,https://www.sec.gov/Archives/edgar/data/1508475/000110465926098054/tm2623481d1_ex99-1.htm,https://www.sec.gov/Archives/edgar/data/1508475/000110465926098054/tm2623481d1_ex99-1.htm;https://www.sec.gov/Archives/edgar/data/1508475/000110465926098054/tm2623481d1_ex99-2.htm,FULL_PERIOD_RESULTS,PROVEN_CANONICAL_CONSOLIDATED_ISSUER,EXPLICIT_QUARTER,1,FOREIGN_SEC_UNIQUE_REQUIRES_SOURCE_POLICY_EXTENSION,NO,2026-08-18T10:16:34Z,PROPOSED_REVIEWED_FORM_6K_ACCEPTANCE,PROVEN_EVIDENCE;SOURCE_NOT_AUTHORIZED,YES_FOR_6K,NOT_FORCED;REQUIRES_SOURCE_POLICY_EXTENSION,NO,"Ex99.1: Q2 consolidated revenue RMB2.78bn, GAAP net loss RMB39.747m (ordinary-shareholder loss RMB144.679m). Ex99.2 CATL cooperation is unrelated; adjusted net income is not substituted.",2487,AMERICAN_DEPOSITARY_SHARES,YES,ADR Common Stock,2475,"VNET Group, Inc.","VNET Group, Inc. (consolidated reporting group)",PROVEN_OFFICIAL_SECURITY_DESCRIPTION_AND_CANONICAL_COMPANY_CIK,0001508475,YES_CONSOLIDATED_GROUP;NOT_DEPOSITARY_BANK,,https://www.sec.gov/Archives/edgar/data/1508475/000110465926044361/vnet-20251231x20f.htm,,NO_EXACT_ISSUER_TIME_PROPOSED,2026-06-30,2026-10-06,2,6-K|0001104659-26-109028|2026-09-21T10:02:01.000Z|2026-09-21T10:02:01Z|MATCH|https://www.sec.gov/Archives/edgar/data/1508475/000110465926109028/tm2625821d1_6k.htm;6-K|0001104659-26-098054|2026-08-18T10:16:34.000Z|2026-08-18T10:16:34Z|MATCH|https://www.sec.gov/Archives/edgar/data/1508475/000110465926098054/tm2623481d1_6k.htm,https://www.sec.gov/Archives/edgar/data/1508475/000110465926044361/vnet-20251231x20f.htm|sha256=25bff55e03ac56b550edf9a7958e505e86fe76bbfcd9ca2056c79b65dc2e5829;https://www.sec.gov/Archives/edgar/data/1508475/000110465926098054/0001104659-26-098054-index.html|sha256=3793fd2e041ef941182a9f1cec657e0d58160cfd675cab9395c2b0e679df7aa1;https://www.sec.gov/Archives/edgar/data/1508475/000110465926098054/tm2623481d1_6k.htm|sha256=12699439d262462f65b23b88e74a369d8438607be7114e7ce1d44575d36a4b41;https://www.sec.gov/Archives/edgar/data/1508475/000110465926098054/tm2623481d1_ex99-1.htm|sha256=e5075ad9316246c5a490a24710ae63fbece38edc6e19ffdd3527b71e6f72230e;https://www.sec.gov/Archives/edgar/data/1508475/000110465926098054/tm2623481d1_ex99-2.htm|sha256=8d057a0852af226d0e7dbff205a73176f80952c93d1c7ae7f2f3a0fd1a435b5e,2026-10-06T17:21:52.100834+00:00,2026-10-06T17:42:22.889684+00:00
IQMX,2523,2026,Q2,2026-06-30,NOT_FOUND,NULL,INSIDE,0002113060,IQM Quantum Computers Oyj,Finland,Form 6-K reporting issuer,FOREIGN_6K_CONTENT_NOT_VERIFIED,NO_ITEM_2_02_FOUND,NO,0,2026-10-05T06:50:41Z,2026-08-18,6-K|2026-10-02T13:21:41.000Z|0001193125-26-411337|report=2026-10-02|items=;6-K|2026-08-04T11:12:58.000Z|0001193125-26-331538|report=2026-08-04|items=;6-K|2026-08-03T11:15:05.000Z|0001193125-26-329542|report=2026-08-03|items=;6-K|2026-07-20T21:28:55.000Z|0001193125-26-309105|report=2026-07-20|items=;6-K|2026-07-16T20:50:03.000Z|0001193125-26-306201|report=2026-07-16|items=;6-K|2026-07-13T13:57:10.000Z|0001193125-26-301565|report=2026-07-13|items=;6-K|2026-07-08T13:30:52.000Z|0001193125-26-298068|report=2026-07-07|items=;6-K|2026-07-01T20:03:48.000Z|0001193125-26-292513|report=2026-07-01|items=,6-K,0001193125-26-331538,2026-08-04T15:12:58.000Z,2026-08-04 07:12:58,America/New_York,2026-08-04T11:12:58Z,MISMATCH_REVIEW,https://www.sec.gov/Archives/edgar/data/2113060/000119312526331538/iqmx_6-k_q2_aug_2026_new.htm,https://www.sec.gov/Archives/edgar/data/2113060/000119312526331538/iqmx-ex99_1.htm;https://www.sec.gov/Archives/edgar/data/2113060/000119312526331538/iqmx-ex99_2.htm,https://www.sec.gov/Archives/edgar/data/2113060/000119312526331538/iqmx-ex99_1.htm;https://www.sec.gov/Archives/edgar/data/2113060/000119312526331538/iqmx-ex99_2.htm;https://www.sec.gov/Archives/edgar/data/2113060/000119312526331538/iqmx-ex99_3.htm,FULL_PERIOD_RESULTS,PROVEN_CANONICAL_CONSOLIDATED_ISSUER,EXPLICIT_QUARTER,1,ISSUER_UNIQUE_EXISTING_AUTHORITY,YES_ISSUER_SOURCE_ONLY,2026-08-04T05:00:00Z,ISSUER_EARNINGS_RELEASE,EXACT_ISSUER_TIME;HANDOFF_NOT_IMPLEMENTED,YES_FOR_6K;ISSUER_SOURCE_ALREADY_AUTHORIZED,ISSUER_CONTRACT_REVIEW_ONLY;NO_REVIEWED_ISSUER_HANDOFF,NO,"Ex99.1 and Ex99.2/official issuer report explicitly identify Q2 revenue EUR6.683m and IFRS loss EUR36.6m. Official issuer release August4 08:00 EEST supports 05:00 UTC. SEC metadata/index discrepancy is held; Ex99.3 is forward guidance. IQM consolidated operating issuer, not RAAQ predecessor or BNY depositary.",2535,AMERICAN_DEPOSITARY_SHARES,YES,ADR Common Stock Primary Class,2523,IQM Quantum Computers Oyj,IQM Quantum Computers Oyj (consolidated reporting group),PROVEN_OFFICIAL_SECURITY_DESCRIPTION_AND_CANONICAL_COMPANY_CIK,0002113060,YES_CONSOLIDATED_GROUP;NOT_DEPOSITARY_BANK,PROVIDER_FIRST_PRICE_HISTORY_PREDATES_IQM_ADS_LISTING;current underlying issuer proven;historical program validity not inferred,https://www.sec.gov/Archives/edgar/data/2113060/000119312526292513/d61136d6k.htm;https://www.sec.gov/Archives/edgar/data/2113060/000119312526292513/d61136dex991.htm;https://www.sec.gov/Archives/edgar/data/2113060/000119312526292513/d61136dex992.htm;https://www.sec.gov/Archives/edgar/data/2113060/000119312526292513/d61136dex993.htm,https://investors.iqm.tech/news-releases/news-release-details/iqm-quantum-computers-reports-first-earnings-public-company,2026-08-04 08:00 EEST,2026-06-30,2026-10-06,9,6-K|0001193125-26-414493|2026-10-06T01:28:15.000Z|2026-10-05T21:28:15Z|MISMATCH_REVIEW|https://www.sec.gov/Archives/edgar/data/2113060/000119312526414493/d177718d6k.htm;6-K|0001193125-26-411337|2026-10-02T17:21:41.000Z|2026-10-02T13:21:41Z|MISMATCH_REVIEW|https://www.sec.gov/Archives/edgar/data/2113060/000119312526411337/d104807d6k.htm;6-K|0001193125-26-331538|2026-08-04T15:12:58.000Z|2026-08-04T11:12:58Z|MISMATCH_REVIEW|https://www.sec.gov/Archives/edgar/data/2113060/000119312526331538/iqmx_6-k_q2_aug_2026_new.htm;6-K|0001193125-26-329542|2026-08-03T15:15:05.000Z|2026-08-03T11:15:05Z|MISMATCH_REVIEW|https://www.sec.gov/Archives/edgar/data/2113060/000119312526329542/d129708d6k.htm;6-K|0001193125-26-309105|2026-07-21T01:28:55.000Z|2026-07-20T21:28:55Z|MISMATCH_REVIEW|https://www.sec.gov/Archives/edgar/data/2113060/000119312526309105/d145425d6k.htm;6-K|0001193125-26-306201|2026-07-17T00:50:03.000Z|2026-07-16T20:50:03Z|MISMATCH_REVIEW|https://www.sec.gov/Archives/edgar/data/2113060/000119312526306201/d132146d6k.htm;6-K|0001193125-26-301565|2026-07-13T17:57:10.000Z|2026-07-13T13:57:10Z|MISMATCH_REVIEW|https://www.sec.gov/Archives/edgar/data/2113060/000119312526301565/d114918d6k.htm;6-K|0001193125-26-298068|2026-07-08T17:30:52.000Z|2026-07-08T13:30:52Z|MISMATCH_REVIEW|https://www.sec.gov/Archives/edgar/data/2113060/000119312526298068/d110627d6k.htm;6-K|0001193125-26-292513|2026-07-02T00:03:48.000Z|2026-07-01T20:03:48Z|MISMATCH_REVIEW|https://www.sec.gov/Archives/edgar/data/2113060/000119312526292513/d61136d6k.htm,https://www.sec.gov/Archives/edgar/data/2113060/000119312526292513/d61136d6k.htm|sha256=d7749a6a6b539a223738f50b62a3fdcecc089af6755aa4d9bc9e721d2f40c0e4;https://www.sec.gov/Archives/edgar/data/2113060/000119312526292513/d61136dex991.htm|sha256=dc408bdf5db235fadc4d06f5cbc7303e336c7d80fe4967f017b8d391517b76a0;https://www.sec.gov/Archives/edgar/data/2113060/000119312526292513/d61136dex992.htm|sha256=49e91a2867b92bd95f5d3bf569b725cde7f29567018c99ca8ba11f39d47082a1;https://www.sec.gov/Archives/edgar/data/2113060/000119312526292513/d61136dex993.htm|sha256=9d5395cc00b5e0d62f00d8114960fafffea0d2bb7b174c3bb20e00a85f8ba20f;https://www.sec.gov/Archives/edgar/data/2113060/000119312526331538/0001193125-26-331538-index.html|sha256=5d1c46c132b89eedfa2a3b0edc53bacb56d37175674d1f6e285bc09769b35c89;https://www.sec.gov/Archives/edgar/data/2113060/000119312526331538/iqmx-ex99_1.htm|sha256=3cc5e81f1758d0ecfafab7470936c6f559ff7207937746e26abb4c4ec21e982b;https://www.sec.gov/Archives/edgar/data/2113060/000119312526331538/iqmx-ex99_2.htm|sha256=12952ff2ecb477b155514e1a43b07dd6ea7e52ef288952545ae0f3a8f1a0f07e;https://www.sec.gov/Archives/edgar/data/2113060/000119312526331538/iqmx-ex99_3.htm|sha256=93ba69a98bb398d63c269e276da9152054d8899a9f563e21b5f12c647041d895;https://www.sec.gov/Archives/edgar/data/2113060/000119312526331538/iqmx_6-k_q2_aug_2026_new.htm|sha256=af6ee77e873f462bcf576c2bd06b5cdedf2013b9cbfcb20d8270b44ea6aa173d;https://www.sec.gov/Archives/edgar/data/2113060/000119312526331538/0001193125-26-331538.txt|sha256=0a39e948817668c78f685c6c9d16b26c2e079e12942ec71b18b030c409d936b4;https://ml-eu.globenewswire.com/Resource/Download/4da51a85-c7d3-4032-9fe8-54e2f86ec1d5|sha256=f2653e09fc59156eb2fa5e955e94a29b6d196267973155a85abc11c41a263e82;https://ml-eu.globenewswire.com/Resource/Download/28cdc92d-b343-41e2-af34-9a1ef5fe6f6e|sha256=8008acfe361973a3c1de4b7c1655e6e66745f3d9b0640670e74aba20b055065b,2026-10-06T17:21:56.404008+00:00,2026-10-06T17:37:43.937676+00:00
TSEM,2470,2026,Q2,2026-06-30,NOT_FOUND,NULL,INSIDE,0000928876,TOWER SEMICONDUCTOR LTD,Israel,Form 6-K reporting issuer,FOREIGN_6K_CONTENT_NOT_VERIFIED,NO_ITEM_2_02_FOUND,NO,0,2026-10-05T06:50:38Z,2026-08-17,6-K|2026-09-23T10:01:07.000Z|0001178913-26-004559|report=2026-09-23|items=;6-K|2026-09-17T10:01:14.000Z|0001178913-26-004535|report=2026-09-17|items=;6-K|2026-09-15T10:01:27.000Z|0001178913-26-004500|report=2026-09-15|items=;6-K|2026-08-17T10:01:31.000Z|0001178913-26-004158|report=2026-06-30|items=;6-K|2026-08-12T10:01:49.000Z|0001178913-26-004045|report=2026-08-12|items=;6-K|2026-08-11T10:01:02.000Z|0001178913-26-004009|report=2026-08-11|items=;6-K|2026-08-04T11:04:37.000Z|0001178913-26-003776|report=2026-08-04|items=;6-K|2026-07-14T10:00:57.000Z|0001178913-26-003477|report=2026-07-14|items=;6-K|2026-07-07T10:02:58.000Z|0001178913-26-003423|report=2026-07-07|items=;6-K|2026-07-06T20:00:19.000Z|0001178913-26-003419|report=2026-07-06|items=,6-K;6-K,0001178913-26-003776;0001178913-26-004158,2026-08-04T11:04:37.000Z;2026-08-17T10:01:31.000Z,2026-08-04 07:04:37;2026-08-17 06:01:31,America/New_York,2026-08-04T11:04:37Z;2026-08-17T10:01:31Z,MATCH;MATCH,https://www.sec.gov/Archives/edgar/data/928876/000117891326003776/zk2635828.htm;https://www.sec.gov/Archives/edgar/data/928876/000117891326004158/zk2635857.htm,https://www.sec.gov/Archives/edgar/data/928876/000117891326003776/exhibit_99-1.htm;https://www.sec.gov/Archives/edgar/data/928876/000117891326004158/exhibit_99-2.htm;https://www.sec.gov/Archives/edgar/data/928876/000117891326004158/exhibit_99-1.htm,https://www.sec.gov/Archives/edgar/data/928876/000117891326003776/exhibit_99-1.htm;https://www.sec.gov/Archives/edgar/data/928876/000117891326004158/exhibit_99-2.htm;https://www.sec.gov/Archives/edgar/data/928876/000117891326004158/exhibit_99-1.htm,FULL_PERIOD_RESULTS;FULL_PERIOD_RESULTS,PROVEN_CANONICAL_CONSOLIDATED_ISSUER,EXPLICIT_QUARTER,2,MULTIPLE_COMPETING_EVENTS,NO,NULL,NONE,NO_UNIQUE_EXACT_QUARTER_AUTHORITY,YES_FOR_6K,NOT_FORCED;REQUIRES_SOURCE_POLICY_EXTENSION,NO,August4 results and August17 statements both explicitly contain three-month Q2 revenue USD460079k and shareholder net income USD90769k. Repetition needs an approved relationship rule; no earliest/latest winner.,2482,COMMON_OR_ORDINARY_SHARES,NO,ADR Common Stock,2470,TOWER SEMICONDUCTOR LTD,TOWER SEMICONDUCTOR LTD (consolidated reporting group),PROVEN_OFFICIAL_SECURITY_DESCRIPTION_AND_CANONICAL_COMPANY_CIK,0000928876,YES_CONSOLIDATED_GROUP;NOT_DEPOSITARY_BANK,PROVIDER_SECURITY_TYPE_CONFLICT;official documents establish security type;no production correction,https://www.sec.gov/Archives/edgar/data/928876/000117891326002318/zk2635149.htm,,NO_EXACT_ISSUER_TIME_PROPOSED,2026-06-30,2026-10-06,10,6-K|0001178913-26-004559|2026-09-23T10:01:07.000Z|2026-09-23T10:01:07Z|MATCH|https://www.sec.gov/Archives/edgar/data/928876/000117891326004559/zk2636140.htm;6-K|0001178913-26-004535|2026-09-17T10:01:14.000Z|2026-09-17T10:01:14Z|MATCH|https://www.sec.gov/Archives/edgar/data/928876/000117891326004535/zk2636128.htm;6-K|0001178913-26-004500|2026-09-15T10:01:27.000Z|2026-09-15T10:01:27Z|MATCH|https://www.sec.gov/Archives/edgar/data/928876/000117891326004500/zk2636113.htm;6-K|0001178913-26-004158|2026-08-17T10:01:31.000Z|2026-08-17T10:01:31Z|MATCH|https://www.sec.gov/Archives/edgar/data/928876/000117891326004158/zk2635857.htm;6-K|0001178913-26-004045|2026-08-12T10:01:49.000Z|2026-08-12T10:01:49Z|MATCH|https://www.sec.gov/Archives/edgar/data/928876/000117891326004045/zk2635939.htm;6-K|0001178913-26-004009|2026-08-11T10:01:02.000Z|2026-08-11T10:01:02Z|MATCH|https://www.sec.gov/Archives/edgar/data/928876/000117891326004009/zk2635926.htm;6-K|0001178913-26-003776|2026-08-04T11:04:37.000Z|2026-08-04T11:04:37Z|MATCH|https://www.sec.gov/Archives/edgar/data/928876/000117891326003776/zk2635828.htm;6-K|0001178913-26-003477|2026-07-14T10:00:57.000Z|2026-07-14T10:00:57Z|MATCH|https://www.sec.gov/Archives/edgar/data/928876/000117891326003477/zk2635682.htm;6-K|0001178913-26-003423|2026-07-07T10:02:58.000Z|2026-07-07T10:02:58Z|MATCH|https://www.sec.gov/Archives/edgar/data/928876/000117891326003423/zk2635656.htm;6-K|0001178913-26-003419|2026-07-06T20:00:19.000Z|2026-07-06T20:00:19Z|MATCH|https://www.sec.gov/Archives/edgar/data/928876/000117891326003419/zk2635649.htm,https://www.sec.gov/Archives/edgar/data/928876/000117891326002318/zk2635149.htm|sha256=5cc373e94c9f061447187a48bd23461936e02f5f24caa981e0c50aad67812158;https://www.sec.gov/Archives/edgar/data/928876/000117891326003776/0001178913-26-003776-index.html|sha256=32ed5a2583975ecafdc4ef5ed0e31b76fb5ba43de552fc5d1acd77e2ae1015d6;https://www.sec.gov/Archives/edgar/data/928876/000117891326003776/exhibit_99-1.htm|sha256=bf2c32bcd13b2b3cf99105f62624b1fea7ea703d27542b3b7a06cd8c081164db;https://www.sec.gov/Archives/edgar/data/928876/000117891326003776/zk2635828.htm|sha256=0e1945ae0a9feb5c5629712ae4bbc3791332341ce29858924ba4fd069093c263;https://www.sec.gov/Archives/edgar/data/928876/000117891326004158/0001178913-26-004158-index.html|sha256=d42885f3e9f622e45aa7af4253ace4d1b155a4e3e14304d21d37041d20babd06;https://www.sec.gov/Archives/edgar/data/928876/000117891326004158/exhibit_99-1.htm|sha256=adb3bd017a18a0f5475122cdcdf69126f621c15283b7e5f9688372306cbdd8b9;https://www.sec.gov/Archives/edgar/data/928876/000117891326004158/exhibit_99-2.htm|sha256=d9d7696f6c6a1814c92ced75a72330cee5d4e84272703898fe3aa6e0e6718e26;https://www.sec.gov/Archives/edgar/data/928876/000117891326004158/zk2635857.htm|sha256=daf80330ce01cf6d239cd8dee4e052f5471733057f3a4256d1844ceb4f55dea9,2026-10-06T17:22:09.804141+00:00,2026-10-06T17:42:23.232488+00:00
TSM,2471,2026,Q2,2026-06-30,NOT_FOUND,NULL,INSIDE,0001046179,TAIWAN SEMICONDUCTOR MANUFACTURING CO LTD,"{""city"": ""HSINCHU"", ""country"": ""Taiwan"", ""countryCode"": ""F5"", ""foreignStateTerritory"": null, ""isForeignLocation"": 1, ""stateOrCountry"": null, ""stateOrCountryDescription"": null, ""street1"": ""NO. 8, LI-HSIN ROAD 6"", ""street2"": ""HSINCHU SCIENCE PARK"", ""zipCode"": null}",Form 6-K reporting issuer,FOREIGN_6K_CONTENT_NOT_VERIFIED,NO_ITEM_2_02_FOUND,NO,0,2026-10-05T06:50:38Z,2026-08-14,6-K|2026-09-24T10:02:44.000Z|0001046179-26-000660|report=2026-08-31|items=;6-K|2026-09-10T10:15:36.000Z|0001046179-26-000658|report=2026-08-31|items=;6-K|2026-09-01T10:07:38.000Z|0001046179-26-000552|report=2026-09-01|items=;6-K|2026-08-25T10:17:27.000Z|0001046179-26-000545|report=2026-07-31|items=;6-K|2026-08-14T10:02:33.000Z|0001046179-26-000541|report=2026-06-30|items=;6-K|2026-08-11T12:25:45.000Z|0001046179-26-000539|report=2026-08-11|items=;6-K|2026-08-11T11:45:48.000Z|0001046179-26-000536|report=2026-08-11|items=;6-K|2026-08-10T10:28:44.000Z|0001046179-26-000471|report=2026-07-31|items=;6-K|2026-07-24T10:33:23.000Z|0001046179-26-000459|report=2026-06-30|items=;6-K|2026-07-16T11:45:43.000Z|0001046179-26-000451|report=2026-06-30|items=;6-K|2026-07-13T11:01:35.000Z|0001046179-26-000447|report=2026-06-30|items=;6-K|2026-07-02T11:10:57.000Z|0001046179-26-000381|report=2026-07-02|items=,6-K;6-K,0001046179-26-000451;0001046179-26-000541,2026-07-16T11:45:43.000Z;2026-08-14T10:02:33.000Z,2026-07-16 07:45:43;2026-08-14 06:02:33,America/New_York,2026-07-16T11:45:43Z;2026-08-14T10:02:33Z,MATCH;MATCH,https://www.sec.gov/Archives/edgar/data/1046179/000104617926000451/tsm-20260716x6k.htm;https://www.sec.gov/Archives/edgar/data/1046179/000104617926000541/tsm-fsx20260814x6k.htm,https://www.sec.gov/Archives/edgar/data/1046179/000104617926000451/a2q26e_withguidancexfinal.htm;https://www.sec.gov/Archives/edgar/data/1046179/000104617926000451/a2q26presentatione.htm;https://www.sec.gov/Archives/edgar/data/1046179/000104617926000541/a2026q2consolidatedreport-.htm,https://www.sec.gov/Archives/edgar/data/1046179/000104617926000451/a2q26e_withguidancexfinal.htm;https://www.sec.gov/Archives/edgar/data/1046179/000104617926000451/a2q26presentatione.htm;https://www.sec.gov/Archives/edgar/data/1046179/000104617926000541/a2026q2consolidatedreport-.htm,PRELIMINARY_RESULTS;FULL_PERIOD_RESULTS,PROVEN_CANONICAL_CONSOLIDATED_ISSUER,EXPLICIT_QUARTER,2,MULTIPLE_COMPETING_EVENTS,NO,NULL,NONE,NO_UNIQUE_EXACT_QUARTER_AUTHORITY,YES_FOR_6K,NOT_FORCED;REQUIRES_SOURCE_POLICY_EXTENSION,NO,July16 earnings and August14 reviewed TIFRS financials both explicitly contain Q2 three-month income. Early release notes provisional/Board approval status; do not silently select later/final or equate different net-income perimeters.,2483,AMERICAN_DEPOSITARY_SHARES,YES,ADR Common Stock Primary Class,2471,TAIWAN SEMICONDUCTOR MANUFACTURING CO LTD,TAIWAN SEMICONDUCTOR MANUFACTURING CO LTD (consolidated reporting group),PROVEN_OFFICIAL_SECURITY_DESCRIPTION_AND_CANONICAL_COMPANY_CIK,0001046179,YES_CONSOLIDATED_GROUP;NOT_DEPOSITARY_BANK,,https://www.sec.gov/Archives/edgar/data/1046179/000162828026025362/tsm-20251231.htm;https://www.sec.gov/Archives/edgar/data/1046179/000104617926000451/tsm-20260716x6k.htm;https://www.sec.gov/Archives/edgar/data/1046179/000104617926000451/a2q26e_withguidancexfinal.htm;https://www.sec.gov/Archives/edgar/data/1046179/000104617926000451/a2q26presentatione.htm,,NO_EXACT_ISSUER_TIME_PROPOSED,2026-06-30,2026-10-06,12,6-K|0001046179-26-000660|2026-09-24T10:02:44.000Z|2026-09-24T10:02:44Z|MATCH|https://www.sec.gov/Archives/edgar/data/1046179/000104617926000660/tsm-monthend6kx20260924.htm;6-K|0001046179-26-000658|2026-09-10T10:15:36.000Z|2026-09-10T10:15:36Z|MATCH|https://www.sec.gov/Archives/edgar/data/1046179/000104617926000658/tsm-revenue20260910.htm;6-K|0001046179-26-000552|2026-09-01T10:07:38.000Z|2026-09-01T10:07:38Z|MATCH|https://www.sec.gov/Archives/edgar/data/1046179/000104617926000552/tsm-dividendadjustmentx202.htm;6-K|0001046179-26-000545|2026-08-25T10:17:27.000Z|2026-08-25T10:17:27Z|MATCH|https://www.sec.gov/Archives/edgar/data/1046179/000104617926000545/tsm-monthend6kx20260825.htm;6-K|0001046179-26-000541|2026-08-14T10:02:33.000Z|2026-08-14T10:02:33Z|MATCH|https://www.sec.gov/Archives/edgar/data/1046179/000104617926000541/tsm-fsx20260814x6k.htm;6-K|0001046179-26-000539|2026-08-11T12:25:45.000Z|2026-08-11T12:25:45Z|MATCH|https://www.sec.gov/Archives/edgar/data/1046179/000104617926000539/sonysemiconductorsolutions.htm;6-K|0001046179-26-000536|2026-08-11T11:45:48.000Z|2026-08-11T11:45:48Z|MATCH|https://www.sec.gov/Archives/edgar/data/1046179/000104617926000536/tsm-boardx20260811.htm;6-K|0001046179-26-000471|2026-08-10T10:28:44.000Z|2026-08-10T10:28:44Z|MATCH|https://www.sec.gov/Archives/edgar/data/1046179/000104617926000471/tsm-revenue20260810.htm;6-K|0001046179-26-000459|2026-07-24T10:33:23.000Z|2026-07-24T10:33:23Z|MATCH|https://www.sec.gov/Archives/edgar/data/1046179/000104617926000459/tsm-monthend6kx20260724.htm;6-K|0001046179-26-000451|2026-07-16T11:45:43.000Z|2026-07-16T11:45:43Z|MATCH|https://www.sec.gov/Archives/edgar/data/1046179/000104617926000451/tsm-20260716x6k.htm;6-K|0001046179-26-000447|2026-07-13T11:01:35.000Z|2026-07-13T11:01:35Z|MATCH|https://www.sec.gov/Archives/edgar/data/1046179/000104617926000447/tsm-revenue20260713.htm;6-K|0001046179-26-000381|2026-07-02T11:10:57.000Z|2026-07-02T11:10:57Z|MATCH|https://www.sec.gov/Archives/edgar/data/1046179/000104617926000381/a20260702changeofaztreasur.htm,https://www.sec.gov/Archives/edgar/data/1046179/000104617926000451/0001046179-26-000451-index.html|sha256=820f3513f7382df7b688d426cce48a6e7a6f5664d08e3c5e8ae33798683a4b2b;https://www.sec.gov/Archives/edgar/data/1046179/000104617926000451/a2q26e_withguidancexfinal.htm|sha256=f335d426a89566ede7e35dadaa9c211ed330c4dc72f30829ef081e67a54ec581;https://www.sec.gov/Archives/edgar/data/1046179/000104617926000451/a2q26presentatione.htm|sha256=ea866b4d138a0e05ff1c9e60f6a3d6c6d40f0fa52f4e4e9a5fadd8d8a7f96fa3;https://www.sec.gov/Archives/edgar/data/1046179/000104617926000451/tsm-20260716x6k.htm|sha256=5e7f879be372973da1513ed5e57bc8ddb53ce7cd51f3bbb3a2205be119233ce1;https://www.sec.gov/Archives/edgar/data/1046179/000104617926000541/0001046179-26-000541-index.html|sha256=bc6a9ac2bea29faf0c7e30b04d9f3561781cf79d5b63ae6dcdd2bea2f86c9a1c;https://www.sec.gov/Archives/edgar/data/1046179/000104617926000541/a2026q2consolidatedreport-.htm|sha256=ce9280e5d17fe4d80b2c625d11c0ff5f3e7597089bc999150a50e05f500228ba;https://www.sec.gov/Archives/edgar/data/1046179/000104617926000541/tsm-fsx20260814x6k.htm|sha256=a695b33772cf70d0efeadf36e0ec1dd3ed598863638de882bd5507e84f4a064a;https://www.sec.gov/Archives/edgar/data/1046179/000162828026025362/tsm-20251231.htm|sha256=cbd58e4cb26cb15000d35f40f18b3492dbb7b2754b5e326d4eb260f4e7bf90b8,2026-10-06T17:22:17.826991+00:00,2026-10-06T17:42:23.656258+00:00
POET,2482,2026,Q2,2026-06-30,NOT_FOUND,NULL,INSIDE,0001437424,POET TECHNOLOGIES INC.,"Ontario, Canada",Form 6-K reporting issuer,FOREIGN_6K_CONTENT_NOT_VERIFIED,NO_ITEM_2_02_FOUND,NO,0,2026-10-05T06:50:39Z,2026-08-13,6-K|2026-09-04T21:06:38.000Z|0001171843-26-005894|report=2026-09-04|items=;6-K|2026-08-13T13:13:55.000Z|0001493152-26-037615|report=2026-08-13|items=;6-K|2026-08-13T13:01:09.000Z|0001171843-26-005485|report=2026-08-13|items=;6-K|2026-08-03T17:12:42.000Z|0001171843-26-005153|report=2026-08-03|items=;6-K|2026-06-30T20:07:51.000Z|0001171843-26-004397|report=2026-06-30|items=,6-K;6-K,0001171843-26-005485;0001493152-26-037615,2026-08-13T13:01:09.000Z;2026-08-13T13:13:55.000Z,2026-08-13 09:01:09;2026-08-13 09:13:55,America/New_York,2026-08-13T13:01:09Z;2026-08-13T13:13:55Z,MATCH;MATCH,https://www.sec.gov/Archives/edgar/data/1437424/000117184326005485/f6k_081326.htm;https://www.sec.gov/Archives/edgar/data/1437424/000149315226037615/form6-k.htm,https://www.sec.gov/Archives/edgar/data/1437424/000117184326005485/exh_991.htm;https://www.sec.gov/Archives/edgar/data/1437424/000149315226037615/ex99-1.htm;https://www.sec.gov/Archives/edgar/data/1437424/000149315226037615/ex99-2.htm;https://www.sec.gov/Archives/edgar/data/1437424/000149315226037615/ex99-3.htm;https://www.sec.gov/Archives/edgar/data/1437424/000149315226037615/ex99-4.htm,https://www.sec.gov/Archives/edgar/data/1437424/000117184326005485/exh_991.htm;https://www.sec.gov/Archives/edgar/data/1437424/000149315226037615/ex99-1.htm;https://www.sec.gov/Archives/edgar/data/1437424/000149315226037615/ex99-2.htm;https://www.sec.gov/Archives/edgar/data/1437424/000149315226037615/ex99-3.htm;https://www.sec.gov/Archives/edgar/data/1437424/000149315226037615/ex99-4.htm,FULL_PERIOD_RESULTS;FULL_PERIOD_RESULTS,PROVEN_CANONICAL_CONSOLIDATED_ISSUER,EXPLICIT_QUARTER,2,MULTIPLE_COMPETING_EVENTS,NO,NULL,NONE,NO_UNIQUE_EXACT_QUARTER_AUTHORITY,YES_FOR_6K,NOT_FORCED;REQUIRES_SOURCE_POLICY_EXTENSION,NO,August13 earnings release and separate financial statements both explicitly contain Q2 revenue USD569925 and net-loss table. Twelve-minute filing separation does not establish precedence.,2494,COMMON_OR_ORDINARY_SHARES,NO,Canadian Common Stock,2482,POET TECHNOLOGIES INC.,POET TECHNOLOGIES INC. (consolidated reporting group),PROVEN_OFFICIAL_SECURITY_DESCRIPTION_AND_CANONICAL_COMPANY_CIK,0001437424,YES_CONSOLIDATED_GROUP;NOT_DEPOSITARY_BANK,,https://www.sec.gov/Archives/edgar/data/1437424/000149315226014253/form20-f.htm,,NO_EXACT_ISSUER_TIME_PROPOSED,2026-06-30,2026-10-06,5,6-K|0001171843-26-005894|2026-09-04T21:06:38.000Z|2026-09-04T21:06:38Z|MATCH|https://www.sec.gov/Archives/edgar/data/1437424/000117184326005894/f6k_090426.htm;6-K|0001493152-26-037615|2026-08-13T13:13:55.000Z|2026-08-13T13:13:55Z|MATCH|https://www.sec.gov/Archives/edgar/data/1437424/000149315226037615/form6-k.htm;6-K|0001171843-26-005485|2026-08-13T13:01:09.000Z|2026-08-13T13:01:09Z|MATCH|https://www.sec.gov/Archives/edgar/data/1437424/000117184326005485/f6k_081326.htm;6-K|0001171843-26-005153|2026-08-03T17:12:42.000Z|2026-08-03T17:12:42Z|MATCH|https://www.sec.gov/Archives/edgar/data/1437424/000117184326005153/f6k_080326.htm;6-K|0001171843-26-004397|2026-06-30T20:07:51.000Z|2026-06-30T20:07:51Z|MATCH|https://www.sec.gov/Archives/edgar/data/1437424/000117184326004397/f6k_063026.htm,https://www.sec.gov/Archives/edgar/data/1437424/000117184326005485/0001171843-26-005485-index.html|sha256=0486daaa8f3528df714150bd66b84f4148eff1aa543cc2ec627e34da44748d01;https://www.sec.gov/Archives/edgar/data/1437424/000117184326005485/exh_991.htm|sha256=ffc157fbf1390b5908ffb434f46e78a26858eac630319dc8bd9e073b344a47f8;https://www.sec.gov/Archives/edgar/data/1437424/000117184326005485/f6k_081326.htm|sha256=118f2bb17c38b15f52f2e69640c32e66bcb8cda7e8b8fd265e5844abc28864e5;https://www.sec.gov/Archives/edgar/data/1437424/000149315226014253/form20-f.htm|sha256=f6390d2b00f735b4ef27e08e684fc51f1cbe017312a5d5848509eef2a022f1a6;https://www.sec.gov/Archives/edgar/data/1437424/000149315226037615/0001493152-26-037615-index.html|sha256=970532c3ce9dafcc35104302177a16df033ace9d1753ac403be3d0b850348e0b;https://www.sec.gov/Archives/edgar/data/1437424/000149315226037615/ex99-1.htm|sha256=de61b3923f6563eb37e9411d772e17b6c9dc2edab2d2c70d1f142d639238615f;https://www.sec.gov/Archives/edgar/data/1437424/000149315226037615/ex99-2.htm|sha256=90f8f1fa09005a7374a3e1ec0cd50958b21e7b647dc70a495e9533232639799f;https://www.sec.gov/Archives/edgar/data/1437424/000149315226037615/ex99-3.htm|sha256=f0f9814911274cf0d43bdced831b1b7e58bca2a529d297918ccf24d3571fb74d;https://www.sec.gov/Archives/edgar/data/1437424/000149315226037615/ex99-4.htm|sha256=15e346888f6df8bb5df33161e6d3ea0933a29ce6452d040acf94e31da3f7f577;https://www.sec.gov/Archives/edgar/data/1437424/000149315226037615/form6-k.htm|sha256=787e68b0841d307214692a86100ef7fe997f2b2a14dfaeb92f81f99a2a52168c,2026-10-06T17:22:24.865301+00:00,2026-10-06T17:42:24.017459+00:00
GDS,2492,2026,Q2,2026-06-30,NOT_FOUND,NULL,INSIDE,0001526125,GDS Holdings Ltd,"{""city"": ""SHANGHAI"", ""country"": ""China"", ""countryCode"": ""F4"", ""foreignStateTerritory"": null, ""isForeignLocation"": 1, ""stateOrCountry"": null, ""stateOrCountryDescription"": null, ""street1"": ""F4/F5, BUILDING C, SUNLAND INTERNATIONAL"", ""street2"": ""NO. 999 ZHOUHAI ROAD, PUDONG,"", ""zipCode"": ""200137""}",Form 6-K reporting issuer,FOREIGN_6K_CONTENT_NOT_VERIFIED,NO_ITEM_2_02_FOUND,NO,0,2026-10-05T06:50:40Z,2026-08-13,6-K|2026-09-04T11:23:06.000Z|0001104659-26-105234|report=2026-09-04|items=;6-K|2026-08-13T12:15:43.000Z|0001104659-26-095498|report=2026-08-13|items=;6-K|2026-07-30T10:40:13.000Z|0001104659-26-088432|report=2026-07-30|items=;6-K|2026-07-28T10:01:46.000Z|0001104659-26-087263|report=2026-07-28|items=,6-K;6-K,0001104659-26-095498;0001104659-26-105234,2026-08-13T12:15:43.000Z;2026-09-04T11:23:06.000Z,2026-08-13 08:15:43;2026-09-04 07:23:06,America/New_York,2026-08-13T12:15:43Z;2026-09-04T11:23:06Z,MATCH;MATCH,https://www.sec.gov/Archives/edgar/data/1526125/000110465926095498/tm2621440d1_6k.htm;https://www.sec.gov/Archives/edgar/data/1526125/000110465926105234/tm2624826d1_6k.htm,https://www.sec.gov/Archives/edgar/data/1526125/000110465926095498/tm2621440d1_ex99-1.htm;https://www.sec.gov/Archives/edgar/data/1526125/000110465926105234/tm2624826d1_ex99-1.pdf,https://www.sec.gov/Archives/edgar/data/1526125/000110465926095498/tm2621440d1_ex99-1.htm;https://www.sec.gov/Archives/edgar/data/1526125/000110465926105234/tm2624826d1_ex99-1.pdf,FULL_PERIOD_RESULTS;FULL_PERIOD_RESULTS,PROVEN_CANONICAL_CONSOLIDATED_ISSUER,EXPLICIT_QUARTER,2,MULTIPLE_COMPETING_EVENTS,NO,NULL,NONE,NO_UNIQUE_EXACT_QUARTER_AUTHORITY,YES_FOR_6K,NOT_FORCED;REQUIRES_SOURCE_POLICY_EXTENSION,NO,August13 release and September4 interim report both explicitly disclose Q2 revenue RMB3088m and net income RMB837.6m; H1 title does not remove Q2 highlights. Needs reviewed repeat/relationship semantics.,2504,AMERICAN_DEPOSITARY_SHARES,YES,ADR Common Stock,2492,GDS Holdings Ltd,GDS Holdings Ltd (consolidated reporting group),PROVEN_OFFICIAL_SECURITY_DESCRIPTION_AND_CANONICAL_COMPANY_CIK,0001526125,YES_CONSOLIDATED_GROUP;NOT_DEPOSITARY_BANK,,https://www.sec.gov/Archives/edgar/data/1526125/000110465926051006/gds-20251231x20f.htm,,NO_EXACT_ISSUER_TIME_PROPOSED,2026-06-30,2026-10-06,4,6-K|0001104659-26-105234|2026-09-04T11:23:06.000Z|2026-09-04T11:23:06Z|MATCH|https://www.sec.gov/Archives/edgar/data/1526125/000110465926105234/tm2624826d1_6k.htm;6-K|0001104659-26-095498|2026-08-13T12:15:43.000Z|2026-08-13T12:15:43Z|MATCH|https://www.sec.gov/Archives/edgar/data/1526125/000110465926095498/tm2621440d1_6k.htm;6-K|0001104659-26-088432|2026-07-30T10:40:13.000Z|2026-07-30T10:40:13Z|MATCH|https://www.sec.gov/Archives/edgar/data/1526125/000110465926088432/tm2621590d1_6k.htm;6-K|0001104659-26-087263|2026-07-28T10:01:46.000Z|2026-07-28T10:01:46Z|MATCH|https://www.sec.gov/Archives/edgar/data/1526125/000110465926087263/tm2621465d1_6k.htm,https://www.sec.gov/Archives/edgar/data/1526125/000110465926051006/gds-20251231x20f.htm|sha256=f90bd103bf81254f41ce50a10ec372ffb586e2e3eaa3618b14648f77753c3310;https://www.sec.gov/Archives/edgar/data/1526125/000110465926095498/0001104659-26-095498-index.html|sha256=c70008c23fc38de5b682f7810a459bb363627035f9b98a250171ab655b848508;https://www.sec.gov/Archives/edgar/data/1526125/000110465926095498/tm2621440d1_6k.htm|sha256=96fd011fffd8dcbb63865a72e0a90323a6744e8e4b32f58e1f4fa43b03d036c1;https://www.sec.gov/Archives/edgar/data/1526125/000110465926095498/tm2621440d1_ex99-1.htm|sha256=6b43c0f7b49683f68be02248f1197bf7956ee8fb4f54b4d953aed5def6f39c63;https://www.sec.gov/Archives/edgar/data/1526125/000110465926105234/0001104659-26-105234-index.html|sha256=7584cf7eec82e7ed8e8575a2f32fd93df45e49d64fe32a63bdb62ab31ee88155;https://www.sec.gov/Archives/edgar/data/1526125/000110465926105234/tm2624826d1_6k.htm|sha256=2c48353f9f677d5eaac03f60638dd65725b48d04e9c74b46e60f664c611ec8d9;https://www.sec.gov/Archives/edgar/data/1526125/000110465926105234/tm2624826d1_ex99-1.pdf|sha256=3f44b0d64b6c00db696f95fe2f119cf4815d4c6034f44f83f0c87780bf6b85a0,2026-10-06T17:22:29.844257+00:00,2026-10-06T17:42:24.432577+00:00
PAAS,2504,2026,Q2,2026-06-30,NOT_FOUND,NULL,INSIDE,0000771992,PAN AMERICAN SILVER CORP,"{""city"": ""VANCOUVER"", ""country"": null, ""countryCode"": null, ""foreignStateTerritory"": null, ""isForeignLocation"": null, ""stateOrCountry"": ""A1"", ""stateOrCountryDescription"": ""British Columbia, Canada"", ""street1"": ""2100-733 SEYMOUR STREET"", ""street2"": null, ""zipCode"": ""V6B 0S6""}",Form 6-K reporting issuer,FOREIGN_6K_CONTENT_NOT_VERIFIED,NO_ITEM_2_02_FOUND,NO,0,2026-10-05T06:50:40Z,2026-08-13,6-K|2026-09-16T21:33:10.000Z|0000771992-26-000065|report=2026-09-16|items=;6-K|2026-08-12T21:38:01.000Z|0000771992-26-000063|report=2026-06-30|items=;6-K|2026-07-09T21:20:02.000Z|0000771992-26-000059|report=2026-07-09|items=,6-K,0000771992-26-000063,2026-08-12T21:38:01.000Z,2026-08-12 17:38:01,America/New_York,2026-08-12T21:38:01Z,MATCH,https://www.sec.gov/Archives/edgar/data/771992/000077199226000063/paasq22026form6k.htm,https://www.sec.gov/Archives/edgar/data/771992/000077199226000063/paas06-30x2026financialsex.htm;https://www.sec.gov/Archives/edgar/data/771992/000077199226000063/paas06-30x2026mdaex992.htm;https://www.sec.gov/Archives/edgar/data/771992/000077199226000063/paasq22026newsreleaseex995.htm,https://www.sec.gov/Archives/edgar/data/771992/000077199226000063/paas06-30x2026financialsex.htm;https://www.sec.gov/Archives/edgar/data/771992/000077199226000063/paas06-30x2026mdaex992.htm;https://www.sec.gov/Archives/edgar/data/771992/000077199226000063/paasq22026ceocertex993.htm;https://www.sec.gov/Archives/edgar/data/771992/000077199226000063/paasq22026cfocertex994.htm;https://www.sec.gov/Archives/edgar/data/771992/000077199226000063/paasq22026newsreleaseex995.htm,FULL_PERIOD_RESULTS,PROVEN_CANONICAL_CONSOLIDATED_ISSUER,EXPLICIT_QUARTER,1,FOREIGN_SEC_UNIQUE_REQUIRES_SOURCE_POLICY_EXTENSION,NO,2026-08-12T21:38:01Z,PROPOSED_REVIEWED_FORM_6K_ACCEPTANCE,PROVEN_EVIDENCE;SOURCE_NOT_AUTHORIZED,YES_FOR_6K,NOT_FORCED;REQUIRES_SOURCE_POLICY_EXTENSION,NO,Single accession: Ex99.1 has explicit Q2 revenue USD1124m and income; Ex99.5 is matching earnings release. MD&A and certifications in this same accession are not independent publication events.,2516,COMMON_OR_ORDINARY_SHARES,NO,Canadian Common Stock,2504,PAN AMERICAN SILVER CORP,PAN AMERICAN SILVER CORP (consolidated reporting group),PROVEN_OFFICIAL_SECURITY_DESCRIPTION_AND_CANONICAL_COMPANY_CIK,0000771992,YES_CONSOLIDATED_GROUP;NOT_DEPOSITARY_BANK,,https://www.sec.gov/Archives/edgar/data/771992/000077199226000019/paas-20251231.htm,,NO_EXACT_ISSUER_TIME_PROPOSED,2026-06-30,2026-10-06,3,6-K|0000771992-26-000065|2026-09-16T21:33:10.000Z|2026-09-16T21:33:10Z|MATCH|https://www.sec.gov/Archives/edgar/data/771992/000077199226000065/form6knr2025reserves2.htm;6-K|0000771992-26-000063|2026-08-12T21:38:01.000Z|2026-08-12T21:38:01Z|MATCH|https://www.sec.gov/Archives/edgar/data/771992/000077199226000063/paasq22026form6k.htm;6-K|0000771992-26-000059|2026-07-09T21:20:02.000Z|2026-07-09T21:20:02Z|MATCH|https://www.sec.gov/Archives/edgar/data/771992/000077199226000059/form6k_2026q2releasedate.htm,https://www.sec.gov/Archives/edgar/data/771992/000077199226000019/paas-20251231.htm|sha256=5b3700a7726996b84d97fc5d2e17d53dd8da9c13c8b3aeaf4c78c813928cd7b5;https://www.sec.gov/Archives/edgar/data/771992/000077199226000063/0000771992-26-000063-index.html|sha256=60034ac7863f0121c0e0d057d4bb2b077c96c6b53fa9b36be072d485ef2a8de2;https://www.sec.gov/Archives/edgar/data/771992/000077199226000063/paas06-30x2026financialsex.htm|sha256=f1d8f68edfa59d57d14a39865ab1e00c03618b83f12fe0bb31e9c02f44b2fb62;https://www.sec.gov/Archives/edgar/data/771992/000077199226000063/paas06-30x2026mdaex992.htm|sha256=634ff68b6780772eb57cd26d067b1ad17f66597b755e27c1d4f448c07136e36f;https://www.sec.gov/Archives/edgar/data/771992/000077199226000063/paasq22026ceocertex993.htm|sha256=c537b64cf9586371f649b2124f8e56066aa4a84a17ddab068f6dac96453502a4;https://www.sec.gov/Archives/edgar/data/771992/000077199226000063/paasq22026cfocertex994.htm|sha256=c3855dd38302f6ba465cd558ceab969ba3756630c078da818c140913a5627ce5;https://www.sec.gov/Archives/edgar/data/771992/000077199226000063/paasq22026form6k.htm|sha256=1a69493315b9b52d60d6ef6694b53d220e9a7b7ad0dcb320b92eb0231a3d68a5;https://www.sec.gov/Archives/edgar/data/771992/000077199226000063/paasq22026newsreleaseex995.htm|sha256=ae536f765e9781b19d6e7f67500b630642ec44700125b9697c3a51e04495e124,2026-10-06T17:22:35.796781+00:00,2026-10-06T17:42:24.726120+00:00
NBIS,2500,2026,Q2,2026-06-30,NOT_FOUND,NULL,INSIDE,0001513845,Nebius Group N.V.,Netherlands,Form 6-K reporting issuer,FOREIGN_6K_CONTENT_NOT_VERIFIED,NO_ITEM_2_02_FOUND,NO,0,2026-10-05T06:50:40Z,2026-08-12,6-K|2026-10-01T20:05:08.000Z|0001104659-26-112824|report=2026-10-01|items=;6-K|2026-09-08T14:02:31.000Z|0001104659-26-105749|report=2026-09-08|items=;6-K|2026-08-26T12:32:08.000Z|0001104659-26-101076|report=2026-08-26|items=;6-K|2026-08-24T21:07:32.000Z|0001104659-26-100347|report=2026-08-24|items=;6-K|2026-08-20T10:04:06.000Z|0001104659-26-098924|report=2026-08-20|items=;6-K|2026-08-19T11:48:10.000Z|0001104659-26-098590|report=2026-08-19|items=;6-K|2026-08-12T20:01:08.000Z|0001104659-26-094844|report=2026-08-12|items=;6-K|2026-08-12T13:15:23.000Z|0001104659-26-094568|report=2026-08-12|items=;6-K|2026-07-27T20:01:28.000Z|0001104659-26-087080|report=2026-07-27|items=;6-K/A|2026-07-17T20:01:04.000Z|0001104659-26-084606|report=2026-07-17|items=;6-K|2026-07-17T13:29:13.000Z|0001104659-26-084452|report=2026-07-17|items=,6-K;6-K,0001104659-26-094568;0001104659-26-094844,2026-08-12T17:15:23.000Z;2026-08-13T00:01:08.000Z,2026-08-12 09:15:23;2026-08-12 16:01:08,America/New_York,2026-08-12T13:15:23Z;2026-08-12T20:01:08Z,MISMATCH_REVIEW;MISMATCH_REVIEW,https://www.sec.gov/Archives/edgar/data/1513845/000110465926094568/tm2622968d1_6k.htm;https://www.sec.gov/Archives/edgar/data/1513845/000110465926094844/nbis-20260812x6k.htm,https://www.sec.gov/Archives/edgar/data/1513845/000110465926094568/tm2622968d1_ex99-1.htm;https://www.sec.gov/Archives/edgar/data/1513845/000110465926094568/tm2622968d1_ex99-2.htm;https://www.sec.gov/Archives/edgar/data/1513845/000110465926094844/nbis-20260812xex99d1.htm;https://www.sec.gov/Archives/edgar/data/1513845/000110465926094844/nbis-20260812xex99d2.htm,https://www.sec.gov/Archives/edgar/data/1513845/000110465926094568/tm2622968d1_ex99-1.htm;https://www.sec.gov/Archives/edgar/data/1513845/000110465926094568/tm2622968d1_ex99-2.htm;https://www.sec.gov/Archives/edgar/data/1513845/000110465926094844/nbis-20260812xex99d1.htm;https://www.sec.gov/Archives/edgar/data/1513845/000110465926094844/nbis-20260812xex99d2.htm,FULL_PERIOD_RESULTS;FULL_PERIOD_RESULTS,PROVEN_CANONICAL_CONSOLIDATED_ISSUER,EXPLICIT_QUARTER,2,MULTIPLE_COMPETING_EVENTS,NO,NULL,NONE,NO_UNIQUE_EXACT_QUARTER_AUTHORITY,YES_FOR_6K,NOT_FORCED;REQUIRES_SOURCE_POLICY_EXTENSION,NO,"Separate August12 release and financials both explicitly disclose Q2 revenue USD582.3m and GAAP continuing net loss USD190.4m. Shareholder letter shares first accession. Ordinary Class A shares, not ADS.",2512,CLASS_A_ORDINARY_SHARES,NO,ADR Common Stock,2500,Nebius Group N.V.,Nebius Group N.V. (consolidated reporting group),PROVEN_OFFICIAL_SECURITY_DESCRIPTION_AND_CANONICAL_COMPANY_CIK,0001513845,YES_CONSOLIDATED_GROUP;NOT_DEPOSITARY_BANK,PROVIDER_SECURITY_TYPE_CONFLICT;official documents establish security type;no production correction,https://www.sec.gov/Archives/edgar/data/1513845/000110465926052948/nbis-20251231x20f.htm,,NO_EXACT_ISSUER_TIME_PROPOSED,2026-06-30,2026-10-06,11,6-K|0001104659-26-112824|2026-10-02T00:05:08.000Z|2026-10-01T20:05:08Z|MISMATCH_REVIEW|https://www.sec.gov/Archives/edgar/data/1513845/000110465926112824/tm2626792d1_6k.htm;6-K|0001104659-26-105749|2026-09-08T18:02:31.000Z|2026-09-08T14:02:31Z|MISMATCH_REVIEW|https://www.sec.gov/Archives/edgar/data/1513845/000110465926105749/tm2624958d1_6k.htm;6-K|0001104659-26-101076|2026-08-26T16:32:08.000Z|2026-08-26T12:32:08Z|MISMATCH_REVIEW|https://www.sec.gov/Archives/edgar/data/1513845/000110465926101076/tm2624077d1_6k.htm;6-K|0001104659-26-100347|2026-08-25T01:07:32.000Z|2026-08-24T21:07:32Z|MISMATCH_REVIEW|https://www.sec.gov/Archives/edgar/data/1513845/000110465926100347/tm2623863d1_6k.htm;6-K|0001104659-26-098924|2026-08-20T14:04:06.000Z|2026-08-20T10:04:06Z|MISMATCH_REVIEW|https://www.sec.gov/Archives/edgar/data/1513845/000110465926098924/tm2623617d1_6k.htm;6-K|0001104659-26-098590|2026-08-19T15:48:10.000Z|2026-08-19T11:48:10Z|MISMATCH_REVIEW|https://www.sec.gov/Archives/edgar/data/1513845/000110465926098590/tm2623513d1_6k.htm;6-K|0001104659-26-094844|2026-08-13T00:01:08.000Z|2026-08-12T20:01:08Z|MISMATCH_REVIEW|https://www.sec.gov/Archives/edgar/data/1513845/000110465926094844/nbis-20260812x6k.htm;6-K|0001104659-26-094568|2026-08-12T17:15:23.000Z|2026-08-12T13:15:23Z|MISMATCH_REVIEW|https://www.sec.gov/Archives/edgar/data/1513845/000110465926094568/tm2622968d1_6k.htm;6-K|0001104659-26-087080|2026-07-28T00:01:28.000Z|2026-07-27T20:01:28Z|MISMATCH_REVIEW|https://www.sec.gov/Archives/edgar/data/1513845/000110465926087080/tm2621374d1_6k.htm;6-K/A|0001104659-26-084606|2026-07-18T00:01:04.000Z|2026-07-17T20:01:04Z|MISMATCH_REVIEW|https://www.sec.gov/Archives/edgar/data/1513845/000110465926084606/tm2620779d1_6ka.htm;6-K|0001104659-26-084452|2026-07-17T17:29:13.000Z|2026-07-17T13:29:13Z|MISMATCH_REVIEW|https://www.sec.gov/Archives/edgar/data/1513845/000110465926084452/tm2620683d1_6k.htm,https://www.sec.gov/Archives/edgar/data/1513845/000110465926052948/nbis-20251231x20f.htm|sha256=3c74450b6ce8b4ff1e67782d1c30cec4aedd816d21ce55bd4354650dca6bd79b;https://www.sec.gov/Archives/edgar/data/1513845/000110465926094568/0001104659-26-094568-index.html|sha256=16af3131424d862a041a453275ea7659c48bba9f8de7a35c42bf8ee47cba6423;https://www.sec.gov/Archives/edgar/data/1513845/000110465926094568/tm2622968d1_6k.htm|sha256=5f03ee4368ad779770a17f2dfb3bff553e13db8afc3c429c369e50ec37bd31b8;https://www.sec.gov/Archives/edgar/data/1513845/000110465926094568/tm2622968d1_ex99-1.htm|sha256=3969e855be665b697d709ef5f622d5b7d0626fb445afe26b89456851d65c85b1;https://www.sec.gov/Archives/edgar/data/1513845/000110465926094568/tm2622968d1_ex99-2.htm|sha256=3a5a95dfa1febdc8ab7982da8ada9c04e6916c160bfe1ac130abec66ea7e6600;https://www.sec.gov/Archives/edgar/data/1513845/000110465926094844/0001104659-26-094844-index.html|sha256=74a3e8e9004292a325e32b49d93bd67631db31222036967fb7f075db53c9779c;https://www.sec.gov/Archives/edgar/data/1513845/000110465926094844/nbis-20260812x6k.htm|sha256=72abd002d63722d91b6e5307f50362ae8cb334c36fbf7796484bccb561a9ecca;https://www.sec.gov/Archives/edgar/data/1513845/000110465926094844/nbis-20260812xex99d1.htm|sha256=d9f507c54c59811b6fd604b7bfc540bebf16506a6bb9fe24aba2e2f92a6b8c6b;https://www.sec.gov/Archives/edgar/data/1513845/000110465926094844/nbis-20260812xex99d2.htm|sha256=5cc10e762bf95893ed27e23866abb7f35c12e106b013856bf68094d0d322f36a,2026-10-06T17:22:44.388097+00:00,2026-10-06T17:42:25.086888+00:00
BTDR,2468,2026,Q2,2026-06-30,NOT_FOUND,NULL,INSIDE,0001899123,Bitdeer Technologies Group,Cayman Islands,Form 6-K reporting issuer,FOREIGN_6K_CONTENT_NOT_VERIFIED,NO_ITEM_2_02_FOUND,NO,0,2026-10-05T06:51:20Z,2026-08-10,6-K|2026-10-02T20:01:10.000Z|0001213900-26-106360|report=2026-10-02|items=;6-K|2026-09-29T20:01:44.000Z|0001213900-26-104638|report=2026-06-30|items=;6-K|2026-09-16T20:30:20.000Z|0001213900-26-100537|report=2026-09-16|items=;6-K|2026-09-02T10:17:13.000Z|0001213900-26-096425|report=2026-09-02|items=;6-K|2026-08-26T12:19:26.000Z|0001213900-26-093742|report=2026-08-26|items=;6-K|2026-08-10T14:25:32.000Z|0001213900-26-087067|report=2026-08-10|items=;6-K|2026-08-10T11:08:07.000Z|0001213900-26-086938|report=2026-08-10|items=;6-K|2026-08-05T20:01:30.000Z|0001213900-26-085655|report=2026-08-05|items=;6-K|2026-08-03T12:56:52.000Z|0001213900-26-084288|report=2026-08-03|items=;6-K|2026-07-21T12:10:23.000Z|0001213900-26-079816|report=2026-07-21|items=;6-K|2026-07-06T10:48:17.000Z|0001213900-26-075191|report=2026-07-06|items=,6-K,0001213900-26-086938,2026-08-10T11:08:07.000Z,2026-08-10 07:08:07,America/New_York,2026-08-10T11:08:07Z,MATCH,https://www.sec.gov/Archives/edgar/data/1899123/000121390026086938/ea0301313-6k_bitdeer.htm,https://www.sec.gov/Archives/edgar/data/1899123/000121390026086938/ea030131301ex99-1.htm,https://www.sec.gov/Archives/edgar/data/1899123/000121390026086938/ea030131301ex99-1.htm,FULL_PERIOD_RESULTS,PROVEN_CANONICAL_CONSOLIDATED_ISSUER,EXPLICIT_QUARTER,1,FOREIGN_SEC_UNIQUE_REQUIRES_SOURCE_POLICY_EXTENSION,NO,2026-08-10T11:08:07Z,PROPOSED_REVIEWED_FORM_6K_ACCEPTANCE,PROVEN_EVIDENCE;SOURCE_NOT_AUTHORIZED,YES_FOR_6K,NOT_FORCED;REQUIRES_SOURCE_POLICY_EXTENSION,NO,"Ex99.1: explicit Q2 revenue USD228.8m and net loss USD92.3m. September29 interim statements have H1-only income; monthly mining/production reports are not result packages. Ordinary Class A shares, not ADS.",2480,CLASS_A_ORDINARY_SHARES,NO,ADR Common Stock Primary Class,2468,Bitdeer Technologies Group,Bitdeer Technologies Group (consolidated reporting group),PROVEN_OFFICIAL_SECURITY_DESCRIPTION_AND_CANONICAL_COMPANY_CIK,0001899123,YES_CONSOLIDATED_GROUP;NOT_DEPOSITARY_BANK,PROVIDER_SECURITY_TYPE_CONFLICT;official documents establish security type;no production correction,https://www.sec.gov/Archives/edgar/data/1899123/000121390026049770/ea0282628-20f_bitdeer.htm,,NO_EXACT_ISSUER_TIME_PROPOSED,2026-06-30,2026-10-06,11,6-K|0001213900-26-106360|2026-10-02T20:01:10.000Z|2026-10-02T20:01:10Z|MATCH|https://www.sec.gov/Archives/edgar/data/1899123/000121390026106360/ea0307497-6k_bitdeer.htm;6-K|0001213900-26-104638|2026-09-29T20:01:44.000Z|2026-09-29T20:01:44Z|MATCH|https://www.sec.gov/Archives/edgar/data/1899123/000121390026104638/ea0306473-6k_bitdeer.htm;6-K|0001213900-26-100537|2026-09-16T20:30:20.000Z|2026-09-16T20:30:20Z|MATCH|https://www.sec.gov/Archives/edgar/data/1899123/000121390026100537/ea0305235-6k_bitdeer.htm;6-K|0001213900-26-096425|2026-09-02T10:17:13.000Z|2026-09-02T10:17:13Z|MATCH|https://www.sec.gov/Archives/edgar/data/1899123/000121390026096425/ea0304021-6k_bitdeer.htm;6-K|0001213900-26-093742|2026-08-26T12:19:26.000Z|2026-08-26T12:19:26Z|MATCH|https://www.sec.gov/Archives/edgar/data/1899123/000121390026093742/ea0303441-6k_bitdeer.htm;6-K|0001213900-26-087067|2026-08-10T14:25:32.000Z|2026-08-10T14:25:32Z|MATCH|https://www.sec.gov/Archives/edgar/data/1899123/000121390026087067/ea0301286-6k_bitdeer.htm;6-K|0001213900-26-086938|2026-08-10T11:08:07.000Z|2026-08-10T11:08:07Z|MATCH|https://www.sec.gov/Archives/edgar/data/1899123/000121390026086938/ea0301313-6k_bitdeer.htm;6-K|0001213900-26-085655|2026-08-05T20:01:30.000Z|2026-08-05T20:01:30Z|MATCH|https://www.sec.gov/Archives/edgar/data/1899123/000121390026085655/ea0300752-6k_bitdeer.htm;6-K|0001213900-26-084288|2026-08-03T12:56:52.000Z|2026-08-03T12:56:52Z|MATCH|https://www.sec.gov/Archives/edgar/data/1899123/000121390026084288/ea0299664-6k_bitdeer.htm;6-K|0001213900-26-079816|2026-07-21T12:10:23.000Z|2026-07-21T12:10:23Z|MATCH|https://www.sec.gov/Archives/edgar/data/1899123/000121390026079816/ea0298527-6k_bitdeer.htm;6-K|0001213900-26-075191|2026-07-06T10:48:17.000Z|2026-07-06T10:48:17Z|MATCH|https://www.sec.gov/Archives/edgar/data/1899123/000121390026075191/ea0297089-6k_bitdeer.htm,https://www.sec.gov/Archives/edgar/data/1899123/000121390026049770/ea0282628-20f_bitdeer.htm|sha256=f2f46d4144b9746f1bb2d9cfaac9237ad0666d314c83cebd78632820d7e6193f;https://www.sec.gov/Archives/edgar/data/1899123/000121390026086938/0001213900-26-086938-index.html|sha256=ad6ea1b13f5c4ff91032d01cca55c5479d87338ede2f9e917f98028fa5377d67;https://www.sec.gov/Archives/edgar/data/1899123/000121390026086938/ea0301313-6k_bitdeer.htm|sha256=df5c96eff366b865c33d6617f01429e808ed7ec525721994b881396b96eab2b1;https://www.sec.gov/Archives/edgar/data/1899123/000121390026086938/ea030131301ex99-1.htm|sha256=12276ad3949ee60ba3e49fe645f0dd67622a6fd8a465fa6182a88025bdbcd428,2026-10-06T17:22:54.351311+00:00,2026-10-06T17:42:25.461926+00:00
CAMT,2469,2026,Q2,2026-06-30,NOT_FOUND,NULL,INSIDE,0001109138,CAMTEK LTD,Israel,Form 6-K reporting issuer,FOREIGN_6K_CONTENT_NOT_VERIFIED,NO_ITEM_2_02_FOUND,NO,0,2026-10-05T06:51:20Z,2026-08-10,6-K|2026-08-10T11:16:13.000Z|0001178913-26-003975|report=2026-08-10|items=;6-K|2026-07-29T15:00:05.000Z|0001178913-26-003681|report=2026-07-29|items=,6-K,0001178913-26-003975,2026-08-10T11:16:13.000Z,2026-08-10 07:16:13,America/New_York,2026-08-10T11:16:13Z,MATCH,https://www.sec.gov/Archives/edgar/data/1109138/000117891326003975/zk2635905.htm,RESULT_IN_PRIMARY,,FULL_PERIOD_RESULTS,PROVEN_CANONICAL_CONSOLIDATED_ISSUER,EXPLICIT_QUARTER,1,FOREIGN_SEC_UNIQUE_REQUIRES_SOURCE_POLICY_EXTENSION,NO,2026-08-10T11:16:13Z,PROPOSED_REVIEWED_FORM_6K_ACCEPTANCE,PROVEN_EVIDENCE;SOURCE_NOT_AUTHORIZED,YES_FOR_6K,NOT_FORCED;REQUIRES_SOURCE_POLICY_EXTENSION,NO,"Result is in 6-K primary document itself: explicit Q2 revenue USD133.2m and GAAP net income USD23.3m; no Ex99 required. Ordinary shares, not ADS.",2481,COMMON_OR_ORDINARY_SHARES,NO,ADR Common Stock,2469,CAMTEK LTD,CAMTEK LTD (consolidated reporting group),PROVEN_OFFICIAL_SECURITY_DESCRIPTION_AND_CANONICAL_COMPANY_CIK,0001109138,YES_CONSOLIDATED_GROUP;NOT_DEPOSITARY_BANK,PROVIDER_SECURITY_TYPE_CONFLICT;official documents establish security type;no production correction,https://www.sec.gov/Archives/edgar/data/1109138/000117891326001561/zk2634678.htm,,NO_EXACT_ISSUER_TIME_PROPOSED,2026-06-30,2026-10-06,2,6-K|0001178913-26-003975|2026-08-10T11:16:13.000Z|2026-08-10T11:16:13Z|MATCH|https://www.sec.gov/Archives/edgar/data/1109138/000117891326003975/zk2635905.htm;6-K|0001178913-26-003681|2026-07-29T15:00:05.000Z|2026-07-29T15:00:05Z|MATCH|https://www.sec.gov/Archives/edgar/data/1109138/000117891326003681/zk2635789.htm,https://www.sec.gov/Archives/edgar/data/1109138/000117891326001561/zk2634678.htm|sha256=94b704339f57e37d2017c2f0753d8a74b61a4608551e0801a10af89d0f063eb1;https://www.sec.gov/Archives/edgar/data/1109138/000117891326003975/0001178913-26-003975-index.html|sha256=5e4611c71cef4723be4c6cf3bed4a18533fdc5ccc6d69d1b209d0c6b142dd262;https://www.sec.gov/Archives/edgar/data/1109138/000117891326003975/zk2635905.htm|sha256=b15769e9cb665ffb0b8c15f4730c472ef24c83366228ab89d40047b05ed87f0d,2026-10-06T17:22:58.966852+00:00,2026-10-06T17:42:25.801446+00:00
WPM,2476,2026,Q2,2026-06-30,NOT_FOUND,NULL,INSIDE,0001323404,Wheaton Precious Metals Corp.,"Ontario, Canada",Form 6-K reporting issuer,FOREIGN_6K_CONTENT_NOT_VERIFIED,NO_ITEM_2_02_FOUND,NO,0,2026-10-05T06:51:21Z,2026-08-07,6-K|2026-09-01T21:19:04.000Z|0001279569-26-000844|report=2026-09-01|items=;6-K|2026-08-07T00:40:37.000Z|0001279569-26-000756|report=2026-08-06|items=;6-K|2026-08-06T22:47:58.000Z|0001193125-26-338641|report=2026-06-30|items=;6-K|2026-07-06T23:28:43.000Z|0001279569-26-000627|report=2026-07-06|items=,6-K,0001193125-26-338641,2026-08-06T22:47:58.000Z,2026-08-06 18:47:58,America/New_York,2026-08-06T22:47:58Z,MATCH,https://www.sec.gov/Archives/edgar/data/1323404/000119312526338641/d15525d6k.htm,https://www.sec.gov/Archives/edgar/data/1323404/000119312526338641/d15525dex991.htm;https://www.sec.gov/Archives/edgar/data/1323404/000119312526338641/d15525dex992.htm;https://www.sec.gov/Archives/edgar/data/1323404/000119312526338641/d15525dex993.htm,https://www.sec.gov/Archives/edgar/data/1323404/000119312526338641/d15525dex991.htm;https://www.sec.gov/Archives/edgar/data/1323404/000119312526338641/d15525dex992.htm;https://www.sec.gov/Archives/edgar/data/1323404/000119312526338641/d15525dex994.htm;https://www.sec.gov/Archives/edgar/data/1323404/000119312526338641/d15525dex995.htm;https://www.sec.gov/Archives/edgar/data/1323404/000119312526338641/d15525dex993.htm,FULL_PERIOD_RESULTS,PROVEN_CANONICAL_CONSOLIDATED_ISSUER,EXPLICIT_QUARTER,1,FOREIGN_SEC_UNIQUE_REQUIRES_SOURCE_POLICY_EXTENSION,NO,2026-08-06T22:47:58Z,PROPOSED_REVIEWED_FORM_6K_ACCEPTANCE,PROVEN_EVIDENCE;SOURCE_NOT_AUTHORIZED,YES_FOR_6K,NOT_FORCED;REQUIRES_SOURCE_POLICY_EXTENSION,NO,Ex99.1 release and Ex99.3 financials in one accession: explicit Q2 sales USD929.201m and net earnings USD543.236m. Separate dividend filing is not a second result package.,2488,COMMON_OR_ORDINARY_SHARES,NO,Canadian Common Stock,2476,Wheaton Precious Metals Corp.,Wheaton Precious Metals Corp. (consolidated reporting group),PROVEN_OFFICIAL_SECURITY_DESCRIPTION_AND_CANONICAL_COMPANY_CIK,0001323404,YES_CONSOLIDATED_GROUP;NOT_DEPOSITARY_BANK,,https://www.sec.gov/Archives/edgar/data/1323404/000119312526134908/d56281d40f.htm,,NO_EXACT_ISSUER_TIME_PROPOSED,2026-06-30,2026-10-06,4,6-K|0001279569-26-000844|2026-09-01T21:19:04.000Z|2026-09-01T21:19:04Z|MATCH|https://www.sec.gov/Archives/edgar/data/1323404/000127956926000844/wheaton6k.htm;6-K|0001279569-26-000756|2026-08-07T00:40:37.000Z|2026-08-07T00:40:37Z|MATCH|https://www.sec.gov/Archives/edgar/data/1323404/000127956926000756/wheaton6k.htm;6-K|0001193125-26-338641|2026-08-06T22:47:58.000Z|2026-08-06T22:47:58Z|MATCH|https://www.sec.gov/Archives/edgar/data/1323404/000119312526338641/d15525d6k.htm;6-K|0001279569-26-000627|2026-07-06T23:28:43.000Z|2026-07-06T23:28:43Z|MATCH|https://www.sec.gov/Archives/edgar/data/1323404/000127956926000627/wheaton6k.htm,https://www.sec.gov/Archives/edgar/data/1323404/000119312526134908/d56281d40f.htm|sha256=b9d0709e5551335f006b4c81a8ac0894393a868d348b4f738fc7eeac6a4e6b6f;https://www.sec.gov/Archives/edgar/data/1323404/000119312526338641/0001193125-26-338641-index.html|sha256=938074a7b5ebb6525fc15ef2ac77998d0f4efd3eeafc56611c90aaccfbbdde21;https://www.sec.gov/Archives/edgar/data/1323404/000119312526338641/d15525d6k.htm|sha256=48b645de503c185a8f368dbc5ea72278cf08b8f3ab3fd168e586a7903092b5cf;https://www.sec.gov/Archives/edgar/data/1323404/000119312526338641/d15525dex991.htm|sha256=541346352c99d620390cde5687867a6d30ffb54a3b77c8bf1cf6dabf5eaed100;https://www.sec.gov/Archives/edgar/data/1323404/000119312526338641/d15525dex992.htm|sha256=0dbedb6de78e1325e10ae535c0e7479d571dae3eea811b92b907a5f82d3fedb0;https://www.sec.gov/Archives/edgar/data/1323404/000119312526338641/d15525dex993.htm|sha256=dc57c3694b445977884ea540863f100be06d2579adb933177708b1ec313b331f;https://www.sec.gov/Archives/edgar/data/1323404/000119312526338641/d15525dex994.htm|sha256=58a09a9e38d6498b4155cfe473ff8c38f7b30ea89e19b4366509f22e142985fc;https://www.sec.gov/Archives/edgar/data/1323404/000119312526338641/d15525dex995.htm|sha256=c18abfbc0d9c667952859de8dad7ee4ea59b30690c6eecd990fdd7ce0532084e,2026-10-06T17:23:03.006218+00:00,2026-10-06T17:42:26.112110+00:00
NVMI,2502,2026,Q2,2026-06-30,NOT_FOUND,NULL,OUTSIDE,0001109345,NOVA LTD.,"{""city"": ""REHOVOT"", ""country"": null, ""countryCode"": null, ""foreignStateTerritory"": null, ""isForeignLocation"": null, ""stateOrCountry"": ""L3"", ""stateOrCountryDescription"": ""Israel"", ""street1"": ""5 DAVID FIKES STREET"", ""street2"": null, ""zipCode"": ""7610201""}",Form 6-K reporting issuer,FOREIGN_6K_CONTENT_NOT_VERIFIED,NO_ITEM_2_02_FOUND,NO,0,2026-10-05T06:51:21Z,2026-08-06,6-K|2026-09-02T12:01:23.000Z|0001178913-26-004385|report=2026-09-02|items=;6-K|2026-08-11T12:00:31.000Z|0001178913-26-004024|report=2026-08-11|items=;6-K|2026-08-06T11:30:57.000Z|0001178913-26-003892|report=2026-08-06|items=;6-K|2026-07-06T12:00:04.000Z|0001178913-26-003411|report=2026-07-06|items=;6-K|2026-07-02T11:30:19.000Z|0001178913-26-003393|report=2026-07-02|items=,6-K,0001178913-26-003892,2026-08-06T11:30:57.000Z,2026-08-06 07:30:57,America/New_York,2026-08-06T11:30:57Z,MATCH,https://www.sec.gov/Archives/edgar/data/1109345/000117891326003892/zk2635873.htm,RESULT_IN_PRIMARY,,FULL_PERIOD_RESULTS,PROVEN_CANONICAL_CONSOLIDATED_ISSUER,EXPLICIT_QUARTER,1,FOREIGN_SEC_UNIQUE_REQUIRES_SOURCE_POLICY_EXTENSION,NO,2026-08-06T11:30:57Z,PROPOSED_REVIEWED_FORM_6K_ACCEPTANCE,PROVEN_EVIDENCE;SOURCE_NOT_AUTHORIZED,YES_FOR_6K,NOT_FORCED;REQUIRES_SOURCE_POLICY_EXTENSION,NO,"Result in 6-K primary itself: explicit Q2 revenue USD254.958m and GAAP net income USD75.010m. Earnings-call announcement is guidance/notice only. Outside operational 60d scope, still valid research evidence.",2514,COMMON_OR_ORDINARY_SHARES,NO,ADR Common Stock,2502,NOVA LTD.,NOVA LTD. (consolidated reporting group),PROVEN_OFFICIAL_SECURITY_DESCRIPTION_AND_CANONICAL_COMPANY_CIK,0001109345,YES_CONSOLIDATED_GROUP;NOT_DEPOSITARY_BANK,PROVIDER_SECURITY_TYPE_CONFLICT;official documents establish security type;no production correction,https://www.sec.gov/Archives/edgar/data/1109345/000117891326000504/zk2634307.htm,,NO_EXACT_ISSUER_TIME_PROPOSED,2026-06-30,2026-10-06,5,6-K|0001178913-26-004385|2026-09-02T12:01:23.000Z|2026-09-02T12:01:23Z|MATCH|https://www.sec.gov/Archives/edgar/data/1109345/000117891326004385/zk2636060.htm;6-K|0001178913-26-004024|2026-08-11T12:00:31.000Z|2026-08-11T12:00:31Z|MATCH|https://www.sec.gov/Archives/edgar/data/1109345/000117891326004024/zk2635904.htm;6-K|0001178913-26-003892|2026-08-06T11:30:57.000Z|2026-08-06T11:30:57Z|MATCH|https://www.sec.gov/Archives/edgar/data/1109345/000117891326003892/zk2635873.htm;6-K|0001178913-26-003411|2026-07-06T12:00:04.000Z|2026-07-06T12:00:04Z|MATCH|https://www.sec.gov/Archives/edgar/data/1109345/000117891326003411/zk2635645.htm;6-K|0001178913-26-003393|2026-07-02T11:30:19.000Z|2026-07-02T11:30:19Z|MATCH|https://www.sec.gov/Archives/edgar/data/1109345/000117891326003393/zk2635640.htm,https://www.sec.gov/Archives/edgar/data/1109345/000117891326000504/zk2634307.htm|sha256=cfb0e184663aec6e5c0e59ff06b16fed23e5066489b29caaf8dd929d9f97d963;https://www.sec.gov/Archives/edgar/data/1109345/000117891326003892/0001178913-26-003892-index.html|sha256=c93ec7d151d7538fe27ff415d44288a67ac01d570638647f0ad3d5b412b75d52;https://www.sec.gov/Archives/edgar/data/1109345/000117891326003892/zk2635873.htm|sha256=d7f6f4fa4a20e9fbd69314b2220f630959598ae38e0cd591b31cfd4fdbe9f005,2026-10-06T17:23:08.989288+00:00,2026-10-06T17:42:26.452410+00:00
CLLS,2506,2026,Q2,2026-06-30,NOT_FOUND,NULL,OUTSIDE,0001627281,Cellectis S.A.,France,Form 6-K reporting issuer,FOREIGN_6K_CONTENT_NOT_VERIFIED,NO_ITEM_2_02_FOUND,NO,0,2026-10-05T06:51:22Z,2026-08-06,6-K|2026-09-14T10:00:12.000Z|0001171843-26-006010|report=2026-09-14|items=;6-K|2026-09-11T20:35:03.000Z|0001171843-26-006002|report=2026-09-11|items=;6-K/A|2026-09-11T20:30:29.000Z|0001193125-26-389336|report=2026-06-30|items=;6-K|2026-09-01T20:35:05.000Z|0001171843-26-005837|report=2026-09-01|items=;6-K|2026-08-06T20:35:15.000Z|0001171843-26-005324|report=2026-08-06|items=;6-K|2026-08-06T20:30:05.000Z|0001193125-26-338220|report=2026-08-06|items=;6-K|2026-07-30T20:35:05.000Z|0001171843-26-005091|report=2026-07-30|items=,6-K;6-K,0001171843-26-005324;0001193125-26-338220,2026-08-06T20:35:15.000Z;2026-08-06T20:30:05.000Z,2026-08-06 16:35:15;2026-08-06 16:30:05,America/New_York,2026-08-06T20:35:15Z;2026-08-06T20:30:05Z,MATCH;MATCH,https://www.sec.gov/Archives/edgar/data/1627281/000117184326005324/f6k_080626.htm;https://www.sec.gov/Archives/edgar/data/1627281/000119312526338220/clls_6-k_q2_2026.htm,https://www.sec.gov/Archives/edgar/data/1627281/000117184326005324/exh_991.htm;https://www.sec.gov/Archives/edgar/data/1627281/000119312526338220/clls-ex99_1.htm,https://www.sec.gov/Archives/edgar/data/1627281/000117184326005324/exh_991.htm;https://www.sec.gov/Archives/edgar/data/1627281/000119312526338220/clls-ex99_1.htm,FULL_PERIOD_RESULTS;FULL_PERIOD_RESULTS,PROVEN_CANONICAL_CONSOLIDATED_ISSUER,EXPLICIT_QUARTER,2,MULTIPLE_COMPETING_EVENTS,NO,NULL,NONE,NO_UNIQUE_EXACT_QUARTER_AUTHORITY,YES_FOR_6K,NOT_FORCED;REQUIRES_SOURCE_POLICY_EXTENSION,NO,"Release and separate interim statements both contain explicit Q2 tables (revenue USD5229k, other income USD1675k, net loss USD21819k), despite H1-first headings. 6-K/A 0001193125-26-389336 adds XBRL only and explicitly does not revise results: supplemental repeat, not a third event. Outside operational 60d scope.",2518,AMERICAN_DEPOSITARY_SHARES,YES,ADR Common Stock,2506,Cellectis S.A.,Cellectis S.A. (consolidated reporting group),PROVEN_OFFICIAL_SECURITY_DESCRIPTION_AND_CANONICAL_COMPANY_CIK,0001627281,YES_CONSOLIDATED_GROUP;NOT_DEPOSITARY_BANK,,https://www.sec.gov/Archives/edgar/data/1627281/000119312526116428/clls-20251231.htm,,NO_EXACT_ISSUER_TIME_PROPOSED,2026-06-30,2026-10-06,7,6-K|0001171843-26-006010|2026-09-14T10:00:12.000Z|2026-09-14T10:00:12Z|MATCH|https://www.sec.gov/Archives/edgar/data/1627281/000117184326006010/f6k_091326.htm;6-K|0001171843-26-006002|2026-09-11T20:35:03.000Z|2026-09-11T20:35:03Z|MATCH|https://www.sec.gov/Archives/edgar/data/1627281/000117184326006002/f6k_091126.htm;6-K/A|0001193125-26-389336|2026-09-11T20:30:29.000Z|2026-09-11T20:30:29Z|MATCH|https://www.sec.gov/Archives/edgar/data/1627281/000119312526389336/clls-20260630.htm;6-K|0001171843-26-005837|2026-09-01T20:35:05.000Z|2026-09-01T20:35:05Z|MATCH|https://www.sec.gov/Archives/edgar/data/1627281/000117184326005837/f6k_090126.htm;6-K|0001171843-26-005324|2026-08-06T20:35:15.000Z|2026-08-06T20:35:15Z|MATCH|https://www.sec.gov/Archives/edgar/data/1627281/000117184326005324/f6k_080626.htm;6-K|0001193125-26-338220|2026-08-06T20:30:05.000Z|2026-08-06T20:30:05Z|MATCH|https://www.sec.gov/Archives/edgar/data/1627281/000119312526338220/clls_6-k_q2_2026.htm;6-K|0001171843-26-005091|2026-07-30T20:35:05.000Z|2026-07-30T20:35:05Z|MATCH|https://www.sec.gov/Archives/edgar/data/1627281/000117184326005091/f6k_073026.htm,https://www.sec.gov/Archives/edgar/data/1627281/000117184326005324/0001171843-26-005324-index.html|sha256=7bf563fd8138989666ba28c1d3134d9e568abc5c7516a922f843eba4057e4741;https://www.sec.gov/Archives/edgar/data/1627281/000117184326005324/exh_991.htm|sha256=4d91ec289bab6a74cbe7396378392ce6aa0e8ec9c5f610d025243c4fcc6e6e6f;https://www.sec.gov/Archives/edgar/data/1627281/000117184326005324/f6k_080626.htm|sha256=638a18b89f1c8595328cdbe9e9f97a918c9ff8dc59726ac68f83f0dfea9d5ec2;https://www.sec.gov/Archives/edgar/data/1627281/000119312526116428/clls-20251231.htm|sha256=02a2a26340a6994a73558384e6418c0d48739395fb6dd37a5d1e3412d0496c49;https://www.sec.gov/Archives/edgar/data/1627281/000119312526338220/0001193125-26-338220-index.html|sha256=726dded1eab2ecb0b5866dea37f215fe30cca9f6e7a08e27a6b66db3ec94aca8;https://www.sec.gov/Archives/edgar/data/1627281/000119312526338220/clls-ex99_1.htm|sha256=46122e286f2bfae3b6c178afb0c07359e5f6b77dff1a7358f6241e4b7528ead2;https://www.sec.gov/Archives/edgar/data/1627281/000119312526338220/clls_6-k_q2_2026.htm|sha256=c3c66bf7c5956b3531ed77541cedfba88b17b121fd19a09b239bbdd0d781c8a1,2026-10-06T17:23:16.490381+00:00,2026-10-06T17:42:26.863936+00:00
