ticker,company_id,current_pb,reason,warnings,equity_usd,price_date,provider_pb,provider_date,provider_history_valid_count,prior_reason,newly_valid,ownership_contract,ownership_release_type,share_source_date,provider_declared_factor,reviewed_factor,economic_units,review_content_hash,audit_classification
A,1,6.483636203184456,OK,,7363000000.0,2026-10-06,5.741,2026-09-01,4,OK,0,,,,,,,,
AA,2,1.5600397449565073,OK,,7303000000.0,2026-10-06,1.625,2026-07-30,4,OK,0,,,,,,,,
AAL,3,,NEGATIVE_EQUITY,,-3972000000.0,2026-10-06,,2026-07-23,0,NEGATIVE_EQUITY,0,,,,,,,,
AAOI,4,6.599141018642883,OK,,1668025000.0,2026-10-06,6.298,2026-08-06,4,OK,0,,,,,,,,
AAON,5,7.186833899668202,OK,,1010416000.0,2026-10-06,7.282,2026-08-10,4,OK,0,,,,,,,,
AAP,6,1.1036314139917565,OK,,2257000000.0,2026-10-06,1.134,2026-08-20,4,OK,0,,,,,,,,
AAPL,7,45.2851222531682,OK,,107520000000.0,2026-10-06,41.93,2026-07-31,4,OK,0,,,,,,,,
AAT,8,1.1764160663652388,OK,,1122214000.0,2026-10-06,1.291,2026-07-31,4,OK,0,,,,,,,,
ABAT,9,,MISSING_EQUITY,,,2026-10-06,,2026-09-14,0,MISSING_EQUITY,0,,,,,,,,
ABBV,10,,NEGATIVE_EQUITY,,-5982000000.0,2026-10-06,,2026-08-03,0,NEGATIVE_EQUITY,0,,,,,,,,
ABCL,11,4.499833330658923,OK,,896020000.0,2026-10-06,2.026,2026-08-05,4,OK,0,,,,,,,,
ABEO,12,,OWNERSHIP_BASIS_UNVERIFIED,,128058000.0,2026-10-06,2.833,2026-08-13,4,OWNERSHIP_BASIS_UNVERIFIED,0,,,,,,,,REQUIRES_MORE_EVIDENCE
ABG,13,0.7767937732736477,OK,,3923200000.0,2026-10-06,1.06,2026-07-31,4,OK,0,,,,,,,,
ABM,14,,MISSING_EQUITY,,,2026-10-06,,2026-09-08,0,MISSING_EQUITY,0,,,,,,,,
ABNB,15,12.31430121432366,OK,,7799000000.0,2026-10-06,11.643,2026-08-06,4,OK,0,,,,,,,,
ABOS,16,2.563681373329827,OK,,57263000.0,2026-10-06,3.17,2026-08-12,4,OK,0,,,,,,,,
ABR,17,,OWNERSHIP_BASIS_UNVERIFIED,,2777935000.0,2026-10-06,0.336,2026-07-31,4,OWNERSHIP_BASIS_UNVERIFIED,0,,,,,,,,REQUIRES_MORE_EVIDENCE
ABSI,18,7.160723197235047,OK,,246131000.0,2026-10-06,6.561,2026-08-11,4,OK,0,,,,,,,,
ABT,19,3.281450304706404,OK,,51762000000.0,2026-10-06,3.586,2026-07-28,4,OK,0,,,,,,,,
ABUS,20,3.4257644157245037,OK,,258733000.0,2026-10-06,3.51,2026-08-12,4,OK,0,,,,,,,,
ABVC,21,2.513295895736228,OK,,10287183.0,2026-10-06,2.488,2026-08-12,4,OK,0,,,,,,,,
ACA,22,2.411473039419435,OK,,2983300000.0,2026-10-06,2.392,2026-08-05,4,OK,0,,,,,,,,
ACAD,23,2.6031589296280653,OK,,1306609000.0,2026-10-06,3.58,2026-08-04,4,OK,0,,,,,,,,
ACCO,24,0.5836840711854104,OK,,691100000.0,2026-10-06,0.564,2026-07-31,4,OK,0,,,,,,,,
ACDC,25,,OWNERSHIP_BASIS_UNVERIFIED,,542500000.0,2026-10-06,1.499,2026-08-06,4,OWNERSHIP_BASIS_UNVERIFIED,0,,,,,,,,REQUIRES_MORE_EVIDENCE
ACEL,26,,OWNERSHIP_BASIS_UNVERIFIED,HISTORICAL_OHLC_INCOMPLETE,283864000.0,2026-10-06,3.478,2026-08-04,4,OWNERSHIP_BASIS_UNVERIFIED,0,,,,,,,,REQUIRES_MORE_EVIDENCE
ACHC,27,1.3660765082879416,OK,,1979122000.0,2026-10-06,1.538,2026-07-28,4,OK,0,,,,,,,,
ACHR,28,,OWNERSHIP_BASIS_UNVERIFIED,,1869000000.0,2026-10-06,2.579,2026-08-10,4,OWNERSHIP_BASIS_UNVERIFIED,0,,,,,,,,REQUIRES_MORE_EVIDENCE
ACHV,29,,NEGATIVE_EQUITY,,-14676000.0,2026-10-06,,2026-08-11,3,NEGATIVE_EQUITY,0,,,,,,,,
ACI,30,3.454789247023956,OK,,1612700000.0,2026-10-06,3.485,2026-07-28,4,OK,0,,,,,,,,
ACIW,31,3.4203846340340878,OK,,1496744000.0,2026-10-06,3.725,2026-08-06,4,OK,0,,,,,,,,
ACLS,32,4.089731750326133,OK,,1065821000.0,2026-10-06,3.96,2026-08-06,4,OK,0,,,,,,,,
ACM,33,3.5300771036550542,OK,,2193260000.0,2026-10-06,3.934,2026-08-11,4,OK,0,,,,,,,,
ACMR,34,2.8213077048049575,OK,,1860154000.0,2026-10-06,3.138,2026-08-07,4,OK,0,,,,,,,,
ACN,35,4.049931904507616,OK,,31890566000.0,2026-10-06,2.68,2026-06-18,4,OK,0,,,,,,,,
ACRE,36,0.42527298022382337,OK,,489225000.0,2026-10-06,0.482,2026-08-03,4,OK,0,,,,,,,,
ACRS,37,4.37174136601079,OK,,124581000.0,2026-10-06,7.196,2026-08-06,4,OK,0,,,,,,,,
ACRV,38,0.9197167707035396,OK,,86665000.0,2026-10-06,0.85,2026-08-12,4,OK,0,,,,,,,,
ACTG,39,0.80953690418551,OK,,526788000.0,2026-10-06,0.865,2026-08-06,4,OK,0,,,,,,,,
ACVA,40,4.546899620524034,OK,,389891000.0,2026-10-06,3.162,2026-08-10,4,OK,0,,,,,,,,
ACXP,41,0.8468559808534464,OK,,8152031.0,2026-10-06,0.957,2026-08-13,4,OK,0,,,,,,,,
AD,42,,OWNERSHIP_BASIS_UNVERIFIED,HISTORICAL_OHLC_INCOMPLETE,1265532000.0,2026-10-06,2.409,2026-08-07,4,OWNERSHIP_BASIS_UNVERIFIED,0,,,,,,,,REQUIRES_MORE_EVIDENCE
ADAM,43,,OWNERSHIP_BASIS_UNVERIFIED,,1472463000.0,2026-10-06,0.554,2026-07-31,4,OWNERSHIP_BASIS_UNVERIFIED,0,,,,,,,,REQUIRES_MORE_EVIDENCE
ADBE,44,,MISSING_EQUITY,,,2026-10-06,,2026-09-22,0,MISSING_EQUITY,0,,,,,,,,
ADC,45,,OWNERSHIP_BASIS_UNVERIFIED,,6520136000.0,2026-10-06,1.496,2026-07-30,4,OWNERSHIP_BASIS_UNVERIFIED,0,,,,,,,,REQUIRES_MORE_EVIDENCE
ADCT,46,,NEGATIVE_EQUITY,,-228205000.0,2026-10-06,,2026-08-13,0,NEGATIVE_EQUITY,0,,,,,,,,
ADEA,47,5.687486370772175,OK,,477187000.0,2026-10-06,6.912,2026-08-05,4,OK,0,,,,,,,,
ADI,48,6.073876367318711,OK,,33550897000.0,2026-10-06,5.391,2026-08-19,4,OK,0,,,,,,,,
ADM,49,1.680317933722766,OK,,23580000000.0,2026-10-06,1.632,2026-08-04,4,OK,0,,,,,,,,
ADMA,50,5.585789868779396,OK,,408208000.0,2026-10-06,5.081,2026-08-05,4,OK,0,,,,,,,,
ADNT,51,0.7807792347981998,OK,,1729000000.0,2026-10-06,0.915,2026-08-05,4,OK,0,,,,,,,,
ADP,52,17.281112524877575,OK,,6031200000.0,2026-10-06,17.79,2026-08-05,4,OK,0,,,,,,,,
ADPT,53,30.039940726024167,OK,,142914000.0,2026-10-06,27.416,2026-08-04,4,OK,0,,,,,,,,
ADSK,54,14.288359368865814,OK,,3383000000.0,2026-10-06,16.103,2026-08-28,4,OK,0,,,,,,,,
ADT,55,1.3361429427452904,OK,,3477440000.0,2026-10-06,1.578,2026-07-30,4,OK,0,,,,,,,,
ADTN,56,4.794615412057368,OK,,129497000.0,2026-10-06,5.512,2026-08-04,4,OK,0,,,,,,,,
ADUS,57,1.8405007820248704,OK,,1148157000.0,2026-10-06,1.849,2026-08-04,4,OK,0,,,,,,,,
ADV,58,,OWNERSHIP_BASIS_UNVERIFIED,,401819000.0,2026-10-06,1.054,2026-08-05,4,OWNERSHIP_BASIS_UNVERIFIED,0,,,,,,,,REQUIRES_MORE_EVIDENCE
AEE,59,2.056653893926051,OK,,13687000000.0,2026-10-06,2.215,2026-08-03,4,OK,0,,,,,,,,
AEHR,60,13.69247209975836,OK,,219511000.0,2026-10-06,11.514,2026-07-27,4,OK,0,,,,,,,,
AEI,61,0.23239707462471484,OK,,114479704.0,2026-10-06,0.455,2026-08-14,4,OK,0,,,,,,,,
AEIS,62,8.327774111896643,OK,,1456100000.0,2026-10-06,8.152,2026-08-03,4,OK,0,,,,,,,,
AEMD,63,0.8329571659171293,OK,LARGE_ENDPOINT_VS_AVERAGE_SHARE_DIFFERENCE,5199329.0,2026-10-06,0.401,2026-08-13,4,OK,0,,,,,,,,
AEO,64,,MISSING_EQUITY,,,2026-10-06,,2026-09-10,0,MISSING_EQUITY,0,,,,,,,,
AEP,65,,OWNERSHIP_BASIS_UNVERIFIED,,32079000000.0,2026-10-06,2.168,2026-07-30,4,OWNERSHIP_BASIS_UNVERIFIED,0,,,,,,,,REQUIRES_MORE_EVIDENCE
AES,66,,OWNERSHIP_BASIS_UNVERIFIED,,4942000000.0,2026-10-06,2.119,2026-08-04,4,OWNERSHIP_BASIS_UNVERIFIED,0,,,,,,,,REQUIRES_MORE_EVIDENCE
AESI,67,1.4274864685463025,OK,,1113001000.0,2026-10-06,1.198,2026-08-05,4,OK,0,,,,,,,,
AEVA,68,,OWNERSHIP_BASIS_UNVERIFIED,,27530000.0,2026-10-06,63.958,2026-08-06,3,OWNERSHIP_BASIS_UNVERIFIED,0,,,,,,,,REQUIRES_MORE_EVIDENCE
AEYE,69,26.987944473779095,OK,,3223000.0,2026-10-06,22.659,2026-08-13,4,OK,0,,,,,,,,
AFCG,70,0.39709559576626835,OK,,187269500.0,2026-10-06,0.364,2026-08-13,4,OK,0,,,,,,,,
AGCO,71,1.9940662558167674,OK,,4080600000.0,2026-10-06,1.839,2026-07-30,4,OK,0,,,,,,,,
AGEN,72,,NEGATIVE_EQUITY,,-199075000.0,2026-10-06,,2026-08-07,0,NEGATIVE_EQUITY,0,,,,,,,,
AGIO,73,1.8457162729086158,OK,,1026021000.0,2026-10-06,1.906,2026-07-30,4,OK,0,,,,,,,,
AGL,74,6.154816525605107,OK,,227527000.0,2026-10-06,7.959,2026-08-05,4,OK,0,,,,,,,,
AGNC,75,,OWNERSHIP_BASIS_UNVERIFIED,,12543000000.0,2026-10-06,1.008,2026-07-31,4,OWNERSHIP_BASIS_UNVERIFIED,0,,,,,,,,REQUIRES_MORE_EVIDENCE
AGX,76,11.616081442815695,OK,,506839000.0,2026-10-06,11.36,2026-09-02,4,OK,0,,,,,,,,
AGYS,77,8.235966453588304,OK,,338327000.0,2026-10-06,8.607,2026-07-27,4,OK,0,,,,,,,,
AHCO,78,,OWNERSHIP_BASIS_UNVERIFIED,,1378466000.0,2026-10-06,0.664,2026-08-04,4,OWNERSHIP_BASIS_UNVERIFIED,0,,,,,,,,REQUIRES_MORE_EVIDENCE
AHR,79,2.979190281150492,OK,,3694547000.0,2026-10-06,3.348,2026-08-07,4,OK,0,,,,,,,,
AI,80,,MISSING_EQUITY,,,2026-10-06,,2026-09-09,0,MISSING_EQUITY,0,,,,,,,,
AIFF,81,1.3375772352178954,OK,,14663000.0,2026-10-06,1.22,2026-08-11,4,OK,0,,,,,,,,
VAI,82,,NEGATIVE_EQUITY,LARGE_ENDPOINT_VS_AVERAGE_SHARE_DIFFERENCE,-38579592.0,2026-10-06,,2026-08-14,1,NEGATIVE_EQUITY,0,,,,,,,,
AIMD,83,,OWNERSHIP_BASIS_UNVERIFIED,,3283985.0,2026-10-06,3.26,2026-08-03,4,OWNERSHIP_BASIS_UNVERIFIED,0,,,,,,,,REQUIRES_MORE_EVIDENCE
AIN,84,2.258855956037255,OK,HISTORICAL_OHLC_INCOMPLETE,745689000.0,2026-10-06,2.399,2026-08-04,4,OK,0,,,,,,,,
AIOT,85,0.7537531867769451,OK,,482588000.0,2026-10-06,0.851,2026-08-10,4,OK,0,,,,,,,,
AIP,86,17.52578804282168,OK,,67674000.0,2026-10-06,22.966,2026-08-06,2,OK,0,,,,,,,,
AIR,87,,MISSING_EQUITY,,,2026-10-06,,2026-09-29,0,MISSING_EQUITY,0,,,,,,,,
AIRJ,88,,OWNERSHIP_BASIS_UNVERIFIED,,248637802.0,2026-10-06,1.782,2026-08-14,4,OWNERSHIP_BASIS_UNVERIFIED,0,,,,,,,,REQUIRES_MORE_EVIDENCE
AIRS,89,1.2791617995586293,OK,,104832000.0,2026-10-06,1.891,2026-08-10,4,OK,0,,,,,,,,
AISP,90,,NEGATIVE_EQUITY,,-8623772.0,2026-10-06,,2026-08-06,0,NEGATIVE_EQUITY,0,,,,,,,,
AIT,91,6.800453752386995,OK,,1861749000.0,2026-10-06,7.049,2026-08-13,4,OK,0,,,,,,,,
AIV,92,,OWNERSHIP_BASIS_UNVERIFIED,,671569000.0,2026-10-06,0.925,2026-05-11,4,OWNERSHIP_BASIS_UNVERIFIED,0,,,,,,,,REQUIRES_MORE_EVIDENCE
AKAM,93,3.2874471049191687,OK,,4748517000.0,2026-10-06,3.346,2026-08-07,4,OK,0,,,,,,,,
AKBA,94,9.736045711139477,OK,,25018000.0,2026-10-06,14.288,2026-08-05,4,OK,0,,,,,,,,
AKR,95,1.0808199239177174,OK,,2336697000.0,2026-10-06,1.33,2026-07-29,4,OK,0,,,,,,,,
ALAB,96,39.186611041906325,OK,,1725704000.0,2026-10-06,32.012,2026-08-05,4,OK,0,,,,,,,,
ALB,97,,OWNERSHIP_BASIS_UNVERIFIED,,10275169000.0,2026-10-06,1.365,2026-08-05,4,OWNERSHIP_BASIS_UNVERIFIED,0,,,,,,,,REQUIRES_MORE_EVIDENCE
ALDX,98,1.458586781100466,OK,,37885303.0,2026-10-06,2.532,2026-08-06,4,OK,0,,,,,,,,
ALEC,99,,NEGATIVE_EQUITY,,-9970000.0,2026-10-06,,2026-08-06,3,NEGATIVE_EQUITY,0,,,,,,,,
ALG,100,1.6606502290011593,OK,HISTORICAL_OHLC_INCOMPLETE,1188110000.0,2026-10-06,1.679,2026-08-03,4,OK,0,,,,,,,,
ALGM,101,7.492608952302406,OK,,964276000.0,2026-10-06,8.022,2026-07-31,4,OK,0,,,,,,,,
ALGN,102,2.3741756491102386,OK,,4232453000.0,2026-10-06,2.934,2026-08-05,4,OK,0,,,,,,,,
ALGS,103,2.107371895284967,OK,,31884000.0,2026-10-06,2.158,2026-08-06,4,OK,0,,,,,,,,
ALGT,104,1.192641249240994,OK,,1777374000.0,2026-10-06,1.377,2026-08-10,4,OK,0,,,,,,,,
ALHC,105,6.548582298527638,OK,,265131000.0,2026-10-06,14.56,2026-07-30,4,OK,0,,,,,,,,
ALIT,106,,OWNERSHIP_BASIS_UNVERIFIED,,1024000000.0,2026-10-06,0.452,2026-08-04,4,OWNERSHIP_BASIS_UNVERIFIED,0,,,,,,,,REQUIRES_MORE_EVIDENCE
ALK,107,1.213037708087973,OK,,3670000000.0,2026-10-06,1.598,2026-08-04,4,OK,0,,,,,,,,
ALKS,108,3.863504207672687,OK,,1808550000.0,2026-10-06,4.684,2026-07-28,4,OK,0,,,,,,,,
ALKT,109,4.160592761835972,OK,,362677000.0,2026-10-06,5.252,2026-07-30,4,OK,0,,,,,,,,
ALLE,110,6.229448186391166,OK,,2118600000.0,2026-10-06,6.204,2026-07-23,4,OK,0,,,,,,,,
ALLO,111,1.1564548620150885,OK,,436175000.0,2026-10-06,1.64,2026-08-12,4,OK,0,,,,,,,,
ALLR,112,4.432144617535275,OK,,3536000.0,2026-10-06,6.165,2026-08-14,4,OK,0,,,,,,,,
ALMU,113,,MISSING_EQUITY,,,2026-10-06,,2026-09-16,0,MISSING_EQUITY,0,,,,,,,,
ALNT,114,6.383005607916636,OK,,312294000.0,2026-10-06,5.077,2026-08-05,4,OK,0,,,,,,,,
ALNY,115,22.128953467572558,OK,,1354118000.0,2026-10-06,20.305,2026-07-30,4,OK,0,,,,,,,,
ALRM,116,3.1863459902971205,OK,,864455000.0,2026-10-06,3.197,2026-08-06,4,OK,0,,,,,,,,
ALSN,117,4.788190935068216,OK,,1979000000.0,2026-10-06,4.929,2026-08-05,4,OK,0,,,,,,,,
ALT,118,1.0952204022507483,OK,,474208000.0,2026-10-06,1.202,2026-08-12,4,OK,0,,,,,,,,
ALTG,119,,NEGATIVE_EQUITY,,-36200000.0,2026-10-06,,2026-08-06,1,NEGATIVE_EQUITY,0,,,,,,,,
ALTO,120,1.1192924537377298,OK,,259877000.0,2026-10-06,1.31,2026-08-07,4,OK,0,,,,,,,,
ALUR,121,,NEGATIVE_EQUITY,HISTORICAL_PRICE_MISMATCH,-82928000.0,2026-10-06,,2025-11-17,0,NEGATIVE_EQUITY,0,,,,,,,,
ALV,122,,OWNERSHIP_BASIS_UNVERIFIED,,2490000000.0,2026-10-06,3.537,2026-07-17,4,OWNERSHIP_BASIS_UNVERIFIED,0,,,,,,,,REQUIRES_MORE_EVIDENCE
ALXO,123,1.1270346556431106,OK,,136187000.0,2026-10-06,2.142,2026-08-06,4,OK,0,,,,,,,,
ALZN,124,,MISSING_EQUITY,,,2026-10-06,,2026-09-10,0,MISSING_EQUITY,0,,,,,,,,
AM,125,5.158189669586405,OK,,1945374000.0,2026-10-06,5.251,2026-07-29,4,OK,0,,,,,,,,
AMAT,126,16.421639413078907,OK,,25626000000.0,2026-10-06,15.367,2026-08-20,4,OK,0,,,,,,,,
AMBA,127,4.834532202145427,OK,,620316000.0,2026-10-06,4.475,2026-09-04,4,OK,0,,,,,,,,
AMC,128,,NEGATIVE_EQUITY,,-1452700000.0,2026-10-06,,2026-07-23,0,NEGATIVE_EQUITY,0,,,,,,,,
AMCR,129,1.6380135439308787,OK,,11790000000.0,2026-10-06,1.805,2026-08-14,4,OK,0,,,,,,,,
AMCX,130,0.497049757905571,OK,,911226000.0,2026-10-06,0.44,2026-07-30,4,OK,0,,,,,,,,
AMD,131,15.770586604142816,OK,,67224000000.0,2026-10-06,11.706,2026-08-05,4,OK,0,,,,,,,,
AME,132,5.165561437314675,OK,,11260763000.0,2026-10-06,5.172,2026-08-04,4,OK,0,,,,,,,,
AMGN,133,18.62238608083127,OK,,11688000000.0,2026-10-06,18.864,2026-08-05,4,OK,0,,,,,,,,
AMH,134,,OWNERSHIP_BASIS_UNVERIFIED,,6807579000.0,2026-10-06,1.766,2026-07-31,4,OWNERSHIP_BASIS_UNVERIFIED,0,,,,,,,,REQUIRES_MORE_EVIDENCE
AMIX,135,1.065629107457863,OK,LARGE_ENDPOINT_VS_AVERAGE_SHARE_DIFFERENCE,3162000.0,2026-10-06,2.107,2026-08-13,4,OK,0,,,,,,,,
AMKR,136,2.852409061484584,OK,,4650412000.0,2026-10-06,2.441,2026-07-28,4,OK,0,,,,,,,,
AMLX,137,13.063266955436356,OK,,239167000.0,2026-10-06,11.27,2026-08-06,4,OK,0,,,,,,,,
AMN,138,1.9190540548900914,OK,,741278000.0,2026-10-06,1.881,2026-08-07,4,OK,0,,,,,,,,
AMOD,139,,NEGATIVE_EQUITY,LARGE_ENDPOINT_VS_AVERAGE_SHARE_DIFFERENCE,-6125609.0,2026-10-06,,2026-08-14,0,NEGATIVE_EQUITY,0,,,,,,,,
AMPG,140,,OWNERSHIP_BASIS_UNVERIFIED,,46753882.0,2026-10-06,3.849,2026-08-13,4,OWNERSHIP_BASIS_UNVERIFIED,0,,,,,,,,REQUIRES_MORE_EVIDENCE
AMPH,141,1.4348084083712378,OK,,768157000.0,2026-10-06,1.097,2026-08-06,4,OK,0,,,,,,,,
AMPL,142,13.564873282829632,OK,,136198000.0,2026-10-06,9.878,2026-08-06,4,OK,0,,,,,,,,
AMPX,143,,OWNERSHIP_BASIS_UNVERIFIED,,125636000.0,2026-10-06,13.011,2026-08-06,4,OWNERSHIP_BASIS_UNVERIFIED,0,,,,,,,,REQUIRES_MORE_EVIDENCE
AMPY,144,0.4229797210819702,OK,,439087000.0,2026-10-06,0.393,2026-08-10,4,OK,0,,,,,,,,
AMR,145,1.4971369657905829,OK,,1498819000.0,2026-10-06,1.285,2026-08-07,4,OK,0,,,,,,,,
AMRC,146,0.9731558035793447,OK,,1236741000.0,2026-10-06,1.199,2026-08-04,4,OK,0,,,,,,,,
AMRX,147,196.25992643137627,OK,,33024000.0,2026-10-06,174.743,2026-08-06,1,OK,0,,,,,,,,
AMSC,148,2.695113268077172,OK,,572474000.0,2026-10-06,2.787,2026-08-05,4,OK,0,,,,,,,,
AMST,149,,MISSING_EQUITY,LARGE_ENDPOINT_VS_AVERAGE_SHARE_DIFFERENCE,,2026-10-06,,2026-09-23,0,MISSING_EQUITY,0,,,,,,,,
AMT,150,20.641690496717775,OK,,3719700000.0,2026-10-06,21.483,2026-07-28,4,OWNERSHIP_BASIS_UNVERIFIED,1,PB_OWNERSHIP_BASIS_V1,ORDINARY_COMMON,2026-07-21,1.0,,465960048.0,58acfa90b8405c69035979236108cc2f29fd4eec2b9057c136ef284aeecc89bd,SAFE_TO_RELEASE_UNDER_GENERIC_CONTRACT
AMTX,151,,NEGATIVE_EQUITY,,-322107000.0,2026-10-06,,2026-08-06,0,NEGATIVE_EQUITY,0,,,,,,,,
AMZN,152,5.011465134578309,OK,,551620000000.0,2026-10-06,5.31,2026-07-31,4,OK,0,,,,,,,,
AN,153,2.3143003145771703,OK,,2259100000.0,2026-10-06,3.108,2026-07-31,4,OK,0,,,,,,,,
ANAB,154,,MISSING_EQUITY,,,2026-10-06,,2026-09-21,0,MISSING_EQUITY,0,,,,,,,,
ANDE,155,1.716164308621982,OK,,1318704000.0,2026-10-06,1.919,2026-08-04,4,OK,0,,,,,,,,
ANET,156,18.355375562625976,OK,,14797700000.0,2026-10-06,16.817,2026-08-05,4,OK,0,,,,,,,,
ANF,157,4.429459962695383,OK,,1354521000.0,2026-10-06,4.689,2026-09-04,4,OK,0,,,,,,,,
ANGI,158,0.35152191602559274,OK,,687625000.0,2026-10-06,0.366,2026-08-04,4,OK,0,,,,,,,,
ANGO,159,3.489027089321885,OK,,170825000.0,2026-10-06,3.145,2026-07-14,4,OK,0,,,,,,,,
ANIP,160,2.750848104073685,OK,,597212000.0,2026-10-06,3.01,2026-08-07,4,OK,0,,,,,,,,
ANNX,161,4.1062014597109835,OK,,186061000.0,2026-10-06,5.431,2026-08-12,4,OK,0,,,,,,,,
ANRO,162,4.2401354839362755,OK,,219249000.0,2026-10-06,5.223,2026-08-12,4,OK,0,,,,,,,,
ANTX,163,2.520023815121698,OK,,75921000.0,2026-10-06,2.918,2026-08-11,4,OK,0,,,,,,,,
ANVS,164,,NEGATIVE_EQUITY,,-4254618.0,2026-10-06,,2026-08-14,3,NEGATIVE_EQUITY,0,,,,,,,,
AORT,165,2.3897480258078905,OK,,445585000.0,2026-10-06,2.967,2026-08-07,4,OK,0,,,,,,,,
AOS,166,,OWNERSHIP_BASIS_UNVERIFIED,,1841900000.0,2026-10-06,4.413,2026-07-30,4,OWNERSHIP_BASIS_UNVERIFIED,0,,,,,,,,REQUIRES_MORE_EVIDENCE
AOSL,167,1.135431727570445,OK,,797901000.0,2026-10-06,0.995,2026-08-27,4,OK,0,,,,,,,,
APA,168,2.2006125988329326,OK,,7021000000.0,2026-10-06,1.823,2026-08-06,4,OK,0,,,,,,,,
APD,169,4.507025016926201,OK,,13883800000.0,2026-10-06,4.815,2026-07-30,4,OK,0,,,,,,,,
APEI,170,2.6934516339414523,OK,,314057000.0,2026-10-06,2.762,2026-08-10,4,OK,0,,,,,,,,
APG,171,5.088577063488135,OK,,3516000000.0,2026-10-06,4.818,2026-07-30,4,OK,0,,,,,,,,
APGE,172,,STALE_PRICE,,1194604000.0,2026-09-03,8.531,2026-08-10,4,STALE_PRICE,0,,,,,,,,
APH,173,14.106612273210024,OK,,15491600000.0,2026-10-06,12.79,2026-07-31,4,OK,0,,,,,,,,
APLD,174,4.3003962457435545,OK,,1717476000.0,2026-10-06,3.941,2026-07-29,4,OK,0,,,,,,,,
APLE,175,1.2274496872270464,OK,,3140846000.0,2026-10-06,1.244,2026-08-05,4,OK,0,,,,,,,,
APOG,176,1.6302749702647754,OK,,512019000.0,2026-10-06,1.864,2026-06-30,4,OK,0,,,,,,,,
APP,177,29.495268241289477,OK,,3163016000.0,2026-10-06,44.204,2026-08-05,4,OK,0,,,,,,,,
APPF,178,13.685713280925556,OK,,526142000.0,2026-10-06,11.036,2026-07-23,4,OK,0,,,,,,,,
APPN,179,,NEGATIVE_EQUITY,,-105181000.0,2026-10-06,,2026-08-06,0,NEGATIVE_EQUITY,0,,,,,,,,
APPS,180,6.660617627190955,OK,,190592000.0,2026-10-06,8.362,2026-08-05,4,OK,0,,,,,,,,
APTV,181,1.060820611879202,OK,,8753000000.0,2026-10-06,1.132,2026-08-04,4,OWNERSHIP_BASIS_UNVERIFIED,1,PB_OWNERSHIP_BASIS_V1,IDENTITY_OVERRIDE,2026-07-31,1.0,,207633331.0,8977453bc556116976550a6b81d474ca953302f541c8d596257c9e25220e81e1,REQUIRES_OFFICIAL_IDENTITY_OVERRIDE
APVO,182,0.5354305698837671,OK,LARGE_ENDPOINT_VS_AVERAGE_SHARE_DIFFERENCE,6041000.0,2026-10-06,0.877,2026-08-14,4,OK,0,,,,,,,,
AQB,183,1.6018974278536733,OK,,2811543.0,2026-10-06,1.959,2026-08-06,2,OK,0,,,,,,,,
AQMS,184,0.787117819828852,OK,,9530000.0,2026-10-06,1.069,2026-07-30,4,OK,0,,,,,,,,
AQST,185,,NEGATIVE_EQUITY,,-56586000.0,2026-10-06,,2026-08-11,0,NEGATIVE_EQUITY,0,,,,,,,,
AR,186,1.3204099477043014,OK,,8316903000.0,2026-10-06,1.299,2026-07-29,4,OK,0,,,,,,,,
ARAY,187,0.7447233430283221,OK,,41699000.0,2026-10-06,0.745,2026-08-27,4,OK,0,,,,,,,,
ARCB,188,2.2612445475319403,OK,,1267593000.0,2026-10-06,2.505,2026-07-30,4,OK,0,,,,,,,,
ARCT,189,2.1506559473365616,OK,,171808000.0,2026-10-06,1.006,2026-08-06,4,OK,0,,,,,,,,
ARDX,190,5.535160348837838,OK,,149013000.0,2026-10-06,8.144,2026-08-06,4,OK,0,,,,,,,,
ARE,191,,OWNERSHIP_BASIS_UNVERIFIED,,15553976000.0,2026-10-06,0.594,2026-08-03,4,OWNERSHIP_BASIS_UNVERIFIED,0,,,,,,,,REQUIRES_MORE_EVIDENCE
AREB,192,,STALE_EQUITY,LARGE_ENDPOINT_VS_AVERAGE_SHARE_DIFFERENCE;HISTORICAL_PRICE_MISMATCH,4381771.0,2026-10-06,0.34,2026-03-31,2,STALE_EQUITY,0,,,,,,,,
AREC,193,1.918724385571502,OK,,94777118.0,2026-10-06,2.415,2026-05-20,1,OK,0,,,,,,,,
ARHS,194,3.388811588407192,OK,,414947000.0,2026-10-06,3.307,2026-08-06,4,OK,0,,,,,,,,
ARKO,195,,OWNERSHIP_BASIS_UNVERIFIED,,402092000.0,2026-10-06,1.579,2026-08-07,4,OWNERSHIP_BASIS_UNVERIFIED,0,,,,,,,,REQUIRES_MORE_EVIDENCE
ARLO,196,8.68916771314057,OK,,158525000.0,2026-10-06,10.502,2026-08-06,4,OK,0,,,,,,,,
ARLP,197,1.7942310277985356,OK,,1769010000.0,2026-10-06,1.842,2026-08-06,4,OK,0,,,,,,,,
ARMK,198,4.306753594487178,OK,,3394206000.0,2026-10-06,4.697,2026-08-11,4,OK,0,,,,,,,,
AROC,199,3.4828031803085215,OK,,1552105000.0,2026-10-06,3.833,2026-08-05,4,OK,0,,,,,,,,
ARQ,200,0.5321594097510088,OK,,168221000.0,2026-10-06,0.537,2026-08-10,4,OK,0,,,,,,,,
ARQT,201,13.630271769794657,OK,,220579000.0,2026-10-06,15.442,2026-08-05,4,OK,0,,,,,,,,
ARRY,202,,NEGATIVE_EQUITY,,-202080000.0,2026-10-06,,2026-08-05,0,NEGATIVE_EQUITY,0,,,,,,,,
ARTL,203,,OWNERSHIP_BASIS_UNVERIFIED,LARGE_ENDPOINT_VS_AVERAGE_SHARE_DIFFERENCE;HISTORICAL_PRICE_CORROBORATION_UNAVAILABLE,4997000.0,2026-10-06,0.674,2026-08-12,2,OWNERSHIP_BASIS_UNVERIFIED,0,,,,,,,,REQUIRES_MORE_EVIDENCE
ARVN,204,0.8501833021497192,OK,,562200000.0,2026-10-06,1.047,2026-08-04,4,OK,0,,,,,,,,
ARW,205,1.7469446369048787,OK,,7005181000.0,2026-10-06,1.615,2026-08-06,4,OK,0,,,,,,,,
ARWR,206,18.672950618548633,OK,,465529000.0,2026-10-06,27.184,2026-08-04,4,OK,0,,,,,,,,
ASAN,207,20.389869714209553,OK,,104323000.0,2026-10-06,22.146,2026-09-03,4,OK,0,,,,,,,,
ASH,208,,OWNERSHIP_BASIS_UNVERIFIED,,1870000000.0,2026-10-06,1.784,2026-07-29,4,OWNERSHIP_BASIS_UNVERIFIED,0,,,,,,,,REQUIRES_MORE_EVIDENCE
ASIX,209,0.5658339023634605,OK,,796912000.0,2026-10-06,0.558,2026-08-07,4,OK,0,,,,,,,,
ASLE,210,,OWNERSHIP_BASIS_UNVERIFIED,,418668000.0,2026-10-06,0.673,2026-08-07,4,OWNERSHIP_BASIS_UNVERIFIED,0,,,,,,,,REQUIRES_MORE_EVIDENCE
ASO,211,,MISSING_EQUITY,,,2026-10-06,,2026-09-09,0,MISSING_EQUITY,0,,,,,,,,
ASPI,212,1.65071127071467,OK,,264693000.0,2026-10-06,2.473,2026-08-14,4,OK,0,,,,,,,,
ASPN,213,2.531105472650262,OK,,192463000.0,2026-10-06,2.695,2026-08-07,4,OK,0,,,,,,,,
ASTE,214,1.3786483874222697,OK,,689100000.0,2026-10-06,1.505,2026-08-05,4,OK,0,,,,,,,,
ASTH,215,2.4839985546069494,OK,,830224000.0,2026-10-06,2.516,2026-08-10,4,OK,0,,,,,,,,
ASTI,216,1.5749955725796985,OK,,15270047.0,2026-10-06,2.07,2026-08-06,4,OK,0,,,,,,,,
ASTS,217,,OWNERSHIP_BASIS_UNVERIFIED,LARGE_ENDPOINT_VS_AVERAGE_SHARE_DIFFERENCE,1894017000.0,2026-10-06,14.128,2026-08-10,4,OWNERSHIP_BASIS_UNVERIFIED,0,,,,,,,,REQUIRES_MORE_EVIDENCE
ATEC,218,,NEGATIVE_EQUITY,,-12069000.0,2026-10-06,,2026-08-04,2,NEGATIVE_EQUITY,0,,,,,,,,
ATEN,219,8.720429870823443,OK,,237966000.0,2026-10-06,8.421,2026-08-06,4,OK,0,,,,,,,,
ATER,220,0.9157925683663943,OK,LARGE_ENDPOINT_VS_AVERAGE_SHARE_DIFFERENCE,12615000.0,2026-10-06,0.712,2026-08-14,4,OK,0,,,,,,,,
ATEX,221,5.723186358262179,OK,,285794000.0,2026-10-06,6.377,2026-08-11,4,OK,0,,,,,,,,
ATI,222,14.126398571277894,OK,,1876700000.0,2026-10-06,16.212,2026-08-06,4,OK,0,,,,,,,,
ATKR,223,2.5065493450842813,OK,,1276231000.0,2026-10-06,2.475,2026-08-04,4,OK,0,,,,,,,,
ATLX,224,1.5799654541887602,OK,,47436806.0,2026-10-06,2.037,2026-08-14,4,OK,0,,,,,,,,
ATMU,225,8.245669186932858,OK,,454800000.0,2026-10-06,9.18,2026-08-07,4,OK,0,,,,,,,,
ATO,226,1.7691787765193872,OK,,15258058000.0,2026-10-06,1.907,2026-08-05,4,OK,0,,,,,,,,
ATOM,227,4.694463352896806,OK,,37075000.0,2026-10-06,5.594,2026-08-06,4,OK,0,,,,,,,,
ATPC,228,0.09438161277892589,OK,,22051986.0,2026-10-06,0.113,2026-08-14,4,OK,0,,,,,,,,
ATR,229,2.9089720066408122,OK,,2628293000.0,2026-10-06,3.241,2026-07-31,4,OK,0,,,,,,,,
ATRA,230,,NEGATIVE_EQUITY,LARGE_ENDPOINT_VS_AVERAGE_SHARE_DIFFERENCE,-36996000.0,2026-10-06,,2026-08-12,0,NEGATIVE_EQUITY,0,,,,,,,,
ATRC,231,5.28723508653235,OK,,516433000.0,2026-10-06,3.681,2026-07-27,4,OK,0,,,,,,,,
ATRO,232,,OWNERSHIP_BASIS_UNVERIFIED,,198220000.0,2026-10-06,19.07,2026-08-12,4,OWNERSHIP_BASIS_UNVERIFIED,0,,,,,,,,REQUIRES_MORE_EVIDENCE
AUID,233,3.168040920782414,OK,,2042515.0,2026-10-06,4.321,2026-08-14,4,OK,0,,,,,,,,
AUPH,234,3.3951780720444003,OK,,614864000.0,2026-10-06,3.49,2026-08-06,4,OK,0,,,,,,,,
AUR,235,,OWNERSHIP_BASIS_UNVERIFIED,,1953000000.0,2026-10-06,6.137,2026-07-29,4,OWNERSHIP_BASIS_UNVERIFIED,0,,,,,,,,REQUIRES_MORE_EVIDENCE
AURA,236,2.029577086856693,OK,,315267000.0,2026-10-06,2.645,2026-08-11,4,OK,0,,,,,,,,
AUTL,237,6.366078334113295,OK,,74839000.0,2026-10-06,8.287,2026-08-11,4,OK,0,,,,,,,,
AUUD,238,,OWNERSHIP_BASIS_UNVERIFIED,LARGE_ENDPOINT_VS_AVERAGE_SHARE_DIFFERENCE,10689369.0,2026-10-06,0.554,2026-08-14,4,OWNERSHIP_BASIS_UNVERIFIED,0,,,,,,,,REQUIRES_MORE_EVIDENCE
AVA,239,1.0447578775905675,OK,,2821000000.0,2026-10-06,1.174,2026-08-03,4,OK,0,,,,,,,,
AVAH,240,9.2824860444482,OK,,287277000.0,2026-10-06,8.576,2026-08-13,4,OK,0,,,,,,,,
AVAV,241,,MISSING_EQUITY,,,2026-10-06,,2026-09-10,0,MISSING_EQUITY,0,,,,,,,,
AVB,242,,STALE_PRICE,HISTORICAL_PRICE_MISMATCH,12022411000.0,2026-08-24,2.23,2026-07-30,4,STALE_PRICE,0,,,,,,,,
AVBP,243,2.0282728433674597,OK,,366841000.0,2026-10-06,4.229,2026-08-12,4,OK,0,,,,,,,,
AVD,244,0.27811299511739984,OK,,181387000.0,2026-10-06,0.372,2026-08-10,4,OK,0,,,,,,,,
AVGO,245,,MISSING_EQUITY,,,2026-10-06,,2026-09-10,0,MISSING_EQUITY,0,,,,,,,,
AVIR,246,1.9917800806142745,OK,,204158000.0,2026-10-06,1.988,2026-08-12,4,OK,0,,,,,,,,
AVNT,247,1.5615923031097785,OK,,2436900000.0,2026-10-06,1.605,2026-08-06,4,OK,0,,,,,,,,
AVNW,248,1.0101892298210824,OK,,267388000.0,2026-10-06,1.026,2026-08-27,4,OK,0,,,,,,,,
AVO,249,1.4632194384816755,OK,,764000000.0,2026-10-06,1.477,2026-09-08,4,OK,0,,,,,,,,
AVPT,250,,OWNERSHIP_BASIS_UNVERIFIED,,436874000.0,2026-10-06,6.194,2026-08-06,4,OWNERSHIP_BASIS_UNVERIFIED,0,,,,,,,,REQUIRES_MORE_EVIDENCE
AVT,251,1.7381976679058568,OK,,5022503000.0,2026-10-06,1.564,2026-08-14,4,OK,0,,,,,,,,
AVTR,252,,OWNERSHIP_BASIS_UNVERIFIED,,5630200000.0,2026-10-06,1.727,2026-07-29,4,OWNERSHIP_BASIS_UNVERIFIED,0,,,,,,,,REQUIRES_MORE_EVIDENCE
AVTX,253,,OWNERSHIP_BASIS_UNVERIFIED,,448660000.0,2026-10-06,2.235,2026-08-06,4,OWNERSHIP_BASIS_UNVERIFIED,0,,,,,,,,REQUIRES_MORE_EVIDENCE
AVXL,254,1.3189764903471408,OK,,112447000.0,2026-10-06,2.465,2026-08-28,4,OK,0,,,,,,,,
AVY,255,5.496173707858165,OK,,2322800000.0,2026-10-06,5.654,2026-08-04,4,OK,0,,,,,,,,
AWI,256,7.879534000066204,OK,HISTORICAL_OHLC_INCOMPLETE,884300000.0,2026-10-06,8.538,2026-07-28,4,OK,0,,,,,,,,
AWK,257,2.1813337691658776,OK,,11665000000.0,2026-10-06,2.353,2026-07-29,4,OK,0,,,,,,,,
AWR,258,2.882513785170788,OK,,1121480000.0,2026-10-06,3.002,2026-08-05,4,OK,0,,,,,,,,
AXGN,259,7.617667462196946,OK,,256257000.0,2026-10-06,8.679,2026-07-29,4,OK,0,,,,,,,,
AXON,260,9.254936409847808,OK,,3674537000.0,2026-10-06,11.551,2026-08-06,4,OK,0,,,,,,,,
AXSM,261,109.62344687284782,OK,,83304000.0,2026-10-06,138.894,2026-08-10,4,OK,0,,,,,,,,
AXTA,262,2.8343648796068988,OK,,2522000000.0,2026-10-06,2.956,2026-07-29,4,OK,0,,,,,,,,
AXTI,263,6.212380888687317,OK,,887274000.0,2026-10-06,5.724,2026-08-13,4,OK,0,,,,,,,,
AYI,264,3.180737281761088,OK,,2851500000.0,2026-10-06,3.773,2026-06-25,4,OK,0,,,,,,,,
AYTU,265,,MISSING_EQUITY,HISTORICAL_PRICE_CORROBORATION_UNAVAILABLE,,2026-10-06,,2026-09-22,0,MISSING_EQUITY,0,,,,,,,,
AZO,266,,NEGATIVE_EQUITY,,-2784552000.0,2026-10-06,,2026-06-12,0,NEGATIVE_EQUITY,0,,,,,,,,
AZTA,267,1.1415317484159944,OK,,1510129000.0,2026-10-06,0.892,2026-08-06,4,OK,0,,,,,,,,
AZZ,268,3.0921917587941348,OK,,1376044000.0,2026-10-06,3.136,2026-07-08,4,OK,0,,,,,,,,
BA,269,24.59476114512179,OK,,6100000000.0,2026-10-06,28.707,2026-07-28,3,OWNERSHIP_BASIS_UNVERIFIED,1,PB_OWNERSHIP_BASIS_V1,ORDINARY_COMMON,2026-07-21,1.0,,790370020.0,74b75fe3a629fd8c2e225d3ead664c14b330ef22d14899c219b4543b0f992188,SAFE_TO_RELEASE_UNDER_GENERIC_CONTRACT
BAER,270,,NEGATIVE_EQUITY,,-387092000.0,2026-10-06,,2026-08-06,0,NEGATIVE_EQUITY,0,,,,,,,,
BAH,271,6.81881696073534,OK,,1202000000.0,2026-10-06,7.258,2026-07-24,4,OK,0,,,,,,,,
BALL,272,2.6456515616587284,OK,,5746000000.0,2026-10-06,2.937,2026-08-04,4,OK,0,,,,,,,,
BAND,273,5.113383440463488,OK,,378173000.0,2026-10-06,3.144,2026-07-29,4,OK,0,,,,,,,,
BATRK,274,,MISSING_EQUITY,HISTORICAL_PRICE_CORROBORATION_UNAVAILABLE,,2026-10-06,,,0,MISSING_EQUITY,0,,,,,,,,
BAX,275,2.0293301403785557,OK,,6206000000.0,2026-10-06,2.228,2026-07-30,4,OK,0,,,,,,,,
BB,276,,MISSING_EQUITY,,,2026-10-06,,2026-09-24,0,MISSING_EQUITY,0,,,,,,,,
BBAI,277,,OWNERSHIP_BASIS_UNVERIFIED,,770324000.0,2026-10-06,1.762,2026-07-30,4,OWNERSHIP_BASIS_UNVERIFIED,0,,,,,,,,REQUIRES_MORE_EVIDENCE
NXH,278,,OWNERSHIP_BASIS_UNVERIFIED,LARGE_ENDPOINT_VS_AVERAGE_SHARE_DIFFERENCE,214764000.0,2026-10-06,2.468,2026-08-04,4,OWNERSHIP_BASIS_UNVERIFIED,0,,,,,,,,REQUIRES_MORE_EVIDENCE
BBCP,279,,OWNERSHIP_BASIS_UNVERIFIED,,267854000.0,2026-10-06,1.703,2026-09-03,4,OWNERSHIP_BASIS_UNVERIFIED,0,,,,,,,,REQUIRES_MORE_EVIDENCE
BBIO,280,,NEGATIVE_EQUITY,,-2515215000.0,2026-10-06,,2026-08-10,0,NEGATIVE_EQUITY,0,,,,,,,,
BBLG,281,,OWNERSHIP_BASIS_UNVERIFIED,LARGE_ENDPOINT_VS_AVERAGE_SHARE_DIFFERENCE,3924650.0,2026-10-06,0.46,2026-08-14,4,OWNERSHIP_BASIS_UNVERIFIED,0,,,,,,,,REQUIRES_MORE_EVIDENCE
BBOT,282,0.8684602691945826,OK,,323112000.0,2026-10-06,2.283,2026-08-11,4,OK,0,,,,,,,,
BBSI,283,3.7200728581851874,OK,,203780000.0,2026-10-06,3.935,2026-08-06,4,OK,0,,,,,,,,
BBW,284,,MISSING_EQUITY,,,2026-10-06,,2026-09-10,0,MISSING_EQUITY,0,,,,,,,,
BBWI,285,,NEGATIVE_EQUITY,,-1056000000.0,2026-10-06,,2026-08-26,0,NEGATIVE_EQUITY,0,,,,,,,,
BBY,286,5.590761814414367,OK,,3183000000.0,2026-10-06,5.948,2026-09-04,4,OK,0,,,,,,,,
BC,287,,OWNERSHIP_BASIS_UNVERIFIED,HISTORICAL_OHLC_INCOMPLETE,1678700000.0,2026-10-06,3.226,2026-08-05,4,OWNERSHIP_BASIS_UNVERIFIED,0,,,,,,,,REQUIRES_MORE_EVIDENCE
BCC,288,1.299599058319143,OK,HISTORICAL_OHLC_INCOMPLETE,2025665000.0,2026-10-06,1.43,2026-08-03,4,OK,0,,,,,,,,
BCDA,289,,OWNERSHIP_BASIS_UNVERIFIED,LARGE_ENDPOINT_VS_AVERAGE_SHARE_DIFFERENCE,2700000.0,2026-10-06,4.934,2026-08-12,3,OWNERSHIP_BASIS_UNVERIFIED,0,,,,,,,,REQUIRES_MORE_EVIDENCE
BCO,290,,OWNERSHIP_BASIS_UNVERIFIED,,310500000.0,2026-10-06,15.36,2026-08-05,4,OWNERSHIP_BASIS_UNVERIFIED,0,,,,,,,,REQUIRES_MORE_EVIDENCE
BCPC,291,4.0457669563407865,OK,,1302378000.0,2026-10-06,4.101,2026-07-31,4,OK,0,,,,,,,,
BCRX,292,,NEGATIVE_EQUITY,,-454289000.0,2026-10-06,,2026-08-05,0,NEGATIVE_EQUITY,0,,,,,,,,
BCTX,293,,OWNERSHIP_BASIS_UNVERIFIED,,23408960.0,2026-10-06,1.141,2026-06-09,4,OWNERSHIP_BASIS_UNVERIFIED,0,,,,,,,,REQUIRES_MORE_EVIDENCE
BCYC,294,0.5198831533644626,OK,,510255000.0,2026-10-06,0.55,2026-07-30,4,OK,0,,,,,,,,
BDC,295,,OWNERSHIP_BASIS_UNVERIFIED,,1384554000.0,2026-10-06,3.305,2026-07-30,4,OWNERSHIP_BASIS_UNVERIFIED,0,,,,,,,,REQUIRES_MORE_EVIDENCE
BDN,296,,OWNERSHIP_BASIS_UNVERIFIED,,691182000.0,2026-10-06,0.758,2026-07-28,4,OWNERSHIP_BASIS_UNVERIFIED,0,,,,,,,,REQUIRES_MORE_EVIDENCE
BDSX,297,32.26260385172386,OK,,9144000.0,2026-10-06,26.285,2026-08-05,2,OK,0,,,,,,,,
BDTX,298,1.076237544206969,OK,,96091000.0,2026-10-06,1.07,2026-08-05,4,OK,0,,,,,,,,
BDX,299,,OWNERSHIP_BASIS_UNVERIFIED,,24416000000.0,2026-10-06,1.975,2026-08-06,4,OWNERSHIP_BASIS_UNVERIFIED,0,,,,,,,,REQUIRES_MORE_EVIDENCE
BE,300,54.04181521338708,OK,,1611998000.0,2026-10-06,30.483,2026-07-28,4,OK,0,,,,,,,,
BEAM,301,2.441301485859334,OK,,1067442000.0,2026-10-06,2.743,2026-08-04,4,OK,0,,,,,,,,
BEEM,302,,OWNERSHIP_BASIS_UNVERIFIED,,20256000.0,2026-10-06,1.352,2026-08-19,4,OWNERSHIP_BASIS_UNVERIFIED,0,,,,,,,,REQUIRES_MORE_EVIDENCE
BELFB,303,,MISSING_EQUITY,HISTORICAL_PRICE_CORROBORATION_UNAVAILABLE,,2026-10-06,,,0,MISSING_EQUITY,0,,,,,,,,
BFAM,304,3.4237327870091594,OK,HISTORICAL_OHLC_INCOMPLETE,943519000.0,2026-10-06,3.813,2026-08-06,4,OK,0,,,,,,,,
BFLY,305,,OWNERSHIP_BASIS_UNVERIFIED,,189400000.0,2026-10-06,11.487,2026-07-30,4,OWNERSHIP_BASIS_UNVERIFIED,0,,,,,,,,REQUIRES_MORE_EVIDENCE
BFRG,306,,OWNERSHIP_BASIS_UNVERIFIED,,6987262.0,2026-10-06,1.508,2026-08-14,4,OWNERSHIP_BASIS_UNVERIFIED,0,,,,,,,,REQUIRES_MORE_EVIDENCE
BG,307,1.292555997202446,OK,,15953000000.0,2026-10-06,1.298,2026-07-29,4,OK,0,,,,,,,,
BGLC,308,0.4676345350361272,OK,,7778442.0,2026-10-06,0.592,2026-08-14,4,OK,0,,,,,,,,
BGMS,309,,OWNERSHIP_BASIS_UNVERIFIED,,7160000.0,2026-10-06,0.851,2026-08-14,4,OWNERSHIP_BASIS_UNVERIFIED,0,,,,,,,,REQUIRES_MORE_EVIDENCE
BGS,310,0.5019734471977624,OK,,395066000.0,2026-10-06,0.737,2026-08-12,4,OK,0,,,,,,,,
BHC,311,,NEGATIVE_EQUITY,,-1771000000.0,2026-10-06,,2026-07-30,0,NEGATIVE_EQUITY,0,,,,,,,,
BHE,312,2.76603460573557,OK,,1116283000.0,2026-10-06,2.385,2026-07-29,4,OK,0,,,,,,,,
BHR,313,,OWNERSHIP_BASIS_UNVERIFIED,,147028000.0,2026-10-06,0.99,2026-08-06,4,OWNERSHIP_BASIS_UNVERIFIED,0,,,,,,,,REQUIRES_MORE_EVIDENCE
BHVN,314,149.2888940399504,OK,,12222000.0,2026-10-06,179.69,2026-08-10,3,OK,0,,,,,,,,
BIAF,315,,NEWER_SHARE_COUNT_REQUIRED,LARGE_ENDPOINT_VS_AVERAGE_SHARE_DIFFERENCE;HISTORICAL_PRICE_CORROBORATION_UNAVAILABLE,3768797.0,2026-10-06,1.096,2026-08-07,4,OWNERSHIP_BASIS_UNVERIFIED,0,PB_OWNERSHIP_BASIS_V1,HELD,2026-08-07,1.0,,,236b75818787ce53f24b0e0fa012ebaf7e10fb851fc8dac5dbd3ef451b0bbcaa,REQUIRES_NEWER_SHARE_COUNT
BIIB,316,1.7472882281429392,OK,,18848000000.0,2026-10-06,1.64,2026-07-29,4,OK,0,,,,,,,,
BILL,317,1.0617926514081095,OK,,3530602000.0,2026-10-06,1.145,2026-08-20,4,OK,0,,,,,,,,
BIO,318,,MULTI_CLASS_UNVERIFIED,,7173900000.0,2026-10-06,1.241,2026-08-04,4,OWNERSHIP_BASIS_UNVERIFIED,0,PB_OWNERSHIP_BASIS_V1,HELD,2026-08-04,1.0,,,cdec7f4e5c188f32e8f7ea2e345196a6d617bb25cbfacc23b3556c5d23e81dfd,REQUIRES_MULTI_CLASS_CONTRACT
BIVI,319,,OWNERSHIP_BASIS_UNVERIFIED,,10270270.0,2026-10-06,1.146,2026-08-13,4,OWNERSHIP_BASIS_UNVERIFIED,0,,,,,,,,REQUIRES_MORE_EVIDENCE
BJ,320,5.4965119266369395,OK,,2197432000.0,2026-10-06,5.425,2026-08-25,4,OK,0,,,,,,,,
BJDX,321,0.3848806048884824,OK,LARGE_ENDPOINT_VS_AVERAGE_SHARE_DIFFERENCE,9414840.0,2026-10-06,0.498,2026-08-12,4,OK,0,,,,,,,,
BJRI,322,3.2831570526359646,OK,,397398000.0,2026-10-06,3.619,2026-07-31,4,OK,0,,,,,,,,
BKD,323,,NEGATIVE_EQUITY,,-28975000.0,2026-10-06,,2026-08-10,0,NEGATIVE_EQUITY,0,,,,,,,,
BKE,324,,MISSING_EQUITY,,,2026-10-06,,2026-09-10,0,MISSING_EQUITY,0,,,,,,,,
BKH,325,,OWNERSHIP_BASIS_UNVERIFIED,,3943400000.0,2026-10-06,1.407,2026-08-06,4,OWNERSHIP_BASIS_UNVERIFIED,0,,,,,,,,REQUIRES_MORE_EVIDENCE
BKKT,326,,OWNERSHIP_BASIS_UNVERIFIED,,354390000.0,2026-10-06,0.973,2026-08-10,4,OWNERSHIP_BASIS_UNVERIFIED,0,,,,,,,,REQUIRES_MORE_EVIDENCE
BKNG,327,,NEGATIVE_EQUITY,,-10783000000.0,2026-10-06,,2026-08-04,0,NEGATIVE_EQUITY,0,,,,,,,,
BKR,328,2.848677453110322,OK,,19908000000.0,2026-10-06,3.021,2026-07-27,4,OK,0,,,,,,,,
BKSY,329,,OWNERSHIP_BASIS_UNVERIFIED,,211532000.0,2026-10-06,5.376,2026-08-06,4,OWNERSHIP_BASIS_UNVERIFIED,0,,,,,,,,REQUIRES_MORE_EVIDENCE
BL,330,5.1787587225217955,OK,,316174000.0,2026-10-06,5.602,2026-08-05,4,OK,0,,,,,,,,
BLBD,331,,OWNERSHIP_BASIS_UNVERIFIED,,654892000.0,2026-10-06,3.721,2026-08-05,4,OWNERSHIP_BASIS_UNVERIFIED,0,,,,,,,,REQUIRES_MORE_EVIDENCE
BLCO,332,0.9623743781803925,OK,,6376000000.0,2026-10-06,0.907,2026-07-29,4,OK,0,,,,,,,,
BLDR,333,1.5103142668880465,OK,,4005175000.0,2026-10-06,1.773,2026-07-30,4,OK,0,,,,,,,,
BLFS,334,4.4958913895621775,OK,,420003000.0,2026-10-06,3.951,2026-08-06,4,OK,0,,,,,,,,
BLKB,335,29.463270838195275,OK,,67030000.0,2026-10-06,28.563,2026-07-29,4,OK,0,,,,,,,,
BLMN,336,1.6535986384660624,OK,,431833000.0,2026-10-06,2.157,2026-08-06,4,OK,0,,,,,,,,
BLND,337,,NEGATIVE_EQUITY,,-74374000.0,2026-10-06,,2026-08-06,0,NEGATIVE_EQUITY,0,,,,,,,,
BLNK,338,,OWNERSHIP_BASIS_UNVERIFIED,,47793000.0,2026-10-06,1.855,2026-08-07,4,OWNERSHIP_BASIS_UNVERIFIED,0,,,,,,,,REQUIRES_MORE_EVIDENCE
BLZE,339,9.648060853040366,OK,,88538000.0,2026-10-06,10.9,2026-08-03,4,OK,0,,,,,,,,
BMBL,340,0.7446952044534334,OK,,516058000.0,2026-10-06,0.844,2026-08-06,4,OK,0,,,,,,,,
BMEA,341,7.465173848562248,OK,,12137000.0,2026-10-06,7.525,2026-08-05,4,OK,0,,,,,,,,
BMI,342,5.252083347904347,OK,,682880000.0,2026-10-06,5.23,2026-07-23,4,OK,0,,,,,,,,
BMRA,343,3.7339893541452094,OK,LARGE_ENDPOINT_VS_AVERAGE_SHARE_DIFFERENCE,2630000.0,2026-10-06,3.647,2026-08-31,4,OK,0,,,,,,,,
BMRN,344,1.7214880078428516,OK,,6321692000.0,2026-10-06,1.882,2026-08-06,4,OK,0,,,,,,,,
BMY,345,5.453889809701757,OK,,22319000000.0,2026-10-06,5.936,2026-07-30,4,OWNERSHIP_BASIS_UNVERIFIED,1,PB_OWNERSHIP_BASIS_V1,ORDINARY_COMMON,2026-07-22,1.0,,2042714656.0,01591b0f9dc3eedb66ef1f0ae9d2ea12bf7e05b40d8ee8fca465fd1f189ce450,SAFE_TO_RELEASE_UNDER_GENERIC_CONTRACT
BNED,347,,MISSING_EQUITY,,,2026-10-06,,2026-09-08,0,MISSING_EQUITY,0,,,,,,,,
BNGO,348,,OWNERSHIP_BASIS_UNVERIFIED,,31606000.0,2026-10-06,0.432,2026-08-10,4,OWNERSHIP_BASIS_UNVERIFIED,0,,,,,,,,REQUIRES_MORE_EVIDENCE
BNL,349,1.240875448129353,OK,,2881003000.0,2026-10-06,1.475,2026-07-29,4,OK,0,,,,,,,,
BOC,350,0.7816007570177014,OK,,501852000.0,2026-10-06,0.856,2026-08-13,4,OK,0,,,,,,,,
BOF,351,12.235344707011203,OK,,4468875.0,2026-10-06,15.251,2026-08-13,4,OK,0,,,,,,,,
BOOM,352,0.5175263341554139,OK,,237350000.0,2026-10-06,0.469,2026-07-29,4,OK,0,,,,,,,,
BOOT,353,2.7709378449588216,OK,,1358750000.0,2026-10-06,3.363,2026-07-29,4,OK,0,,,,,,,,
BOX,354,,NEGATIVE_EQUITY,,-351146000.0,2026-10-06,,2026-08-26,0,NEGATIVE_EQUITY,0,,,,,,,,
BOXL,355,,NEGATIVE_EQUITY,,-1423000.0,2026-10-06,,2026-08-14,1,NEGATIVE_EQUITY,0,,,,,,,,
BR,356,6.368843122070162,OK,,2840500000.0,2026-10-06,6.76,2026-08-04,4,OK,0,,,,,,,,
BRBR,357,,NEGATIVE_EQUITY,,-467200000.0,2026-10-06,,2026-08-04,0,NEGATIVE_EQUITY,0,,,,,,,,
BRC,358,2.9402650723613424,OK,,1357562000.0,2026-10-06,3.121,2026-09-03,4,OK,0,,,,,,,,
BRCC,359,,NEWER_SHARE_COUNT_REQUIRED,LARGE_ENDPOINT_VS_AVERAGE_SHARE_DIFFERENCE,48324000.0,2026-10-06,5.438,2026-08-03,4,OWNERSHIP_BASIS_UNVERIFIED,0,PB_OWNERSHIP_BASIS_V1,HELD,2026-08-03,1.0,,,f0cc2177ab96521e7f32b4a1d30e7087502cf26b31e7a9f5fed1d2027df5dafe,REQUIRES_NEWER_SHARE_COUNT
BRKR,360,,OWNERSHIP_BASIS_UNVERIFIED,,2400200000.0,2026-10-06,3.331,2026-08-05,4,OWNERSHIP_BASIS_UNVERIFIED,0,,,,,,,,REQUIRES_MORE_EVIDENCE
BROS,361,8.553940900102841,OK,LARGE_ENDPOINT_VS_AVERAGE_SHARE_DIFFERENCE;HISTORICAL_OHLC_INCOMPLETE,797652000.0,2026-10-06,11.679,2026-08-06,4,OK,0,,,,,,,,
BRSP,362,0.5556636739825784,OK,,862980000.0,2026-10-06,0.733,2026-07-29,4,OK,0,,,,,,,,
BRTX,363,,SHARE_BASIS_UNVERIFIED,LARGE_ENDPOINT_VS_AVERAGE_SHARE_DIFFERENCE;HISTORICAL_PRICE_MISMATCH,3025642.0,2026-10-06,1.591,2026-05-14,4,SHARE_BASIS_UNVERIFIED,0,,,,,,,,
BRX,364,2.7887317495708555,OK,,3021701000.0,2026-10-06,3.285,2026-07-27,4,OK,0,,,,,,,,
BRZE,365,,MISSING_EQUITY,,,2026-10-06,,2026-09-09,0,MISSING_EQUITY,0,,,,,,,,
BSLK,366,,NEGATIVE_EQUITY,LARGE_ENDPOINT_VS_AVERAGE_SHARE_DIFFERENCE,-12747000.0,2026-10-06,,2025-11-12,0,NEGATIVE_EQUITY,0,,,,,,,,
BSM,367,4.106520571771813,OK,HISTORICAL_OHLC_INCOMPLETE,812988000.0,2026-10-06,4.134,2026-08-04,4,OK,0,,,,,,,,
BSX,368,2.4525869118221464,OK,,24930000000.0,2026-10-06,2.815,2026-08-03,4,OWNERSHIP_BASIS_UNVERIFIED,1,PB_OWNERSHIP_BASIS_V1,ORDINARY_COMMON,2026-07-30,1.0,,1449229526.0,5def5ed5280c481ae1b35324010235216cefedd6ae1784deb985f7ae1d1d0fed,SAFE_TO_RELEASE_UNDER_GENERIC_CONTRACT
BSY,369,9.03985184053114,OK,,1202042000.0,2026-10-06,8.887,2026-08-06,4,OK,0,,,,,,,,
BTAI,370,,NEGATIVE_EQUITY,,-115460000.0,2026-10-06,,2026-08-13,0,NEGATIVE_EQUITY,0,,,,,,,,
BTBD,371,,OWNERSHIP_BASIS_UNVERIFIED,,6348269.0,2026-10-06,1.189,2026-08-17,4,OWNERSHIP_BASIS_UNVERIFIED,0,,,,,,,,REQUIRES_MORE_EVIDENCE
BTCT,372,,NEWER_SHARE_COUNT_REQUIRED,,5465147.0,2026-10-06,2.076,2026-05-11,4,OWNERSHIP_BASIS_UNVERIFIED,0,PB_OWNERSHIP_BASIS_V1,HELD,2026-05-11,1.0,,,2469443076adb7f59c634bf887119d2e9e74bbdd6b82462a5dc10443a514d9f4,REQUIRES_NEWER_SHARE_COUNT
BTMD,373,,NEGATIVE_EQUITY,LARGE_ENDPOINT_VS_AVERAGE_SHARE_DIFFERENCE,-65790000.0,2026-10-06,,2026-08-07,0,NEGATIVE_EQUITY,0,,,,,,,,
BTSG,374,,OWNERSHIP_BASIS_UNVERIFIED,,2048717000.0,2026-10-06,5.767,2026-07-31,4,OWNERSHIP_BASIS_UNVERIFIED,0,,,,,,,,REQUIRES_MORE_EVIDENCE
BTU,375,,OWNERSHIP_BASIS_UNVERIFIED,,3248600000.0,2026-10-06,0.883,2026-08-06,4,OWNERSHIP_BASIS_UNVERIFIED,0,,,,,,,,REQUIRES_MORE_EVIDENCE
BURL,376,8.672254333018573,OK,,2002248000.0,2026-10-06,9.098,2026-08-27,4,OK,0,,,,,,,,
BV,377,0.7867287428570033,OK,HISTORICAL_OHLC_INCOMPLETE,1234700000.0,2026-10-06,0.984,2026-08-04,4,OK,0,,,,,,,,
BVS,378,4.825119182494137,OK,,228306000.0,2026-10-06,5.621,2026-08-05,4,OK,0,,,,,,,,
BW,379,,OWNERSHIP_BASIS_UNVERIFIED,,57369000.0,2026-10-06,23.058,2026-08-10,1,OWNERSHIP_BASIS_UNVERIFIED,0,,,,,,,,REQUIRES_MORE_EVIDENCE
BWA,380,2.295730352917288,OK,,5621000000.0,2026-10-06,2.42,2026-08-05,4,OK,0,,,,,,,,
BWMN,381,2.892045655814354,OK,,256492000.0,2026-10-06,2.867,2026-08-10,4,OK,0,,,,,,,,
BWXT,382,10.003613628380162,OK,,1334450000.0,2026-10-06,11.554,2026-08-05,4,OK,0,,,,,,,,
BXP,383,,OWNERSHIP_BASIS_UNVERIFIED,,5155145000.0,2026-10-06,2.131,2026-08-06,4,OWNERSHIP_BASIS_UNVERIFIED,0,,,,,,,,REQUIRES_MORE_EVIDENCE
BYD,384,2.045840833095212,OK,HISTORICAL_OHLC_INCOMPLETE,2500521000.0,2026-10-06,2.529,2026-07-30,4,OK,0,,,,,,,,
BYND,385,2.4204905897882814,OK,,56757000.0,2026-10-06,4.794,2026-08-06,1,OK,0,,,,,,,,
BYRN,386,1.4695345092136995,OK,,56983000.0,2026-10-06,1.569,2026-07-09,4,OK,0,,,,,,,,
BZAI,387,,OWNERSHIP_BASIS_UNVERIFIED,,42790000.0,2026-10-06,3.96,2026-08-13,4,OWNERSHIP_BASIS_UNVERIFIED,0,,,,,,,,REQUIRES_MORE_EVIDENCE
BZFD,388,,OWNERSHIP_BASIS_UNVERIFIED,LARGE_ENDPOINT_VS_AVERAGE_SHARE_DIFFERENCE,50699000.0,2026-10-06,1.857,2026-08-06,4,OWNERSHIP_BASIS_UNVERIFIED,0,,,,,,,,REQUIRES_MORE_EVIDENCE
BZH,389,0.7771351104708957,OK,,1146990000.0,2026-10-06,0.772,2026-08-07,4,OK,0,,,,,,,,
CABA,390,1.6262734073125757,OK,,210593000.0,2026-10-06,2.182,2026-08-13,4,OK,0,,,,,,,,
CABO,391,0.22547239844080283,OK,,326385000.0,2026-10-06,0.773,2026-08-06,4,OK,0,,,,,,,,
CACI,392,2.969452752379047,OK,,4462697000.0,2026-10-06,3.114,2026-08-06,4,OK,0,,,,,,,,
CADL,393,5.987776324372831,OK,,126130000.0,2026-10-06,7.159,2026-08-13,4,OK,0,,,,,,,,
CAG,394,,MISSING_EQUITY,,,2026-10-06,,2026-09-30,0,MISSING_EQUITY,0,,,,,,,,
CAH,395,,NEGATIVE_EQUITY,,-2883000000.0,2026-10-06,,2026-08-11,0,NEGATIVE_EQUITY,0,,,,,,,,
CAKE,396,10.37770606650855,OK,,518958000.0,2026-10-06,10.057,2026-08-03,4,OK,0,,,,,,,,
CAL,397,,MISSING_EQUITY,,,2026-10-06,,2026-09-10,0,MISSING_EQUITY,0,,,,,,,,
CALM,398,,MISSING_EQUITY,,,2026-10-06,,2026-09-30,0,MISSING_EQUITY,0,,,,,,,,
CALX,399,3.1294838173170283,OK,,710021000.0,2026-10-06,3.323,2026-07-21,4,OK,0,,,,,,,,
CAPR,400,1.8299861751062236,OK,,246218890.0,2026-10-06,1.57,2026-08-14,4,OK,0,,,,,,,,
CAPS,401,0.2319643439827514,OK,LARGE_ENDPOINT_VS_AVERAGE_SHARE_DIFFERENCE,12420000.0,2026-10-06,0.386,2026-08-12,4,OK,0,,,,,,,,
CAR,402,,NEGATIVE_EQUITY,,-3388000000.0,2026-10-06,,2026-07-29,0,NEGATIVE_EQUITY,0,,,,,,,,
CARG,403,9.680434649356918,OK,,264356000.0,2026-10-06,12.258,2026-08-06,4,OK,0,,,,,,,,
CARR,404,3.5175047113318465,OK,,13147000000.0,2026-10-06,3.96,2026-07-28,4,OK,0,,,,,,,,
CARS,405,1.1403932261571559,OK,,443605000.0,2026-10-06,1.417,2026-08-06,4,OK,0,,,,,,,,
CART,406,4.533293854040851,OK,,2322000000.0,2026-10-06,4.489,2026-08-06,4,OK,0,,,,,,,,
CASY,407,,MISSING_EQUITY,,,2026-10-06,,2026-09-08,0,MISSING_EQUITY,0,,,,,,,,
CAT,408,20.465179296711,OK,,19394000000.0,2026-10-06,20.646,2026-08-05,4,OK,0,,,,,,,,
CAVA,409,7.308752646488376,OK,,841276000.0,2026-10-06,9.645,2026-08-12,4,OK,0,,,,,,,,
CBL,410,3.619577784744383,OK,,427436000.0,2026-10-06,4.094,2026-08-07,4,OK,0,,,,,,,,
CBRE,411,4.5053476419548,OK,,8398000000.0,2026-10-06,5.096,2026-07-29,4,OK,0,,,,,,,,
CBRL,412,,MISSING_EQUITY,,,2026-10-06,,2026-09-25,0,MISSING_EQUITY,0,,,,,,,,
CBT,413,2.4805401752542466,OK,,1605000000.0,2026-10-06,2.637,2026-08-04,4,OK,0,,,,,,,,
CBUS,414,8.106571915204615,OK,,14802000.0,2026-10-06,9.811,2026-08-13,4,OK,0,,,,,,,,
CBZ,415,1.590380647512662,OK,,1867732000.0,2026-10-06,1.6,2026-08-04,4,OK,0,,,,,,,,
CC,416,,NEGATIVE_EQUITY,,-49000000.0,2026-10-06,,2026-08-05,3,NEGATIVE_EQUITY,0,,,,,,,,
CCCC,417,1.4329258316345197,OK,,247265000.0,2026-10-06,1.925,2026-08-11,4,OK,0,,,,,,,,
CCI,418,,NEGATIVE_EQUITY,,-3270000000.0,2026-10-06,,2026-08-05,0,NEGATIVE_EQUITY,0,,,,,,,,
CCK,419,4.085252771230761,OK,,2867000000.0,2026-10-06,4.49,2026-07-30,4,OK,0,,,,,,,,
CCL,420,,MISSING_EQUITY,,,2026-10-06,,2026-09-29,0,MISSING_EQUITY,0,,,,,,,,
CCLD,421,,OWNERSHIP_BASIS_UNVERIFIED,,17402000.0,2026-10-06,5.665,2026-08-06,4,OWNERSHIP_BASIS_UNVERIFIED,0,,,,,,,,REQUIRES_MORE_EVIDENCE
CCO,422,,NEGATIVE_EQUITY,,-3463520000.0,2026-10-06,,2026-08-05,0,NEGATIVE_EQUITY,0,,,,,,,,
CCOI,423,,NEGATIVE_EQUITY,,-34130000.0,2026-10-06,,2026-08-06,0,NEGATIVE_EQUITY,0,,,,,,,,
CCS,424,0.6526016997151848,OK,,2565751000.0,2026-10-06,0.768,2026-07-23,4,OK,0,,,,,,,,
CCSI,425,16.025378596410242,OK,,41566000.0,2026-10-06,15.492,2026-08-07,3,OK,0,,,,,,,,
CDE,426,1.6955316981563402,OK,,10409504000.0,2026-10-06,1.721,2026-08-05,4,OK,0,,,,,,,,
CDLX,427,,NEGATIVE_EQUITY,,-16004000.0,2026-10-06,,2026-08-05,0,NEGATIVE_EQUITY,0,,,,,,,,
CDNA,428,7.75409220093632,OK,,425598000.0,2026-10-06,4.631,2026-07-30,4,OK,0,,,,,,,,
CDNS,429,14.438332459400705,OK,,6857963000.0,2026-10-06,13.363,2026-07-29,4,OK,0,,,,,,,,
CDP,430,,OWNERSHIP_BASIS_UNVERIFIED,,1528224000.0,2026-10-06,2.786,2026-08-03,4,OWNERSHIP_BASIS_UNVERIFIED,0,,,,,,,,REQUIRES_MORE_EVIDENCE
CDRE,431,3.148565224537344,OK,,346802000.0,2026-10-06,3.831,2026-08-05,4,OK,0,,,,,,,,
CDT,432,,MISSING_EQUITY,LARGE_ENDPOINT_VS_AVERAGE_SHARE_DIFFERENCE,,2026-10-06,,2026-08-12,0,MISSING_EQUITY,0,,,,,,,,
CDW,433,6.9452987005062266,OK,,2442100000.0,2026-10-06,7.172,2026-08-05,4,OK,0,,,,,,,,
CDXS,434,4.518716001167927,OK,,32958000.0,2026-10-06,4.917,2026-08-11,4,OK,0,,,,,,,,
CDZI,435,,OWNERSHIP_BASIS_UNVERIFIED,,4665000.0,2026-10-06,63.712,2026-08-13,4,OWNERSHIP_BASIS_UNVERIFIED,0,,,,,,,,REQUIRES_MORE_EVIDENCE
CE,436,1.1812428998407556,OK,HISTORICAL_OHLC_INCOMPLETE,4167000000.0,2026-10-06,1.136,2026-08-05,4,OK,0,,,,,,,,
CECO,437,2.128803364564948,OK,LARGE_ENDPOINT_VS_AVERAGE_SHARE_DIFFERENCE,2075858000.0,2026-10-06,1.986,2026-08-10,4,OK,0,,,,,,,,
CEG,438,3.332204204285382,OK,,31941000000.0,2026-10-06,2.896,2026-08-06,4,OK,0,,,,,,,,
CELC,439,,NEGATIVE_EQUITY,,-12781000.0,2026-10-06,,2026-08-13,3,NEGATIVE_EQUITY,0,,,,,,,,
CELH,440,5.756434450851716,OK,,1199584000.0,2026-10-06,5.014,2026-08-06,4,OK,0,,,,,,,,
CELU,441,,MISSING_EQUITY,,,2026-10-06,,2026-09-29,0,MISSING_EQUITY,0,,,,,,,,
"CENT,CENTA",442,,MISSING_PRICE,HISTORICAL_PRICE_CORROBORATION_UNAVAILABLE,1745670000.0,,1.669,2026-08-06,4,MISSING_PRICE,0,,,,,,,,
CENX,443,2.623170649497795,OK,,1403100000.0,2026-10-06,3.242,2026-08-06,4,OK,0,,,,,,,,
CERO,444,,NEGATIVE_EQUITY,LARGE_ENDPOINT_VS_AVERAGE_SHARE_DIFFERENCE,-1633901.0,2026-10-06,,2025-08-22,0,NEGATIVE_EQUITY,0,,,,,,,,
CERS,445,6.734380269950006,OK,,70024000.0,2026-10-06,8.317,2026-07-30,4,OK,0,,,,,,,,
CERT,446,1.463023916262771,OK,,966515000.0,2026-10-06,1.231,2026-08-04,4,OK,0,,,,,,,,
CEVA,447,2.992939595551307,OK,,340245000.0,2026-10-06,2.641,2026-08-10,4,OK,0,,,,,,,,
CF,448,3.0546710742115426,OK,,5748000000.0,2026-10-06,3.073,2026-08-06,4,OK,0,,,,,,,,
CGC,449,0.7627936071927816,OK,,494139638.0,2026-10-06,0.831,2026-08-07,4,OK,0,,,,,,,,
CGEM,450,3.250196664221735,OK,,321754000.0,2026-10-06,3.59,2026-08-06,4,OK,0,,,,,,,,
CGNX,451,6.849509013203474,OK,,1629555000.0,2026-10-06,6.956,2026-08-06,4,OK,0,,,,,,,,
CGON,452,5.481464138124305,OK,,1029118000.0,2026-10-06,6.447,2026-08-06,4,OK,0,,,,,,,,
CGTX,453,2.706762385334267,OK,,33024000.0,2026-10-06,3.11,2026-08-07,4,OK,0,,,,,,,,
CHCT,454,0.9428108925197638,OK,,414242000.0,2026-10-06,1.225,2026-08-04,4,OK,0,,,,,,,,
CHD,455,5.266954643485593,OK,,4347800000.0,2026-10-06,5.391,2026-07-31,4,OK,0,,,,,,,,
CHDN,456,4.0650678159713065,OK,,1341000000.0,2026-10-06,4.601,2026-07-29,4,OK,0,,,,,,,,
CHE,457,8.023490226940522,OK,,830510000.0,2026-10-06,8.376,2026-07-31,4,OK,0,,,,,,,,
CHEF,458,6.998900634924172,OK,,648235000.0,2026-10-06,6.648,2026-07-29,4,OK,0,,,,,,,,
CHGG,459,0.6645885800799964,OK,,118614000.0,2026-10-06,0.822,2026-08-06,4,OK,0,,,,,,,,
CHH,460,32.62521960806643,OK,,142178000.0,2026-10-06,35.389,2026-08-05,4,OK,0,,,,,,,,
CHMI,461,,OWNERSHIP_BASIS_UNVERIFIED,,226443000.0,2026-10-06,0.455,2026-08-10,4,OWNERSHIP_BASIS_UNVERIFIED,0,,,,,,,,REQUIRES_MORE_EVIDENCE
CHPT,462,,NEGATIVE_EQUITY,,-36092000.0,2026-10-06,,2026-09-04,2,NEGATIVE_EQUITY,0,,,,,,,,
CHRD,463,0.900118837992588,OK,,8357339000.0,2026-10-06,0.867,2026-08-06,4,OK,0,,,,,,,,
CHRS,464,2.6157334323891632,OK,,60838000.0,2026-10-06,3.682,2026-08-05,4,OK,0,,,,,,,,
CHRW,465,9.695189347788423,OK,,1627690000.0,2026-10-06,10.605,2026-07-31,4,OK,0,,,,,,,,
CHTR,466,,MULTI_CLASS_UNVERIFIED,,16952000000.0,2026-10-06,0.868,2026-07-24,4,OWNERSHIP_BASIS_UNVERIFIED,0,PB_OWNERSHIP_BASIS_V1,HELD,2026-07-24,1.0,,,571bde82b590e1e04a060f078c3e8fe338d1ac0fde9656932508a67ae617d02b,REQUIRES_MULTI_CLASS_CONTRACT
CHWY,467,,MISSING_EQUITY,,,2026-10-06,,2026-09-09,0,MISSING_EQUITY,0,,,,,,,,
CIEN,468,20.581859240379597,OK,,3056738000.0,2026-10-06,14.728,2026-09-03,4,OK,0,,,,,,,,
CIFR,469,,OWNERSHIP_BASIS_UNVERIFIED,,562057000.0,2026-10-06,15.049,2026-08-04,4,OWNERSHIP_BASIS_UNVERIFIED,0,,,,,,,,REQUIRES_MORE_EVIDENCE
CIM,470,,OWNERSHIP_BASIS_UNVERIFIED,,2415626000.0,2026-10-06,0.411,2026-08-05,4,OWNERSHIP_BASIS_UNVERIFIED,0,,,,,,,,REQUIRES_MORE_EVIDENCE
CING,471,,OWNERSHIP_BASIS_UNVERIFIED,,23467035.0,2026-10-06,3.092,2026-08-13,4,OWNERSHIP_BASIS_UNVERIFIED,0,,,,,,,,REQUIRES_MORE_EVIDENCE
CISO,472,0.7593904718907931,OK,,12469654.0,2026-10-06,0.984,2026-08-14,4,OK,0,,,,,,,,
CL,473,294.71749716207626,OK,,236000000.0,2026-10-06,308.398,2026-07-31,4,OK,0,,,,,,,,
CLAR,474,0.6630335141060326,OK,,198072000.0,2026-10-06,0.651,2026-08-06,4,OK,0,,,,,,,,
CLB,475,1.7332765783854485,OK,,272669000.0,2026-10-06,1.742,2026-07-30,4,OK,0,,,,,,,,
CLDT,476,,OWNERSHIP_BASIS_UNVERIFIED,,721689000.0,2026-10-06,0.87,2026-08-04,4,OWNERSHIP_BASIS_UNVERIFIED,0,,,,,,,,REQUIRES_MORE_EVIDENCE
CLDX,477,3.4079533887713116,OK,,714564000.0,2026-10-06,4.567,2026-08-06,4,OK,0,,,,,,,,
CLF,478,1.2471655202980014,OK,,5604000000.0,2026-10-06,1.116,2026-07-23,4,OK,0,,,,,,,,
CLFD,479,1.8637063455604157,OK,,245920000.0,2026-10-06,1.473,2026-08-06,4,OK,0,,,,,,,,
CLH,480,5.733296625283133,OK,,2928422000.0,2026-10-06,5.883,2026-07-29,4,OK,0,,,,,,,,
CLMT,481,,NEGATIVE_EQUITY,,-1137100000.0,2026-10-06,,2026-08-07,0,NEGATIVE_EQUITY,0,,,,,,,,
CLNE,482,0.6214970592447845,OK,,553332000.0,2026-10-06,0.741,2026-08-06,4,OK,0,,,,,,,,
CLOV,483,,OWNERSHIP_BASIS_UNVERIFIED,,376257000.0,2026-10-06,6.72,2026-08-07,4,OWNERSHIP_BASIS_UNVERIFIED,0,,,,,,,,REQUIRES_MORE_EVIDENCE
CLPT,484,31.166624559378572,OK,,10776000.0,2026-10-06,43.537,2026-08-03,4,OK,0,,,,,,,,
CLRB,485,,OWNERSHIP_BASIS_UNVERIFIED,,29871833.0,2026-10-06,0.785,2026-08-13,4,OWNERSHIP_BASIS_UNVERIFIED,0,,,,,,,,REQUIRES_MORE_EVIDENCE
CLRO,486,,NEGATIVE_EQUITY,,-381000.0,2026-10-06,,2026-08-14,2,NEGATIVE_EQUITY,0,,,,,,,,
CLS,487,,OWNERSHIP_BASIS_UNVERIFIED,,2479600000.0,2026-10-06,14.757,2026-07-27,4,OWNERSHIP_BASIS_UNVERIFIED,0,PB_OWNERSHIP_BASIS_V1,HELD,2026-07-27,1.0,,,111148e8fba2c7a567f906faf1038a46e9acd938ff275c1497c53777f473f73f,REQUIRES_OFFICIAL_IDENTITY_OVERRIDE
CLVT,488,0.20722999508780912,OK,HISTORICAL_OHLC_INCOMPLETE,4537500000.0,2026-10-06,0.303,2026-07-29,4,OWNERSHIP_BASIS_UNVERIFIED,1,PB_OWNERSHIP_BASIS_V1,IDENTITY_OVERRIDE,2026-06-30,1.0,,639664003.0,e9b98fcb7b570b7ccf9c7fdd38f25f93e5f7bc77f471d98508aa1b9016789d3e,REQUIRES_OFFICIAL_IDENTITY_OVERRIDE
CLW,489,0.4025340354592583,OK,,794100000.0,2026-10-06,0.356,2026-07-28,4,OK,0,,,,,,,,
CLX,490,112.22396812936275,OK,,90000000.0,2026-10-06,141.288,2026-08-07,1,OK,0,,,,,,,,
CLYM,491,2.560746830175932,OK,,239547000.0,2026-10-06,3.357,2026-08-06,4,OK,0,,,,,,,,
CMC,492,1.5844741229097001,OK,,4531867000.0,2026-10-06,1.578,2026-06-29,4,OK,0,,,,,,,,
CMCO,493,0.35936649110013535,OK,,1367043000.0,2026-10-06,0.437,2026-07-30,4,OK,0,,,,,,,,
CMCSA,494,,MULTI_CLASS_UNVERIFIED,,89763000000.0,2026-10-06,0.867,2026-07-23,4,OWNERSHIP_BASIS_UNVERIFIED,0,PB_OWNERSHIP_BASIS_V1,HELD,2026-07-23,1.0,,,5aeb701443cff71c9682477cbfff125ffc30c7f835508208955f9d73673ae48b,REQUIRES_MULTI_CLASS_CONTRACT
CMCT,495,,OWNERSHIP_BASIS_UNVERIFIED,,245266000.0,2026-10-06,0.057,2026-08-14,4,OWNERSHIP_BASIS_UNVERIFIED,0,,,,,,,,REQUIRES_MORE_EVIDENCE
CME,496,3.6632412233803553,OK,,26520400000.0,2026-10-06,3.462,2026-07-24,4,OK,0,,,,,,,,
CMG,497,17.775059411226493,OK,,2199791000.0,2026-10-06,21.411,2026-07-31,4,OK,0,,,,,,,,
CMI,498,5.736216719847051,OK,,12847000000.0,2026-10-06,6.815,2026-08-04,4,OK,0,,,,,,,,
CMP,499,3.61656877354408,OK,HISTORICAL_OHLC_INCOMPLETE,263500000.0,2026-10-06,4.088,2026-08-06,4,OK,0,,,,,,,,
CMPR,500,,NEGATIVE_EQUITY,,-493985000.0,2026-10-06,,2026-08-07,0,NEGATIVE_EQUITY,0,,,,,,,,
CMPS,501,18.936889977017106,OK,,84533000.0,2026-10-06,22.246,2026-08-05,3,OK,0,,,,,,,,
CMPX,502,1.082377754802022,OK,,166049000.0,2026-10-06,2.158,2026-08-06,4,OK,0,,,,,,,,
CMRC,503,5.151704744829837,OK,,51629000.0,2026-10-06,3.723,2026-08-06,4,OK,0,,,,,,,,
CMS,504,,OWNERSHIP_BASIS_UNVERIFIED,,9774000000.0,2026-10-06,2.386,2026-07-28,4,OWNERSHIP_BASIS_UNVERIFIED,0,,,,,,,,REQUIRES_MORE_EVIDENCE
CMTG,505,0.13789529624981248,OK,,1237982000.0,2026-10-06,0.236,2026-07-29,4,OK,0,,,,,,,,
CMTL,506,0.7134489417838229,OK,,52494000.0,2026-10-06,1.572,2026-06-15,4,OK,0,,,,,,,,
CNC,507,1.4146359920002933,OK,,22562000000.0,2026-10-06,1.399,2026-07-28,4,OK,0,,,,,,,,
CNDT,508,0.4789804120562376,OK,,526000000.0,2026-10-06,0.461,2026-08-10,4,OK,0,,,,,,,,
CNH,509,2.7514947438535193,OK,LARGE_ENDPOINT_VS_AVERAGE_SHARE_DIFFERENCE,7756000000.0,2026-10-06,2.239,2026-08-03,4,OK,0,,,,,,,,
CNK,510,8.249687518470923,OK,,495700000.0,2026-10-06,8.453,2026-07-30,4,OK,0,,,,,,,,
CNM,511,,MISSING_EQUITY,,,2026-10-06,,2026-09-09,0,MISSING_EQUITY,0,,,,,,,,
CNMD,512,1.2792820147393453,OK,HISTORICAL_OHLC_INCOMPLETE,1041390000.0,2026-10-06,1.243,2026-07-29,4,OK,0,,,,,,,,
CNNE,513,0.7020682106307435,OK,,957600000.0,2026-10-06,0.664,2026-08-10,4,OK,0,,,,,,,,
CNP,514,,OWNERSHIP_BASIS_UNVERIFIED,HISTORICAL_OHLC_INCOMPLETE,11720000000.0,2026-10-06,2.479,2026-07-28,4,OWNERSHIP_BASIS_UNVERIFIED,0,,,,,,,,REQUIRES_MORE_EVIDENCE
CNR,515,1.2040426985153447,OK,,3718877000.0,2026-10-06,1.201,2026-08-06,4,OK,0,,,,,,,,
CNVS,516,1.1447942824418886,OK,,40076000.0,2026-10-06,1.702,2026-08-13,4,OK,0,,,,,,,,
CNX,517,1.0152437352914787,OK,,4843809000.0,2026-10-06,1.057,2026-07-30,4,OK,0,,,,,,,,
CNXC,518,0.5611015728473998,OK,,2701286000.0,2026-10-06,0.533,2026-07-02,4,OK,0,,,,,,,,
CNXN,519,2.447643889367435,OK,,952650000.0,2026-10-06,2.198,2026-07-29,4,OK,0,,,,,,,,
COCH,520,,OWNERSHIP_BASIS_UNVERIFIED,LARGE_ENDPOINT_VS_AVERAGE_SHARE_DIFFERENCE,3303000.0,2026-10-06,16.477,2026-08-10,2,OWNERSHIP_BASIS_UNVERIFIED,0,,,,,,,,REQUIRES_MORE_EVIDENCE
COCO,521,7.799854830796652,OK,,400904000.0,2026-10-06,9.932,2026-07-23,4,OK,0,,,,,,,,
CODI,522,,OWNERSHIP_BASIS_UNVERIFIED,,472560000.0,2026-10-06,1.764,2026-08-10,4,OWNERSHIP_BASIS_UNVERIFIED,0,,,,,,,,REQUIRES_MORE_EVIDENCE
COGT,523,9.901967751962928,OK,,532388000.0,2026-10-06,13.536,2026-08-10,4,OK,0,,,,,,,,
COHR,524,,OWNERSHIP_BASIS_UNVERIFIED,,10903495000.0,2026-10-06,5.852,2026-08-14,4,OWNERSHIP_BASIS_UNVERIFIED,0,,,,,,,,REQUIRES_MORE_EVIDENCE
COHU,525,4.467458029387601,OK,,774588000.0,2026-10-06,2.933,2026-07-31,4,OK,0,,,,,,,,
COIN,526,3.746661059539331,OK,,13079665000.0,2026-10-06,3.3,2026-07-30,4,OK,0,,,,,,,,
COKE,527,,NEGATIVE_EQUITY,,-500130000.0,2026-10-06,,2026-08-05,1,NEGATIVE_EQUITY,0,,,,,,,,
COLD,528,1.6387452915205143,OK,,2414506000.0,2026-10-06,1.705,2026-08-06,4,OK,0,,,,,,,,
COLL,529,2.2837327076751306,OK,,311909000.0,2026-10-06,3.038,2026-08-06,4,OK,0,,,,,,,,
COLM,530,1.8363170340429815,OK,,1601602000.0,2026-10-06,1.831,2026-08-06,4,OK,0,,,,,,,,
COMP,531,2.36233003733898,OK,,2979000000.0,2026-10-06,3.199,2026-08-06,4,OK,0,,,,,,,,
COO,532,,MISSING_EQUITY,,,2026-10-06,,2026-09-09,0,MISSING_EQUITY,0,,,,,,,,
COOK,533,0.8540748123473503,OK,HISTORICAL_OHLC_INCOMPLETE,167289000.0,2026-10-06,0.994,2026-08-06,4,OK,0,,,,,,,,
COP,534,2.377894233133362,OK,HISTORICAL_OHLC_INCOMPLETE,65349000000.0,2026-10-06,2.146,2026-08-06,4,OK,0,,,,,,,,
COR,535,19.787879498595764,OK,,3050958000.0,2026-10-06,19.841,2026-08-05,4,OK,0,,,,,,,,
CORT,536,18.313636757697893,OK,,705776000.0,2026-10-06,14.236,2026-07-29,4,OK,0,,,,,,,,
CORZ,537,,NEGATIVE_EQUITY,,-2419356000.0,2026-10-06,,2026-07-28,0,NEGATIVE_EQUITY,0,,,,,,,,
COSM,538,1.5576112176643626,OK,LARGE_ENDPOINT_VS_AVERAGE_SHARE_DIFFERENCE,20674483.0,2026-10-06,1.006,2026-08-18,4,OK,0,,,,,,,,
COST,539,12.383366978381456,OK,,33509000000.0,2026-10-06,12.729,2026-06-03,4,OK,0,,,,,,,,
COTY,540,0.8218601200670561,OK,,2989700000.0,2026-10-06,0.81,2026-08-20,4,OK,0,,,,,,,,
COUR,541,1.1600068248687416,OK,,1167000000.0,2026-10-06,1.316,2026-08-05,4,OK,0,,,,,,,,
CP,542,2.2549571853758237,OK,,33304285714.0,2026-10-06,2.41,2026-07-29,4,OK,0,,,,,,,,
CPAY,543,7.541090797515149,OK,,3541884000.0,2026-10-06,7.284,2026-08-07,4,OK,0,,,,,,,,
CPB,544,,MISSING_EQUITY,,,2026-10-06,,2026-09-24,0,MISSING_EQUITY,0,,,,,,,,
CPIX,545,6.13483783843603,OK,,17438013.0,2026-10-06,6.702,2026-08-07,4,OK,0,,,,,,,,
CPK,546,1.8450787621251568,OK,,1673400000.0,2026-10-06,1.923,2026-08-06,4,OK,0,,,,,,,,
CPNG,547,8.677642745222384,OK,,2987000000.0,2026-10-06,10.098,2026-08-04,4,OK,0,,,,,,,,
CPRI,548,12.081661193702393,OK,,138000000.0,2026-10-06,13.193,2026-08-05,3,OK,0,,,,,,,,
CPRT,549,,MISSING_EQUITY,,,2026-10-06,,2026-09-29,0,MISSING_EQUITY,0,,,,,,,,
CPS,550,,NEGATIVE_EQUITY,,-130567000.0,2026-10-06,,2026-08-06,0,NEGATIVE_EQUITY,0,,,,,,,,
CPT,551,2.5821534702473863,OK,,3802124000.0,2026-10-06,2.93,2026-07-31,4,OK,0,,,,,,,,
CQP,552,41.06786726229543,OK,,754000000.0,2026-10-06,42.397,2026-08-06,3,OK,0,,,,,,,,
CR,553,5.545394135600839,OK,HISTORICAL_OHLC_INCOMPLETE,2177600000.0,2026-10-06,5.666,2026-07-31,4,OK,0,,,,,,,,
CRBP,554,1.093433857570078,OK,,102240000.0,2026-10-06,1.843,2026-08-06,4,OK,0,,,,,,,,
CRBU,555,1.240347049322027,OK,,98102000.0,2026-10-06,1.759,2026-08-13,4,OK,0,,,,,,,,
CRC,556,1.3698941487750502,OK,,3402000000.0,2026-10-06,1.403,2026-08-10,4,OK,0,,,,,,,,
CRCT,557,3.6292451419209355,OK,,368191000.0,2026-10-06,2.81,2026-08-04,4,OK,0,,,,,,,,
CRDF,558,,OWNERSHIP_BASIS_UNVERIFIED,,26532000.0,2026-10-06,3.079,2026-08-11,4,OWNERSHIP_BASIS_UNVERIFIED,0,,,,,,,,REQUIRES_MORE_EVIDENCE
CRDO,559,15.211865316013707,OK,,2728490000.0,2026-10-06,11.381,2026-09-02,4,OK,0,,,,,,,,
CRGY,560,0.8734744232299326,OK,,5151952000.0,2026-10-06,0.733,2026-08-03,4,OK,0,,,,,,,,
CRH,561,2.314033039503075,OK,,24035000000.0,2026-10-06,2.657,2026-07-30,4,OWNERSHIP_BASIS_UNVERIFIED,1,PB_OWNERSHIP_BASIS_V1,IDENTITY_OVERRIDE,2026-07-20,1.0,,665284511.0,cb3c30a1ef85a12c7f30014eb98957fae43a4ef5bb66a79a12b683d18bab8fff,REQUIRES_OFFICIAL_IDENTITY_OVERRIDE
CRI,562,1.2089084501857619,OK,,1027323000.0,2026-10-06,1.378,2026-07-31,4,OK,0,,,,,,,,
CRK,563,1.5539773064372502,OK,,2579137000.0,2026-10-06,1.446,2026-07-30,4,OK,0,,,,,,,,
CRL,564,5.126870485229469,OK,HISTORICAL_OHLC_INCOMPLETE,2839636000.0,2026-10-06,4.383,2026-08-05,4,OK,0,,,,,,,,
CRM,565,4.82481563710652,OK,HISTORICAL_OHLC_INCOMPLETE,38378000000.0,2026-10-06,5.405,2026-08-27,4,OK,0,,,,,,,,
CRMD,566,1.2313239179341975,OK,,460833000.0,2026-10-06,1.377,2026-08-13,4,OK,0,,,,,,,,
CRMT,567,,MISSING_EQUITY,,,2026-10-06,,2026-09-09,0,MISSING_EQUITY,0,,,,,,,,
CRNC,568,2.1941652150643867,OK,,166354000.0,2026-10-06,2.452,2026-08-06,4,OK,0,,,,,,,,
CRNX,569,,STALE_PRICE,,1191962000.0,2026-09-02,7.453,2026-08-03,4,STALE_PRICE,0,,,,,,,,
CRON,570,1.1324674828770005,OK,,1068672000.0,2026-10-06,1.058,2026-08-06,4,OK,0,,,,,,,,
CROX,571,4.162681595109537,OK,,1384674000.0,2026-10-06,4.282,2026-07-30,4,OK,0,,,,,,,,
CRS,572,8.803564252283142,OK,,2227600000.0,2026-10-06,11.761,2026-08-12,4,OK,0,,,,,,,,
CRSP,573,2.9895509847694113,OK,,1746551000.0,2026-10-06,2.744,2026-08-03,4,OK,0,,,,,,,,
CRSR,574,2.2193350087381765,OK,,664854000.0,2026-10-06,1.726,2026-08-06,4,OK,0,,,,,,,,
CRTO,575,0.6431523150871986,OK,,1127515000.0,2026-10-06,0.741,2026-08-05,4,OK,0,,,,,,,,
CRUS,576,2.721387899455077,OK,,2189131000.0,2026-10-06,2.963,2026-08-05,4,OK,0,,,,,,,,
CRVO,577,2.1993521835679033,OK,LARGE_ENDPOINT_VS_AVERAGE_SHARE_DIFFERENCE,22960297.0,2026-10-06,1.89,2026-08-07,4,OK,0,,,,,,,,
CRVS,578,3.9423294217254528,OK,,225328000.0,2026-10-06,5.174,2026-08-06,4,OK,0,,,,,,,,
CRWD,579,55.968228591173194,OK,,5101724000.0,2026-10-06,45.752,2026-08-27,4,OK,0,,,,,,,,
CSCO,580,9.247065833291762,OK,,50285000000.0,2026-10-06,8.582,2026-09-02,4,OK,0,,,,,,,,
CSGP,581,1.4114484387776918,OK,,7932000000.0,2026-10-06,1.524,2026-07-29,4,OK,0,,,,,,,,
CSL,582,7.9993082460961356,OK,,1617200000.0,2026-10-06,9.083,2026-07-30,4,OK,0,,,,,,,,
CSR,583,,OWNERSHIP_BASIS_UNVERIFIED,HISTORICAL_OHLC_INCOMPLETE,680223000.0,2026-10-06,1.37,2026-08-03,4,OWNERSHIP_BASIS_UNVERIFIED,0,,,,,,,,REQUIRES_MORE_EVIDENCE
CSTL,584,2.1682266497158467,OK,,470030000.0,2026-10-06,1.741,2026-07-30,4,OK,0,,,,,,,,
CSTM,585,2.7736413033707867,OK,,1246000000.0,2026-10-06,3.005,2026-07-29,4,OWNERSHIP_BASIS_UNVERIFIED,1,PB_OWNERSHIP_BASIS_V1,IDENTITY_OVERRIDE,2026-06-30,1.0,,135527728.0,ebcdc82a899fe81cd30bc4d8e611ea3ea06bffcf0b459af3178fc72fc3cd592f,REQUIRES_OFFICIAL_IDENTITY_OVERRIDE
CSV,586,1.8698162850789308,OK,,279369000.0,2026-10-06,2.103,2026-08-06,4,OK,0,,,,,,,,
CSW,587,4.505700005313024,OK,,1073612000.0,2026-10-06,4.756,2026-07-30,4,OK,0,,,,,,,,
CSX,588,6.245922668760647,OK,,14088000000.0,2026-10-06,6.565,2026-07-22,4,OK,0,,,,,,,,
CTAS,589,15.256605808696822,OK,,5139887000.0,2026-10-06,16.858,2026-07-29,4,OK,0,,,,,,,,
CTEV,590,,NEGATIVE_EQUITY,,-294564000.0,2026-10-06,,2026-08-07,0,NEGATIVE_EQUITY,0,,,,,,,,
CTKB,591,2.172080222688343,OK,,321954000.0,2026-10-06,1.688,2026-08-05,4,OK,0,,,,,,,,
CTMX,592,1.8466774188980726,OK,,302068000.0,2026-10-06,2.431,2026-08-06,4,OK,0,,,,,,,,
CTNM,593,1.9857602664135736,OK,,239660000.0,2026-10-06,2.472,2026-07-30,4,OK,0,,,,,,,,
CTNT,594,,MISSING_EQUITY,LARGE_ENDPOINT_VS_AVERAGE_SHARE_DIFFERENCE,,2026-10-06,,2026-08-13,0,MISSING_EQUITY,0,,,,,,,,
CTO,595,,OWNERSHIP_BASIS_UNVERIFIED,,663183000.0,2026-10-06,1.238,2026-07-28,4,OWNERSHIP_BASIS_UNVERIFIED,0,,,,,,,,REQUIRES_MORE_EVIDENCE
CTOR,596,,OWNERSHIP_BASIS_UNVERIFIED,,40384994.0,2026-10-06,2.095,2026-08-14,4,OWNERSHIP_BASIS_UNVERIFIED,0,,,,,,,,REQUIRES_MORE_EVIDENCE
CTOS,597,,OWNERSHIP_BASIS_UNVERIFIED,HISTORICAL_OHLC_INCOMPLETE,815957000.0,2026-10-06,2.964,2026-08-03,4,OWNERSHIP_BASIS_UNVERIFIED,0,,,,,,,,REQUIRES_MORE_EVIDENCE
CTRE,598,1.9229037056371143,OK,,4491393000.0,2026-10-06,2.164,2026-08-06,4,OK,0,,,,,,,,
CTS,599,3.045980763294789,OK,,572815000.0,2026-10-06,3.231,2026-07-28,4,OK,0,,,,,,,,
CTSH,600,1.7822167189073885,OK,,14462000000.0,2026-10-06,1.743,2026-07-29,4,OK,0,,,,,,,,
CTVA,601,0.36888176231940734,OK,,25159000000.0,2026-10-06,2.087,2026-07-31,4,OK,0,,,,,,,,
CTXR,602,,OWNERSHIP_BASIS_UNVERIFIED,,66613132.0,2026-10-06,0.311,2026-08-14,4,OWNERSHIP_BASIS_UNVERIFIED,0,,,,,,,,REQUIRES_MORE_EVIDENCE
CUBE,603,,OWNERSHIP_BASIS_UNVERIFIED,,2579243000.0,2026-10-06,3.619,2026-07-31,4,OWNERSHIP_BASIS_UNVERIFIED,0,,,,,,,,REQUIRES_MORE_EVIDENCE
CURI,604,,OWNERSHIP_BASIS_UNVERIFIED,,41462000.0,2026-10-06,5.71,2026-08-13,4,OWNERSHIP_BASIS_UNVERIFIED,0,,,,,,,,REQUIRES_MORE_EVIDENCE
CURV,605,,MISSING_EQUITY,,,2026-10-06,,2026-09-10,0,MISSING_EQUITY,0,,,,,,,,
CUZ,606,1.01543753365848,OK,,4483676000.0,2026-10-06,1.172,2026-07-30,4,OK,0,,,,,,,,
CVCO,607,3.966593334031489,OK,,1110396000.0,2026-10-06,3.788,2026-07-31,4,OK,0,,,,,,,,
CVGI,608,0.880613103708701,OK,,136117000.0,2026-10-06,1.37,2026-08-03,4,OK,0,,,,,,,,
CVI,609,10.995174877148525,OK,,525000000.0,2026-10-06,6.629,2026-07-29,4,OK,0,,,,,,,,
CVLG,610,2.0339151360762404,OK,,412874000.0,2026-10-06,2.13,2026-08-07,4,OK,0,,,,,,,,
CVLT,611,123.39971089219648,OK,,52051000.0,2026-10-06,95.794,2026-07-29,4,OK,0,,,,,,,,
CVNA,612,17.45224101365991,OK,LARGE_ENDPOINT_VS_AVERAGE_SHARE_DIFFERENCE,4028000000.0,2026-10-06,18.119,2026-07-29,4,OK,0,,,,,,,,
CVRX,613,2.163052536813363,OK,,19953000.0,2026-10-06,7.931,2026-08-06,4,OK,0,,,,,,,,
CVS,614,1.3869339462369925,OK,,79702000000.0,2026-10-06,1.591,2026-08-05,4,OK,0,,,,,,,,
CVX,615,2.1599121810518334,OK,,189883000000.0,2026-10-06,1.969,2026-08-06,4,OK,0,,,,,,,,
CW,616,,OWNERSHIP_BASIS_UNVERIFIED,,2769860000.0,2026-10-06,9.521,2026-08-06,4,OWNERSHIP_BASIS_UNVERIFIED,0,,,,,,,,REQUIRES_MORE_EVIDENCE
CWCO,617,2.1559294921066883,OK,,225643198.0,2026-10-06,2.146,2026-08-10,4,OK,0,,,,,,,,
CWEN,618,,MULTI_CLASS_UNVERIFIED,LARGE_ENDPOINT_VS_AVERAGE_SHARE_DIFFERENCE,1851000000.0,2026-10-06,3.458,2026-08-05,4,OWNERSHIP_BASIS_UNVERIFIED,0,PB_OWNERSHIP_BASIS_V1,HELD,2026-08-05,1.0,,,a28dbc624fc5df5815b0fd9205ebab616a7129b30db5f5a6459633eec4a64ebf,REQUIRES_MULTI_CLASS_CONTRACT
CWH,619,1.9044529373186754,OK,,245701000.0,2026-10-06,2.602,2026-07-31,4,OK,0,,,,,,,,
CWK,620,1.3862005119603347,OK,,2021700000.0,2026-10-06,1.629,2026-08-05,4,OK,0,,,,,,,,
CWST,621,3.3052042370171555,OK,,1580024000.0,2026-10-06,3.601,2026-08-07,4,OK,0,,,,,,,,
CWT,622,1.558402810648076,OK,,1807473000.0,2026-10-06,1.728,2026-07-30,4,OK,0,,,,,,,,
CXDO,623,2.5372548701052504,OK,,78113000.0,2026-10-06,3.18,2026-08-04,4,OK,0,,,,,,,,
CXM,624,2.3061734763492225,OK,,519477000.0,2026-10-06,2.789,2026-09-03,4,OK,0,,,,,,,,
CXT,625,2.262359730260976,OK,,1266300000.0,2026-10-06,2.381,2026-08-05,4,OK,0,,,,,,,,
CXW,626,2.1848351752059783,OK,,1438477000.0,2026-10-06,2.216,2026-08-06,4,OK,0,,,,,,,,
CYCN,627,,STALE_PRICE,,5087000.0,2026-09-08,3.23,2026-08-04,4,STALE_PRICE,0,,,,,,,,
CYH,628,,NEGATIVE_EQUITY,,-1390000000.0,2026-10-06,,2026-07-23,0,NEGATIVE_EQUITY,0,,,,,,,,
CYN,629,0.19795225160414903,OK,,44591803.0,2026-10-06,0.344,2026-08-13,4,OK,0,,,,,,,,
CYRX,630,,OWNERSHIP_BASIS_UNVERIFIED,,490699000.0,2026-10-06,1.518,2026-08-06,4,OWNERSHIP_BASIS_UNVERIFIED,0,,,,,,,,REQUIRES_MORE_EVIDENCE
CYTK,631,,NEGATIVE_EQUITY,,-173487000.0,2026-10-06,,2026-08-06,0,NEGATIVE_EQUITY,0,,,,,,,,
CZR,632,1.7897211709886949,OK,,3375000000.0,2026-10-06,1.808,2026-07-28,4,OK,0,,,,,,,,
D,633,,OWNERSHIP_BASIS_UNVERIFIED,,28922000000.0,2026-10-06,2.103,2026-07-31,4,OWNERSHIP_BASIS_UNVERIFIED,0,,,,,,,,REQUIRES_MORE_EVIDENCE
DAKT,634,2.7027019684848,OK,,317628000.0,2026-10-06,2.897,2026-09-02,4,OK,0,,,,,,,,
DAL,635,2.5219686040837708,OK,,21815000000.0,2026-10-06,2.634,2026-07-10,4,OK,0,,,,,,,,
DAN,636,1.5929192795832277,OK,,1920000000.0,2026-10-06,1.531,2026-08-06,4,OK,0,,,,,,,,
DAR,637,1.8401263356864663,OK,,5245729000.0,2026-10-06,1.787,2026-08-07,4,OK,0,,,,,,,,
DARE,638,,NEGATIVE_EQUITY,,-560100.0,2026-10-06,,2026-08-13,3,NEGATIVE_EQUITY,0,,,,,,,,
DASH,639,8.45627481219419,OK,,9921000000.0,2026-10-06,9.052,2026-08-05,4,OK,0,,,,,,,,
DAVE,640,,OWNERSHIP_BASIS_UNVERIFIED,,207890000.0,2026-10-06,26.393,2026-08-05,4,OWNERSHIP_BASIS_UNVERIFIED,0,,,,,,,,REQUIRES_MORE_EVIDENCE
DBD,641,2.2934613043710708,OK,,969200000.0,2026-10-06,2.633,2026-07-29,4,OK,0,,,,,,,,
DBGI,642,,OWNERSHIP_BASIS_UNVERIFIED,LARGE_ENDPOINT_VS_AVERAGE_SHARE_DIFFERENCE,540031.0,2026-10-06,20.484,2026-08-19,4,OWNERSHIP_BASIS_UNVERIFIED,0,,,,,,,,REQUIRES_MORE_EVIDENCE
DBI,643,,MISSING_EQUITY,,,2026-10-06,,2026-09-10,0,MISSING_EQUITY,0,,,,,,,,
DBVT,644,,NEWER_SHARE_COUNT_REQUIRED,LARGE_ENDPOINT_VS_AVERAGE_SHARE_DIFFERENCE,160400000.0,2026-10-06,5.486,2026-07-16,4,OWNERSHIP_BASIS_UNVERIFIED,0,PB_OWNERSHIP_BASIS_V1,HELD,2026-07-16,0.2,,,16cd3430fedb14bab2f1554f97bc57bb11e47ea57d60521f069d6ddc3c86feb6,REQUIRES_NEWER_SHARE_COUNT
DBX,645,,NEGATIVE_EQUITY,,-2188300000.0,2026-10-06,,2026-08-07,0,NEGATIVE_EQUITY,0,,,,,,,,
DCGO,646,,OWNERSHIP_BASIS_UNVERIFIED,,119054558.0,2026-10-06,0.59,2026-08-17,4,OWNERSHIP_BASIS_UNVERIFIED,0,,,,,,,,REQUIRES_MORE_EVIDENCE
DCI,647,,MISSING_EQUITY,,,2026-10-06,,2026-09-25,0,MISSING_EQUITY,0,,,,,,,,
DCO,648,3.8344417307832437,OK,,690438000.0,2026-10-06,4.406,2026-08-06,4,OK,0,,,,,,,,
DCTH,649,4.413788647120262,OK,,121145000.0,2026-10-06,4.431,2026-08-06,4,OK,0,,,,,,,,
DD,650,,OWNERSHIP_BASIS_UNVERIFIED,,13769000000.0,2026-10-06,1.402,2026-08-04,4,OWNERSHIP_BASIS_UNVERIFIED,0,,,,,,,,REQUIRES_MORE_EVIDENCE
DDD,651,2.1803672743371227,OK,,273563000.0,2026-10-06,1.719,2026-08-03,4,OK,0,,,,,,,,
DDOG,652,22.877346186347186,OK,,4367160000.0,2026-10-06,18.853,2026-08-06,4,OK,0,,,,,,,,
DDS,653,,MISSING_EQUITY,,,2026-10-06,,2026-09-04,0,MISSING_EQUITY,0,,,,,,,,
DE,654,6.577260776530672,OK,,27990000000.0,2026-10-06,5.998,2026-08-27,4,OK,0,,,,,,,,
DEA,655,0.8372259957135004,OK,,1315265000.0,2026-10-06,0.91,2026-08-03,4,OK,0,,,,,,,,
DEC,656,1.04439502424288,OK,,950691000.0,2026-10-06,0.974,2026-08-05,4,OK,0,,,,,,,,
DECK,657,4.839759044204985,OK,,2301682000.0,2026-10-06,5.908,2026-07-30,4,OK,0,,,,,,,,
DEI,658,0.8936794375143744,OK,,1838501000.0,2026-10-06,1.065,2026-08-07,4,OK,0,,,,,,,,
DELL,659,,MISSING_EQUITY,,,2026-10-06,,2026-09-08,0,MISSING_EQUITY,0,,,,,,,,
DERM,660,5.41390885262811,OK,,32114000.0,2026-10-06,5.651,2026-08-12,4,OK,0,,,,,,,,
DFH,661,0.6171162157596932,OK,,1431903000.0,2026-10-06,0.845,2026-07-30,4,OK,0,,,,,,,,
DFIN,662,3.145837449166589,OK,,387400000.0,2026-10-06,2.985,2026-07-30,4,OK,0,,,,,,,,
DG,663,2.9278137101011996,OK,,9288648000.0,2026-10-06,2.99,2026-08-27,4,OK,0,,,,,,,,
DGII,664,4.095266761244255,OK,,685153000.0,2026-10-06,4.029,2026-08-05,4,OK,0,,,,,,,,
DGX,665,3.35393448949354,OK,,7516000000.0,2026-10-06,3.347,2026-07-23,4,OK,0,,,,,,,,
DGXX,666,1.3887898804991685,OK,,265029285.0,2026-10-06,1.519,2026-08-14,4,OK,0,,,,,,,,
DH,667,0.7290861781939266,OK,,144652000.0,2026-10-06,0.515,2026-08-10,4,OK,0,,,,,,,,
DHC,668,,OWNERSHIP_BASIS_UNVERIFIED,,1582831000.0,2026-10-06,1.348,2026-08-03,4,OWNERSHIP_BASIS_UNVERIFIED,0,,,,,,,,REQUIRES_MORE_EVIDENCE
DHI,669,1.605791400417725,OK,,23819500000.0,2026-10-06,1.669,2026-07-23,4,OK,0,,,,,,,,
DHR,670,2.882615840931299,OK,,52581000000.0,2026-10-06,2.393,2026-07-21,4,OWNERSHIP_BASIS_UNVERIFIED,1,PB_OWNERSHIP_BASIS_V1,ORDINARY_COMMON,2026-07-16,1.0,,702986054.0,1a229e14ee54a762e9b986a447564fdb679696ebecc742b502b44bf689d071fb,SAFE_TO_RELEASE_UNDER_GENERIC_CONTRACT
DHX,671,2.1878490487886952,OK,,94079000.0,2026-10-06,1.929,2026-08-05,4,OK,0,,,,,,,,
DIBS,672,1.8782039560746835,OK,,73738000.0,2026-10-06,2.247,2026-08-05,4,OK,0,,,,,,,,
DIN,673,,NEGATIVE_EQUITY,HISTORICAL_OHLC_INCOMPLETE,-292000000.0,2026-10-06,,2026-08-05,0,NEGATIVE_EQUITY,0,,,,,,,,
DINO,674,1.980945923590022,OK,,10285000000.0,2026-10-06,1.598,2026-07-30,4,OK,0,,,,,,,,
DIOD,675,2.5414168196005353,OK,,1952301000.0,2026-10-06,2.019,2026-08-05,4,OK,0,,,,,,,,
DIS,676,1.6324999664396531,OK,,110032000000.0,2026-10-06,1.597,2026-08-05,4,OWNERSHIP_BASIS_UNVERIFIED,1,PB_OWNERSHIP_BASIS_V1,ORDINARY_COMMON,2026-07-29,1.0,,1726686902.0,c32bc106b3fe53ef099cca345c5f36a0e9e62c42998aa72c0d00f788148c4477,SAFE_TO_RELEASE_UNDER_GENERIC_CONTRACT
DJT,677,,OWNERSHIP_BASIS_UNVERIFIED,,1022869900.0,2026-10-06,2.552,2026-08-10,4,OWNERSHIP_BASIS_UNVERIFIED,0,,,,,,,,REQUIRES_MORE_EVIDENCE
DK,678,24.84417423303239,OK,HISTORICAL_OHLC_INCOMPLETE,186500000.0,2026-10-06,19.617,2026-08-05,4,OK,0,,,,,,,,
DKL,679,,NEGATIVE_EQUITY,,-69291000.0,2026-10-06,,2026-08-05,2,NEGATIVE_EQUITY,0,,,,,,,,
DKNG,680,,OWNERSHIP_BASIS_UNVERIFIED,,569428000.0,2026-10-06,20.95,2026-08-07,4,OWNERSHIP_BASIS_UNVERIFIED,0,,,,,,,,REQUIRES_MORE_EVIDENCE
DKS,681,2.0948300157590083,OK,,5725722000.0,2026-10-06,2.171,2026-09-03,4,OK,0,,,,,,,,
DLB,682,2.1195192771579756,OK,,2583547000.0,2026-10-06,1.877,2026-07-30,4,OK,0,,,,,,,,
DLR,683,,OWNERSHIP_BASIS_UNVERIFIED,,27434470000.0,2026-10-06,2.543,2026-07-31,4,OWNERSHIP_BASIS_UNVERIFIED,0,,,,,,,,REQUIRES_MORE_EVIDENCE
DLTH,684,,MISSING_EQUITY,,,2026-10-06,,2026-09-04,0,MISSING_EQUITY,0,,,,,,,,
DLTR,685,6.36462934601109,OK,,3425300000.0,2026-10-06,6.957,2026-08-27,4,OK,0,,,,,,,,
DLX,686,1.4600943898611207,OK,,707900000.0,2026-10-06,1.69,2026-08-06,4,OK,0,,,,,,,,
DMAC,687,11.435544962734266,OK,,38338000.0,2026-10-06,9.354,2026-08-10,4,OK,0,,,,,,,,
DMLP,688,4.707457428835829,OK,,303676000.0,2026-10-06,4.174,2026-08-06,4,OK,0,,,,,,,,
DMRC,689,4.738589293185524,OK,,29312000.0,2026-10-06,5.774,2026-08-14,4,OK,0,,,,,,,,
DNA,690,,OWNERSHIP_BASIS_UNVERIFIED,,420284000.0,2026-10-06,1.362,2026-08-06,4,OWNERSHIP_BASIS_UNVERIFIED,0,,,,,,,,REQUIRES_MORE_EVIDENCE
DNLI,691,3.690061327763065,OK,,835178000.0,2026-10-06,4.733,2026-08-06,4,OK,0,,,,,,,,
DNOW,692,1.3716578928663656,OK,,2093000000.0,2026-10-06,1.329,2026-08-06,4,OK,0,,,,,,,,
DNTH,693,4.075677538063682,OK,,1172025000.0,2026-10-06,5.269,2026-08-04,4,OK,0,,,,,,,,
DNUT,694,0.8477724420816111,OK,,618055000.0,2026-10-06,0.907,2026-08-06,4,OK,0,,,,,,,,
DOC,695,1.6700363861181045,OK,,7844750000.0,2026-10-06,1.915,2026-08-05,4,OK,0,,,,,,,,
DOCN,696,16.550535224051032,OK,,930731000.0,2026-10-06,16.283,2026-08-04,2,OK,0,,,,,,,,
DOCS,697,5.407289778498443,OK,,916070000.0,2026-10-06,4.02,2026-08-06,4,OK,0,,,,,,,,
DOCU,698,7.419457151265279,OK,,1718520000.0,2026-10-06,7.44,2026-09-04,4,OK,0,,,,,,,,
DOLE,699,0.9041201822387137,OK,,1328934000.0,2026-10-06,0.923,2026-08-10,4,OWNERSHIP_BASIS_UNVERIFIED,1,PB_OWNERSHIP_BASIS_V1,IDENTITY_OVERRIDE,2026-07-29,1.0,,94458807.0,e909e9755a527bb6c2821625d341977bcc2b6b536d2bbf3f0583db80f5cddbe2,REQUIRES_OFFICIAL_IDENTITY_OVERRIDE
DOMO,700,,NEGATIVE_EQUITY,,-187308000.0,2026-10-01,,2026-09-03,0,NEGATIVE_EQUITY,0,,,,,,,,
DORM,701,2.47936673670509,OK,,1515040000.0,2026-10-06,2.895,2026-08-04,4,OK,0,,,,,,,,
DOUG,702,0.8165770813368471,OK,,166960000.0,2026-10-06,0.996,2026-08-10,4,OK,0,,,,,,,,
DOV,703,3.354417031795192,OK,,7704004000.0,2026-10-06,3.458,2026-07-23,4,OK,0,,,,,,,,
DOW,704,1.2825418859734903,OK,,15860000000.0,2026-10-06,1.359,2026-07-24,4,OK,0,,,,,,,,
DPZ,705,,NEGATIVE_EQUITY,,-3982431000.0,2026-10-06,,2026-07-20,0,NEGATIVE_EQUITY,0,,,,,,,,
DRH,706,,OWNERSHIP_BASIS_UNVERIFIED,,1523355000.0,2026-10-06,1.734,2026-07-30,4,OWNERSHIP_BASIS_UNVERIFIED,0,,,,,,,,REQUIRES_MORE_EVIDENCE
DRI,707,,MISSING_EQUITY,,,2026-10-06,,2026-10-02,0,MISSING_EQUITY,0,,,,,,,,
DRS,708,3.5020583645753454,OK,,2803000000.0,2026-10-06,4.344,2026-07-30,4,OK,0,,,,,,,,
DRVN,709,2.328313487030201,OK,,833291000.0,2026-10-06,2.566,2026-08-06,4,OK,0,,,,,,,,
DSGN,710,3.7110363680463676,OK,,201858000.0,2026-10-06,3.956,2026-08-03,4,OK,0,,,,,,,,
DSP,711,6.990320211077318,OK,LARGE_ENDPOINT_VS_AVERAGE_SHARE_DIFFERENCE,113449000.0,2026-10-06,8.256,2026-08-10,4,OK,0,,,,,,,,
DT,712,7.199248432587402,OK,,2450753000.0,2026-10-06,5.998,2026-08-05,4,OK,0,,,,,,,,
DTE,713,,OWNERSHIP_BASIS_UNVERIFIED,,12149000000.0,2026-10-06,2.502,2026-07-28,4,OWNERSHIP_BASIS_UNVERIFIED,0,,,,,,,,REQUIRES_MORE_EVIDENCE
DTIL,714,3.778279856388876,OK,,45293000.0,2026-10-06,4.522,2026-08-06,4,OK,0,,,,,,,,
DTM,715,2.659783579396738,OK,,4779000000.0,2026-10-06,2.92,2026-07-30,4,OK,0,,,,,,,,
DTST,716,,OWNERSHIP_BASIS_UNVERIFIED,,10329060.0,2026-10-06,0.693,2026-08-14,4,OWNERSHIP_BASIS_UNVERIFIED,0,,,,,,,,REQUIRES_MORE_EVIDENCE
DUK,717,,OWNERSHIP_BASIS_UNVERIFIED,,54751000000.0,2026-10-06,1.77,2026-08-04,4,OWNERSHIP_BASIS_UNVERIFIED,0,,,,,,,,REQUIRES_MORE_EVIDENCE
DUOL,718,4.9161124910931076,OK,,1409742000.0,2026-10-06,4.068,2026-08-06,4,OK,0,,,,,,,,
DUOT,719,1.400599870188321,OK,,207404811.0,2026-10-06,1.631,2026-08-19,4,OK,0,,,,,,,,
DV,720,1.9089246896730339,OK,,1094450000.0,2026-10-06,1.871,2026-08-07,4,OK,0,,,,,,,,
DVA,721,,NEGATIVE_EQUITY,,-765096000.0,2026-10-06,,2026-08-04,0,NEGATIVE_EQUITY,0,,,,,,,,
DVN,722,1.2652885357879617,OK,,41747000000.0,2026-10-06,1.109,2026-08-05,4,OK,0,,,,,,,,
DWTX,723,0.7557645363056722,OK,,68366108.0,2026-10-06,1.069,2026-08-14,4,OK,0,,,,,,,,
DXC,724,0.618312685207672,OK,,3057000000.0,2026-10-06,0.587,2026-07-31,4,OK,0,,,,,,,,
DXCM,725,12.004316000239287,OK,,2621400000.0,2026-10-06,10.73,2026-07-30,4,OK,0,,,,,,,,
DXLG,726,,MISSING_EQUITY,,,2026-10-06,,2026-09-09,0,MISSING_EQUITY,0,,,,,,,,
DXPE,727,5.499603912946946,OK,,540741000.0,2026-10-06,5.688,2026-08-06,4,OK,0,,,,,,,,
DY,728,4.244208079536836,OK,,2063906000.0,2026-10-06,4.501,2026-08-27,4,OK,0,,,,,,,,
DYN,729,4.095835462972907,OK,,702151000.0,2026-10-06,6.676,2026-07-29,4,OK,0,,,,,,,,
EAF,730,,NEGATIVE_EQUITY,,-345558000.0,2026-10-06,,2026-07-24,0,NEGATIVE_EQUITY,0,,,,,,,,
EAT,731,17.925915272403326,OK,,443700000.0,2026-10-06,21.975,2026-08-19,4,OK,0,,,,,,,,
EBAY,732,,OWNERSHIP_BASIS_UNVERIFIED,,4665000000.0,2026-10-06,10.506,2026-08-06,4,OWNERSHIP_BASIS_UNVERIFIED,0,,,,,,,,REQUIRES_MORE_EVIDENCE
EBF,733,1.8371203798601874,OK,,310665000.0,2026-10-06,1.768,2026-07-01,4,OK,0,,,,,,,,
EBS,734,1.0437893246057037,OK,,341400000.0,2026-10-06,0.797,2026-08-06,4,OK,0,,,,,,,,
ECL,735,7.828738535890608,OK,,10055500000.0,2026-10-06,7.902,2026-08-06,4,OK,0,,,,,,,,
ECOR,736,,NEGATIVE_EQUITY,,-2790000.0,2026-10-06,,2026-08-06,0,NEGATIVE_EQUITY,0,,,,,,,,
ECVT,737,1.9340508439117878,OK,,586948000.0,2026-10-06,2.052,2026-08-06,4,OK,0,,,,,,,,
ED,738,1.5115823677718683,OK,,25719000000.0,2026-10-06,1.567,2026-08-06,4,OK,0,,,,,,,,
EDBL,739,,OWNERSHIP_BASIS_UNVERIFIED,LARGE_ENDPOINT_VS_AVERAGE_SHARE_DIFFERENCE,5573000.0,2026-10-06,0.585,2026-08-14,4,OWNERSHIP_BASIS_UNVERIFIED,0,,,,,,,,REQUIRES_MORE_EVIDENCE
EDIT,740,3.982423214818502,OK,LARGE_ENDPOINT_VS_AVERAGE_SHARE_DIFFERENCE,105281000.0,2026-10-06,4.012,2026-08-05,4,OK,0,,,,,,,,
EDSA,741,4.0703675813442945,OK,,8811154.0,2026-10-06,5.941,2026-08-13,4,OK,0,,,,,,,,
EE,742,5.712935504857399,OK,LARGE_ENDPOINT_VS_AVERAGE_SHARE_DIFFERENCE,686812000.0,2026-10-06,6.251,2026-08-06,4,OK,0,,,,,,,,
EEFT,743,1.9323721119961086,OK,,1229900000.0,2026-10-06,2.339,2026-08-04,4,OK,0,,,,,,,,
EFC,744,,OWNERSHIP_BASIS_UNVERIFIED,,1966152000.0,2026-10-06,0.883,2026-08-10,4,OWNERSHIP_BASIS_UNVERIFIED,0,,,,,,,,REQUIRES_MORE_EVIDENCE
EFX,745,3.8215714990480736,OK,,4380200000.0,2026-10-06,4.64,2026-07-21,4,OK,0,,,,,,,,
EGHT,746,2.1203586068554645,OK,,147817000.0,2026-10-06,2.257,2026-08-05,4,OK,0,,,,,,,,
EGP,747,2.900905301808989,OK,HISTORICAL_OHLC_INCOMPLETE,3574995000.0,2026-10-06,3.254,2026-07-22,4,OK,0,,,,,,,,
EGY,748,1.5986130619325418,OK,,380335000.0,2026-10-06,1.607,2026-08-10,4,OK,0,,,,,,,,
EHC,749,4.735377715599564,OK,,2597700000.0,2026-10-06,4.756,2026-08-07,4,OK,0,,,,,,,,
EIX,750,1.1909497610103257,OK,,17529000000.0,2026-10-06,1.728,2026-07-30,4,OK,0,,,,,,,,
EL,751,8.874806735665874,OK,HISTORICAL_OHLC_INCOMPLETE,3806000000.0,2026-10-06,9.317,2026-08-19,4,OK,0,,,,,,,,
ELAB,752,0.15817286789855792,OK,LARGE_ENDPOINT_VS_AVERAGE_SHARE_DIFFERENCE,16736899.0,2026-10-06,0.44,2026-08-14,4,OK,0,,,,,,,,
ELAN,753,,OWNERSHIP_BASIS_UNVERIFIED,,6588000000.0,2026-10-06,1.988,2026-08-05,4,OWNERSHIP_BASIS_UNVERIFIED,0,,,,,,,,REQUIRES_MORE_EVIDENCE
ELDN,754,6.030649328289876,OK,LARGE_ENDPOINT_VS_AVERAGE_SHARE_DIFFERENCE,33013000.0,2026-10-06,9.108,2026-08-13,4,OK,0,,,,,,,,
ELF,755,5.189052830346255,OK,,1168890000.0,2026-10-06,4.66,2026-08-06,4,OK,0,,,,,,,,
ELME,756,,NEGATIVE_EQUITY,,-125098000.0,2026-10-06,,2026-07-31,1,NEGATIVE_EQUITY,0,,,,,,,,
ELS,757,,OWNERSHIP_BASIS_UNVERIFIED,,1758170000.0,2026-10-06,7.287,2026-07-28,4,OWNERSHIP_BASIS_UNVERIFIED,0,,,,,,,,REQUIRES_MORE_EVIDENCE
ELVN,758,3.4697547716291663,OK,,895149000.0,2026-10-06,4.887,2026-08-05,4,OK,0,,,,,,,,
EMBC,759,,NEGATIVE_EQUITY,,-612700000.0,2026-10-06,,2026-08-07,0,NEGATIVE_EQUITY,0,,,,,,,,
EME,760,8.916480918550363,OK,,4078907000.0,2026-10-06,8.677,2026-07-30,4,OK,0,,,,,,,,
EMN,761,1.2028767273819616,OK,,6096000000.0,2026-10-06,1.312,2026-07-31,4,OK,0,,,,,,,,
EMPD,762,0.7883384915946706,OK,,113390575.0,2026-10-06,0.703,2026-08-07,4,OK,0,,,,,,,,
EMR,763,4.4177298491318995,OK,,20379000000.0,2026-10-06,4.348,2026-08-04,4,OK,0,,,,,,,,
ENB,764,,OWNERSHIP_BASIS_UNVERIFIED,,46677857143.0,2026-10-06,2.548,2026-07-31,4,OWNERSHIP_BASIS_UNVERIFIED,0,,,,,,,,REQUIRES_MORE_EVIDENCE
ENGN,765,,OWNERSHIP_BASIS_UNVERIFIED,,230290000.0,2026-10-06,0.559,2026-09-08,4,OWNERSHIP_BASIS_UNVERIFIED,0,,,,,,,,REQUIRES_MORE_EVIDENCE
ENOV,766,,OWNERSHIP_BASIS_UNVERIFIED,HISTORICAL_OHLC_INCOMPLETE,1477067000.0,2026-10-06,1.027,2026-08-06,4,OWNERSHIP_BASIS_UNVERIFIED,0,,,,,,,,REQUIRES_MORE_EVIDENCE
ENPH,767,3.791579367624888,OK,,1181836000.0,2026-10-06,4.061,2026-07-28,4,OK,0,,,,,,,,
ENR,768,,OWNERSHIP_BASIS_UNVERIFIED,,203200000.0,2026-10-06,7.273,2026-08-04,4,OWNERSHIP_BASIS_UNVERIFIED,0,,,,,,,,REQUIRES_MORE_EVIDENCE
ENS,769,3.52413582713447,OK,,1969900000.0,2026-10-06,3.418,2026-08-12,4,OK,0,,,,,,,,
ENSC,770,,NEGATIVE_EQUITY,LARGE_ENDPOINT_VS_AVERAGE_SHARE_DIFFERENCE,-781697.0,2026-10-06,,2026-08-13,2,NEGATIVE_EQUITY,0,,,,,,,,
ENSG,771,4.107025734552859,OK,,2441688000.0,2026-10-06,4.25,2026-07-27,4,OK,0,,,,,,,,
ENTA,772,3.5071055582587154,OK,,101068000.0,2026-10-06,3.89,2026-08-12,4,OK,0,,,,,,,,
ENTG,773,6.135602691578432,OK,,4156200000.0,2026-10-06,5.315,2026-08-04,4,OK,0,,,,,,,,
ENVX,774,,OWNERSHIP_BASIS_UNVERIFIED,,209945000.0,2026-10-06,4.944,2026-08-12,4,OWNERSHIP_BASIS_UNVERIFIED,0,,,,,,,,REQUIRES_MORE_EVIDENCE
EOG,775,2.3750649282257594,OK,,31864000000.0,2026-10-06,2.363,2026-08-04,4,OK,0,,,,,,,,
EOLS,776,,NEGATIVE_EQUITY,,-30903000.0,2026-10-06,,2026-08-05,0,NEGATIVE_EQUITY,0,,,,,,,,
EOSE,777,,NEGATIVE_EQUITY,,-1030784000.0,2026-10-06,,2026-08-05,0,NEGATIVE_EQUITY,0,,,,,,,,
EPAC,778,4.3054090796242885,OK,HISTORICAL_OHLC_INCOMPLETE,424028000.0,2026-10-06,4.074,2026-07-09,4,OK,0,,,,,,,,
EPAM,779,1.6025641056206028,OK,,3518719000.0,2026-10-06,1.364,2026-08-06,4,OK,0,,,,,,,,
EPC,780,0.8482835706071352,OK,,1459900000.0,2026-10-06,0.922,2026-08-05,4,OK,0,,,,,,,,
EPD,781,2.6600805240785927,OK,,30248000000.0,2026-10-06,2.695,2026-08-07,4,OK,0,,,,,,,,
EPR,782,,OWNERSHIP_BASIS_UNVERIFIED,HISTORICAL_OHLC_INCOMPLETE,2309424000.0,2026-10-06,2.123,2026-07-30,4,OWNERSHIP_BASIS_UNVERIFIED,0,,,,,,,,REQUIRES_MORE_EVIDENCE
EPRT,783,1.2549336769687942,OK,,4408411000.0,2026-10-06,1.602,2026-07-22,4,OK,0,,,,,,,,
EPSN,784,1.3916765665272222,OK,,129911043.0,2026-10-06,1.385,2026-08-12,4,OK,0,,,,,,,,
EQ,785,1.6073884911243275,OK,LARGE_ENDPOINT_VS_AVERAGE_SHARE_DIFFERENCE,56016000.0,2026-10-06,2.275,2026-08-13,4,OK,0,,,,,,,,
EQIX,786,7.185702656346403,OK,,14382000000.0,2026-10-06,6.916,2026-07-29,4,OK,0,,,,,,,,
VMRK,787,2.1526806109803505,OK,,10514980000.0,2026-10-06,2.393,2026-07-30,4,OK,0,,,,,,,,
EQT,788,1.2993779012007238,OK,,25258876000.0,2026-10-06,1.338,2026-07-22,4,OK,0,,,,,,,,
ERAS,789,13.821568488076663,OK,,361869000.0,2026-10-06,17.697,2026-08-11,4,OK,0,,,,,,,,
ERII,790,2.0953264248517787,OK,,172478000.0,2026-10-06,2.622,2026-08-05,4,OK,0,,,,,,,,
ERNA,791,,OWNERSHIP_BASIS_UNVERIFIED,LARGE_ENDPOINT_VS_AVERAGE_SHARE_DIFFERENCE,3200000.0,2026-10-06,2.224,2026-08-06,4,OWNERSHIP_BASIS_UNVERIFIED,0,,,,,,,,REQUIRES_MORE_EVIDENCE
ES,792,1.5043775383035378,OK,,16340177000.0,2026-10-06,1.659,2026-08-03,4,OK,0,,,,,,,,
ESAB,793,1.7589897691488847,OK,HISTORICAL_OHLC_INCOMPLETE,2538681000.0,2026-10-06,2.314,2026-08-06,4,OK,0,,,,,,,,
ESE,794,4.2967235069923415,OK,,1617262000.0,2026-10-06,4.819,2026-08-10,4,OK,0,,,,,,,,
ESI,795,3.2697747727760187,OK,HISTORICAL_OHLC_INCOMPLETE,2812700000.0,2026-10-06,3.162,2026-07-28,4,OK,0,,,,,,,,
ESOA,796,2.509809301778032,OK,,84084215.0,2026-10-06,3.431,2026-08-10,4,OK,0,,,,,,,,
ESRT,797,0.7381733433201167,OK,,1039021000.0,2026-10-06,0.813,2026-08-06,4,OK,0,,,,,,,,
ESS,798,,OWNERSHIP_BASIS_UNVERIFIED,HISTORICAL_OHLC_INCOMPLETE,5323073000.0,2026-10-06,3.403,2026-07-30,4,OWNERSHIP_BASIS_UNVERIFIED,0,,,,,,,,REQUIRES_MORE_EVIDENCE
ESTA,799,90.05255198197094,OK,,21607000.0,2026-10-06,106.783,2026-08-07,4,OK,0,,,,,,,,
ESTC,800,7.65873349958015,OK,,1296843000.0,2026-10-06,8.089,2026-08-28,4,OK,0,,,,,,,,
ET,801,,OWNERSHIP_BASIS_UNVERIFIED,,35331000000.0,2026-10-06,2.014,2026-08-06,4,OWNERSHIP_BASIS_UNVERIFIED,0,,,,,,,,REQUIRES_MORE_EVIDENCE
ETD,802,1.126118619432264,OK,,471546000.0,2026-10-06,1.169,2026-09-03,4,OK,0,,,,,,,,
ETN,803,8.535250053206118,OK,HISTORICAL_OHLC_INCOMPLETE,20254000000.0,2026-10-06,7.962,2026-07-31,4,OK,0,,,,,,,,
ETON,804,33.60520161069702,OK,,46585000.0,2026-10-06,25.034,2026-08-13,4,OK,0,,,,,,,,
ETR,805,2.643007570771381,OK,,18229120000.0,2026-10-06,2.755,2026-07-31,4,OK,0,,,,,,,,
ETSY,806,,NEGATIVE_EQUITY,,-1395078000.0,2026-10-06,,2026-08-05,0,NEGATIVE_EQUITY,0,,,,,,,,
EU,807,0.9980231713408425,OK,,221919000.0,2026-10-06,0.998,2026-08-13,4,OK,0,,,,,,,,
EVC,808,7.400029032497221,OK,,83558000.0,2026-10-06,12.922,2026-08-10,4,OK,0,,,,,,,,
EVCM,809,2.2895809898961406,OK,,715278000.0,2026-10-06,2.927,2026-08-05,4,OK,0,,,,,,,,
EVER,810,2.66104865051275,OK,,256778000.0,2026-10-06,3.275,2026-08-04,4,OK,0,,,,,,,,
EVEX,811,,OWNERSHIP_BASIS_UNVERIFIED,,22831000.0,2026-10-06,43.654,2026-08-04,4,OWNERSHIP_BASIS_UNVERIFIED,0,,,,,,,,REQUIRES_MORE_EVIDENCE
EVGO,812,,NEGATIVE_EQUITY,,-20450000.0,2026-10-06,,2026-08-06,1,NEGATIVE_EQUITY,0,,,,,,,,
EVH,813,1.1328856480327105,OK,,383223000.0,2026-10-06,1.059,2026-08-06,4,OK,0,,,,,,,,
EVLV,814,,OWNERSHIP_BASIS_UNVERIFIED,,118858000.0,2026-10-06,9.189,2026-08-11,4,OWNERSHIP_BASIS_UNVERIFIED,0,,,,,,,,REQUIRES_MORE_EVIDENCE
EVRG,815,1.812195238030169,OK,,10223000000.0,2026-10-06,1.872,2026-08-06,4,OK,0,,,,,,,,
EVTC,816,2.6915642223579614,OK,,644908000.0,2026-10-06,2.867,2026-08-06,4,OK,0,,,,,,,,
EW,817,4.694582212745953,OK,,10618000000.0,2026-10-06,4.864,2026-08-04,4,OK,0,,,,,,,,
EWTX,818,9.699978557915324,OK,,448077000.0,2026-10-06,10.766,2026-08-06,4,OK,0,,,,,,,,
EXC,819,,OWNERSHIP_BASIS_UNVERIFIED,,29698000000.0,2026-10-06,1.584,2026-07-30,4,OWNERSHIP_BASIS_UNVERIFIED,0,,,,,,,,REQUIRES_MORE_EVIDENCE
EXE,820,,OWNERSHIP_BASIS_UNVERIFIED,,19410000000.0,2026-10-06,1.056,2026-07-28,4,OWNERSHIP_BASIS_UNVERIFIED,0,,,,,,,,REQUIRES_MORE_EVIDENCE
EXEL,821,7.8389220235918895,OK,,1843762000.0,2026-10-06,7.62,2026-08-05,4,OK,0,,,,,,,,
EXFY,822,1.511171522861191,OK,,134562000.0,2026-10-06,1.342,2026-08-06,4,OK,0,,,,,,,,
EXLS,823,6.197573618522039,OK,,866242000.0,2026-10-06,5.343,2026-07-28,4,OK,0,,,,,,,,
EXP,824,,OWNERSHIP_BASIS_UNVERIFIED,HISTORICAL_OHLC_INCOMPLETE,1486932000.0,2026-10-06,4.33,2026-07-29,4,OWNERSHIP_BASIS_UNVERIFIED,0,,,,,,,,REQUIRES_MORE_EVIDENCE
EXPD,825,11.767677425282034,OK,,2118702000.0,2026-10-06,11.13,2026-08-05,4,OK,0,,,,,,,,
EXPE,826,25.817561135697208,OK,,1209000000.0,2026-10-06,30.434,2026-08-06,4,OK,0,,,,,,,,
EXPO,827,11.396589605669517,OK,,288616000.0,2026-10-06,11.003,2026-08-07,4,OK,0,,,,,,,,
EXR,828,2.133587646581248,OK,,13257895000.0,2026-10-06,2.359,2026-07-31,4,OK,0,,,,,,,,
EXTR,829,36.146751823995494,OK,,88590000.0,2026-10-06,35.764,2026-08-17,4,OK,0,,,,,,,,
EYE,830,1.475614474894504,OK,,896996000.0,2026-10-06,1.679,2026-08-13,4,OK,0,,,,,,,,
EYPT,831,1.6422741527751419,OK,,166411000.0,2026-10-06,6.346,2026-08-05,4,OK,0,,,,,,,,
F,832,,MULTI_CLASS_UNVERIFIED,,35719000000.0,2026-10-06,1.67,2026-07-28,4,OWNERSHIP_BASIS_UNVERIFIED,0,PB_OWNERSHIP_BASIS_V1,HELD,2026-07-28,1.0,,,3b4b1513eb04957b25a1b77ea4ad4686046a2c3465a4b8b1d8be324f26d45d60,REQUIRES_MULTI_CLASS_CONTRACT
FA,833,2.4542802196049474,OK,,1293954000.0,2026-10-06,3.202,2026-08-06,4,OK,0,,,,,,,,
FANG,834,1.3667256892228732,OK,,37900000000.0,2026-10-06,1.376,2026-08-05,4,OK,0,,,,,,,,
FAST,835,14.329618870423246,OK,,4068800000.0,2026-10-06,13.162,2026-07-16,4,OK,0,,,,,,,,
FBIN,836,2.0348585330980686,OK,,2308400000.0,2026-10-06,2.704,2026-08-05,4,OK,0,,,,,,,,
FBIO,837,,OWNERSHIP_BASIS_UNVERIFIED,,164140000.0,2026-10-06,0.605,2026-08-13,4,OWNERSHIP_BASIS_UNVERIFIED,0,,,,,,,,REQUIRES_MORE_EVIDENCE
FBRT,838,,OWNERSHIP_BASIS_UNVERIFIED,,1372624000.0,2026-10-06,0.456,2026-07-29,4,OWNERSHIP_BASIS_UNVERIFIED,0,,,,,,,,REQUIRES_MORE_EVIDENCE
FC,839,4.590043144832804,OK,,42936000.0,2026-10-06,5.705,2026-07-07,4,OK,0,,,,,,,,
FCEL,840,1.6931978104007699,OK,,975110000.0,2026-10-06,1.181,2026-09-02,4,OK,0,,,,,,,,
FCN,841,2.8484042524853015,OK,,1333950000.0,2026-10-06,3.396,2026-07-30,4,OK,0,,,,,,,,
FCPT,842,1.442829806444321,OK,,1620296000.0,2026-10-06,1.73,2026-07-30,4,OK,0,,,,,,,,
FCUV,843,0.36508301437281077,OK,,8200036.0,2026-10-06,0.482,2026-08-14,4,OK,0,,,,,,,,
FCX,844,,OWNERSHIP_BASIS_UNVERIFIED,,20109000000.0,2026-10-06,4.869,2026-08-06,4,OWNERSHIP_BASIS_UNVERIFIED,0,,,,,,,,REQUIRES_MORE_EVIDENCE
FDMT,845,1.7020777496422095,OK,,407659000.0,2026-10-06,1.579,2026-08-13,4,OK,0,,,,,,,,
FDS,846,4.760237809933502,OK,,2032290000.0,2026-10-06,4.297,2026-07-01,4,OK,0,,,,,,,,
FDX,847,2.1606806483661836,OK,,31647000000.0,2026-10-06,2.289,2026-07-20,4,OK,0,,,,,,,,
FE,848,1.9799460702815683,OK,,12935000000.0,2026-10-06,2.221,2026-07-28,4,OK,0,,,,,,,,
FEIM,849,,MISSING_EQUITY,,,2026-10-06,,2026-09-14,0,MISSING_EQUITY,0,,,,,,,,
FELE,850,3.117555768382298,OK,,1407509000.0,2026-10-06,3.31,2026-07-29,4,OK,0,,,,,,,,
FERG,851,6.96723038894251,OK,,6201000000.0,2026-10-06,8.229,2026-08-10,4,OK,0,,,,,,,,
FF,852,1.478519448315209,OK,,153082000.0,2026-10-06,1.479,2026-08-10,4,OK,0,,,,,,,,
FFAI,853,,NEGATIVE_EQUITY,LARGE_ENDPOINT_VS_AVERAGE_SHARE_DIFFERENCE,-27290000.0,2026-10-06,,2026-08-13,0,NEGATIVE_EQUITY,0,,,,,,,,
FFIV,854,6.899573158708728,OK,,3855729000.0,2026-10-06,6.067,2026-08-06,4,OK,0,,,,,,,,
FGI,855,,OWNERSHIP_BASIS_UNVERIFIED,,17081089.0,2026-10-06,1.13,2026-08-14,4,OWNERSHIP_BASIS_UNVERIFIED,0,,,,,,,,REQUIRES_MORE_EVIDENCE
FHTX,856,,NEGATIVE_EQUITY,,-81041000.0,2026-10-06,,2026-08-06,0,NEGATIVE_EQUITY,0,,,,,,,,
FICO,857,,NEGATIVE_EQUITY,,-4097135000.0,2026-10-06,,2026-07-29,0,NEGATIVE_EQUITY,0,,,,,,,,
FIEE,858,2.7228570104210226,OK,,11276006.0,2026-10-06,3.782,2026-08-14,4,OK,0,,,,,,,,
FIGS,859,5.2955759962417295,OK,,442365000.0,2026-10-06,4.221,2026-08-06,4,OK,0,,,,,,,,
FIP,860,14.797657419177968,OK,,21324000.0,2026-10-06,23.831,2026-08-10,3,OK,0,,,,,,,,
FIS,861,1.0746284325884938,OK,,16038000000.0,2026-10-06,1.423,2026-08-04,4,OK,0,,,,,,,,
FIVE,862,4.667354136443565,OK,,2476123000.0,2026-10-06,5.335,2026-09-03,4,OK,0,,,,,,,,
FIVN,863,3.169640337461883,OK,,784804000.0,2026-10-06,2.701,2026-08-06,4,OK,0,,,,,,,,
FIX,864,19.887016278110885,OK,,3217269000.0,2026-10-06,20.031,2026-07-23,4,OK,0,,,,,,,,
FIZZ,865,,MISSING_EQUITY,,,2026-10-06,,2026-09-10,0,MISSING_EQUITY,0,,,,,,,,
FLEX,866,8.152387719098986,OK,,5500000000.0,2026-10-06,7.64,2026-07-31,4,OK,0,,,,,,,,
FLGT,867,0.5653494271182453,OK,,1001619000.0,2026-10-06,0.555,2026-07-30,4,OK,0,,,,,,,,
FLL,868,,NEGATIVE_EQUITY,,-13331000.0,2026-10-06,,2026-08-06,2,NEGATIVE_EQUITY,0,,,,,,,,
FLNC,869,3.971782089915735,OK,LARGE_ENDPOINT_VS_AVERAGE_SHARE_DIFFERENCE,373210000.0,2026-10-06,7.038,2026-08-05,4,OK,0,,,,,,,,
FLO,870,0.9196891659197151,OK,,1323501000.0,2026-10-06,1.138,2026-08-20,4,OK,0,,,,,,,,
FLR,871,2.589179256887565,OK,,2686000000.0,2026-10-06,2.838,2026-08-07,4,OK,0,,,,,,,,
FLS,872,4.1256865425122085,OK,,2259612000.0,2026-10-06,3.934,2026-07-29,4,OK,0,,,,,,,,
FLUT,873,1.5122693174285715,OK,,8750000000.0,2026-10-06,1.843,2026-08-05,4,OK,0,,,,,,,,
FLUX,874,4.1671108371638015,OK,,2558000.0,2026-10-06,6.931,2026-08-20,3,OK,0,,,,,,,,
FLWS,875,,MISSING_EQUITY,,,2026-10-06,,2026-09-11,0,MISSING_EQUITY,0,,,,,,,,
FLYW,876,2.713940533774616,OK,,816590000.0,2026-10-06,2.779,2026-08-05,4,OK,0,,,,,,,,
FMC,877,0.690859190329195,OK,,1636800000.0,2026-10-06,0.905,2026-07-30,4,OK,0,,,,,,,,
FN,878,7.142279454739518,OK,,2454256000.0,2026-10-06,7.046,2026-08-18,4,OK,0,,,,,,,,
FND,879,2.0036142284849014,OK,,2495874000.0,2026-10-06,2.359,2026-07-30,4,OK,0,,,,,,,,
FNGR,880,1.0129022105754641,OK,,13376997.0,2026-10-06,1.637,2026-07-15,4,OK,0,,,,,,,,
FNKO,881,1.825732596568095,OK,,187701000.0,2026-10-06,1.578,2026-08-06,4,OK,0,,,,,,,,
FOR,882,0.7229741134997564,OK,,1856600000.0,2026-10-06,0.753,2026-07-22,4,OK,0,,,,,,,,
FORM,883,9.932387957912407,OK,,1111360000.0,2026-10-06,8.456,2026-08-04,4,OK,0,,,,,,,,
FOSL,884,,OWNERSHIP_BASIS_UNVERIFIED,,89887000.0,2026-10-06,3.671,2026-08-13,4,OWNERSHIP_BASIS_UNVERIFIED,0,,,,,,,,REQUIRES_MORE_EVIDENCE
FOUR,885,,OWNERSHIP_BASIS_UNVERIFIED,HISTORICAL_OHLC_INCOMPLETE,1618000000.0,2026-10-06,2.116,2026-08-06,4,OWNERSHIP_BASIS_UNVERIFIED,0,,,,,,,,REQUIRES_MORE_EVIDENCE
"FOX,FOXA",886,,MISSING_PRICE,HISTORICAL_PRICE_CORROBORATION_UNAVAILABLE,11628000000.0,,2.23,2026-08-06,4,MISSING_PRICE,0,,,,,,,,
FOXF,887,1.2213717803162945,OK,,667267000.0,2026-10-06,1.331,2026-08-07,4,OK,0,,,,,,,,
FOXX,888,,MISSING_EQUITY,,,2026-10-06,,2026-09-28,0,MISSING_EQUITY,0,,,,,,,,
FPH,889,0.8151718233143579,OK,,848995000.0,2026-10-06,0.911,2026-07-24,4,OK,0,,,,,,,,
FPI,890,,OWNERSHIP_BASIS_UNVERIFIED,,460004000.0,2026-10-06,0.893,2026-07-30,4,OWNERSHIP_BASIS_UNVERIFIED,0,,,,,,,,REQUIRES_MORE_EVIDENCE
FR,891,2.830584294852166,OK,,2775495000.0,2026-10-06,3.168,2026-07-23,4,OK,0,,,,,,,,
FRGT,892,0.020077639397957207,OK,LARGE_ENDPOINT_VS_AVERAGE_SHARE_DIFFERENCE,5326535.0,2026-10-06,0.19,2026-05-14,4,OK,0,,,,,,,,
FROG,893,12.643214896138899,OK,,960706000.0,2026-10-06,11.489,2026-08-07,4,OK,0,,,,,,,,
FRPT,894,2.4372748453410535,OK,,1237696000.0,2026-10-06,2.775,2026-08-05,4,OK,0,,,,,,,,
FRSH,895,4.007252562317051,OK,,895943000.0,2026-10-06,3.506,2026-08-04,4,OK,0,,,,,,,,
FRT,896,,OWNERSHIP_BASIS_UNVERIFIED,,3364530000.0,2026-10-06,3.205,2026-07-31,4,OWNERSHIP_BASIS_UNVERIFIED,0,,,,,,,,REQUIRES_MORE_EVIDENCE
FSLR,897,1.8723290080588217,OK,,10320338000.0,2026-10-06,2.145,2026-07-30,4,OK,0,,,,,,,,
FSLY,898,4.101406250055133,OK,,990817000.0,2026-10-06,4.185,2026-08-05,4,OK,0,,,,,,,,
FSS,899,4.7834013573117256,OK,,1507600000.0,2026-10-06,5.043,2026-07-30,4,OK,0,,,,,,,,
FTAI,900,,OWNERSHIP_BASIS_UNVERIFIED,,403987000.0,2026-10-06,52.372,2026-07-31,4,OWNERSHIP_BASIS_UNVERIFIED,0,,,,,,,,REQUIRES_MORE_EVIDENCE
FTDR,901,19.108191091724343,OK,,284000000.0,2026-10-06,21.813,2026-08-06,4,OK,0,,,,,,,,
FTFT,902,,SHARE_BASIS_UNVERIFIED,LARGE_ENDPOINT_VS_AVERAGE_SHARE_DIFFERENCE;HISTORICAL_PRICE_CORROBORATION_UNAVAILABLE;REVIEWED_UNRESOLVED_BASIS,44427616.0,2026-10-06,0.602,2026-08-14,4,SHARE_BASIS_UNVERIFIED,0,,,,,,,,
FTI,903,8.377152893808256,OK,,3271800000.0,2026-10-06,8.261,2026-07-30,4,OK,0,,,,,,,,
FTK,904,8.401060514494711,OK,,129213000.0,2026-10-06,10.212,2026-08-06,4,OK,0,,,,,,,,
FTNT,905,90.47605798728189,OK,,1551100000.0,2026-10-06,72.965,2026-07-30,4,OK,0,,,,,,,,
FTRE,906,3.7698932951163444,OK,,524200000.0,2026-10-06,3.701,2026-07-29,4,OK,0,,,,,,,,
FTV,907,,OWNERSHIP_BASIS_UNVERIFIED,,6060600000.0,2026-10-06,2.967,2026-07-29,4,OWNERSHIP_BASIS_UNVERIFIED,0,,,,,,,,REQUIRES_MORE_EVIDENCE
FUBO,908,1.185472594948252,OK,LARGE_ENDPOINT_VS_AVERAGE_SHARE_DIFFERENCE,813353000.0,2026-10-06,1.431,2026-08-05,4,OK,0,,,,,,,,
FUL,909,,MISSING_EQUITY,,,2026-10-06,,2026-09-24,0,MISSING_EQUITY,0,,,,,,,,
FULC,910,0.9061461253110396,OK,,310697000.0,2026-10-06,0.914,2026-07-30,4,OK,0,,,,,,,,
FUN,911,10.773235952773845,OK,,114727000.0,2026-10-06,14.046,2026-08-06,4,OK,0,,,,,,,,
"FWONA,FWONK",912,,MISSING_PRICE,HISTORICAL_PRICE_CORROBORATION_UNAVAILABLE,7619000000.0,,3.003,2026-08-06,4,MISSING_PRICE,0,,,,,,,,
FWRD,913,,NEGATIVE_EQUITY,,-115430000.0,2026-10-06,,2026-08-05,3,NEGATIVE_EQUITY,0,,,,,,,,
FWRG,914,1.0324833193718344,OK,,634169000.0,2026-10-06,1.246,2026-08-04,4,OK,0,,,,,,,,
G,915,2.1578460979301184,OK,,2604797000.0,2026-10-06,2.212,2026-08-07,4,OK,0,,,,,,,,
GALT,916,,NEGATIVE_EQUITY,LARGE_ENDPOINT_VS_AVERAGE_SHARE_DIFFERENCE,-138575000.0,2026-10-06,,2026-08-14,0,NEGATIVE_EQUITY,0,,,,,,,,
GANX,917,6.454537882248027,OK,,11292031.0,2026-10-06,7.962,2026-08-11,4,OK,0,,,,,,,,
GAP,918,2.115089061206635,OK,,3951000000.0,2026-10-06,2.088,2026-08-28,4,OK,0,,,,,,,,
GATX,919,,OWNERSHIP_BASIS_UNVERIFIED,HISTORICAL_OHLC_INCOMPLETE,2784400000.0,2026-10-06,2.268,2026-07-31,4,OWNERSHIP_BASIS_UNVERIFIED,0,,,,,,,,REQUIRES_MORE_EVIDENCE
GBTG,920,,STALE_PRICE,,1639000000.0,2026-09-29,3.005,2026-08-04,4,STALE_PRICE,0,,,,,,,,
GBX,921,0.788438861213464,OK,,1573200000.0,2026-10-06,0.942,2026-07-01,4,OK,0,,,,,,,,
GCO,922,,MISSING_EQUITY,,,2026-10-06,,2026-09-10,0,MISSING_EQUITY,0,,,,,,,,
GCT,923,3.6618132892807105,OK,,534023000.0,2026-10-06,3.504,2026-08-06,4,OK,0,,,,,,,,
GCTK,924,,NEGATIVE_EQUITY,LARGE_ENDPOINT_VS_AVERAGE_SHARE_DIFFERENCE;HISTORICAL_PRICE_CORROBORATION_UNAVAILABLE,-1741000.0,2026-10-06,,2026-08-14,2,NEGATIVE_EQUITY,0,,,,,,,,
GCTS,925,,NEGATIVE_EQUITY,,-52016000.0,2026-10-06,,2026-08-10,0,NEGATIVE_EQUITY,0,,,,,,,,
GD,926,3.341672697620959,OK,,26826000000.0,2026-10-06,3.842,2026-07-29,4,OK,0,,,,,,,,
GDC,927,,OWNERSHIP_BASIS_UNVERIFIED,LARGE_ENDPOINT_VS_AVERAGE_SHARE_DIFFERENCE,498223698.0,2026-10-06,0.016,2026-08-14,4,OWNERSHIP_BASIS_UNVERIFIED,0,,,,,,,,REQUIRES_MORE_EVIDENCE
GDDY,928,1855.8614354283302,OK,,6700000.0,2026-10-06,1564.005,2026-07-31,4,OK,0,,,,,,,,
GDRX,929,1.722581361445038,OK,,647601000.0,2026-10-06,1.723,2026-08-05,4,OK,0,,,,,,,,
GDYN,930,,OWNERSHIP_BASIS_UNVERIFIED,,519925000.0,2026-10-06,1.102,2026-07-30,4,OWNERSHIP_BASIS_UNVERIFIED,0,,,,,,,,REQUIRES_MORE_EVIDENCE
GE,931,18.197929767332177,OK,,17640000000.0,2026-10-06,20.335,2026-07-16,4,OWNERSHIP_BASIS_UNVERIFIED,1,PB_OWNERSHIP_BASIS_V1,ORDINARY_COMMON,2026-06-30,1.0,,1037562513.0,dbad39b6c98026da68f05b99a8c956bf0468d928a9789c960f544662fb4c28c7,SAFE_TO_RELEASE_UNDER_GENERIC_CONTRACT
GEF,932,,OWNERSHIP_BASIS_UNVERIFIED,,2999400000.0,2026-10-06,1.342,2026-07-29,4,OWNERSHIP_BASIS_UNVERIFIED,0,,,,,,,,REQUIRES_MORE_EVIDENCE
GEHC,933,2.6656689772901365,OK,,10975000000.0,2026-10-06,2.959,2026-07-29,4,OK,0,,,,,,,,
GEL,934,,NEGATIVE_EQUITY,HISTORICAL_OHLC_INCOMPLETE,-336836000.0,2026-10-06,,2026-08-06,0,NEGATIVE_EQUITY,0,,,,,,,,
GEN,935,,OWNERSHIP_BASIS_UNVERIFIED,,2656000000.0,2026-10-06,6.574,2026-08-07,4,OWNERSHIP_BASIS_UNVERIFIED,0,,,,,,,,REQUIRES_MORE_EVIDENCE
GEO,936,2.598654353963369,OK,,1516435000.0,2026-10-06,2.616,2026-08-06,4,OK,0,,,,,,,,
GEOS,937,0.6338729371035539,OK,,95710000.0,2026-10-06,0.791,2026-08-07,4,OK,0,,,,,,,,
GERN,938,3.5560067031316183,OK,,218614000.0,2026-10-06,4.79,2026-08-05,4,OK,0,,,,,,,,
GETY,939,,OWNERSHIP_BASIS_UNVERIFIED,,450714000.0,2026-10-06,0.415,2026-08-10,4,OWNERSHIP_BASIS_UNVERIFIED,0,,,,,,,,REQUIRES_MORE_EVIDENCE
GEV,940,22.924912143293007,OK,,11957000000.0,2026-10-06,21.941,2026-07-22,4,OK,0,,,,,,,,
GEVO,941,1.1585151943948842,OK,,273163000.0,2026-10-06,1.303,2026-08-06,4,OK,0,,,,,,,,
GFF,942,33.144443199850976,OK,HISTORICAL_OHLC_INCOMPLETE,129156000.0,2026-10-06,36.055,2026-08-05,4,OK,0,,,,,,,,
GGG,943,5.064652099867772,OK,HISTORICAL_OHLC_INCOMPLETE,2522688000.0,2026-10-06,4.743,2026-07-22,4,OK,0,,,,,,,,
GH,944,,NEGATIVE_EQUITY,,-222867000.0,2026-10-06,,2026-07-30,0,NEGATIVE_EQUITY,0,,,,,,,,
GHM,945,5.39108648937838,OK,,192196000.0,2026-10-06,6.41,2026-08-06,4,OK,0,,,,,,,,
GIC,946,4.830540649857478,OK,,342700000.0,2026-10-06,4.158,2026-08-04,4,OK,0,,,,,,,,
GIII,947,,MISSING_EQUITY,,,2026-10-06,,2026-09-08,0,MISSING_EQUITY,0,,,,,,,,
GILD,948,15.118668248202727,OK,,11829000000.0,2026-10-06,13.717,2026-08-06,4,OK,0,,,,,,,,
GIS,949,,MISSING_EQUITY,,,2026-10-06,,2026-09-23,0,MISSING_EQUITY,0,,,,,,,,
GITS,950,,MISSING_EQUITY,,,2026-10-06,,2026-09-09,0,MISSING_EQUITY,0,,,,,,,,
GKOS,951,13.965435428454754,OK,,682486000.0,2026-10-06,13.971,2026-07-29,4,OK,0,,,,,,,,
GLPI,952,2.2230650775769605,OK,,4983316000.0,2026-10-06,2.61,2026-07-30,4,OK,0,,,,,,,,
GLUE,953,1.728044512522869,OK,,487281000.0,2026-10-06,2.751,2026-08-06,4,OK,0,,,,,,,,
GLW,954,11.588279246860623,OK,,12560000000.0,2026-10-06,8.508,2026-07-29,4,OK,0,,,,,,,,
GM,955,1.160641979868528,OK,,62000000000.0,2026-10-06,1.125,2026-07-21,4,OWNERSHIP_BASIS_UNVERIFIED,1,PB_OWNERSHIP_BASIS_V1,ORDINARY_COMMON,2026-07-10,1.0,,877451541.0,0030b5e542668b764751998749e28ab2d8d9bd892df5f608cadac33d3344413d,SAFE_TO_RELEASE_UNDER_GENERIC_CONTRACT
GME,956,,MISSING_EQUITY,,,2026-10-06,,2026-09-09,0,MISSING_EQUITY,0,,,,,,,,
GMED,957,2.1519170557904452,OK,,4768603000.0,2026-10-06,2.283,2026-08-06,4,OK,0,,,,,,,,
GNE,958,,OWNERSHIP_BASIS_UNVERIFIED,,261637000.0,2026-10-06,1.483,2026-08-06,4,OWNERSHIP_BASIS_UNVERIFIED,0,,,,,,,,REQUIRES_MORE_EVIDENCE
GNK,959,1.3381575214120562,OK,,888567000.0,2026-10-06,1.254,2026-08-05,4,OK,0,,,,,,,,
GNL,960,,OWNERSHIP_BASIS_UNVERIFIED,,1509103000.0,2026-10-06,1.205,2026-08-05,4,OWNERSHIP_BASIS_UNVERIFIED,0,,,,,,,,REQUIRES_MORE_EVIDENCE
GNLN,961,0.08476363721459149,OK,LARGE_ENDPOINT_VS_AVERAGE_SHARE_DIFFERENCE,25483000.0,2026-10-06,0.053,2026-08-14,4,OK,0,,,,,,,,
GNLX,962,7.132324779620644,OK,,16113000.0,2026-10-06,7.385,2026-08-13,4,OK,0,,,,,,,,
GNRC,963,4.5853825044847785,OK,,2877623000.0,2026-10-06,4.483,2026-08-04,4,OK,0,,,,,,,,
GNTX,964,1.7888279683147925,OK,,2538100758.0,2026-10-06,2.002,2026-08-04,4,OK,0,,,,,,,,
GO,965,1.3844767694566404,OK,,816593000.0,2026-10-06,1.234,2026-08-12,4,OK,0,,,,,,,,
GOGO,966,2.5822354833880015,OK,,120697000.0,2026-10-06,4.087,2026-08-06,4,OK,0,,,,,,,,
GOLF,967,5.241707492736775,OK,,924371000.0,2026-10-06,5.93,2026-08-06,4,OK,0,,,,,,,,
GOOD,968,,OWNERSHIP_BASIS_UNVERIFIED,,157373000.0,2026-10-06,3.765,2026-08-05,4,OWNERSHIP_BASIS_UNVERIFIED,0,,,,,,,,REQUIRES_MORE_EVIDENCE
"GOOG,GOOGL",969,,MISSING_PRICE,HISTORICAL_PRICE_CORROBORATION_UNAVAILABLE,640480000000.0,,6.066,2026-07-23,4,MISSING_PRICE,0,,,,,,,,
GOSS,970,,MISSING_EQUITY,LARGE_ENDPOINT_VS_AVERAGE_SHARE_DIFFERENCE,,2026-10-06,,2026-08-13,0,MISSING_EQUITY,0,,,,,,,,
GPC,971,3.8799224561041523,OK,,4526012000.0,2026-10-06,3.628,2026-07-21,4,OK,0,,,,,,,,
GPCR,972,1.4463053357654536,OK,,1354404000.0,2026-10-06,2.77,2026-08-06,4,OWNERSHIP_BASIS_UNVERIFIED,1,PB_OWNERSHIP_BASIS_V1,ADR_FACTOR,2026-07-31,0.333,0.3333333333333333,71309857.33333333,b9f35763aec83ae66bfa79418a46685318ce3bbcd4ad71bbdd909fd65ad1983d,REQUIRES_ADR_FACTOR_CONTRACT
GPI,973,0.9569441487853924,OK,,2952200000.0,2026-10-06,1.198,2026-07-30,4,OK,0,,,,,,,,
GPK,974,0.7877552972440952,OK,,3236000000.0,2026-10-06,1.088,2026-08-04,4,OK,0,,,,,,,,
GPMT,975,,OWNERSHIP_BASIS_UNVERIFIED,HISTORICAL_PRICE_MISMATCH,480272000.0,2026-10-06,0.151,2026-08-05,4,OWNERSHIP_BASIS_UNVERIFIED,0,PB_OWNERSHIP_BASIS_V1,HELD,2026-08-05,1.0,,,9e1d37034adb4dc5722e3c5de1605354182178273a39e7913500aa09e690b9a9,MUST_REMAIN_HELD
GPN,976,0.936498323498514,OK,,23110707000.0,2026-10-06,1.002,2026-08-05,4,OK,0,,,,,,,,
GPOR,977,1.560437378838848,OK,,1827274000.0,2026-10-06,1.507,2026-08-04,4,OK,0,,,,,,,,
GPRE,978,1.2215238877711432,OK,,869934000.0,2026-10-06,1.225,2026-08-06,4,OK,0,,,,,,,,
GPRO,979,,NEGATIVE_EQUITY,,-32671000.0,2026-10-06,,2026-08-10,2,NEGATIVE_EQUITY,0,,,,,,,,
GRBK,980,,OWNERSHIP_BASIS_UNVERIFIED,,1975496000.0,2026-10-06,1.557,2026-07-29,4,OWNERSHIP_BASIS_UNVERIFIED,0,,,,,,,,REQUIRES_MORE_EVIDENCE
GRI,981,0.40404848714775843,OK,,10280000.0,2026-10-06,0.355,2026-08-14,4,OK,0,,,,,,,,
GRMN,982,5.963703333758645,OK,,9029013000.0,2026-10-06,6.297,2026-07-29,4,OK,0,,,,,,,,
GRND,983,,NEGATIVE_EQUITY,,-11738000.0,2026-10-06,,2026-08-07,3,NEGATIVE_EQUITY,0,,,,,,,,
GRNT,984,,OWNERSHIP_BASIS_UNVERIFIED,,562373000.0,2026-10-06,1.093,2026-08-06,4,OWNERSHIP_BASIS_UNVERIFIED,0,,,,,,,,REQUIRES_MORE_EVIDENCE
GRPN,985,,NEGATIVE_EQUITY,,-72183000.0,2026-10-06,,2026-08-06,0,NEGATIVE_EQUITY,0,,,,,,,,
GRWG,986,1.0144254358694411,OK,,90028000.0,2026-10-06,0.975,2026-08-11,4,OK,0,,,,,,,,
GSAT,987,37.02974901950194,OK,,292613000.0,2026-10-06,36.857,2026-08-06,4,OK,0,,,,,,,,
GSIT,988,2.3334296204540133,OK,,91905000.0,2026-10-06,2.756,2026-08-11,4,OK,0,,,,,,,,
GT,989,0.4725636035541173,OK,,2839000000.0,2026-10-06,0.686,2026-08-06,4,OK,0,,,,,,,,
GTEC,990,,OWNERSHIP_BASIS_UNVERIFIED,,88731277.0,2026-10-06,0.164,2026-08-14,4,OWNERSHIP_BASIS_UNVERIFIED,0,,,,,,,,REQUIRES_MORE_EVIDENCE
GTES,991,2.030585920241915,OK,,3521900000.0,2026-10-06,2.011,2026-07-31,4,OK,0,,,,,,,,
GTLB,992,9.29366684128536,OK,,925529000.0,2026-10-06,8.926,2026-09-02,4,OK,0,,,,,,,,
GTM,993,1.282191016848579,OK,,828700000.0,2026-10-06,1.286,2026-08-05,4,OK,0,,,,,,,,
GTN,994,,OWNERSHIP_BASIS_UNVERIFIED,HISTORICAL_OHLC_INCOMPLETE,2128000000.0,2026-10-06,0.26,2026-08-07,4,OWNERSHIP_BASIS_UNVERIFIED,0,,,,,,,,REQUIRES_MORE_EVIDENCE
GTX,995,,NEGATIVE_EQUITY,,-675000000.0,2026-10-06,,2026-07-29,0,NEGATIVE_EQUITY,0,,,,,,,,
GTY,996,1.5387944606961583,OK,,1122504000.0,2026-10-06,1.915,2026-07-23,4,OK,0,,,,,,,,
GUTS,997,,NEGATIVE_EQUITY,HISTORICAL_PRICE_MISMATCH,-1665000.0,2026-10-06,,2026-08-10,2,NEGATIVE_EQUITY,0,,,,,,,,
GVA,998,7.030247133256799,OK,,752748000.0,2026-10-06,6.681,2026-07-30,4,OK,0,,,,,,,,
GWH,999,,NEGATIVE_EQUITY,,-2687000.0,2026-10-06,,2026-08-11,2,NEGATIVE_EQUITY,0,,,,,,,,
GWRE,1000,,MISSING_EQUITY,,,2026-10-06,,2026-09-11,0,MISSING_EQUITY,0,,,,,,,,
GWW,1001,14.543713468250017,OK,,4131000000.0,2026-10-06,14.828,2026-08-04,4,OK,0,,,,,,,,
GXAI,1002,0.28957176824058933,OK,,17291048.0,2026-10-06,0.541,2026-08-12,4,OK,0,,,,,,,,
GXO,1003,1.7815080818864346,OK,,2987000000.0,2026-10-06,1.828,2026-08-05,4,OK,0,,,,,,,,
GYRE,1004,7.314966666782241,OK,,107928000.0,2026-10-06,6.891,2026-08-07,4,OK,0,,,,,,,,
H,1005,4.535677245063426,OK,,3306000000.0,2026-10-06,5.036,2026-07-30,4,OK,0,,,,,,,,
HAE,1006,5.626387457175921,OK,,837101000.0,2026-10-06,4.621,2026-08-06,4,OK,0,,,,,,,,
HAIN,1007,,MISSING_EQUITY,,,2026-10-06,,2026-09-14,0,MISSING_EQUITY,0,,,,,,,,
HAL,1008,2.4759333901221474,OK,,11010000000.0,2026-10-06,2.524,2026-07-24,4,OK,0,,,,,,,,
HALO,1009,86.75449655188594,OK,,143543000.0,2026-10-06,67.81,2026-08-06,4,OK,0,,,,,,,,
HAS,1010,17.58082659021851,OK,,730300000.0,2026-10-06,18.257,2026-07-30,4,OK,0,,,,,,,,
HAYW,1011,1.629919997745944,OK,,1602037000.0,2026-10-06,2.019,2026-07-29,4,OK,0,,,,,,,,
HCA,1012,,NEGATIVE_EQUITY,,-6642000000.0,2026-10-06,,2026-07-28,0,NEGATIVE_EQUITY,0,,,,,,,,
HCAT,1013,1.3211123303737933,OK,,100827000.0,2026-10-06,1.724,2026-08-06,4,OK,0,,,,,,,,
HCC,1014,2.1307869613589316,OK,,2290219000.0,2026-10-06,1.944,2026-08-05,4,OK,0,,,,,,,,
HCKT,1015,3.915103192951417,OK,,68182000.0,2026-10-06,4.2,2026-08-05,4,OK,0,,,,,,,,
HCSG,1016,2.7950674206435946,OK,,518842000.0,2026-10-06,3.008,2026-07-24,4,OK,0,,,,,,,,
HCTI,1017,0.16926329483443608,OK,LARGE_ENDPOINT_VS_AVERAGE_SHARE_DIFFERENCE,49188000.0,2026-10-06,0.527,2026-08-13,4,OK,0,,,,,,,,
HCWB,1018,0.38815005415184833,OK,LARGE_ENDPOINT_VS_AVERAGE_SHARE_DIFFERENCE,7427614.0,2026-10-06,0.663,2026-08-14,3,OK,0,,,,,,,,
HD,1019,17.212953078997753,OK,,16617000000.0,2026-10-06,20.286,2026-08-25,4,OK,0,,,,,,,,
HDSN,1020,0.9187145741321117,OK,,243264000.0,2026-10-06,0.969,2026-08-07,4,OK,0,,,,,,,,
HE,1021,,OWNERSHIP_BASIS_UNVERIFIED,,1762887000.0,2026-10-06,1.215,2026-08-07,4,OWNERSHIP_BASIS_UNVERIFIED,0,,,,,,,,REQUIRES_MORE_EVIDENCE
HEI,1022,,MULTI_CLASS_UNVERIFIED,,4947689000.0,2026-10-06,9.52,2026-08-27,4,OWNERSHIP_BASIS_UNVERIFIED,0,PB_OWNERSHIP_BASIS_V1,HELD,2026-08-27,1.0,,,4d595082da778d3a187232958ca1f9238f11639c3e9b6769b787eabd77ba9952,REQUIRES_MULTI_CLASS_CONTRACT
HELE,1023,0.6991602766645767,OK,,843519000.0,2026-10-06,0.695,2026-07-08,4,OK,0,,,,,,,,
HESM,1024,9.65001051229477,OK,,514600000.0,2026-10-06,9.962,2026-08-06,4,OK,0,,,,,,,,
HGV,1025,2.449509546525145,OK,HISTORICAL_OHLC_INCOMPLETE,1102000000.0,2026-10-06,3.267,2026-07-30,4,OK,0,,,,,,,,
HHH,1026,1.1050302659578346,OK,,3960396000.0,2026-10-06,0.991,2026-08-05,4,OK,0,,,,,,,,
HII,1027,1.9565065366152108,OK,,5312000000.0,2026-10-06,2.373,2026-07-30,4,OK,0,,,,,,,,
HIMS,1028,,OWNERSHIP_BASIS_UNVERIFIED,,324072000.0,2026-10-06,22.873,2026-08-10,4,OWNERSHIP_BASIS_UNVERIFIED,0,,,,,,,,REQUIRES_MORE_EVIDENCE
HIND,1029,1.977399977296216,OK,,7311706.0,2026-10-06,2.131,2026-08-12,4,OK,0,,,,,,,,
HIW,1030,1.4028473469125684,OK,HISTORICAL_OHLC_INCOMPLETE,2330600000.0,2026-10-06,1.592,2026-07-28,4,OK,0,,,,,,,,
HL,1031,,OWNERSHIP_BASIS_UNVERIFIED,,2677824000.0,2026-10-06,3.861,2026-08-04,4,OWNERSHIP_BASIS_UNVERIFIED,0,,,,,,,,REQUIRES_MORE_EVIDENCE
HLF,1032,,NEGATIVE_EQUITY,,-474500000.0,2026-10-06,,2026-08-05,0,NEGATIVE_EQUITY,0,,,,,,,,
HLIO,1033,2.4802405312227536,OK,,948300000.0,2026-10-06,2.817,2026-08-11,4,OK,0,,,,,,,,
HLIT,1034,3.3959737086685653,OK,,360346000.0,2026-10-06,4.065,2026-08-17,4,OK,0,,,,,,,,
HLLY,1035,,OWNERSHIP_BASIS_UNVERIFIED,,449738000.0,2026-10-06,0.819,2026-08-05,4,OWNERSHIP_BASIS_UNVERIFIED,0,,,,,,,,REQUIRES_MORE_EVIDENCE
HLMN,1036,,OWNERSHIP_BASIS_UNVERIFIED,,1225207000.0,2026-10-06,1.51,2026-08-04,4,OWNERSHIP_BASIS_UNVERIFIED,0,,,,,,,,REQUIRES_MORE_EVIDENCE
HLT,1037,,NEGATIVE_EQUITY,,-6303000000.0,2026-10-06,,2026-07-28,0,NEGATIVE_EQUITY,0,,,,,,,,
HLX,1038,,STALE_PRICE,,1583656000.0,2026-09-02,0.913,2026-08-06,4,STALE_PRICE,0,,,,,,,,
HNI,1039,1.8689217001743599,OK,,1805200000.0,2026-10-06,1.937,2026-08-04,4,OK,0,,,,,,,,
HNRG,1040,3.6682908651836783,OK,,190332000.0,2026-10-06,3.933,2026-08-10,4,OK,0,,,,,,,,
HNST,1041,3.230992988140094,OK,,167020000.0,2026-10-06,2.473,2026-08-05,4,OK,0,,,,,,,,
HOG,1042,0.9046542164489386,OK,,3099210000.0,2026-10-06,0.879,2026-08-05,4,OK,0,,,,,,,,
HOLO,1043,,MULTI_CLASS_UNVERIFIED,,370682156.0,2026-10-06,0.117,2026-08-27,4,OWNERSHIP_BASIS_UNVERIFIED,0,PB_OWNERSHIP_BASIS_V1,HELD,2026-08-27,1.0,,,68c90d618619a2e77ef28d6dce9040a95c84b2a7bf92dccd0fb6979788cbde19,REQUIRES_MULTI_CLASS_CONTRACT
HON,1044,3.6395866850699337,OK,,18537000000.0,2026-10-06,4.211,2026-07-23,4,OK,0,,,,,,,,
HOUR,1045,6.932710609172293,OK,,8885368.0,2026-10-06,7.685,2026-08-11,4,OK,0,,,,,,,,
HOV,1046,,MULTI_CLASS_UNVERIFIED,,818666000.0,2026-10-06,0.945,2026-08-28,4,OWNERSHIP_BASIS_UNVERIFIED,0,PB_OWNERSHIP_BASIS_V1,HELD,2026-08-28,1.0,,,714a3434b047192f6ea1c96d1f0b31250dbbc9abc2f2f6ba3eeee1f556f0023a,REQUIRES_MULTI_CLASS_CONTRACT
HOVR,1047,,OWNERSHIP_BASIS_UNVERIFIED,LARGE_ENDPOINT_VS_AVERAGE_SHARE_DIFFERENCE,50792857.0,2026-10-06,1.973,2026-07-16,4,OWNERSHIP_BASIS_UNVERIFIED,0,,,,,,,,REQUIRES_MORE_EVIDENCE
HOWL,1048,2.7443617438672,OK,,16292000.0,2026-10-06,1.053,2026-07-31,4,OK,0,,,,,,,,
HP,1049,1.482387781215496,OK,,2670409000.0,2026-10-06,1.387,2026-08-06,4,OK,0,,,,,,,,
HPE,1050,,OWNERSHIP_BASIS_UNVERIFIED,,26514000000.0,2026-10-06,2.726,2026-09-03,4,OWNERSHIP_BASIS_UNVERIFIED,0,,,,,,,,REQUIRES_MORE_EVIDENCE
HPK,1051,,OWNERSHIP_BASIS_UNVERIFIED,,1551129000.0,2026-10-06,0.646,2026-08-10,4,OWNERSHIP_BASIS_UNVERIFIED,0,,,,,,,,REQUIRES_MORE_EVIDENCE
HPP,1052,,OWNERSHIP_BASIS_UNVERIFIED,,2814346000.0,2026-10-06,0.263,2026-08-10,4,OWNERSHIP_BASIS_UNVERIFIED,0,,,,,,,,REQUIRES_MORE_EVIDENCE
HPQ,1053,,NEGATIVE_EQUITY,,-92000000.0,2026-10-06,,2026-08-27,0,NEGATIVE_EQUITY,0,,,,,,,,
HQY,1054,3.784327475982258,OK,,1990110000.0,2026-10-06,3.882,2026-08-27,4,OK,0,,,,,,,,
HR,1055,1.384809123172654,OK,,4217148000.0,2026-10-06,1.75,2026-07-30,4,OK,0,,,,,,,,
HRB,1056,44.7264945060109,OK,,117488000.0,2026-10-06,56.572,2026-08-14,1,OK,0,,,,,,,,
HRI,1057,2.3831842895690274,OK,,1890000000.0,2026-10-06,2.622,2026-07-28,4,OK,0,,,,,,,,
HRL,1058,1.394919558567286,OK,,7843444000.0,2026-10-06,1.493,2026-08-27,4,OK,0,,,,,,,,
HRMY,1059,2.2939209621930536,OK,,999243000.0,2026-10-06,2.26,2026-08-04,4,OK,0,,,,,,,,
HROW,1060,,OWNERSHIP_BASIS_UNVERIFIED,,15200000.0,2026-10-06,100.379,2026-08-10,4,OWNERSHIP_BASIS_UNVERIFIED,0,,,,,,,,REQUIRES_MORE_EVIDENCE
HRTX,1061,9.069378083314628,OK,,6908000.0,2026-10-06,9.207,2026-08-10,4,OK,0,,,,,,,,
HSIC,1062,2.9949712433166216,OK,,3157000000.0,2026-10-06,3.146,2026-08-04,4,OK,0,,,,,,,,
HST,1063,2.4110200651056575,OK,,6388000000.0,2026-10-06,2.498,2026-08-07,4,OK,0,,,,,,,,
HSTM,1064,2.567274646833834,OK,,356605000.0,2026-10-06,2.306,2026-08-06,4,OK,0,,,,,,,,
HSY,1065,7.081096076826706,OK,,4562690000.0,2026-10-06,7.805,2026-07-30,4,OK,0,,,,,,,,
HTLD,1066,1.1585417469128243,OK,,756277000.0,2026-10-06,1.201,2026-08-10,4,OK,0,,,,,,,,
HTO,1067,1.3206932198640073,OK,,1843902000.0,2026-10-06,1.458,2026-07-28,4,OK,0,,,,,,,,
HTZ,1068,,NEGATIVE_EQUITY,,-628000000.0,2026-10-06,,2026-08-06,0,NEGATIVE_EQUITY,0,,,,,,,,
HUBB,1069,,OWNERSHIP_BASIS_UNVERIFIED,,3911900000.0,2026-10-06,6.226,2026-07-29,4,OWNERSHIP_BASIS_UNVERIFIED,0,,,,,,,,REQUIRES_MORE_EVIDENCE
HUBG,1070,,STALE_EQUITY,,1702416000.0,2026-10-06,1.283,2025-11-05,4,STALE_EQUITY,0,,,,,,,,
HUBS,1071,6.534236997548492,OK,,1656728000.0,2026-10-06,7.531,2026-08-05,4,OK,0,,,,,,,,
HUMA,1072,,OWNERSHIP_BASIS_UNVERIFIED,,31261000.0,2026-10-06,5.909,2026-08-12,3,OWNERSHIP_BASIS_UNVERIFIED,0,,,,,,,,REQUIRES_MORE_EVIDENCE
HUN,1073,0.5713486413826,OK,,2692000000.0,2026-10-06,0.636,2026-07-31,4,OK,0,,,,,,,,
HURA,1074,6.7169630478767495,OK,,18500460.0,2026-10-06,8.508,2026-08-14,4,OK,0,,,,,,,,
HURN,1075,6.502801318544974,OK,,384760000.0,2026-10-06,5.019,2026-07-28,4,OK,0,,,,,,,,
HVT,1076,,MULTI_CLASS_UNVERIFIED,HISTORICAL_OHLC_INCOMPLETE,294072000.0,2026-10-06,1.5,2026-08-04,4,OWNERSHIP_BASIS_UNVERIFIED,0,PB_OWNERSHIP_BASIS_V1,HELD,2026-08-04,1.0,,,9824d70995c008faca7215ad067c182b97e00c9d9bf9511a47a0528cc9ac0167,REQUIRES_MULTI_CLASS_CONTRACT
HWH,1077,,STALE_PRICE,,2734617.0,2026-09-28,4.069,2026-07-30,4,STALE_PRICE,0,,,,,,,,
HWKN,1078,5.035961472827633,OK,,548204000.0,2026-10-06,5.278,2026-07-29,4,OK,0,,,,,,,,
HWM,1079,,OWNERSHIP_BASIS_UNVERIFIED,,5732000000.0,2026-10-06,20.157,2026-08-06,4,OWNERSHIP_BASIS_UNVERIFIED,0,,,,,,,,REQUIRES_MORE_EVIDENCE
HXL,1080,5.010301392750826,OK,HISTORICAL_OHLC_INCOMPLETE,1298200000.0,2026-10-06,6.152,2026-07-29,4,OK,0,,,,,,,,
HYMC,1081,,OWNERSHIP_BASIS_UNVERIFIED,,250857000.0,2026-10-06,7.474,2026-07-28,4,OWNERSHIP_BASIS_UNVERIFIED,0,,,,,,,,REQUIRES_MORE_EVIDENCE
HYPD,1082,0.5823394339369327,OK,,101934771.0,2026-10-06,0.431,2026-08-13,4,OK,0,,,,,,,,
HYPR,1083,2.5099935397921396,OK,,36758000.0,2026-10-06,2.833,2026-08-06,4,OK,0,,,,,,,,
HZO,1084,1.2148417405529928,OK,,952490000.0,2026-10-06,0.778,2026-07-23,4,OK,0,,,,,,,,
IART,1085,0.9928623653633487,OK,,1043377000.0,2026-10-06,1.229,2026-07-29,4,OK,0,,,,,,,,
IBEX,1086,,MISSING_EQUITY,,,2026-10-06,,2026-09-10,0,MISSING_EQUITY,0,,,,,,,,
IBM,1087,6.051460374948764,OK,,34452000000.0,2026-10-06,5.651,2026-07-23,4,OK,0,,,,,,,,
IBP,1088,8.015315788391591,OK,,639500000.0,2026-10-06,10.057,2026-08-06,4,OK,0,,,,,,,,
IBRX,1089,,NEGATIVE_EQUITY,,-1046629000.0,2026-10-06,,2026-08-04,0,NEGATIVE_EQUITY,0,,,,,,,,
ICE,1090,2.915923078523976,OK,,29551000000.0,2026-10-06,2.969,2026-07-30,4,OK,0,,,,,,,,
ICFI,1091,1.4192639272599912,OK,,1049929000.0,2026-10-06,1.457,2026-08-06,4,OK,0,,,,,,,,
ICHR,1092,2.702079853915662,OK,,865497000.0,2026-10-06,3.084,2026-08-04,4,OK,0,,,,,,,,
ICUI,1093,1.856250303993356,OK,,2151851000.0,2026-10-06,1.933,2026-08-06,4,OK,0,,,,,,,,
IDA,1094,2.0331880664578743,OK,HISTORICAL_OHLC_INCOMPLETE,3774605000.0,2026-10-06,2.174,2026-07-30,4,OK,0,,,,,,,,
IDAI,1095,4.024892960342255,OK,,4637652.0,2026-10-06,3.028,2026-08-13,4,OK,0,,,,,,,,
IDCC,1096,7.283269104044701,OK,,1202169000.0,2026-10-06,6.511,2026-07-30,4,OK,0,,,,,,,,
IDN,1097,2.0817366343691432,OK,,22489000.0,2026-10-06,3.379,2026-08-13,4,OK,0,,,,,,,,
IDT,1098,,MISSING_EQUITY,,,2026-10-06,,2026-09-29,0,MISSING_EQUITY,0,,,,,,,,
IDXX,1099,25.179959308470117,OK,,1612575000.0,2026-10-06,28.731,2026-08-04,4,OK,0,,,,,,,,
IDYA,1100,2.9480316638781954,OK,,1198905000.0,2026-10-06,2.906,2026-08-04,4,OK,0,,,,,,,,
IEP,1101,4.671325220959144,OK,,1009000000.0,2026-10-06,5.256,2026-08-05,4,OK,0,,,,,,,,
IESC,1102,,SHARE_BASIS_UNVERIFIED,HISTORICAL_PRICE_MISMATCH,1223971000.0,2026-10-06,12.12,2026-07-31,4,SHARE_BASIS_UNVERIFIED,0,,,,,,,,
IEX,1103,4.345942349523426,OK,,4008000000.0,2026-10-06,4.222,2026-07-29,4,OK,0,,,,,,,,
IFF,1104,,OWNERSHIP_BASIS_UNVERIFIED,,13976000000.0,2026-10-06,1.477,2026-08-04,4,OWNERSHIP_BASIS_UNVERIFIED,0,,,,,,,,REQUIRES_MORE_EVIDENCE
IHRT,1105,,NEGATIVE_EQUITY,,-2010661000.0,2026-10-06,,2026-08-10,0,NEGATIVE_EQUITY,0,,,,,,,,
III,1106,2.8847308212214156,OK,,95829000.0,2026-10-06,2.526,2026-08-06,4,OK,0,,,,,,,,
IIIN,1107,1.5725318079346178,OK,,371400000.0,2026-10-06,1.565,2026-07-16,4,OK,0,,,,,,,,
IIIV,1108,1.403605298378186,OK,LARGE_ENDPOINT_VS_AVERAGE_SHARE_DIFFERENCE,280547000.0,2026-10-06,1.639,2026-08-07,4,OK,0,,,,,,,,
IIPR,1109,,OWNERSHIP_BASIS_UNVERIFIED,,1851599000.0,2026-10-06,0.899,2026-08-04,4,OWNERSHIP_BASIS_UNVERIFIED,0,,,,,,,,REQUIRES_MORE_EVIDENCE
IKT,1110,1.80188894888417,OK,,153328586.0,2026-10-06,2.23,2026-08-11,4,OK,0,,,,,,,,
ILLR,1111,,NEGATIVE_EQUITY,,-373373000.0,2026-10-06,,2026-08-13,0,NEGATIVE_EQUITY,0,,,,,,,,
ILMN,1112,14.554101934560677,OK,,2838000000.0,2026-10-06,10.913,2026-07-31,4,OK,0,,,,,,,,
ILPT,1113,1.0402387585077544,OK,,461660000.0,2026-10-06,1.262,2026-07-29,4,OK,0,,,,,,,,
IMAX,1114,7.7943241475260825,OK,,355889000.0,2026-10-06,6.774,2026-07-23,4,OK,0,,,,,,,,
IMCR,1115,3.625038930770688,OK,,419798000.0,2026-10-06,4.232,2026-08-06,4,OK,0,,,,,,,,
IMKTA,1116,0.9630266975474613,OK,,1684791883.0,2026-10-06,0.978,2026-08-06,4,OK,0,,,,,,,,
IMMX,1117,3.0126218592898097,OK,,228916553.0,2026-10-06,3.038,2026-08-07,4,OK,0,,,,,,,,
IMNM,1118,4.176832910859811,OK,,525083000.0,2026-10-06,5.678,2026-08-11,4,OK,0,,,,,,,,
IMNN,1119,1.5003797965275518,OK,,4188787.0,2026-10-06,2.157,2026-08-11,4,OK,0,,,,,,,,
IMRX,1120,1.2991376042488387,OK,,190735026.0,2026-10-06,1.489,2026-08-05,4,OK,0,,,,,,,,
IMVT,1121,,OWNERSHIP_BASIS_UNVERIFIED,,735388000.0,2026-10-06,11.162,2026-08-06,4,OWNERSHIP_BASIS_UNVERIFIED,0,,,,,,,,REQUIRES_MORE_EVIDENCE
IMXI,1122,,OWNERSHIP_BASIS_UNVERIFIED,,169550000.0,2026-10-06,2.106,2026-08-10,4,OWNERSHIP_BASIS_UNVERIFIED,0,,,,,,,,REQUIRES_MORE_EVIDENCE
INAB,1123,0.7462371196958395,OK,LARGE_ENDPOINT_VS_AVERAGE_SHARE_DIFFERENCE,18363000.0,2026-10-06,0.521,2026-08-06,4,OK,0,,,,,,,,
INBS,1124,0.8679996279919318,OK,LARGE_ENDPOINT_VS_AVERAGE_SHARE_DIFFERENCE,5510835.0,2026-10-06,1.467,2026-08-19,4,OK,0,,,,,,,,
INCY,1125,3.6016046188289144,OK,,6344427000.0,2026-10-06,4.151,2026-07-28,4,OK,0,,,,,,,,
INDI,1126,,OWNERSHIP_BASIS_UNVERIFIED,,294672000.0,2026-10-06,3.178,2026-08-07,4,OWNERSHIP_BASIS_UNVERIFIED,0,,,,,,,,REQUIRES_MORE_EVIDENCE
INDP,1127,30.34484039380152,OK,,11372530.0,2026-10-06,12.419,2026-08-13,4,OK,0,,,,,,,,
INDV,1128,,NEGATIVE_EQUITY,,-208000000.0,2026-10-06,,2026-08-03,0,NEGATIVE_EQUITY,0,,,,,,,,
INGN,1129,0.8756874141265292,OK,,174864000.0,2026-10-06,0.918,2026-08-07,4,OK,0,,,,,,,,
INGR,1130,1.3486825747679045,OK,HISTORICAL_OHLC_INCOMPLETE,4524000000.0,2026-10-06,1.454,2026-08-07,4,OK,0,,,,,,,,
INHD,1131,0.1522274899650654,OK,,55634839.0,2026-10-06,0.362,2026-08-18,4,OK,0,,,,,,,,
INKT,1132,,NEGATIVE_EQUITY,,-14028296.0,2026-10-06,,2026-08-13,0,NEGATIVE_EQUITY,0,,,,,,,,
INM,1133,,MISSING_EQUITY,,,2026-10-06,,2026-09-09,0,MISSING_EQUITY,0,,,,,,,,
INMB,1134,2.5488451803526364,OK,,20362000.0,2026-10-06,2.603,2026-08-06,4,OK,0,,,,,,,,
INN,1135,,OWNERSHIP_BASIS_UNVERIFIED,,838947000.0,2026-10-06,0.877,2026-08-05,4,OWNERSHIP_BASIS_UNVERIFIED,0,,,,,,,,REQUIRES_MORE_EVIDENCE
INO,1136,26.730033460120115,OK,LARGE_ENDPOINT_VS_AVERAGE_SHARE_DIFFERENCE,4371083.0,2026-10-06,18.214,2026-08-12,3,OK,0,,,,,,,,
INOD,1137,14.268572450244857,OK,,159617000.0,2026-10-06,14.105,2026-08-06,4,OK,0,,,,,,,,
INSE,1138,,NEGATIVE_EQUITY,,-15600000.0,2026-10-06,,2026-08-05,0,NEGATIVE_EQUITY,0,,,,,,,,
INSG,1139,,NEGATIVE_EQUITY,,-30562000.0,2026-10-06,,2026-08-06,0,NEGATIVE_EQUITY,0,,,,,,,,
INSM,1140,30.33725190401799,OK,,757494000.0,2026-10-06,38.213,2026-08-06,4,OK,0,,,,,,,,
INSP,1141,2.3882394320279965,OK,,825582000.0,2026-10-06,1.829,2026-08-03,4,OK,0,,,,,,,,
INSW,1142,,OWNERSHIP_BASIS_UNVERIFIED,,2265335000.0,2026-10-06,1.977,2026-08-10,4,OWNERSHIP_BASIS_UNVERIFIED,0,,,,,,,,REQUIRES_MORE_EVIDENCE
INTA,1143,8.92059494728514,OK,,317603000.0,2026-10-06,9.663,2026-08-14,4,OK,0,,,,,,,,
INTC,1144,6.482031482031482,OK,,87542000000.0,2026-10-06,5.319,2026-07-24,4,OK,0,,,,,,,,
IONQ,1145,,OWNERSHIP_BASIS_UNVERIFIED,,3327208000.0,2026-10-06,4.87,2026-08-10,4,OWNERSHIP_BASIS_UNVERIFIED,0,,,,,,,,REQUIRES_MORE_EVIDENCE
IONS,1146,16.62837143110541,OK,,439737000.0,2026-10-06,20.423,2026-07-29,4,OK,0,,,,,,,,
IOSP,1147,1.806900221094231,OK,,1343400000.0,2026-10-06,1.686,2026-08-05,4,OK,0,,,,,,,,
IOT,1148,15.258151759378679,OK,,1601974000.0,2026-10-06,14.677,2026-09-08,4,OK,0,,,,,,,,
IOVA,1149,7.9757484610309,OK,,736045000.0,2026-10-06,3.822,2026-08-06,4,OK,0,,,,,,,,
IP,1150,1.1774732689087641,OK,HISTORICAL_OHLC_INCOMPLETE,14455000000.0,2026-10-06,1.548,2026-08-05,4,OK,0,,,,,,,,
IPAR,1151,4.151948607671724,OK,,870461000.0,2026-10-06,4.73,2026-08-04,4,OK,0,,,,,,,,
IPDN,1152,,MISSING_EQUITY,LARGE_ENDPOINT_VS_AVERAGE_SHARE_DIFFERENCE,,2026-10-06,,2026-08-14,0,MISSING_EQUITY,0,,,,,,,,
IPGP,1153,1.6734451337659986,OK,,2127178000.0,2026-10-06,1.881,2026-08-04,4,OK,0,,,,,,,,
IPI,1154,0.8758011886794645,OK,,515188000.0,2026-10-06,0.882,2026-08-05,4,OK,0,,,,,,,,
IQV,1155,6.934485465621392,OK,,6171000000.0,2026-10-06,6.48,2026-07-28,4,OK,0,,,,,,,,
IR,1156,3.0198023459921504,OK,,10177300000.0,2026-10-06,3.179,2026-07-31,4,OK,0,,,,,,,,
IRD,1157,,NEGATIVE_EQUITY,,-12986000.0,2026-10-06,,2026-08-06,2,NEGATIVE_EQUITY,0,,,,,,,,
IRDM,1158,,OWNERSHIP_BASIS_UNVERIFIED,,472511000.0,2026-10-06,10.508,2026-07-22,4,OWNERSHIP_BASIS_UNVERIFIED,0,,,,,,,,REQUIRES_MORE_EVIDENCE
IRM,1159,,MISSING_EQUITY,,,2026-10-06,,2026-08-05,0,MISSING_EQUITY,0,,,,,,,,
IRON,1160,3.6744041753075782,OK,,644164000.0,2026-10-06,4.721,2026-07-30,4,OK,0,,,,,,,,
IRT,1161,1.0337429775026803,OK,,3359169000.0,2026-10-06,1.197,2026-08-04,4,OK,0,,,,,,,,
IRTC,1162,18.99976783364554,OK,,185983000.0,2026-10-06,22.708,2026-08-06,4,OK,0,,,,,,,,
IRWD,1163,,NEGATIVE_EQUITY,,-161843000.0,2026-10-06,,2026-08-06,0,NEGATIVE_EQUITY,0,,,,,,,,
ISPC,1164,1.5520170884859896,OK,LARGE_ENDPOINT_VS_AVERAGE_SHARE_DIFFERENCE,1736380.0,2026-10-06,3.264,2026-08-14,4,OK,0,,,,,,,,
ISRG,1165,7.870413581320361,OK,,18168400000.0,2026-10-06,6.807,2026-07-21,4,OK,0,,,,,,,,
IA,1166,4.5839272239995745,OK,,77197268.0,2026-10-06,5.278,2026-08-13,4,OK,0,,,,,,,,
IT,1167,,NEGATIVE_EQUITY,,-167345000.0,2026-10-06,,2026-08-04,3,NEGATIVE_EQUITY,0,,,,,,,,
ITGR,1168,2.5012228964521284,OK,,1718749000.0,2026-10-06,2.473,2026-08-04,4,OK,0,,,,,,,,
ITRI,1169,2.3946995827523017,OK,,1616199000.0,2026-10-06,2.899,2026-07-28,4,OK,0,,,,,,,,
ITT,1170,3.8607465434305346,OK,,4800500000.0,2026-10-06,3.993,2026-08-06,4,OK,0,,,,,,,,
ITW,1171,26.289383611567036,OK,,2894000000.0,2026-10-06,29.002,2026-08-06,4,OK,0,,,,,,,,
IVDA,1172,,OWNERSHIP_BASIS_UNVERIFIED,,5406955.0,2026-10-06,0.996,2026-08-14,4,OWNERSHIP_BASIS_UNVERIFIED,0,,,,,,,,REQUIRES_MORE_EVIDENCE
IVT,1173,1.313859643044444,OK,,1765682000.0,2026-10-06,1.54,2026-08-03,4,OK,0,,,,,,,,
IVVD,1174,1.311992200073873,OK,,181080000.0,2026-10-06,1.116,2026-08-13,4,OK,0,,,,,,,,
J,1175,4.991680262818195,OK,,3264489000.0,2026-10-06,5.115,2026-08-04,4,OK,0,,,,,,,,
JACK,1176,,NEGATIVE_EQUITY,,-901286000.0,2026-10-06,,2026-08-12,0,NEGATIVE_EQUITY,0,,,,,,,,
JAGX,1177,,MISSING_EQUITY,LARGE_ENDPOINT_VS_AVERAGE_SHARE_DIFFERENCE,,2026-10-06,,2026-08-19,0,MISSING_EQUITY,0,,,,,,,,
JAKK,1178,1.266512083319175,OK,,247875000.0,2026-10-06,1.216,2026-07-31,4,OK,0,,,,,,,,
JANX,1179,1.1061467381359888,OK,,927984000.0,2026-10-06,1.061,2026-08-06,4,OK,0,,,,,,,,
JAZZ,1180,3.128180422019136,OK,,4801700000.0,2026-10-06,3.401,2026-08-03,4,OK,0,,,,,,,,
JBGS,1181,0.5965153903315501,OK,HISTORICAL_OHLC_INCOMPLETE,1066413000.0,2026-10-06,0.616,2026-08-10,4,OK,0,,,,,,,,
JBHT,1182,5.801896161432288,OK,,3657115000.0,2026-10-06,7.404,2026-07-24,4,OK,0,,,,,,,,
JBI,1183,,OWNERSHIP_BASIS_UNVERIFIED,,572000000.0,2026-10-06,1.207,2026-08-11,4,OWNERSHIP_BASIS_UNVERIFIED,0,,,,,,,,REQUIRES_MORE_EVIDENCE
JBIO,1184,1.9386493981014716,OK,,439915000.0,2026-10-06,3.141,2026-08-10,4,OK,0,,,,,,,,
JBL,1185,24.489130992999133,OK,,1323000000.0,2026-10-06,30.532,2026-06-30,4,OK,0,,,,,,,,
JBLU,1186,0.9581399928123793,OK,,1587000000.0,2026-10-06,1.427,2026-07-28,4,OK,0,,,,,,,,
JBTM,1187,1.2608433287974923,OK,,4472000000.0,2026-10-06,1.415,2026-08-05,4,OK,0,,,,,,,,
JCI,1188,7.133030147586614,OK,,13482000000.0,2026-10-06,6.264,2026-07-29,4,OK,0,,,,,,,,
JELD,1189,,NEGATIVE_EQUITY,,-23869000.0,2026-10-06,,2026-08-04,3,NEGATIVE_EQUITY,0,,,,,,,,
JILL,1190,,MISSING_EQUITY,,,2026-10-06,,2026-09-09,0,MISSING_EQUITY,0,,,,,,,,
JJSF,1191,1.6636086180109952,OK,,892077000.0,2026-10-06,1.924,2026-08-06,4,OK,0,,,,,,,,
JKHY,1192,4.934997633917764,OK,,2051949000.0,2026-10-06,5.799,2026-08-28,4,OK,0,,,,,,,,
JLL,1193,1.8720745353221133,OK,,7461700000.0,2026-10-06,2.23,2026-07-30,4,OK,0,,,,,,,,
JNJ,1194,7.225923686927178,OK,,84971000000.0,2026-10-06,7.353,2026-07-23,4,OK,0,,,,,,,,
JOBY,1195,,OWNERSHIP_BASIS_UNVERIFIED,,1766723000.0,2026-10-06,4.608,2026-08-06,4,OWNERSHIP_BASIS_UNVERIFIED,0,,,,,,,,REQUIRES_MORE_EVIDENCE
JOE,1196,4.91362064002185,OK,,764461000.0,2026-10-06,4.611,2026-07-29,4,OK,0,,,,,,,,
JSPR,1197,,OWNERSHIP_BASIS_UNVERIFIED,,1413000.0,2026-10-06,18.606,2026-08-14,4,OWNERSHIP_BASIS_UNVERIFIED,0,,,,,,,,REQUIRES_MORE_EVIDENCE
JTAI,1198,,OWNERSHIP_BASIS_UNVERIFIED,LARGE_ENDPOINT_VS_AVERAGE_SHARE_DIFFERENCE,39983716.0,2026-10-06,0.152,2026-08-14,4,OWNERSHIP_BASIS_UNVERIFIED,0,,,,,,,,REQUIRES_MORE_EVIDENCE
KAI,1199,3.0437261416117227,OK,,1022954000.0,2026-10-06,3.857,2026-08-12,4,OK,0,,,,,,,,
KALA,1200,,SHARE_BASIS_UNVERIFIED,LARGE_ENDPOINT_VS_AVERAGE_SHARE_DIFFERENCE;REVIEWED_UNRESOLVED_BASIS,9044000.0,2026-10-06,1.925,2026-08-19,3,SHARE_BASIS_UNVERIFIED,0,,,,,,,,
KALU,1201,2.6636998799436924,OK,,943800000.0,2026-10-06,3.128,2026-07-23,4,OK,0,,,,,,,,
KBH,1202,0.7331053554829503,OK,,3796810000.0,2026-10-06,0.916,2026-07-09,4,OK,0,,,,,,,,
KBR,1203,2.6669957686403736,OK,,1636000000.0,2026-10-06,2.649,2026-07-30,4,OK,0,,,,,,,,
KD,1204,2.3369659434866468,OK,,1070000000.0,2026-10-06,2.83,2026-08-05,4,OK,0,,,,,,,,
KDP,1205,1.6923343488690215,OK,,25032000000.0,2026-10-06,1.593,2026-08-10,4,OK,0,,,,,,,,
KE,1206,1.1798522355453922,OK,,585132000.0,2026-10-06,0.972,2026-08-19,4,OK,0,,,,,,,,
KELYA,1207,,MULTI_CLASS_UNVERIFIED,,982000000.0,2026-10-06,0.552,2026-08-06,4,OWNERSHIP_BASIS_UNVERIFIED,0,PB_OWNERSHIP_BASIS_V1,HELD,2026-08-06,1.0,,,aacfd0684d0a46521ab7f5085532d2e16fb7d5cca23d3eefad4cb54f044c7078,REQUIRES_MULTI_CLASS_CONTRACT
KEX,1208,2.1242608964666823,OK,,3442515000.0,2026-10-06,2.011,2026-08-05,4,OK,0,,,,,,,,
KEYS,1209,10.05327472143231,OK,,6571000000.0,2026-10-06,8.332,2026-09-02,4,OK,0,,,,,,,,
KFRC,1210,7.3416064764082005,OK,,123628000.0,2026-10-06,8.556,2026-07-29,4,OK,0,,,,,,,,
KFY,1211,,MISSING_EQUITY,,,2026-10-06,,2026-09-09,0,MISSING_EQUITY,0,,,,,,,,
KGS,1212,2.6145355756378774,OK,HISTORICAL_OHLC_INCOMPLETE,2161265000.0,2026-10-06,2.802,2026-08-07,4,OK,0,,,,,,,,
KHC,1213,0.7255373605227061,OK,,36006000000.0,2026-10-06,0.847,2026-08-05,4,OK,0,,,,,,,,
KIDS,1214,1.7256376677777248,OK,,343614000.0,2026-10-06,1.695,2026-08-05,4,OK,0,,,,,,,,
KIM,1215,,OWNERSHIP_BASIS_UNVERIFIED,,10265601000.0,2026-10-06,1.634,2026-08-04,4,OWNERSHIP_BASIS_UNVERIFIED,0,,,,,,,,REQUIRES_MORE_EVIDENCE
KITT,1216,,MISSING_EQUITY,LARGE_ENDPOINT_VS_AVERAGE_SHARE_DIFFERENCE,,2026-10-06,,2026-08-12,0,MISSING_EQUITY,0,,,,,,,,
KLAC,1217,40.62961415334003,OK,,6349820000.0,2026-10-06,39.757,2026-08-06,4,OK,0,,,,,,,,
KLIC,1218,5.618759267139271,OK,,911957000.0,2026-10-06,5.202,2026-08-06,4,OK,0,,,,,,,,
KLRS,1219,1.0979548394922651,OK,,57672000.0,2026-10-06,1.639,2026-08-11,4,OK,0,,,,,,,,
KLTR,1220,115.40517794058776,OK,,1692000.0,2026-10-06,170.403,2026-08-05,4,OK,0,,,,,,,,
KLXE,1221,,NEGATIVE_EQUITY,,-102400000.0,2026-10-06,,2026-08-11,0,NEGATIVE_EQUITY,0,,,,,,,,
KMB,1222,18.390669937608145,OK,,1750000000.0,2026-10-06,21.203,2026-08-04,4,OK,0,,,,,,,,
KMI,1223,,OWNERSHIP_BASIS_UNVERIFIED,,31631000000.0,2026-10-06,2.313,2026-07-24,4,OWNERSHIP_BASIS_UNVERIFIED,0,,,,,,,,REQUIRES_MORE_EVIDENCE
KMT,1224,1.6221213785509263,OK,,1569844000.0,2026-10-06,1.494,2026-08-12,4,OK,0,,,,,,,,
KMX,1225,,MISSING_EQUITY,,,2026-10-06,,2026-09-30,0,MISSING_EQUITY,0,,,,,,,,
KN,1226,4.207706547638927,OK,,795500000.0,2026-10-06,3.856,2026-07-28,4,OK,0,,,,,,,,
KNF,1227,1.8815240045481183,OK,,1605888000.0,2026-10-06,2.457,2026-08-04,4,OK,0,,,,,,,,
KNSA,1228,9.194955394623443,OK,,654149000.0,2026-10-06,9.475,2026-07-28,4,OK,0,,,,,,,,
KNTK,1229,,NEGATIVE_EQUITY,LARGE_ENDPOINT_VS_AVERAGE_SHARE_DIFFERENCE,-1185142000.0,2026-10-06,,2026-08-06,0,NEGATIVE_EQUITY,0,,,,,,,,
KNX,1230,1.5067337766303215,OK,,6981273000.0,2026-10-06,1.656,2026-07-29,4,OK,0,,,,,,,,
KO,1231,,MISSING_EQUITY,,,2026-10-06,,2026-07-29,0,MISSING_EQUITY,0,,,,,,,,
KOD,1232,94.99015695329341,OK,,61096000.0,2026-10-06,41.127,2026-08-13,4,OK,0,,,,,,,,
KODK,1233,1.550999982016427,OK,,623000000.0,2026-10-06,1.403,2026-08-04,4,OK,0,,,,,,,,
KOP,1234,2.249352589029948,OK,,387000000.0,2026-10-06,2.557,2026-08-06,4,OK,0,,,,,,,,
KOPN,1235,13.105655278105022,OK,,69211219.0,2026-10-06,13.965,2026-08-11,4,OK,0,,,,,,,,
KOS,1236,2.196445488929407,OK,,704897000.0,2026-10-06,2.137,2026-08-03,4,OK,0,,,,,,,,
KOSS,1237,1.2052896860885547,OK,,30159655.0,2026-10-06,1.099,2026-08-28,4,OK,0,,,,,,,,
KPTI,1238,,NEGATIVE_EQUITY,,-330168000.0,2026-10-06,,2026-08-13,0,NEGATIVE_EQUITY,0,,,,,,,,
KR,1239,,MISSING_EQUITY,,,2026-10-06,,2026-09-18,0,MISSING_EQUITY,0,,,,,,,,
KRC,1240,,OWNERSHIP_BASIS_UNVERIFIED,,5226211000.0,2026-10-06,0.86,2026-07-28,4,OWNERSHIP_BASIS_UNVERIFIED,0,,,,,,,,REQUIRES_MORE_EVIDENCE
KRG,1241,,OWNERSHIP_BASIS_UNVERIFIED,HISTORICAL_OHLC_INCOMPLETE,2869196000.0,2026-10-06,2.021,2026-07-30,4,OWNERSHIP_BASIS_UNVERIFIED,0,,,,,,,,REQUIRES_MORE_EVIDENCE
KRMD,1242,7.673355430460498,OK,,18051517.0,2026-10-06,10.564,2026-08-05,4,OK,0,,,,,,,,
KRO,1243,1.2046158337246022,OK,,751000000.0,2026-10-06,0.952,2026-08-05,4,OK,0,,,,,,,,
KROS,1244,0.8321795685349314,OK,,262320000.0,2026-10-06,0.764,2026-08-03,4,OK,0,,,,,,,,
KRP,1245,2.9758940879992535,OK,,575851000.0,2026-10-06,2.984,2026-08-07,4,OK,0,,,,,,,,
KRRO,1246,1.3923072513749724,OK,,103226000.0,2026-10-06,1.729,2026-08-06,4,OK,0,,,,,,,,
KRUS,1247,2.1084291988826345,OK,,230846000.0,2026-10-06,2.784,2026-07-07,4,OK,0,,,,,,,,
KRYS,1248,7.117217624338889,OK,,1359126000.0,2026-10-06,6.807,2026-08-03,4,OK,0,,,,,,,,
KSCP,1249,0.5538482815727428,OK,LARGE_ENDPOINT_VS_AVERAGE_SHARE_DIFFERENCE,29595000.0,2026-10-06,1.181,2026-08-12,4,OK,0,,,,,,,,
KSS,1250,0.533968215019362,OK,,4168000000.0,2026-10-06,0.526,2026-09-03,4,OK,0,,,,,,,,
KTB,1251,5.81398956709565,OK,,618544000.0,2026-10-06,7.21,2026-08-12,4,OK,0,,,,,,,,
KTOS,1252,2.394449349628222,OK,,3426800000.0,2026-10-06,2.841,2026-08-04,4,OK,0,,,,,,,,
KURA,1253,19.342059720322766,OK,,48431000.0,2026-10-06,18.258,2026-08-12,4,OK,0,,,,,,,,
KVUE,1254,3.2015924929040813,OK,,10553000000.0,2026-10-06,3.491,2026-08-06,4,OK,0,,,,,,,,
KVYO,1255,4.887650733399479,OK,,967024000.0,2026-10-06,5.683,2026-08-05,4,OK,0,,,,,,,,
KWR,1256,2.012682970332923,OK,,1377175000.0,2026-10-06,1.936,2026-07-30,4,OK,0,,,,,,,,
KYMR,1257,5.83883898740247,OK,,1509256000.0,2026-10-06,5.811,2026-08-05,4,OK,0,,,,,,,,
KYTX,1258,2.301165247772196,OK,,165549000.0,2026-10-06,2.996,2026-08-11,4,OK,0,,,,,,,,
LAB,1259,0.5234665435583944,OK,,539971000.0,2026-10-06,0.57,2026-08-05,4,OK,0,,,,,,,,
LAC,1260,1.0423176695264345,OK,,884691000.0,2026-10-06,1.408,2026-08-13,4,OWNERSHIP_BASIS_UNVERIFIED,1,PB_OWNERSHIP_BASIS_V1,IDENTITY_OVERRIDE,2026-08-12,1.0,,363042943.0,a053487871384c4838cfbd341553610dce0eed76f09b483e6e05f8c46b897718,REQUIRES_OFFICIAL_IDENTITY_OVERRIDE
LAD,1261,1.004401911222703,OK,,6402100000.0,2026-10-06,1.468,2026-07-29,4,OK,0,,,,,,,,
LADR,1262,0.7704250517244231,OK,,1429329000.0,2026-10-06,0.864,2026-07-27,4,OK,0,,,,,,,,
LAKE,1263,,MISSING_EQUITY,,,2026-10-06,,2026-09-09,0,MISSING_EQUITY,0,,,,,,,,
LAMR,1264,14.96601387620666,OK,,982112000.0,2026-10-06,16.544,2026-08-06,4,OK,0,,,,,,,,
LAND,1265,,OWNERSHIP_BASIS_UNVERIFIED,,673111000.0,2026-10-06,0.526,2026-08-11,4,OWNERSHIP_BASIS_UNVERIFIED,0,,,,,,,,REQUIRES_MORE_EVIDENCE
LASE,1266,,NEGATIVE_EQUITY,LARGE_ENDPOINT_VS_AVERAGE_SHARE_DIFFERENCE,-911553.0,2026-10-06,,2026-08-14,1,NEGATIVE_EQUITY,0,,,,,,,,
LASR,1267,5.249653936180013,OK,,439903000.0,2026-10-06,7.364,2026-08-07,4,OK,0,,,,,,,,
LAUR,1268,4.616257326644366,OK,,1141382000.0,2026-10-06,4.636,2026-07-30,4,OK,0,,,,,,,,
LAW,1269,2.269185001685579,OK,,120159000.0,2026-10-06,2.188,2026-08-05,4,OK,0,,,,,,,,
LBRDA,1270,,STALE_PRICE,,3748000000.0,2026-08-21,1.304,2026-07-29,4,STALE_PRICE,0,,,,,,,,
LBRT,1271,1.6720075054592818,OK,,1963754000.0,2026-10-06,1.63,2026-07-23,4,OK,0,,,,,,,,
"LBTYA,LBTYK",1272,,MISSING_PRICE,HISTORICAL_PRICE_CORROBORATION_UNAVAILABLE,9224600000.0,,0.358,2026-07-24,4,MISSING_PRICE,0,,,,,,,,
LCID,1273,,NEGATIVE_EQUITY,,-1057963000.0,2026-10-06,,2026-08-04,2,NEGATIVE_EQUITY,0,,,,,,,,
LCII,1274,1.3956067948110182,OK,,1431752000.0,2026-10-06,1.82,2026-08-05,4,OK,0,,,,,,,,
LDOS,1275,2.771325922518445,OK,,5284000000.0,2026-10-06,3.102,2026-08-04,4,OK,0,,,,,,,,
LE,1276,0.6312007907376382,OK,,492870000.0,2026-10-06,0.649,2026-09-03,4,OK,0,,,,,,,,
LEA,1277,1.1615459702356825,OK,,5180700000.0,2026-10-06,1.244,2026-07-31,4,OK,0,,,,,,,,
LECO,1278,,OWNERSHIP_BASIS_UNVERIFIED,,1554180000.0,2026-10-06,8.775,2026-07-30,4,OWNERSHIP_BASIS_UNVERIFIED,0,,,,,,,,REQUIRES_MORE_EVIDENCE
LEG,1279,,STALE_PRICE,,1081700000.0,2026-08-27,1.212,2026-08-06,4,STALE_PRICE,0,,,,,,,,
LEN,1280,,MISSING_EQUITY,,,2026-10-06,,2026-10-02,0,MISSING_EQUITY,0,,,,,,,,
LENZ,1281,0.5431086954028014,OK,,219262000.0,2026-10-06,0.747,2026-08-11,4,OK,0,,,,,,,,
LESL,1282,,NEGATIVE_EQUITY,,-492738000.0,2026-10-05,,2026-08-12,0,NEGATIVE_EQUITY,0,,,,,,,,
LEVI,1283,3.4769328912673427,OK,,2272400000.0,2026-10-06,4.127,2026-07-08,4,OK,0,,,,,,,,
LEXX,1284,,OWNERSHIP_BASIS_UNVERIFIED,HISTORICAL_PRICE_MISMATCH,4738210.0,2026-10-06,3.112,2026-07-13,4,OWNERSHIP_BASIS_UNVERIFIED,0,PB_OWNERSHIP_BASIS_V1,HELD,2026-07-13,1.0,,,5c3ab664fa8ff0ea6a9bb1ea418b30f18231c55cc4c5cceb26c038197c0733bd,MUST_REMAIN_HELD
LFCR,1285,,NEGATIVE_EQUITY,,-34094000.0,2026-10-06,,2026-08-05,0,NEGATIVE_EQUITY,0,,,,,,,,
LFMD,1286,,OWNERSHIP_BASIS_UNVERIFIED,,7966455.0,2026-10-06,22.266,2026-08-05,4,OWNERSHIP_BASIS_UNVERIFIED,0,,,,,,,,REQUIRES_MORE_EVIDENCE
LFST,1287,3.1347664129506354,OK,,1477148000.0,2026-10-06,2.757,2026-08-06,4,OK,0,,,,,,,,
LFUS,1288,4.406629629293019,OK,,2618360000.0,2026-10-06,3.982,2026-07-29,4,OK,0,,,,,,,,
LFVN,1289,2.252677407547697,OK,,33589000.0,2026-10-06,2.406,2026-08-27,4,OK,0,,,,,,,,
LGIH,1290,0.5024311750359199,OK,,2132656000.0,2026-10-06,0.67,2026-08-04,4,OK,0,,,,,,,,
LGND,1291,6.118430894301407,OK,,967516000.0,2026-10-06,6.04,2026-08-07,4,OK,0,,,,,,,,
LH,1292,2.9371752924439787,OK,,8606800000.0,2026-10-06,2.958,2026-08-05,4,OK,0,,,,,,,,
LHX,1293,2.2281689975775163,OK,,19882000000.0,2026-10-06,2.547,2026-07-30,4,OK,0,,,,,,,,
LIDR,1294,,OWNERSHIP_BASIS_UNVERIFIED,,68314000.0,2026-10-06,0.83,2026-08-06,4,OWNERSHIP_BASIS_UNVERIFIED,0,,,,,,,,REQUIRES_MORE_EVIDENCE
LII,1295,9.741304169752771,OK,,1297200000.0,2026-10-06,11.457,2026-07-29,4,OK,0,,,,,,,,
"LILA,LILAK",1296,,MISSING_PRICE,HISTORICAL_PRICE_CORROBORATION_UNAVAILABLE,528100000.0,,3.109,2026-08-05,4,MISSING_PRICE,0,,,,,,,,
LIN,1297,5.779208221106145,OK,,39081000000.0,2026-10-06,5.643,2026-07-31,4,OK,0,,,,,,,,
LINC,1298,3.5641582556340987,OK,,202389000.0,2026-10-06,4.823,2026-08-10,4,OK,0,,,,,,,,
LIND,1299,,NEGATIVE_EQUITY,,-195838000.0,2026-10-06,,2026-08-03,0,NEGATIVE_EQUITY,0,,,,,,,,
LION,1300,,NEGATIVE_EQUITY,,-1200200000.0,2026-10-06,,2026-08-06,0,NEGATIVE_EQUITY,0,,,,,,,,
LITE,1301,21.892371108323047,OK,,4643900000.0,2026-10-06,18.715,2026-08-17,4,OK,0,,,,,,,,
LITS,1302,,MISSING_EQUITY,,,2026-10-06,,2026-09-28,0,MISSING_EQUITY,0,,,,,,,,
LIVN,1303,3.1148328453939524,OK,,1325322000.0,2026-10-06,3.248,2026-08-05,4,OK,0,,,,,,,,
NMAD,1304,,OWNERSHIP_BASIS_UNVERIFIED,,23911360.0,2026-10-06,2.727,2026-08-14,4,OWNERSHIP_BASIS_UNVERIFIED,0,,,,,,,,REQUIRES_MORE_EVIDENCE
LKQ,1305,0.8786593068279481,OK,,6447000000.0,2026-10-06,0.887,2026-07-30,4,OK,0,,,,,,,,
LLY,1306,32.161851883878214,OK,,33879000000.0,2026-10-06,32.506,2026-08-05,4,OK,0,,,,,,,,
"LLYVA,LLYVK",1307,,NEGATIVE_EQUITY,HISTORICAL_PRICE_CORROBORATION_UNAVAILABLE,-625657000.0,,,2026-08-06,0,NEGATIVE_EQUITY,0,,,,,,,,
LMAT,1308,4.300818941817457,OK,,420342000.0,2026-10-06,4.298,2026-08-05,4,OK,0,,,,,,,,
LMB,1309,3.01429682967051,OK,,203148000.0,2026-10-06,4.526,2026-08-04,4,OK,0,,,,,,,,
LMT,1310,13.427346919873635,OK,,8768000000.0,2026-10-06,14.966,2026-07-23,4,OK,0,,,,,,,,
LNAI,1311,,NEGATIVE_EQUITY,LARGE_ENDPOINT_VS_AVERAGE_SHARE_DIFFERENCE,-9553428.0,2026-10-06,,2026-05-15,0,NEGATIVE_EQUITY,0,,,,,,,,
LNG,1312,9.182780544017952,OK,,6191000000.0,2026-10-06,8.866,2026-08-06,4,OK,0,,,,,,,,
LNSR,1313,5.522663076595586,OK,,14905000.0,2026-10-06,6.817,2026-08-13,2,OK,0,,,,,,,,
LNT,1314,2.25535321870343,OK,,7529000000.0,2026-10-06,2.438,2026-07-31,4,OK,0,,,,,,,,
LNTH,1315,4.973381991735292,OK,,1311778000.0,2026-10-06,5.029,2026-08-06,4,OK,0,,,,,,,,
LOCO,1316,1.3812951993209746,OK,,317043000.0,2026-10-06,1.455,2026-08-07,4,OK,0,,,,,,,,
LOGI,1317,6.235334870273491,OK,,2351745000.0,2026-10-06,6.271,2026-07-29,4,OK,0,,,,,,,,
LOPE,1318,6.055805948679077,OK,,669509000.0,2026-10-06,5.845,2026-07-30,4,OK,0,,,,,,,,
LOVE,1319,,MISSING_EQUITY,,,2026-10-06,,2026-09-10,0,MISSING_EQUITY,0,,,,,,,,
LOW,1320,,NEGATIVE_EQUITY,,-7437000000.0,2026-10-06,,2026-08-27,0,NEGATIVE_EQUITY,0,,,,,,,,
LPG,1321,1.9531294827922823,OK,,1236519338.0,2026-10-06,1.489,2026-08-05,4,OK,0,,,,,,,,
LPSN,1322,,NEGATIVE_EQUITY,,-121956000.0,2026-09-04,,2026-08-07,0,NEGATIVE_EQUITY,0,,,,,,,,
LPTH,1323,,MISSING_EQUITY,LARGE_ENDPOINT_VS_AVERAGE_SHARE_DIFFERENCE,,2026-10-06,,2026-09-11,0,MISSING_EQUITY,0,,,,,,,,
LPX,1324,2.6818674611365467,OK,,1744000000.0,2026-10-06,3.102,2026-08-05,4,OK,0,,,,,,,,
LQDA,1325,11.886258044794465,OK,,195114000.0,2026-10-06,36.145,2026-08-12,4,OK,0,,,,,,,,
LQDT,1326,5.514370921556398,OK,,235852000.0,2026-10-06,5.581,2026-08-06,4,OK,0,,,,,,,,
LRCX,1327,33.502223854990135,OK,,12470921000.0,2026-10-06,31.241,2026-08-07,4,OK,0,,,,,,,,
LRHC,1328,,NEGATIVE_EQUITY,LARGE_ENDPOINT_VS_AVERAGE_SHARE_DIFFERENCE;HISTORICAL_PRICE_CORROBORATION_UNAVAILABLE,-8496277.0,2026-10-06,,2026-08-21,1,NEGATIVE_EQUITY,0,,,,,,,,
LRMR,1329,2.26715361580039,OK,,127382000.0,2026-10-06,3.352,2026-08-04,4,OK,0,,,,,,,,
LRN,1330,2.030471576961507,OK,,1632329000.0,2026-10-06,2.103,2026-08-05,4,OK,0,,,,,,,,
LSCC,1331,24.251626736882415,OK,,787527000.0,2026-10-06,24.888,2026-08-04,4,OK,0,,,,,,,,
LSTR,1332,6.85649764537817,OK,,836730000.0,2026-10-06,7.213,2026-07-29,4,OK,0,,,,,,,,
LTBR,1333,1.0739081734528997,OK,,238580313.0,2026-10-06,1.437,2026-08-06,4,OK,0,,,,,,,,
LTC,1334,1.8034300572398654,OK,,1268556000.0,2026-10-06,1.645,2026-08-05,4,OK,0,,,,,,,,
LTH,1335,2.7325665135520394,OK,,3302168000.0,2026-10-06,2.991,2026-07-30,4,OK,0,,,,,,,,
LTRN,1336,,NEGATIVE_EQUITY,,-3217252.0,2026-10-06,,2026-08-14,3,NEGATIVE_EQUITY,0,,,,,,,,
LTRX,1337,2.870233185189539,OK,,119276000.0,2026-10-06,2.361,2026-08-27,4,OK,0,,,,,,,,
LUCD,1338,11.160097633908103,OK,,10927000.0,2026-10-06,18.31,2026-08-12,4,OK,0,,,,,,,,
LUCK,1339,,NEGATIVE_EQUITY,,-398225000.0,2026-10-06,,2026-08-27,0,NEGATIVE_EQUITY,0,,,,,,,,
LUCY,1340,,OWNERSHIP_BASIS_UNVERIFIED,LARGE_ENDPOINT_VS_AVERAGE_SHARE_DIFFERENCE,6898765.0,2026-10-06,0.916,2026-08-14,4,OWNERSHIP_BASIS_UNVERIFIED,0,,,,,,,,REQUIRES_MORE_EVIDENCE
LULU,1341,2.063097770085057,OK,,4791174000.0,2026-10-06,2.684,2026-09-03,4,OK,0,,,,,,,,
LUMN,1342,,NEGATIVE_EQUITY,,-1488000000.0,2026-10-06,,2026-08-04,0,NEGATIVE_EQUITY,0,,,,,,,,
LUNG,1343,1.9504009998785634,OK,,39196000.0,2026-10-06,2.257,2026-08-04,4,OK,0,,,,,,,,
LUNR,1344,,NEGATIVE_EQUITY,LARGE_ENDPOINT_VS_AVERAGE_SHARE_DIFFERENCE,-290649000.0,2026-10-06,,2026-08-13,0,NEGATIVE_EQUITY,0,,,,,,,,
LUV,1345,2.932347995719604,OK,,7082000000.0,2026-10-06,3.088,2026-07-23,4,OK,0,,,,,,,,
LVS,1346,40.47853852069228,OK,HISTORICAL_OHLC_INCOMPLETE,581000000.0,2026-10-06,51.37,2026-07-24,4,OK,0,,,,,,,,
LVWR,1347,,OWNERSHIP_BASIS_UNVERIFIED,,11921000.0,2026-10-06,21.367,2026-08-05,4,OWNERSHIP_BASIS_UNVERIFIED,0,,,,,,,,REQUIRES_MORE_EVIDENCE
LW,1348,3.6093567954584156,OK,,1824900000.0,2026-10-06,3.735,2026-07-24,4,OK,0,,,,,,,,
LWLG,1349,8.313106635386903,OK,,104223366.0,2026-10-06,11.198,2026-08-14,4,OK,0,,,,,,,,
LXEO,1350,1.1518398951239452,OK,,235061000.0,2026-10-06,1.7,2026-08-12,4,OK,0,,,,,,,,
LXFR,1351,2.0715281037956705,OK,,222700000.0,2026-10-06,2.049,2026-07-28,4,OK,0,,,,,,,,
LXP,1352,,OWNERSHIP_BASIS_UNVERIFIED,,1947906000.0,2026-10-06,1.836,2026-07-29,4,OWNERSHIP_BASIS_UNVERIFIED,0,,,,,,,,REQUIRES_MORE_EVIDENCE
LXRX,1353,4.461669586019195,OK,,174525000.0,2026-10-06,6.017,2026-08-06,4,OK,0,,,,,,,,
LXU,1354,1.357921989056305,OK,,539217000.0,2026-10-06,1.474,2026-07-30,4,OK,0,,,,,,,,
LYB,1355,,OWNERSHIP_BASIS_UNVERIFIED,,10671000000.0,2026-10-06,1.879,2026-07-31,4,OWNERSHIP_BASIS_UNVERIFIED,0,,,,,,,,REQUIRES_MORE_EVIDENCE
LYFT,1356,1.9730465837869204,OK,,3023646000.0,2026-10-06,2.186,2026-08-07,4,OK,0,,,,,,,,
LYRA,1357,,NEGATIVE_EQUITY,,-4328000.0,2026-10-05,,2025-11-12,3,NEGATIVE_EQUITY,0,,,,,,,,
LYTS,1358,2.163299560935963,OK,,360677000.0,2026-10-06,2.078,2026-09-03,4,OK,0,,,,,,,,
LYV,1359,491.7028770447889,OK,,82330000.0,2026-10-06,525.361,2026-07-30,3,OK,0,,,,,,,,
LZ,1360,7.771540170919052,OK,,127156000.0,2026-10-06,10.91,2026-08-05,4,OK,0,,,,,,,,
LZB,1361,1.1724189070410675,OK,,1013260000.0,2026-10-06,1.614,2026-08-18,4,OK,0,,,,,,,,
M,1362,,MISSING_EQUITY,,,2026-10-06,,2026-09-10,0,MISSING_EQUITY,0,,,,,,,,
MAA,1363,,OWNERSHIP_BASIS_UNVERIFIED,,5433995000.0,2026-10-06,2.847,2026-07-30,4,OWNERSHIP_BASIS_UNVERIFIED,0,,,,,,,,REQUIRES_MORE_EVIDENCE
MAC,1364,2.301815391984797,OK,,2827198000.0,2026-10-06,2.547,2026-08-05,4,OK,0,,,,,,,,
MAGN,1365,0.4122104241550262,OK,,1017000000.0,2026-10-06,0.441,2026-08-06,4,OK,0,,,,,,,,
MAMA,1366,3.585219518939593,OK,,167406000.0,2026-10-06,4.495,2026-09-03,4,OK,0,,,,,,,,
MAN,1367,1.1452517999462053,OK,,2106300000.0,2026-10-06,1.25,2026-08-07,4,OK,0,,,,,,,,
MANH,1368,75.08606161606033,OK,,157507000.0,2026-10-06,70.836,2026-07-31,4,OK,0,,,,,,,,
MAPS,1369,,STALE_EQUITY,LARGE_ENDPOINT_VS_AVERAGE_SHARE_DIFFERENCE,57175000.0,2026-10-06,2.099,2026-03-12,4,STALE_EQUITY,0,,,,,,,,
MAR,1370,,NEGATIVE_EQUITY,,-4525000000.0,2026-10-06,,2026-08-03,0,NEGATIVE_EQUITY,0,,,,,,,,
MAS,1371,,NEGATIVE_EQUITY,,-365000000.0,2026-10-06,,2026-07-29,0,NEGATIVE_EQUITY,0,,,,,,,,
MASS,1372,4.020357031826267,OK,,126766000.0,2026-10-06,3.264,2026-08-11,4,OK,0,,,,,,,,
MAT,1373,2.2777439006048295,OK,,1998118000.0,2026-10-06,2.072,2026-08-06,4,OK,0,,,,,,,,
MATV,1374,1.4316360711394416,OK,,470700000.0,2026-10-06,1.369,2026-08-06,4,OK,0,,,,,,,,
MATW,1375,1.2473245605500283,OK,,485968000.0,2026-10-06,1.522,2026-08-07,4,OK,0,,,,,,,,
MATX,1376,2.4238935677533284,OK,,2773100000.0,2026-10-06,2.302,2026-08-04,4,OK,0,,,,,,,,
MAX,1377,20.872706100812415,OK,,28412000.0,2026-10-06,29.757,2026-07-29,3,OK,0,,,,,,,,
MBC,1378,0.733876395384586,OK,LARGE_ENDPOINT_VS_AVERAGE_SHARE_DIFFERENCE,1968700000.0,2026-10-06,0.945,2026-08-05,4,OK,0,,,,,,,,
MBIO,1379,0.46198181885111167,OK,,7545000.0,2026-10-06,0.599,2026-08-05,4,OK,0,,,,,,,,
MBLY,1380,0.7735567818128555,OK,,8210000000.0,2026-10-06,0.774,2026-07-23,4,OK,0,,,,,,,,
MBOT,1381,1.042644255414192,OK,,68927000.0,2026-10-06,1.637,2026-08-11,4,OK,0,,,,,,,,
MBUU,1382,0.8539541253732845,OK,,524448000.0,2026-10-06,1.081,2026-08-27,4,OK,0,,,,,,,,
MCD,1383,,NEGATIVE_EQUITY,,-1023000000.0,2026-10-06,,2026-08-07,0,NEGATIVE_EQUITY,0,,,,,,,,
MCFT,1384,,MISSING_EQUITY,,,2026-10-06,,2026-09-10,0,MISSING_EQUITY,0,,,,,,,,
MCHP,1385,,OWNERSHIP_BASIS_UNVERIFIED,,6451000000.0,2026-10-06,6.259,2026-08-06,4,OWNERSHIP_BASIS_UNVERIFIED,0,,,,,,,,REQUIRES_MORE_EVIDENCE
MCK,1386,,NEGATIVE_EQUITY,,-4240000000.0,2026-10-06,,2026-08-05,0,NEGATIVE_EQUITY,0,,,,,,,,
MCO,1387,25.898124055720558,OK,,3025000000.0,2026-10-06,27.039,2026-07-23,4,OK,0,,,,,,,,
MCRB,1388,0.8348195357639581,OK,,34534000.0,2026-10-06,1.441,2026-08-05,4,OK,0,,,,,,,,
MCRI,1389,3.704953350465633,OK,,576769000.0,2026-10-06,3.816,2026-07-28,4,OK,0,,,,,,,,
MCS,1390,1.7842653724493511,OK,,456884000.0,2026-10-06,2.004,2026-07-30,4,OK,0,,,,,,,,
MD,1391,2.39800249722751,OK,,880977000.0,2026-10-06,2.279,2026-08-04,4,OK,0,,,,,,,,
MDAI,1392,,NEGATIVE_EQUITY,,-12054000.0,2026-10-06,,2026-08-11,0,NEGATIVE_EQUITY,0,,,,,,,,
MDB,1393,9.750893402931885,OK,,2979981000.0,2026-10-06,11.738,2026-09-01,4,OK,0,,,,,,,,
MDGL,1394,21.900931854818165,OK,,523724000.0,2026-10-06,21.754,2026-07-30,4,OK,0,,,,,,,,
MDIA,1395,3.1094562067015277,OK,,28642000.0,2026-10-06,2.799,2026-08-14,4,OK,0,,,,,,,,
MDLZ,1396,2.856469274188067,OK,,26639000000.0,2026-10-06,2.993,2026-07-28,4,OK,0,,,,,,,,
MDT,1397,2.2177120989758947,OK,,50232000000.0,2026-10-06,2.371,2026-09-03,4,OK,0,,,,,,,,
MDU,1398,1.36188198786435,OK,,2926922000.0,2026-10-06,1.492,2026-08-06,4,OK,0,,,,,,,,
MDXG,1399,3.1176110770639216,OK,,216003000.0,2026-10-06,2.854,2026-07-29,4,OK,0,,,,,,,,
MEC,1400,1.2895731431153288,OK,,325484000.0,2026-10-06,1.998,2026-08-05,4,OK,0,,,,,,,,
MED,1401,0.6553206031717554,OK,,196377000.0,2026-10-06,0.555,2026-08-03,4,OK,0,,,,,,,,
MEDP,1402,38.7864718906214,OK,,433861000.0,2026-10-06,38.974,2026-07-23,4,OK,0,,,,,,,,
MEI,1403,,OWNERSHIP_BASIS_UNVERIFIED,,663100000.0,2026-10-06,0.973,2026-09-02,4,OWNERSHIP_BASIS_UNVERIFIED,0,,,,,,,,REQUIRES_MORE_EVIDENCE
MELI,1404,12.023761890846828,OK,,7834000000.0,2026-10-06,11.843,2026-08-06,4,OWNERSHIP_BASIS_UNVERIFIED,1,PB_OWNERSHIP_BASIS_V1,IDENTITY_OVERRIDE,2026-08-05,1.0,,50696802.0,656b1cee8dbb280c04926b87252ed79764137e4c89abe3f818a40a5c15cae942,REQUIRES_OFFICIAL_IDENTITY_OVERRIDE
MERC,1405,,NEGATIVE_EQUITY,,-97974000.0,2026-10-06,,2026-08-06,2,NEGATIVE_EQUITY,0,,,,,,,,
META,1406,7.205781357421475,OK,,261221000000.0,2026-10-06,5.257,2026-07-30,4,OK,0,,,,,,,,
"METC,METCB",1407,,MISSING_PRICE,HISTORICAL_PRICE_CORROBORATION_UNAVAILABLE,376067000.0,,1.557,2026-08-05,4,MISSING_PRICE,0,,,,,,,,
MFA,1408,,OWNERSHIP_BASIS_UNVERIFIED,,1776088000.0,2026-10-06,0.516,2026-08-05,4,OWNERSHIP_BASIS_UNVERIFIED,0,,,,,,,,REQUIRES_MORE_EVIDENCE
MG,1409,2.7912772871633793,OK,,239963000.0,2026-10-06,2.096,2026-08-10,4,OK,0,,,,,,,,
MGEE,1410,2.2744759056898416,OK,,1172654000.0,2026-10-06,2.584,2026-08-05,4,OK,0,,,,,,,,
MGM,1411,3.0566152494077823,OK,,2513775000.0,2026-10-06,4.587,2026-07-29,4,OK,0,,,,,,,,
MGNI,1412,3.8051466631685305,OK,,936273000.0,2026-10-06,3.166,2026-08-05,4,OK,0,,,,,,,,
MGNX,1413,5.408268312514066,OK,,42873000.0,2026-10-06,6.27,2026-08-14,4,OK,0,,,,,,,,
MGPI,1414,0.4719112127231223,OK,,590813000.0,2026-10-06,0.684,2026-07-29,4,OK,0,,,,,,,,
MGRC,1415,2.3137974054026094,OK,,1245459000.0,2026-10-06,2.295,2026-07-29,4,OK,0,,,,,,,,
MGRX,1416,0.7748190190612615,OK,LARGE_ENDPOINT_VS_AVERAGE_SHARE_DIFFERENCE,12525944.0,2026-10-06,0.918,2026-08-13,4,OK,0,,,,,,,,
MGTX,1417,4.718004802264775,OK,,215781000.0,2026-10-06,5.639,2026-08-13,1,OK,0,,,,,,,,
MGX,1418,0.345664511528142,OK,,112567000.0,2026-10-06,0.413,2026-08-10,4,OK,0,,,,,,,,
MGY,1419,,OWNERSHIP_BASIS_UNVERIFIED,LARGE_ENDPOINT_VS_AVERAGE_SHARE_DIFFERENCE,2146877000.0,2026-10-06,2.732,2026-08-06,4,OWNERSHIP_BASIS_UNVERIFIED,0,,,,,,,,REQUIRES_MORE_EVIDENCE
MHK,1420,0.9997299265833495,OK,,8540700000.0,2026-10-06,0.976,2026-07-31,4,OK,0,,,,,,,,
MHO,1421,,OWNERSHIP_BASIS_UNVERIFIED,,3227420000.0,2026-10-06,1.145,2026-07-31,4,OWNERSHIP_BASIS_UNVERIFIED,0,,,,,,,,REQUIRES_MORE_EVIDENCE
MIDD,1422,2.1674438125297657,OK,,2209954000.0,2026-10-06,2.395,2026-08-13,4,OK,0,,,,,,,,
MIND,1423,,MISSING_EQUITY,,,2026-10-06,,2026-09-09,0,MISSING_EQUITY,0,,,,,,,,
MIR,1424,,OWNERSHIP_BASIS_UNVERIFIED,,1825800000.0,2026-10-06,1.987,2026-07-29,4,OWNERSHIP_BASIS_UNVERIFIED,0,,,,,,,,REQUIRES_MORE_EVIDENCE
MIRA,1425,3.6655923146552634,OK,,8162317.0,2026-10-06,3.803,2026-08-12,4,OK,0,,,,,,,,
MIRM,1426,,NEGATIVE_EQUITY,,-10422000.0,2026-10-06,,2026-08-05,3,NEGATIVE_EQUITY,0,,,,,,,,
MIST,1427,5.221015289378868,OK,,18218000.0,2026-10-06,7.688,2026-08-12,4,OK,0,,,,,,,,
MITK,1428,3.146568749364029,OK,,250523000.0,2026-10-06,3.028,2026-08-06,4,OK,0,,,,,,,,
MITT,1429,,OWNERSHIP_BASIS_UNVERIFIED,,546004000.0,2026-10-06,0.368,2026-08-10,4,OWNERSHIP_BASIS_UNVERIFIED,0,,,,,,,,REQUIRES_MORE_EVIDENCE
MKC,1430,,MISSING_EQUITY,,,2026-10-06,,2026-10-01,0,MISSING_EQUITY,0,,,,,,,,
MKSI,1431,6.368225316065225,OK,,2988000000.0,2026-10-06,6.592,2026-08-06,4,OK,0,,,,,,,,
MLGO,1432,,MULTI_CLASS_UNVERIFIED,,303438355.0,2026-10-06,0.166,2026-08-28,4,OWNERSHIP_BASIS_UNVERIFIED,0,PB_OWNERSHIP_BASIS_V1,HELD,2026-08-28,1.0,,,9bcfb515d19e0ddeb684dc09782a142a4adc31e81a4df5d6f486d210da793af1,REQUIRES_MULTI_CLASS_CONTRACT
MLI,1433,3.935785007592759,OK,,3547750000.0,2026-10-06,3.906,2026-07-22,4,OK,0,,,,,,,,
MLKN,1434,,MISSING_EQUITY,,,2026-10-06,,2026-09-28,0,MISSING_EQUITY,0,,,,,,,,
MLM,1435,2.5439802975896812,OK,,11546000000.0,2026-10-06,2.809,2026-07-30,4,OK,0,,,,,,,,
MLR,1436,1.4624861303438985,OK,,420093000.0,2026-10-06,1.374,2026-08-05,4,OK,0,,,,,,,,
MLTX,1437,2.1763873574357198,OK,,428195000.0,2026-10-06,3.444,2026-08-10,4,OK,0,,,,,,,,
MLYS,1438,3.5223657886743385,OK,,550917000.0,2026-10-06,4.386,2026-08-11,4,OK,0,,,,,,,,
MMI,1439,1.8709386388743061,OK,,578913000.0,2026-10-06,2.073,2026-08-06,4,OK,0,,,,,,,,
MMM,1440,28.588352304575885,OK,,2952000000.0,2026-10-06,29.832,2026-07-21,4,OK,0,,,,,,,,
MMS,1441,1.6448368917764093,OK,,1740551000.0,2026-10-06,1.755,2026-08-06,4,OK,0,,,,,,,,
MMSI,1442,3.019993540040075,OK,,1679804000.0,2026-10-06,2.963,2026-07-30,4,OK,0,,,,,,,,
MNKD,1443,,NEGATIVE_EQUITY,,-67197000.0,2026-10-06,,2026-08-05,0,NEGATIVE_EQUITY,0,,,,,,,,
MNR,1444,0.9652476440919535,OK,,1843741000.0,2026-10-06,1.206,2026-08-06,4,OK,0,,,,,,,,
MNRO,1445,0.7336965411024485,OK,,582502000.0,2026-10-06,0.711,2026-07-29,4,OK,0,,,,,,,,
MNST,1446,,SHARE_BASIS_UNVERIFIED,HISTORICAL_PRICE_MISMATCH,9364148000.0,2026-10-06,9.452,2026-08-07,4,SHARE_BASIS_UNVERIFIED,0,,,,,,,,
MNTK,1447,1.4313213698152873,OK,,264530000.0,2026-10-06,0.92,2026-08-05,4,OK,0,,,,,,,,
MNTS,1448,,OWNERSHIP_BASIS_UNVERIFIED,LARGE_ENDPOINT_VS_AVERAGE_SHARE_DIFFERENCE,114260000.0,2026-10-06,0.925,2026-08-11,3,OWNERSHIP_BASIS_UNVERIFIED,0,,,,,,,,REQUIRES_MORE_EVIDENCE
MO,1449,,NEGATIVE_EQUITY,,-2668000000.0,2026-10-06,,2026-07-30,0,NEGATIVE_EQUITY,0,,,,,,,,
MOD,1450,8.395035015218099,OK,,1201500000.0,2026-10-06,8.572,2026-07-30,4,OK,0,,,,,,,,
MOH,1451,2.4425494855955274,OK,,4171000000.0,2026-10-06,2.507,2026-07-23,4,OK,0,,,,,,,,
MORN,1452,7.170375855221593,OK,,1023800000.0,2026-10-06,7.279,2026-07-29,4,OK,0,,,,,,,,
MOS,1453,0.5806693182088636,OK,,11463900000.0,2026-10-06,0.649,2026-08-05,4,OK,0,,,,,,,,
MOV,1454,1.4496321599874529,OK,,505616000.0,2026-10-06,1.545,2026-08-26,4,OK,0,,,,,,,,
MOVE,1455,0.5107447944593972,OK,LARGE_ENDPOINT_VS_AVERAGE_SHARE_DIFFERENCE,573251000.0,2026-10-06,0.565,2026-08-14,2,OK,0,,,,,,,,
MP,1456,,OWNERSHIP_BASIS_UNVERIFIED,,1957336000.0,2026-10-06,4.321,2026-08-06,4,OWNERSHIP_BASIS_UNVERIFIED,0,,,,,,,,REQUIRES_MORE_EVIDENCE
MPAA,1457,0.7992705474860814,OK,,252989000.0,2026-10-06,0.929,2026-08-10,4,OK,0,,,,,,,,
MPC,1458,6.36459560816879,OK,,19077000000.0,2026-10-06,4.602,2026-08-04,4,OK,0,,,,,,,,
MPLX,1459,4.175560820159512,OK,,14027000000.0,2026-10-06,4.374,2026-08-04,4,OK,0,,,,,,,,
MPWR,1460,18.591440826602533,OK,,3895424000.0,2026-10-06,16.974,2026-08-05,4,OK,0,,,,,,,,
MQ,1461,2.4076846754051635,OK,,715557000.0,2026-10-06,2.61,2026-08-04,4,OK,0,,,,,,,,
MRAM,1462,5.91538656234389,OK,,73107000.0,2026-10-06,5.376,2026-08-05,4,OK,0,,,,,,,,
MRCY,1463,3.3251496842789003,OK,,1497458000.0,2026-10-06,4.217,2026-08-18,4,OK,0,,,,,,,,
MREO,1464,1.9507133717774547,OK,,28652000.0,2026-10-06,1.703,2026-08-11,4,OWNERSHIP_BASIS_UNVERIFIED,1,PB_OWNERSHIP_BASIS_V1,ADR_FACTOR,2026-08-10,0.2,0.2,159690972.8,f9f5e0cc89add7d076eab587ee46678daae905463a2aeaffe0f0018280abbd29,REQUIRES_ADR_FACTOR_CONTRACT
MRK,1465,8.351187568766562,OK,,41933000000.0,2026-10-06,7.565,2026-08-07,4,OK,0,,,,,,,,
MRNA,1466,11.06948120579156,OK,,6761000000.0,2026-10-06,3.237,2026-07-31,4,OK,0,,,,,,,,
MRTN,1467,1.3721120247278111,OK,,765962000.0,2026-10-06,1.584,2026-08-06,4,OK,0,,,,,,,,
MRVI,1468,9.961968563915871,OK,LARGE_ENDPOINT_VS_AVERAGE_SHARE_DIFFERENCE,204622000.0,2026-10-06,7.906,2026-08-07,4,OK,0,,,,,,,,
MRVL,1469,13.581076515976848,OK,,18531600000.0,2026-10-06,10.25,2026-08-28,4,OK,0,,,,,,,,
MSA,1470,,OWNERSHIP_BASIS_UNVERIFIED,,1401657000.0,2026-10-06,5.237,2026-07-31,4,OWNERSHIP_BASIS_UNVERIFIED,0,,,,,,,,REQUIRES_MORE_EVIDENCE
MSCI,1471,,NEGATIVE_EQUITY,,-2689500000.0,2026-10-06,,2026-07-21,0,NEGATIVE_EQUITY,0,,,,,,,,
MSEX,1472,1.9129918942405175,OK,,521092000.0,2026-10-06,2.018,2026-07-30,4,OK,0,,,,,,,,
MSFT,1473,8.884395648476184,OK,,442387000000.0,2026-10-06,6.555,2026-07-29,4,OK,0,,,,,,,,
MSGE,1474,82.65318727430851,OK,,45781000.0,2026-10-06,91.364,2026-08-12,3,OK,0,,,,,,,,
MSGM,1475,6.1426707167073085,OK,,3884592.0,2026-10-06,5.245,2026-08-14,4,OK,0,,,,,,,,
MSGS,1476,,NEGATIVE_EQUITY,,-263296000.0,2026-10-06,,2026-08-13,0,NEGATIVE_EQUITY,0,,,,,,,,
MSI,1477,28.260293932118717,OK,,2672000000.0,2026-10-06,27.137,2026-08-05,4,OK,0,,,,,,,,
MSM,1478,5.127365287952273,OK,,1419421000.0,2026-10-06,4.853,2026-07-01,4,OK,0,,,,,,,,
MSPR,1479,,NEGATIVE_EQUITY,,-563842000.0,2026-10-05,,2025-11-19,1,NEGATIVE_EQUITY,0,,,,,,,,
MSTR,1480,,NEWER_SHARE_COUNT_REQUIRED,,30886088000.0,2026-10-06,1.18,2026-08-03,4,OWNERSHIP_BASIS_UNVERIFIED,0,PB_OWNERSHIP_BASIS_V1,HELD,2026-08-03,1.0,,,fec93902890ff77669584df0d52fa5a4a0cbfcb78668cf1144df6fe310a01b07,REQUIRES_NEWER_SHARE_COUNT
MTCH,1481,,NEGATIVE_EQUITY,,-237055000.0,2026-10-06,,2026-08-05,0,NEGATIVE_EQUITY,0,,,,,,,,
MTD,1482,2395.4960952934284,OK,,12823000.0,2026-10-06,2213.037,2026-07-31,1,OK,0,,,,,,,,
MTDR,1483,1.1044445817648727,OK,,5928623000.0,2026-10-06,1.024,2026-08-07,4,OK,0,,,,,,,,
MTH,1484,0.809467674739809,OK,,5057937000.0,2026-10-06,0.905,2026-07-31,4,OK,0,,,,,,,,
MTN,1485,,MISSING_EQUITY,,,2026-10-06,,2026-09-28,0,MISSING_EQUITY,0,,,,,,,,
MTRN,1486,6.536800528704876,OK,,994867000.0,2026-10-06,6.221,2026-08-05,4,OK,0,,,,,,,,
MTRX,1487,2.1440072662225513,OK,,141855000.0,2026-10-06,2.104,2026-09-03,4,OK,0,,,,,,,,
MTSI,1488,17.38150956451044,OK,,1540775000.0,2026-10-06,14.951,2026-08-06,4,OK,0,,,,,,,,
MTUS,1489,1.2525191744075248,OK,,692300000.0,2026-10-06,1.291,2026-08-04,4,OK,0,,,,,,,,
MTVA,1490,1.4292567583784894,OK,,6822000.0,2026-10-06,1.4,2026-08-06,4,OK,0,,,,,,,,
MTW,1491,1.2025799528677668,OK,,701100000.0,2026-10-06,0.968,2026-08-07,4,OK,0,,,,,,,,
MTX,1492,1.32945551249737,OK,,1544900000.0,2026-10-06,1.536,2026-07-31,4,OK,0,,,,,,,,
MTZ,1493,5.27287564149893,OK,,3476968000.0,2026-10-06,7.493,2026-07-30,4,OK,0,,,,,,,,
MU,1494,11.723604792650608,OK,,100724000000.0,2026-10-06,13.607,2026-06-25,4,OK,0,,,,,,,,
MUR,1495,1.0303020385607151,OK,,5259014000.0,2026-10-06,0.983,2026-08-05,4,OK,0,,,,,,,,
MUSA,1496,12.04761717119807,OK,,782700000.0,2026-10-06,12.591,2026-08-06,4,OK,0,,,,,,,,
MUX,1497,1.5716579229001004,OK,,706636000.0,2026-10-06,1.711,2026-08-05,4,OK,0,,,,,,,,
MVIS,1498,1.8228678656039792,OK,,20619000.0,2026-10-06,3.761,2026-08-06,4,OK,0,,,,,,,,
MVST,1499,,OWNERSHIP_BASIS_UNVERIFIED,,543094000.0,2026-10-06,0.619,2026-08-10,4,OWNERSHIP_BASIS_UNVERIFIED,0,,,,,,,,REQUIRES_MORE_EVIDENCE
MWA,1500,,OWNERSHIP_BASIS_UNVERIFIED,,1120400000.0,2026-10-06,3.775,2026-08-06,4,OWNERSHIP_BASIS_UNVERIFIED,0,,,,,,,,REQUIRES_MORE_EVIDENCE
MX,1501,0.5528123318882668,OK,,226532000.0,2026-10-06,0.59,2026-08-10,4,OK,0,,,,,,,,
MXCT,1502,0.7086195322570977,OK,,158752000.0,2026-10-06,0.904,2026-08-13,4,OK,0,,,,,,,,
MXL,1503,20.445437779625554,OK,,484840000.0,2026-10-06,17.067,2026-07-23,4,OK,0,,,,,,,,
MYE,1504,3.908316681996713,OK,,306368000.0,2026-10-06,4.048,2026-07-30,4,OK,0,,,,,,,,
MYGN,1505,1.3470895053244296,OK,,303900000.0,2026-10-06,0.9,2026-07-31,4,OK,0,,,,,,,,
MYRG,1506,6.697062061888129,OK,,754417000.0,2026-10-06,6.647,2026-07-29,4,OK,0,,,,,,,,
MYSE,1507,,OWNERSHIP_BASIS_UNVERIFIED,,4373657.0,2026-10-06,3.16,2026-08-14,4,OWNERSHIP_BASIS_UNVERIFIED,0,,,,,,,,REQUIRES_MORE_EVIDENCE
MYSZ,1508,0.487310088713422,OK,,2347000.0,2026-10-06,1.049,2026-08-13,4,OK,0,,,,,,,,
MZTI,1509,2.5965514093096687,OK,,1053150000.0,2026-10-06,3.041,2026-08-25,4,OK,0,,,,,,,,
NABL,1510,1.0377028333744138,OK,,804628000.0,2026-10-06,0.754,2026-08-10,4,OK,0,,,,,,,,
NAGE,1511,2.5791119366472732,OK,,82528000.0,2026-10-06,3.327,2026-08-04,4,OK,0,,,,,,,,
NAMS,1512,,MISSING_EQUITY,,,2026-10-06,,2026-08-05,0,MISSING_EQUITY,0,,,,,,,,
NATL,1513,7.273432845841967,OK,,464000000.0,2026-10-06,7.455,2026-08-05,4,OK,0,,,,,,,,
NB,1514,,MISSING_EQUITY,,,2026-10-06,,2026-09-25,0,MISSING_EQUITY,0,,,,,,,,
NBIX,1515,4.00448661710374,OK,,3693600000.0,2026-10-06,4.59,2026-07-31,4,OK,0,,,,,,,,
NBR,1516,,OWNERSHIP_BASIS_UNVERIFIED,,544128000.0,2026-10-06,2.33,2026-07-31,4,OWNERSHIP_BASIS_UNVERIFIED,0,,,,,,,,REQUIRES_MORE_EVIDENCE
NCLH,1517,2.7681206858653957,OK,,2572866000.0,2026-10-06,3.527,2026-08-03,4,OK,0,,,,,,,,
NCMI,1518,0.6078138347416419,OK,,334300000.0,2026-10-06,1.066,2026-08-11,4,OK,0,,,,,,,,
NCNO,1519,2.1742376425174963,OK,,929832000.0,2026-10-06,2.366,2026-08-25,4,OK,0,,,,,,,,
NDAQ,1520,4.302372392224732,OK,,11988000000.0,2026-10-06,4.216,2026-07-23,4,OK,0,,,,,,,,
NDRA,1521,,OWNERSHIP_BASIS_UNVERIFIED,,6309691.0,2026-10-06,1.063,2026-08-14,4,OWNERSHIP_BASIS_UNVERIFIED,0,,,,,,,,REQUIRES_MORE_EVIDENCE
NDSN,1522,5.694556804423655,OK,,3269059000.0,2026-10-06,5.703,2026-08-20,4,OK,0,,,,,,,,
NE,1523,,OWNERSHIP_BASIS_UNVERIFIED,,4483942000.0,2026-10-06,1.396,2026-07-28,4,OWNERSHIP_BASIS_UNVERIFIED,0,,,,,,,,REQUIRES_MORE_EVIDENCE
NEE,1524,,OWNERSHIP_BASIS_UNVERIFIED,,57126000000.0,2026-10-06,3.278,2026-07-24,4,OWNERSHIP_BASIS_UNVERIFIED,0,,,,,,,,REQUIRES_MORE_EVIDENCE
NEGG,1525,1.4594977464848913,OK,,171155000.0,2026-10-06,2.167,2026-08-27,4,OWNERSHIP_BASIS_UNVERIFIED,1,PB_OWNERSHIP_BASIS_V1,IDENTITY_OVERRIDE,2026-06-30,1.0,,20974000.0,5accd3a283ae9d88c60fb6837609eeec0800a654a3054e249ecc9aaed5355ce3,REQUIRES_OFFICIAL_IDENTITY_OVERRIDE
NEM,1526,3.479818482494886,OK,,35243000000.0,2026-10-06,2.832,2026-07-23,4,OK,0,,,,,,,,
NEO,1527,2.6995585566143347,OK,,785732000.0,2026-10-06,2.191,2026-07-28,4,OK,0,,,,,,,,
NEOG,1528,1.24609391737693,OK,,2092900000.0,2026-10-06,1.201,2026-07-30,4,OK,0,,,,,,,,
NEON,1529,0.7194990529825807,OK,,20760000.0,2026-10-06,0.801,2026-08-12,4,OK,0,,,,,,,,
NEOV,1530,,MISSING_EQUITY,LARGE_ENDPOINT_VS_AVERAGE_SHARE_DIFFERENCE,,2026-10-06,,2026-09-23,0,MISSING_EQUITY,0,,,,,,,,
NET,1531,78.03105091263748,OK,,1620020000.0,2026-10-06,62.518,2026-08-06,4,OK,0,,,,,,,,
NEUP,1532,,MISSING_EQUITY,,,2026-10-06,,2026-09-18,0,MISSING_EQUITY,0,,,,,,,,
NEXT,1533,,NEGATIVE_EQUITY,,-57280000.0,2026-10-06,,2026-07-30,2,NEGATIVE_EQUITY,0,,,,,,,,
NFE,1534,,MISSING_EQUITY,,,2026-10-06,,2026-08-06,0,MISSING_EQUITY,0,,,,,,,,
NFG,1535,1.8979084072939423,OK,,3923679000.0,2026-10-06,1.998,2026-07-30,4,OK,0,,,,,,,,
NFLX,1536,9.485955599649017,OK,,30152052000.0,2026-10-06,9.522,2026-07-17,4,OK,0,,,,,,,,
NGL,1537,,NEGATIVE_EQUITY,,-257117000.0,2026-10-06,,2026-08-04,2,NEGATIVE_EQUITY,0,,,,,,,,
NGNE,1538,2.345519507248888,OK,,217133000.0,2026-10-06,3.299,2026-08-11,4,OK,0,,,,,,,,
NGVC,1539,2.87235689075299,OK,,239416000.0,2026-10-06,3.125,2026-08-06,4,OK,0,,,,,,,,
NGVT,1540,53.36274683396785,OK,,46900000.0,2026-10-06,51.45,2026-07-30,4,OK,0,,,,,,,,
NHI,1541,2.048265644912293,OK,,1571426000.0,2026-10-06,2.317,2026-08-10,4,OK,0,,,,,,,,
NI,1542,,OWNERSHIP_BASIS_UNVERIFIED,,9574600000.0,2026-10-06,2.149,2026-08-05,4,OWNERSHIP_BASIS_UNVERIFIED,0,,,,,,,,REQUIRES_MORE_EVIDENCE
NIXX,1543,,OWNERSHIP_BASIS_UNVERIFIED,,8268000.0,2026-10-06,2.178,2026-08-12,4,OWNERSHIP_BASIS_UNVERIFIED,0,,,,,,,,REQUIRES_MORE_EVIDENCE
NJR,1544,1.9787220305531767,OK,,2643460000.0,2026-10-06,2.203,2026-08-04,4,OK,0,,,,,,,,
NKE,1545,,MISSING_EQUITY,,,2026-10-06,,2026-10-02,0,MISSING_EQUITY,0,,,,,,,,
NKTR,1546,1.5088198428894828,OK,,903121000.0,2026-10-06,2.761,2026-08-14,4,OK,0,,,,,,,,
NKTX,1547,0.6678558118318408,OK,,247738000.0,2026-10-06,0.711,2026-08-10,4,OK,0,,,,,,,,
NLOP,1548,0.8734745883891007,OK,,163833000.0,2026-10-06,1.073,2026-08-05,4,OK,0,,,,,,,,
NMRA,1549,1.9878921788208472,OK,,44519000.0,2026-10-06,6.753,2026-08-14,4,OK,0,,,,,,,,
NMRK,1550,1.588269628514553,OK,,1436575000.0,2026-10-06,1.868,2026-08-07,4,OK,0,,,,,,,,
NN,1551,,OWNERSHIP_BASIS_UNVERIFIED,,334500000.0,2026-10-06,8.998,2026-08-11,1,OWNERSHIP_BASIS_UNVERIFIED,0,,,,,,,,REQUIRES_MORE_EVIDENCE
NNBR,1552,15.7289466507845,OK,LARGE_ENDPOINT_VS_AVERAGE_SHARE_DIFFERENCE,21211000.0,2026-10-06,15.184,2026-08-05,4,OK,0,,,,,,,,
NNDM,1553,0.687485219483159,OK,,481490000.0,2026-10-06,0.714,2026-08-07,4,OK,0,,,,,,,,
NNE,1554,1.437400248345603,OK,,616030515.0,2026-10-06,1.657,2026-08-12,4,OK,0,,,,,,,,
NNN,1555,,OWNERSHIP_BASIS_UNVERIFIED,,4460736000.0,2026-10-06,2.038,2026-08-05,4,OWNERSHIP_BASIS_UNVERIFIED,0,,,,,,,,REQUIRES_MORE_EVIDENCE
NOC,1556,3.8376239325575177,OK,,17884000000.0,2026-10-06,4.069,2026-07-21,4,OK,0,,,,,,,,
NOG,1557,1.2767741696357917,OK,,1995333000.0,2026-10-06,1.153,2026-08-07,4,OK,0,,,,,,,,
NOTE,1558,,STALE_EQUITY,,61951000.0,2026-10-06,0.22,2026-03-24,4,STALE_EQUITY,0,,,,,,,,
NOV,1559,1.0915526792908945,OK,,6205000000.0,2026-10-06,1.095,2026-07-29,4,OK,0,,,,,,,,
NOVT,1560,,OWNERSHIP_BASIS_UNVERIFIED,,1616458000.0,2026-10-06,3.582,2026-08-05,4,OWNERSHIP_BASIS_UNVERIFIED,0,,,,,,,,REQUIRES_MORE_EVIDENCE
NOW,1561,11.398288691451505,OK,,12516000000.0,2026-10-06,7.596,2026-07-23,4,OK,0,,,,,,,,
NPCE,1562,36.59753885371828,OK,,11883000.0,2026-10-06,43.472,2026-08-11,4,OK,0,,,,,,,,
NPKI,1563,2.745910076214554,OK,,371377000.0,2026-10-06,2.849,2026-07-30,4,OK,0,,,,,,,,
NPO,1564,4.427957730364805,OK,,1587400000.0,2026-10-06,4.465,2026-08-04,4,OK,0,,,,,,,,
NPWR,1565,,OWNERSHIP_BASIS_UNVERIFIED,LARGE_ENDPOINT_VS_AVERAGE_SHARE_DIFFERENCE,83527000.0,2026-10-06,4.361,2026-08-13,4,OWNERSHIP_BASIS_UNVERIFIED,0,,,,,,,,REQUIRES_MORE_EVIDENCE
NRDS,1566,1.7383649468806626,OK,,325800000.0,2026-10-06,1.734,2026-08-06,4,OK,0,,,,,,,,
NRDY,1567,,OWNERSHIP_BASIS_UNVERIFIED,LARGE_ENDPOINT_VS_AVERAGE_SHARE_DIFFERENCE;HISTORICAL_PRICE_MISMATCH,17276000.0,2026-10-06,9.343,2026-08-06,4,OWNERSHIP_BASIS_UNVERIFIED,0,PB_OWNERSHIP_BASIS_V1,HELD,2026-08-06,1.0,,,060c8f185f5c05f8c92997d4b216e31c85b080bc14994d96b9d43e066684aedb,MUST_REMAIN_HELD
NRG,1568,4.4856448440873855,OK,,4855000000.0,2026-10-06,5.068,2026-08-04,4,OK,0,,,,,,,,
NRGV,1569,,OWNERSHIP_BASIS_UNVERIFIED,,6888000.0,2026-10-06,94.51,2026-08-11,4,OWNERSHIP_BASIS_UNVERIFIED,0,,,,,,,,REQUIRES_MORE_EVIDENCE
NRIX,1570,5.825406829123656,OK,,402627000.0,2026-10-06,6.364,2026-07-09,4,OK,0,,,,,,,,
NRXP,1571,,NEGATIVE_EQUITY,,-170000.0,2026-10-06,,2026-08-14,0,NEGATIVE_EQUITY,0,,,,,,,,
NSC,1572,4.371246779995675,OK,,16253000000.0,2026-10-06,4.817,2026-07-23,4,OK,0,,,,,,,,
NSIT,1573,2.9163709273799774,OK,,1605025000.0,2026-10-06,2.728,2026-08-06,4,OK,0,,,,,,,,
NSP,1574,29.065973171514294,OK,,61000000.0,2026-10-06,33.299,2026-07-29,4,OK,0,,,,,,,,
NSSC,1575,6.861475324073457,OK,,191002000.0,2026-10-06,7.039,2026-08-24,4,OK,0,,,,,,,,
NTAP,1576,30.014662938345662,OK,,1495000000.0,2026-10-06,23.75,2026-09-02,4,OK,0,,,,,,,,
NTCT,1577,1.7920804756376392,OK,,1663024000.0,2026-10-06,1.754,2026-08-06,4,OK,0,,,,,,,,
NTGR,1578,1.3719771456934586,OK,,456425000.0,2026-10-06,1.447,2026-08-06,4,OK,0,,,,,,,,
NTLA,1579,2.381960814358783,OK,,727706000.0,2026-10-06,2.164,2026-08-06,4,OK,0,,,,,,,,
NTNX,1580,,MISSING_EQUITY,,,2026-10-06,,2026-09-18,0,MISSING_EQUITY,0,,,,,,,,
NTRA,1581,31.705403533416053,OK,,1821499000.0,2026-10-06,25.489,2026-08-07,4,OK,0,,,,,,,,
NTST,1582,1.1389792948145074,OK,,1572420000.0,2026-10-06,1.394,2026-07-22,4,OK,0,,,,,,,,
NUAI,1583,,OWNERSHIP_BASIS_UNVERIFIED,,138584967.0,2026-10-06,3.898,2026-08-14,3,OWNERSHIP_BASIS_UNVERIFIED,0,,,,,,,,REQUIRES_MORE_EVIDENCE
NUE,1584,2.5764022631058427,OK,,22109000000.0,2026-10-06,2.789,2026-08-12,4,OK,0,,,,,,,,
NUS,1585,0.4251163708869321,OK,,542739000.0,2026-10-06,0.462,2026-08-10,4,OK,0,,,,,,,,
NUTX,1586,3.792890122143889,OK,,394316000.0,2026-10-06,2.639,2026-08-06,4,OK,0,,,,,,,,
NUVB,1587,,OWNERSHIP_BASIS_UNVERIFIED,,253864000.0,2026-10-06,8.451,2026-08-06,4,OWNERSHIP_BASIS_UNVERIFIED,0,,,,,,,,REQUIRES_MORE_EVIDENCE
NUWE,1588,,NEGATIVE_EQUITY,LARGE_ENDPOINT_VS_AVERAGE_SHARE_DIFFERENCE,-2055000.0,2026-10-06,,2026-08-13,3,NEGATIVE_EQUITY,0,,,,,,,,
NVAX,1589,,NEGATIVE_EQUITY,,-190707000.0,2026-10-06,,2026-08-06,0,NEGATIVE_EQUITY,0,,,,,,,,
NVCR,1590,5.155976053542805,OK,,338092000.0,2026-10-06,6.885,2026-07-23,4,OK,0,,,,,,,,
NVCT,1591,71.85731428781803,OK,LARGE_ENDPOINT_VS_AVERAGE_SHARE_DIFFERENCE,9082000.0,2026-10-06,72.108,2026-08-04,4,OK,0,,,,,,,,
NVDA,1592,25.179419227479883,OK,,228984000000.0,2026-10-06,22.066,2026-08-26,4,OK,0,,,,,,,,
NVRI,1593,0.8795614138350972,OK,,639081000.0,2026-10-06,0.888,2026-08-11,2,OK,0,,,,,,,,
NVST,1594,1.2149576315557495,OK,,3076300000.0,2026-10-06,1.495,2026-08-05,4,OK,0,,,,,,,,
NVT,1595,7.055835434084434,OK,,3986900000.0,2026-10-06,6.245,2026-07-31,4,OK,0,,,,,,,,
NVTS,1596,,OWNERSHIP_BASIS_UNVERIFIED,,801412000.0,2026-10-06,3.717,2026-07-27,4,OWNERSHIP_BASIS_UNVERIFIED,0,,,,,,,,REQUIRES_MORE_EVIDENCE
NWE,1597,1.4643580727761405,OK,,2895337000.0,2026-10-06,1.482,2026-07-30,4,OK,0,,,,,,,,
NWL,1598,0.9644002779412396,OK,,2451000000.0,2026-10-06,0.973,2026-07-31,4,OK,0,,,,,,,,
NWN,1599,1.2756431823037233,OK,,1566080000.0,2026-10-06,1.326,2026-08-05,4,OK,0,,,,,,,,
"NWS,NWSA",1600,,MISSING_PRICE,HISTORICAL_PRICE_CORROBORATION_UNAVAILABLE,8526000000.0,,1.81,2026-08-07,4,MISSING_PRICE,0,,,,,,,,
NWTG,1601,,NEGATIVE_EQUITY,,-3499000.0,2026-10-06,,2026-08-14,2,NEGATIVE_EQUITY,0,,,,,,,,
NX,1602,1.1588047368834025,OK,,745444000.0,2026-10-06,1.41,2026-09-04,4,OK,0,,,,,,,,
NXDR,1603,2.2798682069673886,OK,,410626000.0,2026-10-06,2.176,2026-08-04,4,OK,0,,,,,,,,
NXDT,1604,,OWNERSHIP_BASIS_UNVERIFIED,,672998000.0,2026-10-06,0.403,2026-08-14,4,OWNERSHIP_BASIS_UNVERIFIED,0,,,,,,,,REQUIRES_MORE_EVIDENCE
NXPI,1605,5.406077908008631,OK,,11399000000.0,2026-10-06,5.732,2026-07-28,4,OK,0,,,,,,,,
NXRT,1606,2.0801789476246126,OK,,247861000.0,2026-10-06,2.552,2026-08-05,4,OK,0,,,,,,,,
NXST,1607,2.140394818615406,OK,,2265000000.0,2026-10-06,2.636,2026-08-07,4,OK,0,,,,,,,,
NXT,1608,5.226951304327555,OK,,2557103000.0,2026-10-06,5.38,2026-08-03,4,OK,0,,,,,,,,
NXXT,1609,,MISSING_EQUITY,,,2026-10-06,,2026-08-13,0,MISSING_EQUITY,0,,,,,,,,
NYT,1610,5.046768069425961,OK,,2047536000.0,2026-10-06,5.158,2026-08-05,4,OK,0,,,,,,,,
O,1611,1.2979242293472466,OK,,39549557000.0,2026-10-06,1.492,2026-08-06,4,OWNERSHIP_BASIS_UNVERIFIED,1,PB_OWNERSHIP_BASIS_V1,ORDINARY_COMMON,2026-07-30,1.0,,946218033.0,26a19ca0635cb14421167c07d883f1500876ab29ebddea18c3f58cdda66f40ef,SAFE_TO_RELEASE_UNDER_GENERIC_CONTRACT
OABI,1612,,OWNERSHIP_BASIS_UNVERIFIED,,260274000.0,2026-10-06,1.251,2026-08-06,4,OWNERSHIP_BASIS_UNVERIFIED,0,,,,,,,,REQUIRES_MORE_EVIDENCE
OBIO,1613,18.16557963728731,OK,,19323000.0,2026-10-06,13.873,2026-08-10,4,OK,0,,,,,,,,
OC,1614,2.5101938370214807,OK,,3772000000.0,2026-10-06,3.195,2026-08-05,4,OK,0,,,,,,,,
OCC,1615,,MISSING_EQUITY,,,2026-10-06,,2026-09-09,0,MISSING_EQUITY,0,,,,,,,,
OCGN,1616,,NEGATIVE_EQUITY,,-16556000.0,2026-10-06,,2026-08-06,2,NEGATIVE_EQUITY,0,,,,,,,,
OCUL,1617,3.0997181080544074,OK,,520041000.0,2026-10-06,3.547,2026-08-03,4,OK,0,,,,,,,,
ODFL,1618,8.117609266747564,OK,,4547352000.0,2026-10-06,9.824,2026-08-05,4,OK,0,,,,,,,,
OEC,1619,0.8501441662399837,OK,,380300000.0,2026-10-06,0.975,2026-08-05,4,OK,0,,,,,,,,
OFIX,1620,0.89308410239223,OK,,429180000.0,2026-10-06,0.989,2026-08-05,4,OK,0,,,,,,,,
OGE,1621,1.901085326347427,OK,,4981200000.0,2026-10-06,1.982,2026-07-29,4,OK,0,,,,,,,,
OGN,1622,3.5867331504110047,OK,,1006000000.0,2026-10-06,3.537,2026-07-31,4,OK,0,,,,,,,,
OGS,1623,1.2996281526343858,OK,,3537886000.0,2026-10-06,1.408,2026-08-05,4,OK,0,,,,,,,,
OHI,1624,2.516614247368181,OK,,5390533000.0,2026-10-06,2.833,2026-07-30,4,OK,0,,,,,,,,
OI,1625,1.6392273566790352,OK,,539000000.0,2026-10-06,2.195,2026-07-29,4,OK,0,,,,,,,,
OII,1626,3.8447151903577774,OK,,1164156000.0,2026-10-06,4.105,2026-07-23,4,OK,0,,,,,,,,
OIS,1627,0.8591191745309799,OK,,581376000.0,2026-10-06,0.786,2026-07-30,4,OK,0,,,,,,,,
OKE,1628,2.4522774339503473,OK,,22937000000.0,2026-10-06,2.409,2026-08-04,4,OK,0,,,,,,,,
OKLO,1629,2.1905774866849104,OK,,3273557000.0,2026-10-06,2.751,2026-08-07,4,OK,0,,,,,,,,
OKTA,1630,5.48230202289593,OK,,6973000000.0,2026-10-06,4.335,2026-08-27,4,OK,0,,,,,,,,
OLB,1631,1.378898411154909,OK,LARGE_ENDPOINT_VS_AVERAGE_SHARE_DIFFERENCE,7142171.0,2026-10-06,1.002,2026-08-14,4,OK,0,,,,,,,,
OLED,1632,2.174462203451721,OK,,1683965000.0,2026-10-06,2.194,2026-07-30,4,OK,0,,,,,,,,
OLLI,1633,2.749822543296341,OK,,1895599000.0,2026-10-06,2.315,2026-09-02,4,OK,0,,,,,,,,
OLMA,1634,1.6094728173176058,OK,,430564000.0,2026-10-06,2.426,2026-08-10,4,OK,0,,,,,,,,
OLN,1635,1.0796167223009896,OK,,1711400000.0,2026-10-06,1.233,2026-07-31,4,OK,0,,,,,,,,
OM,1636,0.8077919849103444,OK,,96337000.0,2026-10-06,1.015,2026-08-06,4,OK,0,,,,,,,,
OMC,1637,2.1324578963631287,OK,,9661800000.0,2026-10-06,2.345,2026-07-29,4,OK,0,,,,,,,,
OMCL,1638,1.2523207519933157,OK,,1291605000.0,2026-10-06,1.313,2026-08-05,4,OK,0,,,,,,,,
OMER,1639,,NEGATIVE_EQUITY,,-51349000.0,2026-10-06,,2026-08-12,0,NEGATIVE_EQUITY,0,,,,,,,,
OMEX,1640,,NEGATIVE_EQUITY,,-41741820.0,2026-10-06,,2026-08-11,0,NEGATIVE_EQUITY,0,,,,,,,,
ON,1641,4.654784613440361,OK,,7218700000.0,2026-10-06,4.336,2026-08-03,4,OK,0,,,,,,,,
ONC,1642,7.972319840650959,OK,,5173998000.0,2026-10-06,7.196,2026-08-05,4,OWNERSHIP_BASIS_UNVERIFIED,1,PB_OWNERSHIP_BASIS_V1,ADR_FACTOR,2026-07-31,0.077,0.07692307692307693,113701877.30769232,2005290a72bc3d12fad4a73625e437764bb335f345c7a1c06c763f83d0a59487,REQUIRES_ADR_FACTOR_CONTRACT
ONCO,1643,0.1938120826682647,OK,LARGE_ENDPOINT_VS_AVERAGE_SHARE_DIFFERENCE,13468509.0,2026-10-06,0.259,2026-08-13,4,OK,0,,,,,,,,
ONCY,1644,,NEGATIVE_EQUITY,,-6167000.0,2026-10-06,,2026-08-12,1,NEGATIVE_EQUITY,0,,,,,,,,
ONDS,1645,2.692875352072254,OK,,1569992000.0,2026-10-06,3.238,2026-08-13,4,OK,0,,,,,,,,
ONEW,1646,0.5662969929495103,OK,,286051000.0,2026-10-06,0.714,2026-07-31,4,OK,0,,,,,,,,
ONL,1647,0.2100573040746354,OK,,632752000.0,2026-10-06,0.234,2026-08-06,4,OK,0,,,,,,,,
ONTO,1648,8.007186721213234,OK,,1922658000.0,2026-10-06,6.858,2026-08-06,4,OK,0,,,,,,,,
OOMA,1649,5.571337265291489,OK,,98385000.0,2026-10-06,6.508,2026-09-04,4,OK,0,,,,,,,,
OPAD,1650,,OWNERSHIP_BASIS_UNVERIFIED,,37306000.0,2026-10-06,0.473,2026-08-03,4,OWNERSHIP_BASIS_UNVERIFIED,0,,,,,,,,REQUIRES_MORE_EVIDENCE
OPCH,1651,3.68549083576607,OK,,1259898000.0,2026-10-06,2.845,2026-07-29,4,OK,0,,,,,,,,
OPEN,1652,,OWNERSHIP_BASIS_UNVERIFIED,,914000000.0,2026-10-06,4.377,2026-08-04,4,OWNERSHIP_BASIS_UNVERIFIED,0,,,,,,,,REQUIRES_MORE_EVIDENCE
OPK,1653,0.920174398665527,OK,,1184166000.0,2026-10-06,0.933,2026-08-28,4,OK,0,,,,,,,,
OPRX,1654,1.265961277779402,OK,,131082000.0,2026-10-06,1.262,2026-08-13,4,OK,0,,,,,,,,
OPTX,1655,,OWNERSHIP_BASIS_UNVERIFIED,,30475179.0,2026-10-06,10.019,2026-08-10,4,OWNERSHIP_BASIS_UNVERIFIED,0,,,,,,,,REQUIRES_MORE_EVIDENCE
ORA,1656,2.20340566354387,OK,,2597579000.0,2026-10-06,2.542,2026-08-06,4,OK,0,,,,,,,,
ORBS,1657,1.1548201793538344,OK,,394489140.0,2026-10-06,0.751,2026-08-07,4,OK,0,,,,,,,,
ORCL,1658,,MISSING_EQUITY,,,2026-10-06,,2026-09-11,0,MISSING_EQUITY,0,,,,,,,,
ORGO,1659,,OWNERSHIP_BASIS_UNVERIFIED,,148268000.0,2026-10-06,2.092,2026-08-06,4,OWNERSHIP_BASIS_UNVERIFIED,0,,,,,,,,REQUIRES_MORE_EVIDENCE
ORIC,1660,3.2570209293272225,OK,,381256000.0,2026-10-06,2.882,2026-08-03,4,OK,0,,,,,,,,
ORKA,1661,4.763086850399216,OK,,1114549000.0,2026-10-06,6.246,2026-08-10,4,OK,0,,,,,,,,
ORLY,1662,,NEGATIVE_EQUITY,,-1835725000.0,2026-10-06,,2026-08-07,0,NEGATIVE_EQUITY,0,,,,,,,,
ORN,1663,2.3047720711009294,OK,,164457000.0,2026-10-06,2.236,2026-07-29,4,OK,0,,,,,,,,
OSIS,1664,3.8002224920004415,OK,,832961000.0,2026-10-06,3.957,2026-08-21,4,OK,0,,,,,,,,
OSK,1665,1.8018848622431953,OK,,4527300000.0,2026-10-06,2.08,2026-07-28,4,OK,0,,,,,,,,
OSPN,1666,2.4767548223359133,OK,,273480000.0,2026-10-06,2.184,2026-08-04,4,OK,0,,,,,,,,
OSS,1667,5.384786872926151,OK,,38627469.0,2026-10-06,8.471,2026-08-05,4,OK,0,,,,,,,,
OSUR,1668,0.8182207097257758,OK,,317777000.0,2026-10-06,0.879,2026-08-07,4,OK,0,,,,,,,,
OSW,1669,4.0585260236165235,OK,,582204000.0,2026-10-06,4.533,2026-07-30,4,OK,0,,,,,,,,
OTEX,1670,1.369844433780577,OK,,4014104000.0,2026-10-06,1.548,2026-08-06,4,OK,0,,,,,,,,
OTIS,1671,,NEGATIVE_EQUITY,,-5748000000.0,2026-10-06,,2026-07-23,0,NEGATIVE_EQUITY,0,,,,,,,,
OTTR,1672,1.9954027782784103,OK,,1876871000.0,2026-10-06,2.078,2026-08-05,4,OK,0,,,,,,,,
OUST,1673,,OWNERSHIP_BASIS_UNVERIFIED,,371308000.0,2026-10-06,8.852,2026-08-06,4,OWNERSHIP_BASIS_UNVERIFIED,0,,,,,,,,REQUIRES_MORE_EVIDENCE
OUT,1674,7.400277052778995,OK,,691900000.0,2026-10-06,7.93,2026-08-06,4,OK,0,,,,,,,,
OVID,1675,2.205230829195931,OK,,209890000.0,2026-10-06,2.605,2026-08-13,4,OK,0,,,,,,,,
OVV,1676,1.4729941709961274,OK,,11499000000.0,2026-10-06,1.471,2026-07-23,4,OK,0,,,,,,,,
OXM,1677,0.676372779058357,OK,,564476000.0,2026-10-06,0.819,2026-09-04,4,OK,0,,,,,,,,
OXY,1678,1.3967529746759137,OK,,41746000000.0,2026-10-06,1.289,2026-08-05,4,OWNERSHIP_BASIS_UNVERIFIED,1,PB_OWNERSHIP_BASIS_V1,ORDINARY_COMMON,2026-07-31,1.0,,999637371.0,19477a95ad8d35d9f6b5793ee6fd11129b801ca6027ea3ef15615c37e6e12ebc,SAFE_TO_RELEASE_UNDER_GENERIC_CONTRACT
PAA,1679,1.5322618152167937,OK,,11079000000.0,2026-10-06,1.481,2026-08-10,4,OK,0,,,,,,,,
PACB,1680,,NEGATIVE_EQUITY,,-33213000.0,2026-10-06,,2026-08-06,3,NEGATIVE_EQUITY,0,,,,,,,,
PACK,1681,,OWNERSHIP_BASIS_UNVERIFIED,,519900000.0,2026-10-06,0.853,2026-07-30,4,OWNERSHIP_BASIS_UNVERIFIED,0,,,,,,,,REQUIRES_MORE_EVIDENCE
PACS,1682,6.104419819129029,OK,,1110400000.0,2026-10-06,6.39,2026-08-04,4,OK,0,,,,,,,,
PAG,1683,2.2471012664923675,OK,,5815300000.0,2026-10-06,2.491,2026-07-30,4,OK,0,,,,,,,,
PAGP,1684,3.286711499027431,OK,,1580000000.0,2026-10-06,3.15,2026-08-10,4,OK,0,,,,,,,,
PAHC,1685,3.856065888785198,OK,,385477000.0,2026-10-06,3.801,2026-08-26,4,OK,0,,,,,,,,
PANL,1686,1.2273714194345333,OK,,448629000.0,2026-10-06,1.07,2026-08-10,4,OK,0,,,,,,,,
PANW,1687,,MISSING_EQUITY,,,2026-10-06,,2026-09-10,0,MISSING_EQUITY,0,,,,,,,,
PAR,1688,0.7370132420708554,OK,,813770000.0,2026-10-06,0.87,2026-08-06,4,OK,0,,,,,,,,
PARR,1689,2.237690589163535,OK,,1945827000.0,2026-10-06,1.8,2026-08-05,4,OK,0,,,,,,,,
PATH,1690,3.5036989315162965,OK,,1948551000.0,2026-10-06,3.747,2026-09-08,4,OK,0,,,,,,,,
PATK,1691,1.8923229680026519,OK,,1131076000.0,2026-10-06,2.457,2026-08-06,4,OK,0,,,,,,,,
PAY,1692,6.510285906528811,OK,,613421000.0,2026-10-06,9.157,2026-08-04,4,OK,0,,,,,,,,
PAYC,1693,17.542836466138464,OK,,571500000.0,2026-10-06,17.033,2026-08-06,4,OK,0,,,,,,,,
PAYO,1694,,OWNERSHIP_BASIS_UNVERIFIED,,653530000.0,2026-10-06,3.686,2026-08-06,4,OWNERSHIP_BASIS_UNVERIFIED,0,,,,,,,,REQUIRES_MORE_EVIDENCE
PAYS,1695,13.478065132965423,OK,,60156746.0,2026-10-06,11.638,2026-08-06,4,OK,0,,,,,,,,
PAYX,1696,,MISSING_EQUITY,,,2026-10-06,,2026-09-24,0,MISSING_EQUITY,0,,,,,,,,
PBF,1697,1.5333748724627518,OK,,6407000000.0,2026-10-06,1.352,2026-07-30,4,OK,0,,,,,,,,
PBH,1698,1.147834492236197,OK,,1916716000.0,2026-10-06,1.345,2026-08-06,4,OK,0,,,,,,,,
PBI,1699,,NEGATIVE_EQUITY,,-863279000.0,2026-10-06,,2026-07-30,0,NEGATIVE_EQUITY,0,,,,,,,,
PBYI,1700,3.539602054221042,OK,,138544000.0,2026-10-06,3.025,2026-08-06,4,OK,0,,,,,,,,
PCAR,1701,2.8316208363306563,OK,,20321300000.0,2026-10-06,3.468,2026-07-29,4,OK,0,,,,,,,,
PCG,1702,,OWNERSHIP_BASIS_UNVERIFIED,,33901000000.0,2026-10-06,1.387,2026-07-23,4,OWNERSHIP_BASIS_UNVERIFIED,0,PB_OWNERSHIP_BASIS_V1,HELD,2026-07-23,1.0,,,8b761167083607b667d1b4c00eb14b2e4cd4dd7fb9218941a40880c154ee8954,REQUIRES_MORE_EVIDENCE
PCOR,1703,6.464743041240426,OK,,1278450000.0,2026-10-06,6.51,2026-07-31,4,OK,0,,,,,,,,
PCRX,1704,1.4687731503560568,OK,,671976000.0,2026-10-06,1.638,2026-08-04,4,OK,0,,,,,,,,
PCT,1705,,OWNERSHIP_BASIS_UNVERIFIED,,15502000.0,2026-10-06,89.035,2026-08-06,4,OWNERSHIP_BASIS_UNVERIFIED,0,,,,,,,,REQUIRES_MORE_EVIDENCE
PCTY,1706,6.3490240486094445,OK,,1221417000.0,2026-10-06,6.421,2026-08-05,4,OK,0,,,,,,,,
PCVX,1707,3.598810848263789,OK,,2757942000.0,2026-10-06,3.017,2026-08-05,4,OK,0,,,,,,,,
PD,1708,5.2351645583404105,OK,,231961000.0,2026-10-06,4.282,2026-08-27,4,OK,0,,,,,,,,
PDFS,1709,6.171491110081326,OK,,372495000.0,2026-10-06,5.203,2026-08-06,4,OK,0,,,,,,,,
PDM,1710,0.7668487796961452,OK,HISTORICAL_OHLC_INCOMPLETE,1473497000.0,2026-10-06,0.817,2026-07-28,4,OK,0,,,,,,,,
PDSB,1711,,NEGATIVE_EQUITY,,-3579739.0,2026-10-06,,2026-08-13,3,NEGATIVE_EQUITY,0,,,,,,,,
PDYN,1712,,OWNERSHIP_BASIS_UNVERIFIED,,70843000.0,2026-10-06,4.102,2026-08-06,4,OWNERSHIP_BASIS_UNVERIFIED,0,,,,,,,,REQUIRES_MORE_EVIDENCE
PEB,1713,,OWNERSHIP_BASIS_UNVERIFIED,,2418368000.0,2026-10-06,0.898,2026-07-29,4,OWNERSHIP_BASIS_UNVERIFIED,0,,,,,,,,REQUIRES_MORE_EVIDENCE
PECO,1714,2.0348794841950224,OK,,2374292000.0,2026-10-06,2.36,2026-07-24,4,OK,0,,,,,,,,
PEG,1715,2.063112148713887,OK,,17329000000.0,2026-10-06,2.194,2026-08-04,4,OK,0,,,,,,,,
PEGA,1716,10.15091588292664,OK,,560384000.0,2026-10-06,9.077,2026-07-21,4,OK,0,,,,,,,,
PEN,1717,8.158278773027423,OK,,1530766000.0,2026-10-06,8.23,2026-07-30,4,OK,0,,,,,,,,
PENG,1718,7.49393286098266,OK,,439061000.0,2026-10-06,7.319,2026-07-07,4,OK,0,,,,,,,,
PENN,1719,1.1459729449057443,OK,,1861300000.0,2026-10-06,1.45,2026-08-06,4,OK,0,,,,,,,,
PEP,1720,7.76452694843807,OK,,22098000000.0,2026-10-06,8.515,2026-07-09,4,OK,0,,,,,,,,
PEPG,1721,1.3384544879400555,OK,,119533000.0,2026-10-06,1.396,2026-08-06,4,OK,0,,,,,,,,
PESI,1722,5.627428349664169,OK,,58330000.0,2026-10-06,7.068,2026-08-12,4,OK,0,,,,,,,,
PETS,1723,1.2353463003837744,OK,,22989000.0,2026-10-06,1.914,2026-08-13,4,OK,0,,,,,,,,
PEW,1724,,OWNERSHIP_BASIS_UNVERIFIED,,102564000.0,2026-10-06,0.777,2026-08-13,4,OWNERSHIP_BASIS_UNVERIFIED,0,,,,,,,,REQUIRES_MORE_EVIDENCE
PFE,1725,1.8398993273564972,OK,,85190000000.0,2026-10-06,1.7,2026-08-04,4,OK,0,,,,,,,,
PFGC,1726,3.0154200699403866,OK,,4899300000.0,2026-10-06,3.454,2026-08-12,4,OK,0,,,,,,,,
PG,1727,6.378748894194414,OK,,54081000000.0,2026-10-06,6.362,2026-08-04,4,OK,0,,,,,,,,
PGEN,1728,62.03337119377189,OK,,43576000.0,2026-10-06,53.653,2026-08-04,4,OK,0,,,,,,,,
PGNY,1729,4.38601350772833,OK,,453257000.0,2026-10-06,4.757,2026-08-07,4,OK,0,,,,,,,,
PGY,1730,,MULTI_CLASS_UNVERIFIED,,594153000.0,2026-10-06,2.477,2026-07-30,4,OWNERSHIP_BASIS_UNVERIFIED,0,PB_OWNERSHIP_BASIS_V1,HELD,2026-07-30,1.0,,,4605d6a592b81afd0445a8eaf2edb5f7e9b500536adc805db4f4224d197f5d6e,REQUIRES_MULTI_CLASS_CONTRACT
PH,1731,8.05929689091964,OK,,15404000000.0,2026-10-06,8.197,2026-08-21,4,OK,0,,,,,,,,
PHAT,1732,,NEGATIVE_EQUITY,,-344273000.0,2026-10-06,,2026-07-30,0,NEGATIVE_EQUITY,0,,,,,,,,
PHIN,1733,1.4446010158236118,OK,,1541000000.0,2026-10-06,1.737,2026-07-30,4,OK,0,,,,,,,,
PHIO,1734,,OWNERSHIP_BASIS_UNVERIFIED,,12602000.0,2026-10-06,0.977,2026-08-06,4,OWNERSHIP_BASIS_UNVERIFIED,0,,,,,,,,REQUIRES_MORE_EVIDENCE
PHM,1735,1.6723289891246502,OK,,13013731000.0,2026-10-06,1.826,2026-07-22,4,OK,0,,,,,,,,
PHR,1736,1.7109734167717714,OK,,371851000.0,2026-10-06,1.853,2026-09-03,4,OK,0,,,,,,,,
PHUN,1737,,OWNERSHIP_BASIS_UNVERIFIED,,88510000.0,2026-10-06,0.472,2026-08-10,4,OWNERSHIP_BASIS_UNVERIFIED,0,,,,,,,,REQUIRES_MORE_EVIDENCE
PI,1738,24.29724080891592,OK,,231586000.0,2026-10-06,18.379,2026-07-29,4,OK,0,,,,,,,,
PII,1739,3.5910784029369185,OK,,836500000.0,2026-10-06,4.87,2026-07-28,4,OK,0,,,,,,,,
PINS,1740,3.919713244788274,OK,,2893898000.0,2026-10-06,5.006,2026-08-04,4,OK,0,,,,,,,,
PK,1741,0.9936600428802589,OK,,3090000000.0,2026-10-06,0.962,2026-08-07,4,OK,0,,,,,,,,
PKG,1742,4.390794247343695,OK,,4661900000.0,2026-10-06,4.893,2026-08-07,4,OK,0,,,,,,,,
PL,1743,,OWNERSHIP_BASIS_UNVERIFIED,,564351000.0,2026-10-06,11.831,2026-09-03,4,OWNERSHIP_BASIS_UNVERIFIED,0,,,,,,,,REQUIRES_MORE_EVIDENCE
PLAB,1744,,MISSING_EQUITY,,,2026-10-06,,2026-09-10,0,MISSING_EQUITY,0,,,,,,,,
PLAY,1745,,MISSING_EQUITY,,,2026-10-06,,2026-09-14,0,MISSING_EQUITY,0,,,,,,,,
PLBY,1746,,OWNERSHIP_BASIS_UNVERIFIED,,22055000.0,2026-10-06,6.41,2026-08-10,4,OWNERSHIP_BASIS_UNVERIFIED,0,,,,,,,,REQUIRES_MORE_EVIDENCE
PLCE,1747,,MISSING_EQUITY,,,2026-10-06,,2026-09-14,0,MISSING_EQUITY,0,,,,,,,,
PLD,1748,2.2348366550745893,OK,,53725722000.0,2026-10-06,2.526,2026-07-29,4,OK,0,,,,,,,,
PLNT,1749,,NEGATIVE_EQUITY,,-612737000.0,2026-10-06,,2026-08-06,0,NEGATIVE_EQUITY,0,,,,,,,,
PLOW,1750,3.132808419979228,OK,,299659000.0,2026-10-06,3.237,2026-08-03,4,OK,0,,,,,,,,
PLRX,1751,0.4340930273634368,OK,,146926000.0,2026-10-06,0.434,2026-08-11,4,OK,0,,,,,,,,
PLSE,1752,35.6613035,OK,,99500000.0,2026-10-06,27.411,2026-08-06,4,OK,0,,,,,,,,
PLTK,1753,,NEGATIVE_EQUITY,,-399900000.0,2026-10-06,,2026-08-06,0,NEGATIVE_EQUITY,0,,,,,,,,
PLTR,1754,47.22184354578249,OK,,9774194000.0,2026-10-06,39.991,2026-08-04,4,OK,0,,,,,,,,
PLUG,1755,4.4671591501325105,OK,,581753000.0,2026-10-06,5.068,2026-08-10,4,OK,0,,,,,,,,
PLUS,1756,2.2915985526834146,OK,,1072035000.0,2026-10-06,2.362,2026-08-04,4,OK,0,,,,,,,,
PLXS,1757,4.753002370892861,OK,,1528752000.0,2026-10-06,4.681,2026-08-06,4,OK,0,,,,,,,,
PM,1758,,NEGATIVE_EQUITY,,-8583000000.0,2026-10-06,,2026-07-24,0,NEGATIVE_EQUITY,0,,,,,,,,
PMT,1759,,OWNERSHIP_BASIS_UNVERIFIED,,1853374000.0,2026-10-06,0.448,2026-08-04,4,OWNERSHIP_BASIS_UNVERIFIED,0,,,,,,,,REQUIRES_MORE_EVIDENCE
PMVP,1760,1.2037408971290022,OK,,71500000.0,2026-10-06,0.942,2026-08-14,4,OK,0,,,,,,,,
PNR,1761,2.2540828564720448,OK,,3749300000.0,2026-10-06,2.843,2026-07-28,4,OWNERSHIP_BASIS_UNVERIFIED,1,PB_OWNERSHIP_BASIS_V1,ORDINARY_COMMON,2026-06-30,1.0,,159637950.0,310e7af707b20cde41010a462f3b825122c879b42955a740bdc2dfc255cd047c,SAFE_TO_RELEASE_UNDER_GENERIC_CONTRACT
PNTG,1762,3.885243763629604,OK,,359203000.0,2026-10-06,3.774,2026-08-05,4,OK,0,,,,,,,,
PNW,1763,1.3195105792833242,OK,,9004988000.0,2026-10-06,1.365,2026-08-04,4,OK,0,,,,,,,,
PODD,1764,6.5701665974946515,OK,,1422200000.0,2026-10-06,6.498,2026-08-05,4,OK,0,,,,,,,,
POLA,1765,5.123593587982752,OK,NEAR_ZERO_EQUITY,857000.0,2026-10-06,7.73,2026-08-18,4,OK,0,,,,,,,,
POOL,1766,4.563943756185077,OK,,1259998000.0,2026-10-06,5.579,2026-07-29,4,OK,0,,,,,,,,
POR,1767,1.2627927973894133,OK,,4123000000.0,2026-10-06,1.407,2026-07-31,4,OK,0,,,,,,,,
POST,1768,1.047080223906903,OK,,3078000000.0,2026-10-06,1.289,2026-08-06,4,OK,0,,,,,,,,
POWI,1769,4.384293076046668,OK,,680528000.0,2026-10-06,4.842,2026-08-06,4,OK,0,,,,,,,,
POWL,1770,9.861861152982197,OK,,756184000.0,2026-10-06,10.184,2026-08-04,4,OK,0,,,,,,,,
POWW,1771,,OWNERSHIP_BASIS_UNVERIFIED,,235954979.0,2026-10-06,1.259,2026-08-10,4,OWNERSHIP_BASIS_UNVERIFIED,0,,,,,,,,REQUIRES_MORE_EVIDENCE
PPC,1772,,OWNERSHIP_BASIS_UNVERIFIED,,3749847000.0,2026-10-06,1.902,2026-07-29,4,OWNERSHIP_BASIS_UNVERIFIED,0,,,,,,,,REQUIRES_MORE_EVIDENCE
PPCB,1773,,MISSING_EQUITY,LARGE_ENDPOINT_VS_AVERAGE_SHARE_DIFFERENCE,,2026-10-06,,2026-09-25,0,MISSING_EQUITY,0,,,,,,,,
PPG,1774,2.804618649029215,OK,,8443000000.0,2026-10-06,2.944,2026-07-29,4,OK,0,,,,,,,,
PPL,1775,,OWNERSHIP_BASIS_UNVERIFIED,,15045000000.0,2026-10-06,1.774,2026-08-07,4,OWNERSHIP_BASIS_UNVERIFIED,0,,,,,,,,REQUIRES_MORE_EVIDENCE
PPSI,1776,1.4230977272844871,OK,,24763000.0,2026-10-06,1.304,2026-08-14,4,OK,0,,,,,,,,
PPTA,1777,3.583351479953568,OK,,719850000.0,2026-10-06,4.386,2026-08-14,4,OK,0,,,,,,,,
PR,1778,,OWNERSHIP_BASIS_UNVERIFIED,,12005077000.0,2026-10-06,1.415,2026-08-06,4,OWNERSHIP_BASIS_UNVERIFIED,0,,,,,,,,REQUIRES_MORE_EVIDENCE
PRAX,1779,5.832400612734705,OK,,1341044000.0,2026-10-06,7.707,2026-08-06,4,OK,0,,,,,,,,
PRCT,1780,2.9489863328105983,OK,,340070000.0,2026-10-06,3.257,2026-08-05,4,OK,0,,,,,,,,
PRDO,1781,1.9413615221432243,OK,,1033409000.0,2026-10-06,1.965,2026-08-06,4,OK,0,,,,,,,,
PRG,1782,,OWNERSHIP_BASIS_UNVERIFIED,,805340000.0,2026-10-06,2.116,2026-07-29,4,OWNERSHIP_BASIS_UNVERIFIED,0,,,,,,,,REQUIRES_MORE_EVIDENCE
PRGO,1783,0.7722272954924875,OK,,2515800000.0,2026-10-06,0.732,2026-08-05,4,OK,0,,,,,,,,
PRGS,1784,,MISSING_EQUITY,,,2026-10-06,,2026-09-30,0,MISSING_EQUITY,0,,,,,,,,
PRIM,1785,2.8476205508954053,OK,,1606300000.0,2026-10-06,2.795,2026-08-05,4,OK,0,,,,,,,,
PRKS,1786,,NEGATIVE_EQUITY,,-617021000.0,2026-10-06,,2026-08-07,0,NEGATIVE_EQUITY,0,,,,,,,,
PRLB,1787,3.3641912572603383,OK,,691733000.0,2026-10-06,2.595,2026-07-31,4,OK,0,,,,,,,,
PRLD,1788,2.2735695249759442,OK,,133733000.0,2026-10-06,3.175,2026-08-11,4,OK,0,,,,,,,,
PRM,1789,4.585588618868826,OK,,1021618000.0,2026-10-06,4.904,2026-07-31,4,OK,0,,,,,,,,
PRMB,1790,2.336905072173419,OK,,2980200000.0,2026-10-06,3.079,2026-08-05,4,OK,0,,,,,,,,
PRME,1791,15.946620010550378,OK,,39809000.0,2026-10-06,13.441,2026-08-06,4,OK,0,,,,,,,,
PROF,1792,6.249392449854184,OK,,35542362.0,2026-10-06,8.161,2026-08-06,4,OK,0,,,,,,,,
PROK,1793,,NEGATIVE_EQUITY,LARGE_ENDPOINT_VS_AVERAGE_SHARE_DIFFERENCE,-883532000.0,2026-10-06,,2026-08-10,0,NEGATIVE_EQUITY,0,,,,,,,,
PROP,1794,0.19982515735315964,OK,,222971000.0,2026-10-06,0.506,2026-08-14,4,OK,0,,,,,,,,
PRPL,1795,,NEGATIVE_EQUITY,,-63767000.0,2026-10-06,,2026-08-11,0,NEGATIVE_EQUITY,0,,,,,,,,
PRSO,1796,1.3815650192385882,OK,,4925000.0,2026-10-06,2.104,2026-08-13,4,OK,0,,,,,,,,
PRSU,1797,2.6809016668832197,OK,,536252000.0,2026-10-06,2.547,2026-08-05,4,OK,0,,,,,,,,
PRTA,1798,1.435118407270363,OK,,286891000.0,2026-10-06,1.535,2026-08-06,4,OK,0,,,,,,,,
PRTH,1799,,NEGATIVE_EQUITY,,-79166000.0,2026-10-06,,2026-08-06,0,NEGATIVE_EQUITY,0,,,,,,,,
PRVA,1800,3.3112025831435616,OK,,782329000.0,2026-10-06,3.592,2026-08-06,4,OK,0,,,,,,,,
PSA,1801,5.462434466175822,OK,,9190280000.0,2026-10-06,6.295,2026-07-29,4,OWNERSHIP_BASIS_UNVERIFIED,1,PB_OWNERSHIP_BASIS_V1,ORDINARY_COMMON,2026-07-21,1.0,,175621134.0,773179ef8935546bac327efdb7fdb0306813658577eb6908f4e01e6d39b8b815,SAFE_TO_RELEASE_UNDER_GENERIC_CONTRACT
PSIX,1802,5.444122291739795,OK,,203068000.0,2026-10-06,3.751,2026-08-06,4,OK,0,,,,,,,,
PSKY,1803,,OWNERSHIP_BASIS_UNVERIFIED,,11771000000.0,2026-10-06,0.799,2026-08-04,4,OWNERSHIP_BASIS_UNVERIFIED,0,,,,,,,,REQUIRES_MORE_EVIDENCE
PSMT,1804,3.8121083245715335,OK,,1392408000.0,2026-10-06,4.191,2026-07-08,4,OK,0,,,,,,,,
PSN,1805,1.7087764907177088,OK,,2631419000.0,2026-10-06,1.637,2026-07-29,4,OK,0,,,,,,,,
PSNL,1806,7.280127323381225,OK,,235161000.0,2026-10-06,6.14,2026-08-04,4,OK,0,,,,,,,,
PSQH,1807,,OWNERSHIP_BASIS_UNVERIFIED,,4186691.0,2026-10-06,3.859,2026-08-04,4,OWNERSHIP_BASIS_UNVERIFIED,0,,,,,,,,REQUIRES_MORE_EVIDENCE
PSTL,1808,2.0511725357268746,OK,,334612000.0,2026-10-06,2.089,2026-08-04,4,OK,0,,,,,,,,
PSX,1809,3.416868416721975,OK,,31506000000.0,2026-10-06,2.565,2026-08-05,4,OK,0,,,,,,,,
PTC,1810,6.035521470322154,OK,,3469743000.0,2026-10-06,4.291,2026-07-31,4,OK,0,,,,,,,,
PTCT,1811,,NEGATIVE_EQUITY,,-165363000.0,2026-10-06,,2026-07-30,0,NEGATIVE_EQUITY,0,,,,,,,,
PTEN,1812,1.403798524245901,OK,,3099876000.0,2026-10-06,1.241,2026-08-04,4,OK,0,,,,,,,,
PTGX,1813,10.664211103448322,OK,,841543000.0,2026-10-06,10.559,2026-08-05,4,OK,0,,,,,,,,
PTIX,1814,,NEGATIVE_EQUITY,,-4700565.0,2026-10-06,,2025-11-26,1,NEGATIVE_EQUITY,0,,,,,,,,
PTLO,1815,0.5978847293932893,OK,,480135000.0,2026-10-06,0.739,2026-08-05,4,OK,0,,,,,,,,
PTON,1816,,NEGATIVE_EQUITY,,-139700000.0,2026-10-06,,2026-08-06,0,NEGATIVE_EQUITY,0,,,,,,,,
PUBM,1817,3.501238383122086,OK,,238728000.0,2026-10-06,2.572,2026-08-06,4,OK,0,,,,,,,,
PUMP,1818,1.2225624944120697,OK,,957425000.0,2026-10-06,1.388,2026-07-30,4,OK,0,,,,,,,,
PVH,1819,0.7530133298600902,OK,,4792000000.0,2026-10-06,0.696,2026-09-02,4,OK,0,,,,,,,,
PVLA,1820,8.504180423946474,OK,,216867000.0,2026-10-06,10.098,2026-08-04,4,OK,0,,,,,,,,
PWR,1821,11.224501195382864,OK,,9637942000.0,2026-10-06,10.264,2026-07-30,4,OK,0,,,,,,,,
PYXS,1822,14.727645053244554,OK,LARGE_ENDPOINT_VS_AVERAGE_SHARE_DIFFERENCE,11440000.0,2026-10-06,21.946,2026-08-13,4,OK,0,,,,,,,,
PZZA,1823,,NEGATIVE_EQUITY,,-453054000.0,2026-10-06,,2026-08-06,0,NEGATIVE_EQUITY,0,,,,,,,,
QBTS,1824,,OWNERSHIP_BASIS_UNVERIFIED,,1083110000.0,2026-10-06,6.673,2026-08-06,4,OWNERSHIP_BASIS_UNVERIFIED,0,,,,,,,,REQUIRES_MORE_EVIDENCE
QCLS,1825,0.3511916209813477,OK,,16090897.0,2026-10-06,1.471,2026-08-12,4,OK,0,,,,,,,,
QCOM,1826,6.872568469096165,OK,,27658000000.0,2026-10-06,5.91,2026-07-29,4,OK,0,,,,,,,,
QDEL,1827,0.48565727447317625,OK,,1774900000.0,2026-10-06,0.631,2026-08-06,4,OK,0,,,,,,,,
QLYS,1828,12.302197342600081,OK,,562223000.0,2026-10-06,9.91,2026-08-04,4,OK,0,,,,,,,,
QMCO,1829,,NEGATIVE_EQUITY,LARGE_ENDPOINT_VS_AVERAGE_SHARE_DIFFERENCE,-27825000.0,2026-10-06,,2026-08-10,0,NEGATIVE_EQUITY,0,,,,,,,,
QNCX,1830,,NEGATIVE_EQUITY,LARGE_ENDPOINT_VS_AVERAGE_SHARE_DIFFERENCE,-35324000.0,2026-10-06,,2026-08-14,2,NEGATIVE_EQUITY,0,,,,,,,,
QNRX,1831,,NEWER_SHARE_COUNT_REQUIRED,,3932671.0,2026-10-06,4.549,2026-08-14,3,OWNERSHIP_BASIS_UNVERIFIED,0,PB_OWNERSHIP_BASIS_V1,HELD,2026-08-14,0.05,,,7649eba6e34baa5d4c77b5e076c22ede2b0792c8aa641eb221b2a8f6d201efa3,REQUIRES_NEWER_SHARE_COUNT
QNST,1832,2.6538505729392377,OK,,323092000.0,2026-10-06,3.477,2026-08-26,4,OK,0,,,,,,,,
QRVO,1833,2.901060270043669,OK,,3471925000.0,2026-10-05,2.332,2026-07-28,4,OK,0,,,,,,,,
QS,1834,,OWNERSHIP_BASIS_UNVERIFIED,,1047972000.0,2026-10-06,2.886,2026-07-24,4,OWNERSHIP_BASIS_UNVERIFIED,0,,,,,,,,REQUIRES_MORE_EVIDENCE
QSI,1835,,OWNERSHIP_BASIS_UNVERIFIED,,180201000.0,2026-10-06,0.96,2026-08-13,4,OWNERSHIP_BASIS_UNVERIFIED,0,,,,,,,,REQUIRES_MORE_EVIDENCE
QSR,1836,6.36279629625257,OK,,3850000000.0,2026-10-06,6.606,2026-08-06,4,OK,0,,,,,,,,
QTRX,1837,0.6858343857230279,OK,,237212000.0,2026-10-06,0.482,2026-08-10,4,OK,0,,,,,,,,
QTTB,1838,2.2796880132143427,OK,LARGE_ENDPOINT_VS_AVERAGE_SHARE_DIFFERENCE,105905000.0,2026-10-06,4.635,2026-08-05,3,OK,0,,,,,,,,
QTWO,1839,5.5643549853216285,OK,,643454000.0,2026-10-06,5.855,2026-07-29,4,OK,0,,,,,,,,
QUAD,1840,3.8750733235592296,OK,,124700000.0,2026-10-06,3.834,2026-07-29,4,OK,0,,,,,,,,
QUBT,1841,1.1174898825785353,OK,,1592038000.0,2026-10-06,1.27,2026-08-10,4,OK,0,,,,,,,,
QUIK,1842,6.737007134771672,OK,,31241000.0,2026-10-06,7.669,2026-08-12,4,OK,0,,,,,,,,
QURE,1843,4.936242628218914,OK,,324050000.0,2026-10-06,8.577,2026-07-29,4,OK,0,,,,,,,,
QXO,1844,,OWNERSHIP_BASIS_UNVERIFIED,LARGE_ENDPOINT_VS_AVERAGE_SHARE_DIFFERENCE,10378000000.0,2026-10-06,1.451,2026-08-14,4,OWNERSHIP_BASIS_UNVERIFIED,0,,,,,,,,REQUIRES_MORE_EVIDENCE
R,1845,3.145668546490027,OK,,2879000000.0,2026-10-06,3.568,2026-07-23,4,OK,0,,,,,,,,
RAIL,1846,5.97835542865611,OK,,36201000.0,2026-10-06,7.464,2026-08-03,1,OK,0,,,,,,,,
RAMP,1847,2.341864324389967,OK,,977397000.0,2026-10-06,2.351,2026-08-05,4,OK,0,,,,,,,,
RARE,1848,,NEGATIVE_EQUITY,,-298000000.0,2026-10-06,,2026-08-05,1,NEGATIVE_EQUITY,0,,,,,,,,
RBA,1849,2.6958926283132865,OK,,5567900000.0,2026-10-06,3.694,2026-08-04,4,OK,0,,,,,,,,
RBBN,1850,0.8062656777080771,OK,,392572000.0,2026-10-06,0.975,2026-07-31,4,OK,0,,,,,,,,
RBC,1851,,OWNERSHIP_BASIS_UNVERIFIED,,3462000000.0,2026-10-06,5.042,2026-07-31,4,OWNERSHIP_BASIS_UNVERIFIED,0,,,,,,,,REQUIRES_MORE_EVIDENCE
RBLX,1852,214.1247950855662,OK,,152000000.0,2026-10-06,228.741,2026-07-30,4,OK,0,,,,,,,,
RCEL,1853,,NEGATIVE_EQUITY,,-27838000.0,2026-10-06,,2026-08-06,0,NEGATIVE_EQUITY,0,,,,,,,,
RCKT,1854,,OWNERSHIP_BASIS_UNVERIFIED,,368830000.0,2026-10-06,1.083,2026-08-10,4,OWNERSHIP_BASIS_UNVERIFIED,0,,,,,,,,REQUIRES_MORE_EVIDENCE
RCL,1855,7.545409582946503,OK,,10236000000.0,2026-10-06,8.426,2026-07-28,4,OK,0,,,,,,,,
RCUS,1856,6.663048398088127,OK,,464000000.0,2026-10-06,7.602,2026-08-05,4,OK,0,,,,,,,,
RDDT,1857,8.721873444730939,OK,,3285700000.0,2026-10-06,8.237,2026-07-31,4,OK,0,,,,,,,,
RDNT,1858,5.045966146905563,OK,,1096092000.0,2026-10-06,5.549,2026-08-10,4,OK,0,,,,,,,,
RDNW,1859,,NEGATIVE_EQUITY,,-8900000.0,2026-10-06,,2026-08-11,0,NEGATIVE_EQUITY,0,,,,,,,,
RDVT,1860,11.21729684649832,OK,,111612000.0,2026-10-06,9.439,2026-08-10,4,OK,0,,,,,,,,
RDW,1861,,OWNERSHIP_BASIS_UNVERIFIED,,1629857000.0,2026-10-06,1.815,2026-08-06,4,OWNERSHIP_BASIS_UNVERIFIED,0,,,,,,,,REQUIRES_MORE_EVIDENCE
REAL,1862,,NEGATIVE_EQUITY,,-377730000.0,2026-10-06,,2026-08-06,0,NEGATIVE_EQUITY,0,,,,,,,,
REBN,1863,,MISSING_EQUITY,,,2026-10-06,,2026-09-14,0,MISSING_EQUITY,0,,,,,,,,
REFI,1864,0.8323847797970619,OK,,301648038.0,2026-10-06,0.869,2026-08-11,4,OK,0,,,,,,,,
REG,1865,,OWNERSHIP_BASIS_UNVERIFIED,,6874951000.0,2026-10-06,2.139,2026-08-03,4,OWNERSHIP_BASIS_UNVERIFIED,0,,,,,,,,REQUIRES_MORE_EVIDENCE
REGN,1866,2.398345885678355,OK,,31711400000.0,2026-10-06,2.397,2026-07-30,4,OK,0,,,,,,,,
REKR,1867,1.3066373029171787,OK,,34129000.0,2026-10-06,2.861,2026-08-13,4,OK,0,,,,,,,,
RELY,1868,4.358236616031724,OK,,1126848000.0,2026-10-06,4.522,2026-08-05,4,OK,0,,,,,,,,
RENT,1869,,MISSING_EQUITY,,,2026-10-06,,2026-09-11,0,MISSING_EQUITY,0,,,,,,,,
REPL,1870,11.817030152870462,OK,,105645000.0,2026-10-06,13.351,2026-08-14,4,OK,0,,,,,,,,
RES,1871,1.2074945222268123,OK,,1108749000.0,2026-10-06,1.084,2026-07-30,4,OK,0,,,,,,,,
REVB,1872,,OWNERSHIP_BASIS_UNVERIFIED,,10066986.0,2026-10-06,0.443,2026-08-06,4,OWNERSHIP_BASIS_UNVERIFIED,0,,,,,,,,REQUIRES_MORE_EVIDENCE
REX,1873,2.168957345411152,OK,,673621000.0,2026-10-06,2.05,2026-09-03,4,OK,0,,,,,,,,
REXR,1874,,OWNERSHIP_BASIS_UNVERIFIED,,7541567000.0,2026-10-06,1.145,2026-07-28,4,OWNERSHIP_BASIS_UNVERIFIED,0,,,,,,,,REQUIRES_MORE_EVIDENCE
REYN,1875,2.0367336164119902,OK,,2310000000.0,2026-10-06,2.345,2026-07-29,4,OK,0,,,,,,,,
REZI,1876,0.9557393224700718,OK,,3006000000.0,2026-10-06,1.299,2026-08-12,4,OK,0,,,,,,,,
RGEN,1877,4.672435229440449,OK,,2112032000.0,2026-10-06,3.774,2026-07-29,4,OK,0,,,,,,,,
RGLD,1878,2.6171026891355824,OK,,7587006000.0,2026-10-06,2.436,2026-08-06,4,OK,0,,,,,,,,
RGNX,1879,6.8528985969342,OK,,71765000.0,2026-10-06,10.376,2026-08-06,4,OK,0,,,,,,,,
RGP,1880,0.748624535623123,OK,,169774000.0,2026-10-06,0.765,2026-07-24,4,OK,0,,,,,,,,
RGR,1881,2.4067210000962196,OK,,289793000.0,2026-10-06,2.084,2026-07-29,4,OK,0,,,,,,,,
RGTI,1882,,OWNERSHIP_BASIS_UNVERIFIED,,537434000.0,2026-10-06,10.266,2026-08-06,4,OWNERSHIP_BASIS_UNVERIFIED,0,,,,,,,,REQUIRES_MORE_EVIDENCE
RH,1883,,MISSING_EQUITY,,,2026-10-06,,2026-09-10,0,MISSING_EQUITY,0,,,,,,,,
RHI,1884,2.853887199391463,OK,,1207659000.0,2026-10-06,3.474,2026-08-04,4,OK,0,,,,,,,,
RHP,1885,10.198502171166833,OK,,748321000.0,2026-10-06,10.193,2026-08-07,4,OK,0,,,,,,,,
RIG,1886,0.7205678094998786,OK,,8370000000.0,2026-10-06,0.702,2026-08-07,4,OK,0,,,,,,,,
RIGL,1887,2.024645035849778,OK,,425422000.0,2026-10-06,1.699,2026-08-04,4,OK,0,,,,,,,,
RIME,1888,0.8287870546458971,OK,,3280000.0,2026-10-06,1.968,2026-08-14,3,OK,0,,,,,,,,
RITM,1889,,OWNERSHIP_BASIS_UNVERIFIED,,8516862000.0,2026-10-06,0.672,2026-08-04,4,OWNERSHIP_BASIS_UNVERIFIED,0,,,,,,,,REQUIRES_MORE_EVIDENCE
RIVN,1890,4.11446495744007,OK,,5106000000.0,2026-10-06,4.772,2026-07-30,4,OK,0,,,,,,,,
RKLB,1891,,OWNERSHIP_BASIS_UNVERIFIED,,3492153000.0,2026-10-06,13.714,2026-08-10,4,OWNERSHIP_BASIS_UNVERIFIED,0,,,,,,,,REQUIRES_MORE_EVIDENCE
RL,1892,8.071055574729746,OK,,2721600000.0,2026-10-06,8.666,2026-08-06,4,OK,0,,,,,,,,
RLAY,1893,4.614238861385066,OK,,890009000.0,2026-10-06,4.863,2026-08-06,4,OK,0,,,,,,,,
RLJ,1894,,OWNERSHIP_BASIS_UNVERIFIED,,2151929000.0,2026-10-06,0.788,2026-08-07,4,OWNERSHIP_BASIS_UNVERIFIED,0,,,,,,,,REQUIRES_MORE_EVIDENCE
RLMD,1895,1.6938416556962037,OK,,206558323.0,2026-10-06,2.773,2026-08-06,4,OK,0,,,,,,,,
RMAX,1896,,STALE_PRICE,,443927000.0,2026-08-24,0.517,2026-08-06,4,STALE_PRICE,0,,,,,,,,
RMBS,1897,8.437124027515425,OK,,1466659000.0,2026-10-06,6.489,2026-07-28,4,OK,0,,,,,,,,
RMD,1898,4.834190117935024,OK,,6585393000.0,2026-10-06,4.967,2026-08-13,4,OK,0,,,,,,,,
RMNI,1899,,NEGATIVE_EQUITY,,-16668000.0,2026-10-06,,2026-07-30,0,NEGATIVE_EQUITY,0,,,,,,,,
RMR,1900,2.5227907070789564,OK,LARGE_ENDPOINT_VS_AVERAGE_SHARE_DIFFERENCE,224186000.0,2026-10-06,2.712,2026-08-05,4,OK,0,,,,,,,,
RMTI,1901,0.8788102503740942,OK,,35085000.0,2026-10-06,0.899,2026-08-13,4,OK,0,,,,,,,,
RNAZ,1902,,NEGATIVE_EQUITY,LARGE_ENDPOINT_VS_AVERAGE_SHARE_DIFFERENCE,-27694917.0,2026-10-06,,2026-08-14,3,NEGATIVE_EQUITY,0,,,,,,,,
RNG,1903,,NEGATIVE_EQUITY,,-610359000.0,2026-10-06,,2026-07-23,0,NEGATIVE_EQUITY,0,,,,,,,,
RNGR,1904,1.209117368843964,OK,,302900000.0,2026-10-06,1.123,2026-07-28,4,OK,0,,,,,,,,
ROAD,1905,5.1202024570199915,OK,,1040736000.0,2026-10-06,6.53,2026-08-07,4,OK,0,,,,,,,,
ROCK,1906,1.3596406727719836,OK,,890752000.0,2026-10-06,1.828,2026-08-05,4,OK,0,,,,,,,,
ROG,1907,2.3227204864776807,OK,,1204700000.0,2026-10-06,1.732,2026-07-29,4,OK,0,,,,,,,,
ROIV,1908,,OWNERSHIP_BASIS_UNVERIFIED,,4231273000.0,2026-10-06,5.995,2026-08-06,4,OWNERSHIP_BASIS_UNVERIFIED,0,,,,,,,,REQUIRES_MORE_EVIDENCE
ROK,1909,14.325723851110553,OK,,3494000000.0,2026-10-06,14.151,2026-08-04,4,OK,0,,,,,,,,
ROKU,1910,7.993260754490957,OK,,2823452000.0,2026-10-06,7.889,2026-08-06,4,OK,0,,,,,,,,
ROL,1911,10.214601174276671,OK,,1429597000.0,2026-10-06,13.274,2026-07-23,4,OK,0,,,,,,,,
ROP,1912,1.9160018027513672,OK,,18700300000.0,2026-10-06,2.073,2026-07-31,4,OK,0,,,,,,,,
ROST,1913,10.621775104737726,OK,,6743184000.0,2026-10-06,10.86,2026-09-01,4,OK,0,,,,,,,,
RPAY,1914,,OWNERSHIP_BASIS_UNVERIFIED,,472543000.0,2026-10-06,0.771,2026-08-10,4,OWNERSHIP_BASIS_UNVERIFIED,0,,,,,,,,REQUIRES_MORE_EVIDENCE
RPD,1915,4.204316555095801,OK,,196704000.0,2026-10-06,3.978,2026-08-10,4,OK,0,,,,,,,,
RPID,1916,2.6651150687851963,OK,,17748000.0,2026-10-06,4.889,2026-08-07,4,OK,0,,,,,,,,
RPM,1917,3.792279256118335,OK,,3311533000.0,2026-10-06,4.144,2026-07-22,4,OK,0,,,,,,,,
RPRX,1918,3.316371923818335,OK,LARGE_ENDPOINT_VS_AVERAGE_SHARE_DIFFERENCE,9785714000.0,2026-10-06,3.393,2026-08-05,4,OK,0,,,,,,,,
RPT,1919,,OWNERSHIP_BASIS_UNVERIFIED,,285300000.0,2026-10-06,0.336,2026-07-31,4,OWNERSHIP_BASIS_UNVERIFIED,0,,,,,,,,REQUIRES_MORE_EVIDENCE
RR,1920,1.0186408424800297,OK,,369041000.0,2026-10-06,0.994,2026-08-19,4,OK,0,,,,,,,,
RRC,1921,1.9860592053791766,OK,,4708749000.0,2026-10-06,1.873,2026-07-21,4,OK,0,,,,,,,,
RRGB,1922,,NEGATIVE_EQUITY,,-105590000.0,2026-10-06,,2026-08-12,0,NEGATIVE_EQUITY,0,,,,,,,,
RRR,1923,31.952373632600725,OK,LARGE_ENDPOINT_VS_AVERAGE_SHARE_DIFFERENCE,171070000.0,2026-10-06,37.987,2026-08-07,4,OK,0,,,,,,,,
RRX,1924,1.6019410071237727,OK,,6915500000.0,2026-10-06,1.764,2026-08-05,4,OK,0,,,,,,,,
RS,1925,2.76942414218339,OK,,7401500000.0,2026-10-06,2.858,2026-07-28,4,OK,0,,,,,,,,
RSG,1926,5.465107760787744,OK,,12032000000.0,2026-10-06,5.461,2026-08-07,4,OK,0,,,,,,,,
RSI,1927,,OWNERSHIP_BASIS_UNVERIFIED,LARGE_ENDPOINT_VS_AVERAGE_SHARE_DIFFERENCE,185076000.0,2026-10-06,33.512,2026-07-30,4,OWNERSHIP_BASIS_UNVERIFIED,0,,,,,,,,REQUIRES_MORE_EVIDENCE
RTX,1928,3.7216291963344355,OK,,66377000000.0,2026-10-06,4.247,2026-07-23,4,OWNERSHIP_BASIS_UNVERIFIED,1,PB_OWNERSHIP_BASIS_V1,ORDINARY_COMMON,2026-06-30,1.0,,1347758144.0,4f1ac0d6bda110c8eca26f7ab2ccb556cd540bcfbd20a9817ec04ac213bdd209,SAFE_TO_RELEASE_UNDER_GENERIC_CONTRACT
RUM,1929,,OWNERSHIP_BASIS_UNVERIFIED,LARGE_ENDPOINT_VS_AVERAGE_SHARE_DIFFERENCE,1336981743.0,2026-10-06,2.303,2026-08-10,4,OWNERSHIP_BASIS_UNVERIFIED,0,,,,,,,,REQUIRES_MORE_EVIDENCE
RUN,1930,0.5361994283078024,OK,,3490084000.0,2026-10-06,0.724,2026-08-05,4,OK,0,,,,,,,,
RUSHA,1931,,OWNERSHIP_BASIS_UNVERIFIED,,2331388000.0,2026-10-06,2.673,2026-08-07,4,OWNERSHIP_BASIS_UNVERIFIED,0,,,,,,,,REQUIRES_MORE_EVIDENCE
RVLV,1932,2.8015089562998283,OK,,538182000.0,2026-10-06,3.483,2026-08-04,4,OK,0,,,,,,,,
RVMD,1933,,OWNERSHIP_BASIS_UNVERIFIED,,2606238000.0,2026-10-06,16.226,2026-08-05,4,OWNERSHIP_BASIS_UNVERIFIED,0,,,,,,,,REQUIRES_MORE_EVIDENCE
RVTY,1934,2.366408671286917,OK,,7228758000.0,2026-10-06,1.786,2026-08-11,4,OK,0,,,,,,,,
RXO,1935,3.1254925923734262,OK,,1506000000.0,2026-10-06,2.217,2026-08-06,4,OK,0,,,,,,,,
RXRX,1936,2.736951097886992,OK,,915003000.0,2026-10-06,1.874,2026-08-05,4,OK,0,,,,,,,,
RXST,1937,0.7344446129210982,OK,,263340000.0,2026-10-06,0.993,2026-08-05,4,OK,0,,,,,,,,
RXT,1938,,NEGATIVE_EQUITY,,-1281100000.0,2026-10-06,,2026-08-10,0,NEGATIVE_EQUITY,0,,,,,,,,
RYAM,1939,,OWNERSHIP_BASIS_UNVERIFIED,,194754000.0,2026-10-06,3.359,2026-08-05,4,OWNERSHIP_BASIS_UNVERIFIED,0,,,,,,,,REQUIRES_MORE_EVIDENCE
RYN,1940,1.0327773134005236,OK,,5212152000.0,2026-10-06,1.244,2026-08-07,4,OK,0,,,,,,,,
RYTM,1941,60.6867468612114,OK,,102983000.0,2026-10-06,70.722,2026-08-04,4,OK,0,,,,,,,,
RZLT,1942,,MISSING_EQUITY,,,2026-10-06,,2026-09-24,0,MISSING_EQUITY,0,,,,,,,,
S,1943,6.199269696914608,OK,,1448504000.0,2026-10-06,5.176,2026-08-28,4,OK,0,,,,,,,,
SABR,1944,,NEGATIVE_EQUITY,,-1070334000.0,2026-10-06,,2026-08-06,0,NEGATIVE_EQUITY,0,,,,,,,,
SABS,1945,,OWNERSHIP_BASIS_UNVERIFIED,,214785000.0,2026-10-06,1.631,2026-08-06,4,OWNERSHIP_BASIS_UNVERIFIED,0,,,,,,,,REQUIRES_MORE_EVIDENCE
SAFE,1946,,OWNERSHIP_BASIS_UNVERIFIED,,2439146000.0,2026-10-06,0.47,2026-07-31,4,OWNERSHIP_BASIS_UNVERIFIED,0,,,,,,,,REQUIRES_MORE_EVIDENCE
SAH,1947,1.880365563572543,OK,,1025600000.0,2026-10-06,3.093,2026-07-30,4,OK,0,,,,,,,,
SAIA,1948,3.3422453613601566,OK,,2726728000.0,2026-10-06,3.43,2026-07-30,4,OK,0,,,,,,,,
SAIC,1949,3.635115732044762,OK,,1436000000.0,2026-10-06,3.741,2026-08-31,4,OK,0,,,,,,,,
SAM,1950,2.4537676283392735,OK,,714572000.0,2026-10-06,2.513,2026-07-23,4,OK,0,,,,,,,,
SANA,1951,5.326081412388075,OK,,154568000.0,2026-10-06,6.992,2026-08-10,4,OK,0,,,,,,,,
SANM,1952,4.429569008643841,OK,,2759625000.0,2026-10-06,4.057,2026-07-27,4,OK,0,,,,,,,,
SATL,1953,,OWNERSHIP_BASIS_UNVERIFIED,,33882000.0,2026-10-06,22.869,2026-08-06,2,OWNERSHIP_BASIS_UNVERIFIED,0,,,,,,,,REQUIRES_MORE_EVIDENCE
SBAC,1954,,NEGATIVE_EQUITY,,-4629854000.0,2026-10-06,,2026-08-06,0,NEGATIVE_EQUITY,0,,,,,,,,
SBFM,1955,,OWNERSHIP_BASIS_UNVERIFIED,LARGE_ENDPOINT_VS_AVERAGE_SHARE_DIFFERENCE,27538002.0,2026-10-06,0.169,2026-08-13,4,OWNERSHIP_BASIS_UNVERIFIED,0,,,,,,,,REQUIRES_MORE_EVIDENCE
SBGI,1956,2.4664264746281974,OK,,380000000.0,2026-10-06,2.647,2026-08-05,4,OK,0,,,,,,,,
SBH,1957,1.746808842660185,OK,HISTORICAL_OHLC_INCOMPLETE,871474000.0,2026-10-06,1.733,2026-08-03,4,OK,0,,,,,,,,
SBRA,1958,,OWNERSHIP_BASIS_UNVERIFIED,,2750723000.0,2026-10-06,1.914,2026-08-03,4,OWNERSHIP_BASIS_UNVERIFIED,0,,,,,,,,REQUIRES_MORE_EVIDENCE
SBUX,1959,,NEGATIVE_EQUITY,,-7674300000.0,2026-10-06,,2026-07-29,0,NEGATIVE_EQUITY,0,,,,,,,,
SCCO,1960,13.490966710821477,OK,,12632200000.0,2026-10-06,12.068,2026-07-31,4,OK,0,,,,,,,,
SCHL,1961,,MISSING_EQUITY,,,2026-10-06,,2026-09-25,0,MISSING_EQUITY,0,,,,,,,,
SCI,1962,6.853363628339754,OK,,1537251000.0,2026-10-06,7.562,2026-07-30,4,OK,0,,,,,,,,
SCL,1963,1.170156212491241,OK,,1212046000.0,2026-10-06,1.205,2026-08-05,4,OK,0,,,,,,,,
SCLX,1964,,NEGATIVE_EQUITY,,-308322000.0,2026-10-06,,2026-08-14,0,NEGATIVE_EQUITY,0,,,,,,,,
SCNI,1965,0.05927608997787808,OK,,11732000.0,2026-10-06,0.139,2026-08-26,4,OWNERSHIP_BASIS_UNVERIFIED,1,PB_OWNERSHIP_BASIS_V1,ADR_FACTOR,2026-06-30,0.0,2.5e-05,570022.1896,116d3cb4f1c74410f5bdac8b6e4fc793c636444b038512424b599c57c5cb27aa,REQUIRES_ADR_FACTOR_CONTRACT
SCSC,1966,1.3477313542697533,OK,,910792000.0,2026-10-06,1.247,2026-08-20,4,OK,0,,,,,,,,
SD,1967,0.9400662294162903,OK,,542681000.0,2026-10-06,0.918,2026-08-06,4,OK,0,,,,,,,,
SDGR,1968,6.571950718831447,OK,,328956000.0,2026-10-06,3.729,2026-08-05,4,OK,0,,,,,,,,
SDRL,1969,,OWNERSHIP_BASIS_UNVERIFIED,,2864000000.0,2026-10-06,1.021,2026-08-10,4,OWNERSHIP_BASIS_UNVERIFIED,0,PB_OWNERSHIP_BASIS_V1,HELD,2026-08-10,1.0,,,514004178b64cc690afe33729b68fc660344f56a785db90ae30ec2908ee80cc7,REQUIRES_OFFICIAL_IDENTITY_OVERRIDE
SDST,1970,,NEGATIVE_EQUITY,LARGE_ENDPOINT_VS_AVERAGE_SHARE_DIFFERENCE,-8240860.0,2026-10-06,,2026-08-13,0,NEGATIVE_EQUITY,0,,,,,,,,
SEAT,1971,,NEGATIVE_EQUITY,,-105079000.0,2026-10-06,,2026-08-04,1,NEGATIVE_EQUITY,0,,,,,,,,
SEB,1972,0.7180294840939223,OK,,5486000000.0,2026-10-06,0.767,2026-08-04,4,OK,0,,,,,,,,
SEDG,1973,5.082292532483601,OK,,412085000.0,2026-10-06,5.061,2026-08-05,4,OK,0,,,,,,,,
SEER,1974,0.537330361655495,OK,,225680000.0,2026-10-06,0.53,2026-08-11,4,OK,0,,,,,,,,
SEGG,1975,,OWNERSHIP_BASIS_UNVERIFIED,LARGE_ENDPOINT_VS_AVERAGE_SHARE_DIFFERENCE;HISTORICAL_PRICE_MISMATCH,23277057.0,2026-10-06,0.77,2026-07-10,4,OWNERSHIP_BASIS_UNVERIFIED,0,PB_OWNERSHIP_BASIS_V1,HELD,2026-07-10,1.0,,,94d6f7fe1ab57ba10f96aec62f5098997c21ffbef9d9b87fd725dad23953c020,MUST_REMAIN_HELD
SEI,1976,6.765525034743624,OK,,901976000.0,2026-10-06,4.839,2026-08-06,4,OK,0,,,,,,,,
SERA,1977,1.3619300003183374,OK,,59380000.0,2026-10-06,1.342,2026-08-12,4,OK,0,,,,,,,,
SERV,1978,1.1756799663897575,OK,,351792000.0,2026-10-06,1.4,2026-08-06,4,OK,0,,,,,,,,
SES,1979,,OWNERSHIP_BASIS_UNVERIFIED,,187059000.0,2026-10-06,1.11,2026-08-11,4,OWNERSHIP_BASIS_UNVERIFIED,0,,,,,,,,REQUIRES_MORE_EVIDENCE
SFIX,1980,,MISSING_EQUITY,,,2026-10-06,,2026-09-24,0,MISSING_EQUITY,0,,,,,,,,
SFM,1981,4.048955371497359,OK,,1500868000.0,2026-10-06,4.918,2026-07-29,4,OK,0,,,,,,,,
SG,1982,2.326751065434598,OK,,467621000.0,2026-10-06,1.375,2026-08-07,4,OK,0,,,,,,,,
SGHT,1983,8.915060640447697,OK,,52894000.0,2026-10-06,5.78,2026-08-05,4,OK,0,,,,,,,,
SGI,1984,4.086929850260572,OK,,3229400000.0,2026-10-06,4.25,2026-08-07,4,OK,0,,,,,,,,
SGLY,1985,,MISSING_EQUITY,LARGE_ENDPOINT_VS_AVERAGE_SHARE_DIFFERENCE,,2026-10-06,,2026-09-29,0,MISSING_EQUITY,0,,,,,,,,
SGMT,1986,2.1257044153227014,OK,,256155000.0,2026-10-06,2.31,2026-08-11,4,OK,0,,,,,,,,
SGRY,1987,1.0508253107221277,OK,,1670700000.0,2026-10-06,1.25,2026-08-10,4,OK,0,,,,,,,,
SHAK,1988,5.08016301098506,OK,,544321000.0,2026-10-06,5.844,2026-08-05,4,OK,0,,,,,,,,
SHC,1989,7.824090222985722,OK,,665648000.0,2026-10-06,8.107,2026-08-06,4,OK,0,,,,,,,,
SHEN,1990,0.7136489142240487,OK,,859938000.0,2026-10-06,0.789,2026-07-29,4,OK,0,,,,,,,,
SHLS,1991,2.3150073749822973,OK,,617219000.0,2026-10-06,2.514,2026-08-04,4,OK,0,,,,,,,,
SHO,1992,,OWNERSHIP_BASIS_UNVERIFIED,,1880772000.0,2026-10-06,1.116,2026-08-06,4,OWNERSHIP_BASIS_UNVERIFIED,0,,,,,,,,REQUIRES_MORE_EVIDENCE
SHOO,1993,3.54980999857521,OK,,939603000.0,2026-10-06,3.589,2026-07-31,4,OK,0,,,,,,,,
SHOP,1994,16.680521220030002,OK,,12684000000.0,2026-10-06,14.631,2026-08-05,4,OK,0,,,,,,,,
SHPH,1995,,MISSING_EQUITY,LARGE_ENDPOINT_VS_AVERAGE_SHARE_DIFFERENCE,,2026-10-06,,2026-09-24,0,MISSING_EQUITY,0,,,,,,,,
SHW,1996,20.225752630338782,OK,,3854700000.0,2026-10-06,22.311,2026-07-28,4,OK,0,,,,,,,,
SIBN,1997,4.805141335235243,OK,,182347000.0,2026-10-06,4.532,2026-08-04,4,OK,0,,,,,,,,
SIDU,1998,0.9326986436151609,OK,,188841347.0,2026-10-06,1.362,2026-08-13,4,OK,0,,,,,,,,
SIG,1999,,MISSING_EQUITY,,,2026-10-06,,2026-09-09,0,MISSING_EQUITY,0,,,,,,,,
SIGA,2000,1.430120725830298,OK,,165290635.0,2026-10-06,1.356,2026-08-06,4,OK,0,,,,,,,,
SINT,2001,3.008009226688539,OK,LARGE_ENDPOINT_VS_AVERAGE_SHARE_DIFFERENCE,4830000.0,2026-10-06,2.442,2026-08-11,4,OK,0,,,,,,,,
SIRI,2002,0.746144058825101,OK,,11908000000.0,2026-10-06,0.877,2026-07-30,4,OK,0,,,,,,,,
SITC,2003,,OWNERSHIP_BASIS_UNVERIFIED,,282259000.0,2026-10-06,0.615,2026-08-03,4,OWNERSHIP_BASIS_UNVERIFIED,0,,,,,,,,REQUIRES_MORE_EVIDENCE
SITE,2004,2.3403076478965814,OK,,1687600000.0,2026-10-06,2.426,2026-07-29,4,OK,0,,,,,,,,
SITM,2005,20.859732759649642,OK,,1025052000.0,2026-10-06,20.169,2026-08-06,4,OK,0,,,,,,,,
SJM,2006,,OWNERSHIP_BASIS_UNVERIFIED,,5750800000.0,2026-10-06,2.432,2026-08-26,4,OWNERSHIP_BASIS_UNVERIFIED,0,,,,,,,,REQUIRES_MORE_EVIDENCE
SKIN,2007,,OWNERSHIP_BASIS_UNVERIFIED,,55568000.0,2026-10-06,1.798,2026-08-06,4,OWNERSHIP_BASIS_UNVERIFIED,0,,,,,,,,REQUIRES_MORE_EVIDENCE
SKT,2008,5.955582042319096,OK,,673968000.0,2026-10-06,6.702,2026-08-06,4,OK,0,,,,,,,,
SKY,2009,2.9646468817517007,OK,,1572572000.0,2026-10-06,3.147,2026-08-05,4,OK,0,,,,,,,,
SKYE,2010,,NEGATIVE_EQUITY,HISTORICAL_PRICE_MISMATCH,-497307.0,2026-10-06,,2026-08-14,3,NEGATIVE_EQUITY,0,,,,,,,,
SKYH,2011,,OWNERSHIP_BASIS_UNVERIFIED,LARGE_ENDPOINT_VS_AVERAGE_SHARE_DIFFERENCE,126296000.0,2026-10-06,6.97,2026-08-12,4,OWNERSHIP_BASIS_UNVERIFIED,0,,,,,,,,REQUIRES_MORE_EVIDENCE
SKYW,2012,1.3738639207854617,OK,,2761493000.0,2026-10-06,1.457,2026-07-24,4,OK,0,,,,,,,,
SKYX,2013,11.206987849160756,OK,,13655500.0,2026-10-06,12.0,2026-08-12,2,OK,0,,,,,,,,
SLAB,2014,6.784887286373575,OK,,1094802000.0,2026-10-06,6.673,2026-08-11,4,OK,0,,,,,,,,
SLB,2015,2.8460213833704073,OK,,26074000000.0,2026-10-06,2.787,2026-07-29,4,OK,0,,,,,,,,
SLDB,2016,1.9835558514753364,OK,LARGE_ENDPOINT_VS_AVERAGE_SHARE_DIFFERENCE,374075000.0,2026-10-06,2.497,2026-08-06,4,OK,0,,,,,,,,
SLDP,2017,,OWNERSHIP_BASIS_UNVERIFIED,,501743000.0,2026-10-06,0.973,2026-08-05,4,OWNERSHIP_BASIS_UNVERIFIED,0,,,,,,,,REQUIRES_MORE_EVIDENCE
SLE,2018,0.6607093340294715,OK,,12905000.0,2026-10-06,0.298,2026-08-14,3,OK,0,,,,,,,,
SLG,2019,,OWNERSHIP_BASIS_UNVERIFIED,,3417575000.0,2026-10-06,1.13,2026-08-06,4,OWNERSHIP_BASIS_UNVERIFIED,0,,,,,,,,REQUIRES_MORE_EVIDENCE
SLGN,2020,1.5638848517361812,OK,,2379372000.0,2026-10-06,1.845,2026-08-06,4,OK,0,,,,,,,,
SLN,2021,,NEGATIVE_EQUITY,,-38471000.0,2026-10-06,,2026-08-10,0,NEGATIVE_EQUITY,0,,,,,,,,
SLP,2022,2.6911173661308303,OK,,139035000.0,2026-10-06,2.668,2026-07-09,4,OK,0,,,,,,,,
SLS,2023,16.636139150305617,OK,,137656000.0,2026-10-06,16.211,2026-08-11,4,OK,0,,,,,,,,
SLVM,2024,1.3701671110608047,OK,,955000000.0,2026-10-06,1.71,2026-08-07,4,OK,0,,,,,,,,
SLXN,2025,,OWNERSHIP_BASIS_UNVERIFIED,LARGE_ENDPOINT_VS_AVERAGE_SHARE_DIFFERENCE,44000.0,2026-10-06,53.1,2026-08-14,4,OWNERSHIP_BASIS_UNVERIFIED,0,,,,,,,,REQUIRES_MORE_EVIDENCE
SM,2026,1.0685623222659024,OK,,7813000000.0,2026-10-06,0.874,2026-08-06,4,OK,0,,,,,,,,
SMCI,2027,,OWNERSHIP_BASIS_UNVERIFIED,,14479452000.0,2026-10-06,1.691,2026-08-31,4,OWNERSHIP_BASIS_UNVERIFIED,0,,,,,,,,REQUIRES_MORE_EVIDENCE
SMG,2028,,NEGATIVE_EQUITY,,-208700000.0,2026-10-06,,2026-08-05,0,NEGATIVE_EQUITY,0,,,,,,,,
SMHI,2029,0.902306371993863,OK,,251991000.0,2026-10-06,0.831,2026-07-29,4,OK,0,,,,,,,,
SMMT,2030,21.91971082485678,OK,,629983000.0,2026-10-06,18.969,2026-07-23,4,OK,0,,,,,,,,
SMP,2031,1.1691127322577919,OK,,717725000.0,2026-10-06,1.28,2026-08-04,4,OK,0,,,,,,,,
SMR,2032,,OWNERSHIP_BASIS_UNVERIFIED,,2061309000.0,2026-10-06,1.955,2026-08-05,4,OWNERSHIP_BASIS_UNVERIFIED,0,,,,,,,,REQUIRES_MORE_EVIDENCE
SMRT,2033,1.0213032359564471,OK,,225138000.0,2026-10-06,1.106,2026-08-05,4,OK,0,,,,,,,,
SMTC,2034,24.575378919752364,OK,,748872000.0,2026-10-06,17.547,2026-08-26,4,OK,0,,,,,,,,
SMXT,2035,,NEGATIVE_EQUITY,HISTORICAL_PRICE_MISMATCH,-11407976.0,2026-10-06,,2026-05-15,0,NEGATIVE_EQUITY,0,,,,,,,,
SN,2036,9.151740401587533,OK,,2843371000.0,2026-10-06,9.022,2026-08-05,4,OK,0,,,,,,,,
SNA,2037,3.1561310346975744,OK,,6041300000.0,2026-10-06,3.386,2026-07-23,4,OK,0,,,,,,,,
SNAP,2038,5.07248404337913,OK,,1927088000.0,2026-10-06,5.081,2026-08-04,4,OK,0,,,,,,,,
SNDR,2039,1.810651917131459,OK,,3059400000.0,2026-10-06,2.048,2026-07-31,4,OK,0,,,,,,,,
SNDX,2040,102.72802561501403,OK,,15099000.0,2026-10-06,112.841,2026-08-04,4,OK,0,,,,,,,,
SNGX,2041,,OWNERSHIP_BASIS_UNVERIFIED,LARGE_ENDPOINT_VS_AVERAGE_SHARE_DIFFERENCE,6645557.0,2026-10-06,1.277,2026-08-07,4,OWNERSHIP_BASIS_UNVERIFIED,0,,,,,,,,REQUIRES_MORE_EVIDENCE
SNOA,2042,,OWNERSHIP_BASIS_UNVERIFIED,,6594000.0,2026-10-06,0.908,2026-08-06,4,OWNERSHIP_BASIS_UNVERIFIED,0,,,,,,,,REQUIRES_MORE_EVIDENCE
SNOW,2043,55.135669717053744,OK,,2149664000.0,2026-10-06,55.338,2026-09-04,4,OK,0,,,,,,,,
SNPS,2044,3.1075825643959862,OK,,31152539000.0,2026-10-06,2.522,2026-08-26,4,OK,0,,,,,,,,
SNTI,2045,,NEGATIVE_EQUITY,,-3401000.0,2026-10-06,,2026-08-14,3,NEGATIVE_EQUITY,0,,,,,,,,
SNX,2046,,MISSING_EQUITY,,,2026-10-06,,2026-10-01,0,MISSING_EQUITY,0,,,,,,,,
SO,2047,,OWNERSHIP_BASIS_UNVERIFIED,,42342000000.0,2026-10-06,2.61,2026-07-29,4,OWNERSHIP_BASIS_UNVERIFIED,0,,,,,,,,REQUIRES_MORE_EVIDENCE
SOBR,2048,,NEGATIVE_EQUITY,LARGE_ENDPOINT_VS_AVERAGE_SHARE_DIFFERENCE,-271693.0,2026-10-06,,2026-08-14,3,NEGATIVE_EQUITY,0,,,,,,,,
SOC,2049,,OWNERSHIP_BASIS_UNVERIFIED,LARGE_ENDPOINT_VS_AVERAGE_SHARE_DIFFERENCE,395000000.0,2026-10-06,2.472,2026-08-10,4,OWNERSHIP_BASIS_UNVERIFIED,0,,,,,,,,REQUIRES_MORE_EVIDENCE
SOLV,2050,3.0867236516675995,OK,,4800000000.0,2026-10-06,3.102,2026-08-05,4,OK,0,,,,,,,,
SON,2051,1.3258578084320218,OK,,3581061000.0,2026-10-06,1.672,2026-07-28,4,OK,0,,,,,,,,
SONO,2052,5.109542960831997,OK,,403532000.0,2026-10-06,5.136,2026-07-29,4,OK,0,,,,,,,,
SOUN,2053,,OWNERSHIP_BASIS_UNVERIFIED,,490430000.0,2026-10-06,6.755,2026-08-10,4,OWNERSHIP_BASIS_UNVERIFIED,0,,,,,,,,REQUIRES_MORE_EVIDENCE
SPB,2054,0.9543041884517747,OK,,1848700000.0,2026-10-06,1.121,2026-08-07,4,OK,0,,,,,,,,
SPCE,2055,,OWNERSHIP_BASIS_UNVERIFIED,LARGE_ENDPOINT_VS_AVERAGE_SHARE_DIFFERENCE,396114000.0,2026-10-06,1.263,2026-08-12,4,OWNERSHIP_BASIS_UNVERIFIED,0,,,,,,,,REQUIRES_MORE_EVIDENCE
SPG,2056,,OWNERSHIP_BASIS_UNVERIFIED,,4434416000.0,2026-10-06,16.093,2026-08-10,4,OWNERSHIP_BASIS_UNVERIFIED,0,,,,,,,,REQUIRES_MORE_EVIDENCE
SPGI,2057,3.7071561359783223,OK,,31501000000.0,2026-10-06,3.971,2026-07-28,4,OK,0,,,,,,,,
SPH,2058,1.5980538677211205,OK,,713022000.0,2026-10-06,1.66,2026-08-06,4,OK,0,,,,,,,,
SPHR,2059,1.6987509109738288,OK,,2227858000.0,2026-10-06,2.391,2026-07-30,4,OK,0,,,,,,,,
SPIR,2060,,OWNERSHIP_BASIS_UNVERIFIED,,144285000.0,2026-10-06,3.925,2026-08-13,4,OWNERSHIP_BASIS_UNVERIFIED,0,,,,,,,,REQUIRES_MORE_EVIDENCE
SPOK,2061,1.6391484933398415,OK,,139867000.0,2026-10-06,1.608,2026-07-30,4,OK,0,,,,,,,,
SPRO,2062,1.5677189272967047,OK,,44204000.0,2026-10-06,1.568,2026-08-12,4,OK,0,,,,,,,,
SPRU,2063,,OWNERSHIP_BASIS_UNVERIFIED,,120399000.0,2026-10-06,0.293,2026-08-13,4,OWNERSHIP_BASIS_UNVERIFIED,0,,,,,,,,REQUIRES_MORE_EVIDENCE
SPRY,2064,34.137335819391794,OK,,12512000.0,2026-10-06,48.484,2026-08-13,4,OK,0,,,,,,,,
SPSC,2065,3.107927457990464,OK,,938482000.0,2026-10-06,2.525,2026-07-30,4,OK,0,,,,,,,,
SPT,2066,2.6856229030594108,OK,,228550000.0,2026-10-06,2.741,2026-08-07,4,OK,0,,,,,,,,
SPWH,2067,0.2724280915317499,OK,,163791000.0,2026-10-06,0.287,2026-09-01,4,OK,0,,,,,,,,
SPWR,2068,,NEGATIVE_EQUITY,LARGE_ENDPOINT_VS_AVERAGE_SHARE_DIFFERENCE,-26271000.0,2026-10-06,,2026-08-21,0,NEGATIVE_EQUITY,0,,,,,,,,
SPXC,2069,3.749828083818683,OK,,2348400000.0,2026-10-06,4.684,2026-07-31,4,OK,0,,,,,,,,
SQFT,2070,,OWNERSHIP_BASIS_UNVERIFIED,,13853278.0,2026-10-06,0.151,2026-08-13,4,OWNERSHIP_BASIS_UNVERIFIED,0,,,,,,,,REQUIRES_MORE_EVIDENCE
SR,2071,,OWNERSHIP_BASIS_UNVERIFIED,,3583000000.0,2026-10-06,1.333,2026-08-05,4,OWNERSHIP_BASIS_UNVERIFIED,0,,,,,,,,REQUIRES_MORE_EVIDENCE
SRE,2072,,OWNERSHIP_BASIS_UNVERIFIED,,32685000000.0,2026-10-06,1.688,2026-08-06,4,OWNERSHIP_BASIS_UNVERIFIED,0,,,,,,,,REQUIRES_MORE_EVIDENCE
SRFM,2073,,NEGATIVE_EQUITY,LARGE_ENDPOINT_VS_AVERAGE_SHARE_DIFFERENCE,-42457000.0,2026-10-06,,2026-08-10,0,NEGATIVE_EQUITY,0,,,,,,,,
SRG,2074,,OWNERSHIP_BASIS_UNVERIFIED,,292217000.0,2026-10-06,0.438,2026-08-14,4,OWNERSHIP_BASIS_UNVERIFIED,0,,,,,,,,REQUIRES_MORE_EVIDENCE
SRI,2075,1.2432434601844091,OK,,149125000.0,2026-10-06,1.427,2026-08-05,4,OK,0,,,,,,,,
SRPT,2076,1.1967574752022747,OK,,1527798000.0,2026-10-06,1.101,2026-08-05,4,OK,0,,,,,,,,
SRRK,2077,20.370808694853878,OK,,253784000.0,2026-10-06,25.261,2026-08-06,4,OK,0,,,,,,,,
SRTA,2078,,OWNERSHIP_BASIS_UNVERIFIED,,279318000.0,2026-10-06,1.764,2026-08-04,4,OWNERSHIP_BASIS_UNVERIFIED,0,,,,,,,,REQUIRES_MORE_EVIDENCE
SRTS,2079,,OWNERSHIP_BASIS_UNVERIFIED,,36863000.0,2026-10-06,1.277,2026-08-14,4,OWNERSHIP_BASIS_UNVERIFIED,0,,,,,,,,REQUIRES_MORE_EVIDENCE
SSD,2080,3.3871382937736287,OK,,2117758000.0,2026-10-06,3.744,2026-08-06,4,OK,0,,,,,,,,
SSKN,2081,,STALE_EQUITY,LARGE_ENDPOINT_VS_AVERAGE_SHARE_DIFFERENCE,1314000.0,2026-10-05,6.094,2025-11-14,4,STALE_EQUITY,0,,,,,,,,
SSNC,2082,2.755845413399619,OK,,6640700000.0,2026-10-06,2.727,2026-07-30,4,OK,0,,,,,,,,
SSP,2083,2.6874716774765655,OK,,100687000.0,2026-10-06,3.056,2026-08-07,4,OK,0,,,,,,,,
SSRM,2084,2.06099320446709,OK,,3391574000.0,2026-10-06,1.598,2026-08-04,4,OK,0,,,,,,,,
SSTK,2085,0.4145260625340027,OK,,363660000.0,2026-10-06,0.606,2026-08-07,4,OK,0,,,,,,,,
ST,2086,2.159437429917526,OK,,2960000000.0,2026-10-06,2.262,2026-07-29,4,OK,0,,,,,,,,
STAA,2087,3.039669692969278,OK,,365398000.0,2026-10-06,3.487,2026-08-12,4,OK,0,,,,,,,,
STAG,2088,,OWNERSHIP_BASIS_UNVERIFIED,,3631016000.0,2026-10-06,2.162,2026-07-28,4,OWNERSHIP_BASIS_UNVERIFIED,0,,,,,,,,REQUIRES_MORE_EVIDENCE
STE,2089,2.8228450409211643,OK,,7206700000.0,2026-10-06,3.213,2026-08-07,4,OK,0,,,,,,,,
STEM,2090,,NEGATIVE_EQUITY,,-269571000.0,2026-10-06,,2026-08-13,0,NEGATIVE_EQUITY,0,,,,,,,,
STGW,2091,3.1044084314832743,OK,,669384000.0,2026-10-06,3.086,2026-07-31,4,OK,0,,,,,,,,
STIM,2092,9.433941934268535,OK,,17850000.0,2026-10-06,13.617,2026-08-11,4,OK,0,,,,,,,,
STLD,2093,3.624007058579814,OK,,9419532000.0,2026-10-06,3.952,2026-07-28,4,OK,0,,,,,,,,
STOK,2094,4.550768988567626,OK,,345547000.0,2026-10-06,5.52,2026-08-03,4,OK,0,,,,,,,,
STRA,2095,1.085103277580333,OK,,1633584000.0,2026-10-06,1.191,2026-07-29,4,OK,0,,,,,,,,
STRL,2096,12.703345786423196,OK,,1357315000.0,2026-10-06,12.206,2026-08-04,4,OK,0,,,,,,,,
STTK,2097,2.7855442746852264,OK,,211136000.0,2026-10-06,3.413,2026-08-11,4,OK,0,,,,,,,,
STWD,2098,0.7364689776609897,OK,,6498963000.0,2026-10-06,0.907,2026-08-06,4,OK,0,,,,,,,,
STX,2099,84.26009420535426,OK,,2167000000.0,2026-10-06,88.414,2026-08-04,3,OK,0,,,,,,,,
STZ,2100,,OWNERSHIP_BASIS_UNVERIFIED,,8255600000.0,2026-10-06,2.832,2026-07-01,4,OWNERSHIP_BASIS_UNVERIFIED,0,,,,,,,,REQUIRES_MORE_EVIDENCE
SUI,2101,,OWNERSHIP_BASIS_UNVERIFIED,,5519400000.0,2026-10-06,2.738,2026-07-28,4,OWNERSHIP_BASIS_UNVERIFIED,0,,,,,,,,REQUIRES_MORE_EVIDENCE
SUN,2102,1.7901299406225983,OK,LARGE_ENDPOINT_VS_AVERAGE_SHARE_DIFFERENCE,8348000000.0,2026-10-06,1.805,2026-08-06,4,OK,0,,,,,,,,
SUNE,2103,0.7425872528813919,OK,,20523746.0,2026-10-06,0.831,2026-08-12,4,OK,0,,,,,,,,
SUPN,2104,2.4141944377117524,OK,,1031226000.0,2026-10-06,2.593,2026-08-03,4,OK,0,,,,,,,,
SURG,2105,,NEGATIVE_EQUITY,LARGE_ENDPOINT_VS_AVERAGE_SHARE_DIFFERENCE,-20693903.0,2026-10-06,,2026-08-19,0,NEGATIVE_EQUITY,0,,,,,,,,
SVC,2106,,OWNERSHIP_BASIS_UNVERIFIED,,806455000.0,2026-10-06,1.265,2026-08-05,4,OWNERSHIP_BASIS_UNVERIFIED,0,,,,,,,,REQUIRES_MORE_EVIDENCE
SVRA,2107,6.650348665906961,OK,,143660000.0,2026-10-06,7.966,2026-08-11,4,OK,0,,,,,,,,
SVV,2108,3.1842863243186734,OK,,444346000.0,2026-10-06,3.776,2026-08-06,4,OK,0,,,,,,,,
SW,2109,1.2327858588365836,OK,,18036000000.0,2026-10-06,1.337,2026-07-31,4,OK,0,,,,,,,,
SWBI,2110,1.7422228784592444,OK,,373702000.0,2026-10-06,1.472,2026-09-03,4,OK,0,,,,,,,,
SWIM,2111,1.827175508547106,OK,,411432000.0,2026-10-06,2.087,2026-08-05,4,OK,0,,,,,,,,
SWK,2112,,OWNERSHIP_BASIS_UNVERIFIED,,8958800000.0,2026-10-06,1.569,2026-07-29,4,OWNERSHIP_BASIS_UNVERIFIED,0,,,,,,,,REQUIRES_MORE_EVIDENCE
SWKS,2113,2.1709638324141203,OK,,5738300000.0,2026-10-06,1.696,2026-07-28,4,OK,0,,,,,,,,
SWX,2114,1.4632155435984573,OK,,4125290000.0,2026-10-06,1.592,2026-08-05,4,OK,0,,,,,,,,
SXC,2115,1.4551630648263003,OK,,585600000.0,2026-10-06,1.225,2026-07-30,4,OK,0,,,,,,,,
SXT,2116,4.4899576530402285,OK,,1259928000.0,2026-10-06,4.296,2026-08-04,4,OK,0,,,,,,,,
SXTP,2117,,OWNERSHIP_BASIS_UNVERIFIED,LARGE_ENDPOINT_VS_AVERAGE_SHARE_DIFFERENCE,2614185.0,2026-10-06,1.608,2026-08-14,4,OWNERSHIP_BASIS_UNVERIFIED,0,,,,,,,,REQUIRES_MORE_EVIDENCE
SYK,2118,4.448475324307494,OK,,23988000000.0,2026-10-06,5.208,2026-07-31,4,OK,0,,,,,,,,
SYM,2119,37.67376441556299,OK,LARGE_ENDPOINT_VS_AVERAGE_SHARE_DIFFERENCE,708769000.0,2026-10-06,39.696,2026-08-05,4,OK,0,,,,,,,,
SYNA,2120,5.023112463336192,OK,,929500000.0,2026-10-06,4.405,2026-08-10,4,OK,0,,,,,,,,
SYRE,2121,6.4148007636052,OK,,1101141000.0,2026-10-06,8.403,2026-08-04,4,OK,0,,,,,,,,
SYY,2122,13.91822392239872,OK,,2666000000.0,2026-10-06,15.113,2026-08-21,4,OK,0,,,,,,,,
T,2123,1.5157345217547546,OK,,110444000000.0,2026-10-06,1.429,2026-07-22,4,OWNERSHIP_BASIS_UNVERIFIED,1,PB_OWNERSHIP_BASIS_V1,ORDINARY_COMMON,2026-07-16,1.0,,6852385650.0,8951bec931f9fcbcc3699ae1e6587e031e9500335b9ffe7566d114e03a88aadd,SAFE_TO_RELEASE_UNDER_GENERIC_CONTRACT
TALK,2124,,STALE_PRICE,,112131000.0,2026-08-18,7.705,2026-08-06,4,STALE_PRICE,0,,,,,,,,
TALO,2125,,OWNERSHIP_BASIS_UNVERIFIED,,2032634000.0,2026-10-06,1.165,2026-08-05,4,OWNERSHIP_BASIS_UNVERIFIED,0,,,,,,,,REQUIRES_MORE_EVIDENCE
TAOX,2126,2.6765030446971005,OK,,12749316.0,2026-10-06,2.043,2026-08-13,4,OK,0,,,,,,,,
TAP,2127,,OWNERSHIP_BASIS_UNVERIFIED,,10119500000.0,2026-10-06,0.74,2026-08-06,4,OWNERSHIP_BASIS_UNVERIFIED,0,,,,,,,,REQUIRES_MORE_EVIDENCE
TARA,2128,0.9360116531733697,OK,,161311000.0,2026-10-06,1.432,2026-08-11,4,OK,0,,,,,,,,
TARS,2129,9.37948865505363,OK,,346732000.0,2026-10-06,8.268,2026-08-06,4,OK,0,,,,,,,,
TASK,2130,2.434019879129491,OK,,299845000.0,2026-10-06,2.391,2026-08-06,4,OK,0,,,,,,,,
TBCH,2131,2.997673320149754,OK,,80716000.0,2026-10-06,2.785,2026-08-06,4,OK,0,,,,,,,,
TBI,2132,1.0723291440927212,OK,,254666000.0,2026-10-06,0.919,2026-08-04,4,OK,0,,,,,,,,
TBLA,2133,,OWNERSHIP_BASIS_UNVERIFIED,,937993000.0,2026-10-06,1.105,2026-08-05,4,OWNERSHIP_BASIS_UNVERIFIED,0,,,,,,,,REQUIRES_MORE_EVIDENCE
TBPH,2134,,STALE_PRICE,,289705000.0,2026-09-25,3.032,2026-08-11,4,STALE_PRICE,0,,,,,,,,
TCMD,2135,2.2456362624315385,OK,,223836000.0,2026-10-06,2.949,2026-08-10,4,OK,0,,,,,,,,
TCRX,2136,0.27006035336640405,OK,LARGE_ENDPOINT_VS_AVERAGE_SHARE_DIFFERENCE,69019000.0,2026-10-06,0.759,2026-08-12,4,OK,0,,,,,,,,
TDC,2137,4.645295241228847,OK,,593000000.0,2026-10-06,4.114,2026-08-05,4,OK,0,,,,,,,,
TDG,2138,,NEGATIVE_EQUITY,,-9809000000.0,2026-10-06,,2026-08-04,0,NEGATIVE_EQUITY,0,,,,,,,,
TDOC,2139,0.800175861611907,OK,,1310108000.0,2026-10-06,0.913,2026-07-30,4,OK,0,,,,,,,,
TDS,2140,,OWNERSHIP_BASIS_UNVERIFIED,,5170637000.0,2026-10-06,0.73,2026-08-07,4,OWNERSHIP_BASIS_UNVERIFIED,0,,,,,,,,REQUIRES_MORE_EVIDENCE
TDUP,2141,4.669794812544571,OK,,60748000.0,2026-10-06,13.577,2026-08-05,4,OK,0,,,,,,,,
TDW,2142,,OWNERSHIP_BASIS_UNVERIFIED,,1393164000.0,2026-10-06,2.553,2026-08-03,4,OWNERSHIP_BASIS_UNVERIFIED,0,,,,,,,,REQUIRES_MORE_EVIDENCE
TDY,2143,2.64170220231567,OK,,10918500000.0,2026-10-06,2.782,2026-07-24,4,OK,0,,,,,,,,
TE,2144,,OWNERSHIP_BASIS_UNVERIFIED,,201779000.0,2026-10-06,7.152,2026-08-12,4,OWNERSHIP_BASIS_UNVERIFIED,0,,,,,,,,REQUIRES_MORE_EVIDENCE
TEAD,2145,7.5352667341485695,OK,,7353000.0,2026-10-06,9.204,2026-08-07,4,OK,0,,,,,,,,
TEAM,2146,46.39259047937846,OK,,1058442000.0,2026-10-06,38.797,2026-08-14,4,OK,0,,,,,,,,
TECH,2147,5.387644381778347,OK,,2108221000.0,2026-10-06,5.385,2026-08-24,4,OK,0,,,,,,,,
TECX,2148,1.957154870209892,OK,,223846000.0,2026-10-06,2.639,2026-08-06,4,OK,0,,,,,,,,
TEL,2149,4.797753819110398,OK,,13246000000.0,2026-10-06,4.436,2026-07-24,4,OK,0,,,,,,,,
TELA,2150,,NEGATIVE_EQUITY,,-15866000.0,2026-10-06,,2026-08-11,2,NEGATIVE_EQUITY,0,,,,,,,,
TELO,2151,16.39620113310184,OK,,5033480.0,2026-10-06,14.347,2026-08-13,4,OK,0,,,,,,,,
TENB,2152,21.91152809972944,OK,,198399000.0,2026-10-06,19.952,2026-08-04,4,OK,0,,,,,,,,
TER,2153,19.573285368881027,OK,,3437162000.0,2026-10-06,16.725,2026-07-31,4,OK,0,,,,,,,,
TEVA,2154,5.881341030773958,OK,,7753000000.0,2026-10-06,5.217,2026-07-29,4,OK,0,,,,,,,,
TEX,2155,1.3175250867659671,OK,,4925000000.0,2026-10-06,1.444,2026-07-30,4,OK,0,,,,,,,,
TFX,2156,1.8197523978933607,OK,,2904534000.0,2026-10-06,2.026,2026-08-06,4,OK,0,,,,,,,,
TGL,2157,0.13519456034061084,OK,,15617592.0,2026-10-06,0.42,2026-05-20,4,OK,0,,,,,,,,
TGLS,2158,2.0630728885140526,OK,,788772000.0,2026-10-06,2.501,2026-08-06,4,OK,0,,,,,,,,
TGT,2159,3.929362556673327,OK,,17843000000.0,2026-10-06,4.155,2026-08-28,4,OK,0,,,,,,,,
TGTX,2160,13.224463634735036,OK,,604083000.0,2026-10-06,12.639,2026-08-05,4,OK,0,,,,,,,,
TH,2161,,OWNERSHIP_BASIS_UNVERIFIED,,370109000.0,2026-10-06,4.326,2026-08-10,4,OWNERSHIP_BASIS_UNVERIFIED,0,,,,,,,,REQUIRES_MORE_EVIDENCE
THC,2162,4.467957498559423,OK,,4658000000.0,2026-10-06,4.453,2026-07-29,4,OK,0,,,,,,,,
THO,2163,,MISSING_EQUITY,HISTORICAL_PRICE_CORROBORATION_UNAVAILABLE,,2026-10-06,,2026-09-22,0,MISSING_EQUITY,0,,,,,,,,
THRM,2164,1.3163293515027976,OK,,723118000.0,2026-10-06,1.937,2026-07-23,4,OK,0,,,,,,,,
THRY,2165,0.2898723445992088,OK,,211562000.0,2026-10-06,0.624,2026-08-04,4,OK,0,,,,,,,,
TIL,2166,0.434847330157116,OK,,107380000.0,2026-10-06,0.459,2026-08-13,4,OK,0,,,,,,,,
TILE,2167,2.9864543113246538,OK,,678365000.0,2026-10-06,3.284,2026-08-11,4,OK,0,,,,,,,,
TITN,2168,1.0631189673266925,OK,,557820000.0,2026-10-06,0.963,2026-09-03,4,OK,0,,,,,,,,
TJX,2169,14.15167066342017,OK,,10651000000.0,2026-10-06,13.954,2026-08-28,4,OK,0,,,,,,,,
TKNO,2170,7.504347484025559,OK,,62600000.0,2026-10-06,5.6,2026-08-06,4,OK,0,,,,,,,,
TKO,2171,9.834865605881307,OK,LARGE_ENDPOINT_VS_AVERAGE_SHARE_DIFFERENCE,3395932000.0,2026-10-06,10.25,2026-08-03,4,OK,0,,,,,,,,
TKR,2172,2.593126998748834,OK,,3194500000.0,2026-10-06,2.864,2026-08-04,4,OK,0,,,,,,,,
TLN,2173,11.062678510904068,OK,,1616000000.0,2026-10-06,9.78,2026-08-05,4,OK,0,,,,,,,,
TLRY,2174,0.31892418952432605,OK,,1614332000.0,2026-10-06,0.34,2026-07-28,4,OK,0,,,,,,,,
TLS,2175,3.4722969572107627,OK,,93413000.0,2026-10-06,3.224,2026-08-10,4,OK,0,,,,,,,,
TMC,2176,,NEGATIVE_EQUITY,,-27437000.0,2026-10-06,,2026-08-13,0,NEGATIVE_EQUITY,0,,,,,,,,
TMCI,2177,3.8404152531112983,OK,,67737000.0,2026-10-06,4.57,2026-08-07,4,OK,0,,,,,,,,
TMO,2178,4.60845269197979,OK,,52679000000.0,2026-10-06,4.031,2026-07-31,4,OK,0,,,,,,,,
TMUS,2179,3.1633945239244374,OK,,56265000000.0,2026-10-06,3.249,2026-07-23,4,OWNERSHIP_BASIS_UNVERIFIED,1,PB_OWNERSHIP_BASIS_V1,ORDINARY_COMMON,2026-07-17,1.0,,1072671613.0,1295cfed7ab798c49bee136d8ff46ddef53463f0aa501ce438589d8a38710349,SAFE_TO_RELEASE_UNDER_GENERIC_CONTRACT
TNC,2180,2.1789481707757665,OK,,533400000.0,2026-10-06,2.458,2026-08-06,4,OK,0,,,,,,,,
TNDM,2181,8.62343079503583,OK,,130388000.0,2026-10-06,10.027,2026-08-06,4,OK,0,,,,,,,,
TNET,2182,23.05519516483154,OK,,125000000.0,2026-10-06,26.32,2026-07-30,4,OK,0,,,,,,,,
TNGX,2183,3.604149966013994,OK,,1024532000.0,2026-10-06,4.335,2026-08-11,4,OK,0,,,,,,,,
TNL,2184,,NEGATIVE_EQUITY,,-1018000000.0,2026-10-06,,2026-07-22,0,NEGATIVE_EQUITY,0,,,,,,,,
TNON,2185,,NEGATIVE_EQUITY,LARGE_ENDPOINT_VS_AVERAGE_SHARE_DIFFERENCE,-1743000.0,2026-10-06,,2026-08-13,3,NEGATIVE_EQUITY,0,,,,,,,,
TNXP,2186,0.5941258205996094,OK,,222281000.0,2026-10-06,0.971,2026-08-10,4,OK,0,,,,,,,,
TNYA,2187,1.7671168657162208,OK,,69409000.0,2026-10-06,2.535,2026-08-05,4,OK,0,,,,,,,,
TOL,2188,1.4906375391670388,OK,,8530770000.0,2026-10-06,1.579,2026-08-28,4,OK,0,,,,,,,,
TONX,2189,,OWNERSHIP_BASIS_UNVERIFIED,,398778000.0,2026-10-06,0.421,2026-08-11,4,OWNERSHIP_BASIS_UNVERIFIED,0,,,,,,,,REQUIRES_MORE_EVIDENCE
TOST,2190,8.549877750611246,OK,,2045000000.0,2026-10-06,9.836,2026-08-05,4,OK,0,,,,,,,,
TPB,2191,2.716243028606662,OK,,430098000.0,2026-10-06,3.845,2026-08-04,4,OK,0,,,,,,,,
TPC,2192,3.6974952272351578,OK,,1266210000.0,2026-10-06,3.51,2026-08-05,4,OK,0,,,,,,,,
TPL,2193,14.647858145532842,OK,,1672398000.0,2026-10-06,15.75,2026-08-05,4,OK,0,,,,,,,,
TPR,2194,33.63528161609594,OK,,692100000.0,2026-10-06,36.989,2026-08-13,4,OK,0,,,,,,,,
TR,2195,2.9452599636867958,OK,,952268000.0,2026-10-06,3.124,2026-08-07,4,OK,0,,,,,,,,
TRAW,2196,,OWNERSHIP_BASIS_UNVERIFIED,,1691000.0,2026-10-06,5.189,2026-08-14,2,OWNERSHIP_BASIS_UNVERIFIED,0,,,,,,,,REQUIRES_MORE_EVIDENCE
TRC,2197,,OWNERSHIP_BASIS_UNVERIFIED,,477557000.0,2026-10-06,0.931,2026-08-06,4,OWNERSHIP_BASIS_UNVERIFIED,0,,,,,,,,REQUIRES_MORE_EVIDENCE
TRDA,2198,0.9041422595791634,OK,,233411000.0,2026-10-06,1.178,2026-08-05,4,OK,0,,,,,,,,
TREX,2199,4.524060903544047,OK,,1010082000.0,2026-10-06,4.742,2026-08-04,4,OK,0,,,,,,,,
TRGP,2200,16.755703974258612,OK,,3656500000.0,2026-10-06,15.73,2026-08-06,4,OK,0,,,,,,,,
TRIP,2201,1.5072278452673225,OK,,662500000.0,2026-10-06,1.843,2026-08-06,4,OK,0,,,,,,,,
TRMB,2202,2.780838990667235,OK,,5110800000.0,2026-10-06,2.571,2026-08-12,4,OK,0,,,,,,,,
TRN,2203,1.8267318302164353,OK,,1143100000.0,2026-10-06,2.392,2026-07-30,4,OK,0,,,,,,,,
TRNO,2204,,OWNERSHIP_BASIS_UNVERIFIED,,4432011000.0,2026-10-06,1.708,2026-08-05,4,OWNERSHIP_BASIS_UNVERIFIED,0,,,,,,,,REQUIRES_MORE_EVIDENCE
TRNR,2205,1.0859366180694274,OK,LARGE_ENDPOINT_VS_AVERAGE_SHARE_DIFFERENCE,3344000.0,2026-10-06,1.729,2026-08-14,4,OK,0,,,,,,,,
TRNS,2206,2.7748894382744163,OK,,302899000.0,2026-10-06,2.839,2026-08-04,4,OK,0,,,,,,,,
TRON,2207,2.4205795481046817,OK,,252812532.0,2026-10-06,2.74,2026-08-11,4,OK,0,,,,,,,,
TROX,2208,0.5323334142582102,OK,,1161000000.0,2026-10-06,0.956,2026-08-06,4,OK,0,,,,,,,,
TRS,2209,0.9690802605010008,OK,,1442610000.0,2026-10-06,0.993,2026-07-31,4,OK,0,,,,,,,,
TRTX,2210,,OWNERSHIP_BASIS_UNVERIFIED,,1044494000.0,2026-10-06,0.628,2026-07-28,4,OWNERSHIP_BASIS_UNVERIFIED,0,,,,,,,,REQUIRES_MORE_EVIDENCE
TRU,2211,2.509089935610878,OK,HISTORICAL_OHLC_INCOMPLETE,4842900000.0,2026-10-06,3.315,2026-07-28,4,OK,0,,,,,,,,
TRUG,2212,,MISSING_EQUITY,LARGE_ENDPOINT_VS_AVERAGE_SHARE_DIFFERENCE,,2026-10-06,,2026-08-14,0,MISSING_EQUITY,0,,,,,,,,
TRVI,2213,5.840735873856712,OK,,321506000.0,2026-10-06,8.198,2026-08-06,4,OK,0,,,,,,,,
TSCO,2214,6.3933007547814675,OK,,2631565000.0,2026-10-06,6.75,2026-08-06,4,OK,0,,,,,,,,
TSHA,2215,3.693609093095,OK,,387266000.0,2026-10-06,5.62,2026-08-11,4,OK,0,,,,,,,,
TSLA,2216,17.310019491820796,OK,,86858000000.0,2026-10-06,14.537,2026-07-23,4,OK,0,,,,,,,,
TSN,2217,,MULTI_CLASS_UNVERIFIED,,18079000000.0,2026-10-06,1.16,2026-08-03,4,OWNERSHIP_BASIS_UNVERIFIED,0,PB_OWNERSHIP_BASIS_V1,HELD,2026-08-03,1.0,,,aee29b55fe1e6368b28acf92b44dfbe4e71d2148be9db10ba5e5f14d63686254,REQUIRES_MULTI_CLASS_CONTRACT
TSSI,2218,3.6514415037890906,OK,,80296000.0,2026-10-06,3.402,2026-08-14,4,OK,0,,,,,,,,
TT,2219,12.155637258233977,OK,,8622900000.0,2026-10-06,11.234,2026-07-30,4,OK,0,,,,,,,,
TTC,2220,7.005359120438569,OK,,1336300000.0,2026-10-06,6.543,2026-09-03,4,OK,0,,,,,,,,
TTD,2221,2.175682248709195,OK,,2574352000.0,2026-10-06,3.225,2026-08-06,4,OK,0,,,,,,,,
TTEC,2222,0.9217257402987049,OK,,72201000.0,2026-10-06,1.591,2026-08-10,4,OK,0,,,,,,,,
TTEK,2223,4.614703575306443,OK,,1852072000.0,2026-10-06,4.584,2026-07-31,4,OK,0,,,,,,,,
TTGT,2224,0.5151776737613878,OK,,506856000.0,2026-10-06,0.615,2026-08-06,4,OK,0,,,,,,,,
TTI,2225,2.2294703056441376,OK,,407795000.0,2026-10-06,2.832,2026-08-03,4,OK,0,,,,,,,,
TTMI,2226,7.2273811425073875,OK,,1934428000.0,2026-10-06,7.148,2026-08-05,4,OK,0,,,,,,,,
TTWO,2227,10.494720344901449,OK,,3608400000.0,2026-10-06,12.773,2026-08-07,4,OK,0,,,,,,,,
TVTX,2228,215.18372592817474,OK,,24522000.0,2026-10-06,215.337,2026-08-04,4,OK,0,,,,,,,,
TWI,2229,0.9051754024348885,OK,,501265000.0,2026-10-06,0.948,2026-07-30,4,OK,0,,,,,,,,
TWLO,2230,4.79671964499678,OK,,8977808000.0,2026-10-06,4.127,2026-08-07,4,OK,0,,,,,,,,
TWST,2231,23.48966247473779,OK,,445739000.0,2026-10-06,14.217,2026-08-03,4,OK,0,,,,,,,,
TXG,2232,12.730103577535967,OK,,825546000.0,2026-10-06,8.212,2026-08-07,4,OK,0,,,,,,,,
TXN,2233,15.074394387905745,OK,,18007000000.0,2026-10-06,14.179,2026-07-24,4,OK,0,,,,,,,,
TXNM,2234,1.6974016659714062,OK,,3554462000.0,2026-10-06,1.679,2026-07-31,4,OK,0,,,,,,,,
TXO,2235,1.1943958963774761,OK,,648053000.0,2026-10-06,1.111,2026-08-04,4,OK,0,,,,,,,,
TXRH,2236,6.8890141275931125,OK,,1558552000.0,2026-10-06,8.76,2026-08-07,4,OK,0,,,,,,,,
TXT,2237,1.6128844836187028,OK,,8054000000.0,2026-10-06,1.921,2026-07-28,4,OK,0,,,,,,,,
TYGO,2238,,OWNERSHIP_BASIS_UNVERIFIED,,44639000.0,2026-10-06,3.509,2026-08-04,4,OWNERSHIP_BASIS_UNVERIFIED,0,,,,,,,,REQUIRES_MORE_EVIDENCE
TYL,2239,4.461799955061602,OK,,3037231000.0,2026-10-06,4.497,2026-07-29,4,OK,0,,,,,,,,
TYRA,2240,3.4152789984308063,OK,,353664000.0,2026-10-06,5.489,2026-08-04,4,OK,0,,,,,,,,
TZOO,2241,,NEGATIVE_EQUITY,,-11740000.0,2026-10-06,,2026-08-13,0,NEGATIVE_EQUITY,0,,,,,,,,
U,2242,6.520341170613045,OK,,3033890000.0,2026-10-06,5.92,2026-08-06,4,OK,0,,,,,,,,
"UA,UAA",2243,,MISSING_PRICE,HISTORICAL_PRICE_CORROBORATION_UNAVAILABLE,1428116000.0,,1.838,2026-08-07,4,MISSING_PRICE,0,,,,,,,,
UAL,2244,2.1747132697571994,OK,,16697000000.0,2026-10-06,2.31,2026-07-16,4,OK,0,,,,,,,,
UBER,2245,5.165472869333698,OK,,27316000000.0,2026-10-06,5.098,2026-08-05,4,OK,0,,,,,,,,
UCTT,2246,5.183009545542093,OK,,639800000.0,2026-10-06,5.983,2026-08-04,4,OK,0,,,,,,,,
UDR,2247,3.707126532191111,OK,HISTORICAL_OHLC_INCOMPLETE,2938683000.0,2026-10-06,4.264,2026-07-28,4,OK,0,,,,,,,,
UE,2248,1.926968683349188,OK,,1284085000.0,2026-10-06,2.118,2026-08-06,4,OK,0,,,,,,,,
UFPI,2249,1.4346452130622522,OK,,3037516000.0,2026-10-06,1.683,2026-08-05,4,OK,0,,,,,,,,
UFPT,2250,5.073184580156263,OK,,462425000.0,2026-10-06,5.224,2026-08-06,4,OK,0,,,,,,,,
UGI,2251,,OWNERSHIP_BASIS_UNVERIFIED,,5213000000.0,2026-10-06,1.41,2026-08-06,4,OWNERSHIP_BASIS_UNVERIFIED,0,,,,,,,,REQUIRES_MORE_EVIDENCE
UHAL,2252,,MULTI_CLASS_UNVERIFIED,,7659803000.0,2026-10-06,1.88,2026-08-05,4,OWNERSHIP_BASIS_UNVERIFIED,0,PB_OWNERSHIP_BASIS_V1,HELD,2026-08-05,1.0,,,dcd149e46f63b47c54650e6eea90679cc465455aaaef1bc3fb50371e003c5e03,REQUIRES_MULTI_CLASS_CONTRACT
UHS,2253,1.388972492806046,OK,,7513812000.0,2026-10-06,1.361,2026-08-07,4,OK,0,,,,,,,,
UI,2254,26.328709780610435,OK,,1440246000.0,2026-10-06,23.493,2026-08-21,4,OK,0,,,,,,,,
UIS,2255,,NEGATIVE_EQUITY,,-367400000.0,2026-10-06,,2026-07-30,0,NEGATIVE_EQUITY,0,,,,,,,,
ULCC,2256,10.579768887867647,OK,,136000000.0,2026-10-06,11.003,2026-07-29,4,OK,0,,,,,,,,
ULS,2257,8.654406672438805,OK,,1595000000.0,2026-10-06,9.916,2026-08-04,4,OK,0,,,,,,,,
ULTA,2258,8.8513721140213,OK,,2643741000.0,2026-10-06,8.735,2026-08-27,4,OK,0,,,,,,,,
UMH,2259,,OWNERSHIP_BASIS_UNVERIFIED,,890363000.0,2026-10-06,1.458,2026-08-05,4,OWNERSHIP_BASIS_UNVERIFIED,0,,,,,,,,REQUIRES_MORE_EVIDENCE
UNCY,2260,2.211896708115203,OK,,53270000.0,2026-10-06,2.818,2026-08-12,4,OK,0,,,,,,,,
UNF,2261,2.0709985690171977,OK,,2198045000.0,2026-10-06,2.24,2026-07-08,4,OK,0,,,,,,,,
UNFI,2262,,MISSING_EQUITY,,,2026-10-06,,2026-09-14,0,MISSING_EQUITY,0,,,,,,,,
UNH,2263,3.4311141974587445,OK,,98447000000.0,2026-10-06,3.727,2026-08-10,4,OK,0,,,,,,,,
UNIT,2264,12.173830873636476,OK,,161500000.0,2026-10-06,13.962,2026-07-30,4,OK,0,,,,,,,,
UNP,2265,7.948880897765307,OK,,20673000000.0,2026-10-06,8.745,2026-07-23,4,OK,0,,,,,,,,
UP,2266,,NEGATIVE_EQUITY,,-560300000.0,2026-10-06,,2026-08-05,0,NEGATIVE_EQUITY,0,,,,,,,,
UPBD,2267,1.2210797583479753,OK,,733350000.0,2026-10-06,1.541,2026-07-31,4,OK,0,,,,,,,,
UPLD,2268,,NEGATIVE_EQUITY,,-89753000.0,2026-10-06,,2026-08-14,0,NEGATIVE_EQUITY,0,,,,,,,,
UPS,2269,5.257600957011738,OK,,15067000000.0,2026-10-06,6.081,2026-08-05,4,OK,0,,,,,,,,
UPWK,2270,1.7082450005690366,OK,,611266000.0,2026-10-06,2.009,2026-08-10,4,OK,0,,,,,,,,
UPXI,2271,,MISSING_EQUITY,,,2026-10-06,,2026-09-17,0,MISSING_EQUITY,0,,,,,,,,
URBN,2272,,MISSING_EQUITY,,,2026-10-06,,2026-09-09,0,MISSING_EQUITY,0,,,,,,,,
URGN,2273,,NEGATIVE_EQUITY,,-132396000.0,2026-10-06,,2026-08-05,0,NEGATIVE_EQUITY,0,,,,,,,,
URI,2274,7.291899193328447,OK,,9224000000.0,2026-10-06,6.984,2026-07-22,4,OK,0,,,,,,,,
USAC,2275,13.046905624528765,OK,,287067000.0,2026-10-06,13.168,2026-08-06,2,OK,0,,,,,,,,
USAR,2276,,OWNERSHIP_BASIS_UNVERIFIED,,2538028000.0,2026-10-06,1.836,2026-08-10,3,OWNERSHIP_BASIS_UNVERIFIED,0,,,,,,,,REQUIRES_MORE_EVIDENCE
USAU,2277,,MISSING_EQUITY,,,2026-10-06,,2026-09-11,0,MISSING_EQUITY,0,,,,,,,,
USFD,2278,4.88020669014125,OK,,4279000000.0,2026-10-06,5.408,2026-08-06,4,OK,0,,,,,,,,
USLM,2279,4.61046840947155,OK,,695731000.0,2026-10-06,4.657,2026-07-30,4,OK,0,,,,,,,,
USNA,2280,0.5206229794270868,OK,,526306000.0,2026-10-06,0.478,2026-08-13,4,OK,0,,,,,,,,
USPH,2281,2.7816081647266184,OK,,448656000.0,2026-10-06,2.663,2026-08-07,4,OK,0,,,,,,,,
UTHR,2282,3.6295886742203947,OK,,6400300000.0,2026-10-06,3.478,2026-08-05,4,OK,0,,,,,,,,
UTI,2283,3.147558270763311,OK,,344306000.0,2026-10-06,4.46,2026-08-06,4,OK,0,,,,,,,,
UTZ,2284,,OWNERSHIP_BASIS_UNVERIFIED,LARGE_ENDPOINT_VS_AVERAGE_SHARE_DIFFERENCE,695900000.0,2026-10-06,2.921,2026-08-05,4,OWNERSHIP_BASIS_UNVERIFIED,0,,,,,,,,REQUIRES_MORE_EVIDENCE
UVV,2285,0.765535780788438,OK,,1388829000.0,2026-10-06,0.934,2026-08-05,4,OK,0,,,,,,,,
VAC,2286,1.7485263013628494,OK,,2057000000.0,2026-10-06,2.086,2026-08-06,4,OK,0,,,,,,,,
VAL,2287,,OWNERSHIP_BASIS_UNVERIFIED,,3220700000.0,2026-10-06,1.665,2026-08-06,4,OWNERSHIP_BASIS_UNVERIFIED,0,,,,,,,,REQUIRES_MORE_EVIDENCE
VANI,2288,,OWNERSHIP_BASIS_UNVERIFIED,,18967000.0,2026-10-06,6.373,2026-08-13,4,OWNERSHIP_BASIS_UNVERIFIED,0,,,,,,,,REQUIRES_MORE_EVIDENCE
VATE,2289,,NEGATIVE_EQUITY,,-243200000.0,2026-10-06,,2026-08-06,0,NEGATIVE_EQUITY,0,,,,,,,,
VC,2290,1.479930911741535,OK,,1611000000.0,2026-10-06,1.659,2026-07-23,4,OK,0,,,,,,,,
VCEL,2291,5.542155738505879,OK,,370041000.0,2026-10-06,6.588,2026-07-30,4,OK,0,,,,,,,,
VCYT,2292,2.58530575187213,OK,,1388403000.0,2026-10-06,2.682,2026-07-31,4,OK,0,,,,,,,,
VECO,2293,3.7695556035325097,OK,,902782000.0,2026-10-06,3.586,2026-08-05,4,OK,0,,,,,,,,
VEEE,2294,0.4179485121583544,OK,,14405556.0,2026-10-06,0.367,2026-08-06,4,OK,0,,,,,,,,
VEEV,2295,6.176609564971784,OK,,7431449000.0,2026-10-06,6.147,2026-08-27,4,OK,0,,,,,,,,
VELO,2296,,OWNERSHIP_BASIS_UNVERIFIED,,146539000.0,2026-10-06,3.003,2026-08-11,4,OWNERSHIP_BASIS_UNVERIFIED,0,,,,,,,,REQUIRES_MORE_EVIDENCE
VERA,2297,5.199415636720791,OK,,407758000.0,2026-10-06,5.581,2026-08-10,4,OK,0,,,,,,,,
VERI,2298,1.9789530199812968,OK,,37869000.0,2026-10-06,3.953,2026-08-13,4,OK,0,,,,,,,,
VERU,2299,1.4841392266140112,OK,LARGE_ENDPOINT_VS_AVERAGE_SHARE_DIFFERENCE,28376240.0,2026-10-06,1.664,2026-08-10,4,OK,0,,,,,,,,
VERX,2300,8.268772652854853,OK,,241107000.0,2026-10-06,8.336,2026-08-04,4,OK,0,,,,,,,,
VFC,2301,3.219279005878064,OK,,1764617000.0,2026-10-06,3.36,2026-07-29,4,OK,0,,,,,,,,
VFF,2302,1.092817652618499,OK,,312201000.0,2026-10-06,0.928,2026-08-10,4,OK,0,,,,,,,,
VIAV,2303,8.20057754181281,OK,,1448500000.0,2026-10-06,7.323,2026-08-13,4,OK,0,,,,,,,,
VICI,2304,0.8579653707289687,OK,,29170749000.0,2026-10-06,1.024,2026-07-29,4,OK,0,,,,,,,,
VICR,2305,16.539578044199427,OK,,834319000.0,2026-10-06,10.1,2026-07-29,4,OK,0,,,,,,,,
VIR,2306,1.9978820992625548,OK,,982493000.0,2026-10-06,1.569,2026-08-05,4,OK,0,,,,,,,,
VITL,2307,1.4227111661887026,OK,,283653000.0,2026-10-06,1.893,2026-08-06,4,OK,0,,,,,,,,
VIVS,2308,,NEGATIVE_EQUITY,LARGE_ENDPOINT_VS_AVERAGE_SHARE_DIFFERENCE,-2346000.0,2026-10-06,,2026-08-12,2,NEGATIVE_EQUITY,0,,,,,,,,
VKTX,2309,,OWNERSHIP_BASIS_UNVERIFIED,,408317000.0,2026-10-06,9.551,2026-07-29,4,OWNERSHIP_BASIS_UNVERIFIED,0,,,,,,,,REQUIRES_MORE_EVIDENCE
VLO,2310,4.828004901879683,OK,,25001000000.0,2026-10-06,3.59,2026-07-30,4,OK,0,,,,,,,,
VLTO,2311,7.592466026736118,OK,,3097000000.0,2026-10-06,7.78,2026-07-29,4,OK,0,,,,,,,,
VMC,2312,3.8094285669942063,OK,,8464700000.0,2026-10-06,4.346,2026-07-29,4,OK,0,,,,,,,,
VMD,2313,2.467319995654309,OK,,144028000.0,2026-10-06,3.091,2026-08-03,4,OK,0,,,,,,,,
VMI,2314,5.4433625390579925,OK,HISTORICAL_OHLC_INCOMPLETE,1726753000.0,2026-10-06,5.374,2026-07-28,4,OK,0,,,,,,,,
VNCE,2315,,MISSING_EQUITY,,,2026-10-06,,2026-09-11,0,MISSING_EQUITY,0,,,,,,,,
VNDA,2316,1.2411896545485195,OK,,220185000.0,2026-10-06,1.405,2026-08-06,4,OK,0,,,,,,,,
VNO,2317,,OWNERSHIP_BASIS_UNVERIFIED,,5787587000.0,2026-10-06,1.288,2026-08-03,4,OWNERSHIP_BASIS_UNVERIFIED,0,,,,,,,,REQUIRES_MORE_EVIDENCE
VNOM,2318,2.9670140327068104,OK,LARGE_ENDPOINT_VS_AVERAGE_SHARE_DIFFERENCE,5035000000.0,2026-10-06,2.956,2026-08-05,4,OK,0,,,,,,,,
VNT,2319,3.722619284505645,OK,,1192700000.0,2026-10-06,3.999,2026-08-06,4,OK,0,,,,,,,,
VOR,2320,,NEGATIVE_EQUITY,,-200197000.0,2026-10-06,,2026-08-11,0,NEGATIVE_EQUITY,0,,,,,,,,
VPG,2321,3.1188328512337202,OK,,332751000.0,2026-10-06,2.945,2026-08-05,4,OK,0,,,,,,,,
VRA,2322,,MISSING_EQUITY,,,2026-10-06,,2026-09-15,0,MISSING_EQUITY,0,,,,,,,,
VRDN,2323,3.1176475099394385,OK,,662097000.0,2026-10-06,3.852,2026-08-06,4,OK,0,,,,,,,,
VREX,2324,1.5666693127832247,OK,,496600000.0,2026-10-06,1.565,2026-08-10,4,OK,0,,,,,,,,
VRNS,2325,12.682658251346657,OK,,444493000.0,2026-10-06,10.504,2026-07-29,4,OK,0,,,,,,,,
VRRM,2326,,OWNERSHIP_BASIS_UNVERIFIED,,223622000.0,2026-10-06,3.813,2026-08-05,4,OWNERSHIP_BASIS_UNVERIFIED,0,,,,,,,,REQUIRES_MORE_EVIDENCE
VRSK,2327,,NEGATIVE_EQUITY,,-1189000000.0,2026-10-06,,2026-07-29,2,NEGATIVE_EQUITY,0,,,,,,,,
VRSN,2328,,NEGATIVE_EQUITY,,-2254100000.0,2026-10-06,,2026-07-23,0,NEGATIVE_EQUITY,0,,,,,,,,
VRT,2329,,OWNERSHIP_BASIS_UNVERIFIED,,4757600000.0,2026-10-06,18.049,2026-07-29,4,OWNERSHIP_BASIS_UNVERIFIED,0,,,,,,,,REQUIRES_MORE_EVIDENCE
VRTX,2330,6.287859783762213,OK,,20247900000.0,2026-10-06,5.992,2026-08-04,4,OK,0,,,,,,,,
VS,2331,,OWNERSHIP_BASIS_UNVERIFIED,LARGE_ENDPOINT_VS_AVERAGE_SHARE_DIFFERENCE,11837643.0,2026-10-06,0.74,2026-08-14,4,OWNERSHIP_BASIS_UNVERIFIED,0,,,,,,,,REQUIRES_MORE_EVIDENCE
VSAT,2332,2.2083197415439906,OK,,4639852000.0,2026-10-06,2.434,2026-08-06,4,OK,0,,,,,,,,
VSEC,2333,,OWNERSHIP_BASIS_UNVERIFIED,,2933436000.0,2026-10-06,2.157,2026-08-06,4,OWNERSHIP_BASIS_UNVERIFIED,0,,,,,,,,REQUIRES_MORE_EVIDENCE
VSH,2334,1.9924726836149043,OK,,2912897000.0,2026-10-06,1.747,2026-08-05,4,OK,0,,,,,,,,
VST,2335,,OWNERSHIP_BASIS_UNVERIFIED,,5482000000.0,2026-10-06,8.747,2026-08-10,4,OWNERSHIP_BASIS_UNVERIFIED,0,,,,,,,,REQUIRES_MORE_EVIDENCE
VSTD,2336,,STALE_EQUITY,LARGE_ENDPOINT_VS_AVERAGE_SHARE_DIFFERENCE,4687617.0,2026-10-05,4.734,2025-08-20,3,STALE_EQUITY,0,,,,,,,,
VSTM,2337,14.041264909174568,OK,,49986000.0,2026-10-06,10.708,2026-08-06,3,OK,0,,,,,,,,
VSTS,2338,2.0960800478573587,OK,,877671000.0,2026-10-06,2.09,2026-08-11,4,OK,0,,,,,,,,
VTGN,2339,0.45317706588783135,OK,,24481000.0,2026-10-06,0.489,2026-08-14,4,OK,0,,,,,,,,
VTOL,2340,1.0969498337935142,OK,,1089265000.0,2026-10-06,1.204,2026-08-05,4,OK,0,,,,,,,,
VTR,2341,,OWNERSHIP_BASIS_UNVERIFIED,,14649399000.0,2026-10-06,3.219,2026-07-30,4,OWNERSHIP_BASIS_UNVERIFIED,0,,,,,,,,REQUIRES_MORE_EVIDENCE
VTRS,2342,1.4127433175876092,OK,,14260400000.0,2026-10-06,1.312,2026-08-06,4,OK,0,,,,,,,,
VTS,2343,1.1445149125330314,OK,,623923000.0,2026-10-06,1.047,2026-08-03,4,OK,0,,,,,,,,
VUZI,2344,11.714427970264175,OK,,21113596.0,2026-10-06,10.555,2026-08-13,4,OK,0,,,,,,,,
VVOS,2345,,NEGATIVE_EQUITY,,-3815000.0,2026-10-06,,2026-08-14,1,NEGATIVE_EQUITY,0,,,,,,,,
VVV,2346,9.451866644431925,OK,,416700000.0,2026-10-06,11.323,2026-08-05,4,OK,0,,,,,,,,
VVX,2347,1.9606459615731837,OK,,1134456000.0,2026-10-06,2.387,2026-08-03,4,OK,0,,,,,,,,
VYGR,2348,0.9818830164502366,OK,,154377000.0,2026-10-06,1.249,2026-08-06,4,OK,0,,,,,,,,
VYX,2349,1.0034669721095835,OK,,926000000.0,2026-10-06,1.419,2026-08-05,4,OK,0,,,,,,,,
VZ,2350,1.8383040982106893,OK,,103920000000.0,2026-10-06,1.871,2026-07-31,4,OWNERSHIP_BASIS_UNVERIFIED,1,PB_OWNERSHIP_BASIS_V1,ORDINARY_COMMON,2026-06-30,1.0,,4154775202.0,d51f97b27ce32592e5cacf58285fa2a3a1dab178a40e45c7ee45aa8c1195837c,SAFE_TO_RELEASE_UNDER_GENERIC_CONTRACT
W,2351,,NEGATIVE_EQUITY,,-2788000000.0,2026-10-06,,2026-08-04,0,NEGATIVE_EQUITY,0,,,,,,,,
WAB,2352,4.385596932025148,OK,,11214000000.0,2026-10-06,4.368,2026-07-22,4,OK,0,,,,,,,,
WAT,2353,2.821877088788374,OK,,15195000000.0,2026-10-06,2.683,2026-08-11,4,OK,0,,,,,,,,
WBD,2354,,OWNERSHIP_BASIS_UNVERIFIED,,32838000000.0,2026-10-06,2.018,2026-08-06,4,OWNERSHIP_BASIS_UNVERIFIED,0,,,,,,,,REQUIRES_MORE_EVIDENCE
WCC,2355,,OWNERSHIP_BASIS_UNVERIFIED,,5219800000.0,2026-10-06,3.199,2026-07-30,4,OWNERSHIP_BASIS_UNVERIFIED,0,,,,,,,,REQUIRES_MORE_EVIDENCE
WCN,2356,4.919937490311388,OK,,7921218000.0,2026-10-06,5.345,2026-07-23,4,OK,0,,,,,,,,
WDAY,2357,6.959527977627498,OK,,6460000000.0,2026-10-06,7.221,2026-08-27,4,OK,0,,,,,,,,
WDC,2358,16.718947732688875,OK,,8864000000.0,2026-10-06,20.695,2026-08-14,4,OK,0,,,,,,,,
WDFC,2359,9.83086016275518,OK,,278733000.0,2026-10-06,11.528,2026-07-09,4,OK,0,,,,,,,,
WEAV,2360,6.948340069615655,OK,,84969000.0,2026-10-06,6.27,2026-08-06,4,OK,0,,,,,,,,
WEC,2361,2.378821118458618,OK,,14134900000.0,2026-10-06,2.519,2026-08-04,4,OK,0,,,,,,,,
WELL,2362,,OWNERSHIP_BASIS_UNVERIFIED,,46414348000.0,2026-10-06,3.782,2026-07-28,4,OWNERSHIP_BASIS_UNVERIFIED,0,,,,,,,,REQUIRES_MORE_EVIDENCE
WEN,2363,,OWNERSHIP_BASIS_UNVERIFIED,,120467000.0,2026-10-06,12.171,2026-08-07,4,OWNERSHIP_BASIS_UNVERIFIED,0,,,,,,,,REQUIRES_MORE_EVIDENCE
WERN,2364,1.4509368917849865,OK,,1356262000.0,2026-10-06,1.659,2026-08-07,4,OK,0,,,,,,,,
WES,2365,4.480749582305941,OK,,4258306000.0,2026-10-06,4.478,2026-08-05,4,OK,0,,,,,,,,
WEST,2366,,NEGATIVE_EQUITY,,-31273000.0,2026-10-06,,2026-08-06,1,NEGATIVE_EQUITY,0,,,,,,,,
WEX,2367,4.346507889831659,OK,,1344600000.0,2026-10-06,4.346,2026-07-23,4,OK,0,,,,,,,,
WFRD,2368,3.2032054155580147,OK,,1789000000.0,2026-10-06,3.491,2026-07-22,4,OK,0,,,,,,,,
WGO,2369,0.5713779179499787,OK,,1234400000.0,2026-10-06,0.707,2026-06-25,4,OK,0,,,,,,,,
WGS,2370,,OWNERSHIP_BASIS_UNVERIFIED,LARGE_ENDPOINT_VS_AVERAGE_SHARE_DIFFERENCE,244221000.0,2026-10-06,8.287,2026-08-03,4,OWNERSHIP_BASIS_UNVERIFIED,0,,,,,,,,REQUIRES_MORE_EVIDENCE
WH,2371,11.232162763619137,OK,,480000000.0,2026-10-06,11.36,2026-07-23,4,OK,0,,,,,,,,
WHD,2372,4.146556009978194,OK,,1240816000.0,2026-10-06,4.201,2026-07-31,4,OK,0,,,,,,,,
WHLR,2373,,MISSING_EQUITY,LARGE_ENDPOINT_VS_AVERAGE_SHARE_DIFFERENCE,,2026-10-06,,2026-08-06,0,MISSING_EQUITY,0,,,,,,,,
WHR,2374,,OWNERSHIP_BASIS_UNVERIFIED,,3933000000.0,2026-10-06,0.74,2026-08-04,4,OWNERSHIP_BASIS_UNVERIFIED,0,,,,,,,,REQUIRES_MORE_EVIDENCE
WHWK,2375,1.1250650273036318,OK,LARGE_ENDPOINT_VS_AVERAGE_SHARE_DIFFERENCE,182925000.0,2026-10-06,1.465,2026-08-06,4,OK,0,,,,,,,,
WING,2376,,NEGATIVE_EQUITY,,-772987000.0,2026-10-06,,2026-07-29,0,NEGATIVE_EQUITY,0,,,,,,,,
WK,2377,,NEGATIVE_EQUITY,,-97076000.0,2026-10-06,,2026-08-04,0,NEGATIVE_EQUITY,0,,,,,,,,
WKC,2378,1.4854144289244222,OK,,1257600000.0,2026-10-06,1.551,2026-07-24,4,OK,0,,,,,,,,
WKHS,2379,4.4761828539061925,OK,,7178000.0,2026-10-06,4.628,2026-08-13,4,OK,0,,,,,,,,
WKSP,2380,,OWNERSHIP_BASIS_UNVERIFIED,LARGE_ENDPOINT_VS_AVERAGE_SHARE_DIFFERENCE,19076254.0,2026-10-06,0.57,2026-08-11,4,OWNERSHIP_BASIS_UNVERIFIED,0,,,,,,,,REQUIRES_MORE_EVIDENCE
WLDN,2381,3.212314786331255,OK,,350465000.0,2026-10-06,3.748,2026-08-07,4,OK,0,,,,,,,,
WLK,2382,0.930617242931554,OK,,8705000000.0,2026-10-06,1.156,2026-08-05,4,OK,0,,,,,,,,
WLY,2383,,OWNERSHIP_BASIS_UNVERIFIED,,797039000.0,2026-10-06,3.064,2026-09-04,4,OWNERSHIP_BASIS_UNVERIFIED,0,,,,,,,,REQUIRES_MORE_EVIDENCE
WM,2384,8.372069964902197,OK,,9925000000.0,2026-10-06,9.529,2026-07-29,4,OK,0,,,,,,,,
WMB,2385,6.713047198750403,OK,,13190000000.0,2026-10-06,6.531,2026-08-03,4,OK,0,,,,,,,,
WMG,2386,16.91224946296354,OK,,854000000.0,2026-10-06,15.926,2026-08-05,4,OK,0,,,,,,,,
WMK,2387,1.295955718204867,OK,,1386203000.0,2026-10-06,1.361,2026-08-06,4,OK,0,,,,,,,,
WMS,2388,5.47413724685268,OK,,1791693000.0,2026-10-06,6.248,2026-08-06,4,OK,0,,,,,,,,
WMT,2389,8.657521252705958,OK,,98238000000.0,2026-10-06,8.326,2026-08-28,4,OK,0,,,,,,,,
WNC,2390,1.9412783185756808,OK,,291058000.0,2026-10-06,1.736,2026-07-29,4,OK,0,,,,,,,,
WOOF,2391,0.5963463537030214,OK,,1206927000.0,2026-10-06,0.725,2026-09-04,4,OK,0,,,,,,,,
WOR,2392,2.936903501687181,OK,,1027040000.0,2026-10-06,2.652,2026-07-30,4,OK,0,,,,,,,,
WPC,2393,1.6814911623002682,OK,,8672397000.0,2026-10-06,1.963,2026-07-29,4,OK,0,,,,,,,,
WRAP,2394,6.504243685713955,OK,,13346000.0,2026-10-06,7.847,2026-08-11,4,OK,0,,,,,,,,
WRBY,2395,8.271334872091339,OK,,391985000.0,2026-10-06,8.502,2026-08-06,4,OK,0,,,,,,,,
WS,2396,1.8298783276341286,OK,,1063300000.0,2026-10-06,1.683,2026-07-30,4,OK,0,,,,,,,,
WSC,2397,3.454064739348301,OK,,910659000.0,2026-10-06,5.137,2026-08-06,4,OK,0,,,,,,,,
WSM,2398,13.327020449793872,OK,,2140914000.0,2026-10-06,12.933,2026-08-28,4,OK,0,,,,,,,,
WSO,2399,,MULTI_CLASS_UNVERIFIED,,2994413000.0,2026-10-06,4.548,2026-08-07,4,OWNERSHIP_BASIS_UNVERIFIED,0,PB_OWNERSHIP_BASIS_V1,HELD,2026-08-07,1.0,,,2023d6006d5e3dbc3b779f8df0805d94466c72cfaee38bdce4b61f5962a3db67,REQUIRES_MULTI_CLASS_CONTRACT
WST,2400,8.77025783645741,OK,,2990200000.0,2026-10-06,8.366,2026-07-23,4,OK,0,,,,,,,,
WTI,2401,,NEGATIVE_EQUITY,,-196201000.0,2026-10-06,,2026-08-05,0,NEGATIVE_EQUITY,0,,,,,,,,
WTRG,2402,,OWNERSHIP_BASIS_UNVERIFIED,,7018256000.0,2026-10-06,1.601,2026-08-05,4,OWNERSHIP_BASIS_UNVERIFIED,0,,,,,,,,REQUIRES_MORE_EVIDENCE
WTS,2403,5.526485283642978,OK,,2189400000.0,2026-10-06,5.75,2026-08-06,4,OK,0,,,,,,,,
WTTR,2404,2.638041818204064,OK,,1049351000.0,2026-10-06,2.938,2026-08-05,4,OK,0,,,,,,,,
WVE,2405,1.5293913658528937,OK,,453520000.0,2026-10-06,2.503,2026-07-30,4,OK,0,,,,,,,,
WWD,2406,7.9377174312190775,OK,,2473794000.0,2026-10-06,8.504,2026-07-30,4,OK,0,,,,,,,,
WWW,2407,3.527829390609632,OK,,449200000.0,2026-10-06,3.632,2026-08-13,4,OK,0,,,,,,,,
WY,2408,,OWNERSHIP_BASIS_UNVERIFIED,,9456000000.0,2026-10-06,1.908,2026-07-31,4,OWNERSHIP_BASIS_UNVERIFIED,0,,,,,,,,REQUIRES_MORE_EVIDENCE
WYNN,2409,,NEGATIVE_EQUITY,,-169451000.0,2026-10-06,,2026-08-06,0,NEGATIVE_EQUITY,0,,,,,,,,
XAIR,2410,1.2228137227524265,OK,LARGE_ENDPOINT_VS_AVERAGE_SHARE_DIFFERENCE,1997000.0,2026-10-06,3.318,2026-08-13,4,OK,0,,,,,,,,
XEL,2411,,OWNERSHIP_BASIS_UNVERIFIED,,24057000000.0,2026-10-06,2.031,2026-07-30,4,OWNERSHIP_BASIS_UNVERIFIED,0,,,,,,,,REQUIRES_MORE_EVIDENCE
XENE,2412,2.8505038399082463,OK,,1242396000.0,2026-10-06,5.031,2026-08-06,4,OK,0,,,,,,,,
XERS,2413,,NEGATIVE_EQUITY,,-9734000.0,2026-10-06,,2026-08-06,2,NEGATIVE_EQUITY,0,,,,,,,,
XFOR,2414,1.7666735897366805,OK,,155454000.0,2026-10-06,2.66,2026-08-06,4,OK,0,,,,,,,,
XGN,2415,16.241446974839818,OK,,12216000.0,2026-10-06,12.791,2026-08-04,4,OK,0,,,,,,,,
XHR,2416,1.501033657696055,OK,,1109875000.0,2026-10-06,1.669,2026-07-30,4,OK,0,,,,,,,,
XIFR,2417,0.3023020151030785,OK,,3237000000.0,2026-10-06,0.344,2026-07-28,4,OK,0,,,,,,,,
XMTR,2418,10.66080941090545,OK,,595023000.0,2026-10-06,8.83,2026-08-04,4,OK,0,,,,,,,,
XNCR,2419,3.5992607651039132,OK,,503228000.0,2026-10-06,2.931,2026-08-05,4,OK,0,,,,,,,,
XOM,2420,2.607476527152505,OK,,259380000000.0,2026-10-06,2.458,2026-08-03,4,OK,0,,,,,,,,
XOS,2421,,OWNERSHIP_BASIS_UNVERIFIED,,22857000.0,2026-10-06,1.605,2026-08-13,4,OWNERSHIP_BASIS_UNVERIFIED,0,,,,,,,,REQUIRES_MORE_EVIDENCE
XPEL,2422,4.066375873481822,OK,,306125000.0,2026-10-06,4.509,2026-08-07,4,OK,0,,,,,,,,
XPER,2423,0.6203900646919807,OK,,415086000.0,2026-10-06,0.806,2026-08-06,4,OK,0,,,,,,,,
XPO,2424,10.950150920502121,OK,,1962000000.0,2026-10-06,11.891,2026-07-30,4,OK,0,,,,,,,,
XPOF,2425,,NEGATIVE_EQUITY,,-321430000.0,2026-10-06,,2026-08-07,0,NEGATIVE_EQUITY,0,,,,,,,,
XPON,2426,0.817019947877095,OK,,4817447.0,2026-10-06,0.709,2026-08-10,4,OK,0,,,,,,,,
XPRO,2427,1.214449151644529,OK,,1515424000.0,2026-10-06,1.335,2026-05-05,4,OK,0,,,,,,,,
XRAY,2428,1.2572132603826516,OK,,1351000000.0,2026-10-06,1.943,2026-08-06,4,OK,0,,,,,,,,
XRX,2429,,OWNERSHIP_BASIS_UNVERIFIED,,323000000.0,2026-10-06,1.313,2026-08-06,4,OWNERSHIP_BASIS_UNVERIFIED,0,,,,,,,,REQUIRES_MORE_EVIDENCE
XTIA,2430,,NEGATIVE_EQUITY,,-26607000.0,2026-10-06,,2026-05-14,3,NEGATIVE_EQUITY,0,,,,,,,,
XXII,2431,0.03523815739048659,OK,LARGE_ENDPOINT_VS_AVERAGE_SHARE_DIFFERENCE,18641000.0,2026-10-06,0.166,2026-08-14,4,OK,0,,,,,,,,
XYL,2432,2.3429340619504346,OK,,10421000000.0,2026-10-06,2.8,2026-07-28,4,OK,0,,,,,,,,
XYZ,2433,2.085757400927073,OK,,22047075000.0,2026-10-06,2.294,2026-08-05,4,OK,0,,,,,,,,
YELP,2434,1.5272316781455457,OK,,644527000.0,2026-10-06,2.152,2026-08-07,4,OK,0,,,,,,,,
YETI,2435,4.819983197813304,OK,,609504000.0,2026-10-06,5.445,2026-08-13,4,OK,0,,,,,,,,
YEXT,2436,18.20706333285831,OK,,35662000.0,2026-10-06,18.124,2026-09-01,4,OK,0,,,,,,,,
YOU,2437,27.22252586996892,OK,LARGE_ENDPOINT_VS_AVERAGE_SHARE_DIFFERENCE,206243000.0,2026-10-06,37.036,2026-08-05,4,OK,0,,,,,,,,
YUM,2438,,NEGATIVE_EQUITY,,-7107000000.0,2026-10-06,,2026-08-05,0,NEGATIVE_EQUITY,0,,,,,,,,
YUMC,2439,2.5967237480931953,OK,,5357000000.0,2026-10-06,3.081,2026-08-10,4,OK,0,,,,,,,,
YYAI,2440,,MISSING_EQUITY,LARGE_ENDPOINT_VS_AVERAGE_SHARE_DIFFERENCE,,2026-10-06,,2026-09-22,0,MISSING_EQUITY,0,,,,,,,,
"Z,ZG",2441,,MISSING_PRICE,HISTORICAL_PRICE_CORROBORATION_UNAVAILABLE,4308000000.0,,1.926,2026-08-05,4,MISSING_PRICE,0,,,,,,,,
ZBH,2442,1.3549977429897673,OK,,12623900000.0,2026-10-06,1.483,2026-08-05,4,OK,0,,,,,,,,
ZBRA,2443,5.313393408165278,OK,,3435000000.0,2026-10-06,5.08,2026-08-04,4,OK,0,,,,,,,,
ZD,2444,0.8393053178452683,OK,,2237458000.0,2026-10-06,0.826,2026-08-07,4,OK,0,,,,,,,,
ZEO,2445,,OWNERSHIP_BASIS_UNVERIFIED,LARGE_ENDPOINT_VS_AVERAGE_SHARE_DIFFERENCE,9263661.0,2026-10-06,3.923,2026-08-14,3,OWNERSHIP_BASIS_UNVERIFIED,0,,,,,,,,REQUIRES_MORE_EVIDENCE
ZETA,2446,8.927064498059014,OK,,926497000.0,2026-10-06,7.334,2026-08-05,4,OK,0,,,,,,,,
ZIP,2447,,NEGATIVE_EQUITY,,-33813000.0,2026-10-06,,2026-08-05,0,NEGATIVE_EQUITY,0,,,,,,,,
ZLAB,2448,4.730799117145687,OK,,607037000.0,2026-10-06,3.862,2026-08-06,4,OWNERSHIP_BASIS_UNVERIFIED,1,PB_OWNERSHIP_BASIS_V1,ADR_FACTOR,2026-07-31,0.1,0.1,112266228.0,9819766af5dd794931e339fa482b5e807da034a9824169a246a4ab8a7722369d,REQUIRES_ADR_FACTOR_CONTRACT
ZM,2449,2.4316145243981575,OK,,11303611000.0,2026-10-06,2.422,2026-08-26,4,OK,0,,,,,,,,
ZNTL,2450,1.3321917481039018,OK,,143646000.0,2026-10-06,2.495,2026-08-06,4,OK,0,,,,,,,,
ZS,2451,13.319816465897768,OK,,2598261000.0,2026-10-06,11.158,2026-09-03,4,OK,0,,,,,,,,
ZTS,2452,9.363164004858644,OK,,3148000000.0,2026-10-06,10.143,2026-08-06,4,OK,0,,,,,,,,
ZUMZ,2453,,MISSING_EQUITY,,,2026-10-06,,2026-09-10,0,MISSING_EQUITY,0,,,,,,,,
ZURA,2454,,OWNERSHIP_BASIS_UNVERIFIED,,197085000.0,2026-10-06,2.703,2026-08-11,4,OWNERSHIP_BASIS_UNVERIFIED,0,,,,,,,,REQUIRES_MORE_EVIDENCE
ZVIA,2455,2.1031107787572765,OK,,44132000.0,2026-10-06,2.997,2026-08-05,4,OK,0,,,,,,,,
ZVRA,2456,2.9275538150178373,OK,,217652000.0,2026-10-06,2.873,2026-08-05,4,OK,0,,,,,,,,
ZWS,2457,,OWNERSHIP_BASIS_UNVERIFIED,,1659100000.0,2026-10-06,4.93,2026-07-28,4,OWNERSHIP_BASIS_UNVERIFIED,0,,,,,,,,REQUIRES_MORE_EVIDENCE
ZYME,2458,22.64684772214657,OK,,80369000.0,2026-10-06,20.422,2026-08-06,4,OK,0,,,,,,,,
SNDK,2459,15.450107313228761,OK,,15736000000.0,2026-10-06,16.626,2026-08-17,4,OK,0,,,,,,,,
AG,2460,2.9137767046868834,OK,,2965636000.0,2026-10-06,2.606,2026-07-30,4,OK,0,,,,,,,,
ALOY,2461,2.938971087411549,OK,,190604000.0,2026-10-06,4.687,2026-08-13,4,OK,0,,,,,,,,
ARM,2462,37.443114413971976,OK,,8630000000.0,2026-10-06,27.831,2026-07-29,4,OWNERSHIP_BASIS_UNVERIFIED,1,PB_OWNERSHIP_BASIS_V1,ADR_FACTOR,2026-05-21,1.0,1.0,1068000000.0,732277ccc5798c4ce9d3c4831069c1f075c5ce548edb328f2cde8896bf4e9b6b,REQUIRES_ADR_FACTOR_CONTRACT
ASML,2463,,OWNERSHIP_BASIS_UNVERIFIED,,24801590909.0,2026-10-06,28.142,2026-07-15,4,OWNERSHIP_BASIS_UNVERIFIED,0,PB_OWNERSHIP_BASIS_V1,HELD,2026-07-15,1.0,,,b4f1c505899c71df2bea94265476f89a62a482c1ec277dbe0315a2a538cdd2c7,REQUIRES_OFFICIAL_IDENTITY_OVERRIDE
ASX,2464,,MISSING_EQUITY,,,2026-10-06,,2026-07-30,0,MISSING_EQUITY,0,,,,,,,,
BABA,2465,,NEWER_SHARE_COUNT_REQUIRED,,156195169888.0,2026-10-06,1.95,2026-08-20,4,OWNERSHIP_BASIS_UNVERIFIED,0,PB_OWNERSHIP_BASIS_V1,HELD,2026-08-20,0.125,,,fc325cdf9a3e014fad907c9c9a127f5bb4ed5e989701bf43f28eb42c13b6f459,REQUIRES_NEWER_SHARE_COUNT
BHP,2466,,OWNERSHIP_BASIS_UNVERIFIED,,50923000000.0,2026-10-06,4.445,2026-08-18,4,OWNERSHIP_BASIS_UNVERIFIED,0,PB_OWNERSHIP_BASIS_V1,HELD,2026-08-18,0.5,,,ae8ce7fbf70ee588e93c42b8525bc95b24296c70afb3e5ebeffe6f301194d094,REQUIRES_ADR_FACTOR_CONTRACT
BIDU,2467,,MULTI_CLASS_UNVERIFIED,,40354013840.0,2026-10-06,0.764,2026-08-18,4,OWNERSHIP_BASIS_UNVERIFIED,0,PB_OWNERSHIP_BASIS_V1,HELD,2026-08-18,0.125,,,2bd17a7c423170aa2376ed8a82b89e3b72e7b35a2a51bc46c87da4c46dce41ea,REQUIRES_MULTI_CLASS_CONTRACT
BTDR,2468,,MISSING_EQUITY,,,2026-10-06,,2026-08-10,0,MISSING_EQUITY,0,,,,,,,,
CAMT,2469,10.1562132887379,OK,,710163000.0,2026-10-06,10.39,2026-08-10,4,OWNERSHIP_BASIS_UNVERIFIED,1,PB_OWNERSHIP_BASIS_V1,IDENTITY_OVERRIDE,2026-08-10,1.0,,46668177.0,d06fd473e599fcdb3e81f8fb6e5bedd88d1de1dc45da5b655711b84368a99f50,REQUIRES_OFFICIAL_IDENTITY_OVERRIDE
