company_id,fiscal_year,fiscal_quarter,current_canonical_quarter_id,period_end,display_ticker,current_authority_status,classification,reason,source_accession,source_form,primary_document,source_reference,publication_timestamp,source_evidence_hash,complete_evidence_fingerprint,resolver_context_sha256,retained_document_count,retained_source_references,retained_source_hashes,competing_context,existing_reviewed_result,approved,active_generation_id,proposal_timestamp
21,2025,Q4,770,2025-12-31,ABVC,UNRESOLVED,PERIOD_SCOPE_REVIEW_REQUIRED,NO_EXPLICIT_QUARTER_END_MATCH_IN_RETAINED_RESULTS_CONTENT,0001213900-26-023054,8-K,ea0279143-8k_abvc.htm,https://www.sec.gov/Archives/edgar/data/1173313/000121390026023054/ea0279143-8k_abvc.htm,2026-03-03T21:14:58Z,b2adf71fe01422e560e0d625fc56f909d49246195b862157c91a62f410639a67,7a11aa12c5ac6887d23b9b063e558c8101bc6557e3efaba638aa18029d3a02ee,85fa36d8840c50f218e09b6ad660a5dfdd7ca2c68c091d70cd208fd91c6ed9f2,2,https://www.sec.gov/Archives/edgar/data/1173313/000121390026023054/ea0279143-8k_abvc.htm;https://www.sec.gov/Archives/edgar/data/1173313/000121390026023054/ea027914301ex99-1.htm,5dc67bdfa671c9beced18ea3fa9b0032a4c84efdcef7f5082387d9a46f426f18;3c2291c7ad2a00ed06ebb751654730dcc3311bb7ef1c234326a6c58e04692954,NONE,REVIEW_REQUIRED_EVENT_EVIDENCE,False,refresh_20261009T042704Z_refresh_fundamentals_c7bbcb6dfda4_production_adc49771,2026-10-09T09:00:48Z
22,2025,Q1,800,2025-03-31,ACA,NOT_FOUND,PROPOSED_REVIEWED_EVENT_OBSERVATION,EXPLICIT_QUARTER_CONSOLIDATED_EARNINGS_STATEMENT_AND_REGISTRANT_RESULTS_ANNOUNCEMENT,0001739445-25-000065,8-K,aca-20250506.htm,https://www.sec.gov/Archives/edgar/data/1739445/000173944525000065/aca-20250506.htm,2025-05-06T20:20:08Z,5319e5b72d21c90eafc14d87f261ebf2a5bc53f3e9350215903fb3c6b2f881bb,1cb1fffd257ad694d0a792e3cf58b2d02d775b8e90fcc791d8a3135ef2ada82f,dbcb566147c73014d10d69c6d0277a04e971e633a935365f1728a7424de96bbc,2,https://www.sec.gov/Archives/edgar/data/1739445/000173944525000065/aca-20250506.htm;https://www.sec.gov/Archives/edgar/data/1739445/000173944525000065/exh991earningsrelease03312.htm,a4008daa2d9819c3148aaab02d65090787c332663c3eaae9e081a3131ae30803;a473962e39360ede0326e54fa034e0bc96c7023b755737f2928d83e4480b0de1,NONE,REVIEW_REQUIRED_EVENT_EVIDENCE,False,refresh_20261009T042704Z_refresh_fundamentals_c7bbcb6dfda4_production_adc49771,2026-10-09T09:00:48Z
22,2025,Q2,801,2025-06-30,ACA,NOT_FOUND,PROPOSED_REVIEWED_EVENT_OBSERVATION,EXPLICIT_QUARTER_CONSOLIDATED_EARNINGS_STATEMENT_AND_REGISTRANT_RESULTS_ANNOUNCEMENT,0001739445-25-000113,8-K,aca-20250807.htm,https://www.sec.gov/Archives/edgar/data/1739445/000173944525000113/aca-20250807.htm,2025-08-07T20:37:22Z,6c6fdcb24c8d290c1951626739c7cc2679966454f3f2a02a184afa43f405236f,7ed501a11c3e7c9efc89d8f8160e10682b977c2ddc062a4572c44ad228f260e6,d198a74fbaf3e26fa53f75f84106f1bf9b0ab23a8d8fbfc8500874a28a1c1ea1,2,https://www.sec.gov/Archives/edgar/data/1739445/000173944525000113/aca-20250807.htm;https://www.sec.gov/Archives/edgar/data/1739445/000173944525000113/exh991earningsrelease06302.htm,41b92e9be71715a750a841f4200951bf090dade64e74be7547b8b2e0ab7e2a13;65bd65e55cb6f7ddadbdb8814f2378ab946835da605d9b75ff061ccb19cada94,NONE,REVIEW_REQUIRED_EVENT_EVIDENCE,False,refresh_20261009T042704Z_refresh_fundamentals_c7bbcb6dfda4_production_adc49771,2026-10-09T09:00:48Z
22,2026,Q1,804,2026-03-31,ACA,NOT_FOUND,PROPOSED_REVIEWED_EVENT_OBSERVATION,EXPLICIT_QUARTER_CONSOLIDATED_EARNINGS_STATEMENT_AND_REGISTRANT_RESULTS_ANNOUNCEMENT,0001739445-26-000064,8-K,aca-20260430.htm,https://www.sec.gov/Archives/edgar/data/1739445/000173944526000064/aca-20260430.htm,2026-04-30T20:22:00Z,d07f169de2e0d50365b4ccdb0a49a935e69e68f7d29aeb2b7413c5392778da79,cdaf38c086a54c888756e9b6c0b3817bdc71b3cb6edd4bebe6fd394b02f4b239,0be83767f171fe5a80779bda7de712ba1017ea9d2453e2cb8ef22514dfebc3ec,2,https://www.sec.gov/Archives/edgar/data/1739445/000173944526000064/aca-20260430.htm;https://www.sec.gov/Archives/edgar/data/1739445/000173944526000064/exh991earningsrelease33120.htm,c2075c13e3e1f124f600c871cdceacb6590333df1f89c05e6a0fba02c58388dc;dbd069cb60652f024770ca1d3cf599ab08ea32795035f52385e3c6fa7b64602b,NONE,REVIEW_REQUIRED_EVENT_EVIDENCE,False,refresh_20261009T042704Z_refresh_fundamentals_c7bbcb6dfda4_production_adc49771,2026-10-09T09:00:48Z
22,2026,Q2,805,2026-06-30,ACA,NOT_FOUND,PROPOSED_REVIEWED_EVENT_OBSERVATION,EXPLICIT_QUARTER_CONSOLIDATED_EARNINGS_STATEMENT_AND_REGISTRANT_RESULTS_ANNOUNCEMENT,0001739445-26-000124,8-K,aca-20260805.htm,https://www.sec.gov/Archives/edgar/data/1739445/000173944526000124/aca-20260805.htm,2026-08-05T20:19:02Z,07ee736519d67cc26c609e4fdf56f9f8edddab9d8a0b9518a2624ba7bc7f4ff4,15342cda8fba5015bf518faa22b043de734991f88beadaf877a8a361f160b8e8,71cae97caf834846f33597dda13cde161cd93451a0e80c584436258f22c3a09d,2,https://www.sec.gov/Archives/edgar/data/1739445/000173944526000124/aca-20260805.htm;https://www.sec.gov/Archives/edgar/data/1739445/000173944526000124/exh991earningsrelease63020.htm,0855ba85d21bd2ce2fd9dde498e9ba1ce16e9dc795c34dad064481b9511d16d0;80a80071c1ea20674b3f59fa1924bef90e71c7513db189e9396af6c3f329c145,NONE,REVIEW_REQUIRED_EVENT_EVIDENCE,False,refresh_20261009T042704Z_refresh_fundamentals_c7bbcb6dfda4_production_adc49771,2026-10-09T09:00:48Z
31,2025,Q1,1120,2025-03-31,ACIW,NOT_FOUND,FINANCIAL_SCOPE_REVIEW_REQUIRED,NO_EXPLICIT_QUARTER_CONSOLIDATED_REVENUE_GAAP_NET_AND_BROAD_P_AND_L_PACKAGE,0000935036-25-000011,8-K,aciw-20250508.htm,https://www.sec.gov/Archives/edgar/data/935036/000093503625000011/aciw-20250508.htm,2025-05-08T13:10:24Z,b97125c8b98ec940fa98e72b8a5ecde9f8397ca2272a5a4dcd627c5f83b3ac20,da1390d09d4e44340d14efecec54bb6ce4bfd3ab0e4734b7592d94ef01616695,b3f94c0320dd1ac5598e4d23ee7c3c6c813ba2d61dd1bb21be23bded6b4582d3,1,https://www.sec.gov/Archives/edgar/data/935036/000093503625000011/aciw-20250508.htm,2648b4d7f70b6bc71e7baef33baa80ba37832276f784ae4c94e4f4f88736d6d6,NONE,REVIEW_REQUIRED_EVENT_EVIDENCE,False,refresh_20261009T042704Z_refresh_fundamentals_c7bbcb6dfda4_production_adc49771,2026-10-09T09:00:48Z
31,2025,Q2,1121,2025-06-30,ACIW,NOT_FOUND,FINANCIAL_SCOPE_REVIEW_REQUIRED,NO_EXPLICIT_QUARTER_CONSOLIDATED_REVENUE_GAAP_NET_AND_BROAD_P_AND_L_PACKAGE,0000935036-25-000017,8-K,aciw-20250807.htm,https://www.sec.gov/Archives/edgar/data/935036/000093503625000017/aciw-20250807.htm,2025-08-07T12:36:15Z,1a0213dcfa1a25366c9faaf0b5a0b9ac6a4fc9ee143f55cc8555f8487287d9e3,66ce721e5b96886cec91f22a8d1a20e18b5b0fb16b3249127380416ebb368a35,121f1645e7ec4e6050986cd3dedc21d9cd223b7c65d021f143c6a40bfd3e7c13,1,https://www.sec.gov/Archives/edgar/data/935036/000093503625000017/aciw-20250807.htm,a517f076b56b0cedda2a5cd39fc06c2d73a0a86a75663e3a0112966e6854aca5,NONE,REVIEW_REQUIRED_EVENT_EVIDENCE,False,refresh_20261009T042704Z_refresh_fundamentals_c7bbcb6dfda4_production_adc49771,2026-10-09T09:00:48Z
31,2026,Q1,1124,2026-03-31,ACIW,NOT_FOUND,FINANCIAL_SCOPE_REVIEW_REQUIRED,NO_EXPLICIT_QUARTER_CONSOLIDATED_REVENUE_GAAP_NET_AND_BROAD_P_AND_L_PACKAGE,0000935036-26-000019,8-K,aciw-20260507.htm,https://www.sec.gov/Archives/edgar/data/935036/000093503626000019/aciw-20260507.htm,2026-05-07T11:58:35Z,34b61236e67fed5d9c96b462a21f8fb44777bb9541ddb707ac5541bef0336bd0,75b5de36c22d2f90b41a51f793aa6ecfd09ef3723694456a9fca2801fb8b684e,4e2c68728b6603aef5c0711df939e35e3be70b49bbb2168e1b8bb36c1dcc9eb8,1,https://www.sec.gov/Archives/edgar/data/935036/000093503626000019/aciw-20260507.htm,38399c4bb148a2c4b1b44a94dd41b55464381eea528d2388e91adfc2279eef8c,NONE,REVIEW_REQUIRED_EVENT_EVIDENCE,False,refresh_20261009T042704Z_refresh_fundamentals_c7bbcb6dfda4_production_adc49771,2026-10-09T09:00:48Z
31,2026,Q2,1125,2026-06-30,ACIW,NOT_FOUND,PROPOSED_REVIEWED_EVENT_OBSERVATION,EXPLICIT_QUARTER_CONSOLIDATED_EARNINGS_STATEMENT_AND_REGISTRANT_RESULTS_ANNOUNCEMENT,0000935036-26-000026,8-K,aciw-20260806.htm,https://www.sec.gov/Archives/edgar/data/935036/000093503626000026/aciw-20260806.htm,2026-08-06T12:04:28Z,5ff6755af9744f23e4d7878f3e58a4fba6ceb96c1a1c66328f450ba0190a2bed,99fd8ba12cd55d1a6e399d0b29b4518248a7e959d29e22686a9ae9a4bf7c4c3d,f3f39ea2c79413efc5a68be51b7b6ac9410190e59362a6296162fe24c944a5bf,3,https://www.sec.gov/Archives/edgar/data/935036/000093503626000026/aciw-20260806.htm;https://www.sec.gov/Archives/edgar/data/935036/000093503626000026/aciw-20260806_exx991.htm;https://www.sec.gov/Archives/edgar/data/935036/000093503626000026/aciw-20260806_ex992.htm,1237eb75263631cc32b1ff734a9d7aedd839ee59b0ec682757fa45050daaefa8;d207539a09795319eca0f9b6d3dc7f86eb97a3ac3a17f42b463a01b4a863fb02;5853729a9b836499a76c832aa74b2dbe814e0fe86700a6f143ff86f72daa495c,NONE,REVIEW_REQUIRED_EVENT_EVIDENCE,False,refresh_20261009T042704Z_refresh_fundamentals_c7bbcb6dfda4_production_adc49771,2026-10-09T09:00:48Z
49,2025,Q1,1779,2025-03-31,ADM,UNRESOLVED,FINANCIAL_SCOPE_REVIEW_REQUIRED,NO_EXPLICIT_QUARTER_CONSOLIDATED_REVENUE_GAAP_NET_AND_BROAD_P_AND_L_PACKAGE,0000007084-25-000020,8-K,adm-20250506.htm,https://www.sec.gov/Archives/edgar/data/7084/000000708425000020/adm-20250506.htm,2025-05-06T15:04:16Z,97301b9e564c0695a25d9b5e81caedaea52247252b117fb44a0815906894239d,d4dcf41d0c6abe1ac820cb0f03c6f8cb90c282b6e284997640d70ee4d7773778,a8e1fd048e9973872a364afadf921acbd91e2dc8f88169e56fc2e985e1bab737,2,https://www.sec.gov/Archives/edgar/data/7084/000000708425000020/adm-20250506.htm;https://www.sec.gov/Archives/edgar/data/7084/000000708425000020/adm-ex991_20250331xq1.htm,34d99e67dd6422422f7cd2f33787becaa88eff0c177615d1ed221455c4e19249;99bafb4ac89c1463c2f6ccf6a3c7ed0ff37194535b0ad3fbfb13a217acd78899,NONE,REVIEW_REQUIRED_EVENT_EVIDENCE,False,refresh_20261009T042704Z_refresh_fundamentals_c7bbcb6dfda4_production_adc49771,2026-10-09T09:00:48Z
49,2025,Q4,1782,2025-12-31,ADM,UNRESOLVED,FINANCIAL_SCOPE_REVIEW_REQUIRED,NO_EXPLICIT_QUARTER_CONSOLIDATED_REVENUE_GAAP_NET_AND_BROAD_P_AND_L_PACKAGE,0000007084-26-000005,8-K,adm-20260203.htm,https://www.sec.gov/Archives/edgar/data/7084/000000708426000005/adm-20260203.htm,2026-02-03T16:03:39Z,33b96dc81f238db13e530f5f7bac463ec7f50a08240a3294c1c881d52d9f3dcc,bfb273a0fda995692dc83ec2a90010ef802a6b2e54437343abf30a7f628195aa,78884351cbba87262e805bced7e31179c9dbebbe413044f8b5816b9b1aa7f84a,2,https://www.sec.gov/Archives/edgar/data/7084/000000708426000005/adm-20260203.htm;https://www.sec.gov/Archives/edgar/data/7084/000000708426000005/adm-ex991_20251231xq4.htm,03e79c82b6f3b971886df123e5c7a060f08e6d56d518432e63ac9421de873dcd;dd27554f6dacf41a02624b4495dea35b7271d61860579e21e1dd9a4a9f186175,NONE,REVIEW_REQUIRED_EVENT_EVIDENCE,False,refresh_20261009T042704Z_refresh_fundamentals_c7bbcb6dfda4_production_adc49771,2026-10-09T09:00:48Z
49,2026,Q1,1783,2026-03-31,ADM,UNRESOLVED,FINANCIAL_SCOPE_REVIEW_REQUIRED,NO_EXPLICIT_QUARTER_CONSOLIDATED_REVENUE_GAAP_NET_AND_BROAD_P_AND_L_PACKAGE,0000007084-26-000021,8-K,adm-20260505.htm,https://www.sec.gov/Archives/edgar/data/7084/000000708426000021/adm-20260505.htm,2026-05-05T14:04:26Z,ea6239c6ffba46011bbc4b370235b7d7847c475ed3aea7b3dbce90785709ff1c,1f710561d17393321f53ff401e392e47076d11c050680319d4357db94cf0760e,5a6de3feb1254e8b724b7d0a0ce68831226c9e029fc1a5d20feb20cdb2d2ab29,2,https://www.sec.gov/Archives/edgar/data/7084/000000708426000021/adm-20260505.htm;https://www.sec.gov/Archives/edgar/data/7084/000000708426000021/adm-ex991_20260331xq1.htm,9e5a3eaf48db0be17a2289a57b96a16a4a3de0bc6c64445f504ab73acbf2d83c;451a6a7b55016c5ad2cd3f1cc818c6aa24eb8a8912396fcf38e39c97d15c920c,NONE,REVIEW_REQUIRED_EVENT_EVIDENCE,False,refresh_20261009T042704Z_refresh_fundamentals_c7bbcb6dfda4_production_adc49771,2026-10-09T09:00:48Z
49,2026,Q2,1784,2026-06-30,ADM,UNRESOLVED,FINANCIAL_SCOPE_REVIEW_REQUIRED,NO_EXPLICIT_QUARTER_CONSOLIDATED_REVENUE_GAAP_NET_AND_BROAD_P_AND_L_PACKAGE,0000007084-26-000040,8-K,adm-20260804.htm,https://www.sec.gov/Archives/edgar/data/7084/000000708426000040/adm-20260804.htm,2026-08-04T14:03:55Z,24826367b6c1eea654b2bfc8191cf610e7a4557f46c87dd6511f8a808556d5e3,3268529963958096831af7fd84129003e1dc408ca5da9a06e71dee71f60e1fc6,455d0b6475c1c1e61c41d61da6298c37a79596b307f83b05c9ab16755b32f63b,2,https://www.sec.gov/Archives/edgar/data/7084/000000708426000040/adm-20260804.htm;https://www.sec.gov/Archives/edgar/data/7084/000000708426000040/adm-ex991_20260630xq2.htm,2e67ee3730ca6d86b6352695c6701cb32d7335205596713a28c093eb66a8bfdd;50de42f72c953e93fd52dc5025ef747606e28f5547114ddb96c7ef52971e96b5,NONE,REVIEW_REQUIRED_EVENT_EVIDENCE,False,refresh_20261009T042704Z_refresh_fundamentals_c7bbcb6dfda4_production_adc49771,2026-10-09T09:00:48Z
58,2025,Q1,2120,2025-03-31,ADV,NOT_FOUND,FINANCIAL_SCOPE_REVIEW_REQUIRED,NO_EXPLICIT_QUARTER_CONSOLIDATED_REVENUE_GAAP_NET_AND_BROAD_P_AND_L_PACKAGE,0000950170-25-068542,8-K,adv-20250512.htm,https://www.sec.gov/Archives/edgar/data/1776661/000095017025068542/adv-20250512.htm,2025-05-12T15:05:17Z,4ef8b54acc057686dcd3a86762ae28f4cc4b79c5c2255757649f2b2fa2813c55,3f5b660a91cf64c603c77b96a2999ed164a68a4af4802e675d538ff941c0c72a,c1af47dcd8d0d6ec7046dcacb0541b96bbcd2b7189286f77f6b2a1b5f5eddfb3,1,https://www.sec.gov/Archives/edgar/data/1776661/000095017025068542/adv-20250512.htm,f748fe7a43f35532edb3e75a1345a35ea3b3d2bc464717534347f5cfa72a7cbb,NONE,REVIEW_REQUIRED_EVENT_EVIDENCE,False,refresh_20261009T042704Z_refresh_fundamentals_c7bbcb6dfda4_production_adc49771,2026-10-09T09:00:48Z
58,2025,Q2,2121,2025-06-30,ADV,NOT_FOUND,FINANCIAL_SCOPE_REVIEW_REQUIRED,NO_EXPLICIT_QUARTER_CONSOLIDATED_REVENUE_GAAP_NET_AND_BROAD_P_AND_L_PACKAGE,0000950170-25-104549,8-K,adv-20250807.htm,https://www.sec.gov/Archives/edgar/data/1776661/000095017025104549/adv-20250807.htm,2025-08-07T15:05:19Z,1769bae7d2b5fe8082b27889e2b542581e39f72e138aaadc5501d26b03ce4724,4b4b3756371d17e035c6e0bd394acab39aeea4e4355e8c9a850dacf3508de3dc,160eff8880c08ae3761d387d8f3aef3adc89000cd1d78da734783371e98d8b68,1,https://www.sec.gov/Archives/edgar/data/1776661/000095017025104549/adv-20250807.htm,8ff4bb18735845e533791aaf47ba5e808bf5d0c4f975e02fd687003f7e0fd9a6,NONE,REVIEW_REQUIRED_EVENT_EVIDENCE,False,refresh_20261009T042704Z_refresh_fundamentals_c7bbcb6dfda4_production_adc49771,2026-10-09T09:00:48Z
58,2025,Q3,2122,2025-09-30,ADV,NOT_FOUND,FINANCIAL_SCOPE_REVIEW_REQUIRED,NO_EXPLICIT_QUARTER_CONSOLIDATED_REVENUE_GAAP_NET_AND_BROAD_P_AND_L_PACKAGE,0001193125-25-268048,8-K,adv-20251106.htm,https://www.sec.gov/Archives/edgar/data/1776661/000119312525268048/adv-20251106.htm,2025-11-06T17:05:32Z,99fe06edad248f6a1479a152bbe05bf70cf8e333b6532714be226f86382760fa,2d69bc24ade92698aea3a0c435bf0ab3f33967cc792c49abdead71f0ff1ba966,41d734328590719d55fdc14a0a52ac9069e7f39ed71934c60bf1dc612f013247,1,https://www.sec.gov/Archives/edgar/data/1776661/000119312525268048/adv-20251106.htm,859fd33d743dd7429bbe1b7788a11e9fabc158cc752503ec227e184dd58c223e,NONE,REVIEW_REQUIRED_EVENT_EVIDENCE,False,refresh_20261009T042704Z_refresh_fundamentals_c7bbcb6dfda4_production_adc49771,2026-10-09T09:00:48Z
58,2025,Q4,2123,2025-12-31,ADV,NOT_FOUND,PERIOD_SCOPE_REVIEW_REQUIRED,NO_EXPLICIT_QUARTER_END_MATCH_IN_RETAINED_RESULTS_CONTENT,0001193125-26-086633,8-K,adv-20260303.htm,https://www.sec.gov/Archives/edgar/data/1776661/000119312526086633/adv-20260303.htm,2026-03-03T17:05:29Z,f13e600d50eca71e7c3ca6c07add5378db59ed789c4edea12d55cd9a1007219c,d1c271b6629ce84e4f3b07ce84d984fd8036f21bf1765e638646ea44692ef09e,6f6981f0a69b213d6db76f8105725b27fc6524bc6ee20e08e6f8167fb47ed773,1,https://www.sec.gov/Archives/edgar/data/1776661/000119312526086633/adv-20260303.htm,2a06077d40dbfb1da7b3f1dc52cdda1df75110312ef93b79693bebdc1b5637a9,NONE,REVIEW_REQUIRED_EVENT_EVIDENCE,False,refresh_20261009T042704Z_refresh_fundamentals_c7bbcb6dfda4_production_adc49771,2026-10-09T09:00:48Z
58,2026,Q1,2124,2026-03-31,ADV,NOT_FOUND,FINANCIAL_SCOPE_REVIEW_REQUIRED,NO_EXPLICIT_QUARTER_CONSOLIDATED_REVENUE_GAAP_NET_AND_BROAD_P_AND_L_PACKAGE,0001193125-26-207534,8-K,adv-20260506.htm,https://www.sec.gov/Archives/edgar/data/1776661/000119312526207534/adv-20260506.htm,2026-05-06T15:04:11Z,1de2e882519dc43697bc952a8c4a92a1adf8ca10ffbbb1e8afdc0c82b0409266,f9124971beeb5343c685a79d5c92bd63432f7747dd2537a228f20b30f693cb4a,60ca2b71bba2048b9005380aca65880ae20c0fa79e0da02e5113c46e3d2fed48,1,https://www.sec.gov/Archives/edgar/data/1776661/000119312526207534/adv-20260506.htm,76181701e825ad98f71a54e9114ce0e1ce60cb03c0d1f50b1897a320d178231f,NONE,REVIEW_REQUIRED_EVENT_EVIDENCE,False,refresh_20261009T042704Z_refresh_fundamentals_c7bbcb6dfda4_production_adc49771,2026-10-09T09:00:48Z
58,2026,Q2,2125,2026-06-30,ADV,NOT_FOUND,FINANCIAL_SCOPE_REVIEW_REQUIRED,NO_EXPLICIT_QUARTER_CONSOLIDATED_REVENUE_GAAP_NET_AND_BROAD_P_AND_L_PACKAGE,0001193125-26-333843,8-K,adv-20260805.htm,https://www.sec.gov/Archives/edgar/data/1776661/000119312526333843/adv-20260805.htm,2026-08-05T15:13:14Z,0f8f2e5dfe9ea2326fb9cf2a2ba0a26427e40249584debcdf96d948ebec74ec8,cbdda4a279c7b0a05eab0b5aa7dd7b15246b299733a047536698da6287ad9847,4742dd24b5f1bd37cd7583fdc1fda13091dfd4195412ff34b1e8128fa4890d89,1,https://www.sec.gov/Archives/edgar/data/1776661/000119312526333843/adv-20260805.htm,14b317cd3445ae3a0c0a3bafca9b2ee378422ac873fa20727b73e28929994342,NONE,REVIEW_REQUIRED_EVENT_EVIDENCE,False,refresh_20261009T042704Z_refresh_fundamentals_c7bbcb6dfda4_production_adc49771,2026-10-09T09:00:48Z
78,2025,Q1,2843,2025-03-31,AHCO,NOT_FOUND,FINANCIAL_SCOPE_REVIEW_REQUIRED,NO_EXPLICIT_QUARTER_CONSOLIDATED_REVENUE_GAAP_NET_AND_BROAD_P_AND_L_PACKAGE,0001628280-25-022394,8-K,ahco-20250506.htm,https://www.sec.gov/Archives/edgar/data/1725255/000162828025022394/ahco-20250506.htm,2025-05-06T15:07:35Z,e5779186fc87f1cc6bb15c0f101de4ef8b83f5b3c5544d7a76e71351239ff1ce,b213e0359cd561021e9bd464b0e05fcea9bc71336b1127ea2699cd05db41fe97,b65421a7f0f39bf8bb6bb8f9f06ccb7b2b777e7e60ec5f89e72c6e408f405b9a,1,https://www.sec.gov/Archives/edgar/data/1725255/000162828025022394/ahco-20250506.htm,dafe97ab38dba7268d17afd0d0786a350b28bccaf967442f928aeb662373fa0c,NONE,REVIEW_REQUIRED_EVENT_EVIDENCE,False,refresh_20261009T042704Z_refresh_fundamentals_c7bbcb6dfda4_production_adc49771,2026-10-09T09:00:48Z
78,2025,Q2,2844,2025-06-30,AHCO,NOT_FOUND,FINANCIAL_SCOPE_REVIEW_REQUIRED,NO_EXPLICIT_QUARTER_CONSOLIDATED_REVENUE_GAAP_NET_AND_BROAD_P_AND_L_PACKAGE,0001628280-25-037598,8-K,ahco-20250805.htm,https://www.sec.gov/Archives/edgar/data/1725255/000162828025037598/ahco-20250805.htm,2025-08-05T15:11:34Z,796ac516eda4ff4b620e1cca7343a270180b9f1f8206007502ebedc8e01759f0,7eb4c622054f579bf79aa3c1123710e3e2be78336031822e886e811701d5efb7,99febb08188e106f6257131067882d013f39adfd70d4b1d47fe5831febfc9263,1,https://www.sec.gov/Archives/edgar/data/1725255/000162828025037598/ahco-20250805.htm,9a031d5ec542b159e37e1abd69fdc74087538d02a0785c71651aba7714d117e7,NONE,REVIEW_REQUIRED_EVENT_EVIDENCE,False,refresh_20261009T042704Z_refresh_fundamentals_c7bbcb6dfda4_production_adc49771,2026-10-09T09:00:48Z
78,2025,Q3,2845,2025-09-30,AHCO,NOT_FOUND,FINANCIAL_SCOPE_REVIEW_REQUIRED,NO_EXPLICIT_QUARTER_CONSOLIDATED_REVENUE_GAAP_NET_AND_BROAD_P_AND_L_PACKAGE,0001628280-25-048527,8-K,ahco-20251104.htm,https://www.sec.gov/Archives/edgar/data/1725255/000162828025048527/ahco-20251104.htm,2025-11-04T17:06:21Z,dec3cfebc08a337f390af64389b3325163fb7ca4c1bc0e6591c9af4d48a97747,b0e0785d55ac68d031567a5bb44fa91b47fb114d3eed6ecf0b57ff3b86020929,5618c553241761a3db441c2d2cce5952b616fd20f3bec8d1b2eaaa368871ff94,1,https://www.sec.gov/Archives/edgar/data/1725255/000162828025048527/ahco-20251104.htm,380245da3dd8b354d19b79535da9477ac7c39f0507cd9d6b94f2e0d72afff7ef,NONE,REVIEW_REQUIRED_EVENT_EVIDENCE,False,refresh_20261009T042704Z_refresh_fundamentals_c7bbcb6dfda4_production_adc49771,2026-10-09T09:00:48Z
78,2025,Q4,2846,2025-12-31,AHCO,NOT_FOUND,PERIOD_SCOPE_REVIEW_REQUIRED,NO_EXPLICIT_QUARTER_END_MATCH_IN_RETAINED_RESULTS_CONTENT,0001628280-26-010872,8-K,ahco-20260224.htm,https://www.sec.gov/Archives/edgar/data/1725255/000162828026010872/ahco-20260224.htm,2026-02-24T17:11:54Z,56573d030b3a166dbbd77aa3631e1699bf209deb5b6e985860214b14898dec10,0ad1f060de7a684ba9557ba74671eeb3d4a206d334d26baf17a13fa692df500a,26702e2ada7562493660a47cb46cdeda06f98748011a0e3379e633177eaf56da,1,https://www.sec.gov/Archives/edgar/data/1725255/000162828026010872/ahco-20260224.htm,766acba7d57037ecd9e5aed82f2ff7ea492cfc5ec32e74a29db2ed3842e39982,NONE,REVIEW_REQUIRED_EVENT_EVIDENCE,False,refresh_20261009T042704Z_refresh_fundamentals_c7bbcb6dfda4_production_adc49771,2026-10-09T09:00:48Z
78,2026,Q1,2847,2026-03-31,AHCO,NOT_FOUND,FINANCIAL_SCOPE_REVIEW_REQUIRED,NO_EXPLICIT_QUARTER_CONSOLIDATED_REVENUE_GAAP_NET_AND_BROAD_P_AND_L_PACKAGE,0001628280-26-030120,8-K,ahco-20260505.htm,https://www.sec.gov/Archives/edgar/data/1725255/000162828026030120/ahco-20260505.htm,2026-05-05T15:07:25Z,c27c7831853f383eeccfdfecf5004c284221856c6dfb8817d37707f0869dcf75,3b1bfe326f04ed95e2481a2bcb56c261336ba0b963968cf360a1122397a68288,196e5b95afade0c70a76fe0fa54b3f4fb10ed83f95b87f0075bd2dfe03efebcd,1,https://www.sec.gov/Archives/edgar/data/1725255/000162828026030120/ahco-20260505.htm,423c1de1f0f139b190d08848d7859c4a491dbcc7018076772fc04299a6cef9e2,NONE,REVIEW_REQUIRED_EVENT_EVIDENCE,False,refresh_20261009T042704Z_refresh_fundamentals_c7bbcb6dfda4_production_adc49771,2026-10-09T09:00:48Z
78,2026,Q2,2848,2026-06-30,AHCO,NOT_FOUND,FINANCIAL_SCOPE_REVIEW_REQUIRED,NO_EXPLICIT_QUARTER_CONSOLIDATED_REVENUE_GAAP_NET_AND_BROAD_P_AND_L_PACKAGE,0001628280-26-052149,8-K,ahco-20260804.htm,https://www.sec.gov/Archives/edgar/data/1725255/000162828026052149/ahco-20260804.htm,2026-08-04T15:09:38Z,7ce95138f1e2fe681066eb4dd87c61702613075a07148d07291c46540068c49a,81fceb205da5f1d268c2f0772325927fad40b7490b1e3c616bfa04682fb5b908,3d0a58f2632d4e8aeceed8f8d2c1b9f170c6243d51826f61e79228468834eb95,1,https://www.sec.gov/Archives/edgar/data/1725255/000162828026052149/ahco-20260804.htm,f88844b8b3c72e579cad7606c450b1db65b6078904f2829e020038b73a31d69e,NONE,REVIEW_REQUIRED_EVENT_EVIDENCE,False,refresh_20261009T042704Z_refresh_fundamentals_c7bbcb6dfda4_production_adc49771,2026-10-09T09:00:48Z
80,2026,Q3,2889,2026-01-31,AI,UNRESOLVED,FINANCIAL_SCOPE_REVIEW_REQUIRED,NO_EXPLICIT_QUARTER_CONSOLIDATED_REVENUE_GAAP_NET_AND_BROAD_P_AND_L_PACKAGE,0001577526-26-000013,8-K,ai-20260224.htm,https://www.sec.gov/Archives/edgar/data/1577526/000157752626000013/ai-20260224.htm,2026-02-25T21:10:30Z,a8a538470897f055469abcb75c6246d6eb7a20a5535fc71c0d8e8547afcba2f5,81c24dd364cacea2800f41457534b08b2ed26a1e9310b34867a8881a87519eab,ae90aa6a75cc16e2ce12d89828ffb1a954e9453491c57ef24d70add54242b789,1,https://www.sec.gov/Archives/edgar/data/1577526/000157752626000013/ai-20260224.htm,bb335e0b875b81945fba96f03730dca0e9f9181e852b5aa115e93a96d6f22f63,NONE,REVIEW_REQUIRED_EVENT_EVIDENCE,False,refresh_20261009T042704Z_refresh_fundamentals_c7bbcb6dfda4_production_adc49771,2026-10-09T09:00:48Z
103,2025,Q1,3676,2025-03-31,ALGS,UNRESOLVED,FINANCIAL_SCOPE_REVIEW_REQUIRED,NO_EXPLICIT_QUARTER_CONSOLIDATED_REVENUE_GAAP_NET_AND_BROAD_P_AND_L_PACKAGE,0001171843-25-002781,8-K,f8k_050525.htm,https://www.sec.gov/Archives/edgar/data/1799448/000117184325002781/f8k_050525.htm,2025-05-06T12:00:34Z,2c8146494fe40c42600f81a7a168e9b819628e4d701389e069d4af0dde685813,a78262dc47f20d7a66ce955f9591a50abdfa87d3721bcebe2d3868c9f9250a1e,b1b9d1152098061f0fc97660536768db116ccfb8de80dff56a61268ee818525f,2,https://www.sec.gov/Archives/edgar/data/1799448/000117184325002781/f8k_050525.htm;https://www.sec.gov/Archives/edgar/data/1799448/000117184325002781/exh_991.htm,33706ac8764e5d5136dc6d083ad62d6fd0710935d6b2dcd1ad3665eb528186dd;ab47998fd7e20a6cfdcc31d3c08a51a24e32480178a2a39d86f92016cdac3667,NONE,REVIEW_REQUIRED_EVENT_EVIDENCE,False,refresh_20261009T042704Z_refresh_fundamentals_c7bbcb6dfda4_production_adc49771,2026-10-09T09:00:48Z
103,2025,Q2,3677,2025-06-30,ALGS,UNRESOLVED,FINANCIAL_SCOPE_REVIEW_REQUIRED,NO_EXPLICIT_QUARTER_CONSOLIDATED_REVENUE_GAAP_NET_AND_BROAD_P_AND_L_PACKAGE,0001171843-25-005116,8-K,f8k_080625.htm,https://www.sec.gov/Archives/edgar/data/1799448/000117184325005116/f8k_080625.htm,2025-08-06T20:06:35Z,d1282a5a91b2cc99367a80f1efb75bef2bf7ee03bfe460bd1e3e576d3a4e89cd,ebc6f3b2366ed79e5b78ef401a4a39e19d684265b73540ab926422a672466b7f,d80f6abaecf2e9e3382023e338ee24c37575b0d8dfdd416a45e135299a9c02d5,2,https://www.sec.gov/Archives/edgar/data/1799448/000117184325005116/f8k_080625.htm;https://www.sec.gov/Archives/edgar/data/1799448/000117184325005116/exh_991.htm,aa078c11b8820fbbfd1feda3240bdca68d12337a1a6447b55af7deaaf340de2d;1ba09628f5db21680bcf29f6ae343699a81cbceecfca9d2d4ed3001ba5004d36,NONE,REVIEW_REQUIRED_EVENT_EVIDENCE,False,refresh_20261009T042704Z_refresh_fundamentals_c7bbcb6dfda4_production_adc49771,2026-10-09T09:00:48Z
103,2026,Q1,3680,2026-03-31,ALGS,UNRESOLVED,FINANCIAL_SCOPE_REVIEW_REQUIRED,NO_EXPLICIT_QUARTER_CONSOLIDATED_REVENUE_GAAP_NET_AND_BROAD_P_AND_L_PACKAGE,0001171843-26-003156,8-K,f8k_050726.htm,https://www.sec.gov/Archives/edgar/data/1799448/000117184326003156/f8k_050726.htm,2026-05-07T20:08:02Z,137103d641af68f6b22ff8fb14ba0ed9d548e5f318d13832d4b0bb56d07ea3d8,f0874a63d2694c195bb532df368ce86a68334a3d42884e6daff899cff1110379,c0d7b177caad71bb74a53772ce69453a92f4a95a754c0e832b4aaaa4d2256005,2,https://www.sec.gov/Archives/edgar/data/1799448/000117184326003156/f8k_050726.htm;https://www.sec.gov/Archives/edgar/data/1799448/000117184326003156/exh_991.htm,636de6036c0deab62a19ac4d76906334f7e18ff8e015035cc20f8099a865b7af;d30aa7d9bc4fce5c9883cfaea985046be8d41e7e0a8e91aa428df9817b6775ec,NONE,REVIEW_REQUIRED_EVENT_EVIDENCE,False,refresh_20261009T042704Z_refresh_fundamentals_c7bbcb6dfda4_production_adc49771,2026-10-09T09:00:48Z
103,2026,Q2,3681,2026-06-30,ALGS,UNRESOLVED,FINANCIAL_SCOPE_REVIEW_REQUIRED,NO_EXPLICIT_QUARTER_CONSOLIDATED_REVENUE_GAAP_NET_AND_BROAD_P_AND_L_PACKAGE,0001171843-26-005294,8-K,f8k_080526.htm,https://www.sec.gov/Archives/edgar/data/1799448/000117184326005294/f8k_080526.htm,2026-08-06T12:00:37Z,2fac1ca8d807b4be7f5163bac91f7d9a7ed9c69e2de948d80dd4d4a9eb16ce56,39f8abd8691998bc81b84e5dc805d55103640bd20674c56d587873cf251edfb1,020db2b1c7a10289944e9b19f5caa8579cf4a734b0ebe1fb3b5788d26ff967e0,2,https://www.sec.gov/Archives/edgar/data/1799448/000117184326005294/f8k_080526.htm;https://www.sec.gov/Archives/edgar/data/1799448/000117184326005294/exh_991.htm,4a371b9af2473e0fb3d89a1b323f95cdd0f8eff58d271674d8baf7e1fd255bdb;2929d0b5624e3d08eb1a5319127637970491763ed274be0f9f1847f356141fc2,NONE,REVIEW_REQUIRED_EVENT_EVIDENCE,False,refresh_20261009T042704Z_refresh_fundamentals_c7bbcb6dfda4_production_adc49771,2026-10-09T09:00:48Z
159,2025,Q1,5649,2024-08-31,ANGO,NOT_FOUND,FINANCIAL_SCOPE_REVIEW_REQUIRED,NO_EXPLICIT_QUARTER_CONSOLIDATED_REVENUE_GAAP_NET_AND_BROAD_P_AND_L_PACKAGE,0001140361-24-042652,8-K,ef20036580_8k.htm,https://www.sec.gov/Archives/edgar/data/1275187/000114036124042652/ef20036580_8k.htm,2024-10-03T15:30:24Z,81385369b4b6118480739f690de7f5561e03a2edc162b104ede9efc43da9948e,b7fdd5686988e365ea4afc43e2f75dd8b716f30a9740e665959a1fd5367e64cb,323f24ecbc28acf0e68d17ef51fbff4a11fd6cf4e90a79f8e73e0dd309293c50,1,https://www.sec.gov/Archives/edgar/data/1275187/000114036124042652/ef20036580_8k.htm,7b365beb376720c0202e84e67f2b9fff3d8b925b761e8e1aaccee18e6927718d,NONE,REVIEW_REQUIRED_EVENT_EVIDENCE,False,refresh_20261009T042704Z_refresh_fundamentals_c7bbcb6dfda4_production_adc49771,2026-10-09T09:00:48Z
159,2025,Q2,5650,2024-11-30,ANGO,NOT_FOUND,FINANCIAL_SCOPE_REVIEW_REQUIRED,NO_EXPLICIT_QUARTER_CONSOLIDATED_REVENUE_GAAP_NET_AND_BROAD_P_AND_L_PACKAGE,0001140361-25-000535,8-K,ef20041243_8k.htm,https://www.sec.gov/Archives/edgar/data/1275187/000114036125000535/ef20041243_8k.htm,2025-01-08T17:00:28Z,44bf27311cc308a3b6d8638df6f786e8c5edd240de65c6fcb2bbc9f191e37ab5,7545dde7376fb23028dbe2931381ca7e9fcf6ebab7396984e5c1ca7ced092580,3380708dd4da90f0278fc2d07ed0b6a7ea4a16460d22419ee98fef257a833a65,1,https://www.sec.gov/Archives/edgar/data/1275187/000114036125000535/ef20041243_8k.htm,31afe0df2b4c3a7efef21b9d6c5f4911ace7462a48a37bb31c1e54e6e1297cef,NONE,REVIEW_REQUIRED_EVENT_EVIDENCE,False,refresh_20261009T042704Z_refresh_fundamentals_c7bbcb6dfda4_production_adc49771,2026-10-09T09:00:48Z
159,2025,Q3,5651,2025-02-28,ANGO,NOT_FOUND,FINANCIAL_SCOPE_REVIEW_REQUIRED,NO_EXPLICIT_QUARTER_CONSOLIDATED_REVENUE_GAAP_NET_AND_BROAD_P_AND_L_PACKAGE,0001140361-25-011767,8-K,ef20046769_8k.htm,https://www.sec.gov/Archives/edgar/data/1275187/000114036125011767/ef20046769_8k.htm,2025-04-02T15:23:25Z,acbeb02dfd0c119d3455abcefc81c374eac27e17c3c070b0317284350ef5014d,48a9b49d11d03bba81a99d98053d419af8c718495e937e4ffc7dfe624f0045ec,3c5c17831263136209c6f90f1a2ec2f7d6e7ccf230078c9779a5faf50c7ab246,1,https://www.sec.gov/Archives/edgar/data/1275187/000114036125011767/ef20046769_8k.htm,664f69c326cc7c34c21c579d30362f530fdac0aef2804585f74eeeef6952c53a,NONE,REVIEW_REQUIRED_EVENT_EVIDENCE,False,refresh_20261009T042704Z_refresh_fundamentals_c7bbcb6dfda4_production_adc49771,2026-10-09T09:00:48Z
159,2025,Q4,5652,2025-05-31,ANGO,NOT_FOUND,PERIOD_SCOPE_REVIEW_REQUIRED,NO_EXPLICIT_QUARTER_END_MATCH_IN_RETAINED_RESULTS_CONTENT,0001140361-25-025835,8-K,ef20051984_8k.htm,https://www.sec.gov/Archives/edgar/data/1275187/000114036125025835/ef20051984_8k.htm,2025-07-15T15:16:35Z,e25ac929ff34fc327be579f3ff585404fb3e98b9bf190fde40a92699131fcdc6,c1d8fc1be36f1b874a0d3519f69e0d858a398b1fae49a491be1dc8dae213c936,61588eff567984cf1a44809e42ec93eb2048cd5667ed8acf9caec6e84ddc9d13,1,https://www.sec.gov/Archives/edgar/data/1275187/000114036125025835/ef20051984_8k.htm,36e30b61bdf7315e8ebc429d2065c702c6c4e0628921836ad831a1c1b4dd1e5e,NONE,REVIEW_REQUIRED_EVENT_EVIDENCE,False,refresh_20261009T042704Z_refresh_fundamentals_c7bbcb6dfda4_production_adc49771,2026-10-09T09:00:48Z
159,2026,Q1,5653,2025-08-31,ANGO,NOT_FOUND,FINANCIAL_SCOPE_REVIEW_REQUIRED,NO_EXPLICIT_QUARTER_CONSOLIDATED_REVENUE_GAAP_NET_AND_BROAD_P_AND_L_PACKAGE,0001140361-25-037060,8-K,ef20056554_8k.htm,https://www.sec.gov/Archives/edgar/data/1275187/000114036125037060/ef20056554_8k.htm,2025-10-02T15:30:58Z,dbafdafa549900a8be2617e98380f88a106cb6de8250894c28ee325866a44f5b,e4df405ef2c0a7a52185ee45fdc38ec974af121e571747dbbcb72bd9a5fd7699,5a3e958692b6067ee88a14e493bdd0eb8c39cf243b5e26771e2388bc1b5ae078,1,https://www.sec.gov/Archives/edgar/data/1275187/000114036125037060/ef20056554_8k.htm,9b83a3e2c2db7ca6da1cd05bee03c413309fe7d1e15fe262d77bbd925d362e0e,NONE,REVIEW_REQUIRED_EVENT_EVIDENCE,False,refresh_20261009T042704Z_refresh_fundamentals_c7bbcb6dfda4_production_adc49771,2026-10-09T09:00:48Z
159,2026,Q2,5654,2025-11-30,ANGO,NOT_FOUND,FINANCIAL_SCOPE_REVIEW_REQUIRED,NO_EXPLICIT_QUARTER_CONSOLIDATED_REVENUE_GAAP_NET_AND_BROAD_P_AND_L_PACKAGE,0001140361-26-000341,8-K,ef20062354_8k.htm,https://www.sec.gov/Archives/edgar/data/1275187/000114036126000341/ef20062354_8k.htm,2026-01-06T17:15:49Z,f478a45505d5605c622a37ca99ec8c823d0f2fcc00573bd4bb9a383479b18b47,1cac240bc7c090555da311b13c15be57240538bf8b61c21cd718d2134c76d98b,3287960623bdf19c55327343b1d1f8a9c629025e63f5d28c6da56c8a7b314201,1,https://www.sec.gov/Archives/edgar/data/1275187/000114036126000341/ef20062354_8k.htm,0a0d015667d8a7ca06654b9671088396a744f7a1c25654fb51d9519569934d5d,NONE,REVIEW_REQUIRED_EVENT_EVIDENCE,False,refresh_20261009T042704Z_refresh_fundamentals_c7bbcb6dfda4_production_adc49771,2026-10-09T09:00:48Z
159,2026,Q3,5655,2026-02-28,ANGO,NOT_FOUND,FINANCIAL_SCOPE_REVIEW_REQUIRED,NO_EXPLICIT_QUARTER_CONSOLIDATED_REVENUE_GAAP_NET_AND_BROAD_P_AND_L_PACKAGE,0001140361-26-012891,8-K,ef20069681_8k.htm,https://www.sec.gov/Archives/edgar/data/1275187/000114036126012891/ef20069681_8k.htm,2026-04-02T15:30:58Z,b73a0d2ac993d9c181eac4fb286ffb89d51b991194c0f5c84cea3b9b989a6d78,bca9a549d32dc7d195600c2fd83acdaa2535cf1ffdc090b55d1b66a3a6b8f088,73e1de247ddd1a1dd880d4fb564a0361ed68515d0a235c2dc47f361b10f453f2,1,https://www.sec.gov/Archives/edgar/data/1275187/000114036126012891/ef20069681_8k.htm,e940afa5c88208c3614262969811f90e1caf161be8deeda1138832a0c037fb0e,NONE,REVIEW_REQUIRED_EVENT_EVIDENCE,False,refresh_20261009T042704Z_refresh_fundamentals_c7bbcb6dfda4_production_adc49771,2026-10-09T09:00:48Z
176,2026,Q1,6213,2025-05-31,APOG,UNRESOLVED,FINANCIAL_SCOPE_REVIEW_REQUIRED,NO_EXPLICIT_QUARTER_CONSOLIDATED_REVENUE_GAAP_NET_AND_BROAD_P_AND_L_PACKAGE,0000006845-25-000118,8-K,apog-20250627.htm,https://www.sec.gov/Archives/edgar/data/6845/000000684525000118/apog-20250627.htm,2025-06-27T02:09:59Z,22e5cffeba0166cfc7278221d061d96f23cf53ecbe6b7fa06efcce4b38036691,b95cb6ce6993057ab711fc143d2b56eb8b12d644fc069c2716fae37c59f82d90,0912bcd806dcf6e15da0112cdf4e456e097599f163f9256f88220aa70faee08c,2,https://www.sec.gov/Archives/edgar/data/6845/000000684525000118/apog-20250627.htm;https://www.sec.gov/Archives/edgar/data/6845/000000684525000118/a53125fy26q1results.htm,92f7c45f6bd6a17d7207eb6a9470bf7919a59e60691d1872498d093f48535b82;eef925c62f57a4ace654c7abb17aded9a9629264d6c5f526a688cb799f020de4,NONE,REVIEW_REQUIRED_EVENT_EVIDENCE,False,refresh_20261009T042704Z_refresh_fundamentals_c7bbcb6dfda4_production_adc49771,2026-10-09T09:00:48Z
176,2026,Q2,6214,2025-08-30,APOG,UNRESOLVED,FINANCIAL_SCOPE_REVIEW_REQUIRED,NO_EXPLICIT_QUARTER_CONSOLIDATED_REVENUE_GAAP_NET_AND_BROAD_P_AND_L_PACKAGE,0000006845-25-000154,8-K,apog-20251009.htm,https://www.sec.gov/Archives/edgar/data/6845/000000684525000154/apog-20251009.htm,2025-10-10T05:46:51Z,ceb16dd98cc9bef18f5fbde21b0d3925f70fe1ed36a4dd862ee1a61b03edeaa9,c01d01ca939fe2ccb3573e63e396763cd0225a9f325ed1cc5d1ad61c9b9df574,d60592c2bc8d0e9650bb13c92034d7e43901f591b8f42346efbfb8096632db97,2,https://www.sec.gov/Archives/edgar/data/6845/000000684525000154/apog-20251009.htm;https://www.sec.gov/Archives/edgar/data/6845/000000684525000154/a83025fy26q2results.htm,0ba760ba25605ecd352e13a47d6c095a94b48c5afd5ed1557c2112a5adafd488;f606ff8ad5ee266d411f7b19b942eb85c0c672cbbe71256f5f1aadb634aa45b1,NONE,REVIEW_REQUIRED_EVENT_EVIDENCE,False,refresh_20261009T042704Z_refresh_fundamentals_c7bbcb6dfda4_production_adc49771,2026-10-09T09:00:48Z
176,2026,Q3,6215,2025-11-29,APOG,UNRESOLVED,FINANCIAL_SCOPE_REVIEW_REQUIRED,NO_EXPLICIT_QUARTER_CONSOLIDATED_REVENUE_GAAP_NET_AND_BROAD_P_AND_L_PACKAGE,0000006845-26-000005,8-K,apog-20260107.htm,https://www.sec.gov/Archives/edgar/data/6845/000000684526000005/apog-20260107.htm,2026-01-07T17:04:39Z,898daa3ed3fb5180b3ec6cb87b88558dc3b3debfa96a545c1b5532d7a190eb18,50742f2dcf61c54300b479b87019cfaeb346dca7de9c51b7349ea62ab33bff2c,3afc23da67cb091d3b88af13b0cef9a4782964bf0486db7a51856d09810d0964,2,https://www.sec.gov/Archives/edgar/data/6845/000000684526000005/apog-20260107.htm;https://www.sec.gov/Archives/edgar/data/6845/000000684526000005/a112925fy26q3results.htm,508320444fff9ae5a98c61ba672fd6f8b417a68ee8f82ac7b5f125062b210b25;4c1079f6f255141e2b4c12f40bc0ee3ced688254776799781acc0d5b2f86d0c1,NONE,REVIEW_REQUIRED_EVENT_EVIDENCE,False,refresh_20261009T042704Z_refresh_fundamentals_c7bbcb6dfda4_production_adc49771,2026-10-09T09:00:48Z
176,2026,Q4,6216,2026-02-28,APOG,UNRESOLVED,PROPOSED_REVIEWED_EVENT_OBSERVATION,EXPLICIT_QUARTER_CONSOLIDATED_EARNINGS_STATEMENT_AND_REGISTRANT_RESULTS_ANNOUNCEMENT,0000006845-26-000020,8-K,apog-20260424.htm,https://www.sec.gov/Archives/edgar/data/6845/000000684526000020/apog-20260424.htm,2026-04-24T17:05:11Z,8713f6420df4f65a770678680efd02c1073bf0026ff3e2c6580061d07dfdc05d,154cf932613d525c3a0ab73b7d4276842d0f46b8fa4d9939fec32121f01f99cf,29a03116b66bb9031dd3318fd2f49e652edd37f33e9cd9f10e24ec333981f894,2,https://www.sec.gov/Archives/edgar/data/6845/000000684526000020/apog-20260424.htm;https://www.sec.gov/Archives/edgar/data/6845/000000684526000020/a22826fy26q4results.htm,973dea931534bbe6624e68cc5d891202f44c5ac46effc60606ef7f32f23d451e;bdde4d8520fd88a7ef685b8fb20082c5e39674d7344d8a88bfb4a6e62d77a5a0,NONE,REVIEW_REQUIRED_EVENT_EVIDENCE,False,refresh_20261009T042704Z_refresh_fundamentals_c7bbcb6dfda4_production_adc49771,2026-10-09T09:00:48Z
188,2025,Q1,6679,2025-03-31,ARCB,NOT_FOUND,PERIOD_SCOPE_REVIEW_REQUIRED,NO_EXPLICIT_QUARTER_END_MATCH_IN_RETAINED_RESULTS_CONTENT,0001558370-25-005733,8-K,arcb-20250429x8k.htm,https://www.sec.gov/Archives/edgar/data/894405/000155837025005733/arcb-20250429x8k.htm,2025-04-29T10:00:29Z,4910b0e768f2dfa9de698c27d8baae9767103f0720c4eeb8630100bf199e645e,f3f833228f93b786559508936a5b7de2e039e519e8d86ffe9514a7e45c426693,c16272a97efc51d620c043ccf9c86b58163d09dab234050ed8e3e7f58567112d,1,https://www.sec.gov/Archives/edgar/data/894405/000155837025005733/arcb-20250429x8k.htm,f31f6a8c3ad6e3323a8a6b7f674dcbe37b52adf712d0d365738b5e148cc48200,NONE,REVIEW_REQUIRED_EVENT_EVIDENCE,False,refresh_20261009T042704Z_refresh_fundamentals_c7bbcb6dfda4_production_adc49771,2026-10-09T09:00:48Z
188,2025,Q2,6680,2025-06-30,ARCB,NOT_FOUND,PERIOD_SCOPE_REVIEW_REQUIRED,NO_EXPLICIT_QUARTER_END_MATCH_IN_RETAINED_RESULTS_CONTENT,0001558370-25-009765,8-K,arcb-20250730x8k.htm,https://www.sec.gov/Archives/edgar/data/894405/000155837025009765/arcb-20250730x8k.htm,2025-07-30T10:01:02Z,0b2e0d74bd2a1003a42786236caa4d27e75047068fa4984dd854b69774615825,bcf2e8ff7642a8574f74d75fd5835b4ab164f4fc4d14d375daf18fb2f63168db,c064daad86030130ea77c5a6d568aa2f01e91d5bc1046c463013651ec7711559,1,https://www.sec.gov/Archives/edgar/data/894405/000155837025009765/arcb-20250730x8k.htm,5956cdd696b1070be0b0d7584579059f2537895b1810eafa11f7d858f078ab10,NONE,REVIEW_REQUIRED_EVENT_EVIDENCE,False,refresh_20261009T042704Z_refresh_fundamentals_c7bbcb6dfda4_production_adc49771,2026-10-09T09:00:48Z
188,2025,Q3,6681,2025-09-30,ARCB,NOT_FOUND,PERIOD_SCOPE_REVIEW_REQUIRED,NO_EXPLICIT_QUARTER_END_MATCH_IN_RETAINED_RESULTS_CONTENT,0001104659-25-106575,8-K,arcb-20251105x8k.htm,https://www.sec.gov/Archives/edgar/data/894405/000110465925106575/arcb-20251105x8k.htm,2025-11-05T11:01:01Z,14c31832187bb4b345cf5794bc8161e8166782efed3abb34e1c52cece67c0a8c,75fa44ed593fe510b23e446c0d2a97f05bca2daa7c057db70ece3a4ac71117de,fc06198ac57279641f66feb02e4647911a665a1c3236d68d895bd79a0021ad71,1,https://www.sec.gov/Archives/edgar/data/894405/000110465925106575/arcb-20251105x8k.htm,4fc12944d94589042c14c82603dd34be3366c7641dbdf0f6ca90bf5fd0fc6596,NONE,REVIEW_REQUIRED_EVENT_EVIDENCE,False,refresh_20261009T042704Z_refresh_fundamentals_c7bbcb6dfda4_production_adc49771,2026-10-09T09:00:48Z
188,2025,Q4,6682,2025-12-31,ARCB,NOT_FOUND,PERIOD_SCOPE_REVIEW_REQUIRED,NO_EXPLICIT_QUARTER_END_MATCH_IN_RETAINED_RESULTS_CONTENT,0001104659-26-008222,8-K,arcb-20260130x8k.htm,https://www.sec.gov/Archives/edgar/data/894405/000110465926008222/arcb-20260130x8k.htm,2026-01-30T11:00:34Z,6cec1a6a09e4899673de0569e2311bfd03545df3b4720d55b16403920f383fb3,2981131494c1c4b042d1fb3d29f44b3cc7a457a2ca827af0231cc199b2a67d12,05914fa489bc72abb92ae75acdef30b36f8079ca26cc34d2cd89498725cc91b6,1,https://www.sec.gov/Archives/edgar/data/894405/000110465926008222/arcb-20260130x8k.htm,b2149c47e1b9d60df08dcf4f9d147c0c6e501c4467e368003cb595d069146060,NONE,REVIEW_REQUIRED_EVENT_EVIDENCE,False,refresh_20261009T042704Z_refresh_fundamentals_c7bbcb6dfda4_production_adc49771,2026-10-09T09:00:48Z
188,2026,Q1,6683,2026-03-31,ARCB,NOT_FOUND,PERIOD_SCOPE_REVIEW_REQUIRED,NO_EXPLICIT_QUARTER_END_MATCH_IN_RETAINED_RESULTS_CONTENT,0001104659-26-049648,8-K,arcb-20260428x8k.htm,https://www.sec.gov/Archives/edgar/data/894405/000110465926049648/arcb-20260428x8k.htm,2026-04-28T10:01:05Z,1eae3d3056cfda0e54005ae55f9de913e7d651c05c462fb9d17a42b30df429ca,9258d70e8f74ad908d6723874907cd8c98259851c5d4cddb26f97fd119377a79,582e2738806b75d4d1ec9e55fd1651848ffda7bd0ab549dcb595e58022c612ba,1,https://www.sec.gov/Archives/edgar/data/894405/000110465926049648/arcb-20260428x8k.htm,997dea0b021e9226d2ff0f4a8c80c3b75dda2203d39f70c2a3e81cdf8bf4759c,NONE,REVIEW_REQUIRED_EVENT_EVIDENCE,False,refresh_20261009T042704Z_refresh_fundamentals_c7bbcb6dfda4_production_adc49771,2026-10-09T09:00:48Z
188,2026,Q2,6684,2026-06-30,ARCB,NOT_FOUND,PERIOD_SCOPE_REVIEW_REQUIRED,NO_EXPLICIT_QUARTER_END_MATCH_IN_RETAINED_RESULTS_CONTENT,0001104659-26-087722,8-K,arcb-20260729x8k.htm,https://www.sec.gov/Archives/edgar/data/894405/000110465926087722/arcb-20260729x8k.htm,2026-07-29T10:00:41Z,bc45d4b6feedff9aad508491073d812caa3bd771dbaa06fe50780ca0a68ae1ec,c574f2b305110c2cf6b9ca661f9497ef025b2820c73345940510c4d1b50b1bdf,56679608e586be368259d2ee8be2b810e3683d4a48af0775a5e35debb0877e8c,1,https://www.sec.gov/Archives/edgar/data/894405/000110465926087722/arcb-20260729x8k.htm,389d23ae40d234f0f6cf1473eae365346c6a86daf8b3c8ef50e18e0a23c1bf2e,NONE,REVIEW_REQUIRED_EVENT_EVIDENCE,False,refresh_20261009T042704Z_refresh_fundamentals_c7bbcb6dfda4_production_adc49771,2026-10-09T09:00:48Z
232,2025,Q1,8239,2025-03-29,ATRO,UNRESOLVED,FINANCIAL_SCOPE_REVIEW_REQUIRED,NO_EXPLICIT_QUARTER_CONSOLIDATED_REVENUE_GAAP_NET_AND_BROAD_P_AND_L_PACKAGE,0000008063-25-000032,8-K,atro-20250506.htm,https://www.sec.gov/Archives/edgar/data/8063/000000806325000032/atro-20250506.htm,2025-05-07T00:19:47Z,dfa1612be0cf8b2d7a417af31bbf470a59d7013a92862ef63b6e62afaf1984ff,3b7e09ae842e42ee4d8f11abd5f9569ce75648a4499c27d667cf9a5e6d4f0d2d,c47193e9718f0e9fe1b010f80e369b34959cbdfdf6542a249d6d62dc6a247ec9,2,https://www.sec.gov/Archives/edgar/data/8063/000000806325000032/atro-20250506.htm;https://www.sec.gov/Archives/edgar/data/8063/000000806325000032/ex99120250329-pr.htm,cf9f58f2f5ce052617d9e48a44fc216fdcf8bd3f68099d6d2553a43301f860b1;415bdfb7cdd073faaaac86c76f478982d6e007522617566a7f9ad019e1e45653,NONE,REVIEW_REQUIRED_EVENT_EVIDENCE,False,refresh_20261009T042704Z_refresh_fundamentals_c7bbcb6dfda4_production_adc49771,2026-10-09T09:00:48Z
232,2025,Q2,8240,2025-06-28,ATRO,UNRESOLVED,FINANCIAL_SCOPE_REVIEW_REQUIRED,NO_EXPLICIT_QUARTER_CONSOLIDATED_REVENUE_GAAP_NET_AND_BROAD_P_AND_L_PACKAGE,0000008063-25-000055,8-K,atro-20250806.htm,https://www.sec.gov/Archives/edgar/data/8063/000000806325000055/atro-20250806.htm,2025-08-07T00:23:21Z,c2056c57383f70c4a244f6af890141aa17f60fd81f320ced81db38af2169331a,d59b46c7aa53af0177ca1bb04a363b22b7d41a7f7c95f97ffeee7c32647759f6,cc7af8798762d3a55056dc6e013547536b1f58d2191589d1cebf75ea8f15065e,2,https://www.sec.gov/Archives/edgar/data/8063/000000806325000055/atro-20250806.htm;https://www.sec.gov/Archives/edgar/data/8063/000000806325000055/ex99120250628-pr.htm,be01cb3ea2e6810fbceb30576a6fac06c00baded10a61e6565d6630a32e397fe;cd4176f7a8f9200070186b9e280319642ee30f99e7afe879a748c05831aee528,NONE,REVIEW_REQUIRED_EVENT_EVIDENCE,False,refresh_20261009T042704Z_refresh_fundamentals_c7bbcb6dfda4_production_adc49771,2026-10-09T09:00:48Z
251,2025,Q1,8868,2024-09-28,AVT,UNRESOLVED,FINANCIAL_SCOPE_REVIEW_REQUIRED,NO_EXPLICIT_QUARTER_CONSOLIDATED_REVENUE_GAAP_NET_AND_BROAD_P_AND_L_PACKAGE,0000008858-24-000039,8-K,avt-20241030x8k.htm,https://www.sec.gov/Archives/edgar/data/8858/000000885824000039/avt-20241030x8k.htm,2024-10-30T16:05:28Z,23cf4424f8d4154467bbb91c6b641412b6f033cd5cb46b55a1f8252f272a80c8,85b4194c4c344b5a9152909917badbd833ad199c6195f9646c846cd9ed4de756,13acf3f532faf323552732ab592a1c5c1f2de3d55ed8c00db95b8ee7dffb211b,2,https://www.sec.gov/Archives/edgar/data/8858/000000885824000039/avt-20241030x8k.htm;https://www.sec.gov/Archives/edgar/data/8858/000000885824000039/avt-20241030xex99d1.htm,3de6315d6d35077497aa12897fabfeac7b38d7dd3d5719abee2b5d09200b2013;6a972436ba8b5313fedd9dc5aa1b2693313e50431e9f41d420f1d9b75926eb48,NONE,REVIEW_REQUIRED_EVENT_EVIDENCE,False,refresh_20261009T042704Z_refresh_fundamentals_c7bbcb6dfda4_production_adc49771,2026-10-09T09:00:48Z
251,2025,Q2,8869,2024-12-28,AVT,UNRESOLVED,FINANCIAL_SCOPE_REVIEW_REQUIRED,NO_EXPLICIT_QUARTER_CONSOLIDATED_REVENUE_GAAP_NET_AND_BROAD_P_AND_L_PACKAGE,0000008858-25-000006,8-K,avt-20250129x8k.htm,https://www.sec.gov/Archives/edgar/data/8858/000000885825000006/avt-20250129x8k.htm,2025-01-29T18:03:21Z,7e5102eaa2651a7e7dde21cfb7a60fe2f8547184b506ed8f2af91ce739b99a93,35535a73cc0c45f9a206deec16a1d709c147b2650e841a05a896e5e6fc2328cf,84afb50cbd0e237373efd3ef748eea9c1554b42aeaafc3bfbfb0b69262d49198,2,https://www.sec.gov/Archives/edgar/data/8858/000000885825000006/avt-20250129x8k.htm;https://www.sec.gov/Archives/edgar/data/8858/000000885825000006/avt-20250129xex99d1.htm,b4fc4cf8da4b28b8d8eefec41c9d9b174c4312302c974945ac42a196a4e5691e;51a95dff5b6c011f82e5f2cc52374b76eb1fb8cd356518ac006807848a312e57,NONE,REVIEW_REQUIRED_EVENT_EVIDENCE,False,refresh_20261009T042704Z_refresh_fundamentals_c7bbcb6dfda4_production_adc49771,2026-10-09T09:00:48Z
251,2025,Q3,8870,2025-03-29,AVT,UNRESOLVED,FINANCIAL_SCOPE_REVIEW_REQUIRED,NO_EXPLICIT_QUARTER_CONSOLIDATED_REVENUE_GAAP_NET_AND_BROAD_P_AND_L_PACKAGE,0000008858-25-000015,8-K,avt-20250430x8k.htm,https://www.sec.gov/Archives/edgar/data/8858/000000885825000015/avt-20250430x8k.htm,2025-04-30T16:03:18Z,26701179fa266ee1e0fef5c5ced74fd507eb7769d2cf8a7e9798e4ea67ac3327,c82716f6a1c072e06fa68f38183cf4770f366e96835bbb3f3edb557bf3f66693,db7e34ca955d9f5e45da27f8e037f4db842c60c3c89f7a81e009ae9d56eae373,2,https://www.sec.gov/Archives/edgar/data/8858/000000885825000015/avt-20250430x8k.htm;https://www.sec.gov/Archives/edgar/data/8858/000000885825000015/avt-20250430xex99d1.htm,09a509bc5d53f20a61eba6bea5bf2581d52fcdb0dfb06c5f4e6ed8edf45d2a6d;c2ea7e78b5c4f31b410ad78c1be0c2179fbf107960db064a73a70a39ad318818,NONE,REVIEW_REQUIRED_EVENT_EVIDENCE,False,refresh_20261009T042704Z_refresh_fundamentals_c7bbcb6dfda4_production_adc49771,2026-10-09T09:00:48Z
251,2025,Q4,8871,2025-06-28,AVT,UNRESOLVED,FINANCIAL_SCOPE_REVIEW_REQUIRED,NO_EXPLICIT_QUARTER_CONSOLIDATED_REVENUE_GAAP_NET_AND_BROAD_P_AND_L_PACKAGE,0000008858-25-000024,8-K,avt-20250806x8k.htm,https://www.sec.gov/Archives/edgar/data/8858/000000885825000024/avt-20250806x8k.htm,2025-08-06T16:04:55Z,39761430a57ceb22555931d478f80c2ba862f839c361ef66850360ec01aaffeb,244c23e79dbdddd800b5a0ba42c4ddf5a62dc80077399c1344a3177d63f7dcfa,24503baa187382e7fab9abd04db650f9877a66ee149beabcf7933506c0c58c27,2,https://www.sec.gov/Archives/edgar/data/8858/000000885825000024/avt-20250806x8k.htm;https://www.sec.gov/Archives/edgar/data/8858/000000885825000024/avt-20250806xex99d1.htm,2889d549d27be4fbf06552fefc355ed73943f371c4ce1c315add1c9493d74b69;0865a94896b202ff700ee87db5546a45b9a9e002c15cef6b483864089b625c7f,NONE,REVIEW_REQUIRED_EVENT_EVIDENCE,False,refresh_20261009T042704Z_refresh_fundamentals_c7bbcb6dfda4_production_adc49771,2026-10-09T09:00:48Z
251,2026,Q1,8872,2025-09-27,AVT,UNRESOLVED,FINANCIAL_SCOPE_REVIEW_REQUIRED,NO_EXPLICIT_QUARTER_CONSOLIDATED_REVENUE_GAAP_NET_AND_BROAD_P_AND_L_PACKAGE,0000008858-25-000062,8-K,avt-20251029x8k.htm,https://www.sec.gov/Archives/edgar/data/8858/000000885825000062/avt-20251029x8k.htm,2025-10-29T16:02:41Z,c12568f5068a0880d0a77c2ad897fbca7a1c954139798d0d9af594901ffc3706,df3c28ee8abea1b6db098325b7b51f38ea394cb42344193b79f31bbdf5775f76,3898a9963bde744453cb0a150f81ce2941c520d9e679b625accd859a401fee46,2,https://www.sec.gov/Archives/edgar/data/8858/000000885825000062/avt-20251029x8k.htm;https://www.sec.gov/Archives/edgar/data/8858/000000885825000062/avt-20251029xex99d1.htm,f5d796ed21466d33d4ea63b1cd69cf12e0051ac0fcfadd3cc38bc3cb321ef995;a2bbd1fbe56c37780760502b836dc0aacb36e303f1323da8e07bf31199952829,NONE,REVIEW_REQUIRED_EVENT_EVIDENCE,False,refresh_20261009T042704Z_refresh_fundamentals_c7bbcb6dfda4_production_adc49771,2026-10-09T09:00:48Z
251,2026,Q2,8873,2025-12-27,AVT,UNRESOLVED,FINANCIAL_SCOPE_REVIEW_REQUIRED,NO_EXPLICIT_QUARTER_CONSOLIDATED_REVENUE_GAAP_NET_AND_BROAD_P_AND_L_PACKAGE,0000008858-26-000023,8-K,avt-20260128x8k.htm,https://www.sec.gov/Archives/edgar/data/8858/000000885826000023/avt-20260128x8k.htm,2026-01-28T18:04:31Z,1ac2dae9eca20fde9bb70a301207a90ce9a5d1a9157c381d1030c28d1f4daf12,6d2024e0f149fd57fd9d6f7d1291cd06be5582255884b3663659799915f85170,bb5e5617b8b1ebaf0c7568b6e2cebebba436fac05260edae6a224bb4792ae525,2,https://www.sec.gov/Archives/edgar/data/8858/000000885826000023/avt-20260128x8k.htm;https://www.sec.gov/Archives/edgar/data/8858/000000885826000023/avt-20260128xex99d1.htm,63a61b6b97eef4fe7187680a6686be706ef138247fd211d973d0ffdd5a6d0c14;a52f63d5e5645fc612a62d1458ebfca98f6b764e78b8fa50b4f0306b24ed947d,NONE,REVIEW_REQUIRED_EVENT_EVIDENCE,False,refresh_20261009T042704Z_refresh_fundamentals_c7bbcb6dfda4_production_adc49771,2026-10-09T09:00:48Z
330,2025,Q1,11682,2025-03-31,BL,UNRESOLVED,PROPOSED_REVIEWED_EVENT_OBSERVATION,EXPLICIT_QUARTER_CONSOLIDATED_EARNINGS_STATEMENT_AND_REGISTRANT_RESULTS_ANNOUNCEMENT,0001171843-25-002819,8-K,f8k_050625.htm,https://www.sec.gov/Archives/edgar/data/1666134/000117184325002819/f8k_050625.htm,2025-05-06T20:06:01Z,2054bd33a7d5b4c8012505a113f6e9d96d9bb09830948ffbf91686b5a4c724b8,488e17ee03434d3b1b5559627ba2883c11b74375dc779252ee519c95cc837998,dae0db94faddd89ac4ef955c66d1eb42aba943af19a3a2d68847192a8f2a302f,2,https://www.sec.gov/Archives/edgar/data/1666134/000117184325002819/f8k_050625.htm;https://www.sec.gov/Archives/edgar/data/1666134/000117184325002819/exh_991.htm,31209a592cd2d096b737bc0f3b587efc7293c019215ef83a4729c9818b6ab257;f612a18099bb5f817999d30801be06ec39eea6297969c8f44a30d40058eb768c,NONE,REVIEW_REQUIRED_EVENT_EVIDENCE,False,refresh_20261009T042704Z_refresh_fundamentals_c7bbcb6dfda4_production_adc49771,2026-10-09T09:00:48Z
330,2025,Q2,11683,2025-06-30,BL,UNRESOLVED,PROPOSED_REVIEWED_EVENT_OBSERVATION,EXPLICIT_QUARTER_CONSOLIDATED_EARNINGS_STATEMENT_AND_REGISTRANT_RESULTS_ANNOUNCEMENT,0001171843-25-005050,8-K,f8k_080525.htm,https://www.sec.gov/Archives/edgar/data/1666134/000117184325005050/f8k_080525.htm,2025-08-05T20:06:42Z,f5554dd645da29d7b367820d7ce74da41f5d2c215137ecef80270c4b436289c6,593403d1dc7a1a9d8f16480646d99aedb0f37a38938675aa5a8c9156b27818e7,ea00e98edbe5822e2dc9b72c031c3d50c802ef442234bb1ba29c33b10f6666bd,2,https://www.sec.gov/Archives/edgar/data/1666134/000117184325005050/f8k_080525.htm;https://www.sec.gov/Archives/edgar/data/1666134/000117184325005050/exh_991.htm,f58bc74ed0595c6b8414fbd04d0c258e82e5dca87fe4be77678e0fbb1f5e52ea;1a332a03c69d01b2b42403a8b70db7f6b5d0290e93f66237b846040aacd4ed55,NONE,REVIEW_REQUIRED_EVENT_EVIDENCE,False,refresh_20261009T042704Z_refresh_fundamentals_c7bbcb6dfda4_production_adc49771,2026-10-09T09:00:48Z
330,2025,Q3,11684,2025-09-30,BL,UNRESOLVED,PROPOSED_REVIEWED_EVENT_OBSERVATION,EXPLICIT_QUARTER_CONSOLIDATED_EARNINGS_STATEMENT_AND_REGISTRANT_RESULTS_ANNOUNCEMENT,0001171843-25-007093,8-K,f8k_110625.htm,https://www.sec.gov/Archives/edgar/data/1666134/000117184325007093/f8k_110625.htm,2025-11-06T21:07:26Z,383e585537a9b9bb3941237817946b677a7d549f07ea824f56cd211570306121,036ef9a95d4ac595f61a0c0fecb42f9be1928ace3bfd8801758881c963014adc,7c555066d7306805d83bc71afed11bbb66db81f14ad2189cbb71663bac95631b,2,https://www.sec.gov/Archives/edgar/data/1666134/000117184325007093/f8k_110625.htm;https://www.sec.gov/Archives/edgar/data/1666134/000117184325007093/exh_991.htm,509b2780e0d1556945e95c51e9f5ee7e4c692ba31942b737f329d928a7641006;3a195d1791dc885b1547a0084003a9c5b4faa5e9439b6630e4283648b5a29ec6,NONE,REVIEW_REQUIRED_EVENT_EVIDENCE,False,refresh_20261009T042704Z_refresh_fundamentals_c7bbcb6dfda4_production_adc49771,2026-10-09T09:00:48Z
330,2025,Q4,11685,2025-12-31,BL,UNRESOLVED,PROPOSED_REVIEWED_EVENT_OBSERVATION,EXPLICIT_QUARTER_CONSOLIDATED_EARNINGS_STATEMENT_AND_REGISTRANT_RESULTS_ANNOUNCEMENT,0001171843-26-000734,8-K,f8k_021026.htm,https://www.sec.gov/Archives/edgar/data/1666134/000117184326000734/f8k_021026.htm,2026-02-10T21:05:28Z,85fe776be36bae3787d624ceb5cd6179652bd44ed53c1c82b336169a5c92149c,f9aa623f10ad0a06bd410744a3f900b1ad4e16799e7969644bf7604676c0d79a,b7f7fd03de6f22e53a195346bc5063c214acbcfc8849255b67abdc34a6c69524,2,https://www.sec.gov/Archives/edgar/data/1666134/000117184326000734/f8k_021026.htm;https://www.sec.gov/Archives/edgar/data/1666134/000117184326000734/exh_991.htm,b5d2e12f64feac98d537a9d6a29f6e373f56042b9c8b641e9d8ddc258b531f9a;a900fe74ebd05557fb34ba53f7fbc6d8c096b768e53395288766076904a158cf,NONE,REVIEW_REQUIRED_EVENT_EVIDENCE,False,refresh_20261009T042704Z_refresh_fundamentals_c7bbcb6dfda4_production_adc49771,2026-10-09T09:00:48Z
330,2026,Q1,11686,2026-03-31,BL,UNRESOLVED,PROPOSED_REVIEWED_EVENT_OBSERVATION,EXPLICIT_QUARTER_CONSOLIDATED_EARNINGS_STATEMENT_AND_REGISTRANT_RESULTS_ANNOUNCEMENT,0001171843-26-003023,8-K,f8k_050526.htm,https://www.sec.gov/Archives/edgar/data/1666134/000117184326003023/f8k_050526.htm,2026-05-05T20:05:34Z,307a6ff1c6a4a957531a825f974e377d82659cfb7edbf0c84b0c3b0bbcdae90b,a30c709d57b4784fac64c1346b18086ab74a2bbf939c4766b817d77de3f69769,b359dd5dd855a73680b8f7cf3d17767d0059457238fd1ad97b25a0d0cf57b8e2,2,https://www.sec.gov/Archives/edgar/data/1666134/000117184326003023/f8k_050526.htm;https://www.sec.gov/Archives/edgar/data/1666134/000117184326003023/exh_991.htm,d4e7f728d46b0fe66cac5bed07d38d38af1ba85c017c08c83244749c3ff4dab9;4a6c23d28b46b32ba38673c2e14ae21bb29bfeb6af371a48c29de5b3d6102a94,NONE,REVIEW_REQUIRED_EVENT_EVIDENCE,False,refresh_20261009T042704Z_refresh_fundamentals_c7bbcb6dfda4_production_adc49771,2026-10-09T09:00:48Z
330,2026,Q2,11687,2026-06-30,BL,UNRESOLVED,PROPOSED_REVIEWED_EVENT_OBSERVATION,EXPLICIT_QUARTER_CONSOLIDATED_EARNINGS_STATEMENT_AND_REGISTRANT_RESULTS_ANNOUNCEMENT,0001171843-26-005201,8-K,f8k_080426.htm,https://www.sec.gov/Archives/edgar/data/1666134/000117184326005201/f8k_080426.htm,2026-08-04T20:05:29Z,17497d83f63c953414a7c923e40c1fbdcd665cdc1cc6169aa5ebe00c597c6980,733c823e10ed5426204d2bbe48b9e6b0f5cfbe82f535dc1361b773e6a1e44f56,1eab5938cf05d58ecb430166ff24485a275a4d1141220ec1b8f7489b12ac69b1,2,https://www.sec.gov/Archives/edgar/data/1666134/000117184326005201/f8k_080426.htm;https://www.sec.gov/Archives/edgar/data/1666134/000117184326005201/exh_991.htm,f2f711ee17b50c2fb5109cd8a93186e9b62ab8ae5110177c9dadeca62a24fd32;7cb961a130e25b3708942f8b3faa5a65354b5c8612717fcd8cb03654ee301281,NONE,REVIEW_REQUIRED_EVENT_EVIDENCE,False,refresh_20261009T042704Z_refresh_fundamentals_c7bbcb6dfda4_production_adc49771,2026-10-09T09:00:48Z
357,2025,Q1,12604,2024-12-31,BRBR,NOT_FOUND,FINANCIAL_SCOPE_REVIEW_REQUIRED,NO_EXPLICIT_QUARTER_CONSOLIDATED_REVENUE_GAAP_NET_AND_BROAD_P_AND_L_PACKAGE,0001772016-25-000026,8-K,brbr-20250203.htm,https://www.sec.gov/Archives/edgar/data/1772016/000177201625000026/brbr-20250203.htm,2025-02-03T22:24:30Z,68de6259322f6dbf55935308dfc0426f625d744e59f78ff907d866c78dd33ad6,68e887f0d75a40cfacd48bb26e6342bd4d83f1cb60ac6335ad50882ea433b7fd,22dc298889bc0ad86739717f131a3418e1bcf84ac50b7e8882030c4d1427e95d,1,https://www.sec.gov/Archives/edgar/data/1772016/000177201625000026/brbr-20250203.htm,f657c7ed6c2e6767cf5f757cfaf8e0fc3bbf53787bb6eca622cef6edc79a4dd8,NONE,REVIEW_REQUIRED_EVENT_EVIDENCE,False,refresh_20261009T042704Z_refresh_fundamentals_c7bbcb6dfda4_production_adc49771,2026-10-09T09:00:48Z
357,2025,Q2,12605,2025-03-31,BRBR,NOT_FOUND,FINANCIAL_SCOPE_REVIEW_REQUIRED,NO_EXPLICIT_QUARTER_CONSOLIDATED_REVENUE_GAAP_NET_AND_BROAD_P_AND_L_PACKAGE,0001772016-25-000079,8-K,brbr-20250505.htm,https://www.sec.gov/Archives/edgar/data/1772016/000177201625000079/brbr-20250505.htm,2025-05-05T21:47:38Z,22b897a89f81fb077573bc230299d1ffb0d8110a572d287f60ad7b51df5b62b1,9f3455f54747da8bbc81b103660b5bf4e0f48dac802d89fa649abc95ccf1bca7,c6d259adf93666783f34a6456bcc09ece068ee903242b21a99548d7da327e9b8,1,https://www.sec.gov/Archives/edgar/data/1772016/000177201625000079/brbr-20250505.htm,a07c16d962f71b9ad59a85f0517faae1124504328c278c0de0ada20235e735a6,NONE,REVIEW_REQUIRED_EVENT_EVIDENCE,False,refresh_20261009T042704Z_refresh_fundamentals_c7bbcb6dfda4_production_adc49771,2026-10-09T09:00:48Z
357,2025,Q3,12606,2025-06-30,BRBR,NOT_FOUND,FINANCIAL_SCOPE_REVIEW_REQUIRED,NO_EXPLICIT_QUARTER_CONSOLIDATED_REVENUE_GAAP_NET_AND_BROAD_P_AND_L_PACKAGE,0001772016-25-000122,8-K,brbr-20250804.htm,https://www.sec.gov/Archives/edgar/data/1772016/000177201625000122/brbr-20250804.htm,2025-08-04T21:12:28Z,34da853214a55283ecd89930b1e1d55d121a93d590c64e774053aa71d2cd27e5,48abc734ac0b8c302367d0f6f2a45bd96982416e61fb3e87928a1f42df4cb44c,56e7b202cdd451d2a889e64f8c68aebc3c455b3b44b1eba257de001889f170b8,1,https://www.sec.gov/Archives/edgar/data/1772016/000177201625000122/brbr-20250804.htm,e730e16f9252e9cc05393c7f579735f5ab2fd3ee6be459114868d9e6490efc31,NONE,REVIEW_REQUIRED_EVENT_EVIDENCE,False,refresh_20261009T042704Z_refresh_fundamentals_c7bbcb6dfda4_production_adc49771,2026-10-09T09:00:48Z
357,2025,Q4,12607,2025-09-30,BRBR,NOT_FOUND,PERIOD_SCOPE_REVIEW_REQUIRED,NO_EXPLICIT_QUARTER_END_MATCH_IN_RETAINED_RESULTS_CONTENT,0001628280-25-052773,8-K,brbr-20251118.htm,https://www.sec.gov/Archives/edgar/data/1772016/000162828025052773/brbr-20251118.htm,2025-11-18T12:04:21Z,87da473446184dd1ec1ecdf055ce752717fedcae14be99cab75b23c63db6e31f,4de55e19103642d646e71e45c9d55f74dcf742e0428f543e098ddb27ab301c1c,e87d33e6748c38d195a5cf0fff9dfb31671913f87d2deb43f9202f55d78ce696,1,https://www.sec.gov/Archives/edgar/data/1772016/000162828025052773/brbr-20251118.htm,9bcee32a007ed490ec464754694242b340d3f406749424dc34348a177c02dd93,NONE,REVIEW_REQUIRED_EVENT_EVIDENCE,False,refresh_20261009T042704Z_refresh_fundamentals_c7bbcb6dfda4_production_adc49771,2026-10-09T09:00:48Z
357,2026,Q1,12608,2025-12-31,BRBR,NOT_FOUND,FINANCIAL_SCOPE_REVIEW_REQUIRED,NO_EXPLICIT_QUARTER_CONSOLIDATED_REVENUE_GAAP_NET_AND_BROAD_P_AND_L_PACKAGE,0001628280-26-004789,8-K,brbr-20260202.htm,https://www.sec.gov/Archives/edgar/data/1772016/000162828026004789/brbr-20260202.htm,2026-02-03T12:04:07Z,16c93ce6008771b5fd0276df50e213962531b4a52755143f76286d1ccbafb989,a2dd7a855572b1c00bde4f8c39d981d22c049e077174e7822e425c1173a58d27,9d5c6b6982202cafa7515f0c3658fa2f8f3cfdda6242cdb3e7a7809c43ef8abd,1,https://www.sec.gov/Archives/edgar/data/1772016/000162828026004789/brbr-20260202.htm,2e4fa14afb39d4ccefacc9bdcbc6fa0a059575041b893eb257dd0be3285ca30d,NONE,REVIEW_REQUIRED_EVENT_EVIDENCE,False,refresh_20261009T042704Z_refresh_fundamentals_c7bbcb6dfda4_production_adc49771,2026-10-09T09:00:48Z
357,2026,Q2,12609,2026-03-31,BRBR,NOT_FOUND,FINANCIAL_SCOPE_REVIEW_REQUIRED,NO_EXPLICIT_QUARTER_CONSOLIDATED_REVENUE_GAAP_NET_AND_BROAD_P_AND_L_PACKAGE,0001628280-26-030115,8-K,brbr-20260505.htm,https://www.sec.gov/Archives/edgar/data/1772016/000162828026030115/brbr-20260505.htm,2026-05-05T11:01:56Z,5e9e6fffde7305fccc6ccc437183900054883df711cd799db6e9e9d6f5e1da07,287872c5eb810cc57dd3410e450998a8413dd4a6b6fc877ead76863ee462eb79,617fe286a34ebd5c89e05eaccc3f71c00f0fc33f80fefd4015464db272611f08,1,https://www.sec.gov/Archives/edgar/data/1772016/000162828026030115/brbr-20260505.htm,8e19c426b3f12645fe8b796598dad49e42498eedd37a518e23bb929cc1c2f7ee,NONE,REVIEW_REQUIRED_EVENT_EVIDENCE,False,refresh_20261009T042704Z_refresh_fundamentals_c7bbcb6dfda4_production_adc49771,2026-10-09T09:00:48Z
357,2026,Q3,12610,2026-06-30,BRBR,NOT_FOUND,FINANCIAL_SCOPE_REVIEW_REQUIRED,NO_EXPLICIT_QUARTER_CONSOLIDATED_REVENUE_GAAP_NET_AND_BROAD_P_AND_L_PACKAGE,0001628280-26-052137,8-K,brbr-20260804.htm,https://www.sec.gov/Archives/edgar/data/1772016/000162828026052137/brbr-20260804.htm,2026-08-04T11:02:01Z,81786b31bd0beeafdc84f2c373ac874d4cee56cd298775212c01c34d08dee7e2,89becf3153b9a5a25ce64fc88a3291e4ee237c1859306e1d1ee536b249494502,d8bd3b858a00d3cfd542dfbd2b930d9608944e8a721fde8006a20d2ef9ab5aee,1,https://www.sec.gov/Archives/edgar/data/1772016/000162828026052137/brbr-20260804.htm,28a7a95e7855b5b55fcc729e9716339a90b75f5724aec59bb2c7cd1a8984ab1c,NONE,REVIEW_REQUIRED_EVENT_EVIDENCE,False,refresh_20261009T042704Z_refresh_fundamentals_c7bbcb6dfda4_production_adc49771,2026-10-09T09:00:48Z
358,2025,Q1,12644,2024-10-31,BRC,UNRESOLVED,PROPOSED_REVIEWED_EVENT_OBSERVATION,EXPLICIT_QUARTER_CONSOLIDATED_EARNINGS_STATEMENT_AND_REGISTRANT_RESULTS_ANNOUNCEMENT,0000746598-24-000137,8-K,brc-20241118.htm,https://www.sec.gov/Archives/edgar/data/746598/000074659824000137/brc-20241118.htm,2024-11-18T17:05:24Z,3dfa89c6d735c7a421b872cbc6672ac37e2864fc156690e8a2abb52b66508461,2bad51b16349ec009f80c3b8f0749941e1807ca62cf459898cff8c21f1d1cd02,bdae039ba1a21e9dee06316e73332ad4db54c0e287248b566a145bc27083c1f8,3,https://www.sec.gov/Archives/edgar/data/746598/000074659824000137/brc-20241118.htm;https://www.sec.gov/Archives/edgar/data/746598/000074659824000137/exhibit991pressrelease1031.htm;https://www.sec.gov/Archives/edgar/data/746598/000074659824000137/f25q1conferencecallprese.htm,2d87d14636604f2396f819d1880a98bdec16b680a15e4f464519b5b33fb565bc;f3048a4354a5ec53abaa96441922cdebeadc474701910b4e6694d8dafe6cd403;e13a972d2611c097bfcd835244f3e5a6a7b92ac66d19ead97ef5778239f76dee,NONE,REVIEW_REQUIRED_EVENT_EVIDENCE,False,refresh_20261009T042704Z_refresh_fundamentals_c7bbcb6dfda4_production_adc49771,2026-10-09T09:00:48Z
358,2025,Q2,12645,2025-01-31,BRC,UNRESOLVED,PROPOSED_REVIEWED_EVENT_OBSERVATION,EXPLICIT_QUARTER_CONSOLIDATED_EARNINGS_STATEMENT_AND_REGISTRANT_RESULTS_ANNOUNCEMENT,0000746598-25-000007,8-K,brc-20250221.htm,https://www.sec.gov/Archives/edgar/data/746598/000074659825000007/brc-20250221.htm,2025-02-21T17:06:17Z,b2d3cc97a86bc306ff58c06d5990e5d3a88ef512448b3c16fc6f2e33c56b8baa,e018cd3cdfa2bd4c6a1666cbe3670915dc9f396e6d11e1f1fcd1805a72b8a889,2d208dfe43c5c7d4e6f5c8780fde18ac78534f884da9125fadb986c500f371e9,3,https://www.sec.gov/Archives/edgar/data/746598/000074659825000007/brc-20250221.htm;https://www.sec.gov/Archives/edgar/data/746598/000074659825000007/exhibit991pressrelease0131.htm;https://www.sec.gov/Archives/edgar/data/746598/000074659825000007/f25q2conferencecallprese.htm,e6a6599b2b24752b68ba5c17bc4a6dc2bff9835823cd0723f10e81706d4287b9;5148444032fa15c0d47ff9c1250f3347b6a817a28d3788d97eccf3ba2bd48785;70ed0ae63b580a1b09410a56c31d0f4b404e7aa007c46499339c514c7a3c1603,NONE,REVIEW_REQUIRED_EVENT_EVIDENCE,False,refresh_20261009T042704Z_refresh_fundamentals_c7bbcb6dfda4_production_adc49771,2026-10-09T09:00:48Z
358,2026,Q1,12648,2025-10-31,BRC,UNRESOLVED,PROPOSED_REVIEWED_EVENT_OBSERVATION,EXPLICIT_QUARTER_CONSOLIDATED_EARNINGS_STATEMENT_AND_REGISTRANT_RESULTS_ANNOUNCEMENT,0000746598-25-000059,8-K,brc-20251117.htm,https://www.sec.gov/Archives/edgar/data/746598/000074659825000059/brc-20251117.htm,2025-11-17T17:15:33Z,c290b0b8cec98c335089b21e8f3730d45c50169a72fa1de65bac5c95c844614d,1c5dcde32ca2e7ef701a6a7f0c5946f511b282130cf876b7efdaa591834926f4,6f7adcc7d90c5653427050a664500f7df092aa31fe1feea8b5e86cbdf7c119f8,3,https://www.sec.gov/Archives/edgar/data/746598/000074659825000059/brc-20251117.htm;https://www.sec.gov/Archives/edgar/data/746598/000074659825000059/exhibit991pressrelease1031.htm;https://www.sec.gov/Archives/edgar/data/746598/000074659825000059/f26q1conferencecallprese.htm,72beb7361c0d1c2a87c78a0d0a8dacfaa9cb7eb54fd26e03827bf72df600e1bd;25321df6d2324682d82fa442b7bc9ccd9468b09f8bede1f88ccf47f81c1b5e7b;9bded57826ba39893c2a8a9d3bde165334980daaca6a754824edae49916dd20b,NONE,REVIEW_REQUIRED_EVENT_EVIDENCE,False,refresh_20261009T042704Z_refresh_fundamentals_c7bbcb6dfda4_production_adc49771,2026-10-09T09:00:48Z
358,2026,Q2,12649,2026-01-31,BRC,UNRESOLVED,PROPOSED_REVIEWED_EVENT_OBSERVATION,EXPLICIT_QUARTER_CONSOLIDATED_EARNINGS_STATEMENT_AND_REGISTRANT_RESULTS_ANNOUNCEMENT,0000746598-26-000005,8-K,brc-20260219.htm,https://www.sec.gov/Archives/edgar/data/746598/000074659826000005/brc-20260219.htm,2026-02-19T17:05:23Z,ead834d661e38544054f264b9910b3f71dbfc429143eb13a3312af5ea2aae5cb,33cb76db1203e909a3cc53730e52a9d59e402623d218f5f3298eb4fb4c653899,ef00506f1c9e0d7187d262c8dcf59527442ce83ee3b2c02fded4a642c67b622c,3,https://www.sec.gov/Archives/edgar/data/746598/000074659826000005/brc-20260219.htm;https://www.sec.gov/Archives/edgar/data/746598/000074659826000005/exhibit991pressrelease0131.htm;https://www.sec.gov/Archives/edgar/data/746598/000074659826000005/f26q2conferencecallprese.htm,f2c3e48ab0ee6a00b36e61a5d6f12d57522f9eb149e59ab968f2404eb4336fc4;17d8c33922c02ec7b8474cd9a72cc68fe865ed0d0c52e5aeba5b7faff89e448f;6c550bdbf6f3a5630b3ae6dc774097b065426abd65d7551bf1576329acae9d81,NONE,REVIEW_REQUIRED_EVENT_EVIDENCE,False,refresh_20261009T042704Z_refresh_fundamentals_c7bbcb6dfda4_production_adc49771,2026-10-09T09:00:48Z
363,2025,Q1,12793,2025-03-31,BRTX,NOT_FOUND,FINANCIAL_SCOPE_REVIEW_REQUIRED,NO_EXPLICIT_QUARTER_CONSOLIDATED_REVENUE_GAAP_NET_AND_BROAD_P_AND_L_PACKAGE,0001021771-25-000079,8-K,k51425.htm,https://www.sec.gov/Archives/edgar/data/1505497/000102177125000079/k51425.htm,2025-05-14T20:11:19Z,05691af83ca1db3f4f07e80c8ad613bb12b6bb27c03d8f3ea25786ab2e22afba,5f514825cb319efdb25bddd3d8beed0e2087a438f4af6991a38a1db6da5da4c2,376be85e16187daa0a1dd453c93abf08da3bfc451806c25c20698664a9ee56ef,1,https://www.sec.gov/Archives/edgar/data/1505497/000102177125000079/k51425.htm,ff0faccded98a08af27151ae59e6a1cfa5058584e91268e4e3ab1584616982cf,NONE,REVIEW_REQUIRED_EVENT_EVIDENCE,False,refresh_20261009T042704Z_refresh_fundamentals_c7bbcb6dfda4_production_adc49771,2026-10-09T09:00:48Z
363,2025,Q2,12794,2025-06-30,BRTX,NOT_FOUND,FINANCIAL_SCOPE_REVIEW_REQUIRED,NO_EXPLICIT_QUARTER_CONSOLIDATED_REVENUE_GAAP_NET_AND_BROAD_P_AND_L_PACKAGE,0001021771-25-000113,8-K,brt81225.htm,https://www.sec.gov/Archives/edgar/data/1505497/000102177125000113/brt81225.htm,2025-08-12T20:16:41Z,0d2527cbd35618f4ce3cfc506bb1a9f4011dd543fa3c4047a2dc0f8ff69af285,5fc5cb7f031e430185eca4bbc8324304bb8d0acc6b73bd1cdc9f3c4c46ea4412,3e3a7d482cbf2b861896db70c5db94fb9d4f7dabdbff37d820297b922448e8a3,1,https://www.sec.gov/Archives/edgar/data/1505497/000102177125000113/brt81225.htm,df06c66bcba3f085dfc6d41b68d25e9e7a7ef96688be0f7a113308019b6cdbfd,NONE,REVIEW_REQUIRED_EVENT_EVIDENCE,False,refresh_20261009T042704Z_refresh_fundamentals_c7bbcb6dfda4_production_adc49771,2026-10-09T09:00:48Z
363,2025,Q3,12795,2025-09-30,BRTX,NOT_FOUND,FINANCIAL_SCOPE_REVIEW_REQUIRED,NO_EXPLICIT_QUARTER_CONSOLIDATED_REVENUE_GAAP_NET_AND_BROAD_P_AND_L_PACKAGE,0001021771-25-000148,8-K,brt8k.htm,https://www.sec.gov/Archives/edgar/data/1505497/000102177125000148/brt8k.htm,2025-11-12T21:11:57Z,3f79604f6cb8818e77e7843e0123c6af4177e0bf402952fdde7e305e62410d4c,b725f9381194a140788aef50d91f2cf260f6f2e499cd89feedc44292574f537a,2876efbebd5a555dd1dcc88a5cf169576b479c722b070f3db462e2da33644bfc,1,https://www.sec.gov/Archives/edgar/data/1505497/000102177125000148/brt8k.htm,9e76cb4ede86b2488575ae679bf7366f0bcda9087576e0dc8306cca387d78aa0,NONE,REVIEW_REQUIRED_EVENT_EVIDENCE,False,refresh_20261009T042704Z_refresh_fundamentals_c7bbcb6dfda4_production_adc49771,2026-10-09T09:00:48Z
394,2025,Q1,13789,2024-08-25,CAG,UNRESOLVED,FINANCIAL_SCOPE_REVIEW_REQUIRED,NO_EXPLICIT_QUARTER_CONSOLIDATED_REVENUE_GAAP_NET_AND_BROAD_P_AND_L_PACKAGE,0001558370-24-013121,8-K,tmb-20241002x8k.htm,https://www.sec.gov/Archives/edgar/data/23217/000155837024013121/tmb-20241002x8k.htm,2024-10-02T11:32:18Z,b789b9228663ed853a69bd466ba4a1de304c47bbc01b4cd8c8d31d3e7aa766b6,83f3aaedacbc8dbe8d51a0a41856f66ffcc9a0e99a7f08023dcd62c7ffd1d02a,3eab20ac10d0167807925f26d7c7e6fa3f557ff99ca8fd88c964bc9fd18d73ec,2,https://www.sec.gov/Archives/edgar/data/23217/000155837024013121/tmb-20241002x8k.htm;https://www.sec.gov/Archives/edgar/data/23217/000155837024013121/tmb-20241002xex99d1.htm,a6b96eaf2a2fc42e11ceb9584d8e23531082b691d338369004499b7b7fe171cf;f0339c37e1669bfa356c395c77dfee56db7faae6c05f3c3206b4ba1b02c36196,NONE,REVIEW_REQUIRED_EVENT_EVIDENCE,False,refresh_20261009T042704Z_refresh_fundamentals_c7bbcb6dfda4_production_adc49771,2026-10-09T09:00:48Z
394,2025,Q2,13790,2024-11-24,CAG,UNRESOLVED,FINANCIAL_SCOPE_REVIEW_REQUIRED,NO_EXPLICIT_QUARTER_CONSOLIDATED_REVENUE_GAAP_NET_AND_BROAD_P_AND_L_PACKAGE,0001558370-24-016370,8-K,tmb-20241219x8k.htm,https://www.sec.gov/Archives/edgar/data/23217/000155837024016370/tmb-20241219x8k.htm,2024-12-19T12:32:23Z,dd79b904e22645651ee2f64a8f72fbfdf290878ca0b34b5d751fe0f79acee3b1,f999ffc5c8ba18273c90092ec2e4019af9854a388491966c6a1e3ff892efc2a0,03d79a2b3bf458c97a3e29f7539bf5b9f4e4a734b2ba86d54584d70b53c87308,2,https://www.sec.gov/Archives/edgar/data/23217/000155837024016370/tmb-20241219x8k.htm;https://www.sec.gov/Archives/edgar/data/23217/000155837024016370/tmb-20241219xex99d1.htm,3a56ce86bed87be2c336ae0d8cdfea8464dc0fb565a593c0c3968de2667cf464;8393bc41dbe1b0f7bf012b0eff76965be2a9f12eaca0b08f24c9ec1caf9d3b7e,NONE,REVIEW_REQUIRED_EVENT_EVIDENCE,False,refresh_20261009T042704Z_refresh_fundamentals_c7bbcb6dfda4_production_adc49771,2026-10-09T09:00:48Z
394,2025,Q3,13791,2025-02-23,CAG,UNRESOLVED,FINANCIAL_SCOPE_REVIEW_REQUIRED,NO_EXPLICIT_QUARTER_CONSOLIDATED_REVENUE_GAAP_NET_AND_BROAD_P_AND_L_PACKAGE,0000023217-25-000011,8-K,tmb-20250403x8k.htm,https://www.sec.gov/Archives/edgar/data/23217/000002321725000011/tmb-20250403x8k.htm,2025-04-03T11:32:19Z,ccd73534104bb4c5de6a4e584dca297de5e5874a0b54467ac4544c4b8db49bc6,d0fa2a2355b6b105ec52ef876a2151aa868d7751e995c72b1adcf6d9506ab613,f70a902d454d4bdb32e2cf40095539cf825c43b954489047900e2552daec468c,2,https://www.sec.gov/Archives/edgar/data/23217/000002321725000011/tmb-20250403x8k.htm;https://www.sec.gov/Archives/edgar/data/23217/000002321725000011/tmb-20250403xex99d1.htm,363333693b517d9a855dd30dfa82450237afe535ae088800cfa439f8c11f00f2;d651775477f11fec06148558ef6b6977593e08c7e9e9e003cd52aef5af39051e,NONE,REVIEW_REQUIRED_EVENT_EVIDENCE,False,refresh_20261009T042704Z_refresh_fundamentals_c7bbcb6dfda4_production_adc49771,2026-10-09T09:00:48Z
394,2025,Q4,13792,2025-05-25,CAG,UNRESOLVED,FINANCIAL_SCOPE_REVIEW_REQUIRED,NO_EXPLICIT_QUARTER_CONSOLIDATED_REVENUE_GAAP_NET_AND_BROAD_P_AND_L_PACKAGE,0000023217-25-000039,8-K,tmb-20250710x8k.htm,https://www.sec.gov/Archives/edgar/data/23217/000002321725000039/tmb-20250710x8k.htm,2025-07-10T11:33:58Z,218a61e02af5075a4fb936748640620f2437d723731e94ede972d88a7d7c64d6,68598225ede9858015e70d1e96be00f895bdd98306c52214b1cbd39d83a7aa26,1973d5692a4cebd04a341846fb39ee3f75f92bc916cdbde91eab719c4a6905ad,2,https://www.sec.gov/Archives/edgar/data/23217/000002321725000039/tmb-20250710x8k.htm;https://www.sec.gov/Archives/edgar/data/23217/000002321725000039/tmb-20250710xex99d1.htm,0a0d969ef9f603bf489b5811ade36940181c14028473791e85fdd48d0ad03ce5;44360fb32fe11df529324500045966e693e541c74e46b7c5d4b473a7e7b91013,NONE,REVIEW_REQUIRED_EVENT_EVIDENCE,False,refresh_20261009T042704Z_refresh_fundamentals_c7bbcb6dfda4_production_adc49771,2026-10-09T09:00:48Z
394,2026,Q1,13793,2025-08-24,CAG,UNRESOLVED,FINANCIAL_SCOPE_REVIEW_REQUIRED,NO_EXPLICIT_QUARTER_CONSOLIDATED_REVENUE_GAAP_NET_AND_BROAD_P_AND_L_PACKAGE,0000023217-25-000083,8-K,tmb-20251001x8k.htm,https://www.sec.gov/Archives/edgar/data/23217/000002321725000083/tmb-20251001x8k.htm,2025-10-01T11:32:12Z,ac4174e78862a2954a37c80c577c5aca31e31e1f646626112d55b945697c36af,b6c90d6cb5572e17c8f0b980b7277cef3ba0f05926de4d6c029a73d59012a898,92da15730a2e88e01f4670ab89ade02a585f74a70b7e30a17c3febb7a564fbd2,2,https://www.sec.gov/Archives/edgar/data/23217/000002321725000083/tmb-20251001x8k.htm;https://www.sec.gov/Archives/edgar/data/23217/000002321725000083/tmb-20251001xex99d1.htm,74aeb336a45cb8cce215ee1af37ce27558dce5bcb82f2069be8dfc70e255dd94;11c310c63d0fda498397be95f4b043735323d3672bcbca59ecde7ad83a6fe238,NONE,REVIEW_REQUIRED_EVENT_EVIDENCE,False,refresh_20261009T042704Z_refresh_fundamentals_c7bbcb6dfda4_production_adc49771,2026-10-09T09:00:48Z
394,2026,Q2,13794,2025-11-23,CAG,UNRESOLVED,FINANCIAL_SCOPE_REVIEW_REQUIRED,NO_EXPLICIT_QUARTER_CONSOLIDATED_REVENUE_GAAP_NET_AND_BROAD_P_AND_L_PACKAGE,0000023217-25-000094,8-K,tmb-20251219x8k.htm,https://www.sec.gov/Archives/edgar/data/23217/000002321725000094/tmb-20251219x8k.htm,2025-12-19T12:32:12Z,13ea4ccc8c7f723ec94ddfa3e64653df2a0f11ee0b400c740d8b05f291a5b7a2,2191f85103947d826b363d6fb82865170e8d5f54ec9b8a7fb022f832c0fa6362,182a3e570a322ee2c097403e56e18ce8fdc5b9480c72da7d1a846679933c2a2b,2,https://www.sec.gov/Archives/edgar/data/23217/000002321725000094/tmb-20251219x8k.htm;https://www.sec.gov/Archives/edgar/data/23217/000002321725000094/tmb-20251219xex99d1.htm,804678433990fb64f16db4f5e3fad22cde8508cc6d1062dab2b0c461b3bca609;d22210c06a3825d273b847bec5b5c73ce982c4b4ab70e3acb58d103550790a46,NONE,REVIEW_REQUIRED_EVENT_EVIDENCE,False,refresh_20261009T042704Z_refresh_fundamentals_c7bbcb6dfda4_production_adc49771,2026-10-09T09:00:48Z
394,2026,Q3,13795,2026-02-22,CAG,UNRESOLVED,FINANCIAL_SCOPE_REVIEW_REQUIRED,NO_EXPLICIT_QUARTER_CONSOLIDATED_REVENUE_GAAP_NET_AND_BROAD_P_AND_L_PACKAGE,0000023217-26-000010,8-K,tmb-20260401x8k.htm,https://www.sec.gov/Archives/edgar/data/23217/000002321726000010/tmb-20260401x8k.htm,2026-04-01T11:32:36Z,323c3b6ff13365b32cd7bc6efc52d7852b4e0ddd1510fb438acbf333ce61f6f0,68f3c01700eaefb390e77c878f83e91388d94ad42348837338c6ece9e0fb1370,5110efebe15b8a7f8c6cd721f5788b96c4dd4a7218138a6e2127d4dbe962f5ec,2,https://www.sec.gov/Archives/edgar/data/23217/000002321726000010/tmb-20260401x8k.htm;https://www.sec.gov/Archives/edgar/data/23217/000002321726000010/tmb-20260401xex99d1.htm,8ffc135c5402439bfedc7d0c9124c620e64eeac160b95b149a446951efddf2f1;911a45dfbc8a20ece0a75fd81c5f0da72f80b22a7ca1fbbe220c08fff2e6807c,NONE,REVIEW_REQUIRED_EVENT_EVIDENCE,False,refresh_20261009T042704Z_refresh_fundamentals_c7bbcb6dfda4_production_adc49771,2026-10-09T09:00:48Z
395,2025,Q1,13831,2024-09-30,CAH,NOT_FOUND,FINANCIAL_SCOPE_REVIEW_REQUIRED,NO_EXPLICIT_QUARTER_CONSOLIDATED_REVENUE_GAAP_NET_AND_BROAD_P_AND_L_PACKAGE,0000721371-24-000119,8-K,cah-20241101.htm,https://www.sec.gov/Archives/edgar/data/721371/000072137124000119/cah-20241101.htm,2024-11-01T10:47:40Z,d41534172e3e5f6115ad52d3a7ccf5dcb945a94a4719094f283009d08903693b,64d58cb913db1caf1e517738da8f6460fbc7ca0b1d3527bfdf5a541e2b26432b,1701cca702bac802bb649c00099188dbd5fa883c076b0b1942bcdbac9c473d72,1,https://www.sec.gov/Archives/edgar/data/721371/000072137124000119/cah-20241101.htm,9095b0d898860d2f2c865e645d0b13ac1117018d811bc861c7a0a16f3c956e4a,NONE,REVIEW_REQUIRED_EVENT_EVIDENCE,False,refresh_20261009T042704Z_refresh_fundamentals_c7bbcb6dfda4_production_adc49771,2026-10-09T09:00:48Z
395,2025,Q2,13832,2024-12-31,CAH,NOT_FOUND,FINANCIAL_SCOPE_REVIEW_REQUIRED,NO_EXPLICIT_QUARTER_CONSOLIDATED_REVENUE_GAAP_NET_AND_BROAD_P_AND_L_PACKAGE,0000721371-25-000009,8-K,cah-20250130.htm,https://www.sec.gov/Archives/edgar/data/721371/000072137125000009/cah-20250130.htm,2025-01-30T11:51:39Z,08a630248a75447dcc3d9d1117bcf7a5a01ef3e175433f4eb24d11d2582b79ae,2b3fbee867ee5938699ef00251051bc84a0578614fb9cfd38fda79d8c58656bc,3053b9fc27f45090c9e99fbcdfe469e1adab71243d27a026452fa6ebba77355e,1,https://www.sec.gov/Archives/edgar/data/721371/000072137125000009/cah-20250130.htm,2df3e9434ce74cf4c67b2c3ffcc46f84898be28b638a8b1c7af5103a83ee01c1,NONE,REVIEW_REQUIRED_EVENT_EVIDENCE,False,refresh_20261009T042704Z_refresh_fundamentals_c7bbcb6dfda4_production_adc49771,2026-10-09T09:00:48Z
395,2025,Q3,13833,2025-03-31,CAH,NOT_FOUND,FINANCIAL_SCOPE_REVIEW_REQUIRED,NO_EXPLICIT_QUARTER_CONSOLIDATED_REVENUE_GAAP_NET_AND_BROAD_P_AND_L_PACKAGE,0000721371-25-000036,8-K,cah-20250501.htm,https://www.sec.gov/Archives/edgar/data/721371/000072137125000036/cah-20250501.htm,2025-05-01T10:49:54Z,b47cb259d43d7f97bb5faca0926d2a225a368b8a9c0e78a2b85011b8ba35f47a,e7100663e9916fed35e0772ff87b2c768afc7e3184c6cd1647a618e326bae242,10652b0d75da59efc6444f684a3abf8736aeea040dd432f480deb573ac048395,1,https://www.sec.gov/Archives/edgar/data/721371/000072137125000036/cah-20250501.htm,b3da5f7e4a0bdfc434bef8c0a9e147cf235b7242f8b7dd5a5922bed688ef0f54,NONE,REVIEW_REQUIRED_EVENT_EVIDENCE,False,refresh_20261009T042704Z_refresh_fundamentals_c7bbcb6dfda4_production_adc49771,2026-10-09T09:00:48Z
395,2025,Q4,13834,2025-06-30,CAH,NOT_FOUND,PERIOD_SCOPE_REVIEW_REQUIRED,NO_EXPLICIT_QUARTER_END_MATCH_IN_RETAINED_RESULTS_CONTENT,0000721371-25-000075,8-K,cah-20250812.htm,https://www.sec.gov/Archives/edgar/data/721371/000072137125000075/cah-20250812.htm,2025-08-12T10:59:12Z,6f37646d53d14055bb4fb69b30dcb6977eae2bcac48886caae5b244352e3f20e,dcd38a817ef7d00a21cef59c7c9f353e45bfb0e49589bf6c625e963aaab550b4,10314536ede45976590c31d5fcb5801d22cbfb7ab3bddd19b167e95aaac04aad,1,https://www.sec.gov/Archives/edgar/data/721371/000072137125000075/cah-20250812.htm,af76004c8587f4b37fcc4d8b806d7ebac1947fc7d838da3843635acf406fa635,NONE,REVIEW_REQUIRED_EVENT_EVIDENCE,False,refresh_20261009T042704Z_refresh_fundamentals_c7bbcb6dfda4_production_adc49771,2026-10-09T09:00:48Z
395,2026,Q1,13835,2025-09-30,CAH,NOT_FOUND,FINANCIAL_SCOPE_REVIEW_REQUIRED,NO_EXPLICIT_QUARTER_CONSOLIDATED_REVENUE_GAAP_NET_AND_BROAD_P_AND_L_PACKAGE,0000721371-25-000128,8-K,cah-20251030.htm,https://www.sec.gov/Archives/edgar/data/721371/000072137125000128/cah-20251030.htm,2025-10-30T10:52:52Z,3b0f424494ec39c263abd99d287ee21e28a6599d36ce16afe1b87af9b8bfd18f,fdc28c9a982fb874906c50c553fd75116b1859932b631d3549713ec14e923e1a,8463fe174c843090a18b58b8c4f891fccb207a1e574db6a0caf31e8a7e9054f2,1,https://www.sec.gov/Archives/edgar/data/721371/000072137125000128/cah-20251030.htm,fdb21f6bf2e0551c6034b015e51deebb52c08b023bdc486e664570e2326373c7,NONE,REVIEW_REQUIRED_EVENT_EVIDENCE,False,refresh_20261009T042704Z_refresh_fundamentals_c7bbcb6dfda4_production_adc49771,2026-10-09T09:00:48Z
395,2026,Q2,13836,2025-12-31,CAH,NOT_FOUND,FINANCIAL_SCOPE_REVIEW_REQUIRED,NO_EXPLICIT_QUARTER_CONSOLIDATED_REVENUE_GAAP_NET_AND_BROAD_P_AND_L_PACKAGE,0000721371-26-000004,8-K,cah-20260205.htm,https://www.sec.gov/Archives/edgar/data/721371/000072137126000004/cah-20260205.htm,2026-02-05T11:47:19Z,a21deb0322b147f98ca8af4b739821cd88bead334186618c13f713a1c6a5609e,79b5de7b4cf4fa018477f64e909f590bc1c9e77e4755f88a652c8a0db853f00b,435bf3d0c01869d5bb3785bf01d3d77fd5dcc6a867bf45502713284c658adaa2,1,https://www.sec.gov/Archives/edgar/data/721371/000072137126000004/cah-20260205.htm,ae0f038007a7dc9b75d649567b3e0770d16d3c04c819e5678d35040ab3d748d7,NONE,REVIEW_REQUIRED_EVENT_EVIDENCE,False,refresh_20261009T042704Z_refresh_fundamentals_c7bbcb6dfda4_production_adc49771,2026-10-09T09:00:48Z
412,2025,Q2,14404,2025-01-31,CBRL,UNRESOLVED,PERIOD_SCOPE_REVIEW_REQUIRED,NO_EXPLICIT_QUARTER_END_MATCH_IN_RETAINED_RESULTS_CONTENT,0001104659-25-021193,8-K,tm258373d1_8k.htm,https://www.sec.gov/Archives/edgar/data/1067294/000110465925021193/tm258373d1_8k.htm,2025-03-06T18:24:47Z,7ba3ee623e5e3cb0524fdd6d118c4cb7e958c351b01dbf9266f73afdb29eab39,0f19998204e81c29a4a6d53cdb209bc53bb1ccc264d516fa92b85010102feec0,0833c479fe7951217dd8365875c75c4f7b411f70585f77992c4e2ea33505e7b4,2,https://www.sec.gov/Archives/edgar/data/1067294/000110465925021193/tm258373d1_8k.htm;https://www.sec.gov/Archives/edgar/data/1067294/000110465925021193/tm258373d1_ex99-1.htm,455c5cd9b53d78164b0ee8c1d40c4feae0f7b07ef07fb93aac881cbdd38cb03e;e02a152094e46a2e5a122b493ada22ddff2f1e222e09bdf8e42a280587960bdc,NONE,REVIEW_REQUIRED_EVENT_EVIDENCE,False,refresh_20261009T042704Z_refresh_fundamentals_c7bbcb6dfda4_production_adc49771,2026-10-09T09:00:48Z
412,2025,Q3,14405,2025-05-02,CBRL,UNRESOLVED,PERIOD_SCOPE_REVIEW_REQUIRED,NO_EXPLICIT_QUARTER_END_MATCH_IN_RETAINED_RESULTS_CONTENT,0001104659-25-056681,8-K,tm2517171d1_8k.htm,https://www.sec.gov/Archives/edgar/data/1067294/000110465925056681/tm2517171d1_8k.htm,2025-06-05T16:20:22Z,4e2eef65d1581dfb6cf01012f09897eb8f2d683415ccc3aaeac56769f8db97f7,6746f187ac400a1082b70636ee5189a452aaa2df26b300674249c06657cc4068,30f43582716552fac6e42451f7e5538e1056f6ba746a445c86809ce30946dd46,2,https://www.sec.gov/Archives/edgar/data/1067294/000110465925056681/tm2517171d1_8k.htm;https://www.sec.gov/Archives/edgar/data/1067294/000110465925056681/tm2517171d1_ex99-1.htm,db03daff8ff340eb111a2859a851befedf36ee24fb6ab48d93e13b9de622e067;79d58c05e1b1a7bc31a6702053bef0b4b31e298eaf96242b7093876a57e49747,NONE,REVIEW_REQUIRED_EVENT_EVIDENCE,False,refresh_20261009T042704Z_refresh_fundamentals_c7bbcb6dfda4_production_adc49771,2026-10-09T09:00:48Z
412,2025,Q4,14406,2025-08-01,CBRL,UNRESOLVED,PERIOD_SCOPE_REVIEW_REQUIRED,NO_EXPLICIT_QUARTER_END_MATCH_IN_RETAINED_RESULTS_CONTENT,0001104659-25-090843,8-K,tm2526169d1_8k.htm,https://www.sec.gov/Archives/edgar/data/1067294/000110465925090843/tm2526169d1_8k.htm,2025-09-18T00:21:33Z,508cc97734e039125132178a048e93442e49b566d8f8ae283c019d10ba663906,6a0c317842d9733b87abbd1d53f774675f69e2bc5647f58b729e91a97746a777,383c547dfcc84ad16b5c1c466806517c0b1dcd2f39be64b5a52f8686a5f295cd,2,https://www.sec.gov/Archives/edgar/data/1067294/000110465925090843/tm2526169d1_8k.htm;https://www.sec.gov/Archives/edgar/data/1067294/000110465925090843/tm2526169d1_ex99-1.htm,bf2fef55da1b1c36590aef04f44c4277dced4c6f9b88b973f784588a3f2fdbf9;568ce70e82a10d47a0b42cc716b5ab2abd6a53c79ddc5ed1944746524fadb662,NONE,REVIEW_REQUIRED_EVENT_EVIDENCE,False,refresh_20261009T042704Z_refresh_fundamentals_c7bbcb6dfda4_production_adc49771,2026-10-09T09:00:48Z
412,2026,Q1,14407,2025-10-31,CBRL,UNRESOLVED,PERIOD_SCOPE_REVIEW_REQUIRED,NO_EXPLICIT_QUARTER_END_MATCH_IN_RETAINED_RESULTS_CONTENT,0001104659-25-119675,8-K,tm2532620d1_8k.htm,https://www.sec.gov/Archives/edgar/data/1067294/000110465925119675/tm2532620d1_8k.htm,2025-12-10T02:20:37Z,606ab51ad9d8bf50bd2f4343a451b1f94f7120f9a3508a9ab7d3d29fdb3f31b0,660b21d5b916314215a32aa15f0e7f18547d422c81ce0cb0d5b21fa8385996ed,03a86a0a0f685ff20f7155592e6b44f0646bcbc7f6cffb349e82cc0c83903359,2,https://www.sec.gov/Archives/edgar/data/1067294/000110465925119675/tm2532620d1_8k.htm;https://www.sec.gov/Archives/edgar/data/1067294/000110465925119675/tm2532620d1_ex99-1.htm,9504b8eff65006dad03ab186e5d7fc9cbd743fd8c25875020b7d094b734d8e27;3fb21edf248ad69580d1b0b31d96ccfaebee79c990481393725a7fa83b9ae2d9,NONE,REVIEW_REQUIRED_EVENT_EVIDENCE,False,refresh_20261009T042704Z_refresh_fundamentals_c7bbcb6dfda4_production_adc49771,2026-10-09T09:00:48Z
412,2026,Q2,14408,2026-01-30,CBRL,UNRESOLVED,PERIOD_SCOPE_REVIEW_REQUIRED,NO_EXPLICIT_QUARTER_END_MATCH_IN_RETAINED_RESULTS_CONTENT,0001104659-26-023472,8-K,tm267799d1_8k.htm,https://www.sec.gov/Archives/edgar/data/1067294/000110465926023472/tm267799d1_8k.htm,2026-03-05T02:17:56Z,5953df3b4bbdba47cca1ed34dbf71d5252fee914ed7726a146af4fac8fcd8983,a74ba2e5da5dcfc3e3d07b89fb6b12fbc29b46324287bee71e0ce4c5482a9072,2196b743cc35e20e1b3ff836bd747b55f4ee2b83abfe9646b1b754bb956be6b2,2,https://www.sec.gov/Archives/edgar/data/1067294/000110465926023472/tm267799d1_8k.htm;https://www.sec.gov/Archives/edgar/data/1067294/000110465926023472/tm267799d1_ex99-1.htm,a0a8def59d2703f8d64be8581b0f0138e241ae8c1000290be9977a2b6730156b;cfbbc2b915cd645793b27862021eb37be5946a61220000d14fa1b1246114c532,NONE,REVIEW_REQUIRED_EVENT_EVIDENCE,False,refresh_20261009T042704Z_refresh_fundamentals_c7bbcb6dfda4_production_adc49771,2026-10-09T09:00:48Z
418,2025,Q1,14634,2025-03-31,CCI,NOT_FOUND,FINANCIAL_SCOPE_REVIEW_REQUIRED,NO_EXPLICIT_QUARTER_CONSOLIDATED_REVENUE_GAAP_NET_AND_BROAD_P_AND_L_PACKAGE,0001051470-25-000124,8-K,cci-20250430.htm,https://www.sec.gov/Archives/edgar/data/1051470/000105147025000124/cci-20250430.htm,2025-04-30T20:17:21Z,3ebc9c17d4da55d99bb9d9014b1aa8f4ab75328fe64be402215f6017f004d8c0,f352c4899079c4f7cb859ca94b5931d5527bd76e2a5d9b43b296b2750b73e9b3,7a4644fdecc6f5084021614a83ab407566214974ab17310435fbdba3de5996a3,1,https://www.sec.gov/Archives/edgar/data/1051470/000105147025000124/cci-20250430.htm,b4141f179e14ef6bbcbb590e9da717af70e4cfff824fe00ec4aa899c34258658,NONE,REVIEW_REQUIRED_EVENT_EVIDENCE,False,refresh_20261009T042704Z_refresh_fundamentals_c7bbcb6dfda4_production_adc49771,2026-10-09T09:00:48Z
418,2025,Q2,14635,2025-06-30,CCI,NOT_FOUND,FINANCIAL_SCOPE_REVIEW_REQUIRED,NO_EXPLICIT_QUARTER_CONSOLIDATED_REVENUE_GAAP_NET_AND_BROAD_P_AND_L_PACKAGE,0001051470-25-000159,8-K,cci-20250723.htm,https://www.sec.gov/Archives/edgar/data/1051470/000105147025000159/cci-20250723.htm,2025-07-23T20:20:19Z,21fcb47a16d4ce0fae90e7e22499e8d9b3bb07f5b448d5e7eaead2cc38a60cdf,a8ec9fa67027e0995d2e2697f1835e75ad8b9f86393f4402529b87cd435b81c7,426a4a29830a3133c60f6c5a69cb211d5c1ce585dc08561d0e207f9771c50e4a,1,https://www.sec.gov/Archives/edgar/data/1051470/000105147025000159/cci-20250723.htm,8b237500fffa87bf5f638435c3b1735befa7a3b81a60cee5c3a82728dee27fa3,NONE,REVIEW_REQUIRED_EVENT_EVIDENCE,False,refresh_20261009T042704Z_refresh_fundamentals_c7bbcb6dfda4_production_adc49771,2026-10-09T09:00:48Z
418,2026,Q2,14639,2026-06-30,CCI,NOT_FOUND,FINANCIAL_SCOPE_REVIEW_REQUIRED,NO_EXPLICIT_QUARTER_CONSOLIDATED_REVENUE_GAAP_NET_AND_BROAD_P_AND_L_PACKAGE,0001051470-26-000069,8-K,cci-20260722.htm,https://www.sec.gov/Archives/edgar/data/1051470/000105147026000069/cci-20260722.htm,2026-07-22T20:17:40Z,1d037ae491c45a929d1d2c49924d6c89415cc751f6374580faadde19bf6ca015,c2d2cc0a524136a6ccc7ed31e10ef6e0c476634d5fcbfe75a4f5fd54d6128f27,199b10683b33508391d224ddfd0f24e79596e3d7cd9c4502d04266fe05443960,1,https://www.sec.gov/Archives/edgar/data/1051470/000105147026000069/cci-20260722.htm,ce2d0457e61d7529940455e6df342832d5614de4cbdd76a80b4613d344c7cdf3,NONE,REVIEW_REQUIRED_EVENT_EVIDENCE,False,refresh_20261009T042704Z_refresh_fundamentals_c7bbcb6dfda4_production_adc49771,2026-10-09T09:00:48Z
420,2026,Q1,14720,2026-02-28,CCL,UNRESOLVED,ENTITY_OR_PERIMETER_REVIEW_REQUIRED,DUAL_REGISTRANT_COMBINED_REPORTING_PERIMETER_REQUIRES_EXACT_REVIEW,0000815097-26-000034,8-K,ccl-20260327.htm,https://www.sec.gov/Archives/edgar/data/815097/000081509726000034/ccl-20260327.htm,2026-03-27T13:18:08Z,3a79d51c243dc2338404375adb9f0b786e3a2ff00e67a2120c64adbe03e8b0e6,ab798b2cdd1ef84293a68828291acb1324272ba65db42b31f49f1ee492994e4d,c021e971d1e1d174982dd62b4fb9b9073a3e1475bbaced4796089f83d7adad0e,2,https://www.sec.gov/Archives/edgar/data/815097/000081509726000034/ccl-20260327.htm;https://www.sec.gov/Archives/edgar/data/815097/000081509726000034/a20261qearningsrelease8-k.htm,5222016ff6a0983d22ea211d4180afa5a8a72d5b2b041d428cf6c23555dbc32b;ea7de7a34327a095cc2e120ebb019230df9c61a509e722e049e7d08fd0d939b1,NONE,REVIEW_REQUIRED_EVENT_EVIDENCE,False,refresh_20261009T042704Z_refresh_fundamentals_c7bbcb6dfda4_production_adc49771,2026-10-09T09:00:48Z
421,2025,Q2,14759,2025-06-30,CCLD,UNRESOLVED,PROPOSED_REVIEWED_EVENT_OBSERVATION,EXPLICIT_QUARTER_CONSOLIDATED_EARNINGS_STATEMENT_AND_REGISTRANT_RESULTS_ANNOUNCEMENT,0001493152-25-011596,8-K,form8-k.htm,https://www.sec.gov/Archives/edgar/data/1582982/000149315225011596/form8-k.htm,2025-08-05T15:05:48Z,0dfd431c09a0e5e9e3e1c61d9c35c80e653cc3e60bcebf6ede6a985c3b09ac9a,8de75c5bbdbba165952808a51d5f0127c3df2ba23a99da801191c8f4c4be2a78,8c6025b0ae3ea2c69dc70c5061850133fc91b259440074fb7c8fb3b46cdf67e0,3,https://www.sec.gov/Archives/edgar/data/1582982/000149315225011596/form8-k.htm;https://www.sec.gov/Archives/edgar/data/1582982/000149315225011596/ex99-1.htm;https://www.sec.gov/Archives/edgar/data/1582982/000149315225011596/ex99-2.htm,7c409a74d22c2408138df4ffe21b9264ffdff4f10ce35c1c6c72e813dcbb948a;ceadf5ad0da2d4d5be0b0d5517f37ea04a66fb8a6f1d9d38f44aba4958a2160e;58b645bd678fc5cb41315c0983835cc9d854fda0ad8869976771450d5cf9cb7e,NONE,REVIEW_REQUIRED_EVENT_EVIDENCE,False,refresh_20261009T042704Z_refresh_fundamentals_c7bbcb6dfda4_production_adc49771,2026-10-09T09:00:48Z
451,2025,Q1,15826,2025-03-30,CGNX,NOT_FOUND,FINANCIAL_SCOPE_REVIEW_REQUIRED,NO_EXPLICIT_QUARTER_CONSOLIDATED_REVENUE_GAAP_NET_AND_BROAD_P_AND_L_PACKAGE,0000851205-25-000028,8-K,cgnx-20250430.htm,https://www.sec.gov/Archives/edgar/data/851205/000085120525000028/cgnx-20250430.htm,2025-04-30T20:31:45Z,321922780aadf82de1367e6284cf429a8af4adb937ed40a53744c9f385eb7cca,4408711285a48fb71d4d726d87658ce8ca452b26f1bbef5c1e1e480fda8c7e15,9e783339cabf8c0ded46dc80e476638ba136a132f074c8f1472555e9ca8a6229,1,https://www.sec.gov/Archives/edgar/data/851205/000085120525000028/cgnx-20250430.htm,253771991ac28e3e1c35392739568614a9c7f3757b46e3efe28010fdffe92f38,NONE,REVIEW_REQUIRED_EVENT_EVIDENCE,False,refresh_20261009T042704Z_refresh_fundamentals_c7bbcb6dfda4_production_adc49771,2026-10-09T09:00:48Z
451,2025,Q2,15827,2025-06-29,CGNX,NOT_FOUND,FINANCIAL_SCOPE_REVIEW_REQUIRED,NO_EXPLICIT_QUARTER_CONSOLIDATED_REVENUE_GAAP_NET_AND_BROAD_P_AND_L_PACKAGE,0000851205-25-000050,8-K,cgnx-20250730.htm,https://www.sec.gov/Archives/edgar/data/851205/000085120525000050/cgnx-20250730.htm,2025-07-30T20:34:29Z,59f3a5fc47b425af82028d5ae22d9318c5e67d12e32646cdb8ec0faa246676be,2d1c4381d1b7110e0cc8789165a4827041826880846b5cb54f9911dbf4c112f8,2a79d7aecf6a15b4ddbd786fbbdccc48d8a81dcf740c12a9870a10d01ba3de26,1,https://www.sec.gov/Archives/edgar/data/851205/000085120525000050/cgnx-20250730.htm,dbd56708ec3f15fb062feb0c1d4b0bd1faf8500ffb9e80e8084467fc075c6cd2,NONE,REVIEW_REQUIRED_EVENT_EVIDENCE,False,refresh_20261009T042704Z_refresh_fundamentals_c7bbcb6dfda4_production_adc49771,2026-10-09T09:00:48Z
451,2025,Q3,15828,2025-09-28,CGNX,NOT_FOUND,FINANCIAL_SCOPE_REVIEW_REQUIRED,NO_EXPLICIT_QUARTER_CONSOLIDATED_REVENUE_GAAP_NET_AND_BROAD_P_AND_L_PACKAGE,0000851205-25-000061,8-K,cgnx-20251029.htm,https://www.sec.gov/Archives/edgar/data/851205/000085120525000061/cgnx-20251029.htm,2025-10-29T20:32:51Z,29e6002dfd8c968b7b63b25e4e84fa1101df2d1f4d05955031c71c72d1254169,065494ca084ab4c50ab4770dfdcf4e5d5686b9a04ee358850d68431fab3dcf15,d90ff3b2a3f3216dcf1fb478c90d98927401c70f033fde4d02c6fee2ec9ad183,1,https://www.sec.gov/Archives/edgar/data/851205/000085120525000061/cgnx-20251029.htm,d0e43e1094461ab41497c7567d663556cd3b15e4f682d530eebbcf800acf8fb3,NONE,REVIEW_REQUIRED_EVENT_EVIDENCE,False,refresh_20261009T042704Z_refresh_fundamentals_c7bbcb6dfda4_production_adc49771,2026-10-09T09:00:48Z
451,2025,Q4,15829,2025-12-31,CGNX,NOT_FOUND,PERIOD_SCOPE_REVIEW_REQUIRED,NO_EXPLICIT_QUARTER_END_MATCH_IN_RETAINED_RESULTS_CONTENT,0000851205-26-000009,8-K,cgnx-20260211.htm,https://www.sec.gov/Archives/edgar/data/851205/000085120526000009/cgnx-20260211.htm,2026-02-11T21:31:29Z,c7a6d4bb335c1adbc7583ce9399637378654d9f630f2003a68084ed0be0575ef,487e7da3369ce24401bfebaa19b6d2e629187c6be4d78ef8a4fb7fc2cecb210e,703463a0cf0eec4139f8d8a71aae18d8fd3b94250657efccb33ba452545400e7,1,https://www.sec.gov/Archives/edgar/data/851205/000085120526000009/cgnx-20260211.htm,d6fc94e7ef769bc8597427e8ec2ed17ea54a7b7fec8e051c6a89345fc789f36c,NONE,REVIEW_REQUIRED_EVENT_EVIDENCE,False,refresh_20261009T042704Z_refresh_fundamentals_c7bbcb6dfda4_production_adc49771,2026-10-09T09:00:48Z
451,2026,Q1,15830,2026-04-05,CGNX,NOT_FOUND,FINANCIAL_SCOPE_REVIEW_REQUIRED,NO_EXPLICIT_QUARTER_CONSOLIDATED_REVENUE_GAAP_NET_AND_BROAD_P_AND_L_PACKAGE,0000851205-26-000037,8-K,cgnx-20260506.htm,https://www.sec.gov/Archives/edgar/data/851205/000085120526000037/cgnx-20260506.htm,2026-05-06T20:32:13Z,c94c7df0dca53d65c1b18ad8b3f789241182b627774c0e1763af7047d87d35ee,fcd2c798aec530c0e9b814d4640a58861484a578553145709b8606cc517c8a09,e56a7619362e7b0523aedfcdef033d8506026e8f8f6252ba28c05700003653ee,1,https://www.sec.gov/Archives/edgar/data/851205/000085120526000037/cgnx-20260506.htm,048c60fe1b88498f882b6f60987ef31344f702addc7ba6ae1f3f2524ad097db0,NONE,REVIEW_REQUIRED_EVENT_EVIDENCE,False,refresh_20261009T042704Z_refresh_fundamentals_c7bbcb6dfda4_production_adc49771,2026-10-09T09:00:48Z
451,2026,Q2,15831,2026-07-05,CGNX,NOT_FOUND,PROPOSED_REVIEWED_EVENT_OBSERVATION,EXPLICIT_QUARTER_CONSOLIDATED_EARNINGS_STATEMENT_AND_REGISTRANT_RESULTS_ANNOUNCEMENT,0000851205-26-000061,8-K,cgnx-20260805.htm,https://www.sec.gov/Archives/edgar/data/851205/000085120526000061/cgnx-20260805.htm,2026-08-05T20:32:16Z,84b99f8f2e85bd3175f70bb9b4f1ab03adf998ce089ea7b9f3c8b66f1a4310ce,bf9671991f53f29f890f99463a025d6875e064219f1475d75238044f8d3cffef,42b2c086233d81556e7fe0ccadd05eb8b23ea5a393cfee28f02fe38cb7e2fcf4,2,https://www.sec.gov/Archives/edgar/data/851205/000085120526000061/cgnx-20260805.htm;https://www.sec.gov/Archives/edgar/data/851205/000085120526000061/a07052026-xex991xq22026ear.htm,f80cbf3a12fde22dbd1a6d597f1cd396b4394c47b1d2aae5ca552acaa00d3e3e;da73fddb3819d2b8f941e9be31621be35973c010fa24b184063eaf105f14ce37,NONE,REVIEW_REQUIRED_EVENT_EVIDENCE,False,refresh_20261009T042704Z_refresh_fundamentals_c7bbcb6dfda4_production_adc49771,2026-10-09T09:00:48Z
501,2025,Q1,17681,2025-03-31,CMPS,NOT_FOUND,FINANCIAL_SCOPE_REVIEW_REQUIRED,NO_EXPLICIT_QUARTER_CONSOLIDATED_REVENUE_GAAP_NET_AND_BROAD_P_AND_L_PACKAGE,0001628280-25-023427,8-K,cmps-20250508.htm,https://www.sec.gov/Archives/edgar/data/1816590/000162828025023427/cmps-20250508.htm,2025-05-08T10:39:09Z,4f23f9617bb53a3f2d05762580b859451f5416e9373f13cc5d48dcc981e251fc,2de59c61e325ece5d0ab8e9f49afd794d9fcc0ceec82fcd75debf1161ce8c867,799195f66faadf01e03883248aa6455b0f7f3fc135222b1fd53ea101f19bcb0b,1,https://www.sec.gov/Archives/edgar/data/1816590/000162828025023427/cmps-20250508.htm,d8c9f126780a2c73d20f162e11b93051d1a955388876abf59a8d8263a1ea21c9,NONE,REVIEW_REQUIRED_EVENT_EVIDENCE,False,refresh_20261009T042704Z_refresh_fundamentals_c7bbcb6dfda4_production_adc49771,2026-10-09T09:00:48Z
501,2025,Q2,17682,2025-06-30,CMPS,NOT_FOUND,PERIOD_SCOPE_REVIEW_REQUIRED,NO_EXPLICIT_QUARTER_END_MATCH_IN_RETAINED_RESULTS_CONTENT,0001816590-25-000103,8-K,cmps-20250731.htm,https://www.sec.gov/Archives/edgar/data/1816590/000181659025000103/cmps-20250731.htm,2025-07-31T10:31:16Z,3d9d4b90671ddc2d6a128f24c78289ab6b9e047c5a91e598bf9cca0b12c5d49a,095f0b6e5599f3b001eca1457856ebccf6fa729c0e944047412015fbfec89864,7f0d6c80fc2c05278fdc25b101ae8640cdd653208f5be3569c25bcc9f40bfb39,1,https://www.sec.gov/Archives/edgar/data/1816590/000181659025000103/cmps-20250731.htm,b7932bbc435d1a7b90e6c39a0984dc9bd4fedd8452930a8883295ebc506da40a,NONE,REVIEW_REQUIRED_EVENT_EVIDENCE,False,refresh_20261009T042704Z_refresh_fundamentals_c7bbcb6dfda4_production_adc49771,2026-10-09T09:00:48Z
501,2026,Q1,17685,2026-03-31,CMPS,NOT_FOUND,FINANCIAL_SCOPE_REVIEW_REQUIRED,NO_EXPLICIT_QUARTER_CONSOLIDATED_REVENUE_GAAP_NET_AND_BROAD_P_AND_L_PACKAGE,0001816590-26-000043,8-K,cmps-20260513.htm,https://www.sec.gov/Archives/edgar/data/1816590/000181659026000043/cmps-20260513.htm,2026-05-13T10:30:53Z,8746dbf49ced2b8e43636dc4c82bd5ab8d9e9896537fb76a49d79aa76837bdf5,9e6acf5657d650318c1ad82db90d68f4b07db79bde77cf7ab1abced43d72903a,60c2c65759597cd291735ff88fc84556f665bbb3be19e4fc04057f178d7ef915,1,https://www.sec.gov/Archives/edgar/data/1816590/000181659026000043/cmps-20260513.htm,53204f1b17607f2a68373072a4af08627126fa225c278f241fcb100886c7773d,NONE,REVIEW_REQUIRED_EVENT_EVIDENCE,False,refresh_20261009T042704Z_refresh_fundamentals_c7bbcb6dfda4_production_adc49771,2026-10-09T09:00:48Z
501,2026,Q2,17686,2026-06-30,CMPS,NOT_FOUND,PERIOD_SCOPE_REVIEW_REQUIRED,NO_EXPLICIT_QUARTER_END_MATCH_IN_RETAINED_RESULTS_CONTENT,0001816590-26-000059,8-K,cmps-20260805.htm,https://www.sec.gov/Archives/edgar/data/1816590/000181659026000059/cmps-20260805.htm,2026-08-05T10:31:09Z,5fcd5f24cb203a8cc8daf89a7a01528d92463c207ba8bd73d02124a6548f23c0,38903a56ef42df473d0783f0d34242c7311431665babb0ae2ab95a18f0a746ff,d5ca5a846b9fe5af5c69f09fa37219423414948d5294ae6f2e73ed74316f8312,1,https://www.sec.gov/Archives/edgar/data/1816590/000181659026000059/cmps-20260805.htm,c087747fbcf67da5ab23320ee9cded9700e0341f249f84cc643297d1d887b076,NONE,REVIEW_REQUIRED_EVENT_EVIDENCE,False,refresh_20261009T042704Z_refresh_fundamentals_c7bbcb6dfda4_production_adc49771,2026-10-09T09:00:48Z
504,2025,Q1,17771,2025-03-31,CMS,UNRESOLVED,ENTITY_OR_PERIMETER_REVIEW_REQUIRED,MULTI_REGISTRANT_PARENT_SUBSIDIARY_REPORTING_PERIMETER_REQUIRES_EXACT_REVIEW,0001104659-25-038300,8-K,tm2513034d1_8k.htm,https://www.sec.gov/Archives/edgar/data/811156/000110465925038300/tm2513034d1_8k.htm,2025-04-24T10:44:47Z,5d34785b951208c0ce6606a835ee04560255ec5c05eaff006b4bb23178ffee72,2325715b7d66c3cb1726671ee03b1db3642e2f54c1cb509f0f695313d367d7ef,f6f5a61a40df09319d8f272073fe502818f3a75ad1942fd8112fa9f4a3798903,3,https://www.sec.gov/Archives/edgar/data/811156/000110465925038300/tm2513034d1_8k.htm;https://www.sec.gov/Archives/edgar/data/811156/000110465925038300/tm2513034d1_ex99-1.htm;https://www.sec.gov/Archives/edgar/data/811156/000110465925038300/tm2513034d1_ex99-2.htm,737928f075550bb58fc7bdd295b08cfa054cdd83b49d79b2f4dc3dbb522868c7;43a4a62ce803b2136a5b68fa49b03a9d800c55f21767ce7992138311242d0fcc;625886de28a16d92f7b911ba12384a8427937433c58abb49940f4cceea8fd923,NONE,REVIEW_REQUIRED_EVENT_EVIDENCE,False,refresh_20261009T042704Z_refresh_fundamentals_c7bbcb6dfda4_production_adc49771,2026-10-09T09:00:48Z
504,2025,Q2,17772,2025-06-30,CMS,UNRESOLVED,ENTITY_OR_PERIMETER_REVIEW_REQUIRED,MULTI_REGISTRANT_PARENT_SUBSIDIARY_REPORTING_PERIMETER_REQUIRES_EXACT_REVIEW,0001104659-25-072445,8-K,tm2522139d1_8k.htm,https://www.sec.gov/Archives/edgar/data/811156/000110465925072445/tm2522139d1_8k.htm,2025-07-31T10:59:10Z,dcd85f22d4b382573bfa00406f79da17f2875d2e3ef774851c9b4bc3d94e5f7c,4b34af3d7e4c0e3d6d477b4ebc9bfa954a2b03b626a06f0b7fa24d8c5427330f,8c7fc6f5b7037a061f47331c44a89657c6b646fca6c9d85aa8739754b5f916b8,3,https://www.sec.gov/Archives/edgar/data/811156/000110465925072445/tm2522139d1_8k.htm;https://www.sec.gov/Archives/edgar/data/811156/000110465925072445/tm2522139d1_ex99-1.htm;https://www.sec.gov/Archives/edgar/data/811156/000110465925072445/tm2522139d1_ex99-2.htm,ff857efd1238f41679a32309684d870f765a73fd93e9dcb8fcfcf07fa6b90ef4;b670200506dba893d4d5920b37620ee13831ce13ad896ca0e1b5c4493f070bc2;0d416920e6585b800708eff8d8d4e3f3ad5008128ba0a7e426db9becf80ceb2f,NONE,REVIEW_REQUIRED_EVENT_EVIDENCE,False,refresh_20261009T042704Z_refresh_fundamentals_c7bbcb6dfda4_production_adc49771,2026-10-09T09:00:48Z
504,2026,Q1,17775,2026-03-31,CMS,UNRESOLVED,ENTITY_OR_PERIMETER_REVIEW_REQUIRED,MULTI_REGISTRANT_PARENT_SUBSIDIARY_REPORTING_PERIMETER_REQUIRES_EXACT_REVIEW,0001104659-26-049718,8-K,tm2612873d1_8k.htm,https://www.sec.gov/Archives/edgar/data/811156/000110465926049718/tm2612873d1_8k.htm,2026-04-28T10:38:47Z,67c42b97a29918a634ed19b902f9f7c31e7f984e77564c7e0c069adca0273faa,4bb2222ccb7aa64086be0a9c46ccda6bfbd8064143610e7f07c4e838f9c4ffdc,d1c31e468dfcaaf99143befa8a23162b635e1bfda310e64e9b3c31185854739b,3,https://www.sec.gov/Archives/edgar/data/811156/000110465926049718/tm2612873d1_8k.htm;https://www.sec.gov/Archives/edgar/data/811156/000110465926049718/tm2612873d1_ex99-1.htm;https://www.sec.gov/Archives/edgar/data/811156/000110465926049718/tm2612873d1_ex99-2.htm,5e71c7cd378a724a82c32ecf5b83c0fc24231dbef6f9f6ed7bf52933c576e21b;2de01f1c08943141c89a8aae6ed08441bd3c6bf4a58a2d8e4cf85fb516ab7741;6e80317905410c394c1e4977fecdee2580fe914be8ad5ae47761a70d50bce084,NONE,REVIEW_REQUIRED_EVENT_EVIDENCE,False,refresh_20261009T042704Z_refresh_fundamentals_c7bbcb6dfda4_production_adc49771,2026-10-09T09:00:48Z
504,2026,Q2,17776,2026-06-30,CMS,UNRESOLVED,ENTITY_OR_PERIMETER_REVIEW_REQUIRED,MULTI_REGISTRANT_PARENT_SUBSIDIARY_REPORTING_PERIMETER_REQUIRES_EXACT_REVIEW,0001104659-26-087288,8-K,tm2621427d1_8k.htm,https://www.sec.gov/Archives/edgar/data/811156/000110465926087288/tm2621427d1_8k.htm,2026-07-28T10:38:12Z,2de87594b6156f13cd308ab02dd611af0b4876f95795f108f41978a4f432fdfd,ebeb0e4dd5b2948f52f6d639e801d3b6972c733269948c51ce93994d75327999,3784cafaaff3c4ad56bf277ad34516f85c90607d57aaad1cef2ed5de90baf45d,3,https://www.sec.gov/Archives/edgar/data/811156/000110465926087288/tm2621427d1_8k.htm;https://www.sec.gov/Archives/edgar/data/811156/000110465926087288/tm2621427d1_ex99-1.htm;https://www.sec.gov/Archives/edgar/data/811156/000110465926087288/tm2621427d1_ex99-2.htm,f3a734db2078ee9ce7bb6d597488c42fc9b6f95279998f19fbea81910bab4606;72f01a978bd9446ec4fb3a74f9af9462a03ae11f4abb20107bb645409345a3e6;d2df134c7ce33dd6a6cf0a22887a0150f6175d871316bea4b803c794cbe528de,NONE,REVIEW_REQUIRED_EVENT_EVIDENCE,False,refresh_20261009T042704Z_refresh_fundamentals_c7bbcb6dfda4_production_adc49771,2026-10-09T09:00:48Z
515,2025,Q1,18178,2025-03-31,CNR,UNRESOLVED,FINANCIAL_SCOPE_REVIEW_REQUIRED,NO_EXPLICIT_QUARTER_CONSOLIDATED_REVENUE_GAAP_NET_AND_BROAD_P_AND_L_PACKAGE,0001193125-25-115451,8-K,d828774d8k.htm,https://www.sec.gov/Archives/edgar/data/1710366/000119312525115451/d828774d8k.htm,2025-05-08T11:00:22Z,46d7b0abbf9533aa455f7b49ec7b244a8102fe5f629860f6b394addceba1e50c,2765d608bdfaf18296a098ceea7a74a028555445863ac4a16952b3de444f5681,e9d22583a5c06740b02fb4e59d16b35b94a37651b1970b8a0320ea8cf274231c,3,https://www.sec.gov/Archives/edgar/data/1710366/000119312525115451/d828774d8k.htm;https://www.sec.gov/Archives/edgar/data/1710366/000119312525115451/d828774dex991.htm;https://www.sec.gov/Archives/edgar/data/1710366/000119312525115451/d828774dex992.htm,79df9ff5482ada4e530c55022b4e143a351620692056b61854148408c3a0d92e;deded637ef9f2a8a6725d2d2ff754a512503df2119459abfa151944770a57be2;afe537af41730d53601b5b76a1b08966570d61ba8a09b5c8481060b09b759f5d,NONE,REVIEW_REQUIRED_EVENT_EVIDENCE,False,refresh_20261009T042704Z_refresh_fundamentals_c7bbcb6dfda4_production_adc49771,2026-10-09T09:00:48Z
515,2025,Q2,18179,2025-06-30,CNR,UNRESOLVED,FINANCIAL_SCOPE_REVIEW_REQUIRED,NO_EXPLICIT_QUARTER_CONSOLIDATED_REVENUE_GAAP_NET_AND_BROAD_P_AND_L_PACKAGE,0001193125-25-173024,8-K,d96449d8k.htm,https://www.sec.gov/Archives/edgar/data/1710366/000119312525173024/d96449d8k.htm,2025-08-05T10:55:42Z,c68a471de6d629cd89dcdc69acab71c2e8e4b9a3ceadc5f419904bd704691715,35ef6679db2598eca18e56e7e2389304a8a39186c3ce5aedc4548237aba61e73,8cfda1908b7a9cd32b09662383ca349c7437556c712cb2deff816dd3adab8496,3,https://www.sec.gov/Archives/edgar/data/1710366/000119312525173024/d96449d8k.htm;https://www.sec.gov/Archives/edgar/data/1710366/000119312525173024/d96449dex991.htm;https://www.sec.gov/Archives/edgar/data/1710366/000119312525173024/d96449dex992.htm,0c79f651c9903f86142a5b14383d8233c7114fba2c4e1076d54dbc6423c54227;579fd1465906f577d61cb905e2ecae1be628c4b9d7f8b6122c8ff976e243a430;2ddfd877e234c48968e18c5cc060dcea1f216f10f969612c8591fe45d9662f26,NONE,REVIEW_REQUIRED_EVENT_EVIDENCE,False,refresh_20261009T042704Z_refresh_fundamentals_c7bbcb6dfda4_production_adc49771,2026-10-09T09:00:48Z
515,2025,Q3,18180,2025-09-30,CNR,UNRESOLVED,FINANCIAL_SCOPE_REVIEW_REQUIRED,NO_EXPLICIT_QUARTER_CONSOLIDATED_REVENUE_GAAP_NET_AND_BROAD_P_AND_L_PACKAGE,0001710366-25-000029,8-K,cnr-20251106.htm,https://www.sec.gov/Archives/edgar/data/1710366/000171036625000029/cnr-20251106.htm,2025-11-06T11:54:49Z,a39c5da94b8f75c94525a2ad4833b17fcc7afdb0e070aa5916f194acc236435b,6bf4f1d46373895bb16bab461cb3d944bfdba3fb4d893532d8d1158bcd2c4b3b,78696537d9b3b924fafb104d3814228709a9ba294b2e3f1b6a01534e36b9dcba,3,https://www.sec.gov/Archives/edgar/data/1710366/000171036625000029/cnr-20251106.htm;https://www.sec.gov/Archives/edgar/data/1710366/000171036625000029/cnrq32025er-exhibit991.htm;https://www.sec.gov/Archives/edgar/data/1710366/000171036625000029/cnrq32025er-exhibit992.htm,524804be4580d56e2afc02d506388e738510cec5035e6c0fb46f585e981ba727;a7a81612da885ff4697562db261c96f867882849279d1f25121451398cf9c84a;f91cdbffd07baad156f94f4ef58249592083867eda11b8737cd2a862b22d178b,NONE,REVIEW_REQUIRED_EVENT_EVIDENCE,False,refresh_20261009T042704Z_refresh_fundamentals_c7bbcb6dfda4_production_adc49771,2026-10-09T09:00:48Z
515,2026,Q2,18183,2026-06-30,CNR,UNRESOLVED,FINANCIAL_SCOPE_REVIEW_REQUIRED,NO_EXPLICIT_QUARTER_CONSOLIDATED_REVENUE_GAAP_NET_AND_BROAD_P_AND_L_PACKAGE,0001710366-26-000053,8-K,cnr-20260806.htm,https://www.sec.gov/Archives/edgar/data/1710366/000171036626000053/cnr-20260806.htm,2026-08-06T11:06:05Z,ff2479c249528f49ff533f2f38be29639e4bb21d5527e3f5a2a51d77b230a1a5,8e2e6538794a774e3e018328c15e4ffaa85b2525ecc84062c3880ebd0e574a25,fc73e88e8478364b2c919577920588a0c92f82b88f61da97a0761b7aec53a398,3,https://www.sec.gov/Archives/edgar/data/1710366/000171036626000053/cnr-20260806.htm;https://www.sec.gov/Archives/edgar/data/1710366/000171036626000053/cnrq22026er-exhibit991.htm;https://www.sec.gov/Archives/edgar/data/1710366/000171036626000053/cnrq22026er-exhibit992.htm,42e15cc852277fbfe0abaf0f739948533dd91a03c14fc4497f3915cdd59c1b58;27def50fce334b7b500a05120d3a192502b1b913bb9488c7ba370766d288341b;80bbec45b4394dfbc8ac2185617b8051ef09d4bf08b97fb33131af262f00416e,NONE,REVIEW_REQUIRED_EVENT_EVIDENCE,False,refresh_20261009T042704Z_refresh_fundamentals_c7bbcb6dfda4_production_adc49771,2026-10-09T09:00:48Z
524,2025,Q1,18488,2024-09-30,COHR,UNRESOLVED,PROPOSED_REVIEWED_EVENT_OBSERVATION,EXPLICIT_QUARTER_CONSOLIDATED_EARNINGS_STATEMENT_AND_REGISTRANT_RESULTS_ANNOUNCEMENT,0001193125-24-252062,8-K,d857703d8k.htm,https://www.sec.gov/Archives/edgar/data/820318/000119312524252062/d857703d8k.htm,2024-11-07T02:20:03Z,ecb9bc57e5d4112e5db6f49293b88adb7576e49feea06bd97222127b0b864fbe,b126101d930418da4bf6a5e26f6e755d1632e164a029096a14ac90873f2d0444,bc495a2269103b017660b3654473b329eef9c0ee02c850770c4941b3933713f7,3,https://www.sec.gov/Archives/edgar/data/820318/000119312524252062/d857703d8k.htm;https://www.sec.gov/Archives/edgar/data/820318/000119312524252062/d857703dex991.htm;https://www.sec.gov/Archives/edgar/data/820318/000119312524252062/d857703dex992.htm,b4087b80cdbe88b6b90d2e14d7df12f7da11eb23c54c2e5e56257bb8dde87519;ac9e2ed2d49d64fe8e5c79a6fd112ad1ed93832694ac3ecf7993a49d1126617a;7774ec6175ac8e96c74531fc4761480f17088942b1168ce28dd1fe459873384d,NONE,REVIEW_REQUIRED_EVENT_EVIDENCE,False,refresh_20261009T042704Z_refresh_fundamentals_c7bbcb6dfda4_production_adc49771,2026-10-09T09:00:48Z
524,2025,Q2,18489,2024-12-31,COHR,UNRESOLVED,PROPOSED_REVIEWED_EVENT_OBSERVATION,EXPLICIT_QUARTER_CONSOLIDATED_EARNINGS_STATEMENT_AND_REGISTRANT_RESULTS_ANNOUNCEMENT,0001193125-25-020821,8-K,d835094d8k.htm,https://www.sec.gov/Archives/edgar/data/820318/000119312525020821/d835094d8k.htm,2025-02-06T02:05:24Z,c72c4e33a32d1fe1246814c5a4ede63ff559df9139178c42bdf50e21bf6e4a9d,34e5f3b051f38a28ed0899514613fc305f978f983945fc47f6e7703cfbf42e61,cf4c7952bc80109fde72b68b4bbdb3b9906f9298ae598e52467a62f87945bb4a,3,https://www.sec.gov/Archives/edgar/data/820318/000119312525020821/d835094d8k.htm;https://www.sec.gov/Archives/edgar/data/820318/000119312525020821/d835094dex991.htm;https://www.sec.gov/Archives/edgar/data/820318/000119312525020821/d835094dex992.htm,b027c15af99337f3a294367eb1fda5be72c95da750b811650487bdb695fed708;c2f10707f1db2ad4acf4f95c9a104302e894e88e3012fb41f0199335e7a17100;1e8997da12c9e3ab0688113b58ffbfb5d0f69d36912a6956487f1452bde9cd72,NONE,REVIEW_REQUIRED_EVENT_EVIDENCE,False,refresh_20261009T042704Z_refresh_fundamentals_c7bbcb6dfda4_production_adc49771,2026-10-09T09:00:48Z
524,2025,Q3,18490,2025-03-31,COHR,UNRESOLVED,PROPOSED_REVIEWED_EVENT_OBSERVATION,EXPLICIT_QUARTER_CONSOLIDATED_EARNINGS_STATEMENT_AND_REGISTRANT_RESULTS_ANNOUNCEMENT,0001193125-25-114882,8-K,d930395d8k.htm,https://www.sec.gov/Archives/edgar/data/820318/000119312525114882/d930395d8k.htm,2025-05-08T00:05:27Z,f20f90aa14dbf8fb9f8d7885643eed0ea81f5f08da60b04d1f21c395b092507a,c4d377d8fda53960727d68ff29da8bf05a0353f2cdc5f6c50b1cfa245a2fb37d,46369d82c33f161ffcd9573900509500fd34720c89e87e3a20c12cb6e3bf6e7f,3,https://www.sec.gov/Archives/edgar/data/820318/000119312525114882/d930395d8k.htm;https://www.sec.gov/Archives/edgar/data/820318/000119312525114882/d930395dex991.htm;https://www.sec.gov/Archives/edgar/data/820318/000119312525114882/d930395dex992.htm,d7ce7c639f52098a8ca1e86e506b871e3bb749556ff08505a863135b99fe8431;1d2c22f1ab74bbfcaf5d07aad1a3204865b53880f648a4f703a374d629274ec5;6e4e9f18a2a7b501a3478459aae25c39c5309ba49c33623737e3041adbe99bc1,NONE,REVIEW_REQUIRED_EVENT_EVIDENCE,False,refresh_20261009T042704Z_refresh_fundamentals_c7bbcb6dfda4_production_adc49771,2026-10-09T09:00:48Z
528,2025,Q1,18631,2025-03-31,COLD,NOT_FOUND,FINANCIAL_SCOPE_REVIEW_REQUIRED,NO_EXPLICIT_QUARTER_CONSOLIDATED_REVENUE_GAAP_NET_AND_BROAD_P_AND_L_PACKAGE,0001628280-25-023446,8-K,art-20250508.htm,https://www.sec.gov/Archives/edgar/data/1455863/000162828025023446/art-20250508.htm,2025-05-08T11:04:59Z,0879fbfff772a406e9a9d0819da4f1a121681cd76f4f1c5b62690d3f097b79c6,838cc678028bece9dc3e1d4ed5887295d1953efd5371990f300d89555a96a62b,5583221e30959c5afe43284a921bf43e04e8ac2e648ca20a964766d543a2e0fb,1,https://www.sec.gov/Archives/edgar/data/1455863/000162828025023446/art-20250508.htm,0f72b14314bf76f3014e086d569f34217d64f40fecef3808e83236fc6c6f3b4d,NONE,REVIEW_REQUIRED_EVENT_EVIDENCE,False,refresh_20261009T042704Z_refresh_fundamentals_c7bbcb6dfda4_production_adc49771,2026-10-09T09:00:48Z
528,2025,Q2,18632,2025-06-30,COLD,NOT_FOUND,FINANCIAL_SCOPE_REVIEW_REQUIRED,NO_EXPLICIT_QUARTER_CONSOLIDATED_REVENUE_GAAP_NET_AND_BROAD_P_AND_L_PACKAGE,0001628280-25-038577,8-K,art-20250807.htm,https://www.sec.gov/Archives/edgar/data/1455863/000162828025038577/art-20250807.htm,2025-08-07T11:07:04Z,8e073da4bed3040f1986ed078bb24247b85f6f5163d0b7a6bff4c2bbf290e118,ff156c6f45c9ec108f546bf4024afaa3866fd00de2186a2a8c3c5e3361a15dd5,c91e39e2cd99b118ce8847a6e3717b550d3f038e2134a3b6492b82e5a736ab92,1,https://www.sec.gov/Archives/edgar/data/1455863/000162828025038577/art-20250807.htm,e1888706b4b7ef322caaf4812cc777af108fe98f2a31befa25cad5602a7d0a05,NONE,REVIEW_REQUIRED_EVENT_EVIDENCE,False,refresh_20261009T042704Z_refresh_fundamentals_c7bbcb6dfda4_production_adc49771,2026-10-09T09:00:48Z
528,2025,Q3,18633,2025-09-30,COLD,NOT_FOUND,FINANCIAL_SCOPE_REVIEW_REQUIRED,NO_EXPLICIT_QUARTER_CONSOLIDATED_REVENUE_GAAP_NET_AND_BROAD_P_AND_L_PACKAGE,0001628280-25-049853,8-K,art-20251106.htm,https://www.sec.gov/Archives/edgar/data/1455863/000162828025049853/art-20251106.htm,2025-11-06T12:08:45Z,9326bde7acd07d27859191af961c91c7201c60e3087857440b4bf43e0e9d79a0,4226089578dcd36e874d2b8db4922a34f348bfed62a7cc1bfdd0bedc3549117e,f3c2a2a38a274f64fee388abd94a3580e59579d7c6a008562296b05df73b4bd0,1,https://www.sec.gov/Archives/edgar/data/1455863/000162828025049853/art-20251106.htm,576531f339690119c965ca49981bd9160647af5f8408b94a5bb400f538c642eb,NONE,REVIEW_REQUIRED_EVENT_EVIDENCE,False,refresh_20261009T042704Z_refresh_fundamentals_c7bbcb6dfda4_production_adc49771,2026-10-09T09:00:48Z
528,2025,Q4,18634,2025-12-31,COLD,NOT_FOUND,PERIOD_SCOPE_REVIEW_REQUIRED,NO_EXPLICIT_QUARTER_END_MATCH_IN_RETAINED_RESULTS_CONTENT,0001628280-26-009471,8-K,art-20260219.htm,https://www.sec.gov/Archives/edgar/data/1455863/000162828026009471/art-20260219.htm,2026-02-19T11:50:24Z,95c0813cbc295dc07553eb22f1f9eff2581bd2bb164db5ee10ae6194d16494c3,86778562d0db3daf8bbc0c492c0bcd734bf0c916c004f16bb411abb21c558208,f8ca87995c58d12e95500dd29eece3f5f2f818d1162a86cc52e59b8ef10f0928,1,https://www.sec.gov/Archives/edgar/data/1455863/000162828026009471/art-20260219.htm,91ffa015a0e24e765c90d6f7573a88b9167242c3df7cce106e2d1af0930418b5,NONE,REVIEW_REQUIRED_EVENT_EVIDENCE,False,refresh_20261009T042704Z_refresh_fundamentals_c7bbcb6dfda4_production_adc49771,2026-10-09T09:00:48Z
528,2026,Q1,18635,2026-03-31,COLD,NOT_FOUND,FINANCIAL_SCOPE_REVIEW_REQUIRED,NO_EXPLICIT_QUARTER_CONSOLIDATED_REVENUE_GAAP_NET_AND_BROAD_P_AND_L_PACKAGE,0001628280-26-031656,8-K,art-20260507.htm,https://www.sec.gov/Archives/edgar/data/1455863/000162828026031656/art-20260507.htm,2026-05-07T10:47:44Z,448f2759226bb32aa18de952be99b587afe84ed5edb23b874b4f30fa107898bc,2c93179432736705825c965ab476f2577c6923232f36127c4bc257445916f31a,b70f2c7850f745afdb6855027318353444e1d639964742c9b59942c02dc508a8,1,https://www.sec.gov/Archives/edgar/data/1455863/000162828026031656/art-20260507.htm,2a747d06c9945a3bcbb2472fe4de8785c079af5b7f04e649125d3d2ca37a8e6b,NONE,REVIEW_REQUIRED_EVENT_EVIDENCE,False,refresh_20261009T042704Z_refresh_fundamentals_c7bbcb6dfda4_production_adc49771,2026-10-09T09:00:48Z
528,2026,Q2,18636,2026-06-30,COLD,NOT_FOUND,FINANCIAL_SCOPE_REVIEW_REQUIRED,NO_EXPLICIT_QUARTER_CONSOLIDATED_REVENUE_GAAP_NET_AND_BROAD_P_AND_L_PACKAGE,0001628280-26-053800,8-K,art-20260806.htm,https://www.sec.gov/Archives/edgar/data/1455863/000162828026053800/art-20260806.htm,2026-08-06T10:44:55Z,fa66f980700d995c9d0e2907933588e9d6b1701a814aab1eddc5bb8a43bc5062,1e1b89a91aeeb207c4f96322eb6352144470b88e9a4412e51eeaa6902093975d,055b21e84672ce6b78852e3cc5315cae3e248a6aac85dd6c52d636924b6ca1a7,3,https://www.sec.gov/Archives/edgar/data/1455863/000162828026053800/art-20260806.htm;https://www.sec.gov/Archives/edgar/data/1455863/000162828026053800/q22026-pressrelease.htm;https://www.sec.gov/Archives/edgar/data/1455863/000162828026053800/q22026-quarterlysupplement.htm,e04deb2f1d6d283d37dd3c83024498d092a473e4d7d1296ca29676e9223974b3;bb49380ef8b958588434626e11102b7d68656487121114d81da7df761f82e653;6353ad2b5e36a0457c281a2ecb94f8aa025ad0934dd8fdd7a857f05985167bbe,NONE,REVIEW_REQUIRED_EVENT_EVIDENCE,False,refresh_20261009T042704Z_refresh_fundamentals_c7bbcb6dfda4_production_adc49771,2026-10-09T09:00:48Z
544,2025,Q1,19194,2024-10-27,CPB,NOT_FOUND,FINANCIAL_SCOPE_REVIEW_REQUIRED,NO_EXPLICIT_QUARTER_CONSOLIDATED_REVENUE_GAAP_NET_AND_BROAD_P_AND_L_PACKAGE,0000016732-24-000198,8-K,cpb-20241201.htm,https://www.sec.gov/Archives/edgar/data/16732/000001673224000198/cpb-20241201.htm,2024-12-04T02:10:18Z,539e78016a4ba1c722cf3f09aa00503d6c64f0318884a0c0af5b5f8de61a29bf,042a35137294d477f036cc79a5267c976ae1c4ba9d61f8db92577ce34172ca3b,48406ef2601b827192f8564735bfafe3f2238c01888c6cb88deedf4d29ad42ad,1,https://www.sec.gov/Archives/edgar/data/16732/000001673224000198/cpb-20241201.htm,2d24777a756e72f3c908a475ab2e9db56f50cd3aed44fb25d78205a6f8470b34,NONE,REVIEW_REQUIRED_EVENT_EVIDENCE,False,refresh_20261009T042704Z_refresh_fundamentals_c7bbcb6dfda4_production_adc49771,2026-10-09T09:00:48Z
544,2025,Q2,19195,2025-01-26,CPB,NOT_FOUND,FINANCIAL_SCOPE_REVIEW_REQUIRED,NO_EXPLICIT_QUARTER_CONSOLIDATED_REVENUE_GAAP_NET_AND_BROAD_P_AND_L_PACKAGE,0000016732-25-000025,8-K,cpb-20250305.htm,https://www.sec.gov/Archives/edgar/data/16732/000001673225000025/cpb-20250305.htm,2025-03-05T17:21:31Z,80a8cc9d363e5db8531089e7a3d2a383646c66fb07b172be6d7281094b8588bb,0e65f08990c9203508691bc87922f4f97564dfb7bb894d93ec1b353e1d7cc05c,410a57008e093cc333a2fd1f5420441eb661600b70c590a6c0489a8d61795538,1,https://www.sec.gov/Archives/edgar/data/16732/000001673225000025/cpb-20250305.htm,89d000f13e1b28ad3e437860e16f4ae7ffa2aae7e17ded8e7ba1116dc8383d04,NONE,REVIEW_REQUIRED_EVENT_EVIDENCE,False,refresh_20261009T042704Z_refresh_fundamentals_c7bbcb6dfda4_production_adc49771,2026-10-09T09:00:48Z
544,2025,Q3,19196,2025-04-27,CPB,NOT_FOUND,FINANCIAL_SCOPE_REVIEW_REQUIRED,NO_EXPLICIT_QUARTER_CONSOLIDATED_REVENUE_GAAP_NET_AND_BROAD_P_AND_L_PACKAGE,0000016732-25-000063,8-K,cpb-20250602.htm,https://www.sec.gov/Archives/edgar/data/16732/000001673225000063/cpb-20250602.htm,2025-06-02T15:16:42Z,982c7339c2d3718acec4d111ee8402d227160b331e4a6ed77f3d529c504c0b5f,f4dd328d39d667233483b17e4bde88e44b018a8b49d8cf951f596a3297097528,dec4d706e18cbb37beae6b73e76538293e5f277597e94fece8ed8a25caf9162a,1,https://www.sec.gov/Archives/edgar/data/16732/000001673225000063/cpb-20250602.htm,bcf27d517cacc7e2b1c616e6c4987742f7d466afc51acd79d7c47a4c6a0c890c,NONE,REVIEW_REQUIRED_EVENT_EVIDENCE,False,refresh_20261009T042704Z_refresh_fundamentals_c7bbcb6dfda4_production_adc49771,2026-10-09T09:00:48Z
544,2025,Q4,19197,2025-08-03,CPB,NOT_FOUND,FINANCIAL_SCOPE_REVIEW_REQUIRED,NO_EXPLICIT_QUARTER_CONSOLIDATED_REVENUE_GAAP_NET_AND_BROAD_P_AND_L_PACKAGE,0000016732-25-000105,8-K,cpb-20250903.htm,https://www.sec.gov/Archives/edgar/data/16732/000001673225000105/cpb-20250903.htm,2025-09-03T15:16:47Z,6a6ec90611bff0829cb0e85cbdf8c16127a265a6c5357f898e3f6f1967fb5ecc,fa322e76824b75a5017ccb387d388cd11ada6242d93b9209b1e5d672ab069b0f,592409acf1e5d13c350e74a5ce042a30eb7b880517b9b405db8f553af8823a94,1,https://www.sec.gov/Archives/edgar/data/16732/000001673225000105/cpb-20250903.htm,7ff4628930f5bb6438050e84b5a86d3880b0cdf501f1f1cc8a56dc7d94b62d7b,NONE,REVIEW_REQUIRED_EVENT_EVIDENCE,False,refresh_20261009T042704Z_refresh_fundamentals_c7bbcb6dfda4_production_adc49771,2026-10-09T09:00:48Z
544,2026,Q1,19198,2025-11-02,CPB,NOT_FOUND,FINANCIAL_SCOPE_REVIEW_REQUIRED,NO_EXPLICIT_QUARTER_CONSOLIDATED_REVENUE_GAAP_NET_AND_BROAD_P_AND_L_PACKAGE,0000016732-25-000125,8-K,cpb-20251209.htm,https://www.sec.gov/Archives/edgar/data/16732/000001673225000125/cpb-20251209.htm,2025-12-09T17:16:30Z,737ee904353fd7c3d90f88fe2d04de6feb2fe6ac0cd8009b278ecbb3a6d42198,9e0218769028dddb226772fe1c5f4a5f93f15efbdf844b9ef1d7526448226a3f,2cdb8bcff58246e2d5fb288ae5bc5497b445e9daa317122aa33d08ecbed360c8,1,https://www.sec.gov/Archives/edgar/data/16732/000001673225000125/cpb-20251209.htm,2948da371885722f26816c862b9c5d1ce19d03588b6c543c83316067b155ed9c,NONE,REVIEW_REQUIRED_EVENT_EVIDENCE,False,refresh_20261009T042704Z_refresh_fundamentals_c7bbcb6dfda4_production_adc49771,2026-10-09T09:00:48Z
544,2026,Q2,19199,2026-02-01,CPB,NOT_FOUND,FINANCIAL_SCOPE_REVIEW_REQUIRED,NO_EXPLICIT_QUARTER_CONSOLIDATED_REVENUE_GAAP_NET_AND_BROAD_P_AND_L_PACKAGE,0000016732-26-000004,8-K,cpb-20260311.htm,https://www.sec.gov/Archives/edgar/data/16732/000001673226000004/cpb-20260311.htm,2026-03-11T15:17:14Z,99ba7d85dfd52a4850123fba28f204c9c061ec17cbe6d477ef5d95c647781c3e,cf394d144862e347baba472e96a073e536d22605ff6cd04d182f8b1b0401669a,f7019e06b578620b8be0cdeda95ad372c3da80337d1905f5f311e1b9b866729a,1,https://www.sec.gov/Archives/edgar/data/16732/000001673226000004/cpb-20260311.htm,eb9e7b036384836b172fde874aee83ccb6dc410645227f07a5ba15a6f790085c,NONE,REVIEW_REQUIRED_EVENT_EVIDENCE,False,refresh_20261009T042704Z_refresh_fundamentals_c7bbcb6dfda4_production_adc49771,2026-10-09T09:00:48Z
602,2025,Q2,21240,2025-03-31,CTXR,UNRESOLVED,FINANCIAL_SCOPE_REVIEW_REQUIRED,NO_EXPLICIT_QUARTER_CONSOLIDATED_REVENUE_GAAP_NET_AND_BROAD_P_AND_L_PACKAGE,0001213900-25-043362,8-K,ea0241974-8k_citius.htm,https://www.sec.gov/Archives/edgar/data/1506251/000121390025043362/ea0241974-8k_citius.htm,2025-05-14T20:30:38Z,5e07a6c213bf38738a57da164ca25e3e976ee2f793330ecaf55b7754fc329978,cc35ae877e24c3224eb9f1c2c5228d42644a83fec8603d16771c7a3e377a1276,dc70577cc5141423cb2d36de8a1922206ecc7f1c18dd0cf8a050f1dc3ce71e8a,2,https://www.sec.gov/Archives/edgar/data/1506251/000121390025043362/ea0241974-8k_citius.htm;https://www.sec.gov/Archives/edgar/data/1506251/000121390025043362/ea024197401ex99-1_citius.htm,18c08d9bee31d933be88a56cbddfa7c318bf0319fbe05f9f5b55bc44c50277b0;15434c80b2c4b6959cd327c312dcd2f34778099c72537f8b0ac161512a9edbf1,NONE,REVIEW_REQUIRED_EVENT_EVIDENCE,False,refresh_20261009T042704Z_refresh_fundamentals_c7bbcb6dfda4_production_adc49771,2026-10-09T09:00:48Z
602,2025,Q3,21241,2025-06-30,CTXR,UNRESOLVED,FINANCIAL_SCOPE_REVIEW_REQUIRED,NO_EXPLICIT_QUARTER_CONSOLIDATED_REVENUE_GAAP_NET_AND_BROAD_P_AND_L_PACKAGE,0001213900-25-075034,8-K,ea0252899-8k_citius.htm,https://www.sec.gov/Archives/edgar/data/1506251/000121390025075034/ea0252899-8k_citius.htm,2025-08-12T20:51:42Z,7c99cc9cad193aa9e3bd12d44ea95d25c87c3bfcb334f62199bf8f1c08b066ce,07c8220776ebfd1b6a463479277b68adfb6389ed3b32d167937ec478f4a91b4d,a80471bbfdfaceadd4d9168ec2e7bb8bb37d06194bedb6e19a505fd948d4dd69,2,https://www.sec.gov/Archives/edgar/data/1506251/000121390025075034/ea0252899-8k_citius.htm;https://www.sec.gov/Archives/edgar/data/1506251/000121390025075034/ea025289901ex99-1_citius.htm,6c70d285289267fdf98d2d9cea6f7df0d393191dfff5fd2837d6156920ee239a;1cf65f0088569eb8a4bc548fd4632e6b51168f86953341b97ddcad5473fea6c1,NONE,REVIEW_REQUIRED_EVENT_EVIDENCE,False,refresh_20261009T042704Z_refresh_fundamentals_c7bbcb6dfda4_production_adc49771,2026-10-09T09:00:48Z
602,2025,Q4,21242,2025-09-30,CTXR,UNRESOLVED,PERIOD_SCOPE_REVIEW_REQUIRED,NO_EXPLICIT_QUARTER_END_MATCH_IN_RETAINED_RESULTS_CONTENT,0001213900-25-125413,8-K,ea0270776-8k_citius.htm,https://www.sec.gov/Archives/edgar/data/1506251/000121390025125413/ea0270776-8k_citius.htm,2025-12-23T21:49:06Z,95a08344d16b77c5bc26e1543a87db9ca213062eb668e0c4c596240c3bda7789,e7872683f0706ddf7dc868ef66225677f7932cf13d8964b607f313fe53191938,b5b0c3abab51529cd42baee2cda7aaf45583e268c6e94f433862b29f3a20cc39,2,https://www.sec.gov/Archives/edgar/data/1506251/000121390025125413/ea0270776-8k_citius.htm;https://www.sec.gov/Archives/edgar/data/1506251/000121390025125413/ea027077601ex99-1_citius.htm,dbfe27e1955a2388fdbe20ba047f5ba0d76393d63741c072513db21c12224205;93cbc748beb304aa4447fe0fb5afa4ea446191cde4897c994b49dd3b196d34f0,NONE,REVIEW_REQUIRED_EVENT_EVIDENCE,False,refresh_20261009T042704Z_refresh_fundamentals_c7bbcb6dfda4_production_adc49771,2026-10-09T09:00:48Z
602,2026,Q1,21243,2025-12-31,CTXR,UNRESOLVED,PROPOSED_REVIEWED_EVENT_OBSERVATION,EXPLICIT_QUARTER_CONSOLIDATED_EARNINGS_STATEMENT_AND_REGISTRANT_RESULTS_ANNOUNCEMENT,0001213900-26-015895,8-K,ea0276948-8k_citius.htm,https://www.sec.gov/Archives/edgar/data/1506251/000121390026015895/ea0276948-8k_citius.htm,2026-02-13T13:30:27Z,949ba920e6cc9c5b2f56eae824430ec745ca6ad1ccaddc876a9fc29197d8c015,f093df590003aa2f3c09ffebe1ed68ce66eebe775a9d87bf4b08af6fb020ff09,1c4f035cb3bffb49b6980e13a82adc19a244bdf18c1f70168c41673f0cf27e0d,2,https://www.sec.gov/Archives/edgar/data/1506251/000121390026015895/ea0276948-8k_citius.htm;https://www.sec.gov/Archives/edgar/data/1506251/000121390026015895/ea027694801ex99-1_citius.htm,04e360a185d5c67957a353d612a2e3f45283bb6403df03601be4fa96b0c8f844;632f687d3f1b807a2b9556bba3dbc496e93004977651488ed819d8b16c1bb653,NONE,REVIEW_REQUIRED_EVENT_EVIDENCE,False,refresh_20261009T042704Z_refresh_fundamentals_c7bbcb6dfda4_production_adc49771,2026-10-09T09:00:48Z
636,2025,Q2,22526,2025-06-30,DAN,NOT_FOUND,FINANCIAL_SCOPE_REVIEW_REQUIRED,NO_EXPLICIT_QUARTER_CONSOLIDATED_REVENUE_GAAP_NET_AND_BROAD_P_AND_L_PACKAGE,0001193125-25-173087,8-K,d58971d8k.htm,https://www.sec.gov/Archives/edgar/data/26780/000119312525173087/d58971d8k.htm,2025-08-05T12:34:11Z,4d80a3a4557ce8c5699b29eb6aeb799b9fd41747533f367484685c16fa613c1e,a718e494adb47a608b583c15d678f08246db132c590fb91699d73e141ac19509,dd50f0ed6edaa6097353185a352b2f8ed4e14decd011f409c7ae6aa7549fb369,1,https://www.sec.gov/Archives/edgar/data/26780/000119312525173087/d58971d8k.htm,daabc88fc19c19be59f705e3d4419ebae1b80e32b0c69fb5e2c82114c65c6f52,NONE,REVIEW_REQUIRED_EVENT_EVIDENCE,False,refresh_20261009T042704Z_refresh_fundamentals_c7bbcb6dfda4_production_adc49771,2026-10-09T09:00:48Z
636,2025,Q3,22527,2025-09-30,DAN,NOT_FOUND,FINANCIAL_SCOPE_REVIEW_REQUIRED,NO_EXPLICIT_QUARTER_CONSOLIDATED_REVENUE_GAAP_NET_AND_BROAD_P_AND_L_PACKAGE,0001193125-25-254607,8-K,d88911d8k.htm,https://www.sec.gov/Archives/edgar/data/26780/000119312525254607/d88911d8k.htm,2025-10-29T11:00:19Z,5f3af87298fb5baa689840af8d6b267a936523d6a7838a6a0a98b692e7bb0ef9,3b7ee4266ad8bd60f928fed38e33887204c3fed1938c9e0ba31b94b5f2c6e4c3,1b66a0bf53b060d8312889a2efe35da2c3b2f29a938692ceeac360d3fb5190b3,1,https://www.sec.gov/Archives/edgar/data/26780/000119312525254607/d88911d8k.htm,1feefd9f47eb5258bccb95ee0e759877277032ae22d11446d7a84822d6926add,NONE,REVIEW_REQUIRED_EVENT_EVIDENCE,False,refresh_20261009T042704Z_refresh_fundamentals_c7bbcb6dfda4_production_adc49771,2026-10-09T09:00:48Z
636,2026,Q2,22530,2026-06-30,DAN,NOT_FOUND,PROPOSED_REVIEWED_EVENT_OBSERVATION,EXPLICIT_QUARTER_CONSOLIDATED_EARNINGS_STATEMENT_AND_REGISTRANT_RESULTS_ANNOUNCEMENT,0001193125-26-336664,8-K,d125905d8k.htm,https://www.sec.gov/Archives/edgar/data/26780/000119312526336664/d125905d8k.htm,2026-08-06T11:00:22Z,36dce86bb0cbf721bfb5ee64553983e711878d000ca4a421822568dc2aa05857,9e1223824ff7a719b5caa500455d1690d14aa522412eaddc8ebbfdddd5a75087,3436ecfbc7ffb5fd05643155ad5867fc497ea68d6b7fc153d7ce9487a9ec5608,2,https://www.sec.gov/Archives/edgar/data/26780/000119312526336664/d125905d8k.htm;https://www.sec.gov/Archives/edgar/data/26780/000119312526336664/d125905dex991.htm,57b2fc8a9839e8531ecc8b12eef151f44f0330c4d7337c301f1e6667c2a31d76;e6a6b4ffb61c589625951fc9cfadc9f32c9fd17767de0006b61f3ef94b47b370,NONE,REVIEW_REQUIRED_EVENT_EVIDENCE,False,refresh_20261009T042704Z_refresh_fundamentals_c7bbcb6dfda4_production_adc49771,2026-10-09T09:00:48Z
645,2025,Q1,22794,2025-03-31,DBX,NOT_FOUND,FINANCIAL_SCOPE_REVIEW_REQUIRED,NO_EXPLICIT_QUARTER_CONSOLIDATED_REVENUE_GAAP_NET_AND_BROAD_P_AND_L_PACKAGE,0001467623-25-000056,8-K,dbx-20250508.htm,https://www.sec.gov/Archives/edgar/data/1467623/000146762325000056/dbx-20250508.htm,2025-05-09T00:08:55Z,dbffa77afa75852f5d2453251c2b1615d54b2a0314f3bb06f9d962d874432641,6198f4464b116f855f91edff531540f9810d13ca0a53713d402aac90bb030779,27ebb283891a0ed128f17e123e0897b01c29b7d44f7c15b7223c0aa9de80bc23,1,https://www.sec.gov/Archives/edgar/data/1467623/000146762325000056/dbx-20250508.htm,b3ccb9bede1d67ac167ce68e991557f35bf0829d5df26efbaa0898bfeb17137f,NONE,REVIEW_REQUIRED_EVENT_EVIDENCE,False,refresh_20261009T042704Z_refresh_fundamentals_c7bbcb6dfda4_production_adc49771,2026-10-09T09:00:48Z
645,2025,Q2,22795,2025-06-30,DBX,NOT_FOUND,FINANCIAL_SCOPE_REVIEW_REQUIRED,NO_EXPLICIT_QUARTER_CONSOLIDATED_REVENUE_GAAP_NET_AND_BROAD_P_AND_L_PACKAGE,0001467623-25-000114,8-K,dbx-20250807.htm,https://www.sec.gov/Archives/edgar/data/1467623/000146762325000114/dbx-20250807.htm,2025-08-08T00:26:55Z,db68170a094ce8bbc5262e0cf6b95e0c0143deccc3ecd79e975ad896760fa122,504df6e358fb296f9f15ec89075a20b0490968b86d43e9a1371c6c3b55a7c5de,7692e6c018941c166bc7359dc842d9a269107b12d82f20ee9c400c6aa772368b,1,https://www.sec.gov/Archives/edgar/data/1467623/000146762325000114/dbx-20250807.htm,baebda66d627b9e3ad548c10d0bd8339df183535cbc754e187b98a55ea46936c,NONE,REVIEW_REQUIRED_EVENT_EVIDENCE,False,refresh_20261009T042704Z_refresh_fundamentals_c7bbcb6dfda4_production_adc49771,2026-10-09T09:00:48Z
645,2025,Q3,22796,2025-09-30,DBX,NOT_FOUND,FINANCIAL_SCOPE_REVIEW_REQUIRED,NO_EXPLICIT_QUARTER_CONSOLIDATED_REVENUE_GAAP_NET_AND_BROAD_P_AND_L_PACKAGE,0001467623-25-000127,8-K,dbx-20251106.htm,https://www.sec.gov/Archives/edgar/data/1467623/000146762325000127/dbx-20251106.htm,2025-11-07T02:06:10Z,7dd386a99388d38a9561f62094554cb0619f9231aa5662430bf21e6532e0aed8,22174f5c7b43dbc3cc884793cea4f8afe75f45d9d0373d6c27697138786337b6,08e3c9e937c436f46df95b189cf1190e72c48ae684ed7d53ffe533e3c426bce2,1,https://www.sec.gov/Archives/edgar/data/1467623/000146762325000127/dbx-20251106.htm,5afc2c237205174140335c2cc60d808755fe93e00023110dcc15ebcc5d33c23d,NONE,REVIEW_REQUIRED_EVENT_EVIDENCE,False,refresh_20261009T042704Z_refresh_fundamentals_c7bbcb6dfda4_production_adc49771,2026-10-09T09:00:48Z
645,2025,Q4,22797,2025-12-31,DBX,NOT_FOUND,PERIOD_SCOPE_REVIEW_REQUIRED,NO_EXPLICIT_QUARTER_END_MATCH_IN_RETAINED_RESULTS_CONTENT,0001467623-26-000003,8-K,dbx-20260219.htm,https://www.sec.gov/Archives/edgar/data/1467623/000146762326000003/dbx-20260219.htm,2026-02-20T02:13:22Z,727f957527102e64327bc7aade337e3f23eb74f9c0a112ccb893d32067ef45c8,c57f65f3146df336fbc4427a716ac0fc000bc635f36c3e759600f67cbb1c4a00,5eaa54e05c25cb15fb071153acf4f1855792b9af0552708eecddfb0879074461,1,https://www.sec.gov/Archives/edgar/data/1467623/000146762326000003/dbx-20260219.htm,9de92ece41142db25949fb917fa59aff6fbba9822761ae52903ddf62c99f2554,NONE,REVIEW_REQUIRED_EVENT_EVIDENCE,False,refresh_20261009T042704Z_refresh_fundamentals_c7bbcb6dfda4_production_adc49771,2026-10-09T09:00:48Z
662,2025,Q1,23386,2025-03-31,DFIN,NOT_FOUND,FINANCIAL_SCOPE_REVIEW_REQUIRED,NO_EXPLICIT_QUARTER_CONSOLIDATED_REVENUE_GAAP_NET_AND_BROAD_P_AND_L_PACKAGE,0000950170-25-060560,8-K,dfin-20250430.htm,https://www.sec.gov/Archives/edgar/data/1669811/000095017025060560/dfin-20250430.htm,2025-04-30T11:00:17Z,5bc59a877ded1c9d9e10e188e806e4064d76322f37fb67512b66a875b09d26ce,763189d4dc9cf7d6a9ad669e9235f44c6a0b363fb1549df53c7b125b18640f2a,154d2a55e72934b6a23e3ed8bae80cd1ce59083ec8aa27aa68e311fd416c7720,1,https://www.sec.gov/Archives/edgar/data/1669811/000095017025060560/dfin-20250430.htm,3759bd96ed066e3c47e193e2b30c9f2bc4c7c557b555511eca208b58a7a4f202,NONE,REVIEW_REQUIRED_EVENT_EVIDENCE,False,refresh_20261009T042704Z_refresh_fundamentals_c7bbcb6dfda4_production_adc49771,2026-10-09T09:00:48Z
662,2025,Q4,23389,2025-12-31,DFIN,NOT_FOUND,PERIOD_SCOPE_REVIEW_REQUIRED,NO_EXPLICIT_QUARTER_END_MATCH_IN_RETAINED_RESULTS_CONTENT,0001193125-26-052959,8-K,dfin-20260217.htm,https://www.sec.gov/Archives/edgar/data/1669811/000119312526052959/dfin-20260217.htm,2026-02-17T12:00:29Z,5d03e4891bd39f7f1e4a0c9604dd876f5e4de4371156a55c796ce36a447f7369,b123f5b90fa435875a9b6cfc6e255771e8f449b9c119c2c8c51b2f3f80450b44,5ecd206f9dd64731d107a22c462bebddd62a06d9f8dcd03aaef5b54a5e18c759,1,https://www.sec.gov/Archives/edgar/data/1669811/000119312526052959/dfin-20260217.htm,9452850c6130903f255162d9cef3930a18466174f19084a2147d7ca6b5a050ad,NONE,REVIEW_REQUIRED_EVENT_EVIDENCE,False,refresh_20261009T042704Z_refresh_fundamentals_c7bbcb6dfda4_production_adc49771,2026-10-09T09:00:48Z
662,2026,Q1,23390,2026-03-31,DFIN,NOT_FOUND,FINANCIAL_SCOPE_REVIEW_REQUIRED,NO_EXPLICIT_QUARTER_CONSOLIDATED_REVENUE_GAAP_NET_AND_BROAD_P_AND_L_PACKAGE,0001193125-26-204994,8-K,dfin-20260505.htm,https://www.sec.gov/Archives/edgar/data/1669811/000119312526204994/dfin-20260505.htm,2026-05-05T11:00:23Z,f9652046788ddda0282e653b14f62fb5199bcc10f8e4508b1a6a5c9278a54737,087a3099586633f96cda4753cd3f2e8e973bb8f69751e74e708d5d40d59b4c49,a7fa82561803c0f339e7404d3584cbd3c2cd0e240495e8948048a28e484425fc,1,https://www.sec.gov/Archives/edgar/data/1669811/000119312526204994/dfin-20260505.htm,c583dfc208a5e1a5a0ca234c416bed29552efeb3eddedc05605019bf66b7fa2f,NONE,REVIEW_REQUIRED_EVENT_EVIDENCE,False,refresh_20261009T042704Z_refresh_fundamentals_c7bbcb6dfda4_production_adc49771,2026-10-09T09:00:48Z
662,2026,Q2,23391,2026-06-30,DFIN,NOT_FOUND,FINANCIAL_SCOPE_REVIEW_REQUIRED,NO_EXPLICIT_QUARTER_CONSOLIDATED_REVENUE_GAAP_NET_AND_BROAD_P_AND_L_PACKAGE,0001193125-26-324858,8-K,dfin-20260730.htm,https://www.sec.gov/Archives/edgar/data/1669811/000119312526324858/dfin-20260730.htm,2026-07-30T11:00:17Z,31935d004c4baf01cabe036558cc0cd1efb0e4e2429954e7de53934a4b7c5fc9,3fb4d836243356b553598eb9df0df6860bb6cd80e38539657f152a3b5c76ae6f,50b436e9eb2c3340577b55e62e5370fa118df01be114a98eca72820b5ba4cd13,1,https://www.sec.gov/Archives/edgar/data/1669811/000119312526324858/dfin-20260730.htm,6a3c2a470ed7dfea3a082f84b62974f085abd2f0b732e7b790055c3349aa9e62,NONE,REVIEW_REQUIRED_EVENT_EVIDENCE,False,refresh_20261009T042704Z_refresh_fundamentals_c7bbcb6dfda4_production_adc49771,2026-10-09T09:00:48Z
685,2025,Q1,24236,2024-05-04,DLTR,UNRESOLVED,PERIOD_SCOPE_REVIEW_REQUIRED,SOURCE_FISCAL_YEAR_LABEL_DIFFERS_FROM_CANONICAL_YEAR_REQUIRES_EXPLICIT_MAPPING_REVIEW,0000935703-24-000026,8-K,dltr-20240605.htm,https://www.sec.gov/Archives/edgar/data/935703/000093570324000026/dltr-20240605.htm,2024-06-05T10:32:36Z,ae37dce87dbc94dec5647b73d549997832f1a4ba43dd4e820894b9adcf82c61b,37cc3d929af2dbae76c2620d1780f5d09c4341db20d765ebdfcaac2343e2040d,f6322da93dc58aa202b0192fe1186b4b0d1fb1b0ff0916bf0d6795b9ec8b99a3,3,https://www.sec.gov/Archives/edgar/data/935703/000093570324000026/dltr-20240605.htm;https://www.sec.gov/Archives/edgar/data/935703/000093570324000026/ex991q1-24earningspr.htm;https://www.sec.gov/Archives/edgar/data/935703/000093570324000026/ex992reviewofstrategicalte.htm,135073341d59e189b02ddc963731c9bcb97cfc172f365af4869395900a83661c;d4203ffc1c8464993e003d808e8898c872464001d7d4364cdddf40ecdf5ff150;8aafd16d462d605915ff0a2bd41290627d81fe8d91009931a68a58d93c8bbdbf,NONE,REVIEW_REQUIRED_EVENT_EVIDENCE,False,refresh_20261009T042704Z_refresh_fundamentals_c7bbcb6dfda4_production_adc49771,2026-10-09T09:00:48Z
685,2025,Q2,24237,2024-08-03,DLTR,UNRESOLVED,PERIOD_SCOPE_REVIEW_REQUIRED,SOURCE_FISCAL_YEAR_LABEL_DIFFERS_FROM_CANONICAL_YEAR_REQUIRES_EXPLICIT_MAPPING_REVIEW,0000935703-24-000039,8-K,dltr-20240904.htm,https://www.sec.gov/Archives/edgar/data/935703/000093570324000039/dltr-20240904.htm,2024-09-04T10:32:22Z,abbf6d9aef6a4caaab170dcf45e526840eb4ecb400df05d8c79f93759bb88300,7ba94b5583b56a7fe746a5bf067a4d9c5ff3018998363a288594b229a0b278f2,7270ef31aae7b7ed4e8f506b0db7d2cbdd084220fc657e95ceecaf26fad0c2fe,2,https://www.sec.gov/Archives/edgar/data/935703/000093570324000039/dltr-20240904.htm;https://www.sec.gov/Archives/edgar/data/935703/000093570324000039/ex991q2-24earningspr.htm,1accdc26523bba5096b7de6be2b5e0cdf640e11a9c58fb061e4b23543f7f9dd8;4cf60a81d61567dd6d26eefab1b5a335ab77286daa6579284dd443871d07fab6,NONE,REVIEW_REQUIRED_EVENT_EVIDENCE,False,refresh_20261009T042704Z_refresh_fundamentals_c7bbcb6dfda4_production_adc49771,2026-10-09T09:00:48Z
685,2025,Q3,24238,2024-11-02,DLTR,UNRESOLVED,PERIOD_SCOPE_REVIEW_REQUIRED,SOURCE_FISCAL_YEAR_LABEL_DIFFERS_FROM_CANONICAL_YEAR_REQUIRES_EXPLICIT_MAPPING_REVIEW,0000935703-24-000057,8-K,dltr-20241204.htm,https://www.sec.gov/Archives/edgar/data/935703/000093570324000057/dltr-20241204.htm,2024-12-04T11:31:03Z,4db0923f074aa612dff575091eb970633e15a5a758437805f8ba4da77b552067,3f03bce6b53bfaf5c70ff2e19ff8263d79b63a7fbf99ee35d35bbbe84c424653,e8bbba5cbb5f638ca2c980b6befef13bd2df44088227ccd36d921455e6d04849,2,https://www.sec.gov/Archives/edgar/data/935703/000093570324000057/dltr-20241204.htm;https://www.sec.gov/Archives/edgar/data/935703/000093570324000057/ex991q3-24earningspr.htm,dda96c4aafef35b3cdc8d790fe7b11511630c03469d0edc0c6425c009f9e71d5;58435d2edbb2600df019d2e980bb418c3da8055a1fa138b118709367d79c4ff6,NONE,REVIEW_REQUIRED_EVENT_EVIDENCE,False,refresh_20261009T042704Z_refresh_fundamentals_c7bbcb6dfda4_production_adc49771,2026-10-09T09:00:48Z
685,2025,Q4,24239,2025-02-01,DLTR,UNRESOLVED,PERIOD_SCOPE_REVIEW_REQUIRED,SOURCE_FISCAL_YEAR_LABEL_DIFFERS_FROM_CANONICAL_YEAR_REQUIRES_EXPLICIT_MAPPING_REVIEW,0000935703-25-000012,8-K,dltr-20250326.htm,https://www.sec.gov/Archives/edgar/data/935703/000093570325000012/dltr-20250326.htm,2025-03-26T10:32:08Z,b3969d0708e669a6d5f63bdf3f663ab1fbfee4f55fb80629712379be8d2920c7,c09194662396c4af257ae91b057c6a75f0b0a4a326277f563135cd15d64a2020,dff9b00098818480bd8563cc0a86ceb7a7bc0c3ec52416a63ff7ca00ea7af670,3,https://www.sec.gov/Archives/edgar/data/935703/000093570325000012/dltr-20250326.htm;https://www.sec.gov/Archives/edgar/data/935703/000093570325000012/ex991q4-24earningspressrel.htm;https://www.sec.gov/Archives/edgar/data/935703/000093570325000012/ex992dollartreepressreleas.htm,0958bc2cf6d797c897bc181fb3a37a5e9533676d944fc3ff1f22a01c301ead1d;3d2a90943b924bf60bf910bfa034457504d0be29e933011cdae80feb69856fb2;dfcf010ac4bea03cfbc9b60a694ad33392483d75c69af1cb0e535a1272cb5864,NONE,REVIEW_REQUIRED_EVENT_EVIDENCE,False,refresh_20261009T042704Z_refresh_fundamentals_c7bbcb6dfda4_production_adc49771,2026-10-09T09:00:48Z
685,2026,Q1,24240,2025-05-03,DLTR,UNRESOLVED,PERIOD_SCOPE_REVIEW_REQUIRED,SOURCE_FISCAL_YEAR_LABEL_DIFFERS_FROM_CANONICAL_YEAR_REQUIRES_EXPLICIT_MAPPING_REVIEW,0000935703-25-000024,8-K,dltr-20250604.htm,https://www.sec.gov/Archives/edgar/data/935703/000093570325000024/dltr-20250604.htm,2025-06-04T10:31:30Z,eccdf05f50ac118d74ebb46e415afdf9eda016efe88cc485e840cc226b616b13,bcae93628982d9888a80cbd0ff58c70c6e36cc67b4a735069110609aba3ad8f8,0284fd92c1aa8c75ec115da9312d6b116eb0f2f19c54423102739fb17d361d9c,2,https://www.sec.gov/Archives/edgar/data/935703/000093570325000024/dltr-20250604.htm;https://www.sec.gov/Archives/edgar/data/935703/000093570325000024/ex991q1-25earningspressrel.htm,82fee858957d4b20c411a6d6554e64489a15f6072e61d60d89d0ab30d1fa254f;a4ebe5bbe23b65aef43c2238661d6e789e2fa92409dc8e33e8a83fed11e65f22,NONE,REVIEW_REQUIRED_EVENT_EVIDENCE,False,refresh_20261009T042704Z_refresh_fundamentals_c7bbcb6dfda4_production_adc49771,2026-10-09T09:00:48Z
685,2026,Q2,24241,2025-08-02,DLTR,UNRESOLVED,PERIOD_SCOPE_REVIEW_REQUIRED,SOURCE_FISCAL_YEAR_LABEL_DIFFERS_FROM_CANONICAL_YEAR_REQUIRES_EXPLICIT_MAPPING_REVIEW,0000935703-25-000060,8-K,dltr-20250903.htm,https://www.sec.gov/Archives/edgar/data/935703/000093570325000060/dltr-20250903.htm,2025-09-03T10:32:16Z,44393660c162b4a21f30c17d6213c6917902f5979f4bf3e234030bae98de37bf,e0dc148c4e8ba282f77c8cae738f10377f353aa6e248b51dccc3887c0df39d25,ef53acf38d121c2deb3b698f02643a6c2f05b81e5b346c26e72d8402630ca244,2,https://www.sec.gov/Archives/edgar/data/935703/000093570325000060/dltr-20250903.htm;https://www.sec.gov/Archives/edgar/data/935703/000093570325000060/ex991q2-25earningspressrel.htm,484dd81b1b70f8e8d3181d6b93e7acf1f3927b6ec9e87e93384d88de2616cb3e;5119553abdc13a379bdc00ec7d0c000e8d4dadcdc268d9792a6cd9052252227e,NONE,REVIEW_REQUIRED_EVENT_EVIDENCE,False,refresh_20261009T042704Z_refresh_fundamentals_c7bbcb6dfda4_production_adc49771,2026-10-09T09:00:48Z
685,2026,Q3,24242,2025-11-01,DLTR,UNRESOLVED,PERIOD_SCOPE_REVIEW_REQUIRED,SOURCE_FISCAL_YEAR_LABEL_DIFFERS_FROM_CANONICAL_YEAR_REQUIRES_EXPLICIT_MAPPING_REVIEW,0000935703-25-000104,8-K,dltr-20251203.htm,https://www.sec.gov/Archives/edgar/data/935703/000093570325000104/dltr-20251203.htm,2025-12-03T11:30:30Z,e5154c565552a2b81843d69eac08c8e91f75565d8d457e827276622a7165566d,0524ee40d45de52386cad3e35a59bfb9bc2cd7710a9934c8f073d38eb15f64a7,32182bc13dcdf95f6c6612f520938e36c9aec3b83831be91698ea735a7268ccd,2,https://www.sec.gov/Archives/edgar/data/935703/000093570325000104/dltr-20251203.htm;https://www.sec.gov/Archives/edgar/data/935703/000093570325000104/ex991q3-25earningspressrel.htm,2d8a099f8aae921726b76567ffafb88b6a265d350e30d312629d2fbe626448f8;27f95b53e56371e84f7b8b59c0f9962200f6981b9ab025c83f502168bf50c286,NONE,REVIEW_REQUIRED_EVENT_EVIDENCE,False,refresh_20261009T042704Z_refresh_fundamentals_c7bbcb6dfda4_production_adc49771,2026-10-09T09:00:48Z
685,2026,Q4,24243,2026-01-31,DLTR,UNRESOLVED,PERIOD_SCOPE_REVIEW_REQUIRED,SOURCE_FISCAL_YEAR_LABEL_DIFFERS_FROM_CANONICAL_YEAR_REQUIRES_EXPLICIT_MAPPING_REVIEW,0000935703-26-000024,8-K,dltr-20260316.htm,https://www.sec.gov/Archives/edgar/data/935703/000093570326000024/dltr-20260316.htm,2026-03-16T10:30:32Z,76210602ec6c72b699ed9d63ff48e27bbbe027387837edca28c188ae8c650363,afeaf8862d29b767865291218ff2c900079e63fd32c6e6b47c0dd1b16f83d1ac,e40a24cfe301c020b6d577a4619f1e51989f7020a2501f10084ee896abc06b54,2,https://www.sec.gov/Archives/edgar/data/935703/000093570326000024/dltr-20260316.htm;https://www.sec.gov/Archives/edgar/data/935703/000093570326000024/ex991q4-25earningspressrel.htm,f18ec2c4571ce3204d0e150fc41e9aad56306bfe11fea4e1163a4b3de221bf7b;c44dfbad628bdb1129036f4902be23c170cc07d8c39bb0b7ceccb01c718bae8b,NONE,REVIEW_REQUIRED_EVENT_EVIDENCE,False,refresh_20261009T042704Z_refresh_fundamentals_c7bbcb6dfda4_production_adc49771,2026-10-09T09:00:48Z
697,2025,Q1,24635,2024-06-30,DOCS,NOT_FOUND,FINANCIAL_SCOPE_REVIEW_REQUIRED,NO_EXPLICIT_QUARTER_CONSOLIDATED_REVENUE_GAAP_NET_AND_BROAD_P_AND_L_PACKAGE,0001516513-24-000062,8-K,docs-20240808.htm,https://www.sec.gov/Archives/edgar/data/1516513/000151651324000062/docs-20240808.htm,2024-08-09T00:04:28Z,6eba981b786101e1392f83008b2d5db0d85d228dd900a90cedec080ba802ddc3,41f54c88749279778b9031bd700e641aae9677e2a86187e5f75a5a74562473c3,35b6f2c935f13612ad9d9ec36037c1ab4be77fdeb9800cc081ae30b10501c925,1,https://www.sec.gov/Archives/edgar/data/1516513/000151651324000062/docs-20240808.htm,1985599823f806d84c5da4189ad483e13d49c4f48051d0e8e027984752386168,NONE,REVIEW_REQUIRED_EVENT_EVIDENCE,False,refresh_20261009T042704Z_refresh_fundamentals_c7bbcb6dfda4_production_adc49771,2026-10-09T09:00:48Z
697,2025,Q2,24636,2024-09-30,DOCS,NOT_FOUND,FINANCIAL_SCOPE_REVIEW_REQUIRED,NO_EXPLICIT_QUARTER_CONSOLIDATED_REVENUE_GAAP_NET_AND_BROAD_P_AND_L_PACKAGE,0001516513-24-000100,8-K,docs-20241107.htm,https://www.sec.gov/Archives/edgar/data/1516513/000151651324000100/docs-20241107.htm,2024-11-08T02:04:41Z,900a61f3daed0a2bbb3b5fdeba52598fca3fc2e425b559ce75cf711fb529797f,d7db7a0ca3a106045c93e0b97d1f39a058219653ae45423cf48c1fe6a17bc3b9,07f6b426d599e7c970928b8b5506a6cf69fa068f5df6a945f1857e19aa17f916,1,https://www.sec.gov/Archives/edgar/data/1516513/000151651324000100/docs-20241107.htm,1c906175b4bfef63f0656ceb3c9ae566b3a788670173e279593554e04ea31173,NONE,REVIEW_REQUIRED_EVENT_EVIDENCE,False,refresh_20261009T042704Z_refresh_fundamentals_c7bbcb6dfda4_production_adc49771,2026-10-09T09:00:48Z
697,2025,Q3,24637,2024-12-31,DOCS,NOT_FOUND,FINANCIAL_SCOPE_REVIEW_REQUIRED,NO_EXPLICIT_QUARTER_CONSOLIDATED_REVENUE_GAAP_NET_AND_BROAD_P_AND_L_PACKAGE,0001516513-25-000009,8-K,docs-20250206.htm,https://www.sec.gov/Archives/edgar/data/1516513/000151651325000009/docs-20250206.htm,2025-02-07T02:04:34Z,cca2c732b7a31070e7cc7518898bd4b2d0de8523b1c9ab2ae56224671853ff56,70e9220717c4d1554b6a1fe06d4905ce80602436ff705d03a2c4a2ce7ce43f26,373ffcc57575f4aad2105b7729bc1d60d3dc41f8cab26fd6a9daf28259e7e143,1,https://www.sec.gov/Archives/edgar/data/1516513/000151651325000009/docs-20250206.htm,7918c23aee9a0473322ed322b4af89c7ea49cbae32999abf2eff95118067443f,NONE,REVIEW_REQUIRED_EVENT_EVIDENCE,False,refresh_20261009T042704Z_refresh_fundamentals_c7bbcb6dfda4_production_adc49771,2026-10-09T09:00:48Z
697,2025,Q4,24638,2025-03-31,DOCS,NOT_FOUND,PERIOD_SCOPE_REVIEW_REQUIRED,NO_EXPLICIT_QUARTER_END_MATCH_IN_RETAINED_RESULTS_CONTENT,0001516513-25-000044,8-K,docs-20250515.htm,https://www.sec.gov/Archives/edgar/data/1516513/000151651325000044/docs-20250515.htm,2025-05-16T00:04:25Z,80c039480f6fcecc8bb79fc70bc8843a34056356baadf786789b684f73315645,f718e5c579af7e4ebe28b3f0ba84265534be91aebce625839eb7e4e2bac2b8d5,d46775ce34b1b642379ae2ea501ddbe4fb0d81f057898f2336f4caf716c47d4f,1,https://www.sec.gov/Archives/edgar/data/1516513/000151651325000044/docs-20250515.htm,8ff3b5d8660b472a5b4db2178bcba10906986ca62f4422bad94a5c92dd010813,NONE,REVIEW_REQUIRED_EVENT_EVIDENCE,False,refresh_20261009T042704Z_refresh_fundamentals_c7bbcb6dfda4_production_adc49771,2026-10-09T09:00:48Z
697,2026,Q1,24639,2025-06-30,DOCS,NOT_FOUND,FINANCIAL_SCOPE_REVIEW_REQUIRED,NO_EXPLICIT_QUARTER_CONSOLIDATED_REVENUE_GAAP_NET_AND_BROAD_P_AND_L_PACKAGE,0001516513-25-000092,8-K,docs-20250807.htm,https://www.sec.gov/Archives/edgar/data/1516513/000151651325000092/docs-20250807.htm,2025-08-08T00:07:58Z,532a49c25a7efa25d466af401e7613a73ad46e9c15a7e14db25e140f50518cb5,5acb2c52123dc57c155e4f8f76e64e3d11e0a100a20e890a683e6c3aa78fed4c,d7461c32c718d542d60ddc33c3cae722a1334db17a060acc7b0926ec658ccbdf,1,https://www.sec.gov/Archives/edgar/data/1516513/000151651325000092/docs-20250807.htm,057f2bd2dd6631958277ce874189f6ae7353f8db01e36d7bee93e449ae79b4e5,NONE,REVIEW_REQUIRED_EVENT_EVIDENCE,False,refresh_20261009T042704Z_refresh_fundamentals_c7bbcb6dfda4_production_adc49771,2026-10-09T09:00:48Z
697,2026,Q2,24640,2025-09-30,DOCS,NOT_FOUND,FINANCIAL_SCOPE_REVIEW_REQUIRED,NO_EXPLICIT_QUARTER_CONSOLIDATED_REVENUE_GAAP_NET_AND_BROAD_P_AND_L_PACKAGE,0001516513-25-000110,8-K,docs-20251106.htm,https://www.sec.gov/Archives/edgar/data/1516513/000151651325000110/docs-20251106.htm,2025-11-07T02:08:15Z,c2644cc9074a62d12157ba4f65824c7ae2d3a0259b96c8ca475edaba494a90e3,f19179ca9c59878b8b856a3c08260f8b594a3da3e6a4aa598539edbd04706396,7252079fd7efd6f23296bf1a964aa2e1c16176ca001ff95f2bbd7187b5571d28,1,https://www.sec.gov/Archives/edgar/data/1516513/000151651325000110/docs-20251106.htm,3c6e4a951acdb8e2f1e7975c930644b2cbca6624c02a60912a09dcaad95f377b,NONE,REVIEW_REQUIRED_EVENT_EVIDENCE,False,refresh_20261009T042704Z_refresh_fundamentals_c7bbcb6dfda4_production_adc49771,2026-10-09T09:00:48Z
697,2026,Q3,24641,2025-12-31,DOCS,NOT_FOUND,FINANCIAL_SCOPE_REVIEW_REQUIRED,NO_EXPLICIT_QUARTER_CONSOLIDATED_REVENUE_GAAP_NET_AND_BROAD_P_AND_L_PACKAGE,0001516513-26-000004,8-K,docs-20260203.htm,https://www.sec.gov/Archives/edgar/data/1516513/000151651326000004/docs-20260203.htm,2026-02-06T02:03:25Z,bea0b93092111e756a923a8e01d2c8856d03d78448632c21f276e718e0956bb8,394215aefce37671128a109d9050343edcc7caa97ceb93c0ce559673ab255753,0c9f4f9849319320ef51041963d1b04459b5eb59bd41c2e467df752d8a9e8e3c,1,https://www.sec.gov/Archives/edgar/data/1516513/000151651326000004/docs-20260203.htm,d97cac20d785c7a83b219f2b5c9da449a45431f147ac5d92c26943e0ecb636f3,NONE,REVIEW_REQUIRED_EVENT_EVIDENCE,False,refresh_20261009T042704Z_refresh_fundamentals_c7bbcb6dfda4_production_adc49771,2026-10-09T09:00:48Z
697,2026,Q4,24642,2026-03-31,DOCS,NOT_FOUND,PERIOD_SCOPE_REVIEW_REQUIRED,NO_EXPLICIT_QUARTER_END_MATCH_IN_RETAINED_RESULTS_CONTENT,0001516513-26-000017,8-K,docs-20260513.htm,https://www.sec.gov/Archives/edgar/data/1516513/000151651326000017/docs-20260513.htm,2026-05-14T00:04:36Z,61aa48928c35c47c4f73b791403195b7201c93e0684b9f1f66fb060c16154d4e,c30783363c128f2e6ef855356e9f88808cd5e73917b818dc8dfe6371a95fa3ce,69c9e66f7ccc5cd974b01752144a024f048da4061c0bd94856c27b83c404a9ff,1,https://www.sec.gov/Archives/edgar/data/1516513/000151651326000017/docs-20260513.htm,cdc7c17e84b025c742e4f26f9416fb3e28b473a1110dd2260fe56417829f9da5,NONE,REVIEW_REQUIRED_EVENT_EVIDENCE,False,refresh_20261009T042704Z_refresh_fundamentals_c7bbcb6dfda4_production_adc49771,2026-10-09T09:00:48Z
697,2027,Q1,24643,2026-06-30,DOCS,NOT_FOUND,PROPOSED_REVIEWED_EVENT_OBSERVATION,EXPLICIT_QUARTER_CONSOLIDATED_EARNINGS_STATEMENT_AND_REGISTRANT_RESULTS_ANNOUNCEMENT,0001516513-26-000038,8-K,docs-20260806.htm,https://www.sec.gov/Archives/edgar/data/1516513/000151651326000038/docs-20260806.htm,2026-08-07T00:04:42Z,0a9be09bcd190fdfbf27c7883f22b8a7fc659ed35951d708a5f3a2c398c176fc,918043acb58357ed9174f29d6e8d1e50b0a1847c606122cbc40bcfc0448f7c89,2463a5ea58fef4a00a9b84435cf04a69d29fd966151b1e97861ddcdbb02fc3dd,2,https://www.sec.gov/Archives/edgar/data/1516513/000151651326000038/docs-20260806.htm;https://www.sec.gov/Archives/edgar/data/1516513/000151651326000038/doximity-2026630xex991.htm,de0cea72ef61ea2260689621aa0873e795a47d0974ae3711ee11ff42972256b7;2da80bfefc5bdf3ffdcbd1b3f7f775421170379c24cb7a4555a9505c874fdf69,NONE,REVIEW_REQUIRED_EVENT_EVIDENCE,False,refresh_20261009T042704Z_refresh_fundamentals_c7bbcb6dfda4_production_adc49771,2026-10-09T09:00:48Z
701,2025,Q1,24770,2025-03-29,DORM,NOT_FOUND,FINANCIAL_SCOPE_REVIEW_REQUIRED,NO_EXPLICIT_QUARTER_CONSOLIDATED_REVENUE_GAAP_NET_AND_BROAD_P_AND_L_PACKAGE,0000868780-25-000014,8-K,dorm-20250505.htm,https://www.sec.gov/Archives/edgar/data/868780/000086878025000014/dorm-20250505.htm,2025-05-05T20:06:31Z,9bb4549e64faa5cb9f343bf16ab4b4327bdbb579f804a6cee82e17223a176bec,154152cbd954ec832a3545d048d0d7cd5b2276134cd007c4715b4172316f2e6d,ca2aa5d462c94ebab8ad95e79b8baece03c0ed4d9624236abc40c83752772513,1,https://www.sec.gov/Archives/edgar/data/868780/000086878025000014/dorm-20250505.htm,8ad9e6c90b402d1a62a43a6a7d32f89c681bd3aa9131b60e047f17fd349c4de6,NONE,REVIEW_REQUIRED_EVENT_EVIDENCE,False,refresh_20261009T042704Z_refresh_fundamentals_c7bbcb6dfda4_production_adc49771,2026-10-09T09:00:48Z
701,2025,Q2,24771,2025-06-28,DORM,NOT_FOUND,FINANCIAL_SCOPE_REVIEW_REQUIRED,NO_EXPLICIT_QUARTER_CONSOLIDATED_REVENUE_GAAP_NET_AND_BROAD_P_AND_L_PACKAGE,0000868780-25-000041,8-K,dorm-20250804.htm,https://www.sec.gov/Archives/edgar/data/868780/000086878025000041/dorm-20250804.htm,2025-08-04T20:02:34Z,a325d1a8c367e1cf8cc5589e5bbcee10375cd3ff22dea981ddc9ece3f6bfa6b9,f18d34a0843bcb7dcd00de06f4f33276935707330fedf853309867430bea0567,ddfdbcfc42bf91b32cc60ad9bc3356926d8ac9897ff604865c4a10aabddeb804,1,https://www.sec.gov/Archives/edgar/data/868780/000086878025000041/dorm-20250804.htm,441578153238c30adc5eae63407bd40c8aa3f0447573eec25484d855c2e96e3b,NONE,REVIEW_REQUIRED_EVENT_EVIDENCE,False,refresh_20261009T042704Z_refresh_fundamentals_c7bbcb6dfda4_production_adc49771,2026-10-09T09:00:48Z
701,2025,Q3,24772,2025-09-27,DORM,NOT_FOUND,FINANCIAL_SCOPE_REVIEW_REQUIRED,NO_EXPLICIT_QUARTER_CONSOLIDATED_REVENUE_GAAP_NET_AND_BROAD_P_AND_L_PACKAGE,0000868780-25-000051,8-K,dorm-20251027.htm,https://www.sec.gov/Archives/edgar/data/868780/000086878025000051/dorm-20251027.htm,2025-10-27T20:04:23Z,9d77dd425f8d2d68eb82e59c6e92a71c48c24ec3783a2430f7d7a243e40c9ce3,4ac9f3d3f25951c148c144b3a42327a2628736857e995a51d06eb2086f90f5ed,a42fe9331b552ce56bc38052a304fae8013d15882551cc6ce4e267db336eefaa,1,https://www.sec.gov/Archives/edgar/data/868780/000086878025000051/dorm-20251027.htm,91cef1365423096545ee63617ab26ffd390b96ef001a5cecbcef4619fa6b34dc,NONE,REVIEW_REQUIRED_EVENT_EVIDENCE,False,refresh_20261009T042704Z_refresh_fundamentals_c7bbcb6dfda4_production_adc49771,2026-10-09T09:00:48Z
701,2025,Q4,24773,2025-12-31,DORM,NOT_FOUND,PERIOD_SCOPE_REVIEW_REQUIRED,NO_EXPLICIT_QUARTER_END_MATCH_IN_RETAINED_RESULTS_CONTENT,0000868780-26-000010,8-K,dorm-20260225.htm,https://www.sec.gov/Archives/edgar/data/868780/000086878026000010/dorm-20260225.htm,2026-02-25T21:03:46Z,4cf689bcde93919e7002a325ece4d9044d769322ec28ecfa9db80cfed0553cc6,650660edceaab27fd58c27bd0e28e87ee8820c860ff8f831b71298d04049601d,57474a1f490bf5d0e7fea31380a72428b6add4fe2c2e3829cf534d47c4e3b7fc,1,https://www.sec.gov/Archives/edgar/data/868780/000086878026000010/dorm-20260225.htm,92abbf558130a5a323faf0650d584e0a3629ab612f48db50bc918ed475d931d8,NONE,REVIEW_REQUIRED_EVENT_EVIDENCE,False,refresh_20261009T042704Z_refresh_fundamentals_c7bbcb6dfda4_production_adc49771,2026-10-09T09:00:48Z
701,2026,Q1,24774,2026-03-28,DORM,NOT_FOUND,FINANCIAL_SCOPE_REVIEW_REQUIRED,NO_EXPLICIT_QUARTER_CONSOLIDATED_REVENUE_GAAP_NET_AND_BROAD_P_AND_L_PACKAGE,0000868780-26-000022,8-K,dorm-20260504.htm,https://www.sec.gov/Archives/edgar/data/868780/000086878026000022/dorm-20260504.htm,2026-05-04T20:02:46Z,183a86d331e024e2b127fc114ebac11ca3ac1239818d0eb59d7725c3c9d99dbb,7d00290399352f631ae5498894cc037287513e8a5a6546b45a1fc96aad5b8b03,587aeb4ab89655ee89437022a0af2a93760b1eece4ab3e25e3ef6246c3ef0a42,1,https://www.sec.gov/Archives/edgar/data/868780/000086878026000022/dorm-20260504.htm,38a65d8478acd27839cd04a0c06f09015ac0bea43ac914180ba07e9d88531ab4,NONE,REVIEW_REQUIRED_EVENT_EVIDENCE,False,refresh_20261009T042704Z_refresh_fundamentals_c7bbcb6dfda4_production_adc49771,2026-10-09T09:00:48Z
701,2026,Q2,24775,2026-06-27,DORM,NOT_FOUND,FINANCIAL_SCOPE_REVIEW_REQUIRED,NO_EXPLICIT_QUARTER_CONSOLIDATED_REVENUE_GAAP_NET_AND_BROAD_P_AND_L_PACKAGE,0000868780-26-000037,8-K,dorm-20260803.htm,https://www.sec.gov/Archives/edgar/data/868780/000086878026000037/dorm-20260803.htm,2026-08-03T20:32:43Z,a895ecb2334b7926d4904baa8d147a5c25adc9ef66d37827a3faa0077b9186d3,09a021f293b97e764369139d9c2af2dc6a97d595bf5a93c8d90f5e31a07c86c5,7f25b4343e232a06862ccda5336fb34c44f877b9349f5332365c8f5409a2e08b,1,https://www.sec.gov/Archives/edgar/data/868780/000086878026000037/dorm-20260803.htm,c68d0766b718917549020d274b3bb527e7a775d99877fb579d19e8a85b53fb61,NONE,REVIEW_REQUIRED_EVENT_EVIDENCE,False,refresh_20261009T042704Z_refresh_fundamentals_c7bbcb6dfda4_production_adc49771,2026-10-09T09:00:48Z
707,2025,Q1,24986,2024-08-25,DRI,UNRESOLVED,FINANCIAL_SCOPE_REVIEW_REQUIRED,NO_EXPLICIT_QUARTER_CONSOLIDATED_REVENUE_GAAP_NET_AND_BROAD_P_AND_L_PACKAGE,0000940944-24-000044,8-K,dri-20240919.htm,https://www.sec.gov/Archives/edgar/data/940944/000094094424000044/dri-20240919.htm,2024-09-19T15:05:59Z,09ed2358121d182111b1d8223b9a1e9f678d667804895c12b694de304968aff6,ecb887b3d5d7074ca9a87b422c393119fefd4bbbcca63de5664da23d6ef4e94f,77d289f1d31e19262e40c535f16c73481c209689bb971e281e23049c40539b01,2,https://www.sec.gov/Archives/edgar/data/940944/000094094424000044/dri-20240919.htm;https://www.sec.gov/Archives/edgar/data/940944/000094094424000044/exhibit991-q1fy25.htm,9eb732baac2921d3f6809c60ae0fd3fcfbbc08620db5077f45f3a6f334a8cc1a;aaa51fd14d292c79030aea2ec89b41647802dd9493704d02d344b104719ee4da,NONE,REVIEW_REQUIRED_EVENT_EVIDENCE,False,refresh_20261009T042704Z_refresh_fundamentals_c7bbcb6dfda4_production_adc49771,2026-10-09T09:00:48Z
707,2025,Q2,24987,2024-11-24,DRI,UNRESOLVED,FINANCIAL_SCOPE_REVIEW_REQUIRED,NO_EXPLICIT_QUARTER_CONSOLIDATED_REVENUE_GAAP_NET_AND_BROAD_P_AND_L_PACKAGE,0000940944-24-000078,8-K,dri-20241219.htm,https://www.sec.gov/Archives/edgar/data/940944/000094094424000078/dri-20241219.htm,2024-12-19T17:07:58Z,900596dbca034acfa72964f0ff92da51be3261d73ec30aa06cdb355e6448b773,3ec1e9cd2e71d15a776cace15c2eea7d2a513d6bf32164f03eb826937c2649f9,0a75463fc0cb1887ca82e587d4e86d44e48a6017d808975b196437e6506dea65,2,https://www.sec.gov/Archives/edgar/data/940944/000094094424000078/dri-20241219.htm;https://www.sec.gov/Archives/edgar/data/940944/000094094424000078/exhibit991-q2fy25.htm,eb156787e9c702fbe313693d5bc378b54bdcc4106038270ff83cff3508438e41;e019db0a2d5ddcbe2fd81ee0a9555aafeb869e4ee7f23a4692f34a5d21424788,NONE,REVIEW_REQUIRED_EVENT_EVIDENCE,False,refresh_20261009T042704Z_refresh_fundamentals_c7bbcb6dfda4_production_adc49771,2026-10-09T09:00:48Z
707,2025,Q3,24988,2025-02-23,DRI,UNRESOLVED,FINANCIAL_SCOPE_REVIEW_REQUIRED,NO_EXPLICIT_QUARTER_CONSOLIDATED_REVENUE_GAAP_NET_AND_BROAD_P_AND_L_PACKAGE,0000940944-25-000011,8-K,dri-20250320.htm,https://www.sec.gov/Archives/edgar/data/940944/000094094425000011/dri-20250320.htm,2025-03-20T15:04:06Z,aba3f3bd4d168199ec4ec5ac61a50771a69b3b7252d62bd294ae77cb838694db,1a35c70063efaa20fc2ccfc435011180c4958b60ee8f3ad063038d15659b9231,76ae673c1a1e1987cb6406d9f8ea8ef4a18a3e88262e076af900c10ae1c96a00,2,https://www.sec.gov/Archives/edgar/data/940944/000094094425000011/dri-20250320.htm;https://www.sec.gov/Archives/edgar/data/940944/000094094425000011/exhibit991-q3fy25.htm,586a31633ea4adfa1183da386ee8cc33868b37718a80d53c67baecceabbafe90;c6cda97d265c10f5311b5535b3db2ac251f9e6a06322b0fb1175d0dc06ce3b6f,NONE,REVIEW_REQUIRED_EVENT_EVIDENCE,False,refresh_20261009T042704Z_refresh_fundamentals_c7bbcb6dfda4_production_adc49771,2026-10-09T09:00:48Z
707,2025,Q4,24989,2025-05-25,DRI,UNRESOLVED,PERIOD_SCOPE_REVIEW_REQUIRED,NO_EXPLICIT_QUARTER_END_MATCH_IN_RETAINED_RESULTS_CONTENT,0000940944-25-000028,8-K,dri-20250613.htm,https://www.sec.gov/Archives/edgar/data/940944/000094094425000028/dri-20250613.htm,2025-06-20T15:04:25Z,b36720285587cdf8ce7c61b4c55fc3c679dc4d968bebb941fba489f27709690e,ac71a5fccd0b3e2a15a0393753d6ef5898e0ac1550fa43efc07df77f295da0a3,d439a32f4639dbf82b7796c6caf5612a33d22a4bac67a61a4ff6902756208b4f,2,https://www.sec.gov/Archives/edgar/data/940944/000094094425000028/dri-20250613.htm;https://www.sec.gov/Archives/edgar/data/940944/000094094425000028/exhibit991-q4fy25.htm,631a9142bbf4257e8f4a69120243f6d43b5b08e76bae9d2fbe8fd164219f9203;f42761fe5fae67db66a34fba8a8cb2c75c375985892b5cd179f16164897974b9,NONE,REVIEW_REQUIRED_EVENT_EVIDENCE,False,refresh_20261009T042704Z_refresh_fundamentals_c7bbcb6dfda4_production_adc49771,2026-10-09T09:00:48Z
707,2026,Q1,24990,2025-08-24,DRI,UNRESOLVED,FINANCIAL_SCOPE_REVIEW_REQUIRED,NO_EXPLICIT_QUARTER_CONSOLIDATED_REVENUE_GAAP_NET_AND_BROAD_P_AND_L_PACKAGE,0000940944-25-000045,8-K,dri-20250918.htm,https://www.sec.gov/Archives/edgar/data/940944/000094094425000045/dri-20250918.htm,2025-09-18T15:05:51Z,aacd3c7296315f0333f4192b59f9349686f60a268ecb100b28de91d41a79ba89,d24a1554941892eee2d91c8cae4f7059474fef492f3622ed4020671cfe0e445a,b525d24f552cc0ba06e73c986b12b5566764620df12069e92e2bf01119744888,2,https://www.sec.gov/Archives/edgar/data/940944/000094094425000045/dri-20250918.htm;https://www.sec.gov/Archives/edgar/data/940944/000094094425000045/exhibit991-q1fy26.htm,39a426e8b02ec05b881f66f7927c7c71ba6432f30ddbf1cd7456161ec5fbfd2e;6dcbc9519d34f9eeb09f4debbc97e2150ee031359b07cd176cd26e012a8c8097,NONE,REVIEW_REQUIRED_EVENT_EVIDENCE,False,refresh_20261009T042704Z_refresh_fundamentals_c7bbcb6dfda4_production_adc49771,2026-10-09T09:00:48Z
707,2026,Q2,24991,2025-11-23,DRI,UNRESOLVED,FINANCIAL_SCOPE_REVIEW_REQUIRED,NO_EXPLICIT_QUARTER_CONSOLIDATED_REVENUE_GAAP_NET_AND_BROAD_P_AND_L_PACKAGE,0000940944-25-000067,8-K,dri-20251218.htm,https://www.sec.gov/Archives/edgar/data/940944/000094094425000067/dri-20251218.htm,2025-12-18T17:07:22Z,da4e8601d55974fa1ab8ad2bed420213f9f6eb18c6cf1065e0c1800dc6e2f19e,0d53e271e68ed8ee1b72c4225a29b6235ab004882065ac47ec32158bc878e990,c136c67fd1af1e95365cb3d642fb27ca36a8ae0ad5934900a3991255d37f3fec,2,https://www.sec.gov/Archives/edgar/data/940944/000094094425000067/dri-20251218.htm;https://www.sec.gov/Archives/edgar/data/940944/000094094425000067/exhibit991-q2fy26.htm,7ccc91d51721555d78583af201bb625b0228e4a72858c64a9dac40eec7699b95;35e580c6397c821c7f2e73adacf0d47c0dc5758f0a986315dfee7a634704bf03,NONE,REVIEW_REQUIRED_EVENT_EVIDENCE,False,refresh_20261009T042704Z_refresh_fundamentals_c7bbcb6dfda4_production_adc49771,2026-10-09T09:00:48Z
707,2026,Q3,24992,2026-02-22,DRI,UNRESOLVED,FINANCIAL_SCOPE_REVIEW_REQUIRED,NO_EXPLICIT_QUARTER_CONSOLIDATED_REVENUE_GAAP_NET_AND_BROAD_P_AND_L_PACKAGE,0000940944-26-000005,8-K,dri-20260319.htm,https://www.sec.gov/Archives/edgar/data/940944/000094094426000005/dri-20260319.htm,2026-03-19T15:06:37Z,14c9c2440ea4a650bb62106e10a9a586b7a56276d46e51958ef5c0937701b4cc,79b906ec6d0b66e51cc879d8b6242825ee8d9f8f425b81d77edaddb34b8a0907,4d22cd4b48c7752f08603def7d1224987c5682378d627db9a575afbe242afd27,2,https://www.sec.gov/Archives/edgar/data/940944/000094094426000005/dri-20260319.htm;https://www.sec.gov/Archives/edgar/data/940944/000094094426000005/exhibit991-q3fy26.htm,174ab2b3e20403c2da99dc6b78320c161b8e9016c3bf156a5e217c22edea73a1;cccd6b12db771e7c063f0d844163f1f8b5b2480f63ae30d50402ef1b48329d9a,NONE,REVIEW_REQUIRED_EVENT_EVIDENCE,False,refresh_20261009T042704Z_refresh_fundamentals_c7bbcb6dfda4_production_adc49771,2026-10-09T09:00:48Z
708,2025,Q1,25012,2025-03-31,DRS,NOT_FOUND,FINANCIAL_SCOPE_REVIEW_REQUIRED,NO_EXPLICIT_QUARTER_CONSOLIDATED_REVENUE_GAAP_NET_AND_BROAD_P_AND_L_PACKAGE,0001628280-25-021328,8-K,drs-20250501.htm,https://www.sec.gov/Archives/edgar/data/1833756/000162828025021328/drs-20250501.htm,2025-05-01T11:37:02Z,e2317fba6b6710c44577137fba85ad87c3ccd230c4deda08fa531de2c2f7188b,c36a53a89d628de4e0c63101e175eec2f392db71ac87cab56d4f8815d450acab,d39f3ceaefb55d9bf91e6a669c24dee3e9040f21f0e91ea3dee6592c4917ea3a,1,https://www.sec.gov/Archives/edgar/data/1833756/000162828025021328/drs-20250501.htm,24772e55fcdca919842a769a83f77da588214638be99a20bfe920e137be2acfd,NONE,REVIEW_REQUIRED_EVENT_EVIDENCE,False,refresh_20261009T042704Z_refresh_fundamentals_c7bbcb6dfda4_production_adc49771,2026-10-09T09:00:48Z
708,2025,Q2,25013,2025-06-30,DRS,NOT_FOUND,FINANCIAL_SCOPE_REVIEW_REQUIRED,NO_EXPLICIT_QUARTER_CONSOLIDATED_REVENUE_GAAP_NET_AND_BROAD_P_AND_L_PACKAGE,0001628280-25-036557,8-K,drs-20250730.htm,https://www.sec.gov/Archives/edgar/data/1833756/000162828025036557/drs-20250730.htm,2025-07-30T11:32:02Z,7ffb102c222043ddd943fe9c2213842d55e55631a9b0f77e8f4fc64e5a4457a8,66c2ce30e81c3534152e8389a749b152827a7ff7a8444d2b79ebf47686e78fd7,c06ed01b9b4b5508c24ed9080b1c0efb716513dd227789e56d8e107f45b33b74,1,https://www.sec.gov/Archives/edgar/data/1833756/000162828025036557/drs-20250730.htm,b3ac1d16ce55edb98bfa7ac5ae7ff6bae09b2ac1c42ecf3bb44aa92e9314e0e7,NONE,REVIEW_REQUIRED_EVENT_EVIDENCE,False,refresh_20261009T042704Z_refresh_fundamentals_c7bbcb6dfda4_production_adc49771,2026-10-09T09:00:48Z
708,2025,Q3,25014,2025-09-30,DRS,NOT_FOUND,FINANCIAL_SCOPE_REVIEW_REQUIRED,NO_EXPLICIT_QUARTER_CONSOLIDATED_REVENUE_GAAP_NET_AND_BROAD_P_AND_L_PACKAGE,0001833756-25-000007,8-K,drs-20251029.htm,https://www.sec.gov/Archives/edgar/data/1833756/000183375625000007/drs-20251029.htm,2025-10-29T11:31:20Z,a56af41cdd868d6e1c02a677ec3ce5e722b020af231006cc0fc26f89b7f62717,2baee5777575f54a5b7f5b1270e5f2c5583ce87d15ded15634032646f492c1f6,9590b14216818e9f2f0f9a8cadbbb64cc3a47828d4641238dbdafaabf4034cf3,1,https://www.sec.gov/Archives/edgar/data/1833756/000183375625000007/drs-20251029.htm,bc02f5069ed21cd642ee4547830d60951714e58ac6d35825b3c44cc79db3fc67,NONE,REVIEW_REQUIRED_EVENT_EVIDENCE,False,refresh_20261009T042704Z_refresh_fundamentals_c7bbcb6dfda4_production_adc49771,2026-10-09T09:00:48Z
708,2025,Q4,25015,2025-12-31,DRS,NOT_FOUND,PERIOD_SCOPE_REVIEW_REQUIRED,NO_EXPLICIT_QUARTER_END_MATCH_IN_RETAINED_RESULTS_CONTENT,0001833756-26-000009,8-K,drs-20260224.htm,https://www.sec.gov/Archives/edgar/data/1833756/000183375626000009/drs-20260224.htm,2026-02-24T12:29:32Z,98f1513b3337d45809163fb25dbd7b26918a61dd0ced9c9b17e2f2616791fe5f,cbcc785c1b7f1e806e6ef94d7fe5fa3e7eff00b58928232671b16966011df83e,09f547dba914e07b19fe3d3d1d115ab1f5e40c8c128dec286d13da7f4da4e9b1,1,https://www.sec.gov/Archives/edgar/data/1833756/000183375626000009/drs-20260224.htm,e5cffdba91b1a7f0c9a4154ca98b21c3f0a57237b299c01f7ab56227e6e66fbb,NONE,REVIEW_REQUIRED_EVENT_EVIDENCE,False,refresh_20261009T042704Z_refresh_fundamentals_c7bbcb6dfda4_production_adc49771,2026-10-09T09:00:48Z
708,2026,Q1,25016,2026-03-31,DRS,NOT_FOUND,FINANCIAL_SCOPE_REVIEW_REQUIRED,NO_EXPLICIT_QUARTER_CONSOLIDATED_REVENUE_GAAP_NET_AND_BROAD_P_AND_L_PACKAGE,0001833756-26-000023,8-K,drs-20260505.htm,https://www.sec.gov/Archives/edgar/data/1833756/000183375626000023/drs-20260505.htm,2026-05-05T11:30:09Z,a0361c3a002abbd0f80facdd5d1e2bbb999a62dfcb21fa601ca8ca71e4c770ac,ff75aeb2021e475f6b7ae55dd6aa87331f3c3410c8946ab70c9bd1b14cc806e7,15650d13fe6ff489cc8de1ccf9c971bbc1a40746ea359fd8fe1bc2805b50a9c1,1,https://www.sec.gov/Archives/edgar/data/1833756/000183375626000023/drs-20260505.htm,b093f72878a10ac915e5a6c6242a34f938039db37d874c27f80478876f5ec925,NONE,REVIEW_REQUIRED_EVENT_EVIDENCE,False,refresh_20261009T042704Z_refresh_fundamentals_c7bbcb6dfda4_production_adc49771,2026-10-09T09:00:48Z
708,2026,Q2,25017,2026-06-30,DRS,NOT_FOUND,FINANCIAL_SCOPE_REVIEW_REQUIRED,NO_EXPLICIT_QUARTER_CONSOLIDATED_REVENUE_GAAP_NET_AND_BROAD_P_AND_L_PACKAGE,0001833756-26-000037,8-K,drs-20260730.htm,https://www.sec.gov/Archives/edgar/data/1833756/000183375626000037/drs-20260730.htm,2026-07-30T11:29:35Z,ffd851454145771fa27a8c99fddbf43a5d24b05c70939030e090cc2f7ab7e25d,8cc522e7fe04ac5cf7a19a2e505e091817b2036bc0e209df547d49760991c24e,602b99bdb276e657de780f876d612d115cf3b8b531c3bb471e8fc95f3843f504,1,https://www.sec.gov/Archives/edgar/data/1833756/000183375626000037/drs-20260730.htm,9b5eeb0e2fc6f31774aadb247185846b3674fa96a8a71f200235c31e9cb8080f,NONE,REVIEW_REQUIRED_EVENT_EVIDENCE,False,refresh_20261009T042704Z_refresh_fundamentals_c7bbcb6dfda4_production_adc49771,2026-10-09T09:00:48Z
728,2025,Q1,25669,2024-04-27,DY,UNRESOLVED,FINANCIAL_SCOPE_REVIEW_REQUIRED,NO_EXPLICIT_QUARTER_CONSOLIDATED_REVENUE_GAAP_NET_AND_BROAD_P_AND_L_PACKAGE,0000067215-24-000023,8-K,dy-20240522.htm,https://www.sec.gov/Archives/edgar/data/67215/000006721524000023/dy-20240522.htm,2024-05-22T14:04:56Z,dfb0270867baffb76e19f0ba43708001e3419d6858cdf58587f56a7c7a326cab,89c25fdfa2d38b9d586f8e7dffbd68a3d05b45675e58a5bd2d323bac8fcb1a9f,0c2ce7db5933d4219b4f665c0f729ac797a7c90ae1b98eb723df8386ccf15a44,3,https://www.sec.gov/Archives/edgar/data/67215/000006721524000023/dy-20240522.htm;https://www.sec.gov/Archives/edgar/data/67215/000006721524000023/dyfy2025q1earningsreleasee.htm;https://www.sec.gov/Archives/edgar/data/67215/000006721524000023/q12025presentationmateri.htm,ca7ebda6d1179a644f3cbe10ac3c4e2c23a6d4bc7fc72a6dc0db3db07554f05d;872c42f5b775d94a253a70d9d7a3f245bb1bff622601a448e90a0dc05f817f3f;bf2307080a8e179e700a2752cdb1704c12a2502389b3326aae88b2fb7d8c326e,NONE,REVIEW_REQUIRED_EVENT_EVIDENCE,False,refresh_20261009T042704Z_refresh_fundamentals_c7bbcb6dfda4_production_adc49771,2026-10-09T09:00:48Z
728,2025,Q2,25670,2024-07-27,DY,UNRESOLVED,FINANCIAL_SCOPE_REVIEW_REQUIRED,NO_EXPLICIT_QUARTER_CONSOLIDATED_REVENUE_GAAP_NET_AND_BROAD_P_AND_L_PACKAGE,0000067215-24-000035,8-K,dy-20240821.htm,https://www.sec.gov/Archives/edgar/data/67215/000006721524000035/dy-20240821.htm,2024-08-21T14:03:24Z,52f811c37e818b4b4eba668a9dcbd24601c5688fe77cfbe98f2f39ed2ada513e,a50ce8a723b155ed56845d1d716137c80786f51ce0407d0223dfcc1d7509a6e1,b79d28a1887e3838055bacb806aa5deb535a4323a7a9f38b242cfde7d72fd7d1,3,https://www.sec.gov/Archives/edgar/data/67215/000006721524000035/dy-20240821.htm;https://www.sec.gov/Archives/edgar/data/67215/000006721524000035/dyfy2025q2earningsreleasee.htm;https://www.sec.gov/Archives/edgar/data/67215/000006721524000035/q22025presentationmateri.htm,09f3dbe1497648a2e6dd956d66c2dace1967327067e55d6eedc76b7234f0c1a5;e44bff0aad81f468ef7af89e272ea3c4fd95aaf320faf89621e34990389ee233;8fe72769bd87025fa3f39b605e082e8a8ed41453e403152c0fe3e1cb20e8e288,NONE,REVIEW_REQUIRED_EVENT_EVIDENCE,False,refresh_20261009T042704Z_refresh_fundamentals_c7bbcb6dfda4_production_adc49771,2026-10-09T09:00:48Z
728,2026,Q4,25676,2026-01-31,DY,UNRESOLVED,FINANCIAL_SCOPE_REVIEW_REQUIRED,NO_EXPLICIT_QUARTER_CONSOLIDATED_REVENUE_GAAP_NET_AND_BROAD_P_AND_L_PACKAGE,0000067215-26-000004,8-K,dy-20260304.htm,https://www.sec.gov/Archives/edgar/data/67215/000006721526000004/dy-20260304.htm,2026-03-04T17:02:46Z,64efb729106c2d9c7f8528f91a32cbb8513cc3eb7a2d55cb8fe7258f840041fe,22f7cb649bf5e8725c34bfab7948e2b4438285a00951dd1f09a460e86e5416bd,7562ad7a4fc7bb9092a3616d29e51a468975129c8054ba02904d4332f5abc591,3,https://www.sec.gov/Archives/edgar/data/67215/000006721526000004/dy-20260304.htm;https://www.sec.gov/Archives/edgar/data/67215/000006721526000004/dyfy2026q4earningsreleasee.htm;https://www.sec.gov/Archives/edgar/data/67215/000006721526000004/q42026presentationmateri.htm,5556aec84ad26efdc5be3e35ae83f559b4d5f186a341578e641386a0b13949fe;5030cadf7ce1f58da9d25fab6bfd881295c5a202614ea7683e1f5ff2e78a4381;c4f72cce7d931206c22190ffb2e1019f3685e29de00f122c5bf3b4b9f373d3ae,NONE,REVIEW_REQUIRED_EVENT_EVIDENCE,False,refresh_20261009T042704Z_refresh_fundamentals_c7bbcb6dfda4_production_adc49771,2026-10-09T09:00:48Z
731,2025,Q1,25778,2024-09-25,EAT,UNRESOLVED,FINANCIAL_SCOPE_REVIEW_REQUIRED,NO_EXPLICIT_QUARTER_CONSOLIDATED_REVENUE_GAAP_NET_AND_BROAD_P_AND_L_PACKAGE,0000703351-24-000035,8-K,eat-20241030.htm,https://www.sec.gov/Archives/edgar/data/703351/000070335124000035/eat-20241030.htm,2024-10-30T12:04:46Z,12a75096dc7f0b5daacf87b3c96f8608f9f2e874d92eb72c83db85bf7aa00215,553f74b8b886e79a16f4f0649cda9b13dec8195192fd78a29f94f9c82e02b62f,8866b9c59f30e59bed7772d36a944c924164267fc8ced9b924bf1cbad0c9554c,2,https://www.sec.gov/Archives/edgar/data/703351/000070335124000035/eat-20241030.htm;https://www.sec.gov/Archives/edgar/data/703351/000070335124000035/fy25q1ex991-earningsrelease.htm,1becf0e51b0670c7c96356496b08db7a5ea181b6ddb193851a9afe7195c932ab;2fed34f17710aaf2063dbd358ade996e4e9943fb357fbb7dffe26f0aeabc9d7b,NONE,REVIEW_REQUIRED_EVENT_EVIDENCE,False,refresh_20261009T042704Z_refresh_fundamentals_c7bbcb6dfda4_production_adc49771,2026-10-09T09:00:48Z
731,2025,Q2,25779,2024-12-25,EAT,UNRESOLVED,FINANCIAL_SCOPE_REVIEW_REQUIRED,NO_EXPLICIT_QUARTER_CONSOLIDATED_REVENUE_GAAP_NET_AND_BROAD_P_AND_L_PACKAGE,0000703351-25-000004,8-K,eat-20250129.htm,https://www.sec.gov/Archives/edgar/data/703351/000070335125000004/eat-20250129.htm,2025-01-29T13:08:31Z,c07f1b693d473f54679544a0b30a70523cd5199ab2f344fd326b7395e81a31ce,909ee21ffd50b9e388c9e32b9774388fe92b0e67bb96b344735218322a30b973,db71a998aec6d6dacd896c33ef4dac6542b69449ce2a69e738c7a974f7bebbc1,2,https://www.sec.gov/Archives/edgar/data/703351/000070335125000004/eat-20250129.htm;https://www.sec.gov/Archives/edgar/data/703351/000070335125000004/fy25q2ex991-earningsrelease.htm,e00084e38006c25ef33631516931da062261c6c9dcbb57910376f1aafd493e06;fcf680e6808e0b2745fbfdf54de794aa2c869a0c3e5e8e5c1754942bcc3f8e31,NONE,REVIEW_REQUIRED_EVENT_EVIDENCE,False,refresh_20261009T042704Z_refresh_fundamentals_c7bbcb6dfda4_production_adc49771,2026-10-09T09:00:48Z
731,2025,Q3,25780,2025-03-26,EAT,UNRESOLVED,FINANCIAL_SCOPE_REVIEW_REQUIRED,NO_EXPLICIT_QUARTER_CONSOLIDATED_REVENUE_GAAP_NET_AND_BROAD_P_AND_L_PACKAGE,0000703351-25-000016,8-K,eat-20250429.htm,https://www.sec.gov/Archives/edgar/data/703351/000070335125000016/eat-20250429.htm,2025-04-29T12:07:40Z,697055e9f7537da08dcc0c356a95cc1ff7a7627e8bbb4b4782920537483f298a,1f4db5affe902dffadcb78d604dd974bd41b39cfd30c1b784cc1d712d17a594e,168c0ddd4ab2540d822f91c6b22fec21a8c4bcbe6a0f0da65c8a02f3dfb80f84,2,https://www.sec.gov/Archives/edgar/data/703351/000070335125000016/eat-20250429.htm;https://www.sec.gov/Archives/edgar/data/703351/000070335125000016/fy25q3ex991-earningsrelease.htm,dadd6cecdcb2754b906ca3427387db241cd932267082fca420e9b825df3d7ea0;94902a8e10fb44107ce1c34aa89f6b830552c0d7b103b9d61658d9afef73f740,NONE,REVIEW_REQUIRED_EVENT_EVIDENCE,False,refresh_20261009T042704Z_refresh_fundamentals_c7bbcb6dfda4_production_adc49771,2026-10-09T09:00:48Z
731,2025,Q4,25781,2025-06-25,EAT,UNRESOLVED,FINANCIAL_SCOPE_REVIEW_REQUIRED,NO_EXPLICIT_QUARTER_CONSOLIDATED_REVENUE_GAAP_NET_AND_BROAD_P_AND_L_PACKAGE,0000703351-25-000032,8-K,eat-20250807.htm,https://www.sec.gov/Archives/edgar/data/703351/000070335125000032/eat-20250807.htm,2025-08-13T12:08:52Z,766154d5fd8e368280d31b20b7b4544b78aafe745396d1a82c2a46dd7288c6c6,5d3ab9b8045fd0c5db177b820341bf4d446503e50da1ce08c37e9a3df701aa73,862d660b139d915ec93eacca3c8b35e40868ad2be977f2c7f009cb8f09e502ac,2,https://www.sec.gov/Archives/edgar/data/703351/000070335125000032/eat-20250807.htm;https://www.sec.gov/Archives/edgar/data/703351/000070335125000032/fy25q4ex991-earningsrelease.htm,e0f6f1b44a8f6b8dc50c1ab3461a1096c78ddfb4590e2e9583d9b6101bc7f304;6b845a7db5b90cf468356024f93b8c1c653eddb20f3e05b1e13e6ee323780137,NONE,REVIEW_REQUIRED_EVENT_EVIDENCE,False,refresh_20261009T042704Z_refresh_fundamentals_c7bbcb6dfda4_production_adc49771,2026-10-09T09:00:48Z
731,2026,Q1,25782,2025-09-24,EAT,UNRESOLVED,FINANCIAL_SCOPE_REVIEW_REQUIRED,NO_EXPLICIT_QUARTER_CONSOLIDATED_REVENUE_GAAP_NET_AND_BROAD_P_AND_L_PACKAGE,0000703351-25-000044,8-K,eat-20251029.htm,https://www.sec.gov/Archives/edgar/data/703351/000070335125000044/eat-20251029.htm,2025-10-29T12:06:01Z,3b45807a5faefc7875aab37bfdc2175af8e607f00b92b498ad8328406f15b15c,2ac1041a4978f982a6383b9d4bcdb7f1797152f4b5898c12ce873be10e10e600,b0a3a7599b8187f582991637e18ef164a6fdae1b4a0ea271f0b727bced16f8be,2,https://www.sec.gov/Archives/edgar/data/703351/000070335125000044/eat-20251029.htm;https://www.sec.gov/Archives/edgar/data/703351/000070335125000044/fy26q1ex991-earningsrelease.htm,a4459513835a2bb65de7c7084a9f10969161b8733ea2b2deb9c93bd376cebd20;4329c4d343f4f0a4a9e2a0d33b469224d7817cebed845ee0f368c5978ca8e4c2,NONE,REVIEW_REQUIRED_EVENT_EVIDENCE,False,refresh_20261009T042704Z_refresh_fundamentals_c7bbcb6dfda4_production_adc49771,2026-10-09T09:00:48Z
731,2026,Q2,25783,2025-12-24,EAT,UNRESOLVED,FINANCIAL_SCOPE_REVIEW_REQUIRED,NO_EXPLICIT_QUARTER_CONSOLIDATED_REVENUE_GAAP_NET_AND_BROAD_P_AND_L_PACKAGE,0000703351-26-000004,8-K,eat-20260128.htm,https://www.sec.gov/Archives/edgar/data/703351/000070335126000004/eat-20260128.htm,2026-01-28T13:01:54Z,f02bd0ae50f58e5d83fa3b3ca173ef348f5e22199b41cf551829dc2b7c21a084,38b70258e5b9226b2a98c6dfcd65af591dc19083d3a79c7227785ce787eabbfc,10898287f722ff877d8b395da4fd166b1e44c84bc1ecc0862e475d1ad9ff3e86,2,https://www.sec.gov/Archives/edgar/data/703351/000070335126000004/eat-20260128.htm;https://www.sec.gov/Archives/edgar/data/703351/000070335126000004/fy26q2ex991-earningsrelease.htm,274833659ce7a02fca46ae70c43e3c83bfe9c0f7ca37de22fffa0e73666e5736;dc52452dfd46daa47cbd539a0eff9318df565688220ae5c296a5271c2a889fb5,NONE,REVIEW_REQUIRED_EVENT_EVIDENCE,False,refresh_20261009T042704Z_refresh_fundamentals_c7bbcb6dfda4_production_adc49771,2026-10-09T09:00:48Z
754,2025,Q2,26636,2025-06-30,ELDN,UNRESOLVED,FINANCIAL_SCOPE_REVIEW_REQUIRED,NO_EXPLICIT_QUARTER_CONSOLIDATED_REVENUE_GAAP_NET_AND_BROAD_P_AND_L_PACKAGE,0001193125-25-180820,8-K,eldn-20250811.htm,https://www.sec.gov/Archives/edgar/data/1404281/000119312525180820/eldn-20250811.htm,2025-08-14T20:30:29Z,ffc287dcde7320d23cd30f275d52c9e33fbd4c53c8471f907b87bb57a649be78,7bd88e0db32fae23b5535a5c77f93b7a3d286b0b0499e51dd5c75366cfc7f8a3,4ef4e867250ffeba0b371fbb03e3a14005bdc3eae73a53c712170044433d0339,2,https://www.sec.gov/Archives/edgar/data/1404281/000119312525180820/eldn-20250811.htm;https://www.sec.gov/Archives/edgar/data/1404281/000119312525180820/eldn-ex99_1.htm,2fcbb374591c4005c160b40926c07f40c05757c05dac261eac838d203779a3c6;b4bf8d09667ee4fc8d4f1318fe373d1cd66976bf59f21e1f1f6b9f8d12ff5cb0,NONE,REVIEW_REQUIRED_EVENT_EVIDENCE,False,refresh_20261009T042704Z_refresh_fundamentals_c7bbcb6dfda4_production_adc49771,2026-10-09T09:00:48Z
763,2025,Q1,26949,2024-12-31,EMR,UNRESOLVED,FINANCIAL_SCOPE_REVIEW_REQUIRED,NO_EXPLICIT_QUARTER_CONSOLIDATED_REVENUE_GAAP_NET_AND_BROAD_P_AND_L_PACKAGE,0000032604-25-000011,8-K,emr-20250205.htm,https://www.sec.gov/Archives/edgar/data/32604/000003260425000011/emr-20250205.htm,2025-02-05T11:53:35Z,073d4d58c27e02b30c801b64d79b23a357b5f12147029f4104071c5a3a321667,e72eba8fb7dbf7a723654511369380e725257a86eb06df424d1368915ab8fcb8,cdbb29b1f697a4680b0db3cabb88cecd8242c6881677bcd77a2d3318eec8c30d,2,https://www.sec.gov/Archives/edgar/data/32604/000003260425000011/emr-20250205.htm;https://www.sec.gov/Archives/edgar/data/32604/000003260425000011/a2025q1release_ex991.htm,9fd412292abba0788ac6542ed0d7ea17e6829299250a47ee662498ff3eb89ee2;a4c533a32935653d5a4af58cfbed08fadd89f24f0864f64b09a51dcd3b099f1b,NONE,REVIEW_REQUIRED_EVENT_EVIDENCE,False,refresh_20261009T042704Z_refresh_fundamentals_c7bbcb6dfda4_production_adc49771,2026-10-09T09:00:48Z
763,2025,Q2,26950,2025-03-31,EMR,UNRESOLVED,FINANCIAL_SCOPE_REVIEW_REQUIRED,NO_EXPLICIT_QUARTER_CONSOLIDATED_REVENUE_GAAP_NET_AND_BROAD_P_AND_L_PACKAGE,0000032604-25-000061,8-K,emr-20250507.htm,https://www.sec.gov/Archives/edgar/data/32604/000003260425000061/emr-20250507.htm,2025-05-07T10:53:35Z,f8eca725761b253bfb9ad163118070c5092fa19ca5dbf652ab5080f945502446,d3cc8d2cd5cab85a70d7242a579be1cabf5280fb09b1ee56446f15ca78af2afc,cbedf7522a47026776a63398ce6aa62927c663d719ebb121d69cf32c86ec1136,2,https://www.sec.gov/Archives/edgar/data/32604/000003260425000061/emr-20250507.htm;https://www.sec.gov/Archives/edgar/data/32604/000003260425000061/a2025q2release_ex991.htm,4a4f22aef49cc68e3cb93adb4c2a434f8d657bf69dd3f5604815a04194ab56e8;b19e4bf687353c5ed7b2ec1da94be0bc716b6983c73a8a59847d696daaec7471,NONE,REVIEW_REQUIRED_EVENT_EVIDENCE,False,refresh_20261009T042704Z_refresh_fundamentals_c7bbcb6dfda4_production_adc49771,2026-10-09T09:00:48Z
763,2026,Q1,26953,2025-12-31,EMR,UNRESOLVED,FINANCIAL_SCOPE_REVIEW_REQUIRED,NO_EXPLICIT_QUARTER_CONSOLIDATED_REVENUE_GAAP_NET_AND_BROAD_P_AND_L_PACKAGE,0000032604-26-000006,8-K,emr-20260203.htm,https://www.sec.gov/Archives/edgar/data/32604/000003260426000006/emr-20260203.htm,2026-02-03T21:05:35Z,de84c0b4f9baa9a126f91ba6847029fac450917e0fa69465c5b6f1e15ad481c2,84cc8f05e62f29ea179c027a0e25d458a1d26169bcf3dcac4bdf52bc809e5242,491d7af49a67e03c57d137c622db936b520f4e56c03f00f1ae7d95316865bcc7,2,https://www.sec.gov/Archives/edgar/data/32604/000003260426000006/emr-20260203.htm;https://www.sec.gov/Archives/edgar/data/32604/000003260426000006/a2026q1release_ex991.htm,d4f3b176a73bb744da38ad0e6d519abd819c599dbeaa1db70842faffa5788e6c;28763b15d7098f4b8f7cd389200198f0c88344329d8a076e73df5ecd446e9a8c,NONE,REVIEW_REQUIRED_EVENT_EVIDENCE,False,refresh_20261009T042704Z_refresh_fundamentals_c7bbcb6dfda4_production_adc49771,2026-10-09T09:00:48Z
763,2026,Q2,26954,2026-03-31,EMR,UNRESOLVED,FINANCIAL_SCOPE_REVIEW_REQUIRED,NO_EXPLICIT_QUARTER_CONSOLIDATED_REVENUE_GAAP_NET_AND_BROAD_P_AND_L_PACKAGE,0000032604-26-000034,8-K,emr-20260505.htm,https://www.sec.gov/Archives/edgar/data/32604/000003260426000034/emr-20260505.htm,2026-05-05T20:06:11Z,e4033007b9c1c6b1921590b2168ec03f6a7c9af62b604cb28c9fcb829d6b8f22,6d7ca1800a9e92aef9a95e4d9d1e18fecac84a1a93602da0fc2f545ed8e3294a,a93ad3134f61126301b5d47053402fe8f6ed61cd291f60852e8c063d9f07dc2c,3,https://www.sec.gov/Archives/edgar/data/32604/000003260426000034/emr-20260505.htm;https://www.sec.gov/Archives/edgar/data/32604/000003260426000034/a2026q2release_ex991.htm;https://www.sec.gov/Archives/edgar/data/32604/000003260426000034/a2026q2release_ex992.htm,30d4a5e129a2289d4924df44b82b5503ea475886b596dca064503cc8c3f447ea;019fe08edadefef0ffc0a877fa0fbd4570aa035d79c753c0daefbbaac5104430;391f261a8a8dd8bf703bca6f497ece0dcc8e4a1a715844379e1b3f5503f92e64,NONE,REVIEW_REQUIRED_EVENT_EVIDENCE,False,refresh_20261009T042704Z_refresh_fundamentals_c7bbcb6dfda4_production_adc49771,2026-10-09T09:00:48Z
763,2026,Q3,26955,2026-06-30,EMR,UNRESOLVED,FINANCIAL_SCOPE_REVIEW_REQUIRED,NO_EXPLICIT_QUARTER_CONSOLIDATED_REVENUE_GAAP_NET_AND_BROAD_P_AND_L_PACKAGE,0000032604-26-000042,8-K,emr-20260804.htm,https://www.sec.gov/Archives/edgar/data/32604/000003260426000042/emr-20260804.htm,2026-08-04T20:05:37Z,0118c7758ed72fbe8eabf0ee1acaf926f123967d3d0ac71f39a0637f4a3e2895,47d3d49ac4cce416933ea645bf55afdec2b83fd0aba1c6d1118c525dbbbcf943,cb4d0585f73db4c59fb302a7a72bf29fa3720714ffcf832561d589e8f1c2410f,2,https://www.sec.gov/Archives/edgar/data/32604/000003260426000042/emr-20260804.htm;https://www.sec.gov/Archives/edgar/data/32604/000003260426000042/a2026q3release_ex991.htm,d51e1920388b2600a5b298a514df8cc255cbfb620b6d15e23d8cf324ce011d65;5e9f6668c4442bc0140eebc2f29d208a511cfc2b2a205be1ec677fe59472c1dc,NONE,REVIEW_REQUIRED_EVENT_EVIDENCE,False,refresh_20261009T042704Z_refresh_fundamentals_c7bbcb6dfda4_production_adc49771,2026-10-09T09:00:48Z
780,2025,Q1,27583,2024-12-31,EPC,UNRESOLVED,FINANCIAL_SCOPE_REVIEW_REQUIRED,NO_EXPLICIT_QUARTER_CONSOLIDATED_REVENUE_GAAP_NET_AND_BROAD_P_AND_L_PACKAGE,0001628280-25-004510,8-K,epc-20250206.htm,https://www.sec.gov/Archives/edgar/data/1096752/000162828025004510/epc-20250206.htm,2025-02-10T11:18:19Z,7c5c3b607359a35e94e2fe91aec43a5db5d7b86b5479164baaba91397eed5691,f0ae86f9a5619ba0da595421ef4fbf4ac2c2f98f7ffbc52e2b10dccd960be995,e22202516b3138da87539737ac45450c28bb927ee7647722dda8b275d82015e1,2,https://www.sec.gov/Archives/edgar/data/1096752/000162828025004510/epc-20250206.htm;https://www.sec.gov/Archives/edgar/data/1096752/000162828025004510/epcexhibit99112312024.htm,5220f690ff616a3b2bbf849ef80f77ff49782127ea9b88713f5dceaa47816b83;d3ba92d40b785807bfb2de3987c257cb4100a0784dea2726d575e42b4ad1d28a,NONE,REVIEW_REQUIRED_EVENT_EVIDENCE,False,refresh_20261009T042704Z_refresh_fundamentals_c7bbcb6dfda4_production_adc49771,2026-10-09T09:00:48Z
780,2025,Q2,27584,2025-03-31,EPC,UNRESOLVED,PROPOSED_REVIEWED_EVENT_OBSERVATION,EXPLICIT_QUARTER_CONSOLIDATED_EARNINGS_STATEMENT_AND_REGISTRANT_RESULTS_ANNOUNCEMENT,0001628280-25-022844,8-K,epc-20250507.htm,https://www.sec.gov/Archives/edgar/data/1096752/000162828025022844/epc-20250507.htm,2025-05-07T10:06:10Z,d5de3f9865bdc97421fbda8273e5dce1ed42b15dd03c4980a362bb3fa00393c4,93374d5dd5a084abfeb2ad791ad61fb6cae53860f673f55363f0c0194333401e,f49cca6ca18de2f494056ac3fc00472da6a90e801c43daa55529a3b43bfcf6be,2,https://www.sec.gov/Archives/edgar/data/1096752/000162828025022844/epc-20250507.htm;https://www.sec.gov/Archives/edgar/data/1096752/000162828025022844/epcexhibit99103312025.htm,a32c9a01863d83ea7b16fffff73f1615403f0a1cd79d9d97889ff54feeeb9b83;a1b782fbe096b85badeba1c70b3af74226b773d75d13004ac69475e3367fdde8,NONE,REVIEW_REQUIRED_EVENT_EVIDENCE,False,refresh_20261009T042704Z_refresh_fundamentals_c7bbcb6dfda4_production_adc49771,2026-10-09T09:00:48Z
780,2025,Q3,27585,2025-06-30,EPC,UNRESOLVED,PROPOSED_REVIEWED_EVENT_OBSERVATION,EXPLICIT_QUARTER_CONSOLIDATED_EARNINGS_STATEMENT_AND_REGISTRANT_RESULTS_ANNOUNCEMENT,0001628280-25-037579,8-K,epc-20250805.htm,https://www.sec.gov/Archives/edgar/data/1096752/000162828025037579/epc-20250805.htm,2025-08-05T10:11:29Z,e916fd344e77d27cb5f569b9d634c7793f639d186649ea15f457b036d001cee1,afddebe97647d1ae614b42e8091339598aa881d678eea15c4429dcf686dd08be,483ae094031151a895be3d9b28e949773dc3a198d9ca81d9b598583de04071ae,2,https://www.sec.gov/Archives/edgar/data/1096752/000162828025037579/epc-20250805.htm;https://www.sec.gov/Archives/edgar/data/1096752/000162828025037579/epcexhibit99106302025.htm,022e1592e94c7140e7089426cf43c1f48cf1fe952b9733bda302f6129c653cc8;0b986ffb11997178942ebf90719534ed5cb814c7d64292d8d32b9562ae2ab5b2,NONE,REVIEW_REQUIRED_EVENT_EVIDENCE,False,refresh_20261009T042704Z_refresh_fundamentals_c7bbcb6dfda4_production_adc49771,2026-10-09T09:00:48Z
780,2026,Q2,27588,2026-03-31,EPC,UNRESOLVED,FINANCIAL_SCOPE_REVIEW_REQUIRED,NO_EXPLICIT_QUARTER_CONSOLIDATED_REVENUE_GAAP_NET_AND_BROAD_P_AND_L_PACKAGE,0001628280-26-030870,8-K,epc-20260506.htm,https://www.sec.gov/Archives/edgar/data/1096752/000162828026030870/epc-20260506.htm,2026-05-06T10:14:58Z,f1a0e791b441dd0fd1e5ebeb9de0e768a60ab35fbe31d71abec7d069f84fed47,4f70ad49591ea9fc095ef497a6778d155a9a62f7b13fab0ffa52bbb7d699a8d1,38388b453c49a7aa433354d53a54f9b23c61ccc8c8977c859dea9f493e87df5d,2,https://www.sec.gov/Archives/edgar/data/1096752/000162828026030870/epc-20260506.htm;https://www.sec.gov/Archives/edgar/data/1096752/000162828026030870/epcexhibit99103312026.htm,0d40a51407e5816ff70dbeb086dae5ff80528dc9305644ec905612b8eca76bb9;f58f8ff17cf1b9cdfb9fd9cd8a62475f1c0378c8d545a4bf9eb39f8f365794ff,NONE,REVIEW_REQUIRED_EVENT_EVIDENCE,False,refresh_20261009T042704Z_refresh_fundamentals_c7bbcb6dfda4_production_adc49771,2026-10-09T09:00:48Z
780,2026,Q3,27589,2026-06-30,EPC,UNRESOLVED,PROPOSED_REVIEWED_EVENT_OBSERVATION,EXPLICIT_QUARTER_CONSOLIDATED_EARNINGS_STATEMENT_AND_REGISTRANT_RESULTS_ANNOUNCEMENT,0001628280-26-052881,8-K,epc-20260805.htm,https://www.sec.gov/Archives/edgar/data/1096752/000162828026052881/epc-20260805.htm,2026-08-05T10:10:48Z,fd7a9236537521c2bbbdeef1887884e1a947f50c27c1a9f58637d317f8f859fc,aa7d2916f53f4f4ee6a4735be929b7eee3466ff47d37d0e86a8cc954dff8f6f4,38b5c4e1786c1ed7baed1d8a81d14ea5d58dc97ce6751c1bbd7ef35213c54196,2,https://www.sec.gov/Archives/edgar/data/1096752/000162828026052881/epc-20260805.htm;https://www.sec.gov/Archives/edgar/data/1096752/000162828026052881/q3fy26-epcexhibit991.htm,9ab56266e078b9cfb434a8eaeaf9fea7a32354f92039334a03ebd53be204791a;b7561beda6935b0fb93f995bed27259e1facfd84dc48f28b0081a7f3445722b2,NONE,REVIEW_REQUIRED_EVENT_EVIDENCE,False,refresh_20261009T042704Z_refresh_fundamentals_c7bbcb6dfda4_production_adc49771,2026-10-09T09:00:48Z
783,2025,Q1,27700,2025-03-31,EPRT,NOT_FOUND,FINANCIAL_SCOPE_REVIEW_REQUIRED,NO_EXPLICIT_QUARTER_CONSOLIDATED_REVENUE_GAAP_NET_AND_BROAD_P_AND_L_PACKAGE,0001728951-25-000080,8-K,eprt-20250423.htm,https://www.sec.gov/Archives/edgar/data/1728951/000172895125000080/eprt-20250423.htm,2025-04-23T20:17:20Z,bb51cb1d64714549620b2ae3aa2f20d282657c6403760cd9fc157f8849fe5290,e9be686b7d55ba1bc6ed035f0b452d7939dc421cd20fd59b03b4d1c91f809521,ac80502772f01e291daf4c98b67ba3ca678bc1ade13e700a53f64e1f21f6883c,1,https://www.sec.gov/Archives/edgar/data/1728951/000172895125000080/eprt-20250423.htm,983548317f1a0eef74f941524535bebfd037ab28105ab1225520cc3d3616799f,NONE,REVIEW_REQUIRED_EVENT_EVIDENCE,False,refresh_20261009T042704Z_refresh_fundamentals_c7bbcb6dfda4_production_adc49771,2026-10-09T09:00:48Z
783,2025,Q2,27701,2025-06-30,EPRT,NOT_FOUND,PERIOD_SCOPE_REVIEW_REQUIRED,NO_EXPLICIT_QUARTER_END_MATCH_IN_RETAINED_RESULTS_CONTENT,0001728951-25-000146,8-K,eprt-20250723.htm,https://www.sec.gov/Archives/edgar/data/1728951/000172895125000146/eprt-20250723.htm,2025-07-23T20:34:53Z,cee564a1798712a712626a1a1536fef470359636f0be1f4028d7361c0ccd3daf,1f32385112a905e4bcc727d3f8705b76889a91a025cc10438e7b7debae398319,2507e17641658ea57c35f175e81521f8e4757b65060e143232eb3b8a2eb7cbc4,1,https://www.sec.gov/Archives/edgar/data/1728951/000172895125000146/eprt-20250723.htm,d8363e4be560b332560edf8640346296114722fdf7ba4f7e014afb665123e557,NONE,REVIEW_REQUIRED_EVENT_EVIDENCE,False,refresh_20261009T042704Z_refresh_fundamentals_c7bbcb6dfda4_production_adc49771,2026-10-09T09:00:48Z
783,2025,Q3,27702,2025-09-30,EPRT,NOT_FOUND,PERIOD_SCOPE_REVIEW_REQUIRED,NO_EXPLICIT_QUARTER_END_MATCH_IN_RETAINED_RESULTS_CONTENT,0001728951-25-000175,8-K,eprt-20251022.htm,https://www.sec.gov/Archives/edgar/data/1728951/000172895125000175/eprt-20251022.htm,2025-10-22T20:11:15Z,e76152f460c8fdd419f2b378738745981ef523867f16ee7ddc33698274de8c8b,ba15a1be3156d8c3299bb5e89decec0644fe0bb803691952b0dff174265e2e7a,825b3d2e4f5483f9b9ee1db0babf82bf47f7e201f35e0cf29657b0a11841e212,1,https://www.sec.gov/Archives/edgar/data/1728951/000172895125000175/eprt-20251022.htm,c8ebc3a1bbef639289eec5864187aa8dc4ed7b18d412dd1b1d03a3adf0a2a102,NONE,REVIEW_REQUIRED_EVENT_EVIDENCE,False,refresh_20261009T042704Z_refresh_fundamentals_c7bbcb6dfda4_production_adc49771,2026-10-09T09:00:48Z
783,2025,Q4,27703,2025-12-31,EPRT,NOT_FOUND,PERIOD_SCOPE_REVIEW_REQUIRED,NO_EXPLICIT_QUARTER_END_MATCH_IN_RETAINED_RESULTS_CONTENT,0001728951-26-000004,8-K,eprt-20260211.htm,https://www.sec.gov/Archives/edgar/data/1728951/000172895126000004/eprt-20260211.htm,2026-02-11T21:19:19Z,f955d14c6e464d7439bb2d1a17afb943fa27832917e85f349df086eeeb5d83a7,dda0aa997a06f6815ef8db6ee148e149b4c220118e69f888fb3f81debc437ae8,6df13d5925e2cac1f874e30bf5312b0b4a6a5a7fc43796da6ddf3b8575a15794,1,https://www.sec.gov/Archives/edgar/data/1728951/000172895126000004/eprt-20260211.htm,669778935ea8d2d7a4979507136eef174f611955d5a6b81bc158fbe3942ed9c7,NONE,REVIEW_REQUIRED_EVENT_EVIDENCE,False,refresh_20261009T042704Z_refresh_fundamentals_c7bbcb6dfda4_production_adc49771,2026-10-09T09:00:48Z
783,2026,Q1,27704,2026-03-31,EPRT,NOT_FOUND,FINANCIAL_SCOPE_REVIEW_REQUIRED,NO_EXPLICIT_QUARTER_CONSOLIDATED_REVENUE_GAAP_NET_AND_BROAD_P_AND_L_PACKAGE,0001728951-26-000028,8-K,eprt-20260422.htm,https://www.sec.gov/Archives/edgar/data/1728951/000172895126000028/eprt-20260422.htm,2026-04-22T20:13:20Z,848c8d064edc9af42d61a40c757ae2908486bbd01c67de3a36cab90784be7c30,3738eab13f503004f9ea546270e1e98f41bf6e2f0d04565f8a2ba9131d01fbd6,81584bec202fc9aef120c08a40f6a58a92c3bf5bf9df7aaa45fdb73bdbd600f2,1,https://www.sec.gov/Archives/edgar/data/1728951/000172895126000028/eprt-20260422.htm,4f03c97d90446fd279fa7a7c799d1fea937c396c0ea45a646057711c05695a39,NONE,REVIEW_REQUIRED_EVENT_EVIDENCE,False,refresh_20261009T042704Z_refresh_fundamentals_c7bbcb6dfda4_production_adc49771,2026-10-09T09:00:48Z
783,2026,Q2,27705,2026-06-30,EPRT,NOT_FOUND,PERIOD_SCOPE_REVIEW_REQUIRED,NO_EXPLICIT_QUARTER_END_MATCH_IN_RETAINED_RESULTS_CONTENT,0001728951-26-000049,8-K,eprt-20260722.htm,https://www.sec.gov/Archives/edgar/data/1728951/000172895126000049/eprt-20260722.htm,2026-07-22T20:16:42Z,fdfbab55c92bb85e8afaccc94334887a2938bdee47d9693b11a76a962064a5e5,167c1b45961b625f565996fca696624c7ff883bbe0df8ed80f2895c5ce40fa67,05921bcc217dead78dcb893622157be440941773f52826106a579dfced20fefb,1,https://www.sec.gov/Archives/edgar/data/1728951/000172895126000049/eprt-20260722.htm,523e1ba8874a37a9958168adbc8c488dbdec3e74f02465356a783969c100c948,NONE,REVIEW_REQUIRED_EVENT_EVIDENCE,False,refresh_20261009T042704Z_refresh_fundamentals_c7bbcb6dfda4_production_adc49771,2026-10-09T09:00:48Z
784,2025,Q2,27733,2025-06-30,EPSN,UNRESOLVED,FINANCIAL_SCOPE_REVIEW_REQUIRED,NO_EXPLICIT_QUARTER_CONSOLIDATED_REVENUE_GAAP_NET_AND_BROAD_P_AND_L_PACKAGE,0001558370-25-011397,8-K,epsn-20250811x8k.htm,https://www.sec.gov/Archives/edgar/data/1726126/000155837025011397/epsn-20250811x8k.htm,2025-08-13T20:39:37Z,2b1d7309929a24391a9e93173cffb0650a8dd73c9acca55983447c0fb4bbf405,dbc9b490cd1f47149ddcaa5cf672704770450fce60942379773233a4dc240170,e36e9147a6f368bd45f12eabd64703f93f1134298876ce80ba2ad3325c264565,2,https://www.sec.gov/Archives/edgar/data/1726126/000155837025011397/epsn-20250811x8k.htm;https://www.sec.gov/Archives/edgar/data/1726126/000155837025011397/epsn-20250811xex99d1.htm,7c5b91babfc62794710f05a413974a68a712a9d3fe986efa574dba5c8c97d787;73e31b9c52923af0e869c69fa15d46bcf7517ac0eef9ae88ee59fe909f501447,NONE,REVIEW_REQUIRED_EVENT_EVIDENCE,False,refresh_20261009T042704Z_refresh_fundamentals_c7bbcb6dfda4_production_adc49771,2026-10-09T09:00:48Z
806,2026,Q2,28567,2026-06-30,ETSY,UNRESOLVED,FINANCIAL_SCOPE_REVIEW_REQUIRED,NO_EXPLICIT_QUARTER_CONSOLIDATED_REVENUE_GAAP_NET_AND_BROAD_P_AND_L_PACKAGE,0001370637-26-000079,8-K,etsy-20260803.htm,https://www.sec.gov/Archives/edgar/data/1370637/000137063726000079/etsy-20260803.htm,2026-08-06T00:06:57Z,42e8f9d8160cd3d8a3844d0c20e1f09df6d38bc162828ef3159098c16d5da919,13d5a34ac33272448066503d76fa97b9c8f1537670cc4b29c8e0eeabb76bd9b0,c64b02c4d667118600cdada725a791311b51e373d198d2d0d94b759e0b0de708,1,https://www.sec.gov/Archives/edgar/data/1370637/000137063726000079/etsy-20260803.htm,07310cc71cfa3fb23bc66e61bbdb862db534c333282b6e54fd8ebc40a9b6127b,NONE,REVIEW_REQUIRED_EVENT_EVIDENCE,False,refresh_20261009T042704Z_refresh_fundamentals_c7bbcb6dfda4_production_adc49771,2026-10-09T09:00:48Z
835,2026,Q2,29570,2026-06-30,FAST,UNRESOLVED,PROPOSED_REVIEWED_EVENT_OBSERVATION,EXPLICIT_QUARTER_CONSOLIDATED_EARNINGS_STATEMENT_AND_REGISTRANT_RESULTS_ANNOUNCEMENT,0000815556-26-000037,8-K,fast-20260714.htm,https://www.sec.gov/Archives/edgar/data/815556/000081555626000037/fast-20260714.htm,2026-07-14T12:01:18Z,b41d8fb3286f91fdafca73f04c630af815f502e9e898ef326dda0f4357f04ec3,795688e7ee33aadb3d23fe2a5731944299de7c6437a6131059eb493c9b1b68e6,ce65c1fcc037d8ff6daed221fe963073b5b4f2542a1fed5777cf707f012dccf4,2,https://www.sec.gov/Archives/edgar/data/815556/000081555626000037/fast-20260714.htm;https://www.sec.gov/Archives/edgar/data/815556/000081555626000037/ex_99106302026earningsrele.htm,814720684eecba8842cdd15db99713c36243fbd83c1029b41993c725a959a5b1;4e0b3baf1f2d81383f18d57968021a3523ee1ad65645cb3ccfdc690ba5401280,NONE,REVIEW_REQUIRED_EVENT_EVIDENCE,False,refresh_20261009T042704Z_refresh_fundamentals_c7bbcb6dfda4_production_adc49771,2026-10-09T09:00:48Z
852,2025,Q1,30226,2025-03-31,FF,NOT_FOUND,FINANCIAL_SCOPE_REVIEW_REQUIRED,NO_EXPLICIT_QUARTER_CONSOLIDATED_REVENUE_GAAP_NET_AND_BROAD_P_AND_L_PACKAGE,0001437749-25-016124,8-K,ff20250415_8k.htm,https://www.sec.gov/Archives/edgar/data/1337298/000143774925016124/ff20250415_8k.htm,2025-05-12T20:15:16Z,4f00a4972a9bb7da78a67aedb1c038f66c31fe1413168719ac8933c85286f1ae,f20d59891c67c076506490b3aa480f95204ddc86e6d7a2a62fce97ebcee47784,425704c953f565ad0b97576fc9a205f9df6b6bd9e844c987dd4af72be3c17246,1,https://www.sec.gov/Archives/edgar/data/1337298/000143774925016124/ff20250415_8k.htm,36f4478c1e630699aada316b0ab270cc6efdec62e87e4ab87149db6ee7097407,NONE,REVIEW_REQUIRED_EVENT_EVIDENCE,False,refresh_20261009T042704Z_refresh_fundamentals_c7bbcb6dfda4_production_adc49771,2026-10-09T09:00:48Z
852,2025,Q2,30227,2025-06-30,FF,NOT_FOUND,FINANCIAL_SCOPE_REVIEW_REQUIRED,NO_EXPLICIT_QUARTER_CONSOLIDATED_REVENUE_GAAP_NET_AND_BROAD_P_AND_L_PACKAGE,0001437749-25-025924,8-K,ff20250529_8k.htm,https://www.sec.gov/Archives/edgar/data/1337298/000143774925025924/ff20250529_8k.htm,2025-08-11T20:06:42Z,fad23f8ec3487666b79b4219ca1b41123ebba447dec22590fc2190fef2be756a,238c5fd2241e9f078f9dbdcb4ed72d62daf7357a45e0af1ccdcbfe17e0ecb870,c85820d121d2c9112debc3c6533a3b42d9857adc2c79270b9e6d91b04c917e2b,1,https://www.sec.gov/Archives/edgar/data/1337298/000143774925025924/ff20250529_8k.htm,b29a91228ca416b483ea9db6f57f56582a26e62a5578a24c0b0c578184eee757,NONE,REVIEW_REQUIRED_EVENT_EVIDENCE,False,refresh_20261009T042704Z_refresh_fundamentals_c7bbcb6dfda4_production_adc49771,2026-10-09T09:00:48Z
852,2025,Q3,30228,2025-09-30,FF,NOT_FOUND,FINANCIAL_SCOPE_REVIEW_REQUIRED,NO_EXPLICIT_QUARTER_CONSOLIDATED_REVENUE_GAAP_NET_AND_BROAD_P_AND_L_PACKAGE,0001437749-25-034099,8-K,ff20250821_8k.htm,https://www.sec.gov/Archives/edgar/data/1337298/000143774925034099/ff20250821_8k.htm,2025-11-10T21:13:05Z,525bd6c53b1ce7eaf762b7ffe2c7dee4479d8e46c98397588575f2053c7eabe0,6045bc4bf13ec391ce79f6355fe6b01bfbe7c474a2ab1c5bff5c06f4a6855f5c,5b07f8619c48dfbc84fd47c6754dba372b448eef361251d30608619ac137d2a4,1,https://www.sec.gov/Archives/edgar/data/1337298/000143774925034099/ff20250821_8k.htm,ab8602233bd652a1e67a85ebddfd509811dfea31f678f6dd8d56b096f5158532,NONE,REVIEW_REQUIRED_EVENT_EVIDENCE,False,refresh_20261009T042704Z_refresh_fundamentals_c7bbcb6dfda4_production_adc49771,2026-10-09T09:00:48Z
852,2025,Q4,30229,2025-12-31,FF,NOT_FOUND,PERIOD_SCOPE_REVIEW_REQUIRED,NO_EXPLICIT_QUARTER_END_MATCH_IN_RETAINED_RESULTS_CONTENT,0001437749-26-008407,8-K,ff20251111c_8k.htm,https://www.sec.gov/Archives/edgar/data/1337298/000143774926008407/ff20251111c_8k.htm,2026-03-16T20:08:46Z,64402d48e15c4ed1a6396903bf25c1ee31b7340e3c165f022001767465111664,5f73df7c928f9a18f197925ca7e68dfc6147d7880c6130f5c4f6e1ed1ee7f248,642cd9ce1944bdb8cda5e65cf74b9b3bc92bf8ef28828b126bf66383f9f29c01,1,https://www.sec.gov/Archives/edgar/data/1337298/000143774926008407/ff20251111c_8k.htm,0078da3ff4dbb91b931ec742f70eb8b6a67dfcee0454ab26aefdb351a7d7de97,NONE,REVIEW_REQUIRED_EVENT_EVIDENCE,False,refresh_20261009T042704Z_refresh_fundamentals_c7bbcb6dfda4_production_adc49771,2026-10-09T09:00:48Z
885,2025,Q1,31391,2025-03-31,FOUR,NOT_FOUND,FINANCIAL_SCOPE_REVIEW_REQUIRED,NO_EXPLICIT_QUARTER_CONSOLIDATED_REVENUE_GAAP_NET_AND_BROAD_P_AND_L_PACKAGE,0001794669-25-000017,8-K,four-20250429.htm,https://www.sec.gov/Archives/edgar/data/1794669/000179466925000017/four-20250429.htm,2025-04-29T11:14:56Z,e686e2fe53082cc84922be62d5b7cb90dcc896343fd51968337b13ffe6fe3327,0edeed6b1eb1d00edf0e69a6b4285483159173e756e1e1e5d996d7e5bf2ef84c,f87124645b93e725894cc36ba3607e78bc61a491e4f17fd730e8f2c63c5ccb22,1,https://www.sec.gov/Archives/edgar/data/1794669/000179466925000017/four-20250429.htm,73c54f653c36b85a199b9deb1b20d3a25f84bd0d5963dca9abf7d32c68871357,NONE,REVIEW_REQUIRED_EVENT_EVIDENCE,False,refresh_20261009T042704Z_refresh_fundamentals_c7bbcb6dfda4_production_adc49771,2026-10-09T09:00:48Z
885,2025,Q3,31393,2025-09-30,FOUR,NOT_FOUND,FINANCIAL_SCOPE_REVIEW_REQUIRED,NO_EXPLICIT_QUARTER_CONSOLIDATED_REVENUE_GAAP_NET_AND_BROAD_P_AND_L_PACKAGE,0001794669-25-000033,8-K,four-20251106.htm,https://www.sec.gov/Archives/edgar/data/1794669/000179466925000033/four-20251106.htm,2025-11-06T12:04:18Z,e4ee57c94d5a39719e275272d3b8431af2d9590a93e331d5d273c268fd6c4e9b,df6a5fbe18d65283df4c162850310fa1edc1779b6d8fe951acd7ad51ad84f7da,270a4c4dac2c93556e84b04399f2a170fb676a3edb042199399c5aba7621bcfd,1,https://www.sec.gov/Archives/edgar/data/1794669/000179466925000033/four-20251106.htm,acfceb83171f468bca48c82a1de965b642120e50d72f9ccb22c705c93a66da85,NONE,REVIEW_REQUIRED_EVENT_EVIDENCE,False,refresh_20261009T042704Z_refresh_fundamentals_c7bbcb6dfda4_production_adc49771,2026-10-09T09:00:48Z
885,2025,Q4,31394,2025-12-31,FOUR,NOT_FOUND,PERIOD_SCOPE_REVIEW_REQUIRED,NO_EXPLICIT_QUARTER_END_MATCH_IN_RETAINED_RESULTS_CONTENT,0001794669-26-000006,8-K,four-20260226.htm,https://www.sec.gov/Archives/edgar/data/1794669/000179466926000006/four-20260226.htm,2026-02-26T12:03:04Z,98e81cd599a7b6817c25d98d3f0c2c6f690657308f830d49fcfef81ec5b535ed,436b3106dc13af1d4c6004676108a08bb3c32622561c7c1fad71c2c98a47685c,b07324e800937b94870c088ead381dafd3f2ff9189e112e291d3789af17fe8a6,1,https://www.sec.gov/Archives/edgar/data/1794669/000179466926000006/four-20260226.htm,e48fa8b1b59be2ef2f567d7b9cb0eb7bf333608b69dec8adaa7984736234bfa6,NONE,REVIEW_REQUIRED_EVENT_EVIDENCE,False,refresh_20261009T042704Z_refresh_fundamentals_c7bbcb6dfda4_production_adc49771,2026-10-09T09:00:48Z
885,2026,Q1,31395,2026-03-31,FOUR,NOT_FOUND,FINANCIAL_SCOPE_REVIEW_REQUIRED,NO_EXPLICIT_QUARTER_CONSOLIDATED_REVENUE_GAAP_NET_AND_BROAD_P_AND_L_PACKAGE,0001794669-26-000018,8-K,four-20260507.htm,https://www.sec.gov/Archives/edgar/data/1794669/000179466926000018/four-20260507.htm,2026-05-07T11:02:34Z,4223bf8ceb399744bb422da76914d567cd842972d9274334f9a9e09c21ab6c80,87efa1376e1160af1054ad60bf1a8785ac11295ddd243b7b646e3458721555a1,4b5a88bf9190c363d34c87b09dfb6c7c3e753bbc897fba8572490426755effba,1,https://www.sec.gov/Archives/edgar/data/1794669/000179466926000018/four-20260507.htm,24018969b24b98a08ad0f8eea222a46add77001f42875927f231e0a1b15f1a7e,NONE,REVIEW_REQUIRED_EVENT_EVIDENCE,False,refresh_20261009T042704Z_refresh_fundamentals_c7bbcb6dfda4_production_adc49771,2026-10-09T09:00:48Z
885,2026,Q2,31396,2026-06-30,FOUR,NOT_FOUND,FINANCIAL_SCOPE_REVIEW_REQUIRED,NO_EXPLICIT_QUARTER_CONSOLIDATED_REVENUE_GAAP_NET_AND_BROAD_P_AND_L_PACKAGE,0001794669-26-000042,8-K,four-20260806.htm,https://www.sec.gov/Archives/edgar/data/1794669/000179466926000042/four-20260806.htm,2026-08-06T11:06:12Z,b5ad68b84cb122a4c484f69ac3dc29d3b5402cffcd4d96df6b5b144be9386abf,5ef04ce5fd3e1d5a1020f322114a666d02e07d74be1832ae4c9a3957309aa9c1,4e43b3eb968ad3c42a1ffdd9732b0e8a3b9d92eaa3f53c83b808f78c78ebf7dd,2,https://www.sec.gov/Archives/edgar/data/1794669/000179466926000042/four-20260806.htm;https://www.sec.gov/Archives/edgar/data/1794669/000179466926000042/ex991q2.htm,2f67c011f4efd8f1bec4eebbe334d7baaa19d8a228a6bc40843b35828dfa1a0c;d3cff7a138a5856188cb71b9b55a40524924d0fd289dfc297f67ca56fa50adac,NONE,REVIEW_REQUIRED_EVENT_EVIDENCE,False,refresh_20261009T042704Z_refresh_fundamentals_c7bbcb6dfda4_production_adc49771,2026-10-09T09:00:48Z
911,2025,Q1,32301,2025-03-30,FUN,UNRESOLVED,FINANCIAL_SCOPE_REVIEW_REQUIRED,NO_EXPLICIT_QUARTER_CONSOLIDATED_REVENUE_GAAP_NET_AND_BROAD_P_AND_L_PACKAGE,0001999001-25-000100,8-K,fun-20250508.htm,https://www.sec.gov/Archives/edgar/data/1999001/000199900125000100/fun-20250508.htm,2025-05-08T12:49:48Z,53b0896c4b75b5b5d82b68149236e3a64449da276012c4d058cde7239e7a3444,4b3302561cb4487f1aa247346e538c93f44c978cec4f59d01b513001e57d2aa4,98ab618c11278f7ddfced8313bc6597bd3e018be2af397cbc5092b07090cf340,2,https://www.sec.gov/Archives/edgar/data/1999001/000199900125000100/fun-20250508.htm;https://www.sec.gov/Archives/edgar/data/1999001/000199900125000100/sixflags-exh991xq12025.htm,98200f257f24c1c501ee2fd9956a2691b08ba360ecba89e6e27f741b0e6f5418;23b54d77142e42b9da1558cdf138cdfdcfb0107dc308188dc483d532a737f784,NONE,REVIEW_REQUIRED_EVENT_EVIDENCE,False,refresh_20261009T042704Z_refresh_fundamentals_c7bbcb6dfda4_production_adc49771,2026-10-09T09:00:48Z
911,2026,Q2,32306,2026-06-28,FUN,UNRESOLVED,FINANCIAL_SCOPE_REVIEW_REQUIRED,NO_EXPLICIT_QUARTER_CONSOLIDATED_REVENUE_GAAP_NET_AND_BROAD_P_AND_L_PACKAGE,0001999001-26-000094,8-K,fun-20260806.htm,https://www.sec.gov/Archives/edgar/data/1999001/000199900126000094/fun-20260806.htm,2026-08-06T11:25:45Z,008e6e85f5ad39e907db74cd1980d01fbb28f1e8a8866a0908c0d795df6828fe,e11e6488be8c6a06e1e4305704a0d16233a01a093668fbec4be1a241d96da9fb,def01193da6f83b69ecaef63b9b9340e849eee07cfc50ae7d3b9d38d9889d4f7,2,https://www.sec.gov/Archives/edgar/data/1999001/000199900126000094/fun-20260806.htm;https://www.sec.gov/Archives/edgar/data/1999001/000199900126000094/sixflags-exh991xq22026.htm,52dbe2d1fe18116764416065b21c5f33bcbd7fbf61e68f613554ee1ab6713bd1;c2a1a758d3a17f7054e882bb401c134266de4b7b06ac9a743ebd57f94867a0b0,NONE,REVIEW_REQUIRED_EVENT_EVIDENCE,False,refresh_20261009T042704Z_refresh_fundamentals_c7bbcb6dfda4_production_adc49771,2026-10-09T09:00:48Z
914,2025,Q1,32405,2025-03-30,FWRG,NOT_FOUND,FINANCIAL_SCOPE_REVIEW_REQUIRED,NO_EXPLICIT_QUARTER_CONSOLIDATED_REVENUE_GAAP_NET_AND_BROAD_P_AND_L_PACKAGE,0001789940-25-000040,8-K,fwrg-20250506.htm,https://www.sec.gov/Archives/edgar/data/1789940/000178994025000040/fwrg-20250506.htm,2025-05-06T11:04:57Z,890b43b4b4a4b8e36e996f0ab05c5763aa4e4b5f74598462e5370e3b035198a4,b3a7707aa7e08b131a2ef8d425b2a122a90d31f555f8d38db1ff7bcb11f4a10b,827ddae19e201313298fd7a53a755ffff9ec4de7749020d07d4cb6867dbd6b0f,1,https://www.sec.gov/Archives/edgar/data/1789940/000178994025000040/fwrg-20250506.htm,c4f07c51e060b904a98d6ecff7ea8b5c5edc8f2a7efe808504a9b39402719dd1,NONE,REVIEW_REQUIRED_EVENT_EVIDENCE,False,refresh_20261009T042704Z_refresh_fundamentals_c7bbcb6dfda4_production_adc49771,2026-10-09T09:00:48Z
914,2025,Q2,32406,2025-06-29,FWRG,NOT_FOUND,FINANCIAL_SCOPE_REVIEW_REQUIRED,NO_EXPLICIT_QUARTER_CONSOLIDATED_REVENUE_GAAP_NET_AND_BROAD_P_AND_L_PACKAGE,0001789940-25-000071,8-K,fwrg-20250805.htm,https://www.sec.gov/Archives/edgar/data/1789940/000178994025000071/fwrg-20250805.htm,2025-08-05T11:03:13Z,f689d3c7756970eec3411f1d96a5ff7813670de04f397f6ed9ef154cfe7636a4,5b837055c8e9eba187b7679568b7a986e349f246ac760a35238f4028b0db27b5,d28fd1c52e1612f4b90993d85f87408c65af206bb18042a8841b2dac49fc8d0b,1,https://www.sec.gov/Archives/edgar/data/1789940/000178994025000071/fwrg-20250805.htm,d86f18735ef7f9fd10f9ff9b3f3af342e604c551816d3e3ea605aacb30a1c30c,NONE,REVIEW_REQUIRED_EVENT_EVIDENCE,False,refresh_20261009T042704Z_refresh_fundamentals_c7bbcb6dfda4_production_adc49771,2026-10-09T09:00:48Z
914,2026,Q1,32409,2026-03-29,FWRG,NOT_FOUND,FINANCIAL_SCOPE_REVIEW_REQUIRED,NO_EXPLICIT_QUARTER_CONSOLIDATED_REVENUE_GAAP_NET_AND_BROAD_P_AND_L_PACKAGE,0001789940-26-000059,8-K,fwrg-20260505.htm,https://www.sec.gov/Archives/edgar/data/1789940/000178994026000059/fwrg-20260505.htm,2026-05-05T11:02:25Z,481dea53d90bf7bd2c6381777ff2255b9e6097ab0d8942d3bab4baaa56f4c1ea,923660ec798b8c44eae149a8fc470ec4e3ab9fc6525d6361105937e196468636,a2e60e34a0fd3070084fea395da65331b7a6cbcdbd382ef5219ae7171a192359,1,https://www.sec.gov/Archives/edgar/data/1789940/000178994026000059/fwrg-20260505.htm,4c88f754070b15f64092f8343a2bad325750c9a2b7c930fc1bdfef27c7bff805,NONE,REVIEW_REQUIRED_EVENT_EVIDENCE,False,refresh_20261009T042704Z_refresh_fundamentals_c7bbcb6dfda4_production_adc49771,2026-10-09T09:00:48Z
914,2026,Q2,32410,2026-06-28,FWRG,NOT_FOUND,FINANCIAL_SCOPE_REVIEW_REQUIRED,NO_EXPLICIT_QUARTER_CONSOLIDATED_REVENUE_GAAP_NET_AND_BROAD_P_AND_L_PACKAGE,0001789940-26-000089,8-K,fwrg-20260804.htm,https://www.sec.gov/Archives/edgar/data/1789940/000178994026000089/fwrg-20260804.htm,2026-08-04T11:02:14Z,b1267055b10d1f312d03a83be0ea6e676a6f59318e43a5284d119388ada5797a,23710b792151b6b9a85ef04c92d91ce51d72bbde83b72db1752488774e1acdb6,0ef256e581f56a3fd83927d9d99fb797dd6660cfcfcf0a80d2caa28c95b8ed8d,1,https://www.sec.gov/Archives/edgar/data/1789940/000178994026000089/fwrg-20260804.htm,d90c8ba22c06fb2eefb65d713028ba07e39959a5ccefccf4d606fc207d2f7f16,NONE,REVIEW_REQUIRED_EVENT_EVIDENCE,False,refresh_20261009T042704Z_refresh_fundamentals_c7bbcb6dfda4_production_adc49771,2026-10-09T09:00:48Z
940,2025,Q1,33301,2025-03-31,GEV,UNRESOLVED,FINANCIAL_SCOPE_REVIEW_REQUIRED,NO_EXPLICIT_QUARTER_CONSOLIDATED_REVENUE_GAAP_NET_AND_BROAD_P_AND_L_PACKAGE,0001996810-25-000072,8-K,gev-20250423.htm,https://www.sec.gov/Archives/edgar/data/1996810/000199681025000072/gev-20250423.htm,2025-04-23T10:21:07Z,fd6ad349f0471f916e98bd8b52354036113028d3fb8ffa782d493f31d556ff4e,b420c65a93daf9d338b14652d186778b64049c1f1e0fb30916a364aca110f461,f733d18227f9e4c6e51c56153ee99ce361b65dadf5dc5fdd5146998005095f30,2,https://www.sec.gov/Archives/edgar/data/1996810/000199681025000072/gev-20250423.htm;https://www.sec.gov/Archives/edgar/data/1996810/000199681025000072/gevpressrelease1q25.htm,6a1ebda0371d0af763f9d1279dc73021cc8dc929931ddef22c65c87144d8980c;546f4acb14269e5abf4dbdc9ecabddda9f4858d6676af14f110b1150d8491b28,NONE,REVIEW_REQUIRED_EVENT_EVIDENCE,False,refresh_20261009T042704Z_refresh_fundamentals_c7bbcb6dfda4_production_adc49771,2026-10-09T09:00:48Z
940,2025,Q3,33303,2025-09-30,GEV,UNRESOLVED,FINANCIAL_SCOPE_REVIEW_REQUIRED,NO_EXPLICIT_QUARTER_CONSOLIDATED_REVENUE_GAAP_NET_AND_BROAD_P_AND_L_PACKAGE,0001996810-25-000159,8-K,gev-20251022.htm,https://www.sec.gov/Archives/edgar/data/1996810/000199681025000159/gev-20251022.htm,2025-10-22T10:36:49Z,b1307cc4d1fcfc84392c9cc46f859db569db1eb5aa55c70f51a80ac95769016d,6c7648f2195e2a0c1e647efe7835499580ee0906e85e0d69e5232263303bb61e,22a914a1b4e5916595630cbe1e09a5eee5a86e354e9f174be2509c9221fa9ef8,2,https://www.sec.gov/Archives/edgar/data/1996810/000199681025000159/gev-20251022.htm;https://www.sec.gov/Archives/edgar/data/1996810/000199681025000159/gevpressrelease3q25.htm,e1a33f780cb0b93dc68b8fb881c9ff20b1e2a66141f5c26c82444a6da722946a;3b17bca0925f7240d4c84390311208e34304121ace2a9dba064cd1e543bfb1e4,NONE,REVIEW_REQUIRED_EVENT_EVIDENCE,False,refresh_20261009T042704Z_refresh_fundamentals_c7bbcb6dfda4_production_adc49771,2026-10-09T09:00:48Z
988,2026,Q1,35070,2025-06-30,GSIT,UNRESOLVED,FINANCIAL_SCOPE_REVIEW_REQUIRED,NO_EXPLICIT_QUARTER_CONSOLIDATED_REVENUE_GAAP_NET_AND_BROAD_P_AND_L_PACKAGE,0001171843-25-004920,8-K,f8k_073125.htm,https://www.sec.gov/Archives/edgar/data/1126741/000117184325004920/f8k_073125.htm,2025-07-31T20:06:10Z,bb745c4214a8be783f96500f90afdfce48cbed9ec69fb90692435350fd566105,8a0cdbef519f4db5bb33d5a82d18ad552088ac05536ebcba50ab908da5e37013,fb8a6dab994a6b064dbbd3278f84967a20386441dc283083a2fec2723e45b783,1,https://www.sec.gov/Archives/edgar/data/1126741/000117184325004920/f8k_073125.htm,fb49c8865188b95b559e854d960c7a265efaeae46eb2b945013e3dd81bc79a58,NONE,REVIEW_REQUIRED_EVENT_EVIDENCE,False,refresh_20261009T042704Z_refresh_fundamentals_c7bbcb6dfda4_production_adc49771,2026-10-09T09:00:48Z
994,2025,Q3,35271,2025-09-30,GTN,NOT_FOUND,FINANCIAL_SCOPE_REVIEW_REQUIRED,NO_EXPLICIT_QUARTER_CONSOLIDATED_REVENUE_GAAP_NET_AND_BROAD_P_AND_L_PACKAGE,0001437749-25-033706,8-K,gtn20251105_8k.htm,https://www.sec.gov/Archives/edgar/data/43196/000143774925033706/gtn20251105_8k.htm,2025-11-07T13:00:11Z,fd948e9aaaf16c76ce267939084d15b877845aa52c5739694fa40b27aa84c889,c162a1b4775567147e0f8cd993c8100381f9f1e288d0b11b3f013c3acfdd2e57,a13bbb3836ce9d96f1621b39750eb77fc65ca1d03bce6e6d4d934a7508be465c,2,https://www.sec.gov/Archives/edgar/data/43196/000143774925033706/gtn20251105_8k.htm;https://www.sec.gov/Archives/edgar/data/43196/000143774925033706/ex_883502.htm,dd43b31c4c0ebb6b982957774783bd2e30cb44a60bea890050fa3b29a72385ee;1c7dfb691e9e0f0b1970adc18a51b7d1a1be3823dc9f9fd544ab1791abbf068e,NONE,REVIEW_REQUIRED_EVENT_EVIDENCE,False,refresh_20261009T042704Z_refresh_fundamentals_c7bbcb6dfda4_production_adc49771,2026-10-09T09:00:48Z
1040,2025,Q1,36922,2025-03-31,HNRG,NOT_FOUND,PERIOD_SCOPE_REVIEW_REQUIRED,NO_EXPLICIT_QUARTER_END_MATCH_IN_RETAINED_RESULTS_CONTENT,0001558370-25-007392,8-K,hnrg-20250512x8k.htm,https://www.sec.gov/Archives/edgar/data/788965/000155837025007392/hnrg-20250512x8k.htm,2025-05-13T00:19:30Z,0f5f90811f041b7ab8a3e51e86c2bc328698d286d5bc741aec7b7ba0837d6b39,61e09828bef0e60365e19d4db892d95c5045274e48414cdb15d029388c54cf5b,061dfb09865d9dd882f71f174b295596822ef8b2af6cce3ba314eebc2d587831,1,https://www.sec.gov/Archives/edgar/data/788965/000155837025007392/hnrg-20250512x8k.htm,cffa8ca9a3b274969f38c1784f2f67253774b581cebf1a9e977c53273db997d1,NONE,REVIEW_REQUIRED_EVENT_EVIDENCE,False,refresh_20261009T042704Z_refresh_fundamentals_c7bbcb6dfda4_production_adc49771,2026-10-09T09:00:48Z
1040,2025,Q2,36923,2025-06-30,HNRG,NOT_FOUND,PERIOD_SCOPE_REVIEW_REQUIRED,NO_EXPLICIT_QUARTER_END_MATCH_IN_RETAINED_RESULTS_CONTENT,0001558370-25-011065,8-K,hnrg-20250811x8k.htm,https://www.sec.gov/Archives/edgar/data/788965/000155837025011065/hnrg-20250811x8k.htm,2025-08-12T00:47:18Z,8bd6ca2b79ac53c0e2c1a80795b87dc0c45a48a551c4b3f73cb249df8bb62b4c,6a404be709b975ba321ba6d4097ff012f5a4e660dbd96e357c049000a5e9d992,512c634b9b87f34812120c117bd7b667a50d6ce35bbd100844e4f7ce05d6aae8,1,https://www.sec.gov/Archives/edgar/data/788965/000155837025011065/hnrg-20250811x8k.htm,6488350e2d06601e6619528b2bfc2dd11eb8d2248a4af8f9179ceed86c0828b1,NONE,REVIEW_REQUIRED_EVENT_EVIDENCE,False,refresh_20261009T042704Z_refresh_fundamentals_c7bbcb6dfda4_production_adc49771,2026-10-09T09:00:48Z
1040,2025,Q3,36924,2025-09-30,HNRG,NOT_FOUND,PERIOD_SCOPE_REVIEW_REQUIRED,NO_EXPLICIT_QUARTER_END_MATCH_IN_RETAINED_RESULTS_CONTENT,0001104659-25-109272,8-K,hnrg-20251110x8k.htm,https://www.sec.gov/Archives/edgar/data/788965/000110465925109272/hnrg-20251110x8k.htm,2025-11-11T03:05:56Z,3d495361c48c5d34b7e93625ff957474e6b493b3d88d2de418157b8937f1b760,d754b92a6219bff56f20902cd367462f1c8c627004f3bbc130cec2cc00a8bd0c,8eafac46fe4cb30664114b1694354be840b9e838a7c6097466d2f2a92d80dfb9,1,https://www.sec.gov/Archives/edgar/data/788965/000110465925109272/hnrg-20251110x8k.htm,c6931c6ccec5596dcb668903ba8556cd2c9832b8d2e05424dc04994a7101444a,NONE,REVIEW_REQUIRED_EVENT_EVIDENCE,False,refresh_20261009T042704Z_refresh_fundamentals_c7bbcb6dfda4_production_adc49771,2026-10-09T09:00:48Z
1040,2025,Q4,36925,2025-12-31,HNRG,NOT_FOUND,PERIOD_SCOPE_REVIEW_REQUIRED,NO_EXPLICIT_QUARTER_END_MATCH_IN_RETAINED_RESULTS_CONTENT,0001104659-26-027176,8-K,hnrg-20260312x8k.htm,https://www.sec.gov/Archives/edgar/data/788965/000110465926027176/hnrg-20260312x8k.htm,2026-03-13T01:27:35Z,a52238c940b080a1cf46b92957e093831f772ad39234fe541646bef78a104543,da3312b96a4aeed4b7739119493d758acd1981a1a143bb8e6fb593524b1b7255,a184c8cac0c49e86f089908b8457d107f2db2a4f2f8cc0b0472fd82c43a002d2,2,https://www.sec.gov/Archives/edgar/data/788965/000110465926027176/hnrg-20260312x8k.htm;https://www.sec.gov/Archives/edgar/data/788965/000110465926027176/hnrg-20260312xex99d1.htm,7e067f998c1a290edbb446027d3c4dd5caf851ed4bdb0be145acd2f0b63245cc;c6aa21c07f7d8c0fcf3d3e2e1d24f75e4b114313ef373d7a775f1eaf0138adbf,NONE,REVIEW_REQUIRED_EVENT_EVIDENCE,False,refresh_20261009T042704Z_refresh_fundamentals_c7bbcb6dfda4_production_adc49771,2026-10-09T09:00:48Z
1067,2025,Q1,37898,2025-03-31,HTO,UNRESOLVED,PROPOSED_REVIEWED_EVENT_OBSERVATION,EXPLICIT_QUARTER_CONSOLIDATED_EARNINGS_STATEMENT_AND_REGISTRANT_RESULTS_ANNOUNCEMENT,0000766829-25-000035,8-K,sjw-20250428.htm,https://www.sec.gov/Archives/edgar/data/766829/000076682925000035/sjw-20250428.htm,2025-04-28T21:15:50Z,7d3867ffc22b62d870fc531430b49435f71becacc89dce4f40816e91f19aff97,770d18609e435e50a870f2c917d4035d6719aa6a9f1e5bad175835aa36d29d29,a61075524c5ce2a9728623fe19ab8d078ec258082d01720dafcac96e3eafe9b7,2,https://www.sec.gov/Archives/edgar/data/766829/000076682925000035/sjw-20250428.htm;https://www.sec.gov/Archives/edgar/data/766829/000076682925000035/exhibit991-1qtr2025.htm,07074d388fd3c898e490e03948e5538900e8f7570565169567903d6d83eee17e;1d212022a98efb2cf545d87e9ed4b896edf5f3750e29ecf32f8466de2d44b6d8,NONE,REVIEW_REQUIRED_EVENT_EVIDENCE,False,refresh_20261009T042704Z_refresh_fundamentals_c7bbcb6dfda4_production_adc49771,2026-10-09T09:00:48Z
1072,2025,Q4,38067,2025-12-31,HUMA,UNRESOLVED,EVENT_SCOPE_REVIEW_REQUIRED,PRELIMINARY_REVISED_OR_PRIOR_REPORT_EVENT_REQUIRES_INDIVIDUAL_REVIEW,0001104659-26-031780,8-K,tm269106d1_8k.htm,https://www.sec.gov/Archives/edgar/data/1818382/000110465926031780/tm269106d1_8k.htm,2026-03-19T16:25:44Z,07741fff284ea26b3bac7bf627ae76ebb81f722d9415e55219b4dfc778642d56,1d4401448817f11e22ab527a686a1777178c3118c96b0e9d42e3bcddfc5299c7,7c2655708a0207182a1b8ec9e6116bcf783bed33ea6c1c5348984e85626817b6,1,https://www.sec.gov/Archives/edgar/data/1818382/000110465926031780/tm269106d1_8k.htm,2e7da06242494eb428313a86f52eb7886f2d88d790ee9ccf934daa4a60d3036d,NONE,REVIEW_REQUIRED_EVENT_EVIDENCE,False,refresh_20261009T042704Z_refresh_fundamentals_c7bbcb6dfda4_production_adc49771,2026-10-09T09:00:48Z
1076,2025,Q2,38227,2025-06-30,HVT,NOT_FOUND,FINANCIAL_SCOPE_REVIEW_REQUIRED,NO_EXPLICIT_QUARTER_CONSOLIDATED_REVENUE_GAAP_NET_AND_BROAD_P_AND_L_PACKAGE,0001628280-25-036738,8-K,hvt-20250730.htm,https://www.sec.gov/Archives/edgar/data/216085/000162828025036738/hvt-20250730.htm,2025-07-30T20:31:22Z,671c1bdd8cee0ec349c9d4081b00a6f465d894d46e30bffb8bf44853f3b043c5,2cfff5efa2e50f9c1d73077265bd675e3886a6e7843894b8015b2f2971518eb5,74ec2a06887109386e431b5b885659b5394319a73ab94146fd336a95a346edd7,1,https://www.sec.gov/Archives/edgar/data/216085/000162828025036738/hvt-20250730.htm,5c95bb88cccc8d4d1e12effe779d1a9280d5e35f4a5e10e5c8390d7d639abd53,NONE,REVIEW_REQUIRED_EVENT_EVIDENCE,False,refresh_20261009T042704Z_refresh_fundamentals_c7bbcb6dfda4_production_adc49771,2026-10-09T09:00:48Z
1076,2025,Q3,38228,2025-09-30,HVT,NOT_FOUND,FINANCIAL_SCOPE_REVIEW_REQUIRED,NO_EXPLICIT_QUARTER_CONSOLIDATED_REVENUE_GAAP_NET_AND_BROAD_P_AND_L_PACKAGE,0001628280-25-047135,8-K,hvt-20251029.htm,https://www.sec.gov/Archives/edgar/data/216085/000162828025047135/hvt-20251029.htm,2025-10-29T20:24:59Z,8cc038440e1bda6ed5912bb248f3031247b4c4f16e475f98668fab19f1ef762f,28d28c9852591b7bde6c0033d0e3466b575fd9f2951982d1154c84e599275ef7,acaa8c908a6f686f709cd7a64723e9950238bc0cc883ef427241c2f0858841c0,1,https://www.sec.gov/Archives/edgar/data/216085/000162828025047135/hvt-20251029.htm,b78d0cfd3c158c7b4305836bff4ba4fb7de1b15b0796967e9d081264d68b6125,NONE,REVIEW_REQUIRED_EVENT_EVIDENCE,False,refresh_20261009T042704Z_refresh_fundamentals_c7bbcb6dfda4_production_adc49771,2026-10-09T09:00:48Z
1076,2025,Q4,38229,2025-12-31,HVT,NOT_FOUND,FINANCIAL_SCOPE_REVIEW_REQUIRED,NO_EXPLICIT_QUARTER_CONSOLIDATED_REVENUE_GAAP_NET_AND_BROAD_P_AND_L_PACKAGE,0001628280-26-010875,8-K,hvt-20260224.htm,https://www.sec.gov/Archives/edgar/data/216085/000162828026010875/hvt-20260224.htm,2026-02-24T12:21:27Z,93e40263c03812eb33347b7c24f0b9479f1f27d9f3fe3c61b047d4fe60fd1337,b5f0ce922649550e20db0a7a0b48d961c6a1b40ade1f01f468b8136c6fc3e7e5,77a5ba6b1c1326764f047e130d2edf9c9de384232d6939e0ea53ccbdc5cbfbd1,1,https://www.sec.gov/Archives/edgar/data/216085/000162828026010875/hvt-20260224.htm,dc673ab2e1360da968f0c7855380e2fa8bec49d7130caca43df0f621effa8eb9,NONE,REVIEW_REQUIRED_EVENT_EVIDENCE,False,refresh_20261009T042704Z_refresh_fundamentals_c7bbcb6dfda4_production_adc49771,2026-10-09T09:00:48Z
1076,2026,Q1,38230,2026-03-31,HVT,NOT_FOUND,FINANCIAL_SCOPE_REVIEW_REQUIRED,NO_EXPLICIT_QUARTER_CONSOLIDATED_REVENUE_GAAP_NET_AND_BROAD_P_AND_L_PACKAGE,0001628280-26-030128,8-K,hvt-20260505.htm,https://www.sec.gov/Archives/edgar/data/216085/000162828026030128/hvt-20260505.htm,2026-05-05T11:27:09Z,de66a8055b696772fe825c8c17c327658ba43de6910dd7cc0d8c22e4d777a639,c4dff883f60a8ce76b6d10e4cedc403ae80a060511bac6452c4f2255f6cf2c3a,d6e194a894d85e5c89a99dabc246956f5abf940fa02fde2b504d026afc5c2435,1,https://www.sec.gov/Archives/edgar/data/216085/000162828026030128/hvt-20260505.htm,02188da18f279eb9f2269d1a75eda6c44c38ef267c730e199a73a67e37da5f40,NONE,REVIEW_REQUIRED_EVENT_EVIDENCE,False,refresh_20261009T042704Z_refresh_fundamentals_c7bbcb6dfda4_production_adc49771,2026-10-09T09:00:48Z
1076,2026,Q2,38231,2026-06-30,HVT,NOT_FOUND,FINANCIAL_SCOPE_REVIEW_REQUIRED,NO_EXPLICIT_QUARTER_CONSOLIDATED_REVENUE_GAAP_NET_AND_BROAD_P_AND_L_PACKAGE,0001628280-26-052124,8-K,hvt-20260804.htm,https://www.sec.gov/Archives/edgar/data/216085/000162828026052124/hvt-20260804.htm,2026-08-04T10:46:33Z,06d603b84c5eed2f014fd75303b453dfb024dc45376d9e4cb6b831fe1e5644ad,cdfeeba6f47e6fca4f1bc95942bf7bc89e4f4c766930770ec124be90738727af,a8c1b325553437ef413da17f15937a74be3bcba7a854054786409d26e0525da3,1,https://www.sec.gov/Archives/edgar/data/216085/000162828026052124/hvt-20260804.htm,0360e86393893e9d3245a0043b6d8a6a02d211fdcadd06f1149e736b948596a5,NONE,REVIEW_REQUIRED_EVENT_EVIDENCE,False,refresh_20261009T042704Z_refresh_fundamentals_c7bbcb6dfda4_production_adc49771,2026-10-09T09:00:48Z
1103,2025,Q3,39239,2025-09-30,IEX,NOT_FOUND,PROPOSED_REVIEWED_EVENT_OBSERVATION,EXPLICIT_QUARTER_CONSOLIDATED_EARNINGS_STATEMENT_AND_REGISTRANT_RESULTS_ANNOUNCEMENT,0001628280-25-046909,8-K,iex-20251029.htm,https://www.sec.gov/Archives/edgar/data/832101/000162828025046909/iex-20251029.htm,2025-10-29T11:08:27Z,f6964146c40a01b3b924a9c4535fe5418505365d0beda3336c1c90be1cf379a5,a4e3cb144bc44de2fb85b78f1e92f24885a44178e26125dde4899792d45d2099,9aae2f2f5619924aeb95a2472794f6f3a45485578aeed5774407d058b4c70eca,2,https://www.sec.gov/Archives/edgar/data/832101/000162828025046909/iex-20251029.htm;https://www.sec.gov/Archives/edgar/data/832101/000162828025046909/iex-20250930xex991.htm,5095393144b2fd615783daf8a8e045bf96e2c13085139da93940b96ef1a33e9d;3e9a812b5dfed1c6f774f0c8d98726a3816cd189ed2eb009c6d03a8c9cd5ead5,NONE,REVIEW_REQUIRED_EVENT_EVIDENCE,False,refresh_20261009T042704Z_refresh_fundamentals_c7bbcb6dfda4_production_adc49771,2026-10-09T09:00:48Z
1140,2025,Q1,40473,2025-03-31,INSM,NOT_FOUND,FINANCIAL_SCOPE_REVIEW_REQUIRED,NO_EXPLICIT_QUARTER_CONSOLIDATED_REVENUE_GAAP_NET_AND_BROAD_P_AND_L_PACKAGE,0001140361-25-017858,8-K,ef20048527_8k.htm,https://www.sec.gov/Archives/edgar/data/1104506/000114036125017858/ef20048527_8k.htm,2025-05-08T15:00:34Z,d22991755c5eb4e297e865880be9068501f3e5631bb89db6165c356d0116dd71,3b4924c96b20fb85c9d5c135c24d4850f8ef0132629b424c247c8ef071f8f895,144c06719d991490e212a5ffc35d002c4e052240aa4b2b32b5c9f633afdb475d,1,https://www.sec.gov/Archives/edgar/data/1104506/000114036125017858/ef20048527_8k.htm,6b65414c047a780a6467d3c08a42e37453bf98b1e0fe8bb0e1bd2ca47b6d672f,NONE,REVIEW_REQUIRED_EVENT_EVIDENCE,False,refresh_20261009T042704Z_refresh_fundamentals_c7bbcb6dfda4_production_adc49771,2026-10-09T09:00:48Z
1140,2025,Q2,40474,2025-06-30,INSM,NOT_FOUND,FINANCIAL_SCOPE_REVIEW_REQUIRED,NO_EXPLICIT_QUARTER_CONSOLIDATED_REVENUE_GAAP_NET_AND_BROAD_P_AND_L_PACKAGE,0001140361-25-029343,8-K,ef20053237_8k.htm,https://www.sec.gov/Archives/edgar/data/1104506/000114036125029343/ef20053237_8k.htm,2025-08-07T15:01:55Z,51f0b8d208a80da87ae7edac3ceeccd67f2d6be7d211bafe77261f0a68dc4713,702a4dd8078907a0debdabc00fcb33ac80959364ced378be6fc9326e2d9bca91,b57606fdb5329b511fb9a630eb930ee772e934298287f3469a0bf0b0422f0c67,1,https://www.sec.gov/Archives/edgar/data/1104506/000114036125029343/ef20053237_8k.htm,292c8602cc73c17e1d02c26554ea2011e7f263a651abf27f5c2804fb28df9a6f,NONE,REVIEW_REQUIRED_EVENT_EVIDENCE,False,refresh_20261009T042704Z_refresh_fundamentals_c7bbcb6dfda4_production_adc49771,2026-10-09T09:00:48Z
1152,2025,Q2,40903,2025-06-30,IPDN,UNRESOLVED,FINANCIAL_SCOPE_REVIEW_REQUIRED,NO_EXPLICIT_QUARTER_CONSOLIDATED_REVENUE_GAAP_NET_AND_BROAD_P_AND_L_PACKAGE,0001437749-25-026701,8-K,ipdn20250603_8k.htm,https://www.sec.gov/Archives/edgar/data/1546296/000143774925026701/ipdn20250603_8k.htm,2025-08-14T17:01:17Z,c0ba130c03de03830ed9d6704221ddc69d6ab84268d0efa6cb6146e7279c0018,7cb74a6a78f858361a44eb354bdf92ee5da00d7137c311da80f8c90f161a88cc,e4551fcd1cfba63626b4ace489aab0b76eb1fed61b119dc4138db1b04b8b1bd7,2,https://www.sec.gov/Archives/edgar/data/1546296/000143774925026701/ipdn20250603_8k.htm;https://www.sec.gov/Archives/edgar/data/1546296/000143774925026701/ex_826320.htm,1733c5813db25ef044dacc5b5277119e3034ae214ab20184cb11d3eba92833cd;9ba9a335a9551dce42bbbb5bba5907422dd845a542997174653bca9baf8fd291,NONE,REVIEW_REQUIRED_EVENT_EVIDENCE,False,refresh_20261009T042704Z_refresh_fundamentals_c7bbcb6dfda4_production_adc49771,2026-10-09T09:00:48Z
1152,2025,Q3,40904,2025-09-30,IPDN,UNRESOLVED,FINANCIAL_SCOPE_REVIEW_REQUIRED,NO_EXPLICIT_QUARTER_CONSOLIDATED_REVENUE_GAAP_NET_AND_BROAD_P_AND_L_PACKAGE,0001437749-25-035166,8-K,ipdn20250825_8k.htm,https://www.sec.gov/Archives/edgar/data/1546296/000143774925035166/ipdn20250825_8k.htm,2025-11-15T02:04:32Z,9f87c824c19072192410de6c777d2e6348ebd3f1a3a71b07ae47c8458d3b4ca8,e6a5099aea46c1a77a4e54a2d9aeb0d8172a603e8f82de0ec18583fc1a7babf2,2733c38cedb41f3397246301b55c40a7cf0463e3f65cbc1750d4a1b0aef3d936,2,https://www.sec.gov/Archives/edgar/data/1546296/000143774925035166/ipdn20250825_8k.htm;https://www.sec.gov/Archives/edgar/data/1546296/000143774925035166/ex_856673.htm,38e0b65d503ca2d45979e81b904faee2a4a573aaf78ce3db8790b36701c93755;d97c98c8495be19114a6a177c0451aa9a6d09f05293740b931cb5b9bf9514d6c,NONE,REVIEW_REQUIRED_EVENT_EVIDENCE,False,refresh_20261009T042704Z_refresh_fundamentals_c7bbcb6dfda4_production_adc49771,2026-10-09T09:00:48Z
1173,2025,Q1,41709,2025-03-31,IVT,NOT_FOUND,FINANCIAL_SCOPE_REVIEW_REQUIRED,NO_EXPLICIT_QUARTER_CONSOLIDATED_REVENUE_GAAP_NET_AND_BROAD_P_AND_L_PACKAGE,0001307748-25-000083,8-K,ivtp-20250430.htm,https://www.sec.gov/Archives/edgar/data/1307748/000130774825000083/ivtp-20250430.htm,2025-04-30T20:13:58Z,4bd3d9417e10e3e431e981f672c014c657c374ea87f54a834c6bc88b8be50d72,dfa6bed5a69ea2c5ebb433730901230cd074ea1b531646602eddb6aa19ad8e9f,256ff2326b7a98c00f41149c08f34ea68f1e0a2ed33596b769354f70bb47e6c6,1,https://www.sec.gov/Archives/edgar/data/1307748/000130774825000083/ivtp-20250430.htm,57a47546e753c32e612b1cf836ed97bc5f05a82e1dcb6a25a30efeb94795abf9,NONE,REVIEW_REQUIRED_EVENT_EVIDENCE,False,refresh_20261009T042704Z_refresh_fundamentals_c7bbcb6dfda4_production_adc49771,2026-10-09T09:00:48Z
1173,2025,Q2,41710,2025-06-30,IVT,NOT_FOUND,FINANCIAL_SCOPE_REVIEW_REQUIRED,NO_EXPLICIT_QUARTER_CONSOLIDATED_REVENUE_GAAP_NET_AND_BROAD_P_AND_L_PACKAGE,0001307748-25-000147,8-K,ivtp-20250729.htm,https://www.sec.gov/Archives/edgar/data/1307748/000130774825000147/ivtp-20250729.htm,2025-07-29T20:02:11Z,b4c5dd5ed526750779273b0e8c9b0086fb6c22f38183bd31203a44ad00b4ea9d,f75a2c29e86c45aec308035d0628d061f287e48e11a1f8dc3a21e1f158635dba,d911b530b9ebba086d17f8c5ea202673f9e85555ce85eba17ac1885cf8ec30e7,1,https://www.sec.gov/Archives/edgar/data/1307748/000130774825000147/ivtp-20250729.htm,3aca54f2a9015ca602051f3ad8a539709b5849aa92ea1a4c77bf7b647479f762,NONE,REVIEW_REQUIRED_EVENT_EVIDENCE,False,refresh_20261009T042704Z_refresh_fundamentals_c7bbcb6dfda4_production_adc49771,2026-10-09T09:00:48Z
1173,2025,Q3,41711,2025-09-30,IVT,NOT_FOUND,FINANCIAL_SCOPE_REVIEW_REQUIRED,NO_EXPLICIT_QUARTER_CONSOLIDATED_REVENUE_GAAP_NET_AND_BROAD_P_AND_L_PACKAGE,0001307748-25-000178,8-K,ivtp-20251028.htm,https://www.sec.gov/Archives/edgar/data/1307748/000130774825000178/ivtp-20251028.htm,2025-10-28T20:06:43Z,1629fa8ffcce4bc628fc15bbb84098108adab0f5947c4341d8ae26ea12c285a6,bf62d85de4bf9e70caa908d539630fda27965ed2eeb9905e67fc72d4ea568561,51ce8d1162ce970bea544211a4d7b1b70dc63a2a65f73f740fb26c591b8dcf48,1,https://www.sec.gov/Archives/edgar/data/1307748/000130774825000178/ivtp-20251028.htm,17b87664dfb3b4fba5859cd10055b03f451f79990371cf8f03813c9080c31e8b,NONE,REVIEW_REQUIRED_EVENT_EVIDENCE,False,refresh_20261009T042704Z_refresh_fundamentals_c7bbcb6dfda4_production_adc49771,2026-10-09T09:00:48Z
1173,2025,Q4,41712,2025-12-31,IVT,NOT_FOUND,PERIOD_SCOPE_REVIEW_REQUIRED,NO_EXPLICIT_QUARTER_END_MATCH_IN_RETAINED_RESULTS_CONTENT,0001307748-26-000037,8-K,ivtp-20260210.htm,https://www.sec.gov/Archives/edgar/data/1307748/000130774826000037/ivtp-20260210.htm,2026-02-10T21:05:52Z,7c9ddf120dc7b715d8bc277c9874881dc350887e443370c7c9ef779f23e140e9,0aabd8e7eea0a13a9146505700354b0986fce855067615479077a11efa8bf97d,7b6b51fa6725cefb297a8d75b48180a33caec0ffd026669839902af33d585845,1,https://www.sec.gov/Archives/edgar/data/1307748/000130774826000037/ivtp-20260210.htm,1a451b063ca4594ee0466cd32076ce37dcea0cd90eb018deab0d8c9aa537a16e,NONE,REVIEW_REQUIRED_EVENT_EVIDENCE,False,refresh_20261009T042704Z_refresh_fundamentals_c7bbcb6dfda4_production_adc49771,2026-10-09T09:00:48Z
1173,2026,Q1,41713,2026-03-31,IVT,NOT_FOUND,FINANCIAL_SCOPE_REVIEW_REQUIRED,NO_EXPLICIT_QUARTER_CONSOLIDATED_REVENUE_GAAP_NET_AND_BROAD_P_AND_L_PACKAGE,0001307748-26-000111,8-K,ivtp-20260428.htm,https://www.sec.gov/Archives/edgar/data/1307748/000130774826000111/ivtp-20260428.htm,2026-04-28T20:09:02Z,7af3dcc1bd1aab86100752ae57a7ad977916aabfd3e094cebef00725799584fa,5aa96191c96a0d80a68a394001c997da7eed99395bc0122a9cddf12261768bef,d796a9147e57bdf73052e9d6a7d63b549e72dc6a82e51e048d4cf5c83033dafd,1,https://www.sec.gov/Archives/edgar/data/1307748/000130774826000111/ivtp-20260428.htm,6f7ecde202276a3dd414c7706256f8c7e6ad1e606e0dd7f3af90280f65559c03,NONE,REVIEW_REQUIRED_EVENT_EVIDENCE,False,refresh_20261009T042704Z_refresh_fundamentals_c7bbcb6dfda4_production_adc49771,2026-10-09T09:00:48Z
1173,2026,Q2,41714,2026-06-30,IVT,NOT_FOUND,FINANCIAL_SCOPE_REVIEW_REQUIRED,NO_EXPLICIT_QUARTER_CONSOLIDATED_REVENUE_GAAP_NET_AND_BROAD_P_AND_L_PACKAGE,0001307748-26-000191,8-K,ivtp-20260803.htm,https://www.sec.gov/Archives/edgar/data/1307748/000130774826000191/ivtp-20260803.htm,2026-08-03T20:06:13Z,562b9ed3f211534789545c82383a00421dd53ceacf2551cefbc332b5cdbf57a4,af5c416e3cd17a4ab43945a4887382b2752cdc725a458e32aa140efb314e3455,9a3d48aa6dc563dac5cd59f1ca70f919698f0d8c5ccb2f1ccbd5d8938348f01f,1,https://www.sec.gov/Archives/edgar/data/1307748/000130774826000191/ivtp-20260803.htm,80b58e60cf3fafeecf43cecbf9b38ccd714788640e22676c1b1838be359a00dc,NONE,REVIEW_REQUIRED_EVENT_EVIDENCE,False,refresh_20261009T042704Z_refresh_fundamentals_c7bbcb6dfda4_production_adc49771,2026-10-09T09:00:48Z
1176,2025,Q3,41814,2025-07-06,JACK,UNRESOLVED,FINANCIAL_SCOPE_REVIEW_REQUIRED,NO_EXPLICIT_QUARTER_CONSOLIDATED_REVENUE_GAAP_NET_AND_BROAD_P_AND_L_PACKAGE,0000807882-25-000042,8-K,jack-20250806.htm,https://www.sec.gov/Archives/edgar/data/807882/000080788225000042/jack-20250806.htm,2025-08-06T20:11:19Z,6fb7fbc8758f73beaedf74b1942a592c913bdd2940e89f3569957b1a61b3a6a1,2bd77a6f841b178e026e987468db7d4763d172abeff105272c44040f8b1ab372,3eab33f5955732d75c0627becda73a08632fa3c5a160464d468b06c14dc7e628,2,https://www.sec.gov/Archives/edgar/data/807882/000080788225000042/jack-20250806.htm;https://www.sec.gov/Archives/edgar/data/807882/000080788225000042/ex991-q325earningsrelease.htm,f55a3bfa680b692f99b0926b3057d5e0484cfe66f18049f382008977223861ab;dfa33b6e68e7177f46fe7737246bce062f91ae2d9832f1be7c1c8836f2bfbf34,NONE,REVIEW_REQUIRED_EVENT_EVIDENCE,False,refresh_20261009T042704Z_refresh_fundamentals_c7bbcb6dfda4_production_adc49771,2026-10-09T09:00:48Z
1176,2025,Q4,41815,2025-09-28,JACK,UNRESOLVED,PERIOD_SCOPE_REVIEW_REQUIRED,NO_EXPLICIT_QUARTER_END_MATCH_IN_RETAINED_RESULTS_CONTENT,0000807882-25-000070,8-K,jack-20251119.htm,https://www.sec.gov/Archives/edgar/data/807882/000080788225000070/jack-20251119.htm,2025-11-19T21:09:32Z,598c2d646292a9dc227140f505e8e291d1e56bd4846d30fe75d24a878b221b17,57a1df42585cc0a8402f30419de4b537e6e354098f4ba828a03bca98e162c1b9,aa6942876e9e1aee8dee9b3056361c3fa2ce59f2dfa820c1393f2a28ac7c2293,2,https://www.sec.gov/Archives/edgar/data/807882/000080788225000070/jack-20251119.htm;https://www.sec.gov/Archives/edgar/data/807882/000080788225000070/ex991-q425earningsrelease.htm,e64c988eecf1a078ab226ffd151cc7da17032facf1f103e965a4fd0aa232d3be;b8437fd9ffd2adbe0e4f8d8f50b220e206834abb4cf4048aa116b034128ad4c1,NONE,REVIEW_REQUIRED_EVENT_EVIDENCE,False,refresh_20261009T042704Z_refresh_fundamentals_c7bbcb6dfda4_production_adc49771,2026-10-09T09:00:48Z
1176,2026,Q1,41816,2026-01-18,JACK,UNRESOLVED,FINANCIAL_SCOPE_REVIEW_REQUIRED,NO_EXPLICIT_QUARTER_CONSOLIDATED_REVENUE_GAAP_NET_AND_BROAD_P_AND_L_PACKAGE,0000807882-26-000039,8-K,jack-20260218.htm,https://www.sec.gov/Archives/edgar/data/807882/000080788226000039/jack-20260218.htm,2026-02-18T21:11:02Z,d11978532ca8237fce943d9865023eaf4abdf5c547b0021f1520d10576cab14d,7faa440509997238f6351761f27bd1f1de321012e44aa14c6fe4a58d3a119ada,1939fc564c4ea24408e0f0c15e64fd63147ee44b6d1eef2fcd5ac8ef45281013,2,https://www.sec.gov/Archives/edgar/data/807882/000080788226000039/jack-20260218.htm;https://www.sec.gov/Archives/edgar/data/807882/000080788226000039/ex991-q126earningsrelease.htm,066e6d7417553eb8f098e5af540fbcaddb3e84e5f1498121f8fba8ae224bbab7;ee557a80c88dcda0a332a923d9a1d7127c1aa91b13e884821b8131b7a3dffa5a,NONE,REVIEW_REQUIRED_EVENT_EVIDENCE,False,refresh_20261009T042704Z_refresh_fundamentals_c7bbcb6dfda4_production_adc49771,2026-10-09T09:00:48Z
1217,2026,Q4,43326,2026-06-30,KLAC,UNRESOLVED,FINANCIAL_SCOPE_REVIEW_REQUIRED,NO_EXPLICIT_QUARTER_CONSOLIDATED_REVENUE_GAAP_NET_AND_BROAD_P_AND_L_PACKAGE,0000319201-26-000024,8-K,klac-20260728.htm,https://www.sec.gov/Archives/edgar/data/319201/000031920126000024/klac-20260728.htm,2026-07-28T20:08:02Z,d0973f4ea7e8530cad0a5fb3d71169291b81d0788c51a35545b2cf40b8686b55,f7f77c387ee904be6704ea17bd3c70bf4357c01f3a976de121b314309013ccd7,d4aa1d59fc0846622cb56c104063dd262949dac65036c106fcf8924d15e3be0b,2,https://www.sec.gov/Archives/edgar/data/319201/000031920126000024/klac-20260728.htm;https://www.sec.gov/Archives/edgar/data/319201/000031920126000024/exhibit991earningsrelease7.htm,63fb2778b69218d15936c66de2efa74c38309e01b5a230598634b02c2ed5eca6;0b81b4d61d537dac231a8a921d1344449ac1140e9144a62594aa191d5c74dd60,NONE,REVIEW_REQUIRED_EVENT_EVIDENCE,False,refresh_20261009T042704Z_refresh_fundamentals_c7bbcb6dfda4_production_adc49771,2026-10-09T09:00:48Z
1225,2025,Q1,43603,2024-05-31,KMX,UNRESOLVED,FINANCIAL_SCOPE_REVIEW_REQUIRED,NO_EXPLICIT_QUARTER_CONSOLIDATED_REVENUE_GAAP_NET_AND_BROAD_P_AND_L_PACKAGE,0001170010-24-000084,8-K,kmx-20240621.htm,https://www.sec.gov/Archives/edgar/data/1170010/000117001024000084/kmx-20240621.htm,2024-06-21T14:53:38Z,a41ad799cf70a577780ed139f2708ff28989ee7a783f22dd3f3fbeb0516bff60,27acff3e14c4bef2b80d6f5a4ed1e7c5f139d4bd371fa5689396048aede3ff0d,88ca2a12f9231ed36de4aaf176d0b4c56dcd29c617966766a4d7288b0d634541,2,https://www.sec.gov/Archives/edgar/data/1170010/000117001024000084/kmx-20240621.htm;https://www.sec.gov/Archives/edgar/data/1170010/000117001024000084/q1fy25earningsrelease.htm,d47157fb5db76f376e28a504b7b67999d40623177d4c54069f776784e87d7d62;b0524b428d0c7addf734d76bf81dca747261aaa795c0ef7d711cc7727c789b8d,NONE,REVIEW_REQUIRED_EVENT_EVIDENCE,False,refresh_20261009T042704Z_refresh_fundamentals_c7bbcb6dfda4_production_adc49771,2026-10-09T09:00:48Z
1225,2025,Q2,43604,2024-08-31,KMX,UNRESOLVED,FINANCIAL_SCOPE_REVIEW_REQUIRED,NO_EXPLICIT_QUARTER_CONSOLIDATED_REVENUE_GAAP_NET_AND_BROAD_P_AND_L_PACKAGE,0001170010-24-000128,8-K,kmx-20240926.htm,https://www.sec.gov/Archives/edgar/data/1170010/000117001024000128/kmx-20240926.htm,2024-09-26T14:56:13Z,d830e492a535c447f1dce1372becad2d279607b6a8926b6481ebf94eaa61f54a,115bd2a8834aef4430031506baafd2b03bc04314d06e844db60fc9636ef8ff11,11210a96a53c0b1cca248acf44aa2b375ab7820d9af073c41ab581ac68cd220c,2,https://www.sec.gov/Archives/edgar/data/1170010/000117001024000128/kmx-20240926.htm;https://www.sec.gov/Archives/edgar/data/1170010/000117001024000128/q2fy25earningsrelease.htm,0047c91d4612431e22542649410f46dbf84c79be922be3dca7424ff1615fa692;6106144f61d1b6a8e5e865a8ae6e9abae06ca7f7d002fc1bb9ab426761033a41,NONE,REVIEW_REQUIRED_EVENT_EVIDENCE,False,refresh_20261009T042704Z_refresh_fundamentals_c7bbcb6dfda4_production_adc49771,2026-10-09T09:00:48Z
1225,2025,Q3,43605,2024-11-30,KMX,UNRESOLVED,FINANCIAL_SCOPE_REVIEW_REQUIRED,NO_EXPLICIT_QUARTER_CONSOLIDATED_REVENUE_GAAP_NET_AND_BROAD_P_AND_L_PACKAGE,0001170010-24-000132,8-K,kmx-20241219.htm,https://www.sec.gov/Archives/edgar/data/1170010/000117001024000132/kmx-20241219.htm,2024-12-19T16:56:08Z,ee209f1a18e95416411ae5ec5de6b110d6bc7078f962f9fee34b050527865429,7f59dc8d228d2b3c223a028e3d0681733fd07ff8e7233536f586f343ed00928a,16c8da0f4611932f367665dc195e2f4d26070b4855faca03ada809a89050e6b8,2,https://www.sec.gov/Archives/edgar/data/1170010/000117001024000132/kmx-20241219.htm;https://www.sec.gov/Archives/edgar/data/1170010/000117001024000132/q3fy25earningsrelease.htm,f95ea416680488b64d0ef6282c5b9fbc64e98a318bbc6f15a91d0c396eef712f;0a955c4986dce8e175584e90f28b9bb7a70f5261efd8cd4a394a09a90f9d1d06,NONE,REVIEW_REQUIRED_EVENT_EVIDENCE,False,refresh_20261009T042704Z_refresh_fundamentals_c7bbcb6dfda4_production_adc49771,2026-10-09T09:00:48Z
1237,2025,Q1,44053,2024-09-30,KOSS,UNRESOLVED,PERIOD_SCOPE_REVIEW_REQUIRED,NO_EXPLICIT_QUARTER_END_MATCH_IN_RETAINED_RESULTS_CONTENT,0000056701-24-000041,8-K,koss-20241031x8k.htm,https://www.sec.gov/Archives/edgar/data/56701/000005670124000041/koss-20241031x8k.htm,2024-10-31T21:20:10Z,a621d99b9074f6bbdb9144ce060121ba237138c5b118f936cc0cb1d2c64ff2bc,f4335878c039c825ca762c8ec59d69aa7ad06a5d9c8a3f76a3f16347c3821390,201e27338968b58b9e3c8ad118ed96a12fb66870b638895e4291c7319fa66a57,1,https://www.sec.gov/Archives/edgar/data/56701/000005670124000041/koss-20241031x8k.htm,2274d7920db7d44f3275aff3cb342b9f054cc059239e10f962047a2e30f953e9,NONE,REVIEW_REQUIRED_EVENT_EVIDENCE,False,refresh_20261009T042704Z_refresh_fundamentals_c7bbcb6dfda4_production_adc49771,2026-10-09T09:00:48Z
1237,2025,Q2,44054,2024-12-31,KOSS,UNRESOLVED,PERIOD_SCOPE_REVIEW_REQUIRED,NO_EXPLICIT_QUARTER_END_MATCH_IN_RETAINED_RESULTS_CONTENT,0000056701-25-000006,8-K,koss-20250130x8k.htm,https://www.sec.gov/Archives/edgar/data/56701/000005670125000006/koss-20250130x8k.htm,2025-01-30T22:20:31Z,3b0a3ffea69c1ebebb1e5f0918c096054fa5872ab4ff72e41b1cf8ea8f2fdfc4,df62f32fb96fce55d9e39a0eaa76339a2da5851848abc9ea351027ff17f525c3,5a7a6306c5d3f6274d38efebd6cfe7f212239a3afb38acce54ffbcc6b79183ae,1,https://www.sec.gov/Archives/edgar/data/56701/000005670125000006/koss-20250130x8k.htm,47013cb3a4b62d466e928434828279a52c2b41cf77f52bcbac8d6ea67cf4df48,NONE,REVIEW_REQUIRED_EVENT_EVIDENCE,False,refresh_20261009T042704Z_refresh_fundamentals_c7bbcb6dfda4_production_adc49771,2026-10-09T09:00:48Z
1237,2025,Q3,44055,2025-03-31,KOSS,UNRESOLVED,PERIOD_SCOPE_REVIEW_REQUIRED,NO_EXPLICIT_QUARTER_END_MATCH_IN_RETAINED_RESULTS_CONTENT,0000056701-25-000015,8-K,koss-20250508x8k.htm,https://www.sec.gov/Archives/edgar/data/56701/000005670125000015/koss-20250508x8k.htm,2025-05-08T21:17:52Z,e31d0d951d62a7841614a72cd96efcf0f3e994ba6bbf7ae2260ab9baa541ac2f,98e35bebe13a452e8f0a090cf8becaead93eaec6eba557ecfc6f64f7bd364515,851f249ae3065e4aef68cf11bddcd38f86ea6839f1d12efa34da659a28b8e2b8,1,https://www.sec.gov/Archives/edgar/data/56701/000005670125000015/koss-20250508x8k.htm,e42c20e8d576dceb02b9db34206d1a7c271d5a9898cb752ae42d422f35a33ef3,NONE,REVIEW_REQUIRED_EVENT_EVIDENCE,False,refresh_20261009T042704Z_refresh_fundamentals_c7bbcb6dfda4_production_adc49771,2026-10-09T09:00:48Z
1237,2025,Q4,44056,2025-06-30,KOSS,UNRESOLVED,PERIOD_SCOPE_REVIEW_REQUIRED,NO_EXPLICIT_QUARTER_END_MATCH_IN_RETAINED_RESULTS_CONTENT,0000056701-25-000042,8-K,koss-20250828x8k.htm,https://www.sec.gov/Archives/edgar/data/56701/000005670125000042/koss-20250828x8k.htm,2025-08-28T21:20:04Z,c821fef881f572279d8dedc705b5bf7ae8308997b8a1e5acff7c943d232e3341,67ab211c5f34149f20303234de73a1068eb461293016eb7f960c8bc8e196ae64,b0594308b7a409d3d4737426b1063f728dff5276cd0e6687a00427e86170ae96,1,https://www.sec.gov/Archives/edgar/data/56701/000005670125000042/koss-20250828x8k.htm,be89eac93b6b40aa77a4bdffb8d27763a4598e3126a4f6cd6f21c175640b6e44,NONE,REVIEW_REQUIRED_EVENT_EVIDENCE,False,refresh_20261009T042704Z_refresh_fundamentals_c7bbcb6dfda4_production_adc49771,2026-10-09T09:00:48Z
1237,2026,Q1,44057,2025-09-30,KOSS,UNRESOLVED,PERIOD_SCOPE_REVIEW_REQUIRED,NO_EXPLICIT_QUARTER_END_MATCH_IN_RETAINED_RESULTS_CONTENT,0000056701-25-000057,8-K,koss-20251030x8k.htm,https://www.sec.gov/Archives/edgar/data/56701/000005670125000057/koss-20251030x8k.htm,2025-10-30T21:20:16Z,cdb163c75cbe9669b728a407c1f3c96d760a221c504a35945ce494a50174f6c3,3d850b8867fc08043e3b998baa1e4537aa37d0e91b1149b1217ae25ea8217c1c,b767f4d262f6a0c882accfe75648772c062b05485c9917661fa709b8a50df21d,1,https://www.sec.gov/Archives/edgar/data/56701/000005670125000057/koss-20251030x8k.htm,51de0323d37750d8d372c61b4a3ae5c5e6b07bbbedad38d0c0361c66ea7a782c,NONE,REVIEW_REQUIRED_EVENT_EVIDENCE,False,refresh_20261009T042704Z_refresh_fundamentals_c7bbcb6dfda4_production_adc49771,2026-10-09T09:00:48Z
1251,2025,Q1,44547,2025-03-29,KTB,NOT_FOUND,FINANCIAL_SCOPE_REVIEW_REQUIRED,NO_EXPLICIT_QUARTER_CONSOLIDATED_REVENUE_GAAP_NET_AND_BROAD_P_AND_L_PACKAGE,0001760965-25-000045,8-K,ktb-20250506.htm,https://www.sec.gov/Archives/edgar/data/1760965/000176096525000045/ktb-20250506.htm,2025-05-06T14:51:18Z,41f73ca211a36d072422a0753ea080309eb18e486dd9b5263ce85dbd38388706,d5a1969b104fe96b39be22048bc8211cba4e95a555abecd76ed99efb51c5858f,cd8abb20eb4ca3f3282d998c80747572a816be0c1b7e91ea314dbfd1757c5c2c,2,https://www.sec.gov/Archives/edgar/data/1760965/000176096525000045/ktb-20250506.htm;https://www.sec.gov/Archives/edgar/data/1760965/000176096525000045/a2025q1ktberexhibit991.htm,91db0657e5ac8eeb8f2ef14c4c6ac59e81b879a079f78633a0c76678ad004f80;236850a10905433b7971604a8ca2cd23cd2d62347b3f93195322ba9fd120f213,NONE,REVIEW_REQUIRED_EVENT_EVIDENCE,False,refresh_20261009T042704Z_refresh_fundamentals_c7bbcb6dfda4_production_adc49771,2026-10-09T09:00:48Z
1251,2025,Q2,44548,2025-06-28,KTB,NOT_FOUND,FINANCIAL_SCOPE_REVIEW_REQUIRED,NO_EXPLICIT_QUARTER_CONSOLIDATED_REVENUE_GAAP_NET_AND_BROAD_P_AND_L_PACKAGE,0001760965-25-000078,8-K,ktb-20250807.htm,https://www.sec.gov/Archives/edgar/data/1760965/000176096525000078/ktb-20250807.htm,2025-08-07T14:51:35Z,82a26ac3d21cdd0ace5f3da393da5493d8b5ea016977bfddb4e760789ef3d41d,a200ca3c5784e22a7bfb9fb7b49e673d05ae916fbe26cf258163ceae9713c2f7,a1edf259f383cf36c4e759f40e85052028a2a4b76b29577bd99fd5473a08a6e5,2,https://www.sec.gov/Archives/edgar/data/1760965/000176096525000078/ktb-20250807.htm;https://www.sec.gov/Archives/edgar/data/1760965/000176096525000078/a2025q2ktberexhibit991.htm,b5804859e3c049d6834666f5ed737c6341ddac4cc09ec6905e33a546e6b3eab8;6ad74cc312b1aa37c18d927c1ed3254ad5b11affa861952576b338e5e1e60dfb,NONE,REVIEW_REQUIRED_EVENT_EVIDENCE,False,refresh_20261009T042704Z_refresh_fundamentals_c7bbcb6dfda4_production_adc49771,2026-10-09T09:00:48Z
1251,2025,Q3,44549,2025-09-27,KTB,NOT_FOUND,FINANCIAL_SCOPE_REVIEW_REQUIRED,NO_EXPLICIT_QUARTER_CONSOLIDATED_REVENUE_GAAP_NET_AND_BROAD_P_AND_L_PACKAGE,0001760965-25-000100,8-K,ktb-20251103.htm,https://www.sec.gov/Archives/edgar/data/1760965/000176096525000100/ktb-20251103.htm,2025-11-03T16:57:05Z,13275ec843ce710bba4f08d220cfd4e21e68fae64a7596ee3c4b10f9bd76ed53,1579c0dbc545f749edb990ee26c39f56ce50fb56d130b79a9ae4ea21c1085774,f4184e55c59c4a11b6605e43e38a44b3da727982d3b2e845b0e2c40e62074ad6,2,https://www.sec.gov/Archives/edgar/data/1760965/000176096525000100/ktb-20251103.htm;https://www.sec.gov/Archives/edgar/data/1760965/000176096525000100/a2025q3ktberexhibit991.htm,8a9423e017f5b3b27e23efd89893c880b8e37ec8dd75041874ce9ea8921849b4;59eb9834a94451fc9d7842b96d2b0b5bcdfe10ae11f5dcc9eea0850f314d3e04,NONE,REVIEW_REQUIRED_EVENT_EVIDENCE,False,refresh_20261009T042704Z_refresh_fundamentals_c7bbcb6dfda4_production_adc49771,2026-10-09T09:00:48Z
1255,2025,Q1,44658,2025-03-31,KVYO,NOT_FOUND,FINANCIAL_SCOPE_REVIEW_REQUIRED,NO_EXPLICIT_QUARTER_CONSOLIDATED_REVENUE_GAAP_NET_AND_BROAD_P_AND_L_PACKAGE,0001835830-25-000053,8-K,kvyo-20250506.htm,https://www.sec.gov/Archives/edgar/data/1835830/000183583025000053/kvyo-20250506.htm,2025-05-07T00:10:00Z,b17f0f06883679a59103fffe09732f218696f9419ed649d5c33cf4ebb87f82a9,3942d4949931c63c7a792997d42541fa01bc4e27fd2ea0df24536c38a5ff91f3,c0b39d51f84f9110a8b8b397ebd11d78786af0b62c40b5d64226f55c60922d6e,1,https://www.sec.gov/Archives/edgar/data/1835830/000183583025000053/kvyo-20250506.htm,f4c748f06c3e0b18a82e82ddb1bbb4cce76cbb10d602b806c06f4e8049cae876,NONE,REVIEW_REQUIRED_EVENT_EVIDENCE,False,refresh_20261009T042704Z_refresh_fundamentals_c7bbcb6dfda4_production_adc49771,2026-10-09T09:00:48Z
1255,2025,Q2,44659,2025-06-30,KVYO,NOT_FOUND,FINANCIAL_SCOPE_REVIEW_REQUIRED,NO_EXPLICIT_QUARTER_CONSOLIDATED_REVENUE_GAAP_NET_AND_BROAD_P_AND_L_PACKAGE,0001835830-25-000083,8-K,kvyo-20250805.htm,https://www.sec.gov/Archives/edgar/data/1835830/000183583025000083/kvyo-20250805.htm,2025-08-06T00:11:31Z,0986b85407d04f9a06aed88bda4b3c742ba3b92053576f1a602df0f820b8ca06,a4a76171dff1baa10403e4dfe3c196cd0b7897b8b418c6cf900a3a7874a850be,86ef4ba47602b4537d6c1e4bdf55893360787354daa85bc422b2ed8549a72e88,1,https://www.sec.gov/Archives/edgar/data/1835830/000183583025000083/kvyo-20250805.htm,4dc5266d16b28ccf91870c9873f8c46cfa5856259b6972d239c55f48c0654796,NONE,REVIEW_REQUIRED_EVENT_EVIDENCE,False,refresh_20261009T042704Z_refresh_fundamentals_c7bbcb6dfda4_production_adc49771,2026-10-09T09:00:48Z
1255,2025,Q3,44660,2025-09-30,KVYO,NOT_FOUND,FINANCIAL_SCOPE_REVIEW_REQUIRED,NO_EXPLICIT_QUARTER_CONSOLIDATED_REVENUE_GAAP_NET_AND_BROAD_P_AND_L_PACKAGE,0001835830-25-000109,8-K,kvyo-20251105.htm,https://www.sec.gov/Archives/edgar/data/1835830/000183583025000109/kvyo-20251105.htm,2025-11-06T02:09:34Z,9b1d8020e2efb72e5763cc025d43f2dbfc27469e35c285cf4d2196e7205ca969,0e11a36b4a6c266f2f1d87e837b6e4c92fc6c126f339044c5c467f6f697f2664,e6a3533be0550e69b4235687be3e747d40df2cf6cac3b9006a828c1bcd9589cc,1,https://www.sec.gov/Archives/edgar/data/1835830/000183583025000109/kvyo-20251105.htm,174fe7622b482faf3db616e3ed6efe33a777b69c97cf01f2530ed51a5e13c1ac,NONE,REVIEW_REQUIRED_EVENT_EVIDENCE,False,refresh_20261009T042704Z_refresh_fundamentals_c7bbcb6dfda4_production_adc49771,2026-10-09T09:00:48Z
1255,2025,Q4,44661,2025-12-31,KVYO,NOT_FOUND,PERIOD_SCOPE_REVIEW_REQUIRED,NO_EXPLICIT_QUARTER_END_MATCH_IN_RETAINED_RESULTS_CONTENT,0001835830-26-000005,8-K,kvyo-20260210.htm,https://www.sec.gov/Archives/edgar/data/1835830/000183583026000005/kvyo-20260210.htm,2026-02-11T02:05:49Z,805b279e261f8eea767e50b03b5a6a2ec275986e2682661eef1f9848172d4f49,759b6c6c502557a358dfe282a82aa58f24a79f3ad390f4e645be4a3434429e14,4f33f2a6012c0ca64ddc3fd2cc4030c7fe663ad962cef017ee1afad60b640501,1,https://www.sec.gov/Archives/edgar/data/1835830/000183583026000005/kvyo-20260210.htm,ad13b8772e82bc09eb209930ec4c95782fe084cacacb502ef1e9508b1f982d9d,NONE,REVIEW_REQUIRED_EVENT_EVIDENCE,False,refresh_20261009T042704Z_refresh_fundamentals_c7bbcb6dfda4_production_adc49771,2026-10-09T09:00:48Z
1255,2026,Q1,44662,2026-03-31,KVYO,NOT_FOUND,FINANCIAL_SCOPE_REVIEW_REQUIRED,NO_EXPLICIT_QUARTER_CONSOLIDATED_REVENUE_GAAP_NET_AND_BROAD_P_AND_L_PACKAGE,0001835830-26-000026,8-K,kvyo-20260501.htm,https://www.sec.gov/Archives/edgar/data/1835830/000183583026000026/kvyo-20260501.htm,2026-05-06T00:11:59Z,180d6b952c671b64322ea78c9f9e7121a70c53009d97fc5dac02745fa3e7b79b,8051dd8bfa4666b57726f09f10d4e7965fd2d2bfa5008f323688c299988e2ac3,46ea4a6ec634c275c48908c7d1c15047de361ce8bc086caf79f45ea752d2220f,1,https://www.sec.gov/Archives/edgar/data/1835830/000183583026000026/kvyo-20260501.htm,fb3615d08a7bbbec6f46b470fd840dbbd6f1ca8e9db0730fd73cb7f3bfc9afdb,NONE,REVIEW_REQUIRED_EVENT_EVIDENCE,False,refresh_20261009T042704Z_refresh_fundamentals_c7bbcb6dfda4_production_adc49771,2026-10-09T09:00:48Z
1255,2026,Q2,44663,2026-06-30,KVYO,NOT_FOUND,FINANCIAL_SCOPE_REVIEW_REQUIRED,NO_EXPLICIT_QUARTER_CONSOLIDATED_REVENUE_GAAP_NET_AND_BROAD_P_AND_L_PACKAGE,0001835830-26-000039,8-K,kvyo-20260805.htm,https://www.sec.gov/Archives/edgar/data/1835830/000183583026000039/kvyo-20260805.htm,2026-08-06T00:09:08Z,02b16e08673553c5692738d823b5779cf70b15ddf19ef826a2bcee0cfd05c1af,fb6ac45e4b32976bfe74ffcd2162ee00707b8f4b8abf8a95af7263056112b0ee,d2abc0ced2f7a53b57b333b46c1ca924df36ed81a957460630846ff695f5d85a,1,https://www.sec.gov/Archives/edgar/data/1835830/000183583026000039/kvyo-20260805.htm,cf745a8466115c6ff1c1cd83a777508e13e2fbd5bc588cb8ceac7f1d84abbdf9,NONE,REVIEW_REQUIRED_EVENT_EVIDENCE,False,refresh_20261009T042704Z_refresh_fundamentals_c7bbcb6dfda4_production_adc49771,2026-10-09T09:00:48Z
1259,2025,Q1,44779,2025-03-31,LAB,NOT_FOUND,FINANCIAL_SCOPE_REVIEW_REQUIRED,NO_EXPLICIT_QUARTER_CONSOLIDATED_REVENUE_GAAP_NET_AND_BROAD_P_AND_L_PACKAGE,0000950170-25-064439,8-K,lab-20250506.htm,https://www.sec.gov/Archives/edgar/data/1162194/000095017025064439/lab-20250506.htm,2025-05-07T00:05:23Z,96733a79a19f32f1e3f7db0a5ad6026dd5cd1ab6e2eef8601d9a69c5a887dd36,01e070326883f91201e5109710ef0499b42c1648f9799531552ed55be8ed9cd8,e11b111835232e6c4a574878d6d26336ab190b658384e15d63f3a15fcbcf8162,1,https://www.sec.gov/Archives/edgar/data/1162194/000095017025064439/lab-20250506.htm,44019e45794422f1ac730b711437ff338418cd068d21bc3e113a6fde675ee884,NONE,REVIEW_REQUIRED_EVENT_EVIDENCE,False,refresh_20261009T042704Z_refresh_fundamentals_c7bbcb6dfda4_production_adc49771,2026-10-09T09:00:48Z
1259,2025,Q2,44780,2025-06-30,LAB,NOT_FOUND,PERIOD_SCOPE_REVIEW_REQUIRED,NO_EXPLICIT_QUARTER_END_MATCH_IN_RETAINED_RESULTS_CONTENT,0000950170-25-106636,8-K,lab-20250811.htm,https://www.sec.gov/Archives/edgar/data/1162194/000095017025106636/lab-20250811.htm,2025-08-12T01:00:32Z,dd72dc9c87e6843575b4b62dc16588ff6be211a5842773ab24c25f37aa0e7398,85ee52e4337dddf9d13fc2426a5de419cd92b56ccc9e4c10dd528bf5f81739af,a1dfc3049f5c3e1b15658baf3b328cf9ba4d0898041a5287303b5d61c817774a,1,https://www.sec.gov/Archives/edgar/data/1162194/000095017025106636/lab-20250811.htm,3533c83cb08bdb7c97eff3a8c1f8e77cc8b95fbd298ad82d2491e17d9bb5bd8b,NONE,REVIEW_REQUIRED_EVENT_EVIDENCE,False,refresh_20261009T042704Z_refresh_fundamentals_c7bbcb6dfda4_production_adc49771,2026-10-09T09:00:48Z
1259,2026,Q1,44783,2026-03-31,LAB,NOT_FOUND,FINANCIAL_SCOPE_REVIEW_REQUIRED,NO_EXPLICIT_QUARTER_CONSOLIDATED_REVENUE_GAAP_NET_AND_BROAD_P_AND_L_PACKAGE,0001193125-26-206395,8-K,lab-20260505.htm,https://www.sec.gov/Archives/edgar/data/1162194/000119312526206395/lab-20260505.htm,2026-05-06T00:10:18Z,62ef7141c242fc9cc35fe8b732bf1719c3d7df1b3bb32962bcc97767c8a16c53,9e2e66b5a2fccf538fe14701657609f3ed9f857015909aaa73a0724e370c7ba0,c1bde532ad3a04e24bd69588a610e87c06d26535b149f1305d228d0ba4cc3ebe,1,https://www.sec.gov/Archives/edgar/data/1162194/000119312526206395/lab-20260505.htm,77729a3eb8a8d8a42de197967c5dd816b0ff8e7407837efbda6afcb10f62d2a1,NONE,REVIEW_REQUIRED_EVENT_EVIDENCE,False,refresh_20261009T042704Z_refresh_fundamentals_c7bbcb6dfda4_production_adc49771,2026-10-09T09:00:48Z
1259,2026,Q2,44784,2026-06-30,LAB,NOT_FOUND,PERIOD_SCOPE_REVIEW_REQUIRED,NO_EXPLICIT_QUARTER_END_MATCH_IN_RETAINED_RESULTS_CONTENT,0001193125-26-335106,8-K,lab-20260805.htm,https://www.sec.gov/Archives/edgar/data/1162194/000119312526335106/lab-20260805.htm,2026-08-06T00:10:20Z,d4fc0a0d59cf59cbde675df8d8bb189aad6837d17749d6ceebaa5f38ec62693d,017caaefaaf23499087a45deeefd7de1d0738d079e49b5d56282e78d4cda7f9f,68246d0c2d757be0b482917ae3e0daf3b5adbfd3e0d3487467f312974b08b415,1,https://www.sec.gov/Archives/edgar/data/1162194/000119312526335106/lab-20260805.htm,12e1329fef11d20ee13d86da5961df00666da82ca2e4ff3fa8d63aeb7b907c08,NONE,REVIEW_REQUIRED_EVENT_EVIDENCE,False,refresh_20261009T042704Z_refresh_fundamentals_c7bbcb6dfda4_production_adc49771,2026-10-09T09:00:48Z
1293,2025,Q1,46024,2025-03-28,LHX,UNRESOLVED,PERIOD_SCOPE_REVIEW_REQUIRED,NO_EXPLICIT_QUARTER_END_MATCH_IN_RETAINED_RESULTS_CONTENT,0000202058-25-000098,8-K,hrs-20250424.htm,https://www.sec.gov/Archives/edgar/data/202058/000020205825000098/hrs-20250424.htm,2025-04-24T10:55:27Z,bcda7ce9ce792dc37797c491c6d5d4dd835be40b384e620ea6b3bc8289803022,f4bb2730a16eebb52e9c8bb6116f9cc395cc389ad4cfea47d51269a8c6048c5b,63343acfabec6fc37aa06ba31482d3a369f937a24ac559a56e40a3923e5c740a,2,https://www.sec.gov/Archives/edgar/data/202058/000020205825000098/hrs-20250424.htm;https://www.sec.gov/Archives/edgar/data/202058/000020205825000098/exhibit991q1cy25earnings.htm,ec6bce64d7c50ffd861c004d1e532bd67d56f98e043be13c4bcfaef68c7d086c;5ea12ca5cfb44727a7c62d7398a4e0415c9cb030b6b8a86de16edc846423b55d,NONE,REVIEW_REQUIRED_EVENT_EVIDENCE,False,refresh_20261009T042704Z_refresh_fundamentals_c7bbcb6dfda4_production_adc49771,2026-10-09T09:00:48Z
1293,2025,Q2,46025,2025-06-27,LHX,UNRESOLVED,PERIOD_SCOPE_REVIEW_REQUIRED,NO_EXPLICIT_QUARTER_END_MATCH_IN_RETAINED_RESULTS_CONTENT,0000202058-25-000147,8-K,hrs-20250724.htm,https://www.sec.gov/Archives/edgar/data/202058/000020205825000147/hrs-20250724.htm,2025-07-24T10:55:38Z,ef6da403dd8c66e2af6a6f1d5f5908ee9eb7db25825430b8a7315a785dbf0d20,8a44766ded9ba482fccc85cf6d66d62d4eaeef35a474d47133b62baba53d06ee,05a03972ea3b081da9f6f417eb6364e905ad3edfe43106617ce0b444ad4015a8,2,https://www.sec.gov/Archives/edgar/data/202058/000020205825000147/hrs-20250724.htm;https://www.sec.gov/Archives/edgar/data/202058/000020205825000147/exhibit991q2cy25earnings.htm,b0b181c16c5eb62c894138b21c665a2f49cab66e92fa64450b7625954a4fc29f;dc5d8b5513e6d599bcd8cbb8fb6498146485dc7ae0e3b8d7f1fe4188abedfaaa,NONE,REVIEW_REQUIRED_EVENT_EVIDENCE,False,refresh_20261009T042704Z_refresh_fundamentals_c7bbcb6dfda4_production_adc49771,2026-10-09T09:00:48Z
1293,2025,Q3,46026,2025-10-03,LHX,UNRESOLVED,PERIOD_SCOPE_REVIEW_REQUIRED,NO_EXPLICIT_QUARTER_END_MATCH_IN_RETAINED_RESULTS_CONTENT,0000202058-25-000169,8-K,hrs-20251030.htm,https://www.sec.gov/Archives/edgar/data/202058/000020205825000169/hrs-20251030.htm,2025-10-30T10:55:22Z,05876d4ac304c34fcefd4e14142d638b8cae8dbf7757f1c19b0b1a61ea74ab2e,2a121cbe62c4ba3a6cdc7efcc38b9af37ab2b8130dc270f31599d071c71d8354,caa6b180bcaa8f62d85cbb4cff9987979cf6e5c1124659088dcd8cdb4b10f1e7,2,https://www.sec.gov/Archives/edgar/data/202058/000020205825000169/hrs-20251030.htm;https://www.sec.gov/Archives/edgar/data/202058/000020205825000169/exhibit991q3cy25earnings.htm,d860c0b54ca9c3b7520c911bfcfb27a096d8889ee5e8f5af55c395de8009c714;4d3bfd0dc41b3a3adcfe98e469534fc35263a86a660a7e7513173bdff8a5eca1,NONE,REVIEW_REQUIRED_EVENT_EVIDENCE,False,refresh_20261009T042704Z_refresh_fundamentals_c7bbcb6dfda4_production_adc49771,2026-10-09T09:00:48Z
1293,2025,Q4,46027,2026-01-02,LHX,UNRESOLVED,PERIOD_SCOPE_REVIEW_REQUIRED,NO_EXPLICIT_QUARTER_END_MATCH_IN_RETAINED_RESULTS_CONTENT,0000202058-26-000008,8-K,hrs-20260129.htm,https://www.sec.gov/Archives/edgar/data/202058/000020205826000008/hrs-20260129.htm,2026-01-29T11:57:40Z,9e32603194156d4dd7a763992f575c82999d9cc272176b02619c918a2bebce5c,9f8b8d42eac626cd8efb849f6839829750bf1add4c13b0ddbc7ff4b9f0202b3f,bc80df9eed7acb94dbaaa350941253b72b7cbd0f1a019344fc0d2e46ba7eb4f1,2,https://www.sec.gov/Archives/edgar/data/202058/000020205826000008/hrs-20260129.htm;https://www.sec.gov/Archives/edgar/data/202058/000020205826000008/exhibit991q4cy25earnings.htm,954f430f2e9928962589f3c98e36e497a1d1ff7cff24152977ec95938b6adba7;d3e09939b77437f25da06645a1a5c0343b7237a7d2dd4bc0d1e62209304165ee,NONE,REVIEW_REQUIRED_EVENT_EVIDENCE,False,refresh_20261009T042704Z_refresh_fundamentals_c7bbcb6dfda4_production_adc49771,2026-10-09T09:00:48Z
1293,2026,Q1,46028,2026-04-03,LHX,UNRESOLVED,PERIOD_SCOPE_REVIEW_REQUIRED,NO_EXPLICIT_QUARTER_END_MATCH_IN_RETAINED_RESULTS_CONTENT,0000202058-26-000032,8-K,hrs-20260430.htm,https://www.sec.gov/Archives/edgar/data/202058/000020205826000032/hrs-20260430.htm,2026-04-30T10:56:47Z,2000fd3396521c49f3bd4f35ab1205f07e01021f9e7827bc6fdd801cf0a72f0d,5b979b75ad802eccdd6c26b4c9080a65a5b94918eccbb1c2035b7e0c14187ec8,c1511b18ea37d6997bcdc9726fd05836112773022418134d540dbc197e92f518,2,https://www.sec.gov/Archives/edgar/data/202058/000020205826000032/hrs-20260430.htm;https://www.sec.gov/Archives/edgar/data/202058/000020205826000032/exhibit991q1cy26earnings.htm,060cde79b5bcfb7f6ea119117191fd24d6411207f485d7f6c8ddfb37045f1251;f4ade31b14b43cc68051a1d18c5f612d14a28c5a7d7b4268271ee916a6591072,NONE,REVIEW_REQUIRED_EVENT_EVIDENCE,False,refresh_20261009T042704Z_refresh_fundamentals_c7bbcb6dfda4_production_adc49771,2026-10-09T09:00:48Z
1293,2026,Q2,46029,2026-07-03,LHX,UNRESOLVED,PERIOD_SCOPE_REVIEW_REQUIRED,NO_EXPLICIT_QUARTER_END_MATCH_IN_RETAINED_RESULTS_CONTENT,0000202058-26-000054,8-K,hrs-20260729.htm,https://www.sec.gov/Archives/edgar/data/202058/000020205826000054/hrs-20260729.htm,2026-07-29T20:08:15Z,18c786c39ca10e7662e68f6e79b1c067357bc9e2d210dddce8feea6038500085,79c89830f57e52aef9804813bdbb0a832585115ecc3197a958ebf584151ee73d,8925e5c110a6336ee79cfa6b44ef3e7e8456badba306a8a6838af4104a7a02e8,2,https://www.sec.gov/Archives/edgar/data/202058/000020205826000054/hrs-20260729.htm;https://www.sec.gov/Archives/edgar/data/202058/000020205826000054/exhibit991q2cy26earnings.htm,ddfa8c0997583e380e7c551cc3972f7abd90c1325fc844f3c8af34767dabe901;a5735772a54648ad37bd7ed5ba667d264ceab400f80dcfe8f7608268bb9ac69e,NONE,REVIEW_REQUIRED_EVENT_EVIDENCE,False,refresh_20261009T042704Z_refresh_fundamentals_c7bbcb6dfda4_production_adc49771,2026-10-09T09:00:48Z
1334,2025,Q1,47544,2025-03-31,LTC,NOT_FOUND,FINANCIAL_SCOPE_REVIEW_REQUIRED,NO_EXPLICIT_QUARTER_CONSOLIDATED_REVENUE_GAAP_NET_AND_BROAD_P_AND_L_PACKAGE,0001558370-25-006301,8-K,ltc-20250505x8k.htm,https://www.sec.gov/Archives/edgar/data/887905/000155837025006301/ltc-20250505x8k.htm,2025-05-05T20:18:07Z,0d5bf62e464de3dc476dbe07fc66b51415e04836a372d6ab2b4780519849f991,96663e09073bd8a7e8a51bb8f17aa77542e4331982da0e239165aea1117ba20c,6bf1ff8b2c34c40f1ff287b0bce21fb8606cf840cadb2d35400b6e9f46dd179e,1,https://www.sec.gov/Archives/edgar/data/887905/000155837025006301/ltc-20250505x8k.htm,a8c8bc3b230192630069a6c727dbb2388b7b56ba600fde2f7434a1e051b391da,NONE,REVIEW_REQUIRED_EVENT_EVIDENCE,False,refresh_20261009T042704Z_refresh_fundamentals_c7bbcb6dfda4_production_adc49771,2026-10-09T09:00:48Z
1334,2025,Q2,47545,2025-06-30,LTC,NOT_FOUND,FINANCIAL_SCOPE_REVIEW_REQUIRED,NO_EXPLICIT_QUARTER_CONSOLIDATED_REVENUE_GAAP_NET_AND_BROAD_P_AND_L_PACKAGE,0001558370-25-010105,8-K,ltc-20250804x8k.htm,https://www.sec.gov/Archives/edgar/data/887905/000155837025010105/ltc-20250804x8k.htm,2025-08-04T20:19:05Z,77d7bc5605680193baa448c55defad182730ddb393a1f313147f48e5f47186a8,416e18877d53fc5e633b7463501a51605c86bd74c198422f75bf7d6d0338c63b,34a8ee40a9eae25ebad3930ec1eff5e1dd3bd423ce962a7dd62c31927304486b,1,https://www.sec.gov/Archives/edgar/data/887905/000155837025010105/ltc-20250804x8k.htm,69d9ced9817ba5a76fb3726003c3118317f1e8963ae977cfdc82d3cebe0b0376,NONE,REVIEW_REQUIRED_EVENT_EVIDENCE,False,refresh_20261009T042704Z_refresh_fundamentals_c7bbcb6dfda4_production_adc49771,2026-10-09T09:00:48Z
1334,2025,Q3,47546,2025-09-30,LTC,NOT_FOUND,FINANCIAL_SCOPE_REVIEW_REQUIRED,NO_EXPLICIT_QUARTER_CONSOLIDATED_REVENUE_GAAP_NET_AND_BROAD_P_AND_L_PACKAGE,0001104659-25-106311,8-K,ltc-20251104x8k.htm,https://www.sec.gov/Archives/edgar/data/887905/000110465925106311/ltc-20251104x8k.htm,2025-11-04T21:22:50Z,ca6e464b6c57e2b024138cf73eaabb712053fe5c5103d9fbd3d6f281862e5bcc,e5eee2e485b23e994b5801b612f45ce87c01d94168674245cb464595c7bd2fb3,b3c2822e32c44035c45b99ef48e58ea107b4311851da406ae76ef7939ed25437,1,https://www.sec.gov/Archives/edgar/data/887905/000110465925106311/ltc-20251104x8k.htm,5876cb36b2c739aa381169d7cf6fed9d3509600083012675f3b88cb576299d06,NONE,REVIEW_REQUIRED_EVENT_EVIDENCE,False,refresh_20261009T042704Z_refresh_fundamentals_c7bbcb6dfda4_production_adc49771,2026-10-09T09:00:48Z
1334,2025,Q4,47547,2025-12-31,LTC,NOT_FOUND,FINANCIAL_SCOPE_REVIEW_REQUIRED,NO_EXPLICIT_QUARTER_CONSOLIDATED_REVENUE_GAAP_NET_AND_BROAD_P_AND_L_PACKAGE,0001104659-26-019132,8-K,ltc-20260224x8k.htm,https://www.sec.gov/Archives/edgar/data/887905/000110465926019132/ltc-20260224x8k.htm,2026-02-24T21:17:03Z,d8f18b760abe28e1f18a4a18e85e929e1f8ed1241f54273b07e622dd89219660,77f240dc802e845758eecd46ad3dce36f0a3e4de58bd09e44c75c113252f26fe,ab1ea7c489314eba99c0c54bd6972f590c39eedfce8644715ac5404cd22e73fa,1,https://www.sec.gov/Archives/edgar/data/887905/000110465926019132/ltc-20260224x8k.htm,5fb0e62eb0326dcdce43072da7038c49a3ade5e7420bbe8cf9bce9270444b3c9,NONE,REVIEW_REQUIRED_EVENT_EVIDENCE,False,refresh_20261009T042704Z_refresh_fundamentals_c7bbcb6dfda4_production_adc49771,2026-10-09T09:00:48Z
1334,2026,Q1,47548,2026-03-31,LTC,NOT_FOUND,FINANCIAL_SCOPE_REVIEW_REQUIRED,NO_EXPLICIT_QUARTER_CONSOLIDATED_REVENUE_GAAP_NET_AND_BROAD_P_AND_L_PACKAGE,0001104659-26-056323,8-K,ltc-20260506x8k.htm,https://www.sec.gov/Archives/edgar/data/887905/000110465926056323/ltc-20260506x8k.htm,2026-05-06T20:41:56Z,7dbcc81b620001847b4dd1b04e6e0e4a803a80ad9519dd85e63fe475093a4bad,14e9d4b1993e441e6aa4a7a2a18bb5ecf3106c3773236e290d2d22852e4a060f,bc72f0396c0bc0907ab10da6ead447085e20d1c9b63a9433fd16065c0ea54025,1,https://www.sec.gov/Archives/edgar/data/887905/000110465926056323/ltc-20260506x8k.htm,4b9c02c78abd157295e97de87dbf49be32eab83ae1ffb7b44a01a8e3f2a87e4e,NONE,REVIEW_REQUIRED_EVENT_EVIDENCE,False,refresh_20261009T042704Z_refresh_fundamentals_c7bbcb6dfda4_production_adc49771,2026-10-09T09:00:48Z
1334,2026,Q2,47549,2026-06-30,LTC,NOT_FOUND,FINANCIAL_SCOPE_REVIEW_REQUIRED,NO_EXPLICIT_QUARTER_CONSOLIDATED_REVENUE_GAAP_NET_AND_BROAD_P_AND_L_PACKAGE,0001104659-26-091138,8-K,ltc-20260805x8k.htm,https://www.sec.gov/Archives/edgar/data/887905/000110465926091138/ltc-20260805x8k.htm,2026-08-05T20:22:41Z,3bdf8cf9880b21c1c251f755372ecaa9de57a515ab74ec043d840f36e2df8006,a3d3229845d5e74d181eeadf53645868ae2f7cf934da810b2ab3ab66943cf193,29a0266c5898b23a475d9aab89e584f9bca2ae42fcb2c964bc62fb2028c6fbe2,1,https://www.sec.gov/Archives/edgar/data/887905/000110465926091138/ltc-20260805x8k.htm,8aa8d4eb5e691b8b6646002f29d36a1b0ad51aa934d6d4bb9b9fbd1fc794e243,NONE,REVIEW_REQUIRED_EVENT_EVIDENCE,False,refresh_20261009T042704Z_refresh_fundamentals_c7bbcb6dfda4_production_adc49771,2026-10-09T09:00:48Z
1353,2025,Q1,48145,2025-03-31,LXRX,NOT_FOUND,FINANCIAL_SCOPE_REVIEW_REQUIRED,NO_EXPLICIT_QUARTER_CONSOLIDATED_REVENUE_GAAP_NET_AND_BROAD_P_AND_L_PACKAGE,0001062822-25-000027,8-K,lxrx-20250513.htm,https://www.sec.gov/Archives/edgar/data/1062822/000106282225000027/lxrx-20250513.htm,2025-05-13T20:03:06Z,a6df5b238dff1c5b48cfc3c488ae939aa0c21602be7575fb58d8ef5aaa729a1e,6d03334fcd71f7667ef69b26ffeae8e521c9b4aee33f1b5af830b1ae1b6d326a,f034508d860f40ef944f26ddace712292f6f442895e08cbaf89188cebce192d1,1,https://www.sec.gov/Archives/edgar/data/1062822/000106282225000027/lxrx-20250513.htm,916f4de9ad996338be07c471491e62f2c34177874228460d2050e9083d7650b1,NONE,REVIEW_REQUIRED_EVENT_EVIDENCE,False,refresh_20261009T042704Z_refresh_fundamentals_c7bbcb6dfda4_production_adc49771,2026-10-09T09:00:48Z
1353,2025,Q2,48146,2025-06-30,LXRX,NOT_FOUND,FINANCIAL_SCOPE_REVIEW_REQUIRED,NO_EXPLICIT_QUARTER_CONSOLIDATED_REVENUE_GAAP_NET_AND_BROAD_P_AND_L_PACKAGE,0001062822-25-000042,8-K,lxrx-20250806.htm,https://www.sec.gov/Archives/edgar/data/1062822/000106282225000042/lxrx-20250806.htm,2025-08-06T11:31:54Z,2b1628623240e36bd52e532c9b85c4632009244faa1df8329abf4bdb7bab4c4a,1983ac9a7ac1f630766e697487c7f0414f16454dbdaca659796fedf9cdcc31d1,d925c7bb0f5ed7a25fd6832bad3916de8c8ec1b34cd3234d3f630cf2f063cbce,1,https://www.sec.gov/Archives/edgar/data/1062822/000106282225000042/lxrx-20250806.htm,9bcc0bb900dc2f591b15da3ee10fa4da29463b783f0409fbdb4413a9ace53ef5,NONE,REVIEW_REQUIRED_EVENT_EVIDENCE,False,refresh_20261009T042704Z_refresh_fundamentals_c7bbcb6dfda4_production_adc49771,2026-10-09T09:00:48Z
1353,2026,Q1,48149,2026-03-31,LXRX,NOT_FOUND,FINANCIAL_SCOPE_REVIEW_REQUIRED,NO_EXPLICIT_QUARTER_CONSOLIDATED_REVENUE_GAAP_NET_AND_BROAD_P_AND_L_PACKAGE,0001062822-26-000098,8-K,lxrx-20260507.htm,https://www.sec.gov/Archives/edgar/data/1062822/000106282226000098/lxrx-20260507.htm,2026-05-07T11:31:57Z,921181d43416f399c89d50a8a55df9a53c02b292bc6de9aac797f738b4c8891f,dc0da90be7d03040f75e06cf4e74eca6a33ab747878c97a85ae2cd77eda3b07c,541479bdd2d7d5cf495a994cd73fcd2b79871a447821937cacd87635ad11a37e,1,https://www.sec.gov/Archives/edgar/data/1062822/000106282226000098/lxrx-20260507.htm,f313a0f7c86180f770ceb615b782609949a6d7420f67ed1492be1f1c5f90f537,NONE,REVIEW_REQUIRED_EVENT_EVIDENCE,False,refresh_20261009T042704Z_refresh_fundamentals_c7bbcb6dfda4_production_adc49771,2026-10-09T09:00:48Z
1353,2026,Q2,48150,2026-06-30,LXRX,NOT_FOUND,FINANCIAL_SCOPE_REVIEW_REQUIRED,NO_EXPLICIT_QUARTER_CONSOLIDATED_REVENUE_GAAP_NET_AND_BROAD_P_AND_L_PACKAGE,0001062822-26-000112,8-K,lxrx-20260806.htm,https://www.sec.gov/Archives/edgar/data/1062822/000106282226000112/lxrx-20260806.htm,2026-08-06T11:33:24Z,8398385c375b4dd97a2de9e21e7ba456908368b4dec1be0d89596d59b6b9331a,c6aa84b1456df14104e30f3f194173332482cb7d7f989c785b19331b794f4ab0,3f89a15c02e3f235db2d47769ccb53b9f45c34d747b0738c19f138495ab02253,2,https://www.sec.gov/Archives/edgar/data/1062822/000106282226000112/lxrx-20260806.htm;https://www.sec.gov/Archives/edgar/data/1062822/000106282226000112/pressreleaseearningsq208-0.htm,1dd7a72c3f2acc0e2182267ed82582943389f286982afd117ec53e070b9edd2e;9daee7c3491226f9ac2922e262fb6033b997a0b08c7e61a7cbb24f140fca5ecb,NONE,REVIEW_REQUIRED_EVENT_EVIDENCE,False,refresh_20261009T042704Z_refresh_fundamentals_c7bbcb6dfda4_production_adc49771,2026-10-09T09:00:48Z
1358,2025,Q1,48321,2024-09-30,LYTS,NOT_FOUND,FINANCIAL_SCOPE_REVIEW_REQUIRED,NO_EXPLICIT_QUARTER_CONSOLIDATED_REVENUE_GAAP_NET_AND_BROAD_P_AND_L_PACKAGE,0001437749-24-033775,8-K,lyts20241104_8k.htm,https://www.sec.gov/Archives/edgar/data/763532/000143774924033775/lyts20241104_8k.htm,2024-11-07T13:33:18Z,75126d7653d6b26fdeb10a24fede535cb1dca22a520a37b9a6f4e2df92959c94,c87f5fc6bbbee6f908ce8e5cb966ee8e7868fdce4e3b5a1db2128bdb195c76ca,b3d33396a66c69bd89d133102f02f12ec567d7a4318bbce33253ad5de72a4884,2,https://www.sec.gov/Archives/edgar/data/763532/000143774924033775/lyts20241104_8k.htm;https://www.sec.gov/Archives/edgar/data/763532/000143774924033775/ex_743203.htm,886a2eda0558a27f729a4cad39a1a7fc57552710e625e89915cc327c2fe57c7e;cf010fc562080e80eafe12a3b1e016f2eabe4a590fbeb5e24f7211ac68541ab8,NONE,REVIEW_REQUIRED_EVENT_EVIDENCE,False,refresh_20261009T042704Z_refresh_fundamentals_c7bbcb6dfda4_production_adc49771,2026-10-09T09:00:48Z
1358,2025,Q2,48322,2024-12-31,LYTS,NOT_FOUND,FINANCIAL_SCOPE_REVIEW_REQUIRED,NO_EXPLICIT_QUARTER_CONSOLIDATED_REVENUE_GAAP_NET_AND_BROAD_P_AND_L_PACKAGE,0001437749-25-001628,8-K,lyts20250116_8k.htm,https://www.sec.gov/Archives/edgar/data/763532/000143774925001628/lyts20250116_8k.htm,2025-01-23T12:48:35Z,5d7eac4ba0a5bdd95f29269b6343079501457a91379697902c36f92b6cf93ccc,e232e7c3989cc3ebbf567d1a85bdff2484071e8093748f25c86fc46717d4f1c6,09e83ca73c69a3ddf7b6bbdbec9aab0545b2d9ab2d379a56dde69f91710e8f95,2,https://www.sec.gov/Archives/edgar/data/763532/000143774925001628/lyts20250116_8k.htm;https://www.sec.gov/Archives/edgar/data/763532/000143774925001628/ex_768602.htm,a5debf19bcae82f64cd106fe2f4a5e13b6f639e9f3bbc3736a4d373104859059;10939d932b59a9f7bc939149539b2c25293633cb5bfd53c97a06ba258a78fd6d,NONE,REVIEW_REQUIRED_EVENT_EVIDENCE,False,refresh_20261009T042704Z_refresh_fundamentals_c7bbcb6dfda4_production_adc49771,2026-10-09T09:00:48Z
1358,2025,Q3,48323,2025-03-31,LYTS,NOT_FOUND,FINANCIAL_SCOPE_REVIEW_REQUIRED,NO_EXPLICIT_QUARTER_CONSOLIDATED_REVENUE_GAAP_NET_AND_BROAD_P_AND_L_PACKAGE,0001437749-25-012853,8-K,lyts20250415_8k.htm,https://www.sec.gov/Archives/edgar/data/763532/000143774925012853/lyts20250415_8k.htm,2025-04-24T10:20:19Z,252b59f54898e3b30a26b9154b4219533b7d06bb10430c1d18581c45335eb005,0553d8e97dfa6ef7cd4fd60b04a851951a6b88553987d5c80d2c8c48b3727541,1580535b26e87af4992a9d6b9672a132f98586d62926fe72ace222cfcbf0edbd,2,https://www.sec.gov/Archives/edgar/data/763532/000143774925012853/lyts20250415_8k.htm;https://www.sec.gov/Archives/edgar/data/763532/000143774925012853/ex_805995.htm,289bef1609f6fe3a483b7e5bcea5fce9ea5e1a7202ec0d545d8ab9841ea53da7;5abf55c3a80d76e75be3a00810008ba27847b92525b710149ec3c3bca068ebdb,NONE,REVIEW_REQUIRED_EVENT_EVIDENCE,False,refresh_20261009T042704Z_refresh_fundamentals_c7bbcb6dfda4_production_adc49771,2026-10-09T09:00:48Z
1358,2025,Q4,48324,2025-06-30,LYTS,NOT_FOUND,PERIOD_SCOPE_REVIEW_REQUIRED,NO_EXPLICIT_QUARTER_END_MATCH_IN_RETAINED_RESULTS_CONTENT,0001437749-25-027483,8-K,lyts20250813_8k.htm,https://www.sec.gov/Archives/edgar/data/763532/000143774925027483/lyts20250813_8k.htm,2025-08-21T11:46:45Z,36712c191cbf6bb3a21cecd79f0d07678b9c217e2a7bf31bd5c7c696b7d0d58a,abdc809e4f8f27ef8bef171b04875376b5aa1f04cb15ada6a78b10409a89b721,bb6c57639eec02e9f2515dfe849e998a4709305b3bc17c279c76f6102ffd133f,1,https://www.sec.gov/Archives/edgar/data/763532/000143774925027483/lyts20250813_8k.htm,2507802b2bc039e26e5e947dcdec3f6fefced8be27a0fdb2132a967d93d6c070,NONE,REVIEW_REQUIRED_EVENT_EVIDENCE,False,refresh_20261009T042704Z_refresh_fundamentals_c7bbcb6dfda4_production_adc49771,2026-10-09T09:00:48Z
1358,2026,Q1,48325,2025-09-30,LYTS,NOT_FOUND,FINANCIAL_SCOPE_REVIEW_REQUIRED,NO_EXPLICIT_QUARTER_CONSOLIDATED_REVENUE_GAAP_NET_AND_BROAD_P_AND_L_PACKAGE,0001437749-25-033467,8-K,lyts20251028_8k.htm,https://www.sec.gov/Archives/edgar/data/763532/000143774925033467/lyts20251028_8k.htm,2025-11-06T13:00:17Z,7b16b7691bfb301e0edf04ecaf1a6f02a380721704c0f45aee8b0fd4f3d8185b,595a5003e30fd075063136c5bed20142d96a7b3503b069a132d3b7ea552a3b46,07f608c2eedfc0357398d5de569375d05506ca809677458a2128a2c7b316116a,1,https://www.sec.gov/Archives/edgar/data/763532/000143774925033467/lyts20251028_8k.htm,46a2272e23d8506237804cd60bb740a59509e49c3d1f5485e27460d76e1ebc3e,NONE,REVIEW_REQUIRED_EVENT_EVIDENCE,False,refresh_20261009T042704Z_refresh_fundamentals_c7bbcb6dfda4_production_adc49771,2026-10-09T09:00:48Z
1358,2026,Q2,48326,2025-12-31,LYTS,NOT_FOUND,FINANCIAL_SCOPE_REVIEW_REQUIRED,NO_EXPLICIT_QUARTER_CONSOLIDATED_REVENUE_GAAP_NET_AND_BROAD_P_AND_L_PACKAGE,0001437749-26-001688,8-K,lyts20260121_8k.htm,https://www.sec.gov/Archives/edgar/data/763532/000143774926001688/lyts20260121_8k.htm,2026-01-22T13:30:20Z,e79d22bf51de52cd82d25bfb1f478c03e2c9546087b38607e5a9337e098b3452,3c8e6b88f1cc144be14d536cdea087ad4c6f07da6323ba3aee15a9baab04d9c0,16783eec77bce89ced5e771710555807b9614f163cb386470840e2e07170d314,1,https://www.sec.gov/Archives/edgar/data/763532/000143774926001688/lyts20260121_8k.htm,58aed45fd8ba96deef0902b2fb3aaf24b45e4bb4ef6ba5ac99c9cd3a1a08f38b,NONE,REVIEW_REQUIRED_EVENT_EVIDENCE,False,refresh_20261009T042704Z_refresh_fundamentals_c7bbcb6dfda4_production_adc49771,2026-10-09T09:00:48Z
1363,2025,Q1,48510,2025-03-31,MAA,NOT_FOUND,FINANCIAL_SCOPE_REVIEW_REQUIRED,NO_EXPLICIT_QUARTER_CONSOLIDATED_REVENUE_GAAP_NET_AND_BROAD_P_AND_L_PACKAGE,0000950170-25-061071,8-K,maa-20250430.htm,https://www.sec.gov/Archives/edgar/data/912595/000095017025061071/maa-20250430.htm,2025-05-01T00:15:17Z,61dd7acfa60b711dbcd05af3075a373fd98d919ece4950ca4cdaff2d31b61012,5f5e4615ced0c6d877fd0f1dccaa3b0e4d515ef0f31285b4822a521b9d20ec6d,f617c51071cd476f69be932db59267edb915a5369315dceef3a5f1e6dc88c409,3,https://www.sec.gov/Archives/edgar/data/912595/000095017025061071/maa-20250430.htm;https://www.sec.gov/Archives/edgar/data/912595/000095017025061071/maa-ex99_1.htm;https://www.sec.gov/Archives/edgar/data/912595/000095017025061071/maa-ex99_2.htm,2e8947b68b159d33df40b9b652cfb6ff2067915ac78e27a2e8a30e5c7caf8bb3;c56bbcad33c9c0c51db014dce8986bb8d560b640869a97b1d43d94b615f9f518;ab4df0f185b40b11cbd0d6a6e7ea9a67d3bd6a1aa39400eda1cc24ea012e45c3,NONE,REVIEW_REQUIRED_EVENT_EVIDENCE,False,refresh_20261009T042704Z_refresh_fundamentals_c7bbcb6dfda4_production_adc49771,2026-10-09T09:00:48Z
1363,2025,Q2,48511,2025-06-30,MAA,NOT_FOUND,FINANCIAL_SCOPE_REVIEW_REQUIRED,NO_EXPLICIT_QUARTER_CONSOLIDATED_REVENUE_GAAP_NET_AND_BROAD_P_AND_L_PACKAGE,0000950170-25-100254,8-K,maa-20250730.htm,https://www.sec.gov/Archives/edgar/data/912595/000095017025100254/maa-20250730.htm,2025-07-31T00:15:15Z,6ab69a8beb1aa5c8903f55474b8fe0b3ed8832b083ed32d188bbbc728840d056,267db12f654ffcf726911f0c1685d9b93785f36dbd9bd38414cb0a871d4ca18e,a59fd32829da1829efbd5ab738fedc87c0be7ee2b267909c9752801110e8a0ee,3,https://www.sec.gov/Archives/edgar/data/912595/000095017025100254/maa-20250730.htm;https://www.sec.gov/Archives/edgar/data/912595/000095017025100254/maa-ex99_1.htm;https://www.sec.gov/Archives/edgar/data/912595/000095017025100254/maa-ex99_2.htm,78dd8702fd5f681eead019ca892e9c99025f4ebc7ae7c03565ab9b6c59f80675;4483e9020bb343f044c02422f0d5b439f81c35d2fe5999d3aa2b81d922e513e8;45140651edfed0b1e7d5e7144e71d9df6e739b1d412606f6d500efbdbeae7dd6,NONE,REVIEW_REQUIRED_EVENT_EVIDENCE,False,refresh_20261009T042704Z_refresh_fundamentals_c7bbcb6dfda4_production_adc49771,2026-10-09T09:00:48Z
1363,2025,Q3,48512,2025-09-30,MAA,NOT_FOUND,FINANCIAL_SCOPE_REVIEW_REQUIRED,NO_EXPLICIT_QUARTER_CONSOLIDATED_REVENUE_GAAP_NET_AND_BROAD_P_AND_L_PACKAGE,0001193125-25-256342,8-K,maa-20251029.htm,https://www.sec.gov/Archives/edgar/data/912595/000119312525256342/maa-20251029.htm,2025-10-30T00:15:33Z,c7b9a3da67478458f19ffd7dac618ca8a5732cb77905bdf1f1e69028f3648d11,0a4349d37e5a303bcbafb53e6a5bbed831493af0b48593aa63f32c47c1577827,4a91f1e980d9af2aa0d8e3e5ba579ee68b7fc46dfd5f26a9afc873c1331ce00d,3,https://www.sec.gov/Archives/edgar/data/912595/000119312525256342/maa-20251029.htm;https://www.sec.gov/Archives/edgar/data/912595/000119312525256342/maa-ex99_1.htm;https://www.sec.gov/Archives/edgar/data/912595/000119312525256342/maa-ex99_2.htm,c237b3372ab145cde95b2e08fd3411332a890d6a42f488f8600f3c0241db913c;d20fd1a353c3db5ca933bde97912899e18338c41b0429be1fa39e92cc4459aa3;7d1cd2737943aa0391915d7d28f03710aafa69e8b69cc6b2d3ce2f8d73af4212,NONE,REVIEW_REQUIRED_EVENT_EVIDENCE,False,refresh_20261009T042704Z_refresh_fundamentals_c7bbcb6dfda4_production_adc49771,2026-10-09T09:00:48Z
1363,2025,Q4,48513,2025-12-31,MAA,NOT_FOUND,FINANCIAL_SCOPE_REVIEW_REQUIRED,NO_EXPLICIT_QUARTER_CONSOLIDATED_REVENUE_GAAP_NET_AND_BROAD_P_AND_L_PACKAGE,0001193125-26-037610,8-K,maa-20260204.htm,https://www.sec.gov/Archives/edgar/data/912595/000119312526037610/maa-20260204.htm,2026-02-05T02:15:30Z,76da3810eba399df3b3f3b24e51ddd9940af68ff30c22ed3adb45347359d2a6c,ac7c38769e030fcc18a696d4da9823e271245ef200afa5c1d3715c20d981af51,70e8a5d71d3a676bf807fec5e6f5c8f81e0cf41c99f9eaef20d4e77480c30918,3,https://www.sec.gov/Archives/edgar/data/912595/000119312526037610/maa-20260204.htm;https://www.sec.gov/Archives/edgar/data/912595/000119312526037610/maa-ex99_1.htm;https://www.sec.gov/Archives/edgar/data/912595/000119312526037610/maa-ex99_2.htm,3387ec06cdc802d85be6c5bc8c075edcb984d206e79222cff96856b26dde0cbc;4bce3eefba1d906be938954378e5669ac465a5954585987143980e96e7bd99b3;febb4aed3c7ce31972b8af6a1e3af5aad58526ef0a7ade459292c15afa612fe8,NONE,REVIEW_REQUIRED_EVENT_EVIDENCE,False,refresh_20261009T042704Z_refresh_fundamentals_c7bbcb6dfda4_production_adc49771,2026-10-09T09:00:48Z
1363,2026,Q1,48514,2026-03-31,MAA,NOT_FOUND,FINANCIAL_SCOPE_REVIEW_REQUIRED,NO_EXPLICIT_QUARTER_CONSOLIDATED_REVENUE_GAAP_NET_AND_BROAD_P_AND_L_PACKAGE,0001193125-26-191620,8-K,maa-20260429.htm,https://www.sec.gov/Archives/edgar/data/912595/000119312526191620/maa-20260429.htm,2026-04-30T00:15:20Z,61a0a35d1d3e5cc3fa40c4d2ef7fbc16763e60b4f0a5e29d0e4e5736a6349ff4,3da1880dd742dc087e0f6bcb97ef92b5290cba7c8fa6ffa5d137879dd8b0847f,ba01bfbef1061dbfc7f191bbbcc519a1e6f061aca05009083661ee739036aa20,3,https://www.sec.gov/Archives/edgar/data/912595/000119312526191620/maa-20260429.htm;https://www.sec.gov/Archives/edgar/data/912595/000119312526191620/maa-ex99_1.htm;https://www.sec.gov/Archives/edgar/data/912595/000119312526191620/maa-ex99_2.htm,3e108375991044bef40f28cf455a4721c73e4777f5dedaa11fbe26d0ea0d7d2c;e2ce9cc90e496e5e9b345db65c439275f4c992e10710771c4203acefe2425a8b;d650dd9434a4f704903db438b148b28a7ca406bdee154c4e7fb74f05e65d48ff,NONE,REVIEW_REQUIRED_EVENT_EVIDENCE,False,refresh_20261009T042704Z_refresh_fundamentals_c7bbcb6dfda4_production_adc49771,2026-10-09T09:00:48Z
1363,2026,Q2,48515,2026-06-30,MAA,NOT_FOUND,FINANCIAL_SCOPE_REVIEW_REQUIRED,NO_EXPLICIT_QUARTER_CONSOLIDATED_REVENUE_GAAP_NET_AND_BROAD_P_AND_L_PACKAGE,0001193125-26-323756,8-K,maa-20260729.htm,https://www.sec.gov/Archives/edgar/data/912595/000119312526323756/maa-20260729.htm,2026-07-30T00:15:19Z,be7df4541bd6c2eeb4b32f918849494c3c14a7a4bd4e1423922895cfa6f0f8ba,9880ef2577dabccf9c34b1f62b2cfb444afb572928cdd5c1ff587d7e6fe13908,f409ae230c883ff4c27c693027c004698fc22717b6d509f4e3e301313c4755e5,3,https://www.sec.gov/Archives/edgar/data/912595/000119312526323756/maa-20260729.htm;https://www.sec.gov/Archives/edgar/data/912595/000119312526323756/maa-ex99_1.htm;https://www.sec.gov/Archives/edgar/data/912595/000119312526323756/maa-ex99_2.htm,4bfb12d124e44b310bcbd65da4506255ca8886912cd5df0540387b42152bac38;b1c786a5cb1b5f6bf7ee7a193770e37c177e86c434e2bf137584ef5c4bc342b3;06a79a4c088a1334183e8c2624749bee2e430e67d1e5b9c0bbfbb7c7df2f3661,NONE,REVIEW_REQUIRED_EVENT_EVIDENCE,False,refresh_20261009T042704Z_refresh_fundamentals_c7bbcb6dfda4_production_adc49771,2026-10-09T09:00:48Z
1377,2025,Q1,49037,2025-03-31,MAX,NOT_FOUND,FINANCIAL_SCOPE_REVIEW_REQUIRED,NO_EXPLICIT_QUARTER_CONSOLIDATED_REVENUE_GAAP_NET_AND_BROAD_P_AND_L_PACKAGE,0001818383-25-000057,8-K,max-20250430.htm,https://www.sec.gov/Archives/edgar/data/1818383/000181838325000057/max-20250430.htm,2025-05-01T00:09:45Z,ab0df33d98d317ca2c972d1ba492d0a618b42b7f88620c335165091216ff619f,99af62305b95b03eb158734e9786f722c99a2505fbc325801fff6dd3c27b718d,181aa3896017cb7074c3f2e705f0374903313719ca1be87fc1c7e28f3042b278,1,https://www.sec.gov/Archives/edgar/data/1818383/000181838325000057/max-20250430.htm,1ad26fdedf9fb54095a8123f873dac243446f9ba54346a7634962342a8db4eb4,NONE,REVIEW_REQUIRED_EVENT_EVIDENCE,False,refresh_20261009T042704Z_refresh_fundamentals_c7bbcb6dfda4_production_adc49771,2026-10-09T09:00:48Z
1377,2025,Q2,49038,2025-06-30,MAX,NOT_FOUND,FINANCIAL_SCOPE_REVIEW_REQUIRED,NO_EXPLICIT_QUARTER_CONSOLIDATED_REVENUE_GAAP_NET_AND_BROAD_P_AND_L_PACKAGE,0001818383-25-000095,8-K,max-20250804.htm,https://www.sec.gov/Archives/edgar/data/1818383/000181838325000095/max-20250804.htm,2025-08-07T00:18:21Z,3f263cbf3fe272900283fc3c5ff30591a87af257afa22715224ce7798fad4c37,c32b087cd7bc378f56ba247965c0f7703550b0ea5c608a832a2715ab48d81054,4e246a0531d4d4814b8901fe0d54ab4a14c8b13adc2c3808764729615cada9b7,1,https://www.sec.gov/Archives/edgar/data/1818383/000181838325000095/max-20250804.htm,d695f1cc9ba8df2a1bd1c312ea569a6b7548d307239bf1845316c8ddbe8e0762,NONE,REVIEW_REQUIRED_EVENT_EVIDENCE,False,refresh_20261009T042704Z_refresh_fundamentals_c7bbcb6dfda4_production_adc49771,2026-10-09T09:00:48Z
1377,2025,Q3,49039,2025-09-30,MAX,NOT_FOUND,FINANCIAL_SCOPE_REVIEW_REQUIRED,NO_EXPLICIT_QUARTER_CONSOLIDATED_REVENUE_GAAP_NET_AND_BROAD_P_AND_L_PACKAGE,0001818383-25-000124,8-K,max-20251028.htm,https://www.sec.gov/Archives/edgar/data/1818383/000181838325000124/max-20251028.htm,2025-10-30T00:12:59Z,7515426e2e58b2384046679fcc9bc9c3f31317b09ea21feba4019d0681b7e745,c148ad0d1d497d8773588bcf65f6b64a7e194b52a6f9d6a2cfea0eb37c8a5575,68506072725590d4f5d0df45b906d541b5efaa7f33a6dbef42dee9dba766489f,1,https://www.sec.gov/Archives/edgar/data/1818383/000181838325000124/max-20251028.htm,1c0fce38c670a4a71cf5c3c0f4b1ba00a4aa40916012bd0dd7d744875edfde39,NONE,REVIEW_REQUIRED_EVENT_EVIDENCE,False,refresh_20261009T042704Z_refresh_fundamentals_c7bbcb6dfda4_production_adc49771,2026-10-09T09:00:48Z
1377,2025,Q4,49040,2025-12-31,MAX,NOT_FOUND,PERIOD_SCOPE_REVIEW_REQUIRED,NO_EXPLICIT_QUARTER_END_MATCH_IN_RETAINED_RESULTS_CONTENT,0001818383-26-000047,8-K,max-20260218.htm,https://www.sec.gov/Archives/edgar/data/1818383/000181838326000047/max-20260218.htm,2026-02-24T02:09:57Z,b424d39b4c16f39b793bc672c7b6bb1e83832101a662fad308133654be30b9a7,3061ad82f71e6c3f6657622a6b6ae3b791b932fe5e3b5e8320f574da8d080fa0,d6d52a3548950764241b3a2a61acecf288f6b37ec8ce64ec1034773172d359eb,1,https://www.sec.gov/Archives/edgar/data/1818383/000181838326000047/max-20260218.htm,23dbe17a8bb8373cbd51b38fa42614e97ebe1d1331f6056c5432204166f67e3b,NONE,REVIEW_REQUIRED_EVENT_EVIDENCE,False,refresh_20261009T042704Z_refresh_fundamentals_c7bbcb6dfda4_production_adc49771,2026-10-09T09:00:48Z
1377,2026,Q1,49041,2026-03-31,MAX,NOT_FOUND,FINANCIAL_SCOPE_REVIEW_REQUIRED,NO_EXPLICIT_QUARTER_CONSOLIDATED_REVENUE_GAAP_NET_AND_BROAD_P_AND_L_PACKAGE,0001818383-26-000117,8-K,max-20260429.htm,https://www.sec.gov/Archives/edgar/data/1818383/000181838326000117/max-20260429.htm,2026-04-30T00:07:44Z,8627927e171beece2cd30ff4f3b727d7398dcf02002071ceaf0fec36989310b5,fdcbb1ee3fabde35e9eb39e2137ad3c4a3f23ca884330e05a6b567f9e45e5c40,fa9b6d46073f892a9f06e45ef1cc303e7437a6a960f0b8c0f8958b088a5eb1ac,1,https://www.sec.gov/Archives/edgar/data/1818383/000181838326000117/max-20260429.htm,85e5da34faca3ca2922f00c503e47e6a4b65b910f4e459e9737c1c54435e8ff9,NONE,REVIEW_REQUIRED_EVENT_EVIDENCE,False,refresh_20261009T042704Z_refresh_fundamentals_c7bbcb6dfda4_production_adc49771,2026-10-09T09:00:48Z
1377,2026,Q2,49042,2026-06-30,MAX,NOT_FOUND,FINANCIAL_SCOPE_REVIEW_REQUIRED,NO_EXPLICIT_QUARTER_CONSOLIDATED_REVENUE_GAAP_NET_AND_BROAD_P_AND_L_PACKAGE,0001818383-26-000198,8-K,max-20260729.htm,https://www.sec.gov/Archives/edgar/data/1818383/000181838326000198/max-20260729.htm,2026-07-30T00:07:58Z,910a555132dc5bb8f641f72d3069edaa1f71c2d19d54a89426a3c25a48cb4aec,16e3720012a47c5eafb62a738613af2b97838cabcce580930fa6c4a0b024e552,ada29065123fe724c7d9e7de42ce849dc39fbb0e066bba877e77a7f9a69ea09d,1,https://www.sec.gov/Archives/edgar/data/1818383/000181838326000198/max-20260729.htm,e2e40dd1d84e568c6095fa0a65fa457b3ed2abbb2bae258bfda26bf52def1d18,NONE,REVIEW_REQUIRED_EVENT_EVIDENCE,False,refresh_20261009T042704Z_refresh_fundamentals_c7bbcb6dfda4_production_adc49771,2026-10-09T09:00:48Z
1399,2026,Q2,49850,2026-06-30,MDXG,UNRESOLVED,PERIOD_SCOPE_REVIEW_REQUIRED,NO_EXPLICIT_QUARTER_END_MATCH_IN_RETAINED_RESULTS_CONTENT,0001376339-26-000074,8-K,mdxg-20260729.htm,https://www.sec.gov/Archives/edgar/data/1376339/000137633926000074/mdxg-20260729.htm,2026-07-29T20:08:19Z,58b02b547f958310dfba439568535b5a219da414ef8019aec61ecd3c70857e8d,2534d7ad5f225d45250e4bb5bffa25619b9bfc86b206dc1831187da56d81b03c,1ab36ab5411f0622f0a131f30a7caec41dec053634dea2fd461788556ae35952,1,https://www.sec.gov/Archives/edgar/data/1376339/000137633926000074/mdxg-20260729.htm,be7b650f5da4ac0a27c09b9c69eb2341631453209c0720779b646144d09fcd27,NONE,REVIEW_REQUIRED_EVENT_EVIDENCE,False,refresh_20261009T042704Z_refresh_fundamentals_c7bbcb6dfda4_production_adc49771,2026-10-09T09:00:48Z
1404,2025,Q1,50040,2025-03-31,MELI,UNRESOLVED,PROPOSED_REVIEWED_EVENT_OBSERVATION,EXPLICIT_QUARTER_CONSOLIDATED_EARNINGS_STATEMENT_AND_REGISTRANT_RESULTS_ANNOUNCEMENT,0001099590-25-000025,8-K,meli-20250507.htm,https://www.sec.gov/Archives/edgar/data/1099590/000109959025000025/meli-20250507.htm,2025-05-07T20:01:57Z,a3a500f703872b07fa5cde94476107d36d5715c3efbdeae7a251f80d7eda0f9c,73192b263aea8a9b92f482ca7ce1706f4dc3f06c6add80cb41ca4109f8c7cc1e,748566267b8aa977807b532c195272cebe06c6c193ed0edff8809098389b48be,2,https://www.sec.gov/Archives/edgar/data/1099590/000109959025000025/meli-20250507.htm;https://www.sec.gov/Archives/edgar/data/1099590/000109959025000025/meli-20250507xex991.htm,6aee8e373fdce04d39224fc7b5906166315fe2435b526da97a8e7286ae082861;ed18a0041fc8cabcd83fde605c8fa1d24c0b5408762a7c285c327a4841672fef,NONE,REVIEW_REQUIRED_EVENT_EVIDENCE,False,refresh_20261009T042704Z_refresh_fundamentals_c7bbcb6dfda4_production_adc49771,2026-10-09T09:00:48Z
1404,2025,Q2,50041,2025-06-30,MELI,UNRESOLVED,PROPOSED_REVIEWED_EVENT_OBSERVATION,EXPLICIT_QUARTER_CONSOLIDATED_EARNINGS_STATEMENT_AND_REGISTRANT_RESULTS_ANNOUNCEMENT,0001099590-25-000041,8-K,meli-20250804.htm,https://www.sec.gov/Archives/edgar/data/1099590/000109959025000041/meli-20250804.htm,2025-08-04T20:01:19Z,6de363b640364fc250d038e7d4838bcf2fb2b91b7c42aed52c1e3a0d4798e5b8,45c2b024a51683d55632bd7ccf891564c9bf2b082bf2e0c6a03138955875edb4,012a15f65baa1d22285cfe766d1d042988efcd43470476869f993aadcaf22822,2,https://www.sec.gov/Archives/edgar/data/1099590/000109959025000041/meli-20250804.htm;https://www.sec.gov/Archives/edgar/data/1099590/000109959025000041/meli-20250804xex991.htm,2100e0cbcf93803e646a62728a37d8134db41301141a46610b60a0e8bfceb237;8887104c6265ea372ebed49755545fcf6dcf82395079bb2d77f6d452965bbd87,NONE,REVIEW_REQUIRED_EVENT_EVIDENCE,False,refresh_20261009T042704Z_refresh_fundamentals_c7bbcb6dfda4_production_adc49771,2026-10-09T09:00:48Z
1404,2026,Q1,50044,2026-03-31,MELI,UNRESOLVED,PROPOSED_REVIEWED_EVENT_OBSERVATION,EXPLICIT_QUARTER_CONSOLIDATED_EARNINGS_STATEMENT_AND_REGISTRANT_RESULTS_ANNOUNCEMENT,0001099590-26-000014,8-K,meli-20260507.htm,https://www.sec.gov/Archives/edgar/data/1099590/000109959026000014/meli-20260507.htm,2026-05-07T20:00:57Z,61a3a1910046f0d952e2866c187e4980663d7cf21029931b612aca1d9692cc32,8910ce9c4db65672c9d3bdbf5c4b438921dcbec828d8f937429bc5a465857214,81467a20a8663c3b664643ef111ea1811f4a298b01fb2b4d5d778fd21b40c89d,2,https://www.sec.gov/Archives/edgar/data/1099590/000109959026000014/meli-20260507.htm;https://www.sec.gov/Archives/edgar/data/1099590/000109959026000014/meli-20260507xex991.htm,017b18dda23678dcd0d18c8a3ac541a151c9a8ec678d66eb0890ebe294b33c2c;f92813fe9076bb2c0f62cda7c02da466f4b1adede85041fe8bed1aa79f42fa6d,NONE,REVIEW_REQUIRED_EVENT_EVIDENCE,False,refresh_20261009T042704Z_refresh_fundamentals_c7bbcb6dfda4_production_adc49771,2026-10-09T09:00:48Z
1404,2026,Q2,50045,2026-06-30,MELI,UNRESOLVED,PROPOSED_REVIEWED_EVENT_OBSERVATION,EXPLICIT_QUARTER_CONSOLIDATED_EARNINGS_STATEMENT_AND_REGISTRANT_RESULTS_ANNOUNCEMENT,0001099590-26-000021,8-K,meli-20260805.htm,https://www.sec.gov/Archives/edgar/data/1099590/000109959026000021/meli-20260805.htm,2026-08-05T20:00:58Z,577b34fe44cdacc2f8b4de04d1dc7519508a4b078e02e0290ab94f3f34a315a6,e7d4c1b579f6ba85718c7c192f4b6764701617ded8c947f333bcde19b752fb24,06ff56e079d0c68e75e3938f81150b8f0a4bdb6d125796cd6e9319fc3619746a,2,https://www.sec.gov/Archives/edgar/data/1099590/000109959026000021/meli-20260805.htm;https://www.sec.gov/Archives/edgar/data/1099590/000109959026000021/meli-20260805xex991.htm,e805521626d0380df5087ea052ecae5ed9964d4bd8fe5a291c10a4f4c2188955;e8d9199d1c5a3eef1214f2db731837b52a4a2a6847bd1df5b8baebb6cb047b87,NONE,REVIEW_REQUIRED_EVENT_EVIDENCE,False,refresh_20261009T042704Z_refresh_fundamentals_c7bbcb6dfda4_production_adc49771,2026-10-09T09:00:48Z
1423,2025,Q1,50750,2024-04-30,MIND,NOT_FOUND,FINANCIAL_SCOPE_REVIEW_REQUIRED,NO_EXPLICIT_QUARTER_CONSOLIDATED_REVENUE_GAAP_NET_AND_BROAD_P_AND_L_PACKAGE,0001437749-24-019824,8-K,mind20240507c_8k.htm,https://www.sec.gov/Archives/edgar/data/926423/000143774924019824/mind20240507c_8k.htm,2024-06-10T20:26:22Z,714002b7a0b692535a1b1c6d1b3cf90eca85a31fb2cb398551563e7002dbcf4a,75a364d6d841810145a561c233ae48e13f406814d8af00ea0ddc4e27b476fed5,0431a0e7d2386c1945a093a4b9ca26e9be5f3380e32da311ba99133c5664529a,1,https://www.sec.gov/Archives/edgar/data/926423/000143774924019824/mind20240507c_8k.htm,5e08953a695e6f524ef96780fd6aa9877ca6bb193673c5f0159680bb2847f45e,NONE,REVIEW_REQUIRED_EVENT_EVIDENCE,False,refresh_20261009T042704Z_refresh_fundamentals_c7bbcb6dfda4_production_adc49771,2026-10-09T09:00:48Z
1423,2025,Q2,50751,2024-07-31,MIND,NOT_FOUND,FINANCIAL_SCOPE_REVIEW_REQUIRED,NO_EXPLICIT_QUARTER_CONSOLIDATED_REVENUE_GAAP_NET_AND_BROAD_P_AND_L_PACKAGE,0001437749-24-028976,8-K,mind20240620_8k.htm,https://www.sec.gov/Archives/edgar/data/926423/000143774924028976/mind20240620_8k.htm,2024-09-11T20:39:39Z,af7cc0f73248abb4f6bee5320a10d03621efed499459f7cc6110c01b98725b0d,d77b6df30583f8eb9699c276f63222931171f3b7598c1b67b7b7eb35d1554004,c5e8c1281b807079819e62c14bbb33f1c516713c8d81a6d08920e11233145cb6,1,https://www.sec.gov/Archives/edgar/data/926423/000143774924028976/mind20240620_8k.htm,c194f88975f4358cc7cf797fd1160ce4e231e8664dffd3b6753a3b9b3b7f2045,NONE,REVIEW_REQUIRED_EVENT_EVIDENCE,False,refresh_20261009T042704Z_refresh_fundamentals_c7bbcb6dfda4_production_adc49771,2026-10-09T09:00:48Z
1423,2025,Q3,50752,2024-10-31,MIND,NOT_FOUND,FINANCIAL_SCOPE_REVIEW_REQUIRED,NO_EXPLICIT_QUARTER_CONSOLIDATED_REVENUE_GAAP_NET_AND_BROAD_P_AND_L_PACKAGE,0001437749-24-037115,8-K,mind20240917_8k.htm,https://www.sec.gov/Archives/edgar/data/926423/000143774924037115/mind20240917_8k.htm,2024-12-10T21:25:12Z,05de870ae9937c8b1f1a465f65430b26ec35814d5b96bec93a00b6137f9e1c97,8524cdd9dcbcb6f2de5f8e99723c64cd09a4de92413ecbf63b104601ed4b8622,e4a04de4c352d126c83317c3310547950007f63b25416bf035f9824ce884a912,1,https://www.sec.gov/Archives/edgar/data/926423/000143774924037115/mind20240917_8k.htm,1eb9f0aab47de69c2d91c3be1667d6381cd8b810b5724f4fc91c8942be2ee2a2,NONE,REVIEW_REQUIRED_EVENT_EVIDENCE,False,refresh_20261009T042704Z_refresh_fundamentals_c7bbcb6dfda4_production_adc49771,2026-10-09T09:00:48Z
1423,2025,Q4,50753,2025-01-31,MIND,NOT_FOUND,PERIOD_SCOPE_REVIEW_REQUIRED,NO_EXPLICIT_QUARTER_END_MATCH_IN_RETAINED_RESULTS_CONTENT,0001437749-25-012695,8-K,mind20241125_8k.htm,https://www.sec.gov/Archives/edgar/data/926423/000143774925012695/mind20241125_8k.htm,2025-04-22T20:29:20Z,bb8409a3893b64de5ca4b6fff0b9355f9d9b8704246df27a49af6efba11b6bd5,4e76e1613fd1c202cb02dd7b4532fdd4ba1c0c682fc24c0d8e8a306c93fcdadb,3b7a6ffc9343ca97bcd1dc981e3c57d23d6b80d9cfa731994f254f5224f4d392,1,https://www.sec.gov/Archives/edgar/data/926423/000143774925012695/mind20241125_8k.htm,3f9b348ff2f235cdc84629613475e58e25603ed121a3a91f111e864ed7843309,NONE,REVIEW_REQUIRED_EVENT_EVIDENCE,False,refresh_20261009T042704Z_refresh_fundamentals_c7bbcb6dfda4_production_adc49771,2026-10-09T09:00:48Z
1423,2026,Q1,50754,2025-04-30,MIND,NOT_FOUND,FINANCIAL_SCOPE_REVIEW_REQUIRED,NO_EXPLICIT_QUARTER_CONSOLIDATED_REVENUE_GAAP_NET_AND_BROAD_P_AND_L_PACKAGE,0001437749-25-019991,8-K,mind20250206_8k.htm,https://www.sec.gov/Archives/edgar/data/926423/000143774925019991/mind20250206_8k.htm,2025-06-10T20:29:05Z,6f77e9e5d6ebe38833a2c015de4fa4215c2bf9c878f9899a6fea422bf0cd881f,da832a08cbacf6d28068aa1b60e00cc4902faaf21b4962a176d59d0db5c9bc43,cc8f0e4b267a017f842ba0ab648635c4cf693ff8f78bafd0e3c51d59cc6bea9c,1,https://www.sec.gov/Archives/edgar/data/926423/000143774925019991/mind20250206_8k.htm,5317ac0b4960b327dd7898a912c1b26ccadc0a331394f71d96beb4b56f2b400d,NONE,REVIEW_REQUIRED_EVENT_EVIDENCE,False,refresh_20261009T042704Z_refresh_fundamentals_c7bbcb6dfda4_production_adc49771,2026-10-09T09:00:48Z
1423,2026,Q2,50755,2025-07-31,MIND,NOT_FOUND,FINANCIAL_SCOPE_REVIEW_REQUIRED,NO_EXPLICIT_QUARTER_CONSOLIDATED_REVENUE_GAAP_NET_AND_BROAD_P_AND_L_PACKAGE,0001437749-25-028692,8-K,mind20250627_8k.htm,https://www.sec.gov/Archives/edgar/data/926423/000143774925028692/mind20250627_8k.htm,2025-09-09T20:26:31Z,3ac56b37fd9c3a74b91615c1fe3fab5ef4e18d46261ab42daa329183b1fe4e55,b4ca7be0993ad44a1418dbfc9b5440ed3f30eab4bec9a18b144d307256bc9ac2,92958ce1759fca8214361fe431481bb7b1c91fbb956e150e3bdff077c0889a80,1,https://www.sec.gov/Archives/edgar/data/926423/000143774925028692/mind20250627_8k.htm,f501fde3c958a88b1919bf0fc5f6fc3d8d0ced8d31ca0b2b6585175940f0cef6,NONE,REVIEW_REQUIRED_EVENT_EVIDENCE,False,refresh_20261009T042704Z_refresh_fundamentals_c7bbcb6dfda4_production_adc49771,2026-10-09T09:00:48Z
1423,2026,Q3,50756,2025-10-31,MIND,NOT_FOUND,FINANCIAL_SCOPE_REVIEW_REQUIRED,NO_EXPLICIT_QUARTER_CONSOLIDATED_REVENUE_GAAP_NET_AND_BROAD_P_AND_L_PACKAGE,0001437749-25-037259,8-K,mind20250917_8k.htm,https://www.sec.gov/Archives/edgar/data/926423/000143774925037259/mind20250917_8k.htm,2025-12-09T21:26:21Z,4123884639e8de379c4cb72c84c043a42fb256d67ab815379de4c935dfaf12d4,ab22f9f0167e274d4d401a7e7d9843f8ea2d430f9511a3eed9a1c8b335ed1eca,97765c263bbe8ef11dc6f29ed7ec5f930241b5394949f0e23097f2b4d21d8ee8,1,https://www.sec.gov/Archives/edgar/data/926423/000143774925037259/mind20250917_8k.htm,860197ae6179ca0ca73ea2534c7b08c92f8656b4f371b025ea8afb636ce5403b,NONE,REVIEW_REQUIRED_EVENT_EVIDENCE,False,refresh_20261009T042704Z_refresh_fundamentals_c7bbcb6dfda4_production_adc49771,2026-10-09T09:00:48Z
1423,2026,Q4,50757,2026-01-31,MIND,NOT_FOUND,PERIOD_SCOPE_REVIEW_REQUIRED,NO_EXPLICIT_QUARTER_END_MATCH_IN_RETAINED_RESULTS_CONTENT,0001437749-26-012420,8-K,mind20251217_8k.htm,https://www.sec.gov/Archives/edgar/data/926423/000143774926012420/mind20251217_8k.htm,2026-04-15T20:39:46Z,9e149d0692e9605340d337c6c8c6db1c13bcfecd2c0f0384da6438bb68599a75,53d9c6bab0b06df288b2da166b17dfd509d666313700fc53858779f6fdcc3b70,d1983b20e9e8a038651d702684e0e00385b9b8009b60b3d40b92ac9337cbb2c9,1,https://www.sec.gov/Archives/edgar/data/926423/000143774926012420/mind20251217_8k.htm,999f55ef47f28e0b9879115c9746bb2f72b25a37a0f9b0473a0bf4782a21a51a,NONE,REVIEW_REQUIRED_EVENT_EVIDENCE,False,refresh_20261009T042704Z_refresh_fundamentals_c7bbcb6dfda4_production_adc49771,2026-10-09T09:00:48Z
1443,2025,Q1,51444,2025-03-31,MNKD,UNRESOLVED,PROPOSED_REVIEWED_EVENT_OBSERVATION,EXPLICIT_QUARTER_CONSOLIDATED_EARNINGS_STATEMENT_AND_REGISTRANT_RESULTS_ANNOUNCEMENT,0000950170-25-066426,8-K,mnkd-20250508.htm,https://www.sec.gov/Archives/edgar/data/899460/000095017025066426/mnkd-20250508.htm,2025-05-08T12:08:08Z,0345fa740b9e6635ad2dfb77c61c7673e0798383043db483159760af1ad0ef07,527f915b99508edb80393cbae4cf10468eaea82a739aea05232286c16bb257c3,6e68d58adda1378626bf9836a1de3b496845acb0e49ccf712310861d8170e9c0,2,https://www.sec.gov/Archives/edgar/data/899460/000095017025066426/mnkd-20250508.htm;https://www.sec.gov/Archives/edgar/data/899460/000095017025066426/mnkd-ex99_1.htm,2e7f70eea2fa7a1f530c85a0f083b1c12c6f84d2b2dacef455a4fa7e00629498;f262480e50e5229ce930569ed7e855ce2deb88e4eb88565376ae37ea4563544c,NONE,REVIEW_REQUIRED_EVENT_EVIDENCE,False,refresh_20261009T042704Z_refresh_fundamentals_c7bbcb6dfda4_production_adc49771,2026-10-09T09:00:48Z
1457,2025,Q1,51924,2024-06-30,MPAA,UNRESOLVED,PROPOSED_REVIEWED_EVENT_OBSERVATION,EXPLICIT_QUARTER_CONSOLIDATED_EARNINGS_STATEMENT_AND_REGISTRANT_RESULTS_ANNOUNCEMENT,0001140361-24-036287,8-K,ef20033577_8k.htm,https://www.sec.gov/Archives/edgar/data/918251/000114036124036287/ef20033577_8k.htm,2024-08-08T11:59:11Z,866e017c9a64533f15ee4c8a3b30d3ccb02f9becc66bfc41d8f0d38b9a7aacdb,7ec1f7e7f0d99d2b7a3366e5faad3f0908535b50394cdd419a73ed2bb5f6f173,e2923f11f15c407e76fc4f3fc66fde0658e0d169c25662e4ffba53fa48c2766a,2,https://www.sec.gov/Archives/edgar/data/918251/000114036124036287/ef20033577_8k.htm;https://www.sec.gov/Archives/edgar/data/918251/000114036124036287/ef20033577_ex99-1.htm,9af4b5e67e808795721a71b9e2f43782e3c078bffc7c5017a616e0c56938dfa5;bc2171efc9e2c531db0950d4338b374b4e4ec2a9e19e045864ad5a28fe13a7b1,NONE,REVIEW_REQUIRED_EVENT_EVIDENCE,False,refresh_20261009T042704Z_refresh_fundamentals_c7bbcb6dfda4_production_adc49771,2026-10-09T09:00:48Z
1457,2025,Q2,51925,2024-09-30,MPAA,UNRESOLVED,PROPOSED_REVIEWED_EVENT_OBSERVATION,EXPLICIT_QUARTER_CONSOLIDATED_EARNINGS_STATEMENT_AND_REGISTRANT_RESULTS_ANNOUNCEMENT,0001140361-24-046024,8-K,ef20038262_8k.htm,https://www.sec.gov/Archives/edgar/data/918251/000114036124046024/ef20038262_8k.htm,2024-11-12T12:58:16Z,0e080061685d7f5d9d3662248da4ce7c19a50c1762d23d68f9863c2939d34f25,823db11e06062b83498da6b1a6e9357c8a22ed154daddaee923a6263c3ffe6fc,473c7ffa5882dfe17c9c658a1e50e11877b9ebcd8b6e36966b3cd8cdc56889e1,2,https://www.sec.gov/Archives/edgar/data/918251/000114036124046024/ef20038262_8k.htm;https://www.sec.gov/Archives/edgar/data/918251/000114036124046024/ef20038262_ex99-1.htm,4cd07491cfd82389cd0eba1282d2a67c4babded0259bffe8114ff6e72ba72492;225ff4abb013de19495c71b68203a49ff92635dd855dc40cc410ae5fec71ef8e,NONE,REVIEW_REQUIRED_EVENT_EVIDENCE,False,refresh_20261009T042704Z_refresh_fundamentals_c7bbcb6dfda4_production_adc49771,2026-10-09T09:00:48Z
1457,2025,Q3,51926,2024-12-31,MPAA,UNRESOLVED,PROPOSED_REVIEWED_EVENT_OBSERVATION,EXPLICIT_QUARTER_CONSOLIDATED_EARNINGS_STATEMENT_AND_REGISTRANT_RESULTS_ANNOUNCEMENT,0001140361-25-003643,8-K,ef20042936_8k.htm,https://www.sec.gov/Archives/edgar/data/918251/000114036125003643/ef20042936_8k.htm,2025-02-10T12:58:17Z,abe5d43896e96ddd23bb4ecea4e2ffbe6c662e9430bd86912af2680c9396372c,5b8676c15d4f3837e9a6c376620347a0248f443980eaf5594e6878c354d6c341,4c7c08649a256d80e5f1145124b7cff239459226fbbc3f7de51eb8cdadddd32c,2,https://www.sec.gov/Archives/edgar/data/918251/000114036125003643/ef20042936_8k.htm;https://www.sec.gov/Archives/edgar/data/918251/000114036125003643/ef20042936_ex99-1.htm,8906d1e9c2c36c5973da8e3d38e7165f5cacdb6e55407f19a550dbb7f2ece382;5f004300ef108cbff0233ab15c71c4632b02015c07b36fba442dfe9f62c54819,NONE,REVIEW_REQUIRED_EVENT_EVIDENCE,False,refresh_20261009T042704Z_refresh_fundamentals_c7bbcb6dfda4_production_adc49771,2026-10-09T09:00:48Z
1487,2025,Q1,53034,2024-09-30,MTRX,UNRESOLVED,PROPOSED_REVIEWED_EVENT_OBSERVATION,EXPLICIT_QUARTER_CONSOLIDATED_EARNINGS_STATEMENT_AND_REGISTRANT_RESULTS_ANNOUNCEMENT,0000866273-24-000112,8-K,mtrx-20241106.htm,https://www.sec.gov/Archives/edgar/data/866273/000086627324000112/mtrx-20241106.htm,2024-11-06T21:17:26Z,fc50e468b3958824580da53a83086735e64b2d8a1a51f340c9773986c47dba2b,ea2df02df3842e32f0120c1a555daef0122543a2b2fe6133751b5cdc2f3de246,3a53812165ba891ce032f493188f2017595b1442d3f679ac6df15a1880c8f827,2,https://www.sec.gov/Archives/edgar/data/866273/000086627324000112/mtrx-20241106.htm;https://www.sec.gov/Archives/edgar/data/866273/000086627324000112/a093024ex99earningsrelease.htm,23e8a115e0420263ccebd8473d42fd64c30f65f73102a7032f3f45338d4d6cd9;269dec141f0058b535f631ceb8c07ad4304314ae63319fa12bc6cba036cd3cda,NONE,REVIEW_REQUIRED_EVENT_EVIDENCE,False,refresh_20261009T042704Z_refresh_fundamentals_c7bbcb6dfda4_production_adc49771,2026-10-09T09:00:48Z
1487,2025,Q2,53035,2024-12-31,MTRX,UNRESOLVED,PROPOSED_REVIEWED_EVENT_OBSERVATION,EXPLICIT_QUARTER_CONSOLIDATED_EARNINGS_STATEMENT_AND_REGISTRANT_RESULTS_ANNOUNCEMENT,0000866273-25-000013,8-K,mtrx-20250205.htm,https://www.sec.gov/Archives/edgar/data/866273/000086627325000013/mtrx-20250205.htm,2025-02-05T21:40:10Z,c634f3114091cfd51f7a2fe440a66224884a5a0dfc4faaeb76e16fbbe0968a54,8556999a50b98bf3f29d689c79b3989c2e5c2df182f31c0e535c3359d1f268e6,7ae6e7a93e47fbf148b078a5c2f71526e8830ff8069562d764b1223a4c5f93b2,2,https://www.sec.gov/Archives/edgar/data/866273/000086627325000013/mtrx-20250205.htm;https://www.sec.gov/Archives/edgar/data/866273/000086627325000013/a123124ex99earningsrelease.htm,b625a0479026a10bc74f2442a2ec270d943978a02ab8fe5b7cf982083d91c075;5adfa8326a884c92a20ed7fc444aaee7600eb1ad16ad7be12651296497dc9fe3,NONE,REVIEW_REQUIRED_EVENT_EVIDENCE,False,refresh_20261009T042704Z_refresh_fundamentals_c7bbcb6dfda4_production_adc49771,2026-10-09T09:00:48Z
1487,2025,Q3,53036,2025-03-31,MTRX,UNRESOLVED,PROPOSED_REVIEWED_EVENT_OBSERVATION,EXPLICIT_QUARTER_CONSOLIDATED_EARNINGS_STATEMENT_AND_REGISTRANT_RESULTS_ANNOUNCEMENT,0000866273-25-000027,8-K,mtrx-20250507.htm,https://www.sec.gov/Archives/edgar/data/866273/000086627325000027/mtrx-20250507.htm,2025-05-07T20:13:36Z,12e0d6ebdedc34d9f66ca64bd0053ac5091d9df4379a8021c48143bc11eb4334,3f9fe900e0c0d247c85c4b5d76013edcb0238609cc23702bb0195246393009e3,11c894cab99de8ae6e60151898d1f4e1bbdd176af3799a971c6473246719a8bc,2,https://www.sec.gov/Archives/edgar/data/866273/000086627325000027/mtrx-20250507.htm;https://www.sec.gov/Archives/edgar/data/866273/000086627325000027/a033125ex99earningsrelease.htm,7b95587a639b832cddf95c3bf88b12c6a48d9bfb0f1b9a71e904dc5f5dc4d390;4876a7cfc6c47d1d6646bb082a5a35ba0bf8f5485fbca67ead22902b2c97b3c1,NONE,REVIEW_REQUIRED_EVENT_EVIDENCE,False,refresh_20261009T042704Z_refresh_fundamentals_c7bbcb6dfda4_production_adc49771,2026-10-09T09:00:48Z
1487,2025,Q4,53037,2025-06-30,MTRX,UNRESOLVED,PROPOSED_REVIEWED_EVENT_OBSERVATION,EXPLICIT_QUARTER_CONSOLIDATED_EARNINGS_STATEMENT_AND_REGISTRANT_RESULTS_ANNOUNCEMENT,0000866273-25-000066,8-K,mtrx-20250909.htm,https://www.sec.gov/Archives/edgar/data/866273/000086627325000066/mtrx-20250909.htm,2025-09-09T20:19:50Z,8f0b2547de34f8ae720b0b84594197df7b1c8b87c14772652d2f158ac62fe992,2685e2de0b4ee5e293f048d293cd8dbb707c5a06cc0ad000515b33b9a62136d2,8bc670884ded805bbb7743c14867f4b36e34e15c58042277931979334e58de25,2,https://www.sec.gov/Archives/edgar/data/866273/000086627325000066/mtrx-20250909.htm;https://www.sec.gov/Archives/edgar/data/866273/000086627325000066/a063025ex99earningsrelease.htm,ad42e131ecf88b9973cf0d03afd9363d5a4a83fe86c083e9e96b1b1e500781e6;f4d6c6a1e1b01a5f404acb16ddc8a5f058ab3a5ffe7078567911634716f3fd02,NONE,REVIEW_REQUIRED_EVENT_EVIDENCE,False,refresh_20261009T042704Z_refresh_fundamentals_c7bbcb6dfda4_production_adc49771,2026-10-09T09:00:48Z
1487,2026,Q1,53038,2025-09-30,MTRX,UNRESOLVED,PROPOSED_REVIEWED_EVENT_OBSERVATION,EXPLICIT_QUARTER_CONSOLIDATED_EARNINGS_STATEMENT_AND_REGISTRANT_RESULTS_ANNOUNCEMENT,0000866273-25-000098,8-K,mtrx-20251105.htm,https://www.sec.gov/Archives/edgar/data/866273/000086627325000098/mtrx-20251105.htm,2025-11-05T21:53:49Z,2876fdad0a47fdfcf81c8cdded341c2fd18412a946321fb0d231f915e36e1cbe,14cd933dddd7cf1235acbe41605bc6f5d3d11bd435439a312a24984efd0c7c96,68d2c08e46b8de298066eb2781fd0c0b2c95d9c407e9fc032b767139f76e6be3,2,https://www.sec.gov/Archives/edgar/data/866273/000086627325000098/mtrx-20251105.htm;https://www.sec.gov/Archives/edgar/data/866273/000086627325000098/a093025ex99earningsrelease.htm,2e95e3b6615393a80ec169a968a62769248a5b4330112f1eb3090e6c7ccc2ac1;1a3d779d493fe3b2bbf84c78c8a254bcdb7a93cea9506057160af90be24a6f18,NONE,REVIEW_REQUIRED_EVENT_EVIDENCE,False,refresh_20261009T042704Z_refresh_fundamentals_c7bbcb6dfda4_production_adc49771,2026-10-09T09:00:48Z
1487,2026,Q2,53039,2025-12-31,MTRX,UNRESOLVED,PROPOSED_REVIEWED_EVENT_OBSERVATION,EXPLICIT_QUARTER_CONSOLIDATED_EARNINGS_STATEMENT_AND_REGISTRANT_RESULTS_ANNOUNCEMENT,0000866273-26-000012,8-K,mtrx-20260204.htm,https://www.sec.gov/Archives/edgar/data/866273/000086627326000012/mtrx-20260204.htm,2026-02-04T21:50:17Z,099a797865975353ad05318da53cd82d4e1f8f3520ec953bc9a2bdf532f741e4,79ad6931da9e6aeb6becf7f7bb2dd0726a17da23c9c59b567dd56d2b760059cb,214bca414d2e3045789ac5da6c8b4ef5438879e3b87650beae63832519f684e7,2,https://www.sec.gov/Archives/edgar/data/866273/000086627326000012/mtrx-20260204.htm;https://www.sec.gov/Archives/edgar/data/866273/000086627326000012/a123125ex99earningsrelease.htm,c5c76f42bf5c8660fffea18d3f681230c8147f7fa182f7f02b3c83132253ae5f;9f64e11b97d87cc929c6a580583881f88b6339ca58a79ca69a65caf9a5c38282,NONE,REVIEW_REQUIRED_EVENT_EVIDENCE,False,refresh_20261009T042704Z_refresh_fundamentals_c7bbcb6dfda4_production_adc49771,2026-10-09T09:00:48Z
1497,2025,Q1,53446,2025-03-31,MUX,UNRESOLVED,FINANCIAL_SCOPE_REVIEW_REQUIRED,NO_EXPLICIT_QUARTER_CONSOLIDATED_REVENUE_GAAP_NET_AND_BROAD_P_AND_L_PACKAGE,0001104659-25-047845,8-K,tm2514850d1_8k.htm,https://www.sec.gov/Archives/edgar/data/314203/000110465925047845/tm2514850d1_8k.htm,2025-05-13T20:20:33Z,0dd4c65068c2ddf868091d7243819f775cfe2191bd86c7b1f385e31c61d004d9,02ddbda18e36653a9b2a5506eabb751b936a1ece79c7415dc052c38459e9a7b1,33d353273330a7ca3e5b64f83bb11a981bdd3162510885a0eaa1eae604145e7b,2,https://www.sec.gov/Archives/edgar/data/314203/000110465925047845/tm2514850d1_8k.htm;https://www.sec.gov/Archives/edgar/data/314203/000110465925047845/tm2514850d1_ex99-1.htm,728aeb82f33f4de0a582377a29a31998dbb1241ff531513570f2bf3ddbea130d;0f19410f2e8504c7b98282ec576b8fe8f4819cda2a39bf37b9c3a6f117a8545b,NONE,REVIEW_REQUIRED_EVENT_EVIDENCE,False,refresh_20261009T042704Z_refresh_fundamentals_c7bbcb6dfda4_production_adc49771,2026-10-09T09:00:48Z
1497,2025,Q2,53447,2025-06-30,MUX,UNRESOLVED,FINANCIAL_SCOPE_REVIEW_REQUIRED,NO_EXPLICIT_QUARTER_CONSOLIDATED_REVENUE_GAAP_NET_AND_BROAD_P_AND_L_PACKAGE,0001104659-25-075735,8-K,tm2522962d1_8k.htm,https://www.sec.gov/Archives/edgar/data/314203/000110465925075735/tm2522962d1_8k.htm,2025-08-08T20:59:21Z,35ef1ddfea0606cb860544ba4ea657cc411c57d8997d08e5e8bb665a058dd4e9,6f2255dc23e3ccc844148e87c2382a2e1cb1c879a9b691c7591f9c288fd4ec57,eb551d1472900748dcd0ee0cbc56b6248f2af399c3ed7686faafe524fbdc7913,2,https://www.sec.gov/Archives/edgar/data/314203/000110465925075735/tm2522962d1_8k.htm;https://www.sec.gov/Archives/edgar/data/314203/000110465925075735/tm2522962d1_ex99-1.htm,03e5b6b2f7d188242ac01dedf40f5e5f4ca699d189b90ebe81bfd7bd0cbf6425;abe0167b2128fdf2ca82de734fb47764fe7a7e0b3e14991b03eaa1fa825b4a92,NONE,REVIEW_REQUIRED_EVENT_EVIDENCE,False,refresh_20261009T042704Z_refresh_fundamentals_c7bbcb6dfda4_production_adc49771,2026-10-09T09:00:48Z
1497,2026,Q1,53450,2026-03-31,MUX,UNRESOLVED,FINANCIAL_SCOPE_REVIEW_REQUIRED,NO_EXPLICIT_QUARTER_CONSOLIDATED_REVENUE_GAAP_NET_AND_BROAD_P_AND_L_PACKAGE,0001104659-26-057585,8-K,tm2614010d1_8k.htm,https://www.sec.gov/Archives/edgar/data/314203/000110465926057585/tm2614010d1_8k.htm,2026-05-08T12:19:28Z,f5e89a55efbafa7de2175a612dcc8bce76a07b9acb61de42415a49124951cdcf,d1f5adf06fbaf302d9a308fe08177b5687e7aff1228f14acd84d86cc3be219f4,f700f07cdc03c2d7b603128f948c9a6aefb61a9224fbb4eb8cf533ab84be68e0,2,https://www.sec.gov/Archives/edgar/data/314203/000110465926057585/tm2614010d1_8k.htm;https://www.sec.gov/Archives/edgar/data/314203/000110465926057585/tm2614010d1_ex99-1.htm,7ec771847faf64b5f76137a7d7f03fbbe0bf79ef7a6798d68d08a4c3aca06e8d;eee100187abf5956539a7e6851768ddfeb7530406308b4ad12e2c367a107f39b,NONE,REVIEW_REQUIRED_EVENT_EVIDENCE,False,refresh_20261009T042704Z_refresh_fundamentals_c7bbcb6dfda4_production_adc49771,2026-10-09T09:00:48Z
1497,2026,Q2,53451,2026-06-30,MUX,UNRESOLVED,FINANCIAL_SCOPE_REVIEW_REQUIRED,NO_EXPLICIT_QUARTER_CONSOLIDATED_REVENUE_GAAP_NET_AND_BROAD_P_AND_L_PACKAGE,0001104659-26-092719,8-K,tm2622532d1_8k.htm,https://www.sec.gov/Archives/edgar/data/314203/000110465926092719/tm2622532d1_8k.htm,2026-08-07T20:15:34Z,78dcf0204047ece69dc4fe5fc3a0cadbf0eb13a24e0e3792fbf5a963db375159,a7b8be9274338c8d1b59698cc523cea50e7a460cd4aeeb9d3ce7df84377a5446,fd2e4fc1c03fd61f74e6c1508aaf662a07aba05bd11ec8394002fbdaeb2b250f,2,https://www.sec.gov/Archives/edgar/data/314203/000110465926092719/tm2622532d1_8k.htm;https://www.sec.gov/Archives/edgar/data/314203/000110465926092719/tm2622532d1_ex99-1.htm,72927a0b33fe3aae00d7168fee6ad447fcd765e69314d44bd0f00d181f926a8b;f4a0651746dfacdc1428afce6650a120f8414b9c306a8806addf71c6d2f2c40a,NONE,REVIEW_REQUIRED_EVENT_EVIDENCE,False,refresh_20261009T042704Z_refresh_fundamentals_c7bbcb6dfda4_production_adc49771,2026-10-09T09:00:48Z
1508,2025,Q2,53850,2025-06-30,MYSZ,NOT_FOUND,FINANCIAL_SCOPE_REVIEW_REQUIRED,NO_EXPLICIT_QUARTER_CONSOLIDATED_REVENUE_GAAP_NET_AND_BROAD_P_AND_L_PACKAGE,0001641172-25-024282,8-K,form8-k.htm,https://www.sec.gov/Archives/edgar/data/1211805/000164117225024282/form8-k.htm,2025-08-15T17:00:53Z,08b2f14db9e1315b88e01cf7252a2b05acafffad9c0cb6fd2d36da80854b8c5a,802a2e281f3c359a0e9eb4db478036d64d0633a8cee3b0ebd5657be15a4cfcd7,8c7adbc5b240ec724d953e7822169e59d413d0727adb10c1c75c02901876c969,1,https://www.sec.gov/Archives/edgar/data/1211805/000164117225024282/form8-k.htm,ba5d5edd71af9407f9c2bc9dc3e5d5f11d14b9f501ade6ea742739adf36ad1ff,NONE,REVIEW_REQUIRED_EVENT_EVIDENCE,False,refresh_20261009T042704Z_refresh_fundamentals_c7bbcb6dfda4_production_adc49771,2026-10-09T09:00:48Z
1522,2025,Q1,54339,2025-01-31,NDSN,UNRESOLVED,FINANCIAL_SCOPE_REVIEW_REQUIRED,NO_EXPLICIT_QUARTER_CONSOLIDATED_REVENUE_GAAP_NET_AND_BROAD_P_AND_L_PACKAGE,0000072331-25-000030,8-K,ndsn-20250219.htm,https://www.sec.gov/Archives/edgar/data/72331/000007233125000030/ndsn-20250219.htm,2025-02-19T21:39:12Z,fff46698605c7d50367103d5504cc246538e866cbf9f6c6534ab5f962aebf39c,321eaf9c4cfe74ac7785b251639980894fd01509c442e4349286066a48bc684c,060db30434fe5061951d81aa374a1b94b3434051809dd3c9c2fb9ae45b35d4d1,2,https://www.sec.gov/Archives/edgar/data/72331/000007233125000030/ndsn-20250219.htm;https://www.sec.gov/Archives/edgar/data/72331/000007233125000030/ndsn-q120258kxex991.htm,ef8fabdc168aec2f01a1c59f940e936343011adf92d95ffb776d283d62695b9a;c76f7ff252d5e4f6dcfcda775c355bb48799ba46f5bab02702d93f9dac523e12,NONE,REVIEW_REQUIRED_EVENT_EVIDENCE,False,refresh_20261009T042704Z_refresh_fundamentals_c7bbcb6dfda4_production_adc49771,2026-10-09T09:00:48Z
1522,2025,Q2,54340,2025-04-30,NDSN,UNRESOLVED,FINANCIAL_SCOPE_REVIEW_REQUIRED,NO_EXPLICIT_QUARTER_CONSOLIDATED_REVENUE_GAAP_NET_AND_BROAD_P_AND_L_PACKAGE,0000072331-25-000053,8-K,ndsn-20250528.htm,https://www.sec.gov/Archives/edgar/data/72331/000007233125000053/ndsn-20250528.htm,2025-05-28T20:35:55Z,bdd4a8a86c9cbd0b8366fbf1385588128a2cd2f5d5884641c382115eae949bab,e5076e4802b9b7c0cc0854b61f14b5e076135d22e30a731e8e664bc1ac9ecd1d,8f2c05499ec24c6acc28cf45920b9fef48518b58557439c819aee676dc05eff2,2,https://www.sec.gov/Archives/edgar/data/72331/000007233125000053/ndsn-20250528.htm;https://www.sec.gov/Archives/edgar/data/72331/000007233125000053/ndsn-q220258kxex991.htm,7f4892d560e9ce534fe1cabe0df7d5bb61d3087a2b0437e191190082c011817c;c35f9379e56eb6e0728d5390196acd93a2a54cd3376bec0cc9c01ac1a5cf507e,NONE,REVIEW_REQUIRED_EVENT_EVIDENCE,False,refresh_20261009T042704Z_refresh_fundamentals_c7bbcb6dfda4_production_adc49771,2026-10-09T09:00:48Z
1522,2025,Q3,54341,2025-07-31,NDSN,UNRESOLVED,FINANCIAL_SCOPE_REVIEW_REQUIRED,NO_EXPLICIT_QUARTER_CONSOLIDATED_REVENUE_GAAP_NET_AND_BROAD_P_AND_L_PACKAGE,0000072331-25-000112,8-K,ndsn-20250820.htm,https://www.sec.gov/Archives/edgar/data/72331/000007233125000112/ndsn-20250820.htm,2025-08-20T20:36:22Z,b7d571bfcd2f3a50c83beaac537b458038fae82a0343b9a2261b32ba4eece753,acf757214f40f058afe7a9f37b4912309cc0141779cc0587e9e8aba924adab51,0e475a1612940c265280167ce048f4dcabd6f4105b45922a3518b474673761a6,2,https://www.sec.gov/Archives/edgar/data/72331/000007233125000112/ndsn-20250820.htm;https://www.sec.gov/Archives/edgar/data/72331/000007233125000112/ndsn-q320258kxex991.htm,4b1ce0e2c36f95b9366ee7014384e350e97bb53e437410bff6aea307155ca3c1;b2e2d9e50fe7ed6ec977e79a04e87a7c9ba26b67b48d2206800108b2b4e6eeff,NONE,REVIEW_REQUIRED_EVENT_EVIDENCE,False,refresh_20261009T042704Z_refresh_fundamentals_c7bbcb6dfda4_production_adc49771,2026-10-09T09:00:48Z
1522,2025,Q4,54342,2025-10-31,NDSN,UNRESOLVED,FINANCIAL_SCOPE_REVIEW_REQUIRED,NO_EXPLICIT_QUARTER_CONSOLIDATED_REVENUE_GAAP_NET_AND_BROAD_P_AND_L_PACKAGE,0000072331-25-000138,8-K,ndsn-20251210.htm,https://www.sec.gov/Archives/edgar/data/72331/000007233125000138/ndsn-20251210.htm,2025-12-10T21:34:22Z,4b887ace1077926959869e5dd4d14ae2bb20db69766b4f214aa9630d8a310700,826d896fc58d0481fed7d91f0eb993ea040cf6fdd2989daa4a788b9eb79ee21b,2bf466b656f89f33b13f3507718ee86bee31e584dbe7cf0b7610d407cdac7495,2,https://www.sec.gov/Archives/edgar/data/72331/000007233125000138/ndsn-20251210.htm;https://www.sec.gov/Archives/edgar/data/72331/000007233125000138/ndsn-20251213xex991.htm,22aae2efc2c1cc1294f8611a8514b4df43c5003c109f63087f9261827debad81;6e7cd6d40665920731c45356c9fca48de58c2cbf0cea7393bede4fc64451be47,NONE,REVIEW_REQUIRED_EVENT_EVIDENCE,False,refresh_20261009T042704Z_refresh_fundamentals_c7bbcb6dfda4_production_adc49771,2026-10-09T09:00:48Z
1522,2026,Q1,54343,2026-01-31,NDSN,UNRESOLVED,FINANCIAL_SCOPE_REVIEW_REQUIRED,NO_EXPLICIT_QUARTER_CONSOLIDATED_REVENUE_GAAP_NET_AND_BROAD_P_AND_L_PACKAGE,0000072331-26-000011,8-K,ndsn-20260218.htm,https://www.sec.gov/Archives/edgar/data/72331/000007233126000011/ndsn-20260218.htm,2026-02-18T21:31:31Z,9c208f1ca7b937c8641a816a139429088d0691dfab313deaadd9c77d065da1c9,2188f06eca64207ae000df8812c515e5d97cc5012e8b9149972303d94af12fd2,5349a3aceefeb092e0e6e69b15793ccaa23379b07b028126e210124388438ee7,2,https://www.sec.gov/Archives/edgar/data/72331/000007233126000011/ndsn-20260218.htm;https://www.sec.gov/Archives/edgar/data/72331/000007233126000011/ndsn-q120268kxex991.htm,ca88912e3a6e603ea8fcabd9bcf1d84ede070d3a5f4a04d446dbe6655aed201c;10d94782fd6bc7319c9f3dac7242322d5dc2efecaa69752213d5e1b291f70125,NONE,REVIEW_REQUIRED_EVENT_EVIDENCE,False,refresh_20261009T042704Z_refresh_fundamentals_c7bbcb6dfda4_production_adc49771,2026-10-09T09:00:48Z
1599,2025,Q1,56975,2025-03-31,NWN,NOT_FOUND,FINANCIAL_SCOPE_REVIEW_REQUIRED,NO_EXPLICIT_QUARTER_CONSOLIDATED_REVENUE_GAAP_NET_AND_BROAD_P_AND_L_PACKAGE,0001733998-25-000091,8-K,nwn-20250506.htm,https://www.sec.gov/Archives/edgar/data/1733998/000173399825000091/nwn-20250506.htm,2025-05-05T23:00:55Z,5407a90be8c760aadc6f58cb19c28afd862af4bc319b27ee764182a8bd382fd3,91b194907f86e8bf07ab06aa604ebffadc9d317ea244c6c501dd8dad00932e91,ae832103a1e678e0a70d43357674c211532421c3b9574c4f21e27dd2f908faf9,3,https://www.sec.gov/Archives/edgar/data/1733998/000173399825000091/nwn-20250506.htm;https://www.sec.gov/Archives/edgar/data/1733998/000173399825000091/a2025q1ex991pressreleasedo.htm;https://www.sec.gov/Archives/edgar/data/1733998/000173399825000091/q12025earningsreleasepre.htm,30054f552602930cfbec1d66009ccbd6ef7f649f74f05b70c8216a1927e64623;f54ff8f5ad2167213b4cad2688e055dd104cd0b4b985207486813f0d032357a3;27163f799059a1b5a62224138e618d3faaa514d71cf4d1e0b449a383c0817fcf,NONE,REVIEW_REQUIRED_EVENT_EVIDENCE,False,refresh_20261009T042704Z_refresh_fundamentals_c7bbcb6dfda4_production_adc49771,2026-10-09T09:00:48Z
1599,2025,Q2,56976,2025-06-30,NWN,NOT_FOUND,FINANCIAL_SCOPE_REVIEW_REQUIRED,NO_EXPLICIT_QUARTER_CONSOLIDATED_REVENUE_GAAP_NET_AND_BROAD_P_AND_L_PACKAGE,0001733998-25-000130,8-K,nwn-20250805.htm,https://www.sec.gov/Archives/edgar/data/1733998/000173399825000130/nwn-20250805.htm,2025-08-04T23:42:53Z,2f3bab8af8d18aa249a5f48c518e8e80767e7ba7cf965342d2a778eea65040fe,fe22cc17b0fbadfed92a1bc594a16119c94f127ced5f94d26ebc0ed606c8d6f5,e8ab6c0a11fcf6e65ce86f769df815419bbaa272c713e2a1331e721ca942d23e,2,https://www.sec.gov/Archives/edgar/data/1733998/000173399825000130/nwn-20250805.htm;https://www.sec.gov/Archives/edgar/data/1733998/000173399825000130/a2025q2ex991pressreleasedo.htm,56adb274c0caead2c122d4cdc01b5e31bf46c7adc6d07dd2133b59ac8033c999;343e6edb0ff1266829ed86f1e6e38767fa0a2cba2109998937169765043b35a8,NONE,REVIEW_REQUIRED_EVENT_EVIDENCE,False,refresh_20261009T042704Z_refresh_fundamentals_c7bbcb6dfda4_production_adc49771,2026-10-09T09:00:48Z
1599,2026,Q1,56979,2026-03-31,NWN,NOT_FOUND,FINANCIAL_SCOPE_REVIEW_REQUIRED,NO_EXPLICIT_QUARTER_CONSOLIDATED_REVENUE_GAAP_NET_AND_BROAD_P_AND_L_PACKAGE,0001733998-26-000085,8-K,nwn-20260506.htm,https://www.sec.gov/Archives/edgar/data/1733998/000173399826000085/nwn-20260506.htm,2026-05-05T21:42:52Z,e90500e436ec62bf119eea96e7d9f82a7b722f040f5668caeee1b757d01921c5,f8c971ce99bc01891715b5e825e241446d6a54280f43629a4f8e5b56874a035d,430ecd51ee98748379c03f70a23b46f969755d1f8758b18bae6d964f0e4e3f60,2,https://www.sec.gov/Archives/edgar/data/1733998/000173399826000085/nwn-20260506.htm;https://www.sec.gov/Archives/edgar/data/1733998/000173399826000085/a2026q1ex991pressreleasedo.htm,8716d71177ab5ccee9dcdb928fff78113f41a84dfb5c4d1d3298249ff9da8fd5;2ec5751b843108b0659b0dbfe520479d3ffdbeef1fd67ad50cf5bc652aca9e08,NONE,REVIEW_REQUIRED_EVENT_EVIDENCE,False,refresh_20261009T042704Z_refresh_fundamentals_c7bbcb6dfda4_production_adc49771,2026-10-09T09:00:48Z
1599,2026,Q2,56980,2026-06-30,NWN,NOT_FOUND,FINANCIAL_SCOPE_REVIEW_REQUIRED,NO_EXPLICIT_QUARTER_CONSOLIDATED_REVENUE_GAAP_NET_AND_BROAD_P_AND_L_PACKAGE,0001733998-26-000125,8-K,nwn-20260805.htm,https://www.sec.gov/Archives/edgar/data/1733998/000173399826000125/nwn-20260805.htm,2026-08-04T22:32:06Z,f11afc0346b6939ff162b0c464ee799416d804a6c099b2203fb768245ea64860,0c1d4bad62d6c56eb5f05e43501b3cc74faee43c9889a0df82a4d0c47f9ae852,d1e35f933df0d7c6301f98ab13a5983cb4417c1319db7228807c980a622468c3,2,https://www.sec.gov/Archives/edgar/data/1733998/000173399826000125/nwn-20260805.htm;https://www.sec.gov/Archives/edgar/data/1733998/000173399826000125/a2026q2ex991pressreleasedo.htm,19b7db7599532584ef59e6c608e112d5dd07552312f50f5b393698dc2cf083d9;42aaee4bcb300d7423a77f6da3f043e8beed33cbd6a8f3d8f8a84a7fc7ae1012,NONE,REVIEW_REQUIRED_EVENT_EVIDENCE,False,refresh_20261009T042704Z_refresh_fundamentals_c7bbcb6dfda4_production_adc49771,2026-10-09T09:00:48Z
1602,2025,Q1,57073,2025-01-31,NX,UNRESOLVED,FINANCIAL_SCOPE_REVIEW_REQUIRED,NO_EXPLICIT_QUARTER_CONSOLIDATED_REVENUE_GAAP_NET_AND_BROAD_P_AND_L_PACKAGE,0001171843-25-001365,8-K,f8k_031025.htm,https://www.sec.gov/Archives/edgar/data/1423221/000117184325001365/f8k_031025.htm,2025-03-11T00:17:11Z,23bf67379bb1f8b46370bbbfc430998e30201798ab3ad26efbd49e5bc5d47354,ca836edce8ca2b2e8b9d6d80dbcf1fe1823fc0389bcb63a726f48180db55c071,60471e595c827f865e8e5e5e812c15222f29f7f78a3014d153293765c669a791,2,https://www.sec.gov/Archives/edgar/data/1423221/000117184325001365/f8k_031025.htm;https://www.sec.gov/Archives/edgar/data/1423221/000117184325001365/exh_991.htm,51ebb3d50e44edcd16ccfbde1faec2d47d58aa35ef8a557fda397192ad7ed4c1;a4462a81265a8ce33d81e524577ddb610aa46c9326aebe8cd63546350a928a9a,NONE,REVIEW_REQUIRED_EVENT_EVIDENCE,False,refresh_20261009T042704Z_refresh_fundamentals_c7bbcb6dfda4_production_adc49771,2026-10-09T09:00:48Z
1602,2025,Q2,57074,2025-04-30,NX,UNRESOLVED,PROPOSED_REVIEWED_EVENT_OBSERVATION,EXPLICIT_QUARTER_CONSOLIDATED_EARNINGS_STATEMENT_AND_REGISTRANT_RESULTS_ANNOUNCEMENT,0001171843-25-003726,8-K,f8k_060525.htm,https://www.sec.gov/Archives/edgar/data/1423221/000117184325003726/f8k_060525.htm,2025-06-06T00:17:35Z,a85f9b0c0844d5184bdddc905eb1dd0b2a62f66f6c5063b1ca35e815e231afa0,c8cf7bb0dd371e31ad07568d337316c49fae13384c58b414ca53e2395c8833ee,0fd2d717fb43563b6ca47d2b0f978817469b2ecc0c7242851c2782a43496f28d,2,https://www.sec.gov/Archives/edgar/data/1423221/000117184325003726/f8k_060525.htm;https://www.sec.gov/Archives/edgar/data/1423221/000117184325003726/exh_991.htm,a07f6fd49d3a8edf40505deff3afb07d4e2f96d0773d772531e170d48317179f;4eaf5b70c98d2a5b9608c8fb78b1c1bd79c365a8530f5f738fa57f264315c793,NONE,REVIEW_REQUIRED_EVENT_EVIDENCE,False,refresh_20261009T042704Z_refresh_fundamentals_c7bbcb6dfda4_production_adc49771,2026-10-09T09:00:48Z
1602,2025,Q3,57075,2025-07-31,NX,UNRESOLVED,FINANCIAL_SCOPE_REVIEW_REQUIRED,NO_EXPLICIT_QUARTER_CONSOLIDATED_REVENUE_GAAP_NET_AND_BROAD_P_AND_L_PACKAGE,0001171843-25-005746,8-K,f8k_090425.htm,https://www.sec.gov/Archives/edgar/data/1423221/000117184325005746/f8k_090425.htm,2025-09-05T00:18:07Z,9de9c3cf09cd9b80ac709592036620add02b9476d801abfceb5e1aee56ed5ea3,c2042f3a8dad225d76b0b81f9c66dd5db8b1605eb37adb36ba361777b853cc69,62a57c1147161906b9fbb8387d79918db07fb4339d06f18f91af651519f3592c,2,https://www.sec.gov/Archives/edgar/data/1423221/000117184325005746/f8k_090425.htm;https://www.sec.gov/Archives/edgar/data/1423221/000117184325005746/exh_991.htm,192c96b5fc5992521c739d7e37313e322e08fb42d84e57e74ff0e266ff124341;34bf7749ce7c262b875f8fc0e0c3fffa38859a2066fa650f2bbef64d411443f3,NONE,REVIEW_REQUIRED_EVENT_EVIDENCE,False,refresh_20261009T042704Z_refresh_fundamentals_c7bbcb6dfda4_production_adc49771,2026-10-09T09:00:48Z
1602,2025,Q4,57076,2025-10-31,NX,UNRESOLVED,PROPOSED_REVIEWED_EVENT_OBSERVATION,EXPLICIT_QUARTER_CONSOLIDATED_EARNINGS_STATEMENT_AND_REGISTRANT_RESULTS_ANNOUNCEMENT,0001171843-25-007891,8-K,f8k_121125.htm,https://www.sec.gov/Archives/edgar/data/1423221/000117184325007891/f8k_121125.htm,2025-12-12T02:17:27Z,da276c6c17293b338e2894d41e4342d3c5ed6d72a1b60c9d84841b17f8b78de7,89a65aa4a7af464f9c32f0129eaf01565f3af45b992e41ca98bdafc5a7549c84,af421ce4c4c522fbbe0609601a3d0998c65fb2a2f30d87d95d61af3b2d98797c,2,https://www.sec.gov/Archives/edgar/data/1423221/000117184325007891/f8k_121125.htm;https://www.sec.gov/Archives/edgar/data/1423221/000117184325007891/exh_991.htm,1f203343c359df59b5b0f4db7daaf092592905510e89a163b06de20c86012e02;d6f77d267c0ff0386c129f0dbbe9c3550de5460ef79fdfc7fce91ecb7ec26f16,NONE,REVIEW_REQUIRED_EVENT_EVIDENCE,False,refresh_20261009T042704Z_refresh_fundamentals_c7bbcb6dfda4_production_adc49771,2026-10-09T09:00:48Z
1602,2026,Q1,57077,2026-01-31,NX,UNRESOLVED,PROPOSED_REVIEWED_EVENT_OBSERVATION,EXPLICIT_QUARTER_CONSOLIDATED_EARNINGS_STATEMENT_AND_REGISTRANT_RESULTS_ANNOUNCEMENT,0001171843-26-001364,8-K,f8k_030526.htm,https://www.sec.gov/Archives/edgar/data/1423221/000117184326001364/f8k_030526.htm,2026-03-06T02:17:28Z,fa80eb44189d9158e261a75cfa4024677ebfc1d15bed3c5378c9afdbc814675e,420831cab508108887854fe3d374bae0659f9b4f373174e0c11fb9eeada16cc3,6e7dbcfcb4806e0beefca7b6e85996e8f3c521ea4cffa5f15fc457e8fd7370d4,2,https://www.sec.gov/Archives/edgar/data/1423221/000117184326001364/f8k_030526.htm;https://www.sec.gov/Archives/edgar/data/1423221/000117184326001364/exh_991.htm,59a579ca3f26a67d2994db13a105077c1968e0af4fa56b2b375c865d505f1c39;28cc6722c27a973946615e3324951ed85b9b495c712e5be07b8b3b53d27dafc7,NONE,REVIEW_REQUIRED_EVENT_EVIDENCE,False,refresh_20261009T042704Z_refresh_fundamentals_c7bbcb6dfda4_production_adc49771,2026-10-09T09:00:48Z
1630,2025,Q1,58056,2024-04-30,OKTA,NOT_FOUND,FINANCIAL_SCOPE_REVIEW_REQUIRED,NO_EXPLICIT_QUARTER_CONSOLIDATED_REVENUE_GAAP_NET_AND_BROAD_P_AND_L_PACKAGE,0001660134-24-000085,8-K,okta-20240529.htm,https://www.sec.gov/Archives/edgar/data/1660134/000166013424000085/okta-20240529.htm,2024-05-30T00:02:57Z,ac7a8e729b1e346d71a6a8e347e2f09cf180865fe6a5d877cc259f70296eda52,4dcbbe011a9db2103c60298726c1c29667d97af4207e96b6e4e7bfd24f7295dc,e724f7511f13457e1d712f9736e112eeeb2cad445e74074f707422a60f4d0c16,1,https://www.sec.gov/Archives/edgar/data/1660134/000166013424000085/okta-20240529.htm,1f9a8772ff0e3d7e646796ca03ce0a259b11e633fa2981e79ede9129c07e5395,NONE,REVIEW_REQUIRED_EVENT_EVIDENCE,False,refresh_20261009T042704Z_refresh_fundamentals_c7bbcb6dfda4_production_adc49771,2026-10-09T09:00:48Z
1630,2025,Q2,58057,2024-07-31,OKTA,NOT_FOUND,FINANCIAL_SCOPE_REVIEW_REQUIRED,NO_EXPLICIT_QUARTER_CONSOLIDATED_REVENUE_GAAP_NET_AND_BROAD_P_AND_L_PACKAGE,0001660134-24-000134,8-K,okta-20240828.htm,https://www.sec.gov/Archives/edgar/data/1660134/000166013424000134/okta-20240828.htm,2024-08-29T00:02:24Z,4f29e60cb6b2c04c89e57e3c6bd662bf4e570b1a8ee89ce6d33ced08174997dc,d00a7eb624715f3ca540d552101315411c519543827b3e43adc0a566b9214a31,f1564bae06a5e202af43627a563a1706ba3684140670c39dfe8357eb87a4a783,1,https://www.sec.gov/Archives/edgar/data/1660134/000166013424000134/okta-20240828.htm,e8e4921dd2bd7f524970f7adc59be1b8a6c933e8767ebd2f4d7007487bf3941e,NONE,REVIEW_REQUIRED_EVENT_EVIDENCE,False,refresh_20261009T042704Z_refresh_fundamentals_c7bbcb6dfda4_production_adc49771,2026-10-09T09:00:48Z
1630,2026,Q1,58060,2025-04-30,OKTA,NOT_FOUND,FINANCIAL_SCOPE_REVIEW_REQUIRED,NO_EXPLICIT_QUARTER_CONSOLIDATED_REVENUE_GAAP_NET_AND_BROAD_P_AND_L_PACKAGE,0001660134-25-000091,8-K,okta-20250527.htm,https://www.sec.gov/Archives/edgar/data/1660134/000166013425000091/okta-20250527.htm,2025-05-28T00:06:33Z,01353493a2bb30901c2dacd00f85304dd4ca8a7482444cc6916efe7778b693fa,0ff553388003a938a7dc4b383dd9c6a437727a612e1da634d92627d52c444897,169469ced42470ce5322287d1886c581b3b3a4c63008bd1febc2ccbaa1fe33c9,1,https://www.sec.gov/Archives/edgar/data/1660134/000166013425000091/okta-20250527.htm,553ace0258615139b811133dd60fffc6551916a85dcee65b99b93f319352fd73,NONE,REVIEW_REQUIRED_EVENT_EVIDENCE,False,refresh_20261009T042704Z_refresh_fundamentals_c7bbcb6dfda4_production_adc49771,2026-10-09T09:00:48Z
1630,2026,Q2,58061,2025-07-31,OKTA,NOT_FOUND,FINANCIAL_SCOPE_REVIEW_REQUIRED,NO_EXPLICIT_QUARTER_CONSOLIDATED_REVENUE_GAAP_NET_AND_BROAD_P_AND_L_PACKAGE,0001660134-25-000156,8-K,okta-20250826.htm,https://www.sec.gov/Archives/edgar/data/1660134/000166013425000156/okta-20250826.htm,2025-08-27T00:03:10Z,324ca2073040dff7489631245cb8c2b8f1a33eecd726bbd997fea5ae88ec53e0,59f33ed6f284af525f6cc736f98988040c8be91d219557304fbb58a58f1d363f,7ff57b16140976305836bc955186022c33c0a3aad8707f6d9bbee080aab1f5e4,1,https://www.sec.gov/Archives/edgar/data/1660134/000166013425000156/okta-20250826.htm,3df6c8230e62145fe8cdac34cb7ba1aa1b7e386ff9050afa751a901cb6a41ec1,NONE,REVIEW_REQUIRED_EVENT_EVIDENCE,False,refresh_20261009T042704Z_refresh_fundamentals_c7bbcb6dfda4_production_adc49771,2026-10-09T09:00:48Z
1630,2026,Q3,58062,2025-10-31,OKTA,NOT_FOUND,FINANCIAL_SCOPE_REVIEW_REQUIRED,NO_EXPLICIT_QUARTER_CONSOLIDATED_REVENUE_GAAP_NET_AND_BROAD_P_AND_L_PACKAGE,0001660134-25-000170,8-K,okta-20251202.htm,https://www.sec.gov/Archives/edgar/data/1660134/000166013425000170/okta-20251202.htm,2025-12-03T02:03:49Z,db659d7ff8b1d43ae24eec7966b497cc86025b42aae43046d176cab7b16f2dfb,9ea6ba8a67dc85180fe5bf0cb0051b1d7a2be8a0154273f567b25c22ba1434cc,a318b83c58932f90e64091ad0d84e2e7b9ddcfbb59d699f7dcf799640fbfef11,1,https://www.sec.gov/Archives/edgar/data/1660134/000166013425000170/okta-20251202.htm,43b5a0f203e44d46c959ef9df8ff6bf07d1bfc8d815768642e6f7e81ca43ca28,NONE,REVIEW_REQUIRED_EVENT_EVIDENCE,False,refresh_20261009T042704Z_refresh_fundamentals_c7bbcb6dfda4_production_adc49771,2026-10-09T09:00:48Z
1630,2026,Q4,58063,2026-01-31,OKTA,NOT_FOUND,PERIOD_SCOPE_REVIEW_REQUIRED,NO_EXPLICIT_QUARTER_END_MATCH_IN_RETAINED_RESULTS_CONTENT,0001660134-26-000016,8-K,okta-20260304.htm,https://www.sec.gov/Archives/edgar/data/1660134/000166013426000016/okta-20260304.htm,2026-03-05T02:04:44Z,bf209b9314cd1dc7b4b10347d1f476045657ebe17209df17799dc60aa771a943,e7be78407cae73ff158763610147e824250983a9d7c694dcd321fa4f33039dc1,39674aaa9d0beaf0ae78699b53ed8126bee3e6ce3bcc26ab2b157b8df72add6f,1,https://www.sec.gov/Archives/edgar/data/1660134/000166013426000016/okta-20260304.htm,9de5af5f3cf2020e846c6ad6c3d38054753d22a75d910ea7e666f2646974d280,NONE,REVIEW_REQUIRED_EVENT_EVIDENCE,False,refresh_20261009T042704Z_refresh_fundamentals_c7bbcb6dfda4_production_adc49771,2026-10-09T09:00:48Z
1636,2025,Q1,58266,2025-03-31,OM,NOT_FOUND,FINANCIAL_SCOPE_REVIEW_REQUIRED,NO_EXPLICIT_QUARTER_CONSOLIDATED_REVENUE_GAAP_NET_AND_BROAD_P_AND_L_PACKAGE,0000950170-25-065680,8-K,om-20250507.htm,https://www.sec.gov/Archives/edgar/data/1484612/000095017025065680/om-20250507.htm,2025-05-08T00:15:09Z,c5b06b1c3677f6af0b4dd42ac769cd7d54a72477be7dcedb935ef645e638f3c1,8269a4a338ff349ce70c8fb9b439c4539f651ed0e51a407a62cb9abaa6c39391,982a56e835ffb1da608d157b2a4d3348e4893d4aa191e6efccb0198a072fc00a,1,https://www.sec.gov/Archives/edgar/data/1484612/000095017025065680/om-20250507.htm,f464a7ec059bba9f920ae35cdc8a0e0f45a94a81e2f516a046ad1ae9f0694b91,NONE,REVIEW_REQUIRED_EVENT_EVIDENCE,False,refresh_20261009T042704Z_refresh_fundamentals_c7bbcb6dfda4_production_adc49771,2026-10-09T09:00:48Z
1636,2025,Q2,58267,2025-06-30,OM,NOT_FOUND,FINANCIAL_SCOPE_REVIEW_REQUIRED,NO_EXPLICIT_QUARTER_CONSOLIDATED_REVENUE_GAAP_NET_AND_BROAD_P_AND_L_PACKAGE,0000950170-25-104054,8-K,om-20250806.htm,https://www.sec.gov/Archives/edgar/data/1484612/000095017025104054/om-20250806.htm,2025-08-07T00:15:10Z,7155bba6dcb3a7c3b7ed2a821df7c3d7f080c065e3cc04fe6f2f6aa6a0b90e56,0357dc53b32fe8d6ef185c979c8ccd75e29cb031a104fc2c03a565dafcacbea9,2392aeea4fa55f3e95066471b652c1eb0fe8b683a5492dc813cf07e87f11f91a,1,https://www.sec.gov/Archives/edgar/data/1484612/000095017025104054/om-20250806.htm,cecfa2c65ad5b5f31a7978779255e898f14b17dbfae9e46d6f5410c87cbcab64,NONE,REVIEW_REQUIRED_EVENT_EVIDENCE,False,refresh_20261009T042704Z_refresh_fundamentals_c7bbcb6dfda4_production_adc49771,2026-10-09T09:00:48Z
1636,2026,Q2,58271,2026-06-30,OM,NOT_FOUND,FINANCIAL_SCOPE_REVIEW_REQUIRED,NO_EXPLICIT_QUARTER_CONSOLIDATED_REVENUE_GAAP_NET_AND_BROAD_P_AND_L_PACKAGE,0001193125-26-337953,8-K,om-20260806.htm,https://www.sec.gov/Archives/edgar/data/1484612/000119312526337953/om-20260806.htm,2026-08-07T00:05:28Z,5fc9408b87cfbc905d02bc69899630fcc622d42f9770c2b1ae9ffdda54d76888,ca1a2a3cd4158b64f4eb9eee99be45146b50c168444ff897ed4a03bb5794ee7e,7ddd50660adde91b767e7d6263aa64d1683bddebb36da3f657c52cf649728341,2,https://www.sec.gov/Archives/edgar/data/1484612/000119312526337953/om-20260806.htm;https://www.sec.gov/Archives/edgar/data/1484612/000119312526337953/om-ex99_1.htm,1c19c971da407c07e7b836915d299557eb6814f9e345e6e96b8f8aaacab95261;9c2f21eabea31f8a63f71a38d8ea7788b761a31fffe3aaa69202b536a87799c8,NONE,REVIEW_REQUIRED_EVENT_EVIDENCE,False,refresh_20261009T042704Z_refresh_fundamentals_c7bbcb6dfda4_production_adc49771,2026-10-09T09:00:48Z
1641,2025,Q1,58470,2025-04-04,ON,NOT_FOUND,FINANCIAL_SCOPE_REVIEW_REQUIRED,NO_EXPLICIT_QUARTER_CONSOLIDATED_REVENUE_GAAP_NET_AND_BROAD_P_AND_L_PACKAGE,0001140361-25-017228,8-K,ef20048379_8k.htm,https://www.sec.gov/Archives/edgar/data/1097864/000114036125017228/ef20048379_8k.htm,2025-05-05T16:05:16Z,a267bd463088071cb156f832bd4c6c12679c52e9e62c67b42bf97ab268564122,b86f1b0b63011df508e95402887f28e075eaef3e8fdaf09bb12f92c295db0607,c9ded022ae94e39b535dd08fb9bd2a369b6435b5b8df02409dfa6e96d90449df,2,https://www.sec.gov/Archives/edgar/data/1097864/000114036125017228/ef20048379_8k.htm;https://www.sec.gov/Archives/edgar/data/1097864/000114036125017228/ef20048379_ex99-1.htm,cf3f916c1a5e9c86cc2bd661cbdbfd46fcdb55f50955323748643ffeb8b27730;378b5bd1853e2cff8a3b4a86d6b64b92049ee3a119580107ac4c4c7f38474259,NONE,REVIEW_REQUIRED_EVENT_EVIDENCE,False,refresh_20261009T042704Z_refresh_fundamentals_c7bbcb6dfda4_production_adc49771,2026-10-09T09:00:48Z
1641,2025,Q2,58471,2025-07-04,ON,NOT_FOUND,FINANCIAL_SCOPE_REVIEW_REQUIRED,NO_EXPLICIT_QUARTER_CONSOLIDATED_REVENUE_GAAP_NET_AND_BROAD_P_AND_L_PACKAGE,0001140361-25-028492,8-K,ef20053137_8k.htm,https://www.sec.gov/Archives/edgar/data/1097864/000114036125028492/ef20053137_8k.htm,2025-08-04T16:05:57Z,a78fbb6177e2337b5fe5bea235bc27f1ec87c2ed4dd3795b1e64480b1e9cccb2,8b7fd53ba2d54c1e9534819e8666c5a2f3c934cc5e8e71018ba0fe994ffb8768,66f989859106ce438f178422cbcc59b587cdf65c2319fe781f3d0d41da8cc8bd,2,https://www.sec.gov/Archives/edgar/data/1097864/000114036125028492/ef20053137_8k.htm;https://www.sec.gov/Archives/edgar/data/1097864/000114036125028492/ef20053137_ex99-1.htm,f08de7c7a4ecc50fbb0b5b743ce14cf50b5655f863cd197188686cc9d0f9e792;6ae02123c355ea225331fdd5df162a3c22d2f9e36d37c175009cb9716a4b62f4,NONE,REVIEW_REQUIRED_EVENT_EVIDENCE,False,refresh_20261009T042704Z_refresh_fundamentals_c7bbcb6dfda4_production_adc49771,2026-10-09T09:00:48Z
1641,2026,Q1,58474,2026-04-03,ON,NOT_FOUND,FINANCIAL_SCOPE_REVIEW_REQUIRED,NO_EXPLICIT_QUARTER_CONSOLIDATED_REVENUE_GAAP_NET_AND_BROAD_P_AND_L_PACKAGE,0001140361-26-018868,8-K,ef20072220_8k.htm,https://www.sec.gov/Archives/edgar/data/1097864/000114036126018868/ef20072220_8k.htm,2026-05-05T00:10:34Z,266221fb7a6730ee1989342cd57a884d526767868d9f52369e1d8c27cc56d96a,0089fe54ddea62cac24f4d1432fc84fb8efdc451c0da3d08aa5150c2728dded2,68176ed73cf0cc319c38a3a8fccd2bbfb8ac177e2c708d7f5e2e194199eb65e1,2,https://www.sec.gov/Archives/edgar/data/1097864/000114036126018868/ef20072220_8k.htm;https://www.sec.gov/Archives/edgar/data/1097864/000114036126018868/ef20072220_ex99-1.htm,dc63b18ad7d4d1520132dd39212929fecbea21265617a5c5946666439c97ff84;ba8fc168dcc6e20c29933e3f4171b0852f8ef88123855a05600c8823874ea2da,NONE,REVIEW_REQUIRED_EVENT_EVIDENCE,False,refresh_20261009T042704Z_refresh_fundamentals_c7bbcb6dfda4_production_adc49771,2026-10-09T09:00:48Z
1641,2026,Q2,58475,2026-07-03,ON,NOT_FOUND,FINANCIAL_SCOPE_REVIEW_REQUIRED,NO_EXPLICIT_QUARTER_CONSOLIDATED_REVENUE_GAAP_NET_AND_BROAD_P_AND_L_PACKAGE,0001140361-26-030989,8-K,ef20079200_8k.htm,https://www.sec.gov/Archives/edgar/data/1097864/000114036126030989/ef20079200_8k.htm,2026-08-04T00:54:23Z,54871b07a61940b5dc5411520f4592afa12fbfcc7bd47e68a6f319b92a4b3d62,3c8acd5c61def7dd09e9c048410a808b47de474575c140ee1f31240c93a1da2e,3ab867cdc03887be0c2071b40d1541da62367cdd0e2a65677f70258808947adb,2,https://www.sec.gov/Archives/edgar/data/1097864/000114036126030989/ef20079200_8k.htm;https://www.sec.gov/Archives/edgar/data/1097864/000114036126030989/ef20079200_ex99-1.htm,e270e307a4864abde90d901bffa602a63bc5c94fc52c9f7344aa227e9267978b;f97ba3740a1745d4faf5360c13818a482a58f891eecfa755dcd1ef21a755018b,NONE,REVIEW_REQUIRED_EVENT_EVIDENCE,False,refresh_20261009T042704Z_refresh_fundamentals_c7bbcb6dfda4_production_adc49771,2026-10-09T09:00:48Z
1658,2025,Q1,59026,2024-08-31,ORCL,NOT_FOUND,FINANCIAL_SCOPE_REVIEW_REQUIRED,NO_EXPLICIT_QUARTER_CONSOLIDATED_REVENUE_GAAP_NET_AND_BROAD_P_AND_L_PACKAGE,0000950170-24-104753,8-K,orcl-20240909.htm,https://www.sec.gov/Archives/edgar/data/1341439/000095017024104753/orcl-20240909.htm,2024-09-09T20:17:34Z,919e47665a6bccf0a602d50d226862be4e39cd3612f7b214e7ae85d712e36e75,bf812e6479f1184ae830241cce74d1b7aee46857d3f4d2512d2a4ee6225dfdcc,676d352854e1c3f734ce25283ae2e83cd2606c516a44ff3315f015d409fb1dd5,1,https://www.sec.gov/Archives/edgar/data/1341439/000095017024104753/orcl-20240909.htm,c25816f197f50d483e86644e10751e1ccd692f4c4c278ee0b9a5067d19cebd4c,NONE,REVIEW_REQUIRED_EVENT_EVIDENCE,False,refresh_20261009T042704Z_refresh_fundamentals_c7bbcb6dfda4_production_adc49771,2026-10-09T09:00:48Z
1658,2025,Q2,59027,2024-11-30,ORCL,NOT_FOUND,FINANCIAL_SCOPE_REVIEW_REQUIRED,NO_EXPLICIT_QUARTER_CONSOLIDATED_REVENUE_GAAP_NET_AND_BROAD_P_AND_L_PACKAGE,0000950170-24-134537,8-K,orcl-20241209.htm,https://www.sec.gov/Archives/edgar/data/1341439/000095017024134537/orcl-20241209.htm,2024-12-09T21:13:45Z,3f47afdc6ee732b1cb15074774d583a40281ddf6a9f5524e19200758900e6c85,1ae54f4ce365d4a616551c7fb243c658f3cc83fbbef3289327375eb5a8ab060a,53bce639bce1cdaaadc619d426af6ceaa3278f4ed0ec60e45b81005bf2dfd759,1,https://www.sec.gov/Archives/edgar/data/1341439/000095017024134537/orcl-20241209.htm,0f6b902053078cf7c5fd7ae98d3dec88acf172a64820d08d2be0d697997fbe56,NONE,REVIEW_REQUIRED_EVENT_EVIDENCE,False,refresh_20261009T042704Z_refresh_fundamentals_c7bbcb6dfda4_production_adc49771,2026-10-09T09:00:48Z
1658,2025,Q3,59028,2025-02-28,ORCL,NOT_FOUND,FINANCIAL_SCOPE_REVIEW_REQUIRED,NO_EXPLICIT_QUARTER_CONSOLIDATED_REVENUE_GAAP_NET_AND_BROAD_P_AND_L_PACKAGE,0000950170-25-036295,8-K,orcl-20250310.htm,https://www.sec.gov/Archives/edgar/data/1341439/000095017025036295/orcl-20250310.htm,2025-03-10T20:13:09Z,c4f3699c63f7737c21c0f9e5dce2ba5ef6aeea28f59ad5cfbf96598273d70b88,b13f718e36b8105d85a736914d1f5c0c2d2d9b81e50ac24c0aa5d67ecdc6876d,c50f86acc6e14aafacd05ba04674a65533ee9178f2603c6d57b60dc0d6d26e70,1,https://www.sec.gov/Archives/edgar/data/1341439/000095017025036295/orcl-20250310.htm,59695476643197554650d44ce942903fe93d40196cdb745142ca07398fee9623,NONE,REVIEW_REQUIRED_EVENT_EVIDENCE,False,refresh_20261009T042704Z_refresh_fundamentals_c7bbcb6dfda4_production_adc49771,2026-10-09T09:00:48Z
1658,2025,Q4,59029,2025-05-31,ORCL,NOT_FOUND,FINANCIAL_SCOPE_REVIEW_REQUIRED,NO_EXPLICIT_QUARTER_CONSOLIDATED_REVENUE_GAAP_NET_AND_BROAD_P_AND_L_PACKAGE,0000950170-25-084831,8-K,orcl-20250611.htm,https://www.sec.gov/Archives/edgar/data/1341439/000095017025084831/orcl-20250611.htm,2025-06-11T20:12:02Z,f770d0482df768c888bb1da01237a8f692433cbd561a4e0cb2bdc8df13d9a2f9,9446b20599fbfce9cc554a72e338ace06ce11923625c0298b12232b0ca5058c9,9a3e84d311bad86f70232550e406e32e4f5634617f7742c5294f23ae06859e75,1,https://www.sec.gov/Archives/edgar/data/1341439/000095017025084831/orcl-20250611.htm,3baa3ad751efde9d1c66d000cc21830b44f63e1288278e3b1b57b12bcd691397,NONE,REVIEW_REQUIRED_EVENT_EVIDENCE,False,refresh_20261009T042704Z_refresh_fundamentals_c7bbcb6dfda4_production_adc49771,2026-10-09T09:00:48Z
1658,2026,Q1,59030,2025-08-31,ORCL,NOT_FOUND,FINANCIAL_SCOPE_REVIEW_REQUIRED,NO_EXPLICIT_QUARTER_CONSOLIDATED_REVENUE_GAAP_NET_AND_BROAD_P_AND_L_PACKAGE,0001193125-25-199175,8-K,orcl-20250909.htm,https://www.sec.gov/Archives/edgar/data/1341439/000119312525199175/orcl-20250909.htm,2025-09-09T20:13:19Z,4c0e6c1c6eeb57f0923e23bc95a20a62c3efb5dc1c2ebca520227c7ac5764fde,ce15ae9ec7dd955b6c7b9b63955a8220a08f9328ec1d0e6ac8e65e6ef723d630,6e23eae43a19cec6e188bff82c21890d9706a7a3e998298d02ede5942cfe003c,1,https://www.sec.gov/Archives/edgar/data/1341439/000119312525199175/orcl-20250909.htm,28acd9dfcc1efdf21e725d1695d50fc88e81d9cf0309d14860677abac08773e3,NONE,REVIEW_REQUIRED_EVENT_EVIDENCE,False,refresh_20261009T042704Z_refresh_fundamentals_c7bbcb6dfda4_production_adc49771,2026-10-09T09:00:48Z
1658,2026,Q2,59031,2025-11-30,ORCL,NOT_FOUND,FINANCIAL_SCOPE_REVIEW_REQUIRED,NO_EXPLICIT_QUARTER_CONSOLIDATED_REVENUE_GAAP_NET_AND_BROAD_P_AND_L_PACKAGE,0001193125-25-314207,8-K,orcl-20251210.htm,https://www.sec.gov/Archives/edgar/data/1341439/000119312525314207/orcl-20251210.htm,2025-12-10T21:14:38Z,f6167ee690e5aa94ae957590798946d8214f1edaf4e32873dfa97a893b51ff16,f6c4d91d2b72aed2ab53d4ee2dc9c279bb05fb432542ad92e216aed34e25b295,c81fcbb4331c89a25cfc58535a6ab35ed216d208e49b46756029ab0a547ab47b,1,https://www.sec.gov/Archives/edgar/data/1341439/000119312525314207/orcl-20251210.htm,affb4af1e536c89917f3ba5b4241f1c65561734a285f556b6a9918918f327a4f,NONE,REVIEW_REQUIRED_EVENT_EVIDENCE,False,refresh_20261009T042704Z_refresh_fundamentals_c7bbcb6dfda4_production_adc49771,2026-10-09T09:00:48Z
1658,2026,Q3,59032,2026-02-28,ORCL,NOT_FOUND,FINANCIAL_SCOPE_REVIEW_REQUIRED,NO_EXPLICIT_QUARTER_CONSOLIDATED_REVENUE_GAAP_NET_AND_BROAD_P_AND_L_PACKAGE,0001193125-26-100148,8-K,orcl-20260310.htm,https://www.sec.gov/Archives/edgar/data/1341439/000119312526100148/orcl-20260310.htm,2026-03-10T20:12:51Z,88845428cefdae9d6d6b10c3ddffe8e6b6f388aea952ef0820a87286c8d79146,e8c3e893af64f9ab392acbb9fc96f2305ac910947aa7e9a71bee4a23e4cff604,f22371d3a4bc66fc39e038bce096f3a66c74e9761deea5fd2003f35922534664,1,https://www.sec.gov/Archives/edgar/data/1341439/000119312526100148/orcl-20260310.htm,4efccccfa9acd89521dde12f369adb0dffad4d8e3e6e49ed8be2fec6868ad81c,NONE,REVIEW_REQUIRED_EVENT_EVIDENCE,False,refresh_20261009T042704Z_refresh_fundamentals_c7bbcb6dfda4_production_adc49771,2026-10-09T09:00:48Z
1662,2025,Q3,59181,2025-09-30,ORLY,NOT_FOUND,FINANCIAL_SCOPE_REVIEW_REQUIRED,NO_EXPLICIT_QUARTER_CONSOLIDATED_REVENUE_GAAP_NET_AND_BROAD_P_AND_L_PACKAGE,0000898173-25-000055,8-K,orly-20251022x8k.htm,https://www.sec.gov/Archives/edgar/data/898173/000089817325000055/orly-20251022x8k.htm,2025-10-22T20:32:27Z,9fb65ed4cb3ef9add3a58db4e195d293dc7600425df470501964157b874d9de4,d5f492ee3ed17f88e805aa4ba9ad53c575eb7cd995b7fb1e8bfc0b4b62492124,bf690f30e0f5c0f591930e536b15898ddccb4d1e1f099ec41c74df3ee4544585,2,https://www.sec.gov/Archives/edgar/data/898173/000089817325000055/orly-20251022x8k.htm;https://www.sec.gov/Archives/edgar/data/898173/000089817325000055/orly-20251022xex99d1.htm,5cbf1cb637cd74d9f04dd3c894309f22c09d662d1ae1c4b39a832cc74e99023c;24760f8fad9f5055f82fa8f83b40a0e24eaace80efe3940c270859ecc88ef53d,NONE,REVIEW_REQUIRED_EVENT_EVIDENCE,False,refresh_20261009T042704Z_refresh_fundamentals_c7bbcb6dfda4_production_adc49771,2026-10-09T09:00:48Z
1662,2025,Q4,59182,2025-12-31,ORLY,NOT_FOUND,FINANCIAL_SCOPE_REVIEW_REQUIRED,NO_EXPLICIT_QUARTER_CONSOLIDATED_REVENUE_GAAP_NET_AND_BROAD_P_AND_L_PACKAGE,0000898173-26-000006,8-K,orly-20260204x8k.htm,https://www.sec.gov/Archives/edgar/data/898173/000089817326000006/orly-20260204x8k.htm,2026-02-04T21:34:03Z,73b232d683b90e693b8b93284f4a5f80f53050bf1b93ef572fd294febf14736e,a1bad786a39fe6f08190206cd301cb114a5d06bfceb28a68af3a0a1aeb6cd4e0,2a0a6c8854eaf693034f88143827dd972086090c24d77d629bbf87d7ab2ab4e3,2,https://www.sec.gov/Archives/edgar/data/898173/000089817326000006/orly-20260204x8k.htm;https://www.sec.gov/Archives/edgar/data/898173/000089817326000006/orly-20260204xex99d1.htm,31c1dd3a20c06d4c982bf10eb78790afd4466bc1ca415d6c10ca714c659be110;2c18f66851f3d591247f8bffd90b197ade08369b625b454d0a46d74f65e08425,NONE,REVIEW_REQUIRED_EVENT_EVIDENCE,False,refresh_20261009T042704Z_refresh_fundamentals_c7bbcb6dfda4_production_adc49771,2026-10-09T09:00:48Z
1668,2025,Q1,59420,2025-03-31,OSUR,NOT_FOUND,FINANCIAL_SCOPE_REVIEW_REQUIRED,NO_EXPLICIT_QUARTER_CONSOLIDATED_REVENUE_GAAP_NET_AND_BROAD_P_AND_L_PACKAGE,0001116463-25-000037,8-K,osur-20250507.htm,https://www.sec.gov/Archives/edgar/data/1116463/000111646325000037/osur-20250507.htm,2025-05-07T20:15:44Z,364f22d428e3a19dc965e5017f583ac1a702cefd6edef573ba1fcf7b482a8995,cba6fd9130762bc2baf1b7c0c4e4f7563d3250a6482280a8869829bf0ca48686,6fbc94d8a5921bf959accc0b88da61d7e1d5d6b0b18e68af15b14f786b991064,1,https://www.sec.gov/Archives/edgar/data/1116463/000111646325000037/osur-20250507.htm,606816e54d3ec98c3fc7dd82120b6f658289ad7f9170d98b4ae60f3adb8e8664,NONE,REVIEW_REQUIRED_EVENT_EVIDENCE,False,refresh_20261009T042704Z_refresh_fundamentals_c7bbcb6dfda4_production_adc49771,2026-10-09T09:00:48Z
1668,2025,Q2,59421,2025-06-30,OSUR,NOT_FOUND,FINANCIAL_SCOPE_REVIEW_REQUIRED,NO_EXPLICIT_QUARTER_CONSOLIDATED_REVENUE_GAAP_NET_AND_BROAD_P_AND_L_PACKAGE,0001628280-25-037806,8-K,osur-20250805.htm,https://www.sec.gov/Archives/edgar/data/1116463/000162828025037806/osur-20250805.htm,2025-08-05T20:07:23Z,0fc19d84a642670f45f3fdee1e7cb4661f477a07990c4131645abb8802f8f059,c9c30bc53bc012393c2d2aa114d619cdb0ce214bf3a2c805ccc766fd8e26f4b7,7160cc4f6859cf4589b661bcfa99056091915f38f51add23b3e2d548ec57b7f5,1,https://www.sec.gov/Archives/edgar/data/1116463/000162828025037806/osur-20250805.htm,440abdecbaeea92314fe5d0da9d01075eac34e19b198692965e7d62810b11a3c,NONE,REVIEW_REQUIRED_EVENT_EVIDENCE,False,refresh_20261009T042704Z_refresh_fundamentals_c7bbcb6dfda4_production_adc49771,2026-10-09T09:00:48Z
1668,2025,Q3,59422,2025-09-30,OSUR,NOT_FOUND,FINANCIAL_SCOPE_REVIEW_REQUIRED,NO_EXPLICIT_QUARTER_CONSOLIDATED_REVENUE_GAAP_NET_AND_BROAD_P_AND_L_PACKAGE,0001116463-25-000053,8-K,osur-20251105.htm,https://www.sec.gov/Archives/edgar/data/1116463/000111646325000053/osur-20251105.htm,2025-11-05T21:50:13Z,b5f36f62a76bbe21a32a537b70d7a26bd39b5ca81d0fb87aed6514f2aa19775b,8cf7dffc51ea6a7b90c7cc3123d8cf2e4dfb29015cab96f045b5f9f452193879,05d075690574e1b9cd3fe7a9a3ad51b0c8a89f8c190446a35ae3f95f6754a86e,1,https://www.sec.gov/Archives/edgar/data/1116463/000111646325000053/osur-20251105.htm,608b0590ef3375a0680fcfb102f232366a459b72090e77285fcf079cfeba065b,NONE,REVIEW_REQUIRED_EVENT_EVIDENCE,False,refresh_20261009T042704Z_refresh_fundamentals_c7bbcb6dfda4_production_adc49771,2026-10-09T09:00:48Z
1668,2025,Q4,59423,2025-12-31,OSUR,NOT_FOUND,FINANCIAL_SCOPE_REVIEW_REQUIRED,NO_EXPLICIT_QUARTER_CONSOLIDATED_REVENUE_GAAP_NET_AND_BROAD_P_AND_L_PACKAGE,0001116463-26-000009,8-K,osur-20260225.htm,https://www.sec.gov/Archives/edgar/data/1116463/000111646326000009/osur-20260225.htm,2026-02-25T21:13:25Z,76b0096045af50db9c6fd984d9dad14e31d080a89e879dfd8751b2b37934dbde,990592b336f8925148335bc11aa35740627fe68a23b828b9961d1ffc6f843d7e,018844f0651c54c74a3ae8336438d031d0f5a8eb0391f67abc1eff6c9fe87822,1,https://www.sec.gov/Archives/edgar/data/1116463/000111646326000009/osur-20260225.htm,dcb67360ab2f2188b917dea06deaefe28bdabe0bb636404861bd26f19191e03d,NONE,REVIEW_REQUIRED_EVENT_EVIDENCE,False,refresh_20261009T042704Z_refresh_fundamentals_c7bbcb6dfda4_production_adc49771,2026-10-09T09:00:48Z
1697,2025,Q1,60479,2025-03-31,PBF,NOT_FOUND,FINANCIAL_SCOPE_REVIEW_REQUIRED,NO_EXPLICIT_QUARTER_CONSOLIDATED_REVENUE_GAAP_NET_AND_BROAD_P_AND_L_PACKAGE,0001534504-25-000027,8-K,pbf-20250501.htm,https://www.sec.gov/Archives/edgar/data/1534504/000153450425000027/pbf-20250501.htm,2025-05-01T14:48:45Z,8105e2d87ee23beaa277829a1e5daeade83fbb9cf9e7e1fe26249e127fa3c2a5,102e0b33fc0ab3ea636c46410f3068928723b5b78ed6811d4454e902db6296d8,c14536a841455ae67bb12977c86391e2918ed6ce8af48b6be25bd3fcfbbd14e0,1,https://www.sec.gov/Archives/edgar/data/1534504/000153450425000027/pbf-20250501.htm,7e0506a1dcf374dd42f690027770db7a8c599c0a694df6c9d0f326ab93e606ef,NONE,REVIEW_REQUIRED_EVENT_EVIDENCE,False,refresh_20261009T042704Z_refresh_fundamentals_c7bbcb6dfda4_production_adc49771,2026-10-09T09:00:48Z
1697,2025,Q2,60480,2025-06-30,PBF,NOT_FOUND,FINANCIAL_SCOPE_REVIEW_REQUIRED,NO_EXPLICIT_QUARTER_CONSOLIDATED_REVENUE_GAAP_NET_AND_BROAD_P_AND_L_PACKAGE,0001534504-25-000045,8-K,pbf-20250731.htm,https://www.sec.gov/Archives/edgar/data/1534504/000153450425000045/pbf-20250731.htm,2025-07-31T14:44:38Z,21074e03638f0ff14c3f3e52bcb96687ddf49fbf4e0bd250bc802c77b401946c,542a1518b04a06e0f4448416dc2518f93e819b8e83e5b6a6f73750a76ba85c3b,19592ed4a4bf94297e59b3b713b4d43871f5bb38c5fa7147de455716bac6177d,1,https://www.sec.gov/Archives/edgar/data/1534504/000153450425000045/pbf-20250731.htm,f51b21d9d66b551f5be468c6bd4fb03b5013ba1fd624e2577be7439ea21b77a6,NONE,REVIEW_REQUIRED_EVENT_EVIDENCE,False,refresh_20261009T042704Z_refresh_fundamentals_c7bbcb6dfda4_production_adc49771,2026-10-09T09:00:48Z
1697,2025,Q3,60481,2025-09-30,PBF,NOT_FOUND,FINANCIAL_SCOPE_REVIEW_REQUIRED,NO_EXPLICIT_QUARTER_CONSOLIDATED_REVENUE_GAAP_NET_AND_BROAD_P_AND_L_PACKAGE,0001534504-25-000060,8-K,pbf-20251030.htm,https://www.sec.gov/Archives/edgar/data/1534504/000153450425000060/pbf-20251030.htm,2025-10-30T14:43:35Z,9de48508cf7054319bf41ddd04efc8448e226b39795ec3de616c23a38b2a3b3c,78842a70b521d886e4924a4b8e75bd29861a1630382580edd3e5f428d614b0c6,faea1cc409925d2e18222d177899428c0c2fa392855acbba015031f9e30053b5,1,https://www.sec.gov/Archives/edgar/data/1534504/000153450425000060/pbf-20251030.htm,2419fdc2938343f89657bbdb026c27f2b9799c939ca928e68147be43bedc7a6b,NONE,REVIEW_REQUIRED_EVENT_EVIDENCE,False,refresh_20261009T042704Z_refresh_fundamentals_c7bbcb6dfda4_production_adc49771,2026-10-09T09:00:48Z
1697,2025,Q4,60482,2025-12-31,PBF,NOT_FOUND,FINANCIAL_SCOPE_REVIEW_REQUIRED,NO_EXPLICIT_QUARTER_CONSOLIDATED_REVENUE_GAAP_NET_AND_BROAD_P_AND_L_PACKAGE,0001534504-26-000008,8-K,pbf-20260212.htm,https://www.sec.gov/Archives/edgar/data/1534504/000153450426000008/pbf-20260212.htm,2026-02-12T16:42:19Z,4a85d7e7b0ac63cfd36e50e2bda95f335f332d4961aed16a2e41f3f321985b56,4dfbe1b627aef9080f028957a7696ec332c054c399438d0c913e5f66081224b6,db1d9408949bd928b22cda991de088a03bc69fe2087bb22ce3094af78685d3a1,1,https://www.sec.gov/Archives/edgar/data/1534504/000153450426000008/pbf-20260212.htm,df107fafb9ad3429c9bfc39a697e67bd675e7f66ad379af206287d2795a0bbc4,NONE,REVIEW_REQUIRED_EVENT_EVIDENCE,False,refresh_20261009T042704Z_refresh_fundamentals_c7bbcb6dfda4_production_adc49771,2026-10-09T09:00:48Z
1697,2026,Q1,60483,2026-03-31,PBF,NOT_FOUND,FINANCIAL_SCOPE_REVIEW_REQUIRED,NO_EXPLICIT_QUARTER_CONSOLIDATED_REVENUE_GAAP_NET_AND_BROAD_P_AND_L_PACKAGE,0001534504-26-000016,8-K,pbf-20260430.htm,https://www.sec.gov/Archives/edgar/data/1534504/000153450426000016/pbf-20260430.htm,2026-04-30T14:41:36Z,c9b3918f16b8c2b2732d3ef863bcc7532dc1e402ccef47e38038e7586b0a88a4,e836018dd85817c94028563005c13586bcc4bc0bf92c3892e3663401d9339dce,9cc90d0f3f53fe7d0f1884382a5c114267456bcc1d6cf604c0fe749821ed5ad3,1,https://www.sec.gov/Archives/edgar/data/1534504/000153450426000016/pbf-20260430.htm,eb2eb56d89b78cf640f7de34196403bd70855345a2268743c4aa726bec213378,NONE,REVIEW_REQUIRED_EVENT_EVIDENCE,False,refresh_20261009T042704Z_refresh_fundamentals_c7bbcb6dfda4_production_adc49771,2026-10-09T09:00:48Z
1697,2026,Q2,60484,2026-06-30,PBF,NOT_FOUND,FINANCIAL_SCOPE_REVIEW_REQUIRED,NO_EXPLICIT_QUARTER_CONSOLIDATED_REVENUE_GAAP_NET_AND_BROAD_P_AND_L_PACKAGE,0001534504-26-000029,8-K,pbf-20260730.htm,https://www.sec.gov/Archives/edgar/data/1534504/000153450426000029/pbf-20260730.htm,2026-07-30T14:50:30Z,0e3b9b02faf951d2d0d9f75fb1505b12a6db7c50c93b35763b2fe6632733f871,8d1cf7244f95d5a9c6831deffff21a8439dc020dcbdd7367fb5d61c66d629686,ab3d45b006d2fedfb216fc94856ea48296e14497082298c675dbf177baab836c,1,https://www.sec.gov/Archives/edgar/data/1534504/000153450426000029/pbf-20260730.htm,dbcee1c4e5db5eba7a68972bfec6067389456b9196d7b51ac0fa0f2cf1a92f65,NONE,REVIEW_REQUIRED_EVENT_EVIDENCE,False,refresh_20261009T042704Z_refresh_fundamentals_c7bbcb6dfda4_production_adc49771,2026-10-09T09:00:48Z
1711,2025,Q1,60997,2025-03-31,PDSB,NOT_FOUND,FINANCIAL_SCOPE_REVIEW_REQUIRED,NO_EXPLICIT_QUARTER_CONSOLIDATED_REVENUE_GAAP_NET_AND_BROAD_P_AND_L_PACKAGE,0001140361-25-018800,8-K,ef20048917_8k.htm,https://www.sec.gov/Archives/edgar/data/1472091/000114036125018800/ef20048917_8k.htm,2025-05-14T15:35:17Z,4a6ff51184b9ba8a9b7cc085861d529f592ac894b4c9916f8d93131d0a245f7f,ab4ac1cfb2e1f5df33fd226d1a656b2e708d038fe3f6171b92551777e8d1c61c,c5bc706e1b92804cfb546ce8df24cbebc43fecc4a264115195d381ab14c90896,1,https://www.sec.gov/Archives/edgar/data/1472091/000114036125018800/ef20048917_8k.htm,06fe2a8db2602be74207ec15b89557219ef9eeb9b6c66113b97fd6c30246860f,NONE,REVIEW_REQUIRED_EVENT_EVIDENCE,False,refresh_20261009T042704Z_refresh_fundamentals_c7bbcb6dfda4_production_adc49771,2026-10-09T09:00:48Z
1711,2025,Q4,61000,2025-12-31,PDSB,NOT_FOUND,PERIOD_SCOPE_REVIEW_REQUIRED,NO_EXPLICIT_QUARTER_END_MATCH_IN_RETAINED_RESULTS_CONTENT,0001140361-26-011862,8-K,ef20069202_8k.htm,https://www.sec.gov/Archives/edgar/data/1472091/000114036126011862/ef20069202_8k.htm,2026-03-30T15:05:29Z,75c78e1baa82e534feea8507523bf5e04504791a90328693c66fa1cfbb76066c,4b9b0f825ad763b169e4e370acde7be05e6e6ff39d27774b620d678a1ec99e3e,676b775acbf64254f5638c8a4ee3501df3a826b71a9b132620e932dff27cbbbc,2,https://www.sec.gov/Archives/edgar/data/1472091/000114036126011862/ef20069202_8k.htm;https://www.sec.gov/Archives/edgar/data/1472091/000114036126011862/ef20069202_ex99-1.htm,34f45d0c3118ef677645ef8c2b4b76f7078d0e608ae090a0ffc89c1c6d4ccdea;83e3f095b54e738879f75ba917a099cd2f892c55819237786fa03cbffbd2789d,NONE,REVIEW_REQUIRED_EVENT_EVIDENCE,False,refresh_20261009T042704Z_refresh_fundamentals_c7bbcb6dfda4_production_adc49771,2026-10-09T09:00:48Z
1736,2025,Q4,61870,2025-01-31,PHR,NOT_FOUND,PERIOD_SCOPE_REVIEW_REQUIRED,NO_EXPLICIT_QUARTER_END_MATCH_IN_RETAINED_RESULTS_CONTENT,0001412408-25-000005,8-K,phr-20250312.htm,https://www.sec.gov/Archives/edgar/data/1412408/000141240825000005/phr-20250312.htm,2025-03-12T20:02:56Z,fb13d5aa532e70580dd79692b67ced63bd3e1ce8c7f423fcdd636bdf6c7e19fc,605eb6bd23af9286159eb4674137f136b0f75d30fa18202989b1842dd11ad40d,db948e4efcee07028ee35401df852ade8c41493201b3a2c0aed203ca292d62c1,1,https://www.sec.gov/Archives/edgar/data/1412408/000141240825000005/phr-20250312.htm,26ef3b4d5573e693d443f3ceb12b4f17b9f8b55f42f947e0dca2424b77563778,NONE,REVIEW_REQUIRED_EVENT_EVIDENCE,False,refresh_20261009T042704Z_refresh_fundamentals_c7bbcb6dfda4_production_adc49771,2026-10-09T09:00:48Z
1750,2025,Q1,62402,2025-03-31,PLOW,NOT_FOUND,FINANCIAL_SCOPE_REVIEW_REQUIRED,NO_EXPLICIT_QUARTER_CONSOLIDATED_REVENUE_GAAP_NET_AND_BROAD_P_AND_L_PACKAGE,0001437749-25-014583,8-K,plow20250501_8k.htm,https://www.sec.gov/Archives/edgar/data/1287213/000143774925014583/plow20250501_8k.htm,2025-05-05T22:05:41Z,8c095b029114b1c2823744253c15e0df3017e229813ffd0d1f5700b32b05e0d9,d9beb371aa9b77a0b9add730be38edbe69f849cfe79772546f9abe7cc5b206ff,25e16ec99b05e3d0074eecf0b70bfa9c77d8e48d43443da3a74cf306e5b11d28,1,https://www.sec.gov/Archives/edgar/data/1287213/000143774925014583/plow20250501_8k.htm,8c59542187d491b47c1c530988f994ddb81325dd9176c5cf78f0db154bed8d99,NONE,REVIEW_REQUIRED_EVENT_EVIDENCE,False,refresh_20261009T042704Z_refresh_fundamentals_c7bbcb6dfda4_production_adc49771,2026-10-09T09:00:48Z
1750,2025,Q2,62403,2025-06-30,PLOW,NOT_FOUND,FINANCIAL_SCOPE_REVIEW_REQUIRED,NO_EXPLICIT_QUARTER_CONSOLIDATED_REVENUE_GAAP_NET_AND_BROAD_P_AND_L_PACKAGE,0001437749-25-024661,8-K,plow20250730_8k.htm,https://www.sec.gov/Archives/edgar/data/1287213/000143774925024661/plow20250730_8k.htm,2025-08-04T22:06:02Z,f333aecd4b3641aa80b85be5d1ace52a6e5569410407eb0f34329910d17f7acd,03b5fad275835528c087d62b7c5daf70db6417bb7de91dcd91b76bed470e082b,28ce3405f930b0a5bef8a47bc3ce460c4bdcb05da9726ae7cb4642524e0b7f94,1,https://www.sec.gov/Archives/edgar/data/1287213/000143774925024661/plow20250730_8k.htm,c394251accb65d4e95aeddde651a6fa04bbb048af26e93bc2c2d8f5057752353,NONE,REVIEW_REQUIRED_EVENT_EVIDENCE,False,refresh_20261009T042704Z_refresh_fundamentals_c7bbcb6dfda4_production_adc49771,2026-10-09T09:00:48Z
1750,2025,Q3,62404,2025-09-30,PLOW,NOT_FOUND,FINANCIAL_SCOPE_REVIEW_REQUIRED,NO_EXPLICIT_QUARTER_CONSOLIDATED_REVENUE_GAAP_NET_AND_BROAD_P_AND_L_PACKAGE,0001437749-25-032832,8-K,plow20251027_8k.htm,https://www.sec.gov/Archives/edgar/data/1287213/000143774925032832/plow20251027_8k.htm,2025-11-03T23:05:44Z,80051e66bb0aa839e0c6c80025136db438bccdd62a5deaf6d9af965315480885,4736633bd44ef420965b5d7711c0e172e98fcebd91bcfd13735dfdfb71870e80,662d038978c68f8ad62e90c80c74339225952cf821413ccc72254edbae4854d1,1,https://www.sec.gov/Archives/edgar/data/1287213/000143774925032832/plow20251027_8k.htm,00af943f48966a6835f04892990ce62209aa9f07b279b764723367081c87f422,NONE,REVIEW_REQUIRED_EVENT_EVIDENCE,False,refresh_20261009T042704Z_refresh_fundamentals_c7bbcb6dfda4_production_adc49771,2026-10-09T09:00:48Z
1750,2025,Q4,62405,2025-12-31,PLOW,NOT_FOUND,PERIOD_SCOPE_REVIEW_REQUIRED,NO_EXPLICIT_QUARTER_END_MATCH_IN_RETAINED_RESULTS_CONTENT,0001437749-26-005128,8-K,plow20260219_8k.htm,https://www.sec.gov/Archives/edgar/data/1287213/000143774926005128/plow20260219_8k.htm,2026-02-23T23:06:58Z,4bf4e41adb5e1fe6750d48f2ecac490b5f1bc5e89ff385008f707469f25e180b,9235133ea94700556cd0864c4543fe26161e946318ab84601e6a9faf1567813a,4ebd23df70bf278ca748f8ebc7a6ae9af64b57d0469ef339a00f7667ce41d643,1,https://www.sec.gov/Archives/edgar/data/1287213/000143774926005128/plow20260219_8k.htm,64ae73c720857743e4aa489d8aa0975771d8ac1422ecc274f7457a6123329d2a,NONE,REVIEW_REQUIRED_EVENT_EVIDENCE,False,refresh_20261009T042704Z_refresh_fundamentals_c7bbcb6dfda4_production_adc49771,2026-10-09T09:00:48Z
1750,2026,Q1,62406,2026-03-31,PLOW,NOT_FOUND,FINANCIAL_SCOPE_REVIEW_REQUIRED,NO_EXPLICIT_QUARTER_CONSOLIDATED_REVENUE_GAAP_NET_AND_BROAD_P_AND_L_PACKAGE,0001437749-26-014705,8-K,plow20260429_8k.htm,https://www.sec.gov/Archives/edgar/data/1287213/000143774926014705/plow20260429_8k.htm,2026-05-04T22:09:37Z,bce9bdc8b1c7b90942e5700e434dd3f53ac88bb4eeaf8867b3b59283f04104ce,ea050c29b70d996a72cbb36c7efeaaaffda1fb2364eda0be0212505f99294af2,ce244ebf206f18ee40543595f4fd9c590f17f4f04b70d827d5a823ea88150585,1,https://www.sec.gov/Archives/edgar/data/1287213/000143774926014705/plow20260429_8k.htm,9e8fabb5ed9d92b24fd784123e7319dae401d2a420dbdeeb6bafad04fe21a562,NONE,REVIEW_REQUIRED_EVENT_EVIDENCE,False,refresh_20261009T042704Z_refresh_fundamentals_c7bbcb6dfda4_production_adc49771,2026-10-09T09:00:48Z
1750,2026,Q2,62407,2026-06-30,PLOW,NOT_FOUND,FINANCIAL_SCOPE_REVIEW_REQUIRED,NO_EXPLICIT_QUARTER_CONSOLIDATED_REVENUE_GAAP_NET_AND_BROAD_P_AND_L_PACKAGE,0001437749-26-025317,8-K,plow20260729_8k.htm,https://www.sec.gov/Archives/edgar/data/1287213/000143774926025317/plow20260729_8k.htm,2026-08-03T12:20:43Z,630f00abd0869a56a17b8525bf65738ca9abed4e0a041efd8cffcbf606ca7adf,487753b42de571e3335249dfcd6d0dc25296f5c0dd952a39ff5ce65fe4190c09,c8711ec1c4b27b1cb29ff976e5996debce5dc2998bc60065a222b8912c9d532f,1,https://www.sec.gov/Archives/edgar/data/1287213/000143774926025317/plow20260729_8k.htm,ce14c02d1766a5c88ee591f58223b76b90b8ea8b8ba41388dec68d0399f16005,NONE,REVIEW_REQUIRED_EVENT_EVIDENCE,False,refresh_20261009T042704Z_refresh_fundamentals_c7bbcb6dfda4_production_adc49771,2026-10-09T09:00:48Z
1754,2025,Q1,62519,2025-03-31,PLTR,NOT_FOUND,FINANCIAL_SCOPE_REVIEW_REQUIRED,NO_EXPLICIT_QUARTER_CONSOLIDATED_REVENUE_GAAP_NET_AND_BROAD_P_AND_L_PACKAGE,0001321655-25-000063,8-K,pltr-20250505.htm,https://www.sec.gov/Archives/edgar/data/1321655/000132165525000063/pltr-20250505.htm,2025-05-06T00:07:18Z,b724d9c77885330d3f2916720429fad6bc3287ac67ae5216ffa1e3b38312d40b,2e418c13271e39e7316fa09f6302d94caae7074e3c4687705fb6ce821306cd83,82707b815180d6b7f2db17ae5ee13427808d067cae0ad38dc5d45b83cc5e2316,1,https://www.sec.gov/Archives/edgar/data/1321655/000132165525000063/pltr-20250505.htm,b6042cb1fe8585863b0ca026393bee2cd59e49b26b61b7744f8a337b5e12d8c7,NONE,REVIEW_REQUIRED_EVENT_EVIDENCE,False,refresh_20261009T042704Z_refresh_fundamentals_c7bbcb6dfda4_production_adc49771,2026-10-09T09:00:48Z
1754,2025,Q2,62520,2025-06-30,PLTR,NOT_FOUND,FINANCIAL_SCOPE_REVIEW_REQUIRED,NO_EXPLICIT_QUARTER_CONSOLIDATED_REVENUE_GAAP_NET_AND_BROAD_P_AND_L_PACKAGE,0001321655-25-000105,8-K,pltr-20250804.htm,https://www.sec.gov/Archives/edgar/data/1321655/000132165525000105/pltr-20250804.htm,2025-08-05T00:07:52Z,ad1677acb5c4fba1612e391f552099c7fd38217f5b64c109062d672822949d85,e6a5d4a512a324e8f62239c17eee280c7be63633a4dbc8311d16cbabe11b412d,17cdd2eb2bc1b049cef4325562a84e7a91a669d70235bdb487138f5f91937a63,1,https://www.sec.gov/Archives/edgar/data/1321655/000132165525000105/pltr-20250804.htm,488ffd26ddd0b319be1242dd1ba623240fa42f71e87b7a680c487ac61e039ddb,NONE,REVIEW_REQUIRED_EVENT_EVIDENCE,False,refresh_20261009T042704Z_refresh_fundamentals_c7bbcb6dfda4_production_adc49771,2026-10-09T09:00:48Z
1754,2025,Q3,62521,2025-09-30,PLTR,NOT_FOUND,FINANCIAL_SCOPE_REVIEW_REQUIRED,NO_EXPLICIT_QUARTER_CONSOLIDATED_REVENUE_GAAP_NET_AND_BROAD_P_AND_L_PACKAGE,0001321655-25-000130,8-K,pltr-20251103.htm,https://www.sec.gov/Archives/edgar/data/1321655/000132165525000130/pltr-20251103.htm,2025-11-04T02:06:20Z,f39d224b31cc69c4dd51be9623cd82ae237b8b91bb6b110295ffea5ba4e5f715,f4ce477fce414d8baa04af72446a2c56f83c753b75f66291f655e134d74cab60,9d0562d8c69550868d8261a3804ccfa1591f8e14ed6f73b1d815281d8dfb38c4,1,https://www.sec.gov/Archives/edgar/data/1321655/000132165525000130/pltr-20251103.htm,c83c28d836ed5b4e44aef68958bdf5761651f003b19747c31553bbe46d9bf481,NONE,REVIEW_REQUIRED_EVENT_EVIDENCE,False,refresh_20261009T042704Z_refresh_fundamentals_c7bbcb6dfda4_production_adc49771,2026-10-09T09:00:48Z
1754,2025,Q4,62522,2025-12-31,PLTR,NOT_FOUND,PERIOD_SCOPE_REVIEW_REQUIRED,NO_EXPLICIT_QUARTER_END_MATCH_IN_RETAINED_RESULTS_CONTENT,0001321655-26-000004,8-K,pltr-20260202.htm,https://www.sec.gov/Archives/edgar/data/1321655/000132165526000004/pltr-20260202.htm,2026-02-03T02:06:08Z,7d486303af9fc3275f6f5673150321a17e548d721d0dbf68c1e548f757e5e306,f680bb1389687b4320143991b30943509b7e5762e164fa3a82916cc4b0e524bc,16b74cdc1b13444aabe411dec04bbd4d28c1aac0802fc800a8e43d41d814540a,1,https://www.sec.gov/Archives/edgar/data/1321655/000132165526000004/pltr-20260202.htm,378328f453d0acd8495a223ec9fc74a59882faf0aab64af627c082933012dea2,NONE,REVIEW_REQUIRED_EVENT_EVIDENCE,False,refresh_20261009T042704Z_refresh_fundamentals_c7bbcb6dfda4_production_adc49771,2026-10-09T09:00:48Z
1754,2026,Q1,62523,2026-03-31,PLTR,NOT_FOUND,FINANCIAL_SCOPE_REVIEW_REQUIRED,NO_EXPLICIT_QUARTER_CONSOLIDATED_REVENUE_GAAP_NET_AND_BROAD_P_AND_L_PACKAGE,0001321655-26-000026,8-K,pltr-20260504.htm,https://www.sec.gov/Archives/edgar/data/1321655/000132165526000026/pltr-20260504.htm,2026-05-05T00:06:32Z,8c3da023c8268a1f3c0e1819b2c7537cc000b14856bc57888ef80bfe6c2a0d81,5751c2532c87078a2d2e60da02269b382cb6f7456614b6c8b789abf893e742ef,57a990e42b5e6f6541c8e75fd061b58997cc5748b91d562d618c770554170a2b,1,https://www.sec.gov/Archives/edgar/data/1321655/000132165526000026/pltr-20260504.htm,dd661601b3174bec92aab88f8fd863a8f850bfc3ee1b2a4afd5b184f2a23bafb,NONE,REVIEW_REQUIRED_EVENT_EVIDENCE,False,refresh_20261009T042704Z_refresh_fundamentals_c7bbcb6dfda4_production_adc49771,2026-10-09T09:00:48Z
1754,2026,Q2,62524,2026-06-30,PLTR,NOT_FOUND,FINANCIAL_SCOPE_REVIEW_REQUIRED,NO_EXPLICIT_QUARTER_CONSOLIDATED_REVENUE_GAAP_NET_AND_BROAD_P_AND_L_PACKAGE,0001321655-26-000039,8-K,pltr-20260803.htm,https://www.sec.gov/Archives/edgar/data/1321655/000132165526000039/pltr-20260803.htm,2026-08-04T00:06:14Z,ee99c13186de7460076dda80cccb482d9b0c2cc930b9fdf532d78c9e34fed9c3,8c11cce8b37e4fb8ba27c0d3bf6f374e5a002085ec1c8abe7e025f9f7828e7a2,9cf2950d1f6a010968a36c9da17c2cb9f6487eed95e479951d8c85335977205d,1,https://www.sec.gov/Archives/edgar/data/1321655/000132165526000039/pltr-20260803.htm,c1afdc21de5755f7aaaa0221e3410c528d0cff62758cebc2f78fed3e24998755,NONE,REVIEW_REQUIRED_EVENT_EVIDENCE,False,refresh_20261009T042704Z_refresh_fundamentals_c7bbcb6dfda4_production_adc49771,2026-10-09T09:00:48Z
1769,2025,Q1,63108,2025-03-31,POWI,UNRESOLVED,FINANCIAL_SCOPE_REVIEW_REQUIRED,NO_EXPLICIT_QUARTER_CONSOLIDATED_REVENUE_GAAP_NET_AND_BROAD_P_AND_L_PACKAGE,0000833640-25-000118,8-K,powi-20250512x8k.htm,https://www.sec.gov/Archives/edgar/data/833640/000083364025000118/powi-20250512x8k.htm,2025-05-12T20:03:54Z,fc8a0dd89ee42d3fb4f6cbecd35f5087371ebb8656ddee924a176d81f6c81d53,88031f9cb072866d7675ae95b137bac26bca0ebcad9b7026220e9c7cdb448231,0a9a0fe56accc365391cf9f2a8232bfbb600a59b0255d85e6ea1be53cba3b243,2,https://www.sec.gov/Archives/edgar/data/833640/000083364025000118/powi-20250512x8k.htm;https://www.sec.gov/Archives/edgar/data/833640/000083364025000118/powi-20250512xex99d1.htm,61fd9745cbc87e048420cd6dbdd186e520082852785bd6b505c7f212a78e2942;bc0ad6baf078050a8324308798a78147a2aa711d4a30efe773fef22df0b52b7a,NONE,REVIEW_REQUIRED_EVENT_EVIDENCE,False,refresh_20261009T042704Z_refresh_fundamentals_c7bbcb6dfda4_production_adc49771,2026-10-09T09:00:48Z
1769,2025,Q2,63109,2025-06-30,POWI,UNRESOLVED,FINANCIAL_SCOPE_REVIEW_REQUIRED,NO_EXPLICIT_QUARTER_CONSOLIDATED_REVENUE_GAAP_NET_AND_BROAD_P_AND_L_PACKAGE,0000833640-25-000155,8-K,powi-20250806x8k.htm,https://www.sec.gov/Archives/edgar/data/833640/000083364025000155/powi-20250806x8k.htm,2025-08-06T20:13:19Z,62c2f6dcc501ba01bbe4b1d17cadc14dee9c0d3492b5cdff4e3d3bb82af07838,7ebeff1b9a910cd7fb7951b9e866de0b9e262b93c954ad901a627e4640e84544,774fbd1515ca1f72996a7b87739397a7f7016b0dec7824bea20b2ce6b8925273,2,https://www.sec.gov/Archives/edgar/data/833640/000083364025000155/powi-20250806x8k.htm;https://www.sec.gov/Archives/edgar/data/833640/000083364025000155/powi-20250806xex99d1.htm,db3de48e5d68114a585284cdfeffb7439c4af7769551b178a952a12d63e05dcf;0a4cd1ccc6f6a9786b40eb6991adaf5ae09357cf090f421fd7c2c03141efa471,NONE,REVIEW_REQUIRED_EVENT_EVIDENCE,False,refresh_20261009T042704Z_refresh_fundamentals_c7bbcb6dfda4_production_adc49771,2026-10-09T09:00:48Z
1769,2025,Q3,63110,2025-09-30,POWI,UNRESOLVED,FINANCIAL_SCOPE_REVIEW_REQUIRED,NO_EXPLICIT_QUARTER_CONSOLIDATED_REVENUE_GAAP_NET_AND_BROAD_P_AND_L_PACKAGE,0000833640-25-000188,8-K,powi-20251105x8k.htm,https://www.sec.gov/Archives/edgar/data/833640/000083364025000188/powi-20251105x8k.htm,2025-11-05T13:17:25Z,692fcc4865f3be77a1b9c00b11fc6c81c918dbaf0ebb2dcc9e760f98c40ba9b3,75f5140621f3f4cac3b66165ec041899c437e331ba94e0407f48803a27a85976,5e1fb92aacc2a3fb73d7bf586cd84543215fe6d12a56e963d7689669156f36f7,2,https://www.sec.gov/Archives/edgar/data/833640/000083364025000188/powi-20251105x8k.htm;https://www.sec.gov/Archives/edgar/data/833640/000083364025000188/powi-20251105xex99d1.htm,d48a2593d72aca0c805be7f8e3d654eb1c826743bacc69a898e485b182e69f54;d19c68024dd5afc49c860acdc9488833af35df80a45c15261728decba41bc87a,NONE,REVIEW_REQUIRED_EVENT_EVIDENCE,False,refresh_20261009T042704Z_refresh_fundamentals_c7bbcb6dfda4_production_adc49771,2026-10-09T09:00:48Z
1769,2025,Q4,63111,2025-12-31,POWI,UNRESOLVED,FINANCIAL_SCOPE_REVIEW_REQUIRED,NO_EXPLICIT_QUARTER_CONSOLIDATED_REVENUE_GAAP_NET_AND_BROAD_P_AND_L_PACKAGE,0000833640-26-000028,8-K,powi-20260201x8k.htm,https://www.sec.gov/Archives/edgar/data/833640/000083364026000028/powi-20260201x8k.htm,2026-02-05T21:18:25Z,ac5c700f2491f8a1cae3e672e75a3b97afdb38d6e8ff13bf372d3a7b76d96ba6,9583ea602e90208b66f33caa65d1772f14f237fb3c4a2813e2c737395aee3b33,c9b93d6f0b5c5e55e05a34695797e371406f6c0378c92cb65af84a69aa78df91,2,https://www.sec.gov/Archives/edgar/data/833640/000083364026000028/powi-20260201x8k.htm;https://www.sec.gov/Archives/edgar/data/833640/000083364026000028/powi-20260201xex99d1.htm,112cc0aea8ff0cfc448b3ffb498aeb393c42dc28276b5ff84c767d173a11e3ef;18d29f028104e7f355f45eb7121993ec3049ec3629fe9ca257f2520858aa260a,NONE,REVIEW_REQUIRED_EVENT_EVIDENCE,False,refresh_20261009T042704Z_refresh_fundamentals_c7bbcb6dfda4_production_adc49771,2026-10-09T09:00:48Z
1770,2025,Q1,63148,2024-12-31,POWL,NOT_FOUND,FINANCIAL_SCOPE_REVIEW_REQUIRED,NO_EXPLICIT_QUARTER_CONSOLIDATED_REVENUE_GAAP_NET_AND_BROAD_P_AND_L_PACKAGE,0000080420-25-000026,8-K,powl-20250206.htm,https://www.sec.gov/Archives/edgar/data/80420/000008042025000026/powl-20250206.htm,2025-02-06T21:33:18Z,3af822ddb2d0b6e1d428889707ebb14bf5a29987d1c1c8d3d7018f4a56b963a3,d6dd10120549e23e67354cb89a6d0a5fa2acf170a45f678be07488d3049c7d4e,c5b38a2143e0e63cd836de4099a5a517e6082d2d93c24b0c76167afc2822b32b,1,https://www.sec.gov/Archives/edgar/data/80420/000008042025000026/powl-20250206.htm,ebcc46d9f64a63966f558b06686ea629eb0c476b1dd8d3cebec97adba275fc22,NONE,REVIEW_REQUIRED_EVENT_EVIDENCE,False,refresh_20261009T042704Z_refresh_fundamentals_c7bbcb6dfda4_production_adc49771,2026-10-09T09:00:48Z
1770,2025,Q2,63149,2025-03-31,POWL,NOT_FOUND,FINANCIAL_SCOPE_REVIEW_REQUIRED,NO_EXPLICIT_QUARTER_CONSOLIDATED_REVENUE_GAAP_NET_AND_BROAD_P_AND_L_PACKAGE,0000080420-25-000057,8-K,powl-20250506.htm,https://www.sec.gov/Archives/edgar/data/80420/000008042025000057/powl-20250506.htm,2025-05-06T20:40:03Z,5a2e3842d599a1b5e83a2dfba2fcc53ba903a6d1f7df7892358159095348e549,19c3eb631e14546bdd86a6607d2470a333c59b930785a17823b3e42825932205,118a13b8846774ff082414e617a67376d0623b52998362e0460c9eb09bf027dc,1,https://www.sec.gov/Archives/edgar/data/80420/000008042025000057/powl-20250506.htm,4be6723a428123ad9e7a55365628becfff7c0dcaef2001d4d8cfba49559fa2a7,NONE,REVIEW_REQUIRED_EVENT_EVIDENCE,False,refresh_20261009T042704Z_refresh_fundamentals_c7bbcb6dfda4_production_adc49771,2026-10-09T09:00:48Z
1770,2025,Q3,63150,2025-06-30,POWL,NOT_FOUND,FINANCIAL_SCOPE_REVIEW_REQUIRED,NO_EXPLICIT_QUARTER_CONSOLIDATED_REVENUE_GAAP_NET_AND_BROAD_P_AND_L_PACKAGE,0000080420-25-000095,8-K,powl-20250805.htm,https://www.sec.gov/Archives/edgar/data/80420/000008042025000095/powl-20250805.htm,2025-08-05T20:21:21Z,8560a85b13751acd6534666332c7cfdb18ae86f46f90b2074bff5f735efdcf5e,28c7042f6a5f23629898b3702c2158342e8bc998bf66bc3569363783193911e3,26224be29d2c2c5618b50ad88e7f82ebb5b44525c51998d3cd011958b706c58e,1,https://www.sec.gov/Archives/edgar/data/80420/000008042025000095/powl-20250805.htm,9ec0568323c224ebdf9733e70d254238dc04f9fabe38dacf748d244a57c2ce68,NONE,REVIEW_REQUIRED_EVENT_EVIDENCE,False,refresh_20261009T042704Z_refresh_fundamentals_c7bbcb6dfda4_production_adc49771,2026-10-09T09:00:48Z
1770,2025,Q4,63151,2025-09-30,POWL,NOT_FOUND,PERIOD_SCOPE_REVIEW_REQUIRED,NO_EXPLICIT_QUARTER_END_MATCH_IN_RETAINED_RESULTS_CONTENT,0000080420-25-000145,8-K,powl-20251118.htm,https://www.sec.gov/Archives/edgar/data/80420/000008042025000145/powl-20251118.htm,2025-11-18T21:28:57Z,5b2507fb6ece1428f4dd1570481bcac0d2a754cc8c1e79756cd7f1f51490520a,70da2a0312803be0b89445d93930db421e83076c3a96491599c7c7108eb7d089,0eba12466f898743b0b383643f3441f21877635c47239544ccd3fc4817f20397,1,https://www.sec.gov/Archives/edgar/data/80420/000008042025000145/powl-20251118.htm,920b23feaa3a6fa23d97f51e18edb1a19b163a35ebc527c1c5389d860ad0bc55,NONE,REVIEW_REQUIRED_EVENT_EVIDENCE,False,refresh_20261009T042704Z_refresh_fundamentals_c7bbcb6dfda4_production_adc49771,2026-10-09T09:00:48Z
1770,2026,Q1,63152,2025-12-31,POWL,NOT_FOUND,FINANCIAL_SCOPE_REVIEW_REQUIRED,NO_EXPLICIT_QUARTER_CONSOLIDATED_REVENUE_GAAP_NET_AND_BROAD_P_AND_L_PACKAGE,0000080420-26-000013,8-K,powl-20260203.htm,https://www.sec.gov/Archives/edgar/data/80420/000008042026000013/powl-20260203.htm,2026-02-03T21:24:55Z,0dee65e376c65f3475e81a65a1c3827b419d9ac910943fdd5ef253363cdab9b6,f19afa839b4d503de3893b8ffa3cffa1f1a300e2b71e8d806938d26af4a53a11,116d5f481770aae25f57cfe9326a1283cd043803ad7e395336732a33a8910f54,1,https://www.sec.gov/Archives/edgar/data/80420/000008042026000013/powl-20260203.htm,8891662cc8f30e720bc845402f739b67a97c69dcf2fa52aca6c07370aa572394,NONE,REVIEW_REQUIRED_EVENT_EVIDENCE,False,refresh_20261009T042704Z_refresh_fundamentals_c7bbcb6dfda4_production_adc49771,2026-10-09T09:00:48Z
1770,2026,Q2,63153,2026-03-31,POWL,NOT_FOUND,FINANCIAL_SCOPE_REVIEW_REQUIRED,NO_EXPLICIT_QUARTER_CONSOLIDATED_REVENUE_GAAP_NET_AND_BROAD_P_AND_L_PACKAGE,0000080420-26-000063,8-K,powl-20260504.htm,https://www.sec.gov/Archives/edgar/data/80420/000008042026000063/powl-20260504.htm,2026-05-04T21:10:14Z,0e10d0c073d4484a624cc4db8589e9ce65ec925b306ad9adee1da66da22ac5de,5d34ac2b1c4854dabeb132e3970e2e0f5304fa81f678c6923e156fd8bc187e4f,bd91bb356782347e9d1840312ff26a289ed149aaba6ecedcc9529d830c893f44,1,https://www.sec.gov/Archives/edgar/data/80420/000008042026000063/powl-20260504.htm,9249f5002214291fc7dca5e74c7c2c1137153ff557765f4ed36867b785a19239,NONE,REVIEW_REQUIRED_EVENT_EVIDENCE,False,refresh_20261009T042704Z_refresh_fundamentals_c7bbcb6dfda4_production_adc49771,2026-10-09T09:00:48Z
1770,2026,Q3,63154,2026-06-30,POWL,NOT_FOUND,FINANCIAL_SCOPE_REVIEW_REQUIRED,NO_EXPLICIT_QUARTER_CONSOLIDATED_REVENUE_GAAP_NET_AND_BROAD_P_AND_L_PACKAGE,0000080420-26-000103,8-K,powl-20260803.htm,https://www.sec.gov/Archives/edgar/data/80420/000008042026000103/powl-20260803.htm,2026-08-03T20:28:02Z,abab5ff87d7f392939697540a5df2b5a51604819581cdcf8a56e03bb8a2473c0,478c314850e319ce9e6bce1aa670584c021c62106f6c238e67d8d90bd9e59ad3,272afac5b10d3e056a6bf041e3930b08a66a3b9c299e93fa476683d86d42b358,1,https://www.sec.gov/Archives/edgar/data/80420/000008042026000103/powl-20260803.htm,34e329f1cb852d624e0626534b5a470d2a72e1b77bfcb26a8836916628545169,NONE,REVIEW_REQUIRED_EVENT_EVIDENCE,False,refresh_20261009T042704Z_refresh_fundamentals_c7bbcb6dfda4_production_adc49771,2026-10-09T09:00:48Z
1772,2025,Q1,63225,2025-03-30,PPC,UNRESOLVED,PROPOSED_REVIEWED_EVENT_OBSERVATION,EXPLICIT_QUARTER_CONSOLIDATED_EARNINGS_STATEMENT_AND_REGISTRANT_RESULTS_ANNOUNCEMENT,0000802481-25-000059,8-K,ppc-20250430.htm,https://www.sec.gov/Archives/edgar/data/802481/000080248125000059/ppc-20250430.htm,2025-04-30T22:52:27Z,0db916e21ef47e33b7e88dbeffd10d6fe845a597226de2cb52cc0a35f4101be5,ff25ac9b2e86dcc852d18f5044107c751a3e5e20ff78ced549c69056a714a93c,b77e3de489ac8c7ac3d85a8c95a94ba898d037bbc58393e70a10aa1a5c09a1cc,2,https://www.sec.gov/Archives/edgar/data/802481/000080248125000059/ppc-20250430.htm;https://www.sec.gov/Archives/edgar/data/802481/000080248125000059/a2025_q1ppcex991earningsre.htm,029f45d98d17bd4c484317714639f0ae64f71da3f7046612516c8b398383bdd7;4eeee147d77a3b10a0818d613513e742638a3275d0e9e58e59946fb956238757,NONE,REVIEW_REQUIRED_EVENT_EVIDENCE,False,refresh_20261009T042704Z_refresh_fundamentals_c7bbcb6dfda4_production_adc49771,2026-10-09T09:00:48Z
1772,2025,Q2,63226,2025-06-29,PPC,UNRESOLVED,PROPOSED_REVIEWED_EVENT_OBSERVATION,EXPLICIT_QUARTER_CONSOLIDATED_EARNINGS_STATEMENT_AND_REGISTRANT_RESULTS_ANNOUNCEMENT,0000802481-25-000108,8-K,ppc-20250730.htm,https://www.sec.gov/Archives/edgar/data/802481/000080248125000108/ppc-20250730.htm,2025-07-30T22:27:49Z,741e5dce987e43e236a8e2712d93b44f5e0197d57f618797112ded712b0f08b7,53537090c0ced0c6b13a2ec413b2900534acdda8553cb51b863fd735bd69bf74,27a0fd9595df838bdecb84a5f67c7a7b062a19420efc73e26e97586c52014fb9,2,https://www.sec.gov/Archives/edgar/data/802481/000080248125000108/ppc-20250730.htm;https://www.sec.gov/Archives/edgar/data/802481/000080248125000108/a2025_q2ppcex991earningsre.htm,67a020685c168a4dcc24d5f1ee80f532b543f988495a53bdb1d8fc8588bd6473;498623aa2dd2d622c721b63b99f60fc62e9f3e3b4d1245fff279058473afc5cc,NONE,REVIEW_REQUIRED_EVENT_EVIDENCE,False,refresh_20261009T042704Z_refresh_fundamentals_c7bbcb6dfda4_production_adc49771,2026-10-09T09:00:48Z
1772,2026,Q1,63229,2026-03-29,PPC,UNRESOLVED,FINANCIAL_SCOPE_REVIEW_REQUIRED,NO_EXPLICIT_QUARTER_CONSOLIDATED_REVENUE_GAAP_NET_AND_BROAD_P_AND_L_PACKAGE,0000802481-26-000028,8-K,ppc-20260429.htm,https://www.sec.gov/Archives/edgar/data/802481/000080248126000028/ppc-20260429.htm,2026-04-29T23:33:34Z,7f1e4d0ffdaa568de837de29525b7eae2e18968b7cf44758d4c43d7a70e5ae54,4002a240536ceb183995459608400cf1b8e9d9e3f97a70f8886b9964d6b50a5a,3a0e0e6bf0d04f474651418e67cd1cb250addc31b02e87826d9696240fff8361,2,https://www.sec.gov/Archives/edgar/data/802481/000080248126000028/ppc-20260429.htm;https://www.sec.gov/Archives/edgar/data/802481/000080248126000028/a2026_q1ppcex991earningsre.htm,d48a448c18b718a809fdefa44bd568abbd713408ead6a69be15cd4d1b8731545;6e24c3a831555d45872a4bb8f40320ea3e0058190fa1c3c4efb485a760ef1cab,NONE,REVIEW_REQUIRED_EVENT_EVIDENCE,False,refresh_20261009T042704Z_refresh_fundamentals_c7bbcb6dfda4_production_adc49771,2026-10-09T09:00:48Z
1772,2026,Q2,63230,2026-06-28,PPC,UNRESOLVED,FINANCIAL_SCOPE_REVIEW_REQUIRED,NO_EXPLICIT_QUARTER_CONSOLIDATED_REVENUE_GAAP_NET_AND_BROAD_P_AND_L_PACKAGE,0000802481-26-000049,8-K,ppc-20260729.htm,https://www.sec.gov/Archives/edgar/data/802481/000080248126000049/ppc-20260729.htm,2026-07-29T23:52:47Z,80652867dfb860ab84b3ec3e66c4f14cbf2049f5ff8860302d11e4121fe2261a,95c5cfc0d3576538e6a94e1eab84350dce96e64a8d29c32ca918604d9857dbfb,1a3a681e8ab7c3210727303b0c1454caffc1824b3b531c6883a6742c0651af77,2,https://www.sec.gov/Archives/edgar/data/802481/000080248126000049/ppc-20260729.htm;https://www.sec.gov/Archives/edgar/data/802481/000080248126000049/a2026_q2ppcex991earningsre.htm,3f63d563997f63b1435407b06ba87bf0419bd63123b2e626446a0e562c1b802f;0ed2d8fc9c4d5e11af22105861ee732720e6426c15a232f8b63adfd8eadf6a0c,NONE,REVIEW_REQUIRED_EVENT_EVIDENCE,False,refresh_20261009T042704Z_refresh_fundamentals_c7bbcb6dfda4_production_adc49771,2026-10-09T09:00:48Z
1774,2025,Q1,63283,2025-03-31,PPG,UNRESOLVED,FINANCIAL_SCOPE_REVIEW_REQUIRED,NO_EXPLICIT_QUARTER_CONSOLIDATED_REVENUE_GAAP_NET_AND_BROAD_P_AND_L_PACKAGE,0000079879-25-000130,8-K,ppg-20250429.htm,https://www.sec.gov/Archives/edgar/data/79879/000007987925000130/ppg-20250429.htm,2025-04-29T20:24:16Z,b1ddb874752abe9485621d8e879bf1563f5a2cf9c54817ae13e093de9a52006a,b5f9b7a4dc542b4b04f8f7e84486677206b215f911f52d86246e47cd0f387469,77feaa4d74e08f2b0a3a6f39a884f67cdb81a4fd8103fb4e0466ff1605aadcdf,2,https://www.sec.gov/Archives/edgar/data/79879/000007987925000130/ppg-20250429.htm;https://www.sec.gov/Archives/edgar/data/79879/000007987925000130/exhibit99-1q2025earningsre.htm,b26a341831bbfa81aa867c69624aa78f124ccbdac5c3db91059a106c33d9be62;e738cb8cf5c44a9ac29ee58d899400b502d6487729c545b7ae62f3915b42792a,NONE,REVIEW_REQUIRED_EVENT_EVIDENCE,False,refresh_20261009T042704Z_refresh_fundamentals_c7bbcb6dfda4_production_adc49771,2026-10-09T09:00:48Z
1774,2025,Q2,63284,2025-06-30,PPG,UNRESOLVED,FINANCIAL_SCOPE_REVIEW_REQUIRED,NO_EXPLICIT_QUARTER_CONSOLIDATED_REVENUE_GAAP_NET_AND_BROAD_P_AND_L_PACKAGE,0000079879-25-000218,8-K,ppg-20250729.htm,https://www.sec.gov/Archives/edgar/data/79879/000007987925000218/ppg-20250729.htm,2025-07-29T20:21:35Z,ccc28126f2eed74f61eb9ab41837f409d4911a2373c57d7f092d81cda9f4c517,774caa425a94ea6f3bdc91a89fcf25bac479957a7d22e26979041319a6de8f6b,4ea04e4b04a19ff6811c54a1bccf5a470942f6205b72a7498c257938981382b4,2,https://www.sec.gov/Archives/edgar/data/79879/000007987925000218/ppg-20250729.htm;https://www.sec.gov/Archives/edgar/data/79879/000007987925000218/exhibit99-2q2025earningsre.htm,4b2771efd787c0a16479f851bb44b945943e2e65b92bd7b8ec3c881dd48b6b70;440fa27ccc22e1fd1f048426eae00d0298daaa1447bdfcfb8b5ca641511c99d4,NONE,REVIEW_REQUIRED_EVENT_EVIDENCE,False,refresh_20261009T042704Z_refresh_fundamentals_c7bbcb6dfda4_production_adc49771,2026-10-09T09:00:48Z
1774,2026,Q2,63288,2026-06-30,PPG,UNRESOLVED,FINANCIAL_SCOPE_REVIEW_REQUIRED,NO_EXPLICIT_QUARTER_CONSOLIDATED_REVENUE_GAAP_NET_AND_BROAD_P_AND_L_PACKAGE,0000079879-26-000246,8-K,ppg-20260728.htm,https://www.sec.gov/Archives/edgar/data/79879/000007987926000246/ppg-20260728.htm,2026-07-28T20:26:42Z,96d2d28dc40b7b5efedb4cc327f7f15e7446ec9c8c4c135a565a8dffd59dfdf0,1328423c4385196e5b829fae25738b442b73f1bf311b043ed26a1833b1a452b1,94359d77fbd0836b459643ac6d0f70c8cc294558da7e1976a87cf4cf0cc7c112,2,https://www.sec.gov/Archives/edgar/data/79879/000007987926000246/ppg-20260728.htm;https://www.sec.gov/Archives/edgar/data/79879/000007987926000246/exhibit99-2q2026earningsre.htm,92673e30a8d9c9499c9ba5d461493486ad964b4706c884b3c145475485b6629c;514e10bcf82ffeda85aa61d36ef37e1a8941d2bd892c7e69238f60337b698b63,NONE,REVIEW_REQUIRED_EVENT_EVIDENCE,False,refresh_20261009T042704Z_refresh_fundamentals_c7bbcb6dfda4_production_adc49771,2026-10-09T09:00:48Z
1826,2025,Q1,65076,2024-12-29,QCOM,UNRESOLVED,PROPOSED_REVIEWED_EVENT_OBSERVATION,EXPLICIT_QUARTER_CONSOLIDATED_EARNINGS_STATEMENT_AND_REGISTRANT_RESULTS_ANNOUNCEMENT,0000804328-25-000010,8-K,qcom-20250205.htm,https://www.sec.gov/Archives/edgar/data/804328/000080432825000010/qcom-20250205.htm,2025-02-05T21:04:42Z,e8855e442b9530f6acbe28bf1d7fcbd0cb1b1e6416fb3d2e3c74e409ffe0607e,81825f43a1230710af388c6405a87d206a604d2fb65dfc0b9b64a7a84066e77e,702cd11ea45c1a38b3b692deb8f807af4356e2cfcfbdb44e9b1b432ea6dd3b30,2,https://www.sec.gov/Archives/edgar/data/804328/000080432825000010/qcom-20250205.htm;https://www.sec.gov/Archives/edgar/data/804328/000080432825000010/qcom122924erex991.htm,0d81b14934391aaa9231d918f922fc37bed1a57a20ab3c61f5e0342f12d3fb7e;feecda5559552f8cd86b78eb130b93fb63ccae5e0845277bf0f58dc406208be6,NONE,REVIEW_REQUIRED_EVENT_EVIDENCE,False,refresh_20261009T042704Z_refresh_fundamentals_c7bbcb6dfda4_production_adc49771,2026-10-09T09:00:48Z
1826,2025,Q2,65077,2025-03-30,QCOM,UNRESOLVED,PROPOSED_REVIEWED_EVENT_OBSERVATION,EXPLICIT_QUARTER_CONSOLIDATED_EARNINGS_STATEMENT_AND_REGISTRANT_RESULTS_ANNOUNCEMENT,0000804328-25-000029,8-K,qcom-20250430.htm,https://www.sec.gov/Archives/edgar/data/804328/000080432825000029/qcom-20250430.htm,2025-04-30T20:04:10Z,657d427f9235cb06b9bc54dec2fe152f9f8b6d5d2c60a2cf4f05064fcf8ab861,2b30be8da62a9e38c17404704d2cd8f2c7fc8092e334ae0d5a3dabcd12c557a2,edd2c6a6b0085739b89568827f0f713d1d43674ed1684cc58d95bf5ca111658d,2,https://www.sec.gov/Archives/edgar/data/804328/000080432825000029/qcom-20250430.htm;https://www.sec.gov/Archives/edgar/data/804328/000080432825000029/qcom033025erex991.htm,15ecf8ea0fa9ac262ac0044386f5755d952191d7675d1046695d6c468e724737;99bb80cc7701d66f26406f7726d0b3423145b32cc4d7d63d07d754d5f1a19ea7,NONE,REVIEW_REQUIRED_EVENT_EVIDENCE,False,refresh_20261009T042704Z_refresh_fundamentals_c7bbcb6dfda4_production_adc49771,2026-10-09T09:00:48Z
1826,2026,Q1,65080,2025-12-28,QCOM,UNRESOLVED,PROPOSED_REVIEWED_EVENT_OBSERVATION,EXPLICIT_QUARTER_CONSOLIDATED_EARNINGS_STATEMENT_AND_REGISTRANT_RESULTS_ANNOUNCEMENT,0000804328-26-000016,8-K,qcom-20260204.htm,https://www.sec.gov/Archives/edgar/data/804328/000080432826000016/qcom-20260204.htm,2026-02-04T21:00:59Z,eaa5e14eb8735a62cd244a5230a7bc9134ec0fc57ba389039f56a4c513f6bac1,c28098943f80c0d2b25311989ddc77dce286c6e7edf87e6a9593e313e7a86a23,5032a167b893766e3fc1bec6d0220078bee5fbd667ae6bf45a263e1f99664cb7,2,https://www.sec.gov/Archives/edgar/data/804328/000080432826000016/qcom-20260204.htm;https://www.sec.gov/Archives/edgar/data/804328/000080432826000016/qcom122825erex991.htm,16577607590e272a85e37dd23848cfcd0abfd2dcb1c462cb78c9b63244f7c3d7;c5cc7e02c51d11385c00cc6a1f5888964295f7b36a0212f3190aab6df6b7d71e,NONE,REVIEW_REQUIRED_EVENT_EVIDENCE,False,refresh_20261009T042704Z_refresh_fundamentals_c7bbcb6dfda4_production_adc49771,2026-10-09T09:00:48Z
1826,2026,Q2,65081,2026-03-29,QCOM,UNRESOLVED,PROPOSED_REVIEWED_EVENT_OBSERVATION,EXPLICIT_QUARTER_CONSOLIDATED_EARNINGS_STATEMENT_AND_REGISTRANT_RESULTS_ANNOUNCEMENT,0000804328-26-000060,8-K,qcom-20260429.htm,https://www.sec.gov/Archives/edgar/data/804328/000080432826000060/qcom-20260429.htm,2026-04-29T20:02:20Z,b77beb36fa4a11f0647386373c87b5183979a89474dfbd743b21cd6b37fb031b,ad53e7c65501f9f370334c63089d480219622cf65c8f189a25cdb46b4ed193fe,9dd16c700c0d4d0fd133cf007430620040f22526249f099ddf53b62fd7c833ce,2,https://www.sec.gov/Archives/edgar/data/804328/000080432826000060/qcom-20260429.htm;https://www.sec.gov/Archives/edgar/data/804328/000080432826000060/qcom032926erex991.htm,5c009105b734c3940b727ec484d7d8fe1866a418db9027af47d9532783210472;32b92c50aad7cf6c33786c95c92a2e46b95ffe33785c00fe8782c55ae807386c,NONE,REVIEW_REQUIRED_EVENT_EVIDENCE,False,refresh_20261009T042704Z_refresh_fundamentals_c7bbcb6dfda4_production_adc49771,2026-10-09T09:00:48Z
1826,2026,Q3,65082,2026-06-28,QCOM,UNRESOLVED,PROPOSED_REVIEWED_EVENT_OBSERVATION,EXPLICIT_QUARTER_CONSOLIDATED_EARNINGS_STATEMENT_AND_REGISTRANT_RESULTS_ANNOUNCEMENT,0000804328-26-000085,8-K,qcom-20260729.htm,https://www.sec.gov/Archives/edgar/data/804328/000080432826000085/qcom-20260729.htm,2026-07-29T20:01:35Z,f9171be833b46be316313038d8457466f69308124d02cdda7475362331b42dba,dcc88f3b6a93eb040e3c11524b0e7bd2925e074f866b08b259ec00064d770513,b514fe78f82626df8fa5bb5dbe2648f639e9f77e5780942f60bcc68d3ac8db07,2,https://www.sec.gov/Archives/edgar/data/804328/000080432826000085/qcom-20260729.htm;https://www.sec.gov/Archives/edgar/data/804328/000080432826000085/qcom062826erex991.htm,82f7a74754a5467d595e9f2a3c288e5996c530bc70c601a8d847a3f945dfcc54;89c4d4a84f8ada81db66fb005567a02f480f3c3a9bc6cc6280a44de2b894bd97,NONE,REVIEW_REQUIRED_EVENT_EVIDENCE,False,refresh_20261009T042704Z_refresh_fundamentals_c7bbcb6dfda4_production_adc49771,2026-10-09T09:00:48Z
1829,2025,Q1,65189,2024-06-30,QMCO,NOT_FOUND,FINANCIAL_SCOPE_REVIEW_REQUIRED,NO_EXPLICIT_QUARTER_CONSOLIDATED_REVENUE_GAAP_NET_AND_BROAD_P_AND_L_PACKAGE,0000709283-24-000016,8-K,qtm-20240813.htm,https://www.sec.gov/Archives/edgar/data/709283/000070928324000016/qtm-20240813.htm,2024-08-14T00:27:38Z,16bb097e48578644c3834347604841421ef99cbc49167a31f15cd94849bba737,11c9e6b8b2a44fed8320e019f2e585259811e347e97bc9089a0a9e89ffe94894,e0324269497b554a9bae5dd55c34918788b0be3a9321b37e46c925a5778a97b6,1,https://www.sec.gov/Archives/edgar/data/709283/000070928324000016/qtm-20240813.htm,b4e215b55c8f17f23db40e2ad8d12a0afe70a37226244645bc11301186ff9ba9,NONE,REVIEW_REQUIRED_EVENT_EVIDENCE,False,refresh_20261009T042704Z_refresh_fundamentals_c7bbcb6dfda4_production_adc49771,2026-10-09T09:00:48Z
1829,2025,Q2,65190,2024-09-30,QMCO,NOT_FOUND,FINANCIAL_SCOPE_REVIEW_REQUIRED,NO_EXPLICIT_QUARTER_CONSOLIDATED_REVENUE_GAAP_NET_AND_BROAD_P_AND_L_PACKAGE,0000709283-24-000035,8-K,qtm-20241113.htm,https://www.sec.gov/Archives/edgar/data/709283/000070928324000035/qtm-20241113.htm,2024-11-14T02:09:36Z,d6e4331f149a3bb00a2b0bd70d433a28aa79c75c89550f74adebaf62662210d0,b2fb792eefcc7d1202a64f7985e9d77750865821664007f30ab08527089f5379,d02f6c4a087fad4489683cb7fd56737ee07d0725b8c1fc50dd0361587fb18a90,1,https://www.sec.gov/Archives/edgar/data/709283/000070928324000035/qtm-20241113.htm,9eb3ec37867fec47b8135c4cd45ccfcd3f92caa44d4cfa27cfcb7ecb128d70ba,NONE,REVIEW_REQUIRED_EVENT_EVIDENCE,False,refresh_20261009T042704Z_refresh_fundamentals_c7bbcb6dfda4_production_adc49771,2026-10-09T09:00:48Z
1830,2025,Q4,65226,2025-12-31,QNCX,UNRESOLVED,EVENT_SCOPE_REVIEW_REQUIRED,PRELIMINARY_REVISED_OR_PRIOR_REPORT_EVENT_REQUIRES_INDIVIDUAL_REVIEW,0001193125-26-047544,8-K,d89820d8k.htm,https://www.sec.gov/Archives/edgar/data/1662774/000119312526047544/d89820d8k.htm,2026-02-12T16:06:31Z,34fde15573e1d2b30b0ab3cf502b9fdac79472f492a8db8a7cd9fb10bc20709c,7fbbc077fa3421179262bb893439230fbb2ed4bbe71251b6c70f5ac0ef2ea807,7ac003b6de4d9c73f9bc6a4775d0a9d1e466012116f9a592a43a7a1ccb706ec4,1,https://www.sec.gov/Archives/edgar/data/1662774/000119312526047544/d89820d8k.htm,a0e6511e048d99a1dbaecb61b53494b6f348cd30fd91d7d541c79cbc616f33b3,NONE,REVIEW_REQUIRED_EVENT_EVIDENCE,False,refresh_20261009T042704Z_refresh_fundamentals_c7bbcb6dfda4_production_adc49771,2026-10-09T09:00:48Z
1840,2025,Q1,65590,2025-03-31,QUAD,NOT_FOUND,FINANCIAL_SCOPE_REVIEW_REQUIRED,NO_EXPLICIT_QUARTER_CONSOLIDATED_REVENUE_GAAP_NET_AND_BROAD_P_AND_L_PACKAGE,0001481792-25-000023,8-K,quad-20250429.htm,https://www.sec.gov/Archives/edgar/data/1481792/000148179225000023/quad-20250429.htm,2025-04-29T20:51:44Z,b50475ef3d67a9d49be8d1ae0f05a78b2fdb5b0befc18a3ea10fca6fb0bd553a,5d43d1c54574820c69da042f501a2fe5e2d67e546fa11555a1e99ed627a2db15,e1c9e88721c1428c772634a77209fe09f4db88bdaf21a9090c217036fbe1d05f,1,https://www.sec.gov/Archives/edgar/data/1481792/000148179225000023/quad-20250429.htm,ca9cae7d6899f783b91d9b6184e2ea6b0eb6cc9fb2213bedfb410cdd6a16d29a,NONE,REVIEW_REQUIRED_EVENT_EVIDENCE,False,refresh_20261009T042704Z_refresh_fundamentals_c7bbcb6dfda4_production_adc49771,2026-10-09T09:00:48Z
1840,2025,Q2,65591,2025-06-30,QUAD,NOT_FOUND,FINANCIAL_SCOPE_REVIEW_REQUIRED,NO_EXPLICIT_QUARTER_CONSOLIDATED_REVENUE_GAAP_NET_AND_BROAD_P_AND_L_PACKAGE,0001481792-25-000034,8-K,quad-20250729.htm,https://www.sec.gov/Archives/edgar/data/1481792/000148179225000034/quad-20250729.htm,2025-07-29T21:02:07Z,86c814b6ce9d8829da93d68c9960de0cdba66c76b571280d0f4beb27fd67e27d,fb3a0d1de543749de1f9500b2bfc85cdba66ce65cea0316b4bce015bfcec2654,b5f6ecba64403ca49f96fccc328af600519166a9da419414911e5f711f249789,1,https://www.sec.gov/Archives/edgar/data/1481792/000148179225000034/quad-20250729.htm,54938945add85dd3d5367f6d6eae395149275e1808e36bd9981e726dda30f09b,NONE,REVIEW_REQUIRED_EVENT_EVIDENCE,False,refresh_20261009T042704Z_refresh_fundamentals_c7bbcb6dfda4_production_adc49771,2026-10-09T09:00:48Z
1840,2025,Q3,65592,2025-09-30,QUAD,NOT_FOUND,FINANCIAL_SCOPE_REVIEW_REQUIRED,NO_EXPLICIT_QUARTER_CONSOLIDATED_REVENUE_GAAP_NET_AND_BROAD_P_AND_L_PACKAGE,0001628280-25-046803,8-K,quad-20251028.htm,https://www.sec.gov/Archives/edgar/data/1481792/000162828025046803/quad-20251028.htm,2025-10-28T20:36:00Z,8767e871d00e0fc996641b3e9b3ade0c4bf51d08e4af00c99fc7f2583ade91cf,e0fc9185843ebafc460658d48fc1a877e1d96922254f959f7568ea452694d88d,fbb002e986cad2467f4ca3793e336ac35525c44b14af618e59f9959e8ea737e3,1,https://www.sec.gov/Archives/edgar/data/1481792/000162828025046803/quad-20251028.htm,026ee952a0083839f873d3f042f651914ab518cf55966622f6e11aa9b9530cf7,NONE,REVIEW_REQUIRED_EVENT_EVIDENCE,False,refresh_20261009T042704Z_refresh_fundamentals_c7bbcb6dfda4_production_adc49771,2026-10-09T09:00:48Z
1840,2025,Q4,65593,2025-12-31,QUAD,NOT_FOUND,PERIOD_SCOPE_REVIEW_REQUIRED,NO_EXPLICIT_QUARTER_END_MATCH_IN_RETAINED_RESULTS_CONTENT,0001481792-26-000039,8-K,quad-20260217.htm,https://www.sec.gov/Archives/edgar/data/1481792/000148179226000039/quad-20260217.htm,2026-02-17T21:30:42Z,85c2c0071b00449eefc6e2a3776b72726de98f289096d2c2c513c50f96f64a55,17869c397fd857dd49bbf93f726f66f54acb1df2c27abf9653cf81ff26438aea,7204cfd8871b1004354e921294628bcdaa66de513acd7329a46706040b37bfba,1,https://www.sec.gov/Archives/edgar/data/1481792/000148179226000039/quad-20260217.htm,beb892a03006342567864d36cec2bef4ae02d5cd634f7c87ae64f328acae1afb,NONE,REVIEW_REQUIRED_EVENT_EVIDENCE,False,refresh_20261009T042704Z_refresh_fundamentals_c7bbcb6dfda4_production_adc49771,2026-10-09T09:00:48Z
1840,2026,Q1,65594,2026-03-31,QUAD,NOT_FOUND,FINANCIAL_SCOPE_REVIEW_REQUIRED,NO_EXPLICIT_QUARTER_CONSOLIDATED_REVENUE_GAAP_NET_AND_BROAD_P_AND_L_PACKAGE,0001481792-26-000088,8-K,quad-20260428.htm,https://www.sec.gov/Archives/edgar/data/1481792/000148179226000088/quad-20260428.htm,2026-04-28T20:47:56Z,8eb0b127d61aaca57d959405968b06b746bba057ac7317de5d977eff248b6376,6224aa61a6b1ac8ff5315d29fbc55a82d6d384e1b42049b45b009b6fb82b17b8,413dade5cec2fa51267a290239faeebff60c106200207e815e97e607e2015a78,1,https://www.sec.gov/Archives/edgar/data/1481792/000148179226000088/quad-20260428.htm,c6724c08445221effe1413caef83b7e7237df6ef74787a2a2f335d98a58d06bd,NONE,REVIEW_REQUIRED_EVENT_EVIDENCE,False,refresh_20261009T042704Z_refresh_fundamentals_c7bbcb6dfda4_production_adc49771,2026-10-09T09:00:48Z
1840,2026,Q2,65595,2026-06-30,QUAD,NOT_FOUND,FINANCIAL_SCOPE_REVIEW_REQUIRED,NO_EXPLICIT_QUARTER_CONSOLIDATED_REVENUE_GAAP_NET_AND_BROAD_P_AND_L_PACKAGE,0001481792-26-000128,8-K,quad-20260728.htm,https://www.sec.gov/Archives/edgar/data/1481792/000148179226000128/quad-20260728.htm,2026-07-28T21:00:48Z,908f6744f6906ac43c5057c0baa1caf86eadb8731edfdb7a100e3e5356e43908,0c3447e8af6ddb714bc90b649e7d53f8b88362b13e8f7eadb39c6678ddbcd787,fb4b1a14fe08905adfc875195767ad548c4273536b6e3f55a1084976fc26f059,1,https://www.sec.gov/Archives/edgar/data/1481792/000148179226000128/quad-20260728.htm,01c4508088db2bd147cf4165813aa10092c4219cf6c3167820221e49bf1b3fff,NONE,REVIEW_REQUIRED_EVENT_EVIDENCE,False,refresh_20261009T042704Z_refresh_fundamentals_c7bbcb6dfda4_production_adc49771,2026-10-09T09:00:48Z
1842,2025,Q1,65662,2025-03-30,QUIK,NOT_FOUND,FINANCIAL_SCOPE_REVIEW_REQUIRED,NO_EXPLICIT_QUARTER_CONSOLIDATED_REVENUE_GAAP_NET_AND_BROAD_P_AND_L_PACKAGE,0001437749-25-016445,8-K,quicklo20250407c_8k.htm,https://www.sec.gov/Archives/edgar/data/882508/000143774925016445/quicklo20250407c_8k.htm,2025-05-14T00:09:02Z,03e1d72d25f7ce300c2b05d5966e000de25303c885cea7f8f0ee3849147c80ec,1a855a2094ac2d4401465efd2a685b04ece3c918e1927e706c54e99e59099f99,f9f6bf9f665bd996e2fbba0f9ebe04121dc4dee91ae60abc0b5c230dd228b3e1,1,https://www.sec.gov/Archives/edgar/data/882508/000143774925016445/quicklo20250407c_8k.htm,ed7a4a6cac23bc4e74724197d609f73c2a0735b558729c0e9fe48946a5cb9c76,NONE,REVIEW_REQUIRED_EVENT_EVIDENCE,False,refresh_20261009T042704Z_refresh_fundamentals_c7bbcb6dfda4_production_adc49771,2026-10-09T09:00:48Z
1842,2025,Q2,65663,2025-06-29,QUIK,NOT_FOUND,FINANCIAL_SCOPE_REVIEW_REQUIRED,NO_EXPLICIT_QUARTER_CONSOLIDATED_REVENUE_GAAP_NET_AND_BROAD_P_AND_L_PACKAGE,0001437749-25-026211,8-K,quicklo20250624_8k.htm,https://www.sec.gov/Archives/edgar/data/882508/000143774925026211/quicklo20250624_8k.htm,2025-08-13T00:17:40Z,b97e3181c497bd5d81730369daceee4b21d75d140c90b8ca0e0e85b351320ad3,159b9a27a97e602a9e565681aaf583483bb337dd12e839d86f86b959313fc416,adccfe733e4fb85916920508d8d4f5e3e4cf50a97739a4a691ac0330357e2dc7,1,https://www.sec.gov/Archives/edgar/data/882508/000143774925026211/quicklo20250624_8k.htm,c27e2a60063c6f45843471c6aee1a1809f3ed815b45d42cc350452636ec35bd2,NONE,REVIEW_REQUIRED_EVENT_EVIDENCE,False,refresh_20261009T042704Z_refresh_fundamentals_c7bbcb6dfda4_production_adc49771,2026-10-09T09:00:48Z
1842,2025,Q3,65664,2025-09-28,QUIK,NOT_FOUND,FINANCIAL_SCOPE_REVIEW_REQUIRED,NO_EXPLICIT_QUARTER_CONSOLIDATED_REVENUE_GAAP_NET_AND_BROAD_P_AND_L_PACKAGE,0001437749-25-034221,8-K,quicklo20250912_8k.htm,https://www.sec.gov/Archives/edgar/data/882508/000143774925034221/quicklo20250912_8k.htm,2025-11-12T17:00:10Z,1aacdfc9efb776e09d0f631e8325e464ede18eff812ac8d1f8106e7aa1c818a5,5ad90c3f60004069bd094578dedef66d97a9c73643929e215c56bb48cd53ff54,c5e959efbfcdd00aa4b5aca467e7b6ab10bb2de51332023e2261c94d242f31a6,1,https://www.sec.gov/Archives/edgar/data/882508/000143774925034221/quicklo20250912_8k.htm,9b99e2b55247c3d9106e166b01be1db7c45ea4d3e154017a28fbdaa04b345f25,NONE,REVIEW_REQUIRED_EVENT_EVIDENCE,False,refresh_20261009T042704Z_refresh_fundamentals_c7bbcb6dfda4_production_adc49771,2026-10-09T09:00:48Z
1842,2025,Q4,65665,2025-12-28,QUIK,NOT_FOUND,FINANCIAL_SCOPE_REVIEW_REQUIRED,NO_EXPLICIT_QUARTER_CONSOLIDATED_REVENUE_GAAP_NET_AND_BROAD_P_AND_L_PACKAGE,0001437749-26-006600,8-K,quicklo20251208_8k.htm,https://www.sec.gov/Archives/edgar/data/882508/000143774926006600/quicklo20251208_8k.htm,2026-03-04T02:16:02Z,3bac6f91592b0114eb8fb9b4954a380d8d286371a201c91d178b0d24d74b8cdf,4ee2a1d01ccb4d497b3fae741f6dd78f9c3721a129f2368dd17b2c9f17d14f75,8561c932bacbe38d75e5ec507c2f7ae908163c0e34b18720bc4332d4bb641317,1,https://www.sec.gov/Archives/edgar/data/882508/000143774926006600/quicklo20251208_8k.htm,c8df5d80c695c4dba253c3593de1dafd295ec91ac50e8d970e87e334d830acd6,NONE,REVIEW_REQUIRED_EVENT_EVIDENCE,False,refresh_20261009T042704Z_refresh_fundamentals_c7bbcb6dfda4_production_adc49771,2026-10-09T09:00:48Z
1861,2025,Q1,66347,2025-03-31,RDW,NOT_FOUND,FINANCIAL_SCOPE_REVIEW_REQUIRED,NO_EXPLICIT_QUARTER_CONSOLIDATED_REVENUE_GAAP_NET_AND_BROAD_P_AND_L_PACKAGE,0001819810-25-000133,8-K,rdw-20250512.htm,https://www.sec.gov/Archives/edgar/data/1819810/000181981025000133/rdw-20250512.htm,2025-05-12T14:21:28Z,af6dc774ee256a3a855f5347352e877c66ca59d85fc40a3a6ff00733825ebe46,621727e29ced6531fde35d59a5c8080cd079b240754387fa1bc7be3de736046a,ceb7e9e663ba1486ff8d3dff455fa52d7016ac2e95017c259f6639c9be20bd26,1,https://www.sec.gov/Archives/edgar/data/1819810/000181981025000133/rdw-20250512.htm,aece166daada4091610c43583afa7e54e60451e52bee62f4084095b0dc1eaff8,NONE,REVIEW_REQUIRED_EVENT_EVIDENCE,False,refresh_20261009T042704Z_refresh_fundamentals_c7bbcb6dfda4_production_adc49771,2026-10-09T09:00:48Z
1861,2025,Q2,66348,2025-06-30,RDW,NOT_FOUND,PERIOD_SCOPE_REVIEW_REQUIRED,NO_EXPLICIT_QUARTER_END_MATCH_IN_RETAINED_RESULTS_CONTENT,0001819810-25-000212,8-K,rdw-20250806.htm,https://www.sec.gov/Archives/edgar/data/1819810/000181981025000212/rdw-20250806.htm,2025-08-07T00:36:52Z,7866de46b034a2ca4dd1fad9d0d5b7f95c3f4a6ea86a31c4d781f82aec3fc611,e7f25ca8d11d9acad3c96bcb606275eefdc9d9d6d85cfe4442b55b8103a1e4ed,e14df5234871ebcaa4ad282b8e7dda376c5fab523da87026d5518664f0a565e4,1,https://www.sec.gov/Archives/edgar/data/1819810/000181981025000212/rdw-20250806.htm,c97bf0a0c236ae24e8872d9c55dd5be753e6f2a9c7c2bb14d1689ebecee136a2,NONE,REVIEW_REQUIRED_EVENT_EVIDENCE,False,refresh_20261009T042704Z_refresh_fundamentals_c7bbcb6dfda4_production_adc49771,2026-10-09T09:00:48Z
1861,2025,Q3,66349,2025-09-30,RDW,NOT_FOUND,PERIOD_SCOPE_REVIEW_REQUIRED,NO_EXPLICIT_QUARTER_END_MATCH_IN_RETAINED_RESULTS_CONTENT,0001819810-25-000244,8-K,rdw-20251105.htm,https://www.sec.gov/Archives/edgar/data/1819810/000181981025000244/rdw-20251105.htm,2025-11-06T02:18:26Z,7d158579e241bd1296e54a0a28f51073569666663d0f4f807cfd3f9fc42311c4,e894b0a5c8939a769d9f05c1426fe151b8b314d2bd1cf4d599cc65fb0203a473,784ffd981c172f10d1d3a4822a4a0887b7783eb0f219b96fae1a01b157652dec,1,https://www.sec.gov/Archives/edgar/data/1819810/000181981025000244/rdw-20251105.htm,ca407b76f89012417e0084c74411be872c0b874954f07f3ea28cf2981952667f,NONE,REVIEW_REQUIRED_EVENT_EVIDENCE,False,refresh_20261009T042704Z_refresh_fundamentals_c7bbcb6dfda4_production_adc49771,2026-10-09T09:00:48Z
1861,2025,Q4,66350,2025-12-31,RDW,NOT_FOUND,PERIOD_SCOPE_REVIEW_REQUIRED,NO_EXPLICIT_QUARTER_END_MATCH_IN_RETAINED_RESULTS_CONTENT,0001819810-26-000017,8-K,rdw-20260220.htm,https://www.sec.gov/Archives/edgar/data/1819810/000181981026000017/rdw-20260220.htm,2026-02-26T02:30:02Z,d75c2245898d95e88be0bf2ceaf6d90ed7393d5cb01e51190ea253746236350d,90eb9eb5236fc561ecd6c0408ca69c80114829d88828c84f47a55959b05b52f5,d36a2d789f751ac23765533d3b3bdecf4c13be78bb0aab3273e050d629d63233,1,https://www.sec.gov/Archives/edgar/data/1819810/000181981026000017/rdw-20260220.htm,8724ebc330c78c5d67f32472434f7ea5b42e863b9f8a88024791f5652f65bc85,NONE,REVIEW_REQUIRED_EVENT_EVIDENCE,False,refresh_20261009T042704Z_refresh_fundamentals_c7bbcb6dfda4_production_adc49771,2026-10-09T09:00:48Z
1861,2026,Q1,66351,2026-03-31,RDW,NOT_FOUND,FINANCIAL_SCOPE_REVIEW_REQUIRED,NO_EXPLICIT_QUARTER_CONSOLIDATED_REVENUE_GAAP_NET_AND_BROAD_P_AND_L_PACKAGE,0001819810-26-000060,8-K,rdw-20260506.htm,https://www.sec.gov/Archives/edgar/data/1819810/000181981026000060/rdw-20260506.htm,2026-05-07T00:32:17Z,39d301b65990fb7c541449adfebaaac442d817460f9bb27751cc1dff927c292f,015ed76a7e314ac8af470d8dc5e5208876bd74bda31d40bc93c1c5a229a66811,9207d72058b040497bc5c3cb8ffa59adf1f5b1f30ee6f7989c43d8c5eb2a8d3b,1,https://www.sec.gov/Archives/edgar/data/1819810/000181981026000060/rdw-20260506.htm,47dddf2ba864142de0eb27cabb7d5b5ebe4a06f698a1f6bd740dd026d9eb0bd1,NONE,REVIEW_REQUIRED_EVENT_EVIDENCE,False,refresh_20261009T042704Z_refresh_fundamentals_c7bbcb6dfda4_production_adc49771,2026-10-09T09:00:48Z
1861,2026,Q2,66352,2026-06-30,RDW,NOT_FOUND,PROPOSED_REVIEWED_EVENT_OBSERVATION,EXPLICIT_QUARTER_CONSOLIDATED_EARNINGS_STATEMENT_AND_REGISTRANT_RESULTS_ANNOUNCEMENT,0001819810-26-000121,8-K,rdw-20260805.htm,https://www.sec.gov/Archives/edgar/data/1819810/000181981026000121/rdw-20260805.htm,2026-08-06T00:28:41Z,f3f5bf4fe144568c58ca1182262e4624f29de88332f3db3ad0094d0133f65b06,35872cc5291048440775cd376018c71fb6810738bca067622c901dc19b10187e,b25b99a93e598f935951ba2ff27d4484edf79b62d71f2d3544485202051b3da1,2,https://www.sec.gov/Archives/edgar/data/1819810/000181981026000121/rdw-20260805.htm;https://www.sec.gov/Archives/edgar/data/1819810/000181981026000121/exhibit991redwire06302026e.htm,ef6991e0ebf94745cead566b22beab261532f96771883c4146843e4f7a13b543;65d613962478df5bbd466dd6b5f487fa7d32abfec9b1af624daff7a7168ec17f,NONE,REVIEW_REQUIRED_EVENT_EVIDENCE,False,refresh_20261009T042704Z_refresh_fundamentals_c7bbcb6dfda4_production_adc49771,2026-10-09T09:00:48Z
1865,2025,Q1,66457,2025-03-31,REG,NOT_FOUND,FINANCIAL_SCOPE_REVIEW_REQUIRED,NO_EXPLICIT_QUARTER_CONSOLIDATED_REVENUE_GAAP_NET_AND_BROAD_P_AND_L_PACKAGE,0000950170-25-060183,8-K,reg-20250429.htm,https://www.sec.gov/Archives/edgar/data/910606/000095017025060183/reg-20250429.htm,2025-04-29T20:24:27Z,e577233cf06d2993c54b150bef34cd27409865c4ed2df2aa5dcbe33e84790789,51503c3036cb78a116012635a94b6a135b62715e1a18973e9f94547fe9eb184e,127e6cef22e5f06159863c4b08e3cc2cf5c75110a375a222dfce32ef08f987af,3,https://www.sec.gov/Archives/edgar/data/910606/000095017025060183/reg-20250429.htm;https://www.sec.gov/Archives/edgar/data/910606/000095017025060183/reg-ex99_1.htm;https://www.sec.gov/Archives/edgar/data/910606/000095017025060183/reg-ex99_2.htm,e93c4a3ff1e22d0d707d1b1bec182671c003d33e0d77850945bc8641fa07fb10;151e8ec6e2d9298cfab71216e9ca63786ad522b24a997c03d28dad0d5aeb56ca;451e58e552f65857c6a15ae0ebf03e2c217358a16cae660833b1aad6364ad282,NONE,REVIEW_REQUIRED_EVENT_EVIDENCE,False,refresh_20261009T042704Z_refresh_fundamentals_c7bbcb6dfda4_production_adc49771,2026-10-09T09:00:48Z
1865,2025,Q2,66458,2025-06-30,REG,NOT_FOUND,FINANCIAL_SCOPE_REVIEW_REQUIRED,NO_EXPLICIT_QUARTER_CONSOLIDATED_REVENUE_GAAP_NET_AND_BROAD_P_AND_L_PACKAGE,0000950170-25-099707,8-K,reg-20250729.htm,https://www.sec.gov/Archives/edgar/data/910606/000095017025099707/reg-20250729.htm,2025-07-29T20:55:33Z,2f4397505bb8720d7413bd7e9b95addac1e1722e8fb4e5b3550cfc08958796ef,22ab0191b68c6cf74ec86628452826031ce8484f40299519966c94cce5046f34,2a07d7c5aa6bb7527b80d7aa13d03e34e1852653482613bd164cb0059c35ae48,3,https://www.sec.gov/Archives/edgar/data/910606/000095017025099707/reg-20250729.htm;https://www.sec.gov/Archives/edgar/data/910606/000095017025099707/reg-ex99_1.htm;https://www.sec.gov/Archives/edgar/data/910606/000095017025099707/reg-ex99_2.htm,7f7adb098e49fdfea086de442d5a2518f2f7f0b3805f9181c7c823452930ccc7;955a7ace6df183d39bd99e8a0d555a56f3148b4fd25d45f5154e1b9b2d15f981;7c0ba6f34eb088128d453d94c4c79ff5ddffa67e30d35c0fb6fe124d92ed4939,NONE,REVIEW_REQUIRED_EVENT_EVIDENCE,False,refresh_20261009T042704Z_refresh_fundamentals_c7bbcb6dfda4_production_adc49771,2026-10-09T09:00:48Z
1865,2025,Q3,66459,2025-09-30,REG,NOT_FOUND,FINANCIAL_SCOPE_REVIEW_REQUIRED,NO_EXPLICIT_QUARTER_CONSOLIDATED_REVENUE_GAAP_NET_AND_BROAD_P_AND_L_PACKAGE,0001193125-25-253799,8-K,reg-20251027.htm,https://www.sec.gov/Archives/edgar/data/910606/000119312525253799/reg-20251027.htm,2025-10-28T21:00:27Z,12465b746698175788f1df2da45414decca7720f0f430c247fcbe0daac7491dc,8cf5add6a747ac447c854d544288bd4f560a5824c8d1d757c6510ef579587be9,26de2abed5ef5ca4f184d67e79e6a5358666e06a1d7aa2a849952d81db6422ce,3,https://www.sec.gov/Archives/edgar/data/910606/000119312525253799/reg-20251027.htm;https://www.sec.gov/Archives/edgar/data/910606/000119312525253799/reg-ex99_1.htm;https://www.sec.gov/Archives/edgar/data/910606/000119312525253799/reg-ex99_2.htm,2bfa69693467e1f7786e22ddf09846e75d7010c59f6f59ed920bc32abf0888b9;23386b96c610afa40bb4a41c61ca145f4300757234506fe191ddc0f575adc94d;17b13ee645c5b3837ac2b546632008976b201db239ba14eea8ef76b9fa3de15e,NONE,REVIEW_REQUIRED_EVENT_EVIDENCE,False,refresh_20261009T042704Z_refresh_fundamentals_c7bbcb6dfda4_production_adc49771,2026-10-09T09:00:48Z
1865,2025,Q4,66460,2025-12-31,REG,NOT_FOUND,FINANCIAL_SCOPE_REVIEW_REQUIRED,NO_EXPLICIT_QUARTER_CONSOLIDATED_REVENUE_GAAP_NET_AND_BROAD_P_AND_L_PACKAGE,0001193125-26-039477,8-K,reg-20260205.htm,https://www.sec.gov/Archives/edgar/data/910606/000119312526039477/reg-20260205.htm,2026-02-05T21:28:32Z,57ebbb23b9f58d4d31202fa977905fc4651d19fd5d16cdc1569172abfa414425,ab09914e365d0fcedfedb11866a4c6456c97fea91a2fe2c42d0f5d17669bce6d,927cd15e8b4f32306bff9ab480387c17916b3f1894d462becb4821acac24ed2c,3,https://www.sec.gov/Archives/edgar/data/910606/000119312526039477/reg-20260205.htm;https://www.sec.gov/Archives/edgar/data/910606/000119312526039477/reg-ex99_1.htm;https://www.sec.gov/Archives/edgar/data/910606/000119312526039477/reg-ex99_2.htm,63a223ca47003c0ba5b50d322b47062cdcae7c818e1104fa323a53500280510a;fccb2c2e6883196db41aec77e2b9209f66d97dfdd0d07fba1ea337e11206b5db;d968be696d94728dca1c56980987b4b38d9c7f2a0987862753924f29ae623df0,NONE,REVIEW_REQUIRED_EVENT_EVIDENCE,False,refresh_20261009T042704Z_refresh_fundamentals_c7bbcb6dfda4_production_adc49771,2026-10-09T09:00:48Z
1865,2026,Q1,66461,2026-03-31,REG,NOT_FOUND,FINANCIAL_SCOPE_REVIEW_REQUIRED,NO_EXPLICIT_QUARTER_CONSOLIDATED_REVENUE_GAAP_NET_AND_BROAD_P_AND_L_PACKAGE,0001193125-26-191872,8-K,reg-20260429.htm,https://www.sec.gov/Archives/edgar/data/910606/000119312526191872/reg-20260429.htm,2026-04-29T20:27:25Z,53e67a84a4cadad783d8e69677038498e3dc4a48654e54023d4f18b983c7aa2c,b7092130d589a5e9a8d0c8ca188812cbc43be38ab2fa6c0b637beac55f406fae,99c166761cee69e4dc862996000204074563d30916a4e6ea740850de21b63100,3,https://www.sec.gov/Archives/edgar/data/910606/000119312526191872/reg-20260429.htm;https://www.sec.gov/Archives/edgar/data/910606/000119312526191872/reg-ex99_1.htm;https://www.sec.gov/Archives/edgar/data/910606/000119312526191872/reg-ex99_2.htm,420eb034d436a79cd8fbbb31256f62bafe3a3133b45713fbeda35a3f25d6dd7e;1935841d2a08306fa3b44c6ba70bd72172d0821acf133fbd766673f73bdf5a56;86539227ec45f205ea00f7ce7bb7c5be510ded99e937372d990a0d7854c2217d,NONE,REVIEW_REQUIRED_EVENT_EVIDENCE,False,refresh_20261009T042704Z_refresh_fundamentals_c7bbcb6dfda4_production_adc49771,2026-10-09T09:00:48Z
1865,2026,Q2,66462,2026-06-30,REG,NOT_FOUND,FINANCIAL_SCOPE_REVIEW_REQUIRED,NO_EXPLICIT_QUARTER_CONSOLIDATED_REVENUE_GAAP_NET_AND_BROAD_P_AND_L_PACKAGE,0001193125-26-323784,8-K,reg-20260729.htm,https://www.sec.gov/Archives/edgar/data/910606/000119312526323784/reg-20260729.htm,2026-07-29T20:22:08Z,62f1096c1be4269859dc41f80c778b30b479e04b0db8a65097a3f6354efd7f29,a30c126c531678da3a40c6bcc0cf209c5258dd1c817f57da4a24905d7ecd8895,44d2cecec071d7b8dcb43405228e75f3f89db2c1f35d450b5fade800d45ac8b6,3,https://www.sec.gov/Archives/edgar/data/910606/000119312526323784/reg-20260729.htm;https://www.sec.gov/Archives/edgar/data/910606/000119312526323784/reg-ex99_1.htm;https://www.sec.gov/Archives/edgar/data/910606/000119312526323784/reg-ex99_2.htm,f7c2f766fb180d4aade0b51dbd535c9165946acf2b134e17a088a7950326912b;98ac454421eee2364b71fd2fd0e96bee57bf297a81b6b07849c75ca662296f19;faa434f9784f7655ea8ff3a0a224519824b45741efc19c756265de0d81d49379,NONE,REVIEW_REQUIRED_EVENT_EVIDENCE,False,refresh_20261009T042704Z_refresh_fundamentals_c7bbcb6dfda4_production_adc49771,2026-10-09T09:00:48Z
1890,2025,Q1,67351,2025-03-31,RIVN,NOT_FOUND,FINANCIAL_SCOPE_REVIEW_REQUIRED,NO_EXPLICIT_QUARTER_CONSOLIDATED_REVENUE_GAAP_NET_AND_BROAD_P_AND_L_PACKAGE,0001874178-25-000025,8-K,rivn-20250506.htm,https://www.sec.gov/Archives/edgar/data/1874178/000187417825000025/rivn-20250506.htm,2025-05-07T00:04:33Z,d8ead110cf2ce40daec77166c6ca1cf0dcc940cf087a492d108a2b585514ad6e,3c61e167f640ad2b557da319db72ae467af3c7a291f1a846f77d63baadca3c01,7fe0e7330369c5a149c5d9e18450ebb81099cc207d67e9905f64ff27efd7dd89,1,https://www.sec.gov/Archives/edgar/data/1874178/000187417825000025/rivn-20250506.htm,faa8e84447218cb8f484216a9fd995d1234cc6f176f8020bab9d6fbf7c298cc9,NONE,REVIEW_REQUIRED_EVENT_EVIDENCE,False,refresh_20261009T042704Z_refresh_fundamentals_c7bbcb6dfda4_production_adc49771,2026-10-09T09:00:48Z
1890,2025,Q2,67352,2025-06-30,RIVN,NOT_FOUND,FINANCIAL_SCOPE_REVIEW_REQUIRED,NO_EXPLICIT_QUARTER_CONSOLIDATED_REVENUE_GAAP_NET_AND_BROAD_P_AND_L_PACKAGE,0001874178-25-000035,8-K,rivn-20250805.htm,https://www.sec.gov/Archives/edgar/data/1874178/000187417825000035/rivn-20250805.htm,2025-08-06T00:01:27Z,db10c82b0a81bb4f795f65f4b44fa68e4423237d6d26a9669e119f1ec9267e5a,cf409dff93701a47a6c075cf41955f490dedeb1bf535c6aae28c0cba3f73990f,0e58ba9c0e7a8ec6e1a0a021fa393148aef71eebc5f61d7499d376b93570b16d,1,https://www.sec.gov/Archives/edgar/data/1874178/000187417825000035/rivn-20250805.htm,8cc37265e18986fc951e448d9a403deed5f28329ca1ac163ee3df3bf0bb19cb3,NONE,REVIEW_REQUIRED_EVENT_EVIDENCE,False,refresh_20261009T042704Z_refresh_fundamentals_c7bbcb6dfda4_production_adc49771,2026-10-09T09:00:48Z
1890,2025,Q3,67353,2025-09-30,RIVN,NOT_FOUND,FINANCIAL_SCOPE_REVIEW_REQUIRED,NO_EXPLICIT_QUARTER_CONSOLIDATED_REVENUE_GAAP_NET_AND_BROAD_P_AND_L_PACKAGE,0001874178-25-000051,8-K,rivn-20251104.htm,https://www.sec.gov/Archives/edgar/data/1874178/000187417825000051/rivn-20251104.htm,2025-11-05T02:01:44Z,77093bda024effab295d90cc2b2bcd6801b4ce5000abc698db44272a0c1af78e,a7115e89c40fc16e883031a7b3a7a29d732d5cd7ef2fc3d71d6a13b6ab48370a,eeaa8e5cab236313fe4034470975e6a811174ce4140d3356d45c1984ae786918,1,https://www.sec.gov/Archives/edgar/data/1874178/000187417825000051/rivn-20251104.htm,afb0e4fc56417668735bd00ac208c0d14a456e9dff7fa7fa17575e7613266d74,NONE,REVIEW_REQUIRED_EVENT_EVIDENCE,False,refresh_20261009T042704Z_refresh_fundamentals_c7bbcb6dfda4_production_adc49771,2026-10-09T09:00:48Z
1890,2025,Q4,67354,2025-12-31,RIVN,NOT_FOUND,PERIOD_SCOPE_REVIEW_REQUIRED,NO_EXPLICIT_QUARTER_END_MATCH_IN_RETAINED_RESULTS_CONTENT,0001874178-26-000007,8-K,rivn-20260212.htm,https://www.sec.gov/Archives/edgar/data/1874178/000187417826000007/rivn-20260212.htm,2026-02-13T02:01:27Z,689ee635c4706f7105255488538493f89d9151c784b4e894e4b4e8ae67983bce,6c1a9dfc5aca5dc7bd9d2c3b2dffe72751c36c6c42a8edc49f69a8404bbd866b,427b74d048f0348a14374fa4826f1cb3a0c2334d08410120692c01c4423dce76,1,https://www.sec.gov/Archives/edgar/data/1874178/000187417826000007/rivn-20260212.htm,1f34ba96baa6d25aa97f463d8afd69a730e3448b2f14d175d2e1ecbbfe6ac666,NONE,REVIEW_REQUIRED_EVENT_EVIDENCE,False,refresh_20261009T042704Z_refresh_fundamentals_c7bbcb6dfda4_production_adc49771,2026-10-09T09:00:48Z
1897,2025,Q1,67604,2025-03-31,RMBS,NOT_FOUND,FINANCIAL_SCOPE_REVIEW_REQUIRED,NO_EXPLICIT_QUARTER_CONSOLIDATED_REVENUE_GAAP_NET_AND_BROAD_P_AND_L_PACKAGE,0000917273-25-000072,8-K,rmbs-20250428.htm,https://www.sec.gov/Archives/edgar/data/917273/000091727325000072/rmbs-20250428.htm,2025-04-29T00:09:15Z,39e77f98a2adc6849d0562a70f392c7dd66b42a85023ec5eca6548bcc2fc13a2,bfc843f152476e0307440ab586057b9d85989cb32d714b97c68e9059947955e4,a9b039f7ca4975013746e571add8bdbf81fcd850161dd9402986ca0b2c2c64a7,1,https://www.sec.gov/Archives/edgar/data/917273/000091727325000072/rmbs-20250428.htm,693e1d99ce00b1fefa49e300c4b2e5371f4c663de0885c9da660385fd971b649,NONE,REVIEW_REQUIRED_EVENT_EVIDENCE,False,refresh_20261009T042704Z_refresh_fundamentals_c7bbcb6dfda4_production_adc49771,2026-10-09T09:00:48Z
1897,2025,Q2,67605,2025-06-30,RMBS,NOT_FOUND,FINANCIAL_SCOPE_REVIEW_REQUIRED,NO_EXPLICIT_QUARTER_CONSOLIDATED_REVENUE_GAAP_NET_AND_BROAD_P_AND_L_PACKAGE,0000950170-25-099166,8-K,rmbs-20250728.htm,https://www.sec.gov/Archives/edgar/data/917273/000095017025099166/rmbs-20250728.htm,2025-07-29T00:08:11Z,088b0879f3a6e05dfcb2a58cbe435c389188fd6da963c32d99f59eb561d1988a,4d0e96ac066caf3045e38a0618e185fab1e0c42b25886fb0bf54dc5db623a46d,89694dd00f297100b54388d3fff61a416bed5b3a18277028d308c256260bc41a,1,https://www.sec.gov/Archives/edgar/data/917273/000095017025099166/rmbs-20250728.htm,aebaf7f3097bd6acaa5716286da392111a495cc6a96d1903ae06cebf5abfae51,NONE,REVIEW_REQUIRED_EVENT_EVIDENCE,False,refresh_20261009T042704Z_refresh_fundamentals_c7bbcb6dfda4_production_adc49771,2026-10-09T09:00:48Z
1897,2025,Q3,67606,2025-09-30,RMBS,NOT_FOUND,FINANCIAL_SCOPE_REVIEW_REQUIRED,NO_EXPLICIT_QUARTER_CONSOLIDATED_REVENUE_GAAP_NET_AND_BROAD_P_AND_L_PACKAGE,0001193125-25-251595,8-K,rmbs-20251027.htm,https://www.sec.gov/Archives/edgar/data/917273/000119312525251595/rmbs-20251027.htm,2025-10-28T00:11:57Z,0bbef1ebdd3766468250876153f621dc6d7230f5547ac9401736a54fc47abe49,0b01075277744bf1fcaa916f1e676cd54252e9e4bf8cdbe2caccea7209fe8a95,0567a55d11d0ecf6b8c3615b3d793e9ee58e688f2de4c4f9fb55dd95f49d69cb,1,https://www.sec.gov/Archives/edgar/data/917273/000119312525251595/rmbs-20251027.htm,aec41393133d0598a10a2a33219274ddce89f4200b8306ae193fbe5b148bdf50,NONE,REVIEW_REQUIRED_EVENT_EVIDENCE,False,refresh_20261009T042704Z_refresh_fundamentals_c7bbcb6dfda4_production_adc49771,2026-10-09T09:00:48Z
1897,2025,Q4,67607,2025-12-31,RMBS,NOT_FOUND,FINANCIAL_SCOPE_REVIEW_REQUIRED,NO_EXPLICIT_QUARTER_CONSOLIDATED_REVENUE_GAAP_NET_AND_BROAD_P_AND_L_PACKAGE,0001193125-26-033624,8-K,rmbs-20260202.htm,https://www.sec.gov/Archives/edgar/data/917273/000119312526033624/rmbs-20260202.htm,2026-02-03T02:07:57Z,df7c5be70b2026d9a58e9376dbc99b3af969d94b463001fdcca48227405972d8,255146548d8c642a83ce29211cd93e9444819655f893b6ac43642192eb2128f6,df7571e9532d4d9541fa72a3594925305f92e7111afa3c47ab932b4a85b7a2fa,1,https://www.sec.gov/Archives/edgar/data/917273/000119312526033624/rmbs-20260202.htm,913e7fa64c49973507167b302c45b7343c9e6b00b6fdf98ed25bf10bb6c7545e,NONE,REVIEW_REQUIRED_EVENT_EVIDENCE,False,refresh_20261009T042704Z_refresh_fundamentals_c7bbcb6dfda4_production_adc49771,2026-10-09T09:00:48Z
1897,2026,Q1,67608,2026-03-31,RMBS,NOT_FOUND,FINANCIAL_SCOPE_REVIEW_REQUIRED,NO_EXPLICIT_QUARTER_CONSOLIDATED_REVENUE_GAAP_NET_AND_BROAD_P_AND_L_PACKAGE,0001193125-26-182076,8-K,rmbs-20260427.htm,https://www.sec.gov/Archives/edgar/data/917273/000119312526182076/rmbs-20260427.htm,2026-04-28T00:08:06Z,185c5c322f8ca2a74ba7b026c9a9810ae70449e78a009243f8fb20c34bcb3c45,db21801529074261dd3038a5f3101b278cc3f3544a7effabd581e2a0bd381a0a,c749e22a80f383e8314439869ab0d19668cd3c5b35a135503e1e88299d488571,1,https://www.sec.gov/Archives/edgar/data/917273/000119312526182076/rmbs-20260427.htm,5d2b9837f8353bc24a60be72c375b84b3d48185c29390c4d3cf95b8216cc0d9a,NONE,REVIEW_REQUIRED_EVENT_EVIDENCE,False,refresh_20261009T042704Z_refresh_fundamentals_c7bbcb6dfda4_production_adc49771,2026-10-09T09:00:48Z
1897,2026,Q2,67609,2026-06-30,RMBS,NOT_FOUND,FINANCIAL_SCOPE_REVIEW_REQUIRED,NO_EXPLICIT_QUARTER_CONSOLIDATED_REVENUE_GAAP_NET_AND_BROAD_P_AND_L_PACKAGE,0001193125-26-318063,8-K,rmbs-20260727.htm,https://www.sec.gov/Archives/edgar/data/917273/000119312526318063/rmbs-20260727.htm,2026-07-28T00:06:16Z,15d0da062695b6442e069e385d1bd4874d0cbadabef477aa16571eab3f70c139,8cf00e8861210bfa54c8073a7858a416e958a2a63795090e918f6512336c88de,fdef63eaba5980043bd141ca4696ecbf1137c8903a60561b54ab0f543e849a77,1,https://www.sec.gov/Archives/edgar/data/917273/000119312526318063/rmbs-20260727.htm,c0c0dc47baedebe46ff32a2a9f78fb0b3241e8b69f12f0c1f66acac137414442,NONE,REVIEW_REQUIRED_EVENT_EVIDENCE,False,refresh_20261009T042704Z_refresh_fundamentals_c7bbcb6dfda4_production_adc49771,2026-10-09T09:00:48Z
1917,2025,Q1,68352,2024-08-31,RPM,UNRESOLVED,EVENT_SCOPE_REVIEW_REQUIRED,PRELIMINARY_REVISED_OR_PRIOR_REPORT_EVENT_REQUIRES_INDIVIDUAL_REVIEW,0001193125-24-230656,8-K,d829584d8k.htm,https://www.sec.gov/Archives/edgar/data/110621/000119312524230656/d829584d8k.htm,2024-10-02T14:53:01Z,e8ecf358d63d8592e5996f2189824fe52d139adae805891000ef4fb40d31ad15,0544bceeee0e92d242952fcbb0dfb6872104fedf706611f89046f76271a95279,5b25715a0221f7486144277792987c6f9c1238e5897c944145eb7fc6f09614ce,2,https://www.sec.gov/Archives/edgar/data/110621/000119312524230656/d829584d8k.htm;https://www.sec.gov/Archives/edgar/data/110621/000119312524230656/d829584dex991.htm,d69e1e8733ad055f7254cbe48e490728f4f0ec5cc1a4563bfdc591a24d363a50;03d40ade3d6d35a3ffb80a3ad237f810d6fa443b5bb8d2d4449479ebdb63f1c7,NONE,REVIEW_REQUIRED_EVENT_EVIDENCE,False,refresh_20261009T042704Z_refresh_fundamentals_c7bbcb6dfda4_production_adc49771,2026-10-09T09:00:48Z
1917,2025,Q2,68353,2024-11-30,RPM,UNRESOLVED,EVENT_SCOPE_REVIEW_REQUIRED,PRELIMINARY_REVISED_OR_PRIOR_REPORT_EVENT_REQUIRES_INDIVIDUAL_REVIEW,0001193125-25-002536,8-K,d917504d8k.htm,https://www.sec.gov/Archives/edgar/data/110621/000119312525002536/d917504d8k.htm,2025-01-07T16:57:28Z,ce5623e08fc70f6670dd521bc53947d6343eb6cc14cf83532706a2d02b7e396a,5cfdeeeac2bc9660b690db608cdaa1ca309860d87203a406c0e079ffba2fb092,f3fd59f60755c2a91a48627a5f7734f81c0268d88820491b568a737ebe034a7a,2,https://www.sec.gov/Archives/edgar/data/110621/000119312525002536/d917504d8k.htm;https://www.sec.gov/Archives/edgar/data/110621/000119312525002536/d917504dex991.htm,8c8041d607ff965e8196cb6215f43064007030aea465642d05c7f7b996499add;2c5cab046316d879d3587eeb639d331eed387ddd7beac8c3b51207180f6114f6,NONE,REVIEW_REQUIRED_EVENT_EVIDENCE,False,refresh_20261009T042704Z_refresh_fundamentals_c7bbcb6dfda4_production_adc49771,2026-10-09T09:00:48Z
1917,2025,Q3,68354,2025-02-28,RPM,UNRESOLVED,EVENT_SCOPE_REVIEW_REQUIRED,PRELIMINARY_REVISED_OR_PRIOR_REPORT_EVENT_REQUIRES_INDIVIDUAL_REVIEW,0001193125-25-075093,8-K,d901793d8k.htm,https://www.sec.gov/Archives/edgar/data/110621/000119312525075093/d901793d8k.htm,2025-04-08T14:56:29Z,9829ea830c416e5b22c512b4af48588bb90e25c563324eb4f2726e251c85da0b,44c690affcb3781639b97be53790f0a6d7fe8b4b305b49acd49e0e666a50eaac,fc79f3dd138db0e815606d0b741e90f53929bf152c33e8070b518fb147297460,2,https://www.sec.gov/Archives/edgar/data/110621/000119312525075093/d901793d8k.htm;https://www.sec.gov/Archives/edgar/data/110621/000119312525075093/d901793dex991.htm,4c222a0ba24a850f24f01dccaea2126f054c3956ccf1090cf8f3c301ded3a910;3939dae3df54e7327c189758b501b56243ebb1bc0d79336c79074ed01f329824,NONE,REVIEW_REQUIRED_EVENT_EVIDENCE,False,refresh_20261009T042704Z_refresh_fundamentals_c7bbcb6dfda4_production_adc49771,2026-10-09T09:00:48Z
1917,2025,Q4,68355,2025-05-31,RPM,UNRESOLVED,EVENT_SCOPE_REVIEW_REQUIRED,PRELIMINARY_REVISED_OR_PRIOR_REPORT_EVENT_REQUIRES_INDIVIDUAL_REVIEW,0001193125-25-163802,8-K,d85733d8k.htm,https://www.sec.gov/Archives/edgar/data/110621/000119312525163802/d85733d8k.htm,2025-07-24T14:52:01Z,7696ebf317b5bccf38a217942a4ee6255b065daf7ca2c466d824bf0d08c87271,2fd3de6cad7ca4d511c0757359a472f8729afffa02b99b18f03a23b42ef3451c,a1743e6989a0b242a0e1d324f10c8679b1373bcefd81a6c2c227aaffe490b481,2,https://www.sec.gov/Archives/edgar/data/110621/000119312525163802/d85733d8k.htm;https://www.sec.gov/Archives/edgar/data/110621/000119312525163802/d85733dex991.htm,17354a82f8496578a7c2c6da3a2ec6d81b1bad677507dde449395a08c258c494;107ee4c28f8cda533dbe6b7bb4966f1092a492e365e736b855e61729305a69a3,NONE,REVIEW_REQUIRED_EVENT_EVIDENCE,False,refresh_20261009T042704Z_refresh_fundamentals_c7bbcb6dfda4_production_adc49771,2026-10-09T09:00:48Z
1917,2026,Q1,68356,2025-08-31,RPM,UNRESOLVED,EVENT_SCOPE_REVIEW_REQUIRED,PRELIMINARY_REVISED_OR_PRIOR_REPORT_EVENT_REQUIRES_INDIVIDUAL_REVIEW,0001193125-25-225841,8-K,d911529d8k.htm,https://www.sec.gov/Archives/edgar/data/110621/000119312525225841/d911529d8k.htm,2025-10-01T14:55:04Z,112b45aa54dab6029d266005aae29df59a08b6b4c67182b77493884883b07f60,dd65e30bfd6abee56d15069e070d3ea12ff1807e1e84cc5f8e7d50277e3de4bd,aa3a10132ae9c659a73d051c85c334e08705b703b367d394cc251a4ec41a52bf,2,https://www.sec.gov/Archives/edgar/data/110621/000119312525225841/d911529d8k.htm;https://www.sec.gov/Archives/edgar/data/110621/000119312525225841/d911529dex991.htm,61ae827edff4b903af0d0b7940725073c07ecca38c7e378dd472dc664bfe0e86;46eb435d1beea73c16c2f2fe063498312d263defd5d4ea28c0c7e6c5a0a63c76,NONE,REVIEW_REQUIRED_EVENT_EVIDENCE,False,refresh_20261009T042704Z_refresh_fundamentals_c7bbcb6dfda4_production_adc49771,2026-10-09T09:00:48Z
1923,2025,Q1,68561,2025-03-31,RRR,UNRESOLVED,PROPOSED_REVIEWED_EVENT_OBSERVATION,EXPLICIT_QUARTER_CONSOLIDATED_EARNINGS_STATEMENT_AND_REGISTRANT_RESULTS_ANNOUNCEMENT,0001193125-25-109965,8-K,d935648d8k.htm,https://www.sec.gov/Archives/edgar/data/1653653/000119312525109965/d935648d8k.htm,2025-05-01T20:10:06Z,25e6056884834675c8c87a100abad7c8c410db22a991bb03eb2edc7b6dad449d,cb1c47566ad7e90eaf9f9df2d46ff149b287fd9747f4e3481513ae51536d9512,363a30669e4bd96b6fe8d8a89515df51c7baede9f0b321f55c06acb1ec280a7b,2,https://www.sec.gov/Archives/edgar/data/1653653/000119312525109965/d935648d8k.htm;https://www.sec.gov/Archives/edgar/data/1653653/000119312525109965/d935648dex991.htm,bab0af35a48fec7b2050823a588222870cd06d491f4e6338080c54fb4a253f95;e6e1616524b361169a377655cc7d48cb9c66a7a8e24d9c534c627eed5f18085b,NONE,REVIEW_REQUIRED_EVENT_EVIDENCE,False,refresh_20261009T042704Z_refresh_fundamentals_c7bbcb6dfda4_production_adc49771,2026-10-09T09:00:48Z
1923,2025,Q2,68562,2025-06-30,RRR,UNRESOLVED,PROPOSED_REVIEWED_EVENT_OBSERVATION,EXPLICIT_QUARTER_CONSOLIDATED_EARNINGS_STATEMENT_AND_REGISTRANT_RESULTS_ANNOUNCEMENT,0001193125-25-167977,8-K,d927857d8k.htm,https://www.sec.gov/Archives/edgar/data/1653653/000119312525167977/d927857d8k.htm,2025-07-29T20:01:29Z,8b8598d6755efd7a140c0e01d8cb4d75aca5ac2b994d2853a9d1557955144544,a01dc7555a81c1dd00588f02af4ae3bdb08755bb227c819954ac032aec151123,621357a72cc0360e8a46de75b04d9ccc697328798cfa91b7a167bc6e39ea9973,2,https://www.sec.gov/Archives/edgar/data/1653653/000119312525167977/d927857d8k.htm;https://www.sec.gov/Archives/edgar/data/1653653/000119312525167977/d927857dex991.htm,4d3724b1cc95ea064eb37b84c3e0594669b5ed4298298e05f9fa6f37469d5530;c14db87db80a24002bb56639c12f8a35263f5b1dc259d99a51062955ec15e325,NONE,REVIEW_REQUIRED_EVENT_EVIDENCE,False,refresh_20261009T042704Z_refresh_fundamentals_c7bbcb6dfda4_production_adc49771,2026-10-09T09:00:48Z
1923,2025,Q3,68563,2025-09-30,RRR,UNRESOLVED,PROPOSED_REVIEWED_EVENT_OBSERVATION,EXPLICIT_QUARTER_CONSOLIDATED_EARNINGS_STATEMENT_AND_REGISTRANT_RESULTS_ANNOUNCEMENT,0001193125-25-253457,8-K,d31085d8k.htm,https://www.sec.gov/Archives/edgar/data/1653653/000119312525253457/d31085d8k.htm,2025-10-28T20:01:12Z,c3e707d152c4d4f857b049f01aa3712263370a14e476789b3b7fea7ce9419592,bc5235e41f92fbf2022afa29e3d1ce0b8c929b9d02bf47ebf714e460b74f5b21,0bcd1bc72ed40bf48ec7cd179b22a43fd29733e19129a8fa9725ecfcf01af731,2,https://www.sec.gov/Archives/edgar/data/1653653/000119312525253457/d31085d8k.htm;https://www.sec.gov/Archives/edgar/data/1653653/000119312525253457/d31085dex991.htm,66ba720a6972c2cee864025521b45f8fc8f40a9cefdd574e2414d83968520d80;11ce6e95163091344072520cd70a4be623c64bc58cc0ec770c124fa2257757b8,NONE,REVIEW_REQUIRED_EVENT_EVIDENCE,False,refresh_20261009T042704Z_refresh_fundamentals_c7bbcb6dfda4_production_adc49771,2026-10-09T09:00:48Z
1923,2025,Q4,68564,2025-12-31,RRR,UNRESOLVED,PROPOSED_REVIEWED_EVENT_OBSERVATION,EXPLICIT_QUARTER_CONSOLIDATED_EARNINGS_STATEMENT_AND_REGISTRANT_RESULTS_ANNOUNCEMENT,0001193125-26-044612,8-K,d72367d8k.htm,https://www.sec.gov/Archives/edgar/data/1653653/000119312526044612/d72367d8k.htm,2026-02-10T21:01:18Z,645ca9459b93607bbcf373118ec13e5623a5b2e5bd0f7f75d8aa0deb468ff889,763012d17fd52009b909ec4fe119cd35d2ea368941b2c535819b111a8b8336b5,26c0b4b6e3a5bf8b3d64b897af4bf77aca0e5730bc6c6cc93feca459e6503f70,2,https://www.sec.gov/Archives/edgar/data/1653653/000119312526044612/d72367d8k.htm;https://www.sec.gov/Archives/edgar/data/1653653/000119312526044612/d72367dex991.htm,501f33ac31e8594021ebf120c33966b8c98855d20b11501701d8a9d2134a7738;452eff7a6ae0f8ee803e5ec544d63601fcfb2068c3b622ce713c556912470d4f,NONE,REVIEW_REQUIRED_EVENT_EVIDENCE,False,refresh_20261009T042704Z_refresh_fundamentals_c7bbcb6dfda4_production_adc49771,2026-10-09T09:00:48Z
1960,2025,Q1,69841,2025-03-31,SCCO,NOT_FOUND,EVENT_SCOPE_REVIEW_REQUIRED,NO_EXPLICIT_RESULTS_PUBLICATION_IN_ITEM_2_02,0001558370-25-005526,8-K,scco-20250424x8k.htm,https://www.sec.gov/Archives/edgar/data/1001838/000155837025005526/scco-20250424x8k.htm,2025-04-25T15:56:12Z,bcf0647b660214b54fca6f239e48b8be0944977ddc3c698941874cb446fd5fed,153b01d4733678711ad3343addb44b1c025187c43ce90a83fe677701624184d0,17dfa4e2aed437e31912a46f0bc0c8a7de8ef3cf7c43cb927ed61007c3433d00,1,https://www.sec.gov/Archives/edgar/data/1001838/000155837025005526/scco-20250424x8k.htm,f355e83c92e28470e38559e0e1f13fa5b8d3b144143fe2cd672f77485832e362,NONE,REVIEW_REQUIRED_EVENT_EVIDENCE,False,refresh_20261009T042704Z_refresh_fundamentals_c7bbcb6dfda4_production_adc49771,2026-10-09T09:00:48Z
1960,2025,Q2,69842,2025-06-30,SCCO,NOT_FOUND,EVENT_SCOPE_REVIEW_REQUIRED,NO_EXPLICIT_RESULTS_PUBLICATION_IN_ITEM_2_02,0001558370-25-009748,8-K,scco-20250728x8k.htm,https://www.sec.gov/Archives/edgar/data/1001838/000155837025009748/scco-20250728x8k.htm,2025-07-29T21:15:51Z,90098ab9792f380c1bcf876197b976efa27c6fa3703b0d36f8387255f0e13307,8edb687771b9e4fba25104db5c3077712d1b8b7be823191df19160a4510241e2,12fd23599994ec2d3084e41b0807525c3d50bd8221f5fd3eaff35c8c004259ba,1,https://www.sec.gov/Archives/edgar/data/1001838/000155837025009748/scco-20250728x8k.htm,c6c178b36c771580940bf3684727117abc77f0e0550fcf11395c436286af2ef4,NONE,REVIEW_REQUIRED_EVENT_EVIDENCE,False,refresh_20261009T042704Z_refresh_fundamentals_c7bbcb6dfda4_production_adc49771,2026-10-09T09:00:48Z
1960,2025,Q3,69843,2025-09-30,SCCO,NOT_FOUND,EVENT_SCOPE_REVIEW_REQUIRED,NO_EXPLICIT_RESULTS_PUBLICATION_IN_ITEM_2_02,0001104659-25-103333,8-K,scco-20251028x8k.htm,https://www.sec.gov/Archives/edgar/data/1001838/000110465925103333/scco-20251028x8k.htm,2025-10-29T00:35:13Z,972802350dee67914d00fea5dbf4e86951f6e72f33f0d3bf611027d716a9d8a8,170ae17900082e8ea4083da5f85bdec3d6764c8dddee0dd1f999c9ca28983bb8,5c83faf4061bbac264ca0889a655d62100cfd72f76cf4362ab771750554df979,1,https://www.sec.gov/Archives/edgar/data/1001838/000110465925103333/scco-20251028x8k.htm,7cedca88f37a5177416c3d33c7ca2450e0a0f3405cb47fbaa46f7ae6fbba3906,NONE,REVIEW_REQUIRED_EVENT_EVIDENCE,False,refresh_20261009T042704Z_refresh_fundamentals_c7bbcb6dfda4_production_adc49771,2026-10-09T09:00:48Z
1960,2025,Q4,69844,2025-12-31,SCCO,NOT_FOUND,EVENT_SCOPE_REVIEW_REQUIRED,NO_EXPLICIT_RESULTS_PUBLICATION_IN_ITEM_2_02,0001104659-26-007496,8-K,scco-20260127x8k.htm,https://www.sec.gov/Archives/edgar/data/1001838/000110465926007496/scco-20260127x8k.htm,2026-01-28T22:21:17Z,822f8681eac55158c32927b22cb769e2c08a67ced396323d641c87ab5aafeefb,2998688493dbc0d41204cc758353249ed917110773758ab2cd43175951e9e6c1,b00bf2ca1d03ceb2ad41eba02ac10bf2ab8c7a30a93937855c8c8d6da698d380,1,https://www.sec.gov/Archives/edgar/data/1001838/000110465926007496/scco-20260127x8k.htm,d889d45b1fdbff74e5e3edb15d6e9819e9ee0813620c548e9dc7bc97f49d68a1,NONE,REVIEW_REQUIRED_EVENT_EVIDENCE,False,refresh_20261009T042704Z_refresh_fundamentals_c7bbcb6dfda4_production_adc49771,2026-10-09T09:00:48Z
1960,2026,Q1,69845,2026-03-31,SCCO,NOT_FOUND,EVENT_SCOPE_REVIEW_REQUIRED,NO_EXPLICIT_RESULTS_PUBLICATION_IN_ITEM_2_02,0001104659-26-051281,8-K,scco-20260428x8k.htm,https://www.sec.gov/Archives/edgar/data/1001838/000110465926051281/scco-20260428x8k.htm,2026-04-29T16:53:59Z,032bb52046750338527e374c30e967609c85c520b7994e63f9cfb58ec4a257d3,81c8311e054e3843229cfd85f44535443fdfc67b1d461fc2767d2e6a5e32eb91,accd5f7a43a75c8958795214bdb277628fbb1d6c76bb1c81b6de06ce61b398d6,1,https://www.sec.gov/Archives/edgar/data/1001838/000110465926051281/scco-20260428x8k.htm,d83ed5cfa2b652ae2dde93e61e29f66356b15669fe929c04caf87bb9eda2807c,NONE,REVIEW_REQUIRED_EVENT_EVIDENCE,False,refresh_20261009T042704Z_refresh_fundamentals_c7bbcb6dfda4_production_adc49771,2026-10-09T09:00:48Z
1960,2026,Q2,69846,2026-06-30,SCCO,NOT_FOUND,EVENT_SCOPE_REVIEW_REQUIRED,NO_EXPLICIT_RESULTS_PUBLICATION_IN_ITEM_2_02,0001104659-26-085515,8-K,scco-20260721x8k.htm,https://www.sec.gov/Archives/edgar/data/1001838/000110465926085515/scco-20260721x8k.htm,2026-07-22T00:51:40Z,7a0b5f0580dd2870e8dcd4cc6e80ef8d2cd987d45884a5c16ed03ac9cebc204a,93297e2fdd4f9a29bc1e940269a171ee242c1a6eee8e40c9d56aec3d8817063f,0931254e5b06c4a38f0edcb300e83d22b89bfb52b2bb0180c85f27ce349f3731,1,https://www.sec.gov/Archives/edgar/data/1001838/000110465926085515/scco-20260721x8k.htm,c560921a8f0bcd6723987f22918025f5436cd194f002c5cb421142df9325d90a,NONE,REVIEW_REQUIRED_EVENT_EVIDENCE,False,refresh_20261009T042704Z_refresh_fundamentals_c7bbcb6dfda4_production_adc49771,2026-10-09T09:00:48Z
1969,2025,Q2,70155,2025-06-30,SDRL,NOT_FOUND,PERIOD_SCOPE_REVIEW_REQUIRED,NO_EXPLICIT_QUARTER_END_MATCH_IN_RETAINED_RESULTS_CONTENT,0001737706-25-000006,8-K,sdrl-20250806.htm,https://www.sec.gov/Archives/edgar/data/1737706/000173770625000006/sdrl-20250806.htm,2025-08-07T00:43:31Z,ab091c850c6c52af37d286264045bd8050568a9f02e03ee3a499ae5184c5497d,267258987a63806f1d4bec4f52f9ec581ff5204888f0a00826424c8619d4e93f,0cba1a25a36e684dec0a5f19793101f6d469f49a00e129f8e90584c071f4765b,1,https://www.sec.gov/Archives/edgar/data/1737706/000173770625000006/sdrl-20250806.htm,c74f9f096d057591670b9b6eb94c1b933e051afe61970d342dfe38992d15a916,NONE,REVIEW_REQUIRED_EVENT_EVIDENCE,False,refresh_20261009T042704Z_refresh_fundamentals_c7bbcb6dfda4_production_adc49771,2026-10-09T09:00:48Z
1969,2025,Q3,70156,2025-09-30,SDRL,NOT_FOUND,PERIOD_SCOPE_REVIEW_REQUIRED,NO_EXPLICIT_QUARTER_END_MATCH_IN_RETAINED_RESULTS_CONTENT,0001737706-25-000015,8-K,sdrl-20251105.htm,https://www.sec.gov/Archives/edgar/data/1737706/000173770625000015/sdrl-20251105.htm,2025-11-06T02:36:21Z,34f90cc446e3c41c7e038ebf8f48aec0becc1e2276b8b63c2ccd8151c9fe9968,0a4aa2c12d66dd81c8eb7a474adcd41e3689916ed3e4f19a2d39a26cd58e6847,80de680fb93305dafa7978e9c4968198e26e464c4aab96cd6aebca71c559e927,1,https://www.sec.gov/Archives/edgar/data/1737706/000173770625000015/sdrl-20251105.htm,b2557bd98bb10860426d9b78779a1189fbcd7770b738d6b4063ad7472f19c3b8,NONE,REVIEW_REQUIRED_EVENT_EVIDENCE,False,refresh_20261009T042704Z_refresh_fundamentals_c7bbcb6dfda4_production_adc49771,2026-10-09T09:00:48Z
1969,2025,Q4,70157,2025-12-31,SDRL,NOT_FOUND,PERIOD_SCOPE_REVIEW_REQUIRED,NO_EXPLICIT_QUARTER_END_MATCH_IN_RETAINED_RESULTS_CONTENT,0001737706-26-000006,8-K,sdrl-20260225.htm,https://www.sec.gov/Archives/edgar/data/1737706/000173770626000006/sdrl-20260225.htm,2026-02-26T02:17:47Z,fa8e09c9cc5af0dd5d5056c41224b4bb003fe4319c11dc43fa86d20e4e2bf7f6,f0b194d2b7c6c36316cab3cc511d2aa5ea3f038bc2e8413a05e91d161aed6171,fe9d261f557749a536944d88fa660c4978308d62becebb76957c1ad778c32ae4,1,https://www.sec.gov/Archives/edgar/data/1737706/000173770626000006/sdrl-20260225.htm,35ed530333967d364ffc6e6ace26582cc754cb5bc988136fc684f85ec1d96762,NONE,REVIEW_REQUIRED_EVENT_EVIDENCE,False,refresh_20261009T042704Z_refresh_fundamentals_c7bbcb6dfda4_production_adc49771,2026-10-09T09:00:48Z
2050,2025,Q1,72833,2025-03-31,SOLV,UNRESOLVED,PROPOSED_REVIEWED_EVENT_OBSERVATION,EXPLICIT_QUARTER_CONSOLIDATED_EARNINGS_STATEMENT_AND_REGISTRANT_RESULTS_ANNOUNCEMENT,0001964738-25-000049,8-K,solv-20250508.htm,https://www.sec.gov/Archives/edgar/data/1964738/000196473825000049/solv-20250508.htm,2025-05-08T20:13:51Z,121d229e4f6bf1887a3a1fa7b5aca15de43968c7223109f6f4e2c14d6b975a21,1a6c436a9a52d38434ed4e37457fcf82629963e362523f5ba0c928786f845150,6a6f05f8cacd5d2c895cee68f4d9dfeb051bf80bca6c5bd7976b0b1769d15b7d,2,https://www.sec.gov/Archives/edgar/data/1964738/000196473825000049/solv-20250508.htm;https://www.sec.gov/Archives/edgar/data/1964738/000196473825000049/q12025-8kerexx991.htm,0e7efffb8f4447879d0d8341a1a0a33f79a760a8ff165aa37ce4eeb00b3dae7a;c74c395bbc3c06616c3c437d5a800aa1a9c970ff756b894130ad2b2f2c99e7fc,NONE,REVIEW_REQUIRED_EVENT_EVIDENCE,False,refresh_20261009T042704Z_refresh_fundamentals_c7bbcb6dfda4_production_adc49771,2026-10-09T09:00:48Z
2050,2025,Q2,72834,2025-06-30,SOLV,UNRESOLVED,PROPOSED_REVIEWED_EVENT_OBSERVATION,EXPLICIT_QUARTER_CONSOLIDATED_EARNINGS_STATEMENT_AND_REGISTRANT_RESULTS_ANNOUNCEMENT,0001964738-25-000062,8-K,solv-20250807.htm,https://www.sec.gov/Archives/edgar/data/1964738/000196473825000062/solv-20250807.htm,2025-08-07T20:12:27Z,c4e1a7cb00b834730a4457f86c4b6beb88f50b9defdf7eb2bbfe9cb2a8cad187,0c5366941642f68aeb85c52a9e37cf130027fcec0b02e6e2d90de88e085ae01a,75413853b24d1760343a4fa02203a17737b0fab46a658b08425b023eeb611188,2,https://www.sec.gov/Archives/edgar/data/1964738/000196473825000062/solv-20250807.htm;https://www.sec.gov/Archives/edgar/data/1964738/000196473825000062/q22025-8kerexx991.htm,c71af055fc8010f2b6acc2b4a6b01ef7612f92ac0e654ff7f48b517d3a6c016c;4d3d4906e54e448584a83cd26730cf2d318c788a8758b58adbe194871b79fa52,NONE,REVIEW_REQUIRED_EVENT_EVIDENCE,False,refresh_20261009T042704Z_refresh_fundamentals_c7bbcb6dfda4_production_adc49771,2026-10-09T09:00:48Z
2050,2025,Q3,72835,2025-09-30,SOLV,UNRESOLVED,PROPOSED_REVIEWED_EVENT_OBSERVATION,EXPLICIT_QUARTER_CONSOLIDATED_EARNINGS_STATEMENT_AND_REGISTRANT_RESULTS_ANNOUNCEMENT,0001964738-25-000089,8-K,solv-20251106.htm,https://www.sec.gov/Archives/edgar/data/1964738/000196473825000089/solv-20251106.htm,2025-11-06T21:11:32Z,f79ea0738ebf9a44004219d56d5701f0a747e1853e3a199ae2f6647c08cb560e,14fef6abbe066943000d831f4796a786c11fbb8f663f9b7745e7e02037ea312f,2df05e9175c65ca8fb1d3839ac8e30dbc674eec2bb8b7e14771725f10284d0d0,2,https://www.sec.gov/Archives/edgar/data/1964738/000196473825000089/solv-20251106.htm;https://www.sec.gov/Archives/edgar/data/1964738/000196473825000089/q32025-8kerexx991.htm,db8c1b5b55e7fd0f1740919b828652e8fde142519ef17c2c8ef67f1c5372b36f;ed5b87114505bb1bce80598af3d310b02b482fc442343f16f0cb82a7666caead,NONE,REVIEW_REQUIRED_EVENT_EVIDENCE,False,refresh_20261009T042704Z_refresh_fundamentals_c7bbcb6dfda4_production_adc49771,2026-10-09T09:00:48Z
2050,2025,Q4,72836,2025-12-31,SOLV,UNRESOLVED,PROPOSED_REVIEWED_EVENT_OBSERVATION,EXPLICIT_QUARTER_CONSOLIDATED_EARNINGS_STATEMENT_AND_REGISTRANT_RESULTS_ANNOUNCEMENT,0001964738-26-000005,8-K,solv-20260226.htm,https://www.sec.gov/Archives/edgar/data/1964738/000196473826000005/solv-20260226.htm,2026-02-26T21:08:05Z,b456a493f9cf7da99d189a47791cb23d4cbde8d7a558ad01791d3eb8b446cf33,a35545e4c85154274c37a25f6d18fd7727206a2ea178dde1261ac1017dddf58d,8aecf4460df6d8356607a407acf2ffd2f986309819071d422b4660d26e4a966f,2,https://www.sec.gov/Archives/edgar/data/1964738/000196473826000005/solv-20260226.htm;https://www.sec.gov/Archives/edgar/data/1964738/000196473826000005/q42025-8kerexx991.htm,5a0c191f1b268c66ed00f9cd1a297e7d81862ed4cd6052b6bfd6f257dc67df23;fe383f4262e352e1dd224a32d587ec5babe9f2ad39b180383d09e30a495f6de5,NONE,REVIEW_REQUIRED_EVENT_EVIDENCE,False,refresh_20261009T042704Z_refresh_fundamentals_c7bbcb6dfda4_production_adc49771,2026-10-09T09:00:48Z
2050,2026,Q1,72837,2026-03-31,SOLV,UNRESOLVED,PROPOSED_REVIEWED_EVENT_OBSERVATION,EXPLICIT_QUARTER_CONSOLIDATED_EARNINGS_STATEMENT_AND_REGISTRANT_RESULTS_ANNOUNCEMENT,0001964738-26-000022,8-K,solv-20260505.htm,https://www.sec.gov/Archives/edgar/data/1964738/000196473826000022/solv-20260505.htm,2026-05-05T20:08:36Z,45be330fb484e65d0f67678b285bfa2a947da72f8e633c08074e8a91f525306c,697a6577fda6f861e2c2210b7b0637c908987496525a7c7e490786bb37b58ce1,e7ad900cc6f6e9083c228e6934d765ddd2453974274b0a48d0759aaa97cff685,2,https://www.sec.gov/Archives/edgar/data/1964738/000196473826000022/solv-20260505.htm;https://www.sec.gov/Archives/edgar/data/1964738/000196473826000022/q12026-8kerexx991.htm,caacc251223dc6bc3eb44c5d29e7b62edbf41693a046917638231001929c5178;320fc3ed11d83b9260df45254451805ea3b28e5c8b9f2c08dbf2b44a1502c8a3,NONE,REVIEW_REQUIRED_EVENT_EVIDENCE,False,refresh_20261009T042704Z_refresh_fundamentals_c7bbcb6dfda4_production_adc49771,2026-10-09T09:00:48Z
2050,2026,Q2,72838,2026-06-30,SOLV,UNRESOLVED,PROPOSED_REVIEWED_EVENT_OBSERVATION,EXPLICIT_QUARTER_CONSOLIDATED_EARNINGS_STATEMENT_AND_REGISTRANT_RESULTS_ANNOUNCEMENT,0001964738-26-000045,8-K,solv-20260805.htm,https://www.sec.gov/Archives/edgar/data/1964738/000196473826000045/solv-20260805.htm,2026-08-05T20:17:48Z,cde0354c713ab86fb72b79990832526cd1f5f60d9701c44ee2925be4d6856ff0,a61e05170e0ec17cdf033e2c20b4f639d67bd515d8291dd7dea04bfc6f2c1cc9,49777d1d93ff37b03eefe2d36f04a747b0646bf381319b033064d0086282b905,2,https://www.sec.gov/Archives/edgar/data/1964738/000196473826000045/solv-20260805.htm;https://www.sec.gov/Archives/edgar/data/1964738/000196473826000045/q22026-8kerexx991.htm,f1f4fc424a2a81f41e56fdb94ba01df564668e26f9ba802b2884a5d11742ae98;69bd0abd7075b632e55748f81c706d126c5972f28eb25bbe2fbedb2cf25459c2,NONE,REVIEW_REQUIRED_EVENT_EVIDENCE,False,refresh_20261009T042704Z_refresh_fundamentals_c7bbcb6dfda4_production_adc49771,2026-10-09T09:00:48Z
2057,2025,Q1,73091,2025-03-31,SPGI,NOT_FOUND,FINANCIAL_SCOPE_REVIEW_REQUIRED,NO_EXPLICIT_QUARTER_CONSOLIDATED_REVENUE_GAAP_NET_AND_BROAD_P_AND_L_PACKAGE,0000064040-25-000122,8-K,spgi-20250429.htm,https://www.sec.gov/Archives/edgar/data/64040/000006404025000122/spgi-20250429.htm,2025-04-29T15:10:18Z,e90048e59088f615fdd7caac727bff31a3e9ea5decb27c40b34414aad513d4fe,38ae0684feffa40b47de2bdce74463e2f6704bd5aaf2b892047ed44dcdd04a27,0705fba497f7d8892f7bcd34c1c967180382314ab509915baa5d36e89472979c,1,https://www.sec.gov/Archives/edgar/data/64040/000006404025000122/spgi-20250429.htm,25c9fd165d4873c215ca8c991a246fabb5a6a1a953e25bb6b3baef0a6107677a,NONE,REVIEW_REQUIRED_EVENT_EVIDENCE,False,refresh_20261009T042704Z_refresh_fundamentals_c7bbcb6dfda4_production_adc49771,2026-10-09T09:00:48Z
2057,2025,Q2,73092,2025-06-30,SPGI,NOT_FOUND,FINANCIAL_SCOPE_REVIEW_REQUIRED,NO_EXPLICIT_QUARTER_CONSOLIDATED_REVENUE_GAAP_NET_AND_BROAD_P_AND_L_PACKAGE,0000064040-25-000143,8-K,spgi-20250731.htm,https://www.sec.gov/Archives/edgar/data/64040/000006404025000143/spgi-20250731.htm,2025-07-31T15:10:22Z,267fb7617423e9026e401f9a26a418c34aa25999a3fa4697d7bed22227c53282,a59bc7852ff3f92f328559dce109a237cabe7b20da0daf2c4eded1ab61c5229c,a12a3cb99a72a1cd6d75cdfd6c87e74f1c62e4096d6ba9599f8b216617ed5199,1,https://www.sec.gov/Archives/edgar/data/64040/000006404025000143/spgi-20250731.htm,a8a82ef465a7488dcaf59ef315422d82f69acb206d908435e7c082ca082fc988,NONE,REVIEW_REQUIRED_EVENT_EVIDENCE,False,refresh_20261009T042704Z_refresh_fundamentals_c7bbcb6dfda4_production_adc49771,2026-10-09T09:00:48Z
2057,2025,Q3,73093,2025-09-30,SPGI,NOT_FOUND,FINANCIAL_SCOPE_REVIEW_REQUIRED,NO_EXPLICIT_QUARTER_CONSOLIDATED_REVENUE_GAAP_NET_AND_BROAD_P_AND_L_PACKAGE,0000064040-25-000163,8-K,spgi-20251030.htm,https://www.sec.gov/Archives/edgar/data/64040/000006404025000163/spgi-20251030.htm,2025-10-30T15:10:23Z,ec005445fc51b51f1a304b0afc072e6539206bebc2fc1009f169ea6b6728c1f5,da5421f6d69eb5a6f0d0c662e41c5b61575665e040d45af7ad53b3e3e9314d37,23b40f6417e08dbff88500a6ded9670f0fe74eac67516992004ff3df3b294281,1,https://www.sec.gov/Archives/edgar/data/64040/000006404025000163/spgi-20251030.htm,52982e8c6ffb77fe5da70234c786b4269bbaccefcc9e1ee2abb1530f0264827a,NONE,REVIEW_REQUIRED_EVENT_EVIDENCE,False,refresh_20261009T042704Z_refresh_fundamentals_c7bbcb6dfda4_production_adc49771,2026-10-09T09:00:48Z
2057,2025,Q4,73094,2025-12-31,SPGI,NOT_FOUND,PERIOD_SCOPE_REVIEW_REQUIRED,NO_EXPLICIT_QUARTER_END_MATCH_IN_RETAINED_RESULTS_CONTENT,0000064040-26-000007,8-K,spgi-20260210.htm,https://www.sec.gov/Archives/edgar/data/64040/000006404026000007/spgi-20260210.htm,2026-02-10T17:10:08Z,7252e35afe94c0299bdd3c4d4a31004b3514459a1160f18e42936b4524595ba0,e2a18f22c81e1d95f0f818a2c08c2307899fcbb217e9c716682f757bedb7164d,1707502f67ab9cd2d483a7fd480f9752344c2a719e25eea3b2cbe097e625385d,1,https://www.sec.gov/Archives/edgar/data/64040/000006404026000007/spgi-20260210.htm,09953e290b075d1e2769839a333e5c2b146373dbc81fbf2d20036252c46374ce,NONE,REVIEW_REQUIRED_EVENT_EVIDENCE,False,refresh_20261009T042704Z_refresh_fundamentals_c7bbcb6dfda4_production_adc49771,2026-10-09T09:00:48Z
2058,2025,Q1,73131,2024-12-28,SPH,UNRESOLVED,FINANCIAL_SCOPE_REVIEW_REQUIRED,NO_EXPLICIT_QUARTER_CONSOLIDATED_REVENUE_GAAP_NET_AND_BROAD_P_AND_L_PACKAGE,0000950170-25-015009,8-K,sph-20250206.htm,https://www.sec.gov/Archives/edgar/data/1005210/000095017025015009/sph-20250206.htm,2025-02-06T17:35:37Z,e4e76beb7540372b557a5bb566fe634a8d12352d8528a042a2c41682d857cffa,98a2dd025f9f14ef2ff74e66880b99cf59564f092324bb6dfc885f81d843420a,be28aa150f4c41c28b07ae48aeaeed3da44a117f2319fd725f4086fb93d5642f,2,https://www.sec.gov/Archives/edgar/data/1005210/000095017025015009/sph-20250206.htm;https://www.sec.gov/Archives/edgar/data/1005210/000095017025015009/sph-ex99_1.htm,de8c241f31a521dbabbacd126ef08ac8523575ab1e502e71ef1c6ff58867171b;8285f966722626f1839bbf5c832249f9377f51c35783d71f1db8fb86dfb54ede,NONE,REVIEW_REQUIRED_EVENT_EVIDENCE,False,refresh_20261009T042704Z_refresh_fundamentals_c7bbcb6dfda4_production_adc49771,2026-10-09T09:00:48Z
2058,2025,Q2,73132,2025-03-29,SPH,UNRESOLVED,FINANCIAL_SCOPE_REVIEW_REQUIRED,NO_EXPLICIT_QUARTER_CONSOLIDATED_REVENUE_GAAP_NET_AND_BROAD_P_AND_L_PACKAGE,0000950170-25-066399,8-K,sph-20250508.htm,https://www.sec.gov/Archives/edgar/data/1005210/000095017025066399/sph-20250508.htm,2025-05-08T15:42:00Z,4b59d13d461175cc56a41749deaf3551abe20790aa54914ec56949a01d419117,dc77a5ed35923482c7f12305822d613bb09f795792a4f762910dc9b4b6c2c37e,f4b1fbfab6bd03023448604164fd13a6efeeb689a77d045ae8ca29d49ae6a9cf,2,https://www.sec.gov/Archives/edgar/data/1005210/000095017025066399/sph-20250508.htm;https://www.sec.gov/Archives/edgar/data/1005210/000095017025066399/sph-ex99_1.htm,824d5f8633dfa27b2f890cf150652a2f8ed0e1b39918cfb966a25964449d502c;8a1f38ced88b0052ad69e1384aa365438bea9f2b4b46b73c2ebc52ed5151003b,NONE,REVIEW_REQUIRED_EVENT_EVIDENCE,False,refresh_20261009T042704Z_refresh_fundamentals_c7bbcb6dfda4_production_adc49771,2026-10-09T09:00:48Z
2058,2025,Q3,73133,2025-06-28,SPH,UNRESOLVED,FINANCIAL_SCOPE_REVIEW_REQUIRED,NO_EXPLICIT_QUARTER_CONSOLIDATED_REVENUE_GAAP_NET_AND_BROAD_P_AND_L_PACKAGE,0000950170-25-104606,8-K,sph-20250807.htm,https://www.sec.gov/Archives/edgar/data/1005210/000095017025104606/sph-20250807.htm,2025-08-07T16:21:30Z,a0b641c9e2010a6d22243fa3bc9baca79adda7b95487da10f60f94cadc3720a3,907a56eaacd87c0c54d6b906692872a90b1755cce8d83e185fc3bd1e72394918,509c4bacd87b7957dad7db6d1d6ed86cef42c0ac526e18b79ea198de064cf2a1,2,https://www.sec.gov/Archives/edgar/data/1005210/000095017025104606/sph-20250807.htm;https://www.sec.gov/Archives/edgar/data/1005210/000095017025104606/sph-ex99_1.htm,f5b8da6493290f46b5699f36ec9b0365d8d3f93de0318c8fab29089e0bad5038;c4b911f9c4f04530cc77aff10c7f4a4bb1251eb00509d00d27dda865d787e711,NONE,REVIEW_REQUIRED_EVENT_EVIDENCE,False,refresh_20261009T042704Z_refresh_fundamentals_c7bbcb6dfda4_production_adc49771,2026-10-09T09:00:48Z
2058,2025,Q4,73134,2025-09-27,SPH,UNRESOLVED,FINANCIAL_SCOPE_REVIEW_REQUIRED,NO_EXPLICIT_QUARTER_CONSOLIDATED_REVENUE_GAAP_NET_AND_BROAD_P_AND_L_PACKAGE,0001193125-25-279017,8-K,sph-20251113.htm,https://www.sec.gov/Archives/edgar/data/1005210/000119312525279017/sph-20251113.htm,2025-11-13T17:54:19Z,d77839935f3516a762419d7b318b69a491857abc16a058fd4589939646052c66,489f9033990b281e81eed7cd688e8b552e93754af615f69ce633a0e2a623094c,8925d81b142ef82b9689e2f35488f29e8e2abe83ce47a6cb76aae53b75fb07c2,2,https://www.sec.gov/Archives/edgar/data/1005210/000119312525279017/sph-20251113.htm;https://www.sec.gov/Archives/edgar/data/1005210/000119312525279017/sph-ex99_1.htm,76cad3f58564636e3e10f9f01a7d53856e6fcdd00f6dad95a47e158635df55d1;7bb58274ac699d1085ebacac9a5844d0adf174315a93878ad246fd005a6e5dd5,NONE,REVIEW_REQUIRED_EVENT_EVIDENCE,False,refresh_20261009T042704Z_refresh_fundamentals_c7bbcb6dfda4_production_adc49771,2026-10-09T09:00:48Z
2058,2026,Q1,73135,2025-12-27,SPH,UNRESOLVED,FINANCIAL_SCOPE_REVIEW_REQUIRED,NO_EXPLICIT_QUARTER_CONSOLIDATED_REVENUE_GAAP_NET_AND_BROAD_P_AND_L_PACKAGE,0001193125-26-038543,8-K,sph-20260205.htm,https://www.sec.gov/Archives/edgar/data/1005210/000119312526038543/sph-20260205.htm,2026-02-05T18:20:04Z,cf500dba01df2e202e99edc326d1c9a0d05d588b2a6e3ab53ff7a57422249c2e,cbb7913584b9808e30be8dc86a5c716dfe4e3c619c59fe44a810fefc5f4da00a,d8bd38d97baea80803c7d2c9997a6387759651a42328f1b3d45f8b4d13993418,2,https://www.sec.gov/Archives/edgar/data/1005210/000119312526038543/sph-20260205.htm;https://www.sec.gov/Archives/edgar/data/1005210/000119312526038543/sph-ex99_1.htm,b3224f494557c970977165845d8bedd408fe4eff6ae61b9a46ef9b8628129862;91d139d9be8005cafa05db06ae467c5461873db336f03e1aebf51e3bd75e61aa,NONE,REVIEW_REQUIRED_EVENT_EVIDENCE,False,refresh_20261009T042704Z_refresh_fundamentals_c7bbcb6dfda4_production_adc49771,2026-10-09T09:00:48Z
2058,2026,Q2,73136,2026-03-28,SPH,UNRESOLVED,FINANCIAL_SCOPE_REVIEW_REQUIRED,NO_EXPLICIT_QUARTER_CONSOLIDATED_REVENUE_GAAP_NET_AND_BROAD_P_AND_L_PACKAGE,0001193125-26-210425,8-K,sph-20260507.htm,https://www.sec.gov/Archives/edgar/data/1005210/000119312526210425/sph-20260507.htm,2026-05-07T16:14:13Z,bb1a090c409770cdc496d70adb6a570c891a48b26f1c33de5e58bb3c9449aa6a,124318fbc15795ecc0a9afed0f272b971b57ce34911470090e0996c0836dcfbf,2763fd70a2fa94ee1c50df1595adaf2047e94a4baa4d2f4e897ace2eb030cd10,2,https://www.sec.gov/Archives/edgar/data/1005210/000119312526210425/sph-20260507.htm;https://www.sec.gov/Archives/edgar/data/1005210/000119312526210425/sph-ex99_1.htm,6efe98769f2d18e6834b7003d4ad8744be9496fcca13a52bae775c12c1923f29;6e8c5d93fe5cf5e4d1949cf6dd6fcb9a953429a3958b1444746875f4fa8bd657,NONE,REVIEW_REQUIRED_EVENT_EVIDENCE,False,refresh_20261009T042704Z_refresh_fundamentals_c7bbcb6dfda4_production_adc49771,2026-10-09T09:00:48Z
2058,2026,Q3,73137,2026-06-27,SPH,UNRESOLVED,FINANCIAL_SCOPE_REVIEW_REQUIRED,NO_EXPLICIT_QUARTER_CONSOLIDATED_REVENUE_GAAP_NET_AND_BROAD_P_AND_L_PACKAGE,0001005210-26-000010,8-K,sph-20260806.htm,https://www.sec.gov/Archives/edgar/data/1005210/000100521026000010/sph-20260806.htm,2026-08-06T15:56:14Z,40e1ed15e82e0d4c15ba5d12cd86607b00fe3e855f23393fc90df4d079fb05d2,20ebbd608a37609d16e08eafc6118af9e7bbcde2b21d765243fd750cdce5648e,cbf316b33fc1cefdbb3492291a86cd536206a47b82c2dafa0ea8fee35dbd6bff,2,https://www.sec.gov/Archives/edgar/data/1005210/000100521026000010/sph-20260806.htm;https://www.sec.gov/Archives/edgar/data/1005210/000100521026000010/sph-ex99_1.htm,281a33d86f663e4a6ed6860c354796c5efc238b4c229b852c4b615893a37555d;51d66e9eaaabea88baf05c9c1eda42e72b51031cdbc4727e090fab09ca56c01a,NONE,REVIEW_REQUIRED_EVENT_EVIDENCE,False,refresh_20261009T042704Z_refresh_fundamentals_c7bbcb6dfda4_production_adc49771,2026-10-09T09:00:48Z
2078,2025,Q1,73804,2025-03-31,SRTA,NOT_FOUND,FINANCIAL_SCOPE_REVIEW_REQUIRED,NO_EXPLICIT_QUARTER_CONSOLIDATED_REVENUE_GAAP_NET_AND_BROAD_P_AND_L_PACKAGE,0001779128-25-000039,8-K,blde-20250512.htm,https://www.sec.gov/Archives/edgar/data/1779128/000177912825000039/blde-20250512.htm,2025-05-12T11:05:42Z,33071ce0d112c8f0ac294dbd4b649497f788923ebee77245ded71c8fd48362f7,6cafd580251dc9b6fe79751fd6b7d0e5976a92248bfb7438c1ff12f6f563ec59,625949d625c52c18d46f748d7bc72b8e4c617ef6e74256860bc468e4eaf489a2,1,https://www.sec.gov/Archives/edgar/data/1779128/000177912825000039/blde-20250512.htm,f23bf3d719e5b029679a3c4a4730aaae756df913097e363184b1279df68536b2,NONE,REVIEW_REQUIRED_EVENT_EVIDENCE,False,refresh_20261009T042704Z_refresh_fundamentals_c7bbcb6dfda4_production_adc49771,2026-10-09T09:00:48Z
2079,2025,Q1,73845,2025-03-31,SRTS,NOT_FOUND,PERIOD_SCOPE_REVIEW_REQUIRED,NO_EXPLICIT_QUARTER_END_MATCH_IN_RETAINED_RESULTS_CONTENT,0001753926-25-000851,8-K,g084817_8k.htm,https://www.sec.gov/Archives/edgar/data/1494891/000175392625000851/g084817_8k.htm,2025-05-15T20:12:05Z,1f783851f9befd4108948437f91265add1bbe269f70b37d13ae836efed51c5b9,dea027eba46faa88c950b27d9991b3f77835c8a42071a67947a5d31ad863c346,18a9fb4e3229d0e2791a423651fc23f8075173eafe7b53c7c950f6cc01c9094c,1,https://www.sec.gov/Archives/edgar/data/1494891/000175392625000851/g084817_8k.htm,84ff0800fcd3bb9935b75e6d07d7571fde6493297b706bef21e50f7b44332d2e,NONE,REVIEW_REQUIRED_EVENT_EVIDENCE,False,refresh_20261009T042704Z_refresh_fundamentals_c7bbcb6dfda4_production_adc49771,2026-10-09T09:00:48Z
2079,2025,Q2,73846,2025-06-30,SRTS,NOT_FOUND,FINANCIAL_SCOPE_REVIEW_REQUIRED,NO_EXPLICIT_QUARTER_CONSOLIDATED_REVENUE_GAAP_NET_AND_BROAD_P_AND_L_PACKAGE,0001753926-25-001254,8-K,g084908_8k.htm,https://www.sec.gov/Archives/edgar/data/1494891/000175392625001254/g084908_8k.htm,2025-08-07T20:12:40Z,bbe29593b9b3f7d6feaedcda4c51f50d9b74ef7f2c81e4638ab4eb93db070aff,fe1e759854b3442007dee94e21f84ee1cf208df0a3743d22c6eb59c7c28ab77e,aea218a956c206929a4b920c2d0bee8036935706b4fd0c083109c9ed827a4606,1,https://www.sec.gov/Archives/edgar/data/1494891/000175392625001254/g084908_8k.htm,d4786676a9c9d80107d481723efe60fd87d04ac3fdb0c295330e8c005a269ca4,NONE,REVIEW_REQUIRED_EVENT_EVIDENCE,False,refresh_20261009T042704Z_refresh_fundamentals_c7bbcb6dfda4_production_adc49771,2026-10-09T09:00:48Z
2079,2025,Q3,73847,2025-09-30,SRTS,NOT_FOUND,FINANCIAL_SCOPE_REVIEW_REQUIRED,NO_EXPLICIT_QUARTER_CONSOLIDATED_REVENUE_GAAP_NET_AND_BROAD_P_AND_L_PACKAGE,0001753926-25-001710,8-K,g084998_8k.htm,https://www.sec.gov/Archives/edgar/data/1494891/000175392625001710/g084998_8k.htm,2025-11-06T21:15:45Z,a5640d7c47c2491113809d7d90c4cbc4e84ca171b34159d5eea6219ae5bb92a2,fd45fdf38483a8d91df075ce4840a818ebb43d3dc8cd15f3293fb95fcac13c1e,7c4c156dca9bdae73a8462b76ca8c493bce66949cf4125b2ee68d39c51ea21dc,1,https://www.sec.gov/Archives/edgar/data/1494891/000175392625001710/g084998_8k.htm,5144cde3e62c12fa3a1c7a88d7a58a1a21c72562f3ba486083adf91114886403,NONE,REVIEW_REQUIRED_EVENT_EVIDENCE,False,refresh_20261009T042704Z_refresh_fundamentals_c7bbcb6dfda4_production_adc49771,2026-10-09T09:00:48Z
2079,2025,Q4,73848,2025-12-31,SRTS,NOT_FOUND,PERIOD_SCOPE_REVIEW_REQUIRED,NO_EXPLICIT_QUARTER_END_MATCH_IN_RETAINED_RESULTS_CONTENT,0001753926-26-000315,8-K,g085130_8k.htm,https://www.sec.gov/Archives/edgar/data/1494891/000175392626000315/g085130_8k.htm,2026-02-12T21:09:22Z,59ef487cf2ac6a666723d1674a9761584aab6f17bbb9f793d9edfe47f632eabb,2e26d215dde5ba1afbe9096cc9e322c220f4f1531277ea034a08a2c5406627b8,a17968d92d0b117b9f065ec30b284ec326b16ff221290924b53b606f6e55c8e5,1,https://www.sec.gov/Archives/edgar/data/1494891/000175392626000315/g085130_8k.htm,c8fdcfff0b54f5f5b0e9808571663800100e11da8c261e4ac25def2e42d79acc,NONE,REVIEW_REQUIRED_EVENT_EVIDENCE,False,refresh_20261009T042704Z_refresh_fundamentals_c7bbcb6dfda4_production_adc49771,2026-10-09T09:00:48Z
2110,2025,Q1,75009,2024-07-31,SWBI,UNRESOLVED,FINANCIAL_SCOPE_REVIEW_REQUIRED,NO_EXPLICIT_QUARTER_CONSOLIDATED_REVENUE_GAAP_NET_AND_BROAD_P_AND_L_PACKAGE,0001193125-24-214184,8-K,d889907d8k.htm,https://www.sec.gov/Archives/edgar/data/1092796/000119312524214184/d889907d8k.htm,2024-09-05T20:05:54Z,7fd736845ee65f5ded30f438d4d48c7d1c0e9516e0808f43872fba3df0cd5359,cb2430f5ee8f33a1126ea4a4f1e489c8c58bdf10e0903c664ab457a551ac191a,fcc31a755f39e5d3f12b91bfe610b648f215f5b70a67b7d414e0cb0147b0f7c1,2,https://www.sec.gov/Archives/edgar/data/1092796/000119312524214184/d889907d8k.htm;https://www.sec.gov/Archives/edgar/data/1092796/000119312524214184/d889907dex991.htm,1d9c2681f1601d64f1f48bd4fe6322095c4d29457d08b1a8ce713eae4130cee7;b28f5213ca0139dc3c632605f386b4ebaadc58ff2d815bff9a08b203a235b37c,NONE,REVIEW_REQUIRED_EVENT_EVIDENCE,False,refresh_20261009T042704Z_refresh_fundamentals_c7bbcb6dfda4_production_adc49771,2026-10-09T09:00:48Z
2110,2025,Q2,75010,2024-10-31,SWBI,UNRESOLVED,PROPOSED_REVIEWED_EVENT_OBSERVATION,EXPLICIT_QUARTER_CONSOLIDATED_EARNINGS_STATEMENT_AND_REGISTRANT_RESULTS_ANNOUNCEMENT,0001193125-24-271518,8-K,d915227d8k.htm,https://www.sec.gov/Archives/edgar/data/1092796/000119312524271518/d915227d8k.htm,2024-12-05T21:08:32Z,ffb60473b47945f516cd3cb098326cc4c30225a09c77bc28bcf6fe48342bd8ee,eb6025d152b9ce32e2bc60b59ecb00efd2a8e222a0d50ee02fdae85f70c9d90d,f071468fa05a5a4a72ec6103fc6f44837a5d2e2e95ef9a25ddfb30171b8d987e,2,https://www.sec.gov/Archives/edgar/data/1092796/000119312524271518/d915227d8k.htm;https://www.sec.gov/Archives/edgar/data/1092796/000119312524271518/d915227dex991.htm,0f53603d4900b7cbb5e132e0b15959320f56b5f86a24680c6073653a3a26256e;0678fc32b4c0fb09f40fc802e060134f7f96b8317cabafa0463b9ddf56ec5750,NONE,REVIEW_REQUIRED_EVENT_EVIDENCE,False,refresh_20261009T042704Z_refresh_fundamentals_c7bbcb6dfda4_production_adc49771,2026-10-09T09:00:48Z
2110,2025,Q3,75011,2025-01-31,SWBI,UNRESOLVED,PROPOSED_REVIEWED_EVENT_OBSERVATION,EXPLICIT_QUARTER_CONSOLIDATED_EARNINGS_STATEMENT_AND_REGISTRANT_RESULTS_ANNOUNCEMENT,0001193125-25-048413,8-K,d894656d8k.htm,https://www.sec.gov/Archives/edgar/data/1092796/000119312525048413/d894656d8k.htm,2025-03-06T21:05:38Z,81e7891a61ca9816a8d70ec8884006179e7c4077f54ebe2f598abe7ae6edb412,fdd05460442c4fcdfacb50691627c10ded2c8db5869525f338268f99a14bbe13,29f1a63bbed450b1fc0ca44ae98d4bd3fbed27a91c0ea494f64555ffb7d21d94,2,https://www.sec.gov/Archives/edgar/data/1092796/000119312525048413/d894656d8k.htm;https://www.sec.gov/Archives/edgar/data/1092796/000119312525048413/d894656dex991.htm,22d6a83f187a02c5d633549de1f97f313a0bde960eaee5f951708f2cc705c9f9;d4605e7a7cebc947b4987aaa099722762f5626ec7604a54b4cc28252ea68fab2,NONE,REVIEW_REQUIRED_EVENT_EVIDENCE,False,refresh_20261009T042704Z_refresh_fundamentals_c7bbcb6dfda4_production_adc49771,2026-10-09T09:00:48Z
2110,2025,Q4,75012,2025-04-30,SWBI,UNRESOLVED,PROPOSED_REVIEWED_EVENT_OBSERVATION,EXPLICIT_QUARTER_CONSOLIDATED_EARNINGS_STATEMENT_AND_REGISTRANT_RESULTS_ANNOUNCEMENT,0001193125-25-142704,8-K,d19177d8k.htm,https://www.sec.gov/Archives/edgar/data/1092796/000119312525142704/d19177d8k.htm,2025-06-18T20:05:38Z,0e0065e35cec7f633f92fb644787bb539fe0fc095afe7b211eaad4e69e6e45ce,294050a0a50e281cd470fd9134f79bcbffc2baba519fc34a13232f59bd7f7617,56c6737ef801a360d2038821935993ca183589eca26821b5975df357e1f03091,2,https://www.sec.gov/Archives/edgar/data/1092796/000119312525142704/d19177d8k.htm;https://www.sec.gov/Archives/edgar/data/1092796/000119312525142704/d19177dex991.htm,92a09a382dfdf4ecb0174e500c4fd78111aace72a6b0ba68acdaefa5e1d5eeee;8c597dc2dcc52d75ae7806d066a08a9fdf6a27902258955a195a5b479918c98d,NONE,REVIEW_REQUIRED_EVENT_EVIDENCE,False,refresh_20261009T042704Z_refresh_fundamentals_c7bbcb6dfda4_production_adc49771,2026-10-09T09:00:48Z
2110,2026,Q1,75013,2025-07-31,SWBI,UNRESOLVED,PROPOSED_REVIEWED_EVENT_OBSERVATION,EXPLICIT_QUARTER_CONSOLIDATED_EARNINGS_STATEMENT_AND_REGISTRANT_RESULTS_ANNOUNCEMENT,0001193125-25-196031,8-K,d24388d8k.htm,https://www.sec.gov/Archives/edgar/data/1092796/000119312525196031/d24388d8k.htm,2025-09-04T20:06:24Z,28d7b7d77ecb6bdc1833cd3da0f591698392663b539c133fbae4f17ef27d832f,fbd30338c4442b83e870f564cff30604648d8a85578894d0dcbfbf251c7b5888,227d9faa3ae1b8a08f888580c6c2840a038c4983ae949f5f4a5d476886bf0e06,2,https://www.sec.gov/Archives/edgar/data/1092796/000119312525196031/d24388d8k.htm;https://www.sec.gov/Archives/edgar/data/1092796/000119312525196031/d24388dex991.htm,cbff6d4d41c72af06c38b41fcec25dec4e1f61af41451d29e366892bb1a8004b;8d27c6a26a3a7a41fefa8aae1ab8a3354cf8af743415fd39124a946fe730eda0,NONE,REVIEW_REQUIRED_EVENT_EVIDENCE,False,refresh_20261009T042704Z_refresh_fundamentals_c7bbcb6dfda4_production_adc49771,2026-10-09T09:00:48Z
2110,2026,Q2,75014,2025-10-31,SWBI,UNRESOLVED,FINANCIAL_SCOPE_REVIEW_REQUIRED,NO_EXPLICIT_QUARTER_CONSOLIDATED_REVENUE_GAAP_NET_AND_BROAD_P_AND_L_PACKAGE,0001193125-25-308078,8-K,d124610d8k.htm,https://www.sec.gov/Archives/edgar/data/1092796/000119312525308078/d124610d8k.htm,2025-12-04T21:06:22Z,b5c62c296fdac32463da7a92169d1dfdee7ea0ae34767d532a3dad344638f0ab,a3c23f02dac6980557aa260bc5512f3c348245aa7c9c61ea191997238ec02e2a,c81de19b28f937d132f7ae45df9199a832ef052249f3b5642d682493e3e7283a,2,https://www.sec.gov/Archives/edgar/data/1092796/000119312525308078/d124610d8k.htm;https://www.sec.gov/Archives/edgar/data/1092796/000119312525308078/d124610dex991.htm,a31c4334dd0646bd4d2e540b075753d25d1483b7f41be891327aaeb42078d6b3;d3228ee0c281fc5836001105edc2e075d6e809bfe875bd5f6ccd374bf5263e9d,NONE,REVIEW_REQUIRED_EVENT_EVIDENCE,False,refresh_20261009T042704Z_refresh_fundamentals_c7bbcb6dfda4_production_adc49771,2026-10-09T09:00:48Z
2110,2026,Q3,75015,2026-01-31,SWBI,UNRESOLVED,PROPOSED_REVIEWED_EVENT_OBSERVATION,EXPLICIT_QUARTER_CONSOLIDATED_EARNINGS_STATEMENT_AND_REGISTRANT_RESULTS_ANNOUNCEMENT,0001193125-26-093923,8-K,d120095d8k.htm,https://www.sec.gov/Archives/edgar/data/1092796/000119312526093923/d120095d8k.htm,2026-03-05T21:05:58Z,1de34e018b315539773ac41434f84cef97b85058b129144eb55a53391ccea76c,28e45a4d8d4f5c3e330303f149a2772b5c15f993478af8f1109c6c96f50b233e,b26b49a5aee36ebdbaf2dd2772770b3907ca050577fd2d24636b5caf4eb071e2,2,https://www.sec.gov/Archives/edgar/data/1092796/000119312526093923/d120095d8k.htm;https://www.sec.gov/Archives/edgar/data/1092796/000119312526093923/d120095dex991.htm,89a03e3c6b387c545d4c922b081d5c4c9bda7328becd606e63c76713f3a58dbe;d8b0c928d6cd72d5d68e560a9169ed967275539413f634ff09121f9bbb786440,NONE,REVIEW_REQUIRED_EVENT_EVIDENCE,False,refresh_20261009T042704Z_refresh_fundamentals_c7bbcb6dfda4_production_adc49771,2026-10-09T09:00:48Z
2115,2025,Q1,75199,2025-03-31,SXC,NOT_FOUND,PERIOD_SCOPE_REVIEW_REQUIRED,NO_EXPLICIT_QUARTER_END_MATCH_IN_RETAINED_RESULTS_CONTENT,0001628280-25-020823,8-K,sxc-20250430.htm,https://www.sec.gov/Archives/edgar/data/1514705/000162828025020823/sxc-20250430.htm,2025-04-30T16:28:44Z,60f95c23d1cb49003706700ee58f108a6dd21ed415776e3dd501b8e69205f07e,36bb65b01b990c8dc555b6d64815142f661175173f4e1dc03ede3e83c51634c2,d9d0788c30fa827e6bf7ccbf9f27eec1ad45fc177997e0d1343f506d3888d30e,1,https://www.sec.gov/Archives/edgar/data/1514705/000162828025020823/sxc-20250430.htm,23c1b9d3eab908c921ba0d0cbfefe8c86a72e92641797035127bf664a4e7cadc,NONE,REVIEW_REQUIRED_EVENT_EVIDENCE,False,refresh_20261009T042704Z_refresh_fundamentals_c7bbcb6dfda4_production_adc49771,2026-10-09T09:00:48Z
2115,2025,Q2,75200,2025-06-30,SXC,NOT_FOUND,PERIOD_SCOPE_REVIEW_REQUIRED,NO_EXPLICIT_QUARTER_END_MATCH_IN_RETAINED_RESULTS_CONTENT,0001514705-25-000017,8-K,sxc-20250730.htm,https://www.sec.gov/Archives/edgar/data/1514705/000151470525000017/sxc-20250730.htm,2025-07-30T16:00:51Z,482af8dd8efb7ad3eb4e784c50e2cbd8ccb0308ea0d2bba4646b971f533bdb0a,f804bd012217e5eb563283cc2eb30f2cf58d9789762b15c514e695ae9840c254,1324fa484ba095589fabc2738c4f6e1ca686b1a36ea9363f30a2bc74fbc2fe45,1,https://www.sec.gov/Archives/edgar/data/1514705/000151470525000017/sxc-20250730.htm,9d36d039a6c54c22428d242dbd45dbe72b18a994e81172caf8728a2b979bd83e,NONE,REVIEW_REQUIRED_EVENT_EVIDENCE,False,refresh_20261009T042704Z_refresh_fundamentals_c7bbcb6dfda4_production_adc49771,2026-10-09T09:00:48Z
2115,2025,Q3,75201,2025-09-30,SXC,NOT_FOUND,PERIOD_SCOPE_REVIEW_REQUIRED,NO_EXPLICIT_QUARTER_END_MATCH_IN_RETAINED_RESULTS_CONTENT,0001514705-25-000034,8-K,sxc-20251104.htm,https://www.sec.gov/Archives/edgar/data/1514705/000151470525000034/sxc-20251104.htm,2025-11-04T19:24:54Z,29bf6bd9fc59282c505352f2aade2880a2cf445bb995704d9f39cfa51a8fd2dc,fed954068d9b45e91f7c472eef56a054ca875b372c9d8977353fa417629eda37,67fa8d438c0e4bd8f304df8cf8cc8487391719bdcb80eff091c4443e909bf596,1,https://www.sec.gov/Archives/edgar/data/1514705/000151470525000034/sxc-20251104.htm,3255067c3fcccd2db5e68fc69a9bc8ff5e6aa70f71ff7cdeab622f01a3c2e660,NONE,REVIEW_REQUIRED_EVENT_EVIDENCE,False,refresh_20261009T042704Z_refresh_fundamentals_c7bbcb6dfda4_production_adc49771,2026-10-09T09:00:48Z
2115,2025,Q4,75202,2025-12-31,SXC,NOT_FOUND,FINANCIAL_SCOPE_REVIEW_REQUIRED,NO_EXPLICIT_QUARTER_CONSOLIDATED_REVENUE_GAAP_NET_AND_BROAD_P_AND_L_PACKAGE,0001514705-26-000007,8-K,sxc-20260217.htm,https://www.sec.gov/Archives/edgar/data/1514705/000151470526000007/sxc-20260217.htm,2026-02-17T19:14:20Z,8827eea585cda68c0492bec3069ed23fda83f2d4f7aeaa2af8b877bece831973,4299adf0bf768744d5d29aeb09c71b1daaa4096a83379f2b94b7dbba4897c7d6,d5e53d8dc3aa9bf27fec199dabceb6983bcec4f6ed6fd5b41bb897acb9f744a5,3,https://www.sec.gov/Archives/edgar/data/1514705/000151470526000007/sxc-20260217.htm;https://www.sec.gov/Archives/edgar/data/1514705/000151470526000007/sxcearningsrelease10k2025.htm;https://www.sec.gov/Archives/edgar/data/1514705/000151470526000007/q4_2025sxcearningsdeckxv.htm,a0871a21c00d4cf12b65040f6c7fce0fef9865b5a1a55b85bf871613fd6b361e;97d06e56f4f0e12a6d5ff6adee48d60bfc4ae7b4e5950e60c979c1566da0518b;66ee506b18e5705dd3b555a037e180dcbfb6b0c0819178b29078002d36e429dd,NONE,REVIEW_REQUIRED_EVENT_EVIDENCE,False,refresh_20261009T042704Z_refresh_fundamentals_c7bbcb6dfda4_production_adc49771,2026-10-09T09:00:48Z
2115,2026,Q1,75203,2026-03-31,SXC,NOT_FOUND,PERIOD_SCOPE_REVIEW_REQUIRED,NO_EXPLICIT_QUARTER_END_MATCH_IN_RETAINED_RESULTS_CONTENT,0001514705-26-000019,8-K,sxc-20260430.htm,https://www.sec.gov/Archives/edgar/data/1514705/000151470526000019/sxc-20260430.htm,2026-04-30T18:29:24Z,bedeff7db52b6f5787e9d4a615f7ed81e7e48368cbd1a7b511697730b18081da,82ceb2976a99a7e465c6cddc73ab748dad1b9a5f75558407c81df04e5aa9c9c5,ad97594e430d39e309e81d6b2ac5154ca031dcb51ef9be29acb12daa1f27d2d9,1,https://www.sec.gov/Archives/edgar/data/1514705/000151470526000019/sxc-20260430.htm,dd767f0cff76a936f97cbb2b3dc3a1a41b746a02e6fcdf8e2e995d2d0bf88bb9,NONE,REVIEW_REQUIRED_EVENT_EVIDENCE,False,refresh_20261009T042704Z_refresh_fundamentals_c7bbcb6dfda4_production_adc49771,2026-10-09T09:00:48Z
2115,2026,Q2,75204,2026-06-30,SXC,NOT_FOUND,PERIOD_SCOPE_REVIEW_REQUIRED,NO_EXPLICIT_QUARTER_END_MATCH_IN_RETAINED_RESULTS_CONTENT,0001514705-26-000032,8-K,sxc-20260730.htm,https://www.sec.gov/Archives/edgar/data/1514705/000151470526000032/sxc-20260730.htm,2026-07-30T17:25:26Z,4cf0eb3ee2d6ede325de10d10e1c90a83ba075e9ca53d06e4646739d304c9999,8267f6ac06c07dcee77cd2e72c7c58e6336b96e46147f71ef0fdf839c09e8f65,602c099987d20365bde0a0ffd8b5e155741383487ec03d70d18c8ee9e53dc9a4,1,https://www.sec.gov/Archives/edgar/data/1514705/000151470526000032/sxc-20260730.htm,ea09d0d2c4b3809f245b4ff109d7b56e45578ef055b651c63a0d4afae7b5aa44,NONE,REVIEW_REQUIRED_EVENT_EVIDENCE,False,refresh_20261009T042704Z_refresh_fundamentals_c7bbcb6dfda4_production_adc49771,2026-10-09T09:00:48Z
2131,2025,Q1,75740,2025-03-31,TBCH,NOT_FOUND,FINANCIAL_SCOPE_REVIEW_REQUIRED,NO_EXPLICIT_QUARTER_CONSOLIDATED_REVENUE_GAAP_NET_AND_BROAD_P_AND_L_PACKAGE,0000950170-25-067080,8-K,tbch-20250508.htm,https://www.sec.gov/Archives/edgar/data/1493761/000095017025067080/tbch-20250508.htm,2025-05-08T20:30:17Z,d7443bb0c747e54478a6a5cd8869ec9269328b9cfce243757ecfc400b0710880,2b698b107ab5d605f3158acf4bbf268b11a2dc467fc1f63aa638e8e9ad4ee885,51d66bc02f37e95fe9c3ea9b24c32977753f9ccd47ba73c7f52c017fd98f7f65,1,https://www.sec.gov/Archives/edgar/data/1493761/000095017025067080/tbch-20250508.htm,5c2422d2c14b7d787cc6b3a4da6b98263f329da7963ac9de7c1ba5765936f918,NONE,REVIEW_REQUIRED_EVENT_EVIDENCE,False,refresh_20261009T042704Z_refresh_fundamentals_c7bbcb6dfda4_production_adc49771,2026-10-09T09:00:48Z
2131,2025,Q2,75741,2025-06-30,TBCH,NOT_FOUND,FINANCIAL_SCOPE_REVIEW_REQUIRED,NO_EXPLICIT_QUARTER_CONSOLIDATED_REVENUE_GAAP_NET_AND_BROAD_P_AND_L_PACKAGE,0001193125-25-175441,8-K,tbch-20250807.htm,https://www.sec.gov/Archives/edgar/data/1493761/000119312525175441/tbch-20250807.htm,2025-08-07T20:16:58Z,14af14a1dc418e3b29d0b1cb9f2cc75da69990b4f481c9a861ab14e7562b59e0,f6ae3db05ba7a13ab68ac771c5514ac51dd922aa95867f029d665aefb15a9ed2,cf1d7db11923de6d281d9feea79c0e0400d12dcb2303770b091df6334c1de194,1,https://www.sec.gov/Archives/edgar/data/1493761/000119312525175441/tbch-20250807.htm,cc999f918ba433898895aab69f41d1e109401bcc01485f1e786862825682b358,NONE,REVIEW_REQUIRED_EVENT_EVIDENCE,False,refresh_20261009T042704Z_refresh_fundamentals_c7bbcb6dfda4_production_adc49771,2026-10-09T09:00:48Z
2131,2025,Q3,75742,2025-09-30,TBCH,NOT_FOUND,FINANCIAL_SCOPE_REVIEW_REQUIRED,NO_EXPLICIT_QUARTER_CONSOLIDATED_REVENUE_GAAP_NET_AND_BROAD_P_AND_L_PACKAGE,0001193125-25-269591,8-K,tbch-20251106.htm,https://www.sec.gov/Archives/edgar/data/1493761/000119312525269591/tbch-20251106.htm,2025-11-06T21:17:20Z,3a6fd16e6d2a5629ebef25fb27628dc27875837e8d3c3f1e56c6672cb93e8791,d307efe8f03b686c9c3bee3292f1356204efbe249b7377a9efa2559824c9ae89,c99ccfc0a3e73ba5a05a5b911a8449504b8cbc241ff2877bb55027a963452ff6,1,https://www.sec.gov/Archives/edgar/data/1493761/000119312525269591/tbch-20251106.htm,5fc5a92e9c7f2b02848793c8e52215b3c734f965baed80a276d3138c2e7b65f1,NONE,REVIEW_REQUIRED_EVENT_EVIDENCE,False,refresh_20261009T042704Z_refresh_fundamentals_c7bbcb6dfda4_production_adc49771,2026-10-09T09:00:48Z
2131,2025,Q4,75743,2025-12-31,TBCH,NOT_FOUND,PROPOSED_REVIEWED_EVENT_OBSERVATION,EXPLICIT_QUARTER_CONSOLIDATED_EARNINGS_STATEMENT_AND_REGISTRANT_RESULTS_ANNOUNCEMENT,0001193125-26-104292,8-K,tbch-20260312.htm,https://www.sec.gov/Archives/edgar/data/1493761/000119312526104292/tbch-20260312.htm,2026-03-12T20:35:25Z,3cf2c435260e1d8d71dba3d3234800a45bcd5b2e7007f8786e83a51e51cbe851,c5340f2c04e4756eb52e82ad825d85d8e01f1b946f429d9b7d6b4091cc3d5f04,6846296f5e194ffada0c3c603c723989398d13afcf35dae65a24f808f8a14e6a,2,https://www.sec.gov/Archives/edgar/data/1493761/000119312526104292/tbch-20260312.htm;https://www.sec.gov/Archives/edgar/data/1493761/000119312526104292/tbch-ex99_1.htm,1002f9dc9c774d1d75bb6e2522bc5d8169045bf04133bb6a31bb8ddd29b26815;1d8ad7e354ef3318bdfd849e9bfddd9b35aeb92ae3be2c3b9f64d2596b00c926,NONE,REVIEW_REQUIRED_EVENT_EVIDENCE,False,refresh_20261009T042704Z_refresh_fundamentals_c7bbcb6dfda4_production_adc49771,2026-10-09T09:00:48Z
2131,2026,Q1,75744,2026-03-31,TBCH,NOT_FOUND,FINANCIAL_SCOPE_REVIEW_REQUIRED,NO_EXPLICIT_QUARTER_CONSOLIDATED_REVENUE_GAAP_NET_AND_BROAD_P_AND_L_PACKAGE,0001193125-26-211979,8-K,tbch-20260507.htm,https://www.sec.gov/Archives/edgar/data/1493761/000119312526211979/tbch-20260507.htm,2026-05-07T20:16:48Z,73dcbb3e80f4a048f4ec62f92a00c8228be162470dc30dfe87d091028b71a270,0a3fd2742723a2148b4c218bbb6f4eb8a76a6b9773159b597192fc86ea70bd0e,0abce884d1034f876ba344d55b65df109def04490b92c0b438af6495bbfa0e19,1,https://www.sec.gov/Archives/edgar/data/1493761/000119312526211979/tbch-20260507.htm,d2496643563d4560aedb772c063e434d440728a9649072e9803444934b1cce26,NONE,REVIEW_REQUIRED_EVENT_EVIDENCE,False,refresh_20261009T042704Z_refresh_fundamentals_c7bbcb6dfda4_production_adc49771,2026-10-09T09:00:48Z
2131,2026,Q2,75745,2026-06-30,TBCH,NOT_FOUND,PROPOSED_REVIEWED_EVENT_OBSERVATION,EXPLICIT_QUARTER_CONSOLIDATED_EARNINGS_STATEMENT_AND_REGISTRANT_RESULTS_ANNOUNCEMENT,0001193125-26-338051,8-K,tbch-20260806.htm,https://www.sec.gov/Archives/edgar/data/1493761/000119312526338051/tbch-20260806.htm,2026-08-06T20:15:24Z,82bf18828313eb7c683aa2755e390e64710fa3c419bdff6f2e05b13097f771dc,357289038fa688be45537d68b0f9e8d5b2518d6cf2096cdb89762f590fe0e4c9,2802cc9226edd068d2d29f0568e7e607a86a6502e6a6dd909f914ac1e13b7d69,2,https://www.sec.gov/Archives/edgar/data/1493761/000119312526338051/tbch-20260806.htm;https://www.sec.gov/Archives/edgar/data/1493761/000119312526338051/tbch-ex99_1.htm,7ef456a62fab051d72e6a72514dd3338117a877d065fd2767e51b3a0fbbb01ff;24bbeb0e31a4eb12330007fdc832a47e672c41f60593024108ab2847923fbf4f,NONE,REVIEW_REQUIRED_EVENT_EVIDENCE,False,refresh_20261009T042704Z_refresh_fundamentals_c7bbcb6dfda4_production_adc49771,2026-10-09T09:00:48Z
2164,2026,Q1,76924,2026-03-31,THRM,UNRESOLVED,PERIOD_SCOPE_REVIEW_REQUIRED,NO_EXPLICIT_QUARTER_END_MATCH_IN_RETAINED_RESULTS_CONTENT,0001193125-26-171740,8-K,thrm-20260423.htm,https://www.sec.gov/Archives/edgar/data/903129/000119312526171740/thrm-20260423.htm,2026-04-23T14:10:17Z,dd6f5cd8a5c56f9b55ccda9660f440875bb99e6533b3a1341c1cb65b1c2b76d9,412c9a2cc35ec297d02ebcf87df4b838eb0ba5531449a13c8bf3697ccbb00298,68ed16b55cb1573483079b568d67fb8ec83bae943505bc899c1d41cee71bfae5,1,https://www.sec.gov/Archives/edgar/data/903129/000119312526171740/thrm-20260423.htm,23737b546ecc96508ed7f403a2e37e84cf80a7c65e05fff628f6b1d75499ba58,NONE,REVIEW_REQUIRED_EVENT_EVIDENCE,False,refresh_20261009T042704Z_refresh_fundamentals_c7bbcb6dfda4_production_adc49771,2026-10-09T09:00:48Z
2174,2026,Q3,77219,2026-02-28,TLRY,UNRESOLVED,FINANCIAL_SCOPE_REVIEW_REQUIRED,NO_EXPLICIT_QUARTER_CONSOLIDATED_REVENUE_GAAP_NET_AND_BROAD_P_AND_L_PACKAGE,0001171843-26-002136,8-K,f8k_040126.htm,https://www.sec.gov/Archives/edgar/data/1731348/000117184326002136/f8k_040126.htm,2026-04-01T15:00:14Z,12485210bffb6a8208dcd88a1b15eb51be9357f228c3bdd0ac320d20d110a5cf,1d7b677947c4ae9ed110a06e8fbdda879ece791faf723054333e6f58c565366d,4963d881ffc7e8c1553517cb3daa710ba4d3dea413d1b79217c06817fed0198e,2,https://www.sec.gov/Archives/edgar/data/1731348/000117184326002136/f8k_040126.htm;https://www.sec.gov/Archives/edgar/data/1731348/000117184326002136/exh_991.htm,cd3f4998d375ee3c4f9eb6d0e9a10f5d5c3e6a37aabd6e75bb8f83db6c0bb328;39c0a560abaf9b4e56d528f2c696417a52ab3298a2737bfcc5221f3d75ca1802,NONE,REVIEW_REQUIRED_EVENT_EVIDENCE,False,refresh_20261009T042704Z_refresh_fundamentals_c7bbcb6dfda4_production_adc49771,2026-10-09T09:00:48Z
2179,2025,Q1,77386,2025-03-31,TMUS,NOT_FOUND,FINANCIAL_SCOPE_REVIEW_REQUIRED,NO_EXPLICIT_QUARTER_CONSOLIDATED_REVENUE_GAAP_NET_AND_BROAD_P_AND_L_PACKAGE,0001283699-25-000078,8-K,tmus-20250424.htm,https://www.sec.gov/Archives/edgar/data/1283699/000128369925000078/tmus-20250424.htm,2025-04-24T20:04:57Z,87e845dec6f6d4bf2a519bd9bafac77973777396c7c062770b674295a689e002,e0a0b33e0fd25264250560bfd55f8fea732a8d045843074ba9be551e9c69f59c,0092ca4ee7c9d3a5d1e2ad401b67a50e5db39bf86733a3a052e22c08860fca4c,1,https://www.sec.gov/Archives/edgar/data/1283699/000128369925000078/tmus-20250424.htm,2b389415eaddccf618f064c01c25c221f8b0fe61811ebfcbdf961dfcc4a3c852,NONE,REVIEW_REQUIRED_EVENT_EVIDENCE,False,refresh_20261009T042704Z_refresh_fundamentals_c7bbcb6dfda4_production_adc49771,2026-10-09T09:00:48Z
2179,2025,Q2,77387,2025-06-30,TMUS,NOT_FOUND,FINANCIAL_SCOPE_REVIEW_REQUIRED,NO_EXPLICIT_QUARTER_CONSOLIDATED_REVENUE_GAAP_NET_AND_BROAD_P_AND_L_PACKAGE,0001283699-25-000116,8-K,tmus-20250723.htm,https://www.sec.gov/Archives/edgar/data/1283699/000128369925000116/tmus-20250723.htm,2025-07-23T20:03:33Z,27d618bd6912375b104c1b141654081cdefd149286e66d4d80831e3ec983463f,6f6cacef2523ecc05e494f7ec7ec053595ec7954c64e5b82e2cdeefb4c0870f6,3ab98b7f3b33e9d23831db7366c25d2271e7f66439ae778ff854fd73d40827ca,1,https://www.sec.gov/Archives/edgar/data/1283699/000128369925000116/tmus-20250723.htm,15fd56eb4bb11ea7936f6667dc644aa6e7ccc04695806e0e56d154264f7fb37a,NONE,REVIEW_REQUIRED_EVENT_EVIDENCE,False,refresh_20261009T042704Z_refresh_fundamentals_c7bbcb6dfda4_production_adc49771,2026-10-09T09:00:48Z
2179,2025,Q3,77388,2025-09-30,TMUS,NOT_FOUND,FINANCIAL_SCOPE_REVIEW_REQUIRED,NO_EXPLICIT_QUARTER_CONSOLIDATED_REVENUE_GAAP_NET_AND_BROAD_P_AND_L_PACKAGE,0001283699-25-000153,8-K,tmus-20251023.htm,https://www.sec.gov/Archives/edgar/data/1283699/000128369925000153/tmus-20251023.htm,2025-10-23T11:00:09Z,cd27c67e0148f5fe1143bfc452ef58cd66ee0929147d49bd1670e0fc46c64483,4c4baad3284dadc4ed74255970457994d7e32ea343b87ea1f624f8c81cf73f2e,2288c1a650b160c7df5e01ba6469ccad831076abc98fe619b1a48598c4130d11,1,https://www.sec.gov/Archives/edgar/data/1283699/000128369925000153/tmus-20251023.htm,ea794d39f935f95661c7529f0b30c67ba9686a409d4c1cc81f2c5edf5de51941,NONE,REVIEW_REQUIRED_EVENT_EVIDENCE,False,refresh_20261009T042704Z_refresh_fundamentals_c7bbcb6dfda4_production_adc49771,2026-10-09T09:00:48Z
2179,2025,Q4,77389,2025-12-31,TMUS,NOT_FOUND,PERIOD_SCOPE_REVIEW_REQUIRED,NO_EXPLICIT_QUARTER_END_MATCH_IN_RETAINED_RESULTS_CONTENT,0001283699-26-000007,8-K,tmus-20260211.htm,https://www.sec.gov/Archives/edgar/data/1283699/000128369926000007/tmus-20260211.htm,2026-02-11T12:37:24Z,e1c0b67ac48c2d335784db38850ac66e62eebe564c4d57cc07e6a7eca1c652d3,09f6da935faa58214f03d8d25d2f1bcef902832296cd2370255e4ee990622cf1,7ab4ff4c95f61e3380861a27301ed23830d18aeeec9bfb22b5c1f3bca3e2b330,1,https://www.sec.gov/Archives/edgar/data/1283699/000128369926000007/tmus-20260211.htm,3fa32d7f7b13d6dd0d46600d361321a5f2a6a2c61c4c3b71280e4548ab9c6438,NONE,REVIEW_REQUIRED_EVENT_EVIDENCE,False,refresh_20261009T042704Z_refresh_fundamentals_c7bbcb6dfda4_production_adc49771,2026-10-09T09:00:48Z
2179,2026,Q1,77390,2026-03-31,TMUS,NOT_FOUND,FINANCIAL_SCOPE_REVIEW_REQUIRED,NO_EXPLICIT_QUARTER_CONSOLIDATED_REVENUE_GAAP_NET_AND_BROAD_P_AND_L_PACKAGE,0001283699-26-000062,8-K,tmus-20260428.htm,https://www.sec.gov/Archives/edgar/data/1283699/000128369926000062/tmus-20260428.htm,2026-04-28T20:03:26Z,6c1cb06f4a6d1bed0505788ef69a785c11d645f71c506efe19de5f2d371b5b0e,37c5421873682a6f3f8052b347fb8631ce5b18b255d23a6729c1ac46f589f2af,ec3bf78caa189a97726864d5cc700284b3542263a7d30b743892a6cd4800682a,1,https://www.sec.gov/Archives/edgar/data/1283699/000128369926000062/tmus-20260428.htm,413ea28b96515488a04bd0663873592c775a808c952fa22501f25fc850f0e0cf,NONE,REVIEW_REQUIRED_EVENT_EVIDENCE,False,refresh_20261009T042704Z_refresh_fundamentals_c7bbcb6dfda4_production_adc49771,2026-10-09T09:00:48Z
2179,2026,Q2,77391,2026-06-30,TMUS,NOT_FOUND,FINANCIAL_SCOPE_REVIEW_REQUIRED,NO_EXPLICIT_QUARTER_CONSOLIDATED_REVENUE_GAAP_NET_AND_BROAD_P_AND_L_PACKAGE,0001283699-26-000100,8-K,tmus-20260723.htm,https://www.sec.gov/Archives/edgar/data/1283699/000128369926000100/tmus-20260723.htm,2026-07-23T10:29:40Z,a37d765e9d4f58887ef9c9c6263457bcece814a65b555598fad23fa2439e3e0e,e2b72feebdfe83d3902b3c3dc816cddf48790ceb069141498f17a11d1fd52a98,fc62debeda900557b9ed4be99e79c50614aa1a96bdadaafebacd5f132667749e,1,https://www.sec.gov/Archives/edgar/data/1283699/000128369926000100/tmus-20260723.htm,e12984daaeac52f878b457be9b442ca376da309e56bf5b99734bdb952d271eef,NONE,REVIEW_REQUIRED_EVENT_EVIDENCE,False,refresh_20261009T042704Z_refresh_fundamentals_c7bbcb6dfda4_production_adc49771,2026-10-09T09:00:48Z
2180,2025,Q1,77427,2025-03-31,TNC,UNRESOLVED,PROPOSED_REVIEWED_EVENT_OBSERVATION,EXPLICIT_QUARTER_CONSOLIDATED_EARNINGS_STATEMENT_AND_REGISTRANT_RESULTS_ANNOUNCEMENT,0000097134-25-000011,8-K,tnc-20250430.htm,https://www.sec.gov/Archives/edgar/data/97134/000009713425000011/tnc-20250430.htm,2025-04-30T20:46:34Z,47d9f262a73e942d433988852fabf939b6a51485ebe69592abf6c190bd6acb19,d8cf56394d9ebef9f185640ba1742ea10b29b6036e89f5420f2df265fc0a6f0a,a362a170fb8c19d4b2c3745478c6050eabeca983784c27fd83407a9566f11887,2,https://www.sec.gov/Archives/edgar/data/97134/000009713425000011/tnc-20250430.htm;https://www.sec.gov/Archives/edgar/data/97134/000009713425000011/tnc-20250501xexx991.htm,54b0892c4e0025932805709a78433d167ac4412b9214b95d8cf62ef7d324d30e;558d473d4a8bd1098d0f74edf407a3f1f618c15ed3b59847571ff7bb44348350,NONE,REVIEW_REQUIRED_EVENT_EVIDENCE,False,refresh_20261009T042704Z_refresh_fundamentals_c7bbcb6dfda4_production_adc49771,2026-10-09T09:00:48Z
2180,2025,Q2,77428,2025-06-30,TNC,UNRESOLVED,PROPOSED_REVIEWED_EVENT_OBSERVATION,EXPLICIT_QUARTER_CONSOLIDATED_EARNINGS_STATEMENT_AND_REGISTRANT_RESULTS_ANNOUNCEMENT,0000097134-25-000024,8-K,tnc-20250806.htm,https://www.sec.gov/Archives/edgar/data/97134/000009713425000024/tnc-20250806.htm,2025-08-06T20:39:24Z,ea06ff8e9913ac097dc4195f10711405646d88867da4ae2b4cd66798295db1f4,2ee9eb55ed36a192e1aae3094a22b6ce7ca13cd0229b89776515e990f60c4a1e,f41633a02908517fff9c2a314d6a9ec45212bcd52d54592b8db73447c5a2d9f6,2,https://www.sec.gov/Archives/edgar/data/97134/000009713425000024/tnc-20250806.htm;https://www.sec.gov/Archives/edgar/data/97134/000009713425000024/tnc-20250807xexx991.htm,7e14ecedd60ebde31a11947a6f0f0506dfc2d8261df4d9728cf0143327641f7c;dd2b711964b0bf853d0a28343027b976d57aa946ad49fd092bc8d5980ae0b5fa,NONE,REVIEW_REQUIRED_EVENT_EVIDENCE,False,refresh_20261009T042704Z_refresh_fundamentals_c7bbcb6dfda4_production_adc49771,2026-10-09T09:00:48Z
2180,2025,Q3,77429,2025-09-30,TNC,UNRESOLVED,PROPOSED_REVIEWED_EVENT_OBSERVATION,EXPLICIT_QUARTER_CONSOLIDATED_EARNINGS_STATEMENT_AND_REGISTRANT_RESULTS_ANNOUNCEMENT,0000097134-25-000034,8-K,tnc-20251103.htm,https://www.sec.gov/Archives/edgar/data/97134/000009713425000034/tnc-20251103.htm,2025-11-03T21:19:11Z,23fe619029daaaf2b2b2edf48031957d65f1997cca7c5488129bbd264ccdfd9a,f02c3dc48a46804f65a4b3995b797a388eeb1b4760b49946aab941f6fa57b292,95879427a8521b8edd513d5ace11480875a8806cbe541eb6160d2e87bca261c8,2,https://www.sec.gov/Archives/edgar/data/97134/000009713425000034/tnc-20251103.htm;https://www.sec.gov/Archives/edgar/data/97134/000009713425000034/tnc-20251103xexx991.htm,716eb26c71132e2a777fdb3ef616a5c1e0086502b3b42476413997bbc471d6f7;51b5eb160663926ea5012e03a9a09e0f873e7b7fdf8ed33f29319871c860c01c,NONE,REVIEW_REQUIRED_EVENT_EVIDENCE,False,refresh_20261009T042704Z_refresh_fundamentals_c7bbcb6dfda4_production_adc49771,2026-10-09T09:00:48Z
2180,2025,Q4,77430,2025-12-31,TNC,UNRESOLVED,FINANCIAL_SCOPE_REVIEW_REQUIRED,NO_EXPLICIT_QUARTER_CONSOLIDATED_REVENUE_GAAP_NET_AND_BROAD_P_AND_L_PACKAGE,0000097134-26-000004,8-K,tnc-20260223.htm,https://www.sec.gov/Archives/edgar/data/97134/000009713426000004/tnc-20260223.htm,2026-02-24T00:02:30Z,77371bb69cd4e7d8a5cec4f88f883af9711491c05b4472bea78d0adc1b224a70,e87584851765485426250ae677470ab7b4902daaceb1bfc95d3c457b004f10dd,229539375985d1c09b3c025470fd6bfa53f839cced70cfad706c6f5371b8d4c2,2,https://www.sec.gov/Archives/edgar/data/97134/000009713426000004/tnc-20260223.htm;https://www.sec.gov/Archives/edgar/data/97134/000009713426000004/tnc-20260223xexx991.htm,726d465a40d6223af06a230b9c69d86590184bc9175da151920f073e4baca80b;4cf2994a58220a138bb37df149a015f07789c0419f745b84e1f6ed2482fa028f,NONE,REVIEW_REQUIRED_EVENT_EVIDENCE,False,refresh_20261009T042704Z_refresh_fundamentals_c7bbcb6dfda4_production_adc49771,2026-10-09T09:00:48Z
2180,2026,Q1,77431,2026-03-31,TNC,UNRESOLVED,PROPOSED_REVIEWED_EVENT_OBSERVATION,EXPLICIT_QUARTER_CONSOLIDATED_EARNINGS_STATEMENT_AND_REGISTRANT_RESULTS_ANNOUNCEMENT,0000097134-26-000012,8-K,tnc-20260504.htm,https://www.sec.gov/Archives/edgar/data/97134/000009713426000012/tnc-20260504.htm,2026-05-04T20:57:59Z,aa09c9f22652a3d2e85fad5d8f52d1bbe0b13bc685bd4eb6949bab20efcdc1e2,094fd1f425ce6e8f468982dee701486d01d3d6d7e5abb5943a3d2305e5cac71a,c56796b421e6a8449d3d274e8c307e58422de4a09407a95a878441c12d0b9212,2,https://www.sec.gov/Archives/edgar/data/97134/000009713426000012/tnc-20260504.htm;https://www.sec.gov/Archives/edgar/data/97134/000009713426000012/tnc-20260504xexx991.htm,fe848c094df67a41ef14d048361bec6b66bbd7a0827aaefb9bec39a5992cc00d;232160aca2e77f2d6a18b9177cfc518521cc552b75a7cd76c4eb7c6d09fbe720,NONE,REVIEW_REQUIRED_EVENT_EVIDENCE,False,refresh_20261009T042704Z_refresh_fundamentals_c7bbcb6dfda4_production_adc49771,2026-10-09T09:00:48Z
2180,2026,Q2,77432,2026-06-30,TNC,UNRESOLVED,PROPOSED_REVIEWED_EVENT_OBSERVATION,EXPLICIT_QUARTER_CONSOLIDATED_EARNINGS_STATEMENT_AND_REGISTRANT_RESULTS_ANNOUNCEMENT,0000097134-26-000022,8-K,tnc-20260805.htm,https://www.sec.gov/Archives/edgar/data/97134/000009713426000022/tnc-20260805.htm,2026-08-05T22:41:48Z,af8c04011ea304240a03b7c6cd11634e05694652f4f7d800384def1b6e018d3b,0b01fbc33ff9e5a191f6edfe1d297d79f3d00afcee533ee7dcbb512200ef4e85,7a69b7e07fffb9d3d5d43f043956cc7f72fda5f6a73c64383ebd92047b3b39e6,2,https://www.sec.gov/Archives/edgar/data/97134/000009713426000022/tnc-20260805.htm;https://www.sec.gov/Archives/edgar/data/97134/000009713426000022/tnc-20260805xexx991.htm,00eb62c299cbd8b6c5b3cfd65c44ba78e75d343a5267ce2759b7d1297630bd2f;237865c7cbada20230397eb6eaa8f5a9d482539bc72252047cf9718474100cee,NONE,REVIEW_REQUIRED_EVENT_EVIDENCE,False,refresh_20261009T042704Z_refresh_fundamentals_c7bbcb6dfda4_production_adc49771,2026-10-09T09:00:48Z
2190,2025,Q1,77762,2025-03-31,TOST,NOT_FOUND,FINANCIAL_SCOPE_REVIEW_REQUIRED,NO_EXPLICIT_QUARTER_CONSOLIDATED_REVENUE_GAAP_NET_AND_BROAD_P_AND_L_PACKAGE,0001650164-25-000175,8-K,tost-20250508.htm,https://www.sec.gov/Archives/edgar/data/1650164/000165016425000175/tost-20250508.htm,2025-05-09T00:12:52Z,6260a3de1c9df8deb22148db890b3baea989caf26e2e25f88a542bce25ef0f4c,198e649b3b5edd026ce915748b5497bc2f1d907de27770d7a69c7525aff0c3d8,de5993b15558815faf1482fdf286bd25640f6f643e820c4f536f0e6610eefbc7,1,https://www.sec.gov/Archives/edgar/data/1650164/000165016425000175/tost-20250508.htm,fd9c15958c58dfc39e76061206aba81baa71abd2a138e68215985f506eaa8981,NONE,REVIEW_REQUIRED_EVENT_EVIDENCE,False,refresh_20261009T042704Z_refresh_fundamentals_c7bbcb6dfda4_production_adc49771,2026-10-09T09:00:48Z
2190,2025,Q2,77763,2025-06-30,TOST,NOT_FOUND,FINANCIAL_SCOPE_REVIEW_REQUIRED,NO_EXPLICIT_QUARTER_CONSOLIDATED_REVENUE_GAAP_NET_AND_BROAD_P_AND_L_PACKAGE,0001650164-25-000288,8-K,tost-20250805.htm,https://www.sec.gov/Archives/edgar/data/1650164/000165016425000288/tost-20250805.htm,2025-08-06T00:12:01Z,1fa45ea82dc0c6bd92c0d74142c4125497d1bdcf5da1bdb0644d6a5e98e6b3e0,d96334d9fac02207c22733547f4bfa01000037e32244a4e87903fe4cb7a0fac6,ffb24b08d5a883d9c9a1509d9dc1c26fe701c1f5d36337aa26f5688c45f2f567,1,https://www.sec.gov/Archives/edgar/data/1650164/000165016425000288/tost-20250805.htm,f60e7e865e68743a969e52eda8a57ebab6759ffe514d8d838aabcc8bf74f2391,NONE,REVIEW_REQUIRED_EVENT_EVIDENCE,False,refresh_20261009T042704Z_refresh_fundamentals_c7bbcb6dfda4_production_adc49771,2026-10-09T09:00:48Z
2190,2025,Q3,77764,2025-09-30,TOST,NOT_FOUND,FINANCIAL_SCOPE_REVIEW_REQUIRED,NO_EXPLICIT_QUARTER_CONSOLIDATED_REVENUE_GAAP_NET_AND_BROAD_P_AND_L_PACKAGE,0001650164-25-000334,8-K,tost-20251104.htm,https://www.sec.gov/Archives/edgar/data/1650164/000165016425000334/tost-20251104.htm,2025-11-05T02:11:21Z,88e85138826efed919eb2e9fcc8f08cf7de784c55e3d9d0a680e6fdf54995763,bd86706cc9c516aab7f6ccffb83b817e876bbf0eb5d1d8c20ea928ab7d0dccaf,a916595c788d1a18747ace42faa36cd4028791a54ea762300ae93253d3668860,1,https://www.sec.gov/Archives/edgar/data/1650164/000165016425000334/tost-20251104.htm,88aae9ddc9f7d108289374f8114adb197291f272a7de9e3bf43c5442ef4f3549,NONE,REVIEW_REQUIRED_EVENT_EVIDENCE,False,refresh_20261009T042704Z_refresh_fundamentals_c7bbcb6dfda4_production_adc49771,2026-10-09T09:00:48Z
2190,2025,Q4,77765,2025-12-31,TOST,NOT_FOUND,PERIOD_SCOPE_REVIEW_REQUIRED,NO_EXPLICIT_QUARTER_END_MATCH_IN_RETAINED_RESULTS_CONTENT,0001650164-26-000050,8-K,tost-20260210.htm,https://www.sec.gov/Archives/edgar/data/1650164/000165016426000050/tost-20260210.htm,2026-02-13T02:12:21Z,992684f9b8b70a62a4da23cb0384cadcf81fc047566b64589faa6971962e51b5,2f8563546c03fb8c89f76f4bb7951b13b8d6062801ef9965df9c539544a566de,95944755c4e6410c8997bafca36571e086b918237165af22dfd36656838c7df4,1,https://www.sec.gov/Archives/edgar/data/1650164/000165016426000050/tost-20260210.htm,7cd43f0e3877e31a1a2fc29fe44cbcb43817f800be6d69c91550c50dc7902e81,NONE,REVIEW_REQUIRED_EVENT_EVIDENCE,False,refresh_20261009T042704Z_refresh_fundamentals_c7bbcb6dfda4_production_adc49771,2026-10-09T09:00:48Z
2190,2026,Q1,77766,2026-03-31,TOST,NOT_FOUND,FINANCIAL_SCOPE_REVIEW_REQUIRED,NO_EXPLICIT_QUARTER_CONSOLIDATED_REVENUE_GAAP_NET_AND_BROAD_P_AND_L_PACKAGE,0001650164-26-000113,8-K,tost-20260507.htm,https://www.sec.gov/Archives/edgar/data/1650164/000165016426000113/tost-20260507.htm,2026-05-08T00:20:16Z,93fa63fceee5bbeb54c543682e40dca5c676798c72822021f9928787335abea2,df8fd40668637422f02ae8821a673a450635b47e7aaa8a1d6369e1ab1278b855,5af0877621b5e14a738169ffd3da1753a51d3bfbde3c052674c09018020a4dcb,1,https://www.sec.gov/Archives/edgar/data/1650164/000165016426000113/tost-20260507.htm,d40f39af92118268598781641cfe0a733b259afb10db48242d74db667a802c6e,NONE,REVIEW_REQUIRED_EVENT_EVIDENCE,False,refresh_20261009T042704Z_refresh_fundamentals_c7bbcb6dfda4_production_adc49771,2026-10-09T09:00:48Z
2190,2026,Q2,77767,2026-06-30,TOST,NOT_FOUND,FINANCIAL_SCOPE_REVIEW_REQUIRED,NO_EXPLICIT_QUARTER_CONSOLIDATED_REVENUE_GAAP_NET_AND_BROAD_P_AND_L_PACKAGE,0001650164-26-000162,8-K,tost-20260804.htm,https://www.sec.gov/Archives/edgar/data/1650164/000165016426000162/tost-20260804.htm,2026-08-05T00:12:21Z,e437c65f7e22cf26803d0aa700b938f120447c5ce444136779b4157f3c688e90,39fad64ab4f0929a673a76484acad638bece4fbbd6e9892fb717b4397b34cff2,444b9d3cc0f6236b16b7e6660599ef13ace119c93828c455c44ee69ea7f5cf06,1,https://www.sec.gov/Archives/edgar/data/1650164/000165016426000162/tost-20260804.htm,9d6cb8312bc04b6096ade8b6ab0ec345efad77ca0c114a3ea4f91d0b27b7b59a,NONE,REVIEW_REQUIRED_EVENT_EVIDENCE,False,refresh_20261009T042704Z_refresh_fundamentals_c7bbcb6dfda4_production_adc49771,2026-10-09T09:00:48Z
2267,2026,Q2,80613,2026-06-30,UPBD,NOT_FOUND,FINANCIAL_SCOPE_REVIEW_REQUIRED,NO_EXPLICIT_QUARTER_CONSOLIDATED_REVENUE_GAAP_NET_AND_BROAD_P_AND_L_PACKAGE,0001193125-26-324902,8-K,upbd-20260730.htm,https://www.sec.gov/Archives/edgar/data/933036/000119312526324902/upbd-20260730.htm,2026-07-30T15:28:52Z,d60ca831387c79be6cd69d8e09626cc555beaf3769bb5d79b28fbacae7ffb378,49caba11b0f969a115c4bf308d144e1b1ecd39f7df099420a29ee01b12579c78,d343521ace40ab4ba43458eacee617b701d6b80a5969c8c6d31dde3ce0b1ac8d,1,https://www.sec.gov/Archives/edgar/data/933036/000119312526324902/upbd-20260730.htm,1b1ccf7cb3c025626845e8581b3536b67cca8a4f6005a8b2ab10636a548e5d49,NONE,REVIEW_REQUIRED_EVENT_EVIDENCE,False,refresh_20261009T042704Z_refresh_fundamentals_c7bbcb6dfda4_production_adc49771,2026-10-09T09:00:48Z
2269,2025,Q1,80690,2025-03-31,UPS,NOT_FOUND,FINANCIAL_SCOPE_REVIEW_REQUIRED,NO_EXPLICIT_QUARTER_CONSOLIDATED_REVENUE_GAAP_NET_AND_BROAD_P_AND_L_PACKAGE,0001090727-25-000046,8-K,ups-20250429.htm,https://www.sec.gov/Archives/edgar/data/1090727/000109072725000046/ups-20250429.htm,2025-04-29T10:09:54Z,8430761662954f354831c7921d677bdfe1650d2e32dadab99ad04253517cce85,e5f453794e43a0f62c45f522fa025fec83c02f74d312e0cee088ee5374f85d19,648d5aadd526994b4fbb525e46390254ab0184f0f0fb3d04b96db8006acf6a35,1,https://www.sec.gov/Archives/edgar/data/1090727/000109072725000046/ups-20250429.htm,61312d2d2e8cba041299c407e327221ce57cc641f40510097c7554dd878eac01,NONE,REVIEW_REQUIRED_EVENT_EVIDENCE,False,refresh_20261009T042704Z_refresh_fundamentals_c7bbcb6dfda4_production_adc49771,2026-10-09T09:00:48Z
2269,2025,Q2,80691,2025-06-30,UPS,NOT_FOUND,FINANCIAL_SCOPE_REVIEW_REQUIRED,NO_EXPLICIT_QUARTER_CONSOLIDATED_REVENUE_GAAP_NET_AND_BROAD_P_AND_L_PACKAGE,0001090727-25-000061,8-K,ups-20250729.htm,https://www.sec.gov/Archives/edgar/data/1090727/000109072725000061/ups-20250729.htm,2025-07-29T10:16:20Z,7c176070cd27ce544f470aea0912b172f07f749a6bc33e2efbf625cd1faf5649,ca101c56b755e7b4c0f065b9a911f9f00ae3441cd05ffb989b8ac3478f2fe92a,53caac4efb8e63803004b55414e768c77573a6b80f32f40207d75fbe960a98dc,1,https://www.sec.gov/Archives/edgar/data/1090727/000109072725000061/ups-20250729.htm,5a55899437b7a22dc352ee6a9b6ebb8282952d9e688ad993e2dc96b7ea1b887b,NONE,REVIEW_REQUIRED_EVENT_EVIDENCE,False,refresh_20261009T042704Z_refresh_fundamentals_c7bbcb6dfda4_production_adc49771,2026-10-09T09:00:48Z
2269,2025,Q3,80692,2025-09-30,UPS,NOT_FOUND,FINANCIAL_SCOPE_REVIEW_REQUIRED,NO_EXPLICIT_QUARTER_CONSOLIDATED_REVENUE_GAAP_NET_AND_BROAD_P_AND_L_PACKAGE,0001628280-25-046550,8-K,ups-20251028.htm,https://www.sec.gov/Archives/edgar/data/1090727/000162828025046550/ups-20251028.htm,2025-10-28T10:09:04Z,89e31d540a24b994c58c130653034a8999b965da8adb51278220628b6e948761,7183d69a1aa1bacff70d4692e92d8798f7b1f74a53f64501b66c547dcc443e48,29320545212677967ae4b4938eec78e595297908f44891da5dd98c1ad009f12c,1,https://www.sec.gov/Archives/edgar/data/1090727/000162828025046550/ups-20251028.htm,873a86d21b669cab1d054aaf10969638a90f1c492661e2804877851d1450472f,NONE,REVIEW_REQUIRED_EVENT_EVIDENCE,False,refresh_20261009T042704Z_refresh_fundamentals_c7bbcb6dfda4_production_adc49771,2026-10-09T09:00:48Z
2269,2025,Q4,80693,2025-12-31,UPS,NOT_FOUND,FINANCIAL_SCOPE_REVIEW_REQUIRED,NO_EXPLICIT_QUARTER_CONSOLIDATED_REVENUE_GAAP_NET_AND_BROAD_P_AND_L_PACKAGE,0001628280-26-003510,8-K,ups-20260127.htm,https://www.sec.gov/Archives/edgar/data/1090727/000162828026003510/ups-20260127.htm,2026-01-27T11:08:17Z,641fda691951b257f1761e9fd3b9f663bfae64ef198957d2b9c29f1bb38549b4,358024ca3e01763755423ec8143b82edf352f5f82ce6d22fef7ed6a1010be3f5,33034b60ea7dfa6cea325467b905ee647634132f323dd50e38ee662cdfa6bfba,1,https://www.sec.gov/Archives/edgar/data/1090727/000162828026003510/ups-20260127.htm,5f58438627f2a94f855fa430d06f30a0ea78aeb414ab8cf7bf436020b70a1cef,NONE,REVIEW_REQUIRED_EVENT_EVIDENCE,False,refresh_20261009T042704Z_refresh_fundamentals_c7bbcb6dfda4_production_adc49771,2026-10-09T09:00:48Z
2269,2026,Q1,80694,2026-03-31,UPS,NOT_FOUND,FINANCIAL_SCOPE_REVIEW_REQUIRED,NO_EXPLICIT_QUARTER_CONSOLIDATED_REVENUE_GAAP_NET_AND_BROAD_P_AND_L_PACKAGE,0001628280-26-027717,8-K,ups-20260428.htm,https://www.sec.gov/Archives/edgar/data/1090727/000162828026027717/ups-20260428.htm,2026-04-28T10:09:08Z,bd8141e74293c90ee00af99b97e85ee51b2137f5d1e04415b5998b0d4df9ddc4,6beb8a8ce647268adbd8cf942581c054f9e5cee6504bc8b10d5c308064619de3,baba67b8e0123c3a8611d2c1a04523a8778aaffe3dc4edbc4684dab0a32ca394,1,https://www.sec.gov/Archives/edgar/data/1090727/000162828026027717/ups-20260428.htm,1560f213ccb42313ce2bf4a600390128fcd6726bab83bd6a1907281f1ae72ca9,NONE,REVIEW_REQUIRED_EVENT_EVIDENCE,False,refresh_20261009T042704Z_refresh_fundamentals_c7bbcb6dfda4_production_adc49771,2026-10-09T09:00:48Z
2269,2026,Q2,80695,2026-06-30,UPS,NOT_FOUND,FINANCIAL_SCOPE_REVIEW_REQUIRED,NO_EXPLICIT_QUARTER_CONSOLIDATED_REVENUE_GAAP_NET_AND_BROAD_P_AND_L_PACKAGE,0001628280-26-049912,8-K,ups-20260728.htm,https://www.sec.gov/Archives/edgar/data/1090727/000162828026049912/ups-20260728.htm,2026-07-28T10:03:54Z,6eb2cfc78b4fe6182b771e0f3f0d3161ee212ba2205b2b47522636f652bac9b7,bf2c0ea3997bcccdea906b732eb7e18c20cb8f5001de0123122cda5a6b2aadbb,b70f63a08ccf775ad896c87c471d524707fbe3ec36094d477cbf063d7e573a82,1,https://www.sec.gov/Archives/edgar/data/1090727/000162828026049912/ups-20260728.htm,c191513187bbc499680682ab78f56fcf9d8456e981c8c6a2ce109222290a89d0,NONE,REVIEW_REQUIRED_EVENT_EVIDENCE,False,refresh_20261009T042704Z_refresh_fundamentals_c7bbcb6dfda4_production_adc49771,2026-10-09T09:00:48Z
2283,2025,Q1,81208,2024-12-31,UTI,UNRESOLVED,PROPOSED_REVIEWED_EVENT_OBSERVATION,EXPLICIT_QUARTER_CONSOLIDATED_EARNINGS_STATEMENT_AND_REGISTRANT_RESULTS_ANNOUNCEMENT,0001261654-25-000003,8-K,uti-20250205.htm,https://www.sec.gov/Archives/edgar/data/1261654/000126165425000003/uti-20250205.htm,2025-02-05T21:10:20Z,7dd2584d68bfaee8e8eea5f0d3e4bd2c99d58a94e25e63686a4013a320209a43,9f209fda9d256eeee6fd647f8faaedd238ee30fe395f30a2f960dc179be6ad0c,c07c36995c144656c39c13f071047568829dfd8d29d561059372acf5a1916877,2,https://www.sec.gov/Archives/edgar/data/1261654/000126165425000003/uti-20250205.htm;https://www.sec.gov/Archives/edgar/data/1261654/000126165425000003/exhibit991-q12025earningsp.htm,fb9107cc309413854bfd98b448b4b12ad08998f87b4bec04d588058e9960ff1a;dd6d4403d42d0db5b2d86e30c0bf16977c76bf11e5bf9f1dd951a7bc6201fce5,NONE,REVIEW_REQUIRED_EVENT_EVIDENCE,False,refresh_20261009T042704Z_refresh_fundamentals_c7bbcb6dfda4_production_adc49771,2026-10-09T09:00:48Z
2291,2025,Q1,81508,2025-03-31,VCEL,NOT_FOUND,FINANCIAL_SCOPE_REVIEW_REQUIRED,NO_EXPLICIT_QUARTER_CONSOLIDATED_REVENUE_GAAP_NET_AND_BROAD_P_AND_L_PACKAGE,0001628280-25-023481,8-K,vcel-20250508.htm,https://www.sec.gov/Archives/edgar/data/887359/000162828025023481/vcel-20250508.htm,2025-05-08T12:04:48Z,1895913b1100da3a00d05476354b0e1553ccb754d8ae3a231206cd57f598fd58,e1785cb527a613a3bb2189ca5f8d9ad0c7093175612948c913a712bda6fea468,e0b895d32fa04f3588e85ab0571d948ac13900b1e7aab5066c0cab29b80a4f0e,1,https://www.sec.gov/Archives/edgar/data/887359/000162828025023481/vcel-20250508.htm,25563915d0cc31f9664450e327df2d4bae6b15f2eb86b077b91f7752e7ac695a,NONE,REVIEW_REQUIRED_EVENT_EVIDENCE,False,refresh_20261009T042704Z_refresh_fundamentals_c7bbcb6dfda4_production_adc49771,2026-10-09T09:00:48Z
2291,2025,Q2,81509,2025-06-30,VCEL,NOT_FOUND,FINANCIAL_SCOPE_REVIEW_REQUIRED,NO_EXPLICIT_QUARTER_CONSOLIDATED_REVENUE_GAAP_NET_AND_BROAD_P_AND_L_PACKAGE,0001628280-25-036854,8-K,vcel-20250731.htm,https://www.sec.gov/Archives/edgar/data/887359/000162828025036854/vcel-20250731.htm,2025-07-31T12:14:39Z,2adc02825aec8b9d6d609bb395c70f35d4d0b62d5496ca86fe884afe3f700c9b,bd4149073b0240425ab4842e72e1e9f8ef5a6ba5283d9c7ac6bfb8413c8e584e,25d9397959c0169f7c22571fe83b10e48d7b4ac48f8fe2738de67e7cc88b7882,1,https://www.sec.gov/Archives/edgar/data/887359/000162828025036854/vcel-20250731.htm,ab0f1e6fc501fd5355bbb54f2691160a85cca608bcadd8207c9836c04b483021,NONE,REVIEW_REQUIRED_EVENT_EVIDENCE,False,refresh_20261009T042704Z_refresh_fundamentals_c7bbcb6dfda4_production_adc49771,2026-10-09T09:00:48Z
2291,2026,Q1,81512,2026-03-31,VCEL,NOT_FOUND,FINANCIAL_SCOPE_REVIEW_REQUIRED,NO_EXPLICIT_QUARTER_CONSOLIDATED_REVENUE_GAAP_NET_AND_BROAD_P_AND_L_PACKAGE,0001628280-26-031713,8-K,vcel-20260507.htm,https://www.sec.gov/Archives/edgar/data/887359/000162828026031713/vcel-20260507.htm,2026-05-07T11:57:40Z,878e4d7999bd4437f4f800f7394e74df6ccf8b6d8d4681b1acfff232cb4a2e7e,17fcfe6ad4ae0991931d6de18957aec7c284434504d2c35b3b30e173c16ddb47,c537e17c84b039d1ce581bdeec9343c7355af5de0295df6be11cae3f342ea44c,1,https://www.sec.gov/Archives/edgar/data/887359/000162828026031713/vcel-20260507.htm,2c659d2c3d455c99055097f7058fd3703950b407f47eb381a21b7425660d876b,NONE,REVIEW_REQUIRED_EVENT_EVIDENCE,False,refresh_20261009T042704Z_refresh_fundamentals_c7bbcb6dfda4_production_adc49771,2026-10-09T09:00:48Z
2291,2026,Q2,81513,2026-06-30,VCEL,NOT_FOUND,FINANCIAL_SCOPE_REVIEW_REQUIRED,NO_EXPLICIT_QUARTER_CONSOLIDATED_REVENUE_GAAP_NET_AND_BROAD_P_AND_L_PACKAGE,0001628280-26-050815,8-K,vcel-20260730.htm,https://www.sec.gov/Archives/edgar/data/887359/000162828026050815/vcel-20260730.htm,2026-07-30T12:03:54Z,38e2c5f5d113575fd8ab897ed8e53e18524c68fc1f6185af79f1d76d791b13ce,fd652114b392c937a2fa1a694ea49124e9a2d05ac8d91a46a5840c03942a3fa5,6b2c6d3a4d0f43ac6702ef76581ebafe88b2f2fe1a2a8d72e1a1d96420c3dbc2,1,https://www.sec.gov/Archives/edgar/data/887359/000162828026050815/vcel-20260730.htm,ae6271c6f852fa775e9b17cf1644441cce2ce7bc3b9b9b14a39d82246dd0e8f1,NONE,REVIEW_REQUIRED_EVENT_EVIDENCE,False,refresh_20261009T042704Z_refresh_fundamentals_c7bbcb6dfda4_production_adc49771,2026-10-09T09:00:48Z
2301,2026,Q1,81849,2025-06-28,VFC,UNRESOLVED,FINANCIAL_SCOPE_REVIEW_REQUIRED,NO_EXPLICIT_QUARTER_CONSOLIDATED_REVENUE_GAAP_NET_AND_BROAD_P_AND_L_PACKAGE,0000103379-25-000033,8-K,vfc-20250730.htm,https://www.sec.gov/Archives/edgar/data/103379/000010337925000033/vfc-20250730.htm,2025-07-30T10:02:51Z,dc574468e202803448dd36198ea8d20665c0790c84e404328445eb04ada73a99,0fdd3cee0d86a144b246e86e870842b32dd6009c15d3c69064b0942a73c6c1f8,3b0ecbbcabf7f253d7ab6b73101687285502aaa2b58dc981c271ab525b619747,3,https://www.sec.gov/Archives/edgar/data/103379/000010337925000033/vfc-20250730.htm;https://www.sec.gov/Archives/edgar/data/103379/000010337925000033/q126earningsex991.htm;https://www.sec.gov/Archives/edgar/data/103379/000010337925000033/q12026earningspressrelease.htm,2ae9bf71c79d541fb12fcfccb2f58e1d5d73c0110e91e4f271609ed3d3cf775f;bafdbd61ac27680e5f5cfc68d91042c22c48a8f78d7ca65189edd56eac3c7300;d44ddb8696e66be078ca8a28a9db9647cd3571f54f1916bdbc166e36d7096d61,NONE,REVIEW_REQUIRED_EVENT_EVIDENCE,False,refresh_20261009T042704Z_refresh_fundamentals_c7bbcb6dfda4_production_adc49771,2026-10-09T09:00:48Z
2301,2026,Q2,81850,2025-09-27,VFC,UNRESOLVED,PERIOD_SCOPE_REVIEW_REQUIRED,NO_EXPLICIT_QUARTER_END_MATCH_IN_RETAINED_RESULTS_CONTENT,0000103379-25-000058,8-K,vfc-20251028.htm,https://www.sec.gov/Archives/edgar/data/103379/000010337925000058/vfc-20251028.htm,2025-10-28T10:01:36Z,a98bf4d485efadae944e6d4d4489fc4dc2c7d57e3dfc376b0b5772a3809c8c00,4a17f4eb0f84f7eb53e395b7db436212d5e1f0fd2437265fdb22f947958a973f,3d262a6cbf79cdf1c41505cd39aa60c0d934560839ecb5709ff71c9d28538689,3,https://www.sec.gov/Archives/edgar/data/103379/000010337925000058/vfc-20251028.htm;https://www.sec.gov/Archives/edgar/data/103379/000010337925000058/q22026exhibit991final.htm;https://www.sec.gov/Archives/edgar/data/103379/000010337925000058/q22026earningspressrelease.htm,7ea9da2b2cb9a6522efa5df1667d04c306a1caa5bc2ef48f298edced13cf7a8c;868a694b4c454c09bb066370455e50de1a317024d367c29fcc7d0fba1d7e84c4;7aae24d722dcdd93db92a4f03d0aa92ee99d2debde60f531991c22b84d8c81e8,NONE,REVIEW_REQUIRED_EVENT_EVIDENCE,False,refresh_20261009T042704Z_refresh_fundamentals_c7bbcb6dfda4_production_adc49771,2026-10-09T09:00:48Z
2301,2026,Q3,81851,2025-12-27,VFC,UNRESOLVED,PERIOD_SCOPE_REVIEW_REQUIRED,NO_EXPLICIT_QUARTER_END_MATCH_IN_RETAINED_RESULTS_CONTENT,0000103379-26-000008,8-K,vfc-20260128.htm,https://www.sec.gov/Archives/edgar/data/103379/000010337926000008/vfc-20260128.htm,2026-01-28T11:00:57Z,22d90b5f7e824bba4adfeef4f9d01b76f3670f039a5e2d32c4609100f2c32709,e260e03b5629cc2072536ef555350a40c68997f77aeb4bd07067fdace9c78471,4bfc21c9e02fcfe76067f6264c6984de13886ad455eec27cc144c0909c08cf45,3,https://www.sec.gov/Archives/edgar/data/103379/000010337926000008/vfc-20260128.htm;https://www.sec.gov/Archives/edgar/data/103379/000010337926000008/q32026exhibit991final.htm;https://www.sec.gov/Archives/edgar/data/103379/000010337926000008/q32026earningspressrelease.htm,2027758162af7e118770406833c83515f378c9ae667318bd268e56059dd12549;fbb74c0e04a7b7aa7b00ab1d94992020221750ee8f6f1c20190d1dd1d8f3797e;1552096e1470701223399c51560c3c40cff0331d13ce8dda90c27a291ebf572f,NONE,REVIEW_REQUIRED_EVENT_EVIDENCE,False,refresh_20261009T042704Z_refresh_fundamentals_c7bbcb6dfda4_production_adc49771,2026-10-09T09:00:48Z
2301,2026,Q4,81852,2026-03-28,VFC,UNRESOLVED,PERIOD_SCOPE_REVIEW_REQUIRED,NO_EXPLICIT_QUARTER_END_MATCH_IN_RETAINED_RESULTS_CONTENT,0000103379-26-000028,8-K,vfc-20260520.htm,https://www.sec.gov/Archives/edgar/data/103379/000010337926000028/vfc-20260520.htm,2026-05-20T10:02:32Z,728900987fa338f578d501bd74b30b0a6e2df3079c47cc7c61b2d2c436a4acdc,699c28a17389a0690d26e84417d479d755e888d80ae0420a77c48d5e20e59d95,16e0535708094aa94fa3493ec787719f6f590839edc519710015ce5bb4dbd9f8,3,https://www.sec.gov/Archives/edgar/data/103379/000010337926000028/vfc-20260520.htm;https://www.sec.gov/Archives/edgar/data/103379/000010337926000028/q42026earningsexhibit991.htm;https://www.sec.gov/Archives/edgar/data/103379/000010337926000028/q42026earningspressrelease.htm,b8ec0e2f9f40dd02b6d12aff8b569a749efc2c843197e8c3078f9cea9c089464;7ba4891736ab38704509ddc4786acd5c6903b1db51fef101474fd99d14985ea4;296751870014aa48a65da8051164b20656a1974fd11c8de9fbca8c3c7dbdabf6,NONE,REVIEW_REQUIRED_EVENT_EVIDENCE,False,refresh_20261009T042704Z_refresh_fundamentals_c7bbcb6dfda4_production_adc49771,2026-10-09T09:00:48Z
2301,2027,Q1,81853,2026-06-27,VFC,UNRESOLVED,FINANCIAL_SCOPE_REVIEW_REQUIRED,NO_EXPLICIT_QUARTER_CONSOLIDATED_REVENUE_GAAP_NET_AND_BROAD_P_AND_L_PACKAGE,0000103379-26-000113,8-K,vfc-20260729.htm,https://www.sec.gov/Archives/edgar/data/103379/000010337926000113/vfc-20260729.htm,2026-07-29T10:02:04Z,835e148866e0a2b20f142b90eb27e5a55643e8882488e0fa8dbf4fc520deffed,69905bd0b1d5ec3d7e91ccff284cf9bd8fc84f7c3a2f328ce38551809c03683c,c409495756c10b1182170fa1dfd2520983e971907769fac865bc1cbac063726c,3,https://www.sec.gov/Archives/edgar/data/103379/000010337926000113/vfc-20260729.htm;https://www.sec.gov/Archives/edgar/data/103379/000010337926000113/q12027earningsexhibit991.htm;https://www.sec.gov/Archives/edgar/data/103379/000010337926000113/q12027earningspressrelease.htm,3de28dc92b8bb70d076fc862d5969a0071e5d3514d3a815c9faaa1e80ceb69a6;9f6835f36cb33168078ba47c081900f168dee3e5cfd2387db02ecbbaae39e024;db57077748464f8203b8ce16cb538f71ccc574e01850812960c59246efa450a2,NONE,REVIEW_REQUIRED_EVENT_EVIDENCE,False,refresh_20261009T042704Z_refresh_fundamentals_c7bbcb6dfda4_production_adc49771,2026-10-09T09:00:48Z
2321,2025,Q1,82561,2025-03-29,VPG,UNRESOLVED,FINANCIAL_SCOPE_REVIEW_REQUIRED,NO_EXPLICIT_QUARTER_CONSOLIDATED_REVENUE_GAAP_NET_AND_BROAD_P_AND_L_PACKAGE,0001487952-25-000038,8-K,vpg-20250506.htm,https://www.sec.gov/Archives/edgar/data/1487952/000148795225000038/vpg-20250506.htm,2025-05-06T10:36:52Z,ab26f6c1e72dd21db8c17f2918c0804c865ac74de149c2b32490785e93c527c1,769d7be37a139092cbb7420e89f08faeef7c34c8918715e15ee5a75afefb7b7d,ffc5da5bf8df870fbc5f6751beca291362f2833b0e8cc07ba03594b5ef077592,2,https://www.sec.gov/Archives/edgar/data/1487952/000148795225000038/vpg-20250506.htm;https://www.sec.gov/Archives/edgar/data/1487952/000148795225000038/vpg-2025q1earnings8k_ex991.htm,6082cb4b42bdb19914ecf892e91985d4e000c3d176e3c74bdb69623eb69a3842;17257552618b7f994570b63eff02507c51453d41d7da3553a838a7ab96b08e60,NONE,REVIEW_REQUIRED_EVENT_EVIDENCE,False,refresh_20261009T042704Z_refresh_fundamentals_c7bbcb6dfda4_production_adc49771,2026-10-09T09:00:48Z
2321,2025,Q2,82562,2025-06-28,VPG,UNRESOLVED,FINANCIAL_SCOPE_REVIEW_REQUIRED,NO_EXPLICIT_QUARTER_CONSOLIDATED_REVENUE_GAAP_NET_AND_BROAD_P_AND_L_PACKAGE,0001437749-25-024718,8-K,vpg20250521_8k.htm,https://www.sec.gov/Archives/edgar/data/1487952/000143774925024718/vpg20250521_8k.htm,2025-08-05T12:57:42Z,7194f3bcfdd5feb5330d925b3800e4e671063f9a4499a210934cf268dc5bf6d6,2735a8e69456f45b8ae3bacd11dbdb4bda33a1f575da9e6027f0d82d134c51ce,48f7d2de2a11ced54bc71db3ee4771b0d9f13686b76ac86df33ef09d06e8b255,2,https://www.sec.gov/Archives/edgar/data/1487952/000143774925024718/vpg20250521_8k.htm;https://www.sec.gov/Archives/edgar/data/1487952/000143774925024718/ex_821909.htm,1f420f7d8eb6bb69a92b3cabff0e19d3a0b99e96cd32f5a13e2ad2edeb5d7d88;e477a4c1a3e397b732213850eba3a99b388502558e873c906232cc0332d3394f,NONE,REVIEW_REQUIRED_EVENT_EVIDENCE,False,refresh_20261009T042704Z_refresh_fundamentals_c7bbcb6dfda4_production_adc49771,2026-10-09T09:00:48Z
2321,2025,Q3,82563,2025-09-27,VPG,UNRESOLVED,FINANCIAL_SCOPE_REVIEW_REQUIRED,NO_EXPLICIT_QUARTER_CONSOLIDATED_REVENUE_GAAP_NET_AND_BROAD_P_AND_L_PACKAGE,0001437749-25-032867,8-K,vpg20250818_8k.htm,https://www.sec.gov/Archives/edgar/data/1487952/000143774925032867/vpg20250818_8k.htm,2025-11-04T11:30:32Z,a9100648f99d354f458b4bcf2b15338dec14e4aca6c518e8ad7fcf2cf9460140,6d50805b7722fe62ca8e9a2efc424e3b865fa5bbad1257c8636101adba480ba4,931927f6366db3988052eaa49aef67793d8b04d9c51369785dd5739f44c43db4,2,https://www.sec.gov/Archives/edgar/data/1487952/000143774925032867/vpg20250818_8k.htm;https://www.sec.gov/Archives/edgar/data/1487952/000143774925032867/ex_854358.htm,72f23658c010f1ff807df509528655dc173ea9c31fde06a6afa3f08f992fb5f3;3879d8ee963864b23c1753b9ab5ec14b479f6172d3384bb06f484802de48e6ea,NONE,REVIEW_REQUIRED_EVENT_EVIDENCE,False,refresh_20261009T042704Z_refresh_fundamentals_c7bbcb6dfda4_production_adc49771,2026-10-09T09:00:48Z
2321,2025,Q4,82564,2025-12-31,VPG,UNRESOLVED,PROPOSED_REVIEWED_EVENT_OBSERVATION,EXPLICIT_QUARTER_CONSOLIDATED_EARNINGS_STATEMENT_AND_REGISTRANT_RESULTS_ANNOUNCEMENT,0001437749-26-003697,8-K,vpg20251030_8k.htm,https://www.sec.gov/Archives/edgar/data/1487952/000143774926003697/vpg20251030_8k.htm,2026-02-11T11:20:35Z,4a23e5ed24a8b39ce8731a38d4b1b7a7d91279d477cec001059601211a6094a3,eefd336e4726a3f9a011e0d59c24900476f8cc5ae3bc75259943f2f777101e47,19212d1300f731ab6f9b17eca288d5de515dca6074d7b283a2cc9d1adbc20961,2,https://www.sec.gov/Archives/edgar/data/1487952/000143774926003697/vpg20251030_8k.htm;https://www.sec.gov/Archives/edgar/data/1487952/000143774926003697/ex_880014.htm,108b72bbe7a58ec976e488d05f592e2118dbc21c933f3246767a239c57588215;d05ba8f12dfdd128d22c228aa7828ad5a4050076d26c1034cde51c3742255db8,NONE,REVIEW_REQUIRED_EVENT_EVIDENCE,False,refresh_20261009T042704Z_refresh_fundamentals_c7bbcb6dfda4_production_adc49771,2026-10-09T09:00:48Z
2321,2026,Q1,82565,2026-04-04,VPG,UNRESOLVED,FINANCIAL_SCOPE_REVIEW_REQUIRED,NO_EXPLICIT_QUARTER_CONSOLIDATED_REVENUE_GAAP_NET_AND_BROAD_P_AND_L_PACKAGE,0001437749-26-016226,8-K,vpg20260224_8k.htm,https://www.sec.gov/Archives/edgar/data/1487952/000143774926016226/vpg20260224_8k.htm,2026-05-12T10:30:15Z,a80a64fe0a91934a1f5d0cd845a3c3affd1f64d312e116730a1ee9479ee399f8,a610f5b7e89a1d7c8ea548749ac75f14cc6479d1f31103c87f3520161202a8ac,009ef589cdb34bd8d8ddfae801a8bf49510045317e3d56288086ef122687e66c,2,https://www.sec.gov/Archives/edgar/data/1487952/000143774926016226/vpg20260224_8k.htm;https://www.sec.gov/Archives/edgar/data/1487952/000143774926016226/ex_924354.htm,609de59d1ae57044bf39e7a60c598bb4338f72b99fb8cb0124d07c7d7157adfe;ff2c9c6a9380cf563a68d33ccd0093d27002511f2bddb2f173f01759954d02ff,NONE,REVIEW_REQUIRED_EVENT_EVIDENCE,False,refresh_20261009T042704Z_refresh_fundamentals_c7bbcb6dfda4_production_adc49771,2026-10-09T09:00:48Z
2321,2026,Q2,82566,2026-07-04,VPG,UNRESOLVED,FINANCIAL_SCOPE_REVIEW_REQUIRED,NO_EXPLICIT_QUARTER_CONSOLIDATED_REVENUE_GAAP_NET_AND_BROAD_P_AND_L_PACKAGE,0001437749-26-025779,8-K,vpg20260513_8k.htm,https://www.sec.gov/Archives/edgar/data/1487952/000143774926025779/vpg20260513_8k.htm,2026-08-05T10:30:18Z,c6e26d9b72862e9fdb5287a26d59afc5c8ffb63a0ac8473a57bd554058631dbc,889c6562f456e8f0e272b7f4ff082c09b20cb972c3474d7810fcf62bbb50c44c,b4684b689fa8d9d746e68e41677ae99ab602b6ae9a1c8d84b748b0398ed7a1f3,2,https://www.sec.gov/Archives/edgar/data/1487952/000143774926025779/vpg20260513_8k.htm;https://www.sec.gov/Archives/edgar/data/1487952/000143774926025779/ex_962771.htm,065c461711596dfbed8075cf2bed81b38e0c8247f376541cc2c5939db55cb8a3;89a6698538c6e615615f3e859c76e815be2d7dc0b6c12d291a4efb9b1dc91bb7,NONE,REVIEW_REQUIRED_EVENT_EVIDENCE,False,refresh_20261009T042704Z_refresh_fundamentals_c7bbcb6dfda4_production_adc49771,2026-10-09T09:00:48Z
2334,2025,Q1,83071,2025-03-29,VSH,NOT_FOUND,FINANCIAL_SCOPE_REVIEW_REQUIRED,NO_EXPLICIT_QUARTER_CONSOLIDATED_REVENUE_GAAP_NET_AND_BROAD_P_AND_L_PACKAGE,0000103730-25-000035,8-K,form8-k.htm,https://www.sec.gov/Archives/edgar/data/103730/000010373025000035/form8-k.htm,2025-05-07T15:21:40Z,409b499febfd8101d8640e22bcef81b9b983f4e382f2065cbce623943e49b832,0103a0ad403b8b861976fa65b79b65df74ad43e68a9548f64f757c42565c7ed5,8bbd9f903533fdecd048e973691539c8f1c983d0410511a4cfbdff22a33e0afa,1,https://www.sec.gov/Archives/edgar/data/103730/000010373025000035/form8-k.htm,ecfdefd7aa4f1afd1d985465dd85711b9be5ed4637263276b76b242fd3d5f504,NONE,REVIEW_REQUIRED_EVENT_EVIDENCE,False,refresh_20261009T042704Z_refresh_fundamentals_c7bbcb6dfda4_production_adc49771,2026-10-09T09:00:48Z
2334,2025,Q2,83072,2025-06-28,VSH,NOT_FOUND,PERIOD_SCOPE_REVIEW_REQUIRED,NO_EXPLICIT_QUARTER_END_MATCH_IN_RETAINED_RESULTS_CONTENT,0000103730-25-000053,8-K,form8-k.htm,https://www.sec.gov/Archives/edgar/data/103730/000010373025000053/form8-k.htm,2025-08-06T15:18:56Z,5be9dc88ec3dd87917530a1a644a74d6c12bfef26979c936953f12389d454764,b23ee6edfc46d58f126e2034e8975330087aa0181cd71b29d9f14f45b7e03e54,04ff5ec3c1d9c24cb5e3d46aeac2977f217230ca098b83b3b8fe9c9275405965,1,https://www.sec.gov/Archives/edgar/data/103730/000010373025000053/form8-k.htm,7e85f4bbb6e1107b76696518b32a7c10f89745b5be767dffbff603f4a94a23ea,NONE,REVIEW_REQUIRED_EVENT_EVIDENCE,False,refresh_20261009T042704Z_refresh_fundamentals_c7bbcb6dfda4_production_adc49771,2026-10-09T09:00:48Z
2334,2025,Q3,83073,2025-09-27,VSH,NOT_FOUND,PERIOD_SCOPE_REVIEW_REQUIRED,NO_EXPLICIT_QUARTER_END_MATCH_IN_RETAINED_RESULTS_CONTENT,0000103730-25-000066,8-K,form8-k.htm,https://www.sec.gov/Archives/edgar/data/103730/000010373025000066/form8-k.htm,2025-11-05T17:20:03Z,e1088f7b46a8587a546f5a82808b5e41d25cde016e9ab0a7107716752cca80ab,f8631779ee9adda609a51ed8f643950493b4b997760fbbdd6c793c65bbd73838,9685ea2f5cd8bcd03b929b2d63997af15fe051756475edc9a28a056b3bd63bcf,1,https://www.sec.gov/Archives/edgar/data/103730/000010373025000066/form8-k.htm,3d5c172a6ce553ad701ed012ea823c7634eab4b1c6af210014154c0055cda1e3,NONE,REVIEW_REQUIRED_EVENT_EVIDENCE,False,refresh_20261009T042704Z_refresh_fundamentals_c7bbcb6dfda4_production_adc49771,2026-10-09T09:00:48Z
2334,2025,Q4,83074,2025-12-31,VSH,NOT_FOUND,PERIOD_SCOPE_REVIEW_REQUIRED,NO_EXPLICIT_QUARTER_END_MATCH_IN_RETAINED_RESULTS_CONTENT,0000103730-26-000008,8-K,form8-k.htm,https://www.sec.gov/Archives/edgar/data/103730/000010373026000008/form8-k.htm,2026-02-04T17:31:34Z,1f1b437bc227338068fa34867c44eb36a3330d04f81490e7432a612545f30c53,5a9aca9d482e1599361df0011fde46584efaafeed13bff24b45be418b584a5c7,b707ab4bdc536c09305e7342b4e684b85f21e37fe2ebf55948cb2e84824857e2,1,https://www.sec.gov/Archives/edgar/data/103730/000010373026000008/form8-k.htm,de2a614291629645ba20b84cffc19c795762ec567676e57ec29c607aafbb9bb4,NONE,REVIEW_REQUIRED_EVENT_EVIDENCE,False,refresh_20261009T042704Z_refresh_fundamentals_c7bbcb6dfda4_production_adc49771,2026-10-09T09:00:48Z
2334,2026,Q1,83075,2026-04-04,VSH,NOT_FOUND,FINANCIAL_SCOPE_REVIEW_REQUIRED,NO_EXPLICIT_QUARTER_CONSOLIDATED_REVENUE_GAAP_NET_AND_BROAD_P_AND_L_PACKAGE,0000103730-26-000037,8-K,form8-k.htm,https://www.sec.gov/Archives/edgar/data/103730/000010373026000037/form8-k.htm,2026-05-13T15:31:08Z,1b1eb229d1ef5a47c67dad7b96c963996d040752ccbde4774de0895268b27ac5,5b15d2b442f2d1bf7f9cc5218fdf444d96b95682c92879e193ed58b0bf911137,98829b02ac06af1eaeaf64609d5b7717a0f7d1c5bf9ab4c655e226b771eecf09,1,https://www.sec.gov/Archives/edgar/data/103730/000010373026000037/form8-k.htm,9521c7d27aa1eace215b24bfe9dbb5b50cc8761bce2516a5eaf3c668f177b46f,NONE,REVIEW_REQUIRED_EVENT_EVIDENCE,False,refresh_20261009T042704Z_refresh_fundamentals_c7bbcb6dfda4_production_adc49771,2026-10-09T09:00:48Z
2334,2026,Q2,83076,2026-07-04,VSH,NOT_FOUND,PERIOD_SCOPE_REVIEW_REQUIRED,NO_EXPLICIT_QUARTER_END_MATCH_IN_RETAINED_RESULTS_CONTENT,0000103730-26-000064,8-K,vsh-20260805.htm,https://www.sec.gov/Archives/edgar/data/103730/000010373026000064/vsh-20260805.htm,2026-08-05T15:30:56Z,02b98a6a935b2bd732991c1ac28c9d0c6e11bc8c7aed317b620c2a44ad467523,38bc389cd8047412a5f7cd6c6770cade810129219fbe5054b83c41d890b4ec3f,563d25088f90f8e56965f1e800382c9225316c2a13ff9039b2bfa25bdf3005c8,1,https://www.sec.gov/Archives/edgar/data/103730/000010373026000064/vsh-20260805.htm,6a39c1ab5a658368dc437f3b61929cdc517dc32cfb45c1b559485489d8417e36,NONE,REVIEW_REQUIRED_EVENT_EVIDENCE,False,refresh_20261009T042704Z_refresh_fundamentals_c7bbcb6dfda4_production_adc49771,2026-10-09T09:00:48Z
2347,2026,Q1,83512,2026-04-03,VVX,UNRESOLVED,FINANCIAL_SCOPE_REVIEW_REQUIRED,NO_EXPLICIT_QUARTER_CONSOLIDATED_REVENUE_GAAP_NET_AND_BROAD_P_AND_L_PACKAGE,0001601548-26-000026,8-K,vec-20260504.htm,https://www.sec.gov/Archives/edgar/data/1601548/000160154826000026/vec-20260504.htm,2026-05-04T20:07:13Z,5811265791d81ab42c6267a5516dd5b9f159ca218066105d7e1be6371c16f60b,19fc5ef092c51a7c3dacfcde63d186bb867e85f76d8de3fa36736ee13a2f1536,ed53cbe8d83b9aea699d33594d51e09011636602d6f42c4563c20a8b748a3948,2,https://www.sec.gov/Archives/edgar/data/1601548/000160154826000026/vec-20260504.htm;https://www.sec.gov/Archives/edgar/data/1601548/000160154826000026/v2xq12026pressreleasevf.htm,3562473246f4c02835a692a364356c5e875d3e49477e3d18473e54f123ee755d;fc638b5dc7e7502ef4852b04370be7990f1836fc1a2f8472b4469fab1cabb52d,NONE,REVIEW_REQUIRED_EVENT_EVIDENCE,False,refresh_20261009T042704Z_refresh_fundamentals_c7bbcb6dfda4_production_adc49771,2026-10-09T09:00:48Z
2347,2026,Q2,83513,2026-07-03,VVX,UNRESOLVED,FINANCIAL_SCOPE_REVIEW_REQUIRED,NO_EXPLICIT_QUARTER_CONSOLIDATED_REVENUE_GAAP_NET_AND_BROAD_P_AND_L_PACKAGE,0001601548-26-000039,8-K,vec-20260803.htm,https://www.sec.gov/Archives/edgar/data/1601548/000160154826000039/vec-20260803.htm,2026-08-03T20:07:11Z,99e6273f39e922fa03362e33edf145c8ac74175ba58ff46a621b38ed89213261,b925d416ded3739c4f6e92a341965f8ead27f6f945f3be681f72ffaa86a5249a,ece54df6ec470362c2fc56690012054f241f583ac73cb2be90e6c9b077702253,2,https://www.sec.gov/Archives/edgar/data/1601548/000160154826000039/vec-20260803.htm;https://www.sec.gov/Archives/edgar/data/1601548/000160154826000039/a2q2026pressreleasefinal.htm,a2e33aa1a54c7ecb8e87eed56198deb3cc6ab1b39d72f5e85c425ff3ae61faa5;1f2cb1ec250c0022a5e7317320502f886d35992b7f64079e9f3516eaf919b347,NONE,REVIEW_REQUIRED_EVENT_EVIDENCE,False,refresh_20261009T042704Z_refresh_fundamentals_c7bbcb6dfda4_production_adc49771,2026-10-09T09:00:48Z
2357,2025,Q1,83914,2024-04-30,WDAY,NOT_FOUND,FINANCIAL_SCOPE_REVIEW_REQUIRED,NO_EXPLICIT_QUARTER_CONSOLIDATED_REVENUE_GAAP_NET_AND_BROAD_P_AND_L_PACKAGE,0001327811-24-000089,8-K,wday-20240523.htm,https://www.sec.gov/Archives/edgar/data/1327811/000132781124000089/wday-20240523.htm,2024-05-24T00:02:14Z,5821d70cd18c469a7c86fc3fa86893c46bab95ffbaf30d63bc25fb2d81fc961a,c3a19b27721ce7198cb8c0d799d9a8becd97c83e53941c6b422d78a547e3d91a,7bf660b95a58a4c808d47471962718f704ac43a2a6c235a7c10a6f69d73b6408,1,https://www.sec.gov/Archives/edgar/data/1327811/000132781124000089/wday-20240523.htm,3760ec38134d46d44e8a5d0537b7c2016251293f90539028615f3c245ea8be04,NONE,REVIEW_REQUIRED_EVENT_EVIDENCE,False,refresh_20261009T042704Z_refresh_fundamentals_c7bbcb6dfda4_production_adc49771,2026-10-09T09:00:48Z
2357,2025,Q2,83915,2024-07-31,WDAY,NOT_FOUND,FINANCIAL_SCOPE_REVIEW_REQUIRED,NO_EXPLICIT_QUARTER_CONSOLIDATED_REVENUE_GAAP_NET_AND_BROAD_P_AND_L_PACKAGE,0001327811-24-000163,8-K,wday-20240822.htm,https://www.sec.gov/Archives/edgar/data/1327811/000132781124000163/wday-20240822.htm,2024-08-23T00:02:41Z,068c752d69dd57bb990facac4db3508af97c0aacffd86ccfe7171ca17d38ec2b,c0f51f8227f6b233692e533815645a08e11b71c797348e3c08bd109e7fd97790,50cd70f2a8aae42503ab1267b454f0cd61bfdb80cf9e07d609586610457fbf39,1,https://www.sec.gov/Archives/edgar/data/1327811/000132781124000163/wday-20240822.htm,cd9c7dc02ea6053521d6c41b4f84be5434333a0fdff187eda123e2b66b5f0943,NONE,REVIEW_REQUIRED_EVENT_EVIDENCE,False,refresh_20261009T042704Z_refresh_fundamentals_c7bbcb6dfda4_production_adc49771,2026-10-09T09:00:48Z
2357,2026,Q1,83918,2025-04-30,WDAY,NOT_FOUND,FINANCIAL_SCOPE_REVIEW_REQUIRED,NO_EXPLICIT_QUARTER_CONSOLIDATED_REVENUE_GAAP_NET_AND_BROAD_P_AND_L_PACKAGE,0001327811-25-000105,8-K,wday-20250522.htm,https://www.sec.gov/Archives/edgar/data/1327811/000132781125000105/wday-20250522.htm,2025-05-23T00:04:39Z,19d0d7769319a223289dc45eff94244da87b9f3291370d3074155473f2ee7a80,0c92559e8626ddfdaa96b6ddbb76a3d3c69579f05f3ff0dbb3785fe5ca1b3a25,85fc6e4e9abb5711413b9968bf8dd9e5d359532c424eb840160d65f5e3f37e82,1,https://www.sec.gov/Archives/edgar/data/1327811/000132781125000105/wday-20250522.htm,da0fa9b303546fa6f43ea4c7b1a990e0fcbed1f6fe313c5a52a54b1de345ed1c,NONE,REVIEW_REQUIRED_EVENT_EVIDENCE,False,refresh_20261009T042704Z_refresh_fundamentals_c7bbcb6dfda4_production_adc49771,2026-10-09T09:00:48Z
2357,2026,Q2,83919,2025-07-31,WDAY,NOT_FOUND,FINANCIAL_SCOPE_REVIEW_REQUIRED,NO_EXPLICIT_QUARTER_CONSOLIDATED_REVENUE_GAAP_NET_AND_BROAD_P_AND_L_PACKAGE,0001327811-25-000181,8-K,wday-20250821.htm,https://www.sec.gov/Archives/edgar/data/1327811/000132781125000181/wday-20250821.htm,2025-08-22T00:05:21Z,b0d210fd0b8e85eca5098e6ea260e77c0fad529a0483b74f46eed7cdb7d7bdce,cfd5d1554754754885531fac7dfb37f29e5b3a42ec7fefc69a9575a4280a116b,3fe5832b2352bc37844a17fcd5b34bee1af2ea6838a7a88e66c3735773f296a5,1,https://www.sec.gov/Archives/edgar/data/1327811/000132781125000181/wday-20250821.htm,ab6dcd6cb9cada8cf861e478d0ce0454f9322aa344c7b84256b588ad0d6eca5d,NONE,REVIEW_REQUIRED_EVENT_EVIDENCE,False,refresh_20261009T042704Z_refresh_fundamentals_c7bbcb6dfda4_production_adc49771,2026-10-09T09:00:48Z
2367,2026,Q1,84292,2026-03-31,WEX,UNRESOLVED,FINANCIAL_SCOPE_REVIEW_REQUIRED,NO_EXPLICIT_QUARTER_CONSOLIDATED_REVENUE_GAAP_NET_AND_BROAD_P_AND_L_PACKAGE,0001309108-26-000014,8-K,wex-20260422.htm,https://www.sec.gov/Archives/edgar/data/1309108/000130910826000014/wex-20260422.htm,2026-04-23T00:36:01Z,9450752179f35e2e4108f36497a5cf5307b1d20c6889cc470073236106e8fca7,24e032d0a02f4ba55611724b2575b236c9a967c2300823f5e8b39c8eaa85ec12,bb46ceb686fb886cc90b493ec3e34558b4189c8c6d2d02b2ca893c5d2fd3b3e7,3,https://www.sec.gov/Archives/edgar/data/1309108/000130910826000014/wex-20260422.htm;https://www.sec.gov/Archives/edgar/data/1309108/000130910826000014/wexq12026earningsrelease.htm;https://www.sec.gov/Archives/edgar/data/1309108/000130910826000014/wexq12026earningssupplement.htm,9a5b57e3bba4377bfd185c41df87fc372e9bdb45d9b3454b8b7c70d07fc26471;a4e82723b0047224750f43e98983e033ee678777148a951348533d5bff9053dc;2fc6ad3f031a481d57c674847dbb937a3c18a99b0b0770998276b56c5cc7d775,NONE,REVIEW_REQUIRED_EVENT_EVIDENCE,False,refresh_20261009T042704Z_refresh_fundamentals_c7bbcb6dfda4_production_adc49771,2026-10-09T09:00:48Z
2367,2026,Q2,84293,2026-06-30,WEX,UNRESOLVED,FINANCIAL_SCOPE_REVIEW_REQUIRED,NO_EXPLICIT_QUARTER_CONSOLIDATED_REVENUE_GAAP_NET_AND_BROAD_P_AND_L_PACKAGE,0001309108-26-000026,8-K,wex-20260722.htm,https://www.sec.gov/Archives/edgar/data/1309108/000130910826000026/wex-20260722.htm,2026-07-23T00:55:18Z,f143e6f1121f47c1909e18f8d2353c04095721908289428945d5f4ad25fcec1b,75e7bbca4f162c34d475bc37809e7c6156d371b9dbe76aed6e326a90e24feed6,fc113761b1f685096478810cc2413382163e06885ab0145865c5e0204105f67c,3,https://www.sec.gov/Archives/edgar/data/1309108/000130910826000026/wex-20260722.htm;https://www.sec.gov/Archives/edgar/data/1309108/000130910826000026/wexq22026earningsrelease.htm;https://www.sec.gov/Archives/edgar/data/1309108/000130910826000026/wexq22026earningssupplement.htm,44dfb9543c74483a85b0ca1bbc134d34becebc6df7512b56d2ee7cd1b595a953;cca79830c41313122c97d6c742856bcaa860aac423e86070117658d377853911;29ae14bc176e3a6b9cb9f96330291942c8cec516d10b56c0451dc3b057d52af3,NONE,REVIEW_REQUIRED_EVENT_EVIDENCE,False,refresh_20261009T042704Z_refresh_fundamentals_c7bbcb6dfda4_production_adc49771,2026-10-09T09:00:48Z
2377,2025,Q1,84654,2025-03-31,WK,NOT_FOUND,FINANCIAL_SCOPE_REVIEW_REQUIRED,NO_EXPLICIT_QUARTER_CONSOLIDATED_REVENUE_GAAP_NET_AND_BROAD_P_AND_L_PACKAGE,0001445305-25-000090,8-K,wk-20250501.htm,https://www.sec.gov/Archives/edgar/data/1445305/000144530525000090/wk-20250501.htm,2025-05-01T20:19:19Z,c5979cb03321c6d3f55bee46db1b2868601fcdb0f8b74e2cdf3de2a8c72348d2,3c8fc5d085f23554013fb9f6cf6394a1999156a5dfff43b0bb41433f59798de4,f4045509970db0ffad2fdcd9e292b2ab673525e08f6231d726d55d7e2a8350f5,1,https://www.sec.gov/Archives/edgar/data/1445305/000144530525000090/wk-20250501.htm,f1dd0b08c8ce8ea82774224edf0f3212f8b7a731cbf1f069f2aea8960934e904,NONE,REVIEW_REQUIRED_EVENT_EVIDENCE,False,refresh_20261009T042704Z_refresh_fundamentals_c7bbcb6dfda4_production_adc49771,2026-10-09T09:00:48Z
2377,2025,Q2,84655,2025-06-30,WK,NOT_FOUND,FINANCIAL_SCOPE_REVIEW_REQUIRED,NO_EXPLICIT_QUARTER_CONSOLIDATED_REVENUE_GAAP_NET_AND_BROAD_P_AND_L_PACKAGE,0001445305-25-000124,8-K,wk-20250731.htm,https://www.sec.gov/Archives/edgar/data/1445305/000144530525000124/wk-20250731.htm,2025-07-31T20:18:14Z,636eae8b5de29c837e37ed18ebb72bf05c1ba56dfaaa76b30de8441b42b1e1a8,85b3548bd74bd0adc22a85f20378af29ad9b2b56eb6e3c4045dc1c88cd5155c2,74bf913d71b175902de2b56f21707e9776fbaf72d3fa71ef5eb864d4fe22e2a1,1,https://www.sec.gov/Archives/edgar/data/1445305/000144530525000124/wk-20250731.htm,a56525367f1fe7a8c0a835d1173b1d7f362e74cf9e99b33ae7c38759d476f3d7,NONE,REVIEW_REQUIRED_EVENT_EVIDENCE,False,refresh_20261009T042704Z_refresh_fundamentals_c7bbcb6dfda4_production_adc49771,2026-10-09T09:00:48Z
2377,2025,Q3,84656,2025-09-30,WK,NOT_FOUND,FINANCIAL_SCOPE_REVIEW_REQUIRED,NO_EXPLICIT_QUARTER_CONSOLIDATED_REVENUE_GAAP_NET_AND_BROAD_P_AND_L_PACKAGE,0001445305-25-000141,8-K,wk-20251105.htm,https://www.sec.gov/Archives/edgar/data/1445305/000144530525000141/wk-20251105.htm,2025-11-05T21:08:39Z,4e1ccd666f4220ed8812d32d5017fb416680cf6c5fc3977aea6229210ecb6a6e,69428bc4ca09803fa728ea138519e0adf98c34cc5ef8de7078abb8b87d942071,29118f13896e9b669f03fff3e96d29d7d8e85be4437a53640e672d84656c92fb,1,https://www.sec.gov/Archives/edgar/data/1445305/000144530525000141/wk-20251105.htm,2d65b21991e71d650ab9a0df95ed186845fcae6ff9cda9926d094026d7dde0fe,NONE,REVIEW_REQUIRED_EVENT_EVIDENCE,False,refresh_20261009T042704Z_refresh_fundamentals_c7bbcb6dfda4_production_adc49771,2026-10-09T09:00:48Z
2377,2025,Q4,84657,2025-12-31,WK,NOT_FOUND,FINANCIAL_SCOPE_REVIEW_REQUIRED,NO_EXPLICIT_QUARTER_CONSOLIDATED_REVENUE_GAAP_NET_AND_BROAD_P_AND_L_PACKAGE,0001445305-26-000015,8-K,wk-20260219.htm,https://www.sec.gov/Archives/edgar/data/1445305/000144530526000015/wk-20260219.htm,2026-02-19T21:05:55Z,3232699fd9f148ffbe0838971ecc90679f15f30f3340795f31e1aaa469bfac20,2607c6c5d1ee1426ceebd52fbf7a8b8b93f9f7fc44c189624c6fc75b3efaeac0,a4b5ee233f653af5345ad00a4f9a829e1d07107dda76139778c5ba8fe099e6d2,1,https://www.sec.gov/Archives/edgar/data/1445305/000144530526000015/wk-20260219.htm,a16dcd23b2bd2d53fdf50a3417476af73001d877bf3832fa0084e08882671062,NONE,REVIEW_REQUIRED_EVENT_EVIDENCE,False,refresh_20261009T042704Z_refresh_fundamentals_c7bbcb6dfda4_production_adc49771,2026-10-09T09:00:48Z
2377,2026,Q1,84658,2026-03-31,WK,NOT_FOUND,FINANCIAL_SCOPE_REVIEW_REQUIRED,NO_EXPLICIT_QUARTER_CONSOLIDATED_REVENUE_GAAP_NET_AND_BROAD_P_AND_L_PACKAGE,0001445305-26-000043,8-K,wk-20260505.htm,https://www.sec.gov/Archives/edgar/data/1445305/000144530526000043/wk-20260505.htm,2026-05-05T20:07:10Z,1450bc01d4ee2d0079dfc20a77c3b82d1a6e76f03a20e839e378ce1240626dda,52399255b0255e5687305b0a35c741426bc36277b35a569fd74075fb43a1258a,d2b5a6de283aa492a5c1a80149456c760a4c5ab38020736b3cbf5f3bd147e5e4,1,https://www.sec.gov/Archives/edgar/data/1445305/000144530526000043/wk-20260505.htm,42480fcfd80ea8b8d2de6402a8a7b271378aa5e67aa6d0ac724abd6c8512b6ed,NONE,REVIEW_REQUIRED_EVENT_EVIDENCE,False,refresh_20261009T042704Z_refresh_fundamentals_c7bbcb6dfda4_production_adc49771,2026-10-09T09:00:48Z
2377,2026,Q2,84659,2026-06-30,WK,NOT_FOUND,FINANCIAL_SCOPE_REVIEW_REQUIRED,NO_EXPLICIT_QUARTER_CONSOLIDATED_REVENUE_GAAP_NET_AND_BROAD_P_AND_L_PACKAGE,0001445305-26-000059,8-K,wk-20260804.htm,https://www.sec.gov/Archives/edgar/data/1445305/000144530526000059/wk-20260804.htm,2026-08-04T20:11:02Z,081210aa152f989f41dfcad015f9b3aeba5316a043a20ec1e172501d3f2a57a2,1cfc61fe333a8a26e0d35e8f477669f1f084b4def35c11737ee0d3e0177c21bd,80d999b56dd68529f7a22c1c17ba3e5262fb6add82f82731c8305b9de06db970,1,https://www.sec.gov/Archives/edgar/data/1445305/000144530526000059/wk-20260804.htm,e9cfb14575b686028c06f5adcd0e379a2a58587086ec15d3afdc96e779614158,NONE,REVIEW_REQUIRED_EVENT_EVIDENCE,False,refresh_20261009T042704Z_refresh_fundamentals_c7bbcb6dfda4_production_adc49771,2026-10-09T09:00:48Z
2400,2026,Q1,85524,2026-03-31,WST,UNRESOLVED,PROPOSED_REVIEWED_EVENT_OBSERVATION,EXPLICIT_QUARTER_CONSOLIDATED_EARNINGS_STATEMENT_AND_REGISTRANT_RESULTS_ANNOUNCEMENT,0000105770-26-000047,8-K,wst-20260423.htm,https://www.sec.gov/Archives/edgar/data/105770/000010577026000047/wst-20260423.htm,2026-04-23T11:11:01Z,d08c340282a6a355b51f955c785a5a8857ffaeb4151f4015a7e3c78136bf44e5,5974dd4826211244b87840d4860afb526d5b15522d7980e1acc6828c22dbb32c,d0a384e88ee189ac123a260602346e7d0c37cde74d8ee4c3291303ecf2aec76b,3,https://www.sec.gov/Archives/edgar/data/105770/000010577026000047/wst-20260423.htm;https://www.sec.gov/Archives/edgar/data/105770/000010577026000047/exh991q12026earningsrelease.htm;https://www.sec.gov/Archives/edgar/data/105770/000010577026000047/a1q26earningsdeck-final.htm,c3fb277309d2de8d992047203330d84bbac7c8b955327dcb7bb7c924637aa33a;f1886a07ddd1f816db2b5b8372ecf72d06e4c215d05f169e7e381ca69550b7c1;6bfa44099b15afda749e06145c9f041d1ed3cd3884fb845d04f0b06b61ffcddb,NONE,REVIEW_REQUIRED_EVENT_EVIDENCE,False,refresh_20261009T042704Z_refresh_fundamentals_c7bbcb6dfda4_production_adc49771,2026-10-09T09:00:48Z
2400,2026,Q2,85525,2026-06-30,WST,UNRESOLVED,PROPOSED_REVIEWED_EVENT_OBSERVATION,EXPLICIT_QUARTER_CONSOLIDATED_EARNINGS_STATEMENT_AND_REGISTRANT_RESULTS_ANNOUNCEMENT,0000105770-26-000097,8-K,wst-20260723.htm,https://www.sec.gov/Archives/edgar/data/105770/000010577026000097/wst-20260723.htm,2026-07-23T11:14:59Z,f7c154db6aa93ae734ccc1d5e1b1052a139f0f08fc4ea7fca66783b8db1bbf83,44bd2f59b80fb82bbe9b5db109f96b75f6946acbe2ebc9aad2b21f60ceb3102f,9ab2bb235ab770fe7d7032ebce1fe21c67e1746936a0cfc5f2ebc7ad2db42366,3,https://www.sec.gov/Archives/edgar/data/105770/000010577026000097/wst-20260723.htm;https://www.sec.gov/Archives/edgar/data/105770/000010577026000097/exh991q22026earningsrelease.htm;https://www.sec.gov/Archives/edgar/data/105770/000010577026000097/a2q26earningsdeck-final.htm,3acecb236af9e51d81b648fb208a138fb023bbb6a903e69e8ca508d4e2a07551;cd8d39a7e17335df2e76f73f48c8fcd19370700d36cc4fa449e293fff2c86766;aab42614a8d27d7e0fa779d8a7e5b323933fd9a7fe73357e7e330baa552024a0,NONE,REVIEW_REQUIRED_EVENT_EVIDENCE,False,refresh_20261009T042704Z_refresh_fundamentals_c7bbcb6dfda4_production_adc49771,2026-10-09T09:00:48Z
2404,2025,Q1,85682,2025-03-31,WTTR,NOT_FOUND,FINANCIAL_SCOPE_REVIEW_REQUIRED,NO_EXPLICIT_QUARTER_CONSOLIDATED_REVENUE_GAAP_NET_AND_BROAD_P_AND_L_PACKAGE,0001140361-25-017561,8-K,ef20048531_8k.htm,https://www.sec.gov/Archives/edgar/data/1693256/000114036125017561/ef20048531_8k.htm,2025-05-07T01:26:38Z,d1f8f01699e322bd0fdc6cfba59c8119791c76e47e52e5c4a458224abe3ced87,68bc3bee3a6ba0765b603ed4455cc436a05e73c0f01af69ed2be65bffac8d5eb,c7db7eb8d3ea8aeb63f95de412911730b1267a7cd41e05c6312e8fd4a3a747a3,1,https://www.sec.gov/Archives/edgar/data/1693256/000114036125017561/ef20048531_8k.htm,e5ab608bb7f3d2d710b37469e8b6e5dcfb6cf5ab946829b8588de17140d4ea06,NONE,REVIEW_REQUIRED_EVENT_EVIDENCE,False,refresh_20261009T042704Z_refresh_fundamentals_c7bbcb6dfda4_production_adc49771,2026-10-09T09:00:48Z
2404,2025,Q2,85683,2025-06-30,WTTR,NOT_FOUND,FINANCIAL_SCOPE_REVIEW_REQUIRED,NO_EXPLICIT_QUARTER_CONSOLIDATED_REVENUE_GAAP_NET_AND_BROAD_P_AND_L_PACKAGE,0001140361-25-028927,8-K,ef20053266_8k.htm,https://www.sec.gov/Archives/edgar/data/1693256/000114036125028927/ef20053266_8k.htm,2025-08-06T02:23:37Z,28e1864475b210cca2b72edc9a1535e2065d9496c8f3ff88811d369ff822b002,09f20162cf8e5cac96da5c1849f84360b05783b24d554672078c2756b1f589f3,404dc4a18aed9ae4819340c7dc995f52b77ba2fae540d5fe3048d0ad22f7bf2e,1,https://www.sec.gov/Archives/edgar/data/1693256/000114036125028927/ef20053266_8k.htm,bf271f04bd858340081a1a59bdae93cebb41d79bc1c304b11eb7bdd9d67cf042,NONE,REVIEW_REQUIRED_EVENT_EVIDENCE,False,refresh_20261009T042704Z_refresh_fundamentals_c7bbcb6dfda4_production_adc49771,2026-10-09T09:00:48Z
2404,2025,Q3,85684,2025-09-30,WTTR,NOT_FOUND,FINANCIAL_SCOPE_REVIEW_REQUIRED,NO_EXPLICIT_QUARTER_CONSOLIDATED_REVENUE_GAAP_NET_AND_BROAD_P_AND_L_PACKAGE,0001104659-25-109314,8-K,tm254551d1_8k.htm,https://www.sec.gov/Archives/edgar/data/1693256/000110465925109314/tm254551d1_8k.htm,2025-11-11T03:29:50Z,63323608f623e3ef92e3c9f3f2c5effe514fef5f4566cd98f98414387ede546f,f7f8d62c51c43028a8b08d09f9a86b5195fe3261969f5e82b29c74ed3dc2e5c9,91c99656a68ae25fc86b35921fb488d445a0a03f3456ef996bbd482f18b2fe52,1,https://www.sec.gov/Archives/edgar/data/1693256/000110465925109314/tm254551d1_8k.htm,df361946f87694d0b2f2168724ca33f7fbb996662061842b43c9828fdd657496,NONE,REVIEW_REQUIRED_EVENT_EVIDENCE,False,refresh_20261009T042704Z_refresh_fundamentals_c7bbcb6dfda4_production_adc49771,2026-10-09T09:00:48Z
2404,2025,Q4,85685,2025-12-31,WTTR,NOT_FOUND,PERIOD_SCOPE_REVIEW_REQUIRED,NO_EXPLICIT_QUARTER_END_MATCH_IN_RETAINED_RESULTS_CONTENT,0001140361-26-005834,8-K,ef20065909_8k.htm,https://www.sec.gov/Archives/edgar/data/1693256/000114036126005834/ef20065909_8k.htm,2026-02-18T03:29:55Z,e322f2fb53034dea3509026906f077ade258229bb64ef2a77b14a40b9aecd7ea,034a256188a80d8c1281bcb3f1785819d11f594e81af084e7ed2598bc0907eb5,f14b7f9eb35d1330d17170906bb4de4c7bf0425f1665429ff76c04f9a5d2d2c8,1,https://www.sec.gov/Archives/edgar/data/1693256/000114036126005834/ef20065909_8k.htm,27e24ae457c6b38deb9b79b27c2940ea9654f540b84e3be90fc5ef9b505f62f6,NONE,REVIEW_REQUIRED_EVENT_EVIDENCE,False,refresh_20261009T042704Z_refresh_fundamentals_c7bbcb6dfda4_production_adc49771,2026-10-09T09:00:48Z
2404,2026,Q1,85686,2026-03-31,WTTR,NOT_FOUND,FINANCIAL_SCOPE_REVIEW_REQUIRED,NO_EXPLICIT_QUARTER_CONSOLIDATED_REVENUE_GAAP_NET_AND_BROAD_P_AND_L_PACKAGE,0001140361-26-019129,8-K,ef20072543_form8k.htm,https://www.sec.gov/Archives/edgar/data/1693256/000114036126019129/ef20072543_form8k.htm,2026-05-06T01:16:44Z,d26690a503f665088f77c0d9dfa26f95f3fa225b2cdf6088ca1e9364b7b2cdb8,1ebd92b08da957b8f1184febeef2e31baf2cc60c8f797064b977003378a841f3,ddc96127d1c5a3e2d818fd74c2b5cdc56f58a1e5f7e8a6d1fd9127a8121d68c0,1,https://www.sec.gov/Archives/edgar/data/1693256/000114036126019129/ef20072543_form8k.htm,a9a01a6a993912507e8c7023cb29c370ea93f0ce69c8ee14d1e79ab3129897a2,NONE,REVIEW_REQUIRED_EVENT_EVIDENCE,False,refresh_20261009T042704Z_refresh_fundamentals_c7bbcb6dfda4_production_adc49771,2026-10-09T09:00:48Z
2404,2026,Q2,85687,2026-06-30,WTTR,NOT_FOUND,FINANCIAL_SCOPE_REVIEW_REQUIRED,NO_EXPLICIT_QUARTER_CONSOLIDATED_REVENUE_GAAP_NET_AND_BROAD_P_AND_L_PACKAGE,0001140361-26-031155,8-K,ef20079476_8k.htm,https://www.sec.gov/Archives/edgar/data/1693256/000114036126031155/ef20079476_8k.htm,2026-08-05T00:20:35Z,2a5bace3e1f3bfb8937b7ddb980d5f2661a1005510e4a8287d96e53d0f5a71fd,ab7f209d6866591af68ef3b03193d82d8f991e85860f2c998ecd7db7cd29e8cb,7139afe91ada9e33a8e50d339b10d13cf1fa02e9981fd9675028f204bd0547bc,1,https://www.sec.gov/Archives/edgar/data/1693256/000114036126031155/ef20079476_8k.htm,dafe66b8171ab34a559c06bd52f41e46b4da3deec35250578aa2586d7b77282e,NONE,REVIEW_REQUIRED_EVENT_EVIDENCE,False,refresh_20261009T042704Z_refresh_fundamentals_c7bbcb6dfda4_production_adc49771,2026-10-09T09:00:48Z
2431,2025,Q1,86650,2025-03-31,XXII,NOT_FOUND,FINANCIAL_SCOPE_REVIEW_REQUIRED,NO_EXPLICIT_QUARTER_CONSOLIDATED_REVENUE_GAAP_NET_AND_BROAD_P_AND_L_PACKAGE,0001641172-25-009810,8-K,form8-k.htm,https://www.sec.gov/Archives/edgar/data/1347858/000164117225009810/form8-k.htm,2025-05-13T10:03:02Z,77bacf8d619231d5a21375a755f2f1b9e6853eb0206eb653ac74bf96aaa1fd31,3ea9bca2fd094f6a66754f250c21a6bbdf27d0e6631391150299f49ee88c4715,5617881ac422c75553b8692a8052f5337adb3b7889b4524547d7ec30cb9a74f1,2,https://www.sec.gov/Archives/edgar/data/1347858/000164117225009810/form8-k.htm;https://www.sec.gov/Archives/edgar/data/1347858/000164117225009810/ex99-1.htm,c09837760fa784cfba1f0247b399599d380db5b8d7bf996a6cc8ccece0626f33;4d61c408a1c0dee69022bc48441e2ccb037426de96c3f714b21e79e250a79335,NONE,REVIEW_REQUIRED_EVENT_EVIDENCE,False,refresh_20261009T042704Z_refresh_fundamentals_c7bbcb6dfda4_production_adc49771,2026-10-09T09:00:48Z
2435,2025,Q1,86806,2025-03-29,YETI,UNRESOLVED,PROPOSED_REVIEWED_EVENT_OBSERVATION,EXPLICIT_QUARTER_CONSOLIDATED_EARNINGS_STATEMENT_AND_REGISTRANT_RESULTS_ANNOUNCEMENT,0001670592-25-000022,8-K,yeti-20250508.htm,https://www.sec.gov/Archives/edgar/data/1670592/000167059225000022/yeti-20250508.htm,2025-05-08T10:10:15Z,b1a8542fd4d4b3a8de49b16b3bcf711a1277ae97dc2bdb8d1b4d9e01b88e0008,977427aa45e531fe495f2b34df7e1e0079d00548669b39cc2e98eb0359d08811,da2be2d8401f50cb9bdf6affbfd2af1eba7d67bb37698ea72e3acf14f8938b9d,2,https://www.sec.gov/Archives/edgar/data/1670592/000167059225000022/yeti-20250508.htm;https://www.sec.gov/Archives/edgar/data/1670592/000167059225000022/yeti-20250508xex991pressre.htm,55b98219351e34dba41dcae65e3b78034bd129f71e6e67fad666a26e23bc4d7b;e8191d80b84223d336eaf5db1fb94eb41f37215a3bff0caefd2647d120d0bccb,NONE,REVIEW_REQUIRED_EVENT_EVIDENCE,False,refresh_20261009T042704Z_refresh_fundamentals_c7bbcb6dfda4_production_adc49771,2026-10-09T09:00:48Z
2435,2025,Q2,86807,2025-06-28,YETI,UNRESOLVED,PROPOSED_REVIEWED_EVENT_OBSERVATION,EXPLICIT_QUARTER_CONSOLIDATED_EARNINGS_STATEMENT_AND_REGISTRANT_RESULTS_ANNOUNCEMENT,0001670592-25-000038,8-K,yeti-20250807.htm,https://www.sec.gov/Archives/edgar/data/1670592/000167059225000038/yeti-20250807.htm,2025-08-07T10:04:51Z,e0263f6d3c641ee0ef4625f96ddbfb2d4df71890ba7cdd0ecd981051441b3c02,47bfc5db404fef314b7e0cf4f9e1f3a76512f8d443cbb1018715af6f0a47312a,2720e0de8b79a519899a64b1b05a930f4a71121dff4e7dd9fbd35fc6ebef814d,2,https://www.sec.gov/Archives/edgar/data/1670592/000167059225000038/yeti-20250807.htm;https://www.sec.gov/Archives/edgar/data/1670592/000167059225000038/yeti-20250807xex991pressre.htm,4b2dcf2e1992c20a37fcfb3a0f25ac6b97aad93e50fb16b682764cb4e7fa022a;49d71a1f221d90e99e4fb5acbcc7db93160664250c42057723a992472917d53f,NONE,REVIEW_REQUIRED_EVENT_EVIDENCE,False,refresh_20261009T042704Z_refresh_fundamentals_c7bbcb6dfda4_production_adc49771,2026-10-09T09:00:48Z
2435,2025,Q3,86808,2025-09-27,YETI,UNRESOLVED,PROPOSED_REVIEWED_EVENT_OBSERVATION,EXPLICIT_QUARTER_CONSOLIDATED_EARNINGS_STATEMENT_AND_REGISTRANT_RESULTS_ANNOUNCEMENT,0001670592-25-000046,8-K,yeti-20251106.htm,https://www.sec.gov/Archives/edgar/data/1670592/000167059225000046/yeti-20251106.htm,2025-11-06T11:03:29Z,206e07d807ece293e234ddc1fe8c0f9de7b1fbc31de03c89e5ca45beb04859ae,15fe2722c01aa0cbe6b72fc84bf01ee5eec60327f74462af6eb62af50318ee38,b7e683a7f668f0e83fb6120ec95d41d13bc1f326088d6f91a7eefd3d93c201e3,2,https://www.sec.gov/Archives/edgar/data/1670592/000167059225000046/yeti-20251106.htm;https://www.sec.gov/Archives/edgar/data/1670592/000167059225000046/yeti-20251106xex991pressre.htm,187de92418e8276350c8f8df43b3078ad367721cec9dec2e57a1eb83f7ea37f7;3a36fb412de29533603305cce4c19aced26862906b0bf573b581bb04b2ea3b16,NONE,REVIEW_REQUIRED_EVENT_EVIDENCE,False,refresh_20261009T042704Z_refresh_fundamentals_c7bbcb6dfda4_production_adc49771,2026-10-09T09:00:48Z
2435,2025,Q4,86809,2026-01-03,YETI,UNRESOLVED,PROPOSED_REVIEWED_EVENT_OBSERVATION,EXPLICIT_QUARTER_CONSOLIDATED_EARNINGS_STATEMENT_AND_REGISTRANT_RESULTS_ANNOUNCEMENT,0001670592-26-000004,8-K,yeti-20260219.htm,https://www.sec.gov/Archives/edgar/data/1670592/000167059226000004/yeti-20260219.htm,2026-02-19T11:08:48Z,efa87ab1c1a9b173e3466fbceda762f4ee3606f877d26a01c475384a6bffbc45,75539e14a5c16b5ba8e867e5c9593937d9f549a8d8c027d14ae8407edfb991c3,6faa1321706de02b5c1cff600a12be0186360666e706c8946a07649447bfc427,2,https://www.sec.gov/Archives/edgar/data/1670592/000167059226000004/yeti-20260219.htm;https://www.sec.gov/Archives/edgar/data/1670592/000167059226000004/yeti-20260219xex991pressre.htm,7edb046627c6b4156af0c3ecf444645ac804bf76f1558cc05f049755ce7a4e87;d277e35636f097f4f6f3030994ade3a793822d6957e19e0d8ff91b2060a94967,NONE,REVIEW_REQUIRED_EVENT_EVIDENCE,False,refresh_20261009T042704Z_refresh_fundamentals_c7bbcb6dfda4_production_adc49771,2026-10-09T09:00:48Z
2520,2025,Q1,89363,2024-09-30,INNV,NOT_FOUND,FINANCIAL_SCOPE_REVIEW_REQUIRED,NO_EXPLICIT_QUARTER_CONSOLIDATED_REVENUE_GAAP_NET_AND_BROAD_P_AND_L_PACKAGE,0001834376-24-000084,8-K,innv-20241105.htm,https://www.sec.gov/Archives/edgar/data/1834376/000183437624000084/innv-20241105.htm,2024-11-05T21:07:17Z,4e93bd57a24910d5e1d95321cba45a6e5c225df6e5203ec603a9311bcc8d7eb8,ea9b377732035dfa5582dd98cf709ca64b1b7bf3e8958bdcac16deb18ea19725,a877efd6f04007e11c8ea4656cbf862f5ecd0948e6e1e1f1275749d6c48fdb01,1,https://www.sec.gov/Archives/edgar/data/1834376/000183437624000084/innv-20241105.htm,4fe3ec23356d4be8ec6629b17e8a9f4b3918e8e21350d2eb0976ffe28db19435,NONE,REVIEW_REQUIRED_EVENT_EVIDENCE,False,refresh_20261009T042704Z_refresh_fundamentals_c7bbcb6dfda4_production_adc49771,2026-10-09T09:00:48Z
2520,2025,Q2,89364,2024-12-31,INNV,NOT_FOUND,FINANCIAL_SCOPE_REVIEW_REQUIRED,NO_EXPLICIT_QUARTER_CONSOLIDATED_REVENUE_GAAP_NET_AND_BROAD_P_AND_L_PACKAGE,0001834376-25-000002,8-K,innv-20250204.htm,https://www.sec.gov/Archives/edgar/data/1834376/000183437625000002/innv-20250204.htm,2025-02-04T21:07:12Z,524aecf58a6f981fc7b86d8a622055b4492cdcffd84807231b4d06c3ac231cbf,3648c70b9c18137f73545cfdff03fff16659e46bf2578daedccbee0edc91bc4f,48de4a48fd98f2c0ad6700e73ba4559b6f548f05c7b4f82d9a729b1cf30a6f35,1,https://www.sec.gov/Archives/edgar/data/1834376/000183437625000002/innv-20250204.htm,8a03b163cc0738acf4c1aa2db2e570ab41903bd36f3623e591b9a4690713d311,NONE,REVIEW_REQUIRED_EVENT_EVIDENCE,False,refresh_20261009T042704Z_refresh_fundamentals_c7bbcb6dfda4_production_adc49771,2026-10-09T09:00:48Z
2520,2025,Q3,89365,2025-03-31,INNV,NOT_FOUND,FINANCIAL_SCOPE_REVIEW_REQUIRED,NO_EXPLICIT_QUARTER_CONSOLIDATED_REVENUE_GAAP_NET_AND_BROAD_P_AND_L_PACKAGE,0001834376-25-000009,8-K,innv-20250506.htm,https://www.sec.gov/Archives/edgar/data/1834376/000183437625000009/innv-20250506.htm,2025-05-06T20:09:56Z,6da334e402f2a42c4d40401fa3911854b520dd5b14242367d772898be7cb6c9d,530ff1e40b989dee728537ac0af9cacf0a5b016d878cfdac50cb35ca959092b4,8dfb2221128742f337d938c65ac3d238640ff8ac0fcba2334e1863d236a2fa7c,1,https://www.sec.gov/Archives/edgar/data/1834376/000183437625000009/innv-20250506.htm,462ce20bac0a5502ddec727dfa5060a34bd6511f2946af79e6c156997db2bd1d,NONE,REVIEW_REQUIRED_EVENT_EVIDENCE,False,refresh_20261009T042704Z_refresh_fundamentals_c7bbcb6dfda4_production_adc49771,2026-10-09T09:00:48Z
2520,2025,Q4,89366,2025-06-30,INNV,NOT_FOUND,PERIOD_SCOPE_REVIEW_REQUIRED,NO_EXPLICIT_QUARTER_END_MATCH_IN_RETAINED_RESULTS_CONTENT,0001834376-25-000060,8-K,innv-20250909.htm,https://www.sec.gov/Archives/edgar/data/1834376/000183437625000060/innv-20250909.htm,2025-09-09T20:08:23Z,f4f5c8b4f9871c7eac4c01601c64914e5e9729cb7960174d7742123e0d80ce43,7a34b84c1a39cd4bfaa480051397a596ad7c0b158df17ccc3bff67fda9168675,199fd28a52e39bc8c6c8c1b3b600a925c940667b5cb96c5d55ede5e08b0b07bb,1,https://www.sec.gov/Archives/edgar/data/1834376/000183437625000060/innv-20250909.htm,65e294107165b97f72790a64d3f3df9134751a59ac72d31f070327a084b48a61,NONE,REVIEW_REQUIRED_EVENT_EVIDENCE,False,refresh_20261009T042704Z_refresh_fundamentals_c7bbcb6dfda4_production_adc49771,2026-10-09T09:00:48Z
2520,2026,Q1,89367,2025-09-30,INNV,NOT_FOUND,FINANCIAL_SCOPE_REVIEW_REQUIRED,NO_EXPLICIT_QUARTER_CONSOLIDATED_REVENUE_GAAP_NET_AND_BROAD_P_AND_L_PACKAGE,0001834376-25-000072,8-K,innv-20251104.htm,https://www.sec.gov/Archives/edgar/data/1834376/000183437625000072/innv-20251104.htm,2025-11-04T21:08:13Z,5d6922112ad738a34a1f5dfbb5f5aed7f389d3aef53e0a3b00faf7e8aa7cdf56,9d8319a0c6b8910c3b3d482b485d54e261b31ac57d8063b19b7eb051aaa1a5f2,57758c33d04abdc875aa68dbf5b189a361ee353ae6840b6cc4171d6b706242da,1,https://www.sec.gov/Archives/edgar/data/1834376/000183437625000072/innv-20251104.htm,a6b1a875b1bf5886e445e624f1eef755f8c60cef946f0231fa11ce9a346212e1,NONE,REVIEW_REQUIRED_EVENT_EVIDENCE,False,refresh_20261009T042704Z_refresh_fundamentals_c7bbcb6dfda4_production_adc49771,2026-10-09T09:00:48Z
2520,2026,Q2,89368,2025-12-31,INNV,NOT_FOUND,FINANCIAL_SCOPE_REVIEW_REQUIRED,NO_EXPLICIT_QUARTER_CONSOLIDATED_REVENUE_GAAP_NET_AND_BROAD_P_AND_L_PACKAGE,0001834376-26-000012,8-K,innv-20260203.htm,https://www.sec.gov/Archives/edgar/data/1834376/000183437626000012/innv-20260203.htm,2026-02-03T21:06:52Z,82c14d4e62b78f796c83bbbfca49e64409907b50db8f2de7d7efe46d80e4d247,e53b81b3f434b174b2a3581528bab7a2ddb15ef54933156701ff958421d49aab,1430ebc2c5f13aaf1ccf144c5b803434b4b0a6efee5044eaadb2759f9676802a,1,https://www.sec.gov/Archives/edgar/data/1834376/000183437626000012/innv-20260203.htm,41d837beb5be9f520aff32fb635034ea075e88052468a348b0590be3e6606dd2,NONE,REVIEW_REQUIRED_EVENT_EVIDENCE,False,refresh_20261009T042704Z_refresh_fundamentals_c7bbcb6dfda4_production_adc49771,2026-10-09T09:00:48Z
