ticker,company_id,security_category,provider_security_type,official_security_type,official_evidence_urls,active_security_count,related_tickers,sharesbas,shareswa,shareswadil,sharefactor,provider_price,provider_marketcap,provider_pb,equityusd,provider_date,source_availability_date,reportperiod,observation_id,content_hash,current_price,current_price_date,current_pb_reason,economic_shares_from_cap,economic_shares_from_pb,economic_shares_from_factor,cap_vs_factor_diff_pct,pb_vs_cap_diff_pct,pb_absolute_residual,cohort_category,identity_result,class_structure_result,adr_result,ownership_contract_result,recommended_classification,notes,historical_price_diff_pct,factor_one_release_reason,economic_factor_release_reason,independent_basis_supported,official_factor,official_provider_type_conflict,primary_deep_dive,provider_age_days,official_factor_cap_diff_pct,pb_vs_factor_diff_pct
ABEO,12,Domestic Common Stock Primary Class,Domestic Common Stock Primary Class,,,1,AKC ACCPD PTBI AKCA ACCP,57184017.0,57048385.0,57048385.0,1.0,6.345,362832588.0,2.833,128058000.0,2026-08-13,2026-08-13,2026-06-30,8e5bd27b31e04fda47f51741abd4ba683d99cfddf53e517a969dfba38e792564,b88064df14f876971f7e6b6b431921532f232706f856587cdc4a5f573d6aa728,5.010000228881836,2026-10-06,OWNERSHIP_BASIS_UNVERIFIED,57184017.0212766,57177039.24349882,57184017.0,3.7207248393400505e-08,0.012202321804688498,0.00034573396429715686,PRIMARY_CLASS,PROVIDER_METADATA_ONLY,UNREVIEWED,NOT_PROVEN_ADR,UNREVIEWED,REQUIRES_MORE_EVIDENCE,"Formula reconciles, but neither metadata nor canonical one-active-security count proves complete legal/economic common share perimeter. No official issuer deep dive in bounded sample; hold pending evidence.",3.3066721694119394e-06,OK,OK,False,,False,False,55,,0.012202284601980917
ABR,17,Domestic Common Stock Primary Class,Domestic Common Stock Primary Class,,,1,ABR-PC ABR-PE ABR-PF ABRN ABR-PB ABR-PD ABR-PA,186558043.0,190806800.0,190806800.0,1.0,5.01,934655795.0,0.336,2777935000.0,2026-07-31,2026-07-31,2026-06-30,e5269a4cd6e099d4b4b74289cd641f8cfcabdd6f6cf3045cb7d8e22c75bb807f,af225a76bbb5704ec68c0df5742025b43854613a863ec2761c0af2e2543dd7df,3.490000009536743,2026-10-06,OWNERSHIP_BASIS_UNVERIFIED,186558042.91417167,186304622.75449103,186558043.0,4.600624325945546e-08,0.1358398467962152,0.000457042731381363,PRIMARY_CLASS,PROVIDER_METADATA_ONLY,UNREVIEWED,NOT_PROVEN_ADR,UNREVIEWED,REQUIRES_MORE_EVIDENCE,"Formula reconciles, but neither metadata nor canonical one-active-security count proves complete legal/economic common share perimeter. No official issuer deep dive in bounded sample; hold pending evidence.",4.568499734070031e-06,OK,OK,False,,False,False,68,,0.135839892739964
ACDC,25,Domestic Common Stock Primary Class,Domestic Common Stock Primary Class,,,1,PFHC,182122762.0,182000000.0,182000000.0,1.0,4.465,813178132.0,1.499,542500000.0,2026-08-06,2026-08-06,2026-06-30,d8e57659ccdad35491d49af5521c8770ced0c3929764e002533c84e36cfd545a,9d13b0caa4a014cd0091b28c2039dd2b0a4364e5f860e4a406ead7f708e3fadd,4.875,2026-10-06,OWNERSHIP_BASIS_UNVERIFIED,182122761.92609182,182129339.30571112,182122762.0,4.0581515925453004e-08,0.003611508824996612,5.413456221203816e-05,PRIMARY_CLASS,PROVIDER_METADATA_ONLY,UNREVIEWED,NOT_PROVEN_ADR,UNREVIEWED,REQUIRES_MORE_EVIDENCE,"Formula reconciles, but neither metadata nor canonical one-active-security count proves complete legal/economic common share perimeter. No official issuer deep dive in bounded sample; hold pending evidence.",3.417421967633061e-06,OK,OK,False,,False,False,62,,0.0036114682420151922
ACEL,26,Domestic Common Stock Primary Class,Domestic Common Stock Primary Class,,,1,TPGH TPGH.U,81193475.0,82039000.0,83415000.0,1.0,12.16,987312656.0,3.478,283864000.0,2026-08-04,2026-08-04,2026-06-30,84b259c573a3800248ab6a3e1e4bfdbbd9f0919a95cbfe7e0aa767ec778ef3be,deb687eb37dd5ba613ae60117d7700a75cfc4498a251c15507f08499b734a519,10.9399995803833,2026-10-06,OWNERSHIP_BASIS_UNVERIFIED,81193475.0,81190706.57894737,81193475.0,0.0,0.0034096595233013005,0.00011859200180364127,PRIMARY_CLASS,PROVIDER_METADATA_ONLY,UNREVIEWED,NOT_PROVEN_ADR,UNREVIEWED,REQUIRES_MORE_EVIDENCE,"Formula reconciles, but neither metadata nor canonical one-active-security count proves complete legal/economic common share perimeter. No official issuer deep dive in bounded sample; hold pending evidence.",1.2548346250973452e-06,OK,OK,False,,False,False,64,,0.0034096595233013005
ACHR,28,Domestic Common Stock Primary Class,Domestic Common Stock Primary Class,,,1,ACIC ACIC.U,770023800.0,781700000.0,781700000.0,1.0,6.26,4820348988.0,2.579,1869000000.0,2026-08-10,2026-08-10,2026-06-30,5047c50cc4ad1ff9717204faf5056b503c9513744a6a07759a4eafd01d19c7cd,327352a709ef5d15faf0dc1a0651d3139f31f24672400c84f7d74c4ac455526e,4.650000095367432,2026-10-06,OWNERSHIP_BASIS_UNVERIFIED,770023800.0,769992172.5239617,770023800.0,0.0,0.00410733746649683,0.0001059325842693859,PRIMARY_CLASS,PROVIDER_METADATA_ONLY,UNREVIEWED,NOT_PROVEN_ADR,UNREVIEWED,REQUIRES_MORE_EVIDENCE,"Formula reconciles, but neither metadata nor canonical one-active-security count proves complete legal/economic common share perimeter. No official issuer deep dive in bounded sample; hold pending evidence.",3.6562593619393624e-06,OK,OK,False,,False,False,58,,0.00410733746649683
AD,42,Domestic Common Stock Primary Class,Domestic Common Stock Primary Class,,,1,UZA UZF UZB UZE UZC USM UZG UZD,86500000.0,86482000.0,86510000.0,1.0,35.24,3048260000.0,2.409,1265532000.0,2026-08-07,2026-08-07,2026-06-30,b9cb933df387f3295b1b6f74cbf172108a8d9b778cbffa230551e16b1d3f1589,66b475baf326383414b17d66171fc502eba3518553fd44ed1174ef9863525363,34.31999969482422,2026-10-06,OWNERSHIP_BASIS_UNVERIFIED,86500000.0,86511537.68444946,86500000.0,0.0,0.013338363525394747,0.0003212783240562622,PRIMARY_CLASS,PROVIDER_METADATA_ONLY,UNREVIEWED,NOT_PROVEN_ADR,UNREVIEWED,REQUIRES_MORE_EVIDENCE,"Formula reconciles, but neither metadata nor canonical one-active-security count proves complete legal/economic common share perimeter. No official issuer deep dive in bounded sample; hold pending evidence.",4.7629591160003315e-06,OK,OK,False,,False,False,61,,0.013338363525394747
ADAM,43,Domestic Common Stock Primary Class,Domestic Common Stock Primary Class,,,1,ADAMK ADAMM NYMTN ADAMO NYMTG NTR NYMTM NYMTH NYMTL ADAMN NYMTO NYMTI ADAML ADAMG ADAMH NYMMP NYMTP NMTR NYMT NYMTZ ADAMI ADAMZ,89879786.0,89979000.0,92348000.0,1.0,9.07,815209659.0,0.554,1472463000.0,2026-07-31,2026-07-31,2026-06-30,5125fbe2d5b61a8aa937032e35cae5bfe336038bae03be7f675c7b7d565ea9d2,b41eba77c774e11353e71414aa1cbb6d6f14ad34faa3ca2779805078d9fa85e2,7.71999979019165,2026-10-06,OWNERSHIP_BASIS_UNVERIFIED,89879785.99779493,89938754.35501654,89879786.0,2.4533486353561784e-09,0.06560803028954343,0.0003632301796377968,PRIMARY_CLASS,PROVIDER_METADATA_ONLY,UNREVIEWED,NOT_PROVEN_ADR,UNREVIEWED,REQUIRES_MORE_EVIDENCE,"Formula reconciles, but neither metadata nor canonical one-active-security count proves complete legal/economic common share perimeter. No official issuer deep dive in bounded sample; hold pending evidence.",3.3646723407443346e-06,OK,OK,False,,False,False,68,,0.06560802783457387
ADC,45,Domestic Common Stock Primary Class,Domestic Common Stock Primary Class,,,1,ADC-PA,124379310.0,119996944.0,120487256.0,1.0,78.41,9752581697.0,1.496,6520136000.0,2026-07-30,2026-07-30,2026-06-30,c03dbb8fd34d53eefbf50e7551f53cd9ef92d7fd18cfb7c9c99e6e046a4b6d42,51d3f2bc02cc37757cfc21a1537eb21ffdf1d5f0165971b99e7864be7823c76d,65.79000091552734,2026-10-06,OWNERSHIP_BASIS_UNVERIFIED,124379309.99872465,124398972.78408366,124379310.0,1.0253575766228096e-09,0.015808726836641362,0.00023646117197562155,PRIMARY_CLASS,PROVIDER_METADATA_ONLY,UNREVIEWED,NOT_PROVEN_ADR,UNREVIEWED,REQUIRES_MORE_EVIDENCE,"Formula reconciles, but neither metadata nor canonical one-active-security count proves complete legal/economic common share perimeter. No official issuer deep dive in bounded sample; hold pending evidence.",4.670462150357935e-06,OK,OK,False,,False,False,69,,0.015808725811128355
ADV,58,Domestic Common Stock Primary Class,Domestic Common Stock Primary Class,,,1,CPAAU1 CPAAU CPAA,12822230.0,12916928.0,12916928.0,1.0,33.02,423390035.0,1.054,401819000.0,2026-08-05,2026-08-05,2026-06-30,c864a12b4368b496fc9c3b60bf511febc05bdf6cb0359a27b91d3c4cd21c5fa8,278bbb1fe454fe71c227b00f4842035788b82f04a1369ed5e9a7190b5350f7fc,27.25,2026-10-06,OWNERSHIP_BASIS_UNVERIFIED,12822230.01211387,12826081.95033313,12822230.0,9.447552740127207e-08,0.030041094377675215,0.0003165380432483822,PRIMARY_CLASS,PROVIDER_METADATA_ONLY,UNREVIEWED,NOT_PROVEN_ADR,UNREVIEWED,REQUIRES_MORE_EVIDENCE,"Formula reconciles, but neither metadata nor canonical one-active-security count proves complete legal/economic common share perimeter. No official issuer deep dive in bounded sample; hold pending evidence.",1.3863224346266634e-06,OK,OK,False,,False,False,63,,0.030041188881568814
AEP,65,Domestic Common Stock Primary Class,Domestic Common Stock Primary Class,,,1,AEP-PB AEP-PC AEPOU AEPPL AEPPZ AEPCU,544397352.0,544163341.0,550628111.0,1.0,127.78,69563093639.0,2.168,32079000000.0,2026-07-30,2026-07-30,2026-06-30,1a157f65991d9848001e0f5ed6c6ebc154977a97f8c6b4fca5ab9d8f44905965,85e6ccfd274bd922c6efb651ed03c67a40b528ecd37dba30fc52c7ecdd651913,121.66999816894531,2026-10-06,OWNERSHIP_BASIS_UNVERIFIED,544397352.0034434,544273532.634215,544397352.0,6.325051593591979e-10,0.02274430042187303,0.0004932086099938005,PRIMARY_CLASS,PROVIDER_METADATA_ONLY,UNREVIEWED,NOT_PROVEN_ADR,UNREVIEWED,REQUIRES_MORE_EVIDENCE,"Formula reconciles, but neither metadata nor canonical one-active-security count proves complete legal/economic common share perimeter. No official issuer deep dive in bounded sample; hold pending evidence.",9.553162705344675e-07,OK,OK,False,,False,False,69,,0.0227442997895011
AES,66,Domestic Common Stock Primary Class,Domestic Common Stock Primary Class,,,1,AESC AESUU,713438630.0,715000000.0,715000000.0,1.0,14.68,10473279088.0,2.119,4942000000.0,2026-08-04,2026-08-04,2026-06-30,c4d29c2a9ffb9c04e54dec6bd70318e37ca8b46c880666d81cac5a8b04bbad8e,060542a14add76c1bbb8857860b8a378621e5b52c061adfb853b604464e750ec,14.930000305175781,2026-10-06,OWNERSHIP_BASIS_UNVERIFIED,713438629.9727521,713358174.3869212,713438630.0,3.819233818092016e-09,0.011277155798805616,0.00023898988263848508,PRIMARY_CLASS,PROVIDER_METADATA_ONLY,UNREVIEWED,NOT_PROVEN_ADR,UNREVIEWED,REQUIRES_MORE_EVIDENCE,"Formula reconciles, but neither metadata nor canonical one-active-security count proves complete legal/economic common share perimeter. No official issuer deep dive in bounded sample; hold pending evidence.",2.078854088871651e-06,OK,OK,False,,False,False,64,,0.01127715961761755
AEVA,68,Domestic Common Stock Primary Class,Domestic Common Stock Primary Class,,,1,IPV IPV.U,69705758.0,64672666.0,64672666.0,1.0,25.26,1760767447.0,63.958,27530000.0,2026-08-06,2026-08-06,2026-06-30,9728f470c3aba451ad3d218add9456c739c21ff349ebdefcf7550c3c0434553d,3a6b1cfde2e6399afd73e4620619a7a7ff968149909ffd268e800f546525ff0b,14.569999694824219,2026-10-06,OWNERSHIP_BASIS_UNVERIFIED,69705757.99683294,69705611.24307205,69705758.0,4.543476705975991e-09,0.0002105331971202773,0.00013465310570381916,PRIMARY_CLASS,PROVIDER_METADATA_ONLY,UNREVIEWED,NOT_PROVEN_ADR,UNREVIEWED,REQUIRES_MORE_EVIDENCE,"Formula reconciles, but neither metadata nor canonical one-active-security count proves complete legal/economic common share perimeter. No official issuer deep dive in bounded sample; hold pending evidence.",9.061038586111181e-07,OK,OK,False,,False,False,62,,0.00021053774058588104
AGNC,75,Domestic Common Stock Primary Class,Domestic Common Stock Primary Class,,,1,AGNCM AGNCL AGNCB AGNCP1 AGNCP AGNCZ AGNCN AGNCO,1185481447.0,1157600000.0,1162000000.0,1.0,10.66,12637232225.0,1.008,12543000000.0,2026-07-31,2026-07-31,2026-06-30,93d0c169283cc6d71f1337bf3b3febc1305d8b07700f7d1e6a4a32fac0ba8301,bf0e2c8471f24fffed1ef404a8eabec1baa2ac220f5f98458984ef7bde82d0eb,8.699999809265137,2026-10-06,OWNERSHIP_BASIS_UNVERIFIED,1185481446.998124,1186054784.24015,1185481447.0,1.5825118993006981e-10,0.048363240392990114,0.0004872658056287449,PRIMARY_CLASS,PROVIDER_METADATA_ONLY,UNREVIEWED,NOT_PROVEN_ADR,UNREVIEWED,REQUIRES_MORE_EVIDENCE,"Formula reconciles, but neither metadata nor canonical one-active-security count proves complete legal/economic common share perimeter. No official issuer deep dive in bounded sample; hold pending evidence.",1.4314061047571158e-06,OK,OK,False,,False,False,68,,0.04836324023467231
AHCO,78,Domestic Common Stock Primary Class,Domestic Common Stock Primary Class,,,1,DFBH DFBHU,136344196.0,136120000.0,136120000.0,1.0,6.71,914869555.0,0.664,1378466000.0,2026-08-04,2026-08-04,2026-06-30,818e79d978da484ca32751204e7ae985bf4ae81a33f79eed8b0e56aa66cfcd49,7d599a516498041719d03134bb9c8abf08f5d6a4388f484a22c550083e12f6bf,5.769999980926514,2026-10-06,OWNERSHIP_BASIS_UNVERIFIED,136344195.97615498,136408557.97317436,136344196.0,1.7488832604328763e-08,0.04720552756836138,0.00031329680964209405,PRIMARY_CLASS,PROVIDER_METADATA_ONLY,UNREVIEWED,NOT_PROVEN_ADR,UNREVIEWED,REQUIRES_MORE_EVIDENCE,"Formula reconciles, but neither metadata nor canonical one-active-security count proves complete legal/economic common share perimeter. No official issuer deep dive in bounded sample; hold pending evidence.",5.685092840934658e-07,OK,OK,False,,False,False,64,,0.04720551007126872
AIMD,83,Domestic Common Stock Primary Class,Domestic Common Stock Primary Class,,,1,AMAR,7384073.0,7357150.0,7357150.0,1.0,1.45,10706906.0,3.26,3283985.0,2026-08-03,2026-08-03,2026-06-30,55cd6aaf3cec5dd833d59fe69c793ef7e9ddfe79910f57ea1fb53e5f1272c151,7cbb5bc22378d3689a269e8bb68285b55f9f73afbd428eba6515bc7d5049980f,1.2899999618530273,2026-10-06,OWNERSHIP_BASIS_UNVERIFIED,7384073.103448276,7383304.206896552,7384073.0,1.4009649551560699e-06,0.010412905464940447,0.00033949606956218403,PRIMARY_CLASS,PROVIDER_METADATA_ONLY,UNREVIEWED,NOT_PROVEN_ADR,UNREVIEWED,REQUIRES_MORE_EVIDENCE,"Formula reconciles, but neither metadata nor canonical one-active-security count proves complete legal/economic common share perimeter. No official issuer deep dive in bounded sample; hold pending evidence.",3.2885321354925168e-06,OK,OK,False,,False,False,65,,0.010411504645857494
AIRJ,88,Domestic Common Stock Primary Class,Domestic Common Stock Primary Class,,,1,XPDBU XPDB,73347394.0,69735011.0,69735011.0,1.0,6.04,443018260.0,1.782,248637802.0,2026-08-14,2026-08-14,2026-06-30,001ba2e1ae8b0596f375575c6388a6b60bfb2924eb56ed888d72bbaa0932f575,c5937b31f19268e48fa4b504a1a228321daf42cc6142876b0c3a340344c3e655,3.819999933242798,2026-10-06,OWNERSHIP_BASIS_UNVERIFIED,73347394.0397351,73356384.62980133,73347394.0,5.4173832086945595e-08,0.012257545321059382,0.0002184026868126132,PRIMARY_CLASS,PROVIDER_METADATA_ONLY,UNREVIEWED,NOT_PROVEN_ADR,UNREVIEWED,REQUIRES_MORE_EVIDENCE,"Formula reconciles, but neither metadata nor canonical one-active-security count proves complete legal/economic common share perimeter. No official issuer deep dive in bounded sample; hold pending evidence.",6.315723943828289e-07,OK,OK,False,,False,False,54,,0.012257599501541705
AIV,92,Domestic Common Stock Primary Class,Domestic Common Stock Primary Class,,,1,AIVXP AIV-PZ AIV-PA,143856183.0,143856183.0,,1.0,4.32,621458711.0,0.925,671569000.0,2026-05-11,2026-05-11,2026-03-31,f8a8874397a1e3b0e821c5182b8c64d59e91ae98adf850d66b1fed34884be017,30d7167373fee14a3d789af1e863b52f54bb838092fe7b003dbacf11f15dbe5a,1.8700000047683716,2026-10-06,OWNERSHIP_BASIS_UNVERIFIED,143856183.10185185,143796603.00925925,143856183.0,7.080116493085598e-08,0.04141642806581025,0.0003832606924977222,PRIMARY_CLASS,PROVIDER_METADATA_ONLY,UNREVIEWED,NOT_PROVEN_ADR,UNREVIEWED,REQUIRES_MORE_EVIDENCE,"Formula reconciles, but neither metadata nor canonical one-active-security count proves complete legal/economic common share perimeter. No official issuer deep dive in bounded sample; hold pending evidence.",3.973642970223068e-06,OK,OK,False,,False,False,149,,0.04141635729396631
ALB,97,Domestic Common Stock Primary Class,Domestic Common Stock Primary Class,,,1,ALB-PA,118005057.0,117961000.0,136212000.0,1.0,118.84,14023720974.0,1.365,10275169000.0,2026-08-05,2026-08-05,2026-06-30,db490a29e717e62cd6d2c857651bff109e846100eeb9269b73a919173284851c,b9bba13e7e14514a86b68c4a04de87f2121fff47b0ea532f897057cb3ab54233,106.3499984741211,2026-10-06,OWNERSHIP_BASIS_UNVERIFIED,118005057.00100976,118020916.23190844,118005057.0,8.556932939995932e-10,0.013439450225027905,0.00018342384441560888,PRIMARY_CLASS,PROVIDER_METADATA_ONLY,UNREVIEWED,NOT_PROVEN_ADR,UNREVIEWED,REQUIRES_MORE_EVIDENCE,"Formula reconciles, but neither metadata nor canonical one-active-security count proves complete legal/economic common share perimeter. No official issuer deep dive in bounded sample; hold pending evidence.",3.08154609607314e-06,OK,OK,False,,False,False,63,,0.013439451080854425
ALIT,106,Domestic Common Stock Primary Class,Domestic Common Stock Primary Class,,,1,WPF.U WPF,26939093.0,26939093.0,,1.0,17.18,462813618.0,0.452,1024000000.0,2026-08-04,2026-08-04,2026-06-30,aab6c438864bdfae657ccbfe12726c1f0ecc6d595b5362a25715972b9aad00ae,3a91bf301198ede1a8dfe2bc006ea5e7e5f4fdc66cbbc91e33cc20d9a434b428,9.0600004196167,2026-10-06,OWNERSHIP_BASIS_UNVERIFIED,26939093.015133876,26941094.295692667,26939093.0,5.617811771330139e-08,0.0074289084553313955,3.357617187499384e-05,PRIMARY_CLASS,PROVIDER_METADATA_ONLY,UNREVIEWED,NOT_PROVEN_ADR,UNREVIEWED,REQUIRES_MORE_EVIDENCE,"Formula reconciles, but neither metadata nor canonical one-active-security count proves complete legal/economic common share perimeter. No official issuer deep dive in bounded sample; hold pending evidence.",1.7763433168838105e-06,OK,OK,False,,False,False,64,,0.00742896463763465
ALV,122,Domestic Common Stock Primary Class,Domestic Common Stock Primary Class,,,1,,73237217.0,74100000.0,74200000.0,1.0,120.26,8807507716.0,3.537,2490000000.0,2026-07-17,2026-07-17,2026-06-30,bd3376e6d2ae94f21bdf59d5083a76824f46b3783cade5da04a141ee8cc91044,883d360b496ff75f98814aeb679f569eabbd74a3e1abf2ded8ff44ff0cfb9e81,113.05000305175781,2026-10-06,OWNERSHIP_BASIS_UNVERIFIED,73237216.99650757,73234076.16830201,73237217.0,4.768652139830465e-09,0.0042885684824800485,0.00015169317269103644,PRIMARY_CLASS,PROVIDER_METADATA_ONLY,UNREVIEWED,NOT_PROVEN_ADR,UNREVIEWED,REQUIRES_MORE_EVIDENCE,"Formula reconciles, but neither metadata nor canonical one-active-security count proves complete legal/economic common share perimeter. No official issuer deep dive in bounded sample; hold pending evidence.",1.7763433168838105e-06,OK,OK,False,,False,False,82,,0.004288573250932348
AMH,134,Domestic Common Stock Primary Class,Domestic Common Stock Primary Class,,,1,AMH-PG AMH-PH AMH-PC AMH-PD AMH-PB AMH-PA AMH-PF AMH-PE,359815019.0,360629168.0,360808221.0,1.0,33.42,12025017935.0,1.766,6807579000.0,2026-07-31,2026-07-31,2026-06-30,dd107f1824125ca037931be87cdd82f2f920d48546099e4a145f0dad7913e4aa,ad18589524a93acbc4a8d9b29c08b43d30f820051c8880c3ec4685a0c3ddf7f3,30.469999313354492,2026-10-06,OWNERSHIP_BASIS_UNVERIFIED,359815019.00059843,359730236.8043088,359815019.0,1.6631140908884845e-10,0.023562717455527515,0.0004162156619849089,PRIMARY_CLASS,PROVIDER_METADATA_ONLY,UNREVIEWED,NOT_PROVEN_ADR,UNREVIEWED,REQUIRES_MORE_EVIDENCE,"Formula reconciles, but neither metadata nor canonical one-active-security count proves complete legal/economic common share perimeter. No official issuer deep dive in bounded sample; hold pending evidence.",5.478918874146643e-06,OK,OK,False,,False,False,68,,0.023562717289249413
AMPG,140,Domestic Common Stock Primary Class,Domestic Common Stock Primary Class,,,1,,30043887.0,25447746.0,25447746.0,1.0,5.99,179962883.0,3.849,46753882.0,2026-08-13,2026-08-13,2026-06-30,de9346802439c5df4b836069d3bd30b116fe4708e7dcee8c16f28f7dadfb3678,30d1aef7798f18d4846d2726a1b6a0ea1ed81b99a766854eed748dd1cdcea291,2.990000009536743,2026-10-06,OWNERSHIP_BASIS_UNVERIFIED,30043886.97829716,30042686.447078466,30043887.0,7.223712739090615e-08,0.003995925093047692,0.00015380930293629191,PRIMARY_CLASS,PROVIDER_METADATA_ONLY,UNREVIEWED,NOT_PROVEN_ADR,UNREVIEWED,REQUIRES_MORE_EVIDENCE,"Formula reconciles, but neither metadata nor canonical one-active-security count proves complete legal/economic common share perimeter. No official issuer deep dive in bounded sample; hold pending evidence.",3.821065708287108e-06,OK,OK,False,,False,False,55,,0.003995997327288503
AMPX,143,Domestic Common Stock Primary Class,Domestic Common Stock Primary Class,,,1,KCA.U1 KCAC.U KCA.U,146080618.0,143469187.0,143469187.0,1.0,11.19,1634642115.0,13.011,125636000.0,2026-08-06,2026-08-06,2026-06-30,bbbda6c0c9255ed33b559821686446290b0fd96278c7b2389d285748d4c4ed20,11a3364d96156f1a24133f7e616447a00c810bf7dfe48bf813270ad8befe4cad,9.470000267028809,2026-10-06,OWNERSHIP_BASIS_UNVERIFIED,146080617.9624665,146081322.25201073,146080618.0,2.5693691618755565e-08,0.00048212388066293244,6.272883568314569e-05,PRIMARY_CLASS,PROVIDER_METADATA_ONLY,UNREVIEWED,NOT_PROVEN_ADR,UNREVIEWED,REQUIRES_MORE_EVIDENCE,"Formula reconciles, but neither metadata nor canonical one-active-security count proves complete legal/economic common share perimeter. No official issuer deep dive in bounded sample; hold pending evidence.",3.749925814311439e-06,OK,OK,False,,False,False,62,,0.0004820981868602914
AMT,150,Domestic Common Stock Primary Class,Domestic Common Stock Primary Class,COMMON_OR_ORDINARY,https://www.sec.gov/Archives/edgar/data/1053507/000105350726000133/amt-20260630.htm,1,AMT-PA AMTWP AMCWP AMT-PB,465960048.0,465938000.0,466265000.0,1.0,171.5,79912148232.0,21.483,3719700000.0,2026-07-28,2026-07-28,2026-06-30,fbf0349262c8587b9a4b4570d269626fed506c318c52df640a69c6e068b3d7de,3f220426fe414ebf5701d715c220f7b7f9d47b4af1da12b5adc285c4fbd87505,164.77999877929688,2026-10-06,OWNERSHIP_BASIS_UNVERIFIED,465960048.0,465949359.18367344,465960048.0,0.0,0.002293934077057802,0.0004928171626730204,PRIMARY_CLASS,PROVIDER_METADATA_ONLY,ONE_COMMON_CLASS_COUNT_RECONCILED,DIRECT_COMMON,REVIEW_SUPPORTED_CONDITIONAL_NEXT_CONTRACT,SAFE_TO_RELEASE_UNDER_GENERIC_CONTRACT,"Official latest accepted filing cover common/ordinary count matches sharesbas; provider price times independently reported count reconciles marketcap. Carry-forward is a dated reporting approximation, not independently observed current shares.",0.0,OK,OK,True,,False,True,71,,0.002293934077057802
AOS,166,Domestic Common Stock Primary Class,Domestic Common Stock Primary Class,,,1,SAOSA,135908573.0,135908573.0,,1.0,59.81,8128691751.0,4.413,1841900000.0,2026-07-30,2026-07-30,2026-06-30,1fe096d90d45e655eeebb071c94fbdad26fe20e23e1993574a7b109c6e9b9a0b,6c733ba185eb0e9dc264c04684d6f9e7d5a1b79a3fdbc7a1f718344ec9eecd2e,56.900001525878906,2026-10-06,OWNERSHIP_BASIS_UNVERIFIED,135908572.99782646,135902101.65524158,135908573.0,1.599276266972538e-09,0.00476154111704874,0.00021013681524451044,PRIMARY_CLASS,PROVIDER_METADATA_ONLY,UNREVIEWED,NOT_PROVEN_ADR,UNREVIEWED,REQUIRES_MORE_EVIDENCE,"Formula reconciles, but neither metadata nor canonical one-active-security count proves complete legal/economic common share perimeter. No official issuer deep dive in bounded sample; hold pending evidence.",2.2960892964718482e-06,OK,OK,False,,False,False,69,,0.004761542716236189
APTV,181,ADR Common Stock Primary Class,ADR Common Stock Primary Class,COMMON_OR_ORDINARY,https://www.sec.gov/Archives/edgar/data/1521332/000152133226000061/aptv-20260630.htm,1,APTV-PA DLPH,207633331.0,211560000.0,212100000.0,1.0,47.72,9908262555.0,1.132,8753000000.0,2026-08-04,2026-08-04,2026-06-30,5f5739d96dfbaa0e620f902b585069fed162b8fc91a3163e41d0eb870bb7989f,86177522e838fa92fa1432b2849432c5271094a7b68d314edeb2b0b9dfb8971a,44.720001220703125,2026-10-06,OWNERSHIP_BASIS_UNVERIFIED,207633330.9932942,207636127.40989104,207633331.0,3.2296387786345804e-09,0.0013468052472376257,1.5245630069493643e-05,ADR_LABELLED,OFFICIAL_DIRECT_COMMON_PROVIDER_ADR_CONFLICT,UNREVIEWED,DIRECT_COMMON,REVIEW_SUPPORTED_CONDITIONAL_NEXT_CONTRACT,REQUIRES_OFFICIAL_IDENTITY_OVERRIDE,"Official June 2026 filing identifies direct ordinary/common listing, not ADS; accepted whole-common count reconciles. Generic issuer/security/effective-date identity override required.",2.558053502355051e-06,OK,OK,True,,True,False,64,,0.0013468020175544382
ARE,191,Domestic Common Stock Primary Class,Domestic Common Stock Primary Class,,,1,ARE-PD AREEP ARE-PE,174247570.0,174247570.0,,1.0,53.03,9240348637.0,0.594,15553976000.0,2026-08-03,2026-08-03,2026-06-30,068ec2d240839c0c3e5a114a9fc353df5993a72be54e722eaf942290432b4222,34c4b0d735ab59ab121098f16e1bfc378b158841831ee8d1f262cb2f999fa867,45.91999816894531,2026-10-06,OWNERSHIP_BASIS_UNVERIFIED,174247569.99811426,174223302.73430133,174247570.0,1.08222319994411e-09,0.013926887940640675,8.273723708973613e-05,PRIMARY_CLASS,PROVIDER_METADATA_ONLY,UNREVIEWED,NOT_PROVEN_ADR,UNREVIEWED,REQUIRES_MORE_EVIDENCE,"Formula reconciles, but neither metadata nor canonical one-active-security count proves complete legal/economic common share perimeter. No official issuer deep dive in bounded sample; hold pending evidence.",2.301910473345714e-06,OK,OK,False,,False,False,65,,0.013926889022708444
ARKO,195,Domestic Common Stock Primary Class,Domestic Common Stock Primary Class,,,1,HYAC HYACU,112185721.0,112186000.0,115882000.0,1.0,5.66,634971181.0,1.579,402092000.0,2026-08-07,2026-08-07,2026-06-30,8f9e0dab1344dbb985ffd63fa685921a4c5e0ac52e9d0e5388cdc3dc0c7a06ac,3f2c0ceff47c20e4b96d56d71a47744016567249a436310593f991cdb97f3a66,4.199999809265137,2026-10-06,OWNERSHIP_BASIS_UNVERIFIED,112185721.02473497,112173722.2614841,112185721.0,2.2048241010708125e-08,0.010695446034725276,0.00016889915740669892,PRIMARY_CLASS,PROVIDER_METADATA_ONLY,UNREVIEWED,NOT_PROVEN_ADR,UNREVIEWED,REQUIRES_MORE_EVIDENCE,"Formula reconciles, but neither metadata nor canonical one-active-security count proves complete legal/economic common share perimeter. No official issuer deep dive in bounded sample; hold pending evidence.",2.695899126159418e-06,OK,OK,False,,False,False,61,,0.01069542398884904
ARTL,203,Domestic Common Stock Primary Class,Domestic Common Stock Primary Class,,,1,,510563.0,301000.0,301000.0,1.0,6.597,3368184.0,0.674,4997000.0,2026-08-12,2026-08-12,2026-06-30,634f923bfca7275b917e2cdd0612091b8af4c9146e1ab5729bf988159511fa9c,c3dec7526b2adfc3ab3e18b0edf481b3ff0a7a2e6eff43f8348cbb6ef32abcc2,3.4600000381469727,2026-10-06,OWNERSHIP_BASIS_UNVERIFIED,510562.98317417,510531.75685917836,510563.0,3.2955444373428122e-06,0.006116055417393351,4.122473484080569e-05,PRIMARY_CLASS,PROVIDER_METADATA_ONLY,UNREVIEWED,NOT_PROVEN_ADR,UNREVIEWED,REQUIRES_MORE_EVIDENCE,"Formula reconciles, but neither metadata nor canonical one-active-security count proves complete legal/economic common share perimeter. No official issuer deep dive in bounded sample; hold pending evidence.",,OK,OK,False,,False,False,56,,0.006119350760169784
ASH,208,Domestic Common Stock Primary Class,Domestic Common Stock Primary Class,,,1,,45793370.0,45793370.0,,1.0,72.84,3335589071.0,1.784,1870000000.0,2026-07-29,2026-07-29,2026-06-30,a73a5ef7f27578b76b2b6bbadca3b75d45bf2dd7bed97c53e6f99bdc5e217e23,fd43c7e6ace1c070d09b4866acb2e69873507961587ce3f34f629f6b39e00466,70.97000122070312,2026-10-06,OWNERSHIP_BASIS_UNVERIFIED,45793370.00274574,45800109.82976387,45793370.0,5.995937080172098e-09,0.014717910076766927,0.0002625288770052858,PRIMARY_CLASS,PROVIDER_METADATA_ONLY,UNREVIEWED,NOT_PROVEN_ADR,UNREVIEWED,REQUIRES_MORE_EVIDENCE,"Formula reconciles, but neither metadata nor canonical one-active-security count proves complete legal/economic common share perimeter. No official issuer deep dive in bounded sample; hold pending evidence.",5.027607608010243e-06,OK,OK,False,,False,False,70,,0.014717916073592185
ASLE,210,Domestic Common Stock Primary Class,Domestic Common Stock Primary Class,,,1,MNCLU MNCL,47726763.0,47348476.0,47348476.0,1.0,5.9,281587902.0,0.673,418668000.0,2026-08-07,2026-08-07,2026-06-30,d1f155a6530579b5943f58d88595950c4272c8abfdaf3e74a1506d23258a6a4c,2202d194a1c63c438d5a42ba65aa71332f9df3ac8c9728ceb7c5f0cc7d5dabae,4.96999979019165,2026-10-06,OWNERSHIP_BASIS_UNVERIFIED,47726763.050847456,47756536.27118644,47726763.0,1.0653866677756696e-07,0.06238265165241508,0.0004195735045430249,PRIMARY_CLASS,PROVIDER_METADATA_ONLY,UNREVIEWED,NOT_PROVEN_ADR,UNREVIEWED,REQUIRES_MORE_EVIDENCE,"Formula reconciles, but neither metadata nor canonical one-active-security count proves complete legal/economic common share perimeter. No official issuer deep dive in bounded sample; hold pending evidence.",1.6163971494620455e-06,OK,OK,False,,False,False,61,,0.062382758257539805
ASTS,217,Domestic Common Stock Primary Class,Domestic Common Stock Primary Class,,,1,NPAUU NPA,389167494.0,299061662.0,299061662.0,1.0,68.76,26759156887.0,14.128,1894017000.0,2026-08-10,2026-08-10,2026-06-30,1d79b9186c5b134fb206b5abfe9a45d7a5f6c96219b2c9576407d03c9f1403b9,29a14c02614f03ed19584b15cf61c2f0e2481d44461707cd01996a4948d8fe6e,63.119998931884766,2026-10-06,OWNERSHIP_BASIS_UNVERIFIED,389167493.9936009,389160444.67713785,389167494.0,1.6443069128513343e-09,0.001811383677174927,0.0002559169215476942,PRIMARY_CLASS,PROVIDER_METADATA_ONLY,UNREVIEWED,NOT_PROVEN_ADR,UNREVIEWED,REQUIRES_MORE_EVIDENCE,"Formula reconciles, but neither metadata nor canonical one-active-security count proves complete legal/economic common share perimeter. No official issuer deep dive in bounded sample; hold pending evidence.",3.106792423324123e-06,OK,OK,False,,False,False,58,,0.0018113853214485331
ATRO,232,Domestic Common Stock Primary Class,Domestic Common Stock Primary Class,,,1,,43009064.0,43009064.0,,1.0,87.89,3780066635.0,19.07,198220000.0,2026-08-12,2026-08-12,2026-07-04,381ec44be78fa4722b8ec9362fba10d7434e7cfda9ca431ffe89c62bae0e574e,f053c9ab61e12ed4cd3205fba7f7635b12252838e8057d3f7ba8424ce0b851cb,69.16000366210938,2026-10-06,OWNERSHIP_BASIS_UNVERIFIED,43009064.00045511,43008936.17021277,43009064.0,1.0581757692307292e-09,0.00029721698278084574,5.6679447077101486e-05,PRIMARY_CLASS,PROVIDER_METADATA_ONLY,UNREVIEWED,NOT_PROVEN_ADR,UNREVIEWED,REQUIRES_MORE_EVIDENCE,"Formula reconciles, but neither metadata nor canonical one-active-security count proves complete legal/economic common share perimeter. No official issuer deep dive in bounded sample; hold pending evidence.",6.944493868843438e-07,OK,OK,False,,False,False,56,,0.0002972159246050765
AUR,235,Domestic Common Stock Primary Class,Domestic Common Stock Primary Class,,,1,RTPYU RTPY,2004155268.0,1976000000.0,1976000000.0,1.0,5.98,11984848503.0,6.137,1953000000.0,2026-07-29,2026-07-29,2026-06-30,048f3710c265b31f05078d7ba34df14ece109435bce1660c7bb5a2102f2087b3,3fd60ade91d772f8e907179cba8b9d5eb14c240d3ee7412fc0b37986f2005b6f,5.75,2026-10-06,OWNERSHIP_BASIS_UNVERIFIED,2004155268.0602005,2004274414.715719,2004155268.0,3.0037861087350848e-09,0.00594498128050347,0.00036482181259600566,PRIMARY_CLASS,PROVIDER_METADATA_ONLY,UNREVIEWED,NOT_PROVEN_ADR,UNREVIEWED,REQUIRES_MORE_EVIDENCE,"Formula reconciles, but neither metadata nor canonical one-active-security count proves complete legal/economic common share perimeter. No official issuer deep dive in bounded sample; hold pending evidence.",3.189546182724712e-07,OK,OK,False,,False,False,70,,0.005944984284478316
AUUD,238,Domestic Common Stock Primary Class,Domestic Common Stock Primary Class,,,1,,5803050.0,4178649.0,4178649.0,1.0,1.02,5919111.0,0.554,10689369.0,2026-08-14,2026-08-14,2026-06-30,e1a7e4ca3487470d37e14db0a8362365d1a95dcad84663e420cd342218f506bc,323244607371508fdb4fcb9516d6d9aca44e9dd8362a8658fa3bfdf376f844c0,1.149999976158142,2026-10-06,OWNERSHIP_BASIS_UNVERIFIED,5803050.0,5805794.535294118,5803050.0,0.0,0.04729470354587484,0.0002618887981133966,PRIMARY_CLASS,PROVIDER_METADATA_ONLY,UNREVIEWED,NOT_PROVEN_ADR,UNREVIEWED,REQUIRES_MORE_EVIDENCE,"Formula reconciles, but neither metadata nor canonical one-active-security count proves complete legal/economic common share perimeter. No official issuer deep dive in bounded sample; hold pending evidence.",1.8699496395768733e-06,OK,OK,False,,False,False,54,,0.04729470354587484
AVPT,250,Domestic Common Stock Primary Class,Domestic Common Stock Primary Class,,,1,APXT APXTU1 APXTU,211565426.0,210204000.0,220856000.0,1.0,12.79,2705921799.0,6.194,436874000.0,2026-08-06,2026-08-06,2026-06-30,b780cf976b16612e1d886a17d26fd858e9e39d019ae062411af68cd16418f845,024839ac6065435f7e9b8c1c9ab772c0020b40db762d18fb45160e6fc2c2eb64,14.59000015258789,2026-10-06,OWNERSHIP_BASIS_UNVERIFIED,211565426.03596562,211571349.17904615,211565426.0,1.6999768259751136e-08,0.0027996744040414967,0.0001734069777556968,PRIMARY_CLASS,PROVIDER_METADATA_ONLY,UNREVIEWED,NOT_PROVEN_ADR,UNREVIEWED,REQUIRES_MORE_EVIDENCE,"Formula reconciles, but neither metadata nor canonical one-active-security count proves complete legal/economic common share perimeter. No official issuer deep dive in bounded sample; hold pending evidence.",2.982562308240233e-07,OK,OK,False,,False,False,62,,0.0027996914042871524
AVTR,252,Domestic Common Stock Primary Class,Domestic Common Stock Primary Class,,,1,AVTR-PA,676358840.0,676200000.0,677200000.0,1.0,14.38,9726040119.0,1.727,5630200000.0,2026-07-29,2026-07-29,2026-06-30,4e8eda5fb3bd9fceaf1a139e229e28eb3401f7cea2ff08d88fedee917e29b9ef,48d6db86282e9878e0a448ea1bb0ab74661abb9af171f43de729e2f8b42e83a6,15.430000305175781,2026-10-06,OWNERSHIP_BASIS_UNVERIFIED,676358839.9860917,676172141.8636996,676358840.0,2.056355086210715e-09,0.027603412767696067,0.00047684256331925745,PRIMARY_CLASS,PROVIDER_METADATA_ONLY,UNREVIEWED,NOT_PROVEN_ADR,UNREVIEWED,REQUIRES_MORE_EVIDENCE,"Formula reconciles, but neither metadata nor canonical one-active-security count proves complete legal/economic common share perimeter. No official issuer deep dive in bounded sample; hold pending evidence.",7.958339098834699e-07,OK,OK,False,,False,False,70,,0.027603414823473837
AVTX,253,Domestic Common Stock Primary Class,Domestic Common Stock Primary Class,,,1,CERC CERCU,53629989.0,43602044.0,43602044.0,1.0,18.7,1002880794.0,2.235,448660000.0,2026-08-06,2026-08-06,2026-06-30,0c99a4521bb91f089b33236bc4eefbbf12898acdcdeaf5295fb39ab8dad68151,e1776b62fd626ec1f3341d1a534df4e516bd5e46d6943c579a2258e222369f17,13.59000015258789,2026-10-06,OWNERSHIP_BASIS_UNVERIFIED,53629988.98395722,53623267.37967914,53629989.0,2.9913826971039725e-08,0.012533294161387598,0.00028015423706140297,PRIMARY_CLASS,PROVIDER_METADATA_ONLY,UNREVIEWED,NOT_PROVEN_ADR,UNREVIEWED,REQUIRES_MORE_EVIDENCE,"Formula reconciles, but neither metadata nor canonical one-active-security count proves complete legal/economic common share perimeter. No official issuer deep dive in bounded sample; hold pending evidence.",4.079890136843289e-06,OK,OK,False,,False,False,62,,0.012533324071462015
BA,269,Domestic Common Stock Primary Class,Domestic Common Stock Primary Class,COMMON_OR_ORDINARY,https://www.sec.gov/Archives/edgar/data/12927/000162828026050038/ba-20260630.htm,1,BA-PA,790370020.0,790370020.0,,1.0,221.56,175114381631.0,28.707,6100000000.0,2026-07-28,2026-07-28,2026-06-30,7af564290f0720cd06b5baed97965dd2da641153bb7468e6dae0247ebcc7fac8,7ddeda1b364e89c622adea89b92308038e2a50dda95cc8b69689c8885cacdda1,189.82000732421875,2026-10-06,OWNERSHIP_BASIS_UNVERIFIED,790370019.9990973,790362430.0415237,790370020.0,1.141975403129436e-10,0.0009603043361505748,0.0002756772131142782,PRIMARY_CLASS,PROVIDER_METADATA_ONLY,ONE_COMMON_CLASS_COUNT_RECONCILED,DIRECT_COMMON,REVIEW_SUPPORTED_CONDITIONAL_NEXT_CONTRACT,SAFE_TO_RELEASE_UNDER_GENERIC_CONTRACT,"Official latest accepted filing cover common/ordinary count matches sharesbas; provider price times independently reported count reconciles marketcap. Carry-forward is a dated reporting approximation, not independently observed current shares.",1.1019165246928253e-06,OK,OK,True,,False,True,71,,0.0009603044503481151
BBAI,277,Domestic Common Stock Primary Class,Domestic Common Stock Primary Class,,,1,GIGGU GIG GIGGU1,479494493.0,479119921.0,479119921.0,1.0,2.83,1356969415.0,1.762,770324000.0,2026-07-30,2026-07-30,2026-06-30,758f78583da97a277553ff51f860678ca0787511d915a4229d5053cfc66dc417,2571fe696961d3f11bc20762dc98dd5e9ddc857a38efc889e61d6d1030dc6553,2.5799999237060547,2026-10-06,OWNERSHIP_BASIS_UNVERIFIED,479494492.93286216,479615154.77031803,479494493.0,1.4001799719665087e-08,0.025164384416154206,0.0004432849034952113,PRIMARY_CLASS,PROVIDER_METADATA_ONLY,UNREVIEWED,NOT_PROVEN_ADR,UNREVIEWED,REQUIRES_MORE_EVIDENCE,"Formula reconciles, but neither metadata nor canonical one-active-security count proves complete legal/economic common share perimeter. No official issuer deep dive in bounded sample; hold pending evidence.",2.695899126159418e-06,OK,OK,False,,False,False,69,,0.025164370410823977
NXH,278,Domestic Common Stock Primary Class,Domestic Common Stock Primary Class,,,1,OSTK BBBY BYON,95330379.0,74308000.0,74308000.0,1.0,5.56,530036907.0,2.468,214764000.0,2026-08-04,2026-08-04,2026-06-30,942ab0afb7e50275f748d1b343d7771ec53bff04d41488a12c4b7d3aba89fc69,abed5cc039876961f003b5fe8cf0f87639f1151ddd0eeabb01ec4513e61503b8,1.8300000429153442,2026-10-06,OWNERSHIP_BASIS_UNVERIFIED,95330378.95683454,95330494.96402879,95330379.0,4.5279868743364204e-08,0.00012168963925418552,3.003296642045683e-06,PRIMARY_CLASS,PROVIDER_METADATA_ONLY,UNREVIEWED,NOT_PROVEN_ADR,UNREVIEWED,REQUIRES_MORE_EVIDENCE,"Formula reconciles, but neither metadata nor canonical one-active-security count proves complete legal/economic common share perimeter. No official issuer deep dive in bounded sample; hold pending evidence.",1.0291449359378646e-06,OK,OK,False,,False,False,64,,0.00012164435934103324
BBCP,279,Domestic Common Stock Primary Class,Domestic Common Stock Primary Class,,,1,INDU INDUU,50393420.0,50426000.0,51103000.0,1.0,9.05,456060451.0,1.703,267854000.0,2026-09-03,2026-09-03,2026-07-31,c78329c01611db259633d6adaaea9e87f3fe9e7e256b06a4cfd00a80eb59546f,685e650d5fce2fe021abc6aa791c51906ee66bcb28b801d460a88c10a556e50c,9.9399995803833,2026-10-06,OWNERSHIP_BASIS_UNVERIFIED,50393419.99999999,50403907.40331491,50393420.0,2.220446049250313e-14,0.020811056909653125,0.00035433855757238675,PRIMARY_CLASS,PROVIDER_METADATA_ONLY,UNREVIEWED,NOT_PROVEN_ADR,UNREVIEWED,REQUIRES_MORE_EVIDENCE,"Formula reconciles, but neither metadata nor canonical one-active-security count proves complete legal/economic common share perimeter. No official issuer deep dive in bounded sample; hold pending evidence.",2.107567542708466e-06,OK,OK,False,,False,False,34,,0.02081105690963092
BBLG,281,Domestic Common Stock Primary Class,Domestic Common Stock Primary Class,,,1,,2756057.0,1796755.0,1796755.0,1.0,0.655,1805217.0,0.46,3924650.0,2026-08-14,2026-08-14,2026-06-30,e7a5ae40d195a848c6d5a6a5a426ce82e62c6ae0ca5da26b9ed05db6f3c648ee,3e3fb94936383b42524270dc09dbbc8eb20be24d6fd52f9e8e3cec094b3c8f34,0.47999998927116394,2026-10-06,OWNERSHIP_BASIS_UNVERIFIED,2756056.488549618,2756242.748091603,2756057.0,1.8557325809354097e-05,0.0067581902896129975,3.108557450987037e-05,PRIMARY_CLASS,PROVIDER_METADATA_ONLY,UNREVIEWED,NOT_PROVEN_ADR,UNREVIEWED,REQUIRES_MORE_EVIDENCE,"Formula reconciles, but neither metadata nor canonical one-active-security count proves complete legal/economic common share perimeter. No official issuer deep dive in bounded sample; hold pending evidence.",4.367973971408645e-06,OK,OK,False,,False,False,54,,0.006739631713092997
BC,287,Domestic Common Stock Primary Class,Domestic Common Stock Primary Class,,,1,BC-PC BC-PB BC-PA,64797428.0,65400000.0,65500000.0,1.0,83.58,5415769032.0,3.226,1678700000.0,2026-08-05,2026-08-05,2026-07-04,56f0d5e517554c62d5a5e8eef3e19ffc2613855c3c23e9225ca1ac1f4acf63b2,2cbef160e8ddbeb8a11e07e7bfefc5067c350d5a60eb9e8e27c9309f7376cd2b,64.9800033569336,2026-10-06,OWNERSHIP_BASIS_UNVERIFIED,64797427.9971285,64794044.02967217,64797428.0,4.431499611712297e-09,0.00522237928407554,0.00016848275451231132,PRIMARY_CLASS,PROVIDER_METADATA_ONLY,UNREVIEWED,NOT_PROVEN_ADR,UNREVIEWED,REQUIRES_MORE_EVIDENCE,"Formula reconciles, but neither metadata nor canonical one-active-security count proves complete legal/economic common share perimeter. No official issuer deep dive in bounded sample; hold pending evidence.",2.1907809122367894e-06,OK,OK,False,,False,False,63,,0.005222383715342005
BCDA,289,Domestic Common Stock Primary Class,Domestic Common Stock Primary Class,,,1,CLIK CDOM CKST,15138782.0,12093268.0,12093268.0,1.0,0.88,13322128.0,4.934,2700000.0,2026-08-12,2026-08-12,2026-06-30,7d910887be80e26537bd67110c19dcc897f3257fee9155240b3613bf9dcfeb99,f2cbd7597d748071b5460da4014e93926e3c6067556f2386b5069acaeba58ab2,1.059999942779541,2026-10-06,OWNERSHIP_BASIS_UNVERIFIED,15138781.818181818,15138409.090909092,15138782.0,1.2010093364267505e-06,0.0024620691228882663,0.00012148148148138915,PRIMARY_CLASS,PROVIDER_METADATA_ONLY,UNREVIEWED,NOT_PROVEN_ADR,UNREVIEWED,REQUIRES_MORE_EVIDENCE,"Formula reconciles, but neither metadata nor canonical one-active-security count proves complete legal/economic common share perimeter. No official issuer deep dive in bounded sample; hold pending evidence.",5.41860412095474e-07,OK,OK,False,,False,False,56,,0.002463270102626147
BCO,290,Domestic Common Stock Primary Class,Domestic Common Stock Primary Class,,,1,PZX PZM PZB,41189634.0,41400000.0,41500000.0,1.0,115.79,4769347721.0,15.36,310500000.0,2026-08-05,2026-08-05,2026-06-30,b10df2e4104d16b6b4e3c753ac199b49e5251d16224c5fda2e2f36053d21e5d0,287d62ba563a260ec39eee43d86253c181a4af72663dcbd7f119e0fe1756b3e6,103.5,2026-10-06,OWNERSHIP_BASIS_UNVERIFIED,41189634.00120908,41189049.14068572,41189634.0,2.935396370418175e-09,0.0014199216320842645,0.0002181030595824751,PRIMARY_CLASS,PROVIDER_METADATA_ONLY,UNREVIEWED,NOT_PROVEN_ADR,UNREVIEWED,REQUIRES_MORE_EVIDENCE,"Formula reconciles, but neither metadata nor canonical one-active-security count proves complete legal/economic common share perimeter. No official issuer deep dive in bounded sample; hold pending evidence.",7.906790999712143e-07,OK,OK,False,,False,False,63,,0.0014199186967212007
BCTX,293,Domestic Common Stock Primary Class,Domestic Common Stock Primary Class,,,1,BCTXF BCTXL,8699787.0,7250487.0,7250487.0,1.0,3.07,26708346.0,1.141,23408960.0,2026-06-09,2026-06-09,2026-04-30,107e48e967cf415b1ddbba9655fe660e5e6703d99c6afb67ca9e0b03bb24e2db,45a5271144bf7d73dbd5363b75534a5784869823275dcd5cc8672518b45f6a3a,4.019999980926514,2026-10-06,OWNERSHIP_BASIS_UNVERIFIED,8699786.97068404,8700203.048859935,8699787.0,3.3697329371307205e-07,0.0047826248768645385,5.456714010354524e-05,PRIMARY_CLASS,PROVIDER_METADATA_ONLY,UNREVIEWED,NOT_PROVEN_ADR,UNREVIEWED,REQUIRES_MORE_EVIDENCE,"Formula reconciles, but neither metadata nor canonical one-active-security count proves complete legal/economic common share perimeter. No official issuer deep dive in bounded sample; hold pending evidence.",2.1745016898222502e-06,OK,OK,False,,False,False,120,,0.004782287887450387
BDC,295,Domestic Common Stock Primary Class,Domestic Common Stock Primary Class,,,1,BDC-PB CDT,39078191.0,38957000.0,39283000.0,1.0,117.11,4576446948.0,3.305,1384554000.0,2026-07-30,2026-07-30,2026-06-28,00dddd9bb054b4e7083ba92bd890cafb09838e3e439b1ea50e9db3960a04be4c,062ccf2afee95c277ecc80fb2912ebd69a6872e03cd495108e4f439a4860e647,113.20999908447266,2026-10-06,OWNERSHIP_BASIS_UNVERIFIED,39078190.99991461,39073955.85347109,39078191.0,2.185140957067233e-10,0.010837621535564335,0.00035822221451820013,PRIMARY_CLASS,PROVIDER_METADATA_ONLY,UNREVIEWED,NOT_PROVEN_ADR,UNREVIEWED,REQUIRES_MORE_EVIDENCE,"Formula reconciles, but neither metadata nor canonical one-active-security count proves complete legal/economic common share perimeter. No official issuer deep dive in bounded sample; hold pending evidence.",5.211780118585807e-07,OK,OK,False,,False,False,69,,0.010837621754056226
BDN,296,Domestic Common Stock Primary Class,Domestic Common Stock Primary Class,,,1,BDN-PE,174576897.0,174384600.0,174384600.0,1.0,3.0,523730691.0,0.758,691182000.0,2026-07-28,2026-07-28,2026-06-30,b5151cb860ad5e2deeb791dd8c7794e6309be1703087437163a9b2a4be18d9c7,5a38b52ce67b1b9694602d239812d5f956cfdf7d109b1c5dd823382dbcd131e7,2.75,2026-10-06,OWNERSHIP_BASIS_UNVERIFIED,174576897.0,174638652.0,174576897.0,0.0,0.03537409649341239,0.0002680408343966878,PRIMARY_CLASS,PROVIDER_METADATA_ONLY,UNREVIEWED,NOT_PROVEN_ADR,UNREVIEWED,REQUIRES_MORE_EVIDENCE,"Formula reconciles, but neither metadata nor canonical one-active-security count proves complete legal/economic common share perimeter. No official issuer deep dive in bounded sample; hold pending evidence.",0.0,OK,OK,False,,False,False,71,,0.03537409649341239
BDX,299,Domestic Common Stock Primary Class,Domestic Common Stock Primary Class,,,1,BDXA BCTTP BDXB,272386800.0,272386800.0,,1.0,177.07,48231530676.0,1.975,24416000000.0,2026-08-06,2026-08-06,2026-06-30,e48e78c8d935a6cf5e98e02aa18abee9192ffc3e431cf3daa0ab196c0faa79cf,5c95aa9641a21d2652f5ff26f39e3fd438599428d869d69e6485faff2bcff17f,180.3000030517578,2026-10-06,OWNERSHIP_BASIS_UNVERIFIED,272386800.0,272330716.6657254,272386800.0,0.0,0.020589593282271945,0.00040672821100917744,PRIMARY_CLASS,PROVIDER_METADATA_ONLY,UNREVIEWED,NOT_PROVEN_ADR,UNREVIEWED,REQUIRES_MORE_EVIDENCE,"Formula reconciles, but neither metadata nor canonical one-active-security count proves complete legal/economic common share perimeter. No official issuer deep dive in bounded sample; hold pending evidence.",4.136340847615827e-06,OK,OK,False,,False,False,62,,0.020589593282271945
BEEM,302,Domestic Common Stock Primary Class,Domestic Common Stock Primary Class,,,1,EVSI,22633315.0,21893000.0,21893000.0,1.0,1.21,27386311.0,1.352,20256000.0,2026-08-19,2026-08-19,2026-06-30,1e00e7669787c744a00d6e10039c48ec218185abe0e577bce10d02c971061951,ad053e0e4f90478c6ce8f2f63991f2c109336df0d2501c30f81c2440e7e17a5c,1.1100000143051147,2026-10-06,OWNERSHIP_BASIS_UNVERIFIED,22633314.87603306,22633150.41322314,22633315.0,5.477188924629672e-07,0.0007266404007610916,9.824249604939439e-06,PRIMARY_CLASS,PROVIDER_METADATA_ONLY,UNREVIEWED,NOT_PROVEN_ADR,UNREVIEWED,REQUIRES_MORE_EVIDENCE,"Formula reconciles, but neither metadata nor canonical one-active-security count proves complete legal/economic common share perimeter. No official issuer deep dive in bounded sample; hold pending evidence.",3.1526423693861716e-06,OK,OK,False,,False,False,49,,0.0007271881156567517
BFLY,305,Domestic Common Stock Primary Class,Domestic Common Stock Primary Class,,,1,LGVW.U LGVW,266285183.0,262100993.0,262100993.0,1.0,8.17,2175549945.0,11.487,189400000.0,2026-07-30,2026-07-30,2026-06-30,9de4fed985c2ea4ac6c80e6dd0b91d669bfa031412f2cad9faf8d1046eda3e05,f8af32597f66b438c5a2b16afd36e59e886a906b698a0586021dbf5c6044ab74,8.699999809265137,2026-10-06,OWNERSHIP_BASIS_UNVERIFIED,266285182.98653612,266295936.35250917,266285183.0,5.0561999032083804e-09,0.004038289270336115,0.0004638595564934178,PRIMARY_CLASS,PROVIDER_METADATA_ONLY,UNREVIEWED,NOT_PROVEN_ADR,UNREVIEWED,REQUIRES_MORE_EVIDENCE,"Formula reconciles, but neither metadata nor canonical one-active-security count proves complete legal/economic common share perimeter. No official issuer deep dive in bounded sample; hold pending evidence.",9.338304129968833e-07,OK,OK,False,,False,False,69,,0.004038284213958576
BFRG,306,Domestic Common Stock Primary Class,Domestic Common Stock Primary Class,,,1,,18541651.0,18807779.0,18807779.0,1.0,0.568,10535366.0,1.508,6987262.0,2026-08-14,2026-08-14,2026-06-30,3d27ad29478339dcfa373bc866eee086a561ae93da1a761845aefae823905051,ab6277c7e61097e7c6c2d5ecd1ec118dc24b2901e645994dc14c7f5d3685266b,0.6890000104904175,2026-10-06,OWNERSHIP_BASIS_UNVERIFIED,18548179.57746479,18550688.54929578,18541651.0,0.03519794186552794,0.01352678207859892,0.00020395628502267726,PRIMARY_CLASS,PROVIDER_METADATA_ONLY,UNREVIEWED,NOT_PROVEN_ADR,UNREVIEWED,REQUIRES_MORE_EVIDENCE,"Formula reconciles, but neither metadata nor canonical one-active-security count proves complete legal/economic common share perimeter. No official issuer deep dive in bounded sample; hold pending evidence.",0.03520989082230752,OK,OK,False,,False,False,54,,0.04874188008272551
BGMS,309,Domestic Common Stock Primary Class,Domestic Common Stock Primary Class,,,1,CYCCP CYCC BGMSP XCYT,6622794.0,5598701.0,5598701.0,1.0,0.92,6092970.0,0.851,7160000.0,2026-08-14,2026-08-14,2026-06-30,bf525d952e4bfddc8c3cf2038dcb046dc3465d7a955a3764e8389432c661c1bc,fa7885e914265ddf9bc10a65a0dfa8c04cfc5672c3d0020f7fe1887800cb2a6a,0.8600000143051147,2026-10-06,OWNERSHIP_BASIS_UNVERIFIED,6622793.478260869,6623000.0,6622794.0,7.877931462729748e-06,0.0031183478664820186,2.6536312849101407e-05,PRIMARY_CLASS,PROVIDER_METADATA_ONLY,UNREVIEWED,NOT_PROVEN_ADR,UNREVIEWED,REQUIRES_MORE_EVIDENCE,"Formula reconciles, but neither metadata nor canonical one-active-security count proves complete legal/economic common share perimeter. No official issuer deep dive in bounded sample; hold pending evidence.",0.5434759285139035,OK,OK,False,,False,False,54,,0.0031104696899930673
BHR,313,Domestic Common Stock Primary Class,Domestic Common Stock Primary Class,,,1,BHR-PB AHP BHR-PD,68679318.0,68679000.0,68679000.0,1.0,2.12,145600154.0,0.99,147028000.0,2026-08-06,2026-08-06,2026-06-30,5861ff401d244c92961219dcc1daa5adf11495879de48c9e523261222746574a,4f846919425eef6db5eb77fc983bbb80adf5a6218f8f8f6c2181568e3864a86c,1.5199999809265137,2026-10-06,OWNERSHIP_BASIS_UNVERIFIED,68679317.9245283,68659301.88679245,68679318.0,1.0988998599970046e-07,0.029144199943631488,0.0002886116930108651,PRIMARY_CLASS,PROVIDER_METADATA_ONLY,UNREVIEWED,NOT_PROVEN_ADR,UNREVIEWED,REQUIRES_MORE_EVIDENCE,"Formula reconciles, but neither metadata nor canonical one-active-security count proves complete legal/economic common share perimeter. No official issuer deep dive in bounded sample; hold pending evidence.",5.398156510683094e-06,OK,OK,False,,False,False,62,,0.029144309801598656
BIAF,315,Domestic Common Stock Primary Class,Domestic Common Stock Primary Class,,,1,,540115.0,348450.0,348450.0,1.0,7.65,4131878.0,1.096,3768797.0,2026-08-07,2026-08-07,2026-06-30,d770d407e1c8bf1dc9cb8764dc5f6ca280ce95ce3d19283db0e49819d94ccfe7,af29eec8eeaf016c9ae08d9e1fa46b3ef425de663fa7ef858871009a054e356f,6.059999942779541,2026-10-06,OWNERSHIP_BASIS_UNVERIFIED,540114.7712418301,539947.9100653594,540115.0,4.235362225379902e-05,0.030893651748686857,0.0003386990596734307,PRIMARY_CLASS,PROVIDER_METADATA_ONLY,UNREVIEWED,NOT_PROVEN_ADR,POST_OBSERVATION_ACTION_OR_ISSUANCE_REVIEW,REQUIRES_NEWER_SHARE_COUNT,Stored action: August 24 split 0.06667 after provider date. Historical witness does not establish whether provider shares already adjusted; require action-aware shares source.,,OK,OK,False,,False,False,61,,0.030935992268421586
BIO,318,Domestic Common Stock Primary Class,Domestic Common Stock Primary Class,,https://www.sec.gov/Archives/edgar/data/12208/000001220826000048/bio-20260630.htm,1,BIO.B,26738175.0,26746000.0,26814000.0,1.0,332.88,8900603694.0,1.241,7173900000.0,2026-08-04,2026-08-04,2026-06-30,3458b162a2a23d2388ed9681305a1591185aed85507e6e555c3091360691b199,e4acfbba78506b0cd79e5f0f94ab8a7ac7679e0db584ca2c66bd3d136a19a0ae,368.8299865722656,2026-10-06,OWNERSHIP_BASIS_UNVERIFIED,26738175.0,26744802.63157895,26738175.0,0.0,0.02478715012879107,0.00030753230460423,PRIMARY_CLASS,PROVIDER_METADATA_ONLY,MULTI_CLASS_OR_LLC_PERIMETER_REVIEW,NOT_PROVEN_ADR,UNREVIEWED,REQUIRES_MULTI_CLASS_CONTRACT,"A 21,677,137 + B 5,061,038 = provider total. Both listed; A/B dividend rights are asymmetric. Aggregate primary price is a proxy, not sum of class values.",1.4668386505434228e-06,OK,OK,False,,False,True,64,,0.02478715012879107
BIVI,319,Domestic Common Stock Primary Class,Domestic Common Stock Primary Class,,,1,,7542638.0,7924681.0,7924681.0,1.0,1.56,11766515.0,1.146,10270270.0,2026-08-13,2026-08-13,2026-06-30,b1e8a0978a86d66afd0f4ccafc0e15e0d7961911f4dabc07afe2283c24dff098,04f61037a9be66cb59a9783ff3f5bba849e8b187bfe8ffb5dd97cb03dcd5f474,1.440000057220459,2026-10-06,OWNERSHIP_BASIS_UNVERIFIED,7542637.82051282,7544698.346153846,7542638.0,2.379634067573022e-06,0.02731836911780139,0.00031298300823623393,PRIMARY_CLASS,PROVIDER_METADATA_ONLY,UNREVIEWED,NOT_PROVEN_ADR,UNREVIEWED,REQUIRES_MORE_EVIDENCE,"Formula reconciles, but neither metadata nor canonical one-active-security count proves complete legal/economic common share perimeter. No official issuer deep dive in bounded sample; hold pending evidence.",3.6679781434401093e-06,OK,OK,False,,False,False,55,,0.027315988833698235
BKH,325,Domestic Common Stock Primary Class,Domestic Common Stock Primary Class,,,1,BKLLU BKHU,76253141.0,75900000.0,76100000.0,1.0,72.75,5547416008.0,1.407,3943400000.0,2026-08-06,2026-08-06,2026-06-30,8131ba72ba585079f677a236394cbb8fdbc254e4bef8df9ea3d0cdeb22813154,0d3ad7ef8e8d376c9e03084135f6f7d9d0f07e9c4845818d5061f5b7643280a5,70.73999786376953,2026-10-06,OWNERSHIP_BASIS_UNVERIFIED,76253141.00343643,76266169.07216495,76253141.0,4.506606199328189e-09,0.01708528797250697,0.0002403489374651624,PRIMARY_CLASS,PROVIDER_METADATA_ONLY,UNREVIEWED,NOT_PROVEN_ADR,UNREVIEWED,REQUIRES_MORE_EVIDENCE,"Formula reconciles, but neither metadata nor canonical one-active-security count proves complete legal/economic common share perimeter. No official issuer deep dive in bounded sample; hold pending evidence.",0.0,OK,OK,False,,False,False,62,,0.01708529247987922
BKKT,326,Domestic Common Stock Primary Class,Domestic Common Stock Primary Class,,,1,VIHAU VIH,45069458.0,45069458.0,,1.0,7.65,344781354.0,0.973,354390000.0,2026-08-10,2026-08-10,2026-06-30,a1d35366807079636517df26f052d612249c823f575f475d7e8f8fb311191901,de3a62862a9bb94ca614ebec531edf350c1174d1f4c434a623925c0a2d152bbc,7.349999904632568,2026-10-06,OWNERSHIP_BASIS_UNVERIFIED,45069458.039215684,45074701.96078431,45069458.0,8.701166454017084e-08,0.01163519997080531,0.00011319732498094037,PRIMARY_CLASS,PROVIDER_METADATA_ONLY,UNREVIEWED,NOT_PROVEN_ADR,UNREVIEWED,REQUIRES_MORE_EVIDENCE,"Formula reconciles, but neither metadata nor canonical one-active-security count proves complete legal/economic common share perimeter. No official issuer deep dive in bounded sample; hold pending evidence.",1.246633085649762e-06,OK,OK,False,,False,False,58,,0.011635286992595084
BKSY,329,Domestic Common Stock Primary Class,Domestic Common Stock Primary Class,,,1,SFTW.U SFTW,40924846.0,40924846.0,,1.0,27.79,1137301470.0,5.376,211532000.0,2026-08-06,2026-08-06,2026-06-30,dd8a46b2d5a904da9a31c6b5b10603cd22c0bdc75e1ec6fcfdd48385caa46328,cd8a71abf2bbf39b0449801e1060a50dbe56ecaaaebee8c5615290831a329d80,22.65999984741211,2026-10-06,OWNERSHIP_BASIS_UNVERIFIED,40924845.98776539,40921051.88916877,40924846.0,2.989530845098898e-08,0.009270892791513052,0.0004984494071811341,PRIMARY_CLASS,PROVIDER_METADATA_ONLY,UNREVIEWED,NOT_PROVEN_ADR,UNREVIEWED,REQUIRES_MORE_EVIDENCE,"Formula reconciles, but neither metadata nor canonical one-active-security count proves complete legal/economic common share perimeter. No official issuer deep dive in bounded sample; hold pending evidence.",3.2944488914665726e-06,OK,OK,False,,False,False,62,,0.009270922684057048
BLBD,331,Domestic Common Stock Primary Class,Domestic Common Stock Primary Class,,,1,HCACU HCAC,31676039.0,34237303.0,35150916.0,1.0,76.93,2436837680.0,3.721,654892000.0,2026-08-05,2026-08-05,2026-06-27,b2a22eb0faf169e8ba3ec9c9fbfa4d0537a3112f6ebeeb46c02bd5f46ff03fc6,69c1bf50b6f5b811e44fe77ed8bd82ab54a83e6f98ad992fc876451660579012,57.185001373291016,2026-10-06,OWNERSHIP_BASIS_UNVERIFIED,31676038.996490315,31676239.8544131,31676039.0,1.1079936967917092e-08,0.0006341005035714886,2.3594730123477348e-05,PRIMARY_CLASS,PROVIDER_METADATA_ONLY,UNREVIEWED,NOT_PROVEN_ADR,UNREVIEWED,REQUIRES_MORE_EVIDENCE,"Formula reconciles, but neither metadata nor canonical one-active-security count proves complete legal/economic common share perimeter. No official issuer deep dive in bounded sample; hold pending evidence.",3.96692811932553e-07,OK,OK,False,,False,False,63,,0.0006340894235457029
BLNK,338,Domestic Common Stock Primary Class,Domestic Common Stock Primary Class,,,1,CCGI,144938716.0,144260561.0,144260561.0,1.0,0.612,88673506.0,1.855,47793000.0,2026-08-07,2026-08-07,2026-06-30,b82394f16d8ae934fe7d3c9c162bbbb4de7cc8beda87a9170fa06cab4019d05d,1a49bfe34e4d7f6a4673869fd02e148944b0038a6b68e2a210f54286fdbcc4f0,0.5120000243186951,2026-10-06,OWNERSHIP_BASIS_UNVERIFIED,144891349.6732026,144862769.60784313,144938716.0,0.032690927998269004,0.019725170221640553,0.00036597409662508795,PRIMARY_CLASS,PROVIDER_METADATA_ONLY,UNREVIEWED,NOT_PROVEN_ADR,UNREVIEWED,REQUIRES_MORE_EVIDENCE,"Formula reconciles, but neither metadata nor canonical one-active-security count proves complete legal/economic common share perimeter. No official issuer deep dive in bounded sample; hold pending evidence.",0.0326772920446472,OK,OK,False,,False,False,61,,0.052398968510847244
BMY,345,Domestic Common Stock Primary Class,Domestic Common Stock Primary Class,COMMON_OR_ORDINARY,https://www.sec.gov/Archives/edgar/data/14272/000001427226000020/bmy-20260630.htm,1,,2042714656.0,2042714656.0,,1.0,64.86,132490472588.0,5.936,22319000000.0,2026-07-30,2026-07-30,2026-06-30,5485ebb4c71f8e0a0fc29132ab20c94cb14f9be60b8ecaf8082b976ecc9c46eb,b5c3ced7c7f3f3a25c882cafa4d8b03fe8d14af6705a2ceb8782ace1e27814d7,59.59000015258789,2026-10-06,OWNERSHIP_BASIS_UNVERIFIED,2042714655.997533,2042639284.6130126,2042714656.0,1.2077006061872453e-10,0.0036897656899514963,0.00021903257314370705,PRIMARY_CLASS,PROVIDER_METADATA_ONLY,ONE_COMMON_CLASS_COUNT_RECONCILED,DIRECT_COMMON,REVIEW_SUPPORTED_CONDITIONAL_NEXT_CONTRACT,SAFE_TO_RELEASE_UNDER_GENERIC_CONTRACT,"Official latest accepted filing cover common/ordinary count matches sharesbas; provider price times independently reported count reconciles marketcap. Carry-forward is a dated reporting approximation, not independently observed current shares.",9.410292323153158e-07,OK,OK,True,,False,True,69,,0.0036897658107104547
BNGO,348,Domestic Common Stock Primary Class,Domestic Common Stock Primary Class,,,1,BNGOU,11777000.0,11546000.0,11546000.0,1.0,1.16,13661320.0,0.432,31606000.0,2026-08-10,2026-08-10,2026-06-30,585f90f233d5877c2117d03e7554c3775c63f49459ee4526e75451c8bb85ca3f,538c47c84e1abc0d29448eadc531fdc924ab00fa120783fb6b5f3322e74b3149,1.4500000476837158,2026-10-06,OWNERSHIP_BASIS_UNVERIFIED,11777000.0,11770510.344827587,11777000.0,0.0,0.055104484778922824,0.00023818262355251862,PRIMARY_CLASS,PROVIDER_METADATA_ONLY,UNREVIEWED,NOT_PROVEN_ADR,UNREVIEWED,REQUIRES_MORE_EVIDENCE,"Formula reconciles, but neither metadata nor canonical one-active-security count proves complete legal/economic common share perimeter. No official issuer deep dive in bounded sample; hold pending evidence.",2.8774655991270492e-06,OK,OK,False,,False,False,58,,0.055104484778922824
BRCC,359,Domestic Common Stock Primary Class,Domestic Common Stock Primary Class,,,1,SBEAU SBEA,25028747.0,11782766.0,11782766.0,1.0,10.5,262801844.0,5.438,48324000.0,2026-08-03,2026-08-03,2026-06-30,39899f4b7a71a24ce19e977b6c4714b76ac96933a64d4ae0f59309e9f1500d3d,4819f2ad0d3d9414d02ad93eedcf0a3af95bf75f96eabe29ba307af4d8226f04,9.4399995803833,2026-10-06,OWNERSHIP_BASIS_UNVERIFIED,25028747.04761905,25027229.714285713,25028747.0,1.9025742092892983e-07,0.00606236233259283,0.0003296912507249061,PRIMARY_CLASS,PROVIDER_METADATA_ONLY,UNREVIEWED,NOT_PROVEN_ADR,POST_OBSERVATION_ACTION_OR_ISSUANCE_REVIEW,REQUIRES_NEWER_SHARE_COUNT,Stored action: August 24 split 0.1 after provider date. Do not adjust again without provider split-basis provenance.,0.0,OK,OK,False,,False,False,65,,0.006062172086707118
BRKR,360,Domestic Common Stock Primary Class,Domestic Common Stock Primary Class,,,1,BRKRP BRUKP,152359316.0,152300000.0,152300000.0,1.0,52.47,7994293311.0,3.331,2400200000.0,2026-08-05,2026-08-05,2026-06-30,6308f5e00d5288e72cdfc0a6e8a1d67941fdd21b7e37e8054587a5736739932b,68171155eaaddcfd8ecd009f9972b7270e221e52fac2ecbbd381f50f2896183f,60.5,2026-10-06,OWNERSHIP_BASIS_UNVERIFIED,152359316.0091481,152374046.1215933,152359316.0,6.004285957317279e-09,0.009668009040098013,0.00032201024914568777,PRIMARY_CLASS,PROVIDER_METADATA_ONLY,UNREVIEWED,NOT_PROVEN_ADR,UNREVIEWED,REQUIRES_MORE_EVIDENCE,"Formula reconciles, but neither metadata nor canonical one-active-security count proves complete legal/economic common share perimeter. No official issuer deep dive in bounded sample; hold pending evidence.",2.326478232284046e-06,OK,OK,False,,False,False,63,,0.009668015044961287
BSX,368,Domestic Common Stock Primary Class,Domestic Common Stock Primary Class,COMMON_OR_ORDINARY,https://www.sec.gov/Archives/edgar/data/885725/000088572526000053/bsx-20260630.htm,1,BSX-PA BSCFP,1449229526.0,1470200000.0,1474800000.0,1.0,48.43,70186185944.0,2.815,24930000000.0,2026-08-03,2026-08-03,2026-06-30,cb8813091340c77b20e0c08c2e73dfc65de7d05cf3a8079061f80c52aa2798ae,a6b7cc9ee7eb6b0648dfb79499700c739ca411330fdc0f9c73207ad642cd25d4,42.189998626708984,2026-10-06,OWNERSHIP_BASIS_UNVERIFIED,1449229525.9962833,1449059467.2723517,1449229526.0,2.5646151868841116e-10,0.011734423076614764,0.00033036277577203066,PRIMARY_CLASS,PROVIDER_METADATA_ONLY,ONE_COMMON_CLASS_COUNT_RECONCILED,DIRECT_COMMON,REVIEW_SUPPORTED_CONDITIONAL_NEXT_CONTRACT,SAFE_TO_RELEASE_UNDER_GENERIC_CONTRACT,"Official latest accepted filing cover common/ordinary count matches sharesbas; provider price times independently reported count reconciles marketcap. Carry-forward is a dated reporting approximation, not independently observed current shares.",6.301378974171712e-07,OK,OK,True,,False,True,65,,0.011734423333042976
BTBD,371,Domestic Common Stock Primary Class,Domestic Common Stock Primary Class,,,1,,6184724.0,6173734.0,6173734.0,1.0,1.22,7545363.0,1.189,6348269.0,2026-08-17,2026-08-17,2026-06-28,05a4cf340b660c2067203f823fdd6b2126115a2998e4d2c3b7a1e9bc1d0ba701,8be574b5910d3bb45cd1fb77dad035f6d884fe9cb4b7003533765edcb3360731,1.6699999570846558,2026-10-06,OWNERSHIP_BASIS_UNVERIFIED,6184723.770491803,6186960.525409836,6184724.0,3.7108883965686346e-06,0.036165801433285516,0.0004298559182038808,PRIMARY_CLASS,PROVIDER_METADATA_ONLY,UNREVIEWED,NOT_PROVEN_ADR,UNREVIEWED,REQUIRES_MORE_EVIDENCE,"Formula reconciles, but neither metadata nor canonical one-active-security count proves complete legal/economic common share perimeter. No official issuer deep dive in bounded sample; hold pending evidence.",2.345100780232201e-06,OK,OK,False,,False,False,51,,0.03616208920294017
BTCT,372,ADR Common Stock Primary Class,ADR Common Stock Primary Class,CLASS_A_OR_ORDINARY,https://www.sec.gov/Archives/edgar/data/1796514/000121390026082801/ea0299265-f1_btcdigital.htm,1,EDTXU METX EDTX,9516975.0,8222890.0,,1.0,1.192,11344234.0,2.076,5465147.0,2026-05-11,2026-05-11,2025-12-31,88332bf491598a7fc7c6f667e494d00ed5b8da23939082f0caa2f79fe01f6a46,523bf1ef2940db971138d23f228cdd8857a42f66cfd840f0c60ac8ecb4e77905,1.1200000047683716,2026-10-06,OWNERSHIP_BASIS_UNVERIFIED,9516974.832214765,9518158.701342283,9516975.0,1.7630101822874167e-06,0.012439552992304925,0.0002582129995771787,ADR_LABELLED,OFFICIAL_DIRECT_COMMON_PROVIDER_ADR_CONFLICT,UNREVIEWED,DIRECT_COMMON,POST_OBSERVATION_ACTION_OR_ISSUANCE_REVIEW,REQUIRES_NEWER_SHARE_COUNT,"Official filing identifies directly listed ordinary shares, not ADS; July financing/share registration follows May 11 provider row. Registration alone is not proof of issuance; newer settled share evidence required.",0.16778043452524427,OK,OK,False,,True,False,149,,0.01243778976285359
BTSG,374,Domestic Common Stock Primary Class,Domestic Common Stock Primary Class,,,1,BTSGU,197864241.0,206042000.0,220276000.0,1.0,59.71,11814473830.0,5.767,2048717000.0,2026-07-31,2026-07-31,2026-06-30,b6544fb3ab01a0deb5afcbb4e29730e35c1bcee712981a3c78684fa83017894e,4bdc442265f9a105f26e4b32cd937b8dfda247e67f4ec43cbc11e8ea82f9fb99,63.75,2026-10-06,OWNERSHIP_BASIS_UNVERIFIED,197864240.99815777,197872231.43527046,197864241.0,9.310552329111488e-10,0.004038343195511551,0.00023288184751724117,PRIMARY_CLASS,PROVIDER_METADATA_ONLY,UNREVIEWED,NOT_PROVEN_ADR,UNREVIEWED,REQUIRES_MORE_EVIDENCE,"Formula reconciles, but neither metadata nor canonical one-active-security count proves complete legal/economic common share perimeter. No official issuer deep dive in bounded sample; hold pending evidence.",1.533289806232574e-06,OK,OK,False,,False,False,68,,0.004038342264411909
BTU,375,Domestic Common Stock Primary Class,Domestic Common Stock Primary Class,,,1,BTU-P BTU.W,121900000.0,121900000.0,,1.0,23.52,2867088000.0,0.883,3248600000.0,2026-08-06,2026-08-06,2026-06-30,639d1b92b7ac0515a2b5d1c040f027269ffd43666cce84b3b3a4eeb28b5c8297,239edcb7c4d8adc2bc0f574a9c0c598ba36f2dea1a224b2a63ec64c7fae39e4b,25.43000030517578,2026-10-06,OWNERSHIP_BASIS_UNVERIFIED,121900000.0,121960620.74829932,121900000.0,0.0,0.04972990016349765,0.00043889675552544194,PRIMARY_CLASS,PROVIDER_METADATA_ONLY,UNREVIEWED,NOT_PROVEN_ADR,UNREVIEWED,REQUIRES_MORE_EVIDENCE,"Formula reconciles, but neither metadata nor canonical one-active-security count proves complete legal/economic common share perimeter. No official issuer deep dive in bounded sample; hold pending evidence.",1.9462741196463185e-06,OK,OK,False,,False,False,62,,0.04972990016349765
BW,379,Domestic Common Stock Primary Class,Domestic Common Stock Primary Class,,,1,BW-PA BWSN BWNB,148965066.0,142331000.0,154513000.0,1.0,8.88,1322809786.0,23.058,57369000.0,2026-08-10,2026-08-10,2026-06-30,1a409281ce3d63ca77ecc7c52e3603e3196d0c40a47948c5273d00156fccf5cf,1fde572b7b54b95da04cf43296eb97fb4219c1d13a17baf2e0680f2fd8e94d45,5.909999847412109,2026-10-06,OWNERSHIP_BASIS_UNVERIFIED,148965065.99099097,148965585.8108108,148965066.0,6.047740086501108e-09,0.0003489541768653126,8.046157332231019e-05,PRIMARY_CLASS,PROVIDER_METADATA_ONLY,UNREVIEWED,NOT_PROVEN_ADR,UNREVIEWED,REQUIRES_MORE_EVIDENCE,"Formula reconciles, but neither metadata nor canonical one-active-security count proves complete legal/economic common share perimeter. No official issuer deep dive in bounded sample; hold pending evidence.",1.28874906302201e-06,OK,OK,False,,False,False,58,,0.0003489481290808172
BXP,383,Domestic Common Stock Primary Class,Domestic Common Stock Primary Class,,,1,BXP-PB,159661556.0,159167000.0,159629000.0,1.0,68.81,10986311668.0,2.131,5155145000.0,2026-08-06,2026-08-06,2026-06-30,7a02ca9f27f8716e4ad3a2e3d90f3c550c332e644dd0273824392bfc239ed60c,ec61c860c8aeb1aa3e177beba76c72988159a89c7827f04b5be72e95a7a35e96,59.790000915527344,2026-10-06,OWNERSHIP_BASIS_UNVERIFIED,159661555.9947682,159651416.87254757,159661556.0,3.276801052720657e-09,0.00635038419704026,0.00013533528154896501,PRIMARY_CLASS,PROVIDER_METADATA_ONLY,UNREVIEWED,NOT_PROVEN_ADR,UNREVIEWED,REQUIRES_MORE_EVIDENCE,"Formula reconciles, but neither metadata nor canonical one-active-security count proves complete legal/economic common share perimeter. No official issuer deep dive in bounded sample; hold pending evidence.",3.5480398952181247e-06,OK,OK,False,,False,False,62,,0.00635038747363037
BZAI,387,Domestic Common Stock Primary Class,Domestic Common Stock Primary Class,,,1,BRKHU1 BRKH BRKHU,144832039.0,134813711.0,134813711.0,1.0,1.17,169453486.0,3.96,42790000.0,2026-08-13,2026-08-13,2026-06-30,0a5ce40daf2e893a4a40bac11fa25205239d66a5f02559476e818ca4289a27d5,9329818d02ca58d7c69880aa80f28fdffb32f785adfc5e89e9426bb5f5723c8b,0.28999999165534973,2026-10-06,OWNERSHIP_BASIS_UNVERIFIED,144832039.31623933,144827692.30769232,144832039.0,2.183490166451918e-07,0.0030014136150557924,0.00011885954662327336,PRIMARY_CLASS,PROVIDER_METADATA_ONLY,UNREVIEWED,NOT_PROVEN_ADR,UNREVIEWED,REQUIRES_MORE_EVIDENCE,"Formula reconciles, but neither metadata nor canonical one-active-security count proves complete legal/economic common share perimeter. No official issuer deep dive in bounded sample; hold pending evidence.",3.667978132337879e-06,OK,OK,False,,False,False,55,,0.0030011952726005653
BZFD,388,Domestic Common Stock Primary Class,Domestic Common Stock Primary Class,,,1,ENFA ENFAU,83334733.0,55089000.0,55089000.0,1.0,1.13,94168248.0,1.857,50699000.0,2026-08-06,2026-08-06,2026-06-30,09f3d685fd248f8c2107fea43579e9e800c47c5a16f79e89789d6f12c4337bf5,cbf5e6c02dd1c52e2dec90ec14d4193c659f85e972b394c3de4b1f5c3e10ec1a,1.1699999570846558,2026-10-06,OWNERSHIP_BASIS_UNVERIFIED,83334732.74336284,83316852.2123894,83334733.0,3.079594135257935e-07,0.021456276854592282,0.0003985285705832009,PRIMARY_CLASS,PROVIDER_METADATA_ONLY,UNREVIEWED,NOT_PROVEN_ADR,UNREVIEWED,REQUIRES_MORE_EVIDENCE,"Formula reconciles, but neither metadata nor canonical one-active-security count proves complete legal/economic common share perimeter. No official issuer deep dive in bounded sample; hold pending evidence.",4.2197977334623715e-07,OK,OK,False,,False,False,62,,0.021456584747925334
CCLD,421,Domestic Common Stock Primary Class,Domestic Common Stock Primary Class,,,1,CCLDP MTBCO CCLDO MTBCP MTBC,42493859.0,42493449.0,42493449.0,1.0,2.32,98585753.0,5.665,17402000.0,2026-08-06,2026-08-06,2026-06-30,e9fdb04e6efbb58240036c343790ab52dbd59a68e9d0298f22a2fa354e812e41,7d870d190a22ff312fadf621418fc69e4beee3e5327d8c80e037c0d402ef1a48,2.069999933242798,2026-10-06,OWNERSHIP_BASIS_UNVERIFIED,42493859.05172414,42492383.62068966,42493859.0,1.217214551374468e-07,0.0034721041284768717,0.0001967015285595508,PRIMARY_CLASS,PROVIDER_METADATA_ONLY,UNREVIEWED,NOT_PROVEN_ADR,UNREVIEWED,REQUIRES_MORE_EVIDENCE,"Formula reconciles, but neither metadata nor canonical one-active-security count proves complete legal/economic common share perimeter. No official issuer deep dive in bounded sample; hold pending evidence.",2.8774655991270492e-06,OK,OK,False,,False,False,62,,0.0034719824112405817
CDP,430,Domestic Common Stock Primary Class,Domestic Common Stock Primary Class,,,1,OFC-PL OFC,113410458.0,113410458.0,,1.0,37.54,4257428593.0,2.786,1528224000.0,2026-08-03,2026-08-03,2026-06-30,c8d202c0af1d3ae7d9f6f95a9eba463cbcf30ffbe3687bd187a4de48a1d63d79,d807a8b15c203618d4a24ca4d88901780850da6f1da9d912281f4948e65f47da,33.68000030517578,2026-10-06,OWNERSHIP_BASIS_UNVERIFIED,113410457.99147576,113415878.10335642,113410458.0,7.516276490093787e-09,0.004779199358373454,0.00013314213099668848,PRIMARY_CLASS,PROVIDER_METADATA_ONLY,UNREVIEWED,NOT_PROVEN_ADR,UNREVIEWED,REQUIRES_MORE_EVIDENCE,"Formula reconciles, but neither metadata nor canonical one-active-security count proves complete legal/economic common share perimeter. No official issuer deep dive in bounded sample; hold pending evidence.",2.4388048691648123e-06,OK,OK,False,,False,False,65,,0.004779191841741692
CDZI,435,Domestic Common Stock Primary Class,Domestic Common Stock Primary Class,,,1,CDZIP,84677075.0,84147000.0,84147000.0,1.0,3.51,297216533.0,63.712,4665000.0,2026-08-13,2026-08-13,2026-06-30,f74996d6ae2030c3434e2586d9b28aea3928e71b08e5099898ac4ae7a35f0a0b,df8c9b6c2a25bb16711b176d82e5f9f3086e00f718b0132c17f32c4f133f28ad,3.5,2026-10-06,OWNERSHIP_BASIS_UNVERIFIED,84677074.92877494,84677059.82905984,84677075.0,8.411373819683376e-08,1.78321170274387e-05,1.1361200428439133e-05,PRIMARY_CLASS,PROVIDER_METADATA_ONLY,UNREVIEWED,NOT_PROVEN_ADR,UNREVIEWED,REQUIRES_MORE_EVIDENCE,"Formula reconciles, but neither metadata nor canonical one-active-security count proves complete legal/economic common share perimeter. No official issuer deep dive in bounded sample; hold pending evidence.",2.717020830544925e-07,OK,OK,False,,False,False,55,,1.7916230765635532e-05
CHMI,461,Domestic Common Stock Primary Class,Domestic Common Stock Primary Class,,,1,CHMI-PA CHMI-PB,36947394.0,36605698.0,36739399.0,1.0,2.79,103083229.0,0.455,226443000.0,2026-08-10,2026-08-10,2026-06-30,470ba56df4dc963c333f2ae26f419ebfb4bd745bcf3a9bb7efa7d58384fcbf5a,9cc7b19a1d93e0c990d235aca0e7e854986135c970c135b52f2ac02a4c8b0a2e,2.619999885559082,2026-10-06,OWNERSHIP_BASIS_UNVERIFIED,36947393.90681004,36928876.34408602,36947394.0,2.522233755186676e-07,0.05011872493827507,0.0002281545466187862,PRIMARY_CLASS,PROVIDER_METADATA_ONLY,UNREVIEWED,NOT_PROVEN_ADR,UNREVIEWED,REQUIRES_MORE_EVIDENCE,"Formula reconciles, but neither metadata nor canonical one-active-security count proves complete legal/economic common share perimeter. No official issuer deep dive in bounded sample; hold pending evidence.",1.3672750043269843e-06,OK,OK,False,,False,False,58,,0.0501189770352406
CHTR,466,Domestic Common Stock Primary Class,Domestic Common Stock Primary Class,,https://www.sec.gov/Archives/edgar/data/1091667/000109166726000052/chtr-20260630.htm,1,CHTRP CCMM,119277492.0,120121017.0,121255667.0,1.0,123.31,14708107539.0,0.868,16952000000.0,2026-07-24,2026-07-24,2026-06-30,380769f0b24bf4224082131c8d25b753c9876cfa8dff3aca21a5e025543a0d6c,f7fe42d85e12f64c6465dc5a7bbc220b558e5c1a5af3972f51297b5bad46f05d,108.63999938964844,2026-10-06,OWNERSHIP_BASIS_UNVERIFIED,119277492.00389263,119328002.59508556,119277492.0,3.263511683115894e-09,0.042347127143882446,0.0003674174728645063,PRIMARY_CLASS,PROVIDER_METADATA_ONLY,MULTI_CLASS_OR_LLC_PERIMETER_REVIEW,NOT_PROVEN_ADR,UNREVIEWED,REQUIRES_MULTI_CLASS_CONTRACT,"Provider count 119,277,492 matches quoted A alone; cover also has one B share. LLC noncontrolling interests are outside parent equity. Need B economic-rights and LLC perimeter contract.",1.979893160530821e-06,OK,OK,False,,False,True,75,,0.04234713040878191
CIFR,469,Domestic Common Stock Primary Class,Domestic Common Stock Primary Class,,,1,GWACU GWAC,415030722.0,409382093.0,409382093.0,1.0,20.38,8458326114.0,15.049,562057000.0,2026-08-04,2026-08-04,2026-06-30,5db00d68fae0c808d9ce7776e9a8d80c7df793c86acec291313556e6539f37ee,0c5c889273dbfe2642f90b1aa4417b11cea62dff5bbe25cb89540b448177c5e8,15.5,2026-10-06,OWNERSHIP_BASIS_UNVERIFIED,415030721.9823356,415034140.97154075,415030722.0,4.256150987203e-09,0.0008237918361242436,0.00012397141215103602,PRIMARY_CLASS,PROVIDER_METADATA_ONLY,UNREVIEWED,NOT_PROVEN_ADR,UNREVIEWED,REQUIRES_MORE_EVIDENCE,"Formula reconciles, but neither metadata nor canonical one-active-security count proves complete legal/economic common share perimeter. No official issuer deep dive in bounded sample; hold pending evidence.",4.1179263887691775e-06,OK,OK,False,,False,False,64,,0.0008237875799288474
CIM,470,Domestic Common Stock Primary Class,Domestic Common Stock Primary Class,,,1,CIMP CIMO CIMN CIM-PD CIM-PA CIM-PB CIM-PC,83711818.0,83813331.0,83813331.0,1.0,11.85,991985043.0,0.411,2415626000.0,2026-08-05,2026-08-05,2026-06-30,492ae90d9db3962d2ddd93c16caa8d9b3ffbfb9ec3c367b814c75b9b36a61ddc,8a7263ed04f61d3dba6d6707a75eea892c18b90f8f3a207c314901f3d249edb8,9.199999809265137,2026-10-06,OWNERSHIP_BASIS_UNVERIFIED,83711817.97468355,83782471.39240506,83711818.0,3.0242386372947294e-08,0.0844007685305348,0.0003465946301289824,PRIMARY_CLASS,PROVIDER_METADATA_ONLY,UNREVIEWED,NOT_PROVEN_ADR,UNREVIEWED,REQUIRES_MORE_EVIDENCE,"Formula reconciles, but neither metadata nor canonical one-active-security count proves complete legal/economic common share perimeter. No official issuer deep dive in bounded sample; hold pending evidence.",3.21915381018556e-06,OK,OK,False,,False,False,63,,0.0844007382626133
CING,471,Domestic Common Stock Primary Class,Domestic Common Stock Primary Class,,,1,,14541826.0,14541826.0,,1.0,4.99,72563712.0,3.092,23467035.0,2026-08-13,2026-08-13,2026-06-30,781d58ae311ad22b027cd1b94b3aa309df1e5d9b062b8ead2887beb0fcc3581b,419c20e7d5de2c9eb69841da7d7e95133060d418a87653a636ddf318a88281c4,4.889999866485596,2026-10-06,OWNERSHIP_BASIS_UNVERIFIED,14541826.052104209,14541096.637274548,14541826.0,3.583058183487253e-07,0.005015978234412799,0.00015510182688194263,PRIMARY_CLASS,PROVIDER_METADATA_ONLY,UNREVIEWED,NOT_PROVEN_ADR,UNREVIEWED,REQUIRES_MORE_EVIDENCE,"Formula reconciles, but neither metadata nor canonical one-active-security count proves complete legal/economic common share perimeter. No official issuer deep dive in bounded sample; hold pending evidence.",4.586810342654957e-06,OK,OK,False,,False,False,55,,0.005015619946568961
CLDT,476,Domestic Common Stock Primary Class,Domestic Common Stock Primary Class,,,1,CLDT-PA,46565614.0,46634258.0,47913056.0,1.0,13.48,627704477.0,0.87,721689000.0,2026-08-04,2026-08-04,2026-06-30,50908ea310432becb1ec4d3374d6a5f4c8e0327dce497cc038f17929f6499449,a2db9e449a0293c37458a3a56738bbc8aa6429ca84b1301c49e74b3936c4cde0,13.710000038146973,2026-10-06,OWNERSHIP_BASIS_UNVERIFIED,46565614.02077151,46577850.890207715,46565614.0,4.460697367036914e-08,0.026278767484400056,0.0002285652129934146,PRIMARY_CLASS,PROVIDER_METADATA_ONLY,UNREVIEWED,NOT_PROVEN_ADR,UNREVIEWED,REQUIRES_MORE_EVIDENCE,"Formula reconciles, but neither metadata nor canonical one-active-security count proves complete legal/economic common share perimeter. No official issuer deep dive in bounded sample; hold pending evidence.",3.3958729384053754e-06,OK,OK,False,,False,False,64,,0.026278812103108784
CLOV,483,Domestic Common Stock Primary Class,Domestic Common Stock Primary Class,,,1,IPOC IPOC.U,531156263.0,524186885.0,545447735.0,1.0,4.76,2528303812.0,6.72,376257000.0,2026-08-07,2026-08-07,2026-06-30,f94a02ab9a7d5fbd886aa8ca3926367f33741f8caa0a3af5c63a2e806adf59ab,4653faf1472df633b256cf5baf97a5f86f5f519fff4490a70451327f457b5940,4.599999904632568,2026-10-06,OWNERSHIP_BASIS_UNVERIFIED,531156263.0252101,531186352.9411765,531156263.0,4.746270043654022e-09,0.005664983746034302,0.00038066534310310374,PRIMARY_CLASS,PROVIDER_METADATA_ONLY,UNREVIEWED,NOT_PROVEN_ADR,UNREVIEWED,REQUIRES_MORE_EVIDENCE,"Formula reconciles, but neither metadata nor canonical one-active-security count proves complete legal/economic common share perimeter. No official issuer deep dive in bounded sample; hold pending evidence.",4.808441933512597e-06,OK,OK,False,,False,False,61,,0.005664988492570799
CLRB,485,Domestic Common Stock Primary Class,Domestic Common Stock Primary Class,,,1,NVLT,9452108.0,12231851.0,12231851.0,1.0,2.48,23441228.0,0.785,29871833.0,2026-08-13,2026-08-13,2026-06-30,dd5616920d0eb1f2b763f3acf5622fa1ec35d1ee6d31120c9b121d45c83fbbdb,c84234ff763a68ab31a6fe44541d78af55d77f4ac8cd379359d4561ffc3d8157,1.5099999904632568,2026-10-06,OWNERSHIP_BASIS_UNVERIFIED,9452108.064516129,9455398.752016129,9452108.0,6.825580989300306e-07,0.0348143237205889,0.00027319732940400687,PRIMARY_CLASS,PROVIDER_METADATA_ONLY,UNREVIEWED,NOT_PROVEN_ADR,UNREVIEWED,REQUIRES_MORE_EVIDENCE,"Formula reconciles, but neither metadata nor canonical one-active-security count proves complete legal/economic common share perimeter. No official issuer deep dive in bounded sample; hold pending evidence.",7.690921899339287e-07,OK,OK,False,,False,False,55,,0.03481500651631997
CLS,487,ADR Common Stock,ADR Common Stock,COMMON_OR_ORDINARY,https://www.sec.gov/Archives/edgar/data/1030894/000103089425000036/cls-20250428.htm,1,,114982086.0,115000000.0,116200000.0,1.0,318.24,36591899049.0,14.757,2479600000.0,2026-07-27,2026-07-27,2026-06-30,7e2eb36b464ff3b8c51ce60ff5c0462baae32bd5f898f86c93b08b441df0ee96,3d1b8dd56568e0a9cb22cc1c01fa38fe36d8f731a4848a494681c92186558883,388.239990234375,2026-10-06,OWNERSHIP_BASIS_UNVERIFIED,114982086.00113122,114980697.586727,114982086.0,9.838241332715825e-10,0.0012075049710014163,0.00017819366026827765,ADR_LABELLED,OFFICIAL_DIRECT_COMMON_PROVIDER_ADR_CONFLICT,UNREVIEWED,DIRECT_COMMON,UNREVIEWED,REQUIRES_OFFICIAL_IDENTITY_OVERRIDE,Provider ADR label conflicts with direct common NYSE/TSX listing. Official April 2025 conversion removed multiple-voting structure. Latest accepted cover count not separately reconciled here.,3.068635312519774e-06,OK,OK,False,,True,False,72,,0.0012075039871883853
CLVT,488,ADR Common Stock Primary Class,ADR Common Stock Primary Class,COMMON_OR_ORDINARY,https://www.sec.gov/Archives/edgar/data/1764046/000176404626000091/clvt-20260630.htm,1,CCC.U CCC CLVT-PA,639664003.0,639400000.0,639400000.0,1.0,2.15,1375277606.0,0.303,4537500000.0,2026-07-29,2026-07-29,2026-06-30,e71809722747319868a47a50dbb910d4e1eac71e199a46c6ef24e2ecab70a7fe,35f6dab0df49171b6160fb21bee7e5b4628ce2c599bc0bf92b18b7041b68a9ea,1.4700000286102295,2026-10-06,OWNERSHIP_BASIS_UNVERIFIED,639664002.7906977,639470930.2325581,639664003.0,3.2720670617436554e-08,0.03018343338021534,9.14834159779776e-05,ADR_LABELLED,OFFICIAL_DIRECT_COMMON_PROVIDER_ADR_CONFLICT,UNREVIEWED,DIRECT_COMMON,REVIEW_SUPPORTED_CONDITIONAL_NEXT_CONTRACT,REQUIRES_OFFICIAL_IDENTITY_OVERRIDE,"Official June 2026 filing identifies direct ordinary/common listing, not ADS; accepted whole-common count reconciles. Generic issuer/security/effective-date identity override required.",4.4356945005930015e-06,OK,OK,True,,True,False,70,,0.030183466091004973
CMCSA,494,Domestic Common Stock Primary Class,Domestic Common Stock Primary Class,,https://www.sec.gov/Archives/edgar/data/1166691/000162828026049360/cmcsa-20260630.htm,1,CCZ CCV1 CCV CMCSK,3548636573.0,3548636573.0,,1.0,21.92,77786113680.0,0.867,89763000000.0,2026-07-23,2026-07-23,2026-06-30,7640595b45be8339c83c4e1146071fdba600bb723d1a33b354e4f77262d000fe,231448f0a43829b758da037af527001fc7a0e770cf5c4790fa11cf60572883e3,21.559999465942383,2026-10-06,OWNERSHIP_BASIS_UNVERIFIED,3548636572.9927006,3550388731.7518244,3548636573.0,2.05702122002549e-10,0.04937554813189138,0.00042787473680694355,PRIMARY_CLASS,PROVIDER_METADATA_ONLY,MULTI_CLASS_OR_LLC_PERIMETER_REVIEW,NOT_PROVEN_ADR,UNREVIEWED,REQUIRES_MULTI_CLASS_CONTRACT,"Quoted A 3,539,192,198 + unlisted B 9,444,375 = provider total. Voting distinction established; full economic equivalence not established in this bounded review.",3.480563171009976e-07,OK,OK,False,,False,True,76,,0.04937554792610044
CMCT,495,Domestic Common Stock Primary Class,Domestic Common Stock Primary Class,,,1,PCC PMCT CMCTP,2947493.0,2722000.0,2722000.0,1.0,4.74,13971117.0,0.057,245266000.0,2026-08-14,2026-08-14,2026-06-30,366ab76fb064e6a8bad5a43c99e8f83298268c1874f84b953b2cff88f9d871bf,639405d9b01b3de2e20e63ccde5b69a14b6794fa7deda663af8b454513fa1495,3.6700000762939453,2026-10-06,OWNERSHIP_BASIS_UNVERIFIED,2947493.0379746836,2949401.2658227845,2947493.0,1.288372286634143e-06,0.06474070756117278,3.6878328019379625e-05,PRIMARY_CLASS,PROVIDER_METADATA_ONLY,UNREVIEWED,NOT_PROVEN_ADR,UNREVIEWED,REQUIRES_MORE_EVIDENCE,"Formula reconciles, but neither metadata nor canonical one-active-security count proves complete legal/economic common share perimeter. No official issuer deep dive in bounded sample; hold pending evidence.",4.82873071527834e-06,OK,OK,False,,False,False,54,,0.06474199676758108
CMS,504,Domestic Common Stock Primary Class,Domestic Common Stock Primary Class,,,1,CPG.G CMSC CMS-PC CMSA CMS-PB CMSD,313577136.0,313577136.0,,1.0,74.37,23320731604.0,2.386,9774000000.0,2026-07-28,2026-07-28,2026-06-30,ddedc350ecc5ebcc53e8fa50bd1b2bfa9d76c109a5176dc9d7b6780016f3075b,f4cfc2f103aff1fdf8a49c830993f56cd1077f8e26d337502a3750831e595867,65.06999969482422,2026-10-06,OWNERSHIP_BASIS_UNVERIFIED,313577135.9956972,313577571.6014522,313577136.0,1.372169045055216e-09,0.00013891502439467018,3.3145078783825e-06,PRIMARY_CLASS,PROVIDER_METADATA_ONLY,UNREVIEWED,NOT_PROVEN_ADR,UNREVIEWED,REQUIRES_MORE_EVIDENCE,"Formula reconciles, but neither metadata nor canonical one-active-security count proves complete legal/economic common share perimeter. No official issuer deep dive in bounded sample; hold pending evidence.",3.6931316671484637e-06,OK,OK,False,,False,False,71,,0.00013891365222562513
CNP,514,Domestic Common Stock Primary Class,Domestic Common Stock Primary Class,,,1,CNPLL CNP-PB REI,658720288.0,657000000.0,666000000.0,1.0,44.1,29049564701.0,2.479,11720000000.0,2026-07-28,2026-07-28,2026-06-30,839aed95f4012000f74c34222f8a2f4fa31bc3da6c6408fef601a53c8b6de9b2,6da007c71d4322fc1268ff3a62079d32e77e219af8b733781ac47dd00a94f3a1,38.560001373291016,2026-10-06,OWNERSHIP_BASIS_UNVERIFIED,658720288.0045351,658818140.5895691,658720288.0,6.884715020305521e-10,0.014854952369902641,0.00036819957337907994,PRIMARY_CLASS,PROVIDER_METADATA_ONLY,UNREVIEWED,NOT_PROVEN_ADR,UNREVIEWED,REQUIRES_MORE_EVIDENCE,"Formula reconciles, but neither metadata nor canonical one-active-security count proves complete legal/economic common share perimeter. No official issuer deep dive in bounded sample; hold pending evidence.",3.4600428744369083e-06,OK,OK,False,,False,False,71,,0.014854953058485165
COCH,520,Domestic Common Stock Primary Class,Domestic Common Stock Primary Class,,,1,ANZU ANZUU,77194595.0,104039109.0,104039109.0,1.0,0.705,54422189.0,16.477,3303000.0,2026-08-10,2026-08-10,2026-06-30,20fe56925db29afea7a60ac9899930b1ba0a74e8c5b221f296d52b8db97e103d,a73694c30072b4bd976f4e706b4998c0e48223739afab26cfbca329e9b746790,0.6510000228881836,2026-10-06,OWNERSHIP_BASIS_UNVERIFIED,77194594.32624114,77196497.87234043,77194595.0,8.72805760998574e-07,0.002465905956117176,0.00040629730548147336,PRIMARY_CLASS,PROVIDER_METADATA_ONLY,UNREVIEWED,NOT_PROVEN_ADR,UNREVIEWED,REQUIRES_MORE_EVIDENCE,"Formula reconciles, but neither metadata nor canonical one-active-security count proves complete legal/economic common share perimeter. No official issuer deep dive in bounded sample; hold pending evidence.",2.3672766635840503e-06,OK,OK,False,,False,False,58,,0.002465033128840055
CODI,522,Domestic Common Stock Primary Class,Domestic Common Stock Primary Class,,,1,CODI-PC CODI-PA CODI-PB,75235966.0,75236000.0,75236000.0,1.0,11.08,833614503.0,1.764,472560000.0,2026-08-10,2026-08-10,2026-06-30,07a7ba7b1e8f0e86c3067207f628ddbcbb99a2a9ea34ab59e8fee800a7ad7178,b8b1ec8fb748e48c6da47c47e592abf0ff4478a87c0583c03d348d959a1dbd61,11.020000457763672,2026-10-06,OWNERSHIP_BASIS_UNVERIFIED,75235965.97472924,75234281.58844766,75235966.0,3.3588665182548993e-08,0.0022388046192478583,3.949339766373683e-05,PRIMARY_CLASS,PROVIDER_METADATA_ONLY,UNREVIEWED,NOT_PROVEN_ADR,UNREVIEWED,REQUIRES_MORE_EVIDENCE,"Formula reconciles, but neither metadata nor canonical one-active-security count proves complete legal/economic common share perimeter. No official issuer deep dive in bounded sample; hold pending evidence.",6.885735093220546e-07,OK,OK,False,,False,False,58,,0.0022388382071691915
COHR,524,Domestic Common Stock Primary Class,Domestic Common Stock Primary Class,,,1,IIVIP IIVI,195832246.0,195832246.0,,1.0,325.83,63808020714.0,5.852,10903495000.0,2026-08-14,2026-08-14,2026-06-30,69dae0bcd080eb7beccf919412171fe118e83338769909cf1c692fc50b5724df,117299f15927bd571fff7185dec42d3a922b6416664e91a32b24614540611759,338.3599853515625,2026-10-06,OWNERSHIP_BASIS_UNVERIFIED,195832245.99944758,195829889.0218826,195832246.0,2.8208546609675977e-10,0.0012035696945411622,7.043374624338128e-05,PRIMARY_CLASS,PROVIDER_METADATA_ONLY,UNREVIEWED,NOT_PROVEN_ADR,UNREVIEWED,REQUIRES_MORE_EVIDENCE,"Formula reconciles, but neither metadata nor canonical one-active-security count proves complete legal/economic common share perimeter. No official issuer deep dive in bounded sample; hold pending evidence.",4.121085950270498e-06,OK,OK,False,,False,False,54,,0.0012035699766266283
CRDF,558,Domestic Common Stock Primary Class,Domestic Common Stock Primary Class,,,1,TROV XNOM,77795249.0,68397000.0,68397000.0,1.0,1.05,81685011.0,3.079,26532000.0,2026-08-11,2026-08-11,2026-06-30,c895be484db2338f68fd831dbdbc1af8407c15b91c8e18c8e5c2ba9f1d8c3f41,db918597b32410dbd97771965603f4833522deeee1b1ed4aeec74cf9212a4b90,1.0700000524520874,2026-10-06,OWNERSHIP_BASIS_UNVERIFIED,77795248.57142857,77801931.42857142,77795249.0,5.508966616218913e-07,0.008590315302758889,0.00026447308909993694,PRIMARY_CLASS,PROVIDER_METADATA_ONLY,UNREVIEWED,NOT_PROVEN_ADR,UNREVIEWED,REQUIRES_MORE_EVIDENCE,"Formula reconciles, but neither metadata nor canonical one-active-security count proves complete legal/economic common share perimeter. No official issuer deep dive in bounded sample; hold pending evidence.",4.541306275474e-06,OK,OK,False,,False,False,57,,0.008589764358779561
CRH,561,ADR Common Stock,ADR Common Stock,COMMON_OR_ORDINARY,https://www.sec.gov/Archives/edgar/data/849395/000162828026050755/crh-20260630.htm,1,CRHCY,665284511.0,667200000.0,668800000.0,1.0,96.0,63867313056.0,2.657,24035000000.0,2026-07-30,2026-07-30,2026-06-30,53afb93ec86f806b8e54a5d873d7846a840fa0e48e8369dde4f0b02741b09989,9e30d34dccb2e3851becbdebee6bd6c4c1b83a7b9f398e63dd18a37674af1228,83.5999984741211,2026-10-06,OWNERSHIP_BASIS_UNVERIFIED,665284511.0,665218697.9166666,665284511.0,0.0,0.009892471904160427,0.0002628689827335329,ADR_LABELLED,OFFICIAL_DIRECT_COMMON_PROVIDER_ADR_CONFLICT,UNREVIEWED,DIRECT_COMMON,REVIEW_SUPPORTED_CONDITIONAL_NEXT_CONTRACT,REQUIRES_OFFICIAL_IDENTITY_OVERRIDE,"Official June 2026 filing identifies direct ordinary/common listing, not ADS; accepted whole-common count reconciles. Generic issuer/security/effective-date identity override required.",0.0,OK,OK,True,,True,False,69,,0.009892471904160427
CSR,583,Domestic Common Stock Primary Class,Domestic Common Stock Primary Class,,,1,IRETS CSR-PC IRET IRET-P IRET-PC IRET-PB,16794151.0,16810000.0,16810000.0,1.0,55.47,931571556.0,1.37,680223000.0,2026-08-03,2026-08-03,2026-06-30,0d1edff411a0e958d6c641f93f42a6dd38991188f40ea26b57952a4ab8f1eff7,6ea15ac285909394e3194173a7951690520bd6c50e33faadaa6689321a3ffd0a,55.45000076293945,2026-10-06,OWNERSHIP_BASIS_UNVERIFIED,16794151.000540834,16800171.4440238,16794151.0,3.2203684163789603e-09,0.03584845392168301,0.0004909478215233687,PRIMARY_CLASS,PROVIDER_METADATA_ONLY,UNREVIEWED,NOT_PROVEN_ADR,UNREVIEWED,REQUIRES_MORE_EVIDENCE,"Formula reconciles, but neither metadata nor canonical one-active-security count proves complete legal/economic common share perimeter. No official issuer deep dive in bounded sample; hold pending evidence.",2.2006546362973722e-06,OK,OK,False,,False,False,65,,0.035848457143194956
CSTM,585,ADR Common Stock,ADR Common Stock,COMMON_OR_ORDINARY,https://www.sec.gov/Archives/edgar/data/1563411/000156341126000192/cstm-20260630.htm,1,,135527728.0,135527728.0,,1.0,27.63,3744631125.0,3.005,1246000000.0,2026-07-29,2026-07-29,2026-06-30,815fc6e83bd3acbe0ab0ac8f8bb4b871dfc00d5a745a3f195cc5ec66d10652fc,6f6372c6851c5aff609fe131c899cf9e4ec5d78abe32f8d6ef5b87d2cdc5ead9,25.5,2026-10-06,OWNERSHIP_BASIS_UNVERIFIED,135527728.0130293,135513210.2786826,135527728.0,9.613754237136618e-09,0.010712003041413176,0.0003219301765651217,ADR_LABELLED,OFFICIAL_DIRECT_COMMON_PROVIDER_ADR_CONFLICT,UNREVIEWED,DIRECT_COMMON,REVIEW_SUPPORTED_CONDITIONAL_NEXT_CONTRACT,REQUIRES_OFFICIAL_IDENTITY_OVERRIDE,"Official June 2026 filing identifies direct ordinary/common listing, not ADS; accepted whole-common count reconciles. Generic issuer/security/effective-date identity override required.",3.0373991988241755e-06,OK,OK,True,,True,False,70,,0.010711993428691446
CTO,595,Domestic Common Stock Primary Class,Domestic Common Stock Primary Class,,,1,CTO-PA CTOPP,37485454.0,34988612.0,35024642.0,1.0,21.91,821306297.0,1.238,663183000.0,2026-07-28,2026-07-28,2026-06-30,0e65d0d7607ec60701206b66c77fb0c37c3d0eb403f2d4e71711f0e73c917e27,2fc95db7273e8f1386683514201fcd63defec56d8724650fe8a6606b71ab2778,20.530000686645508,2026-10-06,OWNERSHIP_BASIS_UNVERIFIED,37485453.993610226,37472412.32314012,37485454.0,1.7046009048726773e-08,0.034791283233026604,0.000430865990231899,PRIMARY_CLASS,PROVIDER_METADATA_ONLY,UNREVIEWED,NOT_PROVEN_ADR,UNREVIEWED,REQUIRES_MORE_EVIDENCE,"Formula reconciles, but neither metadata nor canonical one-active-security count proves complete legal/economic common share perimeter. No official issuer deep dive in bounded sample; hold pending evidence.",6.964303578271824e-07,OK,OK,False,,False,False,71,,0.03479130027310706
CTOR,596,Domestic Common Stock Primary Class,Domestic Common Stock Primary Class,,,1,TENK TENKU,92981204.0,107890452.0,107890452.0,1.0,0.91,84594299.0,2.095,40384994.0,2026-08-14,2026-08-14,2026-06-30,c3b2564662bc81e170954bde7aa2efc06c5d779d22a80e9ff6bd29f71df79dc7,3b5f7fefa50678b4013506db360c756ababe713d76ff03d3e15ddc4c2743387b,0.8500000238418579,2026-10-06,OWNERSHIP_BASIS_UNVERIFIED,92960768.13186812,92974244.42857143,92981204.0,0.021983325377528118,0.014496757045079356,0.0003036630388013606,PRIMARY_CLASS,PROVIDER_METADATA_ONLY,UNREVIEWED,NOT_PROVEN_ADR,UNREVIEWED,REQUIRES_MORE_EVIDENCE,"Formula reconciles, but neither metadata nor canonical one-active-security count proves complete legal/economic common share perimeter. No official issuer deep dive in bounded sample; hold pending evidence.",0.021978787013465784,OK,OK,False,,False,False,54,,0.007484922897504909
CTOS,597,Domestic Common Stock Primary Class,Domestic Common Stock Primary Class,,,1,NSCO CIC CIC.U,227505535.0,227433000.0,229666000.0,1.0,10.63,2418383837.0,2.964,815957000.0,2026-08-03,2026-08-03,2026-06-30,d4690c6cd81743d1891867ecbf71a37f7dc344e5e00516c7f94fe0490ca3b3cc,bdfc9c2470c4ad242bfb22fea217728e5898823e12c5ffc4f8c61e4bc4ecca4b,9.960000038146973,2026-10-06,OWNERSHIP_BASIS_UNVERIFIED,227505534.99529633,227516138.09971777,227505535.0,2.0675017253779515e-09,0.004660591849625639,0.00013813350458402596,PRIMARY_CLASS,PROVIDER_METADATA_ONLY,UNREVIEWED,NOT_PROVEN_ADR,UNREVIEWED,REQUIRES_MORE_EVIDENCE,"Formula reconciles, but neither metadata nor canonical one-active-security count proves complete legal/economic common share perimeter. No official issuer deep dive in bounded sample; hold pending evidence.",1.0765843549975784e-06,OK,OK,False,,False,False,65,,0.004660589782035096
CTXR,602,Domestic Common Stock Primary Class,Domestic Common Stock Primary Class,,,1,,27452570.0,26169589.0,26169589.0,1.0,0.756,20743162.0,0.311,66613132.0,2026-08-14,2026-08-14,2026-06-30,2dfc43353845644a79b10517417ce8f1525eb3c214fd2d9a6a2453cdb424ad45,8edde66d6ecc445d36416c2f3659c2bfb98d2b2267ec7f1d7ed12b2ab8314894,0.48100000619888306,2026-10-06,OWNERSHIP_BASIS_UNVERIFIED,27438044.973544974,27403021.232804235,27452570.0,0.052937541537789734,0.12764663362315742,0.0003974884111438981,PRIMARY_CLASS,PROVIDER_METADATA_ONLY,UNREVIEWED,NOT_PROVEN_ADR,UNREVIEWED,REQUIRES_MORE_EVIDENCE,"Formula reconciles, but neither metadata nor canonical one-active-security count proves complete legal/economic common share perimeter. No official issuer deep dive in bounded sample; hold pending evidence.",0.052913282283395535,OK,OK,False,,False,False,54,,0.18048862891804074
CUBE,603,Domestic Common Stock Primary Class,Domestic Common Stock Primary Class,,,1,CUBE-PA YSI,225162253.0,226774000.0,227189000.0,1.0,41.46,9335227009.0,3.619,2579243000.0,2026-07-31,2026-07-31,2026-06-30,3af5d53e861a3e1d55295141c70b5a35e2b08cee0962cfb265f814e6e481aacd,37fe6effc7a4d1f3003d3e0a1e8bddf75f6d890843fb9b301d69078218cd25f4,37.7599983215332,2026-10-06,OWNERSHIP_BASIS_UNVERIFIED,225162252.99083453,225139421.5388326,225162253.0,4.070610515327644e-09,0.010139999799552157,0.0003670038069305548,PRIMARY_CLASS,PROVIDER_METADATA_ONLY,UNREVIEWED,NOT_PROVEN_ADR,UNREVIEWED,REQUIRES_MORE_EVIDENCE,"Formula reconciles, but neither metadata nor canonical one-active-security count proves complete legal/economic common share perimeter. No official issuer deep dive in bounded sample; hold pending evidence.",2.208218385923999e-06,OK,OK,False,,False,False,68,,0.010140003869740788
CURI,604,Domestic Common Stock Primary Class,Domestic Common Stock Primary Class,,,1,SAQNU SAQN,59338028.0,59190000.0,60607000.0,1.0,3.99,236758732.0,5.71,41462000.0,2026-08-13,2026-08-13,2026-06-30,5c7f179bd88c42d46b4cd07134b82c400226c5fad430a58ca69c3a2e97b22993,28599bf1ff83c4572d275aee98ef6aa41c48bc58472e923fec532452e20765a0,2.940000057220459,2026-10-06,OWNERSHIP_BASIS_UNVERIFIED,59338028.07017544,59335343.358395986,59338028.0,1.1826385426516595e-07,0.004524437138819781,0.0002583570498284615,PRIMARY_CLASS,PROVIDER_METADATA_ONLY,UNREVIEWED,NOT_PROVEN_ADR,UNREVIEWED,REQUIRES_MORE_EVIDENCE,"Formula reconciles, but neither metadata nor canonical one-active-security count proves complete legal/economic common share perimeter. No official issuer deep dive in bounded sample; hold pending evidence.",2.3901611800880573e-07,OK,OK,False,,False,False,55,,0.004524318880316791
CW,616,Domestic Common Stock Primary Class,Domestic Common Stock Primary Class,,,1,CW.B,36934444.0,36939000.0,37120000.0,1.0,714.04,26372670394.0,9.521,2769860000.0,2026-08-06,2026-08-06,2026-06-30,d91abed6b868778cd7f49b0984da97625341ddf0355957347aac9a1551f27942,32613e8466cae6979dc7e5eff34172c41d46e7359338ab663f67b64afeb21267,553.3499755859375,2026-10-06,OWNERSHIP_BASIS_UNVERIFIED,36934444.00033612,36933276.93126436,36934444.0,9.100387110549946e-10,0.0031598392864484737,0.00030085780508670723,PRIMARY_CLASS,PROVIDER_METADATA_ONLY,UNREVIEWED,NOT_PROVEN_ADR,UNREVIEWED,REQUIRES_MORE_EVIDENCE,"Formula reconciles, but neither metadata nor canonical one-active-security count proves complete legal/economic common share perimeter. No official issuer deep dive in bounded sample; hold pending evidence.",3.077230437131817e-06,OK,OK,False,,False,False,62,,0.0031598383764430693
CWEN,618,Domestic Common Stock Primary Class,Domestic Common Stock Primary Class,,https://www.sec.gov/Archives/edgar/data/1567683/000162828026053421/cwen-20260630.htm,1,NYLD.A CWEN.A NYLD,205274852.0,121000000.0,121000000.0,1.0,31.18,6400469885.0,3.458,1851000000.0,2026-08-05,2026-08-05,2026-06-30,241c0a645f5e7c946dc30cd457480dbc1f169454084f119d0be5b9579f3a1733,771c796578c0da3c19baddbc89d2e53bcf3c74d30fee0d076c565af2e5d7a50e,30.729999542236328,2026-10-06,OWNERSHIP_BASIS_UNVERIFIED,205274851.98845413,205284092.36690187,205274852.0,5.6245896828954756e-09,0.004501466379447372,0.00015565370070236284,PRIMARY_CLASS,PROVIDER_METADATA_ONLY,MULTI_CLASS_OR_LLC_PERIMETER_REVIEW,NOT_PROVEN_ADR,UNREVIEWED,REQUIRES_MULTI_CLASS_CONTRACT,"A converted into C in April 2026. June B+C+D total 205,267,917, cover/provider 205,274,852. B/D associated with noncontrolling LLC units; parent equity cannot blindly pair with all legal shares.",9.787549215545255e-07,OK,OK,False,,False,True,63,,0.00450146075461344
CYRX,630,Domestic Common Stock Primary Class,Domestic Common Stock Primary Class,,,1,,50649100.0,50442796.0,50442796.0,1.0,14.71,745048261.0,1.518,490699000.0,2026-08-06,2026-08-06,2026-06-30,fd44fe6bea6cc0485bff0d9666b1603726dee199e5e504df3d26fac2d64bdf0d,5e7a19cabb31776193a2457d12e5a4a186e3af3700f3f39686d41cd989ab1dd8,17.799999237060547,2026-10-06,OWNERSHIP_BASIS_UNVERIFIED,50649100.0,50637735.01019714,50649100.0,0.0,0.022438680653480425,0.0003406956199216715,PRIMARY_CLASS,PROVIDER_METADATA_ONLY,UNREVIEWED,NOT_PROVEN_ADR,UNREVIEWED,REQUIRES_MORE_EVIDENCE,"Formula reconciles, but neither metadata nor canonical one-active-security count proves complete legal/economic common share perimeter. No official issuer deep dive in bounded sample; hold pending evidence.",2.5932680447482426e-07,OK,OK,False,,False,False,62,,0.022438680653480425
D,633,Domestic Common Stock Primary Class,Domestic Common Stock Primary Class,,,1,DCUB DMMRU DCUE DOMGL DCUA DRUA DCUC DMNRU DCUD DCUAU,879525949.0,879525949.0,,1.0,69.17,60836809892.0,2.103,28922000000.0,2026-07-31,2026-07-31,2026-06-30,9110d6d0fcaa8f25c43aea5490092f461060de09c1896a0d998b8de51b5de194,e19a971d2b3ca5180885245b3d23b888697b9f2c07cfb4ab05e310747d602f32,62.0,2026-10-06,OWNERSHIP_BASIS_UNVERIFIED,879525948.9952291,879325805.9852538,879525949.0,5.42432765371359e-10,0.02275578227156627,0.00047866302468690947,PRIMARY_CLASS,PROVIDER_METADATA_ONLY,UNREVIEWED,NOT_PROVEN_ADR,UNREVIEWED,REQUIRES_MORE_EVIDENCE,"Formula reconciles, but neither metadata nor canonical one-active-security count proves complete legal/economic common share perimeter. No official issuer deep dive in bounded sample; hold pending evidence.",2.6471804082106587e-06,OK,OK,False,,False,False,68,,0.022755782813888015
DAVE,640,Domestic Common Stock Primary Class,Domestic Common Stock Primary Class,,,1,VPCC VPCC.U,12755507.0,12719166.0,13679803.0,1.0,430.16,5486908891.0,26.393,207890000.0,2026-08-05,2026-08-05,2026-06-30,c51d97e21979302992f5563198279fcec01a860a1b545d05cc92ba9ddcd309bf,7b8037e3ea64b9777a2f239a5bfd4e0b10bbd2a76050b137527e33bc07770e05,343.1400146484375,2026-10-06,OWNERSHIP_BASIS_UNVERIFIED,12755506.999721033,12755348.637716198,12755507.0,2.187028336209096e-09,0.0012415187012004836,0.00032767809899425515,PRIMARY_CLASS,PROVIDER_METADATA_ONLY,UNREVIEWED,NOT_PROVEN_ADR,UNREVIEWED,REQUIRES_MORE_EVIDENCE,"Formula reconciles, but neither metadata nor canonical one-active-security count proves complete legal/economic common share perimeter. No official issuer deep dive in bounded sample; hold pending evidence.",8.513365568063591e-07,OK,OK,False,,False,False,63,,0.0012415208882066153
DBGI,642,Domestic Common Stock Primary Class,Domestic Common Stock Primary Class,,,1,,933509.0,661049.0,661049.0,1.0,11.85,11062082.0,20.484,540031.0,2026-08-19,2026-08-19,2026-06-30,8edf69b1cbfb3a4f6940df0c6b06fbb229f52abf62a81f48eee5e775411633ed,76b5ef705096ddcd014fb6ece79f35701a16fa2da4b2cf8fe94fea522ca5de01,4.610000133514404,2026-10-06,OWNERSHIP_BASIS_UNVERIFIED,933509.0295358651,933501.6881012659,933509.0,3.1639613706779812e-06,0.0007864342354335641,0.00016109445568801561,PRIMARY_CLASS,PROVIDER_METADATA_ONLY,UNREVIEWED,NOT_PROVEN_ADR,UNREVIEWED,REQUIRES_MORE_EVIDENCE,"Formula reconciles, but neither metadata nor canonical one-active-security count proves complete legal/economic common share perimeter. No official issuer deep dive in bounded sample; hold pending evidence.",3.21915381018556e-06,OK,OK,False,,False,False,49,,0.000783270298843064
DBVT,644,ADR Common Stock,ADR Common Stock,,,1,,296061497.0,433535486.0,433535486.0,0.2,14.86,879894769.0,5.486,160400000.0,2026-07-16,2026-07-16,2026-06-30,bb9fb8e316085f46f2e987242f19aa32621d3261153a8c8f64651d02fe54b486,ef3675986fc64d658cb47adca899d1f5ab2411b12e7dd8b7d7441bf9759ecc96,9.979999542236328,2026-10-06,OWNERSHIP_BASIS_UNVERIFIED,59212299.39434724,59216312.247644685,59212299.400000006,9.546607948607289e-09,0.006777060405505075,0.000371764339152314,ADR_LABELLED,PROVIDER_METADATA_ONLY,UNREVIEWED,UNREVIEWED,POST_OBSERVATION_ACTION_OR_ISSUANCE_REVIEW,REQUIRES_NEWER_SHARE_COUNT,ADS 1:5 verified. Issuer July 30 ATM sale disclosure follows July 16 provider row; reconcile issuance and settlement before carrying shares forward.,2.310381919112814e-06,OWNERSHIP_BASIS_UNVERIFIED,OK,False,0.2,False,False,83,9.546607948607289e-09,0.006777050858253197
DCGO,646,Domestic Common Stock Primary Class,Domestic Common Stock Primary Class,,,1,MOTN MOTNU,98928369.0,98802810.0,98802810.0,1.0,0.71,70249035.0,0.59,119054558.0,2026-08-17,2026-08-17,2026-06-30,47f17b6bef97633926ef9eb4cb73307a443d22f9ada3f3b953118428f228a6ec,3228a067b30a7cb007a26ae91af685ed6fd44f1336df35cb40e1dad229d83be2,0.3619999885559082,2026-10-06,OWNERSHIP_BASIS_UNVERIFIED,98942302.81690142,98932660.87323944,98928369.0,0.014082769962608932,0.009745016426210285,5.750120041603246e-05,PRIMARY_CLASS,PROVIDER_METADATA_ONLY,UNREVIEWED,NOT_PROVEN_ADR,UNREVIEWED,REQUIRES_MORE_EVIDENCE,"Formula reconciles, but neither metadata nor canonical one-active-security count proves complete legal/economic common share perimeter. No official issuer deep dive in bounded sample; hold pending evidence.",0.014083822008603697,OK,OK,False,,False,False,51,,0.0043383644982908365
DD,650,Domestic Common Stock Primary Class,Domestic Common Stock Primary Class,,,1,DOW DWDP,135042975.0,135900000.0,136800000.0,1.0,142.93,19301692417.0,1.402,13769000000.0,2026-08-04,2026-08-04,2026-06-30,2e5e6007f233b123dc6b3b4abca9d3575c14eb697dd18bf1b78fbf93aee5c834,52f173d9fa4e233c79de994487917c24961cd14eb8aac105d9e798fd5412c2e6,133.27999877929688,2026-10-06,OWNERSHIP_BASIS_UNVERIFIED,135042975.0017491,135060085.3564682,135042975.0,1.2952194872184464e-09,0.012670303448869547,0.0001776151499743861,PRIMARY_CLASS,PROVIDER_METADATA_ONLY,UNREVIEWED,NOT_PROVEN_ADR,UNREVIEWED,REQUIRES_MORE_EVIDENCE,"Formula reconciles, but neither metadata nor canonical one-active-security count proves complete legal/economic common share perimeter. No official issuer deep dive in bounded sample; hold pending evidence.",5.124339719220217e-06,OK,OK,False,,False,False,64,,0.012670304744255567
DHC,668,Domestic Common Stock Primary Class,Domestic Common Stock Primary Class,,,1,SNHNL DHCNL SNHNI SNH DHCNI,242128988.0,240749000.0,240749000.0,1.0,8.81,2133156384.0,1.348,1582831000.0,2026-08-03,2026-08-03,2026-06-30,a6c1a792c2ff495f1ffe1c42fa9c1b04cd9b37bc945bbfa94106a6c640f0873b,be37f58b5effcc9af0c2d495308402f54fadac6e2873d4ce87a2da34e5fc5284,7.579999923706055,2026-10-06,OWNERSHIP_BASIS_UNVERIFIED,242128987.9682179,242185719.40976164,242128988.0,1.3126100206761748e-08,0.023430255922596288,0.00031576586508608173,PRIMARY_CLASS,PROVIDER_METADATA_ONLY,UNREVIEWED,NOT_PROVEN_ADR,UNREVIEWED,REQUIRES_MORE_EVIDENCE,"Formula reconciles, but neither metadata nor canonical one-active-security count proves complete legal/economic common share perimeter. No official issuer deep dive in bounded sample; hold pending evidence.",4.7629591160003315e-06,OK,OK,False,,False,False,65,,0.02343024279340966
DHR,670,Domestic Common Stock Primary Class,Domestic Common Stock Primary Class,COMMON_OR_ORDINARY,https://www.sec.gov/Archives/edgar/data/313616/000031361626000161/dhr-20260626.htm,1,DHRRP DHR-PA DHR-PB,702986054.0,705300000.0,707600000.0,1.0,179.01,125841533527.0,2.393,52581000000.0,2026-07-21,2026-07-21,2026-06-26,3848ae6f12ff9e78f9c2c3f83699577ff341e025e1834634e7da6efe4cef2890,b741b367baeba777112f5c7266cac560aefd317ee6e1006bf4ebf3559b43270d,215.61000061035156,2026-10-06,OWNERSHIP_BASIS_UNVERIFIED,702986054.0025697,702901139.6011395,702986054.0,3.655409308578328e-10,0.01207910184656269,0.0002890878264012464,PRIMARY_CLASS,PROVIDER_METADATA_ONLY,ONE_COMMON_CLASS_COUNT_RECONCILED,DIRECT_COMMON,REVIEW_SUPPORTED_CONDITIONAL_NEXT_CONTRACT,SAFE_TO_RELEASE_UNDER_GENERIC_CONTRACT,"Official latest accepted filing cover common/ordinary count matches sharesbas; provider price times independently reported count reconciles marketcap. Carry-forward is a dated reporting approximation, not independently observed current shares.",3.068635301417544e-06,OK,OK,True,,False,True,78,,0.01207910148107727
DIS,676,Domestic Common Stock Primary Class,Domestic Common Stock Primary Class,COMMON_OR_ORDINARY,https://www.sec.gov/Archives/edgar/data/1744489/000174448926000057/dis-20260627.htm,1,DIG DIG1,1726686902.0,1738000000.0,1743000000.0,1.0,101.76,175707659148.0,1.597,110032000000.0,2026-08-05,2026-08-05,2026-06-27,7a34ca7ab57213d4bb602e655a445d05fd445b06ad9a8fec1e8551b0ce09c48a,d1280dda0a11aabcf3427fd2a0d91b17705570685f327e9f535eb84f3da993e2,104.02999877929688,2026-10-06,OWNERSHIP_BASIS_UNVERIFIED,1726686902.0047169,1726819025.1572325,1726686902.0,2.7317037520901977e-10,0.007651830355714928,0.0001221903809800473,PRIMARY_CLASS,PROVIDER_METADATA_ONLY,ONE_COMMON_CLASS_COUNT_RECONCILED,DIRECT_COMMON,REVIEW_SUPPORTED_CONDITIONAL_NEXT_CONTRACT,SAFE_TO_RELEASE_UNDER_GENERIC_CONTRACT,"Official latest accepted filing cover common/ordinary count matches sharesbas; provider price times independently reported count reconciles marketcap. Carry-forward is a dated reporting approximation, not independently observed current shares.",2.0992830807031737e-06,OK,OK,True,,False,True,63,,0.0076518306288964055
DJT,677,Domestic Common Stock Primary Class,Domestic Common Stock Primary Class,,,1,DWACU DWAC,277941274.0,277281585.0,277281585.0,1.0,9.39,2609868563.0,2.552,1022869900.0,2026-08-10,2026-08-10,2026-06-30,71886a3ce722ce709f7431db5efc97e20812336ce742fc4df219f050c4ab1108,fd270cf8ce090211074f569938144ba2c5276c24d200120347798409e1a834e3,8.649999618530273,2026-10-06,OWNERSHIP_BASIS_UNVERIFIED,277941274.01490945,277994034.58998936,277941274.0,5.364242383620876e-09,0.01898263410748946,0.0004843448810061268,PRIMARY_CLASS,PROVIDER_METADATA_ONLY,UNREVIEWED,NOT_PROVEN_ADR,UNREVIEWED,REQUIRES_MORE_EVIDENCE,"Formula reconciles, but neither metadata nor canonical one-active-security count proves complete legal/economic common share perimeter. No official issuer deep dive in bounded sample; hold pending evidence.",3.6562593619393624e-06,OK,OK,False,,False,False,58,,0.018982639472731044
DKNG,680,Domestic Common Stock Primary Class,Domestic Common Stock Primary Class,,,1,DEACU DEAC,496454048.0,496454048.0,,1.0,24.03,11929790773.0,20.95,569428000.0,2026-08-07,2026-08-07,2026-06-30,30368007c4587c040349c021bd41ac704185764f798fd04dffdee0829c68ea53,39e55239329cefd42e6a6bc14458ffe9efd9b35b39dae18182352aa480e5347c,19.75,2026-10-06,OWNERSHIP_BASIS_UNVERIFIED,496454047.9816895,496442638.36870575,496454048.0,3.68824970564674e-09,0.0022982213621070002,0.00048148844103224064,PRIMARY_CLASS,PROVIDER_METADATA_ONLY,UNREVIEWED,NOT_PROVEN_ADR,UNREVIEWED,REQUIRES_MORE_EVIDENCE,"Formula reconciles, but neither metadata nor canonical one-active-security count proves complete legal/economic common share perimeter. No official issuer deep dive in bounded sample; hold pending evidence.",2.8574511201640007e-06,OK,OK,False,,False,False,61,,0.0022982250502789903
DLR,683,Domestic Common Stock Primary Class,Domestic Common Stock Primary Class,,,1,DLR-PF DIGRP DLR-PE DLR-PK DLR-PC DLR-PJ DLR-PI DLR-PL DLR-PH-CL DLR-PG,370036176.0,354118000.0,361542000.0,1.0,188.52,69759219900.0,2.543,27434470000.0,2026-07-31,2026-07-31,2026-06-30,372488d4498db7df707419c699c3ef6ee476aaf32ad48b8f0677c44ea5db3ac7,f81089794c6ea21589c8d178c3dc8e520e4ed0355a0559b7e362742639b5692e,184.64999389648438,2026-10-06,OWNERSHIP_BASIS_UNVERIFIED,370036176.00254613,370071383.4606408,370036176.0,6.88071821741687e-10,0.009514598944071473,0.00024193323217103213,PRIMARY_CLASS,PROVIDER_METADATA_ONLY,UNREVIEWED,NOT_PROVEN_ADR,UNREVIEWED,REQUIRES_MORE_EVIDENCE,"Formula reconciles, but neither metadata nor canonical one-active-security count proves complete legal/economic common share perimeter. No official issuer deep dive in bounded sample; hold pending evidence.",2.266317067345369e-06,OK,OK,False,,False,False,68,,0.009514599632232112
DNA,690,Domestic Common Stock Primary Class,Domestic Common Stock Primary Class,,,1,SRNGU SRNG,67340277.0,62094356.0,62094356.0,1.0,8.5,572392354.0,1.362,420284000.0,2026-08-06,2026-08-06,2026-06-30,010dc6b37f70c221819e65aedffe33bffd46b9aaa75532712536511613614059,f32694800c45d60fd2683282028e05cbbe9b593f57859fa54b056a6757b8e6fa,12.40999984741211,2026-10-06,OWNERSHIP_BASIS_UNVERIFIED,67340276.94117647,67344330.35294117,67340277.0,8.735265843995421e-08,0.006019297735049278,8.197790065778143e-05,PRIMARY_CLASS,PROVIDER_METADATA_ONLY,UNREVIEWED,NOT_PROVEN_ADR,UNREVIEWED,REQUIRES_MORE_EVIDENCE,"Formula reconciles, but neither metadata nor canonical one-active-security count proves complete legal/economic common share perimeter. No official issuer deep dive in bounded sample; hold pending evidence.",0.0,OK,OK,False,,False,False,62,,0.006019210377128381
DOLE,699,ADR Common Stock,ADR Common Stock,COMMON_OR_ORDINARY,https://www.sec.gov/Archives/edgar/data/1857475/000185747526000076/dole-20260630.htm,1,,94458807.0,95046000.0,95703000.0,1.0,12.98,1226075315.0,0.923,1328934000.0,2026-08-10,2026-08-10,2026-06-30,773640d0def2896db0ec5a83d51c78db6cb5fc0aad57bcbd2a18e8a89f77cc28,73bb134359f895bd3ef76e0712ee73d2c9cae911a544e1478046e794964b46b3,12.720000267028809,2026-10-06,OWNERSHIP_BASIS_UNVERIFIED,94458807.01078582,94499698.15100154,94458807.0,1.1418543888197519e-08,0.043289918123834426,0.0003993930473598084,ADR_LABELLED,OFFICIAL_DIRECT_COMMON_PROVIDER_ADR_CONFLICT,UNREVIEWED,DIRECT_COMMON,REVIEW_SUPPORTED_CONDITIONAL_NEXT_CONTRACT,REQUIRES_OFFICIAL_IDENTITY_OVERRIDE,"Official June 2026 filing identifies direct ordinary/common listing, not ADS; accepted whole-common count reconciles. Generic issuer/security/effective-date identity override required.",3.5266846887260783e-06,OK,OK,True,,True,False,58,,0.043289929547318806
DRH,706,Domestic Common Stock Primary Class,Domestic Common Stock Primary Class,,,1,DRH-PA,204605681.0,204605681.0,,1.0,12.91,2641459342.0,1.734,1523355000.0,2026-07-30,2026-07-30,2026-06-30,1f483de0e91c571b6457ee7eeb3b95b6a6dbc404b58b5972f31a6ab322f60fbf,27dc0e47b54eec79fa1e100e327bd6c20b0b84bf279f74f64e1a28b117a3c21f,12.380000114440918,2026-10-06,OWNERSHIP_BASIS_UNVERIFIED,204605681.0224632,204608642.1378776,204605681.0,1.0978773445913248e-08,0.0014472303015322652,2.5094610251796823e-05,PRIMARY_CLASS,PROVIDER_METADATA_ONLY,UNREVIEWED,NOT_PROVEN_ADR,UNREVIEWED,REQUIRES_MORE_EVIDENCE,"Formula reconciles, but neither metadata nor canonical one-active-security count proves complete legal/economic common share perimeter. No official issuer deep dive in bounded sample; hold pending evidence.",1.1819356382503088e-06,OK,OK,False,,False,False,69,,0.0014472412804611423
DTE,713,Domestic Common Stock Primary Class,Domestic Common Stock Primary Class,,,1,DTV DTP DTG DTW DTB DTQ DTZ DTEFU DTK DTENU DTJ DTY,208088069.0,208000000.0,208000000.0,1.0,146.08,30397505120.0,2.502,12149000000.0,2026-07-28,2026-07-28,2026-06-30,6b6e8c3dbd72c8c552596d1fee2f919ad35cb56858ec3c95c2ac667f011a66ba,016129f9e839ed1ff5ccc609c6a2d4e4448e0d21f2b184ee0c55e49d17fb313a,128.22000122070312,2026-10-06,OWNERSHIP_BASIS_UNVERIFIED,208088069.00328586,208083228.3680175,208088069.0,1.5790702079243601e-09,0.0023262435427162664,5.820396740485734e-05,PRIMARY_CLASS,PROVIDER_METADATA_ONLY,UNREVIEWED,NOT_PROVEN_ADR,UNREVIEWED,REQUIRES_MORE_EVIDENCE,"Formula reconciles, but neither metadata nor canonical one-active-security count proves complete legal/economic common share perimeter. No official issuer deep dive in bounded sample; hold pending evidence.",1.25346020229955e-06,OK,OK,False,,False,False,71,,0.0023262419636904674
DTST,716,Domestic Common Stock Primary Class,Domestic Common Stock Primary Class,,,1,,2337738.0,2244002.0,2244002.0,1.0,3.06,7153478.0,0.693,10329060.0,2026-08-14,2026-08-14,2026-06-30,085a7aa37b32fb81cb51dbc9bc492d9195a4b755b7133609cd0c2ffa6a43a087,6daaf7763093ed2edb2c872590264e5386d757cbcf6202148bc34593ca9be5e2,3.430000066757202,2026-10-06,OWNERSHIP_BASIS_UNVERIFIED,2337737.908496732,2339228.2941176468,2337738.0,3.914179935726736e-06,0.06375332390760047,0.000441529045237421,PRIMARY_CLASS,PROVIDER_METADATA_ONLY,UNREVIEWED,NOT_PROVEN_ADR,UNREVIEWED,REQUIRES_MORE_EVIDENCE,"Formula reconciles, but neither metadata nor canonical one-active-security count proves complete legal/economic common share perimeter. No official issuer deep dive in bounded sample; hold pending evidence.",1.8699496395768733e-06,OK,OK,False,,False,False,54,,0.06374940723241629
DUK,717,Domestic Common Stock Primary Class,Domestic Common Stock Primary Class,,,1,DUKH DUKH1 DUK-PA DUKB,779702193.0,779000000.0,779000000.0,1.0,124.27,96893591524.0,1.77,54751000000.0,2026-08-04,2026-08-04,2026-06-30,2569719417fa91b5f06b3df8c0c679ff73427662f254c5d80a815847ad663609,f696e399898a67d40afe9c1a4133cacaaf6e60df8e0605dac442cc9beb872309,115.66000366210938,2026-10-06,OWNERSHIP_BASIS_UNVERIFIED,779702192.9991149,779828357.6084332,779702193.0,1.1353140649816851e-10,0.016181127929515426,0.0002863596281346137,PRIMARY_CLASS,PROVIDER_METADATA_ONLY,UNREVIEWED,NOT_PROVEN_ADR,UNREVIEWED,REQUIRES_MORE_EVIDENCE,"Formula reconciles, but neither metadata nor canonical one-active-security count proves complete legal/economic common share perimeter. No official issuer deep dive in bounded sample; hold pending evidence.",2.7013225989414025e-06,OK,OK,False,,False,False,64,,0.016181127815961815
EBAY,732,Domestic Common Stock Primary Class,Domestic Common Stock Primary Class,,,1,EBAYL,445000000.0,445000000.0,455000000.0,1.0,110.14,49012300000.0,10.506,4665000000.0,2026-08-06,2026-08-06,2026-06-30,e262ed172d4215169eb5cc5201db286a11c00e5495b1a95b491a8d12fac9ce9b,68a5578f534f4298478ef6c650e00588f8f961f8d6ad38fd902462b06ffd5cd4,107.05999755859375,2026-10-06,OWNERSHIP_BASIS_UNVERIFIED,445000000.0,444983566.37007445,445000000.0,0.0,0.003692950545064466,0.00038799571275482947,PRIMARY_CLASS,PROVIDER_METADATA_ONLY,UNREVIEWED,NOT_PROVEN_ADR,UNREVIEWED,REQUIRES_MORE_EVIDENCE,"Formula reconciles, but neither metadata nor canonical one-active-security count proves complete legal/economic common share perimeter. No official issuer deep dive in bounded sample; hold pending evidence.",5.541597625224881e-07,OK,OK,False,,False,False,62,,0.003692950545064466
EDBL,739,Domestic Common Stock Primary Class,Domestic Common Stock Primary Class,,,1,,1951509.0,180420.0,180420.0,1.0,1.67,3259020.0,0.585,5573000.0,2026-08-14,2026-08-14,2026-06-30,e5d716d413aa4672365beaffdd1feb35cae9cc2e3ab6f6cbc2683cd605a10e68,a3f07b3c528558c330a01a1f00679873e8146dc4fe5dc3f123df7349626b5901,1.1399999856948853,2026-10-06,OWNERSHIP_BASIS_UNVERIFIED,1951508.9820359282,1952218.5628742515,1951509.0,9.205221251917806e-07,0.0363606237457903,0.00021263233446977559,PRIMARY_CLASS,PROVIDER_METADATA_ONLY,UNREVIEWED,NOT_PROVEN_ADR,UNREVIEWED,REQUIRES_MORE_EVIDENCE,"Formula reconciles, but neither metadata nor canonical one-active-security count proves complete legal/economic common share perimeter. No official issuer deep dive in bounded sample; hold pending evidence.",2.569781087924383e-06,OK,OK,False,,False,False,54,,0.036359702888977274
EFC,744,Domestic Common Stock Primary Class,Domestic Common Stock Primary Class,,,1,EFC-PC EFC-PA EFC-PE EFC-PD EFC-PB,128887386.0,128887386.0,,1.0,13.47,1736113089.0,0.883,1966152000.0,2026-08-10,2026-08-10,2026-06-30,939ca12a8335cb7266ac86ab55919cf50e0ed7ae80ff7faab2fd5d437626187c,cee0bd79c65bc121ae0d8c1f122f03259aa7d8d0e5903a860fcfa4c55e41e1f0,11.670000076293945,2026-10-06,OWNERSHIP_BASIS_UNVERIFIED,128887385.96881959,128887321.15812917,128887386.0,2.4191981751187086e-08,5.0284742703077256e-05,4.4401450138842335e-07,PRIMARY_CLASS,PROVIDER_METADATA_ONLY,UNREVIEWED,NOT_PROVEN_ADR,UNREVIEWED,REQUIRES_MORE_EVIDENCE,"Formula reconciles, but neither metadata nor canonical one-active-security count proves complete legal/economic common share perimeter. No official issuer deep dive in bounded sample; hold pending evidence.",1.982396491406746e-06,OK,OK,False,,False,False,58,,5.030893467372621e-05
ELAN,753,Domestic Common Stock Primary Class,Domestic Common Stock Primary Class,,,1,ELAXU ELAT,499621830.0,499500000.0,505900000.0,1.0,26.22,13100084383.0,1.988,6588000000.0,2026-08-05,2026-08-05,2026-06-30,f50db00d74c8e9cefda84c47fb113dc18d006d3087f5e49f917e7a1f63238fc7,c62988629a94cf7e6ace2743dd10290246852a19c270407c0f798ac0a6913b60,22.479999542236328,2026-10-06,OWNERSHIP_BASIS_UNVERIFIED,499621830.0152556,499502059.49656755,499621830.0,3.0534241801660755e-09,0.023972234897018385,0.0004766823011537191,PRIMARY_CLASS,PROVIDER_METADATA_ONLY,UNREVIEWED,NOT_PROVEN_ADR,UNREVIEWED,REQUIRES_MORE_EVIDENCE,"Formula reconciles, but neither metadata nor canonical one-active-security count proves complete legal/economic common share perimeter. No official issuer deep dive in bounded sample; hold pending evidence.",2.6187852997239247e-06,OK,OK,False,,False,False,63,,0.023972231844326952
ELS,757,Domestic Common Stock Primary Class,Domestic Common Stock Primary Class,,,1,ELS-PC MHC,194064619.0,193727000.0,200209000.0,1.0,66.02,12812146146.0,7.287,1758170000.0,2026-07-28,2026-07-28,2026-06-30,bfb016837da95ccdb1fc50a85eec6723acb609ede93b8d46122d4bd2f360ee65,33988d01551cdd32c4f47300c7190288d9fd7b48d6ca59ae28a27fcd8c211381,58.7400016784668,2026-10-06,OWNERSHIP_BASIS_UNVERIFIED,194064618.9942442,194059145.56195092,194064619.0,2.9659164013651207e-09,0.002820417406135256,0.00020552961317754637,PRIMARY_CLASS,PROVIDER_METADATA_ONLY,UNREVIEWED,NOT_PROVEN_ADR,UNREVIEWED,REQUIRES_MORE_EVIDENCE,"Formula reconciles, but neither metadata nor canonical one-active-security count proves complete legal/economic common share perimeter. No official issuer deep dive in bounded sample; hold pending evidence.",5.084722187742585e-06,OK,OK,False,,False,False,71,,0.002820420371973942
ENB,764,Canadian Common Stock Primary Class,Canadian Common Stock Primary Class,,,1,ENBA,2184085509.0,2184085509.0,,1.0,54.46,118945296820.0,2.548,46677857143.0,2026-07-31,2026-07-31,2026-06-30,665b070a67010dd99c308adcb85e7106b8cad4497fe852527a50119e40d52545,1fc818cb2561811ceb5561773f8f1661d17a19fa67677a1a1da27905a60069cc,46.540000915527344,2026-10-06,OWNERSHIP_BASIS_UNVERIFIED,2184085508.9974294,2183899742.937275,2184085509.0,1.177058450707591e-10,0.008505438976136315,0.00021673701954671998,PRIMARY_CLASS,PROVIDER_METADATA_ONLY,UNREVIEWED,NOT_PROVEN_ADR,UNREVIEWED,REQUIRES_MORE_EVIDENCE,"Formula reconciles, but neither metadata nor canonical one-active-security count proves complete legal/economic common share perimeter. No official issuer deep dive in bounded sample; hold pending evidence.",1.6811005254524503e-06,OK,OK,False,,False,False,68,,0.008505439093831058
ENGN,765,Domestic Common Stock Primary Class,Domestic Common Stock Primary Class,,,1,FRBN FRBNU,67016316.0,69734610.0,69734610.0,1.0,1.92,128671327.0,0.559,230290000.0,2026-09-08,2026-09-08,2026-07-31,cdef549c64ba206afe00926a10b15b339153f5f95a4fe59b67547923e8e309cf,d8fd57d3083eb439e91a42472b2c6a72d768d38156f0bf65825871391f828212,1.7999999523162842,2026-10-06,OWNERSHIP_BASIS_UNVERIFIED,67016316.145833336,67047973.95833334,67016316.0,2.1760869772791125e-07,0.047238962570128606,0.0002639411177212114,PRIMARY_CLASS,PROVIDER_METADATA_ONLY,UNREVIEWED,NOT_PROVEN_ADR,UNREVIEWED,REQUIRES_MORE_EVIDENCE,"Formula reconciles, but neither metadata nor canonical one-active-security count proves complete legal/economic common share perimeter. No official issuer deep dive in bounded sample; hold pending evidence.",2.2351741790771484e-06,OK,OK,False,,False,False,29,,0.047239180281621884
ENOV,766,Domestic Common Stock Primary Class,Domestic Common Stock Primary Class,,,1,CFX CFXA CFXUU,57669494.0,57669494.0,,1.0,26.31,1517284387.0,1.027,1477067000.0,2026-08-06,2026-08-06,2026-07-03,5cd1614421b1b627956041cbd192bd1aad97d77ab2195b946d2c1f31917db2c3,98b05225d45795a19a7ee1d0409ef6cbfbabdb2d61fd15d56af80daea136bd40,18.200000762939453,2026-10-06,OWNERSHIP_BASIS_UNVERIFIED,57669493.99467883,57656701.21626757,57669494.0,9.226996944278198e-09,0.022182921203439676,0.0002278691487929141,PRIMARY_CLASS,PROVIDER_METADATA_ONLY,UNREVIEWED,NOT_PROVEN_ADR,UNREVIEWED,REQUIRES_MORE_EVIDENCE,"Formula reconciles, but neither metadata nor canonical one-active-security count proves complete legal/economic common share perimeter. No official issuer deep dive in bounded sample; hold pending evidence.",2.0298655090122963e-06,OK,OK,False,,False,False,62,,0.02218293042839381
ENR,768,Domestic Common Stock Primary Class,Domestic Common Stock Primary Class,,,1,ENRXP ENR.W ENR-PA,68483637.0,68500000.0,69200000.0,1.0,21.58,1477876886.0,7.273,203200000.0,2026-08-04,2026-08-04,2026-06-30,a8a01cdb32831660948bc4749a4c828aec4fdb83d4ba4373e3e04f7248b4775c,1bba870f7097f2777376c369527e84d07796425eb7d958c0f1e0b0b9bc4cff4a,21.59000015258789,2026-10-06,OWNERSHIP_BASIS_UNVERIFIED,68483636.97868398,68483484.70806302,68483637.0,3.1125724220260054e-08,0.00022234599047488146,1.617125984321177e-05,PRIMARY_CLASS,PROVIDER_METADATA_ONLY,UNREVIEWED,NOT_PROVEN_ADR,UNREVIEWED,REQUIRES_MORE_EVIDENCE,"Formula reconciles, but neither metadata nor canonical one-active-security count proves complete legal/economic common share perimeter. No official issuer deep dive in bounded sample; hold pending evidence.",3.535400527887589e-07,OK,OK,False,,False,False,64,,0.0002223771161213861
ENVX,774,Domestic Common Stock Primary Class,Domestic Common Stock Primary Class,,,1,RSVAU RSVA,219448535.0,218502098.0,218502098.0,1.0,4.73,1037991571.0,4.944,209945000.0,2026-08-12,2026-08-12,2026-07-05,d19fd252d66322a6fc8dce9971bad33108ccc6096a44645b35e2a4ab00377a05,cdcc33d6c21e3ee49a0218a71b7117cde60bc54a4b9d9605694aaa432415d162,2.700000047683716,2026-10-06,OWNERSHIP_BASIS_UNVERIFIED,219448535.0951374,219443568.7103594,219448535.0,4.335294345736429e-08,0.002263120496948101,0.00011189120960253263,PRIMARY_CLASS,PROVIDER_METADATA_ONLY,UNREVIEWED,NOT_PROVEN_ADR,UNREVIEWED,REQUIRES_MORE_EVIDENCE,"Formula reconciles, but neither metadata nor canonical one-active-security count proves complete legal/economic common share perimeter. No official issuer deep dive in bounded sample; hold pending evidence.",4.032449485436018e-07,OK,OK,False,,False,False,56,,0.0022630771449927423
EPR,782,Domestic Common Stock Primary Class,Domestic Common Stock Primary Class,,,1,EPR-PG EPR-PF EPR-PC EPR-PE,76608922.0,76521000.0,77017000.0,1.0,64.01,4903737097.0,2.123,2309424000.0,2026-07-30,2026-07-30,2026-06-30,d033aa17513b6ae3c4f5d81c2ae84cede82c837dc6243a2c2a12a95ec068b641,cbbf3bb1bb8aa8c8a979aeb18595ab3d4712014a65e1d6f1f8978639d14d7d89,55.27000045776367,2026-10-06,OWNERSHIP_BASIS_UNVERIFIED,76608921.99656303,76595956.1318544,76608922.0,4.486389038049765e-09,0.016924745017576903,0.000359373159714238,PRIMARY_CLASS,PROVIDER_METADATA_ONLY,UNREVIEWED,NOT_PROVEN_ADR,UNREVIEWED,REQUIRES_MORE_EVIDENCE,"Formula reconciles, but neither metadata nor canonical one-active-security count proves complete legal/economic common share perimeter. No official issuer deep dive in bounded sample; hold pending evidence.",3.3373386498780633e-06,OK,OK,False,,False,False,69,,0.016924749503199887
ERNA,791,Domestic Common Stock Primary Class,Domestic Common Stock Primary Class,,,1,NTN BTX,1632411.0,1183000.0,1183000.0,1.0,4.36,7117312.0,2.224,3200000.0,2026-08-06,2026-08-06,2026-06-30,2e635cc6faa18e293a23753d32288345438a1edadd09a7b49c55dd45cdb693a4,1edf69350f2e9b4281a6619127053df04838c6e0058a3e3de1f73849962c3f6e,2.240000009536743,2026-10-06,OWNERSHIP_BASIS_UNVERIFIED,1632411.0091743118,1632293.5779816515,1632411.0,5.620099163827774e-07,0.00719372706997623,0.00015999999999971593,PRIMARY_CLASS,PROVIDER_METADATA_ONLY,UNREVIEWED,NOT_PROVEN_ADR,UNREVIEWED,REQUIRES_MORE_EVIDENCE,"Formula reconciles, but neither metadata nor canonical one-active-security count proves complete legal/economic common share perimeter. No official issuer deep dive in bounded sample; hold pending evidence.",3.0622569813232303e-06,OK,OK,False,,False,False,62,,0.007193165100483068
ESS,798,Domestic Common Stock Primary Class,Domestic Common Stock Primary Class,,,1,ESS-PH,64268439.0,64265835.0,64279012.0,1.0,281.86,18114702217.0,3.403,5323073000.0,2026-07-30,2026-07-30,2026-06-30,a436d34fea117522fae3317f56d923a61f85850c0b8cfa77eaf0dccba85f707b,013f7275e99180742f3831e37809ead70a47c9ddd23efdf76aa0a53f21c07f28,272.489990234375,2026-10-06,OWNERSHIP_BASIS_UNVERIFIED,64268439.00163201,64267428.57801745,64268439.0,2.5393687153041355e-09,0.0015721925571199336,5.3502553881923376e-05,PRIMARY_CLASS,PROVIDER_METADATA_ONLY,UNREVIEWED,NOT_PROVEN_ADR,UNREVIEWED,REQUIRES_MORE_EVIDENCE,"Formula reconciles, but neither metadata nor canonical one-active-security count proves complete legal/economic common share perimeter. No official issuer deep dive in bounded sample; hold pending evidence.",5.1970614922680625e-06,OK,OK,False,,False,False,69,,0.0015721900177956272
ET,801,Domestic Common Stock Primary Class,Domestic Common Stock Primary Class,,,1,ET-PI ETE,3443299601.0,3443299601.0,,1.0,20.67,71173002753.0,2.014,35331000000.0,2026-08-06,2026-08-06,2026-06-30,a7a9731d4cf650c6986fea3c24bae444127f7cbefac18312e038ffc1db7e44b4,a14def15647d77d36ff75b073e813d4d65ea748551e0bf2a8db5dcd8b61d9439,20.739999771118164,2026-10-06,OWNERSHIP_BASIS_UNVERIFIED,3443299601.015965,3442507692.307692,3443299601.0,4.636513395439579e-10,0.022998542097218966,0.00046329718943738385,PRIMARY_CLASS,PROVIDER_METADATA_ONLY,UNREVIEWED,NOT_PROVEN_ADR,UNREVIEWED,REQUIRES_MORE_EVIDENCE,"Formula reconciles, but neither metadata nor canonical one-active-security count proves complete legal/economic common share perimeter. No official issuer deep dive in bounded sample; hold pending evidence.",3.6910470235795856e-07,OK,OK,False,,False,False,62,,0.022998541633667546
EVEX,811,Domestic Common Stock Primary Class,Domestic Common Stock Primary Class,,,1,ZNTEU ZNTE,348486333.0,348486333.0,,1.0,2.86,996670912.0,43.654,22831000.0,2026-08-04,2026-08-04,2026-06-30,1347f6577c1f3ef3a063e19e59328a9d51043ed8cda089a673b75cd60733e527,2da3fbdb8ac71ffcbe75caecb04de856ffaadaec733f6b50f90139706b61dcd7,1.7100000381469727,2026-10-06,OWNERSHIP_BASIS_UNVERIFIED,348486332.8671329,348484081.8181819,348486333.0,3.8126923840309246e-08,0.0006459504258038429,0.0002819850203650276,PRIMARY_CLASS,PROVIDER_METADATA_ONLY,UNREVIEWED,NOT_PROVEN_ADR,UNREVIEWED,REQUIRES_MORE_EVIDENCE,"Formula reconciles, but neither metadata nor canonical one-active-security count proves complete legal/economic common share perimeter. No official issuer deep dive in bounded sample; hold pending evidence.",3.667978132337879e-06,OK,OK,False,,False,False,64,,0.0006459885524723319
EVLV,814,Domestic Common Stock Primary Class,Domestic Common Stock Primary Class,,,1,NHIC NHICU EVLVU,181126146.0,180103260.0,180103260.0,1.0,6.03,1092190660.0,9.189,118858000.0,2026-08-11,2026-08-11,2026-06-30,4a68c6226e9256c263ba9936eef40185e260674899b102dc79d61b8c617b4f3b,95e95301e9c872f625ed0954b3b2dc70d2797fff774613c3ccd45ead61889670,4.679999828338623,2026-10-06,OWNERSHIP_BASIS_UNVERIFIED,181126145.93698174,181125400.0,181126146.0,3.479248000815005e-08,0.0004118328570834606,3.7843477089793964e-05,PRIMARY_CLASS,PROVIDER_METADATA_ONLY,UNREVIEWED,NOT_PROVEN_ADR,UNREVIEWED,REQUIRES_MORE_EVIDENCE,"Formula reconciles, but neither metadata nor canonical one-active-security count proves complete legal/economic common share perimeter. No official issuer deep dive in bounded sample; hold pending evidence.",3.4794087833134313e-06,OK,OK,False,,False,False,57,,0.00041186764940803755
EXC,819,Domestic Common Stock Primary Class,Domestic Common Stock Primary Class,,,1,PE EXCU EXLNU,1032253967.0,1025000000.0,1028000000.0,1.0,45.58,47050135816.0,1.584,29698000000.0,2026-07-30,2026-07-30,2026-06-30,e7cb8dc13858886e5917d2fa12e11c3e0b69ae38bc0538cb1077a51d7cb293bf,951090cf74137df6c4c851842d77960888754c4cbab754370ca353c0eb5dbd51,41.68000030517578,2026-10-06,OWNERSHIP_BASIS_UNVERIFIED,1032253967.0030715,1032067397.981571,1032253967.0,2.9756197506003446e-10,0.01807394570177978,0.0002863430534041367,PRIMARY_CLASS,PROVIDER_METADATA_ONLY,UNREVIEWED,NOT_PROVEN_ADR,UNREVIEWED,REQUIRES_MORE_EVIDENCE,"Formula reconciles, but neither metadata nor canonical one-active-security count proves complete legal/economic common share perimeter. No official issuer deep dive in bounded sample; hold pending evidence.",4.017232746456045e-06,OK,OK,False,,False,False,69,,0.018073945404273317
EXE,820,Domestic Common Stock Primary Class,Domestic Common Stock Primary Class,,,1,CHK,231503789.0,238224000.0,238357000.0,1.0,88.52,20492715402.0,1.056,19410000000.0,2026-07-28,2026-07-28,2026-06-30,f5e1b4006e80fa5b5c8d265377fd8fd4b5621d9d8c66441b32551649cc07a4b6,dddbe4382a5a0056b192c15a8dd325ff3971cf62c9b7227c928f6252682f0d29,88.2300033569336,2026-10-06,OWNERSHIP_BASIS_UNVERIFIED,231503788.99683687,231551739.71983734,231503789.0,1.3663292719456877e-09,0.020712716283499688,0.00021868098918087497,PRIMARY_CLASS,PROVIDER_METADATA_ONLY,UNREVIEWED,NOT_PROVEN_ADR,UNREVIEWED,REQUIRES_MORE_EVIDENCE,"Formula reconciles, but neither metadata nor canonical one-active-security count proves complete legal/economic common share perimeter. No official issuer deep dive in bounded sample; hold pending evidence.",3.792288283399614e-06,OK,OK,False,,False,False,71,,0.020712714916881758
EXP,824,Domestic Common Stock Primary Class,Domestic Common Stock Primary Class,,,1,EXP.B CXP,30675325.0,30936307.0,31088474.0,1.0,209.91,6439057471.0,4.33,1486932000.0,2026-07-29,2026-07-29,2026-06-30,f747355873897b8dfc84bd8b73409ffdf1c2dd000328736677fba92a5c69a20d,b19117ccaaba78fc500daa19dce7ab074b60bbefb41b0c007f182a9d54c0daad,171.5399932861328,2026-10-06,OWNERSHIP_BASIS_UNVERIFIED,30675325.001190986,30672266.97155924,30675325.0,3.882560939416635e-09,0.00996902113221676,0.00043170165145411943,PRIMARY_CLASS,PROVIDER_METADATA_ONLY,UNREVIEWED,NOT_PROVEN_ADR,UNREVIEWED,REQUIRES_MORE_EVIDENCE,"Formula reconciles, but neither metadata nor canonical one-active-security count proves complete legal/economic common share perimeter. No official issuer deep dive in bounded sample; hold pending evidence.",1.7446093014683584e-06,OK,OK,False,,False,False,70,,0.009969017250044399
F,832,Domestic Common Stock Primary Class,Domestic Common Stock Primary Class,,https://www.sec.gov/Archives/edgar/data/37996/000003799626000156/f-20260630.htm,1,F-PB F-PD F-PC,3987595667.0,3987000000.0,3987000000.0,1.0,14.96,59654431178.0,1.67,35719000000.0,2026-07-28,2026-07-28,2026-06-30,6a8bedaf9fe41d52992c1fd31dc90494dc8047a8c71e8b288f2909140aa3e4b6,9962246e0ebfc69a091c44eb1ad3256eb21d31a84e836e28d2e44d9973f62bea,12.279999732971191,2026-10-06,OWNERSHIP_BASIS_UNVERIFIED,3987595666.9786096,3987348262.0320854,3987595667.0,5.364153565778906e-10,0.006204363912143407,0.00010361930625157889,PRIMARY_CLASS,PROVIDER_METADATA_ONLY,MULTI_CLASS_OR_LLC_PERIMETER_REVIEW,NOT_PROVEN_ADR,UNREVIEWED,REQUIRES_MULTI_CLASS_CONTRACT,"Common 3,916,743,591 + unlisted B 70,852,076 = provider total. Equal declared dividends do not alone prove full economic equivalence; voting and conversion contract required.",2.5499313771604193e-07,OK,OK,False,,False,True,71,,0.006204364448536559
FBIO,837,Domestic Common Stock Primary Class,Domestic Common Stock Primary Class,,,1,FBIOP CNDO,33350993.0,31791173.0,31791173.0,1.0,2.98,99385959.0,0.605,164140000.0,2026-08-13,2026-08-13,2026-06-30,435f851145b22ef1388b0cbe4964fe911a039cc04dc1fa4e41b8bb9762ad1f09,5e182917f46ea52b185d405af0b4d42fc12f8be3f88804fc6deeee1274d13cfe,2.049999952316284,2026-10-06,OWNERSHIP_BASIS_UNVERIFIED,33350992.953020133,33323724.832214765,33350993.0,1.408649641376769e-07,0.08176104634659564,0.0004950590958937573,PRIMARY_CLASS,PROVIDER_METADATA_ONLY,UNREVIEWED,NOT_PROVEN_ADR,UNREVIEWED,REQUIRES_MORE_EVIDENCE,"Formula reconciles, but neither metadata nor canonical one-active-security count proves complete legal/economic common share perimeter. No official issuer deep dive in bounded sample; hold pending evidence.",6.400498797631826e-07,OK,OK,False,,False,False,55,,0.08176118709639635
FBRT,838,Domestic Common Stock Primary Class,Domestic Common Stock Primary Class,,,1,FBRT-PE,83045416.0,76367888.0,84753839.0,1.0,7.53,625331982.0,0.456,1372624000.0,2026-07-29,2026-07-29,2026-06-30,cde8b2ff00d8219e706642f6dad30a322d24048d90563aec351bfd1c512b935b,e5c7546c872870809e560b3473684ead1ca5efe9c0d3d72ce7ed37d2c29fb8ef,6.139999866485596,2026-10-06,OWNERSHIP_BASIS_UNVERIFIED,83045415.93625498,83123047.01195219,83045416.0,7.675922120142786e-08,0.09348026597495451,0.00042587190665471786,PRIMARY_CLASS,PROVIDER_METADATA_ONLY,UNREVIEWED,NOT_PROVEN_ADR,UNREVIEWED,REQUIRES_MORE_EVIDENCE,"Formula reconciles, but neither metadata nor canonical one-active-security count proves complete legal/economic common share perimeter. No official issuer deep dive in bounded sample; hold pending evidence.",2.7862994578242706e-06,OK,OK,False,,False,False,70,,0.0934801891439685
FCX,844,Domestic Common Stock Primary Class,Domestic Common Stock Primary Class,,,1,FCX.A,1436017523.0,1438000000.0,1443000000.0,1.0,68.18,97907674718.0,4.869,20109000000.0,2026-08-06,2026-08-06,2026-06-30,295ecb0aa6a10555cdabea8c02c907f580018d93484a0995610858cacd2a08eb,b92d95d9b2bbef2a8afa8533a3aede6efe8533a965a7f6d9d882d36d11ae69d3,72.55999755859375,2026-10-06,OWNERSHIP_BASIS_UNVERIFIED,1436017522.9979465,1436062202.9920797,1436017523.0,1.4299672557172016e-10,0.0031113822371642286,0.00015148848774160228,PRIMARY_CLASS,PROVIDER_METADATA_ONLY,UNREVIEWED,NOT_PROVEN_ADR,UNREVIEWED,REQUIRES_MORE_EVIDENCE,"Formula reconciles, but neither metadata nor canonical one-active-security count proves complete legal/economic common share perimeter. No official issuer deep dive in bounded sample; hold pending evidence.",4.4760306572300124e-07,OK,OK,False,,False,False,62,,0.003111382094167503
FGI,855,Domestic Common Stock Primary Class,Domestic Common Stock Primary Class,,,1,,1931271.0,1930144.0,2008306.0,1.0,9.99,19293397.0,1.13,17081089.0,2026-08-14,2026-08-14,2026-06-30,c7d9327d050846689b306477702728c3c251b6a1d0eef9b8336f6cf4a161c180,ae900158cd5501f75815f3e89c6eb40f138afdac4cc5f208777ba0ef8ae10e4b,7.670000076293945,2026-10-06,OWNERSHIP_BASIS_UNVERIFIED,1931270.970970971,1932095.1521521518,1931271.0,1.5031049294123022e-06,0.042675584812745804,0.00048202839994559987,PRIMARY_CLASS,PROVIDER_METADATA_ONLY,UNREVIEWED,NOT_PROVEN_ADR,UNREVIEWED,REQUIRES_MORE_EVIDENCE,"Formula reconciles, but neither metadata nor canonical one-active-security count proves complete legal/economic common share perimeter. No official issuer deep dive in bounded sample; hold pending evidence.",2.291109468810504e-06,OK,OK,False,,False,False,54,,0.04267408106639614
FOSL,884,Domestic Common Stock Primary Class,Domestic Common Stock Primary Class,,,1,FOSLL,59138052.0,59036000.0,59036000.0,1.0,5.58,329990330.0,3.671,89887000.0,2026-08-13,2026-08-13,2026-07-04,5f4d6b9c5182032bb0336203d8903a5c37c53a273842e90cd411a273f699ce3a,ee656cbe862dc0326279e1ea80989bd81e503b1c65672a7cc0cf7dab4a70e174,7.059999942779541,2026-10-06,OWNERSHIP_BASIS_UNVERIFIED,59138051.971326165,59135336.37992831,59138052.0,4.8486259451863134e-08,0.004591952739951832,0.00016857832612071633,PRIMARY_CLASS,PROVIDER_METADATA_ONLY,UNREVIEWED,NOT_PROVEN_ADR,UNREVIEWED,REQUIRES_MORE_EVIDENCE,"Formula reconciles, but neither metadata nor canonical one-active-security count proves complete legal/economic common share perimeter. No official issuer deep dive in bounded sample; hold pending evidence.",1.3672750043269843e-06,OK,OK,False,,False,False,55,,0.004592001223990838
FOUR,885,Domestic Common Stock Primary Class,Domestic Common Stock Primary Class,,,1,FOUR-PA,78960120.0,79280681.0,79643307.0,1.0,43.36,3423710803.0,2.116,1618000000.0,2026-08-06,2026-08-06,2026-06-30,b3304d082d6f974dc0e039a95c3d0dca6e160c28e475cd3659355f0bb9140332,a00838d422e167d41522713dad52a2c9bbb4769eec8f5980f7f08689859a5aab,38.5,2026-10-06,OWNERSHIP_BASIS_UNVERIFIED,78960119.99538745,78959594.09594096,78960120.0,5.841616079749201e-09,0.0006660317214746136,1.4093325092723319e-05,PRIMARY_CLASS,PROVIDER_METADATA_ONLY,UNREVIEWED,NOT_PROVEN_ADR,UNREVIEWED,REQUIRES_MORE_EVIDENCE,"Formula reconciles, but neither metadata nor canonical one-active-security count proves complete legal/economic common share perimeter. No official issuer deep dive in bounded sample; hold pending evidence.",1.4076373622273763e-06,OK,OK,False,,False,False,62,,0.0006660375630573867
FPI,890,Domestic Common Stock Primary Class,Domestic Common Stock Primary Class,,,1,FPI-PB,43630722.0,43368000.0,43368000.0,1.0,9.42,411001401.0,0.893,460004000.0,2026-07-30,2026-07-30,2026-06-30,5540b63e3c168faec24ac6b855a50c86c1edbc8c8a2aba1c37b6c731d8be92f8,1c4df9036b030531166188d91aea496c47dfc8225a9b5a7ebc8444a3c323757d,10.739999771118164,2026-10-06,OWNERSHIP_BASIS_UNVERIFIED,43630721.97452229,43607597.87685775,43630722.0,5.839395633699951e-08,0.052999576028212037,0.0004735371866331217,PRIMARY_CLASS,PROVIDER_METADATA_ONLY,UNREVIEWED,NOT_PROVEN_ADR,UNREVIEWED,REQUIRES_MORE_EVIDENCE,"Formula reconciles, but neither metadata nor canonical one-active-security count proves complete legal/economic common share perimeter. No official issuer deep dive in bounded sample; hold pending evidence.",8.099144910289624e-07,OK,OK,False,,False,False,69,,0.052999634391215356
FRT,896,Domestic Common Stock Primary Class,Domestic Common Stock Primary Class,,,1,FRT-PC,86889133.0,86183000.0,86183000.0,1.0,124.09,10782072514.0,3.205,3364530000.0,2026-07-31,2026-07-31,2026-06-30,e8c67e4aad4f209215c3b1552f0ac9f8988366eeaf5454a5e72522e0579d5cbe,b153a8d95a4fb0633ba4b63eca8087585f30d45592c19d53dc1dda0d14a44254,106.19999694824219,2026-10-06,OWNERSHIP_BASIS_UNVERIFIED,86889133.00024176,86899175.19542268,86889133.0,2.782329922013105e-10,0.011557481164992112,0.00037037446537846463,PRIMARY_CLASS,PROVIDER_METADATA_ONLY,UNREVIEWED,NOT_PROVEN_ADR,UNREVIEWED,REQUIRES_MORE_EVIDENCE,"Formula reconciles, but neither metadata nor canonical one-active-security count proves complete legal/economic common share perimeter. No official issuer deep dive in bounded sample; hold pending evidence.",2.9511720400776653e-06,OK,OK,False,,False,False,68,,0.01155748144325841
FTAI,900,Domestic Common Stock Primary Class,Domestic Common Stock Primary Class,,,1,FTAI-PA FTAIP FTAIN FAVTP FTAIO FTAI-PB FTAIM FTAI-PC,102707091.0,102597464.0,104044113.0,1.0,206.0,21157660746.0,52.372,403987000.0,2026-07-31,2026-07-31,2026-06-30,29fd909283078c43fdf40ca7dfac3c6ff969bfbfd1597f40090a01327ebab284,b1ee725d14a8ee1bf4a053dc184c9284080f7ffc596ee56891f64f7ffbbb2a10,179.44000244140625,2026-10-06,OWNERSHIP_BASIS_UNVERIFIED,102707091.0,102706830.89320388,102707091.0,0.0,0.00025325105947882065,0.00013263298076537922,PRIMARY_CLASS,PROVIDER_METADATA_ONLY,UNREVIEWED,NOT_PROVEN_ADR,UNREVIEWED,REQUIRES_MORE_EVIDENCE,"Formula reconciles, but neither metadata nor canonical one-active-security count proves complete legal/economic common share perimeter. No official issuer deep dive in bounded sample; hold pending evidence.",0.0,OK,OK,False,,False,False,68,,0.00025325105947882065
FTV,907,Domestic Common Stock Primary Class,Domestic Common Stock Primary Class,,,1,FTV.W FTVVP FTV-PA,302017052.0,304200000.0,307600000.0,1.0,59.54,17982095276.0,2.967,6060600000.0,2026-07-29,2026-07-29,2026-07-03,a1f2d84374d3dcd37cae85b4029fe5760249c509cecfbbc30fd0dddeb7938bc7,b831156fd703a93ab08854f0ff9b3b8a38153a9e011b95aee84fc5b73d5d3202,57.88999938964844,2026-10-06,OWNERSHIP_BASIS_UNVERIFIED,302017051.9986564,302012096.069869,302017052.0,4.4488857042779273e-10,0.0016409433687969432,4.868758868736833e-05,PRIMARY_CLASS,PROVIDER_METADATA_ONLY,UNREVIEWED,NOT_PROVEN_ADR,UNREVIEWED,REQUIRES_MORE_EVIDENCE,"Formula reconciles, but neither metadata nor canonical one-active-security count proves complete legal/economic common share perimeter. No official issuer deep dive in bounded sample; hold pending evidence.",1.5376677042766573e-06,OK,OK,False,,False,False,70,,0.0016409438136633092
GATX,919,Domestic Common Stock Primary Class,Domestic Common Stock Primary Class,,,1,GMT GMTA,35300000.0,35700000.0,35800000.0,1.0,178.87,6314111000.0,2.268,2784400000.0,2026-07-31,2026-07-31,2026-06-30,2b0a3bc4ae5bda963d2676252f99b88e2086d686917674f03c4f69f86978f01e,946996028772257b6690cad4897100771f260f1e7bed590b34a4aca9a8160683,170.8800048828125,2026-10-06,OWNERSHIP_BASIS_UNVERIFIED,35300000.0,35305077.430536136,35300000.0,0.0,0.014383655909733228,0.0003261744002296396,PRIMARY_CLASS,PROVIDER_METADATA_ONLY,UNREVIEWED,NOT_PROVEN_ADR,UNREVIEWED,REQUIRES_MORE_EVIDENCE,"Formula reconciles, but neither metadata nor canonical one-active-security count proves complete legal/economic common share perimeter. No official issuer deep dive in bounded sample; hold pending evidence.",2.7298107552198303e-06,OK,OK,False,,False,False,68,,0.014383655909733228
GDC,927,Domestic Common Stock Primary Class,Domestic Common Stock Primary Class,,,1,TMSR WYIG CCNC WYIGU,4162500.0,977363.0,977363.0,1.0,1.86,7742250.0,0.016,498223698.0,2026-08-14,2026-08-14,2026-06-30,6199fafda0d7f7c19526df6f8b1409f7baafd78bea0f163b950e22636b77cea7,1cf8ee4d96d380c57222651e95dc472952179db557a0c31f80bd7bdf8d0f1597,1.3600000143051147,2026-10-06,OWNERSHIP_BASIS_UNVERIFIED,4162500.0,4285795.251612904,4162500.0,0.0,2.962048086796476,0.0004602935768021222,PRIMARY_CLASS,PROVIDER_METADATA_ONLY,UNREVIEWED,NOT_PROVEN_ADR,UNREVIEWED,REQUIRES_MORE_EVIDENCE,"Formula reconciles, but neither metadata nor canonical one-active-security count proves complete legal/economic common share perimeter. No official issuer deep dive in bounded sample; hold pending evidence.",7.690921899339287e-07,OK,OK,False,,False,False,54,,2.962048086796476
GDYN,930,Domestic Common Stock Primary Class,Domestic Common Stock Primary Class,,,1,CTACU CTAC,81126881.0,82283000.0,83024000.0,1.0,7.06,572755780.0,1.102,519925000.0,2026-07-30,2026-07-30,2026-06-30,6bb15fb3403951a5962624cecc93a12523c624dfc51124d8cbec2fb75d69d6e3,54d7704cea093a1a1be5d7e3e024eaac5f17e068001fc170cc5a13898bcf013a,7.820000171661377,2026-10-06,OWNERSHIP_BASIS_UNVERIFIED,81126881.01983003,81155432.01133145,81126881.0,2.4443236323890005e-08,0.03519301018664045,0.00038769053228837613,PRIMARY_CLASS,PROVIDER_METADATA_ONLY,UNREVIEWED,NOT_PROVEN_ADR,UNREVIEWED,REQUIRES_MORE_EVIDENCE,"Formula reconciles, but neither metadata nor canonical one-active-security count proves complete legal/economic common share perimeter. No official issuer deep dive in bounded sample; hold pending evidence.",8.104880766524047e-07,OK,OK,False,,False,False,69,,0.035193034638481
GE,931,Domestic Common Stock Primary Class,Domestic Common Stock Primary Class,COMMON_OR_ORDINARY,https://www.sec.gov/Archives/edgar/data/40545/000004054526000049/ge-20260630.htm,1,,1037562513.0,1037562513.0,,1.0,345.73,358716487619.0,20.335,17640000000.0,2026-07-16,2026-07-16,2026-06-30,d0b7209468d4adc6f60556c8ddca96b8119f1c8298ef7744222d4d08a24db2cb,2411ac47fbe639e29219814fe86af6027f75e0e7423f82642ae471b24380af0d,309.3900146484375,2026-10-06,OWNERSHIP_BASIS_UNVERIFIED,1037562512.9985826,1037542012.5531484,1037562513.0,1.3660184094987926e-10,0.0019758274973691314,0.0004017924603161305,PRIMARY_CLASS,PROVIDER_METADATA_ONLY,ONE_COMMON_CLASS_COUNT_RECONCILED,DIRECT_COMMON,REVIEW_SUPPORTED_CONDITIONAL_NEXT_CONTRACT,SAFE_TO_RELEASE_UNDER_GENERIC_CONTRACT,"Official latest accepted filing cover common/ordinary count matches sharesbas; provider price times independently reported count reconciles marketcap. Carry-forward is a dated reporting approximation, not independently observed current shares.",3.177719065661222e-06,OK,OK,True,,False,True,83,,0.0019758276339709724
GEF,932,Domestic Common Stock Primary Class,Domestic Common Stock Primary Class,,,1,GEF.B,46168321.0,46200000.0,46900000.0,1.0,87.21,4026339274.0,1.342,2999400000.0,2026-07-29,2026-07-29,2026-06-30,ccac4c6bddb2cfd2c6fb92d5f29495251ba40f096c89ce16cec825de71b090c1,13d333d7d316dd823986a6384db9fbf7f256f7e29514b61e44dc5519f2ed2e1d,82.54000091552734,2026-10-06,OWNERSHIP_BASIS_UNVERIFIED,46168320.995298706,46155197.79841762,46168321.0,1.0182943377401443e-08,0.028424678650151858,0.0003815676468625906,PRIMARY_CLASS,PROVIDER_METADATA_ONLY,UNREVIEWED,NOT_PROVEN_ADR,UNREVIEWED,REQUIRES_MORE_EVIDENCE,"Formula reconciles, but neither metadata nor canonical one-active-security count proves complete legal/economic common share perimeter. No official issuer deep dive in bounded sample; hold pending evidence.",1.0497962832367591e-06,OK,OK,False,,False,False,70,,0.028424688830208655
GEN,935,Domestic Common Stock Primary Class,Domestic Common Stock Primary Class,,,1,SYMC NLOK,598587032.0,599000000.0,603000000.0,1.0,29.17,17460783723.0,6.574,2656000000.0,2026-08-07,2026-08-07,2026-07-03,b64853b7b2f2a26e3b73a250ada884314a261014b16e5274eb8e82f8bea0562a,16be26a04b2cd3afd89adb0651d4be0331b4fc9718eb372ae20eb948be246cb4,22.799999237060547,2026-10-06,OWNERSHIP_BASIS_UNVERIFIED,598587031.984916,598578813.8498456,598587032.0,2.5199398123731953e-09,0.001372922337306015,9.025715361499209e-05,PRIMARY_CLASS,PROVIDER_METADATA_ONLY,UNREVIEWED,NOT_PROVEN_ADR,UNREVIEWED,REQUIRES_MORE_EVIDENCE,"Formula reconciles, but neither metadata nor canonical one-active-security count proves complete legal/economic common share perimeter. No official issuer deep dive in bounded sample; hold pending evidence.",2.6154933774336087e-07,OK,OK,False,,False,False,61,,0.0013729248572125208
GETY,939,Domestic Common Stock Primary Class,Domestic Common Stock Primary Class,,,1,PRPB.U PRPB,421018476.0,419598181.0,419598181.0,1.0,0.444,186890101.0,0.415,450714000.0,2026-08-10,2026-08-10,2026-06-30,b9386cf9a008236f94f8a51157149e71b3990d91ad4ed8c30e820e593d70f749,e26bfe23888b5d3ded208c07977756175e87f59e5ce31c9cecd053bf50ace38c,0.05000000074505806,2026-10-06,OWNERSHIP_BASIS_UNVERIFIED,420923650.9009009,421275472.972973,421018476.0,0.022527861975962793,0.08358334612919016,0.00034658120227015754,PRIMARY_CLASS,PROVIDER_METADATA_ONLY,UNREVIEWED,NOT_PROVEN_ADR,UNREVIEWED,REQUIRES_MORE_EVIDENCE,"Formula reconciles, but neither metadata nor canonical one-active-security count proves complete legal/economic common share perimeter. No official issuer deep dive in bounded sample; hold pending evidence.",0.02252497114576535,OK,OK,False,,False,False,58,,0.06104173275591762
GM,955,Domestic Common Stock Primary Class,Domestic Common Stock Primary Class,COMMON_OR_ORDINARY,https://www.sec.gov/Archives/edgar/data/1467858/000146785826000051/gm-20260630.htm,1,,877451541.0,896000000.0,910000000.0,1.0,79.52,69774946540.0,1.125,62000000000.0,2026-07-21,2026-07-21,2026-06-30,a20eb337eedb1fcc7eca4b7ba022bf74837d0bce6f29ace482077e1c6a411e78,873fbf9416d8ac258fea324b3b06a6bf0a9dbb6a83643c31fc287a41b4c49cd4,82.01000213623047,2026-10-06,OWNERSHIP_BASIS_UNVERIFIED,877451540.9959759,877137826.9617707,877451541.0,4.5861092701215966e-10,0.035752861502658106,0.0004023635483871857,PRIMARY_CLASS,PROVIDER_METADATA_ONLY,ONE_COMMON_CLASS_COUNT_RECONCILED,DIRECT_COMMON,REVIEW_SUPPORTED_CONDITIONAL_NEXT_CONTRACT,SAFE_TO_RELEASE_UNDER_GENERIC_CONTRACT,"Official latest accepted filing cover common/ordinary count matches sharesbas; provider price times independently reported count reconciles marketcap. Carry-forward is a dated reporting approximation, not independently observed current shares.",4.221495963907529e-06,OK,OK,True,,False,True,78,,0.0357528619611136
GNE,958,Domestic Common Stock Primary Class,Domestic Common Stock Primary Class,,,1,GNE-PA,26319623.0,26069000.0,26152000.0,1.0,14.74,387951243.0,1.483,261637000.0,2026-08-06,2026-08-06,2026-06-30,e2e801133e8fc348c6afeb872e975e2f5038444d520024ae1b4f823071591aad,8ffaa06b9e3f4c0fc1925ff9be5a57986aa2078490c53b0abf0e2304b2d34155,16.420000076293945,2026-10-06,OWNERSHIP_BASIS_UNVERIFIED,26319622.99864315,26323451.221166894,26319623.0,5.155276205925929e-09,0.01454512674419206,0.0002156728597255686,PRIMARY_CLASS,PROVIDER_METADATA_ONLY,UNREVIEWED,NOT_PROVEN_ADR,UNREVIEWED,REQUIRES_MORE_EVIDENCE,"Formula reconciles, but neither metadata nor canonical one-active-security count proves complete legal/economic common share perimeter. No official issuer deep dive in bounded sample; hold pending evidence.",1.5527940044890443e-06,OK,OK,False,,False,False,62,,0.014545121588160903
GNL,960,Domestic Common Stock Primary Class,Domestic Common Stock Primary Class,,,1,GNL-PD GNL-PB GNL-PE GNL-PA,210930100.0,211338853.0,211338853.0,1.0,8.62,1818217462.0,1.205,1509103000.0,2026-08-05,2026-08-05,2026-06-30,a7925bab9314269e737150191f8720d9d5a913f7ca5ee5981a43d6e477abd8b6,d96d39d8e6eba2819a0340178904cbad07ac57296b8a18a4df93dc8e06f5965e,8.140000343322754,2026-10-06,OWNERSHIP_BASIS_UNVERIFIED,210930100.00000003,210959294.0835267,210930100.0,1.1102230246251565e-14,0.013840643666629404,0.0001667566759857575,PRIMARY_CLASS,PROVIDER_METADATA_ONLY,UNREVIEWED,NOT_PROVEN_ADR,UNREVIEWED,REQUIRES_MORE_EVIDENCE,"Formula reconciles, but neither metadata nor canonical one-active-security count proves complete legal/economic common share perimeter. No official issuer deep dive in bounded sample; hold pending evidence.",1.3276208465917705e-06,OK,OK,False,,False,False,63,,0.013840643666651609
GOOD,968,Domestic Common Stock Primary Class,Domestic Common Stock Primary Class,,,1,GOODP GOODN GOODO1 GOODN1 GOODM GSCCP GOODO,48407501.0,48407119.0,48407119.0,1.0,12.24,592507812.0,3.765,157373000.0,2026-08-05,2026-08-05,2026-06-30,c16876eeb0cd985474ea851ff0efceafef9f3e9afd4882e9e4c53184ab961cb6,5aadab8d773aa1288d646877387d579b1d89a5695e6a3e20f129393ca7001f31,12.710000038146973,2026-10-06,OWNERSHIP_BASIS_UNVERIFIED,48407500.98039216,48407626.2254902,48407501.0,4.050579871517357e-08,0.00025873076590077204,9.741188132572631e-06,PRIMARY_CLASS,PROVIDER_METADATA_ONLY,UNREVIEWED,NOT_PROVEN_ADR,UNREVIEWED,REQUIRES_MORE_EVIDENCE,"Formula reconciles, but neither metadata nor canonical one-active-security count proves complete legal/economic common share perimeter. No official issuer deep dive in bounded sample; hold pending evidence.",1.8699496395768733e-06,OK,OK,False,,False,False,63,,0.000258690260013239
GPCR,972,Domestic Common Stock,Domestic Common Stock,ADS,https://www.sec.gov/Archives/edgar/data/1888886/000110465926092057/gpcr-20260630x10q.htm,1,,213929572.0,217957000.0,217957000.0,0.333,52.62,3752287170.0,2.77,1354404000.0,2026-08-06,2026-08-06,2026-06-30,d094f996ad0ad7caa38301a019ba586987cc6beaeb49a1fc5a256dab5692ae68,2e78d2b7ff245dcec56ca855eb3799278689e7e1d6f874d89aafac5f8ecf2a36,27.469999313354492,2026-10-06,OWNERSHIP_BASIS_UNVERIFIED,71309144.24173318,71297968.07297605,71238547.47600001,0.09900099977900867,0.01567284094623478,0.0004342057465867022,NONUNIT_FACTOR,OFFICIAL_ADS_PROVIDER_DOMESTIC_CONFLICT,UNREVIEWED,OFFICIAL_RATIO_VERIFIED,REVIEW_SUPPORTED_CONDITIONAL_NEXT_CONTRACT,REQUIRES_ADR_FACTOR_CONTRACT,"Official July 31 ordinary total 213,929,572 matches provider. ADS 1:3. Deposited ordinary 208,862,772 is not whole-company base. Use exact factor 1/3, not rounded 0.333.",2.0298655090122963e-06,OWNERSHIP_BASIS_UNVERIFIED,OK,True,0.3333333333333333,True,False,62,0.0010000002211851822,0.08341073629563045
GPMT,975,Domestic Common Stock Primary Class,Domestic Common Stock Primary Class,,,1,GPMT-PA,48198166.0,47999208.0,47999208.0,1.0,1.5,72297249.0,0.151,480272000.0,2026-08-05,2026-08-05,2026-06-30,b16c389e3e3b36681e0973e5b9b9cc6fb3e03e3f383043c8461262b607637351,42c29a513dfa3b4e5ad0abe787bbdde33f940758738496d86c94f1a8bf2969ed,7.599999904632568,2026-10-06,OWNERSHIP_BASIS_UNVERIFIED,48198166.0,48347381.333333336,48198166.0,0.0,0.30958716008682163,0.0004660338308291878,PRIMARY_CLASS,PROVIDER_METADATA_ONLY,UNREVIEWED,NOT_PROVEN_ADR,INDEPENDENT_PRICE_BASIS_CONTRADICTION,MUST_REMAIN_HELD,Underlying raw-close/provider-price mismatch remains after ownership relaxation; no split cause inferred.,888.3721033732096,SHARE_BASIS_UNVERIFIED,SHARE_BASIS_UNVERIFIED,False,,False,False,63,,0.30958716008682163
GRBK,980,Domestic Common Stock Primary Class,Domestic Common Stock Primary Class,,,1,BIOF GRBK-PA,43010696.0,43070000.0,43279000.0,1.0,71.53,3076555085.0,1.557,1975496000.0,2026-07-29,2026-07-29,2026-06-30,0f54005c261f3f56801db19cf9fd7f88368da44b4912dca9782ab3c2add865ff,d9f217d738c74140d543637f55f554eab5a77e5377b83a23ed3c7abfb3878aeb,67.0,2026-10-06,OWNERSHIP_BASIS_UNVERIFIED,43010696.00167762,43000800.671047114,43010696.0,3.900468836803839e-09,0.023006674037817643,0.0003582963468415912,PRIMARY_CLASS,PROVIDER_METADATA_ONLY,UNREVIEWED,NOT_PROVEN_ADR,UNREVIEWED,REQUIRES_MORE_EVIDENCE,"Formula reconciles, but neither metadata nor canonical one-active-security count proves complete legal/economic common share perimeter. No official issuer deep dive in bounded sample; hold pending evidence.",1.7065610591338043e-06,OK,OK,False,,False,False,70,,0.023006670138248086
GRNT,984,Domestic Common Stock Primary Class,Domestic Common Stock Primary Class,,,1,ENPC.U ENPC,131900242.0,130805000.0,130824000.0,1.0,4.66,614655128.0,1.093,562373000.0,2026-08-06,2026-08-06,2026-06-30,2499ebbb1557c6a229e8cc98499f401f31c18a273cd16a15498fca211e456e23,25f39b0eff1539f9c901ed3299839475d5aaf761c96328fbd16ecf55ed5c9026,4.610000133514404,2026-10-06,OWNERSHIP_BASIS_UNVERIFIED,131900242.06008583,131904225.10729614,131900242.0,4.55539939103744e-08,0.003019742153687055,3.300478508028171e-05,PRIMARY_CLASS,PROVIDER_METADATA_ONLY,UNREVIEWED,NOT_PROVEN_ADR,UNREVIEWED,REQUIRES_MORE_EVIDENCE,"Formula reconciles, but neither metadata nor canonical one-active-security count proves complete legal/economic common share perimeter. No official issuer deep dive in bounded sample; hold pending evidence.",3.2744182587585158e-06,OK,OK,False,,False,False,62,,0.003019787709068744
GTEC,990,Domestic Common Stock Primary Class,Domestic Common Stock Primary Class,,,1,GLACU GLAC,20532482.0,26544222.0,0.0,1.0,0.71,14578062.0,0.164,88731277.0,2026-08-14,2026-08-14,2026-06-30,d7591a162f84b349056ebfabc3a7b81aec4235637d3126b50208fb883715b154,1b4c74ee0e12533da26818579b70dd35265aa2712a4d8ef03b63d8eaaa7c4725,0.7820000052452087,2026-10-06,OWNERSHIP_BASIS_UNVERIFIED,20532481.690140847,20495675.25070423,20532482.0,1.50911689811295e-06,0.1792595751067494,0.00029451364708749095,PRIMARY_CLASS,PROVIDER_METADATA_ONLY,UNREVIEWED,NOT_PROVEN_ADR,UNREVIEWED,REQUIRES_MORE_EVIDENCE,"Formula reconciles, but neither metadata nor canonical one-active-security count proves complete legal/economic common share perimeter. No official issuer deep dive in bounded sample; hold pending evidence.",3.0222073399421845e-06,OK,OK,False,,False,False,54,,0.17926108151840037
GTN,994,Domestic Common Stock Primary Class,Domestic Common Stock Primary Class,,,1,GTN.A,102984383.0,98000000.0,100000000.0,1.0,5.37,553026137.0,0.26,2128000000.0,2026-08-07,2026-08-07,2026-06-30,cac2f14f8345132b16abf04d85c7d88816d30ed3d85124dfe595dfe989340142,9af81be32ca2d7cb4e98f2d62a036751668c2bd94d2b4189d63ec7578c294afd,4.650000095367432,2026-10-06,OWNERSHIP_BASIS_UNVERIFIED,102984383.05400372,103031657.3556797,102984383.0,5.243874223737066e-08,0.0459043403223669,0.00011929652255637802,PRIMARY_CLASS,PROVIDER_METADATA_ONLY,UNREVIEWED,NOT_PROVEN_ADR,UNREVIEWED,REQUIRES_MORE_EVIDENCE,"Formula reconciles, but neither metadata nor canonical one-active-security count proves complete legal/economic common share perimeter. No official issuer deep dive in bounded sample; hold pending evidence.",2.131115794945515e-06,OK,OK,False,,False,False,61,,0.04590439278517877
HE,1021,Domestic Common Stock Primary Class,Domestic Common Stock Primary Class,,,1,HE-PU,172728004.0,172637000.0,173222000.0,1.0,12.4,2141827250.0,1.215,1762887000.0,2026-08-07,2026-08-07,2026-06-30,985e2d54c0f11f8aa844d3930e11b724b1d2f19a5eed63e2c4dc2d5bc683779b,512bd3378e518c4af1d00b614894d68042eb4e8d3e203d07f1826d5fd3119985,8.930000305175781,2026-10-06,OWNERSHIP_BASIS_UNVERIFIED,172728004.03225806,172734492.33870968,172728004.0,1.8675638813192563e-08,0.0037563720416855517,4.563820596570345e-05,PRIMARY_CLASS,PROVIDER_METADATA_ONLY,UNREVIEWED,NOT_PROVEN_ADR,UNREVIEWED,REQUIRES_MORE_EVIDENCE,"Formula reconciles, but neither metadata nor canonical one-active-security count proves complete legal/economic common share perimeter. No official issuer deep dive in bounded sample; hold pending evidence.",3.076368770837945e-06,OK,OK,False,,False,False,61,,0.003756390718012703
HEI,1022,Domestic Common Stock Primary Class,Domestic Common Stock Primary Class,,https://www.sec.gov/Archives/edgar/data/46619/000004661926000020/hei-20260731.htm,1,HEI.A,139757405.0,139702000.0,141269000.0,1.0,337.01,47099643059.0,9.52,4947689000.0,2026-08-27,2026-08-27,2026-07-31,1a76e76420e09d2c7d367f2f73c2ba6f95e255e4c055cf80b6eae508af5c7337,9858b28d4c5f2e22640a17871c029fb6d52cc10189846bb3eb127b4df33599fa,303.260009765625,2026-10-06,OWNERSHIP_BASIS_UNVERIFIED,139757404.99985164,139764396.54609656,139757405.0,1.0615952561465747e-10,0.0050026302684580415,0.00047622657770141075,PRIMARY_CLASS,PROVIDER_METADATA_ONLY,MULTI_CLASS_OR_LLC_PERIMETER_REVIEW,NOT_PROVEN_ADR,UNREVIEWED,REQUIRES_MULTI_CLASS_CONTRACT,"HEI common 55,241,647 + HEI.A 84,515,758 = provider total. Two quoted classes; equal cash dividends do not establish equal prices.",2.8977255928097634e-06,OK,OK,False,,False,True,41,,0.005002630162298516
HIMS,1028,Domestic Common Stock Primary Class,Domestic Common Stock Primary Class,,,1,OAC OAC.U,233313413.0,231746126.0,231746126.0,1.0,31.77,7412367131.0,22.873,324072000.0,2026-08-10,2026-08-10,2026-06-30,8bcc99e6e56d8dd2f1e24fef3a104dd22480e2fc760fc9919a33e31d93321a16,c13b79b74610673ee066d1f2da6a82e112fca8aea9e90160aa9fe75c412d7216,29.469999313354492,2026-10-06,OWNERSHIP_BASIS_UNVERIFIED,233313412.99968523,233317559.20679888,233313413.0,1.3491430195244902e-10,0.001777097621746826,0.0004064683156848048,PRIMARY_CLASS,PROVIDER_METADATA_ONLY,UNREVIEWED,NOT_PROVEN_ADR,UNREVIEWED,REQUIRES_MORE_EVIDENCE,"Formula reconciles, but neither metadata nor canonical one-active-security count proves complete legal/economic common share perimeter. No official issuer deep dive in bounded sample; hold pending evidence.",1.4408677140309578e-06,OK,OK,False,,False,False,58,,0.001777097486832524
HL,1031,Domestic Common Stock Primary Class,Domestic Common Stock Primary Class,,,1,HL-PB,671768431.0,670763000.0,675886000.0,1.0,15.39,10338516153.0,3.861,2677824000.0,2026-08-04,2026-08-04,2026-06-30,2105429c21dec0df8e5569290a7f4f4ce1145c0cdcc943012c51853f2b6ed16c,41c78185d115702c1c67a6e02e42a1cca379bb91596b55f2b417d6a13d43538c,17.100000381469727,2026-10-06,OWNERSHIP_BASIS_UNVERIFIED,671768430.9941521,671804968.4210526,671768431.0,8.705258736085852e-10,0.005438991356943035,0.00020998803506167008,PRIMARY_CLASS,PROVIDER_METADATA_ONLY,UNREVIEWED,NOT_PROVEN_ADR,UNREVIEWED,REQUIRES_MORE_EVIDENCE,"Formula reconciles, but neither metadata nor canonical one-active-security count proves complete legal/economic common share perimeter. No official issuer deep dive in bounded sample; hold pending evidence.",2.230817108817007e-06,OK,OK,False,,False,False,64,,0.005438990486372752
HLLY,1035,Domestic Common Stock Primary Class,Domestic Common Stock Primary Class,,,1,EMPW EMPW.U,121234143.0,120284587.0,120284587.0,1.0,3.04,368551795.0,0.819,449738000.0,2026-08-05,2026-08-05,2026-06-28,a87bb9576ed3164c2076d0668551720635432e9bae0a090a696c0e56c8ee8745,590feba041b519ae49452b763dbeba4c9668cfca329814d7ed7495b3a2bf48e1,2.319999933242798,2026-10-06,OWNERSHIP_BASIS_UNVERIFIED,121234143.09210525,121162967.76315789,121234143.0,7.59730278687698e-08,0.0587089801041385,0.00048110900124076483,PRIMARY_CLASS,PROVIDER_METADATA_ONLY,UNREVIEWED,NOT_PROVEN_ADR,UNREVIEWED,REQUIRES_MORE_EVIDENCE,"Formula reconciles, but neither metadata nor canonical one-active-security count proves complete legal/economic common share perimeter. No official issuer deep dive in bounded sample; hold pending evidence.",1.2548346250973452e-06,OK,OK,False,,False,False,63,,0.05870890417570829
HLMN,1036,Domestic Common Stock Primary Class,Domestic Common Stock Primary Class,,,1,LCYAU LCY,194544999.0,195881000.0,196891000.0,1.0,9.51,1850122940.0,1.51,1225207000.0,2026-08-04,2026-08-04,2026-06-27,3c6053bb67d72c6f789fa70477788ce51264dffe38326f894b8cd14f8042bfaa,82cdba55888d872ccddc99065e1b257df1e5be6c0039c4fbdb073b10bbde039d,7.039999961853027,2026-10-06,OWNERSHIP_BASIS_UNVERIFIED,194544998.9484753,194538650.893796,194544999.0,2.648472552380099e-08,0.003263026401922886,4.927330646986583e-05,PRIMARY_CLASS,PROVIDER_METADATA_ONLY,UNREVIEWED,NOT_PROVEN_ADR,UNREVIEWED,REQUIRES_MORE_EVIDENCE,"Formula reconciles, but neither metadata nor canonical one-active-security count proves complete legal/economic common share perimeter. No official issuer deep dive in bounded sample; hold pending evidence.",2.4067490667079028e-06,OK,OK,False,,False,False,64,,0.0032630528857713337
HOLO,1043,ADR Common Stock Primary Class,ADR Common Stock Primary Class,CLASS_A_OR_ORDINARY,https://www.sec.gov/Archives/edgar/data/1841209/000182912626002773/microcloud_20f.htm,1,GPCOU GPCO,22912360.0,22912360.0,,1.0,1.89,43304360.0,0.117,370682156.0,2026-08-27,2026-08-27,2026-06-30,616bfb583b6fab63ff4f80c5554d1b040c12cffdf503f036d316160c6cd71b95,0be2e651bfdd2f4165410a53a68ef9f78769b592da55d6d9c59a83f84cc378fc,1.4800000190734863,2026-10-06,OWNERSHIP_BASIS_UNVERIFIED,22912359.78835979,22946990.609523814,22912360.0,9.23694498666805e-07,0.15114471614405822,0.00017657243797837563,ADR_LABELLED,OFFICIAL_DIRECT_COMMON_PROVIDER_ADR_CONFLICT,MULTI_CLASS_OR_LLC_PERIMETER_REVIEW,DIRECT_COMMON,UNREVIEWED,REQUIRES_MULTI_CLASS_CONTRACT,Official Class A ordinary Nasdaq listing contradicts ADR label; A/B legal classes and financing require multi-class perimeter review.,7.568843773952949e-07,OK,OK,False,,True,False,41,,0.1511437910534541
HOV,1046,Domestic Common Stock Primary Class,Domestic Common Stock Primary Class,,https://www.sec.gov/Archives/edgar/data/357294/000175392626001659/hov-20260731.htm,1,HOVNP,5959890.0,6412000.0,6412000.0,1.0,129.77,773414925.0,0.945,818666000.0,2026-08-28,2026-08-28,2026-07-31,c2053d17b1e69f57582125afced751691d71f808100f20281e0f0b7c12933aaf,45e5883b726da6d497ab3d07bbb37926d60d9f90353c71c1e8bdd52c2b42ef62,114.58000183105469,2026-10-06,OWNERSHIP_BASIS_UNVERIFIED,5959889.997688217,5961619.55767897,5959890.0,3.8789016443274704e-08,0.029019998547341608,0.00027415942521125114,PRIMARY_CLASS,PROVIDER_METADATA_ONLY,MULTI_CLASS_OR_LLC_PERIMETER_REVIEW,NOT_PROVEN_ADR,UNREVIEWED,REQUIRES_MULTI_CLASS_CONTRACT,"Quoted A 5,122,255 + unlisted B 837,635 = provider total. Regular cash dividend A is 110% of B; HOVNP is preferred, not another common class.",3.292333294879768e-06,OK,OK,False,,False,True,40,,0.029019959747067503
HOVR,1047,Domestic Common Stock Primary Class,Domestic Common Stock Primary Class,,,1,PTHR PTHRU,66825837.0,48432262.0,48432262.0,1.0,1.5,100238756.0,1.973,50792857.0,2026-07-16,2026-07-16,2026-05-31,8284a09e0176686fad56d1ae6b6306c292e2a0e8f4454d0a5ba7a72405e4948f,dc33673f95ea280c4a1795359153563bbec2bc47950a1447bb8fa9917b14efc7,1.600000023841858,2026-10-06,OWNERSHIP_BASIS_UNVERIFIED,66825837.333333336,66809537.90733334,66825837.0,4.988090718249794e-07,0.024390904252635792,0.0004813499465090576,PRIMARY_CLASS,PROVIDER_METADATA_ONLY,UNREVIEWED,NOT_PROVEN_ADR,UNREVIEWED,REQUIRES_MORE_EVIDENCE,"Formula reconciles, but neither metadata nor canonical one-active-security count proves complete legal/economic common share perimeter. No official issuer deep dive in bounded sample; hold pending evidence.",0.0,OK,OK,False,,False,False,83,,0.02439040556523331
HPE,1050,Domestic Common Stock Primary Class,Domestic Common Stock Primary Class,,,1,HPE-PC,1327464779.0,1336000000.0,1449000000.0,1.0,54.44,72267182569.0,2.726,26514000000.0,2026-09-03,2026-09-03,2026-07-31,092c3c9a18dc9dbd7947ce2975bda19ec5285aa8dbde459434070185ebc42a6d,4b0a2b80df250b4294bf2222a39f77085eba2c691f65f449b00cc24e1af2d9df,70.4800033569336,2026-10-06,OWNERSHIP_BASIS_UNVERIFIED,1327464779.0044086,1327648126.3776636,1327464779.0,3.3211211558636933e-10,0.013811844664735062,0.0003764588896433274,PRIMARY_CLASS,PROVIDER_METADATA_ONLY,UNREVIEWED,NOT_PROVEN_ADR,UNREVIEWED,REQUIRES_MORE_EVIDENCE,"Formula reconciles, but neither metadata nor canonical one-active-security count proves complete legal/economic common share perimeter. No official issuer deep dive in bounded sample; hold pending evidence.",2.522577169372653e-06,OK,OK,False,,False,False,34,,0.013811844996869382
HPK,1051,Domestic Common Stock Primary Class,Domestic Common Stock Primary Class,,,1,PACQU PACQ,126452804.0,125286000.0,126409000.0,1.0,7.92,1001506208.0,0.646,1551129000.0,2026-08-10,2026-08-10,2026-06-30,79b394750b3bc177c7bfb9a4b8415c40f1cfa6f1b3ce27ad097eb831f2165ee4,897e8c3a4207182ad99f50ff2afa4c52c9f2eb256444a943732bd0a39cbb570c,8.220000267028809,2026-10-06,OWNERSHIP_BASIS_UNVERIFIED,126452804.04040404,126518855.3030303,126452804.0,3.195187447957437e-08,0.052233924844524715,0.0003372549929760993,PRIMARY_CLASS,PROVIDER_METADATA_ONLY,UNREVIEWED,NOT_PROVEN_ADR,UNREVIEWED,REQUIRES_MORE_EVIDENCE,"Formula reconciles, but neither metadata nor canonical one-active-security count proves complete legal/economic common share perimeter. No official issuer deep dive in bounded sample; hold pending evidence.",9.633073894121935e-07,OK,OK,False,,False,False,58,,0.05223395681308585
HPP,1052,Domestic Common Stock Primary Class,Domestic Common Stock Primary Class,,,1,HPP-PB HPP-PC,54268741.0,64475383.0,64475383.0,1.0,13.64,740225627.0,0.263,2814346000.0,2026-08-10,2026-08-10,2026-06-30,f868480423fa7f29558d72394903e696d11e68ad89b239ec33e496daf96aefda,330bc4eb60a4ed2c2d1368293109c83f8406f68b3c5378d69d90eb9693dd2524,11.579999923706055,2026-10-06,OWNERSHIP_BASIS_UNVERIFIED,54268740.98240469,54264882.551319644,54268741.0,3.2422553530864207e-08,0.007109859221343662,1.870025931421937e-05,PRIMARY_CLASS,PROVIDER_METADATA_ONLY,UNREVIEWED,NOT_PROVEN_ADR,UNREVIEWED,REQUIRES_MORE_EVIDENCE,"Formula reconciles, but neither metadata nor canonical one-active-security count proves complete legal/economic common share perimeter. No official issuer deep dive in bounded sample; hold pending evidence.",2.517028985238312e-06,OK,OK,False,,False,False,58,,0.007109891641587929
HROW,1060,Domestic Common Stock Primary Class,Domestic Common Stock Primary Class,,,1,IMMY HROWM HROWL,37487850.0,37350401.0,37350401.0,1.0,40.7,1525755495.0,100.379,15200000.0,2026-08-10,2026-08-10,2026-06-30,5bfa7b5b159261658a1ecc102899adc48f911e9f96a5fc86749e3b3af430e4b5,3e5a0e32dcaef23b84be876805c450ca2ef807ebc9a96fe9d5893032447ee664,30.350000381469727,2026-10-06,OWNERSHIP_BASIS_UNVERIFIED,37487850.0,37487980.34398034,37487850.0,0.0,0.0003476966012883054,0.0003490131579013678,PRIMARY_CLASS,PROVIDER_METADATA_ONLY,UNREVIEWED,NOT_PROVEN_ADR,UNREVIEWED,REQUIRES_MORE_EVIDENCE,"Formula reconciles, but neither metadata nor canonical one-active-security count proves complete legal/economic common share perimeter. No official issuer deep dive in bounded sample; hold pending evidence.",1.87454409772414e-06,OK,OK,False,,False,False,58,,0.0003476966012883054
HUBB,1069,Domestic Common Stock Primary Class,Domestic Common Stock Primary Class,,,1,HUB.B HUB.A,52832571.0,52832571.0,,1.0,460.96,24353701928.0,6.226,3911900000.0,2026-07-29,2026-07-29,2026-06-30,cee36ba4b36196cb2710f5d786df12aed650265dda755fd9d38f85c5f5deed69,700edd59f64bcf3010ee9dc5aecc28062b9778c8470a7ab40ec1d94a76e12a25,485.4100036621094,2026-10-06,OWNERSHIP_BASIS_UNVERIFIED,52832570.9996529,52836448.71572371,52832571.0,6.569855770521826e-10,0.007339631589831086,0.0004569319256626514,PRIMARY_CLASS,PROVIDER_METADATA_ONLY,UNREVIEWED,NOT_PROVEN_ADR,UNREVIEWED,REQUIRES_MORE_EVIDENCE,"Formula reconciles, but neither metadata nor canonical one-active-security count proves complete legal/economic common share perimeter. No official issuer deep dive in bounded sample; hold pending evidence.",1.8537230639381619e-06,OK,OK,False,,False,False,70,,0.0073396309328011
HUMA,1072,Domestic Common Stock Primary Class,Domestic Common Stock Primary Class,,,1,AHAC AHACU,277798105.0,234182284.0,234182284.0,1.0,0.665,184735740.0,5.909,31261000.0,2026-08-12,2026-08-12,2026-06-30,78d42959119c02f6577b60cb928c52c7ea9c128237c880c862f548b6bf90d819,a2c4c78346d7a0e58f31c0923290fac682898949f3a2f746ec8e7146171c9f53,0.4779999852180481,2026-10-06,OWNERSHIP_BASIS_UNVERIFIED,277798105.2631579,277776314.28571427,277798105.0,9.472991280290444e-08,0.007844177851035194,0.00046354883081178855,PRIMARY_CLASS,PROVIDER_METADATA_ONLY,UNREVIEWED,NOT_PROVEN_ADR,UNREVIEWED,REQUIRES_MORE_EVIDENCE,"Formula reconciles, but neither metadata nor canonical one-active-security count proves complete legal/economic common share perimeter. No official issuer deep dive in bounded sample; hold pending evidence.",3.2267176042211076e-06,OK,OK,False,,False,False,56,,0.007844083128549784
HVT,1076,Domestic Common Stock Primary Class,Domestic Common Stock Primary Class,,https://www.sec.gov/Archives/edgar/data/216085/000162828026052652/hvt-20260630.htm,1,HVT.A,15593626.0,15593626.0,,1.0,28.28,440987743.0,1.5,294072000.0,2026-08-04,2026-08-04,2026-06-30,ba78b35a4d746009d010a96d507422a198170d48b1278501c265963062b58cc4,d7bfc6681d5c4f2ab74560edda0262e283ba23e166e509f1e29be367c8147480,27.920000076293945,2026-10-06,OWNERSHIP_BASIS_UNVERIFIED,15593625.99009901,15597878.359264497,15593626.0,6.349383241399664e-08,0.027269918928340964,0.00040893726706392464,PRIMARY_CLASS,PROVIDER_METADATA_ONLY,MULTI_CLASS_OR_LLC_PERIMETER_REVIEW,NOT_PROVEN_ADR,UNREVIEWED,REQUIRES_MULTI_CLASS_CONTRACT,"Quoted common 14,383,650 + Class A 1,209,976 = provider total. Common dividend at least 105% of Class A; separate quoted class also exists.",2.428025136502754e-06,OK,OK,False,,False,True,64,,0.02726985541718907
HWM,1079,Domestic Common Stock Primary Class,Domestic Common Stock Primary Class,,,1,HWM-P ARNC-P AA ARNC-PB ARNC,398801399.0,400000000.0,402000000.0,1.0,289.72,115540741318.0,20.157,5732000000.0,2026-08-06,2026-08-06,2026-06-30,3753ac1f2cd87301618f00c55c27b47bd80fff8a5c31f3dd5ce3744cb55193df,f7d2f6e7bbc50aaa57412a4d907a5cb18318f16da4e2a9be7856411ff8ae466a,231.60000610351562,2026-10-06,OWNERSHIP_BASIS_UNVERIFIED,398801398.9990335,398798577.93731874,398801399.0,2.4233948181517917e-10,0.0007073851099437256,0.0001425886252626185,PRIMARY_CLASS,PROVIDER_METADATA_ONLY,UNREVIEWED,NOT_PROVEN_ADR,UNREVIEWED,REQUIRES_MORE_EVIDENCE,"Formula reconciles, but neither metadata nor canonical one-active-security count proves complete legal/economic common share perimeter. No official issuer deep dive in bounded sample; hold pending evidence.",4.2133891930973277e-07,OK,OK,False,,False,False,62,,0.0007073853522943097
HYMC,1081,Domestic Common Stock Primary Class,Domestic Common Stock Primary Class,,,1,MUDS MUDSU,93181681.0,91504140.0,91504140.0,1.0,20.12,1874815422.0,7.474,250857000.0,2026-07-28,2026-07-28,2026-06-30,101b1ed86bb9a6c8de8230ae26aefc7fff4be79c0600faa4c60b03b389673922,caa373239a6dbd486b11be871f1ba79dd3f55ee46e2aef08d42c1a561c21e1df,19.09000015258789,2026-10-06,OWNERSHIP_BASIS_UNVERIFIED,93181681.01391649,93186144.03578529,93181681.0,1.493479784286933e-08,0.0047895914950579765,0.0003579569236658031,PRIMARY_CLASS,PROVIDER_METADATA_ONLY,UNREVIEWED,NOT_PROVEN_ADR,UNREVIEWED,REQUIRES_MORE_EVIDENCE,"Formula reconciles, but neither metadata nor canonical one-active-security count proves complete legal/economic common share perimeter. No official issuer deep dive in bounded sample; hold pending evidence.",4.171140144393348e-06,OK,OK,False,,False,False,71,,0.004789606430577464
IFF,1104,Domestic Common Stock Primary Class,Domestic Common Stock Primary Class,,,1,IFFIU IFFT,255149963.0,255000000.0,257000000.0,1.0,80.89,20639080507.0,1.477,13976000000.0,2026-08-04,2026-08-04,2026-06-30,3198005a1e3f359cb98e433db7a83a5e026ec5f26574b05be14096aab2771db6,84ebf0031024dc0e6ae7fd49ece4c4495ccc6934276d25092a02618ec239bf82,83.91999816894531,2026-10-06,OWNERSHIP_BASIS_UNVERIFIED,255149962.99913463,255192879.21869203,255149963.0,3.391509295624928e-10,0.0168199983464401,0.00024838959645112624,PRIMARY_CLASS,PROVIDER_METADATA_ONLY,UNREVIEWED,NOT_PROVEN_ADR,UNREVIEWED,REQUIRES_MORE_EVIDENCE,"Formula reconciles, but neither metadata nor canonical one-active-security count proves complete legal/economic common share perimeter. No official issuer deep dive in bounded sample; hold pending evidence.",7.545451374824097e-07,OK,OK,False,,False,False,64,,0.01681999800722256
IIPR,1109,Domestic Common Stock Primary Class,Domestic Common Stock Primary Class,,,1,IIPR-PA,27571349.0,28443143.0,29992248.0,1.0,60.36,1664206626.0,0.899,1851599000.0,2026-08-04,2026-08-04,2026-06-30,d3e3f9adc54b81be5bce0dad0e2b1bcb2e662be85cc2efc1905052c0d6769193,a0d05279b364acd8d81f13dd3f6c0a74c69cd938416e4d327019fffb462f4da8,50.2599983215332,2026-10-06,OWNERSHIP_BASIS_UNVERIFIED,27571349.005964216,27577659.06229291,27571349.0,2.1631929580934184e-08,0.022886280708744877,0.00020570058635804855,PRIMARY_CLASS,PROVIDER_METADATA_ONLY,UNREVIEWED,NOT_PROVEN_ADR,UNREVIEWED,REQUIRES_MORE_EVIDENCE,"Formula reconciles, but neither metadata nor canonical one-active-security count proves complete legal/economic common share perimeter. No official issuer deep dive in bounded sample; hold pending evidence.",1.0111854908956275e-06,OK,OK,False,,False,False,64,,0.022886302345637155
IMVT,1121,Domestic Common Stock Primary Class,Domestic Common Stock Primary Class,,,1,HSAC HSACU,206552682.0,205545373.0,205545373.0,1.0,39.74,8208403583.0,11.162,735388000.0,2026-08-06,2026-08-06,2026-06-30,78861a0d71b1b237ce3c7033d3786475bf4588bb826e131a2b84222cffaf28b1,1aa635b92d3f1843e4b715c568b616bf4e3457139ad724d473874db72df76945,32.11000061035156,2026-10-06,OWNERSHIP_BASIS_UNVERIFIED,206552682.00805232,206552613.3870156,206552682.0,3.898437128668775e-09,3.322205068823081e-05,3.7082465293991618e-06,PRIMARY_CLASS,PROVIDER_METADATA_ONLY,UNREVIEWED,NOT_PROVEN_ADR,UNREVIEWED,REQUIRES_MORE_EVIDENCE,"Formula reconciles, but neither metadata nor canonical one-active-security count proves complete legal/economic common share perimeter. No official issuer deep dive in bounded sample; hold pending evidence.",4.223620519994142e-06,OK,OK,False,,False,False,62,,3.321815225110214e-05
IMXI,1122,Domestic Common Stock Primary Class,Domestic Common Stock Primary Class,,,1,FNTEU FNTE,30211627.0,30109812.0,30608806.0,1.0,11.82,357101431.0,2.106,169550000.0,2026-08-10,2026-08-10,2026-06-30,d4b52fcf7ce940d0ceccb0cecbebfdd39a635117824439d563721c09bd8f2553,3f9dbf641b123bca5f33efe20f03a0df797a04e0e1fe13017065a488c0cc0b8e,12.09000015258789,2026-10-06,OWNERSHIP_BASIS_UNVERIFIED,30211626.988155667,30209162.43654822,30211627.0,3.920455071693141e-08,0.008157626229166048,0.0001718136242998547,PRIMARY_CLASS,PROVIDER_METADATA_ONLY,UNREVIEWED,NOT_PROVEN_ADR,UNREVIEWED,REQUIRES_MORE_EVIDENCE,"Formula reconciles, but neither metadata nor canonical one-active-security count proves complete legal/economic common share perimeter. No official issuer deep dive in bounded sample; hold pending evidence.",2.5818594040494247e-06,OK,OK,False,,False,False,58,,0.008157665430530425
INDI,1126,Domestic Common Stock Primary Class,Domestic Common Stock Primary Class,,,1,THBR THBRU,231808883.0,212010301.0,212010301.0,1.0,4.04,936507887.0,3.178,294672000.0,2026-08-07,2026-08-07,2026-06-30,31e0918eac44a9d1e684374b1e6b9f637eb535fa6019fdfd6a2d5cdfa72253b0,3cfb652dc64c98978dfa88c7a6f8fa623f417d915ae0565afc35e0b9a2589b75,2.8499999046325684,2026-10-06,OWNERSHIP_BASIS_UNVERIFIED,231808882.92079207,231798914.85148513,231808883.0,3.416948946011189e-08,0.004300123956135771,0.00013666381603938405,PRIMARY_CLASS,PROVIDER_METADATA_ONLY,UNREVIEWED,NOT_PROVEN_ADR,UNREVIEWED,REQUIRES_MORE_EVIDENCE,"Formula reconciles, but neither metadata nor canonical one-active-security count proves complete legal/economic common share perimeter. No official issuer deep dive in bounded sample; hold pending evidence.",9.442319925945242e-07,OK,OK,False,,False,False,61,,0.004300158124170839
INN,1135,Domestic Common Stock Primary Class,Domestic Common Stock Primary Class,,,1,INN-PF INN-PD INN-PC INN-PE INN-PA INN-PB,107853463.0,104768000.0,106181000.0,1.0,6.82,735560618.0,0.877,838947000.0,2026-08-05,2026-08-05,2026-06-30,5c130c676c3a416e4011945cfac619c0538412eef3603f265f167229ceab04c4,e62f5cb55543637e93ff4b2f78b799f323465bc06d67b7a69223a4e471c9488a,5.989999771118164,2026-10-06,OWNERSHIP_BASIS_UNVERIFIED,107853463.04985337,107882187.53665689,107853463.0,4.622324745184869e-08,0.026632883165045307,0.00023350819539258438,PRIMARY_CLASS,PROVIDER_METADATA_ONLY,UNREVIEWED,NOT_PROVEN_ADR,UNREVIEWED,REQUIRES_MORE_EVIDENCE,"Formula reconciles, but neither metadata nor canonical one-active-security count proves complete legal/economic common share perimeter. No official issuer deep dive in bounded sample; hold pending evidence.",2.517028985238312e-06,OK,OK,False,,False,False,63,,0.02663292940059403
INSW,1142,Domestic Common Stock Primary Class,Domestic Common Stock Primary Class,,,1,INSW-PA,49531311.0,49487271.0,49857565.0,1.0,90.4,4477630514.0,1.977,2265335000.0,2026-08-10,2026-08-10,2026-06-30,2477d49e4f9986da52a407935d5693fb801b3005e0c0b1e5d624967efdf9f915,4c68e75c24da5bbfef2f80c580c59639206305601eab12222adbbe8cd34a07c8,116.45999908447266,2026-10-06,OWNERSHIP_BASIS_UNVERIFIED,49531310.99557522,49541673.617256634,49531311.0,8.93329854534386e-09,0.020921355548897402,0.00041352868339572524,PRIMARY_CLASS,PROVIDER_METADATA_ONLY,UNREVIEWED,NOT_PROVEN_ADR,UNREVIEWED,REQUIRES_MORE_EVIDENCE,"Formula reconciles, but neither metadata nor canonical one-active-security count proves complete legal/economic common share perimeter. No official issuer deep dive in bounded sample; hold pending evidence.",1.6879191377938696e-06,OK,OK,False,,False,False,58,,0.020921346613733682
IONQ,1145,Domestic Common Stock Primary Class,Domestic Common Stock Primary Class,,,1,DMYI DMYI.U,381002314.0,367660636.0,367660636.0,1.0,42.53,16204028414.0,4.87,3327208000.0,2026-08-10,2026-08-10,2026-06-30,fdfc0c9334e90789d04734394ddeec4fd2e74a07d42d1b6e78de5858f6a3792f,24221e3f7195d04e347262d655a58c2590478030b084076654d46f603c21b2f2,43.290000915527344,2026-10-06,OWNERSHIP_BASIS_UNVERIFIED,381002313.9901246,380989959.0877028,381002314.0,2.591948877750383e-09,0.0032427368464982287,0.00015792640556266946,PRIMARY_CLASS,PROVIDER_METADATA_ONLY,UNREVIEWED,NOT_PROVEN_ADR,UNREVIEWED,REQUIRES_MORE_EVIDENCE,"Formula reconciles, but neither metadata nor canonical one-active-security count proves complete legal/economic common share perimeter. No official issuer deep dive in bounded sample; hold pending evidence.",2.870216619932364e-06,OK,OK,False,,False,False,58,,0.003242739438369391
IRDM,1158,Domestic Common Stock Primary Class,Domestic Common Stock Primary Class,,,1,GHQ IRDMB GHQ.U,105960383.0,106969000.0,108468000.0,1.0,46.86,4965303547.0,10.508,472511000.0,2026-07-22,2026-07-22,2026-06-30,b878cbc0a3eb8e73b4de414d51218942980992dd83458db4455d9ebd278451f2,eef3ab52100deeafee8f2c41e05e28f325a08e7394b035bce0db040d5a256f89,49.040000915527344,2026-10-06,OWNERSHIP_BASIS_UNVERIFIED,105960382.99189074,105957012.12121212,105960383.0,7.653100375648592e-09,0.0031812556574806194,0.0003342969793305173,PRIMARY_CLASS,PROVIDER_METADATA_ONLY,UNREVIEWED,NOT_PROVEN_ADR,UNREVIEWED,REQUIRES_MORE_EVIDENCE,"Formula reconciles, but neither metadata nor canonical one-active-security count proves complete legal/economic common share perimeter. No official issuer deep dive in bounded sample; hold pending evidence.",1.3025001299737937e-06,OK,OK,False,,False,False,77,,0.003181263310336746
IVDA,1172,Domestic Common Stock Primary Class,Domestic Common Stock Primary Class,,,1,,12519027.0,11822360.0,11822360.0,1.0,0.43,5383182.0,0.996,5406955.0,2026-08-14,2026-08-14,2026-06-30,b760aee92ebf03d058d7554d7934a16fcb42d580dbc3d579a2603e1f34f6f8da,d788199a5ce0f5fd509ada03daacc5836065f5f7b90a23d7a2a0f4b8ca0fc5e4,0.27000001072883606,2026-10-06,OWNERSHIP_BASIS_UNVERIFIED,12519027.906976745,12524016.697674418,12519027.0,7.2447857046853414e-06,0.03984966512371457,0.0003967445632523381,PRIMARY_CLASS,PROVIDER_METADATA_ONLY,UNREVIEWED,NOT_PROVEN_ADR,UNREVIEWED,REQUIRES_MORE_EVIDENCE,"Formula reconciles, but neither metadata nor canonical one-active-security count proves complete legal/economic common share perimeter. No official issuer deep dive in bounded sample; hold pending evidence.",0.930232779924256,OK,OK,False,,False,False,54,,0.039856912796953914
JBI,1183,Domestic Common Stock Primary Class,Domestic Common Stock Primary Class,,,1,JIH JIH.U,136435790.0,136425432.0,136425432.0,1.0,5.06,690365097.0,1.207,572000000.0,2026-08-11,2026-08-11,2026-07-04,007d215d342d11346747964b64683113b1da0dd8a40edc4c656dcf1d5697c49f,61dd456a5d1877adc95d63e8a160ceed8ae97ebc15fc31d7861b45672ebd6818,4.320000171661377,2026-10-06,OWNERSHIP_BASIS_UNVERIFIED,136435789.92094862,136443478.26086956,136435790.0,5.794034141359816e-08,0.005635134245496332,6.801223776231602e-05,PRIMARY_CLASS,PROVIDER_METADATA_ONLY,UNREVIEWED,NOT_PROVEN_ADR,UNREVIEWED,REQUIRES_MORE_EVIDENCE,"Formula reconciles, but neither metadata nor canonical one-active-security count proves complete legal/economic common share perimeter. No official issuer deep dive in bounded sample; hold pending evidence.",1.1308391001385587e-06,OK,OK,False,,False,False,57,,0.005635076301868658
JOBY,1195,Domestic Common Stock Primary Class,Domestic Common Stock Primary Class,,,1,RTP.U RTP,989124237.0,969905441.0,969905441.0,1.0,8.23,8140492471.0,4.608,1766723000.0,2026-08-06,2026-08-06,2026-06-30,47f40eebb8bc9992e5e9010099944aea7539c3176a350fe57c7be0270ac9997d,26f51e57164738f02da210dadc3eecc24e6844cdcfafce8fdb34db9f597f7090,5.78000020980835,2026-10-06,OWNERSHIP_BASIS_UNVERIFIED,989124237.0595382,989193145.0789791,989124237.0,6.019285070379965e-09,0.006966568693700381,0.00032099712292144034,PRIMARY_CLASS,PROVIDER_METADATA_ONLY,UNREVIEWED,NOT_PROVEN_ADR,UNREVIEWED,REQUIRES_MORE_EVIDENCE,"Formula reconciles, but neither metadata nor canonical one-active-security count proves complete legal/economic common share perimeter. No official issuer deep dive in bounded sample; hold pending evidence.",5.562134530734397e-06,OK,OK,False,,False,False,62,,0.006966574713418439
JSPR,1197,Domestic Common Stock Primary Class,Domestic Common Stock Primary Class,,,1,AMHCU AMHC,33274561.0,28696937.0,28696937.0,1.0,0.79,26290231.0,18.606,1413000.0,2026-08-14,2026-08-14,2026-06-30,3786fd7c0425d7bae3491f5ebf4c7b79514718f94c5a458621ad519ed2fbc859,42568154bb12f5aee817f1e0173244af706ce93ae8cfc298e417982e9421e20a,0.5600000023841858,2026-10-06,OWNERSHIP_BASIS_UNVERIFIED,33278773.417721517,33278832.91139241,33274561.0,0.012657971700591464,0.00017877362890050819,3.326256192792698e-05,PRIMARY_CLASS,PROVIDER_METADATA_ONLY,UNREVIEWED,NOT_PROVEN_ADR,UNREVIEWED,REQUIRES_MORE_EVIDENCE,"Formula reconciles, but neither metadata nor canonical one-active-security count proves complete legal/economic common share perimeter. No official issuer deep dive in bounded sample; hold pending evidence.",0.012655499615243926,OK,OK,False,,False,False,54,,0.012838370406775823
JTAI,1198,Domestic Common Stock Primary Class,Domestic Common Stock Primary Class,,,1,OXACU OXAC,3557521.0,1326189.0,1326189.0,1.0,1.71,6083361.0,0.152,39983716.0,2026-08-14,2026-08-14,2026-06-30,d7d30495bfedb7482f41f854f75acd7f857d812512f1735bf64887cad0f8d357,322f8d01d2011c905f93b50208c5c51a6d37229378c03c7a626a31bbe12c57d9,1.4800000190734863,2026-10-06,OWNERSHIP_BASIS_UNVERIFIED,3557521.052631579,3554108.0888888887,3557521.0,1.4794453218058834e-06,0.09593657190490879,0.00014596362179042366,PRIMARY_CLASS,PROVIDER_METADATA_ONLY,UNREVIEWED,NOT_PROVEN_ADR,UNREVIEWED,REQUIRES_MORE_EVIDENCE,"Formula reconciles, but neither metadata nor canonical one-active-security count proves complete legal/economic common share perimeter. No official issuer deep dive in bounded sample; hold pending evidence.",2.230817108817007e-06,OK,OK,False,,False,False,54,,0.0959350938788961
KELYA,1207,Domestic Common Stock Primary Class,Domestic Common Stock Primary Class,,https://www.sec.gov/Archives/edgar/data/55135/000005513526000161/kelya-20260628.htm,1,KELYB,34731943.0,34700000.0,35200000.0,1.0,15.62,542512950.0,0.552,982000000.0,2026-08-06,2026-08-06,2026-06-28,e5c3a3b9618f31b5527a229ab84eb6d936fe8765926462b7bc07982bb4d1995d,a5e95df4797221f7528c2fb8f114636be5592492b2a5686d9517333664f4d1eb,15.5600004196167,2026-10-06,OWNERSHIP_BASIS_UNVERIFIED,34731943.02176697,34703201.024327785,34731943.0,6.26713236862031e-08,0.08275378495573582,0.00045717922606924866,PRIMARY_CLASS,PROVIDER_METADATA_ONLY,MULTI_CLASS_OR_LLC_PERIMETER_REVIEW,NOT_PROVEN_ADR,UNREVIEWED,REQUIRES_MULTI_CLASS_CONTRACT,"Quoted A 31,435,902 + B 3,296,041 = provider total. Separate KELYB quote; canonical active count does not enumerate it.",7.326563244980377e-07,OK,OK,False,,False,True,62,,0.08275372233628175
KIM,1215,Domestic Common Stock Primary Class,Domestic Common Stock Primary Class,,,1,KIM-PJ KIM-PK KIM-PH KIM-PM KIM-PL KIM-PI KIM-PN,670789373.0,671216000.0,671961000.0,1.0,25.01,16776442219.0,1.634,10265601000.0,2026-08-04,2026-08-04,2026-06-30,2cc95853975fc68f230e324ee276637d185b2609619dca4494d487957253d155,21ffbe7498070034b3338ab41e84b7923e234ec1ccc287ce0b810ef252b5359b,22.139999389648438,2026-10-06,OWNERSHIP_BASIS_UNVERIFIED,670789373.0107956,670691404.7980807,670789373.0,1.6093903987268732e-09,0.014604914248295131,0.00023867915770359183,PRIMARY_CLASS,PROVIDER_METADATA_ONLY,UNREVIEWED,NOT_PROVEN_ADR,UNREVIEWED,REQUIRES_MORE_EVIDENCE,"Formula reconciles, but neither metadata nor canonical one-active-security count proves complete legal/economic common share perimeter. No official issuer deep dive in bounded sample; hold pending evidence.",9.15161280090615e-07,OK,OK,False,,False,False,64,,0.014604912639148981
KMI,1223,Domestic Common Stock Primary Class,Domestic Common Stock Primary Class,,,1,KMI-PA KMGNP,2226802089.0,2225000000.0,2225000000.0,1.0,32.86,73172716645.0,2.313,31631000000.0,2026-07-24,2026-07-24,2026-06-30,d75488dc19aafba5a9e41b845c4988aeeda0d1f35a34636d83a9bc5f59d6ee40,51b1754023ec56806ccfe554a26a697fc9b0b4c9e02867482ede796e4d3969e4,32.15999984741211,2026-10-06,OWNERSHIP_BASIS_UNVERIFIED,2226802089.013999,2226491265.9768715,2226802089.0,6.286637876939949e-10,0.013958269513980603,0.00032289984508837577,PRIMARY_CLASS,PROVIDER_METADATA_ONLY,UNREVIEWED,NOT_PROVEN_ADR,UNREVIEWED,REQUIRES_MORE_EVIDENCE,"Formula reconciles, but neither metadata nor canonical one-active-security count proves complete legal/economic common share perimeter. No official issuer deep dive in bounded sample; hold pending evidence.",1.8574301874352273e-06,OK,OK,False,,False,False,75,,0.013958268885405634
KRC,1240,Domestic Common Stock Primary Class,Domestic Common Stock Primary Class,,,1,KRC-PH KRC-PG,116308988.0,116292405.0,117062596.0,1.0,38.66,4496505476.0,0.86,5226211000.0,2026-07-28,2026-07-28,2026-06-30,eaadcc6fffce007dcb5a5fd3395c5833038e69ff738068fb7d222155c2311054,852eba38875f525d7446518be16f07ca53376384a338f0a23e92c5c09cd4529c,33.900001525878906,2026-10-06,OWNERSHIP_BASIS_UNVERIFIED,116308987.99793069,116258185.72167616,116308988.0,1.7791546014223059e-09,0.04367871918500299,0.00037580113011126404,PRIMARY_CLASS,PROVIDER_METADATA_ONLY,UNREVIEWED,NOT_PROVEN_ADR,UNREVIEWED,REQUIRES_MORE_EVIDENCE,"Formula reconciles, but neither metadata nor canonical one-active-security count proves complete legal/economic common share perimeter. No official issuer deep dive in bounded sample; hold pending evidence.",3.946919013841921e-07,OK,OK,False,,False,False,71,,0.04367872096336933
KRG,1241,Domestic Common Stock Primary Class,Domestic Common Stock Primary Class,,,1,KRG-PA,200346933.0,202231374.0,203198303.0,1.0,28.94,5798040241.0,2.021,2869196000.0,2026-07-30,2026-07-30,2026-06-30,b4a43a5d07feb131adc8dd3c293d9aa2fecfc453262e7e4c8216c2746ce0386f,27762bac61a32fd62b4594c383c4387ab34a503196d371bf7a3e07677b7bf398,24.1299991607666,2026-10-06,OWNERSHIP_BASIS_UNVERIFIED,200346932.9993089,200367834.00138217,200346933.0,3.4494629375103614e-10,0.010432404310045662,0.00021081689783475355,PRIMARY_CLASS,PROVIDER_METADATA_ONLY,UNREVIEWED,NOT_PROVEN_ADR,UNREVIEWED,REQUIRES_MORE_EVIDENCE,"Formula reconciles, but neither metadata nor canonical one-active-security count proves complete legal/economic common share perimeter. No official issuer deep dive in bounded sample; hold pending evidence.",1.8453960359821053e-06,OK,OK,False,,False,False,69,,0.01043240396505496
LAC,1260,ADR Common Stock,ADR Common Stock,COMMON_OR_ORDINARY,https://www.sec.gov/Archives/edgar/data/1966983/000119312526347826/lac-20260630.htm,1,,363042943.0,371790000.0,401738000.0,1.0,3.43,1245237294.0,1.408,884691000.0,2026-08-13,2026-08-13,2026-06-30,0687a97d927137f5380cedd546b1604365c759b6bd67bb41608f8bdf7b4de003,92cb36074930f57ac7b271cb7fed8b1f81ca45b3d6fe1c0c00af494920f1b256,2.5399999618530273,2026-10-06,OWNERSHIP_BASIS_UNVERIFIED,363042942.85714287,363161786.58892125,363042943.0,3.9349923319775826e-08,0.03273544744957224,0.0004607642668457146,ADR_LABELLED,OFFICIAL_DIRECT_COMMON_PROVIDER_ADR_CONFLICT,UNREVIEWED,DIRECT_COMMON,REVIEW_SUPPORTED_CONDITIONAL_NEXT_CONTRACT,REQUIRES_OFFICIAL_IDENTITY_OVERRIDE,"Official June 2026 filing identifies direct ordinary/common listing, not ADS; accepted whole-common count reconciles. Generic issuer/security/effective-date identity override required.",1.9462741196463185e-06,OK,OK,True,,True,False,55,,0.032735408086770335
LAND,1265,Domestic Common Stock Primary Class,Domestic Common Stock Primary Class,,,1,LANDO LANDM LANDP LANDP1,43136573.0,42911176.0,42911176.0,1.0,8.21,354151264.0,0.526,673111000.0,2026-08-11,2026-08-11,2026-06-30,7e74e3e8b12442b5905f59bba81473c4c4f5bc3a11ad1c697b70cd0ae15885de,6eb958266a6c7cb1dc9f2fc92b2a7295e3e383d8d00bfc3d52a6ca783c6f953a,9.65999984741211,2026-10-06,OWNERSHIP_BASIS_UNVERIFIED,43136572.95980511,43125016.56516443,43136573.0,9.318052995865855e-08,0.026790247457642025,0.0001409544636767901,PRIMARY_CLASS,PROVIDER_METADATA_ONLY,UNREVIEWED,NOT_PROVEN_ADR,UNREVIEWED,REQUIRES_MORE_EVIDENCE,"Formula reconciles, but neither metadata nor canonical one-active-security count proves complete legal/economic common share perimeter. No official issuer deep dive in bounded sample; hold pending evidence.",4.6464034841875446e-07,OK,OK,False,,False,False,57,,0.02679034061321417
LECO,1278,Domestic Common Stock Primary Class,Domestic Common Stock Primary Class,,,1,LECOA,54505757.0,54505757.0,,1.0,250.22,13638430517.0,8.775,1554180000.0,2026-07-30,2026-07-30,2026-06-30,7f464afd138b9e6d7ae612247decd44439652899bb36d4bda1a9f1cde53d4de3,f5788e0f188199c796a25e277541e0c2a103cbf02ba819f64c532498ef056135,275.5400085449219,2026-10-06,OWNERSHIP_BASIS_UNVERIFIED,54505757.001838386,54503754.695867635,54505757.0,3.372824242120487e-09,0.00367356785941908,0.0003223674220489414,PRIMARY_CLASS,PROVIDER_METADATA_ONLY,UNREVIEWED,NOT_PROVEN_ADR,UNREVIEWED,REQUIRES_MORE_EVIDENCE,"Formula reconciles, but neither metadata nor canonical one-active-security count proves complete legal/economic common share perimeter. No official issuer deep dive in bounded sample; hold pending evidence.",4.87851936625816e-07,OK,OK,False,,False,False,69,,0.0036735644867058603
LEXX,1284,Domestic Common Stock Primary Class,Domestic Common Stock Primary Class,,,1,LXRP,1652496.0,1653728.0,1653728.0,1.0,8.924,14746048.0,3.112,4738210.0,2026-07-13,2026-07-13,2026-05-31,9796261192d976a9e7f13e1935d2016eb3f0df49eaec77f4b2b17661e8cab8c4,1033764d01afc3c9d807a6c0b702f34db4951dbd4f6a75772264539718ee80f8,3.240000009536743,2026-10-06,OWNERSHIP_BASIS_UNVERIFIED,1652403.4065441508,1652320.6544150605,1652496.0,0.00560356239176496,0.005007985868499265,0.00015585632548997808,PRIMARY_CLASS,PROVIDER_METADATA_ONLY,UNREVIEWED,NOT_PROVEN_ADR,INDEPENDENT_PRICE_BASIS_CONTRADICTION,MUST_REMAIN_HELD,Underlying raw-close/provider-price mismatch remains after ownership relaxation; no split cause inferred.,93.3337067232598,SHARE_BASIS_UNVERIFIED,SHARE_BASIS_UNVERIFIED,False,,False,False,86,,0.010610953668843681
LFMD,1286,Domestic Common Stock Primary Class,Domestic Common Stock Primary Class,,,1,IMMD LFMDP CVLB,48200837.0,47788194.0,47788194.0,1.0,3.68,177379080.0,22.266,7966455.0,2026-08-05,2026-08-05,2026-06-30,d1720d1d138819359b299395e056214d7deaea74497f46936dd918e5c08e32bf,6d5c78db1d4bd2e88f35afddcd99c11e218c6b43598911528befd321049836b2,2.7300000190734863,2026-10-06,OWNERSHIP_BASIS_UNVERIFIED,48200836.956521735,48201382.34510869,48200837.0,9.020231228618059e-08,0.0011314919436955506,0.00025193514555610363,PRIMARY_CLASS,PROVIDER_METADATA_ONLY,UNREVIEWED,NOT_PROVEN_ADR,UNREVIEWED,REQUIRES_MORE_EVIDENCE,"Formula reconciles, but neither metadata nor canonical one-active-security count proves complete legal/economic common share perimeter. No official issuer deep dive in bounded sample; hold pending evidence.",1.8140543955880162e-06,OK,OK,False,,False,False,63,,0.0011314017403618593
LIDR,1294,Domestic Common Stock Primary Class,Domestic Common Stock Primary Class,,,1,CFACU CFAC,46488312.0,45915091.0,45915091.0,1.0,1.22,56715741.0,0.83,68314000.0,2026-08-06,2026-08-06,2026-06-30,638385e24a116598b75fd2415ebf8e147cffc3b3d0a22848613b258650f4034f,1e403c36bb9037265cdd5d0a070449768b36fc92baa00b60f7cbe1398ec5f434,1.0700000524520874,2026-10-06,OWNERSHIP_BASIS_UNVERIFIED,46488312.295081966,46475918.03278688,46488312.0,6.347444125864854e-07,0.02666102872569409,0.00022134555142439005,PRIMARY_CLASS,PROVIDER_METADATA_ONLY,UNREVIEWED,NOT_PROVEN_ADR,UNREVIEWED,REQUIRES_MORE_EVIDENCE,"Formula reconciles, but neither metadata nor canonical one-active-security count proves complete legal/economic common share perimeter. No official issuer deep dive in bounded sample; hold pending evidence.",2.345100780232201e-06,OK,OK,False,,False,False,62,,0.0266603941505017
NMAD,1304,Domestic Common Stock Primary Class,Domestic Common Stock Primary Class,,,1,LIXT,16101068.0,13475293.0,13475293.0,1.0,4.05,65209325.0,2.727,23911360.0,2026-08-14,2026-08-14,2026-06-30,796acd481f77ab3f4647363d31892d6624ee3510f2345a1ebf1dc082512b4101,ca819b2c6538f8c29fc950a631dad5486dc1b2e8f891f95b9a3b8d69a5db3048,4.349999904632568,2026-10-06,OWNERSHIP_BASIS_UNVERIFIED,16101067.901234569,16100315.733333334,16101068.0,6.134091901088823e-07,0.004671540458367485,0.000127398859788741,PRIMARY_CLASS,PROVIDER_METADATA_ONLY,UNREVIEWED,NOT_PROVEN_ADR,UNREVIEWED,REQUIRES_MORE_EVIDENCE,"Formula reconciles, but neither metadata nor canonical one-active-security count proves complete legal/economic common share perimeter. No official issuer deep dive in bounded sample; hold pending evidence.",4.709502809951971e-06,OK,OK,False,,False,False,54,,0.004672153838902737
LUCY,1340,Domestic Common Stock Primary Class,Domestic Common Stock Primary Class,,,1,,8609196.0,6405240.0,6405240.0,1.0,0.734,6320872.0,0.916,6898765.0,2026-08-14,2026-08-14,2026-06-30,042391168e29cc7dbc797400003830505ddb7f8899439522f277362446dd1cf8,fe37442f64c838295fa1ab98a1847d827e2a54e787285b04f0dfed9abd356341,0.925000011920929,2026-10-06,OWNERSHIP_BASIS_UNVERIFIED,8611542.234332426,8609357.95640327,8609196.0,0.027245228190042603,0.02536453831053498,0.00023239811763409168,PRIMARY_CLASS,PROVIDER_METADATA_ONLY,UNREVIEWED,NOT_PROVEN_ADR,UNREVIEWED,REQUIRES_MORE_EVIDENCE,"Formula reconciles, but neither metadata nor canonical one-active-security count proves complete legal/economic common share perimeter. No official issuer deep dive in bounded sample; hold pending evidence.",3.7029588506598543e-06,OK,OK,False,,False,False,54,,0.0018812024173975317
LVWR,1347,Domestic Common Stock Primary Class,Domestic Common Stock Primary Class,,,1,IMPX IMPX.U,205412457.0,205412457.0,,1.0,1.24,254711447.0,21.367,11921000.0,2026-08-05,2026-08-05,2026-06-30,f68dbbe8222f8f11673dc166f682d50596ffee552b827ffed91a1881c4ca6f46,cf2e858a13091ccd8d338a37b5e9a09d397e39a396cdb748844ef4473513a8e6,1.6299999952316284,2026-10-06,OWNERSHIP_BASIS_UNVERIFIED,205412457.2580645,205416134.67741936,205412457.0,1.2563236007068213e-07,0.001790261118506109,0.0003825182451144826,PRIMARY_CLASS,PROVIDER_METADATA_ONLY,UNREVIEWED,NOT_PROVEN_ADR,UNREVIEWED,REQUIRES_MORE_EVIDENCE,"Formula reconciles, but neither metadata nor canonical one-active-security count proves complete legal/economic common share perimeter. No official issuer deep dive in bounded sample; hold pending evidence.",7.690921899339287e-07,OK,OK,False,,False,False,63,,0.0017903867531199325
LXP,1352,Domestic Common Stock Primary Class,Domestic Common Stock Primary Class,,,1,LXP-PC,58957264.0,58094324.0,58094324.0,1.0,60.67,3576937207.0,1.836,1947906000.0,2026-07-29,2026-07-29,2026-06-30,1bee69b46eec1f80d09010c00734b5610c4f7e4262b0f2e7e67dfd121dda99b0,cd8fedfbe20b92ad28c20569b4738f88f4960e4c376b4e32ee5b615e48b94446,60.95000076293945,2026-10-06,OWNERSHIP_BASIS_UNVERIFIED,58957264.00197791,58947674.56733146,58957264.0,3.354827526891313e-09,0.0162650604786041,0.0002986750900710877,PRIMARY_CLASS,PROVIDER_METADATA_ONLY,UNREVIEWED,NOT_PROVEN_ADR,UNREVIEWED,REQUIRES_MORE_EVIDENCE,"Formula reconciles, but neither metadata nor canonical one-active-security count proves complete legal/economic common share perimeter. No official issuer deep dive in bounded sample; hold pending evidence.",3.0180561827464203e-06,OK,OK,False,,False,False,70,,0.01626505712432058
LYB,1355,Domestic Common Stock Primary Class,Domestic Common Stock Primary Class,,,1,LALLF LYB.B LALBF,323037952.0,323037952.0,,1.0,62.08,20054196060.0,1.879,10671000000.0,2026-07-31,2026-07-31,2026-06-30,d557bd32eae435315ab79acf0592353038215033e296a3eb9f64a7cad7a746be,bca5be33b970a834d3fd236280e91a6f290c52e3a5d16a32ce6c60955295111e,58.93000030517578,2026-10-06,OWNERSHIP_BASIS_UNVERIFIED,323037951.9974227,322983392.3969072,323037952.0,7.9782846995613e-10,0.01688953269364246,0.0003174079280292563,PRIMARY_CLASS,PROVIDER_METADATA_ONLY,UNREVIEWED,NOT_PROVEN_ADR,UNREVIEWED,REQUIRES_MORE_EVIDENCE,"Formula reconciles, but neither metadata nor canonical one-active-security count proves complete legal/economic common share perimeter. No official issuer deep dive in bounded sample; hold pending evidence.",2.9495081932395806e-06,OK,OK,False,,False,False,68,,0.016889533491348807
MAA,1363,Domestic Common Stock Primary Class,Domestic Common Stock Primary Class,,,1,MAA-PI,116021957.0,116021957.0,,1.0,133.32,15468047307.0,2.847,5433995000.0,2026-07-30,2026-07-30,2026-06-30,bc621ccab1cf45e7dfe850b69cb5ffd1b5603de5013d2a16798e1bd1ef39871e,13e45b57acef8d9568a09be4288fb7891064fe8bffee9ec0fe69e6d161abce16,116.98999786376953,2026-10-06,OWNERSHIP_BASIS_UNVERIFIED,116021956.99819982,116040982.33573358,116021957.0,1.5515810858346413e-09,0.016398049150345706,0.00046677591716592914,PRIMARY_CLASS,PROVIDER_METADATA_ONLY,UNREVIEWED,NOT_PROVEN_ADR,UNREVIEWED,REQUIRES_MORE_EVIDENCE,"Formula reconciles, but neither metadata nor canonical one-active-security count proves complete legal/economic common share perimeter. No official issuer deep dive in bounded sample; hold pending evidence.",5.493713439719272e-06,OK,OK,False,,False,False,69,,0.016398047598498167
MCHP,1385,Domestic Common Stock Primary Class,Domestic Common Stock Primary Class,,,1,MCHPP,543008691.0,542500000.0,550500000.0,1.0,74.36,40378126263.0,6.259,6451000000.0,2026-08-06,2026-08-06,2026-06-30,5fcb20dfd772bf33083f45ba159df719e004d70de3b89e4e738e8e265bd2bd38,6351ee86839be7ad97f11caeafa2ba62d833fc7def72f1ba4c26c4638f675a0b,81.26000213623047,2026-10-06,OWNERSHIP_BASIS_UNVERIFIED,543008691.0032276,542990976.3313609,543008691.0,5.943912029238163e-10,0.0032623182943725126,0.00020419516354053258,PRIMARY_CLASS,PROVIDER_METADATA_ONLY,UNREVIEWED,NOT_PROVEN_ADR,UNREVIEWED,REQUIRES_MORE_EVIDENCE,"Formula reconciles, but neither metadata nor canonical one-active-security count proves complete legal/economic common share perimeter. No official issuer deep dive in bounded sample; hold pending evidence.",8.208062896031265e-07,OK,OK,False,,False,False,62,,0.003262317700003514
MEI,1403,Domestic Common Stock Primary Class,Domestic Common Stock Primary Class,,,1,METHB METHA METH,35645053.0,35645053.0,,1.0,18.1,645175459.0,0.973,663100000.0,2026-09-02,2026-09-02,2026-08-01,6894f17909e202eac4431da8a676003ce7a07fe17bd3ddb07abac3d7ef6b5569,d55e49207d2d4220f4891c67e5075e55e055c7bcf7b2d761174f21ae9ed6b080,15.100000381469727,2026-10-06,OWNERSHIP_BASIS_UNVERIFIED,35645052.98342541,35646204.4198895,35645053.0,4.649900464670509e-08,0.0032302840582865144,3.1429648620129313e-05,PRIMARY_CLASS,PROVIDER_METADATA_ONLY,UNREVIEWED,NOT_PROVEN_ADR,UNREVIEWED,REQUIRES_MORE_EVIDENCE,"Formula reconciles, but neither metadata nor canonical one-active-security count proves complete legal/economic common share perimeter. No official issuer deep dive in bounded sample; hold pending evidence.",2.107567542708466e-06,OK,OK,False,,False,False,35,,0.003230237557794169
MELI,1404,ADR Common Stock,ADR Common Stock,COMMON_OR_ORDINARY,https://www.sec.gov/Archives/edgar/data/1099590/000109959026000023/meli-20260630.htm,1,,50696802.0,50697171.0,50697301.0,1.0,1830.0,92775147660.0,11.843,7834000000.0,2026-08-06,2026-08-06,2026-06-30,0bfb48b846a6eda9649603ec43962e9473ddd61043fa4e9e26c262c22983e8a6,531c0119884dd228b427da7af7b8fe2aa19f7058c5cbf8d60a8e3d53cafce886,1857.989990234375,2026-10-06,OWNERSHIP_BASIS_UNVERIFIED,50696802.0,50698394.53551912,50696802.0,0.0,0.0031412938416242042,0.0003720117436820658,ADR_LABELLED,OFFICIAL_DIRECT_COMMON_PROVIDER_ADR_CONFLICT,UNREVIEWED,DIRECT_COMMON,REVIEW_SUPPORTED_CONDITIONAL_NEXT_CONTRACT,REQUIRES_OFFICIAL_IDENTITY_OVERRIDE,"Official June 2026 filing identifies direct ordinary/common listing, not ADS; accepted whole-common count reconciles. Generic issuer/security/effective-date identity override required.",0.0,OK,OK,True,,True,False,62,,0.0031412938416242042
MFA,1408,Domestic Common Stock Primary Class,Domestic Common Stock Primary Class,,,1,MFAN MFA-PC MFA-PB MFO MFAO,101087938.0,101087938.0,,1.0,9.06,915856718.0,0.516,1776088000.0,2026-08-05,2026-08-05,2026-06-30,7826866081321e15c8ee579525be363958cbf8a12a3f3a8a64f112e85eb9bc1c,8902df27f84da901bc5ae35fd32cdf745040d690b253d07d4c0983ce99839f02,7.28000020980835,2026-10-06,OWNERSHIP_BASIS_UNVERIFIED,101087937.96909492,101154680.79470198,101087938.0,3.0572477882628846e-08,0.06602451978738877,0.00034046173387802803,PRIMARY_CLASS,PROVIDER_METADATA_ONLY,UNREVIEWED,NOT_PROVEN_ADR,UNREVIEWED,REQUIRES_MORE_EVIDENCE,"Formula reconciles, but neither metadata nor canonical one-active-security count proves complete legal/economic common share perimeter. No official issuer deep dive in bounded sample; hold pending evidence.",4.631530892140745e-06,OK,OK,False,,False,False,63,,0.06602448919472703
MGY,1419,Domestic Common Stock Primary Class,Domestic Common Stock Primary Class,,,1,TPGE.U TPGE,236968592.0,184574000.0,184586000.0,1.0,24.75,5864972652.0,2.732,2146877000.0,2026-08-06,2026-08-06,2026-06-30,7560dd8d7f40554503403821bfe956ec27923a76ccc8e7cd845b1f769dd7333d,86a2b2804db14629b560addfdd886266b4f4fb275ae5c00b80fae704ebbcb683,23.940000534057617,2026-10-06,OWNERSHIP_BASIS_UNVERIFIED,236968592.0,236980523.7979798,236968592.0,0.0,0.005035181193879801,0.0001375542241128791,PRIMARY_CLASS,PROVIDER_METADATA_ONLY,UNREVIEWED,NOT_PROVEN_ADR,UNREVIEWED,REQUIRES_MORE_EVIDENCE,"Formula reconciles, but neither metadata nor canonical one-active-security count proves complete legal/economic common share perimeter. No official issuer deep dive in bounded sample; hold pending evidence.",0.0,OK,OK,False,,False,False,62,,0.005035181193879801
MHO,1421,Domestic Common Stock Primary Class,Domestic Common Stock Primary Class,,,1,MHO-PA,25283031.0,25667000.0,26193000.0,1.0,146.13,3694609320.0,1.145,3227420000.0,2026-07-31,2026-07-31,2026-06-30,3b8dd27bf7842ab6d081a3779b95c09130c27dd9821a0637ca2e3d9c20f0280f,43b9c6a7e6fbca61d48220dd336f9ad70223dedd1585bae41241513020ecf484,133.2899932861328,2026-10-06,OWNERSHIP_BASIS_UNVERIFIED,25283030.999794703,25288413.741189353,25283031.0,8.11994915750347e-10,0.02128993709138438,0.00024371789231025787,PRIMARY_CLASS,PROVIDER_METADATA_ONLY,UNREVIEWED,NOT_PROVEN_ADR,UNREVIEWED,REQUIRES_MORE_EVIDENCE,"Formula reconciles, but neither metadata nor canonical one-active-security count proves complete legal/economic common share perimeter. No official issuer deep dive in bounded sample; hold pending evidence.",3.3414168987278003e-06,OK,OK,False,,False,False,68,,0.02128993627921183
MIR,1424,Domestic Common Stock Primary Class,Domestic Common Stock Primary Class,,,1,GSAH.U GSAH,249037647.0,244565000.0,275067000.0,1.0,14.57,3628478517.0,1.987,1825800000.0,2026-07-29,2026-07-29,2026-06-30,6aa1fc20f514ea9ef671580e39a4ce16171d6c0c88f235c513fb437fafdb2356,fc3f0b65496063173e7f4860e81cade50ae4ff36d5e544039eda366a8d4a0e46,16.270000457763672,2026-10-06,OWNERSHIP_BASIS_UNVERIFIED,249037647.01441318,248995511.32463968,249037647.0,5.787548218449956e-09,0.01691940567164485,0.0003362454814326288,PRIMARY_CLASS,PROVIDER_METADATA_ONLY,UNREVIEWED,NOT_PROVEN_ADR,UNREVIEWED,REQUIRES_MORE_EVIDENCE,"Formula reconciles, but neither metadata nor canonical one-active-security count proves complete legal/economic common share perimeter. No official issuer deep dive in bounded sample; hold pending evidence.",2.094548945397179e-06,OK,OK,False,,False,False,70,,0.01691939988508473
MITT,1429,Domestic Common Stock Primary Class,Domestic Common Stock Primary Class,,,1,MITT-PB MITT-PC MITN MITT-PA MITP,31803475.0,31786000.0,31803000.0,1.0,6.32,200997962.0,0.368,546004000.0,2026-08-10,2026-08-10,2026-06-30,3d00d8a6fa6033993dc240f64c46837b5d36ba0583c3db66a9977214d8ca4086,6d7b888f77239bb3812b53c196903539858141e2276cb5e0f7253965caf221e4,5.670000076293945,2026-10-06,OWNERSHIP_BASIS_UNVERIFIED,31803475.0,31792637.97468354,31803475.0,0.0,0.034074972362163614,0.00012543864147518402,PRIMARY_CLASS,PROVIDER_METADATA_ONLY,UNREVIEWED,NOT_PROVEN_ADR,UNREVIEWED,REQUIRES_MORE_EVIDENCE,"Formula reconciles, but neither metadata nor canonical one-active-security count proves complete legal/economic common share perimeter. No official issuer deep dive in bounded sample; hold pending evidence.",2.7161610294257343e-06,OK,OK,False,,False,False,58,,0.034074972362163614
MLGO,1432,ADR Common Stock Primary Class,ADR Common Stock Primary Class,CLASS_A_OR_ORDINARY,https://www.sec.gov/Archives/edgar/data/1800392/000182912626002991/microalgoinc_20f.htm,1,VENAU VENA,12437461.0,12437461.0,,1.0,4.04,50247342.0,0.166,303438355.0,2026-08-28,2026-08-28,2026-06-30,683525503858a82aa8db8d87fc7279abd47d883269e665db025fdd41dbecd31f,dcb7cf51049ac71a220e61f955f4963ada6acc992380a8a18b5d72b7ccb65cdb,3.0899999141693115,2026-10-06,OWNERSHIP_BASIS_UNVERIFIED,12437460.89108911,12468011.616336634,12437461.0,8.75668204614044e-07,0.2456347442219009,0.0004067545449223109,ADR_LABELLED,OFFICIAL_DIRECT_COMMON_PROVIDER_ADR_CONFLICT,MULTI_CLASS_OR_LLC_PERIMETER_REVIEW,DIRECT_COMMON,UNREVIEWED,REQUIRES_MULTI_CLASS_CONTRACT,Official Nasdaq Class A ordinary shares contradict ADR label; Class B structure requires multi-class review.,9.442319925945242e-07,OK,OK,False,,True,False,40,,0.2456338664027502
MNTS,1448,Domestic Common Stock Primary Class,Domestic Common Stock Primary Class,,,1,SRACU SRAC,21963401.0,11887008.0,11887008.0,1.0,4.81,105643959.0,0.925,114260000.0,2026-08-11,2026-08-11,2026-06-30,61120c45d9cd5e3dd92d5c6b00db1c0aa7efb5e56d4dd9563218d98e43cdb35d,2dfb05c9831272f519a58bd716638a395443d178eb73b6ec2d93c71685ce0e4c,3.5999999046325684,2026-10-06,OWNERSHIP_BASIS_UNVERIFIED,21963401.03950104,21973076.923076924,21963401.0,1.7984937983328564e-07,0.04405457769713905,0.00040732539821464187,PRIMARY_CLASS,PROVIDER_METADATA_ONLY,UNREVIEWED,NOT_PROVEN_ADR,UNREVIEWED,REQUIRES_MORE_EVIDENCE,"Formula reconciles, but neither metadata nor canonical one-active-security count proves complete legal/economic common share perimeter. No official issuer deep dive in bounded sample; hold pending evidence.",1.1896145291068194e-06,OK,OK,False,,False,False,57,,0.044054757625766605
MP,1456,Domestic Common Stock Primary Class,Domestic Common Stock Primary Class,,,1,FVAC.U FVAC,178101588.0,178409085.0,178409085.0,1.0,47.49,8458044414.0,4.321,1957336000.0,2026-08-06,2026-08-06,2026-06-30,4430de9f63e36c4a3af6480fc415ce90a44012ef2169053a68edc032a19d130e,209392da07a1120b428182b1059f9e7dc91cc63857857ff35d30ea2f45929eec,48.529998779296875,2026-10-06,OWNERSHIP_BASIS_UNVERIFIED,178101587.99747315,178093258.7070962,178101588.0,1.41877620762898e-09,0.004676707530015811,0.00020208998352888585,PRIMARY_CLASS,PROVIDER_METADATA_ONLY,UNREVIEWED,NOT_PROVEN_ADR,UNREVIEWED,REQUIRES_MORE_EVIDENCE,"Formula reconciles, but neither metadata nor canonical one-active-security count proves complete legal/economic common share perimeter. No official issuer deep dive in bounded sample; hold pending evidence.",3.5343583837388337e-06,OK,OK,False,,False,False,62,,0.0046767089487254054
MREO,1464,Domestic Common Stock,Domestic Common Stock,ADS,https://www.sec.gov/Archives/edgar/data/1719714/000119312526343533/mreo-20260630.htm,1,,798454864.0,803562708.0,803562708.0,0.2,0.305,48785592.0,1.703,28652000.0,2026-08-11,2026-08-11,2026-06-30,6adf70b28d2b4759b1dd628f7c3156e277a367ca52246e22ebd8f0284414571e,8169fc81e85775647aef94195ba9ffe7afa0f945923a3c9acf452a47a57d1672,0.3499999940395355,2026-10-06,OWNERSHIP_BASIS_UNVERIFIED,159952760.6557377,159981495.0819672,159690972.8,0.16366573147250651,0.017964320285379642,0.0003058774256596841,NONUNIT_FACTOR,OFFICIAL_ADS_PROVIDER_DOMESTIC_CONFLICT,UNREVIEWED,OFFICIAL_RATIO_VERIFIED,REVIEW_SUPPORTED_CONDITIONAL_NEXT_CONTRACT,REQUIRES_ADR_FACTOR_CONTRACT,"Official ADS 1:5 despite Domestic Common category; accepted cover ordinary total 798,454,864. Provider factor .2 is an ADS conversion, not evidence of ordinary-price identity.",0.16393466073958418,OWNERSHIP_BASIS_UNVERIFIED,OK,True,0.2,True,False,57,0.16366573147252872,0.18192780523107466
MSA,1470,Domestic Common Stock Primary Class,Domestic Common Stock Primary Class,,,1,MNES,38578289.0,38578289.0,,1.0,190.27,7340291048.0,5.237,1401657000.0,2026-07-31,2026-07-31,2026-06-30,d238b23b8f9f5d4d1ac8c0e327e58e9859822d049bc9d89a21710ec701c31cbe,04848a0cb2ea637215bb0622734a3353972a21bc3f12a59974e8eebe441b73d7,182.4499969482422,2026-10-06,OWNERSHIP_BASIS_UNVERIFIED,38578288.99984233,38579270.0320597,38578289.0,4.086952998250126e-10,0.00254296456063674,0.00013317166753346044,PRIMARY_CLASS,PROVIDER_METADATA_ONLY,UNREVIEWED,NOT_PROVEN_ADR,UNREVIEWED,REQUIRES_MORE_EVIDENCE,"Formula reconciles, but neither metadata nor canonical one-active-security count proves complete legal/economic common share perimeter. No official issuer deep dive in bounded sample; hold pending evidence.",2.245472718875874e-06,OK,OK,False,,False,False,68,,0.0025429641519414403
MSTR,1480,Domestic Common Stock Primary Class,Domestic Common Stock Primary Class,,https://www.sec.gov/Archives/edgar/data/1050446/000105044626000044/mstr-20260630.htm,1,STRC STRD STRF STRK,384225751.0,352534000.0,352534000.0,1.0,94.86,36447654740.0,1.18,30886088000.0,2026-08-03,2026-08-03,2026-06-30,5992c21478d6ad003ded2f85dbad06eff6b68f4f22d6d1244d0ef17b3fc9aca3,2d126766a10987cd3ee21a04ed5d3758bc2664e02ca45177e9727843ae62d706,164.5500030517578,2026-10-06,OWNERSHIP_BASIS_UNVERIFIED,384225751.0014759,384203919.88193125,384225751.0,3.8411496205981166e-10,0.00568184706197794,6.70496049872682e-05,PRIMARY_CLASS,PROVIDER_METADATA_ONLY,UNREVIEWED,NOT_PROVEN_ADR,POST_OBSERVATION_ACTION_OR_ISSUANCE_REVIEW,REQUIRES_NEWER_SHARE_COUNT,"A 364,585,501 + B 19,640,250 = provider total. Subsequent official October 5 report discloses 92,894 A-share sales October 1-4; refresh actual settled share count.",6.434235366725716e-07,OK,OK,False,,False,True,65,,0.005681846677885183
MVST,1499,Domestic Common Stock Primary Class,Domestic Common Stock Primary Class,,,1,THCBU THCB,384534486.0,348949000.0,348949000.0,1.0,0.875,336390768.0,0.619,543094000.0,2026-08-10,2026-08-10,2026-06-30,a095870113254ccb0527a0c46be0b4c3c5fa651734b7970373b44b82ba11b2dc,091b9a531f2c705d7bae2f47412ca8b9d729921e4b4d8acef00d86360bf0e929,0.6119999885559082,2026-10-06,OWNERSHIP_BASIS_UNVERIFIED,384446592.0,384200212.5714286,384534486.0,0.022862473443385767,0.06408677660261208,0.0003969515406172519,PRIMARY_CLASS,PROVIDER_METADATA_ONLY,UNREVIEWED,NOT_PROVEN_ADR,UNREVIEWED,REQUIRES_MORE_EVIDENCE,"Formula reconciles, but neither metadata nor canonical one-active-security count proves complete legal/economic common share perimeter. No official issuer deep dive in bounded sample; hold pending evidence.",0.0,OK,OK,False,,False,False,58,,0.08692937584053873
MWA,1500,Domestic Common Stock Primary Class,Domestic Common Stock Primary Class,,,1,MWA.B,156125679.0,156300000.0,157300000.0,1.0,27.09,4229444644.0,3.775,1120400000.0,2026-08-06,2026-08-06,2026-06-30,9f3755633593f171a5f083cd3d4b215c754394da897d77ba5c7156c62936a97d,6796fa837555a95dcd20efd66d2e6346ff9a8e76f3f24b1bd1564f0a911953d1,21.959999084472656,2026-10-06,OWNERSHIP_BASIS_UNVERIFIED,156125678.99593946,156128091.5466962,156125679.0,2.6008084574868917e-09,0.0015452619788414168,5.833273830768704e-05,PRIMARY_CLASS,PROVIDER_METADATA_ONLY,UNREVIEWED,NOT_PROVEN_ADR,UNREVIEWED,REQUIRES_MORE_EVIDENCE,"Formula reconciles, but neither metadata nor canonical one-active-security count proves complete legal/economic common share perimeter. No official issuer deep dive in bounded sample; hold pending evidence.",5.632627919638367e-07,OK,OK,False,,False,False,62,,0.0015452593779885504
MYSE,1507,Domestic Common Stock Primary Class,Domestic Common Stock Primary Class,,,1,DATS,5196430.0,4980683.0,4980683.0,1.0,2.66,13822504.0,3.16,4373657.0,2026-08-14,2026-08-14,2026-06-30,fd4e8a512efa7a7b5ec56bba977fdf685934b2f31ffbed8f6864e69b592fed37,e141a47a5e78d13c43146317556f680f68e8f66a0fd6732cd96bab0da8a39f6c,1.6399999856948853,2026-10-06,OWNERSHIP_BASIS_UNVERIFIED,5196430.07518797,5195772.977443609,5196430.0,1.4469158426955175e-06,0.012645176300896122,0.00039963810605181393,PRIMARY_CLASS,PROVIDER_METADATA_ONLY,UNREVIEWED,NOT_PROVEN_ADR,UNREVIEWED,REQUIRES_MORE_EVIDENCE,"Formula reconciles, but neither metadata nor canonical one-active-security count proves complete legal/economic common share perimeter. No official issuer deep dive in bounded sample; hold pending evidence.",3.2267176042211076e-06,OK,OK,False,,False,False,54,,0.012643729568007078
NBR,1516,Domestic Common Stock Primary Class,Domestic Common Stock Primary Class,,,1,NBR-PA NBBRF,14800044.0,14273000.0,14273000.0,1.0,85.67,1267919769.0,2.33,544128000.0,2026-07-31,2026-07-31,2026-06-30,c7bb5a88d4866817da6c39af98c5a68a8c2425d84531f7c95c8e246bf345ccbf,b2b62ae155fd8a475d087ae3b18725597ddd3c6cf5e820f0fde580abe3d27c38,81.22000122070312,2026-10-06,OWNERSHIP_BASIS_UNVERIFIED,14800043.994397106,14798858.877086494,14800044.0,3.785727287208829e-08,0.008007525592901299,0.00018659028757950225,PRIMARY_CLASS,PROVIDER_METADATA_ONLY,UNREVIEWED,NOT_PROVEN_ADR,UNREVIEWED,REQUIRES_MORE_EVIDENCE,"Formula reconciles, but neither metadata nor canonical one-active-security count proves complete legal/economic common share perimeter. No official issuer deep dive in bounded sample; hold pending evidence.",2.137334764729104e-06,OK,OK,False,,False,False,68,,0.008007563447143262
NDRA,1521,Domestic Common Stock Primary Class,Domestic Common Stock Primary Class,,,1,,1499838.0,1324046.0,2475261.0,1.0,4.47,6704276.0,1.063,6309691.0,2026-08-14,2026-08-14,2026-06-30,dc32364de0c899fe65adb31b692962ae65236363b119bfb486767af8ecba52a8,c589dec2cb08c53fb0d7ceca1a813d07351bbf44241451c7b32f7894f01e1793,6.039999961853027,2026-10-06,OWNERSHIP_BASIS_UNVERIFIED,1499838.0313199107,1500492.5129753915,1499838.0,2.0882195306271e-06,0.04363682223105236,0.0004636570950937724,PRIMARY_CLASS,PROVIDER_METADATA_ONLY,UNREVIEWED,NOT_PROVEN_ADR,UNREVIEWED,REQUIRES_MORE_EVIDENCE,"Formula reconciles, but neither metadata nor canonical one-active-security count proves complete legal/economic common share perimeter. No official issuer deep dive in bounded sample; hold pending evidence.",4.693699096058879e-06,OK,OK,False,,False,False,54,,0.04363891136185405
NE,1523,Domestic Common Stock Primary Class,Domestic Common Stock Primary Class,,,1,NBLCF,159642218.0,159642218.0,,1.0,39.2,6257974946.0,1.396,4483942000.0,2026-07-28,2026-07-28,2026-06-30,a192b1c69b4152e8ad518b7c112557b6aedc4d16de0907b60bc36017064b1f1b,8a18812c3588ae76871c1801002842226dfa03c5a34bd26fecd76a7243b11371,41.45000076293945,2026-10-06,OWNERSHIP_BASIS_UNVERIFIED,159642218.01020408,159683240.61224487,159642218.0,6.391842610753429e-09,0.025696587376522473,0.0003586322035387113,PRIMARY_CLASS,PROVIDER_METADATA_ONLY,UNREVIEWED,NOT_PROVEN_ADR,UNREVIEWED,REQUIRES_MORE_EVIDENCE,"Formula reconciles, but neither metadata nor canonical one-active-security count proves complete legal/economic common share perimeter. No official issuer deep dive in bounded sample; hold pending evidence.",1.946274097441858e-06,OK,OK,False,,False,False,71,,0.025696593770008214
NEE,1524,Domestic Common Stock Primary Class,Domestic Common Stock Primary Class,,,1,NEE-PQ1 NEE-PW NYXGU NEE-PV NEE-PO NEE-PI NEE-PP1 NEE-PJ NEE-PC NEXRU NEE-PS NEE-PP NEEXU NXEGU NEE-PK NEEUU NEE-PT NEE-PU NEE-PR FPL NEE-PG NEE-PR1 NEE-PQ NEE-PH NEE-PN NXTOU,2085803189.0,2085803189.0,,1.0,89.78,187263410308.0,3.278,57126000000.0,2026-07-24,2026-07-24,2026-06-30,583fec007924832d53358ea4441ef12885106e4921abc9cfbd3d158018cc1929,63f3ed2a770a6be96c318e71358890a9909dafe7c23b6bcce9edce05cabf6967,77.87999725341797,2026-10-06,OWNERSHIP_BASIS_UNVERIFIED,2085803188.995322,2085754377.3668969,2085803189.0,2.2428725543477412e-10,0.0023401838046166468,7.671302034095717e-05,PRIMARY_CLASS,PROVIDER_METADATA_ONLY,UNREVIEWED,NOT_PROVEN_ADR,UNREVIEWED,REQUIRES_MORE_EVIDENCE,"Formula reconciles, but neither metadata nor canonical one-active-security count proves complete legal/economic common share perimeter. No official issuer deep dive in bounded sample; hold pending evidence.",1.35966041758806e-06,OK,OK,False,,False,False,75,,0.0023401840288928
NEGG,1525,ADR Common Stock,ADR Common Stock,COMMON_OR_ORDINARY,https://www.sec.gov/Archives/edgar/data/1474627/000121390026048633/ea0286017-20f_newegg.htm,1,DHRM LLIT,20974000.0,20974000.0,,1.0,17.68,370820320.0,2.167,171155000.0,2026-08-27,2026-08-27,2026-06-30,ab128ef99c0d8c26333b3ed9997c753b17997f92fcc21de3b35785d401e21a0d,6e2f3f58466d847246ca63a93d5a3369e877646271eb343d49e6a02ae435e97c,11.90999984741211,2026-10-06,OWNERSHIP_BASIS_UNVERIFIED,20974000.0,20978104.355203617,20974000.0,0.0,0.019568776597767013,0.0004239724226575703,OFFICIAL_IDENTITY_CONFLICT,OFFICIAL_DIRECT_COMMON_PROVIDER_ADR_CONFLICT,UNREVIEWED,DIRECT_COMMON,REVIEW_SUPPORTED_CONDITIONAL_NEXT_CONTRACT,REQUIRES_OFFICIAL_IDENTITY_OVERRIDE,Previously reviewed official issuer/security/temporal perimeter proves direct common listing; same-row factor 1 and remaining price/equity gates pass. Generic scoped identity override required.,1.7261073681495986e-06,OK,OK,True,,True,False,41,,0.019568776597767013
NI,1542,Domestic Common Stock Primary Class,Domestic Common Stock Primary Class,,,1,NIMC NI-PB,479560100.0,479700000.0,481200000.0,1.0,42.91,20577923891.0,2.149,9574600000.0,2026-08-05,2026-08-05,2026-06-30,9ea802740a43830215d5ac1ca85663a0e9a5f0088e1c1b175c4b35814db870c3,c04b2bc6a146c1875bd733c78ed651aea47db29751be59dff2bc6c7f13a831b7,40.66999816894531,2026-10-06,OWNERSHIP_BASIS_UNVERIFIED,479560100.00000006,479510962.47960854,479560100.0,1.1102230246251565e-14,0.010246373789546404,0.00022021713700848267,PRIMARY_CLASS,PROVIDER_METADATA_ONLY,UNREVIEWED,NOT_PROVEN_ADR,UNREVIEWED,REQUIRES_MORE_EVIDENCE,"Formula reconciles, but neither metadata nor canonical one-active-security count proves complete legal/economic common share perimeter. No official issuer deep dive in bounded sample; hold pending evidence.",3.5559982736188545e-07,OK,OK,False,,False,False,63,,0.010246373789535301
NIXX,1543,Domestic Common Stock Primary Class,Domestic Common Stock Primary Class,,,1,TRLI RCRT,28908839.0,28019664.0,28019664.0,1.0,0.623,18010207.0,2.178,8268000.0,2026-08-12,2026-08-12,2026-06-30,23aa7c6c2c08231ee71b52d735c3259bd054c79f57b8cb9ae347bbe03a25324f,e7f42ea7a3508b0a8b0ef38592f0ebef26e90941bc8eb06d791ce99330721a5b,0.31209999322891235,2026-10-06,OWNERSHIP_BASIS_UNVERIFIED,28908839.48635634,28904821.82985554,28908839.0,1.6823793358433647e-06,0.013897674801843785,0.000302733430091795,PRIMARY_CLASS,PROVIDER_METADATA_ONLY,UNREVIEWED,NOT_PROVEN_ADR,UNREVIEWED,REQUIRES_MORE_EVIDENCE,"Formula reconciles, but neither metadata nor canonical one-active-security count proves complete legal/economic common share perimeter. No official issuer deep dive in bounded sample; hold pending evidence.",4.133098974179461e-06,OK,OK,False,,False,False,56,,0.013895992656298706
NN,1551,Domestic Common Stock Primary Class,Domestic Common Stock Primary Class,,,1,TMTSU1 TMTSU TMTS,168809910.0,141629000.0,141629000.0,1.0,17.83,3009880695.0,8.998,334500000.0,2026-08-11,2026-08-11,2026-06-30,cc7ccaa49fe6fb0e4fa668f2acd5db40e8cdac3c200d1a612275f0dc61d00e79,b2646f88e4867539ed6c57ff81bbf5a7b7fef942410e5d042984f275f0c7e649,13.270000457763672,2026-10-06,OWNERSHIP_BASIS_UNVERIFIED,168809909.98317444,168807122.8266966,168809910.0,9.967160430335298e-09,0.0016510621195897635,0.00014856502242288627,PRIMARY_CLASS,PROVIDER_METADATA_ONLY,UNREVIEWED,NOT_PROVEN_ADR,UNREVIEWED,REQUIRES_MORE_EVIDENCE,"Formula reconciles, but neither metadata nor canonical one-active-security count proves complete legal/economic common share perimeter. No official issuer deep dive in bounded sample; hold pending evidence.",4.27896484911372e-07,OK,OK,False,,False,False,57,,0.0016510720865836603
NNN,1555,Domestic Common Stock Primary Class,Domestic Common Stock Primary Class,,,1,NNN-PD NNN-PE NNN-PF,191931400.0,189078464.0,189620010.0,1.0,47.36,9089871104.0,2.038,4460736000.0,2026-08-05,2026-08-05,2026-06-30,1330b8debc6bbad9b2456073f483bd273cf2eb20a30be09303a1394b44a64711,9377e64b2c8f394823975bce044d6193dc044f15fec87c86b7549af1a6ca6f3d,40.5099983215332,2026-10-06,OWNERSHIP_BASIS_UNVERIFIED,191931400.0,191954813.5135135,191931400.0,0.0,0.012198896852466667,0.0002485831934460059,PRIMARY_CLASS,PROVIDER_METADATA_ONLY,UNREVIEWED,NOT_PROVEN_ADR,UNREVIEWED,REQUIRES_MORE_EVIDENCE,"Formula reconciles, but neither metadata nor canonical one-active-security count proves complete legal/economic common share perimeter. No official issuer deep dive in bounded sample; hold pending evidence.",1.2887490852264705e-06,OK,OK,False,,False,False,63,,0.012198896852466667
NOVT,1560,Domestic Common Stock Primary Class,Domestic Common Stock Primary Class,,,1,NOVTU GSLI LASR GSIG GSIGQ,37817770.0,41009000.0,41164000.0,1.0,153.12,5790656942.0,3.582,1616458000.0,2026-08-05,2026-08-05,2026-07-03,573def01bac15d7075a2e061cfe617742f8efc3549449f36d816c7767932f8e3,c44c9d17ec5ad5925ce7bea83e1c45fb8ccd2983d3f41e916c4c597e7fd21e70,149.10000610351562,2026-10-06,OWNERSHIP_BASIS_UNVERIFIED,37817769.99738767,37814475.940438874,37817770.0,6.907674432454769e-09,0.008710341590800752,0.0003120316148024216,PRIMARY_CLASS,PROVIDER_METADATA_ONLY,UNREVIEWED,NOT_PROVEN_ADR,UNREVIEWED,REQUIRES_MORE_EVIDENCE,"Formula reconciles, but neither metadata nor canonical one-active-security count proves complete legal/economic common share perimeter. No official issuer deep dive in bounded sample; hold pending evidence.",3.1888796381274176e-06,OK,OK,False,,False,False,63,,0.008710348497875664
NPWR,1565,Domestic Common Stock Primary Class,Domestic Common Stock Primary Class,,,1,RONI RONI.U,224858561.0,88405000.0,88405000.0,1.0,1.62,364270869.0,4.361,83527000.0,2026-08-13,2026-08-13,2026-06-30,e9f5badbc48686c634e71c390c241451db307d786264f29929e79ce257a2679e,861a1affd1c53c8c90d7e6b7157898fae0b0dcd55488e4a5939dc906346572f2,1.309999942779541,2026-10-06,OWNERSHIP_BASIS_UNVERIFIED,224858561.1111111,224852621.60493827,224858561.0,4.941377307332573e-08,0.002641440976713927,0.00011519628383638292,PRIMARY_CLASS,PROVIDER_METADATA_ONLY,UNREVIEWED,NOT_PROVEN_ADR,UNREVIEWED,REQUIRES_MORE_EVIDENCE,"Formula reconciles, but neither metadata nor canonical one-active-security count proves complete legal/economic common share perimeter. No official issuer deep dive in bounded sample; hold pending evidence.",2.9434392700977696e-07,OK,OK,False,,False,False,55,,0.0026413915642398145
NRDY,1567,Domestic Common Stock Primary Class,Domestic Common Stock Primary Class,,,1,PACE.U PACE,12773992.0,8425000.0,8425000.0,1.0,12.636,161412162.0,9.343,17276000.0,2026-08-06,2026-08-06,2026-06-30,58bbf8e97263deb7c8add7c00b8ec01a6b33dcb6d651ceadffc18f2108ff1408,b55d81f220d968782f6213db57985129705247f6059b2899d0de302554db4853,6.75,2026-10-06,OWNERSHIP_BASIS_UNVERIFIED,12773991.927825263,12773794.555239001,12773992.0,5.650131695844607e-07,0.0015451128149823745,0.00014436212086188505,PRIMARY_CLASS,PROVIDER_METADATA_ONLY,UNREVIEWED,NOT_PROVEN_ADR,INDEPENDENT_PRICE_BASIS_CONTRADICTION,MUST_REMAIN_HELD,Underlying raw-close/provider-price mismatch remains after ownership relaxation; no split cause inferred.,93.33649883167621,SHARE_BASIS_UNVERIFIED,SHARE_BASIS_UNVERIFIED,False,,False,False,62,,0.001545677819425606
NRGV,1569,Domestic Common Stock Primary Class,Domestic Common Stock Primary Class,,,1,NXU.U NXU,181839570.0,178103000.0,178394000.0,1.0,3.58,650985661.0,94.51,6888000.0,2026-08-11,2026-08-11,2026-06-30,7685e860ad2ce102e326f2399bd343f87fb40eb715bca4152c535495c101dc32,6eba853f5fdb8ffef736faf1612c0fc23f71b42f5a7be7efc383e78394dee5ae,3.880000114440918,2026-10-06,OWNERSHIP_BASIS_UNVERIFIED,181839570.11173183,181839351.95530725,181839570.0,6.144528219564904e-08,0.00011997192055357431,0.00011338559814078053,PRIMARY_CLASS,PROVIDER_METADATA_ONLY,UNREVIEWED,NOT_PROVEN_ADR,UNREVIEWED,REQUIRES_MORE_EVIDENCE,"Formula reconciles, but neither metadata nor canonical one-active-security count proves complete legal/economic common share perimeter. No official issuer deep dive in bounded sample; hold pending evidence.",2.131115794945515e-06,OK,OK,False,,False,False,57,,0.00011991047534909427
NUAI,1583,Domestic Common Stock Primary Class,Domestic Common Stock Primary Class,,,1,NEHC ROCLU ROCL,106559339.0,98171489.0,98171489.0,1.0,5.07,540255849.0,3.898,138584967.0,2026-08-14,2026-08-14,2026-06-30,0e58d715decaca75103b20803791a5435cfce5ec2121d28ba754d2938e08dba1,cb3df761a0b89f375c8a6972c0419da24f5a868472b7e8a73a11d435d6ef1bf3,5.860000133514404,2026-10-06,OWNERSHIP_BASIS_UNVERIFIED,106559339.05325443,106549152.14319527,106559339.0,4.997631197767305e-08,0.009559847264128951,0.00037267847384914177,PRIMARY_CLASS,PROVIDER_METADATA_ONLY,UNREVIEWED,NOT_PROVEN_ADR,UNREVIEWED,REQUIRES_MORE_EVIDENCE,"Formula reconciles, but neither metadata nor canonical one-active-security count proves complete legal/economic common share perimeter. No official issuer deep dive in bounded sample; hold pending evidence.",3.38582597514403e-06,OK,OK,False,,False,False,54,,0.009559797292590932
NUVB,1587,Domestic Common Stock Primary Class,Domestic Common Stock Primary Class,,,1,PANA.U PANA,351123233.0,348770000.0,348770000.0,1.0,6.11,2145362954.0,8.451,253864000.0,2026-08-06,2026-08-06,2026-06-30,5c3703ab0109eb67a038f762b9521a4274a729e8a69a02788df3b7b6fa253b01,53d757c17302f143319e5ec36522738afe0171d169dd5a354286e504cd382c36,4.880000114440918,2026-10-06,OWNERSHIP_BASIS_UNVERIFIED,351123233.0605565,351130059.5744681,351123233.0,1.724650422474383e-08,0.0019441931689012648,0.00016430057038441248,PRIMARY_CLASS,PROVIDER_METADATA_ONLY,UNREVIEWED,NOT_PROVEN_ADR,UNREVIEWED,REQUIRES_MORE_EVIDENCE,"Formula reconciles, but neither metadata nor canonical one-active-security count proves complete legal/economic common share perimeter. No official issuer deep dive in bounded sample; hold pending evidence.",2.185178460401005e-06,OK,OK,False,,False,False,62,,0.0019442104157496587
NVTS,1596,Domestic Common Stock Primary Class,Domestic Common Stock Primary Class,,,1,LOKB LOKB.U,261093488.0,240643000.0,240643000.0,1.0,11.41,2979076698.0,3.717,801412000.0,2026-07-27,2026-07-27,2026-06-30,a418c28e23e6e7396a9638b7d94c8b07107e5414d9577f7c3f897a7679bf1282,82fa884aaca525ea717a22d55ea66bafd3aaeb6411a35deca37fe6cab3de8642,11.970000267028809,2026-10-06,OWNERSHIP_BASIS_UNVERIFIED,261093487.99298862,261073479.7546012,261093488.0,2.685385247502836e-09,0.007663246809108681,0.0002848647137803084,PRIMARY_CLASS,PROVIDER_METADATA_ONLY,UNREVIEWED,NOT_PROVEN_ADR,UNREVIEWED,REQUIRES_MORE_EVIDENCE,"Formula reconciles, but neither metadata nor canonical one-active-security count proves complete legal/economic common share perimeter. No official issuer deep dive in bounded sample; hold pending evidence.",1.3373171792174787e-06,OK,OK,False,,False,False,72,,0.007663249494294089
NXDT,1604,Domestic Common Stock Primary Class,Domestic Common Stock Primary Class,,,1,NHF NHF-PA HCF NXDT-PA,53106027.0,51753000.0,60440000.0,1.0,5.11,271371798.0,0.403,672998000.0,2026-08-14,2026-08-14,2026-06-30,ab363c8d6e885a5ba81a1343645068206f417a33f50745b5c4f43701e0e36442,726ff75ca7d4edabbdffa578bc3d297144731338ad807f6884213a0a8266dd93,5.179999828338623,2026-10-06,OWNERSHIP_BASIS_UNVERIFIED,53106027.00587084,53075967.5146771,53106027.0,1.105494584763278e-08,0.056602786705206576,0.0002282384197277998,PRIMARY_CLASS,PROVIDER_METADATA_ONLY,UNREVIEWED,NOT_PROVEN_ADR,UNREVIEWED,REQUIRES_MORE_EVIDENCE,"Formula reconciles, but neither metadata nor canonical one-active-security count proves complete legal/economic common share perimeter. No official issuer deep dive in bounded sample; hold pending evidence.",2.6128063490560294e-06,OK,OK,False,,False,False,54,,0.056602775656522386
O,1611,Domestic Common Stock Primary Class,Domestic Common Stock Primary Class,COMMON_OR_ORDINARY,https://www.sec.gov/Archives/edgar/data/726728/000072672826000048/o-20260630.htm,1,O-PF O-P,946218033.0,932307000.0,934662000.0,1.0,62.36,59006156538.0,1.492,39549557000.0,2026-08-06,2026-08-06,2026-06-30,5720befc6bb9d8554b875fe581322277dd51586d97d21d3777cd0ef7b855e10b,52818523964ef5e25d72dc30e6bfa70d09e0dbb8ffda3d1f02c97221a39b275b,54.25,2026-10-06,OWNERSHIP_BASIS_UNVERIFIED,946218033.0019243,946246617.126363,946218033.0,2.0335955142058992e-10,0.0030208813869281315,4.507018877597524e-05,PRIMARY_CLASS,PROVIDER_METADATA_ONLY,ONE_COMMON_CLASS_COUNT_RECONCILED,DIRECT_COMMON,REVIEW_SUPPORTED_CONDITIONAL_NEXT_CONTRACT,SAFE_TO_RELEASE_UNDER_GENERIC_CONTRACT,"Official latest accepted filing cover common/ordinary count matches sharesbas; provider price times independently reported count reconciles marketcap. Carry-forward is a dated reporting approximation, not independently observed current shares.",9.787549215545255e-07,OK,OK,True,,False,True,62,,0.003020881590298785
OABI,1612,Domestic Common Stock Primary Class,Domestic Common Stock Primary Class,,,1,AHPAU,145390398.0,128795000.0,128795000.0,1.0,2.24,325674492.0,1.251,260274000.0,2026-08-06,2026-08-06,2026-06-30,f9a21a350d8ad7122fb760b09a7c7cd9eb9033c4b60bea5b44a271b23a5d14dc,e1cbcc653eb72e972c4c1ae79eaa4a928cd558a338b93ca9f01555bb83b05c8d,4.349999904632568,2026-10-06,OWNERSHIP_BASIS_UNVERIFIED,145390398.2142857,145358381.25,145390398.0,1.4738641418432508e-07,0.0220213746429887,0.0002755480762581808,PRIMARY_CLASS,PROVIDER_METADATA_ONLY,UNREVIEWED,NOT_PROVEN_ADR,UNREVIEWED,REQUIRES_MORE_EVIDENCE,"Formula reconciles, but neither metadata nor canonical one-active-security count proves complete legal/economic common share perimeter. No official issuer deep dive in bounded sample; hold pending evidence.",4.257474595092958e-07,OK,OK,False,,False,False,62,,0.022021227289026335
ONC,1642,Domestic Common Stock,Domestic Common Stock,ADS,https://www.sec.gov/Archives/edgar/data/1651308/000162828026052878/bgne-20260630.htm,1,BGNE,1478124405.0,1450485552.0,1505361900.0,0.077,327.53,37229603642.0,7.196,5173998000.0,2026-08-05,2026-08-05,2026-06-30,bede12102738f69fee74e14251d83905cbe7ccc4e26496daf7a37058959337e5,fc591cedf90954a9707cf0124e52f95b6e42cf75eb064c6fd3e27d7435660e48,362.7799987792969,2026-10-06,OWNERSHIP_BASIS_UNVERIFIED,113667766.745031,113675356.78563796,113815579.185,0.13003901123576078,0.0066773904549233265,0.0004804729340825986,NONUNIT_FACTOR,OFFICIAL_ADS_PROVIDER_DOMESTIC_CONFLICT,UNREVIEWED,OFFICIAL_RATIO_VERIFIED,REVIEW_SUPPORTED_CONDITIONAL_NEXT_CONTRACT,REQUIRES_ADR_FACTOR_CONTRACT,"Official July 31 ordinary total 1,478,124,405 matches provider; ADS 1:13. Deposited and RMB ordinary shares are subsets of total. Exact factor 1/13 replaces rounded 0.077 only under reviewed unit contract.",3.726996267161553e-07,OWNERSHIP_BASIS_UNVERIFIED,OK,True,0.07692307692307693,True,False,63,0.03000900223353309,0.12320141088428826
OPAD,1650,Domestic Common Stock Primary Class,Domestic Common Stock Primary Class,,,1,SPNV.U SPNV,4832749.0,4795000.0,4795000.0,1.0,3.65,17639534.0,0.473,37306000.0,2026-08-03,2026-08-03,2026-06-30,07173eb8efa2d00a8984d1d0edc61a270134d84ad5d79d4bc99d79c511b7e800,43ce9e19f3cb04d60e10462742be0de3316f652674b7f8068e1b8d4c5e44c972,3.069999933242798,2026-10-06,OWNERSHIP_BASIS_UNVERIFIED,4832749.04109589,4834448.767123288,4832749.0,8.503625914535462e-07,0.035170997147671024,0.0001663003270251373,PRIMARY_CLASS,PROVIDER_METADATA_ONLY,UNREVIEWED,NOT_PROVEN_ADR,UNREVIEWED,REQUIRES_MORE_EVIDENCE,"Formula reconciles, but neither metadata nor canonical one-active-security count proves complete legal/economic common share perimeter. No official issuer deep dive in bounded sample; hold pending evidence.",2.6128063490560294e-06,OK,OK,False,,False,False,65,,0.03517184780934546
OPEN,1652,Domestic Common Stock Primary Class,Domestic Common Stock Primary Class,,,1,IPOB.U IPOB,971091050.0,965780000.0,965780000.0,1.0,4.12,4000895126.0,4.377,914000000.0,2026-08-04,2026-08-04,2026-06-30,adb7bf7f9858682f99f4408bf515caf862c1b1e1fc4641c9ed41edc5979ad07d,ceafe37eadad3c03bf2432fc640237ad70a5a5aad33fffae21ba53b44c32602e,2.2699999809265137,2026-10-06,OWNERSHIP_BASIS_UNVERIFIED,971091050.0,971014077.6699029,971091050.0,0.0,0.007926376223643672,0.00034696498905972817,PRIMARY_CLASS,PROVIDER_METADATA_ONLY,UNREVIEWED,NOT_PROVEN_ADR,UNREVIEWED,REQUIRES_MORE_EVIDENCE,"Formula reconciles, but neither metadata nor canonical one-active-security count proves complete legal/economic common share perimeter. No official issuer deep dive in bounded sample; hold pending evidence.",2.777692187372338e-06,OK,OK,False,,False,False,64,,0.007926376223643672
OPTX,1655,Domestic Common Stock Primary Class,Domestic Common Stock Primary Class,,,1,OLITU OLIT,40279878.0,39191966.0,39191966.0,1.0,7.58,305321475.0,10.019,30475179.0,2026-08-10,2026-08-10,2026-06-30,3f49af0521406e4ee74de47a23e5067ec12e5adb0b6a4d1057d7c61adcbccf70,71b814dce7c350dba84a4bb0d376f43f37627381c1515dfdb1983214af051a0c,9.819999694824219,2026-10-06,OWNERSHIP_BASIS_UNVERIFIED,40279877.96833773,40281110.60699209,40279878.0,7.860567752260295e-08,0.0030601846791267207,0.00030659052076487114,PRIMARY_CLASS,PROVIDER_METADATA_ONLY,UNREVIEWED,NOT_PROVEN_ADR,UNREVIEWED,REQUIRES_MORE_EVIDENCE,"Formula reconciles, but neither metadata nor canonical one-active-security count proves complete legal/economic common share perimeter. No official issuer deep dive in bounded sample; hold pending evidence.",1.0065164257611059e-06,OK,OK,False,,False,False,58,,0.0030601060710511163
ORGO,1659,Domestic Common Stock Primary Class,Domestic Common Stock Primary Class,,,1,AHPAU AHPA,128674548.0,128674548.0,128674548.0,1.0,2.41,310105661.0,2.092,148268000.0,2026-08-06,2026-08-06,2026-06-30,899433782f7bd831a58e2482ecdd473dee55d5ad688dd671920fabe0b60b43be,dd6be0521dd6f0129cd0cdbc16ed0308e636326ddc54e543af93715216b3c5c8,1.340000033378601,2026-10-06,OWNERSHIP_BASIS_UNVERIFIED,128674548.13278008,128704006.63900414,128674548.0,1.0319063381558635e-07,0.02289380973281574,0.00047882887743844194,PRIMARY_CLASS,PROVIDER_METADATA_ONLY,UNREVIEWED,NOT_PROVEN_ADR,UNREVIEWED,REQUIRES_MORE_EVIDENCE,"Formula reconciles, but neither metadata nor canonical one-active-security count proves complete legal/economic common share perimeter. No official issuer deep dive in bounded sample; hold pending evidence.",3.5614393434357794e-06,OK,OK,False,,False,False,62,,0.022893912947052897
OUST,1673,Domestic Common Stock Primary Class,Domestic Common Stock Primary Class,,,1,CLA.U CLA,72112333.0,65990437.0,65990437.0,1.0,45.58,3286880138.0,8.852,371308000.0,2026-08-06,2026-08-06,2026-06-30,21646e6667b98e59976b69f01bd1ba123a89844beadfde45f4439f0d9ce214ca,966615447d64b7835e0f9683a5fae17153b9f3b39430a15b1eb5e7a3fd0e8648,44.90999984741211,2026-10-06,OWNERSHIP_BASIS_UNVERIFIED,72112332.99692848,72110978.85037297,72112333.0,4.2593484295139206e-09,0.0018778293521148903,0.00016622857573800331,PRIMARY_CLASS,PROVIDER_METADATA_ONLY,UNREVIEWED,NOT_PROVEN_ADR,UNREVIEWED,REQUIRES_MORE_EVIDENCE,"Formula reconciles, but neither metadata nor canonical one-active-security count proves complete legal/economic common share perimeter. No official issuer deep dive in bounded sample; hold pending evidence.",4.017232746456045e-06,OK,OK,False,,False,False,62,,0.0018778336113856042
OXY,1678,Domestic Common Stock Primary Class,Domestic Common Stock Primary Class,COMMON_OR_ORDINARY,https://www.sec.gov/Archives/edgar/data/797468/000162828026053388/oxy-20260630.htm,1,,999637371.0,999637371.0,,1.0,53.81,53790486934.0,1.289,41746000000.0,2026-08-05,2026-08-05,2026-06-30,882325c90bcf9783d81be4f3e412b3558a951d83a4735fc76b9a78b0935d9188,09bcc1464d4d9127c2cbaf682d06a75ebc62eb61bc2cd543fe1290f6104ad71e,58.33000183105469,2026-10-06,OWNERSHIP_BASIS_UNVERIFIED,999637371.009106,1000011038.8403642,999637371.0,9.109379917049409e-10,0.03738033832019205,0.00048165251760634575,PRIMARY_CLASS,PROVIDER_METADATA_ONLY,ONE_COMMON_CLASS_COUNT_RECONCILED,DIRECT_COMMON,REVIEW_SUPPORTED_CONDITIONAL_NEXT_CONTRACT,SAFE_TO_RELEASE_UNDER_GENERIC_CONTRACT,"Official latest accepted filing cover common/ordinary count matches sharesbas; provider price times independently reported count reconciles marketcap. Carry-forward is a dated reporting approximation, not independently observed current shares.",2.552111166842508e-06,OK,OK,True,,False,True,63,,0.03738033923146311
PACK,1681,Domestic Common Stock Primary Class,Domestic Common Stock Primary Class,,,1,OMAD.U OMAD,85758289.0,85632691.0,85632691.0,1.0,5.17,443370354.0,0.853,519900000.0,2026-07-30,2026-07-30,2026-06-30,b201f2b9e85b6367b9151fb386a9bacce4fe02197e0628db56495f33fedb49d8,b5d7a4964b4fd4ff8cd7689f4a558799109536b1c14b3c90507f3ff8f5107db7,3.9700000286102295,2026-10-06,OWNERSHIP_BASIS_UNVERIFIED,85758288.97485493,85778471.95357834,85758289.0,2.932085685358743e-08,0.02353472645579835,0.00020070398153493318,PRIMARY_CLASS,PROVIDER_METADATA_ONLY,UNREVIEWED,NOT_PROVEN_ADR,UNREVIEWED,REQUIRES_MORE_EVIDENCE,"Formula reconciles, but neither metadata nor canonical one-active-security count proves complete legal/economic common share perimeter. No official issuer deep dive in bounded sample; hold pending evidence.",1.4757049360270003e-06,OK,OK,False,,False,False,69,,0.02353469712803591
PAYO,1694,Domestic Common Stock Primary Class,Domestic Common Stock Primary Class,,,1,FTOC FTOCU,338850836.0,337465576.0,337465576.0,1.0,7.11,2409229444.0,3.686,653530000.0,2026-08-06,2026-08-06,2026-06-30,229b2ab4cb2f14607d9fcf83677d5a841605d375e8054d7303735cc080e09bfc,1abe263190221d59684edb50390b3c072384b280f94865194e5b2cfacc423e46,7.150000095367432,2026-10-06,OWNERSHIP_BASIS_UNVERIFIED,338850836.00562584,338806129.395218,338850836.0,1.660271919945444e-09,0.013193596018479248,0.0004863801202699136,PRIMARY_CLASS,PROVIDER_METADATA_ONLY,UNREVIEWED,NOT_PROVEN_ADR,UNREVIEWED,REQUIRES_MORE_EVIDENCE,"Formula reconciles, but neither metadata nor canonical one-active-security count proves complete legal/economic common share perimeter. No official issuer deep dive in bounded sample; hold pending evidence.",1.8778397281593584e-06,OK,OK,False,,False,False,62,,0.013193594358429372
PCG,1702,Domestic Common Stock Primary Class,Domestic Common Stock Primary Class,,https://www.sec.gov/Archives/edgar/data/1004980/000100498026000048/pcg-20260630.htm,1,PCG-PC PCG-PX PCG-PG PCG-PD PGEUU PCGU PCG-PB PCG-PH PCG-PI PCG-PE PCG-PA,2680110496.0,2202000000.0,2285000000.0,1.0,17.54,47009138100.0,1.387,33901000000.0,2026-07-23,2026-07-23,2026-06-30,149fc2fcb63198a9f25dabadfb8f4bb056047dd1cee509366d28f10584bbe9d5,fa280757add074ddfdbe158d4d5a758f1c3ca26910bc72a71419f16446f43384,12.5,2026-10-06,OWNERSHIP_BASIS_UNVERIFIED,2680110496.0091224,2680768928.1641965,2680110496.0,3.403721748895805e-10,0.024567351087001477,0.00034066546709543566,PRIMARY_CLASS,PROVIDER_METADATA_ONLY,UNREVIEWED,NOT_PROVEN_ADR,UNREVIEWED,REQUIRES_MORE_EVIDENCE,"Official parent cover total includes 477,743,590 parent shares held by its utility subsidiary. Resolve consolidated treasury/cross-holding perimeter before pricing the total.",5.219654197752277e-06,OK,OK,False,,False,True,76,,0.02456735142746247
PCT,1705,Domestic Common Stock Primary Class,Domestic Common Stock Primary Class,,,1,ROCH ROCHU PCTTU,200904810.0,184240000.0,184240000.0,1.0,6.87,1380216045.0,89.035,15502000.0,2026-08-06,2026-08-06,2026-06-30,51081df2ac032086e155229166a7097cb7130cd42b9f29ee92fcefb1533ef2d2,e1548d590d7105b60f0f85744cacba261d2663cba956e3b32ca8578439851596,4.005000114440918,2026-10-06,OWNERSHIP_BASIS_UNVERIFIED,200904810.04366812,200905468.70451236,200904810.0,2.173572433150639e-08,0.0003278472248124942,0.0002918978196362332,PRIMARY_CLASS,PROVIDER_METADATA_ONLY,UNREVIEWED,NOT_PROVEN_ADR,UNREVIEWED,REQUIRES_MORE_EVIDENCE,"Formula reconciles, but neither metadata nor canonical one-active-security count proves complete legal/economic common share perimeter. No official issuer deep dive in bounded sample; hold pending evidence.",1.665806670381187e-06,OK,OK,False,,False,False,62,,0.00032786896060343906
PDYN,1712,Domestic Common Stock Primary Class,Domestic Common Stock Primary Class,,,1,ROT STRC ROT.U,49338510.0,45986936.0,45986936.0,1.0,5.89,290603824.0,4.102,70843000.0,2026-08-06,2026-08-06,2026-06-30,8fc39e10cd8b3d7a3427c7a8dc3b3aa9780007e69ded8775fda6e3430a9f8d87,8f9047e4ae9ea8b10c97b2b491b0a49aa2cd7903fccd8dbbef21a634e123e5f3,5.360000133514404,2026-10-06,OWNERSHIP_BASIS_UNVERIFIED,49338510.01697793,49337518.84550085,49338510.0,3.441110729696106e-08,0.0020089205708395674,8.240757731847737e-05,PRIMARY_CLASS,PROVIDER_METADATA_ONLY,UNREVIEWED,NOT_PROVEN_ADR,UNREVIEWED,REQUIRES_MORE_EVIDENCE,"Formula reconciles, but neither metadata nor canonical one-active-security count proves complete legal/economic common share perimeter. No official issuer deep dive in bounded sample; hold pending evidence.",2.266798027061867e-06,OK,OK,False,,False,False,62,,0.002008886160431711
PEB,1713,Domestic Common Stock Primary Class,Domestic Common Stock Primary Class,,,1,PEB-PA PEB-PF PEB-PH PEB-PD PEB-PE PEB-PB PEB-PC PEB-PG,112842716.0,112741241.0,127105098.0,1.0,19.24,2171093856.0,0.898,2418368000.0,2026-07-29,2026-07-29,2026-06-30,59e6f3923e7e528f2560a244b7e9c7ea655d696169a3ab447bb1606ceba970ca,8f0333ae33ac67740ce2d23b72bdc1b96d688648236b1b0d91abe8d13cb63011,18.979999542236328,2026-10-06,OWNERSHIP_BASIS_UNVERIFIED,112842716.00831601,112873932.64033265,112842716.0,7.369560517389573e-09,0.027663843197767157,0.0002483526080397924,PRIMARY_CLASS,PROVIDER_METADATA_ONLY,UNREVIEWED,NOT_PROVEN_ADR,UNREVIEWED,REQUIRES_MORE_EVIDENCE,"Formula reconciles, but neither metadata nor canonical one-active-security count proves complete legal/economic common share perimeter. No official issuer deep dive in bounded sample; hold pending evidence.",1.1896145291068194e-06,OK,OK,False,,False,False,70,,0.027663850569359383
PEW,1724,Domestic Common Stock Primary Class,Domestic Common Stock Primary Class,,,1,CLBR.U CLBR.U2 CLBR,29513438.0,29314979.0,29314979.0,1.0,2.7,79686283.0,0.777,102564000.0,2026-08-13,2026-08-13,2026-06-30,399fed79a1522452881d36d7bf07f9bc7ec78945056f000c1ade6fd3b2bde51b,7e493b9820195f47790793ff9b5d2a72598ac97aa5954163c310deaca5f1a372,1.9700000286102295,2026-10-06,OWNERSHIP_BASIS_UNVERIFIED,29513438.148148146,29515639.999999996,29513438.0,5.019684445883854e-07,0.007460506094880692,5.7963807963856695e-05,PRIMARY_CLASS,PROVIDER_METADATA_ONLY,UNREVIEWED,NOT_PROVEN_ADR,UNREVIEWED,REQUIRES_MORE_EVIDENCE,"Formula reconciles, but neither metadata nor canonical one-active-security count proves complete legal/economic common share perimeter. No official issuer deep dive in bounded sample; hold pending evidence.",1.7660635398542013e-06,OK,OK,False,,False,False,55,,0.007461008100762001
PGY,1730,ADR Common Stock Primary Class,ADR Common Stock Primary Class,CLASS_A_OR_ORDINARY,https://www.sec.gov/Archives/edgar/data/1883085/000188308526000018/pgy-20251231.htm,1,EJFAU EJFA,83425843.0,83184935.0,97247579.0,1.0,17.64,1471631871.0,2.477,594153000.0,2026-07-30,2026-07-30,2026-06-30,2fb636f1e8a067f89b12c784fb3900cf1772b02fd259c95d3f956cb563523bc5,b13edd3a304c51be5bb04cb9b4b5706ca5d6688fe0485c42fd82dd253a3d866f,18.049999237060547,2026-10-06,OWNERSHIP_BASIS_UNVERIFIED,83425843.02721088,83430667.85714285,83425843.0,3.261684256017361e-08,0.005783375698587001,0.0001432459316035306,ADR_LABELLED,OFFICIAL_DIRECT_COMMON_PROVIDER_ADR_CONFLICT,MULTI_CLASS_OR_LLC_PERIMETER_REVIEW,DIRECT_COMMON,UNREVIEWED,REQUIRES_MULTI_CLASS_CONTRACT,Official Nasdaq Class A ordinary shares contradict ADR label; Class B unlisted and redeemable preferred require perimeter/rights review.,3.4600428744369083e-06,OK,OK,False,,True,False,69,,0.00578340831731694
PHIO,1734,Domestic Common Stock Primary Class,Domestic Common Stock Primary Class,,,1,RXII,11617250.0,11617250.0,11617250.0,1.0,1.06,12314285.0,0.977,12602000.0,2026-08-06,2026-08-06,2026-06-30,b2e625f76deb7ba7ceaf2273f5f5401b337d97c4781d39b10cf5737afe4fe829,60599367564a8995cde52902d5be969c5cc5e547ef67feb5509b0c9c701cad99,0.9940000176429749,2026-10-06,OWNERSHIP_BASIS_UNVERIFIED,11617250.0,11615239.62264151,11617250.0,0.0,0.017305105412124266,0.00016910014283444408,PRIMARY_CLASS,PROVIDER_METADATA_ONLY,UNREVIEWED,NOT_PROVEN_ADR,UNREVIEWED,REQUIRES_MORE_EVIDENCE,"Formula reconciles, but neither metadata nor canonical one-active-security count proves complete legal/economic common share perimeter. No official issuer deep dive in bounded sample; hold pending evidence.",5.398156510683094e-06,OK,OK,False,,False,False,62,,0.017305105412124266
PHUN,1737,Domestic Common Stock Primary Class,Domestic Common Stock Primary Class,,,1,STLRU STLR,20462675.0,20431227.0,20431227.0,1.0,2.04,41743857.0,0.472,88510000.0,2026-08-10,2026-08-10,2026-06-30,1570e2e93ecf2be010e71c22c5e7c773f34fd452ae95018634f97a2cc1981c76,b75c25ca4343c26d9e215fd5307d267edb362077130c5616b430800883b044e1,2.0399999618530273,2026-10-06,OWNERSHIP_BASIS_UNVERIFIED,20462675.0,20478784.31372549,20462675.0,0.0,0.07872535592483576,0.00037129137950508984,PRIMARY_CLASS,PROVIDER_METADATA_ONLY,UNREVIEWED,NOT_PROVEN_ADR,UNREVIEWED,REQUIRES_MORE_EVIDENCE,"Formula reconciles, but neither metadata nor canonical one-active-security count proves complete legal/economic common share perimeter. No official issuer deep dive in bounded sample; hold pending evidence.",1.8699496395768733e-06,OK,OK,False,,False,False,58,,0.07872535592483576
PL,1743,Domestic Common Stock Primary Class,Domestic Common Stock Primary Class,,,1,DMYQ.U DMYQ,363847989.0,359594052.0,359594052.0,1.0,18.35,6676610598.0,11.831,564351000.0,2026-09-03,2026-09-03,2026-07-31,94387b7750c8388ae1dce75171a395cc28f8275a60efb4e049993daabcc8dd63,0df0e87b4e58f8b88733d3251da3dcc49ea55e5ee939745ed39b16b87aa0cfd6,18.56999969482422,2026-10-06,OWNERSHIP_BASIS_UNVERIFIED,363847988.9918256,363860309.59128064,363847989.0,2.2466473126314668e-09,0.0033861941876267565,0.00040060706900391096,PRIMARY_CLASS,PROVIDER_METADATA_ONLY,UNREVIEWED,NOT_PROVEN_ADR,UNREVIEWED,REQUIRES_MORE_EVIDENCE,"Formula reconciles, but neither metadata nor canonical one-active-security count proves complete legal/economic common share perimeter. No official issuer deep dive in bounded sample; hold pending evidence.",2.078854088871651e-06,OK,OK,False,,False,False,34,,0.003386191940890626
PLBY,1746,Domestic Common Stock Primary Class,Domestic Common Stock Primary Class,,,1,MCACU1 MCACU MCAC,119807688.0,114695987.0,114695987.0,1.0,1.18,141373072.0,6.41,22055000.0,2026-08-10,2026-08-10,2026-06-30,4035276210a3e070c5429e481583e28698da1f3061def9949b0b34eecea8fbc7,1de742eee826407411ace6d8ee47d3f5e239611bf4371a2eacfd48ae08237b17,1.0399999618530273,2026-10-06,OWNERSHIP_BASIS_UNVERIFIED,119807688.13559322,119807245.76271187,119807688.0,1.1317572434776935e-07,0.00036923580467584927,2.3668102470786323e-05,PRIMARY_CLASS,PROVIDER_METADATA_ONLY,UNREVIEWED,NOT_PROVEN_ADR,UNREVIEWED,REQUIRES_MORE_EVIDENCE,"Formula reconciles, but neither metadata nor canonical one-active-security count proves complete legal/economic common share perimeter. No official issuer deep dive in bounded sample; hold pending evidence.",4.445092149918395e-06,OK,OK,False,,False,False,58,,0.00036912262937338625
PMT,1759,Domestic Common Stock Primary Class,Domestic Common Stock Primary Class,,,1,PMTV PMTW PMT-PB PMT-PA PMTU PMT-PC,87202362.0,87202000.0,87290000.0,1.0,9.53,831038510.0,0.448,1853374000.0,2026-08-04,2026-08-04,2026-06-30,271a636ec5f3a4a12136d05b74e374cec1adf5bf7acf51c5afd74668dfe47763,b4cac99764f1acd9689eef92db66268c900bfbdf6ec9aa0011bba8832646212f,8.029999732971191,2026-10-06,OWNERSHIP_BASIS_UNVERIFIED,87202362.01469046,87126081.00734523,87202362.0,1.6846402051129417e-08,0.08747584994587276,0.00039223491858630943,PRIMARY_CLASS,PROVIDER_METADATA_ONLY,UNREVIEWED,NOT_PROVEN_ADR,UNREVIEWED,REQUIRES_MORE_EVIDENCE,"Formula reconciles, but neither metadata nor canonical one-active-security count proves complete legal/economic common share perimeter. No official issuer deep dive in bounded sample; hold pending evidence.",2.8019811915136472e-06,OK,OK,False,,False,False,64,,0.08747583311421447
PNR,1761,Domestic Common Stock Primary Class,Domestic Common Stock Primary Class,COMMON_OR_ORDINARY,https://www.sec.gov/Archives/edgar/data/77360/000007736026000045/pnr-20260630.htm,1,,159637950.0,160800000.0,161600000.0,1.0,66.77,10659025922.0,2.843,3749300000.0,2026-07-28,2026-07-28,2026-06-30,b9dae37b49eea59e807d1109c32665596fcfa02620434aee81ea5d3d7aa7fa90,656f176dde77b33e447b741b0048eb1cb468e927628a0f5bc8fd5d1c4a5d1bce,52.939998626708984,2026-10-06,OWNERSHIP_BASIS_UNVERIFIED,159637950.0074884,159641454.24591884,159637950.0,4.690869914725226e-09,0.0021951161552014042,6.240578241278882e-05,PRIMARY_CLASS,PROVIDER_METADATA_ONLY,ONE_COMMON_CLASS_COUNT_RECONCILED,DIRECT_COMMON,REVIEW_SUPPORTED_CONDITIONAL_NEXT_CONTRACT,SAFE_TO_RELEASE_UNDER_GENERIC_CONTRACT,"Official latest accepted filing cover common/ordinary count matches sharesbas; provider price times independently reported count reconciles marketcap. Carry-forward is a dated reporting approximation, not independently observed current shares.",5.0276075969080125e-06,OK,OK,True,,False,True,71,,0.002195120846160137
POWW,1771,Domestic Common Stock Primary Class,Domestic Common Stock Primary Class,,,1,POWWP RTRO,116015357.0,116490584.0,124029987.0,1.0,2.56,296999314.0,1.259,235954979.0,2026-08-10,2026-08-10,2026-06-30,9b9aaf121c4e5a54addaeb8294041dbe69f8eee74143732e1979c13dca625b96,626bbfc69f5f039251c80dab1ca656212ee1deaa9a6d0c0e0fe9abc8a8b2987e,2.1600000858306885,2026-10-06,OWNERSHIP_BASIS_UNVERIFIED,116015357.03125,116041921.31289062,116015357.0,2.6936086694462347e-08,0.022897211473016377,0.00028820990041489303,PRIMARY_CLASS,PROVIDER_METADATA_ONLY,UNREVIEWED,NOT_PROVEN_ADR,UNREVIEWED,REQUIRES_MORE_EVIDENCE,"Formula reconciles, but neither metadata nor canonical one-active-security count proves complete legal/economic common share perimeter. No official issuer deep dive in bounded sample; hold pending evidence.",2.2351741790771484e-06,OK,OK,False,,False,False,58,,0.02289723841526481
PPC,1772,Domestic Common Stock Primary Class,Domestic Common Stock Primary Class,,,1,PGPDQ CHX.A,238108524.0,237928000.0,238843000.0,1.0,29.95,7131350294.0,1.902,3749847000.0,2026-07-29,2026-07-29,2026-06-28,cea2d25fe3bcaf9d8dd20acc86b007fb918086107a35c676c24b9caa5fe63ec5,eb9909e5b715e7ca2f6bae3ad725a50d431b2d5f66be574f274ae9b15761ceab,27.889999389648438,2026-10-06,OWNERSHIP_BASIS_UNVERIFIED,238108524.0066778,238137195.12520868,238108524.0,2.8045232802753617e-09,0.01204119787414637,0.00022899600970371914,PRIMARY_CLASS,PROVIDER_METADATA_ONLY,UNREVIEWED,NOT_PROVEN_ADR,UNREVIEWED,REQUIRES_MORE_EVIDENCE,"Formula reconciles, but neither metadata nor canonical one-active-security count proves complete legal/economic common share perimeter. No official issuer deep dive in bounded sample; hold pending evidence.",2.547377131456585e-06,OK,OK,False,,False,False,70,,0.01204120067901382
PPL,1775,Domestic Common Stock Primary Class,Domestic Common Stock Primary Class,,,1,PPLC,752544841.0,752358000.0,757225000.0,1.0,35.46,26685240062.0,1.774,15045000000.0,2026-08-07,2026-08-07,2026-06-30,d139107ff4aa55abb2061792a737a0abc6c26047ef58b11c85d68ae8828a203e,01178a0a388e8169d74cbe2124bef48c168080d2c08bb898e532e30f3769b4a4,33.70000076293945,2026-10-06,OWNERSHIP_BASIS_UNVERIFIED,752544841.0039481,752674280.8798646,752544841.0,5.246358902866177e-10,0.017200287459795405,0.0003050806247923976,PRIMARY_CLASS,PROVIDER_METADATA_ONLY,UNREVIEWED,NOT_PROVEN_ADR,UNREVIEWED,REQUIRES_MORE_EVIDENCE,"Formula reconciles, but neither metadata nor canonical one-active-security count proves complete legal/economic common share perimeter. No official issuer deep dive in bounded sample; hold pending evidence.",2.5818594040494247e-06,OK,OK,False,,False,False,61,,0.01720028798450901
PR,1778,Domestic Common Stock Primary Class,Domestic Common Stock Primary Class,,,1,CDEV SRAQ SRAQU,837557029.0,837557029.0,,1.0,20.28,16985656548.0,1.415,12005077000.0,2026-08-06,2026-08-06,2026-06-30,9196ae4317efc8a4e248875c5cf97db50b425273326be697382feacbd53e2ed0,9f3f63ff8279979b1016b38994740fc9d1875549e58282b6885bde9db176d213,22.350000381469727,2026-10-06,OWNERSHIP_BASIS_UNVERIFIED,837557028.9940828,837632344.9211044,837557029.0,7.064793194899721e-10,0.00899233418314438,0.00012723008773707356,PRIMARY_CLASS,PROVIDER_METADATA_ONLY,UNREVIEWED,NOT_PROVEN_ADR,UNREVIEWED,REQUIRES_MORE_EVIDENCE,"Formula reconciles, but neither metadata nor canonical one-active-security count proves complete legal/economic common share perimeter. No official issuer deep dive in bounded sample; hold pending evidence.",3.38582597514403e-06,OK,OK,False,,False,False,62,,0.008992333476598446
PRG,1782,Domestic Common Stock Primary Class,Domestic Common Stock Primary Class,,,1,AAN1 RNT RNT.A AAN.A AAN,39831633.0,40177000.0,40734000.0,1.0,42.78,1703997260.0,2.116,805340000.0,2026-07-29,2026-07-29,2026-06-30,eed86ddfaa37f89640b6010155898678ecc43a56e854701c30a3b4c346f5c6be,fbbb32eaec42f9b398b2b30712d339ec80e5e34b293591fd0b64c89b5a094851,31.280000686645508,2026-10-06,OWNERSHIP_BASIS_UNVERIFIED,39831633.0060776,39834021.50537635,39831633.0,1.525822801440313e-08,0.005996488515491727,0.0001268780887575538,PRIMARY_CLASS,PROVIDER_METADATA_ONLY,UNREVIEWED,NOT_PROVEN_ADR,UNREVIEWED,REQUIRES_MORE_EVIDENCE,"Formula reconciles, but neither metadata nor canonical one-active-security count proves complete legal/economic common share perimeter. No official issuer deep dive in bounded sample; hold pending evidence.",2.85344349260086e-06,OK,OK,False,,False,False,70,,0.005996503774641226
PSA,1801,Domestic Common Stock Primary Class,Domestic Common Stock Primary Class,COMMON_OR_ORDINARY,https://www.sec.gov/Archives/edgar/data/1393311/000162828026050612/psa-20260630.htm,1,PSA-PT1 PSA-PB PSA-PO PSA-PR PSA-PQ PSA-PS1 PSA-PT PSA-PY-CL PSA-PC PSA-PI PSA-PS PSA-PD PSA-PJ PSA-PR1 PSA-PW PSA-PN PSA-PU PSA-PF PSA-PH PSA-PM PSA-PL PSA-PQ1 PSA-PX PSA-PE PSA-PA PSA-PG PSA-PK PSA-PV PSA-PZ PSA-PP1 PSA-PO1 PSA-PP PSA-PU1,175621134.0,175561000.0,176512000.0,1.0,329.44,57856626385.0,6.295,9190280000.0,2026-07-29,2026-07-29,2026-06-30,fac99f88e1c96e2c810b633e4b626a13ef8588fed610c64d010549c6e566ce71,16ba6a381e1c71bc3ec78217c2a62ebee89e4dcfa9a35405bb493cf9012bf284,285.8500061035156,2026-10-06,OWNERSHIP_BASIS_UNVERIFIED,175621134.0001214,175609557.43079165,175621134.0,6.91335877434085e-11,0.00659178600325161,0.00041498028351671934,PRIMARY_CLASS,PROVIDER_METADATA_ONLY,ONE_COMMON_CLASS_COUNT_RECONCILED,DIRECT_COMMON,REVIEW_SUPPORTED_CONDITIONAL_NEXT_CONTRACT,SAFE_TO_RELEASE_UNDER_GENERIC_CONTRACT,"Official latest accepted filing cover common/ordinary count matches sharesbas; provider price times independently reported count reconciles marketcap. Carry-forward is a dated reporting approximation, not independently observed current shares.",7.410776659000362e-07,OK,OK,True,,False,True,70,,0.006591785934118022
PSKY,1803,Domestic Common Stock Primary Class,Domestic Common Stock Primary Class,,,1,VIACA PARA CBS VIA VIAC CBS.A PARAP VIACP PARAA,1121945779.0,1121945779.0,,1.0,8.38,9401905628.0,0.799,11771000000.0,2026-08-04,2026-08-04,2026-06-30,6bad0268d847e83a83015e057d75afc5d1d126783a5bb296896b42b0ab8bd43f,416387e27770ac74b08aac76285a0bbaa6f91bbb68dcd8a2b9b6df39ad0b2078,9.529999732971191,2026-10-06,OWNERSHIP_BASIS_UNVERIFIED,1121945778.9976132,1122318496.4200475,1121945779.0,2.127409359786725e-10,0.03322062700457096,0.00026534466060657014,PRIMARY_CLASS,PROVIDER_METADATA_ONLY,UNREVIEWED,NOT_PROVEN_ADR,UNREVIEWED,REQUIRES_MORE_EVIDENCE,"Formula reconciles, but neither metadata nor canonical one-active-security count proves complete legal/economic common share perimeter. No official issuer deep dive in bounded sample; hold pending evidence.",1.3656433983655347e-06,OK,OK,False,,False,False,64,,0.03322062679176341
PSQH,1807,Domestic Common Stock Primary Class,Domestic Common Stock Primary Class,,,1,CLBR.U CLBR CLBR.U1,3365783.0,3639800.0,3639800.0,1.0,4.8,16155758.0,3.859,4186691.0,2026-08-04,2026-08-04,2026-06-30,1a45c3eb046d4aee3a4f7e9ddb61d82132f736a2600c9f074a82b6c80d1928e0,00fd5bfc32b0f9ec5884183d24ac0b2d690a12181a8088f7b3b5730a64767dc7,3.9600000381469727,2026-10-06,OWNERSHIP_BASIS_UNVERIFIED,3365782.916666667,3365925.118541667,3365783.0,2.4758974426219993e-06,0.004224927112672638,0.0001630330492505827,PRIMARY_CLASS,PROVIDER_METADATA_ONLY,UNREVIEWED,NOT_PROVEN_ADR,UNREVIEWED,REQUIRES_MORE_EVIDENCE,"Formula reconciles, but neither metadata nor canonical one-active-security count proves complete legal/economic common share perimeter. No official issuer deep dive in bounded sample; hold pending evidence.",3.9736429924275285e-06,OK,OK,False,,False,False,64,,0.004222451110691416
QBTS,1824,Domestic Common Stock Primary Class,Domestic Common Stock Primary Class,,,1,XPOA.U XPOA,372439933.0,370840115.0,370840115.0,1.0,19.405,7227196900.0,6.673,1083110000.0,2026-08-06,2026-08-06,2026-06-30,05d79cd86fecf7eca80f9c44a532785c2240de45ca67cadbe30af74a6540e54b,85b42485ae6fbf1d9baea4c2bbe647b3b10efb1664764c12a995571a1e84dbf0,15.789999961853027,2026-10-06,OWNERSHIP_BASIS_UNVERIFIED,372439933.00695693,372460346.81783044,372439933.0,1.8679391367015796e-09,0.00548110153191228,0.0003657338589801995,PRIMARY_CLASS,PROVIDER_METADATA_ONLY,UNREVIEWED,NOT_PROVEN_ADR,UNREVIEWED,REQUIRES_MORE_EVIDENCE,"Formula reconciles, but neither metadata nor canonical one-active-security count proves complete legal/economic common share perimeter. No official issuer deep dive in bounded sample; hold pending evidence.",3.5384978502861486e-06,OK,OK,False,,False,False,62,,0.005481103399951337
QNRX,1831,ADR Common Stock Primary Class,ADR Common Stock Primary Class,,https://www.sec.gov/Archives/edgar/data/1671502/000110465925032004/tm2511401d1_8k.htm,1,APOP,70294615.0,70294615.0,,0.05,5.09,17889980.0,4.549,3932671.0,2026-08-14,2026-08-14,2026-06-30,1d84ab27f51b8374a93580b5aa25a0a68e948630178b6897ca722a5f78f1ff35,d820f241f9e4c0928c58453b3cb82e875428dba65d3c917e7bcb1bd5ed005a12,4.71999979019165,2026-10-06,OWNERSHIP_BASIS_UNVERIFIED,3514730.844793713,3514679.83870334,3514730.75,2.6970404687354232e-06,0.0014512090007912093,6.601645548265367e-05,ADR_LABELLED,PROVIDER_METADATA_ONLY,UNREVIEWED,UNREVIEWED,POST_OBSERVATION_ACTION_OR_ISSUANCE_REVIEW,REQUIRES_NEWER_SHARE_COUNT,"ADS 1:20 verified effective April 9, 2025. September proxy confirms August 31, 2026 private placement after provider August 14. Refresh base; warrants are not outstanding shares.",2.9977974547179542e-06,OWNERSHIP_BASIS_UNVERIFIED,OK,False,0.05,False,False,54,2.6970404798376535e-06,0.001448511999391222
QS,1834,Domestic Common Stock Primary Class,Domestic Common Stock Primary Class,,,1,KCAC.U KCAC,619113507.0,617077000.0,617077000.0,1.0,4.885,3024369482.0,2.886,1047972000.0,2026-07-24,2026-07-24,2026-06-30,5babfa1b3276931d9b577069c858cb6174609099c1b5e577ee479d06d3ed8263,646a39b8f1607f6526ac97a9cfdf728339d1179d688630369f6162e2d146d4be,4.650000095367432,2026-10-06,OWNERSHIP_BASIS_UNVERIFIED,619113507.0624361,619129414.9437052,619113507.0,1.0084755253103594e-08,0.002569461187262867,7.415274453892451e-05,PRIMARY_CLASS,PROVIDER_METADATA_ONLY,UNREVIEWED,NOT_PROVEN_ADR,UNREVIEWED,REQUIRES_MORE_EVIDENCE,"Formula reconciles, but neither metadata nor canonical one-active-security count proves complete legal/economic common share perimeter. No official issuer deep dive in bounded sample; hold pending evidence.",4.685400933901462e-06,OK,OK,False,,False,False,75,,0.0025694712722845736
QSI,1835,Domestic Common Stock Primary Class,Domestic Common Stock Primary Class,,,1,CAPA CAPAU,218883912.0,217802000.0,217802000.0,1.0,0.79,172918290.0,0.96,180201000.0,2026-08-13,2026-08-13,2026-06-30,89a9f8e9709f5769b73f09aee4f8e9ecb7b0ea8bbf77bf7c5dcdcb25760a833d,2ebc8550b140a232bffd092a397fa0257d07fcc49029134db19e1441d870905a,1.2200000286102295,2026-10-06,OWNERSHIP_BASIS_UNVERIFIED,218883911.39240506,218978430.37974682,218883912.0,2.7758775278385883e-07,0.04318224520956093,0.00041437061947491305,PRIMARY_CLASS,PROVIDER_METADATA_ONLY,UNREVIEWED,NOT_PROVEN_ADR,UNREVIEWED,REQUIRES_MORE_EVIDENCE,"Formula reconciles, but neither metadata nor canonical one-active-security count proves complete legal/economic common share perimeter. No official issuer deep dive in bounded sample; hold pending evidence.",2.7161610294257343e-06,OK,OK,False,,False,False,55,,0.04318196750194847
QXO,1844,Domestic Common Stock Primary Class,Domestic Common Stock Primary Class,,,1,SSNT QXO-PB TYRIA,1037490709.0,767300000.0,767300000.0,1.0,14.51,15053990188.0,1.451,10378000000.0,2026-08-14,2026-08-14,2026-06-30,bfb1cce7cccae9d0f5ae3a416841784065d8e6324b3a7949cfc0d1a5b48f2a41,7c1639a0067e1ceed27c81116c5fa4f098cc2d5f1556215b75c07df9a8dc3af1,12.109999656677246,2026-10-06,OWNERSHIP_BASIS_UNVERIFIED,1037490709.0282564,1037800000.0,1037490709.0,2.7235325106289565e-09,0.02981144496545518,0.00043243515128166266,PRIMARY_CLASS,PROVIDER_METADATA_ONLY,UNREVIEWED,NOT_PROVEN_ADR,UNREVIEWED,REQUIRES_MORE_EVIDENCE,"Formula reconciles, but neither metadata nor canonical one-active-security count proves complete legal/economic common share perimeter. No official issuer deep dive in bounded sample; hold pending evidence.",1.577407560127142e-06,OK,OK,False,,False,False,54,,0.02981144768978705
RBC,1851,Domestic Common Stock Primary Class,Domestic Common Stock Primary Class,,,1,RBCP ROLL ROLLP,31659245.0,31559554.0,31714686.0,1.0,551.31,17454058361.0,5.042,3462000000.0,2026-07-31,2026-07-31,2026-06-27,c1edcfc4a03400ba02a5a192846ad896315ef08bcd66090678dc76c81cd05a4c,fe86de109a0de3ae1bb2e5b980513474809d47ded11bad0247f4e7a07b4788f4,514.1799926757812,2026-10-06,OWNERSHIP_BASIS_UNVERIFIED,31659245.000090696,31661685.80290581,31659245.0,2.8647084704402914e-10,0.0077096052514935565,0.00038868833044425344,PRIMARY_CLASS,PROVIDER_METADATA_ONLY,UNREVIEWED,NOT_PROVEN_ADR,UNREVIEWED,REQUIRES_MORE_EVIDENCE,"Formula reconciles, but neither metadata nor canonical one-active-security count proves complete legal/economic common share perimeter. No official issuer deep dive in bounded sample; hold pending evidence.",4.428372779585743e-07,OK,OK,False,,False,False,68,,0.00770960553799771
RCKT,1854,Domestic Common Stock Primary Class,Domestic Common Stock Primary Class,,,1,ITEK,109774597.0,112844880.0,114513964.0,1.0,3.64,399579533.0,1.083,368830000.0,2026-08-10,2026-08-10,2026-06-30,5143a31afc0413be44edb4968233836045fe29ca0e857d1f543a0db5d2d01540,9c2652253efee089706c5100facc864fda12ca2f72f55dcd1e058dd590b1f7c8,2.4800000190734863,2026-10-06,OWNERSHIP_BASIS_UNVERIFIED,109774596.97802198,109737057.6923077,109774597.0,2.0021051483354313e-08,0.034196696455923714,0.00037047691348313094,PRIMARY_CLASS,PROVIDER_METADATA_ONLY,UNREVIEWED,NOT_PROVEN_ADR,UNREVIEWED,REQUIRES_MORE_EVIDENCE,"Formula reconciles, but neither metadata nor canonical one-active-security count proves complete legal/economic common share perimeter. No official issuer deep dive in bounded sample; hold pending evidence.",2.881982830160723e-06,OK,OK,False,,False,False,58,,0.03419671647011402
RDW,1861,Domestic Common Stock Primary Class,Domestic Common Stock Primary Class,,,1,GNPK.U GNPK,249992609.0,220466669.0,220466669.0,1.0,11.83,2957412564.0,1.815,1629857000.0,2026-08-06,2026-08-06,2026-06-30,68487ce8e50d928542d38f71c45c166cd324c75d06d904ce2d594790770d8d35,f686b1eaaa4118c44489a375118492d239530d00d02e3a049cecd672cc571439,10.619999885559082,2026-10-06,OWNERSHIP_BASIS_UNVERIFIED,249992608.9602705,250058364.75063398,249992609.0,1.589226528153631e-08,0.02630309377424922,0.0004772756137501055,PRIMARY_CLASS,PROVIDER_METADATA_ONLY,UNREVIEWED,NOT_PROVEN_ADR,UNREVIEWED,REQUIRES_MORE_EVIDENCE,"Formula reconciles, but neither metadata nor canonical one-active-security count proves complete legal/economic common share perimeter. No official issuer deep dive in bounded sample; hold pending evidence.",6.449192291313466e-07,OK,OK,False,,False,False,62,,0.026303077877787295
REG,1865,Domestic Common Stock Primary Class,Domestic Common Stock Primary Class,,,1,REG-PG REG-PF REGCP REGCO,183120547.0,183120547.0,,1.0,80.3,14704579924.0,2.139,6874951000.0,2026-08-03,2026-08-03,2026-06-30,46a9ee5e44baef42df2b49b226431a338230bd5ab67cf7b2ca571d3ae3f1b755,2d582448f0e33064ca5a07ef9ca9d96a59e6f765bfbd0941f61ca5dc92e53b25,71.41999816894531,2026-10-06,OWNERSHIP_BASIS_UNVERIFIED,183120546.99875468,183132256.40099624,183120547.0,6.800560115038934e-10,0.006394368318285437,0.00013676679295571148,PRIMARY_CLASS,PROVIDER_METADATA_ONLY,UNREVIEWED,NOT_PROVEN_ADR,UNREVIEWED,REQUIRES_MORE_EVIDENCE,"Formula reconciles, but neither metadata nor canonical one-active-security count proves complete legal/economic common share perimeter. No official issuer deep dive in bounded sample; hold pending evidence.",3.8004456026641265e-06,OK,OK,False,,False,False,65,,0.006394367638185017
REVB,1872,Domestic Common Stock Primary Class,Domestic Common Stock Primary Class,,,1,PAIC REVBU PAICU,3983416.0,3829363.0,3829363.0,1.0,1.12,4461426.0,0.443,10066986.0,2026-08-06,2026-08-06,2026-06-30,4734f14b032684f53072793a697d43c9a51ba2ec715c29c14e77e07630ea1868,52bfbc9f7be26a567bfc22fe1bab581f53aa1f704f9ba61fddf86b91fdbb1afb,0.7519999742507935,2026-10-06,OWNERSHIP_BASIS_UNVERIFIED,3983416.071428571,3981852.498214286,3983416.0,1.7931486295807986e-06,0.039252068733164336,0.00017395494540273226,PRIMARY_CLASS,PROVIDER_METADATA_ONLY,UNREVIEWED,NOT_PROVEN_ADR,UNREVIEWED,REQUIRES_MORE_EVIDENCE,"Formula reconciles, but neither metadata nor canonical one-active-security count proves complete legal/economic common share perimeter. No official issuer deep dive in bounded sample; hold pending evidence.",4.257474595092958e-07,OK,OK,False,,False,False,62,,0.03925027628834954
REXR,1874,Domestic Common Stock Primary Class,Domestic Common Stock Primary Class,,,1,REXR-PA REXR-PB REXR-PC,222988124.0,223812383.0,223812383.0,1.0,38.73,8636330043.0,1.145,7541567000.0,2026-07-28,2026-07-28,2026-06-30,c2ca21e7ab121a18852e53353c31b69ed43992db09fef400032d3ed62ee46f0a,7306cbeefdcabcc7e48433b08fbea1ee347d4565827f77ae423d3395ce5ca130,36.79999923706055,2026-10-06,OWNERSHIP_BASIS_UNVERIFIED,222988124.0123935,222956215.20784923,222988124.0,5.557920790266735e-09,0.014309643029464247,0.00016386886173647142,PRIMARY_CLASS,PROVIDER_METADATA_ONLY,UNREVIEWED,NOT_PROVEN_ADR,UNREVIEWED,REQUIRES_MORE_EVIDENCE,"Formula reconciles, but neither metadata nor canonical one-active-security count proves complete legal/economic common share perimeter. No official issuer deep dive in bounded sample; hold pending evidence.",1.1819356271480785e-06,OK,OK,False,,False,False,71,,0.014309637472331715
RGTI,1882,Domestic Common Stock Primary Class,Domestic Common Stock Primary Class,,,1,SNII.U SNII,333768747.0,333215000.0,333215000.0,1.0,16.53,5517197388.0,10.266,537434000.0,2026-08-06,2026-08-06,2026-06-30,5b6b69787b6465635fcdf3e9e0cba2a992b8b18ec5c54891ccfc28cf38f4e590,e9b8ef694aed138f5f036a2aa0e2f22a7974d8b824a969554fc1a3cf3e0b3106,15.170000076293945,2026-10-06,OWNERSHIP_BASIS_UNVERIFIED,333768747.00544465,333774800.0,333768747.0,1.6312617923119888e-09,0.0018135294600485352,0.00018617355805616853,PRIMARY_CLASS,PROVIDER_METADATA_ONLY,UNREVIEWED,NOT_PROVEN_ADR,UNREVIEWED,REQUIRES_MORE_EVIDENCE,"Formula reconciles, but neither metadata nor canonical one-active-security count proves complete legal/economic common share perimeter. No official issuer deep dive in bounded sample; hold pending evidence.",4.153935306838719e-06,OK,OK,False,,False,False,62,,0.0018135310913436342
RITM,1889,Domestic Common Stock Primary Class,Domestic Common Stock Primary Class,,,1,RITM-PB RITM-PD NRZ-PD RITM-PC NRZ-PB NRZ-PA RITM-PF RITM-PA NRZ NRZ-PC RITM-PE,558407031.0,558346329.0,568262330.0,1.0,10.25,5723672068.0,0.672,8516862000.0,2026-08-04,2026-08-04,2026-06-30,69b4ef57c2001948eee48fa289d08a4064df996a8de9b835bba76f179429d54f,7ca662824a9d1293d919ef61159c06588dd2646f67b4b5a1f98be284ed4967d6,8.65999984741211,2026-10-06,OWNERSHIP_BASIS_UNVERIFIED,558407031.0243902,558373781.8536586,558407031.0,4.367817219019798e-09,0.005954289413345748,4.0015207478982795e-05,PRIMARY_CLASS,PROVIDER_METADATA_ONLY,UNREVIEWED,NOT_PROVEN_ADR,UNREVIEWED,REQUIRES_MORE_EVIDENCE,"Formula reconciles, but neither metadata nor canonical one-active-security count proves complete legal/economic common share perimeter. No official issuer deep dive in bounded sample; hold pending evidence.",0.0,OK,OK,False,,False,False,64,,0.00595428504578388
RKLB,1891,Domestic Common Stock Primary Class,Domestic Common Stock Primary Class,,,1,VACQU VACQ,598350482.0,629681803.0,629681803.0,1.0,80.04,47891972579.0,13.714,3492153000.0,2026-08-10,2026-08-10,2026-06-30,1471ecf87c4b799858efdd43e5b3b377b3f01c6e745411835eb0533b59331bfc,d1843dde29ac684e0a07b4cd0d950fd091585d2ea4eff8509bc59cb67e8dbf2d,75.05999755859375,2026-10-06,OWNERSHIP_BASIS_UNVERIFIED,598350481.9965017,598343156.4467765,598350482.0,5.846656492280999e-10,0.0012242907703075012,0.0001679012918387457,PRIMARY_CLASS,PROVIDER_METADATA_ONLY,UNREVIEWED,NOT_PROVEN_ADR,UNREVIEWED,REQUIRES_MORE_EVIDENCE,"Formula reconciles, but neither metadata nor canonical one-active-security count proves complete legal/economic common share perimeter. No official issuer deep dive in bounded sample; hold pending evidence.",1.1438372471417324e-06,OK,OK,False,,False,False,58,,0.0012242913549620482
RLJ,1894,Domestic Common Stock Primary Class,Domestic Common Stock Primary Class,,,1,RLJ-PA,152375872.0,149883674.0,149883674.0,1.0,11.13,1695943455.0,0.788,2151929000.0,2026-08-07,2026-08-07,2026-06-30,a72cda74162177793a81be9b11b5b6d81e42114d32debe753b10d69f516bdabd,413061feb94d49eba14f49b1959f616402d3bcdababeb2d54553992362323632,11.180000305175781,2026-10-06,OWNERSHIP_BASIS_UNVERIFIED,152375871.96765497,152355799.82030547,152375872.0,2.1227131163925606e-08,0.013172785881587767,0.00010381522810465338,PRIMARY_CLASS,PROVIDER_METADATA_ONLY,UNREVIEWED,NOT_PROVEN_ADR,UNREVIEWED,REQUIRES_MORE_EVIDENCE,"Formula reconciles, but neither metadata nor canonical one-active-security count proves complete legal/economic common share perimeter. No official issuer deep dive in bounded sample; hold pending evidence.",1.0282202866918055e-06,OK,OK,False,,False,False,61,,0.01317280710592117
ROIV,1908,Domestic Common Stock Primary Class,Domestic Common Stock Primary Class,,,1,MAAC MAACU,722323015.0,720776739.0,720776739.0,1.0,35.12,25367984287.0,5.995,4231273000.0,2026-08-06,2026-08-06,2026-06-30,2776d1daf13f01dc4a714b6df2ef0a40eb187d6d76481095a07ba0ab07832be0,c041da53623cfeb442da45ed7d5cf3bba60a5bfca0993a2c5a0aeec9f9073fc6,35.529998779296875,2026-10-06,OWNERSHIP_BASIS_UNVERIFIED,722323015.0056949,722280228.787016,722323015.0,7.884137787073087e-10,0.005923418995379404,0.00035513000461051547,PRIMARY_CLASS,PROVIDER_METADATA_ONLY,UNREVIEWED,NOT_PROVEN_ADR,UNREVIEWED,REQUIRES_MORE_EVIDENCE,"Formula reconciles, but neither metadata nor canonical one-active-security count proves complete legal/economic common share perimeter. No official issuer deep dive in bounded sample; hold pending evidence.",3.0413303875320707e-06,OK,OK,False,,False,False,62,,0.005923418207010034
RPAY,1914,Domestic Common Stock Primary Class,Domestic Common Stock Primary Class,,,1,TBRGU TBRG,95146530.0,83285379.0,83285379.0,1.0,3.83,364411210.0,0.771,472543000.0,2026-08-10,2026-08-10,2026-06-30,59f65ae09562b7f3162cea086b0bb62fe7f7e0d266eb3b119de8162e6d5e69d2,606bb84e791e118e20ed5201bc5306fa4d20b6a74f29f4bb0b9dbf6c969a9c1f,3.8299999237060547,2026-10-06,OWNERSHIP_BASIS_UNVERIFIED,95146530.02610967,95125496.86684074,95146530.0,2.7441526828653195e-08,0.022106070776473086,0.00017047549111925964,PRIMARY_CLASS,PROVIDER_METADATA_ONLY,UNREVIEWED,NOT_PROVEN_ADR,UNREVIEWED,REQUIRES_MORE_EVIDENCE,"Formula reconciles, but neither metadata nor canonical one-active-security count proves complete legal/economic common share perimeter. No official issuer deep dive in bounded sample; hold pending evidence.",1.9920090132963253e-06,OK,OK,False,,False,False,58,,0.022106043341008075
RPT,1919,Domestic Common Stock Primary Class,Domestic Common Stock Primary Class,,,1,RPT-PC AJXA AJX,7772564.0,7745779.0,7745779.0,1.0,12.32,95757988.0,0.336,285300000.0,2026-07-31,2026-07-31,2026-06-30,35192f1e3d97271db72096de86235bc5a30321575ef00095d8f4692d3fe3f4bd,cd4c76d431572ef932659e998ddabfc67a02647f288b88245deff6e0686b4041,10.850000381469727,2026-10-06,OWNERSHIP_BASIS_UNVERIFIED,7772563.961038961,7780909.090909091,7772564.0,5.012636750123534e-07,0.10736649980573887,0.00036036452856641477,PRIMARY_CLASS,PROVIDER_METADATA_ONLY,UNREVIEWED,NOT_PROVEN_ADR,UNREVIEWED,REQUIRES_MORE_EVIDENCE,"Formula reconciles, but neither metadata nor canonical one-active-security count proves complete legal/economic common share perimeter. No official issuer deep dive in bounded sample; hold pending evidence.",2.4770761442027833e-06,OK,OK,False,,False,False,68,,0.10736599800389435
RSI,1927,Domestic Common Stock Primary Class,Domestic Common Stock Primary Class,,,1,DMYT.U DMYT,231773358.0,110930443.0,115927169.0,1.0,26.76,6202255060.0,33.512,185076000.0,2026-07-30,2026-07-30,2026-06-30,f301e84f661761862923de0644e4d1d1bc1216a32ac97a2e409ee7a8639f2071,7788f5acaba47330987876f201630573feb7efac6abfdc646bb74334ea8e68e8,20.559999465942383,2026-10-06,OWNERSHIP_BASIS_UNVERIFIED,231773357.99701044,231773800.896861,231773358.0,1.2898571100095069e-09,0.0001910917865499684,6.403855713443818e-05,PRIMARY_CLASS,PROVIDER_METADATA_ONLY,UNREVIEWED,NOT_PROVEN_ADR,UNREVIEWED,REQUIRES_MORE_EVIDENCE,"Formula reconciles, but neither metadata nor canonical one-active-security count proves complete legal/economic common share perimeter. No official issuer deep dive in bounded sample; hold pending evidence.",8.553132868627245e-07,OK,OK,False,,False,False,69,,0.00019109049669285838
RTX,1928,Domestic Common Stock Primary Class,Domestic Common Stock Primary Class,COMMON_OR_ORDINARY,https://www.sec.gov/Archives/edgar/data/101829/000010182926000027/rtx-20260630.htm,1,UTXCU UTX-PA UTX,1347758144.0,1347758144.0,,1.0,209.16,281897093399.0,4.247,66377000000.0,2026-07-23,2026-07-23,2026-06-30,8cb149dd4dd406c639eccf945b6b389bfe4dd6878c300003ed9d89734b01e59b,c92f7798069e87efb5b78694e9e6798e27ef9a7e21d3e99471c4c74aa49620e6,183.2899932861328,2026-10-06,OWNERSHIP_BASIS_UNVERIFIED,1347758143.9998088,1347786952.5721936,1347758144.0,1.41886502547095e-11,0.0021375179599658622,9.077844735383422e-05,PRIMARY_CLASS,PROVIDER_METADATA_ONLY,ONE_COMMON_CLASS_COUNT_RECONCILED,DIRECT_COMMON,REVIEW_SUPPORTED_CONDITIONAL_NEXT_CONTRACT,SAFE_TO_RELEASE_UNDER_GENERIC_CONTRACT,"Official latest accepted filing cover common/ordinary count matches sharesbas; provider price times independently reported count reconciles marketcap. Carry-forward is a dated reporting approximation, not independently observed current shares.",1.7508650751452137e-06,OK,OK,True,,False,True,76,,0.002137517945777212
RUM,1929,Domestic Common Stock Primary Class,Domestic Common Stock Primary Class,,,1,CFVIU CFVI,495810194.0,283916343.0,283916343.0,1.0,6.21,3078981305.0,2.303,1336981743.0,2026-08-10,2026-08-10,2026-06-30,66ce8884098b026498e0ec9abb1c98f741cee65e1cfb9aa6fd95d15b76444087,4d03dd101350683d6fba54a745e8678cb492eb1fb7675558a3e80377095741c9,7.650000095367432,2026-10-06,OWNERSHIP_BASIS_UNVERIFIED,495810194.041868,495824308.2333333,495810194.0,8.44435632529894e-09,0.002846692471214496,6.55574613932508e-05,PRIMARY_CLASS,PROVIDER_METADATA_ONLY,UNREVIEWED,NOT_PROVEN_ADR,UNREVIEWED,REQUIRES_MORE_EVIDENCE,"Formula reconciles, but neither metadata nor canonical one-active-security count proves complete legal/economic common share perimeter. No official issuer deep dive in bounded sample; hold pending evidence.",6.142829800381833e-07,OK,OK,False,,False,False,58,,0.0028467009158150702
RUSHA,1931,Domestic Common Stock Primary Class,Domestic Common Stock Primary Class,,,1,RUSHB,116730416.0,116944000.0,120322000.0,1.0,53.387,6231847809.0,2.673,2331388000.0,2026-08-07,2026-08-07,2026-06-30,e8fbdbfb2a8706d8df6ef3192db0c059d4e32318dcf6aa9163941e8f7beacbfa,670a377b38a89278e1c078ee17f20bfa32b53d559d8ca9cb59747085cd9bb5a7,47.04999923706055,2026-10-06,OWNERSHIP_BASIS_UNVERIFIED,116729687.17103414,116728793.97606158,116730416.0,0.0006243732708632876,0.0007651823578092021,2.045348093071553e-05,PRIMARY_CLASS,PROVIDER_METADATA_ONLY,UNREVIEWED,NOT_PROVEN_ADR,UNREVIEWED,REQUIRES_MORE_EVIDENCE,"Formula reconciles, but neither metadata nor canonical one-active-security count proves complete legal/economic common share perimeter. No official issuer deep dive in bounded sample; hold pending evidence.",0.0006268487866334382,OK,OK,False,,False,False,61,,0.0013895469527125393
RVMD,1933,Domestic Common Stock Primary Class,Domestic Common Stock Primary Class,,,1,,214336418.0,210893604.0,210893604.0,1.0,197.3,42288575271.0,16.226,2606238000.0,2026-08-05,2026-08-05,2026-06-30,8ab858fc679495b2233a0bc42a160a18e45a638a6f680022cdb48fe5183dbb41,074ab17b07ead837c5d7ee6e23ff0a14bbc40e7894715fa5a08524be5cbfb8ef,199.8699951171875,2026-10-06,OWNERSHIP_BASIS_UNVERIFIED,214336417.9979726,214337647.176888,214336418.0,9.458878125201409e-10,0.000573481131604936,9.305251477442766e-05,PRIMARY_CLASS,PROVIDER_METADATA_ONLY,UNREVIEWED,NOT_PROVEN_ADR,UNREVIEWED,REQUIRES_MORE_EVIDENCE,"Formula reconciles, but neither metadata nor canonical one-active-security count proves complete legal/economic common share perimeter. No official issuer deep dive in bounded sample; hold pending evidence.",1.5467601643948115e-06,OK,OK,False,,False,False,63,,0.0005734801857171234
RYAM,1939,Domestic Common Stock Primary Class,Domestic Common Stock Primary Class,,,1,RYAM-PA RYNRP,67644208.0,67644208.0,,1.0,9.67,654119491.0,3.359,194754000.0,2026-08-05,2026-08-05,2026-06-27,aef0ad9249d75e9f482ef03f7042111c531d52ee22b0f84c2bb9438e4ce79287,acfbc2d66d617e9f18744099eb8d9ee1115c29772fc27342fdb503df6638c02f,6.789999961853027,2026-10-06,OWNERSHIP_BASIS_UNVERIFIED,67644207.96277146,67650329.47259566,67644208.0,5.503582034549481e-08,0.00904956981324645,0.0003039475440811401,PRIMARY_CLASS,PROVIDER_METADATA_ONLY,UNREVIEWED,NOT_PROVEN_ADR,UNREVIEWED,REQUIRES_MORE_EVIDENCE,"Formula reconciles, but neither metadata nor canonical one-active-security count proves complete legal/economic common share perimeter. No official issuer deep dive in bounded sample; hold pending evidence.",7.88975640375611e-07,OK,OK,False,,False,False,63,,0.009049514772452305
SABS,1945,Domestic Common Stock Primary Class,Domestic Common Stock Primary Class,,,1,BCYPU BCYP,90986368.0,79753100.0,79753100.0,1.0,3.85,350297517.0,1.631,214785000.0,2026-08-06,2026-08-06,2026-06-30,587d014a6422d2c67a8769cbe225142d5ed5625cd6fa88e43e086c74c263bfae,d09fab8444399d83c5e7202418eba5e30ec95b86467fc67e0a8009cafa2e127f,2.930000066757202,2026-10-06,OWNERSHIP_BASIS_UNVERIFIED,90986368.05194806,90990736.36363636,90986368.0,5.70943292643733e-08,0.0048010617214711004,7.830155737131861e-05,PRIMARY_CLASS,PROVIDER_METADATA_ONLY,UNREVIEWED,NOT_PROVEN_ADR,UNREVIEWED,REQUIRES_MORE_EVIDENCE,"Formula reconciles, but neither metadata nor canonical one-active-security count proves complete legal/economic common share perimeter. No official issuer deep dive in bounded sample; hold pending evidence.",2.4770761442027833e-06,OK,OK,False,,False,False,62,,0.004801118818553718
SAFE,1946,Domestic Common Stock Primary Class,Domestic Common Stock Primary Class,,,1,STAR-PI STAR-PE APT STAR-PF STAR-PG SFI STAR STAR-PD,70816280.0,71457000.0,71581000.0,1.0,16.18,1145807410.0,0.47,2439146000.0,2026-07-31,2026-07-31,2026-06-30,9782a3f5a7b680bdd528c935bc3b0cff2207f1bb3fd26f0ee9ab6fe762cbc144,70af39ce5e8b0eef5b1acb200010b705f685510c66afdf6652741d4ebee19acc,12.100000381469727,2026-10-06,OWNERSHIP_BASIS_UNVERIFIED,70816279.97527812,70852819.5302843,70816280.0,3.4909874990773915e-08,0.05159767643674318,0.000242384014732977,PRIMARY_CLASS,PROVIDER_METADATA_ONLY,UNREVIEWED,NOT_PROVEN_ADR,UNREVIEWED,REQUIRES_MORE_EVIDENCE,"Formula reconciles, but neither metadata nor canonical one-active-security count proves complete legal/economic common share perimeter. No official issuer deep dive in bounded sample; hold pending evidence.",1.8861296746663925e-06,OK,OK,False,,False,False,68,,0.051597641508838166
SATL,1953,Domestic Common Stock Primary Class,Domestic Common Stock Primary Class,,,1,CFV CFFVU,153739911.0,150594308.0,150594308.0,1.0,5.04,774849151.0,22.869,33882000.0,2026-08-06,2026-08-06,2026-06-30,b0b9fe6980231e48cbf83f0579f1aef478c00ca5869b888256e771812aeac573,f5461215616b4d85152b002a34c7d906d5c831eb51d7d1553b667e96118382d6,5.510000228881836,2026-10-06,OWNERSHIP_BASIS_UNVERIFIED,153739910.91269842,153739575.0,153739911.0,5.6785243174317657e-08,0.00021849414145735935,4.9967534383910106e-05,PRIMARY_CLASS,PROVIDER_METADATA_ONLY,UNREVIEWED,NOT_PROVEN_ADR,UNREVIEWED,REQUIRES_MORE_EVIDENCE,"Formula reconciles, but neither metadata nor canonical one-active-security count proves complete legal/economic common share perimeter. No official issuer deep dive in bounded sample; hold pending evidence.",7.568843773952949e-07,OK,OK,False,,False,False,62,,0.0002185509265673069
SBFM,1955,Domestic Common Stock Primary Class,Domestic Common Stock Primary Class,,,1,,3877337.0,1365324.0,1365324.0,1.0,1.2,4652804.0,0.169,27538002.0,2026-08-13,2026-08-13,2026-06-30,fb48151562f12b2771a2aaa9badf1da5ee3584c547feb308e6ea1a2ce84a2d1d,f254d918f66a674d319abc3229a9f7e926f3c7748263a264f24a87559d52f2f9,0.39800000190734863,2026-10-06,OWNERSHIP_BASIS_UNVERIFIED,3877336.666666667,3878268.6150000007,3877337.0,8.59696647204089e-06,0.024035785732645643,4.061071678332362e-05,PRIMARY_CLASS,PROVIDER_METADATA_ONLY,UNREVIEWED,NOT_PROVEN_ADR,UNREVIEWED,REQUIRES_MORE_EVIDENCE,"Formula reconciles, but neither metadata nor canonical one-active-security count proves complete legal/economic common share perimeter. No official issuer deep dive in bounded sample; hold pending evidence.",3.9736429924275285e-06,OK,OK,False,,False,False,55,,0.02402718670058146
SBRA,1958,Domestic Common Stock Primary Class,Domestic Common Stock Primary Class,,,1,SUHG SUNH SBRAP,255462756.0,252268939.0,252268939.0,1.0,20.61,5265087401.0,1.914,2750723000.0,2026-08-03,2026-08-03,2026-06-30,b931fa938711635a955d8269d3c68cf736ef66f385586ff4c8032c8b3697d0f8,0d298e255b5b7627ac6ad928d769e1a06acd231ca6622fef6ca685b48554f9f2,19.1200008392334,2026-10-06,OWNERSHIP_BASIS_UNVERIFIED,255462755.9922368,255452878.31149927,255462756.0,3.038880258543486e-09,0.003866583486566988,7.400926956302456e-05,PRIMARY_CLASS,PROVIDER_METADATA_ONLY,UNREVIEWED,NOT_PROVEN_ADR,UNREVIEWED,REQUIRES_MORE_EVIDENCE,"Formula reconciles, but neither metadata nor canonical one-active-security count proves complete legal/economic common share perimeter. No official issuer deep dive in bounded sample; hold pending evidence.",2.961434075743341e-06,OK,OK,False,,False,False,65,,0.003866586525325122
SCNI,1965,Domestic Common Stock Primary Class,Domestic Common Stock Primary Class,ADS,https://www.nasdaqtrader.com/TraderNews.aspx?id=ECA2026-585,1,BVXV,22800887584.0,30189667540.0,30189667540.0,0.0,2.87,1635964.0,0.139,11732000.0,2026-08-26,2026-08-26,2026-06-30,84ab67009819497c0b2d788244fc2a6c23b829ae065e66f874f549a80b30ae50,e65f73546615409b28346523122cb998b0229e626380c887f8f107b1b8ee4871,1.2200000286102295,2026-10-06,OWNERSHIP_BASIS_UNVERIFIED,570022.2996515679,568204.8780487805,0.0,100.0,0.3188334217623323,0.0004445959768155372,ZERO_FACTOR,OFFICIAL_ADS_PROVIDER_DOMESTIC_CONFLICT,UNREVIEWED,OFFICIAL_RATIO_VERIFIED,REVIEW_SUPPORTED_CONDITIONAL_NEXT_CONTRACT,REQUIRES_ADR_FACTOR_CONTRACT,"Nasdaq action effective August 21, 2026 establishes ADS 1:40,000. Independent factor 0.000025 yields 570,022.1896 ADS equivalents and reconciles cap. Stored factor zero remains unusable; identity and effective-date review required.",3.987488439438636e-06,OWNERSHIP_BASIS_UNVERIFIED,OWNERSHIP_BASIS_UNVERIFIED,True,2.5e-05,True,False,42,1.9306537302199445e-05,
SDRL,1969,ADR Common Stock,ADR Common Stock,COMMON_OR_ORDINARY,https://www.sec.gov/Archives/edgar/data/1737706/000173770626000026/sdrl-20260630.htm,1,,62541443.0,62541443.0,,1.0,46.76,2924437875.0,1.021,2864000000.0,2026-08-10,2026-08-10,2026-06-30,289f397f09f5683351a7179d42d8f87f6ac41538a66e4e185893973771dc68be,e5ef4a8193053df7cea022e135aa3771c67d25cd25f06b4d36112c7b0ec0fbe0,45.09000015258789,2026-10-06,OWNERSHIP_BASIS_UNVERIFIED,62541443.006843455,62535158.254918724,62541443.0,1.0942269312863573e-08,0.010048939747109298,0.00010260998603350835,ADR_LABELLED,OFFICIAL_DIRECT_COMMON_PROVIDER_ADR_CONFLICT,UNREVIEWED,DIRECT_COMMON,UNREVIEWED,REQUIRES_OFFICIAL_IDENTITY_OVERRIDE,"Official direct common listing and cover 62,541,443 match provider, but note 12 includes 511,078 repurchased shares pending cancellation, retired for accounting. Reconcile outstanding economic units before release.",3.5895354910664423e-06,OK,OK,False,,True,False,58,,0.010048928805939106
SEGG,1975,Domestic Common Stock Primary Class,Domestic Common Stock Primary Class,,,1,LTRY TDACU TDACU1 TDAC,3259487.0,502206.0,502206.0,1.0,5.502,17933697.0,0.77,23277057.0,2026-07-10,2026-07-10,2025-12-31,848ad8f1cc0e73f3072c9a5c46f56245d256e0c76eb8538e2a98d6d6a08aaef1,c3e97d58383d02db9e81c657afd544c2e7afc88027ea84ebfca6dc10a36f6576,2.4200000762939453,2026-10-06,OWNERSHIP_BASIS_UNVERIFIED,3259486.9138495093,3257603.3969465652,3259487.0,2.643069074714788e-06,0.05778568691106045,0.00044520705517026027,PRIMARY_CLASS,PROVIDER_METADATA_ONLY,UNREVIEWED,NOT_PROVEN_ADR,INDEPENDENT_PRICE_BASIS_CONTRADICTION,MUST_REMAIN_HELD,"Raw-close/provider-price mismatch remains; stored August 3 split 0.14286 is compatible with scale change, but exact adjustment chain not independently reconstructed.",85.7070152649486,SHARE_BASIS_UNVERIFIED,SHARE_BASIS_UNVERIFIED,False,,False,False,89,,0.05778832845275694
SES,1979,Domestic Common Stock Primary Class,Domestic Common Stock Primary Class,,,1,IVAN IVAN.U,371287400.0,336324962.0,336324962.0,1.0,0.559,207586785.0,1.11,187059000.0,2026-08-11,2026-08-11,2026-06-30,06a82b5b6d7094d8a3c5fc3c4f170e7e387658860551b473ea6d240717e41312,881541bb1b5dd411c09f9195473d7c3d186a698c321e5ba621d76fd605d327b7,0.7900000214576721,2026-10-06,OWNERSHIP_BASIS_UNVERIFIED,371353819.3202146,371440948.1216458,371287400.0,0.017885724276700543,0.02346247618798536,0.0002603723958751747,PRIMARY_CLASS,PROVIDER_METADATA_ONLY,UNREVIEWED,NOT_PROVEN_ADR,UNREVIEWED,REQUIRES_MORE_EVIDENCE,"Formula reconciles, but neither metadata nor canonical one-active-security count proves complete legal/economic common share perimeter. No official issuer deep dive in bounded sample; hold pending evidence.",0.01788412309076115,OK,OK,False,,False,False,57,,0.04135559721278881
SHO,1992,Domestic Common Stock Primary Class,Domestic Common Stock Primary Class,,,1,SHO-PD SHO-PF SHO-PH SHO-PI SHO-PE,185943941.0,185333000.0,185550000.0,1.0,11.29,2099307094.0,1.116,1880772000.0,2026-08-06,2026-08-06,2026-06-30,23f695e9cc789e0eef6644bd341e62621b5df88fb334e6b89ce03faed1b9f68f,e3b0dbe68f4d2a2a185c4dd5edb15020a0c33893ae3f6eacac307a3730896333,11.220000267028809,2026-10-06,OWNERSHIP_BASIS_UNVERIFIED,185943941.00974315,185911563.5075288,185943941.0,5.239830791481381e-09,0.017412507252734244,0.0001943574234408718,PRIMARY_CLASS,PROVIDER_METADATA_ONLY,UNREVIEWED,NOT_PROVEN_ADR,UNREVIEWED,REQUIRES_MORE_EVIDENCE,"Formula reconciles, but neither metadata nor canonical one-active-security count proves complete legal/economic common share perimeter. No official issuer deep dive in bounded sample; hold pending evidence.",3.3788283282376597e-07,OK,OK,False,,False,False,62,,0.017412502013813835
SITC,2003,Domestic Common Stock Primary Class,Domestic Common Stock Primary Class,,,1,SITC-PA SITC-PJ DDR SITC-PK,52475339.0,52475339.0,,1.0,3.31,173693372.0,0.615,282259000.0,2026-08-03,2026-08-03,2026-06-30,8ad0626f91cc5534d883ac39d58393469794b563a8ac3429d24e846a37f31771,6e5e782611c3531dfa2d5a8cf161e7c728317821cf481c6bdf1dc5346b6588bd,3.200000047683716,2026-10-06,OWNERSHIP_BASIS_UNVERIFIED,52475338.972809665,52443892.74924471,52475339.0,5.18154630313461e-08,0.059925717833375636,0.0003687641492388094,PRIMARY_CLASS,PROVIDER_METADATA_ONLY,UNREVIEWED,NOT_PROVEN_ADR,UNREVIEWED,REQUIRES_MORE_EVIDENCE,"Formula reconciles, but neither metadata nor canonical one-active-security count proves complete legal/economic common share perimeter. No official issuer deep dive in bounded sample; hold pending evidence.",1.7287147713318518e-06,OK,OK,False,,False,False,65,,0.05992576961777463
SJM,2006,Domestic Common Stock Primary Class,Domestic Common Stock Primary Class,,,1,SJM.B,106823183.0,106823183.0,,1.0,130.9,13983154655.0,2.432,5750800000.0,2026-08-26,2026-08-26,2026-07-31,fec09433323b1476027dd204f1a5e9f703be8fa189a837bdc6c81aa6b24e09ce,0122c04f860c3dec8388497e0d5a80d32ebbf522df8c4278bc9b5bddb39e52d1,116.80000305175781,2026-10-06,OWNERSHIP_BASIS_UNVERIFIED,106823183.00229183,106844504.20168066,106823183.0,2.1454393817066375e-09,0.01995933728016208,0.00048531421715214407,PRIMARY_CLASS,PROVIDER_METADATA_ONLY,UNREVIEWED,NOT_PROVEN_ADR,UNREVIEWED,REQUIRES_MORE_EVIDENCE,"Formula reconciles, but neither metadata nor canonical one-active-security count proves complete legal/economic common share perimeter. No official issuer deep dive in bounded sample; hold pending evidence.",4.662731578619628e-06,OK,OK,False,,False,False,42,,0.019959339426023348
SKIN,2007,Domestic Common Stock Primary Class,Domestic Common Stock Primary Class,,,1,VSPRU VSPR,130140763.0,129596886.0,129596886.0,1.0,0.768,99922078.0,1.798,55568000.0,2026-08-06,2026-08-06,2026-06-30,b9f7aa0d244d684df73c3fd1a4ead46339e0acedf11a7c5ed726fed85393314f,bab3498ede633566715403da39ea0f2d0fb5b82a32d132d8b3ef1d5e822098cf,0.5860000252723694,2026-10-06,OWNERSHIP_BASIS_UNVERIFIED,130106872.39583333,130092791.66666666,130140763.0,0.02604828134178394,0.010822433056290048,0.00019460840771667876,PRIMARY_CLASS,PROVIDER_METADATA_ONLY,UNREVIEWED,NOT_PROVEN_ADR,UNREVIEWED,REQUIRES_MORE_EVIDENCE,"Formula reconciles, but neither metadata nor canonical one-active-security count proves complete legal/economic common share perimeter. No official issuer deep dive in bounded sample; hold pending evidence.",8.692343955729598e-07,OK,OK,False,,False,False,62,,0.036861112711739086
SKYH,2011,Domestic Common Stock Primary Class,Domestic Common Stock Primary Class,,,1,YSAC.U YSACU YSAC,76616731.0,34457000.0,34457000.0,1.0,11.49,880326239.0,6.97,126296000.0,2026-08-12,2026-08-12,2026-06-30,9c641bd8b634cbc8705a05dccb5ea5654e4504a2d6b15989620e5b31c3991339,a02c28894ba6e2a57bcf614ec7818fe0ffa42938ef42df39bc6df03b178e0c46,9.359999656677246,2026-10-06,OWNERSHIP_BASIS_UNVERIFIED,76616730.98346388,76612978.24194951,76616731.0,2.1582913234396983e-08,0.004898070520886755,0.00034141223791728237,PRIMARY_CLASS,PROVIDER_METADATA_ONLY,UNREVIEWED,NOT_PROVEN_ADR,UNREVIEWED,REQUIRES_MORE_EVIDENCE,"Formula reconciles, but neither metadata nor canonical one-active-security count proves complete legal/economic common share perimeter. No official issuer deep dive in bounded sample; hold pending evidence.",1.9920090132963253e-06,OK,OK,False,,False,False,56,,0.004898092102734175
SLDP,2017,Domestic Common Stock Primary Class,Domestic Common Stock Primary Class,,,1,DCRC DCRCU,228181212.0,225974899.0,225974899.0,1.0,2.14,488307794.0,0.973,501743000.0,2026-08-05,2026-08-05,2026-06-30,1616efd0892392223124227732e5dd31460674c010130f807c6514ac031da4e7,a43ce8f637a7f6bd6021b6526352d07c0f70a4fc8241bf7c2c37d675412a29b7,2.3499999046325684,2026-10-06,OWNERSHIP_BASIS_UNVERIFIED,228181212.1495327,228128943.45794392,228181212.0,6.55324350340436e-08,0.022906658745658337,0.00022293285606378443,PRIMARY_CLASS,PROVIDER_METADATA_ONLY,UNREVIEWED,NOT_PROVEN_ADR,UNREVIEWED,REQUIRES_MORE_EVIDENCE,"Formula reconciles, but neither metadata nor canonical one-active-security count proves complete legal/economic common share perimeter. No official issuer deep dive in bounded sample; hold pending evidence.",4.902064243417215e-06,OK,OK,False,,False,False,63,,0.02290659322823352
SLG,2019,Domestic Common Stock Primary Class,Domestic Common Stock Primary Class,,,1,SLG-PI,70849907.0,70669000.0,70669000.0,1.0,54.52,3862736930.0,1.13,3417575000.0,2026-08-06,2026-08-06,2026-06-30,fcb303de43816210593c320b0aa64b5008ef62ccdbb788bb02475bfe295f5683,cab333fe254a8eb377d69bf50a47e08727bb0b7635ddf5c91904959c02913209,48.400001525878906,2026-10-06,OWNERSHIP_BASIS_UNVERIFIED,70849907.00660308,70833817.86500366,70849907.0,9.319811589136862e-09,0.022708768831436466,0.00025666737379581583,PRIMARY_CLASS,PROVIDER_METADATA_ONLY,UNREVIEWED,NOT_PROVEN_ADR,UNREVIEWED,REQUIRES_MORE_EVIDENCE,"Formula reconciles, but neither metadata nor canonical one-active-security count proves complete legal/economic common share perimeter. No official issuer deep dive in bounded sample; hold pending evidence.",8.396252137998772e-07,OK,OK,False,,False,False,62,,0.022708759513745402
SLXN,2025,Domestic Common Stock Primary Class,Domestic Common Stock Primary Class,,,1,MACA MACAU,5560256.0,687353.0,687353.0,1.0,0.42,2336420.0,53.1,44000.0,2026-08-14,2026-08-14,2026-06-30,0e79bd8aff2f0e57114a44d9a180aece4e24d8830d2f85c0f4518b18a38e82a1,311d2e3d0b3aa71c412f9fb2dc8986f070ea6f58a527104ee3de614eb682f5ce,0.2630000114440918,2026-10-06,OWNERSHIP_BASIS_UNVERIFIED,5562904.761904762,5562857.142857143,5560256.0,0.047614726804257046,0.0008560104775789945,0.00045454545454504114,PRIMARY_CLASS,PROVIDER_METADATA_ONLY,UNREVIEWED,NOT_PROVEN_ADR,UNREVIEWED,REQUIRES_MORE_EVIDENCE,"Formula reconciles, but neither metadata nor canonical one-active-security count proves complete legal/economic common share perimeter. No official issuer deep dive in bounded sample; hold pending evidence.",3.1221480512044764e-06,OK,OK,False,,False,False,54,,0.04678099096773192
SMCI,2027,Domestic Common Stock Primary Class,Domestic Common Stock Primary Class,,,1,SMCIP,656965384.0,613440000.0,768598000.0,1.0,37.28,24491669516.0,1.691,14479452000.0,2026-08-31,2026-08-31,2026-06-30,84c3b335b8f2f2c0c35930502a4d7a93565d434673699a1688ec452cdce114ee,75aa7f3a814a8117e3ba986f13b4bd94bd49c3d4fa29367fd68d9ab6e2be5087,43.459999084472656,2026-10-06,OWNERSHIP_BASIS_UNVERIFIED,656965384.0128756,656779864.055794,656965384.0,1.9598545009102963e-09,0.028238924241086316,0.0004776550935767787,PRIMARY_CLASS,PROVIDER_METADATA_ONLY,UNREVIEWED,NOT_PROVEN_ADR,UNREVIEWED,REQUIRES_MORE_EVIDENCE,"Formula reconciles, but neither metadata nor canonical one-active-security count proves complete legal/economic common share perimeter. No official issuer deep dive in bounded sample; hold pending evidence.",3.2744182587585158e-06,OK,OK,False,,False,False,37,,0.028238922281786927
SMR,2032,Domestic Common Stock Primary Class,Domestic Common Stock Primary Class,,,1,SVSVU SV,429723272.0,364523356.0,364523356.0,1.0,9.38,4030804291.0,1.955,2061309000.0,2026-08-05,2026-08-05,2026-06-30,f9aa47a23cc1dcc942c0f980e9369a1d37d1ac531cb6d462821983398c12abe7,7b18470d11253de8cda33fa2a03e337c40b811d768727a3b99bfde0bb84cbe60,8.020000457763672,2026-10-06,OWNERSHIP_BASIS_UNVERIFIED,429723271.96162045,429622504.7974413,429723272.0,8.931233530518057e-09,0.023449315118351244,0.0004585416354363492,PRIMARY_CLASS,PROVIDER_METADATA_ONLY,UNREVIEWED,NOT_PROVEN_ADR,UNREVIEWED,REQUIRES_MORE_EVIDENCE,"Formula reconciles, but neither metadata nor canonical one-active-security count proves complete legal/economic common share perimeter. No official issuer deep dive in bounded sample; hold pending evidence.",1.220052414652173e-06,OK,OK,False,,False,False,63,,0.02344932404747535
SNGX,2041,Domestic Common Stock Primary Class,Domestic Common Stock Primary Class,,,1,DORB SNGXD DOR,21765479.0,15951949.0,15951949.0,1.0,0.39,8488537.0,1.277,6645557.0,2026-08-07,2026-08-07,2026-06-30,e0335160f2e3151d6e788e1159f055d7a31a30a65b29ad4727fa8d0a3fbaa6a0,b0e184a2f4b2bea6b041865237f61b370907005ab7ff1b9e142ec33bdd2c2e6b,0.36000001430511475,2026-10-06,OWNERSHIP_BASIS_UNVERIFIED,21765479.487179488,21759939.202564098,21765479.0,2.2383126796476915e-06,0.025454456993023733,0.00032513617744922563,PRIMARY_CLASS,PROVIDER_METADATA_ONLY,UNREVIEWED,NOT_PROVEN_ADR,UNREVIEWED,REQUIRES_MORE_EVIDENCE,"Formula reconciles, but neither metadata nor canonical one-active-security count proves complete legal/economic common share perimeter. No official issuer deep dive in bounded sample; hold pending evidence.",3.6679781434401093e-06,OK,OK,False,,False,False,61,,0.025452219250043928
SNOA,2042,Domestic Common Stock Primary Class,Domestic Common Stock Primary Class,,,1,OCLS,4788425.0,3846000.0,3846000.0,1.0,1.25,5985531.0,0.908,6594000.0,2026-08-06,2026-08-06,2026-06-30,b63519f3cef76fac8afe9f355155c54a966d0480459efefef09271ebd680d4ac,118ed4c2eb209330cdf07e7de1497d81381176d4b2df848b414dae4525a592e5,1.2300000190734863,2026-10-06,OWNERSHIP_BASIS_UNVERIFIED,4788424.8,4789881.6,4788425.0,4.17673886587977e-06,0.03042336594698547,0.0002761601455869567,PRIMARY_CLASS,PROVIDER_METADATA_ONLY,UNREVIEWED,NOT_PROVEN_ADR,UNREVIEWED,REQUIRES_MORE_EVIDENCE,"Formula reconciles, but neither metadata nor canonical one-active-security count proves complete legal/economic common share perimeter. No official issuer deep dive in bounded sample; hold pending evidence.",0.0,OK,OK,False,,False,False,62,,0.03041918793758036
SO,2047,Domestic Common Stock Primary Class,Domestic Common Stock Primary Class,,,1,SOUEU SOJC SOMN SOJD SOJB SOJA SOLN SOJF SOJE,1150362966.0,1137000000.0,1141000000.0,1.0,96.05,110492362884.0,2.61,42342000000.0,2026-07-29,2026-07-29,2026-06-30,8fc9ee997d2a6ed3d6b0185cff9ccf7363133c9e6e64a23bee6077f000c54b23,3e2b88c29c27efbaa50fa91f897261be40d996f021fcaf8263cdf49489eb6dc6,85.44000244140625,2026-10-06,OWNERSHIP_BASIS_UNVERIFIED,1150362965.9968767,1150573867.7771995,1150362966.0,2.714939384418358e-10,0.01833349877879975,0.00047841660762371063,PRIMARY_CLASS,PROVIDER_METADATA_ONLY,UNREVIEWED,NOT_PROVEN_ADR,UNREVIEWED,REQUIRES_MORE_EVIDENCE,"Formula reconciles, but neither metadata nor canonical one-active-security count proves complete legal/economic common share perimeter. No official issuer deep dive in bounded sample; hold pending evidence.",3.17725956655579e-06,OK,OK,False,,False,False,70,,0.0183334985072392
SOC,2049,Domestic Common Stock Primary Class,Domestic Common Stock Primary Class,,,1,FLME FLME.U,191869572.0,153470125.0,153470125.0,1.0,5.09,976616121.0,2.472,395000000.0,2026-08-10,2026-08-10,2026-06-30,53c74d5ac3d1c65ea65430a55daac847c238e5443091926beb9e1a8b1570b5c3,b072c1749f91cac99a45b8885b1fb1068679668fe71248dfa84fc87551dcabf4,3.569999933242798,2026-10-06,OWNERSHIP_BASIS_UNVERIFIED,191869571.90569746,191834970.53045186,191869572.0,4.914928464216928e-08,0.018033800201844308,0.00044587594936729147,PRIMARY_CLASS,PROVIDER_METADATA_ONLY,UNREVIEWED,NOT_PROVEN_ADR,UNREVIEWED,REQUIRES_MORE_EVIDENCE,"Formula reconciles, but neither metadata nor canonical one-active-security count proves complete legal/economic common share perimeter. No official issuer deep dive in bounded sample; hold pending evidence.",2.9977974547179542e-06,OK,OK,False,,False,False,58,,0.01803384934226937
SOUN,2053,Domestic Common Stock Primary Class,Domestic Common Stock Primary Class,,,1,ATSPU ATSPT,444109844.0,430521776.0,438648450.0,1.0,7.46,3313059436.0,6.755,490430000.0,2026-08-10,2026-08-10,2026-06-30,79c7634470864c870f792efde90f390215fc02e2802373349e1bfb98c4696275,558c886dbee7e233c4b2d39cfd925138fe0fe646dd4043c2375b525d45fb7797,5.71999979019165,2026-10-06,OWNERSHIP_BASIS_UNVERIFIED,444109843.9678284,444082392.7613941,444109844.0,7.244072008916191e-09,0.006181174951913615,0.00041756417837390813,PRIMARY_CLASS,PROVIDER_METADATA_ONLY,UNREVIEWED,NOT_PROVEN_ADR,UNREVIEWED,REQUIRES_MORE_EVIDENCE,"Formula reconciles, but neither metadata nor canonical one-active-security count proves complete legal/economic common share perimeter. No official issuer deep dive in bounded sample; hold pending evidence.",5.113535150869097e-07,OK,OK,False,,False,False,58,,0.0061811821955304325
SPCE,2055,Domestic Common Stock Primary Class,Domestic Common Stock Primary Class,,,1,IPOA.U IPOA SPCE.U,151595903.0,110757000.0,110757000.0,1.0,3.3,500266480.0,1.263,396114000.0,2026-08-12,2026-08-12,2026-06-30,be8a842c8258c10051577863315f4da4f73b35635f7bf0aec4230ba0e42729a9,94f0e7e2c5bd2ffb380ed1245b9f3fecb336cb60b401de3ee80005c753260910,3.069999933242798,2026-10-06,OWNERSHIP_BASIS_UNVERIFIED,151595903.03030303,151603630.9090909,151595903.0,1.998934351377102e-08,0.005097683138788334,6.438045613110788e-05,PRIMARY_CLASS,PROVIDER_METADATA_ONLY,UNREVIEWED,NOT_PROVEN_ADR,UNREVIEWED,REQUIRES_MORE_EVIDENCE,"Formula reconciles, but neither metadata nor canonical one-active-security count proves complete legal/economic common share perimeter. No official issuer deep dive in bounded sample; hold pending evidence.",1.4449610841182903e-06,OK,OK,False,,False,False,56,,0.005097703129153253
SPG,2056,Domestic Common Stock Primary Class,Domestic Common Stock Primary Class,,,1,SPG-PJ,323559515.0,323559515.0,,1.0,220.55,71361051033.0,16.093,4434416000.0,2026-08-10,2026-08-10,2026-06-30,a4a70448dce3ddafa86c76676693d3b1604a02df313e37d6dd89512a9864017e,ef6fa290e8db76f5161119cbed2b95734aac58df153d784b712a562340a43d19,201.74000549316406,2026-10-06,OWNERSHIP_BASIS_UNVERIFIED,323559514.99886644,323568608.8778055,323559515.0,3.503419776507144e-10,0.0028105737947647924,0.00045229292876314275,PRIMARY_CLASS,PROVIDER_METADATA_ONLY,UNREVIEWED,NOT_PROVEN_ADR,UNREVIEWED,REQUIRES_MORE_EVIDENCE,"Formula reconciles, but neither metadata nor canonical one-active-security count proves complete legal/economic common share perimeter. No official issuer deep dive in bounded sample; hold pending evidence.",1.3837033741026517e-06,OK,OK,False,,False,False,58,,0.0028105734444228148
SPIR,2060,Domestic Common Stock Primary Class,Domestic Common Stock Primary Class,,,1,NSH.U NSH SRJN,40622371.0,38295060.0,38295060.0,1.0,13.94,566275852.0,3.925,144285000.0,2026-08-13,2026-08-13,2026-06-30,d5acfcdfe2c89fca45c20a2fdb683ae6c3e0a9dd138a9f312a5f5324acfb4933,b7181bcc1ba31d86d839e9bc1882f489f5f801e8d7d9524cbdb11f46ab861039,10.979999542236328,2026-10-06,OWNERSHIP_BASIS_UNVERIFIED,40622371.018651366,40625439.383070305,40622371.0,4.5914028135030094e-08,0.0075533858364229545,0.0002964480022176197,PRIMARY_CLASS,PROVIDER_METADATA_ONLY,UNREVIEWED,NOT_PROVEN_ADR,UNREVIEWED,REQUIRES_MORE_EVIDENCE,"Formula reconciles, but neither metadata nor canonical one-active-security count proves complete legal/economic common share perimeter. No official issuer deep dive in bounded sample; hold pending evidence.",3.010162830108243e-06,OK,OK,False,,False,False,55,,0.007553431753914985
SPRU,2063,Domestic Common Stock Primary Class,Domestic Common Stock Primary Class,,,1,PIC.U PIC XL,19252186.0,18620006.0,21948624.0,1.0,1.83,35231500.0,0.293,120399000.0,2026-08-13,2026-08-13,2026-06-30,a88b94b83044e75ce25a044d76bce3aa0a4bf8bf62cbf49b3cba57e8f0fb5147,ff8608d649a91e215589e39dab4293c57a314cba9f2cf83fd84919ba6da13e6d,1.6100000143051147,2026-10-06,OWNERSHIP_BASIS_UNVERIFIED,19252185.792349726,19276998.360655736,19252186.0,1.078580247337868e-06,0.12888182450363495,0.0003771376838677676,PRIMARY_CLASS,PROVIDER_METADATA_ONLY,UNREVIEWED,NOT_PROVEN_ADR,UNREVIEWED,REQUIRES_MORE_EVIDENCE,"Formula reconciles, but neither metadata nor canonical one-active-security count proves complete legal/economic common share perimeter. No official issuer deep dive in bounded sample; hold pending evidence.",2.345100780232201e-06,OK,OK,False,,False,False,55,,0.12888074453329956
SQFT,2070,Domestic Common Stock Primary Class,Domestic Common Stock Primary Class,,,1,SQFTP,1434432.0,1315656.0,1315656.0,1.0,1.46,2094271.0,0.151,13853278.0,2026-08-13,2026-08-13,2026-06-30,6f95333c065583277159fc4ae982d7a3753620a366563788db554013dcc77314,3a209581cb41c4ded80b1ee1e6d060e0b57aa59556af8a3e56e066fada64975e,0.9399999976158142,2026-10-06,OWNERSHIP_BASIS_UNVERIFIED,1434432.191780822,1432770.5328767123,1434432.0,1.3369807438934345e-05,0.11584088210169208,0.00017512259553298382,PRIMARY_CLASS,PROVIDER_METADATA_ONLY,UNREVIEWED,NOT_PROVEN_ADR,UNREVIEWED,REQUIRES_MORE_EVIDENCE,"Formula reconciles, but neither metadata nor canonical one-active-security count proves complete legal/economic common share perimeter. No official issuer deep dive in bounded sample; hold pending evidence.",2.6128063490560294e-06,OK,OK,False,,False,False,55,,0.1158275277801768
SR,2071,Domestic Common Stock Primary Class,Domestic Common Stock Primary Class,,,1,LG SR-PA,59112807.0,59000000.0,59100000.0,1.0,80.78,4775132549.0,1.333,3583000000.0,2026-08-05,2026-08-05,2026-06-30,b5981b1cfd16e017e4b9409bbfe8edab746ee06492136f2bea4650da126491b3,0f71cb1a5b4b5b2d9f1e1311461da930ea82c208b4cad0cbe39a7d9c849217a1,78.16999816894531,2026-10-06,OWNERSHIP_BASIS_UNVERIFIED,59112806.99430552,59125266.154988855,59112807.0,9.633249753449036e-09,0.02107692278008333,0.00028089617638848985,PRIMARY_CLASS,PROVIDER_METADATA_ONLY,UNREVIEWED,NOT_PROVEN_ADR,UNREVIEWED,REQUIRES_MORE_EVIDENCE,"Formula reconciles, but neither metadata nor canonical one-active-security count proves complete legal/economic common share perimeter. No official issuer deep dive in bounded sample; hold pending evidence.",1.5111452422722493e-06,OK,OK,False,,False,False,63,,0.02107691314481297
SRE,2072,Domestic Common Stock Primary Class,Domestic Common Stock Primary Class,,,1,SRE-PA SSYYP SREA SRE-PB SREMP,653900348.0,654038000.0,655945000.0,1.0,84.35,55156494354.0,1.688,32685000000.0,2026-08-06,2026-08-06,2026-06-30,5a287d87f92ed1a46c5cc4fff297966a061867f3062375f067cb87f0f942e110,792b22e71f35019c3a7ea496adf032e3029006de3a81be2e3a3aef894e340578,79.97000122070312,2026-10-06,OWNERSHIP_BASIS_UNVERIFIED,653900348.0023711,654087492.5903972,653900348.0,3.626099420728224e-10,0.028619741310409452,0.00048296301055517077,PRIMARY_CLASS,PROVIDER_METADATA_ONLY,UNREVIEWED,NOT_PROVEN_ADR,UNREVIEWED,REQUIRES_MORE_EVIDENCE,"Formula reconciles, but neither metadata nor canonical one-active-security count proves complete legal/economic common share perimeter. No official issuer deep dive in bounded sample; hold pending evidence.",1.8089850617464265e-06,OK,OK,False,,False,False,62,,0.028619741673119314
SRG,2074,Domestic Common Stock Primary Class,Domestic Common Stock Primary Class,,,1,SRG-PA SRG.R,56324607.0,56324000.0,56324000.0,1.0,2.27,127856858.0,0.438,292217000.0,2026-08-14,2026-08-14,2026-06-30,463ff1f2db7946c5d31c6836befe4311cc3baf4474fbc1f86c7347150bd9c73b,2b7c47a751bf36f3eabd30be98eb31624f43fe7cd1a052fe12d24b2e3b81f5d1,1.7200000286102295,2026-10-06,OWNERSHIP_BASIS_UNVERIFIED,56324607.04845815,56383720.704845816,56324607.0,8.603371348669953e-08,0.1049517422053281,0.0004592066854426924,PRIMARY_CLASS,PROVIDER_METADATA_ONLY,UNREVIEWED,NOT_PROVEN_ADR,UNREVIEWED,REQUIRES_MORE_EVIDENCE,"Formula reconciles, but neither metadata nor canonical one-active-security count proves complete legal/economic common share perimeter. No official issuer deep dive in bounded sample; hold pending evidence.",8.402416873387608e-07,OK,OK,False,,False,False,54,,0.10495182832934713
SRTA,2078,Domestic Common Stock Primary Class,Domestic Common Stock Primary Class,,,1,EXPC BLDE EXPCU,88466806.0,86213930.0,86213930.0,1.0,5.57,492760109.0,1.764,279318000.0,2026-08-04,2026-08-04,2026-06-30,af9177dd62bd5d12b790ea97d95918ec3c3af6839521ba14bc24a5ab2c21e88f,7369372a9b88a78291ef373fcfa8457796209ea3c9b583f0b35193d2cd7247a7,4.75,2026-10-06,OWNERSHIP_BASIS_UNVERIFIED,88466805.92459604,88459057.80969478,88466806.0,8.523417527328547e-08,0.008758217073945307,0.00015450848137255058,PRIMARY_CLASS,PROVIDER_METADATA_ONLY,UNREVIEWED,NOT_PROVEN_ADR,UNREVIEWED,REQUIRES_MORE_EVIDENCE,"Formula reconciles, but neither metadata nor canonical one-active-security count proves complete legal/economic common share perimeter. No official issuer deep dive in bounded sample; hold pending evidence.",3.081891852829699e-06,OK,OK,False,,False,False,64,,0.008758302300659881
SRTS,2079,Domestic Common Stock Primary Class,Domestic Common Stock Primary Class,,,1,SRTSU,16462059.0,16462059.0,16462059.0,1.0,2.86,47081489.0,1.277,36863000.0,2026-08-14,2026-08-14,2026-06-30,2e20c1ca2e0cd156d38d59bef07a60655dcaefd05760369f0058b5bfbecaedd1,cb26c57cdeaac4892ee929568970ae0f897aa0bd88d560244bac01dc12c2eeca,2.9700000286102295,2026-10-06,OWNERSHIP_BASIS_UNVERIFIED,16462059.090909092,16459458.391608393,16462059.0,5.522340251751245e-07,0.01579814096364096,0.0002017741366682202,PRIMARY_CLASS,PROVIDER_METADATA_ONLY,UNREVIEWED,NOT_PROVEN_ADR,UNREVIEWED,REQUIRES_MORE_EVIDENCE,"Formula reconciles, but neither metadata nor canonical one-active-security count proves complete legal/economic common share perimeter. No official issuer deep dive in bounded sample; hold pending evidence.",3.667978132337879e-06,OK,OK,False,,False,False,54,,0.01579758881684601
STAG,2088,Domestic Common Stock Primary Class,Domestic Common Stock Primary Class,,,1,STAG-PC STAG-PB STAG-PA STIR,192808329.0,191180000.0,191332000.0,1.0,40.72,7851155157.0,2.162,3631016000.0,2026-07-28,2026-07-28,2026-06-30,e50e181784aeac5f821fa6324868566b6eadb19e537ba7213d0b616df7af0793,fe2bd377422515573441c442bb33d5f4e2a15de6df3fbcc13dfc1d3110707a6e,36.119998931884766,2026-10-06,OWNERSHIP_BASIS_UNVERIFIED,192808329.00294697,192786262.08251473,192808329.0,1.528444038001453e-09,0.011445003722787561,0.0002474693033573949,PRIMARY_CLASS,PROVIDER_METADATA_ONLY,UNREVIEWED,NOT_PROVEN_ADR,UNREVIEWED,REQUIRES_MORE_EVIDENCE,"Formula reconciles, but neither metadata nor canonical one-active-security count proves complete legal/economic common share perimeter. No official issuer deep dive in bounded sample; hold pending evidence.",2.9977974547179542e-06,OK,OK,False,,False,False,71,,0.011445002194521159
STZ,2100,Domestic Common Stock Primary Class,Domestic Common Stock Primary Class,,,1,STZ.B,170778434.0,172186000.0,172407000.0,1.0,136.88,23376152046.0,2.832,8255600000.0,2026-07-01,2026-07-01,2026-05-31,acd9258aa6c5fe2459c95d0b546809c9ef16d890d4c2e57c3baa39360531bbcc,f572f51215c4d3c303732d11ce0d4ec5b5563916c200d46e7957c982732f96f8,115.66999816894531,2026-10-06,OWNERSHIP_BASIS_UNVERIFIED,170778434.00058445,170805517.24137932,170778434.0,3.422262473407045e-10,0.015858700750692734,0.0004490471922089512,PRIMARY_CLASS,PROVIDER_METADATA_ONLY,UNREVIEWED,NOT_PROVEN_ADR,UNREVIEWED,REQUIRES_MORE_EVIDENCE,"Formula reconciles, but neither metadata nor canonical one-active-security count proves complete legal/economic common share perimeter. No official issuer deep dive in bounded sample; hold pending evidence.",3.5672212961301852e-06,OK,OK,False,,False,False,98,,0.015858701092974492
SUI,2101,Domestic Common Stock Primary Class,Domestic Common Stock Primary Class,,,1,SUI-PA,121800957.0,122500000.0,127000000.0,1.0,124.09,15114280754.0,2.738,5519400000.0,2026-07-28,2026-07-28,2026-06-30,62c8d0e71797b90e1fbe9b5c25504b8cbd573199de7ada9b2b796f1db0a1af83,8926d22c60dcde3f4d32dc67728539ea2b0de5f7acfaf02903c772fb507415c7,112.06999969482422,2026-10-06,OWNERSHIP_BASIS_UNVERIFIED,121800956.99895237,121783521.63752115,121800957.0,8.601119816376013e-10,0.01431463418746226,0.0003919907961011937,PRIMARY_CLASS,PROVIDER_METADATA_ONLY,UNREVIEWED,NOT_PROVEN_ADR,UNREVIEWED,REQUIRES_MORE_EVIDENCE,"Formula reconciles, but neither metadata nor canonical one-active-security count proves complete legal/economic common share perimeter. No official issuer deep dive in bounded sample; hold pending evidence.",2.9511720400776653e-06,OK,OK,False,,False,False,71,,0.014314635047452118
SVC,2106,Domestic Common Stock Primary Class,Domestic Common Stock Primary Class,,,1,HPTRP HPT,129509488.0,128085000.0,128085000.0,1.0,7.88,1020534765.0,1.265,806455000.0,2026-08-05,2026-08-05,2026-06-30,8d3ad055f5441da0d535b7b3bf44d0864e520d7e5eb690ded1f8ffb5a25c9ad6,80ac7219e68edff4b14692fbf7bece8d823cf2b5564adf68933cde690b68ce7a,6.489999771118164,2026-10-06,OWNERSHIP_BASIS_UNVERIFIED,129509487.94416244,129462636.42131978,129509488.0,4.3114645187358747e-08,0.03617613163822142,0.0004577936772667268,PRIMARY_CLASS,PROVIDER_METADATA_ONLY,UNREVIEWED,NOT_PROVEN_ADR,UNREVIEWED,REQUIRES_MORE_EVIDENCE,"Formula reconciles, but neither metadata nor canonical one-active-security count proves complete legal/economic common share perimeter. No official issuer deep dive in bounded sample; hold pending evidence.",1.4522959057572393e-06,OK,OK,False,,False,False,63,,0.036176174737267974
SWK,2112,Domestic Common Stock Primary Class,Domestic Common Stock Primary Class,,,1,SWP1 SWKUU SBDKU SWU SWT SWP SWJ SWH,151016641.0,151016641.0,,1.0,93.05,14052098445.0,1.569,8958800000.0,2026-07-29,2026-07-29,2026-07-04,b1d3ccf25e570aaca4858e42da9c4c6bf5af4a94ea582368b103a423f9811205,e974c10b8a31a8c2a6b1739984e05b1126d46611741af664ab610ec30c11c491,89.98999786376953,2026-10-06,OWNERSHIP_BASIS_UNVERIFIED,151016640.99946266,151062409.45728102,151016641.0,3.5580427493187017e-10,0.030306896985288212,0.00047537114345663767,PRIMARY_CLASS,PROVIDER_METADATA_ONLY,UNREVIEWED,NOT_PROVEN_ADR,UNREVIEWED,REQUIRES_MORE_EVIDENCE,"Formula reconciles, but neither metadata nor canonical one-active-security count proves complete legal/economic common share perimeter. No official issuer deep dive in bounded sample; hold pending evidence.",3.2796967364134844e-06,OK,OK,False,,False,False,70,,0.030306896629372915
SXTP,2117,Domestic Common Stock Primary Class,Domestic Common Stock Primary Class,,,1,,3516988.0,2653848.0,2653848.0,1.0,1.195,4202801.0,1.608,2614185.0,2026-08-14,2026-08-14,2026-06-30,d321595c833ee99d3f07468465f30f2826908c85c2eaa3d10d2d7040d94867df,49d4151deda0ab1e8746a6c7c4349e64140e795ec297f32574073993e592d226,1.1100000143051147,2026-10-06,OWNERSHIP_BASIS_UNVERIFIED,3516988.284518828,3517664.8368200837,3516988.0,8.089842928882263e-06,0.019236694766178175,0.00030926655917618007,PRIMARY_CLASS,PROVIDER_METADATA_ONLY,UNREVIEWED,NOT_PROVEN_ADR,UNREVIEWED,REQUIRES_MORE_EVIDENCE,"Formula reconciles, but neither metadata nor canonical one-active-security count proves complete legal/economic common share perimeter. No official issuer deep dive in bounded sample; hold pending evidence.",4.389296015538946e-06,OK,OK,False,,False,False,54,,0.01924478616599501
T,2123,Domestic Common Stock Primary Class,Domestic Common Stock Primary Class,COMMON_OR_ORDINARY,https://www.sec.gov/Archives/edgar/data/732717/000073271726000297/t-20260630.htm,1,TBB T-PA T-PC TBC SBC,6852385650.0,6938000000.0,6946000000.0,1.0,23.04,157878965376.0,1.429,110444000000.0,2026-07-22,2026-07-22,2026-06-30,2a41943563bbc73ad719b6577bc462e9b9c1025f543851af0957a307ca319e75,f65beea98b6ecf772cb5b3884119c81779e4fbc9f55a09a42c916ce4a6e141df,24.43000030517578,2026-10-06,OWNERSHIP_BASIS_UNVERIFIED,6852385650.0,6850020659.722222,6852385650.0,0.0,0.03451338553570604,0.0004933665568069845,PRIMARY_CLASS,PROVIDER_METADATA_ONLY,ONE_COMMON_CLASS_COUNT_RECONCILED,DIRECT_COMMON,REVIEW_SUPPORTED_CONDITIONAL_NEXT_CONTRACT,SAFE_TO_RELEASE_UNDER_GENERIC_CONTRACT,"Official latest accepted filing cover common/ordinary count matches sharesbas; provider price times independently reported count reconciles marketcap. Carry-forward is a dated reporting approximation, not independently observed current shares.",3.9736429924275285e-06,OK,OK,True,,False,True,77,,0.03451338553570604
TALO,2125,Domestic Common Stock Primary Class,Domestic Common Stock Primary Class,,,1,,166965468.0,166980000.0,170085000.0,1.0,14.18,2367570336.0,1.165,2032634000.0,2026-08-05,2026-08-05,2026-06-30,acbaf8ecd7f1087733a9079ae9beca9b42be379b07c2e9ab87e2ff2f793ebe61,31b80e4aea21daa3acfc4445430a3647cc6cd14f292b71d60c30fcb7e5424a21,16.760000228881836,2026-10-06,OWNERSHIP_BASIS_UNVERIFIED,166965467.98307475,166997081.10014105,166965468.0,1.0136980144181962e-08,0.018933925348862957,0.0002205384737243854,PRIMARY_CLASS,PROVIDER_METADATA_ONLY,UNREVIEWED,NOT_PROVEN_ADR,UNREVIEWED,REQUIRES_MORE_EVIDENCE,"Formula reconciles, but neither metadata nor canonical one-active-security count proves complete legal/economic common share perimeter. No official issuer deep dive in bounded sample; hold pending evidence.",2.152156430845764e-06,OK,OK,False,,False,False,63,,0.01893391520997323
TAP,2127,Domestic Common Stock Primary Class,Domestic Common Stock Primary Class,,,1,RKY TAP.A,176681024.0,187500000.0,187700000.0,1.0,42.41,7493042228.0,0.74,10119500000.0,2026-08-06,2026-08-06,2026-06-30,a88fda5be56ddb221d8e0a280cf8ae68f5949aed16ca6f11680b41613d978eb4,d78fa3743c41da92bd89f59280b588f1b08f77e9a63683fc889c9d5e477011dd,36.90999984741211,2026-10-06,OWNERSHIP_BASIS_UNVERIFIED,176681024.0037727,176572270.69087481,176681024.0,2.1353252499523023e-09,0.06155347667419209,0.00045577627353132755,PRIMARY_CLASS,PROVIDER_METADATA_ONLY,UNREVIEWED,NOT_PROVEN_ADR,UNREVIEWED,REQUIRES_MORE_EVIDENCE,"Formula reconciles, but neither metadata nor canonical one-active-security count proves complete legal/economic common share perimeter. No official issuer deep dive in bounded sample; hold pending evidence.",3.597922404452447e-07,OK,OK,False,,False,False,62,,0.061553474540188
TBLA,2133,Domestic Common Stock Primary Class,Domestic Common Stock Primary Class,,,1,IACA.U IACA,270155398.0,278160082.0,291392907.0,1.0,3.835,1036045951.0,1.105,937993000.0,2026-08-05,2026-08-05,2026-06-30,f8b6e84ab24ca3de07216d56e77931514c4dfcaa634675ec6535bb4a30fb4ab4,2262c73a7283ad64d046b919d61e148c80217d1aa9a370712389ff22b08365e9,3.2300000190734863,2026-10-06,OWNERSHIP_BASIS_UNVERIFIED,270155397.91395044,270269169.4915254,270155398.0,3.1851876691746384e-08,0.042113383057862386,0.0004651569894444929,PRIMARY_CLASS,PROVIDER_METADATA_ONLY,UNREVIEWED,NOT_PROVEN_ADR,UNREVIEWED,REQUIRES_MORE_EVIDENCE,"Formula reconciles, but neither metadata nor canonical one-active-security count proves complete legal/economic common share perimeter. No official issuer deep dive in bounded sample; hold pending evidence.",9.94705939838525e-07,OK,OK,False,,False,False,63,,0.0421133511925742
TDS,2140,Domestic Common Stock Primary Class,Domestic Common Stock Primary Class,,,1,TDJ TDE TDSS TDA TDS-PV TDI TDI1 TDS-PU,114500000.0,114500000.0,116291000.0,1.0,32.98,3776210000.0,0.73,5170637000.0,2026-08-07,2026-08-07,2026-06-30,161ba9fcfe58b30929bb901a92f839f10ac06dd7d606d62af6feec1f20606391,889be767d6543c5e2726fddc5d575c4a9b9351e3897b6e6c203e933dcb9066e6,35.150001525878906,2026-10-06,OWNERSHIP_BASIS_UNVERIFIED,114500000.00000001,114450121.58884174,114500000.0,1.1102230246251565e-14,0.04356193114259943,0.0003181406855673474,PRIMARY_CLASS,PROVIDER_METADATA_ONLY,UNREVIEWED,NOT_PROVEN_ADR,UNREVIEWED,REQUIRES_MORE_EVIDENCE,"Formula reconciles, but neither metadata nor canonical one-active-security count proves complete legal/economic common share perimeter. No official issuer deep dive in bounded sample; hold pending evidence.",1.3880038451929977e-06,OK,OK,False,,False,False,61,,0.04356193114258833
TDW,2142,Domestic Common Stock Primary Class,Domestic Common Stock Primary Class,,,1,,49756231.0,49736000.0,50127000.0,1.0,71.48,3556575392.0,2.553,1393164000.0,2026-08-03,2026-08-03,2026-06-30,55ad5ec79c7e5ae4ecc57c6ac74692c6ad5671675d03d1f6e883b58f7c7318af,ce147a1c5e50175fbaf30225c9c38936c59f33a31805db1f9b4bd6f474f8e811,82.06999969482422,2026-10-06,OWNERSHIP_BASIS_UNVERIFIED,49756231.00167879,49758641.466144376,49756231.0,3.374023282987082e-09,0.004844547943161359,0.00012367531747869975,PRIMARY_CLASS,PROVIDER_METADATA_ONLY,UNREVIEWED,NOT_PROVEN_ADR,UNREVIEWED,REQUIRES_MORE_EVIDENCE,"Formula reconciles, but neither metadata nor canonical one-active-security count proves complete legal/economic common share perimeter. No official issuer deep dive in bounded sample; hold pending evidence.",4.696325661690537e-06,OK,OK,False,,False,False,65,,0.004844551317351176
TE,2144,Domestic Common Stock Primary Class,Domestic Common Stock Primary Class,,,1,ALUS.U FREY ALUS,294527066.0,280129000.0,280129000.0,1.0,4.9,1443182623.0,7.152,201779000.0,2026-08-12,2026-08-12,2026-06-30,2f72143c45e5e22832e8342e6ee4574af031a8aeffd6be3886c80cf6a084b554,64326801be41c570a7e674ad8ff6ce596ffb51889c424d5776b9267b4e9b019a,3.799999952316284,2026-10-06,OWNERSHIP_BASIS_UNVERIFIED,294527065.9183673,294514981.22448975,294527066.0,2.77165179696226e-08,0.004103084326023687,0.00029346463209733997,PRIMARY_CLASS,PROVIDER_METADATA_ONLY,UNREVIEWED,NOT_PROVEN_ADR,UNREVIEWED,REQUIRES_MORE_EVIDENCE,"Formula reconciles, but neither metadata nor canonical one-active-security count proves complete legal/economic common share perimeter. No official issuer deep dive in bounded sample; hold pending evidence.",1.946274097441858e-06,OK,OK,False,,False,False,56,,0.004103112041409229
TH,2161,Domestic Common Stock Primary Class,Domestic Common Stock Primary Class,,,1,EAGLU EAGL,99623423.0,100214415.0,100214415.0,1.0,16.07,1600948408.0,4.326,370109000.0,2026-08-10,2026-08-10,2026-06-30,252ad34f5571b28d4f896c6325a82d1ff313b1a1e9468f3fa0d7aafc1dbadb65,28159a5be2faaac1dd035ea6006e1a9f91605202edf1c9ef690ae2a6b555a684,18.540000915527344,2026-10-06,OWNERSHIP_BASIS_UNVERIFIED,99623423.02426882,99632329.43372743,99623423.0,2.436055801524617e-08,0.00894007572540545,0.0003867131034365201,PRIMARY_CLASS,PROVIDER_METADATA_ONLY,UNREVIEWED,NOT_PROVEN_ADR,UNREVIEWED,REQUIRES_MORE_EVIDENCE,"Formula reconciles, but neither metadata nor canonical one-active-security count proves complete legal/economic common share perimeter. No official issuer deep dive in bounded sample; hold pending evidence.",1.8990403360952257e-06,OK,OK,False,,False,False,58,,0.008940100088139502
TMUS,2179,Domestic Common Stock Primary Class,Domestic Common Stock Primary Class,COMMON_OR_ORDINARY,https://www.sec.gov/Archives/edgar/data/1283699/000128369926000101/tmus-20260630.htm,1,TMUS-PA TMUSI TMBLP PCS TMUSL TMUSZ TMUSP,1072671613.0,1081771279.0,1082409636.0,1.0,170.42,182804696287.0,3.249,56265000000.0,2026-07-23,2026-07-23,2026-06-30,999b2399942849d4f7b8fba74a10c45d93085f8994a130921652e6759280c545,4b8059e2c468b2393e6d0870d0615d08acdc76834531c003929a0e5229ac2f45,165.92999267578125,2026-10-06,OWNERSHIP_BASIS_UNVERIFIED,1072671612.9973009,1072673307.1235771,1072671613.0,2.516209463010455e-10,0.00015793522041285257,5.131307207140168e-06,PRIMARY_CLASS,PROVIDER_METADATA_ONLY,ONE_COMMON_CLASS_COUNT_RECONCILED,DIRECT_COMMON,REVIEW_SUPPORTED_CONDITIONAL_NEXT_CONTRACT,SAFE_TO_RELEASE_UNDER_GENERIC_CONTRACT,"Official latest accepted filing cover common/ordinary count matches sharesbas; provider price times independently reported count reconciles marketcap. Carry-forward is a dated reporting approximation, not independently observed current shares.",1.0744364953296781e-06,OK,OK,True,,False,True,76,,0.00015793496879190627
TONX,2189,Domestic Common Stock Primary Class,Domestic Common Stock Primary Class,,,1,FUSZD BBTH VRRB VERB FUSZ,55071989.0,58208613.0,58674690.0,1.0,3.05,167969566.0,0.421,398778000.0,2026-08-11,2026-08-11,2026-06-30,5d11f981afb057828c1907d0209c9aeeb7abe75621fd4181037cd947fabf5402,2c486d44a38802372fbfe510bb14db7bb72a491dd0d28a0a1be59e1d952f4c09,3.5799999237060547,2026-10-06,OWNERSHIP_BASIS_UNVERIFIED,55071988.85245902,55044438.6885246,55071989.0,2.679056754217868e-07,0.05002572906570579,0.0002107137304465101,PRIMARY_CLASS,PROVIDER_METADATA_ONLY,UNREVIEWED,NOT_PROVEN_ADR,UNREVIEWED,REQUIRES_MORE_EVIDENCE,"Formula reconciles, but neither metadata nor canonical one-active-security count proves complete legal/economic common share perimeter. No official issuer deep dive in bounded sample; hold pending evidence.",1.5634005090525704e-06,OK,OK,False,,False,False,57,,0.05002599683734399
TRAW,2196,Domestic Common Stock Primary Class,Domestic Common Stock Primary Class,,,1,ONTX,15368277.0,15864041.0,15864041.0,1.0,0.571,8775286.0,5.189,1691000.0,2026-08-14,2026-08-14,2026-06-30,a155fec7d764870179747766469ba6c77ac352345f5fbf507d8396d4018b1301,42426d95d38cf17b3d60b568d3da8d81d133cd384f085b1f4a3e7bf869aa3e68,0.5199999809265137,2026-10-06,OWNERSHIP_BASIS_UNVERIFIED,15368276.70753065,15367073.555166377,15368277.0,1.9030718778623168e-06,0.007828804668019718,0.0004062684801890981,PRIMARY_CLASS,PROVIDER_METADATA_ONLY,UNREVIEWED,NOT_PROVEN_ADR,UNREVIEWED,REQUIRES_MORE_EVIDENCE,"Formula reconciles, but neither metadata nor canonical one-active-security count proves complete legal/economic common share perimeter. No official issuer deep dive in bounded sample; hold pending evidence.",0.1751326011483978,OK,OK,False,,False,False,54,,0.007830707590861241
TRC,2197,Domestic Common Stock Primary Class,Domestic Common Stock Primary Class,,,1,,27021444.0,27021444.0,,1.0,16.46,444772968.0,0.931,477557000.0,2026-08-06,2026-08-06,2026-06-30,907530a4f0f854a4741ffe769a544611d690659838f099e6095615bb30636a07,770158efee7e9e1313d230dbd6f40874f0ade2a9df1f384ecfd2e4d345659687,16.329999923706055,2026-10-06,OWNERSHIP_BASIS_UNVERIFIED,27021443.985419195,27011273.81530984,27021444.0,5.39601252569355e-08,0.03763740425878348,0.0003505361663633799,PRIMARY_CLASS,PROVIDER_METADATA_ONLY,UNREVIEWED,NOT_PROVEN_ADR,UNREVIEWED,REQUIRES_MORE_EVIDENCE,"Formula reconciles, but neither metadata nor canonical one-active-security count proves complete legal/economic common share perimeter. No official issuer deep dive in bounded sample; hold pending evidence.",5.562134530734397e-06,OK,OK,False,,False,False,62,,0.03763745819860276
TRNO,2204,Domestic Common Stock Primary Class,Domestic Common Stock Primary Class,,,1,TRNO-PA,108970310.0,106553877.0,106672278.0,1.0,69.45,7567988030.0,1.708,4432011000.0,2026-08-05,2026-08-05,2026-06-30,a373c0e00f73fa0414b866c6ea10aaa35c8c910acd04b1a06ef58b6adb1a2dc7,1b4634d775490b528b4dbaa83115d9968d0c3b156d8c2d167f37e48cacb73370,64.2300033569336,2026-10-06,OWNERSHIP_BASIS_UNVERIFIED,108970310.00719942,108997477.14902808,108970310.0,6.606770686090613e-09,0.024930774104303666,0.0004257114885319879,PRIMARY_CLASS,PROVIDER_METADATA_ONLY,UNREVIEWED,NOT_PROVEN_ADR,UNREVIEWED,REQUIRES_MORE_EVIDENCE,"Formula reconciles, but neither metadata nor canonical one-active-security count proves complete legal/economic common share perimeter. No official issuer deep dive in bounded sample; hold pending evidence.",4.394179720090818e-06,OK,OK,False,,False,False,63,,0.024930780712728584
TRTX,2210,Domestic Common Stock Primary Class,Domestic Common Stock Primary Class,,,1,TRTX-PC TRTXP,76769009.0,77043597.0,78025668.0,1.0,8.54,655607337.0,0.628,1044494000.0,2026-07-28,2026-07-28,2026-06-30,7c975abfd702181be95b3c989503f03b3a88df69cff5d6cef7af2539b2db27e6,ec248c5f815ac5fe82102d32c3b7a8c1b280509e1fc259d60c171d2d5b35b86a,6.050000190734863,2026-10-06,OWNERSHIP_BASIS_UNVERIFIED,76769009.01639345,76808223.88758783,76769009.0,2.1354262802475432e-08,0.05108164309637342,0.0003206289361163961,PRIMARY_CLASS,PROVIDER_METADATA_ONLY,UNREVIEWED,NOT_PROVEN_ADR,UNREVIEWED,REQUIRES_MORE_EVIDENCE,"Formula reconciles, but neither metadata nor canonical one-active-security count proves complete legal/economic common share perimeter. No official issuer deep dive in bounded sample; hold pending evidence.",4.4668585497120716e-07,OK,OK,False,,False,False,71,,0.051081664461549714
TSN,2217,Domestic Common Stock Primary Class,Domestic Common Stock Primary Class,,https://www.sec.gov/Archives/edgar/data/100493/000010049326000058/tsn-20260627.htm,1,TSNU,351801512.0,352000000.0,355000000.0,1.0,59.61,20970888130.0,1.16,18079000000.0,2026-08-03,2026-08-03,2026-06-27,7bddcf38101aef7c2aa4f45adf1521ed4c740ef61810f4f6c2face465dc49dc4,09e3c6004b19749c3688d8159d538de7078f3aaf3703dd38fe0f4701ab815501,51.970001220703125,2026-10-06,OWNERSHIP_BASIS_UNVERIFIED,351801511.99463177,351814125.14678746,351801512.0,1.5259349339658002e-09,0.0035853035662558597,4.1588030311290325e-05,PRIMARY_CLASS,PROVIDER_METADATA_ONLY,MULTI_CLASS_OR_LLC_PERIMETER_REVIEW,NOT_PROVEN_ADR,UNREVIEWED,REQUIRES_MULTI_CLASS_CONTRACT,"A 281,792,507 + unlisted B 70,009,005 = provider total. A/B economic allocation differs (1 versus 0.9); one price cannot automatically value both.",1.0239080028284775e-06,OK,OK,False,,False,True,65,,0.0035853020402765168
TYGO,2238,Domestic Common Stock Primary Class,Domestic Common Stock Primary Class,,,1,ROCGU ROCG,76773711.0,76281971.0,80551007.0,1.0,2.04,156618370.0,3.509,44639000.0,2026-08-04,2026-08-04,2026-06-30,30366d039c1d76eef3a0c28684cc410e16c73d9d3bc6c0c34bc315bd7d5bd86b,c03e873ac58dd90809848aefdc37e1cca094e9fcd13916c5eef49ecab5da30b1,0.8650000095367432,2026-10-06,OWNERSHIP_BASIS_UNVERIFIED,76773710.78431372,76783456.37254901,76773711.0,2.809376731249813e-07,0.012693913236350163,0.0004453728802169543,PRIMARY_CLASS,PROVIDER_METADATA_ONLY,UNREVIEWED,NOT_PROVEN_ADR,UNREVIEWED,REQUIRES_MORE_EVIDENCE,"Formula reconciles, but neither metadata nor canonical one-active-security count proves complete legal/economic common share perimeter. No official issuer deep dive in bounded sample; hold pending evidence.",1.8699496395768733e-06,OK,OK,False,,False,False,64,,0.012693632263016674
UGI,2251,Domestic Common Stock Primary Class,Domestic Common Stock Primary Class,,,1,UGIC,214494967.0,214690000.0,214690000.0,1.0,34.28,7352887469.0,1.41,5213000000.0,2026-08-06,2026-08-06,2026-06-30,3b8474caaa479815747a083786a524147793e8fd2f8f1cbd318da57b60ba8e61,21dd3712c2660214c1822deb4062b9f841c5b9121297a214822ad14a2a76fe75,37.150001525878906,2026-10-06,OWNERSHIP_BASIS_UNVERIFIED,214494967.00700116,214420361.7269545,214494967.0,3.2640223857072215e-09,0.034781832454011674,0.000490594475350159,PRIMARY_CLASS,PROVIDER_METADATA_ONLY,UNREVIEWED,NOT_PROVEN_ADR,UNREVIEWED,REQUIRES_MORE_EVIDENCE,"Formula reconciles, but neither metadata nor canonical one-active-security count proves complete legal/economic common share perimeter. No official issuer deep dive in bounded sample; hold pending evidence.",3.560977612782068e-06,OK,OK,False,,False,False,62,,0.03478182919113282
UHAL,2252,Domestic Common Stock Primary Class,Domestic Common Stock Primary Class,,https://www.sec.gov/Archives/edgar/data/4457/000119312526335008/uhal-20260630.htm,1,UHALB UHAL.B UHALV,194393495.0,195869719.0,195869719.0,1.0,74.08,14400670110.0,1.88,7659803000.0,2026-08-05,2026-08-05,2026-06-30,1db535b38aceb227e6e34a99907edab4f14f9997096b234ade4dfbebdfdd4525,afff1353eec1625b82d8413b3548f9cb9f4efd974b3a40309e53dc807da3acbe,60.66999816894531,2026-10-06,OWNERSHIP_BASIS_UNVERIFIED,194393495.00539958,194390248.92008638,194393495.0,2.777655883079433e-09,0.0016698528482739228,3.1393757776942977e-05,PRIMARY_CLASS,PROVIDER_METADATA_ONLY,MULTI_CLASS_OR_LLC_PERIMETER_REVIEW,NOT_PROVEN_ADR,UNREVIEWED,REQUIRES_MULTI_CLASS_CONTRACT,"Voting UHAL and nonvoting UHAL.B are publicly listed. Aggregate provider base 194,393,495 not independently decomposed here; direct filing body unavailable in web reader. No forced count reconciliation.",2.471726090469417e-06,OK,OK,False,,False,True,63,,0.0016698500706624486
UMH,2259,Domestic Common Stock Primary Class,Domestic Common Stock Primary Class,,,1,UMH-PB UMH-PA UMH-PC UMH-PD,85385600.0,85201000.0,85581000.0,1.0,15.2,1297861120.0,1.458,890363000.0,2026-08-05,2026-08-05,2026-06-30,fbe233a6b8f1efa296b5497ba6ffc5e081ebcb53ca54660d72eb45b625d1502b,db108a558c3dafc9b6b51ae93cb8c46afd04abaeef18b407abe3798ce665d87b,15.420000076293945,2026-10-06,OWNERSHIP_BASIS_UNVERIFIED,85385600.0,85404556.18421052,85385600.0,0.0,0.022200680454931287,0.0003236140765059403,PRIMARY_CLASS,PROVIDER_METADATA_ONLY,UNREVIEWED,NOT_PROVEN_ADR,UNREVIEWED,REQUIRES_MORE_EVIDENCE,"Formula reconciles, but neither metadata nor canonical one-active-security count proves complete legal/economic common share perimeter. No official issuer deep dive in bounded sample; hold pending evidence.",1.2548346250973452e-06,OK,OK,False,,False,False,63,,0.022200680454931287
USAR,2276,Domestic Common Stock Primary Class,Domestic Common Stock Primary Class,,,1,IPXXU IPXX,244720099.0,230215000.0,230215000.0,1.0,19.04,4659470685.0,1.836,2538028000.0,2026-08-10,2026-08-10,2026-06-30,ad96a4da4ee9f2a3820a6e48731ca3d2cf0b28a126b78c11c3b44a65e9a40d25,af2813ac1c4ece06f51eb56ba4a695395e5fc8be9bba38ef6248962dc1e4f77b,13.739999771118164,2026-10-06,OWNERSHIP_BASIS_UNVERIFIED,244720099.00210086,244738414.2857143,244720099.0,8.58468851561156e-10,0.007484176284711097,0.00013739919338950912,PRIMARY_CLASS,PROVIDER_METADATA_ONLY,UNREVIEWED,NOT_PROVEN_ADR,UNREVIEWED,REQUIRES_MORE_EVIDENCE,"Formula reconciles, but neither metadata nor canonical one-active-security count proves complete legal/economic common share perimeter. No official issuer deep dive in bounded sample; hold pending evidence.",4.808441933512597e-06,OK,OK,False,,False,False,58,,0.007484177143246562
UTZ,2284,Domestic Common Stock Primary Class,Domestic Common Stock Primary Class,,,1,CCH.U CCH,143962213.0,88510845.0,88510845.0,1.0,14.12,2032746448.0,2.921,695900000.0,2026-08-05,2026-08-05,2026-06-28,0df24785225948916adf8744baa7283e8e5943d3fab908dc0153888158c76428,2b371d328adca615403156c45ea13d161dae852af374ace05719ae1d10e7a8a7,14.270000457763672,2026-10-06,OWNERSHIP_BASIS_UNVERIFIED,143962213.0311615,143960616.14730877,143962213.0,2.164559642636732e-08,0.001109238194596518,3.240120707026506e-05,PRIMARY_CLASS,PROVIDER_METADATA_ONLY,UNREVIEWED,NOT_PROVEN_ADR,UNREVIEWED,REQUIRES_MORE_EVIDENCE,"Formula reconciles, but neither metadata nor canonical one-active-security count proves complete legal/economic common share perimeter. No official issuer deep dive in bounded sample; hold pending evidence.",8.104880766524047e-07,OK,OK,False,,False,False,63,,0.0011092165492332384
VAL,2287,Domestic Common Stock Primary Class,Domestic Common Stock Primary Class,,,1,,69435807.0,69300000.0,70400000.0,1.0,77.21,5361138658.0,1.665,3220700000.0,2026-08-06,2026-08-06,2026-06-30,67ae73aedae54f743dc35a62d4f06f402401b2ecf0f4cd73c540f96a35649839,c468ced53e31eeb1cff56b4e8ae7477c02b57e80df281e280e58354801e6b0e8,82.0,2026-10-06,OWNERSHIP_BASIS_UNVERIFIED,69435806.99391271,69452991.84043518,69435807.0,8.766787296110579e-09,0.02474925728734867,0.00041197317353369733,PRIMARY_CLASS,PROVIDER_METADATA_ONLY,UNREVIEWED,NOT_PROVEN_ADR,UNREVIEWED,REQUIRES_MORE_EVIDENCE,"Formula reconciles, but neither metadata nor canonical one-active-security count proves complete legal/economic common share perimeter. No official issuer deep dive in bounded sample; hold pending evidence.",1.1857626436295732e-06,OK,OK,False,,False,False,62,,0.024749248518385336
VANI,2288,Domestic Common Stock Primary Class,Domestic Common Stock Primary Class,,,1,EYES,90203356.0,87090000.0,87090000.0,1.0,1.34,120872497.0,6.373,18967000.0,2026-08-13,2026-08-13,2026-06-30,f1f7d779797a5d1c696d1a8313dc2e1773cd87e22a9d7dde0d1fa99981740f86,bffb539ec9125ef988aff7d353372ea238ef2f894f52fb5a686db24ed6ac8711,1.2400000095367432,2026-10-06,OWNERSHIP_BASIS_UNVERIFIED,90203355.97014925,90206485.82089552,90203356.0,3.3092728557448936e-08,0.0034697719531795457,0.00022112089418513392,PRIMARY_CLASS,PROVIDER_METADATA_ONLY,UNREVIEWED,NOT_PROVEN_ADR,UNREVIEWED,REQUIRES_MORE_EVIDENCE,"Formula reconciles, but neither metadata nor canonical one-active-security count proves complete legal/economic common share perimeter. No official issuer deep dive in bounded sample; hold pending evidence.",2.490940365085237e-06,OK,OK,False,,False,False,55,,0.0034697388592963563
VELO,2296,Domestic Common Stock Primary Class,Domestic Common Stock Primary Class,,,1,VLDX SPFR VLD SPFR.U,32149118.0,29448322.0,29448322.0,1.0,13.69,440121425.0,3.003,146539000.0,2026-08-11,2026-08-11,2026-06-30,0914f5ac24a31b069e64daf78b1c962f8922cf8bcd95c4d6780b85ad915809de,00c12d6522a61ddb3a06bf9908ecfc0bc655ed384e7894cc5bfac25aa621f386,9.569999694824219,2026-10-06,OWNERSHIP_BASIS_UNVERIFIED,32149117.969320673,32144384.002921842,32149118.0,9.542819867647268e-08,0.014725027303541527,0.000442257692491399,PRIMARY_CLASS,PROVIDER_METADATA_ONLY,UNREVIEWED,NOT_PROVEN_ADR,UNREVIEWED,REQUIRES_MORE_EVIDENCE,"Formula reconciles, but neither metadata nor canonical one-active-security count proves complete legal/economic common share perimeter. No official issuer deep dive in bounded sample; hold pending evidence.",3.06513293635291e-06,OK,OK,False,,False,False,57,,0.014725122717695882
VKTX,2309,Domestic Common Stock Primary Class,Domestic Common Stock Primary Class,,,1,,116652937.0,116263000.0,116263000.0,1.0,33.43,3899707684.0,9.551,408317000.0,2026-07-29,2026-07-29,2026-06-30,a01c8307152fad99e840c24b52fb6980da7ad8235b86c21f2171cb31e25b0737,47b1dddcdb5a7aa7eeecf151e6b38a9b8d7a2a12b21412d6eebde23d0d30404a,28.3799991607666,2026-10-06,OWNERSHIP_BASIS_UNVERIFIED,116652937.0026922,116656765.39036794,116652937.0,2.307865010209298e-09,0.003281861369397454,0.00031344029271451745,PRIMARY_CLASS,PROVIDER_METADATA_ONLY,UNREVIEWED,NOT_PROVEN_ADR,UNREVIEWED,REQUIRES_MORE_EVIDENCE,"Formula reconciles, but neither metadata nor canonical one-active-security count proves complete legal/economic common share perimeter. No official issuer deep dive in bounded sample; hold pending evidence.",9.128799938196153e-07,OK,OK,False,,False,False,70,,0.0032818636773290777
VNO,2317,Domestic Common Stock Primary Class,Domestic Common Stock Primary Class,,,1,VNO-PO VNO-PI VNO-PM VNO-PJ VNO-PN VORTP VNO-PG VNO-PL VNO-PK,186720531.0,187279000.0,194201000.0,1.0,39.93,7455750803.0,1.288,5787587000.0,2026-08-03,2026-08-03,2026-06-30,62fe4ac1d7e7271de952a06772fff13f1344be6fd6ac50891ae05b66aea8d359,c5917589684c65963d09a28fa4995bc71b8beca32ac515cd41660172caefd71d,33.52000045776367,2026-10-06,OWNERSHIP_BASIS_UNVERIFIED,186720531.00425744,186687003.6563987,186720531.0,2.280109434593669e-09,0.017955897874966098,0.00023131349904548237,PRIMARY_CLASS,PROVIDER_METADATA_ONLY,UNREVIEWED,NOT_PROVEN_ADR,UNREVIEWED,REQUIRES_MORE_EVIDENCE,"Formula reconciles, but neither metadata nor canonical one-active-security count proves complete legal/economic common share perimeter. No official issuer deep dive in bounded sample; hold pending evidence.",7.642769306315245e-07,OK,OK,False,,False,False,65,,0.017955895595267446
VRRM,2326,Domestic Common Stock Primary Class,Domestic Common Stock Primary Class,,,1,GSHTU GSHT,151982804.0,151945000.0,151945000.0,1.0,5.61,852623530.0,3.813,223622000.0,2026-08-05,2026-08-05,2026-06-30,cf0d43069d84e23a55f32ec62401dda39252de98a19ec1a753c10a8d1b04e57a,7d6e7ecd905117cbbf8aa308e5778b2c21eb0b5209156c9f4ec7fb0610b0fcf5,2.819999933242798,2026-10-06,OWNERSHIP_BASIS_UNVERIFIED,151982803.92156863,151991209.62566844,151982804.0,5.160543103954751e-08,0.005530694185740259,0.00021087370652272952,PRIMARY_CLASS,PROVIDER_METADATA_ONLY,UNREVIEWED,NOT_PROVEN_ADR,UNREVIEWED,REQUIRES_MORE_EVIDENCE,"Formula reconciles, but neither metadata nor canonical one-active-security count proves complete legal/economic common share perimeter. No official issuer deep dive in bounded sample; hold pending evidence.",2.3799358928044967e-06,OK,OK,False,,False,False,63,,0.005530642577467049
VRT,2329,Domestic Common Stock Primary Class,Domestic Common Stock Primary Class,,,1,GSAH.U VERT.U GSAH,384988173.0,384555346.0,392746991.0,1.0,223.04,85867762106.0,18.049,4757600000.0,2026-07-29,2026-07-29,2026-06-30,a6c0541089bf9bcb01f4099f996543233f86e48ca199cbb09ffc184ffd5cac7a,e09369a1b4e9e13c2b5dc298a9ad6126c3587a09821ff2407c08b76d6dd2483b,253.13999938964844,2026-10-06,OWNERSHIP_BASIS_UNVERIFIED,384988173.0003587,384997858.6800574,384988173.0,9.316991622654314e-11,0.0025158382459533613,0.0004540722212880155,PRIMARY_CLASS,PROVIDER_METADATA_ONLY,UNREVIEWED,NOT_PROVEN_ADR,UNREVIEWED,REQUIRES_MORE_EVIDENCE,"Formula reconciles, but neither metadata nor canonical one-active-security count proves complete legal/economic common share perimeter. No official issuer deep dive in bounded sample; hold pending evidence.",3.010162830108243e-06,OK,OK,False,,False,False,70,,0.0025158383391232775
VS,2331,Domestic Common Stock Primary Class,Domestic Common Stock Primary Class,,,1,VRSSF,6212646.0,4959302.0,4959302.0,1.0,1.41,8759831.0,0.74,11837643.0,2026-08-14,2026-08-14,2026-06-30,1fff1bc8b08ff486771c85b7e9e42ffcc6ae8992a60c03b50e857abd124c89a8,ad7398a3043cc85905e0fdc932e7505d4f29e4f893a11f087b1786368e5cfd22,1.0800000429153442,2026-10-06,OWNERSHIP_BASIS_UNVERIFIED,6212646.099290781,6212663.70212766,6212646.0,1.5982043577444927e-06,0.00028333879955599883,2.096701176013127e-06,PRIMARY_CLASS,PROVIDER_METADATA_ONLY,UNREVIEWED,NOT_PROVEN_ADR,UNREVIEWED,REQUIRES_MORE_EVIDENCE,"Formula reconciles, but neither metadata nor canonical one-active-security count proves complete legal/economic common share perimeter. No official issuer deep dive in bounded sample; hold pending evidence.",2.3672766635840503e-06,OK,OK,False,,False,False,54,,0.00028493700847675996
VSEC,2333,Domestic Common Stock Primary Class,Domestic Common Stock Primary Class,,,1,VSECU,28064972.0,30941788.0,31385479.0,1.0,225.45,6327247937.0,2.157,2933436000.0,2026-08-06,2026-08-06,2026-06-30,338d41c3a52608a6b1ad713fb7d3680d964eee29dbba108c6cb9bfd2cadd5923,7e7b6d1cc0e8eabb62f7a526a7182f6d245ff27c3c9b219a2f029f485f0ddc8d,168.47999572753906,2026-10-06,OWNERSHIP_BASIS_UNVERIFIED,28064971.99822577,28065741.636726547,28064972.0,6.321854151281059e-09,0.0027423455146280418,5.915077063223251e-05,PRIMARY_CLASS,PROVIDER_METADATA_ONLY,UNREVIEWED,NOT_PROVEN_ADR,UNREVIEWED,REQUIRES_MORE_EVIDENCE,"Formula reconciles, but neither metadata nor canonical one-active-security count proves complete legal/economic common share perimeter. No official issuer deep dive in bounded sample; hold pending evidence.",1.353629541789303e-06,OK,OK,False,,False,False,62,,0.002742339192596255
VST,2335,Domestic Common Stock Primary Class,Domestic Common Stock Primary Class,,,1,DYNC1 VSTE DYNC,335635195.0,336846562.0,339230976.0,1.0,142.87,47952200310.0,8.747,5482000000.0,2026-08-10,2026-08-10,2026-06-30,6725755c44fe88fc6d7aeb4a74b68e3868efc802b6f2697205ed3e1afdb8ce4f,785892e469d10638126bd91396e1902fa5df0318bce39c085b9b5340ee0bc738,160.5,2026-10-06,OWNERSHIP_BASIS_UNVERIFIED,335635195.00244975,335627171.55456007,335635195.0,7.298828208490704e-10,0.0023905263837553647,0.00020910434148113666,PRIMARY_CLASS,PROVIDER_METADATA_ONLY,UNREVIEWED,NOT_PROVEN_ADR,UNREVIEWED,REQUIRES_MORE_EVIDENCE,"Formula reconciles, but neither metadata nor canonical one-active-security count proves complete legal/economic common share perimeter. No official issuer deep dive in bounded sample; hold pending evidence.",3.4176611651837163e-06,OK,OK,False,,False,False,58,,0.002390525653883646
VTR,2341,Domestic Common Stock Primary Class,Domestic Common Stock Primary Class,,,1,VTRB VC,512946359.0,512946359.0,,1.0,91.92,47150029319.0,3.219,14649399000.0,2026-07-30,2026-07-30,2026-06-30,211785d3b71011855b4a9882204746c07f29bec37df1109199f382910a5e09c4,2fec09895159787ac549220c669655d955b170454275d4ab454682f05a2fa45e,81.86000061035156,2026-10-06,OWNERSHIP_BASIS_UNVERIFIED,512946358.99695385,513015833.12663186,512946359.0,5.938582958719962e-10,0.013544131556741945,0.00043592655234503397,PRIMARY_CLASS,PROVIDER_METADATA_ONLY,UNREVIEWED,NOT_PROVEN_ADR,UNREVIEWED,REQUIRES_MORE_EVIDENCE,"Formula reconciles, but neither metadata nor canonical one-active-security count proves complete legal/economic common share perimeter. No official issuer deep dive in bounded sample; hold pending evidence.",1.9920090132963253e-06,OK,OK,False,,False,False,69,,0.013544130962794831
VZ,2350,Domestic Common Stock Primary Class,Domestic Common Stock Primary Class,COMMON_OR_ORDINARY,https://www.sec.gov/Archives/edgar/data/732712/000073271226000046/vz-20260630.htm,1,BEL VZA-CL,4154775202.0,4168000000.0,4171000000.0,1.0,46.81,194485027206.0,1.871,103920000000.0,2026-07-31,2026-07-31,2026-06-30,17e1c21f10a58d0f368799efdccc6d8f30135c18dee6d0155f4cde7dc597534a,bfaf97dcfa737f7f3140f3d3bde74f5959a1f8a7f079c3622b02ef2da8b2266d,45.97999954223633,2026-10-06,OWNERSHIP_BASIS_UNVERIFIED,4154775202.0081177,4153691946.165349,4154775202.0,1.9537704787353505e-10,0.026072550020161955,0.000487944630485071,PRIMARY_CLASS,PROVIDER_METADATA_ONLY,ONE_COMMON_CLASS_COUNT_RECONCILED,DIRECT_COMMON,REVIEW_SUPPORTED_CONDITIONAL_NEXT_CONTRACT,SAFE_TO_RELEASE_UNDER_GENERIC_CONTRACT,"Official latest accepted filing cover common/ordinary count matches sharesbas; provider price times independently reported count reconciles marketcap. Carry-forward is a dated reporting approximation, not independently observed current shares.",2.933755638423463e-06,OK,OK,True,,False,True,68,,0.026072549824829316
WBD,2354,Domestic Common Stock Primary Class,Domestic Common Stock Primary Class,,,1,DISCK DISCA DISCB,2510703314.0,2511000000.0,2575000000.0,1.0,26.4,66282567490.0,2.018,32838000000.0,2026-08-06,2026-08-06,2026-06-30,28c83809284d963e1ed14809d857c88c43a6328300906624d0e898ea50f83d0c,a61701cdc8f6e70d386de8780935abc4b6c83efb5a075ee1d64f1358d87b0760,30.950000762939453,2026-10-06,OWNERSHIP_BASIS_UNVERIFIED,2510703314.0151515,2510116818.181818,2510703314.0,6.034728272652501e-10,0.023359822327850832,0.0004715113587918651,PRIMARY_CLASS,PROVIDER_METADATA_ONLY,UNREVIEWED,NOT_PROVEN_ADR,UNREVIEWED,REQUIRES_MORE_EVIDENCE,"Formula reconciles, but neither metadata nor canonical one-active-security count proves complete legal/economic common share perimeter. No official issuer deep dive in bounded sample; hold pending evidence.",1.4449610841182903e-06,OK,OK,False,,False,False,62,,0.023359821724522334
WCC,2355,Domestic Common Stock Primary Class,Domestic Common Stock Primary Class,,,1,WCC-PA,48732854.0,48732854.0,,1.0,342.67,16699287080.0,3.199,5219800000.0,2026-07-30,2026-07-30,2026-06-30,52074d9dd86039588dd1a7f193d57fac2595facef51f481214cd67effef3494e,0efe765d46e469d3ebdb51d735a2311349bdb2990e23b0b0fb14763717b73a44,384.0899963378906,2026-10-06,OWNERSHIP_BASIS_UNVERIFIED,48732853.99947471,48729507.105962,48732854.0,1.077893330148072e-09,0.00686783809695779,0.00021971723054559078,PRIMARY_CLASS,PROVIDER_METADATA_ONLY,UNREVIEWED,NOT_PROVEN_ADR,UNREVIEWED,REQUIRES_MORE_EVIDENCE,"Formula reconciles, but neither metadata nor canonical one-active-security count proves complete legal/economic common share perimeter. No official issuer deep dive in bounded sample; hold pending evidence.",3.918561408688959e-06,OK,OK,False,,False,False,69,,0.006867839174773405
WELL,2362,Domestic Common Stock Primary Class,Domestic Common Stock Primary Class,,,1,HCN-PJ HCN HCN-PI WELL-PI,720744951.0,709732000.0,737956000.0,1.0,243.57,175551847715.0,3.782,46414348000.0,2026-07-28,2026-07-28,2026-06-30,32b5237896add3e0fec2c50a46952155d25c7cbdf5eaa58dbf0dc95572f5a1dc,8403e3102b9105032f7399737654b2ccc07b4f31105594d33e1e425a9e6347c3,225.77999877929688,2026-10-06,OWNERSHIP_BASIS_UNVERIFIED,720744950.9997126,720692466.7898346,720744951.0,3.987921104453562e-11,0.007281939305325835,0.0002754230006636327,PRIMARY_CLASS,PROVIDER_METADATA_ONLY,UNREVIEWED,NOT_PROVEN_ADR,UNREVIEWED,REQUIRES_MORE_EVIDENCE,"Formula reconciles, but neither metadata nor canonical one-active-security count proves complete legal/economic common share perimeter. No official issuer deep dive in bounded sample; hold pending evidence.",3.007028270829437e-06,OK,OK,False,,False,False,71,,0.007281939345193944
WEN,2363,Domestic Common Stock Primary Class,Domestic Common Stock Primary Class,,,1,TRY TRY.B,190669930.0,190669930.0,,1.0,7.69,1466251762.0,12.171,120467000.0,2026-08-07,2026-08-07,2026-06-28,2a64513def6aa1b7fc621284f1fa5ad8de6ac9f1342112116700a8804f09c627,2d256fb32acdede8618864270101fb639cda9ec176137296be7da76189345384,6.159999847412109,2026-10-06,OWNERSHIP_BASIS_UNVERIFIED,190669930.0390117,190663700.52015603,190669930.0,2.0460322325277502e-08,0.003267174249443894,0.00039766077017056034,PRIMARY_CLASS,PROVIDER_METADATA_ONLY,UNREVIEWED,NOT_PROVEN_ADR,UNREVIEWED,REQUIRES_MORE_EVIDENCE,"Formula reconciles, but neither metadata nor canonical one-active-security count proves complete legal/economic common share perimeter. No official issuer deep dive in bounded sample; hold pending evidence.",7.440891902632529e-07,OK,OK,False,,False,False,61,,0.0032671537897877023
WGS,2370,Domestic Common Stock Primary Class,Domestic Common Stock Primary Class,,,1,CMLFU CMLF SMFR,29822541.0,59420278.0,59420278.0,1.0,67.86,2023757632.0,8.287,244221000.0,2026-08-03,2026-08-03,2026-06-30,7d752c8261a84ab5598498691ab3e0db9d99048f77ae8e627579b6792b25e635,d7130ed37a8b75d60bd277a06375c34e24e0df1f02ec7823e4809b746b43b891,71.5199966430664,2026-10-06,OWNERSHIP_BASIS_UNVERIFIED,29822540.996168584,29824041.069849696,29822541.0,1.2847389818659849e-08,0.005029999560757226,0.00041681509780211456,PRIMARY_CLASS,PROVIDER_METADATA_ONLY,UNREVIEWED,NOT_PROVEN_ADR,UNREVIEWED,REQUIRES_MORE_EVIDENCE,"Formula reconciles, but neither metadata nor canonical one-active-security count proves complete legal/economic common share perimeter. No official issuer deep dive in bounded sample; hold pending evidence.",8.994275990659162e-07,OK,OK,False,,False,False,65,,0.005029986712723478
WHR,2374,Domestic Common Stock Primary Class,Domestic Common Stock Primary Class,,,1,WHRDL WHR-PA,65199378.0,65000000.0,65200000.0,1.0,44.62,2909196246.0,0.74,3933000000.0,2026-08-04,2026-08-04,2026-06-30,1b3da2f489ad570ec7503bb59d324a846aafbc5206ef2273690a4fd49787c85d,c7ea092dfb05a358f19843a77b9f878aa3ae224e926ae9420691f1064cb5059a,30.149999618530273,2026-10-06,OWNERSHIP_BASIS_UNVERIFIED,65199377.99193187,65226804.12371135,65199378.0,1.2374545832471995e-08,0.04206502059400652,0.0003111502669718158,PRIMARY_CLASS,PROVIDER_METADATA_ONLY,UNREVIEWED,NOT_PROVEN_ADR,UNREVIEWED,REQUIRES_MORE_EVIDENCE,"Formula reconciles, but neither metadata nor canonical one-active-security count proves complete legal/economic common share perimeter. No official issuer deep dive in bounded sample; hold pending evidence.",2.3938037441162408e-06,OK,OK,False,,False,False,64,,0.04206500821426484
WKSP,2380,Domestic Common Stock Primary Class,Domestic Common Stock Primary Class,,,1,,15298333.0,11858684.0,11858684.0,1.0,0.711,10881704.0,0.57,19076254.0,2026-08-11,2026-08-11,2026-06-30,15d80b8391eb16dfa8f9d7c55bfe24fba7a89313b78f9a125aebab940c066553,7d9d39da2bc396cd19acc1323d331e02d28575bb7538ca6a6360e40e8622e6c9,0.38499999046325684,2026-10-06,OWNERSHIP_BASIS_UNVERIFIED,15304787.623066105,15293199.409282701,15298333.0,0.04217388195819627,0.07571626649649499,0.0004319097449636544,PRIMARY_CLASS,PROVIDER_METADATA_ONLY,UNREVIEWED,NOT_PROVEN_ADR,UNREVIEWED,REQUIRES_MORE_EVIDENCE,"Formula reconciles, but neither metadata nor canonical one-active-security count proves complete legal/economic common share perimeter. No official issuer deep dive in bounded sample; hold pending evidence.",0.042196265755833906,OK,OK,False,,False,False,57,,0.03355653663245084
WLY,2383,Domestic Common Stock Primary Class,Domestic Common Stock Primary Class,,,1,JW.A WLYB JW.B,50683930.0,50752000.0,50752000.0,1.0,48.19,2442458587.0,3.064,797039000.0,2026-09-04,2026-09-04,2026-07-31,90657cbff07dee86ded93afbab675495cb4e6ebc51a382194342d7812572fcc6,227ba66e087b7469daa1887a1ec98af1e92b8eb160d9614a8b853ebb1b083875,48.45000076293945,2026-10-06,OWNERSHIP_BASIS_UNVERIFIED,50683930.00622536,50677059.472919695,50683930.0,1.2282719286105248e-08,0.013555644372531539,0.0004154012538908347,PRIMARY_CLASS,PROVIDER_METADATA_ONLY,UNREVIEWED,NOT_PROVEN_ADR,UNREVIEWED,REQUIRES_MORE_EVIDENCE,"Formula reconciles, but neither metadata nor canonical one-active-security count proves complete legal/economic common share perimeter. No official issuer deep dive in bounded sample; hold pending evidence.",2.8497427084772653e-06,OK,OK,False,,False,False,33,,0.01355563209148869
WSO,2399,Domestic Common Stock Primary Class,Domestic Common Stock Primary Class,,https://www.sec.gov/Archives/edgar/data/105016/000119312526340204/wso-20260630.htm,1,WSO.B,41252194.0,41252194.0,,1.0,330.1,13617349239.0,4.548,2994413000.0,2026-08-07,2026-08-07,2026-06-30,5783980a711454150017f786f08571adb181d51453ad59bd0403500da0898017,f05ca658137688c17bca391aba1e06ac0a68576e2cfa3e5009aa962e3200c37d,290.8299865722656,2026-10-06,OWNERSHIP_BASIS_UNVERIFIED,41252193.998788245,41255953.72311421,41252194.0,2.937428078553239e-09,0.009113998460485995,0.0004144668754779701,PRIMARY_CLASS,PROVIDER_METADATA_ONLY,MULTI_CLASS_OR_LLC_PERIMETER_REVIEW,NOT_PROVEN_ADR,UNREVIEWED,REQUIRES_MULTI_CLASS_CONTRACT,"Quoted common 35,588,756 + B 5,663,438 = provider total. Separate WSO.B quote; require class-specific prices/rights.",1.848989872321738e-06,OK,OK,False,,False,True,61,,0.009113995522769258
WTRG,2402,Domestic Common Stock Primary Class,Domestic Common Stock Primary Class,,,1,PSC WTRU WTRZU WTR,283778605.0,283655000.0,284088000.0,1.0,39.59,11234794972.0,1.601,7018256000.0,2026-08-05,2026-08-05,2026-06-30,a0460b61345ba4af7a9ce48b2e26df5b566725e6ac2b955e87ec1c4e78553f60,d17d1e55a2ddff5da6f3b968de39ed2b102975e9cf84ff083f74f847bad2868f,38.810001373291016,2026-10-06,OWNERSHIP_BASIS_UNVERIFIED,283778605.0012629,283814798.0803233,283778605.0,4.45032899420994e-10,0.012753984416913333,0.0002041652513102843,PRIMARY_CLASS,PROVIDER_METADATA_ONLY,UNREVIEWED,NOT_PROVEN_ADR,UNREVIEWED,REQUIRES_MORE_EVIDENCE,"Formula reconciles, but neither metadata nor canonical one-active-security count proves complete legal/economic common share perimeter. No official issuer deep dive in bounded sample; hold pending evidence.",3.8542027347432395e-07,OK,OK,False,,False,False,63,,0.012753984862001744
WY,2408,Domestic Common Stock Primary Class,Domestic Common Stock Primary Class,,,1,WY-PA WYHSP,720736000.0,721421000.0,721901000.0,1.0,25.03,18040022080.0,1.908,9456000000.0,2026-07-31,2026-07-31,2026-06-30,20e093802437c4d9deeb5cca35cc1ba47eff908af6a35de8108747a8542454c5,a8c9d7dd8679a370a2e72bb884208989308f62bb0ed3b6cfd5ebf1d6b2bfff6a,18.600000381469727,2026-10-06,OWNERSHIP_BASIS_UNVERIFIED,720736000.0,720816939.6723931,720736000.0,0.0,0.011230141465534693,0.000214247038917037,PRIMARY_CLASS,PROVIDER_METADATA_ONLY,UNREVIEWED,NOT_PROVEN_ADR,UNREVIEWED,REQUIRES_MORE_EVIDENCE,"Formula reconciles, but neither metadata nor canonical one-active-security count proves complete legal/economic common share perimeter. No official issuer deep dive in bounded sample; hold pending evidence.",2.7432900839841068e-06,OK,OK,False,,False,False,68,,0.011230141465534693
XEL,2411,Domestic Common Stock Primary Class,Domestic Common Stock Primary Class,,,1,XELLL NSP,624634306.0,625000000.0,627000000.0,1.0,78.23,48865141758.0,2.031,24057000000.0,2026-07-30,2026-07-30,2026-06-30,c7ad0f837c1456497b3262e589ba19c6d0e23d20dd26a9f9560a80bc998d011e,c4bd2da0c9b5258d5954c4e382e21c82609ddc1d7ea43c688da9b9db7b1511f2,72.7300033569336,2026-10-06,OWNERSHIP_BASIS_UNVERIFIED,624634305.9951425,624565601.4316758,624634306.0,7.776668198289372e-10,0.010999165881098172,0.0002234176331210591,PRIMARY_CLASS,PROVIDER_METADATA_ONLY,UNREVIEWED,NOT_PROVEN_ADR,UNREVIEWED,REQUIRES_MORE_EVIDENCE,"Formula reconciles, but neither metadata nor canonical one-active-security count proves complete legal/economic common share perimeter. No official issuer deep dive in bounded sample; hold pending evidence.",4.291107735809874e-06,OK,OK,False,,False,False,69,,0.010999166658676174
XOS,2421,Domestic Common Stock Primary Class,Domestic Common Stock Primary Class,,,1,NGAC NGACU,14217852.0,12591000.0,12591000.0,1.0,2.58,36682058.0,1.605,22857000.0,2026-08-13,2026-08-13,2026-06-30,ae5e513757777b213635fa6dc4d2c65334024098a584ed21bf0d18837f922b22,807f5c4357e8c0ee85f2cbdc3c488a8e351c0d7b72dc73a80a9564eb6546f082,3.319999933242798,2026-10-06,OWNERSHIP_BASIS_UNVERIFIED,14217851.937984496,14219180.232558139,14217852.0,4.361805361341453e-07,0.009342442018911434,0.00014993218707615164,PRIMARY_CLASS,PROVIDER_METADATA_ONLY,UNREVIEWED,NOT_PROVEN_ADR,UNREVIEWED,REQUIRES_MORE_EVIDENCE,"Formula reconciles, but neither metadata nor canonical one-active-security count proves complete legal/economic common share perimeter. No official issuer deep dive in bounded sample; hold pending evidence.",2.9571296633612576e-06,OK,OK,False,,False,False,55,,0.009342005797630115
XRX,2429,Domestic Common Stock Primary Class,Domestic Common Stock Primary Class,,,1,,131314511.0,131314511.0,,1.0,3.23,424145871.0,1.313,323000000.0,2026-08-06,2026-08-06,2026-06-30,dcc3e6af485246563d8959bc04f132589f936fa2c299b803d6b57065899b1d5f,864b2caea4e52b941c8f14d0161fbefbeb131f4ae5c0da619fde8889426bef71,2.930000066757202,2026-10-06,OWNERSHIP_BASIS_UNVERIFIED,131314511.14551084,131300000.0,131314511.0,1.1081093820308752e-07,0.011050679307456068,0.00014511145510831547,PRIMARY_CLASS,PROVIDER_METADATA_ONLY,UNREVIEWED,NOT_PROVEN_ADR,UNREVIEWED,REQUIRES_MORE_EVIDENCE,"Formula reconciles, but neither metadata nor canonical one-active-security count proves complete legal/economic common share perimeter. No official issuer deep dive in bounded sample; hold pending evidence.",5.905104183412391e-07,OK,OK,False,,False,False,62,,0.011050568508763625
ZEO,2445,Domestic Common Stock Primary Class,Domestic Common Stock Primary Class,,,1,ESACU ESAC,58783489.0,35194815.0,35837664.0,1.0,0.618,36339953.0,3.923,9263661.0,2026-08-14,2026-08-14,2026-06-30,1f720504075c1a263ae22db301cb6ca200e03e018cbc869d0b97ccaab0ac931b,d023be30a38f0034507191275feff0031804f4ff2aa2161ce401460bce77b0cf,0.289000004529953,2026-10-06,OWNERSHIP_BASIS_UNVERIFIED,58802512.94498382,58804760.68446602,58783489.0,0.03235226528773838,0.0038225228304433756,0.00014995183869537243,PRIMARY_CLASS,PROVIDER_METADATA_ONLY,UNREVIEWED,NOT_PROVEN_ADR,UNREVIEWED,REQUIRES_MORE_EVIDENCE,"Formula reconciles, but neither metadata nor canonical one-active-security count proves complete legal/economic common share perimeter. No official issuer deep dive in bounded sample; hold pending evidence.",4.7066450847843555e-06,OK,OK,False,,False,False,54,,0.036186495269130425
ZLAB,2448,ADR Common Stock,ADR Common Stock,ADS,https://www.sec.gov/Archives/edgar/data/1704292/000162828026053793/zlab-20260630.htm,1,,1122662280.0,1116973380.0,1116973380.0,0.1,20.88,2344118841.0,3.862,607037000.0,2026-08-06,2026-08-06,2026-06-30,ddf2f58406bc2648920b6b5980c11234b0b9ff38a631b5fb866995ea9927e808,f41535c4945861471dfa587c935fd507a7000366b53a2b01968e2e937eedce87,25.579999923706055,2026-10-06,OWNERSHIP_BASIS_UNVERIFIED,112266228.01724139,112278586.87739465,112266228.0,1.5357592975107082e-08,0.011008528897371583,0.000425102588474946,ADR_LABELLED,PROVIDER_METADATA_ONLY,UNREVIEWED,OFFICIAL_RATIO_VERIFIED,REVIEW_SUPPORTED_CONDITIONAL_NEXT_CONTRACT,REQUIRES_ADR_FACTOR_CONTRACT,"Official July 31 ordinary total 1,122,662,280 matches provider; ADS 1:10. Deposited ordinary 430,452,680 is a subset; whole-company ADS equivalents differ from depositary float.",4.019317034753556e-06,OWNERSHIP_BASIS_UNVERIFIED,OK,True,0.1,False,False,62,1.5357592975107082e-08,0.011008544256640995
ZURA,2454,Domestic Common Stock Primary Class,Domestic Common Stock Primary Class,,,1,JATT JATT.U,95829137.0,126803970.0,126803970.0,1.0,5.56,532810002.0,2.703,197085000.0,2026-08-11,2026-08-11,2026-06-30,938f0b1fd98e9cb99c8d12f0be870cb734aad1e929543126cb735b299fbe84b4,57bdb2bdc4bc42154be7e08a91394dfb32380d737c7ecb07910237c8d4d667da,3.9600000381469727,2026-10-06,OWNERSHIP_BASIS_UNVERIFIED,95829137.05035973,95813085.43165468,95829137.0,5.255158530559356e-08,0.016750248618657704,0.0004528350711625606,PRIMARY_CLASS,PROVIDER_METADATA_ONLY,UNREVIEWED,NOT_PROVEN_ADR,UNREVIEWED,REQUIRES_MORE_EVIDENCE,"Formula reconciles, but neither metadata nor canonical one-active-security count proves complete legal/economic common share perimeter. No official issuer deep dive in bounded sample; hold pending evidence.",1.0291449359378646e-06,OK,OK,False,,False,False,57,,0.016750196075876467
ZWS,2457,Domestic Common Stock Primary Class,Domestic Common Stock Primary Class,,,1,RXN-PA RXN,165864097.0,167067000.0,168778000.0,1.0,49.31,8178758623.0,4.93,1659100000.0,2026-07-28,2026-07-28,2026-06-30,de2b569c032608ee23ceedde3158b9a28657f385818004a5555bb762423b9f00,aaae65c5192d2bd2fab55ff55f0e403ea3af0d8269c66e000e8e5fd91acd1d5f,47.849998474121094,2026-10-06,OWNERSHIP_BASIS_UNVERIFIED,165864096.9985804,165876353.68079495,165864097.0,8.558931341440257e-10,0.007389593309437004,0.00036428003134236775,PRIMARY_CLASS,PROVIDER_METADATA_ONLY,UNREVIEWED,NOT_PROVEN_ADR,UNREVIEWED,REQUIRES_MORE_EVIDENCE,"Formula reconciles, but neither metadata nor canonical one-active-security count proves complete legal/economic common share perimeter. No official issuer deep dive in bounded sample; hold pending evidence.",2.785015240647226e-06,OK,OK,False,,False,False,71,,0.007389592453477256
ARM,2462,ADR Common Stock,ADR Common Stock,ADS,https://www.sec.gov/Archives/edgar/data/1973239/000197323926000097/arm-20260331.htm,1,,1068000000.0,1066000000.0,1078000000.0,1.0,224.89,240182520000.0,27.831,8630000000.0,2026-07-29,2026-07-29,2026-06-30,e4655ac7ae4a6b95893c115757762152da508ae388f0810faf3aa9cde6fa99cd,480861c1df5c005ef5aff4540a71f3248a54b7acb7527a0a73963919f9de4623,302.55999755859375,2026-10-06,OWNERSHIP_BASIS_UNVERIFIED,1068000000.0000001,1067995597.8478367,1068000000.0,1.1102230246251565e-14,0.0004121865321504714,0.00011471610660507281,ADR_LABELLED,PROVIDER_METADATA_ONLY,UNREVIEWED,OFFICIAL_RATIO_VERIFIED,REVIEW_SUPPORTED_CONDITIONAL_NEXT_CONTRACT,REQUIRES_ADR_FACTOR_CONTRACT,"Official ADS 1:1; ordinary ownership includes controlling shareholder, not just depositary/public float. Official May 21 outstanding total 1,068,078,760 differs by 0.007374% from rounded provider 1,068,000,000. May count remains dated evidence within 180 days, not an independently observed July/October count; precision and carry-forward limitations apply.",2.71400035778413e-07,OK,OK,True,1,False,False,70,0.0,0.0004121865321393692
ASML,2463,ADR Common Stock,ADR Common Stock,COMMON_OR_ORDINARY,https://www.investor.asml.com/share-information,1,,384500000.0,384500000.0,384900000.0,1.0,1815.27,697971315000.0,28.142,24801590909.0,2026-07-15,2026-07-15,2026-06-28,6b77097a4575e29be5e213997a6090b7865405fdd0f5f7c5cbc74782afe6f555,174be0c0c1cdd254848fa4f64085b8be6feff57a5e0b04f0aa56813c6546bc0c,1834.0999755859375,2026-10-06,OWNERSHIP_BASIS_UNVERIFIED,384500000.0,384497276.6371273,384500000.0,0.0,0.0007082868329622016,0.00019932749234286007,ADR_LABELLED,OFFICIAL_DIRECT_COMMON_PROVIDER_ADR_CONFLICT,UNREVIEWED,DIRECT_COMMON,UNREVIEWED,REQUIRES_OFFICIAL_IDENTITY_OVERRIDE,"Issuer identifies registered ordinary shares directly traded on Nasdaq and Euronext, not ADR. Rounded provider share count requires current count/treasury reconciliation.",1.0759418689332279e-06,OK,OK,False,,True,False,84,,0.0007082868329622016
BABA,2465,ADR Common Stock,ADR Common Stock,,https://www.sec.gov/Archives/edgar/data/1577552/000119312526336936/baba-ex99_2.htm,1,,18671000000.0,18671000000.0,19324000000.0,0.125,130.53,304640703750.0,1.95,156195169888.0,2026-08-20,2026-08-20,2026-06-30,ab15b4aac9f82e9c23dcf947420a819127c16e9a4a82efbf7ac2dc3e9f9f497d,dc194ae041a532f637511e65043f2767ab18b76899a417bdfabf28da00ceb07e,109.26000213623047,2026-10-06,OWNERSHIP_BASIS_UNVERIFIED,2333875000.0,2333414397.3155594,2333875000.0,0.0,0.01973553358429747,0.0003849188706868123,ADR_LABELLED,PROVIDER_METADATA_ONLY,UNREVIEWED,UNREVIEWED,POST_OBSERVATION_ACTION_OR_ISSUANCE_REVIEW,REQUIRES_NEWER_SHARE_COUNT,"ADS 1:8 verified. Official August 26 return reports 710,000,000 new shares and closing 19,884,988,918, after provider August 20 base 18,671,000,000. Newer base required.",9.351897034548529e-07,OWNERSHIP_BASIS_UNVERIFIED,OK,False,0.125,False,False,48,0.0,0.01973553358429747
BHP,2466,ADR Common Stock Primary Class,ADR Common Stock Primary Class,ADS,https://www.sec.gov/Archives/edgar/data/811809/000119312526355840/d54971d6k.htm,1,BBL,5081391706.0,5081391706.0,,0.5,89.09,226350593544.0,4.445,50923000000.0,2026-08-18,2026-08-18,2026-06-30,ce8e6a878f4dcac973391b3df08fc86ca481761e8274dd33dfb0eb6fd7f9beea,fe4bdffdf5a22f1b5dd0a5a17d6df49378337644e5eccbfcdb19d7996524393f,87.0,2026-10-06,OWNERSHIP_BASIS_UNVERIFIED,2540695853.0025816,2540719889.9988775,2540695853.0,1.0160761121369433e-10,0.0009460792509852212,4.2052824853477944e-05,ADR_LABELLED,PROVIDER_METADATA_ONLY,UNREVIEWED,OFFICIAL_RATIO_VERIFIED,UNREVIEWED,REQUIRES_ADR_FACTOR_CONTRACT,"Official ordinary total 5,081,391,706 matches provider, but includes 1,228,608 treasury shares; public shares 5,080,163,098. ADS ratio 1:2 verified. Resolve treasury exclusion before release.",4.110572882076724e-06,OWNERSHIP_BASIS_UNVERIFIED,OK,False,0.5,False,False,50,1.0160761121369433e-10,0.0009460793525928324
BIDU,2467,ADR Common Stock,ADR Common Stock,,https://www.sec.gov/Archives/edgar/data/1329099/000119312526293465/d88301dex991.htm,1,,2716000000.0,2716000000.0,2755000000.0,0.125,90.87,30850365000.0,0.764,40354013840.0,2026-08-18,2026-08-18,2026-06-30,6d72277724fd953ab1eb6efd042a77c82e2c2d808587f6b9a9de013b837b3ca8,bf8189c6eddcbca234a35e20bcc6e99b51229e2cefb50d8a7ada1410b058286b,87.05000305175781,2026-10-06,OWNERSHIP_BASIS_UNVERIFIED,339500000.0,339281023.1513151,339500000.0,0.0,0.06449980815461664,0.0004930965806497767,ADR_LABELLED,PROVIDER_METADATA_ONLY,MULTI_CLASS_OR_LLC_PERIMETER_REVIEW,UNREVIEWED,UNREVIEWED,REQUIRES_MULTI_CLASS_CONTRACT,ADS 1:8 Class A verified; aggregate A/B ordinary base and different voting rights need independent economic-rights/class perimeter review.,3.0225399294536714e-06,OWNERSHIP_BASIS_UNVERIFIED,OK,False,0.125,False,False,50,0.0,0.06449980815461664
CAMT,2469,ADR Common Stock,ADR Common Stock,COMMON_OR_ORDINARY,https://www.sec.gov/Archives/edgar/data/1109138/000117891326001561/zk2634678.htm,1,,46668177.0,46643000.0,51520000.0,1.0,158.1,7378238784.0,10.39,710163000.0,2026-08-10,2026-08-10,2026-06-30,45ca1f8104642cfb0eae3b3c1bbc9bb2a20b43a71bfb550bb46d80244901ce23,6fcdca47232d13fe4fafac994a771e77723960ffd8c1a101b54d7e4dece3a8de,154.5500030517578,2026-10-06,OWNERSHIP_BASIS_UNVERIFIED,46668177.001897536,46670421.0626186,46668177.0,4.066014192005696e-09,0.004808545919776641,0.000499583898344369,OFFICIAL_IDENTITY_CONFLICT,OFFICIAL_DIRECT_COMMON_PROVIDER_ADR_CONFLICT,UNREVIEWED,DIRECT_COMMON,REVIEW_SUPPORTED_CONDITIONAL_NEXT_CONTRACT,REQUIRES_OFFICIAL_IDENTITY_OVERRIDE,Previously reviewed official issuer/security/temporal perimeter proves direct common listing; same-row factor 1 and remaining price/equity gates pass. Generic scoped identity override required.,3.860541197830969e-06,OK,OK,True,,True,False,58,,0.004808549985990673
