company_id,fiscal_year,fiscal_quarter,current_canonical_quarter_id,period_end,display_ticker,current_authority_status,classification,reason,source_accession,source_form,primary_document,source_reference,publication_timestamp,source_evidence_hash,complete_evidence_fingerprint,resolver_context_sha256,retained_document_count,retained_source_references,retained_source_hashes,competing_context,existing_reviewed_result,approved,active_generation_id,proposal_timestamp,event_class,period_grain,entity_confidence,revenue_scope,net_result_scope,financial_source_reference,financial_source_kind,observation_fingerprint,evidence_binding_fingerprint,proposed_policy_preview,future_action
22,2025,Q1,800,2025-03-31,ACA,NOT_FOUND,PROPOSED_REVIEWED_EVENT_OBSERVATION,EXPLICIT_QUARTER_CONSOLIDATED_EARNINGS_STATEMENT_AND_REGISTRANT_RESULTS_ANNOUNCEMENT,0001739445-25-000065,8-K,aca-20250506.htm,https://www.sec.gov/Archives/edgar/data/1739445/000173944525000065/aca-20250506.htm,2025-05-06T20:20:08Z,5319e5b72d21c90eafc14d87f261ebf2a5bc53f3e9350215903fb3c6b2f881bb,1cb1fffd257ad694d0a792e3cf58b2d02d775b8e90fcc791d8a3135ef2ada82f,dbcb566147c73014d10d69c6d0277a04e971e633a935365f1728a7424de96bbc,2,https://www.sec.gov/Archives/edgar/data/1739445/000173944525000065/aca-20250506.htm;https://www.sec.gov/Archives/edgar/data/1739445/000173944525000065/exh991earningsrelease03312.htm,a4008daa2d9819c3148aaab02d65090787c332663c3eaae9e081a3131ae30803;a473962e39360ede0326e54fa034e0bc96c7023b755737f2928d83e4480b0de1,NONE,REVIEW_REQUIRED_EVENT_EVIDENCE,False,refresh_20261009T042704Z_refresh_fundamentals_c7bbcb6dfda4_production_adc49771,2026-10-09T09:00:48Z,FULL_PERIOD_RESULTS,QUARTER,PROVEN_PROPOSED_ONLY,CONSOLIDATED,GAAP_TOTAL,https://www.sec.gov/Archives/edgar/data/1739445/000173944525000065/exh991earningsrelease03312.htm,LINKED_RESULT_EXHIBIT,91746175626a5dc0a8aa2d977092e290dbc52d029423089a75168cfc1b88c0e1,13ce3f546c4a50b682a014f8dd2741cad681284c2821fb74c15d705e83240017,UNIQUE,EXPLICIT_OPERATOR_REVIEW_AND_APPROVAL_REQUIRED_NO_PRODUCTION_USE
22,2025,Q2,801,2025-06-30,ACA,NOT_FOUND,PROPOSED_REVIEWED_EVENT_OBSERVATION,EXPLICIT_QUARTER_CONSOLIDATED_EARNINGS_STATEMENT_AND_REGISTRANT_RESULTS_ANNOUNCEMENT,0001739445-25-000113,8-K,aca-20250807.htm,https://www.sec.gov/Archives/edgar/data/1739445/000173944525000113/aca-20250807.htm,2025-08-07T20:37:22Z,6c6fdcb24c8d290c1951626739c7cc2679966454f3f2a02a184afa43f405236f,7ed501a11c3e7c9efc89d8f8160e10682b977c2ddc062a4572c44ad228f260e6,d198a74fbaf3e26fa53f75f84106f1bf9b0ab23a8d8fbfc8500874a28a1c1ea1,2,https://www.sec.gov/Archives/edgar/data/1739445/000173944525000113/aca-20250807.htm;https://www.sec.gov/Archives/edgar/data/1739445/000173944525000113/exh991earningsrelease06302.htm,41b92e9be71715a750a841f4200951bf090dade64e74be7547b8b2e0ab7e2a13;65bd65e55cb6f7ddadbdb8814f2378ab946835da605d9b75ff061ccb19cada94,NONE,REVIEW_REQUIRED_EVENT_EVIDENCE,False,refresh_20261009T042704Z_refresh_fundamentals_c7bbcb6dfda4_production_adc49771,2026-10-09T09:00:48Z,FULL_PERIOD_RESULTS,QUARTER,PROVEN_PROPOSED_ONLY,CONSOLIDATED,GAAP_TOTAL,https://www.sec.gov/Archives/edgar/data/1739445/000173944525000113/exh991earningsrelease06302.htm,LINKED_RESULT_EXHIBIT,eaed7a1e9f7e5b36b7768887e1b800f49d6d048a790860b0e2e3145b3eedbf77,419816683a7d01db8a66509b57c0456627dc20407eb3443c8676153f6e45e52b,UNIQUE,EXPLICIT_OPERATOR_REVIEW_AND_APPROVAL_REQUIRED_NO_PRODUCTION_USE
22,2026,Q1,804,2026-03-31,ACA,NOT_FOUND,PROPOSED_REVIEWED_EVENT_OBSERVATION,EXPLICIT_QUARTER_CONSOLIDATED_EARNINGS_STATEMENT_AND_REGISTRANT_RESULTS_ANNOUNCEMENT,0001739445-26-000064,8-K,aca-20260430.htm,https://www.sec.gov/Archives/edgar/data/1739445/000173944526000064/aca-20260430.htm,2026-04-30T20:22:00Z,d07f169de2e0d50365b4ccdb0a49a935e69e68f7d29aeb2b7413c5392778da79,cdaf38c086a54c888756e9b6c0b3817bdc71b3cb6edd4bebe6fd394b02f4b239,0be83767f171fe5a80779bda7de712ba1017ea9d2453e2cb8ef22514dfebc3ec,2,https://www.sec.gov/Archives/edgar/data/1739445/000173944526000064/aca-20260430.htm;https://www.sec.gov/Archives/edgar/data/1739445/000173944526000064/exh991earningsrelease33120.htm,c2075c13e3e1f124f600c871cdceacb6590333df1f89c05e6a0fba02c58388dc;dbd069cb60652f024770ca1d3cf599ab08ea32795035f52385e3c6fa7b64602b,NONE,REVIEW_REQUIRED_EVENT_EVIDENCE,False,refresh_20261009T042704Z_refresh_fundamentals_c7bbcb6dfda4_production_adc49771,2026-10-09T09:00:48Z,FULL_PERIOD_RESULTS,QUARTER,PROVEN_PROPOSED_ONLY,CONSOLIDATED,GAAP_TOTAL,https://www.sec.gov/Archives/edgar/data/1739445/000173944526000064/exh991earningsrelease33120.htm,LINKED_RESULT_EXHIBIT,94cc1b13f0f52e79b1b90d76a94d027d869e6be9ba05abfd95ca36422f48fc79,4421122b9d643b606487bea9d25c0af91b44d0b96cfa7fff0eacdaf6a56e7485,UNIQUE,EXPLICIT_OPERATOR_REVIEW_AND_APPROVAL_REQUIRED_NO_PRODUCTION_USE
22,2026,Q2,805,2026-06-30,ACA,NOT_FOUND,PROPOSED_REVIEWED_EVENT_OBSERVATION,EXPLICIT_QUARTER_CONSOLIDATED_EARNINGS_STATEMENT_AND_REGISTRANT_RESULTS_ANNOUNCEMENT,0001739445-26-000124,8-K,aca-20260805.htm,https://www.sec.gov/Archives/edgar/data/1739445/000173944526000124/aca-20260805.htm,2026-08-05T20:19:02Z,07ee736519d67cc26c609e4fdf56f9f8edddab9d8a0b9518a2624ba7bc7f4ff4,15342cda8fba5015bf518faa22b043de734991f88beadaf877a8a361f160b8e8,71cae97caf834846f33597dda13cde161cd93451a0e80c584436258f22c3a09d,2,https://www.sec.gov/Archives/edgar/data/1739445/000173944526000124/aca-20260805.htm;https://www.sec.gov/Archives/edgar/data/1739445/000173944526000124/exh991earningsrelease63020.htm,0855ba85d21bd2ce2fd9dde498e9ba1ce16e9dc795c34dad064481b9511d16d0;80a80071c1ea20674b3f59fa1924bef90e71c7513db189e9396af6c3f329c145,NONE,REVIEW_REQUIRED_EVENT_EVIDENCE,False,refresh_20261009T042704Z_refresh_fundamentals_c7bbcb6dfda4_production_adc49771,2026-10-09T09:00:48Z,FULL_PERIOD_RESULTS,QUARTER,PROVEN_PROPOSED_ONLY,CONSOLIDATED,GAAP_TOTAL,https://www.sec.gov/Archives/edgar/data/1739445/000173944526000124/exh991earningsrelease63020.htm,LINKED_RESULT_EXHIBIT,40c4203ca6c978009c479f354adefd1fe4b19ebdd28df44eaeafc059b8f1c5e1,f7c77587358203033692293f563a91fd40ba87fd5354683b1e6618429e758f29,UNIQUE,EXPLICIT_OPERATOR_REVIEW_AND_APPROVAL_REQUIRED_NO_PRODUCTION_USE
31,2026,Q2,1125,2026-06-30,ACIW,NOT_FOUND,PROPOSED_REVIEWED_EVENT_OBSERVATION,EXPLICIT_QUARTER_CONSOLIDATED_EARNINGS_STATEMENT_AND_REGISTRANT_RESULTS_ANNOUNCEMENT,0000935036-26-000026,8-K,aciw-20260806.htm,https://www.sec.gov/Archives/edgar/data/935036/000093503626000026/aciw-20260806.htm,2026-08-06T12:04:28Z,5ff6755af9744f23e4d7878f3e58a4fba6ceb96c1a1c66328f450ba0190a2bed,99fd8ba12cd55d1a6e399d0b29b4518248a7e959d29e22686a9ae9a4bf7c4c3d,f3f39ea2c79413efc5a68be51b7b6ac9410190e59362a6296162fe24c944a5bf,3,https://www.sec.gov/Archives/edgar/data/935036/000093503626000026/aciw-20260806.htm;https://www.sec.gov/Archives/edgar/data/935036/000093503626000026/aciw-20260806_exx991.htm;https://www.sec.gov/Archives/edgar/data/935036/000093503626000026/aciw-20260806_ex992.htm,1237eb75263631cc32b1ff734a9d7aedd839ee59b0ec682757fa45050daaefa8;d207539a09795319eca0f9b6d3dc7f86eb97a3ac3a17f42b463a01b4a863fb02;5853729a9b836499a76c832aa74b2dbe814e0fe86700a6f143ff86f72daa495c,NONE,REVIEW_REQUIRED_EVENT_EVIDENCE,False,refresh_20261009T042704Z_refresh_fundamentals_c7bbcb6dfda4_production_adc49771,2026-10-09T09:00:48Z,FULL_PERIOD_RESULTS,QUARTER,PROVEN_PROPOSED_ONLY,CONSOLIDATED,GAAP_TOTAL,https://www.sec.gov/Archives/edgar/data/935036/000093503626000026/aciw-20260806_exx991.htm,LINKED_RESULT_EXHIBIT,60926ebc6fb8389aa71cf15cf732ef908502bec458074d1ea09d01895201946b,9257a7d65fadb517bc2d72ba5d148f683e6131aeaeb278e7f9fd24bd89097645,UNIQUE,EXPLICIT_OPERATOR_REVIEW_AND_APPROVAL_REQUIRED_NO_PRODUCTION_USE
176,2026,Q4,6216,2026-02-28,APOG,UNRESOLVED,PROPOSED_REVIEWED_EVENT_OBSERVATION,EXPLICIT_QUARTER_CONSOLIDATED_EARNINGS_STATEMENT_AND_REGISTRANT_RESULTS_ANNOUNCEMENT,0000006845-26-000020,8-K,apog-20260424.htm,https://www.sec.gov/Archives/edgar/data/6845/000000684526000020/apog-20260424.htm,2026-04-24T17:05:11Z,8713f6420df4f65a770678680efd02c1073bf0026ff3e2c6580061d07dfdc05d,154cf932613d525c3a0ab73b7d4276842d0f46b8fa4d9939fec32121f01f99cf,29a03116b66bb9031dd3318fd2f49e652edd37f33e9cd9f10e24ec333981f894,2,https://www.sec.gov/Archives/edgar/data/6845/000000684526000020/apog-20260424.htm;https://www.sec.gov/Archives/edgar/data/6845/000000684526000020/a22826fy26q4results.htm,973dea931534bbe6624e68cc5d891202f44c5ac46effc60606ef7f32f23d451e;bdde4d8520fd88a7ef685b8fb20082c5e39674d7344d8a88bfb4a6e62d77a5a0,NONE,REVIEW_REQUIRED_EVENT_EVIDENCE,False,refresh_20261009T042704Z_refresh_fundamentals_c7bbcb6dfda4_production_adc49771,2026-10-09T09:00:48Z,FULL_PERIOD_RESULTS,QUARTER,PROVEN_PROPOSED_ONLY,CONSOLIDATED,GAAP_TOTAL,https://www.sec.gov/Archives/edgar/data/6845/000000684526000020/a22826fy26q4results.htm,LINKED_RESULT_EXHIBIT,aec437044cf20d1a2c9d3d771ff2dcdd02c26fa3244f345109b2e3e0a93da052,08713f3ef52c910e30cfe4357e33595b63f422841cb04a859a8c4c66eadee1cd,UNIQUE,EXPLICIT_OPERATOR_REVIEW_AND_APPROVAL_REQUIRED_NO_PRODUCTION_USE
330,2025,Q1,11682,2025-03-31,BL,UNRESOLVED,PROPOSED_REVIEWED_EVENT_OBSERVATION,EXPLICIT_QUARTER_CONSOLIDATED_EARNINGS_STATEMENT_AND_REGISTRANT_RESULTS_ANNOUNCEMENT,0001171843-25-002819,8-K,f8k_050625.htm,https://www.sec.gov/Archives/edgar/data/1666134/000117184325002819/f8k_050625.htm,2025-05-06T20:06:01Z,2054bd33a7d5b4c8012505a113f6e9d96d9bb09830948ffbf91686b5a4c724b8,488e17ee03434d3b1b5559627ba2883c11b74375dc779252ee519c95cc837998,dae0db94faddd89ac4ef955c66d1eb42aba943af19a3a2d68847192a8f2a302f,2,https://www.sec.gov/Archives/edgar/data/1666134/000117184325002819/f8k_050625.htm;https://www.sec.gov/Archives/edgar/data/1666134/000117184325002819/exh_991.htm,31209a592cd2d096b737bc0f3b587efc7293c019215ef83a4729c9818b6ab257;f612a18099bb5f817999d30801be06ec39eea6297969c8f44a30d40058eb768c,NONE,REVIEW_REQUIRED_EVENT_EVIDENCE,False,refresh_20261009T042704Z_refresh_fundamentals_c7bbcb6dfda4_production_adc49771,2026-10-09T09:00:48Z,FULL_PERIOD_RESULTS,QUARTER,PROVEN_PROPOSED_ONLY,CONSOLIDATED,GAAP_TOTAL,https://www.sec.gov/Archives/edgar/data/1666134/000117184325002819/exh_991.htm,LINKED_RESULT_EXHIBIT,0e392c586decdcd31c054fc8f345eea5a85d022f4228909312f8b30a2ba229c9,cc7f27e2138051a343fa6256009e74d06f57abaeb6e916d3c24b224e2486220d,UNIQUE,EXPLICIT_OPERATOR_REVIEW_AND_APPROVAL_REQUIRED_NO_PRODUCTION_USE
330,2025,Q2,11683,2025-06-30,BL,UNRESOLVED,PROPOSED_REVIEWED_EVENT_OBSERVATION,EXPLICIT_QUARTER_CONSOLIDATED_EARNINGS_STATEMENT_AND_REGISTRANT_RESULTS_ANNOUNCEMENT,0001171843-25-005050,8-K,f8k_080525.htm,https://www.sec.gov/Archives/edgar/data/1666134/000117184325005050/f8k_080525.htm,2025-08-05T20:06:42Z,f5554dd645da29d7b367820d7ce74da41f5d2c215137ecef80270c4b436289c6,593403d1dc7a1a9d8f16480646d99aedb0f37a38938675aa5a8c9156b27818e7,ea00e98edbe5822e2dc9b72c031c3d50c802ef442234bb1ba29c33b10f6666bd,2,https://www.sec.gov/Archives/edgar/data/1666134/000117184325005050/f8k_080525.htm;https://www.sec.gov/Archives/edgar/data/1666134/000117184325005050/exh_991.htm,f58bc74ed0595c6b8414fbd04d0c258e82e5dca87fe4be77678e0fbb1f5e52ea;1a332a03c69d01b2b42403a8b70db7f6b5d0290e93f66237b846040aacd4ed55,NONE,REVIEW_REQUIRED_EVENT_EVIDENCE,False,refresh_20261009T042704Z_refresh_fundamentals_c7bbcb6dfda4_production_adc49771,2026-10-09T09:00:48Z,FULL_PERIOD_RESULTS,QUARTER,PROVEN_PROPOSED_ONLY,CONSOLIDATED,GAAP_TOTAL,https://www.sec.gov/Archives/edgar/data/1666134/000117184325005050/exh_991.htm,LINKED_RESULT_EXHIBIT,b0723fcc5dbe33ecae947ec6417927b2f30dc5a6276a90619b2ef3886c10e2d7,b6f18b43cde53025a6311a8b7ac271e38a84e483b98d1e73937f9451f1cd0686,UNIQUE,EXPLICIT_OPERATOR_REVIEW_AND_APPROVAL_REQUIRED_NO_PRODUCTION_USE
330,2025,Q3,11684,2025-09-30,BL,UNRESOLVED,PROPOSED_REVIEWED_EVENT_OBSERVATION,EXPLICIT_QUARTER_CONSOLIDATED_EARNINGS_STATEMENT_AND_REGISTRANT_RESULTS_ANNOUNCEMENT,0001171843-25-007093,8-K,f8k_110625.htm,https://www.sec.gov/Archives/edgar/data/1666134/000117184325007093/f8k_110625.htm,2025-11-06T21:07:26Z,383e585537a9b9bb3941237817946b677a7d549f07ea824f56cd211570306121,036ef9a95d4ac595f61a0c0fecb42f9be1928ace3bfd8801758881c963014adc,7c555066d7306805d83bc71afed11bbb66db81f14ad2189cbb71663bac95631b,2,https://www.sec.gov/Archives/edgar/data/1666134/000117184325007093/f8k_110625.htm;https://www.sec.gov/Archives/edgar/data/1666134/000117184325007093/exh_991.htm,509b2780e0d1556945e95c51e9f5ee7e4c692ba31942b737f329d928a7641006;3a195d1791dc885b1547a0084003a9c5b4faa5e9439b6630e4283648b5a29ec6,NONE,REVIEW_REQUIRED_EVENT_EVIDENCE,False,refresh_20261009T042704Z_refresh_fundamentals_c7bbcb6dfda4_production_adc49771,2026-10-09T09:00:48Z,FULL_PERIOD_RESULTS,QUARTER,PROVEN_PROPOSED_ONLY,CONSOLIDATED,GAAP_TOTAL,https://www.sec.gov/Archives/edgar/data/1666134/000117184325007093/exh_991.htm,LINKED_RESULT_EXHIBIT,b27c0df65afa35727f9050b8c35874911e6d5380251a875afc8f48a267f38235,55b16f2a023091450a936565dd082a19846884b640436fcaef99e61e870c1921,UNIQUE,EXPLICIT_OPERATOR_REVIEW_AND_APPROVAL_REQUIRED_NO_PRODUCTION_USE
330,2025,Q4,11685,2025-12-31,BL,UNRESOLVED,PROPOSED_REVIEWED_EVENT_OBSERVATION,EXPLICIT_QUARTER_CONSOLIDATED_EARNINGS_STATEMENT_AND_REGISTRANT_RESULTS_ANNOUNCEMENT,0001171843-26-000734,8-K,f8k_021026.htm,https://www.sec.gov/Archives/edgar/data/1666134/000117184326000734/f8k_021026.htm,2026-02-10T21:05:28Z,85fe776be36bae3787d624ceb5cd6179652bd44ed53c1c82b336169a5c92149c,f9aa623f10ad0a06bd410744a3f900b1ad4e16799e7969644bf7604676c0d79a,b7f7fd03de6f22e53a195346bc5063c214acbcfc8849255b67abdc34a6c69524,2,https://www.sec.gov/Archives/edgar/data/1666134/000117184326000734/f8k_021026.htm;https://www.sec.gov/Archives/edgar/data/1666134/000117184326000734/exh_991.htm,b5d2e12f64feac98d537a9d6a29f6e373f56042b9c8b641e9d8ddc258b531f9a;a900fe74ebd05557fb34ba53f7fbc6d8c096b768e53395288766076904a158cf,NONE,REVIEW_REQUIRED_EVENT_EVIDENCE,False,refresh_20261009T042704Z_refresh_fundamentals_c7bbcb6dfda4_production_adc49771,2026-10-09T09:00:48Z,FULL_PERIOD_RESULTS,QUARTER,PROVEN_PROPOSED_ONLY,CONSOLIDATED,GAAP_TOTAL,https://www.sec.gov/Archives/edgar/data/1666134/000117184326000734/exh_991.htm,LINKED_RESULT_EXHIBIT,8c04b6e7420a7cd32b26e00e72694b4cb5575fd2c52eeda641b03c33c4de2f6e,4f780b0b02c44d50d1893d330ec29daec7126d0df61d9d087d5cc9e01a9b1128,UNIQUE,EXPLICIT_OPERATOR_REVIEW_AND_APPROVAL_REQUIRED_NO_PRODUCTION_USE
330,2026,Q1,11686,2026-03-31,BL,UNRESOLVED,PROPOSED_REVIEWED_EVENT_OBSERVATION,EXPLICIT_QUARTER_CONSOLIDATED_EARNINGS_STATEMENT_AND_REGISTRANT_RESULTS_ANNOUNCEMENT,0001171843-26-003023,8-K,f8k_050526.htm,https://www.sec.gov/Archives/edgar/data/1666134/000117184326003023/f8k_050526.htm,2026-05-05T20:05:34Z,307a6ff1c6a4a957531a825f974e377d82659cfb7edbf0c84b0c3b0bbcdae90b,a30c709d57b4784fac64c1346b18086ab74a2bbf939c4766b817d77de3f69769,b359dd5dd855a73680b8f7cf3d17767d0059457238fd1ad97b25a0d0cf57b8e2,2,https://www.sec.gov/Archives/edgar/data/1666134/000117184326003023/f8k_050526.htm;https://www.sec.gov/Archives/edgar/data/1666134/000117184326003023/exh_991.htm,d4e7f728d46b0fe66cac5bed07d38d38af1ba85c017c08c83244749c3ff4dab9;4a6c23d28b46b32ba38673c2e14ae21bb29bfeb6af371a48c29de5b3d6102a94,NONE,REVIEW_REQUIRED_EVENT_EVIDENCE,False,refresh_20261009T042704Z_refresh_fundamentals_c7bbcb6dfda4_production_adc49771,2026-10-09T09:00:48Z,FULL_PERIOD_RESULTS,QUARTER,PROVEN_PROPOSED_ONLY,CONSOLIDATED,GAAP_TOTAL,https://www.sec.gov/Archives/edgar/data/1666134/000117184326003023/exh_991.htm,LINKED_RESULT_EXHIBIT,7e1f63a08c11200a622aa3137320727061f8b5dd8cc0222a07e2be714babb5d8,8666d3f22471dca869086418cb03b34ecd2db98e1930b93b103c0da7b1312b59,UNIQUE,EXPLICIT_OPERATOR_REVIEW_AND_APPROVAL_REQUIRED_NO_PRODUCTION_USE
330,2026,Q2,11687,2026-06-30,BL,UNRESOLVED,PROPOSED_REVIEWED_EVENT_OBSERVATION,EXPLICIT_QUARTER_CONSOLIDATED_EARNINGS_STATEMENT_AND_REGISTRANT_RESULTS_ANNOUNCEMENT,0001171843-26-005201,8-K,f8k_080426.htm,https://www.sec.gov/Archives/edgar/data/1666134/000117184326005201/f8k_080426.htm,2026-08-04T20:05:29Z,17497d83f63c953414a7c923e40c1fbdcd665cdc1cc6169aa5ebe00c597c6980,733c823e10ed5426204d2bbe48b9e6b0f5cfbe82f535dc1361b773e6a1e44f56,1eab5938cf05d58ecb430166ff24485a275a4d1141220ec1b8f7489b12ac69b1,2,https://www.sec.gov/Archives/edgar/data/1666134/000117184326005201/f8k_080426.htm;https://www.sec.gov/Archives/edgar/data/1666134/000117184326005201/exh_991.htm,f2f711ee17b50c2fb5109cd8a93186e9b62ab8ae5110177c9dadeca62a24fd32;7cb961a130e25b3708942f8b3faa5a65354b5c8612717fcd8cb03654ee301281,NONE,REVIEW_REQUIRED_EVENT_EVIDENCE,False,refresh_20261009T042704Z_refresh_fundamentals_c7bbcb6dfda4_production_adc49771,2026-10-09T09:00:48Z,FULL_PERIOD_RESULTS,QUARTER,PROVEN_PROPOSED_ONLY,CONSOLIDATED,GAAP_TOTAL,https://www.sec.gov/Archives/edgar/data/1666134/000117184326005201/exh_991.htm,LINKED_RESULT_EXHIBIT,46167695051f8f8b54f72777a913b8891dcd384adabe42f7e7fa12fc54ecf7bb,f4c28c37dd4a632aa9929aed4179353d3d76c0bbb98e643257d66ccfcf8c7506,UNIQUE,EXPLICIT_OPERATOR_REVIEW_AND_APPROVAL_REQUIRED_NO_PRODUCTION_USE
358,2025,Q1,12644,2024-10-31,BRC,UNRESOLVED,PROPOSED_REVIEWED_EVENT_OBSERVATION,EXPLICIT_QUARTER_CONSOLIDATED_EARNINGS_STATEMENT_AND_REGISTRANT_RESULTS_ANNOUNCEMENT,0000746598-24-000137,8-K,brc-20241118.htm,https://www.sec.gov/Archives/edgar/data/746598/000074659824000137/brc-20241118.htm,2024-11-18T17:05:24Z,3dfa89c6d735c7a421b872cbc6672ac37e2864fc156690e8a2abb52b66508461,2bad51b16349ec009f80c3b8f0749941e1807ca62cf459898cff8c21f1d1cd02,bdae039ba1a21e9dee06316e73332ad4db54c0e287248b566a145bc27083c1f8,3,https://www.sec.gov/Archives/edgar/data/746598/000074659824000137/brc-20241118.htm;https://www.sec.gov/Archives/edgar/data/746598/000074659824000137/exhibit991pressrelease1031.htm;https://www.sec.gov/Archives/edgar/data/746598/000074659824000137/f25q1conferencecallprese.htm,2d87d14636604f2396f819d1880a98bdec16b680a15e4f464519b5b33fb565bc;f3048a4354a5ec53abaa96441922cdebeadc474701910b4e6694d8dafe6cd403;e13a972d2611c097bfcd835244f3e5a6a7b92ac66d19ead97ef5778239f76dee,NONE,REVIEW_REQUIRED_EVENT_EVIDENCE,False,refresh_20261009T042704Z_refresh_fundamentals_c7bbcb6dfda4_production_adc49771,2026-10-09T09:00:48Z,FULL_PERIOD_RESULTS,QUARTER,PROVEN_PROPOSED_ONLY,CONSOLIDATED,GAAP_TOTAL,https://www.sec.gov/Archives/edgar/data/746598/000074659824000137/exhibit991pressrelease1031.htm,LINKED_RESULT_EXHIBIT,fabd76a67416d6a49be3dce16a9e622a60b7e3cc500cabb4be692e8b00c70804,61f13fc9abf05bc611325f53b4ab701e05812206591dfea6532e414ce568eb83,UNIQUE,EXPLICIT_OPERATOR_REVIEW_AND_APPROVAL_REQUIRED_NO_PRODUCTION_USE
358,2025,Q2,12645,2025-01-31,BRC,UNRESOLVED,PROPOSED_REVIEWED_EVENT_OBSERVATION,EXPLICIT_QUARTER_CONSOLIDATED_EARNINGS_STATEMENT_AND_REGISTRANT_RESULTS_ANNOUNCEMENT,0000746598-25-000007,8-K,brc-20250221.htm,https://www.sec.gov/Archives/edgar/data/746598/000074659825000007/brc-20250221.htm,2025-02-21T17:06:17Z,b2d3cc97a86bc306ff58c06d5990e5d3a88ef512448b3c16fc6f2e33c56b8baa,e018cd3cdfa2bd4c6a1666cbe3670915dc9f396e6d11e1f1fcd1805a72b8a889,2d208dfe43c5c7d4e6f5c8780fde18ac78534f884da9125fadb986c500f371e9,3,https://www.sec.gov/Archives/edgar/data/746598/000074659825000007/brc-20250221.htm;https://www.sec.gov/Archives/edgar/data/746598/000074659825000007/exhibit991pressrelease0131.htm;https://www.sec.gov/Archives/edgar/data/746598/000074659825000007/f25q2conferencecallprese.htm,e6a6599b2b24752b68ba5c17bc4a6dc2bff9835823cd0723f10e81706d4287b9;5148444032fa15c0d47ff9c1250f3347b6a817a28d3788d97eccf3ba2bd48785;70ed0ae63b580a1b09410a56c31d0f4b404e7aa007c46499339c514c7a3c1603,NONE,REVIEW_REQUIRED_EVENT_EVIDENCE,False,refresh_20261009T042704Z_refresh_fundamentals_c7bbcb6dfda4_production_adc49771,2026-10-09T09:00:48Z,FULL_PERIOD_RESULTS,QUARTER,PROVEN_PROPOSED_ONLY,CONSOLIDATED,GAAP_TOTAL,https://www.sec.gov/Archives/edgar/data/746598/000074659825000007/exhibit991pressrelease0131.htm,LINKED_RESULT_EXHIBIT,8d19975fcfcae38e8215208bd8f006b914e910bad3c01eb4e1762765f7dedf44,f4cc2415bb70bbd0d5156a866f82b3d5f97af159b1b6bf8198359ac235ee0edf,UNIQUE,EXPLICIT_OPERATOR_REVIEW_AND_APPROVAL_REQUIRED_NO_PRODUCTION_USE
358,2026,Q1,12648,2025-10-31,BRC,UNRESOLVED,PROPOSED_REVIEWED_EVENT_OBSERVATION,EXPLICIT_QUARTER_CONSOLIDATED_EARNINGS_STATEMENT_AND_REGISTRANT_RESULTS_ANNOUNCEMENT,0000746598-25-000059,8-K,brc-20251117.htm,https://www.sec.gov/Archives/edgar/data/746598/000074659825000059/brc-20251117.htm,2025-11-17T17:15:33Z,c290b0b8cec98c335089b21e8f3730d45c50169a72fa1de65bac5c95c844614d,1c5dcde32ca2e7ef701a6a7f0c5946f511b282130cf876b7efdaa591834926f4,6f7adcc7d90c5653427050a664500f7df092aa31fe1feea8b5e86cbdf7c119f8,3,https://www.sec.gov/Archives/edgar/data/746598/000074659825000059/brc-20251117.htm;https://www.sec.gov/Archives/edgar/data/746598/000074659825000059/exhibit991pressrelease1031.htm;https://www.sec.gov/Archives/edgar/data/746598/000074659825000059/f26q1conferencecallprese.htm,72beb7361c0d1c2a87c78a0d0a8dacfaa9cb7eb54fd26e03827bf72df600e1bd;25321df6d2324682d82fa442b7bc9ccd9468b09f8bede1f88ccf47f81c1b5e7b;9bded57826ba39893c2a8a9d3bde165334980daaca6a754824edae49916dd20b,NONE,REVIEW_REQUIRED_EVENT_EVIDENCE,False,refresh_20261009T042704Z_refresh_fundamentals_c7bbcb6dfda4_production_adc49771,2026-10-09T09:00:48Z,FULL_PERIOD_RESULTS,QUARTER,PROVEN_PROPOSED_ONLY,CONSOLIDATED,GAAP_TOTAL,https://www.sec.gov/Archives/edgar/data/746598/000074659825000059/exhibit991pressrelease1031.htm,LINKED_RESULT_EXHIBIT,ef174979b57cb60438ea8b59671a6a1f73f55fdee7f4539be9a7e5724bf745e2,e66cd1026583f161e4ad8eafec75c92085c3fae7374de700f97f6c367209dac6,UNIQUE,EXPLICIT_OPERATOR_REVIEW_AND_APPROVAL_REQUIRED_NO_PRODUCTION_USE
358,2026,Q2,12649,2026-01-31,BRC,UNRESOLVED,PROPOSED_REVIEWED_EVENT_OBSERVATION,EXPLICIT_QUARTER_CONSOLIDATED_EARNINGS_STATEMENT_AND_REGISTRANT_RESULTS_ANNOUNCEMENT,0000746598-26-000005,8-K,brc-20260219.htm,https://www.sec.gov/Archives/edgar/data/746598/000074659826000005/brc-20260219.htm,2026-02-19T17:05:23Z,ead834d661e38544054f264b9910b3f71dbfc429143eb13a3312af5ea2aae5cb,33cb76db1203e909a3cc53730e52a9d59e402623d218f5f3298eb4fb4c653899,ef00506f1c9e0d7187d262c8dcf59527442ce83ee3b2c02fded4a642c67b622c,3,https://www.sec.gov/Archives/edgar/data/746598/000074659826000005/brc-20260219.htm;https://www.sec.gov/Archives/edgar/data/746598/000074659826000005/exhibit991pressrelease0131.htm;https://www.sec.gov/Archives/edgar/data/746598/000074659826000005/f26q2conferencecallprese.htm,f2c3e48ab0ee6a00b36e61a5d6f12d57522f9eb149e59ab968f2404eb4336fc4;17d8c33922c02ec7b8474cd9a72cc68fe865ed0d0c52e5aeba5b7faff89e448f;6c550bdbf6f3a5630b3ae6dc774097b065426abd65d7551bf1576329acae9d81,NONE,REVIEW_REQUIRED_EVENT_EVIDENCE,False,refresh_20261009T042704Z_refresh_fundamentals_c7bbcb6dfda4_production_adc49771,2026-10-09T09:00:48Z,FULL_PERIOD_RESULTS,QUARTER,PROVEN_PROPOSED_ONLY,CONSOLIDATED,GAAP_TOTAL,https://www.sec.gov/Archives/edgar/data/746598/000074659826000005/exhibit991pressrelease0131.htm,LINKED_RESULT_EXHIBIT,6c6b8475af5fa1b1219d748821f9c161853ed553b3abe1bcf2cd871b5a648800,9d048c85f12334604e62afe24dc4670707d75e65d059228a0e3b89bc11420fa6,UNIQUE,EXPLICIT_OPERATOR_REVIEW_AND_APPROVAL_REQUIRED_NO_PRODUCTION_USE
421,2025,Q2,14759,2025-06-30,CCLD,UNRESOLVED,PROPOSED_REVIEWED_EVENT_OBSERVATION,EXPLICIT_QUARTER_CONSOLIDATED_EARNINGS_STATEMENT_AND_REGISTRANT_RESULTS_ANNOUNCEMENT,0001493152-25-011596,8-K,form8-k.htm,https://www.sec.gov/Archives/edgar/data/1582982/000149315225011596/form8-k.htm,2025-08-05T15:05:48Z,0dfd431c09a0e5e9e3e1c61d9c35c80e653cc3e60bcebf6ede6a985c3b09ac9a,8de75c5bbdbba165952808a51d5f0127c3df2ba23a99da801191c8f4c4be2a78,8c6025b0ae3ea2c69dc70c5061850133fc91b259440074fb7c8fb3b46cdf67e0,3,https://www.sec.gov/Archives/edgar/data/1582982/000149315225011596/form8-k.htm;https://www.sec.gov/Archives/edgar/data/1582982/000149315225011596/ex99-1.htm;https://www.sec.gov/Archives/edgar/data/1582982/000149315225011596/ex99-2.htm,7c409a74d22c2408138df4ffe21b9264ffdff4f10ce35c1c6c72e813dcbb948a;ceadf5ad0da2d4d5be0b0d5517f37ea04a66fb8a6f1d9d38f44aba4958a2160e;58b645bd678fc5cb41315c0983835cc9d854fda0ad8869976771450d5cf9cb7e,NONE,REVIEW_REQUIRED_EVENT_EVIDENCE,False,refresh_20261009T042704Z_refresh_fundamentals_c7bbcb6dfda4_production_adc49771,2026-10-09T09:00:48Z,FULL_PERIOD_RESULTS,QUARTER,PROVEN_PROPOSED_ONLY,CONSOLIDATED,GAAP_TOTAL,https://www.sec.gov/Archives/edgar/data/1582982/000149315225011596/ex99-1.htm,LINKED_RESULT_EXHIBIT,d4fa3369567043556f822682300230d994735f87a490d748317611bc9ff66327,c50fcbe873f65fdceda0e1fae529c1a4763a5f5a35bef4d040ad166afa7ae0b0,UNIQUE,EXPLICIT_OPERATOR_REVIEW_AND_APPROVAL_REQUIRED_NO_PRODUCTION_USE
451,2026,Q2,15831,2026-07-05,CGNX,NOT_FOUND,PROPOSED_REVIEWED_EVENT_OBSERVATION,EXPLICIT_QUARTER_CONSOLIDATED_EARNINGS_STATEMENT_AND_REGISTRANT_RESULTS_ANNOUNCEMENT,0000851205-26-000061,8-K,cgnx-20260805.htm,https://www.sec.gov/Archives/edgar/data/851205/000085120526000061/cgnx-20260805.htm,2026-08-05T20:32:16Z,84b99f8f2e85bd3175f70bb9b4f1ab03adf998ce089ea7b9f3c8b66f1a4310ce,bf9671991f53f29f890f99463a025d6875e064219f1475d75238044f8d3cffef,42b2c086233d81556e7fe0ccadd05eb8b23ea5a393cfee28f02fe38cb7e2fcf4,2,https://www.sec.gov/Archives/edgar/data/851205/000085120526000061/cgnx-20260805.htm;https://www.sec.gov/Archives/edgar/data/851205/000085120526000061/a07052026-xex991xq22026ear.htm,f80cbf3a12fde22dbd1a6d597f1cd396b4394c47b1d2aae5ca552acaa00d3e3e;da73fddb3819d2b8f941e9be31621be35973c010fa24b184063eaf105f14ce37,NONE,REVIEW_REQUIRED_EVENT_EVIDENCE,False,refresh_20261009T042704Z_refresh_fundamentals_c7bbcb6dfda4_production_adc49771,2026-10-09T09:00:48Z,FULL_PERIOD_RESULTS,QUARTER,PROVEN_PROPOSED_ONLY,CONSOLIDATED,GAAP_TOTAL,https://www.sec.gov/Archives/edgar/data/851205/000085120526000061/a07052026-xex991xq22026ear.htm,LINKED_RESULT_EXHIBIT,3445b9f582daa3846e594909efee21e7c0a59b06ef7c365b1cdc3899e06120d6,7affe3ce989d44d8acbe3f979dede837df6200a551c20ec2335e7b461658e52d,UNIQUE,EXPLICIT_OPERATOR_REVIEW_AND_APPROVAL_REQUIRED_NO_PRODUCTION_USE
524,2025,Q1,18488,2024-09-30,COHR,UNRESOLVED,PROPOSED_REVIEWED_EVENT_OBSERVATION,EXPLICIT_QUARTER_CONSOLIDATED_EARNINGS_STATEMENT_AND_REGISTRANT_RESULTS_ANNOUNCEMENT,0001193125-24-252062,8-K,d857703d8k.htm,https://www.sec.gov/Archives/edgar/data/820318/000119312524252062/d857703d8k.htm,2024-11-07T02:20:03Z,ecb9bc57e5d4112e5db6f49293b88adb7576e49feea06bd97222127b0b864fbe,b126101d930418da4bf6a5e26f6e755d1632e164a029096a14ac90873f2d0444,bc495a2269103b017660b3654473b329eef9c0ee02c850770c4941b3933713f7,3,https://www.sec.gov/Archives/edgar/data/820318/000119312524252062/d857703d8k.htm;https://www.sec.gov/Archives/edgar/data/820318/000119312524252062/d857703dex991.htm;https://www.sec.gov/Archives/edgar/data/820318/000119312524252062/d857703dex992.htm,b4087b80cdbe88b6b90d2e14d7df12f7da11eb23c54c2e5e56257bb8dde87519;ac9e2ed2d49d64fe8e5c79a6fd112ad1ed93832694ac3ecf7993a49d1126617a;7774ec6175ac8e96c74531fc4761480f17088942b1168ce28dd1fe459873384d,NONE,REVIEW_REQUIRED_EVENT_EVIDENCE,False,refresh_20261009T042704Z_refresh_fundamentals_c7bbcb6dfda4_production_adc49771,2026-10-09T09:00:48Z,FULL_PERIOD_RESULTS,QUARTER,PROVEN_PROPOSED_ONLY,CONSOLIDATED,GAAP_TOTAL,https://www.sec.gov/Archives/edgar/data/820318/000119312524252062/d857703dex991.htm,LINKED_RESULT_EXHIBIT,e270202042cd1997be89291aa27d0e18c2820433bdf956d6b574e5d48411f046,992d93db44d75c1251fa00a3fcede4e0b313cba251e0429f803042724fd079c9,UNIQUE,EXPLICIT_OPERATOR_REVIEW_AND_APPROVAL_REQUIRED_NO_PRODUCTION_USE
524,2025,Q2,18489,2024-12-31,COHR,UNRESOLVED,PROPOSED_REVIEWED_EVENT_OBSERVATION,EXPLICIT_QUARTER_CONSOLIDATED_EARNINGS_STATEMENT_AND_REGISTRANT_RESULTS_ANNOUNCEMENT,0001193125-25-020821,8-K,d835094d8k.htm,https://www.sec.gov/Archives/edgar/data/820318/000119312525020821/d835094d8k.htm,2025-02-06T02:05:24Z,c72c4e33a32d1fe1246814c5a4ede63ff559df9139178c42bdf50e21bf6e4a9d,34e5f3b051f38a28ed0899514613fc305f978f983945fc47f6e7703cfbf42e61,cf4c7952bc80109fde72b68b4bbdb3b9906f9298ae598e52467a62f87945bb4a,3,https://www.sec.gov/Archives/edgar/data/820318/000119312525020821/d835094d8k.htm;https://www.sec.gov/Archives/edgar/data/820318/000119312525020821/d835094dex991.htm;https://www.sec.gov/Archives/edgar/data/820318/000119312525020821/d835094dex992.htm,b027c15af99337f3a294367eb1fda5be72c95da750b811650487bdb695fed708;c2f10707f1db2ad4acf4f95c9a104302e894e88e3012fb41f0199335e7a17100;1e8997da12c9e3ab0688113b58ffbfb5d0f69d36912a6956487f1452bde9cd72,NONE,REVIEW_REQUIRED_EVENT_EVIDENCE,False,refresh_20261009T042704Z_refresh_fundamentals_c7bbcb6dfda4_production_adc49771,2026-10-09T09:00:48Z,FULL_PERIOD_RESULTS,QUARTER,PROVEN_PROPOSED_ONLY,CONSOLIDATED,GAAP_TOTAL,https://www.sec.gov/Archives/edgar/data/820318/000119312525020821/d835094dex991.htm,LINKED_RESULT_EXHIBIT,55a10c80459d253cf1b35a18f499d775c1f81e41b60821cc47f0b8d73a73ac0a,5645b59ef699c77753ff2ce83d56050ce3652d8d3daf6dbc46b0897ec3aa0ec4,UNIQUE,EXPLICIT_OPERATOR_REVIEW_AND_APPROVAL_REQUIRED_NO_PRODUCTION_USE
524,2025,Q3,18490,2025-03-31,COHR,UNRESOLVED,PROPOSED_REVIEWED_EVENT_OBSERVATION,EXPLICIT_QUARTER_CONSOLIDATED_EARNINGS_STATEMENT_AND_REGISTRANT_RESULTS_ANNOUNCEMENT,0001193125-25-114882,8-K,d930395d8k.htm,https://www.sec.gov/Archives/edgar/data/820318/000119312525114882/d930395d8k.htm,2025-05-08T00:05:27Z,f20f90aa14dbf8fb9f8d7885643eed0ea81f5f08da60b04d1f21c395b092507a,c4d377d8fda53960727d68ff29da8bf05a0353f2cdc5f6c50b1cfa245a2fb37d,46369d82c33f161ffcd9573900509500fd34720c89e87e3a20c12cb6e3bf6e7f,3,https://www.sec.gov/Archives/edgar/data/820318/000119312525114882/d930395d8k.htm;https://www.sec.gov/Archives/edgar/data/820318/000119312525114882/d930395dex991.htm;https://www.sec.gov/Archives/edgar/data/820318/000119312525114882/d930395dex992.htm,d7ce7c639f52098a8ca1e86e506b871e3bb749556ff08505a863135b99fe8431;1d2c22f1ab74bbfcaf5d07aad1a3204865b53880f648a4f703a374d629274ec5;6e4e9f18a2a7b501a3478459aae25c39c5309ba49c33623737e3041adbe99bc1,NONE,REVIEW_REQUIRED_EVENT_EVIDENCE,False,refresh_20261009T042704Z_refresh_fundamentals_c7bbcb6dfda4_production_adc49771,2026-10-09T09:00:48Z,FULL_PERIOD_RESULTS,QUARTER,PROVEN_PROPOSED_ONLY,CONSOLIDATED,GAAP_TOTAL,https://www.sec.gov/Archives/edgar/data/820318/000119312525114882/d930395dex991.htm,LINKED_RESULT_EXHIBIT,0303b2e7f67a20b692ae1210c142496c91d3bd686975e31c95aab76a2d88183f,740d6ded0cefe7f475e0f3a6f6b7ec63a306e80fdd1c3e59c3dcb7f15fe9d2d1,UNIQUE,EXPLICIT_OPERATOR_REVIEW_AND_APPROVAL_REQUIRED_NO_PRODUCTION_USE
602,2026,Q1,21243,2025-12-31,CTXR,UNRESOLVED,PROPOSED_REVIEWED_EVENT_OBSERVATION,EXPLICIT_QUARTER_CONSOLIDATED_EARNINGS_STATEMENT_AND_REGISTRANT_RESULTS_ANNOUNCEMENT,0001213900-26-015895,8-K,ea0276948-8k_citius.htm,https://www.sec.gov/Archives/edgar/data/1506251/000121390026015895/ea0276948-8k_citius.htm,2026-02-13T13:30:27Z,949ba920e6cc9c5b2f56eae824430ec745ca6ad1ccaddc876a9fc29197d8c015,f093df590003aa2f3c09ffebe1ed68ce66eebe775a9d87bf4b08af6fb020ff09,1c4f035cb3bffb49b6980e13a82adc19a244bdf18c1f70168c41673f0cf27e0d,2,https://www.sec.gov/Archives/edgar/data/1506251/000121390026015895/ea0276948-8k_citius.htm;https://www.sec.gov/Archives/edgar/data/1506251/000121390026015895/ea027694801ex99-1_citius.htm,04e360a185d5c67957a353d612a2e3f45283bb6403df03601be4fa96b0c8f844;632f687d3f1b807a2b9556bba3dbc496e93004977651488ed819d8b16c1bb653,NONE,REVIEW_REQUIRED_EVENT_EVIDENCE,False,refresh_20261009T042704Z_refresh_fundamentals_c7bbcb6dfda4_production_adc49771,2026-10-09T09:00:48Z,FULL_PERIOD_RESULTS,QUARTER,PROVEN_PROPOSED_ONLY,CONSOLIDATED,GAAP_TOTAL,https://www.sec.gov/Archives/edgar/data/1506251/000121390026015895/ea027694801ex99-1_citius.htm,LINKED_RESULT_EXHIBIT,341a039afdb431bb7240d37869e1c6c2d86b1424bc262ab246956f326b46b81b,298e435d3d4c9a35dc974543de074b276d2ff9a91ab60f7904971105a90fa222,UNIQUE,EXPLICIT_OPERATOR_REVIEW_AND_APPROVAL_REQUIRED_NO_PRODUCTION_USE
636,2026,Q2,22530,2026-06-30,DAN,NOT_FOUND,PROPOSED_REVIEWED_EVENT_OBSERVATION,EXPLICIT_QUARTER_CONSOLIDATED_EARNINGS_STATEMENT_AND_REGISTRANT_RESULTS_ANNOUNCEMENT,0001193125-26-336664,8-K,d125905d8k.htm,https://www.sec.gov/Archives/edgar/data/26780/000119312526336664/d125905d8k.htm,2026-08-06T11:00:22Z,36dce86bb0cbf721bfb5ee64553983e711878d000ca4a421822568dc2aa05857,9e1223824ff7a719b5caa500455d1690d14aa522412eaddc8ebbfdddd5a75087,3436ecfbc7ffb5fd05643155ad5867fc497ea68d6b7fc153d7ce9487a9ec5608,2,https://www.sec.gov/Archives/edgar/data/26780/000119312526336664/d125905d8k.htm;https://www.sec.gov/Archives/edgar/data/26780/000119312526336664/d125905dex991.htm,57b2fc8a9839e8531ecc8b12eef151f44f0330c4d7337c301f1e6667c2a31d76;e6a6b4ffb61c589625951fc9cfadc9f32c9fd17767de0006b61f3ef94b47b370,NONE,REVIEW_REQUIRED_EVENT_EVIDENCE,False,refresh_20261009T042704Z_refresh_fundamentals_c7bbcb6dfda4_production_adc49771,2026-10-09T09:00:48Z,FULL_PERIOD_RESULTS,QUARTER,PROVEN_PROPOSED_ONLY,CONSOLIDATED,GAAP_TOTAL,https://www.sec.gov/Archives/edgar/data/26780/000119312526336664/d125905dex991.htm,LINKED_RESULT_EXHIBIT,f544de4ab9c7fe0049a5207e9d6c6288dbfa245fff9580a3fb872c8c75f926d6,f8623ba79b329bf1c86cfa904a58403cb81f1a5552707c716a813bf22f375664,UNIQUE,EXPLICIT_OPERATOR_REVIEW_AND_APPROVAL_REQUIRED_NO_PRODUCTION_USE
697,2027,Q1,24643,2026-06-30,DOCS,NOT_FOUND,PROPOSED_REVIEWED_EVENT_OBSERVATION,EXPLICIT_QUARTER_CONSOLIDATED_EARNINGS_STATEMENT_AND_REGISTRANT_RESULTS_ANNOUNCEMENT,0001516513-26-000038,8-K,docs-20260806.htm,https://www.sec.gov/Archives/edgar/data/1516513/000151651326000038/docs-20260806.htm,2026-08-07T00:04:42Z,0a9be09bcd190fdfbf27c7883f22b8a7fc659ed35951d708a5f3a2c398c176fc,918043acb58357ed9174f29d6e8d1e50b0a1847c606122cbc40bcfc0448f7c89,2463a5ea58fef4a00a9b84435cf04a69d29fd966151b1e97861ddcdbb02fc3dd,2,https://www.sec.gov/Archives/edgar/data/1516513/000151651326000038/docs-20260806.htm;https://www.sec.gov/Archives/edgar/data/1516513/000151651326000038/doximity-2026630xex991.htm,de0cea72ef61ea2260689621aa0873e795a47d0974ae3711ee11ff42972256b7;2da80bfefc5bdf3ffdcbd1b3f7f775421170379c24cb7a4555a9505c874fdf69,NONE,REVIEW_REQUIRED_EVENT_EVIDENCE,False,refresh_20261009T042704Z_refresh_fundamentals_c7bbcb6dfda4_production_adc49771,2026-10-09T09:00:48Z,FULL_PERIOD_RESULTS,QUARTER,PROVEN_PROPOSED_ONLY,CONSOLIDATED,GAAP_TOTAL,https://www.sec.gov/Archives/edgar/data/1516513/000151651326000038/doximity-2026630xex991.htm,LINKED_RESULT_EXHIBIT,47bf23ac5f5d0ddebf3070bf7fccf30675550ffdff0a619ece2116263e62aecd,0b678ec6583b146f3207030c345434ef71a5cd9ed311c353b8809ee34cb5690a,UNIQUE,EXPLICIT_OPERATOR_REVIEW_AND_APPROVAL_REQUIRED_NO_PRODUCTION_USE
780,2025,Q2,27584,2025-03-31,EPC,UNRESOLVED,PROPOSED_REVIEWED_EVENT_OBSERVATION,EXPLICIT_QUARTER_CONSOLIDATED_EARNINGS_STATEMENT_AND_REGISTRANT_RESULTS_ANNOUNCEMENT,0001628280-25-022844,8-K,epc-20250507.htm,https://www.sec.gov/Archives/edgar/data/1096752/000162828025022844/epc-20250507.htm,2025-05-07T10:06:10Z,d5de3f9865bdc97421fbda8273e5dce1ed42b15dd03c4980a362bb3fa00393c4,93374d5dd5a084abfeb2ad791ad61fb6cae53860f673f55363f0c0194333401e,f49cca6ca18de2f494056ac3fc00472da6a90e801c43daa55529a3b43bfcf6be,2,https://www.sec.gov/Archives/edgar/data/1096752/000162828025022844/epc-20250507.htm;https://www.sec.gov/Archives/edgar/data/1096752/000162828025022844/epcexhibit99103312025.htm,a32c9a01863d83ea7b16fffff73f1615403f0a1cd79d9d97889ff54feeeb9b83;a1b782fbe096b85badeba1c70b3af74226b773d75d13004ac69475e3367fdde8,NONE,REVIEW_REQUIRED_EVENT_EVIDENCE,False,refresh_20261009T042704Z_refresh_fundamentals_c7bbcb6dfda4_production_adc49771,2026-10-09T09:00:48Z,FULL_PERIOD_RESULTS,QUARTER,PROVEN_PROPOSED_ONLY,CONSOLIDATED,GAAP_TOTAL,https://www.sec.gov/Archives/edgar/data/1096752/000162828025022844/epcexhibit99103312025.htm,LINKED_RESULT_EXHIBIT,fa9b55ace6a2c817ed2352d5e53d68a14376a9a88aaed7354bee9b53099b0511,217917cb923a335cb284578500ea45169a84390b90e3985c420b022d4ac92631,UNIQUE,EXPLICIT_OPERATOR_REVIEW_AND_APPROVAL_REQUIRED_NO_PRODUCTION_USE
780,2025,Q3,27585,2025-06-30,EPC,UNRESOLVED,PROPOSED_REVIEWED_EVENT_OBSERVATION,EXPLICIT_QUARTER_CONSOLIDATED_EARNINGS_STATEMENT_AND_REGISTRANT_RESULTS_ANNOUNCEMENT,0001628280-25-037579,8-K,epc-20250805.htm,https://www.sec.gov/Archives/edgar/data/1096752/000162828025037579/epc-20250805.htm,2025-08-05T10:11:29Z,e916fd344e77d27cb5f569b9d634c7793f639d186649ea15f457b036d001cee1,afddebe97647d1ae614b42e8091339598aa881d678eea15c4429dcf686dd08be,483ae094031151a895be3d9b28e949773dc3a198d9ca81d9b598583de04071ae,2,https://www.sec.gov/Archives/edgar/data/1096752/000162828025037579/epc-20250805.htm;https://www.sec.gov/Archives/edgar/data/1096752/000162828025037579/epcexhibit99106302025.htm,022e1592e94c7140e7089426cf43c1f48cf1fe952b9733bda302f6129c653cc8;0b986ffb11997178942ebf90719534ed5cb814c7d64292d8d32b9562ae2ab5b2,NONE,REVIEW_REQUIRED_EVENT_EVIDENCE,False,refresh_20261009T042704Z_refresh_fundamentals_c7bbcb6dfda4_production_adc49771,2026-10-09T09:00:48Z,FULL_PERIOD_RESULTS,QUARTER,PROVEN_PROPOSED_ONLY,CONSOLIDATED,GAAP_TOTAL,https://www.sec.gov/Archives/edgar/data/1096752/000162828025037579/epcexhibit99106302025.htm,LINKED_RESULT_EXHIBIT,df3a83e0deafa1a742a97a48e000ba2635fdb2c24a1634fccfb31fd752220a5c,e87d6e45ad884ab8e4a09f9345dff14b7f144bb158fb4403e10d8e506e68ad4a,UNIQUE,EXPLICIT_OPERATOR_REVIEW_AND_APPROVAL_REQUIRED_NO_PRODUCTION_USE
780,2026,Q3,27589,2026-06-30,EPC,UNRESOLVED,PROPOSED_REVIEWED_EVENT_OBSERVATION,EXPLICIT_QUARTER_CONSOLIDATED_EARNINGS_STATEMENT_AND_REGISTRANT_RESULTS_ANNOUNCEMENT,0001628280-26-052881,8-K,epc-20260805.htm,https://www.sec.gov/Archives/edgar/data/1096752/000162828026052881/epc-20260805.htm,2026-08-05T10:10:48Z,fd7a9236537521c2bbbdeef1887884e1a947f50c27c1a9f58637d317f8f859fc,aa7d2916f53f4f4ee6a4735be929b7eee3466ff47d37d0e86a8cc954dff8f6f4,38b5c4e1786c1ed7baed1d8a81d14ea5d58dc97ce6751c1bbd7ef35213c54196,2,https://www.sec.gov/Archives/edgar/data/1096752/000162828026052881/epc-20260805.htm;https://www.sec.gov/Archives/edgar/data/1096752/000162828026052881/q3fy26-epcexhibit991.htm,9ab56266e078b9cfb434a8eaeaf9fea7a32354f92039334a03ebd53be204791a;b7561beda6935b0fb93f995bed27259e1facfd84dc48f28b0081a7f3445722b2,NONE,REVIEW_REQUIRED_EVENT_EVIDENCE,False,refresh_20261009T042704Z_refresh_fundamentals_c7bbcb6dfda4_production_adc49771,2026-10-09T09:00:48Z,FULL_PERIOD_RESULTS,QUARTER,PROVEN_PROPOSED_ONLY,CONSOLIDATED,GAAP_TOTAL,https://www.sec.gov/Archives/edgar/data/1096752/000162828026052881/q3fy26-epcexhibit991.htm,LINKED_RESULT_EXHIBIT,6be301ab0898773713f78c4e0b391a63b9c272d5e139d68d04f86c18d5537ea7,1e59635dca1faf5c2d2a66b1d0a8f597dea21372d75645ed0d153d811270a7dc,UNIQUE,EXPLICIT_OPERATOR_REVIEW_AND_APPROVAL_REQUIRED_NO_PRODUCTION_USE
835,2026,Q2,29570,2026-06-30,FAST,UNRESOLVED,PROPOSED_REVIEWED_EVENT_OBSERVATION,EXPLICIT_QUARTER_CONSOLIDATED_EARNINGS_STATEMENT_AND_REGISTRANT_RESULTS_ANNOUNCEMENT,0000815556-26-000037,8-K,fast-20260714.htm,https://www.sec.gov/Archives/edgar/data/815556/000081555626000037/fast-20260714.htm,2026-07-14T12:01:18Z,b41d8fb3286f91fdafca73f04c630af815f502e9e898ef326dda0f4357f04ec3,795688e7ee33aadb3d23fe2a5731944299de7c6437a6131059eb493c9b1b68e6,ce65c1fcc037d8ff6daed221fe963073b5b4f2542a1fed5777cf707f012dccf4,2,https://www.sec.gov/Archives/edgar/data/815556/000081555626000037/fast-20260714.htm;https://www.sec.gov/Archives/edgar/data/815556/000081555626000037/ex_99106302026earningsrele.htm,814720684eecba8842cdd15db99713c36243fbd83c1029b41993c725a959a5b1;4e0b3baf1f2d81383f18d57968021a3523ee1ad65645cb3ccfdc690ba5401280,NONE,REVIEW_REQUIRED_EVENT_EVIDENCE,False,refresh_20261009T042704Z_refresh_fundamentals_c7bbcb6dfda4_production_adc49771,2026-10-09T09:00:48Z,FULL_PERIOD_RESULTS,QUARTER,PROVEN_PROPOSED_ONLY,CONSOLIDATED,GAAP_TOTAL,https://www.sec.gov/Archives/edgar/data/815556/000081555626000037/ex_99106302026earningsrele.htm,LINKED_RESULT_EXHIBIT,1446815fce58809d0457611ea1c3221d651e2a7ddf3108f11d690fac16caf4d5,67eea39d585a260c8ad4efa99570893d6037002743663cb7f4628e615ea8807a,UNIQUE,EXPLICIT_OPERATOR_REVIEW_AND_APPROVAL_REQUIRED_NO_PRODUCTION_USE
1067,2025,Q1,37898,2025-03-31,HTO,UNRESOLVED,PROPOSED_REVIEWED_EVENT_OBSERVATION,EXPLICIT_QUARTER_CONSOLIDATED_EARNINGS_STATEMENT_AND_REGISTRANT_RESULTS_ANNOUNCEMENT,0000766829-25-000035,8-K,sjw-20250428.htm,https://www.sec.gov/Archives/edgar/data/766829/000076682925000035/sjw-20250428.htm,2025-04-28T21:15:50Z,7d3867ffc22b62d870fc531430b49435f71becacc89dce4f40816e91f19aff97,770d18609e435e50a870f2c917d4035d6719aa6a9f1e5bad175835aa36d29d29,a61075524c5ce2a9728623fe19ab8d078ec258082d01720dafcac96e3eafe9b7,2,https://www.sec.gov/Archives/edgar/data/766829/000076682925000035/sjw-20250428.htm;https://www.sec.gov/Archives/edgar/data/766829/000076682925000035/exhibit991-1qtr2025.htm,07074d388fd3c898e490e03948e5538900e8f7570565169567903d6d83eee17e;1d212022a98efb2cf545d87e9ed4b896edf5f3750e29ecf32f8466de2d44b6d8,NONE,REVIEW_REQUIRED_EVENT_EVIDENCE,False,refresh_20261009T042704Z_refresh_fundamentals_c7bbcb6dfda4_production_adc49771,2026-10-09T09:00:48Z,FULL_PERIOD_RESULTS,QUARTER,PROVEN_PROPOSED_ONLY,CONSOLIDATED,GAAP_TOTAL,https://www.sec.gov/Archives/edgar/data/766829/000076682925000035/exhibit991-1qtr2025.htm,LINKED_RESULT_EXHIBIT,f4fada888c545afdca069386af27ba38f559410713d22863240eaa3f44e6ab2f,3979d05ac1d5e645dad0fc89c25f948362faca75f5a040196b01f3e18882c0c6,UNIQUE,EXPLICIT_OPERATOR_REVIEW_AND_APPROVAL_REQUIRED_NO_PRODUCTION_USE
1103,2025,Q3,39239,2025-09-30,IEX,NOT_FOUND,PROPOSED_REVIEWED_EVENT_OBSERVATION,EXPLICIT_QUARTER_CONSOLIDATED_EARNINGS_STATEMENT_AND_REGISTRANT_RESULTS_ANNOUNCEMENT,0001628280-25-046909,8-K,iex-20251029.htm,https://www.sec.gov/Archives/edgar/data/832101/000162828025046909/iex-20251029.htm,2025-10-29T11:08:27Z,f6964146c40a01b3b924a9c4535fe5418505365d0beda3336c1c90be1cf379a5,a4e3cb144bc44de2fb85b78f1e92f24885a44178e26125dde4899792d45d2099,9aae2f2f5619924aeb95a2472794f6f3a45485578aeed5774407d058b4c70eca,2,https://www.sec.gov/Archives/edgar/data/832101/000162828025046909/iex-20251029.htm;https://www.sec.gov/Archives/edgar/data/832101/000162828025046909/iex-20250930xex991.htm,5095393144b2fd615783daf8a8e045bf96e2c13085139da93940b96ef1a33e9d;3e9a812b5dfed1c6f774f0c8d98726a3816cd189ed2eb009c6d03a8c9cd5ead5,NONE,REVIEW_REQUIRED_EVENT_EVIDENCE,False,refresh_20261009T042704Z_refresh_fundamentals_c7bbcb6dfda4_production_adc49771,2026-10-09T09:00:48Z,FULL_PERIOD_RESULTS,QUARTER,PROVEN_PROPOSED_ONLY,CONSOLIDATED,GAAP_TOTAL,https://www.sec.gov/Archives/edgar/data/832101/000162828025046909/iex-20250930xex991.htm,LINKED_RESULT_EXHIBIT,edbe346bbdec8df9472f709ca3ca7bd62c64af8b0459e9b1dbac6b1a6e874c60,6918873791d980dbcf6974404c8e5cc33d0b1ce5dbb595af7dec491e241ad637,UNIQUE,EXPLICIT_OPERATOR_REVIEW_AND_APPROVAL_REQUIRED_NO_PRODUCTION_USE
1404,2025,Q1,50040,2025-03-31,MELI,UNRESOLVED,PROPOSED_REVIEWED_EVENT_OBSERVATION,EXPLICIT_QUARTER_CONSOLIDATED_EARNINGS_STATEMENT_AND_REGISTRANT_RESULTS_ANNOUNCEMENT,0001099590-25-000025,8-K,meli-20250507.htm,https://www.sec.gov/Archives/edgar/data/1099590/000109959025000025/meli-20250507.htm,2025-05-07T20:01:57Z,a3a500f703872b07fa5cde94476107d36d5715c3efbdeae7a251f80d7eda0f9c,73192b263aea8a9b92f482ca7ce1706f4dc3f06c6add80cb41ca4109f8c7cc1e,748566267b8aa977807b532c195272cebe06c6c193ed0edff8809098389b48be,2,https://www.sec.gov/Archives/edgar/data/1099590/000109959025000025/meli-20250507.htm;https://www.sec.gov/Archives/edgar/data/1099590/000109959025000025/meli-20250507xex991.htm,6aee8e373fdce04d39224fc7b5906166315fe2435b526da97a8e7286ae082861;ed18a0041fc8cabcd83fde605c8fa1d24c0b5408762a7c285c327a4841672fef,NONE,REVIEW_REQUIRED_EVENT_EVIDENCE,False,refresh_20261009T042704Z_refresh_fundamentals_c7bbcb6dfda4_production_adc49771,2026-10-09T09:00:48Z,FULL_PERIOD_RESULTS,QUARTER,PROVEN_PROPOSED_ONLY,CONSOLIDATED,GAAP_TOTAL,https://www.sec.gov/Archives/edgar/data/1099590/000109959025000025/meli-20250507xex991.htm,LINKED_RESULT_EXHIBIT,548e46cb68feca7d7078d5dc68d123bebe021d3b03adf2d56128cfaa4cd9b6a0,22c31608b97dcd0a963f8f8f5a17554acbdf605e3476bc7e828a3bca9477b5c6,UNIQUE,EXPLICIT_OPERATOR_REVIEW_AND_APPROVAL_REQUIRED_NO_PRODUCTION_USE
1404,2025,Q2,50041,2025-06-30,MELI,UNRESOLVED,PROPOSED_REVIEWED_EVENT_OBSERVATION,EXPLICIT_QUARTER_CONSOLIDATED_EARNINGS_STATEMENT_AND_REGISTRANT_RESULTS_ANNOUNCEMENT,0001099590-25-000041,8-K,meli-20250804.htm,https://www.sec.gov/Archives/edgar/data/1099590/000109959025000041/meli-20250804.htm,2025-08-04T20:01:19Z,6de363b640364fc250d038e7d4838bcf2fb2b91b7c42aed52c1e3a0d4798e5b8,45c2b024a51683d55632bd7ccf891564c9bf2b082bf2e0c6a03138955875edb4,012a15f65baa1d22285cfe766d1d042988efcd43470476869f993aadcaf22822,2,https://www.sec.gov/Archives/edgar/data/1099590/000109959025000041/meli-20250804.htm;https://www.sec.gov/Archives/edgar/data/1099590/000109959025000041/meli-20250804xex991.htm,2100e0cbcf93803e646a62728a37d8134db41301141a46610b60a0e8bfceb237;8887104c6265ea372ebed49755545fcf6dcf82395079bb2d77f6d452965bbd87,NONE,REVIEW_REQUIRED_EVENT_EVIDENCE,False,refresh_20261009T042704Z_refresh_fundamentals_c7bbcb6dfda4_production_adc49771,2026-10-09T09:00:48Z,FULL_PERIOD_RESULTS,QUARTER,PROVEN_PROPOSED_ONLY,CONSOLIDATED,GAAP_TOTAL,https://www.sec.gov/Archives/edgar/data/1099590/000109959025000041/meli-20250804xex991.htm,LINKED_RESULT_EXHIBIT,7efcbe8daa9c507f54150eadc4f645b721706752688b1ba38c94669a84979cc4,e5b072c47606fd08b4ef6f8fb8324dd91161f4bd62c91963afda57c2598c48df,UNIQUE,EXPLICIT_OPERATOR_REVIEW_AND_APPROVAL_REQUIRED_NO_PRODUCTION_USE
1404,2026,Q1,50044,2026-03-31,MELI,UNRESOLVED,PROPOSED_REVIEWED_EVENT_OBSERVATION,EXPLICIT_QUARTER_CONSOLIDATED_EARNINGS_STATEMENT_AND_REGISTRANT_RESULTS_ANNOUNCEMENT,0001099590-26-000014,8-K,meli-20260507.htm,https://www.sec.gov/Archives/edgar/data/1099590/000109959026000014/meli-20260507.htm,2026-05-07T20:00:57Z,61a3a1910046f0d952e2866c187e4980663d7cf21029931b612aca1d9692cc32,8910ce9c4db65672c9d3bdbf5c4b438921dcbec828d8f937429bc5a465857214,81467a20a8663c3b664643ef111ea1811f4a298b01fb2b4d5d778fd21b40c89d,2,https://www.sec.gov/Archives/edgar/data/1099590/000109959026000014/meli-20260507.htm;https://www.sec.gov/Archives/edgar/data/1099590/000109959026000014/meli-20260507xex991.htm,017b18dda23678dcd0d18c8a3ac541a151c9a8ec678d66eb0890ebe294b33c2c;f92813fe9076bb2c0f62cda7c02da466f4b1adede85041fe8bed1aa79f42fa6d,NONE,REVIEW_REQUIRED_EVENT_EVIDENCE,False,refresh_20261009T042704Z_refresh_fundamentals_c7bbcb6dfda4_production_adc49771,2026-10-09T09:00:48Z,FULL_PERIOD_RESULTS,QUARTER,PROVEN_PROPOSED_ONLY,CONSOLIDATED,GAAP_TOTAL,https://www.sec.gov/Archives/edgar/data/1099590/000109959026000014/meli-20260507xex991.htm,LINKED_RESULT_EXHIBIT,bae6bd8ebcd1312c9d0bfb56ed1da97c69d4553f17b0f34a722df1def612af2e,589bcb37a327353af78f913b2e1c522843a57f11226f2ee9019a5dd5aa725f25,UNIQUE,EXPLICIT_OPERATOR_REVIEW_AND_APPROVAL_REQUIRED_NO_PRODUCTION_USE
1404,2026,Q2,50045,2026-06-30,MELI,UNRESOLVED,PROPOSED_REVIEWED_EVENT_OBSERVATION,EXPLICIT_QUARTER_CONSOLIDATED_EARNINGS_STATEMENT_AND_REGISTRANT_RESULTS_ANNOUNCEMENT,0001099590-26-000021,8-K,meli-20260805.htm,https://www.sec.gov/Archives/edgar/data/1099590/000109959026000021/meli-20260805.htm,2026-08-05T20:00:58Z,577b34fe44cdacc2f8b4de04d1dc7519508a4b078e02e0290ab94f3f34a315a6,e7d4c1b579f6ba85718c7c192f4b6764701617ded8c947f333bcde19b752fb24,06ff56e079d0c68e75e3938f81150b8f0a4bdb6d125796cd6e9319fc3619746a,2,https://www.sec.gov/Archives/edgar/data/1099590/000109959026000021/meli-20260805.htm;https://www.sec.gov/Archives/edgar/data/1099590/000109959026000021/meli-20260805xex991.htm,e805521626d0380df5087ea052ecae5ed9964d4bd8fe5a291c10a4f4c2188955;e8d9199d1c5a3eef1214f2db731837b52a4a2a6847bd1df5b8baebb6cb047b87,NONE,REVIEW_REQUIRED_EVENT_EVIDENCE,False,refresh_20261009T042704Z_refresh_fundamentals_c7bbcb6dfda4_production_adc49771,2026-10-09T09:00:48Z,FULL_PERIOD_RESULTS,QUARTER,PROVEN_PROPOSED_ONLY,CONSOLIDATED,GAAP_TOTAL,https://www.sec.gov/Archives/edgar/data/1099590/000109959026000021/meli-20260805xex991.htm,LINKED_RESULT_EXHIBIT,071a9e7395e92d73f4e58e1d276fd577d6f6402547c4d675d25c8462824335f0,42dbe2785a73cb9abb391032489ebb68a420bfa02403fc6d5153dd037a4375a3,UNIQUE,EXPLICIT_OPERATOR_REVIEW_AND_APPROVAL_REQUIRED_NO_PRODUCTION_USE
1443,2025,Q1,51444,2025-03-31,MNKD,UNRESOLVED,PROPOSED_REVIEWED_EVENT_OBSERVATION,EXPLICIT_QUARTER_CONSOLIDATED_EARNINGS_STATEMENT_AND_REGISTRANT_RESULTS_ANNOUNCEMENT,0000950170-25-066426,8-K,mnkd-20250508.htm,https://www.sec.gov/Archives/edgar/data/899460/000095017025066426/mnkd-20250508.htm,2025-05-08T12:08:08Z,0345fa740b9e6635ad2dfb77c61c7673e0798383043db483159760af1ad0ef07,527f915b99508edb80393cbae4cf10468eaea82a739aea05232286c16bb257c3,6e68d58adda1378626bf9836a1de3b496845acb0e49ccf712310861d8170e9c0,2,https://www.sec.gov/Archives/edgar/data/899460/000095017025066426/mnkd-20250508.htm;https://www.sec.gov/Archives/edgar/data/899460/000095017025066426/mnkd-ex99_1.htm,2e7f70eea2fa7a1f530c85a0f083b1c12c6f84d2b2dacef455a4fa7e00629498;f262480e50e5229ce930569ed7e855ce2deb88e4eb88565376ae37ea4563544c,NONE,REVIEW_REQUIRED_EVENT_EVIDENCE,False,refresh_20261009T042704Z_refresh_fundamentals_c7bbcb6dfda4_production_adc49771,2026-10-09T09:00:48Z,FULL_PERIOD_RESULTS,QUARTER,PROVEN_PROPOSED_ONLY,CONSOLIDATED,GAAP_TOTAL,https://www.sec.gov/Archives/edgar/data/899460/000095017025066426/mnkd-ex99_1.htm,LINKED_RESULT_EXHIBIT,72f2302fd73509116939e96ec35e74b499d2b6213835a69ff01e775a5e037e47,253d1060f12cf0045b67d55aa47225544eab3ebb4de8f6b7f35784898f12ca70,UNIQUE,EXPLICIT_OPERATOR_REVIEW_AND_APPROVAL_REQUIRED_NO_PRODUCTION_USE
1457,2025,Q1,51924,2024-06-30,MPAA,UNRESOLVED,PROPOSED_REVIEWED_EVENT_OBSERVATION,EXPLICIT_QUARTER_CONSOLIDATED_EARNINGS_STATEMENT_AND_REGISTRANT_RESULTS_ANNOUNCEMENT,0001140361-24-036287,8-K,ef20033577_8k.htm,https://www.sec.gov/Archives/edgar/data/918251/000114036124036287/ef20033577_8k.htm,2024-08-08T11:59:11Z,866e017c9a64533f15ee4c8a3b30d3ccb02f9becc66bfc41d8f0d38b9a7aacdb,7ec1f7e7f0d99d2b7a3366e5faad3f0908535b50394cdd419a73ed2bb5f6f173,e2923f11f15c407e76fc4f3fc66fde0658e0d169c25662e4ffba53fa48c2766a,2,https://www.sec.gov/Archives/edgar/data/918251/000114036124036287/ef20033577_8k.htm;https://www.sec.gov/Archives/edgar/data/918251/000114036124036287/ef20033577_ex99-1.htm,9af4b5e67e808795721a71b9e2f43782e3c078bffc7c5017a616e0c56938dfa5;bc2171efc9e2c531db0950d4338b374b4e4ec2a9e19e045864ad5a28fe13a7b1,NONE,REVIEW_REQUIRED_EVENT_EVIDENCE,False,refresh_20261009T042704Z_refresh_fundamentals_c7bbcb6dfda4_production_adc49771,2026-10-09T09:00:48Z,FULL_PERIOD_RESULTS,QUARTER,PROVEN_PROPOSED_ONLY,CONSOLIDATED,GAAP_TOTAL,https://www.sec.gov/Archives/edgar/data/918251/000114036124036287/ef20033577_ex99-1.htm,LINKED_RESULT_EXHIBIT,bd989942531d4bd78c27da786d9c6efd4e498ce6661126cc1dcdb5066c8aa29f,cc671dbfd5713196ae2d184583220e708edd8751bfb4655bb5fc851ed80cf643,UNIQUE,EXPLICIT_OPERATOR_REVIEW_AND_APPROVAL_REQUIRED_NO_PRODUCTION_USE
1457,2025,Q2,51925,2024-09-30,MPAA,UNRESOLVED,PROPOSED_REVIEWED_EVENT_OBSERVATION,EXPLICIT_QUARTER_CONSOLIDATED_EARNINGS_STATEMENT_AND_REGISTRANT_RESULTS_ANNOUNCEMENT,0001140361-24-046024,8-K,ef20038262_8k.htm,https://www.sec.gov/Archives/edgar/data/918251/000114036124046024/ef20038262_8k.htm,2024-11-12T12:58:16Z,0e080061685d7f5d9d3662248da4ce7c19a50c1762d23d68f9863c2939d34f25,823db11e06062b83498da6b1a6e9357c8a22ed154daddaee923a6263c3ffe6fc,473c7ffa5882dfe17c9c658a1e50e11877b9ebcd8b6e36966b3cd8cdc56889e1,2,https://www.sec.gov/Archives/edgar/data/918251/000114036124046024/ef20038262_8k.htm;https://www.sec.gov/Archives/edgar/data/918251/000114036124046024/ef20038262_ex99-1.htm,4cd07491cfd82389cd0eba1282d2a67c4babded0259bffe8114ff6e72ba72492;225ff4abb013de19495c71b68203a49ff92635dd855dc40cc410ae5fec71ef8e,NONE,REVIEW_REQUIRED_EVENT_EVIDENCE,False,refresh_20261009T042704Z_refresh_fundamentals_c7bbcb6dfda4_production_adc49771,2026-10-09T09:00:48Z,FULL_PERIOD_RESULTS,QUARTER,PROVEN_PROPOSED_ONLY,CONSOLIDATED,GAAP_TOTAL,https://www.sec.gov/Archives/edgar/data/918251/000114036124046024/ef20038262_ex99-1.htm,LINKED_RESULT_EXHIBIT,9e216557eab86e89ef162ec3bf4686d218ec2421d0a81ed57958be424419d5b1,42968e9b207a31b4ae752ac1b26cf31adafc22a352fb8ba6deb1b38133453fb1,UNIQUE,EXPLICIT_OPERATOR_REVIEW_AND_APPROVAL_REQUIRED_NO_PRODUCTION_USE
1457,2025,Q3,51926,2024-12-31,MPAA,UNRESOLVED,PROPOSED_REVIEWED_EVENT_OBSERVATION,EXPLICIT_QUARTER_CONSOLIDATED_EARNINGS_STATEMENT_AND_REGISTRANT_RESULTS_ANNOUNCEMENT,0001140361-25-003643,8-K,ef20042936_8k.htm,https://www.sec.gov/Archives/edgar/data/918251/000114036125003643/ef20042936_8k.htm,2025-02-10T12:58:17Z,abe5d43896e96ddd23bb4ecea4e2ffbe6c662e9430bd86912af2680c9396372c,5b8676c15d4f3837e9a6c376620347a0248f443980eaf5594e6878c354d6c341,4c7c08649a256d80e5f1145124b7cff239459226fbbc3f7de51eb8cdadddd32c,2,https://www.sec.gov/Archives/edgar/data/918251/000114036125003643/ef20042936_8k.htm;https://www.sec.gov/Archives/edgar/data/918251/000114036125003643/ef20042936_ex99-1.htm,8906d1e9c2c36c5973da8e3d38e7165f5cacdb6e55407f19a550dbb7f2ece382;5f004300ef108cbff0233ab15c71c4632b02015c07b36fba442dfe9f62c54819,NONE,REVIEW_REQUIRED_EVENT_EVIDENCE,False,refresh_20261009T042704Z_refresh_fundamentals_c7bbcb6dfda4_production_adc49771,2026-10-09T09:00:48Z,FULL_PERIOD_RESULTS,QUARTER,PROVEN_PROPOSED_ONLY,CONSOLIDATED,GAAP_TOTAL,https://www.sec.gov/Archives/edgar/data/918251/000114036125003643/ef20042936_ex99-1.htm,LINKED_RESULT_EXHIBIT,c61acedd001f254e73cc2246949c96292552db721a6d7e3003253f27a7ac7e79,9ac10c1f9969b966d05614543185e5cc46140357605bb680128e903550ca4c43,UNIQUE,EXPLICIT_OPERATOR_REVIEW_AND_APPROVAL_REQUIRED_NO_PRODUCTION_USE
1487,2025,Q1,53034,2024-09-30,MTRX,UNRESOLVED,PROPOSED_REVIEWED_EVENT_OBSERVATION,EXPLICIT_QUARTER_CONSOLIDATED_EARNINGS_STATEMENT_AND_REGISTRANT_RESULTS_ANNOUNCEMENT,0000866273-24-000112,8-K,mtrx-20241106.htm,https://www.sec.gov/Archives/edgar/data/866273/000086627324000112/mtrx-20241106.htm,2024-11-06T21:17:26Z,fc50e468b3958824580da53a83086735e64b2d8a1a51f340c9773986c47dba2b,ea2df02df3842e32f0120c1a555daef0122543a2b2fe6133751b5cdc2f3de246,3a53812165ba891ce032f493188f2017595b1442d3f679ac6df15a1880c8f827,2,https://www.sec.gov/Archives/edgar/data/866273/000086627324000112/mtrx-20241106.htm;https://www.sec.gov/Archives/edgar/data/866273/000086627324000112/a093024ex99earningsrelease.htm,23e8a115e0420263ccebd8473d42fd64c30f65f73102a7032f3f45338d4d6cd9;269dec141f0058b535f631ceb8c07ad4304314ae63319fa12bc6cba036cd3cda,NONE,REVIEW_REQUIRED_EVENT_EVIDENCE,False,refresh_20261009T042704Z_refresh_fundamentals_c7bbcb6dfda4_production_adc49771,2026-10-09T09:00:48Z,FULL_PERIOD_RESULTS,QUARTER,PROVEN_PROPOSED_ONLY,CONSOLIDATED,GAAP_TOTAL,https://www.sec.gov/Archives/edgar/data/866273/000086627324000112/a093024ex99earningsrelease.htm,LINKED_RESULT_EXHIBIT,5fdbb1f3a9fc8ddd4745f3d23619b0af30f4ba090f8cbb187033d7df6bb9b1f6,431fcab8ed0ae926a2ce2d551279c8b7f18f55ba2b1b33ad6f0c9dc57dfc66ad,UNIQUE,EXPLICIT_OPERATOR_REVIEW_AND_APPROVAL_REQUIRED_NO_PRODUCTION_USE
1487,2025,Q2,53035,2024-12-31,MTRX,UNRESOLVED,PROPOSED_REVIEWED_EVENT_OBSERVATION,EXPLICIT_QUARTER_CONSOLIDATED_EARNINGS_STATEMENT_AND_REGISTRANT_RESULTS_ANNOUNCEMENT,0000866273-25-000013,8-K,mtrx-20250205.htm,https://www.sec.gov/Archives/edgar/data/866273/000086627325000013/mtrx-20250205.htm,2025-02-05T21:40:10Z,c634f3114091cfd51f7a2fe440a66224884a5a0dfc4faaeb76e16fbbe0968a54,8556999a50b98bf3f29d689c79b3989c2e5c2df182f31c0e535c3359d1f268e6,7ae6e7a93e47fbf148b078a5c2f71526e8830ff8069562d764b1223a4c5f93b2,2,https://www.sec.gov/Archives/edgar/data/866273/000086627325000013/mtrx-20250205.htm;https://www.sec.gov/Archives/edgar/data/866273/000086627325000013/a123124ex99earningsrelease.htm,b625a0479026a10bc74f2442a2ec270d943978a02ab8fe5b7cf982083d91c075;5adfa8326a884c92a20ed7fc444aaee7600eb1ad16ad7be12651296497dc9fe3,NONE,REVIEW_REQUIRED_EVENT_EVIDENCE,False,refresh_20261009T042704Z_refresh_fundamentals_c7bbcb6dfda4_production_adc49771,2026-10-09T09:00:48Z,FULL_PERIOD_RESULTS,QUARTER,PROVEN_PROPOSED_ONLY,CONSOLIDATED,GAAP_TOTAL,https://www.sec.gov/Archives/edgar/data/866273/000086627325000013/a123124ex99earningsrelease.htm,LINKED_RESULT_EXHIBIT,0081ae2dfeea394562537c5ee377f5ae0b3215fb554a095ff2a2686ddd796b24,616143862cdb40bb47c22822774a51ce24512d5f16c94c1943f3b763607c89dc,UNIQUE,EXPLICIT_OPERATOR_REVIEW_AND_APPROVAL_REQUIRED_NO_PRODUCTION_USE
1487,2025,Q3,53036,2025-03-31,MTRX,UNRESOLVED,PROPOSED_REVIEWED_EVENT_OBSERVATION,EXPLICIT_QUARTER_CONSOLIDATED_EARNINGS_STATEMENT_AND_REGISTRANT_RESULTS_ANNOUNCEMENT,0000866273-25-000027,8-K,mtrx-20250507.htm,https://www.sec.gov/Archives/edgar/data/866273/000086627325000027/mtrx-20250507.htm,2025-05-07T20:13:36Z,12e0d6ebdedc34d9f66ca64bd0053ac5091d9df4379a8021c48143bc11eb4334,3f9fe900e0c0d247c85c4b5d76013edcb0238609cc23702bb0195246393009e3,11c894cab99de8ae6e60151898d1f4e1bbdd176af3799a971c6473246719a8bc,2,https://www.sec.gov/Archives/edgar/data/866273/000086627325000027/mtrx-20250507.htm;https://www.sec.gov/Archives/edgar/data/866273/000086627325000027/a033125ex99earningsrelease.htm,7b95587a639b832cddf95c3bf88b12c6a48d9bfb0f1b9a71e904dc5f5dc4d390;4876a7cfc6c47d1d6646bb082a5a35ba0bf8f5485fbca67ead22902b2c97b3c1,NONE,REVIEW_REQUIRED_EVENT_EVIDENCE,False,refresh_20261009T042704Z_refresh_fundamentals_c7bbcb6dfda4_production_adc49771,2026-10-09T09:00:48Z,FULL_PERIOD_RESULTS,QUARTER,PROVEN_PROPOSED_ONLY,CONSOLIDATED,GAAP_TOTAL,https://www.sec.gov/Archives/edgar/data/866273/000086627325000027/a033125ex99earningsrelease.htm,LINKED_RESULT_EXHIBIT,ea376fa47efb080b2c19b2016af47a0cae9e66c32c3d5e0d1bfb9218de8af8b4,cf672635ea57c672939bae42f34d13d866fc9065382fca16fc6710c320e5f242,UNIQUE,EXPLICIT_OPERATOR_REVIEW_AND_APPROVAL_REQUIRED_NO_PRODUCTION_USE
1487,2025,Q4,53037,2025-06-30,MTRX,UNRESOLVED,PROPOSED_REVIEWED_EVENT_OBSERVATION,EXPLICIT_QUARTER_CONSOLIDATED_EARNINGS_STATEMENT_AND_REGISTRANT_RESULTS_ANNOUNCEMENT,0000866273-25-000066,8-K,mtrx-20250909.htm,https://www.sec.gov/Archives/edgar/data/866273/000086627325000066/mtrx-20250909.htm,2025-09-09T20:19:50Z,8f0b2547de34f8ae720b0b84594197df7b1c8b87c14772652d2f158ac62fe992,2685e2de0b4ee5e293f048d293cd8dbb707c5a06cc0ad000515b33b9a62136d2,8bc670884ded805bbb7743c14867f4b36e34e15c58042277931979334e58de25,2,https://www.sec.gov/Archives/edgar/data/866273/000086627325000066/mtrx-20250909.htm;https://www.sec.gov/Archives/edgar/data/866273/000086627325000066/a063025ex99earningsrelease.htm,ad42e131ecf88b9973cf0d03afd9363d5a4a83fe86c083e9e96b1b1e500781e6;f4d6c6a1e1b01a5f404acb16ddc8a5f058ab3a5ffe7078567911634716f3fd02,NONE,REVIEW_REQUIRED_EVENT_EVIDENCE,False,refresh_20261009T042704Z_refresh_fundamentals_c7bbcb6dfda4_production_adc49771,2026-10-09T09:00:48Z,FULL_PERIOD_RESULTS,QUARTER,PROVEN_PROPOSED_ONLY,CONSOLIDATED,GAAP_TOTAL,https://www.sec.gov/Archives/edgar/data/866273/000086627325000066/a063025ex99earningsrelease.htm,LINKED_RESULT_EXHIBIT,c42f798fd48a3322be00108cc15a73f8bdb28467589946485be88d86b225e6a7,43720013d895701035b4b1b4ce80ce4c918a13b2fe672a37fe937a41d507b8b4,UNIQUE,EXPLICIT_OPERATOR_REVIEW_AND_APPROVAL_REQUIRED_NO_PRODUCTION_USE
1487,2026,Q1,53038,2025-09-30,MTRX,UNRESOLVED,PROPOSED_REVIEWED_EVENT_OBSERVATION,EXPLICIT_QUARTER_CONSOLIDATED_EARNINGS_STATEMENT_AND_REGISTRANT_RESULTS_ANNOUNCEMENT,0000866273-25-000098,8-K,mtrx-20251105.htm,https://www.sec.gov/Archives/edgar/data/866273/000086627325000098/mtrx-20251105.htm,2025-11-05T21:53:49Z,2876fdad0a47fdfcf81c8cdded341c2fd18412a946321fb0d231f915e36e1cbe,14cd933dddd7cf1235acbe41605bc6f5d3d11bd435439a312a24984efd0c7c96,68d2c08e46b8de298066eb2781fd0c0b2c95d9c407e9fc032b767139f76e6be3,2,https://www.sec.gov/Archives/edgar/data/866273/000086627325000098/mtrx-20251105.htm;https://www.sec.gov/Archives/edgar/data/866273/000086627325000098/a093025ex99earningsrelease.htm,2e95e3b6615393a80ec169a968a62769248a5b4330112f1eb3090e6c7ccc2ac1;1a3d779d493fe3b2bbf84c78c8a254bcdb7a93cea9506057160af90be24a6f18,NONE,REVIEW_REQUIRED_EVENT_EVIDENCE,False,refresh_20261009T042704Z_refresh_fundamentals_c7bbcb6dfda4_production_adc49771,2026-10-09T09:00:48Z,FULL_PERIOD_RESULTS,QUARTER,PROVEN_PROPOSED_ONLY,CONSOLIDATED,GAAP_TOTAL,https://www.sec.gov/Archives/edgar/data/866273/000086627325000098/a093025ex99earningsrelease.htm,LINKED_RESULT_EXHIBIT,6ff139a85d6e8c35bec2689195f0b41f0feb97045de69a274de0eb10af7fa70b,f970467d22df56bc709cea9b05dfbe9e36a9ee68e163481ce7ee7fa66295270c,UNIQUE,EXPLICIT_OPERATOR_REVIEW_AND_APPROVAL_REQUIRED_NO_PRODUCTION_USE
1487,2026,Q2,53039,2025-12-31,MTRX,UNRESOLVED,PROPOSED_REVIEWED_EVENT_OBSERVATION,EXPLICIT_QUARTER_CONSOLIDATED_EARNINGS_STATEMENT_AND_REGISTRANT_RESULTS_ANNOUNCEMENT,0000866273-26-000012,8-K,mtrx-20260204.htm,https://www.sec.gov/Archives/edgar/data/866273/000086627326000012/mtrx-20260204.htm,2026-02-04T21:50:17Z,099a797865975353ad05318da53cd82d4e1f8f3520ec953bc9a2bdf532f741e4,79ad6931da9e6aeb6becf7f7bb2dd0726a17da23c9c59b567dd56d2b760059cb,214bca414d2e3045789ac5da6c8b4ef5438879e3b87650beae63832519f684e7,2,https://www.sec.gov/Archives/edgar/data/866273/000086627326000012/mtrx-20260204.htm;https://www.sec.gov/Archives/edgar/data/866273/000086627326000012/a123125ex99earningsrelease.htm,c5c76f42bf5c8660fffea18d3f681230c8147f7fa182f7f02b3c83132253ae5f;9f64e11b97d87cc929c6a580583881f88b6339ca58a79ca69a65caf9a5c38282,NONE,REVIEW_REQUIRED_EVENT_EVIDENCE,False,refresh_20261009T042704Z_refresh_fundamentals_c7bbcb6dfda4_production_adc49771,2026-10-09T09:00:48Z,FULL_PERIOD_RESULTS,QUARTER,PROVEN_PROPOSED_ONLY,CONSOLIDATED,GAAP_TOTAL,https://www.sec.gov/Archives/edgar/data/866273/000086627326000012/a123125ex99earningsrelease.htm,LINKED_RESULT_EXHIBIT,47913d087da66cdf7436e044dd6cb7ebfa10d03c5a5298665416326c56970837,c1d3c1c2117e420b46d70322e5da0b6dab67ce44bfefada63f61af5a1192687e,UNIQUE,EXPLICIT_OPERATOR_REVIEW_AND_APPROVAL_REQUIRED_NO_PRODUCTION_USE
1602,2025,Q2,57074,2025-04-30,NX,UNRESOLVED,PROPOSED_REVIEWED_EVENT_OBSERVATION,EXPLICIT_QUARTER_CONSOLIDATED_EARNINGS_STATEMENT_AND_REGISTRANT_RESULTS_ANNOUNCEMENT,0001171843-25-003726,8-K,f8k_060525.htm,https://www.sec.gov/Archives/edgar/data/1423221/000117184325003726/f8k_060525.htm,2025-06-06T00:17:35Z,a85f9b0c0844d5184bdddc905eb1dd0b2a62f66f6c5063b1ca35e815e231afa0,c8cf7bb0dd371e31ad07568d337316c49fae13384c58b414ca53e2395c8833ee,0fd2d717fb43563b6ca47d2b0f978817469b2ecc0c7242851c2782a43496f28d,2,https://www.sec.gov/Archives/edgar/data/1423221/000117184325003726/f8k_060525.htm;https://www.sec.gov/Archives/edgar/data/1423221/000117184325003726/exh_991.htm,a07f6fd49d3a8edf40505deff3afb07d4e2f96d0773d772531e170d48317179f;4eaf5b70c98d2a5b9608c8fb78b1c1bd79c365a8530f5f738fa57f264315c793,NONE,REVIEW_REQUIRED_EVENT_EVIDENCE,False,refresh_20261009T042704Z_refresh_fundamentals_c7bbcb6dfda4_production_adc49771,2026-10-09T09:00:48Z,FULL_PERIOD_RESULTS,QUARTER,PROVEN_PROPOSED_ONLY,CONSOLIDATED,GAAP_TOTAL,https://www.sec.gov/Archives/edgar/data/1423221/000117184325003726/exh_991.htm,LINKED_RESULT_EXHIBIT,0334ac8ff51babcdd085882afa1500d3a2b064d01cf251200b6b4e333d5a88ec,e04f316f0cc5d22b457566153cb77ced3601f52fa981c811c6941dc52e04593e,UNIQUE,EXPLICIT_OPERATOR_REVIEW_AND_APPROVAL_REQUIRED_NO_PRODUCTION_USE
1602,2025,Q4,57076,2025-10-31,NX,UNRESOLVED,PROPOSED_REVIEWED_EVENT_OBSERVATION,EXPLICIT_QUARTER_CONSOLIDATED_EARNINGS_STATEMENT_AND_REGISTRANT_RESULTS_ANNOUNCEMENT,0001171843-25-007891,8-K,f8k_121125.htm,https://www.sec.gov/Archives/edgar/data/1423221/000117184325007891/f8k_121125.htm,2025-12-12T02:17:27Z,da276c6c17293b338e2894d41e4342d3c5ed6d72a1b60c9d84841b17f8b78de7,89a65aa4a7af464f9c32f0129eaf01565f3af45b992e41ca98bdafc5a7549c84,af421ce4c4c522fbbe0609601a3d0998c65fb2a2f30d87d95d61af3b2d98797c,2,https://www.sec.gov/Archives/edgar/data/1423221/000117184325007891/f8k_121125.htm;https://www.sec.gov/Archives/edgar/data/1423221/000117184325007891/exh_991.htm,1f203343c359df59b5b0f4db7daaf092592905510e89a163b06de20c86012e02;d6f77d267c0ff0386c129f0dbbe9c3550de5460ef79fdfc7fce91ecb7ec26f16,NONE,REVIEW_REQUIRED_EVENT_EVIDENCE,False,refresh_20261009T042704Z_refresh_fundamentals_c7bbcb6dfda4_production_adc49771,2026-10-09T09:00:48Z,FULL_PERIOD_RESULTS,QUARTER,PROVEN_PROPOSED_ONLY,CONSOLIDATED,GAAP_TOTAL,https://www.sec.gov/Archives/edgar/data/1423221/000117184325007891/exh_991.htm,LINKED_RESULT_EXHIBIT,8317a626cc460efa9321c3e0f11f50f43a87e9059867deaeaa13ed8d6461fc67,9945e9c51ebc96ed8fc4d43fc3907470318eef5f1b01b7aa62ab4b1bc3cf7907,UNIQUE,EXPLICIT_OPERATOR_REVIEW_AND_APPROVAL_REQUIRED_NO_PRODUCTION_USE
1602,2026,Q1,57077,2026-01-31,NX,UNRESOLVED,PROPOSED_REVIEWED_EVENT_OBSERVATION,EXPLICIT_QUARTER_CONSOLIDATED_EARNINGS_STATEMENT_AND_REGISTRANT_RESULTS_ANNOUNCEMENT,0001171843-26-001364,8-K,f8k_030526.htm,https://www.sec.gov/Archives/edgar/data/1423221/000117184326001364/f8k_030526.htm,2026-03-06T02:17:28Z,fa80eb44189d9158e261a75cfa4024677ebfc1d15bed3c5378c9afdbc814675e,420831cab508108887854fe3d374bae0659f9b4f373174e0c11fb9eeada16cc3,6e7dbcfcb4806e0beefca7b6e85996e8f3c521ea4cffa5f15fc457e8fd7370d4,2,https://www.sec.gov/Archives/edgar/data/1423221/000117184326001364/f8k_030526.htm;https://www.sec.gov/Archives/edgar/data/1423221/000117184326001364/exh_991.htm,59a579ca3f26a67d2994db13a105077c1968e0af4fa56b2b375c865d505f1c39;28cc6722c27a973946615e3324951ed85b9b495c712e5be07b8b3b53d27dafc7,NONE,REVIEW_REQUIRED_EVENT_EVIDENCE,False,refresh_20261009T042704Z_refresh_fundamentals_c7bbcb6dfda4_production_adc49771,2026-10-09T09:00:48Z,FULL_PERIOD_RESULTS,QUARTER,PROVEN_PROPOSED_ONLY,CONSOLIDATED,GAAP_TOTAL,https://www.sec.gov/Archives/edgar/data/1423221/000117184326001364/exh_991.htm,LINKED_RESULT_EXHIBIT,6e2e199adbf6abc45c13a9a48692eb26d06259a0bbf2d13b8ac9ff30f6085b77,05fffcb1acd181b731d953d5122f53b1936a70d55bffdff0d6ab3b97f3423add,UNIQUE,EXPLICIT_OPERATOR_REVIEW_AND_APPROVAL_REQUIRED_NO_PRODUCTION_USE
1772,2025,Q1,63225,2025-03-30,PPC,UNRESOLVED,PROPOSED_REVIEWED_EVENT_OBSERVATION,EXPLICIT_QUARTER_CONSOLIDATED_EARNINGS_STATEMENT_AND_REGISTRANT_RESULTS_ANNOUNCEMENT,0000802481-25-000059,8-K,ppc-20250430.htm,https://www.sec.gov/Archives/edgar/data/802481/000080248125000059/ppc-20250430.htm,2025-04-30T22:52:27Z,0db916e21ef47e33b7e88dbeffd10d6fe845a597226de2cb52cc0a35f4101be5,ff25ac9b2e86dcc852d18f5044107c751a3e5e20ff78ced549c69056a714a93c,b77e3de489ac8c7ac3d85a8c95a94ba898d037bbc58393e70a10aa1a5c09a1cc,2,https://www.sec.gov/Archives/edgar/data/802481/000080248125000059/ppc-20250430.htm;https://www.sec.gov/Archives/edgar/data/802481/000080248125000059/a2025_q1ppcex991earningsre.htm,029f45d98d17bd4c484317714639f0ae64f71da3f7046612516c8b398383bdd7;4eeee147d77a3b10a0818d613513e742638a3275d0e9e58e59946fb956238757,NONE,REVIEW_REQUIRED_EVENT_EVIDENCE,False,refresh_20261009T042704Z_refresh_fundamentals_c7bbcb6dfda4_production_adc49771,2026-10-09T09:00:48Z,FULL_PERIOD_RESULTS,QUARTER,PROVEN_PROPOSED_ONLY,CONSOLIDATED,GAAP_TOTAL,https://www.sec.gov/Archives/edgar/data/802481/000080248125000059/a2025_q1ppcex991earningsre.htm,LINKED_RESULT_EXHIBIT,90b2adbc81a62295b4ec4229f9639f1d6a37c49a38e2b5da85b33261edbfd3aa,5cfe6bf71f3e116c37f0dc539ae9734a36d0f8808585c74a2274a7646100bb2d,UNIQUE,EXPLICIT_OPERATOR_REVIEW_AND_APPROVAL_REQUIRED_NO_PRODUCTION_USE
1772,2025,Q2,63226,2025-06-29,PPC,UNRESOLVED,PROPOSED_REVIEWED_EVENT_OBSERVATION,EXPLICIT_QUARTER_CONSOLIDATED_EARNINGS_STATEMENT_AND_REGISTRANT_RESULTS_ANNOUNCEMENT,0000802481-25-000108,8-K,ppc-20250730.htm,https://www.sec.gov/Archives/edgar/data/802481/000080248125000108/ppc-20250730.htm,2025-07-30T22:27:49Z,741e5dce987e43e236a8e2712d93b44f5e0197d57f618797112ded712b0f08b7,53537090c0ced0c6b13a2ec413b2900534acdda8553cb51b863fd735bd69bf74,27a0fd9595df838bdecb84a5f67c7a7b062a19420efc73e26e97586c52014fb9,2,https://www.sec.gov/Archives/edgar/data/802481/000080248125000108/ppc-20250730.htm;https://www.sec.gov/Archives/edgar/data/802481/000080248125000108/a2025_q2ppcex991earningsre.htm,67a020685c168a4dcc24d5f1ee80f532b543f988495a53bdb1d8fc8588bd6473;498623aa2dd2d622c721b63b99f60fc62e9f3e3b4d1245fff279058473afc5cc,NONE,REVIEW_REQUIRED_EVENT_EVIDENCE,False,refresh_20261009T042704Z_refresh_fundamentals_c7bbcb6dfda4_production_adc49771,2026-10-09T09:00:48Z,FULL_PERIOD_RESULTS,QUARTER,PROVEN_PROPOSED_ONLY,CONSOLIDATED,GAAP_TOTAL,https://www.sec.gov/Archives/edgar/data/802481/000080248125000108/a2025_q2ppcex991earningsre.htm,LINKED_RESULT_EXHIBIT,413986aa2593b169436ebd6866ca866bf845b4e145a95c51f4638121e2fdfb50,53c0e468759057353857e158624f8c8c81bd7d5c498ea9aef3b2589b5fc5e2f3,UNIQUE,EXPLICIT_OPERATOR_REVIEW_AND_APPROVAL_REQUIRED_NO_PRODUCTION_USE
1826,2025,Q1,65076,2024-12-29,QCOM,UNRESOLVED,PROPOSED_REVIEWED_EVENT_OBSERVATION,EXPLICIT_QUARTER_CONSOLIDATED_EARNINGS_STATEMENT_AND_REGISTRANT_RESULTS_ANNOUNCEMENT,0000804328-25-000010,8-K,qcom-20250205.htm,https://www.sec.gov/Archives/edgar/data/804328/000080432825000010/qcom-20250205.htm,2025-02-05T21:04:42Z,e8855e442b9530f6acbe28bf1d7fcbd0cb1b1e6416fb3d2e3c74e409ffe0607e,81825f43a1230710af388c6405a87d206a604d2fb65dfc0b9b64a7a84066e77e,702cd11ea45c1a38b3b692deb8f807af4356e2cfcfbdb44e9b1b432ea6dd3b30,2,https://www.sec.gov/Archives/edgar/data/804328/000080432825000010/qcom-20250205.htm;https://www.sec.gov/Archives/edgar/data/804328/000080432825000010/qcom122924erex991.htm,0d81b14934391aaa9231d918f922fc37bed1a57a20ab3c61f5e0342f12d3fb7e;feecda5559552f8cd86b78eb130b93fb63ccae5e0845277bf0f58dc406208be6,NONE,REVIEW_REQUIRED_EVENT_EVIDENCE,False,refresh_20261009T042704Z_refresh_fundamentals_c7bbcb6dfda4_production_adc49771,2026-10-09T09:00:48Z,FULL_PERIOD_RESULTS,QUARTER,PROVEN_PROPOSED_ONLY,CONSOLIDATED,GAAP_TOTAL,https://www.sec.gov/Archives/edgar/data/804328/000080432825000010/qcom122924erex991.htm,LINKED_RESULT_EXHIBIT,926249c5849e875aad8392f86f1994f9b119540f525ab84e12ad15396eebfb82,0fb2ffe938e3b5f0a670b005c87f13519c920181abe9c93e7f778ba4f7ee7d35,UNIQUE,EXPLICIT_OPERATOR_REVIEW_AND_APPROVAL_REQUIRED_NO_PRODUCTION_USE
1826,2025,Q2,65077,2025-03-30,QCOM,UNRESOLVED,PROPOSED_REVIEWED_EVENT_OBSERVATION,EXPLICIT_QUARTER_CONSOLIDATED_EARNINGS_STATEMENT_AND_REGISTRANT_RESULTS_ANNOUNCEMENT,0000804328-25-000029,8-K,qcom-20250430.htm,https://www.sec.gov/Archives/edgar/data/804328/000080432825000029/qcom-20250430.htm,2025-04-30T20:04:10Z,657d427f9235cb06b9bc54dec2fe152f9f8b6d5d2c60a2cf4f05064fcf8ab861,2b30be8da62a9e38c17404704d2cd8f2c7fc8092e334ae0d5a3dabcd12c557a2,edd2c6a6b0085739b89568827f0f713d1d43674ed1684cc58d95bf5ca111658d,2,https://www.sec.gov/Archives/edgar/data/804328/000080432825000029/qcom-20250430.htm;https://www.sec.gov/Archives/edgar/data/804328/000080432825000029/qcom033025erex991.htm,15ecf8ea0fa9ac262ac0044386f5755d952191d7675d1046695d6c468e724737;99bb80cc7701d66f26406f7726d0b3423145b32cc4d7d63d07d754d5f1a19ea7,NONE,REVIEW_REQUIRED_EVENT_EVIDENCE,False,refresh_20261009T042704Z_refresh_fundamentals_c7bbcb6dfda4_production_adc49771,2026-10-09T09:00:48Z,FULL_PERIOD_RESULTS,QUARTER,PROVEN_PROPOSED_ONLY,CONSOLIDATED,GAAP_TOTAL,https://www.sec.gov/Archives/edgar/data/804328/000080432825000029/qcom033025erex991.htm,LINKED_RESULT_EXHIBIT,b25600a9359350c7e1265f80cbc0b7ef4feaa9dab3e244ed42375ae47066be08,7e6405e9a6c46d937f886339bdf45c193d3d4d114a72a19ff69d8e0a9389bbfa,UNIQUE,EXPLICIT_OPERATOR_REVIEW_AND_APPROVAL_REQUIRED_NO_PRODUCTION_USE
1826,2026,Q1,65080,2025-12-28,QCOM,UNRESOLVED,PROPOSED_REVIEWED_EVENT_OBSERVATION,EXPLICIT_QUARTER_CONSOLIDATED_EARNINGS_STATEMENT_AND_REGISTRANT_RESULTS_ANNOUNCEMENT,0000804328-26-000016,8-K,qcom-20260204.htm,https://www.sec.gov/Archives/edgar/data/804328/000080432826000016/qcom-20260204.htm,2026-02-04T21:00:59Z,eaa5e14eb8735a62cd244a5230a7bc9134ec0fc57ba389039f56a4c513f6bac1,c28098943f80c0d2b25311989ddc77dce286c6e7edf87e6a9593e313e7a86a23,5032a167b893766e3fc1bec6d0220078bee5fbd667ae6bf45a263e1f99664cb7,2,https://www.sec.gov/Archives/edgar/data/804328/000080432826000016/qcom-20260204.htm;https://www.sec.gov/Archives/edgar/data/804328/000080432826000016/qcom122825erex991.htm,16577607590e272a85e37dd23848cfcd0abfd2dcb1c462cb78c9b63244f7c3d7;c5cc7e02c51d11385c00cc6a1f5888964295f7b36a0212f3190aab6df6b7d71e,NONE,REVIEW_REQUIRED_EVENT_EVIDENCE,False,refresh_20261009T042704Z_refresh_fundamentals_c7bbcb6dfda4_production_adc49771,2026-10-09T09:00:48Z,FULL_PERIOD_RESULTS,QUARTER,PROVEN_PROPOSED_ONLY,CONSOLIDATED,GAAP_TOTAL,https://www.sec.gov/Archives/edgar/data/804328/000080432826000016/qcom122825erex991.htm,LINKED_RESULT_EXHIBIT,d30ae59aaf30020d02791d5e66fc0c1d435ab02bf1d45ad06fa7318854fd9eab,c5a1807f86c57ff1d26b6c2204f8a447645b9b68635e0a7b3a36c138ec1ea12a,UNIQUE,EXPLICIT_OPERATOR_REVIEW_AND_APPROVAL_REQUIRED_NO_PRODUCTION_USE
1826,2026,Q2,65081,2026-03-29,QCOM,UNRESOLVED,PROPOSED_REVIEWED_EVENT_OBSERVATION,EXPLICIT_QUARTER_CONSOLIDATED_EARNINGS_STATEMENT_AND_REGISTRANT_RESULTS_ANNOUNCEMENT,0000804328-26-000060,8-K,qcom-20260429.htm,https://www.sec.gov/Archives/edgar/data/804328/000080432826000060/qcom-20260429.htm,2026-04-29T20:02:20Z,b77beb36fa4a11f0647386373c87b5183979a89474dfbd743b21cd6b37fb031b,ad53e7c65501f9f370334c63089d480219622cf65c8f189a25cdb46b4ed193fe,9dd16c700c0d4d0fd133cf007430620040f22526249f099ddf53b62fd7c833ce,2,https://www.sec.gov/Archives/edgar/data/804328/000080432826000060/qcom-20260429.htm;https://www.sec.gov/Archives/edgar/data/804328/000080432826000060/qcom032926erex991.htm,5c009105b734c3940b727ec484d7d8fe1866a418db9027af47d9532783210472;32b92c50aad7cf6c33786c95c92a2e46b95ffe33785c00fe8782c55ae807386c,NONE,REVIEW_REQUIRED_EVENT_EVIDENCE,False,refresh_20261009T042704Z_refresh_fundamentals_c7bbcb6dfda4_production_adc49771,2026-10-09T09:00:48Z,FULL_PERIOD_RESULTS,QUARTER,PROVEN_PROPOSED_ONLY,CONSOLIDATED,GAAP_TOTAL,https://www.sec.gov/Archives/edgar/data/804328/000080432826000060/qcom032926erex991.htm,LINKED_RESULT_EXHIBIT,1d735b9e8c21aaf94a96668b2b36d5b765e9c900188cf01f72f3b906de7e05b6,1604253c8578bc761675c5a31fdd6ac36066ca90f35c0ba2b21aa720055bbaee,UNIQUE,EXPLICIT_OPERATOR_REVIEW_AND_APPROVAL_REQUIRED_NO_PRODUCTION_USE
1826,2026,Q3,65082,2026-06-28,QCOM,UNRESOLVED,PROPOSED_REVIEWED_EVENT_OBSERVATION,EXPLICIT_QUARTER_CONSOLIDATED_EARNINGS_STATEMENT_AND_REGISTRANT_RESULTS_ANNOUNCEMENT,0000804328-26-000085,8-K,qcom-20260729.htm,https://www.sec.gov/Archives/edgar/data/804328/000080432826000085/qcom-20260729.htm,2026-07-29T20:01:35Z,f9171be833b46be316313038d8457466f69308124d02cdda7475362331b42dba,dcc88f3b6a93eb040e3c11524b0e7bd2925e074f866b08b259ec00064d770513,b514fe78f82626df8fa5bb5dbe2648f639e9f77e5780942f60bcc68d3ac8db07,2,https://www.sec.gov/Archives/edgar/data/804328/000080432826000085/qcom-20260729.htm;https://www.sec.gov/Archives/edgar/data/804328/000080432826000085/qcom062826erex991.htm,82f7a74754a5467d595e9f2a3c288e5996c530bc70c601a8d847a3f945dfcc54;89c4d4a84f8ada81db66fb005567a02f480f3c3a9bc6cc6280a44de2b894bd97,NONE,REVIEW_REQUIRED_EVENT_EVIDENCE,False,refresh_20261009T042704Z_refresh_fundamentals_c7bbcb6dfda4_production_adc49771,2026-10-09T09:00:48Z,FULL_PERIOD_RESULTS,QUARTER,PROVEN_PROPOSED_ONLY,CONSOLIDATED,GAAP_TOTAL,https://www.sec.gov/Archives/edgar/data/804328/000080432826000085/qcom062826erex991.htm,LINKED_RESULT_EXHIBIT,a5825d89d08b2630c5d871eba3150ace16b81eed1cec3014341d16d2a8520b64,48a8534331cbf58d88ddc8bc8192a59dbb6afa7f326eb7fd7a997bac427fec36,UNIQUE,EXPLICIT_OPERATOR_REVIEW_AND_APPROVAL_REQUIRED_NO_PRODUCTION_USE
1861,2026,Q2,66352,2026-06-30,RDW,NOT_FOUND,PROPOSED_REVIEWED_EVENT_OBSERVATION,EXPLICIT_QUARTER_CONSOLIDATED_EARNINGS_STATEMENT_AND_REGISTRANT_RESULTS_ANNOUNCEMENT,0001819810-26-000121,8-K,rdw-20260805.htm,https://www.sec.gov/Archives/edgar/data/1819810/000181981026000121/rdw-20260805.htm,2026-08-06T00:28:41Z,f3f5bf4fe144568c58ca1182262e4624f29de88332f3db3ad0094d0133f65b06,35872cc5291048440775cd376018c71fb6810738bca067622c901dc19b10187e,b25b99a93e598f935951ba2ff27d4484edf79b62d71f2d3544485202051b3da1,2,https://www.sec.gov/Archives/edgar/data/1819810/000181981026000121/rdw-20260805.htm;https://www.sec.gov/Archives/edgar/data/1819810/000181981026000121/exhibit991redwire06302026e.htm,ef6991e0ebf94745cead566b22beab261532f96771883c4146843e4f7a13b543;65d613962478df5bbd466dd6b5f487fa7d32abfec9b1af624daff7a7168ec17f,NONE,REVIEW_REQUIRED_EVENT_EVIDENCE,False,refresh_20261009T042704Z_refresh_fundamentals_c7bbcb6dfda4_production_adc49771,2026-10-09T09:00:48Z,FULL_PERIOD_RESULTS,QUARTER,PROVEN_PROPOSED_ONLY,CONSOLIDATED,GAAP_TOTAL,https://www.sec.gov/Archives/edgar/data/1819810/000181981026000121/exhibit991redwire06302026e.htm,LINKED_RESULT_EXHIBIT,cbe175e4aba7b62c25a94d8d0141c7a0c72baba0fbe6827011cdbe4d37be9426,b45d6e6d229c518c82477c88cbfafa913074eb6fa765195f5b6d7ad53f2827ac,UNIQUE,EXPLICIT_OPERATOR_REVIEW_AND_APPROVAL_REQUIRED_NO_PRODUCTION_USE
1923,2025,Q1,68561,2025-03-31,RRR,UNRESOLVED,PROPOSED_REVIEWED_EVENT_OBSERVATION,EXPLICIT_QUARTER_CONSOLIDATED_EARNINGS_STATEMENT_AND_REGISTRANT_RESULTS_ANNOUNCEMENT,0001193125-25-109965,8-K,d935648d8k.htm,https://www.sec.gov/Archives/edgar/data/1653653/000119312525109965/d935648d8k.htm,2025-05-01T20:10:06Z,25e6056884834675c8c87a100abad7c8c410db22a991bb03eb2edc7b6dad449d,cb1c47566ad7e90eaf9f9df2d46ff149b287fd9747f4e3481513ae51536d9512,363a30669e4bd96b6fe8d8a89515df51c7baede9f0b321f55c06acb1ec280a7b,2,https://www.sec.gov/Archives/edgar/data/1653653/000119312525109965/d935648d8k.htm;https://www.sec.gov/Archives/edgar/data/1653653/000119312525109965/d935648dex991.htm,bab0af35a48fec7b2050823a588222870cd06d491f4e6338080c54fb4a253f95;e6e1616524b361169a377655cc7d48cb9c66a7a8e24d9c534c627eed5f18085b,NONE,REVIEW_REQUIRED_EVENT_EVIDENCE,False,refresh_20261009T042704Z_refresh_fundamentals_c7bbcb6dfda4_production_adc49771,2026-10-09T09:00:48Z,FULL_PERIOD_RESULTS,QUARTER,PROVEN_PROPOSED_ONLY,CONSOLIDATED,GAAP_TOTAL,https://www.sec.gov/Archives/edgar/data/1653653/000119312525109965/d935648dex991.htm,LINKED_RESULT_EXHIBIT,4bf7a653ca7aeab52abc72b2320a1fdd352f0c3b1b18d7af5c558ce18ba8b1de,b808fd0cae6a1ee33c87945c6b9032547d4840fa21425e60cd6834542d61fc62,UNIQUE,EXPLICIT_OPERATOR_REVIEW_AND_APPROVAL_REQUIRED_NO_PRODUCTION_USE
1923,2025,Q2,68562,2025-06-30,RRR,UNRESOLVED,PROPOSED_REVIEWED_EVENT_OBSERVATION,EXPLICIT_QUARTER_CONSOLIDATED_EARNINGS_STATEMENT_AND_REGISTRANT_RESULTS_ANNOUNCEMENT,0001193125-25-167977,8-K,d927857d8k.htm,https://www.sec.gov/Archives/edgar/data/1653653/000119312525167977/d927857d8k.htm,2025-07-29T20:01:29Z,8b8598d6755efd7a140c0e01d8cb4d75aca5ac2b994d2853a9d1557955144544,a01dc7555a81c1dd00588f02af4ae3bdb08755bb227c819954ac032aec151123,621357a72cc0360e8a46de75b04d9ccc697328798cfa91b7a167bc6e39ea9973,2,https://www.sec.gov/Archives/edgar/data/1653653/000119312525167977/d927857d8k.htm;https://www.sec.gov/Archives/edgar/data/1653653/000119312525167977/d927857dex991.htm,4d3724b1cc95ea064eb37b84c3e0594669b5ed4298298e05f9fa6f37469d5530;c14db87db80a24002bb56639c12f8a35263f5b1dc259d99a51062955ec15e325,NONE,REVIEW_REQUIRED_EVENT_EVIDENCE,False,refresh_20261009T042704Z_refresh_fundamentals_c7bbcb6dfda4_production_adc49771,2026-10-09T09:00:48Z,FULL_PERIOD_RESULTS,QUARTER,PROVEN_PROPOSED_ONLY,CONSOLIDATED,GAAP_TOTAL,https://www.sec.gov/Archives/edgar/data/1653653/000119312525167977/d927857dex991.htm,LINKED_RESULT_EXHIBIT,ff6b1160fd658a030028dfe353a13d31bbfdae3de0c197dd0210249f5d4ffec1,84f8988ad2b3b2388325ee3ece872df93ffbd0185b7b2af8ca57b00ce97b6175,UNIQUE,EXPLICIT_OPERATOR_REVIEW_AND_APPROVAL_REQUIRED_NO_PRODUCTION_USE
1923,2025,Q3,68563,2025-09-30,RRR,UNRESOLVED,PROPOSED_REVIEWED_EVENT_OBSERVATION,EXPLICIT_QUARTER_CONSOLIDATED_EARNINGS_STATEMENT_AND_REGISTRANT_RESULTS_ANNOUNCEMENT,0001193125-25-253457,8-K,d31085d8k.htm,https://www.sec.gov/Archives/edgar/data/1653653/000119312525253457/d31085d8k.htm,2025-10-28T20:01:12Z,c3e707d152c4d4f857b049f01aa3712263370a14e476789b3b7fea7ce9419592,bc5235e41f92fbf2022afa29e3d1ce0b8c929b9d02bf47ebf714e460b74f5b21,0bcd1bc72ed40bf48ec7cd179b22a43fd29733e19129a8fa9725ecfcf01af731,2,https://www.sec.gov/Archives/edgar/data/1653653/000119312525253457/d31085d8k.htm;https://www.sec.gov/Archives/edgar/data/1653653/000119312525253457/d31085dex991.htm,66ba720a6972c2cee864025521b45f8fc8f40a9cefdd574e2414d83968520d80;11ce6e95163091344072520cd70a4be623c64bc58cc0ec770c124fa2257757b8,NONE,REVIEW_REQUIRED_EVENT_EVIDENCE,False,refresh_20261009T042704Z_refresh_fundamentals_c7bbcb6dfda4_production_adc49771,2026-10-09T09:00:48Z,FULL_PERIOD_RESULTS,QUARTER,PROVEN_PROPOSED_ONLY,CONSOLIDATED,GAAP_TOTAL,https://www.sec.gov/Archives/edgar/data/1653653/000119312525253457/d31085dex991.htm,LINKED_RESULT_EXHIBIT,b2b925a7484da151f57a30ec58b0f00ce8454fe5faf8107a2cf1e560f3856d8a,678be2f01c890fd6c2be8715aca99225be03e6bf43eba9cf82386c4f84eeeb83,UNIQUE,EXPLICIT_OPERATOR_REVIEW_AND_APPROVAL_REQUIRED_NO_PRODUCTION_USE
1923,2025,Q4,68564,2025-12-31,RRR,UNRESOLVED,PROPOSED_REVIEWED_EVENT_OBSERVATION,EXPLICIT_QUARTER_CONSOLIDATED_EARNINGS_STATEMENT_AND_REGISTRANT_RESULTS_ANNOUNCEMENT,0001193125-26-044612,8-K,d72367d8k.htm,https://www.sec.gov/Archives/edgar/data/1653653/000119312526044612/d72367d8k.htm,2026-02-10T21:01:18Z,645ca9459b93607bbcf373118ec13e5623a5b2e5bd0f7f75d8aa0deb468ff889,763012d17fd52009b909ec4fe119cd35d2ea368941b2c535819b111a8b8336b5,26c0b4b6e3a5bf8b3d64b897af4bf77aca0e5730bc6c6cc93feca459e6503f70,2,https://www.sec.gov/Archives/edgar/data/1653653/000119312526044612/d72367d8k.htm;https://www.sec.gov/Archives/edgar/data/1653653/000119312526044612/d72367dex991.htm,501f33ac31e8594021ebf120c33966b8c98855d20b11501701d8a9d2134a7738;452eff7a6ae0f8ee803e5ec544d63601fcfb2068c3b622ce713c556912470d4f,NONE,REVIEW_REQUIRED_EVENT_EVIDENCE,False,refresh_20261009T042704Z_refresh_fundamentals_c7bbcb6dfda4_production_adc49771,2026-10-09T09:00:48Z,FULL_PERIOD_RESULTS,QUARTER,PROVEN_PROPOSED_ONLY,CONSOLIDATED,GAAP_TOTAL,https://www.sec.gov/Archives/edgar/data/1653653/000119312526044612/d72367dex991.htm,LINKED_RESULT_EXHIBIT,6118afb8966f1e45b5be19a36e391b8d2ae6e3891b1135562f09603b218cc34d,29a790983cc39260bd8670014ddd1cc13165193b2ea5cd1a32f1744e84b4c346,UNIQUE,EXPLICIT_OPERATOR_REVIEW_AND_APPROVAL_REQUIRED_NO_PRODUCTION_USE
2050,2025,Q1,72833,2025-03-31,SOLV,UNRESOLVED,PROPOSED_REVIEWED_EVENT_OBSERVATION,EXPLICIT_QUARTER_CONSOLIDATED_EARNINGS_STATEMENT_AND_REGISTRANT_RESULTS_ANNOUNCEMENT,0001964738-25-000049,8-K,solv-20250508.htm,https://www.sec.gov/Archives/edgar/data/1964738/000196473825000049/solv-20250508.htm,2025-05-08T20:13:51Z,121d229e4f6bf1887a3a1fa7b5aca15de43968c7223109f6f4e2c14d6b975a21,1a6c436a9a52d38434ed4e37457fcf82629963e362523f5ba0c928786f845150,6a6f05f8cacd5d2c895cee68f4d9dfeb051bf80bca6c5bd7976b0b1769d15b7d,2,https://www.sec.gov/Archives/edgar/data/1964738/000196473825000049/solv-20250508.htm;https://www.sec.gov/Archives/edgar/data/1964738/000196473825000049/q12025-8kerexx991.htm,0e7efffb8f4447879d0d8341a1a0a33f79a760a8ff165aa37ce4eeb00b3dae7a;c74c395bbc3c06616c3c437d5a800aa1a9c970ff756b894130ad2b2f2c99e7fc,NONE,REVIEW_REQUIRED_EVENT_EVIDENCE,False,refresh_20261009T042704Z_refresh_fundamentals_c7bbcb6dfda4_production_adc49771,2026-10-09T09:00:48Z,FULL_PERIOD_RESULTS,QUARTER,PROVEN_PROPOSED_ONLY,CONSOLIDATED,GAAP_TOTAL,https://www.sec.gov/Archives/edgar/data/1964738/000196473825000049/q12025-8kerexx991.htm,LINKED_RESULT_EXHIBIT,24c68d2e8eae92f41c0883f0fe72b66c797e5da43d3f60a88c2db23a11dc5457,5d86a44b963ffa6bc510a907f447c523665e7aaa966c62263a5b5d12303b659a,UNIQUE,EXPLICIT_OPERATOR_REVIEW_AND_APPROVAL_REQUIRED_NO_PRODUCTION_USE
2050,2025,Q2,72834,2025-06-30,SOLV,UNRESOLVED,PROPOSED_REVIEWED_EVENT_OBSERVATION,EXPLICIT_QUARTER_CONSOLIDATED_EARNINGS_STATEMENT_AND_REGISTRANT_RESULTS_ANNOUNCEMENT,0001964738-25-000062,8-K,solv-20250807.htm,https://www.sec.gov/Archives/edgar/data/1964738/000196473825000062/solv-20250807.htm,2025-08-07T20:12:27Z,c4e1a7cb00b834730a4457f86c4b6beb88f50b9defdf7eb2bbfe9cb2a8cad187,0c5366941642f68aeb85c52a9e37cf130027fcec0b02e6e2d90de88e085ae01a,75413853b24d1760343a4fa02203a17737b0fab46a658b08425b023eeb611188,2,https://www.sec.gov/Archives/edgar/data/1964738/000196473825000062/solv-20250807.htm;https://www.sec.gov/Archives/edgar/data/1964738/000196473825000062/q22025-8kerexx991.htm,c71af055fc8010f2b6acc2b4a6b01ef7612f92ac0e654ff7f48b517d3a6c016c;4d3d4906e54e448584a83cd26730cf2d318c788a8758b58adbe194871b79fa52,NONE,REVIEW_REQUIRED_EVENT_EVIDENCE,False,refresh_20261009T042704Z_refresh_fundamentals_c7bbcb6dfda4_production_adc49771,2026-10-09T09:00:48Z,FULL_PERIOD_RESULTS,QUARTER,PROVEN_PROPOSED_ONLY,CONSOLIDATED,GAAP_TOTAL,https://www.sec.gov/Archives/edgar/data/1964738/000196473825000062/q22025-8kerexx991.htm,LINKED_RESULT_EXHIBIT,3b27bec4fa4b7119e19b89351a4fbe05cf0ca06902e903f6b00e8887e7605928,c336d127b419f9cc843c059c5d7f1555148ab4b578fc87438cef36aa1518d1fa,UNIQUE,EXPLICIT_OPERATOR_REVIEW_AND_APPROVAL_REQUIRED_NO_PRODUCTION_USE
2050,2025,Q3,72835,2025-09-30,SOLV,UNRESOLVED,PROPOSED_REVIEWED_EVENT_OBSERVATION,EXPLICIT_QUARTER_CONSOLIDATED_EARNINGS_STATEMENT_AND_REGISTRANT_RESULTS_ANNOUNCEMENT,0001964738-25-000089,8-K,solv-20251106.htm,https://www.sec.gov/Archives/edgar/data/1964738/000196473825000089/solv-20251106.htm,2025-11-06T21:11:32Z,f79ea0738ebf9a44004219d56d5701f0a747e1853e3a199ae2f6647c08cb560e,14fef6abbe066943000d831f4796a786c11fbb8f663f9b7745e7e02037ea312f,2df05e9175c65ca8fb1d3839ac8e30dbc674eec2bb8b7e14771725f10284d0d0,2,https://www.sec.gov/Archives/edgar/data/1964738/000196473825000089/solv-20251106.htm;https://www.sec.gov/Archives/edgar/data/1964738/000196473825000089/q32025-8kerexx991.htm,db8c1b5b55e7fd0f1740919b828652e8fde142519ef17c2c8ef67f1c5372b36f;ed5b87114505bb1bce80598af3d310b02b482fc442343f16f0cb82a7666caead,NONE,REVIEW_REQUIRED_EVENT_EVIDENCE,False,refresh_20261009T042704Z_refresh_fundamentals_c7bbcb6dfda4_production_adc49771,2026-10-09T09:00:48Z,FULL_PERIOD_RESULTS,QUARTER,PROVEN_PROPOSED_ONLY,CONSOLIDATED,GAAP_TOTAL,https://www.sec.gov/Archives/edgar/data/1964738/000196473825000089/q32025-8kerexx991.htm,LINKED_RESULT_EXHIBIT,495fff842fbe6d7d111bd919635a7d10c3894435eba01b2373f3f3b76649a941,73f3626aa3522d8335849ada0309e858b760bb25bd72679f00b94869aa4d62e5,UNIQUE,EXPLICIT_OPERATOR_REVIEW_AND_APPROVAL_REQUIRED_NO_PRODUCTION_USE
2050,2025,Q4,72836,2025-12-31,SOLV,UNRESOLVED,PROPOSED_REVIEWED_EVENT_OBSERVATION,EXPLICIT_QUARTER_CONSOLIDATED_EARNINGS_STATEMENT_AND_REGISTRANT_RESULTS_ANNOUNCEMENT,0001964738-26-000005,8-K,solv-20260226.htm,https://www.sec.gov/Archives/edgar/data/1964738/000196473826000005/solv-20260226.htm,2026-02-26T21:08:05Z,b456a493f9cf7da99d189a47791cb23d4cbde8d7a558ad01791d3eb8b446cf33,a35545e4c85154274c37a25f6d18fd7727206a2ea178dde1261ac1017dddf58d,8aecf4460df6d8356607a407acf2ffd2f986309819071d422b4660d26e4a966f,2,https://www.sec.gov/Archives/edgar/data/1964738/000196473826000005/solv-20260226.htm;https://www.sec.gov/Archives/edgar/data/1964738/000196473826000005/q42025-8kerexx991.htm,5a0c191f1b268c66ed00f9cd1a297e7d81862ed4cd6052b6bfd6f257dc67df23;fe383f4262e352e1dd224a32d587ec5babe9f2ad39b180383d09e30a495f6de5,NONE,REVIEW_REQUIRED_EVENT_EVIDENCE,False,refresh_20261009T042704Z_refresh_fundamentals_c7bbcb6dfda4_production_adc49771,2026-10-09T09:00:48Z,FULL_PERIOD_RESULTS,QUARTER,PROVEN_PROPOSED_ONLY,CONSOLIDATED,GAAP_TOTAL,https://www.sec.gov/Archives/edgar/data/1964738/000196473826000005/q42025-8kerexx991.htm,LINKED_RESULT_EXHIBIT,f37a030ccb1d7287445a1775957bf26a4507a212cf33fed1341c1d3dc680ecac,82afe721b928f05a1dcc9e5c4a8736d47e8506608cdcc364d69b89a36e49004e,UNIQUE,EXPLICIT_OPERATOR_REVIEW_AND_APPROVAL_REQUIRED_NO_PRODUCTION_USE
2050,2026,Q1,72837,2026-03-31,SOLV,UNRESOLVED,PROPOSED_REVIEWED_EVENT_OBSERVATION,EXPLICIT_QUARTER_CONSOLIDATED_EARNINGS_STATEMENT_AND_REGISTRANT_RESULTS_ANNOUNCEMENT,0001964738-26-000022,8-K,solv-20260505.htm,https://www.sec.gov/Archives/edgar/data/1964738/000196473826000022/solv-20260505.htm,2026-05-05T20:08:36Z,45be330fb484e65d0f67678b285bfa2a947da72f8e633c08074e8a91f525306c,697a6577fda6f861e2c2210b7b0637c908987496525a7c7e490786bb37b58ce1,e7ad900cc6f6e9083c228e6934d765ddd2453974274b0a48d0759aaa97cff685,2,https://www.sec.gov/Archives/edgar/data/1964738/000196473826000022/solv-20260505.htm;https://www.sec.gov/Archives/edgar/data/1964738/000196473826000022/q12026-8kerexx991.htm,caacc251223dc6bc3eb44c5d29e7b62edbf41693a046917638231001929c5178;320fc3ed11d83b9260df45254451805ea3b28e5c8b9f2c08dbf2b44a1502c8a3,NONE,REVIEW_REQUIRED_EVENT_EVIDENCE,False,refresh_20261009T042704Z_refresh_fundamentals_c7bbcb6dfda4_production_adc49771,2026-10-09T09:00:48Z,FULL_PERIOD_RESULTS,QUARTER,PROVEN_PROPOSED_ONLY,CONSOLIDATED,GAAP_TOTAL,https://www.sec.gov/Archives/edgar/data/1964738/000196473826000022/q12026-8kerexx991.htm,LINKED_RESULT_EXHIBIT,694e693af2e75e076fd13757ed857bdd451cf9fa52435a64f5d0a600ff620767,edb41eb4b1ca16d23ce210f534fc328358d51936ccb4b43a414940eef7a78eae,UNIQUE,EXPLICIT_OPERATOR_REVIEW_AND_APPROVAL_REQUIRED_NO_PRODUCTION_USE
2050,2026,Q2,72838,2026-06-30,SOLV,UNRESOLVED,PROPOSED_REVIEWED_EVENT_OBSERVATION,EXPLICIT_QUARTER_CONSOLIDATED_EARNINGS_STATEMENT_AND_REGISTRANT_RESULTS_ANNOUNCEMENT,0001964738-26-000045,8-K,solv-20260805.htm,https://www.sec.gov/Archives/edgar/data/1964738/000196473826000045/solv-20260805.htm,2026-08-05T20:17:48Z,cde0354c713ab86fb72b79990832526cd1f5f60d9701c44ee2925be4d6856ff0,a61e05170e0ec17cdf033e2c20b4f639d67bd515d8291dd7dea04bfc6f2c1cc9,49777d1d93ff37b03eefe2d36f04a747b0646bf381319b033064d0086282b905,2,https://www.sec.gov/Archives/edgar/data/1964738/000196473826000045/solv-20260805.htm;https://www.sec.gov/Archives/edgar/data/1964738/000196473826000045/q22026-8kerexx991.htm,f1f4fc424a2a81f41e56fdb94ba01df564668e26f9ba802b2884a5d11742ae98;69bd0abd7075b632e55748f81c706d126c5972f28eb25bbe2fbedb2cf25459c2,NONE,REVIEW_REQUIRED_EVENT_EVIDENCE,False,refresh_20261009T042704Z_refresh_fundamentals_c7bbcb6dfda4_production_adc49771,2026-10-09T09:00:48Z,FULL_PERIOD_RESULTS,QUARTER,PROVEN_PROPOSED_ONLY,CONSOLIDATED,GAAP_TOTAL,https://www.sec.gov/Archives/edgar/data/1964738/000196473826000045/q22026-8kerexx991.htm,LINKED_RESULT_EXHIBIT,92e5eba1572922a29ec9614afd46873567cad48af0f2acf138d12c5b4c168901,a8195d7960a2b3da6fef1f9d947bc63f080dd272311e2e3e1290c966dab314ab,UNIQUE,EXPLICIT_OPERATOR_REVIEW_AND_APPROVAL_REQUIRED_NO_PRODUCTION_USE
2110,2025,Q2,75010,2024-10-31,SWBI,UNRESOLVED,PROPOSED_REVIEWED_EVENT_OBSERVATION,EXPLICIT_QUARTER_CONSOLIDATED_EARNINGS_STATEMENT_AND_REGISTRANT_RESULTS_ANNOUNCEMENT,0001193125-24-271518,8-K,d915227d8k.htm,https://www.sec.gov/Archives/edgar/data/1092796/000119312524271518/d915227d8k.htm,2024-12-05T21:08:32Z,ffb60473b47945f516cd3cb098326cc4c30225a09c77bc28bcf6fe48342bd8ee,eb6025d152b9ce32e2bc60b59ecb00efd2a8e222a0d50ee02fdae85f70c9d90d,f071468fa05a5a4a72ec6103fc6f44837a5d2e2e95ef9a25ddfb30171b8d987e,2,https://www.sec.gov/Archives/edgar/data/1092796/000119312524271518/d915227d8k.htm;https://www.sec.gov/Archives/edgar/data/1092796/000119312524271518/d915227dex991.htm,0f53603d4900b7cbb5e132e0b15959320f56b5f86a24680c6073653a3a26256e;0678fc32b4c0fb09f40fc802e060134f7f96b8317cabafa0463b9ddf56ec5750,NONE,REVIEW_REQUIRED_EVENT_EVIDENCE,False,refresh_20261009T042704Z_refresh_fundamentals_c7bbcb6dfda4_production_adc49771,2026-10-09T09:00:48Z,FULL_PERIOD_RESULTS,QUARTER,PROVEN_PROPOSED_ONLY,CONSOLIDATED,GAAP_TOTAL,https://www.sec.gov/Archives/edgar/data/1092796/000119312524271518/d915227dex991.htm,LINKED_RESULT_EXHIBIT,f1eb41751d643b04d2d4f5434c7df55839fc2783ee707774821751c908218a0f,d7b0c46e1c79483ac5e770d035fd33d665419ac0cf1c8647702ed0254e675aaa,UNIQUE,EXPLICIT_OPERATOR_REVIEW_AND_APPROVAL_REQUIRED_NO_PRODUCTION_USE
2110,2025,Q3,75011,2025-01-31,SWBI,UNRESOLVED,PROPOSED_REVIEWED_EVENT_OBSERVATION,EXPLICIT_QUARTER_CONSOLIDATED_EARNINGS_STATEMENT_AND_REGISTRANT_RESULTS_ANNOUNCEMENT,0001193125-25-048413,8-K,d894656d8k.htm,https://www.sec.gov/Archives/edgar/data/1092796/000119312525048413/d894656d8k.htm,2025-03-06T21:05:38Z,81e7891a61ca9816a8d70ec8884006179e7c4077f54ebe2f598abe7ae6edb412,fdd05460442c4fcdfacb50691627c10ded2c8db5869525f338268f99a14bbe13,29f1a63bbed450b1fc0ca44ae98d4bd3fbed27a91c0ea494f64555ffb7d21d94,2,https://www.sec.gov/Archives/edgar/data/1092796/000119312525048413/d894656d8k.htm;https://www.sec.gov/Archives/edgar/data/1092796/000119312525048413/d894656dex991.htm,22d6a83f187a02c5d633549de1f97f313a0bde960eaee5f951708f2cc705c9f9;d4605e7a7cebc947b4987aaa099722762f5626ec7604a54b4cc28252ea68fab2,NONE,REVIEW_REQUIRED_EVENT_EVIDENCE,False,refresh_20261009T042704Z_refresh_fundamentals_c7bbcb6dfda4_production_adc49771,2026-10-09T09:00:48Z,FULL_PERIOD_RESULTS,QUARTER,PROVEN_PROPOSED_ONLY,CONSOLIDATED,GAAP_TOTAL,https://www.sec.gov/Archives/edgar/data/1092796/000119312525048413/d894656dex991.htm,LINKED_RESULT_EXHIBIT,5a9f64598f48909d622b9ed9c2aee60a888c995c746f4214b25fabbd5c9bdcf9,ae20c0bbede3328ccfe7f0f7349308cb32cbc6cadb1672a1ec52c579405a8e7b,UNIQUE,EXPLICIT_OPERATOR_REVIEW_AND_APPROVAL_REQUIRED_NO_PRODUCTION_USE
2110,2025,Q4,75012,2025-04-30,SWBI,UNRESOLVED,PROPOSED_REVIEWED_EVENT_OBSERVATION,EXPLICIT_QUARTER_CONSOLIDATED_EARNINGS_STATEMENT_AND_REGISTRANT_RESULTS_ANNOUNCEMENT,0001193125-25-142704,8-K,d19177d8k.htm,https://www.sec.gov/Archives/edgar/data/1092796/000119312525142704/d19177d8k.htm,2025-06-18T20:05:38Z,0e0065e35cec7f633f92fb644787bb539fe0fc095afe7b211eaad4e69e6e45ce,294050a0a50e281cd470fd9134f79bcbffc2baba519fc34a13232f59bd7f7617,56c6737ef801a360d2038821935993ca183589eca26821b5975df357e1f03091,2,https://www.sec.gov/Archives/edgar/data/1092796/000119312525142704/d19177d8k.htm;https://www.sec.gov/Archives/edgar/data/1092796/000119312525142704/d19177dex991.htm,92a09a382dfdf4ecb0174e500c4fd78111aace72a6b0ba68acdaefa5e1d5eeee;8c597dc2dcc52d75ae7806d066a08a9fdf6a27902258955a195a5b479918c98d,NONE,REVIEW_REQUIRED_EVENT_EVIDENCE,False,refresh_20261009T042704Z_refresh_fundamentals_c7bbcb6dfda4_production_adc49771,2026-10-09T09:00:48Z,FULL_PERIOD_RESULTS,QUARTER,PROVEN_PROPOSED_ONLY,CONSOLIDATED,GAAP_TOTAL,https://www.sec.gov/Archives/edgar/data/1092796/000119312525142704/d19177dex991.htm,LINKED_RESULT_EXHIBIT,a9a5282008971c6f74e70a7ada6141953a8c3d4ce17456a39cae8e943deffd16,90be4aea70f533615f208a894a76b005807b2baa9f6922c7a033d97bbc2c412a,UNIQUE,EXPLICIT_OPERATOR_REVIEW_AND_APPROVAL_REQUIRED_NO_PRODUCTION_USE
2110,2026,Q1,75013,2025-07-31,SWBI,UNRESOLVED,PROPOSED_REVIEWED_EVENT_OBSERVATION,EXPLICIT_QUARTER_CONSOLIDATED_EARNINGS_STATEMENT_AND_REGISTRANT_RESULTS_ANNOUNCEMENT,0001193125-25-196031,8-K,d24388d8k.htm,https://www.sec.gov/Archives/edgar/data/1092796/000119312525196031/d24388d8k.htm,2025-09-04T20:06:24Z,28d7b7d77ecb6bdc1833cd3da0f591698392663b539c133fbae4f17ef27d832f,fbd30338c4442b83e870f564cff30604648d8a85578894d0dcbfbf251c7b5888,227d9faa3ae1b8a08f888580c6c2840a038c4983ae949f5f4a5d476886bf0e06,2,https://www.sec.gov/Archives/edgar/data/1092796/000119312525196031/d24388d8k.htm;https://www.sec.gov/Archives/edgar/data/1092796/000119312525196031/d24388dex991.htm,cbff6d4d41c72af06c38b41fcec25dec4e1f61af41451d29e366892bb1a8004b;8d27c6a26a3a7a41fefa8aae1ab8a3354cf8af743415fd39124a946fe730eda0,NONE,REVIEW_REQUIRED_EVENT_EVIDENCE,False,refresh_20261009T042704Z_refresh_fundamentals_c7bbcb6dfda4_production_adc49771,2026-10-09T09:00:48Z,FULL_PERIOD_RESULTS,QUARTER,PROVEN_PROPOSED_ONLY,CONSOLIDATED,GAAP_TOTAL,https://www.sec.gov/Archives/edgar/data/1092796/000119312525196031/d24388dex991.htm,LINKED_RESULT_EXHIBIT,6c992841d3077d32203a09f2934629bb26b85e62755c993e2b51dbd62288e6ec,729e819cb97e59aad53bd854ecd5e8bc4ff6dd2b2e1e14fba21fb60e80f6adab,UNIQUE,EXPLICIT_OPERATOR_REVIEW_AND_APPROVAL_REQUIRED_NO_PRODUCTION_USE
2110,2026,Q3,75015,2026-01-31,SWBI,UNRESOLVED,PROPOSED_REVIEWED_EVENT_OBSERVATION,EXPLICIT_QUARTER_CONSOLIDATED_EARNINGS_STATEMENT_AND_REGISTRANT_RESULTS_ANNOUNCEMENT,0001193125-26-093923,8-K,d120095d8k.htm,https://www.sec.gov/Archives/edgar/data/1092796/000119312526093923/d120095d8k.htm,2026-03-05T21:05:58Z,1de34e018b315539773ac41434f84cef97b85058b129144eb55a53391ccea76c,28e45a4d8d4f5c3e330303f149a2772b5c15f993478af8f1109c6c96f50b233e,b26b49a5aee36ebdbaf2dd2772770b3907ca050577fd2d24636b5caf4eb071e2,2,https://www.sec.gov/Archives/edgar/data/1092796/000119312526093923/d120095d8k.htm;https://www.sec.gov/Archives/edgar/data/1092796/000119312526093923/d120095dex991.htm,89a03e3c6b387c545d4c922b081d5c4c9bda7328becd606e63c76713f3a58dbe;d8b0c928d6cd72d5d68e560a9169ed967275539413f634ff09121f9bbb786440,NONE,REVIEW_REQUIRED_EVENT_EVIDENCE,False,refresh_20261009T042704Z_refresh_fundamentals_c7bbcb6dfda4_production_adc49771,2026-10-09T09:00:48Z,FULL_PERIOD_RESULTS,QUARTER,PROVEN_PROPOSED_ONLY,CONSOLIDATED,GAAP_TOTAL,https://www.sec.gov/Archives/edgar/data/1092796/000119312526093923/d120095dex991.htm,LINKED_RESULT_EXHIBIT,6421dd507ceb18637e010ebe99e24c08adb50e3efffef90cecafee975eb34ca8,8d852b56540b79faa782b4d0b928f58c65c8f40ac6bbef2e0003827addb1e7f5,UNIQUE,EXPLICIT_OPERATOR_REVIEW_AND_APPROVAL_REQUIRED_NO_PRODUCTION_USE
2131,2025,Q4,75743,2025-12-31,TBCH,NOT_FOUND,PROPOSED_REVIEWED_EVENT_OBSERVATION,EXPLICIT_QUARTER_CONSOLIDATED_EARNINGS_STATEMENT_AND_REGISTRANT_RESULTS_ANNOUNCEMENT,0001193125-26-104292,8-K,tbch-20260312.htm,https://www.sec.gov/Archives/edgar/data/1493761/000119312526104292/tbch-20260312.htm,2026-03-12T20:35:25Z,3cf2c435260e1d8d71dba3d3234800a45bcd5b2e7007f8786e83a51e51cbe851,c5340f2c04e4756eb52e82ad825d85d8e01f1b946f429d9b7d6b4091cc3d5f04,6846296f5e194ffada0c3c603c723989398d13afcf35dae65a24f808f8a14e6a,2,https://www.sec.gov/Archives/edgar/data/1493761/000119312526104292/tbch-20260312.htm;https://www.sec.gov/Archives/edgar/data/1493761/000119312526104292/tbch-ex99_1.htm,1002f9dc9c774d1d75bb6e2522bc5d8169045bf04133bb6a31bb8ddd29b26815;1d8ad7e354ef3318bdfd849e9bfddd9b35aeb92ae3be2c3b9f64d2596b00c926,NONE,REVIEW_REQUIRED_EVENT_EVIDENCE,False,refresh_20261009T042704Z_refresh_fundamentals_c7bbcb6dfda4_production_adc49771,2026-10-09T09:00:48Z,FULL_PERIOD_RESULTS,QUARTER,PROVEN_PROPOSED_ONLY,CONSOLIDATED,GAAP_TOTAL,https://www.sec.gov/Archives/edgar/data/1493761/000119312526104292/tbch-ex99_1.htm,LINKED_RESULT_EXHIBIT,8c78329ba429ed259f413c7bd46df35b0b0b52025bbe2a85a387e6ac6f4cc1c0,baa7d3828981f9a0be83794985e443d88869eb5b841b0edd7f2b6d91ffa139cb,UNIQUE,EXPLICIT_OPERATOR_REVIEW_AND_APPROVAL_REQUIRED_NO_PRODUCTION_USE
2131,2026,Q2,75745,2026-06-30,TBCH,NOT_FOUND,PROPOSED_REVIEWED_EVENT_OBSERVATION,EXPLICIT_QUARTER_CONSOLIDATED_EARNINGS_STATEMENT_AND_REGISTRANT_RESULTS_ANNOUNCEMENT,0001193125-26-338051,8-K,tbch-20260806.htm,https://www.sec.gov/Archives/edgar/data/1493761/000119312526338051/tbch-20260806.htm,2026-08-06T20:15:24Z,82bf18828313eb7c683aa2755e390e64710fa3c419bdff6f2e05b13097f771dc,357289038fa688be45537d68b0f9e8d5b2518d6cf2096cdb89762f590fe0e4c9,2802cc9226edd068d2d29f0568e7e607a86a6502e6a6dd909f914ac1e13b7d69,2,https://www.sec.gov/Archives/edgar/data/1493761/000119312526338051/tbch-20260806.htm;https://www.sec.gov/Archives/edgar/data/1493761/000119312526338051/tbch-ex99_1.htm,7ef456a62fab051d72e6a72514dd3338117a877d065fd2767e51b3a0fbbb01ff;24bbeb0e31a4eb12330007fdc832a47e672c41f60593024108ab2847923fbf4f,NONE,REVIEW_REQUIRED_EVENT_EVIDENCE,False,refresh_20261009T042704Z_refresh_fundamentals_c7bbcb6dfda4_production_adc49771,2026-10-09T09:00:48Z,FULL_PERIOD_RESULTS,QUARTER,PROVEN_PROPOSED_ONLY,CONSOLIDATED,GAAP_TOTAL,https://www.sec.gov/Archives/edgar/data/1493761/000119312526338051/tbch-ex99_1.htm,LINKED_RESULT_EXHIBIT,1c4475c98c9e3ede8aacb7d169b71343852a9171a8cda882f061e7066b8cb580,be7ce5ab02b75133b62d530139f90f7516a5e5264b465a6631bfe4bad01a3271,UNIQUE,EXPLICIT_OPERATOR_REVIEW_AND_APPROVAL_REQUIRED_NO_PRODUCTION_USE
2180,2025,Q1,77427,2025-03-31,TNC,UNRESOLVED,PROPOSED_REVIEWED_EVENT_OBSERVATION,EXPLICIT_QUARTER_CONSOLIDATED_EARNINGS_STATEMENT_AND_REGISTRANT_RESULTS_ANNOUNCEMENT,0000097134-25-000011,8-K,tnc-20250430.htm,https://www.sec.gov/Archives/edgar/data/97134/000009713425000011/tnc-20250430.htm,2025-04-30T20:46:34Z,47d9f262a73e942d433988852fabf939b6a51485ebe69592abf6c190bd6acb19,d8cf56394d9ebef9f185640ba1742ea10b29b6036e89f5420f2df265fc0a6f0a,a362a170fb8c19d4b2c3745478c6050eabeca983784c27fd83407a9566f11887,2,https://www.sec.gov/Archives/edgar/data/97134/000009713425000011/tnc-20250430.htm;https://www.sec.gov/Archives/edgar/data/97134/000009713425000011/tnc-20250501xexx991.htm,54b0892c4e0025932805709a78433d167ac4412b9214b95d8cf62ef7d324d30e;558d473d4a8bd1098d0f74edf407a3f1f618c15ed3b59847571ff7bb44348350,NONE,REVIEW_REQUIRED_EVENT_EVIDENCE,False,refresh_20261009T042704Z_refresh_fundamentals_c7bbcb6dfda4_production_adc49771,2026-10-09T09:00:48Z,FULL_PERIOD_RESULTS,QUARTER,PROVEN_PROPOSED_ONLY,CONSOLIDATED,GAAP_TOTAL,https://www.sec.gov/Archives/edgar/data/97134/000009713425000011/tnc-20250501xexx991.htm,LINKED_RESULT_EXHIBIT,97f6ddc6289b2fc44bc660560257b83b684d23fad8f393ddc42d1131352b5479,0376670879679208962f3d7a106dd6851ee63bc79bda8e8e27bbd5571088cda3,UNIQUE,EXPLICIT_OPERATOR_REVIEW_AND_APPROVAL_REQUIRED_NO_PRODUCTION_USE
2180,2025,Q2,77428,2025-06-30,TNC,UNRESOLVED,PROPOSED_REVIEWED_EVENT_OBSERVATION,EXPLICIT_QUARTER_CONSOLIDATED_EARNINGS_STATEMENT_AND_REGISTRANT_RESULTS_ANNOUNCEMENT,0000097134-25-000024,8-K,tnc-20250806.htm,https://www.sec.gov/Archives/edgar/data/97134/000009713425000024/tnc-20250806.htm,2025-08-06T20:39:24Z,ea06ff8e9913ac097dc4195f10711405646d88867da4ae2b4cd66798295db1f4,2ee9eb55ed36a192e1aae3094a22b6ce7ca13cd0229b89776515e990f60c4a1e,f41633a02908517fff9c2a314d6a9ec45212bcd52d54592b8db73447c5a2d9f6,2,https://www.sec.gov/Archives/edgar/data/97134/000009713425000024/tnc-20250806.htm;https://www.sec.gov/Archives/edgar/data/97134/000009713425000024/tnc-20250807xexx991.htm,7e14ecedd60ebde31a11947a6f0f0506dfc2d8261df4d9728cf0143327641f7c;dd2b711964b0bf853d0a28343027b976d57aa946ad49fd092bc8d5980ae0b5fa,NONE,REVIEW_REQUIRED_EVENT_EVIDENCE,False,refresh_20261009T042704Z_refresh_fundamentals_c7bbcb6dfda4_production_adc49771,2026-10-09T09:00:48Z,FULL_PERIOD_RESULTS,QUARTER,PROVEN_PROPOSED_ONLY,CONSOLIDATED,GAAP_TOTAL,https://www.sec.gov/Archives/edgar/data/97134/000009713425000024/tnc-20250807xexx991.htm,LINKED_RESULT_EXHIBIT,d1fd7b492059887df46a0e987c8c5e3bd3414ff07467187b733a088d8feaab08,462a145de99f0830e4422f3033e455a0eb32505ec9749d8167eca69c0ae11a97,UNIQUE,EXPLICIT_OPERATOR_REVIEW_AND_APPROVAL_REQUIRED_NO_PRODUCTION_USE
2180,2025,Q3,77429,2025-09-30,TNC,UNRESOLVED,PROPOSED_REVIEWED_EVENT_OBSERVATION,EXPLICIT_QUARTER_CONSOLIDATED_EARNINGS_STATEMENT_AND_REGISTRANT_RESULTS_ANNOUNCEMENT,0000097134-25-000034,8-K,tnc-20251103.htm,https://www.sec.gov/Archives/edgar/data/97134/000009713425000034/tnc-20251103.htm,2025-11-03T21:19:11Z,23fe619029daaaf2b2b2edf48031957d65f1997cca7c5488129bbd264ccdfd9a,f02c3dc48a46804f65a4b3995b797a388eeb1b4760b49946aab941f6fa57b292,95879427a8521b8edd513d5ace11480875a8806cbe541eb6160d2e87bca261c8,2,https://www.sec.gov/Archives/edgar/data/97134/000009713425000034/tnc-20251103.htm;https://www.sec.gov/Archives/edgar/data/97134/000009713425000034/tnc-20251103xexx991.htm,716eb26c71132e2a777fdb3ef616a5c1e0086502b3b42476413997bbc471d6f7;51b5eb160663926ea5012e03a9a09e0f873e7b7fdf8ed33f29319871c860c01c,NONE,REVIEW_REQUIRED_EVENT_EVIDENCE,False,refresh_20261009T042704Z_refresh_fundamentals_c7bbcb6dfda4_production_adc49771,2026-10-09T09:00:48Z,FULL_PERIOD_RESULTS,QUARTER,PROVEN_PROPOSED_ONLY,CONSOLIDATED,GAAP_TOTAL,https://www.sec.gov/Archives/edgar/data/97134/000009713425000034/tnc-20251103xexx991.htm,LINKED_RESULT_EXHIBIT,3aebc8c5d16c7297c5d6c15a976fd42564d20aabdaf22333502864fbd3b0bc7f,21589593d8aa3fd2a5398a7b837e1421b6a774f46b4a1ef670f150a7bf07b02e,UNIQUE,EXPLICIT_OPERATOR_REVIEW_AND_APPROVAL_REQUIRED_NO_PRODUCTION_USE
2180,2026,Q1,77431,2026-03-31,TNC,UNRESOLVED,PROPOSED_REVIEWED_EVENT_OBSERVATION,EXPLICIT_QUARTER_CONSOLIDATED_EARNINGS_STATEMENT_AND_REGISTRANT_RESULTS_ANNOUNCEMENT,0000097134-26-000012,8-K,tnc-20260504.htm,https://www.sec.gov/Archives/edgar/data/97134/000009713426000012/tnc-20260504.htm,2026-05-04T20:57:59Z,aa09c9f22652a3d2e85fad5d8f52d1bbe0b13bc685bd4eb6949bab20efcdc1e2,094fd1f425ce6e8f468982dee701486d01d3d6d7e5abb5943a3d2305e5cac71a,c56796b421e6a8449d3d274e8c307e58422de4a09407a95a878441c12d0b9212,2,https://www.sec.gov/Archives/edgar/data/97134/000009713426000012/tnc-20260504.htm;https://www.sec.gov/Archives/edgar/data/97134/000009713426000012/tnc-20260504xexx991.htm,fe848c094df67a41ef14d048361bec6b66bbd7a0827aaefb9bec39a5992cc00d;232160aca2e77f2d6a18b9177cfc518521cc552b75a7cd76c4eb7c6d09fbe720,NONE,REVIEW_REQUIRED_EVENT_EVIDENCE,False,refresh_20261009T042704Z_refresh_fundamentals_c7bbcb6dfda4_production_adc49771,2026-10-09T09:00:48Z,FULL_PERIOD_RESULTS,QUARTER,PROVEN_PROPOSED_ONLY,CONSOLIDATED,GAAP_TOTAL,https://www.sec.gov/Archives/edgar/data/97134/000009713426000012/tnc-20260504xexx991.htm,LINKED_RESULT_EXHIBIT,4555fb2970bd23606beae603720cbf3c17ef81ce7cb36f95dfa851b3c315d87e,3823855329e14b173d42c45b2cd8a6056e8b14cbf40f154665c82b5666175e49,UNIQUE,EXPLICIT_OPERATOR_REVIEW_AND_APPROVAL_REQUIRED_NO_PRODUCTION_USE
2180,2026,Q2,77432,2026-06-30,TNC,UNRESOLVED,PROPOSED_REVIEWED_EVENT_OBSERVATION,EXPLICIT_QUARTER_CONSOLIDATED_EARNINGS_STATEMENT_AND_REGISTRANT_RESULTS_ANNOUNCEMENT,0000097134-26-000022,8-K,tnc-20260805.htm,https://www.sec.gov/Archives/edgar/data/97134/000009713426000022/tnc-20260805.htm,2026-08-05T22:41:48Z,af8c04011ea304240a03b7c6cd11634e05694652f4f7d800384def1b6e018d3b,0b01fbc33ff9e5a191f6edfe1d297d79f3d00afcee533ee7dcbb512200ef4e85,7a69b7e07fffb9d3d5d43f043956cc7f72fda5f6a73c64383ebd92047b3b39e6,2,https://www.sec.gov/Archives/edgar/data/97134/000009713426000022/tnc-20260805.htm;https://www.sec.gov/Archives/edgar/data/97134/000009713426000022/tnc-20260805xexx991.htm,00eb62c299cbd8b6c5b3cfd65c44ba78e75d343a5267ce2759b7d1297630bd2f;237865c7cbada20230397eb6eaa8f5a9d482539bc72252047cf9718474100cee,NONE,REVIEW_REQUIRED_EVENT_EVIDENCE,False,refresh_20261009T042704Z_refresh_fundamentals_c7bbcb6dfda4_production_adc49771,2026-10-09T09:00:48Z,FULL_PERIOD_RESULTS,QUARTER,PROVEN_PROPOSED_ONLY,CONSOLIDATED,GAAP_TOTAL,https://www.sec.gov/Archives/edgar/data/97134/000009713426000022/tnc-20260805xexx991.htm,LINKED_RESULT_EXHIBIT,b6ea4d980f732fcd8ac9f520c4c877596fbc9110909461796b3139bfdf994c55,785fc0c89ee85d806666db784b5b3d735013d0a5190af218e7011f24776f4beb,UNIQUE,EXPLICIT_OPERATOR_REVIEW_AND_APPROVAL_REQUIRED_NO_PRODUCTION_USE
2283,2025,Q1,81208,2024-12-31,UTI,UNRESOLVED,PROPOSED_REVIEWED_EVENT_OBSERVATION,EXPLICIT_QUARTER_CONSOLIDATED_EARNINGS_STATEMENT_AND_REGISTRANT_RESULTS_ANNOUNCEMENT,0001261654-25-000003,8-K,uti-20250205.htm,https://www.sec.gov/Archives/edgar/data/1261654/000126165425000003/uti-20250205.htm,2025-02-05T21:10:20Z,7dd2584d68bfaee8e8eea5f0d3e4bd2c99d58a94e25e63686a4013a320209a43,9f209fda9d256eeee6fd647f8faaedd238ee30fe395f30a2f960dc179be6ad0c,c07c36995c144656c39c13f071047568829dfd8d29d561059372acf5a1916877,2,https://www.sec.gov/Archives/edgar/data/1261654/000126165425000003/uti-20250205.htm;https://www.sec.gov/Archives/edgar/data/1261654/000126165425000003/exhibit991-q12025earningsp.htm,fb9107cc309413854bfd98b448b4b12ad08998f87b4bec04d588058e9960ff1a;dd6d4403d42d0db5b2d86e30c0bf16977c76bf11e5bf9f1dd951a7bc6201fce5,NONE,REVIEW_REQUIRED_EVENT_EVIDENCE,False,refresh_20261009T042704Z_refresh_fundamentals_c7bbcb6dfda4_production_adc49771,2026-10-09T09:00:48Z,FULL_PERIOD_RESULTS,QUARTER,PROVEN_PROPOSED_ONLY,CONSOLIDATED,GAAP_TOTAL,https://www.sec.gov/Archives/edgar/data/1261654/000126165425000003/exhibit991-q12025earningsp.htm,LINKED_RESULT_EXHIBIT,3f0aa7d49b80d673f02a6bc883ae18417969a05a10eff95dada971aa01f3a2c4,0a2a99cbb257a1861ea489d25d97f730b34373d6c3dbd8ba8fb232a43eb07070,UNIQUE,EXPLICIT_OPERATOR_REVIEW_AND_APPROVAL_REQUIRED_NO_PRODUCTION_USE
2321,2025,Q4,82564,2025-12-31,VPG,UNRESOLVED,PROPOSED_REVIEWED_EVENT_OBSERVATION,EXPLICIT_QUARTER_CONSOLIDATED_EARNINGS_STATEMENT_AND_REGISTRANT_RESULTS_ANNOUNCEMENT,0001437749-26-003697,8-K,vpg20251030_8k.htm,https://www.sec.gov/Archives/edgar/data/1487952/000143774926003697/vpg20251030_8k.htm,2026-02-11T11:20:35Z,4a23e5ed24a8b39ce8731a38d4b1b7a7d91279d477cec001059601211a6094a3,eefd336e4726a3f9a011e0d59c24900476f8cc5ae3bc75259943f2f777101e47,19212d1300f731ab6f9b17eca288d5de515dca6074d7b283a2cc9d1adbc20961,2,https://www.sec.gov/Archives/edgar/data/1487952/000143774926003697/vpg20251030_8k.htm;https://www.sec.gov/Archives/edgar/data/1487952/000143774926003697/ex_880014.htm,108b72bbe7a58ec976e488d05f592e2118dbc21c933f3246767a239c57588215;d05ba8f12dfdd128d22c228aa7828ad5a4050076d26c1034cde51c3742255db8,NONE,REVIEW_REQUIRED_EVENT_EVIDENCE,False,refresh_20261009T042704Z_refresh_fundamentals_c7bbcb6dfda4_production_adc49771,2026-10-09T09:00:48Z,FULL_PERIOD_RESULTS,QUARTER,PROVEN_PROPOSED_ONLY,CONSOLIDATED,GAAP_TOTAL,https://www.sec.gov/Archives/edgar/data/1487952/000143774926003697/ex_880014.htm,LINKED_RESULT_EXHIBIT,90a9d23440d51f9b0855006695188f7770d2305b6aa4c78b30bd440a5cac1155,04f90f4c70657a93927ac95033f61ad9ccf3b932797775210ad9f60251da15c9,UNIQUE,EXPLICIT_OPERATOR_REVIEW_AND_APPROVAL_REQUIRED_NO_PRODUCTION_USE
2400,2026,Q1,85524,2026-03-31,WST,UNRESOLVED,PROPOSED_REVIEWED_EVENT_OBSERVATION,EXPLICIT_QUARTER_CONSOLIDATED_EARNINGS_STATEMENT_AND_REGISTRANT_RESULTS_ANNOUNCEMENT,0000105770-26-000047,8-K,wst-20260423.htm,https://www.sec.gov/Archives/edgar/data/105770/000010577026000047/wst-20260423.htm,2026-04-23T11:11:01Z,d08c340282a6a355b51f955c785a5a8857ffaeb4151f4015a7e3c78136bf44e5,5974dd4826211244b87840d4860afb526d5b15522d7980e1acc6828c22dbb32c,d0a384e88ee189ac123a260602346e7d0c37cde74d8ee4c3291303ecf2aec76b,3,https://www.sec.gov/Archives/edgar/data/105770/000010577026000047/wst-20260423.htm;https://www.sec.gov/Archives/edgar/data/105770/000010577026000047/exh991q12026earningsrelease.htm;https://www.sec.gov/Archives/edgar/data/105770/000010577026000047/a1q26earningsdeck-final.htm,c3fb277309d2de8d992047203330d84bbac7c8b955327dcb7bb7c924637aa33a;f1886a07ddd1f816db2b5b8372ecf72d06e4c215d05f169e7e381ca69550b7c1;6bfa44099b15afda749e06145c9f041d1ed3cd3884fb845d04f0b06b61ffcddb,NONE,REVIEW_REQUIRED_EVENT_EVIDENCE,False,refresh_20261009T042704Z_refresh_fundamentals_c7bbcb6dfda4_production_adc49771,2026-10-09T09:00:48Z,FULL_PERIOD_RESULTS,QUARTER,PROVEN_PROPOSED_ONLY,CONSOLIDATED,GAAP_TOTAL,https://www.sec.gov/Archives/edgar/data/105770/000010577026000047/exh991q12026earningsrelease.htm,LINKED_RESULT_EXHIBIT,5a613bc6ad0fdf06a29f3cc4b490498e577b23d5b8f4b2ab9a93b6cd71bac4f3,178bf55cf69f5a3a985287330401109bca02406bcdd868cebaddf7cbddf4c9e8,UNIQUE,EXPLICIT_OPERATOR_REVIEW_AND_APPROVAL_REQUIRED_NO_PRODUCTION_USE
2400,2026,Q2,85525,2026-06-30,WST,UNRESOLVED,PROPOSED_REVIEWED_EVENT_OBSERVATION,EXPLICIT_QUARTER_CONSOLIDATED_EARNINGS_STATEMENT_AND_REGISTRANT_RESULTS_ANNOUNCEMENT,0000105770-26-000097,8-K,wst-20260723.htm,https://www.sec.gov/Archives/edgar/data/105770/000010577026000097/wst-20260723.htm,2026-07-23T11:14:59Z,f7c154db6aa93ae734ccc1d5e1b1052a139f0f08fc4ea7fca66783b8db1bbf83,44bd2f59b80fb82bbe9b5db109f96b75f6946acbe2ebc9aad2b21f60ceb3102f,9ab2bb235ab770fe7d7032ebce1fe21c67e1746936a0cfc5f2ebc7ad2db42366,3,https://www.sec.gov/Archives/edgar/data/105770/000010577026000097/wst-20260723.htm;https://www.sec.gov/Archives/edgar/data/105770/000010577026000097/exh991q22026earningsrelease.htm;https://www.sec.gov/Archives/edgar/data/105770/000010577026000097/a2q26earningsdeck-final.htm,3acecb236af9e51d81b648fb208a138fb023bbb6a903e69e8ca508d4e2a07551;cd8d39a7e17335df2e76f73f48c8fcd19370700d36cc4fa449e293fff2c86766;aab42614a8d27d7e0fa779d8a7e5b323933fd9a7fe73357e7e330baa552024a0,NONE,REVIEW_REQUIRED_EVENT_EVIDENCE,False,refresh_20261009T042704Z_refresh_fundamentals_c7bbcb6dfda4_production_adc49771,2026-10-09T09:00:48Z,FULL_PERIOD_RESULTS,QUARTER,PROVEN_PROPOSED_ONLY,CONSOLIDATED,GAAP_TOTAL,https://www.sec.gov/Archives/edgar/data/105770/000010577026000097/exh991q22026earningsrelease.htm,LINKED_RESULT_EXHIBIT,b4954ea87855c70d696fc443c7fd3b8ff746053d14f12c9d5901bd22a9d006b5,1b7168fe28e8bad6492732cbd6cbf97dbe899091b373d1240022c6031d8b2d0a,UNIQUE,EXPLICIT_OPERATOR_REVIEW_AND_APPROVAL_REQUIRED_NO_PRODUCTION_USE
2435,2025,Q1,86806,2025-03-29,YETI,UNRESOLVED,PROPOSED_REVIEWED_EVENT_OBSERVATION,EXPLICIT_QUARTER_CONSOLIDATED_EARNINGS_STATEMENT_AND_REGISTRANT_RESULTS_ANNOUNCEMENT,0001670592-25-000022,8-K,yeti-20250508.htm,https://www.sec.gov/Archives/edgar/data/1670592/000167059225000022/yeti-20250508.htm,2025-05-08T10:10:15Z,b1a8542fd4d4b3a8de49b16b3bcf711a1277ae97dc2bdb8d1b4d9e01b88e0008,977427aa45e531fe495f2b34df7e1e0079d00548669b39cc2e98eb0359d08811,da2be2d8401f50cb9bdf6affbfd2af1eba7d67bb37698ea72e3acf14f8938b9d,2,https://www.sec.gov/Archives/edgar/data/1670592/000167059225000022/yeti-20250508.htm;https://www.sec.gov/Archives/edgar/data/1670592/000167059225000022/yeti-20250508xex991pressre.htm,55b98219351e34dba41dcae65e3b78034bd129f71e6e67fad666a26e23bc4d7b;e8191d80b84223d336eaf5db1fb94eb41f37215a3bff0caefd2647d120d0bccb,NONE,REVIEW_REQUIRED_EVENT_EVIDENCE,False,refresh_20261009T042704Z_refresh_fundamentals_c7bbcb6dfda4_production_adc49771,2026-10-09T09:00:48Z,FULL_PERIOD_RESULTS,QUARTER,PROVEN_PROPOSED_ONLY,CONSOLIDATED,GAAP_TOTAL,https://www.sec.gov/Archives/edgar/data/1670592/000167059225000022/yeti-20250508xex991pressre.htm,LINKED_RESULT_EXHIBIT,bc180cf4fb8a4fa16d838ca26f68705a82740312da3e5b69afde2076285f712d,e98d96fd24c8036de20c1f95770b32cf6da2785d54b87f0460bf1991440a41ee,UNIQUE,EXPLICIT_OPERATOR_REVIEW_AND_APPROVAL_REQUIRED_NO_PRODUCTION_USE
2435,2025,Q2,86807,2025-06-28,YETI,UNRESOLVED,PROPOSED_REVIEWED_EVENT_OBSERVATION,EXPLICIT_QUARTER_CONSOLIDATED_EARNINGS_STATEMENT_AND_REGISTRANT_RESULTS_ANNOUNCEMENT,0001670592-25-000038,8-K,yeti-20250807.htm,https://www.sec.gov/Archives/edgar/data/1670592/000167059225000038/yeti-20250807.htm,2025-08-07T10:04:51Z,e0263f6d3c641ee0ef4625f96ddbfb2d4df71890ba7cdd0ecd981051441b3c02,47bfc5db404fef314b7e0cf4f9e1f3a76512f8d443cbb1018715af6f0a47312a,2720e0de8b79a519899a64b1b05a930f4a71121dff4e7dd9fbd35fc6ebef814d,2,https://www.sec.gov/Archives/edgar/data/1670592/000167059225000038/yeti-20250807.htm;https://www.sec.gov/Archives/edgar/data/1670592/000167059225000038/yeti-20250807xex991pressre.htm,4b2dcf2e1992c20a37fcfb3a0f25ac6b97aad93e50fb16b682764cb4e7fa022a;49d71a1f221d90e99e4fb5acbcc7db93160664250c42057723a992472917d53f,NONE,REVIEW_REQUIRED_EVENT_EVIDENCE,False,refresh_20261009T042704Z_refresh_fundamentals_c7bbcb6dfda4_production_adc49771,2026-10-09T09:00:48Z,FULL_PERIOD_RESULTS,QUARTER,PROVEN_PROPOSED_ONLY,CONSOLIDATED,GAAP_TOTAL,https://www.sec.gov/Archives/edgar/data/1670592/000167059225000038/yeti-20250807xex991pressre.htm,LINKED_RESULT_EXHIBIT,1f826c0a78a26b8abea4ead2d6535cbd69e51447146a1b873452d2447332ba9a,b625338f7afaba630a3f3bfff1644693399e041cb598ce8ade259b2f1094cb75,UNIQUE,EXPLICIT_OPERATOR_REVIEW_AND_APPROVAL_REQUIRED_NO_PRODUCTION_USE
2435,2025,Q3,86808,2025-09-27,YETI,UNRESOLVED,PROPOSED_REVIEWED_EVENT_OBSERVATION,EXPLICIT_QUARTER_CONSOLIDATED_EARNINGS_STATEMENT_AND_REGISTRANT_RESULTS_ANNOUNCEMENT,0001670592-25-000046,8-K,yeti-20251106.htm,https://www.sec.gov/Archives/edgar/data/1670592/000167059225000046/yeti-20251106.htm,2025-11-06T11:03:29Z,206e07d807ece293e234ddc1fe8c0f9de7b1fbc31de03c89e5ca45beb04859ae,15fe2722c01aa0cbe6b72fc84bf01ee5eec60327f74462af6eb62af50318ee38,b7e683a7f668f0e83fb6120ec95d41d13bc1f326088d6f91a7eefd3d93c201e3,2,https://www.sec.gov/Archives/edgar/data/1670592/000167059225000046/yeti-20251106.htm;https://www.sec.gov/Archives/edgar/data/1670592/000167059225000046/yeti-20251106xex991pressre.htm,187de92418e8276350c8f8df43b3078ad367721cec9dec2e57a1eb83f7ea37f7;3a36fb412de29533603305cce4c19aced26862906b0bf573b581bb04b2ea3b16,NONE,REVIEW_REQUIRED_EVENT_EVIDENCE,False,refresh_20261009T042704Z_refresh_fundamentals_c7bbcb6dfda4_production_adc49771,2026-10-09T09:00:48Z,FULL_PERIOD_RESULTS,QUARTER,PROVEN_PROPOSED_ONLY,CONSOLIDATED,GAAP_TOTAL,https://www.sec.gov/Archives/edgar/data/1670592/000167059225000046/yeti-20251106xex991pressre.htm,LINKED_RESULT_EXHIBIT,0f816f9ab703270e9007d261dd9f967ec868bc3d05359d72b263b3ba47f79437,28f74465c63fe758bc6bc7b3937aba1eaa746b33c887b978d5a195374e10f5b3,UNIQUE,EXPLICIT_OPERATOR_REVIEW_AND_APPROVAL_REQUIRED_NO_PRODUCTION_USE
2435,2025,Q4,86809,2026-01-03,YETI,UNRESOLVED,PROPOSED_REVIEWED_EVENT_OBSERVATION,EXPLICIT_QUARTER_CONSOLIDATED_EARNINGS_STATEMENT_AND_REGISTRANT_RESULTS_ANNOUNCEMENT,0001670592-26-000004,8-K,yeti-20260219.htm,https://www.sec.gov/Archives/edgar/data/1670592/000167059226000004/yeti-20260219.htm,2026-02-19T11:08:48Z,efa87ab1c1a9b173e3466fbceda762f4ee3606f877d26a01c475384a6bffbc45,75539e14a5c16b5ba8e867e5c9593937d9f549a8d8c027d14ae8407edfb991c3,6faa1321706de02b5c1cff600a12be0186360666e706c8946a07649447bfc427,2,https://www.sec.gov/Archives/edgar/data/1670592/000167059226000004/yeti-20260219.htm;https://www.sec.gov/Archives/edgar/data/1670592/000167059226000004/yeti-20260219xex991pressre.htm,7edb046627c6b4156af0c3ecf444645ac804bf76f1558cc05f049755ce7a4e87;d277e35636f097f4f6f3030994ade3a793822d6957e19e0d8ff91b2060a94967,NONE,REVIEW_REQUIRED_EVENT_EVIDENCE,False,refresh_20261009T042704Z_refresh_fundamentals_c7bbcb6dfda4_production_adc49771,2026-10-09T09:00:48Z,FULL_PERIOD_RESULTS,QUARTER,PROVEN_PROPOSED_ONLY,CONSOLIDATED,GAAP_TOTAL,https://www.sec.gov/Archives/edgar/data/1670592/000167059226000004/yeti-20260219xex991pressre.htm,LINKED_RESULT_EXHIBIT,78d9fffc8fb87c95044f0fb5537b144a08cf93e34586940cb7feca38f8ccdfde,2173df84c7127e4e2fda1622038ee48088d95a1aaaca745af4dfe2854b9ab621,UNIQUE,EXPLICIT_OPERATOR_REVIEW_AND_APPROVAL_REQUIRED_NO_PRODUCTION_USE
