ticker,company_id,company_key,company_name,security_id,permaticker,cik,fiscal_year,fiscal_quarter,quarter_id,report_period,source_fiscalperiod,source_reportperiod,source_availability_date,provider_first_public_result_date,current_status,first_seen,last_seen,retry_count,confirmed_drain_attempts,latest_retry_result_timestamp,resolver_reason,authority_status_reason,candidate_count,plausible_item202_count,stored_evidence_count,first_evidence_observed,latest_evidence_observed,first_evidence_created,latest_evidence_created,publication_timestamp,issuer_evidence,fiscal_link_state,identity_flags,canonical_source_identity,stored_evidence_fingerprints,sec_candidates,sec_candidate_metadata_count,sec_metadata_candidates_omitted,external_document_count,external_match_count,external_document_fingerprints,evidence_sources,external_observed_at,external_audit_started_at,audit_as_of,active_generation,root_cause_category,root_cause_subtype,priority,classification_confidence,evidence_summary,recommended_future_action,cluster_id
DRI,707,SEC_CIK:0000940944,DARDEN RESTAURANTS INC,708,197289,0000940944,2027,Q1,24989,2026-08-30,2027-Q1,2026-08-30,2026-10-02,2026-10-02,UNRESOLVED,NOT_RECORDED,2026-10-05T06:49:47Z,NOT_RECORDED,1,2026-10-05T06:49:47Z,QUARTER_MATCH_FAILED,QUARTER_MATCH_FAILED,0,1,0,NOT_RECORDED,NOT_RECORDED,NOT_RECORDED,NOT_RECORDED,NULL,NONE_STORED;issuer_search_not_exhaustive,CANONICAL_ACCEPTED;authority_quarter_id_equal;forecast_links_NOT_AUDITED,UNIQUE_ACTIVE_CIK;no_blocker_proven,SHARADAR:c7e21184c05ffdbc1646107fb8b85533456ff2dab0420440e0257f82287093ba:SHARADAR_ARQ_PRIMARY_V1:HIGH,,"10-Q|2026-10-02T20:02:10.000Z|0000940944-26-000042|report=2026-08-30|items=;8-K|2026-09-24T11:04:31.000Z|0000940944-26-000032|report=2026-09-24|items=2.02,9.01",2,0,2,1,https://www.sec.gov/Archives/edgar/data/940944/000094094426000032/dri-20260924.htm#sha256=bf667e3d6c23ee6d9ffe5ea9240b450c1d394954cd0ffb98f43e453020bff1c4;https://www.sec.gov/Archives/edgar/data/940944/000094094426000032/exhibit991-q1fy27.htm#sha256=c730535841d3882f05d6655ad75a39f71f937971d41b235e3cb4173a8e434de7,https://www.sec.gov/Archives/edgar/data/940944/000094094426000032/dri-20260924.htm;https://www.sec.gov/Archives/edgar/data/940944/000094094426000032/exhibit991-q1fy27.htm;https://www.sec.gov/Archives/edgar/data/940944/000094094426000042/dri-20260830.htm,NOT_RECORDED_PER_REQUEST,2026-10-05T16:08:01Z,2026-10-05,publication_drain_20261005T064921Z_43a1e040,RESOLVER_COVERAGE_GAP,RESULT_CONTEXT_ONLY_IN_EXHIBIT,P1,HIGH_LIKELY_COVERAGE_GAP,Primary Item 2.02 filing does not match canonical quarter; linked official results exhibit does. Production resolver reads primary document only.,"Implement focused future resolver recognition/event-context change with positive and negative fixtures; replay on copy only, preserve hierarchy and conflict handling.",EXHIBIT_QUARTER_CONTEXT
CAG,394,SEC_CIK:0000023217,CONAGRA BRANDS INC.,394,199823,0000023217,2027,Q1,13795,2026-08-30,2027-Q1,2026-08-30,2026-09-30,2026-09-30,UNRESOLVED,NOT_RECORDED,2026-10-05T06:49:37Z,NOT_RECORDED,1,2026-10-05T06:49:37Z,QUARTER_MATCH_FAILED,QUARTER_MATCH_FAILED,0,1,0,NOT_RECORDED,NOT_RECORDED,NOT_RECORDED,NOT_RECORDED,NULL,NONE_STORED;issuer_search_not_exhaustive,CANONICAL_ACCEPTED;authority_quarter_id_equal;forecast_links_NOT_AUDITED,UNIQUE_ACTIVE_CIK;no_blocker_proven,SHARADAR:81cb71e4542a237a3b5690d6ce20e926a426088e8c1a7830e3fb01b97e82eea6:SHARADAR_ARQ_PRIMARY_V1:HIGH,,"10-Q|2026-09-30T20:30:38.000Z|0001104659-26-112354|report=2026-08-30|items=;8-K|2026-09-30T11:32:13.000Z|0000023217-26-000052|report=2026-09-30|items=2.02,9.01",2,0,2,1,https://www.sec.gov/Archives/edgar/data/23217/000002321726000052/tmb-20260930x8k.htm#sha256=7c0ca6e26a490964167678993a5b2b3d5371655070f4c80a96a4d08fe02f99fa;https://www.sec.gov/Archives/edgar/data/23217/000002321726000052/tmb-ex99d1.htm#sha256=dc8e6871736580b2433f749ba45ac82bca94e6e43cb3568e9bf888667334e822,https://www.sec.gov/Archives/edgar/data/23217/000002321726000052/tmb-20260930x8k.htm;https://www.sec.gov/Archives/edgar/data/23217/000002321726000052/tmb-ex99d1.htm;https://www.sec.gov/Archives/edgar/data/23217/000110465926112354/tmb-20260830x10q.htm,NOT_RECORDED_PER_REQUEST,2026-10-05T16:08:01Z,2026-10-05,publication_drain_20261005T064921Z_43a1e040,RESOLVER_COVERAGE_GAP,RESULT_CONTEXT_ONLY_IN_EXHIBIT,P1,HIGH_LIKELY_COVERAGE_GAP,Primary Item 2.02 filing does not match canonical quarter; linked official results exhibit does. Production resolver reads primary document only.,"Implement focused future resolver recognition/event-context change with positive and negative fixtures; replay on copy only, preserve hierarchy and conflict handling.",EXHIBIT_QUARTER_CONTEXT
KMX,1225,SEC_CIK:0001170010,CARMAX INC,1229,195621,0001170010,2027,Q2,43606,2026-08-31,2027-Q2,2026-08-31,2026-09-30,2026-09-30,UNRESOLVED,NOT_RECORDED,2026-10-05T06:50:00Z,NOT_RECORDED,1,2026-10-05T06:50:00Z,QUARTER_MATCH_FAILED,QUARTER_MATCH_FAILED,0,1,0,NOT_RECORDED,NOT_RECORDED,NOT_RECORDED,NOT_RECORDED,NULL,NONE_STORED;issuer_search_not_exhaustive,CANONICAL_ACCEPTED;authority_quarter_id_equal;forecast_links_NOT_AUDITED,UNIQUE_ACTIVE_CIK;no_blocker_proven,SHARADAR:c72a587221fbc7630d0540c7c8482b031cda243d1a8f6d8a105f8244f53b353e:SHARADAR_ARQ_PRIMARY_V1:HIGH,,"10-Q|2026-09-30T14:16:59.000Z|0001170010-26-000104|report=2026-08-31|items=;8-K|2026-09-29T11:00:30.000Z|0001170010-26-000102|report=2026-09-29|items=2.02,9.01",2,0,2,1,https://www.sec.gov/Archives/edgar/data/1170010/000117001026000102/kmx-20260929.htm#sha256=b32a746e95bec88c9e15286013ee4e786ba6dee4d9c4c7ac9e405ceb0778ac6c;https://www.sec.gov/Archives/edgar/data/1170010/000117001026000102/q2fy27earningsrelease.htm#sha256=1271699065487c812c4538d66acbc8fffeef08c69828f7e5ea48cacc03e585d5,https://www.sec.gov/Archives/edgar/data/1170010/000117001026000102/kmx-20260929.htm;https://www.sec.gov/Archives/edgar/data/1170010/000117001026000102/q2fy27earningsrelease.htm;https://www.sec.gov/Archives/edgar/data/1170010/000117001026000104/kmx-20260831.htm,NOT_RECORDED_PER_REQUEST,2026-10-05T16:08:01Z,2026-10-05,publication_drain_20261005T064921Z_43a1e040,RESOLVER_COVERAGE_GAP,RESULT_CONTEXT_ONLY_IN_EXHIBIT,P1,HIGH_LIKELY_COVERAGE_GAP,Primary Item 2.02 filing does not match canonical quarter; linked official results exhibit does. Production resolver reads primary document only.,"Implement focused future resolver recognition/event-context change with positive and negative fixtures; replay on copy only, preserve hierarchy and conflict handling.",EXHIBIT_QUARTER_CONTEXT
CCL,420,SEC_CIK:0000815097,Carnival Corp Ltd.,420,198314,0000815097,2026,Q3,14720,2026-08-31,2026-Q3,2026-08-31,2026-09-29,2026-09-29,UNRESOLVED,NOT_RECORDED,2026-10-05T06:49:38Z,NOT_RECORDED,1,2026-10-05T06:49:38Z,QUARTER_MATCH_FAILED,QUARTER_MATCH_FAILED,0,1,0,NOT_RECORDED,NOT_RECORDED,NOT_RECORDED,NOT_RECORDED,NULL,NONE_STORED;issuer_search_not_exhaustive,CANONICAL_ACCEPTED;authority_quarter_id_equal;forecast_links_NOT_AUDITED,UNIQUE_ACTIVE_CIK;no_blocker_proven,SHARADAR:236b0c0b8bd104378999a33fa58597d2f2e4994d5ac13233a7827def823ce79f:SHARADAR_ARQ_PRIMARY_V1:HIGH,,"10-Q|2026-09-29T15:06:52.000Z|0000815097-26-000107|report=2026-08-31|items=;8-K|2026-09-29T13:16:12.000Z|0000815097-26-000104|report=2026-09-29|items=2.02,9.01",2,0,2,1,https://www.sec.gov/Archives/edgar/data/815097/000081509726000104/ccl-20260929.htm#sha256=83313a41682626531fc59ffdbed26433af16bff3becccf1101ec2d543e4fb7f8;https://www.sec.gov/Archives/edgar/data/815097/000081509726000104/a20263qearningsrelease8-k.htm#sha256=c562ecb32603186577a711df590e14b1adeecaa8fffeb0957a1c8f29236a3545,https://www.sec.gov/Archives/edgar/data/815097/000081509726000104/ccl-20260929.htm;https://www.sec.gov/Archives/edgar/data/815097/000081509726000104/a20263qearningsrelease8-k.htm;https://www.sec.gov/Archives/edgar/data/815097/000081509726000107/ccl-20260831.htm,NOT_RECORDED_PER_REQUEST,2026-10-05T16:08:01Z,2026-10-05,publication_drain_20261005T064921Z_43a1e040,RESOLVER_COVERAGE_GAP,RESULT_CONTEXT_ONLY_IN_EXHIBIT,P1,HIGH_LIKELY_COVERAGE_GAP,Primary Item 2.02 filing does not match canonical quarter; linked official results exhibit does. Production resolver reads primary document only.,"Implement focused future resolver recognition/event-context change with positive and negative fixtures; replay on copy only, preserve hierarchy and conflict handling.",EXHIBIT_QUARTER_CONTEXT
CBRL,412,SEC_CIK:0001067294,"CRACKER BARREL OLD COUNTRY STORE, INC",412,196527,0001067294,2026,Q4,14408,2026-07-31,2026-Q4,2026-07-31,2026-09-25,2026-09-25,UNRESOLVED,NOT_RECORDED,2026-10-05T06:49:38Z,NOT_RECORDED,1,2026-10-05T06:49:38Z,QUARTER_MATCH_FAILED,QUARTER_MATCH_FAILED,0,1,0,NOT_RECORDED,NOT_RECORDED,NOT_RECORDED,NOT_RECORDED,NULL,NONE_STORED;issuer_search_not_exhaustive,CANONICAL_ACCEPTED;authority_quarter_id_equal;forecast_links_NOT_AUDITED,UNIQUE_ACTIVE_CIK;no_blocker_proven,SHARADAR:c453b46e7a607d0058cef4949e914607724aa33e3e4cde32e68c284897d65242:SHARADAR_ARQ_PRIMARY_V1:HIGH,,"10-K|2026-09-25T15:21:39.000Z|0001104659-26-110772|report=2026-07-31|items=;8-K|2026-09-23T11:29:50.000Z|0001104659-26-109812|report=2026-09-23|items=2.02,9.01",2,0,2,1,https://www.sec.gov/Archives/edgar/data/1067294/000110465926109812/tm2625926d1_8k.htm#sha256=03bcc11e3d0d251d8a478791e8c834acc4cc3b40c6e15092decb7d10b81fffc5;https://www.sec.gov/Archives/edgar/data/1067294/000110465926109812/tm2625926d1_ex99-1.htm#sha256=b5e02d030bfaa09a0781f0b7d188e6f85285785488ceccc3cd49eabe82aaaa79,https://www.sec.gov/Archives/edgar/data/1067294/000110465926109812/tm2625926d1_8k.htm;https://www.sec.gov/Archives/edgar/data/1067294/000110465926109812/tm2625926d1_ex99-1.htm;https://www.sec.gov/Archives/edgar/data/1067294/000110465926110772/cbrl-20260731x10k.htm,NOT_RECORDED_PER_REQUEST,2026-10-05T16:08:01Z,2026-10-05,publication_drain_20261005T064921Z_43a1e040,RESOLVER_COVERAGE_GAP,RESULT_CONTEXT_ONLY_IN_EXHIBIT,P1,HIGH_LIKELY_COVERAGE_GAP,Primary Item 2.02 filing does not match canonical quarter; linked official results exhibit does. Production resolver reads primary document only.,"Implement focused future resolver recognition/event-context change with positive and negative fixtures; replay on copy only, preserve hierarchy and conflict handling.",EXHIBIT_QUARTER_CONTEXT
AYTU,265,SEC_CIK:0001385818,"AYTU BIOPHARMA, INC",265,121896,0001385818,2026,Q4,9435,2026-06-30,2026-Q4,2026-06-30,2026-09-22,2026-09-22,UNRESOLVED,NOT_RECORDED,2026-10-05T06:49:32Z,NOT_RECORDED,1,2026-10-05T06:49:32Z,QUARTER_MATCH_FAILED,QUARTER_MATCH_FAILED,0,1,0,NOT_RECORDED,NOT_RECORDED,NOT_RECORDED,NOT_RECORDED,NULL,NONE_STORED;issuer_search_not_exhaustive,CANONICAL_ACCEPTED;authority_quarter_id_equal;forecast_links_NOT_AUDITED,UNIQUE_ACTIVE_CIK;no_blocker_proven,SHARADAR:77b8120afc17d5613e09f1eb936185931be40c60b7c32cbb715f21aeb94b1c90:SHARADAR_ARQ_PRIMARY_V1:HIGH,,"10-K|2026-09-22T20:14:36.000Z|0001437749-26-030908|report=2026-06-30|items=;8-K|2026-09-22T20:05:55.000Z|0001437749-26-030900|report=2026-09-22|items=2.02,9.01",2,0,1,0,https://www.sec.gov/Archives/edgar/data/1385818/000143774926030900/aytu20260502_8k.htm#sha256=8a570b91b69ae8c55a21d464abeee672a9484e77066c77f29aed307d616a3619,https://www.sec.gov/Archives/edgar/data/1385818/000143774926030900/aytu20260502_8k.htm;https://www.sec.gov/Archives/edgar/data/1385818/000143774926030908/aytu20260630_10k.htm,NOT_RECORDED_PER_REQUEST,2026-10-05T16:08:01Z,2026-10-05,publication_drain_20261005T064921Z_43a1e040,RESOLVER_COVERAGE_GAP,REVERSED_FISCAL_WORD_ORDER,P1,HIGH_LIKELY_COVERAGE_GAP,Item 2.02 explicitly announces fiscal 2026 fourth quarter results; current matcher rejects year-before-quarter word order. Linked Exhibit 99.1 was named but not retrieved by audit link heuristic.,"Implement focused future resolver recognition/event-context change with positive and negative fixtures; replay on copy only, preserve hierarchy and conflict handling.",FISCAL_WORD_ORDER
KR,1239,SEC_CIK:0000056873,KROGER CO,1243,199588,0000056873,2027,Q2,44136,2026-08-15,2027-Q2,2026-08-15,2026-09-18,2026-09-18,UNRESOLVED,NOT_RECORDED,2026-10-05T06:50:01Z,NOT_RECORDED,1,2026-10-05T06:50:01Z,QUARTER_MATCH_FAILED,QUARTER_MATCH_FAILED,0,1,0,NOT_RECORDED,NOT_RECORDED,NOT_RECORDED,NOT_RECORDED,NULL,NONE_STORED;issuer_search_not_exhaustive,CANONICAL_ACCEPTED;authority_quarter_id_equal;forecast_links_NOT_AUDITED,UNIQUE_ACTIVE_CIK;no_blocker_proven,SHARADAR:f3a2ca1ba687856fdddc5dea7cbd3366ab64089ae54b0b2188a08cc5ad636f94:SHARADAR_ARQ_PRIMARY_V1:HIGH,,"10-Q|2026-09-18T20:02:58.000Z|0001104659-26-108926|report=2026-08-15|items=;8-K/A|2026-09-11T14:05:48.000Z|0001104659-26-106941|report=2026-09-11|items=2.02,9.01;8-K|2026-09-11T10:59:48.000Z|0001104659-26-106890|report=2026-09-11|items=2.02,9.01",3,0,2,1,https://www.sec.gov/Archives/edgar/data/56873/000110465926106890/tm2625060d1_8k.htm#sha256=e41dd9922d62970d799aef78fc59f7cbc26020b2547ae60da02dc48df80af014;https://www.sec.gov/Archives/edgar/data/56873/000110465926106890/tm2625060d1_ex99-1.htm#sha256=dcbc8b7cdd629c39e64c05ef7ee281a83d38c7b8269738ba865ec3d7e9c6647f,https://www.sec.gov/Archives/edgar/data/56873/000110465926106890/tm2625060d1_8k.htm;https://www.sec.gov/Archives/edgar/data/56873/000110465926106890/tm2625060d1_ex99-1.htm;https://www.sec.gov/Archives/edgar/data/56873/000110465926108926/kr-20260815x10q.htm;https://www.sec.gov/Archives/edgar/data/56873/000110465926106941/tm2625060d2_8ka.htm,NOT_RECORDED_PER_REQUEST,2026-10-05T16:08:01Z,2026-10-05,publication_drain_20261005T064921Z_43a1e040,RESOLVER_COVERAGE_GAP,RESULT_CONTEXT_ONLY_IN_EXHIBIT,P1,HIGH_LIKELY_COVERAGE_GAP,Primary Item 2.02 filing does not match canonical quarter; linked official results exhibit does. Production resolver reads primary document only.,"Implement focused future resolver recognition/event-context change with positive and negative fixtures; replay on copy only, preserve hierarchy and conflict handling.",EXHIBIT_QUARTER_CONTEXT
PLAY,1745,SEC_CIK:0001525769,"Dave & Buster's Entertainment, Inc.",1755,183442,0001525769,2027,Q2,62208,2026-08-04,2027-Q2,2026-08-04,2026-09-14,2026-09-14,UNRESOLVED,NOT_RECORDED,2026-10-05T06:50:19Z,NOT_RECORDED,1,2026-10-05T06:50:19Z,QUARTER_MATCH_FAILED,QUARTER_MATCH_FAILED,0,1,0,NOT_RECORDED,NOT_RECORDED,NOT_RECORDED,NOT_RECORDED,NULL,NONE_STORED;issuer_search_not_exhaustive,CANONICAL_ACCEPTED;authority_quarter_id_equal;forecast_links_NOT_AUDITED,UNIQUE_ACTIVE_CIK;no_blocker_proven,SHARADAR:8289596cec64358697e887ef0d6aaab6c5cae343f91e804ddf4a3bfde460c8d7:SHARADAR_ARQ_PRIMARY_V1:HIGH,,"8-K|2026-09-14T20:13:28.000Z|0001525769-26-000039|report=2026-09-14|items=2.02,9.01;10-Q|2026-09-14T20:12:11.000Z|0001525769-26-000038|report=2026-08-04|items=",2,0,2,1,https://www.sec.gov/Archives/edgar/data/1525769/000152576926000039/play-20260914.htm#sha256=886a46b94fc50a42f45497991d74a44094db2d7a409be1d62e2604bd900c2730;https://www.sec.gov/Archives/edgar/data/1525769/000152576926000039/play-2026q2er8kxexx991.htm#sha256=966ae6c32dc2dc56c23e0fe053d30c6cb6960987abb30d116f09fc79db718183,https://www.sec.gov/Archives/edgar/data/1525769/000152576926000039/play-20260914.htm;https://www.sec.gov/Archives/edgar/data/1525769/000152576926000039/play-2026q2er8kxexx991.htm;https://www.sec.gov/Archives/edgar/data/1525769/000152576926000038/play-20260804.htm,NOT_RECORDED_PER_REQUEST,2026-10-05T16:08:01Z,2026-10-05,publication_drain_20261005T064921Z_43a1e040,RESOLVER_COVERAGE_GAP,RESULT_CONTEXT_ONLY_IN_EXHIBIT,P1,HIGH_LIKELY_COVERAGE_GAP,Primary Item 2.02 filing does not match canonical quarter; linked official results exhibit does. Production resolver reads primary document only.,"Implement focused future resolver recognition/event-context change with positive and negative fixtures; replay on copy only, preserve hierarchy and conflict handling.",EXHIBIT_QUARTER_CONTEXT
CURV,605,SEC_CIK:0001792781,Torrid Holdings Inc.,606,635611,0001792781,2027,Q2,21332,2026-08-01,2027-Q2,2026-08-01,2026-09-10,2026-09-10,UNRESOLVED,NOT_RECORDED,2026-10-05T06:49:45Z,NOT_RECORDED,1,2026-10-05T06:49:45Z,QUARTER_MATCH_FAILED,QUARTER_MATCH_FAILED,0,1,0,NOT_RECORDED,NOT_RECORDED,NOT_RECORDED,NOT_RECORDED,NULL,NONE_STORED;issuer_search_not_exhaustive,CANONICAL_ACCEPTED;authority_quarter_id_equal;forecast_links_NOT_AUDITED,UNIQUE_ACTIVE_CIK;no_blocker_proven,SHARADAR:592582d3e77d740cff9ff1db578800c955e18705056e94f53d8519c85a1758f5:SHARADAR_ARQ_PRIMARY_V1:HIGH,,"10-Q|2026-09-10T20:50:42.000Z|0001792781-26-000040|report=2026-08-01|items=;8-K|2026-09-03T20:06:08.000Z|0001792781-26-000036|report=2026-09-03|items=2.02,9.01",2,0,2,1,https://www.sec.gov/Archives/edgar/data/1792781/000179278126000036/thi-20260903.htm#sha256=0ac63111c76850f30575b7eede29bda8030ab249e686cd93da23c5f8a585a61a;https://www.sec.gov/Archives/edgar/data/1792781/000179278126000036/q22026earningsrelease.htm#sha256=06f7c98a08bdf880c748a5af77462ef4d09ef8f2ddf29a4f3bf4b734bb28290d,https://www.sec.gov/Archives/edgar/data/1792781/000179278126000036/thi-20260903.htm;https://www.sec.gov/Archives/edgar/data/1792781/000179278126000036/q22026earningsrelease.htm;https://www.sec.gov/Archives/edgar/data/1792781/000179278126000040/thi-20260801.htm,NOT_RECORDED_PER_REQUEST,2026-10-05T16:08:01Z,2026-10-05,publication_drain_20261005T064921Z_43a1e040,RESOLVER_COVERAGE_GAP,RESULT_CONTEXT_ONLY_IN_EXHIBIT,P1,HIGH_LIKELY_COVERAGE_GAP,Primary Item 2.02 filing does not match canonical quarter; linked official results exhibit does. Production resolver reads primary document only.,"Implement focused future resolver recognition/event-context change with positive and negative fixtures; replay on copy only, preserve hierarchy and conflict handling.",EXHIBIT_QUARTER_CONTEXT
ZUMZ,2453,SEC_CIK:0001318008,Zumiez Inc,2465,194904,0001318008,2027,Q2,87419,2026-08-01,2027-Q2,2026-08-01,2026-09-10,2026-09-10,UNRESOLVED,NOT_RECORDED,2026-10-05T06:50:37Z,NOT_RECORDED,1,2026-10-05T06:50:37Z,QUARTER_MATCH_FAILED,QUARTER_MATCH_FAILED,0,1,0,NOT_RECORDED,NOT_RECORDED,NOT_RECORDED,NOT_RECORDED,NULL,NONE_STORED;issuer_search_not_exhaustive,CANONICAL_ACCEPTED;authority_quarter_id_equal;forecast_links_NOT_AUDITED,UNIQUE_ACTIVE_CIK;no_blocker_proven,SHARADAR:4dde626d718d7dde195dfa255f4fd3bdef92ee7e9ef11f318e2b900459eb0772:SHARADAR_ARQ_PRIMARY_V1:HIGH,,"8-K|2026-09-10T20:15:17.000Z|0001171843-26-005980|report=2026-09-10|items=2.02,9.01;10-Q|2026-09-10T20:00:41.000Z|0001193125-26-387835|report=2026-08-01|items=",2,0,2,1,https://www.sec.gov/Archives/edgar/data/1318008/000117184326005980/f8k_091026.htm#sha256=a7971050cee9a5cac49747153699d85d5114f6df867505fcf124e7e5444aacdc;https://www.sec.gov/Archives/edgar/data/1318008/000117184326005980/exh_991.htm#sha256=a5abf8762b8f908409aae5630132345e1b391e1ae6effbd337ed9f3c52a9b8ca,https://www.sec.gov/Archives/edgar/data/1318008/000117184326005980/f8k_091026.htm;https://www.sec.gov/Archives/edgar/data/1318008/000117184326005980/exh_991.htm;https://www.sec.gov/Archives/edgar/data/1318008/000119312526387835/zumz-20260801.htm,NOT_RECORDED_PER_REQUEST,2026-10-05T16:08:01Z,2026-10-05,publication_drain_20261005T064921Z_43a1e040,RESOLVER_COVERAGE_GAP,RESULT_CONTEXT_ONLY_IN_EXHIBIT,P1,HIGH_LIKELY_COVERAGE_GAP,Primary Item 2.02 filing does not match canonical quarter; linked official results exhibit does. Production resolver reads primary document only.,"Implement focused future resolver recognition/event-context change with positive and negative fixtures; replay on copy only, preserve hierarchy and conflict handling.",EXHIBIT_QUARTER_CONTEXT
DXLG,726,SEC_CIK:0000813298,"DESTINATION XL GROUP, INC.",727,198340,0000813298,2027,Q2,25591,2026-08-01,2027-Q2,2026-08-01,2026-09-09,2026-09-09,UNRESOLVED,NOT_RECORDED,2026-10-05T06:49:49Z,NOT_RECORDED,1,2026-10-05T06:49:49Z,QUARTER_MATCH_FAILED,QUARTER_MATCH_FAILED,0,1,0,NOT_RECORDED,NOT_RECORDED,NOT_RECORDED,NOT_RECORDED,NULL,NONE_STORED;issuer_search_not_exhaustive,CANONICAL_ACCEPTED;authority_quarter_id_equal;forecast_links_NOT_AUDITED,UNIQUE_ACTIVE_CIK;no_blocker_proven,SHARADAR:3424b5333efcffe6e09e5f0ed5c2ee611abd5bd50b66016169a75a7b590be490:SHARADAR_ARQ_PRIMARY_V1:HIGH,,"10-Q|2026-09-09T19:58:26.000Z|0001193125-26-386417|report=2026-08-01|items=;8-K|2026-09-09T11:14:05.000Z|0001193125-26-385888|report=2026-09-09|items=2.02,9.01",2,0,2,1,https://www.sec.gov/Archives/edgar/data/813298/000119312526385888/dxlg-20260909.htm#sha256=1818e6dd0a4cda752e0f713cdbb783eaa260567194dd44c36f16b92f53aa91b7;https://www.sec.gov/Archives/edgar/data/813298/000119312526385888/dxlg-ex99_1.htm#sha256=c6907d25a369ab3a7088e20a26d21f5745f356ffac8ae812d31bdbf0f65b5a00,https://www.sec.gov/Archives/edgar/data/813298/000119312526385888/dxlg-20260909.htm;https://www.sec.gov/Archives/edgar/data/813298/000119312526385888/dxlg-ex99_1.htm;https://www.sec.gov/Archives/edgar/data/813298/000119312526386417/dxlg-20260801.htm,NOT_RECORDED_PER_REQUEST,2026-10-05T16:08:01Z,2026-10-05,publication_drain_20261005T064921Z_43a1e040,RESOLVER_COVERAGE_GAP,RESULT_CONTEXT_ONLY_IN_EXHIBIT,P1,HIGH_LIKELY_COVERAGE_GAP,Primary Item 2.02 filing does not match canonical quarter; linked official results exhibit does. Production resolver reads primary document only.,"Implement focused future resolver recognition/event-context change with positive and negative fixtures; replay on copy only, preserve hierarchy and conflict handling.",EXHIBIT_QUARTER_CONTEXT
NX,1602,SEC_CIK:0001423221,Quanex Building Products CORP,1612,193658,0001423221,2026,Q3,57070,2026-07-31,2026-Q3,2026-07-31,2026-09-04,2026-09-04,UNRESOLVED,NOT_RECORDED,2026-10-05T06:50:12Z,NOT_RECORDED,1,2026-10-05T06:50:12Z,QUARTER_MATCH_FAILED,QUARTER_MATCH_FAILED,0,1,0,NOT_RECORDED,NOT_RECORDED,NOT_RECORDED,NOT_RECORDED,NULL,NONE_STORED;issuer_search_not_exhaustive,CANONICAL_ACCEPTED;authority_quarter_id_equal;forecast_links_NOT_AUDITED,UNIQUE_ACTIVE_CIK;no_blocker_proven,SHARADAR:2eac56aa053ee65b7ee3912c74f56c804a14a587d63b2839f329423292936576:SHARADAR_ARQ_PRIMARY_V1:HIGH,,"10-Q|2026-09-04T20:03:22.000Z|0001423221-26-000048|report=2026-07-31|items=;8-K|2026-09-03T20:17:16.000Z|0001171843-26-005882|report=2026-09-03|items=2.02,9.01",2,0,2,1,https://www.sec.gov/Archives/edgar/data/1423221/000117184326005882/f8k_090326.htm#sha256=fe2a084784382ae78188a3b714acab88b0743818571518e895b1732145383957;https://www.sec.gov/Archives/edgar/data/1423221/000117184326005882/exh_991.htm#sha256=619983b805b4ae7b2af529dd6c247b0eae29f920eec8dba05d0e7be503e748a0,https://www.sec.gov/Archives/edgar/data/1423221/000117184326005882/f8k_090326.htm;https://www.sec.gov/Archives/edgar/data/1423221/000117184326005882/exh_991.htm;https://www.sec.gov/Archives/edgar/data/1423221/000142322126000048/nx-20260731.htm,NOT_RECORDED_PER_REQUEST,2026-10-05T16:08:01Z,2026-10-05,publication_drain_20261005T064921Z_43a1e040,RESOLVER_COVERAGE_GAP,RESULT_CONTEXT_ONLY_IN_EXHIBIT,P1,HIGH_LIKELY_COVERAGE_GAP,Primary Item 2.02 filing does not match canonical quarter; linked official results exhibit does. Production resolver reads primary document only.,"Implement focused future resolver recognition/event-context change with positive and negative fixtures; replay on copy only, preserve hierarchy and conflict handling.",EXHIBIT_QUARTER_CONTEXT
BRC,358,SEC_CIK:0000746598,BRADY CORP,358,198680,0000746598,2026,Q4,12649,2026-07-31,2026-Q4,2026-07-31,2026-09-03,2026-09-03,UNRESOLVED,NOT_RECORDED,2026-10-05T06:49:35Z,NOT_RECORDED,1,2026-10-05T06:49:35Z,QUARTER_MATCH_FAILED,QUARTER_MATCH_FAILED,0,1,0,NOT_RECORDED,NOT_RECORDED,NOT_RECORDED,NOT_RECORDED,NULL,NONE_STORED;issuer_search_not_exhaustive,CANONICAL_ACCEPTED;authority_quarter_id_equal;forecast_links_NOT_AUDITED,UNIQUE_ACTIVE_CIK;no_blocker_proven,SHARADAR:62f6bc550de9787d188975c8f15c9af66c83869ab79eaa9d6e80e4075a4f6669:SHARADAR_ARQ_PRIMARY_V1:HIGH,,"10-K|2026-09-03T11:04:19.000Z|0000746598-26-000044|report=2026-07-31|items=;8-K|2026-09-03T10:59:09.000Z|0000746598-26-000043|report=2026-09-01|items=2.02,7.01,8.01,9.01",2,0,2,1,https://www.sec.gov/Archives/edgar/data/746598/000074659826000043/brc-20260901.htm#sha256=dfc3a343dcbdde53329bc19ab7384f438001456f857f55ec29054f3d49cfe263;https://www.sec.gov/Archives/edgar/data/746598/000074659826000043/exhibit991-financialsx2026.htm#sha256=a73b679730c5758824587480e760ebef326da392b3d96040de9e304f4e54cb22,https://www.sec.gov/Archives/edgar/data/746598/000074659826000043/brc-20260901.htm;https://www.sec.gov/Archives/edgar/data/746598/000074659826000043/exhibit991-financialsx2026.htm;https://www.sec.gov/Archives/edgar/data/746598/000074659826000044/brc-20260731.htm,NOT_RECORDED_PER_REQUEST,2026-10-05T16:08:01Z,2026-10-05,publication_drain_20261005T064921Z_43a1e040,RESOLVER_COVERAGE_GAP,RESULT_CONTEXT_ONLY_IN_EXHIBIT,P1,HIGH_LIKELY_COVERAGE_GAP,Primary Item 2.02 filing does not match canonical quarter; linked official results exhibit does. Production resolver reads primary document only.,"Implement focused future resolver recognition/event-context change with positive and negative fixtures; replay on copy only, preserve hierarchy and conflict handling.",EXHIBIT_QUARTER_CONTEXT
MTRX,1487,SEC_CIK:0000866273,MATRIX SERVICE CO,1496,198005,0000866273,2026,Q4,53033,2026-06-30,2026-Q4,2026-06-30,2026-09-03,2026-09-03,UNRESOLVED,NOT_RECORDED,2026-10-05T06:50:08Z,NOT_RECORDED,1,2026-10-05T06:50:08Z,QUARTER_MATCH_FAILED,QUARTER_MATCH_FAILED,0,1,0,NOT_RECORDED,NOT_RECORDED,NOT_RECORDED,NOT_RECORDED,NULL,NONE_STORED;issuer_search_not_exhaustive,CANONICAL_ACCEPTED;authority_quarter_id_equal;forecast_links_NOT_AUDITED,UNIQUE_ACTIVE_CIK;no_blocker_proven,SHARADAR:db8eb33d9b78d07a13bb8f0dc9fe4a90d6f82a5b89254f32c258a4c201a15c93:SHARADAR_ARQ_PRIMARY_V1:HIGH,,"10-K|2026-09-03T20:56:59.000Z|0000866273-26-000057|report=2026-06-30|items=;8-K|2026-09-02T20:46:03.000Z|0000866273-26-000053|report=2026-09-02|items=2.02,9.01",2,0,2,1,https://www.sec.gov/Archives/edgar/data/866273/000086627326000053/mtrx-20260902.htm#sha256=fe42e5ef308901baf68339b95994874aff30789c5cf97756a09ec0784c45e6b3;https://www.sec.gov/Archives/edgar/data/866273/000086627326000053/a063026ex99earningsrelease.htm#sha256=b2e1835dd5fd9c13be03837edd50d062bbe089a7f5cd3cf572e00a3da4cbd5ed,https://www.sec.gov/Archives/edgar/data/866273/000086627326000053/mtrx-20260902.htm;https://www.sec.gov/Archives/edgar/data/866273/000086627326000053/a063026ex99earningsrelease.htm;https://www.sec.gov/Archives/edgar/data/866273/000086627326000057/mtrx-20260630.htm,NOT_RECORDED_PER_REQUEST,2026-10-05T16:08:01Z,2026-10-05,publication_drain_20261005T064921Z_43a1e040,RESOLVER_COVERAGE_GAP,RESULT_CONTEXT_ONLY_IN_EXHIBIT,P1,HIGH_LIKELY_COVERAGE_GAP,Primary Item 2.02 filing does not match canonical quarter; linked official results exhibit does. Production resolver reads primary document only.,"Implement focused future resolver recognition/event-context change with positive and negative fixtures; replay on copy only, preserve hierarchy and conflict handling.",EXHIBIT_QUARTER_CONTEXT
SWBI,2110,SEC_CIK:0001092796,"SMITH & WESSON BRANDS, INC.",2120,196269,0001092796,2027,Q1,75005,2026-07-31,2027-Q1,2026-07-31,2026-09-03,2026-09-03,UNRESOLVED,NOT_RECORDED,2026-10-05T06:50:28Z,NOT_RECORDED,1,2026-10-05T06:50:28Z,QUARTER_MATCH_FAILED,QUARTER_MATCH_FAILED,0,1,0,NOT_RECORDED,NOT_RECORDED,NOT_RECORDED,NOT_RECORDED,NULL,NONE_STORED;issuer_search_not_exhaustive,CANONICAL_ACCEPTED;authority_quarter_id_equal;forecast_links_NOT_AUDITED,UNIQUE_ACTIVE_CIK;no_blocker_proven,SHARADAR:656375e39ecce3be895723c0038dea23a1220a3c7afb106d626f42b6bab62acf:SHARADAR_ARQ_PRIMARY_V1:HIGH,,"10-Q|2026-09-03T20:15:33.000Z|0001193125-26-381911|report=2026-07-31|items=;8-K|2026-09-03T20:15:14.000Z|0001193125-26-381907|report=2026-09-03|items=2.02,9.01",2,0,2,1,https://www.sec.gov/Archives/edgar/data/1092796/000119312526381907/swbi-20260903.htm#sha256=43ab8b2f1145323ff203abb7a5d5dd980b53a4b3826fbe71a4ef5148aca1f1a2;https://www.sec.gov/Archives/edgar/data/1092796/000119312526381907/swbi-ex99_1.htm#sha256=3d50db572ede11a1b70375dd9aec1b733dda1851f2afeabe4c0059bef81a8101,https://www.sec.gov/Archives/edgar/data/1092796/000119312526381907/swbi-20260903.htm;https://www.sec.gov/Archives/edgar/data/1092796/000119312526381907/swbi-ex99_1.htm;https://www.sec.gov/Archives/edgar/data/1092796/000119312526381911/swbi-20260731.htm,NOT_RECORDED_PER_REQUEST,2026-10-05T16:08:01Z,2026-10-05,publication_drain_20261005T064921Z_43a1e040,RESOLVER_COVERAGE_GAP,RESULT_CONTEXT_ONLY_IN_EXHIBIT,P1,HIGH_LIKELY_COVERAGE_GAP,Primary Item 2.02 filing does not match canonical quarter; linked official results exhibit does. Production resolver reads primary document only.,"Implement focused future resolver recognition/event-context change with positive and negative fixtures; replay on copy only, preserve hierarchy and conflict handling.",EXHIBIT_QUARTER_CONTEXT
PVH,1819,SEC_CIK:0000078239,PVH CORP. /DE/,1829,199425,0000078239,2027,Q2,64821,2026-08-02,2027-Q2,2026-08-02,2026-09-02,2026-09-02,UNRESOLVED,NOT_RECORDED,2026-10-05T06:50:20Z,NOT_RECORDED,1,2026-10-05T06:50:20Z,QUARTER_MATCH_FAILED,QUARTER_MATCH_FAILED,0,1,0,NOT_RECORDED,NOT_RECORDED,NOT_RECORDED,NOT_RECORDED,NULL,NONE_STORED;issuer_search_not_exhaustive,CANONICAL_ACCEPTED;authority_quarter_id_equal;forecast_links_NOT_AUDITED,UNIQUE_ACTIVE_CIK;no_blocker_proven,SHARADAR:350aa5dc7d7f73c693f2d5f9c612afe2b7f968b1f3ed561e4cce696c03c21402:SHARADAR_ARQ_PRIMARY_V1:HIGH,,"10-Q|2026-09-02T20:33:07.000Z|0000078239-26-000056|report=2026-08-02|items=;8-K|2026-09-02T20:23:55.000Z|0000078239-26-000055|report=2026-09-02|items=2.02,9.01",2,0,2,1,https://www.sec.gov/Archives/edgar/data/78239/000007823926000055/pvh-20260902.htm#sha256=623598a5feca916883f6dcd3ad2f93ec5ed1b0809e6ccd9dc891b2b95ff1f6a8;https://www.sec.gov/Archives/edgar/data/78239/000007823926000055/ex99120262q8k.htm#sha256=bcde31d9b75023d6e922bc2a2e9c8f061a4e46429e9ac28b4e00d196cfd0832e,https://www.sec.gov/Archives/edgar/data/78239/000007823926000055/pvh-20260902.htm;https://www.sec.gov/Archives/edgar/data/78239/000007823926000055/ex99120262q8k.htm;https://www.sec.gov/Archives/edgar/data/78239/000007823926000056/pvh-20260802.htm,NOT_RECORDED_PER_REQUEST,2026-10-05T16:08:01Z,2026-10-05,publication_drain_20261005T064921Z_43a1e040,RESOLVER_COVERAGE_GAP,RESULT_CONTEXT_ONLY_IN_EXHIBIT,P1,HIGH_LIKELY_COVERAGE_GAP,Primary Item 2.02 filing does not match canonical quarter; linked official results exhibit does. Production resolver reads primary document only.,"Implement focused future resolver recognition/event-context change with positive and negative fixtures; replay on copy only, preserve hierarchy and conflict handling.",EXHIBIT_QUARTER_CONTEXT
KOSS,1237,SEC_CIK:0000056701,KOSS CORP,1241,124736,0000056701,2026,Q4,44054,2026-06-30,2026-Q4,2026-06-30,2026-08-28,2026-08-28,UNRESOLVED,NOT_RECORDED,2026-10-05T06:50:01Z,NOT_RECORDED,1,2026-10-05T06:50:01Z,QUARTER_MATCH_FAILED,QUARTER_MATCH_FAILED,0,1,0,NOT_RECORDED,NOT_RECORDED,NOT_RECORDED,NOT_RECORDED,NULL,NONE_STORED;issuer_search_not_exhaustive,CANONICAL_ACCEPTED;authority_quarter_id_equal;forecast_links_NOT_AUDITED,UNIQUE_ACTIVE_CIK;no_blocker_proven,SHARADAR:9b4d37e8054e1e38272ed5f9e11f2431773b14f06a167c96477740d0dffef895:SHARADAR_ARQ_PRIMARY_V1:HIGH,,"10-K|2026-08-27T22:01:12.000Z|0000056701-26-000034|report=2026-06-30|items=;8-K|2026-08-27T21:19:42.000Z|0000056701-26-000032|report=2026-08-27|items=2.02,9.01",2,0,2,1,https://www.sec.gov/Archives/edgar/data/56701/000005670126000032/koss-20260827x8k.htm#sha256=1a6cfc4135634bca48422159d46aad1d1475bb93179202abc44eded9fbb432bb;https://www.sec.gov/Archives/edgar/data/56701/000005670126000032/koss-20260827xex99_1.htm#sha256=208e4c85eb027f6585b8d28f7db54be26048d889ab9f7a410a58af6d070dca24,https://www.sec.gov/Archives/edgar/data/56701/000005670126000032/koss-20260827x8k.htm;https://www.sec.gov/Archives/edgar/data/56701/000005670126000032/koss-20260827xex99_1.htm;https://www.sec.gov/Archives/edgar/data/56701/000005670126000034/koss-20260630x10k.htm,NOT_RECORDED_PER_REQUEST,2026-10-05T16:08:01Z,2026-10-05,publication_drain_20261005T064921Z_43a1e040,RESOLVER_COVERAGE_GAP,RESULT_CONTEXT_ONLY_IN_EXHIBIT,P1,HIGH_LIKELY_COVERAGE_GAP,Primary Item 2.02 filing does not match canonical quarter; linked official results exhibit does. Production resolver reads primary document only.,"Implement focused future resolver recognition/event-context change with positive and negative fixtures; replay on copy only, preserve hierarchy and conflict handling.",EXHIBIT_QUARTER_CONTEXT
DLTR,685,SEC_CIK:0000935703,"DOLLAR TREE, INC.",686,197305,0000935703,2027,Q2,24240,2026-08-01,2027-Q2,2026-08-01,2026-08-27,2026-08-27,UNRESOLVED,NOT_RECORDED,2026-10-05T06:49:46Z,NOT_RECORDED,1,2026-10-05T06:49:46Z,QUARTER_MATCH_FAILED,QUARTER_MATCH_FAILED,0,1,0,NOT_RECORDED,NOT_RECORDED,NOT_RECORDED,NOT_RECORDED,NULL,NONE_STORED;issuer_search_not_exhaustive,CANONICAL_ACCEPTED;authority_quarter_id_equal;forecast_links_NOT_AUDITED,UNIQUE_ACTIVE_CIK;no_blocker_proven,SHARADAR:fee8aa70c562a44401ee206da6477752282b257501d33036cef5853f28d082e7:SHARADAR_ARQ_PRIMARY_V1:HIGH,,"10-Q|2026-08-27T10:35:11.000Z|0000935703-26-000109|report=2026-08-01|items=;8-K|2026-08-27T10:31:24.000Z|0000935703-26-000108|report=2026-08-27|items=2.02,7.01,9.01",2,0,2,1,https://www.sec.gov/Archives/edgar/data/935703/000093570326000108/dltr-20260827.htm#sha256=614fd3d85a1b65e0fb7ab4f8196b3790d4c5dd7c2ca46b71e20b822994ca5037;https://www.sec.gov/Archives/edgar/data/935703/000093570326000108/ex991q2-26earningspressrel.htm#sha256=b526ebb4af78c40fdc38f631639fbe6e3f9a28463fd755449da71fcae49bef28,https://www.sec.gov/Archives/edgar/data/935703/000093570326000108/dltr-20260827.htm;https://www.sec.gov/Archives/edgar/data/935703/000093570326000108/ex991q2-26earningspressrel.htm;https://www.sec.gov/Archives/edgar/data/935703/000093570326000109/dltr-20260801.htm,NOT_RECORDED_PER_REQUEST,2026-10-05T16:08:01Z,2026-10-05,publication_drain_20261005T064921Z_43a1e040,RESOLVER_COVERAGE_GAP,RESULT_CONTEXT_ONLY_IN_EXHIBIT,P1,HIGH_LIKELY_COVERAGE_GAP,Primary Item 2.02 filing does not match canonical quarter; linked official results exhibit does. Production resolver reads primary document only.,"Implement focused future resolver recognition/event-context change with positive and negative fixtures; replay on copy only, preserve hierarchy and conflict handling.",EXHIBIT_QUARTER_CONTEXT
DY,728,SEC_CIK:0000067215,DYCOM INDUSTRIES INC,729,199523,0000067215,2027,Q2,25673,2026-08-01,2027-Q2,2026-08-01,2026-08-27,2026-08-27,UNRESOLVED,NOT_RECORDED,2026-10-05T06:49:49Z,NOT_RECORDED,1,2026-10-05T06:49:49Z,QUARTER_MATCH_FAILED,QUARTER_MATCH_FAILED,0,1,0,NOT_RECORDED,NOT_RECORDED,NOT_RECORDED,NOT_RECORDED,NULL,NONE_STORED;issuer_search_not_exhaustive,CANONICAL_ACCEPTED;authority_quarter_id_equal;forecast_links_NOT_AUDITED,UNIQUE_ACTIVE_CIK;no_blocker_proven,SHARADAR:fd205204f2fc3f829f03c823c71b64dbcb372c31df478b5889773c7e054ebbd0:SHARADAR_ARQ_PRIMARY_V1:HIGH,,"10-Q|2026-08-27T12:34:59.000Z|0000067215-26-000043|report=2026-08-01|items=;8-K|2026-08-26T11:05:58.000Z|0000067215-26-000039|report=2026-08-26|items=2.02,9.01",2,0,2,1,https://www.sec.gov/Archives/edgar/data/67215/000006721526000039/dy-20260826.htm#sha256=495a57a8dbedb270b72a36423c20aaec22e9ce2626f49a123dc24492e21d1cbb;https://www.sec.gov/Archives/edgar/data/67215/000006721526000039/dyfy2027q2earningsreleasee.htm#sha256=c9b6fed0de026a489864481712a3ad971e99b3bb4d8c362aceb7872515f430b2,https://www.sec.gov/Archives/edgar/data/67215/000006721526000039/dy-20260826.htm;https://www.sec.gov/Archives/edgar/data/67215/000006721526000039/dyfy2027q2earningsreleasee.htm;https://www.sec.gov/Archives/edgar/data/67215/000006721526000043/dy-20260801.htm,NOT_RECORDED_PER_REQUEST,2026-10-05T16:08:01Z,2026-10-05,publication_drain_20261005T064921Z_43a1e040,RESOLVER_COVERAGE_GAP,RESULT_CONTEXT_ONLY_IN_EXHIBIT,P1,HIGH_LIKELY_COVERAGE_GAP,Primary Item 2.02 filing does not match canonical quarter; linked official results exhibit does. Production resolver reads primary document only.,"Implement focused future resolver recognition/event-context change with positive and negative fixtures; replay on copy only, preserve hierarchy and conflict handling.",EXHIBIT_QUARTER_CONTEXT
BBWI,285,SEC_CIK:0000701985,"Bath & Body Works, Inc.",285,198953,0000701985,2027,Q2,10119,2026-08-01,2027-Q2,2026-08-01,2026-08-26,2026-08-26,UNRESOLVED,NOT_RECORDED,2026-10-05T06:49:33Z,NOT_RECORDED,1,2026-10-05T06:49:33Z,QUARTER_MATCH_FAILED,QUARTER_MATCH_FAILED,0,1,0,NOT_RECORDED,NOT_RECORDED,NOT_RECORDED,NOT_RECORDED,NULL,NONE_STORED;issuer_search_not_exhaustive,CANONICAL_ACCEPTED;authority_quarter_id_equal;forecast_links_NOT_AUDITED,UNIQUE_ACTIVE_CIK;no_blocker_proven,SHARADAR:ce657fda885bb809a413b3cbf4bf62a0d0fef29107257ee47f51c83e136200ea:SHARADAR_ARQ_PRIMARY_V1:HIGH,,"10-Q|2026-08-26T20:18:13.000Z|0000701985-26-000029|report=2026-08-01|items=;8-K|2026-08-26T11:17:10.000Z|0000701985-26-000025|report=2026-08-26|items=2.02,7.01,9.01",2,0,2,1,https://www.sec.gov/Archives/edgar/data/701985/000070198526000025/bbwi-20260826.htm#sha256=aaf8297cb8efc4adb024f3a856f974ec29757e3fc4590d5365664f4eb21c8aae;https://www.sec.gov/Archives/edgar/data/701985/000070198526000025/ex991bbwi-20262qearningsre.htm#sha256=c8db61fb14310dc7f659f7491c72b8a48ee15031962da14ff43a4bf53bc06695,https://www.sec.gov/Archives/edgar/data/701985/000070198526000025/bbwi-20260826.htm;https://www.sec.gov/Archives/edgar/data/701985/000070198526000025/ex991bbwi-20262qearningsre.htm;https://www.sec.gov/Archives/edgar/data/701985/000070198526000029/bbwi-20260801.htm,NOT_RECORDED_PER_REQUEST,2026-10-05T16:08:01Z,2026-10-05,publication_drain_20261005T064921Z_43a1e040,RESOLVER_COVERAGE_GAP,RESULT_CONTEXT_ONLY_IN_EXHIBIT,P1,HIGH_LIKELY_COVERAGE_GAP,Primary Item 2.02 filing does not match canonical quarter; linked official results exhibit does. Production resolver reads primary document only.,"Implement focused future resolver recognition/event-context change with positive and negative fixtures; replay on copy only, preserve hierarchy and conflict handling.",EXHIBIT_QUARTER_CONTEXT
SPWR,2068,SEC_CIK:0001838987,SunPower Inc.,2078,633961,0001838987,2026,Q2,73441,2026-06-28,2026-Q2,2026-06-28,2026-08-21,2026-08-21,UNRESOLVED,NOT_RECORDED,2026-10-05T06:50:26Z,NOT_RECORDED,1,2026-10-05T06:50:26Z,QUARTER_MATCH_FAILED,QUARTER_MATCH_FAILED,0,1,0,NOT_RECORDED,NOT_RECORDED,NOT_RECORDED,NOT_RECORDED,NULL,NONE_STORED;issuer_search_not_exhaustive,CANONICAL_ACCEPTED;authority_quarter_id_equal;forecast_links_NOT_AUDITED,UNIQUE_ACTIVE_CIK;no_blocker_proven,SHARADAR:17ec0e6ec086547d9db98d94719fdb6dab89e9a0e3f42371874026a491b6e1c6:SHARADAR_ARQ_PRIMARY_V1:HIGH,,"10-Q|2026-08-21T21:27:01.000Z|0001213900-26-092710|report=2026-06-28|items=;8-K|2026-07-28T11:59:40.000Z|0001213900-26-081990|report=2026-07-28|items=2.02,7.01,9.01",2,0,2,1,https://www.sec.gov/Archives/edgar/data/1838987/000121390026081990/ea0299402-8k_sunpower.htm#sha256=94a9655d7d292011f47ddde31c808f7b46c601b49187c9c61d2eb0a82d53b8b5;https://www.sec.gov/Archives/edgar/data/1838987/000121390026081990/ea029940201ex99-1.htm#sha256=a83fd096204a7aafc26d83e999a9974ba7afcc04e49b353b3a018afd579e2385,https://www.sec.gov/Archives/edgar/data/1838987/000121390026081990/ea0299402-8k_sunpower.htm;https://www.sec.gov/Archives/edgar/data/1838987/000121390026081990/ea029940201ex99-1.htm;https://www.sec.gov/Archives/edgar/data/1838987/000121390026092710/ea0298477-10q_sunpower.htm,NOT_RECORDED_PER_REQUEST,2026-10-05T16:08:01Z,2026-10-05,publication_drain_20261005T064921Z_43a1e040,RESOLVER_COVERAGE_GAP,RESULT_CONTEXT_ONLY_IN_EXHIBIT,P1,HIGH_LIKELY_COVERAGE_GAP,Primary Item 2.02 filing does not match canonical quarter; linked official results exhibit does. Production resolver reads primary document only.,"Implement focused future resolver recognition/event-context change with positive and negative fixtures; replay on copy only, preserve hierarchy and conflict handling.",EXHIBIT_QUARTER_CONTEXT
NDSN,1522,SEC_CIK:0000072331,NORDSON CORP,1531,199483,0000072331,2026,Q3,54337,2026-07-31,2026-Q3,2026-07-31,2026-08-20,2026-08-20,UNRESOLVED,NOT_RECORDED,2026-10-05T06:50:10Z,NOT_RECORDED,1,2026-10-05T06:50:10Z,QUARTER_MATCH_FAILED,QUARTER_MATCH_FAILED,0,1,0,NOT_RECORDED,NOT_RECORDED,NOT_RECORDED,NOT_RECORDED,NULL,NONE_STORED;issuer_search_not_exhaustive,CANONICAL_ACCEPTED;authority_quarter_id_equal;forecast_links_NOT_AUDITED,UNIQUE_ACTIVE_CIK;no_blocker_proven,SHARADAR:40d074cc206115fb381b3f638926230df63779a019da8b222d2636fafeda7f8a:SHARADAR_ARQ_PRIMARY_V1:HIGH,,"10-Q|2026-08-20T15:43:14.000Z|0000072331-26-000054|report=2026-07-31|items=;8-K|2026-08-19T20:32:10.000Z|0000072331-26-000052|report=2026-08-19|items=2.02,7.01,9.01",2,0,2,1,https://www.sec.gov/Archives/edgar/data/72331/000007233126000052/ndsn-20260819.htm#sha256=f8ecb9d33c7e0b61728156e648b8ffecdf1ba4d9cababdc12a5479a2f39b201e;https://www.sec.gov/Archives/edgar/data/72331/000007233126000052/ndsn-q320268kxex991.htm#sha256=b3acd66e7ee52ad93fc973cd724d6e2cc4a17e5d9ef6f47b7c0b2da3c9f2b908,https://www.sec.gov/Archives/edgar/data/72331/000007233126000052/ndsn-20260819.htm;https://www.sec.gov/Archives/edgar/data/72331/000007233126000052/ndsn-q320268kxex991.htm;https://www.sec.gov/Archives/edgar/data/72331/000007233126000054/ndsn-20260731.htm,NOT_RECORDED_PER_REQUEST,2026-10-05T16:08:01Z,2026-10-05,publication_drain_20261005T064921Z_43a1e040,RESOLVER_COVERAGE_GAP,RESULT_CONTEXT_ONLY_IN_EXHIBIT,P1,HIGH_LIKELY_COVERAGE_GAP,Primary Item 2.02 filing does not match canonical quarter; linked official results exhibit does. Production resolver reads primary document only.,"Implement focused future resolver recognition/event-context change with positive and negative fixtures; replay on copy only, preserve hierarchy and conflict handling.",EXHIBIT_QUARTER_CONTEXT
EAT,731,SEC_CIK:0000703351,"BRINKER INTERNATIONAL, INC",732,198947,0000703351,2026,Q4,25780,2026-06-24,2026-Q4,2026-06-24,2026-08-19,2026-08-19,UNRESOLVED,NOT_RECORDED,2026-10-05T06:49:50Z,NOT_RECORDED,1,2026-10-05T06:49:50Z,QUARTER_MATCH_FAILED,QUARTER_MATCH_FAILED,0,1,0,NOT_RECORDED,NOT_RECORDED,NOT_RECORDED,NOT_RECORDED,NULL,NONE_STORED;issuer_search_not_exhaustive,CANONICAL_ACCEPTED;authority_quarter_id_equal;forecast_links_NOT_AUDITED,UNIQUE_ACTIVE_CIK;no_blocker_proven,SHARADAR:6a8c05abeba067dbf06dbea5f6771d7c1e05d612e8ce2890cb516a560ac0d10d:SHARADAR_ARQ_PRIMARY_V1:HIGH,,"10-K|2026-08-19T20:12:31.000Z|0000703351-26-000029|report=2026-06-24|items=;8-K|2026-08-12T12:05:27.000Z|0000703351-26-000026|report=2026-08-10|items=2.02,8.01,9.01",2,0,2,1,https://www.sec.gov/Archives/edgar/data/703351/000070335126000026/eat-20260810.htm#sha256=bbfa53bec7aa576d6ce85aee4568306feab1a6829bd01c4809c4a2072e011139;https://www.sec.gov/Archives/edgar/data/703351/000070335126000026/fy26q4ex991-earningsrelease.htm#sha256=edc9f22f5252841e2914de5f278fc2acb99430b5a91de836357fecea2d2becc7,https://www.sec.gov/Archives/edgar/data/703351/000070335126000026/eat-20260810.htm;https://www.sec.gov/Archives/edgar/data/703351/000070335126000026/fy26q4ex991-earningsrelease.htm;https://www.sec.gov/Archives/edgar/data/703351/000070335126000029/eat-20260624.htm,NOT_RECORDED_PER_REQUEST,2026-10-05T16:08:01Z,2026-10-05,publication_drain_20261005T064921Z_43a1e040,RESOLVER_COVERAGE_GAP,RESULT_CONTEXT_ONLY_IN_EXHIBIT,P1,HIGH_LIKELY_COVERAGE_GAP,Primary Item 2.02 filing does not match canonical quarter; linked official results exhibit does. Production resolver reads primary document only.,"Implement focused future resolver recognition/event-context change with positive and negative fixtures; replay on copy only, preserve hierarchy and conflict handling.",EXHIBIT_QUARTER_CONTEXT
EL,751,SEC_CIK:0001001250,ESTEE LAUDER COMPANIES INC,752,197192,0001001250,2026,Q4,26546,2026-06-30,2026-Q4,2026-06-30,2026-08-19,2026-08-19,UNRESOLVED,NOT_RECORDED,2026-10-05T06:49:50Z,NOT_RECORDED,1,2026-10-05T06:49:50Z,QUARTER_MATCH_FAILED,QUARTER_MATCH_FAILED,0,1,0,NOT_RECORDED,NOT_RECORDED,NOT_RECORDED,NOT_RECORDED,NULL,NONE_STORED;issuer_search_not_exhaustive,CANONICAL_ACCEPTED;authority_quarter_id_equal;forecast_links_NOT_AUDITED,UNIQUE_ACTIVE_CIK;no_blocker_proven,SHARADAR:bdc3eed7eeff0ac1422db3f016683e8e5a75c2b984939831d9812b80cc41901a:SHARADAR_ARQ_PRIMARY_V1:HIGH,,"10-K|2026-08-19T16:29:06.000Z|0001001250-26-000041|report=2026-06-30|items=;8-K|2026-08-19T12:02:43.000Z|0001001250-26-000038|report=2026-08-19|items=2.02,9.01",2,0,2,1,https://www.sec.gov/Archives/edgar/data/1001250/000100125026000038/el-20260819.htm#sha256=a3cb154d2478aedc4c48424edef7597749e25508a3214a4f3b27d828bee2d67f;https://www.sec.gov/Archives/edgar/data/1001250/000100125026000038/elq4fy2026exhibit991.htm#sha256=b0d521f90c007b391ccf8875c30d3c21ff4e8cde8b15e97998c45576f87e9342,https://www.sec.gov/Archives/edgar/data/1001250/000100125026000038/el-20260819.htm;https://www.sec.gov/Archives/edgar/data/1001250/000100125026000038/elq4fy2026exhibit991.htm;https://www.sec.gov/Archives/edgar/data/1001250/000100125026000041/el-20260630.htm,NOT_RECORDED_PER_REQUEST,2026-10-05T16:08:01Z,2026-10-05,publication_drain_20261005T064921Z_43a1e040,RESOLVER_COVERAGE_GAP,RESULT_CONTEXT_ONLY_IN_EXHIBIT,P1,HIGH_LIKELY_COVERAGE_GAP,Primary Item 2.02 filing does not match canonical quarter; linked official results exhibit does. Production resolver reads primary document only.,"Implement focused future resolver recognition/event-context change with positive and negative fixtures; replay on copy only, preserve hierarchy and conflict handling.",EXHIBIT_QUARTER_CONTEXT
ASPI,212,SEC_CIK:0001921865,ASP Isotopes Inc.,212,639179,0001921865,2026,Q2,7510,2026-06-30,2026-Q2,2026-06-30,2026-08-14,2026-08-14,UNRESOLVED,NOT_RECORDED,2026-10-05T06:49:30Z,NOT_RECORDED,1,2026-10-05T06:49:30Z,QUARTER_MATCH_FAILED,QUARTER_MATCH_FAILED,0,1,0,NOT_RECORDED,NOT_RECORDED,NOT_RECORDED,NOT_RECORDED,NULL,NONE_STORED;issuer_search_not_exhaustive,CANONICAL_ACCEPTED;authority_quarter_id_equal;forecast_links_NOT_AUDITED,UNIQUE_ACTIVE_CIK;no_blocker_proven,SHARADAR:810b095795f97fd927a55319772e562e8b7f2febfa8efb41fce9f570cf69f3c5:SHARADAR_ARQ_PRIMARY_V1:HIGH,,"10-Q|2026-08-14T21:14:01.000Z|0001193125-26-352603|report=2026-06-30|items=;8-K|2026-08-04T12:06:05.000Z|0001193125-26-331596|report=2026-08-04|items=2.02,7.01,9.01",2,0,2,1,https://www.sec.gov/Archives/edgar/data/1921865/000119312526331596/aspi-20260804.htm#sha256=4b0fb5ac5abcdff3df8c0e832a84f1199c1685d5d8b5b9f61bdc00716bd790be;https://www.sec.gov/Archives/edgar/data/1921865/000119312526331596/aspi-ex99_1.htm#sha256=d18ebf86417b174598e93d48d49ef6ae9007391b0b47a308408dd51c0b19d26e,https://www.sec.gov/Archives/edgar/data/1921865/000119312526331596/aspi-20260804.htm;https://www.sec.gov/Archives/edgar/data/1921865/000119312526331596/aspi-ex99_1.htm;https://www.sec.gov/Archives/edgar/data/1921865/000119312526352603/aspi-20260630.htm,NOT_RECORDED_PER_REQUEST,2026-10-05T16:08:01Z,2026-10-05,publication_drain_20261005T064921Z_43a1e040,INSUFFICIENT_EVIDENCE,PREANNOUNCEMENT_NOT_ACTUAL_RESULTS,P2,LIMITED,Shareholder letter mentions preparation to announce Q2 results; a fiscal-quarter regex match is not proof of actual publication.,Target official issuer release and relevant SEC document/exhibit before deciding coverage gap or evidenced absence; do not blindly retry.,UNRESOLVED_NON_RESULT_CONTEXT
AVT,251,SEC_CIK:0000008858,AVNET INC,251,199925,0000008858,2026,Q4,8873,2026-06-27,2026-Q4,2026-06-27,2026-08-14,2026-08-14,UNRESOLVED,NOT_RECORDED,2026-10-05T06:49:32Z,NOT_RECORDED,1,2026-10-05T06:49:32Z,QUARTER_MATCH_FAILED,QUARTER_MATCH_FAILED,0,1,0,NOT_RECORDED,NOT_RECORDED,NOT_RECORDED,NOT_RECORDED,NULL,NONE_STORED;issuer_search_not_exhaustive,CANONICAL_ACCEPTED;authority_quarter_id_equal;forecast_links_NOT_AUDITED,UNIQUE_ACTIVE_CIK;no_blocker_proven,SHARADAR:0a3a9e789ae667851c2be2e6f79ced56ca911a1928eadae9b7548c3034fae4f6:SHARADAR_ARQ_PRIMARY_V1:HIGH,,"10-K|2026-08-14T10:31:14.000Z|0001104659-26-096346|report=2026-06-27|items=;8-K|2026-08-05T12:03:39.000Z|0000008858-26-000066|report=2026-08-05|items=2.02,9.01",2,0,2,1,https://www.sec.gov/Archives/edgar/data/8858/000000885826000066/avt-20260805x8k.htm#sha256=d1b537dbca7dfec58893fb142c0ca6528f41e485ad1954ea35427293f11ac5d7;https://www.sec.gov/Archives/edgar/data/8858/000000885826000066/avt-20260805xex99d1.htm#sha256=9ce57e50f4f25c24d44fe940712a83096d85941a90367f129efef46f8581dd0c,https://www.sec.gov/Archives/edgar/data/8858/000000885826000066/avt-20260805x8k.htm;https://www.sec.gov/Archives/edgar/data/8858/000000885826000066/avt-20260805xex99d1.htm;https://www.sec.gov/Archives/edgar/data/8858/000110465926096346/avt-20260627x10k.htm,NOT_RECORDED_PER_REQUEST,2026-10-05T16:08:01Z,2026-10-05,publication_drain_20261005T064921Z_43a1e040,RESOLVER_COVERAGE_GAP,RESULT_CONTEXT_ONLY_IN_EXHIBIT,P1,HIGH_LIKELY_COVERAGE_GAP,Primary Item 2.02 filing does not match canonical quarter; linked official results exhibit does. Production resolver reads primary document only.,"Implement focused future resolver recognition/event-context change with positive and negative fixtures; replay on copy only, preserve hierarchy and conflict handling.",EXHIBIT_QUARTER_CONTEXT
CTOR,596,SEC_CIK:0001851484,"CITIUS ONCOLOGY, INC.",597,639119,0001851484,2026,Q3,21009,2026-06-30,2026-Q3,2026-06-30,2026-08-14,2026-08-14,UNRESOLVED,NOT_RECORDED,2026-10-05T06:49:44Z,NOT_RECORDED,1,2026-10-05T06:49:44Z,QUARTER_MATCH_FAILED,QUARTER_MATCH_FAILED,0,1,0,NOT_RECORDED,NOT_RECORDED,NOT_RECORDED,NOT_RECORDED,NULL,NONE_STORED;issuer_search_not_exhaustive,CANONICAL_ACCEPTED;authority_quarter_id_equal;forecast_links_NOT_AUDITED,UNIQUE_ACTIVE_CIK;no_blocker_proven,SHARADAR:c3b2564662bc81e170954bde7aa2efc06c5d779d22a80e9ff6bd29f71df79dc7:SHARADAR_ARQ_PRIMARY_V1:HIGH,,"10-Q|2026-08-14T20:35:36.000Z|0001213900-26-090184|report=2026-06-30|items=;8-K|2026-08-14T20:35:17.000Z|0001213900-26-090182|report=2026-08-14|items=2.02,9.01",2,0,2,1,https://www.sec.gov/Archives/edgar/data/1851484/000121390026090182/ea0302226-8k_citius.htm#sha256=78517ae425da416bbdd17763d23ef5cbc3ba8e5b0a72860e50ebd0256702028e;https://www.sec.gov/Archives/edgar/data/1851484/000121390026090182/ea030222601ex99-1.htm#sha256=e5604bf82ddc948a652ee6b69ddbd7a13f0ea1e5b8f1f3dc99102ff1299f2e96,https://www.sec.gov/Archives/edgar/data/1851484/000121390026090182/ea0302226-8k_citius.htm;https://www.sec.gov/Archives/edgar/data/1851484/000121390026090182/ea030222601ex99-1.htm;https://www.sec.gov/Archives/edgar/data/1851484/000121390026090184/ea0301678-10q_citius.htm,NOT_RECORDED_PER_REQUEST,2026-10-05T16:08:01Z,2026-10-05,publication_drain_20261005T064921Z_43a1e040,RESOLVER_COVERAGE_GAP,RESULT_CONTEXT_ONLY_IN_EXHIBIT,P1,HIGH_LIKELY_COVERAGE_GAP,Primary Item 2.02 filing does not match canonical quarter; linked official results exhibit does. Production resolver reads primary document only.,"Implement focused future resolver recognition/event-context change with positive and negative fixtures; replay on copy only, preserve hierarchy and conflict handling.",EXHIBIT_QUARTER_CONTEXT
CTXR,602,SEC_CIK:0001506251,"Citius Pharmaceuticals, Inc.",603,124202,0001506251,2026,Q3,21240,2026-06-30,2026-Q3,2026-06-30,2026-08-14,2026-08-14,UNRESOLVED,NOT_RECORDED,2026-10-05T06:49:45Z,NOT_RECORDED,1,2026-10-05T06:49:45Z,QUARTER_MATCH_FAILED,QUARTER_MATCH_FAILED,0,1,0,NOT_RECORDED,NOT_RECORDED,NOT_RECORDED,NOT_RECORDED,NULL,NONE_STORED;issuer_search_not_exhaustive,CANONICAL_ACCEPTED;authority_quarter_id_equal;forecast_links_NOT_AUDITED,UNIQUE_ACTIVE_CIK;no_blocker_proven,SHARADAR:2dfc43353845644a79b10517417ce8f1525eb3c214fd2d9a6a2453cdb424ad45:SHARADAR_ARQ_PRIMARY_V1:HIGH,,"10-Q|2026-08-14T20:35:43.000Z|0001213900-26-090185|report=2026-06-30|items=;8-K|2026-08-14T20:35:17.000Z|0001213900-26-090181|report=2026-08-14|items=2.02,9.01",2,0,2,1,https://www.sec.gov/Archives/edgar/data/1506251/000121390026090181/ea0302227-8k_citius.htm#sha256=7cc8b785517e4b053a4ad6d6bb98dcac418ebd34a588909df1ba7568b5dfb83e;https://www.sec.gov/Archives/edgar/data/1506251/000121390026090181/ea030222701ex99-1.htm#sha256=b96737ad512d938d37955d2ba9831f666bad219e225298415b666fa04d261528,https://www.sec.gov/Archives/edgar/data/1506251/000121390026090181/ea0302227-8k_citius.htm;https://www.sec.gov/Archives/edgar/data/1506251/000121390026090181/ea030222701ex99-1.htm;https://www.sec.gov/Archives/edgar/data/1506251/000121390026090185/ea0301919-10q_citius.htm,NOT_RECORDED_PER_REQUEST,2026-10-05T16:08:01Z,2026-10-05,publication_drain_20261005T064921Z_43a1e040,RESOLVER_COVERAGE_GAP,RESULT_CONTEXT_ONLY_IN_EXHIBIT,P1,HIGH_LIKELY_COVERAGE_GAP,Primary Item 2.02 filing does not match canonical quarter; linked official results exhibit does. Production resolver reads primary document only.,"Implement focused future resolver recognition/event-context change with positive and negative fixtures; replay on copy only, preserve hierarchy and conflict handling.",EXHIBIT_QUARTER_CONTEXT
YETI,2435,SEC_CIK:0001670592,"YETI Holdings, Inc.",2446,113586,0001670592,2026,Q2,86799,2026-07-04,2026-Q2,2026-07-04,2026-08-13,2026-08-13,UNRESOLVED,NOT_RECORDED,2026-10-05T06:50:36Z,NOT_RECORDED,1,2026-10-05T06:50:36Z,QUARTER_MATCH_FAILED,QUARTER_MATCH_FAILED,0,1,0,NOT_RECORDED,NOT_RECORDED,NOT_RECORDED,NOT_RECORDED,NULL,NONE_STORED;issuer_search_not_exhaustive,CANONICAL_ACCEPTED;authority_quarter_id_equal;forecast_links_NOT_AUDITED,UNIQUE_ACTIVE_CIK;no_blocker_proven,SHARADAR:aac0c2a951108e9e5cb2e4db48fa0953779a17a25c24eef876a635b3f7714091:SHARADAR_ARQ_PRIMARY_V1:HIGH,,"10-Q|2026-08-13T10:06:56.000Z|0001670592-26-000040|report=2026-07-04|items=;8-K|2026-08-13T10:04:03.000Z|0001670592-26-000039|report=2026-08-13|items=2.02,9.01",2,0,2,1,https://www.sec.gov/Archives/edgar/data/1670592/000167059226000039/yeti-20260813.htm#sha256=f9cfe1d46303647ab5ab93f3992f6131b08e3c161e6ac94c0e72de5cac68df00;https://www.sec.gov/Archives/edgar/data/1670592/000167059226000039/yeti-20260813xex991pressre.htm#sha256=120ee47bf81891d0c6bd108a2018ac0648123b195d387cab6fe2c7e59d77f123,https://www.sec.gov/Archives/edgar/data/1670592/000167059226000039/yeti-20260813.htm;https://www.sec.gov/Archives/edgar/data/1670592/000167059226000039/yeti-20260813xex991pressre.htm;https://www.sec.gov/Archives/edgar/data/1670592/000167059226000040/yeti-20260704.htm,NOT_RECORDED_PER_REQUEST,2026-10-05T16:08:01Z,2026-10-05,publication_drain_20261005T064921Z_43a1e040,RESOLVER_COVERAGE_GAP,RESULT_CONTEXT_ONLY_IN_EXHIBIT,P1,HIGH_LIKELY_COVERAGE_GAP,Primary Item 2.02 filing does not match canonical quarter; linked official results exhibit does. Production resolver reads primary document only.,"Implement focused future resolver recognition/event-context change with positive and negative fixtures; replay on copy only, preserve hierarchy and conflict handling.",EXHIBIT_QUARTER_CONTEXT
ATRO,232,SEC_CIK:0000008063,ASTRONICS CORP,232,199935,0000008063,2026,Q2,8242,2026-07-04,2026-Q2,2026-07-04,2026-08-12,2026-08-12,UNRESOLVED,NOT_RECORDED,2026-10-05T06:49:31Z,NOT_RECORDED,1,2026-10-05T06:49:31Z,QUARTER_MATCH_FAILED,QUARTER_MATCH_FAILED,0,1,0,NOT_RECORDED,NOT_RECORDED,NOT_RECORDED,NOT_RECORDED,NULL,NONE_STORED;issuer_search_not_exhaustive,CANONICAL_ACCEPTED;authority_quarter_id_equal;forecast_links_NOT_AUDITED,UNIQUE_ACTIVE_CIK;no_blocker_proven,SHARADAR:381ec44be78fa4722b8ec9362fba10d7434e7cfda9ca431ffe89c62bae0e574e:SHARADAR_ARQ_PRIMARY_V1:HIGH,,"10-Q|2026-08-12T19:13:43.000Z|0000008063-26-000043|report=2026-07-04|items=;8-K|2026-08-11T20:20:29.000Z|0000008063-26-000037|report=2026-08-11|items=2.02,9.01",2,0,2,1,https://www.sec.gov/Archives/edgar/data/8063/000000806326000037/atro-20260811.htm#sha256=7d23df23b4572a69a666013e64ee2689c5f88cfa63342cd40d7572b548037c60;https://www.sec.gov/Archives/edgar/data/8063/000000806326000037/ex99120260704-pr.htm#sha256=b8712fb751d6e2fcca519da0196ba03446dcbff86e00268a7beb19072e55f30d,https://www.sec.gov/Archives/edgar/data/8063/000000806326000037/atro-20260811.htm;https://www.sec.gov/Archives/edgar/data/8063/000000806326000037/ex99120260704-pr.htm;https://www.sec.gov/Archives/edgar/data/8063/000000806326000043/atro-20260704.htm,NOT_RECORDED_PER_REQUEST,2026-10-05T16:08:01Z,2026-10-05,publication_drain_20261005T064921Z_43a1e040,RESOLVER_COVERAGE_GAP,RESULT_CONTEXT_ONLY_IN_EXHIBIT,P1,HIGH_LIKELY_COVERAGE_GAP,Primary Item 2.02 filing does not match canonical quarter; linked official results exhibit does. Production resolver reads primary document only.,"Implement focused future resolver recognition/event-context change with positive and negative fixtures; replay on copy only, preserve hierarchy and conflict handling.",EXHIBIT_QUARTER_CONTEXT
JACK,1176,SEC_CIK:0000807882,JACK IN THE BOX INC,1180,198380,0000807882,2026,Q3,41812,2026-07-05,2026-Q3,2026-07-05,2026-08-12,2026-08-12,UNRESOLVED,NOT_RECORDED,2026-10-05T06:49:58Z,NOT_RECORDED,1,2026-10-05T06:49:58Z,QUARTER_MATCH_FAILED,QUARTER_MATCH_FAILED,0,1,0,NOT_RECORDED,NOT_RECORDED,NOT_RECORDED,NOT_RECORDED,NULL,NONE_STORED;issuer_search_not_exhaustive,CANONICAL_ACCEPTED;authority_quarter_id_equal;forecast_links_NOT_AUDITED,UNIQUE_ACTIVE_CIK;no_blocker_proven,SHARADAR:a018cad1dc8151658e611af915e8d01f67b95f996c2aaf41c4a3a3367603bf31:SHARADAR_ARQ_PRIMARY_V1:HIGH,,"10-Q|2026-08-12T20:17:00.000Z|0000807882-26-000091|report=2026-07-05|items=;8-K|2026-08-12T20:08:25.000Z|0000807882-26-000090|report=2026-08-12|items=2.02,9.01",2,0,2,1,https://www.sec.gov/Archives/edgar/data/807882/000080788226000090/jack-20260812.htm#sha256=5e390ee8d45742ee3fce5062229340979b0c8df8ff2bdbaf455fb66af006cd00;https://www.sec.gov/Archives/edgar/data/807882/000080788226000090/ex991-q326earningsrelease.htm#sha256=a3750ac8baf3dd55c5431b93217e1028543068d046040e59018b322d5ed1153c,https://www.sec.gov/Archives/edgar/data/807882/000080788226000090/jack-20260812.htm;https://www.sec.gov/Archives/edgar/data/807882/000080788226000090/ex991-q326earningsrelease.htm;https://www.sec.gov/Archives/edgar/data/807882/000080788226000091/jack-20260705.htm,NOT_RECORDED_PER_REQUEST,2026-10-05T16:08:01Z,2026-10-05,publication_drain_20261005T064921Z_43a1e040,RESOLVER_COVERAGE_GAP,RESULT_CONTEXT_ONLY_IN_EXHIBIT,P1,HIGH_LIKELY_COVERAGE_GAP,Primary Item 2.02 filing does not match canonical quarter; linked official results exhibit does. Production resolver reads primary document only.,"Implement focused future resolver recognition/event-context change with positive and negative fixtures; replay on copy only, preserve hierarchy and conflict handling.",EXHIBIT_QUARTER_CONTEXT
VIVS,2308,SEC_CIK:0001497253,"VivoSim Labs, INC.",2319,192787,0001497253,2027,Q1,82090,2026-06-30,2027-Q1,2026-06-30,2026-08-12,2026-08-12,UNRESOLVED,NOT_RECORDED,2026-10-05T06:50:33Z,NOT_RECORDED,1,2026-10-05T06:50:33Z,QUARTER_MATCH_FAILED,QUARTER_MATCH_FAILED,0,1,0,NOT_RECORDED,NOT_RECORDED,NOT_RECORDED,NOT_RECORDED,NULL,NONE_STORED;issuer_search_not_exhaustive,CANONICAL_ACCEPTED;authority_quarter_id_equal;forecast_links_NOT_AUDITED,UNIQUE_ACTIVE_CIK;no_blocker_proven,SHARADAR:fa51bffd1ba83b5ed4ca0253a217d4d87efb0dc26c1a805e37f3395ecd6b776f:SHARADAR_ARQ_PRIMARY_V1:HIGH,,"10-Q|2026-08-12T20:06:13.000Z|0001193125-26-346820|report=2026-06-30|items=;8-K|2026-08-06T12:05:23.000Z|0001193125-26-336844|report=2026-08-06|items=2.02,9.01",2,0,2,1,https://www.sec.gov/Archives/edgar/data/1497253/000119312526336844/vivs-20260806.htm#sha256=429c5750d4f2c6a7a1f8142737f333be2a36cd088e2047191a70cfdb68d4b97c;https://www.sec.gov/Archives/edgar/data/1497253/000119312526336844/vivs-ex99_1.htm#sha256=01e2283d6ab2c0131275a47973eea0ef4b4f75f4ac2901fae3b9cb1bcddd903f,https://www.sec.gov/Archives/edgar/data/1497253/000119312526336844/vivs-20260806.htm;https://www.sec.gov/Archives/edgar/data/1497253/000119312526336844/vivs-ex99_1.htm;https://www.sec.gov/Archives/edgar/data/1497253/000119312526346820/vivs-20260630.htm,NOT_RECORDED_PER_REQUEST,2026-10-05T16:08:01Z,2026-10-05,publication_drain_20261005T064921Z_43a1e040,RESOLVER_COVERAGE_GAP,RESULT_CONTEXT_ONLY_IN_EXHIBIT,P1,HIGH_LIKELY_COVERAGE_GAP,Primary Item 2.02 filing does not match canonical quarter; linked official results exhibit does. Production resolver reads primary document only.,"Implement focused future resolver recognition/event-context change with positive and negative fixtures; replay on copy only, preserve hierarchy and conflict handling.",EXHIBIT_QUARTER_CONTEXT
MASS,1372,SEC_CIK:0001555279,908 Devices Inc.,1380,632816,0001555279,2026,Q2,48844,2026-06-30,2026-Q2,2026-06-30,2026-08-11,2026-08-11,UNRESOLVED,NOT_RECORDED,2026-10-05T06:50:04Z,NOT_RECORDED,1,2026-10-05T06:50:04Z,QUARTER_MATCH_FAILED,QUARTER_MATCH_FAILED,0,1,0,NOT_RECORDED,NOT_RECORDED,NOT_RECORDED,NOT_RECORDED,NULL,NONE_STORED;issuer_search_not_exhaustive,CANONICAL_ACCEPTED;authority_quarter_id_equal;forecast_links_NOT_AUDITED,UNIQUE_ACTIVE_CIK;no_blocker_proven,SHARADAR:0e1c1f4152cb4371ca8c3962781d0fb20599feab3b914cf8ecde2ef3bea25a7b:SHARADAR_ARQ_PRIMARY_V1:HIGH,,"10-Q|2026-08-11T11:20:59.000Z|0001104659-26-093731|report=2026-06-30|items=;8-K|2026-08-11T11:05:25.000Z|0001104659-26-093717|report=2026-08-11|items=2.02,9.01",2,0,2,1,https://www.sec.gov/Archives/edgar/data/1555279/000110465926093717/mass-20260811x8k.htm#sha256=547c9f50e91b539644b9b17adbe69493dcd0f7d6d108058bcc8ad0bb2bacaf0f;https://www.sec.gov/Archives/edgar/data/1555279/000110465926093717/mass-20260811xex99d1.htm#sha256=6437b00afa19f538f2a8ff2064130302f9dc26905c28eae0393ff334508f5829,https://www.sec.gov/Archives/edgar/data/1555279/000110465926093717/mass-20260811x8k.htm;https://www.sec.gov/Archives/edgar/data/1555279/000110465926093717/mass-20260811xex99d1.htm;https://www.sec.gov/Archives/edgar/data/1555279/000110465926093731/mass-20260630x10q.htm,NOT_RECORDED_PER_REQUEST,2026-10-05T16:08:01Z,2026-10-05,publication_drain_20261005T064921Z_43a1e040,RESOLVER_COVERAGE_GAP,RESULT_CONTEXT_ONLY_IN_EXHIBIT,P1,HIGH_LIKELY_COVERAGE_GAP,Primary Item 2.02 filing does not match canonical quarter; linked official results exhibit does. Production resolver reads primary document only.,"Implement focused future resolver recognition/event-context change with positive and negative fixtures; replay on copy only, preserve hierarchy and conflict handling.",EXHIBIT_QUARTER_CONTEXT
ESE,794,SEC_CIK:0000866706,ESCO TECHNOLOGIES INC,795,197999,0000866706,2026,Q3,28092,2026-06-30,2026-Q3,2026-06-30,2026-08-10,2026-08-10,UNRESOLVED,NOT_RECORDED,2026-10-05T06:49:51Z,NOT_RECORDED,1,2026-10-05T06:49:51Z,QUARTER_MATCH_FAILED,QUARTER_MATCH_FAILED,0,1,0,NOT_RECORDED,NOT_RECORDED,NOT_RECORDED,NOT_RECORDED,NULL,NONE_STORED;issuer_search_not_exhaustive,CANONICAL_ACCEPTED;authority_quarter_id_equal;forecast_links_NOT_AUDITED,UNIQUE_ACTIVE_CIK;no_blocker_proven,SHARADAR:cdd804beffc62a3a3c90075458c59064334f4787c25eec8305165e857013ea0c:SHARADAR_ARQ_PRIMARY_V1:HIGH,,"10-Q|2026-08-10T17:56:04.000Z|0001104659-26-093266|report=2026-06-30|items=;8-K|2026-08-06T20:17:18.000Z|0001104659-26-092033|report=2026-08-06|items=2.02,7.01,9.01",2,0,2,1,https://www.sec.gov/Archives/edgar/data/866706/000110465926092033/tm2621646d1_8k.htm#sha256=1b0df05c1902a945a78bf8a0ee1655e75ca40a65cad8e715e86016f7d8caf05a;https://www.sec.gov/Archives/edgar/data/866706/000110465926092033/tm2621646d1_ex99-1.htm#sha256=25a9bdbb5536a834257d5b0253b6f6508a30e419db6e1f0da62342e485a3bfea,https://www.sec.gov/Archives/edgar/data/866706/000110465926092033/tm2621646d1_8k.htm;https://www.sec.gov/Archives/edgar/data/866706/000110465926092033/tm2621646d1_ex99-1.htm;https://www.sec.gov/Archives/edgar/data/866706/000110465926093266/ese-20260630x10q.htm,NOT_RECORDED_PER_REQUEST,2026-10-05T16:08:01Z,2026-10-05,publication_drain_20261005T064921Z_43a1e040,RESOLVER_COVERAGE_GAP,RESULT_CONTEXT_ONLY_IN_EXHIBIT,P1,HIGH_LIKELY_COVERAGE_GAP,Primary Item 2.02 filing does not match canonical quarter; linked official results exhibit does. Production resolver reads primary document only.,"Implement focused future resolver recognition/event-context change with positive and negative fixtures; replay on copy only, preserve hierarchy and conflict handling.",EXHIBIT_QUARTER_CONTEXT
MPAA,1457,SEC_CIK:0000918251,MOTORCAR PARTS OF AMERICA INC,1466,197494,0000918251,2027,Q1,51924,2026-06-30,2027-Q1,2026-06-30,2026-08-10,2026-08-10,UNRESOLVED,NOT_RECORDED,2026-10-05T06:50:07Z,NOT_RECORDED,1,2026-10-05T06:50:07Z,QUARTER_MATCH_FAILED,QUARTER_MATCH_FAILED,0,1,0,NOT_RECORDED,NOT_RECORDED,NOT_RECORDED,NOT_RECORDED,NULL,NONE_STORED;issuer_search_not_exhaustive,CANONICAL_ACCEPTED;authority_quarter_id_equal;forecast_links_NOT_AUDITED,UNIQUE_ACTIVE_CIK;no_blocker_proven,SHARADAR:a620853d47c99b3709532de0040ce2270ca714a56283bf26acec0d06a7608c78:SHARADAR_ARQ_PRIMARY_V1:HIGH,,"10-Q|2026-08-10T20:01:15.000Z|0001140361-26-032013|report=2026-06-30|items=;8-K|2026-08-10T11:58:29.000Z|0001140361-26-031937|report=2026-08-10|items=2.02,9.01",2,0,2,1,https://www.sec.gov/Archives/edgar/data/918251/000114036126031937/ef20079233_8k.htm#sha256=b273850af35821496c16be5f872da36efc04c4b59e73bf350a3b3b8a3bbceeb7;https://www.sec.gov/Archives/edgar/data/918251/000114036126031937/ef20079233_ex99-1.htm#sha256=eec18e81218b2ac0800147ed2132460f8eb36239c2f22087f4297b0beba324cd,https://www.sec.gov/Archives/edgar/data/918251/000114036126031937/ef20079233_8k.htm;https://www.sec.gov/Archives/edgar/data/918251/000114036126031937/ef20079233_ex99-1.htm;https://www.sec.gov/Archives/edgar/data/918251/000114036126032013/ef20076089_10q.htm,NOT_RECORDED_PER_REQUEST,2026-10-05T16:08:01Z,2026-10-05,publication_drain_20261005T064921Z_43a1e040,RESOLVER_COVERAGE_GAP,RESULT_CONTEXT_ONLY_IN_EXHIBIT,P1,HIGH_LIKELY_COVERAGE_GAP,Primary Item 2.02 filing does not match canonical quarter; linked official results exhibit does. Production resolver reads primary document only.,"Implement focused future resolver recognition/event-context change with positive and negative fixtures; replay on copy only, preserve hierarchy and conflict handling.",EXHIBIT_QUARTER_CONTEXT
PAA,1679,SEC_CIK:0001070423,PLAINS ALL AMERICAN PIPELINE LP,1689,196495,0001070423,2026,Q2,59826,2026-06-30,2026-Q2,2026-06-30,2026-08-10,2026-08-10,UNRESOLVED,NOT_RECORDED,2026-10-05T06:50:15Z,NOT_RECORDED,1,2026-10-05T06:50:15Z,QUARTER_MATCH_FAILED,QUARTER_MATCH_FAILED,0,1,0,NOT_RECORDED,NOT_RECORDED,NOT_RECORDED,NOT_RECORDED,NULL,NONE_STORED;issuer_search_not_exhaustive,CANONICAL_ACCEPTED;authority_quarter_id_equal;forecast_links_NOT_AUDITED,UNIQUE_ACTIVE_CIK;no_blocker_proven,SHARADAR:cc7164e7c84f70453194a6ebf51a51a81e2ba56656e6db75eda23bc581fe6b85:SHARADAR_ARQ_PRIMARY_V1:HIGH,,"8-K|2026-09-08T22:16:05.000Z|0001104659-26-105984|report=2026-09-08|items=2.02,8.01,9.01;10-Q|2026-08-07T21:57:06.000Z|0001070423-26-000031|report=2026-06-30|items=",2,0,2,0,https://www.sec.gov/Archives/edgar/data/1070423/000110465926105984/tm2624813d1_8k.htm#sha256=a5da94227a823b3fb16f10f6c98a3aa1f9726f7e6304efc42a8b537b76a0b442;https://www.sec.gov/Archives/edgar/data/1070423/000110465926105984/tm2624813d1_ex99-1.htm#sha256=8e3215acd9df1a52c61143320da78b1d888d7007fa00ab800878845daa9759dc,https://www.sec.gov/Archives/edgar/data/1070423/000110465926105984/tm2624813d1_8k.htm;https://www.sec.gov/Archives/edgar/data/1070423/000110465926105984/tm2624813d1_ex99-1.htm;https://www.sec.gov/Archives/edgar/data/1070423/000107042326000031/paa-20260630.htm,NOT_RECORDED_PER_REQUEST,2026-10-05T16:08:01Z,2026-10-05,publication_drain_20261005T064921Z_43a1e040,INSUFFICIENT_EVIDENCE,PRO_FORMA_NOT_ACTUAL_RESULTS,P2,LIMITED,Plausible Item 2.02 and linked pro forma financial information do not establish actual quarterly earnings publication; canonical identity is accepted but issuer release remains unverified.,Target official issuer release and relevant SEC document/exhibit before deciding coverage gap or evidenced absence; do not blindly retry.,UNRESOLVED_NON_RESULT_CONTEXT
PAGP,1684,SEC_CIK:0001581990,PLAINS GP HOLDINGS LP,1694,191374,0001581990,2026,Q2,59993,2026-06-30,2026-Q2,2026-06-30,2026-08-10,2026-08-10,UNRESOLVED,NOT_RECORDED,2026-10-05T06:50:17Z,NOT_RECORDED,1,2026-10-05T06:50:17Z,QUARTER_MATCH_FAILED,QUARTER_MATCH_FAILED,0,1,0,NOT_RECORDED,NOT_RECORDED,NOT_RECORDED,NOT_RECORDED,NULL,NONE_STORED;issuer_search_not_exhaustive,CANONICAL_ACCEPTED;authority_quarter_id_equal;forecast_links_NOT_AUDITED,UNIQUE_ACTIVE_CIK;no_blocker_proven,SHARADAR:5db0799fdca56531030f7b8155a1aacfbe98367e763c359c2cb54fe931210b29:SHARADAR_ARQ_PRIMARY_V1:HIGH,,"8-K|2026-09-14T21:08:25.000Z|0001104659-26-107550|report=2026-09-09|items=1.01,2.02,2.03,8.01,9.01;10-Q|2026-08-07T21:59:03.000Z|0001581990-26-000025|report=2026-06-30|items=",2,0,2,0,https://www.sec.gov/Archives/edgar/data/1581990/000110465926107550/tm2625147d1_8k.htm#sha256=8a637863320a31d984e641ea9c49a0514cd60b73847b7348fac6587d36364f73;https://www.sec.gov/Archives/edgar/data/1581990/000110465926107550/tm2625147d1_ex99-1.htm#sha256=91c418c9b5c5c6aeab96d89f84162d99e8ffe32a46636f93960a1283a53ad23c,https://www.sec.gov/Archives/edgar/data/1581990/000110465926107550/tm2625147d1_8k.htm;https://www.sec.gov/Archives/edgar/data/1581990/000110465926107550/tm2625147d1_ex99-1.htm;https://www.sec.gov/Archives/edgar/data/1581990/000158199026000025/pagp-20260630.htm,NOT_RECORDED_PER_REQUEST,2026-10-05T16:08:01Z,2026-10-05,publication_drain_20261005T064921Z_43a1e040,INSUFFICIENT_EVIDENCE,PRO_FORMA_NOT_ACTUAL_RESULTS,P2,LIMITED,Plausible Item 2.02 and linked pro forma financial information do not establish actual quarterly earnings publication; canonical identity is accepted but issuer release remains unverified.,Target official issuer release and relevant SEC document/exhibit before deciding coverage gap or evidenced absence; do not blindly retry.,UNRESOLVED_NON_RESULT_CONTEXT
TCMD,2135,SEC_CIK:0001027838,TACTILE SYSTEMS TECHNOLOGY INC,2145,124363,0001027838,2026,Q2,75882,2026-06-30,2026-Q2,2026-06-30,2026-08-10,2026-08-10,UNRESOLVED,NOT_RECORDED,2026-10-05T06:50:30Z,NOT_RECORDED,1,2026-10-05T06:50:30Z,QUARTER_MATCH_FAILED,QUARTER_MATCH_FAILED,0,1,0,NOT_RECORDED,NOT_RECORDED,NOT_RECORDED,NOT_RECORDED,NULL,NONE_STORED;issuer_search_not_exhaustive,CANONICAL_ACCEPTED;authority_quarter_id_equal;forecast_links_NOT_AUDITED,UNIQUE_ACTIVE_CIK;no_blocker_proven,SHARADAR:640ba71175030a5f9ea1c26fbf5f0b934e46fc43842bc39b3b988041ee44f36a:SHARADAR_ARQ_PRIMARY_V1:HIGH,,"10-Q|2026-08-10T20:06:29.000Z|0001104659-26-093352|report=2026-06-30|items=;8-K|2026-08-10T20:04:20.000Z|0001104659-26-093346|report=2026-08-10|items=2.02,9.01",2,0,2,1,https://www.sec.gov/Archives/edgar/data/1027838/000110465926093346/tcmd-20260810x8k.htm#sha256=175a7a217d3b6ebbded4ef7dc978f2064c365714e1a3c60f70b436a93f78a3c1;https://www.sec.gov/Archives/edgar/data/1027838/000110465926093346/tcmd-20260810xex99d1.htm#sha256=03d6c971ae8f391e6c84a6495b583b990f66b37e357e6cec8ca1025f725186d6,https://www.sec.gov/Archives/edgar/data/1027838/000110465926093346/tcmd-20260810x8k.htm;https://www.sec.gov/Archives/edgar/data/1027838/000110465926093346/tcmd-20260810xex99d1.htm;https://www.sec.gov/Archives/edgar/data/1027838/000110465926093352/tcmd-20260630x10q.htm,NOT_RECORDED_PER_REQUEST,2026-10-05T16:08:01Z,2026-10-05,publication_drain_20261005T064921Z_43a1e040,RESOLVER_COVERAGE_GAP,RESULT_CONTEXT_ONLY_IN_EXHIBIT,P1,HIGH_LIKELY_COVERAGE_GAP,Primary Item 2.02 filing does not match canonical quarter; linked official results exhibit does. Production resolver reads primary document only.,"Implement focused future resolver recognition/event-context change with positive and negative fixtures; replay on copy only, preserve hierarchy and conflict handling.",EXHIBIT_QUARTER_CONTEXT
CCSI,425,SEC_CIK:0001866633,"Consensus Cloud Solutions, Inc.",425,636398,0001866633,2026,Q2,14906,2026-06-30,2026-Q2,2026-06-30,2026-08-07,2026-08-07,UNRESOLVED,NOT_RECORDED,2026-10-05T06:49:39Z,NOT_RECORDED,1,2026-10-05T06:49:39Z,QUARTER_MATCH_FAILED,QUARTER_MATCH_FAILED,0,1,0,NOT_RECORDED,NOT_RECORDED,NOT_RECORDED,NOT_RECORDED,NULL,NONE_STORED;issuer_search_not_exhaustive,CANONICAL_ACCEPTED;authority_quarter_id_equal;forecast_links_NOT_AUDITED,UNIQUE_ACTIVE_CIK;no_blocker_proven,SHARADAR:743021f68275339e3bd906d231954199599246a8e4027d4d8de0713b85f79a1b:SHARADAR_ARQ_PRIMARY_V1:HIGH,,10-Q|2026-08-06T22:01:34.000Z|0001866633-26-000017|report=2026-06-30|items=;8-K|2026-08-06T20:00:23.000Z|0001866633-26-000015|report=2026-08-06|items=2.02,2,0,2,1,https://www.sec.gov/Archives/edgar/data/1866633/000186663326000015/ccs-20260806.htm#sha256=0cb47f29d40412ab7e030ca922847eba3a33e54dd1b35dc09fef96e6ae7e828e;https://www.sec.gov/Archives/edgar/data/1866633/000186663326000015/pressreleaseq22026.htm#sha256=c464aac44bababa12642079c1e37c19dc2f66501e75338056fecc00fd7ac4dc0,https://www.sec.gov/Archives/edgar/data/1866633/000186663326000015/ccs-20260806.htm;https://www.sec.gov/Archives/edgar/data/1866633/000186663326000015/pressreleaseq22026.htm;https://www.sec.gov/Archives/edgar/data/1866633/000186663326000017/ccs-20260630.htm,NOT_RECORDED_PER_REQUEST,2026-10-05T16:08:01Z,2026-10-05,publication_drain_20261005T064921Z_43a1e040,RESOLVER_COVERAGE_GAP,RESULT_CONTEXT_ONLY_IN_EXHIBIT,P1,HIGH_LIKELY_COVERAGE_GAP,Primary Item 2.02 filing does not match canonical quarter; linked official results exhibit does. Production resolver reads primary document only.,"Implement focused future resolver recognition/event-context change with positive and negative fixtures; replay on copy only, preserve hierarchy and conflict handling.",EXHIBIT_QUARTER_CONTEXT
RRR,1923,SEC_CIK:0001653653,"Red Rock Resorts, Inc.",1933,124781,0001653653,2026,Q2,68555,2026-06-30,2026-Q2,2026-06-30,2026-08-07,2026-08-07,UNRESOLVED,NOT_RECORDED,2026-10-05T06:50:22Z,NOT_RECORDED,1,2026-10-05T06:50:22Z,QUARTER_MATCH_FAILED,QUARTER_MATCH_FAILED,0,1,0,NOT_RECORDED,NOT_RECORDED,NOT_RECORDED,NOT_RECORDED,NULL,NONE_STORED;issuer_search_not_exhaustive,CANONICAL_ACCEPTED;authority_quarter_id_equal;forecast_links_NOT_AUDITED,UNIQUE_ACTIVE_CIK;no_blocker_proven,SHARADAR:a635f7fd6115775e768a2d292ab04223fad89957eb12aebc9e0a314e912406fe:SHARADAR_ARQ_PRIMARY_V1:HIGH,,"10-Q|2026-08-07T00:25:55.000Z|0001653653-26-000013|report=2026-06-30|items=;8-K|2026-08-04T20:01:06.000Z|0001193125-26-332721|report=2026-08-04|items=2.02,9.01",2,0,2,1,https://www.sec.gov/Archives/edgar/data/1653653/000119312526332721/d173277d8k.htm#sha256=4df4b053ed643e9ff12e05d07c38b014814536e5e2a5b39e32fed15af1221a04;https://www.sec.gov/Archives/edgar/data/1653653/000119312526332721/d173277dex991.htm#sha256=2b8b04e6bc26097b956ca5724a1be3cc51d814100052eb79aa2c35e34ad2308a,https://www.sec.gov/Archives/edgar/data/1653653/000119312526332721/d173277d8k.htm;https://www.sec.gov/Archives/edgar/data/1653653/000119312526332721/d173277dex991.htm;https://www.sec.gov/Archives/edgar/data/1653653/000165365326000013/rrr-20260630.htm,NOT_RECORDED_PER_REQUEST,2026-10-05T16:08:01Z,2026-10-05,publication_drain_20261005T064921Z_43a1e040,RESOLVER_COVERAGE_GAP,RESULT_CONTEXT_ONLY_IN_EXHIBIT,P1,HIGH_LIKELY_COVERAGE_GAP,Primary Item 2.02 filing does not match canonical quarter; linked official results exhibit does. Production resolver reads primary document only.,"Implement focused future resolver recognition/event-context change with positive and negative fixtures; replay on copy only, preserve hierarchy and conflict handling.",EXHIBIT_QUARTER_CONTEXT
UHS,2253,SEC_CIK:0000352915,UNIVERSAL HEALTH SERVICES INC,2264,199021,0000352915,2026,Q2,80109,2026-06-30,2026-Q2,2026-06-30,2026-08-07,2026-08-07,UNRESOLVED,NOT_RECORDED,2026-10-05T06:50:32Z,NOT_RECORDED,1,2026-10-05T06:50:32Z,QUARTER_MATCH_FAILED,QUARTER_MATCH_FAILED,0,1,0,NOT_RECORDED,NOT_RECORDED,NOT_RECORDED,NOT_RECORDED,NULL,NONE_STORED;issuer_search_not_exhaustive,CANONICAL_ACCEPTED;authority_quarter_id_equal;forecast_links_NOT_AUDITED,UNIQUE_ACTIVE_CIK;no_blocker_proven,SHARADAR:af9339b6e6932b256c7979efcc22cf53dbb928d6ae9e30bdba617ecd1bd36238:SHARADAR_ARQ_PRIMARY_V1:HIGH,,"10-Q|2026-08-07T20:15:51.000Z|0001193125-26-340278|report=2026-06-30|items=;8-K|2026-07-28T12:19:44.000Z|0001193125-26-318940|report=2026-07-27|items=2.02,9.01",2,0,2,1,https://www.sec.gov/Archives/edgar/data/352915/000119312526318940/uhs-20260727.htm#sha256=c1d87351919100bdc1ac9c1403c9bf0fc16820a57e09f9cb0236de10982018e8;https://www.sec.gov/Archives/edgar/data/352915/000119312526318940/uhs-ex99_1.htm#sha256=e2b23f6f1585f297f6221616b38c6f91cf0ae022c60ebac464d9c4bffe2ee4e5,https://www.sec.gov/Archives/edgar/data/352915/000119312526318940/uhs-20260727.htm;https://www.sec.gov/Archives/edgar/data/352915/000119312526318940/uhs-ex99_1.htm;https://www.sec.gov/Archives/edgar/data/352915/000119312526340278/uhs-20260630.htm,NOT_RECORDED_PER_REQUEST,2026-10-05T16:08:01Z,2026-10-05,publication_drain_20261005T064921Z_43a1e040,RESOLVER_COVERAGE_GAP,RESULT_CONTEXT_ONLY_IN_EXHIBIT,P1,HIGH_LIKELY_COVERAGE_GAP,Primary Item 2.02 filing does not match canonical quarter; linked official results exhibit does. Production resolver reads primary document only.,"Implement focused future resolver recognition/event-context change with positive and negative fixtures; replay on copy only, preserve hierarchy and conflict handling.",EXHIBIT_QUARTER_CONTEXT
ALGS,103,SEC_CIK:0001799448,"Aligos Therapeutics, Inc.",103,632401,0001799448,2026,Q2,3681,2026-06-30,2026-Q2,2026-06-30,2026-08-06,2026-08-06,UNRESOLVED,NOT_RECORDED,2026-10-05T06:49:27Z,NOT_RECORDED,1,2026-10-05T06:49:27Z,QUARTER_MATCH_FAILED,QUARTER_MATCH_FAILED,0,1,0,NOT_RECORDED,NOT_RECORDED,NOT_RECORDED,NOT_RECORDED,NULL,NONE_STORED;issuer_search_not_exhaustive,CANONICAL_ACCEPTED;authority_quarter_id_equal;forecast_links_NOT_AUDITED,UNIQUE_ACTIVE_CIK;no_blocker_proven,SHARADAR:b8b79a5441fe4c2cec9fde9a3613318819b69a3d9164ea3c828c4a13146413bd:SHARADAR_ARQ_PRIMARY_V1:HIGH,,"10-Q|2026-08-06T12:07:27.000Z|0001193125-26-336851|report=2026-06-30|items=;8-K|2026-08-06T12:00:37.000Z|0001171843-26-005294|report=2026-08-06|items=2.02,9.01",2,0,2,1,https://www.sec.gov/Archives/edgar/data/1799448/000117184326005294/f8k_080526.htm#sha256=4a371b9af2473e0fb3d89a1b323f95cdd0f8eff58d271674d8baf7e1fd255bdb;https://www.sec.gov/Archives/edgar/data/1799448/000117184326005294/exh_991.htm#sha256=2929d0b5624e3d08eb1a5319127637970491763ed274be0f9f1847f356141fc2,https://www.sec.gov/Archives/edgar/data/1799448/000117184326005294/f8k_080526.htm;https://www.sec.gov/Archives/edgar/data/1799448/000117184326005294/exh_991.htm;https://www.sec.gov/Archives/edgar/data/1799448/000119312526336851/algs-20260630.htm,NOT_RECORDED_PER_REQUEST,2026-10-05T16:08:01Z,2026-10-05,publication_drain_20261005T064921Z_43a1e040,RESOLVER_COVERAGE_GAP,RESULT_CONTEXT_ONLY_IN_EXHIBIT,P1,HIGH_LIKELY_COVERAGE_GAP,Primary Item 2.02 filing does not match canonical quarter; linked official results exhibit does. Production resolver reads primary document only.,"Implement focused future resolver recognition/event-context change with positive and negative fixtures; replay on copy only, preserve hierarchy and conflict handling.",EXHIBIT_QUARTER_CONTEXT
CCLD,421,SEC_CIK:0001582982,"CareCloud, Inc.",421,187459,0001582982,2026,Q2,14761,2026-06-30,2026-Q2,2026-06-30,2026-08-06,2026-08-06,UNRESOLVED,NOT_RECORDED,2026-10-05T06:49:39Z,NOT_RECORDED,1,2026-10-05T06:49:39Z,QUARTER_MATCH_FAILED,QUARTER_MATCH_FAILED,0,1,0,NOT_RECORDED,NOT_RECORDED,NOT_RECORDED,NOT_RECORDED,NULL,NONE_STORED;issuer_search_not_exhaustive,CANONICAL_ACCEPTED;authority_quarter_id_equal;forecast_links_NOT_AUDITED,UNIQUE_ACTIVE_CIK;no_blocker_proven,SHARADAR:e9fdb04e6efbb58240036c343790ab52dbd59a68e9d0298f22a2fa354e812e41:SHARADAR_ARQ_PRIMARY_V1:HIGH,,"10-Q|2026-08-06T20:30:55.000Z|0001493152-26-036363|report=2026-06-30|items=;8-K|2026-08-06T11:10:26.000Z|0001493152-26-036255|report=2026-08-06|items=2.02,7.01,9.01",2,0,3,1,https://www.sec.gov/Archives/edgar/data/1582982/000149315226036255/form8-k.htm#sha256=d2cb5ea10a193340682a4fa1d386d41e3d1d62330a6c6f3585b430696101ec42;https://www.sec.gov/Archives/edgar/data/1582982/000149315226036255/ex99-1.htm#sha256=7d59ad01abbbeba6a9b5a7c924ec6b89bda37ee9aedc586fc1e5a5c33d607cc8;https://www.sec.gov/Archives/edgar/data/1582982/000149315226036255/ex99-2.htm#sha256=639373b045dddccdc31ac46c1beaae51e100e44aabad04ef894af2d38166c16f,https://www.sec.gov/Archives/edgar/data/1582982/000149315226036255/form8-k.htm;https://www.sec.gov/Archives/edgar/data/1582982/000149315226036255/ex99-1.htm;https://www.sec.gov/Archives/edgar/data/1582982/000149315226036255/ex99-2.htm;https://www.sec.gov/Archives/edgar/data/1582982/000149315226036363/form10-q.htm,NOT_RECORDED_PER_REQUEST,2026-10-05T16:08:01Z,2026-10-05,publication_drain_20261005T064921Z_43a1e040,RESOLVER_COVERAGE_GAP,RESULT_CONTEXT_ONLY_IN_EXHIBIT,P1,HIGH_LIKELY_COVERAGE_GAP,Primary Item 2.02 filing does not match canonical quarter; linked official results exhibit does. Production resolver reads primary document only.,"Implement focused future resolver recognition/event-context change with positive and negative fixtures; replay on copy only, preserve hierarchy and conflict handling.",EXHIBIT_QUARTER_CONTEXT
CMP,499,SEC_CIK:0001227654,COMPASS MINERALS INTERNATIONAL INC,500,195414,0001227654,2026,Q3,17618,2026-06-30,2026-Q3,2026-06-30,2026-08-06,2026-08-06,UNRESOLVED,NOT_RECORDED,2026-10-05T06:49:41Z,NOT_RECORDED,1,2026-10-05T06:49:41Z,QUARTER_MATCH_FAILED,QUARTER_MATCH_FAILED,0,1,0,NOT_RECORDED,NOT_RECORDED,NOT_RECORDED,NOT_RECORDED,NULL,NONE_STORED;issuer_search_not_exhaustive,CANONICAL_ACCEPTED;authority_quarter_id_equal;forecast_links_NOT_AUDITED,UNIQUE_ACTIVE_CIK;no_blocker_proven,SHARADAR:f1d72792c4d1f2f8ca7054f81ca111465b314f631a931fc9ca5d485627ab4176:SHARADAR_ARQ_PRIMARY_V1:HIGH,,"10-Q|2026-08-06T21:09:13.000Z|0001227654-26-000054|report=2026-06-30|items=;8-K|2026-08-05T21:17:51.000Z|0001227654-26-000050|report=2026-08-05|items=2.02,9.01",2,0,2,1,https://www.sec.gov/Archives/edgar/data/1227654/000122765426000050/cmp-20260805.htm#sha256=f65e8daa73efcae2f5068ed24e630a3795f0d942377a6eb64488a2853d828069;https://www.sec.gov/Archives/edgar/data/1227654/000122765426000050/cmp-q32026earningsreleasee.htm#sha256=8a21b87a6dbd8da5744aa2ce85311a035d395469c8db29345d04745197176c0d,https://www.sec.gov/Archives/edgar/data/1227654/000122765426000050/cmp-20260805.htm;https://www.sec.gov/Archives/edgar/data/1227654/000122765426000050/cmp-q32026earningsreleasee.htm;https://www.sec.gov/Archives/edgar/data/1227654/000122765426000054/cmp-20260630.htm,NOT_RECORDED_PER_REQUEST,2026-10-05T16:08:01Z,2026-10-05,publication_drain_20261005T064921Z_43a1e040,RESOLVER_COVERAGE_GAP,RESULT_CONTEXT_ONLY_IN_EXHIBIT,P1,HIGH_LIKELY_COVERAGE_GAP,Primary Item 2.02 filing does not match canonical quarter; linked official results exhibit does. Production resolver reads primary document only.,"Implement focused future resolver recognition/event-context change with positive and negative fixtures; replay on copy only, preserve hierarchy and conflict handling.",EXHIBIT_QUARTER_CONTEXT
CNR,515,SEC_CIK:0001710366,"Core Natural Resources, Inc.",516,121361,0001710366,2026,Q2,18181,2026-06-30,2026-Q2,2026-06-30,2026-08-06,2026-08-06,UNRESOLVED,NOT_RECORDED,2026-10-05T06:49:42Z,NOT_RECORDED,1,2026-10-05T06:49:42Z,QUARTER_MATCH_FAILED,QUARTER_MATCH_FAILED,0,1,0,NOT_RECORDED,NOT_RECORDED,NOT_RECORDED,NOT_RECORDED,NULL,NONE_STORED;issuer_search_not_exhaustive,CANONICAL_ACCEPTED;authority_quarter_id_equal;forecast_links_NOT_AUDITED,UNIQUE_ACTIVE_CIK;no_blocker_proven,SHARADAR:634c1d147cdc849c4f762682041a12d5982d43ecb9de34ed63b1015458b53cb7:SHARADAR_ARQ_PRIMARY_V1:HIGH,,"10-Q|2026-08-06T11:07:44.000Z|0001710366-26-000054|report=2026-06-30|items=;8-K|2026-08-06T11:06:05.000Z|0001710366-26-000053|report=2026-08-06|items=2.02,7.01,9.01",2,0,2,1,https://www.sec.gov/Archives/edgar/data/1710366/000171036626000053/cnr-20260806.htm#sha256=42e15cc852277fbfe0abaf0f739948533dd91a03c14fc4497f3915cdd59c1b58;https://www.sec.gov/Archives/edgar/data/1710366/000171036626000053/cnrq22026er-exhibit991.htm#sha256=27def50fce334b7b500a05120d3a192502b1b913bb9488c7ba370766d288341b,https://www.sec.gov/Archives/edgar/data/1710366/000171036626000053/cnr-20260806.htm;https://www.sec.gov/Archives/edgar/data/1710366/000171036626000053/cnrq22026er-exhibit991.htm;https://www.sec.gov/Archives/edgar/data/1710366/000171036626000054/cnr-20260630.htm,NOT_RECORDED_PER_REQUEST,2026-10-05T16:08:01Z,2026-10-05,publication_drain_20261005T064921Z_43a1e040,RESOLVER_COVERAGE_GAP,RESULT_CONTEXT_ONLY_IN_EXHIBIT,P1,HIGH_LIKELY_COVERAGE_GAP,Primary Item 2.02 filing does not match canonical quarter; linked official results exhibit does. Production resolver reads primary document only.,"Implement focused future resolver recognition/event-context change with positive and negative fixtures; replay on copy only, preserve hierarchy and conflict handling.",EXHIBIT_QUARTER_CONTEXT
DCO,648,SEC_CIK:0000030305,DUCOMMUN INC /DE/,649,199772,0000030305,2026,Q2,22899,2026-07-04,2026-Q2,2026-07-04,2026-08-06,2026-08-06,UNRESOLVED,NOT_RECORDED,2026-10-05T06:49:46Z,NOT_RECORDED,1,2026-10-05T06:49:46Z,QUARTER_MATCH_FAILED,QUARTER_MATCH_FAILED,0,1,0,NOT_RECORDED,NOT_RECORDED,NOT_RECORDED,NOT_RECORDED,NULL,NONE_STORED;issuer_search_not_exhaustive,CANONICAL_ACCEPTED;authority_quarter_id_equal;forecast_links_NOT_AUDITED,UNIQUE_ACTIVE_CIK;no_blocker_proven,SHARADAR:e6e2c0ff42d79597819f124b07e59e3dab4753f4f818f79e2baac372ab526b0d:SHARADAR_ARQ_PRIMARY_V1:HIGH,,"10-Q|2026-08-06T10:11:30.000Z|0001628280-26-053776|report=2026-07-04|items=;8-K|2026-08-06T10:10:08.000Z|0001628280-26-053775|report=2026-08-06|items=2.02,9.01",2,0,2,1,https://www.sec.gov/Archives/edgar/data/30305/000162828026053775/dco-20260806.htm#sha256=755e772c9144e0515b90288f1b74c1b83a8acee5685491fb3825f7cd4eabd7f5;https://www.sec.gov/Archives/edgar/data/30305/000162828026053775/dcoex99_1q22026earningsrel.htm#sha256=d351c09066ac653d630ac707cf191d23c22b81b2819a458867432aa92441bdc9,https://www.sec.gov/Archives/edgar/data/30305/000162828026053775/dco-20260806.htm;https://www.sec.gov/Archives/edgar/data/30305/000162828026053775/dcoex99_1q22026earningsrel.htm;https://www.sec.gov/Archives/edgar/data/30305/000162828026053776/dco-20260704.htm,NOT_RECORDED_PER_REQUEST,2026-10-05T16:08:01Z,2026-10-05,publication_drain_20261005T064921Z_43a1e040,RESOLVER_COVERAGE_GAP,RESULT_CONTEXT_ONLY_IN_EXHIBIT,P1,HIGH_LIKELY_COVERAGE_GAP,Primary Item 2.02 filing does not match canonical quarter; linked official results exhibit does. Production resolver reads primary document only.,"Implement focused future resolver recognition/event-context change with positive and negative fixtures; replay on copy only, preserve hierarchy and conflict handling.",EXHIBIT_QUARTER_CONTEXT
FCX,844,SEC_CIK:0000831259,FREEPORT-MCMORAN INC,845,198214,0000831259,2026,Q2,29931,2026-06-30,2026-Q2,2026-06-30,2026-08-06,2026-08-06,UNRESOLVED,NOT_RECORDED,2026-10-05T06:49:52Z,NOT_RECORDED,1,2026-10-05T06:49:52Z,QUARTER_MATCH_FAILED,QUARTER_MATCH_FAILED,0,2,0,NOT_RECORDED,NOT_RECORDED,NOT_RECORDED,NOT_RECORDED,NULL,NONE_STORED;issuer_search_not_exhaustive,CANONICAL_ACCEPTED;authority_quarter_id_equal;forecast_links_NOT_AUDITED,UNIQUE_ACTIVE_CIK;no_blocker_proven,SHARADAR:295ecb0aa6a10555cdabea8c02c907f580018d93484a0995610858cacd2a08eb:SHARADAR_ARQ_PRIMARY_V1:HIGH,,"8-K|2026-10-02T12:35:06.000Z|0000831259-26-000043|report=2026-10-02|items=2.02,7.01,9.01;10-Q|2026-08-06T21:17:11.000Z|0000831259-26-000036|report=2026-06-30|items=;8-K|2026-07-23T12:06:44.000Z|0000831259-26-000033|report=2026-07-23|items=2.02,7.01,9.01",3,0,3,1,https://www.sec.gov/Archives/edgar/data/831259/000083125926000043/fcx-20261002.htm#sha256=f9e4390dc69f0ff776c245199bf0a12a9037ce610532c870d219ba4dbd61634d;https://www.sec.gov/Archives/edgar/data/831259/000083125926000033/fcx-20260723.htm#sha256=a62fa3cd2551c4db3f6339dbacc0faad00e7704005b3abcc6c25061d517234c9;https://www.sec.gov/Archives/edgar/data/831259/000083125926000033/a2q2026exhibit991.htm#sha256=605b47419669f66e6453ff139bc0d5fe43b53083cdf8829c3239c32b64e4058a,https://www.sec.gov/Archives/edgar/data/831259/000083125926000043/fcx-20261002.htm;https://www.sec.gov/Archives/edgar/data/831259/000083125926000033/fcx-20260723.htm;https://www.sec.gov/Archives/edgar/data/831259/000083125926000033/a2q2026exhibit991.htm;https://www.sec.gov/Archives/edgar/data/831259/000083125926000036/fcx-20260630.htm,NOT_RECORDED_PER_REQUEST,2026-10-05T16:08:01Z,2026-10-05,publication_drain_20261005T064921Z_43a1e040,RESOLVER_COVERAGE_GAP,RESULT_CONTEXT_ONLY_IN_EXHIBIT,P1,HIGH_LIKELY_COVERAGE_GAP,Primary Item 2.02 filing does not match canonical quarter; linked official results exhibit does. Production resolver reads primary document only.,"Implement focused future resolver recognition/event-context change with positive and negative fixtures; replay on copy only, preserve hierarchy and conflict handling.",EXHIBIT_QUARTER_CONTEXT
FUN,911,SEC_CIK:0001999001,Six Flags Entertainment Corporation/NEW,913,198363,0001999001,2026,Q2,32300,2026-06-28,2026-Q2,2026-06-28,2026-08-06,2026-08-06,UNRESOLVED,NOT_RECORDED,2026-10-05T06:49:53Z,NOT_RECORDED,1,2026-10-05T06:49:53Z,QUARTER_MATCH_FAILED,QUARTER_MATCH_FAILED,0,1,0,NOT_RECORDED,NOT_RECORDED,NOT_RECORDED,NOT_RECORDED,NULL,NONE_STORED;issuer_search_not_exhaustive,CANONICAL_ACCEPTED;authority_quarter_id_equal;forecast_links_NOT_AUDITED,UNIQUE_ACTIVE_CIK;no_blocker_proven,SHARADAR:2f4eac85c9610bf20c13c16d09414d815c62319e3d43dba94ee0322f440d7616:SHARADAR_ARQ_PRIMARY_V1:HIGH,,"10-Q|2026-08-06T17:22:23.000Z|0001999001-26-000096|report=2026-06-28|items=;8-K|2026-08-06T11:25:45.000Z|0001999001-26-000094|report=2026-08-06|items=2.02,9.01",2,0,2,1,https://www.sec.gov/Archives/edgar/data/1999001/000199900126000094/fun-20260806.htm#sha256=52dbe2d1fe18116764416065b21c5f33bcbd7fbf61e68f613554ee1ab6713bd1;https://www.sec.gov/Archives/edgar/data/1999001/000199900126000094/sixflags-exh991xq22026.htm#sha256=c2a1a758d3a17f7054e882bb401c134266de4b7b06ac9a743ebd57f94867a0b0,https://www.sec.gov/Archives/edgar/data/1999001/000199900126000094/fun-20260806.htm;https://www.sec.gov/Archives/edgar/data/1999001/000199900126000094/sixflags-exh991xq22026.htm;https://www.sec.gov/Archives/edgar/data/1999001/000199900126000096/fun-20260628.htm,NOT_RECORDED_PER_REQUEST,2026-10-05T16:08:01Z,2026-10-05,publication_drain_20261005T064921Z_43a1e040,RESOLVER_COVERAGE_GAP,RESULT_CONTEXT_ONLY_IN_EXHIBIT,P1,HIGH_LIKELY_COVERAGE_GAP,Primary Item 2.02 filing does not match canonical quarter; linked official results exhibit does. Production resolver reads primary document only.,"Implement focused future resolver recognition/event-context change with positive and negative fixtures; replay on copy only, preserve hierarchy and conflict handling.",EXHIBIT_QUARTER_CONTEXT
KLAC,1217,SEC_CIK:0000319201,KLA CORP,1221,199070,0000319201,2026,Q4,43320,2026-06-30,2026-Q4,2026-06-30,2026-08-06,2026-08-06,UNRESOLVED,NOT_RECORDED,2026-10-05T06:50:00Z,NOT_RECORDED,1,2026-10-05T06:50:00Z,QUARTER_MATCH_FAILED,QUARTER_MATCH_FAILED,0,1,0,NOT_RECORDED,NOT_RECORDED,NOT_RECORDED,NOT_RECORDED,NULL,NONE_STORED;issuer_search_not_exhaustive,CANONICAL_ACCEPTED;authority_quarter_id_equal;forecast_links_NOT_AUDITED,UNIQUE_ACTIVE_CIK;no_blocker_proven,SHARADAR:93b3958a67ad6002c092131205be88885ad17b50cc6621d4da9a2bba847ac18d:SHARADAR_ARQ_PRIMARY_V1:HIGH,,"10-K|2026-08-06T20:35:27.000Z|0000319201-26-000027|report=2026-06-30|items=;8-K|2026-07-28T20:08:02.000Z|0000319201-26-000024|report=2026-07-28|items=2.02,9.01",2,0,2,1,https://www.sec.gov/Archives/edgar/data/319201/000031920126000024/klac-20260728.htm#sha256=63fb2778b69218d15936c66de2efa74c38309e01b5a230598634b02c2ed5eca6;https://www.sec.gov/Archives/edgar/data/319201/000031920126000024/exhibit991earningsrelease7.htm#sha256=0b81b4d61d537dac231a8a921d1344449ac1140e9144a62594aa191d5c74dd60,https://www.sec.gov/Archives/edgar/data/319201/000031920126000024/klac-20260728.htm;https://www.sec.gov/Archives/edgar/data/319201/000031920126000024/exhibit991earningsrelease7.htm;https://www.sec.gov/Archives/edgar/data/319201/000031920126000027/klac-20260630.htm,NOT_RECORDED_PER_REQUEST,2026-10-05T16:08:01Z,2026-10-05,publication_drain_20261005T064921Z_43a1e040,RESOLVER_COVERAGE_GAP,RESULT_CONTEXT_ONLY_IN_EXHIBIT,P1,HIGH_LIKELY_COVERAGE_GAP,Primary Item 2.02 filing does not match canonical quarter; linked official results exhibit does. Production resolver reads primary document only.,"Implement focused future resolver recognition/event-context change with positive and negative fixtures; replay on copy only, preserve hierarchy and conflict handling.",EXHIBIT_QUARTER_CONTEXT
MELI,1404,SEC_CIK:0001099590,MERCADOLIBRE INC,1412,196172,0001099590,2026,Q2,50037,2026-06-30,2026-Q2,2026-06-30,2026-08-06,2026-08-06,UNRESOLVED,NOT_RECORDED,2026-10-05T06:50:05Z,NOT_RECORDED,1,2026-10-05T06:50:05Z,QUARTER_MATCH_FAILED,QUARTER_MATCH_FAILED,0,1,0,NOT_RECORDED,NOT_RECORDED,NOT_RECORDED,NOT_RECORDED,NULL,NONE_STORED;issuer_search_not_exhaustive,CANONICAL_ACCEPTED;authority_quarter_id_equal;forecast_links_NOT_AUDITED,UNIQUE_ACTIVE_CIK;no_blocker_proven,SHARADAR:0bfb48b846a6eda9649603ec43962e9473ddd61043fa4e9e26c262c22983e8a6:SHARADAR_ARQ_PRIMARY_V1:HIGH,,"10-Q|2026-08-05T22:15:02.000Z|0001099590-26-000023|report=2026-06-30|items=;8-K|2026-08-05T20:00:58.000Z|0001099590-26-000021|report=2026-08-05|items=2.02,9.01",2,0,2,1,https://www.sec.gov/Archives/edgar/data/1099590/000109959026000021/meli-20260805.htm#sha256=e805521626d0380df5087ea052ecae5ed9964d4bd8fe5a291c10a4f4c2188955;https://www.sec.gov/Archives/edgar/data/1099590/000109959026000021/meli-20260805xex991.htm#sha256=e8d9199d1c5a3eef1214f2db731837b52a4a2a6847bd1df5b8baebb6cb047b87,https://www.sec.gov/Archives/edgar/data/1099590/000109959026000021/meli-20260805.htm;https://www.sec.gov/Archives/edgar/data/1099590/000109959026000021/meli-20260805xex991.htm;https://www.sec.gov/Archives/edgar/data/1099590/000109959026000023/meli-20260630.htm,NOT_RECORDED_PER_REQUEST,2026-10-05T16:08:01Z,2026-10-05,publication_drain_20261005T064921Z_43a1e040,RESOLVER_COVERAGE_GAP,RESULT_CONTEXT_ONLY_IN_EXHIBIT,P1,HIGH_LIKELY_COVERAGE_GAP,Primary Item 2.02 filing does not match canonical quarter; linked official results exhibit does. Production resolver reads primary document only.,"Implement focused future resolver recognition/event-context change with positive and negative fixtures; replay on copy only, preserve hierarchy and conflict handling.",EXHIBIT_QUARTER_CONTEXT
SPH,2058,SEC_CIK:0001005210,SUBURBAN PROPANE PARTNERS LP,2068,197138,0001005210,2026,Q3,73126,2026-06-27,2026-Q3,2026-06-27,2026-08-06,2026-08-06,UNRESOLVED,NOT_RECORDED,2026-10-05T06:50:26Z,NOT_RECORDED,1,2026-10-05T06:50:26Z,QUARTER_MATCH_FAILED,QUARTER_MATCH_FAILED,0,1,0,NOT_RECORDED,NOT_RECORDED,NOT_RECORDED,NOT_RECORDED,NULL,NONE_STORED;issuer_search_not_exhaustive,CANONICAL_ACCEPTED;authority_quarter_id_equal;forecast_links_NOT_AUDITED,UNIQUE_ACTIVE_CIK;no_blocker_proven,SHARADAR:8730c4dd056027e334101376f8c47eb9b3710816b7814bc7621595395870ed4f:SHARADAR_ARQ_PRIMARY_V1:HIGH,,"10-Q|2026-08-06T15:37:00.000Z|0001005210-26-000011|report=2026-06-27|items=;8-K|2026-08-06T11:56:14.000Z|0001005210-26-000010|report=2026-08-06|items=2.02,9.01",2,0,2,1,https://www.sec.gov/Archives/edgar/data/1005210/000100521026000010/sph-20260806.htm#sha256=281a33d86f663e4a6ed6860c354796c5efc238b4c229b852c4b615893a37555d;https://www.sec.gov/Archives/edgar/data/1005210/000100521026000010/sph-ex99_1.htm#sha256=51d66e9eaaabea88baf05c9c1eda42e72b51031cdbc4727e090fab09ca56c01a,https://www.sec.gov/Archives/edgar/data/1005210/000100521026000010/sph-20260806.htm;https://www.sec.gov/Archives/edgar/data/1005210/000100521026000010/sph-ex99_1.htm;https://www.sec.gov/Archives/edgar/data/1005210/000100521026000011/sph-20260627.htm,NOT_RECORDED_PER_REQUEST,2026-10-05T16:08:01Z,2026-10-05,publication_drain_20261005T064921Z_43a1e040,RESOLVER_COVERAGE_GAP,RESULT_CONTEXT_ONLY_IN_EXHIBIT,P1,HIGH_LIKELY_COVERAGE_GAP,Primary Item 2.02 filing does not match canonical quarter; linked official results exhibit does. Production resolver reads primary document only.,"Implement focused future resolver recognition/event-context change with positive and negative fixtures; replay on copy only, preserve hierarchy and conflict handling.",EXHIBIT_QUARTER_CONTEXT
TNC,2180,SEC_CIK:0000097134,TENNANT CO,2190,199295,0000097134,2026,Q2,77420,2026-06-30,2026-Q2,2026-06-30,2026-08-06,2026-08-06,UNRESOLVED,NOT_RECORDED,2026-10-05T06:50:30Z,NOT_RECORDED,1,2026-10-05T06:50:30Z,QUARTER_MATCH_FAILED,QUARTER_MATCH_FAILED,0,1,0,NOT_RECORDED,NOT_RECORDED,NOT_RECORDED,NOT_RECORDED,NULL,NONE_STORED;issuer_search_not_exhaustive,CANONICAL_ACCEPTED;authority_quarter_id_equal;forecast_links_NOT_AUDITED,UNIQUE_ACTIVE_CIK;no_blocker_proven,SHARADAR:eec311ce79ba7794fe4ab7909a3b5674a6d6823cfa3bea77645c9ef666c74573:SHARADAR_ARQ_PRIMARY_V1:HIGH,,"10-Q|2026-08-06T18:36:17.000Z|0000097134-26-000024|report=2026-06-30|items=;8-K|2026-08-05T22:41:48.000Z|0000097134-26-000022|report=2026-08-05|items=2.02,9.01",2,0,2,1,https://www.sec.gov/Archives/edgar/data/97134/000009713426000022/tnc-20260805.htm#sha256=00eb62c299cbd8b6c5b3cfd65c44ba78e75d343a5267ce2759b7d1297630bd2f;https://www.sec.gov/Archives/edgar/data/97134/000009713426000022/tnc-20260805xexx991.htm#sha256=237865c7cbada20230397eb6eaa8f5a9d482539bc72252047cf9718474100cee,https://www.sec.gov/Archives/edgar/data/97134/000009713426000022/tnc-20260805.htm;https://www.sec.gov/Archives/edgar/data/97134/000009713426000022/tnc-20260805xexx991.htm;https://www.sec.gov/Archives/edgar/data/97134/000009713426000024/tnc-20260630.htm,NOT_RECORDED_PER_REQUEST,2026-10-05T16:08:01Z,2026-10-05,publication_drain_20261005T064921Z_43a1e040,RESOLVER_COVERAGE_GAP,RESULT_CONTEXT_ONLY_IN_EXHIBIT,P1,HIGH_LIKELY_COVERAGE_GAP,Primary Item 2.02 filing does not match canonical quarter; linked official results exhibit does. Production resolver reads primary document only.,"Implement focused future resolver recognition/event-context change with positive and negative fixtures; replay on copy only, preserve hierarchy and conflict handling.",EXHIBIT_QUARTER_CONTEXT
USAC,2275,SEC_CIK:0001522727,"USA Compression Partners, LP",2286,192305,0001522727,2026,Q2,80900,2026-06-30,2026-Q2,2026-06-30,2026-08-06,2026-08-06,UNRESOLVED,NOT_RECORDED,2026-10-05T06:50:32Z,NOT_RECORDED,1,2026-10-05T06:50:32Z,QUARTER_MATCH_FAILED,QUARTER_MATCH_FAILED,0,1,0,NOT_RECORDED,NOT_RECORDED,NOT_RECORDED,NOT_RECORDED,NULL,NONE_STORED;issuer_search_not_exhaustive,CANONICAL_ACCEPTED;authority_quarter_id_equal;forecast_links_NOT_AUDITED,UNIQUE_ACTIVE_CIK;no_blocker_proven,SHARADAR:43c285fa2d452e5a6fd05be2d11c8ce732426f4a95424d49c32b08aa8e50757b:SHARADAR_ARQ_PRIMARY_V1:HIGH,,"10-Q|2026-08-06T20:43:23.000Z|0001522727-26-000064|report=2026-06-30|items=;8-K|2026-08-04T11:02:31.000Z|0001522727-26-000058|report=2026-08-04|items=2.02,9.01",2,0,2,1,https://www.sec.gov/Archives/edgar/data/1522727/000152272726000058/usac-20260804.htm#sha256=7996f012b9fa7426d1a6a5be86ab90fab229486af9bf77322d918a12fe100b9c;https://www.sec.gov/Archives/edgar/data/1522727/000152272726000058/usacq22026ex991.htm#sha256=7f9aadbb02ad8a5ad60274a60cb6bf97d5c8350f9a9eaa8a5ffc38b55df9717c,https://www.sec.gov/Archives/edgar/data/1522727/000152272726000058/usac-20260804.htm;https://www.sec.gov/Archives/edgar/data/1522727/000152272726000058/usacq22026ex991.htm;https://www.sec.gov/Archives/edgar/data/1522727/000152272726000064/usac-20260630.htm,NOT_RECORDED_PER_REQUEST,2026-10-05T16:08:01Z,2026-10-05,publication_drain_20261005T064921Z_43a1e040,RESOLVER_COVERAGE_GAP,RESULT_CONTEXT_ONLY_IN_EXHIBIT,P1,HIGH_LIKELY_COVERAGE_GAP,Primary Item 2.02 filing does not match canonical quarter; linked official results exhibit does. Production resolver reads primary document only.,"Implement focused future resolver recognition/event-context change with positive and negative fixtures; replay on copy only, preserve hierarchy and conflict handling.",EXHIBIT_QUARTER_CONTEXT
CELU,441,SEC_CIK:0001752828,Celularity Inc,441,110795,0001752828,2026,Q1,15481,2026-03-31,2026-Q1,2026-03-31,2026-09-29,2026-09-29,NOT_FOUND,NOT_RECORDED,2026-10-05T06:49:40Z,NOT_RECORDED,1,2026-10-05T06:49:40Z,NO_ITEM_2_02_FOUND,NO_ITEM_2_02_FOUND,0,0,0,NOT_RECORDED,NOT_RECORDED,NOT_RECORDED,NOT_RECORDED,NULL,NONE_STORED;issuer_search_not_exhaustive,CANONICAL_ACCEPTED;authority_quarter_id_equal;forecast_links_NOT_AUDITED,UNIQUE_ACTIVE_CIK;no_blocker_proven,SHARADAR:9e0fc10b83fd529bf71ddaf44d8ad58241293c1ef3da66713ea2729bb692650c:SHARADAR_ARQ_PRIMARY_V1:HIGH,,,0,0,0,0,,https://data.sec.gov/submissions/CIK0001752828.json,NOT_RECORDED_PER_REQUEST,2026-10-05T16:08:01Z,2026-10-05,publication_drain_20261005T064921Z_43a1e040,INSUFFICIENT_EVIDENCE,NO_MATCHED_PUBLICATION_DOCUMENT_VERIFIED,P2,LIMITED,SEC metadata inspected in the result-period acceptance window; no quarter-specific authoritative release verified. NO_ITEM_2_02_FOUND is not evidence of global publication absence.,Target official issuer release and relevant SEC document/exhibit before deciding coverage gap or evidenced absence; do not blindly retry.,DOMESTIC_OR_OTHER_METADATA_ONLY
SGLY,1985,SEC_CIK:0001422892,Singularity Future Technology Ltd.,1995,193662,0001422892,2026,Q4,70632,2026-06-30,2026-Q4,2026-06-30,2026-09-29,2026-09-29,NOT_FOUND,NOT_RECORDED,2026-10-05T06:50:24Z,NOT_RECORDED,1,2026-10-05T06:50:24Z,NO_ITEM_2_02_FOUND,NO_ITEM_2_02_FOUND,0,0,0,NOT_RECORDED,NOT_RECORDED,NOT_RECORDED,NOT_RECORDED,NULL,NONE_STORED;issuer_search_not_exhaustive,CANONICAL_ACCEPTED;authority_quarter_id_equal;forecast_links_NOT_AUDITED,UNIQUE_ACTIVE_CIK;no_blocker_proven,SHARADAR:ce6861550c5ae6cbd51e4aa08b5731f4b6509d17334dd0d358e8652ba37dc0b8:SHARADAR_ARQ_PRIMARY_V1:HIGH,,10-K|2026-09-29T20:05:57.000Z|0001213900-26-104650|report=2026-06-30|items=,1,0,0,0,,https://www.sec.gov/Archives/edgar/data/1422892/000121390026104650/ea0305950-10k_singularity.htm,NOT_RECORDED_PER_REQUEST,2026-10-05T16:08:01Z,2026-10-05,publication_drain_20261005T064921Z_43a1e040,INSUFFICIENT_EVIDENCE,NO_MATCHED_PUBLICATION_DOCUMENT_VERIFIED,P2,LIMITED,SEC metadata inspected in the result-period acceptance window; no quarter-specific authoritative release verified. NO_ITEM_2_02_FOUND is not evidence of global publication absence.,Target official issuer release and relevant SEC document/exhibit before deciding coverage gap or evidenced absence; do not blindly retry.,DOMESTIC_OR_OTHER_METADATA_ONLY
FOXX,888,SEC_CIK:0002013807,Foxx Development Holdings Inc.,890,638737,0002013807,2026,Q4,31482,2026-06-30,2026-Q4,2026-06-30,2026-09-28,2026-09-28,NOT_FOUND,NOT_RECORDED,2026-10-05T06:49:52Z,NOT_RECORDED,1,2026-10-05T06:49:52Z,NO_ITEM_2_02_FOUND,NO_ITEM_2_02_FOUND,0,0,0,NOT_RECORDED,NOT_RECORDED,NOT_RECORDED,NOT_RECORDED,NULL,NONE_STORED;issuer_search_not_exhaustive,CANONICAL_ACCEPTED;authority_quarter_id_equal;forecast_links_NOT_AUDITED,UNIQUE_ACTIVE_CIK;no_blocker_proven,SHARADAR:537fd4963238ffc56ec9f3d96b8ff4610d17bedc702faf5767d82b31fd9dcf22:SHARADAR_ARQ_PRIMARY_V1:HIGH,,10-K|2026-09-28T20:01:57.000Z|0001213900-26-104028|report=2026-06-30|items=,1,0,0,0,,https://www.sec.gov/Archives/edgar/data/2013807/000121390026104028/ea0305072-10k_foxx.htm,NOT_RECORDED_PER_REQUEST,2026-10-05T16:08:01Z,2026-10-05,publication_drain_20261005T064921Z_43a1e040,INSUFFICIENT_EVIDENCE,NO_MATCHED_PUBLICATION_DOCUMENT_VERIFIED,P2,LIMITED,SEC metadata inspected in the result-period acceptance window; no quarter-specific authoritative release verified. NO_ITEM_2_02_FOUND is not evidence of global publication absence.,Target official issuer release and relevant SEC document/exhibit before deciding coverage gap or evidenced absence; do not blindly retry.,DOMESTIC_OR_OTHER_METADATA_ONLY
NB,1514,SEC_CIK:0001512228,NIOCORP DEVELOPMENTS LTD,1523,124416,0001512228,2026,Q4,54026,2026-06-30,2026-Q4,2026-06-30,2026-09-25,2026-09-25,NOT_FOUND,NOT_RECORDED,2026-10-05T06:50:09Z,NOT_RECORDED,1,2026-10-05T06:50:09Z,NO_ITEM_2_02_FOUND,NO_ITEM_2_02_FOUND,0,0,0,NOT_RECORDED,NOT_RECORDED,NOT_RECORDED,NOT_RECORDED,NULL,NONE_STORED;issuer_search_not_exhaustive,CANONICAL_ACCEPTED;authority_quarter_id_equal;forecast_links_NOT_AUDITED,UNIQUE_ACTIVE_CIK;no_blocker_proven,SHARADAR:81e0972fe529710c4a706d2c8a0d558155bf385ebcec05ce610b27631d6a3d62:SHARADAR_ARQ_PRIMARY_V1:HIGH,,10-K|2026-09-25T20:02:38.000Z|0001193125-26-402806|report=2026-06-30|items=,1,0,0,0,,https://www.sec.gov/Archives/edgar/data/1512228/000119312526402806/nb-20260630.htm,NOT_RECORDED_PER_REQUEST,2026-10-05T16:08:01Z,2026-10-05,publication_drain_20261005T064921Z_43a1e040,INSUFFICIENT_EVIDENCE,NO_MATCHED_PUBLICATION_DOCUMENT_VERIFIED,P2,LIMITED,SEC metadata inspected in the result-period acceptance window; no quarter-specific authoritative release verified. NO_ITEM_2_02_FOUND is not evidence of global publication absence.,Target official issuer release and relevant SEC document/exhibit before deciding coverage gap or evidenced absence; do not blindly retry.,DOMESTIC_OR_OTHER_METADATA_ONLY
PPCB,1773,SEC_CIK:0001517681,"Propanc Biopharma, Inc.",1783,192408,0001517681,2026,Q4,63238,2026-06-30,2026-Q4,2026-06-30,2026-09-25,2026-09-25,NOT_FOUND,NOT_RECORDED,2026-10-05T06:50:19Z,NOT_RECORDED,1,2026-10-05T06:50:19Z,NO_ITEM_2_02_FOUND,NO_ITEM_2_02_FOUND,0,0,0,NOT_RECORDED,NOT_RECORDED,NOT_RECORDED,NOT_RECORDED,NULL,NONE_STORED;issuer_search_not_exhaustive,CANONICAL_ACCEPTED;authority_quarter_id_equal;forecast_links_NOT_AUDITED,UNIQUE_ACTIVE_CIK;no_blocker_proven,SHARADAR:4ecaff16d5fbaf7f833f9c0bec5410a60b5a5d736d389ec58ff15be8f57941a9:SHARADAR_ARQ_PRIMARY_V1:HIGH,,10-K|2026-09-25T21:08:20.000Z|0001493152-26-044373|report=2026-06-30|items=,1,0,0,0,,https://www.sec.gov/Archives/edgar/data/1517681/000149315226044373/form10-k.htm,NOT_RECORDED_PER_REQUEST,2026-10-05T16:08:01Z,2026-10-05,publication_drain_20261005T064921Z_43a1e040,INSUFFICIENT_EVIDENCE,NO_MATCHED_PUBLICATION_DOCUMENT_VERIFIED,P2,LIMITED,SEC metadata inspected in the result-period acceptance window; no quarter-specific authoritative release verified. NO_ITEM_2_02_FOUND is not evidence of global publication absence.,Target official issuer release and relevant SEC document/exhibit before deciding coverage gap or evidenced absence; do not blindly retry.,DOMESTIC_OR_OTHER_METADATA_ONLY
CPB,544,SEC_CIK:0000016732,CAMPBELL'S Co,545,199877,0000016732,2026,Q4,19197,2026-08-02,2026-Q4,2026-08-02,2026-09-24,2026-09-24,NOT_FOUND,NOT_RECORDED,2026-10-05T06:49:43Z,NOT_RECORDED,1,2026-10-05T06:49:43Z,NO_ITEM_2_02_FOUND,NO_ITEM_2_02_FOUND,0,0,0,NOT_RECORDED,NOT_RECORDED,NOT_RECORDED,NOT_RECORDED,NULL,NONE_STORED;issuer_search_not_exhaustive,CANONICAL_ACCEPTED;authority_quarter_id_equal;forecast_links_NOT_AUDITED,UNIQUE_ACTIVE_CIK;no_blocker_proven,SHARADAR:0c60746913a46853ff0fa04add43c2b67469e27a6fd28b594c0f9eb3614c0a58:SHARADAR_ARQ_PRIMARY_V1:HIGH,,"10-K|2026-09-24T11:33:12.000Z|0000016732-26-000026|report=2026-08-02|items=;8-K|2026-09-03T11:17:14.000Z|0000016732-26-000020|report=2026-09-03|items=2.02,9.01",2,0,2,2,https://www.sec.gov/Archives/edgar/data/16732/000001673226000020/cpb-20260903.htm#sha256=b59045bcde6b0a7a7384daadac237ebf063e5650fd91aa03ae98974d58223f12;https://www.sec.gov/Archives/edgar/data/16732/000001673226000020/exhibit991-q42026.htm#sha256=314fe79dfcda1d2a9872091b6cdfda97343ad1aee1f0f93d8b2729ecec76cc55,https://www.sec.gov/Archives/edgar/data/16732/000001673226000020/cpb-20260903.htm;https://www.sec.gov/Archives/edgar/data/16732/000001673226000020/exhibit991-q42026.htm;https://www.sec.gov/Archives/edgar/data/16732/000001673226000026/cpb-20260802.htm,NOT_RECORDED_PER_REQUEST,2026-10-05T16:08:01Z,2026-10-05,publication_drain_20261005T064921Z_43a1e040,RESOLVER_COVERAGE_GAP,STRICT_ITEM202_HEADING_REJECTION,P1,HIGH_LIKELY_COVERAGE_GAP,SEC Item 2.02 metadata and quarter-specific official financial results exist; current strict primary heading/form predicate rejects the filing.,"Implement focused future resolver recognition/event-context change with positive and negative fixtures; replay on copy only, preserve hierarchy and conflict handling.",ITEM202_HEADING_VARIANTS
SHPH,1995,SEC_CIK:0001757499,"Shuttle Pharmaceuticals Holdings, Inc.",2005,638998,0001757499,2026,Q2,70961,2026-06-30,2026-Q2,2026-06-30,2026-09-24,2026-09-24,NOT_FOUND,NOT_RECORDED,2026-10-05T06:50:24Z,NOT_RECORDED,1,2026-10-05T06:50:24Z,NO_ITEM_2_02_FOUND,NO_ITEM_2_02_FOUND,0,0,0,NOT_RECORDED,NOT_RECORDED,NOT_RECORDED,NOT_RECORDED,NULL,NONE_STORED;issuer_search_not_exhaustive,CANONICAL_ACCEPTED;authority_quarter_id_equal;forecast_links_NOT_AUDITED,UNIQUE_ACTIVE_CIK;no_blocker_proven,SHARADAR:c30d39da8f6490c90e8eb6b6aa247a958fd517037d880ce19d0477c0fa4d98e9:SHARADAR_ARQ_PRIMARY_V1:HIGH,,10-Q|2026-09-24T16:01:32.000Z|0001493152-26-044107|report=2026-06-30|items=,1,0,0,0,,https://www.sec.gov/Archives/edgar/data/1757499/000149315226044107/form10-q.htm,NOT_RECORDED_PER_REQUEST,2026-10-05T16:08:01Z,2026-10-05,publication_drain_20261005T064921Z_43a1e040,INSUFFICIENT_EVIDENCE,NO_MATCHED_PUBLICATION_DOCUMENT_VERIFIED,P2,LIMITED,SEC metadata inspected in the result-period acceptance window; no quarter-specific authoritative release verified. NO_ITEM_2_02_FOUND is not evidence of global publication absence.,Target official issuer release and relevant SEC document/exhibit before deciding coverage gap or evidenced absence; do not blindly retry.,DOMESTIC_OR_OTHER_METADATA_ONLY
AMST,149,SEC_CIK:0001807166,Amesite Inc.,149,632032,0001807166,2026,Q4,5246,2026-06-30,2026-Q4,2026-06-30,2026-09-23,2026-09-23,NOT_FOUND,NOT_RECORDED,2026-10-05T06:49:29Z,NOT_RECORDED,1,2026-10-05T06:49:29Z,NO_ITEM_2_02_FOUND,NO_ITEM_2_02_FOUND,0,0,0,NOT_RECORDED,NOT_RECORDED,NOT_RECORDED,NOT_RECORDED,NULL,NONE_STORED;issuer_search_not_exhaustive,CANONICAL_ACCEPTED;authority_quarter_id_equal;forecast_links_NOT_AUDITED,UNIQUE_ACTIVE_CIK;no_blocker_proven,SHARADAR:9959f8e37e6339501f3f93ed856a844e9f408bdade1623c1132c2ed8e95806e6:SHARADAR_ARQ_PRIMARY_V1:HIGH,,10-K|2026-09-23T20:58:18.000Z|0001213900-26-102676|report=2026-06-30|items=,1,0,0,0,,https://www.sec.gov/Archives/edgar/data/1807166/000121390026102676/ea0303992-10k_amesite.htm,NOT_RECORDED_PER_REQUEST,2026-10-05T16:08:01Z,2026-10-05,publication_drain_20261005T064921Z_43a1e040,INSUFFICIENT_EVIDENCE,NO_MATCHED_PUBLICATION_DOCUMENT_VERIFIED,P2,LIMITED,SEC metadata inspected in the result-period acceptance window; no quarter-specific authoritative release verified. NO_ITEM_2_02_FOUND is not evidence of global publication absence.,Target official issuer release and relevant SEC document/exhibit before deciding coverage gap or evidenced absence; do not blindly retry.,DOMESTIC_OR_OTHER_METADATA_ONLY
YYAI,2440,SEC_CIK:0001674440,AIRWA INC.,2451,638742,0001674440,2027,Q1,86982,2026-07-31,2027-Q1,2026-07-31,2026-09-22,2026-09-22,NOT_FOUND,NOT_RECORDED,2026-10-05T06:50:36Z,NOT_RECORDED,1,2026-10-05T06:50:36Z,NO_ITEM_2_02_FOUND,NO_ITEM_2_02_FOUND,0,0,0,NOT_RECORDED,NOT_RECORDED,NOT_RECORDED,NOT_RECORDED,NULL,NONE_STORED;issuer_search_not_exhaustive,CANONICAL_ACCEPTED;authority_quarter_id_equal;forecast_links_NOT_AUDITED,UNIQUE_ACTIVE_CIK;no_blocker_proven,SHARADAR:d515e8049875a906d46c2acbdbe659ca7564ff98e9c3ac617e0942be17079128:SHARADAR_ARQ_PRIMARY_V1:HIGH,,10-Q|2026-09-22T21:22:30.000Z|0001493152-26-043748|report=2026-07-31|items=,1,0,0,0,,https://www.sec.gov/Archives/edgar/data/1674440/000149315226043748/form10-q.htm,NOT_RECORDED_PER_REQUEST,2026-10-05T16:08:01Z,2026-10-05,publication_drain_20261005T064921Z_43a1e040,INSUFFICIENT_EVIDENCE,NO_MATCHED_PUBLICATION_DOCUMENT_VERIFIED,P2,LIMITED,SEC metadata inspected in the result-period acceptance window; no quarter-specific authoritative release verified. NO_ITEM_2_02_FOUND is not evidence of global publication absence.,Target official issuer release and relevant SEC document/exhibit before deciding coverage gap or evidenced absence; do not blindly retry.,DOMESTIC_OR_OTHER_METADATA_ONLY
ANAB,154,SEC_CIK:0001370053,"ANAPTYSBIO, INC",154,124336,0001370053,2026,Q2,5451,2026-06-30,2026-Q2,2026-06-30,2026-09-21,2026-09-21,NOT_FOUND,NOT_RECORDED,2026-10-05T06:49:29Z,NOT_RECORDED,1,2026-10-05T06:49:29Z,NO_ITEM_2_02_FOUND,NO_ITEM_2_02_FOUND,0,0,0,NOT_RECORDED,NOT_RECORDED,NOT_RECORDED,NOT_RECORDED,NULL,NONE_STORED;issuer_search_not_exhaustive,CANONICAL_ACCEPTED;authority_quarter_id_equal;forecast_links_NOT_AUDITED,UNIQUE_ACTIVE_CIK;no_blocker_proven,SHARADAR:3d8b2e7b99b4c152f001691f8af6734439baa6b306766a044a6d501de19db9fd:SHARADAR_ARQ_PRIMARY_V1:HIGH,,,0,0,0,0,,https://data.sec.gov/submissions/CIK0001370053.json,NOT_RECORDED_PER_REQUEST,2026-10-05T16:08:01Z,2026-10-05,publication_drain_20261005T064921Z_43a1e040,INSUFFICIENT_EVIDENCE,NO_MATCHED_PUBLICATION_DOCUMENT_VERIFIED,P2,LIMITED,SEC metadata inspected in the result-period acceptance window; no quarter-specific authoritative release verified. NO_ITEM_2_02_FOUND is not evidence of global publication absence.,Target official issuer release and relevant SEC document/exhibit before deciding coverage gap or evidenced absence; do not blindly retry.,DOMESTIC_OR_OTHER_METADATA_ONLY
YYAI,2440,SEC_CIK:0001674440,AIRWA INC.,2451,638742,0001674440,2026,Q4,86981,2026-04-30,2026-Q4,2026-04-30,2026-09-21,2026-09-21,NOT_FOUND,NOT_RECORDED,2026-10-05T06:50:36Z,NOT_RECORDED,1,2026-10-05T06:50:36Z,NO_ITEM_2_02_FOUND,NO_ITEM_2_02_FOUND,0,0,0,NOT_RECORDED,NOT_RECORDED,NOT_RECORDED,NOT_RECORDED,NULL,NONE_STORED;issuer_search_not_exhaustive,CANONICAL_ACCEPTED;authority_quarter_id_equal;forecast_links_NOT_AUDITED,UNIQUE_ACTIVE_CIK;no_blocker_proven,SHARADAR:1f83102564077d2ad917eebc0f7a0531bafde299bfecfe2be5e4ca462a7ecc19:SHARADAR_ARQ_PRIMARY_V1:HIGH,,10-K|2026-09-21T21:28:43.000Z|0001493152-26-043608|report=2026-04-30|items=,1,0,0,0,,https://www.sec.gov/Archives/edgar/data/1674440/000149315226043608/form10-k.htm,NOT_RECORDED_PER_REQUEST,2026-10-05T16:08:01Z,2026-10-05,publication_drain_20261005T064921Z_43a1e040,INSUFFICIENT_EVIDENCE,NO_MATCHED_PUBLICATION_DOCUMENT_VERIFIED,P2,LIMITED,SEC metadata inspected in the result-period acceptance window; no quarter-specific authoritative release verified. NO_ITEM_2_02_FOUND is not evidence of global publication absence.,Target official issuer release and relevant SEC document/exhibit before deciding coverage gap or evidenced absence; do not blindly retry.,DOMESTIC_OR_OTHER_METADATA_ONLY
NEUP,1532,LOCAL_BOOTSTRAP_TICKER:NEUP,Neuphoria Therapeutics Inc.,1541,636985,0001191070,2026,Q4,54654,2026-06-30,2026-Q4,2026-06-30,2026-09-18,2026-09-18,NOT_FOUND,NOT_RECORDED,2026-10-05T06:50:10Z,NOT_RECORDED,1,2026-10-05T06:50:10Z,NO_ITEM_2_02_FOUND,NO_ITEM_2_02_FOUND,0,0,0,NOT_RECORDED,NOT_RECORDED,NOT_RECORDED,NOT_RECORDED,NULL,NONE_STORED;issuer_search_not_exhaustive,CANONICAL_ACCEPTED;authority_quarter_id_equal;forecast_links_NOT_AUDITED,UNIQUE_ACTIVE_CIK;no_blocker_proven,SHARADAR:c9ff29aa0b547e2035e7eee809a73597d6ce1c87829d95d1fb8c1914319372ba:SHARADAR_ARQ_PRIMARY_V1:HIGH,,10-K|2026-09-18T20:10:46.000Z|0001193125-26-395536|report=2026-06-30|items=,1,0,0,0,,https://www.sec.gov/Archives/edgar/data/1191070/000119312526395536/neup-20260630.htm,NOT_RECORDED_PER_REQUEST,2026-10-05T16:08:01Z,2026-10-05,publication_drain_20261005T064921Z_43a1e040,INSUFFICIENT_EVIDENCE,NO_MATCHED_PUBLICATION_DOCUMENT_VERIFIED,P2,LIMITED,SEC metadata inspected in the result-period acceptance window; no quarter-specific authoritative release verified. NO_ITEM_2_02_FOUND is not evidence of global publication absence.,Target official issuer release and relevant SEC document/exhibit before deciding coverage gap or evidenced absence; do not blindly retry.,DOMESTIC_OR_OTHER_METADATA_ONLY
PLCE,1747,SEC_CIK:0001041859,"Childrens Place, Inc.",1757,196806,0001041859,2027,Q2,62275,2026-08-01,2027-Q2,2026-08-01,2026-09-14,2026-09-14,NOT_FOUND,NOT_RECORDED,2026-10-05T06:50:19Z,NOT_RECORDED,1,2026-10-05T06:50:19Z,NO_ITEM_2_02_FOUND,NO_ITEM_2_02_FOUND,0,0,0,NOT_RECORDED,NOT_RECORDED,NOT_RECORDED,NOT_RECORDED,NULL,NONE_STORED;issuer_search_not_exhaustive,CANONICAL_ACCEPTED;authority_quarter_id_equal;forecast_links_NOT_AUDITED,UNIQUE_ACTIVE_CIK;no_blocker_proven,SHARADAR:ad2ffd6d80d7ef3892634d955cced6a7deba3bc9fdb398a5b5538d8c0a5ed69b:SHARADAR_ARQ_PRIMARY_V1:HIGH,,10-Q|2026-09-14T20:36:41.000Z|0001628280-26-061861|report=2026-08-01|items=,1,0,0,0,,https://www.sec.gov/Archives/edgar/data/1041859/000162828026061861/plce-20260801.htm,NOT_RECORDED_PER_REQUEST,2026-10-05T16:08:01Z,2026-10-05,publication_drain_20261005T064921Z_43a1e040,INSUFFICIENT_EVIDENCE,NO_MATCHED_PUBLICATION_DOCUMENT_VERIFIED,P2,LIMITED,SEC metadata inspected in the result-period acceptance window; no quarter-specific authoritative release verified. NO_ITEM_2_02_FOUND is not evidence of global publication absence.,Target official issuer release and relevant SEC document/exhibit before deciding coverage gap or evidenced absence; do not blindly retry.,DOMESTIC_OR_OTHER_METADATA_ONLY
REBN,1863,SEC_CIK:0001707910,"Reborn Coffee, Inc.",1873,638926,0001707910,2026,Q2,66392,2026-06-30,2026-Q2,2026-06-30,2026-09-14,2026-09-14,NOT_FOUND,NOT_RECORDED,2026-10-05T06:50:21Z,NOT_RECORDED,1,2026-10-05T06:50:21Z,NO_ITEM_2_02_FOUND,NO_ITEM_2_02_FOUND,0,0,0,NOT_RECORDED,NOT_RECORDED,NOT_RECORDED,NOT_RECORDED,NULL,NONE_STORED;issuer_search_not_exhaustive,CANONICAL_ACCEPTED;authority_quarter_id_equal;forecast_links_NOT_AUDITED,UNIQUE_ACTIVE_CIK;no_blocker_proven,SHARADAR:916c73b6c933f20c76dbf0f515d6e5374708aa50ef2c736147404278f6b13b9b:SHARADAR_ARQ_PRIMARY_V1:HIGH,,10-Q|2026-09-14T21:25:25.000Z|0001213900-26-099791|report=2026-06-30|items=,1,0,0,0,,https://www.sec.gov/Archives/edgar/data/1707910/000121390026099791/ea0301209-10q_reborn.htm,NOT_RECORDED_PER_REQUEST,2026-10-05T16:08:01Z,2026-10-05,publication_drain_20261005T064921Z_43a1e040,INSUFFICIENT_EVIDENCE,NO_MATCHED_PUBLICATION_DOCUMENT_VERIFIED,P2,LIMITED,SEC metadata inspected in the result-period acceptance window; no quarter-specific authoritative release verified. NO_ITEM_2_02_FOUND is not evidence of global publication absence.,Target official issuer release and relevant SEC document/exhibit before deciding coverage gap or evidenced absence; do not blindly retry.,DOMESTIC_OR_OTHER_METADATA_ONLY
GWRE,1000,SEC_CIK:0001528396,"Guidewire Software, Inc.",1004,192216,0001528396,2026,Q4,35460,2026-07-31,2026-Q4,2026-07-31,2026-09-11,2026-09-11,NOT_FOUND,NOT_RECORDED,2026-10-05T06:49:55Z,NOT_RECORDED,1,2026-10-05T06:49:55Z,NO_ITEM_2_02_FOUND,NO_ITEM_2_02_FOUND,0,0,0,NOT_RECORDED,NOT_RECORDED,NOT_RECORDED,NOT_RECORDED,NULL,NONE_STORED;issuer_search_not_exhaustive,CANONICAL_ACCEPTED;authority_quarter_id_equal;forecast_links_NOT_AUDITED,UNIQUE_ACTIVE_CIK;no_blocker_proven,SHARADAR:07ff377b24eb461632b40dc87299b016df70db4f2e303b0324c5200f2780cf68:SHARADAR_ARQ_PRIMARY_V1:HIGH,,10-K|2026-09-11T20:24:03.000Z|0001528396-26-000046|report=2026-07-31|items=,1,0,0,0,,https://www.sec.gov/Archives/edgar/data/1528396/000152839626000046/gwre-20260731.htm,NOT_RECORDED_PER_REQUEST,2026-10-05T16:08:01Z,2026-10-05,publication_drain_20261005T064921Z_43a1e040,INSUFFICIENT_EVIDENCE,NO_MATCHED_PUBLICATION_DOCUMENT_VERIFIED,P2,LIMITED,SEC metadata inspected in the result-period acceptance window; no quarter-specific authoritative release verified. NO_ITEM_2_02_FOUND is not evidence of global publication absence.,Target official issuer release and relevant SEC document/exhibit before deciding coverage gap or evidenced absence; do not blindly retry.,DOMESTIC_OR_OTHER_METADATA_ONLY
ORCL,1658,SEC_CIK:0001341439,ORACLE CORP,1668,194684,0001341439,2027,Q1,59025,2026-08-31,2027-Q1,2026-08-31,2026-09-11,2026-09-11,NOT_FOUND,NOT_RECORDED,2026-10-05T06:50:14Z,NOT_RECORDED,1,2026-10-05T06:50:14Z,NO_ITEM_2_02_FOUND,NO_ITEM_2_02_FOUND,0,0,0,NOT_RECORDED,NOT_RECORDED,NOT_RECORDED,NOT_RECORDED,NULL,NONE_STORED;issuer_search_not_exhaustive,CANONICAL_ACCEPTED;authority_quarter_id_equal;forecast_links_NOT_AUDITED,UNIQUE_ACTIVE_CIK;no_blocker_proven,SHARADAR:a78719879f865e09bdd786b6ba5ddbbdc2301ea6adae26b0ed1ae91187d3600b:SHARADAR_ARQ_PRIMARY_V1:HIGH,,"10-Q|2026-09-11T20:10:12.000Z|0001193125-26-389274|report=2026-08-31|items=;8-K|2026-09-10T20:16:50.000Z|0001193125-26-387905|report=2026-09-10|items=2.02,8.01,9.01",2,0,2,2,https://www.sec.gov/Archives/edgar/data/1341439/000119312526387905/orcl-20260910.htm#sha256=109599f0dc695ef0c547f671db7cf743608d1edff175ff3a72d8fd15365f3b6a;https://www.sec.gov/Archives/edgar/data/1341439/000119312526387905/orcl-ex99_1.htm#sha256=0e34ceb53a00ae03097140caa25c9a42f9d89dd54f2438b88244904fd4abfd79,https://www.sec.gov/Archives/edgar/data/1341439/000119312526387905/orcl-20260910.htm;https://www.sec.gov/Archives/edgar/data/1341439/000119312526387905/orcl-ex99_1.htm;https://www.sec.gov/Archives/edgar/data/1341439/000119312526389274/orcl-20260831.htm,NOT_RECORDED_PER_REQUEST,2026-10-05T16:08:01Z,2026-10-05,publication_drain_20261005T064921Z_43a1e040,RESOLVER_COVERAGE_GAP,STRICT_ITEM202_HEADING_REJECTION,P1,HIGH_LIKELY_COVERAGE_GAP,SEC Item 2.02 metadata and quarter-specific official financial results exist; current strict primary heading/form predicate rejects the filing.,"Implement focused future resolver recognition/event-context change with positive and negative fixtures; replay on copy only, preserve hierarchy and conflict handling.",ITEM202_HEADING_VARIANTS
USAU,2277,SEC_CIK:0000027093,U.S. GOLD CORP.,2288,199796,0000027093,2027,Q1,80956,2026-07-31,2027-Q1,2026-07-31,2026-09-11,2026-09-11,NOT_FOUND,NOT_RECORDED,2026-10-05T06:50:33Z,NOT_RECORDED,1,2026-10-05T06:50:33Z,NO_ITEM_2_02_FOUND,NO_ITEM_2_02_FOUND,0,0,0,NOT_RECORDED,NOT_RECORDED,NOT_RECORDED,NOT_RECORDED,NULL,NONE_STORED;issuer_search_not_exhaustive,CANONICAL_ACCEPTED;authority_quarter_id_equal;forecast_links_NOT_AUDITED,UNIQUE_ACTIVE_CIK;no_blocker_proven,SHARADAR:d1b405cde06a9d87d1189ef8220bacf79e86174c0c16b25b8b2218f92c4ab42f:SHARADAR_ARQ_PRIMARY_V1:HIGH,,10-Q|2026-09-11T20:05:54.000Z|0001493152-26-042381|report=2026-07-31|items=,1,0,0,0,,https://www.sec.gov/Archives/edgar/data/27093/000149315226042381/form10-q.htm,NOT_RECORDED_PER_REQUEST,2026-10-05T16:08:01Z,2026-10-05,publication_drain_20261005T064921Z_43a1e040,INSUFFICIENT_EVIDENCE,NO_MATCHED_PUBLICATION_DOCUMENT_VERIFIED,P2,LIMITED,SEC metadata inspected in the result-period acceptance window; no quarter-specific authoritative release verified. NO_ITEM_2_02_FOUND is not evidence of global publication absence.,Target official issuer release and relevant SEC document/exhibit before deciding coverage gap or evidenced absence; do not blindly retry.,DOMESTIC_OR_OTHER_METADATA_ONLY
ALZN,124,SEC_CIK:0001677077,"Alzamend Neuro, Inc.",124,635472,0001677077,2027,Q1,4380,2026-07-31,2027-Q1,2026-07-31,2026-09-10,2026-09-10,NOT_FOUND,NOT_RECORDED,2026-10-05T06:49:28Z,NOT_RECORDED,1,2026-10-05T06:49:28Z,NO_ITEM_2_02_FOUND,NO_ITEM_2_02_FOUND,0,0,0,NOT_RECORDED,NOT_RECORDED,NOT_RECORDED,NOT_RECORDED,NULL,NONE_STORED;issuer_search_not_exhaustive,CANONICAL_ACCEPTED;authority_quarter_id_equal;forecast_links_NOT_AUDITED,UNIQUE_ACTIVE_CIK;no_blocker_proven,SHARADAR:4b850f66e0b626c3131d0651dcfba6623565ca8f1ebc11cead1889d3cb5b57ed:SHARADAR_ARQ_PRIMARY_V1:HIGH,,10-Q|2026-09-10T20:30:44.000Z|0001214659-26-011572|report=2026-07-31|items=,1,0,0,0,,https://www.sec.gov/Archives/edgar/data/1677077/000121465926011572/alz9226210q.htm,NOT_RECORDED_PER_REQUEST,2026-10-05T16:08:01Z,2026-10-05,publication_drain_20261005T064921Z_43a1e040,INSUFFICIENT_EVIDENCE,NO_MATCHED_PUBLICATION_DOCUMENT_VERIFIED,P2,LIMITED,SEC metadata inspected in the result-period acceptance window; no quarter-specific authoritative release verified. NO_ITEM_2_02_FOUND is not evidence of global publication absence.,Target official issuer release and relevant SEC document/exhibit before deciding coverage gap or evidenced absence; do not blindly retry.,DOMESTIC_OR_OTHER_METADATA_ONLY
GITS,950,SEC_CIK:0001911545,"Global Interactive Technologies, Inc.",953,640280,0001911545,2026,Q2,33677,2026-06-30,2026-Q2,2026-06-30,2026-09-09,2026-09-09,NOT_FOUND,NOT_RECORDED,2026-10-05T06:49:54Z,NOT_RECORDED,1,2026-10-05T06:49:54Z,NO_ITEM_2_02_FOUND,NO_ITEM_2_02_FOUND,0,0,0,NOT_RECORDED,NOT_RECORDED,NOT_RECORDED,NOT_RECORDED,NULL,NONE_STORED;issuer_search_not_exhaustive,CANONICAL_ACCEPTED;authority_quarter_id_equal;forecast_links_NOT_AUDITED,UNIQUE_ACTIVE_CIK;no_blocker_proven,SHARADAR:0dd90c1523d460891fea4daaa80374612e80a8418ce1b66d1c52fe21270483c8:SHARADAR_ARQ_PRIMARY_V1:HIGH,,10-Q|2026-09-09T20:10:40.000Z|0001493152-26-041960|report=2026-06-30|items=,1,0,0,0,,https://www.sec.gov/Archives/edgar/data/1911545/000149315226041960/form10-q.htm,NOT_RECORDED_PER_REQUEST,2026-10-05T16:08:01Z,2026-10-05,publication_drain_20261005T064921Z_43a1e040,INSUFFICIENT_EVIDENCE,NO_MATCHED_PUBLICATION_DOCUMENT_VERIFIED,P2,LIMITED,SEC metadata inspected in the result-period acceptance window; no quarter-specific authoritative release verified. NO_ITEM_2_02_FOUND is not evidence of global publication absence.,Target official issuer release and relevant SEC document/exhibit before deciding coverage gap or evidenced absence; do not blindly retry.,DOMESTIC_OR_OTHER_METADATA_ONLY
INM,1133,SEC_CIK:0001728328,InMed Pharmaceuticals Inc.,1137,632554,0001728328,2026,Q4,40195,2026-06-30,2026-Q4,2026-06-30,2026-09-09,2026-09-09,NOT_FOUND,NOT_RECORDED,2026-10-05T06:49:57Z,NOT_RECORDED,1,2026-10-05T06:49:57Z,NO_ITEM_2_02_FOUND,NO_ITEM_2_02_FOUND,0,0,0,NOT_RECORDED,NOT_RECORDED,NOT_RECORDED,NOT_RECORDED,NULL,NONE_STORED;issuer_search_not_exhaustive,CANONICAL_ACCEPTED;authority_quarter_id_equal;forecast_links_NOT_AUDITED,UNIQUE_ACTIVE_CIK;no_blocker_proven,SHARADAR:2b1e4e2df12438ba34783f38ea06250e951795ee84c45d9c71bf904e55d187be:SHARADAR_ARQ_PRIMARY_V1:HIGH,,10-K|2026-09-09T20:31:17.000Z|0001213900-26-098419|report=2026-06-30|items=,1,0,0,0,,https://www.sec.gov/Archives/edgar/data/1728328/000121390026098419/ea0301263-10k_inmed.htm,NOT_RECORDED_PER_REQUEST,2026-10-05T16:08:01Z,2026-10-05,publication_drain_20261005T064921Z_43a1e040,INSUFFICIENT_EVIDENCE,NO_MATCHED_PUBLICATION_DOCUMENT_VERIFIED,P2,LIMITED,SEC metadata inspected in the result-period acceptance window; no quarter-specific authoritative release verified. NO_ITEM_2_02_FOUND is not evidence of global publication absence.,Target official issuer release and relevant SEC document/exhibit before deciding coverage gap or evidenced absence; do not blindly retry.,DOMESTIC_OR_OTHER_METADATA_ONLY
MIND,1423,SEC_CIK:0000926423,"MIND TECHNOLOGY, INC",1432,197390,0000926423,2027,Q2,50751,2026-07-31,2027-Q2,2026-07-31,2026-09-09,2026-09-09,NOT_FOUND,NOT_RECORDED,2026-10-05T06:50:06Z,NOT_RECORDED,1,2026-10-05T06:50:06Z,NO_ITEM_2_02_FOUND,NO_ITEM_2_02_FOUND,0,0,0,NOT_RECORDED,NOT_RECORDED,NOT_RECORDED,NOT_RECORDED,NULL,NONE_STORED;issuer_search_not_exhaustive,CANONICAL_ACCEPTED;authority_quarter_id_equal;forecast_links_NOT_AUDITED,UNIQUE_ACTIVE_CIK;no_blocker_proven,SHARADAR:c8a1adaae5ce74ef8374af3dc714c74fc057e1071222c183175cbf52fd51efb9:SHARADAR_ARQ_PRIMARY_V1:HIGH,,"10-Q|2026-09-09T20:16:07.000Z|0001437749-26-029986|report=2026-07-31|items=;8-K|2026-09-08T20:30:58.000Z|0001437749-26-029839|report=2026-09-08|items=2.02,7.01,9.01",2,0,1,1,https://www.sec.gov/Archives/edgar/data/926423/000143774926029839/mind20260619_8k.htm#sha256=b69d18c5b5aef78ecc644a85c64685548db7c17e5a9c5bbd932caa1fa4f163c5,https://www.sec.gov/Archives/edgar/data/926423/000143774926029839/mind20260619_8k.htm;https://www.sec.gov/Archives/edgar/data/926423/000143774926029986/mind20260731_10q.htm,NOT_RECORDED_PER_REQUEST,2026-10-05T16:08:01Z,2026-10-05,publication_drain_20261005T064921Z_43a1e040,RESOLVER_COVERAGE_GAP,STRICT_ITEM202_HEADING_REJECTION,P1,HIGH_LIKELY_COVERAGE_GAP,SEC Item 2.02 metadata and quarter-specific official financial results exist; current strict primary heading/form predicate rejects the filing.,"Implement focused future resolver recognition/event-context change with positive and negative fixtures; replay on copy only, preserve hierarchy and conflict handling.",ITEM202_HEADING_VARIANTS
URBN,2272,SEC_CIK:0000912615,URBAN OUTFITTERS INC,2283,197559,0000912615,2027,Q2,80780,2026-07-31,2027-Q2,2026-07-31,2026-09-09,2026-09-09,NOT_FOUND,NOT_RECORDED,2026-10-05T06:50:32Z,NOT_RECORDED,1,2026-10-05T06:50:32Z,NO_ITEM_2_02_FOUND,NO_ITEM_2_02_FOUND,0,0,0,NOT_RECORDED,NOT_RECORDED,NOT_RECORDED,NOT_RECORDED,NULL,NONE_STORED;issuer_search_not_exhaustive,CANONICAL_ACCEPTED;authority_quarter_id_equal;forecast_links_NOT_AUDITED,UNIQUE_ACTIVE_CIK;no_blocker_proven,SHARADAR:c03cb5d9fbdff286e0ce306a78d2dced40cb43c84206a56bbc093b8a2b768bf6:SHARADAR_ARQ_PRIMARY_V1:HIGH,,10-Q|2026-09-09T20:17:16.000Z|0001193125-26-386468|report=2026-07-31|items=,1,0,0,0,,https://www.sec.gov/Archives/edgar/data/912615/000119312526386468/urbn-20260731.htm,NOT_RECORDED_PER_REQUEST,2026-10-05T16:08:01Z,2026-10-05,publication_drain_20261005T064921Z_43a1e040,INSUFFICIENT_EVIDENCE,NO_MATCHED_PUBLICATION_DOCUMENT_VERIFIED,P2,LIMITED,SEC metadata inspected in the result-period acceptance window; no quarter-specific authoritative release verified. NO_ITEM_2_02_FOUND is not evidence of global publication absence.,Target official issuer release and relevant SEC document/exhibit before deciding coverage gap or evidenced absence; do not blindly retry.,DOMESTIC_OR_OTHER_METADATA_ONLY
MKDW,2525,SEC_CIK:0001991332,MKDWELL Tech Inc.,2537,639443,0001991332,2026,Q2,89430,2026-06-30,2026-Q2,2026-06-30,2026-09-08,2026-09-08,NOT_FOUND,NOT_RECORDED,2026-10-05T06:50:41Z,NOT_RECORDED,1,2026-10-05T06:50:41Z,NO_ITEM_2_02_FOUND,NO_ITEM_2_02_FOUND,0,0,0,NOT_RECORDED,NOT_RECORDED,NOT_RECORDED,NOT_RECORDED,NULL,NONE_STORED;issuer_search_not_exhaustive,CANONICAL_ACCEPTED;authority_quarter_id_equal;forecast_links_NOT_AUDITED,UNIQUE_ACTIVE_CIK;no_blocker_proven,SHARADAR:76d038ded47a07519f36170e793ff878426ca41d0c91da3026959cd182939094:SHARADAR_ARQ_PRIMARY_V1:HIGH,,6-K|2026-09-11T20:52:08.000Z|0001493152-26-042408|report=2026-09-11|items=;6-K|2026-09-08T10:30:58.000Z|0001493152-26-041679|report=2026-06-30|items=;6-K/A|2026-08-20T20:48:13.000Z|0001493152-26-039490|report=2026-08-20|items=;6-K/A|2026-08-20T20:46:13.000Z|0001493152-26-039489|report=2026-08-20|items=;6-K|2026-08-19T12:15:18.000Z|0001493152-26-039131|report=2026-08-19|items=;6-K|2026-07-22T12:00:19.000Z|0001493152-26-034175|report=2026-07-22|items=;6-K|2026-07-17T21:15:11.000Z|0001493152-26-033791|report=2026-07-17|items=,7,0,0,0,,https://www.sec.gov/Archives/edgar/data/1991332/000149315226042408/form6-k.htm;https://www.sec.gov/Archives/edgar/data/1991332/000149315226041679/form6-k.htm;https://www.sec.gov/Archives/edgar/data/1991332/000149315226039490/form6-ka.htm,NOT_RECORDED_PER_REQUEST,2026-10-05T16:08:01Z,2026-10-05,publication_drain_20261005T064921Z_43a1e040,INSUFFICIENT_EVIDENCE,FOREIGN_6K_CONTENT_NOT_VERIFIED,P2,LIMITED,"6-K metadata exists in bounded window; V1 does not support 6-K, but metadata alone does not establish a result release for this canonical quarter. Foreign reporting is not proof of absent publication.",Target official issuer release and relevant SEC document/exhibit before deciding coverage gap or evidenced absence; do not blindly retry.,FOREIGN_6K_METADATA_ONLY
WDH,2541,SEC_CIK:0001823986,Waterdrop Inc.,2553,635055,0001823986,2026,Q2,89801,2026-06-30,2026-Q2,2026-06-30,2026-09-08,2026-09-08,NOT_FOUND,NOT_RECORDED,2026-10-05T06:50:41Z,NOT_RECORDED,1,2026-10-05T06:50:41Z,NO_ITEM_2_02_FOUND,NO_ITEM_2_02_FOUND,0,0,0,NOT_RECORDED,NOT_RECORDED,NOT_RECORDED,NOT_RECORDED,NULL,NONE_STORED;issuer_search_not_exhaustive,CANONICAL_ACCEPTED;authority_quarter_id_equal;forecast_links_NOT_AUDITED,UNIQUE_ACTIVE_CIK;no_blocker_proven,SHARADAR:6e3ca801c9feb06a47d3ed858bb0918f8c2f341eba135e8d2b4aa33aa3679975:SHARADAR_ARQ_PRIMARY_V1:HIGH,,6-K|2026-09-08T11:30:46.000Z|0001104659-26-105667|report=2026-09-08|items=;6-K|2026-07-24T20:01:08.000Z|0001104659-26-086636|report=2026-07-24|items=,2,0,0,0,,https://www.sec.gov/Archives/edgar/data/1823986/000110465926105667/tm2624924d1_6k.htm;https://www.sec.gov/Archives/edgar/data/1823986/000110465926086636/tm2621269d1_6k.htm,NOT_RECORDED_PER_REQUEST,2026-10-05T16:08:01Z,2026-10-05,publication_drain_20261005T064921Z_43a1e040,INSUFFICIENT_EVIDENCE,FOREIGN_6K_CONTENT_NOT_VERIFIED,P2,LIMITED,"6-K metadata exists in bounded window; V1 does not support 6-K, but metadata alone does not establish a result release for this canonical quarter. Foreign reporting is not proof of absent publication.",Target official issuer release and relevant SEC document/exhibit before deciding coverage gap or evidenced absence; do not blindly retry.,FOREIGN_6K_METADATA_ONLY
CAN,2544,SEC_CIK:0001780652,Canaan Inc.,2556,110358,0001780652,2026,Q2,89848,2026-06-30,2026-Q2,2026-06-30,2026-09-08,2026-09-08,NOT_FOUND,NOT_RECORDED,2026-10-05T06:50:42Z,NOT_RECORDED,1,2026-10-05T06:50:42Z,NO_ITEM_2_02_FOUND,NO_ITEM_2_02_FOUND,0,0,0,NOT_RECORDED,NOT_RECORDED,NOT_RECORDED,NOT_RECORDED,NULL,NONE_STORED;issuer_search_not_exhaustive,CANONICAL_ACCEPTED;authority_quarter_id_equal;forecast_links_NOT_AUDITED,UNIQUE_ACTIVE_CIK;no_blocker_proven,SHARADAR:47a12c03a35f12f9edb702d74ff3ffce9b0be13a19afe5a0af804d1f92a56984:SHARADAR_ARQ_PRIMARY_V1:HIGH,,6-K|2026-09-14T13:15:04.000Z|0001104659-26-107320|report=2026-09-14|items=;6-K|2026-09-11T20:01:13.000Z|0001104659-26-107048|report=2026-09-11|items=;6-K|2026-09-08T11:20:24.000Z|0001104659-26-105660|report=2026-09-08|items=;6-K|2026-08-17T13:13:35.000Z|0001104659-26-097615|report=2026-08-17|items=;6-K|2026-08-04T13:14:49.000Z|0001104659-26-090114|report=2026-08-04|items=;6-K|2026-07-15T13:11:40.000Z|0001104659-26-083751|report=2026-07-15|items=;6-K|2026-07-14T20:01:28.000Z|0001104659-26-083490|report=2026-07-14|items=;6-K|2026-07-06T21:25:03.000Z|0001104659-26-080834|report=2026-07-06|items=,8,0,0,0,,https://www.sec.gov/Archives/edgar/data/1780652/000110465926107320/tm2625372d1_6k.htm;https://www.sec.gov/Archives/edgar/data/1780652/000110465926107048/tm2625192d1_6k.htm;https://www.sec.gov/Archives/edgar/data/1780652/000110465926105660/tm2624951d1_6k.htm,NOT_RECORDED_PER_REQUEST,2026-10-05T16:08:01Z,2026-10-05,publication_drain_20261005T064921Z_43a1e040,INSUFFICIENT_EVIDENCE,FOREIGN_6K_CONTENT_NOT_VERIFIED,P2,LIMITED,"6-K metadata exists in bounded window; V1 does not support 6-K, but metadata alone does not establish a result release for this canonical quarter. Foreign reporting is not proof of absent publication.",Target official issuer release and relevant SEC document/exhibit before deciding coverage gap or evidenced absence; do not blindly retry.,FOREIGN_6K_METADATA_ONLY
DOMO,700,SEC_CIK:0001505952,"Huckleberry.ai, Inc.",701,116453,0001505952,2027,Q2,24729,2026-07-31,2027-Q2,2026-07-31,2026-09-03,2026-09-03,NOT_FOUND,NOT_RECORDED,2026-10-05T06:49:47Z,NOT_RECORDED,1,2026-10-05T06:49:47Z,NO_ITEM_2_02_FOUND,NO_ITEM_2_02_FOUND,0,0,0,NOT_RECORDED,NOT_RECORDED,NOT_RECORDED,NOT_RECORDED,NULL,NONE_STORED;issuer_search_not_exhaustive,CANONICAL_ACCEPTED;authority_quarter_id_equal;forecast_links_NOT_AUDITED,UNIQUE_ACTIVE_CIK;no_blocker_proven,SHARADAR:30cac9f2c0df06d0dda1b3544fbe30d0d3123b04a726ef6957d5ffef6a86543c:SHARADAR_ARQ_PRIMARY_V1:HIGH,,10-Q|2026-09-03T21:28:36.000Z|0001628280-26-060537|report=2026-07-31|items=,1,0,0,0,,https://www.sec.gov/Archives/edgar/data/1505952/000162828026060537/domo10q-20260731.htm,NOT_RECORDED_PER_REQUEST,2026-10-05T16:08:01Z,2026-10-05,publication_drain_20261005T064921Z_43a1e040,INSUFFICIENT_EVIDENCE,NO_MATCHED_PUBLICATION_DOCUMENT_VERIFIED,P2,LIMITED,SEC metadata inspected in the result-period acceptance window; no quarter-specific authoritative release verified. NO_ITEM_2_02_FOUND is not evidence of global publication absence.,Target official issuer release and relevant SEC document/exhibit before deciding coverage gap or evidenced absence; do not blindly retry.,DOMESTIC_OR_OTHER_METADATA_ONLY
LYTS,1358,SEC_CIK:0000763532,LSI INDUSTRIES INC,1366,198623,0000763532,2026,Q4,48320,2026-06-30,2026-Q4,2026-06-30,2026-09-03,2026-09-03,NOT_FOUND,NOT_RECORDED,2026-10-05T06:50:04Z,NOT_RECORDED,1,2026-10-05T06:50:04Z,NO_ITEM_2_02_FOUND,NO_ITEM_2_02_FOUND,0,0,0,NOT_RECORDED,NOT_RECORDED,NOT_RECORDED,NOT_RECORDED,NULL,NONE_STORED;issuer_search_not_exhaustive,CANONICAL_ACCEPTED;authority_quarter_id_equal;forecast_links_NOT_AUDITED,UNIQUE_ACTIVE_CIK;no_blocker_proven,SHARADAR:a8a93994d9616069ae05c0698d3f0dd0b421b37f94f9097c6bd56794c8bec765:SHARADAR_ARQ_PRIMARY_V1:HIGH,,"10-K|2026-09-03T20:52:35.000Z|0001437749-26-029621|report=2026-06-30|items=;8-K|2026-08-20T12:15:11.000Z|0001437749-26-028592|report=2026-08-20|items=2.02,7.01,9.01",2,0,1,1,https://www.sec.gov/Archives/edgar/data/763532/000143774926028592/lyts20260814_8k.htm#sha256=a1a18ff8efcf2641a85db0a2e6030734f9b94218599b8ffb989a221ba6a8f9bf,https://www.sec.gov/Archives/edgar/data/763532/000143774926028592/lyts20260814_8k.htm;https://www.sec.gov/Archives/edgar/data/763532/000143774926029621/lyts20260630d_10k.htm,NOT_RECORDED_PER_REQUEST,2026-10-05T16:08:01Z,2026-10-05,publication_drain_20261005T064921Z_43a1e040,RESOLVER_COVERAGE_GAP,STRICT_ITEM202_HEADING_REJECTION,P1,HIGH_LIKELY_COVERAGE_GAP,SEC Item 2.02 metadata and quarter-specific official financial results exist; current strict primary heading/form predicate rejects the filing.,"Implement focused future resolver recognition/event-context change with positive and negative fixtures; replay on copy only, preserve hierarchy and conflict handling.",ITEM202_HEADING_VARIANTS
PHR,1736,SEC_CIK:0001412408,"Phreesia, Inc.",1746,110656,0001412408,2027,Q2,61867,2026-07-31,2027-Q2,2026-07-31,2026-09-03,2026-09-03,NOT_FOUND,NOT_RECORDED,2026-10-05T06:50:18Z,NOT_RECORDED,1,2026-10-05T06:50:18Z,NO_ITEM_2_02_FOUND,NO_ITEM_2_02_FOUND,0,0,0,NOT_RECORDED,NOT_RECORDED,NOT_RECORDED,NOT_RECORDED,NULL,NONE_STORED;issuer_search_not_exhaustive,CANONICAL_ACCEPTED;authority_quarter_id_equal;forecast_links_NOT_AUDITED,UNIQUE_ACTIVE_CIK;no_blocker_proven,SHARADAR:6491f9930d298d5f62517963ebf48e16985081bc5738b9e5770872a830214692:SHARADAR_ARQ_PRIMARY_V1:HIGH,,"10-Q|2026-09-03T20:07:21.000Z|0001412408-26-000223|report=2026-07-31|items=;8-K|2026-09-02T20:05:43.000Z|0001412408-26-000213|report=2026-09-02|items=2.02,9.01",2,0,3,3,https://www.sec.gov/Archives/edgar/data/1412408/000141240826000213/phr-20260902.htm#sha256=05d26c374ad95132acb55be0e0c344d4f7a97b5285dd08f77c7b1c5f33394f33;https://www.sec.gov/Archives/edgar/data/1412408/000141240826000213/phr-ex991q2fy27.htm#sha256=f0e2cffbd18dfc64c32fc63e9a81d508b6e56d74fab2376a0d5bc476370e9d9b;https://www.sec.gov/Archives/edgar/data/1412408/000141240826000213/phr-ex992q2fy27stakehold.htm#sha256=1141fad91f4450bd600b40bc9d35265d7653c74e633fe376c81d398ed656aa66,https://www.sec.gov/Archives/edgar/data/1412408/000141240826000213/phr-20260902.htm;https://www.sec.gov/Archives/edgar/data/1412408/000141240826000213/phr-ex991q2fy27.htm;https://www.sec.gov/Archives/edgar/data/1412408/000141240826000213/phr-ex992q2fy27stakehold.htm;https://www.sec.gov/Archives/edgar/data/1412408/000141240826000223/phr-20260731.htm,NOT_RECORDED_PER_REQUEST,2026-10-05T16:08:01Z,2026-10-05,publication_drain_20261005T064921Z_43a1e040,RESOLVER_COVERAGE_GAP,STRICT_ITEM202_HEADING_REJECTION,P1,HIGH_LIKELY_COVERAGE_GAP,SEC Item 2.02 metadata and quarter-specific official financial results exist; current strict primary heading/form predicate rejects the filing.,"Implement focused future resolver recognition/event-context change with positive and negative fixtures; replay on copy only, preserve hierarchy and conflict handling.",ITEM202_HEADING_VARIANTS
BMRA,343,SEC_CIK:0000073290,BIOMERICA INC,343,123744,0000073290,2026,Q4,12125,2026-05-31,2026-Q4,2026-05-31,2026-08-31,2026-08-31,NOT_FOUND,NOT_RECORDED,2026-10-05T06:49:35Z,NOT_RECORDED,1,2026-10-05T06:49:35Z,NO_ITEM_2_02_FOUND,NO_ITEM_2_02_FOUND,0,0,0,NOT_RECORDED,NOT_RECORDED,NOT_RECORDED,NOT_RECORDED,NULL,NONE_STORED;issuer_search_not_exhaustive,CANONICAL_ACCEPTED;authority_quarter_id_equal;forecast_links_NOT_AUDITED,UNIQUE_ACTIVE_CIK;no_blocker_proven,SHARADAR:141d97986bf9d301582c0fe4980399b9a6a3174265eac6096eb4138e6dffa590:SHARADAR_ARQ_PRIMARY_V1:HIGH,,10-K/A|2026-09-28T21:00:40.000Z|0001493152-26-044621|report=2026-05-31|items=;10-K|2026-08-31T21:00:37.000Z|0001493152-26-040851|report=2026-05-31|items=,2,0,0,0,,https://www.sec.gov/Archives/edgar/data/73290/000149315226044621/form10-ka.htm;https://www.sec.gov/Archives/edgar/data/73290/000149315226040851/form10-k.htm,NOT_RECORDED_PER_REQUEST,2026-10-05T16:08:01Z,2026-10-05,publication_drain_20261005T064921Z_43a1e040,INSUFFICIENT_EVIDENCE,NO_MATCHED_PUBLICATION_DOCUMENT_VERIFIED,P2,LIMITED,SEC metadata inspected in the result-period acceptance window; no quarter-specific authoritative release verified. NO_ITEM_2_02_FOUND is not evidence of global publication absence.,Target official issuer release and relevant SEC document/exhibit before deciding coverage gap or evidenced absence; do not blindly retry.,DOMESTIC_OR_OTHER_METADATA_ONLY
MLGO,1432,SEC_CIK:0001800392,MicroAlgo Inc.,1441,633368,0001800392,2026,Q2,51030,2026-06-30,2026-Q2,2026-06-30,2026-08-28,2026-08-28,NOT_FOUND,NOT_RECORDED,2026-10-05T06:50:07Z,NOT_RECORDED,1,2026-10-05T06:50:07Z,NO_ITEM_2_02_FOUND,NO_ITEM_2_02_FOUND,0,0,0,NOT_RECORDED,NOT_RECORDED,NOT_RECORDED,NOT_RECORDED,NULL,NONE_STORED;issuer_search_not_exhaustive,CANONICAL_ACCEPTED;authority_quarter_id_equal;forecast_links_NOT_AUDITED,UNIQUE_ACTIVE_CIK;no_blocker_proven,SHARADAR:683525503858a82aa8db8d87fc7279abd47d883269e665db025fdd41dbecd31f:SHARADAR_ARQ_PRIMARY_V1:HIGH,,6-K|2026-08-28T12:00:51.000Z|0001829126-26-009463|report=2026-06-30|items=,1,0,0,0,,https://www.sec.gov/Archives/edgar/data/1800392/000182912626009463/microalgo_6k.htm,NOT_RECORDED_PER_REQUEST,2026-10-05T16:08:01Z,2026-10-05,publication_drain_20261005T064921Z_43a1e040,INSUFFICIENT_EVIDENCE,FOREIGN_6K_CONTENT_NOT_VERIFIED,P2,LIMITED,"6-K metadata exists in bounded window; V1 does not support 6-K, but metadata alone does not establish a result release for this canonical quarter. Foreign reporting is not proof of absent publication.",Target official issuer release and relevant SEC document/exhibit before deciding coverage gap or evidenced absence; do not blindly retry.,FOREIGN_6K_METADATA_ONLY
PSQL,2546,SEC_CIK:0002119292,Pasqal Holding SA,2559,,0002119292,2025,Q4,89874,2025-12-31,2025-Q4,2025-12-31,2026-08-28,2026-08-28,NOT_FOUND,NOT_RECORDED,2026-10-05T06:50:42Z,NOT_RECORDED,1,2026-10-05T06:50:42Z,NO_ITEM_2_02_FOUND,NO_ITEM_2_02_FOUND,0,0,0,NOT_RECORDED,NOT_RECORDED,NOT_RECORDED,NOT_RECORDED,NULL,NONE_STORED;issuer_search_not_exhaustive,CANONICAL_ACCEPTED;authority_quarter_id_equal;forecast_links_NOT_AUDITED,UNIQUE_ACTIVE_CIK;no_blocker_proven,SHARADAR:3b90e4c44be5b34c748870ed70dbfe0532f17d7787fdb37fbf70d56fb546e45e:SHARADAR_ARQ_PRIMARY_V1:HIGH,,,0,0,0,0,,https://data.sec.gov/submissions/CIK0002119292.json,NOT_RECORDED_PER_REQUEST,2026-10-05T16:08:01Z,2026-10-05,publication_drain_20261005T064921Z_43a1e040,INSUFFICIENT_EVIDENCE,OLD_PERIOD_RECENT_PROVIDER_CONTEXT,P2,LIMITED,Recent scope comes from August 28 provider/source dates for December 31 2025 quarter; resolver acceptance window ends June 29 2026. This does not by itself prove provider anomaly or fiscal mismatch.,Target official issuer release and relevant SEC document/exhibit before deciding coverage gap or evidenced absence; do not blindly retry.,OLD_PERIOD_RECENT_CONTEXT
HOLO,1043,SEC_CIK:0001841209,MicroCloud Hologram Inc.,1047,635520,0001841209,2026,Q2,37000,2026-06-30,2026-Q2,2026-06-30,2026-08-27,2026-08-27,NOT_FOUND,NOT_RECORDED,2026-10-05T06:49:56Z,NOT_RECORDED,1,2026-10-05T06:49:56Z,NO_ITEM_2_02_FOUND,NO_ITEM_2_02_FOUND,0,0,0,NOT_RECORDED,NOT_RECORDED,NOT_RECORDED,NOT_RECORDED,NULL,NONE_STORED;issuer_search_not_exhaustive,CANONICAL_ACCEPTED;authority_quarter_id_equal;forecast_links_NOT_AUDITED,UNIQUE_ACTIVE_CIK;no_blocker_proven,SHARADAR:616bfb583b6fab63ff4f80c5554d1b040c12cffdf503f036d316160c6cd71b95:SHARADAR_ARQ_PRIMARY_V1:HIGH,,6-K|2026-08-27T13:00:41.000Z|0001829126-26-009388|report=2026-06-30|items=,1,0,0,0,,https://www.sec.gov/Archives/edgar/data/1841209/000182912626009388/microcloud_6k.htm,NOT_RECORDED_PER_REQUEST,2026-10-05T16:08:01Z,2026-10-05,publication_drain_20261005T064921Z_43a1e040,INSUFFICIENT_EVIDENCE,FOREIGN_6K_CONTENT_NOT_VERIFIED,P2,LIMITED,"6-K metadata exists in bounded window; V1 does not support 6-K, but metadata alone does not establish a result release for this canonical quarter. Foreign reporting is not proof of absent publication.",Target official issuer release and relevant SEC document/exhibit before deciding coverage gap or evidenced absence; do not blindly retry.,FOREIGN_6K_METADATA_ONLY
LUCK,1339,SEC_CIK:0001840572,Lucky Strike Entertainment Corp,1347,634048,0001840572,2026,Q4,47677,2026-06-28,2026-Q4,2026-06-28,2026-08-27,2026-08-27,NOT_FOUND,NOT_RECORDED,2026-10-05T06:50:03Z,NOT_RECORDED,1,2026-10-05T06:50:03Z,NO_ITEM_2_02_FOUND,NO_ITEM_2_02_FOUND,0,0,0,NOT_RECORDED,NOT_RECORDED,NOT_RECORDED,NOT_RECORDED,NULL,NONE_STORED;issuer_search_not_exhaustive,CANONICAL_ACCEPTED;authority_quarter_id_equal;forecast_links_NOT_AUDITED,UNIQUE_ACTIVE_CIK;no_blocker_proven,SHARADAR:cddb63463e9022d476b0b168aa5427bc40e869a48fb9da41bee4f89e82da70a7:SHARADAR_ARQ_PRIMARY_V1:HIGH,,"10-K|2026-08-27T11:34:26.000Z|0001628280-26-059179|report=2026-06-28|items=;8-K|2026-08-27T11:31:53.000Z|0001628280-26-059178|report=2026-08-27|items=2.02,7.01,9.01",2,0,2,2,https://www.sec.gov/Archives/edgar/data/1840572/000162828026059178/bowl-20260827.htm#sha256=5367d79307153d72dcbf1432e2186854f47e8a2b5f03f973d1b4a99abe23cc49;https://www.sec.gov/Archives/edgar/data/1840572/000162828026059178/pressreleaseq4fy-26.htm#sha256=05c10c3eef7ab594551c596b9ecc86818aacd7684948d053544e7773f9d3ab36,https://www.sec.gov/Archives/edgar/data/1840572/000162828026059178/bowl-20260827.htm;https://www.sec.gov/Archives/edgar/data/1840572/000162828026059178/pressreleaseq4fy-26.htm;https://www.sec.gov/Archives/edgar/data/1840572/000162828026059179/bowl-20260628.htm,NOT_RECORDED_PER_REQUEST,2026-10-05T16:08:01Z,2026-10-05,publication_drain_20261005T064921Z_43a1e040,RESOLVER_COVERAGE_GAP,STRICT_ITEM202_HEADING_REJECTION,P1,HIGH_LIKELY_COVERAGE_GAP,SEC Item 2.02 metadata and quarter-specific official financial results exist; current strict primary heading/form predicate rejects the filing.,"Implement focused future resolver recognition/event-context change with positive and negative fixtures; replay on copy only, preserve hierarchy and conflict handling.",ITEM202_HEADING_VARIANTS
NEGG,1525,SEC_CIK:0001474627,"Newegg Commerce, Inc.",1534,193126,0001474627,2026,Q2,54427,2026-06-30,2026-Q2,2026-06-30,2026-08-27,2026-08-27,NOT_FOUND,NOT_RECORDED,2026-10-05T06:50:10Z,NOT_RECORDED,1,2026-10-05T06:50:10Z,NO_ITEM_2_02_FOUND,NO_ITEM_2_02_FOUND,0,0,0,NOT_RECORDED,NOT_RECORDED,NOT_RECORDED,NOT_RECORDED,NULL,NONE_STORED;issuer_search_not_exhaustive,CANONICAL_ACCEPTED;authority_quarter_id_equal;forecast_links_NOT_AUDITED,UNIQUE_ACTIVE_CIK;no_blocker_proven,SHARADAR:ab128ef99c0d8c26333b3ed9997c753b17997f92fcc21de3b35785d401e21a0d:SHARADAR_ARQ_PRIMARY_V1:HIGH,,6-K|2026-09-14T21:31:48.000Z|0001213900-26-099797|report=2026-09-14|items=;6-K|2026-08-27T20:30:01.000Z|0001213900-26-094402|report=2026-08-27|items=,2,0,0,0,,https://www.sec.gov/Archives/edgar/data/1474627/000121390026099797/ea0305489-6k_newegg.htm;https://www.sec.gov/Archives/edgar/data/1474627/000121390026094402/ea0300453-6k_newegg.htm,NOT_RECORDED_PER_REQUEST,2026-10-05T16:08:01Z,2026-10-05,publication_drain_20261005T064921Z_43a1e040,INSUFFICIENT_EVIDENCE,FOREIGN_6K_CONTENT_NOT_VERIFIED,P2,LIMITED,"6-K metadata exists in bounded window; V1 does not support 6-K, but metadata alone does not establish a result release for this canonical quarter. Foreign reporting is not proof of absent publication.",Target official issuer release and relevant SEC document/exhibit before deciding coverage gap or evidenced absence; do not blindly retry.,FOREIGN_6K_METADATA_ONLY
OKTA,1630,SEC_CIK:0001660134,"Okta, Inc.",1640,124116,0001660134,2027,Q2,58056,2026-07-31,2027-Q2,2026-07-31,2026-08-27,2026-08-27,NOT_FOUND,NOT_RECORDED,2026-10-05T06:50:13Z,NOT_RECORDED,1,2026-10-05T06:50:13Z,NO_ITEM_2_02_FOUND,NO_ITEM_2_02_FOUND,0,0,0,NOT_RECORDED,NOT_RECORDED,NOT_RECORDED,NOT_RECORDED,NULL,NONE_STORED;issuer_search_not_exhaustive,CANONICAL_ACCEPTED;authority_quarter_id_equal;forecast_links_NOT_AUDITED,UNIQUE_ACTIVE_CIK;no_blocker_proven,SHARADAR:c17f9deb7393097782ad84d95a992f15d06f8647b6088d18b28f8927a1e712a5:SHARADAR_ARQ_PRIMARY_V1:HIGH,,"10-Q|2026-08-26T22:05:50.000Z|0001660134-26-000069|report=2026-07-31|items=;8-K|2026-08-26T20:03:06.000Z|0001660134-26-000068|report=2026-08-26|items=2.02,9.01",2,0,2,2,https://www.sec.gov/Archives/edgar/data/1660134/000166013426000068/okta-20260826.htm#sha256=3616bbbe92c5dc4a21fbb1932d842a9f959be4bd625d31d01ba83628af91e4d9;https://www.sec.gov/Archives/edgar/data/1660134/000166013426000068/okta-7312026_ex991.htm#sha256=21999140e6879436426b01be26186afe1aedcb91209e4beb56dd7f5613b75016,https://www.sec.gov/Archives/edgar/data/1660134/000166013426000068/okta-20260826.htm;https://www.sec.gov/Archives/edgar/data/1660134/000166013426000068/okta-7312026_ex991.htm;https://www.sec.gov/Archives/edgar/data/1660134/000166013426000069/okta-20260731.htm,NOT_RECORDED_PER_REQUEST,2026-10-05T16:08:01Z,2026-10-05,publication_drain_20261005T064921Z_43a1e040,RESOLVER_COVERAGE_GAP,STRICT_ITEM202_HEADING_REJECTION,P1,HIGH_LIKELY_COVERAGE_GAP,SEC Item 2.02 metadata and quarter-specific official financial results exist; current strict primary heading/form predicate rejects the filing.,"Implement focused future resolver recognition/event-context change with positive and negative fixtures; replay on copy only, preserve hierarchy and conflict handling.",ITEM202_HEADING_VARIANTS
WDAY,2357,SEC_CIK:0001327811,"Workday, Inc.",2368,194807,0001327811,2027,Q2,83911,2026-07-31,2027-Q2,2026-07-31,2026-08-27,2026-08-27,NOT_FOUND,NOT_RECORDED,2026-10-05T06:50:35Z,NOT_RECORDED,1,2026-10-05T06:50:35Z,NO_ITEM_2_02_FOUND,NO_ITEM_2_02_FOUND,0,0,0,NOT_RECORDED,NOT_RECORDED,NOT_RECORDED,NOT_RECORDED,NULL,NONE_STORED;issuer_search_not_exhaustive,CANONICAL_ACCEPTED;authority_quarter_id_equal;forecast_links_NOT_AUDITED,UNIQUE_ACTIVE_CIK;no_blocker_proven,SHARADAR:286ae3cd93304a49bca98b0a00c9c756ca104b51c5aa24328ad5a66a1d5be7f7:SHARADAR_ARQ_PRIMARY_V1:HIGH,,"8-K|2026-09-29T20:01:40.000Z|0001327811-26-000048|report=2026-09-29|items=2.02,2.05;10-Q|2026-08-27T20:11:42.000Z|0001327811-26-000044|report=2026-07-31|items=;8-K|2026-08-27T20:01:44.000Z|0001327811-26-000042|report=2026-08-27|items=2.02,8.01,9.01",3,0,3,2,https://www.sec.gov/Archives/edgar/data/1327811/000132781126000048/wday-20260929.htm#sha256=6f3244677b583f78d6432b523cf730c3d6460be0926e5346a4b5be52441a5219;https://www.sec.gov/Archives/edgar/data/1327811/000132781126000042/wday-20260827.htm#sha256=4a2b242b108161655f32e5d659c3f2ad9e2a70c6d1dda35885d09d6569c094c5;https://www.sec.gov/Archives/edgar/data/1327811/000132781126000042/wday-07312026x991.htm#sha256=7feb8bba597f9dee4e6c59a1e24be0cdd875aac58f68a1f83390b4ead6fde029,https://www.sec.gov/Archives/edgar/data/1327811/000132781126000048/wday-20260929.htm;https://www.sec.gov/Archives/edgar/data/1327811/000132781126000042/wday-20260827.htm;https://www.sec.gov/Archives/edgar/data/1327811/000132781126000042/wday-07312026x991.htm;https://www.sec.gov/Archives/edgar/data/1327811/000132781126000044/wday-20260731.htm,NOT_RECORDED_PER_REQUEST,2026-10-05T16:08:01Z,2026-10-05,publication_drain_20261005T064921Z_43a1e040,RESOLVER_COVERAGE_GAP,STRICT_ITEM202_HEADING_REJECTION,P1,HIGH_LIKELY_COVERAGE_GAP,SEC Item 2.02 metadata and quarter-specific official financial results exist; current strict primary heading/form predicate rejects the filing.,"Implement focused future resolver recognition/event-context change with positive and negative fixtures; replay on copy only, preserve hierarchy and conflict handling.",ITEM202_HEADING_VARIANTS
SCNI,1965,SEC_CIK:0001611747,Scinai Immunotherapeutics Ltd.,1975,165553,0001611747,2026,Q2,70020,2026-06-30,2026-Q2,2026-06-30,2026-08-26,2026-08-26,NOT_FOUND,NOT_RECORDED,2026-10-05T06:50:23Z,NOT_RECORDED,1,2026-10-05T06:50:23Z,NO_ITEM_2_02_FOUND,NO_ITEM_2_02_FOUND,0,0,0,NOT_RECORDED,NOT_RECORDED,NOT_RECORDED,NOT_RECORDED,NULL,NONE_STORED;issuer_search_not_exhaustive,CANONICAL_ACCEPTED;authority_quarter_id_equal;forecast_links_NOT_AUDITED,UNIQUE_ACTIVE_CIK;no_blocker_proven,SHARADAR:84ab67009819497c0b2d788244fc2a6c23b829ae065e66f874f549a80b30ae50:SHARADAR_ARQ_PRIMARY_V1:HIGH,,6-K|2026-09-21T11:00:14.000Z|0001213900-26-101636|report=2026-09-21|items=;6-K|2026-09-08T13:54:36.000Z|0001213900-26-097891|report=2026-09-08|items=;6-K|2026-08-26T12:13:36.000Z|0001213900-26-093738|report=2026-06-30|items=;6-K|2026-08-19T13:25:01.000Z|0001213900-26-091445|report=2026-08-19|items=,4,0,0,0,,https://www.sec.gov/Archives/edgar/data/1611747/000121390026101636/ea0306058-6k_scinai.htm;https://www.sec.gov/Archives/edgar/data/1611747/000121390026097891/ea0304833-6k_scinai.htm;https://www.sec.gov/Archives/edgar/data/1611747/000121390026093738/ea0302364-6k_scinai.htm,NOT_RECORDED_PER_REQUEST,2026-10-05T16:08:01Z,2026-10-05,publication_drain_20261005T064921Z_43a1e040,INSUFFICIENT_EVIDENCE,FOREIGN_6K_CONTENT_NOT_VERIFIED,P2,LIMITED,"6-K metadata exists in bounded window; V1 does not support 6-K, but metadata alone does not establish a result release for this canonical quarter. Foreign reporting is not proof of absent publication.",Target official issuer release and relevant SEC document/exhibit before deciding coverage gap or evidenced absence; do not blindly retry.,FOREIGN_6K_METADATA_ONLY
BABA,2465,SEC_CIK:0001577552,Alibaba Group Holding Ltd,2477,167247,0001577552,2027,Q1,87800,2026-06-30,2027-Q1,2026-06-30,2026-08-20,2026-08-20,NOT_FOUND,NOT_RECORDED,2026-10-05T06:50:37Z,NOT_RECORDED,1,2026-10-05T06:50:37Z,NO_ITEM_2_02_FOUND,NO_ITEM_2_02_FOUND,0,0,0,NOT_RECORDED,NOT_RECORDED,NOT_RECORDED,NOT_RECORDED,NULL,NONE_STORED;issuer_search_not_exhaustive,CANONICAL_ACCEPTED;authority_quarter_id_equal;forecast_links_NOT_AUDITED,UNIQUE_ACTIVE_CIK;no_blocker_proven,SHARADAR:ab15b4aac9f82e9c23dcf947420a819127c16e9a4a82efbf7ac2dc3e9f9f497d:SHARADAR_ARQ_PRIMARY_V1:HIGH,,6-K|2026-09-29T20:01:16.000Z|0001104659-26-111915|report=2026-09-29|items=;6-K|2026-09-22T20:01:30.000Z|0001104659-26-109625|report=2026-09-22|items=;6-K|2026-09-04T10:35:44.000Z|0001104659-26-105208|report=2026-09-04|items=;6-K|2026-08-26T11:25:53.000Z|0001193125-26-365894|report=2026-08-26|items=;6-K|2026-08-26T10:18:09.000Z|0001104659-26-101020|report=2026-08-26|items=;6-K|2026-08-24T10:24:15.000Z|0001104659-26-099873|report=2026-08-24|items=;6-K|2026-08-24T10:05:32.000Z|0001193125-26-361715|report=2026-08-24|items=;6-K|2026-08-20T20:05:09.000Z|0001104659-26-099220|report=2026-08-20|items=;6-K|2026-08-14T10:02:25.000Z|0001104659-26-096226|report=2026-08-14|items=;6-K|2026-08-07T10:03:29.000Z|0001104659-26-092284|report=2026-08-07|items=;6-K|2026-08-06T20:06:18.000Z|0001104659-26-091990|report=2026-08-06|items=;6-K|2026-08-06T12:53:35.000Z|0001193125-26-336936|report=2026-08-06|items=,16,4,0,0,,https://www.sec.gov/Archives/edgar/data/1577552/000110465926111915/tm2626567d1_6k.htm;https://www.sec.gov/Archives/edgar/data/1577552/000110465926109625/tm2625915d1_6k.htm;https://www.sec.gov/Archives/edgar/data/1577552/000110465926105208/tm2624818d1_6k.htm,NOT_RECORDED_PER_REQUEST,2026-10-05T16:08:01Z,2026-10-05,publication_drain_20261005T064921Z_43a1e040,INSUFFICIENT_EVIDENCE,FOREIGN_6K_CONTENT_NOT_VERIFIED,P2,LIMITED,"6-K metadata exists in bounded window; V1 does not support 6-K, but metadata alone does not establish a result release for this canonical quarter. Foreign reporting is not proof of absent publication.",Target official issuer release and relevant SEC document/exhibit before deciding coverage gap or evidenced absence; do not blindly retry.,FOREIGN_6K_METADATA_ONLY
DBGI,642,SEC_CIK:0001668010,"Digital Brands Group, Inc.",643,635154,0001668010,2026,Q2,22689,2026-06-30,2026-Q2,2026-06-30,2026-08-19,2026-08-19,NOT_FOUND,NOT_RECORDED,2026-10-05T06:49:45Z,NOT_RECORDED,1,2026-10-05T06:49:45Z,NO_ITEM_2_02_FOUND,NO_ITEM_2_02_FOUND,0,0,0,NOT_RECORDED,NOT_RECORDED,NOT_RECORDED,NOT_RECORDED,NULL,NONE_STORED;issuer_search_not_exhaustive,CANONICAL_ACCEPTED;authority_quarter_id_equal;forecast_links_NOT_AUDITED,UNIQUE_ACTIVE_CIK;no_blocker_proven,SHARADAR:8edf69b1cbfb3a4f6940df0c6b06fbb229f52abf62a81f48eee5e775411633ed:SHARADAR_ARQ_PRIMARY_V1:HIGH,,10-Q|2026-08-19T20:06:04.000Z|0001493152-26-039208|report=2026-06-30|items=,1,0,0,0,,https://www.sec.gov/Archives/edgar/data/1668010/000149315226039208/form10-q.htm,NOT_RECORDED_PER_REQUEST,2026-10-05T16:08:01Z,2026-10-05,publication_drain_20261005T064921Z_43a1e040,INSUFFICIENT_EVIDENCE,NO_MATCHED_PUBLICATION_DOCUMENT_VERIFIED,P2,LIMITED,SEC metadata inspected in the result-period acceptance window; no quarter-specific authoritative release verified. NO_ITEM_2_02_FOUND is not evidence of global publication absence.,Target official issuer release and relevant SEC document/exhibit before deciding coverage gap or evidenced absence; do not blindly retry.,DOMESTIC_OR_OTHER_METADATA_ONLY
KALA,1200,SEC_CIK:0001479419,"KALA BIO, Inc.",1204,123082,0001479419,2026,Q2,42692,2026-06-30,2026-Q2,2026-06-30,2026-08-19,2026-08-19,NOT_FOUND,NOT_RECORDED,2026-10-05T06:49:59Z,NOT_RECORDED,1,2026-10-05T06:49:59Z,NO_ITEM_2_02_FOUND,NO_ITEM_2_02_FOUND,0,0,0,NOT_RECORDED,NOT_RECORDED,NOT_RECORDED,NOT_RECORDED,NULL,NONE_STORED;issuer_search_not_exhaustive,CANONICAL_ACCEPTED;authority_quarter_id_equal;forecast_links_NOT_AUDITED,UNIQUE_ACTIVE_CIK;no_blocker_proven,SHARADAR:3de0925e0a28ebe14cf471ed3a8fc5c9b37a7d274d8410fd7d01e617ff8353fa:SHARADAR_ARQ_PRIMARY_V1:HIGH,,10-Q|2026-08-19T20:16:45.000Z|0001104659-26-098783|report=2026-06-30|items=,1,0,0,0,,https://www.sec.gov/Archives/edgar/data/1479419/000110465926098783/kala-20260630x10q.htm,NOT_RECORDED_PER_REQUEST,2026-10-05T16:08:01Z,2026-10-05,publication_drain_20261005T064921Z_43a1e040,INSUFFICIENT_EVIDENCE,NO_MATCHED_PUBLICATION_DOCUMENT_VERIFIED,P2,LIMITED,SEC metadata inspected in the result-period acceptance window; no quarter-specific authoritative release verified. NO_ITEM_2_02_FOUND is not evidence of global publication absence.,Target official issuer release and relevant SEC document/exhibit before deciding coverage gap or evidenced absence; do not blindly retry.,DOMESTIC_OR_OTHER_METADATA_ONLY
RR,1920,SEC_CIK:0001963685,RICHTECH ROBOTICS INC.,1930,640746,0001963685,2026,Q3,68432,2026-06-30,2026-Q3,2026-06-30,2026-08-19,2026-08-19,NOT_FOUND,NOT_RECORDED,2026-10-05T06:50:22Z,NOT_RECORDED,1,2026-10-05T06:50:22Z,NO_ITEM_2_02_FOUND,NO_ITEM_2_02_FOUND,0,0,0,NOT_RECORDED,NOT_RECORDED,NOT_RECORDED,NOT_RECORDED,NULL,NONE_STORED;issuer_search_not_exhaustive,CANONICAL_ACCEPTED;authority_quarter_id_equal;forecast_links_NOT_AUDITED,UNIQUE_ACTIVE_CIK;no_blocker_proven,SHARADAR:6f6c12490f3eddbc555cf4a9e973af2788f6d7753e7938060d86f532b2cf4a74:SHARADAR_ARQ_PRIMARY_V1:HIGH,,10-Q|2026-08-19T21:30:30.000Z|0001213900-26-091798|report=2026-06-30|items=,1,0,0,0,,https://www.sec.gov/Archives/edgar/data/1963685/000121390026091798/ea0302286-10q_richtech.htm,NOT_RECORDED_PER_REQUEST,2026-10-05T16:08:01Z,2026-10-05,publication_drain_20261005T064921Z_43a1e040,INSUFFICIENT_EVIDENCE,NO_MATCHED_PUBLICATION_DOCUMENT_VERIFIED,P2,LIMITED,SEC metadata inspected in the result-period acceptance window; no quarter-specific authoritative release verified. NO_ITEM_2_02_FOUND is not evidence of global publication absence.,Target official issuer release and relevant SEC document/exhibit before deciding coverage gap or evidenced absence; do not blindly retry.,DOMESTIC_OR_OTHER_METADATA_ONLY
SURG,2105,SEC_CIK:0001392694,"SurgePays, Inc.",2115,108817,0001392694,2026,Q2,74853,2026-06-30,2026-Q2,2026-06-30,2026-08-19,2026-08-19,NOT_FOUND,NOT_RECORDED,2026-10-05T06:50:28Z,NOT_RECORDED,1,2026-10-05T06:50:28Z,NO_ITEM_2_02_FOUND,NO_ITEM_2_02_FOUND,0,0,0,NOT_RECORDED,NOT_RECORDED,NOT_RECORDED,NOT_RECORDED,NULL,NONE_STORED;issuer_search_not_exhaustive,CANONICAL_ACCEPTED;authority_quarter_id_equal;forecast_links_NOT_AUDITED,UNIQUE_ACTIVE_CIK;no_blocker_proven,SHARADAR:c4c1b9c24237435f4191b055ccdca25c9fe9d523ecca60647fe382565c7db465:SHARADAR_ARQ_PRIMARY_V1:HIGH,,10-Q|2026-08-19T21:02:40.000Z|0001493152-26-039250|report=2026-06-30|items=,1,0,0,0,,https://www.sec.gov/Archives/edgar/data/1392694/000149315226039250/form10-q.htm,NOT_RECORDED_PER_REQUEST,2026-10-05T16:08:01Z,2026-10-05,publication_drain_20261005T064921Z_43a1e040,INSUFFICIENT_EVIDENCE,NO_MATCHED_PUBLICATION_DOCUMENT_VERIFIED,P2,LIMITED,SEC metadata inspected in the result-period acceptance window; no quarter-specific authoritative release verified. NO_ITEM_2_02_FOUND is not evidence of global publication absence.,Target official issuer release and relevant SEC document/exhibit before deciding coverage gap or evidenced absence; do not blindly retry.,DOMESTIC_OR_OTHER_METADATA_ONLY
CHRN,2488,SEC_CIK:0001549084,ChronoScale Holdings Corp,2500,191913,0001549084,2026,Q4,88469,2026-05-31,2026-Q4,2026-05-31,2026-08-19,2026-08-19,NOT_FOUND,NOT_RECORDED,2026-10-05T06:50:39Z,NOT_RECORDED,1,2026-10-05T06:50:39Z,NO_ITEM_2_02_FOUND,NO_ITEM_2_02_FOUND,0,0,0,NOT_RECORDED,NOT_RECORDED,NOT_RECORDED,NOT_RECORDED,NULL,NONE_STORED;issuer_search_not_exhaustive,CANONICAL_ACCEPTED;authority_quarter_id_equal;forecast_links_NOT_AUDITED,UNIQUE_ACTIVE_CIK;no_blocker_proven,SHARADAR:698398580f07f5a5e8f631dc544608a08fb7eb98d21524c7efc312361cc692bc:SHARADAR_ARQ_PRIMARY_V1:HIGH,,10-K|2026-08-19T21:16:38.000Z|0001628280-26-058018|report=2026-05-31|items=,1,0,0,0,,https://www.sec.gov/Archives/edgar/data/1549084/000162828026058018/chrn-20260531.htm,NOT_RECORDED_PER_REQUEST,2026-10-05T16:08:01Z,2026-10-05,publication_drain_20261005T064921Z_43a1e040,INSUFFICIENT_EVIDENCE,NO_MATCHED_PUBLICATION_DOCUMENT_VERIFIED,P2,LIMITED,SEC metadata inspected in the result-period acceptance window; no quarter-specific authoritative release verified. NO_ITEM_2_02_FOUND is not evidence of global publication absence.,Target official issuer release and relevant SEC document/exhibit before deciding coverage gap or evidenced absence; do not blindly retry.,DOMESTIC_OR_OTHER_METADATA_ONLY
INHD,1131,SEC_CIK:0001961847,INNO HOLDINGS INC.,1135,640835,0001961847,2026,Q3,40148,2026-06-30,2026-Q3,2026-06-30,2026-08-18,2026-08-18,NOT_FOUND,NOT_RECORDED,2026-10-05T06:49:56Z,NOT_RECORDED,1,2026-10-05T06:49:56Z,NO_ITEM_2_02_FOUND,NO_ITEM_2_02_FOUND,0,0,0,NOT_RECORDED,NOT_RECORDED,NOT_RECORDED,NOT_RECORDED,NULL,NONE_STORED;issuer_search_not_exhaustive,CANONICAL_ACCEPTED;authority_quarter_id_equal;forecast_links_NOT_AUDITED,UNIQUE_ACTIVE_CIK;no_blocker_proven,SHARADAR:49afeff1bfa71502939ea884232c6a72fb45eab686870752ee06239f90e894a5:SHARADAR_ARQ_PRIMARY_V1:HIGH,,10-Q|2026-08-18T20:15:46.000Z|0001493152-26-039013|report=2026-06-30|items=,1,0,0,0,,https://www.sec.gov/Archives/edgar/data/1961847/000149315226039013/form10-q.htm,NOT_RECORDED_PER_REQUEST,2026-10-05T16:08:01Z,2026-10-05,publication_drain_20261005T064921Z_43a1e040,INSUFFICIENT_EVIDENCE,NO_MATCHED_PUBLICATION_DOCUMENT_VERIFIED,P2,LIMITED,SEC metadata inspected in the result-period acceptance window; no quarter-specific authoritative release verified. NO_ITEM_2_02_FOUND is not evidence of global publication absence.,Target official issuer release and relevant SEC document/exhibit before deciding coverage gap or evidenced absence; do not blindly retry.,DOMESTIC_OR_OTHER_METADATA_ONLY
POLA,1765,SEC_CIK:0001622345,"Polar Power, Inc.",1775,124328,0001622345,2026,Q2,62940,2026-06-30,2026-Q2,2026-06-30,2026-08-18,2026-08-18,NOT_FOUND,NOT_RECORDED,2026-10-05T06:50:19Z,NOT_RECORDED,1,2026-10-05T06:50:19Z,NO_ITEM_2_02_FOUND,NO_ITEM_2_02_FOUND,0,0,0,NOT_RECORDED,NOT_RECORDED,NOT_RECORDED,NOT_RECORDED,NULL,NONE_STORED;issuer_search_not_exhaustive,CANONICAL_ACCEPTED;authority_quarter_id_equal;forecast_links_NOT_AUDITED,UNIQUE_ACTIVE_CIK;no_blocker_proven,SHARADAR:cbdd8f0840f6e65df9f69071ad21bb5cc5f2851776d6f59aa1ce4f1387eaa9b9:SHARADAR_ARQ_PRIMARY_V1:HIGH,,"10-Q|2026-08-18T21:08:32.000Z|0001493152-26-039040|report=2026-06-30|items=;8-K|2026-07-07T21:25:42.000Z|0001493152-26-032382|report=2026-06-30|items=1.01,2.03,3.02,9.01",2,0,0,0,,https://www.sec.gov/Archives/edgar/data/1622345/000149315226039040/form10-q.htm;https://www.sec.gov/Archives/edgar/data/1622345/000149315226032382/form8-k.htm,NOT_RECORDED_PER_REQUEST,2026-10-05T16:08:01Z,2026-10-05,publication_drain_20261005T064921Z_43a1e040,INSUFFICIENT_EVIDENCE,NO_MATCHED_PUBLICATION_DOCUMENT_VERIFIED,P2,LIMITED,SEC metadata inspected in the result-period acceptance window; no quarter-specific authoritative release verified. NO_ITEM_2_02_FOUND is not evidence of global publication absence.,Target official issuer release and relevant SEC document/exhibit before deciding coverage gap or evidenced absence; do not blindly retry.,DOMESTIC_OR_OTHER_METADATA_ONLY
BHP,2466,SEC_CIK:0000811809,BHP Group Ltd,2478,124612,0000811809,2026,Q4,87819,2026-06-30,2026-Q4,2026-06-30,2026-08-18,2026-08-18,NOT_FOUND,NOT_RECORDED,2026-10-05T06:50:37Z,NOT_RECORDED,1,2026-10-05T06:50:37Z,NO_ITEM_2_02_FOUND,NO_ITEM_2_02_FOUND,0,0,0,NOT_RECORDED,NOT_RECORDED,NOT_RECORDED,NOT_RECORDED,NULL,NONE_STORED;issuer_search_not_exhaustive,CANONICAL_ACCEPTED;authority_quarter_id_equal;forecast_links_NOT_AUDITED,UNIQUE_ACTIVE_CIK;no_blocker_proven,SHARADAR:ce8e6a878f4dcac973391b3df08fc86ca481761e8274dd33dfb0eb6fd7f9beea:SHARADAR_ARQ_PRIMARY_V1:HIGH,,6-K|2026-09-16T10:16:09.000Z|0001193125-26-392490|report=2026-09-16|items=;6-K|2026-09-15T10:01:08.000Z|0001193125-26-391223|report=2026-09-15|items=;6-K|2026-09-14T13:33:57.000Z|0001193125-26-389942|report=2026-09-14|items=;6-K|2026-09-04T22:44:59.000Z|0001193125-26-383926|report=2026-09-04|items=;6-K|2026-08-28T10:02:37.000Z|0001193125-26-371991|report=2026-08-28|items=;6-K|2026-08-25T22:44:27.000Z|0001193125-26-365512|report=2026-08-25|items=;6-K|2026-08-18T22:55:20.000Z|0001193125-26-355840|report=2026-08-18|items=;20-F|2026-08-18T10:06:03.000Z|0001193125-26-354647|report=2026-06-30|items=;6-K|2026-07-17T10:28:25.000Z|0001193125-26-306705|report=2026-07-16|items=;6-K|2026-07-01T12:13:26.000Z|0001193125-26-291598|report=2026-07-01|items=;6-K|2026-07-01T12:12:46.000Z|0001193125-26-291596|report=2026-07-01|items=;6-K|2026-06-30T21:21:28.000Z|0001193125-26-290837|report=2026-06-30|items=,12,0,0,0,,https://www.sec.gov/Archives/edgar/data/811809/000119312526392490/d150671d6k.htm;https://www.sec.gov/Archives/edgar/data/811809/000119312526391223/d854780d6k.htm;https://www.sec.gov/Archives/edgar/data/811809/000119312526389942/d98674d6k.htm,NOT_RECORDED_PER_REQUEST,2026-10-05T16:08:01Z,2026-10-05,publication_drain_20261005T064921Z_43a1e040,INSUFFICIENT_EVIDENCE,FOREIGN_6K_CONTENT_NOT_VERIFIED,P2,LIMITED,"6-K metadata exists in bounded window; V1 does not support 6-K, but metadata alone does not establish a result release for this canonical quarter. Foreign reporting is not proof of absent publication.",Target official issuer release and relevant SEC document/exhibit before deciding coverage gap or evidenced absence; do not blindly retry.,FOREIGN_6K_METADATA_ONLY
BIDU,2467,SEC_CIK:0001329099,"Baidu, Inc.",2479,190868,0001329099,2026,Q2,87860,2026-06-30,2026-Q2,2026-06-30,2026-08-18,2026-08-18,NOT_FOUND,NOT_RECORDED,2026-10-05T06:50:37Z,NOT_RECORDED,1,2026-10-05T06:50:37Z,NO_ITEM_2_02_FOUND,NO_ITEM_2_02_FOUND,0,0,0,NOT_RECORDED,NOT_RECORDED,NOT_RECORDED,NOT_RECORDED,NULL,NONE_STORED;issuer_search_not_exhaustive,CANONICAL_ACCEPTED;authority_quarter_id_equal;forecast_links_NOT_AUDITED,UNIQUE_ACTIVE_CIK;no_blocker_proven,SHARADAR:6d72277724fd953ab1eb6efd042a77c82e2c2d808587f6b9a9de013b837b3ca8:SHARADAR_ARQ_PRIMARY_V1:HIGH,,6-K|2026-10-01T10:30:27.000Z|0001193125-26-409756|report=2026-10-01|items=;6-K|2026-09-30T10:30:18.000Z|0001193125-26-408259|report=2026-09-30|items=;6-K|2026-09-29T10:31:10.000Z|0001193125-26-405930|report=2026-09-29|items=;6-K|2026-09-28T11:11:26.000Z|0001193125-26-403371|report=2026-09-28|items=;6-K|2026-09-25T10:31:02.000Z|0001193125-26-401534|report=2026-09-25|items=;6-K|2026-09-24T10:32:40.000Z|0001193125-26-400108|report=2026-09-24|items=;6-K|2026-09-23T10:30:20.000Z|0001193125-26-398460|report=2026-09-23|items=;6-K|2026-09-22T10:34:11.000Z|0001193125-26-397206|report=2026-09-22|items=;6-K|2026-09-21T10:30:49.000Z|0001193125-26-396029|report=2026-09-21|items=;6-K|2026-09-18T10:32:40.000Z|0001193125-26-395019|report=2026-09-18|items=;6-K|2026-09-17T20:01:41.000Z|0001193125-26-394299|report=2026-09-17|items=;6-K|2026-09-17T10:32:48.000Z|0001193125-26-393691|report=2026-09-17|items=,30,18,0,0,,https://www.sec.gov/Archives/edgar/data/1329099/000119312526409756/d110370d6k.htm;https://www.sec.gov/Archives/edgar/data/1329099/000119312526408259/d44191d6k.htm;https://www.sec.gov/Archives/edgar/data/1329099/000119312526405930/d149776d6k.htm,NOT_RECORDED_PER_REQUEST,2026-10-05T16:08:01Z,2026-10-05,publication_drain_20261005T064921Z_43a1e040,INSUFFICIENT_EVIDENCE,FOREIGN_6K_CONTENT_NOT_VERIFIED,P2,LIMITED,"6-K metadata exists in bounded window; V1 does not support 6-K, but metadata alone does not establish a result release for this canonical quarter. Foreign reporting is not proof of absent publication.",Target official issuer release and relevant SEC document/exhibit before deciding coverage gap or evidenced absence; do not blindly retry.,FOREIGN_6K_METADATA_ONLY
VNET,2475,SEC_CIK:0001508475,"VNET Group, Inc.",2487,189272,0001508475,2026,Q2,88151,2026-06-30,2026-Q2,2026-06-30,2026-08-18,2026-08-18,NOT_FOUND,NOT_RECORDED,2026-10-05T06:50:38Z,NOT_RECORDED,1,2026-10-05T06:50:38Z,NO_ITEM_2_02_FOUND,NO_ITEM_2_02_FOUND,0,0,0,NOT_RECORDED,NOT_RECORDED,NOT_RECORDED,NOT_RECORDED,NULL,NONE_STORED;issuer_search_not_exhaustive,CANONICAL_ACCEPTED;authority_quarter_id_equal;forecast_links_NOT_AUDITED,UNIQUE_ACTIVE_CIK;no_blocker_proven,SHARADAR:853600178726798e4d50b35c7c60fe1d5104f5dea1225ac2f08dbd613a7e20c6:SHARADAR_ARQ_PRIMARY_V1:HIGH,,6-K|2026-09-21T10:02:01.000Z|0001104659-26-109028|report=2026-09-21|items=;6-K|2026-08-18T10:16:34.000Z|0001104659-26-098054|report=2026-08-18|items=,2,0,0,0,,https://www.sec.gov/Archives/edgar/data/1508475/000110465926109028/tm2625821d1_6k.htm;https://www.sec.gov/Archives/edgar/data/1508475/000110465926098054/tm2623481d1_6k.htm,NOT_RECORDED_PER_REQUEST,2026-10-05T16:08:01Z,2026-10-05,publication_drain_20261005T064921Z_43a1e040,INSUFFICIENT_EVIDENCE,FOREIGN_6K_CONTENT_NOT_VERIFIED,P2,LIMITED,"6-K metadata exists in bounded window; V1 does not support 6-K, but metadata alone does not establish a result release for this canonical quarter. Foreign reporting is not proof of absent publication.",Target official issuer release and relevant SEC document/exhibit before deciding coverage gap or evidenced absence; do not blindly retry.,FOREIGN_6K_METADATA_ONLY
IQMX,2523,SEC_CIK:0002113060,IQM Quantum Computers Oyj,2535,644289,0002113060,2026,Q2,89417,2026-06-30,2026-Q2,2026-06-30,2026-08-18,2026-08-18,NOT_FOUND,NOT_RECORDED,2026-10-05T06:50:41Z,NOT_RECORDED,1,2026-10-05T06:50:41Z,NO_ITEM_2_02_FOUND,NO_ITEM_2_02_FOUND,0,0,0,NOT_RECORDED,NOT_RECORDED,NOT_RECORDED,NOT_RECORDED,NULL,NONE_STORED;issuer_search_not_exhaustive,CANONICAL_ACCEPTED;authority_quarter_id_equal;forecast_links_NOT_AUDITED,UNIQUE_ACTIVE_CIK;no_blocker_proven,SHARADAR:0d1addf8ae67c211a4864796ca63937aa412f4ddf47c172de36686402bd92248:SHARADAR_ARQ_PRIMARY_V1:HIGH,,6-K|2026-10-02T13:21:41.000Z|0001193125-26-411337|report=2026-10-02|items=;6-K|2026-08-04T11:12:58.000Z|0001193125-26-331538|report=2026-08-04|items=;6-K|2026-08-03T11:15:05.000Z|0001193125-26-329542|report=2026-08-03|items=;6-K|2026-07-20T21:28:55.000Z|0001193125-26-309105|report=2026-07-20|items=;6-K|2026-07-16T20:50:03.000Z|0001193125-26-306201|report=2026-07-16|items=;6-K|2026-07-13T13:57:10.000Z|0001193125-26-301565|report=2026-07-13|items=;6-K|2026-07-08T13:30:52.000Z|0001193125-26-298068|report=2026-07-07|items=;6-K|2026-07-01T20:03:48.000Z|0001193125-26-292513|report=2026-07-01|items=,8,0,0,0,,https://www.sec.gov/Archives/edgar/data/2113060/000119312526411337/d104807d6k.htm;https://www.sec.gov/Archives/edgar/data/2113060/000119312526331538/iqmx_6-k_q2_aug_2026_new.htm;https://www.sec.gov/Archives/edgar/data/2113060/000119312526329542/d129708d6k.htm,NOT_RECORDED_PER_REQUEST,2026-10-05T16:08:01Z,2026-10-05,publication_drain_20261005T064921Z_43a1e040,INSUFFICIENT_EVIDENCE,FOREIGN_6K_CONTENT_NOT_VERIFIED,P2,LIMITED,"6-K metadata exists in bounded window; V1 does not support 6-K, but metadata alone does not establish a result release for this canonical quarter. Foreign reporting is not proof of absent publication.",Target official issuer release and relevant SEC document/exhibit before deciding coverage gap or evidenced absence; do not blindly retry.,FOREIGN_6K_METADATA_ONLY
BTBD,371,SEC_CIK:0001718224,"BT Brands, Inc.",371,636699,0001718224,2026,Q2,13033,2026-06-28,2026-Q2,2026-06-28,2026-08-17,2026-08-17,NOT_FOUND,NOT_RECORDED,2026-10-05T06:49:36Z,NOT_RECORDED,1,2026-10-05T06:49:36Z,NO_ITEM_2_02_FOUND,NO_ITEM_2_02_FOUND,0,0,0,NOT_RECORDED,NOT_RECORDED,NOT_RECORDED,NOT_RECORDED,NULL,NONE_STORED;issuer_search_not_exhaustive,CANONICAL_ACCEPTED;authority_quarter_id_equal;forecast_links_NOT_AUDITED,UNIQUE_ACTIVE_CIK;no_blocker_proven,SHARADAR:05a4cf340b660c2067203f823fdd6b2126115a2998e4d2c3b7a1e9bc1d0ba701:SHARADAR_ARQ_PRIMARY_V1:HIGH,,10-Q|2026-08-17T20:11:39.000Z|0001477932-26-005132|report=2026-06-28|items=,1,0,0,0,,https://www.sec.gov/Archives/edgar/data/1718224/000147793226005132/btbd_10q.htm,NOT_RECORDED_PER_REQUEST,2026-10-05T16:08:01Z,2026-10-05,publication_drain_20261005T064921Z_43a1e040,INSUFFICIENT_EVIDENCE,NO_MATCHED_PUBLICATION_DOCUMENT_VERIFIED,P2,LIMITED,SEC metadata inspected in the result-period acceptance window; no quarter-specific authoritative release verified. NO_ITEM_2_02_FOUND is not evidence of global publication absence.,Target official issuer release and relevant SEC document/exhibit before deciding coverage gap or evidenced absence; do not blindly retry.,DOMESTIC_OR_OTHER_METADATA_ONLY
TSEM,2470,SEC_CIK:0000928876,TOWER SEMICONDUCTOR LTD,2482,190448,0000928876,2026,Q2,87964,2026-06-30,2026-Q2,2026-06-30,2026-08-17,2026-08-17,NOT_FOUND,NOT_RECORDED,2026-10-05T06:50:38Z,NOT_RECORDED,1,2026-10-05T06:50:38Z,NO_ITEM_2_02_FOUND,NO_ITEM_2_02_FOUND,0,0,0,NOT_RECORDED,NOT_RECORDED,NOT_RECORDED,NOT_RECORDED,NULL,NONE_STORED;issuer_search_not_exhaustive,CANONICAL_ACCEPTED;authority_quarter_id_equal;forecast_links_NOT_AUDITED,UNIQUE_ACTIVE_CIK;no_blocker_proven,SHARADAR:2728e1777d7238b0bde19e95249f992a2116473f51c6d38843b4c2a74e441919:SHARADAR_ARQ_PRIMARY_V1:HIGH,,6-K|2026-09-23T10:01:07.000Z|0001178913-26-004559|report=2026-09-23|items=;6-K|2026-09-17T10:01:14.000Z|0001178913-26-004535|report=2026-09-17|items=;6-K|2026-09-15T10:01:27.000Z|0001178913-26-004500|report=2026-09-15|items=;6-K|2026-08-17T10:01:31.000Z|0001178913-26-004158|report=2026-06-30|items=;6-K|2026-08-12T10:01:49.000Z|0001178913-26-004045|report=2026-08-12|items=;6-K|2026-08-11T10:01:02.000Z|0001178913-26-004009|report=2026-08-11|items=;6-K|2026-08-04T11:04:37.000Z|0001178913-26-003776|report=2026-08-04|items=;6-K|2026-07-14T10:00:57.000Z|0001178913-26-003477|report=2026-07-14|items=;6-K|2026-07-07T10:02:58.000Z|0001178913-26-003423|report=2026-07-07|items=;6-K|2026-07-06T20:00:19.000Z|0001178913-26-003419|report=2026-07-06|items=,10,0,0,0,,https://www.sec.gov/Archives/edgar/data/928876/000117891326004559/zk2636140.htm;https://www.sec.gov/Archives/edgar/data/928876/000117891326004535/zk2636128.htm;https://www.sec.gov/Archives/edgar/data/928876/000117891326004500/zk2636113.htm,NOT_RECORDED_PER_REQUEST,2026-10-05T16:08:01Z,2026-10-05,publication_drain_20261005T064921Z_43a1e040,INSUFFICIENT_EVIDENCE,FOREIGN_6K_CONTENT_NOT_VERIFIED,P2,LIMITED,"6-K metadata exists in bounded window; V1 does not support 6-K, but metadata alone does not establish a result release for this canonical quarter. Foreign reporting is not proof of absent publication.",Target official issuer release and relevant SEC document/exhibit before deciding coverage gap or evidenced absence; do not blindly retry.,FOREIGN_6K_METADATA_ONLY
AEI,61,SEC_CIK:0001750106,Alset Inc.,61,632647,0001750106,2026,Q2,2233,2026-06-30,2026-Q2,2026-06-30,2026-08-14,2026-08-14,NOT_FOUND,NOT_RECORDED,2026-10-05T06:49:26Z,NOT_RECORDED,1,2026-10-05T06:49:26Z,NO_ITEM_2_02_FOUND,NO_ITEM_2_02_FOUND,0,0,0,NOT_RECORDED,NOT_RECORDED,NOT_RECORDED,NOT_RECORDED,NULL,NONE_STORED;issuer_search_not_exhaustive,CANONICAL_ACCEPTED;authority_quarter_id_equal;forecast_links_NOT_AUDITED,UNIQUE_ACTIVE_CIK;no_blocker_proven,SHARADAR:e804f0cda5b0c480658fe50e54da877d49f82ec98d21aa601f0577bf24480df8:SHARADAR_ARQ_PRIMARY_V1:HIGH,,10-Q|2026-08-14T20:16:51.000Z|0001493152-26-038402|report=2026-06-30|items=,1,0,0,0,,https://www.sec.gov/Archives/edgar/data/1750106/000149315226038402/form10-q.htm,NOT_RECORDED_PER_REQUEST,2026-10-05T16:08:01Z,2026-10-05,publication_drain_20261005T064921Z_43a1e040,INSUFFICIENT_EVIDENCE,NO_MATCHED_PUBLICATION_DOCUMENT_VERIFIED,P2,LIMITED,SEC metadata inspected in the result-period acceptance window; no quarter-specific authoritative release verified. NO_ITEM_2_02_FOUND is not evidence of global publication absence.,Target official issuer release and relevant SEC document/exhibit before deciding coverage gap or evidenced absence; do not blindly retry.,DOMESTIC_OR_OTHER_METADATA_ONLY
VAI,82,SEC_CIK:0001711012,Valor Energy Inc,82,120343,0001711012,2027,Q1,2967,2026-06-30,2027-Q1,2026-06-30,2026-08-14,2026-08-14,NOT_FOUND,NOT_RECORDED,2026-10-05T06:49:27Z,NOT_RECORDED,1,2026-10-05T06:49:27Z,NO_ITEM_2_02_FOUND,NO_ITEM_2_02_FOUND,0,0,0,NOT_RECORDED,NOT_RECORDED,NOT_RECORDED,NOT_RECORDED,NULL,NONE_STORED;issuer_search_not_exhaustive,CANONICAL_ACCEPTED;authority_quarter_id_equal;forecast_links_NOT_AUDITED,UNIQUE_ACTIVE_CIK;no_blocker_proven,SHARADAR:5e5ea678ec7801fdc8e212ce6810516f25efaee5967e5b48e626b48e122392d2:SHARADAR_ARQ_PRIMARY_V1:HIGH,,10-Q|2026-08-14T20:17:09.000Z|0001213900-26-090099|report=2026-06-30|items=;8-K|2026-06-30T20:05:19.000Z|0001213900-26-073669|report=2026-06-30|items=4.02,2,0,0,0,,https://www.sec.gov/Archives/edgar/data/1711012/000121390026090099/ea0300866-10q_senmiao.htm;https://www.sec.gov/Archives/edgar/data/1711012/000121390026073669/ea0296305-8k_senmiao.htm,NOT_RECORDED_PER_REQUEST,2026-10-05T16:08:01Z,2026-10-05,publication_drain_20261005T064921Z_43a1e040,INSUFFICIENT_EVIDENCE,NO_MATCHED_PUBLICATION_DOCUMENT_VERIFIED,P2,LIMITED,SEC metadata inspected in the result-period acceptance window; no quarter-specific authoritative release verified. NO_ITEM_2_02_FOUND is not evidence of global publication absence.,Target official issuer release and relevant SEC document/exhibit before deciding coverage gap or evidenced absence; do not blindly retry.,DOMESTIC_OR_OTHER_METADATA_ONLY
AMOD,139,SEC_CIK:0001862463,"ALPHA MODUS HOLDINGS, INC.",139,636110,0001862463,2026,Q2,4914,2026-06-30,2026-Q2,2026-06-30,2026-08-14,2026-08-14,NOT_FOUND,NOT_RECORDED,2026-10-05T06:49:28Z,NOT_RECORDED,1,2026-10-05T06:49:28Z,NO_ITEM_2_02_FOUND,NO_ITEM_2_02_FOUND,0,0,0,NOT_RECORDED,NOT_RECORDED,NOT_RECORDED,NOT_RECORDED,NULL,NONE_STORED;issuer_search_not_exhaustive,CANONICAL_ACCEPTED;authority_quarter_id_equal;forecast_links_NOT_AUDITED,UNIQUE_ACTIVE_CIK;no_blocker_proven,SHARADAR:1b6569420d7c684533853b74faef7d0dc4f8abd960d690311ba62cb7c04ac45f:SHARADAR_ARQ_PRIMARY_V1:HIGH,,10-Q|2026-08-14T18:27:13.000Z|0001493152-26-038220|report=2026-06-30|items=;8-K|2026-06-30T19:00:26.000Z|0001493152-26-031265|report=2026-06-30|items=8.01,2,0,0,0,,https://www.sec.gov/Archives/edgar/data/1862463/000149315226038220/form10-q.htm;https://www.sec.gov/Archives/edgar/data/1862463/000149315226031265/form8-k.htm,NOT_RECORDED_PER_REQUEST,2026-10-05T16:08:01Z,2026-10-05,publication_drain_20261005T064921Z_43a1e040,INSUFFICIENT_EVIDENCE,NO_MATCHED_PUBLICATION_DOCUMENT_VERIFIED,P2,LIMITED,SEC metadata inspected in the result-period acceptance window; no quarter-specific authoritative release verified. NO_ITEM_2_02_FOUND is not evidence of global publication absence.,Target official issuer release and relevant SEC document/exhibit before deciding coverage gap or evidenced absence; do not blindly retry.,DOMESTIC_OR_OTHER_METADATA_ONLY
ATER,220,SEC_CIK:0001757715,"Aterian, Inc.",220,110740,0001757715,2026,Q2,7812,2026-06-30,2026-Q2,2026-06-30,2026-08-14,2026-08-14,NOT_FOUND,NOT_RECORDED,2026-10-05T06:49:30Z,NOT_RECORDED,1,2026-10-05T06:49:30Z,NO_ITEM_2_02_FOUND,NO_ITEM_2_02_FOUND,0,0,0,NOT_RECORDED,NOT_RECORDED,NOT_RECORDED,NOT_RECORDED,NULL,NONE_STORED;issuer_search_not_exhaustive,CANONICAL_ACCEPTED;authority_quarter_id_equal;forecast_links_NOT_AUDITED,UNIQUE_ACTIVE_CIK;no_blocker_proven,SHARADAR:0b4ca3fa7796c4f0c2a649a4995ebe1a5fd143016a81784f0103913b6f26fa95:SHARADAR_ARQ_PRIMARY_V1:HIGH,,10-Q|2026-08-14T20:09:17.000Z|0001437749-26-028004|report=2026-06-30|items=,1,0,0,0,,https://www.sec.gov/Archives/edgar/data/1757715/000143774926028004/ater20260630_10q.htm,NOT_RECORDED_PER_REQUEST,2026-10-05T16:08:01Z,2026-10-05,publication_drain_20261005T064921Z_43a1e040,INSUFFICIENT_EVIDENCE,NO_MATCHED_PUBLICATION_DOCUMENT_VERIFIED,P2,LIMITED,SEC metadata inspected in the result-period acceptance window; no quarter-specific authoritative release verified. NO_ITEM_2_02_FOUND is not evidence of global publication absence.,Target official issuer release and relevant SEC document/exhibit before deciding coverage gap or evidenced absence; do not blindly retry.,DOMESTIC_OR_OTHER_METADATA_ONLY
ATLX,224,SEC_CIK:0001540684,Atlas Lithium Corp,224,108199,0001540684,2026,Q2,7962,2026-06-30,2026-Q2,2026-06-30,2026-08-14,2026-08-14,NOT_FOUND,NOT_RECORDED,2026-10-05T06:49:30Z,NOT_RECORDED,1,2026-10-05T06:49:30Z,NO_ITEM_2_02_FOUND,NO_ITEM_2_02_FOUND,0,0,0,NOT_RECORDED,NOT_RECORDED,NOT_RECORDED,NOT_RECORDED,NULL,NONE_STORED;issuer_search_not_exhaustive,CANONICAL_ACCEPTED;authority_quarter_id_equal;forecast_links_NOT_AUDITED,UNIQUE_ACTIVE_CIK;no_blocker_proven,SHARADAR:ff1055e40a7e209007f992688b7139bc1203b0592f5068fae9ded5e186623dcf:SHARADAR_ARQ_PRIMARY_V1:HIGH,,10-Q|2026-08-14T20:11:04.000Z|0001493152-26-038358|report=2026-06-30|items=,1,0,0,0,,https://www.sec.gov/Archives/edgar/data/1540684/000149315226038358/form10-q.htm,NOT_RECORDED_PER_REQUEST,2026-10-05T16:08:01Z,2026-10-05,publication_drain_20261005T064921Z_43a1e040,INSUFFICIENT_EVIDENCE,NO_MATCHED_PUBLICATION_DOCUMENT_VERIFIED,P2,LIMITED,SEC metadata inspected in the result-period acceptance window; no quarter-specific authoritative release verified. NO_ITEM_2_02_FOUND is not evidence of global publication absence.,Target official issuer release and relevant SEC document/exhibit before deciding coverage gap or evidenced absence; do not blindly retry.,DOMESTIC_OR_OTHER_METADATA_ONLY
ATPC,228,SEC_CIK:0001713210,Agape ATP Corp,228,640576,0001713210,2026,Q2,8078,2026-06-30,2026-Q2,2026-06-30,2026-08-14,2026-08-14,NOT_FOUND,NOT_RECORDED,2026-10-05T06:49:31Z,NOT_RECORDED,1,2026-10-05T06:49:31Z,NO_ITEM_2_02_FOUND,NO_ITEM_2_02_FOUND,0,0,0,NOT_RECORDED,NOT_RECORDED,NOT_RECORDED,NOT_RECORDED,NULL,NONE_STORED;issuer_search_not_exhaustive,CANONICAL_ACCEPTED;authority_quarter_id_equal;forecast_links_NOT_AUDITED,UNIQUE_ACTIVE_CIK;no_blocker_proven,SHARADAR:a73b874c382c3e079e83fcd2109860d1cb3e1d9ad4acc97faaeb75546659ad65:SHARADAR_ARQ_PRIMARY_V1:HIGH,,10-Q|2026-08-14T12:16:06.000Z|0001493152-26-037992|report=2026-06-30|items=,1,0,0,0,,https://www.sec.gov/Archives/edgar/data/1713210/000149315226037992/form10-q.htm,NOT_RECORDED_PER_REQUEST,2026-10-05T16:08:01Z,2026-10-05,publication_drain_20261005T064921Z_43a1e040,INSUFFICIENT_EVIDENCE,NO_MATCHED_PUBLICATION_DOCUMENT_VERIFIED,P2,LIMITED,SEC metadata inspected in the result-period acceptance window; no quarter-specific authoritative release verified. NO_ITEM_2_02_FOUND is not evidence of global publication absence.,Target official issuer release and relevant SEC document/exhibit before deciding coverage gap or evidenced absence; do not blindly retry.,DOMESTIC_OR_OTHER_METADATA_ONLY
AUUD,238,SEC_CIK:0001554818,AUDDIA INC.,238,633850,0001554818,2026,Q2,8428,2026-06-30,2026-Q2,2026-06-30,2026-08-14,2026-08-14,NOT_FOUND,NOT_RECORDED,2026-10-05T06:49:31Z,NOT_RECORDED,1,2026-10-05T06:49:31Z,NO_ITEM_2_02_FOUND,NO_ITEM_2_02_FOUND,0,0,0,NOT_RECORDED,NOT_RECORDED,NOT_RECORDED,NOT_RECORDED,NULL,NONE_STORED;issuer_search_not_exhaustive,CANONICAL_ACCEPTED;authority_quarter_id_equal;forecast_links_NOT_AUDITED,UNIQUE_ACTIVE_CIK;no_blocker_proven,SHARADAR:e1a7e4ca3487470d37e14db0a8362365d1a95dcad84663e420cd342218f506bc:SHARADAR_ARQ_PRIMARY_V1:HIGH,,10-Q|2026-08-14T20:15:48.000Z|0001683168-26-006478|report=2026-06-30|items=,1,0,0,0,,https://www.sec.gov/Archives/edgar/data/1554818/000168316826006478/auddia_i10q-063026.htm,NOT_RECORDED_PER_REQUEST,2026-10-05T16:08:01Z,2026-10-05,publication_drain_20261005T064921Z_43a1e040,INSUFFICIENT_EVIDENCE,NO_MATCHED_PUBLICATION_DOCUMENT_VERIFIED,P2,LIMITED,SEC metadata inspected in the result-period acceptance window; no quarter-specific authoritative release verified. NO_ITEM_2_02_FOUND is not evidence of global publication absence.,Target official issuer release and relevant SEC document/exhibit before deciding coverage gap or evidenced absence; do not blindly retry.,DOMESTIC_OR_OTHER_METADATA_ONLY
BBLG,281,SEC_CIK:0001419554,Bone Biologics Corp,281,108694,0001419554,2026,Q2,9983,2026-06-30,2026-Q2,2026-06-30,2026-08-14,2026-08-14,NOT_FOUND,NOT_RECORDED,2026-10-05T06:49:33Z,NOT_RECORDED,1,2026-10-05T06:49:33Z,NO_ITEM_2_02_FOUND,NO_ITEM_2_02_FOUND,0,0,0,NOT_RECORDED,NOT_RECORDED,NOT_RECORDED,NOT_RECORDED,NULL,NONE_STORED;issuer_search_not_exhaustive,CANONICAL_ACCEPTED;authority_quarter_id_equal;forecast_links_NOT_AUDITED,UNIQUE_ACTIVE_CIK;no_blocker_proven,SHARADAR:e7a5ae40d195a848c6d5a6a5a426ce82e62c6ae0ca5da26b9ed05db6f3c648ee:SHARADAR_ARQ_PRIMARY_V1:HIGH,,10-Q|2026-08-14T21:00:47.000Z|0001493152-26-038482|report=2026-06-30|items=,1,0,0,0,,https://www.sec.gov/Archives/edgar/data/1419554/000149315226038482/form10-q.htm,NOT_RECORDED_PER_REQUEST,2026-10-05T16:08:01Z,2026-10-05,publication_drain_20261005T064921Z_43a1e040,INSUFFICIENT_EVIDENCE,NO_MATCHED_PUBLICATION_DOCUMENT_VERIFIED,P2,LIMITED,SEC metadata inspected in the result-period acceptance window; no quarter-specific authoritative release verified. NO_ITEM_2_02_FOUND is not evidence of global publication absence.,Target official issuer release and relevant SEC document/exhibit before deciding coverage gap or evidenced absence; do not blindly retry.,DOMESTIC_OR_OTHER_METADATA_ONLY
BFRG,306,SEC_CIK:0001829247,"BullFrog AI Holdings, Inc.",306,639602,0001829247,2026,Q2,10826,2026-06-30,2026-Q2,2026-06-30,2026-08-14,2026-08-14,NOT_FOUND,NOT_RECORDED,2026-10-05T06:49:33Z,NOT_RECORDED,1,2026-10-05T06:49:33Z,NO_ITEM_2_02_FOUND,NO_ITEM_2_02_FOUND,0,0,0,NOT_RECORDED,NOT_RECORDED,NOT_RECORDED,NOT_RECORDED,NULL,NONE_STORED;issuer_search_not_exhaustive,CANONICAL_ACCEPTED;authority_quarter_id_equal;forecast_links_NOT_AUDITED,UNIQUE_ACTIVE_CIK;no_blocker_proven,SHARADAR:3d27ad29478339dcfa373bc866eee086a561ae93da1a761845aefae823905051:SHARADAR_ARQ_PRIMARY_V1:HIGH,,10-Q|2026-08-14T20:13:53.000Z|0001628280-26-057121|report=2026-06-30|items=,1,0,0,0,,https://www.sec.gov/Archives/edgar/data/1829247/000162828026057121/bfrg-20260630.htm,NOT_RECORDED_PER_REQUEST,2026-10-05T16:08:01Z,2026-10-05,publication_drain_20261005T064921Z_43a1e040,INSUFFICIENT_EVIDENCE,NO_MATCHED_PUBLICATION_DOCUMENT_VERIFIED,P2,LIMITED,SEC metadata inspected in the result-period acceptance window; no quarter-specific authoritative release verified. NO_ITEM_2_02_FOUND is not evidence of global publication absence.,Target official issuer release and relevant SEC document/exhibit before deciding coverage gap or evidenced absence; do not blindly retry.,DOMESTIC_OR_OTHER_METADATA_ONLY
BGLC,308,SEC_CIK:0001737523,BioNexus Gene Lab Corp,308,632610,0001737523,2026,Q2,10898,2026-06-30,2026-Q2,2026-06-30,2026-08-14,2026-08-14,NOT_FOUND,NOT_RECORDED,2026-10-05T06:49:34Z,NOT_RECORDED,1,2026-10-05T06:49:34Z,NO_ITEM_2_02_FOUND,NO_ITEM_2_02_FOUND,0,0,0,NOT_RECORDED,NOT_RECORDED,NOT_RECORDED,NOT_RECORDED,NULL,NONE_STORED;issuer_search_not_exhaustive,CANONICAL_ACCEPTED;authority_quarter_id_equal;forecast_links_NOT_AUDITED,UNIQUE_ACTIVE_CIK;no_blocker_proven,SHARADAR:11b1457386e07002d6be67dfa353b42ffedabec569816c3c32d9bb207fee24a5:SHARADAR_ARQ_PRIMARY_V1:HIGH,,10-Q|2026-08-14T21:00:55.000Z|0001477932-26-005093|report=2026-06-30|items=,1,0,0,0,,https://www.sec.gov/Archives/edgar/data/1737523/000147793226005093/bglc_10q.htm,NOT_RECORDED_PER_REQUEST,2026-10-05T16:08:01Z,2026-10-05,publication_drain_20261005T064921Z_43a1e040,INSUFFICIENT_EVIDENCE,NO_MATCHED_PUBLICATION_DOCUMENT_VERIFIED,P2,LIMITED,SEC metadata inspected in the result-period acceptance window; no quarter-specific authoritative release verified. NO_ITEM_2_02_FOUND is not evidence of global publication absence.,Target official issuer release and relevant SEC document/exhibit before deciding coverage gap or evidenced absence; do not blindly retry.,DOMESTIC_OR_OTHER_METADATA_ONLY
CISO,472,SEC_CIK:0001777319,"CISO Global, Inc.",473,637250,0001777319,2026,Q2,16553,2026-06-30,2026-Q2,2026-06-30,2026-08-14,2026-08-14,NOT_FOUND,NOT_RECORDED,2026-10-05T06:49:41Z,NOT_RECORDED,1,2026-10-05T06:49:41Z,NO_ITEM_2_02_FOUND,NO_ITEM_2_02_FOUND,0,0,0,NOT_RECORDED,NOT_RECORDED,NOT_RECORDED,NOT_RECORDED,NULL,NONE_STORED;issuer_search_not_exhaustive,CANONICAL_ACCEPTED;authority_quarter_id_equal;forecast_links_NOT_AUDITED,UNIQUE_ACTIVE_CIK;no_blocker_proven,SHARADAR:a52165977569261b64e4241da3b9bbfff64953669d4319a2452333d2ecfe4bf4:SHARADAR_ARQ_PRIMARY_V1:HIGH,,10-Q|2026-08-14T20:21:06.000Z|0001493152-26-038417|report=2026-06-30|items=;8-K|2026-07-06T20:05:39.000Z|0001493152-26-032157|report=2026-06-30|items=3.01,2,0,0,0,,https://www.sec.gov/Archives/edgar/data/1777319/000149315226038417/form10-q.htm;https://www.sec.gov/Archives/edgar/data/1777319/000149315226032157/form8-k.htm,NOT_RECORDED_PER_REQUEST,2026-10-05T16:08:01Z,2026-10-05,publication_drain_20261005T064921Z_43a1e040,INSUFFICIENT_EVIDENCE,NO_MATCHED_PUBLICATION_DOCUMENT_VERIFIED,P2,LIMITED,SEC metadata inspected in the result-period acceptance window; no quarter-specific authoritative release verified. NO_ITEM_2_02_FOUND is not evidence of global publication absence.,Target official issuer release and relevant SEC document/exhibit before deciding coverage gap or evidenced absence; do not blindly retry.,DOMESTIC_OR_OTHER_METADATA_ONLY
CLRO,486,SEC_CIK:0000840715,CLEARONE INC,487,198166,0000840715,2026,Q2,17113,2026-06-30,2026-Q2,2026-06-30,2026-08-14,2026-08-14,NOT_FOUND,NOT_RECORDED,2026-10-05T06:49:41Z,NOT_RECORDED,1,2026-10-05T06:49:41Z,NO_ITEM_2_02_FOUND,NO_ITEM_2_02_FOUND,0,0,0,NOT_RECORDED,NOT_RECORDED,NOT_RECORDED,NOT_RECORDED,NULL,NONE_STORED;issuer_search_not_exhaustive,CANONICAL_ACCEPTED;authority_quarter_id_equal;forecast_links_NOT_AUDITED,UNIQUE_ACTIVE_CIK;no_blocker_proven,SHARADAR:77125ade585d7a177bbcf816eae0f7d0a886f6f5735f69cb15a09c728f93145b:SHARADAR_ARQ_PRIMARY_V1:HIGH,,10-Q|2026-08-14T20:31:24.000Z|0001753926-26-001521|report=2026-06-30|items=,1,0,0,0,,https://www.sec.gov/Archives/edgar/data/840715/000175392626001521/clro-20260630.htm,NOT_RECORDED_PER_REQUEST,2026-10-05T16:08:01Z,2026-10-05,publication_drain_20261005T064921Z_43a1e040,INSUFFICIENT_EVIDENCE,NO_MATCHED_PUBLICATION_DOCUMENT_VERIFIED,P2,LIMITED,SEC metadata inspected in the result-period acceptance window; no quarter-specific authoritative release verified. NO_ITEM_2_02_FOUND is not evidence of global publication absence.,Target official issuer release and relevant SEC document/exhibit before deciding coverage gap or evidenced absence; do not blindly retry.,DOMESTIC_OR_OTHER_METADATA_ONLY
ELAB,752,SEC_CIK:0001840563,PMGC Holdings Inc.,753,640763,0001840563,2026,Q2,26560,2026-06-30,2026-Q2,2026-06-30,2026-08-14,2026-08-14,NOT_FOUND,NOT_RECORDED,2026-10-05T06:49:50Z,NOT_RECORDED,1,2026-10-05T06:49:50Z,NO_ITEM_2_02_FOUND,NO_ITEM_2_02_FOUND,0,0,0,NOT_RECORDED,NOT_RECORDED,NOT_RECORDED,NOT_RECORDED,NULL,NONE_STORED;issuer_search_not_exhaustive,CANONICAL_ACCEPTED;authority_quarter_id_equal;forecast_links_NOT_AUDITED,UNIQUE_ACTIVE_CIK;no_blocker_proven,SHARADAR:780f8a575ee45352e1feba21a140fa60c8cc03a5af0558cf111273eff3129b5e:SHARADAR_ARQ_PRIMARY_V1:HIGH,,"10-Q|2026-08-14T13:55:40.000Z|0001213900-26-089530|report=2026-06-30|items=;8-K|2026-07-07T21:18:15.000Z|0001213900-26-076053|report=2026-06-30|items=1.01,9.01",2,0,0,0,,https://www.sec.gov/Archives/edgar/data/1840563/000121390026089530/ea0301310-10q_pmgc.htm;https://www.sec.gov/Archives/edgar/data/1840563/000121390026076053/ea0297272-8k_pmgc.htm,NOT_RECORDED_PER_REQUEST,2026-10-05T16:08:01Z,2026-10-05,publication_drain_20261005T064921Z_43a1e040,INSUFFICIENT_EVIDENCE,NO_MATCHED_PUBLICATION_DOCUMENT_VERIFIED,P2,LIMITED,SEC metadata inspected in the result-period acceptance window; no quarter-specific authoritative release verified. NO_ITEM_2_02_FOUND is not evidence of global publication absence.,Target official issuer release and relevant SEC document/exhibit before deciding coverage gap or evidenced absence; do not blindly retry.,DOMESTIC_OR_OTHER_METADATA_ONLY
FCUV,843,SEC_CIK:0001590418,FOCUS UNIVERSAL INC.,844,633020,0001590418,2026,Q2,29890,2026-06-30,2026-Q2,2026-06-30,2026-08-14,2026-08-14,NOT_FOUND,NOT_RECORDED,2026-10-05T06:49:51Z,NOT_RECORDED,1,2026-10-05T06:49:51Z,NO_ITEM_2_02_FOUND,NO_ITEM_2_02_FOUND,0,0,0,NOT_RECORDED,NOT_RECORDED,NOT_RECORDED,NOT_RECORDED,NULL,NONE_STORED;issuer_search_not_exhaustive,CANONICAL_ACCEPTED;authority_quarter_id_equal;forecast_links_NOT_AUDITED,UNIQUE_ACTIVE_CIK;no_blocker_proven,SHARADAR:11f3895c8c4dd3876cb0a3b786fda8872ff28d6e36b8a04891d50796b2aa0549:SHARADAR_ARQ_PRIMARY_V1:HIGH,,10-Q|2026-08-14T17:54:43.000Z|0001683168-26-006446|report=2026-06-30|items=,1,0,0,0,,https://www.sec.gov/Archives/edgar/data/1590418/000168316826006446/focus_i10q-63026.htm,NOT_RECORDED_PER_REQUEST,2026-10-05T16:08:01Z,2026-10-05,publication_drain_20261005T064921Z_43a1e040,INSUFFICIENT_EVIDENCE,NO_MATCHED_PUBLICATION_DOCUMENT_VERIFIED,P2,LIMITED,SEC metadata inspected in the result-period acceptance window; no quarter-specific authoritative release verified. NO_ITEM_2_02_FOUND is not evidence of global publication absence.,Target official issuer release and relevant SEC document/exhibit before deciding coverage gap or evidenced absence; do not blindly retry.,DOMESTIC_OR_OTHER_METADATA_ONLY
FTFT,902,SEC_CIK:0001066923,Future FinTech Group Inc.,904,196530,0001066923,2026,Q2,31980,2026-06-30,2026-Q2,2026-06-30,2026-08-14,2026-08-14,NOT_FOUND,NOT_RECORDED,2026-10-05T06:49:52Z,NOT_RECORDED,1,2026-10-05T06:49:52Z,NO_ITEM_2_02_FOUND,NO_ITEM_2_02_FOUND,0,0,0,NOT_RECORDED,NOT_RECORDED,NOT_RECORDED,NOT_RECORDED,NULL,NONE_STORED;issuer_search_not_exhaustive,CANONICAL_ACCEPTED;authority_quarter_id_equal;forecast_links_NOT_AUDITED,UNIQUE_ACTIVE_CIK;no_blocker_proven,SHARADAR:be26b0bf9b7eafb3efdfefe71f4266a3e3a3b71857df158f0aed05dac7afb64f:SHARADAR_ARQ_PRIMARY_V1:HIGH,,10-Q|2026-08-14T20:02:58.000Z|0001213900-26-090012|report=2026-06-30|items=,1,0,0,0,,https://www.sec.gov/Archives/edgar/data/1066923/000121390026090012/ea0301500-10q_future.htm,NOT_RECORDED_PER_REQUEST,2026-10-05T16:08:01Z,2026-10-05,publication_drain_20261005T064921Z_43a1e040,INSUFFICIENT_EVIDENCE,NO_MATCHED_PUBLICATION_DOCUMENT_VERIFIED,P2,LIMITED,SEC metadata inspected in the result-period acceptance window; no quarter-specific authoritative release verified. NO_ITEM_2_02_FOUND is not evidence of global publication absence.,Target official issuer release and relevant SEC document/exhibit before deciding coverage gap or evidenced absence; do not blindly retry.,DOMESTIC_OR_OTHER_METADATA_ONLY
GCTK,924,SEC_CIK:0001506983,"Glucotrack, Inc.",927,108325,0001506983,2026,Q2,32757,2026-06-30,2026-Q2,2026-06-30,2026-08-14,2026-08-14,NOT_FOUND,NOT_RECORDED,2026-10-05T06:49:53Z,NOT_RECORDED,1,2026-10-05T06:49:53Z,NO_ITEM_2_02_FOUND,NO_ITEM_2_02_FOUND,0,0,0,NOT_RECORDED,NOT_RECORDED,NOT_RECORDED,NOT_RECORDED,NULL,NONE_STORED;issuer_search_not_exhaustive,CANONICAL_ACCEPTED;authority_quarter_id_equal;forecast_links_NOT_AUDITED,UNIQUE_ACTIVE_CIK;no_blocker_proven,SHARADAR:b68efcca20f7ccfc8309bcf213d3ed6e8d45b15e680ea51d46eba090f560efd4:SHARADAR_ARQ_PRIMARY_V1:HIGH,,10-Q|2026-08-14T20:06:29.000Z|0001493152-26-038317|report=2026-06-30|items=,1,0,0,0,,https://www.sec.gov/Archives/edgar/data/1506983/000149315226038317/form10-q.htm,NOT_RECORDED_PER_REQUEST,2026-10-05T16:08:01Z,2026-10-05,publication_drain_20261005T064921Z_43a1e040,INSUFFICIENT_EVIDENCE,NO_MATCHED_PUBLICATION_DOCUMENT_VERIFIED,P2,LIMITED,SEC metadata inspected in the result-period acceptance window; no quarter-specific authoritative release verified. NO_ITEM_2_02_FOUND is not evidence of global publication absence.,Target official issuer release and relevant SEC document/exhibit before deciding coverage gap or evidenced absence; do not blindly retry.,DOMESTIC_OR_OTHER_METADATA_ONLY
GDC,927,SEC_CIK:0001641398,GD Culture Group Ltd,930,124298,0001641398,2026,Q2,32860,2026-06-30,2026-Q2,2026-06-30,2026-08-14,2026-08-14,NOT_FOUND,NOT_RECORDED,2026-10-05T06:49:53Z,NOT_RECORDED,1,2026-10-05T06:49:53Z,NO_ITEM_2_02_FOUND,NO_ITEM_2_02_FOUND,0,0,0,NOT_RECORDED,NOT_RECORDED,NOT_RECORDED,NOT_RECORDED,NULL,NONE_STORED;issuer_search_not_exhaustive,CANONICAL_ACCEPTED;authority_quarter_id_equal;forecast_links_NOT_AUDITED,UNIQUE_ACTIVE_CIK;no_blocker_proven,SHARADAR:6199fafda0d7f7c19526df6f8b1409f7baafd78bea0f163b950e22636b77cea7:SHARADAR_ARQ_PRIMARY_V1:HIGH,,10-Q|2026-08-14T20:31:18.000Z|0001213900-26-090150|report=2026-06-30|items=,1,0,0,0,,https://www.sec.gov/Archives/edgar/data/1641398/000121390026090150/ea0301332-10q_gdculture.htm,NOT_RECORDED_PER_REQUEST,2026-10-05T16:08:01Z,2026-10-05,publication_drain_20261005T064921Z_43a1e040,INSUFFICIENT_EVIDENCE,NO_MATCHED_PUBLICATION_DOCUMENT_VERIFIED,P2,LIMITED,SEC metadata inspected in the result-period acceptance window; no quarter-specific authoritative release verified. NO_ITEM_2_02_FOUND is not evidence of global publication absence.,Target official issuer release and relevant SEC document/exhibit before deciding coverage gap or evidenced absence; do not blindly retry.,DOMESTIC_OR_OTHER_METADATA_ONLY
GRI,981,SEC_CIK:0001824293,"GRI Bio, Inc.",985,633402,0001824293,2026,Q2,34813,2026-06-30,2026-Q2,2026-06-30,2026-08-14,2026-08-14,NOT_FOUND,NOT_RECORDED,2026-10-05T06:49:55Z,NOT_RECORDED,1,2026-10-05T06:49:55Z,NO_ITEM_2_02_FOUND,NO_ITEM_2_02_FOUND,0,0,0,NOT_RECORDED,NOT_RECORDED,NOT_RECORDED,NOT_RECORDED,NULL,NONE_STORED;issuer_search_not_exhaustive,CANONICAL_ACCEPTED;authority_quarter_id_equal;forecast_links_NOT_AUDITED,UNIQUE_ACTIVE_CIK;no_blocker_proven,SHARADAR:d4eae6c8161cc3adc8f34d13ef192249c14f842b4bf7dd22e2b96824284a61e1:SHARADAR_ARQ_PRIMARY_V1:HIGH,,10-Q|2026-08-14T11:44:29.000Z|0001824293-26-000055|report=2026-06-30|items=,1,0,0,0,,https://www.sec.gov/Archives/edgar/data/1824293/000182429326000055/ck0001824293-20260630.htm,NOT_RECORDED_PER_REQUEST,2026-10-05T16:08:01Z,2026-10-05,publication_drain_20261005T064921Z_43a1e040,INSUFFICIENT_EVIDENCE,NO_MATCHED_PUBLICATION_DOCUMENT_VERIFIED,P2,LIMITED,SEC metadata inspected in the result-period acceptance window; no quarter-specific authoritative release verified. NO_ITEM_2_02_FOUND is not evidence of global publication absence.,Target official issuer release and relevant SEC document/exhibit before deciding coverage gap or evidenced absence; do not blindly retry.,DOMESTIC_OR_OTHER_METADATA_ONLY
ISPC,1164,SEC_CIK:0001558569,iSpecimen Inc.,1168,635495,0001558569,2026,Q2,41356,2026-06-30,2026-Q2,2026-06-30,2026-08-14,2026-08-14,NOT_FOUND,NOT_RECORDED,2026-10-05T06:49:57Z,NOT_RECORDED,1,2026-10-05T06:49:57Z,NO_ITEM_2_02_FOUND,NO_ITEM_2_02_FOUND,0,0,0,NOT_RECORDED,NOT_RECORDED,NOT_RECORDED,NOT_RECORDED,NULL,NONE_STORED;issuer_search_not_exhaustive,CANONICAL_ACCEPTED;authority_quarter_id_equal;forecast_links_NOT_AUDITED,UNIQUE_ACTIVE_CIK;no_blocker_proven,SHARADAR:b8260d8487cbe039dbdb8ec552ffac1ae6153614e4ff4f79f84580a7a654aa8e:SHARADAR_ARQ_PRIMARY_V1:HIGH,,10-Q|2026-08-14T21:00:36.000Z|0001213900-26-090226|report=2026-06-30|items=,1,0,0,0,,https://www.sec.gov/Archives/edgar/data/1558569/000121390026090226/ea0301425-10q_ispecimen.htm,NOT_RECORDED_PER_REQUEST,2026-10-05T16:08:01Z,2026-10-05,publication_drain_20261005T064921Z_43a1e040,INSUFFICIENT_EVIDENCE,NO_MATCHED_PUBLICATION_DOCUMENT_VERIFIED,P2,LIMITED,SEC metadata inspected in the result-period acceptance window; no quarter-specific authoritative release verified. NO_ITEM_2_02_FOUND is not evidence of global publication absence.,Target official issuer release and relevant SEC document/exhibit before deciding coverage gap or evidenced absence; do not blindly retry.,DOMESTIC_OR_OTHER_METADATA_ONLY
IVDA,1172,SEC_CIK:0001397183,"Iveda Solutions, Inc.",1176,108804,0001397183,2026,Q2,41667,2026-06-30,2026-Q2,2026-06-30,2026-08-14,2026-08-14,NOT_FOUND,NOT_RECORDED,2026-10-05T06:49:58Z,NOT_RECORDED,1,2026-10-05T06:49:58Z,NO_ITEM_2_02_FOUND,NO_ITEM_2_02_FOUND,0,0,0,NOT_RECORDED,NOT_RECORDED,NOT_RECORDED,NOT_RECORDED,NULL,NONE_STORED;issuer_search_not_exhaustive,CANONICAL_ACCEPTED;authority_quarter_id_equal;forecast_links_NOT_AUDITED,UNIQUE_ACTIVE_CIK;no_blocker_proven,SHARADAR:b760aee92ebf03d058d7554d7934a16fcb42d580dbc3d579a2603e1f34f6f8da:SHARADAR_ARQ_PRIMARY_V1:HIGH,,10-Q|2026-08-14T20:30:42.000Z|0001493152-26-038440|report=2026-06-30|items=,1,0,0,0,,https://www.sec.gov/Archives/edgar/data/1397183/000149315226038440/form10-q.htm,NOT_RECORDED_PER_REQUEST,2026-10-05T16:08:01Z,2026-10-05,publication_drain_20261005T064921Z_43a1e040,INSUFFICIENT_EVIDENCE,NO_MATCHED_PUBLICATION_DOCUMENT_VERIFIED,P2,LIMITED,SEC metadata inspected in the result-period acceptance window; no quarter-specific authoritative release verified. NO_ITEM_2_02_FOUND is not evidence of global publication absence.,Target official issuer release and relevant SEC document/exhibit before deciding coverage gap or evidenced absence; do not blindly retry.,DOMESTIC_OR_OTHER_METADATA_ONLY
JTAI,1198,SEC_CIK:0001861622,Jet.AI Inc.,1202,635977,0001861622,2026,Q2,42613,2026-06-30,2026-Q2,2026-06-30,2026-08-14,2026-08-14,NOT_FOUND,NOT_RECORDED,2026-10-05T06:49:59Z,NOT_RECORDED,1,2026-10-05T06:49:59Z,NO_ITEM_2_02_FOUND,NO_ITEM_2_02_FOUND,0,0,0,NOT_RECORDED,NOT_RECORDED,NOT_RECORDED,NOT_RECORDED,NULL,NONE_STORED;issuer_search_not_exhaustive,CANONICAL_ACCEPTED;authority_quarter_id_equal;forecast_links_NOT_AUDITED,UNIQUE_ACTIVE_CIK;no_blocker_proven,SHARADAR:d7d30495bfedb7482f41f854f75acd7f857d812512f1735bf64887cad0f8d357:SHARADAR_ARQ_PRIMARY_V1:HIGH,,10-Q|2026-08-14T20:06:48.000Z|0001493152-26-038333|report=2026-06-30|items=,1,0,0,0,,https://www.sec.gov/Archives/edgar/data/1861622/000149315226038333/form10-q.htm,NOT_RECORDED_PER_REQUEST,2026-10-05T16:08:01Z,2026-10-05,publication_drain_20261005T064921Z_43a1e040,INSUFFICIENT_EVIDENCE,NO_MATCHED_PUBLICATION_DOCUMENT_VERIFIED,P2,LIMITED,SEC metadata inspected in the result-period acceptance window; no quarter-specific authoritative release verified. NO_ITEM_2_02_FOUND is not evidence of global publication absence.,Target official issuer release and relevant SEC document/exhibit before deciding coverage gap or evidenced absence; do not blindly retry.,DOMESTIC_OR_OTHER_METADATA_ONLY
LASE,1266,SEC_CIK:0001807887,Laser Photonics Corp,1270,639073,0001807887,2026,Q2,45023,2026-06-30,2026-Q2,2026-06-30,2026-08-14,2026-08-14,NOT_FOUND,NOT_RECORDED,2026-10-05T06:50:02Z,NOT_RECORDED,1,2026-10-05T06:50:02Z,NO_ITEM_2_02_FOUND,NO_ITEM_2_02_FOUND,0,0,0,NOT_RECORDED,NOT_RECORDED,NOT_RECORDED,NOT_RECORDED,NULL,NONE_STORED;issuer_search_not_exhaustive,CANONICAL_ACCEPTED;authority_quarter_id_equal;forecast_links_NOT_AUDITED,UNIQUE_ACTIVE_CIK;no_blocker_proven,SHARADAR:0f7f0f9688eb85ff17e7127e66de254afca8c86ab54d25e4d72f76dbfdfd37b6:SHARADAR_ARQ_PRIMARY_V1:HIGH,,10-Q|2026-08-14T20:37:42.000Z|0001493152-26-038459|report=2026-06-30|items=,1,0,0,0,,https://www.sec.gov/Archives/edgar/data/1807887/000149315226038459/form10-q.htm,NOT_RECORDED_PER_REQUEST,2026-10-05T16:08:01Z,2026-10-05,publication_drain_20261005T064921Z_43a1e040,INSUFFICIENT_EVIDENCE,NO_MATCHED_PUBLICATION_DOCUMENT_VERIFIED,P2,LIMITED,SEC metadata inspected in the result-period acceptance window; no quarter-specific authoritative release verified. NO_ITEM_2_02_FOUND is not evidence of global publication absence.,Target official issuer release and relevant SEC document/exhibit before deciding coverage gap or evidenced absence; do not blindly retry.,DOMESTIC_OR_OTHER_METADATA_ONLY
NMAD,1304,LOCAL_BOOTSTRAP_TICKER:LIXT,"NOMAD POWER SOLUTIONS, INC.",1311,108994,0001335105,2026,Q2,46406,2026-06-30,2026-Q2,2026-06-30,2026-08-14,2026-08-14,NOT_FOUND,NOT_RECORDED,2026-10-05T06:50:02Z,NOT_RECORDED,1,2026-10-05T06:50:02Z,NO_ITEM_2_02_FOUND,NO_ITEM_2_02_FOUND,0,0,0,NOT_RECORDED,NOT_RECORDED,NOT_RECORDED,NOT_RECORDED,NULL,NONE_STORED;issuer_search_not_exhaustive,CANONICAL_ACCEPTED;authority_quarter_id_equal;forecast_links_NOT_AUDITED,UNIQUE_ACTIVE_CIK;no_blocker_proven,SHARADAR:796acd481f77ab3f4647363d31892d6624ee3510f2345a1ebf1dc082512b4101:SHARADAR_ARQ_PRIMARY_V1:HIGH,,"10-Q|2026-08-14T12:30:41.000Z|0001493152-26-038001|report=2026-06-30|items=;8-K|2026-07-02T20:00:46.000Z|0001493152-26-031870|report=2026-06-30|items=1.01,2.01,3.02,5.02,5.03,7.01,8.01,9.01",2,0,0,0,,https://www.sec.gov/Archives/edgar/data/1335105/000149315226038001/form10-q.htm;https://www.sec.gov/Archives/edgar/data/1335105/000149315226031870/form8-k.htm,NOT_RECORDED_PER_REQUEST,2026-10-05T16:08:01Z,2026-10-05,publication_drain_20261005T064921Z_43a1e040,INSUFFICIENT_EVIDENCE,NO_MATCHED_PUBLICATION_DOCUMENT_VERIFIED,P2,LIMITED,SEC metadata inspected in the result-period acceptance window; no quarter-specific authoritative release verified. NO_ITEM_2_02_FOUND is not evidence of global publication absence.,Target official issuer release and relevant SEC document/exhibit before deciding coverage gap or evidenced absence; do not blindly retry.,DOMESTIC_OR_OTHER_METADATA_ONLY
LUCY,1340,SEC_CIK:0001808377,Innovative Eyewear Inc,1348,638939,0001808377,2026,Q2,47696,2026-06-30,2026-Q2,2026-06-30,2026-08-14,2026-08-14,NOT_FOUND,NOT_RECORDED,2026-10-05T06:50:03Z,NOT_RECORDED,1,2026-10-05T06:50:03Z,NO_ITEM_2_02_FOUND,NO_ITEM_2_02_FOUND,0,0,0,NOT_RECORDED,NOT_RECORDED,NOT_RECORDED,NOT_RECORDED,NULL,NONE_STORED;issuer_search_not_exhaustive,CANONICAL_ACCEPTED;authority_quarter_id_equal;forecast_links_NOT_AUDITED,UNIQUE_ACTIVE_CIK;no_blocker_proven,SHARADAR:042391168e29cc7dbc797400003830505ddb7f8899439522f277362446dd1cf8:SHARADAR_ARQ_PRIMARY_V1:HIGH,,10-Q|2026-08-14T17:00:38.000Z|0001829126-26-008847|report=2026-06-30|items=,1,0,0,0,,https://www.sec.gov/Archives/edgar/data/1808377/000182912626008847/innovative_10q.htm,NOT_RECORDED_PER_REQUEST,2026-10-05T16:08:01Z,2026-10-05,publication_drain_20261005T064921Z_43a1e040,INSUFFICIENT_EVIDENCE,NO_MATCHED_PUBLICATION_DOCUMENT_VERIFIED,P2,LIMITED,SEC metadata inspected in the result-period acceptance window; no quarter-specific authoritative release verified. NO_ITEM_2_02_FOUND is not evidence of global publication absence.,Target official issuer release and relevant SEC document/exhibit before deciding coverage gap or evidenced absence; do not blindly retry.,DOMESTIC_OR_OTHER_METADATA_ONLY
LWLG,1349,SEC_CIK:0001325964,"Lightwave Logic, Inc.",1357,124543,0001325964,2026,Q2,48005,2026-06-30,2026-Q2,2026-06-30,2026-08-14,2026-08-14,NOT_FOUND,NOT_RECORDED,2026-10-05T06:50:03Z,NOT_RECORDED,1,2026-10-05T06:50:03Z,NO_ITEM_2_02_FOUND,NO_ITEM_2_02_FOUND,0,0,0,NOT_RECORDED,NOT_RECORDED,NOT_RECORDED,NOT_RECORDED,NULL,NONE_STORED;issuer_search_not_exhaustive,CANONICAL_ACCEPTED;authority_quarter_id_equal;forecast_links_NOT_AUDITED,UNIQUE_ACTIVE_CIK;no_blocker_proven,SHARADAR:024af242d00d28fd02fe8e48e50449fa268442373b27d69c2779167ec32a79e5:SHARADAR_ARQ_PRIMARY_V1:HIGH,,10-Q|2026-08-14T12:00:38.000Z|0001079973-26-001097|report=2026-06-30|items=,1,0,0,0,,https://www.sec.gov/Archives/edgar/data/1325964/000107997326001097/lwlg_10q-063026.htm,NOT_RECORDED_PER_REQUEST,2026-10-05T16:08:01Z,2026-10-05,publication_drain_20261005T064921Z_43a1e040,INSUFFICIENT_EVIDENCE,NO_MATCHED_PUBLICATION_DOCUMENT_VERIFIED,P2,LIMITED,SEC metadata inspected in the result-period acceptance window; no quarter-specific authoritative release verified. NO_ITEM_2_02_FOUND is not evidence of global publication absence.,Target official issuer release and relevant SEC document/exhibit before deciding coverage gap or evidenced absence; do not blindly retry.,DOMESTIC_OR_OTHER_METADATA_ONLY
MYSE,1507,SEC_CIK:0001648960,"Myseum.AI, Inc.",1516,635979,0001648960,2026,Q2,53805,2026-06-30,2026-Q2,2026-06-30,2026-08-14,2026-08-14,NOT_FOUND,NOT_RECORDED,2026-10-05T06:50:08Z,NOT_RECORDED,1,2026-10-05T06:50:08Z,NO_ITEM_2_02_FOUND,NO_ITEM_2_02_FOUND,0,0,0,NOT_RECORDED,NOT_RECORDED,NOT_RECORDED,NOT_RECORDED,NULL,NONE_STORED;issuer_search_not_exhaustive,CANONICAL_ACCEPTED;authority_quarter_id_equal;forecast_links_NOT_AUDITED,UNIQUE_ACTIVE_CIK;no_blocker_proven,SHARADAR:fd4e8a512efa7a7b5ec56bba977fdf685934b2f31ffbed8f6864e69b592fed37:SHARADAR_ARQ_PRIMARY_V1:HIGH,,10-Q|2026-08-14T20:03:59.000Z|0001213900-26-090015|report=2026-06-30|items=,1,0,0,0,,https://www.sec.gov/Archives/edgar/data/1648960/000121390026090015/ea0301440-10q_myseum.htm,NOT_RECORDED_PER_REQUEST,2026-10-05T16:08:01Z,2026-10-05,publication_drain_20261005T064921Z_43a1e040,INSUFFICIENT_EVIDENCE,NO_MATCHED_PUBLICATION_DOCUMENT_VERIFIED,P2,LIMITED,SEC metadata inspected in the result-period acceptance window; no quarter-specific authoritative release verified. NO_ITEM_2_02_FOUND is not evidence of global publication absence.,Target official issuer release and relevant SEC document/exhibit before deciding coverage gap or evidenced absence; do not blindly retry.,DOMESTIC_OR_OTHER_METADATA_ONLY
NUAI,1583,SEC_CIK:0002028336,"New ERA Energy & Digital, Inc.",1592,636836,0002028336,2026,Q2,56440,2026-06-30,2026-Q2,2026-06-30,2026-08-14,2026-08-14,NOT_FOUND,NOT_RECORDED,2026-10-05T06:50:11Z,NOT_RECORDED,1,2026-10-05T06:50:11Z,NO_ITEM_2_02_FOUND,NO_ITEM_2_02_FOUND,0,0,0,NOT_RECORDED,NOT_RECORDED,NOT_RECORDED,NOT_RECORDED,NULL,NONE_STORED;issuer_search_not_exhaustive,CANONICAL_ACCEPTED;authority_quarter_id_equal;forecast_links_NOT_AUDITED,UNIQUE_ACTIVE_CIK;no_blocker_proven,SHARADAR:0e58d715decaca75103b20803791a5435cfce5ec2121d28ba754d2938e08dba1:SHARADAR_ARQ_PRIMARY_V1:HIGH,,"10-Q|2026-08-14T20:29:25.000Z|0001213900-26-090138|report=2026-06-30|items=;8-K|2026-07-06T10:17:22.000Z|0001213900-26-075176|report=2026-06-30|items=5.02,9.01",2,0,0,0,,https://www.sec.gov/Archives/edgar/data/2028336/000121390026090138/ea0301610-10q_newera.htm;https://www.sec.gov/Archives/edgar/data/2028336/000121390026075176/ea0297026-8k_newera.htm,NOT_RECORDED_PER_REQUEST,2026-10-05T16:08:01Z,2026-10-05,publication_drain_20261005T064921Z_43a1e040,INSUFFICIENT_EVIDENCE,NO_MATCHED_PUBLICATION_DOCUMENT_VERIFIED,P2,LIMITED,SEC metadata inspected in the result-period acceptance window; no quarter-specific authoritative release verified. NO_ITEM_2_02_FOUND is not evidence of global publication absence.,Target official issuer release and relevant SEC document/exhibit before deciding coverage gap or evidenced absence; do not blindly retry.,DOMESTIC_OR_OTHER_METADATA_ONLY
NWTG,1601,SEC_CIK:0001934245,"Newton Golf Company, Inc.",1611,640351,0001934245,2026,Q2,57029,2026-06-30,2026-Q2,2026-06-30,2026-08-14,2026-08-14,NOT_FOUND,NOT_RECORDED,2026-10-05T06:50:11Z,NOT_RECORDED,1,2026-10-05T06:50:11Z,NO_ITEM_2_02_FOUND,NO_ITEM_2_02_FOUND,0,0,0,NOT_RECORDED,NOT_RECORDED,NOT_RECORDED,NOT_RECORDED,NULL,NONE_STORED;issuer_search_not_exhaustive,CANONICAL_ACCEPTED;authority_quarter_id_equal;forecast_links_NOT_AUDITED,UNIQUE_ACTIVE_CIK;no_blocker_proven,SHARADAR:4a704f4c221f73fe9025e46714db5922d3ff8e78cadfd287bded4d92ca7099de:SHARADAR_ARQ_PRIMARY_V1:HIGH,,10-Q|2026-08-14T20:16:27.000Z|0001493152-26-038399|report=2026-06-30|items=,1,0,0,0,,https://www.sec.gov/Archives/edgar/data/1934245/000149315226038399/form10-q.htm,NOT_RECORDED_PER_REQUEST,2026-10-05T16:08:01Z,2026-10-05,publication_drain_20261005T064921Z_43a1e040,INSUFFICIENT_EVIDENCE,NO_MATCHED_PUBLICATION_DOCUMENT_VERIFIED,P2,LIMITED,SEC metadata inspected in the result-period acceptance window; no quarter-specific authoritative release verified. NO_ITEM_2_02_FOUND is not evidence of global publication absence.,Target official issuer release and relevant SEC document/exhibit before deciding coverage gap or evidenced absence; do not blindly retry.,DOMESTIC_OR_OTHER_METADATA_ONLY
NXDT,1604,SEC_CIK:0001356115,NEXPOINT DIVERSIFIED REAL ESTATE TRUST,1614,118734,0001356115,2026,Q2,57108,2026-06-30,2026-Q2,2026-06-30,2026-08-14,2026-08-14,NOT_FOUND,NOT_RECORDED,2026-10-05T06:50:12Z,NOT_RECORDED,1,2026-10-05T06:50:12Z,NO_ITEM_2_02_FOUND,NO_ITEM_2_02_FOUND,0,0,0,NOT_RECORDED,NOT_RECORDED,NOT_RECORDED,NOT_RECORDED,NULL,NONE_STORED;issuer_search_not_exhaustive,CANONICAL_ACCEPTED;authority_quarter_id_equal;forecast_links_NOT_AUDITED,UNIQUE_ACTIVE_CIK;no_blocker_proven,SHARADAR:ab363c8d6e885a5ba81a1343645068206f417a33f50745b5c4f43701e0e36442:SHARADAR_ARQ_PRIMARY_V1:HIGH,,10-Q|2026-08-14T11:45:22.000Z|0001193125-26-350420|report=2026-06-30|items=,1,0,0,0,,https://www.sec.gov/Archives/edgar/data/1356115/000119312526350420/nxdt-20260630.htm,NOT_RECORDED_PER_REQUEST,2026-10-05T16:08:01Z,2026-10-05,publication_drain_20261005T064921Z_43a1e040,INSUFFICIENT_EVIDENCE,NO_MATCHED_PUBLICATION_DOCUMENT_VERIFIED,P2,LIMITED,SEC metadata inspected in the result-period acceptance window; no quarter-specific authoritative release verified. NO_ITEM_2_02_FOUND is not evidence of global publication absence.,Target official issuer release and relevant SEC document/exhibit before deciding coverage gap or evidenced absence; do not blindly retry.,DOMESTIC_OR_OTHER_METADATA_ONLY
OLB,1631,SEC_CIK:0001314196,"OLB GROUP, INC.",1641,109026,0001314196,2026,Q2,58089,2026-06-30,2026-Q2,2026-06-30,2026-08-14,2026-08-14,NOT_FOUND,NOT_RECORDED,2026-10-05T06:50:13Z,NOT_RECORDED,1,2026-10-05T06:50:13Z,NO_ITEM_2_02_FOUND,NO_ITEM_2_02_FOUND,0,0,0,NOT_RECORDED,NOT_RECORDED,NOT_RECORDED,NOT_RECORDED,NULL,NONE_STORED;issuer_search_not_exhaustive,CANONICAL_ACCEPTED;authority_quarter_id_equal;forecast_links_NOT_AUDITED,UNIQUE_ACTIVE_CIK;no_blocker_proven,SHARADAR:10404679a35bbf34cb2aa6fdc575a68dcd1c6c7a6967f0474d37dee2ccba607d:SHARADAR_ARQ_PRIMARY_V1:HIGH,,10-Q|2026-08-14T20:32:09.000Z|0001185185-26-003553|report=2026-06-30|items=,1,0,0,0,,https://www.sec.gov/Archives/edgar/data/1314196/000118518526003553/olbgroup10q063026.htm,NOT_RECORDED_PER_REQUEST,2026-10-05T16:08:01Z,2026-10-05,publication_drain_20261005T064921Z_43a1e040,INSUFFICIENT_EVIDENCE,NO_MATCHED_PUBLICATION_DOCUMENT_VERIFIED,P2,LIMITED,SEC metadata inspected in the result-period acceptance window; no quarter-specific authoritative release verified. NO_ITEM_2_02_FOUND is not evidence of global publication absence.,Target official issuer release and relevant SEC document/exhibit before deciding coverage gap or evidenced absence; do not blindly retry.,DOMESTIC_OR_OTHER_METADATA_ONLY
PPTA,1777,SEC_CIK:0001526243,PERPETUA RESOURCES CORP.,1787,110371,0001526243,2026,Q2,63386,2026-06-30,2026-Q2,2026-06-30,2026-08-14,2026-08-14,NOT_FOUND,NOT_RECORDED,2026-10-05T06:50:20Z,NOT_RECORDED,1,2026-10-05T06:50:20Z,NO_ITEM_2_02_FOUND,NO_ITEM_2_02_FOUND,0,0,0,NOT_RECORDED,NOT_RECORDED,NOT_RECORDED,NOT_RECORDED,NULL,NONE_STORED;issuer_search_not_exhaustive,CANONICAL_ACCEPTED;authority_quarter_id_equal;forecast_links_NOT_AUDITED,UNIQUE_ACTIVE_CIK;no_blocker_proven,SHARADAR:f4e62990756f724f6cc303bf835f0d8b9234653f972b775ce39d486568f88a55:SHARADAR_ARQ_PRIMARY_V1:HIGH,,10-Q|2026-08-14T20:10:39.000Z|0001104659-26-097134|report=2026-06-30|items=,1,0,0,0,,https://www.sec.gov/Archives/edgar/data/1526243/000110465926097134/ppta-20260630x10q.htm,NOT_RECORDED_PER_REQUEST,2026-10-05T16:08:01Z,2026-10-05,publication_drain_20261005T064921Z_43a1e040,INSUFFICIENT_EVIDENCE,NO_MATCHED_PUBLICATION_DOCUMENT_VERIFIED,P2,LIMITED,SEC metadata inspected in the result-period acceptance window; no quarter-specific authoritative release verified. NO_ITEM_2_02_FOUND is not evidence of global publication absence.,Target official issuer release and relevant SEC document/exhibit before deciding coverage gap or evidenced absence; do not blindly retry.,DOMESTIC_OR_OTHER_METADATA_ONLY
RIME,1888,SEC_CIK:0000923601,"Algorhythm Holdings, Inc.",1898,124528,0000923601,2026,Q2,67283,2026-06-30,2026-Q2,2026-06-30,2026-08-14,2026-08-14,NOT_FOUND,NOT_RECORDED,2026-10-05T06:50:21Z,NOT_RECORDED,1,2026-10-05T06:50:21Z,NO_ITEM_2_02_FOUND,NO_ITEM_2_02_FOUND,0,0,0,NOT_RECORDED,NOT_RECORDED,NOT_RECORDED,NOT_RECORDED,NULL,NONE_STORED;issuer_search_not_exhaustive,CANONICAL_ACCEPTED;authority_quarter_id_equal;forecast_links_NOT_AUDITED,UNIQUE_ACTIVE_CIK;no_blocker_proven,SHARADAR:e2f7c9bf103b4e5749c8debcf24769bdd64b0fc432b18a3a2352c76c865303ab:SHARADAR_ARQ_PRIMARY_V1:HIGH,,10-Q|2026-08-14T13:00:52.000Z|0001493152-26-038024|report=2026-06-30|items=,1,0,0,0,,https://www.sec.gov/Archives/edgar/data/923601/000149315226038024/form10-q.htm,NOT_RECORDED_PER_REQUEST,2026-10-05T16:08:01Z,2026-10-05,publication_drain_20261005T064921Z_43a1e040,INSUFFICIENT_EVIDENCE,NO_MATCHED_PUBLICATION_DOCUMENT_VERIFIED,P2,LIMITED,SEC metadata inspected in the result-period acceptance window; no quarter-specific authoritative release verified. NO_ITEM_2_02_FOUND is not evidence of global publication absence.,Target official issuer release and relevant SEC document/exhibit before deciding coverage gap or evidenced absence; do not blindly retry.,DOMESTIC_OR_OTHER_METADATA_ONLY
RNAZ,1902,SEC_CIK:0001829635,"Transcode Therapeutics, Inc.",1912,635688,0001829635,2026,Q2,67786,2026-06-30,2026-Q2,2026-06-30,2026-08-14,2026-08-14,NOT_FOUND,NOT_RECORDED,2026-10-05T06:50:22Z,NOT_RECORDED,1,2026-10-05T06:50:22Z,NO_ITEM_2_02_FOUND,NO_ITEM_2_02_FOUND,0,0,0,NOT_RECORDED,NOT_RECORDED,NOT_RECORDED,NOT_RECORDED,NULL,NONE_STORED;issuer_search_not_exhaustive,CANONICAL_ACCEPTED;authority_quarter_id_equal;forecast_links_NOT_AUDITED,UNIQUE_ACTIVE_CIK;no_blocker_proven,SHARADAR:9e34b2cfb607aac09438b15c1a721cebff06e125f66054caabc3d172a10dbc6b:SHARADAR_ARQ_PRIMARY_V1:HIGH,,10-Q|2026-08-14T21:05:59.000Z|0001829635-26-000003|report=2026-06-30|items=,1,0,0,0,,https://www.sec.gov/Archives/edgar/data/1829635/000182963526000003/rnaz-20260630x10q.htm,NOT_RECORDED_PER_REQUEST,2026-10-05T16:08:01Z,2026-10-05,publication_drain_20261005T064921Z_43a1e040,INSUFFICIENT_EVIDENCE,NO_MATCHED_PUBLICATION_DOCUMENT_VERIFIED,P2,LIMITED,SEC metadata inspected in the result-period acceptance window; no quarter-specific authoritative release verified. NO_ITEM_2_02_FOUND is not evidence of global publication absence.,Target official issuer release and relevant SEC document/exhibit before deciding coverage gap or evidenced absence; do not blindly retry.,DOMESTIC_OR_OTHER_METADATA_ONLY
SCLX,1964,SEC_CIK:0001820190,Scilex Holding Co,1974,632914,0001820190,2026,Q2,69982,2026-06-30,2026-Q2,2026-06-30,2026-08-14,2026-08-14,NOT_FOUND,NOT_RECORDED,2026-10-05T06:50:23Z,NOT_RECORDED,1,2026-10-05T06:50:23Z,NO_ITEM_2_02_FOUND,NO_ITEM_2_02_FOUND,0,0,0,NOT_RECORDED,NOT_RECORDED,NOT_RECORDED,NOT_RECORDED,NULL,NONE_STORED;issuer_search_not_exhaustive,CANONICAL_ACCEPTED;authority_quarter_id_equal;forecast_links_NOT_AUDITED,UNIQUE_ACTIVE_CIK;no_blocker_proven,SHARADAR:7dc0f318634fb9f125fab85fac3a1f0ef6adf0af4219c116d7986e432d3c6191:SHARADAR_ARQ_PRIMARY_V1:HIGH,,10-Q|2026-08-14T20:41:44.000Z|0001193125-26-352464|report=2026-06-30|items=,1,0,0,0,,https://www.sec.gov/Archives/edgar/data/1820190/000119312526352464/sclx-20260630.htm,NOT_RECORDED_PER_REQUEST,2026-10-05T16:08:01Z,2026-10-05,publication_drain_20261005T064921Z_43a1e040,INSUFFICIENT_EVIDENCE,NO_MATCHED_PUBLICATION_DOCUMENT_VERIFIED,P2,LIMITED,SEC metadata inspected in the result-period acceptance window; no quarter-specific authoritative release verified. NO_ITEM_2_02_FOUND is not evidence of global publication absence.,Target official issuer release and relevant SEC document/exhibit before deciding coverage gap or evidenced absence; do not blindly retry.,DOMESTIC_OR_OTHER_METADATA_ONLY
SKYE,2010,SEC_CIK:0001516551,"Skye Bioscience, Inc.",2020,124232,0001516551,2026,Q2,71517,2026-06-30,2026-Q2,2026-06-30,2026-08-14,2026-08-14,NOT_FOUND,NOT_RECORDED,2026-10-05T06:50:25Z,NOT_RECORDED,1,2026-10-05T06:50:25Z,NO_ITEM_2_02_FOUND,NO_ITEM_2_02_FOUND,0,0,0,NOT_RECORDED,NOT_RECORDED,NOT_RECORDED,NOT_RECORDED,NULL,NONE_STORED;issuer_search_not_exhaustive,CANONICAL_ACCEPTED;authority_quarter_id_equal;forecast_links_NOT_AUDITED,UNIQUE_ACTIVE_CIK;no_blocker_proven,SHARADAR:d1f9c6e686a7577486bfc766bc24112fa97b6eb2b91bc5dfe3589937974e0daf:SHARADAR_ARQ_PRIMARY_V1:HIGH,,10-Q|2026-08-14T13:40:02.000Z|0001628280-26-056968|report=2026-06-30|items=,1,0,0,0,,https://www.sec.gov/Archives/edgar/data/1516551/000162828026056968/skye-20260630.htm,NOT_RECORDED_PER_REQUEST,2026-10-05T16:08:01Z,2026-10-05,publication_drain_20261005T064921Z_43a1e040,INSUFFICIENT_EVIDENCE,NO_MATCHED_PUBLICATION_DOCUMENT_VERIFIED,P2,LIMITED,SEC metadata inspected in the result-period acceptance window; no quarter-specific authoritative release verified. NO_ITEM_2_02_FOUND is not evidence of global publication absence.,Target official issuer release and relevant SEC document/exhibit before deciding coverage gap or evidenced absence; do not blindly retry.,DOMESTIC_OR_OTHER_METADATA_ONLY
SOBR,2048,SEC_CIK:0001425627,"SOBR Safe, Inc.",2058,108641,0001425627,2026,Q2,72793,2026-06-30,2026-Q2,2026-06-30,2026-08-14,2026-08-14,NOT_FOUND,NOT_RECORDED,2026-10-05T06:50:25Z,NOT_RECORDED,1,2026-10-05T06:50:25Z,NO_ITEM_2_02_FOUND,NO_ITEM_2_02_FOUND,0,0,0,NOT_RECORDED,NOT_RECORDED,NOT_RECORDED,NOT_RECORDED,NULL,NONE_STORED;issuer_search_not_exhaustive,CANONICAL_ACCEPTED;authority_quarter_id_equal;forecast_links_NOT_AUDITED,UNIQUE_ACTIVE_CIK;no_blocker_proven,SHARADAR:249e8b07303025a0eeff52b0a39f4789ece0e4c3adca1291c03d745b0165b998:SHARADAR_ARQ_PRIMARY_V1:HIGH,,10-Q|2026-08-14T20:31:57.000Z|0001477932-26-005085|report=2026-06-30|items=,1,0,0,0,,https://www.sec.gov/Archives/edgar/data/1425627/000147793226005085/sobr_10q.htm,NOT_RECORDED_PER_REQUEST,2026-10-05T16:08:01Z,2026-10-05,publication_drain_20261005T064921Z_43a1e040,INSUFFICIENT_EVIDENCE,NO_MATCHED_PUBLICATION_DOCUMENT_VERIFIED,P2,LIMITED,SEC metadata inspected in the result-period acceptance window; no quarter-specific authoritative release verified. NO_ITEM_2_02_FOUND is not evidence of global publication absence.,Target official issuer release and relevant SEC document/exhibit before deciding coverage gap or evidenced absence; do not blindly retry.,DOMESTIC_OR_OTHER_METADATA_ONLY
SRTS,2079,SEC_CIK:0001494891,"Sensus Healthcare, Inc.",2089,124333,0001494891,2026,Q2,73839,2026-06-30,2026-Q2,2026-06-30,2026-08-14,2026-08-14,NOT_FOUND,NOT_RECORDED,2026-10-05T06:50:27Z,NOT_RECORDED,1,2026-10-05T06:50:27Z,NO_ITEM_2_02_FOUND,NO_ITEM_2_02_FOUND,0,0,0,NOT_RECORDED,NOT_RECORDED,NOT_RECORDED,NOT_RECORDED,NULL,NONE_STORED;issuer_search_not_exhaustive,CANONICAL_ACCEPTED;authority_quarter_id_equal;forecast_links_NOT_AUDITED,UNIQUE_ACTIVE_CIK;no_blocker_proven,SHARADAR:2e20c1ca2e0cd156d38d59bef07a60655dcaefd05760369f0058b5bfbecaedd1:SHARADAR_ARQ_PRIMARY_V1:HIGH,,"10-Q|2026-08-14T15:55:41.000Z|0001753926-26-001508|report=2026-06-30|items=;8-K|2026-08-13T20:13:36.000Z|0001753926-26-001479|report=2026-08-13|items=2.02,9.01",2,0,2,2,https://www.sec.gov/Archives/edgar/data/1494891/000175392626001479/g085863_8k.htm#sha256=8052a560b9bf013628ee91cde027f6498ab0d5d7a1d83172b334c4e6adb85e07;https://www.sec.gov/Archives/edgar/data/1494891/000175392626001479/g085863_ex99-1.htm#sha256=cea88db6752c8b1dbaf53848df6cc70e8e30f05e2f7464f62d1c5848d02a61bb,https://www.sec.gov/Archives/edgar/data/1494891/000175392626001479/g085863_8k.htm;https://www.sec.gov/Archives/edgar/data/1494891/000175392626001479/g085863_ex99-1.htm;https://www.sec.gov/Archives/edgar/data/1494891/000175392626001508/g085843_10q.htm,NOT_RECORDED_PER_REQUEST,2026-10-05T16:08:01Z,2026-10-05,publication_drain_20261005T064921Z_43a1e040,RESOLVER_COVERAGE_GAP,STRICT_ITEM202_HEADING_REJECTION,P1,HIGH_LIKELY_COVERAGE_GAP,SEC Item 2.02 metadata and quarter-specific official financial results exist; current strict primary heading/form predicate rejects the filing.,"Implement focused future resolver recognition/event-context change with positive and negative fixtures; replay on copy only, preserve hierarchy and conflict handling.",ITEM202_HEADING_VARIANTS
SXTP,2117,SEC_CIK:0001946563,"60 DEGREES PHARMACEUTICALS, INC.",2127,640216,0001946563,2026,Q2,75249,2026-06-30,2026-Q2,2026-06-30,2026-08-14,2026-08-14,NOT_FOUND,NOT_RECORDED,2026-10-05T06:50:29Z,NOT_RECORDED,1,2026-10-05T06:50:29Z,NO_ITEM_2_02_FOUND,NO_ITEM_2_02_FOUND,0,0,0,NOT_RECORDED,NOT_RECORDED,NOT_RECORDED,NOT_RECORDED,NULL,NONE_STORED;issuer_search_not_exhaustive,CANONICAL_ACCEPTED;authority_quarter_id_equal;forecast_links_NOT_AUDITED,UNIQUE_ACTIVE_CIK;no_blocker_proven,SHARADAR:d321595c833ee99d3f07468465f30f2826908c85c2eaa3d10d2d7040d94867df:SHARADAR_ARQ_PRIMARY_V1:HIGH,,10-Q|2026-08-14T19:34:58.000Z|0001554855-26-001860|report=2026-06-30|items=,1,0,0,0,,https://www.sec.gov/Archives/edgar/data/1946563/000155485526001860/sxtp-20260630.htm,NOT_RECORDED_PER_REQUEST,2026-10-05T16:08:01Z,2026-10-05,publication_drain_20261005T064921Z_43a1e040,INSUFFICIENT_EVIDENCE,NO_MATCHED_PUBLICATION_DOCUMENT_VERIFIED,P2,LIMITED,SEC metadata inspected in the result-period acceptance window; no quarter-specific authoritative release verified. NO_ITEM_2_02_FOUND is not evidence of global publication absence.,Target official issuer release and relevant SEC document/exhibit before deciding coverage gap or evidenced absence; do not blindly retry.,DOMESTIC_OR_OTHER_METADATA_ONLY
TRNR,2205,SEC_CIK:0001785056,"Interactive Strength, Inc.",2215,639957,0001785056,2026,Q2,78325,2026-06-30,2026-Q2,2026-06-30,2026-08-14,2026-08-14,NOT_FOUND,NOT_RECORDED,2026-10-05T06:50:31Z,NOT_RECORDED,1,2026-10-05T06:50:31Z,NO_ITEM_2_02_FOUND,NO_ITEM_2_02_FOUND,0,0,0,NOT_RECORDED,NOT_RECORDED,NOT_RECORDED,NOT_RECORDED,NULL,NONE_STORED;issuer_search_not_exhaustive,CANONICAL_ACCEPTED;authority_quarter_id_equal;forecast_links_NOT_AUDITED,UNIQUE_ACTIVE_CIK;no_blocker_proven,SHARADAR:ffe5b57b5c4a7b25d1e5091c0158ebf79457c7e07176d3d91a949340b0599d3b:SHARADAR_ARQ_PRIMARY_V1:HIGH,,"10-Q|2026-08-14T20:45:47.000Z|0001193125-26-352477|report=2026-06-30|items=;8-K|2026-07-07T20:30:06.000Z|0001193125-26-297535|report=2026-06-30|items=1.01,3.02,9.01",2,0,0,0,,https://www.sec.gov/Archives/edgar/data/1785056/000119312526352477/trnr-20260630.htm;https://www.sec.gov/Archives/edgar/data/1785056/000119312526297535/trnr-20260630.htm,NOT_RECORDED_PER_REQUEST,2026-10-05T16:08:01Z,2026-10-05,publication_drain_20261005T064921Z_43a1e040,INSUFFICIENT_EVIDENCE,NO_MATCHED_PUBLICATION_DOCUMENT_VERIFIED,P2,LIMITED,SEC metadata inspected in the result-period acceptance window; no quarter-specific authoritative release verified. NO_ITEM_2_02_FOUND is not evidence of global publication absence.,Target official issuer release and relevant SEC document/exhibit before deciding coverage gap or evidenced absence; do not blindly retry.,DOMESTIC_OR_OTHER_METADATA_ONLY
TRUG,2212,SEC_CIK:0001857086,"TruGolf Holdings, Inc.",2222,636515,0001857086,2026,Q2,78560,2026-06-30,2026-Q2,2026-06-30,2026-08-14,2026-08-14,NOT_FOUND,NOT_RECORDED,2026-10-05T06:50:31Z,NOT_RECORDED,1,2026-10-05T06:50:31Z,NO_ITEM_2_02_FOUND,NO_ITEM_2_02_FOUND,0,0,0,NOT_RECORDED,NOT_RECORDED,NOT_RECORDED,NOT_RECORDED,NULL,NONE_STORED;issuer_search_not_exhaustive,CANONICAL_ACCEPTED;authority_quarter_id_equal;forecast_links_NOT_AUDITED,UNIQUE_ACTIVE_CIK;no_blocker_proven,SHARADAR:fdc6e133369f981dbdb15d77474f8f6dc7399e659c2f1dbda86e6815582517ed:SHARADAR_ARQ_PRIMARY_V1:HIGH,,10-Q|2026-08-14T21:05:39.000Z|0001493152-26-038488|report=2026-06-30|items=,1,0,0,0,,https://www.sec.gov/Archives/edgar/data/1857086/000149315226038488/form10-q.htm,NOT_RECORDED_PER_REQUEST,2026-10-05T16:08:01Z,2026-10-05,publication_drain_20261005T064921Z_43a1e040,INSUFFICIENT_EVIDENCE,NO_MATCHED_PUBLICATION_DOCUMENT_VERIFIED,P2,LIMITED,SEC metadata inspected in the result-period acceptance window; no quarter-specific authoritative release verified. NO_ITEM_2_02_FOUND is not evidence of global publication absence.,Target official issuer release and relevant SEC document/exhibit before deciding coverage gap or evidenced absence; do not blindly retry.,DOMESTIC_OR_OTHER_METADATA_ONLY
VS,2331,SEC_CIK:0001701963,Versus Systems Inc.,2342,632989,0001701963,2026,Q2,82941,2026-06-30,2026-Q2,2026-06-30,2026-08-14,2026-08-14,NOT_FOUND,NOT_RECORDED,2026-10-05T06:50:34Z,NOT_RECORDED,1,2026-10-05T06:50:34Z,NO_ITEM_2_02_FOUND,NO_ITEM_2_02_FOUND,0,0,0,NOT_RECORDED,NOT_RECORDED,NOT_RECORDED,NOT_RECORDED,NULL,NONE_STORED;issuer_search_not_exhaustive,CANONICAL_ACCEPTED;authority_quarter_id_equal;forecast_links_NOT_AUDITED,UNIQUE_ACTIVE_CIK;no_blocker_proven,SHARADAR:1fff1bc8b08ff486771c85b7e9e42ffcc6ae8992a60c03b50e857abd124c89a8:SHARADAR_ARQ_PRIMARY_V1:HIGH,,10-Q|2026-08-14T17:39:47.000Z|0001213900-26-089786|report=2026-06-30|items=,1,0,0,0,,https://www.sec.gov/Archives/edgar/data/1701963/000121390026089786/ea0299349-10q_versus.htm,NOT_RECORDED_PER_REQUEST,2026-10-05T16:08:01Z,2026-10-05,publication_drain_20261005T064921Z_43a1e040,INSUFFICIENT_EVIDENCE,NO_MATCHED_PUBLICATION_DOCUMENT_VERIFIED,P2,LIMITED,SEC metadata inspected in the result-period acceptance window; no quarter-specific authoritative release verified. NO_ITEM_2_02_FOUND is not evidence of global publication absence.,Target official issuer release and relevant SEC document/exhibit before deciding coverage gap or evidenced absence; do not blindly retry.,DOMESTIC_OR_OTHER_METADATA_ONLY
VVOS,2345,SEC_CIK:0001716166,"Vivos Therapeutics, Inc.",2356,632762,0001716166,2026,Q2,83419,2026-06-30,2026-Q2,2026-06-30,2026-08-14,2026-08-14,NOT_FOUND,NOT_RECORDED,2026-10-05T06:50:34Z,NOT_RECORDED,1,2026-10-05T06:50:34Z,NO_ITEM_2_02_FOUND,NO_ITEM_2_02_FOUND,0,0,0,NOT_RECORDED,NOT_RECORDED,NOT_RECORDED,NOT_RECORDED,NULL,NONE_STORED;issuer_search_not_exhaustive,CANONICAL_ACCEPTED;authority_quarter_id_equal;forecast_links_NOT_AUDITED,UNIQUE_ACTIVE_CIK;no_blocker_proven,SHARADAR:266781f64967b4a5e89e0db20d691e1070176ab065161bd20293e2a752aa09cf:SHARADAR_ARQ_PRIMARY_V1:HIGH,,10-Q|2026-08-14T20:07:04.000Z|0001493152-26-038336|report=2026-06-30|items=,1,0,0,0,,https://www.sec.gov/Archives/edgar/data/1716166/000149315226038336/form10-q.htm,NOT_RECORDED_PER_REQUEST,2026-10-05T16:08:01Z,2026-10-05,publication_drain_20261005T064921Z_43a1e040,INSUFFICIENT_EVIDENCE,NO_MATCHED_PUBLICATION_DOCUMENT_VERIFIED,P2,LIMITED,SEC metadata inspected in the result-period acceptance window; no quarter-specific authoritative release verified. NO_ITEM_2_02_FOUND is not evidence of global publication absence.,Target official issuer release and relevant SEC document/exhibit before deciding coverage gap or evidenced absence; do not blindly retry.,DOMESTIC_OR_OTHER_METADATA_ONLY
XXII,2431,SEC_CIK:0001347858,"22nd Century Group, Inc.",2442,194628,0001347858,2026,Q2,86643,2026-06-30,2026-Q2,2026-06-30,2026-08-14,2026-08-14,NOT_FOUND,NOT_RECORDED,2026-10-05T06:50:35Z,NOT_RECORDED,1,2026-10-05T06:50:35Z,NO_ITEM_2_02_FOUND,NO_ITEM_2_02_FOUND,0,0,0,NOT_RECORDED,NOT_RECORDED,NOT_RECORDED,NOT_RECORDED,NULL,NONE_STORED;issuer_search_not_exhaustive,CANONICAL_ACCEPTED;authority_quarter_id_equal;forecast_links_NOT_AUDITED,UNIQUE_ACTIVE_CIK;no_blocker_proven,SHARADAR:472e9d67bfe483a1b8bc3170a31a36449cbffc1d727a241f23f61ca045722977:SHARADAR_ARQ_PRIMARY_V1:HIGH,,"10-Q|2026-08-14T20:16:10.000Z|0001104659-26-097172|report=2026-06-30|items=;8-K|2026-08-13T10:06:03.000Z|0001493152-26-037524|report=2026-08-13|items=2.02,9.01",2,0,2,2,https://www.sec.gov/Archives/edgar/data/1347858/000149315226037524/form8-k.htm#sha256=ca788af418c8d4e75244de57a7b293fc0270f776c047c03bdc88587546790e1a;https://www.sec.gov/Archives/edgar/data/1347858/000149315226037524/ex99-1.htm#sha256=978e0c87b852fbf404c2b891d7d5a0ccb4cc1da18ec73aa6c9c32d14322f184b,https://www.sec.gov/Archives/edgar/data/1347858/000149315226037524/form8-k.htm;https://www.sec.gov/Archives/edgar/data/1347858/000149315226037524/ex99-1.htm;https://www.sec.gov/Archives/edgar/data/1347858/000110465926097172/xxii-20260630x10q.htm,NOT_RECORDED_PER_REQUEST,2026-10-05T16:08:01Z,2026-10-05,publication_drain_20261005T064921Z_43a1e040,RESOLVER_COVERAGE_GAP,STRICT_ITEM202_HEADING_REJECTION,P1,HIGH_LIKELY_COVERAGE_GAP,SEC Item 2.02 metadata and quarter-specific official financial results exist; current strict primary heading/form predicate rejects the filing.,"Implement focused future resolver recognition/event-context change with positive and negative fixtures; replay on copy only, preserve hierarchy and conflict handling.",ITEM202_HEADING_VARIANTS
ZEO,2445,SEC_CIK:0001865506,Zeo Energy Corp.,2456,636466,0001865506,2026,Q2,87167,2026-06-30,2026-Q2,2026-06-30,2026-08-14,2026-08-14,NOT_FOUND,NOT_RECORDED,2026-10-05T06:50:36Z,NOT_RECORDED,1,2026-10-05T06:50:36Z,NO_ITEM_2_02_FOUND,NO_ITEM_2_02_FOUND,0,0,0,NOT_RECORDED,NOT_RECORDED,NOT_RECORDED,NOT_RECORDED,NULL,NONE_STORED;issuer_search_not_exhaustive,CANONICAL_ACCEPTED;authority_quarter_id_equal;forecast_links_NOT_AUDITED,UNIQUE_ACTIVE_CIK;no_blocker_proven,SHARADAR:1f720504075c1a263ae22db301cb6ca200e03e018cbc869d0b97ccaab0ac931b:SHARADAR_ARQ_PRIMARY_V1:HIGH,,10-Q|2026-08-14T20:14:48.000Z|0001213900-26-090073|report=2026-06-30|items=,1,0,0,0,,https://www.sec.gov/Archives/edgar/data/1865506/000121390026090073/ea0301301-10q_zeoenergy.htm,NOT_RECORDED_PER_REQUEST,2026-10-05T16:08:01Z,2026-10-05,publication_drain_20261005T064921Z_43a1e040,INSUFFICIENT_EVIDENCE,NO_MATCHED_PUBLICATION_DOCUMENT_VERIFIED,P2,LIMITED,SEC metadata inspected in the result-period acceptance window; no quarter-specific authoritative release verified. NO_ITEM_2_02_FOUND is not evidence of global publication absence.,Target official issuer release and relevant SEC document/exhibit before deciding coverage gap or evidenced absence; do not blindly retry.,DOMESTIC_OR_OTHER_METADATA_ONLY
TSM,2471,SEC_CIK:0001046179,TAIWAN SEMICONDUCTOR MANUFACTURING CO LTD,2483,165889,0001046179,2026,Q2,88005,2026-06-30,2026-Q2,2026-06-30,2026-08-14,2026-08-14,NOT_FOUND,NOT_RECORDED,2026-10-05T06:50:38Z,NOT_RECORDED,1,2026-10-05T06:50:38Z,NO_ITEM_2_02_FOUND,NO_ITEM_2_02_FOUND,0,0,0,NOT_RECORDED,NOT_RECORDED,NOT_RECORDED,NOT_RECORDED,NULL,NONE_STORED;issuer_search_not_exhaustive,CANONICAL_ACCEPTED;authority_quarter_id_equal;forecast_links_NOT_AUDITED,UNIQUE_ACTIVE_CIK;no_blocker_proven,SHARADAR:cbd8fe802a8fb51a33dc3c51837b245969749d0ab3349fff82e30f9715f7f828:SHARADAR_ARQ_PRIMARY_V1:HIGH,,6-K|2026-09-24T10:02:44.000Z|0001046179-26-000660|report=2026-08-31|items=;6-K|2026-09-10T10:15:36.000Z|0001046179-26-000658|report=2026-08-31|items=;6-K|2026-09-01T10:07:38.000Z|0001046179-26-000552|report=2026-09-01|items=;6-K|2026-08-25T10:17:27.000Z|0001046179-26-000545|report=2026-07-31|items=;6-K|2026-08-14T10:02:33.000Z|0001046179-26-000541|report=2026-06-30|items=;6-K|2026-08-11T12:25:45.000Z|0001046179-26-000539|report=2026-08-11|items=;6-K|2026-08-11T11:45:48.000Z|0001046179-26-000536|report=2026-08-11|items=;6-K|2026-08-10T10:28:44.000Z|0001046179-26-000471|report=2026-07-31|items=;6-K|2026-07-24T10:33:23.000Z|0001046179-26-000459|report=2026-06-30|items=;6-K|2026-07-16T11:45:43.000Z|0001046179-26-000451|report=2026-06-30|items=;6-K|2026-07-13T11:01:35.000Z|0001046179-26-000447|report=2026-06-30|items=;6-K|2026-07-02T11:10:57.000Z|0001046179-26-000381|report=2026-07-02|items=,12,0,0,0,,https://www.sec.gov/Archives/edgar/data/1046179/000104617926000660/tsm-monthend6kx20260924.htm;https://www.sec.gov/Archives/edgar/data/1046179/000104617926000658/tsm-revenue20260910.htm;https://www.sec.gov/Archives/edgar/data/1046179/000104617926000552/tsm-dividendadjustmentx202.htm,NOT_RECORDED_PER_REQUEST,2026-10-05T16:08:01Z,2026-10-05,publication_drain_20261005T064921Z_43a1e040,INSUFFICIENT_EVIDENCE,FOREIGN_6K_CONTENT_NOT_VERIFIED,P2,LIMITED,"6-K metadata exists in bounded window; V1 does not support 6-K, but metadata alone does not establish a result release for this canonical quarter. Foreign reporting is not proof of absent publication.",Target official issuer release and relevant SEC document/exhibit before deciding coverage gap or evidenced absence; do not blindly retry.,FOREIGN_6K_METADATA_ONLY
GTBP,2517,SEC_CIK:0000109657,"GT Biopharma, Inc.",2529,107997,0000109657,2026,Q2,89270,2026-06-30,2026-Q2,2026-06-30,2026-08-14,2026-08-14,NOT_FOUND,NOT_RECORDED,2026-10-05T06:50:40Z,NOT_RECORDED,1,2026-10-05T06:50:40Z,NO_ITEM_2_02_FOUND,NO_ITEM_2_02_FOUND,0,0,0,NOT_RECORDED,NOT_RECORDED,NOT_RECORDED,NOT_RECORDED,NULL,NONE_STORED;issuer_search_not_exhaustive,CANONICAL_ACCEPTED;authority_quarter_id_equal;forecast_links_NOT_AUDITED,UNIQUE_ACTIVE_CIK;no_blocker_proven,SHARADAR:2898cf543e87b175843f03d1558538205104fd4d77d827f9393f447c6b54a7c2:SHARADAR_ARQ_PRIMARY_V1:HIGH,,10-Q|2026-08-14T12:01:21.000Z|0001493152-26-037988|report=2026-06-30|items=,1,0,0,0,,https://www.sec.gov/Archives/edgar/data/109657/000149315226037988/form10-q.htm,NOT_RECORDED_PER_REQUEST,2026-10-05T16:08:01Z,2026-10-05,publication_drain_20261005T064921Z_43a1e040,INSUFFICIENT_EVIDENCE,NO_MATCHED_PUBLICATION_DOCUMENT_VERIFIED,P2,LIMITED,SEC metadata inspected in the result-period acceptance window; no quarter-specific authoritative release verified. NO_ITEM_2_02_FOUND is not evidence of global publication absence.,Target official issuer release and relevant SEC document/exhibit before deciding coverage gap or evidenced absence; do not blindly retry.,DOMESTIC_OR_OTHER_METADATA_ONLY
ACXP,41,SEC_CIK:0001736243,"Acurx Pharmaceuticals, Inc.",41,635553,0001736243,2026,Q2,1471,2026-06-30,2026-Q2,2026-06-30,2026-08-13,2026-08-13,NOT_FOUND,NOT_RECORDED,2026-10-05T06:49:26Z,NOT_RECORDED,1,2026-10-05T06:49:26Z,NO_ITEM_2_02_FOUND,NO_ITEM_2_02_FOUND,0,0,0,NOT_RECORDED,NOT_RECORDED,NOT_RECORDED,NOT_RECORDED,NULL,NONE_STORED;issuer_search_not_exhaustive,CANONICAL_ACCEPTED;authority_quarter_id_equal;forecast_links_NOT_AUDITED,UNIQUE_ACTIVE_CIK;no_blocker_proven,SHARADAR:82c4cb4f6cbda862200b14bb0a03ebd8b375b62d61916de6d006dd7b9516219e:SHARADAR_ARQ_PRIMARY_V1:HIGH,,10-Q|2026-08-13T20:07:11.000Z|0001104659-26-095904|report=2026-06-30|items=,1,0,0,0,,https://www.sec.gov/Archives/edgar/data/1736243/000110465926095904/acxp-20260630x10q.htm,NOT_RECORDED_PER_REQUEST,2026-10-05T16:08:01Z,2026-10-05,publication_drain_20261005T064921Z_43a1e040,INSUFFICIENT_EVIDENCE,NO_MATCHED_PUBLICATION_DOCUMENT_VERIFIED,P2,LIMITED,SEC metadata inspected in the result-period acceptance window; no quarter-specific authoritative release verified. NO_ITEM_2_02_FOUND is not evidence of global publication absence.,Target official issuer release and relevant SEC document/exhibit before deciding coverage gap or evidenced absence; do not blindly retry.,DOMESTIC_OR_OTHER_METADATA_ONLY
AMIX,135,SEC_CIK:0001617867,"Autonomix Medical, Inc.",135,641031,0001617867,2027,Q1,4789,2026-06-30,2027-Q1,2026-06-30,2026-08-13,2026-08-13,NOT_FOUND,NOT_RECORDED,2026-10-05T06:49:28Z,NOT_RECORDED,1,2026-10-05T06:49:28Z,NO_ITEM_2_02_FOUND,NO_ITEM_2_02_FOUND,0,0,0,NOT_RECORDED,NOT_RECORDED,NOT_RECORDED,NOT_RECORDED,NULL,NONE_STORED;issuer_search_not_exhaustive,CANONICAL_ACCEPTED;authority_quarter_id_equal;forecast_links_NOT_AUDITED,UNIQUE_ACTIVE_CIK;no_blocker_proven,SHARADAR:2b7c64ff1b4f6dd9c3206b8f6cfa17b2210cd7c6fe5dd61097ecae9c165b03e5:SHARADAR_ARQ_PRIMARY_V1:HIGH,,10-Q|2026-08-12T23:40:36.000Z|0001437749-26-027429|report=2026-06-30|items=,1,0,0,0,,https://www.sec.gov/Archives/edgar/data/1617867/000143774926027429/amix20260630_10q.htm,NOT_RECORDED_PER_REQUEST,2026-10-05T16:08:01Z,2026-10-05,publication_drain_20261005T064921Z_43a1e040,INSUFFICIENT_EVIDENCE,NO_MATCHED_PUBLICATION_DOCUMENT_VERIFIED,P2,LIMITED,SEC metadata inspected in the result-period acceptance window; no quarter-specific authoritative release verified. NO_ITEM_2_02_FOUND is not evidence of global publication absence.,Target official issuer release and relevant SEC document/exhibit before deciding coverage gap or evidenced absence; do not blindly retry.,DOMESTIC_OR_OTHER_METADATA_ONLY
BIVI,319,SEC_CIK:0001580149,BIOVIE INC.,319,631989,0001580149,2026,Q4,11291,2026-06-30,2026-Q4,2026-06-30,2026-08-13,2026-08-13,NOT_FOUND,NOT_RECORDED,2026-10-05T06:49:34Z,NOT_RECORDED,1,2026-10-05T06:49:34Z,NO_ITEM_2_02_FOUND,NO_ITEM_2_02_FOUND,0,0,0,NOT_RECORDED,NOT_RECORDED,NOT_RECORDED,NOT_RECORDED,NULL,NONE_STORED;issuer_search_not_exhaustive,CANONICAL_ACCEPTED;authority_quarter_id_equal;forecast_links_NOT_AUDITED,UNIQUE_ACTIVE_CIK;no_blocker_proven,SHARADAR:b1e8a0978a86d66afd0f4ccafc0e15e0d7961911f4dabc07afe2283c24dff098:SHARADAR_ARQ_PRIMARY_V1:HIGH,,10-K|2026-08-12T23:36:27.000Z|0001520138-26-000332|report=2026-06-30|items=,1,0,0,0,,https://www.sec.gov/Archives/edgar/data/1580149/000152013826000332/bivi-20260630_10kv8.htm,NOT_RECORDED_PER_REQUEST,2026-10-05T16:08:01Z,2026-10-05,publication_drain_20261005T064921Z_43a1e040,INSUFFICIENT_EVIDENCE,NO_MATCHED_PUBLICATION_DOCUMENT_VERIFIED,P2,LIMITED,SEC metadata inspected in the result-period acceptance window; no quarter-specific authoritative release verified. NO_ITEM_2_02_FOUND is not evidence of global publication absence.,Target official issuer release and relevant SEC document/exhibit before deciding coverage gap or evidenced absence; do not blindly retry.,DOMESTIC_OR_OTHER_METADATA_ONLY
BTAI,370,SEC_CIK:0001720893,"BioXcel Therapeutics, Inc.",370,120385,0001720893,2026,Q2,13006,2026-06-30,2026-Q2,2026-06-30,2026-08-13,2026-08-13,NOT_FOUND,NOT_RECORDED,2026-10-05T06:49:35Z,NOT_RECORDED,1,2026-10-05T06:49:35Z,NO_ITEM_2_02_FOUND,NO_ITEM_2_02_FOUND,0,0,0,NOT_RECORDED,NOT_RECORDED,NOT_RECORDED,NOT_RECORDED,NULL,NONE_STORED;issuer_search_not_exhaustive,CANONICAL_ACCEPTED;authority_quarter_id_equal;forecast_links_NOT_AUDITED,UNIQUE_ACTIVE_CIK;no_blocker_proven,SHARADAR:4ef187e1dc358c53d325969f65256e0453ebebf41ffd40fbc5f6a70d79fab09e:SHARADAR_ARQ_PRIMARY_V1:HIGH,,10-Q|2026-08-13T20:31:06.000Z|0001104659-26-095965|report=2026-06-30|items=,1,0,0,0,,https://www.sec.gov/Archives/edgar/data/1720893/000110465926095965/btai-20260630x10q.htm,NOT_RECORDED_PER_REQUEST,2026-10-05T16:08:01Z,2026-10-05,publication_drain_20261005T064921Z_43a1e040,INSUFFICIENT_EVIDENCE,NO_MATCHED_PUBLICATION_DOCUMENT_VERIFIED,P2,LIMITED,SEC metadata inspected in the result-period acceptance window; no quarter-specific authoritative release verified. NO_ITEM_2_02_FOUND is not evidence of global publication absence.,Target official issuer release and relevant SEC document/exhibit before deciding coverage gap or evidenced absence; do not blindly retry.,DOMESTIC_OR_OTHER_METADATA_ONLY
CDZI,435,SEC_CIK:0000727273,CADIZ INC,435,198778,0000727273,2026,Q2,15271,2026-06-30,2026-Q2,2026-06-30,2026-08-13,2026-08-13,NOT_FOUND,NOT_RECORDED,2026-10-05T06:49:40Z,NOT_RECORDED,1,2026-10-05T06:49:40Z,NO_ITEM_2_02_FOUND,NO_ITEM_2_02_FOUND,0,0,0,NOT_RECORDED,NOT_RECORDED,NOT_RECORDED,NOT_RECORDED,NULL,NONE_STORED;issuer_search_not_exhaustive,CANONICAL_ACCEPTED;authority_quarter_id_equal;forecast_links_NOT_AUDITED,UNIQUE_ACTIVE_CIK;no_blocker_proven,SHARADAR:f74996d6ae2030c3434e2586d9b28aea3928e71b08e5099898ac4ae7a35f0a0b:SHARADAR_ARQ_PRIMARY_V1:HIGH,,10-Q|2026-08-13T20:06:39.000Z|0001437749-26-027664|report=2026-06-30|items=,1,0,0,0,,https://www.sec.gov/Archives/edgar/data/727273/000143774926027664/cdzi20260630_10q.htm,NOT_RECORDED_PER_REQUEST,2026-10-05T16:08:01Z,2026-10-05,publication_drain_20261005T064921Z_43a1e040,INSUFFICIENT_EVIDENCE,NO_MATCHED_PUBLICATION_DOCUMENT_VERIFIED,P2,LIMITED,SEC metadata inspected in the result-period acceptance window; no quarter-specific authoritative release verified. NO_ITEM_2_02_FOUND is not evidence of global publication absence.,Target official issuer release and relevant SEC document/exhibit before deciding coverage gap or evidenced absence; do not blindly retry.,DOMESTIC_OR_OTHER_METADATA_ONLY
GNLX,962,SEC_CIK:0001231457,GENELUX Corp,965,639397,0001231457,2026,Q2,34119,2026-06-30,2026-Q2,2026-06-30,2026-08-13,2026-08-13,NOT_FOUND,NOT_RECORDED,2026-10-05T06:49:54Z,NOT_RECORDED,1,2026-10-05T06:49:54Z,NO_ITEM_2_02_FOUND,NO_ITEM_2_02_FOUND,0,0,0,NOT_RECORDED,NOT_RECORDED,NOT_RECORDED,NOT_RECORDED,NULL,NONE_STORED;issuer_search_not_exhaustive,CANONICAL_ACCEPTED;authority_quarter_id_equal;forecast_links_NOT_AUDITED,UNIQUE_ACTIVE_CIK;no_blocker_proven,SHARADAR:1631fa4ebf65c30dbbd5435aaa2bfd819971d58f5a24913bc47e2f8adf3891a3:SHARADAR_ARQ_PRIMARY_V1:HIGH,,10-Q|2026-08-13T17:05:41.000Z|0001493152-26-037667|report=2026-06-30|items=,1,0,0,0,,https://www.sec.gov/Archives/edgar/data/1231457/000149315226037667/form10-q.htm,NOT_RECORDED_PER_REQUEST,2026-10-05T16:08:01Z,2026-10-05,publication_drain_20261005T064921Z_43a1e040,INSUFFICIENT_EVIDENCE,NO_MATCHED_PUBLICATION_DOCUMENT_VERIFIED,P2,LIMITED,SEC metadata inspected in the result-period acceptance window; no quarter-specific authoritative release verified. NO_ITEM_2_02_FOUND is not evidence of global publication absence.,Target official issuer release and relevant SEC document/exhibit before deciding coverage gap or evidenced absence; do not blindly retry.,DOMESTIC_OR_OTHER_METADATA_ONLY
HCTI,1017,SEC_CIK:0001839285,"Healthcare Triangle, Inc.",1021,636421,0001839285,2026,Q2,36062,2026-06-30,2026-Q2,2026-06-30,2026-08-13,2026-08-13,NOT_FOUND,NOT_RECORDED,2026-10-05T06:49:55Z,NOT_RECORDED,1,2026-10-05T06:49:55Z,NO_ITEM_2_02_FOUND,NO_ITEM_2_02_FOUND,0,0,0,NOT_RECORDED,NOT_RECORDED,NOT_RECORDED,NOT_RECORDED,NULL,NONE_STORED;issuer_search_not_exhaustive,CANONICAL_ACCEPTED;authority_quarter_id_equal;forecast_links_NOT_AUDITED,UNIQUE_ACTIVE_CIK;no_blocker_proven,SHARADAR:e0b36209055e0ad3f28bd8e6273c1365cfad8239f8b20e16ede1d52beb1ed711:SHARADAR_ARQ_PRIMARY_V1:HIGH,,10-Q|2026-08-13T21:16:05.000Z|0001213900-26-089241|report=2026-06-30|items=,1,0,0,0,,https://www.sec.gov/Archives/edgar/data/1839285/000121390026089241/ea0299879-10q_healthcare.htm,NOT_RECORDED_PER_REQUEST,2026-10-05T16:08:01Z,2026-10-05,publication_drain_20261005T064921Z_43a1e040,INSUFFICIENT_EVIDENCE,NO_MATCHED_PUBLICATION_DOCUMENT_VERIFIED,P2,LIMITED,SEC metadata inspected in the result-period acceptance window; no quarter-specific authoritative release verified. NO_ITEM_2_02_FOUND is not evidence of global publication absence.,Target official issuer release and relevant SEC document/exhibit before deciding coverage gap or evidenced absence; do not blindly retry.,DOMESTIC_OR_OTHER_METADATA_ONLY
ILLR,1111,SEC_CIK:0001769624,Triller Group Inc.,1115,110814,0001769624,2026,Q2,39514,2026-06-30,2026-Q2,2026-06-30,2026-08-13,2026-08-13,NOT_FOUND,NOT_RECORDED,2026-10-05T06:49:56Z,NOT_RECORDED,1,2026-10-05T06:49:56Z,NO_ITEM_2_02_FOUND,NO_ITEM_2_02_FOUND,0,0,0,NOT_RECORDED,NOT_RECORDED,NOT_RECORDED,NOT_RECORDED,NULL,NONE_STORED;issuer_search_not_exhaustive,CANONICAL_ACCEPTED;authority_quarter_id_equal;forecast_links_NOT_AUDITED,UNIQUE_ACTIVE_CIK;no_blocker_proven,SHARADAR:58bfaf590a5b0cb8e7b85574ea95dc9da5e3e711510120939a831729b28ab8ef:SHARADAR_ARQ_PRIMARY_V1:HIGH,,10-Q|2026-08-13T20:01:00.000Z|0001213900-26-089062|report=2026-06-30|items=,1,0,0,0,,https://www.sec.gov/Archives/edgar/data/1769624/000121390026089062/ea0300030-10q_triller.htm,NOT_RECORDED_PER_REQUEST,2026-10-05T16:08:01Z,2026-10-05,publication_drain_20261005T064921Z_43a1e040,INSUFFICIENT_EVIDENCE,NO_MATCHED_PUBLICATION_DOCUMENT_VERIFIED,P2,LIMITED,SEC metadata inspected in the result-period acceptance window; no quarter-specific authoritative release verified. NO_ITEM_2_02_FOUND is not evidence of global publication absence.,Target official issuer release and relevant SEC document/exhibit before deciding coverage gap or evidenced absence; do not blindly retry.,DOMESTIC_OR_OTHER_METADATA_ONLY
MGRX,1416,SEC_CIK:0001938046,"MANGOCEUTICALS, INC.",1425,639846,0001938046,2026,Q2,50502,2026-06-30,2026-Q2,2026-06-30,2026-08-13,2026-08-13,NOT_FOUND,NOT_RECORDED,2026-10-05T06:50:05Z,NOT_RECORDED,1,2026-10-05T06:50:05Z,NO_ITEM_2_02_FOUND,NO_ITEM_2_02_FOUND,0,0,0,NOT_RECORDED,NOT_RECORDED,NOT_RECORDED,NOT_RECORDED,NULL,NONE_STORED;issuer_search_not_exhaustive,CANONICAL_ACCEPTED;authority_quarter_id_equal;forecast_links_NOT_AUDITED,UNIQUE_ACTIVE_CIK;no_blocker_proven,SHARADAR:4bf81d7e257bcbed15a92829d83b61b0be9bcdc5d6b148db0b2b2c175ef4310b:SHARADAR_ARQ_PRIMARY_V1:HIGH,,10-Q|2026-08-13T21:27:13.000Z|0001493152-26-037873|report=2026-06-30|items=,1,0,0,0,,https://www.sec.gov/Archives/edgar/data/1938046/000149315226037873/form10-q.htm,NOT_RECORDED_PER_REQUEST,2026-10-05T16:08:01Z,2026-10-05,publication_drain_20261005T064921Z_43a1e040,INSUFFICIENT_EVIDENCE,NO_MATCHED_PUBLICATION_DOCUMENT_VERIFIED,P2,LIMITED,SEC metadata inspected in the result-period acceptance window; no quarter-specific authoritative release verified. NO_ITEM_2_02_FOUND is not evidence of global publication absence.,Target official issuer release and relevant SEC document/exhibit before deciding coverage gap or evidenced absence; do not blindly retry.,DOMESTIC_OR_OTHER_METADATA_ONLY
MYSZ,1508,SEC_CIK:0001211805,"My Size, Inc.",1517,124353,0001211805,2026,Q2,53846,2026-06-30,2026-Q2,2026-06-30,2026-08-13,2026-08-13,NOT_FOUND,NOT_RECORDED,2026-10-05T06:50:09Z,NOT_RECORDED,1,2026-10-05T06:50:09Z,NO_ITEM_2_02_FOUND,NO_ITEM_2_02_FOUND,0,0,0,NOT_RECORDED,NOT_RECORDED,NOT_RECORDED,NOT_RECORDED,NULL,NONE_STORED;issuer_search_not_exhaustive,CANONICAL_ACCEPTED;authority_quarter_id_equal;forecast_links_NOT_AUDITED,UNIQUE_ACTIVE_CIK;no_blocker_proven,SHARADAR:99c53ea48b36b9f978a039fcf977b92bfe627659ffcaa408da47235e526eb470:SHARADAR_ARQ_PRIMARY_V1:HIGH,,"8-K|2026-08-14T12:30:17.000Z|0001493152-26-037998|report=2026-08-14|items=2.02,9.01;10-Q|2026-08-13T20:05:59.000Z|0001493152-26-037750|report=2026-06-30|items=",2,0,2,2,https://www.sec.gov/Archives/edgar/data/1211805/000149315226037998/form8-k.htm#sha256=78b95050580de2207bdeb2b4f430fac7d02d541842cea2251f9482d02e79bfc9;https://www.sec.gov/Archives/edgar/data/1211805/000149315226037998/ex99-1.htm#sha256=7eafecefd51568dbbbb01193ba65a3e3781de79b7a65ecf114286ffc6194702b,https://www.sec.gov/Archives/edgar/data/1211805/000149315226037998/form8-k.htm;https://www.sec.gov/Archives/edgar/data/1211805/000149315226037998/ex99-1.htm;https://www.sec.gov/Archives/edgar/data/1211805/000149315226037750/form10-q.htm,NOT_RECORDED_PER_REQUEST,2026-10-05T16:08:01Z,2026-10-05,publication_drain_20261005T064921Z_43a1e040,RESOLVER_COVERAGE_GAP,STRICT_ITEM202_HEADING_REJECTION,P1,HIGH_LIKELY_COVERAGE_GAP,SEC Item 2.02 metadata and quarter-specific official financial results exist; current strict primary heading/form predicate rejects the filing.,"Implement focused future resolver recognition/event-context change with positive and negative fixtures; replay on copy only, preserve hierarchy and conflict handling.",ITEM202_HEADING_VARIANTS
ONCO,1643,SEC_CIK:0001782107,"Onconetix, Inc.",1653,638137,0001782107,2026,Q2,58527,2026-06-30,2026-Q2,2026-06-30,2026-08-13,2026-08-13,NOT_FOUND,NOT_RECORDED,2026-10-05T06:50:14Z,NOT_RECORDED,1,2026-10-05T06:50:14Z,NO_ITEM_2_02_FOUND,NO_ITEM_2_02_FOUND,0,0,0,NOT_RECORDED,NOT_RECORDED,NOT_RECORDED,NOT_RECORDED,NULL,NONE_STORED;issuer_search_not_exhaustive,CANONICAL_ACCEPTED;authority_quarter_id_equal;forecast_links_NOT_AUDITED,UNIQUE_ACTIVE_CIK;no_blocker_proven,SHARADAR:47dc164e73a1ad712861fdf2b3af541cc5b7843a0506f40b58220bac1d475aff:SHARADAR_ARQ_PRIMARY_V1:HIGH,,10-Q|2026-08-13T20:06:51.000Z|0001213900-26-089093|report=2026-06-30|items=,1,0,0,0,,https://www.sec.gov/Archives/edgar/data/1782107/000121390026089093/ea0301022-10q_onconetix.htm,NOT_RECORDED_PER_REQUEST,2026-10-05T16:08:01Z,2026-10-05,publication_drain_20261005T064921Z_43a1e040,INSUFFICIENT_EVIDENCE,NO_MATCHED_PUBLICATION_DOCUMENT_VERIFIED,P2,LIMITED,SEC metadata inspected in the result-period acceptance window; no quarter-specific authoritative release verified. NO_ITEM_2_02_FOUND is not evidence of global publication absence.,Target official issuer release and relevant SEC document/exhibit before deciding coverage gap or evidenced absence; do not blindly retry.,DOMESTIC_OR_OTHER_METADATA_ONLY
OVID,1675,SEC_CIK:0001636651,Ovid Therapeutics Inc.,1685,124108,0001636651,2026,Q2,59662,2026-06-30,2026-Q2,2026-06-30,2026-08-13,2026-08-13,NOT_FOUND,NOT_RECORDED,2026-10-05T06:50:15Z,NOT_RECORDED,1,2026-10-05T06:50:15Z,NO_ITEM_2_02_FOUND,NO_ITEM_2_02_FOUND,0,0,0,NOT_RECORDED,NOT_RECORDED,NOT_RECORDED,NOT_RECORDED,NULL,NONE_STORED;issuer_search_not_exhaustive,CANONICAL_ACCEPTED;authority_quarter_id_equal;forecast_links_NOT_AUDITED,UNIQUE_ACTIVE_CIK;no_blocker_proven,SHARADAR:1ada4c75deffa276f424009c587c363bece4cb6d8c8ef4316e8b34de0e3ba4d5:SHARADAR_ARQ_PRIMARY_V1:HIGH,,10-Q|2026-08-13T12:33:06.000Z|0001628280-26-056498|report=2026-06-30|items=,1,0,0,0,,https://www.sec.gov/Archives/edgar/data/1636651/000162828026056498/ovid-20260630.htm,NOT_RECORDED_PER_REQUEST,2026-10-05T16:08:01Z,2026-10-05,publication_drain_20261005T064921Z_43a1e040,INSUFFICIENT_EVIDENCE,NO_MATCHED_PUBLICATION_DOCUMENT_VERIFIED,P2,LIMITED,SEC metadata inspected in the result-period acceptance window; no quarter-specific authoritative release verified. NO_ITEM_2_02_FOUND is not evidence of global publication absence.,Target official issuer release and relevant SEC document/exhibit before deciding coverage gap or evidenced absence; do not blindly retry.,DOMESTIC_OR_OTHER_METADATA_ONLY
PDSB,1711,SEC_CIK:0001472091,PDS Biotechnology Corp,1721,157062,0001472091,2026,Q2,60993,2026-06-30,2026-Q2,2026-06-30,2026-08-13,2026-08-13,NOT_FOUND,NOT_RECORDED,2026-10-05T06:50:17Z,NOT_RECORDED,1,2026-10-05T06:50:17Z,NO_ITEM_2_02_FOUND,NO_ITEM_2_02_FOUND,0,0,0,NOT_RECORDED,NOT_RECORDED,NOT_RECORDED,NOT_RECORDED,NULL,NONE_STORED;issuer_search_not_exhaustive,CANONICAL_ACCEPTED;authority_quarter_id_equal;forecast_links_NOT_AUDITED,UNIQUE_ACTIVE_CIK;no_blocker_proven,SHARADAR:0b547eb06cba3da6b74e4c3772e2971bd22f12f4f5f5df555cea5f014251c2e1:SHARADAR_ARQ_PRIMARY_V1:HIGH,,"10-Q|2026-08-13T20:20:02.000Z|0001140361-26-032824|report=2026-06-30|items=;8-K|2026-08-13T12:35:22.000Z|0001140361-26-032650|report=2026-08-13|items=2.02,9.01",2,0,2,2,https://www.sec.gov/Archives/edgar/data/1472091/000114036126032650/ef20080122_8k.htm#sha256=90193e4b611885bf7faf33c25155affee77b5dbbc8a082ce49baa113cae908cc;https://www.sec.gov/Archives/edgar/data/1472091/000114036126032650/ef20080122_ex99-1.htm#sha256=550de949d2ea5507b4d4b9e594aaed2a122dfbe35c9468147eb7d460b1035c9a,https://www.sec.gov/Archives/edgar/data/1472091/000114036126032650/ef20080122_8k.htm;https://www.sec.gov/Archives/edgar/data/1472091/000114036126032650/ef20080122_ex99-1.htm;https://www.sec.gov/Archives/edgar/data/1472091/000114036126032824/ef20075210_10q.htm,NOT_RECORDED_PER_REQUEST,2026-10-05T16:08:01Z,2026-10-05,publication_drain_20261005T064921Z_43a1e040,RESOLVER_COVERAGE_GAP,STRICT_ITEM202_HEADING_REJECTION,P1,HIGH_LIKELY_COVERAGE_GAP,SEC Item 2.02 metadata and quarter-specific official financial results exist; current strict primary heading/form predicate rejects the filing.,"Implement focused future resolver recognition/event-context change with positive and negative fixtures; replay on copy only, preserve hierarchy and conflict handling.",ITEM202_HEADING_VARIANTS
SBFM,1955,SEC_CIK:0001402328,Sunshine Biopharma Inc.,1965,637794,0001402328,2026,Q2,69630,2026-06-30,2026-Q2,2026-06-30,2026-08-13,2026-08-13,NOT_FOUND,NOT_RECORDED,2026-10-05T06:50:23Z,NOT_RECORDED,1,2026-10-05T06:50:23Z,NO_ITEM_2_02_FOUND,NO_ITEM_2_02_FOUND,0,0,0,NOT_RECORDED,NOT_RECORDED,NOT_RECORDED,NOT_RECORDED,NULL,NONE_STORED;issuer_search_not_exhaustive,CANONICAL_ACCEPTED;authority_quarter_id_equal;forecast_links_NOT_AUDITED,UNIQUE_ACTIVE_CIK;no_blocker_proven,SHARADAR:fb48151562f12b2771a2aaa9badf1da5ee3584c547feb308e6ea1a2ce84a2d1d:SHARADAR_ARQ_PRIMARY_V1:HIGH,,10-Q|2026-08-13T20:05:51.000Z|0001683168-26-006340|report=2026-06-30|items=,1,0,0,0,,https://www.sec.gov/Archives/edgar/data/1402328/000168316826006340/sunshine_i10q-063026.htm,NOT_RECORDED_PER_REQUEST,2026-10-05T16:08:01Z,2026-10-05,publication_drain_20261005T064921Z_43a1e040,INSUFFICIENT_EVIDENCE,NO_MATCHED_PUBLICATION_DOCUMENT_VERIFIED,P2,LIMITED,SEC metadata inspected in the result-period acceptance window; no quarter-specific authoritative release verified. NO_ITEM_2_02_FOUND is not evidence of global publication absence.,Target official issuer release and relevant SEC document/exhibit before deciding coverage gap or evidenced absence; do not blindly retry.,DOMESTIC_OR_OTHER_METADATA_ONLY
SDST,1970,SEC_CIK:0001831979,Stardust Power Inc.,1980,632937,0001831979,2026,Q2,70172,2026-06-30,2026-Q2,2026-06-30,2026-08-13,2026-08-13,NOT_FOUND,NOT_RECORDED,2026-10-05T06:50:24Z,NOT_RECORDED,1,2026-10-05T06:50:24Z,NO_ITEM_2_02_FOUND,NO_ITEM_2_02_FOUND,0,0,0,NOT_RECORDED,NOT_RECORDED,NOT_RECORDED,NOT_RECORDED,NULL,NONE_STORED;issuer_search_not_exhaustive,CANONICAL_ACCEPTED;authority_quarter_id_equal;forecast_links_NOT_AUDITED,UNIQUE_ACTIVE_CIK;no_blocker_proven,SHARADAR:d373c6dc934b73564235021606f528d804befdc835fd7608798efd2c48e47781:SHARADAR_ARQ_PRIMARY_V1:HIGH,,10-Q|2026-08-13T21:16:10.000Z|0001493152-26-037856|report=2026-06-30|items=;8-K|2026-07-02T21:00:37.000Z|0001493152-26-031947|report=2026-06-30|items=5.02,2,0,0,0,,https://www.sec.gov/Archives/edgar/data/1831979/000149315226037856/form10-q.htm;https://www.sec.gov/Archives/edgar/data/1831979/000149315226031947/form8-k.htm,NOT_RECORDED_PER_REQUEST,2026-10-05T16:08:01Z,2026-10-05,publication_drain_20261005T064921Z_43a1e040,INSUFFICIENT_EVIDENCE,NO_MATCHED_PUBLICATION_DOCUMENT_VERIFIED,P2,LIMITED,SEC metadata inspected in the result-period acceptance window; no quarter-specific authoritative release verified. NO_ITEM_2_02_FOUND is not evidence of global publication absence.,Target official issuer release and relevant SEC document/exhibit before deciding coverage gap or evidenced absence; do not blindly retry.,DOMESTIC_OR_OTHER_METADATA_ONLY
SQFT,2070,SEC_CIK:0001080657,"Presidio Property Trust, Inc.",2080,632356,0001080657,2026,Q2,73517,2026-06-30,2026-Q2,2026-06-30,2026-08-13,2026-08-13,NOT_FOUND,NOT_RECORDED,2026-10-05T06:50:27Z,NOT_RECORDED,1,2026-10-05T06:50:27Z,NO_ITEM_2_02_FOUND,NO_ITEM_2_02_FOUND,0,0,0,NOT_RECORDED,NOT_RECORDED,NOT_RECORDED,NOT_RECORDED,NULL,NONE_STORED;issuer_search_not_exhaustive,CANONICAL_ACCEPTED;authority_quarter_id_equal;forecast_links_NOT_AUDITED,UNIQUE_ACTIVE_CIK;no_blocker_proven,SHARADAR:6f95333c065583277159fc4ae982d7a3753620a366563788db554013dcc77314:SHARADAR_ARQ_PRIMARY_V1:HIGH,,10-Q|2026-08-13T18:20:32.000Z|0001437749-26-027591|report=2026-06-30|items=,1,0,0,0,,https://www.sec.gov/Archives/edgar/data/1080657/000143774926027591/sqft20260630_10q.htm,NOT_RECORDED_PER_REQUEST,2026-10-05T16:08:01Z,2026-10-05,publication_drain_20261005T064921Z_43a1e040,INSUFFICIENT_EVIDENCE,NO_MATCHED_PUBLICATION_DOCUMENT_VERIFIED,P2,LIMITED,SEC metadata inspected in the result-period acceptance window; no quarter-specific authoritative release verified. NO_ITEM_2_02_FOUND is not evidence of global publication absence.,Target official issuer release and relevant SEC document/exhibit before deciding coverage gap or evidenced absence; do not blindly retry.,DOMESTIC_OR_OTHER_METADATA_ONLY
STEM,2090,SEC_CIK:0001758766,"STEM, INC.",2100,631832,0001758766,2026,Q2,74271,2026-06-30,2026-Q2,2026-06-30,2026-08-13,2026-08-13,NOT_FOUND,NOT_RECORDED,2026-10-05T06:50:28Z,NOT_RECORDED,1,2026-10-05T06:50:28Z,NO_ITEM_2_02_FOUND,NO_ITEM_2_02_FOUND,0,0,0,NOT_RECORDED,NOT_RECORDED,NOT_RECORDED,NOT_RECORDED,NULL,NONE_STORED;issuer_search_not_exhaustive,CANONICAL_ACCEPTED;authority_quarter_id_equal;forecast_links_NOT_AUDITED,UNIQUE_ACTIVE_CIK;no_blocker_proven,SHARADAR:2680c95428368b1fa515e8b90ccb7ea64ef6b997927cbaf6d63b1a94e51ad1a3:SHARADAR_ARQ_PRIMARY_V1:HIGH,,10-Q|2026-08-12T23:18:29.000Z|0001758766-26-000081|report=2026-06-30|items=,1,0,0,0,,https://www.sec.gov/Archives/edgar/data/1758766/000175876626000081/stem-20260630.htm,NOT_RECORDED_PER_REQUEST,2026-10-05T16:08:01Z,2026-10-05,publication_drain_20261005T064921Z_43a1e040,INSUFFICIENT_EVIDENCE,NO_MATCHED_PUBLICATION_DOCUMENT_VERIFIED,P2,LIMITED,SEC metadata inspected in the result-period acceptance window; no quarter-specific authoritative release verified. NO_ITEM_2_02_FOUND is not evidence of global publication absence.,Target official issuer release and relevant SEC document/exhibit before deciding coverage gap or evidenced absence; do not blindly retry.,DOMESTIC_OR_OTHER_METADATA_ONLY
TAOX,2126,SEC_CIK:0001571934,TAO Synergies Inc.,2136,635343,0001571934,2026,Q2,75562,2026-06-30,2026-Q2,2026-06-30,2026-08-13,2026-08-13,NOT_FOUND,NOT_RECORDED,2026-10-05T06:50:29Z,NOT_RECORDED,1,2026-10-05T06:50:29Z,NO_ITEM_2_02_FOUND,NO_ITEM_2_02_FOUND,0,0,0,NOT_RECORDED,NOT_RECORDED,NOT_RECORDED,NOT_RECORDED,NULL,NONE_STORED;issuer_search_not_exhaustive,CANONICAL_ACCEPTED;authority_quarter_id_equal;forecast_links_NOT_AUDITED,UNIQUE_ACTIVE_CIK;no_blocker_proven,SHARADAR:3e509215339428e765c35a25e2a647326514b043c06bb94ffa281c0f7fffc1f6:SHARADAR_ARQ_PRIMARY_V1:HIGH,,10-Q|2026-08-13T20:31:05.000Z|0001104659-26-095966|report=2026-06-30|items=,1,0,0,0,,https://www.sec.gov/Archives/edgar/data/1571934/000110465926095966/taox-20260630x10q.htm,NOT_RECORDED_PER_REQUEST,2026-10-05T16:08:01Z,2026-10-05,publication_drain_20261005T064921Z_43a1e040,INSUFFICIENT_EVIDENCE,NO_MATCHED_PUBLICATION_DOCUMENT_VERIFIED,P2,LIMITED,SEC metadata inspected in the result-period acceptance window; no quarter-specific authoritative release verified. NO_ITEM_2_02_FOUND is not evidence of global publication absence.,Target official issuer release and relevant SEC document/exhibit before deciding coverage gap or evidenced absence; do not blindly retry.,DOMESTIC_OR_OTHER_METADATA_ONLY
TELO,2151,SEC_CIK:0001971532,"Telomir Pharmaceuticals, Inc.",2161,641172,0001971532,2026,Q2,76421,2026-06-30,2026-Q2,2026-06-30,2026-08-13,2026-08-13,NOT_FOUND,NOT_RECORDED,2026-10-05T06:50:30Z,NOT_RECORDED,1,2026-10-05T06:50:30Z,NO_ITEM_2_02_FOUND,NO_ITEM_2_02_FOUND,0,0,0,NOT_RECORDED,NOT_RECORDED,NOT_RECORDED,NOT_RECORDED,NULL,NONE_STORED;issuer_search_not_exhaustive,CANONICAL_ACCEPTED;authority_quarter_id_equal;forecast_links_NOT_AUDITED,UNIQUE_ACTIVE_CIK;no_blocker_proven,SHARADAR:13fb85db0b438b23103165a1fffe367fe42a82553e18dbd24059fa67b0cde31a:SHARADAR_ARQ_PRIMARY_V1:HIGH,,10-Q|2026-08-13T21:10:54.000Z|0001493152-26-037854|report=2026-06-30|items=,1,0,0,0,,https://www.sec.gov/Archives/edgar/data/1971532/000149315226037854/form10-q.htm,NOT_RECORDED_PER_REQUEST,2026-10-05T16:08:01Z,2026-10-05,publication_drain_20261005T064921Z_43a1e040,INSUFFICIENT_EVIDENCE,NO_MATCHED_PUBLICATION_DOCUMENT_VERIFIED,P2,LIMITED,SEC metadata inspected in the result-period acceptance window; no quarter-specific authoritative release verified. NO_ITEM_2_02_FOUND is not evidence of global publication absence.,Target official issuer release and relevant SEC document/exhibit before deciding coverage gap or evidenced absence; do not blindly retry.,DOMESTIC_OR_OTHER_METADATA_ONLY
POET,2482,SEC_CIK:0001437424,POET TECHNOLOGIES INC.,2494,638306,0001437424,2026,Q2,88373,2026-06-30,2026-Q2,2026-06-30,2026-08-13,2026-08-13,NOT_FOUND,NOT_RECORDED,2026-10-05T06:50:39Z,NOT_RECORDED,1,2026-10-05T06:50:39Z,NO_ITEM_2_02_FOUND,NO_ITEM_2_02_FOUND,0,0,0,NOT_RECORDED,NOT_RECORDED,NOT_RECORDED,NOT_RECORDED,NULL,NONE_STORED;issuer_search_not_exhaustive,CANONICAL_ACCEPTED;authority_quarter_id_equal;forecast_links_NOT_AUDITED,UNIQUE_ACTIVE_CIK;no_blocker_proven,SHARADAR:afba27a9b1870cb18cf68c3cf10822426da8f9918f815c0149540c4096de1d72:SHARADAR_ARQ_PRIMARY_V1:HIGH,,6-K|2026-09-04T21:06:38.000Z|0001171843-26-005894|report=2026-09-04|items=;6-K|2026-08-13T13:13:55.000Z|0001493152-26-037615|report=2026-08-13|items=;6-K|2026-08-13T13:01:09.000Z|0001171843-26-005485|report=2026-08-13|items=;6-K|2026-08-03T17:12:42.000Z|0001171843-26-005153|report=2026-08-03|items=;6-K|2026-06-30T20:07:51.000Z|0001171843-26-004397|report=2026-06-30|items=,5,0,0,0,,https://www.sec.gov/Archives/edgar/data/1437424/000117184326005894/f6k_090426.htm;https://www.sec.gov/Archives/edgar/data/1437424/000149315226037615/form6-k.htm;https://www.sec.gov/Archives/edgar/data/1437424/000117184326005485/f6k_081326.htm,NOT_RECORDED_PER_REQUEST,2026-10-05T16:08:01Z,2026-10-05,publication_drain_20261005T064921Z_43a1e040,INSUFFICIENT_EVIDENCE,FOREIGN_6K_CONTENT_NOT_VERIFIED,P2,LIMITED,"6-K metadata exists in bounded window; V1 does not support 6-K, but metadata alone does not establish a result release for this canonical quarter. Foreign reporting is not proof of absent publication.",Target official issuer release and relevant SEC document/exhibit before deciding coverage gap or evidenced absence; do not blindly retry.,FOREIGN_6K_METADATA_ONLY
GDS,2492,SEC_CIK:0001526125,GDS Holdings Ltd,2504,124213,0001526125,2026,Q2,88549,2026-06-30,2026-Q2,2026-06-30,2026-08-13,2026-08-13,NOT_FOUND,NOT_RECORDED,2026-10-05T06:50:40Z,NOT_RECORDED,1,2026-10-05T06:50:40Z,NO_ITEM_2_02_FOUND,NO_ITEM_2_02_FOUND,0,0,0,NOT_RECORDED,NOT_RECORDED,NOT_RECORDED,NOT_RECORDED,NULL,NONE_STORED;issuer_search_not_exhaustive,CANONICAL_ACCEPTED;authority_quarter_id_equal;forecast_links_NOT_AUDITED,UNIQUE_ACTIVE_CIK;no_blocker_proven,SHARADAR:3862104b2f05728822632e98075beae08cc417083f53b0df017a4c7c66d589a5:SHARADAR_ARQ_PRIMARY_V1:HIGH,,6-K|2026-09-04T11:23:06.000Z|0001104659-26-105234|report=2026-09-04|items=;6-K|2026-08-13T12:15:43.000Z|0001104659-26-095498|report=2026-08-13|items=;6-K|2026-07-30T10:40:13.000Z|0001104659-26-088432|report=2026-07-30|items=;6-K|2026-07-28T10:01:46.000Z|0001104659-26-087263|report=2026-07-28|items=,4,0,0,0,,https://www.sec.gov/Archives/edgar/data/1526125/000110465926105234/tm2624826d1_6k.htm;https://www.sec.gov/Archives/edgar/data/1526125/000110465926095498/tm2621440d1_6k.htm;https://www.sec.gov/Archives/edgar/data/1526125/000110465926088432/tm2621590d1_6k.htm,NOT_RECORDED_PER_REQUEST,2026-10-05T16:08:01Z,2026-10-05,publication_drain_20261005T064921Z_43a1e040,INSUFFICIENT_EVIDENCE,FOREIGN_6K_CONTENT_NOT_VERIFIED,P2,LIMITED,"6-K metadata exists in bounded window; V1 does not support 6-K, but metadata alone does not establish a result release for this canonical quarter. Foreign reporting is not proof of absent publication.",Target official issuer release and relevant SEC document/exhibit before deciding coverage gap or evidenced absence; do not blindly retry.,FOREIGN_6K_METADATA_ONLY
PAAS,2504,SEC_CIK:0000771992,PAN AMERICAN SILVER CORP,2516,124458,0000771992,2026,Q2,88858,2026-06-30,2026-Q2,2026-06-30,2026-08-13,2026-08-13,NOT_FOUND,NOT_RECORDED,2026-10-05T06:50:40Z,NOT_RECORDED,1,2026-10-05T06:50:40Z,NO_ITEM_2_02_FOUND,NO_ITEM_2_02_FOUND,0,0,0,NOT_RECORDED,NOT_RECORDED,NOT_RECORDED,NOT_RECORDED,NULL,NONE_STORED;issuer_search_not_exhaustive,CANONICAL_ACCEPTED;authority_quarter_id_equal;forecast_links_NOT_AUDITED,UNIQUE_ACTIVE_CIK;no_blocker_proven,SHARADAR:37837eaf3ec225afe955d7e9d7bf0685d26d0e8b070f10943e51210441d44f81:SHARADAR_ARQ_PRIMARY_V1:HIGH,,6-K|2026-09-16T21:33:10.000Z|0000771992-26-000065|report=2026-09-16|items=;6-K|2026-08-12T21:38:01.000Z|0000771992-26-000063|report=2026-06-30|items=;6-K|2026-07-09T21:20:02.000Z|0000771992-26-000059|report=2026-07-09|items=,3,0,0,0,,https://www.sec.gov/Archives/edgar/data/771992/000077199226000065/form6knr2025reserves2.htm;https://www.sec.gov/Archives/edgar/data/771992/000077199226000063/paasq22026form6k.htm;https://www.sec.gov/Archives/edgar/data/771992/000077199226000059/form6k_2026q2releasedate.htm,NOT_RECORDED_PER_REQUEST,2026-10-05T16:08:01Z,2026-10-05,publication_drain_20261005T064921Z_43a1e040,INSUFFICIENT_EVIDENCE,FOREIGN_6K_CONTENT_NOT_VERIFIED,P2,LIMITED,"6-K metadata exists in bounded window; V1 does not support 6-K, but metadata alone does not establish a result release for this canonical quarter. Foreign reporting is not proof of absent publication.",Target official issuer release and relevant SEC document/exhibit before deciding coverage gap or evidenced absence; do not blindly retry.,FOREIGN_6K_METADATA_ONLY
ABVC,21,SEC_CIK:0001173313,"ABVC BIOPHARMA, INC.",21,107653,0001173313,2026,Q2,772,2026-06-30,2026-Q2,2026-06-30,2026-08-12,2026-08-12,NOT_FOUND,NOT_RECORDED,2026-10-05T06:49:25Z,NOT_RECORDED,1,2026-10-05T06:49:25Z,NO_ITEM_2_02_FOUND,NO_ITEM_2_02_FOUND,0,0,0,NOT_RECORDED,NOT_RECORDED,NOT_RECORDED,NOT_RECORDED,NULL,NONE_STORED;issuer_search_not_exhaustive,CANONICAL_ACCEPTED;authority_quarter_id_equal;forecast_links_NOT_AUDITED,UNIQUE_ACTIVE_CIK;no_blocker_proven,SHARADAR:2b7c87a3d8df60c467d77006c95eea2640d82b7ae1211750b6ca578d807ccc0c:SHARADAR_ARQ_PRIMARY_V1:HIGH,,10-Q|2026-08-12T20:06:06.000Z|0001213900-26-088348|report=2026-06-30|items=,1,0,0,0,,https://www.sec.gov/Archives/edgar/data/1173313/000121390026088348/ea0300204-10q_abvcbio.htm,NOT_RECORDED_PER_REQUEST,2026-10-05T16:08:01Z,2026-10-05,publication_drain_20261005T064921Z_43a1e040,INSUFFICIENT_EVIDENCE,NO_MATCHED_PUBLICATION_DOCUMENT_VERIFIED,P2,LIMITED,SEC metadata inspected in the result-period acceptance window; no quarter-specific authoritative release verified. NO_ITEM_2_02_FOUND is not evidence of global publication absence.,Target official issuer release and relevant SEC document/exhibit before deciding coverage gap or evidenced absence; do not blindly retry.,DOMESTIC_OR_OTHER_METADATA_ONLY
ARTL,203,SEC_CIK:0001621221,"ARTELO BIOSCIENCES, INC.",203,110706,0001621221,2026,Q2,7211,2026-06-30,2026-Q2,2026-06-30,2026-08-12,2026-08-12,NOT_FOUND,NOT_RECORDED,2026-10-05T06:49:29Z,NOT_RECORDED,1,2026-10-05T06:49:29Z,NO_ITEM_2_02_FOUND,NO_ITEM_2_02_FOUND,0,0,0,NOT_RECORDED,NOT_RECORDED,NOT_RECORDED,NOT_RECORDED,NULL,NONE_STORED;issuer_search_not_exhaustive,CANONICAL_ACCEPTED;authority_quarter_id_equal;forecast_links_NOT_AUDITED,UNIQUE_ACTIVE_CIK;no_blocker_proven,SHARADAR:634f923bfca7275b917e2cdd0612091b8af4c9146e1ab5729bf988159511fa9c:SHARADAR_ARQ_PRIMARY_V1:HIGH,,10-Q/A|2026-08-20T20:30:22.000Z|0001640334-26-001400|report=2026-06-30|items=;10-Q|2026-08-12T20:32:27.000Z|0001640334-26-001323|report=2026-06-30|items=,2,0,0,0,,https://www.sec.gov/Archives/edgar/data/1621221/000164033426001400/artl_10qa.htm;https://www.sec.gov/Archives/edgar/data/1621221/000164033426001323/artl_10q.htm,NOT_RECORDED_PER_REQUEST,2026-10-05T16:08:01Z,2026-10-05,publication_drain_20261005T064921Z_43a1e040,INSUFFICIENT_EVIDENCE,NO_MATCHED_PUBLICATION_DOCUMENT_VERIFIED,P2,LIMITED,SEC metadata inspected in the result-period acceptance window; no quarter-specific authoritative release verified. NO_ITEM_2_02_FOUND is not evidence of global publication absence.,Target official issuer release and relevant SEC document/exhibit before deciding coverage gap or evidenced absence; do not blindly retry.,DOMESTIC_OR_OTHER_METADATA_ONLY
BJDX,321,SEC_CIK:0001704287,"Bluejay Diagnostics, Inc.",321,636664,0001704287,2026,Q2,11348,2026-06-30,2026-Q2,2026-06-30,2026-08-12,2026-08-12,NOT_FOUND,NOT_RECORDED,2026-10-05T06:49:34Z,NOT_RECORDED,1,2026-10-05T06:49:34Z,NO_ITEM_2_02_FOUND,NO_ITEM_2_02_FOUND,0,0,0,NOT_RECORDED,NOT_RECORDED,NOT_RECORDED,NOT_RECORDED,NULL,NONE_STORED;issuer_search_not_exhaustive,CANONICAL_ACCEPTED;authority_quarter_id_equal;forecast_links_NOT_AUDITED,UNIQUE_ACTIVE_CIK;no_blocker_proven,SHARADAR:9913b2c49ef3517cc4badf14122ff24da5e20e301e64898d1435f0c3dc36f9d4:SHARADAR_ARQ_PRIMARY_V1:HIGH,,10-Q|2026-08-12T20:05:56.000Z|0001213900-26-088347|report=2026-06-30|items=,1,0,0,0,,https://www.sec.gov/Archives/edgar/data/1704287/000121390026088347/ea0299916-10q_bluejay.htm,NOT_RECORDED_PER_REQUEST,2026-10-05T16:08:01Z,2026-10-05,publication_drain_20261005T064921Z_43a1e040,INSUFFICIENT_EVIDENCE,NO_MATCHED_PUBLICATION_DOCUMENT_VERIFIED,P2,LIMITED,SEC metadata inspected in the result-period acceptance window; no quarter-specific authoritative release verified. NO_ITEM_2_02_FOUND is not evidence of global publication absence.,Target official issuer release and relevant SEC document/exhibit before deciding coverage gap or evidenced absence; do not blindly retry.,DOMESTIC_OR_OTHER_METADATA_ONLY
CDT,432,SEC_CIK:0001896212,CDT Equity Inc.,432,637487,0001896212,2026,Q2,15148,2026-06-30,2026-Q2,2026-06-30,2026-08-12,2026-08-12,NOT_FOUND,NOT_RECORDED,2026-10-05T06:49:40Z,NOT_RECORDED,1,2026-10-05T06:49:40Z,NO_ITEM_2_02_FOUND,NO_ITEM_2_02_FOUND,0,0,0,NOT_RECORDED,NOT_RECORDED,NOT_RECORDED,NOT_RECORDED,NULL,NONE_STORED;issuer_search_not_exhaustive,CANONICAL_ACCEPTED;authority_quarter_id_equal;forecast_links_NOT_AUDITED,UNIQUE_ACTIVE_CIK;no_blocker_proven,SHARADAR:57fb066bd6ca353dba65c533bfdff84841d82f340938d35be539bab43e10ae57:SHARADAR_ARQ_PRIMARY_V1:HIGH,,"10-Q|2026-08-12T21:29:38.000Z|0001493152-26-037458|report=2026-06-30|items=;8-K|2026-07-07T21:20:44.000Z|0001493152-26-032375|report=2026-06-30|items=1.01,2.03,9.01",2,0,0,0,,https://www.sec.gov/Archives/edgar/data/1896212/000149315226037458/form10-q.htm;https://www.sec.gov/Archives/edgar/data/1896212/000149315226032375/form8-k.htm,NOT_RECORDED_PER_REQUEST,2026-10-05T16:08:01Z,2026-10-05,publication_drain_20261005T064921Z_43a1e040,INSUFFICIENT_EVIDENCE,NO_MATCHED_PUBLICATION_DOCUMENT_VERIFIED,P2,LIMITED,SEC metadata inspected in the result-period acceptance window; no quarter-specific authoritative release verified. NO_ITEM_2_02_FOUND is not evidence of global publication absence.,Target official issuer release and relevant SEC document/exhibit before deciding coverage gap or evidenced absence; do not blindly retry.,DOMESTIC_OR_OTHER_METADATA_ONLY
CRS,572,SEC_CIK:0000017843,CARPENTER TECHNOLOGY CORP,573,199872,0000017843,2026,Q4,20178,2026-06-30,2026-Q4,2026-06-30,2026-08-12,2026-08-12,NOT_FOUND,NOT_RECORDED,2026-10-05T06:49:43Z,NOT_RECORDED,1,2026-10-05T06:49:43Z,NO_ITEM_2_02_FOUND,NO_ITEM_2_02_FOUND,0,0,0,NOT_RECORDED,NOT_RECORDED,NOT_RECORDED,NOT_RECORDED,NULL,NONE_STORED;issuer_search_not_exhaustive,CANONICAL_ACCEPTED;authority_quarter_id_equal;forecast_links_NOT_AUDITED,UNIQUE_ACTIVE_CIK;no_blocker_proven,SHARADAR:0d74b819ee3476f790c01e6426d724f56e1cb9ce7aa3d4dc23bc25bff6850cef:SHARADAR_ARQ_PRIMARY_V1:HIGH,,"10-K|2026-08-12T20:45:13.000Z|0000017843-26-000034|report=2026-06-30|items=;8-K|2026-07-30T20:22:41.000Z|0000017843-26-000030|report=2026-07-30|items=2.02,9.01;8-K|2026-07-30T20:15:48.000Z|0000017843-26-000028|report=2026-07-30|items=2.02,9.01",3,0,4,4,https://www.sec.gov/Archives/edgar/data/17843/000001784326000030/crs-20260730.htm#sha256=52ec722c65daeaa128563174c2dd11bc72dc3f36697458403e5a26959ad39a26;https://www.sec.gov/Archives/edgar/data/17843/000001784326000030/a4thqtr2026resultspressrel.htm#sha256=b37299a4a090f93a27297af9be7c451724c23ecfc2af5c306d87c431e141e103;https://www.sec.gov/Archives/edgar/data/17843/000001784326000028/crs-20260730.htm#sha256=5238417ab93f65664fb5288b579d9cbe88c462d8fad5a0851afdec425ce20e1d;https://www.sec.gov/Archives/edgar/data/17843/000001784326000028/a4q26earningspresentatio.htm#sha256=b7c551f152ee3d66d8130a0de84246e49e68d09c4a70cb603a90a4d58a13d0dc,https://www.sec.gov/Archives/edgar/data/17843/000001784326000030/crs-20260730.htm;https://www.sec.gov/Archives/edgar/data/17843/000001784326000030/a4thqtr2026resultspressrel.htm;https://www.sec.gov/Archives/edgar/data/17843/000001784326000028/crs-20260730.htm;https://www.sec.gov/Archives/edgar/data/17843/000001784326000028/a4q26earningspresentatio.htm;https://www.sec.gov/Archives/edgar/data/17843/000001784326000034/crs-20260630.htm,NOT_RECORDED_PER_REQUEST,2026-10-05T16:08:01Z,2026-10-05,publication_drain_20261005T064921Z_43a1e040,RESOLVER_COVERAGE_GAP,STRICT_ITEM202_HEADING_REJECTION,P1,HIGH_LIKELY_COVERAGE_GAP,SEC Item 2.02 metadata and quarter-specific official financial results exist; current strict primary heading/form predicate rejects the filing.,"Implement focused future resolver recognition/event-context change with positive and negative fixtures; replay on copy only, preserve hierarchy and conflict handling.",ITEM202_HEADING_VARIANTS
EPSN,784,SEC_CIK:0001726126,Epsilon Energy Ltd.,785,111585,0001726126,2026,Q2,27731,2026-06-30,2026-Q2,2026-06-30,2026-08-12,2026-08-12,NOT_FOUND,NOT_RECORDED,2026-10-05T06:49:51Z,NOT_RECORDED,1,2026-10-05T06:49:51Z,NO_ITEM_2_02_FOUND,NO_ITEM_2_02_FOUND,0,0,0,NOT_RECORDED,NOT_RECORDED,NOT_RECORDED,NOT_RECORDED,NULL,NONE_STORED;issuer_search_not_exhaustive,CANONICAL_ACCEPTED;authority_quarter_id_equal;forecast_links_NOT_AUDITED,UNIQUE_ACTIVE_CIK;no_blocker_proven,SHARADAR:ff6c360e82058a7981d49c5dbc5f1d852fc89c77f94af5a91bf9e83d372a13dc:SHARADAR_ARQ_PRIMARY_V1:HIGH,,10-Q|2026-08-12T21:08:43.000Z|0001104659-26-095013|report=2026-06-30|items=,1,0,0,0,,https://www.sec.gov/Archives/edgar/data/1726126/000110465926095013/epsn-20260630x10q.htm,NOT_RECORDED_PER_REQUEST,2026-10-05T16:08:01Z,2026-10-05,publication_drain_20261005T064921Z_43a1e040,INSUFFICIENT_EVIDENCE,NO_MATCHED_PUBLICATION_DOCUMENT_VERIFIED,P2,LIMITED,SEC metadata inspected in the result-period acceptance window; no quarter-specific authoritative release verified. NO_ITEM_2_02_FOUND is not evidence of global publication absence.,Target official issuer release and relevant SEC document/exhibit before deciding coverage gap or evidenced absence; do not blindly retry.,DOMESTIC_OR_OTHER_METADATA_ONLY
KITT,1216,SEC_CIK:0001849820,"Nauticus Robotics, Inc.",1220,635749,0001849820,2026,Q2,43279,2026-06-30,2026-Q2,2026-06-30,2026-08-12,2026-08-12,NOT_FOUND,NOT_RECORDED,2026-10-05T06:49:59Z,NOT_RECORDED,1,2026-10-05T06:49:59Z,NO_ITEM_2_02_FOUND,NO_ITEM_2_02_FOUND,0,0,0,NOT_RECORDED,NOT_RECORDED,NOT_RECORDED,NOT_RECORDED,NULL,NONE_STORED;issuer_search_not_exhaustive,CANONICAL_ACCEPTED;authority_quarter_id_equal;forecast_links_NOT_AUDITED,UNIQUE_ACTIVE_CIK;no_blocker_proven,SHARADAR:bcda06ecc15fc0a37bb59d625ebd775af4c2c442ffcc579f33452f525a3b3eea:SHARADAR_ARQ_PRIMARY_V1:HIGH,,10-Q|2026-08-12T21:04:33.000Z|0001849820-26-000125|report=2026-06-30|items=,1,0,0,0,,https://www.sec.gov/Archives/edgar/data/1849820/000184982026000125/kitt-20260630.htm,NOT_RECORDED_PER_REQUEST,2026-10-05T16:08:01Z,2026-10-05,publication_drain_20261005T064921Z_43a1e040,INSUFFICIENT_EVIDENCE,NO_MATCHED_PUBLICATION_DOCUMENT_VERIFIED,P2,LIMITED,SEC metadata inspected in the result-period acceptance window; no quarter-specific authoritative release verified. NO_ITEM_2_02_FOUND is not evidence of global publication absence.,Target official issuer release and relevant SEC document/exhibit before deciding coverage gap or evidenced absence; do not blindly retry.,DOMESTIC_OR_OTHER_METADATA_ONLY
KTB,1251,SEC_CIK:0001760965,"Kontoor Brands, Inc.",1255,110777,0001760965,2026,Q2,44546,2026-06-30,2026-Q2,2026-06-30,2026-08-12,2026-08-12,NOT_FOUND,NOT_RECORDED,2026-10-05T06:50:02Z,NOT_RECORDED,1,2026-10-05T06:50:02Z,NO_ITEM_2_02_FOUND,NO_ITEM_2_02_FOUND,0,0,0,NOT_RECORDED,NOT_RECORDED,NOT_RECORDED,NOT_RECORDED,NULL,NONE_STORED;issuer_search_not_exhaustive,CANONICAL_ACCEPTED;authority_quarter_id_equal;forecast_links_NOT_AUDITED,UNIQUE_ACTIVE_CIK;no_blocker_proven,SHARADAR:8dad66c633aa425d848b78b8143fae004dbedee12d1cb099be1694c5d106a8fc:SHARADAR_ARQ_PRIMARY_V1:HIGH,,"8-K|2026-08-12T10:51:16.000Z|0001760965-26-000055|report=2026-08-12|items=2.02,9.01",1,0,2,1,https://www.sec.gov/Archives/edgar/data/1760965/000176096526000055/ktb-20260812.htm#sha256=6919e0a9d7708d11d67b335c2a62dd80384b686fcd9721e0e2216c9a559dcdf8;https://www.sec.gov/Archives/edgar/data/1760965/000176096526000055/a2026q2ktberexhibit991.htm#sha256=5f61eb08f1ff22709aecded0dddd18a4187042f7b5396d6bd45ce2bc4e4b92e7,https://www.sec.gov/Archives/edgar/data/1760965/000176096526000055/ktb-20260812.htm;https://www.sec.gov/Archives/edgar/data/1760965/000176096526000055/a2026q2ktberexhibit991.htm,NOT_RECORDED_PER_REQUEST,2026-10-05T16:08:01Z,2026-10-05,publication_drain_20261005T064921Z_43a1e040,RESOLVER_COVERAGE_GAP,STRICT_ITEM202_HEADING_REJECTION,P1,HIGH_LIKELY_COVERAGE_GAP,SEC Item 2.02 metadata and quarter-specific official financial results exist; current strict primary heading/form predicate rejects the filing.,"Implement focused future resolver recognition/event-context change with positive and negative fixtures; replay on copy only, preserve hierarchy and conflict handling.",ITEM202_HEADING_VARIANTS
MIRA,1425,SEC_CIK:0001904286,"MIRA PHARMACEUTICALS, INC.",1434,640294,0001904286,2026,Q2,50788,2026-06-30,2026-Q2,2026-06-30,2026-08-12,2026-08-12,NOT_FOUND,NOT_RECORDED,2026-10-05T06:50:06Z,NOT_RECORDED,1,2026-10-05T06:50:06Z,NO_ITEM_2_02_FOUND,NO_ITEM_2_02_FOUND,0,0,0,NOT_RECORDED,NOT_RECORDED,NOT_RECORDED,NOT_RECORDED,NULL,NONE_STORED;issuer_search_not_exhaustive,CANONICAL_ACCEPTED;authority_quarter_id_equal;forecast_links_NOT_AUDITED,UNIQUE_ACTIVE_CIK;no_blocker_proven,SHARADAR:c654b092749ca1696d7d4d33b8418ca2eef81abefd07dc6c9444009dd4a46d30:SHARADAR_ARQ_PRIMARY_V1:HIGH,,10-Q|2026-08-12T20:17:51.000Z|0001493152-26-037366|report=2026-06-30|items=,1,0,0,0,,https://www.sec.gov/Archives/edgar/data/1904286/000149315226037366/form10-q.htm,NOT_RECORDED_PER_REQUEST,2026-10-05T16:08:01Z,2026-10-05,publication_drain_20261005T064921Z_43a1e040,INSUFFICIENT_EVIDENCE,NO_MATCHED_PUBLICATION_DOCUMENT_VERIFIED,P2,LIMITED,SEC metadata inspected in the result-period acceptance window; no quarter-specific authoritative release verified. NO_ITEM_2_02_FOUND is not evidence of global publication absence.,Target official issuer release and relevant SEC document/exhibit before deciding coverage gap or evidenced absence; do not blindly retry.,DOMESTIC_OR_OTHER_METADATA_ONLY
NIXX,1543,SEC_CIK:0001462223,"Nixxy, Inc.",1552,108500,0001462223,2026,Q2,55086,2026-06-30,2026-Q2,2026-06-30,2026-08-12,2026-08-12,NOT_FOUND,NOT_RECORDED,2026-10-05T06:50:11Z,NOT_RECORDED,1,2026-10-05T06:50:11Z,NO_ITEM_2_02_FOUND,NO_ITEM_2_02_FOUND,0,0,0,NOT_RECORDED,NOT_RECORDED,NOT_RECORDED,NOT_RECORDED,NULL,NONE_STORED;issuer_search_not_exhaustive,CANONICAL_ACCEPTED;authority_quarter_id_equal;forecast_links_NOT_AUDITED,UNIQUE_ACTIVE_CIK;no_blocker_proven,SHARADAR:23aa7c6c2c08231ee71b52d735c3259bd054c79f57b8cb9ae347bbe03a25324f:SHARADAR_ARQ_PRIMARY_V1:HIGH,,10-Q|2026-08-12T20:06:11.000Z|0001683168-26-006274|report=2026-06-30|items=,1,0,0,0,,https://www.sec.gov/Archives/edgar/data/1462223/000168316826006274/nixxy_i10q-063026.htm,NOT_RECORDED_PER_REQUEST,2026-10-05T16:08:01Z,2026-10-05,publication_drain_20261005T064921Z_43a1e040,INSUFFICIENT_EVIDENCE,NO_MATCHED_PUBLICATION_DOCUMENT_VERIFIED,P2,LIMITED,SEC metadata inspected in the result-period acceptance window; no quarter-specific authoritative release verified. NO_ITEM_2_02_FOUND is not evidence of global publication absence.,Target official issuer release and relevant SEC document/exhibit before deciding coverage gap or evidenced absence; do not blindly retry.,DOMESTIC_OR_OTHER_METADATA_ONLY
NNE,1554,SEC_CIK:0001923891,Nano Nuclear Energy Inc.,1563,641753,0001923891,2026,Q3,55417,2026-06-30,2026-Q3,2026-06-30,2026-08-12,2026-08-12,NOT_FOUND,NOT_RECORDED,2026-10-05T06:50:11Z,NOT_RECORDED,1,2026-10-05T06:50:11Z,NO_ITEM_2_02_FOUND,NO_ITEM_2_02_FOUND,0,0,0,NOT_RECORDED,NOT_RECORDED,NOT_RECORDED,NOT_RECORDED,NULL,NONE_STORED;issuer_search_not_exhaustive,CANONICAL_ACCEPTED;authority_quarter_id_equal;forecast_links_NOT_AUDITED,UNIQUE_ACTIVE_CIK;no_blocker_proven,SHARADAR:624cbd302dbfb6d885778dcb5c89e926380629ff0f174b66e7e11d4ae8d14d94:SHARADAR_ARQ_PRIMARY_V1:HIGH,,10-Q|2026-08-12T20:05:46.000Z|0001493152-26-037345|report=2026-06-30|items=,1,0,0,0,,https://www.sec.gov/Archives/edgar/data/1923891/000149315226037345/form10-q.htm,NOT_RECORDED_PER_REQUEST,2026-10-05T16:08:01Z,2026-10-05,publication_drain_20261005T064921Z_43a1e040,INSUFFICIENT_EVIDENCE,NO_MATCHED_PUBLICATION_DOCUMENT_VERIFIED,P2,LIMITED,SEC metadata inspected in the result-period acceptance window; no quarter-specific authoritative release verified. NO_ITEM_2_02_FOUND is not evidence of global publication absence.,Target official issuer release and relevant SEC document/exhibit before deciding coverage gap or evidenced absence; do not blindly retry.,DOMESTIC_OR_OTHER_METADATA_ONLY
ONCY,1644,SEC_CIK:0001129928,ONCOLYTICS BIOTECH INC,1654,116013,0001129928,2026,Q2,58568,2026-06-30,2026-Q2,2026-06-30,2026-08-12,2026-08-12,NOT_FOUND,NOT_RECORDED,2026-10-05T06:50:14Z,NOT_RECORDED,1,2026-10-05T06:50:14Z,NO_ITEM_2_02_FOUND,NO_ITEM_2_02_FOUND,0,0,0,NOT_RECORDED,NOT_RECORDED,NOT_RECORDED,NOT_RECORDED,NULL,NONE_STORED;issuer_search_not_exhaustive,CANONICAL_ACCEPTED;authority_quarter_id_equal;forecast_links_NOT_AUDITED,UNIQUE_ACTIVE_CIK;no_blocker_proven,SHARADAR:fadc8f6ae811a65543824ffb1b59e84a202f686ec5d4ddf2c4bdd6b72f84bd4e:SHARADAR_ARQ_PRIMARY_V1:HIGH,,10-Q|2026-08-12T20:18:39.000Z|0001129928-26-000051|report=2026-06-30|items=,1,0,0,0,,https://www.sec.gov/Archives/edgar/data/1129928/000112992826000051/oncy-20260630.htm,NOT_RECORDED_PER_REQUEST,2026-10-05T16:08:01Z,2026-10-05,publication_drain_20261005T064921Z_43a1e040,INSUFFICIENT_EVIDENCE,NO_MATCHED_PUBLICATION_DOCUMENT_VERIFIED,P2,LIMITED,SEC metadata inspected in the result-period acceptance window; no quarter-specific authoritative release verified. NO_ITEM_2_02_FOUND is not evidence of global publication absence.,Target official issuer release and relevant SEC document/exhibit before deciding coverage gap or evidenced absence; do not blindly retry.,DOMESTIC_OR_OTHER_METADATA_ONLY
PESI,1722,SEC_CIK:0000891532,PERMA FIX ENVIRONMENTAL SERVICES INC,1732,197728,0000891532,2026,Q2,61402,2026-06-30,2026-Q2,2026-06-30,2026-08-12,2026-08-12,NOT_FOUND,NOT_RECORDED,2026-10-05T06:50:18Z,NOT_RECORDED,1,2026-10-05T06:50:18Z,NO_ITEM_2_02_FOUND,NO_ITEM_2_02_FOUND,0,0,0,NOT_RECORDED,NOT_RECORDED,NOT_RECORDED,NOT_RECORDED,NULL,NONE_STORED;issuer_search_not_exhaustive,CANONICAL_ACCEPTED;authority_quarter_id_equal;forecast_links_NOT_AUDITED,UNIQUE_ACTIVE_CIK;no_blocker_proven,SHARADAR:544559b041bee406a9a87c74cabde1727093ebd402730f84c30536e51ebf2c1f:SHARADAR_ARQ_PRIMARY_V1:HIGH,,"10-Q|2026-08-12T21:01:01.000Z|0001493152-26-037410|report=2026-06-30|items=;8-K|2026-07-28T13:15:10.000Z|0001493152-26-034944|report=2026-07-22|items=2.02,5.07,9.01",2,0,1,1,https://www.sec.gov/Archives/edgar/data/891532/000149315226034944/form8-k.htm#sha256=d2917a9a23d354844256d580d7fab1310771d122edf62cf535d72d488eef3822,https://www.sec.gov/Archives/edgar/data/891532/000149315226034944/form8-k.htm;https://www.sec.gov/Archives/edgar/data/891532/000149315226037410/form10-q.htm,NOT_RECORDED_PER_REQUEST,2026-10-05T16:08:01Z,2026-10-05,publication_drain_20261005T064921Z_43a1e040,RESOLVER_COVERAGE_GAP,STRICT_ITEM202_HEADING_REJECTION,P1,HIGH_LIKELY_COVERAGE_GAP,SEC Item 2.02 metadata and quarter-specific official financial results exist; current strict primary heading/form predicate rejects the filing.,"Implement focused future resolver recognition/event-context change with positive and negative fixtures; replay on copy only, preserve hierarchy and conflict handling.",ITEM202_HEADING_VARIANTS
QCLS,1825,SEC_CIK:0001321834,"Q/C TECHNOLOGIES, INC.",1835,186449,0001321834,2026,Q2,65032,2026-06-30,2026-Q2,2026-06-30,2026-08-12,2026-08-12,NOT_FOUND,NOT_RECORDED,2026-10-05T06:50:21Z,NOT_RECORDED,1,2026-10-05T06:50:21Z,NO_ITEM_2_02_FOUND,NO_ITEM_2_02_FOUND,0,0,0,NOT_RECORDED,NOT_RECORDED,NOT_RECORDED,NOT_RECORDED,NULL,NONE_STORED;issuer_search_not_exhaustive,CANONICAL_ACCEPTED;authority_quarter_id_equal;forecast_links_NOT_AUDITED,UNIQUE_ACTIVE_CIK;no_blocker_proven,SHARADAR:1f3300c9b1de44e44fea264604505d026803d6c35a18c0199c5526e7098853fa:SHARADAR_ARQ_PRIMARY_V1:HIGH,,10-Q|2026-08-12T20:00:57.000Z|0001493152-26-037333|report=2026-06-30|items=,1,0,0,0,,https://www.sec.gov/Archives/edgar/data/1321834/000149315226037333/form10-q.htm,NOT_RECORDED_PER_REQUEST,2026-10-05T16:08:01Z,2026-10-05,publication_drain_20261005T064921Z_43a1e040,INSUFFICIENT_EVIDENCE,NO_MATCHED_PUBLICATION_DOCUMENT_VERIFIED,P2,LIMITED,SEC metadata inspected in the result-period acceptance window; no quarter-specific authoritative release verified. NO_ITEM_2_02_FOUND is not evidence of global publication absence.,Target official issuer release and relevant SEC document/exhibit before deciding coverage gap or evidenced absence; do not blindly retry.,DOMESTIC_OR_OTHER_METADATA_ONLY
WYFI,2478,SEC_CIK:0002042022,"WhiteFiber, Inc.",2490,644974,0002042022,2026,Q2,88240,2026-06-30,2026-Q2,2026-06-30,2026-08-12,2026-08-12,NOT_FOUND,NOT_RECORDED,2026-10-05T06:50:39Z,NOT_RECORDED,1,2026-10-05T06:50:39Z,NO_ITEM_2_02_FOUND,NO_ITEM_2_02_FOUND,0,0,0,NOT_RECORDED,NOT_RECORDED,NOT_RECORDED,NOT_RECORDED,NULL,NONE_STORED;issuer_search_not_exhaustive,CANONICAL_ACCEPTED;authority_quarter_id_equal;forecast_links_NOT_AUDITED,UNIQUE_ACTIVE_CIK;no_blocker_proven,SHARADAR:f07782a623259ba4999e96deb009f7a7455c5a9ac9240cf45fb7c57f113bd69e:SHARADAR_ARQ_PRIMARY_V1:HIGH,,10-Q|2026-08-12T11:00:48.000Z|0001213900-26-088026|report=2026-06-30|items=,1,0,0,0,,https://www.sec.gov/Archives/edgar/data/2042022/000121390026088026/ea0300877-10q_whitefiber.htm,NOT_RECORDED_PER_REQUEST,2026-10-05T16:08:01Z,2026-10-05,publication_drain_20261005T064921Z_43a1e040,INSUFFICIENT_EVIDENCE,NO_MATCHED_PUBLICATION_DOCUMENT_VERIFIED,P2,LIMITED,SEC metadata inspected in the result-period acceptance window; no quarter-specific authoritative release verified. NO_ITEM_2_02_FOUND is not evidence of global publication absence.,Target official issuer release and relevant SEC document/exhibit before deciding coverage gap or evidenced absence; do not blindly retry.,DOMESTIC_OR_OTHER_METADATA_ONLY
CBRS,2486,SEC_CIK:0002021728,Cerebras Systems Inc.,2498,6399137,0002021728,2026,Q2,88387,2026-06-30,2026-Q2,2026-06-30,2026-08-12,2026-08-12,NOT_FOUND,NOT_RECORDED,2026-10-05T06:50:39Z,NOT_RECORDED,1,2026-10-05T06:50:39Z,NO_ITEM_2_02_FOUND,NO_ITEM_2_02_FOUND,0,0,0,NOT_RECORDED,NOT_RECORDED,NOT_RECORDED,NOT_RECORDED,NULL,NONE_STORED;issuer_search_not_exhaustive,CANONICAL_ACCEPTED;authority_quarter_id_equal;forecast_links_NOT_AUDITED,UNIQUE_ACTIVE_CIK;no_blocker_proven,SHARADAR:9ddee73f166ce24e3a46c2fb06adfb5bc1568501a1448eb12d8cb11add5c005b:SHARADAR_ARQ_PRIMARY_V1:HIGH,,"10-Q|2026-08-12T21:15:51.000Z|0001628280-26-056357|report=2026-06-30|items=;8-K|2026-08-12T20:09:19.000Z|0001628280-26-056186|report=2026-08-12|items=2.02,9.01",2,0,1,1,https://www.sec.gov/Archives/edgar/data/2021728/000162828026056186/cbrs-20260812.htm#sha256=1d6557c557bcdc136faa7b060b2302b44f95af5d299ef5f6507023286baf56d1,https://www.sec.gov/Archives/edgar/data/2021728/000162828026056186/cbrs-20260812.htm;https://www.sec.gov/Archives/edgar/data/2021728/000162828026056357/cbrs-20260630.htm,NOT_RECORDED_PER_REQUEST,2026-10-05T16:08:01Z,2026-10-05,publication_drain_20261005T064921Z_43a1e040,RESOLVER_COVERAGE_GAP,STRICT_ITEM202_HEADING_REJECTION,P1,HIGH_LIKELY_COVERAGE_GAP,SEC Item 2.02 metadata and quarter-specific official financial results exist; current strict primary heading/form predicate rejects the filing.,"Implement focused future resolver recognition/event-context change with positive and negative fixtures; replay on copy only, preserve hierarchy and conflict handling.",ITEM202_HEADING_VARIANTS
NBIS,2500,SEC_CIK:0001513845,Nebius Group N.V.,2512,189383,0001513845,2026,Q2,88735,2026-06-30,2026-Q2,2026-06-30,2026-08-12,2026-08-12,NOT_FOUND,NOT_RECORDED,2026-10-05T06:50:40Z,NOT_RECORDED,1,2026-10-05T06:50:40Z,NO_ITEM_2_02_FOUND,NO_ITEM_2_02_FOUND,0,0,0,NOT_RECORDED,NOT_RECORDED,NOT_RECORDED,NOT_RECORDED,NULL,NONE_STORED;issuer_search_not_exhaustive,CANONICAL_ACCEPTED;authority_quarter_id_equal;forecast_links_NOT_AUDITED,UNIQUE_ACTIVE_CIK;no_blocker_proven,SHARADAR:34fa11ae4f03285bd70b8eb728e25e2e7b1c805daf8d4734dfb4427fecb31dd7:SHARADAR_ARQ_PRIMARY_V1:HIGH,,6-K|2026-10-01T20:05:08.000Z|0001104659-26-112824|report=2026-10-01|items=;6-K|2026-09-08T14:02:31.000Z|0001104659-26-105749|report=2026-09-08|items=;6-K|2026-08-26T12:32:08.000Z|0001104659-26-101076|report=2026-08-26|items=;6-K|2026-08-24T21:07:32.000Z|0001104659-26-100347|report=2026-08-24|items=;6-K|2026-08-20T10:04:06.000Z|0001104659-26-098924|report=2026-08-20|items=;6-K|2026-08-19T11:48:10.000Z|0001104659-26-098590|report=2026-08-19|items=;6-K|2026-08-12T20:01:08.000Z|0001104659-26-094844|report=2026-08-12|items=;6-K|2026-08-12T13:15:23.000Z|0001104659-26-094568|report=2026-08-12|items=;6-K|2026-07-27T20:01:28.000Z|0001104659-26-087080|report=2026-07-27|items=;6-K/A|2026-07-17T20:01:04.000Z|0001104659-26-084606|report=2026-07-17|items=;6-K|2026-07-17T13:29:13.000Z|0001104659-26-084452|report=2026-07-17|items=,11,0,0,0,,https://www.sec.gov/Archives/edgar/data/1513845/000110465926112824/tm2626792d1_6k.htm;https://www.sec.gov/Archives/edgar/data/1513845/000110465926105749/tm2624958d1_6k.htm;https://www.sec.gov/Archives/edgar/data/1513845/000110465926101076/tm2624077d1_6k.htm,NOT_RECORDED_PER_REQUEST,2026-10-05T16:08:01Z,2026-10-05,publication_drain_20261005T064921Z_43a1e040,INSUFFICIENT_EVIDENCE,FOREIGN_6K_CONTENT_NOT_VERIFIED,P2,LIMITED,"6-K metadata exists in bounded window; V1 does not support 6-K, but metadata alone does not establish a result release for this canonical quarter. Foreign reporting is not proof of absent publication.",Target official issuer release and relevant SEC document/exhibit before deciding coverage gap or evidenced absence; do not blindly retry.,FOREIGN_6K_METADATA_ONLY
AIFF,81,SEC_CIK:0000803578,"FIREFLY NEUROSCIENCE, INC.",81,198405,0000803578,2026,Q2,2932,2026-06-30,2026-Q2,2026-06-30,2026-08-11,2026-08-11,NOT_FOUND,NOT_RECORDED,2026-10-05T06:49:27Z,NOT_RECORDED,1,2026-10-05T06:49:27Z,NO_ITEM_2_02_FOUND,NO_ITEM_2_02_FOUND,0,0,0,NOT_RECORDED,NOT_RECORDED,NOT_RECORDED,NOT_RECORDED,NULL,NONE_STORED;issuer_search_not_exhaustive,CANONICAL_ACCEPTED;authority_quarter_id_equal;forecast_links_NOT_AUDITED,UNIQUE_ACTIVE_CIK;no_blocker_proven,SHARADAR:515e5d5da02a87fc105514f79d05acf763214c06da3c9f8f273d38ec4c2af268:SHARADAR_ARQ_PRIMARY_V1:HIGH,,10-Q|2026-08-10T21:50:29.000Z|0001437749-26-026822|report=2026-06-30|items=,1,0,0,0,,https://www.sec.gov/Archives/edgar/data/803578/000143774926026822/aiff20260630_10q.htm,NOT_RECORDED_PER_REQUEST,2026-10-05T16:08:01Z,2026-10-05,publication_drain_20261005T064921Z_43a1e040,INSUFFICIENT_EVIDENCE,NO_MATCHED_PUBLICATION_DOCUMENT_VERIFIED,P2,LIMITED,SEC metadata inspected in the result-period acceptance window; no quarter-specific authoritative release verified. NO_ITEM_2_02_FOUND is not evidence of global publication absence.,Target official issuer release and relevant SEC document/exhibit before deciding coverage gap or evidenced absence; do not blindly retry.,DOMESTIC_OR_OTHER_METADATA_ONLY
CAH,395,SEC_CIK:0000721371,CARDINAL HEALTH INC,395,198823,0000721371,2026,Q4,13836,2026-06-30,2026-Q4,2026-06-30,2026-08-11,2026-08-11,NOT_FOUND,NOT_RECORDED,2026-10-05T06:49:37Z,NOT_RECORDED,1,2026-10-05T06:49:37Z,NO_ITEM_2_02_FOUND,NO_ITEM_2_02_FOUND,0,0,0,NOT_RECORDED,NOT_RECORDED,NOT_RECORDED,NOT_RECORDED,NULL,NONE_STORED;issuer_search_not_exhaustive,CANONICAL_ACCEPTED;authority_quarter_id_equal;forecast_links_NOT_AUDITED,UNIQUE_ACTIVE_CIK;no_blocker_proven,SHARADAR:fa32ffd3c3754a4cf7378583e315aebad646bcff8aa1d11763badf2b96ebfbe0:SHARADAR_ARQ_PRIMARY_V1:HIGH,,"10-K|2026-08-11T12:57:53.000Z|0000721371-26-000038|report=2026-06-30|items=;8-K|2026-08-11T10:47:32.000Z|0000721371-26-000037|report=2026-08-11|items=2.02,7.01,9.01",2,0,2,2,https://www.sec.gov/Archives/edgar/data/721371/000072137126000037/cah-20260811.htm#sha256=7a6688b11ec680530c9e1ad4c48dfdba246d91313e1d8a9ebf4d1d7c40737cfc;https://www.sec.gov/Archives/edgar/data/721371/000072137126000037/a26q4_x063026xex991xnewsre.htm#sha256=0c62c2d6436cf57e6767affd37ef78bd72cfb2958c9c0cfb2a4d87016d6b2718,https://www.sec.gov/Archives/edgar/data/721371/000072137126000037/cah-20260811.htm;https://www.sec.gov/Archives/edgar/data/721371/000072137126000037/a26q4_x063026xex991xnewsre.htm;https://www.sec.gov/Archives/edgar/data/721371/000072137126000038/cah-20260630.htm,NOT_RECORDED_PER_REQUEST,2026-10-05T16:08:01Z,2026-10-05,publication_drain_20261005T064921Z_43a1e040,RESOLVER_COVERAGE_GAP,STRICT_ITEM202_HEADING_REJECTION,P1,HIGH_LIKELY_COVERAGE_GAP,SEC Item 2.02 metadata and quarter-specific official financial results exist; current strict primary heading/form predicate rejects the filing.,"Implement focused future resolver recognition/event-context change with positive and negative fixtures; replay on copy only, preserve hierarchy and conflict handling.",ITEM202_HEADING_VARIANTS
GRWG,986,SEC_CIK:0001604868,GrowGeneration Corp.,990,111173,0001604868,2026,Q2,34986,2026-06-30,2026-Q2,2026-06-30,2026-08-11,2026-08-11,NOT_FOUND,NOT_RECORDED,2026-10-05T06:49:55Z,NOT_RECORDED,1,2026-10-05T06:49:55Z,NO_ITEM_2_02_FOUND,NO_ITEM_2_02_FOUND,0,0,0,NOT_RECORDED,NOT_RECORDED,NOT_RECORDED,NOT_RECORDED,NULL,NONE_STORED;issuer_search_not_exhaustive,CANONICAL_ACCEPTED;authority_quarter_id_equal;forecast_links_NOT_AUDITED,UNIQUE_ACTIVE_CIK;no_blocker_proven,SHARADAR:9efb94c1d2b86c5b6111136b7fb04aaa9dc4ab79fa42bb2a75501d3ef396265b:SHARADAR_ARQ_PRIMARY_V1:HIGH,,10-Q|2026-08-11T21:27:49.000Z|0001604868-26-000020|report=2026-06-30|items=,1,0,0,0,,https://www.sec.gov/Archives/edgar/data/1604868/000160486826000020/grwg-20260630.htm,NOT_RECORDED_PER_REQUEST,2026-10-05T16:08:01Z,2026-10-05,publication_drain_20261005T064921Z_43a1e040,INSUFFICIENT_EVIDENCE,NO_MATCHED_PUBLICATION_DOCUMENT_VERIFIED,P2,LIMITED,SEC metadata inspected in the result-period acceptance window; no quarter-specific authoritative release verified. NO_ITEM_2_02_FOUND is not evidence of global publication absence.,Target official issuer release and relevant SEC document/exhibit before deciding coverage gap or evidenced absence; do not blindly retry.,DOMESTIC_OR_OTHER_METADATA_ONLY
MBOT,1381,SEC_CIK:0000883975,Microbot Medical Inc.,1389,197838,0000883975,2026,Q2,49152,2026-06-30,2026-Q2,2026-06-30,2026-08-11,2026-08-11,NOT_FOUND,NOT_RECORDED,2026-10-05T06:50:05Z,NOT_RECORDED,1,2026-10-05T06:50:05Z,NO_ITEM_2_02_FOUND,NO_ITEM_2_02_FOUND,0,0,0,NOT_RECORDED,NOT_RECORDED,NOT_RECORDED,NOT_RECORDED,NULL,NONE_STORED;issuer_search_not_exhaustive,CANONICAL_ACCEPTED;authority_quarter_id_equal;forecast_links_NOT_AUDITED,UNIQUE_ACTIVE_CIK;no_blocker_proven,SHARADAR:8cbaaa05c83c4bc1bb9fa5afcac18bbf51f82a49ab28df6c80d15dc1cb869009:SHARADAR_ARQ_PRIMARY_V1:HIGH,,"10-Q|2026-08-11T13:15:29.000Z|0001493152-26-037009|report=2026-06-30|items=;8-K|2026-06-30T12:30:20.000Z|0001493152-26-031205|report=2026-06-30|items=7.01,8.01,9.01",2,0,0,0,,https://www.sec.gov/Archives/edgar/data/883975/000149315226037009/form10-q.htm;https://www.sec.gov/Archives/edgar/data/883975/000149315226031205/form8-k.htm,NOT_RECORDED_PER_REQUEST,2026-10-05T16:08:01Z,2026-10-05,publication_drain_20261005T064921Z_43a1e040,INSUFFICIENT_EVIDENCE,NO_MATCHED_PUBLICATION_DOCUMENT_VERIFIED,P2,LIMITED,SEC metadata inspected in the result-period acceptance window; no quarter-specific authoritative release verified. NO_ITEM_2_02_FOUND is not evidence of global publication absence.,Target official issuer release and relevant SEC document/exhibit before deciding coverage gap or evidenced absence; do not blindly retry.,DOMESTIC_OR_OTHER_METADATA_ONLY
MNTS,1448,SEC_CIK:0001781162,Momentus Inc.,1457,110392,0001781162,2026,Q2,51589,2026-06-30,2026-Q2,2026-06-30,2026-08-11,2026-08-11,NOT_FOUND,NOT_RECORDED,2026-10-05T06:50:07Z,NOT_RECORDED,1,2026-10-05T06:50:07Z,NO_ITEM_2_02_FOUND,NO_ITEM_2_02_FOUND,0,0,0,NOT_RECORDED,NOT_RECORDED,NOT_RECORDED,NOT_RECORDED,NULL,NONE_STORED;issuer_search_not_exhaustive,CANONICAL_ACCEPTED;authority_quarter_id_equal;forecast_links_NOT_AUDITED,UNIQUE_ACTIVE_CIK;no_blocker_proven,SHARADAR:61120c45d9cd5e3dd92d5c6b00db1c0aa7efb5e56d4dd9563218d98e43cdb35d:SHARADAR_ARQ_PRIMARY_V1:HIGH,,10-Q|2026-08-11T18:23:12.000Z|0001628280-26-055624|report=2026-06-30|items=,1,0,0,0,,https://www.sec.gov/Archives/edgar/data/1781162/000162828026055624/mnts-20260630.htm,NOT_RECORDED_PER_REQUEST,2026-10-05T16:08:01Z,2026-10-05,publication_drain_20261005T064921Z_43a1e040,INSUFFICIENT_EVIDENCE,NO_MATCHED_PUBLICATION_DOCUMENT_VERIFIED,P2,LIMITED,SEC metadata inspected in the result-period acceptance window; no quarter-specific authoritative release verified. NO_ITEM_2_02_FOUND is not evidence of global publication absence.,Target official issuer release and relevant SEC document/exhibit before deciding coverage gap or evidenced absence; do not blindly retry.,DOMESTIC_OR_OTHER_METADATA_ONLY
OMEX,1640,SEC_CIK:0000798528,ODYSSEY MARINE EXPLORATION INC,1650,198437,0000798528,2026,Q2,58425,2026-06-30,2026-Q2,2026-06-30,2026-08-11,2026-08-11,NOT_FOUND,NOT_RECORDED,2026-10-05T06:50:13Z,NOT_RECORDED,1,2026-10-05T06:50:13Z,NO_ITEM_2_02_FOUND,NO_ITEM_2_02_FOUND,0,0,0,NOT_RECORDED,NOT_RECORDED,NOT_RECORDED,NOT_RECORDED,NULL,NONE_STORED;issuer_search_not_exhaustive,CANONICAL_ACCEPTED;authority_quarter_id_equal;forecast_links_NOT_AUDITED,UNIQUE_ACTIVE_CIK;no_blocker_proven,SHARADAR:26963a88f23d3fbc3a8e2207dc23d4e684c2f7680bec7629fb300b8c9a4c48b4:SHARADAR_ARQ_PRIMARY_V1:HIGH,,10-Q|2026-08-11T20:30:42.000Z|0001193125-26-344788|report=2026-06-30|items=,1,0,0,0,,https://www.sec.gov/Archives/edgar/data/798528/000119312526344788/omex-20260630.htm,NOT_RECORDED_PER_REQUEST,2026-10-05T16:08:01Z,2026-10-05,publication_drain_20261005T064921Z_43a1e040,INSUFFICIENT_EVIDENCE,NO_MATCHED_PUBLICATION_DOCUMENT_VERIFIED,P2,LIMITED,SEC metadata inspected in the result-period acceptance window; no quarter-specific authoritative release verified. NO_ITEM_2_02_FOUND is not evidence of global publication absence.,Target official issuer release and relevant SEC document/exhibit before deciding coverage gap or evidenced absence; do not blindly retry.,DOMESTIC_OR_OTHER_METADATA_ONLY
SVRA,2107,SEC_CIK:0001160308,Savara Inc,2117,195718,0001160308,2026,Q2,74932,2026-06-30,2026-Q2,2026-06-30,2026-08-11,2026-08-11,NOT_FOUND,NOT_RECORDED,2026-10-05T06:51:16Z,NOT_RECORDED,1,2026-10-05T06:51:16Z,NO_ITEM_2_02_FOUND,NO_ITEM_2_02_FOUND,0,0,0,NOT_RECORDED,NOT_RECORDED,NOT_RECORDED,NOT_RECORDED,NULL,NONE_STORED;issuer_search_not_exhaustive,CANONICAL_ACCEPTED;authority_quarter_id_equal;forecast_links_NOT_AUDITED,UNIQUE_ACTIVE_CIK;no_blocker_proven,SHARADAR:7264b45bb12ff272412ad2ac786989317b73941c7102a3517296600960e2adcd:SHARADAR_ARQ_PRIMARY_V1:HIGH,,10-Q|2026-08-11T20:05:48.000Z|0001193125-26-344585|report=2026-06-30|items=,1,0,0,0,,https://www.sec.gov/Archives/edgar/data/1160308/000119312526344585/svra-20260630.htm,NOT_RECORDED_PER_REQUEST,2026-10-05T16:08:01Z,2026-10-05,publication_drain_20261005T064921Z_43a1e040,INSUFFICIENT_EVIDENCE,NO_MATCHED_PUBLICATION_DOCUMENT_VERIFIED,P2,LIMITED,SEC metadata inspected in the result-period acceptance window; no quarter-specific authoritative release verified. NO_ITEM_2_02_FOUND is not evidence of global publication absence.,Target official issuer release and relevant SEC document/exhibit before deciding coverage gap or evidenced absence; do not blindly retry.,DOMESTIC_OR_OTHER_METADATA_ONLY
TRON,2207,SEC_CIK:0001956744,Tron Inc.,2217,640355,0001956744,2026,Q2,78381,2026-06-30,2026-Q2,2026-06-30,2026-08-11,2026-08-11,NOT_FOUND,NOT_RECORDED,2026-10-05T06:51:18Z,NOT_RECORDED,1,2026-10-05T06:51:18Z,NO_ITEM_2_02_FOUND,NO_ITEM_2_02_FOUND,0,0,0,NOT_RECORDED,NOT_RECORDED,NOT_RECORDED,NOT_RECORDED,NULL,NONE_STORED;issuer_search_not_exhaustive,CANONICAL_ACCEPTED;authority_quarter_id_equal;forecast_links_NOT_AUDITED,UNIQUE_ACTIVE_CIK;no_blocker_proven,SHARADAR:64bb47397f24d6dfc3c0d6cc61608921d4e83a281b789bfeb757736acbb16fcd:SHARADAR_ARQ_PRIMARY_V1:HIGH,,10-Q|2026-08-11T20:45:41.000Z|0001493152-26-037161|report=2026-06-30|items=,1,0,0,0,,https://www.sec.gov/Archives/edgar/data/1956744/000149315226037161/form10-q.htm,NOT_RECORDED_PER_REQUEST,2026-10-05T16:08:01Z,2026-10-05,publication_drain_20261005T064921Z_43a1e040,INSUFFICIENT_EVIDENCE,NO_MATCHED_PUBLICATION_DOCUMENT_VERIFIED,P2,LIMITED,SEC metadata inspected in the result-period acceptance window; no quarter-specific authoritative release verified. NO_ITEM_2_02_FOUND is not evidence of global publication absence.,Target official issuer release and relevant SEC document/exhibit before deciding coverage gap or evidenced absence; do not blindly retry.,DOMESTIC_OR_OTHER_METADATA_ONLY
VOR,2320,SEC_CIK:0001817229,Vor Biopharma Inc.,2331,633294,0001817229,2026,Q2,82513,2026-06-30,2026-Q2,2026-06-30,2026-08-11,2026-08-11,NOT_FOUND,NOT_RECORDED,2026-10-05T06:51:19Z,NOT_RECORDED,1,2026-10-05T06:51:19Z,NO_ITEM_2_02_FOUND,NO_ITEM_2_02_FOUND,0,0,0,NOT_RECORDED,NOT_RECORDED,NOT_RECORDED,NOT_RECORDED,NULL,NONE_STORED;issuer_search_not_exhaustive,CANONICAL_ACCEPTED;authority_quarter_id_equal;forecast_links_NOT_AUDITED,UNIQUE_ACTIVE_CIK;no_blocker_proven,SHARADAR:0d22e6a0fc29cfa4c50d93993ce349de0738fdb408efea7df2afef892313c52f:SHARADAR_ARQ_PRIMARY_V1:HIGH,,10-Q|2026-08-11T13:30:55.000Z|0001193125-26-343607|report=2026-06-30|items=,1,0,0,0,,https://www.sec.gov/Archives/edgar/data/1817229/000119312526343607/vor-20260630.htm,NOT_RECORDED_PER_REQUEST,2026-10-05T16:08:01Z,2026-10-05,publication_drain_20261005T064921Z_43a1e040,INSUFFICIENT_EVIDENCE,NO_MATCHED_PUBLICATION_DOCUMENT_VERIFIED,P2,LIMITED,SEC metadata inspected in the result-period acceptance window; no quarter-specific authoritative release verified. NO_ITEM_2_02_FOUND is not evidence of global publication absence.,Target official issuer release and relevant SEC document/exhibit before deciding coverage gap or evidenced absence; do not blindly retry.,DOMESTIC_OR_OTHER_METADATA_ONLY
WKSP,2380,SEC_CIK:0001096275,Worksport Ltd,2391,109299,0001096275,2026,Q2,84760,2026-06-30,2026-Q2,2026-06-30,2026-08-11,2026-08-11,NOT_FOUND,NOT_RECORDED,2026-10-05T06:51:19Z,NOT_RECORDED,1,2026-10-05T06:51:19Z,NO_ITEM_2_02_FOUND,NO_ITEM_2_02_FOUND,0,0,0,NOT_RECORDED,NOT_RECORDED,NOT_RECORDED,NOT_RECORDED,NULL,NONE_STORED;issuer_search_not_exhaustive,CANONICAL_ACCEPTED;authority_quarter_id_equal;forecast_links_NOT_AUDITED,UNIQUE_ACTIVE_CIK;no_blocker_proven,SHARADAR:15d80b8391eb16dfa8f9d7c55bfe24fba7a89313b78f9a125aebab940c066553:SHARADAR_ARQ_PRIMARY_V1:HIGH,,"10-Q|2026-08-11T20:00:56.000Z|0001437749-26-026997|report=2026-06-30|items=;8-K/A|2026-07-28T21:00:18.000Z|0001493152-26-035028|report=2026-07-22|items=2.02,7.01,9.01",2,0,2,1,https://www.sec.gov/Archives/edgar/data/1096275/000149315226035028/form8-ka.htm#sha256=0e47922a58e9a73962bf8d6a65fc4015edcb37320df825b24b94399f33b9cef6;https://www.sec.gov/Archives/edgar/data/1096275/000149315226035028/ex99-1.htm#sha256=a493099e62c9c732dfdf6da462f96425886daedc24bd8b753883216255c31fab,https://www.sec.gov/Archives/edgar/data/1096275/000149315226035028/form8-ka.htm;https://www.sec.gov/Archives/edgar/data/1096275/000149315226035028/ex99-1.htm;https://www.sec.gov/Archives/edgar/data/1096275/000143774926026997/wksp20260630_10q.htm,NOT_RECORDED_PER_REQUEST,2026-10-05T16:08:01Z,2026-10-05,publication_drain_20261005T064921Z_43a1e040,INSUFFICIENT_EVIDENCE,AMENDED_MONTHLY_METRICS_NOT_PROVEN_QUARTER_AUTHORITY,P2,LIMITED,"8-K/A adds Item 2.02 for April-June preliminary monthly metrics; exhibit has quarter context but does not prove full-quarter result publication. Unsupported form is secondary, not sufficient to assign canonical authority.",Target official issuer release and relevant SEC document/exhibit before deciding coverage gap or evidenced absence; do not blindly retry.,MONTHLY_METRICS_AMENDMENT
FF,852,SEC_CIK:0001337298,FutureFuel Corp.,853,194717,0001337298,2026,Q2,30225,2026-06-30,2026-Q2,2026-06-30,2026-08-10,2026-08-10,NOT_FOUND,NOT_RECORDED,2026-10-05T06:50:56Z,NOT_RECORDED,1,2026-10-05T06:50:56Z,NO_ITEM_2_02_FOUND,NO_ITEM_2_02_FOUND,0,0,0,NOT_RECORDED,NOT_RECORDED,NOT_RECORDED,NOT_RECORDED,NULL,NONE_STORED;issuer_search_not_exhaustive,CANONICAL_ACCEPTED;authority_quarter_id_equal;forecast_links_NOT_AUDITED,UNIQUE_ACTIVE_CIK;no_blocker_proven,SHARADAR:880d0ec5e8a245ea49c5925befbe8ac19c5654adaaf7801f5ecd867c2e3e7b7f:SHARADAR_ARQ_PRIMARY_V1:HIGH,,"10-Q|2026-08-10T20:27:32.000Z|0001437749-26-026784|report=2026-06-30|items=;8-K|2026-08-10T20:25:10.000Z|0001437749-26-026783|report=2026-08-10|items=2.02,9.01;8-K|2026-06-30T20:51:42.000Z|0001437749-26-022162|report=2026-06-30|items=8.01,9.01",3,0,1,1,https://www.sec.gov/Archives/edgar/data/1337298/000143774926026783/ff20260521_8k.htm#sha256=dc5983129a59c2069beccbf164b24b9c12a92f0e1a387424b8e247b82c210d8e,https://www.sec.gov/Archives/edgar/data/1337298/000143774926026783/ff20260521_8k.htm;https://www.sec.gov/Archives/edgar/data/1337298/000143774926026784/ff20260630_10q.htm;https://www.sec.gov/Archives/edgar/data/1337298/000143774926022162/ff20260630d_8k.htm,NOT_RECORDED_PER_REQUEST,2026-10-05T16:08:01Z,2026-10-05,publication_drain_20261005T064921Z_43a1e040,RESOLVER_COVERAGE_GAP,STRICT_ITEM202_HEADING_REJECTION,P1,HIGH_LIKELY_COVERAGE_GAP,SEC Item 2.02 metadata and quarter-specific official financial results exist; current strict primary heading/form predicate rejects the filing.,"Implement focused future resolver recognition/event-context change with positive and negative fixtures; replay on copy only, preserve hierarchy and conflict handling.",ITEM202_HEADING_VARIANTS
HNRG,1040,SEC_CIK:0000788965,HALLADOR ENERGY CO,1044,198509,0000788965,2026,Q2,36921,2026-06-30,2026-Q2,2026-06-30,2026-08-10,2026-08-10,NOT_FOUND,NOT_RECORDED,2026-10-05T06:50:59Z,NOT_RECORDED,1,2026-10-05T06:50:59Z,NO_ITEM_2_02_FOUND,NO_ITEM_2_02_FOUND,0,0,0,NOT_RECORDED,NOT_RECORDED,NOT_RECORDED,NOT_RECORDED,NULL,NONE_STORED;issuer_search_not_exhaustive,CANONICAL_ACCEPTED;authority_quarter_id_equal;forecast_links_NOT_AUDITED,UNIQUE_ACTIVE_CIK;no_blocker_proven,SHARADAR:36c9c80715a2f441599dcfeee163fab33d878bfb266c7df6f6fd475c1bfbc23d:SHARADAR_ARQ_PRIMARY_V1:HIGH,,"10-Q|2026-08-10T21:20:53.000Z|0001104659-26-093468|report=2026-06-30|items=;8-K|2026-08-10T21:00:26.000Z|0001104659-26-093446|report=2026-08-10|items=2.02,9.01",2,0,2,2,https://www.sec.gov/Archives/edgar/data/788965/000110465926093446/hnrg-20260810x8k.htm#sha256=17f0b50a461421cb76409071d926bd1ff19a7ab7795b87ec7240c30c6db68083;https://www.sec.gov/Archives/edgar/data/788965/000110465926093446/hnrg-20260810xex99d1.htm#sha256=a7c710bc5c41065699394fc3106d1480de9114002950f93dcb35a0f5b323373d,https://www.sec.gov/Archives/edgar/data/788965/000110465926093446/hnrg-20260810x8k.htm;https://www.sec.gov/Archives/edgar/data/788965/000110465926093446/hnrg-20260810xex99d1.htm;https://www.sec.gov/Archives/edgar/data/788965/000110465926093468/hnrg-20260630x10q.htm,NOT_RECORDED_PER_REQUEST,2026-10-05T16:08:01Z,2026-10-05,publication_drain_20261005T064921Z_43a1e040,RESOLVER_COVERAGE_GAP,STRICT_ITEM202_HEADING_REJECTION,P1,HIGH_LIKELY_COVERAGE_GAP,SEC Item 2.02 metadata and quarter-specific official financial results exist; current strict primary heading/form predicate rejects the filing.,"Implement focused future resolver recognition/event-context change with positive and negative fixtures; replay on copy only, preserve hierarchy and conflict handling.",ITEM202_HEADING_VARIANTS
IMXI,1122,SEC_CIK:0001683695,"International Money Express, Inc.",1126,124212,0001683695,2026,Q2,39880,2026-06-30,2026-Q2,2026-06-30,2026-08-10,2026-08-10,NOT_FOUND,NOT_RECORDED,2026-10-05T06:50:59Z,NOT_RECORDED,1,2026-10-05T06:50:59Z,NO_ITEM_2_02_FOUND,NO_ITEM_2_02_FOUND,0,0,0,NOT_RECORDED,NOT_RECORDED,NOT_RECORDED,NOT_RECORDED,NULL,NONE_STORED;issuer_search_not_exhaustive,CANONICAL_ACCEPTED;authority_quarter_id_equal;forecast_links_NOT_AUDITED,UNIQUE_ACTIVE_CIK;no_blocker_proven,SHARADAR:d4b52fcf7ce940d0ceccb0cecbebfdd39a635117824439d563721c09bd8f2553:SHARADAR_ARQ_PRIMARY_V1:HIGH,,10-Q|2026-08-10T20:02:00.000Z|0001628280-26-055191|report=2026-06-30|items=,1,0,0,0,,https://www.sec.gov/Archives/edgar/data/1683695/000162828026055191/imxi-20260630.htm,NOT_RECORDED_PER_REQUEST,2026-10-05T16:08:01Z,2026-10-05,publication_drain_20261005T064921Z_43a1e040,INSUFFICIENT_EVIDENCE,NO_MATCHED_PUBLICATION_DOCUMENT_VERIFIED,P2,LIMITED,SEC metadata inspected in the result-period acceptance window; no quarter-specific authoritative release verified. NO_ITEM_2_02_FOUND is not evidence of global publication absence.,Target official issuer release and relevant SEC document/exhibit before deciding coverage gap or evidenced absence; do not blindly retry.,DOMESTIC_OR_OTHER_METADATA_ONLY
OBIO,1613,SEC_CIK:0001814114,"Orchestra BioMed Holdings, Inc.",1623,631788,0001814114,2026,Q2,57398,2026-06-30,2026-Q2,2026-06-30,2026-08-10,2026-08-10,NOT_FOUND,NOT_RECORDED,2026-10-05T06:51:03Z,NOT_RECORDED,1,2026-10-05T06:51:03Z,NO_ITEM_2_02_FOUND,NO_ITEM_2_02_FOUND,0,0,0,NOT_RECORDED,NOT_RECORDED,NOT_RECORDED,NOT_RECORDED,NULL,NONE_STORED;issuer_search_not_exhaustive,CANONICAL_ACCEPTED;authority_quarter_id_equal;forecast_links_NOT_AUDITED,UNIQUE_ACTIVE_CIK;no_blocker_proven,SHARADAR:c163f6c3a1d0581aea24b2716b30b6dd2b4e4f34d4436462c340fde4d6ffb478:SHARADAR_ARQ_PRIMARY_V1:HIGH,,10-Q|2026-08-10T20:07:12.000Z|0001104659-26-093357|report=2026-06-30|items=,1,0,0,0,,https://www.sec.gov/Archives/edgar/data/1814114/000110465926093357/obio-20260630x10q.htm,NOT_RECORDED_PER_REQUEST,2026-10-05T16:08:01Z,2026-10-05,publication_drain_20261005T064921Z_43a1e040,INSUFFICIENT_EVIDENCE,NO_MATCHED_PUBLICATION_DOCUMENT_VERIFIED,P2,LIMITED,SEC metadata inspected in the result-period acceptance window; no quarter-specific authoritative release verified. NO_ITEM_2_02_FOUND is not evidence of global publication absence.,Target official issuer release and relevant SEC document/exhibit before deciding coverage gap or evidenced absence; do not blindly retry.,DOMESTIC_OR_OTHER_METADATA_ONLY
OPTX,1655,SEC_CIK:0001866816,"SYNTEC OPTICS HOLDINGS, INC.",1665,636651,0001866816,2026,Q2,58922,2026-06-30,2026-Q2,2026-06-30,2026-08-10,2026-08-10,NOT_FOUND,NOT_RECORDED,2026-10-05T06:51:04Z,NOT_RECORDED,1,2026-10-05T06:51:04Z,NO_ITEM_2_02_FOUND,NO_ITEM_2_02_FOUND,0,0,0,NOT_RECORDED,NOT_RECORDED,NOT_RECORDED,NOT_RECORDED,NULL,NONE_STORED;issuer_search_not_exhaustive,CANONICAL_ACCEPTED;authority_quarter_id_equal;forecast_links_NOT_AUDITED,UNIQUE_ACTIVE_CIK;no_blocker_proven,SHARADAR:3f49af0521406e4ee74de47a23e5067ec12e5adb0b6a4d1057d7c61adcbccf70:SHARADAR_ARQ_PRIMARY_V1:HIGH,,10-Q|2026-08-10T20:15:45.000Z|0001493152-26-036869|report=2026-06-30|items=,1,0,0,0,,https://www.sec.gov/Archives/edgar/data/1866816/000149315226036869/form10-q.htm,NOT_RECORDED_PER_REQUEST,2026-10-05T16:08:01Z,2026-10-05,publication_drain_20261005T064921Z_43a1e040,INSUFFICIENT_EVIDENCE,NO_MATCHED_PUBLICATION_DOCUMENT_VERIFIED,P2,LIMITED,SEC metadata inspected in the result-period acceptance window; no quarter-specific authoritative release verified. NO_ITEM_2_02_FOUND is not evidence of global publication absence.,Target official issuer release and relevant SEC document/exhibit before deciding coverage gap or evidenced absence; do not blindly retry.,DOMESTIC_OR_OTHER_METADATA_ONLY
QMCO,1829,SEC_CIK:0000709283,QUANTUM CORP /DE/,1839,198911,0000709283,2027,Q1,65188,2026-06-30,2027-Q1,2026-06-30,2026-08-10,2026-08-10,NOT_FOUND,NOT_RECORDED,2026-10-05T06:51:08Z,NOT_RECORDED,1,2026-10-05T06:51:08Z,NO_ITEM_2_02_FOUND,NO_ITEM_2_02_FOUND,0,0,0,NOT_RECORDED,NOT_RECORDED,NOT_RECORDED,NOT_RECORDED,NULL,NONE_STORED;issuer_search_not_exhaustive,CANONICAL_ACCEPTED;authority_quarter_id_equal;forecast_links_NOT_AUDITED,UNIQUE_ACTIVE_CIK;no_blocker_proven,SHARADAR:c397c9a7910babf6e781a8bcd99288f047d4e985088485d69fc8cd716a2864e6:SHARADAR_ARQ_PRIMARY_V1:HIGH,,"10-Q|2026-08-10T22:13:46.000Z|0001628280-26-055417|report=2026-06-30|items=;8-K|2026-08-10T20:27:46.000Z|0001628280-26-055272|report=2026-08-10|items=2.02,9.01",2,0,2,2,https://www.sec.gov/Archives/edgar/data/709283/000162828026055272/qtm-20260810.htm#sha256=f13eb508bf274d1016957aa62b2ce1ca26f5bc95a329c340385e209804876c5b;https://www.sec.gov/Archives/edgar/data/709283/000162828026055272/fy27q1exhibit991.htm#sha256=a1ab8c42262322eccfa74e5def1e1f5eb74b14edfe02c60187255a6ea587fcbe,https://www.sec.gov/Archives/edgar/data/709283/000162828026055272/qtm-20260810.htm;https://www.sec.gov/Archives/edgar/data/709283/000162828026055272/fy27q1exhibit991.htm;https://www.sec.gov/Archives/edgar/data/709283/000162828026055417/qtm-20260630.htm,NOT_RECORDED_PER_REQUEST,2026-10-05T16:08:01Z,2026-10-05,publication_drain_20261005T064921Z_43a1e040,RESOLVER_COVERAGE_GAP,STRICT_ITEM202_HEADING_REJECTION,P1,HIGH_LIKELY_COVERAGE_GAP,SEC Item 2.02 metadata and quarter-specific official financial results exist; current strict primary heading/form predicate rejects the filing.,"Implement focused future resolver recognition/event-context change with positive and negative fixtures; replay on copy only, preserve hierarchy and conflict handling.",ITEM202_HEADING_VARIANTS
SDRL,1969,SEC_CIK:0001737706,SEADRILL Ltd,1979,639123,0001737706,2026,Q2,70148,2026-06-30,2026-Q2,2026-06-30,2026-08-10,2026-08-10,NOT_FOUND,NOT_RECORDED,2026-10-05T06:51:14Z,NOT_RECORDED,1,2026-10-05T06:51:14Z,NO_ITEM_2_02_FOUND,NO_ITEM_2_02_FOUND,0,0,0,NOT_RECORDED,NOT_RECORDED,NOT_RECORDED,NOT_RECORDED,NULL,NONE_STORED;issuer_search_not_exhaustive,CANONICAL_ACCEPTED;authority_quarter_id_equal;forecast_links_NOT_AUDITED,UNIQUE_ACTIVE_CIK;no_blocker_proven,SHARADAR:289f397f09f5683351a7179d42d8f87f6ac41538a66e4e185893973771dc68be:SHARADAR_ARQ_PRIMARY_V1:HIGH,,"10-Q|2026-08-10T20:01:46.000Z|0001737706-26-000026|report=2026-06-30|items=;8-K|2026-08-07T22:02:38.000Z|0001737706-26-000023|report=2026-08-10|items=2.02,9.01;8-K|2026-06-30T20:32:52.000Z|0001193125-26-290671|report=2026-06-30|items=1.01,2.03,8.01,9.01",3,0,2,2,https://www.sec.gov/Archives/edgar/data/1737706/000173770626000023/sdrl-20260810.htm#sha256=acaefa7530961d6f1f42eb9da853e4aede378a993b818e92a6328e6d708e1794;https://www.sec.gov/Archives/edgar/data/1737706/000173770626000023/seadrillpressreleaseq22026.htm#sha256=a64e014f2351f3d7c53f0b9f1c6ee2fc936d2e3c277e96d5e6188aee49bdc581,https://www.sec.gov/Archives/edgar/data/1737706/000173770626000023/sdrl-20260810.htm;https://www.sec.gov/Archives/edgar/data/1737706/000173770626000023/seadrillpressreleaseq22026.htm;https://www.sec.gov/Archives/edgar/data/1737706/000173770626000026/sdrl-20260630.htm;https://www.sec.gov/Archives/edgar/data/1737706/000119312526290671/d106615d8k.htm,NOT_RECORDED_PER_REQUEST,2026-10-05T16:08:01Z,2026-10-05,publication_drain_20261005T064921Z_43a1e040,RESOLVER_COVERAGE_GAP,STRICT_ITEM202_HEADING_REJECTION,P1,HIGH_LIKELY_COVERAGE_GAP,SEC Item 2.02 metadata and quarter-specific official financial results exist; current strict primary heading/form predicate rejects the filing.,"Implement focused future resolver recognition/event-context change with positive and negative fixtures; replay on copy only, preserve hierarchy and conflict handling.",ITEM202_HEADING_VARIANTS
BTDR,2468,SEC_CIK:0001899123,Bitdeer Technologies Group,2480,635374,0001899123,2026,Q2,87882,2026-06-30,2026-Q2,2026-06-30,2026-08-10,2026-08-10,NOT_FOUND,NOT_RECORDED,2026-10-05T06:51:20Z,NOT_RECORDED,1,2026-10-05T06:51:20Z,NO_ITEM_2_02_FOUND,NO_ITEM_2_02_FOUND,0,0,0,NOT_RECORDED,NOT_RECORDED,NOT_RECORDED,NOT_RECORDED,NULL,NONE_STORED;issuer_search_not_exhaustive,CANONICAL_ACCEPTED;authority_quarter_id_equal;forecast_links_NOT_AUDITED,UNIQUE_ACTIVE_CIK;no_blocker_proven,SHARADAR:31c116d8776902bc27e66878537448cedb8ad4defd16e960f294684842410e2d:SHARADAR_ARQ_PRIMARY_V1:HIGH,,6-K|2026-10-02T20:01:10.000Z|0001213900-26-106360|report=2026-10-02|items=;6-K|2026-09-29T20:01:44.000Z|0001213900-26-104638|report=2026-06-30|items=;6-K|2026-09-16T20:30:20.000Z|0001213900-26-100537|report=2026-09-16|items=;6-K|2026-09-02T10:17:13.000Z|0001213900-26-096425|report=2026-09-02|items=;6-K|2026-08-26T12:19:26.000Z|0001213900-26-093742|report=2026-08-26|items=;6-K|2026-08-10T14:25:32.000Z|0001213900-26-087067|report=2026-08-10|items=;6-K|2026-08-10T11:08:07.000Z|0001213900-26-086938|report=2026-08-10|items=;6-K|2026-08-05T20:01:30.000Z|0001213900-26-085655|report=2026-08-05|items=;6-K|2026-08-03T12:56:52.000Z|0001213900-26-084288|report=2026-08-03|items=;6-K|2026-07-21T12:10:23.000Z|0001213900-26-079816|report=2026-07-21|items=;6-K|2026-07-06T10:48:17.000Z|0001213900-26-075191|report=2026-07-06|items=,11,0,0,0,,https://www.sec.gov/Archives/edgar/data/1899123/000121390026106360/ea0307497-6k_bitdeer.htm;https://www.sec.gov/Archives/edgar/data/1899123/000121390026104638/ea0306473-6k_bitdeer.htm;https://www.sec.gov/Archives/edgar/data/1899123/000121390026100537/ea0305235-6k_bitdeer.htm,NOT_RECORDED_PER_REQUEST,2026-10-05T16:08:01Z,2026-10-05,publication_drain_20261005T064921Z_43a1e040,INSUFFICIENT_EVIDENCE,FOREIGN_6K_CONTENT_NOT_VERIFIED,P2,LIMITED,"6-K metadata exists in bounded window; V1 does not support 6-K, but metadata alone does not establish a result release for this canonical quarter. Foreign reporting is not proof of absent publication.",Target official issuer release and relevant SEC document/exhibit before deciding coverage gap or evidenced absence; do not blindly retry.,FOREIGN_6K_METADATA_ONLY
CAMT,2469,SEC_CIK:0001109138,CAMTEK LTD,2481,191203,0001109138,2026,Q2,87923,2026-06-30,2026-Q2,2026-06-30,2026-08-10,2026-08-10,NOT_FOUND,NOT_RECORDED,2026-10-05T06:51:20Z,NOT_RECORDED,1,2026-10-05T06:51:20Z,NO_ITEM_2_02_FOUND,NO_ITEM_2_02_FOUND,0,0,0,NOT_RECORDED,NOT_RECORDED,NOT_RECORDED,NOT_RECORDED,NULL,NONE_STORED;issuer_search_not_exhaustive,CANONICAL_ACCEPTED;authority_quarter_id_equal;forecast_links_NOT_AUDITED,UNIQUE_ACTIVE_CIK;no_blocker_proven,SHARADAR:45ca1f8104642cfb0eae3b3c1bbc9bb2a20b43a71bfb550bb46d80244901ce23:SHARADAR_ARQ_PRIMARY_V1:HIGH,,6-K|2026-08-10T11:16:13.000Z|0001178913-26-003975|report=2026-08-10|items=;6-K|2026-07-29T15:00:05.000Z|0001178913-26-003681|report=2026-07-29|items=,2,0,0,0,,https://www.sec.gov/Archives/edgar/data/1109138/000117891326003975/zk2635905.htm;https://www.sec.gov/Archives/edgar/data/1109138/000117891326003681/zk2635789.htm,NOT_RECORDED_PER_REQUEST,2026-10-05T16:08:01Z,2026-10-05,publication_drain_20261005T064921Z_43a1e040,INSUFFICIENT_EVIDENCE,FOREIGN_6K_CONTENT_NOT_VERIFIED,P2,LIMITED,"6-K metadata exists in bounded window; V1 does not support 6-K, but metadata alone does not establish a result release for this canonical quarter. Foreign reporting is not proof of absent publication.",Target official issuer release and relevant SEC document/exhibit before deciding coverage gap or evidenced absence; do not blindly retry.,FOREIGN_6K_METADATA_ONLY
VOGX,2539,SEC_CIK:0001903784,"Vogenx, Inc.",2551,6401102,0001903784,2026,Q1,89773,2026-03-31,2026-Q1,2026-03-31,2026-08-10,2026-08-10,NOT_FOUND,NOT_RECORDED,2026-10-05T06:51:23Z,NOT_RECORDED,1,2026-10-05T06:51:23Z,NO_ITEM_2_02_FOUND,NO_ITEM_2_02_FOUND,0,0,0,NOT_RECORDED,NOT_RECORDED,NOT_RECORDED,NOT_RECORDED,NULL,NONE_STORED;issuer_search_not_exhaustive,CANONICAL_ACCEPTED;authority_quarter_id_equal;forecast_links_NOT_AUDITED,UNIQUE_ACTIVE_CIK;no_blocker_proven,SHARADAR:84984986aa9e922ef5f8a99aa5c3a0f864c6ca5804d8f6a11b6a14189dbf148d:SHARADAR_ARQ_PRIMARY_V1:HIGH,,,0,0,0,0,,https://data.sec.gov/submissions/CIK0001903784.json,NOT_RECORDED_PER_REQUEST,2026-10-05T16:08:01Z,2026-10-05,publication_drain_20261005T064921Z_43a1e040,INSUFFICIENT_EVIDENCE,NO_MATCHED_PUBLICATION_DOCUMENT_VERIFIED,P2,LIMITED,SEC metadata inspected in the result-period acceptance window; no quarter-specific authoritative release verified. NO_ITEM_2_02_FOUND is not evidence of global publication absence.,Target official issuer release and relevant SEC document/exhibit before deciding coverage gap or evidenced absence; do not blindly retry.,DOMESTIC_OR_OTHER_METADATA_ONLY
AMN,138,SEC_CIK:0001142750,AMN HEALTHCARE SERVICES INC,138,195789,0001142750,2026,Q2,4892,2026-06-30,2026-Q2,2026-06-30,2026-08-07,2026-08-07,NOT_FOUND,NOT_RECORDED,2026-10-05T06:50:44Z,NOT_RECORDED,1,2026-10-05T06:50:44Z,NO_ITEM_2_02_FOUND,NO_ITEM_2_02_FOUND,0,0,0,NOT_RECORDED,NOT_RECORDED,NOT_RECORDED,NOT_RECORDED,NULL,NONE_STORED;issuer_search_not_exhaustive,CANONICAL_ACCEPTED;authority_quarter_id_equal;forecast_links_NOT_AUDITED,UNIQUE_ACTIVE_CIK;no_blocker_proven,SHARADAR:441be3fe5a7faefa7b2c47c9fdd77933293520116bcdb14ebd511e5b07e6c11e:SHARADAR_ARQ_PRIMARY_V1:HIGH,,10-Q|2026-08-06T22:10:38.000Z|0001628280-26-054507|report=2026-06-30|items=,1,0,0,0,,https://www.sec.gov/Archives/edgar/data/1142750/000162828026054507/amn-20260630.htm,NOT_RECORDED_PER_REQUEST,2026-10-05T16:08:01Z,2026-10-05,publication_drain_20261005T064921Z_43a1e040,INSUFFICIENT_EVIDENCE,NO_MATCHED_PUBLICATION_DOCUMENT_VERIFIED,P2,LIMITED,SEC metadata inspected in the result-period acceptance window; no quarter-specific authoritative release verified. NO_ITEM_2_02_FOUND is not evidence of global publication absence.,Target official issuer release and relevant SEC document/exhibit before deciding coverage gap or evidenced absence; do not blindly retry.,DOMESTIC_OR_OTHER_METADATA_ONLY
BIAF,315,SEC_CIK:0001712762,"bioAffinity Technologies, Inc.",315,638997,0001712762,2026,Q2,11140,2026-06-30,2026-Q2,2026-06-30,2026-08-07,2026-08-07,NOT_FOUND,NOT_RECORDED,2026-10-05T06:50:49Z,NOT_RECORDED,1,2026-10-05T06:50:49Z,NO_ITEM_2_02_FOUND,NO_ITEM_2_02_FOUND,0,0,0,NOT_RECORDED,NOT_RECORDED,NOT_RECORDED,NOT_RECORDED,NULL,NONE_STORED;issuer_search_not_exhaustive,CANONICAL_ACCEPTED;authority_quarter_id_equal;forecast_links_NOT_AUDITED,UNIQUE_ACTIVE_CIK;no_blocker_proven,SHARADAR:d770d407e1c8bf1dc9cb8764dc5f6ca280ce95ce3d19283db0e49819d94ccfe7:SHARADAR_ARQ_PRIMARY_V1:HIGH,,"10-Q|2026-08-07T20:45:56.000Z|0001493152-26-036619|report=2026-06-30|items=;8-K|2026-08-07T12:30:17.000Z|0001493152-26-036486|report=2026-08-07|items=2.02,9.01;8-K|2026-06-30T21:19:20.000Z|0001493152-26-031327|report=2026-06-30|items=8.01,9.01",3,0,2,2,https://www.sec.gov/Archives/edgar/data/1712762/000149315226036486/form8-k.htm#sha256=91126f67ea8b660651dc9e11b5970f5559dcb73be9e27253e20efc1a739e07c5;https://www.sec.gov/Archives/edgar/data/1712762/000149315226036486/ex99-1.htm#sha256=e46f7312c0dd71e76c0973e2bc3220352e15937a9b66785af425e925e6588087,https://www.sec.gov/Archives/edgar/data/1712762/000149315226036486/form8-k.htm;https://www.sec.gov/Archives/edgar/data/1712762/000149315226036486/ex99-1.htm;https://www.sec.gov/Archives/edgar/data/1712762/000149315226036619/form10-q.htm;https://www.sec.gov/Archives/edgar/data/1712762/000149315226031327/form8-k.htm,NOT_RECORDED_PER_REQUEST,2026-10-05T16:08:01Z,2026-10-05,publication_drain_20261005T064921Z_43a1e040,RESOLVER_COVERAGE_GAP,STRICT_ITEM202_HEADING_REJECTION,P1,HIGH_LIKELY_COVERAGE_GAP,SEC Item 2.02 metadata and quarter-specific official financial results exist; current strict primary heading/form predicate rejects the filing.,"Implement focused future resolver recognition/event-context change with positive and negative fixtures; replay on copy only, preserve hierarchy and conflict handling.",ITEM202_HEADING_VARIANTS
DBX,645,SEC_CIK:0001467623,"DROPBOX, INC.",646,120227,0001467623,2026,Q2,22794,2026-06-30,2026-Q2,2026-06-30,2026-08-07,2026-08-07,NOT_FOUND,NOT_RECORDED,2026-10-05T06:50:54Z,NOT_RECORDED,1,2026-10-05T06:50:54Z,NO_ITEM_2_02_FOUND,NO_ITEM_2_02_FOUND,0,0,0,NOT_RECORDED,NOT_RECORDED,NOT_RECORDED,NOT_RECORDED,NULL,NONE_STORED;issuer_search_not_exhaustive,CANONICAL_ACCEPTED;authority_quarter_id_equal;forecast_links_NOT_AUDITED,UNIQUE_ACTIVE_CIK;no_blocker_proven,SHARADAR:6a9e657be32984a8960c911b6893cd6fcc02ced9c2502f6af9b3722deaf6a428:SHARADAR_ARQ_PRIMARY_V1:HIGH,,"10-Q|2026-08-07T20:06:33.000Z|0001467623-26-000049|report=2026-06-30|items=;8-K|2026-08-06T20:08:56.000Z|0001467623-26-000045|report=2026-08-06|items=2.02,7.01,9.01",2,0,2,2,https://www.sec.gov/Archives/edgar/data/1467623/000146762326000045/dbx-20260806.htm#sha256=08c1139a760792d9fbbbddb91cb5a48e5123c12166bfba48801aa4b88ef1b86c;https://www.sec.gov/Archives/edgar/data/1467623/000146762326000045/q22026er-exhibit991q2xq4.htm#sha256=c5f21f433919421e0af34da884cd483afb93571d4418e1dad280ca2f276248a0,https://www.sec.gov/Archives/edgar/data/1467623/000146762326000045/dbx-20260806.htm;https://www.sec.gov/Archives/edgar/data/1467623/000146762326000045/q22026er-exhibit991q2xq4.htm;https://www.sec.gov/Archives/edgar/data/1467623/000146762326000049/dbx-20260630.htm,NOT_RECORDED_PER_REQUEST,2026-10-05T16:08:01Z,2026-10-05,publication_drain_20261005T064921Z_43a1e040,RESOLVER_COVERAGE_GAP,STRICT_ITEM202_HEADING_REJECTION,P1,HIGH_LIKELY_COVERAGE_GAP,SEC Item 2.02 metadata and quarter-specific official financial results exist; current strict primary heading/form predicate rejects the filing.,"Implement focused future resolver recognition/event-context change with positive and negative fixtures; replay on copy only, preserve hierarchy and conflict handling.",ITEM202_HEADING_VARIANTS
EMPD,762,SEC_CIK:0001829794,Empery Digital Inc.,763,636375,0001829794,2026,Q2,26908,2026-06-30,2026-Q2,2026-06-30,2026-08-07,2026-08-07,NOT_FOUND,NOT_RECORDED,2026-10-05T06:50:55Z,NOT_RECORDED,1,2026-10-05T06:50:55Z,NO_ITEM_2_02_FOUND,NO_ITEM_2_02_FOUND,0,0,0,NOT_RECORDED,NOT_RECORDED,NOT_RECORDED,NOT_RECORDED,NULL,NONE_STORED;issuer_search_not_exhaustive,CANONICAL_ACCEPTED;authority_quarter_id_equal;forecast_links_NOT_AUDITED,UNIQUE_ACTIVE_CIK;no_blocker_proven,SHARADAR:6f4ef717c914741a289d36595475a3f6dd31ea6cfe4fc1ef7b6f91423b8700f3:SHARADAR_ARQ_PRIMARY_V1:HIGH,,10-Q|2026-08-07T20:04:37.000Z|0001683168-26-006099|report=2026-06-30|items=,1,0,0,0,,https://www.sec.gov/Archives/edgar/data/1829794/000168316826006099/empery_i10q-063026.htm,NOT_RECORDED_PER_REQUEST,2026-10-05T16:08:01Z,2026-10-05,publication_drain_20261005T064921Z_43a1e040,INSUFFICIENT_EVIDENCE,NO_MATCHED_PUBLICATION_DOCUMENT_VERIFIED,P2,LIMITED,SEC metadata inspected in the result-period acceptance window; no quarter-specific authoritative release verified. NO_ITEM_2_02_FOUND is not evidence of global publication absence.,Target official issuer release and relevant SEC document/exhibit before deciding coverage gap or evidenced absence; do not blindly retry.,DOMESTIC_OR_OTHER_METADATA_ONLY
GTN,994,SEC_CIK:0000043196,"GRAY MEDIA, INC",998,199672,0000043196,2026,Q2,35268,2026-06-30,2026-Q2,2026-06-30,2026-08-07,2026-08-07,NOT_FOUND,NOT_RECORDED,2026-10-05T06:50:58Z,NOT_RECORDED,1,2026-10-05T06:50:58Z,NO_ITEM_2_02_FOUND,NO_ITEM_2_02_FOUND,0,0,0,NOT_RECORDED,NOT_RECORDED,NOT_RECORDED,NOT_RECORDED,NULL,NONE_STORED;issuer_search_not_exhaustive,CANONICAL_ACCEPTED;authority_quarter_id_equal;forecast_links_NOT_AUDITED,UNIQUE_ACTIVE_CIK;no_blocker_proven,SHARADAR:cac2f14f8345132b16abf04d85c7d88816d30ed3d85124dfe595dfe989340142:SHARADAR_ARQ_PRIMARY_V1:HIGH,,"8-K|2026-09-28T10:30:19.000Z|0001437749-26-031279|report=2026-09-28|items=2.02,9.01;10-Q|2026-08-07T16:31:01.000Z|0001437749-26-026498|report=2026-06-30|items=;8-K|2026-08-07T10:31:53.000Z|0001437749-26-026422|report=2026-08-07|items=2.02,9.01",3,0,3,2,https://www.sec.gov/Archives/edgar/data/43196/000143774926031279/gtn20260925_8k.htm#sha256=a1b47296cc4eb7f4c83c487afa20d2e00abf1b8e1287c001a39400b0aab4792e;https://www.sec.gov/Archives/edgar/data/43196/000143774926026422/gtn20260804_8k.htm#sha256=e756472b8fd3a230781563949e6d9c94d13b295150e7d91682dcfc253551bd31;https://www.sec.gov/Archives/edgar/data/43196/000143774926026422/ex_998938.htm#sha256=3736afe68bb7604c49528cfca63457230c9e7c5978552703a08d0ddb76563249,https://www.sec.gov/Archives/edgar/data/43196/000143774926031279/gtn20260925_8k.htm;https://www.sec.gov/Archives/edgar/data/43196/000143774926026422/gtn20260804_8k.htm;https://www.sec.gov/Archives/edgar/data/43196/000143774926026422/ex_998938.htm;https://www.sec.gov/Archives/edgar/data/43196/000143774926026498/gtn20260630_10q.htm,NOT_RECORDED_PER_REQUEST,2026-10-05T16:08:01Z,2026-10-05,publication_drain_20261005T064921Z_43a1e040,RESOLVER_COVERAGE_GAP,STRICT_ITEM202_HEADING_REJECTION,P1,HIGH_LIKELY_COVERAGE_GAP,SEC Item 2.02 metadata and quarter-specific official financial results exist; current strict primary heading/form predicate rejects the filing.,"Implement focused future resolver recognition/event-context change with positive and negative fixtures; replay on copy only, preserve hierarchy and conflict handling.",ITEM202_HEADING_VARIANTS
IMMX,1117,SEC_CIK:0001873835,"Immix Biopharma, Inc.",1121,636988,0001873835,2026,Q2,39719,2026-06-30,2026-Q2,2026-06-30,2026-08-07,2026-08-07,NOT_FOUND,NOT_RECORDED,2026-10-05T06:50:59Z,NOT_RECORDED,1,2026-10-05T06:50:59Z,NO_ITEM_2_02_FOUND,NO_ITEM_2_02_FOUND,0,0,0,NOT_RECORDED,NOT_RECORDED,NOT_RECORDED,NOT_RECORDED,NULL,NONE_STORED;issuer_search_not_exhaustive,CANONICAL_ACCEPTED;authority_quarter_id_equal;forecast_links_NOT_AUDITED,UNIQUE_ACTIVE_CIK;no_blocker_proven,SHARADAR:36b8ae3ede69e9a194061d7eb200df93d2962145f490146aee96f786a4df07e1:SHARADAR_ARQ_PRIMARY_V1:HIGH,,10-Q|2026-08-07T21:05:36.000Z|0001493152-26-036643|report=2026-06-30|items=,1,0,0,0,,https://www.sec.gov/Archives/edgar/data/1873835/000149315226036643/form10-q.htm,NOT_RECORDED_PER_REQUEST,2026-10-05T16:08:01Z,2026-10-05,publication_drain_20261005T064921Z_43a1e040,INSUFFICIENT_EVIDENCE,NO_MATCHED_PUBLICATION_DOCUMENT_VERIFIED,P2,LIMITED,SEC metadata inspected in the result-period acceptance window; no quarter-specific authoritative release verified. NO_ITEM_2_02_FOUND is not evidence of global publication absence.,Target official issuer release and relevant SEC document/exhibit before deciding coverage gap or evidenced absence; do not blindly retry.,DOMESTIC_OR_OTHER_METADATA_ONLY
LPSN,1322,SEC_CIK:0001102993,LIVEPERSON INC,1330,196125,0001102993,2026,Q2,47079,2026-06-30,2026-Q2,2026-06-30,2026-08-07,2026-08-07,NOT_FOUND,NOT_RECORDED,2026-10-05T06:51:02Z,NOT_RECORDED,1,2026-10-05T06:51:02Z,NO_ITEM_2_02_FOUND,NO_ITEM_2_02_FOUND,0,0,0,NOT_RECORDED,NOT_RECORDED,NOT_RECORDED,NOT_RECORDED,NULL,NONE_STORED;issuer_search_not_exhaustive,CANONICAL_ACCEPTED;authority_quarter_id_equal;forecast_links_NOT_AUDITED,UNIQUE_ACTIVE_CIK;no_blocker_proven,SHARADAR:75bc687ef36d06eb8f03ad1d9389ef28d3ca8d71082e98d981e85ad8d8ee6baa:SHARADAR_ARQ_PRIMARY_V1:HIGH,,10-Q|2026-08-07T20:31:41.000Z|0001102993-26-000084|report=2026-06-30|items=,1,0,0,0,,https://www.sec.gov/Archives/edgar/data/1102993/000110299326000084/lpsn-20260630.htm,NOT_RECORDED_PER_REQUEST,2026-10-05T16:08:01Z,2026-10-05,publication_drain_20261005T064921Z_43a1e040,INSUFFICIENT_EVIDENCE,NO_MATCHED_PUBLICATION_DOCUMENT_VERIFIED,P2,LIMITED,SEC metadata inspected in the result-period acceptance window; no quarter-specific authoritative release verified. NO_ITEM_2_02_FOUND is not evidence of global publication absence.,Target official issuer release and relevant SEC document/exhibit before deciding coverage gap or evidenced absence; do not blindly retry.,DOMESTIC_OR_OTHER_METADATA_ONLY
OKLO,1629,SEC_CIK:0001849056,Oklo Inc.,1639,635669,0001849056,2026,Q2,58017,2026-06-30,2026-Q2,2026-06-30,2026-08-07,2026-08-07,NOT_FOUND,NOT_RECORDED,2026-10-05T06:51:04Z,NOT_RECORDED,1,2026-10-05T06:51:04Z,NO_ITEM_2_02_FOUND,NO_ITEM_2_02_FOUND,0,0,0,NOT_RECORDED,NOT_RECORDED,NOT_RECORDED,NOT_RECORDED,NULL,NONE_STORED;issuer_search_not_exhaustive,CANONICAL_ACCEPTED;authority_quarter_id_equal;forecast_links_NOT_AUDITED,UNIQUE_ACTIVE_CIK;no_blocker_proven,SHARADAR:0c9ac045b2335318a846e8a85c6d0116707bd70faf3ab0b37e7e7f927555c9c1:SHARADAR_ARQ_PRIMARY_V1:HIGH,,10-Q|2026-08-07T11:19:12.000Z|0001628280-26-054571|report=2026-06-30|items=,1,0,0,0,,https://www.sec.gov/Archives/edgar/data/1849056/000162828026054571/oklo-20260630.htm,NOT_RECORDED_PER_REQUEST,2026-10-05T16:08:01Z,2026-10-05,publication_drain_20261005T064921Z_43a1e040,INSUFFICIENT_EVIDENCE,NO_MATCHED_PUBLICATION_DOCUMENT_VERIFIED,P2,LIMITED,SEC metadata inspected in the result-period acceptance window; no quarter-specific authoritative release verified. NO_ITEM_2_02_FOUND is not evidence of global publication absence.,Target official issuer release and relevant SEC document/exhibit before deciding coverage gap or evidenced absence; do not blindly retry.,DOMESTIC_OR_OTHER_METADATA_ONLY
ORBS,1657,SEC_CIK:0001892492,Eightco Holdings Inc.,1667,638782,0001892492,2026,Q2,58984,2026-06-30,2026-Q2,2026-06-30,2026-08-07,2026-08-07,NOT_FOUND,NOT_RECORDED,2026-10-05T06:51:05Z,NOT_RECORDED,1,2026-10-05T06:51:05Z,NO_ITEM_2_02_FOUND,NO_ITEM_2_02_FOUND,0,0,0,NOT_RECORDED,NOT_RECORDED,NOT_RECORDED,NOT_RECORDED,NULL,NONE_STORED;issuer_search_not_exhaustive,CANONICAL_ACCEPTED;authority_quarter_id_equal;forecast_links_NOT_AUDITED,UNIQUE_ACTIVE_CIK;no_blocker_proven,SHARADAR:b4f0afeb53fdaff0df2439a5eb67549948357dc04e44c173a2efc52ac4ba0589:SHARADAR_ARQ_PRIMARY_V1:HIGH,,10-Q|2026-08-07T21:00:59.000Z|0001493152-26-036637|report=2026-06-30|items=,1,0,0,0,,https://www.sec.gov/Archives/edgar/data/1892492/000149315226036637/form10-q.htm,NOT_RECORDED_PER_REQUEST,2026-10-05T16:08:01Z,2026-10-05,publication_drain_20261005T064921Z_43a1e040,INSUFFICIENT_EVIDENCE,NO_MATCHED_PUBLICATION_DOCUMENT_VERIFIED,P2,LIMITED,SEC metadata inspected in the result-period acceptance window; no quarter-specific authoritative release verified. NO_ITEM_2_02_FOUND is not evidence of global publication absence.,Target official issuer release and relevant SEC document/exhibit before deciding coverage gap or evidenced absence; do not blindly retry.,DOMESTIC_OR_OTHER_METADATA_ONLY
ORLY,1662,SEC_CIK:0000898173,O REILLY AUTOMOTIVE INC,1672,197659,0000898173,2026,Q2,59175,2026-06-30,2026-Q2,2026-06-30,2026-08-07,2026-08-07,NOT_FOUND,NOT_RECORDED,2026-10-05T06:51:05Z,NOT_RECORDED,1,2026-10-05T06:51:05Z,NO_ITEM_2_02_FOUND,NO_ITEM_2_02_FOUND,0,0,0,NOT_RECORDED,NOT_RECORDED,NOT_RECORDED,NOT_RECORDED,NULL,NONE_STORED;issuer_search_not_exhaustive,CANONICAL_ACCEPTED;authority_quarter_id_equal;forecast_links_NOT_AUDITED,UNIQUE_ACTIVE_CIK;no_blocker_proven,SHARADAR:27bea2b0180499b33506a490cb0a3fb3f8df4d4fdefcb58bb53e80075cfc7633:SHARADAR_ARQ_PRIMARY_V1:HIGH,,"10-Q|2026-08-07T20:31:12.000Z|0000898173-26-000045|report=2026-06-30|items=;8-K|2026-07-29T20:38:23.000Z|0000898173-26-000042|report=2026-07-29|items=2.02,9.01",2,0,2,2,https://www.sec.gov/Archives/edgar/data/898173/000089817326000042/orly-20260729x8k.htm#sha256=5914356d093554d6b37bca4fcae59300550e74b66463a593755768e56f0cfe68;https://www.sec.gov/Archives/edgar/data/898173/000089817326000042/orly-20260729xex99d1.htm#sha256=ff685058da459aa3673e9bb05c028fac2363d7f5866b8dbcaed74f548ae16d91,https://www.sec.gov/Archives/edgar/data/898173/000089817326000042/orly-20260729x8k.htm;https://www.sec.gov/Archives/edgar/data/898173/000089817326000042/orly-20260729xex99d1.htm;https://www.sec.gov/Archives/edgar/data/898173/000089817326000045/orly-20260630x10q.htm,NOT_RECORDED_PER_REQUEST,2026-10-05T16:08:01Z,2026-10-05,publication_drain_20261005T064921Z_43a1e040,RESOLVER_COVERAGE_GAP,STRICT_ITEM202_HEADING_REJECTION,P1,HIGH_LIKELY_COVERAGE_GAP,SEC Item 2.02 metadata and quarter-specific official financial results exist; current strict primary heading/form predicate rejects the filing.,"Implement focused future resolver recognition/event-context change with positive and negative fixtures; replay on copy only, preserve hierarchy and conflict handling.",ITEM202_HEADING_VARIANTS
OSUR,1668,SEC_CIK:0001116463,ORASURE TECHNOLOGIES INC,1678,196023,0001116463,2026,Q2,59416,2026-06-30,2026-Q2,2026-06-30,2026-08-07,2026-08-07,NOT_FOUND,NOT_RECORDED,2026-10-05T06:51:06Z,NOT_RECORDED,1,2026-10-05T06:51:06Z,NO_ITEM_2_02_FOUND,NO_ITEM_2_02_FOUND,0,0,0,NOT_RECORDED,NOT_RECORDED,NOT_RECORDED,NOT_RECORDED,NULL,NONE_STORED;issuer_search_not_exhaustive,CANONICAL_ACCEPTED;authority_quarter_id_equal;forecast_links_NOT_AUDITED,UNIQUE_ACTIVE_CIK;no_blocker_proven,SHARADAR:d5dbfb563d60ea8ae996bba2a155e5fe9946fdb82d5724b54210b5be73ddccd7:SHARADAR_ARQ_PRIMARY_V1:HIGH,,"10-Q|2026-08-07T20:04:56.000Z|0001116463-26-000052|report=2026-06-30|items=;8-K|2026-08-05T20:07:48.000Z|0001116463-26-000048|report=2026-08-05|items=2.02,9.01",2,0,2,2,https://www.sec.gov/Archives/edgar/data/1116463/000111646326000048/osur-20260805.htm#sha256=a4b4ca27e1d63e51246a05acf86c69775a2f0d43b35c630b95a8f7c3eed42331;https://www.sec.gov/Archives/edgar/data/1116463/000111646326000048/osur-pressreleaseq22026.htm#sha256=6b590a541921809d67b78cb1ed55969492dc4b3595d1841b4f725f53b02eed00,https://www.sec.gov/Archives/edgar/data/1116463/000111646326000048/osur-20260805.htm;https://www.sec.gov/Archives/edgar/data/1116463/000111646326000048/osur-pressreleaseq22026.htm;https://www.sec.gov/Archives/edgar/data/1116463/000111646326000052/osur-20260630.htm,NOT_RECORDED_PER_REQUEST,2026-10-05T16:08:01Z,2026-10-05,publication_drain_20261005T064921Z_43a1e040,RESOLVER_COVERAGE_GAP,STRICT_ITEM202_HEADING_REJECTION,P1,HIGH_LIKELY_COVERAGE_GAP,SEC Item 2.02 metadata and quarter-specific official financial results exist; current strict primary heading/form predicate rejects the filing.,"Implement focused future resolver recognition/event-context change with positive and negative fixtures; replay on copy only, preserve hierarchy and conflict handling.",ITEM202_HEADING_VARIANTS
RR,1920,SEC_CIK:0001963685,RICHTECH ROBOTICS INC.,1930,640746,0001963685,2026,Q2,68431,2026-03-31,2026-Q2,2026-03-31,2026-08-07,2026-08-07,NOT_FOUND,NOT_RECORDED,2026-10-05T06:51:11Z,NOT_RECORDED,1,2026-10-05T06:51:11Z,NO_ITEM_2_02_FOUND,NO_ITEM_2_02_FOUND,0,0,0,NOT_RECORDED,NOT_RECORDED,NOT_RECORDED,NOT_RECORDED,NULL,NONE_STORED;issuer_search_not_exhaustive,CANONICAL_ACCEPTED;authority_quarter_id_equal;forecast_links_NOT_AUDITED,UNIQUE_ACTIVE_CIK;no_blocker_proven,SHARADAR:279c4fc3be247aa03d664f57acdde7764b57b405a277e6a86e48986e344728a8:SHARADAR_ARQ_PRIMARY_V1:HIGH,,10-Q|2026-08-07T20:54:45.000Z|0001213900-26-086762|report=2026-03-31|items=,1,0,0,0,,https://www.sec.gov/Archives/edgar/data/1963685/000121390026086762/ea0296191-10q_richtech.htm,NOT_RECORDED_PER_REQUEST,2026-10-05T16:08:01Z,2026-10-05,publication_drain_20261005T064921Z_43a1e040,INSUFFICIENT_EVIDENCE,NO_MATCHED_PUBLICATION_DOCUMENT_VERIFIED,P2,LIMITED,SEC metadata inspected in the result-period acceptance window; no quarter-specific authoritative release verified. NO_ITEM_2_02_FOUND is not evidence of global publication absence.,Target official issuer release and relevant SEC document/exhibit before deciding coverage gap or evidenced absence; do not blindly retry.,DOMESTIC_OR_OTHER_METADATA_ONLY
SNGX,2041,SEC_CIK:0000812796,"SOLIGENIX, INC.",2051,198343,0000812796,2026,Q2,72560,2026-06-30,2026-Q2,2026-06-30,2026-08-07,2026-08-07,NOT_FOUND,NOT_RECORDED,2026-10-05T06:51:15Z,NOT_RECORDED,1,2026-10-05T06:51:15Z,NO_ITEM_2_02_FOUND,NO_ITEM_2_02_FOUND,0,0,0,NOT_RECORDED,NOT_RECORDED,NOT_RECORDED,NOT_RECORDED,NULL,NONE_STORED;issuer_search_not_exhaustive,CANONICAL_ACCEPTED;authority_quarter_id_equal;forecast_links_NOT_AUDITED,UNIQUE_ACTIVE_CIK;no_blocker_proven,SHARADAR:e0335160f2e3151d6e788e1159f055d7a31a30a65b29ad4727fa8d0a3fbaa6a0:SHARADAR_ARQ_PRIMARY_V1:HIGH,,10-Q|2026-08-07T20:05:45.000Z|0001104659-26-092681|report=2026-06-30|items=,1,0,0,0,,https://www.sec.gov/Archives/edgar/data/812796/000110465926092681/sngx-20260630x10q.htm,NOT_RECORDED_PER_REQUEST,2026-10-05T16:08:01Z,2026-10-05,publication_drain_20261005T064921Z_43a1e040,INSUFFICIENT_EVIDENCE,NO_MATCHED_PUBLICATION_DOCUMENT_VERIFIED,P2,LIMITED,SEC metadata inspected in the result-period acceptance window; no quarter-specific authoritative release verified. NO_ITEM_2_02_FOUND is not evidence of global publication absence.,Target official issuer release and relevant SEC document/exhibit before deciding coverage gap or evidenced absence; do not blindly retry.,DOMESTIC_OR_OTHER_METADATA_ONLY
WPM,2476,SEC_CIK:0001323404,Wheaton Precious Metals Corp.,2488,124653,0001323404,2026,Q2,88192,2026-06-30,2026-Q2,2026-06-30,2026-08-07,2026-08-07,NOT_FOUND,NOT_RECORDED,2026-10-05T06:51:21Z,NOT_RECORDED,1,2026-10-05T06:51:21Z,NO_ITEM_2_02_FOUND,NO_ITEM_2_02_FOUND,0,0,0,NOT_RECORDED,NOT_RECORDED,NOT_RECORDED,NOT_RECORDED,NULL,NONE_STORED;issuer_search_not_exhaustive,CANONICAL_ACCEPTED;authority_quarter_id_equal;forecast_links_NOT_AUDITED,UNIQUE_ACTIVE_CIK;no_blocker_proven,SHARADAR:bcf3f5d1d508de44b2616d468dc09e5e8d2278227000e3d9a4802ecd52f8ab7d:SHARADAR_ARQ_PRIMARY_V1:HIGH,,6-K|2026-09-01T21:19:04.000Z|0001279569-26-000844|report=2026-09-01|items=;6-K|2026-08-07T00:40:37.000Z|0001279569-26-000756|report=2026-08-06|items=;6-K|2026-08-06T22:47:58.000Z|0001193125-26-338641|report=2026-06-30|items=;6-K|2026-07-06T23:28:43.000Z|0001279569-26-000627|report=2026-07-06|items=,4,0,0,0,,https://www.sec.gov/Archives/edgar/data/1323404/000127956926000844/wheaton6k.htm;https://www.sec.gov/Archives/edgar/data/1323404/000127956926000756/wheaton6k.htm;https://www.sec.gov/Archives/edgar/data/1323404/000119312526338641/d15525d6k.htm,NOT_RECORDED_PER_REQUEST,2026-10-05T16:08:01Z,2026-10-05,publication_drain_20261005T064921Z_43a1e040,INSUFFICIENT_EVIDENCE,FOREIGN_6K_CONTENT_NOT_VERIFIED,P2,LIMITED,"6-K metadata exists in bounded window; V1 does not support 6-K, but metadata alone does not establish a result release for this canonical quarter. Foreign reporting is not proof of absent publication.",Target official issuer release and relevant SEC document/exhibit before deciding coverage gap or evidenced absence; do not blindly retry.,FOREIGN_6K_METADATA_ONLY
ACIW,31,SEC_CIK:0000935036,"ACI WORLDWIDE, INC.",31,197309,0000935036,2026,Q2,1125,2026-06-30,2026-Q2,2026-06-30,2026-08-06,2026-08-06,NOT_FOUND,NOT_RECORDED,2026-10-05T06:50:43Z,NOT_RECORDED,1,2026-10-05T06:50:43Z,NO_ITEM_2_02_FOUND,NO_ITEM_2_02_FOUND,0,0,0,NOT_RECORDED,NOT_RECORDED,NOT_RECORDED,NOT_RECORDED,NULL,NONE_STORED;issuer_search_not_exhaustive,CANONICAL_ACCEPTED;authority_quarter_id_equal;forecast_links_NOT_AUDITED,UNIQUE_ACTIVE_CIK;no_blocker_proven,SHARADAR:9dd5ee0dbbfc8b76d6eefe2c6bf88bc1bddee8a77aa0a6e7d58de054ade82be3:SHARADAR_ARQ_PRIMARY_V1:HIGH,,"10-Q|2026-08-06T14:16:56.000Z|0000935036-26-000028|report=2026-06-30|items=;8-K|2026-08-06T12:04:28.000Z|0000935036-26-000026|report=2026-08-06|items=2.02,7.01,9.01",2,0,3,2,https://www.sec.gov/Archives/edgar/data/935036/000093503626000026/aciw-20260806.htm#sha256=1237eb75263631cc32b1ff734a9d7aedd839ee59b0ec682757fa45050daaefa8;https://www.sec.gov/Archives/edgar/data/935036/000093503626000026/aciw-20260806_exx991.htm#sha256=d207539a09795319eca0f9b6d3dc7f86eb97a3ac3a17f42b463a01b4a863fb02;https://www.sec.gov/Archives/edgar/data/935036/000093503626000026/aciw-20260806_ex992.htm#sha256=5853729a9b836499a76c832aa74b2dbe814e0fe86700a6f143ff86f72daa495c,https://www.sec.gov/Archives/edgar/data/935036/000093503626000026/aciw-20260806.htm;https://www.sec.gov/Archives/edgar/data/935036/000093503626000026/aciw-20260806_exx991.htm;https://www.sec.gov/Archives/edgar/data/935036/000093503626000026/aciw-20260806_ex992.htm;https://www.sec.gov/Archives/edgar/data/935036/000093503626000028/aciw-20260630.htm,NOT_RECORDED_PER_REQUEST,2026-10-05T16:08:01Z,2026-10-05,publication_drain_20261005T064921Z_43a1e040,RESOLVER_COVERAGE_GAP,STRICT_ITEM202_HEADING_REJECTION,P1,HIGH_LIKELY_COVERAGE_GAP,SEC Item 2.02 metadata and quarter-specific official financial results exist; current strict primary heading/form predicate rejects the filing.,"Implement focused future resolver recognition/event-context change with positive and negative fixtures; replay on copy only, preserve hierarchy and conflict handling.",ITEM202_HEADING_VARIANTS
ALDX,98,SEC_CIK:0001341235,"Aldeyra Therapeutics, Inc.",98,187793,0001341235,2026,Q2,3515,2026-06-30,2026-Q2,2026-06-30,2026-08-06,2026-08-06,NOT_FOUND,NOT_RECORDED,2026-10-05T06:50:43Z,NOT_RECORDED,1,2026-10-05T06:50:43Z,NO_ITEM_2_02_FOUND,NO_ITEM_2_02_FOUND,0,0,0,NOT_RECORDED,NOT_RECORDED,NOT_RECORDED,NOT_RECORDED,NULL,NONE_STORED;issuer_search_not_exhaustive,CANONICAL_ACCEPTED;authority_quarter_id_equal;forecast_links_NOT_AUDITED,UNIQUE_ACTIVE_CIK;no_blocker_proven,SHARADAR:aa93da7b2544b9792974d8985573a10ea766dab98eefc8fbfadb1a030d6c0881:SHARADAR_ARQ_PRIMARY_V1:HIGH,,10-Q|2026-08-06T20:02:22.000Z|0001341235-26-000010|report=2026-06-30|items=,1,0,0,0,,https://www.sec.gov/Archives/edgar/data/1341235/000134123526000010/aldx-20260630.htm,NOT_RECORDED_PER_REQUEST,2026-10-05T16:08:01Z,2026-10-05,publication_drain_20261005T064921Z_43a1e040,INSUFFICIENT_EVIDENCE,NO_MATCHED_PUBLICATION_DOCUMENT_VERIFIED,P2,LIMITED,SEC metadata inspected in the result-period acceptance window; no quarter-specific authoritative release verified. NO_ITEM_2_02_FOUND is not evidence of global publication absence.,Target official issuer release and relevant SEC document/exhibit before deciding coverage gap or evidenced absence; do not blindly retry.,DOMESTIC_OR_OTHER_METADATA_ONLY
AQB,183,SEC_CIK:0001603978,AQUABOUNTY TECHNOLOGIES INC,183,124351,0001603978,2026,Q2,6484,2026-06-30,2026-Q2,2026-06-30,2026-08-06,2026-08-06,NOT_FOUND,NOT_RECORDED,2026-10-05T06:50:47Z,NOT_RECORDED,1,2026-10-05T06:50:47Z,NO_ITEM_2_02_FOUND,NO_ITEM_2_02_FOUND,0,0,0,NOT_RECORDED,NOT_RECORDED,NOT_RECORDED,NOT_RECORDED,NULL,NONE_STORED;issuer_search_not_exhaustive,CANONICAL_ACCEPTED;authority_quarter_id_equal;forecast_links_NOT_AUDITED,UNIQUE_ACTIVE_CIK;no_blocker_proven,SHARADAR:1b6437b99169275786238924cf3e9b7289629493a3cf22988518f290c88bf39d:SHARADAR_ARQ_PRIMARY_V1:HIGH,,10-Q|2026-08-06T12:02:33.000Z|0001603978-26-000084|report=2026-06-30|items=,1,0,0,0,,https://www.sec.gov/Archives/edgar/data/1603978/000160397826000084/aqb-20260630x10q.htm,NOT_RECORDED_PER_REQUEST,2026-10-05T16:08:01Z,2026-10-05,publication_drain_20261005T064921Z_43a1e040,INSUFFICIENT_EVIDENCE,NO_MATCHED_PUBLICATION_DOCUMENT_VERIFIED,P2,LIMITED,SEC metadata inspected in the result-period acceptance window; no quarter-specific authoritative release verified. NO_ITEM_2_02_FOUND is not evidence of global publication absence.,Target official issuer release and relevant SEC document/exhibit before deciding coverage gap or evidenced absence; do not blindly retry.,DOMESTIC_OR_OTHER_METADATA_ONLY
ASTI,216,SEC_CIK:0001350102,"Ascent Solar Technologies, Inc.",216,194610,0001350102,2026,Q2,7671,2026-06-30,2026-Q2,2026-06-30,2026-08-06,2026-08-06,NOT_FOUND,NOT_RECORDED,2026-10-05T06:50:48Z,NOT_RECORDED,1,2026-10-05T06:50:48Z,NO_ITEM_2_02_FOUND,NO_ITEM_2_02_FOUND,0,0,0,NOT_RECORDED,NOT_RECORDED,NOT_RECORDED,NOT_RECORDED,NULL,NONE_STORED;issuer_search_not_exhaustive,CANONICAL_ACCEPTED;authority_quarter_id_equal;forecast_links_NOT_AUDITED,UNIQUE_ACTIVE_CIK;no_blocker_proven,SHARADAR:f6233edca043b93cca63471f7438635c6c4ef53d30eff1c70b0007ef4408f075:SHARADAR_ARQ_PRIMARY_V1:HIGH,,10-Q|2026-08-06T20:30:45.000Z|0001193125-26-338219|report=2026-06-30|items=,1,0,0,0,,https://www.sec.gov/Archives/edgar/data/1350102/000119312526338219/asti-20260630.htm,NOT_RECORDED_PER_REQUEST,2026-10-05T16:08:01Z,2026-10-05,publication_drain_20261005T064921Z_43a1e040,INSUFFICIENT_EVIDENCE,NO_MATCHED_PUBLICATION_DOCUMENT_VERIFIED,P2,LIMITED,SEC metadata inspected in the result-period acceptance window; no quarter-specific authoritative release verified. NO_ITEM_2_02_FOUND is not evidence of global publication absence.,Target official issuer release and relevant SEC document/exhibit before deciding coverage gap or evidenced absence; do not blindly retry.,DOMESTIC_OR_OTHER_METADATA_ONLY
CGNX,451,SEC_CIK:0000851205,COGNEX CORP,452,198102,0000851205,2026,Q2,15829,2026-07-05,2026-Q2,2026-07-05,2026-08-06,2026-08-06,NOT_FOUND,NOT_RECORDED,2026-10-05T06:50:52Z,NOT_RECORDED,1,2026-10-05T06:50:52Z,NO_ITEM_2_02_FOUND,NO_ITEM_2_02_FOUND,0,0,0,NOT_RECORDED,NOT_RECORDED,NOT_RECORDED,NOT_RECORDED,NULL,NONE_STORED;issuer_search_not_exhaustive,CANONICAL_ACCEPTED;authority_quarter_id_equal;forecast_links_NOT_AUDITED,UNIQUE_ACTIVE_CIK;no_blocker_proven,SHARADAR:903f941389b8b2fe08086825a43a264e848f43293e8eef3fa1d192a9aa41cb16:SHARADAR_ARQ_PRIMARY_V1:HIGH,,"10-Q|2026-08-06T10:34:18.000Z|0000851205-26-000065|report=2026-07-05|items=;8-K|2026-08-05T20:32:16.000Z|0000851205-26-000061|report=2026-08-05|items=2.02,8.01,9.01",2,0,2,2,https://www.sec.gov/Archives/edgar/data/851205/000085120526000061/cgnx-20260805.htm#sha256=f80cbf3a12fde22dbd1a6d597f1cd396b4394c47b1d2aae5ca552acaa00d3e3e;https://www.sec.gov/Archives/edgar/data/851205/000085120526000061/a07052026-xex991xq22026ear.htm#sha256=da73fddb3819d2b8f941e9be31621be35973c010fa24b184063eaf105f14ce37,https://www.sec.gov/Archives/edgar/data/851205/000085120526000061/cgnx-20260805.htm;https://www.sec.gov/Archives/edgar/data/851205/000085120526000061/a07052026-xex991xq22026ear.htm;https://www.sec.gov/Archives/edgar/data/851205/000085120526000065/cgnx-20260705.htm,NOT_RECORDED_PER_REQUEST,2026-10-05T16:08:01Z,2026-10-05,publication_drain_20261005T064921Z_43a1e040,RESOLVER_COVERAGE_GAP,STRICT_ITEM202_HEADING_REJECTION,P1,HIGH_LIKELY_COVERAGE_GAP,SEC Item 2.02 metadata and quarter-specific official financial results exist; current strict primary heading/form predicate rejects the filing.,"Implement focused future resolver recognition/event-context change with positive and negative fixtures; replay on copy only, preserve hierarchy and conflict handling.",ITEM202_HEADING_VARIANTS
COLD,528,SEC_CIK:0001455863,AMERICOLD REALTY TRUST,529,120881,0001455863,2026,Q2,18633,2026-06-30,2026-Q2,2026-06-30,2026-08-06,2026-08-06,NOT_FOUND,NOT_RECORDED,2026-10-05T06:50:52Z,NOT_RECORDED,1,2026-10-05T06:50:52Z,NO_ITEM_2_02_FOUND,NO_ITEM_2_02_FOUND,0,0,0,NOT_RECORDED,NOT_RECORDED,NOT_RECORDED,NOT_RECORDED,NULL,NONE_STORED;issuer_search_not_exhaustive,CANONICAL_ACCEPTED;authority_quarter_id_equal;forecast_links_NOT_AUDITED,UNIQUE_ACTIVE_CIK;no_blocker_proven,SHARADAR:fabd683367e2f38ded514c180a000aa0f587dabc8519d297bec4b1bd9c2482be:SHARADAR_ARQ_PRIMARY_V1:HIGH,,"10-Q|2026-08-06T20:07:38.000Z|0001628280-26-054283|report=2026-06-30|items=;8-K|2026-08-06T10:44:55.000Z|0001628280-26-053800|report=2026-08-06|items=2.02,7.01,9.01",2,0,2,2,https://www.sec.gov/Archives/edgar/data/1455863/000162828026053800/art-20260806.htm#sha256=e04deb2f1d6d283d37dd3c83024498d092a473e4d7d1296ca29676e9223974b3;https://www.sec.gov/Archives/edgar/data/1455863/000162828026053800/q22026-pressrelease.htm#sha256=bb49380ef8b958588434626e11102b7d68656487121114d81da7df761f82e653,https://www.sec.gov/Archives/edgar/data/1455863/000162828026053800/art-20260806.htm;https://www.sec.gov/Archives/edgar/data/1455863/000162828026053800/q22026-pressrelease.htm;https://www.sec.gov/Archives/edgar/data/1455863/000162828026054283/art-20260630.htm,NOT_RECORDED_PER_REQUEST,2026-10-05T16:08:01Z,2026-10-05,publication_drain_20261005T064921Z_43a1e040,RESOLVER_COVERAGE_GAP,STRICT_ITEM202_HEADING_REJECTION,P1,HIGH_LIKELY_COVERAGE_GAP,SEC Item 2.02 metadata and quarter-specific official financial results exist; current strict primary heading/form predicate rejects the filing.,"Implement focused future resolver recognition/event-context change with positive and negative fixtures; replay on copy only, preserve hierarchy and conflict handling.",ITEM202_HEADING_VARIANTS
DAN,636,SEC_CIK:0000026780,DANA Inc,637,199797,0000026780,2026,Q2,22525,2026-06-30,2026-Q2,2026-06-30,2026-08-06,2026-08-06,NOT_FOUND,NOT_RECORDED,2026-10-05T06:50:53Z,NOT_RECORDED,1,2026-10-05T06:50:53Z,NO_ITEM_2_02_FOUND,NO_ITEM_2_02_FOUND,0,0,0,NOT_RECORDED,NOT_RECORDED,NOT_RECORDED,NOT_RECORDED,NULL,NONE_STORED;issuer_search_not_exhaustive,CANONICAL_ACCEPTED;authority_quarter_id_equal;forecast_links_NOT_AUDITED,UNIQUE_ACTIVE_CIK;no_blocker_proven,SHARADAR:7a54d109cd4f27fad876c2705c1c0c237036def1376ff5771e4481c7c2184444:SHARADAR_ARQ_PRIMARY_V1:HIGH,,"10-Q|2026-08-06T16:12:40.000Z|0001437749-26-026123|report=2026-06-30|items=;8-K|2026-08-06T11:00:22.000Z|0001193125-26-336664|report=2026-08-06|items=2.02,7.01,9.01",2,0,2,2,https://www.sec.gov/Archives/edgar/data/26780/000119312526336664/d125905d8k.htm#sha256=57b2fc8a9839e8531ecc8b12eef151f44f0330c4d7337c301f1e6667c2a31d76;https://www.sec.gov/Archives/edgar/data/26780/000119312526336664/d125905dex991.htm#sha256=e6a6b4ffb61c589625951fc9cfadc9f32c9fd17767de0006b61f3ef94b47b370,https://www.sec.gov/Archives/edgar/data/26780/000119312526336664/d125905d8k.htm;https://www.sec.gov/Archives/edgar/data/26780/000119312526336664/d125905dex991.htm;https://www.sec.gov/Archives/edgar/data/26780/000143774926026123/dan20260630_10q.htm,NOT_RECORDED_PER_REQUEST,2026-10-05T16:08:01Z,2026-10-05,publication_drain_20261005T064921Z_43a1e040,RESOLVER_COVERAGE_GAP,STRICT_ITEM202_HEADING_REJECTION,P1,HIGH_LIKELY_COVERAGE_GAP,SEC Item 2.02 metadata and quarter-specific official financial results exist; current strict primary heading/form predicate rejects the filing.,"Implement focused future resolver recognition/event-context change with positive and negative fixtures; replay on copy only, preserve hierarchy and conflict handling.",ITEM202_HEADING_VARIANTS
DOCS,697,SEC_CIK:0001516513,"Doximity, Inc.",698,635528,0001516513,2027,Q1,24638,2026-06-30,2027-Q1,2026-06-30,2026-08-06,2026-08-06,NOT_FOUND,NOT_RECORDED,2026-10-05T06:50:55Z,NOT_RECORDED,1,2026-10-05T06:50:55Z,NO_ITEM_2_02_FOUND,NO_ITEM_2_02_FOUND,0,0,0,NOT_RECORDED,NOT_RECORDED,NOT_RECORDED,NOT_RECORDED,NULL,NONE_STORED;issuer_search_not_exhaustive,CANONICAL_ACCEPTED;authority_quarter_id_equal;forecast_links_NOT_AUDITED,UNIQUE_ACTIVE_CIK;no_blocker_proven,SHARADAR:6626c6353943acdbca634e49ec9f7f95c8ba0ce80cc2eb371252c59bbc010d15:SHARADAR_ARQ_PRIMARY_V1:HIGH,,"10-Q|2026-08-06T20:12:21.000Z|0001516513-26-000040|report=2026-06-30|items=;8-K|2026-08-06T20:04:42.000Z|0001516513-26-000038|report=2026-08-06|items=2.02,9.01",2,0,2,2,https://www.sec.gov/Archives/edgar/data/1516513/000151651326000038/docs-20260806.htm#sha256=de0cea72ef61ea2260689621aa0873e795a47d0974ae3711ee11ff42972256b7;https://www.sec.gov/Archives/edgar/data/1516513/000151651326000038/doximity-2026630xex991.htm#sha256=2da80bfefc5bdf3ffdcbd1b3f7f775421170379c24cb7a4555a9505c874fdf69,https://www.sec.gov/Archives/edgar/data/1516513/000151651326000038/docs-20260806.htm;https://www.sec.gov/Archives/edgar/data/1516513/000151651326000038/doximity-2026630xex991.htm;https://www.sec.gov/Archives/edgar/data/1516513/000151651326000040/docs-20260630.htm,NOT_RECORDED_PER_REQUEST,2026-10-05T16:08:01Z,2026-10-05,publication_drain_20261005T064921Z_43a1e040,RESOLVER_COVERAGE_GAP,STRICT_ITEM202_HEADING_REJECTION,P1,HIGH_LIKELY_COVERAGE_GAP,SEC Item 2.02 metadata and quarter-specific official financial results exist; current strict primary heading/form predicate rejects the filing.,"Implement focused future resolver recognition/event-context change with positive and negative fixtures; replay on copy only, preserve hierarchy and conflict handling.",ITEM202_HEADING_VARIANTS
ERNA,791,SEC_CIK:0000748592,Ernexa Therapeutics Inc.,792,198670,0000748592,2026,Q2,27991,2026-06-30,2026-Q2,2026-06-30,2026-08-06,2026-08-06,NOT_FOUND,NOT_RECORDED,2026-10-05T06:50:55Z,NOT_RECORDED,1,2026-10-05T06:50:55Z,NO_ITEM_2_02_FOUND,NO_ITEM_2_02_FOUND,0,0,0,NOT_RECORDED,NOT_RECORDED,NOT_RECORDED,NOT_RECORDED,NULL,NONE_STORED;issuer_search_not_exhaustive,CANONICAL_ACCEPTED;authority_quarter_id_equal;forecast_links_NOT_AUDITED,UNIQUE_ACTIVE_CIK;no_blocker_proven,SHARADAR:2e635cc6faa18e293a23753d32288345438a1edadd09a7b49c55dd45cdb693a4:SHARADAR_ARQ_PRIMARY_V1:HIGH,,10-Q|2026-08-06T21:31:09.000Z|0001493152-26-036424|report=2026-06-30|items=,1,0,0,0,,https://www.sec.gov/Archives/edgar/data/748592/000149315226036424/form10-q.htm,NOT_RECORDED_PER_REQUEST,2026-10-05T16:08:01Z,2026-10-05,publication_drain_20261005T064921Z_43a1e040,INSUFFICIENT_EVIDENCE,NO_MATCHED_PUBLICATION_DOCUMENT_VERIFIED,P2,LIMITED,SEC metadata inspected in the result-period acceptance window; no quarter-specific authoritative release verified. NO_ITEM_2_02_FOUND is not evidence of global publication absence.,Target official issuer release and relevant SEC document/exhibit before deciding coverage gap or evidenced absence; do not blindly retry.,DOMESTIC_OR_OTHER_METADATA_ONLY
FOUR,885,SEC_CIK:0001794669,"Shift4 Payments, Inc.",886,631225,0001794669,2026,Q2,31390,2026-06-30,2026-Q2,2026-06-30,2026-08-06,2026-08-06,NOT_FOUND,NOT_RECORDED,2026-10-05T06:50:56Z,NOT_RECORDED,1,2026-10-05T06:50:56Z,NO_ITEM_2_02_FOUND,NO_ITEM_2_02_FOUND,0,0,0,NOT_RECORDED,NOT_RECORDED,NOT_RECORDED,NOT_RECORDED,NULL,NONE_STORED;issuer_search_not_exhaustive,CANONICAL_ACCEPTED;authority_quarter_id_equal;forecast_links_NOT_AUDITED,UNIQUE_ACTIVE_CIK;no_blocker_proven,SHARADAR:b3304d082d6f974dc0e039a95c3d0dca6e160c28e475cd3659355f0bb9140332:SHARADAR_ARQ_PRIMARY_V1:HIGH,,"10-Q|2026-08-06T20:13:49.000Z|0001794669-26-000045|report=2026-06-30|items=;8-K|2026-08-06T11:06:12.000Z|0001794669-26-000042|report=2026-08-06|items=2.02,9.01",2,0,2,2,https://www.sec.gov/Archives/edgar/data/1794669/000179466926000042/four-20260806.htm#sha256=2f67c011f4efd8f1bec4eebbe334d7baaa19d8a228a6bc40843b35828dfa1a0c;https://www.sec.gov/Archives/edgar/data/1794669/000179466926000042/ex991q2.htm#sha256=d3cff7a138a5856188cb71b9b55a40524924d0fd289dfc297f67ca56fa50adac,https://www.sec.gov/Archives/edgar/data/1794669/000179466926000042/four-20260806.htm;https://www.sec.gov/Archives/edgar/data/1794669/000179466926000042/ex991q2.htm;https://www.sec.gov/Archives/edgar/data/1794669/000179466926000045/four-20260630.htm,NOT_RECORDED_PER_REQUEST,2026-10-05T16:08:01Z,2026-10-05,publication_drain_20261005T064921Z_43a1e040,RESOLVER_COVERAGE_GAP,STRICT_ITEM202_HEADING_REJECTION,P1,HIGH_LIKELY_COVERAGE_GAP,SEC Item 2.02 metadata and quarter-specific official financial results exist; current strict primary heading/form predicate rejects the filing.,"Implement focused future resolver recognition/event-context change with positive and negative fixtures; replay on copy only, preserve hierarchy and conflict handling.",ITEM202_HEADING_VARIANTS
INMB,1134,SEC_CIK:0001711754,"Inmune Bio, Inc.",1138,111625,0001711754,2026,Q2,40227,2026-06-30,2026-Q2,2026-06-30,2026-08-06,2026-08-06,NOT_FOUND,NOT_RECORDED,2026-10-05T06:51:00Z,NOT_RECORDED,1,2026-10-05T06:51:00Z,NO_ITEM_2_02_FOUND,NO_ITEM_2_02_FOUND,0,0,0,NOT_RECORDED,NOT_RECORDED,NOT_RECORDED,NOT_RECORDED,NULL,NONE_STORED;issuer_search_not_exhaustive,CANONICAL_ACCEPTED;authority_quarter_id_equal;forecast_links_NOT_AUDITED,UNIQUE_ACTIVE_CIK;no_blocker_proven,SHARADAR:87b12336d0855f03f495a8ed27b10722f7d12e9f8b1a488f29b31f7100ee57c7:SHARADAR_ARQ_PRIMARY_V1:HIGH,,"10-Q|2026-08-06T20:07:46.000Z|0001213900-26-086135|report=2026-06-30|items=;8-K|2026-07-01T11:16:22.000Z|0001213900-26-073983|report=2026-06-30|items=1.01,9.01",2,0,0,0,,https://www.sec.gov/Archives/edgar/data/1711754/000121390026086135/ea0298894-10q_inmune.htm;https://www.sec.gov/Archives/edgar/data/1711754/000121390026073983/ea0296624-8k_inmune.htm,NOT_RECORDED_PER_REQUEST,2026-10-05T16:08:01Z,2026-10-05,publication_drain_20261005T064921Z_43a1e040,INSUFFICIENT_EVIDENCE,NO_MATCHED_PUBLICATION_DOCUMENT_VERIFIED,P2,LIMITED,SEC metadata inspected in the result-period acceptance window; no quarter-specific authoritative release verified. NO_ITEM_2_02_FOUND is not evidence of global publication absence.,Target official issuer release and relevant SEC document/exhibit before deciding coverage gap or evidenced absence; do not blindly retry.,DOMESTIC_OR_OTHER_METADATA_ONLY
LLYVA,1307,SEC_CIK:0002078416,"Liberty Live Holdings, Inc.",1314;1315,640300;640301,0002078416,2026,Q2,46495,2026-06-30,2026-Q2,2026-06-30,2026-08-06,2026-08-06,NOT_FOUND,NOT_RECORDED,2026-10-05T06:51:01Z,NOT_RECORDED,1,2026-10-05T06:51:01Z,NO_ITEM_2_02_FOUND,NO_ITEM_2_02_FOUND,0,0,0,NOT_RECORDED,NOT_RECORDED,NOT_RECORDED,NOT_RECORDED,NULL,NONE_STORED;issuer_search_not_exhaustive,CANONICAL_ACCEPTED;authority_quarter_id_equal;forecast_links_NOT_AUDITED,MULTI_CLASS_ACTIVE_SECURITIES;unique_CIK;not_proven_resolution_blocker,SHARADAR:e73347c8e13e6454e9be003e0a9e2cfa76cfc2381365f396e662e81bc85786d3:SHARADAR_ARQ_PRIMARY_V1:HIGH,,10-Q|2026-08-06T20:15:11.000Z|0001104659-26-092020|report=2026-06-30|items=,1,0,0,0,,https://www.sec.gov/Archives/edgar/data/2078416/000110465926092020/tmb-20260630x10q.htm,NOT_RECORDED_PER_REQUEST,2026-10-05T16:08:01Z,2026-10-05,publication_drain_20261005T064921Z_43a1e040,INSUFFICIENT_EVIDENCE,NO_MATCHED_PUBLICATION_DOCUMENT_VERIFIED,P2,LIMITED,SEC metadata inspected in the result-period acceptance window; no quarter-specific authoritative release verified. NO_ITEM_2_02_FOUND is not evidence of global publication absence.,Target official issuer release and relevant SEC document/exhibit before deciding coverage gap or evidenced absence; do not blindly retry.,DOMESTIC_OR_OTHER_METADATA_ONLY
LXRX,1353,SEC_CIK:0001062822,"LEXICON PHARMACEUTICALS, INC.",1361,196567,0001062822,2026,Q2,48142,2026-06-30,2026-Q2,2026-06-30,2026-08-06,2026-08-06,NOT_FOUND,NOT_RECORDED,2026-10-05T06:51:02Z,NOT_RECORDED,1,2026-10-05T06:51:02Z,NO_ITEM_2_02_FOUND,NO_ITEM_2_02_FOUND,0,0,0,NOT_RECORDED,NOT_RECORDED,NOT_RECORDED,NOT_RECORDED,NULL,NONE_STORED;issuer_search_not_exhaustive,CANONICAL_ACCEPTED;authority_quarter_id_equal;forecast_links_NOT_AUDITED,UNIQUE_ACTIVE_CIK;no_blocker_proven,SHARADAR:57a6f6c238f22ab07c5d804d1ff93dd9fe6470b99f00da71f538b8a8084c88d2:SHARADAR_ARQ_PRIMARY_V1:HIGH,,"10-Q|2026-08-06T20:05:38.000Z|0001062822-26-000117|report=2026-06-30|items=;8-K|2026-08-06T11:33:24.000Z|0001062822-26-000112|report=2026-08-06|items=2.02,9.01",2,0,2,2,https://www.sec.gov/Archives/edgar/data/1062822/000106282226000112/lxrx-20260806.htm#sha256=1dd7a72c3f2acc0e2182267ed82582943389f286982afd117ec53e070b9edd2e;https://www.sec.gov/Archives/edgar/data/1062822/000106282226000112/pressreleaseearningsq208-0.htm#sha256=9daee7c3491226f9ac2922e262fb6033b997a0b08c7e61a7cbb24f140fca5ecb,https://www.sec.gov/Archives/edgar/data/1062822/000106282226000112/lxrx-20260806.htm;https://www.sec.gov/Archives/edgar/data/1062822/000106282226000112/pressreleaseearningsq208-0.htm;https://www.sec.gov/Archives/edgar/data/1062822/000106282226000117/lxrx-20260630.htm,NOT_RECORDED_PER_REQUEST,2026-10-05T16:08:01Z,2026-10-05,publication_drain_20261005T064921Z_43a1e040,RESOLVER_COVERAGE_GAP,STRICT_ITEM202_HEADING_REJECTION,P1,HIGH_LIKELY_COVERAGE_GAP,SEC Item 2.02 metadata and quarter-specific official financial results exist; current strict primary heading/form predicate rejects the filing.,"Implement focused future resolver recognition/event-context change with positive and negative fixtures; replay on copy only, preserve hierarchy and conflict handling.",ITEM202_HEADING_VARIANTS
NFE,1534,SEC_CIK:0001749723,New Fortress Energy Inc.,1543,111638,0001749723,2026,Q2,54728,2026-06-30,2026-Q2,2026-06-30,2026-08-06,2026-08-06,NOT_FOUND,NOT_RECORDED,2026-10-05T06:51:03Z,NOT_RECORDED,1,2026-10-05T06:51:03Z,NO_ITEM_2_02_FOUND,NO_ITEM_2_02_FOUND,0,0,0,NOT_RECORDED,NOT_RECORDED,NOT_RECORDED,NOT_RECORDED,NULL,NONE_STORED;issuer_search_not_exhaustive,CANONICAL_ACCEPTED;authority_quarter_id_equal;forecast_links_NOT_AUDITED,UNIQUE_ACTIVE_CIK;no_blocker_proven,SHARADAR:5f363516677408551f23ea83d53af54d48179696ee07a619eefbaa3a7afe0716:SHARADAR_ARQ_PRIMARY_V1:HIGH,,10-Q|2026-08-06T20:19:03.000Z|0001749723-26-000106|report=2026-06-30|items=,1,0,0,0,,https://www.sec.gov/Archives/edgar/data/1749723/000174972326000106/nfe-20260630.htm,NOT_RECORDED_PER_REQUEST,2026-10-05T16:08:01Z,2026-10-05,publication_drain_20261005T064921Z_43a1e040,INSUFFICIENT_EVIDENCE,NO_MATCHED_PUBLICATION_DOCUMENT_VERIFIED,P2,LIMITED,SEC metadata inspected in the result-period acceptance window; no quarter-specific authoritative release verified. NO_ITEM_2_02_FOUND is not evidence of global publication absence.,Target official issuer release and relevant SEC document/exhibit before deciding coverage gap or evidenced absence; do not blindly retry.,DOMESTIC_OR_OTHER_METADATA_ONLY
OM,1636,SEC_CIK:0001484612,"Outset Medical, Inc.",1646,631949,0001484612,2026,Q2,58262,2026-06-30,2026-Q2,2026-06-30,2026-08-06,2026-08-06,NOT_FOUND,NOT_RECORDED,2026-10-05T06:51:04Z,NOT_RECORDED,1,2026-10-05T06:51:04Z,NO_ITEM_2_02_FOUND,NO_ITEM_2_02_FOUND,0,0,0,NOT_RECORDED,NOT_RECORDED,NOT_RECORDED,NOT_RECORDED,NULL,NONE_STORED;issuer_search_not_exhaustive,CANONICAL_ACCEPTED;authority_quarter_id_equal;forecast_links_NOT_AUDITED,UNIQUE_ACTIVE_CIK;no_blocker_proven,SHARADAR:08a10b28eec84fdc7b327b1f67ce1ec9533fad9309db591f0b116ea309a63683:SHARADAR_ARQ_PRIMARY_V1:HIGH,,"10-Q|2026-08-06T21:15:37.000Z|0001193125-26-338432|report=2026-06-30|items=;8-K|2026-08-06T20:05:28.000Z|0001193125-26-337953|report=2026-08-06|items=2.02,9.01",2,0,2,2,https://www.sec.gov/Archives/edgar/data/1484612/000119312526337953/om-20260806.htm#sha256=1c19c971da407c07e7b836915d299557eb6814f9e345e6e96b8f8aaacab95261;https://www.sec.gov/Archives/edgar/data/1484612/000119312526337953/om-ex99_1.htm#sha256=9c2f21eabea31f8a63f71a38d8ea7788b761a31fffe3aaa69202b536a87799c8,https://www.sec.gov/Archives/edgar/data/1484612/000119312526337953/om-20260806.htm;https://www.sec.gov/Archives/edgar/data/1484612/000119312526337953/om-ex99_1.htm;https://www.sec.gov/Archives/edgar/data/1484612/000119312526338432/om-20260630.htm,NOT_RECORDED_PER_REQUEST,2026-10-05T16:08:01Z,2026-10-05,publication_drain_20261005T064921Z_43a1e040,RESOLVER_COVERAGE_GAP,STRICT_ITEM202_HEADING_REJECTION,P1,HIGH_LIKELY_COVERAGE_GAP,SEC Item 2.02 metadata and quarter-specific official financial results exist; current strict primary heading/form predicate rejects the filing.,"Implement focused future resolver recognition/event-context change with positive and negative fixtures; replay on copy only, preserve hierarchy and conflict handling.",ITEM202_HEADING_VARIANTS
PSIX,1802,SEC_CIK:0001137091,"POWER SOLUTIONS INTERNATIONAL, INC.",1812,195847,0001137091,2026,Q2,64229,2026-06-30,2026-Q2,2026-06-30,2026-08-06,2026-08-06,NOT_FOUND,NOT_RECORDED,2026-10-05T06:51:08Z,NOT_RECORDED,1,2026-10-05T06:51:08Z,NO_ITEM_2_02_FOUND,NO_ITEM_2_02_FOUND,0,0,0,NOT_RECORDED,NOT_RECORDED,NOT_RECORDED,NOT_RECORDED,NULL,NONE_STORED;issuer_search_not_exhaustive,CANONICAL_ACCEPTED;authority_quarter_id_equal;forecast_links_NOT_AUDITED,UNIQUE_ACTIVE_CIK;no_blocker_proven,SHARADAR:ec517935d8efda8dde9b0029612e3c71fb6b3ab6180cb3608320f7a4d22e365f:SHARADAR_ARQ_PRIMARY_V1:HIGH,,"8-K|2026-08-06T20:17:21.000Z|0001628280-26-054346|report=2026-08-06|items=2.02,9.01;10-Q|2026-08-06T20:14:26.000Z|0001628280-26-054328|report=2026-06-30|items=",2,0,2,2,https://www.sec.gov/Archives/edgar/data/1137091/000162828026054346/psix-20260806.htm#sha256=f4b00316c205ef35fece75061129900c3dece20c37a55e80a2f37a05a595c963;https://www.sec.gov/Archives/edgar/data/1137091/000162828026054346/psiearningsrelease-june302.htm#sha256=25e02d2bdcec6ed237d3411ba1db1a24d8f23b1a54fd159268bfbea8749054a6,https://www.sec.gov/Archives/edgar/data/1137091/000162828026054346/psix-20260806.htm;https://www.sec.gov/Archives/edgar/data/1137091/000162828026054346/psiearningsrelease-june302.htm;https://www.sec.gov/Archives/edgar/data/1137091/000162828026054328/psix-20260630.htm,NOT_RECORDED_PER_REQUEST,2026-10-05T16:08:01Z,2026-10-05,publication_drain_20261005T064921Z_43a1e040,RESOLVER_COVERAGE_GAP,STRICT_ITEM202_HEADING_REJECTION,P1,HIGH_LIKELY_COVERAGE_GAP,SEC Item 2.02 metadata and quarter-specific official financial results exist; current strict primary heading/form predicate rejects the filing.,"Implement focused future resolver recognition/event-context change with positive and negative fixtures; replay on copy only, preserve hierarchy and conflict handling.",ITEM202_HEADING_VARIANTS
RDW,1861,SEC_CIK:0001819810,Redwire Corp,1871,632652,0001819810,2026,Q2,66343,2026-06-30,2026-Q2,2026-06-30,2026-08-06,2026-08-06,NOT_FOUND,NOT_RECORDED,2026-10-05T06:51:09Z,NOT_RECORDED,1,2026-10-05T06:51:09Z,NO_ITEM_2_02_FOUND,NO_ITEM_2_02_FOUND,0,0,0,NOT_RECORDED,NOT_RECORDED,NOT_RECORDED,NOT_RECORDED,NULL,NONE_STORED;issuer_search_not_exhaustive,CANONICAL_ACCEPTED;authority_quarter_id_equal;forecast_links_NOT_AUDITED,UNIQUE_ACTIVE_CIK;no_blocker_proven,SHARADAR:68487ce8e50d928542d38f71c45c166cd324c75d06d904ce2d594790770d8d35:SHARADAR_ARQ_PRIMARY_V1:HIGH,,"10-Q|2026-08-06T20:15:15.000Z|0001819810-26-000124|report=2026-06-30|items=;8-K|2026-08-05T20:28:41.000Z|0001819810-26-000121|report=2026-08-05|items=2.02,9.01;8-K|2026-07-01T20:21:36.000Z|0001819810-26-000084|report=2026-06-30|items=1.01,2.03,9.01",3,0,2,2,https://www.sec.gov/Archives/edgar/data/1819810/000181981026000121/rdw-20260805.htm#sha256=ef6991e0ebf94745cead566b22beab261532f96771883c4146843e4f7a13b543;https://www.sec.gov/Archives/edgar/data/1819810/000181981026000121/exhibit991redwire06302026e.htm#sha256=65d613962478df5bbd466dd6b5f487fa7d32abfec9b1af624daff7a7168ec17f,https://www.sec.gov/Archives/edgar/data/1819810/000181981026000121/rdw-20260805.htm;https://www.sec.gov/Archives/edgar/data/1819810/000181981026000121/exhibit991redwire06302026e.htm;https://www.sec.gov/Archives/edgar/data/1819810/000181981026000124/rdw-20260630.htm;https://www.sec.gov/Archives/edgar/data/1819810/000181981026000084/rdw-20260630.htm,NOT_RECORDED_PER_REQUEST,2026-10-05T16:08:01Z,2026-10-05,publication_drain_20261005T064921Z_43a1e040,RESOLVER_COVERAGE_GAP,STRICT_ITEM202_HEADING_REJECTION,P1,HIGH_LIKELY_COVERAGE_GAP,SEC Item 2.02 metadata and quarter-specific official financial results exist; current strict primary heading/form predicate rejects the filing.,"Implement focused future resolver recognition/event-context change with positive and negative fixtures; replay on copy only, preserve hierarchy and conflict handling.",ITEM202_HEADING_VARIANTS
SABS,1945,SEC_CIK:0001833214,"SAB Biotherapeutics, Inc.",1955,632936,0001833214,2026,Q2,69279,2026-06-30,2026-Q2,2026-06-30,2026-08-06,2026-08-06,NOT_FOUND,NOT_RECORDED,2026-10-05T06:51:12Z,NOT_RECORDED,1,2026-10-05T06:51:12Z,NO_ITEM_2_02_FOUND,NO_ITEM_2_02_FOUND,0,0,0,NOT_RECORDED,NOT_RECORDED,NOT_RECORDED,NOT_RECORDED,NULL,NONE_STORED;issuer_search_not_exhaustive,CANONICAL_ACCEPTED;authority_quarter_id_equal;forecast_links_NOT_AUDITED,UNIQUE_ACTIVE_CIK;no_blocker_proven,SHARADAR:587d014a6422d2c67a8769cbe225142d5ed5625cd6fa88e43e086c74c263bfae:SHARADAR_ARQ_PRIMARY_V1:HIGH,,10-Q|2026-08-06T11:56:38.000Z|0001193125-26-336783|report=2026-06-30|items=,1,0,0,0,,https://www.sec.gov/Archives/edgar/data/1833214/000119312526336783/sabs-20260630.htm,NOT_RECORDED_PER_REQUEST,2026-10-05T16:08:01Z,2026-10-05,publication_drain_20261005T064921Z_43a1e040,INSUFFICIENT_EVIDENCE,NO_MATCHED_PUBLICATION_DOCUMENT_VERIFIED,P2,LIMITED,SEC metadata inspected in the result-period acceptance window; no quarter-specific authoritative release verified. NO_ITEM_2_02_FOUND is not evidence of global publication absence.,Target official issuer release and relevant SEC document/exhibit before deciding coverage gap or evidenced absence; do not blindly retry.,DOMESTIC_OR_OTHER_METADATA_ONLY
SD,1967,SEC_CIK:0001349436,SANDRIDGE ENERGY INC,1977,123542,0001349436,2026,Q2,70101,2026-06-30,2026-Q2,2026-06-30,2026-08-06,2026-08-06,NOT_FOUND,NOT_RECORDED,2026-10-05T06:51:13Z,NOT_RECORDED,1,2026-10-05T06:51:13Z,NO_ITEM_2_02_FOUND,NO_ITEM_2_02_FOUND,0,0,0,NOT_RECORDED,NOT_RECORDED,NOT_RECORDED,NOT_RECORDED,NULL,NONE_STORED;issuer_search_not_exhaustive,CANONICAL_ACCEPTED;authority_quarter_id_equal;forecast_links_NOT_AUDITED,UNIQUE_ACTIVE_CIK;no_blocker_proven,SHARADAR:55b48097e7a01e5cf2554d742169de8bd6b9b465ae78917675ce2346dfa57a22:SHARADAR_ARQ_PRIMARY_V1:HIGH,,"10-Q|2026-08-06T20:45:54.000Z|0001628280-26-054413|report=2026-06-30|items=;8-K|2026-08-05T21:24:23.000Z|0001628280-26-053557|report=2026-08-04|items=2.02,8.01,9.01",2,0,2,2,https://www.sec.gov/Archives/edgar/data/1349436/000162828026053557/sd-20260804.htm#sha256=10695721db0294e7b93005cf70cc581b0f7cb331ed66876823fd63576f698def;https://www.sec.gov/Archives/edgar/data/1349436/000162828026053557/sd6302026-ex991earningsrel.htm#sha256=18a2b4096d333e429a0407c0673b6c7fed04b6e0fb41bdfc634ca05fb1f87eb0,https://www.sec.gov/Archives/edgar/data/1349436/000162828026053557/sd-20260804.htm;https://www.sec.gov/Archives/edgar/data/1349436/000162828026053557/sd6302026-ex991earningsrel.htm;https://www.sec.gov/Archives/edgar/data/1349436/000162828026054413/sd-20260630.htm,NOT_RECORDED_PER_REQUEST,2026-10-05T16:08:01Z,2026-10-05,publication_drain_20261005T064921Z_43a1e040,RESOLVER_COVERAGE_GAP,STRICT_ITEM202_HEADING_REJECTION,P1,HIGH_LIKELY_COVERAGE_GAP,SEC Item 2.02 metadata and quarter-specific official financial results exist; current strict primary heading/form predicate rejects the filing.,"Implement focused future resolver recognition/event-context change with positive and negative fixtures; replay on copy only, preserve hierarchy and conflict handling.",ITEM202_HEADING_VARIANTS
SLDB,2016,SEC_CIK:0001707502,Solid Biosciences Inc.,2026,120797,0001707502,2026,Q2,71721,2026-06-30,2026-Q2,2026-06-30,2026-08-06,2026-08-06,NOT_FOUND,NOT_RECORDED,2026-10-05T06:51:14Z,NOT_RECORDED,1,2026-10-05T06:51:14Z,NO_ITEM_2_02_FOUND,NO_ITEM_2_02_FOUND,0,0,0,NOT_RECORDED,NOT_RECORDED,NOT_RECORDED,NOT_RECORDED,NULL,NONE_STORED;issuer_search_not_exhaustive,CANONICAL_ACCEPTED;authority_quarter_id_equal;forecast_links_NOT_AUDITED,UNIQUE_ACTIVE_CIK;no_blocker_proven,SHARADAR:539290cc9bb38b81dd04b3cddbf606f20b9602ccd85d7185ebb61124ddf18d63:SHARADAR_ARQ_PRIMARY_V1:HIGH,,10-Q|2026-08-06T20:04:10.000Z|0001193125-26-337935|report=2026-06-30|items=,1,0,0,0,,https://www.sec.gov/Archives/edgar/data/1707502/000119312526337935/sldb-20260630.htm,NOT_RECORDED_PER_REQUEST,2026-10-05T16:08:01Z,2026-10-05,publication_drain_20261005T064921Z_43a1e040,INSUFFICIENT_EVIDENCE,NO_MATCHED_PUBLICATION_DOCUMENT_VERIFIED,P2,LIMITED,SEC metadata inspected in the result-period acceptance window; no quarter-specific authoritative release verified. NO_ITEM_2_02_FOUND is not evidence of global publication absence.,Target official issuer release and relevant SEC document/exhibit before deciding coverage gap or evidenced absence; do not blindly retry.,DOMESTIC_OR_OTHER_METADATA_ONLY
SNOA,2042,SEC_CIK:0001367083,"Sonoma Pharmaceuticals, Inc.",2052,194424,0001367083,2027,Q1,72601,2026-06-30,2027-Q1,2026-06-30,2026-08-06,2026-08-06,NOT_FOUND,NOT_RECORDED,2026-10-05T06:51:16Z,NOT_RECORDED,1,2026-10-05T06:51:16Z,NO_ITEM_2_02_FOUND,NO_ITEM_2_02_FOUND,0,0,0,NOT_RECORDED,NOT_RECORDED,NOT_RECORDED,NOT_RECORDED,NULL,NONE_STORED;issuer_search_not_exhaustive,CANONICAL_ACCEPTED;authority_quarter_id_equal;forecast_links_NOT_AUDITED,UNIQUE_ACTIVE_CIK;no_blocker_proven,SHARADAR:b63519f3cef76fac8afe9f355155c54a966d0480459efefef09271ebd680d4ac:SHARADAR_ARQ_PRIMARY_V1:HIGH,,10-Q|2026-08-06T12:30:42.000Z|0001683168-26-006024|report=2026-06-30|items=,1,0,0,0,,https://www.sec.gov/Archives/edgar/data/1367083/000168316826006024/sonoma_i10q-063026.htm,NOT_RECORDED_PER_REQUEST,2026-10-05T16:08:01Z,2026-10-05,publication_drain_20261005T064921Z_43a1e040,INSUFFICIENT_EVIDENCE,NO_MATCHED_PUBLICATION_DOCUMENT_VERIFIED,P2,LIMITED,SEC metadata inspected in the result-period acceptance window; no quarter-specific authoritative release verified. NO_ITEM_2_02_FOUND is not evidence of global publication absence.,Target official issuer release and relevant SEC document/exhibit before deciding coverage gap or evidenced absence; do not blindly retry.,DOMESTIC_OR_OTHER_METADATA_ONLY
SVV,2108,SEC_CIK:0001883313,"Savers Value Village, Inc.",2118,640183,0001883313,2026,Q2,74953,2026-07-04,2026-Q2,2026-07-04,2026-08-06,2026-08-06,NOT_FOUND,NOT_RECORDED,2026-10-05T06:51:17Z,NOT_RECORDED,1,2026-10-05T06:51:17Z,NO_ITEM_2_02_FOUND,NO_ITEM_2_02_FOUND,0,0,0,NOT_RECORDED,NOT_RECORDED,NOT_RECORDED,NOT_RECORDED,NULL,NONE_STORED;issuer_search_not_exhaustive,CANONICAL_ACCEPTED;authority_quarter_id_equal;forecast_links_NOT_AUDITED,UNIQUE_ACTIVE_CIK;no_blocker_proven,SHARADAR:8557267184d5711fb2dab388ab2875c193930892aa9a72756047318e1c205a4c:SHARADAR_ARQ_PRIMARY_V1:HIGH,,"10-Q|2026-08-06T21:30:21.000Z|0001883313-26-000060|report=2026-07-04|items=;8-K|2026-08-06T20:08:27.000Z|0001883313-26-000059|report=2026-08-06|items=2.02,8.01,9.01",2,0,2,2,https://www.sec.gov/Archives/edgar/data/1883313/000188331326000059/svv-20260806.htm#sha256=9707c01e696b416a4fc95c75979c1b980b350856b358f36a0f6e0894b5fedb4f;https://www.sec.gov/Archives/edgar/data/1883313/000188331326000059/pressreleaseex991_q2fy26xa.htm#sha256=42dedadd148a08eaf7462c64623703569a32694fb9f5ac2a8055746dbc6ba02e,https://www.sec.gov/Archives/edgar/data/1883313/000188331326000059/svv-20260806.htm;https://www.sec.gov/Archives/edgar/data/1883313/000188331326000059/pressreleaseex991_q2fy26xa.htm;https://www.sec.gov/Archives/edgar/data/1883313/000188331326000060/svv-20260704.htm,NOT_RECORDED_PER_REQUEST,2026-10-05T16:08:01Z,2026-10-05,publication_drain_20261005T064921Z_43a1e040,RESOLVER_COVERAGE_GAP,STRICT_ITEM202_HEADING_REJECTION,P1,HIGH_LIKELY_COVERAGE_GAP,SEC Item 2.02 metadata and quarter-specific official financial results exist; current strict primary heading/form predicate rejects the filing.,"Implement focused future resolver recognition/event-context change with positive and negative fixtures; replay on copy only, preserve hierarchy and conflict handling.",ITEM202_HEADING_VARIANTS
TALK,2124,SEC_CIK:0001803901,"Talkspace, Inc.",2134,631234,0001803901,2026,Q2,75503,2026-06-30,2026-Q2,2026-06-30,2026-08-06,2026-08-06,NOT_FOUND,NOT_RECORDED,2026-10-05T06:51:17Z,NOT_RECORDED,1,2026-10-05T06:51:17Z,NO_ITEM_2_02_FOUND,NO_ITEM_2_02_FOUND,0,0,0,NOT_RECORDED,NOT_RECORDED,NOT_RECORDED,NOT_RECORDED,NULL,NONE_STORED;issuer_search_not_exhaustive,CANONICAL_ACCEPTED;authority_quarter_id_equal;forecast_links_NOT_AUDITED,NO_ACTIVE_SECURITY;provider_identity_retained;not_proven_resolution_blocker,SHARADAR:2e50bc07b41d1d75dd64245ddd019078bd703402592614a94cdf8b11f3ad676e:SHARADAR_ARQ_PRIMARY_V1:HIGH,,10-Q|2026-08-06T20:28:45.000Z|0001193125-26-338193|report=2026-06-30|items=,1,0,0,0,,https://www.sec.gov/Archives/edgar/data/1803901/000119312526338193/talk-20260630.htm,NOT_RECORDED_PER_REQUEST,2026-10-05T16:08:01Z,2026-10-05,publication_drain_20261005T064921Z_43a1e040,INSUFFICIENT_EVIDENCE,NO_MATCHED_PUBLICATION_DOCUMENT_VERIFIED,P2,LIMITED,SEC metadata inspected in the result-period acceptance window; no quarter-specific authoritative release verified. NO_ITEM_2_02_FOUND is not evidence of global publication absence.,Target official issuer release and relevant SEC document/exhibit before deciding coverage gap or evidenced absence; do not blindly retry.,DOMESTIC_OR_OTHER_METADATA_ONLY
TBCH,2131,SEC_CIK:0001493761,Turtle Beach Corp,2141,124740,0001493761,2026,Q2,75733,2026-06-30,2026-Q2,2026-06-30,2026-08-06,2026-08-06,NOT_FOUND,NOT_RECORDED,2026-10-05T06:51:18Z,NOT_RECORDED,1,2026-10-05T06:51:18Z,NO_ITEM_2_02_FOUND,NO_ITEM_2_02_FOUND,0,0,0,NOT_RECORDED,NOT_RECORDED,NOT_RECORDED,NOT_RECORDED,NULL,NONE_STORED;issuer_search_not_exhaustive,CANONICAL_ACCEPTED;authority_quarter_id_equal;forecast_links_NOT_AUDITED,UNIQUE_ACTIVE_CIK;no_blocker_proven,SHARADAR:72769d32046d12e3b7a175db20f5f6859d3171d1de7abeb7e4da7ec5fdfc0865:SHARADAR_ARQ_PRIMARY_V1:HIGH,,"10-Q|2026-08-06T21:00:47.000Z|0001193125-26-338384|report=2026-06-30|items=;8-K|2026-08-06T20:15:24.000Z|0001193125-26-338051|report=2026-08-06|items=2.02,9.01",2,0,2,2,https://www.sec.gov/Archives/edgar/data/1493761/000119312526338051/tbch-20260806.htm#sha256=7ef456a62fab051d72e6a72514dd3338117a877d065fd2767e51b3a0fbbb01ff;https://www.sec.gov/Archives/edgar/data/1493761/000119312526338051/tbch-ex99_1.htm#sha256=24bbeb0e31a4eb12330007fdc832a47e672c41f60593024108ab2847923fbf4f,https://www.sec.gov/Archives/edgar/data/1493761/000119312526338051/tbch-20260806.htm;https://www.sec.gov/Archives/edgar/data/1493761/000119312526338051/tbch-ex99_1.htm;https://www.sec.gov/Archives/edgar/data/1493761/000119312526338384/tbch-20260630.htm,NOT_RECORDED_PER_REQUEST,2026-10-05T16:08:01Z,2026-10-05,publication_drain_20261005T064921Z_43a1e040,RESOLVER_COVERAGE_GAP,STRICT_ITEM202_HEADING_REJECTION,P1,HIGH_LIKELY_COVERAGE_GAP,SEC Item 2.02 metadata and quarter-specific official financial results exist; current strict primary heading/form predicate rejects the filing.,"Implement focused future resolver recognition/event-context change with positive and negative fixtures; replay on copy only, preserve hierarchy and conflict handling.",ITEM202_HEADING_VARIANTS
VEEE,2294,SEC_CIK:0001855509,"Twin Vee PowerCats, Co.",2305,635805,0001855509,2026,Q2,81606,2026-06-30,2026-Q2,2026-06-30,2026-08-06,2026-08-06,NOT_FOUND,NOT_RECORDED,2026-10-05T06:51:19Z,NOT_RECORDED,1,2026-10-05T06:51:19Z,NO_ITEM_2_02_FOUND,NO_ITEM_2_02_FOUND,0,0,0,NOT_RECORDED,NOT_RECORDED,NOT_RECORDED,NOT_RECORDED,NULL,NONE_STORED;issuer_search_not_exhaustive,CANONICAL_ACCEPTED;authority_quarter_id_equal;forecast_links_NOT_AUDITED,UNIQUE_ACTIVE_CIK;no_blocker_proven,SHARADAR:671941e691b21b4ed23137dbf282ff6ed84d425d3239c4f1f8561b6d11819241:SHARADAR_ARQ_PRIMARY_V1:HIGH,,10-Q|2026-08-06T12:02:41.000Z|0001731122-26-001024|report=2026-06-30|items=,1,0,0,0,,https://www.sec.gov/Archives/edgar/data/1855509/000173112226001024/e7829_10q.htm,NOT_RECORDED_PER_REQUEST,2026-10-05T16:08:01Z,2026-10-05,publication_drain_20261005T064921Z_43a1e040,INSUFFICIENT_EVIDENCE,NO_MATCHED_PUBLICATION_DOCUMENT_VERIFIED,P2,LIMITED,SEC metadata inspected in the result-period acceptance window; no quarter-specific authoritative release verified. NO_ITEM_2_02_FOUND is not evidence of global publication absence.,Target official issuer release and relevant SEC document/exhibit before deciding coverage gap or evidenced absence; do not blindly retry.,DOMESTIC_OR_OTHER_METADATA_ONLY
XFOR,2414,SEC_CIK:0001501697,"X4 Pharmaceuticals, Inc",2425,121738,0001501697,2026,Q2,86071,2026-06-30,2026-Q2,2026-06-30,2026-08-06,2026-08-06,NOT_FOUND,NOT_RECORDED,2026-10-05T06:51:20Z,NOT_RECORDED,1,2026-10-05T06:51:20Z,NO_ITEM_2_02_FOUND,NO_ITEM_2_02_FOUND,0,0,0,NOT_RECORDED,NOT_RECORDED,NOT_RECORDED,NOT_RECORDED,NULL,NONE_STORED;issuer_search_not_exhaustive,CANONICAL_ACCEPTED;authority_quarter_id_equal;forecast_links_NOT_AUDITED,UNIQUE_ACTIVE_CIK;no_blocker_proven,SHARADAR:4db53c5280dc68f9a4350ef993da6a17b1df39101e61d8ca14ef69b79223c79a:SHARADAR_ARQ_PRIMARY_V1:HIGH,,"10-Q|2026-08-06T20:08:55.000Z|0001501697-26-000068|report=2026-06-30|items=;8-K|2026-07-01T20:13:51.000Z|0001501697-26-000060|report=2026-06-30|items=5.02,7.01,9.01",2,0,0,0,,https://www.sec.gov/Archives/edgar/data/1501697/000150169726000068/xfor-20260630.htm;https://www.sec.gov/Archives/edgar/data/1501697/000150169726000060/xfor-20260630.htm,NOT_RECORDED_PER_REQUEST,2026-10-05T16:08:01Z,2026-10-05,publication_drain_20261005T064921Z_43a1e040,INSUFFICIENT_EVIDENCE,NO_MATCHED_PUBLICATION_DOCUMENT_VERIFIED,P2,LIMITED,SEC metadata inspected in the result-period acceptance window; no quarter-specific authoritative release verified. NO_ITEM_2_02_FOUND is not evidence of global publication absence.,Target official issuer release and relevant SEC document/exhibit before deciding coverage gap or evidenced absence; do not blindly retry.,DOMESTIC_OR_OTHER_METADATA_ONLY
XRAY,2428,SEC_CIK:0000818479,DENTSPLY SIRONA Inc.,2439,198301,0000818479,2026,Q2,86521,2026-06-30,2026-Q2,2026-06-30,2026-08-06,2026-08-06,NOT_FOUND,NOT_RECORDED,2026-10-05T06:51:20Z,NOT_RECORDED,1,2026-10-05T06:51:20Z,NO_ITEM_2_02_FOUND,NO_ITEM_2_02_FOUND,0,0,0,NOT_RECORDED,NOT_RECORDED,NOT_RECORDED,NOT_RECORDED,NULL,NONE_STORED;issuer_search_not_exhaustive,CANONICAL_ACCEPTED;authority_quarter_id_equal;forecast_links_NOT_AUDITED,UNIQUE_ACTIVE_CIK;no_blocker_proven,SHARADAR:afe9f5daa8f1b44b66ff5f12add1e2e075cfc85dd751db2a1942e851bae127e7:SHARADAR_ARQ_PRIMARY_V1:HIGH,,"8-K/A|2026-08-07T11:42:15.000Z|0000818479-26-000263|report=2026-08-06|items=2.02,9.01;10-Q|2026-08-06T20:56:51.000Z|0000818479-26-000255|report=2026-06-30|items=",2,0,2,2,https://www.sec.gov/Archives/edgar/data/818479/000081847926000263/xray-20260806.htm#sha256=59f565f0a37002020c5c7813012b27533732608d60c480c1693b71470959491b;https://www.sec.gov/Archives/edgar/data/818479/000081847926000263/dentsply8kq22026ex991.htm#sha256=3fe3fc5560d3978412484a7b72fe123ecee1eafe55054c6fd4ac7477bb878c4c,https://www.sec.gov/Archives/edgar/data/818479/000081847926000263/xray-20260806.htm;https://www.sec.gov/Archives/edgar/data/818479/000081847926000263/dentsply8kq22026ex991.htm;https://www.sec.gov/Archives/edgar/data/818479/000081847926000255/xray-20260630.htm,NOT_RECORDED_PER_REQUEST,2026-10-05T16:08:01Z,2026-10-05,publication_drain_20261005T064921Z_43a1e040,RESOLVER_COVERAGE_GAP,UNSUPPORTED_8K_AMENDMENT,P1,HIGH_LIKELY_COVERAGE_GAP,8-K/A Item 2.02 announces June 30 quarterly results and links earnings exhibit; current form filter accepts only 8-K. Original/amendment timing requires explicit review.,"Implement focused future resolver recognition/event-context change with positive and negative fixtures; replay on copy only, preserve hierarchy and conflict handling.",ITEM202_AMENDMENT
NVMI,2502,SEC_CIK:0001109345,NOVA LTD.,2514,189320,0001109345,2026,Q2,88776,2026-06-30,2026-Q2,2026-06-30,2026-08-06,2026-08-06,NOT_FOUND,NOT_RECORDED,2026-10-05T06:51:21Z,NOT_RECORDED,1,2026-10-05T06:51:21Z,NO_ITEM_2_02_FOUND,NO_ITEM_2_02_FOUND,0,0,0,NOT_RECORDED,NOT_RECORDED,NOT_RECORDED,NOT_RECORDED,NULL,NONE_STORED;issuer_search_not_exhaustive,CANONICAL_ACCEPTED;authority_quarter_id_equal;forecast_links_NOT_AUDITED,UNIQUE_ACTIVE_CIK;no_blocker_proven,SHARADAR:c0851d4887069bbb59ad2cb42b5cb9310f772a3a08bea457cab5e1aa0d0206a5:SHARADAR_ARQ_PRIMARY_V1:HIGH,,6-K|2026-09-02T12:01:23.000Z|0001178913-26-004385|report=2026-09-02|items=;6-K|2026-08-11T12:00:31.000Z|0001178913-26-004024|report=2026-08-11|items=;6-K|2026-08-06T11:30:57.000Z|0001178913-26-003892|report=2026-08-06|items=;6-K|2026-07-06T12:00:04.000Z|0001178913-26-003411|report=2026-07-06|items=;6-K|2026-07-02T11:30:19.000Z|0001178913-26-003393|report=2026-07-02|items=,5,0,0,0,,https://www.sec.gov/Archives/edgar/data/1109345/000117891326004385/zk2636060.htm;https://www.sec.gov/Archives/edgar/data/1109345/000117891326004024/zk2635904.htm;https://www.sec.gov/Archives/edgar/data/1109345/000117891326003892/zk2635873.htm,NOT_RECORDED_PER_REQUEST,2026-10-05T16:08:01Z,2026-10-05,publication_drain_20261005T064921Z_43a1e040,INSUFFICIENT_EVIDENCE,FOREIGN_6K_CONTENT_NOT_VERIFIED,P2,LIMITED,"6-K metadata exists in bounded window; V1 does not support 6-K, but metadata alone does not establish a result release for this canonical quarter. Foreign reporting is not proof of absent publication.",Target official issuer release and relevant SEC document/exhibit before deciding coverage gap or evidenced absence; do not blindly retry.,FOREIGN_6K_METADATA_ONLY
CLLS,2506,SEC_CIK:0001627281,Cellectis S.A.,2518,123683,0001627281,2026,Q2,88939,2026-06-30,2026-Q2,2026-06-30,2026-08-06,2026-08-06,NOT_FOUND,NOT_RECORDED,2026-10-05T06:51:22Z,NOT_RECORDED,1,2026-10-05T06:51:22Z,NO_ITEM_2_02_FOUND,NO_ITEM_2_02_FOUND,0,0,0,NOT_RECORDED,NOT_RECORDED,NOT_RECORDED,NOT_RECORDED,NULL,NONE_STORED;issuer_search_not_exhaustive,CANONICAL_ACCEPTED;authority_quarter_id_equal;forecast_links_NOT_AUDITED,UNIQUE_ACTIVE_CIK;no_blocker_proven,SHARADAR:81a64800956edf17c50a4c34ec1cfbc93251f1fd73336b1dba31eac0d2700979:SHARADAR_ARQ_PRIMARY_V1:HIGH,,6-K|2026-09-14T10:00:12.000Z|0001171843-26-006010|report=2026-09-14|items=;6-K|2026-09-11T20:35:03.000Z|0001171843-26-006002|report=2026-09-11|items=;6-K/A|2026-09-11T20:30:29.000Z|0001193125-26-389336|report=2026-06-30|items=;6-K|2026-09-01T20:35:05.000Z|0001171843-26-005837|report=2026-09-01|items=;6-K|2026-08-06T20:35:15.000Z|0001171843-26-005324|report=2026-08-06|items=;6-K|2026-08-06T20:30:05.000Z|0001193125-26-338220|report=2026-08-06|items=;6-K|2026-07-30T20:35:05.000Z|0001171843-26-005091|report=2026-07-30|items=,7,0,0,0,,https://www.sec.gov/Archives/edgar/data/1627281/000117184326006010/f6k_091326.htm;https://www.sec.gov/Archives/edgar/data/1627281/000117184326006002/f6k_091126.htm;https://www.sec.gov/Archives/edgar/data/1627281/000119312526389336/clls-20260630.htm,NOT_RECORDED_PER_REQUEST,2026-10-05T16:08:01Z,2026-10-05,publication_drain_20261005T064921Z_43a1e040,INSUFFICIENT_EVIDENCE,FOREIGN_6K_CONTENT_NOT_VERIFIED,P2,LIMITED,"6-K metadata exists in bounded window; V1 does not support 6-K, but metadata alone does not establish a result release for this canonical quarter. Foreign reporting is not proof of absent publication.",Target official issuer release and relevant SEC document/exhibit before deciding coverage gap or evidenced absence; do not blindly retry.,FOREIGN_6K_METADATA_ONLY
ABAT,9,SEC_CIK:0001576873,ABAT,9,633005,0001576873,2026,Q4,369,2026-06-30,2026-Q4,2026-06-30,2026-09-14,2026-09-14,AMBIGUOUS,NOT_RECORDED,2026-10-05T06:50:43Z,NOT_RECORDED,1,2026-10-05T06:50:43Z,MULTIPLE_VALID_CANDIDATES,SAME_PRIORITY_AUTHORITATIVE_EVIDENCE_CONFLICT,2,2,2,NOT_RECORDED,NOT_RECORDED,2026-09-28T17:12:11Z,2026-09-28T17:12:11Z,NULL,NONE_STORED;issuer_search_not_exhaustive,CANONICAL_ACCEPTED;authority_quarter_id_equal;forecast_links_NOT_AUDITED,UNIQUE_ACTIVE_CIK;no_blocker_proven,SHARADAR:0b2d14e8da7d75890f121874a3bf3990f1342d89f773498157c1c5d12ba6d8af:SHARADAR_ARQ_PRIMARY_V1:HIGH,1263fca9a88f196f2ca0f1e4a5acbaee49adb8dc7db1b293ba671940b5f3124b;a62845d0ec8fd414493895b9d49745d9b39699bf5052b7a847e2c9dbfe237389,8-K|2026-08-20T21:00:28Z|0001493152-26-039500|CIK_ITEM_2_02_EXACT_PERIOD_END;8-K|2026-09-16T21:05:56Z|0001493152-26-042948|CIK_ITEM_2_02_EXACT_PERIOD_END,0,0,5,4,https://www.sec.gov/Archives/edgar/data/1576873/000149315226039500/form8-k.htm#sha256=4d7803c4c8c47af10f9951ecf7f70affc5a035a03d0f4cf6d93996762d2a18fd;https://www.sec.gov/Archives/edgar/data/1576873/000149315226039500/ex99-1.htm#sha256=15bd1fc25413a507752e14084e1b8ad8fecbaca5bf86d4df8fbd05cd7cd35352;https://www.sec.gov/Archives/edgar/data/1576873/000149315226042948/form8-k.htm#sha256=693ea5d50e34df3f11b382d76eebb9c40bc57d2be908a1d4ee8c17e7f5ab36d1;https://www.sec.gov/Archives/edgar/data/1576873/000149315226042948/ex99-1.htm#sha256=550efda107f6e363fd474d4463cb47c9d20c009f5f12682df65304e0c2a32d4c;https://www.sec.gov/Archives/edgar/data/1576873/000149315226042948/ex99-2.htm#sha256=a0744cf15f340367fe5f6c132494f7cd27d6ae74f45085b7dc46bb00c9cd1c6a,https://www.sec.gov/Archives/edgar/data/1576873/000149315226039500/form8-k.htm;https://www.sec.gov/Archives/edgar/data/1576873/000149315226042948/form8-k.htm;https://www.sec.gov/Archives/edgar/data/1576873/000149315226039500/ex99-1.htm;https://www.sec.gov/Archives/edgar/data/1576873/000149315226042948/ex99-1.htm;https://www.sec.gov/Archives/edgar/data/1576873/000149315226042948/ex99-2.htm,NOT_RECORDED_PER_REQUEST,2026-10-05T16:08:01Z,2026-10-05,publication_drain_20261005T064921Z_43a1e040,TRUE_AMBIGUOUS_PUBLICATION,PRELIMINARY_FULL_YEAR_VS_FINAL,P2,HIGH_CURRENT_CONTRACT,Two distinct SEC 8-K accessions carry same-priority quarter-related disclosures: preliminary full year vs final. No reviewed preliminary/partial/revision preference exists; neither earliest nor latest is safe by default.,Operator review of publication-event eligibility and preliminary/final policy; preserve NULL and both evidence rows until explicit rule approval.,PARTIAL_PRELIMINARY_REVISION_VS_RESULTS
GME,956,SEC_CIK:0001326380,GME,959,194823,0001326380,2027,Q2,33905,2026-08-01,2027-Q2,2026-08-01,2026-09-09,2026-09-09,AMBIGUOUS,NOT_RECORDED,2026-10-05T06:50:57Z,NOT_RECORDED,1,2026-10-05T06:50:57Z,MULTIPLE_VALID_CANDIDATES,SAME_PRIORITY_AUTHORITATIVE_EVIDENCE_CONFLICT,2,2,2,NOT_RECORDED,NOT_RECORDED,2026-09-28T18:14:09Z,2026-09-28T18:14:09Z,NULL,NONE_STORED;issuer_search_not_exhaustive,CANONICAL_ACCEPTED;authority_quarter_id_equal;forecast_links_NOT_AUDITED,UNIQUE_ACTIVE_CIK;no_blocker_proven,SHARADAR:ba73a97d9fe34badc384ea35ab71addfdd3fc304a95c82df148ca9bf1e504e3e:SHARADAR_ARQ_PRIMARY_V1:HIGH,ee2802ecf5b10638ae114b311f4d7812576c967aaf8fab6d4a17bba26f442b2f;3d7126f0f7e89e792dcc7fe6f558d0bdf98cc0d7dcb66f531bd45896c6ae41a8,8-K|2026-08-31T10:23:08Z|0001326380-26-000046|CIK_ITEM_2_02_EXACT_PERIOD_END;8-K|2026-09-08T13:02:39Z|0001326380-26-000050|CIK_ITEM_2_02_EXACT_PERIOD_END,0,0,5,4,https://www.sec.gov/Archives/edgar/data/1326380/000132638026000046/gme-20260831.htm#sha256=74870a7a49a48a42c3665d7e7560697e2463bc5ddfc9a8b3b4ada42d6bd9032a;https://www.sec.gov/Archives/edgar/data/1326380/000132638026000046/pressreleasesecondquarterp.htm#sha256=32f0b4c86f7baaf05673bc374207600c5ed56355a7f0fd2791493297d0663df6;https://www.sec.gov/Archives/edgar/data/1326380/000132638026000046/pressreleaseconvertiblenot.htm#sha256=e54f4d0dfc1e1c2f8b6248464336033f5e56c85bcf9251a033be4de3fc4e6578;https://www.sec.gov/Archives/edgar/data/1326380/000132638026000050/gme-20260908.htm#sha256=bf6d467f8d25415a17075e3f855538643b1cc3a2272ec668f7f325f4ddbeb323;https://www.sec.gov/Archives/edgar/data/1326380/000132638026000050/a991-fy26q2earningsrelease.htm#sha256=5cf0ccc14d102eccfc10649a156ec6d256756297397df07bb7c7c90367438c73,https://www.sec.gov/Archives/edgar/data/1326380/000132638026000046/gme-20260831.htm;https://www.sec.gov/Archives/edgar/data/1326380/000132638026000050/gme-20260908.htm;https://www.sec.gov/Archives/edgar/data/1326380/000132638026000046/pressreleasesecondquarterp.htm;https://www.sec.gov/Archives/edgar/data/1326380/000132638026000046/pressreleaseconvertiblenot.htm;https://www.sec.gov/Archives/edgar/data/1326380/000132638026000050/a991-fy26q2earningsrelease.htm,NOT_RECORDED_PER_REQUEST,2026-10-05T16:08:01Z,2026-10-05,publication_drain_20261005T064921Z_43a1e040,TRUE_AMBIGUOUS_PUBLICATION,PRELIMINARY_QUARTER_VS_FINAL,P2,HIGH_CURRENT_CONTRACT,Two distinct SEC 8-K accessions carry same-priority quarter-related disclosures: preliminary quarter vs final. No reviewed preliminary/partial/revision preference exists; neither earliest nor latest is safe by default.,Operator review of publication-event eligibility and preliminary/final policy; preserve NULL and both evidence rows until explicit rule approval.,PARTIAL_PRELIMINARY_REVISION_VS_RESULTS
SMCI,2027,SEC_CIK:0001375365,SMCI,2037,194319,0001375365,2026,Q4,72079,2026-06-30,2026-Q4,2026-06-30,2026-08-31,2026-08-31,AMBIGUOUS,NOT_RECORDED,2026-10-05T06:51:15Z,NOT_RECORDED,1,2026-10-05T06:51:15Z,MULTIPLE_VALID_CANDIDATES,SAME_PRIORITY_AUTHORITATIVE_EVIDENCE_CONFLICT,2,2,2,NOT_RECORDED,NOT_RECORDED,2026-09-28T19:21:13Z,2026-09-28T19:21:13Z,NULL,NONE_STORED;issuer_search_not_exhaustive,CANONICAL_ACCEPTED;authority_quarter_id_equal;forecast_links_NOT_AUDITED,UNIQUE_ACTIVE_CIK;no_blocker_proven,SHARADAR:84c3b335b8f2f2c0c35930502a4d7a93565d434673699a1688ec452cdce114ee:SHARADAR_ARQ_PRIMARY_V1:HIGH,ca154456b0db5911f58d93f2997db8dcd97ed284c09f8e2437dda47f3f9281fc;54c996032c7a90769e105264497b001b3eab6c859e6f1b4cffeb5992496fad86,8-K|2026-07-21T20:10:55Z|0001375365-26-000019|CIK_ITEM_2_02_EXACT_PERIOD_END;8-K|2026-08-11T20:06:16Z|0001375365-26-000021|CIK_ITEM_2_02_EXACT_PERIOD_END,0,0,3,3,https://www.sec.gov/Archives/edgar/data/1375365/000137536526000019/smci-20260721.htm#sha256=5f27221da599cfb2b73b280a679dd1d550d1cc6817d1e11d0b6973332c6e8560;https://www.sec.gov/Archives/edgar/data/1375365/000137536526000021/smci-20260811.htm#sha256=ee887c8fd0107e58f47e05106c9b9c8ad47dbee73077b4dac2d79201a03694ae;https://www.sec.gov/Archives/edgar/data/1375365/000137536526000021/exhibit991_20260630.htm#sha256=a4fadb42110692bca69a13e7f011262139e62f49eb5131acbbd83fcd09605f7c,https://www.sec.gov/Archives/edgar/data/1375365/000137536526000019/smci-20260721.htm;https://www.sec.gov/Archives/edgar/data/1375365/000137536526000021/smci-20260811.htm;https://www.sec.gov/Archives/edgar/data/1375365/000137536526000021/exhibit991_20260630.htm,NOT_RECORDED_PER_REQUEST,2026-10-05T16:08:01Z,2026-10-05,publication_drain_20261005T064921Z_43a1e040,TRUE_AMBIGUOUS_PUBLICATION,PRELIMINARY_BUSINESS_UPDATE_VS_RESULTS,P2,HIGH_CURRENT_CONTRACT,Two distinct SEC 8-K accessions carry same-priority quarter-related disclosures: preliminary business update vs results. No reviewed preliminary/partial/revision preference exists; neither earliest nor latest is safe by default.,Operator review of publication-event eligibility and preliminary/final policy; preserve NULL and both evidence rows until explicit rule approval.,PARTIAL_PRELIMINARY_REVISION_VS_RESULTS
OPTT,2527,SEC_CIK:0001378140,OCEAN POWER TECHNOLOGIES INC,2539,194280,0001378140,2026,Q4,89485,2026-04-30,2026-Q4,2026-04-30,2026-08-19,2026-08-19,AMBIGUOUS,NOT_RECORDED,2026-10-05T06:51:22Z,NOT_RECORDED,1,2026-10-05T06:51:22Z,MULTIPLE_VALID_CANDIDATES,SAME_PRIORITY_AUTHORITATIVE_EVIDENCE_CONFLICT,2,2,2,NOT_RECORDED,NOT_RECORDED,2026-09-28T19:50:12Z,2026-09-28T19:50:12Z,NULL,NONE_STORED;issuer_search_not_exhaustive,CANONICAL_ACCEPTED;authority_quarter_id_equal;forecast_links_NOT_AUDITED,UNIQUE_ACTIVE_CIK;no_blocker_proven,SHARADAR:2085bde35b9e1dac204e8e02252e9de699e3d0e6bc765ad6f6f21c78d6a499fa:SHARADAR_ARQ_PRIMARY_V1:HIGH,0fd7060093bda4f95d6360dfb57fd87a831e57d2b007890e3813b81e1ad6c061;c9e30ba95a9749c10d05f3a677ccb6aa9378dfb4de679e3a5db53c8f00c15233,8-K|2026-07-23T20:56:00Z|0001493152-26-034425|CIK_ITEM_2_02_EXACT_PERIOD_END;8-K|2026-08-24T13:00:14Z|0001493152-26-039793|CIK_ITEM_2_02_EXACT_PERIOD_END,0,0,6,5,https://www.sec.gov/Archives/edgar/data/1378140/000149315226034425/form8-k.htm#sha256=7ab1bcf32458c47c85101a9f9fe481fdb911f7e19582db90ca4ae877d8ab3090;https://www.sec.gov/Archives/edgar/data/1378140/000149315226034425/ex99-1.htm#sha256=e55d4419cede94881d818dfd7ffbb6f2139d3aec0dc7c0e2fec68b7a72dd6702;https://www.sec.gov/Archives/edgar/data/1378140/000149315226034425/ex99-2.htm#sha256=b938de4f489899effbad63b1cd22c4e2d44e41defdb4204cdec20a0274d56379;https://www.sec.gov/Archives/edgar/data/1378140/000149315226039793/form8-k.htm#sha256=ce5cae606bfd1ce564b23db048921a12737b887f3db51e6a955494eb89d1d735;https://www.sec.gov/Archives/edgar/data/1378140/000149315226039793/ex99-1.htm#sha256=4721ecf47381007df3822f355f9ced0fe4e7315894a41591070b63bf135480af;https://www.sec.gov/Archives/edgar/data/1378140/000149315226039793/ex99-2.htm#sha256=1a3fe48c4c675a4f4fe962ac6f1fa2b880ac9145428f1b26a98b916f9ef512cb,https://www.sec.gov/Archives/edgar/data/1378140/000149315226034425/form8-k.htm;https://www.sec.gov/Archives/edgar/data/1378140/000149315226039793/form8-k.htm;https://www.sec.gov/Archives/edgar/data/1378140/000149315226034425/ex99-1.htm;https://www.sec.gov/Archives/edgar/data/1378140/000149315226034425/ex99-2.htm;https://www.sec.gov/Archives/edgar/data/1378140/000149315226039793/ex99-1.htm;https://www.sec.gov/Archives/edgar/data/1378140/000149315226039793/ex99-2.htm,NOT_RECORDED_PER_REQUEST,2026-10-05T16:08:01Z,2026-10-05,publication_drain_20261005T064921Z_43a1e040,TRUE_AMBIGUOUS_PUBLICATION,INITIAL_FULL_YEAR_RESULTS_VS_LATER_PRELIMINARY_REVISION,P2,HIGH_CURRENT_CONTRACT,Two distinct SEC 8-K accessions carry same-priority quarter-related disclosures: initial full year results vs later preliminary revision. No reviewed preliminary/partial/revision preference exists; neither earliest nor latest is safe by default.,Operator review of publication-event eligibility and preliminary/final policy; preserve NULL and both evidence rows until explicit rule approval.,PARTIAL_PRELIMINARY_REVISION_VS_RESULTS
MOVE,1455,SEC_CIK:0001734750,MOVE,1464,634508,0001734750,2026,Q2,51857,2026-06-30,2026-Q2,2026-06-30,2026-08-14,2026-08-14,AMBIGUOUS,NOT_RECORDED,2026-10-05T06:51:03Z,NOT_RECORDED,1,2026-10-05T06:51:03Z,MULTIPLE_VALID_CANDIDATES,SAME_PRIORITY_AUTHORITATIVE_EVIDENCE_CONFLICT,2,2,2,NOT_RECORDED,NOT_RECORDED,2026-09-28T18:48:12Z,2026-09-28T18:48:12Z,NULL,NONE_STORED;issuer_search_not_exhaustive,CANONICAL_ACCEPTED;authority_quarter_id_equal;forecast_links_NOT_AUDITED,REVERSE_MERGER_NAME_CHANGE;same_CIK;context_gap_primary,SHARADAR:0f8b8d088034d7a95f46f1ee7963016a32c5032ca226466dac8b7008fb4dfd59:SHARADAR_ARQ_PRIMARY_V1:HIGH,7734733c3b342aef9f823e46af2ff7a8578371dc5bf8d7da2704ddb785e87c71;f11fe9b935156f44bdcc04898368422aea19a1d83d2ed6f4eb8c40502e5b25e6,8-K|2026-08-14T20:20:32Z|0001213900-26-090115|CIK_ITEM_2_02_EXACT_PERIOD_END;8-K|2026-09-04T20:30:14Z|0001213900-26-097690|CIK_ITEM_2_02_EXACT_PERIOD_END,0,0,4,4,https://www.sec.gov/Archives/edgar/data/1734750/000121390026090115/ea0302004-8k_corvex.htm#sha256=7e5d27d9939aa96534daabedb6a7f6179a08687c05d0cf42de5822f28ad7fb9d;https://www.sec.gov/Archives/edgar/data/1734750/000121390026090115/ea030200401ex99-1.htm#sha256=a20e9544eb09cf2cd14fb6cc3495e56e9d3fdae111473b4444731f056b4063e1;https://www.sec.gov/Archives/edgar/data/1734750/000121390026097690/ea0304515-8k_corvex.htm#sha256=ffd72fa9add302dfa0debf0cc2bcafb2cf1be6b8af134111903b7944c0a09312;https://www.sec.gov/Archives/edgar/data/1734750/000121390026097690/ea030451501ex99-1.htm#sha256=28d259587531c2578ca307dbbec35783f5ed28d0242e5279b42b7a95e5e7b8d6,https://www.sec.gov/Archives/edgar/data/1734750/000121390026090115/ea0302004-8k_corvex.htm;https://www.sec.gov/Archives/edgar/data/1734750/000121390026097690/ea0304515-8k_corvex.htm;https://www.sec.gov/Archives/edgar/data/1734750/000121390026090115/ea030200401ex99-1.htm;https://www.sec.gov/Archives/edgar/data/1734750/000121390026097690/ea030451501ex99-1.htm,NOT_RECORDED_PER_REQUEST,2026-10-05T16:08:01Z,2026-10-05,publication_drain_20261005T064921Z_43a1e040,RESOLVER_COVERAGE_GAP,PRO_FORMA_VS_ACTUAL_RESULTS,P1,HIGH_LIKELY_COVERAGE_GAP,Pro forma merger financials explicitly do not update actual consolidated results; another filing announces actual Q2 results.,"Implement focused future resolver recognition/event-context change with positive and negative fixtures; replay on copy only, preserve hierarchy and conflict handling.",NON_RESULT_OR_REPEATED_EVENT_CONTEXT
GOSS,970,SEC_CIK:0001728117,GOSS,974,111615,0001728117,2026,Q2,34427,2026-06-30,2026-Q2,2026-06-30,2026-08-13,2026-08-13,AMBIGUOUS,NOT_RECORDED,2026-10-05T06:50:58Z,NOT_RECORDED,1,2026-10-05T06:50:58Z,MULTIPLE_VALID_CANDIDATES,SAME_PRIORITY_AUTHORITATIVE_EVIDENCE_CONFLICT,2,2,2,NOT_RECORDED,NOT_RECORDED,2026-09-28T18:15:05Z,2026-09-28T18:15:05Z,NULL,NONE_STORED;issuer_search_not_exhaustive,CANONICAL_ACCEPTED;authority_quarter_id_equal;forecast_links_NOT_AUDITED,UNIQUE_ACTIVE_CIK;no_blocker_proven,SHARADAR:07ec75ae8e100d51b518245f628cffe87727460b678fe6b8fd5557a84c748068:SHARADAR_ARQ_PRIMARY_V1:HIGH,a59139a5378a8c4dc3d984ea6c9bd5048035fdca9a2df942720aff38df353769;f4966cd2bca3b37f6734610a13ebbbae6bde5d02c76c0c44cbd75aaa4be55c8e,8-K|2026-07-27T20:01:09Z|0001728117-26-000064|CIK_ITEM_2_02_EXACT_PERIOD_END;8-K|2026-08-13T20:02:19Z|0001728117-26-000073|CIK_ITEM_2_02_EXACT_PERIOD_END,0,0,4,4,https://www.sec.gov/Archives/edgar/data/1728117/000172811726000064/goss-20260723.htm#sha256=9c8acb7a3b9418643aa268123404fe66b9369ab33b3ae2b1b572a33c4c70d0ae;https://www.sec.gov/Archives/edgar/data/1728117/000172811726000064/goss-20260727xexx991xprchi.htm#sha256=0be146ad757aea3329561e0275839b56a87f29e847807388f0d73f694e87b1ed;https://www.sec.gov/Archives/edgar/data/1728117/000172811726000073/goss-20260813.htm#sha256=79a560901729f952e0000937bde3495dd903756e81f6b384346b86f86829957b;https://www.sec.gov/Archives/edgar/data/1728117/000172811726000073/goss-20260813xexx991xearni.htm#sha256=0dbec54f99116d412de4343122bba08184a8ffd874ab0da520d6796ebd30c025,https://www.sec.gov/Archives/edgar/data/1728117/000172811726000064/goss-20260723.htm;https://www.sec.gov/Archives/edgar/data/1728117/000172811726000073/goss-20260813.htm;https://www.sec.gov/Archives/edgar/data/1728117/000172811726000064/goss-20260727xexx991xprchi.htm;https://www.sec.gov/Archives/edgar/data/1728117/000172811726000073/goss-20260813xexx991xearni.htm,NOT_RECORDED_PER_REQUEST,2026-10-05T16:08:01Z,2026-10-05,publication_drain_20261005T064921Z_43a1e040,TRUE_AMBIGUOUS_PUBLICATION,PRELIMINARY_CASH_VS_RESULTS,P2,HIGH_CURRENT_CONTRACT,Two distinct SEC 8-K accessions carry same-priority quarter-related disclosures: preliminary cash vs results. No reviewed preliminary/partial/revision preference exists; neither earliest nor latest is safe by default.,Operator review of publication-event eligibility and preliminary/final policy; preserve NULL and both evidence rows until explicit rule approval.,PARTIAL_PRELIMINARY_REVISION_VS_RESULTS
REKR,1867,SEC_CIK:0001697851,REKR,1877,121773,0001697851,2026,Q2,66531,2026-06-30,2026-Q2,2026-06-30,2026-08-13,2026-08-13,AMBIGUOUS,NOT_RECORDED,2026-10-05T06:51:10Z,NOT_RECORDED,1,2026-10-05T06:51:10Z,MULTIPLE_VALID_CANDIDATES,SAME_PRIORITY_AUTHORITATIVE_EVIDENCE_CONFLICT,2,2,2,NOT_RECORDED,NOT_RECORDED,2026-09-28T19:12:41Z,2026-09-28T19:12:41Z,NULL,NONE_STORED;issuer_search_not_exhaustive,CANONICAL_ACCEPTED;authority_quarter_id_equal;forecast_links_NOT_AUDITED,UNIQUE_ACTIVE_CIK;no_blocker_proven,SHARADAR:90f90fd9b94cc46efc9d341fa8df9171fe5c0089489e32a00f1432ff007bb434:SHARADAR_ARQ_PRIMARY_V1:HIGH,48852650b27e9827a0f5ee47d91fe591beb3f8379c0fcbf8e94c75b0d529cbce;a98276baa9c904a536b166f2067f250c1bdde2c00a3c6b577bd57051763eb23e,8-K|2026-07-15T18:13:28Z|0001437749-26-023616|CIK_ITEM_2_02_EXACT_PERIOD_END;8-K|2026-08-13T12:00:12Z|0001437749-26-027481|CIK_ITEM_2_02_EXACT_PERIOD_END,0,0,2,2,https://www.sec.gov/Archives/edgar/data/1697851/000143774926023616/rekr20260715_8k.htm#sha256=f35ecd0d1de4de16205dc70d3ff7ee30c09902335e96edaff943cbb02d7ff8e6;https://www.sec.gov/Archives/edgar/data/1697851/000143774926027481/rekr20260812_8k.htm#sha256=0840856615b4b937c9014c4b952b5899530fbab7f111b419b0bdf8770268a844,https://www.sec.gov/Archives/edgar/data/1697851/000143774926023616/rekr20260715_8k.htm;https://www.sec.gov/Archives/edgar/data/1697851/000143774926027481/rekr20260812_8k.htm,NOT_RECORDED_PER_REQUEST,2026-10-05T16:08:01Z,2026-10-05,publication_drain_20261005T064921Z_43a1e040,TRUE_AMBIGUOUS_PUBLICATION,PRELIMINARY_METRICS_VS_RESULTS,P2,HIGH_CURRENT_CONTRACT,Two distinct SEC 8-K accessions carry same-priority quarter-related disclosures: preliminary metrics vs results. No reviewed preliminary/partial/revision preference exists; neither earliest nor latest is safe by default.,Operator review of publication-event eligibility and preliminary/final policy; preserve NULL and both evidence rows until explicit rule approval.,PARTIAL_PRELIMINARY_REVISION_VS_RESULTS
ANRO,162,SEC_CIK:0001999480,ANRO,162,641082,0001999480,2026,Q2,5737,2026-06-30,2026-Q2,2026-06-30,2026-08-12,2026-08-12,AMBIGUOUS,NOT_RECORDED,2026-10-05T06:50:45Z,NOT_RECORDED,1,2026-10-05T06:50:45Z,MULTIPLE_VALID_CANDIDATES,SAME_PRIORITY_AUTHORITATIVE_EVIDENCE_CONFLICT,2,2,2,NOT_RECORDED,NOT_RECORDED,2026-09-28T17:18:25Z,2026-09-28T17:18:25Z,NULL,NONE_STORED;issuer_search_not_exhaustive,CANONICAL_ACCEPTED;authority_quarter_id_equal;forecast_links_NOT_AUDITED,UNIQUE_ACTIVE_CIK;no_blocker_proven,SHARADAR:876fe690c4c567cec811e6bb10b27e3f20b3d2c1faa2c4bcc92e5a1d2a718930:SHARADAR_ARQ_PRIMARY_V1:HIGH,1b31e8ec4a9e31f0d72a3ee72b9a078978c4fffed70a949a520238e0a05e6652;53377c65dfef5db34156d7a376ed3263ccd4467123ce2d4a74aa60f88123cf25,8-K|2026-07-13T11:39:07Z|0001104659-26-082875|CIK_ITEM_2_02_EXACT_PERIOD_END;8-K|2026-08-12T20:14:32Z|0001999480-26-000022|CIK_ITEM_2_02_EXACT_PERIOD_END,0,0,3,3,https://www.sec.gov/Archives/edgar/data/1999480/000110465926082875/tm2620297d1_8k.htm#sha256=9644ffa7d30e7bb2312665c4e26d6c487f59016dd938f12265a74baab01a6cc8;https://www.sec.gov/Archives/edgar/data/1999480/000199948026000022/alto-20260812.htm#sha256=3b01015ade220acd2e0ab84851301c03498f76aba7e671c520c41a9df5344dc4;https://www.sec.gov/Archives/edgar/data/1999480/000199948026000022/exhibit991-earningsrelease.htm#sha256=35b6abc8f0f29d81c77f8a1e33dbc0abb5e2129728320137f12831d3daafca04,https://www.sec.gov/Archives/edgar/data/1999480/000110465926082875/tm2620297d1_8k.htm;https://www.sec.gov/Archives/edgar/data/1999480/000199948026000022/alto-20260812.htm;https://www.sec.gov/Archives/edgar/data/1999480/000199948026000022/exhibit991-earningsrelease.htm,NOT_RECORDED_PER_REQUEST,2026-10-05T16:08:01Z,2026-10-05,publication_drain_20261005T064921Z_43a1e040,TRUE_AMBIGUOUS_PUBLICATION,PRELIMINARY_CASH_VS_RESULTS,P2,HIGH_CURRENT_CONTRACT,Two distinct SEC 8-K accessions carry same-priority quarter-related disclosures: preliminary cash vs results. No reviewed preliminary/partial/revision preference exists; neither earliest nor latest is safe by default.,Operator review of publication-event eligibility and preliminary/final policy; preserve NULL and both evidence rows until explicit rule approval.,PARTIAL_PRELIMINARY_REVISION_VS_RESULTS
KSCP,1249,SEC_CIK:0001600983,KSCP,1253,637366,0001600983,2026,Q2,44474,2026-06-30,2026-Q2,2026-06-30,2026-08-12,2026-08-12,AMBIGUOUS,NOT_RECORDED,2026-10-05T06:51:01Z,NOT_RECORDED,1,2026-10-05T06:51:01Z,MULTIPLE_VALID_CANDIDATES,SAME_PRIORITY_AUTHORITATIVE_EVIDENCE_CONFLICT,2,2,2,NOT_RECORDED,NOT_RECORDED,2026-09-28T18:34:00Z,2026-09-28T18:34:00Z,NULL,NONE_STORED;issuer_search_not_exhaustive,CANONICAL_ACCEPTED;authority_quarter_id_equal;forecast_links_NOT_AUDITED,UNIQUE_ACTIVE_CIK;no_blocker_proven,SHARADAR:4412a1972d7c5af65984117b5f73f57d5aa9c2d12b623b68483af93c8d939a24:SHARADAR_ARQ_PRIMARY_V1:HIGH,225005a84efcf8bb6ae51f5a07ade2114f7fd0a2d67f9806544b1d67d607aac1;398302f4036b71746f3eda0f093ca07346eb8d9ae40abd5a09680f96c992577e,8-K|2026-07-20T11:01:12Z|0001104659-26-084853|CIK_ITEM_2_02_EXACT_PERIOD_END;8-K|2026-08-12T20:07:15Z|0001104659-26-094868|CIK_ITEM_2_02_EXACT_PERIOD_END,0,0,4,4,https://www.sec.gov/Archives/edgar/data/1600983/000110465926084853/kscp-20260720x8k.htm#sha256=5fd97ea47c3ccbc34dcccc79e2c5fc2816690657c7ff5711ecff701e8b544c76;https://www.sec.gov/Archives/edgar/data/1600983/000110465926084853/kscp-20260720xex99d1.htm#sha256=5a7372220bfe9946feb7ca60ea66279be14c828262b0a790ae393323036366af;https://www.sec.gov/Archives/edgar/data/1600983/000110465926094868/kscp-20260812x8k.htm#sha256=0ea29ea78e8b31f9b920b87f4aad35c1dd332dbef4a10824229d0f57162042b8;https://www.sec.gov/Archives/edgar/data/1600983/000110465926094868/kscp-20260812xex99d1.htm#sha256=6bb2888188821e4d5431e5e0904f66dd9ccf57cbc4e845730ed850b81cc48cad,https://www.sec.gov/Archives/edgar/data/1600983/000110465926084853/kscp-20260720x8k.htm;https://www.sec.gov/Archives/edgar/data/1600983/000110465926094868/kscp-20260812x8k.htm;https://www.sec.gov/Archives/edgar/data/1600983/000110465926084853/kscp-20260720xex99d1.htm;https://www.sec.gov/Archives/edgar/data/1600983/000110465926094868/kscp-20260812xex99d1.htm,NOT_RECORDED_PER_REQUEST,2026-10-05T16:08:01Z,2026-10-05,publication_drain_20261005T064921Z_43a1e040,TRUE_AMBIGUOUS_PUBLICATION,PRELIMINARY_METRICS_VS_RESULTS,P2,HIGH_CURRENT_CONTRACT,Two distinct SEC 8-K accessions carry same-priority quarter-related disclosures: preliminary metrics vs results. No reviewed preliminary/partial/revision preference exists; neither earliest nor latest is safe by default.,Operator review of publication-event eligibility and preliminary/final policy; preserve NULL and both evidence rows until explicit rule approval.,PARTIAL_PRELIMINARY_REVISION_VS_RESULTS
TE,2144,SEC_CIK:0001992243,TE,2154,110348,0001992243,2026,Q2,76199,2026-06-30,2026-Q2,2026-06-30,2026-08-12,2026-08-12,AMBIGUOUS,NOT_RECORDED,2026-10-05T06:51:18Z,NOT_RECORDED,1,2026-10-05T06:51:18Z,MULTIPLE_VALID_CANDIDATES,SAME_PRIORITY_AUTHORITATIVE_EVIDENCE_CONFLICT,2,2,2,NOT_RECORDED,NOT_RECORDED,2026-09-28T19:28:57Z,2026-09-28T19:28:57Z,NULL,NONE_STORED;issuer_search_not_exhaustive,CANONICAL_ACCEPTED;authority_quarter_id_equal;forecast_links_NOT_AUDITED,UNIQUE_ACTIVE_CIK;no_blocker_proven,SHARADAR:2f72143c45e5e22832e8342e6ee4574af031a8aeffd6be3886c80cf6a084b554:SHARADAR_ARQ_PRIMARY_V1:HIGH,e710433054d6f7e9c607dfb8651f41f05fb61ec134872132374b3a9adc5cdf17;82b4aa6032344e6066727f2f63ad19d0c5226cd0840abf2858252f2d8ae3f658,8-K|2026-07-28T10:37:38Z|0001213900-26-081974|CIK_ITEM_2_02_EXPLICIT_FISCAL_QUARTER;8-K|2026-08-12T10:50:51Z|0001213900-26-088022|CIK_ITEM_2_02_EXACT_PERIOD_END,0,0,5,5,https://www.sec.gov/Archives/edgar/data/1992243/000121390026081974/ea0299450-8k_t1energy.htm#sha256=78932efe4ac4680f98414edf767e6a8ed6e0bf0a2c3e05440286d52884d527bd;https://www.sec.gov/Archives/edgar/data/1992243/000121390026081974/ea029945001ex99-1.htm#sha256=18590738d4938574f96a2408c6f9f92895540ae1a1c1a3453bf83c2672782092;https://www.sec.gov/Archives/edgar/data/1992243/000121390026088022/ea0301615-8k_t1energy.htm#sha256=f4b9bcb525d410ba1642cfee0959d956e175af794159ca0daf393285d84b4b94;https://www.sec.gov/Archives/edgar/data/1992243/000121390026088022/ea030161501ex99-1.htm#sha256=eacddc2e0020583568b7843a25b123a274095bb69d179514da00498789039e84;https://www.sec.gov/Archives/edgar/data/1992243/000121390026088022/ea030161501ex99-2.htm#sha256=da1c7c9f7a222ae0d031bc95444ce96fa8d6adcefe26ac2d35151c9ce103cb1f,https://www.sec.gov/Archives/edgar/data/1992243/000121390026081974/ea0299450-8k_t1energy.htm;https://www.sec.gov/Archives/edgar/data/1992243/000121390026088022/ea0301615-8k_t1energy.htm;https://www.sec.gov/Archives/edgar/data/1992243/000121390026081974/ea029945001ex99-1.htm;https://www.sec.gov/Archives/edgar/data/1992243/000121390026088022/ea030161501ex99-1.htm;https://www.sec.gov/Archives/edgar/data/1992243/000121390026088022/ea030161501ex99-2.htm,NOT_RECORDED_PER_REQUEST,2026-10-05T16:08:01Z,2026-10-05,publication_drain_20261005T064921Z_43a1e040,TRUE_AMBIGUOUS_PUBLICATION,PRELIMINARY_BUSINESS_UPDATE_VS_RESULTS,P2,HIGH_CURRENT_CONTRACT,Two distinct SEC 8-K accessions carry same-priority quarter-related disclosures: preliminary business update vs results. No reviewed preliminary/partial/revision preference exists; neither earliest nor latest is safe by default.,Operator review of publication-event eligibility and preliminary/final policy; preserve NULL and both evidence rows until explicit rule approval.,PARTIAL_PRELIMINARY_REVISION_VS_RESULTS
CDXS,434,SEC_CIK:0001200375,CDXS,434,195488,0001200375,2026,Q2,15230,2026-06-30,2026-Q2,2026-06-30,2026-08-11,2026-08-11,AMBIGUOUS,NOT_RECORDED,2026-10-05T06:50:50Z,NOT_RECORDED,1,2026-10-05T06:50:50Z,MULTIPLE_VALID_CANDIDATES,SAME_PRIORITY_AUTHORITATIVE_EVIDENCE_CONFLICT,2,2,2,NOT_RECORDED,NOT_RECORDED,2026-09-28T17:35:46Z,2026-09-28T17:35:46Z,NULL,NONE_STORED;issuer_search_not_exhaustive,CANONICAL_ACCEPTED;authority_quarter_id_equal;forecast_links_NOT_AUDITED,UNIQUE_ACTIVE_CIK;no_blocker_proven,SHARADAR:e2ebd247f8be9f843d843e7bdf194a0ba54e616ebf1f04b36606dfd150bbf397:SHARADAR_ARQ_PRIMARY_V1:HIGH,7c3b9211479d13637b86ff668a73629a9fb4644fe2a6c2726762c950d3989832;82b275340cd29c8b14955fa4fc6b27b8dbe1e06dab97b0937d3092a0088d9d08,8-K|2026-07-23T20:22:28Z|0001193125-26-314158|CIK_ITEM_2_02_EXACT_PERIOD_END;8-K|2026-08-11T20:11:09Z|0001193125-26-344646|CIK_ITEM_2_02_EXACT_PERIOD_END,0,0,3,3,https://www.sec.gov/Archives/edgar/data/1200375/000119312526314158/d24920d8k.htm#sha256=54be4704f7a4bffd05f48723be90d0929bfdcb300856aa6fe4b5cfcf2c2b40d1;https://www.sec.gov/Archives/edgar/data/1200375/000119312526344646/d171403d8k.htm#sha256=2b54c27904f2ef05351623ba6e4b0cf23fac601a8d6590050d33d76acdb29d51;https://www.sec.gov/Archives/edgar/data/1200375/000119312526344646/d171403dex991.htm#sha256=cf24e1638e79b1e04ed9918715d323a0def688d9ac98a4aa53f8eb3a3c07c51f,https://www.sec.gov/Archives/edgar/data/1200375/000119312526314158/d24920d8k.htm;https://www.sec.gov/Archives/edgar/data/1200375/000119312526344646/d171403d8k.htm;https://www.sec.gov/Archives/edgar/data/1200375/000119312526344646/d171403dex991.htm,NOT_RECORDED_PER_REQUEST,2026-10-05T16:08:01Z,2026-10-05,publication_drain_20261005T064921Z_43a1e040,TRUE_AMBIGUOUS_PUBLICATION,PRELIMINARY_REVENUE_CASH_VS_RESULTS,P2,HIGH_CURRENT_CONTRACT,Two distinct SEC 8-K accessions carry same-priority quarter-related disclosures: preliminary revenue cash vs results. No reviewed preliminary/partial/revision preference exists; neither earliest nor latest is safe by default.,Operator review of publication-event eligibility and preliminary/final policy; preserve NULL and both evidence rows until explicit rule approval.,PARTIAL_PRELIMINARY_REVISION_VS_RESULTS
KLXE,1221,SEC_CIK:0001738827,KLXE,1225,115430,0001738827,2026,Q2,43441,2026-06-30,2026-Q2,2026-06-30,2026-08-11,2026-08-11,AMBIGUOUS,NOT_RECORDED,2026-10-05T06:51:00Z,NOT_RECORDED,1,2026-10-05T06:51:00Z,MULTIPLE_VALID_CANDIDATES,SAME_PRIORITY_AUTHORITATIVE_EVIDENCE_CONFLICT,2,2,2,NOT_RECORDED,NOT_RECORDED,2026-09-28T18:32:09Z,2026-09-28T18:32:09Z,NULL,NONE_STORED;issuer_search_not_exhaustive,CANONICAL_ACCEPTED;authority_quarter_id_equal;forecast_links_NOT_AUDITED,UNIQUE_ACTIVE_CIK;no_blocker_proven,SHARADAR:ef7104a50d2e8c87cad8a51bc659222ffd4c89c1a76e920b787ce9115d01d986:SHARADAR_ARQ_PRIMARY_V1:HIGH,ca1e95616fed1defea998b0abafa7e97491b69fbd60b137d8521a905b2764379;115ef80ed9e96886c76946681432785b99ef741310cff2198453a7bf5ab6c11c,8-K|2026-06-30T13:11:51Z|0001738827-26-000025|CIK_ITEM_2_02_EXACT_PERIOD_END;8-K|2026-08-10T20:21:18Z|0001738827-26-000028|CIK_ITEM_2_02_EXACT_PERIOD_END,0,0,3,3,https://www.sec.gov/Archives/edgar/data/1738827/000173882726000025/klxe-20260630.htm#sha256=30398c0dd8a4b628a757c5be455b3b2eb28c07fa56e20199097ca05b8d459fb1;https://www.sec.gov/Archives/edgar/data/1738827/000173882726000028/klxe-20260810.htm#sha256=17eadffb1932b3dfd3ae62d865dca8f912db6478b0688dbbe317aa93452f0e20;https://www.sec.gov/Archives/edgar/data/1738827/000173882726000028/klxeq22026earningsreleasee.htm#sha256=1a736f0e59493a2db8f8ab31f10b75d516dbe7d01abb7c34358f57f9e7ab94fe,https://www.sec.gov/Archives/edgar/data/1738827/000173882726000025/klxe-20260630.htm;https://www.sec.gov/Archives/edgar/data/1738827/000173882726000028/klxe-20260810.htm;https://www.sec.gov/Archives/edgar/data/1738827/000173882726000028/klxeq22026earningsreleasee.htm,NOT_RECORDED_PER_REQUEST,2026-10-05T16:08:01Z,2026-10-05,publication_drain_20261005T064921Z_43a1e040,RESOLVER_COVERAGE_GAP,COVER_DATE_VS_RESULTS_CONTEXT,P1,HIGH_LIKELY_COVERAGE_GAP,Generic investor presentation filing is dated on canonical period end; primary-document date matcher accepts cover-date context as quarterly results.,"Implement focused future resolver recognition/event-context change with positive and negative fixtures; replay on copy only, preserve hierarchy and conflict handling.",NON_RESULT_OR_REPEATED_EVENT_CONTEXT
ASTS,217,SEC_CIK:0001780312,ASTS,217,110558,0001780312,2026,Q2,7700,2026-06-30,2026-Q2,2026-06-30,2026-08-10,2026-08-10,AMBIGUOUS,NOT_RECORDED,2026-10-05T06:50:49Z,NOT_RECORDED,1,2026-10-05T06:50:49Z,MULTIPLE_VALID_CANDIDATES,SAME_PRIORITY_AUTHORITATIVE_EVIDENCE_CONFLICT,2,2,2,NOT_RECORDED,NOT_RECORDED,2026-09-28T17:21:48Z,2026-09-28T17:21:48Z,NULL,NONE_STORED;issuer_search_not_exhaustive,CANONICAL_ACCEPTED;authority_quarter_id_equal;forecast_links_NOT_AUDITED,UNIQUE_ACTIVE_CIK;no_blocker_proven,SHARADAR:1d79b9186c5b134fb206b5abfe9a45d7a5f6c96219b2c9576407d03c9f1403b9:SHARADAR_ARQ_PRIMARY_V1:HIGH,afb9cd214376501bc9a8f6f97a55428c15177c2976c2c6ab27590ef9eb233407;c5777a3eaca20d9f934dfaa69b12e42a64952519965ad2857572fe7712d4684a,8-K|2026-07-15T20:18:33Z|0001493152-26-033365|CIK_ITEM_2_02_EXACT_PERIOD_END;8-K|2026-08-10T20:38:57Z|0001193125-26-342540|CIK_ITEM_2_02_EXACT_PERIOD_END,0,0,5,4,https://www.sec.gov/Archives/edgar/data/1780312/000149315226033365/form8-k.htm#sha256=15034b1607feb16c2a65cc8c6b215b581bdbae1d485a18e747f66a6aacd86a95;https://www.sec.gov/Archives/edgar/data/1780312/000149315226033365/ex99-1.htm#sha256=3b2f01321ed65a67444507593417f1d4df932bcdcaca41727f4902ef8b63f7bc;https://www.sec.gov/Archives/edgar/data/1780312/000119312526342540/asts-20260810.htm#sha256=9cffb787dc52016d480d9499a7fa61bdbf109995a7861a5d2957f4248f37fd92;https://www.sec.gov/Archives/edgar/data/1780312/000119312526342540/asts-ex99_1.htm#sha256=1842af61eca50e1c5aefa68bfefd5878c89bcc6f0840c048e131dd3a7d1c870a;https://www.sec.gov/Archives/edgar/data/1780312/000119312526342540/asts-ex99_2.htm#sha256=830e09c03c1182032c65545c955e19530d6079235910a61e73f9ed2f499da544,https://www.sec.gov/Archives/edgar/data/1780312/000149315226033365/form8-k.htm;https://www.sec.gov/Archives/edgar/data/1780312/000119312526342540/asts-20260810.htm;https://www.sec.gov/Archives/edgar/data/1780312/000149315226033365/ex99-1.htm;https://www.sec.gov/Archives/edgar/data/1780312/000119312526342540/asts-ex99_1.htm;https://www.sec.gov/Archives/edgar/data/1780312/000119312526342540/asts-ex99_2.htm,NOT_RECORDED_PER_REQUEST,2026-10-05T16:08:01Z,2026-10-05,publication_drain_20261005T064921Z_43a1e040,TRUE_AMBIGUOUS_PUBLICATION,FINANCING_CASH_DISCLOSURE_VS_RESULTS,P2,HIGH_CURRENT_CONTRACT,Two distinct SEC 8-K accessions carry same-priority quarter-related disclosures: financing cash disclosure vs results. No reviewed preliminary/partial/revision preference exists; neither earliest nor latest is safe by default.,Operator review of publication-event eligibility and preliminary/final policy; preserve NULL and both evidence rows until explicit rule approval.,PARTIAL_PRELIMINARY_REVISION_VS_RESULTS
BKD,323,SEC_CIK:0001332349,BKD,323,194766,0001332349,2026,Q2,11430,2026-06-30,2026-Q2,2026-06-30,2026-08-10,2026-08-10,AMBIGUOUS,NOT_RECORDED,2026-10-05T06:50:50Z,NOT_RECORDED,1,2026-10-05T06:50:50Z,MULTIPLE_VALID_CANDIDATES,SAME_PRIORITY_AUTHORITATIVE_EVIDENCE_CONFLICT,2,2,2,NOT_RECORDED,NOT_RECORDED,2026-09-28T17:29:23Z,2026-09-28T17:29:23Z,NULL,NONE_STORED;issuer_search_not_exhaustive,CANONICAL_ACCEPTED;authority_quarter_id_equal;forecast_links_NOT_AUDITED,UNIQUE_ACTIVE_CIK;no_blocker_proven,SHARADAR:d7785b5c1898856cac1def2f588e9186a6615e6bcb05eccab909fb45aa3d097e:SHARADAR_ARQ_PRIMARY_V1:HIGH,1f517a7a9da2752eec7d2337944d77ca08d51afbdff5649d9c75043ec969b04a;c0b8c359d578d33766968bcbabd071d597322970d20b1f6741d7c0448b016902,8-K|2026-07-09T20:18:59Z|0001332349-26-000057|CIK_ITEM_2_02_EXACT_PERIOD_END;8-K|2026-08-10T20:18:01Z|0001332349-26-000062|CIK_ITEM_2_02_EXPLICIT_FISCAL_QUARTER,0,0,3,3,https://www.sec.gov/Archives/edgar/data/1332349/000133234926000057/bkd-20260709.htm#sha256=f31723fc8d26affef10e4d77fa25e50d825875cd5e3d168828879dfa34c8acee;https://www.sec.gov/Archives/edgar/data/1332349/000133234926000062/bkd-20260810.htm#sha256=a5c6c8d31d0969bcb7ebbb26b51dc3556c5fe31abf4310852a1094a017c71276;https://www.sec.gov/Archives/edgar/data/1332349/000133234926000062/a2q26earningsrelease.htm#sha256=f629c8f411a0f250ad71f843cccc5272028f01b4b11d2720a30e17e6bbf383c5,https://www.sec.gov/Archives/edgar/data/1332349/000133234926000057/bkd-20260709.htm;https://www.sec.gov/Archives/edgar/data/1332349/000133234926000062/bkd-20260810.htm;https://www.sec.gov/Archives/edgar/data/1332349/000133234926000062/a2q26earningsrelease.htm,NOT_RECORDED_PER_REQUEST,2026-10-05T16:08:01Z,2026-10-05,publication_drain_20261005T064921Z_43a1e040,TRUE_AMBIGUOUS_PUBLICATION,OCCUPANCY_METRICS_VS_RESULTS,P2,HIGH_CURRENT_CONTRACT,Two distinct SEC 8-K accessions carry same-priority quarter-related disclosures: occupancy metrics vs results. No reviewed preliminary/partial/revision preference exists; neither earliest nor latest is safe by default.,Operator review of publication-event eligibility and preliminary/final policy; preserve NULL and both evidence rows until explicit rule approval.,PARTIAL_PRELIMINARY_REVISION_VS_RESULTS
CRC,556,SEC_CIK:0001609253,CRC,557,632508,0001609253,2026,Q2,19619,2026-06-30,2026-Q2,2026-06-30,2026-08-10,2026-08-10,AMBIGUOUS,NOT_RECORDED,2026-10-05T06:50:53Z,NOT_RECORDED,1,2026-10-05T06:50:53Z,MULTIPLE_VALID_CANDIDATES,SAME_PRIORITY_AUTHORITATIVE_EVIDENCE_CONFLICT,2,2,2,NOT_RECORDED,NOT_RECORDED,2026-09-28T17:45:09Z,2026-09-28T17:45:09Z,NULL,NONE_STORED;issuer_search_not_exhaustive,CANONICAL_ACCEPTED;authority_quarter_id_equal;forecast_links_NOT_AUDITED,UNIQUE_ACTIVE_CIK;no_blocker_proven,SHARADAR:6b5a6ceae2b58108f56d75a6d938d3bed2c7baea0694a7d6af3f720b9ed9a84e:SHARADAR_ARQ_PRIMARY_V1:HIGH,9f8ca390451aac03582e1ce7a58ba6cefc2c2cb4f669ce52b1d151455566a909;72f325d77993daff400be315f751d28f14fb9b5ce9b6acf491a810710244345e,8-K|2026-07-14T13:00:34Z|0001609253-26-000122|CIK_ITEM_2_02_EXACT_PERIOD_END;8-K|2026-08-10T12:06:09Z|0001609253-26-000127|CIK_ITEM_2_02_EXACT_PERIOD_END,0,0,3,3,https://www.sec.gov/Archives/edgar/data/1609253/000160925326000122/crc-20260714.htm#sha256=d5de1c68498751ce35272bf3ced0deb110c9893dc1b60d657bcf77e7707fd766;https://www.sec.gov/Archives/edgar/data/1609253/000160925326000127/crc-20260810.htm#sha256=6e47521747d74abf5f49ec0996c34383f609d16b4efe7478068403abf0e6ff9e;https://www.sec.gov/Archives/edgar/data/1609253/000160925326000127/a2026q2erex991.htm#sha256=bdf12555dcecc5ff3d2189d151907d3c6fe75dfda8589a38dd9276c6393ec68f,https://www.sec.gov/Archives/edgar/data/1609253/000160925326000122/crc-20260714.htm;https://www.sec.gov/Archives/edgar/data/1609253/000160925326000127/crc-20260810.htm;https://www.sec.gov/Archives/edgar/data/1609253/000160925326000127/a2026q2erex991.htm,NOT_RECORDED_PER_REQUEST,2026-10-05T16:08:01Z,2026-10-05,publication_drain_20261005T064921Z_43a1e040,TRUE_AMBIGUOUS_PUBLICATION,PRELIMINARY_DERIVATIVE_METRICS_VS_RESULTS,P2,HIGH_CURRENT_CONTRACT,Two distinct SEC 8-K accessions carry same-priority quarter-related disclosures: preliminary derivative metrics vs results. No reviewed preliminary/partial/revision preference exists; neither earliest nor latest is safe by default.,Operator review of publication-event eligibility and preliminary/final policy; preserve NULL and both evidence rows until explicit rule approval.,PARTIAL_PRELIMINARY_REVISION_VS_RESULTS
PLUG,1755,SEC_CIK:0001093691,PLUG,1765,196257,0001093691,2026,Q2,62556,2026-06-30,2026-Q2,2026-06-30,2026-08-10,2026-08-10,AMBIGUOUS,NOT_RECORDED,2026-10-05T06:51:07Z,NOT_RECORDED,1,2026-10-05T06:51:07Z,MULTIPLE_VALID_CANDIDATES,SAME_PRIORITY_AUTHORITATIVE_EVIDENCE_CONFLICT,2,2,2,NOT_RECORDED,NOT_RECORDED,2026-09-28T19:05:58Z,2026-09-28T19:05:58Z,NULL,NONE_STORED;issuer_search_not_exhaustive,CANONICAL_ACCEPTED;authority_quarter_id_equal;forecast_links_NOT_AUDITED,UNIQUE_ACTIVE_CIK;no_blocker_proven,SHARADAR:7a21dedb14367c7bdd9681d7c3bf08688fb0dd2af70f09edead22393075a09ac:SHARADAR_ARQ_PRIMARY_V1:HIGH,0459bb485fb84ad4531193ad4030023cc066126ea76670538e1a7face88354d7;57ef97be4927cb5a9b08d8e251870a2db49b1a532f964a0b393df0ba05a8827c,8-K|2026-07-13T11:15:41Z|0001104659-26-082854|CIK_ITEM_2_02_EXACT_PERIOD_END;8-K|2026-08-10T20:01:21Z|0001104659-26-093339|CIK_ITEM_2_02_EXACT_PERIOD_END,0,0,4,4,https://www.sec.gov/Archives/edgar/data/1093691/000110465926082854/tm2620282d1_8k.htm#sha256=6df8056b588ba72c3f8355235fb4d7e13eae973876f0e65e9a7d1f547b3a5982;https://www.sec.gov/Archives/edgar/data/1093691/000110465926082854/tm2620282d1_ex99-1.htm#sha256=a5be8429f8789c4e8b2f7d9f4aec563984aa47a5145f13744ec38ff2f25b56bf;https://www.sec.gov/Archives/edgar/data/1093691/000110465926093339/tm2622713d1_8k.htm#sha256=15f38e335f0471c6dfecf06bc2c89695cca2009d02e78e4b8dfb1178f5c43563;https://www.sec.gov/Archives/edgar/data/1093691/000110465926093339/tm2622713d1_ex99-1.htm#sha256=f15ebd04150b3de2792f9f957fa8e69012d3ede4bfe87c921beb842146ca2335,https://www.sec.gov/Archives/edgar/data/1093691/000110465926082854/tm2620282d1_8k.htm;https://www.sec.gov/Archives/edgar/data/1093691/000110465926093339/tm2622713d1_8k.htm;https://www.sec.gov/Archives/edgar/data/1093691/000110465926082854/tm2620282d1_ex99-1.htm;https://www.sec.gov/Archives/edgar/data/1093691/000110465926093339/tm2622713d1_ex99-1.htm,NOT_RECORDED_PER_REQUEST,2026-10-05T16:08:01Z,2026-10-05,publication_drain_20261005T064921Z_43a1e040,TRUE_AMBIGUOUS_PUBLICATION,PRELIMINARY_CASH_VS_RESULTS,P2,HIGH_CURRENT_CONTRACT,Two distinct SEC 8-K accessions carry same-priority quarter-related disclosures: preliminary cash vs results. No reviewed preliminary/partial/revision preference exists; neither earliest nor latest is safe by default.,Operator review of publication-event eligibility and preliminary/final policy; preserve NULL and both evidence rows until explicit rule approval.,PARTIAL_PRELIMINARY_REVISION_VS_RESULTS
RDVT,1860,SEC_CIK:0001720116,RDVT,1870,120128,0001720116,2026,Q2,66318,2026-06-30,2026-Q2,2026-06-30,2026-08-10,2026-08-10,AMBIGUOUS,NOT_RECORDED,2026-10-05T06:51:09Z,NOT_RECORDED,1,2026-10-05T06:51:09Z,MULTIPLE_VALID_CANDIDATES,SAME_PRIORITY_AUTHORITATIVE_EVIDENCE_CONFLICT,2,2,2,NOT_RECORDED,NOT_RECORDED,2026-09-28T19:12:13Z,2026-09-28T19:12:13Z,NULL,NONE_STORED;issuer_search_not_exhaustive,CANONICAL_ACCEPTED;authority_quarter_id_equal;forecast_links_NOT_AUDITED,UNIQUE_ACTIVE_CIK;no_blocker_proven,SHARADAR:aae07915ef239d723c1d17b70d890fe1e9c189c106037320984ccf306fd04f69:SHARADAR_ARQ_PRIMARY_V1:HIGH,daad430d100b2abafcbbbc7c29e41f859597f1cf8f9c9c406d83ba30f2d78b61;56da86bcb40c4b0940977550b84fb0172461fbf12748b772f0957f4e968a6d8b,8-K|2026-08-05T20:05:42Z|0001193125-26-335043|CIK_ITEM_2_02_EXACT_PERIOD_END;8-K|2026-08-11T21:26:49Z|0001193125-26-345050|CIK_ITEM_2_02_EXACT_PERIOD_END,0,0,4,4,https://www.sec.gov/Archives/edgar/data/1720116/000119312526335043/rdvt-20260805.htm#sha256=4519cdef2f3b4da2acfc78e0ebe46a6732f25e2a176115a38ac31670a8bb1ee4;https://www.sec.gov/Archives/edgar/data/1720116/000119312526345050/rdvt-20260810.htm#sha256=8b20d65a16690d9fc3373911e9362486fc528e44d47a1afaceec1a86e456f226;https://www.sec.gov/Archives/edgar/data/1720116/000119312526345050/rdvt-ex99_1.htm#sha256=c58da10a562f79d629b46ea171aafdb3e5135d36d6aa026ca45d13f75d629e11;https://www.sec.gov/Archives/edgar/data/1720116/000119312526345050/rdvt-ex99_2.htm#sha256=87ab311822f6131332f1f05557e60ba7392145f385c7f70cd0b974beb96b4a66,https://www.sec.gov/Archives/edgar/data/1720116/000119312526335043/rdvt-20260805.htm;https://www.sec.gov/Archives/edgar/data/1720116/000119312526345050/rdvt-20260810.htm;https://www.sec.gov/Archives/edgar/data/1720116/000119312526345050/rdvt-ex99_1.htm;https://www.sec.gov/Archives/edgar/data/1720116/000119312526345050/rdvt-ex99_2.htm,NOT_RECORDED_PER_REQUEST,2026-10-05T16:08:01Z,2026-10-05,publication_drain_20261005T064921Z_43a1e040,TRUE_AMBIGUOUS_PUBLICATION,PRELIMINARY_QUARTER_VS_FINAL,P2,HIGH_CURRENT_CONTRACT,Two distinct SEC 8-K accessions carry same-priority quarter-related disclosures: preliminary quarter vs final. No reviewed preliminary/partial/revision preference exists; neither earliest nor latest is safe by default.,Operator review of publication-event eligibility and preliminary/final policy; preserve NULL and both evidence rows until explicit rule approval.,PARTIAL_PRELIMINARY_REVISION_VS_RESULTS
RXT,1938,SEC_CIK:0001810019,RXT,1948,631760,0001810019,2026,Q2,69042,2026-06-30,2026-Q2,2026-06-30,2026-08-10,2026-08-10,AMBIGUOUS,NOT_RECORDED,2026-10-05T06:51:11Z,NOT_RECORDED,1,2026-10-05T06:51:11Z,MULTIPLE_VALID_CANDIDATES,SAME_PRIORITY_AUTHORITATIVE_EVIDENCE_CONFLICT,2,2,2,NOT_RECORDED,NOT_RECORDED,2026-09-28T19:16:14Z,2026-09-28T19:16:14Z,NULL,NONE_STORED;issuer_search_not_exhaustive,CANONICAL_ACCEPTED;authority_quarter_id_equal;forecast_links_NOT_AUDITED,UNIQUE_ACTIVE_CIK;no_blocker_proven,SHARADAR:6cc36da7b0e75f619ed6121dceeceb8a88d2cdae01acf044d22e63bde9da2d12:SHARADAR_ARQ_PRIMARY_V1:HIGH,3513c1fc8eeb4fbdb6ed025090a3791f7eba7f00c5f9a69b60dabab9fda04581;c05db24c28e50ddc0749e564d886b47f8c18ca406a0b9c5cc77edf18e7f6629b,8-K|2026-07-09T12:13:03Z|0001810019-26-000078|CIK_ITEM_2_02_EXACT_PERIOD_END;8-K|2026-08-10T20:08:51Z|0001810019-26-000092|CIK_ITEM_2_02_EXACT_PERIOD_END,0,0,4,4,https://www.sec.gov/Archives/edgar/data/1810019/000181001926000078/rxt-20260702.htm#sha256=3293603b1d11a012214cd34b05f1fb73d4ee0ea7102c364a2877170ac16f52d2;https://www.sec.gov/Archives/edgar/data/1810019/000181001926000078/ex991-pressrelease.htm#sha256=a9f817d1b3836ca8faddee1b066410e394809428cc5623358d868ee8baa0710b;https://www.sec.gov/Archives/edgar/data/1810019/000181001926000092/rxt-20260810.htm#sha256=1ed74ef9fec8ed16a981b70f1eb0194c61f1b13b5056c6f8ff5b0b4deb2529e5;https://www.sec.gov/Archives/edgar/data/1810019/000181001926000092/rxt991_q22026.htm#sha256=376a33c9fb5178403607c402ae54bb2d70f1a5936e940b99bd78ffee1ede37c5,https://www.sec.gov/Archives/edgar/data/1810019/000181001926000078/rxt-20260702.htm;https://www.sec.gov/Archives/edgar/data/1810019/000181001926000092/rxt-20260810.htm;https://www.sec.gov/Archives/edgar/data/1810019/000181001926000078/ex991-pressrelease.htm;https://www.sec.gov/Archives/edgar/data/1810019/000181001926000092/rxt991_q22026.htm,NOT_RECORDED_PER_REQUEST,2026-10-05T16:08:01Z,2026-10-05,publication_drain_20261005T064921Z_43a1e040,TRUE_AMBIGUOUS_PUBLICATION,PRELIMINARY_QUARTER_VS_FINAL,P2,HIGH_CURRENT_CONTRACT,Two distinct SEC 8-K accessions carry same-priority quarter-related disclosures: preliminary quarter vs final. No reviewed preliminary/partial/revision preference exists; neither earliest nor latest is safe by default.,Operator review of publication-event eligibility and preliminary/final policy; preserve NULL and both evidence rows until explicit rule approval.,PARTIAL_PRELIMINARY_REVISION_VS_RESULTS
AMR,145,SEC_CIK:0001704715,AMR,145,113510,0001704715,2026,Q2,5104,2026-06-30,2026-Q2,2026-06-30,2026-08-07,2026-08-07,AMBIGUOUS,NOT_RECORDED,2026-10-05T06:50:44Z,NOT_RECORDED,1,2026-10-05T06:50:44Z,MULTIPLE_VALID_CANDIDATES,SAME_PRIORITY_AUTHORITATIVE_EVIDENCE_CONFLICT,2,2,2,NOT_RECORDED,NOT_RECORDED,2026-09-28T17:17:40Z,2026-09-28T17:17:40Z,NULL,NONE_STORED;issuer_search_not_exhaustive,CANONICAL_ACCEPTED;authority_quarter_id_equal;forecast_links_NOT_AUDITED,UNIQUE_ACTIVE_CIK;no_blocker_proven,SHARADAR:77ef1307aa34945c0b6fd36df1911d438e4f82202b6086508fd5d84ae0e094d8:SHARADAR_ARQ_PRIMARY_V1:HIGH,effcb0509eaea9ae2dd7d9dbeb5729dd8c2892b9a496da634924db6bd6dfc4c1;e8b696fb5ee008198bef913a3c1d735e4ce77977ae894304b964b6987b229a59,8-K|2026-07-27T12:02:06Z|0001704715-26-000025|CIK_ITEM_2_02_EXACT_PERIOD_END;8-K|2026-08-07T11:32:23Z|0001704715-26-000030|CIK_ITEM_2_02_EXACT_PERIOD_END,0,0,4,4,https://www.sec.gov/Archives/edgar/data/1704715/000170471526000025/amr-20260727.htm#sha256=e39f2485bc5d88871db1a9ec52d7cf0e0488704db36069b40eebcbabbe70b380;https://www.sec.gov/Archives/edgar/data/1704715/000170471526000025/a072726preliminarypressrel.htm#sha256=ef3cbf58de9b5ef4d9489309815b1d2b3c17da128b831a7c26c953a84e163cd9;https://www.sec.gov/Archives/edgar/data/1704715/000170471526000030/amr-20260807.htm#sha256=a712dec5a83c8b4660b979e5c7a0ad5786934398ce55aec49952923ef1f59583;https://www.sec.gov/Archives/edgar/data/1704715/000170471526000030/pressrelease6302026.htm#sha256=85a4593cab6271e0da29d4d8b708ab5b24375a8d9975c13cb3507e7884b142e9,https://www.sec.gov/Archives/edgar/data/1704715/000170471526000025/amr-20260727.htm;https://www.sec.gov/Archives/edgar/data/1704715/000170471526000030/amr-20260807.htm;https://www.sec.gov/Archives/edgar/data/1704715/000170471526000025/a072726preliminarypressrel.htm;https://www.sec.gov/Archives/edgar/data/1704715/000170471526000030/pressrelease6302026.htm,NOT_RECORDED_PER_REQUEST,2026-10-05T16:08:01Z,2026-10-05,publication_drain_20261005T064921Z_43a1e040,TRUE_AMBIGUOUS_PUBLICATION,PRELIMINARY_QUARTER_VS_FINAL,P2,HIGH_CURRENT_CONTRACT,Two distinct SEC 8-K accessions carry same-priority quarter-related disclosures: preliminary quarter vs final. No reviewed preliminary/partial/revision preference exists; neither earliest nor latest is safe by default.,Operator review of publication-event eligibility and preliminary/final policy; preserve NULL and both evidence rows until explicit rule approval.,PARTIAL_PRELIMINARY_REVISION_VS_RESULTS
ARKO,195,SEC_CIK:0001823794,ARKO,195,110644,0001823794,2026,Q2,6924,2026-06-30,2026-Q2,2026-06-30,2026-08-07,2026-08-07,AMBIGUOUS,NOT_RECORDED,2026-10-05T06:50:48Z,NOT_RECORDED,1,2026-10-05T06:50:48Z,MULTIPLE_VALID_CANDIDATES,SAME_PRIORITY_AUTHORITATIVE_EVIDENCE_CONFLICT,2,2,2,NOT_RECORDED,NOT_RECORDED,2026-09-28T17:20:29Z,2026-09-28T17:20:29Z,NULL,NONE_STORED;issuer_search_not_exhaustive,CANONICAL_ACCEPTED;authority_quarter_id_equal;forecast_links_NOT_AUDITED,UNIQUE_ACTIVE_CIK;no_blocker_proven,SHARADAR:8f9e0dab1344dbb985ffd63fa685921a4c5e0ac52e9d0e5388cdc3dc0c7a06ac:SHARADAR_ARQ_PRIMARY_V1:HIGH,47b28c221a6c1751739d4435d13094315655c6e8c4ed1bfb6059f89bac02049b;8429335219bacce5386acc706bb8282cabf4a2ab63c14521e91fa2c7a81be9a7,8-K|2026-08-06T20:08:30Z|0001193125-26-337978|CIK_ITEM_2_02_EXACT_PERIOD_END;8-K|2026-08-07T11:00:16Z|0001193125-26-339092|CIK_ITEM_2_02_EXACT_PERIOD_END,0,0,4,4,https://www.sec.gov/Archives/edgar/data/1823794/000119312526337978/arko-20260806.htm#sha256=a0316645eaa92f609075ce970b3f59af124a4277b9fa588e604a294526905218;https://www.sec.gov/Archives/edgar/data/1823794/000119312526337978/arko-ex99_1.htm#sha256=7a4535900235412151e49f0f33bb3a363b1f99df6a00d2d718f7e97bb3df6193;https://www.sec.gov/Archives/edgar/data/1823794/000119312526339092/arko-20260807.htm#sha256=bc2d0d50a524bb729c25a13022da466235e48ff686852c7bbdb112ac89dd5185;https://www.sec.gov/Archives/edgar/data/1823794/000119312526339092/arko-ex99_1.htm#sha256=87d17b9a90a75c164fa8c5395b84b2c4769c07ac9ed1abb23f866e1ff202c2b8,https://www.sec.gov/Archives/edgar/data/1823794/000119312526337978/arko-20260806.htm;https://www.sec.gov/Archives/edgar/data/1823794/000119312526339092/arko-20260807.htm;https://www.sec.gov/Archives/edgar/data/1823794/000119312526337978/arko-ex99_1.htm;https://www.sec.gov/Archives/edgar/data/1823794/000119312526339092/arko-ex99_1.htm,NOT_RECORDED_PER_REQUEST,2026-10-05T16:08:01Z,2026-10-05,publication_drain_20261005T064921Z_43a1e040,TRUE_AMBIGUOUS_PUBLICATION,SUBSIDIARY_PARENT_PARTIAL_DISCLOSURE_VS_PARENT_RESULTS,P2,HIGH_CURRENT_CONTRACT,Two distinct SEC 8-K accessions carry same-priority quarter-related disclosures: subsidiary parent partial disclosure vs parent results. No reviewed preliminary/partial/revision preference exists; neither earliest nor latest is safe by default.,Operator review of publication-event eligibility and preliminary/final policy; preserve NULL and both evidence rows until explicit rule approval.,PARTIAL_PRELIMINARY_REVISION_VS_RESULTS
APA,168,SEC_CIK:0001841666,APA,168,199952,0001841666,2026,Q2,5948,2026-06-30,2026-Q2,2026-06-30,2026-08-06,2026-08-06,AMBIGUOUS,NOT_RECORDED,2026-10-05T06:50:47Z,NOT_RECORDED,1,2026-10-05T06:50:47Z,MULTIPLE_VALID_CANDIDATES,SAME_PRIORITY_AUTHORITATIVE_EVIDENCE_CONFLICT,2,2,2,NOT_RECORDED,NOT_RECORDED,2026-09-28T17:18:40Z,2026-09-28T17:18:40Z,NULL,NONE_STORED;issuer_search_not_exhaustive,CANONICAL_ACCEPTED;authority_quarter_id_equal;forecast_links_NOT_AUDITED,UNIQUE_ACTIVE_CIK;no_blocker_proven,SHARADAR:329b7256c0efa2cea3b08c6758d05816f4365492d920cb0c1d26abb5e802d172:SHARADAR_ARQ_PRIMARY_V1:HIGH,97c322827063b9678c892a73b264042ef5a597ed78fa3b0008b9cfbbe46f32ce;358eca7311766f1960602685f6bdb434b6840f646b7f340bf5782582fb0a4626,8-K|2026-07-08T21:07:26Z|0001841666-26-000045|CIK_ITEM_2_02_EXACT_PERIOD_END;8-K|2026-08-05T20:33:08Z|0001841666-26-000050|CIK_ITEM_2_02_EXACT_PERIOD_END,0,0,3,3,https://www.sec.gov/Archives/edgar/data/1841666/000184166626000045/apa8k-20260708.htm#sha256=5a2d4c84c1d0b372d9b90675981d4b0d1e2b9ccf2a409feac671f6bfe6e04a6b;https://www.sec.gov/Archives/edgar/data/1841666/000184166626000050/apa8k-20260805.htm#sha256=0d0ad9f71176b7b6af0963d4e07d76b2b224032abf6c0fbb5b32050bbf91a9cc;https://www.sec.gov/Archives/edgar/data/1841666/000184166626000050/exhibit9912q26earningsrele.htm#sha256=5e231839848161571524de999848cfccb1494b0e0070f1ad4b8a6bdd6acf4f38,https://www.sec.gov/Archives/edgar/data/1841666/000184166626000045/apa8k-20260708.htm;https://www.sec.gov/Archives/edgar/data/1841666/000184166626000050/apa8k-20260805.htm;https://www.sec.gov/Archives/edgar/data/1841666/000184166626000050/exhibit9912q26earningsrele.htm,NOT_RECORDED_PER_REQUEST,2026-10-05T16:08:01Z,2026-10-05,publication_drain_20261005T064921Z_43a1e040,TRUE_AMBIGUOUS_PUBLICATION,SUPPLEMENTAL_OPERATING_DATA_VS_RESULTS,P2,HIGH_CURRENT_CONTRACT,Two distinct SEC 8-K accessions carry same-priority quarter-related disclosures: supplemental operating data vs results. No reviewed preliminary/partial/revision preference exists; neither earliest nor latest is safe by default.,Operator review of publication-event eligibility and preliminary/final policy; preserve NULL and both evidence rows until explicit rule approval.,PARTIAL_PRELIMINARY_REVISION_VS_RESULTS
CF,448,SEC_CIK:0001324404,CF,449,194851,0001324404,2026,Q2,15728,2026-06-30,2026-Q2,2026-06-30,2026-08-06,2026-08-06,AMBIGUOUS,NOT_RECORDED,2026-10-05T06:50:51Z,NOT_RECORDED,1,2026-10-05T06:50:51Z,MULTIPLE_VALID_CANDIDATES,SAME_PRIORITY_AUTHORITATIVE_EVIDENCE_CONFLICT,2,2,2,NOT_RECORDED,NOT_RECORDED,2026-09-28T17:36:24Z,2026-09-28T17:36:24Z,NULL,NONE_STORED;issuer_search_not_exhaustive,CANONICAL_ACCEPTED;authority_quarter_id_equal;forecast_links_NOT_AUDITED,UNIQUE_ACTIVE_CIK;no_blocker_proven,SHARADAR:36b4b0d74049dd11bc2d7a5541c121cc187efea0fa87c5504b58af0e6c542ace:SHARADAR_ARQ_PRIMARY_V1:HIGH,f5eecdc0a6be0d086395068ac30dbf5109a8ec657a6630bb7f02537feec913be;fe37243afcb6989ffefb9173dd2aee8920d01f056990148660d6214e580eee79,8-K|2026-08-05T20:42:56Z|0001324404-26-000017|CIK_ITEM_2_02_EXACT_PERIOD_END;8-K|2026-08-05T21:22:46Z|0001104659-26-091275|CIK_ITEM_2_02_EXACT_PERIOD_END,0,0,4,4,https://www.sec.gov/Archives/edgar/data/1324404/000132440426000017/cf-20260805.htm#sha256=cfd49e12a6df3777fe3b891749f955b877affb7acbde1a9a533da70efca4ce3b;https://www.sec.gov/Archives/edgar/data/1324404/000132440426000017/cf-08052026_ex991xearnings.htm#sha256=00cb33e6cc03f491e24963ecf7dc3cffe49f3e1ffe6531078b3d6a33ddf921a0;https://www.sec.gov/Archives/edgar/data/1324404/000110465926091275/tm2622111d1_8k.htm#sha256=b728afff66aff9d28757c57354ea313ab1771a865bf41908808784e8a3e974e3;https://www.sec.gov/Archives/edgar/data/1324404/000110465926091275/tm2622111d1_ex99-1.htm#sha256=2913aa1231af9db2adc4c4bc55a28b05441505f78439ed76908b1d9ce8929909,https://www.sec.gov/Archives/edgar/data/1324404/000132440426000017/cf-20260805.htm;https://www.sec.gov/Archives/edgar/data/1324404/000110465926091275/tm2622111d1_8k.htm;https://www.sec.gov/Archives/edgar/data/1324404/000132440426000017/cf-08052026_ex991xearnings.htm;https://www.sec.gov/Archives/edgar/data/1324404/000110465926091275/tm2622111d1_ex99-1.htm,NOT_RECORDED_PER_REQUEST,2026-10-05T16:08:01Z,2026-10-05,publication_drain_20261005T064921Z_43a1e040,RESOLVER_COVERAGE_GAP,REPEATED_RESULTS_PRESENTATION,P1,HIGH_LIKELY_COVERAGE_GAP,Separate earnings release and conference-call presentation reference the same results; event novelty is not checked.,"Implement focused future resolver recognition/event-context change with positive and negative fixtures; replay on copy only, preserve hierarchy and conflict handling.",NON_RESULT_OR_REPEATED_EVENT_CONTEXT
DMLP,688,SEC_CIK:0001172358,DMLP,689,195591,0001172358,2026,Q2,24354,2026-06-30,2026-Q2,2026-06-30,2026-08-06,2026-08-06,AMBIGUOUS,NOT_RECORDED,2026-10-05T06:50:54Z,NOT_RECORDED,1,2026-10-05T06:50:54Z,MULTIPLE_VALID_CANDIDATES,SAME_PRIORITY_AUTHORITATIVE_EVIDENCE_CONFLICT,2,2,2,NOT_RECORDED,NOT_RECORDED,2026-09-28T17:57:25Z,2026-09-28T17:57:25Z,NULL,NONE_STORED;issuer_search_not_exhaustive,CANONICAL_ACCEPTED;authority_quarter_id_equal;forecast_links_NOT_AUDITED,UNIQUE_ACTIVE_CIK;no_blocker_proven,SHARADAR:c59b1971c8e3fb7d979e1a44efbcc69281ad3b59e0eb6767e496155320a4fb18:SHARADAR_ARQ_PRIMARY_V1:HIGH,e5e4d673512067c1aea8e8da4c4e6cef13980ee8b0b7db416cf86170ff62fda5;77e40d4c83983b9f0f4ac49b1099f9e4427d201082fd500e9e257343f7bf873d,8-K|2026-07-23T20:02:06Z|0001437749-26-024295|CIK_ITEM_2_02_EXACT_PERIOD_END;8-K|2026-08-07T00:18:10Z|0001437749-26-026405|CIK_ITEM_2_02_EXACT_PERIOD_END,0,0,3,3,https://www.sec.gov/Archives/edgar/data/1172358/000143774926024295/dmlp20260723_8k.htm#sha256=63713c4956505b832e23a5dc973525e0f240c82020e06dc5cbdd174e2b669466;https://www.sec.gov/Archives/edgar/data/1172358/000143774926024295/ex_992149.htm#sha256=7fe7d759db10d504e41833b1afed358bbc0f403f99916a19b62a437208284b4c;https://www.sec.gov/Archives/edgar/data/1172358/000143774926026405/dmlp20260806_8k.htm#sha256=844b9b5777f96e95978c2e09bb4854301a6b638f81a94ec816e992e8c13d892b,https://www.sec.gov/Archives/edgar/data/1172358/000143774926024295/dmlp20260723_8k.htm;https://www.sec.gov/Archives/edgar/data/1172358/000143774926026405/dmlp20260806_8k.htm;https://www.sec.gov/Archives/edgar/data/1172358/000143774926024295/ex_992149.htm,NOT_RECORDED_PER_REQUEST,2026-10-05T16:08:01Z,2026-10-05,publication_drain_20261005T064921Z_43a1e040,RESOLVER_COVERAGE_GAP,DISTRIBUTION_VS_EARNINGS_EVENT,P1,HIGH_LIKELY_COVERAGE_GAP,"Cash distribution and cash receipts release versus separate quarterly earnings release; review event eligibility, not timestamp order.","Implement focused future resolver recognition/event-context change with positive and negative fixtures; replay on copy only, preserve hierarchy and conflict handling.",NON_RESULT_OR_REPEATED_EVENT_CONTEXT
PDYN,1712,SEC_CIK:0001826681,PDYN,1722,632991,0001826681,2026,Q2,61017,2026-06-30,2026-Q2,2026-06-30,2026-08-06,2026-08-06,AMBIGUOUS,NOT_RECORDED,2026-10-05T06:51:06Z,NOT_RECORDED,1,2026-10-05T06:51:06Z,MULTIPLE_VALID_CANDIDATES,SAME_PRIORITY_AUTHORITATIVE_EVIDENCE_CONFLICT,2,2,2,NOT_RECORDED,NOT_RECORDED,2026-09-28T19:03:43Z,2026-09-28T19:03:43Z,NULL,NONE_STORED;issuer_search_not_exhaustive,CANONICAL_ACCEPTED;authority_quarter_id_equal;forecast_links_NOT_AUDITED,UNIQUE_ACTIVE_CIK;no_blocker_proven,SHARADAR:8fc39e10cd8b3d7a3427c7a8dc3b3aa9780007e69ded8775fda6e3430a9f8d87:SHARADAR_ARQ_PRIMARY_V1:HIGH,9bad2edad3f628b2ecdfd6c7430edbfd38579062e95f1639a91839da23b70c1d;528bfb4b183e7d74f635a363f7edc9031b83a2ad48c703e3d1a17be9b3b603e6,8-K|2026-07-08T11:04:42Z|0001193125-26-297985|CIK_ITEM_2_02_EXACT_PERIOD_END;8-K|2026-08-06T10:47:17Z|0001193125-26-336621|CIK_ITEM_2_02_EXACT_PERIOD_END,0,0,4,4,https://www.sec.gov/Archives/edgar/data/1826681/000119312526297985/pdyn-20260708.htm#sha256=7ff990037e4e734a3596a147b3aa922f6dfbe789946afbbd3c00f18515ad1cc0;https://www.sec.gov/Archives/edgar/data/1826681/000119312526297985/pdyn-ex99_1.htm#sha256=6634c6df19d4e392d512b932d9176b00ec2f22f45fb0696710b4391394ee348c;https://www.sec.gov/Archives/edgar/data/1826681/000119312526336621/pdyn-20260806.htm#sha256=6563e34f11e5c9148993fce4030126066d3430eed7106d9ad55f960f695c67a9;https://www.sec.gov/Archives/edgar/data/1826681/000119312526336621/pdyn-ex99_1.htm#sha256=7f7687007eccada0b5498c714ceb1d6829920839c3de04e9a01e9436d5303b08,https://www.sec.gov/Archives/edgar/data/1826681/000119312526297985/pdyn-20260708.htm;https://www.sec.gov/Archives/edgar/data/1826681/000119312526336621/pdyn-20260806.htm;https://www.sec.gov/Archives/edgar/data/1826681/000119312526297985/pdyn-ex99_1.htm;https://www.sec.gov/Archives/edgar/data/1826681/000119312526336621/pdyn-ex99_1.htm,NOT_RECORDED_PER_REQUEST,2026-10-05T16:08:01Z,2026-10-05,publication_drain_20261005T064921Z_43a1e040,TRUE_AMBIGUOUS_PUBLICATION,PRELIMINARY_QUARTER_VS_FINAL,P2,HIGH_CURRENT_CONTRACT,Two distinct SEC 8-K accessions carry same-priority quarter-related disclosures: preliminary quarter vs final. No reviewed preliminary/partial/revision preference exists; neither earliest nor latest is safe by default.,Operator review of publication-event eligibility and preliminary/final policy; preserve NULL and both evidence rows until explicit rule approval.,PARTIAL_PRELIMINARY_REVISION_VS_RESULTS
RGLD,1878,SEC_CIK:0000085535,RGLD,1888,199383,0000085535,2026,Q2,66897,2026-06-30,2026-Q2,2026-06-30,2026-08-06,2026-08-06,AMBIGUOUS,NOT_RECORDED,2026-10-05T06:51:11Z,NOT_RECORDED,1,2026-10-05T06:51:11Z,MULTIPLE_VALID_CANDIDATES,SAME_PRIORITY_AUTHORITATIVE_EVIDENCE_CONFLICT,2,2,2,NOT_RECORDED,NOT_RECORDED,2026-09-28T19:13:14Z,2026-09-28T19:13:14Z,NULL,NONE_STORED;issuer_search_not_exhaustive,CANONICAL_ACCEPTED;authority_quarter_id_equal;forecast_links_NOT_AUDITED,UNIQUE_ACTIVE_CIK;no_blocker_proven,SHARADAR:f7f9baa6cff14ea997667a4f512f9875d1c8473bb98db2dda5bb979e7f55f7b0:SHARADAR_ARQ_PRIMARY_V1:HIGH,5cac676db9acc1f1bfa2717bacc844d811e0d9d8b7a18712f5255817e048d548;f5df4be4ece7ae0acfcafa553326842594cb71bab089229ae8c3899196bf4038,8-K|2026-07-21T13:05:12Z|0000085535-26-000032|CIK_ITEM_2_02_EXACT_PERIOD_END;8-K|2026-08-05T21:14:50Z|0000085535-26-000038|CIK_ITEM_2_02_EXACT_PERIOD_END,0,0,4,4,https://www.sec.gov/Archives/edgar/data/85535/000008553526000032/rgld-20260721.htm#sha256=bd1f1d9b43c92e5d5669099c1dcd47382661183f3f46f275a99900d0ff7117cb;https://www.sec.gov/Archives/edgar/data/85535/000008553526000032/ex991q22026prequarterrelea.htm#sha256=4375efbe438398ff73a6adcc12412a7cad8edcc1b4abebbe01089c681a577d29;https://www.sec.gov/Archives/edgar/data/85535/000008553526000038/rgld-20260805.htm#sha256=bb4df47ecfcda8a33b0d272aff8fed937eaee81040fbe456d625c304cfffc283;https://www.sec.gov/Archives/edgar/data/85535/000008553526000038/rgld-20260805xexx991.htm#sha256=716b53c3cea80670186108d9d53b9196d7477cf6b004ee304095d5d69b02361b,https://www.sec.gov/Archives/edgar/data/85535/000008553526000032/rgld-20260721.htm;https://www.sec.gov/Archives/edgar/data/85535/000008553526000038/rgld-20260805.htm;https://www.sec.gov/Archives/edgar/data/85535/000008553526000032/ex991q22026prequarterrelea.htm;https://www.sec.gov/Archives/edgar/data/85535/000008553526000038/rgld-20260805xexx991.htm,NOT_RECORDED_PER_REQUEST,2026-10-05T16:08:01Z,2026-10-05,publication_drain_20261005T064921Z_43a1e040,TRUE_AMBIGUOUS_PUBLICATION,PRELIMINARY_METRICS_VS_RESULTS,P2,HIGH_CURRENT_CONTRACT,Two distinct SEC 8-K accessions carry same-priority quarter-related disclosures: preliminary metrics vs results. No reviewed preliminary/partial/revision preference exists; neither earliest nor latest is safe by default.,Operator review of publication-event eligibility and preliminary/final policy; preserve NULL and both evidence rows until explicit rule approval.,PARTIAL_PRELIMINARY_REVISION_VS_RESULTS
SM,2026,SEC_CIK:0000893538,SM,2036,197716,0000893538,2026,Q2,72047,2026-06-30,2026-Q2,2026-06-30,2026-08-06,2026-08-06,AMBIGUOUS,NOT_RECORDED,2026-10-05T06:51:15Z,NOT_RECORDED,1,2026-10-05T06:51:15Z,MULTIPLE_VALID_CANDIDATES,SAME_PRIORITY_AUTHORITATIVE_EVIDENCE_CONFLICT,2,2,2,NOT_RECORDED,NOT_RECORDED,2026-09-28T19:21:10Z,2026-09-28T19:21:10Z,NULL,NONE_STORED;issuer_search_not_exhaustive,CANONICAL_ACCEPTED;authority_quarter_id_equal;forecast_links_NOT_AUDITED,UNIQUE_ACTIVE_CIK;no_blocker_proven,SHARADAR:b7c4fb8eff704e01b26ab06a605130a80b66816938c28d57d3bff5ecf12d4ff2:SHARADAR_ARQ_PRIMARY_V1:HIGH,6ec3080bd20cc787e22dec2a59f8685bb99bf36c3e3d8aee33523ae7fdf77ac1;c3a2b0821bc8f94a4a2c3305d527e63aa778feea9d13f4cef6927926a7df046d,8-K|2026-07-16T20:15:15Z|0000893538-26-000104|CIK_ITEM_2_02_EXACT_PERIOD_END;8-K|2026-08-05T20:18:04Z|0000893538-26-000119|CIK_ITEM_2_02_EXPLICIT_FISCAL_QUARTER,0,0,3,3,https://www.sec.gov/Archives/edgar/data/893538/000089353826000104/sm-20260716.htm#sha256=95f058e2b1d69f63248b99a61bc613c200bf3d5b42d0ba1b3647531bc6a8a86d;https://www.sec.gov/Archives/edgar/data/893538/000089353826000119/sm-20260805.htm#sha256=752993ac5d4683a55bf6d8add6bf7672b368fa1b79a916e8d837c577c1e3371d;https://www.sec.gov/Archives/edgar/data/893538/000089353826000119/exhibit99108052026er.htm#sha256=ed063b73d09828f375dd69f4f3bfd75be048d3796562fad58194170f5dbfa913,https://www.sec.gov/Archives/edgar/data/893538/000089353826000104/sm-20260716.htm;https://www.sec.gov/Archives/edgar/data/893538/000089353826000119/sm-20260805.htm;https://www.sec.gov/Archives/edgar/data/893538/000089353826000119/exhibit99108052026er.htm,NOT_RECORDED_PER_REQUEST,2026-10-05T16:08:01Z,2026-10-05,publication_drain_20261005T064921Z_43a1e040,TRUE_AMBIGUOUS_PUBLICATION,EARNINGS_CONSIDERATIONS_VS_RESULTS,P2,HIGH_CURRENT_CONTRACT,Two distinct SEC 8-K accessions carry same-priority quarter-related disclosures: earnings considerations vs results. No reviewed preliminary/partial/revision preference exists; neither earliest nor latest is safe by default.,Operator review of publication-event eligibility and preliminary/final policy; preserve NULL and both evidence rows until explicit rule approval.,PARTIAL_PRELIMINARY_REVISION_VS_RESULTS
