company_id,fiscal_year,fiscal_quarter,current_quarter_id,ticker_display,classification,distinct_parent_accession_count,unresolved_competing_context,utc_date_boundary,new_york_date_boundary,eligibility_changed,independent_reasons,current_resolver_status,reviewed_diagnostic_status,historical_classification_after,comparisons
9,2025,Q4,365,ABAT,TIMESTAMP_PLUS_INDEPENDENT_AMBIGUITY,2,False,True,False,False,DISTINCT_PARENT_ACCESSIONS_WITHOUT_REVIEWED_EXCLUSION_OR_PRECEDENCE,AMBIGUOUS,REVIEW,LEGACY_AMBIGUITY,"[{""accession"":""0001493152-25-014076"",""classification"":""TIMESTAMP_PLUS_INDEPENDENT_AMBIGUITY"",""current_evidence_hash"":""b3e9894e20aa2a90d192a59a5073dd48c227963832f97ae4c4b0aeff2c0e33f9"",""current_timestamp"":""2025-09-19T00:36:33Z"",""eligibility_changed"":false,""equivalent"":false,""new_york_date_boundary"":false,""offset_seconds"":14400.0,""reasons"":[""DISTINCT_PARENT_ACCESSIONS_WITHOUT_REVIEWED_EXCLUSION_OR_PRECEDENCE""],""representation_match"":true,""rule_version"":""same_sec_parent_timestamp_representation_v1"",""same_parent"":true,""stored_evidence_hash"":""997e2f85554fd898b68d018658f9756d39ae9f90370efd029773aecc257b0e7e"",""stored_timestamp"":""2025-09-18T20:36:33Z"",""utc_date_boundary"":true},{""accession"":""0001493152-25-014657"",""classification"":""TIMESTAMP_PLUS_INDEPENDENT_AMBIGUITY"",""current_evidence_hash"":""f01b23826a8cceeab334dc870598a45baf7d738f1093724c610b83f732fb4bb1"",""current_timestamp"":""2025-09-24T01:01:02Z"",""eligibility_changed"":false,""equivalent"":false,""new_york_date_boundary"":false,""offset_seconds"":14400.0,""reasons"":[""DISTINCT_PARENT_ACCESSIONS_WITHOUT_REVIEWED_EXCLUSION_OR_PRECEDENCE""],""representation_match"":true,""rule_version"":""same_sec_parent_timestamp_representation_v1"",""same_parent"":true,""stored_evidence_hash"":""dcad93ca2faa0964fe10b5b5f9df26761ae663b578484f26fb8157b70ac3d8f6"",""stored_timestamp"":""2025-09-23T21:01:02Z"",""utc_date_boundary"":true}]"
10,2025,Q1,405,ABBV,TIMESTAMP_PLUS_INDEPENDENT_AMBIGUITY,3,True,True,False,False,DISTINCT_PARENT_ACCESSIONS_WITHOUT_REVIEWED_EXCLUSION_OR_PRECEDENCE;UNRESOLVED_COMPETING_CONTEXT,AMBIGUOUS,REVIEW,LEGACY_AMBIGUITY,"[{""accession"":""0001551152-25-000023"",""classification"":""TIMESTAMP_PLUS_INDEPENDENT_AMBIGUITY"",""current_evidence_hash"":""720e7bfaa3d0a560f4d7b479f4912e6640a30ddd099783d31fdd88a4a0aea30f"",""current_timestamp"":""2025-04-04T00:13:07Z"",""eligibility_changed"":false,""equivalent"":false,""new_york_date_boundary"":false,""offset_seconds"":14400.0,""reasons"":[""DISTINCT_PARENT_ACCESSIONS_WITHOUT_REVIEWED_EXCLUSION_OR_PRECEDENCE"",""UNRESOLVED_COMPETING_CONTEXT""],""representation_match"":true,""rule_version"":""same_sec_parent_timestamp_representation_v1"",""same_parent"":true,""stored_evidence_hash"":""3796953a6744dc67d3874485760b6b59b86ca7234a11aef45594af0be4e03787"",""stored_timestamp"":""2025-04-03T20:13:07Z"",""utc_date_boundary"":true},{""accession"":""0001551152-25-000026"",""classification"":""TIMESTAMP_PLUS_INDEPENDENT_AMBIGUITY"",""current_evidence_hash"":""e66ea54ab1f9bfdd12471299c7638a771f74a485736b11562433be87778e1025"",""current_timestamp"":""2025-04-25T15:48:22Z"",""eligibility_changed"":false,""equivalent"":false,""new_york_date_boundary"":false,""offset_seconds"":14400.0,""reasons"":[""DISTINCT_PARENT_ACCESSIONS_WITHOUT_REVIEWED_EXCLUSION_OR_PRECEDENCE"",""UNRESOLVED_COMPETING_CONTEXT""],""representation_match"":true,""rule_version"":""same_sec_parent_timestamp_representation_v1"",""same_parent"":true,""stored_evidence_hash"":""9425c0e27842256b27ac17b942ce269938844b1e466081edf3fc3fffe7bea1e2"",""stored_timestamp"":""2025-04-25T11:48:22Z"",""utc_date_boundary"":false}]"
10,2026,Q1,409,ABBV,TIMESTAMP_PLUS_INDEPENDENT_AMBIGUITY,3,True,True,False,False,DISTINCT_PARENT_ACCESSIONS_WITHOUT_REVIEWED_EXCLUSION_OR_PRECEDENCE;UNRESOLVED_COMPETING_CONTEXT,AMBIGUOUS,REVIEW,LEGACY_AMBIGUITY,"[{""accession"":""0001551152-26-000011"",""classification"":""TIMESTAMP_PLUS_INDEPENDENT_AMBIGUITY"",""current_evidence_hash"":""ebbc96df550174ee1854b17117673814c349387dd2a82cf4b2336503c17e8f46"",""current_timestamp"":""2026-04-04T00:05:55Z"",""eligibility_changed"":false,""equivalent"":false,""new_york_date_boundary"":false,""offset_seconds"":14400.0,""reasons"":[""DISTINCT_PARENT_ACCESSIONS_WITHOUT_REVIEWED_EXCLUSION_OR_PRECEDENCE"",""UNRESOLVED_COMPETING_CONTEXT""],""representation_match"":true,""rule_version"":""same_sec_parent_timestamp_representation_v1"",""same_parent"":true,""stored_evidence_hash"":""0db035e14aff570e965d796e3100b354c807648ebdc7ce57ba8d2e643d5f5dec"",""stored_timestamp"":""2026-04-03T20:05:55Z"",""utc_date_boundary"":true},{""accession"":""0001551152-26-000013"",""classification"":""TIMESTAMP_PLUS_INDEPENDENT_AMBIGUITY"",""current_evidence_hash"":""e5fd5aaa6e674b0ef9158c6e0f95e7c38f5771d33026b9d0e24b9f673a310145"",""current_timestamp"":""2026-04-29T15:50:28Z"",""eligibility_changed"":false,""equivalent"":false,""new_york_date_boundary"":false,""offset_seconds"":14400.0,""reasons"":[""DISTINCT_PARENT_ACCESSIONS_WITHOUT_REVIEWED_EXCLUSION_OR_PRECEDENCE"",""UNRESOLVED_COMPETING_CONTEXT""],""representation_match"":true,""rule_version"":""same_sec_parent_timestamp_representation_v1"",""same_parent"":true,""stored_evidence_hash"":""911bffb86522800b966b95066e47dc4d8392374e379be69aef3705d52c508c09"",""stored_timestamp"":""2026-04-29T11:50:28Z"",""utc_date_boundary"":false}]"
13,2025,Q1,512,ABG,TIMESTAMP_PLUS_INDEPENDENT_AMBIGUITY,2,True,True,False,False,DISTINCT_PARENT_ACCESSIONS_WITHOUT_REVIEWED_EXCLUSION_OR_PRECEDENCE;UNRESOLVED_COMPETING_CONTEXT,AMBIGUOUS,REVIEW,LEGACY_AMBIGUITY,"[{""accession"":""0001144980-25-000097"",""classification"":""TIMESTAMP_PLUS_INDEPENDENT_AMBIGUITY"",""current_evidence_hash"":""be7c71901bf9864fcaadc7369afda1d7fe894b8c31d956126517d3307db2eb3f"",""current_timestamp"":""2025-04-29T14:48:28Z"",""eligibility_changed"":false,""equivalent"":false,""new_york_date_boundary"":false,""offset_seconds"":14400.0,""reasons"":[""DISTINCT_PARENT_ACCESSIONS_WITHOUT_REVIEWED_EXCLUSION_OR_PRECEDENCE"",""UNRESOLVED_COMPETING_CONTEXT""],""representation_match"":true,""rule_version"":""same_sec_parent_timestamp_representation_v1"",""same_parent"":true,""stored_evidence_hash"":""046a83bcc7a78f58f8d1662db0a8d3cf777442e9defda32132d9e59f0f1baf97"",""stored_timestamp"":""2025-04-29T10:48:28Z"",""utc_date_boundary"":false},{""accession"":""0001144980-25-000099"",""classification"":""TIMESTAMP_PLUS_INDEPENDENT_AMBIGUITY"",""current_evidence_hash"":""f30429f7dbe1cd0145bed9a58c2fee50db26a2b01ad6e1e2f1f817c11998f927"",""current_timestamp"":""2025-04-30T02:00:01Z"",""eligibility_changed"":false,""equivalent"":false,""new_york_date_boundary"":false,""offset_seconds"":14400.0,""reasons"":[""DISTINCT_PARENT_ACCESSIONS_WITHOUT_REVIEWED_EXCLUSION_OR_PRECEDENCE"",""UNRESOLVED_COMPETING_CONTEXT""],""representation_match"":true,""rule_version"":""same_sec_parent_timestamp_representation_v1"",""same_parent"":true,""stored_evidence_hash"":""abecb7615aea14eb5baafa129eb6b84c52bced0a91589fdd267a41cbe7efc3a6"",""stored_timestamp"":""2025-04-29T22:00:01Z"",""utc_date_boundary"":true}]"
38,2025,Q4,1382,ACRV,TIMESTAMP_PLUS_INDEPENDENT_AMBIGUITY,2,True,False,False,False,DISTINCT_PARENT_ACCESSIONS_WITHOUT_REVIEWED_EXCLUSION_OR_PRECEDENCE;UNRESOLVED_COMPETING_CONTEXT,AMBIGUOUS,REVIEW,LEGACY_AMBIGUITY,"[{""accession"":""0001193125-26-007007"",""classification"":""TIMESTAMP_PLUS_INDEPENDENT_AMBIGUITY"",""current_evidence_hash"":""f66a539fb8e13aa99cc04ac12a2a727cfc759b501a6698fb14c897379aaefa1c"",""current_timestamp"":""2026-01-08T17:30:25Z"",""eligibility_changed"":false,""equivalent"":false,""new_york_date_boundary"":false,""offset_seconds"":18000.0,""reasons"":[""DISTINCT_PARENT_ACCESSIONS_WITHOUT_REVIEWED_EXCLUSION_OR_PRECEDENCE"",""UNRESOLVED_COMPETING_CONTEXT""],""representation_match"":true,""rule_version"":""same_sec_parent_timestamp_representation_v1"",""same_parent"":true,""stored_evidence_hash"":""3dcd317075f87c58f19c99de48c2f37d1d59572a370fe1d1a4adb89250d9e976"",""stored_timestamp"":""2026-01-08T12:30:25Z"",""utc_date_boundary"":false},{""accession"":""0001193125-26-115139"",""classification"":""TIMESTAMP_PLUS_INDEPENDENT_AMBIGUITY"",""current_evidence_hash"":""1a330fd3b0e5ab895314a3f64d4f4b2408f65575ea0a3fcb6b18d2de7133ebda"",""current_timestamp"":""2026-03-19T15:21:17Z"",""eligibility_changed"":false,""equivalent"":false,""new_york_date_boundary"":false,""offset_seconds"":14400.0,""reasons"":[""DISTINCT_PARENT_ACCESSIONS_WITHOUT_REVIEWED_EXCLUSION_OR_PRECEDENCE"",""UNRESOLVED_COMPETING_CONTEXT""],""representation_match"":true,""rule_version"":""same_sec_parent_timestamp_representation_v1"",""same_parent"":true,""stored_evidence_hash"":""9b88fa44b7304901b4807c148a91f844a1abe7a1e6b6d070f2a75c9bc42224dc"",""stored_timestamp"":""2026-03-19T11:21:17Z"",""utc_date_boundary"":false}]"
53,2025,Q4,1936,ADPT,TIMESTAMP_PLUS_INDEPENDENT_AMBIGUITY,2,True,True,False,False,DISTINCT_PARENT_ACCESSIONS_WITHOUT_REVIEWED_EXCLUSION_OR_PRECEDENCE;UNRESOLVED_COMPETING_CONTEXT,AMBIGUOUS,REVIEW,LEGACY_AMBIGUITY,"[{""accession"":""0001193125-26-009840"",""classification"":""TIMESTAMP_PLUS_INDEPENDENT_AMBIGUITY"",""current_evidence_hash"":""e8873f938b25e81a4aa3e3ceb833a0aa8e349e194b5d86c4d203720b29a2dfdd"",""current_timestamp"":""2026-01-12T18:15:41Z"",""eligibility_changed"":false,""equivalent"":false,""new_york_date_boundary"":false,""offset_seconds"":18000.0,""reasons"":[""DISTINCT_PARENT_ACCESSIONS_WITHOUT_REVIEWED_EXCLUSION_OR_PRECEDENCE"",""UNRESOLVED_COMPETING_CONTEXT""],""representation_match"":true,""rule_version"":""same_sec_parent_timestamp_representation_v1"",""same_parent"":true,""stored_evidence_hash"":""5b1768bf3b98a81435223afa787a9239d5f4919abe7109ea1fd66bc425a2c5c7"",""stored_timestamp"":""2026-01-12T13:15:41Z"",""utc_date_boundary"":false},{""accession"":""0001193125-26-039409"",""classification"":""TIMESTAMP_PLUS_INDEPENDENT_AMBIGUITY"",""current_evidence_hash"":""d5d6f5812f3f84c25fe285e5a3b3a089dfeb01e7c9662624791c80952a705705"",""current_timestamp"":""2026-02-06T02:15:24Z"",""eligibility_changed"":false,""equivalent"":false,""new_york_date_boundary"":false,""offset_seconds"":18000.0,""reasons"":[""DISTINCT_PARENT_ACCESSIONS_WITHOUT_REVIEWED_EXCLUSION_OR_PRECEDENCE"",""UNRESOLVED_COMPETING_CONTEXT""],""representation_match"":true,""rule_version"":""same_sec_parent_timestamp_representation_v1"",""same_parent"":true,""stored_evidence_hash"":""12090d6eea1168c4948f5507bb77696d555f9026b4886778f449d3984bfc24b6"",""stored_timestamp"":""2026-02-05T21:15:24Z"",""utc_date_boundary"":true}]"
67,2026,Q1,2452,AESI,TIMESTAMP_PLUS_INDEPENDENT_AMBIGUITY,3,True,True,False,False,DISTINCT_PARENT_ACCESSIONS_WITHOUT_REVIEWED_EXCLUSION_OR_PRECEDENCE;UNRESOLVED_COMPETING_CONTEXT,AMBIGUOUS,REVIEW,LEGACY_AMBIGUITY,"[{""accession"":""0001193125-26-135688"",""classification"":""TIMESTAMP_PLUS_INDEPENDENT_AMBIGUITY"",""current_evidence_hash"":""3a674b06f4ee445b010fb4e5f84870e0acf8e3cc00ad793fc4d9ba17f3c3da8a"",""current_timestamp"":""2026-04-01T15:15:08Z"",""eligibility_changed"":false,""equivalent"":false,""new_york_date_boundary"":false,""offset_seconds"":14400.0,""reasons"":[""DISTINCT_PARENT_ACCESSIONS_WITHOUT_REVIEWED_EXCLUSION_OR_PRECEDENCE"",""UNRESOLVED_COMPETING_CONTEXT""],""representation_match"":true,""rule_version"":""same_sec_parent_timestamp_representation_v1"",""same_parent"":true,""stored_evidence_hash"":""868fa5a9d553a74d590b15ba02ba60a3b1bccc8d718f9116f38261f1cca9e9d0"",""stored_timestamp"":""2026-04-01T11:15:08Z"",""utc_date_boundary"":false},{""accession"":""0001193125-26-204216"",""classification"":""TIMESTAMP_PLUS_INDEPENDENT_AMBIGUITY"",""current_evidence_hash"":""e09bf5fba916c7dc34bfcce38b797ba290bfd7cf5c22db729f876678cbdc5c27"",""current_timestamp"":""2026-05-05T00:53:25Z"",""eligibility_changed"":false,""equivalent"":false,""new_york_date_boundary"":false,""offset_seconds"":14400.0,""reasons"":[""DISTINCT_PARENT_ACCESSIONS_WITHOUT_REVIEWED_EXCLUSION_OR_PRECEDENCE"",""UNRESOLVED_COMPETING_CONTEXT""],""representation_match"":true,""rule_version"":""same_sec_parent_timestamp_representation_v1"",""same_parent"":true,""stored_evidence_hash"":""7a167af4d2a4e46ada6263ccfd1d75cec1dd376c177e6fe09f4da0ff5b1782ef"",""stored_timestamp"":""2026-05-04T20:53:25Z"",""utc_date_boundary"":true}]"
99,2025,Q3,3544,ALEC,TIMESTAMP_PLUS_INDEPENDENT_AMBIGUITY,2,True,True,False,False,DISTINCT_PARENT_ACCESSIONS_WITHOUT_REVIEWED_EXCLUSION_OR_PRECEDENCE;UNRESOLVED_COMPETING_CONTEXT,AMBIGUOUS,REVIEW,LEGACY_AMBIGUITY,"[{""accession"":""0001193125-25-245102"",""classification"":""TIMESTAMP_PLUS_INDEPENDENT_AMBIGUITY"",""current_evidence_hash"":""85b20140038e12c91cebb0da5ececfd453c86f64912bf7bc24eaf5a990ccf592"",""current_timestamp"":""2025-10-22T00:08:27Z"",""eligibility_changed"":false,""equivalent"":false,""new_york_date_boundary"":false,""offset_seconds"":14400.0,""reasons"":[""DISTINCT_PARENT_ACCESSIONS_WITHOUT_REVIEWED_EXCLUSION_OR_PRECEDENCE"",""UNRESOLVED_COMPETING_CONTEXT""],""representation_match"":true,""rule_version"":""same_sec_parent_timestamp_representation_v1"",""same_parent"":true,""stored_evidence_hash"":""d24798a5cc6b779a383a0cd60282d94afda33ec7db3bab2de9e99a4f7620e792"",""stored_timestamp"":""2025-10-21T20:08:27Z"",""utc_date_boundary"":true},{""accession"":""0001193125-25-269537"",""classification"":""TIMESTAMP_PLUS_INDEPENDENT_AMBIGUITY"",""current_evidence_hash"":""e05763db933a50cb579e7b6ecbe654f3037eefa5aaea360a7b350b007c9b015c"",""current_timestamp"":""2025-11-07T02:12:31Z"",""eligibility_changed"":false,""equivalent"":false,""new_york_date_boundary"":false,""offset_seconds"":18000.0,""reasons"":[""DISTINCT_PARENT_ACCESSIONS_WITHOUT_REVIEWED_EXCLUSION_OR_PRECEDENCE"",""UNRESOLVED_COMPETING_CONTEXT""],""representation_match"":true,""rule_version"":""same_sec_parent_timestamp_representation_v1"",""same_parent"":true,""stored_evidence_hash"":""b4fca2d4ea22c4279c82826d9ac643da5129ce3d5d986e8c4634839ef175bb62"",""stored_timestamp"":""2025-11-06T21:12:31Z"",""utc_date_boundary"":true}]"
101,2025,Q1,3606,ALGM,TIMESTAMP_PLUS_INDEPENDENT_AMBIGUITY,2,True,True,False,False,DISTINCT_PARENT_ACCESSIONS_WITHOUT_REVIEWED_EXCLUSION_OR_PRECEDENCE;UNRESOLVED_COMPETING_CONTEXT,AMBIGUOUS,REVIEW,LEGACY_AMBIGUITY,"[{""accession"":""0000950103-24-010519"",""classification"":""TIMESTAMP_PLUS_INDEPENDENT_AMBIGUITY"",""current_evidence_hash"":""987841a2df3471cb541c9b3fef468b15dc85b829409fe2333e4f54422f3cf8bc"",""current_timestamp"":""2024-07-24T00:08:38Z"",""eligibility_changed"":false,""equivalent"":false,""new_york_date_boundary"":false,""offset_seconds"":14400.0,""reasons"":[""DISTINCT_PARENT_ACCESSIONS_WITHOUT_REVIEWED_EXCLUSION_OR_PRECEDENCE"",""UNRESOLVED_COMPETING_CONTEXT""],""representation_match"":true,""rule_version"":""same_sec_parent_timestamp_representation_v1"",""same_parent"":true,""stored_evidence_hash"":""37f07b901a324c2bdeb582d3a01db2c23fc0b21bcba6c06336c6042cfafef454"",""stored_timestamp"":""2024-07-23T20:08:38Z"",""utc_date_boundary"":true},{""accession"":""0000950170-24-088944"",""classification"":""TIMESTAMP_PLUS_INDEPENDENT_AMBIGUITY"",""current_evidence_hash"":""7a758a9fe4d3bcaf70c95fa4c06693dc1fcbaabbf0d17161598d0186b3cdfa0f"",""current_timestamp"":""2024-08-01T15:09:29Z"",""eligibility_changed"":false,""equivalent"":false,""new_york_date_boundary"":false,""offset_seconds"":14400.0,""reasons"":[""DISTINCT_PARENT_ACCESSIONS_WITHOUT_REVIEWED_EXCLUSION_OR_PRECEDENCE"",""UNRESOLVED_COMPETING_CONTEXT""],""representation_match"":true,""rule_version"":""same_sec_parent_timestamp_representation_v1"",""same_parent"":true,""stored_evidence_hash"":""63077da51595b0e1ba23d7a953e790e50abc1130ad805da55d8092eab34852b6"",""stored_timestamp"":""2024-08-01T11:09:29Z"",""utc_date_boundary"":false}]"
115,2025,Q4,4071,ALNY,TIMESTAMP_PLUS_INDEPENDENT_AMBIGUITY,2,True,False,False,False,DISTINCT_PARENT_ACCESSIONS_WITHOUT_REVIEWED_EXCLUSION_OR_PRECEDENCE;UNRESOLVED_COMPETING_CONTEXT,AMBIGUOUS,REVIEW,LEGACY_AMBIGUITY,"[{""accession"":""0001628280-26-001755"",""classification"":""TIMESTAMP_PLUS_INDEPENDENT_AMBIGUITY"",""current_evidence_hash"":""5f41f70f10e2f32f9c9f442f1bc5ecbeed6b49a9e5e316b17fe878bc85544374"",""current_timestamp"":""2026-01-12T17:30:20Z"",""eligibility_changed"":false,""equivalent"":false,""new_york_date_boundary"":false,""offset_seconds"":18000.0,""reasons"":[""DISTINCT_PARENT_ACCESSIONS_WITHOUT_REVIEWED_EXCLUSION_OR_PRECEDENCE"",""UNRESOLVED_COMPETING_CONTEXT""],""representation_match"":true,""rule_version"":""same_sec_parent_timestamp_representation_v1"",""same_parent"":true,""stored_evidence_hash"":""2aedcae65c555916e199f782d78d327f00618b61daed6682e7099c38d1130cae"",""stored_timestamp"":""2026-01-12T12:30:20Z"",""utc_date_boundary"":false},{""accession"":""0001628280-26-007491"",""classification"":""TIMESTAMP_PLUS_INDEPENDENT_AMBIGUITY"",""current_evidence_hash"":""379be8789e0ac7a19f031d16e6d89a3bc233ef769965e7d932ac8ae9d16766ea"",""current_timestamp"":""2026-02-12T18:05:43Z"",""eligibility_changed"":false,""equivalent"":false,""new_york_date_boundary"":false,""offset_seconds"":18000.0,""reasons"":[""DISTINCT_PARENT_ACCESSIONS_WITHOUT_REVIEWED_EXCLUSION_OR_PRECEDENCE"",""UNRESOLVED_COMPETING_CONTEXT""],""representation_match"":true,""rule_version"":""same_sec_parent_timestamp_representation_v1"",""same_parent"":true,""stored_evidence_hash"":""7163bb4b476c770910c0b554b741d6f7db58154a2fea7cb9d1f07b9dfe985c7f"",""stored_timestamp"":""2026-02-12T13:05:43Z"",""utc_date_boundary"":false}]"
140,2025,Q2,4945,AMPG,TIMESTAMP_PLUS_INDEPENDENT_AMBIGUITY,2,False,True,False,False,DISTINCT_PARENT_ACCESSIONS_WITHOUT_REVIEWED_EXCLUSION_OR_PRECEDENCE,AMBIGUOUS,REVIEW,LEGACY_AMBIGUITY,"[{""accession"":""0001493152-25-011268"",""classification"":""TIMESTAMP_PLUS_INDEPENDENT_AMBIGUITY"",""current_evidence_hash"":""eba3a47bc8cd5890f65574a87976d99d51750b4a125bf5ad1f17edf7ee622d76"",""current_timestamp"":""2025-07-17T16:30:41Z"",""eligibility_changed"":false,""equivalent"":false,""new_york_date_boundary"":false,""offset_seconds"":14400.0,""reasons"":[""DISTINCT_PARENT_ACCESSIONS_WITHOUT_REVIEWED_EXCLUSION_OR_PRECEDENCE""],""representation_match"":true,""rule_version"":""same_sec_parent_timestamp_representation_v1"",""same_parent"":true,""stored_evidence_hash"":""b1d552ad5ca148a9c347898c47a7b0a08181013f2a732b87d093a2e69dc5f259"",""stored_timestamp"":""2025-07-17T12:30:41Z"",""utc_date_boundary"":false},{""accession"":""0001641172-25-024050"",""classification"":""TIMESTAMP_PLUS_INDEPENDENT_AMBIGUITY"",""current_evidence_hash"":""de920a84ce46a124a30d67d972714b21a9c2e5cb5b9af65cfb9e79aa8790f242"",""current_timestamp"":""2025-08-15T00:18:22Z"",""eligibility_changed"":false,""equivalent"":false,""new_york_date_boundary"":false,""offset_seconds"":14400.0,""reasons"":[""DISTINCT_PARENT_ACCESSIONS_WITHOUT_REVIEWED_EXCLUSION_OR_PRECEDENCE""],""representation_match"":true,""rule_version"":""same_sec_parent_timestamp_representation_v1"",""same_parent"":true,""stored_evidence_hash"":""36f7b5961e7a230be02eecd2e86c8acd8090ab032a736987d553b3312da03fac"",""stored_timestamp"":""2025-08-14T20:18:22Z"",""utc_date_boundary"":true}]"
168,2025,Q3,5945,APA,TIMESTAMP_PLUS_INDEPENDENT_AMBIGUITY,2,False,True,False,False,DISTINCT_PARENT_ACCESSIONS_WITHOUT_REVIEWED_EXCLUSION_OR_PRECEDENCE,AMBIGUOUS,REVIEW,LEGACY_AMBIGUITY,"[{""accession"":""0001841666-25-000023"",""classification"":""TIMESTAMP_PLUS_INDEPENDENT_AMBIGUITY"",""current_evidence_hash"":""96dc4f29d6aea6ee82238320d7c1e3939fab943ddb712c07ea6905730de27192"",""current_timestamp"":""2025-10-09T00:58:11Z"",""eligibility_changed"":false,""equivalent"":false,""new_york_date_boundary"":false,""offset_seconds"":14400.0,""reasons"":[""DISTINCT_PARENT_ACCESSIONS_WITHOUT_REVIEWED_EXCLUSION_OR_PRECEDENCE""],""representation_match"":true,""rule_version"":""same_sec_parent_timestamp_representation_v1"",""same_parent"":true,""stored_evidence_hash"":""bfeb5068a9796a51039415de9cad44f8a65f86c01e64615e398d2edd90ea3335"",""stored_timestamp"":""2025-10-08T20:58:11Z"",""utc_date_boundary"":true},{""accession"":""0001841666-25-000028"",""classification"":""TIMESTAMP_PLUS_INDEPENDENT_AMBIGUITY"",""current_evidence_hash"":""1eced1e273f8c772f31f9b7dfc0daaf91a919a4fef7c8aea0658a9f9e1dfa061"",""current_timestamp"":""2025-11-06T03:22:23Z"",""eligibility_changed"":false,""equivalent"":false,""new_york_date_boundary"":false,""offset_seconds"":18000.0,""reasons"":[""DISTINCT_PARENT_ACCESSIONS_WITHOUT_REVIEWED_EXCLUSION_OR_PRECEDENCE""],""representation_match"":true,""rule_version"":""same_sec_parent_timestamp_representation_v1"",""same_parent"":true,""stored_evidence_hash"":""43384849cb5c27c84f90b633015ea28a25a2dc8a5b888b547715a8032fa4e8df"",""stored_timestamp"":""2025-11-05T22:22:23Z"",""utc_date_boundary"":true}]"
168,2025,Q4,5946,APA,TIMESTAMP_PLUS_INDEPENDENT_AMBIGUITY,2,False,True,False,False,DISTINCT_PARENT_ACCESSIONS_WITHOUT_REVIEWED_EXCLUSION_OR_PRECEDENCE,AMBIGUOUS,REVIEW,LEGACY_AMBIGUITY,"[{""accession"":""0001841666-26-000003"",""classification"":""TIMESTAMP_PLUS_INDEPENDENT_AMBIGUITY"",""current_evidence_hash"":""320b5d6f4e8463672133701717df6ab0fbf9a85c192c48a493dcafa40e9f08b8"",""current_timestamp"":""2026-01-21T02:21:23Z"",""eligibility_changed"":false,""equivalent"":false,""new_york_date_boundary"":false,""offset_seconds"":18000.0,""reasons"":[""DISTINCT_PARENT_ACCESSIONS_WITHOUT_REVIEWED_EXCLUSION_OR_PRECEDENCE""],""representation_match"":true,""rule_version"":""same_sec_parent_timestamp_representation_v1"",""same_parent"":true,""stored_evidence_hash"":""8aff9c978196756fe2d39df170075e8112dfc4f72cd9e4f6f52e6a296feecd7b"",""stored_timestamp"":""2026-01-20T21:21:23Z"",""utc_date_boundary"":true},{""accession"":""0001841666-26-000012"",""classification"":""TIMESTAMP_PLUS_INDEPENDENT_AMBIGUITY"",""current_evidence_hash"":""6ed02f725d79177fb65db844a4874d88dc5b4b19ab32f787b188c229cb83d343"",""current_timestamp"":""2026-02-26T03:08:36Z"",""eligibility_changed"":false,""equivalent"":false,""new_york_date_boundary"":false,""offset_seconds"":18000.0,""reasons"":[""DISTINCT_PARENT_ACCESSIONS_WITHOUT_REVIEWED_EXCLUSION_OR_PRECEDENCE""],""representation_match"":true,""rule_version"":""same_sec_parent_timestamp_representation_v1"",""same_parent"":true,""stored_evidence_hash"":""41d10860007a6693fe931ad7e70d30133f46e6a216fe02e156212e076c9c8f99"",""stored_timestamp"":""2026-02-25T22:08:36Z"",""utc_date_boundary"":true}]"
168,2026,Q1,5947,APA,TIMESTAMP_PLUS_INDEPENDENT_AMBIGUITY,2,True,True,False,False,DISTINCT_PARENT_ACCESSIONS_WITHOUT_REVIEWED_EXCLUSION_OR_PRECEDENCE;UNRESOLVED_COMPETING_CONTEXT,AMBIGUOUS,REVIEW,LEGACY_AMBIGUITY,"[{""accession"":""0001841666-26-000021"",""classification"":""TIMESTAMP_PLUS_INDEPENDENT_AMBIGUITY"",""current_evidence_hash"":""3d405783bd0ff8651024b78c37680ab22493f2e1e21bc9b4a1563600b73becd8"",""current_timestamp"":""2026-04-15T01:13:56Z"",""eligibility_changed"":false,""equivalent"":false,""new_york_date_boundary"":false,""offset_seconds"":14400.0,""reasons"":[""DISTINCT_PARENT_ACCESSIONS_WITHOUT_REVIEWED_EXCLUSION_OR_PRECEDENCE"",""UNRESOLVED_COMPETING_CONTEXT""],""representation_match"":true,""rule_version"":""same_sec_parent_timestamp_representation_v1"",""same_parent"":true,""stored_evidence_hash"":""68a6c16bd976b4298cc71dbf63130a1e189aa39a8de8a3f769a605fefea242c5"",""stored_timestamp"":""2026-04-14T21:13:56Z"",""utc_date_boundary"":true},{""accession"":""0001841666-26-000027"",""classification"":""TIMESTAMP_PLUS_INDEPENDENT_AMBIGUITY"",""current_evidence_hash"":""648890c851ffa185ff5cca1b00a9481a542d19c7b81ef7f21e741b01f444d8d9"",""current_timestamp"":""2026-05-07T00:49:17Z"",""eligibility_changed"":false,""equivalent"":false,""new_york_date_boundary"":false,""offset_seconds"":14400.0,""reasons"":[""DISTINCT_PARENT_ACCESSIONS_WITHOUT_REVIEWED_EXCLUSION_OR_PRECEDENCE"",""UNRESOLVED_COMPETING_CONTEXT""],""representation_match"":true,""rule_version"":""same_sec_parent_timestamp_representation_v1"",""same_parent"":true,""stored_evidence_hash"":""52db31e9a2349196a9fe5c935e00e52d42eff29bde7ba529e3a08e18f7550c28"",""stored_timestamp"":""2026-05-06T20:49:17Z"",""utc_date_boundary"":true}]"
187,2026,Q1,6640,ARAY,TIMESTAMP_PLUS_INDEPENDENT_AMBIGUITY,2,True,True,False,False,DISTINCT_PARENT_ACCESSIONS_WITHOUT_REVIEWED_EXCLUSION_OR_PRECEDENCE;UNRESOLVED_COMPETING_CONTEXT,AMBIGUOUS,REVIEW,LEGACY_AMBIGUITY,"[{""accession"":""0001193125-25-243143"",""classification"":""TIMESTAMP_PLUS_INDEPENDENT_AMBIGUITY"",""current_evidence_hash"":""1b4b8d6bb5f9d676370f8b3f63080fdf3a3a05f601203a87fc59d1a9d2774ce4"",""current_timestamp"":""2025-10-20T17:20:06Z"",""eligibility_changed"":false,""equivalent"":false,""new_york_date_boundary"":false,""offset_seconds"":14400.0,""reasons"":[""DISTINCT_PARENT_ACCESSIONS_WITHOUT_REVIEWED_EXCLUSION_OR_PRECEDENCE"",""UNRESOLVED_COMPETING_CONTEXT""],""representation_match"":true,""rule_version"":""same_sec_parent_timestamp_representation_v1"",""same_parent"":true,""stored_evidence_hash"":""5b6a402cf233137667f7432199b5840a18e2827e4c02ab599da9921a5ce7d768"",""stored_timestamp"":""2025-10-20T13:20:06Z"",""utc_date_boundary"":false},{""accession"":""0001193125-25-266940"",""classification"":""TIMESTAMP_PLUS_INDEPENDENT_AMBIGUITY"",""current_evidence_hash"":""afac5ee1fa9d517bfd177c9141c8e4bff57446e7580df19ffe6c04c7831fb181"",""current_timestamp"":""2025-11-06T02:11:03Z"",""eligibility_changed"":false,""equivalent"":false,""new_york_date_boundary"":false,""offset_seconds"":18000.0,""reasons"":[""DISTINCT_PARENT_ACCESSIONS_WITHOUT_REVIEWED_EXCLUSION_OR_PRECEDENCE"",""UNRESOLVED_COMPETING_CONTEXT""],""representation_match"":true,""rule_version"":""same_sec_parent_timestamp_representation_v1"",""same_parent"":true,""stored_evidence_hash"":""6c5a6d04a10db3b48ae4c2fe1975273132de2be042546242a3d866b8656e9c30"",""stored_timestamp"":""2025-11-05T21:11:03Z"",""utc_date_boundary"":true}]"
218,2025,Q4,7741,ATEC,TIMESTAMP_PLUS_INDEPENDENT_AMBIGUITY,2,True,True,False,False,DISTINCT_PARENT_ACCESSIONS_WITHOUT_REVIEWED_EXCLUSION_OR_PRECEDENCE;UNRESOLVED_COMPETING_CONTEXT,AMBIGUOUS,REVIEW,LEGACY_AMBIGUITY,"[{""accession"":""0001193125-26-009910"",""classification"":""TIMESTAMP_PLUS_INDEPENDENT_AMBIGUITY"",""current_evidence_hash"":""52afe28ef5fece968ccd117ee83b7a8d1b8370377a3c28082204520f4662486d"",""current_timestamp"":""2026-01-12T19:10:26Z"",""eligibility_changed"":false,""equivalent"":false,""new_york_date_boundary"":false,""offset_seconds"":18000.0,""reasons"":[""DISTINCT_PARENT_ACCESSIONS_WITHOUT_REVIEWED_EXCLUSION_OR_PRECEDENCE"",""UNRESOLVED_COMPETING_CONTEXT""],""representation_match"":true,""rule_version"":""same_sec_parent_timestamp_representation_v1"",""same_parent"":true,""stored_evidence_hash"":""87434ecf36f704781ed4003d42510f1778d80079f9f75d40d714dad1c82764d8"",""stored_timestamp"":""2026-01-12T14:10:26Z"",""utc_date_boundary"":false},{""accession"":""0001193125-26-067062"",""classification"":""TIMESTAMP_PLUS_INDEPENDENT_AMBIGUITY"",""current_evidence_hash"":""f2ccf39dae03eb485b826c6336c10f365120889f1fd4b3748ac17c4d197a8262"",""current_timestamp"":""2026-02-25T02:19:55Z"",""eligibility_changed"":false,""equivalent"":false,""new_york_date_boundary"":false,""offset_seconds"":18000.0,""reasons"":[""DISTINCT_PARENT_ACCESSIONS_WITHOUT_REVIEWED_EXCLUSION_OR_PRECEDENCE"",""UNRESOLVED_COMPETING_CONTEXT""],""representation_match"":true,""rule_version"":""same_sec_parent_timestamp_representation_v1"",""same_parent"":true,""stored_evidence_hash"":""5decc7bb956fdba6d422c3e9fd3e42033fd8f15e8be54291b53ffabdae773ebb"",""stored_timestamp"":""2026-02-24T21:19:55Z"",""utc_date_boundary"":true}]"
223,2025,Q2,7932,ATKR,TIMESTAMP_PLUS_INDEPENDENT_AMBIGUITY,2,True,True,False,False,DISTINCT_PARENT_ACCESSIONS_WITHOUT_REVIEWED_EXCLUSION_OR_PRECEDENCE;UNRESOLVED_COMPETING_CONTEXT,AMBIGUOUS,REVIEW,LEGACY_AMBIGUITY,"[{""accession"":""0001666138-25-000095"",""classification"":""TIMESTAMP_PLUS_INDEPENDENT_AMBIGUITY"",""current_evidence_hash"":""ae6d20c8a429bb24edc56a2abd64c7c646933c55dc66f2eca54cea339ceb596e"",""current_timestamp"":""2025-04-22T00:44:55Z"",""eligibility_changed"":false,""equivalent"":false,""new_york_date_boundary"":false,""offset_seconds"":14400.0,""reasons"":[""DISTINCT_PARENT_ACCESSIONS_WITHOUT_REVIEWED_EXCLUSION_OR_PRECEDENCE"",""UNRESOLVED_COMPETING_CONTEXT""],""representation_match"":true,""rule_version"":""same_sec_parent_timestamp_representation_v1"",""same_parent"":true,""stored_evidence_hash"":""00cdd0c27efdda7f28e27cc54011feed6cd417f9a6bbc8bd6f8ff943d1316a32"",""stored_timestamp"":""2025-04-21T20:44:55Z"",""utc_date_boundary"":true},{""accession"":""0001666138-25-000108"",""classification"":""TIMESTAMP_PLUS_INDEPENDENT_AMBIGUITY"",""current_evidence_hash"":""54e9aa78659a4f2e272e9bb73b8b2c2a814aefcabd29804fffb4b40cff8ab503"",""current_timestamp"":""2025-05-06T02:19:52Z"",""eligibility_changed"":false,""equivalent"":false,""new_york_date_boundary"":false,""offset_seconds"":14400.0,""reasons"":[""DISTINCT_PARENT_ACCESSIONS_WITHOUT_REVIEWED_EXCLUSION_OR_PRECEDENCE"",""UNRESOLVED_COMPETING_CONTEXT""],""representation_match"":true,""rule_version"":""same_sec_parent_timestamp_representation_v1"",""same_parent"":true,""stored_evidence_hash"":""0941b5ca96e636ffecd7435bdd631dad7c00049647692d6ecfd3a76729510c01"",""stored_timestamp"":""2025-05-05T22:19:52Z"",""utc_date_boundary"":true}]"
231,2025,Q4,8201,ATRC,TIMESTAMP_PLUS_INDEPENDENT_AMBIGUITY,2,True,True,False,False,DISTINCT_PARENT_ACCESSIONS_WITHOUT_REVIEWED_EXCLUSION_OR_PRECEDENCE;UNRESOLVED_COMPETING_CONTEXT,AMBIGUOUS,REVIEW,LEGACY_AMBIGUITY,"[{""accession"":""0001193125-26-009814"",""classification"":""TIMESTAMP_PLUS_INDEPENDENT_AMBIGUITY"",""current_evidence_hash"":""b71242347cedb9e9359632efdaff4c9ce6f09b42d4ba088596fd98130fe7376f"",""current_timestamp"":""2026-01-12T18:00:21Z"",""eligibility_changed"":false,""equivalent"":false,""new_york_date_boundary"":false,""offset_seconds"":18000.0,""reasons"":[""DISTINCT_PARENT_ACCESSIONS_WITHOUT_REVIEWED_EXCLUSION_OR_PRECEDENCE"",""UNRESOLVED_COMPETING_CONTEXT""],""representation_match"":true,""rule_version"":""same_sec_parent_timestamp_representation_v1"",""same_parent"":true,""stored_evidence_hash"":""a03ec0c223f91a14356e16a965ef2cb68c78588a9d067ef38d1ff7152fabc671"",""stored_timestamp"":""2026-01-12T13:00:21Z"",""utc_date_boundary"":false},{""accession"":""0001323885-26-000005"",""classification"":""TIMESTAMP_PLUS_INDEPENDENT_AMBIGUITY"",""current_evidence_hash"":""9a009491338377a9f046f82ce42d81e8f99061d916af177703b5e9ac715c8d93"",""current_timestamp"":""2026-02-18T02:00:15Z"",""eligibility_changed"":false,""equivalent"":false,""new_york_date_boundary"":false,""offset_seconds"":18000.0,""reasons"":[""DISTINCT_PARENT_ACCESSIONS_WITHOUT_REVIEWED_EXCLUSION_OR_PRECEDENCE"",""UNRESOLVED_COMPETING_CONTEXT""],""representation_match"":true,""rule_version"":""same_sec_parent_timestamp_representation_v1"",""same_parent"":true,""stored_evidence_hash"":""b36fd09ffb7dc2959ac7bfbf0f37ee50a683d9739d4ef57b44c1d630bbbea919"",""stored_timestamp"":""2026-02-17T21:00:15Z"",""utc_date_boundary"":true}]"
232,2025,Q4,8242,ATRO,TIMESTAMP_PLUS_INDEPENDENT_AMBIGUITY,3,True,True,False,False,DISTINCT_PARENT_ACCESSIONS_WITHOUT_REVIEWED_EXCLUSION_OR_PRECEDENCE;UNRESOLVED_COMPETING_CONTEXT,AMBIGUOUS,REVIEW,LEGACY_AMBIGUITY,"[{""accession"":""0000008063-26-000005"",""classification"":""TIMESTAMP_PLUS_INDEPENDENT_AMBIGUITY"",""current_evidence_hash"":""3390fa661d93bc13d95cba47dd8757c88c7f670974a7ccfffba1f29cf947f93d"",""current_timestamp"":""2026-01-08T19:03:50Z"",""eligibility_changed"":false,""equivalent"":false,""new_york_date_boundary"":false,""offset_seconds"":18000.0,""reasons"":[""DISTINCT_PARENT_ACCESSIONS_WITHOUT_REVIEWED_EXCLUSION_OR_PRECEDENCE"",""UNRESOLVED_COMPETING_CONTEXT""],""representation_match"":true,""rule_version"":""same_sec_parent_timestamp_representation_v1"",""same_parent"":true,""stored_evidence_hash"":""83b111d62c3702b9356d9e56c98e2f97f5b5f0c43550aa6a85748e7e7136ac9e"",""stored_timestamp"":""2026-01-08T14:03:50Z"",""utc_date_boundary"":false},{""accession"":""0000008063-26-000010"",""classification"":""TIMESTAMP_PLUS_INDEPENDENT_AMBIGUITY"",""current_evidence_hash"":""cee16992a635cbf9a8cce11a9fa122558ed9981c14cc2d71662a762dec24926b"",""current_timestamp"":""2026-01-15T03:08:36Z"",""eligibility_changed"":false,""equivalent"":false,""new_york_date_boundary"":false,""offset_seconds"":18000.0,""reasons"":[""DISTINCT_PARENT_ACCESSIONS_WITHOUT_REVIEWED_EXCLUSION_OR_PRECEDENCE"",""UNRESOLVED_COMPETING_CONTEXT""],""representation_match"":true,""rule_version"":""same_sec_parent_timestamp_representation_v1"",""same_parent"":true,""stored_evidence_hash"":""4ebfdb4e939c1c67437e841a7e9333f31c3dbbea5db67dc4cd66d361698bac35"",""stored_timestamp"":""2026-01-14T22:08:36Z"",""utc_date_boundary"":true}]"
240,2025,Q3,8491,AVAH,TIMESTAMP_PLUS_INDEPENDENT_AMBIGUITY,2,False,True,False,False,DISTINCT_PARENT_ACCESSIONS_WITHOUT_REVIEWED_EXCLUSION_OR_PRECEDENCE,AMBIGUOUS,REVIEW,LEGACY_AMBIGUITY,"[{""accession"":""0001193125-25-245131"",""classification"":""TIMESTAMP_PLUS_INDEPENDENT_AMBIGUITY"",""current_evidence_hash"":""c3df734543ef4b5c0a5036b69d1b13642b6d33eed8d61b24110f436d534d5bd4"",""current_timestamp"":""2025-10-22T00:14:26Z"",""eligibility_changed"":false,""equivalent"":false,""new_york_date_boundary"":false,""offset_seconds"":14400.0,""reasons"":[""DISTINCT_PARENT_ACCESSIONS_WITHOUT_REVIEWED_EXCLUSION_OR_PRECEDENCE""],""representation_match"":true,""rule_version"":""same_sec_parent_timestamp_representation_v1"",""same_parent"":true,""stored_evidence_hash"":""98f7e792182f0bab040e070a3ea362c84bff1d777f5a3c2ffca40ceacb1bf55e"",""stored_timestamp"":""2025-10-21T20:14:26Z"",""utc_date_boundary"":true},{""accession"":""0001193125-25-267977"",""classification"":""TIMESTAMP_PLUS_INDEPENDENT_AMBIGUITY"",""current_evidence_hash"":""9b7d8d9d936140570fab6517069685b65c1c6a84e4b4c60baa6162fe00474aac"",""current_timestamp"":""2025-11-06T16:30:26Z"",""eligibility_changed"":false,""equivalent"":false,""new_york_date_boundary"":false,""offset_seconds"":18000.0,""reasons"":[""DISTINCT_PARENT_ACCESSIONS_WITHOUT_REVIEWED_EXCLUSION_OR_PRECEDENCE""],""representation_match"":true,""rule_version"":""same_sec_parent_timestamp_representation_v1"",""same_parent"":true,""stored_evidence_hash"":""98605b6586f6fe582917771d2d9934fc0aa0619d9e41d8f4285d1e38647b3e1b"",""stored_timestamp"":""2025-11-06T11:30:26Z"",""utc_date_boundary"":false}]"
240,2025,Q4,8492,AVAH,TIMESTAMP_PLUS_INDEPENDENT_AMBIGUITY,2,True,False,False,False,DISTINCT_PARENT_ACCESSIONS_WITHOUT_REVIEWED_EXCLUSION_OR_PRECEDENCE;UNRESOLVED_COMPETING_CONTEXT,AMBIGUOUS,REVIEW,LEGACY_AMBIGUITY,"[{""accession"":""0001193125-26-012301"",""classification"":""TIMESTAMP_PLUS_INDEPENDENT_AMBIGUITY"",""current_evidence_hash"":""613f5d5d99c7a5c96c73bc0c3d0d4cb93a07f18118a05608c673964aa955adfc"",""current_timestamp"":""2026-01-14T18:30:30Z"",""eligibility_changed"":false,""equivalent"":false,""new_york_date_boundary"":false,""offset_seconds"":18000.0,""reasons"":[""DISTINCT_PARENT_ACCESSIONS_WITHOUT_REVIEWED_EXCLUSION_OR_PRECEDENCE"",""UNRESOLVED_COMPETING_CONTEXT""],""representation_match"":true,""rule_version"":""same_sec_parent_timestamp_representation_v1"",""same_parent"":true,""stored_evidence_hash"":""837ed01faf1c972ebf932b460074e2ff1ab21f17b5ebcf2d80c22cd6579bab96"",""stored_timestamp"":""2026-01-14T13:30:30Z"",""utc_date_boundary"":false},{""accession"":""0001193125-26-115114"",""classification"":""TIMESTAMP_PLUS_INDEPENDENT_AMBIGUITY"",""current_evidence_hash"":""c1eb9c11d476bdfd6bb930c7596b02021616e9bb0e498bce518f3ec8872f3831"",""current_timestamp"":""2026-03-19T15:00:10Z"",""eligibility_changed"":false,""equivalent"":false,""new_york_date_boundary"":false,""offset_seconds"":14400.0,""reasons"":[""DISTINCT_PARENT_ACCESSIONS_WITHOUT_REVIEWED_EXCLUSION_OR_PRECEDENCE"",""UNRESOLVED_COMPETING_CONTEXT""],""representation_match"":true,""rule_version"":""same_sec_parent_timestamp_representation_v1"",""same_parent"":true,""stored_evidence_hash"":""558066836711baa00b3665d47aaf733deb140e6efde20c483f8521d8aaa7e2c1"",""stored_timestamp"":""2026-03-19T11:00:10Z"",""utc_date_boundary"":false}]"
246,2025,Q1,8692,AVIR,TIMESTAMP_PLUS_INDEPENDENT_AMBIGUITY,2,True,True,False,False,DISTINCT_PARENT_ACCESSIONS_WITHOUT_REVIEWED_EXCLUSION_OR_PRECEDENCE;UNRESOLVED_COMPETING_CONTEXT,AMBIGUOUS,REVIEW,LEGACY_AMBIGUITY,"[{""accession"":""0001193125-25-083523"",""classification"":""TIMESTAMP_PLUS_INDEPENDENT_AMBIGUITY"",""current_evidence_hash"":""d7c7becf96283d4eee5906c35289c1057e4611a26df7e611b15dd6b5502daa09"",""current_timestamp"":""2025-04-17T16:06:48Z"",""eligibility_changed"":false,""equivalent"":false,""new_york_date_boundary"":false,""offset_seconds"":14400.0,""reasons"":[""DISTINCT_PARENT_ACCESSIONS_WITHOUT_REVIEWED_EXCLUSION_OR_PRECEDENCE"",""UNRESOLVED_COMPETING_CONTEXT""],""representation_match"":true,""rule_version"":""same_sec_parent_timestamp_representation_v1"",""same_parent"":true,""stored_evidence_hash"":""e1e99f82325e42c1e51f0d5f52639dfefb4209a443941f61457788fca3a23ecb"",""stored_timestamp"":""2025-04-17T12:06:48Z"",""utc_date_boundary"":false},{""accession"":""0001193125-25-117809"",""classification"":""TIMESTAMP_PLUS_INDEPENDENT_AMBIGUITY"",""current_evidence_hash"":""7b84cc6a7e90ac81d9afaadad1e17292c87bedceffeae8704aae175045756d70"",""current_timestamp"":""2025-05-13T00:23:15Z"",""eligibility_changed"":false,""equivalent"":false,""new_york_date_boundary"":false,""offset_seconds"":14400.0,""reasons"":[""DISTINCT_PARENT_ACCESSIONS_WITHOUT_REVIEWED_EXCLUSION_OR_PRECEDENCE"",""UNRESOLVED_COMPETING_CONTEXT""],""representation_match"":true,""rule_version"":""same_sec_parent_timestamp_representation_v1"",""same_parent"":true,""stored_evidence_hash"":""b21bbd2c997ceae258f72c01457e962ca2bafd0823744d76e6bc88b5d40dd6d5"",""stored_timestamp"":""2025-05-12T20:23:15Z"",""utc_date_boundary"":true}]"
246,2025,Q4,8695,AVIR,TIMESTAMP_PLUS_INDEPENDENT_AMBIGUITY,2,True,True,False,False,DISTINCT_PARENT_ACCESSIONS_WITHOUT_REVIEWED_EXCLUSION_OR_PRECEDENCE;UNRESOLVED_COMPETING_CONTEXT,AMBIGUOUS,REVIEW,LEGACY_AMBIGUITY,"[{""accession"":""0001193125-26-007081"",""classification"":""TIMESTAMP_PLUS_INDEPENDENT_AMBIGUITY"",""current_evidence_hash"":""1882e2e628d49939a57284738453043a5d95a383a560a380581509e3b7b4986c"",""current_timestamp"":""2026-01-08T19:05:09Z"",""eligibility_changed"":false,""equivalent"":false,""new_york_date_boundary"":false,""offset_seconds"":18000.0,""reasons"":[""DISTINCT_PARENT_ACCESSIONS_WITHOUT_REVIEWED_EXCLUSION_OR_PRECEDENCE"",""UNRESOLVED_COMPETING_CONTEXT""],""representation_match"":true,""rule_version"":""same_sec_parent_timestamp_representation_v1"",""same_parent"":true,""stored_evidence_hash"":""e2e649a32834c949080453d6c81c82c88de985af5dac58be9bb52ab67e32dffc"",""stored_timestamp"":""2026-01-08T14:05:09Z"",""utc_date_boundary"":false},{""accession"":""0001193125-26-093961"",""classification"":""TIMESTAMP_PLUS_INDEPENDENT_AMBIGUITY"",""current_evidence_hash"":""9f53c528be575e2ec050a33422d76d838d4c62bb4f61df81a10fdafafd501c09"",""current_timestamp"":""2026-03-06T02:11:16Z"",""eligibility_changed"":false,""equivalent"":false,""new_york_date_boundary"":false,""offset_seconds"":18000.0,""reasons"":[""DISTINCT_PARENT_ACCESSIONS_WITHOUT_REVIEWED_EXCLUSION_OR_PRECEDENCE"",""UNRESOLVED_COMPETING_CONTEXT""],""representation_match"":true,""rule_version"":""same_sec_parent_timestamp_representation_v1"",""same_parent"":true,""stored_evidence_hash"":""0350a016f8f604cd8ac9f46392949fc4adc894962bd9f8fa59a80adf9621bff9"",""stored_timestamp"":""2026-03-05T21:11:16Z"",""utc_date_boundary"":true}]"
248,2025,Q4,8775,AVNW,TIMESTAMP_PLUS_INDEPENDENT_AMBIGUITY,2,True,True,False,False,DISTINCT_PARENT_ACCESSIONS_WITHOUT_REVIEWED_EXCLUSION_OR_PRECEDENCE;UNRESOLVED_COMPETING_CONTEXT,AMBIGUOUS,REVIEW,LEGACY_AMBIGUITY,"[{""accession"":""0001377789-25-000036"",""classification"":""TIMESTAMP_PLUS_INDEPENDENT_AMBIGUITY"",""current_evidence_hash"":""2eaec99b05309676a8b57d7e139d03551f31c293427fc638014143e213e5eb33"",""current_timestamp"":""2025-08-28T01:01:53Z"",""eligibility_changed"":false,""equivalent"":false,""new_york_date_boundary"":false,""offset_seconds"":14400.0,""reasons"":[""DISTINCT_PARENT_ACCESSIONS_WITHOUT_REVIEWED_EXCLUSION_OR_PRECEDENCE"",""UNRESOLVED_COMPETING_CONTEXT""],""representation_match"":true,""rule_version"":""same_sec_parent_timestamp_representation_v1"",""same_parent"":true,""stored_evidence_hash"":""039537af14437e78d088574f45503e9cf6afca5a30f7731fdf46e34b54c662da"",""stored_timestamp"":""2025-08-27T21:01:53Z"",""utc_date_boundary"":true},{""accession"":""0001377789-25-000066"",""classification"":""TIMESTAMP_PLUS_INDEPENDENT_AMBIGUITY"",""current_evidence_hash"":""8d01c47b9dda4d52a28480306ff393cbadb6526adfcf0c42e1a94fc7087e98a6"",""current_timestamp"":""2025-09-11T00:06:11Z"",""eligibility_changed"":false,""equivalent"":false,""new_york_date_boundary"":false,""offset_seconds"":14400.0,""reasons"":[""DISTINCT_PARENT_ACCESSIONS_WITHOUT_REVIEWED_EXCLUSION_OR_PRECEDENCE"",""UNRESOLVED_COMPETING_CONTEXT""],""representation_match"":true,""rule_version"":""same_sec_parent_timestamp_representation_v1"",""same_parent"":true,""stored_evidence_hash"":""ae7488c0e52653ebd4bc0eba4f9604d37f1d1232d085169b76bb7cf36296afb5"",""stored_timestamp"":""2025-09-10T20:06:11Z"",""utc_date_boundary"":true}]"
263,2025,Q2,9352,AXTI,TIMESTAMP_PLUS_INDEPENDENT_AMBIGUITY,2,True,True,False,False,DISTINCT_PARENT_ACCESSIONS_WITHOUT_REVIEWED_EXCLUSION_OR_PRECEDENCE;UNRESOLVED_COMPETING_CONTEXT,AMBIGUOUS,REVIEW,LEGACY_AMBIGUITY,"[{""accession"":""0001437749-25-022428"",""classification"":""TIMESTAMP_PLUS_INDEPENDENT_AMBIGUITY"",""current_evidence_hash"":""c576213034a59381d4d73eef2593998e9a10555e12f6f4b5443a0ac54097da0d"",""current_timestamp"":""2025-07-10T00:15:15Z"",""eligibility_changed"":false,""equivalent"":false,""new_york_date_boundary"":false,""offset_seconds"":14400.0,""reasons"":[""DISTINCT_PARENT_ACCESSIONS_WITHOUT_REVIEWED_EXCLUSION_OR_PRECEDENCE"",""UNRESOLVED_COMPETING_CONTEXT""],""representation_match"":true,""rule_version"":""same_sec_parent_timestamp_representation_v1"",""same_parent"":true,""stored_evidence_hash"":""750c4be45659b33fbdcd423eddb1338ceebba946b11a3600f1d6b3e69944a5ea"",""stored_timestamp"":""2025-07-09T20:15:15Z"",""utc_date_boundary"":true},{""accession"":""0001437749-25-024204"",""classification"":""TIMESTAMP_PLUS_INDEPENDENT_AMBIGUITY"",""current_evidence_hash"":""eda8cbc0e4f0070434b9f442dba2716bc20904b8070324eeab25d37e345d7dbe"",""current_timestamp"":""2025-08-01T00:16:41Z"",""eligibility_changed"":false,""equivalent"":false,""new_york_date_boundary"":false,""offset_seconds"":14400.0,""reasons"":[""DISTINCT_PARENT_ACCESSIONS_WITHOUT_REVIEWED_EXCLUSION_OR_PRECEDENCE"",""UNRESOLVED_COMPETING_CONTEXT""],""representation_match"":true,""rule_version"":""same_sec_parent_timestamp_representation_v1"",""same_parent"":true,""stored_evidence_hash"":""cf05f3ee1ef6b9bd4c9c806d455d78ff75cc46ed65dee20d400ad590427a8f34"",""stored_timestamp"":""2025-07-31T20:16:41Z"",""utc_date_boundary"":true}]"
263,2025,Q4,9354,AXTI,TIMESTAMP_PLUS_INDEPENDENT_AMBIGUITY,2,False,True,False,False,DISTINCT_PARENT_ACCESSIONS_WITHOUT_REVIEWED_EXCLUSION_OR_PRECEDENCE,AMBIGUOUS,REVIEW,LEGACY_AMBIGUITY,"[{""accession"":""0001213900-26-002690"",""classification"":""TIMESTAMP_PLUS_INDEPENDENT_AMBIGUITY"",""current_evidence_hash"":""c9e35b52ec49121c20570b1e78bd6c55c75b92739554f15759bc662bb8bc02a5"",""current_timestamp"":""2026-01-09T18:00:32Z"",""eligibility_changed"":false,""equivalent"":false,""new_york_date_boundary"":false,""offset_seconds"":18000.0,""reasons"":[""DISTINCT_PARENT_ACCESSIONS_WITHOUT_REVIEWED_EXCLUSION_OR_PRECEDENCE""],""representation_match"":true,""rule_version"":""same_sec_parent_timestamp_representation_v1"",""same_parent"":true,""stored_evidence_hash"":""86262c071b0ef9bf315bce28e0dbf1ebbe20cbeff539b4bcaadd0e22fc304f98"",""stored_timestamp"":""2026-01-09T13:00:32Z"",""utc_date_boundary"":false},{""accession"":""0001437749-26-004731"",""classification"":""TIMESTAMP_PLUS_INDEPENDENT_AMBIGUITY"",""current_evidence_hash"":""c5a4f18d42f152f6e2496d25e94c62e6c00beeb3820c995a433ba5633c5c048e"",""current_timestamp"":""2026-02-20T02:16:05Z"",""eligibility_changed"":false,""equivalent"":false,""new_york_date_boundary"":false,""offset_seconds"":18000.0,""reasons"":[""DISTINCT_PARENT_ACCESSIONS_WITHOUT_REVIEWED_EXCLUSION_OR_PRECEDENCE""],""representation_match"":true,""rule_version"":""same_sec_parent_timestamp_representation_v1"",""same_parent"":true,""stored_evidence_hash"":""6421779d52ed6320bbe10961be546c6ad70f3bac5942ddf58a56a7cbd9452e02"",""stored_timestamp"":""2026-02-19T21:16:05Z"",""utc_date_boundary"":true}]"
263,2026,Q1,9355,AXTI,TIMESTAMP_PLUS_INDEPENDENT_AMBIGUITY,2,True,True,False,False,DISTINCT_PARENT_ACCESSIONS_WITHOUT_REVIEWED_EXCLUSION_OR_PRECEDENCE;UNRESOLVED_COMPETING_CONTEXT,AMBIGUOUS,REVIEW,LEGACY_AMBIGUITY,"[{""accession"":""0001213900-26-045652"",""classification"":""TIMESTAMP_PLUS_INDEPENDENT_AMBIGUITY"",""current_evidence_hash"":""576f1ebefef7cae35030bc0eb830466e1c6592feef656c94dd56345504fbf7aa"",""current_timestamp"":""2026-04-21T00:47:19Z"",""eligibility_changed"":false,""equivalent"":false,""new_york_date_boundary"":false,""offset_seconds"":14400.0,""reasons"":[""DISTINCT_PARENT_ACCESSIONS_WITHOUT_REVIEWED_EXCLUSION_OR_PRECEDENCE"",""UNRESOLVED_COMPETING_CONTEXT""],""representation_match"":true,""rule_version"":""same_sec_parent_timestamp_representation_v1"",""same_parent"":true,""stored_evidence_hash"":""5e5ab3298c49d7c74185af34b8a9c153ff7feecfa80db18ebe08fcf9b3ab6809"",""stored_timestamp"":""2026-04-20T20:47:19Z"",""utc_date_boundary"":true},{""accession"":""0001437749-26-014204"",""classification"":""TIMESTAMP_PLUS_INDEPENDENT_AMBIGUITY"",""current_evidence_hash"":""d61bdc1d818390a5339c0512ed02ba7eda1ade629fedeba49aea67902cb6398a"",""current_timestamp"":""2026-05-01T00:12:06Z"",""eligibility_changed"":false,""equivalent"":false,""new_york_date_boundary"":false,""offset_seconds"":14400.0,""reasons"":[""DISTINCT_PARENT_ACCESSIONS_WITHOUT_REVIEWED_EXCLUSION_OR_PRECEDENCE"",""UNRESOLVED_COMPETING_CONTEXT""],""representation_match"":true,""rule_version"":""same_sec_parent_timestamp_representation_v1"",""same_parent"":true,""stored_evidence_hash"":""88fb4560ad71bbaaca314fe8186fa9a1c64b0e774cf03283fb386c3877d5ac0f"",""stored_timestamp"":""2026-04-30T20:12:06Z"",""utc_date_boundary"":true}]"
305,2025,Q4,10808,BFLY,TIMESTAMP_PLUS_INDEPENDENT_AMBIGUITY,2,True,False,False,False,DISTINCT_PARENT_ACCESSIONS_WITHOUT_REVIEWED_EXCLUSION_OR_PRECEDENCE;UNRESOLVED_COMPETING_CONTEXT,AMBIGUOUS,REVIEW,LEGACY_AMBIGUITY,"[{""accession"":""0001804176-26-000002"",""classification"":""TIMESTAMP_PLUS_INDEPENDENT_AMBIGUITY"",""current_evidence_hash"":""ea70d3f07f9a73510f72f0934e2f68162899071fd4f1956db7b4e7a10da30ae3"",""current_timestamp"":""2026-01-12T18:04:30Z"",""eligibility_changed"":false,""equivalent"":false,""new_york_date_boundary"":false,""offset_seconds"":18000.0,""reasons"":[""DISTINCT_PARENT_ACCESSIONS_WITHOUT_REVIEWED_EXCLUSION_OR_PRECEDENCE"",""UNRESOLVED_COMPETING_CONTEXT""],""representation_match"":true,""rule_version"":""same_sec_parent_timestamp_representation_v1"",""same_parent"":true,""stored_evidence_hash"":""e25b4b499eea878875c97c1f9dbc1e2a0ef36468b14e88b46ae7e3d4913f8869"",""stored_timestamp"":""2026-01-12T13:04:30Z"",""utc_date_boundary"":false},{""accession"":""0001804176-26-000007"",""classification"":""TIMESTAMP_PLUS_INDEPENDENT_AMBIGUITY"",""current_evidence_hash"":""c951b60ba17bafbf8bd88f2110272253e9a50025032b735ce6bd5215b8359855"",""current_timestamp"":""2026-02-26T17:00:48Z"",""eligibility_changed"":false,""equivalent"":false,""new_york_date_boundary"":false,""offset_seconds"":18000.0,""reasons"":[""DISTINCT_PARENT_ACCESSIONS_WITHOUT_REVIEWED_EXCLUSION_OR_PRECEDENCE"",""UNRESOLVED_COMPETING_CONTEXT""],""representation_match"":true,""rule_version"":""same_sec_parent_timestamp_representation_v1"",""same_parent"":true,""stored_evidence_hash"":""111a2de43fb438d410a7e62ce5ec3ce5450108ce53137af1ba360916129208df"",""stored_timestamp"":""2026-02-26T12:00:48Z"",""utc_date_boundary"":false}]"
316,2025,Q3,11180,BIIB,TIMESTAMP_PLUS_INDEPENDENT_AMBIGUITY,2,False,True,False,False,DISTINCT_PARENT_ACCESSIONS_WITHOUT_REVIEWED_EXCLUSION_OR_PRECEDENCE,AMBIGUOUS,REVIEW,LEGACY_AMBIGUITY,"[{""accession"":""0000875045-25-000040"",""classification"":""TIMESTAMP_PLUS_INDEPENDENT_AMBIGUITY"",""current_evidence_hash"":""94a18668aea0b122319113da3caaf444d5638f80866dca4bf09054feb1fd85e3"",""current_timestamp"":""2025-10-15T00:19:10Z"",""eligibility_changed"":false,""equivalent"":false,""new_york_date_boundary"":false,""offset_seconds"":14400.0,""reasons"":[""DISTINCT_PARENT_ACCESSIONS_WITHOUT_REVIEWED_EXCLUSION_OR_PRECEDENCE""],""representation_match"":true,""rule_version"":""same_sec_parent_timestamp_representation_v1"",""same_parent"":true,""stored_evidence_hash"":""61072510c27a3d4febb570f853cb7cc313e0c59a81bdc6718370faa20926fae5"",""stored_timestamp"":""2025-10-14T20:19:10Z"",""utc_date_boundary"":true},{""accession"":""0000875045-25-000047"",""classification"":""TIMESTAMP_PLUS_INDEPENDENT_AMBIGUITY"",""current_evidence_hash"":""0dab827aad02ad43db9fc97c9e0922b02ebcd4dc4ca57c77797379f933cf2868"",""current_timestamp"":""2025-10-30T14:13:59Z"",""eligibility_changed"":false,""equivalent"":false,""new_york_date_boundary"":false,""offset_seconds"":14400.0,""reasons"":[""DISTINCT_PARENT_ACCESSIONS_WITHOUT_REVIEWED_EXCLUSION_OR_PRECEDENCE""],""representation_match"":true,""rule_version"":""same_sec_parent_timestamp_representation_v1"",""same_parent"":true,""stored_evidence_hash"":""c9a1a10bc4b8dc4aba8c46725f7470e56bbdf0689ee790a8e2daaac30a35e745"",""stored_timestamp"":""2025-10-30T10:13:59Z"",""utc_date_boundary"":false}]"
316,2025,Q4,11181,BIIB,TIMESTAMP_PLUS_INDEPENDENT_AMBIGUITY,3,True,True,False,False,DISTINCT_PARENT_ACCESSIONS_WITHOUT_REVIEWED_EXCLUSION_OR_PRECEDENCE;UNRESOLVED_COMPETING_CONTEXT,AMBIGUOUS,REVIEW,LEGACY_AMBIGUITY,"[{""accession"":""0000875045-26-000003"",""classification"":""TIMESTAMP_PLUS_INDEPENDENT_AMBIGUITY"",""current_evidence_hash"":""768e41fa8455280e06ca553b921f0da3e8a8957edee49a8ad9b0934c9d8b907f"",""current_timestamp"":""2026-01-14T03:38:54Z"",""eligibility_changed"":false,""equivalent"":false,""new_york_date_boundary"":false,""offset_seconds"":18000.0,""reasons"":[""DISTINCT_PARENT_ACCESSIONS_WITHOUT_REVIEWED_EXCLUSION_OR_PRECEDENCE"",""UNRESOLVED_COMPETING_CONTEXT""],""representation_match"":true,""rule_version"":""same_sec_parent_timestamp_representation_v1"",""same_parent"":true,""stored_evidence_hash"":""c3697f6ebdf8400233c11685e18fd19284b55e482f24b278235499366e695d41"",""stored_timestamp"":""2026-01-13T22:38:54Z"",""utc_date_boundary"":true},{""accession"":""0000875045-26-000011"",""classification"":""TIMESTAMP_PLUS_INDEPENDENT_AMBIGUITY"",""current_evidence_hash"":""ab73107a9a55ebfdf27599e91d64286b867f02d92d937dba52587a485974c494"",""current_timestamp"":""2026-02-06T16:55:01Z"",""eligibility_changed"":false,""equivalent"":false,""new_york_date_boundary"":false,""offset_seconds"":18000.0,""reasons"":[""DISTINCT_PARENT_ACCESSIONS_WITHOUT_REVIEWED_EXCLUSION_OR_PRECEDENCE"",""UNRESOLVED_COMPETING_CONTEXT""],""representation_match"":true,""rule_version"":""same_sec_parent_timestamp_representation_v1"",""same_parent"":true,""stored_evidence_hash"":""9633a0fd40859bde1d9db4dfda2737acb6066f45e4c6732e02af2f1227489421"",""stored_timestamp"":""2026-02-06T11:55:01Z"",""utc_date_boundary"":false}]"
316,2026,Q2,11183,BIIB,TIMESTAMP_PLUS_INDEPENDENT_AMBIGUITY,2,False,True,False,False,DISTINCT_PARENT_ACCESSIONS_WITHOUT_REVIEWED_EXCLUSION_OR_PRECEDENCE,AMBIGUOUS,REVIEW,LEGACY_AMBIGUITY,"[{""accession"":""0000875045-26-000068"",""classification"":""TIMESTAMP_PLUS_INDEPENDENT_AMBIGUITY"",""current_evidence_hash"":""90b17c5e24cec17e933d4520e390ffda9ad3e2e54e725fd85280a2bef0a5fa36"",""current_timestamp"":""2026-07-02T00:08:37Z"",""eligibility_changed"":false,""equivalent"":false,""new_york_date_boundary"":false,""offset_seconds"":14400.0,""reasons"":[""DISTINCT_PARENT_ACCESSIONS_WITHOUT_REVIEWED_EXCLUSION_OR_PRECEDENCE""],""representation_match"":true,""rule_version"":""same_sec_parent_timestamp_representation_v1"",""same_parent"":true,""stored_evidence_hash"":""789effc0da18c692cbe43925b99adb67f4798bb4e00086c1ce1e3f9505564b82"",""stored_timestamp"":""2026-07-01T20:08:37Z"",""utc_date_boundary"":true},{""accession"":""0000875045-26-000073"",""classification"":""TIMESTAMP_PLUS_INDEPENDENT_AMBIGUITY"",""current_evidence_hash"":""8466189f70ba581c3155aac51aa776b7cbc6573c2f055bcf166c3c0f31ef8aed"",""current_timestamp"":""2026-07-29T14:10:24Z"",""eligibility_changed"":false,""equivalent"":false,""new_york_date_boundary"":false,""offset_seconds"":14400.0,""reasons"":[""DISTINCT_PARENT_ACCESSIONS_WITHOUT_REVIEWED_EXCLUSION_OR_PRECEDENCE""],""representation_match"":true,""rule_version"":""same_sec_parent_timestamp_representation_v1"",""same_parent"":true,""stored_evidence_hash"":""080eea19c30baa72268871d8b37566ab007fcafd8f60c078923787a62cf98269"",""stored_timestamp"":""2026-07-29T10:10:24Z"",""utc_date_boundary"":false}]"
323,2025,Q1,11427,BKD,TIMESTAMP_PLUS_INDEPENDENT_AMBIGUITY,3,False,True,False,False,DISTINCT_PARENT_ACCESSIONS_WITHOUT_REVIEWED_EXCLUSION_OR_PRECEDENCE,AMBIGUOUS,REVIEW,LEGACY_AMBIGUITY,"[{""accession"":""0001332349-25-000063"",""classification"":""TIMESTAMP_PLUS_INDEPENDENT_AMBIGUITY"",""current_evidence_hash"":""a114ce9431411466fe50f888d674be1425b9ee92f6aa68f9b8de2175b73c0b5a"",""current_timestamp"":""2025-04-09T00:18:38Z"",""eligibility_changed"":false,""equivalent"":false,""new_york_date_boundary"":false,""offset_seconds"":14400.0,""reasons"":[""DISTINCT_PARENT_ACCESSIONS_WITHOUT_REVIEWED_EXCLUSION_OR_PRECEDENCE""],""representation_match"":true,""rule_version"":""same_sec_parent_timestamp_representation_v1"",""same_parent"":true,""stored_evidence_hash"":""6589af8ec472f68e0a89c25dbe37b96156110f1d46329bee862d25dc9d1e4823"",""stored_timestamp"":""2025-04-08T20:18:38Z"",""utc_date_boundary"":true},{""accession"":""0001332349-25-000066"",""classification"":""TIMESTAMP_PLUS_INDEPENDENT_AMBIGUITY"",""current_evidence_hash"":""ecbcd5436c49281321a7560ff1d1aee93a8ceb9b1852ac88dec300e3dee63639"",""current_timestamp"":""2025-04-14T14:48:07Z"",""eligibility_changed"":false,""equivalent"":false,""new_york_date_boundary"":false,""offset_seconds"":14400.0,""reasons"":[""DISTINCT_PARENT_ACCESSIONS_WITHOUT_REVIEWED_EXCLUSION_OR_PRECEDENCE""],""representation_match"":true,""rule_version"":""same_sec_parent_timestamp_representation_v1"",""same_parent"":true,""stored_evidence_hash"":""1ac397024a3398f737e71ada09e1ccd157aaf39b00493a6e105f8b1b15bbf574"",""stored_timestamp"":""2025-04-14T10:48:07Z"",""utc_date_boundary"":false},{""accession"":""0001332349-25-000096"",""classification"":""TIMESTAMP_PLUS_INDEPENDENT_AMBIGUITY"",""current_evidence_hash"":""99e0c34213da7ca98d0167e8a8b5888de91d2d2b4b7479a1ebef7cdbf85cadaf"",""current_timestamp"":""2025-05-07T00:18:25Z"",""eligibility_changed"":false,""equivalent"":false,""new_york_date_boundary"":false,""offset_seconds"":14400.0,""reasons"":[""DISTINCT_PARENT_ACCESSIONS_WITHOUT_REVIEWED_EXCLUSION_OR_PRECEDENCE""],""representation_match"":true,""rule_version"":""same_sec_parent_timestamp_representation_v1"",""same_parent"":true,""stored_evidence_hash"":""1452689f81fce820da807dafec3914e65f66762a41c83653d87867af0c8f5782"",""stored_timestamp"":""2025-05-06T20:18:25Z"",""utc_date_boundary"":true}]"
323,2025,Q2,11428,BKD,TIMESTAMP_PLUS_INDEPENDENT_AMBIGUITY,2,False,True,False,False,DISTINCT_PARENT_ACCESSIONS_WITHOUT_REVIEWED_EXCLUSION_OR_PRECEDENCE,AMBIGUOUS,REVIEW,LEGACY_AMBIGUITY,"[{""accession"":""0001332349-25-000113"",""classification"":""TIMESTAMP_PLUS_INDEPENDENT_AMBIGUITY"",""current_evidence_hash"":""6cc2996b0d3ca675931fbc918f4c403912aa5f6544a4f9c9ec51e433d48b137a"",""current_timestamp"":""2025-07-08T16:15:50Z"",""eligibility_changed"":false,""equivalent"":false,""new_york_date_boundary"":false,""offset_seconds"":14400.0,""reasons"":[""DISTINCT_PARENT_ACCESSIONS_WITHOUT_REVIEWED_EXCLUSION_OR_PRECEDENCE""],""representation_match"":true,""rule_version"":""same_sec_parent_timestamp_representation_v1"",""same_parent"":true,""stored_evidence_hash"":""f08a1ed38822192617241755eaf4f93d68d25f520de158e3aef3f8e97319c476"",""stored_timestamp"":""2025-07-08T12:15:50Z"",""utc_date_boundary"":false},{""accession"":""0001332349-25-000126"",""classification"":""TIMESTAMP_PLUS_INDEPENDENT_AMBIGUITY"",""current_evidence_hash"":""02fff05b9212d7d7fed39ac411059c9141810a65bbb3185711bef4de9374dbdc"",""current_timestamp"":""2025-08-07T00:20:27Z"",""eligibility_changed"":false,""equivalent"":false,""new_york_date_boundary"":false,""offset_seconds"":14400.0,""reasons"":[""DISTINCT_PARENT_ACCESSIONS_WITHOUT_REVIEWED_EXCLUSION_OR_PRECEDENCE""],""representation_match"":true,""rule_version"":""same_sec_parent_timestamp_representation_v1"",""same_parent"":true,""stored_evidence_hash"":""f2b5a2c3006d5bba493532bb63419fe1a8ec016f88d9377f647fbf2c55af11bf"",""stored_timestamp"":""2025-08-06T20:20:27Z"",""utc_date_boundary"":true}]"
323,2025,Q3,11429,BKD,TIMESTAMP_PLUS_INDEPENDENT_AMBIGUITY,2,False,True,False,False,DISTINCT_PARENT_ACCESSIONS_WITHOUT_REVIEWED_EXCLUSION_OR_PRECEDENCE,AMBIGUOUS,REVIEW,LEGACY_AMBIGUITY,"[{""accession"":""0001332349-25-000138"",""classification"":""TIMESTAMP_PLUS_INDEPENDENT_AMBIGUITY"",""current_evidence_hash"":""58e4b141c978709362d1672a2b13a9210345ced954ec130b11a5f5d388989919"",""current_timestamp"":""2025-10-09T00:20:02Z"",""eligibility_changed"":false,""equivalent"":false,""new_york_date_boundary"":false,""offset_seconds"":14400.0,""reasons"":[""DISTINCT_PARENT_ACCESSIONS_WITHOUT_REVIEWED_EXCLUSION_OR_PRECEDENCE""],""representation_match"":true,""rule_version"":""same_sec_parent_timestamp_representation_v1"",""same_parent"":true,""stored_evidence_hash"":""ebfb77acb3a354551c39942379b8bd4b64edcb66e53329a1dff71760e0093982"",""stored_timestamp"":""2025-10-08T20:20:02Z"",""utc_date_boundary"":true},{""accession"":""0001332349-25-000140"",""classification"":""TIMESTAMP_PLUS_INDEPENDENT_AMBIGUITY"",""current_evidence_hash"":""a0c2d4e410faf3fe8a1b75fb1f1a36105c8f74f2fd2276304775bdee3a1e28fe"",""current_timestamp"":""2025-11-07T02:27:04Z"",""eligibility_changed"":false,""equivalent"":false,""new_york_date_boundary"":false,""offset_seconds"":18000.0,""reasons"":[""DISTINCT_PARENT_ACCESSIONS_WITHOUT_REVIEWED_EXCLUSION_OR_PRECEDENCE""],""representation_match"":true,""rule_version"":""same_sec_parent_timestamp_representation_v1"",""same_parent"":true,""stored_evidence_hash"":""ccd84cf9ad67de9e311d26ba427fa7092fcd3bf0e903738c44aca87a2e33930c"",""stored_timestamp"":""2025-11-06T21:27:04Z"",""utc_date_boundary"":true}]"
323,2025,Q4,11430,BKD,TIMESTAMP_PLUS_INDEPENDENT_AMBIGUITY,3,False,True,False,False,DISTINCT_PARENT_ACCESSIONS_WITHOUT_REVIEWED_EXCLUSION_OR_PRECEDENCE,AMBIGUOUS,REVIEW,LEGACY_AMBIGUITY,"[{""accession"":""0001332349-26-000004"",""classification"":""TIMESTAMP_PLUS_INDEPENDENT_AMBIGUITY"",""current_evidence_hash"":""b4e27d4701d477057704da9cf73ba1c7c6d90fb48bec45d31ee8a1af0bd7ff1d"",""current_timestamp"":""2026-01-12T17:34:56Z"",""eligibility_changed"":false,""equivalent"":false,""new_york_date_boundary"":false,""offset_seconds"":18000.0,""reasons"":[""DISTINCT_PARENT_ACCESSIONS_WITHOUT_REVIEWED_EXCLUSION_OR_PRECEDENCE""],""representation_match"":true,""rule_version"":""same_sec_parent_timestamp_representation_v1"",""same_parent"":true,""stored_evidence_hash"":""65dd48f01ac35d605aab49f5fea836126825b9e7c67fbc678fb753856949b09a"",""stored_timestamp"":""2026-01-12T12:34:56Z"",""utc_date_boundary"":false},{""accession"":""0001332349-26-000006"",""classification"":""TIMESTAMP_PLUS_INDEPENDENT_AMBIGUITY"",""current_evidence_hash"":""354dd76700c3227e109167f791846923ff565186c778c309c95c8d75f36f07b2"",""current_timestamp"":""2026-01-29T02:17:21Z"",""eligibility_changed"":false,""equivalent"":false,""new_york_date_boundary"":false,""offset_seconds"":18000.0,""reasons"":[""DISTINCT_PARENT_ACCESSIONS_WITHOUT_REVIEWED_EXCLUSION_OR_PRECEDENCE""],""representation_match"":true,""rule_version"":""same_sec_parent_timestamp_representation_v1"",""same_parent"":true,""stored_evidence_hash"":""465ea05404949a332bd09c69f8bcc28c8f0666ab005698af0e5faf6c3a0d13da"",""stored_timestamp"":""2026-01-28T21:17:21Z"",""utc_date_boundary"":true},{""accession"":""0001332349-26-000030"",""classification"":""TIMESTAMP_PLUS_INDEPENDENT_AMBIGUITY"",""current_evidence_hash"":""dce210fa4b66c15fb0f92836cf269ea5cb40c1e8466167d7f3b82bdf18a99c86"",""current_timestamp"":""2026-02-19T02:17:37Z"",""eligibility_changed"":false,""equivalent"":false,""new_york_date_boundary"":false,""offset_seconds"":18000.0,""reasons"":[""DISTINCT_PARENT_ACCESSIONS_WITHOUT_REVIEWED_EXCLUSION_OR_PRECEDENCE""],""representation_match"":true,""rule_version"":""same_sec_parent_timestamp_representation_v1"",""same_parent"":true,""stored_evidence_hash"":""8036b66e158daf8d9a28019afbc4c989c4e3e0537d85fa6963c399f0e8d22ab8"",""stored_timestamp"":""2026-02-18T21:17:37Z"",""utc_date_boundary"":true}]"
323,2026,Q1,11431,BKD,TIMESTAMP_PLUS_INDEPENDENT_AMBIGUITY,2,True,True,False,False,DISTINCT_PARENT_ACCESSIONS_WITHOUT_REVIEWED_EXCLUSION_OR_PRECEDENCE;UNRESOLVED_COMPETING_CONTEXT,AMBIGUOUS,REVIEW,LEGACY_AMBIGUITY,"[{""accession"":""0001332349-26-000040"",""classification"":""TIMESTAMP_PLUS_INDEPENDENT_AMBIGUITY"",""current_evidence_hash"":""b3c7f37ba4b05d3b33df31e0e23d071be0c560470790f0fdb15247d1f624f9f8"",""current_timestamp"":""2026-04-09T00:17:17Z"",""eligibility_changed"":false,""equivalent"":false,""new_york_date_boundary"":false,""offset_seconds"":14400.0,""reasons"":[""DISTINCT_PARENT_ACCESSIONS_WITHOUT_REVIEWED_EXCLUSION_OR_PRECEDENCE"",""UNRESOLVED_COMPETING_CONTEXT""],""representation_match"":true,""rule_version"":""same_sec_parent_timestamp_representation_v1"",""same_parent"":true,""stored_evidence_hash"":""1accfef34ecab4bede6af4a18f89cc77f2371d6fa7e7a648d46fe607273f262b"",""stored_timestamp"":""2026-04-08T20:17:17Z"",""utc_date_boundary"":true},{""accession"":""0001332349-26-000045"",""classification"":""TIMESTAMP_PLUS_INDEPENDENT_AMBIGUITY"",""current_evidence_hash"":""b659226fccbc23f7cef28fc406aa3014aca6f5d5f2b7085ee42d9e0462701a62"",""current_timestamp"":""2026-05-07T00:19:20Z"",""eligibility_changed"":false,""equivalent"":false,""new_york_date_boundary"":false,""offset_seconds"":14400.0,""reasons"":[""DISTINCT_PARENT_ACCESSIONS_WITHOUT_REVIEWED_EXCLUSION_OR_PRECEDENCE"",""UNRESOLVED_COMPETING_CONTEXT""],""representation_match"":true,""rule_version"":""same_sec_parent_timestamp_representation_v1"",""same_parent"":true,""stored_evidence_hash"":""c547064f39d6fec79aed90ae624421434d97eb66b8a92e949c260f6a3e493ac2"",""stored_timestamp"":""2026-05-06T20:19:20Z"",""utc_date_boundary"":true}]"
334,2025,Q4,11827,BLFS,TIMESTAMP_PLUS_INDEPENDENT_AMBIGUITY,2,True,True,False,False,DISTINCT_PARENT_ACCESSIONS_WITHOUT_REVIEWED_EXCLUSION_OR_PRECEDENCE;UNRESOLVED_COMPETING_CONTEXT,AMBIGUOUS,REVIEW,LEGACY_AMBIGUITY,"[{""accession"":""0001628280-26-001767"",""classification"":""TIMESTAMP_PLUS_INDEPENDENT_AMBIGUITY"",""current_evidence_hash"":""7190b34e5aa38c3f529f9d84aedc89c609365cfa636cc8bb33a87f7cd68536f3"",""current_timestamp"":""2026-01-12T18:04:17Z"",""eligibility_changed"":false,""equivalent"":false,""new_york_date_boundary"":false,""offset_seconds"":18000.0,""reasons"":[""DISTINCT_PARENT_ACCESSIONS_WITHOUT_REVIEWED_EXCLUSION_OR_PRECEDENCE"",""UNRESOLVED_COMPETING_CONTEXT""],""representation_match"":true,""rule_version"":""same_sec_parent_timestamp_representation_v1"",""same_parent"":true,""stored_evidence_hash"":""f845d0113c3de78de2593a459b4629591cb9169532f1fdeea07fc4c543d62351"",""stored_timestamp"":""2026-01-12T13:04:17Z"",""utc_date_boundary"":false},{""accession"":""0001628280-26-012264"",""classification"":""TIMESTAMP_PLUS_INDEPENDENT_AMBIGUITY"",""current_evidence_hash"":""6b7940840145664231e577eb3b71588daa036de27875d84575c7286264bc2046"",""current_timestamp"":""2026-02-27T02:07:58Z"",""eligibility_changed"":false,""equivalent"":false,""new_york_date_boundary"":false,""offset_seconds"":18000.0,""reasons"":[""DISTINCT_PARENT_ACCESSIONS_WITHOUT_REVIEWED_EXCLUSION_OR_PRECEDENCE"",""UNRESOLVED_COMPETING_CONTEXT""],""representation_match"":true,""rule_version"":""same_sec_parent_timestamp_representation_v1"",""same_parent"":true,""stored_evidence_hash"":""12aa0344c5c567d62d86770c924a46eb0538f1a46dd8352448b8e0ff7f7a66df"",""stored_timestamp"":""2026-02-26T21:07:58Z"",""utc_date_boundary"":true}]"
386,2025,Q1,13532,BYRN,TIMESTAMP_PLUS_INDEPENDENT_AMBIGUITY,2,False,False,False,False,DISTINCT_PARENT_ACCESSIONS_WITHOUT_REVIEWED_EXCLUSION_OR_PRECEDENCE,AMBIGUOUS,REVIEW,LEGACY_AMBIGUITY,"[{""accession"":""0001437749-25-006222"",""classification"":""TIMESTAMP_PLUS_INDEPENDENT_AMBIGUITY"",""current_evidence_hash"":""83855ea27ce4f3975d196dfcdb8ef570f2748af7173f62338f2e7c15fd81cf09"",""current_timestamp"":""2025-03-05T18:35:17Z"",""eligibility_changed"":false,""equivalent"":false,""new_york_date_boundary"":false,""offset_seconds"":18000.0,""reasons"":[""DISTINCT_PARENT_ACCESSIONS_WITHOUT_REVIEWED_EXCLUSION_OR_PRECEDENCE""],""representation_match"":true,""rule_version"":""same_sec_parent_timestamp_representation_v1"",""same_parent"":true,""stored_evidence_hash"":""8716167c774bd0b7c4eda3d16c584d472ed0042ca4661d647a99f047df63c58f"",""stored_timestamp"":""2025-03-05T13:35:17Z"",""utc_date_boundary"":false},{""accession"":""0001437749-25-011590"",""classification"":""TIMESTAMP_PLUS_INDEPENDENT_AMBIGUITY"",""current_evidence_hash"":""867cbfc938ea4cd2a9d95a5585209bd7a6a1089c8990677063f26f832c0efcbe"",""current_timestamp"":""2025-04-10T16:05:17Z"",""eligibility_changed"":false,""equivalent"":false,""new_york_date_boundary"":false,""offset_seconds"":14400.0,""reasons"":[""DISTINCT_PARENT_ACCESSIONS_WITHOUT_REVIEWED_EXCLUSION_OR_PRECEDENCE""],""representation_match"":true,""rule_version"":""same_sec_parent_timestamp_representation_v1"",""same_parent"":true,""stored_evidence_hash"":""ab5b1d370468820fd9b78ab3800e0c69911bf96d62f4b1c57daa9999ad081a82"",""stored_timestamp"":""2025-04-10T12:05:17Z"",""utc_date_boundary"":false}]"
386,2025,Q2,13533,BYRN,TIMESTAMP_PLUS_INDEPENDENT_AMBIGUITY,2,False,True,False,False,DISTINCT_PARENT_ACCESSIONS_WITHOUT_REVIEWED_EXCLUSION_OR_PRECEDENCE,AMBIGUOUS,REVIEW,LEGACY_AMBIGUITY,"[{""accession"":""0001437749-25-019570"",""classification"":""TIMESTAMP_PLUS_INDEPENDENT_AMBIGUITY"",""current_evidence_hash"":""0bfbe1d251ca30df061466d412015547262e01c52ba535c33d51799bab142030"",""current_timestamp"":""2025-06-06T00:47:50Z"",""eligibility_changed"":false,""equivalent"":false,""new_york_date_boundary"":false,""offset_seconds"":14400.0,""reasons"":[""DISTINCT_PARENT_ACCESSIONS_WITHOUT_REVIEWED_EXCLUSION_OR_PRECEDENCE""],""representation_match"":true,""rule_version"":""same_sec_parent_timestamp_representation_v1"",""same_parent"":true,""stored_evidence_hash"":""bca31f06365fa7f04c84fe8aec5c602252cd60b98ed26427bb0f77719244f2ed"",""stored_timestamp"":""2025-06-05T20:47:50Z"",""utc_date_boundary"":true},{""accession"":""0001437749-25-022480"",""classification"":""TIMESTAMP_PLUS_INDEPENDENT_AMBIGUITY"",""current_evidence_hash"":""a030add61ff9da554f3f37f9bdda5036789669b29d29dcb2bd6aef0ba538047f"",""current_timestamp"":""2025-07-10T16:05:12Z"",""eligibility_changed"":false,""equivalent"":false,""new_york_date_boundary"":false,""offset_seconds"":14400.0,""reasons"":[""DISTINCT_PARENT_ACCESSIONS_WITHOUT_REVIEWED_EXCLUSION_OR_PRECEDENCE""],""representation_match"":true,""rule_version"":""same_sec_parent_timestamp_representation_v1"",""same_parent"":true,""stored_evidence_hash"":""ee589076bd6bd8825fcb8ec7ba7eb3eebc8fe24a0cf5c827d809b1bf3453ea72"",""stored_timestamp"":""2025-07-10T12:05:12Z"",""utc_date_boundary"":false}]"
386,2025,Q3,13534,BYRN,TIMESTAMP_PLUS_INDEPENDENT_AMBIGUITY,2,False,False,False,False,DISTINCT_PARENT_ACCESSIONS_WITHOUT_REVIEWED_EXCLUSION_OR_PRECEDENCE,AMBIGUOUS,REVIEW,LEGACY_AMBIGUITY,"[{""accession"":""0001437749-25-028329"",""classification"":""TIMESTAMP_PLUS_INDEPENDENT_AMBIGUITY"",""current_evidence_hash"":""f549d3ef68febb61318d7e905917332a1f7a6975666afd23166d8eddc69c3059"",""current_timestamp"":""2025-09-04T17:30:23Z"",""eligibility_changed"":false,""equivalent"":false,""new_york_date_boundary"":false,""offset_seconds"":14400.0,""reasons"":[""DISTINCT_PARENT_ACCESSIONS_WITHOUT_REVIEWED_EXCLUSION_OR_PRECEDENCE""],""representation_match"":true,""rule_version"":""same_sec_parent_timestamp_representation_v1"",""same_parent"":true,""stored_evidence_hash"":""fdf084bdd469ea3339ddaa6f869793126923fb0d5047ef28c51ea00472e28ba1"",""stored_timestamp"":""2025-09-04T13:30:23Z"",""utc_date_boundary"":false},{""accession"":""0001437749-25-030737"",""classification"":""TIMESTAMP_PLUS_INDEPENDENT_AMBIGUITY"",""current_evidence_hash"":""2349d9e755b904c4c30485a3f6df67be81abf3d1c23b3632d153e9c49098adc7"",""current_timestamp"":""2025-10-09T16:05:10Z"",""eligibility_changed"":false,""equivalent"":false,""new_york_date_boundary"":false,""offset_seconds"":14400.0,""reasons"":[""DISTINCT_PARENT_ACCESSIONS_WITHOUT_REVIEWED_EXCLUSION_OR_PRECEDENCE""],""representation_match"":true,""rule_version"":""same_sec_parent_timestamp_representation_v1"",""same_parent"":true,""stored_evidence_hash"":""9250a01334543963ed0eb8fee55c637bc4f7ce10bd0e08689b1f66579d9e24f4"",""stored_timestamp"":""2025-10-09T12:05:10Z"",""utc_date_boundary"":false}]"
386,2025,Q4,13535,BYRN,TIMESTAMP_PLUS_INDEPENDENT_AMBIGUITY,2,False,True,False,False,DISTINCT_PARENT_ACCESSIONS_WITHOUT_REVIEWED_EXCLUSION_OR_PRECEDENCE,AMBIGUOUS,REVIEW,LEGACY_AMBIGUITY,"[{""accession"":""0001437749-25-037144"",""classification"":""TIMESTAMP_PLUS_INDEPENDENT_AMBIGUITY"",""current_evidence_hash"":""aed4dd5eb391df0bd974f095ff59e0249577a63a926173b61a27ec0b6242902b"",""current_timestamp"":""2025-12-09T02:05:14Z"",""eligibility_changed"":false,""equivalent"":false,""new_york_date_boundary"":false,""offset_seconds"":18000.0,""reasons"":[""DISTINCT_PARENT_ACCESSIONS_WITHOUT_REVIEWED_EXCLUSION_OR_PRECEDENCE""],""representation_match"":true,""rule_version"":""same_sec_parent_timestamp_representation_v1"",""same_parent"":true,""stored_evidence_hash"":""2b51c075b1fd24ec1141c158ef7f54e37eded6898fcc01fbf9b83b55311d535e"",""stored_timestamp"":""2025-12-08T21:05:14Z"",""utc_date_boundary"":true},{""accession"":""0001437749-26-003208"",""classification"":""TIMESTAMP_PLUS_INDEPENDENT_AMBIGUITY"",""current_evidence_hash"":""641e4152cb1c75ea9f5497c740aeebc32957974f5ac2252d445aa4c58252f6cb"",""current_timestamp"":""2026-02-06T02:17:37Z"",""eligibility_changed"":false,""equivalent"":false,""new_york_date_boundary"":false,""offset_seconds"":18000.0,""reasons"":[""DISTINCT_PARENT_ACCESSIONS_WITHOUT_REVIEWED_EXCLUSION_OR_PRECEDENCE""],""representation_match"":true,""rule_version"":""same_sec_parent_timestamp_representation_v1"",""same_parent"":true,""stored_evidence_hash"":""2da7e1b241f2fa060065fcf6041652dade3e8d09162a1d0e6a3ea59c67bc0784"",""stored_timestamp"":""2026-02-05T21:17:37Z"",""utc_date_boundary"":true}]"
386,2026,Q1,13536,BYRN,TIMESTAMP_PLUS_INDEPENDENT_AMBIGUITY,2,True,False,False,False,DISTINCT_PARENT_ACCESSIONS_WITHOUT_REVIEWED_EXCLUSION_OR_PRECEDENCE;UNRESOLVED_COMPETING_CONTEXT,AMBIGUOUS,REVIEW,LEGACY_AMBIGUITY,"[{""accession"":""0001437749-26-007268"",""classification"":""TIMESTAMP_PLUS_INDEPENDENT_AMBIGUITY"",""current_evidence_hash"":""533196b3e4f0838ff951020cb74a40fcae8c00538a8970391eb7e6ee548590ba"",""current_timestamp"":""2026-03-09T16:05:50Z"",""eligibility_changed"":false,""equivalent"":false,""new_york_date_boundary"":false,""offset_seconds"":14400.0,""reasons"":[""DISTINCT_PARENT_ACCESSIONS_WITHOUT_REVIEWED_EXCLUSION_OR_PRECEDENCE"",""UNRESOLVED_COMPETING_CONTEXT""],""representation_match"":true,""rule_version"":""same_sec_parent_timestamp_representation_v1"",""same_parent"":true,""stored_evidence_hash"":""899dfc033cd154910d6c522bff5aa87dde14e722a036d0e7c35a6c74c58842c0"",""stored_timestamp"":""2026-03-09T12:05:50Z"",""utc_date_boundary"":false},{""accession"":""0001437749-26-011821"",""classification"":""TIMESTAMP_PLUS_INDEPENDENT_AMBIGUITY"",""current_evidence_hash"":""d8c156d1eecee89fe761da818552e78f36f3139ac58a3e81fb38fa86205ef487"",""current_timestamp"":""2026-04-09T16:06:41Z"",""eligibility_changed"":false,""equivalent"":false,""new_york_date_boundary"":false,""offset_seconds"":14400.0,""reasons"":[""DISTINCT_PARENT_ACCESSIONS_WITHOUT_REVIEWED_EXCLUSION_OR_PRECEDENCE"",""UNRESOLVED_COMPETING_CONTEXT""],""representation_match"":true,""rule_version"":""same_sec_parent_timestamp_representation_v1"",""same_parent"":true,""stored_evidence_hash"":""82aae6ff568badbdc33b024094a11344df20940b25d123a568001bd10e848806"",""stored_timestamp"":""2026-04-09T12:06:41Z"",""utc_date_boundary"":false}]"
405,2026,Q1,14197,CARS,TIMESTAMP_PLUS_INDEPENDENT_AMBIGUITY,2,True,True,False,False,DISTINCT_PARENT_ACCESSIONS_WITHOUT_REVIEWED_EXCLUSION_OR_PRECEDENCE;UNRESOLVED_COMPETING_CONTEXT,AMBIGUOUS,REVIEW,LEGACY_AMBIGUITY,"[{""accession"":""0001193125-26-149752"",""classification"":""TIMESTAMP_PLUS_INDEPENDENT_AMBIGUITY"",""current_evidence_hash"":""e4cdacf277f95ba430930aa23ca8e176174cef9971e9446e9b2b4f78f9a6e7f9"",""current_timestamp"":""2026-04-10T00:39:19Z"",""eligibility_changed"":false,""equivalent"":false,""new_york_date_boundary"":false,""offset_seconds"":14400.0,""reasons"":[""DISTINCT_PARENT_ACCESSIONS_WITHOUT_REVIEWED_EXCLUSION_OR_PRECEDENCE"",""UNRESOLVED_COMPETING_CONTEXT""],""representation_match"":true,""rule_version"":""same_sec_parent_timestamp_representation_v1"",""same_parent"":true,""stored_evidence_hash"":""1dda134fb57e0bf31797edaa59e554177292602abd8b23efc22dd7aba4575554"",""stored_timestamp"":""2026-04-09T20:39:19Z"",""utc_date_boundary"":true},{""accession"":""0001193125-26-210377"",""classification"":""TIMESTAMP_PLUS_INDEPENDENT_AMBIGUITY"",""current_evidence_hash"":""913fba8806a184836b0af237e6b32d9e18b3be7753adc6b4ded484c9d6fb5123"",""current_timestamp"":""2026-05-07T15:45:18Z"",""eligibility_changed"":false,""equivalent"":false,""new_york_date_boundary"":false,""offset_seconds"":14400.0,""reasons"":[""DISTINCT_PARENT_ACCESSIONS_WITHOUT_REVIEWED_EXCLUSION_OR_PRECEDENCE"",""UNRESOLVED_COMPETING_CONTEXT""],""representation_match"":true,""rule_version"":""same_sec_parent_timestamp_representation_v1"",""same_parent"":true,""stored_evidence_hash"":""490f1b339232e87cac07ebf684f3090682784dff48089732798cc2d14e3f11ae"",""stored_timestamp"":""2026-05-07T11:45:18Z"",""utc_date_boundary"":false}]"
428,2025,Q4,15025,CDNA,TIMESTAMP_PLUS_INDEPENDENT_AMBIGUITY,2,False,True,False,False,DISTINCT_PARENT_ACCESSIONS_WITHOUT_REVIEWED_EXCLUSION_OR_PRECEDENCE,AMBIGUOUS,REVIEW,LEGACY_AMBIGUITY,"[{""accession"":""0001217234-26-000007"",""classification"":""TIMESTAMP_PLUS_INDEPENDENT_AMBIGUITY"",""current_evidence_hash"":""ad3bba2406899bb75d7ec61b5610ab374c3ef2598ae2633695824806f07b715e"",""current_timestamp"":""2026-01-12T17:08:55Z"",""eligibility_changed"":false,""equivalent"":false,""new_york_date_boundary"":false,""offset_seconds"":18000.0,""reasons"":[""DISTINCT_PARENT_ACCESSIONS_WITHOUT_REVIEWED_EXCLUSION_OR_PRECEDENCE""],""representation_match"":true,""rule_version"":""same_sec_parent_timestamp_representation_v1"",""same_parent"":true,""stored_evidence_hash"":""768d4a5ac13327a87466a239e5055bfde7463d1508fd6631a92239e0ce405351"",""stored_timestamp"":""2026-01-12T12:08:55Z"",""utc_date_boundary"":false},{""accession"":""0001217234-26-000015"",""classification"":""TIMESTAMP_PLUS_INDEPENDENT_AMBIGUITY"",""current_evidence_hash"":""4f4cb52eacf3b42df6ec6af1bdfabd70069eec2cb617205ee430ceeb85d43c93"",""current_timestamp"":""2026-02-25T02:03:13Z"",""eligibility_changed"":false,""equivalent"":false,""new_york_date_boundary"":false,""offset_seconds"":18000.0,""reasons"":[""DISTINCT_PARENT_ACCESSIONS_WITHOUT_REVIEWED_EXCLUSION_OR_PRECEDENCE""],""representation_match"":true,""rule_version"":""same_sec_parent_timestamp_representation_v1"",""same_parent"":true,""stored_evidence_hash"":""251c39031bb57d012e94fd8e49d4e4bca8728a5ac898145868202f1b732bcec0"",""stored_timestamp"":""2026-02-24T21:03:13Z"",""utc_date_boundary"":true}]"
428,2026,Q1,15026,CDNA,TIMESTAMP_PLUS_INDEPENDENT_AMBIGUITY,2,True,True,False,False,DISTINCT_PARENT_ACCESSIONS_WITHOUT_REVIEWED_EXCLUSION_OR_PRECEDENCE;UNRESOLVED_COMPETING_CONTEXT,AMBIGUOUS,REVIEW,LEGACY_AMBIGUITY,"[{""accession"":""0001104659-26-043970"",""classification"":""TIMESTAMP_PLUS_INDEPENDENT_AMBIGUITY"",""current_evidence_hash"":""7b80cb5ffccc58bb111178c2dd74d0ecf581155fc28e49582b85a895d85a2abe"",""current_timestamp"":""2026-04-16T14:05:59Z"",""eligibility_changed"":false,""equivalent"":false,""new_york_date_boundary"":false,""offset_seconds"":14400.0,""reasons"":[""DISTINCT_PARENT_ACCESSIONS_WITHOUT_REVIEWED_EXCLUSION_OR_PRECEDENCE"",""UNRESOLVED_COMPETING_CONTEXT""],""representation_match"":true,""rule_version"":""same_sec_parent_timestamp_representation_v1"",""same_parent"":true,""stored_evidence_hash"":""e9b5dd4a5798d639286c73488c20c8ee077305f1dd766699a1cb9d361add0b49"",""stored_timestamp"":""2026-04-16T10:05:59Z"",""utc_date_boundary"":false},{""accession"":""0001104659-26-050317"",""classification"":""TIMESTAMP_PLUS_INDEPENDENT_AMBIGUITY"",""current_evidence_hash"":""a9671724f9bcb612191123015e260753e85e44ac4aa77f2676ca78212b09ff5c"",""current_timestamp"":""2026-04-29T00:05:27Z"",""eligibility_changed"":false,""equivalent"":false,""new_york_date_boundary"":false,""offset_seconds"":14400.0,""reasons"":[""DISTINCT_PARENT_ACCESSIONS_WITHOUT_REVIEWED_EXCLUSION_OR_PRECEDENCE"",""UNRESOLVED_COMPETING_CONTEXT""],""representation_match"":true,""rule_version"":""same_sec_parent_timestamp_representation_v1"",""same_parent"":true,""stored_evidence_hash"":""fa9b00f47720c589b78122ede9b3142902a4bca4adf6170aa04812f5212e5de4"",""stored_timestamp"":""2026-04-28T20:05:27Z"",""utc_date_boundary"":true}]"
439,2025,Q1,15409,CELC,TIMESTAMP_PLUS_INDEPENDENT_AMBIGUITY,2,True,True,False,False,DISTINCT_PARENT_ACCESSIONS_WITHOUT_REVIEWED_EXCLUSION_OR_PRECEDENCE;UNRESOLVED_COMPETING_CONTEXT,AMBIGUOUS,REVIEW,LEGACY_AMBIGUITY,"[{""accession"":""0001641172-25-001698"",""classification"":""TIMESTAMP_PLUS_INDEPENDENT_AMBIGUITY"",""current_evidence_hash"":""b5dda2e01d6d8d375fc157543084fe310012e0ae6a21355600a72f671a990f4a"",""current_timestamp"":""2025-04-01T00:05:36Z"",""eligibility_changed"":false,""equivalent"":false,""new_york_date_boundary"":false,""offset_seconds"":14400.0,""reasons"":[""DISTINCT_PARENT_ACCESSIONS_WITHOUT_REVIEWED_EXCLUSION_OR_PRECEDENCE"",""UNRESOLVED_COMPETING_CONTEXT""],""representation_match"":true,""rule_version"":""same_sec_parent_timestamp_representation_v1"",""same_parent"":true,""stored_evidence_hash"":""4aa3d86f32ea2f3253fd92a6969621c104a9e02b201f86c7675be01afc5cb2bd"",""stored_timestamp"":""2025-03-31T20:05:36Z"",""utc_date_boundary"":true},{""accession"":""0001641172-25-010308"",""classification"":""TIMESTAMP_PLUS_INDEPENDENT_AMBIGUITY"",""current_evidence_hash"":""c9e591fa349be845fe55afa988425f9bd9f6e5144426707dc19249b1b30941fa"",""current_timestamp"":""2025-05-15T00:34:44Z"",""eligibility_changed"":false,""equivalent"":false,""new_york_date_boundary"":false,""offset_seconds"":14400.0,""reasons"":[""DISTINCT_PARENT_ACCESSIONS_WITHOUT_REVIEWED_EXCLUSION_OR_PRECEDENCE"",""UNRESOLVED_COMPETING_CONTEXT""],""representation_match"":true,""rule_version"":""same_sec_parent_timestamp_representation_v1"",""same_parent"":true,""stored_evidence_hash"":""29273e5e965e46055da4449a6b417b013470b805e2f48470fe8740b02dc6ef2e"",""stored_timestamp"":""2025-05-14T20:34:44Z"",""utc_date_boundary"":true}]"
506,2025,Q1,17832,CMTL,TIMESTAMP_PLUS_INDEPENDENT_AMBIGUITY,2,True,True,False,False,DISTINCT_PARENT_ACCESSIONS_WITHOUT_REVIEWED_EXCLUSION_OR_PRECEDENCE;UNRESOLVED_COMPETING_CONTEXT,AMBIGUOUS,REVIEW,LEGACY_AMBIGUITY,"[{""accession"":""0000023197-24-000111"",""classification"":""TIMESTAMP_PLUS_INDEPENDENT_AMBIGUITY"",""current_evidence_hash"":""2dbf7016197a9e8d8a8952a25f387e8471e8ac1b3f89d4f7cf990e005a307932"",""current_timestamp"":""2024-11-01T00:47:52Z"",""eligibility_changed"":false,""equivalent"":false,""new_york_date_boundary"":false,""offset_seconds"":14400.0,""reasons"":[""DISTINCT_PARENT_ACCESSIONS_WITHOUT_REVIEWED_EXCLUSION_OR_PRECEDENCE"",""UNRESOLVED_COMPETING_CONTEXT""],""representation_match"":true,""rule_version"":""same_sec_parent_timestamp_representation_v1"",""same_parent"":true,""stored_evidence_hash"":""615cea39c87e9a23561abcb40745dece2d3fc65c8bc28edbf1e8998917525fec"",""stored_timestamp"":""2024-10-31T20:47:52Z"",""utc_date_boundary"":true},{""accession"":""0000023197-25-000007"",""classification"":""TIMESTAMP_PLUS_INDEPENDENT_AMBIGUITY"",""current_evidence_hash"":""e163aa9495634d99b108f9a4d4b115df6e4abb13c65dc106613a35cb106c32b1"",""current_timestamp"":""2025-01-13T17:10:30Z"",""eligibility_changed"":false,""equivalent"":false,""new_york_date_boundary"":false,""offset_seconds"":18000.0,""reasons"":[""DISTINCT_PARENT_ACCESSIONS_WITHOUT_REVIEWED_EXCLUSION_OR_PRECEDENCE"",""UNRESOLVED_COMPETING_CONTEXT""],""representation_match"":true,""rule_version"":""same_sec_parent_timestamp_representation_v1"",""same_parent"":true,""stored_evidence_hash"":""6ede510889e7f55bc4e90c6e19779aee6a63bba307c7964b49afd178209c1951"",""stored_timestamp"":""2025-01-13T12:10:30Z"",""utc_date_boundary"":false}]"
520,2025,Q1,18351,COCH,TIMESTAMP_PLUS_INDEPENDENT_AMBIGUITY,2,True,True,False,False,DISTINCT_PARENT_ACCESSIONS_WITHOUT_REVIEWED_EXCLUSION_OR_PRECEDENCE;UNRESOLVED_COMPETING_CONTEXT,AMBIGUOUS,REVIEW,LEGACY_AMBIGUITY,"[{""accession"":""0001213900-25-025827"",""classification"":""TIMESTAMP_PLUS_INDEPENDENT_AMBIGUITY"",""current_evidence_hash"":""b7993efe8e6b885aa67a7a0c87847b83077ffbd3dfd874d6c6ad61ff1ce7e5aa"",""current_timestamp"":""2025-03-31T17:15:07Z"",""eligibility_changed"":false,""equivalent"":false,""new_york_date_boundary"":false,""offset_seconds"":14400.0,""reasons"":[""DISTINCT_PARENT_ACCESSIONS_WITHOUT_REVIEWED_EXCLUSION_OR_PRECEDENCE"",""UNRESOLVED_COMPETING_CONTEXT""],""representation_match"":true,""rule_version"":""same_sec_parent_timestamp_representation_v1"",""same_parent"":true,""stored_evidence_hash"":""ba2c4313cf45b7a7b300e6f47eaee97c80e74982df1482985bd0214dc4260016"",""stored_timestamp"":""2025-03-31T13:15:07Z"",""utc_date_boundary"":false},{""accession"":""0001213900-25-038498"",""classification"":""TIMESTAMP_PLUS_INDEPENDENT_AMBIGUITY"",""current_evidence_hash"":""f888488c6614bdf14d60903131ff28186cade0439921f69b5e9dcf8a8a809abb"",""current_timestamp"":""2025-05-02T00:44:23Z"",""eligibility_changed"":false,""equivalent"":false,""new_york_date_boundary"":false,""offset_seconds"":14400.0,""reasons"":[""DISTINCT_PARENT_ACCESSIONS_WITHOUT_REVIEWED_EXCLUSION_OR_PRECEDENCE"",""UNRESOLVED_COMPETING_CONTEXT""],""representation_match"":true,""rule_version"":""same_sec_parent_timestamp_representation_v1"",""same_parent"":true,""stored_evidence_hash"":""2aa8640930e3c69c78d6c3b16222d391b78a080e67238614a437b6a1e7f1445e"",""stored_timestamp"":""2025-05-01T20:44:23Z"",""utc_date_boundary"":true}]"
523,2025,Q2,18450,COGT,TIMESTAMP_PLUS_INDEPENDENT_AMBIGUITY,2,True,False,False,False,DISTINCT_PARENT_ACCESSIONS_WITHOUT_REVIEWED_EXCLUSION_OR_PRECEDENCE;UNRESOLVED_COMPETING_CONTEXT,AMBIGUOUS,REVIEW,LEGACY_AMBIGUITY,"[{""accession"":""0000950170-25-102433"",""classification"":""TIMESTAMP_PLUS_INDEPENDENT_AMBIGUITY"",""current_evidence_hash"":""e5e083adc80124dd6b1cf9fec440b2e4372c20d89385f6c01ca4c36368ad1f05"",""current_timestamp"":""2025-08-05T16:41:10Z"",""eligibility_changed"":false,""equivalent"":false,""new_york_date_boundary"":false,""offset_seconds"":14400.0,""reasons"":[""DISTINCT_PARENT_ACCESSIONS_WITHOUT_REVIEWED_EXCLUSION_OR_PRECEDENCE"",""UNRESOLVED_COMPETING_CONTEXT""],""representation_match"":true,""rule_version"":""same_sec_parent_timestamp_representation_v1"",""same_parent"":true,""stored_evidence_hash"":""8df55dc61c2f946bd4c149bd8d95a48eeea0216575bdb2d1c76f5f0de621b5e3"",""stored_timestamp"":""2025-08-05T12:41:10Z"",""utc_date_boundary"":false},{""accession"":""0001193125-25-157390"",""classification"":""TIMESTAMP_PLUS_INDEPENDENT_AMBIGUITY"",""current_evidence_hash"":""567a15bdf99aaed2ebe14890f282fd273bcc716160d2f77bd5ab0055cc0e5daf"",""current_timestamp"":""2025-07-10T16:00:17Z"",""eligibility_changed"":false,""equivalent"":false,""new_york_date_boundary"":false,""offset_seconds"":14400.0,""reasons"":[""DISTINCT_PARENT_ACCESSIONS_WITHOUT_REVIEWED_EXCLUSION_OR_PRECEDENCE"",""UNRESOLVED_COMPETING_CONTEXT""],""representation_match"":true,""rule_version"":""same_sec_parent_timestamp_representation_v1"",""same_parent"":true,""stored_evidence_hash"":""d1fcb2fff5a7fe7cf1af70e6ccfb06bf06abd6b26f9a139157dc75e62f4ac8ef"",""stored_timestamp"":""2025-07-10T12:00:17Z"",""utc_date_boundary"":false}]"
541,2025,Q3,19075,COUR,TIMESTAMP_PLUS_INDEPENDENT_AMBIGUITY,2,True,True,False,False,DISTINCT_PARENT_ACCESSIONS_WITHOUT_REVIEWED_EXCLUSION_OR_PRECEDENCE;UNRESOLVED_COMPETING_CONTEXT,AMBIGUOUS,REVIEW,LEGACY_AMBIGUITY,"[{""accession"":""0001651562-25-000052"",""classification"":""TIMESTAMP_PLUS_INDEPENDENT_AMBIGUITY"",""current_evidence_hash"":""f3caf4deca23734fa4cc820aa1c50cf547103d03e834f5156b813796e10e3e01"",""current_timestamp"":""2025-10-03T00:16:02Z"",""eligibility_changed"":false,""equivalent"":false,""new_york_date_boundary"":false,""offset_seconds"":14400.0,""reasons"":[""DISTINCT_PARENT_ACCESSIONS_WITHOUT_REVIEWED_EXCLUSION_OR_PRECEDENCE"",""UNRESOLVED_COMPETING_CONTEXT""],""representation_match"":true,""rule_version"":""same_sec_parent_timestamp_representation_v1"",""same_parent"":true,""stored_evidence_hash"":""085720aeb98b6e0ff8fe7406b30378f87fa7b287da30b97a4cd51b9001e119a9"",""stored_timestamp"":""2025-10-02T20:16:02Z"",""utc_date_boundary"":true},{""accession"":""0001651562-25-000056"",""classification"":""TIMESTAMP_PLUS_INDEPENDENT_AMBIGUITY"",""current_evidence_hash"":""58ead53f6bf21c7b600618d4c7b075e2327b48be94806ecf91a54d4eecd5ccea"",""current_timestamp"":""2025-10-24T00:15:26Z"",""eligibility_changed"":false,""equivalent"":false,""new_york_date_boundary"":false,""offset_seconds"":14400.0,""reasons"":[""DISTINCT_PARENT_ACCESSIONS_WITHOUT_REVIEWED_EXCLUSION_OR_PRECEDENCE"",""UNRESOLVED_COMPETING_CONTEXT""],""representation_match"":true,""rule_version"":""same_sec_parent_timestamp_representation_v1"",""same_parent"":true,""stored_evidence_hash"":""38246ebc6b1df8619e18ee3fbca2612c8311e13875135f0e922c67b1bb212104"",""stored_timestamp"":""2025-10-23T20:15:26Z"",""utc_date_boundary"":true}]"
555,2025,Q1,19587,CRBU,TIMESTAMP_PLUS_INDEPENDENT_AMBIGUITY,2,True,True,False,False,DISTINCT_PARENT_ACCESSIONS_WITHOUT_REVIEWED_EXCLUSION_OR_PRECEDENCE;UNRESOLVED_COMPETING_CONTEXT,AMBIGUOUS,REVIEW,LEGACY_AMBIGUITY,"[{""accession"":""0001619856-25-000023"",""classification"":""TIMESTAMP_PLUS_INDEPENDENT_AMBIGUITY"",""current_evidence_hash"":""fc781d882ff381a6039557d51b265b612eb99e26236673ea9a7b7fe31328e598"",""current_timestamp"":""2025-04-25T00:17:19Z"",""eligibility_changed"":false,""equivalent"":false,""new_york_date_boundary"":false,""offset_seconds"":14400.0,""reasons"":[""DISTINCT_PARENT_ACCESSIONS_WITHOUT_REVIEWED_EXCLUSION_OR_PRECEDENCE"",""UNRESOLVED_COMPETING_CONTEXT""],""representation_match"":true,""rule_version"":""same_sec_parent_timestamp_representation_v1"",""same_parent"":true,""stored_evidence_hash"":""e8ba6371075d4b8a2bbbfe4d6d7a44de675123aa471ead5ccad94c1f5419d8a9"",""stored_timestamp"":""2025-04-24T20:17:19Z"",""utc_date_boundary"":true},{""accession"":""0001619856-25-000040"",""classification"":""TIMESTAMP_PLUS_INDEPENDENT_AMBIGUITY"",""current_evidence_hash"":""f020200c5a54bef1a97d767a42159823da426841acf87a935af6bb5135615405"",""current_timestamp"":""2025-05-09T00:06:55Z"",""eligibility_changed"":false,""equivalent"":false,""new_york_date_boundary"":false,""offset_seconds"":14400.0,""reasons"":[""DISTINCT_PARENT_ACCESSIONS_WITHOUT_REVIEWED_EXCLUSION_OR_PRECEDENCE"",""UNRESOLVED_COMPETING_CONTEXT""],""representation_match"":true,""rule_version"":""same_sec_parent_timestamp_representation_v1"",""same_parent"":true,""stored_evidence_hash"":""8b7b359becff8da452c6280a7276ec75343d14a1207c8e6e8c281af787fc9245"",""stored_timestamp"":""2025-05-08T20:06:55Z"",""utc_date_boundary"":true}]"
555,2025,Q3,19589,CRBU,TIMESTAMP_PLUS_INDEPENDENT_AMBIGUITY,2,True,True,False,False,DISTINCT_PARENT_ACCESSIONS_WITHOUT_REVIEWED_EXCLUSION_OR_PRECEDENCE;UNRESOLVED_COMPETING_CONTEXT,AMBIGUOUS,REVIEW,LEGACY_AMBIGUITY,"[{""accession"":""0001619856-25-000065"",""classification"":""TIMESTAMP_PLUS_INDEPENDENT_AMBIGUITY"",""current_evidence_hash"":""66801007e4e1311f99d59eb95e317ab0abde7ade6fd6df2af3db6e02a803ff38"",""current_timestamp"":""2025-11-03T17:02:57Z"",""eligibility_changed"":false,""equivalent"":false,""new_york_date_boundary"":false,""offset_seconds"":18000.0,""reasons"":[""DISTINCT_PARENT_ACCESSIONS_WITHOUT_REVIEWED_EXCLUSION_OR_PRECEDENCE"",""UNRESOLVED_COMPETING_CONTEXT""],""representation_match"":true,""rule_version"":""same_sec_parent_timestamp_representation_v1"",""same_parent"":true,""stored_evidence_hash"":""01f13f5715c19dc43576118674dcbea272b3195de9ea474b217cbcf3e35dbf8f"",""stored_timestamp"":""2025-11-03T12:02:57Z"",""utc_date_boundary"":false},{""accession"":""0001619856-25-000070"",""classification"":""TIMESTAMP_PLUS_INDEPENDENT_AMBIGUITY"",""current_evidence_hash"":""06e0f781ecf8da028ba9a92a942015da64c9d9808d38348846406f0bbd6b4461"",""current_timestamp"":""2025-11-13T02:08:10Z"",""eligibility_changed"":false,""equivalent"":false,""new_york_date_boundary"":false,""offset_seconds"":18000.0,""reasons"":[""DISTINCT_PARENT_ACCESSIONS_WITHOUT_REVIEWED_EXCLUSION_OR_PRECEDENCE"",""UNRESOLVED_COMPETING_CONTEXT""],""representation_match"":true,""rule_version"":""same_sec_parent_timestamp_representation_v1"",""same_parent"":true,""stored_evidence_hash"":""5bb01d254cfe06e4d796c52adb94f1392eaac33fe29e12d446f1b94865396ff5"",""stored_timestamp"":""2025-11-12T21:08:10Z"",""utc_date_boundary"":true}]"
560,2025,Q1,19724,CRGY,TIMESTAMP_PLUS_INDEPENDENT_AMBIGUITY,3,True,True,False,False,DISTINCT_PARENT_ACCESSIONS_WITHOUT_REVIEWED_EXCLUSION_OR_PRECEDENCE;UNRESOLVED_COMPETING_CONTEXT,AMBIGUOUS,REVIEW,LEGACY_AMBIGUITY,"[{""accession"":""0001628280-25-032528"",""classification"":""TIMESTAMP_PLUS_INDEPENDENT_AMBIGUITY"",""current_evidence_hash"":""ed816dd75ccab872af8b20842c60515062d0e178d15573bf9de30c56bf6389d9"",""current_timestamp"":""2025-06-23T16:13:11Z"",""eligibility_changed"":false,""equivalent"":false,""new_york_date_boundary"":false,""offset_seconds"":14400.0,""reasons"":[""DISTINCT_PARENT_ACCESSIONS_WITHOUT_REVIEWED_EXCLUSION_OR_PRECEDENCE"",""UNRESOLVED_COMPETING_CONTEXT""],""representation_match"":true,""rule_version"":""same_sec_parent_timestamp_representation_v1"",""same_parent"":true,""stored_evidence_hash"":""49b1361b286c6002529d8ca7354c97ff7f8366a281aa275623f4dc5c96b30686"",""stored_timestamp"":""2025-06-23T12:13:11Z"",""utc_date_boundary"":false},{""accession"":""0001866175-25-000053"",""classification"":""TIMESTAMP_PLUS_INDEPENDENT_AMBIGUITY"",""current_evidence_hash"":""ea7e8cc7a74232cecfcbe57534c5a6cbd602a717ead2c42b619ddd57c57f76c5"",""current_timestamp"":""2025-04-11T00:37:08Z"",""eligibility_changed"":false,""equivalent"":false,""new_york_date_boundary"":false,""offset_seconds"":14400.0,""reasons"":[""DISTINCT_PARENT_ACCESSIONS_WITHOUT_REVIEWED_EXCLUSION_OR_PRECEDENCE"",""UNRESOLVED_COMPETING_CONTEXT""],""representation_match"":true,""rule_version"":""same_sec_parent_timestamp_representation_v1"",""same_parent"":true,""stored_evidence_hash"":""1131781588c4f6ad86c460d719811abfb141f2958d227ae3fc4defe62591b484"",""stored_timestamp"":""2025-04-10T20:37:08Z"",""utc_date_boundary"":true},{""accession"":""0001866175-25-000077"",""classification"":""TIMESTAMP_PLUS_INDEPENDENT_AMBIGUITY"",""current_evidence_hash"":""cf75dc943ad7213ed302c634d10ea568213d8e061112b16d71347acf6fd8449e"",""current_timestamp"":""2025-05-06T00:25:12Z"",""eligibility_changed"":false,""equivalent"":false,""new_york_date_boundary"":false,""offset_seconds"":14400.0,""reasons"":[""DISTINCT_PARENT_ACCESSIONS_WITHOUT_REVIEWED_EXCLUSION_OR_PRECEDENCE"",""UNRESOLVED_COMPETING_CONTEXT""],""representation_match"":true,""rule_version"":""same_sec_parent_timestamp_representation_v1"",""same_parent"":true,""stored_evidence_hash"":""857438d3cb810448437bfbb0591660dba327039d77f5d6e8e31929343ea27687"",""stored_timestamp"":""2025-05-05T20:25:12Z"",""utc_date_boundary"":true}]"
560,2025,Q2,19725,CRGY,TIMESTAMP_PLUS_INDEPENDENT_AMBIGUITY,3,False,True,False,False,DISTINCT_PARENT_ACCESSIONS_WITHOUT_REVIEWED_EXCLUSION_OR_PRECEDENCE,AMBIGUOUS,REVIEW,LEGACY_AMBIGUITY,"[{""accession"":""0001866175-25-000092"",""classification"":""TIMESTAMP_PLUS_INDEPENDENT_AMBIGUITY"",""current_evidence_hash"":""a8c964cae23874ac2fbd3a9d4af2ba519fcc2931e03fdc0f5b5382cae90eac1f"",""current_timestamp"":""2025-07-11T00:37:44Z"",""eligibility_changed"":false,""equivalent"":false,""new_york_date_boundary"":false,""offset_seconds"":14400.0,""reasons"":[""DISTINCT_PARENT_ACCESSIONS_WITHOUT_REVIEWED_EXCLUSION_OR_PRECEDENCE""],""representation_match"":true,""rule_version"":""same_sec_parent_timestamp_representation_v1"",""same_parent"":true,""stored_evidence_hash"":""47cb764ee92f07605aefae2c8b381f15adc101bb82c0ab927813859ef005f07b"",""stored_timestamp"":""2025-07-10T20:37:44Z"",""utc_date_boundary"":true},{""accession"":""0001866175-25-000108"",""classification"":""TIMESTAMP_PLUS_INDEPENDENT_AMBIGUITY"",""current_evidence_hash"":""2a2c8ad4dc1703513d9487b8835c517c206a7035b6abf1e5b8b3304e276afa68"",""current_timestamp"":""2025-08-05T00:26:16Z"",""eligibility_changed"":false,""equivalent"":false,""new_york_date_boundary"":false,""offset_seconds"":14400.0,""reasons"":[""DISTINCT_PARENT_ACCESSIONS_WITHOUT_REVIEWED_EXCLUSION_OR_PRECEDENCE""],""representation_match"":true,""rule_version"":""same_sec_parent_timestamp_representation_v1"",""same_parent"":true,""stored_evidence_hash"":""eec10c261095b1ae528a0c899bda9364a077d78d1f6f2f172a8a9d850f5e77c4"",""stored_timestamp"":""2025-08-04T20:26:16Z"",""utc_date_boundary"":true},{""accession"":""0001866175-25-000118"",""classification"":""TIMESTAMP_PLUS_INDEPENDENT_AMBIGUITY"",""current_evidence_hash"":""252e983701c633cc873deef843656e321f6ca180f60dee118461d118458336e0"",""current_timestamp"":""2025-09-17T00:27:09Z"",""eligibility_changed"":false,""equivalent"":false,""new_york_date_boundary"":false,""offset_seconds"":14400.0,""reasons"":[""DISTINCT_PARENT_ACCESSIONS_WITHOUT_REVIEWED_EXCLUSION_OR_PRECEDENCE""],""representation_match"":true,""rule_version"":""same_sec_parent_timestamp_representation_v1"",""same_parent"":true,""stored_evidence_hash"":""6db62540a8102912b75ac66282e7d0492ad7fed3d6a3963385848e69670a55c8"",""stored_timestamp"":""2025-09-16T20:27:09Z"",""utc_date_boundary"":true}]"
560,2025,Q3,19726,CRGY,TIMESTAMP_PLUS_INDEPENDENT_AMBIGUITY,3,False,True,False,False,DISTINCT_PARENT_ACCESSIONS_WITHOUT_REVIEWED_EXCLUSION_OR_PRECEDENCE,AMBIGUOUS,REVIEW,LEGACY_AMBIGUITY,"[{""accession"":""0001628280-25-049580"",""classification"":""TIMESTAMP_PLUS_INDEPENDENT_AMBIGUITY"",""current_evidence_hash"":""dac267d0b8b47836962d3c280efc03463a42a510d72ddd6a6c25b767a0ed4e7d"",""current_timestamp"":""2025-11-06T02:15:09Z"",""eligibility_changed"":false,""equivalent"":false,""new_york_date_boundary"":false,""offset_seconds"":18000.0,""reasons"":[""DISTINCT_PARENT_ACCESSIONS_WITHOUT_REVIEWED_EXCLUSION_OR_PRECEDENCE""],""representation_match"":true,""rule_version"":""same_sec_parent_timestamp_representation_v1"",""same_parent"":true,""stored_evidence_hash"":""5c489378b15bb27c0b5cdd415d55463a3bc73f3390c584010941900d2c5f72ed"",""stored_timestamp"":""2025-11-05T21:15:09Z"",""utc_date_boundary"":true},{""accession"":""0001866175-25-000131"",""classification"":""TIMESTAMP_PLUS_INDEPENDENT_AMBIGUITY"",""current_evidence_hash"":""ef2ffdfb113583ecf70574c3ab0a2ce0118af5a9735e2ea4eba49ae6cef669cc"",""current_timestamp"":""2025-10-08T00:40:51Z"",""eligibility_changed"":false,""equivalent"":false,""new_york_date_boundary"":false,""offset_seconds"":14400.0,""reasons"":[""DISTINCT_PARENT_ACCESSIONS_WITHOUT_REVIEWED_EXCLUSION_OR_PRECEDENCE""],""representation_match"":true,""rule_version"":""same_sec_parent_timestamp_representation_v1"",""same_parent"":true,""stored_evidence_hash"":""a7cb20b6c28c1f56d90b069ebfcb64ef812fe0398bb5b3b872a76f4ba4ab19ef"",""stored_timestamp"":""2025-10-07T20:40:51Z"",""utc_date_boundary"":true},{""accession"":""0001866175-25-000166"",""classification"":""TIMESTAMP_PLUS_INDEPENDENT_AMBIGUITY"",""current_evidence_hash"":""da402faded8a04f1a8105a360d86ec642496d8e5035c619f764ba132a140fec7"",""current_timestamp"":""2025-11-04T02:23:04Z"",""eligibility_changed"":false,""equivalent"":false,""new_york_date_boundary"":false,""offset_seconds"":18000.0,""reasons"":[""DISTINCT_PARENT_ACCESSIONS_WITHOUT_REVIEWED_EXCLUSION_OR_PRECEDENCE""],""representation_match"":true,""rule_version"":""same_sec_parent_timestamp_representation_v1"",""same_parent"":true,""stored_evidence_hash"":""1e9bb5de37fe4d9a877c9a567f67d8ebf7c9d682ac66f17481d2da958f58d535"",""stored_timestamp"":""2025-11-03T21:23:04Z"",""utc_date_boundary"":true}]"
560,2025,Q4,19727,CRGY,TIMESTAMP_PLUS_INDEPENDENT_AMBIGUITY,2,False,True,False,False,DISTINCT_PARENT_ACCESSIONS_WITHOUT_REVIEWED_EXCLUSION_OR_PRECEDENCE,AMBIGUOUS,REVIEW,LEGACY_AMBIGUITY,"[{""accession"":""0001866175-26-000006"",""classification"":""TIMESTAMP_PLUS_INDEPENDENT_AMBIGUITY"",""current_evidence_hash"":""c5886a8760df2a1e1c351545156b40ed186d0edff31a5fa92752ec83dd9a3fa3"",""current_timestamp"":""2026-01-13T02:32:19Z"",""eligibility_changed"":false,""equivalent"":false,""new_york_date_boundary"":false,""offset_seconds"":18000.0,""reasons"":[""DISTINCT_PARENT_ACCESSIONS_WITHOUT_REVIEWED_EXCLUSION_OR_PRECEDENCE""],""representation_match"":true,""rule_version"":""same_sec_parent_timestamp_representation_v1"",""same_parent"":true,""stored_evidence_hash"":""ffbcbebc8ee10861f41e40883797c79a761d61e08f7499d3bd698ed219739695"",""stored_timestamp"":""2026-01-12T21:32:19Z"",""utc_date_boundary"":true},{""accession"":""0001866175-26-000023"",""classification"":""TIMESTAMP_PLUS_INDEPENDENT_AMBIGUITY"",""current_evidence_hash"":""48029cf0fa2b7c42455e6605826d7946d45664ccb28c94edbc8ec723cc085990"",""current_timestamp"":""2026-02-26T02:37:46Z"",""eligibility_changed"":false,""equivalent"":false,""new_york_date_boundary"":false,""offset_seconds"":18000.0,""reasons"":[""DISTINCT_PARENT_ACCESSIONS_WITHOUT_REVIEWED_EXCLUSION_OR_PRECEDENCE""],""representation_match"":true,""rule_version"":""same_sec_parent_timestamp_representation_v1"",""same_parent"":true,""stored_evidence_hash"":""c85dd763ec4f471e67e56c127eb4509e3c75c62a635b0507e9faf2c661969395"",""stored_timestamp"":""2026-02-25T21:37:46Z"",""utc_date_boundary"":true}]"
560,2026,Q1,19728,CRGY,TIMESTAMP_PLUS_INDEPENDENT_AMBIGUITY,2,False,True,False,False,DISTINCT_PARENT_ACCESSIONS_WITHOUT_REVIEWED_EXCLUSION_OR_PRECEDENCE,AMBIGUOUS,REVIEW,LEGACY_AMBIGUITY,"[{""accession"":""0001866175-26-000070"",""classification"":""TIMESTAMP_PLUS_INDEPENDENT_AMBIGUITY"",""current_evidence_hash"":""eb9a16309cf6e7abc85b8dc57c5ab39c915a0cb1bdf1587e1ba2e0b7876c87ec"",""current_timestamp"":""2026-04-10T00:30:37Z"",""eligibility_changed"":false,""equivalent"":false,""new_york_date_boundary"":false,""offset_seconds"":14400.0,""reasons"":[""DISTINCT_PARENT_ACCESSIONS_WITHOUT_REVIEWED_EXCLUSION_OR_PRECEDENCE""],""representation_match"":true,""rule_version"":""same_sec_parent_timestamp_representation_v1"",""same_parent"":true,""stored_evidence_hash"":""2e74770d183066ca39d814753c760790074f6b43466425a09aade199fab40561"",""stored_timestamp"":""2026-04-09T20:30:37Z"",""utc_date_boundary"":true},{""accession"":""0001866175-26-000088"",""classification"":""TIMESTAMP_PLUS_INDEPENDENT_AMBIGUITY"",""current_evidence_hash"":""7582f209e067cc6188374daec6a6c3e3ebfc57a046323e8b66927c4e83676abb"",""current_timestamp"":""2026-05-05T00:23:52Z"",""eligibility_changed"":false,""equivalent"":false,""new_york_date_boundary"":false,""offset_seconds"":14400.0,""reasons"":[""DISTINCT_PARENT_ACCESSIONS_WITHOUT_REVIEWED_EXCLUSION_OR_PRECEDENCE""],""representation_match"":true,""rule_version"":""same_sec_parent_timestamp_representation_v1"",""same_parent"":true,""stored_evidence_hash"":""3d0f9915f7018c8be6a8f8fd65051e30bed2c5e3aec0d979389ff3bd18a49e6b"",""stored_timestamp"":""2026-05-04T20:23:52Z"",""utc_date_boundary"":true}]"
560,2026,Q2,19729,CRGY,TIMESTAMP_PLUS_INDEPENDENT_AMBIGUITY,3,False,True,False,False,DISTINCT_PARENT_ACCESSIONS_WITHOUT_REVIEWED_EXCLUSION_OR_PRECEDENCE,AMBIGUOUS,REVIEW,LEGACY_AMBIGUITY,"[{""accession"":""0001866175-26-000103"",""classification"":""TIMESTAMP_PLUS_INDEPENDENT_AMBIGUITY"",""current_evidence_hash"":""72e67c2b8a748c7c5ffb16e99d5ecfc5976fcb33572297494aa0dce25cf76a09"",""current_timestamp"":""2026-07-09T00:42:58Z"",""eligibility_changed"":false,""equivalent"":false,""new_york_date_boundary"":false,""offset_seconds"":14400.0,""reasons"":[""DISTINCT_PARENT_ACCESSIONS_WITHOUT_REVIEWED_EXCLUSION_OR_PRECEDENCE""],""representation_match"":true,""rule_version"":""same_sec_parent_timestamp_representation_v1"",""same_parent"":true,""stored_evidence_hash"":""2e82b214d98aac133cb1c8c099822948ca9aca8730e5dd9264ffd3c22761e1e2"",""stored_timestamp"":""2026-07-08T20:42:58Z"",""utc_date_boundary"":true},{""accession"":""0001866175-26-000112"",""classification"":""TIMESTAMP_PLUS_INDEPENDENT_AMBIGUITY"",""current_evidence_hash"":""72f1e7429c3804e7ca7b9b45305ea402f5bc5d34e546ae7cb25749eedb4f3469"",""current_timestamp"":""2026-08-04T00:21:43Z"",""eligibility_changed"":false,""equivalent"":false,""new_york_date_boundary"":false,""offset_seconds"":14400.0,""reasons"":[""DISTINCT_PARENT_ACCESSIONS_WITHOUT_REVIEWED_EXCLUSION_OR_PRECEDENCE""],""representation_match"":true,""rule_version"":""same_sec_parent_timestamp_representation_v1"",""same_parent"":true,""stored_evidence_hash"":""5335ea1467b39c7eed15448b4e1b66ece30c7d8497bf850f414749f7bb6c431b"",""stored_timestamp"":""2026-08-03T20:21:43Z"",""utc_date_boundary"":true}]"
567,2025,Q3,19995,CRMT,TIMESTAMP_PLUS_INDEPENDENT_AMBIGUITY,2,True,True,False,False,DISTINCT_PARENT_ACCESSIONS_WITHOUT_REVIEWED_EXCLUSION_OR_PRECEDENCE;UNRESOLVED_COMPETING_CONTEXT,AMBIGUOUS,REVIEW,LEGACY_AMBIGUITY,"[{""accession"":""0001171843-25-001286"",""classification"":""TIMESTAMP_PLUS_INDEPENDENT_AMBIGUITY"",""current_evidence_hash"":""dd2f4a8f4835bcd8de2b88f16e3eb9291bd4495688bbabf2589a5ed2afd7f916"",""current_timestamp"":""2025-03-06T03:41:59Z"",""eligibility_changed"":false,""equivalent"":false,""new_york_date_boundary"":false,""offset_seconds"":18000.0,""reasons"":[""DISTINCT_PARENT_ACCESSIONS_WITHOUT_REVIEWED_EXCLUSION_OR_PRECEDENCE"",""UNRESOLVED_COMPETING_CONTEXT""],""representation_match"":true,""rule_version"":""same_sec_parent_timestamp_representation_v1"",""same_parent"":true,""stored_evidence_hash"":""e8c2e82dd8758070921cb5c9d503d5898db809d1ca1548453f87377fbcf7411b"",""stored_timestamp"":""2025-03-05T22:41:59Z"",""utc_date_boundary"":true},{""accession"":""0001171843-25-001354"",""classification"":""TIMESTAMP_PLUS_INDEPENDENT_AMBIGUITY"",""current_evidence_hash"":""24332244b7fd3dcfb37799247b9538bf79f52b2d64e90939274eb887b9293544"",""current_timestamp"":""2025-03-10T17:00:41Z"",""eligibility_changed"":false,""equivalent"":false,""new_york_date_boundary"":false,""offset_seconds"":14400.0,""reasons"":[""DISTINCT_PARENT_ACCESSIONS_WITHOUT_REVIEWED_EXCLUSION_OR_PRECEDENCE"",""UNRESOLVED_COMPETING_CONTEXT""],""representation_match"":true,""rule_version"":""same_sec_parent_timestamp_representation_v1"",""same_parent"":true,""stored_evidence_hash"":""c737223ef02137623f9926113ad0b01d2d44ef956c0967d1aa43f305fba2fc06"",""stored_timestamp"":""2025-03-10T13:00:41Z"",""utc_date_boundary"":false}]"
584,2025,Q4,20632,CSTL,TIMESTAMP_PLUS_INDEPENDENT_AMBIGUITY,2,True,True,False,False,DISTINCT_PARENT_ACCESSIONS_WITHOUT_REVIEWED_EXCLUSION_OR_PRECEDENCE;UNRESOLVED_COMPETING_CONTEXT,AMBIGUOUS,REVIEW,LEGACY_AMBIGUITY,"[{""accession"":""0001628280-26-001909"",""classification"":""TIMESTAMP_PLUS_INDEPENDENT_AMBIGUITY"",""current_evidence_hash"":""ac4349c7feb0df79d33fd7d95f9ead02a7f6ae808c3dac26d0f18b3f484c828d"",""current_timestamp"":""2026-01-13T19:43:02Z"",""eligibility_changed"":false,""equivalent"":false,""new_york_date_boundary"":false,""offset_seconds"":18000.0,""reasons"":[""DISTINCT_PARENT_ACCESSIONS_WITHOUT_REVIEWED_EXCLUSION_OR_PRECEDENCE"",""UNRESOLVED_COMPETING_CONTEXT""],""representation_match"":true,""rule_version"":""same_sec_parent_timestamp_representation_v1"",""same_parent"":true,""stored_evidence_hash"":""dc1d7eec065f185c76e47faf8b47043fd54e8a05eb9486b380763ba058acfb76"",""stored_timestamp"":""2026-01-13T14:43:02Z"",""utc_date_boundary"":false},{""accession"":""0001628280-26-012263"",""classification"":""TIMESTAMP_PLUS_INDEPENDENT_AMBIGUITY"",""current_evidence_hash"":""8d8ea075de8e9dde5ad46c96afc3d45f366f6509a5cfe174f57aa381afaf1957"",""current_timestamp"":""2026-02-27T02:07:52Z"",""eligibility_changed"":false,""equivalent"":false,""new_york_date_boundary"":false,""offset_seconds"":18000.0,""reasons"":[""DISTINCT_PARENT_ACCESSIONS_WITHOUT_REVIEWED_EXCLUSION_OR_PRECEDENCE"",""UNRESOLVED_COMPETING_CONTEXT""],""representation_match"":true,""rule_version"":""same_sec_parent_timestamp_representation_v1"",""same_parent"":true,""stored_evidence_hash"":""e6e1222b3fc99fdf0a7fc73de09b5320f676c0251340723489b537889f8cb2e7"",""stored_timestamp"":""2026-02-26T21:07:52Z"",""utc_date_boundary"":true}]"
587,2026,Q2,20754,CSW,TIMESTAMP_PLUS_INDEPENDENT_AMBIGUITY,2,True,False,False,False,DISTINCT_PARENT_ACCESSIONS_WITHOUT_REVIEWED_EXCLUSION_OR_PRECEDENCE;UNRESOLVED_COMPETING_CONTEXT,AMBIGUOUS,REVIEW,LEGACY_AMBIGUITY,"[{""accession"":""0001193125-25-226016"",""classification"":""TIMESTAMP_PLUS_INDEPENDENT_AMBIGUITY"",""current_evidence_hash"":""927c4def2b4aa2cf229e8b8bf9108aa0f26e6ac8ba64624dbbdaf4b9958ad9d2"",""current_timestamp"":""2025-10-01T17:31:49Z"",""eligibility_changed"":false,""equivalent"":false,""new_york_date_boundary"":false,""offset_seconds"":14400.0,""reasons"":[""DISTINCT_PARENT_ACCESSIONS_WITHOUT_REVIEWED_EXCLUSION_OR_PRECEDENCE"",""UNRESOLVED_COMPETING_CONTEXT""],""representation_match"":true,""rule_version"":""same_sec_parent_timestamp_representation_v1"",""same_parent"":true,""stored_evidence_hash"":""0966a9de6bfc50ed097ed808840b5278b060db601960110c6cb9eba6aeef867c"",""stored_timestamp"":""2025-10-01T13:31:49Z"",""utc_date_boundary"":false},{""accession"":""0001624794-25-000105"",""classification"":""TIMESTAMP_PLUS_INDEPENDENT_AMBIGUITY"",""current_evidence_hash"":""27e11a6ecd1d94c2141d2a4e40b7e6c2c56d7138b9d41f3e915da5fe602724c5"",""current_timestamp"":""2025-10-30T14:44:30Z"",""eligibility_changed"":false,""equivalent"":false,""new_york_date_boundary"":false,""offset_seconds"":14400.0,""reasons"":[""DISTINCT_PARENT_ACCESSIONS_WITHOUT_REVIEWED_EXCLUSION_OR_PRECEDENCE"",""UNRESOLVED_COMPETING_CONTEXT""],""representation_match"":true,""rule_version"":""same_sec_parent_timestamp_representation_v1"",""same_parent"":true,""stored_evidence_hash"":""e247f19b947ca1545bbe7ccb4a49ea1ca461060b3662bbc03f2d77d3df8892f9"",""stored_timestamp"":""2025-10-30T10:44:30Z"",""utc_date_boundary"":false}]"
618,2026,Q2,21850,CWEN,TIMESTAMP_PLUS_INDEPENDENT_AMBIGUITY,2,False,True,False,False,DISTINCT_PARENT_ACCESSIONS_WITHOUT_REVIEWED_EXCLUSION_OR_PRECEDENCE,AMBIGUOUS,REVIEW,LEGACY_AMBIGUITY,"[{""accession"":""0001104659-26-084265"",""classification"":""TIMESTAMP_PLUS_INDEPENDENT_AMBIGUITY"",""current_evidence_hash"":""802d1d3f4e241396a61be3e001bc5c886bfa7e54630965e81e2c99c9302ab515"",""current_timestamp"":""2026-07-17T00:31:04Z"",""eligibility_changed"":false,""equivalent"":false,""new_york_date_boundary"":false,""offset_seconds"":14400.0,""reasons"":[""DISTINCT_PARENT_ACCESSIONS_WITHOUT_REVIEWED_EXCLUSION_OR_PRECEDENCE""],""representation_match"":true,""rule_version"":""same_sec_parent_timestamp_representation_v1"",""same_parent"":true,""stored_evidence_hash"":""39242e756d18a0895822a51798e7a45b005b5af5862ae9c89b0534602955883c"",""stored_timestamp"":""2026-07-16T20:31:04Z"",""utc_date_boundary"":true},{""accession"":""0001628280-26-053357"",""classification"":""TIMESTAMP_PLUS_INDEPENDENT_AMBIGUITY"",""current_evidence_hash"":""77ab8b6d7868b6f464a0ae7be2ed6a7f6d5bd04632234125a2101cc4f5efa35d"",""current_timestamp"":""2026-08-06T00:11:26Z"",""eligibility_changed"":false,""equivalent"":false,""new_york_date_boundary"":false,""offset_seconds"":14400.0,""reasons"":[""DISTINCT_PARENT_ACCESSIONS_WITHOUT_REVIEWED_EXCLUSION_OR_PRECEDENCE""],""representation_match"":true,""rule_version"":""same_sec_parent_timestamp_representation_v1"",""same_parent"":true,""stored_evidence_hash"":""1993c391a30ef538493624c2b0500b3c1afff19aaa47897093744d74a1f00d62"",""stored_timestamp"":""2026-08-05T20:11:26Z"",""utc_date_boundary"":true}]"
638,2025,Q1,22607,DARE,TIMESTAMP_PLUS_INDEPENDENT_AMBIGUITY,2,True,True,False,False,DISTINCT_PARENT_ACCESSIONS_WITHOUT_REVIEWED_EXCLUSION_OR_PRECEDENCE;UNRESOLVED_COMPETING_CONTEXT,AMBIGUOUS,REVIEW,LEGACY_AMBIGUITY,"[{""accession"":""0001641172-25-001682"",""classification"":""TIMESTAMP_PLUS_INDEPENDENT_AMBIGUITY"",""current_evidence_hash"":""809d7127f4a097ce3c4a19fddad3a7c93afe6ea13d3deb1a13bd5846e9f99bd8"",""current_timestamp"":""2025-04-01T00:01:25Z"",""eligibility_changed"":false,""equivalent"":false,""new_york_date_boundary"":false,""offset_seconds"":14400.0,""reasons"":[""DISTINCT_PARENT_ACCESSIONS_WITHOUT_REVIEWED_EXCLUSION_OR_PRECEDENCE"",""UNRESOLVED_COMPETING_CONTEXT""],""representation_match"":true,""rule_version"":""same_sec_parent_timestamp_representation_v1"",""same_parent"":true,""stored_evidence_hash"":""1be3c3086adc636465b364c8e429bcb940d585f21cd23aac68614568073bd2f8"",""stored_timestamp"":""2025-03-31T20:01:25Z"",""utc_date_boundary"":true},{""accession"":""0001641172-25-009939"",""classification"":""TIMESTAMP_PLUS_INDEPENDENT_AMBIGUITY"",""current_evidence_hash"":""4d186cdf1304720e0df1c664f10a9d7843185da4295cea5f74c01e667a946c06"",""current_timestamp"":""2025-05-14T00:01:37Z"",""eligibility_changed"":false,""equivalent"":false,""new_york_date_boundary"":false,""offset_seconds"":14400.0,""reasons"":[""DISTINCT_PARENT_ACCESSIONS_WITHOUT_REVIEWED_EXCLUSION_OR_PRECEDENCE"",""UNRESOLVED_COMPETING_CONTEXT""],""representation_match"":true,""rule_version"":""same_sec_parent_timestamp_representation_v1"",""same_parent"":true,""stored_evidence_hash"":""273c51df568b496d9d0ca9252521ce2ad6dec00d0909d11352c8458f609181cd"",""stored_timestamp"":""2025-05-13T20:01:37Z"",""utc_date_boundary"":true}]"
681,2025,Q4,24075,DKS,TIMESTAMP_PLUS_INDEPENDENT_AMBIGUITY,2,True,False,False,False,DISTINCT_PARENT_ACCESSIONS_WITHOUT_REVIEWED_EXCLUSION_OR_PRECEDENCE;UNRESOLVED_COMPETING_CONTEXT,AMBIGUOUS,REVIEW,LEGACY_AMBIGUITY,"[{""accession"":""0001089063-25-000010"",""classification"":""TIMESTAMP_PLUS_INDEPENDENT_AMBIGUITY"",""current_evidence_hash"":""1e4435ca8d0d7c9aefd0e686649a01177ce9cc399c6f71a29be6e45bf481154d"",""current_timestamp"":""2025-03-11T15:02:03Z"",""eligibility_changed"":false,""equivalent"":false,""new_york_date_boundary"":false,""offset_seconds"":14400.0,""reasons"":[""DISTINCT_PARENT_ACCESSIONS_WITHOUT_REVIEWED_EXCLUSION_OR_PRECEDENCE"",""UNRESOLVED_COMPETING_CONTEXT""],""representation_match"":true,""rule_version"":""same_sec_parent_timestamp_representation_v1"",""same_parent"":true,""stored_evidence_hash"":""68cd54afa0938bff712cb6da16a83dc492eec75d0091d3acde4824ae2449a210"",""stored_timestamp"":""2025-03-11T11:02:03Z"",""utc_date_boundary"":false},{""accession"":""0001193125-25-120243"",""classification"":""TIMESTAMP_PLUS_INDEPENDENT_AMBIGUITY"",""current_evidence_hash"":""1f6cf3dd197fc65912a4d1415bc07d3d2eee304f68209cd9e34fee7ab85f5fe4"",""current_timestamp"":""2025-05-15T14:32:57Z"",""eligibility_changed"":false,""equivalent"":false,""new_york_date_boundary"":false,""offset_seconds"":14400.0,""reasons"":[""DISTINCT_PARENT_ACCESSIONS_WITHOUT_REVIEWED_EXCLUSION_OR_PRECEDENCE"",""UNRESOLVED_COMPETING_CONTEXT""],""representation_match"":true,""rule_version"":""same_sec_parent_timestamp_representation_v1"",""same_parent"":true,""stored_evidence_hash"":""6c04b35f0e072526203dd82c20153eed543b7bf973b985c27af9df3efd437b7f"",""stored_timestamp"":""2025-05-15T10:32:57Z"",""utc_date_boundary"":false}]"
718,2025,Q4,25307,DUOL,TIMESTAMP_PLUS_INDEPENDENT_AMBIGUITY,2,True,True,False,False,DISTINCT_PARENT_ACCESSIONS_WITHOUT_REVIEWED_EXCLUSION_OR_PRECEDENCE;UNRESOLVED_COMPETING_CONTEXT,AMBIGUOUS,REVIEW,LEGACY_AMBIGUITY,"[{""accession"":""0001628280-26-001730"",""classification"":""TIMESTAMP_PLUS_INDEPENDENT_AMBIGUITY"",""current_evidence_hash"":""96b7e9054750394dda1f5eafc55d75f1b00d6fab1398cd06f333de67aa0c42fb"",""current_timestamp"":""2026-01-12T16:46:23Z"",""eligibility_changed"":false,""equivalent"":false,""new_york_date_boundary"":false,""offset_seconds"":18000.0,""reasons"":[""DISTINCT_PARENT_ACCESSIONS_WITHOUT_REVIEWED_EXCLUSION_OR_PRECEDENCE"",""UNRESOLVED_COMPETING_CONTEXT""],""representation_match"":true,""rule_version"":""same_sec_parent_timestamp_representation_v1"",""same_parent"":true,""stored_evidence_hash"":""1eb8bd3470bb5024452ee416a2d400c6a1af6093a9dab3f136522a14a42f031c"",""stored_timestamp"":""2026-01-12T11:46:23Z"",""utc_date_boundary"":false},{""accession"":""0001628280-26-012246"",""classification"":""TIMESTAMP_PLUS_INDEPENDENT_AMBIGUITY"",""current_evidence_hash"":""295c2cd39fad109bfce58a55be78915ace3118bd5f866a65f8dd8449071ef290"",""current_timestamp"":""2026-02-27T02:03:56Z"",""eligibility_changed"":false,""equivalent"":false,""new_york_date_boundary"":false,""offset_seconds"":18000.0,""reasons"":[""DISTINCT_PARENT_ACCESSIONS_WITHOUT_REVIEWED_EXCLUSION_OR_PRECEDENCE"",""UNRESOLVED_COMPETING_CONTEXT""],""representation_match"":true,""rule_version"":""same_sec_parent_timestamp_representation_v1"",""same_parent"":true,""stored_evidence_hash"":""fe32134c1e89fd2354245f81127826180f582e848c56793b0fd1ec7db27e3468"",""stored_timestamp"":""2026-02-26T21:03:56Z"",""utc_date_boundary"":true}]"
719,2025,Q1,25339,DUOT,TIMESTAMP_PLUS_INDEPENDENT_AMBIGUITY,2,True,True,False,False,DISTINCT_PARENT_ACCESSIONS_WITHOUT_REVIEWED_EXCLUSION_OR_PRECEDENCE;UNRESOLVED_COMPETING_CONTEXT,AMBIGUOUS,REVIEW,LEGACY_AMBIGUITY,"[{""accession"":""0001079973-25-000588"",""classification"":""TIMESTAMP_PLUS_INDEPENDENT_AMBIGUITY"",""current_evidence_hash"":""ea5c396e6cae691f42e489ca12ea7be2cb5072bf2d775030c409aead6b754c83"",""current_timestamp"":""2025-04-03T00:14:34Z"",""eligibility_changed"":false,""equivalent"":false,""new_york_date_boundary"":false,""offset_seconds"":14400.0,""reasons"":[""DISTINCT_PARENT_ACCESSIONS_WITHOUT_REVIEWED_EXCLUSION_OR_PRECEDENCE"",""UNRESOLVED_COMPETING_CONTEXT""],""representation_match"":true,""rule_version"":""same_sec_parent_timestamp_representation_v1"",""same_parent"":true,""stored_evidence_hash"":""9cdc618436043118b813b2ab5983c4b795ac73336237a9c19d6668abe4bb308d"",""stored_timestamp"":""2025-04-02T20:14:34Z"",""utc_date_boundary"":true},{""accession"":""0001079973-25-000897"",""classification"":""TIMESTAMP_PLUS_INDEPENDENT_AMBIGUITY"",""current_evidence_hash"":""40ecb2a5a8fb9e3b9a41fc1b3464de2d32341f00b9d426d7c90798ded2b527ab"",""current_timestamp"":""2025-05-19T16:00:26Z"",""eligibility_changed"":false,""equivalent"":false,""new_york_date_boundary"":false,""offset_seconds"":14400.0,""reasons"":[""DISTINCT_PARENT_ACCESSIONS_WITHOUT_REVIEWED_EXCLUSION_OR_PRECEDENCE"",""UNRESOLVED_COMPETING_CONTEXT""],""representation_match"":true,""rule_version"":""same_sec_parent_timestamp_representation_v1"",""same_parent"":true,""stored_evidence_hash"":""6f920bcfbfafc69d77949a5716ecb4e6da897bdd481b8e878757b93ecf6ce511"",""stored_timestamp"":""2025-05-19T12:00:26Z"",""utc_date_boundary"":false}]"
729,2025,Q4,25701,DYN,TIMESTAMP_PLUS_INDEPENDENT_AMBIGUITY,2,True,False,False,False,DISTINCT_PARENT_ACCESSIONS_WITHOUT_REVIEWED_EXCLUSION_OR_PRECEDENCE;UNRESOLVED_COMPETING_CONTEXT,AMBIGUOUS,REVIEW,LEGACY_AMBIGUITY,"[{""accession"":""0001193125-26-009782"",""classification"":""TIMESTAMP_PLUS_INDEPENDENT_AMBIGUITY"",""current_evidence_hash"":""7899b4b170471a6962446d2725ffbc4380ab73f25b22f890f3070e14226eba13"",""current_timestamp"":""2026-01-12T17:35:31Z"",""eligibility_changed"":false,""equivalent"":false,""new_york_date_boundary"":false,""offset_seconds"":18000.0,""reasons"":[""DISTINCT_PARENT_ACCESSIONS_WITHOUT_REVIEWED_EXCLUSION_OR_PRECEDENCE"",""UNRESOLVED_COMPETING_CONTEXT""],""representation_match"":true,""rule_version"":""same_sec_parent_timestamp_representation_v1"",""same_parent"":true,""stored_evidence_hash"":""d097e9232bfd2f906dbec747ebb9cad39283b4a6a3ccbbcd4d66f77e2e33f3bc"",""stored_timestamp"":""2026-01-12T12:35:31Z"",""utc_date_boundary"":false},{""accession"":""0001193125-26-084207"",""classification"":""TIMESTAMP_PLUS_INDEPENDENT_AMBIGUITY"",""current_evidence_hash"":""f765b6f97cf5cef171cd7369e3a87a9330980eeb1403f694f575df2326981f1d"",""current_timestamp"":""2026-03-02T17:35:27Z"",""eligibility_changed"":false,""equivalent"":false,""new_york_date_boundary"":false,""offset_seconds"":18000.0,""reasons"":[""DISTINCT_PARENT_ACCESSIONS_WITHOUT_REVIEWED_EXCLUSION_OR_PRECEDENCE"",""UNRESOLVED_COMPETING_CONTEXT""],""representation_match"":true,""rule_version"":""same_sec_parent_timestamp_representation_v1"",""same_parent"":true,""stored_evidence_hash"":""353b63f6625230741afe588ea01bf7c7dcfe2946e5f6e0199d55f3a12de2c3a4"",""stored_timestamp"":""2026-03-02T12:35:27Z"",""utc_date_boundary"":false}]"
744,2025,Q2,26261,EFC,TIMESTAMP_PLUS_INDEPENDENT_AMBIGUITY,2,True,True,False,False,DISTINCT_PARENT_ACCESSIONS_WITHOUT_REVIEWED_EXCLUSION_OR_PRECEDENCE;UNRESOLVED_COMPETING_CONTEXT,AMBIGUOUS,REVIEW,LEGACY_AMBIGUITY,"[{""accession"":""0001411342-25-000068"",""classification"":""TIMESTAMP_PLUS_INDEPENDENT_AMBIGUITY"",""current_evidence_hash"":""99576f2698805ea98c6a66f1fbe5606dd7c171437c3bcf09417584667a6faa98"",""current_timestamp"":""2025-07-22T03:51:52Z"",""eligibility_changed"":false,""equivalent"":false,""new_york_date_boundary"":false,""offset_seconds"":14400.0,""reasons"":[""DISTINCT_PARENT_ACCESSIONS_WITHOUT_REVIEWED_EXCLUSION_OR_PRECEDENCE"",""UNRESOLVED_COMPETING_CONTEXT""],""representation_match"":true,""rule_version"":""same_sec_parent_timestamp_representation_v1"",""same_parent"":true,""stored_evidence_hash"":""4af89d39ebe467dd7b6871fb150d4d2047806db7a633046d1a04953f0b90a572"",""stored_timestamp"":""2025-07-21T23:51:52Z"",""utc_date_boundary"":true},{""accession"":""0001411342-25-000073"",""classification"":""TIMESTAMP_PLUS_INDEPENDENT_AMBIGUITY"",""current_evidence_hash"":""5379ce924822bf50ca184490edf70970461a12e2983ff6b5a88d82edcad9e06a"",""current_timestamp"":""2025-08-08T01:20:06Z"",""eligibility_changed"":false,""equivalent"":false,""new_york_date_boundary"":false,""offset_seconds"":14400.0,""reasons"":[""DISTINCT_PARENT_ACCESSIONS_WITHOUT_REVIEWED_EXCLUSION_OR_PRECEDENCE"",""UNRESOLVED_COMPETING_CONTEXT""],""representation_match"":true,""rule_version"":""same_sec_parent_timestamp_representation_v1"",""same_parent"":true,""stored_evidence_hash"":""7b9c8d2cfbe62791a882906e92dd5f94254011dbc91fa2d608263a8c87b77814"",""stored_timestamp"":""2025-08-07T21:20:06Z"",""utc_date_boundary"":true}]"
748,2025,Q4,26427,EGY,TIMESTAMP_PLUS_INDEPENDENT_AMBIGUITY,2,True,True,False,False,DISTINCT_PARENT_ACCESSIONS_WITHOUT_REVIEWED_EXCLUSION_OR_PRECEDENCE;UNRESOLVED_COMPETING_CONTEXT,AMBIGUOUS,REVIEW,LEGACY_AMBIGUITY,"[{""accession"":""0000894627-26-000002"",""classification"":""TIMESTAMP_PLUS_INDEPENDENT_AMBIGUITY"",""current_evidence_hash"":""b2a3ef85318229d8917ce86bab471cdf8da2b941a5ffbff9c8881f260dcf9e90"",""current_timestamp"":""2026-01-15T16:15:31Z"",""eligibility_changed"":false,""equivalent"":false,""new_york_date_boundary"":false,""offset_seconds"":18000.0,""reasons"":[""DISTINCT_PARENT_ACCESSIONS_WITHOUT_REVIEWED_EXCLUSION_OR_PRECEDENCE"",""UNRESOLVED_COMPETING_CONTEXT""],""representation_match"":true,""rule_version"":""same_sec_parent_timestamp_representation_v1"",""same_parent"":true,""stored_evidence_hash"":""fa973c8fca4775698a671880f5baef1f4e176fdd9c071f3b9c68c20a91f0bfbb"",""stored_timestamp"":""2026-01-15T11:15:31Z"",""utc_date_boundary"":false},{""accession"":""0000894627-26-000005"",""classification"":""TIMESTAMP_PLUS_INDEPENDENT_AMBIGUITY"",""current_evidence_hash"":""b06c5477f7b19d674b56ff4b9d94983c9a659c79ae8b30826095d1838402a7fe"",""current_timestamp"":""2026-02-11T02:39:33Z"",""eligibility_changed"":false,""equivalent"":false,""new_york_date_boundary"":false,""offset_seconds"":18000.0,""reasons"":[""DISTINCT_PARENT_ACCESSIONS_WITHOUT_REVIEWED_EXCLUSION_OR_PRECEDENCE"",""UNRESOLVED_COMPETING_CONTEXT""],""representation_match"":true,""rule_version"":""same_sec_parent_timestamp_representation_v1"",""same_parent"":true,""stored_evidence_hash"":""fec5bfbf035cb1d33f1fa4eb2cd02cf9ebbeaef091a6a5da691661e6251bc044"",""stored_timestamp"":""2026-02-10T21:39:33Z"",""utc_date_boundary"":true}]"
774,2025,Q2,27359,ENVX,TIMESTAMP_PLUS_INDEPENDENT_AMBIGUITY,2,True,True,False,False,DISTINCT_PARENT_ACCESSIONS_WITHOUT_REVIEWED_EXCLUSION_OR_PRECEDENCE;UNRESOLVED_COMPETING_CONTEXT,AMBIGUOUS,REVIEW,LEGACY_AMBIGUITY,"[{""accession"":""0001828318-25-000223"",""classification"":""TIMESTAMP_PLUS_INDEPENDENT_AMBIGUITY"",""current_evidence_hash"":""11eaa0231c6a67566d4cf48919bae6d85c245e3fa4ff00ae31fb86848ea27ce0"",""current_timestamp"":""2025-07-07T16:38:49Z"",""eligibility_changed"":false,""equivalent"":false,""new_york_date_boundary"":false,""offset_seconds"":14400.0,""reasons"":[""DISTINCT_PARENT_ACCESSIONS_WITHOUT_REVIEWED_EXCLUSION_OR_PRECEDENCE"",""UNRESOLVED_COMPETING_CONTEXT""],""representation_match"":true,""rule_version"":""same_sec_parent_timestamp_representation_v1"",""same_parent"":true,""stored_evidence_hash"":""968e6916bd1f167f19767c28fc7a60e17a82c685b4c8a8e705ea5df5ca8bf388"",""stored_timestamp"":""2025-07-07T12:38:49Z"",""utc_date_boundary"":false},{""accession"":""0001828318-25-000273"",""classification"":""TIMESTAMP_PLUS_INDEPENDENT_AMBIGUITY"",""current_evidence_hash"":""73dfcd6bb4a927d930a5232fe8b37f39d9d1f51454c88daf0b93f90e1f495319"",""current_timestamp"":""2025-08-01T00:27:39Z"",""eligibility_changed"":false,""equivalent"":false,""new_york_date_boundary"":false,""offset_seconds"":14400.0,""reasons"":[""DISTINCT_PARENT_ACCESSIONS_WITHOUT_REVIEWED_EXCLUSION_OR_PRECEDENCE"",""UNRESOLVED_COMPETING_CONTEXT""],""representation_match"":true,""rule_version"":""same_sec_parent_timestamp_representation_v1"",""same_parent"":true,""stored_evidence_hash"":""834403f4ae86354991ed38d80ed6347c09a7ef28fb21f9fdbbb250281e3b7d54"",""stored_timestamp"":""2025-07-31T20:27:39Z"",""utc_date_boundary"":true}]"
775,2025,Q1,27399,EOG,TIMESTAMP_PLUS_INDEPENDENT_AMBIGUITY,2,False,True,False,False,DISTINCT_PARENT_ACCESSIONS_WITHOUT_REVIEWED_EXCLUSION_OR_PRECEDENCE,AMBIGUOUS,REVIEW,LEGACY_AMBIGUITY,"[{""accession"":""0000821189-25-000015"",""classification"":""TIMESTAMP_PLUS_INDEPENDENT_AMBIGUITY"",""current_evidence_hash"":""95f76a7539a6dcc9167afa700b5443671fe872b1dc1f706ab257691338a5de89"",""current_timestamp"":""2025-04-11T00:17:18Z"",""eligibility_changed"":false,""equivalent"":false,""new_york_date_boundary"":false,""offset_seconds"":14400.0,""reasons"":[""DISTINCT_PARENT_ACCESSIONS_WITHOUT_REVIEWED_EXCLUSION_OR_PRECEDENCE""],""representation_match"":true,""rule_version"":""same_sec_parent_timestamp_representation_v1"",""same_parent"":true,""stored_evidence_hash"":""a356f99c3bd5ee0d2c75eadc10e2572f63540076f366ef3577a63cfe8ad92d52"",""stored_timestamp"":""2025-04-10T20:17:18Z"",""utc_date_boundary"":true},{""accession"":""0000821189-25-000019"",""classification"":""TIMESTAMP_PLUS_INDEPENDENT_AMBIGUITY"",""current_evidence_hash"":""21f7bb9577fd5fc753586b9d36af66c6298d97bc8369c65aca61af143dd167fb"",""current_timestamp"":""2025-05-02T00:23:10Z"",""eligibility_changed"":false,""equivalent"":false,""new_york_date_boundary"":false,""offset_seconds"":14400.0,""reasons"":[""DISTINCT_PARENT_ACCESSIONS_WITHOUT_REVIEWED_EXCLUSION_OR_PRECEDENCE""],""representation_match"":true,""rule_version"":""same_sec_parent_timestamp_representation_v1"",""same_parent"":true,""stored_evidence_hash"":""d65eae5a6d638206ab2938609b5e3c07cae08f7b47f84d4c0e7bb94b2303c201"",""stored_timestamp"":""2025-05-01T20:23:10Z"",""utc_date_boundary"":true}]"
775,2025,Q2,27400,EOG,TIMESTAMP_PLUS_INDEPENDENT_AMBIGUITY,2,False,True,False,False,DISTINCT_PARENT_ACCESSIONS_WITHOUT_REVIEWED_EXCLUSION_OR_PRECEDENCE,AMBIGUOUS,REVIEW,LEGACY_AMBIGUITY,"[{""accession"":""0000821189-25-000036"",""classification"":""TIMESTAMP_PLUS_INDEPENDENT_AMBIGUITY"",""current_evidence_hash"":""a5c86b2bca664becdcd9f2279b33f564be7a95747eab4dc67e35a4b7fe5b49ee"",""current_timestamp"":""2025-07-10T00:31:56Z"",""eligibility_changed"":false,""equivalent"":false,""new_york_date_boundary"":false,""offset_seconds"":14400.0,""reasons"":[""DISTINCT_PARENT_ACCESSIONS_WITHOUT_REVIEWED_EXCLUSION_OR_PRECEDENCE""],""representation_match"":true,""rule_version"":""same_sec_parent_timestamp_representation_v1"",""same_parent"":true,""stored_evidence_hash"":""cedbf7d9486f7a27cb810758dd41bd1da031f9435ce2618ec407a23f891cdeb8"",""stored_timestamp"":""2025-07-09T20:31:56Z"",""utc_date_boundary"":true},{""accession"":""0000821189-25-000069"",""classification"":""TIMESTAMP_PLUS_INDEPENDENT_AMBIGUITY"",""current_evidence_hash"":""92f29ffb1f831cf237afc73bac0863dceb80b8f7e63d10b3ad9484856f364102"",""current_timestamp"":""2025-08-08T00:24:21Z"",""eligibility_changed"":false,""equivalent"":false,""new_york_date_boundary"":false,""offset_seconds"":14400.0,""reasons"":[""DISTINCT_PARENT_ACCESSIONS_WITHOUT_REVIEWED_EXCLUSION_OR_PRECEDENCE""],""representation_match"":true,""rule_version"":""same_sec_parent_timestamp_representation_v1"",""same_parent"":true,""stored_evidence_hash"":""738490db93ae55f0901912e9507d35a416edf1f7900bcab11bd750b80f7270fb"",""stored_timestamp"":""2025-08-07T20:24:21Z"",""utc_date_boundary"":true}]"
775,2025,Q3,27401,EOG,TIMESTAMP_PLUS_INDEPENDENT_AMBIGUITY,2,False,True,False,False,DISTINCT_PARENT_ACCESSIONS_WITHOUT_REVIEWED_EXCLUSION_OR_PRECEDENCE,AMBIGUOUS,REVIEW,LEGACY_AMBIGUITY,"[{""accession"":""0000821189-25-000101"",""classification"":""TIMESTAMP_PLUS_INDEPENDENT_AMBIGUITY"",""current_evidence_hash"":""3e662df55dd257dc9bd574d1f52cb94a725773c381b14171724db0a5f826045e"",""current_timestamp"":""2025-10-09T00:19:32Z"",""eligibility_changed"":false,""equivalent"":false,""new_york_date_boundary"":false,""offset_seconds"":14400.0,""reasons"":[""DISTINCT_PARENT_ACCESSIONS_WITHOUT_REVIEWED_EXCLUSION_OR_PRECEDENCE""],""representation_match"":true,""rule_version"":""same_sec_parent_timestamp_representation_v1"",""same_parent"":true,""stored_evidence_hash"":""42c0672deb60292ecb2817bf46637cacf36ef177e6885362e170d39758f7655b"",""stored_timestamp"":""2025-10-08T20:19:32Z"",""utc_date_boundary"":true},{""accession"":""0000821189-25-000129"",""classification"":""TIMESTAMP_PLUS_INDEPENDENT_AMBIGUITY"",""current_evidence_hash"":""dc236fdfcd15dd4dd86a3b540eb52b34659b16224a21de36eb0643d852204335"",""current_timestamp"":""2025-11-07T02:26:43Z"",""eligibility_changed"":false,""equivalent"":false,""new_york_date_boundary"":false,""offset_seconds"":18000.0,""reasons"":[""DISTINCT_PARENT_ACCESSIONS_WITHOUT_REVIEWED_EXCLUSION_OR_PRECEDENCE""],""representation_match"":true,""rule_version"":""same_sec_parent_timestamp_representation_v1"",""same_parent"":true,""stored_evidence_hash"":""008faa35413b70929ddc0addaed624a4ea475813f28c2f63dda595bb5aa11594"",""stored_timestamp"":""2025-11-06T21:26:43Z"",""utc_date_boundary"":true}]"
775,2025,Q4,27402,EOG,TIMESTAMP_PLUS_INDEPENDENT_AMBIGUITY,3,True,True,False,False,DISTINCT_PARENT_ACCESSIONS_WITHOUT_REVIEWED_EXCLUSION_OR_PRECEDENCE;UNRESOLVED_COMPETING_CONTEXT,AMBIGUOUS,REVIEW,LEGACY_AMBIGUITY,"[{""accession"":""0000821189-26-000012"",""classification"":""TIMESTAMP_PLUS_INDEPENDENT_AMBIGUITY"",""current_evidence_hash"":""96e39dd5c0bf8ea183138b60a0103a77ca8417bea25c0b84e74a49612579bb61"",""current_timestamp"":""2026-01-13T02:50:27Z"",""eligibility_changed"":false,""equivalent"":false,""new_york_date_boundary"":false,""offset_seconds"":18000.0,""reasons"":[""DISTINCT_PARENT_ACCESSIONS_WITHOUT_REVIEWED_EXCLUSION_OR_PRECEDENCE"",""UNRESOLVED_COMPETING_CONTEXT""],""representation_match"":true,""rule_version"":""same_sec_parent_timestamp_representation_v1"",""same_parent"":true,""stored_evidence_hash"":""502ac563df01cf65b19204987c41b421e7279bcda3e6cf1dc2e152102222923f"",""stored_timestamp"":""2026-01-12T21:50:27Z"",""utc_date_boundary"":true},{""accession"":""0000821189-26-000052"",""classification"":""TIMESTAMP_PLUS_INDEPENDENT_AMBIGUITY"",""current_evidence_hash"":""d1a516eb106cb0bcdfd95748c63f2929f80c28f242204450d0923cbbe3416726"",""current_timestamp"":""2026-02-25T02:18:20Z"",""eligibility_changed"":false,""equivalent"":false,""new_york_date_boundary"":false,""offset_seconds"":18000.0,""reasons"":[""DISTINCT_PARENT_ACCESSIONS_WITHOUT_REVIEWED_EXCLUSION_OR_PRECEDENCE"",""UNRESOLVED_COMPETING_CONTEXT""],""representation_match"":true,""rule_version"":""same_sec_parent_timestamp_representation_v1"",""same_parent"":true,""stored_evidence_hash"":""b7a84e2fbdef3b3736257b228f2575c5d0c5bb082ded33e4dd3b8bfb36fa8153"",""stored_timestamp"":""2026-02-24T21:18:20Z"",""utc_date_boundary"":true}]"
775,2026,Q2,27404,EOG,TIMESTAMP_PLUS_INDEPENDENT_AMBIGUITY,3,False,True,False,False,DISTINCT_PARENT_ACCESSIONS_WITHOUT_REVIEWED_EXCLUSION_OR_PRECEDENCE,AMBIGUOUS,REVIEW,LEGACY_AMBIGUITY,"[{""accession"":""0000821189-26-000140"",""classification"":""TIMESTAMP_PLUS_INDEPENDENT_AMBIGUITY"",""current_evidence_hash"":""a0fb330b2602313318031bbeea2cc1ef7cb5c99c53daf0c70e5c82eec3e2eade"",""current_timestamp"":""2026-07-10T00:17:33Z"",""eligibility_changed"":false,""equivalent"":false,""new_york_date_boundary"":false,""offset_seconds"":14400.0,""reasons"":[""DISTINCT_PARENT_ACCESSIONS_WITHOUT_REVIEWED_EXCLUSION_OR_PRECEDENCE""],""representation_match"":true,""rule_version"":""same_sec_parent_timestamp_representation_v1"",""same_parent"":true,""stored_evidence_hash"":""74ab565572aff07702a19eda8e8ad885588856731f8cd3351b72c7b6d8d6196e"",""stored_timestamp"":""2026-07-09T20:17:33Z"",""utc_date_boundary"":true},{""accession"":""0000821189-26-000147"",""classification"":""TIMESTAMP_PLUS_INDEPENDENT_AMBIGUITY"",""current_evidence_hash"":""a21f62f1ce2250f6c71a55e20e5da46b499453fd4cc73bad23278d118e8f7ae1"",""current_timestamp"":""2026-08-05T00:19:54Z"",""eligibility_changed"":false,""equivalent"":false,""new_york_date_boundary"":false,""offset_seconds"":14400.0,""reasons"":[""DISTINCT_PARENT_ACCESSIONS_WITHOUT_REVIEWED_EXCLUSION_OR_PRECEDENCE""],""representation_match"":true,""rule_version"":""same_sec_parent_timestamp_representation_v1"",""same_parent"":true,""stored_evidence_hash"":""61db635f0f5aa0352b41ab1b96b75cc9670ce5895798af1fa7d4d2fd96317d66"",""stored_timestamp"":""2026-08-04T20:19:54Z"",""utc_date_boundary"":true}]"
788,2025,Q1,27888,EQT,TIMESTAMP_PLUS_INDEPENDENT_AMBIGUITY,2,False,True,False,False,DISTINCT_PARENT_ACCESSIONS_WITHOUT_REVIEWED_EXCLUSION_OR_PRECEDENCE,AMBIGUOUS,REVIEW,LEGACY_AMBIGUITY,"[{""accession"":""0000033213-25-000014"",""classification"":""TIMESTAMP_PLUS_INDEPENDENT_AMBIGUITY"",""current_evidence_hash"":""bdb8fb06bf0fb1be9a0a569b55451d22cf8f264f6d0765448ecf58e1a5c7e66a"",""current_timestamp"":""2025-04-11T00:15:37Z"",""eligibility_changed"":false,""equivalent"":false,""new_york_date_boundary"":false,""offset_seconds"":14400.0,""reasons"":[""DISTINCT_PARENT_ACCESSIONS_WITHOUT_REVIEWED_EXCLUSION_OR_PRECEDENCE""],""representation_match"":true,""rule_version"":""same_sec_parent_timestamp_representation_v1"",""same_parent"":true,""stored_evidence_hash"":""084bf06ccf8c04e7acbba7c7e7597115f49bd0f078fc4a32ff1cd83cb834df03"",""stored_timestamp"":""2025-04-10T20:15:37Z"",""utc_date_boundary"":true},{""accession"":""0000033213-25-000021"",""classification"":""TIMESTAMP_PLUS_INDEPENDENT_AMBIGUITY"",""current_evidence_hash"":""04bfc5c7f15727d966ff69a8e0c2f10d9d7a80e3f514112acb4ece0029f3b28a"",""current_timestamp"":""2025-04-23T00:30:23Z"",""eligibility_changed"":false,""equivalent"":false,""new_york_date_boundary"":false,""offset_seconds"":14400.0,""reasons"":[""DISTINCT_PARENT_ACCESSIONS_WITHOUT_REVIEWED_EXCLUSION_OR_PRECEDENCE""],""representation_match"":true,""rule_version"":""same_sec_parent_timestamp_representation_v1"",""same_parent"":true,""stored_evidence_hash"":""b0bd3225364def3313fd46702fa22809650017a406a4c7643e6e08b5093216f4"",""stored_timestamp"":""2025-04-22T20:30:23Z"",""utc_date_boundary"":true}]"
788,2025,Q2,27889,EQT,TIMESTAMP_PLUS_INDEPENDENT_AMBIGUITY,2,False,True,False,False,DISTINCT_PARENT_ACCESSIONS_WITHOUT_REVIEWED_EXCLUSION_OR_PRECEDENCE,AMBIGUOUS,REVIEW,LEGACY_AMBIGUITY,"[{""accession"":""0000033213-25-000026"",""classification"":""TIMESTAMP_PLUS_INDEPENDENT_AMBIGUITY"",""current_evidence_hash"":""a1cd69e6679eaa4ac212c6b7ffbd773b2fbde0c61c7b7335061878b8f38ba631"",""current_timestamp"":""2025-07-11T00:23:46Z"",""eligibility_changed"":false,""equivalent"":false,""new_york_date_boundary"":false,""offset_seconds"":14400.0,""reasons"":[""DISTINCT_PARENT_ACCESSIONS_WITHOUT_REVIEWED_EXCLUSION_OR_PRECEDENCE""],""representation_match"":true,""rule_version"":""same_sec_parent_timestamp_representation_v1"",""same_parent"":true,""stored_evidence_hash"":""2425ff963308ef9bf67fc44dedc3419608c5ac31bcde72527eb8613caf2cd647"",""stored_timestamp"":""2025-07-10T20:23:46Z"",""utc_date_boundary"":true},{""accession"":""0000033213-25-000030"",""classification"":""TIMESTAMP_PLUS_INDEPENDENT_AMBIGUITY"",""current_evidence_hash"":""4f11bca961900e199cc8c1ca25d29e26ac2e7a4ec2a50a1391b6831d128210ce"",""current_timestamp"":""2025-07-23T00:35:00Z"",""eligibility_changed"":false,""equivalent"":false,""new_york_date_boundary"":false,""offset_seconds"":14400.0,""reasons"":[""DISTINCT_PARENT_ACCESSIONS_WITHOUT_REVIEWED_EXCLUSION_OR_PRECEDENCE""],""representation_match"":true,""rule_version"":""same_sec_parent_timestamp_representation_v1"",""same_parent"":true,""stored_evidence_hash"":""2b892a7d94f8abc0a04cb22bf9881be7dde84d8fcaaa5874e3889e14c829fbc6"",""stored_timestamp"":""2025-07-22T20:35:00Z"",""utc_date_boundary"":true}]"
788,2025,Q3,27890,EQT,TIMESTAMP_PLUS_INDEPENDENT_AMBIGUITY,2,True,True,False,False,DISTINCT_PARENT_ACCESSIONS_WITHOUT_REVIEWED_EXCLUSION_OR_PRECEDENCE;UNRESOLVED_COMPETING_CONTEXT,AMBIGUOUS,REVIEW,LEGACY_AMBIGUITY,"[{""accession"":""0000033213-25-000040"",""classification"":""TIMESTAMP_PLUS_INDEPENDENT_AMBIGUITY"",""current_evidence_hash"":""6dfdbd1f351457a7cb5022a496a9d0c06369eb4e1a2c8bd21fcdb98339bcd3c8"",""current_timestamp"":""2025-10-15T00:21:40Z"",""eligibility_changed"":false,""equivalent"":false,""new_york_date_boundary"":false,""offset_seconds"":14400.0,""reasons"":[""DISTINCT_PARENT_ACCESSIONS_WITHOUT_REVIEWED_EXCLUSION_OR_PRECEDENCE"",""UNRESOLVED_COMPETING_CONTEXT""],""representation_match"":true,""rule_version"":""same_sec_parent_timestamp_representation_v1"",""same_parent"":true,""stored_evidence_hash"":""dab65071ea6f19b492c55dc07fd95b594b217f134b07c0ff7d655b07af6c3dce"",""stored_timestamp"":""2025-10-14T20:21:40Z"",""utc_date_boundary"":true},{""accession"":""0000033213-25-000047"",""classification"":""TIMESTAMP_PLUS_INDEPENDENT_AMBIGUITY"",""current_evidence_hash"":""e6b3ad5790a718bac53e1f768309a42404274abb787c4393f329945cbe038784"",""current_timestamp"":""2025-10-22T00:31:33Z"",""eligibility_changed"":false,""equivalent"":false,""new_york_date_boundary"":false,""offset_seconds"":14400.0,""reasons"":[""DISTINCT_PARENT_ACCESSIONS_WITHOUT_REVIEWED_EXCLUSION_OR_PRECEDENCE"",""UNRESOLVED_COMPETING_CONTEXT""],""representation_match"":true,""rule_version"":""same_sec_parent_timestamp_representation_v1"",""same_parent"":true,""stored_evidence_hash"":""33cf7d74e0674897c9e7a38dac297f16663d917c57ba977059295cba40f1f192"",""stored_timestamp"":""2025-10-21T20:31:33Z"",""utc_date_boundary"":true}]"
788,2026,Q1,27892,EQT,TIMESTAMP_PLUS_INDEPENDENT_AMBIGUITY,2,False,True,False,False,DISTINCT_PARENT_ACCESSIONS_WITHOUT_REVIEWED_EXCLUSION_OR_PRECEDENCE,AMBIGUOUS,REVIEW,LEGACY_AMBIGUITY,"[{""accession"":""0000033213-26-000022"",""classification"":""TIMESTAMP_PLUS_INDEPENDENT_AMBIGUITY"",""current_evidence_hash"":""01ced04bcf55445f4c95078aa76866519692d2a4b878959597fde0275e58375f"",""current_timestamp"":""2026-04-15T00:21:53Z"",""eligibility_changed"":false,""equivalent"":false,""new_york_date_boundary"":false,""offset_seconds"":14400.0,""reasons"":[""DISTINCT_PARENT_ACCESSIONS_WITHOUT_REVIEWED_EXCLUSION_OR_PRECEDENCE""],""representation_match"":true,""rule_version"":""same_sec_parent_timestamp_representation_v1"",""same_parent"":true,""stored_evidence_hash"":""b044924fda1c450a96185fd96c78736ddc4573d711a23b038d97d16143eee6d2"",""stored_timestamp"":""2026-04-14T20:21:53Z"",""utc_date_boundary"":true},{""accession"":""0000033213-26-000028"",""classification"":""TIMESTAMP_PLUS_INDEPENDENT_AMBIGUITY"",""current_evidence_hash"":""bd6a2ca1c33a6775c79e922ac860de43bfba7dbd63a37a360991923ff993d370"",""current_timestamp"":""2026-04-22T00:31:35Z"",""eligibility_changed"":false,""equivalent"":false,""new_york_date_boundary"":false,""offset_seconds"":14400.0,""reasons"":[""DISTINCT_PARENT_ACCESSIONS_WITHOUT_REVIEWED_EXCLUSION_OR_PRECEDENCE""],""representation_match"":true,""rule_version"":""same_sec_parent_timestamp_representation_v1"",""same_parent"":true,""stored_evidence_hash"":""bfd1198004c94444af59519d33762d1a3e4c734a24bb75c6b2897ef7704245b8"",""stored_timestamp"":""2026-04-21T20:31:35Z"",""utc_date_boundary"":true}]"
788,2026,Q2,27893,EQT,TIMESTAMP_PLUS_INDEPENDENT_AMBIGUITY,2,False,True,False,False,DISTINCT_PARENT_ACCESSIONS_WITHOUT_REVIEWED_EXCLUSION_OR_PRECEDENCE,AMBIGUOUS,REVIEW,LEGACY_AMBIGUITY,"[{""accession"":""0000033213-26-000035"",""classification"":""TIMESTAMP_PLUS_INDEPENDENT_AMBIGUITY"",""current_evidence_hash"":""b6ba8ffbde154b2622caa36a44ca8a1910f326214494057a79ecfeb2be003127"",""current_timestamp"":""2026-07-15T00:15:32Z"",""eligibility_changed"":false,""equivalent"":false,""new_york_date_boundary"":false,""offset_seconds"":14400.0,""reasons"":[""DISTINCT_PARENT_ACCESSIONS_WITHOUT_REVIEWED_EXCLUSION_OR_PRECEDENCE""],""representation_match"":true,""rule_version"":""same_sec_parent_timestamp_representation_v1"",""same_parent"":true,""stored_evidence_hash"":""68eba9a6602748e6a28ab77187d6e06c0c7a19d90404c27d7ace93670f8dd185"",""stored_timestamp"":""2026-07-14T20:15:32Z"",""utc_date_boundary"":true},{""accession"":""0000033213-26-000041"",""classification"":""TIMESTAMP_PLUS_INDEPENDENT_AMBIGUITY"",""current_evidence_hash"":""fe1729c246093c192be4a0ee540634d8341c03acbebe66482e0b949640b8ce67"",""current_timestamp"":""2026-07-22T00:31:38Z"",""eligibility_changed"":false,""equivalent"":false,""new_york_date_boundary"":false,""offset_seconds"":14400.0,""reasons"":[""DISTINCT_PARENT_ACCESSIONS_WITHOUT_REVIEWED_EXCLUSION_OR_PRECEDENCE""],""representation_match"":true,""rule_version"":""same_sec_parent_timestamp_representation_v1"",""same_parent"":true,""stored_evidence_hash"":""59df6e1d5ddf442c8d39f5ffce929c081e195a4e2932da6e967141021cbaf319"",""stored_timestamp"":""2026-07-21T20:31:38Z"",""utc_date_boundary"":true}]"
793,2025,Q4,28055,ESAB,TIMESTAMP_PLUS_INDEPENDENT_AMBIGUITY,2,True,False,False,False,DISTINCT_PARENT_ACCESSIONS_WITHOUT_REVIEWED_EXCLUSION_OR_PRECEDENCE;UNRESOLVED_COMPETING_CONTEXT,AMBIGUOUS,REVIEW,LEGACY_AMBIGUITY,"[{""accession"":""0001213900-26-010528"",""classification"":""TIMESTAMP_PLUS_INDEPENDENT_AMBIGUITY"",""current_evidence_hash"":""9ca46df741234a698b8ec398e9ac90edc103d4826b458c530d76753db85a060f"",""current_timestamp"":""2026-02-02T16:57:08Z"",""eligibility_changed"":false,""equivalent"":false,""new_york_date_boundary"":false,""offset_seconds"":18000.0,""reasons"":[""DISTINCT_PARENT_ACCESSIONS_WITHOUT_REVIEWED_EXCLUSION_OR_PRECEDENCE"",""UNRESOLVED_COMPETING_CONTEXT""],""representation_match"":true,""rule_version"":""same_sec_parent_timestamp_representation_v1"",""same_parent"":true,""stored_evidence_hash"":""54a653262889ef53f0eb7e4ee526bb39b11739b85ea6b641d0bbacebce786af7"",""stored_timestamp"":""2026-02-02T11:57:08Z"",""utc_date_boundary"":false},{""accession"":""0001877322-26-000008"",""classification"":""TIMESTAMP_PLUS_INDEPENDENT_AMBIGUITY"",""current_evidence_hash"":""f6466a0422992df6e33f00b2dc70af67339fe30dd4b45b085cbff05ddf23d2c9"",""current_timestamp"":""2026-02-20T16:44:01Z"",""eligibility_changed"":false,""equivalent"":false,""new_york_date_boundary"":false,""offset_seconds"":18000.0,""reasons"":[""DISTINCT_PARENT_ACCESSIONS_WITHOUT_REVIEWED_EXCLUSION_OR_PRECEDENCE"",""UNRESOLVED_COMPETING_CONTEXT""],""representation_match"":true,""rule_version"":""same_sec_parent_timestamp_representation_v1"",""same_parent"":true,""stored_evidence_hash"":""229bc74f43104d7335b0475044e55e0500cfba9aee7e11397acd76233625d60d"",""stored_timestamp"":""2026-02-20T11:44:01Z"",""utc_date_boundary"":false}]"
806,2025,Q3,28564,ETSY,TIMESTAMP_PLUS_INDEPENDENT_AMBIGUITY,2,True,True,False,False,DISTINCT_PARENT_ACCESSIONS_WITHOUT_REVIEWED_EXCLUSION_OR_PRECEDENCE;UNRESOLVED_COMPETING_CONTEXT,AMBIGUOUS,REVIEW,LEGACY_AMBIGUITY,"[{""accession"":""0001370637-25-000098"",""classification"":""TIMESTAMP_PLUS_INDEPENDENT_AMBIGUITY"",""current_evidence_hash"":""f96dea79a11198d1df6c41051b6cff68ed61462deca23ae9ad3149fc1793e647"",""current_timestamp"":""2025-10-29T15:02:58Z"",""eligibility_changed"":false,""equivalent"":false,""new_york_date_boundary"":false,""offset_seconds"":14400.0,""reasons"":[""DISTINCT_PARENT_ACCESSIONS_WITHOUT_REVIEWED_EXCLUSION_OR_PRECEDENCE"",""UNRESOLVED_COMPETING_CONTEXT""],""representation_match"":true,""rule_version"":""same_sec_parent_timestamp_representation_v1"",""same_parent"":true,""stored_evidence_hash"":""087b673f70329a2de71e52e81b653dd5be1a541452aecfe91ddba35fb0f06476"",""stored_timestamp"":""2025-10-29T11:02:58Z"",""utc_date_boundary"":false},{""accession"":""0001370637-26-000012"",""classification"":""TIMESTAMP_PLUS_INDEPENDENT_AMBIGUITY"",""current_evidence_hash"":""a9924449745c9583f05f47c32efb5226bf4ee2e624215f2ed9596b7c30654806"",""current_timestamp"":""2026-02-19T02:11:17Z"",""eligibility_changed"":false,""equivalent"":false,""new_york_date_boundary"":false,""offset_seconds"":18000.0,""reasons"":[""DISTINCT_PARENT_ACCESSIONS_WITHOUT_REVIEWED_EXCLUSION_OR_PRECEDENCE"",""UNRESOLVED_COMPETING_CONTEXT""],""representation_match"":true,""rule_version"":""same_sec_parent_timestamp_representation_v1"",""same_parent"":true,""stored_evidence_hash"":""3cca476d983f0fc2665d1a295c5bbc7ba063febd61353476456876a63682bd78"",""stored_timestamp"":""2026-02-18T21:11:17Z"",""utc_date_boundary"":true}]"
831,2025,Q3,29421,EYPT,TIMESTAMP_PLUS_INDEPENDENT_AMBIGUITY,2,False,True,False,False,DISTINCT_PARENT_ACCESSIONS_WITHOUT_REVIEWED_EXCLUSION_OR_PRECEDENCE,AMBIGUOUS,REVIEW,LEGACY_AMBIGUITY,"[{""accession"":""0001193125-25-239008"",""classification"":""TIMESTAMP_PLUS_INDEPENDENT_AMBIGUITY"",""current_evidence_hash"":""cd710b14d83b2ed9f24ea1ad52a57c153455f15d8df98dac1a0553ddbac0cb36"",""current_timestamp"":""2025-10-15T00:08:51Z"",""eligibility_changed"":false,""equivalent"":false,""new_york_date_boundary"":false,""offset_seconds"":14400.0,""reasons"":[""DISTINCT_PARENT_ACCESSIONS_WITHOUT_REVIEWED_EXCLUSION_OR_PRECEDENCE""],""representation_match"":true,""rule_version"":""same_sec_parent_timestamp_representation_v1"",""same_parent"":true,""stored_evidence_hash"":""99d0346afa8395729593177a9493d31ad27b0de72fb26a4d6093e3d8d6d66942"",""stored_timestamp"":""2025-10-14T20:08:51Z"",""utc_date_boundary"":true},{""accession"":""0001193125-25-265706"",""classification"":""TIMESTAMP_PLUS_INDEPENDENT_AMBIGUITY"",""current_evidence_hash"":""ad8cdda4cec84612d7ca04af60bbae7259d6b1b7b1c4577f520b7a0bd0602cb7"",""current_timestamp"":""2025-11-05T17:05:31Z"",""eligibility_changed"":false,""equivalent"":false,""new_york_date_boundary"":false,""offset_seconds"":18000.0,""reasons"":[""DISTINCT_PARENT_ACCESSIONS_WITHOUT_REVIEWED_EXCLUSION_OR_PRECEDENCE""],""representation_match"":true,""rule_version"":""same_sec_parent_timestamp_representation_v1"",""same_parent"":true,""stored_evidence_hash"":""159cf234993038a003754b86cb1e71fef04f326fb5063ade0f478113a334cd78"",""stored_timestamp"":""2025-11-05T12:05:31Z"",""utc_date_boundary"":false}]"
831,2025,Q4,29422,EYPT,TIMESTAMP_PLUS_INDEPENDENT_AMBIGUITY,2,True,False,False,False,DISTINCT_PARENT_ACCESSIONS_WITHOUT_REVIEWED_EXCLUSION_OR_PRECEDENCE;UNRESOLVED_COMPETING_CONTEXT,AMBIGUOUS,REVIEW,LEGACY_AMBIGUITY,"[{""accession"":""0001193125-26-005418"",""classification"":""TIMESTAMP_PLUS_INDEPENDENT_AMBIGUITY"",""current_evidence_hash"":""45a6c98d597f161e8a7a48c8833eb791c60a7df678fb0645d07d74b42a35b7f4"",""current_timestamp"":""2026-01-07T17:05:26Z"",""eligibility_changed"":false,""equivalent"":false,""new_york_date_boundary"":false,""offset_seconds"":18000.0,""reasons"":[""DISTINCT_PARENT_ACCESSIONS_WITHOUT_REVIEWED_EXCLUSION_OR_PRECEDENCE"",""UNRESOLVED_COMPETING_CONTEXT""],""representation_match"":true,""rule_version"":""same_sec_parent_timestamp_representation_v1"",""same_parent"":true,""stored_evidence_hash"":""01f56605b0a675def7b5575557b69f91b565b8c101e707a90b1e1d20bc2a043d"",""stored_timestamp"":""2026-01-07T12:05:26Z"",""utc_date_boundary"":false},{""accession"":""0001193125-26-089856"",""classification"":""TIMESTAMP_PLUS_INDEPENDENT_AMBIGUITY"",""current_evidence_hash"":""84865b66424c0888def4bc8648b0a62e697324a3d7c18b76cf4c94944aa2d7b6"",""current_timestamp"":""2026-03-04T17:05:26Z"",""eligibility_changed"":false,""equivalent"":false,""new_york_date_boundary"":false,""offset_seconds"":18000.0,""reasons"":[""DISTINCT_PARENT_ACCESSIONS_WITHOUT_REVIEWED_EXCLUSION_OR_PRECEDENCE"",""UNRESOLVED_COMPETING_CONTEXT""],""representation_match"":true,""rule_version"":""same_sec_parent_timestamp_representation_v1"",""same_parent"":true,""stored_evidence_hash"":""86b2d47e4dfd08b7fdc9414305381756fc3dfe00e3f88989b166362d67990837"",""stored_timestamp"":""2026-03-04T12:05:26Z"",""utc_date_boundary"":false}]"
834,2025,Q1,29524,FANG,TIMESTAMP_PLUS_INDEPENDENT_AMBIGUITY,2,False,True,False,False,DISTINCT_PARENT_ACCESSIONS_WITHOUT_REVIEWED_EXCLUSION_OR_PRECEDENCE,AMBIGUOUS,REVIEW,LEGACY_AMBIGUITY,"[{""accession"":""0001539838-25-000058"",""classification"":""TIMESTAMP_PLUS_INDEPENDENT_AMBIGUITY"",""current_evidence_hash"":""ce12bda16162faf250508da17e1edd3cfe01ab5a98da20545326bd1342ed69f6"",""current_timestamp"":""2025-04-17T00:04:39Z"",""eligibility_changed"":false,""equivalent"":false,""new_york_date_boundary"":false,""offset_seconds"":14400.0,""reasons"":[""DISTINCT_PARENT_ACCESSIONS_WITHOUT_REVIEWED_EXCLUSION_OR_PRECEDENCE""],""representation_match"":true,""rule_version"":""same_sec_parent_timestamp_representation_v1"",""same_parent"":true,""stored_evidence_hash"":""f4c8fa9585833d6810de157572f2f399d0aa5fa467b2fc76a17e1769d5f2645f"",""stored_timestamp"":""2025-04-16T20:04:39Z"",""utc_date_boundary"":true},{""accession"":""0001539838-25-000063"",""classification"":""TIMESTAMP_PLUS_INDEPENDENT_AMBIGUITY"",""current_evidence_hash"":""64e4859615d0500f8afc4028fb8a46f1b4d739294cf01980e9ba366fb2f6a0f8"",""current_timestamp"":""2025-05-06T00:08:15Z"",""eligibility_changed"":false,""equivalent"":false,""new_york_date_boundary"":false,""offset_seconds"":14400.0,""reasons"":[""DISTINCT_PARENT_ACCESSIONS_WITHOUT_REVIEWED_EXCLUSION_OR_PRECEDENCE""],""representation_match"":true,""rule_version"":""same_sec_parent_timestamp_representation_v1"",""same_parent"":true,""stored_evidence_hash"":""2e60f3a6a5120b32a297d0ca78cf2f9e33dc765766f09c2a8c99c4f7470bc0db"",""stored_timestamp"":""2025-05-05T20:08:15Z"",""utc_date_boundary"":true}]"
834,2025,Q2,29525,FANG,TIMESTAMP_PLUS_INDEPENDENT_AMBIGUITY,2,False,True,False,False,DISTINCT_PARENT_ACCESSIONS_WITHOUT_REVIEWED_EXCLUSION_OR_PRECEDENCE,AMBIGUOUS,REVIEW,LEGACY_AMBIGUITY,"[{""accession"":""0001539838-25-000120"",""classification"":""TIMESTAMP_PLUS_INDEPENDENT_AMBIGUITY"",""current_evidence_hash"":""e4f0a27507a9fd4e1dd9877888bbd24f6f8af129e9992e7175528e4333f2e2ae"",""current_timestamp"":""2025-07-11T00:13:03Z"",""eligibility_changed"":false,""equivalent"":false,""new_york_date_boundary"":false,""offset_seconds"":14400.0,""reasons"":[""DISTINCT_PARENT_ACCESSIONS_WITHOUT_REVIEWED_EXCLUSION_OR_PRECEDENCE""],""representation_match"":true,""rule_version"":""same_sec_parent_timestamp_representation_v1"",""same_parent"":true,""stored_evidence_hash"":""7271baea702e406aa3176676ea466d116f7084ab1f59f4bf4b47292a15f3153c"",""stored_timestamp"":""2025-07-10T20:13:03Z"",""utc_date_boundary"":true},{""accession"":""0001539838-25-000124"",""classification"":""TIMESTAMP_PLUS_INDEPENDENT_AMBIGUITY"",""current_evidence_hash"":""6b1495ede8de788f041c59e40b7ae43f02da2f3650533d814b27cc83c75551a3"",""current_timestamp"":""2025-08-05T00:11:01Z"",""eligibility_changed"":false,""equivalent"":false,""new_york_date_boundary"":false,""offset_seconds"":14400.0,""reasons"":[""DISTINCT_PARENT_ACCESSIONS_WITHOUT_REVIEWED_EXCLUSION_OR_PRECEDENCE""],""representation_match"":true,""rule_version"":""same_sec_parent_timestamp_representation_v1"",""same_parent"":true,""stored_evidence_hash"":""4b716adbf2b99a54e0922d04d332ee4360d655f3e20a199fe775f8e327082b6d"",""stored_timestamp"":""2025-08-04T20:11:01Z"",""utc_date_boundary"":true}]"
834,2025,Q3,29526,FANG,TIMESTAMP_PLUS_INDEPENDENT_AMBIGUITY,2,False,True,False,False,DISTINCT_PARENT_ACCESSIONS_WITHOUT_REVIEWED_EXCLUSION_OR_PRECEDENCE,AMBIGUOUS,REVIEW,LEGACY_AMBIGUITY,"[{""accession"":""0001539838-25-000141"",""classification"":""TIMESTAMP_PLUS_INDEPENDENT_AMBIGUITY"",""current_evidence_hash"":""90835eafbd60441ad3fb22180e06046484fa275e3516abf9f5d58c4c29d27934"",""current_timestamp"":""2025-10-10T00:03:39Z"",""eligibility_changed"":false,""equivalent"":false,""new_york_date_boundary"":false,""offset_seconds"":14400.0,""reasons"":[""DISTINCT_PARENT_ACCESSIONS_WITHOUT_REVIEWED_EXCLUSION_OR_PRECEDENCE""],""representation_match"":true,""rule_version"":""same_sec_parent_timestamp_representation_v1"",""same_parent"":true,""stored_evidence_hash"":""e0ab3e6c3f777fc72d64dcb51b03ccc359529df7b7a4c603a9f8bc0b1f8bce4e"",""stored_timestamp"":""2025-10-09T20:03:39Z"",""utc_date_boundary"":true},{""accession"":""0001539838-25-000144"",""classification"":""TIMESTAMP_PLUS_INDEPENDENT_AMBIGUITY"",""current_evidence_hash"":""140b4a33ac4009bb0841b8532eb1e80176a583fdd234b96788f95bc2b75cb6cb"",""current_timestamp"":""2025-11-04T02:06:43Z"",""eligibility_changed"":false,""equivalent"":false,""new_york_date_boundary"":false,""offset_seconds"":18000.0,""reasons"":[""DISTINCT_PARENT_ACCESSIONS_WITHOUT_REVIEWED_EXCLUSION_OR_PRECEDENCE""],""representation_match"":true,""rule_version"":""same_sec_parent_timestamp_representation_v1"",""same_parent"":true,""stored_evidence_hash"":""895832f86a06f2beabb68fbdf9e002ef0698b2e6541945abb22da332dea63a5f"",""stored_timestamp"":""2025-11-03T21:06:43Z"",""utc_date_boundary"":true}]"
834,2025,Q4,29527,FANG,TIMESTAMP_PLUS_INDEPENDENT_AMBIGUITY,2,False,True,False,False,DISTINCT_PARENT_ACCESSIONS_WITHOUT_REVIEWED_EXCLUSION_OR_PRECEDENCE,AMBIGUOUS,REVIEW,LEGACY_AMBIGUITY,"[{""accession"":""0001539838-26-000003"",""classification"":""TIMESTAMP_PLUS_INDEPENDENT_AMBIGUITY"",""current_evidence_hash"":""bd54393f1252f1390304a64bb6d167c7b267b2d8befce6c548c5a85599a7dbbe"",""current_timestamp"":""2026-01-13T02:02:57Z"",""eligibility_changed"":false,""equivalent"":false,""new_york_date_boundary"":false,""offset_seconds"":18000.0,""reasons"":[""DISTINCT_PARENT_ACCESSIONS_WITHOUT_REVIEWED_EXCLUSION_OR_PRECEDENCE""],""representation_match"":true,""rule_version"":""same_sec_parent_timestamp_representation_v1"",""same_parent"":true,""stored_evidence_hash"":""57285e93974cdaadbe2cdff5c965841ce2e5e6b329ab7de390d0d06ac0b985a5"",""stored_timestamp"":""2026-01-12T21:02:57Z"",""utc_date_boundary"":true},{""accession"":""0001539838-26-000006"",""classification"":""TIMESTAMP_PLUS_INDEPENDENT_AMBIGUITY"",""current_evidence_hash"":""bbe88ed85bbb7a27adeb2b6fc8a1639c5c8efce43ac0be7609c5a41c6f573bf9"",""current_timestamp"":""2026-02-24T02:05:47Z"",""eligibility_changed"":false,""equivalent"":false,""new_york_date_boundary"":false,""offset_seconds"":18000.0,""reasons"":[""DISTINCT_PARENT_ACCESSIONS_WITHOUT_REVIEWED_EXCLUSION_OR_PRECEDENCE""],""representation_match"":true,""rule_version"":""same_sec_parent_timestamp_representation_v1"",""same_parent"":true,""stored_evidence_hash"":""ff698933d67dd3dd619926ff117e63794825991e17da064b633f6611d32efcde"",""stored_timestamp"":""2026-02-23T21:05:47Z"",""utc_date_boundary"":true}]"
834,2026,Q1,29528,FANG,TIMESTAMP_PLUS_INDEPENDENT_AMBIGUITY,2,False,True,False,False,DISTINCT_PARENT_ACCESSIONS_WITHOUT_REVIEWED_EXCLUSION_OR_PRECEDENCE,AMBIGUOUS,REVIEW,LEGACY_AMBIGUITY,"[{""accession"":""0001539838-26-000070"",""classification"":""TIMESTAMP_PLUS_INDEPENDENT_AMBIGUITY"",""current_evidence_hash"":""128d3849130fb6a6e47b80b5308bd80444fd84e86d935e76541f0e6861a7514e"",""current_timestamp"":""2026-04-14T00:40:48Z"",""eligibility_changed"":false,""equivalent"":false,""new_york_date_boundary"":false,""offset_seconds"":14400.0,""reasons"":[""DISTINCT_PARENT_ACCESSIONS_WITHOUT_REVIEWED_EXCLUSION_OR_PRECEDENCE""],""representation_match"":true,""rule_version"":""same_sec_parent_timestamp_representation_v1"",""same_parent"":true,""stored_evidence_hash"":""31882bc7d7565a901449f58123671430177a5d50608bfc555a5f26e5581d92bb"",""stored_timestamp"":""2026-04-13T20:40:48Z"",""utc_date_boundary"":true},{""accession"":""0001539838-26-000073"",""classification"":""TIMESTAMP_PLUS_INDEPENDENT_AMBIGUITY"",""current_evidence_hash"":""274023196543872602ba4c5d51acaa2fe9e44649f0f1b3861ab9176dce370894"",""current_timestamp"":""2026-05-05T00:06:21Z"",""eligibility_changed"":false,""equivalent"":false,""new_york_date_boundary"":false,""offset_seconds"":14400.0,""reasons"":[""DISTINCT_PARENT_ACCESSIONS_WITHOUT_REVIEWED_EXCLUSION_OR_PRECEDENCE""],""representation_match"":true,""rule_version"":""same_sec_parent_timestamp_representation_v1"",""same_parent"":true,""stored_evidence_hash"":""b48ce65149ee7d1665541485d9450fe082ebdc777f94dbc1d34a3c3f8a071953"",""stored_timestamp"":""2026-05-04T20:06:21Z"",""utc_date_boundary"":true}]"
834,2026,Q2,29529,FANG,TIMESTAMP_PLUS_INDEPENDENT_AMBIGUITY,2,True,True,False,False,DISTINCT_PARENT_ACCESSIONS_WITHOUT_REVIEWED_EXCLUSION_OR_PRECEDENCE;UNRESOLVED_COMPETING_CONTEXT,AMBIGUOUS,REVIEW,LEGACY_AMBIGUITY,"[{""accession"":""0001539838-26-000134"",""classification"":""TIMESTAMP_PLUS_INDEPENDENT_AMBIGUITY"",""current_evidence_hash"":""30a64c5b175c004bb3eb25b7ceab157209c9ce14a5412c9a7d143ec48dec117a"",""current_timestamp"":""2026-07-14T00:03:27Z"",""eligibility_changed"":false,""equivalent"":false,""new_york_date_boundary"":false,""offset_seconds"":14400.0,""reasons"":[""DISTINCT_PARENT_ACCESSIONS_WITHOUT_REVIEWED_EXCLUSION_OR_PRECEDENCE"",""UNRESOLVED_COMPETING_CONTEXT""],""representation_match"":true,""rule_version"":""same_sec_parent_timestamp_representation_v1"",""same_parent"":true,""stored_evidence_hash"":""33faaf44af08cb33ffdecc9003aea953a794efc36ceaf046e5a21acbafabd160"",""stored_timestamp"":""2026-07-13T20:03:27Z"",""utc_date_boundary"":true},{""accession"":""0001539838-26-000137"",""classification"":""TIMESTAMP_PLUS_INDEPENDENT_AMBIGUITY"",""current_evidence_hash"":""4287b6e85612748ecd4f6cd2b76228ce124ee6be2af96be015b7dd2bd4513826"",""current_timestamp"":""2026-08-04T00:06:11Z"",""eligibility_changed"":false,""equivalent"":false,""new_york_date_boundary"":false,""offset_seconds"":14400.0,""reasons"":[""DISTINCT_PARENT_ACCESSIONS_WITHOUT_REVIEWED_EXCLUSION_OR_PRECEDENCE"",""UNRESOLVED_COMPETING_CONTEXT""],""representation_match"":true,""rule_version"":""same_sec_parent_timestamp_representation_v1"",""same_parent"":true,""stored_evidence_hash"":""0a874adaa3523a3bc255de049e58b3b6be88d60cae82f707d5478838bf83c07d"",""stored_timestamp"":""2026-08-03T20:06:11Z"",""utc_date_boundary"":true}]"
845,2025,Q3,29958,FDMT,TIMESTAMP_PLUS_INDEPENDENT_AMBIGUITY,2,False,False,False,False,DISTINCT_PARENT_ACCESSIONS_WITHOUT_REVIEWED_EXCLUSION_OR_PRECEDENCE,AMBIGUOUS,REVIEW,LEGACY_AMBIGUITY,"[{""accession"":""0001193125-25-267934"",""classification"":""TIMESTAMP_PLUS_INDEPENDENT_AMBIGUITY"",""current_evidence_hash"":""e0c6d1b75a57598a0b34c9c8ed3af5185cf4c8581686a4651ae264249b517e1a"",""current_timestamp"":""2025-11-06T16:02:14Z"",""eligibility_changed"":false,""equivalent"":false,""new_york_date_boundary"":false,""offset_seconds"":18000.0,""reasons"":[""DISTINCT_PARENT_ACCESSIONS_WITHOUT_REVIEWED_EXCLUSION_OR_PRECEDENCE""],""representation_match"":true,""rule_version"":""same_sec_parent_timestamp_representation_v1"",""same_parent"":true,""stored_evidence_hash"":""65f4a02ab4c214a393bfdb2724953b0b77ddf0378a1bf4281f3cf1b01286497b"",""stored_timestamp"":""2025-11-06T11:02:14Z"",""utc_date_boundary"":false},{""accession"":""0001193125-25-273340"",""classification"":""TIMESTAMP_PLUS_INDEPENDENT_AMBIGUITY"",""current_evidence_hash"":""19759c25ad095447e1a2af4b6aa0bd4c86edd0000e52776ac4182aa1f7036d62"",""current_timestamp"":""2025-11-10T18:17:13Z"",""eligibility_changed"":false,""equivalent"":false,""new_york_date_boundary"":false,""offset_seconds"":18000.0,""reasons"":[""DISTINCT_PARENT_ACCESSIONS_WITHOUT_REVIEWED_EXCLUSION_OR_PRECEDENCE""],""representation_match"":true,""rule_version"":""same_sec_parent_timestamp_representation_v1"",""same_parent"":true,""stored_evidence_hash"":""abad9b309ef823e74f97df742701b5d3406572fa4b833e53a4c93a37a2be9194"",""stored_timestamp"":""2025-11-10T13:17:13Z"",""utc_date_boundary"":false}]"
845,2025,Q4,29959,FDMT,TIMESTAMP_PLUS_INDEPENDENT_AMBIGUITY,2,True,True,False,False,DISTINCT_PARENT_ACCESSIONS_WITHOUT_REVIEWED_EXCLUSION_OR_PRECEDENCE;UNRESOLVED_COMPETING_CONTEXT,AMBIGUOUS,REVIEW,LEGACY_AMBIGUITY,"[{""accession"":""0001193125-26-005470"",""classification"":""TIMESTAMP_PLUS_INDEPENDENT_AMBIGUITY"",""current_evidence_hash"":""9eedd7d6c1465c8770f3c85208940112909f5f766b7eb396e96d45e0fd355032"",""current_timestamp"":""2026-01-07T18:05:25Z"",""eligibility_changed"":false,""equivalent"":false,""new_york_date_boundary"":false,""offset_seconds"":18000.0,""reasons"":[""DISTINCT_PARENT_ACCESSIONS_WITHOUT_REVIEWED_EXCLUSION_OR_PRECEDENCE"",""UNRESOLVED_COMPETING_CONTEXT""],""representation_match"":true,""rule_version"":""same_sec_parent_timestamp_representation_v1"",""same_parent"":true,""stored_evidence_hash"":""46af83b08e2fe62325a64306d5dc1c87e0520d733f4371e9ef5b49b44d797015"",""stored_timestamp"":""2026-01-07T13:05:25Z"",""utc_date_boundary"":false},{""accession"":""0001193125-26-113949"",""classification"":""TIMESTAMP_PLUS_INDEPENDENT_AMBIGUITY"",""current_evidence_hash"":""f2760b3029c4b87a62e0c40a81e46e799dfa71104ad3ea24f15a46a44be2d6de"",""current_timestamp"":""2026-03-19T00:09:26Z"",""eligibility_changed"":false,""equivalent"":false,""new_york_date_boundary"":false,""offset_seconds"":14400.0,""reasons"":[""DISTINCT_PARENT_ACCESSIONS_WITHOUT_REVIEWED_EXCLUSION_OR_PRECEDENCE"",""UNRESOLVED_COMPETING_CONTEXT""],""representation_match"":true,""rule_version"":""same_sec_parent_timestamp_representation_v1"",""same_parent"":true,""stored_evidence_hash"":""e2463818fa1bf5d2f8fde7017f97cc00cb4aa64c0d0096df450b836a06196c60"",""stored_timestamp"":""2026-03-18T20:09:26Z"",""utc_date_boundary"":true}]"
856,2025,Q4,30342,FHTX,TIMESTAMP_PLUS_INDEPENDENT_AMBIGUITY,2,True,True,False,False,DISTINCT_PARENT_ACCESSIONS_WITHOUT_REVIEWED_EXCLUSION_OR_PRECEDENCE;UNRESOLVED_COMPETING_CONTEXT,AMBIGUOUS,REVIEW,LEGACY_AMBIGUITY,"[{""accession"":""0001193125-26-009885"",""classification"":""TIMESTAMP_PLUS_INDEPENDENT_AMBIGUITY"",""current_evidence_hash"":""95d7c774ec3edf7cb0b68fc86f3e9ebffa6bf9ac190004f37b0ec2cb02310aac"",""current_timestamp"":""2026-01-12T18:50:28Z"",""eligibility_changed"":false,""equivalent"":false,""new_york_date_boundary"":false,""offset_seconds"":18000.0,""reasons"":[""DISTINCT_PARENT_ACCESSIONS_WITHOUT_REVIEWED_EXCLUSION_OR_PRECEDENCE"",""UNRESOLVED_COMPETING_CONTEXT""],""representation_match"":true,""rule_version"":""same_sec_parent_timestamp_representation_v1"",""same_parent"":true,""stored_evidence_hash"":""f02eb7f1e707ffbd16528a6400fdb963334f7b4619aeee80d1cad3839996a265"",""stored_timestamp"":""2026-01-12T13:50:28Z"",""utc_date_boundary"":false},{""accession"":""0001628280-26-016805"",""classification"":""TIMESTAMP_PLUS_INDEPENDENT_AMBIGUITY"",""current_evidence_hash"":""82bdd5573575d4dc750a398b33602602b5dae65e3eca22f3d5616b6c43a31b88"",""current_timestamp"":""2026-03-12T00:09:11Z"",""eligibility_changed"":false,""equivalent"":false,""new_york_date_boundary"":false,""offset_seconds"":14400.0,""reasons"":[""DISTINCT_PARENT_ACCESSIONS_WITHOUT_REVIEWED_EXCLUSION_OR_PRECEDENCE"",""UNRESOLVED_COMPETING_CONTEXT""],""representation_match"":true,""rule_version"":""same_sec_parent_timestamp_representation_v1"",""same_parent"":true,""stored_evidence_hash"":""8cca756858bf649c88880983324fe236eedec5c4d3ff29badb64c1b0b899bdfe"",""stored_timestamp"":""2026-03-11T20:09:11Z"",""utc_date_boundary"":true}]"
858,2025,Q4,30423,FIEE,TIMESTAMP_PLUS_INDEPENDENT_AMBIGUITY,2,True,True,False,False,DISTINCT_PARENT_ACCESSIONS_WITHOUT_REVIEWED_EXCLUSION_OR_PRECEDENCE;UNRESOLVED_COMPETING_CONTEXT,AMBIGUOUS,REVIEW,LEGACY_AMBIGUITY,"[{""accession"":""0001829126-26-000884"",""classification"":""TIMESTAMP_PLUS_INDEPENDENT_AMBIGUITY"",""current_evidence_hash"":""59bd6091c7654db434f470e826feadc440e3dd27a909753408d0bb0848487044"",""current_timestamp"":""2026-02-03T02:24:45Z"",""eligibility_changed"":false,""equivalent"":false,""new_york_date_boundary"":false,""offset_seconds"":18000.0,""reasons"":[""DISTINCT_PARENT_ACCESSIONS_WITHOUT_REVIEWED_EXCLUSION_OR_PRECEDENCE"",""UNRESOLVED_COMPETING_CONTEXT""],""representation_match"":true,""rule_version"":""same_sec_parent_timestamp_representation_v1"",""same_parent"":true,""stored_evidence_hash"":""86b6163036f9baf31e076e6ab79c9a4ffe721cfea2ea7f7a2c4eda5ab5d17af4"",""stored_timestamp"":""2026-02-02T21:24:45Z"",""utc_date_boundary"":true},{""accession"":""0001829126-26-002577"",""classification"":""TIMESTAMP_PLUS_INDEPENDENT_AMBIGUITY"",""current_evidence_hash"":""5ef271a0c528481abb5acf654586e1a40a0139a0c835bb38091794969ffa9fa3"",""current_timestamp"":""2026-03-21T00:12:22Z"",""eligibility_changed"":false,""equivalent"":false,""new_york_date_boundary"":false,""offset_seconds"":14400.0,""reasons"":[""DISTINCT_PARENT_ACCESSIONS_WITHOUT_REVIEWED_EXCLUSION_OR_PRECEDENCE"",""UNRESOLVED_COMPETING_CONTEXT""],""representation_match"":true,""rule_version"":""same_sec_parent_timestamp_representation_v1"",""same_parent"":true,""stored_evidence_hash"":""2c0f157cf86979f9860a62d75c3082d49cf6146337a2a455b1cbdbd6e7622fbd"",""stored_timestamp"":""2026-03-20T20:12:22Z"",""utc_date_boundary"":true}]"
910,2025,Q4,32263,FULC,TIMESTAMP_PLUS_INDEPENDENT_AMBIGUITY,2,True,False,False,False,DISTINCT_PARENT_ACCESSIONS_WITHOUT_REVIEWED_EXCLUSION_OR_PRECEDENCE;UNRESOLVED_COMPETING_CONTEXT,AMBIGUOUS,REVIEW,LEGACY_AMBIGUITY,"[{""accession"":""0001193125-26-009845"",""classification"":""TIMESTAMP_PLUS_INDEPENDENT_AMBIGUITY"",""current_evidence_hash"":""8f076d13686598c4e7203fde9c001938a8cb69ce2fdc5af82e122e314ffea69e"",""current_timestamp"":""2026-01-12T18:18:27Z"",""eligibility_changed"":false,""equivalent"":false,""new_york_date_boundary"":false,""offset_seconds"":18000.0,""reasons"":[""DISTINCT_PARENT_ACCESSIONS_WITHOUT_REVIEWED_EXCLUSION_OR_PRECEDENCE"",""UNRESOLVED_COMPETING_CONTEXT""],""representation_match"":true,""rule_version"":""same_sec_parent_timestamp_representation_v1"",""same_parent"":true,""stored_evidence_hash"":""5ad758917ab5c7c9b530674a046141137703d28f47390b43ef43b036f29cb6fc"",""stored_timestamp"":""2026-01-12T13:18:27Z"",""utc_date_boundary"":false},{""accession"":""0001193125-26-065190"",""classification"":""TIMESTAMP_PLUS_INDEPENDENT_AMBIGUITY"",""current_evidence_hash"":""58123b6dcfbfd78f8b2a4c785ce74a749fa7d50f593c19bb196a427dcb9c7031"",""current_timestamp"":""2026-02-24T17:05:25Z"",""eligibility_changed"":false,""equivalent"":false,""new_york_date_boundary"":false,""offset_seconds"":18000.0,""reasons"":[""DISTINCT_PARENT_ACCESSIONS_WITHOUT_REVIEWED_EXCLUSION_OR_PRECEDENCE"",""UNRESOLVED_COMPETING_CONTEXT""],""representation_match"":true,""rule_version"":""same_sec_parent_timestamp_representation_v1"",""same_parent"":true,""stored_evidence_hash"":""e24f0cd2852b35d6f05ef5fc0c60aff2e80921041a53bf7a51df34a525358b12"",""stored_timestamp"":""2026-02-24T12:05:25Z"",""utc_date_boundary"":false}]"
920,2025,Q4,32619,GBTG,TIMESTAMP_PLUS_INDEPENDENT_AMBIGUITY,2,False,False,False,False,DISTINCT_PARENT_ACCESSIONS_WITHOUT_REVIEWED_EXCLUSION_OR_PRECEDENCE,AMBIGUOUS,REVIEW,LEGACY_AMBIGUITY,"[{""accession"":""0001104659-26-015928"",""classification"":""TIMESTAMP_PLUS_INDEPENDENT_AMBIGUITY"",""current_evidence_hash"":""dd8b6b72075d25485b04fc85c537ba21957a3610d43e582ee9704147fff3fbae"",""current_timestamp"":""2026-02-17T18:59:37Z"",""eligibility_changed"":false,""equivalent"":false,""new_york_date_boundary"":false,""offset_seconds"":18000.0,""reasons"":[""DISTINCT_PARENT_ACCESSIONS_WITHOUT_REVIEWED_EXCLUSION_OR_PRECEDENCE""],""representation_match"":true,""rule_version"":""same_sec_parent_timestamp_representation_v1"",""same_parent"":true,""stored_evidence_hash"":""7e4624bb87e80479973a7b5361b9df7e1786fb23d61ba55fc9c47f048b4142ce"",""stored_timestamp"":""2026-02-17T13:59:37Z"",""utc_date_boundary"":false},{""accession"":""0001628280-26-015802"",""classification"":""TIMESTAMP_PLUS_INDEPENDENT_AMBIGUITY"",""current_evidence_hash"":""4d581a251e6e6ff661840ef48964dc1900e0b3e344fe974fe18d362930cd2b11"",""current_timestamp"":""2026-03-09T15:47:37Z"",""eligibility_changed"":false,""equivalent"":false,""new_york_date_boundary"":false,""offset_seconds"":14400.0,""reasons"":[""DISTINCT_PARENT_ACCESSIONS_WITHOUT_REVIEWED_EXCLUSION_OR_PRECEDENCE""],""representation_match"":true,""rule_version"":""same_sec_parent_timestamp_representation_v1"",""same_parent"":true,""stored_evidence_hash"":""4f2b49ea7de365c325b41c3e90930f70fb3fcdee7cfec929dc5dd1b88fb2be35"",""stored_timestamp"":""2026-03-09T11:47:37Z"",""utc_date_boundary"":false}]"
951,2025,Q4,33722,GKOS,TIMESTAMP_PLUS_INDEPENDENT_AMBIGUITY,2,True,True,False,False,DISTINCT_PARENT_ACCESSIONS_WITHOUT_REVIEWED_EXCLUSION_OR_PRECEDENCE;UNRESOLVED_COMPETING_CONTEXT,AMBIGUOUS,REVIEW,LEGACY_AMBIGUITY,"[{""accession"":""0001104659-26-003321"",""classification"":""TIMESTAMP_PLUS_INDEPENDENT_AMBIGUITY"",""current_evidence_hash"":""9a1b1b6574675e170957507f4abe3fc722485883c0f94c87bb6e7a3f559971e9"",""current_timestamp"":""2026-01-14T02:05:18Z"",""eligibility_changed"":false,""equivalent"":false,""new_york_date_boundary"":false,""offset_seconds"":18000.0,""reasons"":[""DISTINCT_PARENT_ACCESSIONS_WITHOUT_REVIEWED_EXCLUSION_OR_PRECEDENCE"",""UNRESOLVED_COMPETING_CONTEXT""],""representation_match"":true,""rule_version"":""same_sec_parent_timestamp_representation_v1"",""same_parent"":true,""stored_evidence_hash"":""001893a24957bfd44b3f1be1cf0300bf5affbb1da8c43aac41e6a7096933209c"",""stored_timestamp"":""2026-01-13T21:05:18Z"",""utc_date_boundary"":true},{""accession"":""0001104659-26-016410"",""classification"":""TIMESTAMP_PLUS_INDEPENDENT_AMBIGUITY"",""current_evidence_hash"":""1cb25444c81829ff92e827ce9ee74e19f6d8805c16f345630239629dc5fcb179"",""current_timestamp"":""2026-02-18T02:10:25Z"",""eligibility_changed"":false,""equivalent"":false,""new_york_date_boundary"":false,""offset_seconds"":18000.0,""reasons"":[""DISTINCT_PARENT_ACCESSIONS_WITHOUT_REVIEWED_EXCLUSION_OR_PRECEDENCE"",""UNRESOLVED_COMPETING_CONTEXT""],""representation_match"":true,""rule_version"":""same_sec_parent_timestamp_representation_v1"",""same_parent"":true,""stored_evidence_hash"":""7e8205fe41e7e22390edbd837cce0715bb9d32bfccc4b65994746ced85b14e02"",""stored_timestamp"":""2026-02-17T21:10:25Z"",""utc_date_boundary"":true}]"
956,2025,Q1,33902,GME,TIMESTAMP_PLUS_INDEPENDENT_AMBIGUITY,2,True,False,False,False,DISTINCT_PARENT_ACCESSIONS_WITHOUT_REVIEWED_EXCLUSION_OR_PRECEDENCE;UNRESOLVED_COMPETING_CONTEXT,AMBIGUOUS,REVIEW,LEGACY_AMBIGUITY,"[{""accession"":""0001193125-24-141183"",""classification"":""TIMESTAMP_PLUS_INDEPENDENT_AMBIGUITY"",""current_evidence_hash"":""aa8ee295f04399bd80d9167e238b2e21c0abc58a1cd833a3d5470d45ed908447"",""current_timestamp"":""2024-05-17T15:30:01Z"",""eligibility_changed"":false,""equivalent"":false,""new_york_date_boundary"":false,""offset_seconds"":14400.0,""reasons"":[""DISTINCT_PARENT_ACCESSIONS_WITHOUT_REVIEWED_EXCLUSION_OR_PRECEDENCE"",""UNRESOLVED_COMPETING_CONTEXT""],""representation_match"":true,""rule_version"":""same_sec_parent_timestamp_representation_v1"",""same_parent"":true,""stored_evidence_hash"":""3c65d7cbe6bb317cbb1a59cc6718fe57a6d25349d7d00ed27f2a3c90d2600500"",""stored_timestamp"":""2024-05-17T11:30:01Z"",""utc_date_boundary"":false},{""accession"":""0001193125-24-156615"",""classification"":""TIMESTAMP_PLUS_INDEPENDENT_AMBIGUITY"",""current_evidence_hash"":""030c527f6075c6b938760fde93e3c1f34b1ee5017ab8b517c337e6cae4b95dde"",""current_timestamp"":""2024-06-07T14:19:01Z"",""eligibility_changed"":false,""equivalent"":false,""new_york_date_boundary"":false,""offset_seconds"":14400.0,""reasons"":[""DISTINCT_PARENT_ACCESSIONS_WITHOUT_REVIEWED_EXCLUSION_OR_PRECEDENCE"",""UNRESOLVED_COMPETING_CONTEXT""],""representation_match"":true,""rule_version"":""same_sec_parent_timestamp_representation_v1"",""same_parent"":true,""stored_evidence_hash"":""c0fa05c2285679dd4afa857111b7cb13ae33433cb81019c512696ab703b84dc0"",""stored_timestamp"":""2024-06-07T10:19:01Z"",""utc_date_boundary"":false}]"
975,2025,Q1,34606,GPMT,TIMESTAMP_PLUS_INDEPENDENT_AMBIGUITY,2,True,True,False,False,DISTINCT_PARENT_ACCESSIONS_WITHOUT_REVIEWED_EXCLUSION_OR_PRECEDENCE;UNRESOLVED_COMPETING_CONTEXT,AMBIGUOUS,REVIEW,LEGACY_AMBIGUITY,"[{""accession"":""0001703644-25-000069"",""classification"":""TIMESTAMP_PLUS_INDEPENDENT_AMBIGUITY"",""current_evidence_hash"":""0cb4d9e40beb0753a888ee820e09ad38b1c09b3dabe5a69ef42a4e82c45d4be1"",""current_timestamp"":""2025-04-29T15:30:14Z"",""eligibility_changed"":false,""equivalent"":false,""new_york_date_boundary"":false,""offset_seconds"":14400.0,""reasons"":[""DISTINCT_PARENT_ACCESSIONS_WITHOUT_REVIEWED_EXCLUSION_OR_PRECEDENCE"",""UNRESOLVED_COMPETING_CONTEXT""],""representation_match"":true,""rule_version"":""same_sec_parent_timestamp_representation_v1"",""same_parent"":true,""stored_evidence_hash"":""cf975b65cdde4b54b9fef210eba1996e90c55bff66c6d251a22fd434690c919b"",""stored_timestamp"":""2025-04-29T11:30:14Z"",""utc_date_boundary"":false},{""accession"":""0001703644-25-000075"",""classification"":""TIMESTAMP_PLUS_INDEPENDENT_AMBIGUITY"",""current_evidence_hash"":""42c7490f55bc73b57abcd65861a9099fd03cd71eda3e233e42378a8dec6cb512"",""current_timestamp"":""2025-05-07T01:09:29Z"",""eligibility_changed"":false,""equivalent"":false,""new_york_date_boundary"":false,""offset_seconds"":14400.0,""reasons"":[""DISTINCT_PARENT_ACCESSIONS_WITHOUT_REVIEWED_EXCLUSION_OR_PRECEDENCE"",""UNRESOLVED_COMPETING_CONTEXT""],""representation_match"":true,""rule_version"":""same_sec_parent_timestamp_representation_v1"",""same_parent"":true,""stored_evidence_hash"":""7d0aa2ba74fbf604bbe25e2e9c26fc7d6b9bea1a4039e42fba0f0315db028ce8"",""stored_timestamp"":""2025-05-06T21:09:29Z"",""utc_date_boundary"":true}]"
999,2025,Q1,35420,GWH,TIMESTAMP_PLUS_INDEPENDENT_AMBIGUITY,3,True,True,False,False,DISTINCT_PARENT_ACCESSIONS_WITHOUT_REVIEWED_EXCLUSION_OR_PRECEDENCE;UNRESOLVED_COMPETING_CONTEXT,AMBIGUOUS,REVIEW,LEGACY_AMBIGUITY,"[{""accession"":""0001628280-25-015647"",""classification"":""TIMESTAMP_PLUS_INDEPENDENT_AMBIGUITY"",""current_evidence_hash"":""a97c40472eaba3bd418733d05949f078706c8c4fb57f99ef2ce06bdafb110055"",""current_timestamp"":""2025-04-01T00:07:00Z"",""eligibility_changed"":false,""equivalent"":false,""new_york_date_boundary"":false,""offset_seconds"":14400.0,""reasons"":[""DISTINCT_PARENT_ACCESSIONS_WITHOUT_REVIEWED_EXCLUSION_OR_PRECEDENCE"",""UNRESOLVED_COMPETING_CONTEXT""],""representation_match"":true,""rule_version"":""same_sec_parent_timestamp_representation_v1"",""same_parent"":true,""stored_evidence_hash"":""604501b0e902439c53942f7f08996f2c4d1afc2cc3b0c841eb2905469a69cd26"",""stored_timestamp"":""2025-03-31T20:07:00Z"",""utc_date_boundary"":true},{""accession"":""0001628280-25-025903"",""classification"":""TIMESTAMP_PLUS_INDEPENDENT_AMBIGUITY"",""current_evidence_hash"":""815dcb56b656824d09a47f728cc6bba68ef2814989190abe3ef7143c9944f116"",""current_timestamp"":""2025-05-16T00:09:21Z"",""eligibility_changed"":false,""equivalent"":false,""new_york_date_boundary"":false,""offset_seconds"":14400.0,""reasons"":[""DISTINCT_PARENT_ACCESSIONS_WITHOUT_REVIEWED_EXCLUSION_OR_PRECEDENCE"",""UNRESOLVED_COMPETING_CONTEXT""],""representation_match"":true,""rule_version"":""same_sec_parent_timestamp_representation_v1"",""same_parent"":true,""stored_evidence_hash"":""40ede5a876d115da7edacec3c81fe124c2989ffc765f2e8cecd641dd9ff80234"",""stored_timestamp"":""2025-05-15T20:09:21Z"",""utc_date_boundary"":true}]"
999,2026,Q1,35424,GWH,TIMESTAMP_PLUS_INDEPENDENT_AMBIGUITY,2,True,True,False,False,DISTINCT_PARENT_ACCESSIONS_WITHOUT_REVIEWED_EXCLUSION_OR_PRECEDENCE;UNRESOLVED_COMPETING_CONTEXT,AMBIGUOUS,REVIEW,LEGACY_AMBIGUITY,"[{""accession"":""0001819438-26-000032"",""classification"":""TIMESTAMP_PLUS_INDEPENDENT_AMBIGUITY"",""current_evidence_hash"":""3367de1b55d04b501ff46a99f6ef7be7820acc554683d3f7057d597bcc6f7345"",""current_timestamp"":""2026-05-08T00:26:07Z"",""eligibility_changed"":false,""equivalent"":false,""new_york_date_boundary"":false,""offset_seconds"":14400.0,""reasons"":[""DISTINCT_PARENT_ACCESSIONS_WITHOUT_REVIEWED_EXCLUSION_OR_PRECEDENCE"",""UNRESOLVED_COMPETING_CONTEXT""],""representation_match"":true,""rule_version"":""same_sec_parent_timestamp_representation_v1"",""same_parent"":true,""stored_evidence_hash"":""cf11d0f7782071ea49d86c7fe709d710b20cbfd98c86aa54af8af9890e32a404"",""stored_timestamp"":""2026-05-07T20:26:07Z"",""utc_date_boundary"":true},{""accession"":""0001819438-26-000053"",""classification"":""TIMESTAMP_PLUS_INDEPENDENT_AMBIGUITY"",""current_evidence_hash"":""af4d759248e331366a186b5935f5a0bf84e20c4458a591754d845ed06e593b33"",""current_timestamp"":""2026-06-23T16:36:41Z"",""eligibility_changed"":false,""equivalent"":false,""new_york_date_boundary"":false,""offset_seconds"":14400.0,""reasons"":[""DISTINCT_PARENT_ACCESSIONS_WITHOUT_REVIEWED_EXCLUSION_OR_PRECEDENCE"",""UNRESOLVED_COMPETING_CONTEXT""],""representation_match"":true,""rule_version"":""same_sec_parent_timestamp_representation_v1"",""same_parent"":true,""stored_evidence_hash"":""64d57bb0e6f2c318fe5e172fe92f72fd6eacfc13d39af92ee50edceba414a66c"",""stored_timestamp"":""2026-06-23T12:36:41Z"",""utc_date_boundary"":false}]"
1009,2025,Q4,35788,HALO,TIMESTAMP_PLUS_INDEPENDENT_AMBIGUITY,2,True,True,False,False,DISTINCT_PARENT_ACCESSIONS_WITHOUT_REVIEWED_EXCLUSION_OR_PRECEDENCE;UNRESOLVED_COMPETING_CONTEXT,AMBIGUOUS,REVIEW,LEGACY_AMBIGUITY,"[{""accession"":""0001159036-26-000011"",""classification"":""TIMESTAMP_PLUS_INDEPENDENT_AMBIGUITY"",""current_evidence_hash"":""d9ef3b0739522f440aa99cfc28830790d85013e79a2f5e0070b029477a58f546"",""current_timestamp"":""2026-01-28T16:40:00Z"",""eligibility_changed"":false,""equivalent"":false,""new_york_date_boundary"":false,""offset_seconds"":18000.0,""reasons"":[""DISTINCT_PARENT_ACCESSIONS_WITHOUT_REVIEWED_EXCLUSION_OR_PRECEDENCE"",""UNRESOLVED_COMPETING_CONTEXT""],""representation_match"":true,""rule_version"":""same_sec_parent_timestamp_representation_v1"",""same_parent"":true,""stored_evidence_hash"":""c57121d64d6fcce5c9b3588371e426398252c15932b22f1e75e53ffe4d21b132"",""stored_timestamp"":""2026-01-28T11:40:00Z"",""utc_date_boundary"":false},{""accession"":""0001159036-26-000023"",""classification"":""TIMESTAMP_PLUS_INDEPENDENT_AMBIGUITY"",""current_evidence_hash"":""cb8fe25fc605ddcf66ecf3d5d9837226dc96a62a03395657c887f050564cc840"",""current_timestamp"":""2026-02-18T02:04:55Z"",""eligibility_changed"":false,""equivalent"":false,""new_york_date_boundary"":false,""offset_seconds"":18000.0,""reasons"":[""DISTINCT_PARENT_ACCESSIONS_WITHOUT_REVIEWED_EXCLUSION_OR_PRECEDENCE"",""UNRESOLVED_COMPETING_CONTEXT""],""representation_match"":true,""rule_version"":""same_sec_parent_timestamp_representation_v1"",""same_parent"":true,""stored_evidence_hash"":""8fc78f16c73ba6e6dc68f2b60e60ea8e611f61231f077bcff1fcbbae3823a57d"",""stored_timestamp"":""2026-02-17T21:04:55Z"",""utc_date_boundary"":true}]"
1013,2025,Q4,35923,HCAT,TIMESTAMP_PLUS_INDEPENDENT_AMBIGUITY,2,True,True,False,False,DISTINCT_PARENT_ACCESSIONS_WITHOUT_REVIEWED_EXCLUSION_OR_PRECEDENCE;UNRESOLVED_COMPETING_CONTEXT,AMBIGUOUS,REVIEW,LEGACY_AMBIGUITY,"[{""accession"":""0001636422-26-000006"",""classification"":""TIMESTAMP_PLUS_INDEPENDENT_AMBIGUITY"",""current_evidence_hash"":""61bf9bfd63649d057dc29cd5b6bd9dbf3196ca221540a40e8e90d87fd615239d"",""current_timestamp"":""2026-01-13T02:26:34Z"",""eligibility_changed"":false,""equivalent"":false,""new_york_date_boundary"":false,""offset_seconds"":18000.0,""reasons"":[""DISTINCT_PARENT_ACCESSIONS_WITHOUT_REVIEWED_EXCLUSION_OR_PRECEDENCE"",""UNRESOLVED_COMPETING_CONTEXT""],""representation_match"":true,""rule_version"":""same_sec_parent_timestamp_representation_v1"",""same_parent"":true,""stored_evidence_hash"":""e8867d6c8e25caad9027148c058cfd4058df69ed2ff5ddb1dd2dd625e31f3619"",""stored_timestamp"":""2026-01-12T21:26:34Z"",""utc_date_boundary"":true},{""accession"":""0001636422-26-000031"",""classification"":""TIMESTAMP_PLUS_INDEPENDENT_AMBIGUITY"",""current_evidence_hash"":""9b72269d19df084625ffe5c2f1cbb2b09af0f44a69bf23db0ea2db25b298fe8f"",""current_timestamp"":""2026-03-13T00:10:09Z"",""eligibility_changed"":false,""equivalent"":false,""new_york_date_boundary"":false,""offset_seconds"":14400.0,""reasons"":[""DISTINCT_PARENT_ACCESSIONS_WITHOUT_REVIEWED_EXCLUSION_OR_PRECEDENCE"",""UNRESOLVED_COMPETING_CONTEXT""],""representation_match"":true,""rule_version"":""same_sec_parent_timestamp_representation_v1"",""same_parent"":true,""stored_evidence_hash"":""fb7f4ab27741389d01b65f8be6f40752fc035793f9944375746e9788d6ba916a"",""stored_timestamp"":""2026-03-12T20:10:09Z"",""utc_date_boundary"":true}]"
1023,2025,Q4,36290,HELE,TIMESTAMP_PLUS_INDEPENDENT_AMBIGUITY,2,False,False,False,False,DISTINCT_PARENT_ACCESSIONS_WITHOUT_REVIEWED_EXCLUSION_OR_PRECEDENCE,AMBIGUOUS,REVIEW,LEGACY_AMBIGUITY,"[{""accession"":""0000916789-25-000010"",""classification"":""TIMESTAMP_PLUS_INDEPENDENT_AMBIGUITY"",""current_evidence_hash"":""5feecd43d209ef96be3866a29920e5aaead320370c8c9ef1b2cd49a70684230c"",""current_timestamp"":""2025-04-24T14:50:16Z"",""eligibility_changed"":false,""equivalent"":false,""new_york_date_boundary"":false,""offset_seconds"":14400.0,""reasons"":[""DISTINCT_PARENT_ACCESSIONS_WITHOUT_REVIEWED_EXCLUSION_OR_PRECEDENCE""],""representation_match"":true,""rule_version"":""same_sec_parent_timestamp_representation_v1"",""same_parent"":true,""stored_evidence_hash"":""babaf1195fa0a5054b0590be466f1344bcdd1749340a3adfbc6422e4ab9710fe"",""stored_timestamp"":""2025-04-24T10:50:16Z"",""utc_date_boundary"":false},{""accession"":""0000916789-25-000038"",""classification"":""TIMESTAMP_PLUS_INDEPENDENT_AMBIGUITY"",""current_evidence_hash"":""3df54e28042b58ced9ee11e2b39b4e9e8c5845c0e7b4bdabc6fc93792bcf224d"",""current_timestamp"":""2025-07-10T14:46:00Z"",""eligibility_changed"":false,""equivalent"":false,""new_york_date_boundary"":false,""offset_seconds"":14400.0,""reasons"":[""DISTINCT_PARENT_ACCESSIONS_WITHOUT_REVIEWED_EXCLUSION_OR_PRECEDENCE""],""representation_match"":true,""rule_version"":""same_sec_parent_timestamp_representation_v1"",""same_parent"":true,""stored_evidence_hash"":""b210464f784b62f1321fce8482981f8422aadd966aa054278018ccb9b63d1692"",""stored_timestamp"":""2025-07-10T10:46:00Z"",""utc_date_boundary"":false}]"
1023,2026,Q4,36294,HELE,TIMESTAMP_PLUS_INDEPENDENT_AMBIGUITY,2,False,False,False,False,DISTINCT_PARENT_ACCESSIONS_WITHOUT_REVIEWED_EXCLUSION_OR_PRECEDENCE,AMBIGUOUS,REVIEW,LEGACY_AMBIGUITY,"[{""accession"":""0000916789-26-000047"",""classification"":""TIMESTAMP_PLUS_INDEPENDENT_AMBIGUITY"",""current_evidence_hash"":""b02b50fae16d7b5c7e1a0a1a38843b604128ed8020f7af5277270874192fbcd3"",""current_timestamp"":""2026-04-23T14:50:16Z"",""eligibility_changed"":false,""equivalent"":false,""new_york_date_boundary"":false,""offset_seconds"":14400.0,""reasons"":[""DISTINCT_PARENT_ACCESSIONS_WITHOUT_REVIEWED_EXCLUSION_OR_PRECEDENCE""],""representation_match"":true,""rule_version"":""same_sec_parent_timestamp_representation_v1"",""same_parent"":true,""stored_evidence_hash"":""1077791ce78bf80b97ef933c4703abd79c987e8f881518a97ad782d504a11343"",""stored_timestamp"":""2026-04-23T10:50:16Z"",""utc_date_boundary"":false},{""accession"":""0000916789-26-000094"",""classification"":""TIMESTAMP_PLUS_INDEPENDENT_AMBIGUITY"",""current_evidence_hash"":""699a121c7c29f5a40b79ef59d82fd600fe4065c50b188dd4122bde1c49fe3deb"",""current_timestamp"":""2026-07-08T14:50:52Z"",""eligibility_changed"":false,""equivalent"":false,""new_york_date_boundary"":false,""offset_seconds"":14400.0,""reasons"":[""DISTINCT_PARENT_ACCESSIONS_WITHOUT_REVIEWED_EXCLUSION_OR_PRECEDENCE""],""representation_match"":true,""rule_version"":""same_sec_parent_timestamp_representation_v1"",""same_parent"":true,""stored_evidence_hash"":""2d561d08ec0e5a33e5d6cd2ba21c585824f69fcfc88d478c2b7481718342c310"",""stored_timestamp"":""2026-07-08T10:50:52Z"",""utc_date_boundary"":false}]"
1053,2026,Q1,37343,HPQ,TIMESTAMP_PLUS_INDEPENDENT_AMBIGUITY,2,True,True,False,False,DISTINCT_PARENT_ACCESSIONS_WITHOUT_REVIEWED_EXCLUSION_OR_PRECEDENCE;UNRESOLVED_COMPETING_CONTEXT,AMBIGUOUS,REVIEW,LEGACY_AMBIGUITY,"[{""accession"":""0000047217-26-000009"",""classification"":""TIMESTAMP_PLUS_INDEPENDENT_AMBIGUITY"",""current_evidence_hash"":""0830d9d742c10f8dbf8412d6f80f95b8c36707af6cad43f61647879c7c674357"",""current_timestamp"":""2026-02-25T02:18:40Z"",""eligibility_changed"":false,""equivalent"":false,""new_york_date_boundary"":false,""offset_seconds"":18000.0,""reasons"":[""DISTINCT_PARENT_ACCESSIONS_WITHOUT_REVIEWED_EXCLUSION_OR_PRECEDENCE"",""UNRESOLVED_COMPETING_CONTEXT""],""representation_match"":true,""rule_version"":""same_sec_parent_timestamp_representation_v1"",""same_parent"":true,""stored_evidence_hash"":""e4280cc323d0b0b1af3cc345cb8126764d1280ac679f99069d794e61b25145d7"",""stored_timestamp"":""2026-02-24T21:18:40Z"",""utc_date_boundary"":true},{""accession"":""0001140361-26-003514"",""classification"":""TIMESTAMP_PLUS_INDEPENDENT_AMBIGUITY"",""current_evidence_hash"":""cb103945891b0c4ed55c55a4cc83baf56f01605ef3e2a547f62497436417412d"",""current_timestamp"":""2026-02-04T03:15:53Z"",""eligibility_changed"":false,""equivalent"":false,""new_york_date_boundary"":false,""offset_seconds"":18000.0,""reasons"":[""DISTINCT_PARENT_ACCESSIONS_WITHOUT_REVIEWED_EXCLUSION_OR_PRECEDENCE"",""UNRESOLVED_COMPETING_CONTEXT""],""representation_match"":true,""rule_version"":""same_sec_parent_timestamp_representation_v1"",""same_parent"":true,""stored_evidence_hash"":""8035b18910b1f3d982a059c2783cb16a51a083acc9f5b79217d3261a9117be81"",""stored_timestamp"":""2026-02-03T22:15:53Z"",""utc_date_boundary"":true}]"
1058,2025,Q4,37546,HRL,TIMESTAMP_PLUS_INDEPENDENT_AMBIGUITY,2,False,True,False,False,DISTINCT_PARENT_ACCESSIONS_WITHOUT_REVIEWED_EXCLUSION_OR_PRECEDENCE,AMBIGUOUS,REVIEW,LEGACY_AMBIGUITY,"[{""accession"":""0000048465-25-000047"",""classification"":""TIMESTAMP_PLUS_INDEPENDENT_AMBIGUITY"",""current_evidence_hash"":""4efed435615562789e8018c54f433e6712e7e55158aae4defd7445fbbf80873d"",""current_timestamp"":""2025-10-29T14:54:51Z"",""eligibility_changed"":false,""equivalent"":false,""new_york_date_boundary"":false,""offset_seconds"":14400.0,""reasons"":[""DISTINCT_PARENT_ACCESSIONS_WITHOUT_REVIEWED_EXCLUSION_OR_PRECEDENCE""],""representation_match"":true,""rule_version"":""same_sec_parent_timestamp_representation_v1"",""same_parent"":true,""stored_evidence_hash"":""704962c94c6328cf9530220680ae713f35eb2e5fe2f39473d18ff3b7f355b095"",""stored_timestamp"":""2025-10-29T10:54:51Z"",""utc_date_boundary"":false},{""accession"":""0000048465-25-000056"",""classification"":""TIMESTAMP_PLUS_INDEPENDENT_AMBIGUITY"",""current_evidence_hash"":""1d335a07cde25496c4818801adf2004b88665b55878c1703106ac22f0eb9cd5b"",""current_timestamp"":""2025-12-04T03:37:02Z"",""eligibility_changed"":false,""equivalent"":false,""new_york_date_boundary"":false,""offset_seconds"":18000.0,""reasons"":[""DISTINCT_PARENT_ACCESSIONS_WITHOUT_REVIEWED_EXCLUSION_OR_PRECEDENCE""],""representation_match"":true,""rule_version"":""same_sec_parent_timestamp_representation_v1"",""same_parent"":true,""stored_evidence_hash"":""9f35fb541fe1ca2eb861d9390eeb176152a7683d148cb75a255f769dc43bb9b1"",""stored_timestamp"":""2025-12-03T22:37:02Z"",""utc_date_boundary"":true}]"
1058,2026,Q1,37547,HRL,TIMESTAMP_PLUS_INDEPENDENT_AMBIGUITY,2,True,True,True,False,DISTINCT_PARENT_ACCESSIONS_WITHOUT_REVIEWED_EXCLUSION_OR_PRECEDENCE;UNRESOLVED_COMPETING_CONTEXT,AMBIGUOUS,REVIEW,LEGACY_AMBIGUITY,"[{""accession"":""0000048465-26-000013"",""classification"":""TIMESTAMP_PLUS_INDEPENDENT_AMBIGUITY"",""current_evidence_hash"":""23b9845b91876a6939cb9d399eaa8fa5c8a0ed925a4ea689169c1f0ed8ef8c3e"",""current_timestamp"":""2026-02-18T05:45:53Z"",""eligibility_changed"":false,""equivalent"":false,""new_york_date_boundary"":true,""offset_seconds"":18000.0,""reasons"":[""DISTINCT_PARENT_ACCESSIONS_WITHOUT_REVIEWED_EXCLUSION_OR_PRECEDENCE"",""UNRESOLVED_COMPETING_CONTEXT""],""representation_match"":true,""rule_version"":""same_sec_parent_timestamp_representation_v1"",""same_parent"":true,""stored_evidence_hash"":""c9e8d8ef69754e4dac0e5b832f191c4b0a9edadeeb706acb5e9c5990487424af"",""stored_timestamp"":""2026-02-18T00:45:53Z"",""utc_date_boundary"":false},{""accession"":""0000048465-26-000018"",""classification"":""TIMESTAMP_PLUS_INDEPENDENT_AMBIGUITY"",""current_evidence_hash"":""c162366c9f2f50b4dc368187ee9f99380f53c1dfa5c8a475b0f0d7711e10e74e"",""current_timestamp"":""2026-02-26T03:39:06Z"",""eligibility_changed"":false,""equivalent"":false,""new_york_date_boundary"":false,""offset_seconds"":18000.0,""reasons"":[""DISTINCT_PARENT_ACCESSIONS_WITHOUT_REVIEWED_EXCLUSION_OR_PRECEDENCE"",""UNRESOLVED_COMPETING_CONTEXT""],""representation_match"":true,""rule_version"":""same_sec_parent_timestamp_representation_v1"",""same_parent"":true,""stored_evidence_hash"":""e640c3acf6aedf145f6b2f0d46db703580c8c7f9d76fc3de11a3cdfcac6a19b5"",""stored_timestamp"":""2026-02-25T22:39:06Z"",""utc_date_boundary"":true}]"
1060,2025,Q4,37614,HROW,TIMESTAMP_PLUS_INDEPENDENT_AMBIGUITY,2,True,True,False,False,DISTINCT_PARENT_ACCESSIONS_WITHOUT_REVIEWED_EXCLUSION_OR_PRECEDENCE;UNRESOLVED_COMPETING_CONTEXT,AMBIGUOUS,REVIEW,LEGACY_AMBIGUITY,"[{""accession"":""0001493152-26-004635"",""classification"":""TIMESTAMP_PLUS_INDEPENDENT_AMBIGUITY"",""current_evidence_hash"":""22440703ca738fcabcc2622a056323f3f085769aa1619be4622e6452c483213f"",""current_timestamp"":""2026-02-02T17:30:56Z"",""eligibility_changed"":false,""equivalent"":false,""new_york_date_boundary"":false,""offset_seconds"":18000.0,""reasons"":[""DISTINCT_PARENT_ACCESSIONS_WITHOUT_REVIEWED_EXCLUSION_OR_PRECEDENCE"",""UNRESOLVED_COMPETING_CONTEXT""],""representation_match"":true,""rule_version"":""same_sec_parent_timestamp_representation_v1"",""same_parent"":true,""stored_evidence_hash"":""daa54b8711efd09565e71a3a74899de392d609b113b876c1aae356b8cd89f16a"",""stored_timestamp"":""2026-02-02T12:30:56Z"",""utc_date_boundary"":false},{""accession"":""0001493152-26-008552"",""classification"":""TIMESTAMP_PLUS_INDEPENDENT_AMBIGUITY"",""current_evidence_hash"":""4c2055be0e207ae317d88b9a784c4d129867dc1b1177a605466cb67af5751293"",""current_timestamp"":""2026-03-03T02:15:59Z"",""eligibility_changed"":false,""equivalent"":false,""new_york_date_boundary"":false,""offset_seconds"":18000.0,""reasons"":[""DISTINCT_PARENT_ACCESSIONS_WITHOUT_REVIEWED_EXCLUSION_OR_PRECEDENCE"",""UNRESOLVED_COMPETING_CONTEXT""],""representation_match"":true,""rule_version"":""same_sec_parent_timestamp_representation_v1"",""same_parent"":true,""stored_evidence_hash"":""000781dca9d6148297967ef62da0c2914e4fcfa11e67cb751d68f084f7083f37"",""stored_timestamp"":""2026-03-02T21:15:59Z"",""utc_date_boundary"":true}]"
1070,2025,Q3,38003,HUBG,TIMESTAMP_PLUS_INDEPENDENT_AMBIGUITY,2,False,True,False,False,DISTINCT_PARENT_ACCESSIONS_WITHOUT_REVIEWED_EXCLUSION_OR_PRECEDENCE,AMBIGUOUS,REVIEW,LEGACY_AMBIGUITY,"[{""accession"":""0001171843-25-006834"",""classification"":""TIMESTAMP_PLUS_INDEPENDENT_AMBIGUITY"",""current_evidence_hash"":""c0cea34caa0541c270278ce28530553159c716b97e9d5b7b928116c33a8bb0d0"",""current_timestamp"":""2025-10-31T00:05:42Z"",""eligibility_changed"":false,""equivalent"":false,""new_york_date_boundary"":false,""offset_seconds"":14400.0,""reasons"":[""DISTINCT_PARENT_ACCESSIONS_WITHOUT_REVIEWED_EXCLUSION_OR_PRECEDENCE""],""representation_match"":true,""rule_version"":""same_sec_parent_timestamp_representation_v1"",""same_parent"":true,""stored_evidence_hash"":""c162acc5c2849f57da9224931eaa0c6d805e713919184458aaebd5a769c6abc0"",""stored_timestamp"":""2025-10-30T20:05:42Z"",""utc_date_boundary"":true},{""accession"":""0001193125-26-039396"",""classification"":""TIMESTAMP_PLUS_INDEPENDENT_AMBIGUITY"",""current_evidence_hash"":""085e53273b93eb55310ccf05485610c734398e6cd2d26cca70c9ccc3419700c6"",""current_timestamp"":""2026-02-06T02:11:07Z"",""eligibility_changed"":false,""equivalent"":false,""new_york_date_boundary"":false,""offset_seconds"":18000.0,""reasons"":[""DISTINCT_PARENT_ACCESSIONS_WITHOUT_REVIEWED_EXCLUSION_OR_PRECEDENCE""],""representation_match"":true,""rule_version"":""same_sec_parent_timestamp_representation_v1"",""same_parent"":true,""stored_evidence_hash"":""3d889d8ed43b35e0c3d54c3c2a5f4cae32653228288241ed4c260dca9f73b83e"",""stored_timestamp"":""2026-02-05T21:11:07Z"",""utc_date_boundary"":true}]"
1083,2025,Q3,38464,HYPR,TIMESTAMP_PLUS_INDEPENDENT_AMBIGUITY,2,False,True,False,False,DISTINCT_PARENT_ACCESSIONS_WITHOUT_REVIEWED_EXCLUSION_OR_PRECEDENCE,AMBIGUOUS,REVIEW,LEGACY_AMBIGUITY,"[{""accession"":""0001193125-25-240255"",""classification"":""TIMESTAMP_PLUS_INDEPENDENT_AMBIGUITY"",""current_evidence_hash"":""8b2992a2adecd6c7f91f0a08cb2aecaacd5dd010e3db0a934986ed9507501a9d"",""current_timestamp"":""2025-10-16T00:09:28Z"",""eligibility_changed"":false,""equivalent"":false,""new_york_date_boundary"":false,""offset_seconds"":14400.0,""reasons"":[""DISTINCT_PARENT_ACCESSIONS_WITHOUT_REVIEWED_EXCLUSION_OR_PRECEDENCE""],""representation_match"":true,""rule_version"":""same_sec_parent_timestamp_representation_v1"",""same_parent"":true,""stored_evidence_hash"":""33a5ebee21ac4acd24a27f4ef2bfc41008ba3fef5870da123b08ad3f424209b5"",""stored_timestamp"":""2025-10-15T20:09:28Z"",""utc_date_boundary"":true},{""accession"":""0001193125-25-280181"",""classification"":""TIMESTAMP_PLUS_INDEPENDENT_AMBIGUITY"",""current_evidence_hash"":""36af5ac45de12f30865b536d7cb053bd9332b7118e4cc940dd434ce5d776c32d"",""current_timestamp"":""2025-11-14T02:11:28Z"",""eligibility_changed"":false,""equivalent"":false,""new_york_date_boundary"":false,""offset_seconds"":18000.0,""reasons"":[""DISTINCT_PARENT_ACCESSIONS_WITHOUT_REVIEWED_EXCLUSION_OR_PRECEDENCE""],""representation_match"":true,""rule_version"":""same_sec_parent_timestamp_representation_v1"",""same_parent"":true,""stored_evidence_hash"":""88ae99c6a74f40476c8655ea9cc8c9c1a998c604923350530b72985ad4d6d9b9"",""stored_timestamp"":""2025-11-13T21:11:28Z"",""utc_date_boundary"":true}]"
1083,2025,Q4,38465,HYPR,TIMESTAMP_PLUS_INDEPENDENT_AMBIGUITY,2,True,True,False,False,DISTINCT_PARENT_ACCESSIONS_WITHOUT_REVIEWED_EXCLUSION_OR_PRECEDENCE;UNRESOLVED_COMPETING_CONTEXT,AMBIGUOUS,REVIEW,LEGACY_AMBIGUITY,"[{""accession"":""0001193125-26-009859"",""classification"":""TIMESTAMP_PLUS_INDEPENDENT_AMBIGUITY"",""current_evidence_hash"":""121d2c6f4da67a6a48d47aa17875b4c84e504028e27e53f8cf8b071a2eab0f83"",""current_timestamp"":""2026-01-12T18:28:11Z"",""eligibility_changed"":false,""equivalent"":false,""new_york_date_boundary"":false,""offset_seconds"":18000.0,""reasons"":[""DISTINCT_PARENT_ACCESSIONS_WITHOUT_REVIEWED_EXCLUSION_OR_PRECEDENCE"",""UNRESOLVED_COMPETING_CONTEXT""],""representation_match"":true,""rule_version"":""same_sec_parent_timestamp_representation_v1"",""same_parent"":true,""stored_evidence_hash"":""734ea61901f3cec8a2c56fda4b50385606314c7f4b97b420446fc863f74c33ba"",""stored_timestamp"":""2026-01-12T13:28:11Z"",""utc_date_boundary"":false},{""accession"":""0001193125-26-113960"",""classification"":""TIMESTAMP_PLUS_INDEPENDENT_AMBIGUITY"",""current_evidence_hash"":""75c638c79b8443f57a63523de711c09a59df473f9041edadc2b2c2b52cfe14ca"",""current_timestamp"":""2026-03-19T00:10:21Z"",""eligibility_changed"":false,""equivalent"":false,""new_york_date_boundary"":false,""offset_seconds"":14400.0,""reasons"":[""DISTINCT_PARENT_ACCESSIONS_WITHOUT_REVIEWED_EXCLUSION_OR_PRECEDENCE"",""UNRESOLVED_COMPETING_CONTEXT""],""representation_match"":true,""rule_version"":""same_sec_parent_timestamp_representation_v1"",""same_parent"":true,""stored_evidence_hash"":""41e437f5121dabd19fa15717d3ea019ecf8d718ddeb9eb71a41b75da0d9aba87"",""stored_timestamp"":""2026-03-18T20:10:21Z"",""utc_date_boundary"":true}]"
1087,2026,Q2,38617,IBM,TIMESTAMP_PLUS_INDEPENDENT_AMBIGUITY,2,False,True,False,False,DISTINCT_PARENT_ACCESSIONS_WITHOUT_REVIEWED_EXCLUSION_OR_PRECEDENCE,AMBIGUOUS,REVIEW,LEGACY_AMBIGUITY,"[{""accession"":""0000051143-26-000070"",""classification"":""TIMESTAMP_PLUS_INDEPENDENT_AMBIGUITY"",""current_evidence_hash"":""4545403838206ceae345091a59a84861e12cefe479172e7b8757716f429afeef"",""current_timestamp"":""2026-07-14T15:01:52Z"",""eligibility_changed"":false,""equivalent"":false,""new_york_date_boundary"":false,""offset_seconds"":14400.0,""reasons"":[""DISTINCT_PARENT_ACCESSIONS_WITHOUT_REVIEWED_EXCLUSION_OR_PRECEDENCE""],""representation_match"":true,""rule_version"":""same_sec_parent_timestamp_representation_v1"",""same_parent"":true,""stored_evidence_hash"":""20bc3b0a2bc73247a4096bd286638da4728dc7f9ab5c85d2cf3dd9fa96a49856"",""stored_timestamp"":""2026-07-14T11:01:52Z"",""utc_date_boundary"":false},{""accession"":""0000051143-26-000077"",""classification"":""TIMESTAMP_PLUS_INDEPENDENT_AMBIGUITY"",""current_evidence_hash"":""1e206b4f54c07528f3643906a8eafbec6cba5e6cafd445770ab006aa4e32a24d"",""current_timestamp"":""2026-07-23T00:10:24Z"",""eligibility_changed"":false,""equivalent"":false,""new_york_date_boundary"":false,""offset_seconds"":14400.0,""reasons"":[""DISTINCT_PARENT_ACCESSIONS_WITHOUT_REVIEWED_EXCLUSION_OR_PRECEDENCE""],""representation_match"":true,""rule_version"":""same_sec_parent_timestamp_representation_v1"",""same_parent"":true,""stored_evidence_hash"":""aaef682fa1c4d7aa916e08f92400f57d7b27cf241876d8656537a29dd4bfc3d1"",""stored_timestamp"":""2026-07-22T20:10:24Z"",""utc_date_boundary"":true}]"
1089,2025,Q1,38694,IBRX,TIMESTAMP_PLUS_INDEPENDENT_AMBIGUITY,3,True,False,False,False,DISTINCT_PARENT_ACCESSIONS_WITHOUT_REVIEWED_EXCLUSION_OR_PRECEDENCE;UNRESOLVED_COMPETING_CONTEXT,AMBIGUOUS,REVIEW,LEGACY_AMBIGUITY,"[{""accession"":""0001193125-25-164789"",""classification"":""TIMESTAMP_PLUS_INDEPENDENT_AMBIGUITY"",""current_evidence_hash"":""18c9cb03e7752b96f6eb198edc7123eb46dea54c725f170325ab2132d38691ec"",""current_timestamp"":""2025-07-25T14:23:30Z"",""eligibility_changed"":false,""equivalent"":false,""new_york_date_boundary"":false,""offset_seconds"":14400.0,""reasons"":[""DISTINCT_PARENT_ACCESSIONS_WITHOUT_REVIEWED_EXCLUSION_OR_PRECEDENCE"",""UNRESOLVED_COMPETING_CONTEXT""],""representation_match"":true,""rule_version"":""same_sec_parent_timestamp_representation_v1"",""same_parent"":true,""stored_evidence_hash"":""ca9e012fe010aa47b56b9ddbd1853ce43989841c16c5691e3e162c523026ef3b"",""stored_timestamp"":""2025-07-25T10:23:30Z"",""utc_date_boundary"":false},{""accession"":""0001326110-25-000044"",""classification"":""TIMESTAMP_PLUS_INDEPENDENT_AMBIGUITY"",""current_evidence_hash"":""6ebf899ef6482e6f903ea6e6be80cb396422ab783b9734f675b53e4d861ef838"",""current_timestamp"":""2025-04-15T16:10:02Z"",""eligibility_changed"":false,""equivalent"":false,""new_york_date_boundary"":false,""offset_seconds"":14400.0,""reasons"":[""DISTINCT_PARENT_ACCESSIONS_WITHOUT_REVIEWED_EXCLUSION_OR_PRECEDENCE"",""UNRESOLVED_COMPETING_CONTEXT""],""representation_match"":true,""rule_version"":""same_sec_parent_timestamp_representation_v1"",""same_parent"":true,""stored_evidence_hash"":""dedcd0cfa31fc69be9713737dd32d7fff7f37c842fcc95c89de602f7387faa84"",""stored_timestamp"":""2025-04-15T12:10:02Z"",""utc_date_boundary"":false},{""accession"":""0001326110-25-000069"",""classification"":""TIMESTAMP_PLUS_INDEPENDENT_AMBIGUITY"",""current_evidence_hash"":""333e4f1e8acd992b56c984fd7b7b1619a4bc88ad65a0a14e53330e198fbd1ae3"",""current_timestamp"":""2025-05-12T14:40:41Z"",""eligibility_changed"":false,""equivalent"":false,""new_york_date_boundary"":false,""offset_seconds"":14400.0,""reasons"":[""DISTINCT_PARENT_ACCESSIONS_WITHOUT_REVIEWED_EXCLUSION_OR_PRECEDENCE"",""UNRESOLVED_COMPETING_CONTEXT""],""representation_match"":true,""rule_version"":""same_sec_parent_timestamp_representation_v1"",""same_parent"":true,""stored_evidence_hash"":""4f5fbd286ae94ab9fb4d92c9feeae86dc74e08f57cdb995f02001dc4f0e4fbea"",""stored_timestamp"":""2025-05-12T10:40:41Z"",""utc_date_boundary"":false}]"
1089,2025,Q4,38697,IBRX,TIMESTAMP_PLUS_INDEPENDENT_AMBIGUITY,2,False,False,False,False,DISTINCT_PARENT_ACCESSIONS_WITHOUT_REVIEWED_EXCLUSION_OR_PRECEDENCE,AMBIGUOUS,REVIEW,LEGACY_AMBIGUITY,"[{""accession"":""0001326110-26-000008"",""classification"":""TIMESTAMP_PLUS_INDEPENDENT_AMBIGUITY"",""current_evidence_hash"":""bfb2d65e68c29b8c6efad0be0a9408130bb003073767248577b92002e2f71ddb"",""current_timestamp"":""2026-01-15T18:35:47Z"",""eligibility_changed"":false,""equivalent"":false,""new_york_date_boundary"":false,""offset_seconds"":18000.0,""reasons"":[""DISTINCT_PARENT_ACCESSIONS_WITHOUT_REVIEWED_EXCLUSION_OR_PRECEDENCE""],""representation_match"":true,""rule_version"":""same_sec_parent_timestamp_representation_v1"",""same_parent"":true,""stored_evidence_hash"":""b11defc6e5e9f8a0d61aafad26b4eb3c54dfe7444ab331e08869e1d8e5bac558"",""stored_timestamp"":""2026-01-15T13:35:47Z"",""utc_date_boundary"":false},{""accession"":""0001326110-26-000025"",""classification"":""TIMESTAMP_PLUS_INDEPENDENT_AMBIGUITY"",""current_evidence_hash"":""858e2109512dff18fdc7feb554a3fececee2e7ad243aae282520a019f9da5048"",""current_timestamp"":""2026-02-23T17:06:39Z"",""eligibility_changed"":false,""equivalent"":false,""new_york_date_boundary"":false,""offset_seconds"":18000.0,""reasons"":[""DISTINCT_PARENT_ACCESSIONS_WITHOUT_REVIEWED_EXCLUSION_OR_PRECEDENCE""],""representation_match"":true,""rule_version"":""same_sec_parent_timestamp_representation_v1"",""same_parent"":true,""stored_evidence_hash"":""91c6d51df09ad43e53032205526090a03ac7bee369972dddfa6af76632a95471"",""stored_timestamp"":""2026-02-23T12:06:39Z"",""utc_date_boundary"":false}]"
1089,2026,Q1,38698,IBRX,TIMESTAMP_PLUS_INDEPENDENT_AMBIGUITY,2,True,False,False,False,DISTINCT_PARENT_ACCESSIONS_WITHOUT_REVIEWED_EXCLUSION_OR_PRECEDENCE;UNRESOLVED_COMPETING_CONTEXT,AMBIGUOUS,REVIEW,LEGACY_AMBIGUITY,"[{""accession"":""0001326110-26-000036"",""classification"":""TIMESTAMP_PLUS_INDEPENDENT_AMBIGUITY"",""current_evidence_hash"":""2af30082bd5067d33754e31ce2122e5f9cedfc58fb3737bcb1bd98c170e367bd"",""current_timestamp"":""2026-04-09T15:39:06Z"",""eligibility_changed"":false,""equivalent"":false,""new_york_date_boundary"":false,""offset_seconds"":14400.0,""reasons"":[""DISTINCT_PARENT_ACCESSIONS_WITHOUT_REVIEWED_EXCLUSION_OR_PRECEDENCE"",""UNRESOLVED_COMPETING_CONTEXT""],""representation_match"":true,""rule_version"":""same_sec_parent_timestamp_representation_v1"",""same_parent"":true,""stored_evidence_hash"":""62335c1a739f12906c2001c2d192c6dc3c7d57b5a0aace6735957cbab92b5bfd"",""stored_timestamp"":""2026-04-09T11:39:06Z"",""utc_date_boundary"":false},{""accession"":""0001326110-26-000057"",""classification"":""TIMESTAMP_PLUS_INDEPENDENT_AMBIGUITY"",""current_evidence_hash"":""63c675df76a4ac0275cb6d040e8b7497eb984de99bb8500fe8a90c2dc380e239"",""current_timestamp"":""2026-05-07T15:32:40Z"",""eligibility_changed"":false,""equivalent"":false,""new_york_date_boundary"":false,""offset_seconds"":14400.0,""reasons"":[""DISTINCT_PARENT_ACCESSIONS_WITHOUT_REVIEWED_EXCLUSION_OR_PRECEDENCE"",""UNRESOLVED_COMPETING_CONTEXT""],""representation_match"":true,""rule_version"":""same_sec_parent_timestamp_representation_v1"",""same_parent"":true,""stored_evidence_hash"":""092ee2c60dfb10564afad38de389b9afc0d9f8e4656fbaa4ee3e38ccf47ee4a4"",""stored_timestamp"":""2026-05-07T11:32:40Z"",""utc_date_boundary"":false}]"
1112,2025,Q4,39559,ILMN,TIMESTAMP_PLUS_INDEPENDENT_AMBIGUITY,2,True,True,False,False,DISTINCT_PARENT_ACCESSIONS_WITHOUT_REVIEWED_EXCLUSION_OR_PRECEDENCE;UNRESOLVED_COMPETING_CONTEXT,AMBIGUOUS,REVIEW,LEGACY_AMBIGUITY,"[{""accession"":""0001110803-26-000009"",""classification"":""TIMESTAMP_PLUS_INDEPENDENT_AMBIGUITY"",""current_evidence_hash"":""b938164446703731d492df5fc742461ac7fd410c492814c8ecfa84cb23f9652d"",""current_timestamp"":""2026-01-13T19:11:40Z"",""eligibility_changed"":false,""equivalent"":false,""new_york_date_boundary"":false,""offset_seconds"":18000.0,""reasons"":[""DISTINCT_PARENT_ACCESSIONS_WITHOUT_REVIEWED_EXCLUSION_OR_PRECEDENCE"",""UNRESOLVED_COMPETING_CONTEXT""],""representation_match"":true,""rule_version"":""same_sec_parent_timestamp_representation_v1"",""same_parent"":true,""stored_evidence_hash"":""b498bf301cb0070862cada193e67a42783d3f4ebe263481bd0413586a4679135"",""stored_timestamp"":""2026-01-13T14:11:40Z"",""utc_date_boundary"":false},{""accession"":""0001110803-26-000018"",""classification"":""TIMESTAMP_PLUS_INDEPENDENT_AMBIGUITY"",""current_evidence_hash"":""c771346d9bbb36fc34f6a535f3c93fc4b53ef7748e4265d0b6d5f7afeefb1002"",""current_timestamp"":""2026-02-06T02:09:49Z"",""eligibility_changed"":false,""equivalent"":false,""new_york_date_boundary"":false,""offset_seconds"":18000.0,""reasons"":[""DISTINCT_PARENT_ACCESSIONS_WITHOUT_REVIEWED_EXCLUSION_OR_PRECEDENCE"",""UNRESOLVED_COMPETING_CONTEXT""],""representation_match"":true,""rule_version"":""same_sec_parent_timestamp_representation_v1"",""same_parent"":true,""stored_evidence_hash"":""03ce8e229405b2ac2e39e9b370028fac0ee0c108bef3e8c71b7981b0caa28103"",""stored_timestamp"":""2026-02-05T21:09:49Z"",""utc_date_boundary"":true}]"
1115,2025,Q4,39661,IMCR,TIMESTAMP_PLUS_INDEPENDENT_AMBIGUITY,2,True,False,False,False,DISTINCT_PARENT_ACCESSIONS_WITHOUT_REVIEWED_EXCLUSION_OR_PRECEDENCE;UNRESOLVED_COMPETING_CONTEXT,AMBIGUOUS,REVIEW,LEGACY_AMBIGUITY,"[{""accession"":""0001140361-26-000780"",""classification"":""TIMESTAMP_PLUS_INDEPENDENT_AMBIGUITY"",""current_evidence_hash"":""592efe34997df0b73f0e32c8bbcea4de48d51e5c3b25fe999495eb3cfd82f8fe"",""current_timestamp"":""2026-01-09T17:11:43Z"",""eligibility_changed"":false,""equivalent"":false,""new_york_date_boundary"":false,""offset_seconds"":18000.0,""reasons"":[""DISTINCT_PARENT_ACCESSIONS_WITHOUT_REVIEWED_EXCLUSION_OR_PRECEDENCE"",""UNRESOLVED_COMPETING_CONTEXT""],""representation_match"":true,""rule_version"":""same_sec_parent_timestamp_representation_v1"",""same_parent"":true,""stored_evidence_hash"":""164ae3defd606a978e335517ba1dfc1881b26969bbd288ccb3d38297b21d03bf"",""stored_timestamp"":""2026-01-09T12:11:43Z"",""utc_date_boundary"":false},{""accession"":""0001140361-26-006721"",""classification"":""TIMESTAMP_PLUS_INDEPENDENT_AMBIGUITY"",""current_evidence_hash"":""af304611ecf2592e00a1c7ddb13a9b6989bc0b7ff4e0fc6fb0f1d2d99cc0f255"",""current_timestamp"":""2026-02-25T17:30:36Z"",""eligibility_changed"":false,""equivalent"":false,""new_york_date_boundary"":false,""offset_seconds"":18000.0,""reasons"":[""DISTINCT_PARENT_ACCESSIONS_WITHOUT_REVIEWED_EXCLUSION_OR_PRECEDENCE"",""UNRESOLVED_COMPETING_CONTEXT""],""representation_match"":true,""rule_version"":""same_sec_parent_timestamp_representation_v1"",""same_parent"":true,""stored_evidence_hash"":""4ab5a1e895c04a89b55e8a37c465161a5a8a6a480dc0ba00d9398a88b028074b"",""stored_timestamp"":""2026-02-25T12:30:36Z"",""utc_date_boundary"":false}]"
1152,2026,Q1,40906,IPDN,TIMESTAMP_PLUS_INDEPENDENT_AMBIGUITY,2,True,False,False,False,DISTINCT_PARENT_ACCESSIONS_WITHOUT_REVIEWED_EXCLUSION_OR_PRECEDENCE;UNRESOLVED_COMPETING_CONTEXT,AMBIGUOUS,REVIEW,LEGACY_AMBIGUITY,"[{""accession"":""0001437749-26-010516"",""classification"":""TIMESTAMP_PLUS_INDEPENDENT_AMBIGUITY"",""current_evidence_hash"":""7299a33f7002ea4124ae5d8e4e920f17a667f29857ab1e4f994745e356e2d232"",""current_timestamp"":""2026-03-31T17:01:40Z"",""eligibility_changed"":false,""equivalent"":false,""new_york_date_boundary"":false,""offset_seconds"":14400.0,""reasons"":[""DISTINCT_PARENT_ACCESSIONS_WITHOUT_REVIEWED_EXCLUSION_OR_PRECEDENCE"",""UNRESOLVED_COMPETING_CONTEXT""],""representation_match"":true,""rule_version"":""same_sec_parent_timestamp_representation_v1"",""same_parent"":true,""stored_evidence_hash"":""27b48781938e980fce07532446cc66feafeceaa31f80d0b3c94c954eba8d74b2"",""stored_timestamp"":""2026-03-31T13:01:40Z"",""utc_date_boundary"":false},{""accession"":""0001437749-26-017234"",""classification"":""TIMESTAMP_PLUS_INDEPENDENT_AMBIGUITY"",""current_evidence_hash"":""a9a53568c05237c624c8578d0aeba4f67fce1fe3c8766b02efc5563cd5290253"",""current_timestamp"":""2026-05-15T17:01:14Z"",""eligibility_changed"":false,""equivalent"":false,""new_york_date_boundary"":false,""offset_seconds"":14400.0,""reasons"":[""DISTINCT_PARENT_ACCESSIONS_WITHOUT_REVIEWED_EXCLUSION_OR_PRECEDENCE"",""UNRESOLVED_COMPETING_CONTEXT""],""representation_match"":true,""rule_version"":""same_sec_parent_timestamp_representation_v1"",""same_parent"":true,""stored_evidence_hash"":""b4ac8976f8ef49629fd13f026f1719cd35fd52d88c12377cfecd3c6f2e48ef79"",""stored_timestamp"":""2026-05-15T13:01:14Z"",""utc_date_boundary"":false}]"
1177,2025,Q1,41854,JAGX,TIMESTAMP_PLUS_INDEPENDENT_AMBIGUITY,2,False,True,False,False,DISTINCT_PARENT_ACCESSIONS_WITHOUT_REVIEWED_EXCLUSION_OR_PRECEDENCE,AMBIGUOUS,REVIEW,LEGACY_AMBIGUITY,"[{""accession"":""0000950170-25-047220"",""classification"":""TIMESTAMP_PLUS_INDEPENDENT_AMBIGUITY"",""current_evidence_hash"":""2860045b1627f448f3455b8a245d42f4cf1089be9353f66bba4484e8128212ce"",""current_timestamp"":""2025-03-31T16:00:08Z"",""eligibility_changed"":false,""equivalent"":false,""new_york_date_boundary"":false,""offset_seconds"":14400.0,""reasons"":[""DISTINCT_PARENT_ACCESSIONS_WITHOUT_REVIEWED_EXCLUSION_OR_PRECEDENCE""],""representation_match"":true,""rule_version"":""same_sec_parent_timestamp_representation_v1"",""same_parent"":true,""stored_evidence_hash"":""e93243756ffa275310e55fcc34e8fa273ba42c68e636a667913d0c322722f5c5"",""stored_timestamp"":""2025-03-31T12:00:08Z"",""utc_date_boundary"":false},{""accession"":""0001193125-25-120763"",""classification"":""TIMESTAMP_PLUS_INDEPENDENT_AMBIGUITY"",""current_evidence_hash"":""2ee005d25e22c22d2343b516e14104f0c0528149efa42badf7f839c5b99fc345"",""current_timestamp"":""2025-05-16T00:00:32Z"",""eligibility_changed"":false,""equivalent"":false,""new_york_date_boundary"":false,""offset_seconds"":14400.0,""reasons"":[""DISTINCT_PARENT_ACCESSIONS_WITHOUT_REVIEWED_EXCLUSION_OR_PRECEDENCE""],""representation_match"":true,""rule_version"":""same_sec_parent_timestamp_representation_v1"",""same_parent"":true,""stored_evidence_hash"":""36efe591b792f2f64646d1e36fc25ccfc36be896c79f947d3c97718444af9763"",""stored_timestamp"":""2025-05-15T20:00:32Z"",""utc_date_boundary"":true}]"
1180,2025,Q4,41961,JAZZ,TIMESTAMP_PLUS_INDEPENDENT_AMBIGUITY,2,True,True,False,False,DISTINCT_PARENT_ACCESSIONS_WITHOUT_REVIEWED_EXCLUSION_OR_PRECEDENCE;UNRESOLVED_COMPETING_CONTEXT,AMBIGUOUS,REVIEW,LEGACY_AMBIGUITY,"[{""accession"":""0001193125-26-009899"",""classification"":""TIMESTAMP_PLUS_INDEPENDENT_AMBIGUITY"",""current_evidence_hash"":""22101f75e11f1123b56d6b62b6fd3c4dece0953f0b6fd228ac7a203df72fd979"",""current_timestamp"":""2026-01-12T19:01:17Z"",""eligibility_changed"":false,""equivalent"":false,""new_york_date_boundary"":false,""offset_seconds"":18000.0,""reasons"":[""DISTINCT_PARENT_ACCESSIONS_WITHOUT_REVIEWED_EXCLUSION_OR_PRECEDENCE"",""UNRESOLVED_COMPETING_CONTEXT""],""representation_match"":true,""rule_version"":""same_sec_parent_timestamp_representation_v1"",""same_parent"":true,""stored_evidence_hash"":""81a1d7e6547268dd58408cc66cc4bc32622f75abda491b897d1806f9466fdbbb"",""stored_timestamp"":""2026-01-12T14:01:17Z"",""utc_date_boundary"":false},{""accession"":""0001232524-26-000012"",""classification"":""TIMESTAMP_PLUS_INDEPENDENT_AMBIGUITY"",""current_evidence_hash"":""44e035862691c4ff8f5f162c6e76882441ea00c150ea9ca189a61488e88ed372"",""current_timestamp"":""2026-02-25T02:07:55Z"",""eligibility_changed"":false,""equivalent"":false,""new_york_date_boundary"":false,""offset_seconds"":18000.0,""reasons"":[""DISTINCT_PARENT_ACCESSIONS_WITHOUT_REVIEWED_EXCLUSION_OR_PRECEDENCE"",""UNRESOLVED_COMPETING_CONTEXT""],""representation_match"":true,""rule_version"":""same_sec_parent_timestamp_representation_v1"",""same_parent"":true,""stored_evidence_hash"":""1a5a77e3e0867eeaa0a05ae2dd49e05835b0aa54725d2c695b955e4f6c4b69b1"",""stored_timestamp"":""2026-02-24T21:07:55Z"",""utc_date_boundary"":true}]"
1195,2025,Q4,42526,JOBY,TIMESTAMP_PLUS_INDEPENDENT_AMBIGUITY,2,True,True,False,False,DISTINCT_PARENT_ACCESSIONS_WITHOUT_REVIEWED_EXCLUSION_OR_PRECEDENCE;UNRESOLVED_COMPETING_CONTEXT,AMBIGUOUS,REVIEW,LEGACY_AMBIGUITY,"[{""accession"":""0001628280-26-004597"",""classification"":""TIMESTAMP_PLUS_INDEPENDENT_AMBIGUITY"",""current_evidence_hash"":""64bcad6a6efa4de1c9ab3f20c0816cde7986195a91912dffae4a71786815adc0"",""current_timestamp"":""2026-02-03T02:01:33Z"",""eligibility_changed"":false,""equivalent"":false,""new_york_date_boundary"":false,""offset_seconds"":18000.0,""reasons"":[""DISTINCT_PARENT_ACCESSIONS_WITHOUT_REVIEWED_EXCLUSION_OR_PRECEDENCE"",""UNRESOLVED_COMPETING_CONTEXT""],""representation_match"":true,""rule_version"":""same_sec_parent_timestamp_representation_v1"",""same_parent"":true,""stored_evidence_hash"":""461a63db8d4285fec6d13e94a2e32fe8d4ad93b8f61dd4893d393e66d9eb924e"",""stored_timestamp"":""2026-02-02T21:01:33Z"",""utc_date_boundary"":true},{""accession"":""0001819848-26-000154"",""classification"":""TIMESTAMP_PLUS_INDEPENDENT_AMBIGUITY"",""current_evidence_hash"":""d711eb3a5239ca2fde8b4ac374542550775bac7ac5dfa6b11786f2141dc1acfe"",""current_timestamp"":""2026-02-26T02:06:43Z"",""eligibility_changed"":false,""equivalent"":false,""new_york_date_boundary"":false,""offset_seconds"":18000.0,""reasons"":[""DISTINCT_PARENT_ACCESSIONS_WITHOUT_REVIEWED_EXCLUSION_OR_PRECEDENCE"",""UNRESOLVED_COMPETING_CONTEXT""],""representation_match"":true,""rule_version"":""same_sec_parent_timestamp_representation_v1"",""same_parent"":true,""stored_evidence_hash"":""3bcf0a707312fcb3e0a0184a7e5edd474d9c0ff7538339a0e5b3e06a548b92ed"",""stored_timestamp"":""2026-02-25T21:06:43Z"",""utc_date_boundary"":true}]"
1212,2025,Q4,43143,KGS,TIMESTAMP_PLUS_INDEPENDENT_AMBIGUITY,2,True,True,False,False,DISTINCT_PARENT_ACCESSIONS_WITHOUT_REVIEWED_EXCLUSION_OR_PRECEDENCE;UNRESOLVED_COMPETING_CONTEXT,AMBIGUOUS,REVIEW,LEGACY_AMBIGUITY,"[{""accession"":""0001193125-26-101175"",""classification"":""TIMESTAMP_PLUS_INDEPENDENT_AMBIGUITY"",""current_evidence_hash"":""57d5dfae6340564297606d11b3b10fdf42f446feaf2c6aa25e03679687f36ba9"",""current_timestamp"":""2026-03-11T17:03:28Z"",""eligibility_changed"":false,""equivalent"":false,""new_york_date_boundary"":false,""offset_seconds"":14400.0,""reasons"":[""DISTINCT_PARENT_ACCESSIONS_WITHOUT_REVIEWED_EXCLUSION_OR_PRECEDENCE"",""UNRESOLVED_COMPETING_CONTEXT""],""representation_match"":true,""rule_version"":""same_sec_parent_timestamp_representation_v1"",""same_parent"":true,""stored_evidence_hash"":""f7492a1359e3fd25343987b33b5fea049b7bd758437c3b456f6bb6720a193ba4"",""stored_timestamp"":""2026-03-11T13:03:28Z"",""utc_date_boundary"":false},{""accession"":""0001767042-26-000009"",""classification"":""TIMESTAMP_PLUS_INDEPENDENT_AMBIGUITY"",""current_evidence_hash"":""53dab4835f05987722484f8ceef526c156c4e2c8a8c8806275d5745a6d72c24c"",""current_timestamp"":""2026-02-26T03:04:20Z"",""eligibility_changed"":false,""equivalent"":false,""new_york_date_boundary"":false,""offset_seconds"":18000.0,""reasons"":[""DISTINCT_PARENT_ACCESSIONS_WITHOUT_REVIEWED_EXCLUSION_OR_PRECEDENCE"",""UNRESOLVED_COMPETING_CONTEXT""],""representation_match"":true,""rule_version"":""same_sec_parent_timestamp_representation_v1"",""same_parent"":true,""stored_evidence_hash"":""1092c3fb9f2039422fa1fc7ef8e524429679d06b638f1cd9fe7799875d177af2"",""stored_timestamp"":""2026-02-25T22:04:20Z"",""utc_date_boundary"":true}]"
1238,2025,Q4,44099,KPTI,TIMESTAMP_PLUS_INDEPENDENT_AMBIGUITY,2,True,False,False,False,DISTINCT_PARENT_ACCESSIONS_WITHOUT_REVIEWED_EXCLUSION_OR_PRECEDENCE;UNRESOLVED_COMPETING_CONTEXT,AMBIGUOUS,REVIEW,LEGACY_AMBIGUITY,"[{""accession"":""0001193125-26-009738"",""classification"":""TIMESTAMP_PLUS_INDEPENDENT_AMBIGUITY"",""current_evidence_hash"":""ad6fd213b7f92c6826ea75082d078d4af3e9f4561df1f638cf2f24d23037493b"",""current_timestamp"":""2026-01-12T17:04:08Z"",""eligibility_changed"":false,""equivalent"":false,""new_york_date_boundary"":false,""offset_seconds"":18000.0,""reasons"":[""DISTINCT_PARENT_ACCESSIONS_WITHOUT_REVIEWED_EXCLUSION_OR_PRECEDENCE"",""UNRESOLVED_COMPETING_CONTEXT""],""representation_match"":true,""rule_version"":""same_sec_parent_timestamp_representation_v1"",""same_parent"":true,""stored_evidence_hash"":""917c30629a5a996f124623ca22a3f91c72faeb83a0ff25cda18aef4241aae0ca"",""stored_timestamp"":""2026-01-12T12:04:08Z"",""utc_date_boundary"":false},{""accession"":""0001193125-26-047670"",""classification"":""TIMESTAMP_PLUS_INDEPENDENT_AMBIGUITY"",""current_evidence_hash"":""e4afe8fe9215bb9f37b03b1b9a2ef65219e2acc8295ef3ced853c44d96d436c8"",""current_timestamp"":""2026-02-12T17:32:06Z"",""eligibility_changed"":false,""equivalent"":false,""new_york_date_boundary"":false,""offset_seconds"":18000.0,""reasons"":[""DISTINCT_PARENT_ACCESSIONS_WITHOUT_REVIEWED_EXCLUSION_OR_PRECEDENCE"",""UNRESOLVED_COMPETING_CONTEXT""],""representation_match"":true,""rule_version"":""same_sec_parent_timestamp_representation_v1"",""same_parent"":true,""stored_evidence_hash"":""df7fc55ddc7a228697ce9600718f8d8197c3d93de04f2225888f566ef1dc09ec"",""stored_timestamp"":""2026-02-12T12:32:06Z"",""utc_date_boundary"":false}]"
1246,2025,Q4,44391,KRRO,TIMESTAMP_PLUS_INDEPENDENT_AMBIGUITY,2,True,True,False,False,DISTINCT_PARENT_ACCESSIONS_WITHOUT_REVIEWED_EXCLUSION_OR_PRECEDENCE;UNRESOLVED_COMPETING_CONTEXT,AMBIGUOUS,REVIEW,LEGACY_AMBIGUITY,"[{""accession"":""0001193125-26-097575"",""classification"":""TIMESTAMP_PLUS_INDEPENDENT_AMBIGUITY"",""current_evidence_hash"":""d8139307e3e0057ed2447e7a86c4476b8c530f39c9653a6fc4034e76695c7de8"",""current_timestamp"":""2026-03-09T15:35:25Z"",""eligibility_changed"":false,""equivalent"":false,""new_york_date_boundary"":false,""offset_seconds"":14400.0,""reasons"":[""DISTINCT_PARENT_ACCESSIONS_WITHOUT_REVIEWED_EXCLUSION_OR_PRECEDENCE"",""UNRESOLVED_COMPETING_CONTEXT""],""representation_match"":true,""rule_version"":""same_sec_parent_timestamp_representation_v1"",""same_parent"":true,""stored_evidence_hash"":""e1ed1ca5fbfa29046cfe50cea31eca09357dbf5312eb6937ed989bcdef4c41f4"",""stored_timestamp"":""2026-03-09T11:35:25Z"",""utc_date_boundary"":false},{""accession"":""0001193125-26-104135"",""classification"":""TIMESTAMP_PLUS_INDEPENDENT_AMBIGUITY"",""current_evidence_hash"":""c0e07ed6573b8bb543e5630db8310b2c4c33a2800b3831ad01070e62535db0b1"",""current_timestamp"":""2026-03-13T00:08:25Z"",""eligibility_changed"":false,""equivalent"":false,""new_york_date_boundary"":false,""offset_seconds"":14400.0,""reasons"":[""DISTINCT_PARENT_ACCESSIONS_WITHOUT_REVIEWED_EXCLUSION_OR_PRECEDENCE"",""UNRESOLVED_COMPETING_CONTEXT""],""representation_match"":true,""rule_version"":""same_sec_parent_timestamp_representation_v1"",""same_parent"":true,""stored_evidence_hash"":""9f3aa442e96da9960ceb0140f532490aa1ade02c17b9f2cdb82e85ba40d19def"",""stored_timestamp"":""2026-03-12T20:08:25Z"",""utc_date_boundary"":true}]"
1254,2025,Q2,44646,KVUE,TIMESTAMP_PLUS_INDEPENDENT_AMBIGUITY,2,True,False,False,False,DISTINCT_PARENT_ACCESSIONS_WITHOUT_REVIEWED_EXCLUSION_OR_PRECEDENCE;UNRESOLVED_COMPETING_CONTEXT,AMBIGUOUS,REVIEW,LEGACY_AMBIGUITY,"[{""accession"":""0000950157-25-000569"",""classification"":""TIMESTAMP_PLUS_INDEPENDENT_AMBIGUITY"",""current_evidence_hash"":""222e8f758e396a55b01d889a93d6c7735922efde8a6aa87cb2dcdf0cc30e5979"",""current_timestamp"":""2025-07-14T14:56:05Z"",""eligibility_changed"":false,""equivalent"":false,""new_york_date_boundary"":false,""offset_seconds"":14400.0,""reasons"":[""DISTINCT_PARENT_ACCESSIONS_WITHOUT_REVIEWED_EXCLUSION_OR_PRECEDENCE"",""UNRESOLVED_COMPETING_CONTEXT""],""representation_match"":true,""rule_version"":""same_sec_parent_timestamp_representation_v1"",""same_parent"":true,""stored_evidence_hash"":""650378a3730c171b60857752920ecbe371681069e7463febe9ec40ba0a9fc439"",""stored_timestamp"":""2025-07-14T10:56:05Z"",""utc_date_boundary"":false},{""accession"":""0001944048-25-000174"",""classification"":""TIMESTAMP_PLUS_INDEPENDENT_AMBIGUITY"",""current_evidence_hash"":""056153dc3ada0fb13cbae2a61cf26c3f64ba2ed0de489f2318745ca777fce401"",""current_timestamp"":""2025-08-07T14:47:11Z"",""eligibility_changed"":false,""equivalent"":false,""new_york_date_boundary"":false,""offset_seconds"":14400.0,""reasons"":[""DISTINCT_PARENT_ACCESSIONS_WITHOUT_REVIEWED_EXCLUSION_OR_PRECEDENCE"",""UNRESOLVED_COMPETING_CONTEXT""],""representation_match"":true,""rule_version"":""same_sec_parent_timestamp_representation_v1"",""same_parent"":true,""stored_evidence_hash"":""d41dc9342d9b6b9999396d12c1720635f980174937bdc0877a64a497c8c9b2fa"",""stored_timestamp"":""2025-08-07T10:47:11Z"",""utc_date_boundary"":false}]"
1273,2025,Q1,45264,LCID,TIMESTAMP_PLUS_INDEPENDENT_AMBIGUITY,3,False,True,False,False,DISTINCT_PARENT_ACCESSIONS_WITHOUT_REVIEWED_EXCLUSION_OR_PRECEDENCE,AMBIGUOUS,REVIEW,LEGACY_AMBIGUITY,"[{""accession"":""0001104659-25-031149"",""classification"":""TIMESTAMP_PLUS_INDEPENDENT_AMBIGUITY"",""current_evidence_hash"":""807913c4ad4ed643c8c1c30ece9d19dbff7979df430931d82e39de56c8f0ea5e"",""current_timestamp"":""2025-04-03T00:14:47Z"",""eligibility_changed"":false,""equivalent"":false,""new_york_date_boundary"":false,""offset_seconds"":14400.0,""reasons"":[""DISTINCT_PARENT_ACCESSIONS_WITHOUT_REVIEWED_EXCLUSION_OR_PRECEDENCE""],""representation_match"":true,""rule_version"":""same_sec_parent_timestamp_representation_v1"",""same_parent"":true,""stored_evidence_hash"":""050cff8b4c6fe4b958eb19a0e2b5ce1ed173842f8d1f106e5a3e3bdb53a09b41"",""stored_timestamp"":""2025-04-02T20:14:47Z"",""utc_date_boundary"":true},{""accession"":""0001628280-25-016178"",""classification"":""TIMESTAMP_PLUS_INDEPENDENT_AMBIGUITY"",""current_evidence_hash"":""41d20799c8ac58d374e1fc777ea91ad992c576cc1c24d77d9480b6ebd82dcfd3"",""current_timestamp"":""2025-04-03T00:07:26Z"",""eligibility_changed"":false,""equivalent"":false,""new_york_date_boundary"":false,""offset_seconds"":14400.0,""reasons"":[""DISTINCT_PARENT_ACCESSIONS_WITHOUT_REVIEWED_EXCLUSION_OR_PRECEDENCE""],""representation_match"":true,""rule_version"":""same_sec_parent_timestamp_representation_v1"",""same_parent"":true,""stored_evidence_hash"":""b2775b58dff86fcb1861e774a016fbc3d8b00cd681e0d3bcee20de95f513ab5d"",""stored_timestamp"":""2025-04-02T20:07:26Z"",""utc_date_boundary"":true},{""accession"":""0001628280-25-022677"",""classification"":""TIMESTAMP_PLUS_INDEPENDENT_AMBIGUITY"",""current_evidence_hash"":""d054d64eb65ee90e3d87d694cf8426bd218b98dcb77c7cba8eff39ce8b5940bd"",""current_timestamp"":""2025-05-07T00:08:05Z"",""eligibility_changed"":false,""equivalent"":false,""new_york_date_boundary"":false,""offset_seconds"":14400.0,""reasons"":[""DISTINCT_PARENT_ACCESSIONS_WITHOUT_REVIEWED_EXCLUSION_OR_PRECEDENCE""],""representation_match"":true,""rule_version"":""same_sec_parent_timestamp_representation_v1"",""same_parent"":true,""stored_evidence_hash"":""83b594c6c728d2f5234dafeffdc0f4cbef73d69ed9a94c5281dadf226704b631"",""stored_timestamp"":""2025-05-06T20:08:05Z"",""utc_date_boundary"":true}]"
1273,2025,Q2,45265,LCID,TIMESTAMP_PLUS_INDEPENDENT_AMBIGUITY,2,False,True,False,False,DISTINCT_PARENT_ACCESSIONS_WITHOUT_REVIEWED_EXCLUSION_OR_PRECEDENCE,AMBIGUOUS,REVIEW,LEGACY_AMBIGUITY,"[{""accession"":""0001628280-25-033961"",""classification"":""TIMESTAMP_PLUS_INDEPENDENT_AMBIGUITY"",""current_evidence_hash"":""6269a93c91806c7393d010ee964786ab3d75f5bc1df0f2f74ac783f919ae370d"",""current_timestamp"":""2025-07-03T00:08:41Z"",""eligibility_changed"":false,""equivalent"":false,""new_york_date_boundary"":false,""offset_seconds"":14400.0,""reasons"":[""DISTINCT_PARENT_ACCESSIONS_WITHOUT_REVIEWED_EXCLUSION_OR_PRECEDENCE""],""representation_match"":true,""rule_version"":""same_sec_parent_timestamp_representation_v1"",""same_parent"":true,""stored_evidence_hash"":""7f075a416f789e87ecdb3b2c476a459850943c0bffce09503fbc292fdfaf8c87"",""stored_timestamp"":""2025-07-02T20:08:41Z"",""utc_date_boundary"":true},{""accession"":""0001811210-25-000005"",""classification"":""TIMESTAMP_PLUS_INDEPENDENT_AMBIGUITY"",""current_evidence_hash"":""89380e8890e12b399b66e32c388ff577c870909a4df214b57a86d5ab3e00cd80"",""current_timestamp"":""2025-08-06T00:08:40Z"",""eligibility_changed"":false,""equivalent"":false,""new_york_date_boundary"":false,""offset_seconds"":14400.0,""reasons"":[""DISTINCT_PARENT_ACCESSIONS_WITHOUT_REVIEWED_EXCLUSION_OR_PRECEDENCE""],""representation_match"":true,""rule_version"":""same_sec_parent_timestamp_representation_v1"",""same_parent"":true,""stored_evidence_hash"":""d8a4782c042a46ef2c4b6c6d6a2d4702d2cc12e661e0b9a04a60e64d1f399f3c"",""stored_timestamp"":""2025-08-05T20:08:40Z"",""utc_date_boundary"":true}]"
1273,2025,Q3,45266,LCID,TIMESTAMP_PLUS_INDEPENDENT_AMBIGUITY,2,False,True,False,False,DISTINCT_PARENT_ACCESSIONS_WITHOUT_REVIEWED_EXCLUSION_OR_PRECEDENCE,AMBIGUOUS,REVIEW,LEGACY_AMBIGUITY,"[{""accession"":""0001628280-25-044292"",""classification"":""TIMESTAMP_PLUS_INDEPENDENT_AMBIGUITY"",""current_evidence_hash"":""12cf5c329a7559ed350c59fea7249d50763a0c3f4de2870ee62ecff0bea66d46"",""current_timestamp"":""2025-10-07T00:06:56Z"",""eligibility_changed"":false,""equivalent"":false,""new_york_date_boundary"":false,""offset_seconds"":14400.0,""reasons"":[""DISTINCT_PARENT_ACCESSIONS_WITHOUT_REVIEWED_EXCLUSION_OR_PRECEDENCE""],""representation_match"":true,""rule_version"":""same_sec_parent_timestamp_representation_v1"",""same_parent"":true,""stored_evidence_hash"":""8c8680cc6fad2ad96290fc8f0c1bf5331a157edfcc868110c86f8a240ad34868"",""stored_timestamp"":""2025-10-06T20:06:56Z"",""utc_date_boundary"":true},{""accession"":""0001628280-25-049553"",""classification"":""TIMESTAMP_PLUS_INDEPENDENT_AMBIGUITY"",""current_evidence_hash"":""ab55b416edc470a1dd1c4b5297bfad0a04b97254449c7b16084a6ca601484867"",""current_timestamp"":""2025-11-06T02:10:31Z"",""eligibility_changed"":false,""equivalent"":false,""new_york_date_boundary"":false,""offset_seconds"":18000.0,""reasons"":[""DISTINCT_PARENT_ACCESSIONS_WITHOUT_REVIEWED_EXCLUSION_OR_PRECEDENCE""],""representation_match"":true,""rule_version"":""same_sec_parent_timestamp_representation_v1"",""same_parent"":true,""stored_evidence_hash"":""f6e706ca6d982b68d1c97aaf7bd2c1933f263ff5420b097f9d9456ccad958912"",""stored_timestamp"":""2025-11-05T21:10:31Z"",""utc_date_boundary"":true}]"
1273,2025,Q4,45267,LCID,TIMESTAMP_PLUS_INDEPENDENT_AMBIGUITY,2,False,True,False,False,DISTINCT_PARENT_ACCESSIONS_WITHOUT_REVIEWED_EXCLUSION_OR_PRECEDENCE,AMBIGUOUS,REVIEW,LEGACY_AMBIGUITY,"[{""accession"":""0001628280-26-000236"",""classification"":""TIMESTAMP_PLUS_INDEPENDENT_AMBIGUITY"",""current_evidence_hash"":""2dfe2875ec081720bbf53af6e728b7ced51bb711dbaba2a1168bde695fc98087"",""current_timestamp"":""2026-01-05T19:02:07Z"",""eligibility_changed"":false,""equivalent"":false,""new_york_date_boundary"":false,""offset_seconds"":18000.0,""reasons"":[""DISTINCT_PARENT_ACCESSIONS_WITHOUT_REVIEWED_EXCLUSION_OR_PRECEDENCE""],""representation_match"":true,""rule_version"":""same_sec_parent_timestamp_representation_v1"",""same_parent"":true,""stored_evidence_hash"":""783b01d9eaa2a9a52d9effa19b7b6a18db2c8c3fd5e243b15a2d3d588529ae6a"",""stored_timestamp"":""2026-01-05T14:02:07Z"",""utc_date_boundary"":false},{""accession"":""0001628280-26-011118"",""classification"":""TIMESTAMP_PLUS_INDEPENDENT_AMBIGUITY"",""current_evidence_hash"":""77d32ab105fa477494996bc6749cb239e63e91e305cdf8b5439e5713df46aa86"",""current_timestamp"":""2026-02-25T02:21:23Z"",""eligibility_changed"":false,""equivalent"":false,""new_york_date_boundary"":false,""offset_seconds"":18000.0,""reasons"":[""DISTINCT_PARENT_ACCESSIONS_WITHOUT_REVIEWED_EXCLUSION_OR_PRECEDENCE""],""representation_match"":true,""rule_version"":""same_sec_parent_timestamp_representation_v1"",""same_parent"":true,""stored_evidence_hash"":""95c68d7091fcd3382913cb81f9e08e0370fb11c62cd69d4c2bd3f997801a889a"",""stored_timestamp"":""2026-02-24T21:21:23Z"",""utc_date_boundary"":true}]"
1273,2026,Q1,45268,LCID,TIMESTAMP_PLUS_INDEPENDENT_AMBIGUITY,3,False,True,False,False,DISTINCT_PARENT_ACCESSIONS_WITHOUT_REVIEWED_EXCLUSION_OR_PRECEDENCE,AMBIGUOUS,REVIEW,LEGACY_AMBIGUITY,"[{""accession"":""0001104659-26-042847"",""classification"":""TIMESTAMP_PLUS_INDEPENDENT_AMBIGUITY"",""current_evidence_hash"":""0aa36ea9ee34a80a4b8ad172e05a48ebae0b6192177effc158e57b3b9b16624a"",""current_timestamp"":""2026-04-14T15:07:17Z"",""eligibility_changed"":false,""equivalent"":false,""new_york_date_boundary"":false,""offset_seconds"":14400.0,""reasons"":[""DISTINCT_PARENT_ACCESSIONS_WITHOUT_REVIEWED_EXCLUSION_OR_PRECEDENCE""],""representation_match"":true,""rule_version"":""same_sec_parent_timestamp_representation_v1"",""same_parent"":true,""stored_evidence_hash"":""2e4603b18f3bb13df273dce11b3584432e5d3e0ee2e1297cf4ea56dbb255d6b2"",""stored_timestamp"":""2026-04-14T11:07:17Z"",""utc_date_boundary"":false},{""accession"":""0001628280-26-023714"",""classification"":""TIMESTAMP_PLUS_INDEPENDENT_AMBIGUITY"",""current_evidence_hash"":""ed017dc376e1e97d4f9664025ca059812b50fa6070e399d3532c52291e0ce7e1"",""current_timestamp"":""2026-04-04T01:06:01Z"",""eligibility_changed"":false,""equivalent"":false,""new_york_date_boundary"":false,""offset_seconds"":14400.0,""reasons"":[""DISTINCT_PARENT_ACCESSIONS_WITHOUT_REVIEWED_EXCLUSION_OR_PRECEDENCE""],""representation_match"":true,""rule_version"":""same_sec_parent_timestamp_representation_v1"",""same_parent"":true,""stored_evidence_hash"":""d60887c64b21442f3d7e4ad38f839d93bcdf19889d6c8432c3480425d4e8fc64"",""stored_timestamp"":""2026-04-03T21:06:01Z"",""utc_date_boundary"":true},{""accession"":""0001628280-26-030509"",""classification"":""TIMESTAMP_PLUS_INDEPENDENT_AMBIGUITY"",""current_evidence_hash"":""3dbb7029bfb043d9eb31a8f54d13fbf347ea5df3516b2610af4140394daaead4"",""current_timestamp"":""2026-05-06T00:07:16Z"",""eligibility_changed"":false,""equivalent"":false,""new_york_date_boundary"":false,""offset_seconds"":14400.0,""reasons"":[""DISTINCT_PARENT_ACCESSIONS_WITHOUT_REVIEWED_EXCLUSION_OR_PRECEDENCE""],""representation_match"":true,""rule_version"":""same_sec_parent_timestamp_representation_v1"",""same_parent"":true,""stored_evidence_hash"":""014cb091e7af7d4114b4a543d16e0af55cfd4e859375e2cc98112fc9da2b6327"",""stored_timestamp"":""2026-05-05T20:07:16Z"",""utc_date_boundary"":true}]"
1273,2026,Q2,45269,LCID,TIMESTAMP_PLUS_INDEPENDENT_AMBIGUITY,2,True,True,False,False,DISTINCT_PARENT_ACCESSIONS_WITHOUT_REVIEWED_EXCLUSION_OR_PRECEDENCE;UNRESOLVED_COMPETING_CONTEXT,AMBIGUOUS,REVIEW,LEGACY_AMBIGUITY,"[{""accession"":""0001628280-26-046718"",""classification"":""TIMESTAMP_PLUS_INDEPENDENT_AMBIGUITY"",""current_evidence_hash"":""995e28f6ed50d59d89a9a88a1fea1190123715697b85614cf19f19086be91d9c"",""current_timestamp"":""2026-07-02T17:01:58Z"",""eligibility_changed"":false,""equivalent"":false,""new_york_date_boundary"":false,""offset_seconds"":14400.0,""reasons"":[""DISTINCT_PARENT_ACCESSIONS_WITHOUT_REVIEWED_EXCLUSION_OR_PRECEDENCE"",""UNRESOLVED_COMPETING_CONTEXT""],""representation_match"":true,""rule_version"":""same_sec_parent_timestamp_representation_v1"",""same_parent"":true,""stored_evidence_hash"":""f214163137fef5c9f8ab74403e26753d75e7892067209e9e5b787fcb557df179"",""stored_timestamp"":""2026-07-02T13:01:58Z"",""utc_date_boundary"":false},{""accession"":""0001628280-26-052548"",""classification"":""TIMESTAMP_PLUS_INDEPENDENT_AMBIGUITY"",""current_evidence_hash"":""545f6a7ae3544ed89edf32c8fda8e917cac39173e7b681f3aa651049a3729b79"",""current_timestamp"":""2026-08-05T00:07:05Z"",""eligibility_changed"":false,""equivalent"":false,""new_york_date_boundary"":false,""offset_seconds"":14400.0,""reasons"":[""DISTINCT_PARENT_ACCESSIONS_WITHOUT_REVIEWED_EXCLUSION_OR_PRECEDENCE"",""UNRESOLVED_COMPETING_CONTEXT""],""representation_match"":true,""rule_version"":""same_sec_parent_timestamp_representation_v1"",""same_parent"":true,""stored_evidence_hash"":""2786076594bf4c64a48da16b39894494810e6edf32b112007b59c8bccec71b26"",""stored_timestamp"":""2026-08-04T20:07:05Z"",""utc_date_boundary"":true}]"
1282,2025,Q2,45601,LESL,TIMESTAMP_PLUS_INDEPENDENT_AMBIGUITY,2,True,True,False,False,DISTINCT_PARENT_ACCESSIONS_WITHOUT_REVIEWED_EXCLUSION_OR_PRECEDENCE;UNRESOLVED_COMPETING_CONTEXT,AMBIGUOUS,REVIEW,LEGACY_AMBIGUITY,"[{""accession"":""0000950170-25-066997"",""classification"":""TIMESTAMP_PLUS_INDEPENDENT_AMBIGUITY"",""current_evidence_hash"":""04488c6c055eca2f462f7c2a2ab4a2144be7b41577499a44621c585747e0bd1f"",""current_timestamp"":""2025-05-09T00:15:31Z"",""eligibility_changed"":false,""equivalent"":false,""new_york_date_boundary"":false,""offset_seconds"":14400.0,""reasons"":[""DISTINCT_PARENT_ACCESSIONS_WITHOUT_REVIEWED_EXCLUSION_OR_PRECEDENCE"",""UNRESOLVED_COMPETING_CONTEXT""],""representation_match"":true,""rule_version"":""same_sec_parent_timestamp_representation_v1"",""same_parent"":true,""stored_evidence_hash"":""27de95ce94abecda9688288e058d395ed232c28012d14dc95347a6217b7d8572"",""stored_timestamp"":""2025-05-08T20:15:31Z"",""utc_date_boundary"":true},{""accession"":""0000950170-25-104102"",""classification"":""TIMESTAMP_PLUS_INDEPENDENT_AMBIGUITY"",""current_evidence_hash"":""ac8cf9c788fc9b84dcfecdfcf253686d91ed96f5dc0a30479e65e2f8b8f9efed"",""current_timestamp"":""2025-08-07T00:20:29Z"",""eligibility_changed"":false,""equivalent"":false,""new_york_date_boundary"":false,""offset_seconds"":14400.0,""reasons"":[""DISTINCT_PARENT_ACCESSIONS_WITHOUT_REVIEWED_EXCLUSION_OR_PRECEDENCE"",""UNRESOLVED_COMPETING_CONTEXT""],""representation_match"":true,""rule_version"":""same_sec_parent_timestamp_representation_v1"",""same_parent"":true,""stored_evidence_hash"":""8bb4e63d88757e516bc35ab328a5f96d1f6107e4a0779dcacaeaa30cccdd8807"",""stored_timestamp"":""2025-08-06T20:20:29Z"",""utc_date_boundary"":true}]"
1301,2025,Q2,46286,LITE,TIMESTAMP_PLUS_INDEPENDENT_AMBIGUITY,2,True,True,False,False,DISTINCT_PARENT_ACCESSIONS_WITHOUT_REVIEWED_EXCLUSION_OR_PRECEDENCE;UNRESOLVED_COMPETING_CONTEXT,AMBIGUOUS,REVIEW,LEGACY_AMBIGUITY,"[{""accession"":""0001193125-25-019371"",""classification"":""TIMESTAMP_PLUS_INDEPENDENT_AMBIGUITY"",""current_evidence_hash"":""10afc0a1a8b553f95d618b8af5b3275f9dc5d513e69cc77df9e78ae402a88996"",""current_timestamp"":""2025-02-04T03:15:21Z"",""eligibility_changed"":false,""equivalent"":false,""new_york_date_boundary"":false,""offset_seconds"":18000.0,""reasons"":[""DISTINCT_PARENT_ACCESSIONS_WITHOUT_REVIEWED_EXCLUSION_OR_PRECEDENCE"",""UNRESOLVED_COMPETING_CONTEXT""],""representation_match"":true,""rule_version"":""same_sec_parent_timestamp_representation_v1"",""same_parent"":true,""stored_evidence_hash"":""a28d42e077a5123c231091a2ae2ccac6ab70361e01216d5b86697e9ea32d32bb"",""stored_timestamp"":""2025-02-03T22:15:21Z"",""utc_date_boundary"":true},{""accession"":""0001628280-25-004265"",""classification"":""TIMESTAMP_PLUS_INDEPENDENT_AMBIGUITY"",""current_evidence_hash"":""4726e501e27693621d58b2c329bf98ea7843f34a20cd732141a43fabb9120e44"",""current_timestamp"":""2025-02-07T02:22:44Z"",""eligibility_changed"":false,""equivalent"":false,""new_york_date_boundary"":false,""offset_seconds"":18000.0,""reasons"":[""DISTINCT_PARENT_ACCESSIONS_WITHOUT_REVIEWED_EXCLUSION_OR_PRECEDENCE"",""UNRESOLVED_COMPETING_CONTEXT""],""representation_match"":true,""rule_version"":""same_sec_parent_timestamp_representation_v1"",""same_parent"":true,""stored_evidence_hash"":""00e07af9f26e1f855c6319f005b5826dc0a30653b0465d995e696e086c2f1def"",""stored_timestamp"":""2025-02-06T21:22:44Z"",""utc_date_boundary"":true}]"
1328,2025,Q1,47298,LRHC,TIMESTAMP_PLUS_INDEPENDENT_AMBIGUITY,2,True,True,False,False,DISTINCT_PARENT_ACCESSIONS_WITHOUT_REVIEWED_EXCLUSION_OR_PRECEDENCE;UNRESOLVED_COMPETING_CONTEXT,AMBIGUOUS,REVIEW,LEGACY_AMBIGUITY,"[{""accession"":""0001213900-25-040624"",""classification"":""TIMESTAMP_PLUS_INDEPENDENT_AMBIGUITY"",""current_evidence_hash"":""0d1e7574a5597666094b3b9019f8eed811bd78340f5d9b8c3becb8c800f7f8d0"",""current_timestamp"":""2025-05-08T00:05:09Z"",""eligibility_changed"":false,""equivalent"":false,""new_york_date_boundary"":false,""offset_seconds"":14400.0,""reasons"":[""DISTINCT_PARENT_ACCESSIONS_WITHOUT_REVIEWED_EXCLUSION_OR_PRECEDENCE"",""UNRESOLVED_COMPETING_CONTEXT""],""representation_match"":true,""rule_version"":""same_sec_parent_timestamp_representation_v1"",""same_parent"":true,""stored_evidence_hash"":""8bd72c5391172d6a8e532466bd9ec2e5671bbd0b2595198085fa0c5856210b80"",""stored_timestamp"":""2025-05-07T20:05:09Z"",""utc_date_boundary"":true},{""accession"":""0001213900-25-048952"",""classification"":""TIMESTAMP_PLUS_INDEPENDENT_AMBIGUITY"",""current_evidence_hash"":""4a7ca850ffe682b4fd152243140cb21f030f4b32a254c315c91ef1106e50cac3"",""current_timestamp"":""2025-05-30T00:36:30Z"",""eligibility_changed"":false,""equivalent"":false,""new_york_date_boundary"":false,""offset_seconds"":14400.0,""reasons"":[""DISTINCT_PARENT_ACCESSIONS_WITHOUT_REVIEWED_EXCLUSION_OR_PRECEDENCE"",""UNRESOLVED_COMPETING_CONTEXT""],""representation_match"":true,""rule_version"":""same_sec_parent_timestamp_representation_v1"",""same_parent"":true,""stored_evidence_hash"":""a0756ff3b265d5be5a539d256ec084234612a19371a0679e7ff0e69afa84a239"",""stored_timestamp"":""2025-05-29T20:36:30Z"",""utc_date_boundary"":true}]"
1328,2025,Q2,47299,LRHC,TIMESTAMP_PLUS_INDEPENDENT_AMBIGUITY,2,True,True,False,False,DISTINCT_PARENT_ACCESSIONS_WITHOUT_REVIEWED_EXCLUSION_OR_PRECEDENCE;UNRESOLVED_COMPETING_CONTEXT,AMBIGUOUS,REVIEW,LEGACY_AMBIGUITY,"[{""accession"":""0001213900-25-061504"",""classification"":""TIMESTAMP_PLUS_INDEPENDENT_AMBIGUITY"",""current_evidence_hash"":""a112751f2e7d63a9957dee9edff483bd658f968183b88ffa11199ff21966c85f"",""current_timestamp"":""2025-07-04T00:26:37Z"",""eligibility_changed"":false,""equivalent"":false,""new_york_date_boundary"":false,""offset_seconds"":14400.0,""reasons"":[""DISTINCT_PARENT_ACCESSIONS_WITHOUT_REVIEWED_EXCLUSION_OR_PRECEDENCE"",""UNRESOLVED_COMPETING_CONTEXT""],""representation_match"":true,""rule_version"":""same_sec_parent_timestamp_representation_v1"",""same_parent"":true,""stored_evidence_hash"":""dc25bbb9643cfd6d223ab59629cfc3a168986330b78670b4c7ebfdf0d0f9da15"",""stored_timestamp"":""2025-07-03T20:26:37Z"",""utc_date_boundary"":true},{""accession"":""0001213900-25-078491"",""classification"":""TIMESTAMP_PLUS_INDEPENDENT_AMBIGUITY"",""current_evidence_hash"":""5afb19dbc7b3bb9f91d15449ce83b3e75c9bb5318b1fbcd1fd08d34ff2018eeb"",""current_timestamp"":""2025-08-20T00:05:56Z"",""eligibility_changed"":false,""equivalent"":false,""new_york_date_boundary"":false,""offset_seconds"":14400.0,""reasons"":[""DISTINCT_PARENT_ACCESSIONS_WITHOUT_REVIEWED_EXCLUSION_OR_PRECEDENCE"",""UNRESOLVED_COMPETING_CONTEXT""],""representation_match"":true,""rule_version"":""same_sec_parent_timestamp_representation_v1"",""same_parent"":true,""stored_evidence_hash"":""08452603264315202c2f765303a4a6de5b6721d558944b091dc895e6ccedd91c"",""stored_timestamp"":""2025-08-19T20:05:56Z"",""utc_date_boundary"":true}]"
1330,2026,Q4,47385,LRN,TIMESTAMP_PLUS_INDEPENDENT_AMBIGUITY,2,False,True,False,False,DISTINCT_PARENT_ACCESSIONS_WITHOUT_REVIEWED_EXCLUSION_OR_PRECEDENCE,AMBIGUOUS,REVIEW,LEGACY_AMBIGUITY,"[{""accession"":""0001140361-26-030147"",""classification"":""TIMESTAMP_PLUS_INDEPENDENT_AMBIGUITY"",""current_evidence_hash"":""0dca7a59ba4b342767a760915d9e7447bea7356a24398fe9b232cbe256e88727"",""current_timestamp"":""2026-07-30T16:10:19Z"",""eligibility_changed"":false,""equivalent"":false,""new_york_date_boundary"":false,""offset_seconds"":14400.0,""reasons"":[""DISTINCT_PARENT_ACCESSIONS_WITHOUT_REVIEWED_EXCLUSION_OR_PRECEDENCE""],""representation_match"":true,""rule_version"":""same_sec_parent_timestamp_representation_v1"",""same_parent"":true,""stored_evidence_hash"":""767a1b2963f1357e14fda9ea10001d5a511bea86e751fdde99d451b58f96280a"",""stored_timestamp"":""2026-07-30T12:10:19Z"",""utc_date_boundary"":false},{""accession"":""0001171843-26-005202"",""classification"":""TIMESTAMP_PLUS_INDEPENDENT_AMBIGUITY"",""current_evidence_hash"":""85c42ae54eee6db909e4b2545498a5bc1a3d4232f955fb5d616e9b8f31e275c9"",""current_timestamp"":""2026-08-05T00:17:18Z"",""eligibility_changed"":false,""equivalent"":false,""new_york_date_boundary"":false,""offset_seconds"":14400.0,""reasons"":[""DISTINCT_PARENT_ACCESSIONS_WITHOUT_REVIEWED_EXCLUSION_OR_PRECEDENCE""],""representation_match"":true,""rule_version"":""same_sec_parent_timestamp_representation_v1"",""same_parent"":true,""stored_evidence_hash"":""b3435b817d8c9af20065c4c8eba7ce241c28f59f105f7011fe1dfd8c42c01bd5"",""stored_timestamp"":""2026-08-04T20:17:18Z"",""utc_date_boundary"":true}]"
1372,2025,Q4,48850,MASS,TIMESTAMP_PLUS_INDEPENDENT_AMBIGUITY,2,True,False,False,False,DISTINCT_PARENT_ACCESSIONS_WITHOUT_REVIEWED_EXCLUSION_OR_PRECEDENCE;UNRESOLVED_COMPETING_CONTEXT,AMBIGUOUS,REVIEW,LEGACY_AMBIGUITY,"[{""accession"":""0001104659-26-004798"",""classification"":""TIMESTAMP_PLUS_INDEPENDENT_AMBIGUITY"",""current_evidence_hash"":""767f1e1386ff145ecbbabbeae7f6ace1f5b9866ffbc5b50b09a88dc03aeadb02"",""current_timestamp"":""2026-01-20T17:15:12Z"",""eligibility_changed"":false,""equivalent"":false,""new_york_date_boundary"":false,""offset_seconds"":18000.0,""reasons"":[""DISTINCT_PARENT_ACCESSIONS_WITHOUT_REVIEWED_EXCLUSION_OR_PRECEDENCE"",""UNRESOLVED_COMPETING_CONTEXT""],""representation_match"":true,""rule_version"":""same_sec_parent_timestamp_representation_v1"",""same_parent"":true,""stored_evidence_hash"":""fff18de518caeb8a71ad4e7b0a0a1869e10268e5799acef5af6375bf45f41b7a"",""stored_timestamp"":""2026-01-20T12:15:12Z"",""utc_date_boundary"":false},{""accession"":""0001104659-26-022548"",""classification"":""TIMESTAMP_PLUS_INDEPENDENT_AMBIGUITY"",""current_evidence_hash"":""7df76fb5b686e029e11b23be23c352476d7ecb888b50b32fff314a0c12f0b5fc"",""current_timestamp"":""2026-03-03T17:15:10Z"",""eligibility_changed"":false,""equivalent"":false,""new_york_date_boundary"":false,""offset_seconds"":18000.0,""reasons"":[""DISTINCT_PARENT_ACCESSIONS_WITHOUT_REVIEWED_EXCLUSION_OR_PRECEDENCE"",""UNRESOLVED_COMPETING_CONTEXT""],""representation_match"":true,""rule_version"":""same_sec_parent_timestamp_representation_v1"",""same_parent"":true,""stored_evidence_hash"":""fa7b552842286dcfdd8120d800b1ffaf8e5ebdbd443810574fa20bd1bbff39bb"",""stored_timestamp"":""2026-03-03T12:15:10Z"",""utc_date_boundary"":false}]"
1385,2026,Q3,49322,MCHP,TIMESTAMP_PLUS_INDEPENDENT_AMBIGUITY,2,False,True,False,False,DISTINCT_PARENT_ACCESSIONS_WITHOUT_REVIEWED_EXCLUSION_OR_PRECEDENCE,AMBIGUOUS,REVIEW,LEGACY_AMBIGUITY,"[{""accession"":""0000827054-26-000002"",""classification"":""TIMESTAMP_PLUS_INDEPENDENT_AMBIGUITY"",""current_evidence_hash"":""f7babe6d2758dfa952584c30594ce9b5c261c56ebab6d164347008518ee00db4"",""current_timestamp"":""2026-01-06T02:27:37Z"",""eligibility_changed"":false,""equivalent"":false,""new_york_date_boundary"":false,""offset_seconds"":18000.0,""reasons"":[""DISTINCT_PARENT_ACCESSIONS_WITHOUT_REVIEWED_EXCLUSION_OR_PRECEDENCE""],""representation_match"":true,""rule_version"":""same_sec_parent_timestamp_representation_v1"",""same_parent"":true,""stored_evidence_hash"":""e25b851932a95046714b698e16af686a261e6d60b66719e0ef9e55067454f6bb"",""stored_timestamp"":""2026-01-05T21:27:37Z"",""utc_date_boundary"":true},{""accession"":""0000827054-26-000008"",""classification"":""TIMESTAMP_PLUS_INDEPENDENT_AMBIGUITY"",""current_evidence_hash"":""0d3a13ac3b0ce48af451440656532321e1ffb6c5bcb33b2a95d08be9cda82d02"",""current_timestamp"":""2026-02-06T02:16:13Z"",""eligibility_changed"":false,""equivalent"":false,""new_york_date_boundary"":false,""offset_seconds"":18000.0,""reasons"":[""DISTINCT_PARENT_ACCESSIONS_WITHOUT_REVIEWED_EXCLUSION_OR_PRECEDENCE""],""representation_match"":true,""rule_version"":""same_sec_parent_timestamp_representation_v1"",""same_parent"":true,""stored_evidence_hash"":""73734a1e0ab6a9b060cae24513f90d460978034a7736aaf9d8782c04758575d7"",""stored_timestamp"":""2026-02-05T21:16:13Z"",""utc_date_boundary"":true}]"
1393,2026,Q3,49625,MDB,TIMESTAMP_PLUS_INDEPENDENT_AMBIGUITY,2,False,True,False,False,DISTINCT_PARENT_ACCESSIONS_WITHOUT_REVIEWED_EXCLUSION_OR_PRECEDENCE,AMBIGUOUS,REVIEW,LEGACY_AMBIGUITY,"[{""accession"":""0001628280-25-047941"",""classification"":""TIMESTAMP_PLUS_INDEPENDENT_AMBIGUITY"",""current_evidence_hash"":""46f87261c81142ab4ce79f1bcfd7dee7fe3dfa98e56d73c645eb1f5c6516563c"",""current_timestamp"":""2025-11-03T18:31:10Z"",""eligibility_changed"":false,""equivalent"":false,""new_york_date_boundary"":false,""offset_seconds"":18000.0,""reasons"":[""DISTINCT_PARENT_ACCESSIONS_WITHOUT_REVIEWED_EXCLUSION_OR_PRECEDENCE""],""representation_match"":true,""rule_version"":""same_sec_parent_timestamp_representation_v1"",""same_parent"":true,""stored_evidence_hash"":""0ac349a00a57bbaf04499e2e0d7d9f228485e802cf8c4513e866df5c6aef5d1f"",""stored_timestamp"":""2025-11-03T13:31:10Z"",""utc_date_boundary"":false},{""accession"":""0001628280-25-054425"",""classification"":""TIMESTAMP_PLUS_INDEPENDENT_AMBIGUITY"",""current_evidence_hash"":""ccffbf8393cb30e10a490d2c2366fd4ce7ffe9728cca77fd6aee0620cafc8b2b"",""current_timestamp"":""2025-12-02T02:06:57Z"",""eligibility_changed"":false,""equivalent"":false,""new_york_date_boundary"":false,""offset_seconds"":18000.0,""reasons"":[""DISTINCT_PARENT_ACCESSIONS_WITHOUT_REVIEWED_EXCLUSION_OR_PRECEDENCE""],""representation_match"":true,""rule_version"":""same_sec_parent_timestamp_representation_v1"",""same_parent"":true,""stored_evidence_hash"":""864c65f33d5403e3cc3039af3d4ea251c8b19dab99629616c2a3fe4ad5192cfe"",""stored_timestamp"":""2025-12-01T21:06:57Z"",""utc_date_boundary"":true}]"
1411,2025,Q4,50327,MGM,TIMESTAMP_PLUS_INDEPENDENT_AMBIGUITY,2,True,True,False,False,DISTINCT_PARENT_ACCESSIONS_WITHOUT_REVIEWED_EXCLUSION_OR_PRECEDENCE;UNRESOLVED_COMPETING_CONTEXT,AMBIGUOUS,REVIEW,LEGACY_AMBIGUITY,"[{""accession"":""0000789570-26-000013"",""classification"":""TIMESTAMP_PLUS_INDEPENDENT_AMBIGUITY"",""current_evidence_hash"":""ecf5dd16b537b467ba350e47eb395ede127fdc45309dae3a5166fb090313d8e4"",""current_timestamp"":""2026-02-06T02:14:57Z"",""eligibility_changed"":false,""equivalent"":false,""new_york_date_boundary"":false,""offset_seconds"":18000.0,""reasons"":[""DISTINCT_PARENT_ACCESSIONS_WITHOUT_REVIEWED_EXCLUSION_OR_PRECEDENCE"",""UNRESOLVED_COMPETING_CONTEXT""],""representation_match"":true,""rule_version"":""same_sec_parent_timestamp_representation_v1"",""same_parent"":true,""stored_evidence_hash"":""0b5fa3619dd2fb22b666fa6c1af0e93738cadc29da0ba244974fbe5e82a1344b"",""stored_timestamp"":""2026-02-05T21:14:57Z"",""utc_date_boundary"":true},{""accession"":""0001193125-26-037093"",""classification"":""TIMESTAMP_PLUS_INDEPENDENT_AMBIGUITY"",""current_evidence_hash"":""7e3f34c35422ed3ca71b63d72c044522b09b0d559b3bb744d1e42547ce8ed47d"",""current_timestamp"":""2026-02-04T22:20:13Z"",""eligibility_changed"":false,""equivalent"":false,""new_york_date_boundary"":false,""offset_seconds"":18000.0,""reasons"":[""DISTINCT_PARENT_ACCESSIONS_WITHOUT_REVIEWED_EXCLUSION_OR_PRECEDENCE"",""UNRESOLVED_COMPETING_CONTEXT""],""representation_match"":true,""rule_version"":""same_sec_parent_timestamp_representation_v1"",""same_parent"":true,""stored_evidence_hash"":""5f6cc66981b9816ffc04e7fa654b54e97fba9da80921782c65e7b2cc1fcf6269"",""stored_timestamp"":""2026-02-04T17:20:13Z"",""utc_date_boundary"":false}]"
1426,2025,Q4,50824,MIRM,TIMESTAMP_PLUS_INDEPENDENT_AMBIGUITY,2,True,True,False,False,DISTINCT_PARENT_ACCESSIONS_WITHOUT_REVIEWED_EXCLUSION_OR_PRECEDENCE;UNRESOLVED_COMPETING_CONTEXT,AMBIGUOUS,REVIEW,LEGACY_AMBIGUITY,"[{""accession"":""0001759425-26-000004"",""classification"":""TIMESTAMP_PLUS_INDEPENDENT_AMBIGUITY"",""current_evidence_hash"":""013d1ece9fac5c63b03e21e5cd2e4122006e0d4c9939b57fe4458419f3d59392"",""current_timestamp"":""2026-01-12T18:40:29Z"",""eligibility_changed"":false,""equivalent"":false,""new_york_date_boundary"":false,""offset_seconds"":18000.0,""reasons"":[""DISTINCT_PARENT_ACCESSIONS_WITHOUT_REVIEWED_EXCLUSION_OR_PRECEDENCE"",""UNRESOLVED_COMPETING_CONTEXT""],""representation_match"":true,""rule_version"":""same_sec_parent_timestamp_representation_v1"",""same_parent"":true,""stored_evidence_hash"":""91e2c3b5591bb00415781b80a3907827ff9fb242db9d5fa696e5f41908fec8a2"",""stored_timestamp"":""2026-01-12T13:40:29Z"",""utc_date_boundary"":false},{""accession"":""0001759425-26-000010"",""classification"":""TIMESTAMP_PLUS_INDEPENDENT_AMBIGUITY"",""current_evidence_hash"":""210bf8f4d66b2143e5fca47a48ddfce1a1f39b983d0d715303b33d3b2b22c187"",""current_timestamp"":""2026-02-26T02:03:49Z"",""eligibility_changed"":false,""equivalent"":false,""new_york_date_boundary"":false,""offset_seconds"":18000.0,""reasons"":[""DISTINCT_PARENT_ACCESSIONS_WITHOUT_REVIEWED_EXCLUSION_OR_PRECEDENCE"",""UNRESOLVED_COMPETING_CONTEXT""],""representation_match"":true,""rule_version"":""same_sec_parent_timestamp_representation_v1"",""same_parent"":true,""stored_evidence_hash"":""f786e3a6cb407e3fe92bd55279f499f0ab06a76e176be33aa23c944bde8d0e65"",""stored_timestamp"":""2026-02-25T21:03:49Z"",""utc_date_boundary"":true}]"
1466,2025,Q4,52252,MRNA,TIMESTAMP_PLUS_INDEPENDENT_AMBIGUITY,2,True,False,False,False,DISTINCT_PARENT_ACCESSIONS_WITHOUT_REVIEWED_EXCLUSION_OR_PRECEDENCE;UNRESOLVED_COMPETING_CONTEXT,AMBIGUOUS,REVIEW,LEGACY_AMBIGUITY,"[{""accession"":""0001682852-26-000007"",""classification"":""TIMESTAMP_PLUS_INDEPENDENT_AMBIGUITY"",""current_evidence_hash"":""2968443f6009cb02b095599fcebd10abedef7d3f1a180414df9e3e285390f0a4"",""current_timestamp"":""2026-01-12T17:01:10Z"",""eligibility_changed"":false,""equivalent"":false,""new_york_date_boundary"":false,""offset_seconds"":18000.0,""reasons"":[""DISTINCT_PARENT_ACCESSIONS_WITHOUT_REVIEWED_EXCLUSION_OR_PRECEDENCE"",""UNRESOLVED_COMPETING_CONTEXT""],""representation_match"":true,""rule_version"":""same_sec_parent_timestamp_representation_v1"",""same_parent"":true,""stored_evidence_hash"":""4164b40ac4bc07c994880563c61ea7807d13cd049160b6b9071d22044210cc53"",""stored_timestamp"":""2026-01-12T12:01:10Z"",""utc_date_boundary"":false},{""accession"":""0001682852-26-000015"",""classification"":""TIMESTAMP_PLUS_INDEPENDENT_AMBIGUITY"",""current_evidence_hash"":""1951c016701a1967b24fa5797aadfc90d61483f2f449fb70630d74b8143fb6f3"",""current_timestamp"":""2026-02-13T17:02:14Z"",""eligibility_changed"":false,""equivalent"":false,""new_york_date_boundary"":false,""offset_seconds"":18000.0,""reasons"":[""DISTINCT_PARENT_ACCESSIONS_WITHOUT_REVIEWED_EXCLUSION_OR_PRECEDENCE"",""UNRESOLVED_COMPETING_CONTEXT""],""representation_match"":true,""rule_version"":""same_sec_parent_timestamp_representation_v1"",""same_parent"":true,""stored_evidence_hash"":""bbcb433dc46fb0ee36daf9e72324aab51a937893fdfc45951d121d5e5a073493"",""stored_timestamp"":""2026-02-13T12:02:14Z"",""utc_date_boundary"":false}]"
1480,2025,Q1,52749,MSTR,TIMESTAMP_PLUS_INDEPENDENT_AMBIGUITY,3,True,True,False,False,DISTINCT_PARENT_ACCESSIONS_WITHOUT_REVIEWED_EXCLUSION_OR_PRECEDENCE;UNRESOLVED_COMPETING_CONTEXT,AMBIGUOUS,REVIEW,LEGACY_AMBIGUITY,"[{""accession"":""0000950170-25-061806"",""classification"":""TIMESTAMP_PLUS_INDEPENDENT_AMBIGUITY"",""current_evidence_hash"":""ec498d5f9a0013291a33aa70f1d90fcdc1d3007f22513232fb82f6fafda1ce9b"",""current_timestamp"":""2025-05-02T00:02:59Z"",""eligibility_changed"":false,""equivalent"":false,""new_york_date_boundary"":false,""offset_seconds"":14400.0,""reasons"":[""DISTINCT_PARENT_ACCESSIONS_WITHOUT_REVIEWED_EXCLUSION_OR_PRECEDENCE"",""UNRESOLVED_COMPETING_CONTEXT""],""representation_match"":true,""rule_version"":""same_sec_parent_timestamp_representation_v1"",""same_parent"":true,""stored_evidence_hash"":""ee89afd100b391f0a4468c1b6e99d0441e6db353f3a789842586fb8ab38dd2f7"",""stored_timestamp"":""2025-05-01T20:02:59Z"",""utc_date_boundary"":true},{""accession"":""0001193125-25-073989"",""classification"":""TIMESTAMP_PLUS_INDEPENDENT_AMBIGUITY"",""current_evidence_hash"":""abf4a5f99b8a8a7af0d2f5746067a64d6a97763ac6a8727f0456ad505a1bc8ed"",""current_timestamp"":""2025-04-07T16:01:42Z"",""eligibility_changed"":false,""equivalent"":false,""new_york_date_boundary"":false,""offset_seconds"":14400.0,""reasons"":[""DISTINCT_PARENT_ACCESSIONS_WITHOUT_REVIEWED_EXCLUSION_OR_PRECEDENCE"",""UNRESOLVED_COMPETING_CONTEXT""],""representation_match"":true,""rule_version"":""same_sec_parent_timestamp_representation_v1"",""same_parent"":true,""stored_evidence_hash"":""e98115f36c76e9b294d2ff67544e413302ab71333f2b3f51436c42828f5d317a"",""stored_timestamp"":""2025-04-07T12:01:42Z"",""utc_date_boundary"":false}]"
1521,2025,Q1,54299,NDRA,TIMESTAMP_PLUS_INDEPENDENT_AMBIGUITY,2,True,True,False,False,DISTINCT_PARENT_ACCESSIONS_WITHOUT_REVIEWED_EXCLUSION_OR_PRECEDENCE;UNRESOLVED_COMPETING_CONTEXT,AMBIGUOUS,REVIEW,LEGACY_AMBIGUITY,"[{""accession"":""0001654954-25-003611"",""classification"":""TIMESTAMP_PLUS_INDEPENDENT_AMBIGUITY"",""current_evidence_hash"":""c46d5d44331e3b03350e96256d7edb4b30fe49a91554521912e6518d3eda0f6e"",""current_timestamp"":""2025-03-31T16:49:14Z"",""eligibility_changed"":false,""equivalent"":false,""new_york_date_boundary"":false,""offset_seconds"":14400.0,""reasons"":[""DISTINCT_PARENT_ACCESSIONS_WITHOUT_REVIEWED_EXCLUSION_OR_PRECEDENCE"",""UNRESOLVED_COMPETING_CONTEXT""],""representation_match"":true,""rule_version"":""same_sec_parent_timestamp_representation_v1"",""same_parent"":true,""stored_evidence_hash"":""971f920da84b9ca4c770d8c23a44fcd78db78546e1d2923d9746fcea068d8bd7"",""stored_timestamp"":""2025-03-31T12:49:14Z"",""utc_date_boundary"":false},{""accession"":""0001654954-25-005768"",""classification"":""TIMESTAMP_PLUS_INDEPENDENT_AMBIGUITY"",""current_evidence_hash"":""313898556798c3f8de3366c40fefaf5aee784c8400e5b9786ad565cfd2197c4c"",""current_timestamp"":""2025-05-16T00:58:00Z"",""eligibility_changed"":false,""equivalent"":false,""new_york_date_boundary"":false,""offset_seconds"":14400.0,""reasons"":[""DISTINCT_PARENT_ACCESSIONS_WITHOUT_REVIEWED_EXCLUSION_OR_PRECEDENCE"",""UNRESOLVED_COMPETING_CONTEXT""],""representation_match"":true,""rule_version"":""same_sec_parent_timestamp_representation_v1"",""same_parent"":true,""stored_evidence_hash"":""55b6a683cd6858f479991a76ff45acb2c8bbee2fb7f356fbfcbc0c4731142e3e"",""stored_timestamp"":""2025-05-15T20:58:00Z"",""utc_date_boundary"":true}]"
1527,2025,Q4,54515,NEO,TIMESTAMP_PLUS_INDEPENDENT_AMBIGUITY,2,True,False,False,False,DISTINCT_PARENT_ACCESSIONS_WITHOUT_REVIEWED_EXCLUSION_OR_PRECEDENCE;UNRESOLVED_COMPETING_CONTEXT,AMBIGUOUS,REVIEW,LEGACY_AMBIGUITY,"[{""accession"":""0001077183-26-000004"",""classification"":""TIMESTAMP_PLUS_INDEPENDENT_AMBIGUITY"",""current_evidence_hash"":""7dc2647f546b1fd1188493cafaedf7369c72dc9dfb4136b22b95be4e327cf5d4"",""current_timestamp"":""2026-02-17T17:06:50Z"",""eligibility_changed"":false,""equivalent"":false,""new_york_date_boundary"":false,""offset_seconds"":18000.0,""reasons"":[""DISTINCT_PARENT_ACCESSIONS_WITHOUT_REVIEWED_EXCLUSION_OR_PRECEDENCE"",""UNRESOLVED_COMPETING_CONTEXT""],""representation_match"":true,""rule_version"":""same_sec_parent_timestamp_representation_v1"",""same_parent"":true,""stored_evidence_hash"":""30fdcb510dd5410f6202d6c294f409ddb2aa1f9375ec7fd7c37dcc73088c4301"",""stored_timestamp"":""2026-02-17T12:06:50Z"",""utc_date_boundary"":false},{""accession"":""0001628280-26-001746"",""classification"":""TIMESTAMP_PLUS_INDEPENDENT_AMBIGUITY"",""current_evidence_hash"":""f4de01ed172fda7fc1a02a03699a0098b732560b0ba655f7529a353c9e3a5d04"",""current_timestamp"":""2026-01-12T17:10:07Z"",""eligibility_changed"":false,""equivalent"":false,""new_york_date_boundary"":false,""offset_seconds"":18000.0,""reasons"":[""DISTINCT_PARENT_ACCESSIONS_WITHOUT_REVIEWED_EXCLUSION_OR_PRECEDENCE"",""UNRESOLVED_COMPETING_CONTEXT""],""representation_match"":true,""rule_version"":""same_sec_parent_timestamp_representation_v1"",""same_parent"":true,""stored_evidence_hash"":""8ea5bccc54b8fecf94a9e14f344c523847b91446a5f03e97c79192e527519626"",""stored_timestamp"":""2026-01-12T12:10:07Z"",""utc_date_boundary"":false}]"
1534,2025,Q1,54732,NFE,TIMESTAMP_PLUS_INDEPENDENT_AMBIGUITY,2,True,True,False,False,DISTINCT_PARENT_ACCESSIONS_WITHOUT_REVIEWED_EXCLUSION_OR_PRECEDENCE;UNRESOLVED_COMPETING_CONTEXT,AMBIGUOUS,REVIEW,LEGACY_AMBIGUITY,"[{""accession"":""0001749723-25-000064"",""classification"":""TIMESTAMP_PLUS_INDEPENDENT_AMBIGUITY"",""current_evidence_hash"":""27b210949aca2c9f77847dfaeadc231d6d1ccdc09897622892ed6839cc181d6c"",""current_timestamp"":""2025-05-15T00:06:01Z"",""eligibility_changed"":false,""equivalent"":false,""new_york_date_boundary"":false,""offset_seconds"":14400.0,""reasons"":[""DISTINCT_PARENT_ACCESSIONS_WITHOUT_REVIEWED_EXCLUSION_OR_PRECEDENCE"",""UNRESOLVED_COMPETING_CONTEXT""],""representation_match"":true,""rule_version"":""same_sec_parent_timestamp_representation_v1"",""same_parent"":true,""stored_evidence_hash"":""74649c98ddd6570dd7f34d40dfdb36de22a61e341400b85157168564613acdd8"",""stored_timestamp"":""2025-05-14T20:06:01Z"",""utc_date_boundary"":true},{""accession"":""0001749723-25-000081"",""classification"":""TIMESTAMP_PLUS_INDEPENDENT_AMBIGUITY"",""current_evidence_hash"":""eccac2ad12e8f227981e822e79e9960a0b2729f601fe230a1f60649710f41a63"",""current_timestamp"":""2025-06-19T01:16:38Z"",""eligibility_changed"":false,""equivalent"":false,""new_york_date_boundary"":false,""offset_seconds"":14400.0,""reasons"":[""DISTINCT_PARENT_ACCESSIONS_WITHOUT_REVIEWED_EXCLUSION_OR_PRECEDENCE"",""UNRESOLVED_COMPETING_CONTEXT""],""representation_match"":true,""rule_version"":""same_sec_parent_timestamp_representation_v1"",""same_parent"":true,""stored_evidence_hash"":""a1e69b178fdd4dec543c8e552f3d486bc7ee65d24470d549b5342d94683f39a4"",""stored_timestamp"":""2025-06-18T21:16:38Z"",""utc_date_boundary"":true}]"
1545,2026,Q4,55177,NKE,TIMESTAMP_PLUS_INDEPENDENT_AMBIGUITY,2,True,True,False,False,DISTINCT_PARENT_ACCESSIONS_WITHOUT_REVIEWED_EXCLUSION_OR_PRECEDENCE;UNRESOLVED_COMPETING_CONTEXT,AMBIGUOUS,REVIEW,LEGACY_AMBIGUITY,"[{""accession"":""0000320187-26-000070"",""classification"":""TIMESTAMP_PLUS_INDEPENDENT_AMBIGUITY"",""current_evidence_hash"":""6db4fb0cf5e6ae81ff6981d491c8c9e45d19c9506189e1dce60d1749ec5cdea9"",""current_timestamp"":""2026-06-24T00:24:58Z"",""eligibility_changed"":false,""equivalent"":false,""new_york_date_boundary"":false,""offset_seconds"":14400.0,""reasons"":[""DISTINCT_PARENT_ACCESSIONS_WITHOUT_REVIEWED_EXCLUSION_OR_PRECEDENCE"",""UNRESOLVED_COMPETING_CONTEXT""],""representation_match"":true,""rule_version"":""same_sec_parent_timestamp_representation_v1"",""same_parent"":true,""stored_evidence_hash"":""c9a241a4f2a3990d39c633f5dbdf403fa4ac1d71f455c24c49cdd583882cd4d6"",""stored_timestamp"":""2026-06-23T20:24:58Z"",""utc_date_boundary"":true},{""accession"":""0000320187-26-000076"",""classification"":""TIMESTAMP_PLUS_INDEPENDENT_AMBIGUITY"",""current_evidence_hash"":""5f21a67ac1188227edd1b228049a5c63eae32832c7a71f390990c894624bb057"",""current_timestamp"":""2026-07-01T00:15:28Z"",""eligibility_changed"":false,""equivalent"":false,""new_york_date_boundary"":false,""offset_seconds"":14400.0,""reasons"":[""DISTINCT_PARENT_ACCESSIONS_WITHOUT_REVIEWED_EXCLUSION_OR_PRECEDENCE"",""UNRESOLVED_COMPETING_CONTEXT""],""representation_match"":true,""rule_version"":""same_sec_parent_timestamp_representation_v1"",""same_parent"":true,""stored_evidence_hash"":""dc7bdd1dc90d040a89c3355a090a3cf281d716d5714660e45c9a3c1dae060c96"",""stored_timestamp"":""2026-06-30T20:15:28Z"",""utc_date_boundary"":true}]"
1552,2025,Q1,55368,NNBR,TIMESTAMP_PLUS_INDEPENDENT_AMBIGUITY,2,True,True,False,False,DISTINCT_PARENT_ACCESSIONS_WITHOUT_REVIEWED_EXCLUSION_OR_PRECEDENCE;UNRESOLVED_COMPETING_CONTEXT,AMBIGUOUS,REVIEW,LEGACY_AMBIGUITY,"[{""accession"":""0000918541-25-000053"",""classification"":""TIMESTAMP_PLUS_INDEPENDENT_AMBIGUITY"",""current_evidence_hash"":""9d2d1302d700fc3af7fd8159cfe57f2da4e104f7e6c6b4f608e3f1d95954ce01"",""current_timestamp"":""2025-04-22T00:23:35Z"",""eligibility_changed"":false,""equivalent"":false,""new_york_date_boundary"":false,""offset_seconds"":14400.0,""reasons"":[""DISTINCT_PARENT_ACCESSIONS_WITHOUT_REVIEWED_EXCLUSION_OR_PRECEDENCE"",""UNRESOLVED_COMPETING_CONTEXT""],""representation_match"":true,""rule_version"":""same_sec_parent_timestamp_representation_v1"",""same_parent"":true,""stored_evidence_hash"":""8870ad5287b81de0b6c3eaf557db478513d4ba54169c28f3a1705f81390c80a5"",""stored_timestamp"":""2025-04-21T20:23:35Z"",""utc_date_boundary"":true},{""accession"":""0000918541-25-000060"",""classification"":""TIMESTAMP_PLUS_INDEPENDENT_AMBIGUITY"",""current_evidence_hash"":""5b8ca62008b83af7202e81d47afacec15cec0d19da25fbcc8e0e94ba01b59915"",""current_timestamp"":""2025-05-08T01:05:02Z"",""eligibility_changed"":false,""equivalent"":false,""new_york_date_boundary"":false,""offset_seconds"":14400.0,""reasons"":[""DISTINCT_PARENT_ACCESSIONS_WITHOUT_REVIEWED_EXCLUSION_OR_PRECEDENCE"",""UNRESOLVED_COMPETING_CONTEXT""],""representation_match"":true,""rule_version"":""same_sec_parent_timestamp_representation_v1"",""same_parent"":true,""stored_evidence_hash"":""69dc09d52b370bdfc480ec4ff310b5578ac4a138e87a92f7e7fa3c2bfae3b15d"",""stored_timestamp"":""2025-05-07T21:05:02Z"",""utc_date_boundary"":true}]"
1552,2026,Q1,55372,NNBR,TIMESTAMP_PLUS_INDEPENDENT_AMBIGUITY,2,True,True,False,False,DISTINCT_PARENT_ACCESSIONS_WITHOUT_REVIEWED_EXCLUSION_OR_PRECEDENCE;UNRESOLVED_COMPETING_CONTEXT,AMBIGUOUS,REVIEW,LEGACY_AMBIGUITY,"[{""accession"":""0000918541-26-000034"",""classification"":""TIMESTAMP_PLUS_INDEPENDENT_AMBIGUITY"",""current_evidence_hash"":""8a7bb64d025519b06f8d71310f75526a77dfe73fcb615c66ebe930481907cb3b"",""current_timestamp"":""2026-05-07T01:22:36Z"",""eligibility_changed"":false,""equivalent"":false,""new_york_date_boundary"":false,""offset_seconds"":14400.0,""reasons"":[""DISTINCT_PARENT_ACCESSIONS_WITHOUT_REVIEWED_EXCLUSION_OR_PRECEDENCE"",""UNRESOLVED_COMPETING_CONTEXT""],""representation_match"":true,""rule_version"":""same_sec_parent_timestamp_representation_v1"",""same_parent"":true,""stored_evidence_hash"":""3ddee8d1c6b8b6ef8908fef1ea22ff4870f520d2530e11329f437440f3d0fd4f"",""stored_timestamp"":""2026-05-06T21:22:36Z"",""utc_date_boundary"":true},{""accession"":""0001104659-26-043209"",""classification"":""TIMESTAMP_PLUS_INDEPENDENT_AMBIGUITY"",""current_evidence_hash"":""1797e584265b9acc2c0fcc8b83fc587bdcada59f42aad4f79f32bb190f50cce3"",""current_timestamp"":""2026-04-15T00:25:24Z"",""eligibility_changed"":false,""equivalent"":false,""new_york_date_boundary"":false,""offset_seconds"":14400.0,""reasons"":[""DISTINCT_PARENT_ACCESSIONS_WITHOUT_REVIEWED_EXCLUSION_OR_PRECEDENCE"",""UNRESOLVED_COMPETING_CONTEXT""],""representation_match"":true,""rule_version"":""same_sec_parent_timestamp_representation_v1"",""same_parent"":true,""stored_evidence_hash"":""9629329bd5a4e068bffe406e142451ba7e16c6fce3dd1f72d853698f7a76abd6"",""stored_timestamp"":""2026-04-14T20:25:24Z"",""utc_date_boundary"":true}]"
1579,2026,Q1,56321,NTLA,TIMESTAMP_PLUS_INDEPENDENT_AMBIGUITY,2,True,True,False,False,DISTINCT_PARENT_ACCESSIONS_WITHOUT_REVIEWED_EXCLUSION_OR_PRECEDENCE;UNRESOLVED_COMPETING_CONTEXT,AMBIGUOUS,REVIEW,LEGACY_AMBIGUITY,"[{""accession"":""0001193125-26-197489"",""classification"":""TIMESTAMP_PLUS_INDEPENDENT_AMBIGUITY"",""current_evidence_hash"":""15ae5f06d1ed095f57b703c4100c0fc4e5af0583a466e5a23cea1126dd5e5eaa"",""current_timestamp"":""2026-05-01T00:30:29Z"",""eligibility_changed"":false,""equivalent"":false,""new_york_date_boundary"":false,""offset_seconds"":14400.0,""reasons"":[""DISTINCT_PARENT_ACCESSIONS_WITHOUT_REVIEWED_EXCLUSION_OR_PRECEDENCE"",""UNRESOLVED_COMPETING_CONTEXT""],""representation_match"":true,""rule_version"":""same_sec_parent_timestamp_representation_v1"",""same_parent"":true,""stored_evidence_hash"":""1c19b0e709477e6bba7cb557ff43bfcd76853b028a5781c9e80da9945e319fdd"",""stored_timestamp"":""2026-04-30T20:30:29Z"",""utc_date_boundary"":true},{""accession"":""0001193125-26-215721"",""classification"":""TIMESTAMP_PLUS_INDEPENDENT_AMBIGUITY"",""current_evidence_hash"":""7d99d1bbda1e8c9bea2af5ea04fe4c7a9d2a14d37103c18829554aff493ab9c4"",""current_timestamp"":""2026-05-11T15:36:17Z"",""eligibility_changed"":false,""equivalent"":false,""new_york_date_boundary"":false,""offset_seconds"":14400.0,""reasons"":[""DISTINCT_PARENT_ACCESSIONS_WITHOUT_REVIEWED_EXCLUSION_OR_PRECEDENCE"",""UNRESOLVED_COMPETING_CONTEXT""],""representation_match"":true,""rule_version"":""same_sec_parent_timestamp_representation_v1"",""same_parent"":true,""stored_evidence_hash"":""33761cbc0c6991c88c0daa25c79767f69de3eafdb85a05f0b9e35ff33be15e3c"",""stored_timestamp"":""2026-05-11T11:36:17Z"",""utc_date_boundary"":false}]"
1600,2025,Q1,57014,NWS;NWSA,TIMESTAMP_PLUS_INDEPENDENT_AMBIGUITY,2,True,True,False,False,DISTINCT_PARENT_ACCESSIONS_WITHOUT_REVIEWED_EXCLUSION_OR_PRECEDENCE;UNRESOLVED_COMPETING_CONTEXT,AMBIGUOUS,REVIEW,LEGACY_AMBIGUITY,"[{""accession"":""0001564708-24-000595"",""classification"":""TIMESTAMP_PLUS_INDEPENDENT_AMBIGUITY"",""current_evidence_hash"":""08346fa1f374fe7ae16d4577e605f92033f1b5a93d4626b43e5e8eaa0ee8e606"",""current_timestamp"":""2024-11-08T02:18:16Z"",""eligibility_changed"":false,""equivalent"":false,""new_york_date_boundary"":false,""offset_seconds"":18000.0,""reasons"":[""DISTINCT_PARENT_ACCESSIONS_WITHOUT_REVIEWED_EXCLUSION_OR_PRECEDENCE"",""UNRESOLVED_COMPETING_CONTEXT""],""representation_match"":true,""rule_version"":""same_sec_parent_timestamp_representation_v1"",""same_parent"":true,""stored_evidence_hash"":""7635ec6128e1aaa7b72564e3092123e2478593dca6a2f001060caf5570d9f1a7"",""stored_timestamp"":""2024-11-07T21:18:16Z"",""utc_date_boundary"":true},{""accession"":""0001564708-25-000086"",""classification"":""TIMESTAMP_PLUS_INDEPENDENT_AMBIGUITY"",""current_evidence_hash"":""336a3387174fca4f98e3a037760639d16680ca73e2720fed59b0cfcb1919daf2"",""current_timestamp"":""2025-02-15T02:14:56Z"",""eligibility_changed"":false,""equivalent"":false,""new_york_date_boundary"":false,""offset_seconds"":18000.0,""reasons"":[""DISTINCT_PARENT_ACCESSIONS_WITHOUT_REVIEWED_EXCLUSION_OR_PRECEDENCE"",""UNRESOLVED_COMPETING_CONTEXT""],""representation_match"":true,""rule_version"":""same_sec_parent_timestamp_representation_v1"",""same_parent"":true,""stored_evidence_hash"":""f88b8fe5f274535f82efd8a9423574ab7dab5ac9f7f2fe3ffc3b1f5c71881e1d"",""stored_timestamp"":""2025-02-14T21:14:56Z"",""utc_date_boundary"":true}]"
1609,2025,Q1,57275,NXXT,TIMESTAMP_PLUS_INDEPENDENT_AMBIGUITY,2,True,True,False,False,DISTINCT_PARENT_ACCESSIONS_WITHOUT_REVIEWED_EXCLUSION_OR_PRECEDENCE;UNRESOLVED_COMPETING_CONTEXT,AMBIGUOUS,REVIEW,LEGACY_AMBIGUITY,"[{""accession"":""0001641172-25-003555"",""classification"":""TIMESTAMP_PLUS_INDEPENDENT_AMBIGUITY"",""current_evidence_hash"":""0c1875f45e19906c9cec96dcb76d66e7b24254f8831821b5d8f3154910528c08"",""current_timestamp"":""2025-04-10T21:30:08Z"",""eligibility_changed"":false,""equivalent"":false,""new_york_date_boundary"":false,""offset_seconds"":14400.0,""reasons"":[""DISTINCT_PARENT_ACCESSIONS_WITHOUT_REVIEWED_EXCLUSION_OR_PRECEDENCE"",""UNRESOLVED_COMPETING_CONTEXT""],""representation_match"":true,""rule_version"":""same_sec_parent_timestamp_representation_v1"",""same_parent"":true,""stored_evidence_hash"":""b43b7f2cda23c39fd25385a0b17b4d438249d2c4dd5e20427d47574fa28568bd"",""stored_timestamp"":""2025-04-10T17:30:08Z"",""utc_date_boundary"":false},{""accession"":""0001641172-25-011911"",""classification"":""TIMESTAMP_PLUS_INDEPENDENT_AMBIGUITY"",""current_evidence_hash"":""c6806caa10b9afed0bf61788740e4d9d69111b20b89b9f66b4ae75543a9bbede"",""current_timestamp"":""2025-05-22T00:05:19Z"",""eligibility_changed"":false,""equivalent"":false,""new_york_date_boundary"":false,""offset_seconds"":14400.0,""reasons"":[""DISTINCT_PARENT_ACCESSIONS_WITHOUT_REVIEWED_EXCLUSION_OR_PRECEDENCE"",""UNRESOLVED_COMPETING_CONTEXT""],""representation_match"":true,""rule_version"":""same_sec_parent_timestamp_representation_v1"",""same_parent"":true,""stored_evidence_hash"":""0a04a2cd08edbdfa43de52182f01da2c1454e0411174b218317cccd3efe4f845"",""stored_timestamp"":""2025-05-21T20:05:19Z"",""utc_date_boundary"":true}]"
1616,2026,Q1,57529,OCGN,TIMESTAMP_PLUS_INDEPENDENT_AMBIGUITY,3,True,True,False,False,DISTINCT_PARENT_ACCESSIONS_WITHOUT_REVIEWED_EXCLUSION_OR_PRECEDENCE;UNRESOLVED_COMPETING_CONTEXT,AMBIGUOUS,REVIEW,LEGACY_AMBIGUITY,"[{""accession"":""0001104659-26-054866"",""classification"":""TIMESTAMP_PLUS_INDEPENDENT_AMBIGUITY"",""current_evidence_hash"":""85a87991d6f2c731c24ace47bfe06a90ab8953642c298d409a31f4b095383668"",""current_timestamp"":""2026-05-05T00:03:53Z"",""eligibility_changed"":false,""equivalent"":false,""new_york_date_boundary"":false,""offset_seconds"":14400.0,""reasons"":[""DISTINCT_PARENT_ACCESSIONS_WITHOUT_REVIEWED_EXCLUSION_OR_PRECEDENCE"",""UNRESOLVED_COMPETING_CONTEXT""],""representation_match"":true,""rule_version"":""same_sec_parent_timestamp_representation_v1"",""same_parent"":true,""stored_evidence_hash"":""78686ad51984030a1501cd2ec7bdf31cb21316422b7d56bb220b3b16417bc11e"",""stored_timestamp"":""2026-05-04T20:03:53Z"",""utc_date_boundary"":true},{""accession"":""0001104659-26-055411"",""classification"":""TIMESTAMP_PLUS_INDEPENDENT_AMBIGUITY"",""current_evidence_hash"":""14dcc51cb228edcca49b2116527b5d62e3e62acdc0ef483d459e6db79fb8a063"",""current_timestamp"":""2026-05-05T19:37:19Z"",""eligibility_changed"":false,""equivalent"":false,""new_york_date_boundary"":false,""offset_seconds"":14400.0,""reasons"":[""DISTINCT_PARENT_ACCESSIONS_WITHOUT_REVIEWED_EXCLUSION_OR_PRECEDENCE"",""UNRESOLVED_COMPETING_CONTEXT""],""representation_match"":true,""rule_version"":""same_sec_parent_timestamp_representation_v1"",""same_parent"":true,""stored_evidence_hash"":""7a6208b4240e5ff54c6c2a42c0ddda4313fb68fb1b12baab50f165d3af1c453b"",""stored_timestamp"":""2026-05-05T15:37:19Z"",""utc_date_boundary"":false},{""accession"":""0001104659-26-057138"",""classification"":""TIMESTAMP_PLUS_INDEPENDENT_AMBIGUITY"",""current_evidence_hash"":""421169e603461a4c106abde432546c59548e190bdb55e356bd62bc8ac4c3b95f"",""current_timestamp"":""2026-05-08T00:12:58Z"",""eligibility_changed"":false,""equivalent"":false,""new_york_date_boundary"":false,""offset_seconds"":14400.0,""reasons"":[""DISTINCT_PARENT_ACCESSIONS_WITHOUT_REVIEWED_EXCLUSION_OR_PRECEDENCE"",""UNRESOLVED_COMPETING_CONTEXT""],""representation_match"":true,""rule_version"":""same_sec_parent_timestamp_representation_v1"",""same_parent"":true,""stored_evidence_hash"":""30c8204b2f347ab277b64d05557ed36c96f7047f54e2735bb52d30bf58e1610f"",""stored_timestamp"":""2026-05-07T20:12:58Z"",""utc_date_boundary"":true}]"
1620,2026,Q1,57693,OFIX,TIMESTAMP_PLUS_INDEPENDENT_AMBIGUITY,2,True,False,False,False,DISTINCT_PARENT_ACCESSIONS_WITHOUT_REVIEWED_EXCLUSION_OR_PRECEDENCE;UNRESOLVED_COMPETING_CONTEXT,AMBIGUOUS,REVIEW,LEGACY_AMBIGUITY,"[{""accession"":""0001193125-26-148853"",""classification"":""TIMESTAMP_PLUS_INDEPENDENT_AMBIGUITY"",""current_evidence_hash"":""3e46c41577b78044a11c61decc3896ced93c25e458f90793fd76fba8f9d30ce7"",""current_timestamp"":""2026-04-09T15:02:00Z"",""eligibility_changed"":false,""equivalent"":false,""new_york_date_boundary"":false,""offset_seconds"":14400.0,""reasons"":[""DISTINCT_PARENT_ACCESSIONS_WITHOUT_REVIEWED_EXCLUSION_OR_PRECEDENCE"",""UNRESOLVED_COMPETING_CONTEXT""],""representation_match"":true,""rule_version"":""same_sec_parent_timestamp_representation_v1"",""same_parent"":true,""stored_evidence_hash"":""fff9aa26f2630ca3996888424b5023da1f222d81f3fab191a1fecd74be451c02"",""stored_timestamp"":""2026-04-09T11:02:00Z"",""utc_date_boundary"":false},{""accession"":""0001193125-26-204999"",""classification"":""TIMESTAMP_PLUS_INDEPENDENT_AMBIGUITY"",""current_evidence_hash"":""8d0b563fccac1e19152d9e55026052f28a69d5cc191d5687c9813389d217c7b7"",""current_timestamp"":""2026-05-05T15:02:16Z"",""eligibility_changed"":false,""equivalent"":false,""new_york_date_boundary"":false,""offset_seconds"":14400.0,""reasons"":[""DISTINCT_PARENT_ACCESSIONS_WITHOUT_REVIEWED_EXCLUSION_OR_PRECEDENCE"",""UNRESOLVED_COMPETING_CONTEXT""],""representation_match"":true,""rule_version"":""same_sec_parent_timestamp_representation_v1"",""same_parent"":true,""stored_evidence_hash"":""91aa53ee42b1b29da0c171d170c721bb45e7ed58885f223df6620956f0fb2637"",""stored_timestamp"":""2026-05-05T11:02:16Z"",""utc_date_boundary"":false}]"
1651,2025,Q4,58803,OPCH,TIMESTAMP_PLUS_INDEPENDENT_AMBIGUITY,2,True,True,False,False,DISTINCT_PARENT_ACCESSIONS_WITHOUT_REVIEWED_EXCLUSION_OR_PRECEDENCE;UNRESOLVED_COMPETING_CONTEXT,AMBIGUOUS,REVIEW,LEGACY_AMBIGUITY,"[{""accession"":""0001014739-26-000005"",""classification"":""TIMESTAMP_PLUS_INDEPENDENT_AMBIGUITY"",""current_evidence_hash"":""ce0552d30134755bfe87ad8708e349bf362c0ff7a8e94eaff57f156b71055773"",""current_timestamp"":""2026-02-24T16:55:35Z"",""eligibility_changed"":false,""equivalent"":false,""new_york_date_boundary"":false,""offset_seconds"":18000.0,""reasons"":[""DISTINCT_PARENT_ACCESSIONS_WITHOUT_REVIEWED_EXCLUSION_OR_PRECEDENCE"",""UNRESOLVED_COMPETING_CONTEXT""],""representation_match"":true,""rule_version"":""same_sec_parent_timestamp_representation_v1"",""same_parent"":true,""stored_evidence_hash"":""cde0121a6279ff39c47c31350287cf674d2c1f64dbc60fd1a060741f95dba1af"",""stored_timestamp"":""2026-02-24T11:55:35Z"",""utc_date_boundary"":false},{""accession"":""0001104659-26-002887"",""classification"":""TIMESTAMP_PLUS_INDEPENDENT_AMBIGUITY"",""current_evidence_hash"":""48f60a4b4d0d25a8e4d0e0f090e6ebc43098e05b05b65a6b1d48a40f19d7d1cd"",""current_timestamp"":""2026-01-13T02:31:31Z"",""eligibility_changed"":false,""equivalent"":false,""new_york_date_boundary"":false,""offset_seconds"":18000.0,""reasons"":[""DISTINCT_PARENT_ACCESSIONS_WITHOUT_REVIEWED_EXCLUSION_OR_PRECEDENCE"",""UNRESOLVED_COMPETING_CONTEXT""],""representation_match"":true,""rule_version"":""same_sec_parent_timestamp_representation_v1"",""same_parent"":true,""stored_evidence_hash"":""4b58e3a66aac81ea5ad5a0441921d724d49ee664a075658909346304614f3198"",""stored_timestamp"":""2026-01-12T21:31:31Z"",""utc_date_boundary"":true}]"
1680,2025,Q1,59871,PACB,TIMESTAMP_PLUS_INDEPENDENT_AMBIGUITY,2,True,True,False,False,DISTINCT_PARENT_ACCESSIONS_WITHOUT_REVIEWED_EXCLUSION_OR_PRECEDENCE;UNRESOLVED_COMPETING_CONTEXT,AMBIGUOUS,REVIEW,LEGACY_AMBIGUITY,"[{""accession"":""0001299130-25-000083"",""classification"":""TIMESTAMP_PLUS_INDEPENDENT_AMBIGUITY"",""current_evidence_hash"":""59ceb9092ae752790246a2edf7388d4291fc1055c41758f889a594a020d3f5d8"",""current_timestamp"":""2025-04-09T17:08:37Z"",""eligibility_changed"":false,""equivalent"":false,""new_york_date_boundary"":false,""offset_seconds"":14400.0,""reasons"":[""DISTINCT_PARENT_ACCESSIONS_WITHOUT_REVIEWED_EXCLUSION_OR_PRECEDENCE"",""UNRESOLVED_COMPETING_CONTEXT""],""representation_match"":true,""rule_version"":""same_sec_parent_timestamp_representation_v1"",""same_parent"":true,""stored_evidence_hash"":""c49a31c1aabd07f1a4450e14e499d5ab5bb6c822568dc3655fac888ad7b8c100"",""stored_timestamp"":""2025-04-09T13:08:37Z"",""utc_date_boundary"":false},{""accession"":""0001299130-25-000099"",""classification"":""TIMESTAMP_PLUS_INDEPENDENT_AMBIGUITY"",""current_evidence_hash"":""357b53bf7c00d854111459c67adf6225899ec4fa1b04c9520b4e81b0c7fb5497"",""current_timestamp"":""2025-05-09T00:19:09Z"",""eligibility_changed"":false,""equivalent"":false,""new_york_date_boundary"":false,""offset_seconds"":14400.0,""reasons"":[""DISTINCT_PARENT_ACCESSIONS_WITHOUT_REVIEWED_EXCLUSION_OR_PRECEDENCE"",""UNRESOLVED_COMPETING_CONTEXT""],""representation_match"":true,""rule_version"":""same_sec_parent_timestamp_representation_v1"",""same_parent"":true,""stored_evidence_hash"":""74d8050012fd3f88bb9b0b21a127facf55f814ef2814a324047382b1aa5f39c8"",""stored_timestamp"":""2025-05-08T20:19:09Z"",""utc_date_boundary"":true}]"
1680,2025,Q4,59874,PACB,TIMESTAMP_PLUS_INDEPENDENT_AMBIGUITY,2,True,True,False,False,DISTINCT_PARENT_ACCESSIONS_WITHOUT_REVIEWED_EXCLUSION_OR_PRECEDENCE;UNRESOLVED_COMPETING_CONTEXT,AMBIGUOUS,REVIEW,LEGACY_AMBIGUITY,"[{""accession"":""0001299130-26-000005"",""classification"":""TIMESTAMP_PLUS_INDEPENDENT_AMBIGUITY"",""current_evidence_hash"":""eed8db7b33bfc4b1246941a107a05e0083995e0333fd67131f25a7718e979a9c"",""current_timestamp"":""2026-01-12T19:07:28Z"",""eligibility_changed"":false,""equivalent"":false,""new_york_date_boundary"":false,""offset_seconds"":18000.0,""reasons"":[""DISTINCT_PARENT_ACCESSIONS_WITHOUT_REVIEWED_EXCLUSION_OR_PRECEDENCE"",""UNRESOLVED_COMPETING_CONTEXT""],""representation_match"":true,""rule_version"":""same_sec_parent_timestamp_representation_v1"",""same_parent"":true,""stored_evidence_hash"":""9013cc11978aa77ed886408a7602011800ad743fec43fa9509eb0718c607c9a4"",""stored_timestamp"":""2026-01-12T14:07:28Z"",""utc_date_boundary"":false},{""accession"":""0001299130-26-000017"",""classification"":""TIMESTAMP_PLUS_INDEPENDENT_AMBIGUITY"",""current_evidence_hash"":""3a82c2c7052e97a8d880a3de40046ff18e99c9a5be1d95d837d7b1a3ad2a3799"",""current_timestamp"":""2026-02-13T02:10:44Z"",""eligibility_changed"":false,""equivalent"":false,""new_york_date_boundary"":false,""offset_seconds"":18000.0,""reasons"":[""DISTINCT_PARENT_ACCESSIONS_WITHOUT_REVIEWED_EXCLUSION_OR_PRECEDENCE"",""UNRESOLVED_COMPETING_CONTEXT""],""representation_match"":true,""rule_version"":""same_sec_parent_timestamp_representation_v1"",""same_parent"":true,""stored_evidence_hash"":""1145e41cb1dae9875a40bcee305bc67ecc4e11d9bc422efb61d18268588b8b95"",""stored_timestamp"":""2026-02-12T21:10:44Z"",""utc_date_boundary"":true}]"
1704,2025,Q4,60751,PCRX,TIMESTAMP_PLUS_INDEPENDENT_AMBIGUITY,2,True,True,False,False,DISTINCT_PARENT_ACCESSIONS_WITHOUT_REVIEWED_EXCLUSION_OR_PRECEDENCE;UNRESOLVED_COMPETING_CONTEXT,AMBIGUOUS,REVIEW,LEGACY_AMBIGUITY,"[{""accession"":""0001628280-26-001335"",""classification"":""TIMESTAMP_PLUS_INDEPENDENT_AMBIGUITY"",""current_evidence_hash"":""160716f666b5e4f812efb9889401f9c8c79da76c4e504b09ab5e90a11fb7b736"",""current_timestamp"":""2026-01-09T02:02:31Z"",""eligibility_changed"":false,""equivalent"":false,""new_york_date_boundary"":false,""offset_seconds"":18000.0,""reasons"":[""DISTINCT_PARENT_ACCESSIONS_WITHOUT_REVIEWED_EXCLUSION_OR_PRECEDENCE"",""UNRESOLVED_COMPETING_CONTEXT""],""representation_match"":true,""rule_version"":""same_sec_parent_timestamp_representation_v1"",""same_parent"":true,""stored_evidence_hash"":""f0f957dc6fbdb3a837f6fe964a08cc4c26da7816af143bdc10cba543f0322883"",""stored_timestamp"":""2026-01-08T21:02:31Z"",""utc_date_boundary"":true},{""accession"":""0001628280-26-012238"",""classification"":""TIMESTAMP_PLUS_INDEPENDENT_AMBIGUITY"",""current_evidence_hash"":""34f4277e81ecf355fcd532384364ebd1eda7d9098f9df3a65aa6a09ed8f61b93"",""current_timestamp"":""2026-02-27T02:02:35Z"",""eligibility_changed"":false,""equivalent"":false,""new_york_date_boundary"":false,""offset_seconds"":18000.0,""reasons"":[""DISTINCT_PARENT_ACCESSIONS_WITHOUT_REVIEWED_EXCLUSION_OR_PRECEDENCE"",""UNRESOLVED_COMPETING_CONTEXT""],""representation_match"":true,""rule_version"":""same_sec_parent_timestamp_representation_v1"",""same_parent"":true,""stored_evidence_hash"":""46b18379c6c1309c8429616e631d84e3f0686a3f979be16119ca2177aae5563c"",""stored_timestamp"":""2026-02-26T21:02:35Z"",""utc_date_boundary"":true}]"
1712,2025,Q4,61024,PDYN,TIMESTAMP_PLUS_INDEPENDENT_AMBIGUITY,2,True,False,False,False,DISTINCT_PARENT_ACCESSIONS_WITHOUT_REVIEWED_EXCLUSION_OR_PRECEDENCE;UNRESOLVED_COMPETING_CONTEXT,AMBIGUOUS,REVIEW,LEGACY_AMBIGUITY,"[{""accession"":""0001193125-26-011108"",""classification"":""TIMESTAMP_PLUS_INDEPENDENT_AMBIGUITY"",""current_evidence_hash"":""2fd7a271abdcb5f85708caecf345d4fca98997ef21f8db1de1edd4e8d82dc48f"",""current_timestamp"":""2026-01-13T17:11:08Z"",""eligibility_changed"":false,""equivalent"":false,""new_york_date_boundary"":false,""offset_seconds"":18000.0,""reasons"":[""DISTINCT_PARENT_ACCESSIONS_WITHOUT_REVIEWED_EXCLUSION_OR_PRECEDENCE"",""UNRESOLVED_COMPETING_CONTEXT""],""representation_match"":true,""rule_version"":""same_sec_parent_timestamp_representation_v1"",""same_parent"":true,""stored_evidence_hash"":""d0a3f8953393b830bced03c029d7ace3cd6b2c3fb11ded5b276b26683a6ce058"",""stored_timestamp"":""2026-01-13T12:11:08Z"",""utc_date_boundary"":false},{""accession"":""0001193125-26-092435"",""classification"":""TIMESTAMP_PLUS_INDEPENDENT_AMBIGUITY"",""current_evidence_hash"":""79e9b82dac02bb793944d789ef52a9cf238b030891e4e8cb4cd47886c5b55ecf"",""current_timestamp"":""2026-03-05T16:10:10Z"",""eligibility_changed"":false,""equivalent"":false,""new_york_date_boundary"":false,""offset_seconds"":18000.0,""reasons"":[""DISTINCT_PARENT_ACCESSIONS_WITHOUT_REVIEWED_EXCLUSION_OR_PRECEDENCE"",""UNRESOLVED_COMPETING_CONTEXT""],""representation_match"":true,""rule_version"":""same_sec_parent_timestamp_representation_v1"",""same_parent"":true,""stored_evidence_hash"":""2fbccbaf4a9f047813a8e94dc8f03aabbccb4c80ba0734b9a221293d66cd4142"",""stored_timestamp"":""2026-03-05T11:10:10Z"",""utc_date_boundary"":false}]"
1730,2025,Q2,61674,PGY,TIMESTAMP_PLUS_INDEPENDENT_AMBIGUITY,2,True,False,False,False,DISTINCT_PARENT_ACCESSIONS_WITHOUT_REVIEWED_EXCLUSION_OR_PRECEDENCE;UNRESOLVED_COMPETING_CONTEXT,AMBIGUOUS,REVIEW,LEGACY_AMBIGUITY,"[{""accession"":""0001883085-25-000140"",""classification"":""TIMESTAMP_PLUS_INDEPENDENT_AMBIGUITY"",""current_evidence_hash"":""2d0af43b872144aa30e7b6dd7fb308836123bfe21dd0477fe2972be0a6f6ac8c"",""current_timestamp"":""2025-07-17T16:31:43Z"",""eligibility_changed"":false,""equivalent"":false,""new_york_date_boundary"":false,""offset_seconds"":14400.0,""reasons"":[""DISTINCT_PARENT_ACCESSIONS_WITHOUT_REVIEWED_EXCLUSION_OR_PRECEDENCE"",""UNRESOLVED_COMPETING_CONTEXT""],""representation_match"":true,""rule_version"":""same_sec_parent_timestamp_representation_v1"",""same_parent"":true,""stored_evidence_hash"":""b91e98233eec4748e013e3cba8f5dde61e4abe0d6cc11053983d63e928df41ae"",""stored_timestamp"":""2025-07-17T12:31:43Z"",""utc_date_boundary"":false},{""accession"":""0001883085-25-000166"",""classification"":""TIMESTAMP_PLUS_INDEPENDENT_AMBIGUITY"",""current_evidence_hash"":""f6d0ad9dd9214367cb6ea42aaa5b7fce049f12f332345a3e69107a77c57f9570"",""current_timestamp"":""2025-08-07T15:00:31Z"",""eligibility_changed"":false,""equivalent"":false,""new_york_date_boundary"":false,""offset_seconds"":14400.0,""reasons"":[""DISTINCT_PARENT_ACCESSIONS_WITHOUT_REVIEWED_EXCLUSION_OR_PRECEDENCE"",""UNRESOLVED_COMPETING_CONTEXT""],""representation_match"":true,""rule_version"":""same_sec_parent_timestamp_representation_v1"",""same_parent"":true,""stored_evidence_hash"":""8a39ebf824165542ff0e1c3d6366a814b52a052aa4477dad9df8a1297983fea8"",""stored_timestamp"":""2025-08-07T11:00:31Z"",""utc_date_boundary"":false}]"
1732,2025,Q4,61746,PHAT,TIMESTAMP_PLUS_INDEPENDENT_AMBIGUITY,2,True,True,False,False,DISTINCT_PARENT_ACCESSIONS_WITHOUT_REVIEWED_EXCLUSION_OR_PRECEDENCE;UNRESOLVED_COMPETING_CONTEXT,AMBIGUOUS,REVIEW,LEGACY_AMBIGUITY,"[{""accession"":""0001193125-26-006266"",""classification"":""TIMESTAMP_PLUS_INDEPENDENT_AMBIGUITY"",""current_evidence_hash"":""54ed7e4f10521689c5fe8dd6e3826723897fe20f4f4922a68ffe2965b37d00a0"",""current_timestamp"":""2026-01-08T02:02:28Z"",""eligibility_changed"":false,""equivalent"":false,""new_york_date_boundary"":false,""offset_seconds"":18000.0,""reasons"":[""DISTINCT_PARENT_ACCESSIONS_WITHOUT_REVIEWED_EXCLUSION_OR_PRECEDENCE"",""UNRESOLVED_COMPETING_CONTEXT""],""representation_match"":true,""rule_version"":""same_sec_parent_timestamp_representation_v1"",""same_parent"":true,""stored_evidence_hash"":""81a1a3ef986a603676f30de7b231473f046cc9619d3a11d38e78ec10ee256eaa"",""stored_timestamp"":""2026-01-07T21:02:28Z"",""utc_date_boundary"":true},{""accession"":""0001193125-26-073377"",""classification"":""TIMESTAMP_PLUS_INDEPENDENT_AMBIGUITY"",""current_evidence_hash"":""4f622dde39d47e13dc65bb582b4f2a4cd39c48fb05577456b94f6b1626ab17f4"",""current_timestamp"":""2026-02-26T17:05:13Z"",""eligibility_changed"":false,""equivalent"":false,""new_york_date_boundary"":false,""offset_seconds"":18000.0,""reasons"":[""DISTINCT_PARENT_ACCESSIONS_WITHOUT_REVIEWED_EXCLUSION_OR_PRECEDENCE"",""UNRESOLVED_COMPETING_CONTEXT""],""representation_match"":true,""rule_version"":""same_sec_parent_timestamp_representation_v1"",""same_parent"":true,""stored_evidence_hash"":""9814c924e27c29d91beddf1562d88f50eb1f438944ba8f965d1045354cf4ccef"",""stored_timestamp"":""2026-02-26T12:05:13Z"",""utc_date_boundary"":false}]"
1747,2025,Q4,62278,PLCE,TIMESTAMP_PLUS_INDEPENDENT_AMBIGUITY,2,False,True,False,False,DISTINCT_PARENT_ACCESSIONS_WITHOUT_REVIEWED_EXCLUSION_OR_PRECEDENCE,AMBIGUOUS,REVIEW,LEGACY_AMBIGUITY,"[{""accession"":""0001104659-25-034246"",""classification"":""TIMESTAMP_PLUS_INDEPENDENT_AMBIGUITY"",""current_evidence_hash"":""94360be72d7fbbc872f26e5e6ebbcaddc0376c83a290a4de9ed64df5a1460ca6"",""current_timestamp"":""2025-04-12T00:32:34Z"",""eligibility_changed"":false,""equivalent"":false,""new_york_date_boundary"":false,""offset_seconds"":14400.0,""reasons"":[""DISTINCT_PARENT_ACCESSIONS_WITHOUT_REVIEWED_EXCLUSION_OR_PRECEDENCE""],""representation_match"":true,""rule_version"":""same_sec_parent_timestamp_representation_v1"",""same_parent"":true,""stored_evidence_hash"":""274bb83e4fbc27d04cee68cc22702ebfdedd25ae4af0d0effd7f12a1b2f8bc0c"",""stored_timestamp"":""2025-04-11T20:32:34Z"",""utc_date_boundary"":true},{""accession"":""0001104659-25-057362"",""classification"":""TIMESTAMP_PLUS_INDEPENDENT_AMBIGUITY"",""current_evidence_hash"":""8a5a2da3d4ed7535f25d1a432ed13209553b06be006c1470f6ad576fbd808721"",""current_timestamp"":""2025-06-07T00:30:17Z"",""eligibility_changed"":false,""equivalent"":false,""new_york_date_boundary"":false,""offset_seconds"":14400.0,""reasons"":[""DISTINCT_PARENT_ACCESSIONS_WITHOUT_REVIEWED_EXCLUSION_OR_PRECEDENCE""],""representation_match"":true,""rule_version"":""same_sec_parent_timestamp_representation_v1"",""same_parent"":true,""stored_evidence_hash"":""d87751f3565ee198a5b1cce98a4d458b51eec180adbcb3ccfbf6a8b412a86c4f"",""stored_timestamp"":""2025-06-06T20:30:17Z"",""utc_date_boundary"":true}]"
1780,2025,Q2,63479,PRCT,TIMESTAMP_PLUS_INDEPENDENT_AMBIGUITY,2,True,True,False,False,DISTINCT_PARENT_ACCESSIONS_WITHOUT_REVIEWED_EXCLUSION_OR_PRECEDENCE;UNRESOLVED_COMPETING_CONTEXT,AMBIGUOUS,REVIEW,LEGACY_AMBIGUITY,"[{""accession"":""0001588978-25-000041"",""classification"":""TIMESTAMP_PLUS_INDEPENDENT_AMBIGUITY"",""current_evidence_hash"":""a1a98d81b577b3fb9e45ae8fbe28132dd44dbccbbcf8b11b56ad1fd0313b235a"",""current_timestamp"":""2025-08-07T00:09:18Z"",""eligibility_changed"":false,""equivalent"":false,""new_york_date_boundary"":false,""offset_seconds"":14400.0,""reasons"":[""DISTINCT_PARENT_ACCESSIONS_WITHOUT_REVIEWED_EXCLUSION_OR_PRECEDENCE"",""UNRESOLVED_COMPETING_CONTEXT""],""representation_match"":true,""rule_version"":""same_sec_parent_timestamp_representation_v1"",""same_parent"":true,""stored_evidence_hash"":""d7742e2f3fe96dfde537634c9705591dc54d9fbddcd833390c03194335b68a0c"",""stored_timestamp"":""2025-08-06T20:09:18Z"",""utc_date_boundary"":true},{""accession"":""0001628280-25-035979"",""classification"":""TIMESTAMP_PLUS_INDEPENDENT_AMBIGUITY"",""current_evidence_hash"":""9e94c7532655ff6c3334930231791ddbf3c00008c5d2b9efafbbb9276303142d"",""current_timestamp"":""2025-07-25T02:42:16Z"",""eligibility_changed"":false,""equivalent"":false,""new_york_date_boundary"":false,""offset_seconds"":14400.0,""reasons"":[""DISTINCT_PARENT_ACCESSIONS_WITHOUT_REVIEWED_EXCLUSION_OR_PRECEDENCE"",""UNRESOLVED_COMPETING_CONTEXT""],""representation_match"":true,""rule_version"":""same_sec_parent_timestamp_representation_v1"",""same_parent"":true,""stored_evidence_hash"":""3c4fd7dbd56a088a82d09036ae31399687060a7b92ab769d353ce5c2d1269b9b"",""stored_timestamp"":""2025-07-24T22:42:16Z"",""utc_date_boundary"":true}]"
1796,2026,Q1,64021,PRSO,TIMESTAMP_PLUS_INDEPENDENT_AMBIGUITY,2,True,True,False,False,DISTINCT_PARENT_ACCESSIONS_WITHOUT_REVIEWED_EXCLUSION_OR_PRECEDENCE;UNRESOLVED_COMPETING_CONTEXT,AMBIGUOUS,REVIEW,LEGACY_AMBIGUITY,"[{""accession"":""0001213900-26-042525"",""classification"":""TIMESTAMP_PLUS_INDEPENDENT_AMBIGUITY"",""current_evidence_hash"":""20e3871947a1b0b63752bff1f0f071f4110accb8c3829bf32bd9385abd8455f2"",""current_timestamp"":""2026-04-11T00:31:35Z"",""eligibility_changed"":false,""equivalent"":false,""new_york_date_boundary"":false,""offset_seconds"":14400.0,""reasons"":[""DISTINCT_PARENT_ACCESSIONS_WITHOUT_REVIEWED_EXCLUSION_OR_PRECEDENCE"",""UNRESOLVED_COMPETING_CONTEXT""],""representation_match"":true,""rule_version"":""same_sec_parent_timestamp_representation_v1"",""same_parent"":true,""stored_evidence_hash"":""d697f06a3dec891809008332759b0ded9ce797fb20763bb146e0e2204f336523"",""stored_timestamp"":""2026-04-10T20:31:35Z"",""utc_date_boundary"":true},{""accession"":""0001654954-26-004670"",""classification"":""TIMESTAMP_PLUS_INDEPENDENT_AMBIGUITY"",""current_evidence_hash"":""c01d1d2a719a927ce8513fd08758a4e879a89d0812b7348549ea9850bbe65e79"",""current_timestamp"":""2026-05-12T00:26:07Z"",""eligibility_changed"":false,""equivalent"":false,""new_york_date_boundary"":false,""offset_seconds"":14400.0,""reasons"":[""DISTINCT_PARENT_ACCESSIONS_WITHOUT_REVIEWED_EXCLUSION_OR_PRECEDENCE"",""UNRESOLVED_COMPETING_CONTEXT""],""representation_match"":true,""rule_version"":""same_sec_parent_timestamp_representation_v1"",""same_parent"":true,""stored_evidence_hash"":""f5de3d33f093d327c0a44ad8d6d0012aa8456fc2584d2a40b11e530c8056ab24"",""stored_timestamp"":""2026-05-11T20:26:07Z"",""utc_date_boundary"":true}]"
1806,2025,Q4,64379,PSNL,TIMESTAMP_PLUS_INDEPENDENT_AMBIGUITY,2,True,True,False,False,DISTINCT_PARENT_ACCESSIONS_WITHOUT_REVIEWED_EXCLUSION_OR_PRECEDENCE;UNRESOLVED_COMPETING_CONTEXT,AMBIGUOUS,REVIEW,LEGACY_AMBIGUITY,"[{""accession"":""0001193125-26-007037"",""classification"":""TIMESTAMP_PLUS_INDEPENDENT_AMBIGUITY"",""current_evidence_hash"":""83f743bb257779c6dfd28e7af8eafcf47cbb3bde382873dc2c059e29cce902b9"",""current_timestamp"":""2026-01-08T18:05:26Z"",""eligibility_changed"":false,""equivalent"":false,""new_york_date_boundary"":false,""offset_seconds"":18000.0,""reasons"":[""DISTINCT_PARENT_ACCESSIONS_WITHOUT_REVIEWED_EXCLUSION_OR_PRECEDENCE"",""UNRESOLVED_COMPETING_CONTEXT""],""representation_match"":true,""rule_version"":""same_sec_parent_timestamp_representation_v1"",""same_parent"":true,""stored_evidence_hash"":""0a199b801b7d3d79be685e458daa1350e12f46b49e6329e3130aa00e76b7f263"",""stored_timestamp"":""2026-01-08T13:05:26Z"",""utc_date_boundary"":false},{""accession"":""0001193125-26-076553"",""classification"":""TIMESTAMP_PLUS_INDEPENDENT_AMBIGUITY"",""current_evidence_hash"":""fa97238a2e011956b0a98078a74aada28c12e1de0338f0be877b9cb0b46391a2"",""current_timestamp"":""2026-02-27T02:05:35Z"",""eligibility_changed"":false,""equivalent"":false,""new_york_date_boundary"":false,""offset_seconds"":18000.0,""reasons"":[""DISTINCT_PARENT_ACCESSIONS_WITHOUT_REVIEWED_EXCLUSION_OR_PRECEDENCE"",""UNRESOLVED_COMPETING_CONTEXT""],""representation_match"":true,""rule_version"":""same_sec_parent_timestamp_representation_v1"",""same_parent"":true,""stored_evidence_hash"":""5fc31ba2cef949f51fefc677b2c021f597a7772b0576cca009a5614b099910a9"",""stored_timestamp"":""2026-02-26T21:05:35Z"",""utc_date_boundary"":true}]"
1806,2026,Q2,64381,PSNL,TIMESTAMP_PLUS_INDEPENDENT_AMBIGUITY,2,False,True,False,False,DISTINCT_PARENT_ACCESSIONS_WITHOUT_REVIEWED_EXCLUSION_OR_PRECEDENCE,AMBIGUOUS,REVIEW,LEGACY_AMBIGUITY,"[{""accession"":""0001193125-26-308488"",""classification"":""TIMESTAMP_PLUS_INDEPENDENT_AMBIGUITY"",""current_evidence_hash"":""74de7bb37c35fb549646471233a38c2768c5358771d2b6f67e4017141436c041"",""current_timestamp"":""2026-07-20T17:18:31Z"",""eligibility_changed"":false,""equivalent"":false,""new_york_date_boundary"":false,""offset_seconds"":14400.0,""reasons"":[""DISTINCT_PARENT_ACCESSIONS_WITHOUT_REVIEWED_EXCLUSION_OR_PRECEDENCE""],""representation_match"":true,""rule_version"":""same_sec_parent_timestamp_representation_v1"",""same_parent"":true,""stored_evidence_hash"":""2e70407e695e24871e48681b3a65c2987190410881b2279e774ebc3c6bc3c334"",""stored_timestamp"":""2026-07-20T13:18:31Z"",""utc_date_boundary"":false},{""accession"":""0001193125-26-332748"",""classification"":""TIMESTAMP_PLUS_INDEPENDENT_AMBIGUITY"",""current_evidence_hash"":""d397565b47bf0f8e214f0120a8be427c89ae41d88901ebfd0dba486c17587f3c"",""current_timestamp"":""2026-08-05T00:04:05Z"",""eligibility_changed"":false,""equivalent"":false,""new_york_date_boundary"":false,""offset_seconds"":14400.0,""reasons"":[""DISTINCT_PARENT_ACCESSIONS_WITHOUT_REVIEWED_EXCLUSION_OR_PRECEDENCE""],""representation_match"":true,""rule_version"":""same_sec_parent_timestamp_representation_v1"",""same_parent"":true,""stored_evidence_hash"":""0be3f1d6553b14be49c2152538e807153e27ff808d40eb0e22b99a59d2c82e5e"",""stored_timestamp"":""2026-08-04T20:04:05Z"",""utc_date_boundary"":true}]"
1807,2025,Q4,64401,PSQH,TIMESTAMP_PLUS_INDEPENDENT_AMBIGUITY,3,True,True,False,False,DISTINCT_PARENT_ACCESSIONS_WITHOUT_REVIEWED_EXCLUSION_OR_PRECEDENCE;UNRESOLVED_COMPETING_CONTEXT,AMBIGUOUS,REVIEW,LEGACY_AMBIGUITY,"[{""accession"":""0001104659-26-001573"",""classification"":""TIMESTAMP_PLUS_INDEPENDENT_AMBIGUITY"",""current_evidence_hash"":""c0f7f11c084fba9724e6a40a55e57e1b16391eb88e7afb5e3f4bd9e8c35b9249"",""current_timestamp"":""2026-01-07T16:30:39Z"",""eligibility_changed"":false,""equivalent"":false,""new_york_date_boundary"":false,""offset_seconds"":18000.0,""reasons"":[""DISTINCT_PARENT_ACCESSIONS_WITHOUT_REVIEWED_EXCLUSION_OR_PRECEDENCE"",""UNRESOLVED_COMPETING_CONTEXT""],""representation_match"":true,""rule_version"":""same_sec_parent_timestamp_representation_v1"",""same_parent"":true,""stored_evidence_hash"":""9a2185635332ebd82d765d475cd36e796e71a891dd45965f1e86cda17dd0a6bf"",""stored_timestamp"":""2026-01-07T11:30:39Z"",""utc_date_boundary"":false},{""accession"":""0001104659-26-016552"",""classification"":""TIMESTAMP_PLUS_INDEPENDENT_AMBIGUITY"",""current_evidence_hash"":""6bb0c71abc5d1bbcb408d4383eaca94bd0f6ac20832a309c4eff3c36d4df6a52"",""current_timestamp"":""2026-02-18T03:00:48Z"",""eligibility_changed"":false,""equivalent"":false,""new_york_date_boundary"":false,""offset_seconds"":18000.0,""reasons"":[""DISTINCT_PARENT_ACCESSIONS_WITHOUT_REVIEWED_EXCLUSION_OR_PRECEDENCE"",""UNRESOLVED_COMPETING_CONTEXT""],""representation_match"":true,""rule_version"":""same_sec_parent_timestamp_representation_v1"",""same_parent"":true,""stored_evidence_hash"":""be45eb91614db6be42b624d5e3466a6f1f58f23b839360eec2ea27e3ddd8c8df"",""stored_timestamp"":""2026-02-17T22:00:48Z"",""utc_date_boundary"":true},{""accession"":""0001104659-26-028913"",""classification"":""TIMESTAMP_PLUS_INDEPENDENT_AMBIGUITY"",""current_evidence_hash"":""aa5bc99d9170ad20b5fc09fbd5635c12ac1f0b7be72fac8407b4559bc350ede0"",""current_timestamp"":""2026-03-17T14:35:38Z"",""eligibility_changed"":false,""equivalent"":false,""new_york_date_boundary"":false,""offset_seconds"":14400.0,""reasons"":[""DISTINCT_PARENT_ACCESSIONS_WITHOUT_REVIEWED_EXCLUSION_OR_PRECEDENCE"",""UNRESOLVED_COMPETING_CONTEXT""],""representation_match"":true,""rule_version"":""same_sec_parent_timestamp_representation_v1"",""same_parent"":true,""stored_evidence_hash"":""4d6fb9e7d60bbe54f428e704e4f853d0cbeaa84fd3befeee4bfc312333c7d339"",""stored_timestamp"":""2026-03-17T10:35:38Z"",""utc_date_boundary"":false}]"
1809,2026,Q1,64474,PSX,TIMESTAMP_PLUS_INDEPENDENT_AMBIGUITY,2,True,True,False,False,DISTINCT_PARENT_ACCESSIONS_WITHOUT_REVIEWED_EXCLUSION_OR_PRECEDENCE;UNRESOLVED_COMPETING_CONTEXT,AMBIGUOUS,REVIEW,LEGACY_AMBIGUITY,"[{""accession"":""0001534701-26-000015"",""classification"":""TIMESTAMP_PLUS_INDEPENDENT_AMBIGUITY"",""current_evidence_hash"":""9ba76c3e393873ee3b1fef1797978317055e653b46228e3fb29053d5c9f8b905"",""current_timestamp"":""2026-04-07T00:15:26Z"",""eligibility_changed"":false,""equivalent"":false,""new_york_date_boundary"":false,""offset_seconds"":14400.0,""reasons"":[""DISTINCT_PARENT_ACCESSIONS_WITHOUT_REVIEWED_EXCLUSION_OR_PRECEDENCE"",""UNRESOLVED_COMPETING_CONTEXT""],""representation_match"":true,""rule_version"":""same_sec_parent_timestamp_representation_v1"",""same_parent"":true,""stored_evidence_hash"":""855721aa7395d95d12ef99b6b159ee0327374aa9884ebf75be0db076a3e29ee6"",""stored_timestamp"":""2026-04-06T20:15:26Z"",""utc_date_boundary"":true},{""accession"":""0001534701-26-000020"",""classification"":""TIMESTAMP_PLUS_INDEPENDENT_AMBIGUITY"",""current_evidence_hash"":""4290966564770502b9f57a79c619e4f4f0760dad885019469c59847feaa417c7"",""current_timestamp"":""2026-04-29T17:36:52Z"",""eligibility_changed"":false,""equivalent"":false,""new_york_date_boundary"":false,""offset_seconds"":14400.0,""reasons"":[""DISTINCT_PARENT_ACCESSIONS_WITHOUT_REVIEWED_EXCLUSION_OR_PRECEDENCE"",""UNRESOLVED_COMPETING_CONTEXT""],""representation_match"":true,""rule_version"":""same_sec_parent_timestamp_representation_v1"",""same_parent"":true,""stored_evidence_hash"":""e79afc0ad42aafe75daf96ef1d4373ab28fc9979c5c26623e12bf4270c68bf39"",""stored_timestamp"":""2026-04-29T13:36:52Z"",""utc_date_boundary"":false}]"
1811,2025,Q4,64555,PTCT,TIMESTAMP_PLUS_INDEPENDENT_AMBIGUITY,2,True,True,False,False,DISTINCT_PARENT_ACCESSIONS_WITHOUT_REVIEWED_EXCLUSION_OR_PRECEDENCE;UNRESOLVED_COMPETING_CONTEXT,AMBIGUOUS,REVIEW,LEGACY_AMBIGUITY,"[{""accession"":""0001104659-26-002799"",""classification"":""TIMESTAMP_PLUS_INDEPENDENT_AMBIGUITY"",""current_evidence_hash"":""d34315676beb683b42b09ffd10bd02ce104b9714694f219581a0986337b8331d"",""current_timestamp"":""2026-01-12T22:00:17Z"",""eligibility_changed"":false,""equivalent"":false,""new_york_date_boundary"":false,""offset_seconds"":18000.0,""reasons"":[""DISTINCT_PARENT_ACCESSIONS_WITHOUT_REVIEWED_EXCLUSION_OR_PRECEDENCE"",""UNRESOLVED_COMPETING_CONTEXT""],""representation_match"":true,""rule_version"":""same_sec_parent_timestamp_representation_v1"",""same_parent"":true,""stored_evidence_hash"":""cd162d9347ad8a3a45abf4dbdc413240a0153106c04fbe19cf5ebc02717460ce"",""stored_timestamp"":""2026-01-12T17:00:17Z"",""utc_date_boundary"":false},{""accession"":""0001104659-26-017546"",""classification"":""TIMESTAMP_PLUS_INDEPENDENT_AMBIGUITY"",""current_evidence_hash"":""cde5dcf83dab045e6de5ae051186f10b65b565180542f6fbd93c6bdd46db9096"",""current_timestamp"":""2026-02-20T02:14:13Z"",""eligibility_changed"":false,""equivalent"":false,""new_york_date_boundary"":false,""offset_seconds"":18000.0,""reasons"":[""DISTINCT_PARENT_ACCESSIONS_WITHOUT_REVIEWED_EXCLUSION_OR_PRECEDENCE"",""UNRESOLVED_COMPETING_CONTEXT""],""representation_match"":true,""rule_version"":""same_sec_parent_timestamp_representation_v1"",""same_parent"":true,""stored_evidence_hash"":""746f57d46d042fcc5a43d1999a33bf208fed70d0443573280564e025c59ba728"",""stored_timestamp"":""2026-02-19T21:14:13Z"",""utc_date_boundary"":true}]"
1817,2026,Q1,64751,PUBM,TIMESTAMP_PLUS_INDEPENDENT_AMBIGUITY,2,True,True,False,False,DISTINCT_PARENT_ACCESSIONS_WITHOUT_REVIEWED_EXCLUSION_OR_PRECEDENCE;UNRESOLVED_COMPETING_CONTEXT,AMBIGUOUS,REVIEW,LEGACY_AMBIGUITY,"[{""accession"":""0001422930-26-000016"",""classification"":""TIMESTAMP_PLUS_INDEPENDENT_AMBIGUITY"",""current_evidence_hash"":""8e41d9cc41b5a8d90499bf892b54893817143de405d757fbcc877c07127895ab"",""current_timestamp"":""2026-04-23T01:00:07Z"",""eligibility_changed"":false,""equivalent"":false,""new_york_date_boundary"":false,""offset_seconds"":14400.0,""reasons"":[""DISTINCT_PARENT_ACCESSIONS_WITHOUT_REVIEWED_EXCLUSION_OR_PRECEDENCE"",""UNRESOLVED_COMPETING_CONTEXT""],""representation_match"":true,""rule_version"":""same_sec_parent_timestamp_representation_v1"",""same_parent"":true,""stored_evidence_hash"":""de2f2671252e804523cdf7886bab01b6f64e10590adc38885cdc139068dce162"",""stored_timestamp"":""2026-04-22T21:00:07Z"",""utc_date_boundary"":true},{""accession"":""0001422930-26-000023"",""classification"":""TIMESTAMP_PLUS_INDEPENDENT_AMBIGUITY"",""current_evidence_hash"":""f19b57b0ae91ca7aa923d904de6a9f0077c9a17014bdbb9e3c9ad98d7b8ad8d9"",""current_timestamp"":""2026-05-08T00:12:28Z"",""eligibility_changed"":false,""equivalent"":false,""new_york_date_boundary"":false,""offset_seconds"":14400.0,""reasons"":[""DISTINCT_PARENT_ACCESSIONS_WITHOUT_REVIEWED_EXCLUSION_OR_PRECEDENCE"",""UNRESOLVED_COMPETING_CONTEXT""],""representation_match"":true,""rule_version"":""same_sec_parent_timestamp_representation_v1"",""same_parent"":true,""stored_evidence_hash"":""cc37369f87f875838b965b12eaac0af74cdda78b4078359e475083b93f1eaf59"",""stored_timestamp"":""2026-05-07T20:12:28Z"",""utc_date_boundary"":true}]"
1827,2026,Q1,65122,QDEL,TIMESTAMP_PLUS_INDEPENDENT_AMBIGUITY,2,True,True,False,False,DISTINCT_PARENT_ACCESSIONS_WITHOUT_REVIEWED_EXCLUSION_OR_PRECEDENCE;UNRESOLVED_COMPETING_CONTEXT,AMBIGUOUS,REVIEW,LEGACY_AMBIGUITY,"[{""accession"":""0001906324-26-000013"",""classification"":""TIMESTAMP_PLUS_INDEPENDENT_AMBIGUITY"",""current_evidence_hash"":""ae830bf7e4e23da2cf930436d1dc6e0010c693a14b374d629afd39b6baf4decc"",""current_timestamp"":""2026-04-16T00:15:43Z"",""eligibility_changed"":false,""equivalent"":false,""new_york_date_boundary"":false,""offset_seconds"":14400.0,""reasons"":[""DISTINCT_PARENT_ACCESSIONS_WITHOUT_REVIEWED_EXCLUSION_OR_PRECEDENCE"",""UNRESOLVED_COMPETING_CONTEXT""],""representation_match"":true,""rule_version"":""same_sec_parent_timestamp_representation_v1"",""same_parent"":true,""stored_evidence_hash"":""b3871be54352e3428c31d5769e56df28efbf1314993cbbf21fd26577ebbe498e"",""stored_timestamp"":""2026-04-15T20:15:43Z"",""utc_date_boundary"":true},{""accession"":""0001906324-26-000023"",""classification"":""TIMESTAMP_PLUS_INDEPENDENT_AMBIGUITY"",""current_evidence_hash"":""f08fa521035c902deee6fba71a16167e8674b3d9afeb417a134c46a91c05ad8d"",""current_timestamp"":""2026-05-06T00:07:32Z"",""eligibility_changed"":false,""equivalent"":false,""new_york_date_boundary"":false,""offset_seconds"":14400.0,""reasons"":[""DISTINCT_PARENT_ACCESSIONS_WITHOUT_REVIEWED_EXCLUSION_OR_PRECEDENCE"",""UNRESOLVED_COMPETING_CONTEXT""],""representation_match"":true,""rule_version"":""same_sec_parent_timestamp_representation_v1"",""same_parent"":true,""stored_evidence_hash"":""359628e0c70baf50b9a85828e94c4e7f8d445539a797806938f8f082fed8e2b1"",""stored_timestamp"":""2026-05-05T20:07:32Z"",""utc_date_boundary"":true}]"
1833,2026,Q2,65348,QRVO,TIMESTAMP_PLUS_INDEPENDENT_AMBIGUITY,2,True,True,False,False,DISTINCT_PARENT_ACCESSIONS_WITHOUT_REVIEWED_EXCLUSION_OR_PRECEDENCE;UNRESOLVED_COMPETING_CONTEXT,AMBIGUOUS,REVIEW,LEGACY_AMBIGUITY,"[{""accession"":""0000950103-25-013685"",""classification"":""TIMESTAMP_PLUS_INDEPENDENT_AMBIGUITY"",""current_evidence_hash"":""6ee27068a1af04e22462bbeda3e20219fabdd38615f970cf54f1c3d1e96777c4"",""current_timestamp"":""2025-10-28T15:01:18Z"",""eligibility_changed"":false,""equivalent"":false,""new_york_date_boundary"":false,""offset_seconds"":14400.0,""reasons"":[""DISTINCT_PARENT_ACCESSIONS_WITHOUT_REVIEWED_EXCLUSION_OR_PRECEDENCE"",""UNRESOLVED_COMPETING_CONTEXT""],""representation_match"":true,""rule_version"":""same_sec_parent_timestamp_representation_v1"",""same_parent"":true,""stored_evidence_hash"":""c3ab3ab1ce8992649b7bb1f4de48b7c704ac9109a2702bfb620cc9d7b852a9a6"",""stored_timestamp"":""2025-10-28T11:01:18Z"",""utc_date_boundary"":false},{""accession"":""0001628280-25-048216"",""classification"":""TIMESTAMP_PLUS_INDEPENDENT_AMBIGUITY"",""current_evidence_hash"":""1c4adeac45a1692b57c622cbccd2bd90d94f86f368f446b8a235fefc84a11c41"",""current_timestamp"":""2025-11-04T02:05:55Z"",""eligibility_changed"":false,""equivalent"":false,""new_york_date_boundary"":false,""offset_seconds"":18000.0,""reasons"":[""DISTINCT_PARENT_ACCESSIONS_WITHOUT_REVIEWED_EXCLUSION_OR_PRECEDENCE"",""UNRESOLVED_COMPETING_CONTEXT""],""representation_match"":true,""rule_version"":""same_sec_parent_timestamp_representation_v1"",""same_parent"":true,""stored_evidence_hash"":""73903acd8dc42d535e2cb46d0b110249c004bf7b0e207c7b154f39d4d4d5d3d9"",""stored_timestamp"":""2025-11-03T21:05:55Z"",""utc_date_boundary"":true}]"
1866,2025,Q3,66500,REGN,TIMESTAMP_PLUS_INDEPENDENT_AMBIGUITY,2,False,False,False,False,DISTINCT_PARENT_ACCESSIONS_WITHOUT_REVIEWED_EXCLUSION_OR_PRECEDENCE,AMBIGUOUS,REVIEW,LEGACY_AMBIGUITY,"[{""accession"":""0000872589-25-000026"",""classification"":""TIMESTAMP_PLUS_INDEPENDENT_AMBIGUITY"",""current_evidence_hash"":""73f9d13652937ef8069aeeee84835b5c50c2fb7ad9586166b1815ae5ac70893f"",""current_timestamp"":""2025-10-28T14:50:40Z"",""eligibility_changed"":false,""equivalent"":false,""new_york_date_boundary"":false,""offset_seconds"":14400.0,""reasons"":[""DISTINCT_PARENT_ACCESSIONS_WITHOUT_REVIEWED_EXCLUSION_OR_PRECEDENCE""],""representation_match"":true,""rule_version"":""same_sec_parent_timestamp_representation_v1"",""same_parent"":true,""stored_evidence_hash"":""004378f4624690be6c3c7f081842c91f1c58627b1912353f53a08aaa33d30fe4"",""stored_timestamp"":""2025-10-28T10:50:40Z"",""utc_date_boundary"":false},{""accession"":""0001104659-25-096921"",""classification"":""TIMESTAMP_PLUS_INDEPENDENT_AMBIGUITY"",""current_evidence_hash"":""2aa3e4f5d26f7af2bb5324ef2a56c3b9ccc80adb46743f4452f426b1a1131398"",""current_timestamp"":""2025-10-06T15:00:49Z"",""eligibility_changed"":false,""equivalent"":false,""new_york_date_boundary"":false,""offset_seconds"":14400.0,""reasons"":[""DISTINCT_PARENT_ACCESSIONS_WITHOUT_REVIEWED_EXCLUSION_OR_PRECEDENCE""],""representation_match"":true,""rule_version"":""same_sec_parent_timestamp_representation_v1"",""same_parent"":true,""stored_evidence_hash"":""8ee1ce1a08cb5155f66cb166981d8ba57b7068423ebd50e2855bfce33411c47f"",""stored_timestamp"":""2025-10-06T11:00:49Z"",""utc_date_boundary"":false}]"
1866,2025,Q4,66501,REGN,TIMESTAMP_PLUS_INDEPENDENT_AMBIGUITY,2,False,False,False,False,DISTINCT_PARENT_ACCESSIONS_WITHOUT_REVIEWED_EXCLUSION_OR_PRECEDENCE,AMBIGUOUS,REVIEW,LEGACY_AMBIGUITY,"[{""accession"":""0000872589-26-000004"",""classification"":""TIMESTAMP_PLUS_INDEPENDENT_AMBIGUITY"",""current_evidence_hash"":""aa2b18ce4099ccb9a1ec9e8c8efcd59a0d0bb61fe55e16b169195bc823749ee3"",""current_timestamp"":""2026-01-30T16:51:21Z"",""eligibility_changed"":false,""equivalent"":false,""new_york_date_boundary"":false,""offset_seconds"":18000.0,""reasons"":[""DISTINCT_PARENT_ACCESSIONS_WITHOUT_REVIEWED_EXCLUSION_OR_PRECEDENCE""],""representation_match"":true,""rule_version"":""same_sec_parent_timestamp_representation_v1"",""same_parent"":true,""stored_evidence_hash"":""0b0a0043fc11375726c0056d5aa8af8fdccce9ae92fbbda9f58f95501d0b40b9"",""stored_timestamp"":""2026-01-30T11:51:21Z"",""utc_date_boundary"":false},{""accession"":""0001104659-26-002691"",""classification"":""TIMESTAMP_PLUS_INDEPENDENT_AMBIGUITY"",""current_evidence_hash"":""70baf6dd1eda4ee5b4c6ef74091278bfcfc8dd90db7c596755ca24b1aee45667"",""current_timestamp"":""2026-01-12T16:48:25Z"",""eligibility_changed"":false,""equivalent"":false,""new_york_date_boundary"":false,""offset_seconds"":18000.0,""reasons"":[""DISTINCT_PARENT_ACCESSIONS_WITHOUT_REVIEWED_EXCLUSION_OR_PRECEDENCE""],""representation_match"":true,""rule_version"":""same_sec_parent_timestamp_representation_v1"",""same_parent"":true,""stored_evidence_hash"":""9beaff896ac745d3402c71b194efda885e41f613c744c004cde86349dc068a29"",""stored_timestamp"":""2026-01-12T11:48:25Z"",""utc_date_boundary"":false}]"
1866,2026,Q1,66502,REGN,TIMESTAMP_PLUS_INDEPENDENT_AMBIGUITY,2,False,False,False,False,DISTINCT_PARENT_ACCESSIONS_WITHOUT_REVIEWED_EXCLUSION_OR_PRECEDENCE,AMBIGUOUS,REVIEW,LEGACY_AMBIGUITY,"[{""accession"":""0000872589-26-000014"",""classification"":""TIMESTAMP_PLUS_INDEPENDENT_AMBIGUITY"",""current_evidence_hash"":""394389bf6c6a6d90f13d7393431d8cf5d98c00102ec4f4466e60fe7499c89c61"",""current_timestamp"":""2026-04-29T14:50:22Z"",""eligibility_changed"":false,""equivalent"":false,""new_york_date_boundary"":false,""offset_seconds"":14400.0,""reasons"":[""DISTINCT_PARENT_ACCESSIONS_WITHOUT_REVIEWED_EXCLUSION_OR_PRECEDENCE""],""representation_match"":true,""rule_version"":""same_sec_parent_timestamp_representation_v1"",""same_parent"":true,""stored_evidence_hash"":""d40842c6218390270402e2d9031a594db0565f0326c6aee01601ae44c43a596b"",""stored_timestamp"":""2026-04-29T10:50:22Z"",""utc_date_boundary"":false},{""accession"":""0001104659-26-040661"",""classification"":""TIMESTAMP_PLUS_INDEPENDENT_AMBIGUITY"",""current_evidence_hash"":""cef66e819de03b39b6af314772970dcc616940f51eeaa715c775dca6ecf7e340"",""current_timestamp"":""2026-04-08T15:05:58Z"",""eligibility_changed"":false,""equivalent"":false,""new_york_date_boundary"":false,""offset_seconds"":14400.0,""reasons"":[""DISTINCT_PARENT_ACCESSIONS_WITHOUT_REVIEWED_EXCLUSION_OR_PRECEDENCE""],""representation_match"":true,""rule_version"":""same_sec_parent_timestamp_representation_v1"",""same_parent"":true,""stored_evidence_hash"":""4909e1f748ed727b5ce1f67884072e73d147389d51e85bea1450e7bb806c3c45"",""stored_timestamp"":""2026-04-08T11:05:58Z"",""utc_date_boundary"":false}]"
1866,2026,Q2,66503,REGN,TIMESTAMP_PLUS_INDEPENDENT_AMBIGUITY,2,True,False,False,False,DISTINCT_PARENT_ACCESSIONS_WITHOUT_REVIEWED_EXCLUSION_OR_PRECEDENCE;UNRESOLVED_COMPETING_CONTEXT,AMBIGUOUS,REVIEW,LEGACY_AMBIGUITY,"[{""accession"":""0000872589-26-000023"",""classification"":""TIMESTAMP_PLUS_INDEPENDENT_AMBIGUITY"",""current_evidence_hash"":""c42818d2e3c5bd4fb934f159fd4caa34a48a2ad0fe701f9a90fcb0046cca20df"",""current_timestamp"":""2026-07-30T14:48:32Z"",""eligibility_changed"":false,""equivalent"":false,""new_york_date_boundary"":false,""offset_seconds"":14400.0,""reasons"":[""DISTINCT_PARENT_ACCESSIONS_WITHOUT_REVIEWED_EXCLUSION_OR_PRECEDENCE"",""UNRESOLVED_COMPETING_CONTEXT""],""representation_match"":true,""rule_version"":""same_sec_parent_timestamp_representation_v1"",""same_parent"":true,""stored_evidence_hash"":""144ed1c4cbcbd08b750c9a9569c45bf572a450e345309c3e2443d0f8ca744fa3"",""stored_timestamp"":""2026-07-30T10:48:32Z"",""utc_date_boundary"":false},{""accession"":""0001104659-26-080562"",""classification"":""TIMESTAMP_PLUS_INDEPENDENT_AMBIGUITY"",""current_evidence_hash"":""776d5f87307a663e4de68d64efae4fda6d06b2b4ee96871644c59e1304da9523"",""current_timestamp"":""2026-07-06T15:00:40Z"",""eligibility_changed"":false,""equivalent"":false,""new_york_date_boundary"":false,""offset_seconds"":14400.0,""reasons"":[""DISTINCT_PARENT_ACCESSIONS_WITHOUT_REVIEWED_EXCLUSION_OR_PRECEDENCE"",""UNRESOLVED_COMPETING_CONTEXT""],""representation_match"":true,""rule_version"":""same_sec_parent_timestamp_representation_v1"",""same_parent"":true,""stored_evidence_hash"":""04b38848a045713cb362dc78751469f64614dadea644923cb55babb02a50ddad"",""stored_timestamp"":""2026-07-06T11:00:40Z"",""utc_date_boundary"":false}]"
1867,2025,Q1,66535,REKR,TIMESTAMP_PLUS_INDEPENDENT_AMBIGUITY,2,True,True,False,False,DISTINCT_PARENT_ACCESSIONS_WITHOUT_REVIEWED_EXCLUSION_OR_PRECEDENCE;UNRESOLVED_COMPETING_CONTEXT,AMBIGUOUS,REVIEW,LEGACY_AMBIGUITY,"[{""accession"":""0001437749-25-010184"",""classification"":""TIMESTAMP_PLUS_INDEPENDENT_AMBIGUITY"",""current_evidence_hash"":""6c9f5f055be25f41aa4ceb14994de0a204aa040e7bdcb7f67f01d1ee994acd27"",""current_timestamp"":""2025-04-01T00:07:08Z"",""eligibility_changed"":false,""equivalent"":false,""new_york_date_boundary"":false,""offset_seconds"":14400.0,""reasons"":[""DISTINCT_PARENT_ACCESSIONS_WITHOUT_REVIEWED_EXCLUSION_OR_PRECEDENCE"",""UNRESOLVED_COMPETING_CONTEXT""],""representation_match"":true,""rule_version"":""same_sec_parent_timestamp_representation_v1"",""same_parent"":true,""stored_evidence_hash"":""2cb3589e04b7f27dfba30c391cb542adcc7bcad17bc9174c743b20eb45602592"",""stored_timestamp"":""2025-03-31T20:07:08Z"",""utc_date_boundary"":true},{""accession"":""0001437749-25-016845"",""classification"":""TIMESTAMP_PLUS_INDEPENDENT_AMBIGUITY"",""current_evidence_hash"":""f6e1dde36cb4a5357059a3c2415b2af40f62c6355e104adb37c36397e5d67336"",""current_timestamp"":""2025-05-15T00:12:46Z"",""eligibility_changed"":false,""equivalent"":false,""new_york_date_boundary"":false,""offset_seconds"":14400.0,""reasons"":[""DISTINCT_PARENT_ACCESSIONS_WITHOUT_REVIEWED_EXCLUSION_OR_PRECEDENCE"",""UNRESOLVED_COMPETING_CONTEXT""],""representation_match"":true,""rule_version"":""same_sec_parent_timestamp_representation_v1"",""same_parent"":true,""stored_evidence_hash"":""63cbe77305c65642fc7e7650ef1f9b5ea7e3410eb37a2114a5639f346bb91322"",""stored_timestamp"":""2025-05-14T20:12:46Z"",""utc_date_boundary"":true}]"
1867,2025,Q3,66537,REKR,TIMESTAMP_PLUS_INDEPENDENT_AMBIGUITY,2,False,True,False,False,DISTINCT_PARENT_ACCESSIONS_WITHOUT_REVIEWED_EXCLUSION_OR_PRECEDENCE,AMBIGUOUS,REVIEW,LEGACY_AMBIGUITY,"[{""accession"":""0001437749-25-030890"",""classification"":""TIMESTAMP_PLUS_INDEPENDENT_AMBIGUITY"",""current_evidence_hash"":""d5fe6d1345ebb8190483c94652b699260765192677de1dc269fc3ed565181a78"",""current_timestamp"":""2025-10-14T15:05:54Z"",""eligibility_changed"":false,""equivalent"":false,""new_york_date_boundary"":false,""offset_seconds"":14400.0,""reasons"":[""DISTINCT_PARENT_ACCESSIONS_WITHOUT_REVIEWED_EXCLUSION_OR_PRECEDENCE""],""representation_match"":true,""rule_version"":""same_sec_parent_timestamp_representation_v1"",""same_parent"":true,""stored_evidence_hash"":""d243916bdb7d805984bcdce78f1d68f3118107e661abb26de2ee66521be54334"",""stored_timestamp"":""2025-10-14T11:05:54Z"",""utc_date_boundary"":false},{""accession"":""0001437749-25-034859"",""classification"":""TIMESTAMP_PLUS_INDEPENDENT_AMBIGUITY"",""current_evidence_hash"":""e5acfded12fc5f2a8d8837b8010ae0c4b46cdaa8ab75af366c1509a0605cc58a"",""current_timestamp"":""2025-11-14T02:25:20Z"",""eligibility_changed"":false,""equivalent"":false,""new_york_date_boundary"":false,""offset_seconds"":18000.0,""reasons"":[""DISTINCT_PARENT_ACCESSIONS_WITHOUT_REVIEWED_EXCLUSION_OR_PRECEDENCE""],""representation_match"":true,""rule_version"":""same_sec_parent_timestamp_representation_v1"",""same_parent"":true,""stored_evidence_hash"":""74c2b4292c69332720d6835be7712475161ecc113c0e40f58e66bf63d8019725"",""stored_timestamp"":""2025-11-13T21:25:20Z"",""utc_date_boundary"":true}]"
1876,2025,Q2,66822,REZI,TIMESTAMP_PLUS_INDEPENDENT_AMBIGUITY,2,True,True,False,False,DISTINCT_PARENT_ACCESSIONS_WITHOUT_REVIEWED_EXCLUSION_OR_PRECEDENCE;UNRESOLVED_COMPETING_CONTEXT,AMBIGUOUS,REVIEW,LEGACY_AMBIGUITY,"[{""accession"":""0001193125-25-168649"",""classification"":""TIMESTAMP_PLUS_INDEPENDENT_AMBIGUITY"",""current_evidence_hash"":""62d40ca19c8793486176f7da2103e2e5106a56e419e8b417121ae4fc2c5919ae"",""current_timestamp"":""2025-07-30T15:42:47Z"",""eligibility_changed"":false,""equivalent"":false,""new_york_date_boundary"":false,""offset_seconds"":14400.0,""reasons"":[""DISTINCT_PARENT_ACCESSIONS_WITHOUT_REVIEWED_EXCLUSION_OR_PRECEDENCE"",""UNRESOLVED_COMPETING_CONTEXT""],""representation_match"":true,""rule_version"":""same_sec_parent_timestamp_representation_v1"",""same_parent"":true,""stored_evidence_hash"":""64a98a9d44020857e7f674270ddff7cd7ee82139c70ae3ded6fdf4331bdd2049"",""stored_timestamp"":""2025-07-30T11:42:47Z"",""utc_date_boundary"":false},{""accession"":""0001740332-25-000022"",""classification"":""TIMESTAMP_PLUS_INDEPENDENT_AMBIGUITY"",""current_evidence_hash"":""491afa4f75e24f7fd2ca7eb50f8fec7afaa4ffb8dc0171036c2f0277f84376d4"",""current_timestamp"":""2025-08-06T00:33:19Z"",""eligibility_changed"":false,""equivalent"":false,""new_york_date_boundary"":false,""offset_seconds"":14400.0,""reasons"":[""DISTINCT_PARENT_ACCESSIONS_WITHOUT_REVIEWED_EXCLUSION_OR_PRECEDENCE"",""UNRESOLVED_COMPETING_CONTEXT""],""representation_match"":true,""rule_version"":""same_sec_parent_timestamp_representation_v1"",""same_parent"":true,""stored_evidence_hash"":""33f88984d0cb0bee7e3aca056632245c705d48c6526b8839ae54c55ae6b76995"",""stored_timestamp"":""2025-08-05T20:33:19Z"",""utc_date_boundary"":true}]"
1878,2025,Q1,66901,RGLD,TIMESTAMP_PLUS_INDEPENDENT_AMBIGUITY,2,False,True,False,False,DISTINCT_PARENT_ACCESSIONS_WITHOUT_REVIEWED_EXCLUSION_OR_PRECEDENCE,AMBIGUOUS,REVIEW,LEGACY_AMBIGUITY,"[{""accession"":""0000085535-25-000069"",""classification"":""TIMESTAMP_PLUS_INDEPENDENT_AMBIGUITY"",""current_evidence_hash"":""fb09d55dc1df54669c17fb047a983ef70a57e2531f72230ea23ce00e5da6ba0f"",""current_timestamp"":""2025-04-08T17:12:54Z"",""eligibility_changed"":false,""equivalent"":false,""new_york_date_boundary"":false,""offset_seconds"":14400.0,""reasons"":[""DISTINCT_PARENT_ACCESSIONS_WITHOUT_REVIEWED_EXCLUSION_OR_PRECEDENCE""],""representation_match"":true,""rule_version"":""same_sec_parent_timestamp_representation_v1"",""same_parent"":true,""stored_evidence_hash"":""83d6b36f0a19cf1ed72c654285ef9db93b1f9b7897bc6202e64479224f316216"",""stored_timestamp"":""2025-04-08T13:12:54Z"",""utc_date_boundary"":false},{""accession"":""0000085535-25-000080"",""classification"":""TIMESTAMP_PLUS_INDEPENDENT_AMBIGUITY"",""current_evidence_hash"":""d0c01e6b95616a1b983383bb04c0cf23f9c8eb9fe2537317fb22af44f07053ef"",""current_timestamp"":""2025-05-08T00:16:13Z"",""eligibility_changed"":false,""equivalent"":false,""new_york_date_boundary"":false,""offset_seconds"":14400.0,""reasons"":[""DISTINCT_PARENT_ACCESSIONS_WITHOUT_REVIEWED_EXCLUSION_OR_PRECEDENCE""],""representation_match"":true,""rule_version"":""same_sec_parent_timestamp_representation_v1"",""same_parent"":true,""stored_evidence_hash"":""3d7509cebad60e2ac0a0446dafefb46a7b69c7730759d9a0da874c94255d78db"",""stored_timestamp"":""2025-05-07T20:16:13Z"",""utc_date_boundary"":true}]"
1878,2025,Q2,66902,RGLD,TIMESTAMP_PLUS_INDEPENDENT_AMBIGUITY,2,False,True,False,False,DISTINCT_PARENT_ACCESSIONS_WITHOUT_REVIEWED_EXCLUSION_OR_PRECEDENCE,AMBIGUOUS,REVIEW,LEGACY_AMBIGUITY,"[{""accession"":""0000085535-25-000100"",""classification"":""TIMESTAMP_PLUS_INDEPENDENT_AMBIGUITY"",""current_evidence_hash"":""6aacc3c809af41144090df9f8f1f8459748f0e5937ccc7ca81e2de8cfcb776d7"",""current_timestamp"":""2025-07-08T17:05:53Z"",""eligibility_changed"":false,""equivalent"":false,""new_york_date_boundary"":false,""offset_seconds"":14400.0,""reasons"":[""DISTINCT_PARENT_ACCESSIONS_WITHOUT_REVIEWED_EXCLUSION_OR_PRECEDENCE""],""representation_match"":true,""rule_version"":""same_sec_parent_timestamp_representation_v1"",""same_parent"":true,""stored_evidence_hash"":""87793cf8f4151750b05d816106dd8b1f07b9a5265f5743eaf263dc394e16dc9e"",""stored_timestamp"":""2025-07-08T13:05:53Z"",""utc_date_boundary"":false},{""accession"":""0000085535-25-000119"",""classification"":""TIMESTAMP_PLUS_INDEPENDENT_AMBIGUITY"",""current_evidence_hash"":""44f470090300e2865cf5e859b4014768d9c073badfab3768e86130a6e834153d"",""current_timestamp"":""2025-08-07T01:24:57Z"",""eligibility_changed"":false,""equivalent"":false,""new_york_date_boundary"":false,""offset_seconds"":14400.0,""reasons"":[""DISTINCT_PARENT_ACCESSIONS_WITHOUT_REVIEWED_EXCLUSION_OR_PRECEDENCE""],""representation_match"":true,""rule_version"":""same_sec_parent_timestamp_representation_v1"",""same_parent"":true,""stored_evidence_hash"":""06649780ee0915d8fe1dcec720e1c8d0a66227d457bafc431013a4b04d0683e0"",""stored_timestamp"":""2025-08-06T21:24:57Z"",""utc_date_boundary"":true}]"
1878,2025,Q3,66903,RGLD,TIMESTAMP_PLUS_INDEPENDENT_AMBIGUITY,2,False,True,False,False,DISTINCT_PARENT_ACCESSIONS_WITHOUT_REVIEWED_EXCLUSION_OR_PRECEDENCE,AMBIGUOUS,REVIEW,LEGACY_AMBIGUITY,"[{""accession"":""0000085535-25-000145"",""classification"":""TIMESTAMP_PLUS_INDEPENDENT_AMBIGUITY"",""current_evidence_hash"":""d4e5eac90ce2fe9b84f1ba0b5cb896c737ab98970873f84be4a606838cc4f72b"",""current_timestamp"":""2025-10-14T17:14:08Z"",""eligibility_changed"":false,""equivalent"":false,""new_york_date_boundary"":false,""offset_seconds"":14400.0,""reasons"":[""DISTINCT_PARENT_ACCESSIONS_WITHOUT_REVIEWED_EXCLUSION_OR_PRECEDENCE""],""representation_match"":true,""rule_version"":""same_sec_parent_timestamp_representation_v1"",""same_parent"":true,""stored_evidence_hash"":""05a17e152bafdd7035ee7e03de92c2dacea7503d5be3a7f20c7d4a1ac2a1d6b0"",""stored_timestamp"":""2025-10-14T13:14:08Z"",""utc_date_boundary"":false},{""accession"":""0000085535-25-000158"",""classification"":""TIMESTAMP_PLUS_INDEPENDENT_AMBIGUITY"",""current_evidence_hash"":""6ff2466d7ed8754e356cf5ebe0629622dc18049491b4b8c16a89e1c8397da907"",""current_timestamp"":""2025-11-06T02:12:08Z"",""eligibility_changed"":false,""equivalent"":false,""new_york_date_boundary"":false,""offset_seconds"":18000.0,""reasons"":[""DISTINCT_PARENT_ACCESSIONS_WITHOUT_REVIEWED_EXCLUSION_OR_PRECEDENCE""],""representation_match"":true,""rule_version"":""same_sec_parent_timestamp_representation_v1"",""same_parent"":true,""stored_evidence_hash"":""a084b833281edd279c2c3f9bde01f95f9c9249990369e175579853ed1498f278"",""stored_timestamp"":""2025-11-05T21:12:08Z"",""utc_date_boundary"":true}]"
1878,2025,Q4,66904,RGLD,TIMESTAMP_PLUS_INDEPENDENT_AMBIGUITY,2,True,True,False,False,DISTINCT_PARENT_ACCESSIONS_WITHOUT_REVIEWED_EXCLUSION_OR_PRECEDENCE;UNRESOLVED_COMPETING_CONTEXT,AMBIGUOUS,REVIEW,LEGACY_AMBIGUITY,"[{""accession"":""0000085535-26-000002"",""classification"":""TIMESTAMP_PLUS_INDEPENDENT_AMBIGUITY"",""current_evidence_hash"":""f4186d25ce84668834020e7cec773104a0eab88471098d921f2ac133cf1ebe73"",""current_timestamp"":""2026-01-13T19:12:53Z"",""eligibility_changed"":false,""equivalent"":false,""new_york_date_boundary"":false,""offset_seconds"":18000.0,""reasons"":[""DISTINCT_PARENT_ACCESSIONS_WITHOUT_REVIEWED_EXCLUSION_OR_PRECEDENCE"",""UNRESOLVED_COMPETING_CONTEXT""],""representation_match"":true,""rule_version"":""same_sec_parent_timestamp_representation_v1"",""same_parent"":true,""stored_evidence_hash"":""9370c2aa34513c12b75c3f9ea0889a0bb22874e2c347b56f592eb3e993fbc068"",""stored_timestamp"":""2026-01-13T14:12:53Z"",""utc_date_boundary"":false},{""accession"":""0000085535-26-000005"",""classification"":""TIMESTAMP_PLUS_INDEPENDENT_AMBIGUITY"",""current_evidence_hash"":""b937da9b6a542506563218c99d9a1e8f16466bb23b933f0f0b5aa90c33723573"",""current_timestamp"":""2026-02-19T02:10:19Z"",""eligibility_changed"":false,""equivalent"":false,""new_york_date_boundary"":false,""offset_seconds"":18000.0,""reasons"":[""DISTINCT_PARENT_ACCESSIONS_WITHOUT_REVIEWED_EXCLUSION_OR_PRECEDENCE"",""UNRESOLVED_COMPETING_CONTEXT""],""representation_match"":true,""rule_version"":""same_sec_parent_timestamp_representation_v1"",""same_parent"":true,""stored_evidence_hash"":""0946d7f9fe329bedb201a35d6758cf235ed3be565c154a784e501e586d7cd5ad"",""stored_timestamp"":""2026-02-18T21:10:19Z"",""utc_date_boundary"":true}]"
1880,2025,Q2,66982,RGP,TIMESTAMP_PLUS_INDEPENDENT_AMBIGUITY,2,True,True,False,False,DISTINCT_PARENT_ACCESSIONS_WITHOUT_REVIEWED_EXCLUSION_OR_PRECEDENCE;UNRESOLVED_COMPETING_CONTEXT,AMBIGUOUS,REVIEW,LEGACY_AMBIGUITY,"[{""accession"":""0001084765-24-000169"",""classification"":""TIMESTAMP_PLUS_INDEPENDENT_AMBIGUITY"",""current_evidence_hash"":""fcb66d60f87ec98cad9ba44bb35a26533d4b100ed70dc9d95da96e0008d8b31a"",""current_timestamp"":""2024-12-06T18:58:40Z"",""eligibility_changed"":false,""equivalent"":false,""new_york_date_boundary"":false,""offset_seconds"":18000.0,""reasons"":[""DISTINCT_PARENT_ACCESSIONS_WITHOUT_REVIEWED_EXCLUSION_OR_PRECEDENCE"",""UNRESOLVED_COMPETING_CONTEXT""],""representation_match"":true,""rule_version"":""same_sec_parent_timestamp_representation_v1"",""same_parent"":true,""stored_evidence_hash"":""f07b25aea205c5f60ce50b1a97f0baa1553ea26382615a193fcb6fa8f478debe"",""stored_timestamp"":""2024-12-06T13:58:40Z"",""utc_date_boundary"":false},{""accession"":""0001084765-25-000005"",""classification"":""TIMESTAMP_PLUS_INDEPENDENT_AMBIGUITY"",""current_evidence_hash"":""55ae150e8f39e46faa9c146bea60ad0a389166d56ed676274257e77d50820c42"",""current_timestamp"":""2025-01-03T02:17:46Z"",""eligibility_changed"":false,""equivalent"":false,""new_york_date_boundary"":false,""offset_seconds"":18000.0,""reasons"":[""DISTINCT_PARENT_ACCESSIONS_WITHOUT_REVIEWED_EXCLUSION_OR_PRECEDENCE"",""UNRESOLVED_COMPETING_CONTEXT""],""representation_match"":true,""rule_version"":""same_sec_parent_timestamp_representation_v1"",""same_parent"":true,""stored_evidence_hash"":""ca1557d2f0aaeccd59e81477949d9a48ad801e82933b54fccc7188f22a7b8059"",""stored_timestamp"":""2025-01-02T21:17:46Z"",""utc_date_boundary"":true}]"
1901,2025,Q4,67771,RMTI,TIMESTAMP_PLUS_INDEPENDENT_AMBIGUITY,2,True,False,False,False,DISTINCT_PARENT_ACCESSIONS_WITHOUT_REVIEWED_EXCLUSION_OR_PRECEDENCE;UNRESOLVED_COMPETING_CONTEXT,AMBIGUOUS,REVIEW,LEGACY_AMBIGUITY,"[{""accession"":""0001628280-26-002478"",""classification"":""TIMESTAMP_PLUS_INDEPENDENT_AMBIGUITY"",""current_evidence_hash"":""36783b9f3ce676f4ef1f639d92604c2eeb1ef3f76b63fcb38651a64cc7820a0c"",""current_timestamp"":""2026-01-20T16:32:02Z"",""eligibility_changed"":false,""equivalent"":false,""new_york_date_boundary"":false,""offset_seconds"":18000.0,""reasons"":[""DISTINCT_PARENT_ACCESSIONS_WITHOUT_REVIEWED_EXCLUSION_OR_PRECEDENCE"",""UNRESOLVED_COMPETING_CONTEXT""],""representation_match"":true,""rule_version"":""same_sec_parent_timestamp_representation_v1"",""same_parent"":true,""stored_evidence_hash"":""8ac9b786248f39073e2088a98a38c3e54241df394eb74a417c19801678ee3901"",""stored_timestamp"":""2026-01-20T11:32:02Z"",""utc_date_boundary"":false},{""accession"":""0001628280-26-021176"",""classification"":""TIMESTAMP_PLUS_INDEPENDENT_AMBIGUITY"",""current_evidence_hash"":""b5b26b2080f966dffebd99678aef537fc1d6b04421cac17904065712d6f3c110"",""current_timestamp"":""2026-03-26T14:10:47Z"",""eligibility_changed"":false,""equivalent"":false,""new_york_date_boundary"":false,""offset_seconds"":14400.0,""reasons"":[""DISTINCT_PARENT_ACCESSIONS_WITHOUT_REVIEWED_EXCLUSION_OR_PRECEDENCE"",""UNRESOLVED_COMPETING_CONTEXT""],""representation_match"":true,""rule_version"":""same_sec_parent_timestamp_representation_v1"",""same_parent"":true,""stored_evidence_hash"":""8a8b89319a9dadb4f6cbf04beece50e98e9361802da4b5af8accef24a9dbcdec"",""stored_timestamp"":""2026-03-26T10:10:47Z"",""utc_date_boundary"":false}]"
1905,2025,Q4,67908,ROAD,TIMESTAMP_PLUS_INDEPENDENT_AMBIGUITY,2,True,False,False,False,DISTINCT_PARENT_ACCESSIONS_WITHOUT_REVIEWED_EXCLUSION_OR_PRECEDENCE;UNRESOLVED_COMPETING_CONTEXT,AMBIGUOUS,REVIEW,LEGACY_AMBIGUITY,"[{""accession"":""0001193125-25-245901"",""classification"":""TIMESTAMP_PLUS_INDEPENDENT_AMBIGUITY"",""current_evidence_hash"":""feacae56806021462f60376575b91418f61991df16b95687cfe6b21c5bd73b35"",""current_timestamp"":""2025-10-22T17:17:56Z"",""eligibility_changed"":false,""equivalent"":false,""new_york_date_boundary"":false,""offset_seconds"":14400.0,""reasons"":[""DISTINCT_PARENT_ACCESSIONS_WITHOUT_REVIEWED_EXCLUSION_OR_PRECEDENCE"",""UNRESOLVED_COMPETING_CONTEXT""],""representation_match"":true,""rule_version"":""same_sec_parent_timestamp_representation_v1"",""same_parent"":true,""stored_evidence_hash"":""5f7f4913a0ed12a677dbf6b76e054d8a84fbd10690cbe8fa13c4f2ff085fb1cf"",""stored_timestamp"":""2025-10-22T13:17:56Z"",""utc_date_boundary"":false},{""accession"":""0001628280-25-053333"",""classification"":""TIMESTAMP_PLUS_INDEPENDENT_AMBIGUITY"",""current_evidence_hash"":""569f179c6cbee77db8c32802fa7c107d85397591b349a016fefff40811fa9070"",""current_timestamp"":""2025-11-20T18:34:03Z"",""eligibility_changed"":false,""equivalent"":false,""new_york_date_boundary"":false,""offset_seconds"":18000.0,""reasons"":[""DISTINCT_PARENT_ACCESSIONS_WITHOUT_REVIEWED_EXCLUSION_OR_PRECEDENCE"",""UNRESOLVED_COMPETING_CONTEXT""],""representation_match"":true,""rule_version"":""same_sec_parent_timestamp_representation_v1"",""same_parent"":true,""stored_evidence_hash"":""749a92aacfa55320f359778f66edff6168d9ea69dc6d84e3cc780f296b691613"",""stored_timestamp"":""2025-11-20T13:34:03Z"",""utc_date_boundary"":false}]"
1908,2026,Q4,68017,ROIV,TIMESTAMP_PLUS_INDEPENDENT_AMBIGUITY,2,True,False,False,False,DISTINCT_PARENT_ACCESSIONS_WITHOUT_REVIEWED_EXCLUSION_OR_PRECEDENCE;UNRESOLVED_COMPETING_CONTEXT,AMBIGUOUS,REVIEW,LEGACY_AMBIGUITY,"[{""accession"":""0001140361-26-012885"",""classification"":""TIMESTAMP_PLUS_INDEPENDENT_AMBIGUITY"",""current_evidence_hash"":""3e57677b2594ef81757ccad65d42e7552eff2dc46a923d442ce5014fcdf4a892"",""current_timestamp"":""2026-04-02T15:00:32Z"",""eligibility_changed"":false,""equivalent"":false,""new_york_date_boundary"":false,""offset_seconds"":14400.0,""reasons"":[""DISTINCT_PARENT_ACCESSIONS_WITHOUT_REVIEWED_EXCLUSION_OR_PRECEDENCE"",""UNRESOLVED_COMPETING_CONTEXT""],""representation_match"":true,""rule_version"":""same_sec_parent_timestamp_representation_v1"",""same_parent"":true,""stored_evidence_hash"":""5842872607b505ab49fdaace82f43435eeb3e01881b0e46bc4f3403886a29c4f"",""stored_timestamp"":""2026-04-02T11:00:32Z"",""utc_date_boundary"":false},{""accession"":""0001635088-26-000060"",""classification"":""TIMESTAMP_PLUS_INDEPENDENT_AMBIGUITY"",""current_evidence_hash"":""6a3ebeab902b20407a3213d718182b0906235f78a2c2e250a594f9c4e21b193b"",""current_timestamp"":""2026-05-20T15:14:10Z"",""eligibility_changed"":false,""equivalent"":false,""new_york_date_boundary"":false,""offset_seconds"":14400.0,""reasons"":[""DISTINCT_PARENT_ACCESSIONS_WITHOUT_REVIEWED_EXCLUSION_OR_PRECEDENCE"",""UNRESOLVED_COMPETING_CONTEXT""],""representation_match"":true,""rule_version"":""same_sec_parent_timestamp_representation_v1"",""same_parent"":true,""stored_evidence_hash"":""d192ac1e945e5fd91f627dbef4e569ce6a1644989ca3995897cf36b686da5470"",""stored_timestamp"":""2026-05-20T11:14:10Z"",""utc_date_boundary"":false}]"
1922,2025,Q2,68521,RRGB,TIMESTAMP_PLUS_INDEPENDENT_AMBIGUITY,2,False,True,False,False,DISTINCT_PARENT_ACCESSIONS_WITHOUT_REVIEWED_EXCLUSION_OR_PRECEDENCE,AMBIGUOUS,REVIEW,LEGACY_AMBIGUITY,"[{""accession"":""0001171759-25-000022"",""classification"":""TIMESTAMP_PLUS_INDEPENDENT_AMBIGUITY"",""current_evidence_hash"":""ce7f97f6dcf08c0dc3755eb5691927f9f9926ed532a7907048fbc9e9b0a97182"",""current_timestamp"":""2025-07-15T00:10:16Z"",""eligibility_changed"":false,""equivalent"":false,""new_york_date_boundary"":false,""offset_seconds"":14400.0,""reasons"":[""DISTINCT_PARENT_ACCESSIONS_WITHOUT_REVIEWED_EXCLUSION_OR_PRECEDENCE""],""representation_match"":true,""rule_version"":""same_sec_parent_timestamp_representation_v1"",""same_parent"":true,""stored_evidence_hash"":""7894e2d81c98111a3ea7ef27eae4b8c36997d3df483a86d973394ef667f7dcb3"",""stored_timestamp"":""2025-07-14T20:10:16Z"",""utc_date_boundary"":true},{""accession"":""0001171759-25-000027"",""classification"":""TIMESTAMP_PLUS_INDEPENDENT_AMBIGUITY"",""current_evidence_hash"":""de4026c74b3506c0d868a562c9738a7c42b7ffca34682bc6ffd5ea535d9bffdf"",""current_timestamp"":""2025-08-14T00:10:20Z"",""eligibility_changed"":false,""equivalent"":false,""new_york_date_boundary"":false,""offset_seconds"":14400.0,""reasons"":[""DISTINCT_PARENT_ACCESSIONS_WITHOUT_REVIEWED_EXCLUSION_OR_PRECEDENCE""],""representation_match"":true,""rule_version"":""same_sec_parent_timestamp_representation_v1"",""same_parent"":true,""stored_evidence_hash"":""50126136c449babe71c1aeba3698950defa93cadb40d85ae09dab2d6c343e4a2"",""stored_timestamp"":""2025-08-13T20:10:20Z"",""utc_date_boundary"":true}]"
1922,2025,Q3,68522,RRGB,TIMESTAMP_PLUS_INDEPENDENT_AMBIGUITY,2,True,True,False,False,DISTINCT_PARENT_ACCESSIONS_WITHOUT_REVIEWED_EXCLUSION_OR_PRECEDENCE;UNRESOLVED_COMPETING_CONTEXT,AMBIGUOUS,REVIEW,LEGACY_AMBIGUITY,"[{""accession"":""0000950142-25-002895"",""classification"":""TIMESTAMP_PLUS_INDEPENDENT_AMBIGUITY"",""current_evidence_hash"":""d0936c63b802e6fb19793be89daa309e7cf512d088e547cf9ae296378b32a0e6"",""current_timestamp"":""2025-11-06T02:11:39Z"",""eligibility_changed"":false,""equivalent"":false,""new_york_date_boundary"":false,""offset_seconds"":18000.0,""reasons"":[""DISTINCT_PARENT_ACCESSIONS_WITHOUT_REVIEWED_EXCLUSION_OR_PRECEDENCE"",""UNRESOLVED_COMPETING_CONTEXT""],""representation_match"":true,""rule_version"":""same_sec_parent_timestamp_representation_v1"",""same_parent"":true,""stored_evidence_hash"":""d1330327bd259adc48e5dcb1a8fd0c371f65959b561a26258ca000ca270fab25"",""stored_timestamp"":""2025-11-05T21:11:39Z"",""utc_date_boundary"":true},{""accession"":""0001628280-25-051032"",""classification"":""TIMESTAMP_PLUS_INDEPENDENT_AMBIGUITY"",""current_evidence_hash"":""dc2767cb2cbedcdf27e40e66ced4b05b4ab84b501f48f7b827fb8c3574dba26c"",""current_timestamp"":""2025-11-11T02:08:42Z"",""eligibility_changed"":false,""equivalent"":false,""new_york_date_boundary"":false,""offset_seconds"":18000.0,""reasons"":[""DISTINCT_PARENT_ACCESSIONS_WITHOUT_REVIEWED_EXCLUSION_OR_PRECEDENCE"",""UNRESOLVED_COMPETING_CONTEXT""],""representation_match"":true,""rule_version"":""same_sec_parent_timestamp_representation_v1"",""same_parent"":true,""stored_evidence_hash"":""9d5e3bf958a248e400615e89b3b9f5fea1af5a84d2055c6e6e6787d9b92d105b"",""stored_timestamp"":""2025-11-10T21:08:42Z"",""utc_date_boundary"":true}]"
1934,2025,Q4,68960,RVTY,TIMESTAMP_PLUS_INDEPENDENT_AMBIGUITY,2,True,False,False,False,DISTINCT_PARENT_ACCESSIONS_WITHOUT_REVIEWED_EXCLUSION_OR_PRECEDENCE;UNRESOLVED_COMPETING_CONTEXT,AMBIGUOUS,REVIEW,LEGACY_AMBIGUITY,"[{""accession"":""0000031791-26-000003"",""classification"":""TIMESTAMP_PLUS_INDEPENDENT_AMBIGUITY"",""current_evidence_hash"":""a06c556459d633ea9e8497a8ac9b8ad44bbff330ff1ef907b6cf3c3d9666c969"",""current_timestamp"":""2026-01-13T19:14:58Z"",""eligibility_changed"":false,""equivalent"":false,""new_york_date_boundary"":false,""offset_seconds"":18000.0,""reasons"":[""DISTINCT_PARENT_ACCESSIONS_WITHOUT_REVIEWED_EXCLUSION_OR_PRECEDENCE"",""UNRESOLVED_COMPETING_CONTEXT""],""representation_match"":true,""rule_version"":""same_sec_parent_timestamp_representation_v1"",""same_parent"":true,""stored_evidence_hash"":""33626825a7bad21e9de916eda3014b9c85ea516a6cd99f24acea7f859e916a76"",""stored_timestamp"":""2026-01-13T14:14:58Z"",""utc_date_boundary"":false},{""accession"":""0000031791-26-000007"",""classification"":""TIMESTAMP_PLUS_INDEPENDENT_AMBIGUITY"",""current_evidence_hash"":""de4f4ec0d64ef6693a079b17862c867ef4a748e4f3ca10c43101df939d8b8115"",""current_timestamp"":""2026-02-02T17:05:11Z"",""eligibility_changed"":false,""equivalent"":false,""new_york_date_boundary"":false,""offset_seconds"":18000.0,""reasons"":[""DISTINCT_PARENT_ACCESSIONS_WITHOUT_REVIEWED_EXCLUSION_OR_PRECEDENCE"",""UNRESOLVED_COMPETING_CONTEXT""],""representation_match"":true,""rule_version"":""same_sec_parent_timestamp_representation_v1"",""same_parent"":true,""stored_evidence_hash"":""a357f68d54c39f5ddda4c0a3e2047e3eff831a9f81bb8d631437618acbc1b39a"",""stored_timestamp"":""2026-02-02T12:05:11Z"",""utc_date_boundary"":false}]"
1979,2025,Q1,70436,SES,TIMESTAMP_PLUS_INDEPENDENT_AMBIGUITY,2,False,True,False,False,DISTINCT_PARENT_ACCESSIONS_WITHOUT_REVIEWED_EXCLUSION_OR_PRECEDENCE,AMBIGUOUS,REVIEW,LEGACY_AMBIGUITY,"[{""accession"":""0001819142-25-000024"",""classification"":""TIMESTAMP_PLUS_INDEPENDENT_AMBIGUITY"",""current_evidence_hash"":""13d3ca124b200ffd7db2153b16ab4d5d826f8e350b9e488599219ce9832f0265"",""current_timestamp"":""2025-04-08T15:00:25Z"",""eligibility_changed"":false,""equivalent"":false,""new_york_date_boundary"":false,""offset_seconds"":14400.0,""reasons"":[""DISTINCT_PARENT_ACCESSIONS_WITHOUT_REVIEWED_EXCLUSION_OR_PRECEDENCE""],""representation_match"":true,""rule_version"":""same_sec_parent_timestamp_representation_v1"",""same_parent"":true,""stored_evidence_hash"":""76b6eedfa7f7a596948cde5ecb5106062636b63438c9d56a1141c5bbfcd2010f"",""stored_timestamp"":""2025-04-08T11:00:25Z"",""utc_date_boundary"":false},{""accession"":""0001819142-25-000027"",""classification"":""TIMESTAMP_PLUS_INDEPENDENT_AMBIGUITY"",""current_evidence_hash"":""5e7a8c121a45e550f15cd289fee221e930184f22a1a061e35dfbf0056e7a3df0"",""current_timestamp"":""2025-04-25T00:20:15Z"",""eligibility_changed"":false,""equivalent"":false,""new_york_date_boundary"":false,""offset_seconds"":14400.0,""reasons"":[""DISTINCT_PARENT_ACCESSIONS_WITHOUT_REVIEWED_EXCLUSION_OR_PRECEDENCE""],""representation_match"":true,""rule_version"":""same_sec_parent_timestamp_representation_v1"",""same_parent"":true,""stored_evidence_hash"":""492c8e9ca80b32813bffb2b41aee9feaf040331fb7723904a3fa19531831bae7"",""stored_timestamp"":""2025-04-24T20:20:15Z"",""utc_date_boundary"":true}]"
1979,2025,Q2,70437,SES,TIMESTAMP_PLUS_INDEPENDENT_AMBIGUITY,2,True,True,False,False,DISTINCT_PARENT_ACCESSIONS_WITHOUT_REVIEWED_EXCLUSION_OR_PRECEDENCE;UNRESOLVED_COMPETING_CONTEXT,AMBIGUOUS,REVIEW,LEGACY_AMBIGUITY,"[{""accession"":""0001819142-25-000038"",""classification"":""TIMESTAMP_PLUS_INDEPENDENT_AMBIGUITY"",""current_evidence_hash"":""86347667e189e6ab9e1080887559137dec13dbad09f82a4b2bec50aa6fac963b"",""current_timestamp"":""2025-07-28T14:59:19Z"",""eligibility_changed"":false,""equivalent"":false,""new_york_date_boundary"":false,""offset_seconds"":14400.0,""reasons"":[""DISTINCT_PARENT_ACCESSIONS_WITHOUT_REVIEWED_EXCLUSION_OR_PRECEDENCE"",""UNRESOLVED_COMPETING_CONTEXT""],""representation_match"":true,""rule_version"":""same_sec_parent_timestamp_representation_v1"",""same_parent"":true,""stored_evidence_hash"":""615f4de0c4ddb2a131013be7109e8e97805a18ea9588e9066bf864eed8b3fe07"",""stored_timestamp"":""2025-07-28T10:59:19Z"",""utc_date_boundary"":false},{""accession"":""0001819142-25-000044"",""classification"":""TIMESTAMP_PLUS_INDEPENDENT_AMBIGUITY"",""current_evidence_hash"":""8ea85c0164be129084bdf3a6fa33c47a0e1b07bd9789c0733041a2e7d3f31524"",""current_timestamp"":""2025-08-05T00:15:38Z"",""eligibility_changed"":false,""equivalent"":false,""new_york_date_boundary"":false,""offset_seconds"":14400.0,""reasons"":[""DISTINCT_PARENT_ACCESSIONS_WITHOUT_REVIEWED_EXCLUSION_OR_PRECEDENCE"",""UNRESOLVED_COMPETING_CONTEXT""],""representation_match"":true,""rule_version"":""same_sec_parent_timestamp_representation_v1"",""same_parent"":true,""stored_evidence_hash"":""c9679e71fa1c69a064a89c137367eef71333ab2eca2d43f7b02ee691dc53e355"",""stored_timestamp"":""2025-08-04T20:15:38Z"",""utc_date_boundary"":true}]"
1979,2026,Q1,70440,SES,TIMESTAMP_PLUS_INDEPENDENT_AMBIGUITY,2,True,True,False,False,DISTINCT_PARENT_ACCESSIONS_WITHOUT_REVIEWED_EXCLUSION_OR_PRECEDENCE;UNRESOLVED_COMPETING_CONTEXT,AMBIGUOUS,REVIEW,LEGACY_AMBIGUITY,"[{""accession"":""0001819142-26-000015"",""classification"":""TIMESTAMP_PLUS_INDEPENDENT_AMBIGUITY"",""current_evidence_hash"":""bcd86b7230c27c1c3e2b49cc0d2ed683798228c50ad16f59bc1bf7f9c516ebda"",""current_timestamp"":""2026-04-01T15:00:13Z"",""eligibility_changed"":false,""equivalent"":false,""new_york_date_boundary"":false,""offset_seconds"":14400.0,""reasons"":[""DISTINCT_PARENT_ACCESSIONS_WITHOUT_REVIEWED_EXCLUSION_OR_PRECEDENCE"",""UNRESOLVED_COMPETING_CONTEXT""],""representation_match"":true,""rule_version"":""same_sec_parent_timestamp_representation_v1"",""same_parent"":true,""stored_evidence_hash"":""b9bacfe687f3c202445a9b1ce0a77c7a56a58596978e54390c7962383cba4156"",""stored_timestamp"":""2026-04-01T11:00:13Z"",""utc_date_boundary"":false},{""accession"":""0001819142-26-000019"",""classification"":""TIMESTAMP_PLUS_INDEPENDENT_AMBIGUITY"",""current_evidence_hash"":""1df653e874440f6acecb4d906b998309cf59329113652beafa83ac5f954e6c45"",""current_timestamp"":""2026-04-24T00:20:22Z"",""eligibility_changed"":false,""equivalent"":false,""new_york_date_boundary"":false,""offset_seconds"":14400.0,""reasons"":[""DISTINCT_PARENT_ACCESSIONS_WITHOUT_REVIEWED_EXCLUSION_OR_PRECEDENCE"",""UNRESOLVED_COMPETING_CONTEXT""],""representation_match"":true,""rule_version"":""same_sec_parent_timestamp_representation_v1"",""same_parent"":true,""stored_evidence_hash"":""edf50210c38a566413ab29cb34f6467a5f7a8b8e8ad317552894b53828c01621"",""stored_timestamp"":""2026-04-23T20:20:22Z"",""utc_date_boundary"":true}]"
1983,2025,Q4,70561,SGHT,TIMESTAMP_PLUS_INDEPENDENT_AMBIGUITY,2,True,True,False,False,DISTINCT_PARENT_ACCESSIONS_WITHOUT_REVIEWED_EXCLUSION_OR_PRECEDENCE;UNRESOLVED_COMPETING_CONTEXT,AMBIGUOUS,REVIEW,LEGACY_AMBIGUITY,"[{""accession"":""0001193125-26-011106"",""classification"":""TIMESTAMP_PLUS_INDEPENDENT_AMBIGUITY"",""current_evidence_hash"":""54af87d0527db2e99199b97ffc95256e81eb2744328686a4cbf7a2888bb50b52"",""current_timestamp"":""2026-01-13T17:09:56Z"",""eligibility_changed"":false,""equivalent"":false,""new_york_date_boundary"":false,""offset_seconds"":18000.0,""reasons"":[""DISTINCT_PARENT_ACCESSIONS_WITHOUT_REVIEWED_EXCLUSION_OR_PRECEDENCE"",""UNRESOLVED_COMPETING_CONTEXT""],""representation_match"":true,""rule_version"":""same_sec_parent_timestamp_representation_v1"",""same_parent"":true,""stored_evidence_hash"":""e4598270519f7078ddde2a364c06a2a162a56234d9ff89a00e648637455baecf"",""stored_timestamp"":""2026-01-13T12:09:56Z"",""utc_date_boundary"":false},{""accession"":""0001193125-26-091482"",""classification"":""TIMESTAMP_PLUS_INDEPENDENT_AMBIGUITY"",""current_evidence_hash"":""52b55bc311502ad68acf64dee4df9b6edc346e1194b30e65b25a98669e033632"",""current_timestamp"":""2026-03-05T02:08:05Z"",""eligibility_changed"":false,""equivalent"":false,""new_york_date_boundary"":false,""offset_seconds"":18000.0,""reasons"":[""DISTINCT_PARENT_ACCESSIONS_WITHOUT_REVIEWED_EXCLUSION_OR_PRECEDENCE"",""UNRESOLVED_COMPETING_CONTEXT""],""representation_match"":true,""rule_version"":""same_sec_parent_timestamp_representation_v1"",""same_parent"":true,""stored_evidence_hash"":""18b35d1e5048b07be25ea5050defcf70d9c235b1fd016d42c85367848d6990e5"",""stored_timestamp"":""2026-03-04T21:08:05Z"",""utc_date_boundary"":true}]"
1997,2025,Q4,71044,SIBN,TIMESTAMP_PLUS_INDEPENDENT_AMBIGUITY,2,True,True,False,False,DISTINCT_PARENT_ACCESSIONS_WITHOUT_REVIEWED_EXCLUSION_OR_PRECEDENCE;UNRESOLVED_COMPETING_CONTEXT,AMBIGUOUS,REVIEW,LEGACY_AMBIGUITY,"[{""accession"":""0001459839-26-000010"",""classification"":""TIMESTAMP_PLUS_INDEPENDENT_AMBIGUITY"",""current_evidence_hash"":""04a396d98ad3f106743ff4c0ac39a5afdba79ef220baa664a86f49d6046bf575"",""current_timestamp"":""2026-01-12T19:11:14Z"",""eligibility_changed"":false,""equivalent"":false,""new_york_date_boundary"":false,""offset_seconds"":18000.0,""reasons"":[""DISTINCT_PARENT_ACCESSIONS_WITHOUT_REVIEWED_EXCLUSION_OR_PRECEDENCE"",""UNRESOLVED_COMPETING_CONTEXT""],""representation_match"":true,""rule_version"":""same_sec_parent_timestamp_representation_v1"",""same_parent"":true,""stored_evidence_hash"":""33db0b8c3f53d8c7023ec88a0b4b23e47633dacc7f4c5b40ee32e19cb280de15"",""stored_timestamp"":""2026-01-12T14:11:14Z"",""utc_date_boundary"":false},{""accession"":""0001459839-26-000022"",""classification"":""TIMESTAMP_PLUS_INDEPENDENT_AMBIGUITY"",""current_evidence_hash"":""bbac66d25a98f5ba9332ba43b654fb0ada1dea516c9ed810fddd64b3c8709755"",""current_timestamp"":""2026-02-24T02:11:55Z"",""eligibility_changed"":false,""equivalent"":false,""new_york_date_boundary"":false,""offset_seconds"":18000.0,""reasons"":[""DISTINCT_PARENT_ACCESSIONS_WITHOUT_REVIEWED_EXCLUSION_OR_PRECEDENCE"",""UNRESOLVED_COMPETING_CONTEXT""],""representation_match"":true,""rule_version"":""same_sec_parent_timestamp_representation_v1"",""same_parent"":true,""stored_evidence_hash"":""dfcb29cb320813d40d5412ddf40220f719e508feb7f8b2b007f07e7fdb8f3d47"",""stored_timestamp"":""2026-02-23T21:11:55Z"",""utc_date_boundary"":true}]"
1998,2025,Q1,71062,SIDU,TIMESTAMP_PLUS_INDEPENDENT_AMBIGUITY,2,True,True,False,False,DISTINCT_PARENT_ACCESSIONS_WITHOUT_REVIEWED_EXCLUSION_OR_PRECEDENCE;UNRESOLVED_COMPETING_CONTEXT,AMBIGUOUS,REVIEW,LEGACY_AMBIGUITY,"[{""accession"":""0001641172-25-001851"",""classification"":""TIMESTAMP_PLUS_INDEPENDENT_AMBIGUITY"",""current_evidence_hash"":""32fb6eb30f6e22d56476b8fd3c40629284a3573a188f152e8686a0f13e5755e8"",""current_timestamp"":""2025-04-01T01:15:30Z"",""eligibility_changed"":false,""equivalent"":false,""new_york_date_boundary"":false,""offset_seconds"":14400.0,""reasons"":[""DISTINCT_PARENT_ACCESSIONS_WITHOUT_REVIEWED_EXCLUSION_OR_PRECEDENCE"",""UNRESOLVED_COMPETING_CONTEXT""],""representation_match"":true,""rule_version"":""same_sec_parent_timestamp_representation_v1"",""same_parent"":true,""stored_evidence_hash"":""2fd3fe6bd47eebb5cb1af29b26a443852275f4852b8a75f8f91007f6eeb376eb"",""stored_timestamp"":""2025-03-31T21:15:30Z"",""utc_date_boundary"":true},{""accession"":""0001641172-25-011064"",""classification"":""TIMESTAMP_PLUS_INDEPENDENT_AMBIGUITY"",""current_evidence_hash"":""72723ccb57222db23d2f44a38ac8d9c38ca7bf286b7ea8620b35a37890edc9fd"",""current_timestamp"":""2025-05-16T01:07:17Z"",""eligibility_changed"":false,""equivalent"":false,""new_york_date_boundary"":false,""offset_seconds"":14400.0,""reasons"":[""DISTINCT_PARENT_ACCESSIONS_WITHOUT_REVIEWED_EXCLUSION_OR_PRECEDENCE"",""UNRESOLVED_COMPETING_CONTEXT""],""representation_match"":true,""rule_version"":""same_sec_parent_timestamp_representation_v1"",""same_parent"":true,""stored_evidence_hash"":""4e079222d9ca405a1e721543d266855ad24cf9836bee2c9753071a7ab6dfd32b"",""stored_timestamp"":""2025-05-15T21:07:17Z"",""utc_date_boundary"":true}]"
2018,2025,Q1,71779,SLE,TIMESTAMP_PLUS_INDEPENDENT_AMBIGUITY,2,False,True,False,False,DISTINCT_PARENT_ACCESSIONS_WITHOUT_REVIEWED_EXCLUSION_OR_PRECEDENCE,AMBIGUOUS,REVIEW,LEGACY_AMBIGUITY,"[{""accession"":""0001437749-25-010917"",""classification"":""TIMESTAMP_PLUS_INDEPENDENT_AMBIGUITY"",""current_evidence_hash"":""23d2f8b87ee978cded29044ac5fd7a001e4db4a5fea25d8eb4047ea13c451d74"",""current_timestamp"":""2025-04-04T01:10:44Z"",""eligibility_changed"":false,""equivalent"":false,""new_york_date_boundary"":false,""offset_seconds"":14400.0,""reasons"":[""DISTINCT_PARENT_ACCESSIONS_WITHOUT_REVIEWED_EXCLUSION_OR_PRECEDENCE""],""representation_match"":true,""rule_version"":""same_sec_parent_timestamp_representation_v1"",""same_parent"":true,""stored_evidence_hash"":""d95b99180dc35556e97c87f2dd2c5232b08690d0a11dbc224eb2b4907b12f5a6"",""stored_timestamp"":""2025-04-03T21:10:44Z"",""utc_date_boundary"":true},{""accession"":""0001437749-25-017610"",""classification"":""TIMESTAMP_PLUS_INDEPENDENT_AMBIGUITY"",""current_evidence_hash"":""931ffa814291e93d20b6e80fbb4684b75f8446773bd44451d4be98718b62dca8"",""current_timestamp"":""2025-05-20T00:00:38Z"",""eligibility_changed"":false,""equivalent"":false,""new_york_date_boundary"":false,""offset_seconds"":14400.0,""reasons"":[""DISTINCT_PARENT_ACCESSIONS_WITHOUT_REVIEWED_EXCLUSION_OR_PRECEDENCE""],""representation_match"":true,""rule_version"":""same_sec_parent_timestamp_representation_v1"",""same_parent"":true,""stored_evidence_hash"":""543876438297a193ba61dbdeed6240457d3ad388bb767fb0e7d896735a072177"",""stored_timestamp"":""2025-05-19T20:00:38Z"",""utc_date_boundary"":true}]"
2022,2025,Q4,71928,SLP,TIMESTAMP_PLUS_INDEPENDENT_AMBIGUITY,2,True,True,False,False,DISTINCT_PARENT_ACCESSIONS_WITHOUT_REVIEWED_EXCLUSION_OR_PRECEDENCE;UNRESOLVED_COMPETING_CONTEXT,AMBIGUOUS,REVIEW,LEGACY_AMBIGUITY,"[{""accession"":""0001023459-25-000051"",""classification"":""TIMESTAMP_PLUS_INDEPENDENT_AMBIGUITY"",""current_evidence_hash"":""bcd36d5a758a8f4bc15fecfab9fd2eeaae017275a1ec3b1bb267da9291f16f73"",""current_timestamp"":""2025-10-22T15:51:07Z"",""eligibility_changed"":false,""equivalent"":false,""new_york_date_boundary"":false,""offset_seconds"":14400.0,""reasons"":[""DISTINCT_PARENT_ACCESSIONS_WITHOUT_REVIEWED_EXCLUSION_OR_PRECEDENCE"",""UNRESOLVED_COMPETING_CONTEXT""],""representation_match"":true,""rule_version"":""same_sec_parent_timestamp_representation_v1"",""same_parent"":true,""stored_evidence_hash"":""31cc15f58864177f1a35481bff946d62260a75c7b6fbd21bdb0fd4e566a6af73"",""stored_timestamp"":""2025-10-22T11:51:07Z"",""utc_date_boundary"":false},{""accession"":""0001023459-25-000059"",""classification"":""TIMESTAMP_PLUS_INDEPENDENT_AMBIGUITY"",""current_evidence_hash"":""0f6b64831ae9f84127c58bbffe3460cbdbda08303fcfc5441419f5ddaa4f940d"",""current_timestamp"":""2025-12-02T02:06:44Z"",""eligibility_changed"":false,""equivalent"":false,""new_york_date_boundary"":false,""offset_seconds"":18000.0,""reasons"":[""DISTINCT_PARENT_ACCESSIONS_WITHOUT_REVIEWED_EXCLUSION_OR_PRECEDENCE"",""UNRESOLVED_COMPETING_CONTEXT""],""representation_match"":true,""rule_version"":""same_sec_parent_timestamp_representation_v1"",""same_parent"":true,""stored_evidence_hash"":""3777e7dd4a5520fa765d26273e1d990414bf669825f0fc2ee5d48f73f4362d62"",""stored_timestamp"":""2025-12-01T21:06:44Z"",""utc_date_boundary"":true}]"
2027,2025,Q3,72085,SMCI,TIMESTAMP_PLUS_INDEPENDENT_AMBIGUITY,2,True,True,False,False,DISTINCT_PARENT_ACCESSIONS_WITHOUT_REVIEWED_EXCLUSION_OR_PRECEDENCE;UNRESOLVED_COMPETING_CONTEXT,AMBIGUOUS,REVIEW,LEGACY_AMBIGUITY,"[{""accession"":""0001375365-25-000012"",""classification"":""TIMESTAMP_PLUS_INDEPENDENT_AMBIGUITY"",""current_evidence_hash"":""c4e23032e5ee9b49f52923344e09dc343d16306d50e3921a146e51fcdb20543e"",""current_timestamp"":""2025-04-30T00:37:47Z"",""eligibility_changed"":false,""equivalent"":false,""new_york_date_boundary"":false,""offset_seconds"":14400.0,""reasons"":[""DISTINCT_PARENT_ACCESSIONS_WITHOUT_REVIEWED_EXCLUSION_OR_PRECEDENCE"",""UNRESOLVED_COMPETING_CONTEXT""],""representation_match"":true,""rule_version"":""same_sec_parent_timestamp_representation_v1"",""same_parent"":true,""stored_evidence_hash"":""576a02c6aae6685ff8faac33114fb11f290583c1f1e6aa847be52956c644093c"",""stored_timestamp"":""2025-04-29T20:37:47Z"",""utc_date_boundary"":true},{""accession"":""0001375365-25-000013"",""classification"":""TIMESTAMP_PLUS_INDEPENDENT_AMBIGUITY"",""current_evidence_hash"":""529ce68f435cc03f2fe6a9caa3bc64ec6c304f7f2ef115e4b0e5079be235a6e7"",""current_timestamp"":""2025-05-07T00:07:05Z"",""eligibility_changed"":false,""equivalent"":false,""new_york_date_boundary"":false,""offset_seconds"":14400.0,""reasons"":[""DISTINCT_PARENT_ACCESSIONS_WITHOUT_REVIEWED_EXCLUSION_OR_PRECEDENCE"",""UNRESOLVED_COMPETING_CONTEXT""],""representation_match"":true,""rule_version"":""same_sec_parent_timestamp_representation_v1"",""same_parent"":true,""stored_evidence_hash"":""60135f56529a6431e25879139cf33c7ab3af5ddd136aee81367d61850bec56ef"",""stored_timestamp"":""2025-05-06T20:07:05Z"",""utc_date_boundary"":true}]"
2027,2026,Q1,72087,SMCI,TIMESTAMP_PLUS_INDEPENDENT_AMBIGUITY,2,True,True,False,False,DISTINCT_PARENT_ACCESSIONS_WITHOUT_REVIEWED_EXCLUSION_OR_PRECEDENCE;UNRESOLVED_COMPETING_CONTEXT,AMBIGUOUS,REVIEW,LEGACY_AMBIGUITY,"[{""accession"":""0001375365-25-000029"",""classification"":""TIMESTAMP_PLUS_INDEPENDENT_AMBIGUITY"",""current_evidence_hash"":""20cfa9e3e73726b7d1f3f5958ca1f8d0c86b3465c6645cddabbe4081663f1f34"",""current_timestamp"":""2025-11-05T02:08:59Z"",""eligibility_changed"":false,""equivalent"":false,""new_york_date_boundary"":false,""offset_seconds"":18000.0,""reasons"":[""DISTINCT_PARENT_ACCESSIONS_WITHOUT_REVIEWED_EXCLUSION_OR_PRECEDENCE"",""UNRESOLVED_COMPETING_CONTEXT""],""representation_match"":true,""rule_version"":""same_sec_parent_timestamp_representation_v1"",""same_parent"":true,""stored_evidence_hash"":""c7e313d67341a2d7fcbdb9f54d1ba97016e27f9d4a8925073e250ed96130359f"",""stored_timestamp"":""2025-11-04T21:08:59Z"",""utc_date_boundary"":true},{""accession"":""0001628280-25-045989"",""classification"":""TIMESTAMP_PLUS_INDEPENDENT_AMBIGUITY"",""current_evidence_hash"":""b7e8c1271a10c4a7907a1b314917242914d6b74e759cfc34c5bb7094643e0207"",""current_timestamp"":""2025-10-23T17:09:02Z"",""eligibility_changed"":false,""equivalent"":false,""new_york_date_boundary"":false,""offset_seconds"":14400.0,""reasons"":[""DISTINCT_PARENT_ACCESSIONS_WITHOUT_REVIEWED_EXCLUSION_OR_PRECEDENCE"",""UNRESOLVED_COMPETING_CONTEXT""],""representation_match"":true,""rule_version"":""same_sec_parent_timestamp_representation_v1"",""same_parent"":true,""stored_evidence_hash"":""17821168d88490ad59eb42cc7a101c6a4d6576606b985251294ae0e72289b628"",""stored_timestamp"":""2025-10-23T13:09:02Z"",""utc_date_boundary"":false}]"
2028,2025,Q2,72126,SMG,TIMESTAMP_PLUS_INDEPENDENT_AMBIGUITY,2,True,False,False,False,DISTINCT_PARENT_ACCESSIONS_WITHOUT_REVIEWED_EXCLUSION_OR_PRECEDENCE;UNRESOLVED_COMPETING_CONTEXT,AMBIGUOUS,REVIEW,LEGACY_AMBIGUITY,"[{""accession"":""0001443984-25-000153"",""classification"":""TIMESTAMP_PLUS_INDEPENDENT_AMBIGUITY"",""current_evidence_hash"":""c2fb3917ab335d1b131e072c31335df29190042548f199b8dd68c1fc8f02d2a0"",""current_timestamp"":""2025-04-28T16:01:09Z"",""eligibility_changed"":false,""equivalent"":false,""new_york_date_boundary"":false,""offset_seconds"":14400.0,""reasons"":[""DISTINCT_PARENT_ACCESSIONS_WITHOUT_REVIEWED_EXCLUSION_OR_PRECEDENCE"",""UNRESOLVED_COMPETING_CONTEXT""],""representation_match"":true,""rule_version"":""same_sec_parent_timestamp_representation_v1"",""same_parent"":true,""stored_evidence_hash"":""e9a86d49176d85c95ae1fb37a80e5b369f6c7c71797b1b262a20e8451a9ef778"",""stored_timestamp"":""2025-04-28T12:01:09Z"",""utc_date_boundary"":false},{""accession"":""0001546380-25-000010"",""classification"":""TIMESTAMP_PLUS_INDEPENDENT_AMBIGUITY"",""current_evidence_hash"":""4e41df2ce7b731dc399cee486d4fa6c667d707bacf617c8373722e1994e7d41a"",""current_timestamp"":""2025-04-30T15:42:22Z"",""eligibility_changed"":false,""equivalent"":false,""new_york_date_boundary"":false,""offset_seconds"":14400.0,""reasons"":[""DISTINCT_PARENT_ACCESSIONS_WITHOUT_REVIEWED_EXCLUSION_OR_PRECEDENCE"",""UNRESOLVED_COMPETING_CONTEXT""],""representation_match"":true,""rule_version"":""same_sec_parent_timestamp_representation_v1"",""same_parent"":true,""stored_evidence_hash"":""4595eb4aed59297021336db25f63b4f6296149e5250de72c0b33257523a9c57b"",""stored_timestamp"":""2025-04-30T11:42:22Z"",""utc_date_boundary"":false}]"
2030,2025,Q4,72207,SMMT,TIMESTAMP_PLUS_INDEPENDENT_AMBIGUITY,2,True,True,False,False,DISTINCT_PARENT_ACCESSIONS_WITHOUT_REVIEWED_EXCLUSION_OR_PRECEDENCE;UNRESOLVED_COMPETING_CONTEXT,AMBIGUOUS,REVIEW,LEGACY_AMBIGUITY,"[{""accession"":""0001599298-26-000004"",""classification"":""TIMESTAMP_PLUS_INDEPENDENT_AMBIGUITY"",""current_evidence_hash"":""37be6aadf3f9f07ee4f1c84b45f4ccf16b097a5198322f276bb5a5223cbd80b2"",""current_timestamp"":""2026-01-12T17:43:04Z"",""eligibility_changed"":false,""equivalent"":false,""new_york_date_boundary"":false,""offset_seconds"":18000.0,""reasons"":[""DISTINCT_PARENT_ACCESSIONS_WITHOUT_REVIEWED_EXCLUSION_OR_PRECEDENCE"",""UNRESOLVED_COMPETING_CONTEXT""],""representation_match"":true,""rule_version"":""same_sec_parent_timestamp_representation_v1"",""same_parent"":true,""stored_evidence_hash"":""25e647384ff9c683c966beb8ac3f27104b1f1d55cd94b90d6f7be4d8cd7f4617"",""stored_timestamp"":""2026-01-12T12:43:04Z"",""utc_date_boundary"":false},{""accession"":""0001599298-26-000014"",""classification"":""TIMESTAMP_PLUS_INDEPENDENT_AMBIGUITY"",""current_evidence_hash"":""a1d1f933856222db5f15b90f913c8838202dc49dbc68bf29beb3d1e014aa98f3"",""current_timestamp"":""2026-02-24T02:07:53Z"",""eligibility_changed"":false,""equivalent"":false,""new_york_date_boundary"":false,""offset_seconds"":18000.0,""reasons"":[""DISTINCT_PARENT_ACCESSIONS_WITHOUT_REVIEWED_EXCLUSION_OR_PRECEDENCE"",""UNRESOLVED_COMPETING_CONTEXT""],""representation_match"":true,""rule_version"":""same_sec_parent_timestamp_representation_v1"",""same_parent"":true,""stored_evidence_hash"":""8b301fd26873b0c5b1a7c10622d7e8bf2dc1591e9b5c9b074d4c13e1d6299deb"",""stored_timestamp"":""2026-02-23T21:07:53Z"",""utc_date_boundary"":true}]"
2033,2025,Q1,72291,SMRT,TIMESTAMP_PLUS_INDEPENDENT_AMBIGUITY,2,True,False,False,False,DISTINCT_PARENT_ACCESSIONS_WITHOUT_REVIEWED_EXCLUSION_OR_PRECEDENCE;UNRESOLVED_COMPETING_CONTEXT,AMBIGUOUS,REVIEW,LEGACY_AMBIGUITY,"[{""accession"":""0000950170-25-052689"",""classification"":""TIMESTAMP_PLUS_INDEPENDENT_AMBIGUITY"",""current_evidence_hash"":""f7bf55d61ce28e864d4e0271d1f4af34367cf4fcf514a2bd7786ec098f5af8db"",""current_timestamp"":""2025-04-10T17:04:43Z"",""eligibility_changed"":false,""equivalent"":false,""new_york_date_boundary"":false,""offset_seconds"":14400.0,""reasons"":[""DISTINCT_PARENT_ACCESSIONS_WITHOUT_REVIEWED_EXCLUSION_OR_PRECEDENCE"",""UNRESOLVED_COMPETING_CONTEXT""],""representation_match"":true,""rule_version"":""same_sec_parent_timestamp_representation_v1"",""same_parent"":true,""stored_evidence_hash"":""944b8b712fd3bea9c35955e360ea96464f17ae0a291171c4017f39ad8a89aea4"",""stored_timestamp"":""2025-04-10T13:04:43Z"",""utc_date_boundary"":false},{""accession"":""0000950170-25-065029"",""classification"":""TIMESTAMP_PLUS_INDEPENDENT_AMBIGUITY"",""current_evidence_hash"":""a7a1cd533b5ce1970ec1c45d9a958903571ee9358502cf1dc89907113436d290"",""current_timestamp"":""2025-05-07T16:04:56Z"",""eligibility_changed"":false,""equivalent"":false,""new_york_date_boundary"":false,""offset_seconds"":14400.0,""reasons"":[""DISTINCT_PARENT_ACCESSIONS_WITHOUT_REVIEWED_EXCLUSION_OR_PRECEDENCE"",""UNRESOLVED_COMPETING_CONTEXT""],""representation_match"":true,""rule_version"":""same_sec_parent_timestamp_representation_v1"",""same_parent"":true,""stored_evidence_hash"":""e52c69ea84777f00ad5d978f9c74644113f1f10d7e774c816bc4876106224a0c"",""stored_timestamp"":""2025-05-07T12:04:56Z"",""utc_date_boundary"":false}]"
2033,2025,Q4,72294,SMRT,TIMESTAMP_PLUS_INDEPENDENT_AMBIGUITY,2,True,False,False,False,DISTINCT_PARENT_ACCESSIONS_WITHOUT_REVIEWED_EXCLUSION_OR_PRECEDENCE;UNRESOLVED_COMPETING_CONTEXT,AMBIGUOUS,REVIEW,LEGACY_AMBIGUITY,"[{""accession"":""0001193125-26-038602"",""classification"":""TIMESTAMP_PLUS_INDEPENDENT_AMBIGUITY"",""current_evidence_hash"":""dc356d51b6db04b553e189b76b0092cd786bb934e3e133785e37d3a1767d367f"",""current_timestamp"":""2026-02-05T19:08:35Z"",""eligibility_changed"":false,""equivalent"":false,""new_york_date_boundary"":false,""offset_seconds"":18000.0,""reasons"":[""DISTINCT_PARENT_ACCESSIONS_WITHOUT_REVIEWED_EXCLUSION_OR_PRECEDENCE"",""UNRESOLVED_COMPETING_CONTEXT""],""representation_match"":true,""rule_version"":""same_sec_parent_timestamp_representation_v1"",""same_parent"":true,""stored_evidence_hash"":""7617592a93986df9addd41d3222056971bc108e15cbe7c23576d01c0a6a1fc42"",""stored_timestamp"":""2026-02-05T14:08:35Z"",""utc_date_boundary"":false},{""accession"":""0001193125-26-089949"",""classification"":""TIMESTAMP_PLUS_INDEPENDENT_AMBIGUITY"",""current_evidence_hash"":""9a19c1fa18aeff858f627e69bd824406034220eb174f5d18d853c36ae7481540"",""current_timestamp"":""2026-03-04T18:06:10Z"",""eligibility_changed"":false,""equivalent"":false,""new_york_date_boundary"":false,""offset_seconds"":18000.0,""reasons"":[""DISTINCT_PARENT_ACCESSIONS_WITHOUT_REVIEWED_EXCLUSION_OR_PRECEDENCE"",""UNRESOLVED_COMPETING_CONTEXT""],""representation_match"":true,""rule_version"":""same_sec_parent_timestamp_representation_v1"",""same_parent"":true,""stored_evidence_hash"":""c712e50e9267a399e6c363c52da61b49fd5643325a20bd5cdc945a7852770c57"",""stored_timestamp"":""2026-03-04T13:06:10Z"",""utc_date_boundary"":false}]"
2035,2025,Q1,72351,SMXT,TIMESTAMP_PLUS_INDEPENDENT_AMBIGUITY,2,True,True,True,False,DISTINCT_PARENT_ACCESSIONS_WITHOUT_REVIEWED_EXCLUSION_OR_PRECEDENCE;UNRESOLVED_COMPETING_CONTEXT,AMBIGUOUS,REVIEW,LEGACY_AMBIGUITY,"[{""accession"":""0001640334-25-000562"",""classification"":""TIMESTAMP_PLUS_INDEPENDENT_AMBIGUITY"",""current_evidence_hash"":""3d21fb343ad9eae034e5ffc028e058f2fa73ab3049636f32d1da8b160c149116"",""current_timestamp"":""2025-04-01T01:42:12Z"",""eligibility_changed"":false,""equivalent"":false,""new_york_date_boundary"":false,""offset_seconds"":14400.0,""reasons"":[""DISTINCT_PARENT_ACCESSIONS_WITHOUT_REVIEWED_EXCLUSION_OR_PRECEDENCE"",""UNRESOLVED_COMPETING_CONTEXT""],""representation_match"":true,""rule_version"":""same_sec_parent_timestamp_representation_v1"",""same_parent"":true,""stored_evidence_hash"":""d0364bc090e7447236ffb05f0e11750ba7febcd9fc9cdbcd8739e5c01bf2b309"",""stored_timestamp"":""2025-03-31T21:42:12Z"",""utc_date_boundary"":true},{""accession"":""0001640334-25-000897"",""classification"":""TIMESTAMP_PLUS_INDEPENDENT_AMBIGUITY"",""current_evidence_hash"":""3d7106c974ec0bbdd858180d4eeb713be5b93b69763434247d882ea4f039fbda"",""current_timestamp"":""2025-05-17T05:10:55Z"",""eligibility_changed"":false,""equivalent"":false,""new_york_date_boundary"":true,""offset_seconds"":14400.0,""reasons"":[""DISTINCT_PARENT_ACCESSIONS_WITHOUT_REVIEWED_EXCLUSION_OR_PRECEDENCE"",""UNRESOLVED_COMPETING_CONTEXT""],""representation_match"":true,""rule_version"":""same_sec_parent_timestamp_representation_v1"",""same_parent"":true,""stored_evidence_hash"":""988825f6fae1e5d74f2c60ee0e8cede196c6aece8a2a40390091e7031cb0abff"",""stored_timestamp"":""2025-05-17T01:10:55Z"",""utc_date_boundary"":false}]"
2060,2025,Q1,73181,SPIR,TIMESTAMP_PLUS_INDEPENDENT_AMBIGUITY,2,False,True,False,False,DISTINCT_PARENT_ACCESSIONS_WITHOUT_REVIEWED_EXCLUSION_OR_PRECEDENCE,AMBIGUOUS,REVIEW,LEGACY_AMBIGUITY,"[{""accession"":""0000950170-25-047783"",""classification"":""TIMESTAMP_PLUS_INDEPENDENT_AMBIGUITY"",""current_evidence_hash"":""b057b05e4e8f4863bd88f8efc779aa78a3a1b9b5cbd6e52226bac11902dbe2a0"",""current_timestamp"":""2025-04-01T00:28:11Z"",""eligibility_changed"":false,""equivalent"":false,""new_york_date_boundary"":false,""offset_seconds"":14400.0,""reasons"":[""DISTINCT_PARENT_ACCESSIONS_WITHOUT_REVIEWED_EXCLUSION_OR_PRECEDENCE""],""representation_match"":true,""rule_version"":""same_sec_parent_timestamp_representation_v1"",""same_parent"":true,""stored_evidence_hash"":""55399980504d46dee77e858fdd2ed9c3685f915a9b45079f2b106231315d0663"",""stored_timestamp"":""2025-03-31T20:28:11Z"",""utc_date_boundary"":true},{""accession"":""0000950170-25-071377"",""classification"":""TIMESTAMP_PLUS_INDEPENDENT_AMBIGUITY"",""current_evidence_hash"":""73492c9921d4566e5f0fdda2610feceb6e8b338e81773a8aea6646a23ffed297"",""current_timestamp"":""2025-05-15T00:08:09Z"",""eligibility_changed"":false,""equivalent"":false,""new_york_date_boundary"":false,""offset_seconds"":14400.0,""reasons"":[""DISTINCT_PARENT_ACCESSIONS_WITHOUT_REVIEWED_EXCLUSION_OR_PRECEDENCE""],""representation_match"":true,""rule_version"":""same_sec_parent_timestamp_representation_v1"",""same_parent"":true,""stored_evidence_hash"":""63019bfb51c72f415bf75b8c61df988e75581eaba68aaf8a293fdb09bcc5a215"",""stored_timestamp"":""2025-05-14T20:08:09Z"",""utc_date_boundary"":true}]"
2060,2025,Q2,73182,SPIR,TIMESTAMP_PLUS_INDEPENDENT_AMBIGUITY,2,True,True,False,False,DISTINCT_PARENT_ACCESSIONS_WITHOUT_REVIEWED_EXCLUSION_OR_PRECEDENCE;UNRESOLVED_COMPETING_CONTEXT,AMBIGUOUS,REVIEW,LEGACY_AMBIGUITY,"[{""accession"":""0000950170-25-108022"",""classification"":""TIMESTAMP_PLUS_INDEPENDENT_AMBIGUITY"",""current_evidence_hash"":""82645c745fd65a5924a64bff17f84b94d401937cf6228695243cb0a27b7cc717"",""current_timestamp"":""2025-08-14T00:05:42Z"",""eligibility_changed"":false,""equivalent"":false,""new_york_date_boundary"":false,""offset_seconds"":14400.0,""reasons"":[""DISTINCT_PARENT_ACCESSIONS_WITHOUT_REVIEWED_EXCLUSION_OR_PRECEDENCE"",""UNRESOLVED_COMPETING_CONTEXT""],""representation_match"":true,""rule_version"":""same_sec_parent_timestamp_representation_v1"",""same_parent"":true,""stored_evidence_hash"":""c52ba5bce6602814a4a322f99d464928f84549d7c31914a3f8a801bf032c8367"",""stored_timestamp"":""2025-08-13T20:05:42Z"",""utc_date_boundary"":true},{""accession"":""0001193125-25-262927"",""classification"":""TIMESTAMP_PLUS_INDEPENDENT_AMBIGUITY"",""current_evidence_hash"":""b43028daf8caeb21073177bd7a5566b98a79e8f536cb1c99564e49e15bd5705a"",""current_timestamp"":""2025-11-04T04:15:41Z"",""eligibility_changed"":false,""equivalent"":false,""new_york_date_boundary"":false,""offset_seconds"":18000.0,""reasons"":[""DISTINCT_PARENT_ACCESSIONS_WITHOUT_REVIEWED_EXCLUSION_OR_PRECEDENCE"",""UNRESOLVED_COMPETING_CONTEXT""],""representation_match"":true,""rule_version"":""same_sec_parent_timestamp_representation_v1"",""same_parent"":true,""stored_evidence_hash"":""2a698f365a7439274a487b9cf5a52d0035b4545037ca7da9a048f2e654201be8"",""stored_timestamp"":""2025-11-03T23:15:41Z"",""utc_date_boundary"":true}]"
2070,2025,Q1,73523,SQFT,TIMESTAMP_PLUS_INDEPENDENT_AMBIGUITY,2,True,True,False,False,DISTINCT_PARENT_ACCESSIONS_WITHOUT_REVIEWED_EXCLUSION_OR_PRECEDENCE;UNRESOLVED_COMPETING_CONTEXT,AMBIGUOUS,REVIEW,LEGACY_AMBIGUITY,"[{""accession"":""0001641172-25-001902"",""classification"":""TIMESTAMP_PLUS_INDEPENDENT_AMBIGUITY"",""current_evidence_hash"":""eda2a40348fced66da813209b76e20e35f633274f9baa897cb55460397dbb26f"",""current_timestamp"":""2025-04-01T02:04:44Z"",""eligibility_changed"":false,""equivalent"":false,""new_york_date_boundary"":false,""offset_seconds"":14400.0,""reasons"":[""DISTINCT_PARENT_ACCESSIONS_WITHOUT_REVIEWED_EXCLUSION_OR_PRECEDENCE"",""UNRESOLVED_COMPETING_CONTEXT""],""representation_match"":true,""rule_version"":""same_sec_parent_timestamp_representation_v1"",""same_parent"":true,""stored_evidence_hash"":""264ee8100dc91199f4b518280e3918f7d27388b2e82d89ba2328a86ffd0e29a8"",""stored_timestamp"":""2025-03-31T22:04:44Z"",""utc_date_boundary"":true},{""accession"":""0001641172-25-010357"",""classification"":""TIMESTAMP_PLUS_INDEPENDENT_AMBIGUITY"",""current_evidence_hash"":""5e02e1116010d53d938f97efb0a03b9a737ac8f11be3277d9a80864dea3755f2"",""current_timestamp"":""2025-05-15T01:02:35Z"",""eligibility_changed"":false,""equivalent"":false,""new_york_date_boundary"":false,""offset_seconds"":14400.0,""reasons"":[""DISTINCT_PARENT_ACCESSIONS_WITHOUT_REVIEWED_EXCLUSION_OR_PRECEDENCE"",""UNRESOLVED_COMPETING_CONTEXT""],""representation_match"":true,""rule_version"":""same_sec_parent_timestamp_representation_v1"",""same_parent"":true,""stored_evidence_hash"":""176f199c4012b8353282a809655a8a32c726687adc6d8205acbdf8a766f5eff1"",""stored_timestamp"":""2025-05-14T21:02:35Z"",""utc_date_boundary"":true}]"
2075,2026,Q1,73706,SRI,TIMESTAMP_PLUS_INDEPENDENT_AMBIGUITY,2,True,True,False,False,DISTINCT_PARENT_ACCESSIONS_WITHOUT_REVIEWED_EXCLUSION_OR_PRECEDENCE;UNRESOLVED_COMPETING_CONTEXT,AMBIGUOUS,REVIEW,LEGACY_AMBIGUITY,"[{""accession"":""0001043337-26-000043"",""classification"":""TIMESTAMP_PLUS_INDEPENDENT_AMBIGUITY"",""current_evidence_hash"":""80ed180d569d2cecb79892993bea0953eea638aaf000a6834332db551bb75166"",""current_timestamp"":""2026-04-29T00:45:19Z"",""eligibility_changed"":false,""equivalent"":false,""new_york_date_boundary"":false,""offset_seconds"":14400.0,""reasons"":[""DISTINCT_PARENT_ACCESSIONS_WITHOUT_REVIEWED_EXCLUSION_OR_PRECEDENCE"",""UNRESOLVED_COMPETING_CONTEXT""],""representation_match"":true,""rule_version"":""same_sec_parent_timestamp_representation_v1"",""same_parent"":true,""stored_evidence_hash"":""a9605ea344b51589fa461e3781fb65b9931fa354cc79501b02c7bccf47048199"",""stored_timestamp"":""2026-04-28T20:45:19Z"",""utc_date_boundary"":true},{""accession"":""0001043337-26-000046"",""classification"":""TIMESTAMP_PLUS_INDEPENDENT_AMBIGUITY"",""current_evidence_hash"":""8e8029224524cf637ac2084dfd9b2fecfc844385bd2126cf56d38e5976e29065"",""current_timestamp"":""2026-05-07T15:34:55Z"",""eligibility_changed"":false,""equivalent"":false,""new_york_date_boundary"":false,""offset_seconds"":14400.0,""reasons"":[""DISTINCT_PARENT_ACCESSIONS_WITHOUT_REVIEWED_EXCLUSION_OR_PRECEDENCE"",""UNRESOLVED_COMPETING_CONTEXT""],""representation_match"":true,""rule_version"":""same_sec_parent_timestamp_representation_v1"",""same_parent"":true,""stored_evidence_hash"":""e058a0b53e210b5b99c3be46d5c9fbeadb1a55d4a9281ba2a4fe184ece4cfac6"",""stored_timestamp"":""2026-05-07T11:34:55Z"",""utc_date_boundary"":false}]"
2084,2025,Q1,74047,SSRM,TIMESTAMP_PLUS_INDEPENDENT_AMBIGUITY,2,True,True,False,False,DISTINCT_PARENT_ACCESSIONS_WITHOUT_REVIEWED_EXCLUSION_OR_PRECEDENCE;UNRESOLVED_COMPETING_CONTEXT,AMBIGUOUS,REVIEW,LEGACY_AMBIGUITY,"[{""accession"":""0000921638-25-000077"",""classification"":""TIMESTAMP_PLUS_INDEPENDENT_AMBIGUITY"",""current_evidence_hash"":""108aeccabaf2c194e329d9467d2605ddcb8d2a29a2417c009d4ee55da8bdd746"",""current_timestamp"":""2025-03-31T14:59:50Z"",""eligibility_changed"":false,""equivalent"":false,""new_york_date_boundary"":false,""offset_seconds"":14400.0,""reasons"":[""DISTINCT_PARENT_ACCESSIONS_WITHOUT_REVIEWED_EXCLUSION_OR_PRECEDENCE"",""UNRESOLVED_COMPETING_CONTEXT""],""representation_match"":true,""rule_version"":""same_sec_parent_timestamp_representation_v1"",""same_parent"":true,""stored_evidence_hash"":""fdecf42d6a1c6799d4a6b9d013fef6170601566cc212ec3d19b38bd19f46f5d4"",""stored_timestamp"":""2025-03-31T10:59:50Z"",""utc_date_boundary"":false},{""accession"":""0000921638-25-000113"",""classification"":""TIMESTAMP_PLUS_INDEPENDENT_AMBIGUITY"",""current_evidence_hash"":""ba61925ed708e5c88a25bc8b84391c2afd3ec4b76409a661440640a35254b0d2"",""current_timestamp"":""2025-05-07T00:12:15Z"",""eligibility_changed"":false,""equivalent"":false,""new_york_date_boundary"":false,""offset_seconds"":14400.0,""reasons"":[""DISTINCT_PARENT_ACCESSIONS_WITHOUT_REVIEWED_EXCLUSION_OR_PRECEDENCE"",""UNRESOLVED_COMPETING_CONTEXT""],""representation_match"":true,""rule_version"":""same_sec_parent_timestamp_representation_v1"",""same_parent"":true,""stored_evidence_hash"":""6219334b0f17362ac7fd8261cb466b9f2bae0af7ae57c68dcae1da2355f58728"",""stored_timestamp"":""2025-05-06T20:12:15Z"",""utc_date_boundary"":true}]"
2087,2025,Q3,74172,STAA,TIMESTAMP_PLUS_INDEPENDENT_AMBIGUITY,2,True,True,False,False,DISTINCT_PARENT_ACCESSIONS_WITHOUT_REVIEWED_EXCLUSION_OR_PRECEDENCE;UNRESOLVED_COMPETING_CONTEXT,AMBIGUOUS,REVIEW,LEGACY_AMBIGUITY,"[{""accession"":""0001193125-25-243041"",""classification"":""TIMESTAMP_PLUS_INDEPENDENT_AMBIGUITY"",""current_evidence_hash"":""48786a5d461bd085fe88423e55d47b9f3b5f2fd91841486c73b0b725c1148959"",""current_timestamp"":""2025-10-20T15:45:40Z"",""eligibility_changed"":false,""equivalent"":false,""new_york_date_boundary"":false,""offset_seconds"":14400.0,""reasons"":[""DISTINCT_PARENT_ACCESSIONS_WITHOUT_REVIEWED_EXCLUSION_OR_PRECEDENCE"",""UNRESOLVED_COMPETING_CONTEXT""],""representation_match"":true,""rule_version"":""same_sec_parent_timestamp_representation_v1"",""same_parent"":true,""stored_evidence_hash"":""6b611aec6ee181844cf8e15fff24b1233b02056e258f81eb1fd06a9b57836c2c"",""stored_timestamp"":""2025-10-20T11:45:40Z"",""utc_date_boundary"":false},{""accession"":""0001193125-25-266857"",""classification"":""TIMESTAMP_PLUS_INDEPENDENT_AMBIGUITY"",""current_evidence_hash"":""a657eb7ef15f4538c303d8f437bb648e0265a0e77d71f7fcd7165ee551317dea"",""current_timestamp"":""2025-11-06T02:02:30Z"",""eligibility_changed"":false,""equivalent"":false,""new_york_date_boundary"":false,""offset_seconds"":18000.0,""reasons"":[""DISTINCT_PARENT_ACCESSIONS_WITHOUT_REVIEWED_EXCLUSION_OR_PRECEDENCE"",""UNRESOLVED_COMPETING_CONTEXT""],""representation_match"":true,""rule_version"":""same_sec_parent_timestamp_representation_v1"",""same_parent"":true,""stored_evidence_hash"":""7babfbc1a4867b8111125ff7f1448339b0aa0df7da09a62fa8d15717c2c472c4"",""stored_timestamp"":""2025-11-05T21:02:30Z"",""utc_date_boundary"":true}]"
2100,2025,Q2,74653,STZ,TIMESTAMP_PLUS_INDEPENDENT_AMBIGUITY,2,True,False,False,False,DISTINCT_PARENT_ACCESSIONS_WITHOUT_REVIEWED_EXCLUSION_OR_PRECEDENCE;UNRESOLVED_COMPETING_CONTEXT,AMBIGUOUS,REVIEW,LEGACY_AMBIGUITY,"[{""accession"":""0000016918-24-000172"",""classification"":""TIMESTAMP_PLUS_INDEPENDENT_AMBIGUITY"",""current_evidence_hash"":""a66b7766a05a76c41a1a963c880b8752609fe5bff7f16afbf7c3c9afb3403952"",""current_timestamp"":""2024-09-03T17:05:18Z"",""eligibility_changed"":false,""equivalent"":false,""new_york_date_boundary"":false,""offset_seconds"":14400.0,""reasons"":[""DISTINCT_PARENT_ACCESSIONS_WITHOUT_REVIEWED_EXCLUSION_OR_PRECEDENCE"",""UNRESOLVED_COMPETING_CONTEXT""],""representation_match"":true,""rule_version"":""same_sec_parent_timestamp_representation_v1"",""same_parent"":true,""stored_evidence_hash"":""c0612ae7a52aa7fdb19512f7f216a1317b24be621a9138969dc7e6b33b60002a"",""stored_timestamp"":""2024-09-03T13:05:18Z"",""utc_date_boundary"":false},{""accession"":""0000016918-24-000177"",""classification"":""TIMESTAMP_PLUS_INDEPENDENT_AMBIGUITY"",""current_evidence_hash"":""3f61bde70d6310afa2f09848ba096631048edf9e526e461bf73a8f7cef17d29a"",""current_timestamp"":""2024-10-03T15:48:18Z"",""eligibility_changed"":false,""equivalent"":false,""new_york_date_boundary"":false,""offset_seconds"":14400.0,""reasons"":[""DISTINCT_PARENT_ACCESSIONS_WITHOUT_REVIEWED_EXCLUSION_OR_PRECEDENCE"",""UNRESOLVED_COMPETING_CONTEXT""],""representation_match"":true,""rule_version"":""same_sec_parent_timestamp_representation_v1"",""same_parent"":true,""stored_evidence_hash"":""b1de96d3a9b8e45c8d15eb67823d978fc55116a83d734d5e2ce421ddf8d92492"",""stored_timestamp"":""2024-10-03T11:48:18Z"",""utc_date_boundary"":false}]"
2100,2026,Q2,74657,STZ,TIMESTAMP_PLUS_INDEPENDENT_AMBIGUITY,2,True,True,False,False,DISTINCT_PARENT_ACCESSIONS_WITHOUT_REVIEWED_EXCLUSION_OR_PRECEDENCE;UNRESOLVED_COMPETING_CONTEXT,AMBIGUOUS,REVIEW,LEGACY_AMBIGUITY,"[{""accession"":""0000016918-25-000132"",""classification"":""TIMESTAMP_PLUS_INDEPENDENT_AMBIGUITY"",""current_evidence_hash"":""65bc915d8d65e8549ae5269561cfc661fa2a8b974570bdc5c92db573e2e01b04"",""current_timestamp"":""2025-09-02T15:38:55Z"",""eligibility_changed"":false,""equivalent"":false,""new_york_date_boundary"":false,""offset_seconds"":14400.0,""reasons"":[""DISTINCT_PARENT_ACCESSIONS_WITHOUT_REVIEWED_EXCLUSION_OR_PRECEDENCE"",""UNRESOLVED_COMPETING_CONTEXT""],""representation_match"":true,""rule_version"":""same_sec_parent_timestamp_representation_v1"",""same_parent"":true,""stored_evidence_hash"":""3bbd39ca3714f2c5edc254b510c21da0a374fd797778afabcd0bf41092142305"",""stored_timestamp"":""2025-09-02T11:38:55Z"",""utc_date_boundary"":false},{""accession"":""0000016918-25-000140"",""classification"":""TIMESTAMP_PLUS_INDEPENDENT_AMBIGUITY"",""current_evidence_hash"":""451f8c68d8fd574314457e96d582317098661ff65e9553b67d4e365d935c0582"",""current_timestamp"":""2025-10-07T00:08:27Z"",""eligibility_changed"":false,""equivalent"":false,""new_york_date_boundary"":false,""offset_seconds"":14400.0,""reasons"":[""DISTINCT_PARENT_ACCESSIONS_WITHOUT_REVIEWED_EXCLUSION_OR_PRECEDENCE"",""UNRESOLVED_COMPETING_CONTEXT""],""representation_match"":true,""rule_version"":""same_sec_parent_timestamp_representation_v1"",""same_parent"":true,""stored_evidence_hash"":""cee16dc5b1cd2ee3dacb1256b5d0341a863117c644b0d9de5740318de2dc4d16"",""stored_timestamp"":""2025-10-06T20:08:27Z"",""utc_date_boundary"":true}]"
2102,2025,Q4,74741,SUN,TIMESTAMP_PLUS_INDEPENDENT_AMBIGUITY,2,True,False,False,False,DISTINCT_PARENT_ACCESSIONS_WITHOUT_REVIEWED_EXCLUSION_OR_PRECEDENCE;UNRESOLVED_COMPETING_CONTEXT,AMBIGUOUS,REVIEW,LEGACY_AMBIGUITY,"[{""accession"":""0001193125-26-073531"",""classification"":""TIMESTAMP_PLUS_INDEPENDENT_AMBIGUITY"",""current_evidence_hash"":""0102f07a4c46376e3b15c8002dcb07399eeb5a53f21c5f21ceebf670a9551da5"",""current_timestamp"":""2026-02-26T18:11:16Z"",""eligibility_changed"":false,""equivalent"":false,""new_york_date_boundary"":false,""offset_seconds"":18000.0,""reasons"":[""DISTINCT_PARENT_ACCESSIONS_WITHOUT_REVIEWED_EXCLUSION_OR_PRECEDENCE"",""UNRESOLVED_COMPETING_CONTEXT""],""representation_match"":true,""rule_version"":""same_sec_parent_timestamp_representation_v1"",""same_parent"":true,""stored_evidence_hash"":""e442f355c73e9bf4f2e2a2c006a31b1fad275ca5ffae504ed6787780f28f9f51"",""stored_timestamp"":""2026-02-26T13:11:16Z"",""utc_date_boundary"":false},{""accession"":""0001552275-26-000015"",""classification"":""TIMESTAMP_PLUS_INDEPENDENT_AMBIGUITY"",""current_evidence_hash"":""6866c94551334a40b8d0438598ef3e7fe72ae886e11aa436b189706471574ab9"",""current_timestamp"":""2026-02-17T17:09:38Z"",""eligibility_changed"":false,""equivalent"":false,""new_york_date_boundary"":false,""offset_seconds"":18000.0,""reasons"":[""DISTINCT_PARENT_ACCESSIONS_WITHOUT_REVIEWED_EXCLUSION_OR_PRECEDENCE"",""UNRESOLVED_COMPETING_CONTEXT""],""representation_match"":true,""rule_version"":""same_sec_parent_timestamp_representation_v1"",""same_parent"":true,""stored_evidence_hash"":""65a7ad099b52d5e3df17b217ca336a5ad67c416f79860c92eb2213ca41b55e36"",""stored_timestamp"":""2026-02-17T12:09:38Z"",""utc_date_boundary"":false}]"
2104,2025,Q1,74820,SUPN,TIMESTAMP_PLUS_INDEPENDENT_AMBIGUITY,2,False,True,False,False,DISTINCT_PARENT_ACCESSIONS_WITHOUT_REVIEWED_EXCLUSION_OR_PRECEDENCE,AMBIGUOUS,REVIEW,LEGACY_AMBIGUITY,"[{""accession"":""0001356576-25-000020"",""classification"":""TIMESTAMP_PLUS_INDEPENDENT_AMBIGUITY"",""current_evidence_hash"":""a8df98b22678a34b3465f3a76636c09994f9d713b3938cc038e2388b63300f24"",""current_timestamp"":""2025-04-24T01:20:34Z"",""eligibility_changed"":false,""equivalent"":false,""new_york_date_boundary"":false,""offset_seconds"":14400.0,""reasons"":[""DISTINCT_PARENT_ACCESSIONS_WITHOUT_REVIEWED_EXCLUSION_OR_PRECEDENCE""],""representation_match"":true,""rule_version"":""same_sec_parent_timestamp_representation_v1"",""same_parent"":true,""stored_evidence_hash"":""8cb75492eaf5cf076deaf814d75af3b0a20367971c367e4848ff63f1f2de164f"",""stored_timestamp"":""2025-04-23T21:20:34Z"",""utc_date_boundary"":true},{""accession"":""0001356576-25-000031"",""classification"":""TIMESTAMP_PLUS_INDEPENDENT_AMBIGUITY"",""current_evidence_hash"":""b8ce9189e174f23d2b9a8143e0ac352822fdea45d9659ed61539a2cbda4acff8"",""current_timestamp"":""2025-05-07T00:14:18Z"",""eligibility_changed"":false,""equivalent"":false,""new_york_date_boundary"":false,""offset_seconds"":14400.0,""reasons"":[""DISTINCT_PARENT_ACCESSIONS_WITHOUT_REVIEWED_EXCLUSION_OR_PRECEDENCE""],""representation_match"":true,""rule_version"":""same_sec_parent_timestamp_representation_v1"",""same_parent"":true,""stored_evidence_hash"":""7e4fda3b75c487a6d06bd2f8177274399658e78b086fbdb08f1621d18b1cee82"",""stored_timestamp"":""2025-05-06T20:14:18Z"",""utc_date_boundary"":true}]"
2104,2025,Q2,74821,SUPN,TIMESTAMP_PLUS_INDEPENDENT_AMBIGUITY,2,False,True,False,False,DISTINCT_PARENT_ACCESSIONS_WITHOUT_REVIEWED_EXCLUSION_OR_PRECEDENCE,AMBIGUOUS,REVIEW,LEGACY_AMBIGUITY,"[{""accession"":""0001356576-25-000046"",""classification"":""TIMESTAMP_PLUS_INDEPENDENT_AMBIGUITY"",""current_evidence_hash"":""ed8a996d534c0c0b7cc941f5b989e4ec193063b9f735f29372acc73cb2cb9f8a"",""current_timestamp"":""2025-07-23T00:30:26Z"",""eligibility_changed"":false,""equivalent"":false,""new_york_date_boundary"":false,""offset_seconds"":14400.0,""reasons"":[""DISTINCT_PARENT_ACCESSIONS_WITHOUT_REVIEWED_EXCLUSION_OR_PRECEDENCE""],""representation_match"":true,""rule_version"":""same_sec_parent_timestamp_representation_v1"",""same_parent"":true,""stored_evidence_hash"":""f6343797e27dc8d299d13b0e7da9183f6b77c25a6299ecae3040922c2a6b4f95"",""stored_timestamp"":""2025-07-22T20:30:26Z"",""utc_date_boundary"":true},{""accession"":""0001356576-25-000053"",""classification"":""TIMESTAMP_PLUS_INDEPENDENT_AMBIGUITY"",""current_evidence_hash"":""cdc91ec547195fea4ea0db653be79aad71508b79964dfcbcd6b5912eb9aa94cc"",""current_timestamp"":""2025-08-06T00:18:57Z"",""eligibility_changed"":false,""equivalent"":false,""new_york_date_boundary"":false,""offset_seconds"":14400.0,""reasons"":[""DISTINCT_PARENT_ACCESSIONS_WITHOUT_REVIEWED_EXCLUSION_OR_PRECEDENCE""],""representation_match"":true,""rule_version"":""same_sec_parent_timestamp_representation_v1"",""same_parent"":true,""stored_evidence_hash"":""1893d357c4a1a4d5f8346ae5efaea75799ac543c4f8aaaa33dcb3a3251791818"",""stored_timestamp"":""2025-08-05T20:18:57Z"",""utc_date_boundary"":true}]"
2104,2025,Q3,74822,SUPN,TIMESTAMP_PLUS_INDEPENDENT_AMBIGUITY,2,False,True,False,False,DISTINCT_PARENT_ACCESSIONS_WITHOUT_REVIEWED_EXCLUSION_OR_PRECEDENCE,AMBIGUOUS,REVIEW,LEGACY_AMBIGUITY,"[{""accession"":""0001356576-25-000065"",""classification"":""TIMESTAMP_PLUS_INDEPENDENT_AMBIGUITY"",""current_evidence_hash"":""d861f10f44dfdaa6b7804870ade18fbf6d9b45ab6608d76fcbd9722166b9b1a1"",""current_timestamp"":""2025-10-22T01:05:17Z"",""eligibility_changed"":false,""equivalent"":false,""new_york_date_boundary"":false,""offset_seconds"":14400.0,""reasons"":[""DISTINCT_PARENT_ACCESSIONS_WITHOUT_REVIEWED_EXCLUSION_OR_PRECEDENCE""],""representation_match"":true,""rule_version"":""same_sec_parent_timestamp_representation_v1"",""same_parent"":true,""stored_evidence_hash"":""99ff27a312b0903336f03689948e3c12b54d3ad4deacf12aabb1793b653eee58"",""stored_timestamp"":""2025-10-21T21:05:17Z"",""utc_date_boundary"":true},{""accession"":""0001356576-25-000068"",""classification"":""TIMESTAMP_PLUS_INDEPENDENT_AMBIGUITY"",""current_evidence_hash"":""8015468c819c7fdf937988aeca93dd76078d03f2044e30ccc176ffe79c3f1cbd"",""current_timestamp"":""2025-11-05T02:17:35Z"",""eligibility_changed"":false,""equivalent"":false,""new_york_date_boundary"":false,""offset_seconds"":18000.0,""reasons"":[""DISTINCT_PARENT_ACCESSIONS_WITHOUT_REVIEWED_EXCLUSION_OR_PRECEDENCE""],""representation_match"":true,""rule_version"":""same_sec_parent_timestamp_representation_v1"",""same_parent"":true,""stored_evidence_hash"":""20a7730f66cace26d09a87385b042a7fafc15029fbf19a9a077059eb4b0bff46"",""stored_timestamp"":""2025-11-04T21:17:35Z"",""utc_date_boundary"":true}]"
2104,2025,Q4,74823,SUPN,TIMESTAMP_PLUS_INDEPENDENT_AMBIGUITY,3,True,True,False,False,DISTINCT_PARENT_ACCESSIONS_WITHOUT_REVIEWED_EXCLUSION_OR_PRECEDENCE;UNRESOLVED_COMPETING_CONTEXT,AMBIGUOUS,REVIEW,LEGACY_AMBIGUITY,"[{""accession"":""0001356576-26-000002"",""classification"":""TIMESTAMP_PLUS_INDEPENDENT_AMBIGUITY"",""current_evidence_hash"":""403cb5b12927e243cf988a0b49beabc65e21aa331487dce6c9b0ce9f4b0153da"",""current_timestamp"":""2026-02-13T02:16:45Z"",""eligibility_changed"":false,""equivalent"":false,""new_york_date_boundary"":false,""offset_seconds"":18000.0,""reasons"":[""DISTINCT_PARENT_ACCESSIONS_WITHOUT_REVIEWED_EXCLUSION_OR_PRECEDENCE"",""UNRESOLVED_COMPETING_CONTEXT""],""representation_match"":true,""rule_version"":""same_sec_parent_timestamp_representation_v1"",""same_parent"":true,""stored_evidence_hash"":""b92c0c1d7df8b9fb202a6b4d6d8df14b20b7bb0e4cd7f432b069a5580bf8ee7c"",""stored_timestamp"":""2026-02-12T21:16:45Z"",""utc_date_boundary"":true},{""accession"":""0001356576-26-000004"",""classification"":""TIMESTAMP_PLUS_INDEPENDENT_AMBIGUITY"",""current_evidence_hash"":""c95604c216f254be1d1b195df22ff3710502d7e4a0c353c00a12f9755cff6f27"",""current_timestamp"":""2026-02-25T02:13:59Z"",""eligibility_changed"":false,""equivalent"":false,""new_york_date_boundary"":false,""offset_seconds"":18000.0,""reasons"":[""DISTINCT_PARENT_ACCESSIONS_WITHOUT_REVIEWED_EXCLUSION_OR_PRECEDENCE"",""UNRESOLVED_COMPETING_CONTEXT""],""representation_match"":true,""rule_version"":""same_sec_parent_timestamp_representation_v1"",""same_parent"":true,""stored_evidence_hash"":""e31ba65380e7709f36198714ae0724f47d81673227a6694b1e3a6281728c0fba"",""stored_timestamp"":""2026-02-24T21:13:59Z"",""utc_date_boundary"":true}]"
2104,2026,Q2,74825,SUPN,TIMESTAMP_PLUS_INDEPENDENT_AMBIGUITY,2,False,True,False,False,DISTINCT_PARENT_ACCESSIONS_WITHOUT_REVIEWED_EXCLUSION_OR_PRECEDENCE,AMBIGUOUS,REVIEW,LEGACY_AMBIGUITY,"[{""accession"":""0001356576-26-000031"",""classification"":""TIMESTAMP_PLUS_INDEPENDENT_AMBIGUITY"",""current_evidence_hash"":""5144e2a5009448b5e4b9a3de34a6503715340ae9fca34c49778952aa596f8aa8"",""current_timestamp"":""2026-07-23T01:07:10Z"",""eligibility_changed"":false,""equivalent"":false,""new_york_date_boundary"":false,""offset_seconds"":14400.0,""reasons"":[""DISTINCT_PARENT_ACCESSIONS_WITHOUT_REVIEWED_EXCLUSION_OR_PRECEDENCE""],""representation_match"":true,""rule_version"":""same_sec_parent_timestamp_representation_v1"",""same_parent"":true,""stored_evidence_hash"":""c3e8aa27f93f99d0120a84a7a514028035fb3b401dc330bba65956164b5f1311"",""stored_timestamp"":""2026-07-22T21:07:10Z"",""utc_date_boundary"":true},{""accession"":""0001356576-26-000035"",""classification"":""TIMESTAMP_PLUS_INDEPENDENT_AMBIGUITY"",""current_evidence_hash"":""a815967f456ce7a9c13fbe0f79e8599671cfb94203f0c9bce6e694e7d3c5b5f0"",""current_timestamp"":""2026-08-03T14:46:50Z"",""eligibility_changed"":false,""equivalent"":false,""new_york_date_boundary"":false,""offset_seconds"":14400.0,""reasons"":[""DISTINCT_PARENT_ACCESSIONS_WITHOUT_REVIEWED_EXCLUSION_OR_PRECEDENCE""],""representation_match"":true,""rule_version"":""same_sec_parent_timestamp_representation_v1"",""same_parent"":true,""stored_evidence_hash"":""7a60c0dca177816ac92ff0b7ce397042e1b5a998f3d1be225cb3e7fe6d466601"",""stored_timestamp"":""2026-08-03T10:46:50Z"",""utc_date_boundary"":false}]"
2113,2025,Q4,75119,SWKS,TIMESTAMP_PLUS_INDEPENDENT_AMBIGUITY,2,True,True,False,False,DISTINCT_PARENT_ACCESSIONS_WITHOUT_REVIEWED_EXCLUSION_OR_PRECEDENCE;UNRESOLVED_COMPETING_CONTEXT,AMBIGUOUS,REVIEW,LEGACY_AMBIGUITY,"[{""accession"":""0000004127-25-000082"",""classification"":""TIMESTAMP_PLUS_INDEPENDENT_AMBIGUITY"",""current_evidence_hash"":""ff2ff5755993ca6379243d9e0c4502cdc0f1e0563f2bae715283587211f507f7"",""current_timestamp"":""2025-11-05T02:08:21Z"",""eligibility_changed"":false,""equivalent"":false,""new_york_date_boundary"":false,""offset_seconds"":18000.0,""reasons"":[""DISTINCT_PARENT_ACCESSIONS_WITHOUT_REVIEWED_EXCLUSION_OR_PRECEDENCE"",""UNRESOLVED_COMPETING_CONTEXT""],""representation_match"":true,""rule_version"":""same_sec_parent_timestamp_representation_v1"",""same_parent"":true,""stored_evidence_hash"":""008db15172e0ec172bc76d373b4cb0e3dfd1703ae0bf6aba0a14f492ae75d45f"",""stored_timestamp"":""2025-11-04T21:08:21Z"",""utc_date_boundary"":true},{""accession"":""0001104659-25-102814"",""classification"":""TIMESTAMP_PLUS_INDEPENDENT_AMBIGUITY"",""current_evidence_hash"":""e98aac9fb319ca8be0e1ed0314b7df6a1f9de1d7ab9c57892f3edea92941b967"",""current_timestamp"":""2025-10-28T15:09:57Z"",""eligibility_changed"":false,""equivalent"":false,""new_york_date_boundary"":false,""offset_seconds"":14400.0,""reasons"":[""DISTINCT_PARENT_ACCESSIONS_WITHOUT_REVIEWED_EXCLUSION_OR_PRECEDENCE"",""UNRESOLVED_COMPETING_CONTEXT""],""representation_match"":true,""rule_version"":""same_sec_parent_timestamp_representation_v1"",""same_parent"":true,""stored_evidence_hash"":""25479253d138ebb7f1a23683ce7377c24f0d96fd8855300560fdcf368cd41216"",""stored_timestamp"":""2025-10-28T11:09:57Z"",""utc_date_boundary"":false}]"
2121,2025,Q3,75404,SYRE,TIMESTAMP_PLUS_INDEPENDENT_AMBIGUITY,2,True,True,False,False,DISTINCT_PARENT_ACCESSIONS_WITHOUT_REVIEWED_EXCLUSION_OR_PRECEDENCE;UNRESOLVED_COMPETING_CONTEXT,AMBIGUOUS,REVIEW,LEGACY_AMBIGUITY,"[{""accession"":""0001193125-25-237904"",""classification"":""TIMESTAMP_PLUS_INDEPENDENT_AMBIGUITY"",""current_evidence_hash"":""4daa40b0632dedaa6bdf77dceea6c2e34d39039d18ebbb9a360170ebd0d0ec06"",""current_timestamp"":""2025-10-14T14:19:19Z"",""eligibility_changed"":false,""equivalent"":false,""new_york_date_boundary"":false,""offset_seconds"":14400.0,""reasons"":[""DISTINCT_PARENT_ACCESSIONS_WITHOUT_REVIEWED_EXCLUSION_OR_PRECEDENCE"",""UNRESOLVED_COMPETING_CONTEXT""],""representation_match"":true,""rule_version"":""same_sec_parent_timestamp_representation_v1"",""same_parent"":true,""stored_evidence_hash"":""24c1f74db59f53f91b3f7cebd22d4650d4f1ce99707b7b3997e36970fc473b58"",""stored_timestamp"":""2025-10-14T10:19:19Z"",""utc_date_boundary"":false},{""accession"":""0001636282-25-000104"",""classification"":""TIMESTAMP_PLUS_INDEPENDENT_AMBIGUITY"",""current_evidence_hash"":""143def44049f8bd8043690f13e1a09f673e2ae6abf413c75dc3513df98efb35c"",""current_timestamp"":""2025-11-05T02:11:14Z"",""eligibility_changed"":false,""equivalent"":false,""new_york_date_boundary"":false,""offset_seconds"":18000.0,""reasons"":[""DISTINCT_PARENT_ACCESSIONS_WITHOUT_REVIEWED_EXCLUSION_OR_PRECEDENCE"",""UNRESOLVED_COMPETING_CONTEXT""],""representation_match"":true,""rule_version"":""same_sec_parent_timestamp_representation_v1"",""same_parent"":true,""stored_evidence_hash"":""8f21b54e1d5347f6cbc66494768a38f5e4b64fbe12a8de84132fef0db162e15a"",""stored_timestamp"":""2025-11-04T21:11:14Z"",""utc_date_boundary"":true}]"
2121,2026,Q1,75406,SYRE,TIMESTAMP_PLUS_INDEPENDENT_AMBIGUITY,2,True,True,False,False,DISTINCT_PARENT_ACCESSIONS_WITHOUT_REVIEWED_EXCLUSION_OR_PRECEDENCE;UNRESOLVED_COMPETING_CONTEXT,AMBIGUOUS,REVIEW,LEGACY_AMBIGUITY,"[{""accession"":""0001628280-26-024906"",""classification"":""TIMESTAMP_PLUS_INDEPENDENT_AMBIGUITY"",""current_evidence_hash"":""756200a73a4cee4fc1e0fad860608c5171585a37d405ae37c5bb56d7ef718d67"",""current_timestamp"":""2026-04-14T00:29:22Z"",""eligibility_changed"":false,""equivalent"":false,""new_york_date_boundary"":false,""offset_seconds"":14400.0,""reasons"":[""DISTINCT_PARENT_ACCESSIONS_WITHOUT_REVIEWED_EXCLUSION_OR_PRECEDENCE"",""UNRESOLVED_COMPETING_CONTEXT""],""representation_match"":true,""rule_version"":""same_sec_parent_timestamp_representation_v1"",""same_parent"":true,""stored_evidence_hash"":""a4f080d00b9ad7a947dc7dd05fcea94ebbc0bfe9f12f84f3447b1dd6aeb91266"",""stored_timestamp"":""2026-04-13T20:29:22Z"",""utc_date_boundary"":true},{""accession"":""0001636282-26-000051"",""classification"":""TIMESTAMP_PLUS_INDEPENDENT_AMBIGUITY"",""current_evidence_hash"":""603d03dea9b8cbb29f0a9121b7667b73cc0df7ea6e93b2f718c7de5d8b46034b"",""current_timestamp"":""2026-05-05T16:05:31Z"",""eligibility_changed"":false,""equivalent"":false,""new_york_date_boundary"":false,""offset_seconds"":14400.0,""reasons"":[""DISTINCT_PARENT_ACCESSIONS_WITHOUT_REVIEWED_EXCLUSION_OR_PRECEDENCE"",""UNRESOLVED_COMPETING_CONTEXT""],""representation_match"":true,""rule_version"":""same_sec_parent_timestamp_representation_v1"",""same_parent"":true,""stored_evidence_hash"":""6c79d1c11b62a9bd960792a764b6ad2b9e2e12e681c0ab257727927178037284"",""stored_timestamp"":""2026-05-05T12:05:31Z"",""utc_date_boundary"":false}]"
2122,2026,Q3,75447,SYY,TIMESTAMP_PLUS_INDEPENDENT_AMBIGUITY,2,True,False,False,False,DISTINCT_PARENT_ACCESSIONS_WITHOUT_REVIEWED_EXCLUSION_OR_PRECEDENCE;UNRESOLVED_COMPETING_CONTEXT,AMBIGUOUS,REVIEW,LEGACY_AMBIGUITY,"[{""accession"":""0000096021-26-000019"",""classification"":""TIMESTAMP_PLUS_INDEPENDENT_AMBIGUITY"",""current_evidence_hash"":""1ace387756cd6c666afdc16db6188403b864364c71091de761902756c4ecd9ce"",""current_timestamp"":""2026-04-28T16:05:12Z"",""eligibility_changed"":false,""equivalent"":false,""new_york_date_boundary"":false,""offset_seconds"":14400.0,""reasons"":[""DISTINCT_PARENT_ACCESSIONS_WITHOUT_REVIEWED_EXCLUSION_OR_PRECEDENCE"",""UNRESOLVED_COMPETING_CONTEXT""],""representation_match"":true,""rule_version"":""same_sec_parent_timestamp_representation_v1"",""same_parent"":true,""stored_evidence_hash"":""d0d181bde102a9bd8e657bec6c0c1db9c5fc8d198acb31282ec312abe524b662"",""stored_timestamp"":""2026-04-28T12:05:12Z"",""utc_date_boundary"":false},{""accession"":""0000950142-26-000899"",""classification"":""TIMESTAMP_PLUS_INDEPENDENT_AMBIGUITY"",""current_evidence_hash"":""a9a59887dbc4df0a6498880499715f08de3884ccb3f2112c84f43e0119eef8cb"",""current_timestamp"":""2026-03-30T14:38:55Z"",""eligibility_changed"":false,""equivalent"":false,""new_york_date_boundary"":false,""offset_seconds"":14400.0,""reasons"":[""DISTINCT_PARENT_ACCESSIONS_WITHOUT_REVIEWED_EXCLUSION_OR_PRECEDENCE"",""UNRESOLVED_COMPETING_CONTEXT""],""representation_match"":true,""rule_version"":""same_sec_parent_timestamp_representation_v1"",""same_parent"":true,""stored_evidence_hash"":""3b003283d0111d74c5b66fea364aafb115a09e338610336b7528749624fe9435"",""stored_timestamp"":""2026-03-30T10:38:55Z"",""utc_date_boundary"":false}]"
2134,2025,Q4,75850,TBPH,TIMESTAMP_PLUS_INDEPENDENT_AMBIGUITY,2,True,False,False,False,DISTINCT_PARENT_ACCESSIONS_WITHOUT_REVIEWED_EXCLUSION_OR_PRECEDENCE;UNRESOLVED_COMPETING_CONTEXT,AMBIGUOUS,REVIEW,LEGACY_AMBIGUITY,"[{""accession"":""0001104659-26-022572"",""classification"":""TIMESTAMP_PLUS_INDEPENDENT_AMBIGUITY"",""current_evidence_hash"":""3e8d24682119aa65bdd5e73132ff834a55bf67e157f7b9f58148ed4d701a279d"",""current_timestamp"":""2026-03-03T18:35:05Z"",""eligibility_changed"":false,""equivalent"":false,""new_york_date_boundary"":false,""offset_seconds"":18000.0,""reasons"":[""DISTINCT_PARENT_ACCESSIONS_WITHOUT_REVIEWED_EXCLUSION_OR_PRECEDENCE"",""UNRESOLVED_COMPETING_CONTEXT""],""representation_match"":true,""rule_version"":""same_sec_parent_timestamp_representation_v1"",""same_parent"":true,""stored_evidence_hash"":""04ed7c3ecc79f32def312dba1953314185004912e7bb336cd855e55b955837cb"",""stored_timestamp"":""2026-03-03T13:35:05Z"",""utc_date_boundary"":false},{""accession"":""0001104659-26-031795"",""classification"":""TIMESTAMP_PLUS_INDEPENDENT_AMBIGUITY"",""current_evidence_hash"":""affb473d54a2b78469ecaaefad8cee097ac37a5e748aaba02fb5365923b56a43"",""current_timestamp"":""2026-03-19T16:38:02Z"",""eligibility_changed"":false,""equivalent"":false,""new_york_date_boundary"":false,""offset_seconds"":14400.0,""reasons"":[""DISTINCT_PARENT_ACCESSIONS_WITHOUT_REVIEWED_EXCLUSION_OR_PRECEDENCE"",""UNRESOLVED_COMPETING_CONTEXT""],""representation_match"":true,""rule_version"":""same_sec_parent_timestamp_representation_v1"",""same_parent"":true,""stored_evidence_hash"":""442bb807a7909c130ce159566559b0ce5335f01261b8ba8cfeb5cdf25d9e464b"",""stored_timestamp"":""2026-03-19T12:38:02Z"",""utc_date_boundary"":false}]"
2139,2025,Q3,76037,TDOC,TIMESTAMP_PLUS_INDEPENDENT_AMBIGUITY,2,True,True,False,False,DISTINCT_PARENT_ACCESSIONS_WITHOUT_REVIEWED_EXCLUSION_OR_PRECEDENCE;UNRESOLVED_COMPETING_CONTEXT,AMBIGUOUS,REVIEW,LEGACY_AMBIGUITY,"[{""accession"":""0001477449-25-000114"",""classification"":""TIMESTAMP_PLUS_INDEPENDENT_AMBIGUITY"",""current_evidence_hash"":""60f01fb96fdb34dc699ef520b34346b4dd5415836f07c8a03c6c31d6c6f06f89"",""current_timestamp"":""2025-10-24T00:07:40Z"",""eligibility_changed"":false,""equivalent"":false,""new_york_date_boundary"":false,""offset_seconds"":14400.0,""reasons"":[""DISTINCT_PARENT_ACCESSIONS_WITHOUT_REVIEWED_EXCLUSION_OR_PRECEDENCE"",""UNRESOLVED_COMPETING_CONTEXT""],""representation_match"":true,""rule_version"":""same_sec_parent_timestamp_representation_v1"",""same_parent"":true,""stored_evidence_hash"":""e83310ff93208cb6f5d87693f9fcbbb8c9f2999758f23d5e2b262df3612b595a"",""stored_timestamp"":""2025-10-23T20:07:40Z"",""utc_date_boundary"":true},{""accession"":""0001477449-25-000117"",""classification"":""TIMESTAMP_PLUS_INDEPENDENT_AMBIGUITY"",""current_evidence_hash"":""3e7663131985d4dbcb29fc901a3b02870348be27ebb132e9739214c765d484ba"",""current_timestamp"":""2025-10-30T00:04:53Z"",""eligibility_changed"":false,""equivalent"":false,""new_york_date_boundary"":false,""offset_seconds"":14400.0,""reasons"":[""DISTINCT_PARENT_ACCESSIONS_WITHOUT_REVIEWED_EXCLUSION_OR_PRECEDENCE"",""UNRESOLVED_COMPETING_CONTEXT""],""representation_match"":true,""rule_version"":""same_sec_parent_timestamp_representation_v1"",""same_parent"":true,""stored_evidence_hash"":""65627f6cb02a06fa5addd22f5ae796a39fb870b1f5132544da76c1dc938c394d"",""stored_timestamp"":""2025-10-29T20:04:53Z"",""utc_date_boundary"":true}]"
2150,2026,Q1,76419,TELA,TIMESTAMP_PLUS_INDEPENDENT_AMBIGUITY,2,True,True,False,False,DISTINCT_PARENT_ACCESSIONS_WITHOUT_REVIEWED_EXCLUSION_OR_PRECEDENCE;UNRESOLVED_COMPETING_CONTEXT,AMBIGUOUS,REVIEW,LEGACY_AMBIGUITY,"[{""accession"":""0001104659-26-053102"",""classification"":""TIMESTAMP_PLUS_INDEPENDENT_AMBIGUITY"",""current_evidence_hash"":""63b5890eaf3b772469a86048d3a4c325a4d59903af00d01b09c894cb604a028d"",""current_timestamp"":""2026-05-01T00:57:37Z"",""eligibility_changed"":false,""equivalent"":false,""new_york_date_boundary"":false,""offset_seconds"":14400.0,""reasons"":[""DISTINCT_PARENT_ACCESSIONS_WITHOUT_REVIEWED_EXCLUSION_OR_PRECEDENCE"",""UNRESOLVED_COMPETING_CONTEXT""],""representation_match"":true,""rule_version"":""same_sec_parent_timestamp_representation_v1"",""same_parent"":true,""stored_evidence_hash"":""3e308f997ac92450b0e2d89bf955b8bda6c4d1669106f9cc370ccb3e9d00ce03"",""stored_timestamp"":""2026-04-30T20:57:37Z"",""utc_date_boundary"":true},{""accession"":""0001104659-26-059393"",""classification"":""TIMESTAMP_PLUS_INDEPENDENT_AMBIGUITY"",""current_evidence_hash"":""f662f2725b852530fb00fd2113339e5b6cf1a729d59825160916fc96e638a7f0"",""current_timestamp"":""2026-05-13T00:11:00Z"",""eligibility_changed"":false,""equivalent"":false,""new_york_date_boundary"":false,""offset_seconds"":14400.0,""reasons"":[""DISTINCT_PARENT_ACCESSIONS_WITHOUT_REVIEWED_EXCLUSION_OR_PRECEDENCE"",""UNRESOLVED_COMPETING_CONTEXT""],""representation_match"":true,""rule_version"":""same_sec_parent_timestamp_representation_v1"",""same_parent"":true,""stored_evidence_hash"":""09a9bc3cb1ffe18e07fd6fcd5c0cbe8b077d07cc723d0bae29d27160529cfb21"",""stored_timestamp"":""2026-05-12T20:11:00Z"",""utc_date_boundary"":true}]"
2183,2025,Q3,77536,TNGX,TIMESTAMP_PLUS_INDEPENDENT_AMBIGUITY,2,False,False,False,False,DISTINCT_PARENT_ACCESSIONS_WITHOUT_REVIEWED_EXCLUSION_OR_PRECEDENCE,AMBIGUOUS,REVIEW,LEGACY_AMBIGUITY,"[{""accession"":""0001193125-25-247658"",""classification"":""TIMESTAMP_PLUS_INDEPENDENT_AMBIGUITY"",""current_evidence_hash"":""4efc7dc0003b65f98f2c300cbc04f9918fb321d0de9eefdd240e1bf15fdbb9de"",""current_timestamp"":""2025-10-23T15:04:40Z"",""eligibility_changed"":false,""equivalent"":false,""new_york_date_boundary"":false,""offset_seconds"":14400.0,""reasons"":[""DISTINCT_PARENT_ACCESSIONS_WITHOUT_REVIEWED_EXCLUSION_OR_PRECEDENCE""],""representation_match"":true,""rule_version"":""same_sec_parent_timestamp_representation_v1"",""same_parent"":true,""stored_evidence_hash"":""57c8d42d2259c6941ba3d994e77b94d9c4fffccf37780b632c849fd096c15963"",""stored_timestamp"":""2025-10-23T11:04:40Z"",""utc_date_boundary"":false},{""accession"":""0001193125-25-263684"",""classification"":""TIMESTAMP_PLUS_INDEPENDENT_AMBIGUITY"",""current_evidence_hash"":""aff087f5517aab341aa3f1c30aed46d561b26859bb80499fb2a33feefd0c6aaa"",""current_timestamp"":""2025-11-04T19:10:44Z"",""eligibility_changed"":false,""equivalent"":false,""new_york_date_boundary"":false,""offset_seconds"":18000.0,""reasons"":[""DISTINCT_PARENT_ACCESSIONS_WITHOUT_REVIEWED_EXCLUSION_OR_PRECEDENCE""],""representation_match"":true,""rule_version"":""same_sec_parent_timestamp_representation_v1"",""same_parent"":true,""stored_evidence_hash"":""b837d3a3799ba18b5c21fd04e8970ba14abd5ac3a3571e7804564bf1c1e9c921"",""stored_timestamp"":""2025-11-04T14:10:44Z"",""utc_date_boundary"":false}]"
2183,2025,Q4,77537,TNGX,TIMESTAMP_PLUS_INDEPENDENT_AMBIGUITY,2,True,False,False,False,DISTINCT_PARENT_ACCESSIONS_WITHOUT_REVIEWED_EXCLUSION_OR_PRECEDENCE;UNRESOLVED_COMPETING_CONTEXT,AMBIGUOUS,REVIEW,LEGACY_AMBIGUITY,"[{""accession"":""0001193125-26-007086"",""classification"":""TIMESTAMP_PLUS_INDEPENDENT_AMBIGUITY"",""current_evidence_hash"":""ccf265ac6124cb829ade789d0daededdc908fb0f93ba983dc6e303c17e14a2b6"",""current_timestamp"":""2026-01-08T19:10:43Z"",""eligibility_changed"":false,""equivalent"":false,""new_york_date_boundary"":false,""offset_seconds"":18000.0,""reasons"":[""DISTINCT_PARENT_ACCESSIONS_WITHOUT_REVIEWED_EXCLUSION_OR_PRECEDENCE"",""UNRESOLVED_COMPETING_CONTEXT""],""representation_match"":true,""rule_version"":""same_sec_parent_timestamp_representation_v1"",""same_parent"":true,""stored_evidence_hash"":""f74214d83b6281cef6cbcc580500929abdb8408747af7576b6bd64deb15a3497"",""stored_timestamp"":""2026-01-08T14:10:43Z"",""utc_date_boundary"":false},{""accession"":""0001193125-26-092535"",""classification"":""TIMESTAMP_PLUS_INDEPENDENT_AMBIGUITY"",""current_evidence_hash"":""b58b6d672b2680618283594e0b4143be3a46fbb30f53a9435e15d1ccbeda0a3b"",""current_timestamp"":""2026-03-05T17:15:27Z"",""eligibility_changed"":false,""equivalent"":false,""new_york_date_boundary"":false,""offset_seconds"":18000.0,""reasons"":[""DISTINCT_PARENT_ACCESSIONS_WITHOUT_REVIEWED_EXCLUSION_OR_PRECEDENCE"",""UNRESOLVED_COMPETING_CONTEXT""],""representation_match"":true,""rule_version"":""same_sec_parent_timestamp_representation_v1"",""same_parent"":true,""stored_evidence_hash"":""d5edbb9a9275db59a20df2e8681b04d860497f0a0e91d27579931d1e7c8158b9"",""stored_timestamp"":""2026-03-05T12:15:27Z"",""utc_date_boundary"":false}]"
2185,2025,Q4,77597,TNON,TIMESTAMP_PLUS_INDEPENDENT_AMBIGUITY,2,True,True,False,False,DISTINCT_PARENT_ACCESSIONS_WITHOUT_REVIEWED_EXCLUSION_OR_PRECEDENCE;UNRESOLVED_COMPETING_CONTEXT,AMBIGUOUS,REVIEW,LEGACY_AMBIGUITY,"[{""accession"":""0001213900-26-013278"",""classification"":""TIMESTAMP_PLUS_INDEPENDENT_AMBIGUITY"",""current_evidence_hash"":""2abd5018c5cde231ad4e4f2e7d4bd144d9349aff0ba7c3f1bd745a800ed4bcc9"",""current_timestamp"":""2026-02-07T02:11:35Z"",""eligibility_changed"":false,""equivalent"":false,""new_york_date_boundary"":false,""offset_seconds"":18000.0,""reasons"":[""DISTINCT_PARENT_ACCESSIONS_WITHOUT_REVIEWED_EXCLUSION_OR_PRECEDENCE"",""UNRESOLVED_COMPETING_CONTEXT""],""representation_match"":true,""rule_version"":""same_sec_parent_timestamp_representation_v1"",""same_parent"":true,""stored_evidence_hash"":""372cd382294af5e6e06d9fb3a8a07a53885f186ed494af565e228b77c5941cb1"",""stored_timestamp"":""2026-02-06T21:11:35Z"",""utc_date_boundary"":true},{""accession"":""0001213900-26-031840"",""classification"":""TIMESTAMP_PLUS_INDEPENDENT_AMBIGUITY"",""current_evidence_hash"":""a4df8108ce82cf02855e17ec8c7f104ad12fe61728aff6eda072fb7d4cb3b3c2"",""current_timestamp"":""2026-03-20T00:10:25Z"",""eligibility_changed"":false,""equivalent"":false,""new_york_date_boundary"":false,""offset_seconds"":14400.0,""reasons"":[""DISTINCT_PARENT_ACCESSIONS_WITHOUT_REVIEWED_EXCLUSION_OR_PRECEDENCE"",""UNRESOLVED_COMPETING_CONTEXT""],""representation_match"":true,""rule_version"":""same_sec_parent_timestamp_representation_v1"",""same_parent"":true,""stored_evidence_hash"":""5978c8e189ba1f3b8e3221e9d3a93ca99a5a269637402d16566f04bb472a4516"",""stored_timestamp"":""2026-03-19T20:10:25Z"",""utc_date_boundary"":true}]"
2196,2025,Q1,78008,TRAW,TIMESTAMP_PLUS_INDEPENDENT_AMBIGUITY,2,True,False,False,False,DISTINCT_PARENT_ACCESSIONS_WITHOUT_REVIEWED_EXCLUSION_OR_PRECEDENCE;UNRESOLVED_COMPETING_CONTEXT,AMBIGUOUS,REVIEW,LEGACY_AMBIGUITY,"[{""accession"":""0001104659-25-029687"",""classification"":""TIMESTAMP_PLUS_INDEPENDENT_AMBIGUITY"",""current_evidence_hash"":""b57c128ac70eef8982bcf4d36af4fce50d72c95ef1c50bb8f36b5b9573f2280d"",""current_timestamp"":""2025-03-31T17:21:58Z"",""eligibility_changed"":false,""equivalent"":false,""new_york_date_boundary"":false,""offset_seconds"":14400.0,""reasons"":[""DISTINCT_PARENT_ACCESSIONS_WITHOUT_REVIEWED_EXCLUSION_OR_PRECEDENCE"",""UNRESOLVED_COMPETING_CONTEXT""],""representation_match"":true,""rule_version"":""same_sec_parent_timestamp_representation_v1"",""same_parent"":true,""stored_evidence_hash"":""8e92bbd0e9a23ec0c60a907048908dd19559afcdf739d2ace6adbf8d67ff937d"",""stored_timestamp"":""2025-03-31T13:21:58Z"",""utc_date_boundary"":false},{""accession"":""0001104659-25-048915"",""classification"":""TIMESTAMP_PLUS_INDEPENDENT_AMBIGUITY"",""current_evidence_hash"":""786bae8699ced3bc74e75175ea2f21b8b6b998055f77102a60acf04662e389e8"",""current_timestamp"":""2025-05-15T15:00:23Z"",""eligibility_changed"":false,""equivalent"":false,""new_york_date_boundary"":false,""offset_seconds"":14400.0,""reasons"":[""DISTINCT_PARENT_ACCESSIONS_WITHOUT_REVIEWED_EXCLUSION_OR_PRECEDENCE"",""UNRESOLVED_COMPETING_CONTEXT""],""representation_match"":true,""rule_version"":""same_sec_parent_timestamp_representation_v1"",""same_parent"":true,""stored_evidence_hash"":""5ca864a932ab65f859a9793673ec95c30b99df03b9a587c6870eb6a74c865a5b"",""stored_timestamp"":""2025-05-15T11:00:23Z"",""utc_date_boundary"":false}]"
2221,2025,Q4,78915,TTD,TIMESTAMP_PLUS_INDEPENDENT_AMBIGUITY,2,True,True,False,False,DISTINCT_PARENT_ACCESSIONS_WITHOUT_REVIEWED_EXCLUSION_OR_PRECEDENCE;UNRESOLVED_COMPETING_CONTEXT,AMBIGUOUS,REVIEW,LEGACY_AMBIGUITY,"[{""accession"":""0001193125-26-021804"",""classification"":""TIMESTAMP_PLUS_INDEPENDENT_AMBIGUITY"",""current_evidence_hash"":""4afe03a630fe15d674b4a46716bda27b32341f742b60e5268d1ba93e83947592"",""current_timestamp"":""2026-01-26T19:31:32Z"",""eligibility_changed"":false,""equivalent"":false,""new_york_date_boundary"":false,""offset_seconds"":18000.0,""reasons"":[""DISTINCT_PARENT_ACCESSIONS_WITHOUT_REVIEWED_EXCLUSION_OR_PRECEDENCE"",""UNRESOLVED_COMPETING_CONTEXT""],""representation_match"":true,""rule_version"":""same_sec_parent_timestamp_representation_v1"",""same_parent"":true,""stored_evidence_hash"":""95619b4cccdf15ffe7e7d910ee85e4ab26fbb930ce7a11895fe5cf00d2ff5ce7"",""stored_timestamp"":""2026-01-26T14:31:32Z"",""utc_date_boundary"":false},{""accession"":""0001671933-26-000009"",""classification"":""TIMESTAMP_PLUS_INDEPENDENT_AMBIGUITY"",""current_evidence_hash"":""741c66d11626b878bb7059d36ffcc574e2687893562254e8747643ab3c3896f4"",""current_timestamp"":""2026-02-26T02:08:51Z"",""eligibility_changed"":false,""equivalent"":false,""new_york_date_boundary"":false,""offset_seconds"":18000.0,""reasons"":[""DISTINCT_PARENT_ACCESSIONS_WITHOUT_REVIEWED_EXCLUSION_OR_PRECEDENCE"",""UNRESOLVED_COMPETING_CONTEXT""],""representation_match"":true,""rule_version"":""same_sec_parent_timestamp_representation_v1"",""same_parent"":true,""stored_evidence_hash"":""16c8a6c629924aac41b1891fb62801b7e0b3285cc81d5ececf22714fe6ee3eef"",""stored_timestamp"":""2026-02-25T21:08:51Z"",""utc_date_boundary"":true}]"
2231,2026,Q1,79317,TWST,TIMESTAMP_PLUS_INDEPENDENT_AMBIGUITY,2,True,False,False,False,DISTINCT_PARENT_ACCESSIONS_WITHOUT_REVIEWED_EXCLUSION_OR_PRECEDENCE;UNRESOLVED_COMPETING_CONTEXT,AMBIGUOUS,REVIEW,LEGACY_AMBIGUITY,"[{""accession"":""0001581280-26-000012"",""classification"":""TIMESTAMP_PLUS_INDEPENDENT_AMBIGUITY"",""current_evidence_hash"":""bb1da3fcf64f4d8fb5f1f3bdc3107b7c320e5e91ec2d948e3acd4920d7dbb53f"",""current_timestamp"":""2026-01-12T18:13:37Z"",""eligibility_changed"":false,""equivalent"":false,""new_york_date_boundary"":false,""offset_seconds"":18000.0,""reasons"":[""DISTINCT_PARENT_ACCESSIONS_WITHOUT_REVIEWED_EXCLUSION_OR_PRECEDENCE"",""UNRESOLVED_COMPETING_CONTEXT""],""representation_match"":true,""rule_version"":""same_sec_parent_timestamp_representation_v1"",""same_parent"":true,""stored_evidence_hash"":""5aaa84f92ff7e0fd2471904dd8a544b1a5e54c5bdc5e1748e7f0de285236039c"",""stored_timestamp"":""2026-01-12T13:13:37Z"",""utc_date_boundary"":false},{""accession"":""0001581280-26-000016"",""classification"":""TIMESTAMP_PLUS_INDEPENDENT_AMBIGUITY"",""current_evidence_hash"":""f0ec49c13fbf56f8d2315776bc8da3b8a21c7b6ba9315ed08bf31d23abf752bc"",""current_timestamp"":""2026-02-02T17:20:54Z"",""eligibility_changed"":false,""equivalent"":false,""new_york_date_boundary"":false,""offset_seconds"":18000.0,""reasons"":[""DISTINCT_PARENT_ACCESSIONS_WITHOUT_REVIEWED_EXCLUSION_OR_PRECEDENCE"",""UNRESOLVED_COMPETING_CONTEXT""],""representation_match"":true,""rule_version"":""same_sec_parent_timestamp_representation_v1"",""same_parent"":true,""stored_evidence_hash"":""abad5394a0771f6244d7f25a1a21a09cc27e2366be62d9ea3d146d87b5bcbd26"",""stored_timestamp"":""2026-02-02T12:20:54Z"",""utc_date_boundary"":false}]"
2232,2025,Q4,79346,TXG,TIMESTAMP_PLUS_INDEPENDENT_AMBIGUITY,2,True,True,False,False,DISTINCT_PARENT_ACCESSIONS_WITHOUT_REVIEWED_EXCLUSION_OR_PRECEDENCE;UNRESOLVED_COMPETING_CONTEXT,AMBIGUOUS,REVIEW,LEGACY_AMBIGUITY,"[{""accession"":""0001628280-26-001808"",""classification"":""TIMESTAMP_PLUS_INDEPENDENT_AMBIGUITY"",""current_evidence_hash"":""555b047533d5a5cbf1e8e6b767aa431ada1d04155d9b6de37c6acdf6e1faf52a"",""current_timestamp"":""2026-01-13T01:52:51Z"",""eligibility_changed"":false,""equivalent"":false,""new_york_date_boundary"":false,""offset_seconds"":18000.0,""reasons"":[""DISTINCT_PARENT_ACCESSIONS_WITHOUT_REVIEWED_EXCLUSION_OR_PRECEDENCE"",""UNRESOLVED_COMPETING_CONTEXT""],""representation_match"":true,""rule_version"":""same_sec_parent_timestamp_representation_v1"",""same_parent"":true,""stored_evidence_hash"":""7b83294883cfeb5476a704e29def8e577f159fcb400d784d17374bde9004d938"",""stored_timestamp"":""2026-01-12T20:52:51Z"",""utc_date_boundary"":true},{""accession"":""0001628280-26-007673"",""classification"":""TIMESTAMP_PLUS_INDEPENDENT_AMBIGUITY"",""current_evidence_hash"":""4c41cb8a8ae2758530c5f2eb56463f65b27ff67aff4482acf6f78661e9e5688d"",""current_timestamp"":""2026-02-13T02:09:53Z"",""eligibility_changed"":false,""equivalent"":false,""new_york_date_boundary"":false,""offset_seconds"":18000.0,""reasons"":[""DISTINCT_PARENT_ACCESSIONS_WITHOUT_REVIEWED_EXCLUSION_OR_PRECEDENCE"",""UNRESOLVED_COMPETING_CONTEXT""],""representation_match"":true,""rule_version"":""same_sec_parent_timestamp_representation_v1"",""same_parent"":true,""stored_evidence_hash"":""d4b4b5a28605a0535167dcf380f08b94d24a2526f798b8a99a6c7ab5b79092d7"",""stored_timestamp"":""2026-02-12T21:09:53Z"",""utc_date_boundary"":true}]"
2261,2025,Q4,80380,UNF,TIMESTAMP_PLUS_INDEPENDENT_AMBIGUITY,2,True,True,False,False,DISTINCT_PARENT_ACCESSIONS_WITHOUT_REVIEWED_EXCLUSION_OR_PRECEDENCE;UNRESOLVED_COMPETING_CONTEXT,AMBIGUOUS,REVIEW,LEGACY_AMBIGUITY,"[{""accession"":""0001193125-25-242646"",""classification"":""TIMESTAMP_PLUS_INDEPENDENT_AMBIGUITY"",""current_evidence_hash"":""7de1f2078640b72038a5588271ec6845152aab57c87d7999984b468e4d554db3"",""current_timestamp"":""2025-10-18T01:22:40Z"",""eligibility_changed"":false,""equivalent"":false,""new_york_date_boundary"":false,""offset_seconds"":14400.0,""reasons"":[""DISTINCT_PARENT_ACCESSIONS_WITHOUT_REVIEWED_EXCLUSION_OR_PRECEDENCE"",""UNRESOLVED_COMPETING_CONTEXT""],""representation_match"":true,""rule_version"":""same_sec_parent_timestamp_representation_v1"",""same_parent"":true,""stored_evidence_hash"":""a86c71f7de79b5a203c876a8fc1e87ae334fb58dcd19a6002fc88fa5cc6b7241"",""stored_timestamp"":""2025-10-17T21:22:40Z"",""utc_date_boundary"":true},{""accession"":""0001193125-25-245773"",""classification"":""TIMESTAMP_PLUS_INDEPENDENT_AMBIGUITY"",""current_evidence_hash"":""a8df2a37873b6cf53626411d8ef0e4b9cb779f8cad7f0263dd72e3ba2b4a3ed9"",""current_timestamp"":""2025-10-22T16:41:30Z"",""eligibility_changed"":false,""equivalent"":false,""new_york_date_boundary"":false,""offset_seconds"":14400.0,""reasons"":[""DISTINCT_PARENT_ACCESSIONS_WITHOUT_REVIEWED_EXCLUSION_OR_PRECEDENCE"",""UNRESOLVED_COMPETING_CONTEXT""],""representation_match"":true,""rule_version"":""same_sec_parent_timestamp_representation_v1"",""same_parent"":true,""stored_evidence_hash"":""a168c77be2f5e0bd1bf817b876fe63fd8e672f138c660cfefe41fc1ffeaea16c"",""stored_timestamp"":""2025-10-22T12:41:30Z"",""utc_date_boundary"":false}]"
2280,2025,Q3,81088,USNA,TIMESTAMP_PLUS_INDEPENDENT_AMBIGUITY,2,False,True,False,False,DISTINCT_PARENT_ACCESSIONS_WITHOUT_REVIEWED_EXCLUSION_OR_PRECEDENCE,AMBIGUOUS,REVIEW,LEGACY_AMBIGUITY,"[{""accession"":""0000896264-25-000210"",""classification"":""TIMESTAMP_PLUS_INDEPENDENT_AMBIGUITY"",""current_evidence_hash"":""df313271d3597e3f715c56165501b5fafe3787b0c998ce86f008c96ac8df72dc"",""current_timestamp"":""2025-10-10T00:10:36Z"",""eligibility_changed"":false,""equivalent"":false,""new_york_date_boundary"":false,""offset_seconds"":14400.0,""reasons"":[""DISTINCT_PARENT_ACCESSIONS_WITHOUT_REVIEWED_EXCLUSION_OR_PRECEDENCE""],""representation_match"":true,""rule_version"":""same_sec_parent_timestamp_representation_v1"",""same_parent"":true,""stored_evidence_hash"":""3ba0a753f5121e2b2c7c7798a5b976ab146d0cb67032a2311da3dd4d6d71efe9"",""stored_timestamp"":""2025-10-09T20:10:36Z"",""utc_date_boundary"":true},{""accession"":""0000896264-25-000213"",""classification"":""TIMESTAMP_PLUS_INDEPENDENT_AMBIGUITY"",""current_evidence_hash"":""3a934abc2e260cd522772e05c61e0ac86b62db0717b77e76cd2a2d56396c7561"",""current_timestamp"":""2025-10-23T00:12:42Z"",""eligibility_changed"":false,""equivalent"":false,""new_york_date_boundary"":false,""offset_seconds"":14400.0,""reasons"":[""DISTINCT_PARENT_ACCESSIONS_WITHOUT_REVIEWED_EXCLUSION_OR_PRECEDENCE""],""representation_match"":true,""rule_version"":""same_sec_parent_timestamp_representation_v1"",""same_parent"":true,""stored_evidence_hash"":""32f550196623bcdbbd35f36043e7950b8b3c176e525e76ea32fdde639c481272"",""stored_timestamp"":""2025-10-22T20:12:42Z"",""utc_date_boundary"":true}]"
2280,2025,Q4,81089,USNA,TIMESTAMP_PLUS_INDEPENDENT_AMBIGUITY,2,True,False,True,False,DISTINCT_PARENT_ACCESSIONS_WITHOUT_REVIEWED_EXCLUSION_OR_PRECEDENCE;UNRESOLVED_COMPETING_CONTEXT,AMBIGUOUS,REVIEW,LEGACY_AMBIGUITY,"[{""accession"":""0000896264-26-000005"",""classification"":""TIMESTAMP_PLUS_INDEPENDENT_AMBIGUITY"",""current_evidence_hash"":""94018ae2fdc3a91b592a52df5d80b63367725a9511c31f2c3b01171b8ad0d09b"",""current_timestamp"":""2026-01-12T16:29:11Z"",""eligibility_changed"":false,""equivalent"":false,""new_york_date_boundary"":false,""offset_seconds"":18000.0,""reasons"":[""DISTINCT_PARENT_ACCESSIONS_WITHOUT_REVIEWED_EXCLUSION_OR_PRECEDENCE"",""UNRESOLVED_COMPETING_CONTEXT""],""representation_match"":true,""rule_version"":""same_sec_parent_timestamp_representation_v1"",""same_parent"":true,""stored_evidence_hash"":""ab98cfafa4d90dee11c183a8e2c11f91b1334e1a1b226f327b1ae2b40b8c1e44"",""stored_timestamp"":""2026-01-12T11:29:11Z"",""utc_date_boundary"":false},{""accession"":""0000896264-26-000014"",""classification"":""TIMESTAMP_PLUS_INDEPENDENT_AMBIGUITY"",""current_evidence_hash"":""203fa0583e9d7f6f8fd84e4dbac19f351b3db68952e15246978d94faacd9a6c9"",""current_timestamp"":""2026-02-18T06:33:52Z"",""eligibility_changed"":false,""equivalent"":false,""new_york_date_boundary"":true,""offset_seconds"":18000.0,""reasons"":[""DISTINCT_PARENT_ACCESSIONS_WITHOUT_REVIEWED_EXCLUSION_OR_PRECEDENCE"",""UNRESOLVED_COMPETING_CONTEXT""],""representation_match"":true,""rule_version"":""same_sec_parent_timestamp_representation_v1"",""same_parent"":true,""stored_evidence_hash"":""dd3779e6e23afa348438c0357cbbfaa3a85d104be5c02cf69c68692c71dcbaa7"",""stored_timestamp"":""2026-02-18T01:33:52Z"",""utc_date_boundary"":false}]"
2285,2025,Q1,81279,UVV,TIMESTAMP_PLUS_INDEPENDENT_AMBIGUITY,2,False,True,False,False,DISTINCT_PARENT_ACCESSIONS_WITHOUT_REVIEWED_EXCLUSION_OR_PRECEDENCE,AMBIGUOUS,REVIEW,LEGACY_AMBIGUITY,"[{""accession"":""0000102037-24-000030"",""classification"":""TIMESTAMP_PLUS_INDEPENDENT_AMBIGUITY"",""current_evidence_hash"":""71f354d340becd2e27ca35d323017a37096139965e41340957fe6b12f63413ac"",""current_timestamp"":""2024-08-08T00:17:07Z"",""eligibility_changed"":false,""equivalent"":false,""new_york_date_boundary"":false,""offset_seconds"":14400.0,""reasons"":[""DISTINCT_PARENT_ACCESSIONS_WITHOUT_REVIEWED_EXCLUSION_OR_PRECEDENCE""],""representation_match"":true,""rule_version"":""same_sec_parent_timestamp_representation_v1"",""same_parent"":true,""stored_evidence_hash"":""ad4f3fc62d3995f109889e53fdab61691f6b96556fff5c86ee213a9681bf3a91"",""stored_timestamp"":""2024-08-07T20:17:07Z"",""utc_date_boundary"":true},{""accession"":""0001104659-24-116429"",""classification"":""TIMESTAMP_PLUS_INDEPENDENT_AMBIGUITY"",""current_evidence_hash"":""f94265aca10b68855f7796ff12c801559520c310e571d624ae211bb4a7bc9d07"",""current_timestamp"":""2024-11-12T18:13:34Z"",""eligibility_changed"":false,""equivalent"":false,""new_york_date_boundary"":false,""offset_seconds"":18000.0,""reasons"":[""DISTINCT_PARENT_ACCESSIONS_WITHOUT_REVIEWED_EXCLUSION_OR_PRECEDENCE""],""representation_match"":true,""rule_version"":""same_sec_parent_timestamp_representation_v1"",""same_parent"":true,""stored_evidence_hash"":""6a208892973b10ca512dc15d7f25f4ca5900e894830ce60712831cffca741891"",""stored_timestamp"":""2024-11-12T13:13:34Z"",""utc_date_boundary"":false}]"
2289,2025,Q1,81426,VATE,TIMESTAMP_PLUS_INDEPENDENT_AMBIGUITY,2,True,True,False,False,DISTINCT_PARENT_ACCESSIONS_WITHOUT_REVIEWED_EXCLUSION_OR_PRECEDENCE;UNRESOLVED_COMPETING_CONTEXT,AMBIGUOUS,REVIEW,LEGACY_AMBIGUITY,"[{""accession"":""0001006837-25-000020"",""classification"":""TIMESTAMP_PLUS_INDEPENDENT_AMBIGUITY"",""current_evidence_hash"":""d909681573156f790621f2d38d444e827af938f9dc3347dc696b3bf9ec09f12a"",""current_timestamp"":""2025-04-01T00:06:06Z"",""eligibility_changed"":false,""equivalent"":false,""new_york_date_boundary"":false,""offset_seconds"":14400.0,""reasons"":[""DISTINCT_PARENT_ACCESSIONS_WITHOUT_REVIEWED_EXCLUSION_OR_PRECEDENCE"",""UNRESOLVED_COMPETING_CONTEXT""],""representation_match"":true,""rule_version"":""same_sec_parent_timestamp_representation_v1"",""same_parent"":true,""stored_evidence_hash"":""893e90a8a21a149db0df053a3239e6a65d13377693e9798c916fc26ff5058fe2"",""stored_timestamp"":""2025-03-31T20:06:06Z"",""utc_date_boundary"":true},{""accession"":""0001006837-25-000044"",""classification"":""TIMESTAMP_PLUS_INDEPENDENT_AMBIGUITY"",""current_evidence_hash"":""8e820c223aff973dc341c4efa32d739d999a07f7b78899d8df4bd15311bcc745"",""current_timestamp"":""2025-05-07T00:09:09Z"",""eligibility_changed"":false,""equivalent"":false,""new_york_date_boundary"":false,""offset_seconds"":14400.0,""reasons"":[""DISTINCT_PARENT_ACCESSIONS_WITHOUT_REVIEWED_EXCLUSION_OR_PRECEDENCE"",""UNRESOLVED_COMPETING_CONTEXT""],""representation_match"":true,""rule_version"":""same_sec_parent_timestamp_representation_v1"",""same_parent"":true,""stored_evidence_hash"":""18b26faa73a4884644efa9681d513b97aa50385946eb4ea75ab0d192fc215eb2"",""stored_timestamp"":""2025-05-06T20:09:09Z"",""utc_date_boundary"":true}]"
2295,2025,Q3,81652,VEEV,TIMESTAMP_PLUS_INDEPENDENT_AMBIGUITY,2,True,True,True,False,DISTINCT_PARENT_ACCESSIONS_WITHOUT_REVIEWED_EXCLUSION_OR_PRECEDENCE;UNRESOLVED_COMPETING_CONTEXT,AMBIGUOUS,REVIEW,LEGACY_AMBIGUITY,"[{""accession"":""0001393052-24-000067"",""classification"":""TIMESTAMP_PLUS_INDEPENDENT_AMBIGUITY"",""current_evidence_hash"":""35dd998f5d4bff860d1fb9388878efaf4704e9f0c7eddd5521627fc31f76fcfa"",""current_timestamp"":""2024-11-08T06:05:37Z"",""eligibility_changed"":false,""equivalent"":false,""new_york_date_boundary"":true,""offset_seconds"":18000.0,""reasons"":[""DISTINCT_PARENT_ACCESSIONS_WITHOUT_REVIEWED_EXCLUSION_OR_PRECEDENCE"",""UNRESOLVED_COMPETING_CONTEXT""],""representation_match"":true,""rule_version"":""same_sec_parent_timestamp_representation_v1"",""same_parent"":true,""stored_evidence_hash"":""7bd12d0eeb0ba24a4f1013299b6de039b98b088e3367dadab428891c1621341f"",""stored_timestamp"":""2024-11-08T01:05:37Z"",""utc_date_boundary"":false},{""accession"":""0001393052-24-000071"",""classification"":""TIMESTAMP_PLUS_INDEPENDENT_AMBIGUITY"",""current_evidence_hash"":""7258ebd277f0c695fb9178529660c1f1320a1c8a03d9c96048db5ddab1751c83"",""current_timestamp"":""2024-12-06T02:11:31Z"",""eligibility_changed"":false,""equivalent"":false,""new_york_date_boundary"":false,""offset_seconds"":18000.0,""reasons"":[""DISTINCT_PARENT_ACCESSIONS_WITHOUT_REVIEWED_EXCLUSION_OR_PRECEDENCE"",""UNRESOLVED_COMPETING_CONTEXT""],""representation_match"":true,""rule_version"":""same_sec_parent_timestamp_representation_v1"",""same_parent"":true,""stored_evidence_hash"":""b6c9ec886a0221d47480bf9f4114aaadba41b49414fef6820f319ab93a96a096"",""stored_timestamp"":""2024-12-05T21:11:31Z"",""utc_date_boundary"":true}]"
2296,2025,Q1,81678,VELO,TIMESTAMP_PLUS_INDEPENDENT_AMBIGUITY,2,True,True,False,False,DISTINCT_PARENT_ACCESSIONS_WITHOUT_REVIEWED_EXCLUSION_OR_PRECEDENCE;UNRESOLVED_COMPETING_CONTEXT,AMBIGUOUS,REVIEW,LEGACY_AMBIGUITY,"[{""accession"":""0000950170-25-047711"",""classification"":""TIMESTAMP_PLUS_INDEPENDENT_AMBIGUITY"",""current_evidence_hash"":""0db3e1ec9768a5d31d35b2c65fbff0d01de8d6d5cf14ab72da622e7677c1d9dd"",""current_timestamp"":""2025-04-01T00:10:53Z"",""eligibility_changed"":false,""equivalent"":false,""new_york_date_boundary"":false,""offset_seconds"":14400.0,""reasons"":[""DISTINCT_PARENT_ACCESSIONS_WITHOUT_REVIEWED_EXCLUSION_OR_PRECEDENCE"",""UNRESOLVED_COMPETING_CONTEXT""],""representation_match"":true,""rule_version"":""same_sec_parent_timestamp_representation_v1"",""same_parent"":true,""stored_evidence_hash"":""0cf1325bff7899068bba983aa027d2c90f67deed9d4d5ff415d004489e4a6c49"",""stored_timestamp"":""2025-03-31T20:10:53Z"",""utc_date_boundary"":true},{""accession"":""0000950170-25-070439"",""classification"":""TIMESTAMP_PLUS_INDEPENDENT_AMBIGUITY"",""current_evidence_hash"":""3d70fe09636c6422162ae2994f7afd2a32ed9472305fd92772443710161a929d"",""current_timestamp"":""2025-05-14T00:30:55Z"",""eligibility_changed"":false,""equivalent"":false,""new_york_date_boundary"":false,""offset_seconds"":14400.0,""reasons"":[""DISTINCT_PARENT_ACCESSIONS_WITHOUT_REVIEWED_EXCLUSION_OR_PRECEDENCE"",""UNRESOLVED_COMPETING_CONTEXT""],""representation_match"":true,""rule_version"":""same_sec_parent_timestamp_representation_v1"",""same_parent"":true,""stored_evidence_hash"":""bbbc862c7fc8c1f4016c3b096baaf0f3de58c0a38708cf8d93a970e95c0ab880"",""stored_timestamp"":""2025-05-13T20:30:55Z"",""utc_date_boundary"":true}]"
2300,2025,Q3,81809,VERX,TIMESTAMP_PLUS_INDEPENDENT_AMBIGUITY,2,True,False,False,False,DISTINCT_PARENT_ACCESSIONS_WITHOUT_REVIEWED_EXCLUSION_OR_PRECEDENCE;UNRESOLVED_COMPETING_CONTEXT,AMBIGUOUS,REVIEW,LEGACY_AMBIGUITY,"[{""accession"":""0001104659-25-101040"",""classification"":""TIMESTAMP_PLUS_INDEPENDENT_AMBIGUITY"",""current_evidence_hash"":""cad2bc3bc1c18ab3e84637b1a3c45118be9e83802cbdbcce0bb373ceb5d73595"",""current_timestamp"":""2025-10-21T16:39:29Z"",""eligibility_changed"":false,""equivalent"":false,""new_york_date_boundary"":false,""offset_seconds"":14400.0,""reasons"":[""DISTINCT_PARENT_ACCESSIONS_WITHOUT_REVIEWED_EXCLUSION_OR_PRECEDENCE"",""UNRESOLVED_COMPETING_CONTEXT""],""representation_match"":true,""rule_version"":""same_sec_parent_timestamp_representation_v1"",""same_parent"":true,""stored_evidence_hash"":""fd6e3323c4e5ac682fdc00c4ef621f51f87a876d500f01cf38d3f7f6f81a7c5e"",""stored_timestamp"":""2025-10-21T12:39:29Z"",""utc_date_boundary"":false},{""accession"":""0001104659-25-105239"",""classification"":""TIMESTAMP_PLUS_INDEPENDENT_AMBIGUITY"",""current_evidence_hash"":""8b33392196b51a5df9aa3d07c7e0a3336a5155636e1b9aaed5d674683d4da33f"",""current_timestamp"":""2025-11-03T17:20:14Z"",""eligibility_changed"":false,""equivalent"":false,""new_york_date_boundary"":false,""offset_seconds"":18000.0,""reasons"":[""DISTINCT_PARENT_ACCESSIONS_WITHOUT_REVIEWED_EXCLUSION_OR_PRECEDENCE"",""UNRESOLVED_COMPETING_CONTEXT""],""representation_match"":true,""rule_version"":""same_sec_parent_timestamp_representation_v1"",""same_parent"":true,""stored_evidence_hash"":""8ef68d805b009223e78e8ee7c708816f104e4fcdeb882d640e9c954dc785e013"",""stored_timestamp"":""2025-11-03T12:20:14Z"",""utc_date_boundary"":false}]"
2306,2025,Q4,82032,VIR,TIMESTAMP_PLUS_INDEPENDENT_AMBIGUITY,2,True,True,False,False,DISTINCT_PARENT_ACCESSIONS_WITHOUT_REVIEWED_EXCLUSION_OR_PRECEDENCE;UNRESOLVED_COMPETING_CONTEXT,AMBIGUOUS,REVIEW,LEGACY_AMBIGUITY,"[{""accession"":""0001628280-26-001768"",""classification"":""TIMESTAMP_PLUS_INDEPENDENT_AMBIGUITY"",""current_evidence_hash"":""bd1f7b835f576a9790f334cfea29fafe64a97562d763fc74fb8272c225e38dc1"",""current_timestamp"":""2026-01-12T18:07:34Z"",""eligibility_changed"":false,""equivalent"":false,""new_york_date_boundary"":false,""offset_seconds"":18000.0,""reasons"":[""DISTINCT_PARENT_ACCESSIONS_WITHOUT_REVIEWED_EXCLUSION_OR_PRECEDENCE"",""UNRESOLVED_COMPETING_CONTEXT""],""representation_match"":true,""rule_version"":""same_sec_parent_timestamp_representation_v1"",""same_parent"":true,""stored_evidence_hash"":""67e4c071e993ed3050bd79418c87fe311e5230c5c67e181d44c99fef60157bd5"",""stored_timestamp"":""2026-01-12T13:07:34Z"",""utc_date_boundary"":false},{""accession"":""0001628280-26-010740"",""classification"":""TIMESTAMP_PLUS_INDEPENDENT_AMBIGUITY"",""current_evidence_hash"":""ea552e6346271fe8eb3837f2578f556551149a9e117e85b238ccc9126ffa4df1"",""current_timestamp"":""2026-02-24T03:16:39Z"",""eligibility_changed"":false,""equivalent"":false,""new_york_date_boundary"":false,""offset_seconds"":18000.0,""reasons"":[""DISTINCT_PARENT_ACCESSIONS_WITHOUT_REVIEWED_EXCLUSION_OR_PRECEDENCE"",""UNRESOLVED_COMPETING_CONTEXT""],""representation_match"":true,""rule_version"":""same_sec_parent_timestamp_representation_v1"",""same_parent"":true,""stored_evidence_hash"":""2bcf20193ae3fd07e4b61b2a34a48ea495bb700165dccaa343d633d0199535b5"",""stored_timestamp"":""2026-02-23T22:16:39Z"",""utc_date_boundary"":true}]"
2310,2025,Q1,82179,VLO,TIMESTAMP_PLUS_INDEPENDENT_AMBIGUITY,2,True,False,False,False,DISTINCT_PARENT_ACCESSIONS_WITHOUT_REVIEWED_EXCLUSION_OR_PRECEDENCE;UNRESOLVED_COMPETING_CONTEXT,AMBIGUOUS,REVIEW,LEGACY_AMBIGUITY,"[{""accession"":""0001035002-25-000016"",""classification"":""TIMESTAMP_PLUS_INDEPENDENT_AMBIGUITY"",""current_evidence_hash"":""ffe6d2751cf72768be1d4d90b925078c8b980ea0211b474f2492d3c831d185f7"",""current_timestamp"":""2025-04-24T16:13:40Z"",""eligibility_changed"":false,""equivalent"":false,""new_york_date_boundary"":false,""offset_seconds"":14400.0,""reasons"":[""DISTINCT_PARENT_ACCESSIONS_WITHOUT_REVIEWED_EXCLUSION_OR_PRECEDENCE"",""UNRESOLVED_COMPETING_CONTEXT""],""representation_match"":true,""rule_version"":""same_sec_parent_timestamp_representation_v1"",""same_parent"":true,""stored_evidence_hash"":""bea74b95df960855d16ef2ac5904ae60f2a69ed6cd224b64ec3c147b2a22295f"",""stored_timestamp"":""2025-04-24T12:13:40Z"",""utc_date_boundary"":false},{""accession"":""0001193125-25-082159"",""classification"":""TIMESTAMP_PLUS_INDEPENDENT_AMBIGUITY"",""current_evidence_hash"":""4d7016fc280dd1ddc7c0284550dff9a60579447bb353dceb66e61efd911814c7"",""current_timestamp"":""2025-04-16T16:36:02Z"",""eligibility_changed"":false,""equivalent"":false,""new_york_date_boundary"":false,""offset_seconds"":14400.0,""reasons"":[""DISTINCT_PARENT_ACCESSIONS_WITHOUT_REVIEWED_EXCLUSION_OR_PRECEDENCE"",""UNRESOLVED_COMPETING_CONTEXT""],""representation_match"":true,""rule_version"":""same_sec_parent_timestamp_representation_v1"",""same_parent"":true,""stored_evidence_hash"":""5cd76d9c49451d6e4eb2d6cbc2e9b32da69575a28ef9d8a8bdbcd075a9c918a6"",""stored_timestamp"":""2025-04-16T12:36:02Z"",""utc_date_boundary"":false}]"
2319,2025,Q3,82497,VNT,TIMESTAMP_PLUS_INDEPENDENT_AMBIGUITY,2,True,False,False,False,DISTINCT_PARENT_ACCESSIONS_WITHOUT_REVIEWED_EXCLUSION_OR_PRECEDENCE;UNRESOLVED_COMPETING_CONTEXT,AMBIGUOUS,REVIEW,LEGACY_AMBIGUITY,"[{""accession"":""0001628280-25-045054"",""classification"":""TIMESTAMP_PLUS_INDEPENDENT_AMBIGUITY"",""current_evidence_hash"":""ae7409a1ca1bed511d27679b4cb86fd24f04757a31360ab30bd612b698786011"",""current_timestamp"":""2025-10-15T16:18:23Z"",""eligibility_changed"":false,""equivalent"":false,""new_york_date_boundary"":false,""offset_seconds"":14400.0,""reasons"":[""DISTINCT_PARENT_ACCESSIONS_WITHOUT_REVIEWED_EXCLUSION_OR_PRECEDENCE"",""UNRESOLVED_COMPETING_CONTEXT""],""representation_match"":true,""rule_version"":""same_sec_parent_timestamp_representation_v1"",""same_parent"":true,""stored_evidence_hash"":""84a3cb5796b970d3a5377d98b1bb874d35102a456159cfb05f8fbbad5735bfc8"",""stored_timestamp"":""2025-10-15T12:18:23Z"",""utc_date_boundary"":false},{""accession"":""0001628280-25-047285"",""classification"":""TIMESTAMP_PLUS_INDEPENDENT_AMBIGUITY"",""current_evidence_hash"":""cf85a436b82a3f6a5a0e0ce48d940aa0dad34f2db826129f2b6306fa1e6eead9"",""current_timestamp"":""2025-10-30T14:39:47Z"",""eligibility_changed"":false,""equivalent"":false,""new_york_date_boundary"":false,""offset_seconds"":14400.0,""reasons"":[""DISTINCT_PARENT_ACCESSIONS_WITHOUT_REVIEWED_EXCLUSION_OR_PRECEDENCE"",""UNRESOLVED_COMPETING_CONTEXT""],""representation_match"":true,""rule_version"":""same_sec_parent_timestamp_representation_v1"",""same_parent"":true,""stored_evidence_hash"":""256486ef8abb7b83a0fd1845dc6cba4d73ad5252f184860f69792256a469110f"",""stored_timestamp"":""2025-10-30T10:39:47Z"",""utc_date_boundary"":false}]"
2358,2025,Q2,83958,WDC,TIMESTAMP_PLUS_INDEPENDENT_AMBIGUITY,2,True,True,False,False,DISTINCT_PARENT_ACCESSIONS_WITHOUT_REVIEWED_EXCLUSION_OR_PRECEDENCE;UNRESOLVED_COMPETING_CONTEXT,AMBIGUOUS,REVIEW,LEGACY_AMBIGUITY,"[{""accession"":""0000106040-25-000005"",""classification"":""TIMESTAMP_PLUS_INDEPENDENT_AMBIGUITY"",""current_evidence_hash"":""f140ea8bb8d8092a435e78154b9095ccd7ab5ccf3ada055638d60f9c5ead32bd"",""current_timestamp"":""2025-01-30T02:15:28Z"",""eligibility_changed"":false,""equivalent"":false,""new_york_date_boundary"":false,""offset_seconds"":18000.0,""reasons"":[""DISTINCT_PARENT_ACCESSIONS_WITHOUT_REVIEWED_EXCLUSION_OR_PRECEDENCE"",""UNRESOLVED_COMPETING_CONTEXT""],""representation_match"":true,""rule_version"":""same_sec_parent_timestamp_representation_v1"",""same_parent"":true,""stored_evidence_hash"":""5b4aa8b50958f7bdcaf9db5b9612189625a12077e792b31b00af455ef5587750"",""stored_timestamp"":""2025-01-29T21:15:28Z"",""utc_date_boundary"":true},{""accession"":""0001193125-25-007725"",""classification"":""TIMESTAMP_PLUS_INDEPENDENT_AMBIGUITY"",""current_evidence_hash"":""8af1f48e0eaebcf2efdbfc4af4bb09275a1e96406a60ff5d1c86d27cf6497c42"",""current_timestamp"":""2025-01-17T02:30:33Z"",""eligibility_changed"":false,""equivalent"":false,""new_york_date_boundary"":false,""offset_seconds"":18000.0,""reasons"":[""DISTINCT_PARENT_ACCESSIONS_WITHOUT_REVIEWED_EXCLUSION_OR_PRECEDENCE"",""UNRESOLVED_COMPETING_CONTEXT""],""representation_match"":true,""rule_version"":""same_sec_parent_timestamp_representation_v1"",""same_parent"":true,""stored_evidence_hash"":""df0c44cdda4947b035511b75e0ef5979322dcf02af9aeb87accbb9646de24477"",""stored_timestamp"":""2025-01-16T21:30:33Z"",""utc_date_boundary"":true}]"
2386,2026,Q3,85018,WMG,TIMESTAMP_PLUS_INDEPENDENT_AMBIGUITY,2,False,True,False,False,DISTINCT_PARENT_ACCESSIONS_WITHOUT_REVIEWED_EXCLUSION_OR_PRECEDENCE,AMBIGUOUS,REVIEW,LEGACY_AMBIGUITY,"[{""accession"":""0001193125-26-329621"",""classification"":""TIMESTAMP_PLUS_INDEPENDENT_AMBIGUITY"",""current_evidence_hash"":""8a5a3e790eab764e0ced299b77807af994f6b7a5b0ab71c9a133f5761d5e581c"",""current_timestamp"":""2026-08-03T16:35:06Z"",""eligibility_changed"":false,""equivalent"":false,""new_york_date_boundary"":false,""offset_seconds"":14400.0,""reasons"":[""DISTINCT_PARENT_ACCESSIONS_WITHOUT_REVIEWED_EXCLUSION_OR_PRECEDENCE""],""representation_match"":true,""rule_version"":""same_sec_parent_timestamp_representation_v1"",""same_parent"":true,""stored_evidence_hash"":""4a9b6351c8d503dfdc2d34a202ff7f4f4e68e8b1e145dc7b3f6febda9540d891"",""stored_timestamp"":""2026-08-03T12:35:06Z"",""utc_date_boundary"":false},{""accession"":""0001319161-26-000031"",""classification"":""TIMESTAMP_PLUS_INDEPENDENT_AMBIGUITY"",""current_evidence_hash"":""7bc87d85e5e5bd61e404e19f56fd9961b6c49b8e6f143460fd5b134c166130ae"",""current_timestamp"":""2026-08-06T00:03:12Z"",""eligibility_changed"":false,""equivalent"":false,""new_york_date_boundary"":false,""offset_seconds"":14400.0,""reasons"":[""DISTINCT_PARENT_ACCESSIONS_WITHOUT_REVIEWED_EXCLUSION_OR_PRECEDENCE""],""representation_match"":true,""rule_version"":""same_sec_parent_timestamp_representation_v1"",""same_parent"":true,""stored_evidence_hash"":""18d3b5cf21bb48373ae7a59da0fdf330a6ef568b73055f7302ade45972b0a746"",""stored_timestamp"":""2026-08-05T20:03:12Z"",""utc_date_boundary"":true}]"
2392,2025,Q1,85241,WOR,TIMESTAMP_PLUS_INDEPENDENT_AMBIGUITY,2,False,True,False,False,DISTINCT_PARENT_ACCESSIONS_WITHOUT_REVIEWED_EXCLUSION_OR_PRECEDENCE,AMBIGUOUS,REVIEW,LEGACY_AMBIGUITY,"[{""accession"":""0000950170-24-109115"",""classification"":""TIMESTAMP_PLUS_INDEPENDENT_AMBIGUITY"",""current_evidence_hash"":""13bf71db3b4c5aab6cccf5838835f28ff2e425f63ea1da553040751c48215d71"",""current_timestamp"":""2024-09-25T00:52:28Z"",""eligibility_changed"":false,""equivalent"":false,""new_york_date_boundary"":false,""offset_seconds"":14400.0,""reasons"":[""DISTINCT_PARENT_ACCESSIONS_WITHOUT_REVIEWED_EXCLUSION_OR_PRECEDENCE""],""representation_match"":true,""rule_version"":""same_sec_parent_timestamp_representation_v1"",""same_parent"":true,""stored_evidence_hash"":""d321c6a60d93afd7ddb04ead3de99ba2d2437a7a0ff66914c2922f4eecdf6462"",""stored_timestamp"":""2024-09-24T20:52:28Z"",""utc_date_boundary"":true},{""accession"":""0000950170-24-110367"",""classification"":""TIMESTAMP_PLUS_INDEPENDENT_AMBIGUITY"",""current_evidence_hash"":""96a6dc3d78666d1a0501bf85c0cb8cf4b6f1c4d0e2c4d38167992c71c4c7a6aa"",""current_timestamp"":""2024-10-01T00:05:54Z"",""eligibility_changed"":false,""equivalent"":false,""new_york_date_boundary"":false,""offset_seconds"":14400.0,""reasons"":[""DISTINCT_PARENT_ACCESSIONS_WITHOUT_REVIEWED_EXCLUSION_OR_PRECEDENCE""],""representation_match"":true,""rule_version"":""same_sec_parent_timestamp_representation_v1"",""same_parent"":true,""stored_evidence_hash"":""d6de2b55fb7750b0be2672819b6ecccf4f726b99a5bab46427773f55ef74ef7b"",""stored_timestamp"":""2024-09-30T20:05:54Z"",""utc_date_boundary"":true}]"
2392,2025,Q2,85242,WOR,TIMESTAMP_PLUS_INDEPENDENT_AMBIGUITY,2,False,True,False,False,DISTINCT_PARENT_ACCESSIONS_WITHOUT_REVIEWED_EXCLUSION_OR_PRECEDENCE,AMBIGUOUS,REVIEW,LEGACY_AMBIGUITY,"[{""accession"":""0000950170-24-137293"",""classification"":""TIMESTAMP_PLUS_INDEPENDENT_AMBIGUITY"",""current_evidence_hash"":""dc449166b12eb59d0700bdbf985088037525886de0108338c0e4635114aff4d0"",""current_timestamp"":""2024-12-18T02:49:20Z"",""eligibility_changed"":false,""equivalent"":false,""new_york_date_boundary"":false,""offset_seconds"":18000.0,""reasons"":[""DISTINCT_PARENT_ACCESSIONS_WITHOUT_REVIEWED_EXCLUSION_OR_PRECEDENCE""],""representation_match"":true,""rule_version"":""same_sec_parent_timestamp_representation_v1"",""same_parent"":true,""stored_evidence_hash"":""275de38d9977202a409296b1249e8c514129fbce2b19b24d9a32068fd7508595"",""stored_timestamp"":""2024-12-17T21:49:20Z"",""utc_date_boundary"":true},{""accession"":""0000950170-24-138874"",""classification"":""TIMESTAMP_PLUS_INDEPENDENT_AMBIGUITY"",""current_evidence_hash"":""4249a61ff93e530cbd37ffccae609552f518664f11717739ece96fe01850bb02"",""current_timestamp"":""2024-12-20T21:24:07Z"",""eligibility_changed"":false,""equivalent"":false,""new_york_date_boundary"":false,""offset_seconds"":18000.0,""reasons"":[""DISTINCT_PARENT_ACCESSIONS_WITHOUT_REVIEWED_EXCLUSION_OR_PRECEDENCE""],""representation_match"":true,""rule_version"":""same_sec_parent_timestamp_representation_v1"",""same_parent"":true,""stored_evidence_hash"":""ffe058505fa63c26200044c3c8ddec9dc5680b8ed2542364facbbe1d79b6828f"",""stored_timestamp"":""2024-12-20T16:24:07Z"",""utc_date_boundary"":false}]"
2392,2025,Q3,85243,WOR,TIMESTAMP_PLUS_INDEPENDENT_AMBIGUITY,2,False,True,False,False,DISTINCT_PARENT_ACCESSIONS_WITHOUT_REVIEWED_EXCLUSION_OR_PRECEDENCE,AMBIGUOUS,REVIEW,LEGACY_AMBIGUITY,"[{""accession"":""0000950170-25-044444"",""classification"":""TIMESTAMP_PLUS_INDEPENDENT_AMBIGUITY"",""current_evidence_hash"":""5c3331855ecdd4ae5709cb950e01fb330b29894fe5783147398cda562ef1dc68"",""current_timestamp"":""2025-03-26T00:32:48Z"",""eligibility_changed"":false,""equivalent"":false,""new_york_date_boundary"":false,""offset_seconds"":14400.0,""reasons"":[""DISTINCT_PARENT_ACCESSIONS_WITHOUT_REVIEWED_EXCLUSION_OR_PRECEDENCE""],""representation_match"":true,""rule_version"":""same_sec_parent_timestamp_representation_v1"",""same_parent"":true,""stored_evidence_hash"":""e939769203fbeb39a6776ad9b4c14a5cac28279faf3d7f758f15a01ed6540276"",""stored_timestamp"":""2025-03-25T20:32:48Z"",""utc_date_boundary"":true},{""accession"":""0000950170-25-046696"",""classification"":""TIMESTAMP_PLUS_INDEPENDENT_AMBIGUITY"",""current_evidence_hash"":""76bb9ab4cd1d935b87ba62b4c8ea5a871367b9f5d8ce6045d2d75d8e2c1ec014"",""current_timestamp"":""2025-03-28T23:27:51Z"",""eligibility_changed"":false,""equivalent"":false,""new_york_date_boundary"":false,""offset_seconds"":14400.0,""reasons"":[""DISTINCT_PARENT_ACCESSIONS_WITHOUT_REVIEWED_EXCLUSION_OR_PRECEDENCE""],""representation_match"":true,""rule_version"":""same_sec_parent_timestamp_representation_v1"",""same_parent"":true,""stored_evidence_hash"":""4a65d299ad536f8ff8e4da1e251a4eeba549a9587d7b7e72491b8e00188b4de7"",""stored_timestamp"":""2025-03-28T19:27:51Z"",""utc_date_boundary"":false}]"
2392,2025,Q4,85244,WOR,TIMESTAMP_PLUS_INDEPENDENT_AMBIGUITY,2,False,True,False,False,DISTINCT_PARENT_ACCESSIONS_WITHOUT_REVIEWED_EXCLUSION_OR_PRECEDENCE,AMBIGUOUS,REVIEW,LEGACY_AMBIGUITY,"[{""accession"":""0000950170-25-089494"",""classification"":""TIMESTAMP_PLUS_INDEPENDENT_AMBIGUITY"",""current_evidence_hash"":""f7f65f99c34e0b4c80b02eeaaf482dd62eeaead4877db451dc3ae5f11516059e"",""current_timestamp"":""2025-06-25T00:46:02Z"",""eligibility_changed"":false,""equivalent"":false,""new_york_date_boundary"":false,""offset_seconds"":14400.0,""reasons"":[""DISTINCT_PARENT_ACCESSIONS_WITHOUT_REVIEWED_EXCLUSION_OR_PRECEDENCE""],""representation_match"":true,""rule_version"":""same_sec_parent_timestamp_representation_v1"",""same_parent"":true,""stored_evidence_hash"":""b343e86ea40223cfdcc4c977d3b10743e2592f2e13f6d9b80f17f655a296098a"",""stored_timestamp"":""2025-06-24T20:46:02Z"",""utc_date_boundary"":true},{""accession"":""0000950170-25-091689"",""classification"":""TIMESTAMP_PLUS_INDEPENDENT_AMBIGUITY"",""current_evidence_hash"":""ce89e56b5814985ddf1ff61b719d9934fe4aa238464bbd07872247b55437a8dc"",""current_timestamp"":""2025-07-01T00:58:52Z"",""eligibility_changed"":false,""equivalent"":false,""new_york_date_boundary"":false,""offset_seconds"":14400.0,""reasons"":[""DISTINCT_PARENT_ACCESSIONS_WITHOUT_REVIEWED_EXCLUSION_OR_PRECEDENCE""],""representation_match"":true,""rule_version"":""same_sec_parent_timestamp_representation_v1"",""same_parent"":true,""stored_evidence_hash"":""58023a08f87bf1718cf4f7a9a056a429a35cd80b3e8b88cb5dc8b26de5df3af7"",""stored_timestamp"":""2025-06-30T20:58:52Z"",""utc_date_boundary"":true}]"
2392,2026,Q1,85245,WOR,TIMESTAMP_PLUS_INDEPENDENT_AMBIGUITY,2,False,True,False,False,DISTINCT_PARENT_ACCESSIONS_WITHOUT_REVIEWED_EXCLUSION_OR_PRECEDENCE,AMBIGUOUS,REVIEW,LEGACY_AMBIGUITY,"[{""accession"":""0001193125-25-213411"",""classification"":""TIMESTAMP_PLUS_INDEPENDENT_AMBIGUITY"",""current_evidence_hash"":""992d34524f32a83ea9e308da4db6f3cccb842f58065cac644f4baad2d46a3680"",""current_timestamp"":""2025-09-24T00:25:39Z"",""eligibility_changed"":false,""equivalent"":false,""new_york_date_boundary"":false,""offset_seconds"":14400.0,""reasons"":[""DISTINCT_PARENT_ACCESSIONS_WITHOUT_REVIEWED_EXCLUSION_OR_PRECEDENCE""],""representation_match"":true,""rule_version"":""same_sec_parent_timestamp_representation_v1"",""same_parent"":true,""stored_evidence_hash"":""7e22de15e46ed0c0fde1a5f9cfa5eba4b7eeb72d3645eb45f983dd667809192d"",""stored_timestamp"":""2025-09-23T20:25:39Z"",""utc_date_boundary"":true},{""accession"":""0001193125-25-220423"",""classification"":""TIMESTAMP_PLUS_INDEPENDENT_AMBIGUITY"",""current_evidence_hash"":""4388aa21600eeb9228a41eed0ff91c5bf6f75c162a01b89f21db683e7048b057"",""current_timestamp"":""2025-09-27T00:00:46Z"",""eligibility_changed"":false,""equivalent"":false,""new_york_date_boundary"":false,""offset_seconds"":14400.0,""reasons"":[""DISTINCT_PARENT_ACCESSIONS_WITHOUT_REVIEWED_EXCLUSION_OR_PRECEDENCE""],""representation_match"":true,""rule_version"":""same_sec_parent_timestamp_representation_v1"",""same_parent"":true,""stored_evidence_hash"":""9d15c68619cd6bafde7491fc3cf04f5e186bac7f1c0ccf9522ca75b7862e53b9"",""stored_timestamp"":""2025-09-26T20:00:46Z"",""utc_date_boundary"":true}]"
2392,2026,Q2,85246,WOR,TIMESTAMP_PLUS_INDEPENDENT_AMBIGUITY,2,False,True,False,False,DISTINCT_PARENT_ACCESSIONS_WITHOUT_REVIEWED_EXCLUSION_OR_PRECEDENCE,AMBIGUOUS,REVIEW,LEGACY_AMBIGUITY,"[{""accession"":""0001193125-25-320934"",""classification"":""TIMESTAMP_PLUS_INDEPENDENT_AMBIGUITY"",""current_evidence_hash"":""b50807bfc109d4788e5203fb80b0789a8d6e8b2a295d70d6b2be85cb2364d31e"",""current_timestamp"":""2025-12-17T02:29:57Z"",""eligibility_changed"":false,""equivalent"":false,""new_york_date_boundary"":false,""offset_seconds"":18000.0,""reasons"":[""DISTINCT_PARENT_ACCESSIONS_WITHOUT_REVIEWED_EXCLUSION_OR_PRECEDENCE""],""representation_match"":true,""rule_version"":""same_sec_parent_timestamp_representation_v1"",""same_parent"":true,""stored_evidence_hash"":""ace0850334cbb7c423dea2ba89bb56f043ab0a6ad273e1ae6633cd169ad23e1a"",""stored_timestamp"":""2025-12-16T21:29:57Z"",""utc_date_boundary"":true},{""accession"":""0001193125-25-326768"",""classification"":""TIMESTAMP_PLUS_INDEPENDENT_AMBIGUITY"",""current_evidence_hash"":""715f401df237e4b7af0205294cf4126d97615130d24c53bd92f215f6d274db2f"",""current_timestamp"":""2025-12-20T02:01:06Z"",""eligibility_changed"":false,""equivalent"":false,""new_york_date_boundary"":false,""offset_seconds"":18000.0,""reasons"":[""DISTINCT_PARENT_ACCESSIONS_WITHOUT_REVIEWED_EXCLUSION_OR_PRECEDENCE""],""representation_match"":true,""rule_version"":""same_sec_parent_timestamp_representation_v1"",""same_parent"":true,""stored_evidence_hash"":""48563acc3dc77d3654b72e934c5a154d968baea9c28ed063445c524a2a04b346"",""stored_timestamp"":""2025-12-19T21:01:06Z"",""utc_date_boundary"":true}]"
2392,2026,Q3,85247,WOR,TIMESTAMP_PLUS_INDEPENDENT_AMBIGUITY,2,False,True,False,False,DISTINCT_PARENT_ACCESSIONS_WITHOUT_REVIEWED_EXCLUSION_OR_PRECEDENCE,AMBIGUOUS,REVIEW,LEGACY_AMBIGUITY,"[{""accession"":""0001193125-26-121855"",""classification"":""TIMESTAMP_PLUS_INDEPENDENT_AMBIGUITY"",""current_evidence_hash"":""fa7fde7b2ddeea55df5831aea82394ac7f40423e73e215576930d88320e5ce08"",""current_timestamp"":""2026-03-25T00:17:58Z"",""eligibility_changed"":false,""equivalent"":false,""new_york_date_boundary"":false,""offset_seconds"":14400.0,""reasons"":[""DISTINCT_PARENT_ACCESSIONS_WITHOUT_REVIEWED_EXCLUSION_OR_PRECEDENCE""],""representation_match"":true,""rule_version"":""same_sec_parent_timestamp_representation_v1"",""same_parent"":true,""stored_evidence_hash"":""bfaa2836e7999e43f3728fe6fc7c781f1c649b4e317fcfeb4ceecb79597f7698"",""stored_timestamp"":""2026-03-24T20:17:58Z"",""utc_date_boundary"":true},{""accession"":""0001193125-26-128951"",""classification"":""TIMESTAMP_PLUS_INDEPENDENT_AMBIGUITY"",""current_evidence_hash"":""23487531439cdf224d9d5283b2979d857fdf5955611a6ec3dad34c80fba685d6"",""current_timestamp"":""2026-03-28T00:02:28Z"",""eligibility_changed"":false,""equivalent"":false,""new_york_date_boundary"":false,""offset_seconds"":14400.0,""reasons"":[""DISTINCT_PARENT_ACCESSIONS_WITHOUT_REVIEWED_EXCLUSION_OR_PRECEDENCE""],""representation_match"":true,""rule_version"":""same_sec_parent_timestamp_representation_v1"",""same_parent"":true,""stored_evidence_hash"":""48aaa1b0fff435cc92bc730929ccfcc44bf35bcf842ee6030d808f2311fd986a"",""stored_timestamp"":""2026-03-27T20:02:28Z"",""utc_date_boundary"":true}]"
2392,2026,Q4,85248,WOR,TIMESTAMP_PLUS_INDEPENDENT_AMBIGUITY,2,True,True,False,False,DISTINCT_PARENT_ACCESSIONS_WITHOUT_REVIEWED_EXCLUSION_OR_PRECEDENCE;UNRESOLVED_COMPETING_CONTEXT,AMBIGUOUS,REVIEW,LEGACY_AMBIGUITY,"[{""accession"":""0001193125-26-279469"",""classification"":""TIMESTAMP_PLUS_INDEPENDENT_AMBIGUITY"",""current_evidence_hash"":""32489eb72cfa24589450b62f2b39f3f576cd102c592cb052ecbc5b5d4122c019"",""current_timestamp"":""2026-06-24T00:17:58Z"",""eligibility_changed"":false,""equivalent"":false,""new_york_date_boundary"":false,""offset_seconds"":14400.0,""reasons"":[""DISTINCT_PARENT_ACCESSIONS_WITHOUT_REVIEWED_EXCLUSION_OR_PRECEDENCE"",""UNRESOLVED_COMPETING_CONTEXT""],""representation_match"":true,""rule_version"":""same_sec_parent_timestamp_representation_v1"",""same_parent"":true,""stored_evidence_hash"":""a7e867cd2dabb53ce9aa4b671b67d8d59b1e7fd48a94194bcc7b5aaca1d3cae6"",""stored_timestamp"":""2026-06-23T20:17:58Z"",""utc_date_boundary"":true},{""accession"":""0001193125-26-285420"",""classification"":""TIMESTAMP_PLUS_INDEPENDENT_AMBIGUITY"",""current_evidence_hash"":""ab1dda9a2ecf0086732012ba1e360d045cc014797f7d25b58c5a6c652c66adc3"",""current_timestamp"":""2026-06-27T00:01:11Z"",""eligibility_changed"":false,""equivalent"":false,""new_york_date_boundary"":false,""offset_seconds"":14400.0,""reasons"":[""DISTINCT_PARENT_ACCESSIONS_WITHOUT_REVIEWED_EXCLUSION_OR_PRECEDENCE"",""UNRESOLVED_COMPETING_CONTEXT""],""representation_match"":true,""rule_version"":""same_sec_parent_timestamp_representation_v1"",""same_parent"":true,""stored_evidence_hash"":""a2dc22a1db0906bc26a99d1cf29e5a009b141dc57e4ebf84253b4daae21fad15"",""stored_timestamp"":""2026-06-26T20:01:11Z"",""utc_date_boundary"":true}]"
2401,2025,Q4,85564,WTI,TIMESTAMP_PLUS_INDEPENDENT_AMBIGUITY,2,True,True,False,False,DISTINCT_PARENT_ACCESSIONS_WITHOUT_REVIEWED_EXCLUSION_OR_PRECEDENCE;UNRESOLVED_COMPETING_CONTEXT,AMBIGUOUS,REVIEW,LEGACY_AMBIGUITY,"[{""accession"":""0001104659-26-024935"",""classification"":""TIMESTAMP_PLUS_INDEPENDENT_AMBIGUITY"",""current_evidence_hash"":""94c5fa292f16c6a5e38bd4fd14958bc66aa7700fd10df73b03e15bdcf0567334"",""current_timestamp"":""2026-03-09T14:55:34Z"",""eligibility_changed"":false,""equivalent"":false,""new_york_date_boundary"":false,""offset_seconds"":14400.0,""reasons"":[""DISTINCT_PARENT_ACCESSIONS_WITHOUT_REVIEWED_EXCLUSION_OR_PRECEDENCE"",""UNRESOLVED_COMPETING_CONTEXT""],""representation_match"":true,""rule_version"":""same_sec_parent_timestamp_representation_v1"",""same_parent"":true,""stored_evidence_hash"":""3715f6b69ac40ab618f0e536e056dc483207517e8903218029f68176ac8034f7"",""stored_timestamp"":""2026-03-09T10:55:34Z"",""utc_date_boundary"":false},{""accession"":""0001104659-26-028510"",""classification"":""TIMESTAMP_PLUS_INDEPENDENT_AMBIGUITY"",""current_evidence_hash"":""0bd875799f64d63a06e658dbfd7965909f9c3180d195936dd7bb40f17f1de9f9"",""current_timestamp"":""2026-03-17T00:30:29Z"",""eligibility_changed"":false,""equivalent"":false,""new_york_date_boundary"":false,""offset_seconds"":14400.0,""reasons"":[""DISTINCT_PARENT_ACCESSIONS_WITHOUT_REVIEWED_EXCLUSION_OR_PRECEDENCE"",""UNRESOLVED_COMPETING_CONTEXT""],""representation_match"":true,""rule_version"":""same_sec_parent_timestamp_representation_v1"",""same_parent"":true,""stored_evidence_hash"":""a3bb36ffce6e73eb7ee1bd135946eb550713511e9dad56604aa5a4c4b575f361"",""stored_timestamp"":""2026-03-16T20:30:29Z"",""utc_date_boundary"":true}]"
2405,2025,Q4,85726,WVE,TIMESTAMP_PLUS_INDEPENDENT_AMBIGUITY,2,True,False,False,False,DISTINCT_PARENT_ACCESSIONS_WITHOUT_REVIEWED_EXCLUSION_OR_PRECEDENCE;UNRESOLVED_COMPETING_CONTEXT,AMBIGUOUS,REVIEW,LEGACY_AMBIGUITY,"[{""accession"":""0001193125-26-009784"",""classification"":""TIMESTAMP_PLUS_INDEPENDENT_AMBIGUITY"",""current_evidence_hash"":""5b7ad5819ed1c499c56165573502ce998a1227126eb9a02d3b29cb29d8c7e619"",""current_timestamp"":""2026-01-12T17:35:22Z"",""eligibility_changed"":false,""equivalent"":false,""new_york_date_boundary"":false,""offset_seconds"":18000.0,""reasons"":[""DISTINCT_PARENT_ACCESSIONS_WITHOUT_REVIEWED_EXCLUSION_OR_PRECEDENCE"",""UNRESOLVED_COMPETING_CONTEXT""],""representation_match"":true,""rule_version"":""same_sec_parent_timestamp_representation_v1"",""same_parent"":true,""stored_evidence_hash"":""71b973d646b5f00ecb3dd6dc540e5632d8e14704fa73b5df9225b1027a1398f9"",""stored_timestamp"":""2026-01-12T12:35:22Z"",""utc_date_boundary"":false},{""accession"":""0001193125-26-073437"",""classification"":""TIMESTAMP_PLUS_INDEPENDENT_AMBIGUITY"",""current_evidence_hash"":""ca8fc98d909c5ccf16f5748cc870af763f508198e16bcba8a1fb5fe4c68d9e11"",""current_timestamp"":""2026-02-26T17:37:31Z"",""eligibility_changed"":false,""equivalent"":false,""new_york_date_boundary"":false,""offset_seconds"":18000.0,""reasons"":[""DISTINCT_PARENT_ACCESSIONS_WITHOUT_REVIEWED_EXCLUSION_OR_PRECEDENCE"",""UNRESOLVED_COMPETING_CONTEXT""],""representation_match"":true,""rule_version"":""same_sec_parent_timestamp_representation_v1"",""same_parent"":true,""stored_evidence_hash"":""9f33071eb79cce0bbcec94f738ac8c44da2c56419e9ec957cab001a4faa3d54c"",""stored_timestamp"":""2026-02-26T12:37:31Z"",""utc_date_boundary"":false}]"
2423,2025,Q2,86366,XPER,TIMESTAMP_PLUS_INDEPENDENT_AMBIGUITY,2,True,True,False,False,DISTINCT_PARENT_ACCESSIONS_WITHOUT_REVIEWED_EXCLUSION_OR_PRECEDENCE;UNRESOLVED_COMPETING_CONTEXT,AMBIGUOUS,REVIEW,LEGACY_AMBIGUITY,"[{""accession"":""0000950170-25-099209"",""classification"":""TIMESTAMP_PLUS_INDEPENDENT_AMBIGUITY"",""current_evidence_hash"":""df6a5a294e8971c1386e69c1096aaa09e674333c7a5c354c126edd419da6e2fd"",""current_timestamp"":""2025-07-29T00:32:54Z"",""eligibility_changed"":false,""equivalent"":false,""new_york_date_boundary"":false,""offset_seconds"":14400.0,""reasons"":[""DISTINCT_PARENT_ACCESSIONS_WITHOUT_REVIEWED_EXCLUSION_OR_PRECEDENCE"",""UNRESOLVED_COMPETING_CONTEXT""],""representation_match"":true,""rule_version"":""same_sec_parent_timestamp_representation_v1"",""same_parent"":true,""stored_evidence_hash"":""cb07d3a6e9fc194b7f6f3293ad4b92ba3e0e84b574b7fccc66629a8562b2bead"",""stored_timestamp"":""2025-07-28T20:32:54Z"",""utc_date_boundary"":true},{""accession"":""0000950170-25-104089"",""classification"":""TIMESTAMP_PLUS_INDEPENDENT_AMBIGUITY"",""current_evidence_hash"":""799d1a11be57a557a11d0d7ec39f98fef926878d5ebfa14c64b95d81b9163d2a"",""current_timestamp"":""2025-08-07T00:18:22Z"",""eligibility_changed"":false,""equivalent"":false,""new_york_date_boundary"":false,""offset_seconds"":14400.0,""reasons"":[""DISTINCT_PARENT_ACCESSIONS_WITHOUT_REVIEWED_EXCLUSION_OR_PRECEDENCE"",""UNRESOLVED_COMPETING_CONTEXT""],""representation_match"":true,""rule_version"":""same_sec_parent_timestamp_representation_v1"",""same_parent"":true,""stored_evidence_hash"":""c239c67e113a9ce1b0fb2181834c5ca8a551640770e31ea08333f8dd4896ea93"",""stored_timestamp"":""2025-08-06T20:18:22Z"",""utc_date_boundary"":true}]"
2425,2025,Q4,86432,XPOF,TIMESTAMP_PLUS_INDEPENDENT_AMBIGUITY,2,True,True,False,False,DISTINCT_PARENT_ACCESSIONS_WITHOUT_REVIEWED_EXCLUSION_OR_PRECEDENCE;UNRESOLVED_COMPETING_CONTEXT,AMBIGUOUS,REVIEW,LEGACY_AMBIGUITY,"[{""accession"":""0001193125-26-076678"",""classification"":""TIMESTAMP_PLUS_INDEPENDENT_AMBIGUITY"",""current_evidence_hash"":""b1ce7510ba648824a666b86086db257a433be4dd47bf0f8583c67554e16284d6"",""current_timestamp"":""2026-02-27T02:12:46Z"",""eligibility_changed"":false,""equivalent"":false,""new_york_date_boundary"":false,""offset_seconds"":18000.0,""reasons"":[""DISTINCT_PARENT_ACCESSIONS_WITHOUT_REVIEWED_EXCLUSION_OR_PRECEDENCE"",""UNRESOLVED_COMPETING_CONTEXT""],""representation_match"":true,""rule_version"":""same_sec_parent_timestamp_representation_v1"",""same_parent"":true,""stored_evidence_hash"":""47c42a63201e674ba8b6c5c44b5d71b7fea293839e573c9b2bcbc9c96f6e30b8"",""stored_timestamp"":""2026-02-26T21:12:46Z"",""utc_date_boundary"":true},{""accession"":""0001802156-26-000039"",""classification"":""TIMESTAMP_PLUS_INDEPENDENT_AMBIGUITY"",""current_evidence_hash"":""aa2bf88330dbe512f2948668b217bb29522dcdd31088d6ba96adabf7892f666e"",""current_timestamp"":""2026-03-11T00:26:48Z"",""eligibility_changed"":false,""equivalent"":false,""new_york_date_boundary"":false,""offset_seconds"":14400.0,""reasons"":[""DISTINCT_PARENT_ACCESSIONS_WITHOUT_REVIEWED_EXCLUSION_OR_PRECEDENCE"",""UNRESOLVED_COMPETING_CONTEXT""],""representation_match"":true,""rule_version"":""same_sec_parent_timestamp_representation_v1"",""same_parent"":true,""stored_evidence_hash"":""82d9edc74d6bd6d1b8d093f2e435aaefc9913fd488107d200d6b3b3c1ae78c97"",""stored_timestamp"":""2026-03-10T20:26:48Z"",""utc_date_boundary"":true}]"
2477,2025,Q2,88241,WULF,TIMESTAMP_PLUS_INDEPENDENT_AMBIGUITY,2,False,False,False,False,DISTINCT_PARENT_ACCESSIONS_WITHOUT_REVIEWED_EXCLUSION_OR_PRECEDENCE,AMBIGUOUS,REVIEW,LEGACY_AMBIGUITY,"[{""accession"":""0001083301-25-000058"",""classification"":""TIMESTAMP_PLUS_INDEPENDENT_AMBIGUITY"",""current_evidence_hash"":""bca355e681e143917a758c8ca516d524474c432bb61e301c246f6cbfc9869865"",""current_timestamp"":""2025-08-08T15:02:52Z"",""eligibility_changed"":false,""equivalent"":false,""new_york_date_boundary"":false,""offset_seconds"":14400.0,""reasons"":[""DISTINCT_PARENT_ACCESSIONS_WITHOUT_REVIEWED_EXCLUSION_OR_PRECEDENCE""],""representation_match"":true,""rule_version"":""same_sec_parent_timestamp_representation_v1"",""same_parent"":true,""stored_evidence_hash"":""b538628d6e05d3873e3db70dad2ea6b9c643aef85a4edba3adecbe3af1fc446a"",""stored_timestamp"":""2025-08-08T11:02:52Z"",""utc_date_boundary"":false},{""accession"":""0001104659-25-078086"",""classification"":""TIMESTAMP_PLUS_INDEPENDENT_AMBIGUITY"",""current_evidence_hash"":""311f10b3ebe122306090c009634d791cdef1c9dad1217c13eecef8d61c9ae790"",""current_timestamp"":""2025-08-14T15:19:30Z"",""eligibility_changed"":false,""equivalent"":false,""new_york_date_boundary"":false,""offset_seconds"":14400.0,""reasons"":[""DISTINCT_PARENT_ACCESSIONS_WITHOUT_REVIEWED_EXCLUSION_OR_PRECEDENCE""],""representation_match"":true,""rule_version"":""same_sec_parent_timestamp_representation_v1"",""same_parent"":true,""stored_evidence_hash"":""9ad06f93240d101cdb464f86391ee0d87340e427d660f46c988fbd1a81ddc8a9"",""stored_timestamp"":""2025-08-14T11:19:30Z"",""utc_date_boundary"":false}]"
2477,2025,Q3,88242,WULF,TIMESTAMP_PLUS_INDEPENDENT_AMBIGUITY,2,True,True,False,False,DISTINCT_PARENT_ACCESSIONS_WITHOUT_REVIEWED_EXCLUSION_OR_PRECEDENCE;UNRESOLVED_COMPETING_CONTEXT,AMBIGUOUS,REVIEW,LEGACY_AMBIGUITY,"[{""accession"":""0001083301-25-000096"",""classification"":""TIMESTAMP_PLUS_INDEPENDENT_AMBIGUITY"",""current_evidence_hash"":""a6a7a85b0ea11702c3914fdaea2cc94dfe32782706b1e488ec8f8f4ff9fab541"",""current_timestamp"":""2025-11-11T02:12:19Z"",""eligibility_changed"":false,""equivalent"":false,""new_york_date_boundary"":false,""offset_seconds"":18000.0,""reasons"":[""DISTINCT_PARENT_ACCESSIONS_WITHOUT_REVIEWED_EXCLUSION_OR_PRECEDENCE"",""UNRESOLVED_COMPETING_CONTEXT""],""representation_match"":true,""rule_version"":""same_sec_parent_timestamp_representation_v1"",""same_parent"":true,""stored_evidence_hash"":""bbbf7adf2493614a4043496650e9135752c7221fb393ac775ba9df14fce431c9"",""stored_timestamp"":""2025-11-10T21:12:19Z"",""utc_date_boundary"":true},{""accession"":""0001104659-25-102858"",""classification"":""TIMESTAMP_PLUS_INDEPENDENT_AMBIGUITY"",""current_evidence_hash"":""e0734162ff32f46a6f52e5d82b6d6e1044cfb7d09c366690863434fda3c66bf1"",""current_timestamp"":""2025-10-28T16:08:24Z"",""eligibility_changed"":false,""equivalent"":false,""new_york_date_boundary"":false,""offset_seconds"":14400.0,""reasons"":[""DISTINCT_PARENT_ACCESSIONS_WITHOUT_REVIEWED_EXCLUSION_OR_PRECEDENCE"",""UNRESOLVED_COMPETING_CONTEXT""],""representation_match"":true,""rule_version"":""same_sec_parent_timestamp_representation_v1"",""same_parent"":true,""stored_evidence_hash"":""a0573d835442388980c329c35a0b7b56c27d225e5c1e397f1e9ee7522ffbf0dd"",""stored_timestamp"":""2025-10-28T12:08:24Z"",""utc_date_boundary"":false}]"
2477,2026,Q1,88244,WULF,TIMESTAMP_PLUS_INDEPENDENT_AMBIGUITY,2,True,True,False,False,DISTINCT_PARENT_ACCESSIONS_WITHOUT_REVIEWED_EXCLUSION_OR_PRECEDENCE;UNRESOLVED_COMPETING_CONTEXT,AMBIGUOUS,REVIEW,LEGACY_AMBIGUITY,"[{""accession"":""0001083301-26-000083"",""classification"":""TIMESTAMP_PLUS_INDEPENDENT_AMBIGUITY"",""current_evidence_hash"":""168e56954fa89729cc2d4b74bd5a55bfc0851a71a17f17b186d426e17696af70"",""current_timestamp"":""2026-05-08T15:04:35Z"",""eligibility_changed"":false,""equivalent"":false,""new_york_date_boundary"":false,""offset_seconds"":14400.0,""reasons"":[""DISTINCT_PARENT_ACCESSIONS_WITHOUT_REVIEWED_EXCLUSION_OR_PRECEDENCE"",""UNRESOLVED_COMPETING_CONTEXT""],""representation_match"":true,""rule_version"":""same_sec_parent_timestamp_representation_v1"",""same_parent"":true,""stored_evidence_hash"":""0051fcde6b606de7682ff1c72bc0f9a67572f944bd9fa84fdc81f283a3a4ac1a"",""stored_timestamp"":""2026-05-08T11:04:35Z"",""utc_date_boundary"":false},{""accession"":""0001104659-26-043279"",""classification"":""TIMESTAMP_PLUS_INDEPENDENT_AMBIGUITY"",""current_evidence_hash"":""fbd2044d9f6f65ca59e5eb2c5b8fb5269add51b690507fd4461c52b274cef31f"",""current_timestamp"":""2026-04-15T01:10:51Z"",""eligibility_changed"":false,""equivalent"":false,""new_york_date_boundary"":false,""offset_seconds"":14400.0,""reasons"":[""DISTINCT_PARENT_ACCESSIONS_WITHOUT_REVIEWED_EXCLUSION_OR_PRECEDENCE"",""UNRESOLVED_COMPETING_CONTEXT""],""representation_match"":true,""rule_version"":""same_sec_parent_timestamp_representation_v1"",""same_parent"":true,""stored_evidence_hash"":""583910c013db741ca7f495edc98cee3d4ab7d67784de231accd067f4ddca6418"",""stored_timestamp"":""2026-04-14T21:10:51Z"",""utc_date_boundary"":true}]"
2531,2026,Q3,89622,SHOE,TIMESTAMP_PLUS_INDEPENDENT_AMBIGUITY,2,False,False,False,False,DISTINCT_PARENT_ACCESSIONS_WITHOUT_REVIEWED_EXCLUSION_OR_PRECEDENCE,AMBIGUOUS,REVIEW,LEGACY_AMBIGUITY,"[{""accession"":""0001193125-25-279150"",""classification"":""TIMESTAMP_PLUS_INDEPENDENT_AMBIGUITY"",""current_evidence_hash"":""c3a3f41b104679d00673277f4e7868b9c70b6df94cbb5a4cb24754987c75d28b"",""current_timestamp"":""2025-11-13T19:05:26Z"",""eligibility_changed"":false,""equivalent"":false,""new_york_date_boundary"":false,""offset_seconds"":18000.0,""reasons"":[""DISTINCT_PARENT_ACCESSIONS_WITHOUT_REVIEWED_EXCLUSION_OR_PRECEDENCE""],""representation_match"":true,""rule_version"":""same_sec_parent_timestamp_representation_v1"",""same_parent"":true,""stored_evidence_hash"":""6aee3f6f8df8714356bc6709a96b1ac17bd7cf0a125d3af5e4442280aca0cbff"",""stored_timestamp"":""2025-11-13T14:05:26Z"",""utc_date_boundary"":false},{""accession"":""0001193125-25-288813"",""classification"":""TIMESTAMP_PLUS_INDEPENDENT_AMBIGUITY"",""current_evidence_hash"":""4cb63aed954a17efd4156e57b6e1c6ab4710a83ce3a084423c6569f55471c85f"",""current_timestamp"":""2025-11-20T16:20:25Z"",""eligibility_changed"":false,""equivalent"":false,""new_york_date_boundary"":false,""offset_seconds"":18000.0,""reasons"":[""DISTINCT_PARENT_ACCESSIONS_WITHOUT_REVIEWED_EXCLUSION_OR_PRECEDENCE""],""representation_match"":true,""rule_version"":""same_sec_parent_timestamp_representation_v1"",""same_parent"":true,""stored_evidence_hash"":""9342fd66a623b42400999bffe519cf7c91fdc6266b46075f6144b1bd63a0f40b"",""stored_timestamp"":""2025-11-20T11:20:25Z"",""utc_date_boundary"":false}]"
2531,2026,Q4,89623,SHOE,TIMESTAMP_PLUS_INDEPENDENT_AMBIGUITY,2,True,False,False,False,DISTINCT_PARENT_ACCESSIONS_WITHOUT_REVIEWED_EXCLUSION_OR_PRECEDENCE;UNRESOLVED_COMPETING_CONTEXT,AMBIGUOUS,REVIEW,LEGACY_AMBIGUITY,"[{""accession"":""0001193125-26-068399"",""classification"":""TIMESTAMP_PLUS_INDEPENDENT_AMBIGUITY"",""current_evidence_hash"":""38ba2878195d9e6965106d010a8f6e253d872300e5263fcf4845dce38aa37e44"",""current_timestamp"":""2026-02-25T16:15:24Z"",""eligibility_changed"":false,""equivalent"":false,""new_york_date_boundary"":false,""offset_seconds"":18000.0,""reasons"":[""DISTINCT_PARENT_ACCESSIONS_WITHOUT_REVIEWED_EXCLUSION_OR_PRECEDENCE"",""UNRESOLVED_COMPETING_CONTEXT""],""representation_match"":true,""rule_version"":""same_sec_parent_timestamp_representation_v1"",""same_parent"":true,""stored_evidence_hash"":""27f8062bb75bf626993a3861dfb93cfce83aefaa9e61e21a59f699f56aaba4d1"",""stored_timestamp"":""2026-02-25T11:15:24Z"",""utc_date_boundary"":false},{""accession"":""0001193125-26-125001"",""classification"":""TIMESTAMP_PLUS_INDEPENDENT_AMBIGUITY"",""current_evidence_hash"":""3639df021678362f1edee8d708df4f417ad9d798f1ccdccc9024946d8946825c"",""current_timestamp"":""2026-03-26T14:20:07Z"",""eligibility_changed"":false,""equivalent"":false,""new_york_date_boundary"":false,""offset_seconds"":14400.0,""reasons"":[""DISTINCT_PARENT_ACCESSIONS_WITHOUT_REVIEWED_EXCLUSION_OR_PRECEDENCE"",""UNRESOLVED_COMPETING_CONTEXT""],""representation_match"":true,""rule_version"":""same_sec_parent_timestamp_representation_v1"",""same_parent"":true,""stored_evidence_hash"":""e281749575b16dca0696d720c830ef9078d438d671c5d634ac2e6a8dfce951d3"",""stored_timestamp"":""2026-03-26T10:20:07Z"",""utc_date_boundary"":false}]"
