as_of_date,ticker,company_id,ownership_contract,current_pb,reason,warnings,v1_current_pb,v1_reason,parent_equity_usd,equity_quarter,price_date,share_basis_quarter,share_basis_date,share_basis_date_basis,ownership_basis_status,provider_pb,provider_date,history_valid_count,history_slots,ownership_release_type,reviewed_factor,review_content_hash
2026-10-08,A,1,PB_OWNERSHIP_BASIS_V2,6.474446406411205,OK,,6.474446406411205,OK,7363000000.0,2026-Q3,2026-10-07,2026-Q3,2026-09-01,PROVIDER_FILING_DATE_PROXY,EXISTING_UNREVIEWED_COMMON_RULE,5.741,2026-09-01,4,4,,,
2026-10-08,AA,2,PB_OWNERSHIP_BASIS_V2,1.5351051763373742,OK,,1.5351051763373742,OK,7303000000.0,2026-Q2,2026-10-07,2026-Q2,2026-07-30,PROVIDER_FILING_DATE_PROXY,EXISTING_UNREVIEWED_COMMON_RULE,1.625,2026-07-30,4,4,,,
2026-10-08,AAL,3,PB_OWNERSHIP_BASIS_V2,,NEGATIVE_EQUITY,,,NEGATIVE_EQUITY,-3972000000.0,2026-Q2,2026-10-07,2026-Q2,2026-07-23,PROVIDER_FILING_DATE_PROXY,HELD,,2026-07-23,0,4,,,
2026-10-08,AAOI,4,PB_OWNERSHIP_BASIS_V2,6.212805191412269,OK,,6.212805191412269,OK,1668025000.0,2026-Q2,2026-10-07,2026-Q2,2026-08-06,PROVIDER_FILING_DATE_PROXY,EXISTING_UNREVIEWED_COMMON_RULE,6.298,2026-08-06,4,4,,,
2026-10-08,AAON,5,PB_OWNERSHIP_BASIS_V2,7.110126264433973,OK,,7.110126264433973,OK,1010416000.0,2026-Q2,2026-10-07,2026-Q2,2026-08-10,PROVIDER_FILING_DATE_PROXY,EXISTING_UNREVIEWED_COMMON_RULE,7.282,2026-08-10,4,4,,,
2026-10-08,AAP,6,PB_OWNERSHIP_BASIS_V2,1.1025609419944806,OK,,1.1025609419944806,OK,2257000000.0,2026-Q2,2026-10-07,2026-Q2,2026-08-20,PROVIDER_FILING_DATE_PROXY,EXISTING_UNREVIEWED_COMMON_RULE,1.134,2026-08-20,4,4,,,
2026-10-08,AAPL,7,PB_OWNERSHIP_BASIS_V2,45.69775647848561,OK,,45.69775647848561,OK,107520000000.0,2026-Q3,2026-10-07,2026-Q3,2026-07-31,PROVIDER_FILING_DATE_PROXY,EXISTING_UNREVIEWED_COMMON_RULE,41.93,2026-07-31,4,4,,,
2026-10-08,AAT,8,PB_OWNERSHIP_BASIS_V2,1.1742273352166022,OK,,1.1742273352166022,OK,1122214000.0,2026-Q2,2026-10-07,2026-Q2,2026-07-31,PROVIDER_FILING_DATE_PROXY,EXISTING_UNREVIEWED_COMMON_RULE,1.291,2026-07-31,4,4,,,
2026-10-08,ABAT,9,PB_OWNERSHIP_BASIS_V2,,MISSING_EQUITY,,,MISSING_EQUITY,,2026-Q4,2026-10-07,2026-Q4,2026-09-14,PROVIDER_FILING_DATE_PROXY,HELD,,2026-09-14,0,4,,,
2026-10-08,ABBV,10,PB_OWNERSHIP_BASIS_V2,,NEGATIVE_EQUITY,,,NEGATIVE_EQUITY,-5982000000.0,2026-Q2,2026-10-07,2026-Q2,2026-08-03,PROVIDER_FILING_DATE_PROXY,HELD,,2026-08-03,0,4,,,
2026-10-08,ABCL,11,PB_OWNERSHIP_BASIS_V2,4.390331784321111,OK,,4.390331784321111,OK,896020000.0,2026-Q2,2026-10-07,2026-Q2,2026-08-05,PROVIDER_FILING_DATE_PROXY,EXISTING_UNREVIEWED_COMMON_RULE,2.026,2026-08-05,4,4,,,
2026-10-08,ABEO,12,PB_OWNERSHIP_BASIS_V2,,OWNERSHIP_BASIS_UNVERIFIED,,,OWNERSHIP_BASIS_UNVERIFIED,128058000.0,2026-Q2,2026-10-07,2026-Q2,2026-08-13,PROVIDER_FILING_DATE_PROXY,HELD,2.833,2026-08-13,4,4,,,
2026-10-08,ABG,13,PB_OWNERSHIP_BASIS_V2,0.7676879057373736,OK,,0.7676879057373736,OK,3923200000.0,2026-Q2,2026-10-07,2026-Q2,2026-07-31,PROVIDER_FILING_DATE_PROXY,EXISTING_UNREVIEWED_COMMON_RULE,1.06,2026-07-31,4,4,,,
2026-10-08,ABM,14,PB_OWNERSHIP_BASIS_V2,,MISSING_EQUITY,,,MISSING_EQUITY,,2026-Q3,2026-10-07,2026-Q3,2026-09-08,PROVIDER_FILING_DATE_PROXY,HELD,,2026-09-08,0,4,,,
2026-10-08,ABNB,15,PB_OWNERSHIP_BASIS_V2,12.33272817328096,OK,,12.33272817328096,OK,7799000000.0,2026-Q2,2026-10-07,2026-Q2,2026-08-06,PROVIDER_FILING_DATE_PROXY,EXISTING_UNREVIEWED_COMMON_RULE,11.643,2026-08-06,4,4,,,
2026-10-08,ABOS,16,PB_OWNERSHIP_BASIS_V2,2.6520840962451544,OK,,2.6520840962451544,OK,57263000.0,2026-Q2,2026-10-07,2026-Q2,2026-08-12,PROVIDER_FILING_DATE_PROXY,EXISTING_UNREVIEWED_COMMON_RULE,3.17,2026-08-12,4,4,,,
2026-10-08,ABR,17,PB_OWNERSHIP_BASIS_V2,,OWNERSHIP_BASIS_UNVERIFIED,,,OWNERSHIP_BASIS_UNVERIFIED,2777935000.0,2026-Q2,2026-10-07,2026-Q2,2026-07-31,PROVIDER_FILING_DATE_PROXY,HELD,0.336,2026-07-31,4,4,,,
2026-10-08,ABSI,18,PB_OWNERSHIP_BASIS_V2,6.428614103976682,OK,,6.428614103976682,OK,246131000.0,2026-Q2,2026-10-07,2026-Q2,2026-08-11,PROVIDER_FILING_DATE_PROXY,EXISTING_UNREVIEWED_COMMON_RULE,6.561,2026-08-11,4,4,,,
2026-10-08,ABT,19,PB_OWNERSHIP_BASIS_V2,3.3005051702573667,OK,,3.3005051702573667,OK,51762000000.0,2026-Q2,2026-10-07,2026-Q2,2026-07-28,PROVIDER_FILING_DATE_PROXY,EXISTING_UNREVIEWED_COMMON_RULE,3.586,2026-07-28,4,4,,,
2026-10-08,ABUS,20,PB_OWNERSHIP_BASIS_V2,3.2804752567422946,OK,,3.2804752567422946,OK,258733000.0,2026-Q2,2026-10-07,2026-Q2,2026-08-12,PROVIDER_FILING_DATE_PROXY,EXISTING_UNREVIEWED_COMMON_RULE,3.51,2026-08-12,4,4,,,
2026-10-08,ABVC,21,PB_OWNERSHIP_BASIS_V2,2.5910266202127445,OK,,2.5910266202127445,OK,10287183.0,2026-Q2,2026-10-07,2026-Q2,2026-08-12,PROVIDER_FILING_DATE_PROXY,EXISTING_UNREVIEWED_COMMON_RULE,2.488,2026-08-12,4,4,,,
2026-10-08,ACA,22,PB_OWNERSHIP_BASIS_V2,2.4098268822699107,OK,,2.4098268822699107,OK,2983300000.0,2026-Q2,2026-10-07,2026-Q2,2026-08-05,PROVIDER_FILING_DATE_PROXY,EXISTING_UNREVIEWED_COMMON_RULE,2.392,2026-08-05,4,4,,,
2026-10-08,ACAD,23,PB_OWNERSHIP_BASIS_V2,2.591290403610155,OK,,2.591290403610155,OK,1306609000.0,2026-Q2,2026-10-07,2026-Q2,2026-08-04,PROVIDER_FILING_DATE_PROXY,EXISTING_UNREVIEWED_COMMON_RULE,3.58,2026-08-04,4,4,,,
2026-10-08,ACCO,24,PB_OWNERSHIP_BASIS_V2,0.5903624042866569,OK,,0.5903624042866569,OK,691100000.0,2026-Q2,2026-10-07,2026-Q2,2026-07-31,PROVIDER_FILING_DATE_PROXY,EXISTING_UNREVIEWED_COMMON_RULE,0.564,2026-07-31,4,4,,,
2026-10-08,ACDC,25,PB_OWNERSHIP_BASIS_V2,,OWNERSHIP_BASIS_UNVERIFIED,,,OWNERSHIP_BASIS_UNVERIFIED,542500000.0,2026-Q2,2026-10-07,2026-Q2,2026-08-06,PROVIDER_FILING_DATE_PROXY,HELD,1.499,2026-08-06,4,4,,,
2026-10-08,ACEL,26,PB_OWNERSHIP_BASIS_V2,,OWNERSHIP_BASIS_UNVERIFIED,HISTORICAL_OHLC_INCOMPLETE,,OWNERSHIP_BASIS_UNVERIFIED,283864000.0,2026-Q2,2026-10-07,2026-Q2,2026-08-04,PROVIDER_FILING_DATE_PROXY,HELD,3.478,2026-08-04,4,4,,,
2026-10-08,ACHC,27,PB_OWNERSHIP_BASIS_V2,1.3750142717993517,OK,,1.3750142717993517,OK,1979122000.0,2026-Q2,2026-10-07,2026-Q2,2026-07-28,PROVIDER_FILING_DATE_PROXY,EXISTING_UNREVIEWED_COMMON_RULE,1.538,2026-07-28,4,4,,,
2026-10-08,ACHR,28,PB_OWNERSHIP_BASIS_V2,,OWNERSHIP_BASIS_UNVERIFIED,,,OWNERSHIP_BASIS_UNVERIFIED,1869000000.0,2026-Q2,2026-10-07,2026-Q2,2026-08-10,PROVIDER_FILING_DATE_PROXY,HELD,2.579,2026-08-10,4,4,,,
2026-10-08,ACHV,29,PB_OWNERSHIP_BASIS_V2,,NEGATIVE_EQUITY,,,NEGATIVE_EQUITY,-14676000.0,2026-Q2,2026-10-07,2026-Q2,2026-08-11,PROVIDER_FILING_DATE_PROXY,HELD,,2026-08-11,3,4,,,
2026-10-08,ACI,30,PB_OWNERSHIP_BASIS_V2,3.5330336747924393,OK,,3.5330336747924393,OK,1612700000.0,2027-Q1,2026-10-07,2027-Q1,2026-07-28,PROVIDER_FILING_DATE_PROXY,EXISTING_UNREVIEWED_COMMON_RULE,3.485,2026-07-28,4,4,,,
2026-10-08,ACIW,31,PB_OWNERSHIP_BASIS_V2,3.4163378043910466,OK,,3.4163378043910466,OK,1496744000.0,2026-Q2,2026-10-07,2026-Q2,2026-08-06,PROVIDER_FILING_DATE_PROXY,EXISTING_UNREVIEWED_COMMON_RULE,3.725,2026-08-06,4,4,,,
2026-10-08,ACLS,32,PB_OWNERSHIP_BASIS_V2,4.010052240586693,OK,,4.010052240586693,OK,1065821000.0,2026-Q2,2026-10-07,2026-Q2,2026-08-06,PROVIDER_FILING_DATE_PROXY,EXISTING_UNREVIEWED_COMMON_RULE,3.96,2026-08-06,4,4,,,
2026-10-08,ACM,33,PB_OWNERSHIP_BASIS_V2,3.4197621312110154,OK,,3.4197621312110154,OK,2193260000.0,2026-Q3,2026-10-07,2026-Q3,2026-08-11,PROVIDER_FILING_DATE_PROXY,EXISTING_UNREVIEWED_COMMON_RULE,3.934,2026-08-11,4,4,,,
2026-10-08,ACMR,34,PB_OWNERSHIP_BASIS_V2,2.7247054593932942,OK,,2.7247054593932942,OK,1860154000.0,2026-Q2,2026-10-07,2026-Q2,2026-08-07,PROVIDER_FILING_DATE_PROXY,EXISTING_UNREVIEWED_COMMON_RULE,3.138,2026-08-07,4,4,,,
2026-10-08,ACN,35,PB_OWNERSHIP_BASIS_V2,4.117779898466543,OK,,4.117779898466543,OK,31890566000.0,2026-Q3,2026-10-07,2026-Q3,2026-06-18,PROVIDER_FILING_DATE_PROXY,EXISTING_UNREVIEWED_COMMON_RULE,2.68,2026-06-18,4,4,,,
2026-10-08,ACRE,36,PB_OWNERSHIP_BASIS_V2,0.4139323782331059,OK,,0.4139323782331059,OK,489225000.0,2026-Q2,2026-10-07,2026-Q2,2026-08-03,PROVIDER_FILING_DATE_PROXY,EXISTING_UNREVIEWED_COMMON_RULE,0.482,2026-08-03,4,4,,,
2026-10-08,ACRS,37,PB_OWNERSHIP_BASIS_V2,4.017275910756699,OK,,4.017275910756699,OK,124581000.0,2026-Q2,2026-10-07,2026-Q2,2026-08-06,PROVIDER_FILING_DATE_PROXY,EXISTING_UNREVIEWED_COMMON_RULE,7.196,2026-08-06,4,4,,,
2026-10-08,ACRV,38,PB_OWNERSHIP_BASIS_V2,0.9296061888381613,OK,,0.9296061888381613,OK,86665000.0,2026-Q2,2026-10-07,2026-Q2,2026-08-12,PROVIDER_FILING_DATE_PROXY,EXISTING_UNREVIEWED_COMMON_RULE,0.85,2026-08-12,4,4,,,
2026-10-08,ACTG,39,PB_OWNERSHIP_BASIS_V2,0.807684462875472,OK,,0.807684462875472,OK,526788000.0,2026-Q2,2026-10-07,2026-Q2,2026-08-06,PROVIDER_FILING_DATE_PROXY,EXISTING_UNREVIEWED_COMMON_RULE,0.865,2026-08-06,4,4,,,
2026-10-08,ACVA,40,PB_OWNERSHIP_BASIS_V2,4.546899620524034,OK,,4.546899620524034,OK,389891000.0,2026-Q2,2026-10-07,2026-Q2,2026-08-10,PROVIDER_FILING_DATE_PROXY,EXISTING_UNREVIEWED_COMMON_RULE,3.162,2026-08-10,4,4,,,
2026-10-08,ACXP,41,PB_OWNERSHIP_BASIS_V2,0.8403914372639879,OK,,0.8403914372639879,OK,8152031.0,2026-Q2,2026-10-07,2026-Q2,2026-08-13,PROVIDER_FILING_DATE_PROXY,EXISTING_UNREVIEWED_COMMON_RULE,0.957,2026-08-13,4,4,,,
2026-10-08,AD,42,PB_OWNERSHIP_BASIS_V2,,OWNERSHIP_BASIS_UNVERIFIED,HISTORICAL_OHLC_INCOMPLETE,,OWNERSHIP_BASIS_UNVERIFIED,1265532000.0,2026-Q2,2026-10-07,2026-Q2,2026-08-07,PROVIDER_FILING_DATE_PROXY,HELD,2.409,2026-08-07,4,4,,,
2026-10-08,ADAM,43,PB_OWNERSHIP_BASIS_V2,,OWNERSHIP_BASIS_UNVERIFIED,,,OWNERSHIP_BASIS_UNVERIFIED,1472463000.0,2026-Q2,2026-10-07,2026-Q2,2026-07-31,PROVIDER_FILING_DATE_PROXY,HELD,0.554,2026-07-31,4,4,,,
2026-10-08,ADBE,44,PB_OWNERSHIP_BASIS_V2,,MISSING_EQUITY,,,MISSING_EQUITY,,2026-Q3,2026-10-07,2026-Q3,2026-09-22,PROVIDER_FILING_DATE_PROXY,HELD,,2026-09-22,0,4,,,
2026-10-08,ADC,45,PB_OWNERSHIP_BASIS_V2,,OWNERSHIP_BASIS_UNVERIFIED,,,OWNERSHIP_BASIS_UNVERIFIED,6520136000.0,2026-Q2,2026-10-07,2026-Q2,2026-07-30,PROVIDER_FILING_DATE_PROXY,HELD,1.496,2026-07-30,4,4,,,
2026-10-08,ADCT,46,PB_OWNERSHIP_BASIS_V2,,NEGATIVE_EQUITY,,,NEGATIVE_EQUITY,-228205000.0,2026-Q2,2026-10-07,2026-Q2,2026-08-13,PROVIDER_FILING_DATE_PROXY,HELD,,2026-08-13,0,4,,,
2026-10-08,ADEA,47,PB_OWNERSHIP_BASIS_V2,5.618154701624407,OK,,5.618154701624407,OK,477187000.0,2026-Q2,2026-10-07,2026-Q2,2026-08-05,PROVIDER_FILING_DATE_PROXY,EXISTING_UNREVIEWED_COMMON_RULE,6.912,2026-08-05,4,4,,,
2026-10-08,ADI,48,PB_OWNERSHIP_BASIS_V2,5.922661304125003,OK,,5.922661304125003,OK,33550897000.0,2026-Q3,2026-10-07,2026-Q3,2026-08-19,PROVIDER_FILING_DATE_PROXY,EXISTING_UNREVIEWED_COMMON_RULE,5.391,2026-08-19,4,4,,,
2026-10-08,ADM,49,PB_OWNERSHIP_BASIS_V2,1.662535653784194,OK,,1.662535653784194,OK,23580000000.0,2026-Q2,2026-10-07,2026-Q2,2026-08-04,PROVIDER_FILING_DATE_PROXY,EXISTING_UNREVIEWED_COMMON_RULE,1.632,2026-08-04,4,4,,,
2026-10-08,ADMA,50,PB_OWNERSHIP_BASIS_V2,5.563841796581736,OK,,5.563841796581736,OK,408208000.0,2026-Q2,2026-10-07,2026-Q2,2026-08-05,PROVIDER_FILING_DATE_PROXY,EXISTING_UNREVIEWED_COMMON_RULE,5.081,2026-08-05,4,4,,,
2026-10-08,ADNT,51,PB_OWNERSHIP_BASIS_V2,0.7825628095891897,OK,,0.7825628095891897,OK,1729000000.0,2026-Q3,2026-10-07,2026-Q3,2026-08-05,PROVIDER_FILING_DATE_PROXY,EXISTING_UNREVIEWED_COMMON_RULE,0.915,2026-08-05,4,4,,,
2026-10-08,ADP,52,PB_OWNERSHIP_BASIS_V2,17.38913691603661,OK,,17.38913691603661,OK,6031200000.0,2026-Q4,2026-10-07,2026-Q4,2026-08-05,PROVIDER_FILING_DATE_PROXY,EXISTING_UNREVIEWED_COMMON_RULE,17.79,2026-08-05,4,4,,,
2026-10-08,ADPT,53,PB_OWNERSHIP_BASIS_V2,29.34757152795225,OK,,29.34757152795225,OK,142914000.0,2026-Q2,2026-10-07,2026-Q2,2026-08-04,PROVIDER_FILING_DATE_PROXY,EXISTING_UNREVIEWED_COMMON_RULE,27.416,2026-08-04,4,4,,,
2026-10-08,ADSK,54,PB_OWNERSHIP_BASIS_V2,14.52126829376807,OK,,14.52126829376807,OK,3383000000.0,2027-Q2,2026-10-07,2027-Q2,2026-08-28,PROVIDER_FILING_DATE_PROXY,EXISTING_UNREVIEWED_COMMON_RULE,16.103,2026-08-28,4,4,,,
2026-10-08,ADT,55,PB_OWNERSHIP_BASIS_V2,1.3235378329297178,OK,,1.3235378329297178,OK,3477440000.0,2026-Q2,2026-10-07,2026-Q2,2026-07-30,PROVIDER_FILING_DATE_PROXY,EXISTING_UNREVIEWED_COMMON_RULE,1.578,2026-07-30,4,4,,,
2026-10-08,ADTN,56,PB_OWNERSHIP_BASIS_V2,4.8827056763447345,OK,,4.8827056763447345,OK,129497000.0,2026-Q2,2026-10-07,2026-Q2,2026-08-04,PROVIDER_FILING_DATE_PROXY,EXISTING_UNREVIEWED_COMMON_RULE,5.512,2026-08-04,4,4,,,
2026-10-08,ADUS,57,PB_OWNERSHIP_BASIS_V2,1.842289772488967,OK,,1.842289772488967,OK,1148157000.0,2026-Q2,2026-10-07,2026-Q2,2026-08-04,PROVIDER_FILING_DATE_PROXY,EXISTING_UNREVIEWED_COMMON_RULE,1.849,2026-08-04,4,4,,,
2026-10-08,ADV,58,PB_OWNERSHIP_BASIS_V2,,OWNERSHIP_BASIS_UNVERIFIED,,,OWNERSHIP_BASIS_UNVERIFIED,401819000.0,2026-Q2,2026-10-07,2026-Q2,2026-08-05,PROVIDER_FILING_DATE_PROXY,HELD,1.054,2026-08-05,4,4,,,
2026-10-08,AEE,59,PB_OWNERSHIP_BASIS_V2,2.0493722588466534,OK,,2.0493722588466534,OK,13687000000.0,2026-Q2,2026-10-07,2026-Q2,2026-08-03,PROVIDER_FILING_DATE_PROXY,EXISTING_UNREVIEWED_COMMON_RULE,2.215,2026-08-03,4,4,,,
2026-10-08,AEHR,60,PB_OWNERSHIP_BASIS_V2,13.280836523430452,OK,,13.280836523430452,OK,219511000.0,2026-Q4,2026-10-07,2026-Q4,2026-07-27,PROVIDER_FILING_DATE_PROXY,EXISTING_UNREVIEWED_COMMON_RULE,11.514,2026-07-27,4,4,,,
2026-10-08,AEI,61,PB_OWNERSHIP_BASIS_V2,0.22084516022727615,OK,,0.22084516022727615,OK,114479704.0,2026-Q2,2026-10-07,2026-Q2,2026-08-14,PROVIDER_FILING_DATE_PROXY,EXISTING_UNREVIEWED_COMMON_RULE,0.455,2026-08-14,4,4,,,
2026-10-08,AEIS,62,PB_OWNERSHIP_BASIS_V2,8.038418841082343,OK,,8.038418841082343,OK,1456100000.0,2026-Q2,2026-10-07,2026-Q2,2026-08-03,PROVIDER_FILING_DATE_PROXY,EXISTING_UNREVIEWED_COMMON_RULE,8.152,2026-08-03,4,4,,,
2026-10-08,AEMD,63,PB_OWNERSHIP_BASIS_V2,0.8302216770807512,OK,LARGE_ENDPOINT_VS_AVERAGE_SHARE_DIFFERENCE,0.8302216770807512,OK,5199329.0,2027-Q1,2026-10-07,2027-Q1,2026-08-13,PROVIDER_FILING_DATE_PROXY,EXISTING_UNREVIEWED_COMMON_RULE,0.401,2026-08-13,4,4,,,
2026-10-08,AEO,64,PB_OWNERSHIP_BASIS_V2,,MISSING_EQUITY,,,MISSING_EQUITY,,2027-Q2,2026-10-07,2027-Q2,2026-09-10,PROVIDER_FILING_DATE_PROXY,HELD,,2026-09-10,0,4,,,
2026-10-08,AEP,65,PB_OWNERSHIP_BASIS_V2,,OWNERSHIP_BASIS_UNVERIFIED,,,OWNERSHIP_BASIS_UNVERIFIED,32079000000.0,2026-Q2,2026-10-07,2026-Q2,2026-07-30,PROVIDER_FILING_DATE_PROXY,HELD,2.168,2026-07-30,4,4,,,
2026-10-08,AES,66,PB_OWNERSHIP_BASIS_V2,,OWNERSHIP_BASIS_UNVERIFIED,,,OWNERSHIP_BASIS_UNVERIFIED,4942000000.0,2026-Q2,2026-10-07,2026-Q2,2026-08-04,PROVIDER_FILING_DATE_PROXY,HELD,2.119,2026-08-04,4,4,,,
2026-10-08,AESI,67,PB_OWNERSHIP_BASIS_V2,1.3994084499730937,OK,,1.3994084499730937,OK,1113001000.0,2026-Q2,2026-10-07,2026-Q2,2026-08-05,PROVIDER_FILING_DATE_PROXY,EXISTING_UNREVIEWED_COMMON_RULE,1.198,2026-08-05,4,4,,,
2026-10-08,AEVA,68,PB_OWNERSHIP_BASIS_V2,,OWNERSHIP_BASIS_UNVERIFIED,,,OWNERSHIP_BASIS_UNVERIFIED,27530000.0,2026-Q2,2026-10-07,2026-Q2,2026-08-06,PROVIDER_FILING_DATE_PROXY,HELD,63.958,2026-08-06,3,4,,,
2026-10-08,AEYE,69,PB_OWNERSHIP_BASIS_V2,27.104943190358345,OK,,27.104943190358345,OK,3223000.0,2026-Q2,2026-10-07,2026-Q2,2026-08-13,PROVIDER_FILING_DATE_PROXY,EXISTING_UNREVIEWED_COMMON_RULE,22.659,2026-08-13,4,4,,,
2026-10-08,AFCG,70,PB_OWNERSHIP_BASIS_V2,0.3843836916525043,OK,,0.3843836916525043,OK,187269500.0,2026-Q2,2026-10-07,2026-Q2,2026-08-13,PROVIDER_FILING_DATE_PROXY,EXISTING_UNREVIEWED_COMMON_RULE,0.364,2026-08-13,4,4,,,
2026-10-08,AGCO,71,PB_OWNERSHIP_BASIS_V2,1.8732449461378078,OK,,1.8732449461378078,OK,4080600000.0,2026-Q2,2026-10-07,2026-Q2,2026-07-30,PROVIDER_FILING_DATE_PROXY,EXISTING_UNREVIEWED_COMMON_RULE,1.839,2026-07-30,4,4,,,
2026-10-08,AGEN,72,PB_OWNERSHIP_BASIS_V2,,NEGATIVE_EQUITY,,,NEGATIVE_EQUITY,-199075000.0,2026-Q2,2026-10-07,2026-Q2,2026-08-07,PROVIDER_FILING_DATE_PROXY,HELD,,2026-08-07,0,4,,,
2026-10-08,AGIO,73,PB_OWNERSHIP_BASIS_V2,1.8497895105838043,OK,,1.8497895105838043,OK,1026021000.0,2026-Q2,2026-10-07,2026-Q2,2026-07-30,PROVIDER_FILING_DATE_PROXY,EXISTING_UNREVIEWED_COMMON_RULE,1.906,2026-07-30,4,4,,,
2026-10-08,AGL,74,PB_OWNERSHIP_BASIS_V2,6.324553331065297,OK,,6.324553331065297,OK,227527000.0,2026-Q2,2026-10-07,2026-Q2,2026-08-05,PROVIDER_FILING_DATE_PROXY,EXISTING_UNREVIEWED_COMMON_RULE,7.959,2026-08-05,4,4,,,
2026-10-08,AGNC,75,PB_OWNERSHIP_BASIS_V2,,OWNERSHIP_BASIS_UNVERIFIED,,,OWNERSHIP_BASIS_UNVERIFIED,12543000000.0,2026-Q2,2026-10-07,2026-Q2,2026-07-31,PROVIDER_FILING_DATE_PROXY,HELD,1.008,2026-07-31,4,4,,,
2026-10-08,AGX,76,PB_OWNERSHIP_BASIS_V2,11.193945240787043,OK,,11.193945240787043,OK,506839000.0,2027-Q2,2026-10-07,2027-Q2,2026-09-02,PROVIDER_FILING_DATE_PROXY,EXISTING_UNREVIEWED_COMMON_RULE,11.36,2026-09-02,4,4,,,
2026-10-08,AGYS,77,PB_OWNERSHIP_BASIS_V2,8.496909384452497,OK,,8.496909384452497,OK,338327000.0,2027-Q1,2026-10-07,2027-Q1,2026-07-27,PROVIDER_FILING_DATE_PROXY,EXISTING_UNREVIEWED_COMMON_RULE,8.607,2026-07-27,4,4,,,
2026-10-08,AHCO,78,PB_OWNERSHIP_BASIS_V2,,OWNERSHIP_BASIS_UNVERIFIED,,,OWNERSHIP_BASIS_UNVERIFIED,1378466000.0,2026-Q2,2026-10-07,2026-Q2,2026-08-04,PROVIDER_FILING_DATE_PROXY,HELD,0.664,2026-08-04,4,4,,,
2026-10-08,AHR,79,PB_OWNERSHIP_BASIS_V2,2.913103903916282,OK,,2.913103903916282,OK,3694547000.0,2026-Q2,2026-10-07,2026-Q2,2026-08-07,PROVIDER_FILING_DATE_PROXY,EXISTING_UNREVIEWED_COMMON_RULE,3.348,2026-08-07,4,4,,,
2026-10-08,AI,80,PB_OWNERSHIP_BASIS_V2,,MISSING_EQUITY,,,MISSING_EQUITY,,2027-Q1,2026-10-07,2027-Q1,2026-09-09,PROVIDER_FILING_DATE_PROXY,HELD,,2026-09-09,0,4,,,
2026-10-08,AIFF,81,PB_OWNERSHIP_BASIS_V2,1.3054754121873793,OK,,1.3054754121873793,OK,14663000.0,2026-Q2,2026-10-07,2026-Q2,2026-08-11,PROVIDER_FILING_DATE_PROXY,EXISTING_UNREVIEWED_COMMON_RULE,1.22,2026-08-11,4,4,,,
2026-10-08,VAI,82,PB_OWNERSHIP_BASIS_V2,,NEGATIVE_EQUITY,LARGE_ENDPOINT_VS_AVERAGE_SHARE_DIFFERENCE,,NEGATIVE_EQUITY,-38579592.0,2027-Q1,2026-10-07,2027-Q1,2026-08-14,PROVIDER_FILING_DATE_PROXY,HELD,,2026-08-14,1,4,,,
2026-10-08,AIMD,83,PB_OWNERSHIP_BASIS_V2,,OWNERSHIP_BASIS_UNVERIFIED,,,OWNERSHIP_BASIS_UNVERIFIED,3283985.0,2026-Q2,2026-10-07,2026-Q2,2026-08-03,PROVIDER_FILING_DATE_PROXY,HELD,3.26,2026-08-03,4,4,,,
2026-10-08,AIN,84,PB_OWNERSHIP_BASIS_V2,2.2615219351961375,OK,HISTORICAL_OHLC_INCOMPLETE,2.2615219351961375,OK,745689000.0,2026-Q2,2026-10-07,2026-Q2,2026-08-04,PROVIDER_FILING_DATE_PROXY,EXISTING_UNREVIEWED_COMMON_RULE,2.399,2026-08-04,4,4,,,
2026-10-08,AIOT,85,PB_OWNERSHIP_BASIS_V2,0.7315021917265603,OK,,0.7315021917265603,OK,482588000.0,2027-Q1,2026-10-07,2027-Q1,2026-08-10,PROVIDER_FILING_DATE_PROXY,EXISTING_UNREVIEWED_COMMON_RULE,0.851,2026-08-10,4,4,,,
2026-10-08,AIP,86,PB_OWNERSHIP_BASIS_V2,16.995584242840103,OK,,16.995584242840103,OK,67674000.0,2026-Q2,2026-10-07,2026-Q2,2026-08-06,PROVIDER_FILING_DATE_PROXY,EXISTING_UNREVIEWED_COMMON_RULE,22.966,2026-08-06,2,4,,,
2026-10-08,AIR,87,PB_OWNERSHIP_BASIS_V2,,MISSING_EQUITY,,,MISSING_EQUITY,,2027-Q1,2026-10-07,2027-Q1,2026-09-29,PROVIDER_FILING_DATE_PROXY,HELD,,2026-09-29,0,4,,,
2026-10-08,AIRJ,88,PB_OWNERSHIP_BASIS_V2,,OWNERSHIP_BASIS_UNVERIFIED,,,OWNERSHIP_BASIS_UNVERIFIED,248637802.0,2026-Q2,2026-10-07,2026-Q2,2026-08-14,PROVIDER_FILING_DATE_PROXY,HELD,1.782,2026-08-14,4,4,,,
2026-10-08,AIRS,89,PB_OWNERSHIP_BASIS_V2,1.2516529701002004,OK,,1.2516529701002004,OK,104832000.0,2026-Q2,2026-10-07,2026-Q2,2026-08-10,PROVIDER_FILING_DATE_PROXY,EXISTING_UNREVIEWED_COMMON_RULE,1.891,2026-08-10,4,4,,,
2026-10-08,AISP,90,PB_OWNERSHIP_BASIS_V2,,NEGATIVE_EQUITY,,,NEGATIVE_EQUITY,-8623772.0,2026-Q2,2026-10-07,2026-Q2,2026-08-06,PROVIDER_FILING_DATE_PROXY,HELD,,2026-08-06,0,4,,,
2026-10-08,AIT,91,PB_OWNERSHIP_BASIS_V2,6.595251426318752,OK,,6.595251426318752,OK,1861749000.0,2026-Q4,2026-10-07,2026-Q4,2026-08-13,PROVIDER_FILING_DATE_PROXY,EXISTING_UNREVIEWED_COMMON_RULE,7.049,2026-08-13,4,4,,,
2026-10-08,AIV,92,PB_OWNERSHIP_BASIS_V2,,OWNERSHIP_BASIS_UNVERIFIED,,,OWNERSHIP_BASIS_UNVERIFIED,671569000.0,2026-Q1,2026-10-07,2026-Q1,2026-05-11,PROVIDER_FILING_DATE_PROXY,HELD,0.925,2026-05-11,4,4,,,
2026-10-08,AKAM,93,PB_OWNERSHIP_BASIS_V2,3.166082074720941,OK,,3.166082074720941,OK,4748517000.0,2026-Q2,2026-10-07,2026-Q2,2026-08-07,PROVIDER_FILING_DATE_PROXY,EXISTING_UNREVIEWED_COMMON_RULE,3.346,2026-08-07,4,4,,,
2026-10-08,AKBA,94,PB_OWNERSHIP_BASIS_V2,9.669588257265406,OK,,9.669588257265406,OK,25018000.0,2026-Q2,2026-10-07,2026-Q2,2026-08-05,PROVIDER_FILING_DATE_PROXY,EXISTING_UNREVIEWED_COMMON_RULE,14.288,2026-08-05,4,4,,,
2026-10-08,AKR,95,PB_OWNERSHIP_BASIS_V2,1.0626005867608614,OK,,1.0626005867608614,OK,2336697000.0,2026-Q2,2026-10-07,2026-Q2,2026-07-29,PROVIDER_FILING_DATE_PROXY,EXISTING_UNREVIEWED_COMMON_RULE,1.33,2026-07-29,4,4,,,
2026-10-08,ALAB,96,PB_OWNERSHIP_BASIS_V2,38.42761041522764,OK,,38.42761041522764,OK,1725704000.0,2026-Q2,2026-10-07,2026-Q2,2026-08-05,PROVIDER_FILING_DATE_PROXY,EXISTING_UNREVIEWED_COMMON_RULE,32.012,2026-08-05,4,4,,,
2026-10-08,ALB,97,PB_OWNERSHIP_BASIS_V2,,OWNERSHIP_BASIS_UNVERIFIED,,,OWNERSHIP_BASIS_UNVERIFIED,10275169000.0,2026-Q2,2026-10-07,2026-Q2,2026-08-05,PROVIDER_FILING_DATE_PROXY,HELD,1.365,2026-08-05,4,4,,,
2026-10-08,ALDX,98,PB_OWNERSHIP_BASIS_V2,1.527057529966546,OK,,1.527057529966546,OK,37885303.0,2026-Q2,2026-10-07,2026-Q2,2026-08-06,PROVIDER_FILING_DATE_PROXY,EXISTING_UNREVIEWED_COMMON_RULE,2.532,2026-08-06,4,4,,,
2026-10-08,ALEC,99,PB_OWNERSHIP_BASIS_V2,,NEGATIVE_EQUITY,,,NEGATIVE_EQUITY,-9970000.0,2026-Q2,2026-10-07,2026-Q2,2026-08-06,PROVIDER_FILING_DATE_PROXY,HELD,,2026-08-06,3,4,,,
2026-10-08,ALG,100,PB_OWNERSHIP_BASIS_V2,1.607381608370778,OK,HISTORICAL_OHLC_INCOMPLETE,1.607381608370778,OK,1188110000.0,2026-Q2,2026-10-07,2026-Q2,2026-08-03,PROVIDER_FILING_DATE_PROXY,EXISTING_UNREVIEWED_COMMON_RULE,1.679,2026-08-03,4,4,,,
2026-10-08,ALGM,101,PB_OWNERSHIP_BASIS_V2,7.158186593712215,OK,,7.158186593712215,OK,964276000.0,2027-Q1,2026-10-07,2027-Q1,2026-07-31,PROVIDER_FILING_DATE_PROXY,EXISTING_UNREVIEWED_COMMON_RULE,8.022,2026-07-31,4,4,,,
2026-10-08,ALGN,102,PB_OWNERSHIP_BASIS_V2,2.3476560170581275,OK,,2.3476560170581275,OK,4232453000.0,2026-Q2,2026-10-07,2026-Q2,2026-08-05,PROVIDER_FILING_DATE_PROXY,EXISTING_UNREVIEWED_COMMON_RULE,2.934,2026-08-05,4,4,,,
2026-10-08,ALGS,103,PB_OWNERSHIP_BASIS_V2,2.0838696294034267,OK,,2.0838696294034267,OK,31884000.0,2026-Q2,2026-10-07,2026-Q2,2026-08-06,PROVIDER_FILING_DATE_PROXY,EXISTING_UNREVIEWED_COMMON_RULE,2.158,2026-08-06,4,4,,,
2026-10-08,ALGT,104,PB_OWNERSHIP_BASIS_V2,1.173261180836851,OK,,1.173261180836851,OK,1777374000.0,2026-Q2,2026-10-07,2026-Q2,2026-08-10,PROVIDER_FILING_DATE_PROXY,EXISTING_UNREVIEWED_COMMON_RULE,1.377,2026-08-10,4,4,,,
2026-10-08,ALHC,105,PB_OWNERSHIP_BASIS_V2,6.689412266068905,OK,,6.689412266068905,OK,265131000.0,2026-Q2,2026-10-07,2026-Q2,2026-07-30,PROVIDER_FILING_DATE_PROXY,EXISTING_UNREVIEWED_COMMON_RULE,14.56,2026-07-30,4,4,,,
2026-10-08,ALIT,106,PB_OWNERSHIP_BASIS_V2,,OWNERSHIP_BASIS_UNVERIFIED,,,OWNERSHIP_BASIS_UNVERIFIED,1024000000.0,2026-Q2,2026-10-07,2026-Q2,2026-08-04,PROVIDER_FILING_DATE_PROXY,HELD,0.452,2026-08-04,4,4,,,
2026-10-08,ALK,107,PB_OWNERSHIP_BASIS_V2,1.2039148604439467,OK,,1.2039148604439467,OK,3670000000.0,2026-Q2,2026-10-07,2026-Q2,2026-08-04,PROVIDER_FILING_DATE_PROXY,EXISTING_UNREVIEWED_COMMON_RULE,1.598,2026-08-04,4,4,,,
2026-10-08,ALKS,108,PB_OWNERSHIP_BASIS_V2,3.844951896487915,OK,,3.844951896487915,OK,1808550000.0,2026-Q2,2026-10-07,2026-Q2,2026-07-28,PROVIDER_FILING_DATE_PROXY,EXISTING_UNREVIEWED_COMMON_RULE,4.684,2026-07-28,4,4,,,
2026-10-08,ALKT,109,PB_OWNERSHIP_BASIS_V2,4.172387485847937,OK,,4.172387485847937,OK,362677000.0,2026-Q2,2026-10-07,2026-Q2,2026-07-30,PROVIDER_FILING_DATE_PROXY,EXISTING_UNREVIEWED_COMMON_RULE,5.252,2026-07-30,4,4,,,
2026-10-08,ALLE,110,PB_OWNERSHIP_BASIS_V2,5.936840993426797,OK,,5.936840993426797,OK,2118600000.0,2026-Q2,2026-10-07,2026-Q2,2026-07-23,PROVIDER_FILING_DATE_PROXY,EXISTING_UNREVIEWED_COMMON_RULE,6.204,2026-07-23,4,4,,,
2026-10-08,ALLO,111,PB_OWNERSHIP_BASIS_V2,1.1326920197358448,OK,,1.1326920197358448,OK,436175000.0,2026-Q2,2026-10-07,2026-Q2,2026-08-12,PROVIDER_FILING_DATE_PROXY,EXISTING_UNREVIEWED_COMMON_RULE,1.64,2026-08-12,4,4,,,
2026-10-08,ALLR,112,PB_OWNERSHIP_BASIS_V2,4.427645036326072,OK,,4.427645036326072,OK,3536000.0,2026-Q2,2026-10-07,2026-Q2,2026-08-14,PROVIDER_FILING_DATE_PROXY,EXISTING_UNREVIEWED_COMMON_RULE,6.165,2026-08-14,4,4,,,
2026-10-08,ALMU,113,PB_OWNERSHIP_BASIS_V2,,MISSING_EQUITY,,,MISSING_EQUITY,,2026-Q4,2026-10-07,2026-Q4,2026-09-16,PROVIDER_FILING_DATE_PROXY,HELD,,2026-09-16,0,4,,,
2026-10-08,ALNT,114,PB_OWNERSHIP_BASIS_V2,6.170130078587893,OK,,6.170130078587893,OK,312294000.0,2026-Q2,2026-10-07,2026-Q2,2026-08-05,PROVIDER_FILING_DATE_PROXY,EXISTING_UNREVIEWED_COMMON_RULE,5.077,2026-08-05,4,4,,,
2026-10-08,ALNY,115,PB_OWNERSHIP_BASIS_V2,22.175397314269233,OK,,22.175397314269233,OK,1354118000.0,2026-Q2,2026-10-07,2026-Q2,2026-07-30,PROVIDER_FILING_DATE_PROXY,EXISTING_UNREVIEWED_COMMON_RULE,20.305,2026-07-30,4,4,,,
2026-10-08,ALRM,116,PB_OWNERSHIP_BASIS_V2,3.1051398650261133,OK,,3.1051398650261133,OK,864455000.0,2026-Q2,2026-10-07,2026-Q2,2026-08-06,PROVIDER_FILING_DATE_PROXY,EXISTING_UNREVIEWED_COMMON_RULE,3.197,2026-08-06,4,4,,,
2026-10-08,ALSN,117,PB_OWNERSHIP_BASIS_V2,4.621699679275251,OK,,4.621699679275251,OK,1979000000.0,2026-Q2,2026-10-07,2026-Q2,2026-08-05,PROVIDER_FILING_DATE_PROXY,EXISTING_UNREVIEWED_COMMON_RULE,4.929,2026-08-05,4,4,,,
2026-10-08,ALT,118,PB_OWNERSHIP_BASIS_V2,1.0911184572077826,OK,,1.0911184572077826,OK,474208000.0,2026-Q2,2026-10-07,2026-Q2,2026-08-12,PROVIDER_FILING_DATE_PROXY,EXISTING_UNREVIEWED_COMMON_RULE,1.202,2026-08-12,4,4,,,
2026-10-08,ALTG,119,PB_OWNERSHIP_BASIS_V2,,NEGATIVE_EQUITY,,,NEGATIVE_EQUITY,-36200000.0,2026-Q2,2026-10-07,2026-Q2,2026-08-06,PROVIDER_FILING_DATE_PROXY,HELD,,2026-08-06,1,4,,,
2026-10-08,ALTO,120,PB_OWNERSHIP_BASIS_V2,1.0894446834364695,OK,,1.0894446834364695,OK,259877000.0,2026-Q2,2026-10-07,2026-Q2,2026-08-07,PROVIDER_FILING_DATE_PROXY,EXISTING_UNREVIEWED_COMMON_RULE,1.31,2026-08-07,4,4,,,
2026-10-08,ALUR,121,PB_OWNERSHIP_BASIS_V2,,NEGATIVE_EQUITY,HISTORICAL_PRICE_MISMATCH,,NEGATIVE_EQUITY,-82928000.0,2025-Q3,2026-10-07,2025-Q3,2025-11-17,PROVIDER_FILING_DATE_PROXY,HELD,,2025-11-17,0,4,,,
2026-10-08,ALV,122,PB_OWNERSHIP_BASIS_V2,,OWNERSHIP_BASIS_UNVERIFIED,,,OWNERSHIP_BASIS_UNVERIFIED,2490000000.0,2026-Q2,2026-10-07,2026-Q2,2026-07-17,PROVIDER_FILING_DATE_PROXY,HELD,3.537,2026-07-17,4,4,,,
2026-10-08,ALXO,123,PB_OWNERSHIP_BASIS_V2,1.1473415667475155,OK,,1.1473415667475155,OK,136187000.0,2026-Q2,2026-10-07,2026-Q2,2026-08-06,PROVIDER_FILING_DATE_PROXY,EXISTING_UNREVIEWED_COMMON_RULE,2.142,2026-08-06,4,4,,,
2026-10-08,ALZN,124,PB_OWNERSHIP_BASIS_V2,,MISSING_EQUITY,,,MISSING_EQUITY,,2027-Q1,2026-10-07,2027-Q1,2026-09-10,PROVIDER_FILING_DATE_PROXY,HELD,,2026-09-10,0,4,,,
2026-10-08,AM,125,PB_OWNERSHIP_BASIS_V2,5.087429502539749,OK,,5.087429502539749,OK,1945374000.0,2026-Q2,2026-10-07,2026-Q2,2026-07-29,PROVIDER_FILING_DATE_PROXY,EXISTING_UNREVIEWED_COMMON_RULE,5.251,2026-07-29,4,4,,,
2026-10-08,AMAT,126,PB_OWNERSHIP_BASIS_V2,16.12372309657721,OK,,16.12372309657721,OK,25626000000.0,2026-Q3,2026-10-07,2026-Q3,2026-08-20,PROVIDER_FILING_DATE_PROXY,EXISTING_UNREVIEWED_COMMON_RULE,15.367,2026-08-20,4,4,,,
2026-10-08,AMBA,127,PB_OWNERSHIP_BASIS_V2,4.64880756945578,OK,,4.64880756945578,OK,620316000.0,2027-Q2,2026-10-07,2027-Q2,2026-09-04,PROVIDER_FILING_DATE_PROXY,EXISTING_UNREVIEWED_COMMON_RULE,4.475,2026-09-04,4,4,,,
2026-10-08,AMC,128,PB_OWNERSHIP_BASIS_V2,,NEGATIVE_EQUITY,,,NEGATIVE_EQUITY,-1452700000.0,2026-Q2,2026-10-07,2026-Q2,2026-07-23,PROVIDER_FILING_DATE_PROXY,HELD,,2026-07-23,0,4,,,
2026-10-08,AMCR,129,PB_OWNERSHIP_BASIS_V2,1.6180137738225708,OK,,1.6180137738225708,OK,11790000000.0,2026-Q4,2026-10-07,2026-Q4,2026-08-14,PROVIDER_FILING_DATE_PROXY,EXISTING_UNREVIEWED_COMMON_RULE,1.805,2026-08-14,4,4,,,
2026-10-08,AMCX,130,PB_OWNERSHIP_BASIS_V2,0.4861852922311599,OK,,0.4861852922311599,OK,911226000.0,2026-Q2,2026-10-07,2026-Q2,2026-07-30,PROVIDER_FILING_DATE_PROXY,EXISTING_UNREVIEWED_COMMON_RULE,0.44,2026-07-30,4,4,,,
2026-10-08,AMD,131,PB_OWNERSHIP_BASIS_V2,15.684135230169455,OK,,15.684135230169455,OK,67224000000.0,2026-Q2,2026-10-07,2026-Q2,2026-08-05,PROVIDER_FILING_DATE_PROXY,EXISTING_UNREVIEWED_COMMON_RULE,11.706,2026-08-05,4,4,,,
2026-10-08,AME,132,PB_OWNERSHIP_BASIS_V2,5.061728886740653,OK,,5.061728886740653,OK,11260763000.0,2026-Q2,2026-10-07,2026-Q2,2026-08-04,PROVIDER_FILING_DATE_PROXY,EXISTING_UNREVIEWED_COMMON_RULE,5.172,2026-08-04,4,4,,,
2026-10-08,AMGN,133,PB_OWNERSHIP_BASIS_V2,19.107140773950807,OK,,19.107140773950807,OK,11688000000.0,2026-Q2,2026-10-07,2026-Q2,2026-08-05,PROVIDER_FILING_DATE_PROXY,EXISTING_UNREVIEWED_COMMON_RULE,18.864,2026-08-05,4,4,,,
2026-10-08,AMH,134,PB_OWNERSHIP_BASIS_V2,,OWNERSHIP_BASIS_UNVERIFIED,,,OWNERSHIP_BASIS_UNVERIFIED,6807579000.0,2026-Q2,2026-10-07,2026-Q2,2026-07-31,PROVIDER_FILING_DATE_PROXY,HELD,1.766,2026-07-31,4,4,,,
2026-10-08,AMIX,135,PB_OWNERSHIP_BASIS_V2,1.0472032616525266,OK,LARGE_ENDPOINT_VS_AVERAGE_SHARE_DIFFERENCE,1.0472032616525266,OK,3162000.0,2027-Q1,2026-10-07,2027-Q1,2026-08-13,PROVIDER_FILING_DATE_PROXY,EXISTING_UNREVIEWED_COMMON_RULE,2.107,2026-08-13,4,4,,,
2026-10-08,AMKR,136,PB_OWNERSHIP_BASIS_V2,2.7925721044011835,OK,,2.7925721044011835,OK,4650412000.0,2026-Q2,2026-10-07,2026-Q2,2026-07-28,PROVIDER_FILING_DATE_PROXY,EXISTING_UNREVIEWED_COMMON_RULE,2.441,2026-07-28,4,4,,,
2026-10-08,AMLX,137,PB_OWNERSHIP_BASIS_V2,12.779080059722352,OK,,12.779080059722352,OK,239167000.0,2026-Q2,2026-10-07,2026-Q2,2026-08-06,PROVIDER_FILING_DATE_PROXY,EXISTING_UNREVIEWED_COMMON_RULE,11.27,2026-08-06,4,4,,,
2026-10-08,AMN,138,PB_OWNERSHIP_BASIS_V2,1.9086044964941344,OK,,1.9086044964941344,OK,741278000.0,2026-Q2,2026-10-07,2026-Q2,2026-08-07,PROVIDER_FILING_DATE_PROXY,EXISTING_UNREVIEWED_COMMON_RULE,1.881,2026-08-07,4,4,,,
2026-10-08,AMOD,139,PB_OWNERSHIP_BASIS_V2,,NEGATIVE_EQUITY,LARGE_ENDPOINT_VS_AVERAGE_SHARE_DIFFERENCE,,NEGATIVE_EQUITY,-6125609.0,2026-Q2,2026-10-07,2026-Q2,2026-08-14,PROVIDER_FILING_DATE_PROXY,HELD,,2026-08-14,0,4,,,
2026-10-08,AMPG,140,PB_OWNERSHIP_BASIS_V2,,OWNERSHIP_BASIS_UNVERIFIED,,,OWNERSHIP_BASIS_UNVERIFIED,46753882.0,2026-Q2,2026-10-07,2026-Q2,2026-08-13,PROVIDER_FILING_DATE_PROXY,HELD,3.849,2026-08-13,4,4,,,
2026-10-08,AMPH,141,PB_OWNERSHIP_BASIS_V2,1.41431911536919,OK,,1.41431911536919,OK,768157000.0,2026-Q2,2026-10-07,2026-Q2,2026-08-06,PROVIDER_FILING_DATE_PROXY,EXISTING_UNREVIEWED_COMMON_RULE,1.097,2026-08-06,4,4,,,
2026-10-08,AMPL,142,PB_OWNERSHIP_BASIS_V2,13.53735857171925,OK,,13.53735857171925,OK,136198000.0,2026-Q2,2026-10-07,2026-Q2,2026-08-06,PROVIDER_FILING_DATE_PROXY,EXISTING_UNREVIEWED_COMMON_RULE,9.878,2026-08-06,4,4,,,
2026-10-08,AMPX,143,PB_OWNERSHIP_BASIS_V2,,OWNERSHIP_BASIS_UNVERIFIED,,,OWNERSHIP_BASIS_UNVERIFIED,125636000.0,2026-Q2,2026-10-07,2026-Q2,2026-08-06,PROVIDER_FILING_DATE_PROXY,HELD,13.011,2026-08-06,4,4,,,
2026-10-08,AMPY,144,PB_OWNERSHIP_BASIS_V2,0.4210914205645762,OK,,0.4210914205645762,OK,439087000.0,2026-Q2,2026-10-07,2026-Q2,2026-08-10,PROVIDER_FILING_DATE_PROXY,EXISTING_UNREVIEWED_COMMON_RULE,0.393,2026-08-10,4,4,,,
2026-10-08,AMR,145,PB_OWNERSHIP_BASIS_V2,1.4398672118350675,OK,,1.4398672118350675,OK,1498819000.0,2026-Q2,2026-10-07,2026-Q2,2026-08-07,PROVIDER_FILING_DATE_PROXY,EXISTING_UNREVIEWED_COMMON_RULE,1.285,2026-08-07,4,4,,,
2026-10-08,AMRC,146,PB_OWNERSHIP_BASIS_V2,0.9409747258516717,OK,,0.9409747258516717,OK,1236741000.0,2026-Q2,2026-10-07,2026-Q2,2026-08-04,PROVIDER_FILING_DATE_PROXY,EXISTING_UNREVIEWED_COMMON_RULE,1.199,2026-08-04,4,4,,,
2026-10-08,AMRX,147,PB_OWNERSHIP_BASIS_V2,190.02254077416873,OK,,190.02254077416873,OK,33024000.0,2026-Q2,2026-10-07,2026-Q2,2026-08-06,PROVIDER_FILING_DATE_PROXY,EXISTING_UNREVIEWED_COMMON_RULE,174.743,2026-08-06,1,4,,,
2026-10-08,AMSC,148,PB_OWNERSHIP_BASIS_V2,2.68580513304093,OK,,2.68580513304093,OK,572474000.0,2027-Q1,2026-10-07,2027-Q1,2026-08-05,PROVIDER_FILING_DATE_PROXY,EXISTING_UNREVIEWED_COMMON_RULE,2.787,2026-08-05,4,4,,,
2026-10-08,AMST,149,PB_OWNERSHIP_BASIS_V2,,MISSING_EQUITY,LARGE_ENDPOINT_VS_AVERAGE_SHARE_DIFFERENCE,,MISSING_EQUITY,,2026-Q4,2026-10-07,2026-Q4,2026-09-23,PROVIDER_FILING_DATE_PROXY,HELD,,2026-09-23,0,4,,,
2026-10-08,AMT,150,PB_OWNERSHIP_BASIS_V2,20.81706518371016,OK,,,OWNERSHIP_REVIEW_STALE,3719700000.0,2026-Q2,2026-10-07,2026-Q2,2026-07-21,OFFICIAL_COVER,OPERATOR_CONFIRMED_QUARTER,21.483,2026-07-28,4,4,ORDINARY_COMMON,,f615ab7703fd8c7d449b5d5c82ec011718aff3ca7ced065fe5e3be2faaf6572b
2026-10-08,AMTX,151,PB_OWNERSHIP_BASIS_V2,,NEGATIVE_EQUITY,,,NEGATIVE_EQUITY,-322107000.0,2026-Q2,2026-10-07,2026-Q2,2026-08-06,PROVIDER_FILING_DATE_PROXY,HELD,,2026-08-06,0,4,,,
2026-10-08,AMZN,152,PB_OWNERSHIP_BASIS_V2,5.082445829502182,OK,,5.082445829502182,OK,551620000000.0,2026-Q2,2026-10-07,2026-Q2,2026-07-31,PROVIDER_FILING_DATE_PROXY,EXISTING_UNREVIEWED_COMMON_RULE,5.31,2026-07-31,4,4,,,
2026-10-08,AN,153,PB_OWNERSHIP_BASIS_V2,2.286055830740499,OK,,2.286055830740499,OK,2259100000.0,2026-Q2,2026-10-07,2026-Q2,2026-07-31,PROVIDER_FILING_DATE_PROXY,EXISTING_UNREVIEWED_COMMON_RULE,3.108,2026-07-31,4,4,,,
2026-10-08,ANAB,154,PB_OWNERSHIP_BASIS_V2,,MISSING_EQUITY,,,MISSING_EQUITY,,2026-Q2,2026-10-07,2026-Q2,2026-09-21,PROVIDER_FILING_DATE_PROXY,HELD,,2026-09-21,0,4,,,
2026-10-08,ANDE,155,PB_OWNERSHIP_BASIS_V2,1.6989022318489737,OK,,1.6989022318489737,OK,1318704000.0,2026-Q2,2026-10-07,2026-Q2,2026-08-04,PROVIDER_FILING_DATE_PROXY,EXISTING_UNREVIEWED_COMMON_RULE,1.919,2026-08-04,4,4,,,
2026-10-08,ANET,156,PB_OWNERSHIP_BASIS_V2,18.39543429635763,OK,,18.39543429635763,OK,14797700000.0,2026-Q2,2026-10-07,2026-Q2,2026-08-05,PROVIDER_FILING_DATE_PROXY,EXISTING_UNREVIEWED_COMMON_RULE,16.817,2026-08-05,4,4,,,
2026-10-08,ANF,157,PB_OWNERSHIP_BASIS_V2,4.368370540198013,OK,,4.368370540198013,OK,1354521000.0,2027-Q2,2026-10-07,2027-Q2,2026-09-04,PROVIDER_FILING_DATE_PROXY,EXISTING_UNREVIEWED_COMMON_RULE,4.689,2026-09-04,4,4,,,
2026-10-08,ANGI,158,PB_OWNERSHIP_BASIS_V2,0.35977913431340414,OK,,0.35977913431340414,OK,687625000.0,2026-Q2,2026-10-07,2026-Q2,2026-08-04,PROVIDER_FILING_DATE_PROXY,EXISTING_UNREVIEWED_COMMON_RULE,0.366,2026-08-04,4,4,,,
2026-10-08,ANGO,159,PB_OWNERSHIP_BASIS_V2,3.433376745594845,OK,,3.433376745594845,OK,170825000.0,2026-Q4,2026-10-07,2026-Q4,2026-07-14,PROVIDER_FILING_DATE_PROXY,EXISTING_UNREVIEWED_COMMON_RULE,3.145,2026-07-14,4,4,,,
2026-10-08,ANIP,160,PB_OWNERSHIP_BASIS_V2,2.7666179285915136,OK,,2.7666179285915136,OK,597212000.0,2026-Q2,2026-10-07,2026-Q2,2026-08-07,PROVIDER_FILING_DATE_PROXY,EXISTING_UNREVIEWED_COMMON_RULE,3.01,2026-08-07,4,4,,,
2026-10-08,ANNX,161,PB_OWNERSHIP_BASIS_V2,4.085823309190106,OK,,4.085823309190106,OK,186061000.0,2026-Q2,2026-10-07,2026-Q2,2026-08-12,PROVIDER_FILING_DATE_PROXY,EXISTING_UNREVIEWED_COMMON_RULE,5.431,2026-08-12,4,4,,,
2026-10-08,ANRO,162,PB_OWNERSHIP_BASIS_V2,4.2097081585029335,OK,,4.2097081585029335,OK,219249000.0,2026-Q2,2026-10-07,2026-Q2,2026-08-12,PROVIDER_FILING_DATE_PROXY,EXISTING_UNREVIEWED_COMMON_RULE,5.223,2026-08-12,4,4,,,
2026-10-08,ANTX,163,PB_OWNERSHIP_BASIS_V2,2.410673540274654,OK,,2.410673540274654,OK,75921000.0,2026-Q2,2026-10-07,2026-Q2,2026-08-11,PROVIDER_FILING_DATE_PROXY,EXISTING_UNREVIEWED_COMMON_RULE,2.918,2026-08-11,4,4,,,
2026-10-08,ANVS,164,PB_OWNERSHIP_BASIS_V2,,NEGATIVE_EQUITY,,,NEGATIVE_EQUITY,-4254618.0,2026-Q2,2026-10-07,2026-Q2,2026-08-14,PROVIDER_FILING_DATE_PROXY,HELD,,2026-08-14,3,4,,,
2026-10-08,AORT,165,PB_OWNERSHIP_BASIS_V2,2.3645813157274946,OK,,2.3645813157274946,OK,445585000.0,2026-Q2,2026-10-07,2026-Q2,2026-08-07,PROVIDER_FILING_DATE_PROXY,EXISTING_UNREVIEWED_COMMON_RULE,2.967,2026-08-07,4,4,,,
2026-10-08,AOS,166,PB_OWNERSHIP_BASIS_V2,,OWNERSHIP_BASIS_UNVERIFIED,,,OWNERSHIP_BASIS_UNVERIFIED,1841900000.0,2026-Q2,2026-10-07,2026-Q2,2026-07-30,PROVIDER_FILING_DATE_PROXY,HELD,4.413,2026-07-30,4,4,,,
2026-10-08,AOSL,167,PB_OWNERSHIP_BASIS_V2,1.1088851991339854,OK,,1.1088851991339854,OK,797901000.0,2026-Q4,2026-10-07,2026-Q4,2026-08-27,PROVIDER_FILING_DATE_PROXY,EXISTING_UNREVIEWED_COMMON_RULE,0.995,2026-08-27,4,4,,,
2026-10-08,APA,168,PB_OWNERSHIP_BASIS_V2,2.186141594393189,OK,,2.186141594393189,OK,7021000000.0,2026-Q2,2026-10-07,2026-Q2,2026-08-06,PROVIDER_FILING_DATE_PROXY,EXISTING_UNREVIEWED_COMMON_RULE,1.823,2026-08-06,4,4,,,
2026-10-08,APD,169,PB_OWNERSHIP_BASIS_V2,4.460831941994865,OK,,4.460831941994865,OK,13883800000.0,2026-Q3,2026-10-07,2026-Q3,2026-07-30,PROVIDER_FILING_DATE_PROXY,EXISTING_UNREVIEWED_COMMON_RULE,4.815,2026-07-30,4,4,,,
2026-10-08,APEI,170,PB_OWNERSHIP_BASIS_V2,2.683544837997659,OK,,2.683544837997659,OK,314057000.0,2026-Q2,2026-10-07,2026-Q2,2026-08-10,PROVIDER_FILING_DATE_PROXY,EXISTING_UNREVIEWED_COMMON_RULE,2.762,2026-08-10,4,4,,,
2026-10-08,APG,171,PB_OWNERSHIP_BASIS_V2,4.942310906346823,OK,,4.942310906346823,OK,3516000000.0,2026-Q2,2026-10-07,2026-Q2,2026-07-30,PROVIDER_FILING_DATE_PROXY,EXISTING_UNREVIEWED_COMMON_RULE,4.818,2026-07-30,4,4,,,
2026-10-08,APGE,172,PB_OWNERSHIP_BASIS_V2,,STALE_PRICE,,,STALE_PRICE,1194604000.0,2026-Q2,2026-09-03,2026-Q2,2026-08-10,PROVIDER_FILING_DATE_PROXY,HELD,8.531,2026-08-10,4,4,,,
2026-10-08,APH,173,PB_OWNERSHIP_BASIS_V2,13.936288753016719,OK,,13.936288753016719,OK,15491600000.0,2026-Q2,2026-10-07,2026-Q2,2026-07-31,PROVIDER_FILING_DATE_PROXY,EXISTING_UNREVIEWED_COMMON_RULE,12.79,2026-07-31,4,4,,,
2026-10-08,APLD,174,PB_OWNERSHIP_BASIS_V2,4.040743160928421,OK,,4.040743160928421,OK,1717476000.0,2026-Q4,2026-10-07,2026-Q4,2026-07-29,PROVIDER_FILING_DATE_PROXY,EXISTING_UNREVIEWED_COMMON_RULE,3.941,2026-07-29,4,4,,,
2026-10-08,APLE,175,PB_OWNERSHIP_BASIS_V2,1.2056518186692902,OK,,1.2056518186692902,OK,3140846000.0,2026-Q2,2026-10-07,2026-Q2,2026-08-05,PROVIDER_FILING_DATE_PROXY,EXISTING_UNREVIEWED_COMMON_RULE,1.244,2026-08-05,4,4,,,
2026-10-08,APOG,176,PB_OWNERSHIP_BASIS_V2,1.6755151255656446,OK,,1.6755151255656446,OK,512019000.0,2027-Q1,2026-10-07,2027-Q1,2026-06-30,PROVIDER_FILING_DATE_PROXY,EXISTING_UNREVIEWED_COMMON_RULE,1.864,2026-06-30,4,4,,,
2026-10-08,APP,177,PB_OWNERSHIP_BASIS_V2,29.76083037504921,OK,,29.76083037504921,OK,3163016000.0,2026-Q2,2026-10-07,2026-Q2,2026-08-05,PROVIDER_FILING_DATE_PROXY,EXISTING_UNREVIEWED_COMMON_RULE,44.204,2026-08-05,4,4,,,
2026-10-08,APPF,178,PB_OWNERSHIP_BASIS_V2,13.258939521029747,OK,,13.258939521029747,OK,526142000.0,2026-Q2,2026-10-07,2026-Q2,2026-07-23,PROVIDER_FILING_DATE_PROXY,EXISTING_UNREVIEWED_COMMON_RULE,11.036,2026-07-23,4,4,,,
2026-10-08,APPN,179,PB_OWNERSHIP_BASIS_V2,,NEGATIVE_EQUITY,,,NEGATIVE_EQUITY,-105181000.0,2026-Q2,2026-10-07,2026-Q2,2026-08-06,PROVIDER_FILING_DATE_PROXY,HELD,,2026-08-06,0,4,,,
2026-10-08,APPS,180,PB_OWNERSHIP_BASIS_V2,6.7495107420521885,OK,,6.7495107420521885,OK,190592000.0,2027-Q1,2026-10-07,2027-Q1,2026-08-05,PROVIDER_FILING_DATE_PROXY,EXISTING_UNREVIEWED_COMMON_RULE,8.362,2026-08-05,4,4,,,
2026-10-08,APTV,181,PB_OWNERSHIP_BASIS_V2,1.0489599166318584,OK,,,OWNERSHIP_REVIEW_STALE,8753000000.0,2026-Q2,2026-10-07,2026-Q2,2026-07-31,OFFICIAL_COVER,OPERATOR_CONFIRMED_QUARTER,1.132,2026-08-04,4,4,IDENTITY_OVERRIDE,,247b64c3ee8b424febbf7e1beaec319d3bdf78cba0b1e9d6a92daf8162cd67c8
2026-10-08,APVO,182,PB_OWNERSHIP_BASIS_V2,0.5488536434608902,OK,LARGE_ENDPOINT_VS_AVERAGE_SHARE_DIFFERENCE,0.5488536434608902,OK,6041000.0,2026-Q2,2026-10-07,2026-Q2,2026-08-14,PROVIDER_FILING_DATE_PROXY,EXISTING_UNREVIEWED_COMMON_RULE,0.877,2026-08-14,4,4,,,
2026-10-08,AQB,183,PB_OWNERSHIP_BASIS_V2,1.6916037292076496,OK,,1.6916037292076496,OK,2811543.0,2026-Q2,2026-10-07,2026-Q2,2026-08-06,PROVIDER_FILING_DATE_PROXY,EXISTING_UNREVIEWED_COMMON_RULE,1.959,2026-08-06,2,4,,,
2026-10-08,AQMS,184,PB_OWNERSHIP_BASIS_V2,0.7515946774412928,OK,,0.7515946774412928,OK,9530000.0,2026-Q2,2026-10-07,2026-Q2,2026-07-30,PROVIDER_FILING_DATE_PROXY,EXISTING_UNREVIEWED_COMMON_RULE,1.069,2026-07-30,4,4,,,
2026-10-08,AQST,185,PB_OWNERSHIP_BASIS_V2,,NEGATIVE_EQUITY,,,NEGATIVE_EQUITY,-56586000.0,2026-Q2,2026-10-07,2026-Q2,2026-08-11,PROVIDER_FILING_DATE_PROXY,HELD,,2026-08-11,0,4,,,
2026-10-08,AR,186,PB_OWNERSHIP_BASIS_V2,1.3148650568819984,OK,,1.3148650568819984,OK,8316903000.0,2026-Q2,2026-10-07,2026-Q2,2026-07-29,PROVIDER_FILING_DATE_PROXY,EXISTING_UNREVIEWED_COMMON_RULE,1.299,2026-07-29,4,4,,,
2026-10-08,ARAY,187,PB_OWNERSHIP_BASIS_V2,0.7160801637928967,OK,,0.7160801637928967,OK,41699000.0,2026-Q4,2026-10-07,2026-Q4,2026-08-27,PROVIDER_FILING_DATE_PROXY,EXISTING_UNREVIEWED_COMMON_RULE,0.745,2026-08-27,4,4,,,
2026-10-08,ARCB,188,PB_OWNERSHIP_BASIS_V2,2.2370874116296218,OK,,2.2370874116296218,OK,1267593000.0,2026-Q2,2026-10-07,2026-Q2,2026-07-30,PROVIDER_FILING_DATE_PROXY,EXISTING_UNREVIEWED_COMMON_RULE,2.505,2026-07-30,4,4,,,
2026-10-08,ARCT,189,PB_OWNERSHIP_BASIS_V2,2.112605956306158,OK,,2.112605956306158,OK,171808000.0,2026-Q2,2026-10-07,2026-Q2,2026-08-06,PROVIDER_FILING_DATE_PROXY,EXISTING_UNREVIEWED_COMMON_RULE,1.006,2026-08-06,4,4,,,
2026-10-08,ARDX,190,PB_OWNERSHIP_BASIS_V2,5.451547733040488,OK,,5.451547733040488,OK,149013000.0,2026-Q2,2026-10-07,2026-Q2,2026-08-06,PROVIDER_FILING_DATE_PROXY,EXISTING_UNREVIEWED_COMMON_RULE,8.144,2026-08-06,4,4,,,
2026-10-08,ARE,191,PB_OWNERSHIP_BASIS_V2,,OWNERSHIP_BASIS_UNVERIFIED,,,OWNERSHIP_BASIS_UNVERIFIED,15553976000.0,2026-Q2,2026-10-07,2026-Q2,2026-08-03,PROVIDER_FILING_DATE_PROXY,HELD,0.594,2026-08-03,4,4,,,
2026-10-08,AREB,192,PB_OWNERSHIP_BASIS_V2,,STALE_EQUITY,LARGE_ENDPOINT_VS_AVERAGE_SHARE_DIFFERENCE;HISTORICAL_PRICE_MISMATCH,,STALE_EQUITY,4381771.0,2025-Q4,2026-10-07,2025-Q4,2026-03-31,PROVIDER_FILING_DATE_PROXY,HELD,0.34,2026-03-31,2,4,,,
2026-10-08,AREC,193,PB_OWNERSHIP_BASIS_V2,1.8397180303575091,OK,,1.8397180303575091,OK,94777118.0,2025-Q4,2026-10-07,2025-Q4,2026-05-20,PROVIDER_FILING_DATE_PROXY,EXISTING_UNREVIEWED_COMMON_RULE,2.415,2026-05-20,1,4,,,
2026-10-08,ARHS,194,PB_OWNERSHIP_BASIS_V2,3.3614824889675017,OK,,3.3614824889675017,OK,414947000.0,2026-Q2,2026-10-07,2026-Q2,2026-08-06,PROVIDER_FILING_DATE_PROXY,EXISTING_UNREVIEWED_COMMON_RULE,3.307,2026-08-06,4,4,,,
2026-10-08,ARKO,195,PB_OWNERSHIP_BASIS_V2,,OWNERSHIP_BASIS_UNVERIFIED,,,OWNERSHIP_BASIS_UNVERIFIED,402092000.0,2026-Q2,2026-10-07,2026-Q2,2026-08-07,PROVIDER_FILING_DATE_PROXY,HELD,1.579,2026-08-07,4,4,,,
2026-10-08,ARLO,196,PB_OWNERSHIP_BASIS_V2,8.112152419330648,OK,,8.112152419330648,OK,158525000.0,2026-Q2,2026-10-07,2026-Q2,2026-08-06,PROVIDER_FILING_DATE_PROXY,EXISTING_UNREVIEWED_COMMON_RULE,10.502,2026-08-06,4,4,,,
2026-10-08,ARLP,197,PB_OWNERSHIP_BASIS_V2,1.7891400012885386,OK,,1.7891400012885386,OK,1769010000.0,2026-Q2,2026-10-07,2026-Q2,2026-08-06,PROVIDER_FILING_DATE_PROXY,EXISTING_UNREVIEWED_COMMON_RULE,1.842,2026-08-06,4,4,,,
2026-10-08,ARMK,198,PB_OWNERSHIP_BASIS_V2,4.3044233189641785,OK,,4.3044233189641785,OK,3394206000.0,2026-Q3,2026-10-07,2026-Q3,2026-08-11,PROVIDER_FILING_DATE_PROXY,EXISTING_UNREVIEWED_COMMON_RULE,4.697,2026-08-11,4,4,,,
2026-10-08,AROC,199,PB_OWNERSHIP_BASIS_V2,3.3992068921912395,OK,,3.3992068921912395,OK,1552105000.0,2026-Q2,2026-10-07,2026-Q2,2026-08-05,PROVIDER_FILING_DATE_PROXY,EXISTING_UNREVIEWED_COMMON_RULE,3.833,2026-08-05,4,4,,,
2026-10-08,ARQ,200,PB_OWNERSHIP_BASIS_V2,0.5321594097510088,OK,,0.5321594097510088,OK,168221000.0,2026-Q2,2026-10-07,2026-Q2,2026-08-10,PROVIDER_FILING_DATE_PROXY,EXISTING_UNREVIEWED_COMMON_RULE,0.537,2026-08-10,4,4,,,
2026-10-08,ARQT,201,PB_OWNERSHIP_BASIS_V2,13.772728623121584,OK,,13.772728623121584,OK,220579000.0,2026-Q2,2026-10-07,2026-Q2,2026-08-05,PROVIDER_FILING_DATE_PROXY,EXISTING_UNREVIEWED_COMMON_RULE,15.442,2026-08-05,4,4,,,
2026-10-08,ARRY,202,PB_OWNERSHIP_BASIS_V2,,NEGATIVE_EQUITY,,,NEGATIVE_EQUITY,-202080000.0,2026-Q2,2026-10-07,2026-Q2,2026-08-05,PROVIDER_FILING_DATE_PROXY,HELD,,2026-08-05,0,4,,,
2026-10-08,ARTL,203,PB_OWNERSHIP_BASIS_V2,,OWNERSHIP_BASIS_UNVERIFIED,LARGE_ENDPOINT_VS_AVERAGE_SHARE_DIFFERENCE;HISTORICAL_PRICE_CORROBORATION_UNAVAILABLE,,OWNERSHIP_BASIS_UNVERIFIED,4997000.0,2026-Q2,2026-10-07,2026-Q2,2026-08-12,PROVIDER_FILING_DATE_PROXY,HELD,0.674,2026-08-12,2,4,,,
2026-10-08,ARVN,204,PB_OWNERSHIP_BASIS_V2,0.8664658670910242,OK,,0.8664658670910242,OK,562200000.0,2026-Q2,2026-10-07,2026-Q2,2026-08-04,PROVIDER_FILING_DATE_PROXY,EXISTING_UNREVIEWED_COMMON_RULE,1.047,2026-08-04,4,4,,,
2026-10-08,ARW,205,PB_OWNERSHIP_BASIS_V2,1.6859033529611869,OK,,1.6859033529611869,OK,7005181000.0,2026-Q2,2026-10-07,2026-Q2,2026-08-06,PROVIDER_FILING_DATE_PROXY,EXISTING_UNREVIEWED_COMMON_RULE,1.615,2026-08-06,4,4,,,
2026-10-08,ARWR,206,PB_OWNERSHIP_BASIS_V2,18.654744530413435,OK,,18.654744530413435,OK,465529000.0,2026-Q3,2026-10-07,2026-Q3,2026-08-04,PROVIDER_FILING_DATE_PROXY,EXISTING_UNREVIEWED_COMMON_RULE,27.184,2026-08-04,4,4,,,
2026-10-08,ASAN,207,PB_OWNERSHIP_BASIS_V2,20.477662396029316,OK,,20.477662396029316,OK,104323000.0,2027-Q2,2026-10-07,2027-Q2,2026-09-03,PROVIDER_FILING_DATE_PROXY,EXISTING_UNREVIEWED_COMMON_RULE,22.146,2026-09-03,4,4,,,
2026-10-08,ASH,208,PB_OWNERSHIP_BASIS_V2,,OWNERSHIP_BASIS_UNVERIFIED,,,OWNERSHIP_BASIS_UNVERIFIED,1870000000.0,2026-Q3,2026-10-07,2026-Q3,2026-07-29,PROVIDER_FILING_DATE_PROXY,HELD,1.784,2026-07-29,4,4,,,
2026-10-08,ASIX,209,PB_OWNERSHIP_BASIS_V2,0.5638009197499648,OK,,0.5638009197499648,OK,796912000.0,2026-Q2,2026-10-07,2026-Q2,2026-08-07,PROVIDER_FILING_DATE_PROXY,EXISTING_UNREVIEWED_COMMON_RULE,0.558,2026-08-07,4,4,,,
2026-10-08,ASLE,210,PB_OWNERSHIP_BASIS_V2,,OWNERSHIP_BASIS_UNVERIFIED,,,OWNERSHIP_BASIS_UNVERIFIED,418668000.0,2026-Q2,2026-10-07,2026-Q2,2026-08-07,PROVIDER_FILING_DATE_PROXY,HELD,0.673,2026-08-07,4,4,,,
2026-10-08,ASO,211,PB_OWNERSHIP_BASIS_V2,,MISSING_EQUITY,,,MISSING_EQUITY,,2027-Q2,2026-10-07,2027-Q2,2026-09-09,PROVIDER_FILING_DATE_PROXY,HELD,,2026-09-09,0,4,,,
2026-10-08,ASPI,212,PB_OWNERSHIP_BASIS_V2,1.6565032347557587,OK,,1.6565032347557587,OK,264693000.0,2026-Q2,2026-10-07,2026-Q2,2026-08-14,PROVIDER_FILING_DATE_PROXY,EXISTING_UNREVIEWED_COMMON_RULE,2.473,2026-08-14,4,4,,,
2026-10-08,ASPN,213,PB_OWNERSHIP_BASIS_V2,2.4922982024167752,OK,,2.4922982024167752,OK,192463000.0,2026-Q2,2026-10-07,2026-Q2,2026-08-07,PROVIDER_FILING_DATE_PROXY,EXISTING_UNREVIEWED_COMMON_RULE,2.695,2026-08-07,4,4,,,
2026-10-08,ASTE,214,PB_OWNERSHIP_BASIS_V2,1.3101503685816962,OK,,1.3101503685816962,OK,689100000.0,2026-Q2,2026-10-07,2026-Q2,2026-08-05,PROVIDER_FILING_DATE_PROXY,EXISTING_UNREVIEWED_COMMON_RULE,1.505,2026-08-05,4,4,,,
2026-10-08,ASTH,215,PB_OWNERSHIP_BASIS_V2,2.4933974270808026,OK,,2.4933974270808026,OK,830224000.0,2026-Q2,2026-10-07,2026-Q2,2026-08-10,PROVIDER_FILING_DATE_PROXY,EXISTING_UNREVIEWED_COMMON_RULE,2.516,2026-08-10,4,4,,,
2026-10-08,ASTI,216,PB_OWNERSHIP_BASIS_V2,1.562138478376489,OK,,1.562138478376489,OK,15270047.0,2026-Q2,2026-10-07,2026-Q2,2026-08-06,PROVIDER_FILING_DATE_PROXY,EXISTING_UNREVIEWED_COMMON_RULE,2.07,2026-08-06,4,4,,,
2026-10-08,ASTS,217,PB_OWNERSHIP_BASIS_V2,,OWNERSHIP_BASIS_UNVERIFIED,LARGE_ENDPOINT_VS_AVERAGE_SHARE_DIFFERENCE,,OWNERSHIP_BASIS_UNVERIFIED,1894017000.0,2026-Q2,2026-10-07,2026-Q2,2026-08-10,PROVIDER_FILING_DATE_PROXY,HELD,14.128,2026-08-10,4,4,,,
2026-10-08,ATEC,218,PB_OWNERSHIP_BASIS_V2,,NEGATIVE_EQUITY,,,NEGATIVE_EQUITY,-12069000.0,2026-Q2,2026-10-07,2026-Q2,2026-08-04,PROVIDER_FILING_DATE_PROXY,HELD,,2026-08-04,2,4,,,
2026-10-08,ATEN,219,PB_OWNERSHIP_BASIS_V2,8.69907131829289,OK,,8.69907131829289,OK,237966000.0,2026-Q2,2026-10-07,2026-Q2,2026-08-06,PROVIDER_FILING_DATE_PROXY,EXISTING_UNREVIEWED_COMMON_RULE,8.421,2026-08-06,4,4,,,
2026-10-08,ATER,220,PB_OWNERSHIP_BASIS_V2,0.8702165704083925,OK,LARGE_ENDPOINT_VS_AVERAGE_SHARE_DIFFERENCE,0.8702165704083925,OK,12615000.0,2026-Q2,2026-10-07,2026-Q2,2026-08-14,PROVIDER_FILING_DATE_PROXY,EXISTING_UNREVIEWED_COMMON_RULE,0.712,2026-08-14,4,4,,,
2026-10-08,ATEX,221,PB_OWNERSHIP_BASIS_V2,5.570174438457181,OK,,5.570174438457181,OK,285794000.0,2027-Q1,2026-10-07,2027-Q1,2026-08-11,PROVIDER_FILING_DATE_PROXY,EXISTING_UNREVIEWED_COMMON_RULE,6.377,2026-08-11,4,4,,,
2026-10-08,ATI,222,PB_OWNERSHIP_BASIS_V2,13.727327272455494,OK,,13.727327272455494,OK,1876700000.0,2026-Q2,2026-10-07,2026-Q2,2026-08-06,PROVIDER_FILING_DATE_PROXY,EXISTING_UNREVIEWED_COMMON_RULE,16.212,2026-08-06,4,4,,,
2026-10-08,ATKR,223,PB_OWNERSHIP_BASIS_V2,2.5099894266533083,OK,,2.5099894266533083,OK,1276231000.0,2026-Q3,2026-10-07,2026-Q3,2026-08-04,PROVIDER_FILING_DATE_PROXY,EXISTING_UNREVIEWED_COMMON_RULE,2.475,2026-08-04,4,4,,,
2026-10-08,ATLX,224,PB_OWNERSHIP_BASIS_V2,1.5228583237779774,OK,,1.5228583237779774,OK,47436806.0,2026-Q2,2026-10-07,2026-Q2,2026-08-14,PROVIDER_FILING_DATE_PROXY,EXISTING_UNREVIEWED_COMMON_RULE,2.037,2026-08-14,4,4,,,
2026-10-08,ATMU,225,PB_OWNERSHIP_BASIS_V2,7.9155553300056605,OK,,7.9155553300056605,OK,454800000.0,2026-Q2,2026-10-07,2026-Q2,2026-08-07,PROVIDER_FILING_DATE_PROXY,EXISTING_UNREVIEWED_COMMON_RULE,9.18,2026-08-07,4,4,,,
2026-10-08,ATO,226,PB_OWNERSHIP_BASIS_V2,1.763308846885803,OK,,1.763308846885803,OK,15258058000.0,2026-Q3,2026-10-07,2026-Q3,2026-08-05,PROVIDER_FILING_DATE_PROXY,EXISTING_UNREVIEWED_COMMON_RULE,1.907,2026-08-05,4,4,,,
2026-10-08,ATOM,227,PB_OWNERSHIP_BASIS_V2,4.599731869832847,OK,,4.599731869832847,OK,37075000.0,2026-Q2,2026-10-07,2026-Q2,2026-08-06,PROVIDER_FILING_DATE_PROXY,EXISTING_UNREVIEWED_COMMON_RULE,5.594,2026-08-06,4,4,,,
2026-10-08,ATPC,228,PB_OWNERSHIP_BASIS_V2,0.09211282609066868,OK,,0.09211282609066868,OK,22051986.0,2026-Q2,2026-10-07,2026-Q2,2026-08-14,PROVIDER_FILING_DATE_PROXY,EXISTING_UNREVIEWED_COMMON_RULE,0.113,2026-08-14,4,4,,,
2026-10-08,ATR,229,PB_OWNERSHIP_BASIS_V2,2.9133264003950172,OK,,2.9133264003950172,OK,2628293000.0,2026-Q2,2026-10-07,2026-Q2,2026-07-31,PROVIDER_FILING_DATE_PROXY,EXISTING_UNREVIEWED_COMMON_RULE,3.241,2026-07-31,4,4,,,
2026-10-08,ATRA,230,PB_OWNERSHIP_BASIS_V2,,NEGATIVE_EQUITY,LARGE_ENDPOINT_VS_AVERAGE_SHARE_DIFFERENCE,,NEGATIVE_EQUITY,-36996000.0,2026-Q2,2026-10-07,2026-Q2,2026-08-12,PROVIDER_FILING_DATE_PROXY,HELD,,2026-08-12,0,4,,,
2026-10-08,ATRC,231,PB_OWNERSHIP_BASIS_V2,5.250791880058448,OK,,5.250791880058448,OK,516433000.0,2026-Q2,2026-10-07,2026-Q2,2026-07-27,PROVIDER_FILING_DATE_PROXY,EXISTING_UNREVIEWED_COMMON_RULE,3.681,2026-07-27,4,4,,,
2026-10-08,ATRO,232,PB_OWNERSHIP_BASIS_V2,,OWNERSHIP_BASIS_UNVERIFIED,,,OWNERSHIP_BASIS_UNVERIFIED,198220000.0,2026-Q2,2026-10-07,2026-Q2,2026-08-12,PROVIDER_FILING_DATE_PROXY,HELD,19.07,2026-08-12,4,4,,,
2026-10-08,AUID,233,PB_OWNERSHIP_BASIS_V2,2.979759400748771,OK,,2.979759400748771,OK,2042515.0,2026-Q2,2026-10-07,2026-Q2,2026-08-14,PROVIDER_FILING_DATE_PROXY,EXISTING_UNREVIEWED_COMMON_RULE,4.321,2026-08-14,4,4,,,
2026-10-08,AUPH,234,PB_OWNERSHIP_BASIS_V2,3.464423401163502,OK,,3.464423401163502,OK,614864000.0,2026-Q2,2026-10-07,2026-Q2,2026-08-06,PROVIDER_FILING_DATE_PROXY,EXISTING_UNREVIEWED_COMMON_RULE,3.49,2026-08-06,4,4,,,
2026-10-08,AUR,235,PB_OWNERSHIP_BASIS_V2,,OWNERSHIP_BASIS_UNVERIFIED,,,OWNERSHIP_BASIS_UNVERIFIED,1953000000.0,2026-Q2,2026-10-07,2026-Q2,2026-07-29,PROVIDER_FILING_DATE_PROXY,HELD,6.137,2026-07-29,4,4,,,
2026-10-08,AURA,236,PB_OWNERSHIP_BASIS_V2,2.1249704856392344,OK,,2.1249704856392344,OK,315267000.0,2026-Q2,2026-10-07,2026-Q2,2026-08-11,PROVIDER_FILING_DATE_PROXY,EXISTING_UNREVIEWED_COMMON_RULE,2.645,2026-08-11,4,4,,,
2026-10-08,AUTL,237,PB_OWNERSHIP_BASIS_V2,6.4372076346564935,OK,,6.4372076346564935,OK,74839000.0,2026-Q2,2026-10-07,2026-Q2,2026-08-11,PROVIDER_FILING_DATE_PROXY,EXISTING_UNREVIEWED_COMMON_RULE,8.287,2026-08-11,4,4,,,
2026-10-08,AUUD,238,PB_OWNERSHIP_BASIS_V2,,OWNERSHIP_BASIS_UNVERIFIED,LARGE_ENDPOINT_VS_AVERAGE_SHARE_DIFFERENCE,,OWNERSHIP_BASIS_UNVERIFIED,10689369.0,2026-Q2,2026-10-07,2026-Q2,2026-08-14,PROVIDER_FILING_DATE_PROXY,HELD,0.554,2026-08-14,4,4,,,
2026-10-08,AVA,239,PB_OWNERSHIP_BASIS_V2,1.0459454670545896,OK,,1.0459454670545896,OK,2821000000.0,2026-Q2,2026-10-07,2026-Q2,2026-08-03,PROVIDER_FILING_DATE_PROXY,EXISTING_UNREVIEWED_COMMON_RULE,1.174,2026-08-03,4,4,,,
2026-10-08,AVAH,240,PB_OWNERSHIP_BASIS_V2,9.350851440695317,OK,,9.350851440695317,OK,287277000.0,2026-Q2,2026-10-07,2026-Q2,2026-08-13,PROVIDER_FILING_DATE_PROXY,EXISTING_UNREVIEWED_COMMON_RULE,8.576,2026-08-13,4,4,,,
2026-10-08,AVAV,241,PB_OWNERSHIP_BASIS_V2,,MISSING_EQUITY,,,MISSING_EQUITY,,2027-Q1,2026-10-07,2027-Q1,2026-09-10,PROVIDER_FILING_DATE_PROXY,HELD,,2026-09-10,0,4,,,
2026-10-08,AVB,242,PB_OWNERSHIP_BASIS_V2,,STALE_PRICE,HISTORICAL_PRICE_MISMATCH,,STALE_PRICE,12022411000.0,2026-Q2,2026-08-24,2026-Q2,2026-07-30,PROVIDER_FILING_DATE_PROXY,HELD,2.23,2026-07-30,4,4,,,
2026-10-08,AVBP,243,PB_OWNERSHIP_BASIS_V2,2.2702138330092616,OK,,2.2702138330092616,OK,366841000.0,2026-Q2,2026-10-07,2026-Q2,2026-08-12,PROVIDER_FILING_DATE_PROXY,EXISTING_UNREVIEWED_COMMON_RULE,4.229,2026-08-12,4,4,,,
2026-10-08,AVD,244,PB_OWNERSHIP_BASIS_V2,0.27811299511739984,OK,,0.27811299511739984,OK,181387000.0,2026-Q2,2026-10-07,2026-Q2,2026-08-10,PROVIDER_FILING_DATE_PROXY,EXISTING_UNREVIEWED_COMMON_RULE,0.372,2026-08-10,4,4,,,
2026-10-08,AVGO,245,PB_OWNERSHIP_BASIS_V2,,MISSING_EQUITY,,,MISSING_EQUITY,,2026-Q3,2026-10-07,2026-Q3,2026-09-10,PROVIDER_FILING_DATE_PROXY,HELD,,2026-09-10,0,4,,,
2026-10-08,AVIR,246,PB_OWNERSHIP_BASIS_V2,1.9682087419910008,OK,,1.9682087419910008,OK,204158000.0,2026-Q2,2026-10-07,2026-Q2,2026-08-12,PROVIDER_FILING_DATE_PROXY,EXISTING_UNREVIEWED_COMMON_RULE,1.988,2026-08-12,4,4,,,
2026-10-08,AVNT,247,PB_OWNERSHIP_BASIS_V2,1.5431497189051664,OK,,1.5431497189051664,OK,2436900000.0,2026-Q2,2026-10-07,2026-Q2,2026-08-06,PROVIDER_FILING_DATE_PROXY,EXISTING_UNREVIEWED_COMMON_RULE,1.605,2026-08-06,4,4,,,
2026-10-08,AVNW,248,PB_OWNERSHIP_BASIS_V2,0.9977413897159179,OK,,0.9977413897159179,OK,267388000.0,2026-Q4,2026-10-07,2026-Q4,2026-08-27,PROVIDER_FILING_DATE_PROXY,EXISTING_UNREVIEWED_COMMON_RULE,1.026,2026-08-27,4,4,,,
2026-10-08,AVO,249,PB_OWNERSHIP_BASIS_V2,1.4356765106125577,OK,,1.4356765106125577,OK,764000000.0,2026-Q3,2026-10-07,2026-Q3,2026-09-08,PROVIDER_FILING_DATE_PROXY,EXISTING_UNREVIEWED_COMMON_RULE,1.477,2026-09-08,4,4,,,
2026-10-08,AVPT,250,PB_OWNERSHIP_BASIS_V2,,OWNERSHIP_BASIS_UNVERIFIED,,,OWNERSHIP_BASIS_UNVERIFIED,436874000.0,2026-Q2,2026-10-07,2026-Q2,2026-08-06,PROVIDER_FILING_DATE_PROXY,HELD,6.194,2026-08-06,4,4,,,
2026-10-08,AVT,251,PB_OWNERSHIP_BASIS_V2,1.6754479662198825,OK,,1.6754479662198825,OK,5022503000.0,2026-Q4,2026-10-07,2026-Q4,2026-08-14,PROVIDER_FILING_DATE_PROXY,EXISTING_UNREVIEWED_COMMON_RULE,1.564,2026-08-14,4,4,,,
2026-10-08,AVTR,252,PB_OWNERSHIP_BASIS_V2,,OWNERSHIP_BASIS_UNVERIFIED,,,OWNERSHIP_BASIS_UNVERIFIED,5630200000.0,2026-Q2,2026-10-07,2026-Q2,2026-07-29,PROVIDER_FILING_DATE_PROXY,HELD,1.727,2026-07-29,4,4,,,
2026-10-08,AVTX,253,PB_OWNERSHIP_BASIS_V2,,OWNERSHIP_BASIS_UNVERIFIED,,,OWNERSHIP_BASIS_UNVERIFIED,448660000.0,2026-Q2,2026-10-07,2026-Q2,2026-08-06,PROVIDER_FILING_DATE_PROXY,HELD,2.235,2026-08-06,4,4,,,
2026-10-08,AVXL,254,PB_OWNERSHIP_BASIS_V2,1.26127122651491,OK,,1.26127122651491,OK,112447000.0,2026-Q3,2026-10-07,2026-Q3,2026-08-28,PROVIDER_FILING_DATE_PROXY,EXISTING_UNREVIEWED_COMMON_RULE,2.465,2026-08-28,4,4,,,
2026-10-08,AVY,255,PB_OWNERSHIP_BASIS_V2,5.447884519655081,OK,,5.447884519655081,OK,2322800000.0,2026-Q2,2026-10-07,2026-Q2,2026-08-04,PROVIDER_FILING_DATE_PROXY,EXISTING_UNREVIEWED_COMMON_RULE,5.654,2026-08-04,4,4,,,
2026-10-08,AWI,256,PB_OWNERSHIP_BASIS_V2,7.757663944206923,OK,HISTORICAL_OHLC_INCOMPLETE,7.757663944206923,OK,884300000.0,2026-Q2,2026-10-07,2026-Q2,2026-07-28,PROVIDER_FILING_DATE_PROXY,EXISTING_UNREVIEWED_COMMON_RULE,8.538,2026-07-28,4,4,,,
2026-10-08,AWK,257,PB_OWNERSHIP_BASIS_V2,2.170089847663483,OK,,2.170089847663483,OK,11665000000.0,2026-Q2,2026-10-07,2026-Q2,2026-07-29,PROVIDER_FILING_DATE_PROXY,EXISTING_UNREVIEWED_COMMON_RULE,2.353,2026-07-29,4,4,,,
2026-10-08,AWR,258,PB_OWNERSHIP_BASIS_V2,2.8789796141460395,OK,,2.8789796141460395,OK,1121480000.0,2026-Q2,2026-10-07,2026-Q2,2026-08-05,PROVIDER_FILING_DATE_PROXY,EXISTING_UNREVIEWED_COMMON_RULE,3.002,2026-08-05,4,4,,,
2026-10-08,AXGN,259,PB_OWNERSHIP_BASIS_V2,7.561022636416313,OK,,7.561022636416313,OK,256257000.0,2026-Q2,2026-10-07,2026-Q2,2026-07-29,PROVIDER_FILING_DATE_PROXY,EXISTING_UNREVIEWED_COMMON_RULE,8.679,2026-07-29,4,4,,,
2026-10-08,AXON,260,PB_OWNERSHIP_BASIS_V2,8.975930978515116,OK,,8.975930978515116,OK,3674537000.0,2026-Q2,2026-10-07,2026-Q2,2026-08-06,PROVIDER_FILING_DATE_PROXY,EXISTING_UNREVIEWED_COMMON_RULE,11.551,2026-08-06,4,4,,,
2026-10-08,AXSM,261,PB_OWNERSHIP_BASIS_V2,108.76200606695271,OK,,108.76200606695271,OK,83304000.0,2026-Q2,2026-10-07,2026-Q2,2026-08-10,PROVIDER_FILING_DATE_PROXY,EXISTING_UNREVIEWED_COMMON_RULE,138.894,2026-08-10,4,4,,,
2026-10-08,AXTA,262,PB_OWNERSHIP_BASIS_V2,2.782599483573021,OK,,2.782599483573021,OK,2522000000.0,2026-Q2,2026-10-07,2026-Q2,2026-07-29,PROVIDER_FILING_DATE_PROXY,EXISTING_UNREVIEWED_COMMON_RULE,2.956,2026-07-29,4,4,,,
2026-10-08,AXTI,263,PB_OWNERSHIP_BASIS_V2,5.8968105066913585,OK,,5.8968105066913585,OK,887274000.0,2026-Q2,2026-10-07,2026-Q2,2026-08-13,PROVIDER_FILING_DATE_PROXY,EXISTING_UNREVIEWED_COMMON_RULE,5.724,2026-08-13,4,4,,,
2026-10-08,AYI,264,PB_OWNERSHIP_BASIS_V2,3.153861978504848,OK,,3.153861978504848,OK,2851500000.0,2026-Q3,2026-10-07,2026-Q3,2026-06-25,PROVIDER_FILING_DATE_PROXY,EXISTING_UNREVIEWED_COMMON_RULE,3.773,2026-06-25,4,4,,,
2026-10-08,AYTU,265,PB_OWNERSHIP_BASIS_V2,,MISSING_EQUITY,HISTORICAL_PRICE_CORROBORATION_UNAVAILABLE,,MISSING_EQUITY,,2026-Q4,2026-10-07,2026-Q4,2026-09-22,PROVIDER_FILING_DATE_PROXY,HELD,,2026-09-22,0,4,,,
2026-10-08,AZO,266,PB_OWNERSHIP_BASIS_V2,,NEGATIVE_EQUITY,,,NEGATIVE_EQUITY,-2784552000.0,2026-Q3,2026-10-07,2026-Q3,2026-06-12,PROVIDER_FILING_DATE_PROXY,HELD,,2026-06-12,0,4,,,
2026-10-08,AZTA,267,PB_OWNERSHIP_BASIS_V2,1.0411582043861676,OK,,1.0411582043861676,OK,1510129000.0,2026-Q3,2026-10-07,2026-Q3,2026-08-06,PROVIDER_FILING_DATE_PROXY,EXISTING_UNREVIEWED_COMMON_RULE,0.892,2026-08-06,4,4,,,
2026-10-08,AZZ,268,PB_OWNERSHIP_BASIS_V2,3.0249274285067735,OK,,3.0249274285067735,OK,1376044000.0,2027-Q1,2026-10-07,2027-Q1,2026-07-08,PROVIDER_FILING_DATE_PROXY,EXISTING_UNREVIEWED_COMMON_RULE,3.136,2026-07-08,4,4,,,
2026-10-08,BA,269,PB_OWNERSHIP_BASIS_V2,24.400407861515234,OK,,,OWNERSHIP_REVIEW_STALE,6100000000.0,2026-Q2,2026-10-07,2026-Q2,2026-07-21,OFFICIAL_COVER,OPERATOR_CONFIRMED_QUARTER,28.707,2026-07-28,3,4,ORDINARY_COMMON,,46986c776d0fda4f5849aa8d68825f94af125742c0f77a64371ac0a36633afb6
2026-10-08,BAER,270,PB_OWNERSHIP_BASIS_V2,,NEGATIVE_EQUITY,,,NEGATIVE_EQUITY,-387092000.0,2026-Q2,2026-10-07,2026-Q2,2026-08-06,PROVIDER_FILING_DATE_PROXY,HELD,,2026-08-06,0,4,,,
2026-10-08,BAH,271,PB_OWNERSHIP_BASIS_V2,6.8738561472832655,OK,,6.8738561472832655,OK,1202000000.0,2027-Q1,2026-10-07,2027-Q1,2026-07-24,PROVIDER_FILING_DATE_PROXY,EXISTING_UNREVIEWED_COMMON_RULE,7.258,2026-07-24,4,4,,,
2026-10-08,BALL,272,PB_OWNERSHIP_BASIS_V2,2.647954897178632,OK,,2.647954897178632,OK,5746000000.0,2026-Q2,2026-10-07,2026-Q2,2026-08-04,PROVIDER_FILING_DATE_PROXY,EXISTING_UNREVIEWED_COMMON_RULE,2.937,2026-08-04,4,4,,,
2026-10-08,BAND,273,PB_OWNERSHIP_BASIS_V2,4.890433546665649,OK,,4.890433546665649,OK,378173000.0,2026-Q2,2026-10-07,2026-Q2,2026-07-29,PROVIDER_FILING_DATE_PROXY,EXISTING_UNREVIEWED_COMMON_RULE,3.144,2026-07-29,4,4,,,
2026-10-08,BATRK,274,PB_OWNERSHIP_BASIS_V2,,MISSING_EQUITY,HISTORICAL_PRICE_CORROBORATION_UNAVAILABLE,,MISSING_EQUITY,,None-None,2026-10-07,None-None,,PROVIDER_FILING_DATE_PROXY,HELD,,,0,0,,,
2026-10-08,BAX,275,PB_OWNERSHIP_BASIS_V2,1.9968407574987141,OK,,1.9968407574987141,OK,6206000000.0,2026-Q2,2026-10-07,2026-Q2,2026-07-30,PROVIDER_FILING_DATE_PROXY,EXISTING_UNREVIEWED_COMMON_RULE,2.228,2026-07-30,4,4,,,
2026-10-08,BB,276,PB_OWNERSHIP_BASIS_V2,,MISSING_EQUITY,,,MISSING_EQUITY,,2027-Q2,2026-10-07,2027-Q2,2026-09-24,PROVIDER_FILING_DATE_PROXY,HELD,,2026-09-24,0,4,,,
2026-10-08,BBAI,277,PB_OWNERSHIP_BASIS_V2,,OWNERSHIP_BASIS_UNVERIFIED,,,OWNERSHIP_BASIS_UNVERIFIED,770324000.0,2026-Q2,2026-10-07,2026-Q2,2026-07-30,PROVIDER_FILING_DATE_PROXY,HELD,1.762,2026-07-30,4,4,,,
2026-10-08,NXH,278,PB_OWNERSHIP_BASIS_V2,,OWNERSHIP_BASIS_UNVERIFIED,LARGE_ENDPOINT_VS_AVERAGE_SHARE_DIFFERENCE,,OWNERSHIP_BASIS_UNVERIFIED,214764000.0,2026-Q2,2026-10-07,2026-Q2,2026-08-04,PROVIDER_FILING_DATE_PROXY,HELD,2.468,2026-08-04,4,4,,,
2026-10-08,BBCP,279,PB_OWNERSHIP_BASIS_V2,,OWNERSHIP_BASIS_UNVERIFIED,,,OWNERSHIP_BASIS_UNVERIFIED,267854000.0,2026-Q3,2026-10-07,2026-Q3,2026-09-03,PROVIDER_FILING_DATE_PROXY,HELD,1.703,2026-09-03,4,4,,,
2026-10-08,BBIO,280,PB_OWNERSHIP_BASIS_V2,,NEGATIVE_EQUITY,,,NEGATIVE_EQUITY,-2515215000.0,2026-Q2,2026-10-07,2026-Q2,2026-08-10,PROVIDER_FILING_DATE_PROXY,HELD,,2026-08-10,0,4,,,
2026-10-08,BBLG,281,PB_OWNERSHIP_BASIS_V2,,OWNERSHIP_BASIS_UNVERIFIED,LARGE_ENDPOINT_VS_AVERAGE_SHARE_DIFFERENCE,,OWNERSHIP_BASIS_UNVERIFIED,3924650.0,2026-Q2,2026-10-07,2026-Q2,2026-08-14,PROVIDER_FILING_DATE_PROXY,HELD,0.46,2026-08-14,4,4,,,
2026-10-08,BBOT,282,PB_OWNERSHIP_BASIS_V2,0.8535723930637313,OK,,0.8535723930637313,OK,323112000.0,2026-Q2,2026-10-07,2026-Q2,2026-08-11,PROVIDER_FILING_DATE_PROXY,EXISTING_UNREVIEWED_COMMON_RULE,2.283,2026-08-11,4,4,,,
2026-10-08,BBSI,283,PB_OWNERSHIP_BASIS_V2,3.7605084499900503,OK,,3.7605084499900503,OK,203780000.0,2026-Q2,2026-10-07,2026-Q2,2026-08-06,PROVIDER_FILING_DATE_PROXY,EXISTING_UNREVIEWED_COMMON_RULE,3.935,2026-08-06,4,4,,,
2026-10-08,BBW,284,PB_OWNERSHIP_BASIS_V2,,MISSING_EQUITY,,,MISSING_EQUITY,,2027-Q2,2026-10-07,2027-Q2,2026-09-10,PROVIDER_FILING_DATE_PROXY,HELD,,2026-09-10,0,4,,,
2026-10-08,BBWI,285,PB_OWNERSHIP_BASIS_V2,,NEGATIVE_EQUITY,,,NEGATIVE_EQUITY,-1056000000.0,2027-Q2,2026-10-07,2027-Q2,2026-08-26,PROVIDER_FILING_DATE_PROXY,HELD,,2026-08-26,0,4,,,
2026-10-08,BBY,286,PB_OWNERSHIP_BASIS_V2,5.573630287707895,OK,,5.573630287707895,OK,3183000000.0,2027-Q2,2026-10-07,2027-Q2,2026-09-04,PROVIDER_FILING_DATE_PROXY,EXISTING_UNREVIEWED_COMMON_RULE,5.948,2026-09-04,4,4,,,
2026-10-08,BC,287,PB_OWNERSHIP_BASIS_V2,,OWNERSHIP_BASIS_UNVERIFIED,HISTORICAL_OHLC_INCOMPLETE,,OWNERSHIP_BASIS_UNVERIFIED,1678700000.0,2026-Q2,2026-10-07,2026-Q2,2026-08-05,PROVIDER_FILING_DATE_PROXY,HELD,3.226,2026-08-05,4,4,,,
2026-10-08,BCC,288,PB_OWNERSHIP_BASIS_V2,1.2560207393779466,OK,HISTORICAL_OHLC_INCOMPLETE,1.2560207393779466,OK,2025665000.0,2026-Q2,2026-10-07,2026-Q2,2026-08-03,PROVIDER_FILING_DATE_PROXY,EXISTING_UNREVIEWED_COMMON_RULE,1.43,2026-08-03,4,4,,,
2026-10-08,BCDA,289,PB_OWNERSHIP_BASIS_V2,,OWNERSHIP_BASIS_UNVERIFIED,LARGE_ENDPOINT_VS_AVERAGE_SHARE_DIFFERENCE,,OWNERSHIP_BASIS_UNVERIFIED,2700000.0,2026-Q2,2026-10-07,2026-Q2,2026-08-12,PROVIDER_FILING_DATE_PROXY,HELD,4.934,2026-08-12,3,4,,,
2026-10-08,BCO,290,PB_OWNERSHIP_BASIS_V2,,OWNERSHIP_BASIS_UNVERIFIED,,,OWNERSHIP_BASIS_UNVERIFIED,310500000.0,2026-Q2,2026-10-07,2026-Q2,2026-08-05,PROVIDER_FILING_DATE_PROXY,HELD,15.36,2026-08-05,4,4,,,
2026-10-08,BCPC,291,PB_OWNERSHIP_BASIS_V2,4.073181204958007,OK,,4.073181204958007,OK,1302378000.0,2026-Q2,2026-10-07,2026-Q2,2026-07-31,PROVIDER_FILING_DATE_PROXY,EXISTING_UNREVIEWED_COMMON_RULE,4.101,2026-07-31,4,4,,,
2026-10-08,BCRX,292,PB_OWNERSHIP_BASIS_V2,,NEGATIVE_EQUITY,,,NEGATIVE_EQUITY,-454289000.0,2026-Q2,2026-10-07,2026-Q2,2026-08-05,PROVIDER_FILING_DATE_PROXY,HELD,,2026-08-05,0,4,,,
2026-10-08,BCTX,293,PB_OWNERSHIP_BASIS_V2,,OWNERSHIP_BASIS_UNVERIFIED,,,OWNERSHIP_BASIS_UNVERIFIED,23408960.0,2026-Q3,2026-10-07,2026-Q3,2026-06-09,PROVIDER_FILING_DATE_PROXY,HELD,1.141,2026-06-09,4,4,,,
2026-10-08,BCYC,294,PB_OWNERSHIP_BASIS_V2,0.5116528209718828,OK,,0.5116528209718828,OK,510255000.0,2026-Q2,2026-10-07,2026-Q2,2026-07-30,PROVIDER_FILING_DATE_PROXY,EXISTING_UNREVIEWED_COMMON_RULE,0.55,2026-07-30,4,4,,,
2026-10-08,BDC,295,PB_OWNERSHIP_BASIS_V2,,OWNERSHIP_BASIS_UNVERIFIED,,,OWNERSHIP_BASIS_UNVERIFIED,1384554000.0,2026-Q2,2026-10-07,2026-Q2,2026-07-30,PROVIDER_FILING_DATE_PROXY,HELD,3.305,2026-07-30,4,4,,,
2026-10-08,BDN,296,PB_OWNERSHIP_BASIS_V2,,OWNERSHIP_BASIS_UNVERIFIED,,,OWNERSHIP_BASIS_UNVERIFIED,691182000.0,2026-Q2,2026-10-07,2026-Q2,2026-07-28,PROVIDER_FILING_DATE_PROXY,HELD,0.758,2026-07-28,4,4,,,
2026-10-08,BDSX,297,PB_OWNERSHIP_BASIS_V2,30.485623180772794,OK,,30.485623180772794,OK,9144000.0,2026-Q2,2026-10-07,2026-Q2,2026-08-05,PROVIDER_FILING_DATE_PROXY,EXISTING_UNREVIEWED_COMMON_RULE,26.285,2026-08-05,2,4,,,
2026-10-08,BDTX,298,PB_OWNERSHIP_BASIS_V2,1.094174891255657,OK,,1.094174891255657,OK,96091000.0,2026-Q2,2026-10-07,2026-Q2,2026-08-05,PROVIDER_FILING_DATE_PROXY,EXISTING_UNREVIEWED_COMMON_RULE,1.07,2026-08-05,4,4,,,
2026-10-08,BDX,299,PB_OWNERSHIP_BASIS_V2,,OWNERSHIP_BASIS_UNVERIFIED,,,OWNERSHIP_BASIS_UNVERIFIED,24416000000.0,2026-Q3,2026-10-07,2026-Q3,2026-08-06,PROVIDER_FILING_DATE_PROXY,HELD,1.975,2026-08-06,4,4,,,
2026-10-08,BE,300,PB_OWNERSHIP_BASIS_V2,53.22145134984855,OK,,53.22145134984855,OK,1611998000.0,2026-Q2,2026-10-07,2026-Q2,2026-07-28,PROVIDER_FILING_DATE_PROXY,EXISTING_UNREVIEWED_COMMON_RULE,30.483,2026-07-28,4,4,,,
2026-10-08,BEAM,301,PB_OWNERSHIP_BASIS_V2,2.3967911224510003,OK,,2.3967911224510003,OK,1067442000.0,2026-Q2,2026-10-07,2026-Q2,2026-08-04,PROVIDER_FILING_DATE_PROXY,EXISTING_UNREVIEWED_COMMON_RULE,2.743,2026-08-04,4,4,,,
2026-10-08,BEEM,302,PB_OWNERSHIP_BASIS_V2,,OWNERSHIP_BASIS_UNVERIFIED,,,OWNERSHIP_BASIS_UNVERIFIED,20256000.0,2026-Q2,2026-10-07,2026-Q2,2026-08-19,PROVIDER_FILING_DATE_PROXY,HELD,1.352,2026-08-19,4,4,,,
2026-10-08,BELFB,303,PB_OWNERSHIP_BASIS_V2,,MISSING_EQUITY,HISTORICAL_PRICE_CORROBORATION_UNAVAILABLE,,MISSING_EQUITY,,None-None,2026-10-07,None-None,,PROVIDER_FILING_DATE_PROXY,HELD,,,0,0,,,
2026-10-08,BFAM,304,PB_OWNERSHIP_BASIS_V2,3.445382313373859,OK,HISTORICAL_OHLC_INCOMPLETE,3.445382313373859,OK,943519000.0,2026-Q2,2026-10-07,2026-Q2,2026-08-06,PROVIDER_FILING_DATE_PROXY,EXISTING_UNREVIEWED_COMMON_RULE,3.813,2026-08-06,4,4,,,
2026-10-08,BFLY,305,PB_OWNERSHIP_BASIS_V2,,OWNERSHIP_BASIS_UNVERIFIED,,,OWNERSHIP_BASIS_UNVERIFIED,189400000.0,2026-Q2,2026-10-07,2026-Q2,2026-07-30,PROVIDER_FILING_DATE_PROXY,HELD,11.487,2026-07-30,4,4,,,
2026-10-08,BFRG,306,PB_OWNERSHIP_BASIS_V2,,OWNERSHIP_BASIS_UNVERIFIED,,,OWNERSHIP_BASIS_UNVERIFIED,6987262.0,2026-Q2,2026-10-07,2026-Q2,2026-08-14,PROVIDER_FILING_DATE_PROXY,HELD,1.508,2026-08-14,4,4,,,
2026-10-08,BG,307,PB_OWNERSHIP_BASIS_V2,1.2706380667047403,OK,,1.2706380667047403,OK,15953000000.0,2026-Q2,2026-10-07,2026-Q2,2026-07-29,PROVIDER_FILING_DATE_PROXY,EXISTING_UNREVIEWED_COMMON_RULE,1.298,2026-07-29,4,4,,,
2026-10-08,BGLC,308,PB_OWNERSHIP_BASIS_V2,0.5053470062403487,OK,,0.5053470062403487,OK,7778442.0,2026-Q2,2026-10-07,2026-Q2,2026-08-14,PROVIDER_FILING_DATE_PROXY,EXISTING_UNREVIEWED_COMMON_RULE,0.592,2026-08-14,4,4,,,
2026-10-08,BGMS,309,PB_OWNERSHIP_BASIS_V2,,OWNERSHIP_BASIS_UNVERIFIED,,,OWNERSHIP_BASIS_UNVERIFIED,7160000.0,2026-Q2,2026-10-07,2026-Q2,2026-08-14,PROVIDER_FILING_DATE_PROXY,HELD,0.851,2026-08-14,4,4,,,
2026-10-08,BGS,310,PB_OWNERSHIP_BASIS_V2,0.5204888431418659,OK,,0.5204888431418659,OK,395066000.0,2026-Q2,2026-10-07,2026-Q2,2026-08-12,PROVIDER_FILING_DATE_PROXY,EXISTING_UNREVIEWED_COMMON_RULE,0.737,2026-08-12,4,4,,,
2026-10-08,BHC,311,PB_OWNERSHIP_BASIS_V2,,NEGATIVE_EQUITY,,,NEGATIVE_EQUITY,-1771000000.0,2026-Q2,2026-10-07,2026-Q2,2026-07-30,PROVIDER_FILING_DATE_PROXY,HELD,,2026-07-30,0,4,,,
2026-10-08,BHE,312,PB_OWNERSHIP_BASIS_V2,2.6781883663648283,OK,,2.6781883663648283,OK,1116283000.0,2026-Q2,2026-10-07,2026-Q2,2026-07-29,PROVIDER_FILING_DATE_PROXY,EXISTING_UNREVIEWED_COMMON_RULE,2.385,2026-07-29,4,4,,,
2026-10-08,BHR,313,PB_OWNERSHIP_BASIS_V2,,OWNERSHIP_BASIS_UNVERIFIED,,,OWNERSHIP_BASIS_UNVERIFIED,147028000.0,2026-Q2,2026-10-07,2026-Q2,2026-08-06,PROVIDER_FILING_DATE_PROXY,HELD,0.99,2026-08-06,4,4,,,
2026-10-08,BHVN,314,PB_OWNERSHIP_BASIS_V2,146.81722595038366,OK,,146.81722595038366,OK,12222000.0,2026-Q2,2026-10-07,2026-Q2,2026-08-10,PROVIDER_FILING_DATE_PROXY,EXISTING_UNREVIEWED_COMMON_RULE,179.69,2026-08-10,3,4,,,
2026-10-08,BIAF,315,PB_OWNERSHIP_BASIS_V2,,NEWER_SHARE_COUNT_REQUIRED,LARGE_ENDPOINT_VS_AVERAGE_SHARE_DIFFERENCE;HISTORICAL_PRICE_CORROBORATION_UNAVAILABLE,,OWNERSHIP_REVIEW_STALE,3768797.0,2026-Q2,2026-10-07,2026-Q2,2026-08-07,ACCEPTED_PROVIDER_DATE_PENDING_RECONCILIATION,HELD,1.096,2026-08-07,4,4,HELD,,b3d95779b90a86e5fb090b34d44751a1e73554968cbf13da6aa6540283ef20fb
2026-10-08,BIIB,316,PB_OWNERSHIP_BASIS_V2,1.7414871473833384,OK,,1.7414871473833384,OK,18848000000.0,2026-Q2,2026-10-07,2026-Q2,2026-07-29,PROVIDER_FILING_DATE_PROXY,EXISTING_UNREVIEWED_COMMON_RULE,1.64,2026-07-29,4,4,,,
2026-10-08,BILL,317,PB_OWNERSHIP_BASIS_V2,1.0627588179013097,OK,,1.0627588179013097,OK,3530602000.0,2026-Q4,2026-10-07,2026-Q4,2026-08-20,PROVIDER_FILING_DATE_PROXY,EXISTING_UNREVIEWED_COMMON_RULE,1.145,2026-08-20,4,4,,,
2026-10-08,BIO,318,PB_OWNERSHIP_BASIS_V2,,MULTI_CLASS_UNVERIFIED,,,OWNERSHIP_REVIEW_STALE,7173900000.0,2026-Q2,2026-10-07,2026-Q2,2026-08-04,ACCEPTED_PROVIDER_DATE_PENDING_RECONCILIATION,HELD,1.241,2026-08-04,4,4,HELD,,c42a9e6203d3b8de2b0f1940057c26e16c4212e1d3c93d332bf3b8485df95192
2026-10-08,BIVI,319,PB_OWNERSHIP_BASIS_V2,,OWNERSHIP_BASIS_UNVERIFIED,,,OWNERSHIP_BASIS_UNVERIFIED,10270270.0,2026-Q4,2026-10-07,2026-Q4,2026-08-13,PROVIDER_FILING_DATE_PROXY,HELD,1.146,2026-08-13,4,4,,,
2026-10-08,BJ,320,PB_OWNERSHIP_BASIS_V2,5.51260705930419,OK,,5.51260705930419,OK,2197432000.0,2027-Q2,2026-10-07,2027-Q2,2026-08-25,PROVIDER_FILING_DATE_PROXY,EXISTING_UNREVIEWED_COMMON_RULE,5.425,2026-08-25,4,4,,,
2026-10-08,BJDX,321,PB_OWNERSHIP_BASIS_V2,0.3844060356471978,OK,LARGE_ENDPOINT_VS_AVERAGE_SHARE_DIFFERENCE,0.3844060356471978,OK,9414840.0,2026-Q2,2026-10-07,2026-Q2,2026-08-12,PROVIDER_FILING_DATE_PROXY,EXISTING_UNREVIEWED_COMMON_RULE,0.498,2026-08-12,4,4,,,
2026-10-08,BJRI,322,PB_OWNERSHIP_BASIS_V2,3.1755563271776963,OK,,3.1755563271776963,OK,397398000.0,2026-Q2,2026-10-07,2026-Q2,2026-07-31,PROVIDER_FILING_DATE_PROXY,EXISTING_UNREVIEWED_COMMON_RULE,3.619,2026-07-31,4,4,,,
2026-10-08,BKD,323,PB_OWNERSHIP_BASIS_V2,,NEGATIVE_EQUITY,,,NEGATIVE_EQUITY,-28975000.0,2026-Q2,2026-10-07,2026-Q2,2026-08-10,PROVIDER_FILING_DATE_PROXY,HELD,,2026-08-10,0,4,,,
2026-10-08,BKE,324,PB_OWNERSHIP_BASIS_V2,,MISSING_EQUITY,,,MISSING_EQUITY,,2027-Q2,2026-10-07,2027-Q2,2026-09-10,PROVIDER_FILING_DATE_PROXY,HELD,,2026-09-10,0,4,,,
2026-10-08,BKH,325,PB_OWNERSHIP_BASIS_V2,,OWNERSHIP_BASIS_UNVERIFIED,,,OWNERSHIP_BASIS_UNVERIFIED,3943400000.0,2026-Q2,2026-10-07,2026-Q2,2026-08-06,PROVIDER_FILING_DATE_PROXY,HELD,1.407,2026-08-06,4,4,,,
2026-10-08,BKKT,326,PB_OWNERSHIP_BASIS_V2,,OWNERSHIP_BASIS_UNVERIFIED,,,OWNERSHIP_BASIS_UNVERIFIED,354390000.0,2026-Q2,2026-10-07,2026-Q2,2026-08-10,PROVIDER_FILING_DATE_PROXY,HELD,0.973,2026-08-10,4,4,,,
2026-10-08,BKNG,327,PB_OWNERSHIP_BASIS_V2,,NEGATIVE_EQUITY,,,NEGATIVE_EQUITY,-10783000000.0,2026-Q2,2026-10-07,2026-Q2,2026-08-04,PROVIDER_FILING_DATE_PROXY,HELD,,2026-08-04,0,4,,,
2026-10-08,BKR,328,PB_OWNERSHIP_BASIS_V2,2.762912905497285,OK,,2.762912905497285,OK,19908000000.0,2026-Q2,2026-10-07,2026-Q2,2026-07-27,PROVIDER_FILING_DATE_PROXY,EXISTING_UNREVIEWED_COMMON_RULE,3.021,2026-07-27,4,4,,,
2026-10-08,BKSY,329,PB_OWNERSHIP_BASIS_V2,,OWNERSHIP_BASIS_UNVERIFIED,,,OWNERSHIP_BASIS_UNVERIFIED,211532000.0,2026-Q2,2026-10-07,2026-Q2,2026-08-06,PROVIDER_FILING_DATE_PROXY,HELD,5.376,2026-08-06,4,4,,,
2026-10-08,BL,330,PB_OWNERSHIP_BASIS_V2,5.208173014433172,OK,,5.208173014433172,OK,316174000.0,2026-Q2,2026-10-07,2026-Q2,2026-08-05,PROVIDER_FILING_DATE_PROXY,EXISTING_UNREVIEWED_COMMON_RULE,5.602,2026-08-05,4,4,,,
2026-10-08,BLBD,331,PB_OWNERSHIP_BASIS_V2,,OWNERSHIP_BASIS_UNVERIFIED,,,OWNERSHIP_BASIS_UNVERIFIED,654892000.0,2026-Q3,2026-10-07,2026-Q3,2026-08-05,PROVIDER_FILING_DATE_PROXY,HELD,3.721,2026-08-05,4,4,,,
2026-10-08,BLCO,332,PB_OWNERSHIP_BASIS_V2,0.9713371110632201,OK,,0.9713371110632201,OK,6376000000.0,2026-Q2,2026-10-07,2026-Q2,2026-07-29,PROVIDER_FILING_DATE_PROXY,EXISTING_UNREVIEWED_COMMON_RULE,0.907,2026-07-29,4,4,,,
2026-10-08,BLDR,333,PB_OWNERSHIP_BASIS_V2,1.4385863764405844,OK,,1.4385863764405844,OK,4005175000.0,2026-Q2,2026-10-07,2026-Q2,2026-07-30,PROVIDER_FILING_DATE_PROXY,EXISTING_UNREVIEWED_COMMON_RULE,1.773,2026-07-30,4,4,,,
2026-10-08,BLFS,334,PB_OWNERSHIP_BASIS_V2,4.4958913895621775,OK,,4.4958913895621775,OK,420003000.0,2026-Q2,2026-10-06,2026-Q2,2026-08-06,PROVIDER_FILING_DATE_PROXY,EXISTING_UNREVIEWED_COMMON_RULE,3.951,2026-08-06,4,4,,,
2026-10-08,BLKB,335,PB_OWNERSHIP_BASIS_V2,30.14720482198922,OK,,30.14720482198922,OK,67030000.0,2026-Q2,2026-10-07,2026-Q2,2026-07-29,PROVIDER_FILING_DATE_PROXY,EXISTING_UNREVIEWED_COMMON_RULE,28.563,2026-07-29,4,4,,,
2026-10-08,BLMN,336,PB_OWNERSHIP_BASIS_V2,1.6198921768886527,OK,,1.6198921768886527,OK,431833000.0,2026-Q2,2026-10-07,2026-Q2,2026-08-06,PROVIDER_FILING_DATE_PROXY,EXISTING_UNREVIEWED_COMMON_RULE,2.157,2026-08-06,4,4,,,
2026-10-08,BLND,337,PB_OWNERSHIP_BASIS_V2,,NEGATIVE_EQUITY,,,NEGATIVE_EQUITY,-74374000.0,2026-Q2,2026-10-07,2026-Q2,2026-08-06,PROVIDER_FILING_DATE_PROXY,HELD,,2026-08-06,0,4,,,
2026-10-08,BLNK,338,PB_OWNERSHIP_BASIS_V2,,OWNERSHIP_BASIS_UNVERIFIED,,,OWNERSHIP_BASIS_UNVERIFIED,47793000.0,2026-Q2,2026-10-07,2026-Q2,2026-08-07,PROVIDER_FILING_DATE_PROXY,HELD,1.855,2026-08-07,4,4,,,
2026-10-08,BLZE,339,PB_OWNERSHIP_BASIS_V2,9.599120961219237,OK,,9.599120961219237,OK,88538000.0,2026-Q2,2026-10-07,2026-Q2,2026-08-03,PROVIDER_FILING_DATE_PROXY,EXISTING_UNREVIEWED_COMMON_RULE,10.9,2026-08-03,4,4,,,
2026-10-08,BMBL,340,PB_OWNERSHIP_BASIS_V2,0.7417282941064764,OK,,0.7417282941064764,OK,516058000.0,2026-Q2,2026-10-07,2026-Q2,2026-08-06,PROVIDER_FILING_DATE_PROXY,EXISTING_UNREVIEWED_COMMON_RULE,0.844,2026-08-06,4,4,,,
2026-10-08,BMEA,341,PB_OWNERSHIP_BASIS_V2,7.883223897332894,OK,,7.883223897332894,OK,12137000.0,2026-Q2,2026-10-07,2026-Q2,2026-08-05,PROVIDER_FILING_DATE_PROXY,EXISTING_UNREVIEWED_COMMON_RULE,7.525,2026-08-05,4,4,,,
2026-10-08,BMI,342,PB_OWNERSHIP_BASIS_V2,5.266515490926541,OK,,5.266515490926541,OK,682880000.0,2026-Q2,2026-10-07,2026-Q2,2026-07-23,PROVIDER_FILING_DATE_PROXY,EXISTING_UNREVIEWED_COMMON_RULE,5.23,2026-07-23,4,4,,,
2026-10-08,BMRA,343,PB_OWNERSHIP_BASIS_V2,3.3326725197059575,OK,LARGE_ENDPOINT_VS_AVERAGE_SHARE_DIFFERENCE,3.3326725197059575,OK,2630000.0,2026-Q4,2026-10-07,2026-Q4,2026-08-31,PROVIDER_FILING_DATE_PROXY,EXISTING_UNREVIEWED_COMMON_RULE,3.647,2026-08-31,4,4,,,
2026-10-08,BMRN,344,PB_OWNERSHIP_BASIS_V2,1.690255021042635,OK,,1.690255021042635,OK,6321692000.0,2026-Q2,2026-10-07,2026-Q2,2026-08-06,PROVIDER_FILING_DATE_PROXY,EXISTING_UNREVIEWED_COMMON_RULE,1.882,2026-08-06,4,4,,,
2026-10-08,BMY,345,PB_OWNERSHIP_BASIS_V2,5.46395745874222,OK,,,OWNERSHIP_REVIEW_STALE,22319000000.0,2026-Q2,2026-10-07,2026-Q2,2026-07-22,OFFICIAL_COVER,OPERATOR_CONFIRMED_QUARTER,5.936,2026-07-30,4,4,ORDINARY_COMMON,,3e757fed6e23897dad044d8bf05b3a161eb9520fbe9ea6ccebc078a12553842d
2026-10-08,BNED,347,PB_OWNERSHIP_BASIS_V2,,MISSING_EQUITY,,,MISSING_EQUITY,,2027-Q1,2026-10-07,2027-Q1,2026-09-08,PROVIDER_FILING_DATE_PROXY,HELD,,2026-09-08,0,4,,,
2026-10-08,BNGO,348,PB_OWNERSHIP_BASIS_V2,,OWNERSHIP_BASIS_UNVERIFIED,,,OWNERSHIP_BASIS_UNVERIFIED,31606000.0,2026-Q2,2026-10-07,2026-Q2,2026-08-10,PROVIDER_FILING_DATE_PROXY,HELD,0.432,2026-08-10,4,4,,,
2026-10-08,BNL,349,PB_OWNERSHIP_BASIS_V2,1.217563342225762,OK,,1.217563342225762,OK,2881003000.0,2026-Q2,2026-10-07,2026-Q2,2026-07-29,PROVIDER_FILING_DATE_PROXY,EXISTING_UNREVIEWED_COMMON_RULE,1.475,2026-07-29,4,4,,,
2026-10-08,BOC,350,PB_OWNERSHIP_BASIS_V2,0.7791994709379508,OK,,0.7791994709379508,OK,501852000.0,2026-Q2,2026-10-07,2026-Q2,2026-08-13,PROVIDER_FILING_DATE_PROXY,EXISTING_UNREVIEWED_COMMON_RULE,0.856,2026-08-13,4,4,,,
2026-10-08,BOF,351,PB_OWNERSHIP_BASIS_V2,12.578071946187878,OK,,12.578071946187878,OK,4468875.0,2026-Q2,2026-10-07,2026-Q2,2026-08-13,PROVIDER_FILING_DATE_PROXY,EXISTING_UNREVIEWED_COMMON_RULE,15.251,2026-08-13,4,4,,,
2026-10-08,BOOM,352,PB_OWNERSHIP_BASIS_V2,0.5019486333173587,OK,,0.5019486333173587,OK,237350000.0,2026-Q2,2026-10-07,2026-Q2,2026-07-29,PROVIDER_FILING_DATE_PROXY,EXISTING_UNREVIEWED_COMMON_RULE,0.469,2026-07-29,4,4,,,
2026-10-08,BOOT,353,PB_OWNERSHIP_BASIS_V2,2.7268060379419237,OK,,2.7268060379419237,OK,1358750000.0,2027-Q1,2026-10-07,2027-Q1,2026-07-29,PROVIDER_FILING_DATE_PROXY,EXISTING_UNREVIEWED_COMMON_RULE,3.363,2026-07-29,4,4,,,
2026-10-08,BOX,354,PB_OWNERSHIP_BASIS_V2,,NEGATIVE_EQUITY,,,NEGATIVE_EQUITY,-351146000.0,2027-Q2,2026-10-07,2027-Q2,2026-08-26,PROVIDER_FILING_DATE_PROXY,HELD,,2026-08-26,0,4,,,
2026-10-08,BOXL,355,PB_OWNERSHIP_BASIS_V2,,NEGATIVE_EQUITY,,,NEGATIVE_EQUITY,-1423000.0,2026-Q2,2026-10-07,2026-Q2,2026-08-14,PROVIDER_FILING_DATE_PROXY,HELD,,2026-08-14,1,4,,,
2026-10-08,BR,356,PB_OWNERSHIP_BASIS_V2,6.427851107370906,OK,,6.427851107370906,OK,2840500000.0,2026-Q4,2026-10-07,2026-Q4,2026-08-04,PROVIDER_FILING_DATE_PROXY,EXISTING_UNREVIEWED_COMMON_RULE,6.76,2026-08-04,4,4,,,
2026-10-08,BRBR,357,PB_OWNERSHIP_BASIS_V2,,NEGATIVE_EQUITY,,,NEGATIVE_EQUITY,-467200000.0,2026-Q3,2026-10-07,2026-Q3,2026-08-04,PROVIDER_FILING_DATE_PROXY,HELD,,2026-08-04,0,4,,,
2026-10-08,BRC,358,PB_OWNERSHIP_BASIS_V2,2.9312828705705365,OK,,2.9312828705705365,OK,1357562000.0,2026-Q4,2026-10-07,2026-Q4,2026-09-03,PROVIDER_FILING_DATE_PROXY,EXISTING_UNREVIEWED_COMMON_RULE,3.121,2026-09-03,4,4,,,
2026-10-08,BRCC,359,PB_OWNERSHIP_BASIS_V2,,NEWER_SHARE_COUNT_REQUIRED,LARGE_ENDPOINT_VS_AVERAGE_SHARE_DIFFERENCE,,OWNERSHIP_REVIEW_STALE,48324000.0,2026-Q2,2026-10-07,2026-Q2,2026-08-03,ACCEPTED_PROVIDER_DATE_PENDING_RECONCILIATION,HELD,5.438,2026-08-03,4,4,HELD,,474d8d4a86dfffe5acad8ede5524ebc4629bc7b656e3b68b315cd3f556cd262a
2026-10-08,BRKR,360,PB_OWNERSHIP_BASIS_V2,,OWNERSHIP_BASIS_UNVERIFIED,,,OWNERSHIP_BASIS_UNVERIFIED,2400200000.0,2026-Q2,2026-10-07,2026-Q2,2026-08-05,PROVIDER_FILING_DATE_PROXY,HELD,3.331,2026-08-05,4,4,,,
2026-10-08,BROS,361,PB_OWNERSHIP_BASIS_V2,8.361225158576207,OK,LARGE_ENDPOINT_VS_AVERAGE_SHARE_DIFFERENCE;HISTORICAL_OHLC_INCOMPLETE,8.361225158576207,OK,797652000.0,2026-Q2,2026-10-07,2026-Q2,2026-08-06,PROVIDER_FILING_DATE_PROXY,EXISTING_UNREVIEWED_COMMON_RULE,11.679,2026-08-06,4,4,,,
2026-10-08,BRSP,362,PB_OWNERSHIP_BASIS_V2,0.554197544300116,OK,,0.554197544300116,OK,862980000.0,2026-Q2,2026-10-07,2026-Q2,2026-07-29,PROVIDER_FILING_DATE_PROXY,EXISTING_UNREVIEWED_COMMON_RULE,0.733,2026-07-29,4,4,,,
2026-10-08,BRTX,363,PB_OWNERSHIP_BASIS_V2,,SHARE_BASIS_UNVERIFIED,LARGE_ENDPOINT_VS_AVERAGE_SHARE_DIFFERENCE;HISTORICAL_PRICE_MISMATCH,,SHARE_BASIS_UNVERIFIED,3025642.0,2026-Q1,2026-10-07,2026-Q1,2026-05-14,PROVIDER_FILING_DATE_PROXY,HELD,1.591,2026-05-14,4,4,,,
2026-10-08,BRX,364,PB_OWNERSHIP_BASIS_V2,2.7257670458675425,OK,,2.7257670458675425,OK,3021701000.0,2026-Q2,2026-10-07,2026-Q2,2026-07-27,PROVIDER_FILING_DATE_PROXY,EXISTING_UNREVIEWED_COMMON_RULE,3.285,2026-07-27,4,4,,,
2026-10-08,BRZE,365,PB_OWNERSHIP_BASIS_V2,,MISSING_EQUITY,,,MISSING_EQUITY,,2027-Q2,2026-10-07,2027-Q2,2026-09-09,PROVIDER_FILING_DATE_PROXY,HELD,,2026-09-09,0,4,,,
2026-10-08,BSLK,366,PB_OWNERSHIP_BASIS_V2,,NEGATIVE_EQUITY,LARGE_ENDPOINT_VS_AVERAGE_SHARE_DIFFERENCE,,NEGATIVE_EQUITY,-12747000.0,2025-Q3,2026-10-06,2025-Q3,2025-11-12,PROVIDER_FILING_DATE_PROXY,HELD,,2025-11-12,0,4,,,
2026-10-08,BSM,367,PB_OWNERSHIP_BASIS_V2,4.089736310712633,OK,HISTORICAL_OHLC_INCOMPLETE,4.089736310712633,OK,812988000.0,2026-Q2,2026-10-07,2026-Q2,2026-08-04,PROVIDER_FILING_DATE_PROXY,EXISTING_UNREVIEWED_COMMON_RULE,4.134,2026-08-04,4,4,,,
2026-10-08,BSX,368,PB_OWNERSHIP_BASIS_V2,2.4171266082911558,OK,,,OWNERSHIP_REVIEW_STALE,24930000000.0,2026-Q2,2026-10-07,2026-Q2,2026-07-30,OFFICIAL_COVER,OPERATOR_CONFIRMED_QUARTER,2.815,2026-08-03,4,4,ORDINARY_COMMON,,4c6688650cba3e6b359fa007816a45b62190d3ae4ef16a17d2773d6fa2a8c8c5
2026-10-08,BSY,369,PB_OWNERSHIP_BASIS_V2,8.83377245496178,OK,,8.83377245496178,OK,1202042000.0,2026-Q2,2026-10-07,2026-Q2,2026-08-06,PROVIDER_FILING_DATE_PROXY,EXISTING_UNREVIEWED_COMMON_RULE,8.887,2026-08-06,4,4,,,
2026-10-08,BTAI,370,PB_OWNERSHIP_BASIS_V2,,NEGATIVE_EQUITY,,,NEGATIVE_EQUITY,-115460000.0,2026-Q2,2026-10-07,2026-Q2,2026-08-13,PROVIDER_FILING_DATE_PROXY,HELD,,2026-08-13,0,4,,,
2026-10-08,BTBD,371,PB_OWNERSHIP_BASIS_V2,,OWNERSHIP_BASIS_UNVERIFIED,,,OWNERSHIP_BASIS_UNVERIFIED,6348269.0,2026-Q2,2026-10-07,2026-Q2,2026-08-17,PROVIDER_FILING_DATE_PROXY,HELD,1.189,2026-08-17,4,4,,,
2026-10-08,BTCT,372,PB_OWNERSHIP_BASIS_V2,,NEWER_SHARE_COUNT_REQUIRED,,,OWNERSHIP_REVIEW_STALE,5465147.0,2025-Q4,2026-10-07,2025-Q4,2026-05-11,ACCEPTED_PROVIDER_DATE_PENDING_RECONCILIATION,HELD,2.076,2026-05-11,4,4,HELD,,3f157fc3ed144e9794690a05928158216e885254552e30d8e754cea594721e2a
2026-10-08,BTMD,373,PB_OWNERSHIP_BASIS_V2,,NEGATIVE_EQUITY,LARGE_ENDPOINT_VS_AVERAGE_SHARE_DIFFERENCE,,NEGATIVE_EQUITY,-65790000.0,2026-Q2,2026-10-07,2026-Q2,2026-08-07,PROVIDER_FILING_DATE_PROXY,HELD,,2026-08-07,0,4,,,
2026-10-08,BTSG,374,PB_OWNERSHIP_BASIS_V2,,OWNERSHIP_BASIS_UNVERIFIED,,,OWNERSHIP_BASIS_UNVERIFIED,2048717000.0,2026-Q2,2026-10-07,2026-Q2,2026-07-31,PROVIDER_FILING_DATE_PROXY,HELD,5.767,2026-07-31,4,4,,,
2026-10-08,BTU,375,PB_OWNERSHIP_BASIS_V2,,OWNERSHIP_BASIS_UNVERIFIED,,,OWNERSHIP_BASIS_UNVERIFIED,3248600000.0,2026-Q2,2026-10-07,2026-Q2,2026-08-06,PROVIDER_FILING_DATE_PROXY,HELD,0.883,2026-08-06,4,4,,,
2026-10-08,BURL,376,PB_OWNERSHIP_BASIS_V2,8.550843549771352,OK,,8.550843549771352,OK,2002248000.0,2027-Q2,2026-10-07,2027-Q2,2026-08-27,PROVIDER_FILING_DATE_PROXY,EXISTING_UNREVIEWED_COMMON_RULE,9.098,2026-08-27,4,4,,,
2026-10-08,BV,377,PB_OWNERSHIP_BASIS_V2,0.7799789136437218,OK,HISTORICAL_OHLC_INCOMPLETE,0.7799789136437218,OK,1234700000.0,2026-Q3,2026-10-07,2026-Q3,2026-08-04,PROVIDER_FILING_DATE_PROXY,EXISTING_UNREVIEWED_COMMON_RULE,0.984,2026-08-04,4,4,,,
2026-10-08,BVS,378,PB_OWNERSHIP_BASIS_V2,4.703570410301121,OK,,4.703570410301121,OK,228306000.0,2026-Q2,2026-10-07,2026-Q2,2026-08-05,PROVIDER_FILING_DATE_PROXY,EXISTING_UNREVIEWED_COMMON_RULE,5.621,2026-08-05,4,4,,,
2026-10-08,BW,379,PB_OWNERSHIP_BASIS_V2,,OWNERSHIP_BASIS_UNVERIFIED,,,OWNERSHIP_BASIS_UNVERIFIED,57369000.0,2026-Q2,2026-10-07,2026-Q2,2026-08-10,PROVIDER_FILING_DATE_PROXY,HELD,23.058,2026-08-10,1,4,,,
2026-10-08,BWA,380,PB_OWNERSHIP_BASIS_V2,2.2594972353225544,OK,,2.2594972353225544,OK,5621000000.0,2026-Q2,2026-10-07,2026-Q2,2026-08-05,PROVIDER_FILING_DATE_PROXY,EXISTING_UNREVIEWED_COMMON_RULE,2.42,2026-08-05,4,4,,,
2026-10-08,BWMN,381,PB_OWNERSHIP_BASIS_V2,2.892045655814354,OK,,2.892045655814354,OK,256492000.0,2026-Q2,2026-10-07,2026-Q2,2026-08-10,PROVIDER_FILING_DATE_PROXY,EXISTING_UNREVIEWED_COMMON_RULE,2.867,2026-08-10,4,4,,,
2026-10-08,BWXT,382,PB_OWNERSHIP_BASIS_V2,9.717992007240582,OK,,9.717992007240582,OK,1334450000.0,2026-Q2,2026-10-07,2026-Q2,2026-08-05,PROVIDER_FILING_DATE_PROXY,EXISTING_UNREVIEWED_COMMON_RULE,11.554,2026-08-05,4,4,,,
2026-10-08,BXP,383,PB_OWNERSHIP_BASIS_V2,,OWNERSHIP_BASIS_UNVERIFIED,,,OWNERSHIP_BASIS_UNVERIFIED,5155145000.0,2026-Q2,2026-10-07,2026-Q2,2026-08-06,PROVIDER_FILING_DATE_PROXY,HELD,2.131,2026-08-06,4,4,,,
2026-10-08,BYD,384,PB_OWNERSHIP_BASIS_V2,2.0295692605807494,OK,HISTORICAL_OHLC_INCOMPLETE,2.0295692605807494,OK,2500521000.0,2026-Q2,2026-10-07,2026-Q2,2026-07-30,PROVIDER_FILING_DATE_PROXY,EXISTING_UNREVIEWED_COMMON_RULE,2.529,2026-07-30,4,4,,,
2026-10-08,BYND,385,PB_OWNERSHIP_BASIS_V2,2.3205204104587804,OK,,2.3205204104587804,OK,56757000.0,2026-Q2,2026-10-07,2026-Q2,2026-08-06,PROVIDER_FILING_DATE_PROXY,EXISTING_UNREVIEWED_COMMON_RULE,4.794,2026-08-06,1,4,,,
2026-10-08,BYRN,386,PB_OWNERSHIP_BASIS_V2,1.612903780573402,OK,,1.612903780573402,OK,56983000.0,2026-Q2,2026-10-07,2026-Q2,2026-07-09,PROVIDER_FILING_DATE_PROXY,EXISTING_UNREVIEWED_COMMON_RULE,1.569,2026-07-09,4,4,,,
2026-10-08,BZAI,387,PB_OWNERSHIP_BASIS_V2,,OWNERSHIP_BASIS_UNVERIFIED,,,OWNERSHIP_BASIS_UNVERIFIED,42790000.0,2026-Q2,2026-10-07,2026-Q2,2026-08-13,PROVIDER_FILING_DATE_PROXY,HELD,3.96,2026-08-13,4,4,,,
2026-10-08,BZFD,388,PB_OWNERSHIP_BASIS_V2,,OWNERSHIP_BASIS_UNVERIFIED,LARGE_ENDPOINT_VS_AVERAGE_SHARE_DIFFERENCE,,OWNERSHIP_BASIS_UNVERIFIED,50699000.0,2026-Q2,2026-10-07,2026-Q2,2026-08-06,PROVIDER_FILING_DATE_PROXY,HELD,1.857,2026-08-06,4,4,,,
2026-10-08,BZH,389,PB_OWNERSHIP_BASIS_V2,0.7773676769702885,OK,,0.7773676769702885,OK,1146990000.0,2026-Q3,2026-10-07,2026-Q3,2026-08-07,PROVIDER_FILING_DATE_PROXY,EXISTING_UNREVIEWED_COMMON_RULE,0.772,2026-08-07,4,4,,,
2026-10-08,CABA,390,PB_OWNERSHIP_BASIS_V2,1.5860191530617547,OK,,1.5860191530617547,OK,210593000.0,2026-Q2,2026-10-07,2026-Q2,2026-08-13,PROVIDER_FILING_DATE_PROXY,EXISTING_UNREVIEWED_COMMON_RULE,2.182,2026-08-13,4,4,,,
2026-10-08,CABO,391,PB_OWNERSHIP_BASIS_V2,0.2296445898752794,OK,,0.2296445898752794,OK,326385000.0,2026-Q2,2026-10-07,2026-Q2,2026-08-06,PROVIDER_FILING_DATE_PROXY,EXISTING_UNREVIEWED_COMMON_RULE,0.773,2026-08-06,4,4,,,
2026-10-08,CACI,392,PB_OWNERSHIP_BASIS_V2,2.88135542870387,OK,,2.88135542870387,OK,4462697000.0,2026-Q4,2026-10-07,2026-Q4,2026-08-06,PROVIDER_FILING_DATE_PROXY,EXISTING_UNREVIEWED_COMMON_RULE,3.114,2026-08-06,4,4,,,
2026-10-08,CADL,393,PB_OWNERSHIP_BASIS_V2,5.957442994913083,OK,,5.957442994913083,OK,126130000.0,2026-Q2,2026-10-07,2026-Q2,2026-08-13,PROVIDER_FILING_DATE_PROXY,EXISTING_UNREVIEWED_COMMON_RULE,7.159,2026-08-13,4,4,,,
2026-10-08,CAG,394,PB_OWNERSHIP_BASIS_V2,,MISSING_EQUITY,,,MISSING_EQUITY,,2027-Q1,2026-10-07,2027-Q1,2026-09-30,PROVIDER_FILING_DATE_PROXY,HELD,,2026-09-30,0,4,,,
2026-10-08,CAH,395,PB_OWNERSHIP_BASIS_V2,,NEGATIVE_EQUITY,,,NEGATIVE_EQUITY,-2883000000.0,2026-Q4,2026-10-07,2026-Q4,2026-08-11,PROVIDER_FILING_DATE_PROXY,HELD,,2026-08-11,0,4,,,
2026-10-08,CAKE,396,PB_OWNERSHIP_BASIS_V2,10.258807312653081,OK,,10.258807312653081,OK,518958000.0,2026-Q2,2026-10-07,2026-Q2,2026-08-03,PROVIDER_FILING_DATE_PROXY,EXISTING_UNREVIEWED_COMMON_RULE,10.057,2026-08-03,4,4,,,
2026-10-08,CAL,397,PB_OWNERSHIP_BASIS_V2,,MISSING_EQUITY,,,MISSING_EQUITY,,2027-Q2,2026-10-07,2027-Q2,2026-09-10,PROVIDER_FILING_DATE_PROXY,HELD,,2026-09-10,0,4,,,
2026-10-08,CALM,398,PB_OWNERSHIP_BASIS_V2,,MISSING_EQUITY,,,MISSING_EQUITY,,2027-Q1,2026-10-07,2027-Q1,2026-09-30,PROVIDER_FILING_DATE_PROXY,HELD,,2026-09-30,0,4,,,
2026-10-08,CALX,399,PB_OWNERSHIP_BASIS_V2,3.151653580253617,OK,,3.151653580253617,OK,710021000.0,2026-Q2,2026-10-07,2026-Q2,2026-07-21,PROVIDER_FILING_DATE_PROXY,EXISTING_UNREVIEWED_COMMON_RULE,3.323,2026-07-21,4,4,,,
2026-10-08,CAPR,400,PB_OWNERSHIP_BASIS_V2,1.9126308021219016,OK,,1.9126308021219016,OK,246218890.0,2026-Q2,2026-10-07,2026-Q2,2026-08-14,PROVIDER_FILING_DATE_PROXY,EXISTING_UNREVIEWED_COMMON_RULE,1.57,2026-08-14,4,4,,,
2026-10-08,CAPS,401,PB_OWNERSHIP_BASIS_V2,0.2319643439827514,OK,LARGE_ENDPOINT_VS_AVERAGE_SHARE_DIFFERENCE,0.2319643439827514,OK,12420000.0,2026-Q2,2026-10-07,2026-Q2,2026-08-12,PROVIDER_FILING_DATE_PROXY,EXISTING_UNREVIEWED_COMMON_RULE,0.386,2026-08-12,4,4,,,
2026-10-08,CAR,402,PB_OWNERSHIP_BASIS_V2,,NEGATIVE_EQUITY,,,NEGATIVE_EQUITY,-3388000000.0,2026-Q2,2026-10-07,2026-Q2,2026-07-29,PROVIDER_FILING_DATE_PROXY,HELD,,2026-07-29,0,4,,,
2026-10-08,CARG,403,PB_OWNERSHIP_BASIS_V2,9.693912764736197,OK,,9.693912764736197,OK,264356000.0,2026-Q2,2026-10-07,2026-Q2,2026-08-06,PROVIDER_FILING_DATE_PROXY,EXISTING_UNREVIEWED_COMMON_RULE,12.258,2026-08-06,4,4,,,
2026-10-08,CARR,404,PB_OWNERSHIP_BASIS_V2,3.4485341245150987,OK,,3.4485341245150987,OK,13147000000.0,2026-Q2,2026-10-07,2026-Q2,2026-07-28,PROVIDER_FILING_DATE_PROXY,EXISTING_UNREVIEWED_COMMON_RULE,3.96,2026-07-28,4,4,,,
2026-10-08,CARS,405,PB_OWNERSHIP_BASIS_V2,1.1512541326583088,OK,,1.1512541326583088,OK,443605000.0,2026-Q2,2026-10-07,2026-Q2,2026-08-06,PROVIDER_FILING_DATE_PROXY,EXISTING_UNREVIEWED_COMMON_RULE,1.417,2026-08-06,4,4,,,
2026-10-08,CART,406,PB_OWNERSHIP_BASIS_V2,4.507372014265874,OK,,4.507372014265874,OK,2322000000.0,2026-Q2,2026-10-07,2026-Q2,2026-08-06,PROVIDER_FILING_DATE_PROXY,EXISTING_UNREVIEWED_COMMON_RULE,4.489,2026-08-06,4,4,,,
2026-10-08,CASY,407,PB_OWNERSHIP_BASIS_V2,,MISSING_EQUITY,,,MISSING_EQUITY,,2027-Q1,2026-10-07,2027-Q1,2026-09-08,PROVIDER_FILING_DATE_PROXY,HELD,,2026-09-08,0,4,,,
2026-10-08,CAT,408,PB_OWNERSHIP_BASIS_V2,19.289327769961947,OK,,19.289327769961947,OK,19394000000.0,2026-Q2,2026-10-07,2026-Q2,2026-08-05,PROVIDER_FILING_DATE_PROXY,EXISTING_UNREVIEWED_COMMON_RULE,20.646,2026-08-05,4,4,,,
2026-10-08,CAVA,409,PB_OWNERSHIP_BASIS_V2,7.229611559361705,OK,,7.229611559361705,OK,841276000.0,2026-Q2,2026-10-07,2026-Q2,2026-08-12,PROVIDER_FILING_DATE_PROXY,EXISTING_UNREVIEWED_COMMON_RULE,9.645,2026-08-12,4,4,,,
2026-10-08,CBL,410,PB_OWNERSHIP_BASIS_V2,3.5138861797062955,OK,,3.5138861797062955,OK,427436000.0,2026-Q2,2026-10-07,2026-Q2,2026-08-07,PROVIDER_FILING_DATE_PROXY,EXISTING_UNREVIEWED_COMMON_RULE,4.094,2026-08-07,4,4,,,
2026-10-08,CBRE,411,PB_OWNERSHIP_BASIS_V2,4.39845490663361,OK,,4.39845490663361,OK,8398000000.0,2026-Q2,2026-10-07,2026-Q2,2026-07-29,PROVIDER_FILING_DATE_PROXY,EXISTING_UNREVIEWED_COMMON_RULE,5.096,2026-07-29,4,4,,,
2026-10-08,CBRL,412,PB_OWNERSHIP_BASIS_V2,,MISSING_EQUITY,,,MISSING_EQUITY,,2026-Q4,2026-10-07,2026-Q4,2026-09-25,PROVIDER_FILING_DATE_PROXY,HELD,,2026-09-25,0,4,,,
2026-10-08,CBT,413,PB_OWNERSHIP_BASIS_V2,2.4258532255130185,OK,,2.4258532255130185,OK,1605000000.0,2026-Q3,2026-10-07,2026-Q3,2026-08-04,PROVIDER_FILING_DATE_PROXY,EXISTING_UNREVIEWED_COMMON_RULE,2.637,2026-08-04,4,4,,,
2026-10-08,CBUS,414,PB_OWNERSHIP_BASIS_V2,8.364742740470321,OK,,8.364742740470321,OK,14802000.0,2026-Q2,2026-10-07,2026-Q2,2026-08-13,PROVIDER_FILING_DATE_PROXY,EXISTING_UNREVIEWED_COMMON_RULE,9.811,2026-08-13,4,4,,,
2026-10-08,CBZ,415,PB_OWNERSHIP_BASIS_V2,1.5906711322877158,OK,,1.5906711322877158,OK,1867732000.0,2026-Q2,2026-10-07,2026-Q2,2026-08-04,PROVIDER_FILING_DATE_PROXY,EXISTING_UNREVIEWED_COMMON_RULE,1.6,2026-08-04,4,4,,,
2026-10-08,CC,416,PB_OWNERSHIP_BASIS_V2,,NEGATIVE_EQUITY,,,NEGATIVE_EQUITY,-49000000.0,2026-Q2,2026-10-07,2026-Q2,2026-08-05,PROVIDER_FILING_DATE_PROXY,HELD,,2026-08-05,3,4,,,
2026-10-08,CCCC,417,PB_OWNERSHIP_BASIS_V2,1.4030731211743923,OK,,1.4030731211743923,OK,247265000.0,2026-Q2,2026-10-07,2026-Q2,2026-08-11,PROVIDER_FILING_DATE_PROXY,EXISTING_UNREVIEWED_COMMON_RULE,1.925,2026-08-11,4,4,,,
2026-10-08,CCI,418,PB_OWNERSHIP_BASIS_V2,,NEGATIVE_EQUITY,,,NEGATIVE_EQUITY,-3270000000.0,2026-Q2,2026-10-07,2026-Q2,2026-08-05,PROVIDER_FILING_DATE_PROXY,HELD,,2026-08-05,0,4,,,
2026-10-08,CCK,419,PB_OWNERSHIP_BASIS_V2,4.062870792516439,OK,,4.062870792516439,OK,2867000000.0,2026-Q2,2026-10-07,2026-Q2,2026-07-30,PROVIDER_FILING_DATE_PROXY,EXISTING_UNREVIEWED_COMMON_RULE,4.49,2026-07-30,4,4,,,
2026-10-08,CCL,420,PB_OWNERSHIP_BASIS_V2,,MISSING_EQUITY,,,MISSING_EQUITY,,2026-Q3,2026-10-07,2026-Q3,2026-09-29,PROVIDER_FILING_DATE_PROXY,HELD,,2026-09-29,0,4,,,
2026-10-08,CCLD,421,PB_OWNERSHIP_BASIS_V2,,OWNERSHIP_BASIS_UNVERIFIED,,,OWNERSHIP_BASIS_UNVERIFIED,17402000.0,2026-Q2,2026-10-07,2026-Q2,2026-08-06,PROVIDER_FILING_DATE_PROXY,HELD,5.665,2026-08-06,4,4,,,
2026-10-08,CCO,422,PB_OWNERSHIP_BASIS_V2,,NEGATIVE_EQUITY,,,NEGATIVE_EQUITY,-3463520000.0,2026-Q2,2026-10-07,2026-Q2,2026-08-05,PROVIDER_FILING_DATE_PROXY,HELD,,2026-08-05,0,4,,,
2026-10-08,CCOI,423,PB_OWNERSHIP_BASIS_V2,,NEGATIVE_EQUITY,,,NEGATIVE_EQUITY,-34130000.0,2026-Q2,2026-10-07,2026-Q2,2026-08-06,PROVIDER_FILING_DATE_PROXY,HELD,,2026-08-06,0,4,,,
2026-10-08,CCS,424,PB_OWNERSHIP_BASIS_V2,0.6241217169253632,OK,,0.6241217169253632,OK,2565751000.0,2026-Q2,2026-10-07,2026-Q2,2026-07-23,PROVIDER_FILING_DATE_PROXY,EXISTING_UNREVIEWED_COMMON_RULE,0.768,2026-07-23,4,4,,,
2026-10-08,CCSI,425,PB_OWNERSHIP_BASIS_V2,15.813764436483464,OK,,15.813764436483464,OK,41566000.0,2026-Q2,2026-10-07,2026-Q2,2026-08-07,PROVIDER_FILING_DATE_PROXY,EXISTING_UNREVIEWED_COMMON_RULE,15.492,2026-08-07,3,4,,,
2026-10-08,CDE,426,PB_OWNERSHIP_BASIS_V2,1.6293694173132554,OK,,1.6293694173132554,OK,10409504000.0,2026-Q2,2026-10-07,2026-Q2,2026-08-05,PROVIDER_FILING_DATE_PROXY,EXISTING_UNREVIEWED_COMMON_RULE,1.721,2026-08-05,4,4,,,
2026-10-08,CDLX,427,PB_OWNERSHIP_BASIS_V2,,NEGATIVE_EQUITY,,,NEGATIVE_EQUITY,-16004000.0,2026-Q2,2026-10-07,2026-Q2,2026-08-05,PROVIDER_FILING_DATE_PROXY,HELD,,2026-08-05,0,4,,,
2026-10-08,CDNA,428,PB_OWNERSHIP_BASIS_V2,7.662924791197552,OK,,7.662924791197552,OK,425598000.0,2026-Q2,2026-10-07,2026-Q2,2026-07-30,PROVIDER_FILING_DATE_PROXY,EXISTING_UNREVIEWED_COMMON_RULE,4.631,2026-07-30,4,4,,,
2026-10-08,CDNS,429,PB_OWNERSHIP_BASIS_V2,14.300595353942215,OK,,14.300595353942215,OK,6857963000.0,2026-Q2,2026-10-07,2026-Q2,2026-07-29,PROVIDER_FILING_DATE_PROXY,EXISTING_UNREVIEWED_COMMON_RULE,13.363,2026-07-29,4,4,,,
2026-10-08,CDP,430,PB_OWNERSHIP_BASIS_V2,,OWNERSHIP_BASIS_UNVERIFIED,,,OWNERSHIP_BASIS_UNVERIFIED,1528224000.0,2026-Q2,2026-10-07,2026-Q2,2026-08-03,PROVIDER_FILING_DATE_PROXY,HELD,2.786,2026-08-03,4,4,,,
2026-10-08,CDRE,431,PB_OWNERSHIP_BASIS_V2,3.0831243723431103,OK,,3.0831243723431103,OK,346802000.0,2026-Q2,2026-10-07,2026-Q2,2026-08-05,PROVIDER_FILING_DATE_PROXY,EXISTING_UNREVIEWED_COMMON_RULE,3.831,2026-08-05,4,4,,,
2026-10-08,CDT,432,PB_OWNERSHIP_BASIS_V2,,MISSING_EQUITY,LARGE_ENDPOINT_VS_AVERAGE_SHARE_DIFFERENCE,,MISSING_EQUITY,,2026-Q2,2026-10-07,2026-Q2,2026-08-12,PROVIDER_FILING_DATE_PROXY,HELD,,2026-08-12,0,4,,,
2026-10-08,CDW,433,PB_OWNERSHIP_BASIS_V2,7.00417064861184,OK,,7.00417064861184,OK,2442100000.0,2026-Q2,2026-10-07,2026-Q2,2026-08-05,PROVIDER_FILING_DATE_PROXY,EXISTING_UNREVIEWED_COMMON_RULE,7.172,2026-08-05,4,4,,,
2026-10-08,CDXS,434,PB_OWNERSHIP_BASIS_V2,4.684845105736112,OK,,4.684845105736112,OK,32958000.0,2026-Q2,2026-10-07,2026-Q2,2026-08-11,PROVIDER_FILING_DATE_PROXY,EXISTING_UNREVIEWED_COMMON_RULE,4.917,2026-08-11,4,4,,,
2026-10-08,CDZI,435,PB_OWNERSHIP_BASIS_V2,,OWNERSHIP_BASIS_UNVERIFIED,,,OWNERSHIP_BASIS_UNVERIFIED,4665000.0,2026-Q2,2026-10-07,2026-Q2,2026-08-13,PROVIDER_FILING_DATE_PROXY,HELD,63.712,2026-08-13,4,4,,,
2026-10-08,CE,436,PB_OWNERSHIP_BASIS_V2,1.1551686972271247,OK,HISTORICAL_OHLC_INCOMPLETE,1.1551686972271247,OK,4167000000.0,2026-Q2,2026-10-07,2026-Q2,2026-08-05,PROVIDER_FILING_DATE_PROXY,EXISTING_UNREVIEWED_COMMON_RULE,1.136,2026-08-05,4,4,,,
2026-10-08,CECO,437,PB_OWNERSHIP_BASIS_V2,2.007762244473911,OK,LARGE_ENDPOINT_VS_AVERAGE_SHARE_DIFFERENCE,2.007762244473911,OK,2075858000.0,2026-Q2,2026-10-07,2026-Q2,2026-08-10,PROVIDER_FILING_DATE_PROXY,EXISTING_UNREVIEWED_COMMON_RULE,1.986,2026-08-10,4,4,,,
2026-10-08,CEG,438,PB_OWNERSHIP_BASIS_V2,3.323219259794547,OK,,3.323219259794547,OK,31941000000.0,2026-Q2,2026-10-07,2026-Q2,2026-08-06,PROVIDER_FILING_DATE_PROXY,EXISTING_UNREVIEWED_COMMON_RULE,2.896,2026-08-06,4,4,,,
2026-10-08,CELC,439,PB_OWNERSHIP_BASIS_V2,,NEGATIVE_EQUITY,,,NEGATIVE_EQUITY,-12781000.0,2026-Q2,2026-10-07,2026-Q2,2026-08-13,PROVIDER_FILING_DATE_PROXY,HELD,,2026-08-13,3,4,,,
2026-10-08,CELH,440,PB_OWNERSHIP_BASIS_V2,5.678388078321353,OK,,5.678388078321353,OK,1199584000.0,2026-Q2,2026-10-07,2026-Q2,2026-08-06,PROVIDER_FILING_DATE_PROXY,EXISTING_UNREVIEWED_COMMON_RULE,5.014,2026-08-06,4,4,,,
2026-10-08,CELU,441,PB_OWNERSHIP_BASIS_V2,,MISSING_EQUITY,,,MISSING_EQUITY,,2026-Q1,2026-10-07,2026-Q1,2026-09-29,PROVIDER_FILING_DATE_PROXY,HELD,,2026-09-29,0,4,,,
2026-10-08,"CENT,CENTA",442,PB_OWNERSHIP_BASIS_V2,,MISSING_PRICE,HISTORICAL_PRICE_CORROBORATION_UNAVAILABLE,,MISSING_PRICE,1745670000.0,2026-Q3,,2026-Q3,2026-08-06,PROVIDER_FILING_DATE_PROXY,HELD,1.669,2026-08-06,4,4,,,
2026-10-08,CENX,443,PB_OWNERSHIP_BASIS_V2,2.5420342798151063,OK,,2.5420342798151063,OK,1403100000.0,2026-Q2,2026-10-07,2026-Q2,2026-08-06,PROVIDER_FILING_DATE_PROXY,EXISTING_UNREVIEWED_COMMON_RULE,3.242,2026-08-06,4,4,,,
2026-10-08,CERO,444,PB_OWNERSHIP_BASIS_V2,,NEGATIVE_EQUITY,LARGE_ENDPOINT_VS_AVERAGE_SHARE_DIFFERENCE,,NEGATIVE_EQUITY,-1633901.0,2025-Q2,2026-10-07,2025-Q2,2025-08-22,PROVIDER_FILING_DATE_PROXY,HELD,,2025-08-22,0,4,,,
2026-10-08,CERS,445,PB_OWNERSHIP_BASIS_V2,6.590483387587616,OK,,6.590483387587616,OK,70024000.0,2026-Q2,2026-10-07,2026-Q2,2026-07-30,PROVIDER_FILING_DATE_PROXY,EXISTING_UNREVIEWED_COMMON_RULE,8.317,2026-07-30,4,4,,,
2026-10-08,CERT,446,PB_OWNERSHIP_BASIS_V2,1.4140985650702707,OK,,1.4140985650702707,OK,966515000.0,2026-Q2,2026-10-07,2026-Q2,2026-08-04,PROVIDER_FILING_DATE_PROXY,EXISTING_UNREVIEWED_COMMON_RULE,1.231,2026-08-04,4,4,,,
2026-10-08,CEVA,447,PB_OWNERSHIP_BASIS_V2,2.9358446462757386,OK,,2.9358446462757386,OK,340245000.0,2026-Q2,2026-10-07,2026-Q2,2026-08-10,PROVIDER_FILING_DATE_PROXY,EXISTING_UNREVIEWED_COMMON_RULE,2.641,2026-08-10,4,4,,,
2026-10-08,CF,448,PB_OWNERSHIP_BASIS_V2,3.0130716713079084,OK,,3.0130716713079084,OK,5748000000.0,2026-Q2,2026-10-07,2026-Q2,2026-08-06,PROVIDER_FILING_DATE_PROXY,EXISTING_UNREVIEWED_COMMON_RULE,3.073,2026-08-06,4,4,,,
2026-10-08,CGC,449,PB_OWNERSHIP_BASIS_V2,0.7508080743810225,OK,,0.7508080743810225,OK,494139638.0,2027-Q1,2026-10-07,2027-Q1,2026-08-07,PROVIDER_FILING_DATE_PROXY,EXISTING_UNREVIEWED_COMMON_RULE,0.831,2026-08-07,4,4,,,
2026-10-08,CGEM,450,PB_OWNERSHIP_BASIS_V2,3.126189183614843,OK,,3.126189183614843,OK,321754000.0,2026-Q2,2026-10-07,2026-Q2,2026-08-06,PROVIDER_FILING_DATE_PROXY,EXISTING_UNREVIEWED_COMMON_RULE,3.59,2026-08-06,4,4,,,
2026-10-08,CGNX,451,PB_OWNERSHIP_BASIS_V2,6.318891485593596,OK,,6.318891485593596,OK,1629555000.0,2026-Q2,2026-10-07,2026-Q2,2026-08-06,PROVIDER_FILING_DATE_PROXY,EXISTING_UNREVIEWED_COMMON_RULE,6.956,2026-08-06,4,4,,,
2026-10-08,CGON,452,PB_OWNERSHIP_BASIS_V2,5.37293749324969,OK,,5.37293749324969,OK,1029118000.0,2026-Q2,2026-10-07,2026-Q2,2026-08-06,PROVIDER_FILING_DATE_PROXY,EXISTING_UNREVIEWED_COMMON_RULE,6.447,2026-08-06,4,4,,,
2026-10-08,CGTX,453,PB_OWNERSHIP_BASIS_V2,2.6981237215398695,OK,,2.6981237215398695,OK,33024000.0,2026-Q2,2026-10-07,2026-Q2,2026-08-07,PROVIDER_FILING_DATE_PROXY,EXISTING_UNREVIEWED_COMMON_RULE,3.11,2026-08-07,4,4,,,
2026-10-08,CHCT,454,PB_OWNERSHIP_BASIS_V2,0.9393522920753699,OK,,0.9393522920753699,OK,414242000.0,2026-Q2,2026-10-07,2026-Q2,2026-08-04,PROVIDER_FILING_DATE_PROXY,EXISTING_UNREVIEWED_COMMON_RULE,1.225,2026-08-04,4,4,,,
2026-10-08,CHD,455,PB_OWNERSHIP_BASIS_V2,5.278411610987166,OK,,5.278411610987166,OK,4347800000.0,2026-Q2,2026-10-07,2026-Q2,2026-07-31,PROVIDER_FILING_DATE_PROXY,EXISTING_UNREVIEWED_COMMON_RULE,5.391,2026-07-31,4,4,,,
2026-10-08,CHDN,456,PB_OWNERSHIP_BASIS_V2,3.8436485884725866,OK,,3.8436485884725866,OK,1341000000.0,2026-Q2,2026-10-07,2026-Q2,2026-07-29,PROVIDER_FILING_DATE_PROXY,EXISTING_UNREVIEWED_COMMON_RULE,4.601,2026-07-29,4,4,,,
2026-10-08,CHE,457,PB_OWNERSHIP_BASIS_V2,7.891454772363273,OK,,7.891454772363273,OK,830510000.0,2026-Q2,2026-10-07,2026-Q2,2026-07-31,PROVIDER_FILING_DATE_PROXY,EXISTING_UNREVIEWED_COMMON_RULE,8.376,2026-07-31,4,4,,,
2026-10-08,CHEF,458,PB_OWNERSHIP_BASIS_V2,6.986314008006102,OK,,6.986314008006102,OK,648235000.0,2026-Q2,2026-10-07,2026-Q2,2026-07-29,PROVIDER_FILING_DATE_PROXY,EXISTING_UNREVIEWED_COMMON_RULE,6.648,2026-07-29,4,4,,,
2026-10-08,CHGG,459,PB_OWNERSHIP_BASIS_V2,0.6926698175497039,OK,,0.6926698175497039,OK,118614000.0,2026-Q2,2026-10-07,2026-Q2,2026-08-06,PROVIDER_FILING_DATE_PROXY,EXISTING_UNREVIEWED_COMMON_RULE,0.822,2026-08-06,4,4,,,
2026-10-08,CHH,460,PB_OWNERSHIP_BASIS_V2,32.76134278602323,OK,,32.76134278602323,OK,142178000.0,2026-Q2,2026-10-07,2026-Q2,2026-08-05,PROVIDER_FILING_DATE_PROXY,EXISTING_UNREVIEWED_COMMON_RULE,35.389,2026-08-05,4,4,,,
2026-10-08,CHMI,461,PB_OWNERSHIP_BASIS_V2,,OWNERSHIP_BASIS_UNVERIFIED,,,OWNERSHIP_BASIS_UNVERIFIED,226443000.0,2026-Q2,2026-10-07,2026-Q2,2026-08-10,PROVIDER_FILING_DATE_PROXY,HELD,0.455,2026-08-10,4,4,,,
2026-10-08,CHPT,462,PB_OWNERSHIP_BASIS_V2,,NEGATIVE_EQUITY,,,NEGATIVE_EQUITY,-36092000.0,2027-Q2,2026-10-07,2027-Q2,2026-09-04,PROVIDER_FILING_DATE_PROXY,HELD,,2026-09-04,2,4,,,
2026-10-08,CHRD,463,PB_OWNERSHIP_BASIS_V2,0.8904324274179447,OK,,0.8904324274179447,OK,8357339000.0,2026-Q2,2026-10-07,2026-Q2,2026-08-06,PROVIDER_FILING_DATE_PROXY,EXISTING_UNREVIEWED_COMMON_RULE,0.867,2026-08-06,4,4,,,
2026-10-08,CHRS,464,PB_OWNERSHIP_BASIS_V2,2.5649425389816227,OK,,2.5649425389816227,OK,60838000.0,2026-Q2,2026-10-07,2026-Q2,2026-08-05,PROVIDER_FILING_DATE_PROXY,EXISTING_UNREVIEWED_COMMON_RULE,3.682,2026-08-05,4,4,,,
2026-10-08,CHRW,465,PB_OWNERSHIP_BASIS_V2,9.704521254413203,OK,,9.704521254413203,OK,1627690000.0,2026-Q2,2026-10-07,2026-Q2,2026-07-31,PROVIDER_FILING_DATE_PROXY,EXISTING_UNREVIEWED_COMMON_RULE,10.605,2026-07-31,4,4,,,
2026-10-08,CHTR,466,PB_OWNERSHIP_BASIS_V2,,MULTI_CLASS_UNVERIFIED,,,OWNERSHIP_REVIEW_STALE,16952000000.0,2026-Q2,2026-10-07,2026-Q2,2026-07-24,ACCEPTED_PROVIDER_DATE_PENDING_RECONCILIATION,HELD,0.868,2026-07-24,4,4,HELD,,35ffef1890144962e59234e5e6916d5a3bc58a55e5149c8ce9345578c0be4e85
2026-10-08,CHWY,467,PB_OWNERSHIP_BASIS_V2,,MISSING_EQUITY,,,MISSING_EQUITY,,2027-Q2,2026-10-07,2027-Q2,2026-09-09,PROVIDER_FILING_DATE_PROXY,HELD,,2026-09-09,0,4,,,
2026-10-08,CIEN,468,PB_OWNERSHIP_BASIS_V2,20.71175799735244,OK,,20.71175799735244,OK,3056738000.0,2026-Q3,2026-10-07,2026-Q3,2026-09-03,PROVIDER_FILING_DATE_PROXY,EXISTING_UNREVIEWED_COMMON_RULE,14.728,2026-09-03,4,4,,,
2026-10-08,CIFR,469,PB_OWNERSHIP_BASIS_V2,,OWNERSHIP_BASIS_UNVERIFIED,,,OWNERSHIP_BASIS_UNVERIFIED,562057000.0,2026-Q2,2026-10-07,2026-Q2,2026-08-04,PROVIDER_FILING_DATE_PROXY,HELD,15.049,2026-08-04,4,4,,,
2026-10-08,CIM,470,PB_OWNERSHIP_BASIS_V2,,OWNERSHIP_BASIS_UNVERIFIED,,,OWNERSHIP_BASIS_UNVERIFIED,2415626000.0,2026-Q2,2026-10-07,2026-Q2,2026-08-05,PROVIDER_FILING_DATE_PROXY,HELD,0.411,2026-08-05,4,4,,,
2026-10-08,CING,471,PB_OWNERSHIP_BASIS_V2,,OWNERSHIP_BASIS_UNVERIFIED,,,OWNERSHIP_BASIS_UNVERIFIED,23467035.0,2026-Q2,2026-10-07,2026-Q2,2026-08-13,PROVIDER_FILING_DATE_PROXY,HELD,3.092,2026-08-13,4,4,,,
2026-10-08,CISO,472,PB_OWNERSHIP_BASIS_V2,0.7630413949445023,OK,,0.7630413949445023,OK,12469654.0,2026-Q2,2026-10-07,2026-Q2,2026-08-14,PROVIDER_FILING_DATE_PROXY,EXISTING_UNREVIEWED_COMMON_RULE,0.984,2026-08-14,4,4,,,
2026-10-08,CL,473,PB_OWNERSHIP_BASIS_V2,294.58238003074774,OK,,294.58238003074774,OK,236000000.0,2026-Q2,2026-10-07,2026-Q2,2026-07-31,PROVIDER_FILING_DATE_PROXY,EXISTING_UNREVIEWED_COMMON_RULE,308.398,2026-07-31,4,4,,,
2026-10-08,CLAR,474,PB_OWNERSHIP_BASIS_V2,0.6591674332379069,OK,,0.6591674332379069,OK,198072000.0,2026-Q2,2026-10-07,2026-Q2,2026-08-06,PROVIDER_FILING_DATE_PROXY,EXISTING_UNREVIEWED_COMMON_RULE,0.651,2026-08-06,4,4,,,
2026-10-08,CLB,475,PB_OWNERSHIP_BASIS_V2,1.701303426010264,OK,,1.701303426010264,OK,272669000.0,2026-Q2,2026-10-07,2026-Q2,2026-07-30,PROVIDER_FILING_DATE_PROXY,EXISTING_UNREVIEWED_COMMON_RULE,1.742,2026-07-30,4,4,,,
2026-10-08,CLDT,476,PB_OWNERSHIP_BASIS_V2,,OWNERSHIP_BASIS_UNVERIFIED,,,OWNERSHIP_BASIS_UNVERIFIED,721689000.0,2026-Q2,2026-10-07,2026-Q2,2026-08-04,PROVIDER_FILING_DATE_PROXY,HELD,0.87,2026-08-04,4,4,,,
2026-10-08,CLDX,477,PB_OWNERSHIP_BASIS_V2,3.3442122507225545,OK,,3.3442122507225545,OK,714564000.0,2026-Q2,2026-10-07,2026-Q2,2026-08-06,PROVIDER_FILING_DATE_PROXY,EXISTING_UNREVIEWED_COMMON_RULE,4.567,2026-08-06,4,4,,,
2026-10-08,CLF,478,PB_OWNERSHIP_BASIS_V2,1.2278217712755408,OK,,1.2278217712755408,OK,5604000000.0,2026-Q2,2026-10-07,2026-Q2,2026-07-23,PROVIDER_FILING_DATE_PROXY,EXISTING_UNREVIEWED_COMMON_RULE,1.116,2026-07-23,4,4,,,
2026-10-08,CLFD,479,PB_OWNERSHIP_BASIS_V2,1.8173070113348666,OK,,1.8173070113348666,OK,245920000.0,2026-Q3,2026-10-07,2026-Q3,2026-08-06,PROVIDER_FILING_DATE_PROXY,EXISTING_UNREVIEWED_COMMON_RULE,1.473,2026-08-06,4,4,,,
2026-10-08,CLH,480,PB_OWNERSHIP_BASIS_V2,5.687871722375706,OK,,5.687871722375706,OK,2928422000.0,2026-Q2,2026-10-07,2026-Q2,2026-07-29,PROVIDER_FILING_DATE_PROXY,EXISTING_UNREVIEWED_COMMON_RULE,5.883,2026-07-29,4,4,,,
2026-10-08,CLMT,481,PB_OWNERSHIP_BASIS_V2,,NEGATIVE_EQUITY,,,NEGATIVE_EQUITY,-1137100000.0,2026-Q2,2026-10-07,2026-Q2,2026-08-07,PROVIDER_FILING_DATE_PROXY,HELD,,2026-08-07,0,4,,,
2026-10-08,CLNE,482,PB_OWNERSHIP_BASIS_V2,0.6095452036806429,OK,,0.6095452036806429,OK,553332000.0,2026-Q2,2026-10-07,2026-Q2,2026-08-06,PROVIDER_FILING_DATE_PROXY,EXISTING_UNREVIEWED_COMMON_RULE,0.741,2026-08-06,4,4,,,
2026-10-08,CLOV,483,PB_OWNERSHIP_BASIS_V2,,OWNERSHIP_BASIS_UNVERIFIED,,,OWNERSHIP_BASIS_UNVERIFIED,376257000.0,2026-Q2,2026-10-07,2026-Q2,2026-08-07,PROVIDER_FILING_DATE_PROXY,HELD,6.72,2026-08-07,4,4,,,
2026-10-08,CLPT,484,PB_OWNERSHIP_BASIS_V2,30.175858868357864,OK,,30.175858868357864,OK,10776000.0,2026-Q2,2026-10-07,2026-Q2,2026-08-03,PROVIDER_FILING_DATE_PROXY,EXISTING_UNREVIEWED_COMMON_RULE,43.537,2026-08-03,4,4,,,
2026-10-08,CLRB,485,PB_OWNERSHIP_BASIS_V2,,OWNERSHIP_BASIS_UNVERIFIED,,,OWNERSHIP_BASIS_UNVERIFIED,29871833.0,2026-Q2,2026-10-07,2026-Q2,2026-08-13,PROVIDER_FILING_DATE_PROXY,HELD,0.785,2026-08-13,4,4,,,
2026-10-08,CLRO,486,PB_OWNERSHIP_BASIS_V2,,NEGATIVE_EQUITY,,,NEGATIVE_EQUITY,-381000.0,2026-Q2,2026-10-07,2026-Q2,2026-08-14,PROVIDER_FILING_DATE_PROXY,HELD,,2026-08-14,2,4,,,
2026-10-08,CLS,487,PB_OWNERSHIP_BASIS_V2,,OWNERSHIP_BASIS_UNVERIFIED,,,OWNERSHIP_REVIEW_STALE,2479600000.0,2026-Q2,2026-10-07,2026-Q2,2026-07-27,ACCEPTED_PROVIDER_DATE_PENDING_RECONCILIATION,HELD,14.757,2026-07-27,4,4,HELD,,19738b181e48508f4a40afb8c6c23436894fe726ded85ac49f77070b0ceb3f9f
2026-10-08,CLVT,488,PB_OWNERSHIP_BASIS_V2,0.20722999508780912,OK,HISTORICAL_OHLC_INCOMPLETE,,OWNERSHIP_REVIEW_STALE,4537500000.0,2026-Q2,2026-10-07,2026-Q2,2026-06-30,OFFICIAL_COVER,OPERATOR_CONFIRMED_QUARTER,0.303,2026-07-29,4,4,IDENTITY_OVERRIDE,,e25f72ba2608d4b423cd2f448f9d12385ce8cdb2dbafa947f48405ad4fdfb276
2026-10-08,CLW,489,PB_OWNERSHIP_BASIS_V2,0.39298859029373345,OK,,0.39298859029373345,OK,794100000.0,2026-Q2,2026-10-07,2026-Q2,2026-07-28,PROVIDER_FILING_DATE_PROXY,EXISTING_UNREVIEWED_COMMON_RULE,0.356,2026-07-28,4,4,,,
2026-10-08,CLX,490,PB_OWNERSHIP_BASIS_V2,110.46375344815954,OK,,110.46375344815954,OK,90000000.0,2026-Q4,2026-10-07,2026-Q4,2026-08-07,PROVIDER_FILING_DATE_PROXY,EXISTING_UNREVIEWED_COMMON_RULE,141.288,2026-08-07,1,4,,,
2026-10-08,CLYM,491,PB_OWNERSHIP_BASIS_V2,2.567939875018344,OK,,2.567939875018344,OK,239547000.0,2026-Q2,2026-10-07,2026-Q2,2026-08-06,PROVIDER_FILING_DATE_PROXY,EXISTING_UNREVIEWED_COMMON_RULE,3.357,2026-08-06,4,4,,,
2026-10-08,CMC,492,PB_OWNERSHIP_BASIS_V2,1.5439528981653698,OK,,1.5439528981653698,OK,4531867000.0,2026-Q3,2026-10-07,2026-Q3,2026-06-29,PROVIDER_FILING_DATE_PROXY,EXISTING_UNREVIEWED_COMMON_RULE,1.578,2026-06-29,4,4,,,
2026-10-08,CMCO,493,PB_OWNERSHIP_BASIS_V2,0.3412081248619582,OK,,0.3412081248619582,OK,1367043000.0,2027-Q1,2026-10-07,2027-Q1,2026-07-30,PROVIDER_FILING_DATE_PROXY,EXISTING_UNREVIEWED_COMMON_RULE,0.437,2026-07-30,4,4,,,
2026-10-08,CMCSA,494,PB_OWNERSHIP_BASIS_V2,,MULTI_CLASS_UNVERIFIED,,,OWNERSHIP_REVIEW_STALE,89763000000.0,2026-Q2,2026-10-07,2026-Q2,2026-07-23,ACCEPTED_PROVIDER_DATE_PENDING_RECONCILIATION,HELD,0.867,2026-07-23,4,4,HELD,,39a5fcf7412e37d47ad7d7a4e85e4ee030f077a33aa52776345f62bf84141840
2026-10-08,CMCT,495,PB_OWNERSHIP_BASIS_V2,,OWNERSHIP_BASIS_UNVERIFIED,,,OWNERSHIP_BASIS_UNVERIFIED,245266000.0,2026-Q2,2026-10-07,2026-Q2,2026-08-14,PROVIDER_FILING_DATE_PROXY,HELD,0.057,2026-08-14,4,4,,,
2026-10-08,CME,496,PB_OWNERSHIP_BASIS_V2,3.664461440657176,OK,,3.664461440657176,OK,26520400000.0,2026-Q2,2026-10-07,2026-Q2,2026-07-24,PROVIDER_FILING_DATE_PROXY,EXISTING_UNREVIEWED_COMMON_RULE,3.462,2026-07-24,4,4,,,
2026-10-08,CMG,497,PB_OWNERSHIP_BASIS_V2,17.70027808971961,OK,,17.70027808971961,OK,2199791000.0,2026-Q2,2026-10-07,2026-Q2,2026-07-31,PROVIDER_FILING_DATE_PROXY,EXISTING_UNREVIEWED_COMMON_RULE,21.411,2026-07-31,4,4,,,
2026-10-08,CMI,498,PB_OWNERSHIP_BASIS_V2,5.54344153678873,OK,,5.54344153678873,OK,12847000000.0,2026-Q2,2026-10-07,2026-Q2,2026-08-04,PROVIDER_FILING_DATE_PROXY,EXISTING_UNREVIEWED_COMMON_RULE,6.815,2026-08-04,4,4,,,
2026-10-08,CMP,499,PB_OWNERSHIP_BASIS_V2,3.5958569767303756,OK,HISTORICAL_OHLC_INCOMPLETE,3.5958569767303756,OK,263500000.0,2026-Q3,2026-10-07,2026-Q3,2026-08-06,PROVIDER_FILING_DATE_PROXY,EXISTING_UNREVIEWED_COMMON_RULE,4.088,2026-08-06,4,4,,,
2026-10-08,CMPR,500,PB_OWNERSHIP_BASIS_V2,,NEGATIVE_EQUITY,,,NEGATIVE_EQUITY,-493985000.0,2026-Q4,2026-10-07,2026-Q4,2026-08-07,PROVIDER_FILING_DATE_PROXY,HELD,,2026-08-07,0,4,,,
2026-10-08,CMPS,501,PB_OWNERSHIP_BASIS_V2,19.14984669978367,OK,,19.14984669978367,OK,84533000.0,2026-Q2,2026-10-07,2026-Q2,2026-08-05,PROVIDER_FILING_DATE_PROXY,EXISTING_UNREVIEWED_COMMON_RULE,22.246,2026-08-05,3,4,,,
2026-10-08,CMPX,502,PB_OWNERSHIP_BASIS_V2,1.1062377362410831,OK,,1.1062377362410831,OK,166049000.0,2026-Q2,2026-10-07,2026-Q2,2026-08-06,PROVIDER_FILING_DATE_PROXY,EXISTING_UNREVIEWED_COMMON_RULE,2.158,2026-08-06,4,4,,,
2026-10-08,CMRC,503,PB_OWNERSHIP_BASIS_V2,5.4245365794894145,OK,,5.4245365794894145,OK,51629000.0,2026-Q2,2026-10-07,2026-Q2,2026-08-06,PROVIDER_FILING_DATE_PROXY,EXISTING_UNREVIEWED_COMMON_RULE,3.723,2026-08-06,4,4,,,
2026-10-08,CMS,504,PB_OWNERSHIP_BASIS_V2,,OWNERSHIP_BASIS_UNVERIFIED,,,OWNERSHIP_BASIS_UNVERIFIED,9774000000.0,2026-Q2,2026-10-07,2026-Q2,2026-07-28,PROVIDER_FILING_DATE_PROXY,HELD,2.386,2026-07-28,4,4,,,
2026-10-08,CMTG,505,PB_OWNERSHIP_BASIS_V2,0.14017455509932106,OK,,0.14017455509932106,OK,1237982000.0,2026-Q2,2026-10-07,2026-Q2,2026-07-29,PROVIDER_FILING_DATE_PROXY,EXISTING_UNREVIEWED_COMMON_RULE,0.236,2026-07-29,4,4,,,
2026-10-08,CMTL,506,PB_OWNERSHIP_BASIS_V2,0.7077413556927358,OK,,0.7077413556927358,OK,52494000.0,2026-Q3,2026-10-07,2026-Q3,2026-06-15,PROVIDER_FILING_DATE_PROXY,EXISTING_UNREVIEWED_COMMON_RULE,1.572,2026-06-15,4,4,,,
2026-10-08,CNC,507,PB_OWNERSHIP_BASIS_V2,1.4229560320323034,OK,,1.4229560320323034,OK,22562000000.0,2026-Q2,2026-10-07,2026-Q2,2026-07-28,PROVIDER_FILING_DATE_PROXY,EXISTING_UNREVIEWED_COMMON_RULE,1.399,2026-07-28,4,4,,,
2026-10-08,CNDT,508,PB_OWNERSHIP_BASIS_V2,0.4730670792925947,OK,,0.4730670792925947,OK,526000000.0,2026-Q2,2026-10-07,2026-Q2,2026-08-10,PROVIDER_FILING_DATE_PROXY,EXISTING_UNREVIEWED_COMMON_RULE,0.461,2026-08-10,4,4,,,
2026-10-08,CNH,509,PB_OWNERSHIP_BASIS_V2,2.5835435893537038,OK,LARGE_ENDPOINT_VS_AVERAGE_SHARE_DIFFERENCE,2.5835435893537038,OK,7756000000.0,2026-Q2,2026-10-07,2026-Q2,2026-08-03,PROVIDER_FILING_DATE_PROXY,EXISTING_UNREVIEWED_COMMON_RULE,2.239,2026-08-03,4,4,,,
2026-10-08,CNK,510,PB_OWNERSHIP_BASIS_V2,8.51625892043384,OK,,8.51625892043384,OK,495700000.0,2026-Q2,2026-10-07,2026-Q2,2026-07-30,PROVIDER_FILING_DATE_PROXY,EXISTING_UNREVIEWED_COMMON_RULE,8.453,2026-07-30,4,4,,,
2026-10-08,CNM,511,PB_OWNERSHIP_BASIS_V2,,MISSING_EQUITY,,,MISSING_EQUITY,,2027-Q2,2026-10-07,2027-Q2,2026-09-09,PROVIDER_FILING_DATE_PROXY,HELD,,2026-09-09,0,4,,,
2026-10-08,CNMD,512,PB_OWNERSHIP_BASIS_V2,1.2720918054997712,OK,HISTORICAL_OHLC_INCOMPLETE,1.2720918054997712,OK,1041390000.0,2026-Q2,2026-10-07,2026-Q2,2026-07-29,PROVIDER_FILING_DATE_PROXY,EXISTING_UNREVIEWED_COMMON_RULE,1.243,2026-07-29,4,4,,,
2026-10-08,CNNE,513,PB_OWNERSHIP_BASIS_V2,0.7038799978335469,OK,,0.7038799978335469,OK,957600000.0,2026-Q2,2026-10-07,2026-Q2,2026-08-10,PROVIDER_FILING_DATE_PROXY,EXISTING_UNREVIEWED_COMMON_RULE,0.664,2026-08-10,4,4,,,
2026-10-08,CNP,514,PB_OWNERSHIP_BASIS_V2,,OWNERSHIP_BASIS_UNVERIFIED,HISTORICAL_OHLC_INCOMPLETE,,OWNERSHIP_BASIS_UNVERIFIED,11720000000.0,2026-Q2,2026-10-07,2026-Q2,2026-07-28,PROVIDER_FILING_DATE_PROXY,HELD,2.479,2026-07-28,4,4,,,
2026-10-08,CNR,515,PB_OWNERSHIP_BASIS_V2,1.1861576212173868,OK,,1.1861576212173868,OK,3718877000.0,2026-Q2,2026-10-07,2026-Q2,2026-08-06,PROVIDER_FILING_DATE_PROXY,EXISTING_UNREVIEWED_COMMON_RULE,1.201,2026-08-06,4,4,,,
2026-10-08,CNVS,516,PB_OWNERSHIP_BASIS_V2,1.138862711344514,OK,,1.138862711344514,OK,40076000.0,2027-Q1,2026-10-07,2027-Q1,2026-08-13,PROVIDER_FILING_DATE_PROXY,EXISTING_UNREVIEWED_COMMON_RULE,1.702,2026-08-13,4,4,,,
2026-10-08,CNX,517,PB_OWNERSHIP_BASIS_V2,1.0350965051744134,OK,,1.0350965051744134,OK,4843809000.0,2026-Q2,2026-10-07,2026-Q2,2026-07-30,PROVIDER_FILING_DATE_PROXY,EXISTING_UNREVIEWED_COMMON_RULE,1.057,2026-07-30,4,4,,,
2026-10-08,CNXC,518,PB_OWNERSHIP_BASIS_V2,0.5909185575645595,OK,,0.5909185575645595,OK,2701286000.0,2026-Q2,2026-10-07,2026-Q2,2026-07-02,PROVIDER_FILING_DATE_PROXY,EXISTING_UNREVIEWED_COMMON_RULE,0.533,2026-07-02,4,4,,,
2026-10-08,CNXN,519,PB_OWNERSHIP_BASIS_V2,2.4367820613474227,OK,,2.4367820613474227,OK,952650000.0,2026-Q2,2026-10-07,2026-Q2,2026-07-29,PROVIDER_FILING_DATE_PROXY,EXISTING_UNREVIEWED_COMMON_RULE,2.198,2026-07-29,4,4,,,
2026-10-08,COCH,520,PB_OWNERSHIP_BASIS_V2,,OWNERSHIP_BASIS_UNVERIFIED,LARGE_ENDPOINT_VS_AVERAGE_SHARE_DIFFERENCE,,OWNERSHIP_BASIS_UNVERIFIED,3303000.0,2026-Q2,2026-10-07,2026-Q2,2026-08-10,PROVIDER_FILING_DATE_PROXY,HELD,16.477,2026-08-10,2,4,,,
2026-10-08,COCO,521,PB_OWNERSHIP_BASIS_V2,7.251517298108766,OK,,7.251517298108766,OK,400904000.0,2026-Q2,2026-10-07,2026-Q2,2026-07-23,PROVIDER_FILING_DATE_PROXY,EXISTING_UNREVIEWED_COMMON_RULE,9.932,2026-07-23,4,4,,,
2026-10-08,CODI,522,PB_OWNERSHIP_BASIS_V2,,OWNERSHIP_BASIS_UNVERIFIED,,,OWNERSHIP_BASIS_UNVERIFIED,472560000.0,2026-Q2,2026-10-07,2026-Q2,2026-08-10,PROVIDER_FILING_DATE_PROXY,HELD,1.764,2026-08-10,4,4,,,
2026-10-08,COGT,523,PB_OWNERSHIP_BASIS_V2,9.82374293103668,OK,,9.82374293103668,OK,532388000.0,2026-Q2,2026-10-07,2026-Q2,2026-08-10,PROVIDER_FILING_DATE_PROXY,EXISTING_UNREVIEWED_COMMON_RULE,13.536,2026-08-10,4,4,,,
2026-10-08,COHR,524,PB_OWNERSHIP_BASIS_V2,,OWNERSHIP_BASIS_UNVERIFIED,,,OWNERSHIP_BASIS_UNVERIFIED,10903495000.0,2026-Q4,2026-10-07,2026-Q4,2026-08-14,PROVIDER_FILING_DATE_PROXY,HELD,5.852,2026-08-14,4,4,,,
2026-10-08,COHU,525,PB_OWNERSHIP_BASIS_V2,4.325672783407214,OK,,4.325672783407214,OK,774588000.0,2026-Q2,2026-10-07,2026-Q2,2026-07-31,PROVIDER_FILING_DATE_PROXY,EXISTING_UNREVIEWED_COMMON_RULE,2.933,2026-07-31,4,4,,,
2026-10-08,COIN,526,PB_OWNERSHIP_BASIS_V2,3.599610395540223,OK,,3.599610395540223,OK,13079665000.0,2026-Q2,2026-10-07,2026-Q2,2026-07-30,PROVIDER_FILING_DATE_PROXY,EXISTING_UNREVIEWED_COMMON_RULE,3.3,2026-07-30,4,4,,,
2026-10-08,COKE,527,PB_OWNERSHIP_BASIS_V2,,NEGATIVE_EQUITY,,,NEGATIVE_EQUITY,-500130000.0,2026-Q2,2026-10-07,2026-Q2,2026-08-05,PROVIDER_FILING_DATE_PROXY,HELD,,2026-08-05,1,4,,,
2026-10-08,COLD,528,PB_OWNERSHIP_BASIS_V2,1.6139158122811923,OK,,1.6139158122811923,OK,2414506000.0,2026-Q2,2026-10-07,2026-Q2,2026-08-06,PROVIDER_FILING_DATE_PROXY,EXISTING_UNREVIEWED_COMMON_RULE,1.705,2026-08-06,4,4,,,
2026-10-08,COLL,529,PB_OWNERSHIP_BASIS_V2,2.2889515949369357,OK,,2.2889515949369357,OK,311909000.0,2026-Q2,2026-10-07,2026-Q2,2026-08-06,PROVIDER_FILING_DATE_PROXY,EXISTING_UNREVIEWED_COMMON_RULE,3.038,2026-08-06,4,4,,,
2026-10-08,COLM,530,PB_OWNERSHIP_BASIS_V2,1.8069103274897933,OK,,1.8069103274897933,OK,1601602000.0,2026-Q2,2026-10-07,2026-Q2,2026-08-06,PROVIDER_FILING_DATE_PROXY,EXISTING_UNREVIEWED_COMMON_RULE,1.831,2026-08-06,4,4,,,
2026-10-08,COMP,531,PB_OWNERSHIP_BASIS_V2,2.3369011992484174,OK,,2.3369011992484174,OK,2979000000.0,2026-Q2,2026-10-07,2026-Q2,2026-08-06,PROVIDER_FILING_DATE_PROXY,EXISTING_UNREVIEWED_COMMON_RULE,3.199,2026-08-06,4,4,,,
2026-10-08,COO,532,PB_OWNERSHIP_BASIS_V2,,MISSING_EQUITY,,,MISSING_EQUITY,,2026-Q3,2026-10-07,2026-Q3,2026-09-09,PROVIDER_FILING_DATE_PROXY,HELD,,2026-09-09,0,4,,,
2026-10-08,COOK,533,PB_OWNERSHIP_BASIS_V2,0.8651145544285684,OK,HISTORICAL_OHLC_INCOMPLETE,0.8651145544285684,OK,167289000.0,2026-Q2,2026-10-07,2026-Q2,2026-08-06,PROVIDER_FILING_DATE_PROXY,EXISTING_UNREVIEWED_COMMON_RULE,0.994,2026-08-06,4,4,,,
2026-10-08,COP,534,PB_OWNERSHIP_BASIS_V2,2.386901924649662,OK,HISTORICAL_OHLC_INCOMPLETE,2.386901924649662,OK,65349000000.0,2026-Q2,2026-10-07,2026-Q2,2026-08-06,PROVIDER_FILING_DATE_PROXY,EXISTING_UNREVIEWED_COMMON_RULE,2.146,2026-08-06,4,4,,,
2026-10-08,COR,535,PB_OWNERSHIP_BASIS_V2,19.842920845272207,OK,,19.842920845272207,OK,3050958000.0,2026-Q3,2026-10-07,2026-Q3,2026-08-05,PROVIDER_FILING_DATE_PROXY,EXISTING_UNREVIEWED_COMMON_RULE,19.841,2026-08-05,4,4,,,
2026-10-08,CORT,536,PB_OWNERSHIP_BASIS_V2,18.318231444898856,OK,,18.318231444898856,OK,705776000.0,2026-Q2,2026-10-07,2026-Q2,2026-07-29,PROVIDER_FILING_DATE_PROXY,EXISTING_UNREVIEWED_COMMON_RULE,14.236,2026-07-29,4,4,,,
2026-10-08,CORZ,537,PB_OWNERSHIP_BASIS_V2,,NEGATIVE_EQUITY,,,NEGATIVE_EQUITY,-2419356000.0,2026-Q2,2026-10-07,2026-Q2,2026-07-28,PROVIDER_FILING_DATE_PROXY,HELD,,2026-07-28,0,4,,,
2026-10-08,COSM,538,PB_OWNERSHIP_BASIS_V2,1.5624788352246297,OK,LARGE_ENDPOINT_VS_AVERAGE_SHARE_DIFFERENCE,1.5624788352246297,OK,20674483.0,2026-Q2,2026-10-07,2026-Q2,2026-08-18,PROVIDER_FILING_DATE_PROXY,EXISTING_UNREVIEWED_COMMON_RULE,1.006,2026-08-18,4,4,,,
2026-10-08,COST,539,PB_OWNERSHIP_BASIS_V2,12.470318513503834,OK,,12.470318513503834,OK,33509000000.0,2026-Q3,2026-10-07,2026-Q3,2026-06-03,PROVIDER_FILING_DATE_PROXY,EXISTING_UNREVIEWED_COMMON_RULE,12.729,2026-06-03,4,4,,,
2026-10-08,COTY,540,PB_OWNERSHIP_BASIS_V2,0.8248058524954333,OK,,0.8248058524954333,OK,2989700000.0,2026-Q4,2026-10-07,2026-Q4,2026-08-20,PROVIDER_FILING_DATE_PROXY,EXISTING_UNREVIEWED_COMMON_RULE,0.81,2026-08-20,4,4,,,
2026-10-08,COUR,541,PB_OWNERSHIP_BASIS_V2,1.1577412426659883,OK,,1.1577412426659883,OK,1167000000.0,2026-Q2,2026-10-07,2026-Q2,2026-08-05,PROVIDER_FILING_DATE_PROXY,EXISTING_UNREVIEWED_COMMON_RULE,1.316,2026-08-05,4,4,,,
2026-10-08,CP,542,PB_OWNERSHIP_BASIS_V2,2.2074454236906984,OK,,2.2074454236906984,OK,33304285714.0,2026-Q2,2026-10-07,2026-Q2,2026-07-29,PROVIDER_FILING_DATE_PROXY,EXISTING_UNREVIEWED_COMMON_RULE,2.41,2026-07-29,4,4,,,
2026-10-08,CPAY,543,PB_OWNERSHIP_BASIS_V2,7.460264634489649,OK,,7.460264634489649,OK,3541884000.0,2026-Q2,2026-10-07,2026-Q2,2026-08-07,PROVIDER_FILING_DATE_PROXY,EXISTING_UNREVIEWED_COMMON_RULE,7.284,2026-08-07,4,4,,,
2026-10-08,CPB,544,PB_OWNERSHIP_BASIS_V2,,MISSING_EQUITY,,,MISSING_EQUITY,,2026-Q4,2026-10-07,2026-Q4,2026-09-24,PROVIDER_FILING_DATE_PROXY,HELD,,2026-09-24,0,4,,,
2026-10-08,CPIX,545,PB_OWNERSHIP_BASIS_V2,5.920032587975442,OK,,5.920032587975442,OK,17438013.0,2026-Q2,2026-10-07,2026-Q2,2026-08-07,PROVIDER_FILING_DATE_PROXY,EXISTING_UNREVIEWED_COMMON_RULE,6.702,2026-08-07,4,4,,,
2026-10-08,CPK,546,PB_OWNERSHIP_BASIS_V2,1.8414773436059744,OK,,1.8414773436059744,OK,1673400000.0,2026-Q2,2026-10-07,2026-Q2,2026-08-06,PROVIDER_FILING_DATE_PROXY,EXISTING_UNREVIEWED_COMMON_RULE,1.923,2026-08-06,4,4,,,
2026-10-08,CPNG,547,PB_OWNERSHIP_BASIS_V2,8.912336478368237,OK,,8.912336478368237,OK,2987000000.0,2026-Q2,2026-10-07,2026-Q2,2026-08-04,PROVIDER_FILING_DATE_PROXY,EXISTING_UNREVIEWED_COMMON_RULE,10.098,2026-08-04,4,4,,,
2026-10-08,CPRI,548,PB_OWNERSHIP_BASIS_V2,11.892241421955676,OK,,11.892241421955676,OK,138000000.0,2027-Q1,2026-10-07,2027-Q1,2026-08-05,PROVIDER_FILING_DATE_PROXY,EXISTING_UNREVIEWED_COMMON_RULE,13.193,2026-08-05,3,4,,,
2026-10-08,CPRT,549,PB_OWNERSHIP_BASIS_V2,,MISSING_EQUITY,,,MISSING_EQUITY,,2026-Q4,2026-10-07,2026-Q4,2026-09-29,PROVIDER_FILING_DATE_PROXY,HELD,,2026-09-29,0,4,,,
2026-10-08,CPS,550,PB_OWNERSHIP_BASIS_V2,,NEGATIVE_EQUITY,,,NEGATIVE_EQUITY,-130567000.0,2026-Q2,2026-10-07,2026-Q2,2026-08-06,PROVIDER_FILING_DATE_PROXY,HELD,,2026-08-06,0,4,,,
2026-10-08,CPT,551,PB_OWNERSHIP_BASIS_V2,2.533234065175609,OK,,2.533234065175609,OK,3802124000.0,2026-Q2,2026-10-07,2026-Q2,2026-07-31,PROVIDER_FILING_DATE_PROXY,EXISTING_UNREVIEWED_COMMON_RULE,2.93,2026-07-31,4,4,,,
2026-10-08,CQP,552,PB_OWNERSHIP_BASIS_V2,40.72761283422799,OK,,40.72761283422799,OK,754000000.0,2026-Q2,2026-10-07,2026-Q2,2026-08-06,PROVIDER_FILING_DATE_PROXY,EXISTING_UNREVIEWED_COMMON_RULE,42.397,2026-08-06,3,4,,,
2026-10-08,CR,553,PB_OWNERSHIP_BASIS_V2,5.402857568053218,OK,HISTORICAL_OHLC_INCOMPLETE,5.402857568053218,OK,2177600000.0,2026-Q2,2026-10-07,2026-Q2,2026-07-31,PROVIDER_FILING_DATE_PROXY,EXISTING_UNREVIEWED_COMMON_RULE,5.666,2026-07-31,4,4,,,
2026-10-08,CRBP,554,PB_OWNERSHIP_BASIS_V2,1.038572908285694,OK,,1.038572908285694,OK,102240000.0,2026-Q2,2026-10-07,2026-Q2,2026-08-06,PROVIDER_FILING_DATE_PROXY,EXISTING_UNREVIEWED_COMMON_RULE,1.843,2026-08-06,4,4,,,
2026-10-08,CRBU,555,PB_OWNERSHIP_BASIS_V2,0.6742679433946517,OK,,0.6742679433946517,OK,98102000.0,2026-Q2,2026-10-07,2026-Q2,2026-08-13,PROVIDER_FILING_DATE_PROXY,EXISTING_UNREVIEWED_COMMON_RULE,1.759,2026-08-13,4,4,,,
2026-10-08,CRC,556,PB_OWNERSHIP_BASIS_V2,1.3591898152720638,OK,,1.3591898152720638,OK,3402000000.0,2026-Q2,2026-10-07,2026-Q2,2026-08-10,PROVIDER_FILING_DATE_PROXY,EXISTING_UNREVIEWED_COMMON_RULE,1.403,2026-08-10,4,4,,,
2026-10-08,CRCT,557,PB_OWNERSHIP_BASIS_V2,3.6178682089563474,OK,,3.6178682089563474,OK,368191000.0,2026-Q2,2026-10-07,2026-Q2,2026-08-04,PROVIDER_FILING_DATE_PROXY,EXISTING_UNREVIEWED_COMMON_RULE,2.81,2026-08-04,4,4,,,
2026-10-08,CRDF,558,PB_OWNERSHIP_BASIS_V2,,OWNERSHIP_BASIS_UNVERIFIED,,,OWNERSHIP_BASIS_UNVERIFIED,26532000.0,2026-Q2,2026-10-07,2026-Q2,2026-08-11,PROVIDER_FILING_DATE_PROXY,HELD,3.079,2026-08-11,4,4,,,
2026-10-08,CRDO,559,PB_OWNERSHIP_BASIS_V2,15.155379146241795,OK,,15.155379146241795,OK,2728490000.0,2027-Q1,2026-10-07,2027-Q1,2026-09-02,PROVIDER_FILING_DATE_PROXY,EXISTING_UNREVIEWED_COMMON_RULE,11.381,2026-09-02,4,4,,,
2026-10-08,CRGY,560,PB_OWNERSHIP_BASIS_V2,0.8638546852430506,OK,,0.8638546852430506,OK,5151952000.0,2026-Q2,2026-10-07,2026-Q2,2026-08-03,PROVIDER_FILING_DATE_PROXY,EXISTING_UNREVIEWED_COMMON_RULE,0.733,2026-08-03,4,4,,,
2026-10-08,CRH,561,PB_OWNERSHIP_BASIS_V2,2.2547982382764236,OK,,,OWNERSHIP_REVIEW_STALE,24035000000.0,2026-Q2,2026-10-07,2026-Q2,2026-07-20,OFFICIAL_COVER,OPERATOR_CONFIRMED_QUARTER,2.657,2026-07-30,4,4,IDENTITY_OVERRIDE,,ffd123be0b2662ce733017fec697ba89fbda0a1db6d8cf76df662e591cc963a0
2026-10-08,CRI,562,PB_OWNERSHIP_BASIS_V2,1.1595943839069225,OK,,1.1595943839069225,OK,1027323000.0,2026-Q2,2026-10-07,2026-Q2,2026-07-31,PROVIDER_FILING_DATE_PROXY,EXISTING_UNREVIEWED_COMMON_RULE,1.378,2026-07-31,4,4,,,
2026-10-08,CRK,563,PB_OWNERSHIP_BASIS_V2,1.5687771037501517,OK,,1.5687771037501517,OK,2579137000.0,2026-Q2,2026-10-07,2026-Q2,2026-07-30,PROVIDER_FILING_DATE_PROXY,EXISTING_UNREVIEWED_COMMON_RULE,1.446,2026-07-30,4,4,,,
2026-10-08,CRL,564,PB_OWNERSHIP_BASIS_V2,5.0485282898407045,OK,HISTORICAL_OHLC_INCOMPLETE,5.0485282898407045,OK,2839636000.0,2026-Q2,2026-10-07,2026-Q2,2026-08-05,PROVIDER_FILING_DATE_PROXY,EXISTING_UNREVIEWED_COMMON_RULE,4.383,2026-08-05,4,4,,,
2026-10-08,CRM,565,PB_OWNERSHIP_BASIS_V2,4.815594298575294,OK,HISTORICAL_OHLC_INCOMPLETE,4.815594298575294,OK,38378000000.0,2027-Q2,2026-10-07,2027-Q2,2026-08-27,PROVIDER_FILING_DATE_PROXY,EXISTING_UNREVIEWED_COMMON_RULE,5.405,2026-08-27,4,4,,,
2026-10-08,CRMD,566,PB_OWNERSHIP_BASIS_V2,1.2313239179341975,OK,,1.2313239179341975,OK,460833000.0,2026-Q2,2026-10-07,2026-Q2,2026-08-13,PROVIDER_FILING_DATE_PROXY,EXISTING_UNREVIEWED_COMMON_RULE,1.377,2026-08-13,4,4,,,
2026-10-08,CRMT,567,PB_OWNERSHIP_BASIS_V2,,MISSING_EQUITY,,,MISSING_EQUITY,,2027-Q1,2026-10-07,2027-Q1,2026-09-09,PROVIDER_FILING_DATE_PROXY,HELD,,2026-09-09,0,4,,,
2026-10-08,CRNC,568,PB_OWNERSHIP_BASIS_V2,2.2539814420128317,OK,,2.2539814420128317,OK,166354000.0,2026-Q3,2026-10-07,2026-Q3,2026-08-06,PROVIDER_FILING_DATE_PROXY,EXISTING_UNREVIEWED_COMMON_RULE,2.452,2026-08-06,4,4,,,
2026-10-08,CRNX,569,PB_OWNERSHIP_BASIS_V2,,STALE_PRICE,,,STALE_PRICE,1191962000.0,2026-Q2,2026-09-02,2026-Q2,2026-08-03,PROVIDER_FILING_DATE_PROXY,HELD,7.453,2026-08-03,4,4,,,
2026-10-08,CRON,570,PB_OWNERSHIP_BASIS_V2,1.1169542037907412,OK,,1.1169542037907412,OK,1068672000.0,2026-Q2,2026-10-07,2026-Q2,2026-08-06,PROVIDER_FILING_DATE_PROXY,EXISTING_UNREVIEWED_COMMON_RULE,1.058,2026-08-06,4,4,,,
2026-10-08,CROX,571,PB_OWNERSHIP_BASIS_V2,3.988861272532916,OK,,3.988861272532916,OK,1384674000.0,2026-Q2,2026-10-07,2026-Q2,2026-07-30,PROVIDER_FILING_DATE_PROXY,EXISTING_UNREVIEWED_COMMON_RULE,4.282,2026-07-30,4,4,,,
2026-10-08,CRS,572,PB_OWNERSHIP_BASIS_V2,8.702561019787781,OK,,8.702561019787781,OK,2227600000.0,2026-Q4,2026-10-07,2026-Q4,2026-08-12,PROVIDER_FILING_DATE_PROXY,EXISTING_UNREVIEWED_COMMON_RULE,11.761,2026-08-12,4,4,,,
2026-10-08,CRSP,573,PB_OWNERSHIP_BASIS_V2,2.8982035090923315,OK,,2.8982035090923315,OK,1746551000.0,2026-Q2,2026-10-07,2026-Q2,2026-08-03,PROVIDER_FILING_DATE_PROXY,EXISTING_UNREVIEWED_COMMON_RULE,2.744,2026-08-03,4,4,,,
2026-10-08,CRSR,574,PB_OWNERSHIP_BASIS_V2,2.211199585648118,OK,,2.211199585648118,OK,664854000.0,2026-Q2,2026-10-07,2026-Q2,2026-08-06,PROVIDER_FILING_DATE_PROXY,EXISTING_UNREVIEWED_COMMON_RULE,1.726,2026-08-06,4,4,,,
2026-10-08,CRTO,575,PB_OWNERSHIP_BASIS_V2,0.6474979139159254,OK,,0.6474979139159254,OK,1127515000.0,2026-Q2,2026-10-07,2026-Q2,2026-08-05,PROVIDER_FILING_DATE_PROXY,EXISTING_UNREVIEWED_COMMON_RULE,0.741,2026-08-05,4,4,,,
2026-10-08,CRUS,576,PB_OWNERSHIP_BASIS_V2,2.5796751262371536,OK,,2.5796751262371536,OK,2189131000.0,2027-Q1,2026-10-07,2027-Q1,2026-08-05,PROVIDER_FILING_DATE_PROXY,EXISTING_UNREVIEWED_COMMON_RULE,2.963,2026-08-05,4,4,,,
2026-10-08,CRVO,577,PB_OWNERSHIP_BASIS_V2,2.0939940929034386,OK,LARGE_ENDPOINT_VS_AVERAGE_SHARE_DIFFERENCE,2.0939940929034386,OK,22960297.0,2026-Q2,2026-10-07,2026-Q2,2026-08-07,PROVIDER_FILING_DATE_PROXY,EXISTING_UNREVIEWED_COMMON_RULE,1.89,2026-08-07,4,4,,,
2026-10-08,CRVS,578,PB_OWNERSHIP_BASIS_V2,3.886330212863748,OK,,3.886330212863748,OK,225328000.0,2026-Q2,2026-10-07,2026-Q2,2026-08-06,PROVIDER_FILING_DATE_PROXY,EXISTING_UNREVIEWED_COMMON_RULE,5.174,2026-08-06,4,4,,,
2026-10-08,CRWD,579,PB_OWNERSHIP_BASIS_V2,53.27478847548807,OK,,53.27478847548807,OK,5101724000.0,2027-Q2,2026-10-07,2027-Q2,2026-08-27,PROVIDER_FILING_DATE_PROXY,EXISTING_UNREVIEWED_COMMON_RULE,45.752,2026-08-27,4,4,,,
2026-10-08,CSCO,580,PB_OWNERSHIP_BASIS_V2,9.203942937558038,OK,,9.203942937558038,OK,50285000000.0,2026-Q4,2026-10-07,2026-Q4,2026-09-02,PROVIDER_FILING_DATE_PROXY,EXISTING_UNREVIEWED_COMMON_RULE,8.582,2026-09-02,4,4,,,
2026-10-08,CSGP,581,PB_OWNERSHIP_BASIS_V2,1.4099159837834863,OK,,1.4099159837834863,OK,7932000000.0,2026-Q2,2026-10-07,2026-Q2,2026-07-29,PROVIDER_FILING_DATE_PROXY,EXISTING_UNREVIEWED_COMMON_RULE,1.524,2026-07-29,4,4,,,
2026-10-08,CSL,582,PB_OWNERSHIP_BASIS_V2,7.814637306294315,OK,,7.814637306294315,OK,1617200000.0,2026-Q2,2026-10-07,2026-Q2,2026-07-30,PROVIDER_FILING_DATE_PROXY,EXISTING_UNREVIEWED_COMMON_RULE,9.083,2026-07-30,4,4,,,
2026-10-08,CSR,583,PB_OWNERSHIP_BASIS_V2,,OWNERSHIP_BASIS_UNVERIFIED,HISTORICAL_OHLC_INCOMPLETE,,OWNERSHIP_BASIS_UNVERIFIED,680223000.0,2026-Q2,2026-10-07,2026-Q2,2026-08-03,PROVIDER_FILING_DATE_PROXY,HELD,1.37,2026-08-03,4,4,,,
2026-10-08,CSTL,584,PB_OWNERSHIP_BASIS_V2,2.144828481160777,OK,,2.144828481160777,OK,470030000.0,2026-Q2,2026-10-07,2026-Q2,2026-07-30,PROVIDER_FILING_DATE_PROXY,EXISTING_UNREVIEWED_COMMON_RULE,1.741,2026-07-30,4,4,,,
2026-10-08,CSTM,585,PB_OWNERSHIP_BASIS_V2,2.764939691894017,OK,,,OWNERSHIP_REVIEW_STALE,1246000000.0,2026-Q2,2026-10-07,2026-Q2,2026-06-30,OFFICIAL_COVER,OPERATOR_CONFIRMED_QUARTER,3.005,2026-07-29,4,4,IDENTITY_OVERRIDE,,61e6829c4b37a9d0a01f643b98e6179099d072329ac6a0b1e326caff63c4fdbb
2026-10-08,CSV,586,PB_OWNERSHIP_BASIS_V2,1.9215503247775156,OK,,1.9215503247775156,OK,279369000.0,2026-Q2,2026-10-07,2026-Q2,2026-08-06,PROVIDER_FILING_DATE_PROXY,EXISTING_UNREVIEWED_COMMON_RULE,2.103,2026-08-06,4,4,,,
2026-10-08,CSW,587,PB_OWNERSHIP_BASIS_V2,4.351053194073003,OK,,4.351053194073003,OK,1073612000.0,2027-Q1,2026-10-07,2027-Q1,2026-07-30,PROVIDER_FILING_DATE_PROXY,EXISTING_UNREVIEWED_COMMON_RULE,4.756,2026-07-30,4,4,,,
2026-10-08,CSX,588,PB_OWNERSHIP_BASIS_V2,6.155192604255903,OK,,6.155192604255903,OK,14088000000.0,2026-Q2,2026-10-07,2026-Q2,2026-07-22,PROVIDER_FILING_DATE_PROXY,EXISTING_UNREVIEWED_COMMON_RULE,6.565,2026-07-22,4,4,,,
2026-10-08,CTAS,589,PB_OWNERSHIP_BASIS_V2,15.35236800158573,OK,,15.35236800158573,OK,5139887000.0,2026-Q4,2026-10-07,2026-Q4,2026-07-29,PROVIDER_FILING_DATE_PROXY,EXISTING_UNREVIEWED_COMMON_RULE,16.858,2026-07-29,4,4,,,
2026-10-08,CTEV,590,PB_OWNERSHIP_BASIS_V2,,NEGATIVE_EQUITY,,,NEGATIVE_EQUITY,-294564000.0,2026-Q2,2026-10-07,2026-Q2,2026-08-07,PROVIDER_FILING_DATE_PROXY,HELD,,2026-08-07,0,4,,,
2026-10-08,CTKB,591,PB_OWNERSHIP_BASIS_V2,2.1559309430970583,OK,,2.1559309430970583,OK,321954000.0,2026-Q2,2026-10-07,2026-Q2,2026-08-05,PROVIDER_FILING_DATE_PROXY,EXISTING_UNREVIEWED_COMMON_RULE,1.688,2026-08-05,4,4,,,
2026-10-08,CTMX,592,PB_OWNERSHIP_BASIS_V2,1.8394638419486753,OK,,1.8394638419486753,OK,302068000.0,2026-Q2,2026-10-07,2026-Q2,2026-08-06,PROVIDER_FILING_DATE_PROXY,EXISTING_UNREVIEWED_COMMON_RULE,2.431,2026-08-06,4,4,,,
2026-10-08,CTNM,593,PB_OWNERSHIP_BASIS_V2,1.998318422508606,OK,,1.998318422508606,OK,239660000.0,2026-Q2,2026-10-07,2026-Q2,2026-07-30,PROVIDER_FILING_DATE_PROXY,EXISTING_UNREVIEWED_COMMON_RULE,2.472,2026-07-30,4,4,,,
2026-10-08,CTNT,594,PB_OWNERSHIP_BASIS_V2,,MISSING_EQUITY,LARGE_ENDPOINT_VS_AVERAGE_SHARE_DIFFERENCE,,MISSING_EQUITY,,2026-Q2,2026-10-07,2026-Q2,2026-08-13,PROVIDER_FILING_DATE_PROXY,HELD,,2026-08-13,0,4,,,
2026-10-08,CTO,595,PB_OWNERSHIP_BASIS_V2,,OWNERSHIP_BASIS_UNVERIFIED,,,OWNERSHIP_BASIS_UNVERIFIED,663183000.0,2026-Q2,2026-10-07,2026-Q2,2026-07-28,PROVIDER_FILING_DATE_PROXY,HELD,1.238,2026-07-28,4,4,,,
2026-10-08,CTOR,596,PB_OWNERSHIP_BASIS_V2,,OWNERSHIP_BASIS_UNVERIFIED,,,OWNERSHIP_BASIS_UNVERIFIED,40384994.0,2026-Q3,2026-10-07,2026-Q3,2026-08-14,PROVIDER_FILING_DATE_PROXY,HELD,2.095,2026-08-14,4,4,,,
2026-10-08,CTOS,597,PB_OWNERSHIP_BASIS_V2,,OWNERSHIP_BASIS_UNVERIFIED,HISTORICAL_OHLC_INCOMPLETE,,OWNERSHIP_BASIS_UNVERIFIED,815957000.0,2026-Q2,2026-10-07,2026-Q2,2026-08-03,PROVIDER_FILING_DATE_PROXY,HELD,2.964,2026-08-03,4,4,,,
2026-10-08,CTRE,598,PB_OWNERSHIP_BASIS_V2,1.8844982650302564,OK,,1.8844982650302564,OK,4491393000.0,2026-Q2,2026-10-07,2026-Q2,2026-08-06,PROVIDER_FILING_DATE_PROXY,EXISTING_UNREVIEWED_COMMON_RULE,2.164,2026-08-06,4,4,,,
2026-10-08,CTS,599,PB_OWNERSHIP_BASIS_V2,2.905895677826135,OK,,2.905895677826135,OK,572815000.0,2026-Q2,2026-10-07,2026-Q2,2026-07-28,PROVIDER_FILING_DATE_PROXY,EXISTING_UNREVIEWED_COMMON_RULE,3.231,2026-07-28,4,4,,,
2026-10-08,CTSH,600,PB_OWNERSHIP_BASIS_V2,1.7775446598095241,OK,,1.7775446598095241,OK,14462000000.0,2026-Q2,2026-10-07,2026-Q2,2026-07-29,PROVIDER_FILING_DATE_PROXY,EXISTING_UNREVIEWED_COMMON_RULE,1.743,2026-07-29,4,4,,,
2026-10-08,CTVA,601,PB_OWNERSHIP_BASIS_V2,,SHARE_BASIS_UNVERIFIED,HISTORICAL_PRICE_MISMATCH,,SHARE_BASIS_UNVERIFIED,25159000000.0,2026-Q2,2026-10-07,2026-Q2,2026-07-31,PROVIDER_FILING_DATE_PROXY,HELD,2.087,2026-07-31,4,4,,,
2026-10-08,CTXR,602,PB_OWNERSHIP_BASIS_V2,,OWNERSHIP_BASIS_UNVERIFIED,,,OWNERSHIP_BASIS_UNVERIFIED,66613132.0,2026-Q3,2026-10-07,2026-Q3,2026-08-14,PROVIDER_FILING_DATE_PROXY,HELD,0.311,2026-08-14,4,4,,,
2026-10-08,CUBE,603,PB_OWNERSHIP_BASIS_V2,,OWNERSHIP_BASIS_UNVERIFIED,,,OWNERSHIP_BASIS_UNVERIFIED,2579243000.0,2026-Q2,2026-10-07,2026-Q2,2026-07-31,PROVIDER_FILING_DATE_PROXY,HELD,3.619,2026-07-31,4,4,,,
2026-10-08,CURI,604,PB_OWNERSHIP_BASIS_V2,,OWNERSHIP_BASIS_UNVERIFIED,,,OWNERSHIP_BASIS_UNVERIFIED,41462000.0,2026-Q2,2026-10-07,2026-Q2,2026-08-13,PROVIDER_FILING_DATE_PROXY,HELD,5.71,2026-08-13,4,4,,,
2026-10-08,CURV,605,PB_OWNERSHIP_BASIS_V2,,MISSING_EQUITY,,,MISSING_EQUITY,,2027-Q2,2026-10-07,2027-Q2,2026-09-10,PROVIDER_FILING_DATE_PROXY,HELD,,2026-09-10,0,4,,,
2026-10-08,CUZ,606,PB_OWNERSHIP_BASIS_V2,1.0106650814562121,OK,,1.0106650814562121,OK,4483676000.0,2026-Q2,2026-10-07,2026-Q2,2026-07-30,PROVIDER_FILING_DATE_PROXY,EXISTING_UNREVIEWED_COMMON_RULE,1.172,2026-07-30,4,4,,,
2026-10-08,CVCO,607,PB_OWNERSHIP_BASIS_V2,3.7431953898639883,OK,,3.7431953898639883,OK,1110396000.0,2027-Q1,2026-10-07,2027-Q1,2026-07-31,PROVIDER_FILING_DATE_PROXY,EXISTING_UNREVIEWED_COMMON_RULE,3.788,2026-07-31,4,4,,,
2026-10-08,CVGI,608,PB_OWNERSHIP_BASIS_V2,0.856732022377503,OK,,0.856732022377503,OK,136117000.0,2026-Q2,2026-10-07,2026-Q2,2026-08-03,PROVIDER_FILING_DATE_PROXY,EXISTING_UNREVIEWED_COMMON_RULE,1.37,2026-08-03,4,4,,,
2026-10-08,CVI,609,PB_OWNERSHIP_BASIS_V2,10.987515958091931,OK,,10.987515958091931,OK,525000000.0,2026-Q2,2026-10-07,2026-Q2,2026-07-29,PROVIDER_FILING_DATE_PROXY,EXISTING_UNREVIEWED_COMMON_RULE,6.629,2026-07-29,4,4,,,
2026-10-08,CVLG,610,PB_OWNERSHIP_BASIS_V2,2.008714021189717,OK,,2.008714021189717,OK,412874000.0,2026-Q2,2026-10-07,2026-Q2,2026-08-07,PROVIDER_FILING_DATE_PROXY,EXISTING_UNREVIEWED_COMMON_RULE,2.13,2026-08-07,4,4,,,
2026-10-08,CVLT,611,PB_OWNERSHIP_BASIS_V2,119.65743265890168,OK,,119.65743265890168,OK,52051000.0,2027-Q1,2026-10-07,2027-Q1,2026-07-29,PROVIDER_FILING_DATE_PROXY,EXISTING_UNREVIEWED_COMMON_RULE,95.794,2026-07-29,4,4,,,
2026-10-08,CVNA,612,PB_OWNERSHIP_BASIS_V2,17.146252323264175,OK,LARGE_ENDPOINT_VS_AVERAGE_SHARE_DIFFERENCE,17.146252323264175,OK,4028000000.0,2026-Q2,2026-10-07,2026-Q2,2026-07-29,PROVIDER_FILING_DATE_PROXY,EXISTING_UNREVIEWED_COMMON_RULE,18.119,2026-07-29,4,4,,,
2026-10-08,CVRX,613,PB_OWNERSHIP_BASIS_V2,2.229813353714564,OK,,2.229813353714564,OK,19953000.0,2026-Q2,2026-10-07,2026-Q2,2026-08-06,PROVIDER_FILING_DATE_PROXY,EXISTING_UNREVIEWED_COMMON_RULE,7.931,2026-08-06,4,4,,,
2026-10-08,CVS,614,PB_OWNERSHIP_BASIS_V2,1.4113251869519232,OK,,1.4113251869519232,OK,79702000000.0,2026-Q2,2026-10-07,2026-Q2,2026-08-05,PROVIDER_FILING_DATE_PROXY,EXISTING_UNREVIEWED_COMMON_RULE,1.591,2026-08-05,4,4,,,
2026-10-08,CVX,615,PB_OWNERSHIP_BASIS_V2,2.134627453758099,OK,,2.134627453758099,OK,189883000000.0,2026-Q2,2026-10-07,2026-Q2,2026-08-06,PROVIDER_FILING_DATE_PROXY,EXISTING_UNREVIEWED_COMMON_RULE,1.969,2026-08-06,4,4,,,
2026-10-08,CW,616,PB_OWNERSHIP_BASIS_V2,,OWNERSHIP_BASIS_UNVERIFIED,,,OWNERSHIP_BASIS_UNVERIFIED,2769860000.0,2026-Q2,2026-10-07,2026-Q2,2026-08-06,PROVIDER_FILING_DATE_PROXY,HELD,9.521,2026-08-06,4,4,,,
2026-10-08,CWCO,617,PB_OWNERSHIP_BASIS_V2,2.146704046669291,OK,,2.146704046669291,OK,225643198.0,2026-Q2,2026-10-07,2026-Q2,2026-08-10,PROVIDER_FILING_DATE_PROXY,EXISTING_UNREVIEWED_COMMON_RULE,2.146,2026-08-10,4,4,,,
2026-10-08,CWEN,618,PB_OWNERSHIP_BASIS_V2,,MULTI_CLASS_UNVERIFIED,LARGE_ENDPOINT_VS_AVERAGE_SHARE_DIFFERENCE,,OWNERSHIP_REVIEW_STALE,1851000000.0,2026-Q2,2026-10-07,2026-Q2,2026-08-05,ACCEPTED_PROVIDER_DATE_PENDING_RECONCILIATION,HELD,3.458,2026-08-05,4,4,HELD,,b22603db5b6bb2292d66fb3263b97cb2bed5dd2429218c268561fa9501b2c6c4
2026-10-08,CWH,619,PB_OWNERSHIP_BASIS_V2,1.9002487509200443,OK,,1.9002487509200443,OK,245701000.0,2026-Q2,2026-10-07,2026-Q2,2026-07-31,PROVIDER_FILING_DATE_PROXY,EXISTING_UNREVIEWED_COMMON_RULE,2.602,2026-07-31,4,4,,,
2026-10-08,CWK,620,PB_OWNERSHIP_BASIS_V2,1.325830025853111,OK,,1.325830025853111,OK,2021700000.0,2026-Q2,2026-10-07,2026-Q2,2026-08-05,PROVIDER_FILING_DATE_PROXY,EXISTING_UNREVIEWED_COMMON_RULE,1.629,2026-08-05,4,4,,,
2026-10-08,CWST,621,PB_OWNERSHIP_BASIS_V2,3.372065695714497,OK,,3.372065695714497,OK,1580024000.0,2026-Q2,2026-10-07,2026-Q2,2026-08-07,PROVIDER_FILING_DATE_PROXY,EXISTING_UNREVIEWED_COMMON_RULE,3.601,2026-08-07,4,4,,,
2026-10-08,CWT,622,PB_OWNERSHIP_BASIS_V2,1.5532709366939257,OK,,1.5532709366939257,OK,1807473000.0,2026-Q2,2026-10-07,2026-Q2,2026-07-30,PROVIDER_FILING_DATE_PROXY,EXISTING_UNREVIEWED_COMMON_RULE,1.728,2026-07-30,4,4,,,
2026-10-08,CXDO,623,PB_OWNERSHIP_BASIS_V2,2.5329976336505178,OK,,2.5329976336505178,OK,78113000.0,2026-Q2,2026-10-07,2026-Q2,2026-08-04,PROVIDER_FILING_DATE_PROXY,EXISTING_UNREVIEWED_COMMON_RULE,3.18,2026-08-04,4,4,,,
2026-10-08,CXM,624,PB_OWNERSHIP_BASIS_V2,2.3195815558435706,OK,,2.3195815558435706,OK,519477000.0,2027-Q2,2026-10-07,2027-Q2,2026-09-03,PROVIDER_FILING_DATE_PROXY,EXISTING_UNREVIEWED_COMMON_RULE,2.789,2026-09-03,4,4,,,
2026-10-08,CXT,625,PB_OWNERSHIP_BASIS_V2,2.189175070565302,OK,,2.189175070565302,OK,1266300000.0,2026-Q2,2026-10-07,2026-Q2,2026-08-05,PROVIDER_FILING_DATE_PROXY,EXISTING_UNREVIEWED_COMMON_RULE,2.381,2026-08-05,4,4,,,
2026-10-08,CXW,626,PB_OWNERSHIP_BASIS_V2,2.187585056834487,OK,,2.187585056834487,OK,1438477000.0,2026-Q2,2026-10-07,2026-Q2,2026-08-06,PROVIDER_FILING_DATE_PROXY,EXISTING_UNREVIEWED_COMMON_RULE,2.216,2026-08-06,4,4,,,
2026-10-08,CYCN,627,PB_OWNERSHIP_BASIS_V2,,STALE_PRICE,,,STALE_PRICE,5087000.0,2026-Q2,2026-09-08,2026-Q2,2026-08-04,PROVIDER_FILING_DATE_PROXY,HELD,3.23,2026-08-04,4,4,,,
2026-10-08,CYH,628,PB_OWNERSHIP_BASIS_V2,,NEGATIVE_EQUITY,,,NEGATIVE_EQUITY,-1390000000.0,2026-Q2,2026-10-07,2026-Q2,2026-07-23,PROVIDER_FILING_DATE_PROXY,HELD,,2026-07-23,0,4,,,
2026-10-08,CYN,629,PB_OWNERSHIP_BASIS_V2,0.19665844339194338,OK,,0.19665844339194338,OK,44591803.0,2026-Q2,2026-10-07,2026-Q2,2026-08-13,PROVIDER_FILING_DATE_PROXY,EXISTING_UNREVIEWED_COMMON_RULE,0.344,2026-08-13,4,4,,,
2026-10-08,CYRX,630,PB_OWNERSHIP_BASIS_V2,,OWNERSHIP_BASIS_UNVERIFIED,,,OWNERSHIP_BASIS_UNVERIFIED,490699000.0,2026-Q2,2026-10-07,2026-Q2,2026-08-06,PROVIDER_FILING_DATE_PROXY,HELD,1.518,2026-08-06,4,4,,,
2026-10-08,CYTK,631,PB_OWNERSHIP_BASIS_V2,,NEGATIVE_EQUITY,,,NEGATIVE_EQUITY,-173487000.0,2026-Q2,2026-10-07,2026-Q2,2026-08-06,PROVIDER_FILING_DATE_PROXY,HELD,,2026-08-06,0,4,,,
2026-10-08,CZR,632,PB_OWNERSHIP_BASIS_V2,1.7800633255265503,OK,,1.7800633255265503,OK,3375000000.0,2026-Q2,2026-10-07,2026-Q2,2026-07-28,PROVIDER_FILING_DATE_PROXY,EXISTING_UNREVIEWED_COMMON_RULE,1.808,2026-07-28,4,4,,,
2026-10-08,D,633,PB_OWNERSHIP_BASIS_V2,,OWNERSHIP_BASIS_UNVERIFIED,,,OWNERSHIP_BASIS_UNVERIFIED,28922000000.0,2026-Q2,2026-10-07,2026-Q2,2026-07-31,PROVIDER_FILING_DATE_PROXY,HELD,2.103,2026-07-31,4,4,,,
2026-10-08,DAKT,634,PB_OWNERSHIP_BASIS_V2,2.6966453549931177,OK,,2.6966453549931177,OK,317628000.0,2027-Q1,2026-10-07,2027-Q1,2026-09-02,PROVIDER_FILING_DATE_PROXY,EXISTING_UNREVIEWED_COMMON_RULE,2.897,2026-09-02,4,4,,,
2026-10-08,DAL,635,PB_OWNERSHIP_BASIS_V2,2.501168168776644,OK,,2.501168168776644,OK,21815000000.0,2026-Q2,2026-10-07,2026-Q2,2026-07-10,PROVIDER_FILING_DATE_PROXY,EXISTING_UNREVIEWED_COMMON_RULE,2.634,2026-07-10,4,4,,,
2026-10-08,DAN,636,PB_OWNERSHIP_BASIS_V2,1.569947184804529,OK,,1.569947184804529,OK,1920000000.0,2026-Q2,2026-10-07,2026-Q2,2026-08-06,PROVIDER_FILING_DATE_PROXY,EXISTING_UNREVIEWED_COMMON_RULE,1.531,2026-08-06,4,4,,,
2026-10-08,DAR,637,PB_OWNERSHIP_BASIS_V2,1.8055319080639587,OK,,1.8055319080639587,OK,5245729000.0,2026-Q2,2026-10-07,2026-Q2,2026-08-07,PROVIDER_FILING_DATE_PROXY,EXISTING_UNREVIEWED_COMMON_RULE,1.787,2026-08-07,4,4,,,
2026-10-08,DARE,638,PB_OWNERSHIP_BASIS_V2,,NEGATIVE_EQUITY,,,NEGATIVE_EQUITY,-560100.0,2026-Q2,2026-10-07,2026-Q2,2026-08-13,PROVIDER_FILING_DATE_PROXY,HELD,,2026-08-13,3,4,,,
2026-10-08,DASH,639,PB_OWNERSHIP_BASIS_V2,8.352329729979248,OK,,8.352329729979248,OK,9921000000.0,2026-Q2,2026-10-07,2026-Q2,2026-08-05,PROVIDER_FILING_DATE_PROXY,EXISTING_UNREVIEWED_COMMON_RULE,9.052,2026-08-05,4,4,,,
2026-10-08,DAVE,640,PB_OWNERSHIP_BASIS_V2,,OWNERSHIP_BASIS_UNVERIFIED,,,OWNERSHIP_BASIS_UNVERIFIED,207890000.0,2026-Q2,2026-10-07,2026-Q2,2026-08-05,PROVIDER_FILING_DATE_PROXY,HELD,26.393,2026-08-05,4,4,,,
2026-10-08,DBD,641,PB_OWNERSHIP_BASIS_V2,2.2780500563341204,OK,,2.2780500563341204,OK,969200000.0,2026-Q2,2026-10-07,2026-Q2,2026-07-29,PROVIDER_FILING_DATE_PROXY,EXISTING_UNREVIEWED_COMMON_RULE,2.633,2026-07-29,4,4,,,
2026-10-08,DBGI,642,PB_OWNERSHIP_BASIS_V2,,OWNERSHIP_BASIS_UNVERIFIED,LARGE_ENDPOINT_VS_AVERAGE_SHARE_DIFFERENCE,,OWNERSHIP_BASIS_UNVERIFIED,540031.0,2026-Q2,2026-10-07,2026-Q2,2026-08-19,PROVIDER_FILING_DATE_PROXY,HELD,20.484,2026-08-19,4,4,,,
2026-10-08,DBI,643,PB_OWNERSHIP_BASIS_V2,,MISSING_EQUITY,,,MISSING_EQUITY,,2027-Q2,2026-10-07,2027-Q2,2026-09-10,PROVIDER_FILING_DATE_PROXY,HELD,,2026-09-10,0,4,,,
2026-10-08,DBVT,644,PB_OWNERSHIP_BASIS_V2,,NEWER_SHARE_COUNT_REQUIRED,LARGE_ENDPOINT_VS_AVERAGE_SHARE_DIFFERENCE,,OWNERSHIP_REVIEW_STALE,160400000.0,2026-Q2,2026-10-07,2026-Q2,2026-07-16,ACCEPTED_PROVIDER_DATE_PENDING_RECONCILIATION,HELD,5.486,2026-07-16,4,4,HELD,,f62398d6d4f6d41e82c120743f7e23677bcc7f75a25e490543a61eb0f1f391f6
2026-10-08,DBX,645,PB_OWNERSHIP_BASIS_V2,,NEGATIVE_EQUITY,,,NEGATIVE_EQUITY,-2188300000.0,2026-Q2,2026-10-07,2026-Q2,2026-08-07,PROVIDER_FILING_DATE_PROXY,HELD,,2026-08-07,0,4,,,
2026-10-08,DCGO,646,PB_OWNERSHIP_BASIS_V2,,OWNERSHIP_BASIS_UNVERIFIED,,,OWNERSHIP_BASIS_UNVERIFIED,119054558.0,2026-Q2,2026-10-07,2026-Q2,2026-08-17,PROVIDER_FILING_DATE_PROXY,HELD,0.59,2026-08-17,4,4,,,
2026-10-08,DCI,647,PB_OWNERSHIP_BASIS_V2,,MISSING_EQUITY,,,MISSING_EQUITY,,2026-Q4,2026-10-07,2026-Q4,2026-09-25,PROVIDER_FILING_DATE_PROXY,HELD,,2026-09-25,0,4,,,
2026-10-08,DCO,648,PB_OWNERSHIP_BASIS_V2,3.623616341184429,OK,,3.623616341184429,OK,690438000.0,2026-Q2,2026-10-07,2026-Q2,2026-08-06,PROVIDER_FILING_DATE_PROXY,EXISTING_UNREVIEWED_COMMON_RULE,4.406,2026-08-06,4,4,,,
2026-10-08,DCTH,649,PB_OWNERSHIP_BASIS_V2,4.405196013627982,OK,,4.405196013627982,OK,121145000.0,2026-Q2,2026-10-07,2026-Q2,2026-08-06,PROVIDER_FILING_DATE_PROXY,EXISTING_UNREVIEWED_COMMON_RULE,4.431,2026-08-06,4,4,,,
2026-10-08,DD,650,PB_OWNERSHIP_BASIS_V2,,OWNERSHIP_BASIS_UNVERIFIED,,,OWNERSHIP_BASIS_UNVERIFIED,13769000000.0,2026-Q2,2026-10-07,2026-Q2,2026-08-04,PROVIDER_FILING_DATE_PROXY,HELD,1.402,2026-08-04,4,4,,,
2026-10-08,DDD,651,PB_OWNERSHIP_BASIS_V2,2.071045339941855,OK,,2.071045339941855,OK,273563000.0,2026-Q2,2026-10-07,2026-Q2,2026-08-03,PROVIDER_FILING_DATE_PROXY,EXISTING_UNREVIEWED_COMMON_RULE,1.719,2026-08-03,4,4,,,
2026-10-08,DDOG,652,PB_OWNERSHIP_BASIS_V2,22.310017424868335,OK,,22.310017424868335,OK,4367160000.0,2026-Q2,2026-10-07,2026-Q2,2026-08-06,PROVIDER_FILING_DATE_PROXY,EXISTING_UNREVIEWED_COMMON_RULE,18.853,2026-08-06,4,4,,,
2026-10-08,DDS,653,PB_OWNERSHIP_BASIS_V2,,MISSING_EQUITY,,,MISSING_EQUITY,,2027-Q2,2026-10-07,2027-Q2,2026-09-04,PROVIDER_FILING_DATE_PROXY,HELD,,2026-09-04,0,4,,,
2026-10-08,DE,654,PB_OWNERSHIP_BASIS_V2,6.327575672165405,OK,,6.327575672165405,OK,27990000000.0,2026-Q3,2026-10-07,2026-Q3,2026-08-27,PROVIDER_FILING_DATE_PROXY,EXISTING_UNREVIEWED_COMMON_RULE,5.998,2026-08-27,4,4,,,
2026-10-08,DEA,655,PB_OWNERSHIP_BASIS_V2,0.827151915392671,OK,,0.827151915392671,OK,1315265000.0,2026-Q2,2026-10-07,2026-Q2,2026-08-03,PROVIDER_FILING_DATE_PROXY,EXISTING_UNREVIEWED_COMMON_RULE,0.91,2026-08-03,4,4,,,
2026-10-08,DEC,656,PB_OWNERSHIP_BASIS_V2,1.04439502424288,OK,,1.04439502424288,OK,950691000.0,2026-Q2,2026-10-07,2026-Q2,2026-08-05,PROVIDER_FILING_DATE_PROXY,EXISTING_UNREVIEWED_COMMON_RULE,0.974,2026-08-05,4,4,,,
2026-10-08,DECK,657,PB_OWNERSHIP_BASIS_V2,4.7638966597415005,OK,,4.7638966597415005,OK,2301682000.0,2027-Q1,2026-10-07,2027-Q1,2026-07-30,PROVIDER_FILING_DATE_PROXY,EXISTING_UNREVIEWED_COMMON_RULE,5.908,2026-07-30,4,4,,,
2026-10-08,DEI,658,PB_OWNERSHIP_BASIS_V2,0.8982343088845189,OK,,0.8982343088845189,OK,1838501000.0,2026-Q2,2026-10-07,2026-Q2,2026-08-07,PROVIDER_FILING_DATE_PROXY,EXISTING_UNREVIEWED_COMMON_RULE,1.065,2026-08-07,4,4,,,
2026-10-08,DELL,659,PB_OWNERSHIP_BASIS_V2,,MISSING_EQUITY,,,MISSING_EQUITY,,2027-Q2,2026-10-07,2027-Q2,2026-09-08,PROVIDER_FILING_DATE_PROXY,HELD,,2026-09-08,0,4,,,
2026-10-08,DERM,660,PB_OWNERSHIP_BASIS_V2,5.229343740008217,OK,,5.229343740008217,OK,32114000.0,2026-Q2,2026-10-07,2026-Q2,2026-08-12,PROVIDER_FILING_DATE_PROXY,EXISTING_UNREVIEWED_COMMON_RULE,5.651,2026-08-12,4,4,,,
2026-10-08,DFH,661,PB_OWNERSHIP_BASIS_V2,0.6019100808504486,OK,,0.6019100808504486,OK,1431903000.0,2026-Q2,2026-10-07,2026-Q2,2026-07-30,PROVIDER_FILING_DATE_PROXY,EXISTING_UNREVIEWED_COMMON_RULE,0.845,2026-07-30,4,4,,,
2026-10-08,DFIN,662,PB_OWNERSHIP_BASIS_V2,3.1604338013496163,OK,,3.1604338013496163,OK,387400000.0,2026-Q2,2026-10-07,2026-Q2,2026-07-30,PROVIDER_FILING_DATE_PROXY,EXISTING_UNREVIEWED_COMMON_RULE,2.985,2026-07-30,4,4,,,
2026-10-08,DG,663,PB_OWNERSHIP_BASIS_V2,2.9009748884817466,OK,,2.9009748884817466,OK,9288648000.0,2027-Q2,2026-10-07,2027-Q2,2026-08-27,PROVIDER_FILING_DATE_PROXY,EXISTING_UNREVIEWED_COMMON_RULE,2.99,2026-08-27,4,4,,,
2026-10-08,DGII,664,PB_OWNERSHIP_BASIS_V2,4.16560723821899,OK,,4.16560723821899,OK,685153000.0,2026-Q3,2026-10-07,2026-Q3,2026-08-05,PROVIDER_FILING_DATE_PROXY,EXISTING_UNREVIEWED_COMMON_RULE,4.029,2026-08-05,4,4,,,
2026-10-08,DGX,665,PB_OWNERSHIP_BASIS_V2,3.3344032533440378,OK,,3.3344032533440378,OK,7516000000.0,2026-Q2,2026-10-07,2026-Q2,2026-07-23,PROVIDER_FILING_DATE_PROXY,EXISTING_UNREVIEWED_COMMON_RULE,3.347,2026-07-23,4,4,,,
2026-10-08,DGXX,666,PB_OWNERSHIP_BASIS_V2,1.2778396516334127,OK,,1.2778396516334127,OK,265029285.0,2026-Q2,2026-10-07,2026-Q2,2026-08-14,PROVIDER_FILING_DATE_PROXY,EXISTING_UNREVIEWED_COMMON_RULE,1.519,2026-08-14,4,4,,,
2026-10-08,DH,667,PB_OWNERSHIP_BASIS_V2,0.7158032703591429,OK,,0.7158032703591429,OK,144652000.0,2026-Q2,2026-10-07,2026-Q2,2026-08-10,PROVIDER_FILING_DATE_PROXY,EXISTING_UNREVIEWED_COMMON_RULE,0.515,2026-08-10,4,4,,,
2026-10-08,DHC,668,PB_OWNERSHIP_BASIS_V2,,OWNERSHIP_BASIS_UNVERIFIED,,,OWNERSHIP_BASIS_UNVERIFIED,1582831000.0,2026-Q2,2026-10-07,2026-Q2,2026-08-03,PROVIDER_FILING_DATE_PROXY,HELD,1.348,2026-08-03,4,4,,,
2026-10-08,DHI,669,PB_OWNERSHIP_BASIS_V2,1.5650447962521374,OK,,1.5650447962521374,OK,23819500000.0,2026-Q3,2026-10-07,2026-Q3,2026-07-23,PROVIDER_FILING_DATE_PROXY,EXISTING_UNREVIEWED_COMMON_RULE,1.669,2026-07-23,4,4,,,
2026-10-08,DHR,670,PB_OWNERSHIP_BASIS_V2,2.921120305815365,OK,,,OWNERSHIP_REVIEW_STALE,52581000000.0,2026-Q2,2026-10-07,2026-Q2,2026-07-16,OFFICIAL_COVER,OPERATOR_CONFIRMED_QUARTER,2.393,2026-07-21,4,4,ORDINARY_COMMON,,0d9d70dc6da5b604dae89afacd591653fe16533e1ddfe952de95748dc912b758
2026-10-08,DHX,671,PB_OWNERSHIP_BASIS_V2,2.243237802248694,OK,,2.243237802248694,OK,94079000.0,2026-Q2,2026-10-07,2026-Q2,2026-08-05,PROVIDER_FILING_DATE_PROXY,EXISTING_UNREVIEWED_COMMON_RULE,1.929,2026-08-05,4,4,,,
2026-10-08,DIBS,672,PB_OWNERSHIP_BASIS_V2,1.78702909116932,OK,,1.78702909116932,OK,73738000.0,2026-Q2,2026-10-07,2026-Q2,2026-08-05,PROVIDER_FILING_DATE_PROXY,EXISTING_UNREVIEWED_COMMON_RULE,2.247,2026-08-05,4,4,,,
2026-10-08,DIN,673,PB_OWNERSHIP_BASIS_V2,,NEGATIVE_EQUITY,HISTORICAL_OHLC_INCOMPLETE,,NEGATIVE_EQUITY,-292000000.0,2026-Q2,2026-10-07,2026-Q2,2026-08-05,PROVIDER_FILING_DATE_PROXY,HELD,,2026-08-05,0,4,,,
2026-10-08,DINO,674,PB_OWNERSHIP_BASIS_V2,1.998750216001174,OK,,1.998750216001174,OK,10285000000.0,2026-Q2,2026-10-07,2026-Q2,2026-07-30,PROVIDER_FILING_DATE_PROXY,EXISTING_UNREVIEWED_COMMON_RULE,1.598,2026-07-30,4,4,,,
2026-10-08,DIOD,675,PB_OWNERSHIP_BASIS_V2,2.3741749753338883,OK,,2.3741749753338883,OK,1952301000.0,2026-Q2,2026-10-07,2026-Q2,2026-08-05,PROVIDER_FILING_DATE_PROXY,EXISTING_UNREVIEWED_COMMON_RULE,2.019,2026-08-05,4,4,,,
2026-10-08,DIS,676,PB_OWNERSHIP_BASIS_V2,1.6437986493429184,OK,,,OWNERSHIP_REVIEW_STALE,110032000000.0,2026-Q3,2026-10-07,2026-Q3,2026-07-29,OFFICIAL_COVER,OPERATOR_CONFIRMED_QUARTER,1.597,2026-08-05,4,4,ORDINARY_COMMON,,11f4e261ca6cac246362322d3c0842cf3f9414b90e00363933a01f152d3c6555
2026-10-08,DJT,677,PB_OWNERSHIP_BASIS_V2,,OWNERSHIP_BASIS_UNVERIFIED,,,OWNERSHIP_BASIS_UNVERIFIED,1022869900.0,2026-Q2,2026-10-07,2026-Q2,2026-08-10,PROVIDER_FILING_DATE_PROXY,HELD,2.552,2026-08-10,4,4,,,
2026-10-08,DK,678,PB_OWNERSHIP_BASIS_V2,24.775226777374105,OK,HISTORICAL_OHLC_INCOMPLETE,24.775226777374105,OK,186500000.0,2026-Q2,2026-10-07,2026-Q2,2026-08-05,PROVIDER_FILING_DATE_PROXY,EXISTING_UNREVIEWED_COMMON_RULE,19.617,2026-08-05,4,4,,,
2026-10-08,DKL,679,PB_OWNERSHIP_BASIS_V2,,NEGATIVE_EQUITY,,,NEGATIVE_EQUITY,-69291000.0,2026-Q2,2026-10-07,2026-Q2,2026-08-05,PROVIDER_FILING_DATE_PROXY,HELD,,2026-08-05,2,4,,,
2026-10-08,DKNG,680,PB_OWNERSHIP_BASIS_V2,,OWNERSHIP_BASIS_UNVERIFIED,,,OWNERSHIP_BASIS_UNVERIFIED,569428000.0,2026-Q2,2026-10-07,2026-Q2,2026-08-07,PROVIDER_FILING_DATE_PROXY,HELD,20.95,2026-08-07,4,4,,,
2026-10-08,DKS,681,PB_OWNERSHIP_BASIS_V2,2.037364888613602,OK,,2.037364888613602,OK,5725722000.0,2027-Q2,2026-10-07,2027-Q2,2026-09-03,PROVIDER_FILING_DATE_PROXY,EXISTING_UNREVIEWED_COMMON_RULE,2.171,2026-09-03,4,4,,,
2026-10-08,DLB,682,PB_OWNERSHIP_BASIS_V2,2.1155311071649794,OK,,2.1155311071649794,OK,2583547000.0,2026-Q3,2026-10-07,2026-Q3,2026-07-30,PROVIDER_FILING_DATE_PROXY,EXISTING_UNREVIEWED_COMMON_RULE,1.877,2026-07-30,4,4,,,
2026-10-08,DLR,683,PB_OWNERSHIP_BASIS_V2,,OWNERSHIP_BASIS_UNVERIFIED,,,OWNERSHIP_BASIS_UNVERIFIED,27434470000.0,2026-Q2,2026-10-07,2026-Q2,2026-07-31,PROVIDER_FILING_DATE_PROXY,HELD,2.543,2026-07-31,4,4,,,
2026-10-08,DLTH,684,PB_OWNERSHIP_BASIS_V2,,MISSING_EQUITY,,,MISSING_EQUITY,,2027-Q2,2026-10-07,2027-Q2,2026-09-04,PROVIDER_FILING_DATE_PROXY,HELD,,2026-09-04,0,4,,,
2026-10-08,DLTR,685,PB_OWNERSHIP_BASIS_V2,6.370654934254585,OK,,6.370654934254585,OK,3425300000.0,2027-Q2,2026-10-07,2027-Q2,2026-08-27,PROVIDER_FILING_DATE_PROXY,EXISTING_UNREVIEWED_COMMON_RULE,6.957,2026-08-27,4,4,,,
2026-10-08,DLX,686,PB_OWNERSHIP_BASIS_V2,1.4490821384152142,OK,,1.4490821384152142,OK,707900000.0,2026-Q2,2026-10-07,2026-Q2,2026-08-06,PROVIDER_FILING_DATE_PROXY,EXISTING_UNREVIEWED_COMMON_RULE,1.69,2026-08-06,4,4,,,
2026-10-08,DMAC,687,PB_OWNERSHIP_BASIS_V2,11.23862242911439,OK,,11.23862242911439,OK,38338000.0,2026-Q2,2026-10-07,2026-Q2,2026-08-10,PROVIDER_FILING_DATE_PROXY,EXISTING_UNREVIEWED_COMMON_RULE,9.354,2026-08-10,4,4,,,
2026-10-08,DMLP,688,PB_OWNERSHIP_BASIS_V2,4.689675039568921,OK,,4.689675039568921,OK,303676000.0,2026-Q2,2026-10-07,2026-Q2,2026-08-06,PROVIDER_FILING_DATE_PROXY,EXISTING_UNREVIEWED_COMMON_RULE,4.174,2026-08-06,4,4,,,
2026-10-08,DMRC,689,PB_OWNERSHIP_BASIS_V2,5.068297205607948,OK,,5.068297205607948,OK,29312000.0,2026-Q2,2026-10-07,2026-Q2,2026-08-14,PROVIDER_FILING_DATE_PROXY,EXISTING_UNREVIEWED_COMMON_RULE,5.774,2026-08-14,4,4,,,
2026-10-08,DNA,690,PB_OWNERSHIP_BASIS_V2,,OWNERSHIP_BASIS_UNVERIFIED,,,OWNERSHIP_BASIS_UNVERIFIED,420284000.0,2026-Q2,2026-10-07,2026-Q2,2026-08-06,PROVIDER_FILING_DATE_PROXY,HELD,1.362,2026-08-06,4,4,,,
2026-10-08,DNLI,691,PB_OWNERSHIP_BASIS_V2,3.667093981270127,OK,,3.667093981270127,OK,835178000.0,2026-Q2,2026-10-07,2026-Q2,2026-08-06,PROVIDER_FILING_DATE_PROXY,EXISTING_UNREVIEWED_COMMON_RULE,4.733,2026-08-06,4,4,,,
2026-10-08,DNOW,692,PB_OWNERSHIP_BASIS_V2,1.3267421040095986,OK,,1.3267421040095986,OK,2093000000.0,2026-Q2,2026-10-07,2026-Q2,2026-08-06,PROVIDER_FILING_DATE_PROXY,EXISTING_UNREVIEWED_COMMON_RULE,1.329,2026-08-06,4,4,,,
2026-10-08,DNTH,693,PB_OWNERSHIP_BASIS_V2,4.050860562711241,OK,,4.050860562711241,OK,1172025000.0,2026-Q2,2026-10-07,2026-Q2,2026-08-04,PROVIDER_FILING_DATE_PROXY,EXISTING_UNREVIEWED_COMMON_RULE,5.269,2026-08-04,4,4,,,
2026-10-08,DNUT,694,PB_OWNERSHIP_BASIS_V2,0.8197005335075349,OK,,0.8197005335075349,OK,618055000.0,2026-Q2,2026-10-07,2026-Q2,2026-08-06,PROVIDER_FILING_DATE_PROXY,EXISTING_UNREVIEWED_COMMON_RULE,0.907,2026-08-06,4,4,,,
2026-10-08,DOC,695,PB_OWNERSHIP_BASIS_V2,1.6401515110598157,OK,,1.6401515110598157,OK,7844750000.0,2026-Q2,2026-10-07,2026-Q2,2026-08-05,PROVIDER_FILING_DATE_PROXY,EXISTING_UNREVIEWED_COMMON_RULE,1.915,2026-08-05,4,4,,,
2026-10-08,DOCN,696,PB_OWNERSHIP_BASIS_V2,16.079323650410565,OK,,16.079323650410565,OK,930731000.0,2026-Q2,2026-10-07,2026-Q2,2026-08-04,PROVIDER_FILING_DATE_PROXY,EXISTING_UNREVIEWED_COMMON_RULE,16.283,2026-08-04,2,4,,,
2026-10-08,DOCS,697,PB_OWNERSHIP_BASIS_V2,5.38783202309171,OK,,5.38783202309171,OK,916070000.0,2027-Q1,2026-10-07,2027-Q1,2026-08-06,PROVIDER_FILING_DATE_PROXY,EXISTING_UNREVIEWED_COMMON_RULE,4.02,2026-08-06,4,4,,,
2026-10-08,DOCU,698,PB_OWNERSHIP_BASIS_V2,7.493412487483712,OK,,7.493412487483712,OK,1718520000.0,2027-Q2,2026-10-07,2027-Q2,2026-09-04,PROVIDER_FILING_DATE_PROXY,EXISTING_UNREVIEWED_COMMON_RULE,7.44,2026-09-04,4,4,,,
2026-10-08,DOLE,699,PB_OWNERSHIP_BASIS_V2,0.9098064671508048,OK,,,OWNERSHIP_REVIEW_STALE,1328934000.0,2026-Q2,2026-10-07,2026-Q2,2026-07-29,OFFICIAL_COVER,OPERATOR_CONFIRMED_QUARTER,0.923,2026-08-10,4,4,IDENTITY_OVERRIDE,,d3e58b2505ef25dbca308d358671d67137cc5b9fd0d142c82277e5e7e94a724b
2026-10-08,DOMO,700,PB_OWNERSHIP_BASIS_V2,,NEGATIVE_EQUITY,,,NEGATIVE_EQUITY,-187308000.0,2027-Q2,2026-10-01,2027-Q2,2026-09-03,PROVIDER_FILING_DATE_PROXY,HELD,,2026-09-03,0,4,,,
2026-10-08,DORM,701,PB_OWNERSHIP_BASIS_V2,2.4066976879597366,OK,,2.4066976879597366,OK,1515040000.0,2026-Q2,2026-10-07,2026-Q2,2026-08-04,PROVIDER_FILING_DATE_PROXY,EXISTING_UNREVIEWED_COMMON_RULE,2.895,2026-08-04,4,4,,,
2026-10-08,DOUG,702,PB_OWNERSHIP_BASIS_V2,0.8329086073886123,OK,,0.8329086073886123,OK,166960000.0,2026-Q2,2026-10-07,2026-Q2,2026-08-10,PROVIDER_FILING_DATE_PROXY,EXISTING_UNREVIEWED_COMMON_RULE,0.996,2026-08-10,4,4,,,
2026-10-08,DOV,703,PB_OWNERSHIP_BASIS_V2,3.2916569956382236,OK,,3.2916569956382236,OK,7704004000.0,2026-Q2,2026-10-07,2026-Q2,2026-07-23,PROVIDER_FILING_DATE_PROXY,EXISTING_UNREVIEWED_COMMON_RULE,3.458,2026-07-23,4,4,,,
2026-10-08,DOW,704,PB_OWNERSHIP_BASIS_V2,1.264779437271837,OK,,1.264779437271837,OK,15860000000.0,2026-Q2,2026-10-07,2026-Q2,2026-07-24,PROVIDER_FILING_DATE_PROXY,EXISTING_UNREVIEWED_COMMON_RULE,1.359,2026-07-24,4,4,,,
2026-10-08,DPZ,705,PB_OWNERSHIP_BASIS_V2,,NEGATIVE_EQUITY,,,NEGATIVE_EQUITY,-3982431000.0,2026-Q2,2026-10-07,2026-Q2,2026-07-20,PROVIDER_FILING_DATE_PROXY,HELD,,2026-07-20,0,4,,,
2026-10-08,DRH,706,PB_OWNERSHIP_BASIS_V2,,OWNERSHIP_BASIS_UNVERIFIED,,,OWNERSHIP_BASIS_UNVERIFIED,1523355000.0,2026-Q2,2026-10-07,2026-Q2,2026-07-30,PROVIDER_FILING_DATE_PROXY,HELD,1.734,2026-07-30,4,4,,,
2026-10-08,DRI,707,PB_OWNERSHIP_BASIS_V2,,MISSING_EQUITY,,,MISSING_EQUITY,,2027-Q1,2026-10-07,2027-Q1,2026-10-02,PROVIDER_FILING_DATE_PROXY,HELD,,2026-10-02,0,4,,,
2026-10-08,DRS,708,PB_OWNERSHIP_BASIS_V2,3.4068419839117707,OK,,3.4068419839117707,OK,2803000000.0,2026-Q2,2026-10-07,2026-Q2,2026-07-30,PROVIDER_FILING_DATE_PROXY,EXISTING_UNREVIEWED_COMMON_RULE,4.344,2026-07-30,4,4,,,
2026-10-08,DRVN,709,PB_OWNERSHIP_BASIS_V2,2.3144543500550396,OK,,2.3144543500550396,OK,833291000.0,2026-Q2,2026-10-07,2026-Q2,2026-08-06,PROVIDER_FILING_DATE_PROXY,EXISTING_UNREVIEWED_COMMON_RULE,2.566,2026-08-06,4,4,,,
2026-10-08,DSGN,710,PB_OWNERSHIP_BASIS_V2,3.6242282888451,OK,,3.6242282888451,OK,201858000.0,2026-Q2,2026-10-07,2026-Q2,2026-08-03,PROVIDER_FILING_DATE_PROXY,EXISTING_UNREVIEWED_COMMON_RULE,3.956,2026-08-03,4,4,,,
2026-10-08,DSP,711,PB_OWNERSHIP_BASIS_V2,7.488372853787193,OK,LARGE_ENDPOINT_VS_AVERAGE_SHARE_DIFFERENCE,7.488372853787193,OK,113449000.0,2026-Q2,2026-10-07,2026-Q2,2026-08-10,PROVIDER_FILING_DATE_PROXY,EXISTING_UNREVIEWED_COMMON_RULE,8.256,2026-08-10,4,4,,,
2026-10-08,DT,712,PB_OWNERSHIP_BASIS_V2,7.053023161682971,OK,,7.053023161682971,OK,2450753000.0,2027-Q1,2026-10-07,2027-Q1,2026-08-05,PROVIDER_FILING_DATE_PROXY,EXISTING_UNREVIEWED_COMMON_RULE,5.998,2026-08-05,4,4,,,
2026-10-08,DTE,713,PB_OWNERSHIP_BASIS_V2,,OWNERSHIP_BASIS_UNVERIFIED,,,OWNERSHIP_BASIS_UNVERIFIED,12149000000.0,2026-Q2,2026-10-07,2026-Q2,2026-07-28,PROVIDER_FILING_DATE_PROXY,HELD,2.502,2026-07-28,4,4,,,
2026-10-08,DTIL,714,PB_OWNERSHIP_BASIS_V2,3.8087499724019165,OK,,3.8087499724019165,OK,45293000.0,2026-Q2,2026-10-07,2026-Q2,2026-08-06,PROVIDER_FILING_DATE_PROXY,EXISTING_UNREVIEWED_COMMON_RULE,4.522,2026-08-06,4,4,,,
2026-10-08,DTM,715,PB_OWNERSHIP_BASIS_V2,2.619011700209412,OK,,2.619011700209412,OK,4779000000.0,2026-Q2,2026-10-07,2026-Q2,2026-07-30,PROVIDER_FILING_DATE_PROXY,EXISTING_UNREVIEWED_COMMON_RULE,2.92,2026-07-30,4,4,,,
2026-10-08,DTST,716,PB_OWNERSHIP_BASIS_V2,,OWNERSHIP_BASIS_UNVERIFIED,,,OWNERSHIP_BASIS_UNVERIFIED,10329060.0,2026-Q2,2026-10-07,2026-Q2,2026-08-14,PROVIDER_FILING_DATE_PROXY,HELD,0.693,2026-08-14,4,4,,,
2026-10-08,DUK,717,PB_OWNERSHIP_BASIS_V2,,OWNERSHIP_BASIS_UNVERIFIED,,,OWNERSHIP_BASIS_UNVERIFIED,54751000000.0,2026-Q2,2026-10-07,2026-Q2,2026-08-04,PROVIDER_FILING_DATE_PROXY,HELD,1.77,2026-08-04,4,4,,,
2026-10-08,DUOL,718,PB_OWNERSHIP_BASIS_V2,5.035256656744386,OK,,5.035256656744386,OK,1409742000.0,2026-Q2,2026-10-07,2026-Q2,2026-08-06,PROVIDER_FILING_DATE_PROXY,EXISTING_UNREVIEWED_COMMON_RULE,4.068,2026-08-06,4,4,,,
2026-10-08,DUOT,719,PB_OWNERSHIP_BASIS_V2,1.2989313186490459,OK,,1.2989313186490459,OK,207404811.0,2026-Q2,2026-10-07,2026-Q2,2026-08-19,PROVIDER_FILING_DATE_PROXY,EXISTING_UNREVIEWED_COMMON_RULE,1.631,2026-08-19,4,4,,,
2026-10-08,DV,720,PB_OWNERSHIP_BASIS_V2,1.9117569870711315,OK,,1.9117569870711315,OK,1094450000.0,2026-Q2,2026-10-07,2026-Q2,2026-08-07,PROVIDER_FILING_DATE_PROXY,EXISTING_UNREVIEWED_COMMON_RULE,1.871,2026-08-07,4,4,,,
2026-10-08,DVA,721,PB_OWNERSHIP_BASIS_V2,,NEGATIVE_EQUITY,,,NEGATIVE_EQUITY,-765096000.0,2026-Q2,2026-10-07,2026-Q2,2026-08-04,PROVIDER_FILING_DATE_PROXY,HELD,,2026-08-04,0,4,,,
2026-10-08,DVN,722,PB_OWNERSHIP_BASIS_V2,1.2615996640459615,OK,,1.2615996640459615,OK,41747000000.0,2026-Q2,2026-10-07,2026-Q2,2026-08-05,PROVIDER_FILING_DATE_PROXY,EXISTING_UNREVIEWED_COMMON_RULE,1.109,2026-08-05,4,4,,,
2026-10-08,DWTX,723,PB_OWNERSHIP_BASIS_V2,0.7110153031823845,OK,,0.7110153031823845,OK,68366108.0,2026-Q2,2026-10-07,2026-Q2,2026-08-14,PROVIDER_FILING_DATE_PROXY,EXISTING_UNREVIEWED_COMMON_RULE,1.069,2026-08-14,4,4,,,
2026-10-08,DXC,724,PB_OWNERSHIP_BASIS_V2,0.6282433480277656,OK,,0.6282433480277656,OK,3057000000.0,2027-Q1,2026-10-07,2027-Q1,2026-07-31,PROVIDER_FILING_DATE_PROXY,EXISTING_UNREVIEWED_COMMON_RULE,0.587,2026-07-31,4,4,,,
2026-10-08,DXCM,725,PB_OWNERSHIP_BASIS_V2,12.135314580420257,OK,,12.135314580420257,OK,2621400000.0,2026-Q2,2026-10-07,2026-Q2,2026-07-30,PROVIDER_FILING_DATE_PROXY,EXISTING_UNREVIEWED_COMMON_RULE,10.73,2026-07-30,4,4,,,
2026-10-08,DXLG,726,PB_OWNERSHIP_BASIS_V2,,MISSING_EQUITY,,,MISSING_EQUITY,,2027-Q2,2026-10-07,2027-Q2,2026-09-09,PROVIDER_FILING_DATE_PROXY,HELD,,2026-09-09,0,4,,,
2026-10-08,DXPE,727,PB_OWNERSHIP_BASIS_V2,5.160990497316008,OK,,5.160990497316008,OK,540741000.0,2026-Q2,2026-10-07,2026-Q2,2026-08-06,PROVIDER_FILING_DATE_PROXY,EXISTING_UNREVIEWED_COMMON_RULE,5.688,2026-08-06,4,4,,,
2026-10-08,DY,728,PB_OWNERSHIP_BASIS_V2,4.127738209248376,OK,,4.127738209248376,OK,2063906000.0,2027-Q2,2026-10-07,2027-Q2,2026-08-27,PROVIDER_FILING_DATE_PROXY,EXISTING_UNREVIEWED_COMMON_RULE,4.501,2026-08-27,4,4,,,
2026-10-08,DYN,729,PB_OWNERSHIP_BASIS_V2,4.247434744003322,OK,,4.247434744003322,OK,702151000.0,2026-Q2,2026-10-07,2026-Q2,2026-07-29,PROVIDER_FILING_DATE_PROXY,EXISTING_UNREVIEWED_COMMON_RULE,6.676,2026-07-29,4,4,,,
2026-10-08,EAF,730,PB_OWNERSHIP_BASIS_V2,,NEGATIVE_EQUITY,,,NEGATIVE_EQUITY,-345558000.0,2026-Q2,2026-10-07,2026-Q2,2026-07-24,PROVIDER_FILING_DATE_PROXY,HELD,,2026-07-24,0,4,,,
2026-10-08,EAT,731,PB_OWNERSHIP_BASIS_V2,17.443033358428316,OK,,17.443033358428316,OK,443700000.0,2026-Q4,2026-10-07,2026-Q4,2026-08-19,PROVIDER_FILING_DATE_PROXY,EXISTING_UNREVIEWED_COMMON_RULE,21.975,2026-08-19,4,4,,,
2026-10-08,EBAY,732,PB_OWNERSHIP_BASIS_V2,,OWNERSHIP_BASIS_UNVERIFIED,,,OWNERSHIP_BASIS_UNVERIFIED,4665000000.0,2026-Q2,2026-10-07,2026-Q2,2026-08-06,PROVIDER_FILING_DATE_PROXY,HELD,10.506,2026-08-06,4,4,,,
2026-10-08,EBF,733,PB_OWNERSHIP_BASIS_V2,1.8322344647771716,OK,,1.8322344647771716,OK,310665000.0,2027-Q1,2026-10-07,2027-Q1,2026-07-01,PROVIDER_FILING_DATE_PROXY,EXISTING_UNREVIEWED_COMMON_RULE,1.768,2026-07-01,4,4,,,
2026-10-08,EBS,734,PB_OWNERSHIP_BASIS_V2,1.0618116412467822,OK,,1.0618116412467822,OK,341400000.0,2026-Q2,2026-10-07,2026-Q2,2026-08-06,PROVIDER_FILING_DATE_PROXY,EXISTING_UNREVIEWED_COMMON_RULE,0.797,2026-08-06,4,4,,,
2026-10-08,ECL,735,PB_OWNERSHIP_BASIS_V2,7.7529099701944215,OK,,7.7529099701944215,OK,10055500000.0,2026-Q2,2026-10-07,2026-Q2,2026-08-06,PROVIDER_FILING_DATE_PROXY,EXISTING_UNREVIEWED_COMMON_RULE,7.902,2026-08-06,4,4,,,
2026-10-08,ECOR,736,PB_OWNERSHIP_BASIS_V2,,NEGATIVE_EQUITY,,,NEGATIVE_EQUITY,-2790000.0,2026-Q2,2026-10-07,2026-Q2,2026-08-06,PROVIDER_FILING_DATE_PROXY,HELD,,2026-08-06,0,4,,,
2026-10-08,ECVT,737,PB_OWNERSHIP_BASIS_V2,1.9228606781431539,OK,,1.9228606781431539,OK,586948000.0,2026-Q2,2026-10-07,2026-Q2,2026-08-06,PROVIDER_FILING_DATE_PROXY,EXISTING_UNREVIEWED_COMMON_RULE,2.052,2026-08-06,4,4,,,
2026-10-08,ED,738,PB_OWNERSHIP_BASIS_V2,1.5046801170883206,OK,,1.5046801170883206,OK,25719000000.0,2026-Q2,2026-10-07,2026-Q2,2026-08-06,PROVIDER_FILING_DATE_PROXY,EXISTING_UNREVIEWED_COMMON_RULE,1.567,2026-08-06,4,4,,,
2026-10-08,EDBL,739,PB_OWNERSHIP_BASIS_V2,,OWNERSHIP_BASIS_UNVERIFIED,LARGE_ENDPOINT_VS_AVERAGE_SHARE_DIFFERENCE,,OWNERSHIP_BASIS_UNVERIFIED,5573000.0,2026-Q2,2026-10-07,2026-Q2,2026-08-14,PROVIDER_FILING_DATE_PROXY,HELD,0.585,2026-08-14,4,4,,,
2026-10-08,EDIT,740,PB_OWNERSHIP_BASIS_V2,4.01159844843799,OK,LARGE_ENDPOINT_VS_AVERAGE_SHARE_DIFFERENCE,4.01159844843799,OK,105281000.0,2026-Q2,2026-10-07,2026-Q2,2026-08-05,PROVIDER_FILING_DATE_PROXY,EXISTING_UNREVIEWED_COMMON_RULE,4.012,2026-08-05,4,4,,,
2026-10-08,EDSA,741,PB_OWNERSHIP_BASIS_V2,4.267320922939307,OK,,4.267320922939307,OK,8811154.0,2026-Q3,2026-10-07,2026-Q3,2026-08-13,PROVIDER_FILING_DATE_PROXY,EXISTING_UNREVIEWED_COMMON_RULE,5.941,2026-08-13,4,4,,,
2026-10-08,EE,742,PB_OWNERSHIP_BASIS_V2,5.78063211724363,OK,LARGE_ENDPOINT_VS_AVERAGE_SHARE_DIFFERENCE,5.78063211724363,OK,686812000.0,2026-Q2,2026-10-07,2026-Q2,2026-08-06,PROVIDER_FILING_DATE_PROXY,EXISTING_UNREVIEWED_COMMON_RULE,6.251,2026-08-06,4,4,,,
2026-10-08,EEFT,743,PB_OWNERSHIP_BASIS_V2,1.9013519607464078,OK,,1.9013519607464078,OK,1229900000.0,2026-Q2,2026-10-07,2026-Q2,2026-08-04,PROVIDER_FILING_DATE_PROXY,EXISTING_UNREVIEWED_COMMON_RULE,2.339,2026-08-04,4,4,,,
2026-10-08,EFC,744,PB_OWNERSHIP_BASIS_V2,,OWNERSHIP_BASIS_UNVERIFIED,,,OWNERSHIP_BASIS_UNVERIFIED,1966152000.0,2026-Q2,2026-10-07,2026-Q2,2026-08-10,PROVIDER_FILING_DATE_PROXY,HELD,0.883,2026-08-10,4,4,,,
2026-10-08,EFX,745,PB_OWNERSHIP_BASIS_V2,3.820230326650592,OK,,3.820230326650592,OK,4380200000.0,2026-Q2,2026-10-07,2026-Q2,2026-07-21,PROVIDER_FILING_DATE_PROXY,EXISTING_UNREVIEWED_COMMON_RULE,4.64,2026-07-21,4,4,,,
2026-10-08,EGHT,746,PB_OWNERSHIP_BASIS_V2,2.091044922382994,OK,,2.091044922382994,OK,147817000.0,2027-Q1,2026-10-07,2027-Q1,2026-08-05,PROVIDER_FILING_DATE_PROXY,EXISTING_UNREVIEWED_COMMON_RULE,2.257,2026-08-05,4,4,,,
2026-10-08,EGP,747,PB_OWNERSHIP_BASIS_V2,2.8661594543357793,OK,HISTORICAL_OHLC_INCOMPLETE,2.8661594543357793,OK,3574995000.0,2026-Q2,2026-10-07,2026-Q2,2026-07-22,PROVIDER_FILING_DATE_PROXY,EXISTING_UNREVIEWED_COMMON_RULE,3.254,2026-07-22,4,4,,,
2026-10-08,EGY,748,PB_OWNERSHIP_BASIS_V2,1.6013787597966322,OK,,1.6013787597966322,OK,380335000.0,2026-Q2,2026-10-07,2026-Q2,2026-08-10,PROVIDER_FILING_DATE_PROXY,EXISTING_UNREVIEWED_COMMON_RULE,1.607,2026-08-10,4,4,,,
2026-10-08,EHC,749,PB_OWNERSHIP_BASIS_V2,4.651448128534033,OK,,4.651448128534033,OK,2597700000.0,2026-Q2,2026-10-07,2026-Q2,2026-08-07,PROVIDER_FILING_DATE_PROXY,EXISTING_UNREVIEWED_COMMON_RULE,4.756,2026-08-07,4,4,,,
2026-10-08,EIX,750,PB_OWNERSHIP_BASIS_V2,1.1944622362183837,OK,,1.1944622362183837,OK,17529000000.0,2026-Q2,2026-10-07,2026-Q2,2026-07-30,PROVIDER_FILING_DATE_PROXY,EXISTING_UNREVIEWED_COMMON_RULE,1.728,2026-07-30,4,4,,,
2026-10-08,EL,751,PB_OWNERSHIP_BASIS_V2,8.97842184682827,OK,HISTORICAL_OHLC_INCOMPLETE,8.97842184682827,OK,3806000000.0,2026-Q4,2026-10-07,2026-Q4,2026-08-19,PROVIDER_FILING_DATE_PROXY,EXISTING_UNREVIEWED_COMMON_RULE,9.317,2026-08-19,4,4,,,
2026-10-08,ELAB,752,PB_OWNERSHIP_BASIS_V2,0.15188465586894065,OK,LARGE_ENDPOINT_VS_AVERAGE_SHARE_DIFFERENCE,0.15188465586894065,OK,16736899.0,2026-Q2,2026-10-07,2026-Q2,2026-08-14,PROVIDER_FILING_DATE_PROXY,EXISTING_UNREVIEWED_COMMON_RULE,0.44,2026-08-14,4,4,,,
2026-10-08,ELAN,753,PB_OWNERSHIP_BASIS_V2,,OWNERSHIP_BASIS_UNVERIFIED,,,OWNERSHIP_BASIS_UNVERIFIED,6588000000.0,2026-Q2,2026-10-07,2026-Q2,2026-08-05,PROVIDER_FILING_DATE_PROXY,HELD,1.988,2026-08-05,4,4,,,
2026-10-08,ELDN,754,PB_OWNERSHIP_BASIS_V2,5.956804714498346,OK,LARGE_ENDPOINT_VS_AVERAGE_SHARE_DIFFERENCE,5.956804714498346,OK,33013000.0,2026-Q2,2026-10-07,2026-Q2,2026-08-13,PROVIDER_FILING_DATE_PROXY,EXISTING_UNREVIEWED_COMMON_RULE,9.108,2026-08-13,4,4,,,
2026-10-08,ELF,755,PB_OWNERSHIP_BASIS_V2,5.302132576930896,OK,,5.302132576930896,OK,1168890000.0,2027-Q1,2026-10-07,2027-Q1,2026-08-06,PROVIDER_FILING_DATE_PROXY,EXISTING_UNREVIEWED_COMMON_RULE,4.66,2026-08-06,4,4,,,
2026-10-08,ELME,756,PB_OWNERSHIP_BASIS_V2,,NEGATIVE_EQUITY,,,NEGATIVE_EQUITY,-125098000.0,2026-Q2,2026-10-07,2026-Q2,2026-07-31,PROVIDER_FILING_DATE_PROXY,HELD,,2026-07-31,1,4,,,
2026-10-08,ELS,757,PB_OWNERSHIP_BASIS_V2,,OWNERSHIP_BASIS_UNVERIFIED,,,OWNERSHIP_BASIS_UNVERIFIED,1758170000.0,2026-Q2,2026-10-07,2026-Q2,2026-07-28,PROVIDER_FILING_DATE_PROXY,HELD,7.287,2026-07-28,4,4,,,
2026-10-08,ELVN,758,PB_OWNERSHIP_BASIS_V2,3.3854461320751335,OK,,3.3854461320751335,OK,895149000.0,2026-Q2,2026-10-07,2026-Q2,2026-08-05,PROVIDER_FILING_DATE_PROXY,EXISTING_UNREVIEWED_COMMON_RULE,4.887,2026-08-05,4,4,,,
2026-10-08,EMBC,759,PB_OWNERSHIP_BASIS_V2,,NEGATIVE_EQUITY,,,NEGATIVE_EQUITY,-612700000.0,2026-Q3,2026-10-07,2026-Q3,2026-08-07,PROVIDER_FILING_DATE_PROXY,HELD,,2026-08-07,0,4,,,
2026-10-08,EME,760,PB_OWNERSHIP_BASIS_V2,8.485428506722005,OK,,8.485428506722005,OK,4078907000.0,2026-Q2,2026-10-07,2026-Q2,2026-07-30,PROVIDER_FILING_DATE_PROXY,EXISTING_UNREVIEWED_COMMON_RULE,8.677,2026-07-30,4,4,,,
2026-10-08,EMN,761,PB_OWNERSHIP_BASIS_V2,1.1867407936761811,OK,,1.1867407936761811,OK,6096000000.0,2026-Q2,2026-10-07,2026-Q2,2026-07-31,PROVIDER_FILING_DATE_PROXY,EXISTING_UNREVIEWED_COMMON_RULE,1.312,2026-07-31,4,4,,,
2026-10-08,EMPD,762,PB_OWNERSHIP_BASIS_V2,0.7833803927064501,OK,,0.7833803927064501,OK,113390575.0,2026-Q2,2026-10-07,2026-Q2,2026-08-07,PROVIDER_FILING_DATE_PROXY,EXISTING_UNREVIEWED_COMMON_RULE,0.703,2026-08-07,4,4,,,
2026-10-08,EMR,763,PB_OWNERSHIP_BASIS_V2,4.3580605859418124,OK,,4.3580605859418124,OK,20379000000.0,2026-Q3,2026-10-07,2026-Q3,2026-08-04,PROVIDER_FILING_DATE_PROXY,EXISTING_UNREVIEWED_COMMON_RULE,4.348,2026-08-04,4,4,,,
2026-10-08,ENB,764,PB_OWNERSHIP_BASIS_V2,,OWNERSHIP_BASIS_UNVERIFIED,,,OWNERSHIP_BASIS_UNVERIFIED,46677857143.0,2026-Q2,2026-10-07,2026-Q2,2026-07-31,PROVIDER_FILING_DATE_PROXY,HELD,2.548,2026-07-31,4,4,,,
2026-10-08,ENGN,765,PB_OWNERSHIP_BASIS_V2,,OWNERSHIP_BASIS_UNVERIFIED,,,OWNERSHIP_BASIS_UNVERIFIED,230290000.0,2026-Q3,2026-10-07,2026-Q3,2026-09-08,PROVIDER_FILING_DATE_PROXY,HELD,0.559,2026-09-08,4,4,,,
2026-10-08,ENOV,766,PB_OWNERSHIP_BASIS_V2,,OWNERSHIP_BASIS_UNVERIFIED,HISTORICAL_OHLC_INCOMPLETE,,OWNERSHIP_BASIS_UNVERIFIED,1477067000.0,2026-Q2,2026-10-07,2026-Q2,2026-08-06,PROVIDER_FILING_DATE_PROXY,HELD,1.027,2026-08-06,4,4,,,
2026-10-08,ENPH,767,PB_OWNERSHIP_BASIS_V2,3.7457360479795843,OK,,3.7457360479795843,OK,1181836000.0,2026-Q2,2026-10-07,2026-Q2,2026-07-28,PROVIDER_FILING_DATE_PROXY,EXISTING_UNREVIEWED_COMMON_RULE,4.061,2026-07-28,4,4,,,
2026-10-08,ENR,768,PB_OWNERSHIP_BASIS_V2,,OWNERSHIP_BASIS_UNVERIFIED,,,OWNERSHIP_BASIS_UNVERIFIED,203200000.0,2026-Q3,2026-10-07,2026-Q3,2026-08-04,PROVIDER_FILING_DATE_PROXY,HELD,7.273,2026-08-04,4,4,,,
2026-10-08,ENS,769,PB_OWNERSHIP_BASIS_V2,3.341054330611804,OK,,3.341054330611804,OK,1969900000.0,2027-Q1,2026-10-07,2027-Q1,2026-08-12,PROVIDER_FILING_DATE_PROXY,EXISTING_UNREVIEWED_COMMON_RULE,3.418,2026-08-12,4,4,,,
2026-10-08,ENSC,770,PB_OWNERSHIP_BASIS_V2,,NEGATIVE_EQUITY,LARGE_ENDPOINT_VS_AVERAGE_SHARE_DIFFERENCE,,NEGATIVE_EQUITY,-781697.0,2026-Q2,2026-10-07,2026-Q2,2026-08-13,PROVIDER_FILING_DATE_PROXY,HELD,,2026-08-13,2,4,,,
2026-10-08,ENSG,771,PB_OWNERSHIP_BASIS_V2,4.039235787957163,OK,,4.039235787957163,OK,2441688000.0,2026-Q2,2026-10-07,2026-Q2,2026-07-27,PROVIDER_FILING_DATE_PROXY,EXISTING_UNREVIEWED_COMMON_RULE,4.25,2026-07-27,4,4,,,
2026-10-08,ENTA,772,PB_OWNERSHIP_BASIS_V2,3.5647407627227436,OK,,3.5647407627227436,OK,101068000.0,2026-Q3,2026-10-07,2026-Q3,2026-08-12,PROVIDER_FILING_DATE_PROXY,EXISTING_UNREVIEWED_COMMON_RULE,3.89,2026-08-12,4,4,,,
2026-10-08,ENTG,773,PB_OWNERSHIP_BASIS_V2,6.114647302617926,OK,,6.114647302617926,OK,4156200000.0,2026-Q2,2026-10-07,2026-Q2,2026-08-04,PROVIDER_FILING_DATE_PROXY,EXISTING_UNREVIEWED_COMMON_RULE,5.315,2026-08-04,4,4,,,
2026-10-08,ENVX,774,PB_OWNERSHIP_BASIS_V2,,OWNERSHIP_BASIS_UNVERIFIED,,,OWNERSHIP_BASIS_UNVERIFIED,209945000.0,2026-Q2,2026-10-07,2026-Q2,2026-08-12,PROVIDER_FILING_DATE_PROXY,HELD,4.944,2026-08-12,4,4,,,
2026-10-08,EOG,775,PB_OWNERSHIP_BASIS_V2,2.373912753972484,OK,,2.373912753972484,OK,31864000000.0,2026-Q2,2026-10-07,2026-Q2,2026-08-04,PROVIDER_FILING_DATE_PROXY,EXISTING_UNREVIEWED_COMMON_RULE,2.363,2026-08-04,4,4,,,
2026-10-08,EOLS,776,PB_OWNERSHIP_BASIS_V2,,NEGATIVE_EQUITY,,,NEGATIVE_EQUITY,-30903000.0,2026-Q2,2026-10-07,2026-Q2,2026-08-05,PROVIDER_FILING_DATE_PROXY,HELD,,2026-08-05,0,4,,,
2026-10-08,EOSE,777,PB_OWNERSHIP_BASIS_V2,,NEGATIVE_EQUITY,,,NEGATIVE_EQUITY,-1030784000.0,2026-Q2,2026-10-07,2026-Q2,2026-08-05,PROVIDER_FILING_DATE_PROXY,HELD,,2026-08-05,0,4,,,
2026-10-08,EPAC,778,PB_OWNERSHIP_BASIS_V2,4.230637399690177,OK,HISTORICAL_OHLC_INCOMPLETE,4.230637399690177,OK,424028000.0,2026-Q3,2026-10-07,2026-Q3,2026-07-09,PROVIDER_FILING_DATE_PROXY,EXISTING_UNREVIEWED_COMMON_RULE,4.074,2026-07-09,4,4,,,
2026-10-08,EPAM,779,PB_OWNERSHIP_BASIS_V2,1.5880500165477558,OK,,1.5880500165477558,OK,3518719000.0,2026-Q2,2026-10-07,2026-Q2,2026-08-06,PROVIDER_FILING_DATE_PROXY,EXISTING_UNREVIEWED_COMMON_RULE,1.364,2026-08-06,4,4,,,
2026-10-08,EPC,780,PB_OWNERSHIP_BASIS_V2,0.8678568825269433,OK,,0.8678568825269433,OK,1459900000.0,2026-Q3,2026-10-07,2026-Q3,2026-08-05,PROVIDER_FILING_DATE_PROXY,EXISTING_UNREVIEWED_COMMON_RULE,0.922,2026-08-05,4,4,,,
2026-10-08,EPD,781,PB_OWNERSHIP_BASIS_V2,2.635093294706425,OK,,2.635093294706425,OK,30248000000.0,2026-Q2,2026-10-07,2026-Q2,2026-08-07,PROVIDER_FILING_DATE_PROXY,EXISTING_UNREVIEWED_COMMON_RULE,2.695,2026-08-07,4,4,,,
2026-10-08,EPR,782,PB_OWNERSHIP_BASIS_V2,,OWNERSHIP_BASIS_UNVERIFIED,HISTORICAL_OHLC_INCOMPLETE,,OWNERSHIP_BASIS_UNVERIFIED,2309424000.0,2026-Q2,2026-10-07,2026-Q2,2026-07-30,PROVIDER_FILING_DATE_PROXY,HELD,2.123,2026-07-30,4,4,,,
2026-10-08,EPRT,783,PB_OWNERSHIP_BASIS_V2,1.2240264382797357,OK,,1.2240264382797357,OK,4408411000.0,2026-Q2,2026-10-07,2026-Q2,2026-07-22,PROVIDER_FILING_DATE_PROXY,EXISTING_UNREVIEWED_COMMON_RULE,1.602,2026-07-22,4,4,,,
2026-10-08,EPSN,784,PB_OWNERSHIP_BASIS_V2,1.4079944228048844,OK,,1.4079944228048844,OK,129911043.0,2026-Q2,2026-10-07,2026-Q2,2026-08-12,PROVIDER_FILING_DATE_PROXY,EXISTING_UNREVIEWED_COMMON_RULE,1.385,2026-08-12,4,4,,,
2026-10-08,EQ,785,PB_OWNERSHIP_BASIS_V2,1.573429610699445,OK,LARGE_ENDPOINT_VS_AVERAGE_SHARE_DIFFERENCE,1.573429610699445,OK,56016000.0,2026-Q2,2026-10-07,2026-Q2,2026-08-13,PROVIDER_FILING_DATE_PROXY,EXISTING_UNREVIEWED_COMMON_RULE,2.275,2026-08-13,4,4,,,
2026-10-08,EQIX,786,PB_OWNERSHIP_BASIS_V2,7.078743386969919,OK,,7.078743386969919,OK,14382000000.0,2026-Q2,2026-10-07,2026-Q2,2026-07-29,PROVIDER_FILING_DATE_PROXY,EXISTING_UNREVIEWED_COMMON_RULE,6.916,2026-07-29,4,4,,,
2026-10-08,VMRK,787,PB_OWNERSHIP_BASIS_V2,2.1141699131031975,OK,,2.1141699131031975,OK,10514980000.0,2026-Q2,2026-10-07,2026-Q2,2026-07-30,PROVIDER_FILING_DATE_PROXY,EXISTING_UNREVIEWED_COMMON_RULE,2.393,2026-07-30,4,4,,,
2026-10-08,EQT,788,PB_OWNERSHIP_BASIS_V2,1.29541563207387,OK,,1.29541563207387,OK,25258876000.0,2026-Q2,2026-10-07,2026-Q2,2026-07-22,PROVIDER_FILING_DATE_PROXY,EXISTING_UNREVIEWED_COMMON_RULE,1.338,2026-07-22,4,4,,,
2026-10-08,ERAS,789,PB_OWNERSHIP_BASIS_V2,13.647590410267007,OK,,13.647590410267007,OK,361869000.0,2026-Q2,2026-10-07,2026-Q2,2026-08-11,PROVIDER_FILING_DATE_PROXY,EXISTING_UNREVIEWED_COMMON_RULE,17.697,2026-08-11,4,4,,,
2026-10-08,ERII,790,PB_OWNERSHIP_BASIS_V2,1.9917439309570133,OK,,1.9917439309570133,OK,172478000.0,2026-Q2,2026-10-07,2026-Q2,2026-08-05,PROVIDER_FILING_DATE_PROXY,EXISTING_UNREVIEWED_COMMON_RULE,2.622,2026-08-05,4,4,,,
2026-10-08,ERNA,791,PB_OWNERSHIP_BASIS_V2,,OWNERSHIP_BASIS_UNVERIFIED,LARGE_ENDPOINT_VS_AVERAGE_SHARE_DIFFERENCE,,OWNERSHIP_BASIS_UNVERIFIED,3200000.0,2026-Q2,2026-10-07,2026-Q2,2026-08-06,PROVIDER_FILING_DATE_PROXY,HELD,2.224,2026-08-06,4,4,,,
2026-10-08,ES,792,PB_OWNERSHIP_BASIS_V2,1.503916398598125,OK,,1.503916398598125,OK,16340177000.0,2026-Q2,2026-10-07,2026-Q2,2026-08-03,PROVIDER_FILING_DATE_PROXY,EXISTING_UNREVIEWED_COMMON_RULE,1.659,2026-08-03,4,4,,,
2026-10-08,ESAB,793,PB_OWNERSHIP_BASIS_V2,1.6436502175535208,OK,HISTORICAL_OHLC_INCOMPLETE,1.6436502175535208,OK,2538681000.0,2026-Q2,2026-10-07,2026-Q2,2026-08-06,PROVIDER_FILING_DATE_PROXY,EXISTING_UNREVIEWED_COMMON_RULE,2.314,2026-08-06,4,4,,,
2026-10-08,ESE,794,PB_OWNERSHIP_BASIS_V2,4.115383780842412,OK,,4.115383780842412,OK,1617262000.0,2026-Q3,2026-10-07,2026-Q3,2026-08-10,PROVIDER_FILING_DATE_PROXY,EXISTING_UNREVIEWED_COMMON_RULE,4.819,2026-08-10,4,4,,,
2026-10-08,ESI,795,PB_OWNERSHIP_BASIS_V2,3.220389955263131,OK,HISTORICAL_OHLC_INCOMPLETE,3.220389955263131,OK,2812700000.0,2026-Q2,2026-10-07,2026-Q2,2026-07-28,PROVIDER_FILING_DATE_PROXY,EXISTING_UNREVIEWED_COMMON_RULE,3.162,2026-07-28,4,4,,,
2026-10-08,ESOA,796,PB_OWNERSHIP_BASIS_V2,2.316746868723173,OK,,2.316746868723173,OK,84084215.0,2026-Q3,2026-10-07,2026-Q3,2026-08-10,PROVIDER_FILING_DATE_PROXY,EXISTING_UNREVIEWED_COMMON_RULE,3.431,2026-08-10,4,4,,,
2026-10-08,ESRT,797,PB_OWNERSHIP_BASIS_V2,0.7448385592835223,OK,,0.7448385592835223,OK,1039021000.0,2026-Q2,2026-10-07,2026-Q2,2026-08-06,PROVIDER_FILING_DATE_PROXY,EXISTING_UNREVIEWED_COMMON_RULE,0.813,2026-08-06,4,4,,,
2026-10-08,ESS,798,PB_OWNERSHIP_BASIS_V2,,OWNERSHIP_BASIS_UNVERIFIED,HISTORICAL_OHLC_INCOMPLETE,,OWNERSHIP_BASIS_UNVERIFIED,5323073000.0,2026-Q2,2026-10-07,2026-Q2,2026-07-30,PROVIDER_FILING_DATE_PROXY,HELD,3.403,2026-07-30,4,4,,,
2026-10-08,ESTA,799,PB_OWNERSHIP_BASIS_V2,88.06639954070084,OK,,88.06639954070084,OK,21607000.0,2026-Q2,2026-10-07,2026-Q2,2026-08-07,PROVIDER_FILING_DATE_PROXY,EXISTING_UNREVIEWED_COMMON_RULE,106.783,2026-08-07,4,4,,,
2026-10-08,ESTC,800,PB_OWNERSHIP_BASIS_V2,7.53729480576756,OK,,7.53729480576756,OK,1296843000.0,2027-Q1,2026-10-07,2027-Q1,2026-08-28,PROVIDER_FILING_DATE_PROXY,EXISTING_UNREVIEWED_COMMON_RULE,8.089,2026-08-28,4,4,,,
2026-10-08,ET,801,PB_OWNERSHIP_BASIS_V2,,OWNERSHIP_BASIS_UNVERIFIED,,,OWNERSHIP_BASIS_UNVERIFIED,35331000000.0,2026-Q2,2026-10-07,2026-Q2,2026-08-06,PROVIDER_FILING_DATE_PROXY,HELD,2.014,2026-08-06,4,4,,,
2026-10-08,ETD,802,PB_OWNERSHIP_BASIS_V2,1.1095502200175489,OK,,1.1095502200175489,OK,471546000.0,2026-Q4,2026-10-07,2026-Q4,2026-09-03,PROVIDER_FILING_DATE_PROXY,EXISTING_UNREVIEWED_COMMON_RULE,1.169,2026-09-03,4,4,,,
2026-10-08,ETN,803,PB_OWNERSHIP_BASIS_V2,8.271381790494123,OK,HISTORICAL_OHLC_INCOMPLETE,8.271381790494123,OK,20254000000.0,2026-Q2,2026-10-07,2026-Q2,2026-07-31,PROVIDER_FILING_DATE_PROXY,EXISTING_UNREVIEWED_COMMON_RULE,7.962,2026-07-31,4,4,,,
2026-10-08,ETON,804,PB_OWNERSHIP_BASIS_V2,33.672694629818224,OK,,33.672694629818224,OK,46585000.0,2026-Q2,2026-10-07,2026-Q2,2026-08-13,PROVIDER_FILING_DATE_PROXY,EXISTING_UNREVIEWED_COMMON_RULE,25.034,2026-08-13,4,4,,,
2026-10-08,ETR,805,PB_OWNERSHIP_BASIS_V2,2.6314884875652975,OK,,2.6314884875652975,OK,18229120000.0,2026-Q2,2026-10-07,2026-Q2,2026-07-31,PROVIDER_FILING_DATE_PROXY,EXISTING_UNREVIEWED_COMMON_RULE,2.755,2026-07-31,4,4,,,
2026-10-08,ETSY,806,PB_OWNERSHIP_BASIS_V2,,NEGATIVE_EQUITY,,,NEGATIVE_EQUITY,-1395078000.0,2026-Q2,2026-10-07,2026-Q2,2026-08-05,PROVIDER_FILING_DATE_PROXY,HELD,,2026-08-05,0,4,,,
2026-10-08,EU,807,PB_OWNERSHIP_BASIS_V2,0.9454956854421421,OK,,0.9454956854421421,OK,221919000.0,2026-Q2,2026-10-07,2026-Q2,2026-08-13,PROVIDER_FILING_DATE_PROXY,EXISTING_UNREVIEWED_COMMON_RULE,0.998,2026-08-13,4,4,,,
2026-10-08,EVC,808,PB_OWNERSHIP_BASIS_V2,7.488388033017269,OK,,7.488388033017269,OK,83558000.0,2026-Q2,2026-10-07,2026-Q2,2026-08-10,PROVIDER_FILING_DATE_PROXY,EXISTING_UNREVIEWED_COMMON_RULE,12.922,2026-08-10,4,4,,,
2026-10-08,EVCM,809,PB_OWNERSHIP_BASIS_V2,2.2969905707937635,OK,,2.2969905707937635,OK,715278000.0,2026-Q2,2026-10-07,2026-Q2,2026-08-05,PROVIDER_FILING_DATE_PROXY,EXISTING_UNREVIEWED_COMMON_RULE,2.927,2026-08-05,4,4,,,
2026-10-08,EVER,810,PB_OWNERSHIP_BASIS_V2,2.66104865051275,OK,,2.66104865051275,OK,256778000.0,2026-Q2,2026-10-07,2026-Q2,2026-08-04,PROVIDER_FILING_DATE_PROXY,EXISTING_UNREVIEWED_COMMON_RULE,3.275,2026-08-04,4,4,,,
2026-10-08,EVEX,811,PB_OWNERSHIP_BASIS_V2,,OWNERSHIP_BASIS_UNVERIFIED,,,OWNERSHIP_BASIS_UNVERIFIED,22831000.0,2026-Q2,2026-10-07,2026-Q2,2026-08-04,PROVIDER_FILING_DATE_PROXY,HELD,43.654,2026-08-04,4,4,,,
2026-10-08,EVGO,812,PB_OWNERSHIP_BASIS_V2,,NEGATIVE_EQUITY,,,NEGATIVE_EQUITY,-20450000.0,2026-Q2,2026-10-07,2026-Q2,2026-08-06,PROVIDER_FILING_DATE_PROXY,HELD,,2026-08-06,1,4,,,
2026-10-08,EVH,813,PB_OWNERSHIP_BASIS_V2,1.2213923271957847,OK,,1.2213923271957847,OK,383223000.0,2026-Q2,2026-10-07,2026-Q2,2026-08-06,PROVIDER_FILING_DATE_PROXY,EXISTING_UNREVIEWED_COMMON_RULE,1.059,2026-08-06,4,4,,,
2026-10-08,EVLV,814,PB_OWNERSHIP_BASIS_V2,,OWNERSHIP_BASIS_UNVERIFIED,,,OWNERSHIP_BASIS_UNVERIFIED,118858000.0,2026-Q2,2026-10-07,2026-Q2,2026-08-11,PROVIDER_FILING_DATE_PROXY,HELD,9.189,2026-08-11,4,4,,,
2026-10-08,EVRG,815,PB_OWNERSHIP_BASIS_V2,1.8110676528646354,OK,,1.8110676528646354,OK,10223000000.0,2026-Q2,2026-10-07,2026-Q2,2026-08-06,PROVIDER_FILING_DATE_PROXY,EXISTING_UNREVIEWED_COMMON_RULE,1.872,2026-08-06,4,4,,,
2026-10-08,EVTC,816,PB_OWNERSHIP_BASIS_V2,2.683225454816678,OK,,2.683225454816678,OK,644908000.0,2026-Q2,2026-10-07,2026-Q2,2026-08-06,PROVIDER_FILING_DATE_PROXY,EXISTING_UNREVIEWED_COMMON_RULE,2.867,2026-08-06,4,4,,,
2026-10-08,EW,817,PB_OWNERSHIP_BASIS_V2,4.656582340966916,OK,,4.656582340966916,OK,10618000000.0,2026-Q2,2026-10-07,2026-Q2,2026-08-04,PROVIDER_FILING_DATE_PROXY,EXISTING_UNREVIEWED_COMMON_RULE,4.864,2026-08-04,4,4,,,
2026-10-08,EWTX,818,PB_OWNERSHIP_BASIS_V2,9.59090815057825,OK,,9.59090815057825,OK,448077000.0,2026-Q2,2026-10-07,2026-Q2,2026-08-06,PROVIDER_FILING_DATE_PROXY,EXISTING_UNREVIEWED_COMMON_RULE,10.766,2026-08-06,4,4,,,
2026-10-08,EXC,819,PB_OWNERSHIP_BASIS_V2,,OWNERSHIP_BASIS_UNVERIFIED,,,OWNERSHIP_BASIS_UNVERIFIED,29698000000.0,2026-Q2,2026-10-07,2026-Q2,2026-07-30,PROVIDER_FILING_DATE_PROXY,HELD,1.584,2026-07-30,4,4,,,
2026-10-08,EXE,820,PB_OWNERSHIP_BASIS_V2,,OWNERSHIP_BASIS_UNVERIFIED,,,OWNERSHIP_BASIS_UNVERIFIED,19410000000.0,2026-Q2,2026-10-07,2026-Q2,2026-07-28,PROVIDER_FILING_DATE_PROXY,HELD,1.056,2026-07-28,4,4,,,
2026-10-08,EXEL,821,PB_OWNERSHIP_BASIS_V2,7.853704404474996,OK,,7.853704404474996,OK,1843762000.0,2026-Q2,2026-10-07,2026-Q2,2026-08-05,PROVIDER_FILING_DATE_PROXY,EXISTING_UNREVIEWED_COMMON_RULE,7.62,2026-08-05,4,4,,,
2026-10-08,EXFY,822,PB_OWNERSHIP_BASIS_V2,1.5382777124355496,OK,,1.5382777124355496,OK,134562000.0,2026-Q2,2026-10-07,2026-Q2,2026-08-06,PROVIDER_FILING_DATE_PROXY,EXISTING_UNREVIEWED_COMMON_RULE,1.342,2026-08-06,4,4,,,
2026-10-08,EXLS,823,PB_OWNERSHIP_BASIS_V2,6.215075677482106,OK,,6.215075677482106,OK,866242000.0,2026-Q2,2026-10-07,2026-Q2,2026-07-28,PROVIDER_FILING_DATE_PROXY,EXISTING_UNREVIEWED_COMMON_RULE,5.343,2026-07-28,4,4,,,
2026-10-08,EXP,824,PB_OWNERSHIP_BASIS_V2,,OWNERSHIP_BASIS_UNVERIFIED,HISTORICAL_OHLC_INCOMPLETE,,OWNERSHIP_BASIS_UNVERIFIED,1486932000.0,2027-Q1,2026-10-07,2027-Q1,2026-07-29,PROVIDER_FILING_DATE_PROXY,HELD,4.33,2026-07-29,4,4,,,
2026-10-08,EXPD,825,PB_OWNERSHIP_BASIS_V2,11.70939141139235,OK,,11.70939141139235,OK,2118702000.0,2026-Q2,2026-10-07,2026-Q2,2026-08-05,PROVIDER_FILING_DATE_PROXY,EXISTING_UNREVIEWED_COMMON_RULE,11.13,2026-08-05,4,4,,,
2026-10-08,EXPE,826,PB_OWNERSHIP_BASIS_V2,25.697440339854552,OK,,25.697440339854552,OK,1209000000.0,2026-Q2,2026-10-07,2026-Q2,2026-08-06,PROVIDER_FILING_DATE_PROXY,EXISTING_UNREVIEWED_COMMON_RULE,30.434,2026-08-06,4,4,,,
2026-10-08,EXPO,827,PB_OWNERSHIP_BASIS_V2,11.358699263730585,OK,,11.358699263730585,OK,288616000.0,2026-Q2,2026-10-07,2026-Q2,2026-08-07,PROVIDER_FILING_DATE_PROXY,EXISTING_UNREVIEWED_COMMON_RULE,11.003,2026-08-07,4,4,,,
2026-10-08,EXR,828,PB_OWNERSHIP_BASIS_V2,2.098689131559458,OK,,2.098689131559458,OK,13257895000.0,2026-Q2,2026-10-07,2026-Q2,2026-07-31,PROVIDER_FILING_DATE_PROXY,EXISTING_UNREVIEWED_COMMON_RULE,2.359,2026-07-31,4,4,,,
2026-10-08,EXTR,829,PB_OWNERSHIP_BASIS_V2,36.23512940036385,OK,,36.23512940036385,OK,88590000.0,2026-Q4,2026-10-07,2026-Q4,2026-08-17,PROVIDER_FILING_DATE_PROXY,EXISTING_UNREVIEWED_COMMON_RULE,35.764,2026-08-17,4,4,,,
2026-10-08,EYE,830,PB_OWNERSHIP_BASIS_V2,1.482666389292662,OK,,1.482666389292662,OK,896996000.0,2026-Q2,2026-10-07,2026-Q2,2026-08-13,PROVIDER_FILING_DATE_PROXY,EXISTING_UNREVIEWED_COMMON_RULE,1.679,2026-08-13,4,4,,,
2026-10-08,EYPT,831,PB_OWNERSHIP_BASIS_V2,1.7199842102067704,OK,,1.7199842102067704,OK,166411000.0,2026-Q2,2026-10-07,2026-Q2,2026-08-05,PROVIDER_FILING_DATE_PROXY,EXISTING_UNREVIEWED_COMMON_RULE,6.346,2026-08-05,4,4,,,
2026-10-08,F,832,PB_OWNERSHIP_BASIS_V2,,MULTI_CLASS_UNVERIFIED,,,OWNERSHIP_REVIEW_STALE,35719000000.0,2026-Q2,2026-10-07,2026-Q2,2026-07-28,ACCEPTED_PROVIDER_DATE_PENDING_RECONCILIATION,HELD,1.67,2026-07-28,4,4,HELD,,66faba8a9c2ae2dc8c4224c7ac99af62b32eb826f81586b81178473c68fe0489
2026-10-08,FA,833,PB_OWNERSHIP_BASIS_V2,2.4383520958329536,OK,,2.4383520958329536,OK,1293954000.0,2026-Q2,2026-10-07,2026-Q2,2026-08-06,PROVIDER_FILING_DATE_PROXY,EXISTING_UNREVIEWED_COMMON_RULE,3.202,2026-08-06,4,4,,,
2026-10-08,FANG,834,PB_OWNERSHIP_BASIS_V2,1.3622926536529396,OK,,1.3622926536529396,OK,37900000000.0,2026-Q2,2026-10-07,2026-Q2,2026-08-05,PROVIDER_FILING_DATE_PROXY,EXISTING_UNREVIEWED_COMMON_RULE,1.376,2026-08-05,4,4,,,
2026-10-08,FAST,835,PB_OWNERSHIP_BASIS_V2,14.053235883730046,OK,,14.053235883730046,OK,4068800000.0,2026-Q2,2026-10-07,2026-Q2,2026-07-16,PROVIDER_FILING_DATE_PROXY,EXISTING_UNREVIEWED_COMMON_RULE,13.162,2026-07-16,4,4,,,
2026-10-08,FBIN,836,PB_OWNERSHIP_BASIS_V2,1.9919378568202761,OK,,1.9919378568202761,OK,2308400000.0,2026-Q2,2026-10-07,2026-Q2,2026-08-05,PROVIDER_FILING_DATE_PROXY,EXISTING_UNREVIEWED_COMMON_RULE,2.704,2026-08-05,4,4,,,
2026-10-08,FBIO,837,PB_OWNERSHIP_BASIS_V2,,OWNERSHIP_BASIS_UNVERIFIED,,,OWNERSHIP_BASIS_UNVERIFIED,164140000.0,2026-Q2,2026-10-07,2026-Q2,2026-08-13,PROVIDER_FILING_DATE_PROXY,HELD,0.605,2026-08-13,4,4,,,
2026-10-08,FBRT,838,PB_OWNERSHIP_BASIS_V2,,OWNERSHIP_BASIS_UNVERIFIED,,,OWNERSHIP_BASIS_UNVERIFIED,1372624000.0,2026-Q2,2026-10-07,2026-Q2,2026-07-29,PROVIDER_FILING_DATE_PROXY,HELD,0.456,2026-07-29,4,4,,,
2026-10-08,FC,839,PB_OWNERSHIP_BASIS_V2,4.747866569625925,OK,,4.747866569625925,OK,42936000.0,2026-Q3,2026-10-07,2026-Q3,2026-07-07,PROVIDER_FILING_DATE_PROXY,EXISTING_UNREVIEWED_COMMON_RULE,5.705,2026-07-07,4,4,,,
2026-10-08,FCEL,840,PB_OWNERSHIP_BASIS_V2,1.5062491899582935,OK,,1.5062491899582935,OK,975110000.0,2026-Q3,2026-10-07,2026-Q3,2026-09-02,PROVIDER_FILING_DATE_PROXY,EXISTING_UNREVIEWED_COMMON_RULE,1.181,2026-09-02,4,4,,,
2026-10-08,FCN,841,PB_OWNERSHIP_BASIS_V2,2.8508880443649494,OK,,2.8508880443649494,OK,1333950000.0,2026-Q2,2026-10-07,2026-Q2,2026-07-30,PROVIDER_FILING_DATE_PROXY,EXISTING_UNREVIEWED_COMMON_RULE,3.396,2026-07-30,4,4,,,
2026-10-08,FCPT,842,PB_OWNERSHIP_BASIS_V2,1.4245405120692411,OK,,1.4245405120692411,OK,1620296000.0,2026-Q2,2026-10-07,2026-Q2,2026-07-30,PROVIDER_FILING_DATE_PROXY,EXISTING_UNREVIEWED_COMMON_RULE,1.73,2026-07-30,4,4,,,
2026-10-08,FCUV,843,PB_OWNERSHIP_BASIS_V2,0.3865080727506033,OK,,0.3865080727506033,OK,8200036.0,2026-Q2,2026-10-07,2026-Q2,2026-08-14,PROVIDER_FILING_DATE_PROXY,EXISTING_UNREVIEWED_COMMON_RULE,0.482,2026-08-14,4,4,,,
2026-10-08,FCX,844,PB_OWNERSHIP_BASIS_V2,,OWNERSHIP_BASIS_UNVERIFIED,,,OWNERSHIP_BASIS_UNVERIFIED,20109000000.0,2026-Q2,2026-10-07,2026-Q2,2026-08-06,PROVIDER_FILING_DATE_PROXY,HELD,4.869,2026-08-06,4,4,,,
2026-10-08,FDMT,845,PB_OWNERSHIP_BASIS_V2,1.7061431856517275,OK,,1.7061431856517275,OK,407659000.0,2026-Q2,2026-10-07,2026-Q2,2026-08-13,PROVIDER_FILING_DATE_PROXY,EXISTING_UNREVIEWED_COMMON_RULE,1.579,2026-08-13,4,4,,,
2026-10-08,FDS,846,PB_OWNERSHIP_BASIS_V2,4.773712794987443,OK,,4.773712794987443,OK,2032290000.0,2026-Q3,2026-10-07,2026-Q3,2026-07-01,PROVIDER_FILING_DATE_PROXY,EXISTING_UNREVIEWED_COMMON_RULE,4.297,2026-07-01,4,4,,,
2026-10-08,FDX,847,PB_OWNERSHIP_BASIS_V2,2.160755477646784,OK,,2.160755477646784,OK,31647000000.0,2026-Q4,2026-10-07,2026-Q4,2026-07-20,PROVIDER_FILING_DATE_PROXY,EXISTING_UNREVIEWED_COMMON_RULE,2.289,2026-07-20,4,4,,,
2026-10-08,FE,848,PB_OWNERSHIP_BASIS_V2,1.9942612468559227,OK,,1.9942612468559227,OK,12935000000.0,2026-Q2,2026-10-07,2026-Q2,2026-07-28,PROVIDER_FILING_DATE_PROXY,EXISTING_UNREVIEWED_COMMON_RULE,2.221,2026-07-28,4,4,,,
2026-10-08,FEIM,849,PB_OWNERSHIP_BASIS_V2,,MISSING_EQUITY,,,MISSING_EQUITY,,2027-Q1,2026-10-07,2027-Q1,2026-09-14,PROVIDER_FILING_DATE_PROXY,HELD,,2026-09-14,0,4,,,
2026-10-08,FELE,850,PB_OWNERSHIP_BASIS_V2,3.06541315888764,OK,,3.06541315888764,OK,1407509000.0,2026-Q2,2026-10-07,2026-Q2,2026-07-29,PROVIDER_FILING_DATE_PROXY,EXISTING_UNREVIEWED_COMMON_RULE,3.31,2026-07-29,4,4,,,
2026-10-08,FERG,851,PB_OWNERSHIP_BASIS_V2,6.70923090561576,OK,,6.70923090561576,OK,6201000000.0,2026-Q4,2026-10-07,2026-Q4,2026-08-10,PROVIDER_FILING_DATE_PROXY,EXISTING_UNREVIEWED_COMMON_RULE,8.229,2026-08-10,4,4,,,
2026-10-08,FF,852,PB_OWNERSHIP_BASIS_V2,1.4670580678345044,OK,,1.4670580678345044,OK,153082000.0,2026-Q2,2026-10-07,2026-Q2,2026-08-10,PROVIDER_FILING_DATE_PROXY,EXISTING_UNREVIEWED_COMMON_RULE,1.479,2026-08-10,4,4,,,
2026-10-08,FFAI,853,PB_OWNERSHIP_BASIS_V2,,NEGATIVE_EQUITY,LARGE_ENDPOINT_VS_AVERAGE_SHARE_DIFFERENCE,,NEGATIVE_EQUITY,-27290000.0,2026-Q2,2026-10-07,2026-Q2,2026-08-13,PROVIDER_FILING_DATE_PROXY,HELD,,2026-08-13,0,4,,,
2026-10-08,FFIV,854,PB_OWNERSHIP_BASIS_V2,6.85345731888188,OK,,6.85345731888188,OK,3855729000.0,2026-Q3,2026-10-07,2026-Q3,2026-08-06,PROVIDER_FILING_DATE_PROXY,EXISTING_UNREVIEWED_COMMON_RULE,6.067,2026-08-06,4,4,,,
2026-10-08,FGI,855,PB_OWNERSHIP_BASIS_V2,,OWNERSHIP_BASIS_UNVERIFIED,,,OWNERSHIP_BASIS_UNVERIFIED,17081089.0,2026-Q2,2026-10-07,2026-Q2,2026-08-14,PROVIDER_FILING_DATE_PROXY,HELD,1.13,2026-08-14,4,4,,,
2026-10-08,FHTX,856,PB_OWNERSHIP_BASIS_V2,,NEGATIVE_EQUITY,,,NEGATIVE_EQUITY,-81041000.0,2026-Q2,2026-10-07,2026-Q2,2026-08-06,PROVIDER_FILING_DATE_PROXY,HELD,,2026-08-06,0,4,,,
2026-10-08,FICO,857,PB_OWNERSHIP_BASIS_V2,,NEGATIVE_EQUITY,,,NEGATIVE_EQUITY,-4097135000.0,2026-Q3,2026-10-07,2026-Q3,2026-07-29,PROVIDER_FILING_DATE_PROXY,HELD,,2026-07-29,0,4,,,
2026-10-08,FIEE,858,PB_OWNERSHIP_BASIS_V2,2.7909285528945524,OK,,2.7909285528945524,OK,11276006.0,2026-Q2,2026-10-07,2026-Q2,2026-08-14,PROVIDER_FILING_DATE_PROXY,EXISTING_UNREVIEWED_COMMON_RULE,3.782,2026-08-14,4,4,,,
2026-10-08,FIGS,859,PB_OWNERSHIP_BASIS_V2,5.280553100347496,OK,,5.280553100347496,OK,442365000.0,2026-Q2,2026-10-07,2026-Q2,2026-08-06,PROVIDER_FILING_DATE_PROXY,EXISTING_UNREVIEWED_COMMON_RULE,4.221,2026-08-06,4,4,,,
2026-10-08,FIP,860,PB_OWNERSHIP_BASIS_V2,15.739829438021953,OK,,15.739829438021953,OK,21324000.0,2026-Q2,2026-10-07,2026-Q2,2026-08-10,PROVIDER_FILING_DATE_PROXY,EXISTING_UNREVIEWED_COMMON_RULE,23.831,2026-08-10,3,4,,,
2026-10-08,FIS,861,PB_OWNERSHIP_BASIS_V2,1.0874905820899765,OK,,1.0874905820899765,OK,16038000000.0,2026-Q2,2026-10-07,2026-Q2,2026-08-04,PROVIDER_FILING_DATE_PROXY,EXISTING_UNREVIEWED_COMMON_RULE,1.423,2026-08-04,4,4,,,
2026-10-08,FIVE,862,PB_OWNERSHIP_BASIS_V2,4.541065371478253,OK,,4.541065371478253,OK,2476123000.0,2027-Q2,2026-10-07,2027-Q2,2026-09-03,PROVIDER_FILING_DATE_PROXY,EXISTING_UNREVIEWED_COMMON_RULE,5.335,2026-09-03,4,4,,,
2026-10-08,FIVN,863,PB_OWNERSHIP_BASIS_V2,3.2162944964153497,OK,,3.2162944964153497,OK,784804000.0,2026-Q2,2026-10-07,2026-Q2,2026-08-06,PROVIDER_FILING_DATE_PROXY,EXISTING_UNREVIEWED_COMMON_RULE,2.701,2026-08-06,4,4,,,
2026-10-08,FIX,864,PB_OWNERSHIP_BASIS_V2,19.04907430242795,OK,,19.04907430242795,OK,3217269000.0,2026-Q2,2026-10-07,2026-Q2,2026-07-23,PROVIDER_FILING_DATE_PROXY,EXISTING_UNREVIEWED_COMMON_RULE,20.031,2026-07-23,4,4,,,
2026-10-08,FIZZ,865,PB_OWNERSHIP_BASIS_V2,,MISSING_EQUITY,,,MISSING_EQUITY,,2027-Q1,2026-10-07,2027-Q1,2026-09-10,PROVIDER_FILING_DATE_PROXY,HELD,,2026-09-10,0,4,,,
2026-10-08,FLEX,866,PB_OWNERSHIP_BASIS_V2,8.015372734859254,OK,,8.015372734859254,OK,5500000000.0,2027-Q1,2026-10-07,2027-Q1,2026-07-31,PROVIDER_FILING_DATE_PROXY,EXISTING_UNREVIEWED_COMMON_RULE,7.64,2026-07-31,4,4,,,
2026-10-08,FLGT,867,PB_OWNERSHIP_BASIS_V2,0.5650747126532134,OK,,0.5650747126532134,OK,1001619000.0,2026-Q2,2026-10-07,2026-Q2,2026-07-30,PROVIDER_FILING_DATE_PROXY,EXISTING_UNREVIEWED_COMMON_RULE,0.555,2026-07-30,4,4,,,
2026-10-08,FLL,868,PB_OWNERSHIP_BASIS_V2,,NEGATIVE_EQUITY,,,NEGATIVE_EQUITY,-13331000.0,2026-Q2,2026-10-07,2026-Q2,2026-08-06,PROVIDER_FILING_DATE_PROXY,HELD,,2026-08-06,2,4,,,
2026-10-08,FLNC,869,PB_OWNERSHIP_BASIS_V2,3.793719793986188,OK,LARGE_ENDPOINT_VS_AVERAGE_SHARE_DIFFERENCE,3.793719793986188,OK,373210000.0,2026-Q3,2026-10-07,2026-Q3,2026-08-05,PROVIDER_FILING_DATE_PROXY,EXISTING_UNREVIEWED_COMMON_RULE,7.038,2026-08-05,4,4,,,
2026-10-08,FLO,870,PB_OWNERSHIP_BASIS_V2,0.9357116870160235,OK,,0.9357116870160235,OK,1323501000.0,2026-Q2,2026-10-07,2026-Q2,2026-08-20,PROVIDER_FILING_DATE_PROXY,EXISTING_UNREVIEWED_COMMON_RULE,1.138,2026-08-20,4,4,,,
2026-10-08,FLR,871,PB_OWNERSHIP_BASIS_V2,2.5463581849407784,OK,,2.5463581849407784,OK,2686000000.0,2026-Q2,2026-10-07,2026-Q2,2026-08-07,PROVIDER_FILING_DATE_PROXY,EXISTING_UNREVIEWED_COMMON_RULE,2.838,2026-08-07,4,4,,,
2026-10-08,FLS,872,PB_OWNERSHIP_BASIS_V2,3.9670495726216886,OK,,3.9670495726216886,OK,2259612000.0,2026-Q2,2026-10-07,2026-Q2,2026-07-29,PROVIDER_FILING_DATE_PROXY,EXISTING_UNREVIEWED_COMMON_RULE,3.934,2026-07-29,4,4,,,
2026-10-08,FLUT,873,PB_OWNERSHIP_BASIS_V2,1.5043360710743252,OK,,1.5043360710743252,OK,8750000000.0,2026-Q2,2026-10-07,2026-Q2,2026-08-05,PROVIDER_FILING_DATE_PROXY,EXISTING_UNREVIEWED_COMMON_RULE,1.843,2026-08-05,4,4,,,
2026-10-08,FLUX,874,PB_OWNERSHIP_BASIS_V2,4.21782628474201,OK,,4.21782628474201,OK,2558000.0,2026-Q4,2026-10-07,2026-Q4,2026-08-20,PROVIDER_FILING_DATE_PROXY,EXISTING_UNREVIEWED_COMMON_RULE,6.931,2026-08-20,3,4,,,
2026-10-08,FLWS,875,PB_OWNERSHIP_BASIS_V2,,MISSING_EQUITY,,,MISSING_EQUITY,,2026-Q4,2026-10-07,2026-Q4,2026-09-11,PROVIDER_FILING_DATE_PROXY,HELD,,2026-09-11,0,4,,,
2026-10-08,FLYW,876,PB_OWNERSHIP_BASIS_V2,2.7042557913854757,OK,,2.7042557913854757,OK,816590000.0,2026-Q2,2026-10-07,2026-Q2,2026-08-05,PROVIDER_FILING_DATE_PROXY,EXISTING_UNREVIEWED_COMMON_RULE,2.779,2026-08-05,4,4,,,
2026-10-08,FMC,877,PB_OWNERSHIP_BASIS_V2,0.6954496490824165,OK,,0.6954496490824165,OK,1636800000.0,2026-Q2,2026-10-07,2026-Q2,2026-07-30,PROVIDER_FILING_DATE_PROXY,EXISTING_UNREVIEWED_COMMON_RULE,0.905,2026-07-30,4,4,,,
2026-10-08,FN,878,PB_OWNERSHIP_BASIS_V2,7.271207067807986,OK,,7.271207067807986,OK,2454256000.0,2026-Q4,2026-10-07,2026-Q4,2026-08-18,PROVIDER_FILING_DATE_PROXY,EXISTING_UNREVIEWED_COMMON_RULE,7.046,2026-08-18,4,4,,,
2026-10-08,FND,879,PB_OWNERSHIP_BASIS_V2,1.9549745555271787,OK,,1.9549745555271787,OK,2495874000.0,2026-Q2,2026-10-07,2026-Q2,2026-07-30,PROVIDER_FILING_DATE_PROXY,EXISTING_UNREVIEWED_COMMON_RULE,2.359,2026-07-30,4,4,,,
2026-10-08,FNGR,880,PB_OWNERSHIP_BASIS_V2,0.9304033577095469,OK,,0.9304033577095469,OK,13376997.0,2027-Q1,2026-10-07,2027-Q1,2026-07-15,PROVIDER_FILING_DATE_PROXY,EXISTING_UNREVIEWED_COMMON_RULE,1.637,2026-07-15,4,4,,,
2026-10-08,FNKO,881,PB_OWNERSHIP_BASIS_V2,1.8854946527225411,OK,,1.8854946527225411,OK,187701000.0,2026-Q2,2026-10-07,2026-Q2,2026-08-06,PROVIDER_FILING_DATE_PROXY,EXISTING_UNREVIEWED_COMMON_RULE,1.578,2026-08-06,4,4,,,
2026-10-08,FOR,882,PB_OWNERSHIP_BASIS_V2,0.70566232733456,OK,,0.70566232733456,OK,1856600000.0,2026-Q3,2026-10-07,2026-Q3,2026-07-22,PROVIDER_FILING_DATE_PROXY,EXISTING_UNREVIEWED_COMMON_RULE,0.753,2026-07-22,4,4,,,
2026-10-08,FORM,883,PB_OWNERSHIP_BASIS_V2,9.826948597579122,OK,,9.826948597579122,OK,1111360000.0,2026-Q2,2026-10-07,2026-Q2,2026-08-04,PROVIDER_FILING_DATE_PROXY,EXISTING_UNREVIEWED_COMMON_RULE,8.456,2026-08-04,4,4,,,
2026-10-08,FOSL,884,PB_OWNERSHIP_BASIS_V2,,OWNERSHIP_BASIS_UNVERIFIED,,,OWNERSHIP_BASIS_UNVERIFIED,89887000.0,2026-Q2,2026-10-07,2026-Q2,2026-08-13,PROVIDER_FILING_DATE_PROXY,HELD,3.671,2026-08-13,4,4,,,
2026-10-08,FOUR,885,PB_OWNERSHIP_BASIS_V2,,OWNERSHIP_BASIS_UNVERIFIED,HISTORICAL_OHLC_INCOMPLETE,,OWNERSHIP_BASIS_UNVERIFIED,1618000000.0,2026-Q2,2026-10-07,2026-Q2,2026-08-06,PROVIDER_FILING_DATE_PROXY,HELD,2.116,2026-08-06,4,4,,,
2026-10-08,"FOX,FOXA",886,PB_OWNERSHIP_BASIS_V2,,MISSING_PRICE,HISTORICAL_PRICE_CORROBORATION_UNAVAILABLE,,MISSING_PRICE,11628000000.0,2026-Q4,,2026-Q4,2026-08-06,PROVIDER_FILING_DATE_PROXY,HELD,2.23,2026-08-06,4,4,,,
2026-10-08,FOXF,887,PB_OWNERSHIP_BASIS_V2,1.1728697416383844,OK,,1.1728697416383844,OK,667267000.0,2026-Q2,2026-10-07,2026-Q2,2026-08-07,PROVIDER_FILING_DATE_PROXY,EXISTING_UNREVIEWED_COMMON_RULE,1.331,2026-08-07,4,4,,,
2026-10-08,FOXX,888,PB_OWNERSHIP_BASIS_V2,,MISSING_EQUITY,,,MISSING_EQUITY,,2026-Q4,2026-10-07,2026-Q4,2026-09-28,PROVIDER_FILING_DATE_PROXY,HELD,,2026-09-28,0,4,,,
2026-10-08,FPH,889,PB_OWNERSHIP_BASIS_V2,0.7907863637816931,OK,,0.7907863637816931,OK,848995000.0,2026-Q2,2026-10-07,2026-Q2,2026-07-24,PROVIDER_FILING_DATE_PROXY,EXISTING_UNREVIEWED_COMMON_RULE,0.911,2026-07-24,4,4,,,
2026-10-08,FPI,890,PB_OWNERSHIP_BASIS_V2,,OWNERSHIP_BASIS_UNVERIFIED,,,OWNERSHIP_BASIS_UNVERIFIED,460004000.0,2026-Q2,2026-10-07,2026-Q2,2026-07-30,PROVIDER_FILING_DATE_PROXY,HELD,0.893,2026-07-30,4,4,,,
2026-10-08,FR,891,PB_OWNERSHIP_BASIS_V2,2.7789976342014855,OK,,2.7789976342014855,OK,2775495000.0,2026-Q2,2026-10-07,2026-Q2,2026-07-23,PROVIDER_FILING_DATE_PROXY,EXISTING_UNREVIEWED_COMMON_RULE,3.168,2026-07-23,4,4,,,
2026-10-08,FRGT,892,PB_OWNERSHIP_BASIS_V2,0.015712935584979937,OK,LARGE_ENDPOINT_VS_AVERAGE_SHARE_DIFFERENCE,0.015712935584979937,OK,5326535.0,2025-Q4,2026-10-07,2025-Q4,2026-05-14,PROVIDER_FILING_DATE_PROXY,EXISTING_UNREVIEWED_COMMON_RULE,0.19,2026-05-14,4,4,,,
2026-10-08,FROG,893,PB_OWNERSHIP_BASIS_V2,12.59701080537945,OK,,12.59701080537945,OK,960706000.0,2026-Q2,2026-10-07,2026-Q2,2026-08-07,PROVIDER_FILING_DATE_PROXY,EXISTING_UNREVIEWED_COMMON_RULE,11.489,2026-08-07,4,4,,,
2026-10-08,FRPT,894,PB_OWNERSHIP_BASIS_V2,2.4559125831383475,OK,,2.4559125831383475,OK,1237696000.0,2026-Q2,2026-10-07,2026-Q2,2026-08-05,PROVIDER_FILING_DATE_PROXY,EXISTING_UNREVIEWED_COMMON_RULE,2.775,2026-08-05,4,4,,,
2026-10-08,FRSH,895,PB_OWNERSHIP_BASIS_V2,3.960656647502548,OK,,3.960656647502548,OK,895943000.0,2026-Q2,2026-10-07,2026-Q2,2026-08-04,PROVIDER_FILING_DATE_PROXY,EXISTING_UNREVIEWED_COMMON_RULE,3.506,2026-08-04,4,4,,,
2026-10-08,FRT,896,PB_OWNERSHIP_BASIS_V2,,OWNERSHIP_BASIS_UNVERIFIED,,,OWNERSHIP_BASIS_UNVERIFIED,3364530000.0,2026-Q2,2026-10-07,2026-Q2,2026-07-31,PROVIDER_FILING_DATE_PROXY,HELD,3.205,2026-07-31,4,4,,,
2026-10-08,FSLR,897,PB_OWNERSHIP_BASIS_V2,1.8757654484954682,OK,,1.8757654484954682,OK,10320338000.0,2026-Q2,2026-10-07,2026-Q2,2026-07-30,PROVIDER_FILING_DATE_PROXY,EXISTING_UNREVIEWED_COMMON_RULE,2.145,2026-07-30,4,4,,,
2026-10-08,FSLY,898,PB_OWNERSHIP_BASIS_V2,4.06442774940542,OK,,4.06442774940542,OK,990817000.0,2026-Q2,2026-10-07,2026-Q2,2026-08-05,PROVIDER_FILING_DATE_PROXY,EXISTING_UNREVIEWED_COMMON_RULE,4.185,2026-08-05,4,4,,,
2026-10-08,FSS,899,PB_OWNERSHIP_BASIS_V2,4.632376584008394,OK,,4.632376584008394,OK,1507600000.0,2026-Q2,2026-10-07,2026-Q2,2026-07-30,PROVIDER_FILING_DATE_PROXY,EXISTING_UNREVIEWED_COMMON_RULE,5.043,2026-07-30,4,4,,,
2026-10-08,FTAI,900,PB_OWNERSHIP_BASIS_V2,,OWNERSHIP_BASIS_UNVERIFIED,,,OWNERSHIP_BASIS_UNVERIFIED,403987000.0,2026-Q2,2026-10-07,2026-Q2,2026-07-31,PROVIDER_FILING_DATE_PROXY,HELD,52.372,2026-07-31,4,4,,,
2026-10-08,FTDR,901,PB_OWNERSHIP_BASIS_V2,18.875312499167,OK,,18.875312499167,OK,284000000.0,2026-Q2,2026-10-07,2026-Q2,2026-08-06,PROVIDER_FILING_DATE_PROXY,EXISTING_UNREVIEWED_COMMON_RULE,21.813,2026-08-06,4,4,,,
2026-10-08,FTFT,902,PB_OWNERSHIP_BASIS_V2,,SHARE_BASIS_UNVERIFIED,LARGE_ENDPOINT_VS_AVERAGE_SHARE_DIFFERENCE;HISTORICAL_PRICE_CORROBORATION_UNAVAILABLE;REVIEWED_UNRESOLVED_BASIS,,SHARE_BASIS_UNVERIFIED,44427616.0,2026-Q2,2026-10-07,2026-Q2,2026-08-14,PROVIDER_FILING_DATE_PROXY,HELD,0.602,2026-08-14,4,4,,,
2026-10-08,FTI,903,PB_OWNERSHIP_BASIS_V2,8.19855881704119,OK,,8.19855881704119,OK,3271800000.0,2026-Q2,2026-10-07,2026-Q2,2026-07-30,PROVIDER_FILING_DATE_PROXY,EXISTING_UNREVIEWED_COMMON_RULE,8.261,2026-07-30,4,4,,,
2026-10-08,FTK,904,PB_OWNERSHIP_BASIS_V2,7.865657622655646,OK,,7.865657622655646,OK,129213000.0,2026-Q2,2026-10-07,2026-Q2,2026-08-06,PROVIDER_FILING_DATE_PROXY,EXISTING_UNREVIEWED_COMMON_RULE,10.212,2026-08-06,4,4,,,
2026-10-08,FTNT,905,PB_OWNERSHIP_BASIS_V2,89.53472976867607,OK,,89.53472976867607,OK,1551100000.0,2026-Q2,2026-10-07,2026-Q2,2026-07-30,PROVIDER_FILING_DATE_PROXY,EXISTING_UNREVIEWED_COMMON_RULE,72.965,2026-07-30,4,4,,,
2026-10-08,FTRE,906,PB_OWNERSHIP_BASIS_V2,3.729980826423351,OK,,3.729980826423351,OK,524200000.0,2026-Q2,2026-10-07,2026-Q2,2026-07-29,PROVIDER_FILING_DATE_PROXY,EXISTING_UNREVIEWED_COMMON_RULE,3.701,2026-07-29,4,4,,,
2026-10-08,FTV,907,PB_OWNERSHIP_BASIS_V2,,OWNERSHIP_BASIS_UNVERIFIED,,,OWNERSHIP_BASIS_UNVERIFIED,6060600000.0,2026-Q2,2026-10-07,2026-Q2,2026-07-29,PROVIDER_FILING_DATE_PROXY,HELD,2.967,2026-07-29,4,4,,,
2026-10-08,FUBO,908,PB_OWNERSHIP_BASIS_V2,1.2418597506248825,OK,LARGE_ENDPOINT_VS_AVERAGE_SHARE_DIFFERENCE,1.2418597506248825,OK,813353000.0,2026-Q2,2026-10-07,2026-Q2,2026-08-05,PROVIDER_FILING_DATE_PROXY,EXISTING_UNREVIEWED_COMMON_RULE,1.431,2026-08-05,4,4,,,
2026-10-08,FUL,909,PB_OWNERSHIP_BASIS_V2,,MISSING_EQUITY,,,MISSING_EQUITY,,2026-Q3,2026-10-07,2026-Q3,2026-09-24,PROVIDER_FILING_DATE_PROXY,HELD,,2026-09-24,0,4,,,
2026-10-08,FULC,910,PB_OWNERSHIP_BASIS_V2,0.9012347689582415,OK,,0.9012347689582415,OK,310697000.0,2026-Q2,2026-10-07,2026-Q2,2026-07-30,PROVIDER_FILING_DATE_PROXY,EXISTING_UNREVIEWED_COMMON_RULE,0.914,2026-07-30,4,4,,,
2026-10-08,FUN,911,PB_OWNERSHIP_BASIS_V2,10.371915244616984,OK,,10.371915244616984,OK,114727000.0,2026-Q2,2026-10-07,2026-Q2,2026-08-06,PROVIDER_FILING_DATE_PROXY,EXISTING_UNREVIEWED_COMMON_RULE,14.046,2026-08-06,4,4,,,
2026-10-08,"FWONA,FWONK",912,PB_OWNERSHIP_BASIS_V2,,MISSING_PRICE,HISTORICAL_PRICE_CORROBORATION_UNAVAILABLE,,MISSING_PRICE,7619000000.0,2026-Q2,,2026-Q2,2026-08-06,PROVIDER_FILING_DATE_PROXY,HELD,3.003,2026-08-06,4,4,,,
2026-10-08,FWRD,913,PB_OWNERSHIP_BASIS_V2,,NEGATIVE_EQUITY,,,NEGATIVE_EQUITY,-115430000.0,2026-Q2,2026-10-07,2026-Q2,2026-08-05,PROVIDER_FILING_DATE_PROXY,HELD,,2026-08-05,3,4,,,
2026-10-08,FWRG,914,PB_OWNERSHIP_BASIS_V2,1.0217790013387598,OK,,1.0217790013387598,OK,634169000.0,2026-Q2,2026-10-07,2026-Q2,2026-08-04,PROVIDER_FILING_DATE_PROXY,EXISTING_UNREVIEWED_COMMON_RULE,1.246,2026-08-04,4,4,,,
2026-10-08,G,915,PB_OWNERSHIP_BASIS_V2,2.170748066720807,OK,,2.170748066720807,OK,2604797000.0,2026-Q2,2026-10-07,2026-Q2,2026-08-07,PROVIDER_FILING_DATE_PROXY,EXISTING_UNREVIEWED_COMMON_RULE,2.212,2026-08-07,4,4,,,
2026-10-08,GALT,916,PB_OWNERSHIP_BASIS_V2,,NEGATIVE_EQUITY,LARGE_ENDPOINT_VS_AVERAGE_SHARE_DIFFERENCE,,NEGATIVE_EQUITY,-138575000.0,2026-Q2,2026-10-07,2026-Q2,2026-08-14,PROVIDER_FILING_DATE_PROXY,HELD,,2026-08-14,0,4,,,
2026-10-08,GANX,917,PB_OWNERSHIP_BASIS_V2,6.454537882248027,OK,,6.454537882248027,OK,11292031.0,2026-Q2,2026-10-07,2026-Q2,2026-08-11,PROVIDER_FILING_DATE_PROXY,EXISTING_UNREVIEWED_COMMON_RULE,7.962,2026-08-11,4,4,,,
2026-10-08,GAP,918,PB_OWNERSHIP_BASIS_V2,2.0990858387669644,OK,,2.0990858387669644,OK,3951000000.0,2027-Q2,2026-10-07,2027-Q2,2026-08-28,PROVIDER_FILING_DATE_PROXY,EXISTING_UNREVIEWED_COMMON_RULE,2.088,2026-08-28,4,4,,,
2026-10-08,GATX,919,PB_OWNERSHIP_BASIS_V2,,OWNERSHIP_BASIS_UNVERIFIED,HISTORICAL_OHLC_INCOMPLETE,,OWNERSHIP_BASIS_UNVERIFIED,2784400000.0,2026-Q2,2026-10-07,2026-Q2,2026-07-31,PROVIDER_FILING_DATE_PROXY,HELD,2.268,2026-07-31,4,4,,,
2026-10-08,GBTG,920,PB_OWNERSHIP_BASIS_V2,,STALE_PRICE,,,STALE_PRICE,1639000000.0,2026-Q2,2026-09-29,2026-Q2,2026-08-04,PROVIDER_FILING_DATE_PROXY,HELD,3.005,2026-08-04,4,4,,,
2026-10-08,GBX,921,PB_OWNERSHIP_BASIS_V2,0.7626754292599979,OK,,0.7626754292599979,OK,1573200000.0,2026-Q3,2026-10-07,2026-Q3,2026-07-01,PROVIDER_FILING_DATE_PROXY,EXISTING_UNREVIEWED_COMMON_RULE,0.942,2026-07-01,4,4,,,
2026-10-08,GCO,922,PB_OWNERSHIP_BASIS_V2,,MISSING_EQUITY,,,MISSING_EQUITY,,2027-Q2,2026-10-07,2027-Q2,2026-09-10,PROVIDER_FILING_DATE_PROXY,HELD,,2026-09-10,0,4,,,
2026-10-08,GCT,923,PB_OWNERSHIP_BASIS_V2,3.7420576076803838,OK,,3.7420576076803838,OK,534023000.0,2026-Q2,2026-10-07,2026-Q2,2026-08-06,PROVIDER_FILING_DATE_PROXY,EXISTING_UNREVIEWED_COMMON_RULE,3.504,2026-08-06,4,4,,,
2026-10-08,GCTK,924,PB_OWNERSHIP_BASIS_V2,,NEGATIVE_EQUITY,LARGE_ENDPOINT_VS_AVERAGE_SHARE_DIFFERENCE;HISTORICAL_PRICE_CORROBORATION_UNAVAILABLE,,NEGATIVE_EQUITY,-1741000.0,2026-Q2,2026-10-07,2026-Q2,2026-08-14,PROVIDER_FILING_DATE_PROXY,HELD,,2026-08-14,2,4,,,
2026-10-08,GCTS,925,PB_OWNERSHIP_BASIS_V2,,NEGATIVE_EQUITY,,,NEGATIVE_EQUITY,-52016000.0,2026-Q2,2026-10-07,2026-Q2,2026-08-10,PROVIDER_FILING_DATE_PROXY,HELD,,2026-08-10,0,4,,,
2026-10-08,GD,926,PB_OWNERSHIP_BASIS_V2,3.2942704064687263,OK,,3.2942704064687263,OK,26826000000.0,2026-Q2,2026-10-07,2026-Q2,2026-07-29,PROVIDER_FILING_DATE_PROXY,EXISTING_UNREVIEWED_COMMON_RULE,3.842,2026-07-29,4,4,,,
2026-10-08,GDC,927,PB_OWNERSHIP_BASIS_V2,,OWNERSHIP_BASIS_UNVERIFIED,LARGE_ENDPOINT_VS_AVERAGE_SHARE_DIFFERENCE,,OWNERSHIP_BASIS_UNVERIFIED,498223698.0,2026-Q2,2026-10-07,2026-Q2,2026-08-14,PROVIDER_FILING_DATE_PROXY,HELD,0.016,2026-08-14,4,4,,,
2026-10-08,GDDY,928,PB_OWNERSHIP_BASIS_V2,1837.5258492373976,OK,,1837.5258492373976,OK,6700000.0,2026-Q2,2026-10-07,2026-Q2,2026-07-31,PROVIDER_FILING_DATE_PROXY,EXISTING_UNREVIEWED_COMMON_RULE,1564.005,2026-07-31,4,4,,,
2026-10-08,GDRX,929,PB_OWNERSHIP_BASIS_V2,1.7120457056119431,OK,,1.7120457056119431,OK,647601000.0,2026-Q2,2026-10-07,2026-Q2,2026-08-05,PROVIDER_FILING_DATE_PROXY,EXISTING_UNREVIEWED_COMMON_RULE,1.723,2026-08-05,4,4,,,
2026-10-08,GDYN,930,PB_OWNERSHIP_BASIS_V2,,OWNERSHIP_BASIS_UNVERIFIED,,,OWNERSHIP_BASIS_UNVERIFIED,519925000.0,2026-Q2,2026-10-07,2026-Q2,2026-07-30,PROVIDER_FILING_DATE_PROXY,HELD,1.102,2026-07-30,4,4,,,
2026-10-08,GE,931,PB_OWNERSHIP_BASIS_V2,17.85854450855084,OK,,,OWNERSHIP_REVIEW_STALE,17640000000.0,2026-Q2,2026-10-07,2026-Q2,2026-06-30,OFFICIAL_COVER,OPERATOR_CONFIRMED_QUARTER,20.335,2026-07-16,4,4,ORDINARY_COMMON,,4abb17cee1f2a03340bbcb63cd735f5c39da6ebb4ab2a502cc6dcba02ff0cddb
2026-10-08,GEF,932,PB_OWNERSHIP_BASIS_V2,,OWNERSHIP_BASIS_UNVERIFIED,,,OWNERSHIP_BASIS_UNVERIFIED,2999400000.0,2026-Q3,2026-10-07,2026-Q3,2026-07-29,PROVIDER_FILING_DATE_PROXY,HELD,1.342,2026-07-29,4,4,,,
2026-10-08,GEHC,933,PB_OWNERSHIP_BASIS_V2,2.6615534478157423,OK,,2.6615534478157423,OK,10975000000.0,2026-Q2,2026-10-07,2026-Q2,2026-07-29,PROVIDER_FILING_DATE_PROXY,EXISTING_UNREVIEWED_COMMON_RULE,2.959,2026-07-29,4,4,,,
2026-10-08,GEL,934,PB_OWNERSHIP_BASIS_V2,,NEGATIVE_EQUITY,HISTORICAL_OHLC_INCOMPLETE,,NEGATIVE_EQUITY,-336836000.0,2026-Q2,2026-10-07,2026-Q2,2026-08-06,PROVIDER_FILING_DATE_PROXY,HELD,,2026-08-06,0,4,,,
2026-10-08,GEN,935,PB_OWNERSHIP_BASIS_V2,,OWNERSHIP_BASIS_UNVERIFIED,,,OWNERSHIP_BASIS_UNVERIFIED,2656000000.0,2027-Q1,2026-10-07,2027-Q1,2026-08-07,PROVIDER_FILING_DATE_PROXY,HELD,6.574,2026-08-07,4,4,,,
2026-10-08,GEO,936,PB_OWNERSHIP_BASIS_V2,2.6489956799537495,OK,,2.6489956799537495,OK,1516435000.0,2026-Q2,2026-10-07,2026-Q2,2026-08-06,PROVIDER_FILING_DATE_PROXY,EXISTING_UNREVIEWED_COMMON_RULE,2.616,2026-08-06,4,4,,,
2026-10-08,GEOS,937,PB_OWNERSHIP_BASIS_V2,0.6338729371035539,OK,,0.6338729371035539,OK,95710000.0,2026-Q3,2026-10-07,2026-Q3,2026-08-07,PROVIDER_FILING_DATE_PROXY,EXISTING_UNREVIEWED_COMMON_RULE,0.791,2026-08-07,4,4,,,
2026-10-08,GERN,938,PB_OWNERSHIP_BASIS_V2,3.5266182469353264,OK,,3.5266182469353264,OK,218614000.0,2026-Q2,2026-10-07,2026-Q2,2026-08-05,PROVIDER_FILING_DATE_PROXY,EXISTING_UNREVIEWED_COMMON_RULE,4.79,2026-08-05,4,4,,,
2026-10-08,GETY,939,PB_OWNERSHIP_BASIS_V2,,OWNERSHIP_BASIS_UNVERIFIED,,,OWNERSHIP_BASIS_UNVERIFIED,450714000.0,2026-Q2,2026-10-07,2026-Q2,2026-08-10,PROVIDER_FILING_DATE_PROXY,HELD,0.415,2026-08-10,4,4,,,
2026-10-08,GEV,940,PB_OWNERSHIP_BASIS_V2,22.209463697566544,OK,,22.209463697566544,OK,11957000000.0,2026-Q2,2026-10-07,2026-Q2,2026-07-22,PROVIDER_FILING_DATE_PROXY,EXISTING_UNREVIEWED_COMMON_RULE,21.941,2026-07-22,4,4,,,
2026-10-08,GEVO,941,PB_OWNERSHIP_BASIS_V2,1.1766169774486888,OK,,1.1766169774486888,OK,273163000.0,2026-Q2,2026-10-07,2026-Q2,2026-08-06,PROVIDER_FILING_DATE_PROXY,EXISTING_UNREVIEWED_COMMON_RULE,1.303,2026-08-06,4,4,,,
2026-10-08,GFF,942,PB_OWNERSHIP_BASIS_V2,32.96558660844251,OK,HISTORICAL_OHLC_INCOMPLETE,32.96558660844251,OK,129156000.0,2026-Q3,2026-10-07,2026-Q3,2026-08-05,PROVIDER_FILING_DATE_PROXY,EXISTING_UNREVIEWED_COMMON_RULE,36.055,2026-08-05,4,4,,,
2026-10-08,GGG,943,PB_OWNERSHIP_BASIS_V2,4.9715638739134915,OK,HISTORICAL_OHLC_INCOMPLETE,4.9715638739134915,OK,2522688000.0,2026-Q2,2026-10-07,2026-Q2,2026-07-22,PROVIDER_FILING_DATE_PROXY,EXISTING_UNREVIEWED_COMMON_RULE,4.743,2026-07-22,4,4,,,
2026-10-08,GH,944,PB_OWNERSHIP_BASIS_V2,,NEGATIVE_EQUITY,,,NEGATIVE_EQUITY,-222867000.0,2026-Q2,2026-10-07,2026-Q2,2026-07-30,PROVIDER_FILING_DATE_PROXY,HELD,,2026-07-30,0,4,,,
2026-10-08,GHM,945,PB_OWNERSHIP_BASIS_V2,5.1504782630112045,OK,,5.1504782630112045,OK,192196000.0,2027-Q1,2026-10-07,2027-Q1,2026-08-06,PROVIDER_FILING_DATE_PROXY,EXISTING_UNREVIEWED_COMMON_RULE,6.41,2026-08-06,4,4,,,
2026-10-08,GIC,946,PB_OWNERSHIP_BASIS_V2,4.787172602788571,OK,,4.787172602788571,OK,342700000.0,2026-Q2,2026-10-07,2026-Q2,2026-08-04,PROVIDER_FILING_DATE_PROXY,EXISTING_UNREVIEWED_COMMON_RULE,4.158,2026-08-04,4,4,,,
2026-10-08,GIII,947,PB_OWNERSHIP_BASIS_V2,,MISSING_EQUITY,,,MISSING_EQUITY,,2027-Q2,2026-10-07,2027-Q2,2026-09-08,PROVIDER_FILING_DATE_PROXY,HELD,,2026-09-08,0,4,,,
2026-10-08,GILD,948,PB_OWNERSHIP_BASIS_V2,15.393306456998534,OK,,15.393306456998534,OK,11829000000.0,2026-Q2,2026-10-07,2026-Q2,2026-08-06,PROVIDER_FILING_DATE_PROXY,EXISTING_UNREVIEWED_COMMON_RULE,13.717,2026-08-06,4,4,,,
2026-10-08,GIS,949,PB_OWNERSHIP_BASIS_V2,,MISSING_EQUITY,,,MISSING_EQUITY,,2027-Q1,2026-10-07,2027-Q1,2026-09-23,PROVIDER_FILING_DATE_PROXY,HELD,,2026-09-23,0,4,,,
2026-10-08,GITS,950,PB_OWNERSHIP_BASIS_V2,,MISSING_EQUITY,,,MISSING_EQUITY,,2026-Q2,2026-10-07,2026-Q2,2026-09-09,PROVIDER_FILING_DATE_PROXY,HELD,,2026-09-09,0,4,,,
2026-10-08,GKOS,951,PB_OWNERSHIP_BASIS_V2,14.880677172350412,OK,,14.880677172350412,OK,682486000.0,2026-Q2,2026-10-07,2026-Q2,2026-07-29,PROVIDER_FILING_DATE_PROXY,EXISTING_UNREVIEWED_COMMON_RULE,13.971,2026-07-29,4,4,,,
2026-10-08,GLPI,952,PB_OWNERSHIP_BASIS_V2,2.205551257318018,OK,,2.205551257318018,OK,4983316000.0,2026-Q2,2026-10-07,2026-Q2,2026-07-30,PROVIDER_FILING_DATE_PROXY,EXISTING_UNREVIEWED_COMMON_RULE,2.61,2026-07-30,4,4,,,
2026-10-08,GLUE,953,PB_OWNERSHIP_BASIS_V2,1.780568695842637,OK,,1.780568695842637,OK,487281000.0,2026-Q2,2026-10-07,2026-Q2,2026-08-06,PROVIDER_FILING_DATE_PROXY,EXISTING_UNREVIEWED_COMMON_RULE,2.751,2026-08-06,4,4,,,
2026-10-08,GLW,954,PB_OWNERSHIP_BASIS_V2,11.195990846795382,OK,,11.195990846795382,OK,12560000000.0,2026-Q2,2026-10-07,2026-Q2,2026-07-29,PROVIDER_FILING_DATE_PROXY,EXISTING_UNREVIEWED_COMMON_RULE,8.508,2026-07-29,4,4,,,
2026-10-08,GM,955,PB_OWNERSHIP_BASIS_V2,1.1462064263088916,OK,,,OWNERSHIP_REVIEW_STALE,62000000000.0,2026-Q2,2026-10-07,2026-Q2,2026-07-10,OFFICIAL_COVER,OPERATOR_CONFIRMED_QUARTER,1.125,2026-07-21,4,4,ORDINARY_COMMON,,99e826eb80d7c76079e30ef18b96b37c40e35e5a094defa0de1375b178a14105
2026-10-08,GME,956,PB_OWNERSHIP_BASIS_V2,,MISSING_EQUITY,,,MISSING_EQUITY,,2027-Q2,2026-10-07,2027-Q2,2026-09-09,PROVIDER_FILING_DATE_PROXY,HELD,,2026-09-09,0,4,,,
2026-10-08,GMED,957,PB_OWNERSHIP_BASIS_V2,2.0764605813274875,OK,,2.0764605813274875,OK,4768603000.0,2026-Q2,2026-10-07,2026-Q2,2026-08-06,PROVIDER_FILING_DATE_PROXY,EXISTING_UNREVIEWED_COMMON_RULE,2.283,2026-08-06,4,4,,,
2026-10-08,GNE,958,PB_OWNERSHIP_BASIS_V2,,OWNERSHIP_BASIS_UNVERIFIED,,,OWNERSHIP_BASIS_UNVERIFIED,261637000.0,2026-Q2,2026-10-07,2026-Q2,2026-08-06,PROVIDER_FILING_DATE_PROXY,HELD,1.483,2026-08-06,4,4,,,
2026-10-08,GNK,959,PB_OWNERSHIP_BASIS_V2,1.3293280215526464,OK,,1.3293280215526464,OK,888567000.0,2026-Q2,2026-10-07,2026-Q2,2026-08-05,PROVIDER_FILING_DATE_PROXY,EXISTING_UNREVIEWED_COMMON_RULE,1.254,2026-08-05,4,4,,,
2026-10-08,GNL,960,PB_OWNERSHIP_BASIS_V2,,OWNERSHIP_BASIS_UNVERIFIED,,,OWNERSHIP_BASIS_UNVERIFIED,1509103000.0,2026-Q2,2026-10-07,2026-Q2,2026-08-05,PROVIDER_FILING_DATE_PROXY,HELD,1.205,2026-08-05,4,4,,,
2026-10-08,GNLN,961,PB_OWNERSHIP_BASIS_V2,0.08040281101591017,OK,LARGE_ENDPOINT_VS_AVERAGE_SHARE_DIFFERENCE,0.08040281101591017,OK,25483000.0,2026-Q2,2026-10-07,2026-Q2,2026-08-14,PROVIDER_FILING_DATE_PROXY,EXISTING_UNREVIEWED_COMMON_RULE,0.053,2026-08-14,4,4,,,
2026-10-08,GNLX,962,PB_OWNERSHIP_BASIS_V2,7.076164794700784,OK,,7.076164794700784,OK,16113000.0,2026-Q2,2026-10-07,2026-Q2,2026-08-13,PROVIDER_FILING_DATE_PROXY,EXISTING_UNREVIEWED_COMMON_RULE,7.385,2026-08-13,4,4,,,
2026-10-08,GNRC,963,PB_OWNERSHIP_BASIS_V2,4.538630573793806,OK,,4.538630573793806,OK,2877623000.0,2026-Q2,2026-10-07,2026-Q2,2026-08-04,PROVIDER_FILING_DATE_PROXY,EXISTING_UNREVIEWED_COMMON_RULE,4.483,2026-08-04,4,4,,,
2026-10-08,GNTX,964,PB_OWNERSHIP_BASIS_V2,1.7498141424873006,OK,,1.7498141424873006,OK,2538100758.0,2026-Q2,2026-10-07,2026-Q2,2026-08-04,PROVIDER_FILING_DATE_PROXY,EXISTING_UNREVIEWED_COMMON_RULE,2.002,2026-08-04,4,4,,,
2026-10-08,GO,965,PB_OWNERSHIP_BASIS_V2,1.448786351220856,OK,,1.448786351220856,OK,816593000.0,2026-Q2,2026-10-07,2026-Q2,2026-08-12,PROVIDER_FILING_DATE_PROXY,EXISTING_UNREVIEWED_COMMON_RULE,1.234,2026-08-12,4,4,,,
2026-10-08,GOGO,966,PB_OWNERSHIP_BASIS_V2,2.49241868080326,OK,,2.49241868080326,OK,120697000.0,2026-Q2,2026-10-07,2026-Q2,2026-08-06,PROVIDER_FILING_DATE_PROXY,EXISTING_UNREVIEWED_COMMON_RULE,4.087,2026-08-06,4,4,,,
2026-10-08,GOLF,967,PB_OWNERSHIP_BASIS_V2,5.090698839812364,OK,,5.090698839812364,OK,924371000.0,2026-Q2,2026-10-07,2026-Q2,2026-08-06,PROVIDER_FILING_DATE_PROXY,EXISTING_UNREVIEWED_COMMON_RULE,5.93,2026-08-06,4,4,,,
2026-10-08,GOOD,968,PB_OWNERSHIP_BASIS_V2,,OWNERSHIP_BASIS_UNVERIFIED,,,OWNERSHIP_BASIS_UNVERIFIED,157373000.0,2026-Q2,2026-10-07,2026-Q2,2026-08-05,PROVIDER_FILING_DATE_PROXY,HELD,3.765,2026-08-05,4,4,,,
2026-10-08,"GOOG,GOOGL",969,PB_OWNERSHIP_BASIS_V2,,MISSING_PRICE,HISTORICAL_PRICE_CORROBORATION_UNAVAILABLE,,MISSING_PRICE,640480000000.0,2026-Q2,,2026-Q2,2026-07-23,PROVIDER_FILING_DATE_PROXY,HELD,6.066,2026-07-23,4,4,,,
2026-10-08,GOSS,970,PB_OWNERSHIP_BASIS_V2,,MISSING_EQUITY,LARGE_ENDPOINT_VS_AVERAGE_SHARE_DIFFERENCE,,MISSING_EQUITY,,2026-Q2,2026-10-07,2026-Q2,2026-08-13,PROVIDER_FILING_DATE_PROXY,HELD,,2026-08-13,0,4,,,
2026-10-08,GPC,971,PB_OWNERSHIP_BASIS_V2,3.81991756885256,OK,,3.81991756885256,OK,4526012000.0,2026-Q2,2026-10-07,2026-Q2,2026-07-21,PROVIDER_FILING_DATE_PROXY,EXISTING_UNREVIEWED_COMMON_RULE,3.628,2026-07-21,4,4,,,
2026-10-08,GPCR,972,PB_OWNERSHIP_BASIS_V2,1.4047116040822196,OK,,,OWNERSHIP_REVIEW_STALE,1354404000.0,2026-Q2,2026-10-07,2026-Q2,2026-07-31,OFFICIAL_COVER,OPERATOR_CONFIRMED_QUARTER,2.77,2026-08-06,4,4,ADR_FACTOR,0.3333333333333333,4d8feb5c0b2fe0c84e46122b8a4c6d40d35baf727996c517ea3765ff97d77fc9
2026-10-08,GPI,973,PB_OWNERSHIP_BASIS_V2,0.939376994961977,OK,,0.939376994961977,OK,2952200000.0,2026-Q2,2026-10-07,2026-Q2,2026-07-30,PROVIDER_FILING_DATE_PROXY,EXISTING_UNREVIEWED_COMMON_RULE,1.198,2026-07-30,4,4,,,
2026-10-08,GPK,974,PB_OWNERSHIP_BASIS_V2,0.7795209942802257,OK,,0.7795209942802257,OK,3236000000.0,2026-Q2,2026-10-07,2026-Q2,2026-08-04,PROVIDER_FILING_DATE_PROXY,EXISTING_UNREVIEWED_COMMON_RULE,1.088,2026-08-04,4,4,,,
2026-10-08,GPMT,975,PB_OWNERSHIP_BASIS_V2,,OWNERSHIP_BASIS_UNVERIFIED,HISTORICAL_PRICE_MISMATCH,,OWNERSHIP_REVIEW_STALE,480272000.0,2026-Q2,2026-10-07,2026-Q2,2026-08-05,ACCEPTED_PROVIDER_DATE_PENDING_RECONCILIATION,HELD,0.151,2026-08-05,4,4,HELD,,d35d3562eb4fb6ae674d89052c1f22b44aece28aa3dfa41db0039a9f86a1ced8
2026-10-08,GPN,976,PB_OWNERSHIP_BASIS_V2,0.9283688095621975,OK,,0.9283688095621975,OK,23110707000.0,2026-Q2,2026-10-07,2026-Q2,2026-08-05,PROVIDER_FILING_DATE_PROXY,EXISTING_UNREVIEWED_COMMON_RULE,1.002,2026-08-05,4,4,,,
2026-10-08,GPOR,977,PB_OWNERSHIP_BASIS_V2,1.5681794453994706,OK,,1.5681794453994706,OK,1827274000.0,2026-Q2,2026-10-07,2026-Q2,2026-08-04,PROVIDER_FILING_DATE_PROXY,EXISTING_UNREVIEWED_COMMON_RULE,1.507,2026-08-04,4,4,,,
2026-10-08,GPRE,978,PB_OWNERSHIP_BASIS_V2,1.2360274942877256,OK,,1.2360274942877256,OK,869934000.0,2026-Q2,2026-10-07,2026-Q2,2026-08-06,PROVIDER_FILING_DATE_PROXY,EXISTING_UNREVIEWED_COMMON_RULE,1.225,2026-08-06,4,4,,,
2026-10-08,GPRO,979,PB_OWNERSHIP_BASIS_V2,,NEGATIVE_EQUITY,,,NEGATIVE_EQUITY,-32671000.0,2026-Q2,2026-10-07,2026-Q2,2026-08-10,PROVIDER_FILING_DATE_PROXY,HELD,,2026-08-10,2,4,,,
2026-10-08,GRBK,980,PB_OWNERSHIP_BASIS_V2,,OWNERSHIP_BASIS_UNVERIFIED,,,OWNERSHIP_BASIS_UNVERIFIED,1975496000.0,2026-Q2,2026-10-07,2026-Q2,2026-07-29,PROVIDER_FILING_DATE_PROXY,HELD,1.557,2026-07-29,4,4,,,
2026-10-08,GRI,981,PB_OWNERSHIP_BASIS_V2,0.39341564222967346,OK,,0.39341564222967346,OK,10280000.0,2026-Q2,2026-10-07,2026-Q2,2026-08-14,PROVIDER_FILING_DATE_PROXY,EXISTING_UNREVIEWED_COMMON_RULE,0.355,2026-08-14,4,4,,,
2026-10-08,GRMN,982,PB_OWNERSHIP_BASIS_V2,5.898558020462157,OK,,5.898558020462157,OK,9029013000.0,2026-Q2,2026-10-07,2026-Q2,2026-07-29,PROVIDER_FILING_DATE_PROXY,EXISTING_UNREVIEWED_COMMON_RULE,6.297,2026-07-29,4,4,,,
2026-10-08,GRND,983,PB_OWNERSHIP_BASIS_V2,,NEGATIVE_EQUITY,,,NEGATIVE_EQUITY,-11738000.0,2026-Q2,2026-10-07,2026-Q2,2026-08-07,PROVIDER_FILING_DATE_PROXY,HELD,,2026-08-07,3,4,,,
2026-10-08,GRNT,984,PB_OWNERSHIP_BASIS_V2,,OWNERSHIP_BASIS_UNVERIFIED,,,OWNERSHIP_BASIS_UNVERIFIED,562373000.0,2026-Q2,2026-10-07,2026-Q2,2026-08-06,PROVIDER_FILING_DATE_PROXY,HELD,1.093,2026-08-06,4,4,,,
2026-10-08,GRPN,985,PB_OWNERSHIP_BASIS_V2,,NEGATIVE_EQUITY,,,NEGATIVE_EQUITY,-72183000.0,2026-Q2,2026-10-07,2026-Q2,2026-08-06,PROVIDER_FILING_DATE_PROXY,HELD,,2026-08-06,0,4,,,
2026-10-08,GRWG,986,PB_OWNERSHIP_BASIS_V2,1.00133608748692,OK,,1.00133608748692,OK,90028000.0,2026-Q2,2026-10-07,2026-Q2,2026-08-11,PROVIDER_FILING_DATE_PROXY,EXISTING_UNREVIEWED_COMMON_RULE,0.975,2026-08-11,4,4,,,
2026-10-08,GSAT,987,PB_OWNERSHIP_BASIS_V2,37.04746065302071,OK,,37.04746065302071,OK,292613000.0,2026-Q2,2026-10-07,2026-Q2,2026-08-06,PROVIDER_FILING_DATE_PROXY,EXISTING_UNREVIEWED_COMMON_RULE,36.857,2026-08-06,4,4,,,
2026-10-08,GSIT,988,PB_OWNERSHIP_BASIS_V2,2.253975898685552,OK,,2.253975898685552,OK,91905000.0,2027-Q1,2026-10-07,2027-Q1,2026-08-11,PROVIDER_FILING_DATE_PROXY,EXISTING_UNREVIEWED_COMMON_RULE,2.756,2026-08-11,4,4,,,
2026-10-08,GT,989,PB_OWNERSHIP_BASIS_V2,0.47560587988858677,OK,,0.47560587988858677,OK,2839000000.0,2026-Q2,2026-10-07,2026-Q2,2026-08-06,PROVIDER_FILING_DATE_PROXY,EXISTING_UNREVIEWED_COMMON_RULE,0.686,2026-08-06,4,4,,,
2026-10-08,GTEC,990,PB_OWNERSHIP_BASIS_V2,,OWNERSHIP_BASIS_UNVERIFIED,,,OWNERSHIP_BASIS_UNVERIFIED,88731277.0,2026-Q2,2026-10-07,2026-Q2,2026-08-14,PROVIDER_FILING_DATE_PROXY,HELD,0.164,2026-08-14,4,4,,,
2026-10-08,GTES,991,PB_OWNERSHIP_BASIS_V2,1.9702074252739137,OK,,1.9702074252739137,OK,3521900000.0,2026-Q2,2026-10-07,2026-Q2,2026-07-31,PROVIDER_FILING_DATE_PROXY,EXISTING_UNREVIEWED_COMMON_RULE,2.011,2026-07-31,4,4,,,
2026-10-08,GTLB,992,PB_OWNERSHIP_BASIS_V2,9.358468810412822,OK,,9.358468810412822,OK,925529000.0,2027-Q2,2026-10-07,2027-Q2,2026-09-02,PROVIDER_FILING_DATE_PROXY,EXISTING_UNREVIEWED_COMMON_RULE,8.926,2026-09-02,4,4,,,
2026-10-08,GTM,993,PB_OWNERSHIP_BASIS_V2,1.2979987939378639,OK,,1.2979987939378639,OK,828700000.0,2026-Q2,2026-10-07,2026-Q2,2026-08-05,PROVIDER_FILING_DATE_PROXY,EXISTING_UNREVIEWED_COMMON_RULE,1.286,2026-08-05,4,4,,,
2026-10-08,GTN,994,PB_OWNERSHIP_BASIS_V2,,OWNERSHIP_BASIS_UNVERIFIED,HISTORICAL_OHLC_INCOMPLETE,,OWNERSHIP_BASIS_UNVERIFIED,2128000000.0,2026-Q2,2026-10-07,2026-Q2,2026-08-07,PROVIDER_FILING_DATE_PROXY,HELD,0.26,2026-08-07,4,4,,,
2026-10-08,GTX,995,PB_OWNERSHIP_BASIS_V2,,NEGATIVE_EQUITY,,,NEGATIVE_EQUITY,-675000000.0,2026-Q2,2026-10-07,2026-Q2,2026-07-29,PROVIDER_FILING_DATE_PROXY,HELD,,2026-07-29,0,4,,,
2026-10-08,GTY,996,PB_OWNERSHIP_BASIS_V2,1.5200353942606,OK,,1.5200353942606,OK,1122504000.0,2026-Q2,2026-10-07,2026-Q2,2026-07-23,PROVIDER_FILING_DATE_PROXY,EXISTING_UNREVIEWED_COMMON_RULE,1.915,2026-07-23,4,4,,,
2026-10-08,GUTS,997,PB_OWNERSHIP_BASIS_V2,,NEGATIVE_EQUITY,HISTORICAL_PRICE_MISMATCH,,NEGATIVE_EQUITY,-1665000.0,2026-Q2,2026-10-07,2026-Q2,2026-08-10,PROVIDER_FILING_DATE_PROXY,HELD,,2026-08-10,2,4,,,
2026-10-08,GVA,998,PB_OWNERSHIP_BASIS_V2,6.666874281386053,OK,,6.666874281386053,OK,752748000.0,2026-Q2,2026-10-07,2026-Q2,2026-07-30,PROVIDER_FILING_DATE_PROXY,EXISTING_UNREVIEWED_COMMON_RULE,6.681,2026-07-30,4,4,,,
2026-10-08,GWH,999,PB_OWNERSHIP_BASIS_V2,,NEGATIVE_EQUITY,,,NEGATIVE_EQUITY,-2687000.0,2026-Q2,2026-10-07,2026-Q2,2026-08-11,PROVIDER_FILING_DATE_PROXY,HELD,,2026-08-11,2,4,,,
2026-10-08,GWRE,1000,PB_OWNERSHIP_BASIS_V2,,MISSING_EQUITY,,,MISSING_EQUITY,,2026-Q4,2026-10-07,2026-Q4,2026-09-11,PROVIDER_FILING_DATE_PROXY,HELD,,2026-09-11,0,4,,,
2026-10-08,GWW,1001,PB_OWNERSHIP_BASIS_V2,14.406320911738112,OK,,14.406320911738112,OK,4131000000.0,2026-Q2,2026-10-07,2026-Q2,2026-08-04,PROVIDER_FILING_DATE_PROXY,EXISTING_UNREVIEWED_COMMON_RULE,14.828,2026-08-04,4,4,,,
2026-10-08,GXAI,1002,PB_OWNERSHIP_BASIS_V2,0.2821149877678018,OK,,0.2821149877678018,OK,17291048.0,2026-Q2,2026-10-07,2026-Q2,2026-08-12,PROVIDER_FILING_DATE_PROXY,EXISTING_UNREVIEWED_COMMON_RULE,0.541,2026-08-12,4,4,,,
2026-10-08,GXO,1003,PB_OWNERSHIP_BASIS_V2,1.7657663142632267,OK,,1.7657663142632267,OK,2987000000.0,2026-Q2,2026-10-07,2026-Q2,2026-08-05,PROVIDER_FILING_DATE_PROXY,EXISTING_UNREVIEWED_COMMON_RULE,1.828,2026-08-05,4,4,,,
2026-10-08,GYRE,1004,PB_OWNERSHIP_BASIS_V2,7.273639210457312,OK,,7.273639210457312,OK,107928000.0,2026-Q2,2026-10-07,2026-Q2,2026-08-07,PROVIDER_FILING_DATE_PROXY,EXISTING_UNREVIEWED_COMMON_RULE,6.891,2026-08-07,4,4,,,
2026-10-08,H,1005,PB_OWNERSHIP_BASIS_V2,4.479237942384289,OK,,4.479237942384289,OK,3306000000.0,2026-Q2,2026-10-07,2026-Q2,2026-07-30,PROVIDER_FILING_DATE_PROXY,EXISTING_UNREVIEWED_COMMON_RULE,5.036,2026-07-30,4,4,,,
2026-10-08,HAE,1006,PB_OWNERSHIP_BASIS_V2,5.528012767343732,OK,,5.528012767343732,OK,837101000.0,2027-Q1,2026-10-07,2027-Q1,2026-08-06,PROVIDER_FILING_DATE_PROXY,EXISTING_UNREVIEWED_COMMON_RULE,4.621,2026-08-06,4,4,,,
2026-10-08,HAIN,1007,PB_OWNERSHIP_BASIS_V2,,MISSING_EQUITY,,,MISSING_EQUITY,,2026-Q4,2026-10-07,2026-Q4,2026-09-14,PROVIDER_FILING_DATE_PROXY,HELD,,2026-09-14,0,4,,,
2026-10-08,HAL,1008,PB_OWNERSHIP_BASIS_V2,2.402533074682107,OK,,2.402533074682107,OK,11010000000.0,2026-Q2,2026-10-07,2026-Q2,2026-07-24,PROVIDER_FILING_DATE_PROXY,EXISTING_UNREVIEWED_COMMON_RULE,2.524,2026-07-24,4,4,,,
2026-10-08,HALO,1009,PB_OWNERSHIP_BASIS_V2,87.60053450123324,OK,,87.60053450123324,OK,143543000.0,2026-Q2,2026-10-07,2026-Q2,2026-08-06,PROVIDER_FILING_DATE_PROXY,EXISTING_UNREVIEWED_COMMON_RULE,67.81,2026-08-06,4,4,,,
2026-10-08,HAS,1010,PB_OWNERSHIP_BASIS_V2,17.526749801793784,OK,,17.526749801793784,OK,730300000.0,2026-Q2,2026-10-07,2026-Q2,2026-07-30,PROVIDER_FILING_DATE_PROXY,EXISTING_UNREVIEWED_COMMON_RULE,18.257,2026-07-30,4,4,,,
2026-10-08,HAYW,1011,PB_OWNERSHIP_BASIS_V2,1.5623928211761648,OK,,1.5623928211761648,OK,1602037000.0,2026-Q2,2026-10-07,2026-Q2,2026-07-29,PROVIDER_FILING_DATE_PROXY,EXISTING_UNREVIEWED_COMMON_RULE,2.019,2026-07-29,4,4,,,
2026-10-08,HCA,1012,PB_OWNERSHIP_BASIS_V2,,NEGATIVE_EQUITY,,,NEGATIVE_EQUITY,-6642000000.0,2026-Q2,2026-10-07,2026-Q2,2026-07-28,PROVIDER_FILING_DATE_PROXY,HELD,,2026-07-28,0,4,,,
2026-10-08,HCAT,1013,PB_OWNERSHIP_BASIS_V2,1.3136484259404646,OK,,1.3136484259404646,OK,100827000.0,2026-Q2,2026-10-07,2026-Q2,2026-08-06,PROVIDER_FILING_DATE_PROXY,EXISTING_UNREVIEWED_COMMON_RULE,1.724,2026-08-06,4,4,,,
2026-10-08,HCC,1014,PB_OWNERSHIP_BASIS_V2,2.065078892663139,OK,,2.065078892663139,OK,2290219000.0,2026-Q2,2026-10-07,2026-Q2,2026-08-05,PROVIDER_FILING_DATE_PROXY,EXISTING_UNREVIEWED_COMMON_RULE,1.944,2026-08-05,4,4,,,
2026-10-08,HCKT,1015,PB_OWNERSHIP_BASIS_V2,3.922400849931067,OK,,3.922400849931067,OK,68182000.0,2026-Q2,2026-10-07,2026-Q2,2026-08-05,PROVIDER_FILING_DATE_PROXY,EXISTING_UNREVIEWED_COMMON_RULE,4.2,2026-08-05,4,4,,,
2026-10-08,HCSG,1016,PB_OWNERSHIP_BASIS_V2,2.7500925954619277,OK,,2.7500925954619277,OK,518842000.0,2026-Q2,2026-10-07,2026-Q2,2026-07-24,PROVIDER_FILING_DATE_PROXY,EXISTING_UNREVIEWED_COMMON_RULE,3.008,2026-07-24,4,4,,,
2026-10-08,HCTI,1017,PB_OWNERSHIP_BASIS_V2,0.17169874288620984,OK,LARGE_ENDPOINT_VS_AVERAGE_SHARE_DIFFERENCE,0.17169874288620984,OK,49188000.0,2026-Q2,2026-10-07,2026-Q2,2026-08-13,PROVIDER_FILING_DATE_PROXY,EXISTING_UNREVIEWED_COMMON_RULE,0.527,2026-08-13,4,4,,,
2026-10-08,HCWB,1018,PB_OWNERSHIP_BASIS_V2,0.3856777337816287,OK,LARGE_ENDPOINT_VS_AVERAGE_SHARE_DIFFERENCE,0.3856777337816287,OK,7427614.0,2026-Q2,2026-10-07,2026-Q2,2026-08-14,PROVIDER_FILING_DATE_PROXY,EXISTING_UNREVIEWED_COMMON_RULE,0.663,2026-08-14,3,4,,,
2026-10-08,HD,1019,PB_OWNERSHIP_BASIS_V2,17.15771519895736,OK,,17.15771519895736,OK,16617000000.0,2027-Q2,2026-10-07,2027-Q2,2026-08-25,PROVIDER_FILING_DATE_PROXY,EXISTING_UNREVIEWED_COMMON_RULE,20.286,2026-08-25,4,4,,,
2026-10-08,HDSN,1020,PB_OWNERSHIP_BASIS_V2,0.8910320518608451,OK,,0.8910320518608451,OK,243264000.0,2026-Q2,2026-10-07,2026-Q2,2026-08-07,PROVIDER_FILING_DATE_PROXY,EXISTING_UNREVIEWED_COMMON_RULE,0.969,2026-08-07,4,4,,,
2026-10-08,HE,1021,PB_OWNERSHIP_BASIS_V2,,OWNERSHIP_BASIS_UNVERIFIED,,,OWNERSHIP_BASIS_UNVERIFIED,1762887000.0,2026-Q2,2026-10-07,2026-Q2,2026-08-07,PROVIDER_FILING_DATE_PROXY,HELD,1.215,2026-08-07,4,4,,,
2026-10-08,HEI,1022,PB_OWNERSHIP_BASIS_V2,,MULTI_CLASS_UNVERIFIED,,,OWNERSHIP_REVIEW_STALE,4947689000.0,2026-Q3,2026-10-07,2026-Q3,2026-08-27,ACCEPTED_PROVIDER_DATE_PENDING_RECONCILIATION,HELD,9.52,2026-08-27,4,4,HELD,,af26cde3cc129aa4b57ce7be7c7d754f3ef7d1654927200ce200f93dee23559e
2026-10-08,HELE,1023,PB_OWNERSHIP_BASIS_V2,0.7055112460769322,OK,,0.7055112460769322,OK,843519000.0,2027-Q1,2026-10-07,2027-Q1,2026-07-08,PROVIDER_FILING_DATE_PROXY,EXISTING_UNREVIEWED_COMMON_RULE,0.695,2026-07-08,4,4,,,
2026-10-08,HESM,1024,PB_OWNERSHIP_BASIS_V2,8.238300510594012,OK,,8.238300510594012,OK,514600000.0,2026-Q2,2026-10-07,2026-Q2,2026-08-06,PROVIDER_FILING_DATE_PROXY,EXISTING_UNREVIEWED_COMMON_RULE,9.962,2026-08-06,4,4,,,
2026-10-08,HGV,1025,PB_OWNERSHIP_BASIS_V2,2.43963537877474,OK,HISTORICAL_OHLC_INCOMPLETE,2.43963537877474,OK,1102000000.0,2026-Q2,2026-10-07,2026-Q2,2026-07-30,PROVIDER_FILING_DATE_PROXY,EXISTING_UNREVIEWED_COMMON_RULE,3.267,2026-07-30,4,4,,,
2026-10-08,HHH,1026,PB_OWNERSHIP_BASIS_V2,1.0834664880665799,OK,,1.0834664880665799,OK,3960396000.0,2026-Q2,2026-10-07,2026-Q2,2026-08-05,PROVIDER_FILING_DATE_PROXY,EXISTING_UNREVIEWED_COMMON_RULE,0.991,2026-08-05,4,4,,,
2026-10-08,HII,1027,PB_OWNERSHIP_BASIS_V2,1.933659090695496,OK,,1.933659090695496,OK,5312000000.0,2026-Q2,2026-10-07,2026-Q2,2026-07-30,PROVIDER_FILING_DATE_PROXY,EXISTING_UNREVIEWED_COMMON_RULE,2.373,2026-07-30,4,4,,,
2026-10-08,HIMS,1028,PB_OWNERSHIP_BASIS_V2,,OWNERSHIP_BASIS_UNVERIFIED,,,OWNERSHIP_BASIS_UNVERIFIED,324072000.0,2026-Q2,2026-10-07,2026-Q2,2026-08-10,PROVIDER_FILING_DATE_PROXY,HELD,22.873,2026-08-10,4,4,,,
2026-10-08,HIND,1029,PB_OWNERSHIP_BASIS_V2,1.9582019370396464,OK,,1.9582019370396464,OK,7311706.0,2026-Q2,2026-10-07,2026-Q2,2026-08-12,PROVIDER_FILING_DATE_PROXY,EXISTING_UNREVIEWED_COMMON_RULE,2.131,2026-08-12,4,4,,,
2026-10-08,HIW,1030,PB_OWNERSHIP_BASIS_V2,1.390541657344608,OK,HISTORICAL_OHLC_INCOMPLETE,1.390541657344608,OK,2330600000.0,2026-Q2,2026-10-07,2026-Q2,2026-07-28,PROVIDER_FILING_DATE_PROXY,EXISTING_UNREVIEWED_COMMON_RULE,1.592,2026-07-28,4,4,,,
2026-10-08,HL,1031,PB_OWNERSHIP_BASIS_V2,,OWNERSHIP_BASIS_UNVERIFIED,,,OWNERSHIP_BASIS_UNVERIFIED,2677824000.0,2026-Q2,2026-10-07,2026-Q2,2026-08-04,PROVIDER_FILING_DATE_PROXY,HELD,3.861,2026-08-04,4,4,,,
2026-10-08,HLF,1032,PB_OWNERSHIP_BASIS_V2,,NEGATIVE_EQUITY,,,NEGATIVE_EQUITY,-474500000.0,2026-Q2,2026-10-07,2026-Q2,2026-08-05,PROVIDER_FILING_DATE_PROXY,HELD,,2026-08-05,0,4,,,
2026-10-08,HLIO,1033,PB_OWNERSHIP_BASIS_V2,2.4058819794263138,OK,,2.4058819794263138,OK,948300000.0,2026-Q2,2026-10-07,2026-Q2,2026-08-11,PROVIDER_FILING_DATE_PROXY,EXISTING_UNREVIEWED_COMMON_RULE,2.817,2026-08-11,4,4,,,
2026-10-08,HLIT,1034,PB_OWNERSHIP_BASIS_V2,3.411107338715169,OK,,3.411107338715169,OK,360346000.0,2026-Q2,2026-10-07,2026-Q2,2026-08-17,PROVIDER_FILING_DATE_PROXY,EXISTING_UNREVIEWED_COMMON_RULE,4.065,2026-08-17,4,4,,,
2026-10-08,HLLY,1035,PB_OWNERSHIP_BASIS_V2,,OWNERSHIP_BASIS_UNVERIFIED,,,OWNERSHIP_BASIS_UNVERIFIED,449738000.0,2026-Q2,2026-10-07,2026-Q2,2026-08-05,PROVIDER_FILING_DATE_PROXY,HELD,0.819,2026-08-05,4,4,,,
2026-10-08,HLMN,1036,PB_OWNERSHIP_BASIS_V2,,OWNERSHIP_BASIS_UNVERIFIED,,,OWNERSHIP_BASIS_UNVERIFIED,1225207000.0,2026-Q2,2026-10-07,2026-Q2,2026-08-04,PROVIDER_FILING_DATE_PROXY,HELD,1.51,2026-08-04,4,4,,,
2026-10-08,HLT,1037,PB_OWNERSHIP_BASIS_V2,,NEGATIVE_EQUITY,,,NEGATIVE_EQUITY,-6303000000.0,2026-Q2,2026-10-07,2026-Q2,2026-07-28,PROVIDER_FILING_DATE_PROXY,HELD,,2026-07-28,0,4,,,
2026-10-08,HLX,1038,PB_OWNERSHIP_BASIS_V2,,STALE_PRICE,,,STALE_PRICE,1583656000.0,2026-Q2,2026-09-02,2026-Q2,2026-08-06,PROVIDER_FILING_DATE_PROXY,HELD,0.913,2026-08-06,4,4,,,
2026-10-08,HNI,1039,PB_OWNERSHIP_BASIS_V2,1.8585253882992434,OK,,1.8585253882992434,OK,1805200000.0,2026-Q2,2026-10-07,2026-Q2,2026-08-04,PROVIDER_FILING_DATE_PROXY,EXISTING_UNREVIEWED_COMMON_RULE,1.937,2026-08-04,4,4,,,
2026-10-08,HNRG,1040,PB_OWNERSHIP_BASIS_V2,3.380970120979323,OK,,3.380970120979323,OK,190332000.0,2026-Q2,2026-10-07,2026-Q2,2026-08-10,PROVIDER_FILING_DATE_PROXY,EXISTING_UNREVIEWED_COMMON_RULE,3.933,2026-08-10,4,4,,,
2026-10-08,HNST,1041,PB_OWNERSHIP_BASIS_V2,3.1667582927398863,OK,,3.1667582927398863,OK,167020000.0,2026-Q2,2026-10-07,2026-Q2,2026-08-05,PROVIDER_FILING_DATE_PROXY,EXISTING_UNREVIEWED_COMMON_RULE,2.473,2026-08-05,4,4,,,
2026-10-08,HOG,1042,PB_OWNERSHIP_BASIS_V2,0.9049900274750732,OK,,0.9049900274750732,OK,3099210000.0,2026-Q2,2026-10-07,2026-Q2,2026-08-05,PROVIDER_FILING_DATE_PROXY,EXISTING_UNREVIEWED_COMMON_RULE,0.879,2026-08-05,4,4,,,
2026-10-08,HOLO,1043,PB_OWNERSHIP_BASIS_V2,,MULTI_CLASS_UNVERIFIED,,,OWNERSHIP_REVIEW_STALE,370682156.0,2026-Q2,2026-10-07,2026-Q2,2026-08-27,ACCEPTED_PROVIDER_DATE_PENDING_RECONCILIATION,HELD,0.117,2026-08-27,4,4,HELD,,cc3d31c39cc719923fcfc7917c1bbe24cfaf891266c0114f408563e986afb284
2026-10-08,HON,1044,PB_OWNERSHIP_BASIS_V2,3.558201741087815,OK,,3.558201741087815,OK,18537000000.0,2026-Q2,2026-10-07,2026-Q2,2026-07-23,PROVIDER_FILING_DATE_PROXY,EXISTING_UNREVIEWED_COMMON_RULE,4.211,2026-07-23,4,4,,,
2026-10-08,HOUR,1045,PB_OWNERSHIP_BASIS_V2,7.1704033176622675,OK,,7.1704033176622675,OK,8885368.0,2026-Q2,2026-10-07,2026-Q2,2026-08-11,PROVIDER_FILING_DATE_PROXY,EXISTING_UNREVIEWED_COMMON_RULE,7.685,2026-08-11,4,4,,,
2026-10-08,HOV,1046,PB_OWNERSHIP_BASIS_V2,,MULTI_CLASS_UNVERIFIED,,,OWNERSHIP_REVIEW_STALE,818666000.0,2026-Q3,2026-10-07,2026-Q3,2026-08-28,ACCEPTED_PROVIDER_DATE_PENDING_RECONCILIATION,HELD,0.945,2026-08-28,4,4,HELD,,bf459d32c4f741f7ac3fd4ad54676dacff771eca86960e322052b139af413954
2026-10-08,HOVR,1047,PB_OWNERSHIP_BASIS_V2,,OWNERSHIP_BASIS_UNVERIFIED,LARGE_ENDPOINT_VS_AVERAGE_SHARE_DIFFERENCE,,OWNERSHIP_BASIS_UNVERIFIED,50792857.0,2026-Q4,2026-10-07,2026-Q4,2026-07-16,PROVIDER_FILING_DATE_PROXY,HELD,1.973,2026-07-16,4,4,,,
2026-10-08,HOWL,1048,PB_OWNERSHIP_BASIS_V2,2.7443617438672,OK,,2.7443617438672,OK,16292000.0,2026-Q2,2026-10-07,2026-Q2,2026-07-31,PROVIDER_FILING_DATE_PROXY,EXISTING_UNREVIEWED_COMMON_RULE,1.053,2026-07-31,4,4,,,
2026-10-08,HP,1049,PB_OWNERSHIP_BASIS_V2,1.4835104730406874,OK,,1.4835104730406874,OK,2670409000.0,2026-Q3,2026-10-07,2026-Q3,2026-08-06,PROVIDER_FILING_DATE_PROXY,EXISTING_UNREVIEWED_COMMON_RULE,1.387,2026-08-06,4,4,,,
2026-10-08,HPE,1050,PB_OWNERSHIP_BASIS_V2,,OWNERSHIP_BASIS_UNVERIFIED,,,OWNERSHIP_BASIS_UNVERIFIED,26514000000.0,2026-Q3,2026-10-07,2026-Q3,2026-09-03,PROVIDER_FILING_DATE_PROXY,HELD,2.726,2026-09-03,4,4,,,
2026-10-08,HPK,1051,PB_OWNERSHIP_BASIS_V2,,OWNERSHIP_BASIS_UNVERIFIED,,,OWNERSHIP_BASIS_UNVERIFIED,1551129000.0,2026-Q2,2026-10-07,2026-Q2,2026-08-10,PROVIDER_FILING_DATE_PROXY,HELD,0.646,2026-08-10,4,4,,,
2026-10-08,HPP,1052,PB_OWNERSHIP_BASIS_V2,,OWNERSHIP_BASIS_UNVERIFIED,,,OWNERSHIP_BASIS_UNVERIFIED,2814346000.0,2026-Q2,2026-10-07,2026-Q2,2026-08-10,PROVIDER_FILING_DATE_PROXY,HELD,0.263,2026-08-10,4,4,,,
2026-10-08,HPQ,1053,PB_OWNERSHIP_BASIS_V2,,NEGATIVE_EQUITY,,,NEGATIVE_EQUITY,-92000000.0,2026-Q3,2026-10-07,2026-Q3,2026-08-27,PROVIDER_FILING_DATE_PROXY,HELD,,2026-08-27,0,4,,,
2026-10-08,HQY,1054,PB_OWNERSHIP_BASIS_V2,3.8196561137894514,OK,,3.8196561137894514,OK,1990110000.0,2027-Q2,2026-10-07,2027-Q2,2026-08-27,PROVIDER_FILING_DATE_PROXY,EXISTING_UNREVIEWED_COMMON_RULE,3.882,2026-08-27,4,4,,,
2026-10-08,HR,1055,PB_OWNERSHIP_BASIS_V2,1.3718060787001383,OK,,1.3718060787001383,OK,4217148000.0,2026-Q2,2026-10-07,2026-Q2,2026-07-30,PROVIDER_FILING_DATE_PROXY,EXISTING_UNREVIEWED_COMMON_RULE,1.75,2026-07-30,4,4,,,
2026-10-08,HRB,1056,PB_OWNERSHIP_BASIS_V2,45.28255800346515,OK,,45.28255800346515,OK,117488000.0,2026-Q4,2026-10-07,2026-Q4,2026-08-14,PROVIDER_FILING_DATE_PROXY,EXISTING_UNREVIEWED_COMMON_RULE,56.572,2026-08-14,1,4,,,
2026-10-08,HRI,1057,PB_OWNERSHIP_BASIS_V2,2.2008149213043375,OK,,2.2008149213043375,OK,1890000000.0,2026-Q2,2026-10-07,2026-Q2,2026-07-28,PROVIDER_FILING_DATE_PROXY,EXISTING_UNREVIEWED_COMMON_RULE,2.622,2026-07-28,4,4,,,
2026-10-08,HRL,1058,PB_OWNERSHIP_BASIS_V2,1.3717644596067315,OK,,1.3717644596067315,OK,7843444000.0,2026-Q3,2026-10-07,2026-Q3,2026-08-27,PROVIDER_FILING_DATE_PROXY,EXISTING_UNREVIEWED_COMMON_RULE,1.493,2026-08-27,4,4,,,
2026-10-08,HRMY,1059,PB_OWNERSHIP_BASIS_V2,2.292755325287411,OK,,2.292755325287411,OK,999243000.0,2026-Q2,2026-10-07,2026-Q2,2026-08-04,PROVIDER_FILING_DATE_PROXY,EXISTING_UNREVIEWED_COMMON_RULE,2.26,2026-08-04,4,4,,,
2026-10-08,HROW,1060,PB_OWNERSHIP_BASIS_V2,,OWNERSHIP_BASIS_UNVERIFIED,,,OWNERSHIP_BASIS_UNVERIFIED,15200000.0,2026-Q2,2026-10-07,2026-Q2,2026-08-10,PROVIDER_FILING_DATE_PROXY,HELD,100.379,2026-08-10,4,4,,,
2026-10-08,HRTX,1061,PB_OWNERSHIP_BASIS_V2,10.443525731718827,OK,,10.443525731718827,OK,6908000.0,2026-Q2,2026-10-07,2026-Q2,2026-08-10,PROVIDER_FILING_DATE_PROXY,EXISTING_UNREVIEWED_COMMON_RULE,9.207,2026-08-10,4,4,,,
2026-10-08,HSIC,1062,PB_OWNERSHIP_BASIS_V2,2.9533158415740974,OK,,2.9533158415740974,OK,3157000000.0,2026-Q2,2026-10-07,2026-Q2,2026-08-04,PROVIDER_FILING_DATE_PROXY,EXISTING_UNREVIEWED_COMMON_RULE,3.146,2026-08-04,4,4,,,
2026-10-08,HST,1063,PB_OWNERSHIP_BASIS_V2,2.385279661388145,OK,,2.385279661388145,OK,6388000000.0,2026-Q2,2026-10-07,2026-Q2,2026-08-07,PROVIDER_FILING_DATE_PROXY,EXISTING_UNREVIEWED_COMMON_RULE,2.498,2026-08-07,4,4,,,
2026-10-08,HSTM,1064,PB_OWNERSHIP_BASIS_V2,2.6320508991275204,OK,,2.6320508991275204,OK,356605000.0,2026-Q2,2026-10-07,2026-Q2,2026-08-06,PROVIDER_FILING_DATE_PROXY,EXISTING_UNREVIEWED_COMMON_RULE,2.306,2026-08-06,4,4,,,
2026-10-08,HSY,1065,PB_OWNERSHIP_BASIS_V2,7.06083891466838,OK,,7.06083891466838,OK,4562690000.0,2026-Q2,2026-10-07,2026-Q2,2026-07-30,PROVIDER_FILING_DATE_PROXY,EXISTING_UNREVIEWED_COMMON_RULE,7.805,2026-07-30,4,4,,,
2026-10-08,HTLD,1066,PB_OWNERSHIP_BASIS_V2,1.153429010045215,OK,,1.153429010045215,OK,756277000.0,2026-Q2,2026-10-07,2026-Q2,2026-08-10,PROVIDER_FILING_DATE_PROXY,EXISTING_UNREVIEWED_COMMON_RULE,1.201,2026-08-10,4,4,,,
2026-10-08,HTO,1067,PB_OWNERSHIP_BASIS_V2,1.3161531777499431,OK,,1.3161531777499431,OK,1843902000.0,2026-Q2,2026-10-07,2026-Q2,2026-07-28,PROVIDER_FILING_DATE_PROXY,EXISTING_UNREVIEWED_COMMON_RULE,1.458,2026-07-28,4,4,,,
2026-10-08,HTZ,1068,PB_OWNERSHIP_BASIS_V2,,NEGATIVE_EQUITY,,,NEGATIVE_EQUITY,-628000000.0,2026-Q2,2026-10-07,2026-Q2,2026-08-06,PROVIDER_FILING_DATE_PROXY,HELD,,2026-08-06,0,4,,,
2026-10-08,HUBB,1069,PB_OWNERSHIP_BASIS_V2,,OWNERSHIP_BASIS_UNVERIFIED,,,OWNERSHIP_BASIS_UNVERIFIED,3911900000.0,2026-Q2,2026-10-07,2026-Q2,2026-07-29,PROVIDER_FILING_DATE_PROXY,HELD,6.226,2026-07-29,4,4,,,
2026-10-08,HUBG,1070,PB_OWNERSHIP_BASIS_V2,,STALE_EQUITY,,,STALE_EQUITY,1702416000.0,2025-Q3,2026-10-07,2025-Q3,2025-11-05,PROVIDER_FILING_DATE_PROXY,HELD,1.283,2025-11-05,4,4,,,
2026-10-08,HUBS,1071,PB_OWNERSHIP_BASIS_V2,6.62995271844346,OK,,6.62995271844346,OK,1656728000.0,2026-Q2,2026-10-07,2026-Q2,2026-08-05,PROVIDER_FILING_DATE_PROXY,EXISTING_UNREVIEWED_COMMON_RULE,7.531,2026-08-05,4,4,,,
2026-10-08,HUMA,1072,PB_OWNERSHIP_BASIS_V2,,OWNERSHIP_BASIS_UNVERIFIED,,,OWNERSHIP_BASIS_UNVERIFIED,31261000.0,2026-Q2,2026-10-07,2026-Q2,2026-08-12,PROVIDER_FILING_DATE_PROXY,HELD,5.909,2026-08-12,3,4,,,
2026-10-08,HUN,1073,PB_OWNERSHIP_BASIS_V2,0.562227888614595,OK,,0.562227888614595,OK,2692000000.0,2026-Q2,2026-10-07,2026-Q2,2026-07-31,PROVIDER_FILING_DATE_PROXY,EXISTING_UNREVIEWED_COMMON_RULE,0.636,2026-07-31,4,4,,,
2026-10-08,HURA,1074,PB_OWNERSHIP_BASIS_V2,6.820300839843375,OK,,6.820300839843375,OK,18500460.0,2026-Q2,2026-10-07,2026-Q2,2026-08-14,PROVIDER_FILING_DATE_PROXY,EXISTING_UNREVIEWED_COMMON_RULE,8.508,2026-08-14,4,4,,,
2026-10-08,HURN,1075,PB_OWNERSHIP_BASIS_V2,6.4759236553455075,OK,,6.4759236553455075,OK,384760000.0,2026-Q2,2026-10-07,2026-Q2,2026-07-28,PROVIDER_FILING_DATE_PROXY,EXISTING_UNREVIEWED_COMMON_RULE,5.019,2026-07-28,4,4,,,
2026-10-08,HVT,1076,PB_OWNERSHIP_BASIS_V2,,MULTI_CLASS_UNVERIFIED,HISTORICAL_OHLC_INCOMPLETE,,OWNERSHIP_REVIEW_STALE,294072000.0,2026-Q2,2026-10-07,2026-Q2,2026-08-04,ACCEPTED_PROVIDER_DATE_PENDING_RECONCILIATION,HELD,1.5,2026-08-04,4,4,HELD,,24063bf2e1603afe31ef261a64941c8c6fdb02adc9f3ce197e25e6784f4900ee
2026-10-08,HWH,1077,PB_OWNERSHIP_BASIS_V2,,STALE_PRICE,,,STALE_PRICE,2734617.0,2026-Q2,2026-09-28,2026-Q2,2026-07-30,PROVIDER_FILING_DATE_PROXY,HELD,4.069,2026-07-30,4,4,,,
2026-10-08,HWKN,1078,PB_OWNERSHIP_BASIS_V2,5.040911942250116,OK,,5.040911942250116,OK,548204000.0,2027-Q1,2026-10-07,2027-Q1,2026-07-29,PROVIDER_FILING_DATE_PROXY,EXISTING_UNREVIEWED_COMMON_RULE,5.278,2026-07-29,4,4,,,
2026-10-08,HWM,1079,PB_OWNERSHIP_BASIS_V2,,OWNERSHIP_BASIS_UNVERIFIED,,,OWNERSHIP_BASIS_UNVERIFIED,5732000000.0,2026-Q2,2026-10-07,2026-Q2,2026-08-06,PROVIDER_FILING_DATE_PROXY,HELD,20.157,2026-08-06,4,4,,,
2026-10-08,HXL,1080,PB_OWNERSHIP_BASIS_V2,4.887388490365298,OK,HISTORICAL_OHLC_INCOMPLETE,4.887388490365298,OK,1298200000.0,2026-Q2,2026-10-07,2026-Q2,2026-07-29,PROVIDER_FILING_DATE_PROXY,EXISTING_UNREVIEWED_COMMON_RULE,6.152,2026-07-29,4,4,,,
2026-10-08,HYMC,1081,PB_OWNERSHIP_BASIS_V2,,OWNERSHIP_BASIS_UNVERIFIED,,,OWNERSHIP_BASIS_UNVERIFIED,250857000.0,2026-Q2,2026-10-07,2026-Q2,2026-07-28,PROVIDER_FILING_DATE_PROXY,HELD,7.474,2026-07-28,4,4,,,
2026-10-08,HYPD,1082,PB_OWNERSHIP_BASIS_V2,0.5472771084779273,OK,,0.5472771084779273,OK,101934771.0,2026-Q2,2026-10-07,2026-Q2,2026-08-13,PROVIDER_FILING_DATE_PROXY,EXISTING_UNREVIEWED_COMMON_RULE,0.431,2026-08-13,4,4,,,
2026-10-08,HYPR,1083,PB_OWNERSHIP_BASIS_V2,2.4494074093731593,OK,,2.4494074093731593,OK,36758000.0,2026-Q2,2026-10-07,2026-Q2,2026-08-06,PROVIDER_FILING_DATE_PROXY,EXISTING_UNREVIEWED_COMMON_RULE,2.833,2026-08-06,4,4,,,
2026-10-08,HZO,1084,PB_OWNERSHIP_BASIS_V2,1.2166968572702703,OK,,1.2166968572702703,OK,952490000.0,2026-Q3,2026-10-07,2026-Q3,2026-07-23,PROVIDER_FILING_DATE_PROXY,EXISTING_UNREVIEWED_COMMON_RULE,0.778,2026-07-23,4,4,,,
2026-10-08,IART,1085,PB_OWNERSHIP_BASIS_V2,0.9690098382463865,OK,,0.9690098382463865,OK,1043377000.0,2026-Q2,2026-10-07,2026-Q2,2026-07-29,PROVIDER_FILING_DATE_PROXY,EXISTING_UNREVIEWED_COMMON_RULE,1.229,2026-07-29,4,4,,,
2026-10-08,IBEX,1086,PB_OWNERSHIP_BASIS_V2,,MISSING_EQUITY,,,MISSING_EQUITY,,2026-Q4,2026-10-07,2026-Q4,2026-09-10,PROVIDER_FILING_DATE_PROXY,HELD,,2026-09-10,0,4,,,
2026-10-08,IBM,1087,PB_OWNERSHIP_BASIS_V2,6.030130301973796,OK,,6.030130301973796,OK,34452000000.0,2026-Q2,2026-10-07,2026-Q2,2026-07-23,PROVIDER_FILING_DATE_PROXY,EXISTING_UNREVIEWED_COMMON_RULE,5.651,2026-07-23,4,4,,,
2026-10-08,IBP,1088,PB_OWNERSHIP_BASIS_V2,7.664112707699106,OK,,7.664112707699106,OK,639500000.0,2026-Q2,2026-10-07,2026-Q2,2026-08-06,PROVIDER_FILING_DATE_PROXY,EXISTING_UNREVIEWED_COMMON_RULE,10.057,2026-08-06,4,4,,,
2026-10-08,IBRX,1089,PB_OWNERSHIP_BASIS_V2,,NEGATIVE_EQUITY,,,NEGATIVE_EQUITY,-1046629000.0,2026-Q2,2026-10-07,2026-Q2,2026-08-04,PROVIDER_FILING_DATE_PROXY,HELD,,2026-08-04,0,4,,,
2026-10-08,ICE,1090,PB_OWNERSHIP_BASIS_V2,2.8988251739515407,OK,,2.8988251739515407,OK,29551000000.0,2026-Q2,2026-10-07,2026-Q2,2026-07-30,PROVIDER_FILING_DATE_PROXY,EXISTING_UNREVIEWED_COMMON_RULE,2.969,2026-07-30,4,4,,,
2026-10-08,ICFI,1091,PB_OWNERSHIP_BASIS_V2,1.4151645130623736,OK,,1.4151645130623736,OK,1049929000.0,2026-Q2,2026-10-07,2026-Q2,2026-08-06,PROVIDER_FILING_DATE_PROXY,EXISTING_UNREVIEWED_COMMON_RULE,1.457,2026-08-06,4,4,,,
2026-10-08,ICHR,1092,PB_OWNERSHIP_BASIS_V2,2.6341383958864877,OK,,2.6341383958864877,OK,865497000.0,2026-Q2,2026-10-07,2026-Q2,2026-08-04,PROVIDER_FILING_DATE_PROXY,EXISTING_UNREVIEWED_COMMON_RULE,3.084,2026-08-04,4,4,,,
2026-10-08,ICUI,1093,PB_OWNERSHIP_BASIS_V2,1.8132519903161652,OK,,1.8132519903161652,OK,2151851000.0,2026-Q2,2026-10-07,2026-Q2,2026-08-06,PROVIDER_FILING_DATE_PROXY,EXISTING_UNREVIEWED_COMMON_RULE,1.933,2026-08-06,4,4,,,
2026-10-08,IDA,1094,PB_OWNERSHIP_BASIS_V2,2.0233807164925084,OK,HISTORICAL_OHLC_INCOMPLETE,2.0233807164925084,OK,3774605000.0,2026-Q2,2026-10-07,2026-Q2,2026-07-30,PROVIDER_FILING_DATE_PROXY,EXISTING_UNREVIEWED_COMMON_RULE,2.174,2026-07-30,4,4,,,
2026-10-08,IDAI,1095,PB_OWNERSHIP_BASIS_V2,4.195130255332299,OK,,4.195130255332299,OK,4637652.0,2026-Q2,2026-10-07,2026-Q2,2026-08-13,PROVIDER_FILING_DATE_PROXY,EXISTING_UNREVIEWED_COMMON_RULE,3.028,2026-08-13,4,4,,,
2026-10-08,IDCC,1096,PB_OWNERSHIP_BASIS_V2,7.10102057246965,OK,,7.10102057246965,OK,1202169000.0,2026-Q2,2026-10-07,2026-Q2,2026-07-30,PROVIDER_FILING_DATE_PROXY,EXISTING_UNREVIEWED_COMMON_RULE,6.511,2026-07-30,4,4,,,
2026-10-08,IDN,1097,PB_OWNERSHIP_BASIS_V2,2.0276656031837788,OK,,2.0276656031837788,OK,22489000.0,2026-Q2,2026-10-07,2026-Q2,2026-08-13,PROVIDER_FILING_DATE_PROXY,EXISTING_UNREVIEWED_COMMON_RULE,3.379,2026-08-13,4,4,,,
2026-10-08,IDT,1098,PB_OWNERSHIP_BASIS_V2,,MISSING_EQUITY,,,MISSING_EQUITY,,2026-Q4,2026-10-07,2026-Q4,2026-09-29,PROVIDER_FILING_DATE_PROXY,HELD,,2026-09-29,0,4,,,
2026-10-08,IDXX,1099,PB_OWNERSHIP_BASIS_V2,24.752975273442722,OK,,24.752975273442722,OK,1612575000.0,2026-Q2,2026-10-07,2026-Q2,2026-08-04,PROVIDER_FILING_DATE_PROXY,EXISTING_UNREVIEWED_COMMON_RULE,28.731,2026-08-04,4,4,,,
2026-10-08,IDYA,1100,PB_OWNERSHIP_BASIS_V2,2.9182533460829716,OK,,2.9182533460829716,OK,1198905000.0,2026-Q2,2026-10-07,2026-Q2,2026-08-04,PROVIDER_FILING_DATE_PROXY,EXISTING_UNREVIEWED_COMMON_RULE,2.906,2026-08-04,4,4,,,
2026-10-08,IEP,1101,PB_OWNERSHIP_BASIS_V2,4.685416686073484,OK,,4.685416686073484,OK,1009000000.0,2026-Q2,2026-10-07,2026-Q2,2026-08-05,PROVIDER_FILING_DATE_PROXY,EXISTING_UNREVIEWED_COMMON_RULE,5.256,2026-08-05,4,4,,,
2026-10-08,IESC,1102,PB_OWNERSHIP_BASIS_V2,,SHARE_BASIS_UNVERIFIED,HISTORICAL_PRICE_MISMATCH,,SHARE_BASIS_UNVERIFIED,1223971000.0,2026-Q3,2026-10-07,2026-Q3,2026-07-31,PROVIDER_FILING_DATE_PROXY,HELD,12.12,2026-07-31,4,4,,,
2026-10-08,IEX,1103,PB_OWNERSHIP_BASIS_V2,4.283957397038503,OK,,4.283957397038503,OK,4008000000.0,2026-Q2,2026-10-07,2026-Q2,2026-07-29,PROVIDER_FILING_DATE_PROXY,EXISTING_UNREVIEWED_COMMON_RULE,4.222,2026-07-29,4,4,,,
2026-10-08,IFF,1104,PB_OWNERSHIP_BASIS_V2,,OWNERSHIP_BASIS_UNVERIFIED,,,OWNERSHIP_BASIS_UNVERIFIED,13976000000.0,2026-Q2,2026-10-07,2026-Q2,2026-08-04,PROVIDER_FILING_DATE_PROXY,HELD,1.477,2026-08-04,4,4,,,
2026-10-08,IHRT,1105,PB_OWNERSHIP_BASIS_V2,,NEGATIVE_EQUITY,,,NEGATIVE_EQUITY,-2010661000.0,2026-Q2,2026-10-07,2026-Q2,2026-08-10,PROVIDER_FILING_DATE_PROXY,HELD,,2026-08-10,0,4,,,
2026-10-08,III,1106,PB_OWNERSHIP_BASIS_V2,2.9251473263122123,OK,,2.9251473263122123,OK,95829000.0,2026-Q2,2026-10-07,2026-Q2,2026-08-06,PROVIDER_FILING_DATE_PROXY,EXISTING_UNREVIEWED_COMMON_RULE,2.526,2026-08-06,4,4,,,
2026-10-08,IIIN,1107,PB_OWNERSHIP_BASIS_V2,1.5423008392133388,OK,,1.5423008392133388,OK,371400000.0,2026-Q3,2026-10-07,2026-Q3,2026-07-16,PROVIDER_FILING_DATE_PROXY,EXISTING_UNREVIEWED_COMMON_RULE,1.565,2026-07-16,4,4,,,
2026-10-08,IIIV,1108,PB_OWNERSHIP_BASIS_V2,1.410172941579362,OK,LARGE_ENDPOINT_VS_AVERAGE_SHARE_DIFFERENCE,1.410172941579362,OK,280547000.0,2026-Q3,2026-10-07,2026-Q3,2026-08-07,PROVIDER_FILING_DATE_PROXY,EXISTING_UNREVIEWED_COMMON_RULE,1.639,2026-08-07,4,4,,,
2026-10-08,IIPR,1109,PB_OWNERSHIP_BASIS_V2,,OWNERSHIP_BASIS_UNVERIFIED,,,OWNERSHIP_BASIS_UNVERIFIED,1851599000.0,2026-Q2,2026-10-07,2026-Q2,2026-08-04,PROVIDER_FILING_DATE_PROXY,HELD,0.899,2026-08-04,4,4,,,
2026-10-08,IKT,1110,PB_OWNERSHIP_BASIS_V2,1.7654871870031348,OK,,1.7654871870031348,OK,153328586.0,2026-Q2,2026-10-07,2026-Q2,2026-08-11,PROVIDER_FILING_DATE_PROXY,EXISTING_UNREVIEWED_COMMON_RULE,2.23,2026-08-11,4,4,,,
2026-10-08,ILLR,1111,PB_OWNERSHIP_BASIS_V2,,NEGATIVE_EQUITY,,,NEGATIVE_EQUITY,-373373000.0,2026-Q2,2026-10-07,2026-Q2,2026-08-13,PROVIDER_FILING_DATE_PROXY,HELD,,2026-08-13,0,4,,,
2026-10-08,ILMN,1112,PB_OWNERSHIP_BASIS_V2,14.246568525232338,OK,,14.246568525232338,OK,2838000000.0,2026-Q2,2026-10-07,2026-Q2,2026-07-31,PROVIDER_FILING_DATE_PROXY,EXISTING_UNREVIEWED_COMMON_RULE,10.913,2026-07-31,4,4,,,
2026-10-08,ILPT,1113,PB_OWNERSHIP_BASIS_V2,1.0351784815132063,OK,,1.0351784815132063,OK,461660000.0,2026-Q2,2026-10-07,2026-Q2,2026-07-29,PROVIDER_FILING_DATE_PROXY,EXISTING_UNREVIEWED_COMMON_RULE,1.262,2026-07-29,4,4,,,
2026-10-08,IMAX,1114,PB_OWNERSHIP_BASIS_V2,7.928390051789217,OK,,7.928390051789217,OK,355889000.0,2026-Q2,2026-10-07,2026-Q2,2026-07-23,PROVIDER_FILING_DATE_PROXY,EXISTING_UNREVIEWED_COMMON_RULE,6.774,2026-07-23,4,4,,,
2026-10-08,IMCR,1115,PB_OWNERSHIP_BASIS_V2,3.607864539878548,OK,,3.607864539878548,OK,419798000.0,2026-Q2,2026-10-07,2026-Q2,2026-08-06,PROVIDER_FILING_DATE_PROXY,EXISTING_UNREVIEWED_COMMON_RULE,4.232,2026-08-06,4,4,,,
2026-10-08,IMKTA,1116,PB_OWNERSHIP_BASIS_V2,0.9602081927529436,OK,,0.9602081927529436,OK,1684791883.0,2026-Q3,2026-10-07,2026-Q3,2026-08-06,PROVIDER_FILING_DATE_PROXY,EXISTING_UNREVIEWED_COMMON_RULE,0.978,2026-08-06,4,4,,,
2026-10-08,IMMX,1117,PB_OWNERSHIP_BASIS_V2,2.965744785987366,OK,,2.965744785987366,OK,228916553.0,2026-Q2,2026-10-07,2026-Q2,2026-08-07,PROVIDER_FILING_DATE_PROXY,EXISTING_UNREVIEWED_COMMON_RULE,3.038,2026-08-07,4,4,,,
2026-10-08,IMNM,1118,PB_OWNERSHIP_BASIS_V2,4.130327486830523,OK,,4.130327486830523,OK,525083000.0,2026-Q2,2026-10-07,2026-Q2,2026-08-11,PROVIDER_FILING_DATE_PROXY,EXISTING_UNREVIEWED_COMMON_RULE,5.678,2026-08-11,4,4,,,
2026-10-08,IMNN,1119,PB_OWNERSHIP_BASIS_V2,1.5271722672287313,OK,,1.5271722672287313,OK,4188787.0,2026-Q2,2026-10-07,2026-Q2,2026-08-11,PROVIDER_FILING_DATE_PROXY,EXISTING_UNREVIEWED_COMMON_RULE,2.157,2026-08-11,4,4,,,
2026-10-08,IMRX,1120,PB_OWNERSHIP_BASIS_V2,1.3093136073128615,OK,,1.3093136073128615,OK,190735026.0,2026-Q2,2026-10-07,2026-Q2,2026-08-05,PROVIDER_FILING_DATE_PROXY,EXISTING_UNREVIEWED_COMMON_RULE,1.489,2026-08-05,4,4,,,
2026-10-08,IMVT,1121,PB_OWNERSHIP_BASIS_V2,,OWNERSHIP_BASIS_UNVERIFIED,,,OWNERSHIP_BASIS_UNVERIFIED,735388000.0,2027-Q1,2026-10-07,2027-Q1,2026-08-06,PROVIDER_FILING_DATE_PROXY,HELD,11.162,2026-08-06,4,4,,,
2026-10-08,IMXI,1122,PB_OWNERSHIP_BASIS_V2,,OWNERSHIP_BASIS_UNVERIFIED,,,OWNERSHIP_BASIS_UNVERIFIED,169550000.0,2026-Q2,2026-10-07,2026-Q2,2026-08-10,PROVIDER_FILING_DATE_PROXY,HELD,2.106,2026-08-10,4,4,,,
2026-10-08,INAB,1123,PB_OWNERSHIP_BASIS_V2,0.751605727003095,OK,LARGE_ENDPOINT_VS_AVERAGE_SHARE_DIFFERENCE,0.751605727003095,OK,18363000.0,2026-Q2,2026-10-07,2026-Q2,2026-08-06,PROVIDER_FILING_DATE_PROXY,EXISTING_UNREVIEWED_COMMON_RULE,0.521,2026-08-06,4,4,,,
2026-10-08,INBS,1124,PB_OWNERSHIP_BASIS_V2,0.873493291135139,OK,LARGE_ENDPOINT_VS_AVERAGE_SHARE_DIFFERENCE,0.873493291135139,OK,5510835.0,2026-Q4,2026-10-07,2026-Q4,2026-08-19,PROVIDER_FILING_DATE_PROXY,EXISTING_UNREVIEWED_COMMON_RULE,1.467,2026-08-19,4,4,,,
2026-10-08,INCY,1125,PB_OWNERSHIP_BASIS_V2,3.6242883401617743,OK,,3.6242883401617743,OK,6344427000.0,2026-Q2,2026-10-07,2026-Q2,2026-07-28,PROVIDER_FILING_DATE_PROXY,EXISTING_UNREVIEWED_COMMON_RULE,4.151,2026-07-28,4,4,,,
2026-10-08,INDI,1126,PB_OWNERSHIP_BASIS_V2,,OWNERSHIP_BASIS_UNVERIFIED,,,OWNERSHIP_BASIS_UNVERIFIED,294672000.0,2026-Q2,2026-10-07,2026-Q2,2026-08-07,PROVIDER_FILING_DATE_PROXY,HELD,3.178,2026-08-07,4,4,,,
2026-10-08,INDP,1127,PB_OWNERSHIP_BASIS_V2,26.478510144119397,OK,,26.478510144119397,OK,11372530.0,2026-Q2,2026-10-07,2026-Q2,2026-08-13,PROVIDER_FILING_DATE_PROXY,EXISTING_UNREVIEWED_COMMON_RULE,12.419,2026-08-13,4,4,,,
2026-10-08,INDV,1128,PB_OWNERSHIP_BASIS_V2,,NEGATIVE_EQUITY,,,NEGATIVE_EQUITY,-208000000.0,2026-Q2,2026-10-07,2026-Q2,2026-08-03,PROVIDER_FILING_DATE_PROXY,HELD,,2026-08-03,0,4,,,
2026-10-08,INGN,1129,PB_OWNERSHIP_BASIS_V2,0.8832757222504773,OK,,0.8832757222504773,OK,174864000.0,2026-Q2,2026-10-07,2026-Q2,2026-08-07,PROVIDER_FILING_DATE_PROXY,EXISTING_UNREVIEWED_COMMON_RULE,0.918,2026-08-07,4,4,,,
2026-10-08,INGR,1130,PB_OWNERSHIP_BASIS_V2,1.3138328958333334,OK,HISTORICAL_OHLC_INCOMPLETE,1.3138328958333334,OK,4524000000.0,2026-Q2,2026-10-07,2026-Q2,2026-08-07,PROVIDER_FILING_DATE_PROXY,EXISTING_UNREVIEWED_COMMON_RULE,1.454,2026-08-07,4,4,,,
2026-10-08,INHD,1131,PB_OWNERSHIP_BASIS_V2,0.15268054755298918,OK,,0.15268054755298918,OK,55634839.0,2026-Q3,2026-10-07,2026-Q3,2026-08-18,PROVIDER_FILING_DATE_PROXY,EXISTING_UNREVIEWED_COMMON_RULE,0.362,2026-08-18,4,4,,,
2026-10-08,INKT,1132,PB_OWNERSHIP_BASIS_V2,,NEGATIVE_EQUITY,,,NEGATIVE_EQUITY,-14028296.0,2026-Q2,2026-10-07,2026-Q2,2026-08-13,PROVIDER_FILING_DATE_PROXY,HELD,,2026-08-13,0,4,,,
2026-10-08,INM,1133,PB_OWNERSHIP_BASIS_V2,,MISSING_EQUITY,,,MISSING_EQUITY,,2026-Q4,2026-10-07,2026-Q4,2026-09-09,PROVIDER_FILING_DATE_PROXY,HELD,,2026-09-09,0,4,,,
2026-10-08,INMB,1134,PB_OWNERSHIP_BASIS_V2,2.5352150052559246,OK,,2.5352150052559246,OK,20362000.0,2026-Q2,2026-10-07,2026-Q2,2026-08-06,PROVIDER_FILING_DATE_PROXY,EXISTING_UNREVIEWED_COMMON_RULE,2.603,2026-08-06,4,4,,,
2026-10-08,INN,1135,PB_OWNERSHIP_BASIS_V2,,OWNERSHIP_BASIS_UNVERIFIED,,,OWNERSHIP_BASIS_UNVERIFIED,838947000.0,2026-Q2,2026-10-07,2026-Q2,2026-08-05,PROVIDER_FILING_DATE_PROXY,HELD,0.877,2026-08-05,4,4,,,
2026-10-08,INO,1136,PB_OWNERSHIP_BASIS_V2,27.43967969236354,OK,LARGE_ENDPOINT_VS_AVERAGE_SHARE_DIFFERENCE,27.43967969236354,OK,4371083.0,2026-Q2,2026-10-07,2026-Q2,2026-08-12,PROVIDER_FILING_DATE_PROXY,EXISTING_UNREVIEWED_COMMON_RULE,18.214,2026-08-12,3,4,,,
2026-10-08,INOD,1137,PB_OWNERSHIP_BASIS_V2,13.66112421273101,OK,,13.66112421273101,OK,159617000.0,2026-Q2,2026-10-07,2026-Q2,2026-08-06,PROVIDER_FILING_DATE_PROXY,EXISTING_UNREVIEWED_COMMON_RULE,14.105,2026-08-06,4,4,,,
2026-10-08,INSE,1138,PB_OWNERSHIP_BASIS_V2,,NEGATIVE_EQUITY,,,NEGATIVE_EQUITY,-15600000.0,2026-Q2,2026-10-07,2026-Q2,2026-08-05,PROVIDER_FILING_DATE_PROXY,HELD,,2026-08-05,0,4,,,
2026-10-08,INSG,1139,PB_OWNERSHIP_BASIS_V2,,NEGATIVE_EQUITY,,,NEGATIVE_EQUITY,-30562000.0,2026-Q2,2026-10-07,2026-Q2,2026-08-06,PROVIDER_FILING_DATE_PROXY,HELD,,2026-08-06,0,4,,,
2026-10-08,INSM,1140,PB_OWNERSHIP_BASIS_V2,29.331101828802314,OK,,29.331101828802314,OK,757494000.0,2026-Q2,2026-10-07,2026-Q2,2026-08-06,PROVIDER_FILING_DATE_PROXY,EXISTING_UNREVIEWED_COMMON_RULE,38.213,2026-08-06,4,4,,,
2026-10-08,INSP,1141,PB_OWNERSHIP_BASIS_V2,2.361975800735163,OK,,2.361975800735163,OK,825582000.0,2026-Q2,2026-10-07,2026-Q2,2026-08-03,PROVIDER_FILING_DATE_PROXY,EXISTING_UNREVIEWED_COMMON_RULE,1.829,2026-08-03,4,4,,,
2026-10-08,INSW,1142,PB_OWNERSHIP_BASIS_V2,,OWNERSHIP_BASIS_UNVERIFIED,,,OWNERSHIP_BASIS_UNVERIFIED,2265335000.0,2026-Q2,2026-10-07,2026-Q2,2026-08-10,PROVIDER_FILING_DATE_PROXY,HELD,1.977,2026-08-10,4,4,,,
2026-10-08,INTA,1143,PB_OWNERSHIP_BASIS_V2,9.057908924201765,OK,,9.057908924201765,OK,317603000.0,2026-Q4,2026-10-07,2026-Q4,2026-08-14,PROVIDER_FILING_DATE_PROXY,EXISTING_UNREVIEWED_COMMON_RULE,9.663,2026-08-14,4,4,,,
2026-10-08,INTC,1144,PB_OWNERSHIP_BASIS_V2,6.517754836007399,OK,,6.517754836007399,OK,87542000000.0,2026-Q2,2026-10-07,2026-Q2,2026-07-24,PROVIDER_FILING_DATE_PROXY,EXISTING_UNREVIEWED_COMMON_RULE,5.319,2026-07-24,4,4,,,
2026-10-08,IONQ,1145,PB_OWNERSHIP_BASIS_V2,,OWNERSHIP_BASIS_UNVERIFIED,,,OWNERSHIP_BASIS_UNVERIFIED,3327208000.0,2026-Q2,2026-10-07,2026-Q2,2026-08-10,PROVIDER_FILING_DATE_PROXY,HELD,4.87,2026-08-10,4,4,,,
2026-10-08,IONS,1146,PB_OWNERSHIP_BASIS_V2,16.688838178643792,OK,,16.688838178643792,OK,439737000.0,2026-Q2,2026-10-07,2026-Q2,2026-07-29,PROVIDER_FILING_DATE_PROXY,EXISTING_UNREVIEWED_COMMON_RULE,20.423,2026-07-29,4,4,,,
2026-10-08,IOSP,1147,PB_OWNERSHIP_BASIS_V2,1.7861817430692317,OK,,1.7861817430692317,OK,1343400000.0,2026-Q2,2026-10-07,2026-Q2,2026-08-05,PROVIDER_FILING_DATE_PROXY,EXISTING_UNREVIEWED_COMMON_RULE,1.686,2026-08-05,4,4,,,
2026-10-08,IOT,1148,PB_OWNERSHIP_BASIS_V2,14.808521257942452,OK,,14.808521257942452,OK,1601974000.0,2027-Q2,2026-10-07,2027-Q2,2026-09-08,PROVIDER_FILING_DATE_PROXY,EXISTING_UNREVIEWED_COMMON_RULE,14.677,2026-09-08,4,4,,,
2026-10-08,IOVA,1149,PB_OWNERSHIP_BASIS_V2,7.951131976983714,OK,,7.951131976983714,OK,736045000.0,2026-Q2,2026-10-07,2026-Q2,2026-08-06,PROVIDER_FILING_DATE_PROXY,EXISTING_UNREVIEWED_COMMON_RULE,3.822,2026-08-06,4,4,,,
2026-10-08,IP,1150,PB_OWNERSHIP_BASIS_V2,1.1657498372388857,OK,HISTORICAL_OHLC_INCOMPLETE,1.1657498372388857,OK,14455000000.0,2026-Q2,2026-10-07,2026-Q2,2026-08-05,PROVIDER_FILING_DATE_PROXY,EXISTING_UNREVIEWED_COMMON_RULE,1.548,2026-08-05,4,4,,,
2026-10-08,IPAR,1151,PB_OWNERSHIP_BASIS_V2,4.0838839316178435,OK,,4.0838839316178435,OK,870461000.0,2026-Q2,2026-10-07,2026-Q2,2026-08-04,PROVIDER_FILING_DATE_PROXY,EXISTING_UNREVIEWED_COMMON_RULE,4.73,2026-08-04,4,4,,,
2026-10-08,IPDN,1152,PB_OWNERSHIP_BASIS_V2,,MISSING_EQUITY,LARGE_ENDPOINT_VS_AVERAGE_SHARE_DIFFERENCE,,MISSING_EQUITY,,2026-Q2,2026-10-07,2026-Q2,2026-08-14,PROVIDER_FILING_DATE_PROXY,HELD,,2026-08-14,0,4,,,
2026-10-08,IPGP,1153,PB_OWNERSHIP_BASIS_V2,1.6174569470674187,OK,,1.6174569470674187,OK,2127178000.0,2026-Q2,2026-10-07,2026-Q2,2026-08-04,PROVIDER_FILING_DATE_PROXY,EXISTING_UNREVIEWED_COMMON_RULE,1.881,2026-08-04,4,4,,,
2026-10-08,IPI,1154,PB_OWNERSHIP_BASIS_V2,0.8637860452365913,OK,,0.8637860452365913,OK,515188000.0,2026-Q2,2026-10-07,2026-Q2,2026-08-05,PROVIDER_FILING_DATE_PROXY,EXISTING_UNREVIEWED_COMMON_RULE,0.882,2026-08-05,4,4,,,
2026-10-08,IQV,1155,PB_OWNERSHIP_BASIS_V2,6.884605993982691,OK,,6.884605993982691,OK,6171000000.0,2026-Q2,2026-10-07,2026-Q2,2026-07-28,PROVIDER_FILING_DATE_PROXY,EXISTING_UNREVIEWED_COMMON_RULE,6.48,2026-07-28,4,4,,,
2026-10-08,IR,1156,PB_OWNERSHIP_BASIS_V2,2.944698010975779,OK,,2.944698010975779,OK,10177300000.0,2026-Q2,2026-10-07,2026-Q2,2026-07-31,PROVIDER_FILING_DATE_PROXY,EXISTING_UNREVIEWED_COMMON_RULE,3.179,2026-07-31,4,4,,,
2026-10-08,IRD,1157,PB_OWNERSHIP_BASIS_V2,,NEGATIVE_EQUITY,,,NEGATIVE_EQUITY,-12986000.0,2026-Q2,2026-10-07,2026-Q2,2026-08-06,PROVIDER_FILING_DATE_PROXY,HELD,,2026-08-06,2,4,,,
2026-10-08,IRDM,1158,PB_OWNERSHIP_BASIS_V2,,OWNERSHIP_BASIS_UNVERIFIED,,,OWNERSHIP_BASIS_UNVERIFIED,472511000.0,2026-Q2,2026-10-07,2026-Q2,2026-07-22,PROVIDER_FILING_DATE_PROXY,HELD,10.508,2026-07-22,4,4,,,
2026-10-08,IRM,1159,PB_OWNERSHIP_BASIS_V2,,MISSING_EQUITY,,,MISSING_EQUITY,,2026-Q2,2026-10-07,2026-Q2,2026-08-05,PROVIDER_FILING_DATE_PROXY,HELD,,2026-08-05,0,4,,,
2026-10-08,IRON,1160,PB_OWNERSHIP_BASIS_V2,3.646391613993589,OK,,3.646391613993589,OK,644164000.0,2026-Q2,2026-10-07,2026-Q2,2026-07-30,PROVIDER_FILING_DATE_PROXY,EXISTING_UNREVIEWED_COMMON_RULE,4.721,2026-07-30,4,4,,,
2026-10-08,IRT,1161,PB_OWNERSHIP_BASIS_V2,1.0133909453670367,OK,,1.0133909453670367,OK,3359169000.0,2026-Q2,2026-10-07,2026-Q2,2026-08-04,PROVIDER_FILING_DATE_PROXY,EXISTING_UNREVIEWED_COMMON_RULE,1.197,2026-08-04,4,4,,,
2026-10-08,IRTC,1162,PB_OWNERSHIP_BASIS_V2,18.60807500983116,OK,,18.60807500983116,OK,185983000.0,2026-Q2,2026-10-07,2026-Q2,2026-08-06,PROVIDER_FILING_DATE_PROXY,EXISTING_UNREVIEWED_COMMON_RULE,22.708,2026-08-06,4,4,,,
2026-10-08,IRWD,1163,PB_OWNERSHIP_BASIS_V2,,NEGATIVE_EQUITY,,,NEGATIVE_EQUITY,-161843000.0,2026-Q2,2026-10-07,2026-Q2,2026-08-06,PROVIDER_FILING_DATE_PROXY,HELD,,2026-08-06,0,4,,,
2026-10-08,ISPC,1164,PB_OWNERSHIP_BASIS_V2,1.5955315426622427,OK,LARGE_ENDPOINT_VS_AVERAGE_SHARE_DIFFERENCE,1.5955315426622427,OK,1736380.0,2026-Q2,2026-10-07,2026-Q2,2026-08-14,PROVIDER_FILING_DATE_PROXY,EXISTING_UNREVIEWED_COMMON_RULE,3.264,2026-08-14,4,4,,,
2026-10-08,ISRG,1165,PB_OWNERSHIP_BASIS_V2,8.060192886029125,OK,,8.060192886029125,OK,18168400000.0,2026-Q2,2026-10-07,2026-Q2,2026-07-21,PROVIDER_FILING_DATE_PROXY,EXISTING_UNREVIEWED_COMMON_RULE,6.807,2026-07-21,4,4,,,
2026-10-08,IA,1166,PB_OWNERSHIP_BASIS_V2,4.532917129839553,OK,,4.532917129839553,OK,77197268.0,2026-Q3,2026-10-07,2026-Q3,2026-08-13,PROVIDER_FILING_DATE_PROXY,EXISTING_UNREVIEWED_COMMON_RULE,5.278,2026-08-13,4,4,,,
2026-10-08,IT,1167,PB_OWNERSHIP_BASIS_V2,,NEGATIVE_EQUITY,,,NEGATIVE_EQUITY,-167345000.0,2026-Q2,2026-10-07,2026-Q2,2026-08-04,PROVIDER_FILING_DATE_PROXY,HELD,,2026-08-04,3,4,,,
2026-10-08,ITGR,1168,PB_OWNERSHIP_BASIS_V2,2.5035960642521986,OK,,2.5035960642521986,OK,1718749000.0,2026-Q2,2026-10-07,2026-Q2,2026-08-04,PROVIDER_FILING_DATE_PROXY,EXISTING_UNREVIEWED_COMMON_RULE,2.473,2026-08-04,4,4,,,
2026-10-08,ITRI,1169,PB_OWNERSHIP_BASIS_V2,2.3185699297647995,OK,,2.3185699297647995,OK,1616199000.0,2026-Q2,2026-10-07,2026-Q2,2026-07-28,PROVIDER_FILING_DATE_PROXY,EXISTING_UNREVIEWED_COMMON_RULE,2.899,2026-07-28,4,4,,,
2026-10-08,ITT,1170,PB_OWNERSHIP_BASIS_V2,3.7318750016528632,OK,,3.7318750016528632,OK,4800500000.0,2026-Q2,2026-10-07,2026-Q2,2026-08-06,PROVIDER_FILING_DATE_PROXY,EXISTING_UNREVIEWED_COMMON_RULE,3.993,2026-08-06,4,4,,,
2026-10-08,ITW,1171,PB_OWNERSHIP_BASIS_V2,25.699902647449463,OK,,25.699902647449463,OK,2894000000.0,2026-Q2,2026-10-07,2026-Q2,2026-08-06,PROVIDER_FILING_DATE_PROXY,EXISTING_UNREVIEWED_COMMON_RULE,29.002,2026-08-06,4,4,,,
2026-10-08,IVDA,1172,PB_OWNERSHIP_BASIS_V2,,OWNERSHIP_BASIS_UNVERIFIED,,,OWNERSHIP_BASIS_UNVERIFIED,5406955.0,2026-Q2,2026-10-07,2026-Q2,2026-08-14,PROVIDER_FILING_DATE_PROXY,HELD,0.996,2026-08-14,4,4,,,
2026-10-08,IVT,1173,PB_OWNERSHIP_BASIS_V2,1.2944277457464168,OK,,1.2944277457464168,OK,1765682000.0,2026-Q2,2026-10-07,2026-Q2,2026-08-03,PROVIDER_FILING_DATE_PROXY,EXISTING_UNREVIEWED_COMMON_RULE,1.54,2026-08-03,4,4,,,
2026-10-08,IVVD,1174,PB_OWNERSHIP_BASIS_V2,1.1866529582614782,OK,,1.1866529582614782,OK,181080000.0,2026-Q2,2026-10-07,2026-Q2,2026-08-13,PROVIDER_FILING_DATE_PROXY,EXISTING_UNREVIEWED_COMMON_RULE,1.116,2026-08-13,4,4,,,
2026-10-08,J,1175,PB_OWNERSHIP_BASIS_V2,4.888426741274666,OK,,4.888426741274666,OK,3264489000.0,2026-Q3,2026-10-07,2026-Q3,2026-08-04,PROVIDER_FILING_DATE_PROXY,EXISTING_UNREVIEWED_COMMON_RULE,5.115,2026-08-04,4,4,,,
2026-10-08,JACK,1176,PB_OWNERSHIP_BASIS_V2,,NEGATIVE_EQUITY,,,NEGATIVE_EQUITY,-901286000.0,2026-Q3,2026-10-07,2026-Q3,2026-08-12,PROVIDER_FILING_DATE_PROXY,HELD,,2026-08-12,0,4,,,
2026-10-08,JAGX,1177,PB_OWNERSHIP_BASIS_V2,,MISSING_EQUITY,LARGE_ENDPOINT_VS_AVERAGE_SHARE_DIFFERENCE,,MISSING_EQUITY,,2026-Q2,2026-10-07,2026-Q2,2026-08-19,PROVIDER_FILING_DATE_PROXY,HELD,,2026-08-19,0,4,,,
2026-10-08,JAKK,1178,PB_OWNERSHIP_BASIS_V2,1.282210745251077,OK,,1.282210745251077,OK,247875000.0,2026-Q2,2026-10-07,2026-Q2,2026-07-31,PROVIDER_FILING_DATE_PROXY,EXISTING_UNREVIEWED_COMMON_RULE,1.216,2026-07-31,4,4,,,
2026-10-08,JANX,1179,PB_OWNERSHIP_BASIS_V2,1.1805925283457104,OK,,1.1805925283457104,OK,927984000.0,2026-Q2,2026-10-07,2026-Q2,2026-08-06,PROVIDER_FILING_DATE_PROXY,EXISTING_UNREVIEWED_COMMON_RULE,1.061,2026-08-06,4,4,,,
2026-10-08,JAZZ,1180,PB_OWNERSHIP_BASIS_V2,3.12547664683609,OK,,3.12547664683609,OK,4801700000.0,2026-Q2,2026-10-07,2026-Q2,2026-08-03,PROVIDER_FILING_DATE_PROXY,EXISTING_UNREVIEWED_COMMON_RULE,3.401,2026-08-03,4,4,,,
2026-10-08,JBGS,1181,PB_OWNERSHIP_BASIS_V2,0.59376904453465,OK,HISTORICAL_OHLC_INCOMPLETE,0.59376904453465,OK,1066413000.0,2026-Q2,2026-10-07,2026-Q2,2026-08-10,PROVIDER_FILING_DATE_PROXY,EXISTING_UNREVIEWED_COMMON_RULE,0.616,2026-08-10,4,4,,,
2026-10-08,JBHT,1182,PB_OWNERSHIP_BASIS_V2,5.717408930711468,OK,,5.717408930711468,OK,3657115000.0,2026-Q2,2026-10-07,2026-Q2,2026-07-24,PROVIDER_FILING_DATE_PROXY,EXISTING_UNREVIEWED_COMMON_RULE,7.404,2026-07-24,4,4,,,
2026-10-08,JBI,1183,PB_OWNERSHIP_BASIS_V2,,OWNERSHIP_BASIS_UNVERIFIED,,,OWNERSHIP_BASIS_UNVERIFIED,572000000.0,2026-Q2,2026-10-07,2026-Q2,2026-08-11,PROVIDER_FILING_DATE_PROXY,HELD,1.207,2026-08-11,4,4,,,
2026-10-08,JBIO,1184,PB_OWNERSHIP_BASIS_V2,1.9906937660742947,OK,,1.9906937660742947,OK,439915000.0,2026-Q2,2026-10-07,2026-Q2,2026-08-10,PROVIDER_FILING_DATE_PROXY,EXISTING_UNREVIEWED_COMMON_RULE,3.141,2026-08-10,4,4,,,
2026-10-08,JBL,1185,PB_OWNERSHIP_BASIS_V2,23.71926656896744,OK,,23.71926656896744,OK,1323000000.0,2026-Q3,2026-10-07,2026-Q3,2026-06-30,PROVIDER_FILING_DATE_PROXY,EXISTING_UNREVIEWED_COMMON_RULE,30.532,2026-06-30,4,4,,,
2026-10-08,JBLU,1186,PB_OWNERSHIP_BASIS_V2,0.9438748389193372,OK,,0.9438748389193372,OK,1587000000.0,2026-Q2,2026-10-07,2026-Q2,2026-07-28,PROVIDER_FILING_DATE_PROXY,EXISTING_UNREVIEWED_COMMON_RULE,1.427,2026-07-28,4,4,,,
2026-10-08,JBTM,1187,PB_OWNERSHIP_BASIS_V2,1.21026574521451,OK,,1.21026574521451,OK,4472000000.0,2026-Q2,2026-10-07,2026-Q2,2026-08-05,PROVIDER_FILING_DATE_PROXY,EXISTING_UNREVIEWED_COMMON_RULE,1.415,2026-08-05,4,4,,,
2026-10-08,JCI,1188,PB_OWNERSHIP_BASIS_V2,7.005879170784525,OK,,7.005879170784525,OK,13482000000.0,2026-Q3,2026-10-07,2026-Q3,2026-07-29,PROVIDER_FILING_DATE_PROXY,EXISTING_UNREVIEWED_COMMON_RULE,6.264,2026-07-29,4,4,,,
2026-10-08,JELD,1189,PB_OWNERSHIP_BASIS_V2,,NEGATIVE_EQUITY,,,NEGATIVE_EQUITY,-23869000.0,2026-Q2,2026-10-07,2026-Q2,2026-08-04,PROVIDER_FILING_DATE_PROXY,HELD,,2026-08-04,3,4,,,
2026-10-08,JILL,1190,PB_OWNERSHIP_BASIS_V2,,MISSING_EQUITY,,,MISSING_EQUITY,,2027-Q2,2026-10-07,2027-Q2,2026-09-09,PROVIDER_FILING_DATE_PROXY,HELD,,2026-09-09,0,4,,,
2026-10-08,JJSF,1191,PB_OWNERSHIP_BASIS_V2,1.6613050183415174,OK,,1.6613050183415174,OK,892077000.0,2026-Q3,2026-10-07,2026-Q3,2026-08-06,PROVIDER_FILING_DATE_PROXY,EXISTING_UNREVIEWED_COMMON_RULE,1.924,2026-08-06,4,4,,,
2026-10-08,JKHY,1192,PB_OWNERSHIP_BASIS_V2,4.978050639023367,OK,,4.978050639023367,OK,2051949000.0,2026-Q4,2026-10-07,2026-Q4,2026-08-28,PROVIDER_FILING_DATE_PROXY,EXISTING_UNREVIEWED_COMMON_RULE,5.799,2026-08-28,4,4,,,
2026-10-08,JLL,1193,PB_OWNERSHIP_BASIS_V2,1.8291602906127613,OK,,1.8291602906127613,OK,7461700000.0,2026-Q2,2026-10-07,2026-Q2,2026-07-30,PROVIDER_FILING_DATE_PROXY,EXISTING_UNREVIEWED_COMMON_RULE,2.23,2026-07-30,4,4,,,
2026-10-08,JNJ,1194,PB_OWNERSHIP_BASIS_V2,7.330010495490902,OK,,7.330010495490902,OK,84971000000.0,2026-Q2,2026-10-07,2026-Q2,2026-07-23,PROVIDER_FILING_DATE_PROXY,EXISTING_UNREVIEWED_COMMON_RULE,7.353,2026-07-23,4,4,,,
2026-10-08,JOBY,1195,PB_OWNERSHIP_BASIS_V2,,OWNERSHIP_BASIS_UNVERIFIED,,,OWNERSHIP_BASIS_UNVERIFIED,1766723000.0,2026-Q2,2026-10-07,2026-Q2,2026-08-06,PROVIDER_FILING_DATE_PROXY,HELD,4.608,2026-08-06,4,4,,,
2026-10-08,JOE,1196,PB_OWNERSHIP_BASIS_V2,4.833191433923999,OK,,4.833191433923999,OK,764461000.0,2026-Q2,2026-10-07,2026-Q2,2026-07-29,PROVIDER_FILING_DATE_PROXY,EXISTING_UNREVIEWED_COMMON_RULE,4.611,2026-07-29,4,4,,,
2026-10-08,JSPR,1197,PB_OWNERSHIP_BASIS_V2,,OWNERSHIP_BASIS_UNVERIFIED,,,OWNERSHIP_BASIS_UNVERIFIED,1413000.0,2026-Q2,2026-10-07,2026-Q2,2026-08-14,PROVIDER_FILING_DATE_PROXY,HELD,18.606,2026-08-14,4,4,,,
2026-10-08,JTAI,1198,PB_OWNERSHIP_BASIS_V2,,OWNERSHIP_BASIS_UNVERIFIED,LARGE_ENDPOINT_VS_AVERAGE_SHARE_DIFFERENCE,,OWNERSHIP_BASIS_UNVERIFIED,39983716.0,2026-Q2,2026-10-07,2026-Q2,2026-08-14,PROVIDER_FILING_DATE_PROXY,HELD,0.152,2026-08-14,4,4,,,
2026-10-08,KAI,1199,PB_OWNERSHIP_BASIS_V2,2.9767699589960914,OK,,2.9767699589960914,OK,1022954000.0,2026-Q2,2026-10-07,2026-Q2,2026-08-12,PROVIDER_FILING_DATE_PROXY,EXISTING_UNREVIEWED_COMMON_RULE,3.857,2026-08-12,4,4,,,
2026-10-08,KALA,1200,PB_OWNERSHIP_BASIS_V2,,SHARE_BASIS_UNVERIFIED,LARGE_ENDPOINT_VS_AVERAGE_SHARE_DIFFERENCE;REVIEWED_UNRESOLVED_BASIS,,SHARE_BASIS_UNVERIFIED,9044000.0,2026-Q2,2026-10-07,2026-Q2,2026-08-19,PROVIDER_FILING_DATE_PROXY,HELD,1.925,2026-08-19,3,4,,,
2026-10-08,KALU,1201,PB_OWNERSHIP_BASIS_V2,2.6371962872306045,OK,,2.6371962872306045,OK,943800000.0,2026-Q2,2026-10-07,2026-Q2,2026-07-23,PROVIDER_FILING_DATE_PROXY,EXISTING_UNREVIEWED_COMMON_RULE,3.128,2026-07-23,4,4,,,
2026-10-08,KBH,1202,PB_OWNERSHIP_BASIS_V2,0.7101755972446959,OK,,0.7101755972446959,OK,3796810000.0,2026-Q2,2026-10-07,2026-Q2,2026-07-09,PROVIDER_FILING_DATE_PROXY,EXISTING_UNREVIEWED_COMMON_RULE,0.916,2026-07-09,4,4,,,
2026-10-08,KBR,1203,PB_OWNERSHIP_BASIS_V2,2.611513533009993,OK,,2.611513533009993,OK,1636000000.0,2026-Q2,2026-10-07,2026-Q2,2026-07-30,PROVIDER_FILING_DATE_PROXY,EXISTING_UNREVIEWED_COMMON_RULE,2.649,2026-07-30,4,4,,,
2026-10-08,KD,1204,PB_OWNERSHIP_BASIS_V2,2.330858943742489,OK,,2.330858943742489,OK,1070000000.0,2027-Q1,2026-10-07,2027-Q1,2026-08-05,PROVIDER_FILING_DATE_PROXY,EXISTING_UNREVIEWED_COMMON_RULE,2.83,2026-08-05,4,4,,,
2026-10-08,KDP,1205,PB_OWNERSHIP_BASIS_V2,1.6602600050492748,OK,,1.6602600050492748,OK,25032000000.0,2026-Q2,2026-10-07,2026-Q2,2026-08-10,PROVIDER_FILING_DATE_PROXY,EXISTING_UNREVIEWED_COMMON_RULE,1.593,2026-08-10,4,4,,,
2026-10-08,KE,1206,PB_OWNERSHIP_BASIS_V2,1.1907066052375423,OK,,1.1907066052375423,OK,585132000.0,2026-Q4,2026-10-07,2026-Q4,2026-08-19,PROVIDER_FILING_DATE_PROXY,EXISTING_UNREVIEWED_COMMON_RULE,0.972,2026-08-19,4,4,,,
2026-10-08,KELYA,1207,PB_OWNERSHIP_BASIS_V2,,MULTI_CLASS_UNVERIFIED,,,OWNERSHIP_REVIEW_STALE,982000000.0,2026-Q2,2026-10-07,2026-Q2,2026-08-06,ACCEPTED_PROVIDER_DATE_PENDING_RECONCILIATION,HELD,0.552,2026-08-06,4,4,HELD,,24aa467ceb2db7748d89720199dd9765eb0d5eae09ed746d83de80a864bfcde4
2026-10-08,KEX,1208,PB_OWNERSHIP_BASIS_V2,2.1067760146946526,OK,,2.1067760146946526,OK,3442515000.0,2026-Q2,2026-10-07,2026-Q2,2026-08-05,PROVIDER_FILING_DATE_PROXY,EXISTING_UNREVIEWED_COMMON_RULE,2.011,2026-08-05,4,4,,,
2026-10-08,KEYS,1209,PB_OWNERSHIP_BASIS_V2,9.882019924501783,OK,,9.882019924501783,OK,6571000000.0,2026-Q3,2026-10-07,2026-Q3,2026-09-02,PROVIDER_FILING_DATE_PROXY,EXISTING_UNREVIEWED_COMMON_RULE,8.332,2026-09-02,4,4,,,
2026-10-08,KFRC,1210,PB_OWNERSHIP_BASIS_V2,7.4951604010391,OK,,7.4951604010391,OK,123628000.0,2026-Q2,2026-10-07,2026-Q2,2026-07-29,PROVIDER_FILING_DATE_PROXY,EXISTING_UNREVIEWED_COMMON_RULE,8.556,2026-07-29,4,4,,,
2026-10-08,KFY,1211,PB_OWNERSHIP_BASIS_V2,,MISSING_EQUITY,,,MISSING_EQUITY,,2027-Q1,2026-10-07,2027-Q1,2026-09-09,PROVIDER_FILING_DATE_PROXY,HELD,,2026-09-09,0,4,,,
2026-10-08,KGS,1212,PB_OWNERSHIP_BASIS_V2,2.5560605442326585,OK,HISTORICAL_OHLC_INCOMPLETE,2.5560605442326585,OK,2161265000.0,2026-Q2,2026-10-07,2026-Q2,2026-08-07,PROVIDER_FILING_DATE_PROXY,EXISTING_UNREVIEWED_COMMON_RULE,2.802,2026-08-07,4,4,,,
2026-10-08,KHC,1213,PB_OWNERSHIP_BASIS_V2,0.7238906198414976,OK,,0.7238906198414976,OK,36006000000.0,2026-Q2,2026-10-07,2026-Q2,2026-08-05,PROVIDER_FILING_DATE_PROXY,EXISTING_UNREVIEWED_COMMON_RULE,0.847,2026-08-05,4,4,,,
2026-10-08,KIDS,1214,PB_OWNERSHIP_BASIS_V2,1.7081609663398103,OK,,1.7081609663398103,OK,343614000.0,2026-Q2,2026-10-07,2026-Q2,2026-08-05,PROVIDER_FILING_DATE_PROXY,EXISTING_UNREVIEWED_COMMON_RULE,1.695,2026-08-05,4,4,,,
2026-10-08,KIM,1215,PB_OWNERSHIP_BASIS_V2,,OWNERSHIP_BASIS_UNVERIFIED,,,OWNERSHIP_BASIS_UNVERIFIED,10265601000.0,2026-Q2,2026-10-07,2026-Q2,2026-08-04,PROVIDER_FILING_DATE_PROXY,HELD,1.634,2026-08-04,4,4,,,
2026-10-08,KITT,1216,PB_OWNERSHIP_BASIS_V2,,MISSING_EQUITY,LARGE_ENDPOINT_VS_AVERAGE_SHARE_DIFFERENCE,,MISSING_EQUITY,,2026-Q2,2026-10-07,2026-Q2,2026-08-12,PROVIDER_FILING_DATE_PROXY,HELD,,2026-08-12,0,4,,,
2026-10-08,KLAC,1217,PB_OWNERSHIP_BASIS_V2,40.499983572801845,OK,,40.499983572801845,OK,6349820000.0,2026-Q4,2026-10-07,2026-Q4,2026-08-06,PROVIDER_FILING_DATE_PROXY,EXISTING_UNREVIEWED_COMMON_RULE,39.757,2026-08-06,4,4,,,
2026-10-08,KLIC,1218,PB_OWNERSHIP_BASIS_V2,5.448337267606054,OK,,5.448337267606054,OK,911957000.0,2026-Q3,2026-10-07,2026-Q3,2026-08-06,PROVIDER_FILING_DATE_PROXY,EXISTING_UNREVIEWED_COMMON_RULE,5.202,2026-08-06,4,4,,,
2026-10-08,KLRS,1219,PB_OWNERSHIP_BASIS_V2,1.056678284052366,OK,,1.056678284052366,OK,57672000.0,2026-Q2,2026-10-07,2026-Q2,2026-08-11,PROVIDER_FILING_DATE_PROXY,EXISTING_UNREVIEWED_COMMON_RULE,1.639,2026-08-11,4,4,,,
2026-10-08,KLTR,1220,PB_OWNERSHIP_BASIS_V2,119.91319925342096,OK,,119.91319925342096,OK,1692000.0,2026-Q2,2026-10-07,2026-Q2,2026-08-05,PROVIDER_FILING_DATE_PROXY,EXISTING_UNREVIEWED_COMMON_RULE,170.403,2026-08-05,4,4,,,
2026-10-08,KLXE,1221,PB_OWNERSHIP_BASIS_V2,,NEGATIVE_EQUITY,,,NEGATIVE_EQUITY,-102400000.0,2026-Q2,2026-10-07,2026-Q2,2026-08-11,PROVIDER_FILING_DATE_PROXY,HELD,,2026-08-11,0,4,,,
2026-10-08,KMB,1222,PB_OWNERSHIP_BASIS_V2,18.335558115820426,OK,,18.335558115820426,OK,1750000000.0,2026-Q2,2026-10-07,2026-Q2,2026-08-04,PROVIDER_FILING_DATE_PROXY,EXISTING_UNREVIEWED_COMMON_RULE,21.203,2026-08-04,4,4,,,
2026-10-08,KMI,1223,PB_OWNERSHIP_BASIS_V2,,OWNERSHIP_BASIS_UNVERIFIED,,,OWNERSHIP_BASIS_UNVERIFIED,31631000000.0,2026-Q2,2026-10-07,2026-Q2,2026-07-24,PROVIDER_FILING_DATE_PROXY,HELD,2.313,2026-07-24,4,4,,,
2026-10-08,KMT,1224,PB_OWNERSHIP_BASIS_V2,1.5667721600555848,OK,,1.5667721600555848,OK,1569844000.0,2026-Q4,2026-10-07,2026-Q4,2026-08-12,PROVIDER_FILING_DATE_PROXY,EXISTING_UNREVIEWED_COMMON_RULE,1.494,2026-08-12,4,4,,,
2026-10-08,KMX,1225,PB_OWNERSHIP_BASIS_V2,,MISSING_EQUITY,,,MISSING_EQUITY,,2027-Q2,2026-10-07,2027-Q2,2026-09-30,PROVIDER_FILING_DATE_PROXY,HELD,,2026-09-30,0,4,,,
2026-10-08,KN,1226,PB_OWNERSHIP_BASIS_V2,4.087455794789236,OK,,4.087455794789236,OK,795500000.0,2026-Q2,2026-10-07,2026-Q2,2026-07-28,PROVIDER_FILING_DATE_PROXY,EXISTING_UNREVIEWED_COMMON_RULE,3.856,2026-07-28,4,4,,,
2026-10-08,KNF,1227,PB_OWNERSHIP_BASIS_V2,1.7864404608344189,OK,,1.7864404608344189,OK,1605888000.0,2026-Q2,2026-10-07,2026-Q2,2026-08-04,PROVIDER_FILING_DATE_PROXY,EXISTING_UNREVIEWED_COMMON_RULE,2.457,2026-08-04,4,4,,,
2026-10-08,KNSA,1228,PB_OWNERSHIP_BASIS_V2,9.298725492276045,OK,,9.298725492276045,OK,654149000.0,2026-Q2,2026-10-07,2026-Q2,2026-07-28,PROVIDER_FILING_DATE_PROXY,EXISTING_UNREVIEWED_COMMON_RULE,9.475,2026-07-28,4,4,,,
2026-10-08,KNTK,1229,PB_OWNERSHIP_BASIS_V2,,NEGATIVE_EQUITY,LARGE_ENDPOINT_VS_AVERAGE_SHARE_DIFFERENCE,,NEGATIVE_EQUITY,-1185142000.0,2026-Q2,2026-10-07,2026-Q2,2026-08-06,PROVIDER_FILING_DATE_PROXY,HELD,,2026-08-06,0,4,,,
2026-10-08,KNX,1230,PB_OWNERSHIP_BASIS_V2,1.483187456808785,OK,,1.483187456808785,OK,6981273000.0,2026-Q2,2026-10-07,2026-Q2,2026-07-29,PROVIDER_FILING_DATE_PROXY,EXISTING_UNREVIEWED_COMMON_RULE,1.656,2026-07-29,4,4,,,
2026-10-08,KO,1231,PB_OWNERSHIP_BASIS_V2,,MISSING_EQUITY,,,MISSING_EQUITY,,2026-Q2,2026-10-07,2026-Q2,2026-07-29,PROVIDER_FILING_DATE_PROXY,HELD,,2026-07-29,0,4,,,
2026-10-08,KOD,1232,PB_OWNERSHIP_BASIS_V2,93.69400056698954,OK,,93.69400056698954,OK,61096000.0,2026-Q2,2026-10-07,2026-Q2,2026-08-13,PROVIDER_FILING_DATE_PROXY,EXISTING_UNREVIEWED_COMMON_RULE,41.127,2026-08-13,4,4,,,
2026-10-08,KODK,1233,PB_OWNERSHIP_BASIS_V2,1.538428565434047,OK,,1.538428565434047,OK,623000000.0,2026-Q2,2026-10-07,2026-Q2,2026-08-04,PROVIDER_FILING_DATE_PROXY,EXISTING_UNREVIEWED_COMMON_RULE,1.403,2026-08-04,4,4,,,
2026-10-08,KOP,1234,PB_OWNERSHIP_BASIS_V2,2.1442884342111985,OK,,2.1442884342111985,OK,387000000.0,2026-Q2,2026-10-07,2026-Q2,2026-08-06,PROVIDER_FILING_DATE_PROXY,EXISTING_UNREVIEWED_COMMON_RULE,2.557,2026-08-06,4,4,,,
2026-10-08,KOPN,1235,PB_OWNERSHIP_BASIS_V2,12.273124070927704,OK,,12.273124070927704,OK,69211219.0,2026-Q2,2026-10-07,2026-Q2,2026-08-11,PROVIDER_FILING_DATE_PROXY,EXISTING_UNREVIEWED_COMMON_RULE,13.965,2026-08-11,4,4,,,
2026-10-08,KOS,1236,PB_OWNERSHIP_BASIS_V2,2.1879976294109422,OK,,2.1879976294109422,OK,704897000.0,2026-Q2,2026-10-07,2026-Q2,2026-08-03,PROVIDER_FILING_DATE_PROXY,EXISTING_UNREVIEWED_COMMON_RULE,2.137,2026-08-03,4,4,,,
2026-10-08,KOSS,1237,PB_OWNERSHIP_BASIS_V2,1.1707631907778115,OK,,1.1707631907778115,OK,30159655.0,2026-Q4,2026-10-07,2026-Q4,2026-08-28,PROVIDER_FILING_DATE_PROXY,EXISTING_UNREVIEWED_COMMON_RULE,1.099,2026-08-28,4,4,,,
2026-10-08,KPTI,1238,PB_OWNERSHIP_BASIS_V2,,NEGATIVE_EQUITY,,,NEGATIVE_EQUITY,-330168000.0,2026-Q2,2026-10-07,2026-Q2,2026-08-13,PROVIDER_FILING_DATE_PROXY,HELD,,2026-08-13,0,4,,,
2026-10-08,KR,1239,PB_OWNERSHIP_BASIS_V2,,MISSING_EQUITY,,,MISSING_EQUITY,,2027-Q2,2026-10-07,2027-Q2,2026-09-18,PROVIDER_FILING_DATE_PROXY,HELD,,2026-09-18,0,4,,,
2026-10-08,KRC,1240,PB_OWNERSHIP_BASIS_V2,,OWNERSHIP_BASIS_UNVERIFIED,,,OWNERSHIP_BASIS_UNVERIFIED,5226211000.0,2026-Q2,2026-10-07,2026-Q2,2026-07-28,PROVIDER_FILING_DATE_PROXY,HELD,0.86,2026-07-28,4,4,,,
2026-10-08,KRG,1241,PB_OWNERSHIP_BASIS_V2,,OWNERSHIP_BASIS_UNVERIFIED,HISTORICAL_OHLC_INCOMPLETE,,OWNERSHIP_BASIS_UNVERIFIED,2869196000.0,2026-Q2,2026-10-07,2026-Q2,2026-07-30,PROVIDER_FILING_DATE_PROXY,HELD,2.021,2026-07-30,4,4,,,
2026-10-08,KRMD,1242,PB_OWNERSHIP_BASIS_V2,7.622199776376641,OK,,7.622199776376641,OK,18051517.0,2026-Q2,2026-10-07,2026-Q2,2026-08-05,PROVIDER_FILING_DATE_PROXY,EXISTING_UNREVIEWED_COMMON_RULE,10.564,2026-08-05,4,4,,,
2026-10-08,KRO,1243,PB_OWNERSHIP_BASIS_V2,1.1923551246716644,OK,,1.1923551246716644,OK,751000000.0,2026-Q2,2026-10-07,2026-Q2,2026-08-05,PROVIDER_FILING_DATE_PROXY,EXISTING_UNREVIEWED_COMMON_RULE,0.952,2026-08-05,4,4,,,
2026-10-08,KROS,1244,PB_OWNERSHIP_BASIS_V2,0.8472963488729308,OK,,0.8472963488729308,OK,262320000.0,2026-Q2,2026-10-07,2026-Q2,2026-08-03,PROVIDER_FILING_DATE_PROXY,EXISTING_UNREVIEWED_COMMON_RULE,0.764,2026-08-03,4,4,,,
2026-10-08,KRP,1245,PB_OWNERSHIP_BASIS_V2,2.9719103927078176,OK,,2.9719103927078176,OK,575851000.0,2026-Q2,2026-10-07,2026-Q2,2026-08-07,PROVIDER_FILING_DATE_PROXY,EXISTING_UNREVIEWED_COMMON_RULE,2.984,2026-08-07,4,4,,,
2026-10-08,KRRO,1246,PB_OWNERSHIP_BASIS_V2,1.496444918620959,OK,,1.496444918620959,OK,103226000.0,2026-Q2,2026-10-07,2026-Q2,2026-08-06,PROVIDER_FILING_DATE_PROXY,EXISTING_UNREVIEWED_COMMON_RULE,1.729,2026-08-06,4,4,,,
2026-10-08,KRUS,1247,PB_OWNERSHIP_BASIS_V2,2.1026396709043658,OK,,2.1026396709043658,OK,230846000.0,2026-Q3,2026-10-07,2026-Q3,2026-07-07,PROVIDER_FILING_DATE_PROXY,EXISTING_UNREVIEWED_COMMON_RULE,2.784,2026-07-07,4,4,,,
2026-10-08,KRYS,1248,PB_OWNERSHIP_BASIS_V2,7.068435463164085,OK,,7.068435463164085,OK,1359126000.0,2026-Q2,2026-10-07,2026-Q2,2026-08-03,PROVIDER_FILING_DATE_PROXY,EXISTING_UNREVIEWED_COMMON_RULE,6.807,2026-08-03,4,4,,,
2026-10-08,KSCP,1249,PB_OWNERSHIP_BASIS_V2,0.5402813773407266,OK,LARGE_ENDPOINT_VS_AVERAGE_SHARE_DIFFERENCE,0.5402813773407266,OK,29595000.0,2026-Q2,2026-10-07,2026-Q2,2026-08-12,PROVIDER_FILING_DATE_PROXY,EXISTING_UNREVIEWED_COMMON_RULE,1.181,2026-08-12,4,4,,,
2026-10-08,KSS,1250,PB_OWNERSHIP_BASIS_V2,0.5472970653909067,OK,,0.5472970653909067,OK,4168000000.0,2027-Q2,2026-10-07,2027-Q2,2026-09-03,PROVIDER_FILING_DATE_PROXY,EXISTING_UNREVIEWED_COMMON_RULE,0.526,2026-09-03,4,4,,,
2026-10-08,KTB,1251,PB_OWNERSHIP_BASIS_V2,5.7433024974779485,OK,,5.7433024974779485,OK,618544000.0,2026-Q2,2026-10-07,2026-Q2,2026-08-12,PROVIDER_FILING_DATE_PROXY,EXISTING_UNREVIEWED_COMMON_RULE,7.21,2026-08-12,4,4,,,
2026-10-08,KTOS,1252,PB_OWNERSHIP_BASIS_V2,2.2974880928516366,OK,,2.2974880928516366,OK,3426800000.0,2026-Q2,2026-10-07,2026-Q2,2026-08-04,PROVIDER_FILING_DATE_PROXY,EXISTING_UNREVIEWED_COMMON_RULE,2.841,2026-08-04,4,4,,,
2026-10-08,KURA,1253,PB_OWNERSHIP_BASIS_V2,19.599219745971723,OK,,19.599219745971723,OK,48431000.0,2026-Q2,2026-10-07,2026-Q2,2026-08-12,PROVIDER_FILING_DATE_PROXY,EXISTING_UNREVIEWED_COMMON_RULE,18.258,2026-08-12,4,4,,,
2026-10-08,KVUE,1254,PB_OWNERSHIP_BASIS_V2,3.190671865384296,OK,,3.190671865384296,OK,10553000000.0,2026-Q2,2026-10-07,2026-Q2,2026-08-06,PROVIDER_FILING_DATE_PROXY,EXISTING_UNREVIEWED_COMMON_RULE,3.491,2026-08-06,4,4,,,
2026-10-08,KVYO,1255,PB_OWNERSHIP_BASIS_V2,5.12614437151926,OK,,5.12614437151926,OK,967024000.0,2026-Q2,2026-10-07,2026-Q2,2026-08-05,PROVIDER_FILING_DATE_PROXY,EXISTING_UNREVIEWED_COMMON_RULE,5.683,2026-08-05,4,4,,,
2026-10-08,KWR,1256,PB_OWNERSHIP_BASIS_V2,1.9658269916083602,OK,,1.9658269916083602,OK,1377175000.0,2026-Q2,2026-10-07,2026-Q2,2026-07-30,PROVIDER_FILING_DATE_PROXY,EXISTING_UNREVIEWED_COMMON_RULE,1.936,2026-07-30,4,4,,,
2026-10-08,KYMR,1257,PB_OWNERSHIP_BASIS_V2,5.969410976946406,OK,,5.969410976946406,OK,1509256000.0,2026-Q2,2026-10-07,2026-Q2,2026-08-05,PROVIDER_FILING_DATE_PROXY,EXISTING_UNREVIEWED_COMMON_RULE,5.811,2026-08-05,4,4,,,
2026-10-08,KYTX,1258,PB_OWNERSHIP_BASIS_V2,2.304900991236917,OK,,2.304900991236917,OK,165549000.0,2026-Q2,2026-10-07,2026-Q2,2026-08-11,PROVIDER_FILING_DATE_PROXY,EXISTING_UNREVIEWED_COMMON_RULE,2.996,2026-08-11,4,4,,,
2026-10-08,LAB,1259,PB_OWNERSHIP_BASIS_V2,0.49438505447133724,OK,,0.49438505447133724,OK,539971000.0,2026-Q2,2026-10-07,2026-Q2,2026-08-05,PROVIDER_FILING_DATE_PROXY,EXISTING_UNREVIEWED_COMMON_RULE,0.57,2026-08-05,4,4,,,
2026-10-08,LAC,1260,PB_OWNERSHIP_BASIS_V2,0.9889707522629095,OK,,,OWNERSHIP_REVIEW_STALE,884691000.0,2026-Q2,2026-10-07,2026-Q2,2026-08-12,OFFICIAL_COVER,OPERATOR_CONFIRMED_QUARTER,1.408,2026-08-13,4,4,IDENTITY_OVERRIDE,,390e7b7ad36a1e8eac284252d71ca80aa83f3c2a2ba63d411f99ffd44e9f312f
2026-10-08,LAD,1261,PB_OWNERSHIP_BASIS_V2,0.9867524620953385,OK,,0.9867524620953385,OK,6402100000.0,2026-Q2,2026-10-07,2026-Q2,2026-07-29,PROVIDER_FILING_DATE_PROXY,EXISTING_UNREVIEWED_COMMON_RULE,1.468,2026-07-29,4,4,,,
2026-10-08,LADR,1262,PB_OWNERSHIP_BASIS_V2,0.7695374449752678,OK,,0.7695374449752678,OK,1429329000.0,2026-Q2,2026-10-07,2026-Q2,2026-07-27,PROVIDER_FILING_DATE_PROXY,EXISTING_UNREVIEWED_COMMON_RULE,0.864,2026-07-27,4,4,,,
2026-10-08,LAKE,1263,PB_OWNERSHIP_BASIS_V2,,MISSING_EQUITY,,,MISSING_EQUITY,,2027-Q2,2026-10-07,2027-Q2,2026-09-09,PROVIDER_FILING_DATE_PROXY,HELD,,2026-09-09,0,4,,,
2026-10-08,LAMR,1264,PB_OWNERSHIP_BASIS_V2,14.810914940443732,OK,,14.810914940443732,OK,982112000.0,2026-Q2,2026-10-07,2026-Q2,2026-08-06,PROVIDER_FILING_DATE_PROXY,EXISTING_UNREVIEWED_COMMON_RULE,16.544,2026-08-06,4,4,,,
2026-10-08,LAND,1265,PB_OWNERSHIP_BASIS_V2,,OWNERSHIP_BASIS_UNVERIFIED,,,OWNERSHIP_BASIS_UNVERIFIED,673111000.0,2026-Q2,2026-10-07,2026-Q2,2026-08-11,PROVIDER_FILING_DATE_PROXY,HELD,0.526,2026-08-11,4,4,,,
2026-10-08,LASE,1266,PB_OWNERSHIP_BASIS_V2,,NEGATIVE_EQUITY,LARGE_ENDPOINT_VS_AVERAGE_SHARE_DIFFERENCE,,NEGATIVE_EQUITY,-911553.0,2026-Q2,2026-10-07,2026-Q2,2026-08-14,PROVIDER_FILING_DATE_PROXY,HELD,,2026-08-14,1,4,,,
2026-10-08,LASR,1267,PB_OWNERSHIP_BASIS_V2,5.229982787068463,OK,,5.229982787068463,OK,439903000.0,2026-Q2,2026-10-07,2026-Q2,2026-08-07,PROVIDER_FILING_DATE_PROXY,EXISTING_UNREVIEWED_COMMON_RULE,7.364,2026-08-07,4,4,,,
2026-10-08,LAUR,1268,PB_OWNERSHIP_BASIS_V2,4.653670296859385,OK,,4.653670296859385,OK,1141382000.0,2026-Q2,2026-10-07,2026-Q2,2026-07-30,PROVIDER_FILING_DATE_PROXY,EXISTING_UNREVIEWED_COMMON_RULE,4.636,2026-07-30,4,4,,,
2026-10-08,LAW,1269,PB_OWNERSHIP_BASIS_V2,2.323213424566304,OK,,2.323213424566304,OK,120159000.0,2026-Q2,2026-10-07,2026-Q2,2026-08-05,PROVIDER_FILING_DATE_PROXY,EXISTING_UNREVIEWED_COMMON_RULE,2.188,2026-08-05,4,4,,,
2026-10-08,LBRDA,1270,PB_OWNERSHIP_BASIS_V2,,STALE_PRICE,,,STALE_PRICE,3748000000.0,2026-Q2,2026-08-21,2026-Q2,2026-07-29,PROVIDER_FILING_DATE_PROXY,HELD,1.304,2026-07-29,4,4,,,
2026-10-08,LBRT,1271,PB_OWNERSHIP_BASIS_V2,1.6130051725720056,OK,,1.6130051725720056,OK,1963754000.0,2026-Q2,2026-10-07,2026-Q2,2026-07-23,PROVIDER_FILING_DATE_PROXY,EXISTING_UNREVIEWED_COMMON_RULE,1.63,2026-07-23,4,4,,,
2026-10-08,"LBTYA,LBTYK",1272,PB_OWNERSHIP_BASIS_V2,,MISSING_PRICE,HISTORICAL_PRICE_CORROBORATION_UNAVAILABLE,,MISSING_PRICE,9224600000.0,2026-Q2,,2026-Q2,2026-07-24,PROVIDER_FILING_DATE_PROXY,HELD,0.358,2026-07-24,4,4,,,
2026-10-08,LCID,1273,PB_OWNERSHIP_BASIS_V2,,NEGATIVE_EQUITY,,,NEGATIVE_EQUITY,-1057963000.0,2026-Q2,2026-10-07,2026-Q2,2026-08-04,PROVIDER_FILING_DATE_PROXY,HELD,,2026-08-04,2,4,,,
2026-10-08,LCII,1274,PB_OWNERSHIP_BASIS_V2,1.3604576823455097,OK,,1.3604576823455097,OK,1431752000.0,2026-Q2,2026-10-07,2026-Q2,2026-08-05,PROVIDER_FILING_DATE_PROXY,EXISTING_UNREVIEWED_COMMON_RULE,1.82,2026-08-05,4,4,,,
2026-10-08,LDOS,1275,PB_OWNERSHIP_BASIS_V2,2.696752595556743,OK,,2.696752595556743,OK,5284000000.0,2026-Q2,2026-10-07,2026-Q2,2026-08-04,PROVIDER_FILING_DATE_PROXY,EXISTING_UNREVIEWED_COMMON_RULE,3.102,2026-08-04,4,4,,,
2026-10-08,LE,1276,PB_OWNERSHIP_BASIS_V2,0.637195123259805,OK,,0.637195123259805,OK,492870000.0,2027-Q2,2026-10-07,2027-Q2,2026-09-03,PROVIDER_FILING_DATE_PROXY,EXISTING_UNREVIEWED_COMMON_RULE,0.649,2026-09-03,4,4,,,
2026-10-08,LEA,1277,PB_OWNERSHIP_BASIS_V2,1.1389814854837164,OK,,1.1389814854837164,OK,5180700000.0,2026-Q2,2026-10-07,2026-Q2,2026-07-31,PROVIDER_FILING_DATE_PROXY,EXISTING_UNREVIEWED_COMMON_RULE,1.244,2026-07-31,4,4,,,
2026-10-08,LECO,1278,PB_OWNERSHIP_BASIS_V2,,OWNERSHIP_BASIS_UNVERIFIED,,,OWNERSHIP_BASIS_UNVERIFIED,1554180000.0,2026-Q2,2026-10-07,2026-Q2,2026-07-30,PROVIDER_FILING_DATE_PROXY,HELD,8.775,2026-07-30,4,4,,,
2026-10-08,LEG,1279,PB_OWNERSHIP_BASIS_V2,,STALE_PRICE,,,STALE_PRICE,1081700000.0,2026-Q2,2026-08-27,2026-Q2,2026-08-06,PROVIDER_FILING_DATE_PROXY,HELD,1.212,2026-08-06,4,4,,,
2026-10-08,LEN,1280,PB_OWNERSHIP_BASIS_V2,,MISSING_EQUITY,,,MISSING_EQUITY,,2026-Q3,2026-10-07,2026-Q3,2026-10-02,PROVIDER_FILING_DATE_PROXY,HELD,,2026-10-02,0,4,,,
2026-10-08,LENZ,1281,PB_OWNERSHIP_BASIS_V2,0.5187476081775552,OK,,0.5187476081775552,OK,219262000.0,2026-Q2,2026-10-07,2026-Q2,2026-08-11,PROVIDER_FILING_DATE_PROXY,EXISTING_UNREVIEWED_COMMON_RULE,0.747,2026-08-11,4,4,,,
2026-10-08,LESL,1282,PB_OWNERSHIP_BASIS_V2,,NEGATIVE_EQUITY,,,NEGATIVE_EQUITY,-492738000.0,2026-Q3,2026-10-07,2026-Q3,2026-08-12,PROVIDER_FILING_DATE_PROXY,HELD,,2026-08-12,0,4,,,
2026-10-08,LEVI,1283,PB_OWNERSHIP_BASIS_V2,3.3041870061192147,OK,,3.3041870061192147,OK,2272400000.0,2026-Q2,2026-10-07,2026-Q2,2026-07-08,PROVIDER_FILING_DATE_PROXY,EXISTING_UNREVIEWED_COMMON_RULE,4.127,2026-07-08,4,4,,,
2026-10-08,LEXX,1284,PB_OWNERSHIP_BASIS_V2,,OWNERSHIP_BASIS_UNVERIFIED,HISTORICAL_PRICE_MISMATCH,,OWNERSHIP_REVIEW_STALE,4738210.0,2026-Q3,2026-10-07,2026-Q3,2026-07-13,ACCEPTED_PROVIDER_DATE_PENDING_RECONCILIATION,HELD,3.112,2026-07-13,4,4,HELD,,0dcd845ec97ebba7c19d4c7105e552f301040a3f88d3df01d3fdc363ad98e84f
2026-10-08,LFCR,1285,PB_OWNERSHIP_BASIS_V2,,NEGATIVE_EQUITY,,,NEGATIVE_EQUITY,-34094000.0,2027-Q4,2026-10-07,2027-Q4,2026-08-05,PROVIDER_FILING_DATE_PROXY,HELD,,2026-08-05,0,4,,,
2026-10-08,LFMD,1286,PB_OWNERSHIP_BASIS_V2,,OWNERSHIP_BASIS_UNVERIFIED,,,OWNERSHIP_BASIS_UNVERIFIED,7966455.0,2026-Q2,2026-10-07,2026-Q2,2026-08-05,PROVIDER_FILING_DATE_PROXY,HELD,22.266,2026-08-05,4,4,,,
2026-10-08,LFST,1287,PB_OWNERSHIP_BASIS_V2,3.1321799127925,OK,,3.1321799127925,OK,1477148000.0,2026-Q2,2026-10-07,2026-Q2,2026-08-06,PROVIDER_FILING_DATE_PROXY,EXISTING_UNREVIEWED_COMMON_RULE,2.757,2026-08-06,4,4,,,
2026-10-08,LFUS,1288,PB_OWNERSHIP_BASIS_V2,4.217086658345438,OK,,4.217086658345438,OK,2618360000.0,2026-Q2,2026-10-07,2026-Q2,2026-07-29,PROVIDER_FILING_DATE_PROXY,EXISTING_UNREVIEWED_COMMON_RULE,3.982,2026-07-29,4,4,,,
2026-10-08,LFVN,1289,PB_OWNERSHIP_BASIS_V2,2.237759028253297,OK,,2.237759028253297,OK,33589000.0,2026-Q4,2026-10-07,2026-Q4,2026-08-27,PROVIDER_FILING_DATE_PROXY,EXISTING_UNREVIEWED_COMMON_RULE,2.406,2026-08-27,4,4,,,
2026-10-08,LGIH,1290,PB_OWNERSHIP_BASIS_V2,0.48629756890451115,OK,,0.48629756890451115,OK,2132656000.0,2026-Q2,2026-10-07,2026-Q2,2026-08-04,PROVIDER_FILING_DATE_PROXY,EXISTING_UNREVIEWED_COMMON_RULE,0.67,2026-08-04,4,4,,,
2026-10-08,LGND,1291,PB_OWNERSHIP_BASIS_V2,6.042604866507305,OK,,6.042604866507305,OK,967516000.0,2026-Q2,2026-10-07,2026-Q2,2026-08-07,PROVIDER_FILING_DATE_PROXY,EXISTING_UNREVIEWED_COMMON_RULE,6.04,2026-08-07,4,4,,,
2026-10-08,LH,1292,PB_OWNERSHIP_BASIS_V2,2.9396253077797816,OK,,2.9396253077797816,OK,8606800000.0,2026-Q2,2026-10-07,2026-Q2,2026-08-05,PROVIDER_FILING_DATE_PROXY,EXISTING_UNREVIEWED_COMMON_RULE,2.958,2026-08-05,4,4,,,
2026-10-08,LHX,1293,PB_OWNERSHIP_BASIS_V2,2.188176322569714,OK,,2.188176322569714,OK,19882000000.0,2026-Q2,2026-10-07,2026-Q2,2026-07-30,PROVIDER_FILING_DATE_PROXY,EXISTING_UNREVIEWED_COMMON_RULE,2.547,2026-07-30,4,4,,,
2026-10-08,LIDR,1294,PB_OWNERSHIP_BASIS_V2,,OWNERSHIP_BASIS_UNVERIFIED,,,OWNERSHIP_BASIS_UNVERIFIED,68314000.0,2026-Q2,2026-10-07,2026-Q2,2026-08-06,PROVIDER_FILING_DATE_PROXY,HELD,0.83,2026-08-06,4,4,,,
2026-10-08,LII,1295,PB_OWNERSHIP_BASIS_V2,9.549477711316726,OK,,9.549477711316726,OK,1297200000.0,2026-Q2,2026-10-07,2026-Q2,2026-07-29,PROVIDER_FILING_DATE_PROXY,EXISTING_UNREVIEWED_COMMON_RULE,11.457,2026-07-29,4,4,,,
2026-10-08,"LILA,LILAK",1296,PB_OWNERSHIP_BASIS_V2,,MISSING_PRICE,HISTORICAL_PRICE_CORROBORATION_UNAVAILABLE,,MISSING_PRICE,528100000.0,2026-Q2,,2026-Q2,2026-08-05,PROVIDER_FILING_DATE_PROXY,HELD,3.109,2026-08-05,4,4,,,
2026-10-08,LIN,1297,PB_OWNERSHIP_BASIS_V2,5.708789036954514,OK,,5.708789036954514,OK,39081000000.0,2026-Q2,2026-10-07,2026-Q2,2026-07-31,PROVIDER_FILING_DATE_PROXY,EXISTING_UNREVIEWED_COMMON_RULE,5.643,2026-07-31,4,4,,,
2026-10-08,LINC,1298,PB_OWNERSHIP_BASIS_V2,3.5641582556340987,OK,,3.5641582556340987,OK,202389000.0,2026-Q2,2026-10-07,2026-Q2,2026-08-10,PROVIDER_FILING_DATE_PROXY,EXISTING_UNREVIEWED_COMMON_RULE,4.823,2026-08-10,4,4,,,
2026-10-08,LIND,1299,PB_OWNERSHIP_BASIS_V2,,NEGATIVE_EQUITY,,,NEGATIVE_EQUITY,-195838000.0,2026-Q2,2026-10-07,2026-Q2,2026-08-03,PROVIDER_FILING_DATE_PROXY,HELD,,2026-08-03,0,4,,,
2026-10-08,LION,1300,PB_OWNERSHIP_BASIS_V2,,NEGATIVE_EQUITY,,,NEGATIVE_EQUITY,-1200200000.0,2027-Q1,2026-10-07,2027-Q1,2026-08-06,PROVIDER_FILING_DATE_PROXY,HELD,,2026-08-06,0,4,,,
2026-10-08,LITE,1301,PB_OWNERSHIP_BASIS_V2,21.461050880107003,OK,,21.461050880107003,OK,4643900000.0,2026-Q4,2026-10-07,2026-Q4,2026-08-17,PROVIDER_FILING_DATE_PROXY,EXISTING_UNREVIEWED_COMMON_RULE,18.715,2026-08-17,4,4,,,
2026-10-08,LITS,1302,PB_OWNERSHIP_BASIS_V2,,MISSING_EQUITY,,,MISSING_EQUITY,,2026-Q4,2026-10-07,2026-Q4,2026-09-28,PROVIDER_FILING_DATE_PROXY,HELD,,2026-09-28,0,4,,,
2026-10-08,LIVN,1303,PB_OWNERSHIP_BASIS_V2,3.156402748406202,OK,,3.156402748406202,OK,1325322000.0,2026-Q2,2026-10-07,2026-Q2,2026-08-05,PROVIDER_FILING_DATE_PROXY,EXISTING_UNREVIEWED_COMMON_RULE,3.248,2026-08-05,4,4,,,
2026-10-08,NMAD,1304,PB_OWNERSHIP_BASIS_V2,,OWNERSHIP_BASIS_UNVERIFIED,,,OWNERSHIP_BASIS_UNVERIFIED,23911360.0,2026-Q2,2026-10-07,2026-Q2,2026-08-14,PROVIDER_FILING_DATE_PROXY,HELD,2.727,2026-08-14,4,4,,,
2026-10-08,LKQ,1305,PB_OWNERSHIP_BASIS_V2,0.8645317400810836,OK,,0.8645317400810836,OK,6447000000.0,2026-Q2,2026-10-07,2026-Q2,2026-07-30,PROVIDER_FILING_DATE_PROXY,EXISTING_UNREVIEWED_COMMON_RULE,0.887,2026-07-30,4,4,,,
2026-10-08,LLY,1306,PB_OWNERSHIP_BASIS_V2,33.029603669765336,OK,,33.029603669765336,OK,33879000000.0,2026-Q2,2026-10-07,2026-Q2,2026-08-05,PROVIDER_FILING_DATE_PROXY,EXISTING_UNREVIEWED_COMMON_RULE,32.506,2026-08-05,4,4,,,
2026-10-08,"LLYVA,LLYVK",1307,PB_OWNERSHIP_BASIS_V2,,NEGATIVE_EQUITY,HISTORICAL_PRICE_CORROBORATION_UNAVAILABLE,,NEGATIVE_EQUITY,-625657000.0,2026-Q2,,2026-Q2,2026-08-06,PROVIDER_FILING_DATE_PROXY,HELD,,2026-08-06,0,4,,,
2026-10-08,LMAT,1308,PB_OWNERSHIP_BASIS_V2,4.314964283456931,OK,,4.314964283456931,OK,420342000.0,2026-Q2,2026-10-07,2026-Q2,2026-08-05,PROVIDER_FILING_DATE_PROXY,EXISTING_UNREVIEWED_COMMON_RULE,4.298,2026-08-05,4,4,,,
2026-10-08,LMB,1309,PB_OWNERSHIP_BASIS_V2,2.9919906066851567,OK,,2.9919906066851567,OK,203148000.0,2026-Q2,2026-10-07,2026-Q2,2026-08-04,PROVIDER_FILING_DATE_PROXY,EXISTING_UNREVIEWED_COMMON_RULE,4.526,2026-08-04,4,4,,,
2026-10-08,LMT,1310,PB_OWNERSHIP_BASIS_V2,13.14043795556421,OK,,13.14043795556421,OK,8768000000.0,2026-Q2,2026-10-07,2026-Q2,2026-07-23,PROVIDER_FILING_DATE_PROXY,EXISTING_UNREVIEWED_COMMON_RULE,14.966,2026-07-23,4,4,,,
2026-10-08,LNAI,1311,PB_OWNERSHIP_BASIS_V2,,NEGATIVE_EQUITY,LARGE_ENDPOINT_VS_AVERAGE_SHARE_DIFFERENCE,,NEGATIVE_EQUITY,-9553428.0,2026-Q3,2026-10-07,2026-Q3,2026-05-15,PROVIDER_FILING_DATE_PROXY,HELD,,2026-05-15,0,4,,,
2026-10-08,LNG,1312,PB_OWNERSHIP_BASIS_V2,9.080697840214654,OK,,9.080697840214654,OK,6191000000.0,2026-Q2,2026-10-07,2026-Q2,2026-08-06,PROVIDER_FILING_DATE_PROXY,EXISTING_UNREVIEWED_COMMON_RULE,8.866,2026-08-06,4,4,,,
2026-10-08,LNSR,1313,PB_OWNERSHIP_BASIS_V2,5.366050584502606,OK,,5.366050584502606,OK,14905000.0,2026-Q2,2026-10-07,2026-Q2,2026-08-13,PROVIDER_FILING_DATE_PROXY,EXISTING_UNREVIEWED_COMMON_RULE,6.817,2026-08-13,2,4,,,
2026-10-08,LNT,1314,PB_OWNERSHIP_BASIS_V2,2.245710583664201,OK,,2.245710583664201,OK,7529000000.0,2026-Q2,2026-10-07,2026-Q2,2026-07-31,PROVIDER_FILING_DATE_PROXY,EXISTING_UNREVIEWED_COMMON_RULE,2.438,2026-07-31,4,4,,,
2026-10-08,LNTH,1315,PB_OWNERSHIP_BASIS_V2,4.984826659952787,OK,,4.984826659952787,OK,1311778000.0,2026-Q2,2026-10-07,2026-Q2,2026-08-06,PROVIDER_FILING_DATE_PROXY,EXISTING_UNREVIEWED_COMMON_RULE,5.029,2026-08-06,4,4,,,
2026-10-08,LOCO,1316,PB_OWNERSHIP_BASIS_V2,1.4043327617792327,OK,,1.4043327617792327,OK,317043000.0,2026-Q2,2026-10-07,2026-Q2,2026-08-07,PROVIDER_FILING_DATE_PROXY,EXISTING_UNREVIEWED_COMMON_RULE,1.455,2026-08-07,4,4,,,
2026-10-08,LOGI,1317,PB_OWNERSHIP_BASIS_V2,6.221330887259295,OK,,6.221330887259295,OK,2351745000.0,2027-Q1,2026-10-07,2027-Q1,2026-07-29,PROVIDER_FILING_DATE_PROXY,EXISTING_UNREVIEWED_COMMON_RULE,6.271,2026-07-29,4,4,,,
2026-10-08,LOPE,1318,PB_OWNERSHIP_BASIS_V2,6.060866648923267,OK,,6.060866648923267,OK,669509000.0,2026-Q2,2026-10-07,2026-Q2,2026-07-30,PROVIDER_FILING_DATE_PROXY,EXISTING_UNREVIEWED_COMMON_RULE,5.845,2026-07-30,4,4,,,
2026-10-08,LOVE,1319,PB_OWNERSHIP_BASIS_V2,,MISSING_EQUITY,,,MISSING_EQUITY,,2027-Q2,2026-10-07,2027-Q2,2026-09-10,PROVIDER_FILING_DATE_PROXY,HELD,,2026-09-10,0,4,,,
2026-10-08,LOW,1320,PB_OWNERSHIP_BASIS_V2,,NEGATIVE_EQUITY,,,NEGATIVE_EQUITY,-7437000000.0,2027-Q2,2026-10-07,2027-Q2,2026-08-27,PROVIDER_FILING_DATE_PROXY,HELD,,2026-08-27,0,4,,,
2026-10-08,LPG,1321,PB_OWNERSHIP_BASIS_V2,1.9448255970917017,OK,,1.9448255970917017,OK,1236519338.0,2027-Q1,2026-10-07,2027-Q1,2026-08-05,PROVIDER_FILING_DATE_PROXY,EXISTING_UNREVIEWED_COMMON_RULE,1.489,2026-08-05,4,4,,,
2026-10-08,LPSN,1322,PB_OWNERSHIP_BASIS_V2,,NEGATIVE_EQUITY,,,NEGATIVE_EQUITY,-121956000.0,2026-Q2,2026-09-04,2026-Q2,2026-08-07,PROVIDER_FILING_DATE_PROXY,HELD,,2026-08-07,0,4,,,
2026-10-08,LPTH,1323,PB_OWNERSHIP_BASIS_V2,,MISSING_EQUITY,LARGE_ENDPOINT_VS_AVERAGE_SHARE_DIFFERENCE,,MISSING_EQUITY,,2026-Q4,2026-10-07,2026-Q4,2026-09-11,PROVIDER_FILING_DATE_PROXY,HELD,,2026-09-11,0,4,,,
2026-10-08,LPX,1324,PB_OWNERSHIP_BASIS_V2,2.595665948410253,OK,,2.595665948410253,OK,1744000000.0,2026-Q2,2026-10-07,2026-Q2,2026-08-05,PROVIDER_FILING_DATE_PROXY,EXISTING_UNREVIEWED_COMMON_RULE,3.102,2026-08-05,4,4,,,
2026-10-08,LQDA,1325,PB_OWNERSHIP_BASIS_V2,12.23949711038647,OK,,12.23949711038647,OK,195114000.0,2026-Q2,2026-10-07,2026-Q2,2026-08-12,PROVIDER_FILING_DATE_PROXY,EXISTING_UNREVIEWED_COMMON_RULE,36.145,2026-08-12,4,4,,,
2026-10-08,LQDT,1326,PB_OWNERSHIP_BASIS_V2,5.48647371867049,OK,,5.48647371867049,OK,235852000.0,2026-Q3,2026-10-07,2026-Q3,2026-08-06,PROVIDER_FILING_DATE_PROXY,EXISTING_UNREVIEWED_COMMON_RULE,5.581,2026-08-06,4,4,,,
2026-10-08,LRCX,1327,PB_OWNERSHIP_BASIS_V2,33.062738103299,OK,,33.062738103299,OK,12470921000.0,2026-Q4,2026-10-07,2026-Q4,2026-08-07,PROVIDER_FILING_DATE_PROXY,EXISTING_UNREVIEWED_COMMON_RULE,31.241,2026-08-07,4,4,,,
2026-10-08,LRHC,1328,PB_OWNERSHIP_BASIS_V2,,NEGATIVE_EQUITY,LARGE_ENDPOINT_VS_AVERAGE_SHARE_DIFFERENCE;HISTORICAL_PRICE_CORROBORATION_UNAVAILABLE,,NEGATIVE_EQUITY,-8496277.0,2026-Q2,2026-10-07,2026-Q2,2026-08-21,PROVIDER_FILING_DATE_PROXY,HELD,,2026-08-21,1,4,,,
2026-10-08,LRMR,1329,PB_OWNERSHIP_BASIS_V2,2.242687952379457,OK,,2.242687952379457,OK,127382000.0,2026-Q2,2026-10-07,2026-Q2,2026-08-04,PROVIDER_FILING_DATE_PROXY,EXISTING_UNREVIEWED_COMMON_RULE,3.352,2026-08-04,4,4,,,
2026-10-08,LRN,1330,PB_OWNERSHIP_BASIS_V2,2.0271617872668584,OK,,2.0271617872668584,OK,1632329000.0,2026-Q4,2026-10-07,2026-Q4,2026-08-05,PROVIDER_FILING_DATE_PROXY,EXISTING_UNREVIEWED_COMMON_RULE,2.103,2026-08-05,4,4,,,
2026-10-08,LSCC,1331,PB_OWNERSHIP_BASIS_V2,23.624010490402977,OK,,23.624010490402977,OK,787527000.0,2026-Q2,2026-10-07,2026-Q2,2026-08-04,PROVIDER_FILING_DATE_PROXY,EXISTING_UNREVIEWED_COMMON_RULE,24.888,2026-08-04,4,4,,,
2026-10-08,LSTR,1332,PB_OWNERSHIP_BASIS_V2,6.772540235805832,OK,,6.772540235805832,OK,836730000.0,2026-Q2,2026-10-07,2026-Q2,2026-07-29,PROVIDER_FILING_DATE_PROXY,EXISTING_UNREVIEWED_COMMON_RULE,7.213,2026-07-29,4,4,,,
2026-10-08,LTBR,1333,PB_OWNERSHIP_BASIS_V2,1.0079664329966134,OK,,1.0079664329966134,OK,238580313.0,2026-Q2,2026-10-07,2026-Q2,2026-08-06,PROVIDER_FILING_DATE_PROXY,EXISTING_UNREVIEWED_COMMON_RULE,1.437,2026-08-06,4,4,,,
2026-10-08,LTC,1334,PB_OWNERSHIP_BASIS_V2,1.7766591802474825,OK,,1.7766591802474825,OK,1268556000.0,2026-Q2,2026-10-07,2026-Q2,2026-08-05,PROVIDER_FILING_DATE_PROXY,EXISTING_UNREVIEWED_COMMON_RULE,1.645,2026-08-05,4,4,,,
2026-10-08,LTH,1335,PB_OWNERSHIP_BASIS_V2,2.740686995331552,OK,,2.740686995331552,OK,3302168000.0,2026-Q2,2026-10-07,2026-Q2,2026-07-30,PROVIDER_FILING_DATE_PROXY,EXISTING_UNREVIEWED_COMMON_RULE,2.991,2026-07-30,4,4,,,
2026-10-08,LTRN,1336,PB_OWNERSHIP_BASIS_V2,,NEGATIVE_EQUITY,,,NEGATIVE_EQUITY,-3217252.0,2026-Q2,2026-10-07,2026-Q2,2026-08-14,PROVIDER_FILING_DATE_PROXY,HELD,,2026-08-14,3,4,,,
2026-10-08,LTRX,1337,PB_OWNERSHIP_BASIS_V2,2.823244418840892,OK,,2.823244418840892,OK,119276000.0,2026-Q4,2026-10-07,2026-Q4,2026-08-27,PROVIDER_FILING_DATE_PROXY,EXISTING_UNREVIEWED_COMMON_RULE,2.361,2026-08-27,4,4,,,
2026-10-08,LUCD,1338,PB_OWNERSHIP_BASIS_V2,11.606501317533219,OK,,11.606501317533219,OK,10927000.0,2026-Q2,2026-10-07,2026-Q2,2026-08-12,PROVIDER_FILING_DATE_PROXY,EXISTING_UNREVIEWED_COMMON_RULE,18.31,2026-08-12,4,4,,,
2026-10-08,LUCK,1339,PB_OWNERSHIP_BASIS_V2,,NEGATIVE_EQUITY,,,NEGATIVE_EQUITY,-398225000.0,2026-Q4,2026-10-07,2026-Q4,2026-08-27,PROVIDER_FILING_DATE_PROXY,HELD,,2026-08-27,0,4,,,
2026-10-08,LUCY,1340,PB_OWNERSHIP_BASIS_V2,,OWNERSHIP_BASIS_UNVERIFIED,LARGE_ENDPOINT_VS_AVERAGE_SHARE_DIFFERENCE,,OWNERSHIP_BASIS_UNVERIFIED,6898765.0,2026-Q2,2026-10-07,2026-Q2,2026-08-14,PROVIDER_FILING_DATE_PROXY,HELD,0.916,2026-08-14,4,4,,,
2026-10-08,LULU,1341,PB_OWNERSHIP_BASIS_V2,2.024969727732126,OK,,2.024969727732126,OK,4791174000.0,2027-Q2,2026-10-07,2027-Q2,2026-09-03,PROVIDER_FILING_DATE_PROXY,EXISTING_UNREVIEWED_COMMON_RULE,2.684,2026-09-03,4,4,,,
2026-10-08,LUMN,1342,PB_OWNERSHIP_BASIS_V2,,NEGATIVE_EQUITY,,,NEGATIVE_EQUITY,-1488000000.0,2026-Q2,2026-10-07,2026-Q2,2026-08-04,PROVIDER_FILING_DATE_PROXY,HELD,,2026-08-04,0,4,,,
2026-10-08,LUNG,1343,PB_OWNERSHIP_BASIS_V2,2.016144922786844,OK,,2.016144922786844,OK,39196000.0,2026-Q2,2026-10-07,2026-Q2,2026-08-04,PROVIDER_FILING_DATE_PROXY,EXISTING_UNREVIEWED_COMMON_RULE,2.257,2026-08-04,4,4,,,
2026-10-08,LUNR,1344,PB_OWNERSHIP_BASIS_V2,,NEGATIVE_EQUITY,LARGE_ENDPOINT_VS_AVERAGE_SHARE_DIFFERENCE,,NEGATIVE_EQUITY,-290649000.0,2026-Q2,2026-10-07,2026-Q2,2026-08-13,PROVIDER_FILING_DATE_PROXY,HELD,,2026-08-13,0,4,,,
2026-10-08,LUV,1345,PB_OWNERSHIP_BASIS_V2,2.8819213135975685,OK,,2.8819213135975685,OK,7082000000.0,2026-Q2,2026-10-07,2026-Q2,2026-07-23,PROVIDER_FILING_DATE_PROXY,EXISTING_UNREVIEWED_COMMON_RULE,3.088,2026-07-23,4,4,,,
2026-10-08,LVS,1346,PB_OWNERSHIP_BASIS_V2,39.921136469057174,OK,HISTORICAL_OHLC_INCOMPLETE,39.921136469057174,OK,581000000.0,2026-Q2,2026-10-07,2026-Q2,2026-07-24,PROVIDER_FILING_DATE_PROXY,EXISTING_UNREVIEWED_COMMON_RULE,51.37,2026-07-24,4,4,,,
2026-10-08,LVWR,1347,PB_OWNERSHIP_BASIS_V2,,OWNERSHIP_BASIS_UNVERIFIED,,,OWNERSHIP_BASIS_UNVERIFIED,11921000.0,2026-Q2,2026-10-07,2026-Q2,2026-08-05,PROVIDER_FILING_DATE_PROXY,HELD,21.367,2026-08-05,4,4,,,
2026-10-08,LW,1348,PB_OWNERSHIP_BASIS_V2,3.6229173324390036,OK,,3.6229173324390036,OK,1824900000.0,2026-Q4,2026-10-07,2026-Q4,2026-07-24,PROVIDER_FILING_DATE_PROXY,EXISTING_UNREVIEWED_COMMON_RULE,3.735,2026-07-24,4,4,,,
2026-10-08,LWLG,1349,PB_OWNERSHIP_BASIS_V2,8.032058455926636,OK,,8.032058455926636,OK,104223366.0,2026-Q2,2026-10-07,2026-Q2,2026-08-14,PROVIDER_FILING_DATE_PROXY,EXISTING_UNREVIEWED_COMMON_RULE,11.198,2026-08-14,4,4,,,
2026-10-08,LXEO,1350,PB_OWNERSHIP_BASIS_V2,1.1553303157702708,OK,,1.1553303157702708,OK,235061000.0,2026-Q2,2026-10-07,2026-Q2,2026-08-12,PROVIDER_FILING_DATE_PROXY,EXISTING_UNREVIEWED_COMMON_RULE,1.7,2026-08-12,4,4,,,
2026-10-08,LXFR,1351,PB_OWNERSHIP_BASIS_V2,2.069124883906095,OK,,2.069124883906095,OK,222700000.0,2026-Q2,2026-10-07,2026-Q2,2026-07-28,PROVIDER_FILING_DATE_PROXY,EXISTING_UNREVIEWED_COMMON_RULE,2.049,2026-07-28,4,4,,,
2026-10-08,LXP,1352,PB_OWNERSHIP_BASIS_V2,,OWNERSHIP_BASIS_UNVERIFIED,,,OWNERSHIP_BASIS_UNVERIFIED,1947906000.0,2026-Q2,2026-10-07,2026-Q2,2026-07-29,PROVIDER_FILING_DATE_PROXY,HELD,1.836,2026-07-29,4,4,,,
2026-10-08,LXRX,1353,PB_OWNERSHIP_BASIS_V2,4.487164816482278,OK,,4.487164816482278,OK,174525000.0,2026-Q2,2026-10-07,2026-Q2,2026-08-06,PROVIDER_FILING_DATE_PROXY,EXISTING_UNREVIEWED_COMMON_RULE,6.017,2026-08-06,4,4,,,
2026-10-08,LXU,1354,PB_OWNERSHIP_BASIS_V2,1.3619276229561863,OK,,1.3619276229561863,OK,539217000.0,2026-Q2,2026-10-07,2026-Q2,2026-07-30,PROVIDER_FILING_DATE_PROXY,EXISTING_UNREVIEWED_COMMON_RULE,1.474,2026-07-30,4,4,,,
2026-10-08,LYB,1355,PB_OWNERSHIP_BASIS_V2,,OWNERSHIP_BASIS_UNVERIFIED,,,OWNERSHIP_BASIS_UNVERIFIED,10671000000.0,2026-Q2,2026-10-07,2026-Q2,2026-07-31,PROVIDER_FILING_DATE_PROXY,HELD,1.879,2026-07-31,4,4,,,
2026-10-08,LYFT,1356,PB_OWNERSHIP_BASIS_V2,1.9530156733961732,OK,,1.9530156733961732,OK,3023646000.0,2026-Q2,2026-10-07,2026-Q2,2026-08-07,PROVIDER_FILING_DATE_PROXY,EXISTING_UNREVIEWED_COMMON_RULE,2.186,2026-08-07,4,4,,,
2026-10-08,LYRA,1357,PB_OWNERSHIP_BASIS_V2,,NEGATIVE_EQUITY,,,NEGATIVE_EQUITY,-4328000.0,2025-Q3,2026-10-06,2025-Q3,2025-11-12,PROVIDER_FILING_DATE_PROXY,HELD,,2025-11-12,3,4,,,
2026-10-08,LYTS,1358,PB_OWNERSHIP_BASIS_V2,2.158133971108458,OK,,2.158133971108458,OK,360677000.0,2026-Q4,2026-10-07,2026-Q4,2026-09-03,PROVIDER_FILING_DATE_PROXY,EXISTING_UNREVIEWED_COMMON_RULE,2.078,2026-09-03,4,4,,,
2026-10-08,LYV,1359,PB_OWNERSHIP_BASIS_V2,488.9552748631487,OK,,488.9552748631487,OK,82330000.0,2026-Q2,2026-10-07,2026-Q2,2026-07-30,PROVIDER_FILING_DATE_PROXY,EXISTING_UNREVIEWED_COMMON_RULE,525.361,2026-07-30,3,4,,,
2026-10-08,LZ,1360,PB_OWNERSHIP_BASIS_V2,7.811947074980107,OK,,7.811947074980107,OK,127156000.0,2026-Q2,2026-10-07,2026-Q2,2026-08-05,PROVIDER_FILING_DATE_PROXY,EXISTING_UNREVIEWED_COMMON_RULE,10.91,2026-08-05,4,4,,,
2026-10-08,LZB,1361,PB_OWNERSHIP_BASIS_V2,1.171628316516717,OK,,1.171628316516717,OK,1013260000.0,2027-Q1,2026-10-07,2027-Q1,2026-08-18,PROVIDER_FILING_DATE_PROXY,EXISTING_UNREVIEWED_COMMON_RULE,1.614,2026-08-18,4,4,,,
2026-10-08,M,1362,PB_OWNERSHIP_BASIS_V2,,MISSING_EQUITY,,,MISSING_EQUITY,,2027-Q2,2026-10-07,2027-Q2,2026-09-10,PROVIDER_FILING_DATE_PROXY,HELD,,2026-09-10,0,4,,,
2026-10-08,MAA,1363,PB_OWNERSHIP_BASIS_V2,,OWNERSHIP_BASIS_UNVERIFIED,,,OWNERSHIP_BASIS_UNVERIFIED,5433995000.0,2026-Q2,2026-10-07,2026-Q2,2026-07-30,PROVIDER_FILING_DATE_PROXY,HELD,2.847,2026-07-30,4,4,,,
2026-10-08,MAC,1364,PB_OWNERSHIP_BASIS_V2,2.225589676664685,OK,,2.225589676664685,OK,2827198000.0,2026-Q2,2026-10-07,2026-Q2,2026-08-05,PROVIDER_FILING_DATE_PROXY,EXISTING_UNREVIEWED_COMMON_RULE,2.547,2026-08-05,4,4,,,
2026-10-08,MAGN,1365,PB_OWNERSHIP_BASIS_V2,0.41045033877812537,OK,,0.41045033877812537,OK,1017000000.0,2026-Q3,2026-10-07,2026-Q3,2026-08-06,PROVIDER_FILING_DATE_PROXY,EXISTING_UNREVIEWED_COMMON_RULE,0.441,2026-08-06,4,4,,,
2026-10-08,MAMA,1366,PB_OWNERSHIP_BASIS_V2,3.621832163442177,OK,,3.621832163442177,OK,167406000.0,2027-Q2,2026-10-07,2027-Q2,2026-09-03,PROVIDER_FILING_DATE_PROXY,EXISTING_UNREVIEWED_COMMON_RULE,4.495,2026-09-03,4,4,,,
2026-10-08,MAN,1367,PB_OWNERSHIP_BASIS_V2,1.1673310716548888,OK,,1.1673310716548888,OK,2106300000.0,2026-Q2,2026-10-07,2026-Q2,2026-08-07,PROVIDER_FILING_DATE_PROXY,EXISTING_UNREVIEWED_COMMON_RULE,1.25,2026-08-07,4,4,,,
2026-10-08,MANH,1368,PB_OWNERSHIP_BASIS_V2,74.81583628985716,OK,,74.81583628985716,OK,157507000.0,2026-Q2,2026-10-07,2026-Q2,2026-07-31,PROVIDER_FILING_DATE_PROXY,EXISTING_UNREVIEWED_COMMON_RULE,70.836,2026-07-31,4,4,,,
2026-10-08,MAPS,1369,PB_OWNERSHIP_BASIS_V2,,STALE_EQUITY,LARGE_ENDPOINT_VS_AVERAGE_SHARE_DIFFERENCE,,STALE_EQUITY,57175000.0,2025-Q4,2026-10-07,2025-Q4,2026-03-12,PROVIDER_FILING_DATE_PROXY,HELD,2.099,2026-03-12,4,4,,,
2026-10-08,MAR,1370,PB_OWNERSHIP_BASIS_V2,,NEGATIVE_EQUITY,,,NEGATIVE_EQUITY,-4525000000.0,2026-Q2,2026-10-07,2026-Q2,2026-08-03,PROVIDER_FILING_DATE_PROXY,HELD,,2026-08-03,0,4,,,
2026-10-08,MAS,1371,PB_OWNERSHIP_BASIS_V2,,NEGATIVE_EQUITY,,,NEGATIVE_EQUITY,-365000000.0,2026-Q2,2026-10-07,2026-Q2,2026-07-29,PROVIDER_FILING_DATE_PROXY,HELD,,2026-07-29,0,4,,,
2026-10-08,MASS,1372,PB_OWNERSHIP_BASIS_V2,3.841022307737958,OK,,3.841022307737958,OK,126766000.0,2026-Q2,2026-10-07,2026-Q2,2026-08-11,PROVIDER_FILING_DATE_PROXY,EXISTING_UNREVIEWED_COMMON_RULE,3.264,2026-08-11,4,4,,,
2026-10-08,MAT,1373,PB_OWNERSHIP_BASIS_V2,2.3406571782892613,OK,,2.3406571782892613,OK,1998118000.0,2026-Q2,2026-10-07,2026-Q2,2026-08-06,PROVIDER_FILING_DATE_PROXY,EXISTING_UNREVIEWED_COMMON_RULE,2.072,2026-08-06,4,4,,,
2026-10-08,MATV,1374,PB_OWNERSHIP_BASIS_V2,1.3976332533899942,OK,,1.3976332533899942,OK,470700000.0,2026-Q2,2026-10-07,2026-Q2,2026-08-06,PROVIDER_FILING_DATE_PROXY,EXISTING_UNREVIEWED_COMMON_RULE,1.369,2026-08-06,4,4,,,
2026-10-08,MATW,1375,PB_OWNERSHIP_BASIS_V2,1.257601169127646,OK,,1.257601169127646,OK,485968000.0,2026-Q3,2026-10-07,2026-Q3,2026-08-07,PROVIDER_FILING_DATE_PROXY,EXISTING_UNREVIEWED_COMMON_RULE,1.522,2026-08-07,4,4,,,
2026-10-08,MATX,1376,PB_OWNERSHIP_BASIS_V2,2.403836429485101,OK,,2.403836429485101,OK,2773100000.0,2026-Q2,2026-10-07,2026-Q2,2026-08-04,PROVIDER_FILING_DATE_PROXY,EXISTING_UNREVIEWED_COMMON_RULE,2.302,2026-08-04,4,4,,,
2026-10-08,MAX,1377,PB_OWNERSHIP_BASIS_V2,20.85114289504683,OK,,20.85114289504683,OK,28412000.0,2026-Q2,2026-10-07,2026-Q2,2026-07-29,PROVIDER_FILING_DATE_PROXY,EXISTING_UNREVIEWED_COMMON_RULE,29.757,2026-07-29,3,4,,,
2026-10-08,MBC,1378,PB_OWNERSHIP_BASIS_V2,0.7163046989224068,OK,LARGE_ENDPOINT_VS_AVERAGE_SHARE_DIFFERENCE,0.7163046989224068,OK,1968700000.0,2026-Q2,2026-10-07,2026-Q2,2026-08-05,PROVIDER_FILING_DATE_PROXY,EXISTING_UNREVIEWED_COMMON_RULE,0.945,2026-08-05,4,4,,,
2026-10-08,MBIO,1379,PB_OWNERSHIP_BASIS_V2,0.45193871566190713,OK,,0.45193871566190713,OK,7545000.0,2026-Q2,2026-10-07,2026-Q2,2026-08-05,PROVIDER_FILING_DATE_PROXY,EXISTING_UNREVIEWED_COMMON_RULE,0.599,2026-08-05,4,4,,,
2026-10-08,MBLY,1380,PB_OWNERSHIP_BASIS_V2,0.7404191725676258,OK,,0.7404191725676258,OK,8210000000.0,2026-Q2,2026-10-07,2026-Q2,2026-07-23,PROVIDER_FILING_DATE_PROXY,EXISTING_UNREVIEWED_COMMON_RULE,0.774,2026-07-23,4,4,,,
2026-10-08,MBOT,1381,PB_OWNERSHIP_BASIS_V2,1.0913659007394305,OK,,1.0913659007394305,OK,68927000.0,2026-Q2,2026-10-07,2026-Q2,2026-08-11,PROVIDER_FILING_DATE_PROXY,EXISTING_UNREVIEWED_COMMON_RULE,1.637,2026-08-11,4,4,,,
2026-10-08,MBUU,1382,PB_OWNERSHIP_BASIS_V2,0.8475757306015319,OK,,0.8475757306015319,OK,524448000.0,2026-Q4,2026-10-07,2026-Q4,2026-08-27,PROVIDER_FILING_DATE_PROXY,EXISTING_UNREVIEWED_COMMON_RULE,1.081,2026-08-27,4,4,,,
2026-10-08,MCD,1383,PB_OWNERSHIP_BASIS_V2,,NEGATIVE_EQUITY,,,NEGATIVE_EQUITY,-1023000000.0,2026-Q2,2026-10-07,2026-Q2,2026-08-07,PROVIDER_FILING_DATE_PROXY,HELD,,2026-08-07,0,4,,,
2026-10-08,MCFT,1384,PB_OWNERSHIP_BASIS_V2,,MISSING_EQUITY,,,MISSING_EQUITY,,2026-Q4,2026-10-07,2026-Q4,2026-09-10,PROVIDER_FILING_DATE_PROXY,HELD,,2026-09-10,0,4,,,
2026-10-08,MCHP,1385,PB_OWNERSHIP_BASIS_V2,,OWNERSHIP_BASIS_UNVERIFIED,,,OWNERSHIP_BASIS_UNVERIFIED,6451000000.0,2027-Q1,2026-10-07,2027-Q1,2026-08-06,PROVIDER_FILING_DATE_PROXY,HELD,6.259,2026-08-06,4,4,,,
2026-10-08,MCK,1386,PB_OWNERSHIP_BASIS_V2,,NEGATIVE_EQUITY,,,NEGATIVE_EQUITY,-4240000000.0,2027-Q1,2026-10-07,2027-Q1,2026-08-05,PROVIDER_FILING_DATE_PROXY,HELD,,2026-08-05,0,4,,,
2026-10-08,MCO,1387,PB_OWNERSHIP_BASIS_V2,25.744104742381197,OK,,25.744104742381197,OK,3025000000.0,2026-Q2,2026-10-07,2026-Q2,2026-07-23,PROVIDER_FILING_DATE_PROXY,EXISTING_UNREVIEWED_COMMON_RULE,27.039,2026-07-23,4,4,,,
2026-10-08,MCRB,1388,PB_OWNERSHIP_BASIS_V2,0.7830031332721885,OK,,0.7830031332721885,OK,34534000.0,2026-Q2,2026-10-07,2026-Q2,2026-08-05,PROVIDER_FILING_DATE_PROXY,EXISTING_UNREVIEWED_COMMON_RULE,1.441,2026-08-05,4,4,,,
2026-10-08,MCRI,1389,PB_OWNERSHIP_BASIS_V2,3.672014747243496,OK,,3.672014747243496,OK,576769000.0,2026-Q2,2026-10-07,2026-Q2,2026-07-28,PROVIDER_FILING_DATE_PROXY,EXISTING_UNREVIEWED_COMMON_RULE,3.816,2026-07-28,4,4,,,
2026-10-08,MCS,1390,PB_OWNERSHIP_BASIS_V2,1.7997865604448986,OK,,1.7997865604448986,OK,456884000.0,2026-Q2,2026-10-07,2026-Q2,2026-07-30,PROVIDER_FILING_DATE_PROXY,EXISTING_UNREVIEWED_COMMON_RULE,2.004,2026-07-30,4,4,,,
2026-10-08,MD,1391,PB_OWNERSHIP_BASIS_V2,2.3823232430935963,OK,,2.3823232430935963,OK,880977000.0,2026-Q2,2026-10-07,2026-Q2,2026-08-04,PROVIDER_FILING_DATE_PROXY,EXISTING_UNREVIEWED_COMMON_RULE,2.279,2026-08-04,4,4,,,
2026-10-08,MDAI,1392,PB_OWNERSHIP_BASIS_V2,,NEGATIVE_EQUITY,,,NEGATIVE_EQUITY,-12054000.0,2026-Q2,2026-10-07,2026-Q2,2026-08-11,PROVIDER_FILING_DATE_PROXY,HELD,,2026-08-11,0,4,,,
2026-10-08,MDB,1393,PB_OWNERSHIP_BASIS_V2,9.813609004518694,OK,,9.813609004518694,OK,2979981000.0,2027-Q2,2026-10-07,2027-Q2,2026-09-01,PROVIDER_FILING_DATE_PROXY,EXISTING_UNREVIEWED_COMMON_RULE,11.738,2026-09-01,4,4,,,
2026-10-08,MDGL,1394,PB_OWNERSHIP_BASIS_V2,21.515806724387804,OK,,21.515806724387804,OK,523724000.0,2026-Q2,2026-10-07,2026-Q2,2026-07-30,PROVIDER_FILING_DATE_PROXY,EXISTING_UNREVIEWED_COMMON_RULE,21.754,2026-07-30,4,4,,,
2026-10-08,MDIA,1395,PB_OWNERSHIP_BASIS_V2,3.050787274453487,OK,,3.050787274453487,OK,28642000.0,2026-Q2,2026-10-07,2026-Q2,2026-08-14,PROVIDER_FILING_DATE_PROXY,EXISTING_UNREVIEWED_COMMON_RULE,2.799,2026-08-14,4,4,,,
2026-10-08,MDLZ,1396,PB_OWNERSHIP_BASIS_V2,2.8449706741208036,OK,,2.8449706741208036,OK,26639000000.0,2026-Q2,2026-10-07,2026-Q2,2026-07-28,PROVIDER_FILING_DATE_PROXY,EXISTING_UNREVIEWED_COMMON_RULE,2.993,2026-07-28,4,4,,,
2026-10-08,MDT,1397,PB_OWNERSHIP_BASIS_V2,2.1774781753948345,OK,,2.1774781753948345,OK,50232000000.0,2027-Q1,2026-10-07,2027-Q1,2026-09-03,PROVIDER_FILING_DATE_PROXY,EXISTING_UNREVIEWED_COMMON_RULE,2.371,2026-09-03,4,4,,,
2026-10-08,MDU,1398,PB_OWNERSHIP_BASIS_V2,1.357569861941275,OK,,1.357569861941275,OK,2926922000.0,2026-Q2,2026-10-07,2026-Q2,2026-08-06,PROVIDER_FILING_DATE_PROXY,EXISTING_UNREVIEWED_COMMON_RULE,1.492,2026-08-06,4,4,,,
2026-10-08,MDXG,1399,PB_OWNERSHIP_BASIS_V2,3.110863168294524,OK,,3.110863168294524,OK,216003000.0,2026-Q2,2026-10-07,2026-Q2,2026-07-29,PROVIDER_FILING_DATE_PROXY,EXISTING_UNREVIEWED_COMMON_RULE,2.854,2026-07-29,4,4,,,
2026-10-08,MEC,1400,PB_OWNERSHIP_BASIS_V2,1.2073100269720118,OK,,1.2073100269720118,OK,325484000.0,2026-Q2,2026-10-07,2026-Q2,2026-08-05,PROVIDER_FILING_DATE_PROXY,EXISTING_UNREVIEWED_COMMON_RULE,1.998,2026-08-05,4,4,,,
2026-10-08,MED,1401,PB_OWNERSHIP_BASIS_V2,0.6513351239116104,OK,,0.6513351239116104,OK,196377000.0,2026-Q2,2026-10-07,2026-Q2,2026-08-03,PROVIDER_FILING_DATE_PROXY,EXISTING_UNREVIEWED_COMMON_RULE,0.555,2026-08-03,4,4,,,
2026-10-08,MEDP,1402,PB_OWNERSHIP_BASIS_V2,38.87332010424998,OK,,38.87332010424998,OK,433861000.0,2026-Q2,2026-10-07,2026-Q2,2026-07-23,PROVIDER_FILING_DATE_PROXY,EXISTING_UNREVIEWED_COMMON_RULE,38.974,2026-07-23,4,4,,,
2026-10-08,MEI,1403,PB_OWNERSHIP_BASIS_V2,,OWNERSHIP_BASIS_UNVERIFIED,,,OWNERSHIP_BASIS_UNVERIFIED,663100000.0,2027-Q1,2026-10-07,2027-Q1,2026-09-02,PROVIDER_FILING_DATE_PROXY,HELD,0.973,2026-09-02,4,4,,,
2026-10-08,MELI,1404,PB_OWNERSHIP_BASIS_V2,12.119473874753366,OK,,,OWNERSHIP_REVIEW_STALE,7834000000.0,2026-Q2,2026-10-07,2026-Q2,2026-08-05,OFFICIAL_COVER,OPERATOR_CONFIRMED_QUARTER,11.843,2026-08-06,4,4,IDENTITY_OVERRIDE,,31ee36c9e08aa33dfc7ba132d6c6dcf2c59238947b15155cec2fe9fb9d33e3c5
2026-10-08,MERC,1405,PB_OWNERSHIP_BASIS_V2,,NEGATIVE_EQUITY,,,NEGATIVE_EQUITY,-97974000.0,2026-Q2,2026-10-07,2026-Q2,2026-08-06,PROVIDER_FILING_DATE_PROXY,HELD,,2026-08-06,2,4,,,
2026-10-08,META,1406,PB_OWNERSHIP_BASIS_V2,7.0344333301505335,OK,,7.0344333301505335,OK,261221000000.0,2026-Q2,2026-10-07,2026-Q2,2026-07-30,PROVIDER_FILING_DATE_PROXY,EXISTING_UNREVIEWED_COMMON_RULE,5.257,2026-07-30,4,4,,,
2026-10-08,"METC,METCB",1407,PB_OWNERSHIP_BASIS_V2,,MISSING_PRICE,HISTORICAL_PRICE_CORROBORATION_UNAVAILABLE,,MISSING_PRICE,376067000.0,2026-Q2,,2026-Q2,2026-08-05,PROVIDER_FILING_DATE_PROXY,HELD,1.557,2026-08-05,4,4,,,
2026-10-08,MFA,1408,PB_OWNERSHIP_BASIS_V2,,OWNERSHIP_BASIS_UNVERIFIED,,,OWNERSHIP_BASIS_UNVERIFIED,1776088000.0,2026-Q2,2026-10-07,2026-Q2,2026-08-05,PROVIDER_FILING_DATE_PROXY,HELD,0.516,2026-08-05,4,4,,,
2026-10-08,MG,1409,PB_OWNERSHIP_BASIS_V2,2.771367832167901,OK,,2.771367832167901,OK,239963000.0,2026-Q2,2026-10-07,2026-Q2,2026-08-10,PROVIDER_FILING_DATE_PROXY,EXISTING_UNREVIEWED_COMMON_RULE,2.096,2026-08-10,4,4,,,
2026-10-08,MGEE,1410,PB_OWNERSHIP_BASIS_V2,2.268031816391254,OK,,2.268031816391254,OK,1172654000.0,2026-Q2,2026-10-07,2026-Q2,2026-08-05,PROVIDER_FILING_DATE_PROXY,EXISTING_UNREVIEWED_COMMON_RULE,2.584,2026-08-05,4,4,,,
2026-10-08,MGM,1411,PB_OWNERSHIP_BASIS_V2,3.002568917265865,OK,,3.002568917265865,OK,2513775000.0,2026-Q2,2026-10-07,2026-Q2,2026-07-29,PROVIDER_FILING_DATE_PROXY,EXISTING_UNREVIEWED_COMMON_RULE,4.587,2026-07-29,4,4,,,
2026-10-08,MGNI,1412,PB_OWNERSHIP_BASIS_V2,3.8664211077888773,OK,,3.8664211077888773,OK,936273000.0,2026-Q2,2026-10-07,2026-Q2,2026-08-05,PROVIDER_FILING_DATE_PROXY,EXISTING_UNREVIEWED_COMMON_RULE,3.166,2026-08-05,4,4,,,
2026-10-08,MGNX,1413,PB_OWNERSHIP_BASIS_V2,5.274547169839722,OK,,5.274547169839722,OK,42873000.0,2026-Q2,2026-10-07,2026-Q2,2026-08-14,PROVIDER_FILING_DATE_PROXY,EXISTING_UNREVIEWED_COMMON_RULE,6.27,2026-08-14,4,4,,,
2026-10-08,MGPI,1414,PB_OWNERSHIP_BASIS_V2,0.4726360967397769,OK,,0.4726360967397769,OK,590813000.0,2026-Q2,2026-10-07,2026-Q2,2026-07-29,PROVIDER_FILING_DATE_PROXY,EXISTING_UNREVIEWED_COMMON_RULE,0.684,2026-07-29,4,4,,,
2026-10-08,MGRC,1415,PB_OWNERSHIP_BASIS_V2,2.240841574518989,OK,,2.240841574518989,OK,1245459000.0,2026-Q2,2026-10-07,2026-Q2,2026-07-29,PROVIDER_FILING_DATE_PROXY,EXISTING_UNREVIEWED_COMMON_RULE,2.295,2026-07-29,4,4,,,
2026-10-08,MGRX,1416,PB_OWNERSHIP_BASIS_V2,0.764488128911464,OK,LARGE_ENDPOINT_VS_AVERAGE_SHARE_DIFFERENCE,0.764488128911464,OK,12525944.0,2026-Q2,2026-10-07,2026-Q2,2026-08-13,PROVIDER_FILING_DATE_PROXY,EXISTING_UNREVIEWED_COMMON_RULE,0.918,2026-08-13,4,4,,,
2026-10-08,MGTX,1417,PB_OWNERSHIP_BASIS_V2,4.815925347505126,OK,,4.815925347505126,OK,215781000.0,2026-Q2,2026-10-07,2026-Q2,2026-08-13,PROVIDER_FILING_DATE_PROXY,EXISTING_UNREVIEWED_COMMON_RULE,5.639,2026-08-13,1,4,,,
2026-10-08,MGX,1418,PB_OWNERSHIP_BASIS_V2,0.3305626779198684,OK,,0.3305626779198684,OK,112567000.0,2026-Q2,2026-10-07,2026-Q2,2026-08-10,PROVIDER_FILING_DATE_PROXY,EXISTING_UNREVIEWED_COMMON_RULE,0.413,2026-08-10,4,4,,,
2026-10-08,MGY,1419,PB_OWNERSHIP_BASIS_V2,,OWNERSHIP_BASIS_UNVERIFIED,LARGE_ENDPOINT_VS_AVERAGE_SHARE_DIFFERENCE,,OWNERSHIP_BASIS_UNVERIFIED,2146877000.0,2026-Q2,2026-10-07,2026-Q2,2026-08-06,PROVIDER_FILING_DATE_PROXY,HELD,2.732,2026-08-06,4,4,,,
2026-10-08,MHK,1420,PB_OWNERSHIP_BASIS_V2,0.9452424440352712,OK,,0.9452424440352712,OK,8540700000.0,2026-Q2,2026-10-07,2026-Q2,2026-07-31,PROVIDER_FILING_DATE_PROXY,EXISTING_UNREVIEWED_COMMON_RULE,0.976,2026-07-31,4,4,,,
2026-10-08,MHO,1421,PB_OWNERSHIP_BASIS_V2,,OWNERSHIP_BASIS_UNVERIFIED,,,OWNERSHIP_BASIS_UNVERIFIED,3227420000.0,2026-Q2,2026-10-07,2026-Q2,2026-07-31,PROVIDER_FILING_DATE_PROXY,HELD,1.145,2026-07-31,4,4,,,
2026-10-08,MIDD,1422,PB_OWNERSHIP_BASIS_V2,2.1535289477313286,OK,,2.1535289477313286,OK,2209954000.0,2026-Q2,2026-10-07,2026-Q2,2026-08-13,PROVIDER_FILING_DATE_PROXY,EXISTING_UNREVIEWED_COMMON_RULE,2.395,2026-08-13,4,4,,,
2026-10-08,MIND,1423,PB_OWNERSHIP_BASIS_V2,,MISSING_EQUITY,,,MISSING_EQUITY,,2027-Q2,2026-10-07,2027-Q2,2026-09-09,PROVIDER_FILING_DATE_PROXY,HELD,,2026-09-09,0,4,,,
2026-10-08,MIR,1424,PB_OWNERSHIP_BASIS_V2,,OWNERSHIP_BASIS_UNVERIFIED,,,OWNERSHIP_BASIS_UNVERIFIED,1825800000.0,2026-Q2,2026-10-07,2026-Q2,2026-07-29,PROVIDER_FILING_DATE_PROXY,HELD,1.987,2026-07-29,4,4,,,
2026-10-08,MIRA,1425,PB_OWNERSHIP_BASIS_V2,3.6552955329110395,OK,,3.6552955329110395,OK,8162317.0,2026-Q2,2026-10-07,2026-Q2,2026-08-12,PROVIDER_FILING_DATE_PROXY,EXISTING_UNREVIEWED_COMMON_RULE,3.803,2026-08-12,4,4,,,
2026-10-08,MIRM,1426,PB_OWNERSHIP_BASIS_V2,,NEGATIVE_EQUITY,,,NEGATIVE_EQUITY,-10422000.0,2026-Q2,2026-10-07,2026-Q2,2026-08-05,PROVIDER_FILING_DATE_PROXY,HELD,,2026-08-05,3,4,,,
2026-10-08,MIST,1427,PB_OWNERSHIP_BASIS_V2,5.173178970319522,OK,,5.173178970319522,OK,18218000.0,2026-Q2,2026-10-07,2026-Q2,2026-08-12,PROVIDER_FILING_DATE_PROXY,EXISTING_UNREVIEWED_COMMON_RULE,7.688,2026-08-12,4,4,,,
2026-10-08,MITK,1428,PB_OWNERSHIP_BASIS_V2,3.144767581137192,OK,,3.144767581137192,OK,250523000.0,2026-Q3,2026-10-07,2026-Q3,2026-08-06,PROVIDER_FILING_DATE_PROXY,EXISTING_UNREVIEWED_COMMON_RULE,3.028,2026-08-06,4,4,,,
2026-10-08,MITT,1429,PB_OWNERSHIP_BASIS_V2,,OWNERSHIP_BASIS_UNVERIFIED,,,OWNERSHIP_BASIS_UNVERIFIED,546004000.0,2026-Q2,2026-10-07,2026-Q2,2026-08-10,PROVIDER_FILING_DATE_PROXY,HELD,0.368,2026-08-10,4,4,,,
2026-10-08,MKC,1430,PB_OWNERSHIP_BASIS_V2,,MISSING_EQUITY,,,MISSING_EQUITY,,2026-Q3,2026-10-07,2026-Q3,2026-10-01,PROVIDER_FILING_DATE_PROXY,HELD,,2026-10-01,0,4,,,
2026-10-08,MKSI,1431,PB_OWNERSHIP_BASIS_V2,6.1813037332647855,OK,,6.1813037332647855,OK,2988000000.0,2026-Q2,2026-10-07,2026-Q2,2026-08-06,PROVIDER_FILING_DATE_PROXY,EXISTING_UNREVIEWED_COMMON_RULE,6.592,2026-08-06,4,4,,,
2026-10-08,MLGO,1432,PB_OWNERSHIP_BASIS_V2,,MULTI_CLASS_UNVERIFIED,,,OWNERSHIP_REVIEW_STALE,303438355.0,2026-Q2,2026-10-07,2026-Q2,2026-08-28,ACCEPTED_PROVIDER_DATE_PENDING_RECONCILIATION,HELD,0.166,2026-08-28,4,4,HELD,,ddb7fef010985b9a677fa7821761248fb716f78d0bc2a147ba17a6c79ad5a6c5
2026-10-08,MLI,1433,PB_OWNERSHIP_BASIS_V2,3.7543635981556793,OK,,3.7543635981556793,OK,3547750000.0,2026-Q2,2026-10-07,2026-Q2,2026-07-22,PROVIDER_FILING_DATE_PROXY,EXISTING_UNREVIEWED_COMMON_RULE,3.906,2026-07-22,4,4,,,
2026-10-08,MLKN,1434,PB_OWNERSHIP_BASIS_V2,,MISSING_EQUITY,,,MISSING_EQUITY,,2027-Q1,2026-10-07,2027-Q1,2026-09-28,PROVIDER_FILING_DATE_PROXY,HELD,,2026-09-28,0,4,,,
2026-10-08,MLM,1435,PB_OWNERSHIP_BASIS_V2,2.4919572255300935,OK,,2.4919572255300935,OK,11546000000.0,2026-Q2,2026-10-07,2026-Q2,2026-07-30,PROVIDER_FILING_DATE_PROXY,EXISTING_UNREVIEWED_COMMON_RULE,2.809,2026-07-30,4,4,,,
2026-10-08,MLR,1436,PB_OWNERSHIP_BASIS_V2,1.4335715009271064,OK,,1.4335715009271064,OK,420093000.0,2026-Q2,2026-10-07,2026-Q2,2026-08-05,PROVIDER_FILING_DATE_PROXY,EXISTING_UNREVIEWED_COMMON_RULE,1.374,2026-08-05,4,4,,,
2026-10-08,MLTX,1437,PB_OWNERSHIP_BASIS_V2,2.1406112551728738,OK,,2.1406112551728738,OK,428195000.0,2026-Q2,2026-10-07,2026-Q2,2026-08-10,PROVIDER_FILING_DATE_PROXY,EXISTING_UNREVIEWED_COMMON_RULE,3.444,2026-08-10,4,4,,,
2026-10-08,MLYS,1438,PB_OWNERSHIP_BASIS_V2,3.544831804318654,OK,,3.544831804318654,OK,550917000.0,2026-Q2,2026-10-07,2026-Q2,2026-08-11,PROVIDER_FILING_DATE_PROXY,EXISTING_UNREVIEWED_COMMON_RULE,4.386,2026-08-11,4,4,,,
2026-10-08,MMI,1439,PB_OWNERSHIP_BASIS_V2,1.8460799440607585,OK,,1.8460799440607585,OK,578913000.0,2026-Q2,2026-10-07,2026-Q2,2026-08-06,PROVIDER_FILING_DATE_PROXY,EXISTING_UNREVIEWED_COMMON_RULE,2.073,2026-08-06,4,4,,,
2026-10-08,MMM,1440,PB_OWNERSHIP_BASIS_V2,28.32280343017078,OK,,28.32280343017078,OK,2952000000.0,2026-Q2,2026-10-07,2026-Q2,2026-07-21,PROVIDER_FILING_DATE_PROXY,EXISTING_UNREVIEWED_COMMON_RULE,29.832,2026-07-21,4,4,,,
2026-10-08,MMS,1441,PB_OWNERSHIP_BASIS_V2,1.6740156369113035,OK,,1.6740156369113035,OK,1740551000.0,2026-Q3,2026-10-07,2026-Q3,2026-08-06,PROVIDER_FILING_DATE_PROXY,EXISTING_UNREVIEWED_COMMON_RULE,1.755,2026-08-06,4,4,,,
2026-10-08,MMSI,1442,PB_OWNERSHIP_BASIS_V2,3.024614430691861,OK,,3.024614430691861,OK,1679804000.0,2026-Q2,2026-10-07,2026-Q2,2026-07-30,PROVIDER_FILING_DATE_PROXY,EXISTING_UNREVIEWED_COMMON_RULE,2.963,2026-07-30,4,4,,,
2026-10-08,MNKD,1443,PB_OWNERSHIP_BASIS_V2,,NEGATIVE_EQUITY,,,NEGATIVE_EQUITY,-67197000.0,2026-Q2,2026-10-07,2026-Q2,2026-08-05,PROVIDER_FILING_DATE_PROXY,HELD,,2026-08-05,0,4,,,
2026-10-08,MNR,1444,PB_OWNERSHIP_BASIS_V2,0.9652476440919535,OK,,0.9652476440919535,OK,1843741000.0,2026-Q2,2026-10-07,2026-Q2,2026-08-06,PROVIDER_FILING_DATE_PROXY,EXISTING_UNREVIEWED_COMMON_RULE,1.206,2026-08-06,4,4,,,
2026-10-08,MNRO,1445,PB_OWNERSHIP_BASIS_V2,0.7320863947826156,OK,,0.7320863947826156,OK,582502000.0,2027-Q1,2026-10-07,2027-Q1,2026-07-29,PROVIDER_FILING_DATE_PROXY,EXISTING_UNREVIEWED_COMMON_RULE,0.711,2026-07-29,4,4,,,
2026-10-08,MNST,1446,PB_OWNERSHIP_BASIS_V2,,SHARE_BASIS_UNVERIFIED,HISTORICAL_PRICE_MISMATCH,,SHARE_BASIS_UNVERIFIED,9364148000.0,2026-Q2,2026-10-07,2026-Q2,2026-08-07,PROVIDER_FILING_DATE_PROXY,HELD,9.452,2026-08-07,4,4,,,
2026-10-08,MNTK,1447,PB_OWNERSHIP_BASIS_V2,1.4313213698152873,OK,,1.4313213698152873,OK,264530000.0,2026-Q2,2026-10-07,2026-Q2,2026-08-05,PROVIDER_FILING_DATE_PROXY,EXISTING_UNREVIEWED_COMMON_RULE,0.92,2026-08-05,4,4,,,
2026-10-08,MNTS,1448,PB_OWNERSHIP_BASIS_V2,,OWNERSHIP_BASIS_UNVERIFIED,LARGE_ENDPOINT_VS_AVERAGE_SHARE_DIFFERENCE,,OWNERSHIP_BASIS_UNVERIFIED,114260000.0,2026-Q2,2026-10-07,2026-Q2,2026-08-11,PROVIDER_FILING_DATE_PROXY,HELD,0.925,2026-08-11,3,4,,,
2026-10-08,MO,1449,PB_OWNERSHIP_BASIS_V2,,NEGATIVE_EQUITY,,,NEGATIVE_EQUITY,-2668000000.0,2026-Q2,2026-10-07,2026-Q2,2026-07-30,PROVIDER_FILING_DATE_PROXY,HELD,,2026-07-30,0,4,,,
2026-10-08,MOD,1450,PB_OWNERSHIP_BASIS_V2,8.374258454589844,OK,,8.374258454589844,OK,1201500000.0,2027-Q1,2026-10-07,2027-Q1,2026-07-30,PROVIDER_FILING_DATE_PROXY,EXISTING_UNREVIEWED_COMMON_RULE,8.572,2026-07-30,4,4,,,
2026-10-08,MOH,1451,PB_OWNERSHIP_BASIS_V2,2.4381693556279593,OK,,2.4381693556279593,OK,4171000000.0,2026-Q2,2026-10-07,2026-Q2,2026-07-23,PROVIDER_FILING_DATE_PROXY,EXISTING_UNREVIEWED_COMMON_RULE,2.507,2026-07-23,4,4,,,
2026-10-08,MORN,1452,PB_OWNERSHIP_BASIS_V2,7.352117398110308,OK,,7.352117398110308,OK,1023800000.0,2026-Q2,2026-10-07,2026-Q2,2026-07-29,PROVIDER_FILING_DATE_PROXY,EXISTING_UNREVIEWED_COMMON_RULE,7.279,2026-07-29,4,4,,,
2026-10-08,MOS,1453,PB_OWNERSHIP_BASIS_V2,0.5537710406003526,OK,,0.5537710406003526,OK,11463900000.0,2026-Q2,2026-10-07,2026-Q2,2026-08-05,PROVIDER_FILING_DATE_PROXY,EXISTING_UNREVIEWED_COMMON_RULE,0.649,2026-08-05,4,4,,,
2026-10-08,MOV,1454,PB_OWNERSHIP_BASIS_V2,1.436834925795872,OK,,1.436834925795872,OK,505616000.0,2027-Q2,2026-10-07,2027-Q2,2026-08-26,PROVIDER_FILING_DATE_PROXY,EXISTING_UNREVIEWED_COMMON_RULE,1.545,2026-08-26,4,4,,,
2026-10-08,MOVE,1455,PB_OWNERSHIP_BASIS_V2,0.4822896950899344,OK,LARGE_ENDPOINT_VS_AVERAGE_SHARE_DIFFERENCE,0.4822896950899344,OK,573251000.0,2026-Q2,2026-10-07,2026-Q2,2026-08-14,PROVIDER_FILING_DATE_PROXY,EXISTING_UNREVIEWED_COMMON_RULE,0.565,2026-08-14,2,4,,,
2026-10-08,MP,1456,PB_OWNERSHIP_BASIS_V2,,OWNERSHIP_BASIS_UNVERIFIED,,,OWNERSHIP_BASIS_UNVERIFIED,1957336000.0,2026-Q2,2026-10-07,2026-Q2,2026-08-06,PROVIDER_FILING_DATE_PROXY,HELD,4.321,2026-08-06,4,4,,,
2026-10-08,MPAA,1457,PB_OWNERSHIP_BASIS_V2,0.7947802322364467,OK,,0.7947802322364467,OK,252989000.0,2027-Q1,2026-10-07,2027-Q1,2026-08-10,PROVIDER_FILING_DATE_PROXY,EXISTING_UNREVIEWED_COMMON_RULE,0.929,2026-08-10,4,4,,,
2026-10-08,MPC,1458,PB_OWNERSHIP_BASIS_V2,6.5103298436237,OK,,6.5103298436237,OK,19077000000.0,2026-Q2,2026-10-07,2026-Q2,2026-08-04,PROVIDER_FILING_DATE_PROXY,EXISTING_UNREVIEWED_COMMON_RULE,4.602,2026-08-04,4,4,,,
2026-10-08,MPLX,1459,PB_OWNERSHIP_BASIS_V2,4.12351981507361,OK,,4.12351981507361,OK,14027000000.0,2026-Q2,2026-10-07,2026-Q2,2026-08-04,PROVIDER_FILING_DATE_PROXY,EXISTING_UNREVIEWED_COMMON_RULE,4.374,2026-08-04,4,4,,,
2026-10-08,MPWR,1460,PB_OWNERSHIP_BASIS_V2,17.9895524030698,OK,,17.9895524030698,OK,3895424000.0,2026-Q2,2026-10-07,2026-Q2,2026-08-05,PROVIDER_FILING_DATE_PROXY,EXISTING_UNREVIEWED_COMMON_RULE,16.974,2026-08-05,4,4,,,
2026-10-08,MQ,1461,PB_OWNERSHIP_BASIS_V2,2.481879224779053,OK,,2.481879224779053,OK,715557000.0,2026-Q2,2026-10-07,2026-Q2,2026-08-04,PROVIDER_FILING_DATE_PROXY,EXISTING_UNREVIEWED_COMMON_RULE,2.61,2026-08-04,4,4,,,
2026-10-08,MRAM,1462,PB_OWNERSHIP_BASIS_V2,5.738857345034682,OK,,5.738857345034682,OK,73107000.0,2026-Q2,2026-10-07,2026-Q2,2026-08-05,PROVIDER_FILING_DATE_PROXY,EXISTING_UNREVIEWED_COMMON_RULE,5.376,2026-08-05,4,4,,,
2026-10-08,MRCY,1463,PB_OWNERSHIP_BASIS_V2,3.2026651877715433,OK,,3.2026651877715433,OK,1497458000.0,2026-Q4,2026-10-07,2026-Q4,2026-08-18,PROVIDER_FILING_DATE_PROXY,EXISTING_UNREVIEWED_COMMON_RULE,4.217,2026-08-18,4,4,,,
2026-10-08,MREO,1464,PB_OWNERSHIP_BASIS_V2,1.9674337232254544,OK,,,OWNERSHIP_REVIEW_STALE,28652000.0,2026-Q2,2026-10-07,2026-Q2,2026-08-10,OFFICIAL_COVER,OPERATOR_CONFIRMED_QUARTER,1.703,2026-08-11,4,4,ADR_FACTOR,0.2,a420d200825659b301845554c8293880511c01da16aa85ab709090a454feb62b
2026-10-08,MRK,1465,PB_OWNERSHIP_BASIS_V2,8.401197663552747,OK,,8.401197663552747,OK,41933000000.0,2026-Q2,2026-10-07,2026-Q2,2026-08-07,PROVIDER_FILING_DATE_PROXY,EXISTING_UNREVIEWED_COMMON_RULE,7.565,2026-08-07,4,4,,,
2026-10-08,MRNA,1466,PB_OWNERSHIP_BASIS_V2,11.602110008134929,OK,,11.602110008134929,OK,6761000000.0,2026-Q2,2026-10-07,2026-Q2,2026-07-31,PROVIDER_FILING_DATE_PROXY,EXISTING_UNREVIEWED_COMMON_RULE,3.237,2026-07-31,4,4,,,
2026-10-08,MRTN,1467,PB_OWNERSHIP_BASIS_V2,1.3507894026861527,OK,,1.3507894026861527,OK,765962000.0,2026-Q2,2026-10-07,2026-Q2,2026-08-06,PROVIDER_FILING_DATE_PROXY,EXISTING_UNREVIEWED_COMMON_RULE,1.584,2026-08-06,4,4,,,
2026-10-08,MRVI,1468,PB_OWNERSHIP_BASIS_V2,9.428971416436493,OK,LARGE_ENDPOINT_VS_AVERAGE_SHARE_DIFFERENCE,9.428971416436493,OK,204622000.0,2026-Q2,2026-10-07,2026-Q2,2026-08-07,PROVIDER_FILING_DATE_PROXY,EXISTING_UNREVIEWED_COMMON_RULE,7.906,2026-08-07,4,4,,,
2026-10-08,MRVL,1469,PB_OWNERSHIP_BASIS_V2,13.470822032495445,OK,,13.470822032495445,OK,18531600000.0,2027-Q2,2026-10-07,2027-Q2,2026-08-28,PROVIDER_FILING_DATE_PROXY,EXISTING_UNREVIEWED_COMMON_RULE,10.25,2026-08-28,4,4,,,
2026-10-08,MSA,1470,PB_OWNERSHIP_BASIS_V2,,OWNERSHIP_BASIS_UNVERIFIED,,,OWNERSHIP_BASIS_UNVERIFIED,1401657000.0,2026-Q2,2026-10-07,2026-Q2,2026-07-31,PROVIDER_FILING_DATE_PROXY,HELD,5.237,2026-07-31,4,4,,,
2026-10-08,MSCI,1471,PB_OWNERSHIP_BASIS_V2,,NEGATIVE_EQUITY,,,NEGATIVE_EQUITY,-2689500000.0,2026-Q2,2026-10-07,2026-Q2,2026-07-21,PROVIDER_FILING_DATE_PROXY,HELD,,2026-07-21,0,4,,,
2026-10-08,MSEX,1472,PB_OWNERSHIP_BASIS_V2,1.9216707969774398,OK,,1.9216707969774398,OK,521092000.0,2026-Q2,2026-10-07,2026-Q2,2026-07-30,PROVIDER_FILING_DATE_PROXY,EXISTING_UNREVIEWED_COMMON_RULE,2.018,2026-07-30,4,4,,,
2026-10-08,MSFT,1473,PB_OWNERSHIP_BASIS_V2,8.892117200160161,OK,,8.892117200160161,OK,442387000000.0,2026-Q4,2026-10-07,2026-Q4,2026-07-29,PROVIDER_FILING_DATE_PROXY,EXISTING_UNREVIEWED_COMMON_RULE,6.555,2026-07-29,4,4,,,
2026-10-08,MSGE,1474,PB_OWNERSHIP_BASIS_V2,84.73011048251458,OK,,84.73011048251458,OK,45781000.0,2026-Q4,2026-10-07,2026-Q4,2026-08-12,PROVIDER_FILING_DATE_PROXY,EXISTING_UNREVIEWED_COMMON_RULE,91.364,2026-08-12,3,4,,,
2026-10-08,MSGM,1475,PB_OWNERSHIP_BASIS_V2,6.319863260383006,OK,,6.319863260383006,OK,3884592.0,2026-Q2,2026-10-07,2026-Q2,2026-08-14,PROVIDER_FILING_DATE_PROXY,EXISTING_UNREVIEWED_COMMON_RULE,5.245,2026-08-14,4,4,,,
2026-10-08,MSGS,1476,PB_OWNERSHIP_BASIS_V2,,NEGATIVE_EQUITY,,,NEGATIVE_EQUITY,-263296000.0,2026-Q4,2026-10-07,2026-Q4,2026-08-13,PROVIDER_FILING_DATE_PROXY,HELD,,2026-08-13,0,4,,,
2026-10-08,MSI,1477,PB_OWNERSHIP_BASIS_V2,27.76789960772207,OK,,27.76789960772207,OK,2672000000.0,2026-Q2,2026-10-07,2026-Q2,2026-08-05,PROVIDER_FILING_DATE_PROXY,EXISTING_UNREVIEWED_COMMON_RULE,27.137,2026-08-05,4,4,,,
2026-10-08,MSM,1478,PB_OWNERSHIP_BASIS_V2,5.129725857181908,OK,,5.129725857181908,OK,1419421000.0,2026-Q3,2026-10-07,2026-Q3,2026-07-01,PROVIDER_FILING_DATE_PROXY,EXISTING_UNREVIEWED_COMMON_RULE,4.853,2026-07-01,4,4,,,
2026-10-08,MSPR,1479,PB_OWNERSHIP_BASIS_V2,,NEGATIVE_EQUITY,,,NEGATIVE_EQUITY,-563842000.0,2025-Q3,2026-10-06,2025-Q3,2025-11-19,PROVIDER_FILING_DATE_PROXY,HELD,,2025-11-19,1,4,,,
2026-10-08,MSTR,1480,PB_OWNERSHIP_BASIS_V2,,NEWER_SHARE_COUNT_REQUIRED,,,OWNERSHIP_REVIEW_STALE,30886088000.0,2026-Q2,2026-10-07,2026-Q2,2026-08-03,ACCEPTED_PROVIDER_DATE_PENDING_RECONCILIATION,HELD,1.18,2026-08-03,4,4,HELD,,c0a61009bbd002dd3df699d21710d20aa17c2f23b6692f40c2a94ec37831fb37
2026-10-08,MTCH,1481,PB_OWNERSHIP_BASIS_V2,,NEGATIVE_EQUITY,,,NEGATIVE_EQUITY,-237055000.0,2026-Q2,2026-10-07,2026-Q2,2026-08-05,PROVIDER_FILING_DATE_PROXY,HELD,,2026-08-05,0,4,,,
2026-10-08,MTD,1482,PB_OWNERSHIP_BASIS_V2,2396.1367935725616,OK,,2396.1367935725616,OK,12823000.0,2026-Q2,2026-10-07,2026-Q2,2026-07-31,PROVIDER_FILING_DATE_PROXY,EXISTING_UNREVIEWED_COMMON_RULE,2213.037,2026-07-31,1,4,,,
2026-10-08,MTDR,1483,PB_OWNERSHIP_BASIS_V2,1.1031921116869892,OK,,1.1031921116869892,OK,5928623000.0,2026-Q2,2026-10-07,2026-Q2,2026-08-07,PROVIDER_FILING_DATE_PROXY,EXISTING_UNREVIEWED_COMMON_RULE,1.024,2026-08-07,4,4,,,
2026-10-08,MTH,1484,PB_OWNERSHIP_BASIS_V2,0.7740325248456921,OK,,0.7740325248456921,OK,5057937000.0,2026-Q2,2026-10-07,2026-Q2,2026-07-31,PROVIDER_FILING_DATE_PROXY,EXISTING_UNREVIEWED_COMMON_RULE,0.905,2026-07-31,4,4,,,
2026-10-08,MTN,1485,PB_OWNERSHIP_BASIS_V2,,MISSING_EQUITY,,,MISSING_EQUITY,,2026-Q4,2026-10-07,2026-Q4,2026-09-28,PROVIDER_FILING_DATE_PROXY,HELD,,2026-09-28,0,4,,,
2026-10-08,MTRN,1486,PB_OWNERSHIP_BASIS_V2,6.088030417565155,OK,,6.088030417565155,OK,994867000.0,2026-Q2,2026-10-07,2026-Q2,2026-08-05,PROVIDER_FILING_DATE_PROXY,EXISTING_UNREVIEWED_COMMON_RULE,6.221,2026-08-05,4,4,,,
2026-10-08,MTRX,1487,PB_OWNERSHIP_BASIS_V2,2.0901576900989487,OK,,2.0901576900989487,OK,141855000.0,2026-Q4,2026-10-07,2026-Q4,2026-09-03,PROVIDER_FILING_DATE_PROXY,EXISTING_UNREVIEWED_COMMON_RULE,2.104,2026-09-03,4,4,,,
2026-10-08,MTSI,1488,PB_OWNERSHIP_BASIS_V2,16.649906515804517,OK,,16.649906515804517,OK,1540775000.0,2026-Q3,2026-10-07,2026-Q3,2026-08-06,PROVIDER_FILING_DATE_PROXY,EXISTING_UNREVIEWED_COMMON_RULE,14.951,2026-08-06,4,4,,,
2026-10-08,MTUS,1489,PB_OWNERSHIP_BASIS_V2,1.1956408681482527,OK,,1.1956408681482527,OK,692300000.0,2026-Q2,2026-10-07,2026-Q2,2026-08-04,PROVIDER_FILING_DATE_PROXY,EXISTING_UNREVIEWED_COMMON_RULE,1.291,2026-08-04,4,4,,,
2026-10-08,MTVA,1490,PB_OWNERSHIP_BASIS_V2,1.4099424965283067,OK,,1.4099424965283067,OK,6822000.0,2026-Q2,2026-10-07,2026-Q2,2026-08-06,PROVIDER_FILING_DATE_PROXY,EXISTING_UNREVIEWED_COMMON_RULE,1.4,2026-08-06,4,4,,,
2026-10-08,MTW,1491,PB_OWNERSHIP_BASIS_V2,1.1341697174966496,OK,,1.1341697174966496,OK,701100000.0,2026-Q2,2026-10-07,2026-Q2,2026-08-07,PROVIDER_FILING_DATE_PROXY,EXISTING_UNREVIEWED_COMMON_RULE,0.968,2026-08-07,4,4,,,
2026-10-08,MTX,1492,PB_OWNERSHIP_BASIS_V2,1.3119255050938499,OK,,1.3119255050938499,OK,1544900000.0,2026-Q2,2026-10-07,2026-Q2,2026-07-31,PROVIDER_FILING_DATE_PROXY,EXISTING_UNREVIEWED_COMMON_RULE,1.536,2026-07-31,4,4,,,
2026-10-08,MTZ,1493,PB_OWNERSHIP_BASIS_V2,5.159010909115642,OK,,5.159010909115642,OK,3476968000.0,2026-Q2,2026-10-07,2026-Q2,2026-07-30,PROVIDER_FILING_DATE_PROXY,EXISTING_UNREVIEWED_COMMON_RULE,7.493,2026-07-30,4,4,,,
2026-10-08,MU,1494,PB_OWNERSHIP_BASIS_V2,12.1994732962154,OK,,12.1994732962154,OK,100724000000.0,2026-Q3,2026-10-07,2026-Q3,2026-06-25,PROVIDER_FILING_DATE_PROXY,EXISTING_UNREVIEWED_COMMON_RULE,13.607,2026-06-25,4,4,,,
2026-10-08,MUR,1495,PB_OWNERSHIP_BASIS_V2,1.0155795185656475,OK,,1.0155795185656475,OK,5259014000.0,2026-Q2,2026-10-07,2026-Q2,2026-08-05,PROVIDER_FILING_DATE_PROXY,EXISTING_UNREVIEWED_COMMON_RULE,0.983,2026-08-05,4,4,,,
2026-10-08,MUSA,1496,PB_OWNERSHIP_BASIS_V2,12.012156503778558,OK,,12.012156503778558,OK,782700000.0,2026-Q2,2026-10-07,2026-Q2,2026-08-06,PROVIDER_FILING_DATE_PROXY,EXISTING_UNREVIEWED_COMMON_RULE,12.591,2026-08-06,4,4,,,
2026-10-08,MUX,1497,PB_OWNERSHIP_BASIS_V2,1.4830893169874064,OK,,1.4830893169874064,OK,706636000.0,2026-Q2,2026-10-07,2026-Q2,2026-08-05,PROVIDER_FILING_DATE_PROXY,EXISTING_UNREVIEWED_COMMON_RULE,1.711,2026-08-05,4,4,,,
2026-10-08,MVIS,1498,PB_OWNERSHIP_BASIS_V2,1.7536449656274213,OK,,1.7536449656274213,OK,20619000.0,2026-Q2,2026-10-07,2026-Q2,2026-08-06,PROVIDER_FILING_DATE_PROXY,EXISTING_UNREVIEWED_COMMON_RULE,3.761,2026-08-06,4,4,,,
2026-10-08,MVST,1499,PB_OWNERSHIP_BASIS_V2,,OWNERSHIP_BASIS_UNVERIFIED,,,OWNERSHIP_BASIS_UNVERIFIED,543094000.0,2026-Q2,2026-10-07,2026-Q2,2026-08-10,PROVIDER_FILING_DATE_PROXY,HELD,0.619,2026-08-10,4,4,,,
2026-10-08,MWA,1500,PB_OWNERSHIP_BASIS_V2,,OWNERSHIP_BASIS_UNVERIFIED,,,OWNERSHIP_BASIS_UNVERIFIED,1120400000.0,2026-Q3,2026-10-07,2026-Q3,2026-08-06,PROVIDER_FILING_DATE_PROXY,HELD,3.775,2026-08-06,4,4,,,
2026-10-08,MX,1501,PB_OWNERSHIP_BASIS_V2,0.5221900658105149,OK,,0.5221900658105149,OK,226532000.0,2026-Q2,2026-10-07,2026-Q2,2026-08-10,PROVIDER_FILING_DATE_PROXY,EXISTING_UNREVIEWED_COMMON_RULE,0.59,2026-08-10,4,4,,,
2026-10-08,MXCT,1502,PB_OWNERSHIP_BASIS_V2,0.6761140036219744,OK,,0.6761140036219744,OK,158752000.0,2026-Q2,2026-10-07,2026-Q2,2026-08-13,PROVIDER_FILING_DATE_PROXY,EXISTING_UNREVIEWED_COMMON_RULE,0.904,2026-08-13,4,4,,,
2026-10-08,MXL,1503,PB_OWNERSHIP_BASIS_V2,20.082544841833865,OK,,20.082544841833865,OK,484840000.0,2026-Q2,2026-10-07,2026-Q2,2026-07-23,PROVIDER_FILING_DATE_PROXY,EXISTING_UNREVIEWED_COMMON_RULE,17.067,2026-07-23,4,4,,,
2026-10-08,MYE,1504,PB_OWNERSHIP_BASIS_V2,3.773250711170273,OK,,3.773250711170273,OK,306368000.0,2026-Q2,2026-10-07,2026-Q2,2026-07-30,PROVIDER_FILING_DATE_PROXY,EXISTING_UNREVIEWED_COMMON_RULE,4.048,2026-07-30,4,4,,,
2026-10-08,MYGN,1505,PB_OWNERSHIP_BASIS_V2,1.3470895053244296,OK,,1.3470895053244296,OK,303900000.0,2026-Q2,2026-10-07,2026-Q2,2026-07-31,PROVIDER_FILING_DATE_PROXY,EXISTING_UNREVIEWED_COMMON_RULE,0.9,2026-07-31,4,4,,,
2026-10-08,MYRG,1506,PB_OWNERSHIP_BASIS_V2,6.461175425448057,OK,,6.461175425448057,OK,754417000.0,2026-Q2,2026-10-07,2026-Q2,2026-07-29,PROVIDER_FILING_DATE_PROXY,EXISTING_UNREVIEWED_COMMON_RULE,6.647,2026-07-29,4,4,,,
2026-10-08,MYSE,1507,PB_OWNERSHIP_BASIS_V2,,OWNERSHIP_BASIS_UNVERIFIED,,,OWNERSHIP_BASIS_UNVERIFIED,4373657.0,2026-Q2,2026-10-07,2026-Q2,2026-08-14,PROVIDER_FILING_DATE_PROXY,HELD,3.16,2026-08-14,4,4,,,
2026-10-08,MYSZ,1508,PB_OWNERSHIP_BASIS_V2,0.4562712231964368,OK,,0.4562712231964368,OK,2347000.0,2026-Q2,2026-10-07,2026-Q2,2026-08-13,PROVIDER_FILING_DATE_PROXY,EXISTING_UNREVIEWED_COMMON_RULE,1.049,2026-08-13,4,4,,,
2026-10-08,MZTI,1509,PB_OWNERSHIP_BASIS_V2,2.6025116444272443,OK,,2.6025116444272443,OK,1053150000.0,2026-Q4,2026-10-07,2026-Q4,2026-08-25,PROVIDER_FILING_DATE_PROXY,EXISTING_UNREVIEWED_COMMON_RULE,3.041,2026-08-25,4,4,,,
2026-10-08,NABL,1510,PB_OWNERSHIP_BASIS_V2,1.0517892834988305,OK,,1.0517892834988305,OK,804628000.0,2026-Q2,2026-10-07,2026-Q2,2026-08-10,PROVIDER_FILING_DATE_PROXY,EXISTING_UNREVIEWED_COMMON_RULE,0.754,2026-08-10,4,4,,,
2026-10-08,NAGE,1511,PB_OWNERSHIP_BASIS_V2,2.6078752387530666,OK,,2.6078752387530666,OK,82528000.0,2026-Q2,2026-10-07,2026-Q2,2026-08-04,PROVIDER_FILING_DATE_PROXY,EXISTING_UNREVIEWED_COMMON_RULE,3.327,2026-08-04,4,4,,,
2026-10-08,NAMS,1512,PB_OWNERSHIP_BASIS_V2,,MISSING_EQUITY,,,MISSING_EQUITY,,2026-Q2,2026-10-07,2026-Q2,2026-08-05,PROVIDER_FILING_DATE_PROXY,HELD,,2026-08-05,0,4,,,
2026-10-08,NATL,1513,PB_OWNERSHIP_BASIS_V2,7.241581205142712,OK,,7.241581205142712,OK,464000000.0,2026-Q2,2026-10-07,2026-Q2,2026-08-05,PROVIDER_FILING_DATE_PROXY,EXISTING_UNREVIEWED_COMMON_RULE,7.455,2026-08-05,4,4,,,
2026-10-08,NB,1514,PB_OWNERSHIP_BASIS_V2,,MISSING_EQUITY,,,MISSING_EQUITY,,2026-Q4,2026-10-07,2026-Q4,2026-09-25,PROVIDER_FILING_DATE_PROXY,HELD,,2026-09-25,0,4,,,
2026-10-08,NBIX,1515,PB_OWNERSHIP_BASIS_V2,3.9483452789022833,OK,,3.9483452789022833,OK,3693600000.0,2026-Q2,2026-10-07,2026-Q2,2026-07-31,PROVIDER_FILING_DATE_PROXY,EXISTING_UNREVIEWED_COMMON_RULE,4.59,2026-07-31,4,4,,,
2026-10-08,NBR,1516,PB_OWNERSHIP_BASIS_V2,,OWNERSHIP_BASIS_UNVERIFIED,,,OWNERSHIP_BASIS_UNVERIFIED,544128000.0,2026-Q2,2026-10-07,2026-Q2,2026-07-31,PROVIDER_FILING_DATE_PROXY,HELD,2.33,2026-07-31,4,4,,,
2026-10-08,NCLH,1517,PB_OWNERSHIP_BASIS_V2,2.6860229681153744,OK,,2.6860229681153744,OK,2572866000.0,2026-Q2,2026-10-07,2026-Q2,2026-08-03,PROVIDER_FILING_DATE_PROXY,EXISTING_UNREVIEWED_COMMON_RULE,3.527,2026-08-03,4,4,,,
2026-10-08,NCMI,1518,PB_OWNERSHIP_BASIS_V2,0.6190696353144728,OK,,0.6190696353144728,OK,334300000.0,2026-Q2,2026-10-07,2026-Q2,2026-08-11,PROVIDER_FILING_DATE_PROXY,EXISTING_UNREVIEWED_COMMON_RULE,1.066,2026-08-11,4,4,,,
2026-10-08,NCNO,1519,PB_OWNERSHIP_BASIS_V2,2.1708261038489316,OK,,2.1708261038489316,OK,929832000.0,2027-Q2,2026-10-07,2027-Q2,2026-08-25,PROVIDER_FILING_DATE_PROXY,EXISTING_UNREVIEWED_COMMON_RULE,2.366,2026-08-25,4,4,,,
2026-10-08,NDAQ,1520,PB_OWNERSHIP_BASIS_V2,4.286519017229426,OK,,4.286519017229426,OK,11988000000.0,2026-Q2,2026-10-07,2026-Q2,2026-07-23,PROVIDER_FILING_DATE_PROXY,EXISTING_UNREVIEWED_COMMON_RULE,4.216,2026-07-23,4,4,,,
2026-10-08,NDRA,1521,PB_OWNERSHIP_BASIS_V2,,OWNERSHIP_BASIS_UNVERIFIED,,,OWNERSHIP_BASIS_UNVERIFIED,6309691.0,2026-Q2,2026-10-07,2026-Q2,2026-08-14,PROVIDER_FILING_DATE_PROXY,HELD,1.063,2026-08-14,4,4,,,
2026-10-08,NDSN,1522,PB_OWNERSHIP_BASIS_V2,5.583296410534279,OK,,5.583296410534279,OK,3269059000.0,2026-Q3,2026-10-07,2026-Q3,2026-08-20,PROVIDER_FILING_DATE_PROXY,EXISTING_UNREVIEWED_COMMON_RULE,5.703,2026-08-20,4,4,,,
2026-10-08,NE,1523,PB_OWNERSHIP_BASIS_V2,,OWNERSHIP_BASIS_UNVERIFIED,,,OWNERSHIP_BASIS_UNVERIFIED,4483942000.0,2026-Q2,2026-10-07,2026-Q2,2026-07-28,PROVIDER_FILING_DATE_PROXY,HELD,1.396,2026-07-28,4,4,,,
2026-10-08,NEE,1524,PB_OWNERSHIP_BASIS_V2,,OWNERSHIP_BASIS_UNVERIFIED,,,OWNERSHIP_BASIS_UNVERIFIED,57126000000.0,2026-Q2,2026-10-07,2026-Q2,2026-07-24,PROVIDER_FILING_DATE_PROXY,HELD,3.278,2026-07-24,4,4,,,
2026-10-08,NEGG,1525,PB_OWNERSHIP_BASIS_V2,1.4717521825279287,OK,,,OWNERSHIP_REVIEW_STALE,171155000.0,2026-Q2,2026-10-07,2026-Q2,2026-06-30,ACCEPTED_SHARE_COUNT_WITH_SCOPED_OFFICIAL_IDENTITY,OPERATOR_CONFIRMED_QUARTER,2.167,2026-08-27,4,4,IDENTITY_OVERRIDE,,c22833c50f49a5f83b3b27238770b41c57a9b46652e0a5ab3341c01d1a07b2e8
2026-10-08,NEM,1526,PB_OWNERSHIP_BASIS_V2,3.3946094661074278,OK,,3.3946094661074278,OK,35243000000.0,2026-Q2,2026-10-07,2026-Q2,2026-07-23,PROVIDER_FILING_DATE_PROXY,EXISTING_UNREVIEWED_COMMON_RULE,2.832,2026-07-23,4,4,,,
2026-10-08,NEO,1527,PB_OWNERSHIP_BASIS_V2,2.611262887481538,OK,,2.611262887481538,OK,785732000.0,2026-Q2,2026-10-07,2026-Q2,2026-07-28,PROVIDER_FILING_DATE_PROXY,EXISTING_UNREVIEWED_COMMON_RULE,2.191,2026-07-28,4,4,,,
2026-10-08,NEOG,1528,PB_OWNERSHIP_BASIS_V2,1.2169211779948468,OK,,1.2169211779948468,OK,2092900000.0,2026-Q4,2026-10-07,2026-Q4,2026-07-30,PROVIDER_FILING_DATE_PROXY,EXISTING_UNREVIEWED_COMMON_RULE,1.201,2026-07-30,4,4,,,
2026-10-08,NEON,1529,PB_OWNERSHIP_BASIS_V2,0.7194990529825807,OK,,0.7194990529825807,OK,20760000.0,2026-Q2,2026-10-07,2026-Q2,2026-08-12,PROVIDER_FILING_DATE_PROXY,EXISTING_UNREVIEWED_COMMON_RULE,0.801,2026-08-12,4,4,,,
2026-10-08,NEOV,1530,PB_OWNERSHIP_BASIS_V2,,MISSING_EQUITY,LARGE_ENDPOINT_VS_AVERAGE_SHARE_DIFFERENCE,,MISSING_EQUITY,,2026-Q4,2026-10-07,2026-Q4,2026-09-23,PROVIDER_FILING_DATE_PROXY,HELD,,2026-09-23,0,4,,,
2026-10-08,NET,1531,PB_OWNERSHIP_BASIS_V2,75.38466209566401,OK,,75.38466209566401,OK,1620020000.0,2026-Q2,2026-10-07,2026-Q2,2026-08-06,PROVIDER_FILING_DATE_PROXY,EXISTING_UNREVIEWED_COMMON_RULE,62.518,2026-08-06,4,4,,,
2026-10-08,NEUP,1532,PB_OWNERSHIP_BASIS_V2,,MISSING_EQUITY,,,MISSING_EQUITY,,2026-Q4,2026-10-07,2026-Q4,2026-09-18,PROVIDER_FILING_DATE_PROXY,HELD,,2026-09-18,0,4,,,
2026-10-08,NEXT,1533,PB_OWNERSHIP_BASIS_V2,,NEGATIVE_EQUITY,,,NEGATIVE_EQUITY,-57280000.0,2026-Q2,2026-10-07,2026-Q2,2026-07-30,PROVIDER_FILING_DATE_PROXY,HELD,,2026-07-30,2,4,,,
2026-10-08,NFE,1534,PB_OWNERSHIP_BASIS_V2,,MISSING_EQUITY,,,MISSING_EQUITY,,2026-Q2,2026-10-07,2026-Q2,2026-08-06,PROVIDER_FILING_DATE_PROXY,HELD,,2026-08-06,0,4,,,
2026-10-08,NFG,1535,PB_OWNERSHIP_BASIS_V2,1.881678730427607,OK,,1.881678730427607,OK,3923679000.0,2026-Q3,2026-10-07,2026-Q3,2026-07-30,PROVIDER_FILING_DATE_PROXY,EXISTING_UNREVIEWED_COMMON_RULE,1.998,2026-07-30,4,4,,,
2026-10-08,NFLX,1536,PB_OWNERSHIP_BASIS_V2,9.62543387461207,OK,,9.62543387461207,OK,30152052000.0,2026-Q2,2026-10-07,2026-Q2,2026-07-17,PROVIDER_FILING_DATE_PROXY,EXISTING_UNREVIEWED_COMMON_RULE,9.522,2026-07-17,4,4,,,
2026-10-08,NGL,1537,PB_OWNERSHIP_BASIS_V2,,NEGATIVE_EQUITY,,,NEGATIVE_EQUITY,-257117000.0,2027-Q1,2026-10-07,2027-Q1,2026-08-04,PROVIDER_FILING_DATE_PROXY,HELD,,2026-08-04,2,4,,,
2026-10-08,NGNE,1538,PB_OWNERSHIP_BASIS_V2,2.3842274971295017,OK,,2.3842274971295017,OK,217133000.0,2026-Q2,2026-10-07,2026-Q2,2026-08-11,PROVIDER_FILING_DATE_PROXY,EXISTING_UNREVIEWED_COMMON_RULE,3.299,2026-08-11,4,4,,,
2026-10-08,NGVC,1539,PB_OWNERSHIP_BASIS_V2,2.8916086858819243,OK,,2.8916086858819243,OK,239416000.0,2026-Q3,2026-10-07,2026-Q3,2026-08-06,PROVIDER_FILING_DATE_PROXY,EXISTING_UNREVIEWED_COMMON_RULE,3.125,2026-08-06,4,4,,,
2026-10-08,NGVT,1540,PB_OWNERSHIP_BASIS_V2,51.98469435590927,OK,,51.98469435590927,OK,46900000.0,2026-Q2,2026-10-07,2026-Q2,2026-07-30,PROVIDER_FILING_DATE_PROXY,EXISTING_UNREVIEWED_COMMON_RULE,51.45,2026-07-30,4,4,,,
2026-10-08,NHI,1541,PB_OWNERSHIP_BASIS_V2,1.9988871977923586,OK,,1.9988871977923586,OK,1571426000.0,2026-Q2,2026-10-07,2026-Q2,2026-08-10,PROVIDER_FILING_DATE_PROXY,EXISTING_UNREVIEWED_COMMON_RULE,2.317,2026-08-10,4,4,,,
2026-10-08,NI,1542,PB_OWNERSHIP_BASIS_V2,,OWNERSHIP_BASIS_UNVERIFIED,,,OWNERSHIP_BASIS_UNVERIFIED,9574600000.0,2026-Q2,2026-10-07,2026-Q2,2026-08-05,PROVIDER_FILING_DATE_PROXY,HELD,2.149,2026-08-05,4,4,,,
2026-10-08,NIXX,1543,PB_OWNERSHIP_BASIS_V2,,OWNERSHIP_BASIS_UNVERIFIED,,,OWNERSHIP_BASIS_UNVERIFIED,8268000.0,2026-Q2,2026-10-07,2026-Q2,2026-08-12,PROVIDER_FILING_DATE_PROXY,HELD,2.178,2026-08-12,4,4,,,
2026-10-08,NJR,1544,PB_OWNERSHIP_BASIS_V2,1.9560751572799744,OK,,1.9560751572799744,OK,2643460000.0,2026-Q3,2026-10-07,2026-Q3,2026-08-04,PROVIDER_FILING_DATE_PROXY,EXISTING_UNREVIEWED_COMMON_RULE,2.203,2026-08-04,4,4,,,
2026-10-08,NKE,1545,PB_OWNERSHIP_BASIS_V2,,MISSING_EQUITY,,,MISSING_EQUITY,,2027-Q1,2026-10-07,2027-Q1,2026-10-02,PROVIDER_FILING_DATE_PROXY,HELD,,2026-10-02,0,4,,,
2026-10-08,NKTR,1546,PB_OWNERSHIP_BASIS_V2,1.5220517307560317,OK,,1.5220517307560317,OK,903121000.0,2026-Q2,2026-10-07,2026-Q2,2026-08-14,PROVIDER_FILING_DATE_PROXY,EXISTING_UNREVIEWED_COMMON_RULE,2.761,2026-08-14,4,4,,,
2026-10-08,NKTX,1547,PB_OWNERSHIP_BASIS_V2,0.6562912197719588,OK,,0.6562912197719588,OK,247738000.0,2026-Q2,2026-10-07,2026-Q2,2026-08-10,PROVIDER_FILING_DATE_PROXY,EXISTING_UNREVIEWED_COMMON_RULE,0.711,2026-08-10,4,4,,,
2026-10-08,NLOP,1548,PB_OWNERSHIP_BASIS_V2,0.8644324599820137,OK,,0.8644324599820137,OK,163833000.0,2026-Q2,2026-10-07,2026-Q2,2026-08-05,PROVIDER_FILING_DATE_PROXY,EXISTING_UNREVIEWED_COMMON_RULE,1.073,2026-08-05,4,4,,,
2026-10-08,NMRA,1549,PB_OWNERSHIP_BASIS_V2,1.97523048205141,OK,,1.97523048205141,OK,44519000.0,2026-Q2,2026-10-07,2026-Q2,2026-08-14,PROVIDER_FILING_DATE_PROXY,EXISTING_UNREVIEWED_COMMON_RULE,6.753,2026-08-14,4,4,,,
2026-10-08,NMRK,1550,PB_OWNERSHIP_BASIS_V2,1.5384390309997127,OK,,1.5384390309997127,OK,1436575000.0,2026-Q2,2026-10-07,2026-Q2,2026-08-07,PROVIDER_FILING_DATE_PROXY,EXISTING_UNREVIEWED_COMMON_RULE,1.868,2026-08-07,4,4,,,
2026-10-08,NN,1551,PB_OWNERSHIP_BASIS_V2,,OWNERSHIP_BASIS_UNVERIFIED,,,OWNERSHIP_BASIS_UNVERIFIED,334500000.0,2026-Q2,2026-10-07,2026-Q2,2026-08-11,PROVIDER_FILING_DATE_PROXY,HELD,8.998,2026-08-11,1,4,,,
2026-10-08,NNBR,1552,PB_OWNERSHIP_BASIS_V2,15.651080651779502,OK,LARGE_ENDPOINT_VS_AVERAGE_SHARE_DIFFERENCE,15.651080651779502,OK,21211000.0,2026-Q2,2026-10-07,2026-Q2,2026-08-05,PROVIDER_FILING_DATE_PROXY,EXISTING_UNREVIEWED_COMMON_RULE,15.184,2026-08-05,4,4,,,
2026-10-08,NNDM,1553,PB_OWNERSHIP_BASIS_V2,0.6787274024308138,OK,,0.6787274024308138,OK,481490000.0,2026-Q2,2026-10-07,2026-Q2,2026-08-07,PROVIDER_FILING_DATE_PROXY,EXISTING_UNREVIEWED_COMMON_RULE,0.714,2026-08-07,4,4,,,
2026-10-08,NNE,1554,PB_OWNERSHIP_BASIS_V2,1.3955596497529514,OK,,1.3955596497529514,OK,616030515.0,2026-Q3,2026-10-07,2026-Q3,2026-08-12,PROVIDER_FILING_DATE_PROXY,EXISTING_UNREVIEWED_COMMON_RULE,1.657,2026-08-12,4,4,,,
2026-10-08,NNN,1555,PB_OWNERSHIP_BASIS_V2,,OWNERSHIP_BASIS_UNVERIFIED,,,OWNERSHIP_BASIS_UNVERIFIED,4460736000.0,2026-Q2,2026-10-07,2026-Q2,2026-08-05,PROVIDER_FILING_DATE_PROXY,HELD,2.038,2026-08-05,4,4,,,
2026-10-08,NOC,1556,PB_OWNERSHIP_BASIS_V2,3.7609684117670845,OK,,3.7609684117670845,OK,17884000000.0,2026-Q2,2026-10-07,2026-Q2,2026-07-21,PROVIDER_FILING_DATE_PROXY,EXISTING_UNREVIEWED_COMMON_RULE,4.069,2026-07-21,4,4,,,
2026-10-08,NOG,1557,PB_OWNERSHIP_BASIS_V2,1.2911919702406633,OK,,1.2911919702406633,OK,1995333000.0,2026-Q2,2026-10-07,2026-Q2,2026-08-07,PROVIDER_FILING_DATE_PROXY,EXISTING_UNREVIEWED_COMMON_RULE,1.153,2026-08-07,4,4,,,
2026-10-08,NOTE,1558,PB_OWNERSHIP_BASIS_V2,,STALE_EQUITY,,,STALE_EQUITY,61951000.0,2025-Q4,2026-10-07,2025-Q4,2026-03-24,PROVIDER_FILING_DATE_PROXY,HELD,0.22,2026-03-24,4,4,,,
2026-10-08,NOV,1559,PB_OWNERSHIP_BASIS_V2,1.0697216739191537,OK,,1.0697216739191537,OK,6205000000.0,2026-Q2,2026-10-07,2026-Q2,2026-07-29,PROVIDER_FILING_DATE_PROXY,EXISTING_UNREVIEWED_COMMON_RULE,1.095,2026-07-29,4,4,,,
2026-10-08,NOVT,1560,PB_OWNERSHIP_BASIS_V2,,OWNERSHIP_BASIS_UNVERIFIED,,,OWNERSHIP_BASIS_UNVERIFIED,1616458000.0,2026-Q2,2026-10-07,2026-Q2,2026-08-05,PROVIDER_FILING_DATE_PROXY,HELD,3.582,2026-08-05,4,4,,,
2026-10-08,NOW,1561,PB_OWNERSHIP_BASIS_V2,11.390026761838596,OK,,11.390026761838596,OK,12516000000.0,2026-Q2,2026-10-07,2026-Q2,2026-07-23,PROVIDER_FILING_DATE_PROXY,EXISTING_UNREVIEWED_COMMON_RULE,7.596,2026-07-23,4,4,,,
2026-10-08,NPCE,1562,PB_OWNERSHIP_BASIS_V2,36.857506025094914,OK,,36.857506025094914,OK,11883000.0,2026-Q2,2026-10-07,2026-Q2,2026-08-11,PROVIDER_FILING_DATE_PROXY,EXISTING_UNREVIEWED_COMMON_RULE,43.472,2026-08-11,4,4,,,
2026-10-08,NPKI,1563,PB_OWNERSHIP_BASIS_V2,2.6087288054558533,OK,,2.6087288054558533,OK,371377000.0,2026-Q2,2026-10-07,2026-Q2,2026-07-30,PROVIDER_FILING_DATE_PROXY,EXISTING_UNREVIEWED_COMMON_RULE,2.849,2026-07-30,4,4,,,
2026-10-08,NPO,1564,PB_OWNERSHIP_BASIS_V2,4.2362030647872455,OK,,4.2362030647872455,OK,1587400000.0,2026-Q2,2026-10-07,2026-Q2,2026-08-04,PROVIDER_FILING_DATE_PROXY,EXISTING_UNREVIEWED_COMMON_RULE,4.465,2026-08-04,4,4,,,
2026-10-08,NPWR,1565,PB_OWNERSHIP_BASIS_V2,,OWNERSHIP_BASIS_UNVERIFIED,LARGE_ENDPOINT_VS_AVERAGE_SHARE_DIFFERENCE,,OWNERSHIP_BASIS_UNVERIFIED,83527000.0,2026-Q2,2026-10-07,2026-Q2,2026-08-13,PROVIDER_FILING_DATE_PROXY,HELD,4.361,2026-08-13,4,4,,,
2026-10-08,NRDS,1566,PB_OWNERSHIP_BASIS_V2,1.7825108601242343,OK,,1.7825108601242343,OK,325800000.0,2026-Q2,2026-10-07,2026-Q2,2026-08-06,PROVIDER_FILING_DATE_PROXY,EXISTING_UNREVIEWED_COMMON_RULE,1.734,2026-08-06,4,4,,,
2026-10-08,NRDY,1567,PB_OWNERSHIP_BASIS_V2,,OWNERSHIP_BASIS_UNVERIFIED,LARGE_ENDPOINT_VS_AVERAGE_SHARE_DIFFERENCE;HISTORICAL_PRICE_MISMATCH,,OWNERSHIP_REVIEW_STALE,17276000.0,2026-Q2,2026-10-07,2026-Q2,2026-08-06,ACCEPTED_PROVIDER_DATE_PENDING_RECONCILIATION,HELD,9.343,2026-08-06,4,4,HELD,,084bb8bb89d49884eb947c9bce4089b4fb0a917a62cfc21ff1f49c74bb015d68
2026-10-08,NRG,1568,PB_OWNERSHIP_BASIS_V2,4.702566567854232,OK,,4.702566567854232,OK,4855000000.0,2026-Q2,2026-10-07,2026-Q2,2026-08-04,PROVIDER_FILING_DATE_PROXY,EXISTING_UNREVIEWED_COMMON_RULE,5.068,2026-08-04,4,4,,,
2026-10-08,NRGV,1569,PB_OWNERSHIP_BASIS_V2,,OWNERSHIP_BASIS_UNVERIFIED,,,OWNERSHIP_BASIS_UNVERIFIED,6888000.0,2026-Q2,2026-10-07,2026-Q2,2026-08-11,PROVIDER_FILING_DATE_PROXY,HELD,94.51,2026-08-11,4,4,,,
2026-10-08,NRIX,1570,PB_OWNERSHIP_BASIS_V2,5.858915589571777,OK,,5.858915589571777,OK,402627000.0,2026-Q2,2026-10-07,2026-Q2,2026-07-09,PROVIDER_FILING_DATE_PROXY,EXISTING_UNREVIEWED_COMMON_RULE,6.364,2026-07-09,4,4,,,
2026-10-08,NRXP,1571,PB_OWNERSHIP_BASIS_V2,,NEGATIVE_EQUITY,,,NEGATIVE_EQUITY,-170000.0,2026-Q2,2026-10-07,2026-Q2,2026-08-14,PROVIDER_FILING_DATE_PROXY,HELD,,2026-08-14,0,4,,,
2026-10-08,NSC,1572,PB_OWNERSHIP_BASIS_V2,4.328268329871496,OK,,4.328268329871496,OK,16253000000.0,2026-Q2,2026-10-07,2026-Q2,2026-07-23,PROVIDER_FILING_DATE_PROXY,EXISTING_UNREVIEWED_COMMON_RULE,4.817,2026-07-23,4,4,,,
2026-10-08,NSIT,1573,PB_OWNERSHIP_BASIS_V2,2.9280737021572447,OK,,2.9280737021572447,OK,1605025000.0,2026-Q2,2026-10-07,2026-Q2,2026-08-06,PROVIDER_FILING_DATE_PROXY,EXISTING_UNREVIEWED_COMMON_RULE,2.728,2026-08-06,4,4,,,
2026-10-08,NSP,1574,PB_OWNERSHIP_BASIS_V2,30.1993090920589,OK,,30.1993090920589,OK,61000000.0,2026-Q2,2026-10-07,2026-Q2,2026-07-29,PROVIDER_FILING_DATE_PROXY,EXISTING_UNREVIEWED_COMMON_RULE,33.299,2026-07-29,4,4,,,
2026-10-08,NSSC,1575,PB_OWNERSHIP_BASIS_V2,6.589937534211824,OK,,6.589937534211824,OK,191002000.0,2026-Q4,2026-10-07,2026-Q4,2026-08-24,PROVIDER_FILING_DATE_PROXY,EXISTING_UNREVIEWED_COMMON_RULE,7.039,2026-08-24,4,4,,,
2026-10-08,NTAP,1576,PB_OWNERSHIP_BASIS_V2,30.97639441340637,OK,,30.97639441340637,OK,1495000000.0,2027-Q1,2026-10-07,2027-Q1,2026-09-02,PROVIDER_FILING_DATE_PROXY,EXISTING_UNREVIEWED_COMMON_RULE,23.75,2026-09-02,4,4,,,
2026-10-08,NTCT,1577,PB_OWNERSHIP_BASIS_V2,1.7518580427290822,OK,,1.7518580427290822,OK,1663024000.0,2027-Q1,2026-10-07,2027-Q1,2026-08-06,PROVIDER_FILING_DATE_PROXY,EXISTING_UNREVIEWED_COMMON_RULE,1.754,2026-08-06,4,4,,,
2026-10-08,NTGR,1578,PB_OWNERSHIP_BASIS_V2,1.3755499708998713,OK,,1.3755499708998713,OK,456425000.0,2026-Q2,2026-10-07,2026-Q2,2026-08-06,PROVIDER_FILING_DATE_PROXY,EXISTING_UNREVIEWED_COMMON_RULE,1.447,2026-08-06,4,4,,,
2026-10-08,NTLA,1579,PB_OWNERSHIP_BASIS_V2,2.2548715832704542,OK,,2.2548715832704542,OK,727706000.0,2026-Q2,2026-10-07,2026-Q2,2026-08-06,PROVIDER_FILING_DATE_PROXY,EXISTING_UNREVIEWED_COMMON_RULE,2.164,2026-08-06,4,4,,,
2026-10-08,NTNX,1580,PB_OWNERSHIP_BASIS_V2,,MISSING_EQUITY,,,MISSING_EQUITY,,2026-Q4,2026-10-07,2026-Q4,2026-09-18,PROVIDER_FILING_DATE_PROXY,HELD,,2026-09-18,0,4,,,
2026-10-08,NTRA,1581,PB_OWNERSHIP_BASIS_V2,31.302607101780193,OK,,31.302607101780193,OK,1821499000.0,2026-Q2,2026-10-07,2026-Q2,2026-08-07,PROVIDER_FILING_DATE_PROXY,EXISTING_UNREVIEWED_COMMON_RULE,25.489,2026-08-07,4,4,,,
2026-10-08,NTST,1582,PB_OWNERSHIP_BASIS_V2,1.111215039638482,OK,,1.111215039638482,OK,1572420000.0,2026-Q2,2026-10-07,2026-Q2,2026-07-22,PROVIDER_FILING_DATE_PROXY,EXISTING_UNREVIEWED_COMMON_RULE,1.394,2026-07-22,4,4,,,
2026-10-08,NUAI,1583,PB_OWNERSHIP_BASIS_V2,,OWNERSHIP_BASIS_UNVERIFIED,,,OWNERSHIP_BASIS_UNVERIFIED,138584967.0,2026-Q2,2026-10-07,2026-Q2,2026-08-14,PROVIDER_FILING_DATE_PROXY,HELD,3.898,2026-08-14,3,4,,,
2026-10-08,NUE,1584,PB_OWNERSHIP_BASIS_V2,2.528890594207594,OK,,2.528890594207594,OK,22109000000.0,2026-Q2,2026-10-07,2026-Q2,2026-08-12,PROVIDER_FILING_DATE_PROXY,EXISTING_UNREVIEWED_COMMON_RULE,2.789,2026-08-12,4,4,,,
2026-10-08,NUS,1585,PB_OWNERSHIP_BASIS_V2,0.43049762866558533,OK,,0.43049762866558533,OK,542739000.0,2026-Q2,2026-10-07,2026-Q2,2026-08-10,PROVIDER_FILING_DATE_PROXY,EXISTING_UNREVIEWED_COMMON_RULE,0.462,2026-08-10,4,4,,,
2026-10-08,NUTX,1586,PB_OWNERSHIP_BASIS_V2,3.6994573837168594,OK,,3.6994573837168594,OK,394316000.0,2026-Q2,2026-10-07,2026-Q2,2026-08-06,PROVIDER_FILING_DATE_PROXY,EXISTING_UNREVIEWED_COMMON_RULE,2.639,2026-08-06,4,4,,,
2026-10-08,NUVB,1587,PB_OWNERSHIP_BASIS_V2,,OWNERSHIP_BASIS_UNVERIFIED,,,OWNERSHIP_BASIS_UNVERIFIED,253864000.0,2026-Q2,2026-10-07,2026-Q2,2026-08-06,PROVIDER_FILING_DATE_PROXY,HELD,8.451,2026-08-06,4,4,,,
2026-10-08,NUWE,1588,PB_OWNERSHIP_BASIS_V2,,NEGATIVE_EQUITY,LARGE_ENDPOINT_VS_AVERAGE_SHARE_DIFFERENCE,,NEGATIVE_EQUITY,-2055000.0,2026-Q2,2026-10-07,2026-Q2,2026-08-13,PROVIDER_FILING_DATE_PROXY,HELD,,2026-08-13,3,4,,,
2026-10-08,NVAX,1589,PB_OWNERSHIP_BASIS_V2,,NEGATIVE_EQUITY,,,NEGATIVE_EQUITY,-190707000.0,2026-Q2,2026-10-07,2026-Q2,2026-08-06,PROVIDER_FILING_DATE_PROXY,HELD,,2026-08-06,0,4,,,
2026-10-08,NVCR,1590,PB_OWNERSHIP_BASIS_V2,5.049205531724427,OK,,5.049205531724427,OK,338092000.0,2026-Q2,2026-10-07,2026-Q2,2026-07-23,PROVIDER_FILING_DATE_PROXY,EXISTING_UNREVIEWED_COMMON_RULE,6.885,2026-07-23,4,4,,,
2026-10-08,NVCT,1591,PB_OWNERSHIP_BASIS_V2,72.79006104374415,OK,LARGE_ENDPOINT_VS_AVERAGE_SHARE_DIFFERENCE,72.79006104374415,OK,9082000.0,2026-Q2,2026-10-07,2026-Q2,2026-08-04,PROVIDER_FILING_DATE_PROXY,EXISTING_UNREVIEWED_COMMON_RULE,72.108,2026-08-04,4,4,,,
2026-10-08,NVDA,1592,PB_OWNERSHIP_BASIS_V2,24.993130652879437,OK,,24.993130652879437,OK,228984000000.0,2027-Q2,2026-10-07,2027-Q2,2026-08-26,PROVIDER_FILING_DATE_PROXY,EXISTING_UNREVIEWED_COMMON_RULE,22.066,2026-08-26,4,4,,,
2026-10-08,NVRI,1593,PB_OWNERSHIP_BASIS_V2,0.8672104713464008,OK,,0.8672104713464008,OK,639081000.0,2026-Q2,2026-10-07,2026-Q2,2026-08-11,PROVIDER_FILING_DATE_PROXY,EXISTING_UNREVIEWED_COMMON_RULE,0.888,2026-08-11,2,3,,,
2026-10-08,NVST,1594,PB_OWNERSHIP_BASIS_V2,1.202949049965837,OK,,1.202949049965837,OK,3076300000.0,2026-Q2,2026-10-07,2026-Q2,2026-08-05,PROVIDER_FILING_DATE_PROXY,EXISTING_UNREVIEWED_COMMON_RULE,1.495,2026-08-05,4,4,,,
2026-10-08,NVT,1595,PB_OWNERSHIP_BASIS_V2,6.813062908139896,OK,,6.813062908139896,OK,3986900000.0,2026-Q2,2026-10-07,2026-Q2,2026-07-31,PROVIDER_FILING_DATE_PROXY,EXISTING_UNREVIEWED_COMMON_RULE,6.245,2026-07-31,4,4,,,
2026-10-08,NVTS,1596,PB_OWNERSHIP_BASIS_V2,,OWNERSHIP_BASIS_UNVERIFIED,,,OWNERSHIP_BASIS_UNVERIFIED,801412000.0,2026-Q2,2026-10-07,2026-Q2,2026-07-27,PROVIDER_FILING_DATE_PROXY,HELD,3.717,2026-07-27,4,4,,,
2026-10-08,NWE,1597,PB_OWNERSHIP_BASIS_V2,1.571656577315536,OK,,1.571656577315536,OK,2895337000.0,2026-Q2,2026-10-07,2026-Q2,2026-07-30,PROVIDER_FILING_DATE_PROXY,EXISTING_UNREVIEWED_COMMON_RULE,1.482,2026-07-30,4,4,,,
2026-10-08,NWL,1598,PB_OWNERSHIP_BASIS_V2,0.9939403960190224,OK,,0.9939403960190224,OK,2451000000.0,2026-Q2,2026-10-07,2026-Q2,2026-07-31,PROVIDER_FILING_DATE_PROXY,EXISTING_UNREVIEWED_COMMON_RULE,0.973,2026-07-31,4,4,,,
2026-10-08,NWN,1599,PB_OWNERSHIP_BASIS_V2,1.2842442239580907,OK,,1.2842442239580907,OK,1566080000.0,2026-Q2,2026-10-07,2026-Q2,2026-08-05,PROVIDER_FILING_DATE_PROXY,EXISTING_UNREVIEWED_COMMON_RULE,1.326,2026-08-05,4,4,,,
2026-10-08,"NWS,NWSA",1600,PB_OWNERSHIP_BASIS_V2,,MISSING_PRICE,HISTORICAL_PRICE_CORROBORATION_UNAVAILABLE,,MISSING_PRICE,8526000000.0,2026-Q4,,2026-Q4,2026-08-07,PROVIDER_FILING_DATE_PROXY,HELD,1.81,2026-08-07,4,4,,,
2026-10-08,NWTG,1601,PB_OWNERSHIP_BASIS_V2,,NEGATIVE_EQUITY,,,NEGATIVE_EQUITY,-3499000.0,2026-Q2,2026-10-07,2026-Q2,2026-08-14,PROVIDER_FILING_DATE_PROXY,HELD,,2026-08-14,2,4,,,
2026-10-08,NX,1602,PB_OWNERSHIP_BASIS_V2,1.1305261524003176,OK,,1.1305261524003176,OK,745444000.0,2026-Q3,2026-10-07,2026-Q3,2026-09-04,PROVIDER_FILING_DATE_PROXY,EXISTING_UNREVIEWED_COMMON_RULE,1.41,2026-09-04,4,4,,,
2026-10-08,NXDR,1603,PB_OWNERSHIP_BASIS_V2,2.317551941857299,OK,,2.317551941857299,OK,410626000.0,2026-Q2,2026-10-07,2026-Q2,2026-08-04,PROVIDER_FILING_DATE_PROXY,EXISTING_UNREVIEWED_COMMON_RULE,2.176,2026-08-04,4,4,,,
2026-10-08,NXDT,1604,PB_OWNERSHIP_BASIS_V2,,OWNERSHIP_BASIS_UNVERIFIED,,,OWNERSHIP_BASIS_UNVERIFIED,672998000.0,2026-Q2,2026-10-07,2026-Q2,2026-08-14,PROVIDER_FILING_DATE_PROXY,HELD,0.403,2026-08-14,4,4,,,
2026-10-08,NXPI,1605,PB_OWNERSHIP_BASIS_V2,5.203443926317887,OK,,5.203443926317887,OK,11399000000.0,2026-Q2,2026-10-07,2026-Q2,2026-07-28,PROVIDER_FILING_DATE_PROXY,EXISTING_UNREVIEWED_COMMON_RULE,5.732,2026-07-28,4,4,,,
2026-10-08,NXRT,1606,PB_OWNERSHIP_BASIS_V2,2.0100836900520855,OK,,2.0100836900520855,OK,247861000.0,2026-Q2,2026-10-07,2026-Q2,2026-08-05,PROVIDER_FILING_DATE_PROXY,EXISTING_UNREVIEWED_COMMON_RULE,2.552,2026-08-05,4,4,,,
2026-10-08,NXST,1607,PB_OWNERSHIP_BASIS_V2,2.1497801620615777,OK,,2.1497801620615777,OK,2265000000.0,2026-Q2,2026-10-07,2026-Q2,2026-08-07,PROVIDER_FILING_DATE_PROXY,EXISTING_UNREVIEWED_COMMON_RULE,2.636,2026-08-07,4,4,,,
2026-10-08,NXT,1608,PB_OWNERSHIP_BASIS_V2,5.105311768713472,OK,,5.105311768713472,OK,2557103000.0,2027-Q1,2026-10-07,2027-Q1,2026-08-03,PROVIDER_FILING_DATE_PROXY,EXISTING_UNREVIEWED_COMMON_RULE,5.38,2026-08-03,4,4,,,
2026-10-08,NXXT,1609,PB_OWNERSHIP_BASIS_V2,,MISSING_EQUITY,,,MISSING_EQUITY,,2026-Q2,2026-10-07,2026-Q2,2026-08-13,PROVIDER_FILING_DATE_PROXY,HELD,,2026-08-13,0,4,,,
2026-10-08,NYT,1610,PB_OWNERSHIP_BASIS_V2,5.1121469793445495,OK,,5.1121469793445495,OK,2047536000.0,2026-Q2,2026-10-07,2026-Q2,2026-08-05,PROVIDER_FILING_DATE_PROXY,EXISTING_UNREVIEWED_COMMON_RULE,5.158,2026-08-05,4,4,,,
2026-10-08,O,1611,PB_OWNERSHIP_BASIS_V2,1.2763918093124498,OK,,,OWNERSHIP_REVIEW_STALE,39549557000.0,2026-Q2,2026-10-07,2026-Q2,2026-07-30,OFFICIAL_COVER,OPERATOR_CONFIRMED_QUARTER,1.492,2026-08-06,4,4,ORDINARY_COMMON,,c8b0da9356e0cc7ca353351fbb4ff50cf899b44879da8d19f0d3bcc37724e246
2026-10-08,OABI,1612,PB_OWNERSHIP_BASIS_V2,,OWNERSHIP_BASIS_UNVERIFIED,,,OWNERSHIP_BASIS_UNVERIFIED,260274000.0,2026-Q2,2026-10-07,2026-Q2,2026-08-06,PROVIDER_FILING_DATE_PROXY,HELD,1.251,2026-08-06,4,4,,,
2026-10-08,OBIO,1613,PB_OWNERSHIP_BASIS_V2,17.605680700134418,OK,,17.605680700134418,OK,19323000.0,2026-Q2,2026-10-07,2026-Q2,2026-08-10,PROVIDER_FILING_DATE_PROXY,EXISTING_UNREVIEWED_COMMON_RULE,13.873,2026-08-10,4,4,,,
2026-10-08,OC,1614,PB_OWNERSHIP_BASIS_V2,2.403314684666952,OK,,2.403314684666952,OK,3772000000.0,2026-Q2,2026-10-07,2026-Q2,2026-08-05,PROVIDER_FILING_DATE_PROXY,EXISTING_UNREVIEWED_COMMON_RULE,3.195,2026-08-05,4,4,,,
2026-10-08,OCC,1615,PB_OWNERSHIP_BASIS_V2,,MISSING_EQUITY,,,MISSING_EQUITY,,2026-Q3,2026-10-07,2026-Q3,2026-09-09,PROVIDER_FILING_DATE_PROXY,HELD,,2026-09-09,0,4,,,
2026-10-08,OCGN,1616,PB_OWNERSHIP_BASIS_V2,,NEGATIVE_EQUITY,,,NEGATIVE_EQUITY,-16556000.0,2026-Q2,2026-10-07,2026-Q2,2026-08-06,PROVIDER_FILING_DATE_PROXY,HELD,,2026-08-06,2,4,,,
2026-10-08,OCUL,1617,PB_OWNERSHIP_BASIS_V2,3.0532645115074395,OK,,3.0532645115074395,OK,520041000.0,2026-Q2,2026-10-07,2026-Q2,2026-08-03,PROVIDER_FILING_DATE_PROXY,EXISTING_UNREVIEWED_COMMON_RULE,3.547,2026-08-03,4,4,,,
2026-10-08,ODFL,1618,PB_OWNERSHIP_BASIS_V2,8.007714493177664,OK,,8.007714493177664,OK,4547352000.0,2026-Q2,2026-10-07,2026-Q2,2026-08-05,PROVIDER_FILING_DATE_PROXY,EXISTING_UNREVIEWED_COMMON_RULE,9.824,2026-08-05,4,4,,,
2026-10-08,OEC,1619,PB_OWNERSHIP_BASIS_V2,0.8501441662399837,OK,,0.8501441662399837,OK,380300000.0,2026-Q2,2026-10-07,2026-Q2,2026-08-05,PROVIDER_FILING_DATE_PROXY,EXISTING_UNREVIEWED_COMMON_RULE,0.975,2026-08-05,4,4,,,
2026-10-08,OFIX,1620,PB_OWNERSHIP_BASIS_V2,0.8731534224122084,OK,,0.8731534224122084,OK,429180000.0,2026-Q2,2026-10-07,2026-Q2,2026-08-05,PROVIDER_FILING_DATE_PROXY,EXISTING_UNREVIEWED_COMMON_RULE,0.989,2026-08-05,4,4,,,
2026-10-08,OGE,1621,PB_OWNERSHIP_BASIS_V2,1.9031589043489097,OK,,1.9031589043489097,OK,4981200000.0,2026-Q2,2026-10-07,2026-Q2,2026-07-29,PROVIDER_FILING_DATE_PROXY,EXISTING_UNREVIEWED_COMMON_RULE,1.982,2026-07-29,4,4,,,
2026-10-08,OGN,1622,PB_OWNERSHIP_BASIS_V2,3.599785358898852,OK,,3.599785358898852,OK,1006000000.0,2026-Q2,2026-10-07,2026-Q2,2026-07-31,PROVIDER_FILING_DATE_PROXY,EXISTING_UNREVIEWED_COMMON_RULE,3.537,2026-07-31,4,4,,,
2026-10-08,OGS,1623,PB_OWNERSHIP_BASIS_V2,1.290744843505714,OK,,1.290744843505714,OK,3537886000.0,2026-Q2,2026-10-07,2026-Q2,2026-08-05,PROVIDER_FILING_DATE_PROXY,EXISTING_UNREVIEWED_COMMON_RULE,1.408,2026-08-05,4,4,,,
2026-10-08,OHI,1624,PB_OWNERSHIP_BASIS_V2,2.4592779137053795,OK,,2.4592779137053795,OK,5390533000.0,2026-Q2,2026-10-07,2026-Q2,2026-07-30,PROVIDER_FILING_DATE_PROXY,EXISTING_UNREVIEWED_COMMON_RULE,2.833,2026-07-30,4,4,,,
2026-10-08,OI,1625,PB_OWNERSHIP_BASIS_V2,1.6477799070484191,OK,,1.6477799070484191,OK,539000000.0,2026-Q2,2026-10-07,2026-Q2,2026-07-29,PROVIDER_FILING_DATE_PROXY,EXISTING_UNREVIEWED_COMMON_RULE,2.195,2026-07-29,4,4,,,
2026-10-08,OII,1626,PB_OWNERSHIP_BASIS_V2,3.736136361823581,OK,,3.736136361823581,OK,1164156000.0,2026-Q2,2026-10-07,2026-Q2,2026-07-23,PROVIDER_FILING_DATE_PROXY,EXISTING_UNREVIEWED_COMMON_RULE,4.105,2026-07-23,4,4,,,
2026-10-08,OIS,1627,PB_OWNERSHIP_BASIS_V2,0.8394051300956716,OK,,0.8394051300956716,OK,581376000.0,2026-Q2,2026-10-07,2026-Q2,2026-07-30,PROVIDER_FILING_DATE_PROXY,EXISTING_UNREVIEWED_COMMON_RULE,0.786,2026-07-30,4,4,,,
2026-10-08,OKE,1628,PB_OWNERSHIP_BASIS_V2,2.4198478921866657,OK,,2.4198478921866657,OK,22937000000.0,2026-Q2,2026-10-07,2026-Q2,2026-08-04,PROVIDER_FILING_DATE_PROXY,EXISTING_UNREVIEWED_COMMON_RULE,2.409,2026-08-04,4,4,,,
2026-10-08,OKLO,1629,PB_OWNERSHIP_BASIS_V2,2.092271439364556,OK,,2.092271439364556,OK,3273557000.0,2026-Q2,2026-10-07,2026-Q2,2026-08-07,PROVIDER_FILING_DATE_PROXY,EXISTING_UNREVIEWED_COMMON_RULE,2.751,2026-08-07,4,4,,,
2026-10-08,OKTA,1630,PB_OWNERSHIP_BASIS_V2,5.465504417610784,OK,,5.465504417610784,OK,6973000000.0,2027-Q2,2026-10-07,2027-Q2,2026-08-27,PROVIDER_FILING_DATE_PROXY,EXISTING_UNREVIEWED_COMMON_RULE,4.335,2026-08-27,4,4,,,
2026-10-08,OLB,1631,PB_OWNERSHIP_BASIS_V2,1.301545566366523,OK,LARGE_ENDPOINT_VS_AVERAGE_SHARE_DIFFERENCE,1.301545566366523,OK,7142171.0,2026-Q2,2026-10-07,2026-Q2,2026-08-14,PROVIDER_FILING_DATE_PROXY,EXISTING_UNREVIEWED_COMMON_RULE,1.002,2026-08-14,4,4,,,
2026-10-08,OLED,1632,PB_OWNERSHIP_BASIS_V2,2.107857974964954,OK,,2.107857974964954,OK,1683965000.0,2026-Q2,2026-10-07,2026-Q2,2026-07-30,PROVIDER_FILING_DATE_PROXY,EXISTING_UNREVIEWED_COMMON_RULE,2.194,2026-07-30,4,4,,,
2026-10-08,OLLI,1633,PB_OWNERSHIP_BASIS_V2,2.699056502581204,OK,,2.699056502581204,OK,1895599000.0,2027-Q2,2026-10-07,2027-Q2,2026-09-02,PROVIDER_FILING_DATE_PROXY,EXISTING_UNREVIEWED_COMMON_RULE,2.315,2026-09-02,4,4,,,
2026-10-08,OLMA,1634,PB_OWNERSHIP_BASIS_V2,1.6135371386986679,OK,,1.6135371386986679,OK,430564000.0,2026-Q2,2026-10-07,2026-Q2,2026-08-10,PROVIDER_FILING_DATE_PROXY,EXISTING_UNREVIEWED_COMMON_RULE,2.426,2026-08-10,4,4,,,
2026-10-08,OLN,1635,PB_OWNERSHIP_BASIS_V2,1.060302237639461,OK,,1.060302237639461,OK,1711400000.0,2026-Q2,2026-10-07,2026-Q2,2026-07-31,PROVIDER_FILING_DATE_PROXY,EXISTING_UNREVIEWED_COMMON_RULE,1.233,2026-07-31,4,4,,,
2026-10-08,OM,1636,PB_OWNERSHIP_BASIS_V2,0.8214503374306331,OK,,0.8214503374306331,OK,96337000.0,2026-Q2,2026-10-07,2026-Q2,2026-08-06,PROVIDER_FILING_DATE_PROXY,EXISTING_UNREVIEWED_COMMON_RULE,1.015,2026-08-06,4,4,,,
2026-10-08,OMC,1637,PB_OWNERSHIP_BASIS_V2,2.125927187770778,OK,,2.125927187770778,OK,9661800000.0,2026-Q2,2026-10-07,2026-Q2,2026-07-29,PROVIDER_FILING_DATE_PROXY,EXISTING_UNREVIEWED_COMMON_RULE,2.345,2026-07-29,4,4,,,
2026-10-08,OMCL,1638,PB_OWNERSHIP_BASIS_V2,1.243491643248769,OK,,1.243491643248769,OK,1291605000.0,2026-Q2,2026-10-07,2026-Q2,2026-08-05,PROVIDER_FILING_DATE_PROXY,EXISTING_UNREVIEWED_COMMON_RULE,1.313,2026-08-05,4,4,,,
2026-10-08,OMER,1639,PB_OWNERSHIP_BASIS_V2,,NEGATIVE_EQUITY,,,NEGATIVE_EQUITY,-51349000.0,2026-Q2,2026-10-07,2026-Q2,2026-08-12,PROVIDER_FILING_DATE_PROXY,HELD,,2026-08-12,0,4,,,
2026-10-08,OMEX,1640,PB_OWNERSHIP_BASIS_V2,,NEGATIVE_EQUITY,,,NEGATIVE_EQUITY,-41741820.0,2026-Q2,2026-10-07,2026-Q2,2026-08-11,PROVIDER_FILING_DATE_PROXY,HELD,,2026-08-11,0,4,,,
2026-10-08,ON,1641,PB_OWNERSHIP_BASIS_V2,4.449847054368454,OK,,4.449847054368454,OK,7218700000.0,2026-Q2,2026-10-07,2026-Q2,2026-08-03,PROVIDER_FILING_DATE_PROXY,EXISTING_UNREVIEWED_COMMON_RULE,4.336,2026-08-03,4,4,,,
2026-10-08,ONC,1642,PB_OWNERSHIP_BASIS_V2,7.9995694100345665,OK,,,OWNERSHIP_REVIEW_STALE,5173998000.0,2026-Q2,2026-10-07,2026-Q2,2026-07-31,OFFICIAL_COVER,OPERATOR_CONFIRMED_QUARTER,7.196,2026-08-05,4,4,ADR_FACTOR,0.07692307692307693,ff2139a2817610f5158404bcfa7b7ad250eb7ad7f08bd8b114d128a12b4527b8
2026-10-08,ONCO,1643,PB_OWNERSHIP_BASIS_V2,0.1750466135708478,OK,LARGE_ENDPOINT_VS_AVERAGE_SHARE_DIFFERENCE,0.1750466135708478,OK,13468509.0,2026-Q2,2026-10-07,2026-Q2,2026-08-13,PROVIDER_FILING_DATE_PROXY,EXISTING_UNREVIEWED_COMMON_RULE,0.259,2026-08-13,4,4,,,
2026-10-08,ONCY,1644,PB_OWNERSHIP_BASIS_V2,,NEGATIVE_EQUITY,,,NEGATIVE_EQUITY,-6167000.0,2026-Q2,2026-10-07,2026-Q2,2026-08-12,PROVIDER_FILING_DATE_PROXY,HELD,,2026-08-12,1,4,,,
2026-10-08,ONDS,1645,PB_OWNERSHIP_BASIS_V2,2.6129250113613742,OK,,2.6129250113613742,OK,1569992000.0,2026-Q2,2026-10-07,2026-Q2,2026-08-13,PROVIDER_FILING_DATE_PROXY,EXISTING_UNREVIEWED_COMMON_RULE,3.238,2026-08-13,4,4,,,
2026-10-08,ONEW,1646,PB_OWNERSHIP_BASIS_V2,0.5628013081479468,OK,,0.5628013081479468,OK,286051000.0,2026-Q3,2026-10-07,2026-Q3,2026-07-31,PROVIDER_FILING_DATE_PROXY,EXISTING_UNREVIEWED_COMMON_RULE,0.714,2026-07-31,4,4,,,
2026-10-08,ONL,1647,PB_OWNERSHIP_BASIS_V2,0.20464810809283643,OK,,0.20464810809283643,OK,632752000.0,2026-Q2,2026-10-07,2026-Q2,2026-08-06,PROVIDER_FILING_DATE_PROXY,EXISTING_UNREVIEWED_COMMON_RULE,0.234,2026-08-06,4,4,,,
2026-10-08,ONTO,1648,PB_OWNERSHIP_BASIS_V2,7.769556773630343,OK,,7.769556773630343,OK,1922658000.0,2026-Q2,2026-10-07,2026-Q2,2026-08-06,PROVIDER_FILING_DATE_PROXY,EXISTING_UNREVIEWED_COMMON_RULE,6.858,2026-08-06,4,4,,,
2026-10-08,OOMA,1649,PB_OWNERSHIP_BASIS_V2,5.532062621828368,OK,,5.532062621828368,OK,98385000.0,2027-Q2,2026-10-07,2027-Q2,2026-09-04,PROVIDER_FILING_DATE_PROXY,EXISTING_UNREVIEWED_COMMON_RULE,6.508,2026-09-04,4,4,,,
2026-10-08,OPAD,1650,PB_OWNERSHIP_BASIS_V2,,OWNERSHIP_BASIS_UNVERIFIED,,,OWNERSHIP_BASIS_UNVERIFIED,37306000.0,2026-Q2,2026-10-07,2026-Q2,2026-08-03,PROVIDER_FILING_DATE_PROXY,HELD,0.473,2026-08-03,4,4,,,
2026-10-08,OPCH,1651,PB_OWNERSHIP_BASIS_V2,3.6866797309886365,OK,,3.6866797309886365,OK,1259898000.0,2026-Q2,2026-10-07,2026-Q2,2026-07-29,PROVIDER_FILING_DATE_PROXY,EXISTING_UNREVIEWED_COMMON_RULE,2.845,2026-07-29,4,4,,,
2026-10-08,OPEN,1652,PB_OWNERSHIP_BASIS_V2,,OWNERSHIP_BASIS_UNVERIFIED,,,OWNERSHIP_BASIS_UNVERIFIED,914000000.0,2026-Q2,2026-10-07,2026-Q2,2026-08-04,PROVIDER_FILING_DATE_PROXY,HELD,4.377,2026-08-04,4,4,,,
2026-10-08,OPK,1653,PB_OWNERSHIP_BASIS_V2,0.8760564161390287,OK,,0.8760564161390287,OK,1184166000.0,2026-Q2,2026-10-07,2026-Q2,2026-08-28,PROVIDER_FILING_DATE_PROXY,EXISTING_UNREVIEWED_COMMON_RULE,0.933,2026-08-28,4,4,,,
2026-10-08,OPRX,1654,PB_OWNERSHIP_BASIS_V2,1.2286003009007533,OK,,1.2286003009007533,OK,131082000.0,2026-Q2,2026-10-07,2026-Q2,2026-08-13,PROVIDER_FILING_DATE_PROXY,EXISTING_UNREVIEWED_COMMON_RULE,1.262,2026-08-13,4,4,,,
2026-10-08,OPTX,1655,PB_OWNERSHIP_BASIS_V2,,OWNERSHIP_BASIS_UNVERIFIED,,,OWNERSHIP_BASIS_UNVERIFIED,30475179.0,2026-Q2,2026-10-07,2026-Q2,2026-08-10,PROVIDER_FILING_DATE_PROXY,HELD,10.019,2026-08-10,4,4,,,
2026-10-08,ORA,1656,PB_OWNERSHIP_BASIS_V2,2.1300140849766294,OK,,2.1300140849766294,OK,2597579000.0,2026-Q2,2026-10-07,2026-Q2,2026-08-06,PROVIDER_FILING_DATE_PROXY,EXISTING_UNREVIEWED_COMMON_RULE,2.542,2026-08-06,4,4,,,
2026-10-08,ORBS,1657,PB_OWNERSHIP_BASIS_V2,1.1330311389694867,OK,,1.1330311389694867,OK,394489140.0,2026-Q2,2026-10-07,2026-Q2,2026-08-07,PROVIDER_FILING_DATE_PROXY,EXISTING_UNREVIEWED_COMMON_RULE,0.751,2026-08-07,4,4,,,
2026-10-08,ORCL,1658,PB_OWNERSHIP_BASIS_V2,,MISSING_EQUITY,,,MISSING_EQUITY,,2027-Q1,2026-10-07,2027-Q1,2026-09-11,PROVIDER_FILING_DATE_PROXY,HELD,,2026-09-11,0,4,,,
2026-10-08,ORGO,1659,PB_OWNERSHIP_BASIS_V2,,OWNERSHIP_BASIS_UNVERIFIED,,,OWNERSHIP_BASIS_UNVERIFIED,148268000.0,2026-Q2,2026-10-07,2026-Q2,2026-08-06,PROVIDER_FILING_DATE_PROXY,HELD,2.092,2026-08-06,4,4,,,
2026-10-08,ORIC,1660,PB_OWNERSHIP_BASIS_V2,3.265177262218064,OK,,3.265177262218064,OK,381256000.0,2026-Q2,2026-10-07,2026-Q2,2026-08-03,PROVIDER_FILING_DATE_PROXY,EXISTING_UNREVIEWED_COMMON_RULE,2.882,2026-08-03,4,4,,,
2026-10-08,ORKA,1661,PB_OWNERSHIP_BASIS_V2,4.72269148373019,OK,,4.72269148373019,OK,1114549000.0,2026-Q2,2026-10-07,2026-Q2,2026-08-10,PROVIDER_FILING_DATE_PROXY,EXISTING_UNREVIEWED_COMMON_RULE,6.246,2026-08-10,4,4,,,
2026-10-08,ORLY,1662,PB_OWNERSHIP_BASIS_V2,,NEGATIVE_EQUITY,,,NEGATIVE_EQUITY,-1835725000.0,2026-Q2,2026-10-07,2026-Q2,2026-08-07,PROVIDER_FILING_DATE_PROXY,HELD,,2026-08-07,0,4,,,
2026-10-08,ORN,1663,PB_OWNERSHIP_BASIS_V2,2.233363541483903,OK,,2.233363541483903,OK,164457000.0,2026-Q2,2026-10-07,2026-Q2,2026-07-29,PROVIDER_FILING_DATE_PROXY,EXISTING_UNREVIEWED_COMMON_RULE,2.236,2026-07-29,4,4,,,
2026-10-08,OSIS,1664,PB_OWNERSHIP_BASIS_V2,3.713906100106758,OK,,3.713906100106758,OK,832961000.0,2026-Q4,2026-10-07,2026-Q4,2026-08-21,PROVIDER_FILING_DATE_PROXY,EXISTING_UNREVIEWED_COMMON_RULE,3.957,2026-08-21,4,4,,,
2026-10-08,OSK,1665,PB_OWNERSHIP_BASIS_V2,1.7538818184288543,OK,,1.7538818184288543,OK,4527300000.0,2026-Q2,2026-10-07,2026-Q2,2026-07-28,PROVIDER_FILING_DATE_PROXY,EXISTING_UNREVIEWED_COMMON_RULE,2.08,2026-07-28,4,4,,,
2026-10-08,OSPN,1666,PB_OWNERSHIP_BASIS_V2,2.385123190785347,OK,,2.385123190785347,OK,273480000.0,2026-Q2,2026-10-07,2026-Q2,2026-08-04,PROVIDER_FILING_DATE_PROXY,EXISTING_UNREVIEWED_COMMON_RULE,2.184,2026-08-04,4,4,,,
2026-10-08,OSS,1667,PB_OWNERSHIP_BASIS_V2,5.132980075475505,OK,,5.132980075475505,OK,38627469.0,2026-Q2,2026-10-07,2026-Q2,2026-08-05,PROVIDER_FILING_DATE_PROXY,EXISTING_UNREVIEWED_COMMON_RULE,8.471,2026-08-05,4,4,,,
2026-10-08,OSUR,1668,PB_OWNERSHIP_BASIS_V2,0.809539331120478,OK,,0.809539331120478,OK,317777000.0,2026-Q2,2026-10-07,2026-Q2,2026-08-07,PROVIDER_FILING_DATE_PROXY,EXISTING_UNREVIEWED_COMMON_RULE,0.879,2026-08-07,4,4,,,
2026-10-08,OSW,1669,PB_OWNERSHIP_BASIS_V2,4.062012477005703,OK,,4.062012477005703,OK,582204000.0,2026-Q2,2026-10-07,2026-Q2,2026-07-30,PROVIDER_FILING_DATE_PROXY,EXISTING_UNREVIEWED_COMMON_RULE,4.533,2026-07-30,4,4,,,
2026-10-08,OTEX,1670,PB_OWNERSHIP_BASIS_V2,1.3957816221696215,OK,,1.3957816221696215,OK,4014104000.0,2026-Q4,2026-10-07,2026-Q4,2026-08-06,PROVIDER_FILING_DATE_PROXY,EXISTING_UNREVIEWED_COMMON_RULE,1.548,2026-08-06,4,4,,,
2026-10-08,OTIS,1671,PB_OWNERSHIP_BASIS_V2,,NEGATIVE_EQUITY,,,NEGATIVE_EQUITY,-5748000000.0,2026-Q2,2026-10-07,2026-Q2,2026-07-23,PROVIDER_FILING_DATE_PROXY,HELD,,2026-07-23,0,4,,,
2026-10-08,OTTR,1672,PB_OWNERSHIP_BASIS_V2,1.9701247543315539,OK,,1.9701247543315539,OK,1876871000.0,2026-Q2,2026-10-07,2026-Q2,2026-08-05,PROVIDER_FILING_DATE_PROXY,EXISTING_UNREVIEWED_COMMON_RULE,2.078,2026-08-05,4,4,,,
2026-10-08,OUST,1673,PB_OWNERSHIP_BASIS_V2,,OWNERSHIP_BASIS_UNVERIFIED,,,OWNERSHIP_BASIS_UNVERIFIED,371308000.0,2026-Q2,2026-10-07,2026-Q2,2026-08-06,PROVIDER_FILING_DATE_PROXY,HELD,8.852,2026-08-06,4,4,,,
2026-10-08,OUT,1674,PB_OWNERSHIP_BASIS_V2,7.364637758609933,OK,,7.364637758609933,OK,691900000.0,2026-Q2,2026-10-07,2026-Q2,2026-08-06,PROVIDER_FILING_DATE_PROXY,EXISTING_UNREVIEWED_COMMON_RULE,7.93,2026-08-06,4,4,,,
2026-10-08,OVID,1675,PB_OWNERSHIP_BASIS_V2,2.195926066189144,OK,,2.195926066189144,OK,209890000.0,2026-Q2,2026-10-07,2026-Q2,2026-08-13,PROVIDER_FILING_DATE_PROXY,EXISTING_UNREVIEWED_COMMON_RULE,2.605,2026-08-13,4,4,,,
2026-10-08,OVV,1676,PB_OWNERSHIP_BASIS_V2,1.4720357924039837,OK,,1.4720357924039837,OK,11499000000.0,2026-Q2,2026-10-07,2026-Q2,2026-07-23,PROVIDER_FILING_DATE_PROXY,EXISTING_UNREVIEWED_COMMON_RULE,1.471,2026-07-23,4,4,,,
2026-10-08,OXM,1677,PB_OWNERSHIP_BASIS_V2,0.6678816419524508,OK,,0.6678816419524508,OK,564476000.0,2027-Q2,2026-10-07,2027-Q2,2026-09-04,PROVIDER_FILING_DATE_PROXY,EXISTING_UNREVIEWED_COMMON_RULE,0.819,2026-09-04,4,4,,,
2026-10-08,OXY,1678,PB_OWNERSHIP_BASIS_V2,1.3938794243931072,OK,,,OWNERSHIP_REVIEW_STALE,41746000000.0,2026-Q2,2026-10-07,2026-Q2,2026-07-31,OFFICIAL_COVER,OPERATOR_CONFIRMED_QUARTER,1.289,2026-08-05,4,4,ORDINARY_COMMON,,361b144a635078509283f8d2d0e9bede7ef36704160e7fd1724c7d3f667b621f
2026-10-08,PAA,1679,PB_OWNERSHIP_BASIS_V2,1.534172409880034,OK,,1.534172409880034,OK,11079000000.0,2026-Q2,2026-10-07,2026-Q2,2026-08-10,PROVIDER_FILING_DATE_PROXY,EXISTING_UNREVIEWED_COMMON_RULE,1.481,2026-08-10,4,4,,,
2026-10-08,PACB,1680,PB_OWNERSHIP_BASIS_V2,,NEGATIVE_EQUITY,,,NEGATIVE_EQUITY,-33213000.0,2026-Q2,2026-10-07,2026-Q2,2026-08-06,PROVIDER_FILING_DATE_PROXY,HELD,,2026-08-06,3,4,,,
2026-10-08,PACK,1681,PB_OWNERSHIP_BASIS_V2,,OWNERSHIP_BASIS_UNVERIFIED,,,OWNERSHIP_BASIS_UNVERIFIED,519900000.0,2026-Q2,2026-10-07,2026-Q2,2026-07-30,PROVIDER_FILING_DATE_PROXY,HELD,0.853,2026-07-30,4,4,,,
2026-10-08,PACS,1682,PB_OWNERSHIP_BASIS_V2,6.158604885481922,OK,,6.158604885481922,OK,1110400000.0,2026-Q2,2026-10-07,2026-Q2,2026-08-04,PROVIDER_FILING_DATE_PROXY,EXISTING_UNREVIEWED_COMMON_RULE,6.39,2026-08-04,4,4,,,
2026-10-08,PAG,1683,PB_OWNERSHIP_BASIS_V2,2.193015540765717,OK,,2.193015540765717,OK,5815300000.0,2026-Q2,2026-10-07,2026-Q2,2026-07-30,PROVIDER_FILING_DATE_PROXY,EXISTING_UNREVIEWED_COMMON_RULE,2.491,2026-07-30,4,4,,,
2026-10-08,PAGP,1684,PB_OWNERSHIP_BASIS_V2,3.2829537397806097,OK,,3.2829537397806097,OK,1580000000.0,2026-Q2,2026-10-07,2026-Q2,2026-08-10,PROVIDER_FILING_DATE_PROXY,EXISTING_UNREVIEWED_COMMON_RULE,3.15,2026-08-10,4,4,,,
2026-10-08,PAHC,1685,PB_OWNERSHIP_BASIS_V2,3.9729802678823996,OK,,3.9729802678823996,OK,385477000.0,2026-Q4,2026-10-07,2026-Q4,2026-08-26,PROVIDER_FILING_DATE_PROXY,EXISTING_UNREVIEWED_COMMON_RULE,3.801,2026-08-26,4,4,,,
2026-10-08,PANL,1686,PB_OWNERSHIP_BASIS_V2,1.218614982928571,OK,,1.218614982928571,OK,448629000.0,2026-Q2,2026-10-07,2026-Q2,2026-08-10,PROVIDER_FILING_DATE_PROXY,EXISTING_UNREVIEWED_COMMON_RULE,1.07,2026-08-10,4,4,,,
2026-10-08,PANW,1687,PB_OWNERSHIP_BASIS_V2,,MISSING_EQUITY,,,MISSING_EQUITY,,2026-Q4,2026-10-07,2026-Q4,2026-09-10,PROVIDER_FILING_DATE_PROXY,HELD,,2026-09-10,0,4,,,
2026-10-08,PAR,1688,PB_OWNERSHIP_BASIS_V2,0.7512452083450673,OK,,0.7512452083450673,OK,813770000.0,2026-Q2,2026-10-07,2026-Q2,2026-08-06,PROVIDER_FILING_DATE_PROXY,EXISTING_UNREVIEWED_COMMON_RULE,0.87,2026-08-06,4,4,,,
2026-10-08,PARR,1689,PB_OWNERSHIP_BASIS_V2,2.217350265384711,OK,,2.217350265384711,OK,1945827000.0,2026-Q2,2026-10-07,2026-Q2,2026-08-05,PROVIDER_FILING_DATE_PROXY,EXISTING_UNREVIEWED_COMMON_RULE,1.8,2026-08-05,4,4,,,
2026-10-08,PATH,1690,PB_OWNERSHIP_BASIS_V2,3.495675010090057,OK,,3.495675010090057,OK,1948551000.0,2027-Q2,2026-10-07,2027-Q2,2026-09-08,PROVIDER_FILING_DATE_PROXY,EXISTING_UNREVIEWED_COMMON_RULE,3.747,2026-09-08,4,4,,,
2026-10-08,PATK,1691,PB_OWNERSHIP_BASIS_V2,1.8434814637298484,OK,,1.8434814637298484,OK,1131076000.0,2026-Q2,2026-10-07,2026-Q2,2026-08-06,PROVIDER_FILING_DATE_PROXY,EXISTING_UNREVIEWED_COMMON_RULE,2.457,2026-08-06,4,4,,,
2026-10-08,PAY,1692,PB_OWNERSHIP_BASIS_V2,6.430216288008187,OK,,6.430216288008187,OK,613421000.0,2026-Q2,2026-10-07,2026-Q2,2026-08-04,PROVIDER_FILING_DATE_PROXY,EXISTING_UNREVIEWED_COMMON_RULE,9.157,2026-08-04,4,4,,,
2026-10-08,PAYC,1693,PB_OWNERSHIP_BASIS_V2,17.632743059577603,OK,,17.632743059577603,OK,571500000.0,2026-Q2,2026-10-07,2026-Q2,2026-08-06,PROVIDER_FILING_DATE_PROXY,EXISTING_UNREVIEWED_COMMON_RULE,17.033,2026-08-06,4,4,,,
2026-10-08,PAYO,1694,PB_OWNERSHIP_BASIS_V2,,OWNERSHIP_BASIS_UNVERIFIED,,,OWNERSHIP_BASIS_UNVERIFIED,653530000.0,2026-Q2,2026-10-07,2026-Q2,2026-08-06,PROVIDER_FILING_DATE_PROXY,HELD,3.686,2026-08-06,4,4,,,
2026-10-08,PAYS,1695,PB_OWNERSHIP_BASIS_V2,14.031829803937507,OK,,14.031829803937507,OK,60156746.0,2026-Q2,2026-10-07,2026-Q2,2026-08-06,PROVIDER_FILING_DATE_PROXY,EXISTING_UNREVIEWED_COMMON_RULE,11.638,2026-08-06,4,4,,,
2026-10-08,PAYX,1696,PB_OWNERSHIP_BASIS_V2,,MISSING_EQUITY,,,MISSING_EQUITY,,2027-Q1,2026-10-07,2027-Q1,2026-09-24,PROVIDER_FILING_DATE_PROXY,HELD,,2026-09-24,0,4,,,
2026-10-08,PBF,1697,PB_OWNERSHIP_BASIS_V2,1.5481758451716205,OK,,1.5481758451716205,OK,6407000000.0,2026-Q2,2026-10-07,2026-Q2,2026-07-30,PROVIDER_FILING_DATE_PROXY,EXISTING_UNREVIEWED_COMMON_RULE,1.352,2026-07-30,4,4,,,
2026-10-08,PBH,1698,PB_OWNERSHIP_BASIS_V2,1.17576417011307,OK,,1.17576417011307,OK,1916716000.0,2027-Q1,2026-10-07,2027-Q1,2026-08-06,PROVIDER_FILING_DATE_PROXY,EXISTING_UNREVIEWED_COMMON_RULE,1.345,2026-08-06,4,4,,,
2026-10-08,PBI,1699,PB_OWNERSHIP_BASIS_V2,,NEGATIVE_EQUITY,,,NEGATIVE_EQUITY,-863279000.0,2026-Q2,2026-10-07,2026-Q2,2026-07-30,PROVIDER_FILING_DATE_PROXY,HELD,,2026-07-30,0,4,,,
2026-10-08,PBYI,1700,PB_OWNERSHIP_BASIS_V2,3.655105014440479,OK,,3.655105014440479,OK,138544000.0,2026-Q2,2026-10-07,2026-Q2,2026-08-06,PROVIDER_FILING_DATE_PROXY,EXISTING_UNREVIEWED_COMMON_RULE,3.025,2026-08-06,4,4,,,
2026-10-08,PCAR,1701,PB_OWNERSHIP_BASIS_V2,2.767901620410489,OK,,2.767901620410489,OK,20321300000.0,2026-Q2,2026-10-07,2026-Q2,2026-07-29,PROVIDER_FILING_DATE_PROXY,EXISTING_UNREVIEWED_COMMON_RULE,3.468,2026-07-29,4,4,,,
2026-10-08,PCG,1702,PB_OWNERSHIP_BASIS_V2,,OWNERSHIP_BASIS_UNVERIFIED,,,OWNERSHIP_REVIEW_STALE,33901000000.0,2026-Q2,2026-10-07,2026-Q2,2026-07-23,ACCEPTED_PROVIDER_DATE_PENDING_RECONCILIATION,HELD,1.387,2026-07-23,4,4,HELD,,db4fd90efec9562c1df982f7bf92ea26f7c6339e849b77d270d6f8722a7f3295
2026-10-08,PCOR,1703,PB_OWNERSHIP_BASIS_V2,6.5134752289626325,OK,,6.5134752289626325,OK,1278450000.0,2026-Q2,2026-10-07,2026-Q2,2026-07-31,PROVIDER_FILING_DATE_PROXY,EXISTING_UNREVIEWED_COMMON_RULE,6.51,2026-07-31,4,4,,,
2026-10-08,PCRX,1704,PB_OWNERSHIP_BASIS_V2,1.494874158619066,OK,,1.494874158619066,OK,671976000.0,2026-Q2,2026-10-07,2026-Q2,2026-08-04,PROVIDER_FILING_DATE_PROXY,EXISTING_UNREVIEWED_COMMON_RULE,1.638,2026-08-04,4,4,,,
2026-10-08,PCT,1705,PB_OWNERSHIP_BASIS_V2,,OWNERSHIP_BASIS_UNVERIFIED,,,OWNERSHIP_BASIS_UNVERIFIED,15502000.0,2026-Q2,2026-10-07,2026-Q2,2026-08-06,PROVIDER_FILING_DATE_PROXY,HELD,89.035,2026-08-06,4,4,,,
2026-10-08,PCTY,1706,PB_OWNERSHIP_BASIS_V2,6.429820356146838,OK,,6.429820356146838,OK,1221417000.0,2026-Q4,2026-10-07,2026-Q4,2026-08-05,PROVIDER_FILING_DATE_PROXY,EXISTING_UNREVIEWED_COMMON_RULE,6.421,2026-08-05,4,4,,,
2026-10-08,PCVX,1707,PB_OWNERSHIP_BASIS_V2,3.6128393123005123,OK,,3.6128393123005123,OK,2757942000.0,2026-Q2,2026-10-07,2026-Q2,2026-08-05,PROVIDER_FILING_DATE_PROXY,EXISTING_UNREVIEWED_COMMON_RULE,3.017,2026-08-05,4,4,,,
2026-10-08,PD,1708,PB_OWNERSHIP_BASIS_V2,5.211430106825011,OK,,5.211430106825011,OK,231961000.0,2027-Q2,2026-10-07,2027-Q2,2026-08-27,PROVIDER_FILING_DATE_PROXY,EXISTING_UNREVIEWED_COMMON_RULE,4.282,2026-08-27,4,4,,,
2026-10-08,PDFS,1709,PB_OWNERSHIP_BASIS_V2,6.027519825500096,OK,,6.027519825500096,OK,372495000.0,2026-Q2,2026-10-07,2026-Q2,2026-08-06,PROVIDER_FILING_DATE_PROXY,EXISTING_UNREVIEWED_COMMON_RULE,5.203,2026-08-06,4,4,,,
2026-10-08,PDM,1710,PB_OWNERSHIP_BASIS_V2,0.7719441562105344,OK,HISTORICAL_OHLC_INCOMPLETE,0.7719441562105344,OK,1473497000.0,2026-Q2,2026-10-07,2026-Q2,2026-07-28,PROVIDER_FILING_DATE_PROXY,EXISTING_UNREVIEWED_COMMON_RULE,0.817,2026-07-28,4,4,,,
2026-10-08,PDSB,1711,PB_OWNERSHIP_BASIS_V2,,NEGATIVE_EQUITY,,,NEGATIVE_EQUITY,-3579739.0,2026-Q2,2026-10-07,2026-Q2,2026-08-13,PROVIDER_FILING_DATE_PROXY,HELD,,2026-08-13,3,4,,,
2026-10-08,PDYN,1712,PB_OWNERSHIP_BASIS_V2,,OWNERSHIP_BASIS_UNVERIFIED,,,OWNERSHIP_BASIS_UNVERIFIED,70843000.0,2026-Q2,2026-10-07,2026-Q2,2026-08-06,PROVIDER_FILING_DATE_PROXY,HELD,4.102,2026-08-06,4,4,,,
2026-10-08,PEB,1713,PB_OWNERSHIP_BASIS_V2,,OWNERSHIP_BASIS_UNVERIFIED,,,OWNERSHIP_BASIS_UNVERIFIED,2418368000.0,2026-Q2,2026-10-07,2026-Q2,2026-07-29,PROVIDER_FILING_DATE_PROXY,HELD,0.898,2026-07-29,4,4,,,
2026-10-08,PECO,1714,PB_OWNERSHIP_BASIS_V2,2.008318633411431,OK,,2.008318633411431,OK,2374292000.0,2026-Q2,2026-10-07,2026-Q2,2026-07-24,PROVIDER_FILING_DATE_PROXY,EXISTING_UNREVIEWED_COMMON_RULE,2.36,2026-07-24,4,4,,,
2026-10-08,PEG,1715,PB_OWNERSHIP_BASIS_V2,2.063399612641234,OK,,2.063399612641234,OK,17329000000.0,2026-Q2,2026-10-07,2026-Q2,2026-08-04,PROVIDER_FILING_DATE_PROXY,EXISTING_UNREVIEWED_COMMON_RULE,2.194,2026-08-04,4,4,,,
2026-10-08,PEGA,1716,PB_OWNERSHIP_BASIS_V2,10.077571111751874,OK,,10.077571111751874,OK,560384000.0,2026-Q2,2026-10-07,2026-Q2,2026-07-21,PROVIDER_FILING_DATE_PROXY,EXISTING_UNREVIEWED_COMMON_RULE,9.077,2026-07-21,4,4,,,
2026-10-08,PEN,1717,PB_OWNERSHIP_BASIS_V2,8.140266957924302,OK,,8.140266957924302,OK,1530766000.0,2026-Q2,2026-10-07,2026-Q2,2026-07-30,PROVIDER_FILING_DATE_PROXY,EXISTING_UNREVIEWED_COMMON_RULE,8.23,2026-07-30,4,4,,,
2026-10-08,PENG,1718,PB_OWNERSHIP_BASIS_V2,8.47429492864559,OK,,8.47429492864559,OK,439061000.0,2026-Q3,2026-10-07,2026-Q3,2026-07-07,PROVIDER_FILING_DATE_PROXY,EXISTING_UNREVIEWED_COMMON_RULE,7.319,2026-07-07,4,4,,,
2026-10-08,PENN,1719,PB_OWNERSHIP_BASIS_V2,1.1322875658516316,OK,,1.1322875658516316,OK,1861300000.0,2026-Q2,2026-10-07,2026-Q2,2026-08-06,PROVIDER_FILING_DATE_PROXY,EXISTING_UNREVIEWED_COMMON_RULE,1.45,2026-08-06,4,4,,,
2026-10-08,PEP,1720,PB_OWNERSHIP_BASIS_V2,7.642231742836017,OK,,7.642231742836017,OK,22098000000.0,2026-Q2,2026-10-07,2026-Q2,2026-07-09,PROVIDER_FILING_DATE_PROXY,EXISTING_UNREVIEWED_COMMON_RULE,8.515,2026-07-09,4,4,,,
2026-10-08,PEPG,1721,PB_OWNERSHIP_BASIS_V2,1.3906021550961012,OK,,1.3906021550961012,OK,119533000.0,2026-Q2,2026-10-07,2026-Q2,2026-08-06,PROVIDER_FILING_DATE_PROXY,EXISTING_UNREVIEWED_COMMON_RULE,1.396,2026-08-06,4,4,,,
2026-10-08,PESI,1722,PB_OWNERSHIP_BASIS_V2,5.48556028563635,OK,,5.48556028563635,OK,58330000.0,2026-Q2,2026-10-07,2026-Q2,2026-08-12,PROVIDER_FILING_DATE_PROXY,EXISTING_UNREVIEWED_COMMON_RULE,7.068,2026-08-12,4,4,,,
2026-10-08,PETS,1723,PB_OWNERSHIP_BASIS_V2,1.2070559528366303,OK,,1.2070559528366303,OK,22989000.0,2027-Q1,2026-10-07,2027-Q1,2026-08-13,PROVIDER_FILING_DATE_PROXY,EXISTING_UNREVIEWED_COMMON_RULE,1.914,2026-08-13,4,4,,,
2026-10-08,PEW,1724,PB_OWNERSHIP_BASIS_V2,,OWNERSHIP_BASIS_UNVERIFIED,,,OWNERSHIP_BASIS_UNVERIFIED,102564000.0,2026-Q2,2026-10-07,2026-Q2,2026-08-13,PROVIDER_FILING_DATE_PROXY,HELD,0.777,2026-08-13,4,4,,,
2026-10-08,PFE,1725,PB_OWNERSHIP_BASIS_V2,1.8733520423993426,OK,,1.8733520423993426,OK,85190000000.0,2026-Q2,2026-10-07,2026-Q2,2026-08-04,PROVIDER_FILING_DATE_PROXY,EXISTING_UNREVIEWED_COMMON_RULE,1.7,2026-08-04,4,4,,,
2026-10-08,PFGC,1726,PB_OWNERSHIP_BASIS_V2,3.0057739595835993,OK,,3.0057739595835993,OK,4899300000.0,2026-Q4,2026-10-07,2026-Q4,2026-08-12,PROVIDER_FILING_DATE_PROXY,EXISTING_UNREVIEWED_COMMON_RULE,3.454,2026-08-12,4,4,,,
2026-10-08,PG,1727,PB_OWNERSHIP_BASIS_V2,6.353390505979109,OK,,6.353390505979109,OK,54081000000.0,2026-Q4,2026-10-07,2026-Q4,2026-08-04,PROVIDER_FILING_DATE_PROXY,EXISTING_UNREVIEWED_COMMON_RULE,6.362,2026-08-04,4,4,,,
2026-10-08,PGEN,1728,PB_OWNERSHIP_BASIS_V2,61.95120590972185,OK,,61.95120590972185,OK,43576000.0,2026-Q2,2026-10-07,2026-Q2,2026-08-04,PROVIDER_FILING_DATE_PROXY,EXISTING_UNREVIEWED_COMMON_RULE,53.653,2026-08-04,4,4,,,
2026-10-08,PGNY,1729,PB_OWNERSHIP_BASIS_V2,4.663630625367283,OK,,4.663630625367283,OK,453257000.0,2026-Q2,2026-10-07,2026-Q2,2026-08-07,PROVIDER_FILING_DATE_PROXY,EXISTING_UNREVIEWED_COMMON_RULE,4.757,2026-08-07,4,4,,,
2026-10-08,PGY,1730,PB_OWNERSHIP_BASIS_V2,,MULTI_CLASS_UNVERIFIED,,,OWNERSHIP_REVIEW_STALE,594153000.0,2026-Q2,2026-10-07,2026-Q2,2026-07-30,ACCEPTED_PROVIDER_DATE_PENDING_RECONCILIATION,HELD,2.477,2026-07-30,4,4,HELD,,9e6622682b69b8cb91dfa42cf7e8b7402668c58565e7d659afc7c78b0645ace2
2026-10-08,PH,1731,PB_OWNERSHIP_BASIS_V2,7.796466191827596,OK,,7.796466191827596,OK,15404000000.0,2026-Q4,2026-10-07,2026-Q4,2026-08-21,PROVIDER_FILING_DATE_PROXY,EXISTING_UNREVIEWED_COMMON_RULE,8.197,2026-08-21,4,4,,,
2026-10-08,PHAT,1732,PB_OWNERSHIP_BASIS_V2,,NEGATIVE_EQUITY,,,NEGATIVE_EQUITY,-344273000.0,2026-Q2,2026-10-07,2026-Q2,2026-07-30,PROVIDER_FILING_DATE_PROXY,HELD,,2026-07-30,0,4,,,
2026-10-08,PHIN,1733,PB_OWNERSHIP_BASIS_V2,1.3901551265958654,OK,,1.3901551265958654,OK,1541000000.0,2026-Q2,2026-10-07,2026-Q2,2026-07-30,PROVIDER_FILING_DATE_PROXY,EXISTING_UNREVIEWED_COMMON_RULE,1.737,2026-07-30,4,4,,,
2026-10-08,PHIO,1734,PB_OWNERSHIP_BASIS_V2,,OWNERSHIP_BASIS_UNVERIFIED,,,OWNERSHIP_BASIS_UNVERIFIED,12602000.0,2026-Q2,2026-10-07,2026-Q2,2026-08-06,PROVIDER_FILING_DATE_PROXY,HELD,0.977,2026-08-06,4,4,,,
2026-10-08,PHM,1735,PB_OWNERSHIP_BASIS_V2,1.6180251583067033,OK,,1.6180251583067033,OK,13013731000.0,2026-Q2,2026-10-07,2026-Q2,2026-07-22,PROVIDER_FILING_DATE_PROXY,EXISTING_UNREVIEWED_COMMON_RULE,1.826,2026-07-22,4,4,,,
2026-10-08,PHR,1736,PB_OWNERSHIP_BASIS_V2,1.7527044757174244,OK,,1.7527044757174244,OK,371851000.0,2027-Q2,2026-10-07,2027-Q2,2026-09-03,PROVIDER_FILING_DATE_PROXY,EXISTING_UNREVIEWED_COMMON_RULE,1.853,2026-09-03,4,4,,,
2026-10-08,PHUN,1737,PB_OWNERSHIP_BASIS_V2,,OWNERSHIP_BASIS_UNVERIFIED,,,OWNERSHIP_BASIS_UNVERIFIED,88510000.0,2026-Q2,2026-10-07,2026-Q2,2026-08-10,PROVIDER_FILING_DATE_PROXY,HELD,0.472,2026-08-10,4,4,,,
2026-10-08,PI,1738,PB_OWNERSHIP_BASIS_V2,25.2049556293633,OK,,25.2049556293633,OK,231586000.0,2026-Q2,2026-10-07,2026-Q2,2026-07-29,PROVIDER_FILING_DATE_PROXY,EXISTING_UNREVIEWED_COMMON_RULE,18.379,2026-07-29,4,4,,,
2026-10-08,PII,1739,PB_OWNERSHIP_BASIS_V2,3.5910784029369185,OK,,3.5910784029369185,OK,836500000.0,2026-Q2,2026-10-07,2026-Q2,2026-07-28,PROVIDER_FILING_DATE_PROXY,EXISTING_UNREVIEWED_COMMON_RULE,4.87,2026-07-28,4,4,,,
2026-10-08,PINS,1740,PB_OWNERSHIP_BASIS_V2,3.97450679876285,OK,,3.97450679876285,OK,2893898000.0,2026-Q2,2026-10-07,2026-Q2,2026-08-04,PROVIDER_FILING_DATE_PROXY,EXISTING_UNREVIEWED_COMMON_RULE,5.006,2026-08-04,4,4,,,
2026-10-08,PK,1741,PB_OWNERSHIP_BASIS_V2,0.9904021286724146,OK,,0.9904021286724146,OK,3090000000.0,2026-Q2,2026-10-07,2026-Q2,2026-08-07,PROVIDER_FILING_DATE_PROXY,EXISTING_UNREVIEWED_COMMON_RULE,0.962,2026-08-07,4,4,,,
2026-10-08,PKG,1742,PB_OWNERSHIP_BASIS_V2,4.3432052269997214,OK,,4.3432052269997214,OK,4661900000.0,2026-Q2,2026-10-07,2026-Q2,2026-08-07,PROVIDER_FILING_DATE_PROXY,EXISTING_UNREVIEWED_COMMON_RULE,4.893,2026-08-07,4,4,,,
2026-10-08,PL,1743,PB_OWNERSHIP_BASIS_V2,,OWNERSHIP_BASIS_UNVERIFIED,,,OWNERSHIP_BASIS_UNVERIFIED,564351000.0,2027-Q2,2026-10-07,2027-Q2,2026-09-03,PROVIDER_FILING_DATE_PROXY,HELD,11.831,2026-09-03,4,4,,,
2026-10-08,PLAB,1744,PB_OWNERSHIP_BASIS_V2,,MISSING_EQUITY,,,MISSING_EQUITY,,2026-Q3,2026-10-07,2026-Q3,2026-09-10,PROVIDER_FILING_DATE_PROXY,HELD,,2026-09-10,0,4,,,
2026-10-08,PLAY,1745,PB_OWNERSHIP_BASIS_V2,,MISSING_EQUITY,,,MISSING_EQUITY,,2027-Q2,2026-10-07,2027-Q2,2026-09-14,PROVIDER_FILING_DATE_PROXY,HELD,,2026-09-14,0,4,,,
2026-10-08,PLBY,1746,PB_OWNERSHIP_BASIS_V2,,OWNERSHIP_BASIS_UNVERIFIED,,,OWNERSHIP_BASIS_UNVERIFIED,22055000.0,2026-Q2,2026-10-07,2026-Q2,2026-08-10,PROVIDER_FILING_DATE_PROXY,HELD,6.41,2026-08-10,4,4,,,
2026-10-08,PLCE,1747,PB_OWNERSHIP_BASIS_V2,,MISSING_EQUITY,,,MISSING_EQUITY,,2027-Q2,2026-10-07,2027-Q2,2026-09-14,PROVIDER_FILING_DATE_PROXY,HELD,,2026-09-14,0,4,,,
2026-10-08,PLD,1748,PB_OWNERSHIP_BASIS_V2,2.210869825956401,OK,,2.210869825956401,OK,53725722000.0,2026-Q2,2026-10-07,2026-Q2,2026-07-29,PROVIDER_FILING_DATE_PROXY,EXISTING_UNREVIEWED_COMMON_RULE,2.526,2026-07-29,4,4,,,
2026-10-08,PLNT,1749,PB_OWNERSHIP_BASIS_V2,,NEGATIVE_EQUITY,,,NEGATIVE_EQUITY,-612737000.0,2026-Q2,2026-10-07,2026-Q2,2026-08-06,PROVIDER_FILING_DATE_PROXY,HELD,,2026-08-06,0,4,,,
2026-10-08,PLOW,1750,PB_OWNERSHIP_BASIS_V2,3.0604181645605686,OK,,3.0604181645605686,OK,299659000.0,2026-Q2,2026-10-07,2026-Q2,2026-08-03,PROVIDER_FILING_DATE_PROXY,EXISTING_UNREVIEWED_COMMON_RULE,3.237,2026-08-03,4,4,,,
2026-10-08,PLRX,1751,PB_OWNERSHIP_BASIS_V2,0.4172350613270165,OK,,0.4172350613270165,OK,146926000.0,2026-Q2,2026-10-07,2026-Q2,2026-08-11,PROVIDER_FILING_DATE_PROXY,EXISTING_UNREVIEWED_COMMON_RULE,0.434,2026-08-11,4,4,,,
2026-10-08,PLSE,1752,PB_OWNERSHIP_BASIS_V2,35.188208929778554,OK,,35.188208929778554,OK,99500000.0,2026-Q2,2026-10-07,2026-Q2,2026-08-06,PROVIDER_FILING_DATE_PROXY,EXISTING_UNREVIEWED_COMMON_RULE,27.411,2026-08-06,4,4,,,
2026-10-08,PLTK,1753,PB_OWNERSHIP_BASIS_V2,,NEGATIVE_EQUITY,,,NEGATIVE_EQUITY,-399900000.0,2026-Q2,2026-10-07,2026-Q2,2026-08-06,PROVIDER_FILING_DATE_PROXY,HELD,,2026-08-06,0,4,,,
2026-10-08,PLTR,1754,PB_OWNERSHIP_BASIS_V2,47.72584833121954,OK,,47.72584833121954,OK,9774194000.0,2026-Q2,2026-10-07,2026-Q2,2026-08-04,PROVIDER_FILING_DATE_PROXY,EXISTING_UNREVIEWED_COMMON_RULE,39.991,2026-08-04,4,4,,,
2026-10-08,PLUG,1755,PB_OWNERSHIP_BASIS_V2,4.275023171115444,OK,,4.275023171115444,OK,581753000.0,2026-Q2,2026-10-07,2026-Q2,2026-08-10,PROVIDER_FILING_DATE_PROXY,EXISTING_UNREVIEWED_COMMON_RULE,5.068,2026-08-10,4,4,,,
2026-10-08,PLUS,1756,PB_OWNERSHIP_BASIS_V2,2.258256409638203,OK,,2.258256409638203,OK,1072035000.0,2027-Q1,2026-10-07,2027-Q1,2026-08-04,PROVIDER_FILING_DATE_PROXY,EXISTING_UNREVIEWED_COMMON_RULE,2.362,2026-08-04,4,4,,,
2026-10-08,PLXS,1757,PB_OWNERSHIP_BASIS_V2,4.647353021049721,OK,,4.647353021049721,OK,1528752000.0,2026-Q3,2026-10-07,2026-Q3,2026-08-06,PROVIDER_FILING_DATE_PROXY,EXISTING_UNREVIEWED_COMMON_RULE,4.681,2026-08-06,4,4,,,
2026-10-08,PM,1758,PB_OWNERSHIP_BASIS_V2,,NEGATIVE_EQUITY,,,NEGATIVE_EQUITY,-8583000000.0,2026-Q2,2026-10-07,2026-Q2,2026-07-24,PROVIDER_FILING_DATE_PROXY,HELD,,2026-07-24,0,4,,,
2026-10-08,PMT,1759,PB_OWNERSHIP_BASIS_V2,,OWNERSHIP_BASIS_UNVERIFIED,,,OWNERSHIP_BASIS_UNVERIFIED,1853374000.0,2026-Q2,2026-10-07,2026-Q2,2026-08-04,PROVIDER_FILING_DATE_PROXY,HELD,0.448,2026-08-04,4,4,,,
2026-10-08,PMVP,1760,PB_OWNERSHIP_BASIS_V2,1.1214977202797203,OK,,1.1214977202797203,OK,71500000.0,2026-Q2,2026-10-07,2026-Q2,2026-08-14,PROVIDER_FILING_DATE_PROXY,EXISTING_UNREVIEWED_COMMON_RULE,0.942,2026-08-14,4,4,,,
2026-10-08,PNR,1761,PB_OWNERSHIP_BASIS_V2,2.222149305542538,OK,,,OWNERSHIP_REVIEW_STALE,3749300000.0,2026-Q2,2026-10-07,2026-Q2,2026-06-30,OFFICIAL_COVER,OPERATOR_CONFIRMED_QUARTER,2.843,2026-07-28,4,4,ORDINARY_COMMON,,0dff18538a2673155fc7b6370f3078e771ff39644c2b3894586393742da6bfb2
2026-10-08,PNTG,1762,PB_OWNERSHIP_BASIS_V2,3.852667919175853,OK,,3.852667919175853,OK,359203000.0,2026-Q2,2026-10-07,2026-Q2,2026-08-05,PROVIDER_FILING_DATE_PROXY,EXISTING_UNREVIEWED_COMMON_RULE,3.774,2026-08-05,4,4,,,
2026-10-08,PNW,1763,PB_OWNERSHIP_BASIS_V2,1.3127811292274216,OK,,1.3127811292274216,OK,9004988000.0,2026-Q2,2026-10-07,2026-Q2,2026-08-04,PROVIDER_FILING_DATE_PROXY,EXISTING_UNREVIEWED_COMMON_RULE,1.365,2026-08-04,4,4,,,
2026-10-08,PODD,1764,PB_OWNERSHIP_BASIS_V2,6.552123625348364,OK,,6.552123625348364,OK,1422200000.0,2026-Q2,2026-10-07,2026-Q2,2026-08-05,PROVIDER_FILING_DATE_PROXY,EXISTING_UNREVIEWED_COMMON_RULE,6.498,2026-08-05,4,4,,,
2026-10-08,POLA,1765,PB_OWNERSHIP_BASIS_V2,5.168537349088329,OK,NEAR_ZERO_EQUITY,5.168537349088329,OK,857000.0,2026-Q2,2026-10-07,2026-Q2,2026-08-18,PROVIDER_FILING_DATE_PROXY,EXISTING_UNREVIEWED_COMMON_RULE,7.73,2026-08-18,4,4,,,
2026-10-08,POOL,1766,PB_OWNERSHIP_BASIS_V2,4.445691755383237,OK,,4.445691755383237,OK,1259998000.0,2026-Q2,2026-10-07,2026-Q2,2026-07-29,PROVIDER_FILING_DATE_PROXY,EXISTING_UNREVIEWED_COMMON_RULE,5.579,2026-07-29,4,4,,,
2026-10-08,POR,1767,PB_OWNERSHIP_BASIS_V2,1.2787667231496977,OK,,1.2787667231496977,OK,4123000000.0,2026-Q2,2026-10-07,2026-Q2,2026-07-31,PROVIDER_FILING_DATE_PROXY,EXISTING_UNREVIEWED_COMMON_RULE,1.407,2026-07-31,4,4,,,
2026-10-08,POST,1768,PB_OWNERSHIP_BASIS_V2,1.035941089975197,OK,,1.035941089975197,OK,3078000000.0,2026-Q3,2026-10-07,2026-Q3,2026-08-06,PROVIDER_FILING_DATE_PROXY,EXISTING_UNREVIEWED_COMMON_RULE,1.289,2026-08-06,4,4,,,
2026-10-08,POWI,1769,PB_OWNERSHIP_BASIS_V2,4.220087347553498,OK,,4.220087347553498,OK,680528000.0,2026-Q2,2026-10-07,2026-Q2,2026-08-06,PROVIDER_FILING_DATE_PROXY,EXISTING_UNREVIEWED_COMMON_RULE,4.842,2026-08-06,4,4,,,
2026-10-08,POWL,1770,PB_OWNERSHIP_BASIS_V2,9.52701380284435,OK,,9.52701380284435,OK,756184000.0,2026-Q3,2026-10-07,2026-Q3,2026-08-04,PROVIDER_FILING_DATE_PROXY,EXISTING_UNREVIEWED_COMMON_RULE,10.184,2026-08-04,4,4,,,
2026-10-08,POWW,1771,PB_OWNERSHIP_BASIS_V2,,OWNERSHIP_BASIS_UNVERIFIED,,,OWNERSHIP_BASIS_UNVERIFIED,235954979.0,2027-Q1,2026-10-07,2027-Q1,2026-08-10,PROVIDER_FILING_DATE_PROXY,HELD,1.259,2026-08-10,4,4,,,
2026-10-08,PPC,1772,PB_OWNERSHIP_BASIS_V2,,OWNERSHIP_BASIS_UNVERIFIED,,,OWNERSHIP_BASIS_UNVERIFIED,3749847000.0,2026-Q2,2026-10-07,2026-Q2,2026-07-29,PROVIDER_FILING_DATE_PROXY,HELD,1.902,2026-07-29,4,4,,,
2026-10-08,PPCB,1773,PB_OWNERSHIP_BASIS_V2,,MISSING_EQUITY,LARGE_ENDPOINT_VS_AVERAGE_SHARE_DIFFERENCE,,MISSING_EQUITY,,2026-Q4,2026-10-07,2026-Q4,2026-09-25,PROVIDER_FILING_DATE_PROXY,HELD,,2026-09-25,0,4,,,
2026-10-08,PPG,1774,PB_OWNERSHIP_BASIS_V2,2.766704300253874,OK,,2.766704300253874,OK,8443000000.0,2026-Q2,2026-10-07,2026-Q2,2026-07-29,PROVIDER_FILING_DATE_PROXY,EXISTING_UNREVIEWED_COMMON_RULE,2.944,2026-07-29,4,4,,,
2026-10-08,PPL,1775,PB_OWNERSHIP_BASIS_V2,,OWNERSHIP_BASIS_UNVERIFIED,,,OWNERSHIP_BASIS_UNVERIFIED,15045000000.0,2026-Q2,2026-10-07,2026-Q2,2026-08-07,PROVIDER_FILING_DATE_PROXY,HELD,1.774,2026-08-07,4,4,,,
2026-10-08,PPSI,1776,PB_OWNERSHIP_BASIS_V2,1.371552450223919,OK,,1.371552450223919,OK,24763000.0,2026-Q2,2026-10-07,2026-Q2,2026-08-14,PROVIDER_FILING_DATE_PROXY,EXISTING_UNREVIEWED_COMMON_RULE,1.304,2026-08-14,4,4,,,
2026-10-08,PPTA,1777,PB_OWNERSHIP_BASIS_V2,3.473869658036873,OK,,3.473869658036873,OK,719850000.0,2026-Q2,2026-10-07,2026-Q2,2026-08-14,PROVIDER_FILING_DATE_PROXY,EXISTING_UNREVIEWED_COMMON_RULE,4.386,2026-08-14,4,4,,,
2026-10-08,PR,1778,PB_OWNERSHIP_BASIS_V2,,OWNERSHIP_BASIS_UNVERIFIED,,,OWNERSHIP_BASIS_UNVERIFIED,12005077000.0,2026-Q2,2026-10-07,2026-Q2,2026-08-06,PROVIDER_FILING_DATE_PROXY,HELD,1.415,2026-08-06,4,4,,,
2026-10-08,PRAX,1779,PB_OWNERSHIP_BASIS_V2,5.788262545465958,OK,,5.788262545465958,OK,1341044000.0,2026-Q2,2026-10-07,2026-Q2,2026-08-06,PROVIDER_FILING_DATE_PROXY,EXISTING_UNREVIEWED_COMMON_RULE,7.707,2026-08-06,4,4,,,
2026-10-08,PRCT,1780,PB_OWNERSHIP_BASIS_V2,3.0163531742015857,OK,,3.0163531742015857,OK,340070000.0,2026-Q2,2026-10-07,2026-Q2,2026-08-05,PROVIDER_FILING_DATE_PROXY,EXISTING_UNREVIEWED_COMMON_RULE,3.257,2026-08-05,4,4,,,
2026-10-08,PRDO,1781,PB_OWNERSHIP_BASIS_V2,1.9492333766335426,OK,,1.9492333766335426,OK,1033409000.0,2026-Q2,2026-10-07,2026-Q2,2026-08-06,PROVIDER_FILING_DATE_PROXY,EXISTING_UNREVIEWED_COMMON_RULE,1.965,2026-08-06,4,4,,,
2026-10-08,PRG,1782,PB_OWNERSHIP_BASIS_V2,,OWNERSHIP_BASIS_UNVERIFIED,,,OWNERSHIP_BASIS_UNVERIFIED,805340000.0,2026-Q2,2026-10-07,2026-Q2,2026-07-29,PROVIDER_FILING_DATE_PROXY,HELD,2.116,2026-07-29,4,4,,,
2026-10-08,PRGO,1783,PB_OWNERSHIP_BASIS_V2,0.8025648069075971,OK,,0.8025648069075971,OK,2515800000.0,2026-Q2,2026-10-07,2026-Q2,2026-08-05,PROVIDER_FILING_DATE_PROXY,EXISTING_UNREVIEWED_COMMON_RULE,0.732,2026-08-05,4,4,,,
2026-10-08,PRGS,1784,PB_OWNERSHIP_BASIS_V2,,MISSING_EQUITY,,,MISSING_EQUITY,,2026-Q3,2026-10-07,2026-Q3,2026-09-30,PROVIDER_FILING_DATE_PROXY,HELD,,2026-09-30,0,4,,,
2026-10-08,PRIM,1785,PB_OWNERSHIP_BASIS_V2,2.7534484115419717,OK,,2.7534484115419717,OK,1606300000.0,2026-Q2,2026-10-07,2026-Q2,2026-08-05,PROVIDER_FILING_DATE_PROXY,EXISTING_UNREVIEWED_COMMON_RULE,2.795,2026-08-05,4,4,,,
2026-10-08,PRKS,1786,PB_OWNERSHIP_BASIS_V2,,NEGATIVE_EQUITY,,,NEGATIVE_EQUITY,-617021000.0,2026-Q2,2026-10-07,2026-Q2,2026-08-07,PROVIDER_FILING_DATE_PROXY,HELD,,2026-08-07,0,4,,,
2026-10-08,PRLB,1787,PB_OWNERSHIP_BASIS_V2,3.225515123444711,OK,,3.225515123444711,OK,691733000.0,2026-Q2,2026-10-07,2026-Q2,2026-07-31,PROVIDER_FILING_DATE_PROXY,EXISTING_UNREVIEWED_COMMON_RULE,2.595,2026-07-31,4,4,,,
2026-10-08,PRLD,1788,PB_OWNERSHIP_BASIS_V2,2.2855042619359267,OK,,2.2855042619359267,OK,133733000.0,2026-Q2,2026-10-07,2026-Q2,2026-08-11,PROVIDER_FILING_DATE_PROXY,EXISTING_UNREVIEWED_COMMON_RULE,3.175,2026-08-11,4,4,,,
2026-10-08,PRM,1789,PB_OWNERSHIP_BASIS_V2,4.556748390825385,OK,,4.556748390825385,OK,1021618000.0,2026-Q2,2026-10-07,2026-Q2,2026-07-31,PROVIDER_FILING_DATE_PROXY,EXISTING_UNREVIEWED_COMMON_RULE,4.904,2026-07-31,4,4,,,
2026-10-08,PRMB,1790,PB_OWNERSHIP_BASIS_V2,2.310155981142205,OK,,2.310155981142205,OK,2980200000.0,2026-Q2,2026-10-07,2026-Q2,2026-08-05,PROVIDER_FILING_DATE_PROXY,EXISTING_UNREVIEWED_COMMON_RULE,3.079,2026-08-05,4,4,,,
2026-10-08,PRME,1791,PB_OWNERSHIP_BASIS_V2,17.769091303409905,OK,,17.769091303409905,OK,39809000.0,2026-Q2,2026-10-07,2026-Q2,2026-08-06,PROVIDER_FILING_DATE_PROXY,EXISTING_UNREVIEWED_COMMON_RULE,13.441,2026-08-06,4,4,,,
2026-10-08,PROF,1792,PB_OWNERSHIP_BASIS_V2,5.838248106548591,OK,,5.838248106548591,OK,35542362.0,2026-Q2,2026-10-07,2026-Q2,2026-08-06,PROVIDER_FILING_DATE_PROXY,EXISTING_UNREVIEWED_COMMON_RULE,8.161,2026-08-06,4,4,,,
2026-10-08,PROK,1793,PB_OWNERSHIP_BASIS_V2,,NEGATIVE_EQUITY,LARGE_ENDPOINT_VS_AVERAGE_SHARE_DIFFERENCE,,NEGATIVE_EQUITY,-883532000.0,2026-Q2,2026-10-07,2026-Q2,2026-08-10,PROVIDER_FILING_DATE_PROXY,HELD,,2026-08-10,0,4,,,
2026-10-08,PROP,1794,PB_OWNERSHIP_BASIS_V2,0.20538989708184507,OK,,0.20538989708184507,OK,222971000.0,2026-Q2,2026-10-07,2026-Q2,2026-08-14,PROVIDER_FILING_DATE_PROXY,EXISTING_UNREVIEWED_COMMON_RULE,0.506,2026-08-14,4,4,,,
2026-10-08,PRPL,1795,PB_OWNERSHIP_BASIS_V2,,NEGATIVE_EQUITY,,,NEGATIVE_EQUITY,-63767000.0,2026-Q2,2026-10-07,2026-Q2,2026-08-11,PROVIDER_FILING_DATE_PROXY,HELD,,2026-08-11,0,4,,,
2026-10-08,PRSO,1796,PB_OWNERSHIP_BASIS_V2,1.3815650192385882,OK,,1.3815650192385882,OK,4925000.0,2026-Q2,2026-10-07,2026-Q2,2026-08-13,PROVIDER_FILING_DATE_PROXY,EXISTING_UNREVIEWED_COMMON_RULE,2.104,2026-08-13,4,4,,,
2026-10-08,PRSU,1797,PB_OWNERSHIP_BASIS_V2,2.669208016939797,OK,,2.669208016939797,OK,536252000.0,2026-Q2,2026-10-07,2026-Q2,2026-08-05,PROVIDER_FILING_DATE_PROXY,EXISTING_UNREVIEWED_COMMON_RULE,2.547,2026-08-05,4,4,,,
2026-10-08,PRTA,1798,PB_OWNERSHIP_BASIS_V2,1.517431763351929,OK,,1.517431763351929,OK,286891000.0,2026-Q2,2026-10-07,2026-Q2,2026-08-06,PROVIDER_FILING_DATE_PROXY,EXISTING_UNREVIEWED_COMMON_RULE,1.535,2026-08-06,4,4,,,
2026-10-08,PRTH,1799,PB_OWNERSHIP_BASIS_V2,,NEGATIVE_EQUITY,,,NEGATIVE_EQUITY,-79166000.0,2026-Q2,2026-10-07,2026-Q2,2026-08-06,PROVIDER_FILING_DATE_PROXY,HELD,,2026-08-06,0,4,,,
2026-10-08,PRVA,1800,PB_OWNERSHIP_BASIS_V2,3.3144678321352448,OK,,3.3144678321352448,OK,782329000.0,2026-Q2,2026-10-07,2026-Q2,2026-08-06,PROVIDER_FILING_DATE_PROXY,EXISTING_UNREVIEWED_COMMON_RULE,3.592,2026-08-06,4,4,,,
2026-10-08,PSA,1801,PB_OWNERSHIP_BASIS_V2,5.388671712027257,OK,,,OWNERSHIP_REVIEW_STALE,9190280000.0,2026-Q2,2026-10-07,2026-Q2,2026-07-21,OFFICIAL_COVER,OPERATOR_CONFIRMED_QUARTER,6.295,2026-07-29,4,4,ORDINARY_COMMON,,0c5aa599ef40e95319ba5931f6470e7249965a1c400cf636228ad6789915342a
2026-10-08,PSIX,1802,PB_OWNERSHIP_BASIS_V2,5.864386354012245,OK,,5.864386354012245,OK,203068000.0,2026-Q2,2026-10-07,2026-Q2,2026-08-06,PROVIDER_FILING_DATE_PROXY,EXISTING_UNREVIEWED_COMMON_RULE,3.751,2026-08-06,4,4,,,
2026-10-08,PSKY,1803,PB_OWNERSHIP_BASIS_V2,,OWNERSHIP_BASIS_UNVERIFIED,,,OWNERSHIP_BASIS_UNVERIFIED,11771000000.0,2026-Q2,2026-10-07,2026-Q2,2026-08-04,PROVIDER_FILING_DATE_PROXY,HELD,0.799,2026-08-04,4,4,,,
2026-10-08,PSMT,1804,PB_OWNERSHIP_BASIS_V2,3.7615757529054257,OK,,3.7615757529054257,OK,1392408000.0,2026-Q3,2026-10-07,2026-Q3,2026-07-08,PROVIDER_FILING_DATE_PROXY,EXISTING_UNREVIEWED_COMMON_RULE,4.191,2026-07-08,4,4,,,
2026-10-08,PSN,1805,PB_OWNERSHIP_BASIS_V2,1.705529489895615,OK,,1.705529489895615,OK,2631419000.0,2026-Q2,2026-10-07,2026-Q2,2026-07-29,PROVIDER_FILING_DATE_PROXY,EXISTING_UNREVIEWED_COMMON_RULE,1.637,2026-07-29,4,4,,,
2026-10-08,PSNL,1806,PB_OWNERSHIP_BASIS_V2,7.266502319687363,OK,,7.266502319687363,OK,235161000.0,2026-Q2,2026-10-07,2026-Q2,2026-08-04,PROVIDER_FILING_DATE_PROXY,EXISTING_UNREVIEWED_COMMON_RULE,6.14,2026-08-04,4,4,,,
2026-10-08,PSQH,1807,PB_OWNERSHIP_BASIS_V2,,OWNERSHIP_BASIS_UNVERIFIED,,,OWNERSHIP_BASIS_UNVERIFIED,4186691.0,2026-Q2,2026-10-07,2026-Q2,2026-08-04,PROVIDER_FILING_DATE_PROXY,HELD,3.859,2026-08-04,4,4,,,
2026-10-08,PSTL,1808,PB_OWNERSHIP_BASIS_V2,2.017724517138586,OK,,2.017724517138586,OK,334612000.0,2026-Q2,2026-10-07,2026-Q2,2026-08-04,PROVIDER_FILING_DATE_PROXY,EXISTING_UNREVIEWED_COMMON_RULE,2.089,2026-08-04,4,4,,,
2026-10-08,PSX,1809,PB_OWNERSHIP_BASIS_V2,3.4400450471521515,OK,,3.4400450471521515,OK,31506000000.0,2026-Q2,2026-10-07,2026-Q2,2026-08-05,PROVIDER_FILING_DATE_PROXY,EXISTING_UNREVIEWED_COMMON_RULE,2.565,2026-08-05,4,4,,,
2026-10-08,PTC,1810,PB_OWNERSHIP_BASIS_V2,6.0542849403744485,OK,,6.0542849403744485,OK,3469743000.0,2026-Q3,2026-10-07,2026-Q3,2026-07-31,PROVIDER_FILING_DATE_PROXY,EXISTING_UNREVIEWED_COMMON_RULE,4.291,2026-07-31,4,4,,,
2026-10-08,PTCT,1811,PB_OWNERSHIP_BASIS_V2,,NEGATIVE_EQUITY,,,NEGATIVE_EQUITY,-165363000.0,2026-Q2,2026-10-07,2026-Q2,2026-07-30,PROVIDER_FILING_DATE_PROXY,HELD,,2026-07-30,0,4,,,
2026-10-08,PTEN,1812,PB_OWNERSHIP_BASIS_V2,1.3816526726991207,OK,,1.3816526726991207,OK,3099876000.0,2026-Q2,2026-10-07,2026-Q2,2026-08-04,PROVIDER_FILING_DATE_PROXY,EXISTING_UNREVIEWED_COMMON_RULE,1.241,2026-08-04,4,4,,,
2026-10-08,PTGX,1813,PB_OWNERSHIP_BASIS_V2,10.835680890596905,OK,,10.835680890596905,OK,841543000.0,2026-Q2,2026-10-07,2026-Q2,2026-08-05,PROVIDER_FILING_DATE_PROXY,EXISTING_UNREVIEWED_COMMON_RULE,10.559,2026-08-05,4,4,,,
2026-10-08,PTIX,1814,PB_OWNERSHIP_BASIS_V2,,NEGATIVE_EQUITY,,,NEGATIVE_EQUITY,-4700565.0,2025-Q3,2026-10-07,2025-Q3,2025-11-26,PROVIDER_FILING_DATE_PROXY,HELD,,2025-11-26,1,4,,,
2026-10-08,PTLO,1815,PB_OWNERSHIP_BASIS_V2,0.5994664335301445,OK,,0.5994664335301445,OK,480135000.0,2026-Q2,2026-10-07,2026-Q2,2026-08-05,PROVIDER_FILING_DATE_PROXY,EXISTING_UNREVIEWED_COMMON_RULE,0.739,2026-08-05,4,4,,,
2026-10-08,PTON,1816,PB_OWNERSHIP_BASIS_V2,,NEGATIVE_EQUITY,,,NEGATIVE_EQUITY,-139700000.0,2026-Q4,2026-10-07,2026-Q4,2026-08-06,PROVIDER_FILING_DATE_PROXY,HELD,,2026-08-06,0,4,,,
2026-10-08,PUBM,1817,PB_OWNERSHIP_BASIS_V2,3.5432149511964433,OK,,3.5432149511964433,OK,238728000.0,2026-Q2,2026-10-07,2026-Q2,2026-08-06,PROVIDER_FILING_DATE_PROXY,EXISTING_UNREVIEWED_COMMON_RULE,2.572,2026-08-06,4,4,,,
2026-10-08,PUMP,1818,PB_OWNERSHIP_BASIS_V2,1.190491074457504,OK,,1.190491074457504,OK,957425000.0,2026-Q2,2026-10-07,2026-Q2,2026-07-30,PROVIDER_FILING_DATE_PROXY,EXISTING_UNREVIEWED_COMMON_RULE,1.388,2026-07-30,4,4,,,
2026-10-08,PVH,1819,PB_OWNERSHIP_BASIS_V2,0.7541687277485174,OK,,0.7541687277485174,OK,4792000000.0,2027-Q2,2026-10-07,2027-Q2,2026-09-02,PROVIDER_FILING_DATE_PROXY,EXISTING_UNREVIEWED_COMMON_RULE,0.696,2026-09-02,4,4,,,
2026-10-08,PVLA,1820,PB_OWNERSHIP_BASIS_V2,8.676256956405712,OK,,8.676256956405712,OK,216867000.0,2026-Q2,2026-10-07,2026-Q2,2026-08-04,PROVIDER_FILING_DATE_PROXY,EXISTING_UNREVIEWED_COMMON_RULE,10.098,2026-08-04,4,4,,,
2026-10-08,PWR,1821,PB_OWNERSHIP_BASIS_V2,10.936073658843133,OK,,10.936073658843133,OK,9637942000.0,2026-Q2,2026-10-07,2026-Q2,2026-07-30,PROVIDER_FILING_DATE_PROXY,EXISTING_UNREVIEWED_COMMON_RULE,10.264,2026-07-30,4,4,,,
2026-10-08,PYXS,1822,PB_OWNERSHIP_BASIS_V2,14.654735988160738,OK,LARGE_ENDPOINT_VS_AVERAGE_SHARE_DIFFERENCE,14.654735988160738,OK,11440000.0,2026-Q2,2026-10-07,2026-Q2,2026-08-13,PROVIDER_FILING_DATE_PROXY,EXISTING_UNREVIEWED_COMMON_RULE,21.946,2026-08-13,4,4,,,
2026-10-08,PZZA,1823,PB_OWNERSHIP_BASIS_V2,,NEGATIVE_EQUITY,,,NEGATIVE_EQUITY,-453054000.0,2026-Q2,2026-10-07,2026-Q2,2026-08-06,PROVIDER_FILING_DATE_PROXY,HELD,,2026-08-06,0,4,,,
2026-10-08,QBTS,1824,PB_OWNERSHIP_BASIS_V2,,OWNERSHIP_BASIS_UNVERIFIED,,,OWNERSHIP_BASIS_UNVERIFIED,1083110000.0,2026-Q2,2026-10-07,2026-Q2,2026-08-06,PROVIDER_FILING_DATE_PROXY,HELD,6.673,2026-08-06,4,4,,,
2026-10-08,QCLS,1825,PB_OWNERSHIP_BASIS_V2,0.32167118180039084,OK,,0.32167118180039084,OK,16090897.0,2026-Q2,2026-10-07,2026-Q2,2026-08-12,PROVIDER_FILING_DATE_PROXY,EXISTING_UNREVIEWED_COMMON_RULE,1.471,2026-08-12,4,4,,,
2026-10-08,QCOM,1826,PB_OWNERSHIP_BASIS_V2,6.724130265132941,OK,,6.724130265132941,OK,27658000000.0,2026-Q3,2026-10-07,2026-Q3,2026-07-29,PROVIDER_FILING_DATE_PROXY,EXISTING_UNREVIEWED_COMMON_RULE,5.91,2026-07-29,4,4,,,
2026-10-08,QDEL,1827,PB_OWNERSHIP_BASIS_V2,0.4756118852585466,OK,,0.4756118852585466,OK,1774900000.0,2026-Q2,2026-10-07,2026-Q2,2026-08-06,PROVIDER_FILING_DATE_PROXY,EXISTING_UNREVIEWED_COMMON_RULE,0.631,2026-08-06,4,4,,,
2026-10-08,QLYS,1828,PB_OWNERSHIP_BASIS_V2,11.983459311963403,OK,,11.983459311963403,OK,562223000.0,2026-Q2,2026-10-07,2026-Q2,2026-08-04,PROVIDER_FILING_DATE_PROXY,EXISTING_UNREVIEWED_COMMON_RULE,9.91,2026-08-04,4,4,,,
2026-10-08,QMCO,1829,PB_OWNERSHIP_BASIS_V2,,NEGATIVE_EQUITY,LARGE_ENDPOINT_VS_AVERAGE_SHARE_DIFFERENCE,,NEGATIVE_EQUITY,-27825000.0,2027-Q1,2026-10-07,2027-Q1,2026-08-10,PROVIDER_FILING_DATE_PROXY,HELD,,2026-08-10,0,4,,,
2026-10-08,QNCX,1830,PB_OWNERSHIP_BASIS_V2,,NEGATIVE_EQUITY,LARGE_ENDPOINT_VS_AVERAGE_SHARE_DIFFERENCE,,NEGATIVE_EQUITY,-35324000.0,2026-Q2,2026-10-07,2026-Q2,2026-08-14,PROVIDER_FILING_DATE_PROXY,HELD,,2026-08-14,2,4,,,
2026-10-08,QNRX,1831,PB_OWNERSHIP_BASIS_V2,,NEWER_SHARE_COUNT_REQUIRED,,,OWNERSHIP_REVIEW_STALE,3932671.0,2026-Q2,2026-10-07,2026-Q2,2026-08-14,ACCEPTED_PROVIDER_DATE_PENDING_RECONCILIATION,HELD,4.549,2026-08-14,3,4,HELD,,8d213fbab286b6769dd8ce359e213198c0314e574e0c6dcccb842985d4112c02
2026-10-08,QNST,1832,PB_OWNERSHIP_BASIS_V2,2.7209917819793223,OK,,2.7209917819793223,OK,323092000.0,2026-Q4,2026-10-07,2026-Q4,2026-08-26,PROVIDER_FILING_DATE_PROXY,EXISTING_UNREVIEWED_COMMON_RULE,3.477,2026-08-26,4,4,,,
2026-10-08,QRVO,1833,PB_OWNERSHIP_BASIS_V2,2.901060270043669,OK,,2.901060270043669,OK,3471925000.0,2027-Q1,2026-10-05,2027-Q1,2026-07-28,PROVIDER_FILING_DATE_PROXY,EXISTING_UNREVIEWED_COMMON_RULE,2.332,2026-07-28,4,4,,,
2026-10-08,QS,1834,PB_OWNERSHIP_BASIS_V2,,OWNERSHIP_BASIS_UNVERIFIED,,,OWNERSHIP_BASIS_UNVERIFIED,1047972000.0,2026-Q2,2026-10-07,2026-Q2,2026-07-24,PROVIDER_FILING_DATE_PROXY,HELD,2.886,2026-07-24,4,4,,,
2026-10-08,QSI,1835,PB_OWNERSHIP_BASIS_V2,,OWNERSHIP_BASIS_UNVERIFIED,,,OWNERSHIP_BASIS_UNVERIFIED,180201000.0,2026-Q2,2026-10-07,2026-Q2,2026-08-13,PROVIDER_FILING_DATE_PROXY,HELD,0.96,2026-08-13,4,4,,,
2026-10-08,QSR,1836,PB_OWNERSHIP_BASIS_V2,6.289421443995458,OK,,6.289421443995458,OK,3850000000.0,2026-Q2,2026-10-07,2026-Q2,2026-08-06,PROVIDER_FILING_DATE_PROXY,EXISTING_UNREVIEWED_COMMON_RULE,6.606,2026-08-06,4,4,,,
2026-10-08,QTRX,1837,PB_OWNERSHIP_BASIS_V2,0.6629067811919678,OK,,0.6629067811919678,OK,237212000.0,2026-Q2,2026-10-07,2026-Q2,2026-08-10,PROVIDER_FILING_DATE_PROXY,EXISTING_UNREVIEWED_COMMON_RULE,0.482,2026-08-10,4,4,,,
2026-10-08,QTTB,1838,PB_OWNERSHIP_BASIS_V2,2.2459565320457955,OK,LARGE_ENDPOINT_VS_AVERAGE_SHARE_DIFFERENCE,2.2459565320457955,OK,105905000.0,2026-Q2,2026-10-07,2026-Q2,2026-08-05,PROVIDER_FILING_DATE_PROXY,EXISTING_UNREVIEWED_COMMON_RULE,4.635,2026-08-05,3,4,,,
2026-10-08,QTWO,1839,PB_OWNERSHIP_BASIS_V2,5.584705572507125,OK,,5.584705572507125,OK,643454000.0,2026-Q2,2026-10-07,2026-Q2,2026-07-29,PROVIDER_FILING_DATE_PROXY,EXISTING_UNREVIEWED_COMMON_RULE,5.855,2026-07-29,4,4,,,
2026-10-08,QUAD,1840,PB_OWNERSHIP_BASIS_V2,3.842058887041072,OK,,3.842058887041072,OK,124700000.0,2026-Q2,2026-10-07,2026-Q2,2026-07-29,PROVIDER_FILING_DATE_PROXY,EXISTING_UNREVIEWED_COMMON_RULE,3.834,2026-07-29,4,4,,,
2026-10-08,QUBT,1841,PB_OWNERSHIP_BASIS_V2,1.0833680194295974,OK,,1.0833680194295974,OK,1592038000.0,2026-Q2,2026-10-07,2026-Q2,2026-08-10,PROVIDER_FILING_DATE_PROXY,EXISTING_UNREVIEWED_COMMON_RULE,1.27,2026-08-10,4,4,,,
2026-10-08,QUIK,1842,PB_OWNERSHIP_BASIS_V2,6.5611060498565985,OK,,6.5611060498565985,OK,31241000.0,2026-Q2,2026-10-07,2026-Q2,2026-08-12,PROVIDER_FILING_DATE_PROXY,EXISTING_UNREVIEWED_COMMON_RULE,7.669,2026-08-12,4,4,,,
2026-10-08,QURE,1843,PB_OWNERSHIP_BASIS_V2,4.953367478296874,OK,,4.953367478296874,OK,324050000.0,2026-Q2,2026-10-07,2026-Q2,2026-07-29,PROVIDER_FILING_DATE_PROXY,EXISTING_UNREVIEWED_COMMON_RULE,8.577,2026-07-29,4,4,,,
2026-10-08,QXO,1844,PB_OWNERSHIP_BASIS_V2,,OWNERSHIP_BASIS_UNVERIFIED,LARGE_ENDPOINT_VS_AVERAGE_SHARE_DIFFERENCE,,OWNERSHIP_BASIS_UNVERIFIED,10378000000.0,2026-Q2,2026-10-07,2026-Q2,2026-08-14,PROVIDER_FILING_DATE_PROXY,HELD,1.451,2026-08-14,4,4,,,
2026-10-08,R,1845,PB_OWNERSHIP_BASIS_V2,3.094388556658857,OK,,3.094388556658857,OK,2879000000.0,2026-Q2,2026-10-07,2026-Q2,2026-07-23,PROVIDER_FILING_DATE_PROXY,EXISTING_UNREVIEWED_COMMON_RULE,3.568,2026-07-23,4,4,,,
2026-10-08,RAIL,1846,PB_OWNERSHIP_BASIS_V2,5.6975539335684635,OK,,5.6975539335684635,OK,36201000.0,2026-Q2,2026-10-07,2026-Q2,2026-08-03,PROVIDER_FILING_DATE_PROXY,EXISTING_UNREVIEWED_COMMON_RULE,7.464,2026-08-03,1,4,,,
2026-10-08,RAMP,1847,PB_OWNERSHIP_BASIS_V2,2.339376231077354,OK,,2.339376231077354,OK,977397000.0,2027-Q1,2026-10-07,2027-Q1,2026-08-05,PROVIDER_FILING_DATE_PROXY,EXISTING_UNREVIEWED_COMMON_RULE,2.351,2026-08-05,4,4,,,
2026-10-08,RARE,1848,PB_OWNERSHIP_BASIS_V2,,NEGATIVE_EQUITY,,,NEGATIVE_EQUITY,-298000000.0,2026-Q2,2026-10-07,2026-Q2,2026-08-05,PROVIDER_FILING_DATE_PROXY,HELD,,2026-08-05,1,4,,,
2026-10-08,RBA,1849,PB_OWNERSHIP_BASIS_V2,2.674272217998307,OK,,2.674272217998307,OK,5567900000.0,2026-Q2,2026-10-07,2026-Q2,2026-08-04,PROVIDER_FILING_DATE_PROXY,EXISTING_UNREVIEWED_COMMON_RULE,3.694,2026-08-04,4,4,,,
2026-10-08,RBBN,1850,PB_OWNERSHIP_BASIS_V2,0.8381519151872098,OK,,0.8381519151872098,OK,392572000.0,2026-Q2,2026-10-07,2026-Q2,2026-07-31,PROVIDER_FILING_DATE_PROXY,EXISTING_UNREVIEWED_COMMON_RULE,0.975,2026-07-31,4,4,,,
2026-10-08,RBC,1851,PB_OWNERSHIP_BASIS_V2,,OWNERSHIP_BASIS_UNVERIFIED,,,OWNERSHIP_BASIS_UNVERIFIED,3462000000.0,2027-Q1,2026-10-07,2027-Q1,2026-07-31,PROVIDER_FILING_DATE_PROXY,HELD,5.042,2026-07-31,4,4,,,
2026-10-08,RBLX,1852,PB_OWNERSHIP_BASIS_V2,218.11965337371632,OK,,218.11965337371632,OK,152000000.0,2026-Q2,2026-10-07,2026-Q2,2026-07-30,PROVIDER_FILING_DATE_PROXY,EXISTING_UNREVIEWED_COMMON_RULE,228.741,2026-07-30,4,4,,,
2026-10-08,RCEL,1853,PB_OWNERSHIP_BASIS_V2,,NEGATIVE_EQUITY,,,NEGATIVE_EQUITY,-27838000.0,2026-Q2,2026-10-07,2026-Q2,2026-08-06,PROVIDER_FILING_DATE_PROXY,HELD,,2026-08-06,0,4,,,
2026-10-08,RCKT,1854,PB_OWNERSHIP_BASIS_V2,,OWNERSHIP_BASIS_UNVERIFIED,,,OWNERSHIP_BASIS_UNVERIFIED,368830000.0,2026-Q2,2026-10-07,2026-Q2,2026-08-10,PROVIDER_FILING_DATE_PROXY,HELD,1.083,2026-08-10,4,4,,,
2026-10-08,RCL,1855,PB_OWNERSHIP_BASIS_V2,7.376619217834854,OK,,7.376619217834854,OK,10236000000.0,2026-Q2,2026-10-07,2026-Q2,2026-07-28,PROVIDER_FILING_DATE_PROXY,EXISTING_UNREVIEWED_COMMON_RULE,8.426,2026-07-28,4,4,,,
2026-10-08,RCUS,1856,PB_OWNERSHIP_BASIS_V2,6.728910426311624,OK,,6.728910426311624,OK,464000000.0,2026-Q2,2026-10-07,2026-Q2,2026-08-05,PROVIDER_FILING_DATE_PROXY,EXISTING_UNREVIEWED_COMMON_RULE,7.602,2026-08-05,4,4,,,
2026-10-08,RDDT,1857,PB_OWNERSHIP_BASIS_V2,8.942043501787934,OK,,8.942043501787934,OK,3285700000.0,2026-Q2,2026-10-07,2026-Q2,2026-07-31,PROVIDER_FILING_DATE_PROXY,EXISTING_UNREVIEWED_COMMON_RULE,8.237,2026-07-31,4,4,,,
2026-10-08,RDNT,1858,PB_OWNERSHIP_BASIS_V2,4.9260635519673475,OK,,4.9260635519673475,OK,1096092000.0,2026-Q2,2026-10-07,2026-Q2,2026-08-10,PROVIDER_FILING_DATE_PROXY,EXISTING_UNREVIEWED_COMMON_RULE,5.549,2026-08-10,4,4,,,
2026-10-08,RDNW,1859,PB_OWNERSHIP_BASIS_V2,,NEGATIVE_EQUITY,,,NEGATIVE_EQUITY,-8900000.0,2026-Q2,2026-10-07,2026-Q2,2026-08-11,PROVIDER_FILING_DATE_PROXY,HELD,,2026-08-11,0,4,,,
2026-10-08,RDVT,1860,PB_OWNERSHIP_BASIS_V2,11.192855421139836,OK,,11.192855421139836,OK,111612000.0,2026-Q2,2026-10-07,2026-Q2,2026-08-10,PROVIDER_FILING_DATE_PROXY,EXISTING_UNREVIEWED_COMMON_RULE,9.439,2026-08-10,4,4,,,
2026-10-08,RDW,1861,PB_OWNERSHIP_BASIS_V2,,OWNERSHIP_BASIS_UNVERIFIED,,,OWNERSHIP_BASIS_UNVERIFIED,1629857000.0,2026-Q2,2026-10-07,2026-Q2,2026-08-06,PROVIDER_FILING_DATE_PROXY,HELD,1.815,2026-08-06,4,4,,,
2026-10-08,REAL,1862,PB_OWNERSHIP_BASIS_V2,,NEGATIVE_EQUITY,,,NEGATIVE_EQUITY,-377730000.0,2026-Q2,2026-10-07,2026-Q2,2026-08-06,PROVIDER_FILING_DATE_PROXY,HELD,,2026-08-06,0,4,,,
2026-10-08,REBN,1863,PB_OWNERSHIP_BASIS_V2,,MISSING_EQUITY,,,MISSING_EQUITY,,2026-Q2,2026-10-07,2026-Q2,2026-09-14,PROVIDER_FILING_DATE_PROXY,HELD,,2026-09-14,0,4,,,
2026-10-08,REFI,1864,PB_OWNERSHIP_BASIS_V2,0.8162466624884117,OK,,0.8162466624884117,OK,301648038.0,2026-Q2,2026-10-07,2026-Q2,2026-08-11,PROVIDER_FILING_DATE_PROXY,EXISTING_UNREVIEWED_COMMON_RULE,0.869,2026-08-11,4,4,,,
2026-10-08,REG,1865,PB_OWNERSHIP_BASIS_V2,,OWNERSHIP_BASIS_UNVERIFIED,,,OWNERSHIP_BASIS_UNVERIFIED,6874951000.0,2026-Q2,2026-10-07,2026-Q2,2026-08-03,PROVIDER_FILING_DATE_PROXY,HELD,2.139,2026-08-03,4,4,,,
2026-10-08,REGN,1866,PB_OWNERSHIP_BASIS_V2,2.409384486079142,OK,,2.409384486079142,OK,31711400000.0,2026-Q2,2026-10-07,2026-Q2,2026-07-30,PROVIDER_FILING_DATE_PROXY,EXISTING_UNREVIEWED_COMMON_RULE,2.397,2026-07-30,4,4,,,
2026-10-08,REKR,1867,PB_OWNERSHIP_BASIS_V2,1.3550312548423085,OK,,1.3550312548423085,OK,34129000.0,2026-Q2,2026-10-07,2026-Q2,2026-08-13,PROVIDER_FILING_DATE_PROXY,EXISTING_UNREVIEWED_COMMON_RULE,2.861,2026-08-13,4,4,,,
2026-10-08,RELY,1868,PB_OWNERSHIP_BASIS_V2,4.307515674537157,OK,,4.307515674537157,OK,1126848000.0,2026-Q2,2026-10-07,2026-Q2,2026-08-05,PROVIDER_FILING_DATE_PROXY,EXISTING_UNREVIEWED_COMMON_RULE,4.522,2026-08-05,4,4,,,
2026-10-08,RENT,1869,PB_OWNERSHIP_BASIS_V2,,MISSING_EQUITY,,,MISSING_EQUITY,,2027-Q2,2026-10-07,2027-Q2,2026-09-11,PROVIDER_FILING_DATE_PROXY,HELD,,2026-09-11,0,4,,,
2026-10-08,REPL,1870,PB_OWNERSHIP_BASIS_V2,11.772437416148716,OK,,11.772437416148716,OK,105645000.0,2027-Q1,2026-10-07,2027-Q1,2026-08-14,PROVIDER_FILING_DATE_PROXY,EXISTING_UNREVIEWED_COMMON_RULE,13.351,2026-08-14,4,4,,,
2026-10-08,RES,1871,PB_OWNERSHIP_BASIS_V2,1.1875029100033605,OK,,1.1875029100033605,OK,1108749000.0,2026-Q2,2026-10-07,2026-Q2,2026-07-30,PROVIDER_FILING_DATE_PROXY,EXISTING_UNREVIEWED_COMMON_RULE,1.084,2026-07-30,4,4,,,
2026-10-08,REVB,1872,PB_OWNERSHIP_BASIS_V2,,OWNERSHIP_BASIS_UNVERIFIED,,,OWNERSHIP_BASIS_UNVERIFIED,10066986.0,2026-Q2,2026-10-07,2026-Q2,2026-08-06,PROVIDER_FILING_DATE_PROXY,HELD,0.443,2026-08-06,4,4,,,
2026-10-08,REX,1873,PB_OWNERSHIP_BASIS_V2,2.1822547900968177,OK,,2.1822547900968177,OK,673621000.0,2027-Q2,2026-10-07,2027-Q2,2026-09-03,PROVIDER_FILING_DATE_PROXY,EXISTING_UNREVIEWED_COMMON_RULE,2.05,2026-09-03,4,4,,,
2026-10-08,REXR,1874,PB_OWNERSHIP_BASIS_V2,,OWNERSHIP_BASIS_UNVERIFIED,,,OWNERSHIP_BASIS_UNVERIFIED,7541567000.0,2026-Q2,2026-10-07,2026-Q2,2026-07-28,PROVIDER_FILING_DATE_PROXY,HELD,1.145,2026-07-28,4,4,,,
2026-10-08,REYN,1875,PB_OWNERSHIP_BASIS_V2,2.0002330482779547,OK,,2.0002330482779547,OK,2310000000.0,2026-Q2,2026-10-07,2026-Q2,2026-07-29,PROVIDER_FILING_DATE_PROXY,EXISTING_UNREVIEWED_COMMON_RULE,2.345,2026-07-29,4,4,,,
2026-10-08,REZI,1876,PB_OWNERSHIP_BASIS_V2,0.8870392137673823,OK,,0.8870392137673823,OK,3006000000.0,2026-Q2,2026-10-07,2026-Q2,2026-08-12,PROVIDER_FILING_DATE_PROXY,EXISTING_UNREVIEWED_COMMON_RULE,1.299,2026-08-12,4,4,,,
2026-10-08,RGEN,1877,PB_OWNERSHIP_BASIS_V2,4.468286755366935,OK,,4.468286755366935,OK,2112032000.0,2026-Q2,2026-10-07,2026-Q2,2026-07-29,PROVIDER_FILING_DATE_PROXY,EXISTING_UNREVIEWED_COMMON_RULE,3.774,2026-07-29,4,4,,,
2026-10-08,RGLD,1878,PB_OWNERSHIP_BASIS_V2,2.544960591835069,OK,,2.544960591835069,OK,7587006000.0,2026-Q2,2026-10-07,2026-Q2,2026-08-06,PROVIDER_FILING_DATE_PROXY,EXISTING_UNREVIEWED_COMMON_RULE,2.436,2026-08-06,4,4,,,
2026-10-08,RGNX,1879,PB_OWNERSHIP_BASIS_V2,6.986277146100204,OK,,6.986277146100204,OK,71765000.0,2026-Q2,2026-10-07,2026-Q2,2026-08-06,PROVIDER_FILING_DATE_PROXY,EXISTING_UNREVIEWED_COMMON_RULE,10.376,2026-08-06,4,4,,,
2026-10-08,RGP,1880,PB_OWNERSHIP_BASIS_V2,0.7587684896891163,OK,,0.7587684896891163,OK,169774000.0,2026-Q4,2026-10-07,2026-Q4,2026-07-24,PROVIDER_FILING_DATE_PROXY,EXISTING_UNREVIEWED_COMMON_RULE,0.765,2026-07-24,4,4,,,
2026-10-08,RGR,1881,PB_OWNERSHIP_BASIS_V2,2.423261995253308,OK,,2.423261995253308,OK,289793000.0,2026-Q2,2026-10-07,2026-Q2,2026-07-29,PROVIDER_FILING_DATE_PROXY,EXISTING_UNREVIEWED_COMMON_RULE,2.084,2026-07-29,4,4,,,
2026-10-08,RGTI,1882,PB_OWNERSHIP_BASIS_V2,,OWNERSHIP_BASIS_UNVERIFIED,,,OWNERSHIP_BASIS_UNVERIFIED,537434000.0,2026-Q2,2026-10-07,2026-Q2,2026-08-06,PROVIDER_FILING_DATE_PROXY,HELD,10.266,2026-08-06,4,4,,,
2026-10-08,RH,1883,PB_OWNERSHIP_BASIS_V2,,MISSING_EQUITY,,,MISSING_EQUITY,,2027-Q2,2026-10-07,2027-Q2,2026-09-10,PROVIDER_FILING_DATE_PROXY,HELD,,2026-09-10,0,4,,,
2026-10-08,RHI,1884,PB_OWNERSHIP_BASIS_V2,2.8776203702335486,OK,,2.8776203702335486,OK,1207659000.0,2026-Q2,2026-10-07,2026-Q2,2026-08-04,PROVIDER_FILING_DATE_PROXY,EXISTING_UNREVIEWED_COMMON_RULE,3.474,2026-08-04,4,4,,,
2026-10-08,RHP,1885,PB_OWNERSHIP_BASIS_V2,10.0618583780322,OK,,10.0618583780322,OK,748321000.0,2026-Q2,2026-10-07,2026-Q2,2026-08-07,PROVIDER_FILING_DATE_PROXY,EXISTING_UNREVIEWED_COMMON_RULE,10.193,2026-08-07,4,4,,,
2026-10-08,RIG,1886,PB_OWNERSHIP_BASIS_V2,0.7192333941493931,OK,,0.7192333941493931,OK,8370000000.0,2026-Q2,2026-10-07,2026-Q2,2026-08-07,PROVIDER_FILING_DATE_PROXY,EXISTING_UNREVIEWED_COMMON_RULE,0.702,2026-08-07,4,4,,,
2026-10-08,RIGL,1887,PB_OWNERSHIP_BASIS_V2,2.107194044298441,OK,,2.107194044298441,OK,425422000.0,2026-Q2,2026-10-07,2026-Q2,2026-08-04,PROVIDER_FILING_DATE_PROXY,EXISTING_UNREVIEWED_COMMON_RULE,1.699,2026-08-04,4,4,,,
2026-10-08,RIME,1888,PB_OWNERSHIP_BASIS_V2,0.8287870546458971,OK,,0.8287870546458971,OK,3280000.0,2026-Q2,2026-10-07,2026-Q2,2026-08-14,PROVIDER_FILING_DATE_PROXY,EXISTING_UNREVIEWED_COMMON_RULE,1.968,2026-08-14,3,4,,,
2026-10-08,RITM,1889,PB_OWNERSHIP_BASIS_V2,,OWNERSHIP_BASIS_UNVERIFIED,,,OWNERSHIP_BASIS_UNVERIFIED,8516862000.0,2026-Q2,2026-10-07,2026-Q2,2026-08-04,PROVIDER_FILING_DATE_PROXY,HELD,0.672,2026-08-04,4,4,,,
2026-10-08,RIVN,1890,PB_OWNERSHIP_BASIS_V2,4.066259626934195,OK,,4.066259626934195,OK,5106000000.0,2026-Q2,2026-10-07,2026-Q2,2026-07-30,PROVIDER_FILING_DATE_PROXY,EXISTING_UNREVIEWED_COMMON_RULE,4.772,2026-07-30,4,4,,,
2026-10-08,RKLB,1891,PB_OWNERSHIP_BASIS_V2,,OWNERSHIP_BASIS_UNVERIFIED,,,OWNERSHIP_BASIS_UNVERIFIED,3492153000.0,2026-Q2,2026-10-07,2026-Q2,2026-08-10,PROVIDER_FILING_DATE_PROXY,HELD,13.714,2026-08-10,4,4,,,
2026-10-08,RL,1892,PB_OWNERSHIP_BASIS_V2,7.906206152721452,OK,,7.906206152721452,OK,2721600000.0,2027-Q1,2026-10-07,2027-Q1,2026-08-06,PROVIDER_FILING_DATE_PROXY,EXISTING_UNREVIEWED_COMMON_RULE,8.666,2026-08-06,4,4,,,
2026-10-08,RLAY,1893,PB_OWNERSHIP_BASIS_V2,4.419722096789803,OK,,4.419722096789803,OK,890009000.0,2026-Q2,2026-10-07,2026-Q2,2026-08-06,PROVIDER_FILING_DATE_PROXY,EXISTING_UNREVIEWED_COMMON_RULE,4.863,2026-08-06,4,4,,,
2026-10-08,RLJ,1894,PB_OWNERSHIP_BASIS_V2,,OWNERSHIP_BASIS_UNVERIFIED,,,OWNERSHIP_BASIS_UNVERIFIED,2151929000.0,2026-Q2,2026-10-07,2026-Q2,2026-08-07,PROVIDER_FILING_DATE_PROXY,HELD,0.788,2026-08-07,4,4,,,
2026-10-08,RLMD,1895,PB_OWNERSHIP_BASIS_V2,1.6783492161678715,OK,,1.6783492161678715,OK,206558323.0,2026-Q2,2026-10-07,2026-Q2,2026-08-06,PROVIDER_FILING_DATE_PROXY,EXISTING_UNREVIEWED_COMMON_RULE,2.773,2026-08-06,4,4,,,
2026-10-08,RMAX,1896,PB_OWNERSHIP_BASIS_V2,,STALE_PRICE,,,STALE_PRICE,443927000.0,2026-Q2,2026-08-24,2026-Q2,2026-08-06,PROVIDER_FILING_DATE_PROXY,HELD,0.517,2026-08-06,4,4,,,
2026-10-08,RMBS,1897,PB_OWNERSHIP_BASIS_V2,8.244111185039193,OK,,8.244111185039193,OK,1466659000.0,2026-Q2,2026-10-07,2026-Q2,2026-07-28,PROVIDER_FILING_DATE_PROXY,EXISTING_UNREVIEWED_COMMON_RULE,6.489,2026-07-28,4,4,,,
2026-10-08,RMD,1898,PB_OWNERSHIP_BASIS_V2,4.950066836340315,OK,,4.950066836340315,OK,6585393000.0,2026-Q4,2026-10-07,2026-Q4,2026-08-13,PROVIDER_FILING_DATE_PROXY,EXISTING_UNREVIEWED_COMMON_RULE,4.967,2026-08-13,4,4,,,
2026-10-08,RMNI,1899,PB_OWNERSHIP_BASIS_V2,,NEGATIVE_EQUITY,,,NEGATIVE_EQUITY,-16668000.0,2026-Q2,2026-10-07,2026-Q2,2026-07-30,PROVIDER_FILING_DATE_PROXY,HELD,,2026-07-30,0,4,,,
2026-10-08,RMR,1900,PB_OWNERSHIP_BASIS_V2,2.5227907070789564,OK,LARGE_ENDPOINT_VS_AVERAGE_SHARE_DIFFERENCE,2.5227907070789564,OK,224186000.0,2026-Q3,2026-10-07,2026-Q3,2026-08-05,PROVIDER_FILING_DATE_PROXY,EXISTING_UNREVIEWED_COMMON_RULE,2.712,2026-08-05,4,4,,,
2026-10-08,RMTI,1901,PB_OWNERSHIP_BASIS_V2,0.9442902487174082,OK,,0.9442902487174082,OK,35085000.0,2026-Q2,2026-10-07,2026-Q2,2026-08-13,PROVIDER_FILING_DATE_PROXY,EXISTING_UNREVIEWED_COMMON_RULE,0.899,2026-08-13,4,4,,,
2026-10-08,RNAZ,1902,PB_OWNERSHIP_BASIS_V2,,NEGATIVE_EQUITY,LARGE_ENDPOINT_VS_AVERAGE_SHARE_DIFFERENCE,,NEGATIVE_EQUITY,-27694917.0,2026-Q2,2026-10-07,2026-Q2,2026-08-14,PROVIDER_FILING_DATE_PROXY,HELD,,2026-08-14,3,4,,,
2026-10-08,RNG,1903,PB_OWNERSHIP_BASIS_V2,,NEGATIVE_EQUITY,,,NEGATIVE_EQUITY,-610359000.0,2026-Q2,2026-10-07,2026-Q2,2026-07-23,PROVIDER_FILING_DATE_PROXY,HELD,,2026-07-23,0,4,,,
2026-10-08,RNGR,1904,PB_OWNERSHIP_BASIS_V2,1.1882572347908518,OK,,1.1882572347908518,OK,302900000.0,2026-Q2,2026-10-07,2026-Q2,2026-07-28,PROVIDER_FILING_DATE_PROXY,EXISTING_UNREVIEWED_COMMON_RULE,1.123,2026-07-28,4,4,,,
2026-10-08,ROAD,1905,PB_OWNERSHIP_BASIS_V2,4.8377160318166545,OK,,4.8377160318166545,OK,1040736000.0,2026-Q3,2026-10-07,2026-Q3,2026-08-07,PROVIDER_FILING_DATE_PROXY,EXISTING_UNREVIEWED_COMMON_RULE,6.53,2026-08-07,4,4,,,
2026-10-08,ROCK,1906,PB_OWNERSHIP_BASIS_V2,1.2806615795741172,OK,,1.2806615795741172,OK,890752000.0,2026-Q2,2026-10-07,2026-Q2,2026-08-05,PROVIDER_FILING_DATE_PROXY,EXISTING_UNREVIEWED_COMMON_RULE,1.828,2026-08-05,4,4,,,
2026-10-08,ROG,1907,PB_OWNERSHIP_BASIS_V2,2.2835635233382816,OK,,2.2835635233382816,OK,1204700000.0,2026-Q2,2026-10-07,2026-Q2,2026-07-29,PROVIDER_FILING_DATE_PROXY,EXISTING_UNREVIEWED_COMMON_RULE,1.732,2026-07-29,4,4,,,
2026-10-08,ROIV,1908,PB_OWNERSHIP_BASIS_V2,,OWNERSHIP_BASIS_UNVERIFIED,,,OWNERSHIP_BASIS_UNVERIFIED,4231273000.0,2027-Q1,2026-10-07,2027-Q1,2026-08-06,PROVIDER_FILING_DATE_PROXY,HELD,5.995,2026-08-06,4,4,,,
2026-10-08,ROK,1909,PB_OWNERSHIP_BASIS_V2,14.044765096340203,OK,,14.044765096340203,OK,3494000000.0,2026-Q3,2026-10-07,2026-Q3,2026-08-04,PROVIDER_FILING_DATE_PROXY,EXISTING_UNREVIEWED_COMMON_RULE,14.151,2026-08-04,4,4,,,
2026-10-08,ROKU,1910,PB_OWNERSHIP_BASIS_V2,8.028217921325561,OK,,8.028217921325561,OK,2823452000.0,2026-Q2,2026-10-07,2026-Q2,2026-08-06,PROVIDER_FILING_DATE_PROXY,EXISTING_UNREVIEWED_COMMON_RULE,7.889,2026-08-06,4,4,,,
2026-10-08,ROL,1911,PB_OWNERSHIP_BASIS_V2,10.389612614795144,OK,,10.389612614795144,OK,1429597000.0,2026-Q2,2026-10-07,2026-Q2,2026-07-23,PROVIDER_FILING_DATE_PROXY,EXISTING_UNREVIEWED_COMMON_RULE,13.274,2026-07-23,4,4,,,
2026-10-08,ROP,1912,PB_OWNERSHIP_BASIS_V2,1.8963806524254496,OK,,1.8963806524254496,OK,18700300000.0,2026-Q2,2026-10-07,2026-Q2,2026-07-31,PROVIDER_FILING_DATE_PROXY,EXISTING_UNREVIEWED_COMMON_RULE,2.073,2026-07-31,4,4,,,
2026-10-08,ROST,1913,PB_OWNERSHIP_BASIS_V2,10.684308704662751,OK,,10.684308704662751,OK,6743184000.0,2027-Q2,2026-10-07,2027-Q2,2026-09-01,PROVIDER_FILING_DATE_PROXY,EXISTING_UNREVIEWED_COMMON_RULE,10.86,2026-09-01,4,4,,,
2026-10-08,RPAY,1914,PB_OWNERSHIP_BASIS_V2,,OWNERSHIP_BASIS_UNVERIFIED,,,OWNERSHIP_BASIS_UNVERIFIED,472543000.0,2026-Q2,2026-10-07,2026-Q2,2026-08-10,PROVIDER_FILING_DATE_PROXY,HELD,0.771,2026-08-10,4,4,,,
2026-10-08,RPD,1915,PB_OWNERSHIP_BASIS_V2,4.279699335922085,OK,,4.279699335922085,OK,196704000.0,2026-Q2,2026-10-07,2026-Q2,2026-08-10,PROVIDER_FILING_DATE_PROXY,EXISTING_UNREVIEWED_COMMON_RULE,3.978,2026-08-10,4,4,,,
2026-10-08,RPID,1916,PB_OWNERSHIP_BASIS_V2,2.5379356199950283,OK,,2.5379356199950283,OK,17748000.0,2026-Q2,2026-10-07,2026-Q2,2026-08-07,PROVIDER_FILING_DATE_PROXY,EXISTING_UNREVIEWED_COMMON_RULE,4.889,2026-08-07,4,4,,,
2026-10-08,RPM,1917,PB_OWNERSHIP_BASIS_V2,3.7930509150479583,OK,,3.7930509150479583,OK,3311533000.0,2026-Q4,2026-10-07,2026-Q4,2026-07-22,PROVIDER_FILING_DATE_PROXY,EXISTING_UNREVIEWED_COMMON_RULE,4.144,2026-07-22,4,4,,,
2026-10-08,RPRX,1918,PB_OWNERSHIP_BASIS_V2,3.3351748655151345,OK,LARGE_ENDPOINT_VS_AVERAGE_SHARE_DIFFERENCE,3.3351748655151345,OK,9785714000.0,2026-Q2,2026-10-07,2026-Q2,2026-08-05,PROVIDER_FILING_DATE_PROXY,EXISTING_UNREVIEWED_COMMON_RULE,3.393,2026-08-05,4,4,,,
2026-10-08,RPT,1919,PB_OWNERSHIP_BASIS_V2,,OWNERSHIP_BASIS_UNVERIFIED,,,OWNERSHIP_BASIS_UNVERIFIED,285300000.0,2026-Q2,2026-10-07,2026-Q2,2026-07-31,PROVIDER_FILING_DATE_PROXY,HELD,0.336,2026-07-31,4,4,,,
2026-10-08,RR,1920,PB_OWNERSHIP_BASIS_V2,1.0064415622739789,OK,,1.0064415622739789,OK,369041000.0,2026-Q3,2026-10-07,2026-Q3,2026-08-19,PROVIDER_FILING_DATE_PROXY,EXISTING_UNREVIEWED_COMMON_RULE,0.994,2026-08-19,4,4,,,
2026-10-08,RRC,1921,PB_OWNERSHIP_BASIS_V2,1.9766302069466797,OK,,1.9766302069466797,OK,4708749000.0,2026-Q2,2026-10-07,2026-Q2,2026-07-21,PROVIDER_FILING_DATE_PROXY,EXISTING_UNREVIEWED_COMMON_RULE,1.873,2026-07-21,4,4,,,
2026-10-08,RRGB,1922,PB_OWNERSHIP_BASIS_V2,,NEGATIVE_EQUITY,,,NEGATIVE_EQUITY,-105590000.0,2026-Q2,2026-10-07,2026-Q2,2026-08-12,PROVIDER_FILING_DATE_PROXY,HELD,,2026-08-12,0,4,,,
2026-10-08,RRR,1923,PB_OWNERSHIP_BASIS_V2,31.12363864161451,OK,LARGE_ENDPOINT_VS_AVERAGE_SHARE_DIFFERENCE,31.12363864161451,OK,171070000.0,2026-Q2,2026-10-07,2026-Q2,2026-08-07,PROVIDER_FILING_DATE_PROXY,EXISTING_UNREVIEWED_COMMON_RULE,37.987,2026-08-07,4,4,,,
2026-10-08,RRX,1924,PB_OWNERSHIP_BASIS_V2,1.5808526763728796,OK,,1.5808526763728796,OK,6915500000.0,2026-Q2,2026-10-07,2026-Q2,2026-08-05,PROVIDER_FILING_DATE_PROXY,EXISTING_UNREVIEWED_COMMON_RULE,1.764,2026-08-05,4,4,,,
2026-10-08,RS,1925,PB_OWNERSHIP_BASIS_V2,2.7330724642873006,OK,,2.7330724642873006,OK,7401500000.0,2026-Q2,2026-10-07,2026-Q2,2026-07-28,PROVIDER_FILING_DATE_PROXY,EXISTING_UNREVIEWED_COMMON_RULE,2.858,2026-07-28,4,4,,,
2026-10-08,RSG,1926,PB_OWNERSHIP_BASIS_V2,5.501755264400695,OK,,5.501755264400695,OK,12032000000.0,2026-Q2,2026-10-07,2026-Q2,2026-08-07,PROVIDER_FILING_DATE_PROXY,EXISTING_UNREVIEWED_COMMON_RULE,5.461,2026-08-07,4,4,,,
2026-10-08,RSI,1927,PB_OWNERSHIP_BASIS_V2,,OWNERSHIP_BASIS_UNVERIFIED,LARGE_ENDPOINT_VS_AVERAGE_SHARE_DIFFERENCE,,OWNERSHIP_BASIS_UNVERIFIED,185076000.0,2026-Q2,2026-10-07,2026-Q2,2026-07-30,PROVIDER_FILING_DATE_PROXY,HELD,33.512,2026-07-30,4,4,,,
2026-10-08,RTX,1928,PB_OWNERSHIP_BASIS_V2,3.6601062963674678,OK,,,OWNERSHIP_REVIEW_STALE,66377000000.0,2026-Q2,2026-10-07,2026-Q2,2026-06-30,OFFICIAL_COVER,OPERATOR_CONFIRMED_QUARTER,4.247,2026-07-23,4,4,ORDINARY_COMMON,,0e4997ac4b0bab70e1381c1731525b7f7401b0044530a63eb5b0ad250d8f2013
2026-10-08,RUM,1929,PB_OWNERSHIP_BASIS_V2,,OWNERSHIP_BASIS_UNVERIFIED,LARGE_ENDPOINT_VS_AVERAGE_SHARE_DIFFERENCE,,OWNERSHIP_BASIS_UNVERIFIED,1336981743.0,2026-Q2,2026-10-07,2026-Q2,2026-08-10,PROVIDER_FILING_DATE_PROXY,HELD,2.303,2026-08-10,4,4,,,
2026-10-08,RUN,1930,PB_OWNERSHIP_BASIS_V2,0.5251580091414824,OK,,0.5251580091414824,OK,3490084000.0,2026-Q2,2026-10-07,2026-Q2,2026-08-05,PROVIDER_FILING_DATE_PROXY,EXISTING_UNREVIEWED_COMMON_RULE,0.724,2026-08-05,4,4,,,
2026-10-08,RUSHA,1931,PB_OWNERSHIP_BASIS_V2,,OWNERSHIP_BASIS_UNVERIFIED,,,OWNERSHIP_BASIS_UNVERIFIED,2331388000.0,2026-Q2,2026-10-07,2026-Q2,2026-08-07,PROVIDER_FILING_DATE_PROXY,HELD,2.673,2026-08-07,4,4,,,
2026-10-08,RVLV,1932,PB_OWNERSHIP_BASIS_V2,2.813396568012547,OK,,2.813396568012547,OK,538182000.0,2026-Q2,2026-10-07,2026-Q2,2026-08-04,PROVIDER_FILING_DATE_PROXY,EXISTING_UNREVIEWED_COMMON_RULE,3.483,2026-08-04,4,4,,,
2026-10-08,RVMD,1933,PB_OWNERSHIP_BASIS_V2,,OWNERSHIP_BASIS_UNVERIFIED,,,OWNERSHIP_BASIS_UNVERIFIED,2606238000.0,2026-Q2,2026-10-07,2026-Q2,2026-08-05,PROVIDER_FILING_DATE_PROXY,HELD,16.226,2026-08-05,4,4,,,
2026-10-08,RVTY,1934,PB_OWNERSHIP_BASIS_V2,2.371039655037469,OK,,2.371039655037469,OK,7228758000.0,2026-Q2,2026-10-07,2026-Q2,2026-08-11,PROVIDER_FILING_DATE_PROXY,EXISTING_UNREVIEWED_COMMON_RULE,1.786,2026-08-11,4,4,,,
2026-10-08,RXO,1935,PB_OWNERSHIP_BASIS_V2,3.1057802727376624,OK,,3.1057802727376624,OK,1506000000.0,2026-Q2,2026-10-07,2026-Q2,2026-08-06,PROVIDER_FILING_DATE_PROXY,EXISTING_UNREVIEWED_COMMON_RULE,2.217,2026-08-06,4,4,,,
2026-10-08,RXRX,1936,PB_OWNERSHIP_BASIS_V2,2.5241427315138325,OK,,2.5241427315138325,OK,915003000.0,2026-Q2,2026-10-07,2026-Q2,2026-08-05,PROVIDER_FILING_DATE_PROXY,EXISTING_UNREVIEWED_COMMON_RULE,1.874,2026-08-05,4,4,,,
2026-10-08,RXST,1937,PB_OWNERSHIP_BASIS_V2,0.7581363892051493,OK,,0.7581363892051493,OK,263340000.0,2026-Q2,2026-10-07,2026-Q2,2026-08-05,PROVIDER_FILING_DATE_PROXY,EXISTING_UNREVIEWED_COMMON_RULE,0.993,2026-08-05,4,4,,,
2026-10-08,RXT,1938,PB_OWNERSHIP_BASIS_V2,,NEGATIVE_EQUITY,,,NEGATIVE_EQUITY,-1281100000.0,2026-Q2,2026-10-07,2026-Q2,2026-08-10,PROVIDER_FILING_DATE_PROXY,HELD,,2026-08-10,0,4,,,
2026-10-08,RYAM,1939,PB_OWNERSHIP_BASIS_V2,,OWNERSHIP_BASIS_UNVERIFIED,,,OWNERSHIP_BASIS_UNVERIFIED,194754000.0,2026-Q2,2026-10-07,2026-Q2,2026-08-05,PROVIDER_FILING_DATE_PROXY,HELD,3.359,2026-08-05,4,4,,,
2026-10-08,RYN,1940,PB_OWNERSHIP_BASIS_V2,1.027068185460104,OK,,1.027068185460104,OK,5212152000.0,2026-Q2,2026-10-07,2026-Q2,2026-08-07,PROVIDER_FILING_DATE_PROXY,EXISTING_UNREVIEWED_COMMON_RULE,1.244,2026-08-07,4,4,,,
2026-10-08,RYTM,1941,PB_OWNERSHIP_BASIS_V2,59.135648046571966,OK,,59.135648046571966,OK,102983000.0,2026-Q2,2026-10-07,2026-Q2,2026-08-04,PROVIDER_FILING_DATE_PROXY,EXISTING_UNREVIEWED_COMMON_RULE,70.722,2026-08-04,4,4,,,
2026-10-08,RZLT,1942,PB_OWNERSHIP_BASIS_V2,,MISSING_EQUITY,,,MISSING_EQUITY,,2026-Q4,2026-10-07,2026-Q4,2026-09-24,PROVIDER_FILING_DATE_PROXY,HELD,,2026-09-24,0,4,,,
2026-10-08,S,1943,PB_OWNERSHIP_BASIS_V2,6.081531680541937,OK,,6.081531680541937,OK,1448504000.0,2027-Q2,2026-10-07,2027-Q2,2026-08-28,PROVIDER_FILING_DATE_PROXY,EXISTING_UNREVIEWED_COMMON_RULE,5.176,2026-08-28,4,4,,,
2026-10-08,SABR,1944,PB_OWNERSHIP_BASIS_V2,,NEGATIVE_EQUITY,,,NEGATIVE_EQUITY,-1070334000.0,2026-Q2,2026-10-07,2026-Q2,2026-08-06,PROVIDER_FILING_DATE_PROXY,HELD,,2026-08-06,0,4,,,
2026-10-08,SABS,1945,PB_OWNERSHIP_BASIS_V2,,OWNERSHIP_BASIS_UNVERIFIED,,,OWNERSHIP_BASIS_UNVERIFIED,214785000.0,2026-Q2,2026-10-07,2026-Q2,2026-08-06,PROVIDER_FILING_DATE_PROXY,HELD,1.631,2026-08-06,4,4,,,
2026-10-08,SAFE,1946,PB_OWNERSHIP_BASIS_V2,,OWNERSHIP_BASIS_UNVERIFIED,,,OWNERSHIP_BASIS_UNVERIFIED,2439146000.0,2026-Q2,2026-10-07,2026-Q2,2026-07-31,PROVIDER_FILING_DATE_PROXY,HELD,0.47,2026-07-31,4,4,,,
2026-10-08,SAH,1947,PB_OWNERSHIP_BASIS_V2,1.8655692584946448,OK,,1.8655692584946448,OK,1025600000.0,2026-Q2,2026-10-07,2026-Q2,2026-07-30,PROVIDER_FILING_DATE_PROXY,EXISTING_UNREVIEWED_COMMON_RULE,3.093,2026-07-30,4,4,,,
2026-10-08,SAIA,1948,PB_OWNERSHIP_BASIS_V2,3.2744516066735767,OK,,3.2744516066735767,OK,2726728000.0,2026-Q2,2026-10-07,2026-Q2,2026-07-30,PROVIDER_FILING_DATE_PROXY,EXISTING_UNREVIEWED_COMMON_RULE,3.43,2026-07-30,4,4,,,
2026-10-08,SAIC,1949,PB_OWNERSHIP_BASIS_V2,3.5618825609448894,OK,,3.5618825609448894,OK,1436000000.0,2027-Q2,2026-10-07,2027-Q2,2026-08-31,PROVIDER_FILING_DATE_PROXY,EXISTING_UNREVIEWED_COMMON_RULE,3.741,2026-08-31,4,4,,,
2026-10-08,SAM,1950,PB_OWNERSHIP_BASIS_V2,2.421938047739432,OK,,2.421938047739432,OK,714572000.0,2026-Q2,2026-10-07,2026-Q2,2026-07-23,PROVIDER_FILING_DATE_PROXY,EXISTING_UNREVIEWED_COMMON_RULE,2.513,2026-07-23,4,4,,,
2026-10-08,SANA,1951,PB_OWNERSHIP_BASIS_V2,5.267978761482173,OK,,5.267978761482173,OK,154568000.0,2026-Q2,2026-10-07,2026-Q2,2026-08-10,PROVIDER_FILING_DATE_PROXY,EXISTING_UNREVIEWED_COMMON_RULE,6.992,2026-08-10,4,4,,,
2026-10-08,SANM,1952,PB_OWNERSHIP_BASIS_V2,4.2613746709206435,OK,,4.2613746709206435,OK,2759625000.0,2026-Q3,2026-10-07,2026-Q3,2026-07-27,PROVIDER_FILING_DATE_PROXY,EXISTING_UNREVIEWED_COMMON_RULE,4.057,2026-07-27,4,4,,,
2026-10-08,SATL,1953,PB_OWNERSHIP_BASIS_V2,,OWNERSHIP_BASIS_UNVERIFIED,,,OWNERSHIP_BASIS_UNVERIFIED,33882000.0,2026-Q2,2026-10-07,2026-Q2,2026-08-06,PROVIDER_FILING_DATE_PROXY,HELD,22.869,2026-08-06,2,4,,,
2026-10-08,SBAC,1954,PB_OWNERSHIP_BASIS_V2,,NEGATIVE_EQUITY,,,NEGATIVE_EQUITY,-4629854000.0,2026-Q2,2026-10-07,2026-Q2,2026-08-06,PROVIDER_FILING_DATE_PROXY,HELD,,2026-08-06,0,4,,,
2026-10-08,SBFM,1955,PB_OWNERSHIP_BASIS_V2,,OWNERSHIP_BASIS_UNVERIFIED,LARGE_ENDPOINT_VS_AVERAGE_SHARE_DIFFERENCE,,OWNERSHIP_BASIS_UNVERIFIED,27538002.0,2026-Q2,2026-10-07,2026-Q2,2026-08-13,PROVIDER_FILING_DATE_PROXY,HELD,0.169,2026-08-13,4,4,,,
2026-10-08,SBGI,1956,PB_OWNERSHIP_BASIS_V2,2.4835544652462507,OK,,2.4835544652462507,OK,380000000.0,2026-Q2,2026-10-07,2026-Q2,2026-08-05,PROVIDER_FILING_DATE_PROXY,EXISTING_UNREVIEWED_COMMON_RULE,2.647,2026-08-05,4,4,,,
2026-10-08,SBH,1957,PB_OWNERSHIP_BASIS_V2,1.7725919740577458,OK,HISTORICAL_OHLC_INCOMPLETE,1.7725919740577458,OK,871474000.0,2026-Q3,2026-10-07,2026-Q3,2026-08-03,PROVIDER_FILING_DATE_PROXY,EXISTING_UNREVIEWED_COMMON_RULE,1.733,2026-08-03,4,4,,,
2026-10-08,SBRA,1958,PB_OWNERSHIP_BASIS_V2,,OWNERSHIP_BASIS_UNVERIFIED,,,OWNERSHIP_BASIS_UNVERIFIED,2750723000.0,2026-Q2,2026-10-07,2026-Q2,2026-08-03,PROVIDER_FILING_DATE_PROXY,HELD,1.914,2026-08-03,4,4,,,
2026-10-08,SBUX,1959,PB_OWNERSHIP_BASIS_V2,,NEGATIVE_EQUITY,,,NEGATIVE_EQUITY,-7674300000.0,2026-Q3,2026-10-07,2026-Q3,2026-07-29,PROVIDER_FILING_DATE_PROXY,HELD,,2026-07-29,0,4,,,
2026-10-08,SCCO,1960,PB_OWNERSHIP_BASIS_V2,13.247250390529594,OK,,13.247250390529594,OK,12632200000.0,2026-Q2,2026-10-07,2026-Q2,2026-07-31,PROVIDER_FILING_DATE_PROXY,EXISTING_UNREVIEWED_COMMON_RULE,12.068,2026-07-31,4,4,,,
2026-10-08,SCHL,1961,PB_OWNERSHIP_BASIS_V2,,MISSING_EQUITY,,,MISSING_EQUITY,,2027-Q1,2026-10-07,2027-Q1,2026-09-25,PROVIDER_FILING_DATE_PROXY,HELD,,2026-09-25,0,4,,,
2026-10-08,SCI,1962,PB_OWNERSHIP_BASIS_V2,6.8143533229158955,OK,,6.8143533229158955,OK,1537251000.0,2026-Q2,2026-10-07,2026-Q2,2026-07-30,PROVIDER_FILING_DATE_PROXY,EXISTING_UNREVIEWED_COMMON_RULE,7.562,2026-07-30,4,4,,,
2026-10-08,SCL,1963,PB_OWNERSHIP_BASIS_V2,1.150087823286063,OK,,1.150087823286063,OK,1212046000.0,2026-Q2,2026-10-07,2026-Q2,2026-08-05,PROVIDER_FILING_DATE_PROXY,EXISTING_UNREVIEWED_COMMON_RULE,1.205,2026-08-05,4,4,,,
2026-10-08,SCLX,1964,PB_OWNERSHIP_BASIS_V2,,NEGATIVE_EQUITY,,,NEGATIVE_EQUITY,-308322000.0,2026-Q2,2026-10-07,2026-Q2,2026-08-14,PROVIDER_FILING_DATE_PROXY,HELD,,2026-08-14,0,4,,,
2026-10-08,SCNI,1965,PB_OWNERSHIP_BASIS_V2,0.05490326214881712,OK,,,OWNERSHIP_REVIEW_STALE,11732000.0,2026-Q2,2026-10-07,2026-Q2,2026-06-30,ACCEPTED_ORDINARY_COUNT_WITH_OFFICIAL_RATIO,OPERATOR_CONFIRMED_QUARTER,0.139,2026-08-26,4,4,ADR_FACTOR,2.5e-05,0706454b96849488abe01a6b8102250b63f1d4d808f7fb87829517ccc5c7a758
2026-10-08,SCSC,1966,PB_OWNERSHIP_BASIS_V2,1.3198655964337613,OK,,1.3198655964337613,OK,910792000.0,2026-Q4,2026-10-07,2026-Q4,2026-08-20,PROVIDER_FILING_DATE_PROXY,EXISTING_UNREVIEWED_COMMON_RULE,1.247,2026-08-20,4,4,,,
2026-10-08,SD,1967,PB_OWNERSHIP_BASIS_V2,0.9373334814009927,OK,,0.9373334814009927,OK,542681000.0,2026-Q2,2026-10-07,2026-Q2,2026-08-06,PROVIDER_FILING_DATE_PROXY,EXISTING_UNREVIEWED_COMMON_RULE,0.918,2026-08-06,4,4,,,
2026-10-08,SDGR,1968,PB_OWNERSHIP_BASIS_V2,6.205831955053557,OK,,6.205831955053557,OK,328956000.0,2026-Q2,2026-10-07,2026-Q2,2026-08-05,PROVIDER_FILING_DATE_PROXY,EXISTING_UNREVIEWED_COMMON_RULE,3.729,2026-08-05,4,4,,,
2026-10-08,SDRL,1969,PB_OWNERSHIP_BASIS_V2,,OWNERSHIP_BASIS_UNVERIFIED,,,OWNERSHIP_REVIEW_STALE,2864000000.0,2026-Q2,2026-10-07,2026-Q2,2026-08-10,ACCEPTED_PROVIDER_DATE_PENDING_RECONCILIATION,HELD,1.021,2026-08-10,4,4,HELD,,b4fa4c0d610f8373c4959411c07081c179806267ba3600347e5d79ddf55660ca
2026-10-08,SDST,1970,PB_OWNERSHIP_BASIS_V2,,NEGATIVE_EQUITY,LARGE_ENDPOINT_VS_AVERAGE_SHARE_DIFFERENCE,,NEGATIVE_EQUITY,-8240860.0,2026-Q2,2026-10-07,2026-Q2,2026-08-13,PROVIDER_FILING_DATE_PROXY,HELD,,2026-08-13,0,4,,,
2026-10-08,SEAT,1971,PB_OWNERSHIP_BASIS_V2,,NEGATIVE_EQUITY,,,NEGATIVE_EQUITY,-105079000.0,2026-Q2,2026-10-07,2026-Q2,2026-08-04,PROVIDER_FILING_DATE_PROXY,HELD,,2026-08-04,1,4,,,
2026-10-08,SEB,1972,PB_OWNERSHIP_BASIS_V2,0.7056878140721837,OK,,0.7056878140721837,OK,5486000000.0,2026-Q2,2026-10-07,2026-Q2,2026-08-04,PROVIDER_FILING_DATE_PROXY,EXISTING_UNREVIEWED_COMMON_RULE,0.767,2026-08-04,4,4,,,
2026-10-08,SEDG,1973,PB_OWNERSHIP_BASIS_V2,4.950905260545557,OK,,4.950905260545557,OK,412085000.0,2026-Q2,2026-10-07,2026-Q2,2026-08-05,PROVIDER_FILING_DATE_PROXY,EXISTING_UNREVIEWED_COMMON_RULE,5.061,2026-08-05,4,4,,,
2026-10-08,SEER,1974,PB_OWNERSHIP_BASIS_V2,0.542237483437942,OK,,0.542237483437942,OK,225680000.0,2026-Q2,2026-10-07,2026-Q2,2026-08-11,PROVIDER_FILING_DATE_PROXY,EXISTING_UNREVIEWED_COMMON_RULE,0.53,2026-08-11,4,4,,,
2026-10-08,SEGG,1975,PB_OWNERSHIP_BASIS_V2,,OWNERSHIP_BASIS_UNVERIFIED,LARGE_ENDPOINT_VS_AVERAGE_SHARE_DIFFERENCE;HISTORICAL_PRICE_MISMATCH,,OWNERSHIP_REVIEW_STALE,23277057.0,2025-Q4,2026-10-07,2025-Q4,2026-07-10,ACCEPTED_PROVIDER_DATE_PENDING_RECONCILIATION,HELD,0.77,2026-07-10,4,4,HELD,,2e4aa769ffd89c3fbeb23950e65567122e0da11b61f034c4606fb36cde3c9685
2026-10-08,SEI,1976,PB_OWNERSHIP_BASIS_V2,6.490490059847906,OK,,6.490490059847906,OK,901976000.0,2026-Q2,2026-10-07,2026-Q2,2026-08-06,PROVIDER_FILING_DATE_PROXY,EXISTING_UNREVIEWED_COMMON_RULE,4.839,2026-08-06,4,4,,,
2026-10-08,SERA,1977,PB_OWNERSHIP_BASIS_V2,1.3752171099101385,OK,,1.3752171099101385,OK,59380000.0,2026-Q2,2026-10-07,2026-Q2,2026-08-12,PROVIDER_FILING_DATE_PROXY,EXISTING_UNREVIEWED_COMMON_RULE,1.342,2026-08-12,4,4,,,
2026-10-08,SERV,1978,PB_OWNERSHIP_BASIS_V2,1.1485678167482047,OK,,1.1485678167482047,OK,351792000.0,2026-Q2,2026-10-07,2026-Q2,2026-08-06,PROVIDER_FILING_DATE_PROXY,EXISTING_UNREVIEWED_COMMON_RULE,1.4,2026-08-06,4,4,,,
2026-10-08,SES,1979,PB_OWNERSHIP_BASIS_V2,,OWNERSHIP_BASIS_UNVERIFIED,,,OWNERSHIP_BASIS_UNVERIFIED,187059000.0,2026-Q2,2026-10-07,2026-Q2,2026-08-11,PROVIDER_FILING_DATE_PROXY,HELD,1.11,2026-08-11,4,4,,,
2026-10-08,SFIX,1980,PB_OWNERSHIP_BASIS_V2,,MISSING_EQUITY,,,MISSING_EQUITY,,2026-Q4,2026-10-07,2026-Q4,2026-09-24,PROVIDER_FILING_DATE_PROXY,HELD,,2026-09-24,0,4,,,
2026-10-08,SFM,1981,PB_OWNERSHIP_BASIS_V2,4.054547239796183,OK,,4.054547239796183,OK,1500868000.0,2026-Q2,2026-10-07,2026-Q2,2026-07-29,PROVIDER_FILING_DATE_PROXY,EXISTING_UNREVIEWED_COMMON_RULE,4.918,2026-07-29,4,4,,,
2026-10-08,SG,1982,PB_OWNERSHIP_BASIS_V2,2.3318422980057285,OK,,2.3318422980057285,OK,467621000.0,2026-Q2,2026-10-07,2026-Q2,2026-08-07,PROVIDER_FILING_DATE_PROXY,EXISTING_UNREVIEWED_COMMON_RULE,1.375,2026-08-07,4,4,,,
2026-10-08,SGHT,1983,PB_OWNERSHIP_BASIS_V2,8.821327371915157,OK,,8.821327371915157,OK,52894000.0,2026-Q2,2026-10-07,2026-Q2,2026-08-05,PROVIDER_FILING_DATE_PROXY,EXISTING_UNREVIEWED_COMMON_RULE,5.78,2026-08-05,4,4,,,
2026-10-08,SGI,1984,PB_OWNERSHIP_BASIS_V2,4.023091710865334,OK,,4.023091710865334,OK,3229400000.0,2026-Q2,2026-10-07,2026-Q2,2026-08-07,PROVIDER_FILING_DATE_PROXY,EXISTING_UNREVIEWED_COMMON_RULE,4.25,2026-08-07,4,4,,,
2026-10-08,SGLY,1985,PB_OWNERSHIP_BASIS_V2,,MISSING_EQUITY,LARGE_ENDPOINT_VS_AVERAGE_SHARE_DIFFERENCE,,MISSING_EQUITY,,2026-Q4,2026-10-07,2026-Q4,2026-09-29,PROVIDER_FILING_DATE_PROXY,HELD,,2026-09-29,0,4,,,
2026-10-08,SGMT,1986,PB_OWNERSHIP_BASIS_V2,2.1548236253576674,OK,,2.1548236253576674,OK,256155000.0,2026-Q2,2026-10-07,2026-Q2,2026-08-11,PROVIDER_FILING_DATE_PROXY,EXISTING_UNREVIEWED_COMMON_RULE,2.31,2026-08-11,4,4,,,
2026-10-08,SGRY,1987,PB_OWNERSHIP_BASIS_V2,1.074333722148881,OK,,1.074333722148881,OK,1670700000.0,2026-Q2,2026-10-07,2026-Q2,2026-08-10,PROVIDER_FILING_DATE_PROXY,EXISTING_UNREVIEWED_COMMON_RULE,1.25,2026-08-10,4,4,,,
2026-10-08,SHAK,1988,PB_OWNERSHIP_BASIS_V2,5.04556644533796,OK,,5.04556644533796,OK,544321000.0,2026-Q2,2026-10-07,2026-Q2,2026-08-05,PROVIDER_FILING_DATE_PROXY,EXISTING_UNREVIEWED_COMMON_RULE,5.844,2026-08-05,4,4,,,
2026-10-08,SHC,1989,PB_OWNERSHIP_BASIS_V2,7.674039014070733,OK,,7.674039014070733,OK,665648000.0,2026-Q2,2026-10-07,2026-Q2,2026-08-06,PROVIDER_FILING_DATE_PROXY,EXISTING_UNREVIEWED_COMMON_RULE,8.107,2026-08-06,4,4,,,
2026-10-08,SHEN,1990,PB_OWNERSHIP_BASIS_V2,0.734127530506383,OK,,0.734127530506383,OK,859938000.0,2026-Q2,2026-10-07,2026-Q2,2026-07-29,PROVIDER_FILING_DATE_PROXY,EXISTING_UNREVIEWED_COMMON_RULE,0.789,2026-07-29,4,4,,,
2026-10-08,SHLS,1991,PB_OWNERSHIP_BASIS_V2,2.2877400700257158,OK,,2.2877400700257158,OK,617219000.0,2026-Q2,2026-10-07,2026-Q2,2026-08-04,PROVIDER_FILING_DATE_PROXY,EXISTING_UNREVIEWED_COMMON_RULE,2.514,2026-08-04,4,4,,,
2026-10-08,SHO,1992,PB_OWNERSHIP_BASIS_V2,,OWNERSHIP_BASIS_UNVERIFIED,,,OWNERSHIP_BASIS_UNVERIFIED,1880772000.0,2026-Q2,2026-10-07,2026-Q2,2026-08-06,PROVIDER_FILING_DATE_PROXY,HELD,1.116,2026-08-06,4,4,,,
2026-10-08,SHOO,1993,PB_OWNERSHIP_BASIS_V2,3.473486488804968,OK,,3.473486488804968,OK,939603000.0,2026-Q2,2026-10-07,2026-Q2,2026-07-31,PROVIDER_FILING_DATE_PROXY,EXISTING_UNREVIEWED_COMMON_RULE,3.589,2026-07-31,4,4,,,
2026-10-08,SHOP,1994,PB_OWNERSHIP_BASIS_V2,16.84180781246608,OK,,16.84180781246608,OK,12684000000.0,2026-Q2,2026-10-07,2026-Q2,2026-08-05,PROVIDER_FILING_DATE_PROXY,EXISTING_UNREVIEWED_COMMON_RULE,14.631,2026-08-05,4,4,,,
2026-10-08,SHPH,1995,PB_OWNERSHIP_BASIS_V2,,MISSING_EQUITY,LARGE_ENDPOINT_VS_AVERAGE_SHARE_DIFFERENCE,,MISSING_EQUITY,,2026-Q2,2026-10-07,2026-Q2,2026-09-24,PROVIDER_FILING_DATE_PROXY,HELD,,2026-09-24,0,4,,,
2026-10-08,SHW,1996,PB_OWNERSHIP_BASIS_V2,19.837812946532804,OK,,19.837812946532804,OK,3854700000.0,2026-Q2,2026-10-07,2026-Q2,2026-07-28,PROVIDER_FILING_DATE_PROXY,EXISTING_UNREVIEWED_COMMON_RULE,22.311,2026-07-28,4,4,,,
2026-10-08,SIBN,1997,PB_OWNERSHIP_BASIS_V2,4.694537335941527,OK,,4.694537335941527,OK,182347000.0,2026-Q2,2026-10-07,2026-Q2,2026-08-04,PROVIDER_FILING_DATE_PROXY,EXISTING_UNREVIEWED_COMMON_RULE,4.532,2026-08-04,4,4,,,
2026-10-08,SIDU,1998,PB_OWNERSHIP_BASIS_V2,0.8790952608062051,OK,,0.8790952608062051,OK,188841347.0,2026-Q2,2026-10-07,2026-Q2,2026-08-13,PROVIDER_FILING_DATE_PROXY,EXISTING_UNREVIEWED_COMMON_RULE,1.362,2026-08-13,4,4,,,
2026-10-08,SIG,1999,PB_OWNERSHIP_BASIS_V2,,MISSING_EQUITY,,,MISSING_EQUITY,,2027-Q2,2026-10-07,2027-Q2,2026-09-09,PROVIDER_FILING_DATE_PROXY,HELD,,2026-09-09,0,4,,,
2026-10-08,SIGA,2000,PB_OWNERSHIP_BASIS_V2,1.4170801235943447,OK,,1.4170801235943447,OK,165290635.0,2026-Q2,2026-10-07,2026-Q2,2026-08-06,PROVIDER_FILING_DATE_PROXY,EXISTING_UNREVIEWED_COMMON_RULE,1.356,2026-08-06,4,4,,,
2026-10-08,SINT,2001,PB_OWNERSHIP_BASIS_V2,2.994211032808197,OK,LARGE_ENDPOINT_VS_AVERAGE_SHARE_DIFFERENCE,2.994211032808197,OK,4830000.0,2026-Q2,2026-10-07,2026-Q2,2026-08-11,PROVIDER_FILING_DATE_PROXY,EXISTING_UNREVIEWED_COMMON_RULE,2.442,2026-08-11,4,4,,,
2026-10-08,SIRI,2002,PB_OWNERSHIP_BASIS_V2,0.7345386360943592,OK,,0.7345386360943592,OK,11908000000.0,2026-Q2,2026-10-07,2026-Q2,2026-07-30,PROVIDER_FILING_DATE_PROXY,EXISTING_UNREVIEWED_COMMON_RULE,0.877,2026-07-30,4,4,,,
2026-10-08,SITC,2003,PB_OWNERSHIP_BASIS_V2,,OWNERSHIP_BASIS_UNVERIFIED,,,OWNERSHIP_BASIS_UNVERIFIED,282259000.0,2026-Q2,2026-10-07,2026-Q2,2026-08-03,PROVIDER_FILING_DATE_PROXY,HELD,0.615,2026-08-03,4,4,,,
2026-10-08,SITE,2004,PB_OWNERSHIP_BASIS_V2,2.233988804838312,OK,,2.233988804838312,OK,1687600000.0,2026-Q2,2026-10-07,2026-Q2,2026-07-29,PROVIDER_FILING_DATE_PROXY,EXISTING_UNREVIEWED_COMMON_RULE,2.426,2026-07-29,4,4,,,
2026-10-08,SITM,2005,PB_OWNERSHIP_BASIS_V2,19.5132046941894,OK,,19.5132046941894,OK,1025052000.0,2026-Q2,2026-10-07,2026-Q2,2026-08-06,PROVIDER_FILING_DATE_PROXY,EXISTING_UNREVIEWED_COMMON_RULE,20.169,2026-08-06,4,4,,,
2026-10-08,SJM,2006,PB_OWNERSHIP_BASIS_V2,,OWNERSHIP_BASIS_UNVERIFIED,,,OWNERSHIP_BASIS_UNVERIFIED,5750800000.0,2027-Q1,2026-10-07,2027-Q1,2026-08-26,PROVIDER_FILING_DATE_PROXY,HELD,2.432,2026-08-26,4,4,,,
2026-10-08,SKIN,2007,PB_OWNERSHIP_BASIS_V2,,OWNERSHIP_BASIS_UNVERIFIED,,,OWNERSHIP_BASIS_UNVERIFIED,55568000.0,2026-Q2,2026-10-07,2026-Q2,2026-08-06,PROVIDER_FILING_DATE_PROXY,HELD,1.798,2026-08-06,4,4,,,
2026-10-08,SKT,2008,PB_OWNERSHIP_BASIS_V2,5.889105984711866,OK,,5.889105984711866,OK,673968000.0,2026-Q2,2026-10-07,2026-Q2,2026-08-06,PROVIDER_FILING_DATE_PROXY,EXISTING_UNREVIEWED_COMMON_RULE,6.702,2026-08-06,4,4,,,
2026-10-08,SKY,2009,PB_OWNERSHIP_BASIS_V2,2.7968952720511817,OK,,2.7968952720511817,OK,1572572000.0,2027-Q1,2026-10-07,2027-Q1,2026-08-05,PROVIDER_FILING_DATE_PROXY,EXISTING_UNREVIEWED_COMMON_RULE,3.147,2026-08-05,4,4,,,
2026-10-08,SKYE,2010,PB_OWNERSHIP_BASIS_V2,,NEGATIVE_EQUITY,HISTORICAL_PRICE_MISMATCH,,NEGATIVE_EQUITY,-497307.0,2026-Q2,2026-10-07,2026-Q2,2026-08-14,PROVIDER_FILING_DATE_PROXY,HELD,,2026-08-14,3,4,,,
2026-10-08,SKYH,2011,PB_OWNERSHIP_BASIS_V2,,OWNERSHIP_BASIS_UNVERIFIED,LARGE_ENDPOINT_VS_AVERAGE_SHARE_DIFFERENCE,,OWNERSHIP_BASIS_UNVERIFIED,126296000.0,2026-Q2,2026-10-07,2026-Q2,2026-08-12,PROVIDER_FILING_DATE_PROXY,HELD,6.97,2026-08-12,4,4,,,
2026-10-08,SKYW,2012,PB_OWNERSHIP_BASIS_V2,1.3588190534254736,OK,,1.3588190534254736,OK,2761493000.0,2026-Q2,2026-10-07,2026-Q2,2026-07-24,PROVIDER_FILING_DATE_PROXY,EXISTING_UNREVIEWED_COMMON_RULE,1.457,2026-07-24,4,4,,,
2026-10-08,SKYX,2013,PB_OWNERSHIP_BASIS_V2,11.306164638617707,OK,,11.306164638617707,OK,13655500.0,2026-Q2,2026-10-07,2026-Q2,2026-08-12,PROVIDER_FILING_DATE_PROXY,EXISTING_UNREVIEWED_COMMON_RULE,12.0,2026-08-12,2,4,,,
2026-10-08,SLAB,2014,PB_OWNERSHIP_BASIS_V2,6.764467458154741,OK,,6.764467458154741,OK,1094802000.0,2026-Q2,2026-10-07,2026-Q2,2026-08-11,PROVIDER_FILING_DATE_PROXY,EXISTING_UNREVIEWED_COMMON_RULE,6.673,2026-08-11,4,4,,,
2026-10-08,SLB,2015,PB_OWNERSHIP_BASIS_V2,2.729903658816687,OK,,2.729903658816687,OK,26074000000.0,2026-Q2,2026-10-07,2026-Q2,2026-07-29,PROVIDER_FILING_DATE_PROXY,EXISTING_UNREVIEWED_COMMON_RULE,2.787,2026-07-29,4,4,,,
2026-10-08,SLDB,2016,PB_OWNERSHIP_BASIS_V2,1.96349093116141,OK,LARGE_ENDPOINT_VS_AVERAGE_SHARE_DIFFERENCE,1.96349093116141,OK,374075000.0,2026-Q2,2026-10-07,2026-Q2,2026-08-06,PROVIDER_FILING_DATE_PROXY,EXISTING_UNREVIEWED_COMMON_RULE,2.497,2026-08-06,4,4,,,
2026-10-08,SLDP,2017,PB_OWNERSHIP_BASIS_V2,,OWNERSHIP_BASIS_UNVERIFIED,,,OWNERSHIP_BASIS_UNVERIFIED,501743000.0,2026-Q2,2026-10-07,2026-Q2,2026-08-05,PROVIDER_FILING_DATE_PROXY,HELD,0.973,2026-08-05,4,4,,,
2026-10-08,SLE,2018,PB_OWNERSHIP_BASIS_V2,0.6252438270424004,OK,,0.6252438270424004,OK,12905000.0,2026-Q2,2026-10-07,2026-Q2,2026-08-14,PROVIDER_FILING_DATE_PROXY,EXISTING_UNREVIEWED_COMMON_RULE,0.298,2026-08-14,3,4,,,
2026-10-08,SLG,2019,PB_OWNERSHIP_BASIS_V2,,OWNERSHIP_BASIS_UNVERIFIED,,,OWNERSHIP_BASIS_UNVERIFIED,3417575000.0,2026-Q2,2026-10-07,2026-Q2,2026-08-06,PROVIDER_FILING_DATE_PROXY,HELD,1.13,2026-08-06,4,4,,,
2026-10-08,SLGN,2020,PB_OWNERSHIP_BASIS_V2,1.5567783097266916,OK,,1.5567783097266916,OK,2379372000.0,2026-Q2,2026-10-07,2026-Q2,2026-08-06,PROVIDER_FILING_DATE_PROXY,EXISTING_UNREVIEWED_COMMON_RULE,1.845,2026-08-06,4,4,,,
2026-10-08,SLN,2021,PB_OWNERSHIP_BASIS_V2,,NEGATIVE_EQUITY,,,NEGATIVE_EQUITY,-38471000.0,2026-Q2,2026-10-07,2026-Q2,2026-08-10,PROVIDER_FILING_DATE_PROXY,HELD,,2026-08-10,0,4,,,
2026-10-08,SLP,2022,PB_OWNERSHIP_BASIS_V2,2.6911173661308303,OK,,2.6911173661308303,OK,139035000.0,2026-Q3,2026-10-06,2026-Q3,2026-07-09,PROVIDER_FILING_DATE_PROXY,EXISTING_UNREVIEWED_COMMON_RULE,2.668,2026-07-09,4,4,,,
2026-10-08,SLS,2023,PB_OWNERSHIP_BASIS_V2,16.592128592504444,OK,,16.592128592504444,OK,137656000.0,2026-Q2,2026-10-07,2026-Q2,2026-08-11,PROVIDER_FILING_DATE_PROXY,EXISTING_UNREVIEWED_COMMON_RULE,16.211,2026-08-11,4,4,,,
2026-10-08,SLVM,2024,PB_OWNERSHIP_BASIS_V2,1.3227046474458584,OK,,1.3227046474458584,OK,955000000.0,2026-Q2,2026-10-07,2026-Q2,2026-08-07,PROVIDER_FILING_DATE_PROXY,EXISTING_UNREVIEWED_COMMON_RULE,1.71,2026-08-07,4,4,,,
2026-10-08,SLXN,2025,PB_OWNERSHIP_BASIS_V2,,OWNERSHIP_BASIS_UNVERIFIED,LARGE_ENDPOINT_VS_AVERAGE_SHARE_DIFFERENCE,,OWNERSHIP_BASIS_UNVERIFIED,44000.0,2026-Q2,2026-10-07,2026-Q2,2026-08-14,PROVIDER_FILING_DATE_PROXY,HELD,53.1,2026-08-14,4,4,,,
2026-10-08,SM,2026,PB_OWNERSHIP_BASIS_V2,1.0731288745680276,OK,,1.0731288745680276,OK,7813000000.0,2026-Q2,2026-10-07,2026-Q2,2026-08-06,PROVIDER_FILING_DATE_PROXY,EXISTING_UNREVIEWED_COMMON_RULE,0.874,2026-08-06,4,4,,,
2026-10-08,SMCI,2027,PB_OWNERSHIP_BASIS_V2,,OWNERSHIP_BASIS_UNVERIFIED,,,OWNERSHIP_BASIS_UNVERIFIED,14479452000.0,2026-Q4,2026-10-07,2026-Q4,2026-08-31,PROVIDER_FILING_DATE_PROXY,HELD,1.691,2026-08-31,4,4,,,
2026-10-08,SMG,2028,PB_OWNERSHIP_BASIS_V2,,NEGATIVE_EQUITY,,,NEGATIVE_EQUITY,-208700000.0,2026-Q3,2026-10-07,2026-Q3,2026-08-05,PROVIDER_FILING_DATE_PROXY,HELD,,2026-08-05,0,4,,,
2026-10-08,SMHI,2029,PB_OWNERSHIP_BASIS_V2,0.9152272144640087,OK,,0.9152272144640087,OK,251991000.0,2026-Q2,2026-10-07,2026-Q2,2026-07-29,PROVIDER_FILING_DATE_PROXY,EXISTING_UNREVIEWED_COMMON_RULE,0.831,2026-07-29,4,4,,,
2026-10-08,SMMT,2030,PB_OWNERSHIP_BASIS_V2,22.730146630202157,OK,,22.730146630202157,OK,629983000.0,2026-Q2,2026-10-07,2026-Q2,2026-07-23,PROVIDER_FILING_DATE_PROXY,EXISTING_UNREVIEWED_COMMON_RULE,18.969,2026-07-23,4,4,,,
2026-10-08,SMP,2031,PB_OWNERSHIP_BASIS_V2,1.1491916495227306,OK,,1.1491916495227306,OK,717725000.0,2026-Q2,2026-10-07,2026-Q2,2026-08-04,PROVIDER_FILING_DATE_PROXY,EXISTING_UNREVIEWED_COMMON_RULE,1.28,2026-08-04,4,4,,,
2026-10-08,SMR,2032,PB_OWNERSHIP_BASIS_V2,,OWNERSHIP_BASIS_UNVERIFIED,,,OWNERSHIP_BASIS_UNVERIFIED,2061309000.0,2026-Q2,2026-10-07,2026-Q2,2026-08-05,PROVIDER_FILING_DATE_PROXY,HELD,1.955,2026-08-05,4,4,,,
2026-10-08,SMRT,2033,PB_OWNERSHIP_BASIS_V2,0.9957705789645181,OK,,0.9957705789645181,OK,225138000.0,2026-Q2,2026-10-07,2026-Q2,2026-08-05,PROVIDER_FILING_DATE_PROXY,EXISTING_UNREVIEWED_COMMON_RULE,1.106,2026-08-05,4,4,,,
2026-10-08,SMTC,2034,PB_OWNERSHIP_BASIS_V2,24.149173279755576,OK,,24.149173279755576,OK,748872000.0,2027-Q2,2026-10-07,2027-Q2,2026-08-26,PROVIDER_FILING_DATE_PROXY,EXISTING_UNREVIEWED_COMMON_RULE,17.547,2026-08-26,4,4,,,
2026-10-08,SMXT,2035,PB_OWNERSHIP_BASIS_V2,,NEGATIVE_EQUITY,HISTORICAL_PRICE_MISMATCH,,NEGATIVE_EQUITY,-11407976.0,2026-Q1,2026-10-07,2026-Q1,2026-05-15,PROVIDER_FILING_DATE_PROXY,HELD,,2026-05-15,0,4,,,
2026-10-08,SN,2036,PB_OWNERSHIP_BASIS_V2,9.175026072505025,OK,,9.175026072505025,OK,2843371000.0,2026-Q2,2026-10-07,2026-Q2,2026-08-05,PROVIDER_FILING_DATE_PROXY,EXISTING_UNREVIEWED_COMMON_RULE,9.022,2026-08-05,4,4,,,
2026-10-08,SNA,2037,PB_OWNERSHIP_BASIS_V2,3.081468461106309,OK,,3.081468461106309,OK,6041300000.0,2026-Q2,2026-10-07,2026-Q2,2026-07-23,PROVIDER_FILING_DATE_PROXY,EXISTING_UNREVIEWED_COMMON_RULE,3.386,2026-07-23,4,4,,,
2026-10-08,SNAP,2038,PB_OWNERSHIP_BASIS_V2,5.098811579932463,OK,,5.098811579932463,OK,1927088000.0,2026-Q2,2026-10-07,2026-Q2,2026-08-04,PROVIDER_FILING_DATE_PROXY,EXISTING_UNREVIEWED_COMMON_RULE,5.081,2026-08-04,4,4,,,
2026-10-08,SNDR,2039,PB_OWNERSHIP_BASIS_V2,1.7871592905245408,OK,,1.7871592905245408,OK,3059400000.0,2026-Q2,2026-10-07,2026-Q2,2026-07-31,PROVIDER_FILING_DATE_PROXY,EXISTING_UNREVIEWED_COMMON_RULE,2.048,2026-07-31,4,4,,,
2026-10-08,SNDX,2040,PB_OWNERSHIP_BASIS_V2,100.717228683717,OK,,100.717228683717,OK,15099000.0,2026-Q2,2026-10-07,2026-Q2,2026-08-04,PROVIDER_FILING_DATE_PROXY,EXISTING_UNREVIEWED_COMMON_RULE,112.841,2026-08-04,4,4,,,
2026-10-08,SNGX,2041,PB_OWNERSHIP_BASIS_V2,,OWNERSHIP_BASIS_UNVERIFIED,LARGE_ENDPOINT_VS_AVERAGE_SHARE_DIFFERENCE,,OWNERSHIP_BASIS_UNVERIFIED,6645557.0,2026-Q2,2026-10-07,2026-Q2,2026-08-07,PROVIDER_FILING_DATE_PROXY,HELD,1.277,2026-08-07,4,4,,,
2026-10-08,SNOA,2042,PB_OWNERSHIP_BASIS_V2,,OWNERSHIP_BASIS_UNVERIFIED,,,OWNERSHIP_BASIS_UNVERIFIED,6594000.0,2027-Q1,2026-10-07,2027-Q1,2026-08-06,PROVIDER_FILING_DATE_PROXY,HELD,0.908,2026-08-06,4,4,,,
2026-10-08,SNOW,2043,PB_OWNERSHIP_BASIS_V2,54.62690083348854,OK,,54.62690083348854,OK,2149664000.0,2027-Q2,2026-10-07,2027-Q2,2026-09-04,PROVIDER_FILING_DATE_PROXY,EXISTING_UNREVIEWED_COMMON_RULE,55.338,2026-09-04,4,4,,,
2026-10-08,SNPS,2044,PB_OWNERSHIP_BASIS_V2,3.092203669757575,OK,,3.092203669757575,OK,31152539000.0,2026-Q3,2026-10-07,2026-Q3,2026-08-26,PROVIDER_FILING_DATE_PROXY,EXISTING_UNREVIEWED_COMMON_RULE,2.522,2026-08-26,4,4,,,
2026-10-08,SNTI,2045,PB_OWNERSHIP_BASIS_V2,,NEGATIVE_EQUITY,,,NEGATIVE_EQUITY,-3401000.0,2026-Q2,2026-10-07,2026-Q2,2026-08-14,PROVIDER_FILING_DATE_PROXY,HELD,,2026-08-14,3,4,,,
2026-10-08,SNX,2046,PB_OWNERSHIP_BASIS_V2,,MISSING_EQUITY,,,MISSING_EQUITY,,2026-Q3,2026-10-07,2026-Q3,2026-10-01,PROVIDER_FILING_DATE_PROXY,HELD,,2026-10-01,0,4,,,
2026-10-08,SO,2047,PB_OWNERSHIP_BASIS_V2,,OWNERSHIP_BASIS_UNVERIFIED,,,OWNERSHIP_BASIS_UNVERIFIED,42342000000.0,2026-Q2,2026-10-07,2026-Q2,2026-07-29,PROVIDER_FILING_DATE_PROXY,HELD,2.61,2026-07-29,4,4,,,
2026-10-08,SOBR,2048,PB_OWNERSHIP_BASIS_V2,,NEGATIVE_EQUITY,LARGE_ENDPOINT_VS_AVERAGE_SHARE_DIFFERENCE,,NEGATIVE_EQUITY,-271693.0,2026-Q2,2026-10-07,2026-Q2,2026-08-14,PROVIDER_FILING_DATE_PROXY,HELD,,2026-08-14,3,4,,,
2026-10-08,SOC,2049,PB_OWNERSHIP_BASIS_V2,,OWNERSHIP_BASIS_UNVERIFIED,LARGE_ENDPOINT_VS_AVERAGE_SHARE_DIFFERENCE,,OWNERSHIP_BASIS_UNVERIFIED,395000000.0,2026-Q2,2026-10-07,2026-Q2,2026-08-10,PROVIDER_FILING_DATE_PROXY,HELD,2.472,2026-08-10,4,4,,,
2026-10-08,SOLV,2050,PB_OWNERSHIP_BASIS_V2,3.045586120622201,OK,,3.045586120622201,OK,4800000000.0,2026-Q2,2026-10-07,2026-Q2,2026-08-05,PROVIDER_FILING_DATE_PROXY,EXISTING_UNREVIEWED_COMMON_RULE,3.102,2026-08-05,4,4,,,
2026-10-08,SON,2051,PB_OWNERSHIP_BASIS_V2,1.3181268928896799,OK,,1.3181268928896799,OK,3581061000.0,2026-Q2,2026-10-07,2026-Q2,2026-07-28,PROVIDER_FILING_DATE_PROXY,EXISTING_UNREVIEWED_COMMON_RULE,1.672,2026-07-28,4,4,,,
2026-10-08,SONO,2052,PB_OWNERSHIP_BASIS_V2,4.9776268282795755,OK,,4.9776268282795755,OK,403532000.0,2026-Q3,2026-10-07,2026-Q3,2026-07-29,PROVIDER_FILING_DATE_PROXY,EXISTING_UNREVIEWED_COMMON_RULE,5.136,2026-07-29,4,4,,,
2026-10-08,SOUN,2053,PB_OWNERSHIP_BASIS_V2,,OWNERSHIP_BASIS_UNVERIFIED,,,OWNERSHIP_BASIS_UNVERIFIED,490430000.0,2026-Q2,2026-10-07,2026-Q2,2026-08-10,PROVIDER_FILING_DATE_PROXY,HELD,6.755,2026-08-10,4,4,,,
2026-10-08,SPB,2054,PB_OWNERSHIP_BASIS_V2,0.9571650576204956,OK,,0.9571650576204956,OK,1848700000.0,2026-Q3,2026-10-07,2026-Q3,2026-08-07,PROVIDER_FILING_DATE_PROXY,EXISTING_UNREVIEWED_COMMON_RULE,1.121,2026-08-07,4,4,,,
2026-10-08,SPCE,2055,PB_OWNERSHIP_BASIS_V2,,OWNERSHIP_BASIS_UNVERIFIED,LARGE_ENDPOINT_VS_AVERAGE_SHARE_DIFFERENCE,,OWNERSHIP_BASIS_UNVERIFIED,396114000.0,2026-Q2,2026-10-07,2026-Q2,2026-08-12,PROVIDER_FILING_DATE_PROXY,HELD,1.263,2026-08-12,4,4,,,
2026-10-08,SPG,2056,PB_OWNERSHIP_BASIS_V2,,OWNERSHIP_BASIS_UNVERIFIED,,,OWNERSHIP_BASIS_UNVERIFIED,4434416000.0,2026-Q2,2026-10-07,2026-Q2,2026-08-10,PROVIDER_FILING_DATE_PROXY,HELD,16.093,2026-08-10,4,4,,,
2026-10-08,SPGI,2057,PB_OWNERSHIP_BASIS_V2,3.698265510327301,OK,,3.698265510327301,OK,31501000000.0,2026-Q2,2026-10-07,2026-Q2,2026-07-28,PROVIDER_FILING_DATE_PROXY,EXISTING_UNREVIEWED_COMMON_RULE,3.971,2026-07-28,4,4,,,
2026-10-08,SPH,2058,PB_OWNERSHIP_BASIS_V2,1.5877618945589886,OK,,1.5877618945589886,OK,713022000.0,2026-Q3,2026-10-07,2026-Q3,2026-08-06,PROVIDER_FILING_DATE_PROXY,EXISTING_UNREVIEWED_COMMON_RULE,1.66,2026-08-06,4,4,,,
2026-10-08,SPHR,2059,PB_OWNERSHIP_BASIS_V2,1.7126143277355461,OK,,1.7126143277355461,OK,2227858000.0,2026-Q2,2026-10-07,2026-Q2,2026-07-30,PROVIDER_FILING_DATE_PROXY,EXISTING_UNREVIEWED_COMMON_RULE,2.391,2026-07-30,4,4,,,
2026-10-08,SPIR,2060,PB_OWNERSHIP_BASIS_V2,,OWNERSHIP_BASIS_UNVERIFIED,,,OWNERSHIP_BASIS_UNVERIFIED,144285000.0,2026-Q2,2026-10-07,2026-Q2,2026-08-13,PROVIDER_FILING_DATE_PROXY,HELD,3.925,2026-08-13,4,4,,,
2026-10-08,SPOK,2061,PB_OWNERSHIP_BASIS_V2,1.652608677099087,OK,,1.652608677099087,OK,139867000.0,2026-Q2,2026-10-07,2026-Q2,2026-07-30,PROVIDER_FILING_DATE_PROXY,EXISTING_UNREVIEWED_COMMON_RULE,1.608,2026-07-30,4,4,,,
2026-10-08,SPRO,2062,PB_OWNERSHIP_BASIS_V2,1.5413705793781638,OK,,1.5413705793781638,OK,44204000.0,2026-Q2,2026-10-07,2026-Q2,2026-08-12,PROVIDER_FILING_DATE_PROXY,EXISTING_UNREVIEWED_COMMON_RULE,1.568,2026-08-12,4,4,,,
2026-10-08,SPRU,2063,PB_OWNERSHIP_BASIS_V2,,OWNERSHIP_BASIS_UNVERIFIED,,,OWNERSHIP_BASIS_UNVERIFIED,120399000.0,2026-Q2,2026-10-07,2026-Q2,2026-08-13,PROVIDER_FILING_DATE_PROXY,HELD,0.293,2026-08-13,4,4,,,
2026-10-08,SPRY,2064,PB_OWNERSHIP_BASIS_V2,34.653966492779155,OK,,34.653966492779155,OK,12512000.0,2026-Q2,2026-10-07,2026-Q2,2026-08-13,PROVIDER_FILING_DATE_PROXY,EXISTING_UNREVIEWED_COMMON_RULE,48.484,2026-08-13,4,4,,,
2026-10-08,SPSC,2065,PB_OWNERSHIP_BASIS_V2,3.1071603866669792,OK,,3.1071603866669792,OK,938482000.0,2026-Q2,2026-10-07,2026-Q2,2026-07-30,PROVIDER_FILING_DATE_PROXY,EXISTING_UNREVIEWED_COMMON_RULE,2.525,2026-07-30,4,4,,,
2026-10-08,SPT,2066,PB_OWNERSHIP_BASIS_V2,2.799622770271293,OK,,2.799622770271293,OK,228550000.0,2026-Q2,2026-10-07,2026-Q2,2026-08-07,PROVIDER_FILING_DATE_PROXY,EXISTING_UNREVIEWED_COMMON_RULE,2.741,2026-08-07,4,4,,,
2026-10-08,SPWH,2067,PB_OWNERSHIP_BASIS_V2,0.26764865582749386,OK,,0.26764865582749386,OK,163791000.0,2027-Q2,2026-10-07,2027-Q2,2026-09-01,PROVIDER_FILING_DATE_PROXY,EXISTING_UNREVIEWED_COMMON_RULE,0.287,2026-09-01,4,4,,,
2026-10-08,SPWR,2068,PB_OWNERSHIP_BASIS_V2,,NEGATIVE_EQUITY,LARGE_ENDPOINT_VS_AVERAGE_SHARE_DIFFERENCE,,NEGATIVE_EQUITY,-26271000.0,2026-Q2,2026-10-07,2026-Q2,2026-08-21,PROVIDER_FILING_DATE_PROXY,HELD,,2026-08-21,0,4,,,
2026-10-08,SPXC,2069,PB_OWNERSHIP_BASIS_V2,3.6389240285471542,OK,,3.6389240285471542,OK,2348400000.0,2026-Q2,2026-10-07,2026-Q2,2026-07-31,PROVIDER_FILING_DATE_PROXY,EXISTING_UNREVIEWED_COMMON_RULE,4.684,2026-07-31,4,4,,,
2026-10-08,SQFT,2070,PB_OWNERSHIP_BASIS_V2,,OWNERSHIP_BASIS_UNVERIFIED,,,OWNERSHIP_BASIS_UNVERIFIED,13853278.0,2026-Q2,2026-10-07,2026-Q2,2026-08-13,PROVIDER_FILING_DATE_PROXY,HELD,0.151,2026-08-13,4,4,,,
2026-10-08,SR,2071,PB_OWNERSHIP_BASIS_V2,,OWNERSHIP_BASIS_UNVERIFIED,,,OWNERSHIP_BASIS_UNVERIFIED,3583000000.0,2026-Q3,2026-10-07,2026-Q3,2026-08-05,PROVIDER_FILING_DATE_PROXY,HELD,1.333,2026-08-05,4,4,,,
2026-10-08,SRE,2072,PB_OWNERSHIP_BASIS_V2,,OWNERSHIP_BASIS_UNVERIFIED,,,OWNERSHIP_BASIS_UNVERIFIED,32685000000.0,2026-Q2,2026-10-07,2026-Q2,2026-08-06,PROVIDER_FILING_DATE_PROXY,HELD,1.688,2026-08-06,4,4,,,
2026-10-08,SRFM,2073,PB_OWNERSHIP_BASIS_V2,,NEGATIVE_EQUITY,LARGE_ENDPOINT_VS_AVERAGE_SHARE_DIFFERENCE,,NEGATIVE_EQUITY,-42457000.0,2026-Q2,2026-10-07,2026-Q2,2026-08-10,PROVIDER_FILING_DATE_PROXY,HELD,,2026-08-10,0,4,,,
2026-10-08,SRG,2074,PB_OWNERSHIP_BASIS_V2,,OWNERSHIP_BASIS_UNVERIFIED,,,OWNERSHIP_BASIS_UNVERIFIED,292217000.0,2026-Q2,2026-10-07,2026-Q2,2026-08-14,PROVIDER_FILING_DATE_PROXY,HELD,0.438,2026-08-14,4,4,,,
2026-10-08,SRI,2075,PB_OWNERSHIP_BASIS_V2,1.2470688210291323,OK,,1.2470688210291323,OK,149125000.0,2026-Q2,2026-10-07,2026-Q2,2026-08-05,PROVIDER_FILING_DATE_PROXY,EXISTING_UNREVIEWED_COMMON_RULE,1.427,2026-08-05,4,4,,,
2026-10-08,SRPT,2076,PB_OWNERSHIP_BASIS_V2,1.2098934986824175,OK,,1.2098934986824175,OK,1527798000.0,2026-Q2,2026-10-07,2026-Q2,2026-08-05,PROVIDER_FILING_DATE_PROXY,EXISTING_UNREVIEWED_COMMON_RULE,1.101,2026-08-05,4,4,,,
2026-10-08,SRRK,2077,PB_OWNERSHIP_BASIS_V2,20.250839270067445,OK,,20.250839270067445,OK,253784000.0,2026-Q2,2026-10-07,2026-Q2,2026-08-06,PROVIDER_FILING_DATE_PROXY,EXISTING_UNREVIEWED_COMMON_RULE,25.261,2026-08-06,4,4,,,
2026-10-08,SRTA,2078,PB_OWNERSHIP_BASIS_V2,,OWNERSHIP_BASIS_UNVERIFIED,,,OWNERSHIP_BASIS_UNVERIFIED,279318000.0,2026-Q2,2026-10-07,2026-Q2,2026-08-04,PROVIDER_FILING_DATE_PROXY,HELD,1.764,2026-08-04,4,4,,,
2026-10-08,SRTS,2079,PB_OWNERSHIP_BASIS_V2,,OWNERSHIP_BASIS_UNVERIFIED,,,OWNERSHIP_BASIS_UNVERIFIED,36863000.0,2026-Q2,2026-10-07,2026-Q2,2026-08-14,PROVIDER_FILING_DATE_PROXY,HELD,1.277,2026-08-14,4,4,,,
2026-10-08,SSD,2080,PB_OWNERSHIP_BASIS_V2,3.31359735251626,OK,,3.31359735251626,OK,2117758000.0,2026-Q2,2026-10-07,2026-Q2,2026-08-06,PROVIDER_FILING_DATE_PROXY,EXISTING_UNREVIEWED_COMMON_RULE,3.744,2026-08-06,4,4,,,
2026-10-08,SSKN,2081,PB_OWNERSHIP_BASIS_V2,,STALE_EQUITY,LARGE_ENDPOINT_VS_AVERAGE_SHARE_DIFFERENCE,,STALE_EQUITY,1314000.0,2025-Q3,2026-10-06,2025-Q3,2025-11-14,PROVIDER_FILING_DATE_PROXY,HELD,6.094,2025-11-14,4,4,,,
2026-10-08,SSNC,2082,PB_OWNERSHIP_BASIS_V2,2.7809338577393623,OK,,2.7809338577393623,OK,6640700000.0,2026-Q2,2026-10-07,2026-Q2,2026-07-30,PROVIDER_FILING_DATE_PROXY,EXISTING_UNREVIEWED_COMMON_RULE,2.727,2026-07-30,4,4,,,
2026-10-08,SSP,2083,PB_OWNERSHIP_BASIS_V2,2.6138421691594416,OK,,2.6138421691594416,OK,100687000.0,2026-Q2,2026-10-07,2026-Q2,2026-08-07,PROVIDER_FILING_DATE_PROXY,EXISTING_UNREVIEWED_COMMON_RULE,3.056,2026-08-07,4,4,,,
2026-10-08,SSRM,2084,PB_OWNERSHIP_BASIS_V2,1.969006121641456,OK,,1.969006121641456,OK,3391574000.0,2026-Q2,2026-10-07,2026-Q2,2026-08-04,PROVIDER_FILING_DATE_PROXY,EXISTING_UNREVIEWED_COMMON_RULE,1.598,2026-08-04,4,4,,,
2026-10-08,SSTK,2085,PB_OWNERSHIP_BASIS_V2,0.45414986451099215,OK,,0.45414986451099215,OK,363660000.0,2026-Q2,2026-10-07,2026-Q2,2026-08-07,PROVIDER_FILING_DATE_PROXY,EXISTING_UNREVIEWED_COMMON_RULE,0.606,2026-08-07,4,4,,,
2026-10-08,ST,2086,PB_OWNERSHIP_BASIS_V2,2.0832278099631516,OK,,2.0832278099631516,OK,2960000000.0,2026-Q2,2026-10-07,2026-Q2,2026-07-29,PROVIDER_FILING_DATE_PROXY,EXISTING_UNREVIEWED_COMMON_RULE,2.262,2026-07-29,4,4,,,
2026-10-08,STAA,2087,PB_OWNERSHIP_BASIS_V2,3.0684883684241813,OK,,3.0684883684241813,OK,365398000.0,2026-Q2,2026-10-07,2026-Q2,2026-08-12,PROVIDER_FILING_DATE_PROXY,EXISTING_UNREVIEWED_COMMON_RULE,3.487,2026-08-12,4,4,,,
2026-10-08,STAG,2088,PB_OWNERSHIP_BASIS_V2,,OWNERSHIP_BASIS_UNVERIFIED,,,OWNERSHIP_BASIS_UNVERIFIED,3631016000.0,2026-Q2,2026-10-07,2026-Q2,2026-07-28,PROVIDER_FILING_DATE_PROXY,HELD,2.162,2026-07-28,4,4,,,
2026-10-08,STE,2089,PB_OWNERSHIP_BASIS_V2,2.836779989549706,OK,,2.836779989549706,OK,7206700000.0,2027-Q1,2026-10-07,2027-Q1,2026-08-07,PROVIDER_FILING_DATE_PROXY,EXISTING_UNREVIEWED_COMMON_RULE,3.213,2026-08-07,4,4,,,
2026-10-08,STEM,2090,PB_OWNERSHIP_BASIS_V2,,NEGATIVE_EQUITY,,,NEGATIVE_EQUITY,-269571000.0,2026-Q2,2026-10-07,2026-Q2,2026-08-13,PROVIDER_FILING_DATE_PROXY,HELD,,2026-08-13,0,4,,,
2026-10-08,STGW,2091,PB_OWNERSHIP_BASIS_V2,3.159191970363822,OK,,3.159191970363822,OK,669384000.0,2026-Q2,2026-10-07,2026-Q2,2026-07-31,PROVIDER_FILING_DATE_PROXY,EXISTING_UNREVIEWED_COMMON_RULE,3.086,2026-07-31,4,4,,,
2026-10-08,STIM,2092,PB_OWNERSHIP_BASIS_V2,9.263192019797573,OK,,9.263192019797573,OK,17850000.0,2026-Q2,2026-10-07,2026-Q2,2026-08-11,PROVIDER_FILING_DATE_PROXY,EXISTING_UNREVIEWED_COMMON_RULE,13.617,2026-08-11,4,4,,,
2026-10-08,STLD,2093,PB_OWNERSHIP_BASIS_V2,3.561925538873573,OK,,3.561925538873573,OK,9419532000.0,2026-Q2,2026-10-07,2026-Q2,2026-07-28,PROVIDER_FILING_DATE_PROXY,EXISTING_UNREVIEWED_COMMON_RULE,3.952,2026-07-28,4,4,,,
2026-10-08,STOK,2094,PB_OWNERSHIP_BASIS_V2,4.535830081741525,OK,,4.535830081741525,OK,345547000.0,2026-Q2,2026-10-07,2026-Q2,2026-08-03,PROVIDER_FILING_DATE_PROXY,EXISTING_UNREVIEWED_COMMON_RULE,5.52,2026-08-03,4,4,,,
2026-10-08,STRA,2095,PB_OWNERSHIP_BASIS_V2,1.0967944512784216,OK,,1.0967944512784216,OK,1633584000.0,2026-Q2,2026-10-07,2026-Q2,2026-07-29,PROVIDER_FILING_DATE_PROXY,EXISTING_UNREVIEWED_COMMON_RULE,1.191,2026-07-29,4,4,,,
2026-10-08,STRL,2096,PB_OWNERSHIP_BASIS_V2,12.037180218812875,OK,,12.037180218812875,OK,1357315000.0,2026-Q2,2026-10-07,2026-Q2,2026-08-04,PROVIDER_FILING_DATE_PROXY,EXISTING_UNREVIEWED_COMMON_RULE,12.206,2026-08-04,4,4,,,
2026-10-08,STTK,2097,PB_OWNERSHIP_BASIS_V2,2.6880977984429393,OK,,2.6880977984429393,OK,211136000.0,2026-Q2,2026-10-07,2026-Q2,2026-08-11,PROVIDER_FILING_DATE_PROXY,EXISTING_UNREVIEWED_COMMON_RULE,3.413,2026-08-11,4,4,,,
2026-10-08,STWD,2098,PB_OWNERSHIP_BASIS_V2,0.7210902494008199,OK,,0.7210902494008199,OK,6498963000.0,2026-Q2,2026-10-07,2026-Q2,2026-08-06,PROVIDER_FILING_DATE_PROXY,EXISTING_UNREVIEWED_COMMON_RULE,0.907,2026-08-06,4,4,,,
2026-10-08,STX,2099,PB_OWNERSHIP_BASIS_V2,84.46299725946194,OK,,84.46299725946194,OK,2167000000.0,2026-Q4,2026-10-07,2026-Q4,2026-08-04,PROVIDER_FILING_DATE_PROXY,EXISTING_UNREVIEWED_COMMON_RULE,88.414,2026-08-04,3,4,,,
2026-10-08,STZ,2100,PB_OWNERSHIP_BASIS_V2,,OWNERSHIP_BASIS_UNVERIFIED,,,OWNERSHIP_BASIS_UNVERIFIED,8255600000.0,2027-Q1,2026-10-07,2027-Q1,2026-07-01,PROVIDER_FILING_DATE_PROXY,HELD,2.832,2026-07-01,4,4,,,
2026-10-08,SUI,2101,PB_OWNERSHIP_BASIS_V2,,OWNERSHIP_BASIS_UNVERIFIED,,,OWNERSHIP_BASIS_UNVERIFIED,5519400000.0,2026-Q2,2026-10-07,2026-Q2,2026-07-28,PROVIDER_FILING_DATE_PROXY,HELD,2.738,2026-07-28,4,4,,,
2026-10-08,SUN,2102,PB_OWNERSHIP_BASIS_V2,1.766330211326951,OK,LARGE_ENDPOINT_VS_AVERAGE_SHARE_DIFFERENCE,1.766330211326951,OK,8348000000.0,2026-Q2,2026-10-07,2026-Q2,2026-08-06,PROVIDER_FILING_DATE_PROXY,EXISTING_UNREVIEWED_COMMON_RULE,1.805,2026-08-06,4,4,,,
2026-10-08,SUNE,2103,PB_OWNERSHIP_BASIS_V2,0.7425872528813919,OK,,0.7425872528813919,OK,20523746.0,2026-Q2,2026-10-07,2026-Q2,2026-08-12,PROVIDER_FILING_DATE_PROXY,EXISTING_UNREVIEWED_COMMON_RULE,0.831,2026-08-12,4,4,,,
2026-10-08,SUPN,2104,PB_OWNERSHIP_BASIS_V2,2.4265950095348727,OK,,2.4265950095348727,OK,1031226000.0,2026-Q2,2026-10-07,2026-Q2,2026-08-03,PROVIDER_FILING_DATE_PROXY,EXISTING_UNREVIEWED_COMMON_RULE,2.593,2026-08-03,4,4,,,
2026-10-08,SURG,2105,PB_OWNERSHIP_BASIS_V2,,NEGATIVE_EQUITY,LARGE_ENDPOINT_VS_AVERAGE_SHARE_DIFFERENCE,,NEGATIVE_EQUITY,-20693903.0,2026-Q2,2026-10-07,2026-Q2,2026-08-19,PROVIDER_FILING_DATE_PROXY,HELD,,2026-08-19,0,4,,,
2026-10-08,SVC,2106,PB_OWNERSHIP_BASIS_V2,,OWNERSHIP_BASIS_UNVERIFIED,,,OWNERSHIP_BASIS_UNVERIFIED,806455000.0,2026-Q2,2026-10-07,2026-Q2,2026-08-05,PROVIDER_FILING_DATE_PROXY,HELD,1.265,2026-08-05,4,4,,,
2026-10-08,SVRA,2107,PB_OWNERSHIP_BASIS_V2,6.979290663462569,OK,,6.979290663462569,OK,143660000.0,2026-Q2,2026-10-07,2026-Q2,2026-08-11,PROVIDER_FILING_DATE_PROXY,EXISTING_UNREVIEWED_COMMON_RULE,7.966,2026-08-11,4,4,,,
2026-10-08,SVV,2108,PB_OWNERSHIP_BASIS_V2,3.1981310345515577,OK,,3.1981310345515577,OK,444346000.0,2026-Q2,2026-10-07,2026-Q2,2026-08-06,PROVIDER_FILING_DATE_PROXY,EXISTING_UNREVIEWED_COMMON_RULE,3.776,2026-08-06,4,4,,,
2026-10-08,SW,2109,PB_OWNERSHIP_BASIS_V2,1.2007957058957122,OK,,1.2007957058957122,OK,18036000000.0,2026-Q2,2026-10-07,2026-Q2,2026-07-31,PROVIDER_FILING_DATE_PROXY,EXISTING_UNREVIEWED_COMMON_RULE,1.337,2026-07-31,4,4,,,
2026-10-08,SWBI,2110,PB_OWNERSHIP_BASIS_V2,1.7410229730185771,OK,,1.7410229730185771,OK,373702000.0,2027-Q1,2026-10-07,2027-Q1,2026-09-03,PROVIDER_FILING_DATE_PROXY,EXISTING_UNREVIEWED_COMMON_RULE,1.472,2026-09-03,4,4,,,
2026-10-08,SWIM,2111,PB_OWNERSHIP_BASIS_V2,1.8214566546998627,OK,,1.8214566546998627,OK,411432000.0,2026-Q2,2026-10-07,2026-Q2,2026-08-05,PROVIDER_FILING_DATE_PROXY,EXISTING_UNREVIEWED_COMMON_RULE,2.087,2026-08-05,4,4,,,
2026-10-08,SWK,2112,PB_OWNERSHIP_BASIS_V2,,OWNERSHIP_BASIS_UNVERIFIED,,,OWNERSHIP_BASIS_UNVERIFIED,8958800000.0,2026-Q2,2026-10-07,2026-Q2,2026-07-29,PROVIDER_FILING_DATE_PROXY,HELD,1.569,2026-07-29,4,4,,,
2026-10-08,SWKS,2113,PB_OWNERSHIP_BASIS_V2,2.187746239858608,OK,,2.187746239858608,OK,5738300000.0,2026-Q3,2026-10-07,2026-Q3,2026-07-28,PROVIDER_FILING_DATE_PROXY,EXISTING_UNREVIEWED_COMMON_RULE,1.696,2026-07-28,4,4,,,
2026-10-08,SWX,2114,PB_OWNERSHIP_BASIS_V2,1.44846403492504,OK,,1.44846403492504,OK,4125290000.0,2026-Q2,2026-10-07,2026-Q2,2026-08-05,PROVIDER_FILING_DATE_PROXY,EXISTING_UNREVIEWED_COMMON_RULE,1.592,2026-08-05,4,4,,,
2026-10-08,SXC,2115,PB_OWNERSHIP_BASIS_V2,1.4247263815310158,OK,,1.4247263815310158,OK,585600000.0,2026-Q2,2026-10-07,2026-Q2,2026-07-30,PROVIDER_FILING_DATE_PROXY,EXISTING_UNREVIEWED_COMMON_RULE,1.225,2026-07-30,4,4,,,
2026-10-08,SXT,2116,PB_OWNERSHIP_BASIS_V2,4.4592159647217935,OK,,4.4592159647217935,OK,1259928000.0,2026-Q2,2026-10-07,2026-Q2,2026-08-04,PROVIDER_FILING_DATE_PROXY,EXISTING_UNREVIEWED_COMMON_RULE,4.296,2026-08-04,4,4,,,
2026-10-08,SXTP,2117,PB_OWNERSHIP_BASIS_V2,,OWNERSHIP_BASIS_UNVERIFIED,LARGE_ENDPOINT_VS_AVERAGE_SHARE_DIFFERENCE,,OWNERSHIP_BASIS_UNVERIFIED,2614185.0,2026-Q2,2026-10-07,2026-Q2,2026-08-14,PROVIDER_FILING_DATE_PROXY,HELD,1.608,2026-08-14,4,4,,,
2026-10-08,SYK,2118,PB_OWNERSHIP_BASIS_V2,4.4037024565305956,OK,,4.4037024565305956,OK,23988000000.0,2026-Q2,2026-10-07,2026-Q2,2026-07-31,PROVIDER_FILING_DATE_PROXY,EXISTING_UNREVIEWED_COMMON_RULE,5.208,2026-07-31,4,4,,,
2026-10-08,SYM,2119,PB_OWNERSHIP_BASIS_V2,36.9569814764031,OK,LARGE_ENDPOINT_VS_AVERAGE_SHARE_DIFFERENCE,36.9569814764031,OK,708769000.0,2026-Q3,2026-10-07,2026-Q3,2026-08-05,PROVIDER_FILING_DATE_PROXY,EXISTING_UNREVIEWED_COMMON_RULE,39.696,2026-08-05,4,4,,,
2026-10-08,SYNA,2120,PB_OWNERSHIP_BASIS_V2,5.02605757047497,OK,,5.02605757047497,OK,929500000.0,2026-Q4,2026-10-07,2026-Q4,2026-08-10,PROVIDER_FILING_DATE_PROXY,EXISTING_UNREVIEWED_COMMON_RULE,4.405,2026-08-10,4,4,,,
2026-10-08,SYRE,2121,PB_OWNERSHIP_BASIS_V2,6.474056022941219,OK,,6.474056022941219,OK,1101141000.0,2026-Q2,2026-10-07,2026-Q2,2026-08-04,PROVIDER_FILING_DATE_PROXY,EXISTING_UNREVIEWED_COMMON_RULE,8.403,2026-08-04,4,4,,,
2026-10-08,SYY,2122,PB_OWNERSHIP_BASIS_V2,13.79961871990454,OK,,13.79961871990454,OK,2666000000.0,2026-Q4,2026-10-07,2026-Q4,2026-08-21,PROVIDER_FILING_DATE_PROXY,EXISTING_UNREVIEWED_COMMON_RULE,15.113,2026-08-21,4,4,,,
2026-10-08,T,2123,PB_OWNERSHIP_BASIS_V2,1.5182162195351507,OK,,,OWNERSHIP_REVIEW_STALE,110444000000.0,2026-Q2,2026-10-07,2026-Q2,2026-07-16,OFFICIAL_COVER,OPERATOR_CONFIRMED_QUARTER,1.429,2026-07-22,4,4,ORDINARY_COMMON,,355b08eac3fc3dfaec4fd65150347041603ef2730f9963881148e9cb490b306e
2026-10-08,TALK,2124,PB_OWNERSHIP_BASIS_V2,,STALE_PRICE,,,STALE_PRICE,112131000.0,2026-Q2,2026-08-18,2026-Q2,2026-08-06,PROVIDER_FILING_DATE_PROXY,HELD,7.705,2026-08-06,4,4,,,
2026-10-08,TALO,2125,PB_OWNERSHIP_BASIS_V2,,OWNERSHIP_BASIS_UNVERIFIED,,,OWNERSHIP_BASIS_UNVERIFIED,2032634000.0,2026-Q2,2026-10-07,2026-Q2,2026-08-05,PROVIDER_FILING_DATE_PROXY,HELD,1.165,2026-08-05,4,4,,,
2026-10-08,TAOX,2126,PB_OWNERSHIP_BASIS_V2,2.3243316430044585,OK,,2.3243316430044585,OK,12749316.0,2026-Q2,2026-10-07,2026-Q2,2026-08-13,PROVIDER_FILING_DATE_PROXY,EXISTING_UNREVIEWED_COMMON_RULE,2.043,2026-08-13,4,4,,,
2026-10-08,TAP,2127,PB_OWNERSHIP_BASIS_V2,,OWNERSHIP_BASIS_UNVERIFIED,,,OWNERSHIP_BASIS_UNVERIFIED,10119500000.0,2026-Q2,2026-10-07,2026-Q2,2026-08-06,PROVIDER_FILING_DATE_PROXY,HELD,0.74,2026-08-06,4,4,,,
2026-10-08,TARA,2128,PB_OWNERSHIP_BASIS_V2,0.9488336743792648,OK,,0.9488336743792648,OK,161311000.0,2026-Q2,2026-10-07,2026-Q2,2026-08-11,PROVIDER_FILING_DATE_PROXY,EXISTING_UNREVIEWED_COMMON_RULE,1.432,2026-08-11,4,4,,,
2026-10-08,TARS,2129,PB_OWNERSHIP_BASIS_V2,9.316207798368929,OK,,9.316207798368929,OK,346732000.0,2026-Q2,2026-10-07,2026-Q2,2026-08-06,PROVIDER_FILING_DATE_PROXY,EXISTING_UNREVIEWED_COMMON_RULE,8.268,2026-08-06,4,4,,,
2026-10-08,TASK,2130,PB_OWNERSHIP_BASIS_V2,2.412615129311684,OK,,2.412615129311684,OK,299845000.0,2026-Q2,2026-10-07,2026-Q2,2026-08-06,PROVIDER_FILING_DATE_PROXY,EXISTING_UNREVIEWED_COMMON_RULE,2.391,2026-08-06,4,4,,,
2026-10-08,TBCH,2131,PB_OWNERSHIP_BASIS_V2,2.917794400341784,OK,,2.917794400341784,OK,80716000.0,2026-Q2,2026-10-07,2026-Q2,2026-08-06,PROVIDER_FILING_DATE_PROXY,EXISTING_UNREVIEWED_COMMON_RULE,2.785,2026-08-06,4,4,,,
2026-10-08,TBI,2132,PB_OWNERSHIP_BASIS_V2,1.074720008135529,OK,,1.074720008135529,OK,254666000.0,2026-Q2,2026-10-07,2026-Q2,2026-08-04,PROVIDER_FILING_DATE_PROXY,EXISTING_UNREVIEWED_COMMON_RULE,0.919,2026-08-04,4,4,,,
2026-10-08,TBLA,2133,PB_OWNERSHIP_BASIS_V2,,OWNERSHIP_BASIS_UNVERIFIED,,,OWNERSHIP_BASIS_UNVERIFIED,937993000.0,2026-Q2,2026-10-07,2026-Q2,2026-08-05,PROVIDER_FILING_DATE_PROXY,HELD,1.105,2026-08-05,4,4,,,
2026-10-08,TBPH,2134,PB_OWNERSHIP_BASIS_V2,,STALE_PRICE,,,STALE_PRICE,289705000.0,2026-Q2,2026-09-25,2026-Q2,2026-08-11,PROVIDER_FILING_DATE_PROXY,HELD,3.032,2026-08-11,4,4,,,
2026-10-08,TCMD,2135,PB_OWNERSHIP_BASIS_V2,2.2284321918252363,OK,,2.2284321918252363,OK,223836000.0,2026-Q2,2026-10-07,2026-Q2,2026-08-10,PROVIDER_FILING_DATE_PROXY,EXISTING_UNREVIEWED_COMMON_RULE,2.949,2026-08-10,4,4,,,
2026-10-08,TCRX,2136,PB_OWNERSHIP_BASIS_V2,0.27202443260135634,OK,LARGE_ENDPOINT_VS_AVERAGE_SHARE_DIFFERENCE,0.27202443260135634,OK,69019000.0,2026-Q2,2026-10-07,2026-Q2,2026-08-12,PROVIDER_FILING_DATE_PROXY,EXISTING_UNREVIEWED_COMMON_RULE,0.759,2026-08-12,4,4,,,
2026-10-08,TDC,2137,PB_OWNERSHIP_BASIS_V2,4.573153433068003,OK,,4.573153433068003,OK,593000000.0,2026-Q2,2026-10-07,2026-Q2,2026-08-05,PROVIDER_FILING_DATE_PROXY,EXISTING_UNREVIEWED_COMMON_RULE,4.114,2026-08-05,4,4,,,
2026-10-08,TDG,2138,PB_OWNERSHIP_BASIS_V2,,NEGATIVE_EQUITY,,,NEGATIVE_EQUITY,-9809000000.0,2026-Q3,2026-10-07,2026-Q3,2026-08-04,PROVIDER_FILING_DATE_PROXY,HELD,,2026-08-04,0,4,,,
2026-10-08,TDOC,2139,PB_OWNERSHIP_BASIS_V2,0.7710533378652423,OK,,0.7710533378652423,OK,1310108000.0,2026-Q2,2026-10-07,2026-Q2,2026-07-30,PROVIDER_FILING_DATE_PROXY,EXISTING_UNREVIEWED_COMMON_RULE,0.913,2026-07-30,4,4,,,
2026-10-08,TDS,2140,PB_OWNERSHIP_BASIS_V2,,OWNERSHIP_BASIS_UNVERIFIED,,,OWNERSHIP_BASIS_UNVERIFIED,5170637000.0,2026-Q2,2026-10-07,2026-Q2,2026-08-07,PROVIDER_FILING_DATE_PROXY,HELD,0.73,2026-08-07,4,4,,,
2026-10-08,TDUP,2141,PB_OWNERSHIP_BASIS_V2,4.799511206253471,OK,,4.799511206253471,OK,60748000.0,2026-Q2,2026-10-07,2026-Q2,2026-08-05,PROVIDER_FILING_DATE_PROXY,EXISTING_UNREVIEWED_COMMON_RULE,13.577,2026-08-05,4,4,,,
2026-10-08,TDW,2142,PB_OWNERSHIP_BASIS_V2,,OWNERSHIP_BASIS_UNVERIFIED,,,OWNERSHIP_BASIS_UNVERIFIED,1393164000.0,2026-Q2,2026-10-07,2026-Q2,2026-08-03,PROVIDER_FILING_DATE_PROXY,HELD,2.553,2026-08-03,4,4,,,
2026-10-08,TDY,2143,PB_OWNERSHIP_BASIS_V2,2.5649842903952282,OK,,2.5649842903952282,OK,10918500000.0,2026-Q2,2026-10-07,2026-Q2,2026-07-24,PROVIDER_FILING_DATE_PROXY,EXISTING_UNREVIEWED_COMMON_RULE,2.782,2026-07-24,4,4,,,
2026-10-08,TE,2144,PB_OWNERSHIP_BASIS_V2,,OWNERSHIP_BASIS_UNVERIFIED,,,OWNERSHIP_BASIS_UNVERIFIED,201779000.0,2026-Q2,2026-10-07,2026-Q2,2026-08-12,PROVIDER_FILING_DATE_PROXY,HELD,7.152,2026-08-12,4,4,,,
2026-10-08,TEAD,2145,PB_OWNERSHIP_BASIS_V2,7.081817326114824,OK,,7.081817326114824,OK,7353000.0,2026-Q2,2026-10-07,2026-Q2,2026-08-07,PROVIDER_FILING_DATE_PROXY,EXISTING_UNREVIEWED_COMMON_RULE,9.204,2026-08-07,4,4,,,
2026-10-08,TEAM,2146,PB_OWNERSHIP_BASIS_V2,46.82547261853707,OK,,46.82547261853707,OK,1058442000.0,2026-Q4,2026-10-07,2026-Q4,2026-08-14,PROVIDER_FILING_DATE_PROXY,EXISTING_UNREVIEWED_COMMON_RULE,38.797,2026-08-14,4,4,,,
2026-10-08,TECH,2147,PB_OWNERSHIP_BASIS_V2,5.395082683794293,OK,,5.395082683794293,OK,2108221000.0,2026-Q4,2026-10-07,2026-Q4,2026-08-24,PROVIDER_FILING_DATE_PROXY,EXISTING_UNREVIEWED_COMMON_RULE,5.385,2026-08-24,4,4,,,
2026-10-08,TECX,2148,PB_OWNERSHIP_BASIS_V2,1.983355002823463,OK,,1.983355002823463,OK,223846000.0,2026-Q2,2026-10-07,2026-Q2,2026-08-06,PROVIDER_FILING_DATE_PROXY,EXISTING_UNREVIEWED_COMMON_RULE,2.639,2026-08-06,4,4,,,
2026-10-08,TEL,2149,PB_OWNERSHIP_BASIS_V2,4.717321495497098,OK,,4.717321495497098,OK,13246000000.0,2026-Q3,2026-10-07,2026-Q3,2026-07-24,PROVIDER_FILING_DATE_PROXY,EXISTING_UNREVIEWED_COMMON_RULE,4.436,2026-07-24,4,4,,,
2026-10-08,TELA,2150,PB_OWNERSHIP_BASIS_V2,,NEGATIVE_EQUITY,,,NEGATIVE_EQUITY,-15866000.0,2026-Q2,2026-10-07,2026-Q2,2026-08-11,PROVIDER_FILING_DATE_PROXY,HELD,,2026-08-11,2,4,,,
2026-10-08,TELO,2151,PB_OWNERSHIP_BASIS_V2,15.303120514622993,OK,,15.303120514622993,OK,5033480.0,2026-Q2,2026-10-07,2026-Q2,2026-08-13,PROVIDER_FILING_DATE_PROXY,EXISTING_UNREVIEWED_COMMON_RULE,14.347,2026-08-13,4,4,,,
2026-10-08,TENB,2152,PB_OWNERSHIP_BASIS_V2,21.61730042372064,OK,,21.61730042372064,OK,198399000.0,2026-Q2,2026-10-07,2026-Q2,2026-08-04,PROVIDER_FILING_DATE_PROXY,EXISTING_UNREVIEWED_COMMON_RULE,19.952,2026-08-04,4,4,,,
2026-10-08,TER,2153,PB_OWNERSHIP_BASIS_V2,18.729985332129925,OK,,18.729985332129925,OK,3437162000.0,2026-Q2,2026-10-07,2026-Q2,2026-07-31,PROVIDER_FILING_DATE_PROXY,EXISTING_UNREVIEWED_COMMON_RULE,16.725,2026-07-31,4,4,,,
2026-10-08,TEVA,2154,PB_OWNERSHIP_BASIS_V2,5.8888560462711395,OK,,5.8888560462711395,OK,7753000000.0,2026-Q2,2026-10-07,2026-Q2,2026-07-29,PROVIDER_FILING_DATE_PROXY,EXISTING_UNREVIEWED_COMMON_RULE,5.217,2026-07-29,4,4,,,
2026-10-08,TEX,2155,PB_OWNERSHIP_BASIS_V2,1.256255659306715,OK,,1.256255659306715,OK,4925000000.0,2026-Q2,2026-10-07,2026-Q2,2026-07-30,PROVIDER_FILING_DATE_PROXY,EXISTING_UNREVIEWED_COMMON_RULE,1.444,2026-07-30,4,4,,,
2026-10-08,TFX,2156,PB_OWNERSHIP_BASIS_V2,1.8159595035903602,OK,,1.8159595035903602,OK,2904534000.0,2026-Q2,2026-10-07,2026-Q2,2026-08-06,PROVIDER_FILING_DATE_PROXY,EXISTING_UNREVIEWED_COMMON_RULE,2.026,2026-08-06,4,4,,,
2026-10-08,TGL,2157,PB_OWNERSHIP_BASIS_V2,0.14055941877046388,OK,,0.14055941877046388,OK,15617592.0,2026-Q3,2026-10-07,2026-Q3,2026-05-20,PROVIDER_FILING_DATE_PROXY,EXISTING_UNREVIEWED_COMMON_RULE,0.42,2026-05-20,4,4,,,
2026-10-08,TGLS,2158,PB_OWNERSHIP_BASIS_V2,2.110318840715073,OK,,2.110318840715073,OK,788772000.0,2026-Q2,2026-10-07,2026-Q2,2026-08-06,PROVIDER_FILING_DATE_PROXY,EXISTING_UNREVIEWED_COMMON_RULE,2.501,2026-08-06,4,4,,,
2026-10-08,TGT,2159,PB_OWNERSHIP_BASIS_V2,3.842541196283015,OK,,3.842541196283015,OK,17843000000.0,2027-Q2,2026-10-07,2027-Q2,2026-08-28,PROVIDER_FILING_DATE_PROXY,EXISTING_UNREVIEWED_COMMON_RULE,4.155,2026-08-28,4,4,,,
2026-10-08,TGTX,2160,PB_OWNERSHIP_BASIS_V2,13.417041156815237,OK,,13.417041156815237,OK,604083000.0,2026-Q2,2026-10-07,2026-Q2,2026-08-05,PROVIDER_FILING_DATE_PROXY,EXISTING_UNREVIEWED_COMMON_RULE,12.639,2026-08-05,4,4,,,
2026-10-08,TH,2161,PB_OWNERSHIP_BASIS_V2,,OWNERSHIP_BASIS_UNVERIFIED,,,OWNERSHIP_BASIS_UNVERIFIED,370109000.0,2026-Q2,2026-10-07,2026-Q2,2026-08-10,PROVIDER_FILING_DATE_PROXY,HELD,4.326,2026-08-10,4,4,,,
2026-10-08,THC,2162,PB_OWNERSHIP_BASIS_V2,4.491466442424271,OK,,4.491466442424271,OK,4658000000.0,2026-Q2,2026-10-07,2026-Q2,2026-07-29,PROVIDER_FILING_DATE_PROXY,EXISTING_UNREVIEWED_COMMON_RULE,4.453,2026-07-29,4,4,,,
2026-10-08,THO,2163,PB_OWNERSHIP_BASIS_V2,,MISSING_EQUITY,HISTORICAL_PRICE_CORROBORATION_UNAVAILABLE,,MISSING_EQUITY,,2026-Q4,2026-10-07,2026-Q4,2026-09-22,PROVIDER_FILING_DATE_PROXY,HELD,,2026-09-22,0,4,,,
2026-10-08,THRM,2164,PB_OWNERSHIP_BASIS_V2,1.2900027288370142,OK,,1.2900027288370142,OK,723118000.0,2026-Q2,2026-10-07,2026-Q2,2026-07-23,PROVIDER_FILING_DATE_PROXY,EXISTING_UNREVIEWED_COMMON_RULE,1.937,2026-07-23,4,4,,,
2026-10-08,THRY,2165,PB_OWNERSHIP_BASIS_V2,0.302475503081018,OK,,0.302475503081018,OK,211562000.0,2026-Q2,2026-10-07,2026-Q2,2026-08-04,PROVIDER_FILING_DATE_PROXY,EXISTING_UNREVIEWED_COMMON_RULE,0.624,2026-08-04,4,4,,,
2026-10-08,TIL,2166,PB_OWNERSHIP_BASIS_V2,0.4357947014972959,OK,,0.4357947014972959,OK,107380000.0,2026-Q2,2026-10-07,2026-Q2,2026-08-13,PROVIDER_FILING_DATE_PROXY,EXISTING_UNREVIEWED_COMMON_RULE,0.459,2026-08-13,4,4,,,
2026-10-08,TILE,2167,PB_OWNERSHIP_BASIS_V2,2.971969524573868,OK,,2.971969524573868,OK,678365000.0,2026-Q2,2026-10-07,2026-Q2,2026-08-11,PROVIDER_FILING_DATE_PROXY,EXISTING_UNREVIEWED_COMMON_RULE,3.284,2026-08-11,4,4,,,
2026-10-08,TITN,2168,PB_OWNERSHIP_BASIS_V2,1.0141817529400357,OK,,1.0141817529400357,OK,557820000.0,2027-Q2,2026-10-07,2027-Q2,2026-09-03,PROVIDER_FILING_DATE_PROXY,EXISTING_UNREVIEWED_COMMON_RULE,0.963,2026-09-03,4,4,,,
2026-10-08,TJX,2169,PB_OWNERSHIP_BASIS_V2,14.33446653118528,OK,,14.33446653118528,OK,10651000000.0,2027-Q2,2026-10-07,2027-Q2,2026-08-28,PROVIDER_FILING_DATE_PROXY,EXISTING_UNREVIEWED_COMMON_RULE,13.954,2026-08-28,4,4,,,
2026-10-08,TKNO,2170,PB_OWNERSHIP_BASIS_V2,7.470041928243515,OK,,7.470041928243515,OK,62600000.0,2026-Q2,2026-10-07,2026-Q2,2026-08-06,PROVIDER_FILING_DATE_PROXY,EXISTING_UNREVIEWED_COMMON_RULE,5.6,2026-08-06,4,4,,,
2026-10-08,TKO,2171,PB_OWNERSHIP_BASIS_V2,9.956365856206466,OK,LARGE_ENDPOINT_VS_AVERAGE_SHARE_DIFFERENCE,9.956365856206466,OK,3395932000.0,2026-Q2,2026-10-07,2026-Q2,2026-08-03,PROVIDER_FILING_DATE_PROXY,EXISTING_UNREVIEWED_COMMON_RULE,10.25,2026-08-03,4,4,,,
2026-10-08,TKR,2172,PB_OWNERSHIP_BASIS_V2,2.492690569185351,OK,,2.492690569185351,OK,3194500000.0,2026-Q2,2026-10-07,2026-Q2,2026-08-04,PROVIDER_FILING_DATE_PROXY,EXISTING_UNREVIEWED_COMMON_RULE,2.864,2026-08-04,4,4,,,
2026-10-08,TLN,2173,PB_OWNERSHIP_BASIS_V2,11.21715520780601,OK,,11.21715520780601,OK,1616000000.0,2026-Q2,2026-10-07,2026-Q2,2026-08-05,PROVIDER_FILING_DATE_PROXY,EXISTING_UNREVIEWED_COMMON_RULE,9.78,2026-08-05,4,4,,,
2026-10-08,TLRY,2174,PB_OWNERSHIP_BASIS_V2,0.3138619055911768,OK,,0.3138619055911768,OK,1614332000.0,2026-Q4,2026-10-07,2026-Q4,2026-07-28,PROVIDER_FILING_DATE_PROXY,EXISTING_UNREVIEWED_COMMON_RULE,0.34,2026-07-28,4,4,,,
2026-10-08,TLS,2175,PB_OWNERSHIP_BASIS_V2,3.448294737493996,OK,,3.448294737493996,OK,93413000.0,2026-Q2,2026-10-07,2026-Q2,2026-08-10,PROVIDER_FILING_DATE_PROXY,EXISTING_UNREVIEWED_COMMON_RULE,3.224,2026-08-10,4,4,,,
2026-10-08,TMC,2176,PB_OWNERSHIP_BASIS_V2,,NEGATIVE_EQUITY,,,NEGATIVE_EQUITY,-27437000.0,2026-Q2,2026-10-07,2026-Q2,2026-08-13,PROVIDER_FILING_DATE_PROXY,HELD,,2026-08-13,0,4,,,
2026-10-08,TMCI,2177,PB_OWNERSHIP_BASIS_V2,3.7348039343696358,OK,,3.7348039343696358,OK,67737000.0,2026-Q2,2026-10-07,2026-Q2,2026-08-07,PROVIDER_FILING_DATE_PROXY,EXISTING_UNREVIEWED_COMMON_RULE,4.57,2026-08-07,4,4,,,
2026-10-08,TMO,2178,PB_OWNERSHIP_BASIS_V2,4.646915986758607,OK,,4.646915986758607,OK,52679000000.0,2026-Q2,2026-10-07,2026-Q2,2026-07-31,PROVIDER_FILING_DATE_PROXY,EXISTING_UNREVIEWED_COMMON_RULE,4.031,2026-07-31,4,4,,,
2026-10-08,TMUS,2179,PB_OWNERSHIP_BASIS_V2,3.1961857170955663,OK,,,OWNERSHIP_REVIEW_STALE,56265000000.0,2026-Q2,2026-10-07,2026-Q2,2026-07-17,OFFICIAL_COVER,OPERATOR_CONFIRMED_QUARTER,3.249,2026-07-23,4,4,ORDINARY_COMMON,,4c94a203077c100b89b72139fe2e43ac2e5320c34f8d90ed5d92d1e0940b223e
2026-10-08,TNC,2180,PB_OWNERSHIP_BASIS_V2,2.1054323873965304,OK,,2.1054323873965304,OK,533400000.0,2026-Q2,2026-10-07,2026-Q2,2026-08-06,PROVIDER_FILING_DATE_PROXY,EXISTING_UNREVIEWED_COMMON_RULE,2.458,2026-08-06,4,4,,,
2026-10-08,TNDM,2181,PB_OWNERSHIP_BASIS_V2,8.452669950431543,OK,,8.452669950431543,OK,130388000.0,2026-Q2,2026-10-07,2026-Q2,2026-08-06,PROVIDER_FILING_DATE_PROXY,EXISTING_UNREVIEWED_COMMON_RULE,10.027,2026-08-06,4,4,,,
2026-10-08,TNET,2182,PB_OWNERSHIP_BASIS_V2,23.668481792078857,OK,,23.668481792078857,OK,125000000.0,2026-Q2,2026-10-07,2026-Q2,2026-07-30,PROVIDER_FILING_DATE_PROXY,EXISTING_UNREVIEWED_COMMON_RULE,26.32,2026-07-30,4,4,,,
2026-10-08,TNGX,2183,PB_OWNERSHIP_BASIS_V2,3.592629901990421,OK,,3.592629901990421,OK,1024532000.0,2026-Q2,2026-10-07,2026-Q2,2026-08-11,PROVIDER_FILING_DATE_PROXY,EXISTING_UNREVIEWED_COMMON_RULE,4.335,2026-08-11,4,4,,,
2026-10-08,TNL,2184,PB_OWNERSHIP_BASIS_V2,,NEGATIVE_EQUITY,,,NEGATIVE_EQUITY,-1018000000.0,2026-Q2,2026-10-07,2026-Q2,2026-07-22,PROVIDER_FILING_DATE_PROXY,HELD,,2026-07-22,0,4,,,
2026-10-08,TNON,2185,PB_OWNERSHIP_BASIS_V2,,NEGATIVE_EQUITY,LARGE_ENDPOINT_VS_AVERAGE_SHARE_DIFFERENCE,,NEGATIVE_EQUITY,-1743000.0,2026-Q2,2026-10-07,2026-Q2,2026-08-13,PROVIDER_FILING_DATE_PROXY,HELD,,2026-08-13,3,4,,,
2026-10-08,TNXP,2186,PB_OWNERSHIP_BASIS_V2,0.582551970124744,OK,,0.582551970124744,OK,222281000.0,2026-Q2,2026-10-07,2026-Q2,2026-08-10,PROVIDER_FILING_DATE_PROXY,EXISTING_UNREVIEWED_COMMON_RULE,0.971,2026-08-10,4,4,,,
2026-10-08,TNYA,2187,PB_OWNERSHIP_BASIS_V2,1.7218890156213282,OK,,1.7218890156213282,OK,69409000.0,2026-Q2,2026-10-07,2026-Q2,2026-08-05,PROVIDER_FILING_DATE_PROXY,EXISTING_UNREVIEWED_COMMON_RULE,2.535,2026-08-05,4,4,,,
2026-10-08,TOL,2188,PB_OWNERSHIP_BASIS_V2,1.445918419584875,OK,,1.445918419584875,OK,8530770000.0,2026-Q3,2026-10-07,2026-Q3,2026-08-28,PROVIDER_FILING_DATE_PROXY,EXISTING_UNREVIEWED_COMMON_RULE,1.579,2026-08-28,4,4,,,
2026-10-08,TONX,2189,PB_OWNERSHIP_BASIS_V2,,OWNERSHIP_BASIS_UNVERIFIED,,,OWNERSHIP_BASIS_UNVERIFIED,398778000.0,2026-Q2,2026-10-07,2026-Q2,2026-08-11,PROVIDER_FILING_DATE_PROXY,HELD,0.421,2026-08-11,4,4,,,
2026-10-08,TOST,2190,PB_OWNERSHIP_BASIS_V2,8.634669711012712,OK,,8.634669711012712,OK,2045000000.0,2026-Q2,2026-10-07,2026-Q2,2026-08-05,PROVIDER_FILING_DATE_PROXY,EXISTING_UNREVIEWED_COMMON_RULE,9.836,2026-08-05,4,4,,,
2026-10-08,TPB,2191,PB_OWNERSHIP_BASIS_V2,2.6742896589275955,OK,,2.6742896589275955,OK,430098000.0,2026-Q2,2026-10-07,2026-Q2,2026-08-04,PROVIDER_FILING_DATE_PROXY,EXISTING_UNREVIEWED_COMMON_RULE,3.845,2026-08-04,4,4,,,
2026-10-08,TPC,2192,PB_OWNERSHIP_BASIS_V2,3.5667172380441285,OK,,3.5667172380441285,OK,1266210000.0,2026-Q2,2026-10-07,2026-Q2,2026-08-05,PROVIDER_FILING_DATE_PROXY,EXISTING_UNREVIEWED_COMMON_RULE,3.51,2026-08-05,4,4,,,
2026-10-08,TPL,2193,PB_OWNERSHIP_BASIS_V2,14.261411592188749,OK,,14.261411592188749,OK,1672398000.0,2026-Q2,2026-10-07,2026-Q2,2026-08-05,PROVIDER_FILING_DATE_PROXY,EXISTING_UNREVIEWED_COMMON_RULE,15.75,2026-08-05,4,4,,,
2026-10-08,TPR,2194,PB_OWNERSHIP_BASIS_V2,32.67591930886134,OK,,32.67591930886134,OK,692100000.0,2026-Q4,2026-10-07,2026-Q4,2026-08-13,PROVIDER_FILING_DATE_PROXY,EXISTING_UNREVIEWED_COMMON_RULE,36.989,2026-08-13,4,4,,,
2026-10-08,TR,2195,PB_OWNERSHIP_BASIS_V2,2.9097843424592402,OK,,2.9097843424592402,OK,952268000.0,2026-Q2,2026-10-07,2026-Q2,2026-08-07,PROVIDER_FILING_DATE_PROXY,EXISTING_UNREVIEWED_COMMON_RULE,3.124,2026-08-07,4,4,,,
2026-10-08,TRAW,2196,PB_OWNERSHIP_BASIS_V2,,OWNERSHIP_BASIS_UNVERIFIED,,,OWNERSHIP_BASIS_UNVERIFIED,1691000.0,2026-Q2,2026-10-07,2026-Q2,2026-08-14,PROVIDER_FILING_DATE_PROXY,HELD,5.189,2026-08-14,2,4,,,
2026-10-08,TRC,2197,PB_OWNERSHIP_BASIS_V2,,OWNERSHIP_BASIS_UNVERIFIED,,,OWNERSHIP_BASIS_UNVERIFIED,477557000.0,2026-Q2,2026-10-07,2026-Q2,2026-08-06,PROVIDER_FILING_DATE_PROXY,HELD,0.931,2026-08-06,4,4,,,
2026-10-08,TRDA,2198,PB_OWNERSHIP_BASIS_V2,0.9358372925380816,OK,,0.9358372925380816,OK,233411000.0,2026-Q2,2026-10-07,2026-Q2,2026-08-05,PROVIDER_FILING_DATE_PROXY,EXISTING_UNREVIEWED_COMMON_RULE,1.178,2026-08-05,4,4,,,
2026-10-08,TREX,2199,PB_OWNERSHIP_BASIS_V2,4.419178437704277,OK,,4.419178437704277,OK,1010082000.0,2026-Q2,2026-10-07,2026-Q2,2026-08-04,PROVIDER_FILING_DATE_PROXY,EXISTING_UNREVIEWED_COMMON_RULE,4.742,2026-08-04,4,4,,,
2026-10-08,TRGP,2200,PB_OWNERSHIP_BASIS_V2,16.65249032978632,OK,,16.65249032978632,OK,3656500000.0,2026-Q2,2026-10-07,2026-Q2,2026-08-06,PROVIDER_FILING_DATE_PROXY,EXISTING_UNREVIEWED_COMMON_RULE,15.73,2026-08-06,4,4,,,
2026-10-08,TRIP,2201,PB_OWNERSHIP_BASIS_V2,1.526687297920604,OK,,1.526687297920604,OK,662500000.0,2026-Q2,2026-10-07,2026-Q2,2026-08-06,PROVIDER_FILING_DATE_PROXY,EXISTING_UNREVIEWED_COMMON_RULE,1.843,2026-08-06,4,4,,,
2026-10-08,TRMB,2202,PB_OWNERSHIP_BASIS_V2,2.740232838519173,OK,,2.740232838519173,OK,5110800000.0,2026-Q2,2026-10-07,2026-Q2,2026-08-12,PROVIDER_FILING_DATE_PROXY,EXISTING_UNREVIEWED_COMMON_RULE,2.571,2026-08-12,4,4,,,
2026-10-08,TRN,2203,PB_OWNERSHIP_BASIS_V2,1.7681873210404107,OK,,1.7681873210404107,OK,1143100000.0,2026-Q2,2026-10-07,2026-Q2,2026-07-30,PROVIDER_FILING_DATE_PROXY,EXISTING_UNREVIEWED_COMMON_RULE,2.392,2026-07-30,4,4,,,
2026-10-08,TRNO,2204,PB_OWNERSHIP_BASIS_V2,,OWNERSHIP_BASIS_UNVERIFIED,,,OWNERSHIP_BASIS_UNVERIFIED,4432011000.0,2026-Q2,2026-10-07,2026-Q2,2026-08-05,PROVIDER_FILING_DATE_PROXY,HELD,1.708,2026-08-05,4,4,,,
2026-10-08,TRNR,2205,PB_OWNERSHIP_BASIS_V2,1.0994986570294965,OK,LARGE_ENDPOINT_VS_AVERAGE_SHARE_DIFFERENCE,1.0994986570294965,OK,3344000.0,2026-Q2,2026-10-07,2026-Q2,2026-08-14,PROVIDER_FILING_DATE_PROXY,EXISTING_UNREVIEWED_COMMON_RULE,1.729,2026-08-14,4,4,,,
2026-10-08,TRNS,2206,PB_OWNERSHIP_BASIS_V2,2.743679592336603,OK,,2.743679592336603,OK,302899000.0,2027-Q1,2026-10-07,2027-Q1,2026-08-04,PROVIDER_FILING_DATE_PROXY,EXISTING_UNREVIEWED_COMMON_RULE,2.839,2026-08-04,4,4,,,
2026-10-08,TRON,2207,PB_OWNERSHIP_BASIS_V2,2.401815382901273,OK,,2.401815382901273,OK,252812532.0,2026-Q2,2026-10-07,2026-Q2,2026-08-11,PROVIDER_FILING_DATE_PROXY,EXISTING_UNREVIEWED_COMMON_RULE,2.74,2026-08-11,4,4,,,
2026-10-08,TROX,2208,PB_OWNERSHIP_BASIS_V2,0.5103248179862814,OK,,0.5103248179862814,OK,1161000000.0,2026-Q2,2026-10-07,2026-Q2,2026-08-06,PROVIDER_FILING_DATE_PROXY,EXISTING_UNREVIEWED_COMMON_RULE,0.956,2026-08-06,4,4,,,
2026-10-08,TRS,2209,PB_OWNERSHIP_BASIS_V2,0.9511757455237382,OK,,0.9511757455237382,OK,1442610000.0,2026-Q2,2026-10-07,2026-Q2,2026-07-31,PROVIDER_FILING_DATE_PROXY,EXISTING_UNREVIEWED_COMMON_RULE,0.993,2026-07-31,4,4,,,
2026-10-08,TRTX,2210,PB_OWNERSHIP_BASIS_V2,,OWNERSHIP_BASIS_UNVERIFIED,,,OWNERSHIP_BASIS_UNVERIFIED,1044494000.0,2026-Q2,2026-10-07,2026-Q2,2026-07-28,PROVIDER_FILING_DATE_PROXY,HELD,0.628,2026-07-28,4,4,,,
2026-10-08,TRU,2211,PB_OWNERSHIP_BASIS_V2,2.485352152951397,OK,HISTORICAL_OHLC_INCOMPLETE,2.485352152951397,OK,4842900000.0,2026-Q2,2026-10-07,2026-Q2,2026-07-28,PROVIDER_FILING_DATE_PROXY,EXISTING_UNREVIEWED_COMMON_RULE,3.315,2026-07-28,4,4,,,
2026-10-08,TRUG,2212,PB_OWNERSHIP_BASIS_V2,,MISSING_EQUITY,LARGE_ENDPOINT_VS_AVERAGE_SHARE_DIFFERENCE,,MISSING_EQUITY,,2026-Q2,2026-10-07,2026-Q2,2026-08-14,PROVIDER_FILING_DATE_PROXY,HELD,,2026-08-14,0,4,,,
2026-10-08,TRVI,2213,PB_OWNERSHIP_BASIS_V2,5.823009833891741,OK,,5.823009833891741,OK,321506000.0,2026-Q2,2026-10-07,2026-Q2,2026-08-06,PROVIDER_FILING_DATE_PROXY,EXISTING_UNREVIEWED_COMMON_RULE,8.198,2026-08-06,4,4,,,
2026-10-08,TSCO,2214,PB_OWNERSHIP_BASIS_V2,6.438839813477245,OK,,6.438839813477245,OK,2631565000.0,2026-Q2,2026-10-07,2026-Q2,2026-08-06,PROVIDER_FILING_DATE_PROXY,EXISTING_UNREVIEWED_COMMON_RULE,6.75,2026-08-06,4,4,,,
2026-10-08,TSHA,2215,PB_OWNERSHIP_BASIS_V2,3.7272638145795525,OK,,3.7272638145795525,OK,387266000.0,2026-Q2,2026-10-07,2026-Q2,2026-08-11,PROVIDER_FILING_DATE_PROXY,EXISTING_UNREVIEWED_COMMON_RULE,5.62,2026-08-11,4,4,,,
2026-10-08,TSLA,2216,PB_OWNERSHIP_BASIS_V2,17.179517042583186,OK,,17.179517042583186,OK,86858000000.0,2026-Q2,2026-10-07,2026-Q2,2026-07-23,PROVIDER_FILING_DATE_PROXY,EXISTING_UNREVIEWED_COMMON_RULE,14.537,2026-07-23,4,4,,,
2026-10-08,TSN,2217,PB_OWNERSHIP_BASIS_V2,,MULTI_CLASS_UNVERIFIED,,,OWNERSHIP_REVIEW_STALE,18079000000.0,2026-Q3,2026-10-07,2026-Q3,2026-08-03,ACCEPTED_PROVIDER_DATE_PENDING_RECONCILIATION,HELD,1.16,2026-08-03,4,4,HELD,,c4f869ab238fe4a7ed7bbf75a8bda83d5a914b88461051745a6d22e933fa4e99
2026-10-08,TSSI,2218,PB_OWNERSHIP_BASIS_V2,3.6338695340476286,OK,,3.6338695340476286,OK,80296000.0,2026-Q2,2026-10-07,2026-Q2,2026-08-14,PROVIDER_FILING_DATE_PROXY,EXISTING_UNREVIEWED_COMMON_RULE,3.402,2026-08-14,4,4,,,
2026-10-08,TT,2219,PB_OWNERSHIP_BASIS_V2,11.922929350861448,OK,,11.922929350861448,OK,8622900000.0,2026-Q2,2026-10-07,2026-Q2,2026-07-30,PROVIDER_FILING_DATE_PROXY,EXISTING_UNREVIEWED_COMMON_RULE,11.234,2026-07-30,4,4,,,
2026-10-08,TTC,2220,PB_OWNERSHIP_BASIS_V2,6.83038444468022,OK,,6.83038444468022,OK,1336300000.0,2026-Q3,2026-10-07,2026-Q3,2026-09-03,PROVIDER_FILING_DATE_PROXY,EXISTING_UNREVIEWED_COMMON_RULE,6.543,2026-09-03,4,4,,,
2026-10-08,TTD,2221,PB_OWNERSHIP_BASIS_V2,2.206711287795153,OK,,2.206711287795153,OK,2574352000.0,2026-Q2,2026-10-07,2026-Q2,2026-08-06,PROVIDER_FILING_DATE_PROXY,EXISTING_UNREVIEWED_COMMON_RULE,3.225,2026-08-06,4,4,,,
2026-10-08,TTEC,2222,PB_OWNERSHIP_BASIS_V2,0.996829327578439,OK,,0.996829327578439,OK,72201000.0,2026-Q2,2026-10-07,2026-Q2,2026-08-10,PROVIDER_FILING_DATE_PROXY,EXISTING_UNREVIEWED_COMMON_RULE,1.591,2026-08-10,4,4,,,
2026-10-08,TTEK,2223,PB_OWNERSHIP_BASIS_V2,4.523460209276007,OK,,4.523460209276007,OK,1852072000.0,2026-Q3,2026-10-07,2026-Q3,2026-07-31,PROVIDER_FILING_DATE_PROXY,EXISTING_UNREVIEWED_COMMON_RULE,4.584,2026-07-31,4,4,,,
2026-10-08,TTGT,2224,PB_OWNERSHIP_BASIS_V2,0.5694069204859329,OK,,0.5694069204859329,OK,506856000.0,2026-Q2,2026-10-07,2026-Q2,2026-08-06,PROVIDER_FILING_DATE_PROXY,EXISTING_UNREVIEWED_COMMON_RULE,0.615,2026-08-06,4,4,,,
2026-10-08,TTI,2225,PB_OWNERSHIP_BASIS_V2,2.2222081941524916,OK,,2.2222081941524916,OK,407795000.0,2026-Q2,2026-10-07,2026-Q2,2026-08-03,PROVIDER_FILING_DATE_PROXY,EXISTING_UNREVIEWED_COMMON_RULE,2.832,2026-08-03,4,4,,,
2026-10-08,TTMI,2226,PB_OWNERSHIP_BASIS_V2,6.981766208564382,OK,,6.981766208564382,OK,1934428000.0,2026-Q2,2026-10-07,2026-Q2,2026-08-05,PROVIDER_FILING_DATE_PROXY,EXISTING_UNREVIEWED_COMMON_RULE,7.148,2026-08-05,4,4,,,
2026-10-08,TTWO,2227,PB_OWNERSHIP_BASIS_V2,10.571410916005917,OK,,10.571410916005917,OK,3608400000.0,2027-Q1,2026-10-07,2027-Q1,2026-08-07,PROVIDER_FILING_DATE_PROXY,EXISTING_UNREVIEWED_COMMON_RULE,12.773,2026-08-07,4,4,,,
2026-10-08,TVTX,2228,PB_OWNERSHIP_BASIS_V2,205.42011632950425,OK,,205.42011632950425,OK,24522000.0,2026-Q2,2026-10-07,2026-Q2,2026-08-04,PROVIDER_FILING_DATE_PROXY,EXISTING_UNREVIEWED_COMMON_RULE,215.337,2026-08-04,4,4,,,
2026-10-08,TWI,2229,PB_OWNERSHIP_BASIS_V2,0.8819987532438165,OK,,0.8819987532438165,OK,501265000.0,2026-Q2,2026-10-07,2026-Q2,2026-07-30,PROVIDER_FILING_DATE_PROXY,EXISTING_UNREVIEWED_COMMON_RULE,0.948,2026-07-30,4,4,,,
2026-10-08,TWLO,2230,PB_OWNERSHIP_BASIS_V2,4.669963432053793,OK,,4.669963432053793,OK,8977808000.0,2026-Q2,2026-10-07,2026-Q2,2026-08-07,PROVIDER_FILING_DATE_PROXY,EXISTING_UNREVIEWED_COMMON_RULE,4.127,2026-08-07,4,4,,,
2026-10-08,TWST,2231,PB_OWNERSHIP_BASIS_V2,21.89714196618258,OK,,21.89714196618258,OK,445739000.0,2026-Q3,2026-10-07,2026-Q3,2026-08-03,PROVIDER_FILING_DATE_PROXY,EXISTING_UNREVIEWED_COMMON_RULE,14.217,2026-08-03,4,4,,,
2026-10-08,TXG,2232,PB_OWNERSHIP_BASIS_V2,12.010424235586454,OK,,12.010424235586454,OK,825546000.0,2026-Q2,2026-10-07,2026-Q2,2026-08-07,PROVIDER_FILING_DATE_PROXY,EXISTING_UNREVIEWED_COMMON_RULE,8.212,2026-08-07,4,4,,,
2026-10-08,TXN,2233,PB_OWNERSHIP_BASIS_V2,14.655985246488518,OK,,14.655985246488518,OK,18007000000.0,2026-Q2,2026-10-07,2026-Q2,2026-07-24,PROVIDER_FILING_DATE_PROXY,EXISTING_UNREVIEWED_COMMON_RULE,14.179,2026-07-24,4,4,,,
2026-10-08,TXNM,2234,PB_OWNERSHIP_BASIS_V2,1.696242014023648,OK,,1.696242014023648,OK,3554462000.0,2026-Q2,2026-10-07,2026-Q2,2026-07-31,PROVIDER_FILING_DATE_PROXY,EXISTING_UNREVIEWED_COMMON_RULE,1.679,2026-07-31,4,4,,,
2026-10-08,TXO,2235,PB_OWNERSHIP_BASIS_V2,1.1918291658720823,OK,,1.1918291658720823,OK,648053000.0,2026-Q2,2026-10-07,2026-Q2,2026-08-04,PROVIDER_FILING_DATE_PROXY,EXISTING_UNREVIEWED_COMMON_RULE,1.111,2026-08-04,4,4,,,
2026-10-08,TXRH,2236,PB_OWNERSHIP_BASIS_V2,6.843106534803913,OK,,6.843106534803913,OK,1558552000.0,2026-Q2,2026-10-07,2026-Q2,2026-08-07,PROVIDER_FILING_DATE_PROXY,EXISTING_UNREVIEWED_COMMON_RULE,8.76,2026-08-07,4,4,,,
2026-10-08,TXT,2237,PB_OWNERSHIP_BASIS_V2,1.559498924579716,OK,,1.559498924579716,OK,8054000000.0,2026-Q2,2026-10-07,2026-Q2,2026-07-28,PROVIDER_FILING_DATE_PROXY,EXISTING_UNREVIEWED_COMMON_RULE,1.921,2026-07-28,4,4,,,
2026-10-08,TYGO,2238,PB_OWNERSHIP_BASIS_V2,,OWNERSHIP_BASIS_UNVERIFIED,,,OWNERSHIP_BASIS_UNVERIFIED,44639000.0,2026-Q2,2026-10-07,2026-Q2,2026-08-04,PROVIDER_FILING_DATE_PROXY,HELD,3.509,2026-08-04,4,4,,,
2026-10-08,TYL,2239,PB_OWNERSHIP_BASIS_V2,4.481081152927879,OK,,4.481081152927879,OK,3037231000.0,2026-Q2,2026-10-07,2026-Q2,2026-07-29,PROVIDER_FILING_DATE_PROXY,EXISTING_UNREVIEWED_COMMON_RULE,4.497,2026-07-29,4,4,,,
2026-10-08,TYRA,2240,PB_OWNERSHIP_BASIS_V2,3.4405897964907,OK,,3.4405897964907,OK,353664000.0,2026-Q2,2026-10-07,2026-Q2,2026-08-04,PROVIDER_FILING_DATE_PROXY,EXISTING_UNREVIEWED_COMMON_RULE,5.489,2026-08-04,4,4,,,
2026-10-08,TZOO,2241,PB_OWNERSHIP_BASIS_V2,,NEGATIVE_EQUITY,,,NEGATIVE_EQUITY,-11740000.0,2026-Q2,2026-10-07,2026-Q2,2026-08-13,PROVIDER_FILING_DATE_PROXY,HELD,,2026-08-13,0,4,,,
2026-10-08,U,2242,PB_OWNERSHIP_BASIS_V2,6.591419105883807,OK,,6.591419105883807,OK,3033890000.0,2026-Q2,2026-10-07,2026-Q2,2026-08-06,PROVIDER_FILING_DATE_PROXY,EXISTING_UNREVIEWED_COMMON_RULE,5.92,2026-08-06,4,4,,,
2026-10-08,"UA,UAA",2243,PB_OWNERSHIP_BASIS_V2,,MISSING_PRICE,HISTORICAL_PRICE_CORROBORATION_UNAVAILABLE,,MISSING_PRICE,1428116000.0,2027-Q1,,2027-Q1,2026-08-07,PROVIDER_FILING_DATE_PROXY,HELD,1.838,2026-08-07,4,4,,,
2026-10-08,UAL,2244,PB_OWNERSHIP_BASIS_V2,2.1416657822907927,OK,,2.1416657822907927,OK,16697000000.0,2026-Q2,2026-10-07,2026-Q2,2026-07-16,PROVIDER_FILING_DATE_PROXY,EXISTING_UNREVIEWED_COMMON_RULE,2.31,2026-07-16,4,4,,,
2026-10-08,UBER,2245,PB_OWNERSHIP_BASIS_V2,5.118364110742832,OK,,5.118364110742832,OK,27316000000.0,2026-Q2,2026-10-07,2026-Q2,2026-08-05,PROVIDER_FILING_DATE_PROXY,EXISTING_UNREVIEWED_COMMON_RULE,5.098,2026-08-05,4,4,,,
2026-10-08,UCTT,2246,PB_OWNERSHIP_BASIS_V2,5.054212766919793,OK,,5.054212766919793,OK,639800000.0,2026-Q2,2026-10-07,2026-Q2,2026-08-04,PROVIDER_FILING_DATE_PROXY,EXISTING_UNREVIEWED_COMMON_RULE,5.983,2026-08-04,4,4,,,
2026-10-08,UDR,2247,PB_OWNERSHIP_BASIS_V2,3.642626230525014,OK,HISTORICAL_OHLC_INCOMPLETE,3.642626230525014,OK,2938683000.0,2026-Q2,2026-10-07,2026-Q2,2026-07-28,PROVIDER_FILING_DATE_PROXY,EXISTING_UNREVIEWED_COMMON_RULE,4.264,2026-07-28,4,4,,,
2026-10-08,UE,2248,PB_OWNERSHIP_BASIS_V2,1.898457322559006,OK,,1.898457322559006,OK,1284085000.0,2026-Q2,2026-10-07,2026-Q2,2026-08-06,PROVIDER_FILING_DATE_PROXY,EXISTING_UNREVIEWED_COMMON_RULE,2.118,2026-08-06,4,4,,,
2026-10-08,UFPI,2249,PB_OWNERSHIP_BASIS_V2,1.3881554884687386,OK,,1.3881554884687386,OK,3037516000.0,2026-Q2,2026-10-07,2026-Q2,2026-08-05,PROVIDER_FILING_DATE_PROXY,EXISTING_UNREVIEWED_COMMON_RULE,1.683,2026-08-05,4,4,,,
2026-10-08,UFPT,2250,PB_OWNERSHIP_BASIS_V2,4.905680876853024,OK,,4.905680876853024,OK,462425000.0,2026-Q2,2026-10-07,2026-Q2,2026-08-06,PROVIDER_FILING_DATE_PROXY,EXISTING_UNREVIEWED_COMMON_RULE,5.224,2026-08-06,4,4,,,
2026-10-08,UGI,2251,PB_OWNERSHIP_BASIS_V2,,OWNERSHIP_BASIS_UNVERIFIED,,,OWNERSHIP_BASIS_UNVERIFIED,5213000000.0,2026-Q3,2026-10-07,2026-Q3,2026-08-06,PROVIDER_FILING_DATE_PROXY,HELD,1.41,2026-08-06,4,4,,,
2026-10-08,UHAL,2252,PB_OWNERSHIP_BASIS_V2,,MULTI_CLASS_UNVERIFIED,,,OWNERSHIP_REVIEW_STALE,7659803000.0,2027-Q1,2026-10-07,2027-Q1,2026-08-05,ACCEPTED_PROVIDER_DATE_PENDING_RECONCILIATION,HELD,1.88,2026-08-05,4,4,HELD,,c6fa5f5fd59f3424a20b83a11ff42fbd5da9600aa512c7fa39ecd99e2a98f290
2026-10-08,UHS,2253,PB_OWNERSHIP_BASIS_V2,1.3696767980785316,OK,,1.3696767980785316,OK,7513812000.0,2026-Q2,2026-10-07,2026-Q2,2026-08-07,PROVIDER_FILING_DATE_PROXY,EXISTING_UNREVIEWED_COMMON_RULE,1.361,2026-08-07,4,4,,,
2026-10-08,UI,2254,PB_OWNERSHIP_BASIS_V2,26.67248557534057,OK,,26.67248557534057,OK,1440246000.0,2026-Q4,2026-10-07,2026-Q4,2026-08-21,PROVIDER_FILING_DATE_PROXY,EXISTING_UNREVIEWED_COMMON_RULE,23.493,2026-08-21,4,4,,,
2026-10-08,UIS,2255,PB_OWNERSHIP_BASIS_V2,,NEGATIVE_EQUITY,,,NEGATIVE_EQUITY,-367400000.0,2026-Q2,2026-10-07,2026-Q2,2026-07-30,PROVIDER_FILING_DATE_PROXY,HELD,,2026-07-30,0,4,,,
2026-10-08,ULCC,2256,PB_OWNERSHIP_BASIS_V2,10.27507183447909,OK,,10.27507183447909,OK,136000000.0,2026-Q2,2026-10-07,2026-Q2,2026-07-29,PROVIDER_FILING_DATE_PROXY,EXISTING_UNREVIEWED_COMMON_RULE,11.003,2026-07-29,4,4,,,
2026-10-08,ULS,2257,PB_OWNERSHIP_BASIS_V2,8.497444388062762,OK,,8.497444388062762,OK,1595000000.0,2026-Q2,2026-10-07,2026-Q2,2026-08-04,PROVIDER_FILING_DATE_PROXY,EXISTING_UNREVIEWED_COMMON_RULE,9.916,2026-08-04,4,4,,,
2026-10-08,ULTA,2258,PB_OWNERSHIP_BASIS_V2,8.822098853848825,OK,,8.822098853848825,OK,2643741000.0,2027-Q2,2026-10-07,2027-Q2,2026-08-27,PROVIDER_FILING_DATE_PROXY,EXISTING_UNREVIEWED_COMMON_RULE,8.735,2026-08-27,4,4,,,
2026-10-08,UMH,2259,PB_OWNERSHIP_BASIS_V2,,OWNERSHIP_BASIS_UNVERIFIED,,,OWNERSHIP_BASIS_UNVERIFIED,890363000.0,2026-Q2,2026-10-07,2026-Q2,2026-08-05,PROVIDER_FILING_DATE_PROXY,HELD,1.458,2026-08-05,4,4,,,
2026-10-08,UNCY,2260,PB_OWNERSHIP_BASIS_V2,2.1857512573367415,OK,,2.1857512573367415,OK,53270000.0,2026-Q2,2026-10-07,2026-Q2,2026-08-12,PROVIDER_FILING_DATE_PROXY,EXISTING_UNREVIEWED_COMMON_RULE,2.818,2026-08-12,4,4,,,
2026-10-08,UNF,2261,PB_OWNERSHIP_BASIS_V2,2.075852698866123,OK,,2.075852698866123,OK,2198045000.0,2026-Q3,2026-10-07,2026-Q3,2026-07-08,PROVIDER_FILING_DATE_PROXY,EXISTING_UNREVIEWED_COMMON_RULE,2.24,2026-07-08,4,4,,,
2026-10-08,UNFI,2262,PB_OWNERSHIP_BASIS_V2,,MISSING_EQUITY,,,MISSING_EQUITY,,2026-Q4,2026-10-07,2026-Q4,2026-09-14,PROVIDER_FILING_DATE_PROXY,HELD,,2026-09-14,0,4,,,
2026-10-08,UNH,2263,PB_OWNERSHIP_BASIS_V2,3.4280142659129433,OK,,3.4280142659129433,OK,98447000000.0,2026-Q2,2026-10-07,2026-Q2,2026-08-10,PROVIDER_FILING_DATE_PROXY,EXISTING_UNREVIEWED_COMMON_RULE,3.727,2026-08-10,4,4,,,
2026-10-08,UNIT,2264,PB_OWNERSHIP_BASIS_V2,11.783065606420534,OK,,11.783065606420534,OK,161500000.0,2026-Q2,2026-10-07,2026-Q2,2026-07-30,PROVIDER_FILING_DATE_PROXY,EXISTING_UNREVIEWED_COMMON_RULE,13.962,2026-07-30,4,4,,,
2026-10-08,UNP,2265,PB_OWNERSHIP_BASIS_V2,7.8934191186330525,OK,,7.8934191186330525,OK,20673000000.0,2026-Q2,2026-10-07,2026-Q2,2026-07-23,PROVIDER_FILING_DATE_PROXY,EXISTING_UNREVIEWED_COMMON_RULE,8.745,2026-07-23,4,4,,,
2026-10-08,UP,2266,PB_OWNERSHIP_BASIS_V2,,NEGATIVE_EQUITY,,,NEGATIVE_EQUITY,-560300000.0,2026-Q2,2026-10-07,2026-Q2,2026-08-05,PROVIDER_FILING_DATE_PROXY,HELD,,2026-08-05,0,4,,,
2026-10-08,UPBD,2267,PB_OWNERSHIP_BASIS_V2,1.2417490958316801,OK,,1.2417490958316801,OK,733350000.0,2026-Q2,2026-10-07,2026-Q2,2026-07-31,PROVIDER_FILING_DATE_PROXY,EXISTING_UNREVIEWED_COMMON_RULE,1.541,2026-07-31,4,4,,,
2026-10-08,UPLD,2268,PB_OWNERSHIP_BASIS_V2,,NEGATIVE_EQUITY,,,NEGATIVE_EQUITY,-89753000.0,2026-Q2,2026-10-07,2026-Q2,2026-08-14,PROVIDER_FILING_DATE_PROXY,HELD,,2026-08-14,0,4,,,
2026-10-08,UPS,2269,PB_OWNERSHIP_BASIS_V2,5.211298399262879,OK,,5.211298399262879,OK,15067000000.0,2026-Q2,2026-10-07,2026-Q2,2026-08-05,PROVIDER_FILING_DATE_PROXY,EXISTING_UNREVIEWED_COMMON_RULE,6.081,2026-08-05,4,4,,,
2026-10-08,UPWK,2270,PB_OWNERSHIP_BASIS_V2,1.7164184141652694,OK,,1.7164184141652694,OK,611266000.0,2026-Q2,2026-10-07,2026-Q2,2026-08-10,PROVIDER_FILING_DATE_PROXY,EXISTING_UNREVIEWED_COMMON_RULE,2.009,2026-08-10,4,4,,,
2026-10-08,UPXI,2271,PB_OWNERSHIP_BASIS_V2,,MISSING_EQUITY,,,MISSING_EQUITY,,2026-Q4,2026-10-07,2026-Q4,2026-09-17,PROVIDER_FILING_DATE_PROXY,HELD,,2026-09-17,0,4,,,
2026-10-08,URBN,2272,PB_OWNERSHIP_BASIS_V2,,MISSING_EQUITY,,,MISSING_EQUITY,,2027-Q2,2026-10-07,2027-Q2,2026-09-09,PROVIDER_FILING_DATE_PROXY,HELD,,2026-09-09,0,4,,,
2026-10-08,URGN,2273,PB_OWNERSHIP_BASIS_V2,,NEGATIVE_EQUITY,,,NEGATIVE_EQUITY,-132396000.0,2026-Q2,2026-10-07,2026-Q2,2026-08-05,PROVIDER_FILING_DATE_PROXY,HELD,,2026-08-05,0,4,,,
2026-10-08,URI,2274,PB_OWNERSHIP_BASIS_V2,7.000525167079267,OK,,7.000525167079267,OK,9224000000.0,2026-Q2,2026-10-07,2026-Q2,2026-07-22,PROVIDER_FILING_DATE_PROXY,EXISTING_UNREVIEWED_COMMON_RULE,6.984,2026-07-22,4,4,,,
2026-10-08,USAC,2275,PB_OWNERSHIP_BASIS_V2,12.885334192888063,OK,,12.885334192888063,OK,287067000.0,2026-Q2,2026-10-07,2026-Q2,2026-08-06,PROVIDER_FILING_DATE_PROXY,EXISTING_UNREVIEWED_COMMON_RULE,13.168,2026-08-06,2,4,,,
2026-10-08,USAR,2276,PB_OWNERSHIP_BASIS_V2,,OWNERSHIP_BASIS_UNVERIFIED,,,OWNERSHIP_BASIS_UNVERIFIED,2538028000.0,2026-Q2,2026-10-07,2026-Q2,2026-08-10,PROVIDER_FILING_DATE_PROXY,HELD,1.836,2026-08-10,3,4,,,
2026-10-08,USAU,2277,PB_OWNERSHIP_BASIS_V2,,MISSING_EQUITY,,,MISSING_EQUITY,,2027-Q1,2026-10-07,2027-Q1,2026-09-11,PROVIDER_FILING_DATE_PROXY,HELD,,2026-09-11,0,4,,,
2026-10-08,USFD,2278,PB_OWNERSHIP_BASIS_V2,4.855939846772371,OK,,4.855939846772371,OK,4279000000.0,2026-Q2,2026-10-07,2026-Q2,2026-08-06,PROVIDER_FILING_DATE_PROXY,EXISTING_UNREVIEWED_COMMON_RULE,5.408,2026-08-06,4,4,,,
2026-10-08,USLM,2279,PB_OWNERSHIP_BASIS_V2,4.54696670366143,OK,,4.54696670366143,OK,695731000.0,2026-Q2,2026-10-07,2026-Q2,2026-07-30,PROVIDER_FILING_DATE_PROXY,EXISTING_UNREVIEWED_COMMON_RULE,4.657,2026-07-30,4,4,,,
2026-10-08,USNA,2280,PB_OWNERSHIP_BASIS_V2,0.5150060139721905,OK,,0.5150060139721905,OK,526306000.0,2026-Q2,2026-10-07,2026-Q2,2026-08-13,PROVIDER_FILING_DATE_PROXY,EXISTING_UNREVIEWED_COMMON_RULE,0.478,2026-08-13,4,4,,,
2026-10-08,USPH,2281,PB_OWNERSHIP_BASIS_V2,2.7593234291257933,OK,,2.7593234291257933,OK,448656000.0,2026-Q2,2026-10-07,2026-Q2,2026-08-07,PROVIDER_FILING_DATE_PROXY,EXISTING_UNREVIEWED_COMMON_RULE,2.663,2026-08-07,4,4,,,
2026-10-08,UTHR,2282,PB_OWNERSHIP_BASIS_V2,3.6522392919081916,OK,,3.6522392919081916,OK,6400300000.0,2026-Q2,2026-10-07,2026-Q2,2026-08-05,PROVIDER_FILING_DATE_PROXY,EXISTING_UNREVIEWED_COMMON_RULE,3.478,2026-08-05,4,4,,,
2026-10-08,UTI,2283,PB_OWNERSHIP_BASIS_V2,3.1827621678464495,OK,,3.1827621678464495,OK,344306000.0,2026-Q3,2026-10-07,2026-Q3,2026-08-06,PROVIDER_FILING_DATE_PROXY,EXISTING_UNREVIEWED_COMMON_RULE,4.46,2026-08-06,4,4,,,
2026-10-08,UTZ,2284,PB_OWNERSHIP_BASIS_V2,,OWNERSHIP_BASIS_UNVERIFIED,LARGE_ENDPOINT_VS_AVERAGE_SHARE_DIFFERENCE,,OWNERSHIP_BASIS_UNVERIFIED,695900000.0,2026-Q2,2026-10-07,2026-Q2,2026-08-05,PROVIDER_FILING_DATE_PROXY,HELD,2.921,2026-08-05,4,4,,,
2026-10-08,UVV,2285,PB_OWNERSHIP_BASIS_V2,0.7678664708915938,OK,,0.7678664708915938,OK,1388829000.0,2027-Q1,2026-10-07,2027-Q1,2026-08-05,PROVIDER_FILING_DATE_PROXY,EXISTING_UNREVIEWED_COMMON_RULE,0.934,2026-08-05,4,4,,,
2026-10-08,VAC,2286,PB_OWNERSHIP_BASIS_V2,1.7236118855516345,OK,,1.7236118855516345,OK,2057000000.0,2026-Q2,2026-10-07,2026-Q2,2026-08-06,PROVIDER_FILING_DATE_PROXY,EXISTING_UNREVIEWED_COMMON_RULE,2.086,2026-08-06,4,4,,,
2026-10-08,VAL,2287,PB_OWNERSHIP_BASIS_V2,,OWNERSHIP_BASIS_UNVERIFIED,,,OWNERSHIP_BASIS_UNVERIFIED,3220700000.0,2026-Q2,2026-10-07,2026-Q2,2026-08-06,PROVIDER_FILING_DATE_PROXY,HELD,1.665,2026-08-06,4,4,,,
2026-10-08,VANI,2288,PB_OWNERSHIP_BASIS_V2,,OWNERSHIP_BASIS_UNVERIFIED,,,OWNERSHIP_BASIS_UNVERIFIED,18967000.0,2026-Q2,2026-10-07,2026-Q2,2026-08-13,PROVIDER_FILING_DATE_PROXY,HELD,6.373,2026-08-13,4,4,,,
2026-10-08,VATE,2289,PB_OWNERSHIP_BASIS_V2,,NEGATIVE_EQUITY,,,NEGATIVE_EQUITY,-243200000.0,2026-Q2,2026-10-07,2026-Q2,2026-08-06,PROVIDER_FILING_DATE_PROXY,HELD,,2026-08-06,0,4,,,
2026-10-08,VC,2290,PB_OWNERSHIP_BASIS_V2,1.44314389438139,OK,,1.44314389438139,OK,1611000000.0,2026-Q2,2026-10-07,2026-Q2,2026-07-23,PROVIDER_FILING_DATE_PROXY,EXISTING_UNREVIEWED_COMMON_RULE,1.659,2026-07-23,4,4,,,
2026-10-08,VCEL,2291,PB_OWNERSHIP_BASIS_V2,5.63763891111688,OK,,5.63763891111688,OK,370041000.0,2026-Q2,2026-10-07,2026-Q2,2026-07-30,PROVIDER_FILING_DATE_PROXY,EXISTING_UNREVIEWED_COMMON_RULE,6.588,2026-07-30,4,4,,,
2026-10-08,VCYT,2292,PB_OWNERSHIP_BASIS_V2,2.499032296597852,OK,,2.499032296597852,OK,1388403000.0,2026-Q2,2026-10-07,2026-Q2,2026-07-31,PROVIDER_FILING_DATE_PROXY,EXISTING_UNREVIEWED_COMMON_RULE,2.682,2026-07-31,4,4,,,
2026-10-08,VECO,2293,PB_OWNERSHIP_BASIS_V2,3.6246508620894717,OK,,3.6246508620894717,OK,902782000.0,2026-Q2,2026-10-07,2026-Q2,2026-08-05,PROVIDER_FILING_DATE_PROXY,EXISTING_UNREVIEWED_COMMON_RULE,3.586,2026-08-05,4,4,,,
2026-10-08,VEEE,2294,PB_OWNERSHIP_BASIS_V2,0.4127640695822585,OK,,0.4127640695822585,OK,14405556.0,2026-Q2,2026-10-07,2026-Q2,2026-08-06,PROVIDER_FILING_DATE_PROXY,EXISTING_UNREVIEWED_COMMON_RULE,0.367,2026-08-06,4,4,,,
2026-10-08,VEEV,2295,PB_OWNERSHIP_BASIS_V2,6.154822582379291,OK,,6.154822582379291,OK,7431449000.0,2027-Q2,2026-10-07,2027-Q2,2026-08-27,PROVIDER_FILING_DATE_PROXY,EXISTING_UNREVIEWED_COMMON_RULE,6.147,2026-08-27,4,4,,,
2026-10-08,VELO,2296,PB_OWNERSHIP_BASIS_V2,,OWNERSHIP_BASIS_UNVERIFIED,,,OWNERSHIP_BASIS_UNVERIFIED,146539000.0,2026-Q2,2026-10-07,2026-Q2,2026-08-11,PROVIDER_FILING_DATE_PROXY,HELD,3.003,2026-08-11,4,4,,,
2026-10-08,VERA,2297,PB_OWNERSHIP_BASIS_V2,5.3461020599227975,OK,,5.3461020599227975,OK,407758000.0,2026-Q2,2026-10-07,2026-Q2,2026-08-10,PROVIDER_FILING_DATE_PROXY,EXISTING_UNREVIEWED_COMMON_RULE,5.581,2026-08-10,4,4,,,
2026-10-08,VERI,2298,PB_OWNERSHIP_BASIS_V2,1.8330516373589687,OK,,1.8330516373589687,OK,37869000.0,2026-Q2,2026-10-07,2026-Q2,2026-08-13,PROVIDER_FILING_DATE_PROXY,EXISTING_UNREVIEWED_COMMON_RULE,3.953,2026-08-13,4,4,,,
2026-10-08,VERU,2299,PB_OWNERSHIP_BASIS_V2,1.4781305715774216,OK,LARGE_ENDPOINT_VS_AVERAGE_SHARE_DIFFERENCE,1.4781305715774216,OK,28376240.0,2026-Q3,2026-10-07,2026-Q3,2026-08-10,PROVIDER_FILING_DATE_PROXY,EXISTING_UNREVIEWED_COMMON_RULE,1.664,2026-08-10,4,4,,,
2026-10-08,VERX,2300,PB_OWNERSHIP_BASIS_V2,8.295684824678464,OK,,8.295684824678464,OK,241107000.0,2026-Q2,2026-10-07,2026-Q2,2026-08-04,PROVIDER_FILING_DATE_PROXY,EXISTING_UNREVIEWED_COMMON_RULE,8.336,2026-08-04,4,4,,,
2026-10-08,VFC,2301,PB_OWNERSHIP_BASIS_V2,3.2036839504496903,OK,,3.2036839504496903,OK,1764617000.0,2027-Q1,2026-10-07,2027-Q1,2026-07-29,PROVIDER_FILING_DATE_PROXY,EXISTING_UNREVIEWED_COMMON_RULE,3.36,2026-07-29,4,4,,,
2026-10-08,VFF,2302,PB_OWNERSHIP_BASIS_V2,1.0516900985189732,OK,,1.0516900985189732,OK,312201000.0,2026-Q2,2026-10-07,2026-Q2,2026-08-10,PROVIDER_FILING_DATE_PROXY,EXISTING_UNREVIEWED_COMMON_RULE,0.928,2026-08-10,4,4,,,
2026-10-08,VIAV,2303,PB_OWNERSHIP_BASIS_V2,7.882025995521648,OK,,7.882025995521648,OK,1448500000.0,2026-Q4,2026-10-07,2026-Q4,2026-08-13,PROVIDER_FILING_DATE_PROXY,EXISTING_UNREVIEWED_COMMON_RULE,7.323,2026-08-13,4,4,,,
2026-10-08,VICI,2304,PB_OWNERSHIP_BASIS_V2,0.8545682296891173,OK,,0.8545682296891173,OK,29170749000.0,2026-Q2,2026-10-07,2026-Q2,2026-07-29,PROVIDER_FILING_DATE_PROXY,EXISTING_UNREVIEWED_COMMON_RULE,1.024,2026-07-29,4,4,,,
2026-10-08,VICR,2305,PB_OWNERSHIP_BASIS_V2,15.627190101960243,OK,,15.627190101960243,OK,834319000.0,2026-Q2,2026-10-07,2026-Q2,2026-07-29,PROVIDER_FILING_DATE_PROXY,EXISTING_UNREVIEWED_COMMON_RULE,10.1,2026-07-29,4,4,,,
2026-10-08,VIR,2306,PB_OWNERSHIP_BASIS_V2,1.9841036156195702,OK,,1.9841036156195702,OK,982493000.0,2026-Q2,2026-10-07,2026-Q2,2026-08-05,PROVIDER_FILING_DATE_PROXY,EXISTING_UNREVIEWED_COMMON_RULE,1.569,2026-08-05,4,4,,,
2026-10-08,VITL,2307,PB_OWNERSHIP_BASIS_V2,1.3984948280249263,OK,,1.3984948280249263,OK,283653000.0,2026-Q2,2026-10-07,2026-Q2,2026-08-06,PROVIDER_FILING_DATE_PROXY,EXISTING_UNREVIEWED_COMMON_RULE,1.893,2026-08-06,4,4,,,
2026-10-08,VIVS,2308,PB_OWNERSHIP_BASIS_V2,,NEGATIVE_EQUITY,LARGE_ENDPOINT_VS_AVERAGE_SHARE_DIFFERENCE,,NEGATIVE_EQUITY,-2346000.0,2027-Q1,2026-10-07,2027-Q1,2026-08-12,PROVIDER_FILING_DATE_PROXY,HELD,,2026-08-12,2,4,,,
2026-10-08,VKTX,2309,PB_OWNERSHIP_BASIS_V2,,OWNERSHIP_BASIS_UNVERIFIED,,,OWNERSHIP_BASIS_UNVERIFIED,408317000.0,2026-Q2,2026-10-07,2026-Q2,2026-07-29,PROVIDER_FILING_DATE_PROXY,HELD,9.551,2026-07-29,4,4,,,
2026-10-08,VLO,2310,PB_OWNERSHIP_BASIS_V2,4.884206150452772,OK,,4.884206150452772,OK,25001000000.0,2026-Q2,2026-10-07,2026-Q2,2026-07-30,PROVIDER_FILING_DATE_PROXY,EXISTING_UNREVIEWED_COMMON_RULE,3.59,2026-07-30,4,4,,,
2026-10-08,VLTO,2311,PB_OWNERSHIP_BASIS_V2,7.535788711500829,OK,,7.535788711500829,OK,3097000000.0,2026-Q2,2026-10-07,2026-Q2,2026-07-29,PROVIDER_FILING_DATE_PROXY,EXISTING_UNREVIEWED_COMMON_RULE,7.78,2026-07-29,4,4,,,
2026-10-08,VMC,2312,PB_OWNERSHIP_BASIS_V2,3.737174168579948,OK,,3.737174168579948,OK,8464700000.0,2026-Q2,2026-10-07,2026-Q2,2026-07-29,PROVIDER_FILING_DATE_PROXY,EXISTING_UNREVIEWED_COMMON_RULE,4.346,2026-07-29,4,4,,,
2026-10-08,VMD,2313,PB_OWNERSHIP_BASIS_V2,2.4778979920650723,OK,,2.4778979920650723,OK,144028000.0,2026-Q2,2026-10-07,2026-Q2,2026-08-03,PROVIDER_FILING_DATE_PROXY,EXISTING_UNREVIEWED_COMMON_RULE,3.091,2026-08-03,4,4,,,
2026-10-08,VMI,2314,PB_OWNERSHIP_BASIS_V2,5.1940514407813385,OK,HISTORICAL_OHLC_INCOMPLETE,5.1940514407813385,OK,1726753000.0,2026-Q2,2026-10-07,2026-Q2,2026-07-28,PROVIDER_FILING_DATE_PROXY,EXISTING_UNREVIEWED_COMMON_RULE,5.374,2026-07-28,4,4,,,
2026-10-08,VNCE,2315,PB_OWNERSHIP_BASIS_V2,,MISSING_EQUITY,,,MISSING_EQUITY,,2027-Q2,2026-10-07,2027-Q2,2026-09-11,PROVIDER_FILING_DATE_PROXY,HELD,,2026-09-11,0,4,,,
2026-10-08,VNDA,2316,PB_OWNERSHIP_BASIS_V2,1.252173623363523,OK,,1.252173623363523,OK,220185000.0,2026-Q2,2026-10-07,2026-Q2,2026-08-06,PROVIDER_FILING_DATE_PROXY,EXISTING_UNREVIEWED_COMMON_RULE,1.405,2026-08-06,4,4,,,
2026-10-08,VNO,2317,PB_OWNERSHIP_BASIS_V2,,OWNERSHIP_BASIS_UNVERIFIED,,,OWNERSHIP_BASIS_UNVERIFIED,5787587000.0,2026-Q2,2026-10-07,2026-Q2,2026-08-03,PROVIDER_FILING_DATE_PROXY,HELD,1.288,2026-08-03,4,4,,,
2026-10-08,VNOM,2318,PB_OWNERSHIP_BASIS_V2,2.9299174073271934,OK,LARGE_ENDPOINT_VS_AVERAGE_SHARE_DIFFERENCE,2.9299174073271934,OK,5035000000.0,2026-Q2,2026-10-07,2026-Q2,2026-08-05,PROVIDER_FILING_DATE_PROXY,EXISTING_UNREVIEWED_COMMON_RULE,2.956,2026-08-05,4,4,,,
2026-10-08,VNT,2319,PB_OWNERSHIP_BASIS_V2,3.6580062563005353,OK,,3.6580062563005353,OK,1192700000.0,2026-Q2,2026-10-07,2026-Q2,2026-08-06,PROVIDER_FILING_DATE_PROXY,EXISTING_UNREVIEWED_COMMON_RULE,3.999,2026-08-06,4,4,,,
2026-10-08,VOR,2320,PB_OWNERSHIP_BASIS_V2,,NEGATIVE_EQUITY,,,NEGATIVE_EQUITY,-200197000.0,2026-Q2,2026-10-07,2026-Q2,2026-08-11,PROVIDER_FILING_DATE_PROXY,HELD,,2026-08-11,0,4,,,
2026-10-08,VPG,2321,PB_OWNERSHIP_BASIS_V2,3.0159523109446056,OK,,3.0159523109446056,OK,332751000.0,2026-Q2,2026-10-07,2026-Q2,2026-08-05,PROVIDER_FILING_DATE_PROXY,EXISTING_UNREVIEWED_COMMON_RULE,2.945,2026-08-05,4,4,,,
2026-10-08,VRA,2322,PB_OWNERSHIP_BASIS_V2,,MISSING_EQUITY,,,MISSING_EQUITY,,2027-Q2,2026-10-07,2027-Q2,2026-09-15,PROVIDER_FILING_DATE_PROXY,HELD,,2026-09-15,0,4,,,
2026-10-08,VRDN,2323,PB_OWNERSHIP_BASIS_V2,3.1279144220735446,OK,,3.1279144220735446,OK,662097000.0,2026-Q2,2026-10-07,2026-Q2,2026-08-06,PROVIDER_FILING_DATE_PROXY,EXISTING_UNREVIEWED_COMMON_RULE,3.852,2026-08-06,4,4,,,
2026-10-08,VREX,2324,PB_OWNERSHIP_BASIS_V2,1.563278337663765,OK,,1.563278337663765,OK,496600000.0,2026-Q3,2026-10-07,2026-Q3,2026-08-10,PROVIDER_FILING_DATE_PROXY,EXISTING_UNREVIEWED_COMMON_RULE,1.565,2026-08-10,4,4,,,
2026-10-08,VRNS,2325,PB_OWNERSHIP_BASIS_V2,12.651648598385318,OK,,12.651648598385318,OK,444493000.0,2026-Q2,2026-10-07,2026-Q2,2026-07-29,PROVIDER_FILING_DATE_PROXY,EXISTING_UNREVIEWED_COMMON_RULE,10.504,2026-07-29,4,4,,,
2026-10-08,VRRM,2326,PB_OWNERSHIP_BASIS_V2,,OWNERSHIP_BASIS_UNVERIFIED,,,OWNERSHIP_BASIS_UNVERIFIED,223622000.0,2026-Q2,2026-10-07,2026-Q2,2026-08-05,PROVIDER_FILING_DATE_PROXY,HELD,3.813,2026-08-05,4,4,,,
2026-10-08,VRSK,2327,PB_OWNERSHIP_BASIS_V2,,NEGATIVE_EQUITY,,,NEGATIVE_EQUITY,-1189000000.0,2026-Q2,2026-10-07,2026-Q2,2026-07-29,PROVIDER_FILING_DATE_PROXY,HELD,,2026-07-29,2,4,,,
2026-10-08,VRSN,2328,PB_OWNERSHIP_BASIS_V2,,NEGATIVE_EQUITY,,,NEGATIVE_EQUITY,-2254100000.0,2026-Q2,2026-10-07,2026-Q2,2026-07-23,PROVIDER_FILING_DATE_PROXY,HELD,,2026-07-23,0,4,,,
2026-10-08,VRT,2329,PB_OWNERSHIP_BASIS_V2,,OWNERSHIP_BASIS_UNVERIFIED,,,OWNERSHIP_BASIS_UNVERIFIED,4757600000.0,2026-Q2,2026-10-07,2026-Q2,2026-07-29,PROVIDER_FILING_DATE_PROXY,HELD,18.049,2026-07-29,4,4,,,
2026-10-08,VRTX,2330,PB_OWNERSHIP_BASIS_V2,6.329544561370143,OK,,6.329544561370143,OK,20247900000.0,2026-Q2,2026-10-07,2026-Q2,2026-08-04,PROVIDER_FILING_DATE_PROXY,EXISTING_UNREVIEWED_COMMON_RULE,5.992,2026-08-04,4,4,,,
2026-10-08,VS,2331,PB_OWNERSHIP_BASIS_V2,,OWNERSHIP_BASIS_UNVERIFIED,LARGE_ENDPOINT_VS_AVERAGE_SHARE_DIFFERENCE,,OWNERSHIP_BASIS_UNVERIFIED,11837643.0,2026-Q2,2026-10-07,2026-Q2,2026-08-14,PROVIDER_FILING_DATE_PROXY,HELD,0.74,2026-08-14,4,4,,,
2026-10-08,VSAT,2332,PB_OWNERSHIP_BASIS_V2,2.1041090606031467,OK,,2.1041090606031467,OK,4639852000.0,2027-Q1,2026-10-07,2027-Q1,2026-08-06,PROVIDER_FILING_DATE_PROXY,EXISTING_UNREVIEWED_COMMON_RULE,2.434,2026-08-06,4,4,,,
2026-10-08,VSEC,2333,PB_OWNERSHIP_BASIS_V2,,OWNERSHIP_BASIS_UNVERIFIED,,,OWNERSHIP_BASIS_UNVERIFIED,2933436000.0,2026-Q2,2026-10-07,2026-Q2,2026-08-06,PROVIDER_FILING_DATE_PROXY,HELD,2.157,2026-08-06,4,4,,,
2026-10-08,VSH,2334,PB_OWNERSHIP_BASIS_V2,1.9413970777076481,OK,,1.9413970777076481,OK,2912897000.0,2026-Q2,2026-10-07,2026-Q2,2026-08-05,PROVIDER_FILING_DATE_PROXY,EXISTING_UNREVIEWED_COMMON_RULE,1.747,2026-08-05,4,4,,,
2026-10-08,VST,2335,PB_OWNERSHIP_BASIS_V2,,OWNERSHIP_BASIS_UNVERIFIED,,,OWNERSHIP_BASIS_UNVERIFIED,5482000000.0,2026-Q2,2026-10-07,2026-Q2,2026-08-10,PROVIDER_FILING_DATE_PROXY,HELD,8.747,2026-08-10,4,4,,,
2026-10-08,VSTD,2336,PB_OWNERSHIP_BASIS_V2,,STALE_EQUITY,LARGE_ENDPOINT_VS_AVERAGE_SHARE_DIFFERENCE,,STALE_EQUITY,4687617.0,2025-Q2,2026-10-06,2025-Q2,2025-08-20,PROVIDER_FILING_DATE_PROXY,HELD,4.734,2025-08-20,3,4,,,
2026-10-08,VSTM,2337,PB_OWNERSHIP_BASIS_V2,14.983389319542537,OK,,14.983389319542537,OK,49986000.0,2026-Q2,2026-10-07,2026-Q2,2026-08-06,PROVIDER_FILING_DATE_PROXY,EXISTING_UNREVIEWED_COMMON_RULE,10.708,2026-08-06,3,4,,,
2026-10-08,VSTS,2338,PB_OWNERSHIP_BASIS_V2,2.099091582430561,OK,,2.099091582430561,OK,877671000.0,2026-Q3,2026-10-07,2026-Q3,2026-08-11,PROVIDER_FILING_DATE_PROXY,EXISTING_UNREVIEWED_COMMON_RULE,2.09,2026-08-11,4,4,,,
2026-10-08,VTGN,2339,PB_OWNERSHIP_BASIS_V2,0.45317706588783135,OK,,0.45317706588783135,OK,24481000.0,2027-Q1,2026-10-07,2027-Q1,2026-08-14,PROVIDER_FILING_DATE_PROXY,EXISTING_UNREVIEWED_COMMON_RULE,0.489,2026-08-14,4,4,,,
2026-10-08,VTOL,2340,PB_OWNERSHIP_BASIS_V2,1.0874252756325948,OK,,1.0874252756325948,OK,1089265000.0,2026-Q2,2026-10-07,2026-Q2,2026-08-05,PROVIDER_FILING_DATE_PROXY,EXISTING_UNREVIEWED_COMMON_RULE,1.204,2026-08-05,4,4,,,
2026-10-08,VTR,2341,PB_OWNERSHIP_BASIS_V2,,OWNERSHIP_BASIS_UNVERIFIED,,,OWNERSHIP_BASIS_UNVERIFIED,14649399000.0,2026-Q2,2026-10-07,2026-Q2,2026-07-30,PROVIDER_FILING_DATE_PROXY,HELD,3.219,2026-07-30,4,4,,,
2026-10-08,VTRS,2342,PB_OWNERSHIP_BASIS_V2,1.408716021182324,OK,,1.408716021182324,OK,14260400000.0,2026-Q2,2026-10-07,2026-Q2,2026-08-06,PROVIDER_FILING_DATE_PROXY,EXISTING_UNREVIEWED_COMMON_RULE,1.312,2026-08-06,4,4,,,
2026-10-08,VTS,2343,PB_OWNERSHIP_BASIS_V2,1.149238844249595,OK,,1.149238844249595,OK,623923000.0,2026-Q2,2026-10-07,2026-Q2,2026-08-03,PROVIDER_FILING_DATE_PROXY,EXISTING_UNREVIEWED_COMMON_RULE,1.047,2026-08-03,4,4,,,
2026-10-08,VUZI,2344,PB_OWNERSHIP_BASIS_V2,10.75488436598962,OK,,10.75488436598962,OK,21113596.0,2026-Q2,2026-10-07,2026-Q2,2026-08-13,PROVIDER_FILING_DATE_PROXY,EXISTING_UNREVIEWED_COMMON_RULE,10.555,2026-08-13,4,4,,,
2026-10-08,VVOS,2345,PB_OWNERSHIP_BASIS_V2,,NEGATIVE_EQUITY,,,NEGATIVE_EQUITY,-3815000.0,2026-Q2,2026-10-07,2026-Q2,2026-08-14,PROVIDER_FILING_DATE_PROXY,HELD,,2026-08-14,1,4,,,
2026-10-08,VVV,2346,PB_OWNERSHIP_BASIS_V2,9.409000640114165,OK,,9.409000640114165,OK,416700000.0,2026-Q3,2026-10-07,2026-Q3,2026-08-05,PROVIDER_FILING_DATE_PROXY,EXISTING_UNREVIEWED_COMMON_RULE,11.323,2026-08-05,4,4,,,
2026-10-08,VVX,2347,PB_OWNERSHIP_BASIS_V2,1.8807944155561396,OK,,1.8807944155561396,OK,1134456000.0,2026-Q2,2026-10-07,2026-Q2,2026-08-03,PROVIDER_FILING_DATE_PROXY,EXISTING_UNREVIEWED_COMMON_RULE,2.387,2026-08-03,4,4,,,
2026-10-08,VYGR,2348,PB_OWNERSHIP_BASIS_V2,0.9858744069576661,OK,,0.9858744069576661,OK,154377000.0,2026-Q2,2026-10-07,2026-Q2,2026-08-06,PROVIDER_FILING_DATE_PROXY,EXISTING_UNREVIEWED_COMMON_RULE,1.249,2026-08-06,4,4,,,
2026-10-08,VYX,2349,PB_OWNERSHIP_BASIS_V2,1.0004849037224066,OK,,1.0004849037224066,OK,926000000.0,2026-Q2,2026-10-07,2026-Q2,2026-08-05,PROVIDER_FILING_DATE_PROXY,EXISTING_UNREVIEWED_COMMON_RULE,1.419,2026-08-05,4,4,,,
2026-10-08,VZ,2350,PB_OWNERSHIP_BASIS_V2,1.8299082264958155,OK,,,OWNERSHIP_REVIEW_STALE,103920000000.0,2026-Q2,2026-10-07,2026-Q2,2026-06-30,OFFICIAL_COVER,OPERATOR_CONFIRMED_QUARTER,1.871,2026-07-31,4,4,ORDINARY_COMMON,,9bb8f3242eaa9862790e30904b870283e5dac56731b0b213281067e816a9ca9c
2026-10-08,W,2351,PB_OWNERSHIP_BASIS_V2,,NEGATIVE_EQUITY,,,NEGATIVE_EQUITY,-2788000000.0,2026-Q2,2026-10-07,2026-Q2,2026-08-04,PROVIDER_FILING_DATE_PROXY,HELD,,2026-08-04,0,4,,,
2026-10-08,WAB,2352,PB_OWNERSHIP_BASIS_V2,4.254251932300696,OK,,4.254251932300696,OK,11214000000.0,2026-Q2,2026-10-07,2026-Q2,2026-07-22,PROVIDER_FILING_DATE_PROXY,EXISTING_UNREVIEWED_COMMON_RULE,4.368,2026-07-22,4,4,,,
2026-10-08,WAT,2353,PB_OWNERSHIP_BASIS_V2,2.8190321128947544,OK,,2.8190321128947544,OK,15195000000.0,2026-Q2,2026-10-07,2026-Q2,2026-08-11,PROVIDER_FILING_DATE_PROXY,EXISTING_UNREVIEWED_COMMON_RULE,2.683,2026-08-11,4,4,,,
2026-10-08,WBD,2354,PB_OWNERSHIP_BASIS_V2,,OWNERSHIP_BASIS_UNVERIFIED,,,OWNERSHIP_BASIS_UNVERIFIED,32838000000.0,2026-Q2,2026-10-06,2026-Q2,2026-08-06,PROVIDER_FILING_DATE_PROXY,HELD,2.018,2026-08-06,4,4,,,
2026-10-08,WCC,2355,PB_OWNERSHIP_BASIS_V2,,OWNERSHIP_BASIS_UNVERIFIED,,,OWNERSHIP_BASIS_UNVERIFIED,5219800000.0,2026-Q2,2026-10-07,2026-Q2,2026-07-30,PROVIDER_FILING_DATE_PROXY,HELD,3.199,2026-07-30,4,4,,,
2026-10-08,WCN,2356,PB_OWNERSHIP_BASIS_V2,4.937120315102167,OK,,4.937120315102167,OK,7921218000.0,2026-Q2,2026-10-07,2026-Q2,2026-07-23,PROVIDER_FILING_DATE_PROXY,EXISTING_UNREVIEWED_COMMON_RULE,5.345,2026-07-23,4,4,,,
2026-10-08,WDAY,2357,PB_OWNERSHIP_BASIS_V2,6.874095770301465,OK,,6.874095770301465,OK,6460000000.0,2027-Q2,2026-10-07,2027-Q2,2026-08-27,PROVIDER_FILING_DATE_PROXY,EXISTING_UNREVIEWED_COMMON_RULE,7.221,2026-08-27,4,4,,,
2026-10-08,WDC,2358,PB_OWNERSHIP_BASIS_V2,16.490355861657044,OK,,16.490355861657044,OK,8864000000.0,2026-Q4,2026-10-07,2026-Q4,2026-08-14,PROVIDER_FILING_DATE_PROXY,EXISTING_UNREVIEWED_COMMON_RULE,20.695,2026-08-14,4,4,,,
2026-10-08,WDFC,2359,PB_OWNERSHIP_BASIS_V2,9.702298773378107,OK,,9.702298773378107,OK,278733000.0,2026-Q3,2026-10-07,2026-Q3,2026-07-09,PROVIDER_FILING_DATE_PROXY,EXISTING_UNREVIEWED_COMMON_RULE,11.528,2026-07-09,4,4,,,
2026-10-08,WEAV,2360,PB_OWNERSHIP_BASIS_V2,6.938924759321957,OK,,6.938924759321957,OK,84969000.0,2026-Q2,2026-10-07,2026-Q2,2026-08-06,PROVIDER_FILING_DATE_PROXY,EXISTING_UNREVIEWED_COMMON_RULE,6.27,2026-08-06,4,4,,,
2026-10-08,WEC,2361,PB_OWNERSHIP_BASIS_V2,2.378590540957583,OK,,2.378590540957583,OK,14134900000.0,2026-Q2,2026-10-07,2026-Q2,2026-08-04,PROVIDER_FILING_DATE_PROXY,EXISTING_UNREVIEWED_COMMON_RULE,2.519,2026-08-04,4,4,,,
2026-10-08,WELL,2362,PB_OWNERSHIP_BASIS_V2,,OWNERSHIP_BASIS_UNVERIFIED,,,OWNERSHIP_BASIS_UNVERIFIED,46414348000.0,2026-Q2,2026-10-07,2026-Q2,2026-07-28,PROVIDER_FILING_DATE_PROXY,HELD,3.782,2026-07-28,4,4,,,
2026-10-08,WEN,2363,PB_OWNERSHIP_BASIS_V2,,OWNERSHIP_BASIS_UNVERIFIED,,,OWNERSHIP_BASIS_UNVERIFIED,120467000.0,2026-Q2,2026-10-07,2026-Q2,2026-08-07,PROVIDER_FILING_DATE_PROXY,HELD,12.171,2026-08-07,4,4,,,
2026-10-08,WERN,2364,PB_OWNERSHIP_BASIS_V2,1.4301523114204981,OK,,1.4301523114204981,OK,1356262000.0,2026-Q2,2026-10-07,2026-Q2,2026-08-07,PROVIDER_FILING_DATE_PROXY,EXISTING_UNREVIEWED_COMMON_RULE,1.659,2026-08-07,4,4,,,
2026-10-08,WES,2365,PB_OWNERSHIP_BASIS_V2,4.419621886243685,OK,,4.419621886243685,OK,4258306000.0,2026-Q2,2026-10-07,2026-Q2,2026-08-05,PROVIDER_FILING_DATE_PROXY,EXISTING_UNREVIEWED_COMMON_RULE,4.478,2026-08-05,4,4,,,
2026-10-08,WEST,2366,PB_OWNERSHIP_BASIS_V2,,NEGATIVE_EQUITY,,,NEGATIVE_EQUITY,-31273000.0,2026-Q2,2026-10-07,2026-Q2,2026-08-06,PROVIDER_FILING_DATE_PROXY,HELD,,2026-08-06,1,4,,,
2026-10-08,WEX,2367,PB_OWNERSHIP_BASIS_V2,4.307980688962822,OK,,4.307980688962822,OK,1344600000.0,2026-Q2,2026-10-07,2026-Q2,2026-07-23,PROVIDER_FILING_DATE_PROXY,EXISTING_UNREVIEWED_COMMON_RULE,4.346,2026-07-23,4,4,,,
2026-10-08,WFRD,2368,PB_OWNERSHIP_BASIS_V2,3.06215842526553,OK,,3.06215842526553,OK,1789000000.0,2026-Q2,2026-10-07,2026-Q2,2026-07-22,PROVIDER_FILING_DATE_PROXY,EXISTING_UNREVIEWED_COMMON_RULE,3.491,2026-07-22,4,4,,,
2026-10-08,WGO,2369,PB_OWNERSHIP_BASIS_V2,0.5599274590225646,OK,,0.5599274590225646,OK,1234400000.0,2026-Q3,2026-10-07,2026-Q3,2026-06-25,PROVIDER_FILING_DATE_PROXY,EXISTING_UNREVIEWED_COMMON_RULE,0.707,2026-06-25,4,4,,,
2026-10-08,WGS,2370,PB_OWNERSHIP_BASIS_V2,,OWNERSHIP_BASIS_UNVERIFIED,LARGE_ENDPOINT_VS_AVERAGE_SHARE_DIFFERENCE,,OWNERSHIP_BASIS_UNVERIFIED,244221000.0,2026-Q2,2026-10-07,2026-Q2,2026-08-03,PROVIDER_FILING_DATE_PROXY,HELD,8.287,2026-08-03,4,4,,,
2026-10-08,WH,2371,PB_OWNERSHIP_BASIS_V2,11.168773530724875,OK,,11.168773530724875,OK,480000000.0,2026-Q2,2026-10-07,2026-Q2,2026-07-23,PROVIDER_FILING_DATE_PROXY,EXISTING_UNREVIEWED_COMMON_RULE,11.36,2026-07-23,4,4,,,
2026-10-08,WHD,2372,PB_OWNERSHIP_BASIS_V2,4.077414451744593,OK,,4.077414451744593,OK,1240816000.0,2026-Q2,2026-10-07,2026-Q2,2026-07-31,PROVIDER_FILING_DATE_PROXY,EXISTING_UNREVIEWED_COMMON_RULE,4.201,2026-07-31,4,4,,,
2026-10-08,WHLR,2373,PB_OWNERSHIP_BASIS_V2,,MISSING_EQUITY,LARGE_ENDPOINT_VS_AVERAGE_SHARE_DIFFERENCE,,MISSING_EQUITY,,2026-Q2,2026-10-07,2026-Q2,2026-08-06,PROVIDER_FILING_DATE_PROXY,HELD,,2026-08-06,0,4,,,
2026-10-08,WHR,2374,PB_OWNERSHIP_BASIS_V2,,OWNERSHIP_BASIS_UNVERIFIED,,,OWNERSHIP_BASIS_UNVERIFIED,3933000000.0,2026-Q2,2026-10-07,2026-Q2,2026-08-04,PROVIDER_FILING_DATE_PROXY,HELD,0.74,2026-08-04,4,4,,,
2026-10-08,WHWK,2375,PB_OWNERSHIP_BASIS_V2,1.0627346125085284,OK,LARGE_ENDPOINT_VS_AVERAGE_SHARE_DIFFERENCE,1.0627346125085284,OK,182925000.0,2026-Q2,2026-10-07,2026-Q2,2026-08-06,PROVIDER_FILING_DATE_PROXY,EXISTING_UNREVIEWED_COMMON_RULE,1.465,2026-08-06,4,4,,,
2026-10-08,WING,2376,PB_OWNERSHIP_BASIS_V2,,NEGATIVE_EQUITY,,,NEGATIVE_EQUITY,-772987000.0,2026-Q2,2026-10-07,2026-Q2,2026-07-29,PROVIDER_FILING_DATE_PROXY,HELD,,2026-07-29,0,4,,,
2026-10-08,WK,2377,PB_OWNERSHIP_BASIS_V2,,NEGATIVE_EQUITY,,,NEGATIVE_EQUITY,-97076000.0,2026-Q2,2026-10-07,2026-Q2,2026-08-04,PROVIDER_FILING_DATE_PROXY,HELD,,2026-08-04,0,4,,,
2026-10-08,WKC,2378,PB_OWNERSHIP_BASIS_V2,1.491922262412719,OK,,1.491922262412719,OK,1257600000.0,2026-Q2,2026-10-07,2026-Q2,2026-07-24,PROVIDER_FILING_DATE_PROXY,EXISTING_UNREVIEWED_COMMON_RULE,1.551,2026-07-24,4,4,,,
2026-10-08,WKHS,2379,PB_OWNERSHIP_BASIS_V2,4.4761828539061925,OK,,4.4761828539061925,OK,7178000.0,2026-Q2,2026-10-07,2026-Q2,2026-08-13,PROVIDER_FILING_DATE_PROXY,EXISTING_UNREVIEWED_COMMON_RULE,4.628,2026-08-13,4,4,,,
2026-10-08,WKSP,2380,PB_OWNERSHIP_BASIS_V2,,OWNERSHIP_BASIS_UNVERIFIED,LARGE_ENDPOINT_VS_AVERAGE_SHARE_DIFFERENCE,,OWNERSHIP_BASIS_UNVERIFIED,19076254.0,2026-Q2,2026-10-07,2026-Q2,2026-08-11,PROVIDER_FILING_DATE_PROXY,HELD,0.57,2026-08-11,4,4,,,
2026-10-08,WLDN,2381,PB_OWNERSHIP_BASIS_V2,3.191017914283048,OK,,3.191017914283048,OK,350465000.0,2026-Q2,2026-10-07,2026-Q2,2026-08-07,PROVIDER_FILING_DATE_PROXY,EXISTING_UNREVIEWED_COMMON_RULE,3.748,2026-08-07,4,4,,,
2026-10-08,WLK,2382,PB_OWNERSHIP_BASIS_V2,0.9031641230856539,OK,,0.9031641230856539,OK,8705000000.0,2026-Q2,2026-10-07,2026-Q2,2026-08-05,PROVIDER_FILING_DATE_PROXY,EXISTING_UNREVIEWED_COMMON_RULE,1.156,2026-08-05,4,4,,,
2026-10-08,WLY,2383,PB_OWNERSHIP_BASIS_V2,,OWNERSHIP_BASIS_UNVERIFIED,,,OWNERSHIP_BASIS_UNVERIFIED,797039000.0,2027-Q1,2026-10-07,2027-Q1,2026-09-04,PROVIDER_FILING_DATE_PROXY,HELD,3.064,2026-09-04,4,4,,,
2026-10-08,WM,2384,PB_OWNERSHIP_BASIS_V2,8.414759850964952,OK,,8.414759850964952,OK,9925000000.0,2026-Q2,2026-10-07,2026-Q2,2026-07-29,PROVIDER_FILING_DATE_PROXY,EXISTING_UNREVIEWED_COMMON_RULE,9.529,2026-07-29,4,4,,,
2026-10-08,WMB,2385,PB_OWNERSHIP_BASIS_V2,6.626804126556235,OK,,6.626804126556235,OK,13190000000.0,2026-Q2,2026-10-07,2026-Q2,2026-08-03,PROVIDER_FILING_DATE_PROXY,EXISTING_UNREVIEWED_COMMON_RULE,6.531,2026-08-03,4,4,,,
2026-10-08,WMG,2386,PB_OWNERSHIP_BASIS_V2,17.24914638784518,OK,,17.24914638784518,OK,854000000.0,2026-Q3,2026-10-07,2026-Q3,2026-08-05,PROVIDER_FILING_DATE_PROXY,EXISTING_UNREVIEWED_COMMON_RULE,15.926,2026-08-05,4,4,,,
2026-10-08,WMK,2387,PB_OWNERSHIP_BASIS_V2,1.3077371994434885,OK,,1.3077371994434885,OK,1386203000.0,2026-Q2,2026-10-07,2026-Q2,2026-08-06,PROVIDER_FILING_DATE_PROXY,EXISTING_UNREVIEWED_COMMON_RULE,1.361,2026-08-06,4,4,,,
2026-10-08,WMS,2388,PB_OWNERSHIP_BASIS_V2,5.3062135407300834,OK,,5.3062135407300834,OK,1791693000.0,2027-Q1,2026-10-07,2027-Q1,2026-08-06,PROVIDER_FILING_DATE_PROXY,EXISTING_UNREVIEWED_COMMON_RULE,6.248,2026-08-06,4,4,,,
2026-10-08,WMT,2389,PB_OWNERSHIP_BASIS_V2,8.735051838197098,OK,,8.735051838197098,OK,98238000000.0,2027-Q2,2026-10-07,2027-Q2,2026-08-28,PROVIDER_FILING_DATE_PROXY,EXISTING_UNREVIEWED_COMMON_RULE,8.326,2026-08-28,4,4,,,
2026-10-08,WNC,2390,PB_OWNERSHIP_BASIS_V2,1.9188843577019008,OK,,1.9188843577019008,OK,291058000.0,2026-Q2,2026-10-07,2026-Q2,2026-07-29,PROVIDER_FILING_DATE_PROXY,EXISTING_UNREVIEWED_COMMON_RULE,1.736,2026-07-29,4,4,,,
2026-10-08,WOOF,2391,PB_OWNERSHIP_BASIS_V2,0.5963463537030214,OK,,0.5963463537030214,OK,1206927000.0,2027-Q2,2026-10-07,2027-Q2,2026-09-04,PROVIDER_FILING_DATE_PROXY,EXISTING_UNREVIEWED_COMMON_RULE,0.725,2026-09-04,4,4,,,
2026-10-08,WOR,2392,PB_OWNERSHIP_BASIS_V2,2.880204748144178,OK,,2.880204748144178,OK,1027040000.0,2026-Q4,2026-10-07,2026-Q4,2026-07-30,PROVIDER_FILING_DATE_PROXY,EXISTING_UNREVIEWED_COMMON_RULE,2.652,2026-07-30,4,4,,,
2026-10-08,WPC,2393,PB_OWNERSHIP_BASIS_V2,1.647866525873263,OK,,1.647866525873263,OK,8672397000.0,2026-Q2,2026-10-07,2026-Q2,2026-07-29,PROVIDER_FILING_DATE_PROXY,EXISTING_UNREVIEWED_COMMON_RULE,1.963,2026-07-29,4,4,,,
2026-10-08,WRAP,2394,PB_OWNERSHIP_BASIS_V2,6.756021128513297,OK,,6.756021128513297,OK,13346000.0,2026-Q2,2026-10-07,2026-Q2,2026-08-11,PROVIDER_FILING_DATE_PROXY,EXISTING_UNREVIEWED_COMMON_RULE,7.847,2026-08-11,4,4,,,
2026-10-08,WRBY,2395,PB_OWNERSHIP_BASIS_V2,7.981223211924378,OK,,7.981223211924378,OK,391985000.0,2026-Q2,2026-10-07,2026-Q2,2026-08-06,PROVIDER_FILING_DATE_PROXY,EXISTING_UNREVIEWED_COMMON_RULE,8.502,2026-08-06,4,4,,,
2026-10-08,WS,2396,PB_OWNERSHIP_BASIS_V2,1.7038616963478146,OK,,1.7038616963478146,OK,1063300000.0,2026-Q4,2026-10-07,2026-Q4,2026-07-30,PROVIDER_FILING_DATE_PROXY,EXISTING_UNREVIEWED_COMMON_RULE,1.683,2026-07-30,4,4,,,
2026-10-08,WSC,2397,PB_OWNERSHIP_BASIS_V2,3.3585603601111904,OK,,3.3585603601111904,OK,910659000.0,2026-Q2,2026-10-07,2026-Q2,2026-08-06,PROVIDER_FILING_DATE_PROXY,EXISTING_UNREVIEWED_COMMON_RULE,5.137,2026-08-06,4,4,,,
2026-10-08,WSM,2398,PB_OWNERSHIP_BASIS_V2,13.22854665359455,OK,,13.22854665359455,OK,2140914000.0,2027-Q2,2026-10-07,2027-Q2,2026-08-28,PROVIDER_FILING_DATE_PROXY,EXISTING_UNREVIEWED_COMMON_RULE,12.933,2026-08-28,4,4,,,
2026-10-08,WSO,2399,PB_OWNERSHIP_BASIS_V2,,MULTI_CLASS_UNVERIFIED,,,OWNERSHIP_REVIEW_STALE,2994413000.0,2026-Q2,2026-10-07,2026-Q2,2026-08-07,ACCEPTED_PROVIDER_DATE_PENDING_RECONCILIATION,HELD,4.548,2026-08-07,4,4,HELD,,8352ceb2ef8b4f8b309c46922fb9e57fb1384905994c61a7ad6e18aef434678e
2026-10-08,WST,2400,PB_OWNERSHIP_BASIS_V2,8.625279255879612,OK,,8.625279255879612,OK,2990200000.0,2026-Q2,2026-10-07,2026-Q2,2026-07-23,PROVIDER_FILING_DATE_PROXY,EXISTING_UNREVIEWED_COMMON_RULE,8.366,2026-07-23,4,4,,,
2026-10-08,WTI,2401,PB_OWNERSHIP_BASIS_V2,,NEGATIVE_EQUITY,,,NEGATIVE_EQUITY,-196201000.0,2026-Q2,2026-10-07,2026-Q2,2026-08-05,PROVIDER_FILING_DATE_PROXY,HELD,,2026-08-05,0,4,,,
2026-10-08,WTRG,2402,PB_OWNERSHIP_BASIS_V2,,OWNERSHIP_BASIS_UNVERIFIED,,,OWNERSHIP_BASIS_UNVERIFIED,7018256000.0,2026-Q2,2026-10-07,2026-Q2,2026-08-05,PROVIDER_FILING_DATE_PROXY,HELD,1.601,2026-08-05,4,4,,,
2026-10-08,WTS,2403,PB_OWNERSHIP_BASIS_V2,5.31012209692443,OK,,5.31012209692443,OK,2189400000.0,2026-Q2,2026-10-07,2026-Q2,2026-08-06,PROVIDER_FILING_DATE_PROXY,EXISTING_UNREVIEWED_COMMON_RULE,5.75,2026-08-06,4,4,,,
2026-10-08,WTTR,2404,PB_OWNERSHIP_BASIS_V2,2.5509429078780608,OK,,2.5509429078780608,OK,1049351000.0,2026-Q2,2026-10-07,2026-Q2,2026-08-05,PROVIDER_FILING_DATE_PROXY,EXISTING_UNREVIEWED_COMMON_RULE,2.938,2026-08-05,4,4,,,
2026-10-08,WVE,2405,PB_OWNERSHIP_BASIS_V2,1.5380810812824321,OK,,1.5380810812824321,OK,453520000.0,2026-Q2,2026-10-07,2026-Q2,2026-07-30,PROVIDER_FILING_DATE_PROXY,EXISTING_UNREVIEWED_COMMON_RULE,2.503,2026-07-30,4,4,,,
2026-10-08,WWD,2406,PB_OWNERSHIP_BASIS_V2,7.739370026364361,OK,,7.739370026364361,OK,2473794000.0,2026-Q3,2026-10-07,2026-Q3,2026-07-30,PROVIDER_FILING_DATE_PROXY,EXISTING_UNREVIEWED_COMMON_RULE,8.504,2026-07-30,4,4,,,
2026-10-08,WWW,2407,PB_OWNERSHIP_BASIS_V2,3.4437901190022795,OK,,3.4437901190022795,OK,449200000.0,2026-Q2,2026-10-07,2026-Q2,2026-08-13,PROVIDER_FILING_DATE_PROXY,EXISTING_UNREVIEWED_COMMON_RULE,3.632,2026-08-13,4,4,,,
2026-10-08,WY,2408,PB_OWNERSHIP_BASIS_V2,,OWNERSHIP_BASIS_UNVERIFIED,,,OWNERSHIP_BASIS_UNVERIFIED,9456000000.0,2026-Q2,2026-10-07,2026-Q2,2026-07-31,PROVIDER_FILING_DATE_PROXY,HELD,1.908,2026-07-31,4,4,,,
2026-10-08,WYNN,2409,PB_OWNERSHIP_BASIS_V2,,NEGATIVE_EQUITY,,,NEGATIVE_EQUITY,-169451000.0,2026-Q2,2026-10-07,2026-Q2,2026-08-06,PROVIDER_FILING_DATE_PROXY,HELD,,2026-08-06,0,4,,,
2026-10-08,XAIR,2410,PB_OWNERSHIP_BASIS_V2,1.2180183793035937,OK,LARGE_ENDPOINT_VS_AVERAGE_SHARE_DIFFERENCE,1.2180183793035937,OK,1997000.0,2027-Q1,2026-10-07,2027-Q1,2026-08-13,PROVIDER_FILING_DATE_PROXY,EXISTING_UNREVIEWED_COMMON_RULE,3.318,2026-08-13,4,4,,,
2026-10-08,XEL,2411,PB_OWNERSHIP_BASIS_V2,,OWNERSHIP_BASIS_UNVERIFIED,,,OWNERSHIP_BASIS_UNVERIFIED,24057000000.0,2026-Q2,2026-10-07,2026-Q2,2026-07-30,PROVIDER_FILING_DATE_PROXY,HELD,2.031,2026-07-30,4,4,,,
2026-10-08,XENE,2412,PB_OWNERSHIP_BASIS_V2,2.838032410232585,OK,,2.838032410232585,OK,1242396000.0,2026-Q2,2026-10-07,2026-Q2,2026-08-06,PROVIDER_FILING_DATE_PROXY,EXISTING_UNREVIEWED_COMMON_RULE,5.031,2026-08-06,4,4,,,
2026-10-08,XERS,2413,PB_OWNERSHIP_BASIS_V2,,NEGATIVE_EQUITY,,,NEGATIVE_EQUITY,-9734000.0,2026-Q2,2026-10-07,2026-Q2,2026-08-06,PROVIDER_FILING_DATE_PROXY,HELD,,2026-08-06,2,4,,,
2026-10-08,XFOR,2414,PB_OWNERSHIP_BASIS_V2,1.7921850975644105,OK,,1.7921850975644105,OK,155454000.0,2026-Q2,2026-10-07,2026-Q2,2026-08-06,PROVIDER_FILING_DATE_PROXY,EXISTING_UNREVIEWED_COMMON_RULE,2.66,2026-08-06,4,4,,,
2026-10-08,XGN,2415,PB_OWNERSHIP_BASIS_V2,16.459587288852056,OK,,16.459587288852056,OK,12216000.0,2026-Q2,2026-10-07,2026-Q2,2026-08-04,PROVIDER_FILING_DATE_PROXY,EXISTING_UNREVIEWED_COMMON_RULE,12.791,2026-08-04,4,4,,,
2026-10-08,XHR,2416,PB_OWNERSHIP_BASIS_V2,1.4852421658887582,OK,,1.4852421658887582,OK,1109875000.0,2026-Q2,2026-10-07,2026-Q2,2026-07-30,PROVIDER_FILING_DATE_PROXY,EXISTING_UNREVIEWED_COMMON_RULE,1.669,2026-07-30,4,4,,,
2026-10-08,XIFR,2417,PB_OWNERSHIP_BASIS_V2,0.30171953161384135,OK,,0.30171953161384135,OK,3237000000.0,2026-Q2,2026-10-07,2026-Q2,2026-07-28,PROVIDER_FILING_DATE_PROXY,EXISTING_UNREVIEWED_COMMON_RULE,0.344,2026-07-28,4,4,,,
2026-10-08,XMTR,2418,PB_OWNERSHIP_BASIS_V2,10.38528148380426,OK,,10.38528148380426,OK,595023000.0,2026-Q2,2026-10-07,2026-Q2,2026-08-04,PROVIDER_FILING_DATE_PROXY,EXISTING_UNREVIEWED_COMMON_RULE,8.83,2026-08-04,4,4,,,
2026-10-08,XNCR,2419,PB_OWNERSHIP_BASIS_V2,3.584485418613714,OK,,3.584485418613714,OK,503228000.0,2026-Q2,2026-10-07,2026-Q2,2026-08-05,PROVIDER_FILING_DATE_PROXY,EXISTING_UNREVIEWED_COMMON_RULE,2.931,2026-08-05,4,4,,,
2026-10-08,XOM,2420,PB_OWNERSHIP_BASIS_V2,2.600659918214818,OK,,2.600659918214818,OK,259380000000.0,2026-Q2,2026-10-07,2026-Q2,2026-08-03,PROVIDER_FILING_DATE_PROXY,EXISTING_UNREVIEWED_COMMON_RULE,2.458,2026-08-03,4,4,,,
2026-10-08,XOS,2421,PB_OWNERSHIP_BASIS_V2,,OWNERSHIP_BASIS_UNVERIFIED,,,OWNERSHIP_BASIS_UNVERIFIED,22857000.0,2026-Q2,2026-10-07,2026-Q2,2026-08-13,PROVIDER_FILING_DATE_PROXY,HELD,1.605,2026-08-13,4,4,,,
2026-10-08,XPEL,2422,PB_OWNERSHIP_BASIS_V2,3.9916228434334844,OK,,3.9916228434334844,OK,306125000.0,2026-Q2,2026-10-07,2026-Q2,2026-08-07,PROVIDER_FILING_DATE_PROXY,EXISTING_UNREVIEWED_COMMON_RULE,4.509,2026-08-07,4,4,,,
2026-10-08,XPER,2423,PB_OWNERSHIP_BASIS_V2,0.6262649367576967,OK,,0.6262649367576967,OK,415086000.0,2026-Q2,2026-10-07,2026-Q2,2026-08-06,PROVIDER_FILING_DATE_PROXY,EXISTING_UNREVIEWED_COMMON_RULE,0.806,2026-08-06,4,4,,,
2026-10-08,XPO,2424,PB_OWNERSHIP_BASIS_V2,10.76336131440566,OK,,10.76336131440566,OK,1962000000.0,2026-Q2,2026-10-07,2026-Q2,2026-07-30,PROVIDER_FILING_DATE_PROXY,EXISTING_UNREVIEWED_COMMON_RULE,11.891,2026-07-30,4,4,,,
2026-10-08,XPOF,2425,PB_OWNERSHIP_BASIS_V2,,NEGATIVE_EQUITY,,,NEGATIVE_EQUITY,-321430000.0,2026-Q2,2026-10-07,2026-Q2,2026-08-07,PROVIDER_FILING_DATE_PROXY,HELD,,2026-08-07,0,4,,,
2026-10-08,XPON,2426,PB_OWNERSHIP_BASIS_V2,0.7690774093050909,OK,,0.7690774093050909,OK,4817447.0,2026-Q2,2026-10-07,2026-Q2,2026-08-10,PROVIDER_FILING_DATE_PROXY,EXISTING_UNREVIEWED_COMMON_RULE,0.709,2026-08-10,4,4,,,
2026-10-08,XPRO,2427,PB_OWNERSHIP_BASIS_V2,1.1635665478957928,OK,,1.1635665478957928,OK,1515424000.0,2026-Q1,2026-10-07,2026-Q1,2026-05-05,PROVIDER_FILING_DATE_PROXY,EXISTING_UNREVIEWED_COMMON_RULE,1.335,2026-05-05,4,4,,,
2026-10-08,XRAY,2428,PB_OWNERSHIP_BASIS_V2,1.260164391883977,OK,,1.260164391883977,OK,1351000000.0,2026-Q2,2026-10-07,2026-Q2,2026-08-06,PROVIDER_FILING_DATE_PROXY,EXISTING_UNREVIEWED_COMMON_RULE,1.943,2026-08-06,4,4,,,
2026-10-08,XRX,2429,PB_OWNERSHIP_BASIS_V2,,OWNERSHIP_BASIS_UNVERIFIED,,,OWNERSHIP_BASIS_UNVERIFIED,323000000.0,2026-Q2,2026-10-07,2026-Q2,2026-08-06,PROVIDER_FILING_DATE_PROXY,HELD,1.313,2026-08-06,4,4,,,
2026-10-08,XTIA,2430,PB_OWNERSHIP_BASIS_V2,,NEGATIVE_EQUITY,,,NEGATIVE_EQUITY,-26607000.0,2026-Q1,2026-10-07,2026-Q1,2026-05-14,PROVIDER_FILING_DATE_PROXY,HELD,,2026-05-14,3,4,,,
2026-10-08,XXII,2431,PB_OWNERSHIP_BASIS_V2,0.03416569185981512,OK,LARGE_ENDPOINT_VS_AVERAGE_SHARE_DIFFERENCE,0.03416569185981512,OK,18641000.0,2026-Q2,2026-10-07,2026-Q2,2026-08-14,PROVIDER_FILING_DATE_PROXY,EXISTING_UNREVIEWED_COMMON_RULE,0.166,2026-08-14,4,4,,,
2026-10-08,XYL,2432,PB_OWNERSHIP_BASIS_V2,2.2813191753752498,OK,,2.2813191753752498,OK,10421000000.0,2026-Q2,2026-10-07,2026-Q2,2026-07-28,PROVIDER_FILING_DATE_PROXY,EXISTING_UNREVIEWED_COMMON_RULE,2.8,2026-07-28,4,4,,,
2026-10-08,XYZ,2433,PB_OWNERSHIP_BASIS_V2,2.072949607449148,OK,,2.072949607449148,OK,22047075000.0,2026-Q2,2026-10-07,2026-Q2,2026-08-05,PROVIDER_FILING_DATE_PROXY,EXISTING_UNREVIEWED_COMMON_RULE,2.294,2026-08-05,4,4,,,
2026-10-08,YELP,2434,PB_OWNERSHIP_BASIS_V2,1.5491214575961463,OK,,1.5491214575961463,OK,644527000.0,2026-Q2,2026-10-07,2026-Q2,2026-08-07,PROVIDER_FILING_DATE_PROXY,EXISTING_UNREVIEWED_COMMON_RULE,2.152,2026-08-07,4,4,,,
2026-10-08,YETI,2435,PB_OWNERSHIP_BASIS_V2,4.726577458421358,OK,,4.726577458421358,OK,609504000.0,2026-Q2,2026-10-07,2026-Q2,2026-08-13,PROVIDER_FILING_DATE_PROXY,EXISTING_UNREVIEWED_COMMON_RULE,5.445,2026-08-13,4,4,,,
2026-10-08,YEXT,2436,PB_OWNERSHIP_BASIS_V2,18.373591193785717,OK,,18.373591193785717,OK,35662000.0,2027-Q2,2026-10-07,2027-Q2,2026-09-01,PROVIDER_FILING_DATE_PROXY,EXISTING_UNREVIEWED_COMMON_RULE,18.124,2026-09-01,4,4,,,
2026-10-08,YOU,2437,PB_OWNERSHIP_BASIS_V2,27.93096870817374,OK,LARGE_ENDPOINT_VS_AVERAGE_SHARE_DIFFERENCE,27.93096870817374,OK,206243000.0,2026-Q2,2026-10-07,2026-Q2,2026-08-05,PROVIDER_FILING_DATE_PROXY,EXISTING_UNREVIEWED_COMMON_RULE,37.036,2026-08-05,4,4,,,
2026-10-08,YUM,2438,PB_OWNERSHIP_BASIS_V2,,NEGATIVE_EQUITY,,,NEGATIVE_EQUITY,-7107000000.0,2026-Q2,2026-10-07,2026-Q2,2026-08-05,PROVIDER_FILING_DATE_PROXY,HELD,,2026-08-05,0,4,,,
2026-10-08,YUMC,2439,PB_OWNERSHIP_BASIS_V2,2.598641730623417,OK,,2.598641730623417,OK,5357000000.0,2026-Q2,2026-10-07,2026-Q2,2026-08-10,PROVIDER_FILING_DATE_PROXY,EXISTING_UNREVIEWED_COMMON_RULE,3.081,2026-08-10,4,4,,,
2026-10-08,YYAI,2440,PB_OWNERSHIP_BASIS_V2,,MISSING_EQUITY,LARGE_ENDPOINT_VS_AVERAGE_SHARE_DIFFERENCE,,MISSING_EQUITY,,2027-Q1,2026-10-07,2027-Q1,2026-09-22,PROVIDER_FILING_DATE_PROXY,HELD,,2026-09-22,0,4,,,
2026-10-08,"Z,ZG",2441,PB_OWNERSHIP_BASIS_V2,,MISSING_PRICE,HISTORICAL_PRICE_CORROBORATION_UNAVAILABLE,,MISSING_PRICE,4308000000.0,2026-Q2,,2026-Q2,2026-08-05,PROVIDER_FILING_DATE_PROXY,HELD,1.926,2026-08-05,4,4,,,
2026-10-08,ZBH,2442,PB_OWNERSHIP_BASIS_V2,1.3370176959695765,OK,,1.3370176959695765,OK,12623900000.0,2026-Q2,2026-10-07,2026-Q2,2026-08-05,PROVIDER_FILING_DATE_PROXY,EXISTING_UNREVIEWED_COMMON_RULE,1.483,2026-08-05,4,4,,,
2026-10-08,ZBRA,2443,PB_OWNERSHIP_BASIS_V2,5.317111998683346,OK,,5.317111998683346,OK,3435000000.0,2026-Q2,2026-10-07,2026-Q2,2026-08-04,PROVIDER_FILING_DATE_PROXY,EXISTING_UNREVIEWED_COMMON_RULE,5.08,2026-08-04,4,4,,,
2026-10-08,ZD,2444,PB_OWNERSHIP_BASIS_V2,0.841297477547345,OK,,0.841297477547345,OK,2237458000.0,2026-Q2,2026-10-07,2026-Q2,2026-08-07,PROVIDER_FILING_DATE_PROXY,EXISTING_UNREVIEWED_COMMON_RULE,0.826,2026-08-07,4,4,,,
2026-10-08,ZEO,2445,PB_OWNERSHIP_BASIS_V2,,OWNERSHIP_BASIS_UNVERIFIED,LARGE_ENDPOINT_VS_AVERAGE_SHARE_DIFFERENCE,,OWNERSHIP_BASIS_UNVERIFIED,9263661.0,2026-Q2,2026-10-07,2026-Q2,2026-08-14,PROVIDER_FILING_DATE_PROXY,HELD,3.923,2026-08-14,3,4,,,
2026-10-08,ZETA,2446,PB_OWNERSHIP_BASIS_V2,9.141097547016344,OK,,9.141097547016344,OK,926497000.0,2026-Q2,2026-10-07,2026-Q2,2026-08-05,PROVIDER_FILING_DATE_PROXY,EXISTING_UNREVIEWED_COMMON_RULE,7.334,2026-08-05,4,4,,,
2026-10-08,ZIP,2447,PB_OWNERSHIP_BASIS_V2,,NEGATIVE_EQUITY,,,NEGATIVE_EQUITY,-33813000.0,2026-Q2,2026-10-07,2026-Q2,2026-08-05,PROVIDER_FILING_DATE_PROXY,HELD,,2026-08-05,0,4,,,
2026-10-08,ZLAB,2448,PB_OWNERSHIP_BASIS_V2,4.680864874337752,OK,,,OWNERSHIP_REVIEW_STALE,607037000.0,2026-Q2,2026-10-07,2026-Q2,2026-07-31,OFFICIAL_COVER,OPERATOR_CONFIRMED_QUARTER,3.862,2026-08-06,4,4,ADR_FACTOR,0.1,0aceef58ec922d3d660526a2b00d680c8ac583d78155aed11a4830aa8eb651db
2026-10-08,ZM,2449,PB_OWNERSHIP_BASIS_V2,2.446328108068427,OK,,2.446328108068427,OK,11303611000.0,2027-Q2,2026-10-07,2027-Q2,2026-08-26,PROVIDER_FILING_DATE_PROXY,EXISTING_UNREVIEWED_COMMON_RULE,2.422,2026-08-26,4,4,,,
2026-10-08,ZNTL,2450,PB_OWNERSHIP_BASIS_V2,1.2723179015246984,OK,,1.2723179015246984,OK,143646000.0,2026-Q2,2026-10-07,2026-Q2,2026-08-06,PROVIDER_FILING_DATE_PROXY,EXISTING_UNREVIEWED_COMMON_RULE,2.495,2026-08-06,4,4,,,
2026-10-08,ZS,2451,PB_OWNERSHIP_BASIS_V2,13.401398572161707,OK,,13.401398572161707,OK,2598261000.0,2026-Q4,2026-10-07,2026-Q4,2026-09-03,PROVIDER_FILING_DATE_PROXY,EXISTING_UNREVIEWED_COMMON_RULE,11.158,2026-09-03,4,4,,,
2026-10-08,ZTS,2452,PB_OWNERSHIP_BASIS_V2,9.392042561676734,OK,,9.392042561676734,OK,3148000000.0,2026-Q2,2026-10-07,2026-Q2,2026-08-06,PROVIDER_FILING_DATE_PROXY,EXISTING_UNREVIEWED_COMMON_RULE,10.143,2026-08-06,4,4,,,
2026-10-08,ZUMZ,2453,PB_OWNERSHIP_BASIS_V2,,MISSING_EQUITY,,,MISSING_EQUITY,,2027-Q2,2026-10-07,2027-Q2,2026-09-10,PROVIDER_FILING_DATE_PROXY,HELD,,2026-09-10,0,4,,,
2026-10-08,ZURA,2454,PB_OWNERSHIP_BASIS_V2,,OWNERSHIP_BASIS_UNVERIFIED,,,OWNERSHIP_BASIS_UNVERIFIED,197085000.0,2026-Q2,2026-10-07,2026-Q2,2026-08-11,PROVIDER_FILING_DATE_PROXY,HELD,2.703,2026-08-11,4,4,,,
2026-10-08,ZVIA,2455,PB_OWNERSHIP_BASIS_V2,2.1206366845031472,OK,,2.1206366845031472,OK,44132000.0,2026-Q2,2026-10-07,2026-Q2,2026-08-05,PROVIDER_FILING_DATE_PROXY,EXISTING_UNREVIEWED_COMMON_RULE,2.997,2026-08-05,4,4,,,
2026-10-08,ZVRA,2456,PB_OWNERSHIP_BASIS_V2,3.02304729085594,OK,,3.02304729085594,OK,217652000.0,2026-Q2,2026-10-07,2026-Q2,2026-08-05,PROVIDER_FILING_DATE_PROXY,EXISTING_UNREVIEWED_COMMON_RULE,2.873,2026-08-05,4,4,,,
2026-10-08,ZWS,2457,PB_OWNERSHIP_BASIS_V2,,OWNERSHIP_BASIS_UNVERIFIED,,,OWNERSHIP_BASIS_UNVERIFIED,1659100000.0,2026-Q2,2026-10-07,2026-Q2,2026-07-28,PROVIDER_FILING_DATE_PROXY,HELD,4.93,2026-07-28,4,4,,,
2026-10-08,ZYME,2458,PB_OWNERSHIP_BASIS_V2,23.423816551827745,OK,,23.423816551827745,OK,80369000.0,2026-Q2,2026-10-07,2026-Q2,2026-08-06,PROVIDER_FILING_DATE_PROXY,EXISTING_UNREVIEWED_COMMON_RULE,20.422,2026-08-06,4,4,,,
2026-10-08,SNDK,2459,PB_OWNERSHIP_BASIS_V2,15.747486788691456,OK,,15.747486788691456,OK,15736000000.0,2026-Q4,2026-10-07,2026-Q4,2026-08-17,PROVIDER_FILING_DATE_PROXY,EXISTING_UNREVIEWED_COMMON_RULE,16.626,2026-08-17,4,4,,,
2026-10-08,AG,2460,PB_OWNERSHIP_BASIS_V2,2.765928078063639,OK,,2.765928078063639,OK,2965636000.0,2026-Q2,2026-10-07,2026-Q2,2026-07-30,PROVIDER_FILING_DATE_PROXY,EXISTING_UNREVIEWED_COMMON_RULE,2.606,2026-07-30,4,4,,,
2026-10-08,ALOY,2461,PB_OWNERSHIP_BASIS_V2,2.8702020378244235,OK,,2.8702020378244235,OK,190604000.0,2026-Q2,2026-10-07,2026-Q2,2026-08-13,PROVIDER_FILING_DATE_PROXY,EXISTING_UNREVIEWED_COMMON_RULE,4.687,2026-08-13,4,4,,,
2026-10-08,ARM,2462,PB_OWNERSHIP_BASIS_V2,36.42956602377245,OK,,,OWNERSHIP_REVIEW_STALE,8630000000.0,2027-Q1,2026-10-07,2027-Q1,2026-05-21,OFFICIAL_MAY_OUTSTANDING_COUNT_ROUNDED_PROVIDER_APPROXIMATION,OPERATOR_CONFIRMED_QUARTER,27.831,2026-07-29,4,4,ADR_FACTOR,1.0,26d41a7a2780d1b6da5309aab12054152703b39c3959662ba66046144d2d8f3d
2026-10-08,ASML,2463,PB_OWNERSHIP_BASIS_V2,,OWNERSHIP_BASIS_UNVERIFIED,,,OWNERSHIP_REVIEW_STALE,24801590909.0,2026-Q2,2026-10-07,2026-Q2,2026-07-15,ACCEPTED_PROVIDER_DATE_PENDING_RECONCILIATION,HELD,28.142,2026-07-15,4,4,HELD,,9d82d22169190551c8055ccab8a5efb2395fc078a735409a912dfc089e436cdd
2026-10-08,ASX,2464,PB_OWNERSHIP_BASIS_V2,,MISSING_EQUITY,,,MISSING_EQUITY,,2026-Q2,2026-10-07,2026-Q2,2026-07-30,PROVIDER_FILING_DATE_PROXY,HELD,,2026-07-30,0,4,,,
2026-10-08,BABA,2465,PB_OWNERSHIP_BASIS_V2,,NEWER_SHARE_COUNT_REQUIRED,,,OWNERSHIP_REVIEW_STALE,156195169888.0,2027-Q1,2026-10-07,2027-Q1,2026-08-20,ACCEPTED_PROVIDER_DATE_PENDING_RECONCILIATION,HELD,1.95,2026-08-20,4,4,HELD,,1668506acc56bf59e51e79e2362cb41c604726c8f168cd118360c9904a26a706
2026-10-08,BHP,2466,PB_OWNERSHIP_BASIS_V2,,OWNERSHIP_BASIS_UNVERIFIED,,,OWNERSHIP_REVIEW_STALE,50923000000.0,2026-Q4,2026-10-07,2026-Q4,2026-08-18,ACCEPTED_PROVIDER_DATE_PENDING_RECONCILIATION,HELD,4.445,2026-08-18,4,4,HELD,,78afb6769a8d41787001c0b9bb4ebd6b98a3222c250ad28ec23b602d26aeee43
2026-10-08,BIDU,2467,PB_OWNERSHIP_BASIS_V2,,MULTI_CLASS_UNVERIFIED,,,OWNERSHIP_REVIEW_STALE,40354013840.0,2026-Q2,2026-10-07,2026-Q2,2026-08-18,ACCEPTED_PROVIDER_DATE_PENDING_RECONCILIATION,HELD,0.764,2026-08-18,4,4,HELD,,b9a5bb40f915aef36cca37ae7a751fabb6ccd4f9735e517cc9c6ec73cab9c8fd
2026-10-08,BTDR,2468,PB_OWNERSHIP_BASIS_V2,,MISSING_EQUITY,,,MISSING_EQUITY,,2026-Q2,2026-10-07,2026-Q2,2026-08-10,PROVIDER_FILING_DATE_PROXY,HELD,,2026-08-10,0,4,,,
2026-10-08,CAMT,2469,PB_OWNERSHIP_BASIS_V2,10.001783248324717,OK,,,OWNERSHIP_REVIEW_STALE,710163000.0,2026-Q2,2026-10-07,2026-Q2,2026-08-10,ACCEPTED_SHARE_COUNT_WITH_SCOPED_OFFICIAL_IDENTITY,OPERATOR_CONFIRMED_QUARTER,10.39,2026-08-10,4,4,IDENTITY_OVERRIDE,,8e59aae0718c730a6a89e024489437feff0f8bd806dfd0fac64ac97744cecfb5
