company_id,fiscal_year,fiscal_quarter,current_quarter_id,ticker_display,selected_accession,selected_source,selected_timestamp,equivalent_alternate_timestamp,timestamp_offset_seconds,timestamp_equivalence_status,current_resolver_status,reviewed_diagnostic_status,competing_context_status,selected_evidence_hash,selected_evidence_fingerprint,selected_source_reference,recommended_next_phase
21,2025,Q4,770,ABVC,0001213900-26-023054,SEC_8K_ITEM_2_02,2026-03-03T21:14:58Z,,,NO_TIMESTAMP_DIFFERENCE,VERIFIED,REVIEW,NONE,b2adf71fe01422e560e0d625fc56f909d49246195b862157c91a62f410639a67,7a11aa12c5ac6887d23b9b063e558c8101bc6557e3efaba638aa18029d3a02ee,https://www.sec.gov/Archives/edgar/data/1173313/000121390026023054/ea0279143-8k_abvc.htm,EXACT_KEY_REVIEWED_VALIDATION_NOT_APPLY
22,2025,Q1,800,ACA,0001739445-25-000065,SEC_8K_ITEM_2_02,2025-05-06T20:20:08Z,,,NO_TIMESTAMP_DIFFERENCE,VERIFIED,REVIEW,NONE,5319e5b72d21c90eafc14d87f261ebf2a5bc53f3e9350215903fb3c6b2f881bb,1cb1fffd257ad694d0a792e3cf58b2d02d775b8e90fcc791d8a3135ef2ada82f,https://www.sec.gov/Archives/edgar/data/1739445/000173944525000065/aca-20250506.htm,EXACT_KEY_REVIEWED_VALIDATION_NOT_APPLY
22,2025,Q2,801,ACA,0001739445-25-000113,SEC_8K_ITEM_2_02,2025-08-07T20:37:22Z,,,NO_TIMESTAMP_DIFFERENCE,VERIFIED,REVIEW,NONE,6c6fdcb24c8d290c1951626739c7cc2679966454f3f2a02a184afa43f405236f,7ed501a11c3e7c9efc89d8f8160e10682b977c2ddc062a4572c44ad228f260e6,https://www.sec.gov/Archives/edgar/data/1739445/000173944525000113/aca-20250807.htm,EXACT_KEY_REVIEWED_VALIDATION_NOT_APPLY
22,2026,Q1,804,ACA,0001739445-26-000064,SEC_8K_ITEM_2_02,2026-04-30T20:22:00Z,,,NO_TIMESTAMP_DIFFERENCE,VERIFIED,REVIEW,NONE,d07f169de2e0d50365b4ccdb0a49a935e69e68f7d29aeb2b7413c5392778da79,cdaf38c086a54c888756e9b6c0b3817bdc71b3cb6edd4bebe6fd394b02f4b239,https://www.sec.gov/Archives/edgar/data/1739445/000173944526000064/aca-20260430.htm,EXACT_KEY_REVIEWED_VALIDATION_NOT_APPLY
22,2026,Q2,805,ACA,0001739445-26-000124,SEC_8K_ITEM_2_02,2026-08-05T20:19:02Z,,,NO_TIMESTAMP_DIFFERENCE,VERIFIED,REVIEW,NONE,07ee736519d67cc26c609e4fdf56f9f8edddab9d8a0b9518a2624ba7bc7f4ff4,15342cda8fba5015bf518faa22b043de734991f88beadaf877a8a361f160b8e8,https://www.sec.gov/Archives/edgar/data/1739445/000173944526000124/aca-20260805.htm,EXACT_KEY_REVIEWED_VALIDATION_NOT_APPLY
31,2025,Q1,1120,ACIW,0000935036-25-000011,SEC_8K_ITEM_2_02,2025-05-08T13:10:24Z,,,NO_TIMESTAMP_DIFFERENCE,VERIFIED,REVIEW,NONE,b97125c8b98ec940fa98e72b8a5ecde9f8397ca2272a5a4dcd627c5f83b3ac20,da1390d09d4e44340d14efecec54bb6ce4bfd3ab0e4734b7592d94ef01616695,https://www.sec.gov/Archives/edgar/data/935036/000093503625000011/aciw-20250508.htm,EXACT_KEY_REVIEWED_VALIDATION_NOT_APPLY
31,2025,Q2,1121,ACIW,0000935036-25-000017,SEC_8K_ITEM_2_02,2025-08-07T12:36:15Z,,,NO_TIMESTAMP_DIFFERENCE,VERIFIED,REVIEW,NONE,1a0213dcfa1a25366c9faaf0b5a0b9ac6a4fc9ee143f55cc8555f8487287d9e3,66ce721e5b96886cec91f22a8d1a20e18b5b0fb16b3249127380416ebb368a35,https://www.sec.gov/Archives/edgar/data/935036/000093503625000017/aciw-20250807.htm,EXACT_KEY_REVIEWED_VALIDATION_NOT_APPLY
31,2026,Q1,1124,ACIW,0000935036-26-000019,SEC_8K_ITEM_2_02,2026-05-07T11:58:35Z,,,NO_TIMESTAMP_DIFFERENCE,VERIFIED,REVIEW,NONE,34b61236e67fed5d9c96b462a21f8fb44777bb9541ddb707ac5541bef0336bd0,75b5de36c22d2f90b41a51f793aa6ecfd09ef3723694456a9fca2801fb8b684e,https://www.sec.gov/Archives/edgar/data/935036/000093503626000019/aciw-20260507.htm,EXACT_KEY_REVIEWED_VALIDATION_NOT_APPLY
31,2026,Q2,1125,ACIW,0000935036-26-000026,SEC_8K_ITEM_2_02,2026-08-06T12:04:28Z,,,NO_TIMESTAMP_DIFFERENCE,VERIFIED,REVIEW,NONE,5ff6755af9744f23e4d7878f3e58a4fba6ceb96c1a1c66328f450ba0190a2bed,99fd8ba12cd55d1a6e399d0b29b4518248a7e959d29e22686a9ae9a4bf7c4c3d,https://www.sec.gov/Archives/edgar/data/935036/000093503626000026/aciw-20260806.htm,EXACT_KEY_REVIEWED_VALIDATION_NOT_APPLY
49,2025,Q1,1779,ADM,0000007084-25-000020,SEC_8K_ITEM_2_02,2025-05-06T15:04:16Z,,,NO_TIMESTAMP_DIFFERENCE,VERIFIED,REVIEW,NONE,97301b9e564c0695a25d9b5e81caedaea52247252b117fb44a0815906894239d,d4dcf41d0c6abe1ac820cb0f03c6f8cb90c282b6e284997640d70ee4d7773778,https://www.sec.gov/Archives/edgar/data/7084/000000708425000020/adm-20250506.htm,EXACT_KEY_REVIEWED_VALIDATION_NOT_APPLY
49,2025,Q4,1782,ADM,0000007084-26-000005,SEC_8K_ITEM_2_02,2026-02-03T16:03:39Z,,,NO_TIMESTAMP_DIFFERENCE,VERIFIED,REVIEW,NONE,33b96dc81f238db13e530f5f7bac463ec7f50a08240a3294c1c881d52d9f3dcc,bfb273a0fda995692dc83ec2a90010ef802a6b2e54437343abf30a7f628195aa,https://www.sec.gov/Archives/edgar/data/7084/000000708426000005/adm-20260203.htm,EXACT_KEY_REVIEWED_VALIDATION_NOT_APPLY
49,2026,Q1,1783,ADM,0000007084-26-000021,SEC_8K_ITEM_2_02,2026-05-05T14:04:26Z,,,NO_TIMESTAMP_DIFFERENCE,VERIFIED,REVIEW,NONE,ea6239c6ffba46011bbc4b370235b7d7847c475ed3aea7b3dbce90785709ff1c,1f710561d17393321f53ff401e392e47076d11c050680319d4357db94cf0760e,https://www.sec.gov/Archives/edgar/data/7084/000000708426000021/adm-20260505.htm,EXACT_KEY_REVIEWED_VALIDATION_NOT_APPLY
49,2026,Q2,1784,ADM,0000007084-26-000040,SEC_8K_ITEM_2_02,2026-08-04T14:03:55Z,,,NO_TIMESTAMP_DIFFERENCE,VERIFIED,REVIEW,NONE,24826367b6c1eea654b2bfc8191cf610e7a4557f46c87dd6511f8a808556d5e3,3268529963958096831af7fd84129003e1dc408ca5da9a06e71dee71f60e1fc6,https://www.sec.gov/Archives/edgar/data/7084/000000708426000040/adm-20260804.htm,EXACT_KEY_REVIEWED_VALIDATION_NOT_APPLY
58,2025,Q1,2120,ADV,0000950170-25-068542,SEC_8K_ITEM_2_02,2025-05-12T15:05:17Z,,,NO_TIMESTAMP_DIFFERENCE,VERIFIED,REVIEW,NONE,4ef8b54acc057686dcd3a86762ae28f4cc4b79c5c2255757649f2b2fa2813c55,3f5b660a91cf64c603c77b96a2999ed164a68a4af4802e675d538ff941c0c72a,https://www.sec.gov/Archives/edgar/data/1776661/000095017025068542/adv-20250512.htm,EXACT_KEY_REVIEWED_VALIDATION_NOT_APPLY
58,2025,Q2,2121,ADV,0000950170-25-104549,SEC_8K_ITEM_2_02,2025-08-07T15:05:19Z,,,NO_TIMESTAMP_DIFFERENCE,VERIFIED,REVIEW,NONE,1769bae7d2b5fe8082b27889e2b542581e39f72e138aaadc5501d26b03ce4724,4b4b3756371d17e035c6e0bd394acab39aeea4e4355e8c9a850dacf3508de3dc,https://www.sec.gov/Archives/edgar/data/1776661/000095017025104549/adv-20250807.htm,EXACT_KEY_REVIEWED_VALIDATION_NOT_APPLY
58,2025,Q3,2122,ADV,0001193125-25-268048,SEC_8K_ITEM_2_02,2025-11-06T17:05:32Z,,,NO_TIMESTAMP_DIFFERENCE,VERIFIED,REVIEW,NONE,99fe06edad248f6a1479a152bbe05bf70cf8e333b6532714be226f86382760fa,2d69bc24ade92698aea3a0c435bf0ab3f33967cc792c49abdead71f0ff1ba966,https://www.sec.gov/Archives/edgar/data/1776661/000119312525268048/adv-20251106.htm,EXACT_KEY_REVIEWED_VALIDATION_NOT_APPLY
58,2025,Q4,2123,ADV,0001193125-26-086633,SEC_8K_ITEM_2_02,2026-03-03T17:05:29Z,,,NO_TIMESTAMP_DIFFERENCE,VERIFIED,REVIEW,NONE,f13e600d50eca71e7c3ca6c07add5378db59ed789c4edea12d55cd9a1007219c,d1c271b6629ce84e4f3b07ce84d984fd8036f21bf1765e638646ea44692ef09e,https://www.sec.gov/Archives/edgar/data/1776661/000119312526086633/adv-20260303.htm,EXACT_KEY_REVIEWED_VALIDATION_NOT_APPLY
58,2026,Q1,2124,ADV,0001193125-26-207534,SEC_8K_ITEM_2_02,2026-05-06T15:04:11Z,,,NO_TIMESTAMP_DIFFERENCE,VERIFIED,REVIEW,NONE,1de2e882519dc43697bc952a8c4a92a1adf8ca10ffbbb1e8afdc0c82b0409266,f9124971beeb5343c685a79d5c92bd63432f7747dd2537a228f20b30f693cb4a,https://www.sec.gov/Archives/edgar/data/1776661/000119312526207534/adv-20260506.htm,EXACT_KEY_REVIEWED_VALIDATION_NOT_APPLY
58,2026,Q2,2125,ADV,0001193125-26-333843,SEC_8K_ITEM_2_02,2026-08-05T15:13:14Z,,,NO_TIMESTAMP_DIFFERENCE,VERIFIED,REVIEW,NONE,0f8f2e5dfe9ea2326fb9cf2a2ba0a26427e40249584debcdf96d948ebec74ec8,cbdda4a279c7b0a05eab0b5aa7dd7b15246b299733a047536698da6287ad9847,https://www.sec.gov/Archives/edgar/data/1776661/000119312526333843/adv-20260805.htm,EXACT_KEY_REVIEWED_VALIDATION_NOT_APPLY
78,2025,Q1,2843,AHCO,0001628280-25-022394,SEC_8K_ITEM_2_02,2025-05-06T15:07:35Z,,,NO_TIMESTAMP_DIFFERENCE,VERIFIED,REVIEW,NONE,e5779186fc87f1cc6bb15c0f101de4ef8b83f5b3c5544d7a76e71351239ff1ce,b213e0359cd561021e9bd464b0e05fcea9bc71336b1127ea2699cd05db41fe97,https://www.sec.gov/Archives/edgar/data/1725255/000162828025022394/ahco-20250506.htm,EXACT_KEY_REVIEWED_VALIDATION_NOT_APPLY
78,2025,Q2,2844,AHCO,0001628280-25-037598,SEC_8K_ITEM_2_02,2025-08-05T15:11:34Z,,,NO_TIMESTAMP_DIFFERENCE,VERIFIED,REVIEW,NONE,796ac516eda4ff4b620e1cca7343a270180b9f1f8206007502ebedc8e01759f0,7eb4c622054f579bf79aa3c1123710e3e2be78336031822e886e811701d5efb7,https://www.sec.gov/Archives/edgar/data/1725255/000162828025037598/ahco-20250805.htm,EXACT_KEY_REVIEWED_VALIDATION_NOT_APPLY
78,2025,Q3,2845,AHCO,0001628280-25-048527,SEC_8K_ITEM_2_02,2025-11-04T17:06:21Z,,,NO_TIMESTAMP_DIFFERENCE,VERIFIED,REVIEW,NONE,dec3cfebc08a337f390af64389b3325163fb7ca4c1bc0e6591c9af4d48a97747,b0e0785d55ac68d031567a5bb44fa91b47fb114d3eed6ecf0b57ff3b86020929,https://www.sec.gov/Archives/edgar/data/1725255/000162828025048527/ahco-20251104.htm,EXACT_KEY_REVIEWED_VALIDATION_NOT_APPLY
78,2025,Q4,2846,AHCO,0001628280-26-010872,SEC_8K_ITEM_2_02,2026-02-24T17:11:54Z,,,NO_TIMESTAMP_DIFFERENCE,VERIFIED,REVIEW,NONE,56573d030b3a166dbbd77aa3631e1699bf209deb5b6e985860214b14898dec10,0ad1f060de7a684ba9557ba74671eeb3d4a206d334d26baf17a13fa692df500a,https://www.sec.gov/Archives/edgar/data/1725255/000162828026010872/ahco-20260224.htm,EXACT_KEY_REVIEWED_VALIDATION_NOT_APPLY
78,2026,Q1,2847,AHCO,0001628280-26-030120,SEC_8K_ITEM_2_02,2026-05-05T15:07:25Z,,,NO_TIMESTAMP_DIFFERENCE,VERIFIED,REVIEW,NONE,c27c7831853f383eeccfdfecf5004c284221856c6dfb8817d37707f0869dcf75,3b1bfe326f04ed95e2481a2bcb56c261336ba0b963968cf360a1122397a68288,https://www.sec.gov/Archives/edgar/data/1725255/000162828026030120/ahco-20260505.htm,EXACT_KEY_REVIEWED_VALIDATION_NOT_APPLY
78,2026,Q2,2848,AHCO,0001628280-26-052149,SEC_8K_ITEM_2_02,2026-08-04T15:09:38Z,,,NO_TIMESTAMP_DIFFERENCE,VERIFIED,REVIEW,NONE,7ce95138f1e2fe681066eb4dd87c61702613075a07148d07291c46540068c49a,81fceb205da5f1d268c2f0772325927fad40b7490b1e3c616bfa04682fb5b908,https://www.sec.gov/Archives/edgar/data/1725255/000162828026052149/ahco-20260804.htm,EXACT_KEY_REVIEWED_VALIDATION_NOT_APPLY
80,2026,Q3,2889,AI,0001577526-26-000013,SEC_8K_ITEM_2_02,2026-02-25T21:10:30Z,,,NO_TIMESTAMP_DIFFERENCE,VERIFIED,REVIEW,NONE,a8a538470897f055469abcb75c6246d6eb7a20a5535fc71c0d8e8547afcba2f5,81c24dd364cacea2800f41457534b08b2ed26a1e9310b34867a8881a87519eab,https://www.sec.gov/Archives/edgar/data/1577526/000157752626000013/ai-20260224.htm,EXACT_KEY_REVIEWED_VALIDATION_NOT_APPLY
103,2025,Q1,3676,ALGS,0001171843-25-002781,SEC_8K_ITEM_2_02,2025-05-06T12:00:34Z,,,NO_TIMESTAMP_DIFFERENCE,VERIFIED,REVIEW,NONE,2c8146494fe40c42600f81a7a168e9b819628e4d701389e069d4af0dde685813,a78262dc47f20d7a66ce955f9591a50abdfa87d3721bcebe2d3868c9f9250a1e,https://www.sec.gov/Archives/edgar/data/1799448/000117184325002781/f8k_050525.htm,EXACT_KEY_REVIEWED_VALIDATION_NOT_APPLY
103,2025,Q2,3677,ALGS,0001171843-25-005116,SEC_8K_ITEM_2_02,2025-08-06T20:06:35Z,,,NO_TIMESTAMP_DIFFERENCE,VERIFIED,REVIEW,NONE,d1282a5a91b2cc99367a80f1efb75bef2bf7ee03bfe460bd1e3e576d3a4e89cd,ebc6f3b2366ed79e5b78ef401a4a39e19d684265b73540ab926422a672466b7f,https://www.sec.gov/Archives/edgar/data/1799448/000117184325005116/f8k_080625.htm,EXACT_KEY_REVIEWED_VALIDATION_NOT_APPLY
103,2026,Q1,3680,ALGS,0001171843-26-003156,SEC_8K_ITEM_2_02,2026-05-07T20:08:02Z,,,NO_TIMESTAMP_DIFFERENCE,VERIFIED,REVIEW,NONE,137103d641af68f6b22ff8fb14ba0ed9d548e5f318d13832d4b0bb56d07ea3d8,f0874a63d2694c195bb532df368ce86a68334a3d42884e6daff899cff1110379,https://www.sec.gov/Archives/edgar/data/1799448/000117184326003156/f8k_050726.htm,EXACT_KEY_REVIEWED_VALIDATION_NOT_APPLY
103,2026,Q2,3681,ALGS,0001171843-26-005294,SEC_8K_ITEM_2_02,2026-08-06T12:00:37Z,,,NO_TIMESTAMP_DIFFERENCE,VERIFIED,REVIEW,NONE,2fac1ca8d807b4be7f5163bac91f7d9a7ed9c69e2de948d80dd4d4a9eb16ce56,39f8abd8691998bc81b84e5dc805d55103640bd20674c56d587873cf251edfb1,https://www.sec.gov/Archives/edgar/data/1799448/000117184326005294/f8k_080526.htm,EXACT_KEY_REVIEWED_VALIDATION_NOT_APPLY
159,2025,Q1,5649,ANGO,0001140361-24-042652,SEC_8K_ITEM_2_02,2024-10-03T15:30:24Z,,,NO_TIMESTAMP_DIFFERENCE,VERIFIED,REVIEW,NONE,81385369b4b6118480739f690de7f5561e03a2edc162b104ede9efc43da9948e,b7fdd5686988e365ea4afc43e2f75dd8b716f30a9740e665959a1fd5367e64cb,https://www.sec.gov/Archives/edgar/data/1275187/000114036124042652/ef20036580_8k.htm,EXACT_KEY_REVIEWED_VALIDATION_NOT_APPLY
159,2025,Q2,5650,ANGO,0001140361-25-000535,SEC_8K_ITEM_2_02,2025-01-08T17:00:28Z,,,NO_TIMESTAMP_DIFFERENCE,VERIFIED,REVIEW,NONE,44bf27311cc308a3b6d8638df6f786e8c5edd240de65c6fcb2bbc9f191e37ab5,7545dde7376fb23028dbe2931381ca7e9fcf6ebab7396984e5c1ca7ced092580,https://www.sec.gov/Archives/edgar/data/1275187/000114036125000535/ef20041243_8k.htm,EXACT_KEY_REVIEWED_VALIDATION_NOT_APPLY
159,2025,Q3,5651,ANGO,0001140361-25-011767,SEC_8K_ITEM_2_02,2025-04-02T15:23:25Z,,,NO_TIMESTAMP_DIFFERENCE,VERIFIED,REVIEW,NONE,acbeb02dfd0c119d3455abcefc81c374eac27e17c3c070b0317284350ef5014d,48a9b49d11d03bba81a99d98053d419af8c718495e937e4ffc7dfe624f0045ec,https://www.sec.gov/Archives/edgar/data/1275187/000114036125011767/ef20046769_8k.htm,EXACT_KEY_REVIEWED_VALIDATION_NOT_APPLY
159,2025,Q4,5652,ANGO,0001140361-25-025835,SEC_8K_ITEM_2_02,2025-07-15T15:16:35Z,,,NO_TIMESTAMP_DIFFERENCE,VERIFIED,REVIEW,NONE,e25ac929ff34fc327be579f3ff585404fb3e98b9bf190fde40a92699131fcdc6,c1d8fc1be36f1b874a0d3519f69e0d858a398b1fae49a491be1dc8dae213c936,https://www.sec.gov/Archives/edgar/data/1275187/000114036125025835/ef20051984_8k.htm,EXACT_KEY_REVIEWED_VALIDATION_NOT_APPLY
159,2026,Q1,5653,ANGO,0001140361-25-037060,SEC_8K_ITEM_2_02,2025-10-02T15:30:58Z,,,NO_TIMESTAMP_DIFFERENCE,VERIFIED,REVIEW,NONE,dbafdafa549900a8be2617e98380f88a106cb6de8250894c28ee325866a44f5b,e4df405ef2c0a7a52185ee45fdc38ec974af121e571747dbbcb72bd9a5fd7699,https://www.sec.gov/Archives/edgar/data/1275187/000114036125037060/ef20056554_8k.htm,EXACT_KEY_REVIEWED_VALIDATION_NOT_APPLY
159,2026,Q2,5654,ANGO,0001140361-26-000341,SEC_8K_ITEM_2_02,2026-01-06T17:15:49Z,,,NO_TIMESTAMP_DIFFERENCE,VERIFIED,REVIEW,NONE,f478a45505d5605c622a37ca99ec8c823d0f2fcc00573bd4bb9a383479b18b47,1cac240bc7c090555da311b13c15be57240538bf8b61c21cd718d2134c76d98b,https://www.sec.gov/Archives/edgar/data/1275187/000114036126000341/ef20062354_8k.htm,EXACT_KEY_REVIEWED_VALIDATION_NOT_APPLY
159,2026,Q3,5655,ANGO,0001140361-26-012891,SEC_8K_ITEM_2_02,2026-04-02T15:30:58Z,,,NO_TIMESTAMP_DIFFERENCE,VERIFIED,REVIEW,NONE,b73a0d2ac993d9c181eac4fb286ffb89d51b991194c0f5c84cea3b9b989a6d78,bca9a549d32dc7d195600c2fd83acdaa2535cf1ffdc090b55d1b66a3a6b8f088,https://www.sec.gov/Archives/edgar/data/1275187/000114036126012891/ef20069681_8k.htm,EXACT_KEY_REVIEWED_VALIDATION_NOT_APPLY
176,2026,Q1,6213,APOG,0000006845-25-000118,SEC_8K_ITEM_2_02,2025-06-27T02:09:59Z,,,NO_TIMESTAMP_DIFFERENCE,VERIFIED,REVIEW,NONE,22e5cffeba0166cfc7278221d061d96f23cf53ecbe6b7fa06efcce4b38036691,b95cb6ce6993057ab711fc143d2b56eb8b12d644fc069c2716fae37c59f82d90,https://www.sec.gov/Archives/edgar/data/6845/000000684525000118/apog-20250627.htm,EXACT_KEY_REVIEWED_VALIDATION_NOT_APPLY
176,2026,Q2,6214,APOG,0000006845-25-000154,SEC_8K_ITEM_2_02,2025-10-10T05:46:51Z,,,NO_TIMESTAMP_DIFFERENCE,VERIFIED,REVIEW,NONE,ceb16dd98cc9bef18f5fbde21b0d3925f70fe1ed36a4dd862ee1a61b03edeaa9,c01d01ca939fe2ccb3573e63e396763cd0225a9f325ed1cc5d1ad61c9b9df574,https://www.sec.gov/Archives/edgar/data/6845/000000684525000154/apog-20251009.htm,EXACT_KEY_REVIEWED_VALIDATION_NOT_APPLY
176,2026,Q3,6215,APOG,0000006845-26-000005,SEC_8K_ITEM_2_02,2026-01-07T17:04:39Z,,,NO_TIMESTAMP_DIFFERENCE,VERIFIED,REVIEW,NONE,898daa3ed3fb5180b3ec6cb87b88558dc3b3debfa96a545c1b5532d7a190eb18,50742f2dcf61c54300b479b87019cfaeb346dca7de9c51b7349ea62ab33bff2c,https://www.sec.gov/Archives/edgar/data/6845/000000684526000005/apog-20260107.htm,EXACT_KEY_REVIEWED_VALIDATION_NOT_APPLY
176,2026,Q4,6216,APOG,0000006845-26-000020,SEC_8K_ITEM_2_02,2026-04-24T17:05:11Z,,,NO_TIMESTAMP_DIFFERENCE,VERIFIED,REVIEW,NONE,8713f6420df4f65a770678680efd02c1073bf0026ff3e2c6580061d07dfdc05d,154cf932613d525c3a0ab73b7d4276842d0f46b8fa4d9939fec32121f01f99cf,https://www.sec.gov/Archives/edgar/data/6845/000000684526000020/apog-20260424.htm,EXACT_KEY_REVIEWED_VALIDATION_NOT_APPLY
188,2025,Q1,6679,ARCB,0001558370-25-005733,SEC_8K_ITEM_2_02,2025-04-29T10:00:29Z,,,NO_TIMESTAMP_DIFFERENCE,VERIFIED,REVIEW,NONE,4910b0e768f2dfa9de698c27d8baae9767103f0720c4eeb8630100bf199e645e,f3f833228f93b786559508936a5b7de2e039e519e8d86ffe9514a7e45c426693,https://www.sec.gov/Archives/edgar/data/894405/000155837025005733/arcb-20250429x8k.htm,EXACT_KEY_REVIEWED_VALIDATION_NOT_APPLY
188,2025,Q2,6680,ARCB,0001558370-25-009765,SEC_8K_ITEM_2_02,2025-07-30T10:01:02Z,,,NO_TIMESTAMP_DIFFERENCE,VERIFIED,REVIEW,NONE,0b2e0d74bd2a1003a42786236caa4d27e75047068fa4984dd854b69774615825,bcf2e8ff7642a8574f74d75fd5835b4ab164f4fc4d14d375daf18fb2f63168db,https://www.sec.gov/Archives/edgar/data/894405/000155837025009765/arcb-20250730x8k.htm,EXACT_KEY_REVIEWED_VALIDATION_NOT_APPLY
188,2025,Q3,6681,ARCB,0001104659-25-106575,SEC_8K_ITEM_2_02,2025-11-05T11:01:01Z,,,NO_TIMESTAMP_DIFFERENCE,VERIFIED,REVIEW,NONE,14c31832187bb4b345cf5794bc8161e8166782efed3abb34e1c52cece67c0a8c,75fa44ed593fe510b23e446c0d2a97f05bca2daa7c057db70ece3a4ac71117de,https://www.sec.gov/Archives/edgar/data/894405/000110465925106575/arcb-20251105x8k.htm,EXACT_KEY_REVIEWED_VALIDATION_NOT_APPLY
188,2025,Q4,6682,ARCB,0001104659-26-008222,SEC_8K_ITEM_2_02,2026-01-30T11:00:34Z,,,NO_TIMESTAMP_DIFFERENCE,VERIFIED,REVIEW,NONE,6cec1a6a09e4899673de0569e2311bfd03545df3b4720d55b16403920f383fb3,2981131494c1c4b042d1fb3d29f44b3cc7a457a2ca827af0231cc199b2a67d12,https://www.sec.gov/Archives/edgar/data/894405/000110465926008222/arcb-20260130x8k.htm,EXACT_KEY_REVIEWED_VALIDATION_NOT_APPLY
188,2026,Q1,6683,ARCB,0001104659-26-049648,SEC_8K_ITEM_2_02,2026-04-28T10:01:05Z,,,NO_TIMESTAMP_DIFFERENCE,VERIFIED,REVIEW,NONE,1eae3d3056cfda0e54005ae55f9de913e7d651c05c462fb9d17a42b30df429ca,9258d70e8f74ad908d6723874907cd8c98259851c5d4cddb26f97fd119377a79,https://www.sec.gov/Archives/edgar/data/894405/000110465926049648/arcb-20260428x8k.htm,EXACT_KEY_REVIEWED_VALIDATION_NOT_APPLY
188,2026,Q2,6684,ARCB,0001104659-26-087722,SEC_8K_ITEM_2_02,2026-07-29T10:00:41Z,,,NO_TIMESTAMP_DIFFERENCE,VERIFIED,REVIEW,NONE,bc45d4b6feedff9aad508491073d812caa3bd771dbaa06fe50780ca0a68ae1ec,c574f2b305110c2cf6b9ca661f9497ef025b2820c73345940510c4d1b50b1bdf,https://www.sec.gov/Archives/edgar/data/894405/000110465926087722/arcb-20260729x8k.htm,EXACT_KEY_REVIEWED_VALIDATION_NOT_APPLY
232,2025,Q1,8239,ATRO,0000008063-25-000032,SEC_8K_ITEM_2_02,2025-05-07T00:19:47Z,,,NO_TIMESTAMP_DIFFERENCE,VERIFIED,REVIEW,NONE,dfa1612be0cf8b2d7a417af31bbf470a59d7013a92862ef63b6e62afaf1984ff,3b7e09ae842e42ee4d8f11abd5f9569ce75648a4499c27d667cf9a5e6d4f0d2d,https://www.sec.gov/Archives/edgar/data/8063/000000806325000032/atro-20250506.htm,EXACT_KEY_REVIEWED_VALIDATION_NOT_APPLY
232,2025,Q2,8240,ATRO,0000008063-25-000055,SEC_8K_ITEM_2_02,2025-08-07T00:23:21Z,,,NO_TIMESTAMP_DIFFERENCE,VERIFIED,REVIEW,NONE,c2056c57383f70c4a244f6af890141aa17f60fd81f320ced81db38af2169331a,d59b46c7aa53af0177ca1bb04a363b22b7d41a7f7c95f97ffeee7c32647759f6,https://www.sec.gov/Archives/edgar/data/8063/000000806325000055/atro-20250806.htm,EXACT_KEY_REVIEWED_VALIDATION_NOT_APPLY
251,2025,Q1,8868,AVT,0000008858-24-000039,SEC_8K_ITEM_2_02,2024-10-30T16:05:28Z,,,NO_TIMESTAMP_DIFFERENCE,VERIFIED,REVIEW,NONE,23cf4424f8d4154467bbb91c6b641412b6f033cd5cb46b55a1f8252f272a80c8,85b4194c4c344b5a9152909917badbd833ad199c6195f9646c846cd9ed4de756,https://www.sec.gov/Archives/edgar/data/8858/000000885824000039/avt-20241030x8k.htm,EXACT_KEY_REVIEWED_VALIDATION_NOT_APPLY
251,2025,Q2,8869,AVT,0000008858-25-000006,SEC_8K_ITEM_2_02,2025-01-29T18:03:21Z,,,NO_TIMESTAMP_DIFFERENCE,VERIFIED,REVIEW,NONE,7e5102eaa2651a7e7dde21cfb7a60fe2f8547184b506ed8f2af91ce739b99a93,35535a73cc0c45f9a206deec16a1d709c147b2650e841a05a896e5e6fc2328cf,https://www.sec.gov/Archives/edgar/data/8858/000000885825000006/avt-20250129x8k.htm,EXACT_KEY_REVIEWED_VALIDATION_NOT_APPLY
251,2025,Q3,8870,AVT,0000008858-25-000015,SEC_8K_ITEM_2_02,2025-04-30T16:03:18Z,,,NO_TIMESTAMP_DIFFERENCE,VERIFIED,REVIEW,NONE,26701179fa266ee1e0fef5c5ced74fd507eb7769d2cf8a7e9798e4ea67ac3327,c82716f6a1c072e06fa68f38183cf4770f366e96835bbb3f3edb557bf3f66693,https://www.sec.gov/Archives/edgar/data/8858/000000885825000015/avt-20250430x8k.htm,EXACT_KEY_REVIEWED_VALIDATION_NOT_APPLY
251,2025,Q4,8871,AVT,0000008858-25-000024,SEC_8K_ITEM_2_02,2025-08-06T16:04:55Z,,,NO_TIMESTAMP_DIFFERENCE,VERIFIED,REVIEW,NONE,39761430a57ceb22555931d478f80c2ba862f839c361ef66850360ec01aaffeb,244c23e79dbdddd800b5a0ba42c4ddf5a62dc80077399c1344a3177d63f7dcfa,https://www.sec.gov/Archives/edgar/data/8858/000000885825000024/avt-20250806x8k.htm,EXACT_KEY_REVIEWED_VALIDATION_NOT_APPLY
251,2026,Q1,8872,AVT,0000008858-25-000062,SEC_8K_ITEM_2_02,2025-10-29T16:02:41Z,,,NO_TIMESTAMP_DIFFERENCE,VERIFIED,REVIEW,NONE,c12568f5068a0880d0a77c2ad897fbca7a1c954139798d0d9af594901ffc3706,df3c28ee8abea1b6db098325b7b51f38ea394cb42344193b79f31bbdf5775f76,https://www.sec.gov/Archives/edgar/data/8858/000000885825000062/avt-20251029x8k.htm,EXACT_KEY_REVIEWED_VALIDATION_NOT_APPLY
251,2026,Q2,8873,AVT,0000008858-26-000023,SEC_8K_ITEM_2_02,2026-01-28T18:04:31Z,,,NO_TIMESTAMP_DIFFERENCE,VERIFIED,REVIEW,NONE,1ac2dae9eca20fde9bb70a301207a90ce9a5d1a9157c381d1030c28d1f4daf12,6d2024e0f149fd57fd9d6f7d1291cd06be5582255884b3663659799915f85170,https://www.sec.gov/Archives/edgar/data/8858/000000885826000023/avt-20260128x8k.htm,EXACT_KEY_REVIEWED_VALIDATION_NOT_APPLY
330,2025,Q1,11682,BL,0001171843-25-002819,SEC_8K_ITEM_2_02,2025-05-06T20:06:01Z,,,NO_TIMESTAMP_DIFFERENCE,VERIFIED,REVIEW,NONE,2054bd33a7d5b4c8012505a113f6e9d96d9bb09830948ffbf91686b5a4c724b8,488e17ee03434d3b1b5559627ba2883c11b74375dc779252ee519c95cc837998,https://www.sec.gov/Archives/edgar/data/1666134/000117184325002819/f8k_050625.htm,EXACT_KEY_REVIEWED_VALIDATION_NOT_APPLY
330,2025,Q2,11683,BL,0001171843-25-005050,SEC_8K_ITEM_2_02,2025-08-05T20:06:42Z,,,NO_TIMESTAMP_DIFFERENCE,VERIFIED,REVIEW,NONE,f5554dd645da29d7b367820d7ce74da41f5d2c215137ecef80270c4b436289c6,593403d1dc7a1a9d8f16480646d99aedb0f37a38938675aa5a8c9156b27818e7,https://www.sec.gov/Archives/edgar/data/1666134/000117184325005050/f8k_080525.htm,EXACT_KEY_REVIEWED_VALIDATION_NOT_APPLY
330,2025,Q3,11684,BL,0001171843-25-007093,SEC_8K_ITEM_2_02,2025-11-06T21:07:26Z,,,NO_TIMESTAMP_DIFFERENCE,VERIFIED,REVIEW,NONE,383e585537a9b9bb3941237817946b677a7d549f07ea824f56cd211570306121,036ef9a95d4ac595f61a0c0fecb42f9be1928ace3bfd8801758881c963014adc,https://www.sec.gov/Archives/edgar/data/1666134/000117184325007093/f8k_110625.htm,EXACT_KEY_REVIEWED_VALIDATION_NOT_APPLY
330,2025,Q4,11685,BL,0001171843-26-000734,SEC_8K_ITEM_2_02,2026-02-10T21:05:28Z,,,NO_TIMESTAMP_DIFFERENCE,VERIFIED,REVIEW,NONE,85fe776be36bae3787d624ceb5cd6179652bd44ed53c1c82b336169a5c92149c,f9aa623f10ad0a06bd410744a3f900b1ad4e16799e7969644bf7604676c0d79a,https://www.sec.gov/Archives/edgar/data/1666134/000117184326000734/f8k_021026.htm,EXACT_KEY_REVIEWED_VALIDATION_NOT_APPLY
330,2026,Q1,11686,BL,0001171843-26-003023,SEC_8K_ITEM_2_02,2026-05-05T20:05:34Z,,,NO_TIMESTAMP_DIFFERENCE,VERIFIED,REVIEW,NONE,307a6ff1c6a4a957531a825f974e377d82659cfb7edbf0c84b0c3b0bbcdae90b,a30c709d57b4784fac64c1346b18086ab74a2bbf939c4766b817d77de3f69769,https://www.sec.gov/Archives/edgar/data/1666134/000117184326003023/f8k_050526.htm,EXACT_KEY_REVIEWED_VALIDATION_NOT_APPLY
330,2026,Q2,11687,BL,0001171843-26-005201,SEC_8K_ITEM_2_02,2026-08-04T20:05:29Z,,,NO_TIMESTAMP_DIFFERENCE,VERIFIED,REVIEW,NONE,17497d83f63c953414a7c923e40c1fbdcd665cdc1cc6169aa5ebe00c597c6980,733c823e10ed5426204d2bbe48b9e6b0f5cfbe82f535dc1361b773e6a1e44f56,https://www.sec.gov/Archives/edgar/data/1666134/000117184326005201/f8k_080426.htm,EXACT_KEY_REVIEWED_VALIDATION_NOT_APPLY
357,2025,Q1,12604,BRBR,0001772016-25-000026,SEC_8K_ITEM_2_02,2025-02-03T22:24:30Z,,,NO_TIMESTAMP_DIFFERENCE,VERIFIED,REVIEW,NONE,68de6259322f6dbf55935308dfc0426f625d744e59f78ff907d866c78dd33ad6,68e887f0d75a40cfacd48bb26e6342bd4d83f1cb60ac6335ad50882ea433b7fd,https://www.sec.gov/Archives/edgar/data/1772016/000177201625000026/brbr-20250203.htm,EXACT_KEY_REVIEWED_VALIDATION_NOT_APPLY
357,2025,Q2,12605,BRBR,0001772016-25-000079,SEC_8K_ITEM_2_02,2025-05-05T21:47:38Z,,,NO_TIMESTAMP_DIFFERENCE,VERIFIED,REVIEW,NONE,22b897a89f81fb077573bc230299d1ffb0d8110a572d287f60ad7b51df5b62b1,9f3455f54747da8bbc81b103660b5bf4e0f48dac802d89fa649abc95ccf1bca7,https://www.sec.gov/Archives/edgar/data/1772016/000177201625000079/brbr-20250505.htm,EXACT_KEY_REVIEWED_VALIDATION_NOT_APPLY
357,2025,Q3,12606,BRBR,0001772016-25-000122,SEC_8K_ITEM_2_02,2025-08-04T21:12:28Z,,,NO_TIMESTAMP_DIFFERENCE,VERIFIED,REVIEW,NONE,34da853214a55283ecd89930b1e1d55d121a93d590c64e774053aa71d2cd27e5,48abc734ac0b8c302367d0f6f2a45bd96982416e61fb3e87928a1f42df4cb44c,https://www.sec.gov/Archives/edgar/data/1772016/000177201625000122/brbr-20250804.htm,EXACT_KEY_REVIEWED_VALIDATION_NOT_APPLY
357,2025,Q4,12607,BRBR,0001628280-25-052773,SEC_8K_ITEM_2_02,2025-11-18T12:04:21Z,,,NO_TIMESTAMP_DIFFERENCE,VERIFIED,REVIEW,NONE,87da473446184dd1ec1ecdf055ce752717fedcae14be99cab75b23c63db6e31f,4de55e19103642d646e71e45c9d55f74dcf742e0428f543e098ddb27ab301c1c,https://www.sec.gov/Archives/edgar/data/1772016/000162828025052773/brbr-20251118.htm,EXACT_KEY_REVIEWED_VALIDATION_NOT_APPLY
357,2026,Q1,12608,BRBR,0001628280-26-004789,SEC_8K_ITEM_2_02,2026-02-03T12:04:07Z,,,NO_TIMESTAMP_DIFFERENCE,VERIFIED,REVIEW,NONE,16c93ce6008771b5fd0276df50e213962531b4a52755143f76286d1ccbafb989,a2dd7a855572b1c00bde4f8c39d981d22c049e077174e7822e425c1173a58d27,https://www.sec.gov/Archives/edgar/data/1772016/000162828026004789/brbr-20260202.htm,EXACT_KEY_REVIEWED_VALIDATION_NOT_APPLY
357,2026,Q2,12609,BRBR,0001628280-26-030115,SEC_8K_ITEM_2_02,2026-05-05T11:01:56Z,,,NO_TIMESTAMP_DIFFERENCE,VERIFIED,REVIEW,NONE,5e9e6fffde7305fccc6ccc437183900054883df711cd799db6e9e9d6f5e1da07,287872c5eb810cc57dd3410e450998a8413dd4a6b6fc877ead76863ee462eb79,https://www.sec.gov/Archives/edgar/data/1772016/000162828026030115/brbr-20260505.htm,EXACT_KEY_REVIEWED_VALIDATION_NOT_APPLY
357,2026,Q3,12610,BRBR,0001628280-26-052137,SEC_8K_ITEM_2_02,2026-08-04T11:02:01Z,,,NO_TIMESTAMP_DIFFERENCE,VERIFIED,REVIEW,NONE,81786b31bd0beeafdc84f2c373ac874d4cee56cd298775212c01c34d08dee7e2,89becf3153b9a5a25ce64fc88a3291e4ee237c1859306e1d1ee536b249494502,https://www.sec.gov/Archives/edgar/data/1772016/000162828026052137/brbr-20260804.htm,EXACT_KEY_REVIEWED_VALIDATION_NOT_APPLY
358,2025,Q1,12644,BRC,0000746598-24-000137,SEC_8K_ITEM_2_02,2024-11-18T17:05:24Z,,,NO_TIMESTAMP_DIFFERENCE,VERIFIED,REVIEW,NONE,3dfa89c6d735c7a421b872cbc6672ac37e2864fc156690e8a2abb52b66508461,2bad51b16349ec009f80c3b8f0749941e1807ca62cf459898cff8c21f1d1cd02,https://www.sec.gov/Archives/edgar/data/746598/000074659824000137/brc-20241118.htm,EXACT_KEY_REVIEWED_VALIDATION_NOT_APPLY
358,2025,Q2,12645,BRC,0000746598-25-000007,SEC_8K_ITEM_2_02,2025-02-21T17:06:17Z,,,NO_TIMESTAMP_DIFFERENCE,VERIFIED,REVIEW,NONE,b2d3cc97a86bc306ff58c06d5990e5d3a88ef512448b3c16fc6f2e33c56b8baa,e018cd3cdfa2bd4c6a1666cbe3670915dc9f396e6d11e1f1fcd1805a72b8a889,https://www.sec.gov/Archives/edgar/data/746598/000074659825000007/brc-20250221.htm,EXACT_KEY_REVIEWED_VALIDATION_NOT_APPLY
358,2026,Q1,12648,BRC,0000746598-25-000059,SEC_8K_ITEM_2_02,2025-11-17T17:15:33Z,,,NO_TIMESTAMP_DIFFERENCE,VERIFIED,REVIEW,NONE,c290b0b8cec98c335089b21e8f3730d45c50169a72fa1de65bac5c95c844614d,1c5dcde32ca2e7ef701a6a7f0c5946f511b282130cf876b7efdaa591834926f4,https://www.sec.gov/Archives/edgar/data/746598/000074659825000059/brc-20251117.htm,EXACT_KEY_REVIEWED_VALIDATION_NOT_APPLY
358,2026,Q2,12649,BRC,0000746598-26-000005,SEC_8K_ITEM_2_02,2026-02-19T17:05:23Z,,,NO_TIMESTAMP_DIFFERENCE,VERIFIED,REVIEW,NONE,ead834d661e38544054f264b9910b3f71dbfc429143eb13a3312af5ea2aae5cb,33cb76db1203e909a3cc53730e52a9d59e402623d218f5f3298eb4fb4c653899,https://www.sec.gov/Archives/edgar/data/746598/000074659826000005/brc-20260219.htm,EXACT_KEY_REVIEWED_VALIDATION_NOT_APPLY
363,2025,Q1,12793,BRTX,0001021771-25-000079,SEC_8K_ITEM_2_02,2025-05-14T20:11:19Z,,,NO_TIMESTAMP_DIFFERENCE,VERIFIED,REVIEW,NONE,05691af83ca1db3f4f07e80c8ad613bb12b6bb27c03d8f3ea25786ab2e22afba,5f514825cb319efdb25bddd3d8beed0e2087a438f4af6991a38a1db6da5da4c2,https://www.sec.gov/Archives/edgar/data/1505497/000102177125000079/k51425.htm,EXACT_KEY_REVIEWED_VALIDATION_NOT_APPLY
363,2025,Q2,12794,BRTX,0001021771-25-000113,SEC_8K_ITEM_2_02,2025-08-12T20:16:41Z,,,NO_TIMESTAMP_DIFFERENCE,VERIFIED,REVIEW,NONE,0d2527cbd35618f4ce3cfc506bb1a9f4011dd543fa3c4047a2dc0f8ff69af285,5fc5cb7f031e430185eca4bbc8324304bb8d0acc6b73bd1cdc9f3c4c46ea4412,https://www.sec.gov/Archives/edgar/data/1505497/000102177125000113/brt81225.htm,EXACT_KEY_REVIEWED_VALIDATION_NOT_APPLY
363,2025,Q3,12795,BRTX,0001021771-25-000148,SEC_8K_ITEM_2_02,2025-11-12T21:11:57Z,,,NO_TIMESTAMP_DIFFERENCE,VERIFIED,REVIEW,NONE,3f79604f6cb8818e77e7843e0123c6af4177e0bf402952fdde7e305e62410d4c,b725f9381194a140788aef50d91f2cf260f6f2e499cd89feedc44292574f537a,https://www.sec.gov/Archives/edgar/data/1505497/000102177125000148/brt8k.htm,EXACT_KEY_REVIEWED_VALIDATION_NOT_APPLY
394,2025,Q1,13789,CAG,0001558370-24-013121,SEC_8K_ITEM_2_02,2024-10-02T11:32:18Z,,,NO_TIMESTAMP_DIFFERENCE,VERIFIED,REVIEW,NONE,b789b9228663ed853a69bd466ba4a1de304c47bbc01b4cd8c8d31d3e7aa766b6,83f3aaedacbc8dbe8d51a0a41856f66ffcc9a0e99a7f08023dcd62c7ffd1d02a,https://www.sec.gov/Archives/edgar/data/23217/000155837024013121/tmb-20241002x8k.htm,EXACT_KEY_REVIEWED_VALIDATION_NOT_APPLY
394,2025,Q2,13790,CAG,0001558370-24-016370,SEC_8K_ITEM_2_02,2024-12-19T12:32:23Z,,,NO_TIMESTAMP_DIFFERENCE,VERIFIED,REVIEW,NONE,dd79b904e22645651ee2f64a8f72fbfdf290878ca0b34b5d751fe0f79acee3b1,f999ffc5c8ba18273c90092ec2e4019af9854a388491966c6a1e3ff892efc2a0,https://www.sec.gov/Archives/edgar/data/23217/000155837024016370/tmb-20241219x8k.htm,EXACT_KEY_REVIEWED_VALIDATION_NOT_APPLY
394,2025,Q3,13791,CAG,0000023217-25-000011,SEC_8K_ITEM_2_02,2025-04-03T11:32:19Z,,,NO_TIMESTAMP_DIFFERENCE,VERIFIED,REVIEW,NONE,ccd73534104bb4c5de6a4e584dca297de5e5874a0b54467ac4544c4b8db49bc6,d0fa2a2355b6b105ec52ef876a2151aa868d7751e995c72b1adcf6d9506ab613,https://www.sec.gov/Archives/edgar/data/23217/000002321725000011/tmb-20250403x8k.htm,EXACT_KEY_REVIEWED_VALIDATION_NOT_APPLY
394,2025,Q4,13792,CAG,0000023217-25-000039,SEC_8K_ITEM_2_02,2025-07-10T11:33:58Z,,,NO_TIMESTAMP_DIFFERENCE,VERIFIED,REVIEW,NONE,218a61e02af5075a4fb936748640620f2437d723731e94ede972d88a7d7c64d6,68598225ede9858015e70d1e96be00f895bdd98306c52214b1cbd39d83a7aa26,https://www.sec.gov/Archives/edgar/data/23217/000002321725000039/tmb-20250710x8k.htm,EXACT_KEY_REVIEWED_VALIDATION_NOT_APPLY
394,2026,Q1,13793,CAG,0000023217-25-000083,SEC_8K_ITEM_2_02,2025-10-01T11:32:12Z,,,NO_TIMESTAMP_DIFFERENCE,VERIFIED,REVIEW,NONE,ac4174e78862a2954a37c80c577c5aca31e31e1f646626112d55b945697c36af,b6c90d6cb5572e17c8f0b980b7277cef3ba0f05926de4d6c029a73d59012a898,https://www.sec.gov/Archives/edgar/data/23217/000002321725000083/tmb-20251001x8k.htm,EXACT_KEY_REVIEWED_VALIDATION_NOT_APPLY
394,2026,Q2,13794,CAG,0000023217-25-000094,SEC_8K_ITEM_2_02,2025-12-19T12:32:12Z,,,NO_TIMESTAMP_DIFFERENCE,VERIFIED,REVIEW,NONE,13ea4ccc8c7f723ec94ddfa3e64653df2a0f11ee0b400c740d8b05f291a5b7a2,2191f85103947d826b363d6fb82865170e8d5f54ec9b8a7fb022f832c0fa6362,https://www.sec.gov/Archives/edgar/data/23217/000002321725000094/tmb-20251219x8k.htm,EXACT_KEY_REVIEWED_VALIDATION_NOT_APPLY
394,2026,Q3,13795,CAG,0000023217-26-000010,SEC_8K_ITEM_2_02,2026-04-01T11:32:36Z,,,NO_TIMESTAMP_DIFFERENCE,VERIFIED,REVIEW,NONE,323c3b6ff13365b32cd7bc6efc52d7852b4e0ddd1510fb438acbf333ce61f6f0,68f3c01700eaefb390e77c878f83e91388d94ad42348837338c6ece9e0fb1370,https://www.sec.gov/Archives/edgar/data/23217/000002321726000010/tmb-20260401x8k.htm,EXACT_KEY_REVIEWED_VALIDATION_NOT_APPLY
395,2025,Q1,13831,CAH,0000721371-24-000119,SEC_8K_ITEM_2_02,2024-11-01T10:47:40Z,,,NO_TIMESTAMP_DIFFERENCE,VERIFIED,REVIEW,NONE,d41534172e3e5f6115ad52d3a7ccf5dcb945a94a4719094f283009d08903693b,64d58cb913db1caf1e517738da8f6460fbc7ca0b1d3527bfdf5a541e2b26432b,https://www.sec.gov/Archives/edgar/data/721371/000072137124000119/cah-20241101.htm,EXACT_KEY_REVIEWED_VALIDATION_NOT_APPLY
395,2025,Q2,13832,CAH,0000721371-25-000009,SEC_8K_ITEM_2_02,2025-01-30T11:51:39Z,,,NO_TIMESTAMP_DIFFERENCE,VERIFIED,REVIEW,NONE,08a630248a75447dcc3d9d1117bcf7a5a01ef3e175433f4eb24d11d2582b79ae,2b3fbee867ee5938699ef00251051bc84a0578614fb9cfd38fda79d8c58656bc,https://www.sec.gov/Archives/edgar/data/721371/000072137125000009/cah-20250130.htm,EXACT_KEY_REVIEWED_VALIDATION_NOT_APPLY
395,2025,Q3,13833,CAH,0000721371-25-000036,SEC_8K_ITEM_2_02,2025-05-01T10:49:54Z,,,NO_TIMESTAMP_DIFFERENCE,VERIFIED,REVIEW,NONE,b47cb259d43d7f97bb5faca0926d2a225a368b8a9c0e78a2b85011b8ba35f47a,e7100663e9916fed35e0772ff87b2c768afc7e3184c6cd1647a618e326bae242,https://www.sec.gov/Archives/edgar/data/721371/000072137125000036/cah-20250501.htm,EXACT_KEY_REVIEWED_VALIDATION_NOT_APPLY
395,2025,Q4,13834,CAH,0000721371-25-000075,SEC_8K_ITEM_2_02,2025-08-12T10:59:12Z,,,NO_TIMESTAMP_DIFFERENCE,VERIFIED,REVIEW,NONE,6f37646d53d14055bb4fb69b30dcb6977eae2bcac48886caae5b244352e3f20e,dcd38a817ef7d00a21cef59c7c9f353e45bfb0e49589bf6c625e963aaab550b4,https://www.sec.gov/Archives/edgar/data/721371/000072137125000075/cah-20250812.htm,EXACT_KEY_REVIEWED_VALIDATION_NOT_APPLY
395,2026,Q1,13835,CAH,0000721371-25-000128,SEC_8K_ITEM_2_02,2025-10-30T10:52:52Z,,,NO_TIMESTAMP_DIFFERENCE,VERIFIED,REVIEW,NONE,3b0f424494ec39c263abd99d287ee21e28a6599d36ce16afe1b87af9b8bfd18f,fdc28c9a982fb874906c50c553fd75116b1859932b631d3549713ec14e923e1a,https://www.sec.gov/Archives/edgar/data/721371/000072137125000128/cah-20251030.htm,EXACT_KEY_REVIEWED_VALIDATION_NOT_APPLY
395,2026,Q2,13836,CAH,0000721371-26-000004,SEC_8K_ITEM_2_02,2026-02-05T11:47:19Z,,,NO_TIMESTAMP_DIFFERENCE,VERIFIED,REVIEW,NONE,a21deb0322b147f98ca8af4b739821cd88bead334186618c13f713a1c6a5609e,79b5de7b4cf4fa018477f64e909f590bc1c9e77e4755f88a652c8a0db853f00b,https://www.sec.gov/Archives/edgar/data/721371/000072137126000004/cah-20260205.htm,EXACT_KEY_REVIEWED_VALIDATION_NOT_APPLY
412,2025,Q2,14404,CBRL,0001104659-25-021193,SEC_8K_ITEM_2_02,2025-03-06T18:24:47Z,,,NO_TIMESTAMP_DIFFERENCE,VERIFIED,REVIEW,NONE,7ba3ee623e5e3cb0524fdd6d118c4cb7e958c351b01dbf9266f73afdb29eab39,0f19998204e81c29a4a6d53cdb209bc53bb1ccc264d516fa92b85010102feec0,https://www.sec.gov/Archives/edgar/data/1067294/000110465925021193/tm258373d1_8k.htm,EXACT_KEY_REVIEWED_VALIDATION_NOT_APPLY
412,2025,Q3,14405,CBRL,0001104659-25-056681,SEC_8K_ITEM_2_02,2025-06-05T16:20:22Z,,,NO_TIMESTAMP_DIFFERENCE,VERIFIED,REVIEW,NONE,4e2eef65d1581dfb6cf01012f09897eb8f2d683415ccc3aaeac56769f8db97f7,6746f187ac400a1082b70636ee5189a452aaa2df26b300674249c06657cc4068,https://www.sec.gov/Archives/edgar/data/1067294/000110465925056681/tm2517171d1_8k.htm,EXACT_KEY_REVIEWED_VALIDATION_NOT_APPLY
412,2025,Q4,14406,CBRL,0001104659-25-090843,SEC_8K_ITEM_2_02,2025-09-18T00:21:33Z,,,NO_TIMESTAMP_DIFFERENCE,VERIFIED,REVIEW,NONE,508cc97734e039125132178a048e93442e49b566d8f8ae283c019d10ba663906,6a0c317842d9733b87abbd1d53f774675f69e2bc5647f58b729e91a97746a777,https://www.sec.gov/Archives/edgar/data/1067294/000110465925090843/tm2526169d1_8k.htm,EXACT_KEY_REVIEWED_VALIDATION_NOT_APPLY
412,2026,Q1,14407,CBRL,0001104659-25-119675,SEC_8K_ITEM_2_02,2025-12-10T02:20:37Z,,,NO_TIMESTAMP_DIFFERENCE,VERIFIED,REVIEW,NONE,606ab51ad9d8bf50bd2f4343a451b1f94f7120f9a3508a9ab7d3d29fdb3f31b0,660b21d5b916314215a32aa15f0e7f18547d422c81ce0cb0d5b21fa8385996ed,https://www.sec.gov/Archives/edgar/data/1067294/000110465925119675/tm2532620d1_8k.htm,EXACT_KEY_REVIEWED_VALIDATION_NOT_APPLY
412,2026,Q2,14408,CBRL,0001104659-26-023472,SEC_8K_ITEM_2_02,2026-03-05T02:17:56Z,,,NO_TIMESTAMP_DIFFERENCE,VERIFIED,REVIEW,NONE,5953df3b4bbdba47cca1ed34dbf71d5252fee914ed7726a146af4fac8fcd8983,a74ba2e5da5dcfc3e3d07b89fb6b12fbc29b46324287bee71e0ce4c5482a9072,https://www.sec.gov/Archives/edgar/data/1067294/000110465926023472/tm267799d1_8k.htm,EXACT_KEY_REVIEWED_VALIDATION_NOT_APPLY
418,2025,Q1,14634,CCI,0001051470-25-000124,SEC_8K_ITEM_2_02,2025-04-30T20:17:21Z,,,NO_TIMESTAMP_DIFFERENCE,VERIFIED,REVIEW,NONE,3ebc9c17d4da55d99bb9d9014b1aa8f4ab75328fe64be402215f6017f004d8c0,f352c4899079c4f7cb859ca94b5931d5527bd76e2a5d9b43b296b2750b73e9b3,https://www.sec.gov/Archives/edgar/data/1051470/000105147025000124/cci-20250430.htm,EXACT_KEY_REVIEWED_VALIDATION_NOT_APPLY
418,2025,Q2,14635,CCI,0001051470-25-000159,SEC_8K_ITEM_2_02,2025-07-23T20:20:19Z,,,NO_TIMESTAMP_DIFFERENCE,VERIFIED,REVIEW,NONE,21fcb47a16d4ce0fae90e7e22499e8d9b3bb07f5b448d5e7eaead2cc38a60cdf,a8ec9fa67027e0995d2e2697f1835e75ad8b9f86393f4402529b87cd435b81c7,https://www.sec.gov/Archives/edgar/data/1051470/000105147025000159/cci-20250723.htm,EXACT_KEY_REVIEWED_VALIDATION_NOT_APPLY
418,2026,Q2,14639,CCI,0001051470-26-000069,SEC_8K_ITEM_2_02,2026-07-22T20:17:40Z,,,NO_TIMESTAMP_DIFFERENCE,VERIFIED,REVIEW,NONE,1d037ae491c45a929d1d2c49924d6c89415cc751f6374580faadde19bf6ca015,c2d2cc0a524136a6ccc7ed31e10ef6e0c476634d5fcbfe75a4f5fd54d6128f27,https://www.sec.gov/Archives/edgar/data/1051470/000105147026000069/cci-20260722.htm,EXACT_KEY_REVIEWED_VALIDATION_NOT_APPLY
420,2026,Q1,14720,CCL,0000815097-26-000034,SEC_8K_ITEM_2_02,2026-03-27T13:18:08Z,,,NO_TIMESTAMP_DIFFERENCE,VERIFIED,REVIEW,NONE,3a79d51c243dc2338404375adb9f0b786e3a2ff00e67a2120c64adbe03e8b0e6,ab798b2cdd1ef84293a68828291acb1324272ba65db42b31f49f1ee492994e4d,https://www.sec.gov/Archives/edgar/data/815097/000081509726000034/ccl-20260327.htm,EXACT_KEY_REVIEWED_VALIDATION_NOT_APPLY
421,2025,Q2,14759,CCLD,0001493152-25-011596,SEC_8K_ITEM_2_02,2025-08-05T15:05:48Z,,,NO_TIMESTAMP_DIFFERENCE,VERIFIED,REVIEW,NONE,0dfd431c09a0e5e9e3e1c61d9c35c80e653cc3e60bcebf6ede6a985c3b09ac9a,8de75c5bbdbba165952808a51d5f0127c3df2ba23a99da801191c8f4c4be2a78,https://www.sec.gov/Archives/edgar/data/1582982/000149315225011596/form8-k.htm,EXACT_KEY_REVIEWED_VALIDATION_NOT_APPLY
451,2025,Q1,15826,CGNX,0000851205-25-000028,SEC_8K_ITEM_2_02,2025-04-30T20:31:45Z,,,NO_TIMESTAMP_DIFFERENCE,VERIFIED,REVIEW,NONE,321922780aadf82de1367e6284cf429a8af4adb937ed40a53744c9f385eb7cca,4408711285a48fb71d4d726d87658ce8ca452b26f1bbef5c1e1e480fda8c7e15,https://www.sec.gov/Archives/edgar/data/851205/000085120525000028/cgnx-20250430.htm,EXACT_KEY_REVIEWED_VALIDATION_NOT_APPLY
451,2025,Q2,15827,CGNX,0000851205-25-000050,SEC_8K_ITEM_2_02,2025-07-30T20:34:29Z,,,NO_TIMESTAMP_DIFFERENCE,VERIFIED,REVIEW,NONE,59f3a5fc47b425af82028d5ae22d9318c5e67d12e32646cdb8ec0faa246676be,2d1c4381d1b7110e0cc8789165a4827041826880846b5cb54f9911dbf4c112f8,https://www.sec.gov/Archives/edgar/data/851205/000085120525000050/cgnx-20250730.htm,EXACT_KEY_REVIEWED_VALIDATION_NOT_APPLY
451,2025,Q3,15828,CGNX,0000851205-25-000061,SEC_8K_ITEM_2_02,2025-10-29T20:32:51Z,,,NO_TIMESTAMP_DIFFERENCE,VERIFIED,REVIEW,NONE,29e6002dfd8c968b7b63b25e4e84fa1101df2d1f4d05955031c71c72d1254169,065494ca084ab4c50ab4770dfdcf4e5d5686b9a04ee358850d68431fab3dcf15,https://www.sec.gov/Archives/edgar/data/851205/000085120525000061/cgnx-20251029.htm,EXACT_KEY_REVIEWED_VALIDATION_NOT_APPLY
451,2025,Q4,15829,CGNX,0000851205-26-000009,SEC_8K_ITEM_2_02,2026-02-11T21:31:29Z,,,NO_TIMESTAMP_DIFFERENCE,VERIFIED,REVIEW,NONE,c7a6d4bb335c1adbc7583ce9399637378654d9f630f2003a68084ed0be0575ef,487e7da3369ce24401bfebaa19b6d2e629187c6be4d78ef8a4fb7fc2cecb210e,https://www.sec.gov/Archives/edgar/data/851205/000085120526000009/cgnx-20260211.htm,EXACT_KEY_REVIEWED_VALIDATION_NOT_APPLY
451,2026,Q1,15830,CGNX,0000851205-26-000037,SEC_8K_ITEM_2_02,2026-05-06T20:32:13Z,,,NO_TIMESTAMP_DIFFERENCE,VERIFIED,REVIEW,NONE,c94c7df0dca53d65c1b18ad8b3f789241182b627774c0e1763af7047d87d35ee,fcd2c798aec530c0e9b814d4640a58861484a578553145709b8606cc517c8a09,https://www.sec.gov/Archives/edgar/data/851205/000085120526000037/cgnx-20260506.htm,EXACT_KEY_REVIEWED_VALIDATION_NOT_APPLY
451,2026,Q2,15831,CGNX,0000851205-26-000061,SEC_8K_ITEM_2_02,2026-08-05T20:32:16Z,,,NO_TIMESTAMP_DIFFERENCE,VERIFIED,REVIEW,NONE,84b99f8f2e85bd3175f70bb9b4f1ab03adf998ce089ea7b9f3c8b66f1a4310ce,bf9671991f53f29f890f99463a025d6875e064219f1475d75238044f8d3cffef,https://www.sec.gov/Archives/edgar/data/851205/000085120526000061/cgnx-20260805.htm,EXACT_KEY_REVIEWED_VALIDATION_NOT_APPLY
501,2025,Q1,17681,CMPS,0001628280-25-023427,SEC_8K_ITEM_2_02,2025-05-08T10:39:09Z,,,NO_TIMESTAMP_DIFFERENCE,VERIFIED,REVIEW,NONE,4f23f9617bb53a3f2d05762580b859451f5416e9373f13cc5d48dcc981e251fc,2de59c61e325ece5d0ab8e9f49afd794d9fcc0ceec82fcd75debf1161ce8c867,https://www.sec.gov/Archives/edgar/data/1816590/000162828025023427/cmps-20250508.htm,EXACT_KEY_REVIEWED_VALIDATION_NOT_APPLY
501,2025,Q2,17682,CMPS,0001816590-25-000103,SEC_8K_ITEM_2_02,2025-07-31T10:31:16Z,,,NO_TIMESTAMP_DIFFERENCE,VERIFIED,REVIEW,NONE,3d9d4b90671ddc2d6a128f24c78289ab6b9e047c5a91e598bf9cca0b12c5d49a,095f0b6e5599f3b001eca1457856ebccf6fa729c0e944047412015fbfec89864,https://www.sec.gov/Archives/edgar/data/1816590/000181659025000103/cmps-20250731.htm,EXACT_KEY_REVIEWED_VALIDATION_NOT_APPLY
501,2026,Q1,17685,CMPS,0001816590-26-000043,SEC_8K_ITEM_2_02,2026-05-13T10:30:53Z,,,NO_TIMESTAMP_DIFFERENCE,VERIFIED,REVIEW,NONE,8746dbf49ced2b8e43636dc4c82bd5ab8d9e9896537fb76a49d79aa76837bdf5,9e6acf5657d650318c1ad82db90d68f4b07db79bde77cf7ab1abced43d72903a,https://www.sec.gov/Archives/edgar/data/1816590/000181659026000043/cmps-20260513.htm,EXACT_KEY_REVIEWED_VALIDATION_NOT_APPLY
501,2026,Q2,17686,CMPS,0001816590-26-000059,SEC_8K_ITEM_2_02,2026-08-05T10:31:09Z,,,NO_TIMESTAMP_DIFFERENCE,VERIFIED,REVIEW,NONE,5fcd5f24cb203a8cc8daf89a7a01528d92463c207ba8bd73d02124a6548f23c0,38903a56ef42df473d0783f0d34242c7311431665babb0ae2ab95a18f0a746ff,https://www.sec.gov/Archives/edgar/data/1816590/000181659026000059/cmps-20260805.htm,EXACT_KEY_REVIEWED_VALIDATION_NOT_APPLY
504,2025,Q1,17771,CMS,0001104659-25-038300,SEC_8K_ITEM_2_02,2025-04-24T10:44:47Z,,,NO_TIMESTAMP_DIFFERENCE,VERIFIED,REVIEW,NONE,5d34785b951208c0ce6606a835ee04560255ec5c05eaff006b4bb23178ffee72,2325715b7d66c3cb1726671ee03b1db3642e2f54c1cb509f0f695313d367d7ef,https://www.sec.gov/Archives/edgar/data/811156/000110465925038300/tm2513034d1_8k.htm,EXACT_KEY_REVIEWED_VALIDATION_NOT_APPLY
504,2025,Q2,17772,CMS,0001104659-25-072445,SEC_8K_ITEM_2_02,2025-07-31T10:59:10Z,,,NO_TIMESTAMP_DIFFERENCE,VERIFIED,REVIEW,NONE,dcd85f22d4b382573bfa00406f79da17f2875d2e3ef774851c9b4bc3d94e5f7c,4b34af3d7e4c0e3d6d477b4ebc9bfa954a2b03b626a06f0b7fa24d8c5427330f,https://www.sec.gov/Archives/edgar/data/811156/000110465925072445/tm2522139d1_8k.htm,EXACT_KEY_REVIEWED_VALIDATION_NOT_APPLY
504,2026,Q1,17775,CMS,0001104659-26-049718,SEC_8K_ITEM_2_02,2026-04-28T10:38:47Z,,,NO_TIMESTAMP_DIFFERENCE,VERIFIED,REVIEW,NONE,67c42b97a29918a634ed19b902f9f7c31e7f984e77564c7e0c069adca0273faa,4bb2222ccb7aa64086be0a9c46ccda6bfbd8064143610e7f07c4e838f9c4ffdc,https://www.sec.gov/Archives/edgar/data/811156/000110465926049718/tm2612873d1_8k.htm,EXACT_KEY_REVIEWED_VALIDATION_NOT_APPLY
504,2026,Q2,17776,CMS,0001104659-26-087288,SEC_8K_ITEM_2_02,2026-07-28T10:38:12Z,,,NO_TIMESTAMP_DIFFERENCE,VERIFIED,REVIEW,NONE,2de87594b6156f13cd308ab02dd611af0b4876f95795f108f41978a4f432fdfd,ebeb0e4dd5b2948f52f6d639e801d3b6972c733269948c51ce93994d75327999,https://www.sec.gov/Archives/edgar/data/811156/000110465926087288/tm2621427d1_8k.htm,EXACT_KEY_REVIEWED_VALIDATION_NOT_APPLY
515,2025,Q1,18178,CNR,0001193125-25-115451,SEC_8K_ITEM_2_02,2025-05-08T11:00:22Z,,,NO_TIMESTAMP_DIFFERENCE,VERIFIED,REVIEW,NONE,46d7b0abbf9533aa455f7b49ec7b244a8102fe5f629860f6b394addceba1e50c,2765d608bdfaf18296a098ceea7a74a028555445863ac4a16952b3de444f5681,https://www.sec.gov/Archives/edgar/data/1710366/000119312525115451/d828774d8k.htm,EXACT_KEY_REVIEWED_VALIDATION_NOT_APPLY
515,2025,Q2,18179,CNR,0001193125-25-173024,SEC_8K_ITEM_2_02,2025-08-05T10:55:42Z,,,NO_TIMESTAMP_DIFFERENCE,VERIFIED,REVIEW,NONE,c68a471de6d629cd89dcdc69acab71c2e8e4b9a3ceadc5f419904bd704691715,35ef6679db2598eca18e56e7e2389304a8a39186c3ce5aedc4548237aba61e73,https://www.sec.gov/Archives/edgar/data/1710366/000119312525173024/d96449d8k.htm,EXACT_KEY_REVIEWED_VALIDATION_NOT_APPLY
515,2025,Q3,18180,CNR,0001710366-25-000029,SEC_8K_ITEM_2_02,2025-11-06T11:54:49Z,,,NO_TIMESTAMP_DIFFERENCE,VERIFIED,REVIEW,NONE,a39c5da94b8f75c94525a2ad4833b17fcc7afdb0e070aa5916f194acc236435b,6bf4f1d46373895bb16bab461cb3d944bfdba3fb4d893532d8d1158bcd2c4b3b,https://www.sec.gov/Archives/edgar/data/1710366/000171036625000029/cnr-20251106.htm,EXACT_KEY_REVIEWED_VALIDATION_NOT_APPLY
515,2026,Q2,18183,CNR,0001710366-26-000053,SEC_8K_ITEM_2_02,2026-08-06T11:06:05Z,,,NO_TIMESTAMP_DIFFERENCE,VERIFIED,REVIEW,NONE,ff2479c249528f49ff533f2f38be29639e4bb21d5527e3f5a2a51d77b230a1a5,8e2e6538794a774e3e018328c15e4ffaa85b2525ecc84062c3880ebd0e574a25,https://www.sec.gov/Archives/edgar/data/1710366/000171036626000053/cnr-20260806.htm,EXACT_KEY_REVIEWED_VALIDATION_NOT_APPLY
524,2025,Q1,18488,COHR,0001193125-24-252062,SEC_8K_ITEM_2_02,2024-11-07T02:20:03Z,,,NO_TIMESTAMP_DIFFERENCE,VERIFIED,REVIEW,NONE,ecb9bc57e5d4112e5db6f49293b88adb7576e49feea06bd97222127b0b864fbe,b126101d930418da4bf6a5e26f6e755d1632e164a029096a14ac90873f2d0444,https://www.sec.gov/Archives/edgar/data/820318/000119312524252062/d857703d8k.htm,EXACT_KEY_REVIEWED_VALIDATION_NOT_APPLY
524,2025,Q2,18489,COHR,0001193125-25-020821,SEC_8K_ITEM_2_02,2025-02-06T02:05:24Z,,,NO_TIMESTAMP_DIFFERENCE,VERIFIED,REVIEW,NONE,c72c4e33a32d1fe1246814c5a4ede63ff559df9139178c42bdf50e21bf6e4a9d,34e5f3b051f38a28ed0899514613fc305f978f983945fc47f6e7703cfbf42e61,https://www.sec.gov/Archives/edgar/data/820318/000119312525020821/d835094d8k.htm,EXACT_KEY_REVIEWED_VALIDATION_NOT_APPLY
524,2025,Q3,18490,COHR,0001193125-25-114882,SEC_8K_ITEM_2_02,2025-05-08T00:05:27Z,,,NO_TIMESTAMP_DIFFERENCE,VERIFIED,REVIEW,NONE,f20f90aa14dbf8fb9f8d7885643eed0ea81f5f08da60b04d1f21c395b092507a,c4d377d8fda53960727d68ff29da8bf05a0353f2cdc5f6c50b1cfa245a2fb37d,https://www.sec.gov/Archives/edgar/data/820318/000119312525114882/d930395d8k.htm,EXACT_KEY_REVIEWED_VALIDATION_NOT_APPLY
528,2025,Q1,18631,COLD,0001628280-25-023446,SEC_8K_ITEM_2_02,2025-05-08T11:04:59Z,,,NO_TIMESTAMP_DIFFERENCE,VERIFIED,REVIEW,NONE,0879fbfff772a406e9a9d0819da4f1a121681cd76f4f1c5b62690d3f097b79c6,838cc678028bece9dc3e1d4ed5887295d1953efd5371990f300d89555a96a62b,https://www.sec.gov/Archives/edgar/data/1455863/000162828025023446/art-20250508.htm,EXACT_KEY_REVIEWED_VALIDATION_NOT_APPLY
528,2025,Q2,18632,COLD,0001628280-25-038577,SEC_8K_ITEM_2_02,2025-08-07T11:07:04Z,,,NO_TIMESTAMP_DIFFERENCE,VERIFIED,REVIEW,NONE,8e073da4bed3040f1986ed078bb24247b85f6f5163d0b7a6bff4c2bbf290e118,ff156c6f45c9ec108f546bf4024afaa3866fd00de2186a2a8c3c5e3361a15dd5,https://www.sec.gov/Archives/edgar/data/1455863/000162828025038577/art-20250807.htm,EXACT_KEY_REVIEWED_VALIDATION_NOT_APPLY
528,2025,Q3,18633,COLD,0001628280-25-049853,SEC_8K_ITEM_2_02,2025-11-06T12:08:45Z,,,NO_TIMESTAMP_DIFFERENCE,VERIFIED,REVIEW,NONE,9326bde7acd07d27859191af961c91c7201c60e3087857440b4bf43e0e9d79a0,4226089578dcd36e874d2b8db4922a34f348bfed62a7cc1bfdd0bedc3549117e,https://www.sec.gov/Archives/edgar/data/1455863/000162828025049853/art-20251106.htm,EXACT_KEY_REVIEWED_VALIDATION_NOT_APPLY
528,2025,Q4,18634,COLD,0001628280-26-009471,SEC_8K_ITEM_2_02,2026-02-19T11:50:24Z,,,NO_TIMESTAMP_DIFFERENCE,VERIFIED,REVIEW,NONE,95c0813cbc295dc07553eb22f1f9eff2581bd2bb164db5ee10ae6194d16494c3,86778562d0db3daf8bbc0c492c0bcd734bf0c916c004f16bb411abb21c558208,https://www.sec.gov/Archives/edgar/data/1455863/000162828026009471/art-20260219.htm,EXACT_KEY_REVIEWED_VALIDATION_NOT_APPLY
528,2026,Q1,18635,COLD,0001628280-26-031656,SEC_8K_ITEM_2_02,2026-05-07T10:47:44Z,,,NO_TIMESTAMP_DIFFERENCE,VERIFIED,REVIEW,NONE,448f2759226bb32aa18de952be99b587afe84ed5edb23b874b4f30fa107898bc,2c93179432736705825c965ab476f2577c6923232f36127c4bc257445916f31a,https://www.sec.gov/Archives/edgar/data/1455863/000162828026031656/art-20260507.htm,EXACT_KEY_REVIEWED_VALIDATION_NOT_APPLY
528,2026,Q2,18636,COLD,0001628280-26-053800,SEC_8K_ITEM_2_02,2026-08-06T10:44:55Z,,,NO_TIMESTAMP_DIFFERENCE,VERIFIED,REVIEW,NONE,fa66f980700d995c9d0e2907933588e9d6b1701a814aab1eddc5bb8a43bc5062,1e1b89a91aeeb207c4f96322eb6352144470b88e9a4412e51eeaa6902093975d,https://www.sec.gov/Archives/edgar/data/1455863/000162828026053800/art-20260806.htm,EXACT_KEY_REVIEWED_VALIDATION_NOT_APPLY
544,2025,Q1,19194,CPB,0000016732-24-000198,SEC_8K_ITEM_2_02,2024-12-04T02:10:18Z,,,NO_TIMESTAMP_DIFFERENCE,VERIFIED,REVIEW,NONE,539e78016a4ba1c722cf3f09aa00503d6c64f0318884a0c0af5b5f8de61a29bf,042a35137294d477f036cc79a5267c976ae1c4ba9d61f8db92577ce34172ca3b,https://www.sec.gov/Archives/edgar/data/16732/000001673224000198/cpb-20241201.htm,EXACT_KEY_REVIEWED_VALIDATION_NOT_APPLY
544,2025,Q2,19195,CPB,0000016732-25-000025,SEC_8K_ITEM_2_02,2025-03-05T17:21:31Z,,,NO_TIMESTAMP_DIFFERENCE,VERIFIED,REVIEW,NONE,80a8cc9d363e5db8531089e7a3d2a383646c66fb07b172be6d7281094b8588bb,0e65f08990c9203508691bc87922f4f97564dfb7bb894d93ec1b353e1d7cc05c,https://www.sec.gov/Archives/edgar/data/16732/000001673225000025/cpb-20250305.htm,EXACT_KEY_REVIEWED_VALIDATION_NOT_APPLY
544,2025,Q3,19196,CPB,0000016732-25-000063,SEC_8K_ITEM_2_02,2025-06-02T15:16:42Z,,,NO_TIMESTAMP_DIFFERENCE,VERIFIED,REVIEW,NONE,982c7339c2d3718acec4d111ee8402d227160b331e4a6ed77f3d529c504c0b5f,f4dd328d39d667233483b17e4bde88e44b018a8b49d8cf951f596a3297097528,https://www.sec.gov/Archives/edgar/data/16732/000001673225000063/cpb-20250602.htm,EXACT_KEY_REVIEWED_VALIDATION_NOT_APPLY
544,2025,Q4,19197,CPB,0000016732-25-000105,SEC_8K_ITEM_2_02,2025-09-03T15:16:47Z,,,NO_TIMESTAMP_DIFFERENCE,VERIFIED,REVIEW,NONE,6a6ec90611bff0829cb0e85cbdf8c16127a265a6c5357f898e3f6f1967fb5ecc,fa322e76824b75a5017ccb387d388cd11ada6242d93b9209b1e5d672ab069b0f,https://www.sec.gov/Archives/edgar/data/16732/000001673225000105/cpb-20250903.htm,EXACT_KEY_REVIEWED_VALIDATION_NOT_APPLY
544,2026,Q1,19198,CPB,0000016732-25-000125,SEC_8K_ITEM_2_02,2025-12-09T17:16:30Z,,,NO_TIMESTAMP_DIFFERENCE,VERIFIED,REVIEW,NONE,737ee904353fd7c3d90f88fe2d04de6feb2fe6ac0cd8009b278ecbb3a6d42198,9e0218769028dddb226772fe1c5f4a5f93f15efbdf844b9ef1d7526448226a3f,https://www.sec.gov/Archives/edgar/data/16732/000001673225000125/cpb-20251209.htm,EXACT_KEY_REVIEWED_VALIDATION_NOT_APPLY
544,2026,Q2,19199,CPB,0000016732-26-000004,SEC_8K_ITEM_2_02,2026-03-11T15:17:14Z,,,NO_TIMESTAMP_DIFFERENCE,VERIFIED,REVIEW,NONE,99ba7d85dfd52a4850123fba28f204c9c061ec17cbe6d477ef5d95c647781c3e,cf394d144862e347baba472e96a073e536d22605ff6cd04d182f8b1b0401669a,https://www.sec.gov/Archives/edgar/data/16732/000001673226000004/cpb-20260311.htm,EXACT_KEY_REVIEWED_VALIDATION_NOT_APPLY
602,2025,Q2,21240,CTXR,0001213900-25-043362,SEC_8K_ITEM_2_02,2025-05-14T20:30:38Z,,,NO_TIMESTAMP_DIFFERENCE,VERIFIED,REVIEW,NONE,5e07a6c213bf38738a57da164ca25e3e976ee2f793330ecaf55b7754fc329978,cc35ae877e24c3224eb9f1c2c5228d42644a83fec8603d16771c7a3e377a1276,https://www.sec.gov/Archives/edgar/data/1506251/000121390025043362/ea0241974-8k_citius.htm,EXACT_KEY_REVIEWED_VALIDATION_NOT_APPLY
602,2025,Q3,21241,CTXR,0001213900-25-075034,SEC_8K_ITEM_2_02,2025-08-12T20:51:42Z,,,NO_TIMESTAMP_DIFFERENCE,VERIFIED,REVIEW,NONE,7c99cc9cad193aa9e3bd12d44ea95d25c87c3bfcb334f62199bf8f1c08b066ce,07c8220776ebfd1b6a463479277b68adfb6389ed3b32d167937ec478f4a91b4d,https://www.sec.gov/Archives/edgar/data/1506251/000121390025075034/ea0252899-8k_citius.htm,EXACT_KEY_REVIEWED_VALIDATION_NOT_APPLY
602,2025,Q4,21242,CTXR,0001213900-25-125413,SEC_8K_ITEM_2_02,2025-12-23T21:49:06Z,,,NO_TIMESTAMP_DIFFERENCE,VERIFIED,REVIEW,NONE,95a08344d16b77c5bc26e1543a87db9ca213062eb668e0c4c596240c3bda7789,e7872683f0706ddf7dc868ef66225677f7932cf13d8964b607f313fe53191938,https://www.sec.gov/Archives/edgar/data/1506251/000121390025125413/ea0270776-8k_citius.htm,EXACT_KEY_REVIEWED_VALIDATION_NOT_APPLY
602,2026,Q1,21243,CTXR,0001213900-26-015895,SEC_8K_ITEM_2_02,2026-02-13T13:30:27Z,,,NO_TIMESTAMP_DIFFERENCE,VERIFIED,REVIEW,NONE,949ba920e6cc9c5b2f56eae824430ec745ca6ad1ccaddc876a9fc29197d8c015,f093df590003aa2f3c09ffebe1ed68ce66eebe775a9d87bf4b08af6fb020ff09,https://www.sec.gov/Archives/edgar/data/1506251/000121390026015895/ea0276948-8k_citius.htm,EXACT_KEY_REVIEWED_VALIDATION_NOT_APPLY
636,2025,Q2,22526,DAN,0001193125-25-173087,SEC_8K_ITEM_2_02,2025-08-05T12:34:11Z,,,NO_TIMESTAMP_DIFFERENCE,VERIFIED,REVIEW,NONE,4d80a3a4557ce8c5699b29eb6aeb799b9fd41747533f367484685c16fa613c1e,a718e494adb47a608b583c15d678f08246db132c590fb91699d73e141ac19509,https://www.sec.gov/Archives/edgar/data/26780/000119312525173087/d58971d8k.htm,EXACT_KEY_REVIEWED_VALIDATION_NOT_APPLY
636,2025,Q3,22527,DAN,0001193125-25-254607,SEC_8K_ITEM_2_02,2025-10-29T11:00:19Z,,,NO_TIMESTAMP_DIFFERENCE,VERIFIED,REVIEW,NONE,5f3af87298fb5baa689840af8d6b267a936523d6a7838a6a0a98b692e7bb0ef9,3b7ee4266ad8bd60f928fed38e33887204c3fed1938c9e0ba31b94b5f2c6e4c3,https://www.sec.gov/Archives/edgar/data/26780/000119312525254607/d88911d8k.htm,EXACT_KEY_REVIEWED_VALIDATION_NOT_APPLY
636,2026,Q2,22530,DAN,0001193125-26-336664,SEC_8K_ITEM_2_02,2026-08-06T11:00:22Z,,,NO_TIMESTAMP_DIFFERENCE,VERIFIED,REVIEW,NONE,36dce86bb0cbf721bfb5ee64553983e711878d000ca4a421822568dc2aa05857,9e1223824ff7a719b5caa500455d1690d14aa522412eaddc8ebbfdddd5a75087,https://www.sec.gov/Archives/edgar/data/26780/000119312526336664/d125905d8k.htm,EXACT_KEY_REVIEWED_VALIDATION_NOT_APPLY
645,2025,Q1,22794,DBX,0001467623-25-000056,SEC_8K_ITEM_2_02,2025-05-09T00:08:55Z,,,NO_TIMESTAMP_DIFFERENCE,VERIFIED,REVIEW,NONE,dbffa77afa75852f5d2453251c2b1615d54b2a0314f3bb06f9d962d874432641,6198f4464b116f855f91edff531540f9810d13ca0a53713d402aac90bb030779,https://www.sec.gov/Archives/edgar/data/1467623/000146762325000056/dbx-20250508.htm,EXACT_KEY_REVIEWED_VALIDATION_NOT_APPLY
645,2025,Q2,22795,DBX,0001467623-25-000114,SEC_8K_ITEM_2_02,2025-08-08T00:26:55Z,,,NO_TIMESTAMP_DIFFERENCE,VERIFIED,REVIEW,NONE,db68170a094ce8bbc5262e0cf6b95e0c0143deccc3ecd79e975ad896760fa122,504df6e358fb296f9f15ec89075a20b0490968b86d43e9a1371c6c3b55a7c5de,https://www.sec.gov/Archives/edgar/data/1467623/000146762325000114/dbx-20250807.htm,EXACT_KEY_REVIEWED_VALIDATION_NOT_APPLY
645,2025,Q3,22796,DBX,0001467623-25-000127,SEC_8K_ITEM_2_02,2025-11-07T02:06:10Z,,,NO_TIMESTAMP_DIFFERENCE,VERIFIED,REVIEW,NONE,7dd386a99388d38a9561f62094554cb0619f9231aa5662430bf21e6532e0aed8,22174f5c7b43dbc3cc884793cea4f8afe75f45d9d0373d6c27697138786337b6,https://www.sec.gov/Archives/edgar/data/1467623/000146762325000127/dbx-20251106.htm,EXACT_KEY_REVIEWED_VALIDATION_NOT_APPLY
645,2025,Q4,22797,DBX,0001467623-26-000003,SEC_8K_ITEM_2_02,2026-02-20T02:13:22Z,,,NO_TIMESTAMP_DIFFERENCE,VERIFIED,REVIEW,NONE,727f957527102e64327bc7aade337e3f23eb74f9c0a112ccb893d32067ef45c8,c57f65f3146df336fbc4427a716ac0fc000bc635f36c3e759600f67cbb1c4a00,https://www.sec.gov/Archives/edgar/data/1467623/000146762326000003/dbx-20260219.htm,EXACT_KEY_REVIEWED_VALIDATION_NOT_APPLY
662,2025,Q1,23386,DFIN,0000950170-25-060560,SEC_8K_ITEM_2_02,2025-04-30T11:00:17Z,,,NO_TIMESTAMP_DIFFERENCE,VERIFIED,REVIEW,NONE,5bc59a877ded1c9d9e10e188e806e4064d76322f37fb67512b66a875b09d26ce,763189d4dc9cf7d6a9ad669e9235f44c6a0b363fb1549df53c7b125b18640f2a,https://www.sec.gov/Archives/edgar/data/1669811/000095017025060560/dfin-20250430.htm,EXACT_KEY_REVIEWED_VALIDATION_NOT_APPLY
662,2025,Q4,23389,DFIN,0001193125-26-052959,SEC_8K_ITEM_2_02,2026-02-17T12:00:29Z,,,NO_TIMESTAMP_DIFFERENCE,VERIFIED,REVIEW,NONE,5d03e4891bd39f7f1e4a0c9604dd876f5e4de4371156a55c796ce36a447f7369,b123f5b90fa435875a9b6cfc6e255771e8f449b9c119c2c8c51b2f3f80450b44,https://www.sec.gov/Archives/edgar/data/1669811/000119312526052959/dfin-20260217.htm,EXACT_KEY_REVIEWED_VALIDATION_NOT_APPLY
662,2026,Q1,23390,DFIN,0001193125-26-204994,SEC_8K_ITEM_2_02,2026-05-05T11:00:23Z,,,NO_TIMESTAMP_DIFFERENCE,VERIFIED,REVIEW,NONE,f9652046788ddda0282e653b14f62fb5199bcc10f8e4508b1a6a5c9278a54737,087a3099586633f96cda4753cd3f2e8e973bb8f69751e74e708d5d40d59b4c49,https://www.sec.gov/Archives/edgar/data/1669811/000119312526204994/dfin-20260505.htm,EXACT_KEY_REVIEWED_VALIDATION_NOT_APPLY
662,2026,Q2,23391,DFIN,0001193125-26-324858,SEC_8K_ITEM_2_02,2026-07-30T11:00:17Z,,,NO_TIMESTAMP_DIFFERENCE,VERIFIED,REVIEW,NONE,31935d004c4baf01cabe036558cc0cd1efb0e4e2429954e7de53934a4b7c5fc9,3fb4d836243356b553598eb9df0df6860bb6cd80e38539657f152a3b5c76ae6f,https://www.sec.gov/Archives/edgar/data/1669811/000119312526324858/dfin-20260730.htm,EXACT_KEY_REVIEWED_VALIDATION_NOT_APPLY
685,2025,Q1,24236,DLTR,0000935703-24-000026,SEC_8K_ITEM_2_02,2024-06-05T10:32:36Z,,,NO_TIMESTAMP_DIFFERENCE,VERIFIED,REVIEW,NONE,ae37dce87dbc94dec5647b73d549997832f1a4ba43dd4e820894b9adcf82c61b,37cc3d929af2dbae76c2620d1780f5d09c4341db20d765ebdfcaac2343e2040d,https://www.sec.gov/Archives/edgar/data/935703/000093570324000026/dltr-20240605.htm,EXACT_KEY_REVIEWED_VALIDATION_NOT_APPLY
685,2025,Q2,24237,DLTR,0000935703-24-000039,SEC_8K_ITEM_2_02,2024-09-04T10:32:22Z,,,NO_TIMESTAMP_DIFFERENCE,VERIFIED,REVIEW,NONE,abbf6d9aef6a4caaab170dcf45e526840eb4ecb400df05d8c79f93759bb88300,7ba94b5583b56a7fe746a5bf067a4d9c5ff3018998363a288594b229a0b278f2,https://www.sec.gov/Archives/edgar/data/935703/000093570324000039/dltr-20240904.htm,EXACT_KEY_REVIEWED_VALIDATION_NOT_APPLY
685,2025,Q3,24238,DLTR,0000935703-24-000057,SEC_8K_ITEM_2_02,2024-12-04T11:31:03Z,,,NO_TIMESTAMP_DIFFERENCE,VERIFIED,REVIEW,NONE,4db0923f074aa612dff575091eb970633e15a5a758437805f8ba4da77b552067,3f03bce6b53bfaf5c70ff2e19ff8263d79b63a7fbf99ee35d35bbbe84c424653,https://www.sec.gov/Archives/edgar/data/935703/000093570324000057/dltr-20241204.htm,EXACT_KEY_REVIEWED_VALIDATION_NOT_APPLY
685,2025,Q4,24239,DLTR,0000935703-25-000012,SEC_8K_ITEM_2_02,2025-03-26T10:32:08Z,,,NO_TIMESTAMP_DIFFERENCE,VERIFIED,REVIEW,NONE,b3969d0708e669a6d5f63bdf3f663ab1fbfee4f55fb80629712379be8d2920c7,c09194662396c4af257ae91b057c6a75f0b0a4a326277f563135cd15d64a2020,https://www.sec.gov/Archives/edgar/data/935703/000093570325000012/dltr-20250326.htm,EXACT_KEY_REVIEWED_VALIDATION_NOT_APPLY
685,2026,Q1,24240,DLTR,0000935703-25-000024,SEC_8K_ITEM_2_02,2025-06-04T10:31:30Z,,,NO_TIMESTAMP_DIFFERENCE,VERIFIED,REVIEW,NONE,eccdf05f50ac118d74ebb46e415afdf9eda016efe88cc485e840cc226b616b13,bcae93628982d9888a80cbd0ff58c70c6e36cc67b4a735069110609aba3ad8f8,https://www.sec.gov/Archives/edgar/data/935703/000093570325000024/dltr-20250604.htm,EXACT_KEY_REVIEWED_VALIDATION_NOT_APPLY
685,2026,Q2,24241,DLTR,0000935703-25-000060,SEC_8K_ITEM_2_02,2025-09-03T10:32:16Z,,,NO_TIMESTAMP_DIFFERENCE,VERIFIED,REVIEW,NONE,44393660c162b4a21f30c17d6213c6917902f5979f4bf3e234030bae98de37bf,e0dc148c4e8ba282f77c8cae738f10377f353aa6e248b51dccc3887c0df39d25,https://www.sec.gov/Archives/edgar/data/935703/000093570325000060/dltr-20250903.htm,EXACT_KEY_REVIEWED_VALIDATION_NOT_APPLY
685,2026,Q3,24242,DLTR,0000935703-25-000104,SEC_8K_ITEM_2_02,2025-12-03T11:30:30Z,,,NO_TIMESTAMP_DIFFERENCE,VERIFIED,REVIEW,NONE,e5154c565552a2b81843d69eac08c8e91f75565d8d457e827276622a7165566d,0524ee40d45de52386cad3e35a59bfb9bc2cd7710a9934c8f073d38eb15f64a7,https://www.sec.gov/Archives/edgar/data/935703/000093570325000104/dltr-20251203.htm,EXACT_KEY_REVIEWED_VALIDATION_NOT_APPLY
685,2026,Q4,24243,DLTR,0000935703-26-000024,SEC_8K_ITEM_2_02,2026-03-16T10:30:32Z,,,NO_TIMESTAMP_DIFFERENCE,VERIFIED,REVIEW,NONE,76210602ec6c72b699ed9d63ff48e27bbbe027387837edca28c188ae8c650363,afeaf8862d29b767865291218ff2c900079e63fd32c6e6b47c0dd1b16f83d1ac,https://www.sec.gov/Archives/edgar/data/935703/000093570326000024/dltr-20260316.htm,EXACT_KEY_REVIEWED_VALIDATION_NOT_APPLY
697,2025,Q1,24635,DOCS,0001516513-24-000062,SEC_8K_ITEM_2_02,2024-08-09T00:04:28Z,,,NO_TIMESTAMP_DIFFERENCE,VERIFIED,REVIEW,NONE,6eba981b786101e1392f83008b2d5db0d85d228dd900a90cedec080ba802ddc3,41f54c88749279778b9031bd700e641aae9677e2a86187e5f75a5a74562473c3,https://www.sec.gov/Archives/edgar/data/1516513/000151651324000062/docs-20240808.htm,EXACT_KEY_REVIEWED_VALIDATION_NOT_APPLY
697,2025,Q2,24636,DOCS,0001516513-24-000100,SEC_8K_ITEM_2_02,2024-11-08T02:04:41Z,,,NO_TIMESTAMP_DIFFERENCE,VERIFIED,REVIEW,NONE,900a61f3daed0a2bbb3b5fdeba52598fca3fc2e425b559ce75cf711fb529797f,d7db7a0ca3a106045c93e0b97d1f39a058219653ae45423cf48c1fe6a17bc3b9,https://www.sec.gov/Archives/edgar/data/1516513/000151651324000100/docs-20241107.htm,EXACT_KEY_REVIEWED_VALIDATION_NOT_APPLY
697,2025,Q3,24637,DOCS,0001516513-25-000009,SEC_8K_ITEM_2_02,2025-02-07T02:04:34Z,,,NO_TIMESTAMP_DIFFERENCE,VERIFIED,REVIEW,NONE,cca2c732b7a31070e7cc7518898bd4b2d0de8523b1c9ab2ae56224671853ff56,70e9220717c4d1554b6a1fe06d4905ce80602436ff705d03a2c4a2ce7ce43f26,https://www.sec.gov/Archives/edgar/data/1516513/000151651325000009/docs-20250206.htm,EXACT_KEY_REVIEWED_VALIDATION_NOT_APPLY
697,2025,Q4,24638,DOCS,0001516513-25-000044,SEC_8K_ITEM_2_02,2025-05-16T00:04:25Z,,,NO_TIMESTAMP_DIFFERENCE,VERIFIED,REVIEW,NONE,80c039480f6fcecc8bb79fc70bc8843a34056356baadf786789b684f73315645,f718e5c579af7e4ebe28b3f0ba84265534be91aebce625839eb7e4e2bac2b8d5,https://www.sec.gov/Archives/edgar/data/1516513/000151651325000044/docs-20250515.htm,EXACT_KEY_REVIEWED_VALIDATION_NOT_APPLY
697,2026,Q1,24639,DOCS,0001516513-25-000092,SEC_8K_ITEM_2_02,2025-08-08T00:07:58Z,,,NO_TIMESTAMP_DIFFERENCE,VERIFIED,REVIEW,NONE,532a49c25a7efa25d466af401e7613a73ad46e9c15a7e14db25e140f50518cb5,5acb2c52123dc57c155e4f8f76e64e3d11e0a100a20e890a683e6c3aa78fed4c,https://www.sec.gov/Archives/edgar/data/1516513/000151651325000092/docs-20250807.htm,EXACT_KEY_REVIEWED_VALIDATION_NOT_APPLY
697,2026,Q2,24640,DOCS,0001516513-25-000110,SEC_8K_ITEM_2_02,2025-11-07T02:08:15Z,,,NO_TIMESTAMP_DIFFERENCE,VERIFIED,REVIEW,NONE,c2644cc9074a62d12157ba4f65824c7ae2d3a0259b96c8ca475edaba494a90e3,f19179ca9c59878b8b856a3c08260f8b594a3da3e6a4aa598539edbd04706396,https://www.sec.gov/Archives/edgar/data/1516513/000151651325000110/docs-20251106.htm,EXACT_KEY_REVIEWED_VALIDATION_NOT_APPLY
697,2026,Q3,24641,DOCS,0001516513-26-000004,SEC_8K_ITEM_2_02,2026-02-06T02:03:25Z,,,NO_TIMESTAMP_DIFFERENCE,VERIFIED,REVIEW,NONE,bea0b93092111e756a923a8e01d2c8856d03d78448632c21f276e718e0956bb8,394215aefce37671128a109d9050343edcc7caa97ceb93c0ce559673ab255753,https://www.sec.gov/Archives/edgar/data/1516513/000151651326000004/docs-20260203.htm,EXACT_KEY_REVIEWED_VALIDATION_NOT_APPLY
697,2026,Q4,24642,DOCS,0001516513-26-000017,SEC_8K_ITEM_2_02,2026-05-14T00:04:36Z,,,NO_TIMESTAMP_DIFFERENCE,VERIFIED,REVIEW,NONE,61aa48928c35c47c4f73b791403195b7201c93e0684b9f1f66fb060c16154d4e,c30783363c128f2e6ef855356e9f88808cd5e73917b818dc8dfe6371a95fa3ce,https://www.sec.gov/Archives/edgar/data/1516513/000151651326000017/docs-20260513.htm,EXACT_KEY_REVIEWED_VALIDATION_NOT_APPLY
697,2027,Q1,24643,DOCS,0001516513-26-000038,SEC_8K_ITEM_2_02,2026-08-07T00:04:42Z,,,NO_TIMESTAMP_DIFFERENCE,VERIFIED,REVIEW,NONE,0a9be09bcd190fdfbf27c7883f22b8a7fc659ed35951d708a5f3a2c398c176fc,918043acb58357ed9174f29d6e8d1e50b0a1847c606122cbc40bcfc0448f7c89,https://www.sec.gov/Archives/edgar/data/1516513/000151651326000038/docs-20260806.htm,EXACT_KEY_REVIEWED_VALIDATION_NOT_APPLY
701,2025,Q1,24770,DORM,0000868780-25-000014,SEC_8K_ITEM_2_02,2025-05-05T20:06:31Z,,,NO_TIMESTAMP_DIFFERENCE,VERIFIED,REVIEW,NONE,9bb4549e64faa5cb9f343bf16ab4b4327bdbb579f804a6cee82e17223a176bec,154152cbd954ec832a3545d048d0d7cd5b2276134cd007c4715b4172316f2e6d,https://www.sec.gov/Archives/edgar/data/868780/000086878025000014/dorm-20250505.htm,EXACT_KEY_REVIEWED_VALIDATION_NOT_APPLY
701,2025,Q2,24771,DORM,0000868780-25-000041,SEC_8K_ITEM_2_02,2025-08-04T20:02:34Z,,,NO_TIMESTAMP_DIFFERENCE,VERIFIED,REVIEW,NONE,a325d1a8c367e1cf8cc5589e5bbcee10375cd3ff22dea981ddc9ece3f6bfa6b9,f18d34a0843bcb7dcd00de06f4f33276935707330fedf853309867430bea0567,https://www.sec.gov/Archives/edgar/data/868780/000086878025000041/dorm-20250804.htm,EXACT_KEY_REVIEWED_VALIDATION_NOT_APPLY
701,2025,Q3,24772,DORM,0000868780-25-000051,SEC_8K_ITEM_2_02,2025-10-27T20:04:23Z,,,NO_TIMESTAMP_DIFFERENCE,VERIFIED,REVIEW,NONE,9d77dd425f8d2d68eb82e59c6e92a71c48c24ec3783a2430f7d7a243e40c9ce3,4ac9f3d3f25951c148c144b3a42327a2628736857e995a51d06eb2086f90f5ed,https://www.sec.gov/Archives/edgar/data/868780/000086878025000051/dorm-20251027.htm,EXACT_KEY_REVIEWED_VALIDATION_NOT_APPLY
701,2025,Q4,24773,DORM,0000868780-26-000010,SEC_8K_ITEM_2_02,2026-02-25T21:03:46Z,,,NO_TIMESTAMP_DIFFERENCE,VERIFIED,REVIEW,NONE,4cf689bcde93919e7002a325ece4d9044d769322ec28ecfa9db80cfed0553cc6,650660edceaab27fd58c27bd0e28e87ee8820c860ff8f831b71298d04049601d,https://www.sec.gov/Archives/edgar/data/868780/000086878026000010/dorm-20260225.htm,EXACT_KEY_REVIEWED_VALIDATION_NOT_APPLY
701,2026,Q1,24774,DORM,0000868780-26-000022,SEC_8K_ITEM_2_02,2026-05-04T20:02:46Z,,,NO_TIMESTAMP_DIFFERENCE,VERIFIED,REVIEW,NONE,183a86d331e024e2b127fc114ebac11ca3ac1239818d0eb59d7725c3c9d99dbb,7d00290399352f631ae5498894cc037287513e8a5a6546b45a1fc96aad5b8b03,https://www.sec.gov/Archives/edgar/data/868780/000086878026000022/dorm-20260504.htm,EXACT_KEY_REVIEWED_VALIDATION_NOT_APPLY
701,2026,Q2,24775,DORM,0000868780-26-000037,SEC_8K_ITEM_2_02,2026-08-03T20:32:43Z,,,NO_TIMESTAMP_DIFFERENCE,VERIFIED,REVIEW,NONE,a895ecb2334b7926d4904baa8d147a5c25adc9ef66d37827a3faa0077b9186d3,09a021f293b97e764369139d9c2af2dc6a97d595bf5a93c8d90f5e31a07c86c5,https://www.sec.gov/Archives/edgar/data/868780/000086878026000037/dorm-20260803.htm,EXACT_KEY_REVIEWED_VALIDATION_NOT_APPLY
707,2025,Q1,24986,DRI,0000940944-24-000044,SEC_8K_ITEM_2_02,2024-09-19T15:05:59Z,,,NO_TIMESTAMP_DIFFERENCE,VERIFIED,REVIEW,NONE,09ed2358121d182111b1d8223b9a1e9f678d667804895c12b694de304968aff6,ecb887b3d5d7074ca9a87b422c393119fefd4bbbcca63de5664da23d6ef4e94f,https://www.sec.gov/Archives/edgar/data/940944/000094094424000044/dri-20240919.htm,EXACT_KEY_REVIEWED_VALIDATION_NOT_APPLY
707,2025,Q2,24987,DRI,0000940944-24-000078,SEC_8K_ITEM_2_02,2024-12-19T17:07:58Z,,,NO_TIMESTAMP_DIFFERENCE,VERIFIED,REVIEW,NONE,900596dbca034acfa72964f0ff92da51be3261d73ec30aa06cdb355e6448b773,3ec1e9cd2e71d15a776cace15c2eea7d2a513d6bf32164f03eb826937c2649f9,https://www.sec.gov/Archives/edgar/data/940944/000094094424000078/dri-20241219.htm,EXACT_KEY_REVIEWED_VALIDATION_NOT_APPLY
707,2025,Q3,24988,DRI,0000940944-25-000011,SEC_8K_ITEM_2_02,2025-03-20T15:04:06Z,,,NO_TIMESTAMP_DIFFERENCE,VERIFIED,REVIEW,NONE,aba3f3bd4d168199ec4ec5ac61a50771a69b3b7252d62bd294ae77cb838694db,1a35c70063efaa20fc2ccfc435011180c4958b60ee8f3ad063038d15659b9231,https://www.sec.gov/Archives/edgar/data/940944/000094094425000011/dri-20250320.htm,EXACT_KEY_REVIEWED_VALIDATION_NOT_APPLY
707,2025,Q4,24989,DRI,0000940944-25-000028,SEC_8K_ITEM_2_02,2025-06-20T15:04:25Z,,,NO_TIMESTAMP_DIFFERENCE,VERIFIED,REVIEW,NONE,b36720285587cdf8ce7c61b4c55fc3c679dc4d968bebb941fba489f27709690e,ac71a5fccd0b3e2a15a0393753d6ef5898e0ac1550fa43efc07df77f295da0a3,https://www.sec.gov/Archives/edgar/data/940944/000094094425000028/dri-20250613.htm,EXACT_KEY_REVIEWED_VALIDATION_NOT_APPLY
707,2026,Q1,24990,DRI,0000940944-25-000045,SEC_8K_ITEM_2_02,2025-09-18T15:05:51Z,,,NO_TIMESTAMP_DIFFERENCE,VERIFIED,REVIEW,NONE,aacd3c7296315f0333f4192b59f9349686f60a268ecb100b28de91d41a79ba89,d24a1554941892eee2d91c8cae4f7059474fef492f3622ed4020671cfe0e445a,https://www.sec.gov/Archives/edgar/data/940944/000094094425000045/dri-20250918.htm,EXACT_KEY_REVIEWED_VALIDATION_NOT_APPLY
707,2026,Q2,24991,DRI,0000940944-25-000067,SEC_8K_ITEM_2_02,2025-12-18T17:07:22Z,,,NO_TIMESTAMP_DIFFERENCE,VERIFIED,REVIEW,NONE,da4e8601d55974fa1ab8ad2bed420213f9f6eb18c6cf1065e0c1800dc6e2f19e,0d53e271e68ed8ee1b72c4225a29b6235ab004882065ac47ec32158bc878e990,https://www.sec.gov/Archives/edgar/data/940944/000094094425000067/dri-20251218.htm,EXACT_KEY_REVIEWED_VALIDATION_NOT_APPLY
707,2026,Q3,24992,DRI,0000940944-26-000005,SEC_8K_ITEM_2_02,2026-03-19T15:06:37Z,,,NO_TIMESTAMP_DIFFERENCE,VERIFIED,REVIEW,NONE,14c9c2440ea4a650bb62106e10a9a586b7a56276d46e51958ef5c0937701b4cc,79b906ec6d0b66e51cc879d8b6242825ee8d9f8f425b81d77edaddb34b8a0907,https://www.sec.gov/Archives/edgar/data/940944/000094094426000005/dri-20260319.htm,EXACT_KEY_REVIEWED_VALIDATION_NOT_APPLY
708,2025,Q1,25012,DRS,0001628280-25-021328,SEC_8K_ITEM_2_02,2025-05-01T11:37:02Z,,,NO_TIMESTAMP_DIFFERENCE,VERIFIED,REVIEW,NONE,e2317fba6b6710c44577137fba85ad87c3ccd230c4deda08fa531de2c2f7188b,c36a53a89d628de4e0c63101e175eec2f392db71ac87cab56d4f8815d450acab,https://www.sec.gov/Archives/edgar/data/1833756/000162828025021328/drs-20250501.htm,EXACT_KEY_REVIEWED_VALIDATION_NOT_APPLY
708,2025,Q2,25013,DRS,0001628280-25-036557,SEC_8K_ITEM_2_02,2025-07-30T11:32:02Z,,,NO_TIMESTAMP_DIFFERENCE,VERIFIED,REVIEW,NONE,7ffb102c222043ddd943fe9c2213842d55e55631a9b0f77e8f4fc64e5a4457a8,66c2ce30e81c3534152e8389a749b152827a7ff7a8444d2b79ebf47686e78fd7,https://www.sec.gov/Archives/edgar/data/1833756/000162828025036557/drs-20250730.htm,EXACT_KEY_REVIEWED_VALIDATION_NOT_APPLY
708,2025,Q3,25014,DRS,0001833756-25-000007,SEC_8K_ITEM_2_02,2025-10-29T11:31:20Z,,,NO_TIMESTAMP_DIFFERENCE,VERIFIED,REVIEW,NONE,a56af41cdd868d6e1c02a677ec3ce5e722b020af231006cc0fc26f89b7f62717,2baee5777575f54a5b7f5b1270e5f2c5583ce87d15ded15634032646f492c1f6,https://www.sec.gov/Archives/edgar/data/1833756/000183375625000007/drs-20251029.htm,EXACT_KEY_REVIEWED_VALIDATION_NOT_APPLY
708,2025,Q4,25015,DRS,0001833756-26-000009,SEC_8K_ITEM_2_02,2026-02-24T12:29:32Z,,,NO_TIMESTAMP_DIFFERENCE,VERIFIED,REVIEW,NONE,98f1513b3337d45809163fb25dbd7b26918a61dd0ced9c9b17e2f2616791fe5f,cbcc785c1b7f1e806e6ef94d7fe5fa3e7eff00b58928232671b16966011df83e,https://www.sec.gov/Archives/edgar/data/1833756/000183375626000009/drs-20260224.htm,EXACT_KEY_REVIEWED_VALIDATION_NOT_APPLY
708,2026,Q1,25016,DRS,0001833756-26-000023,SEC_8K_ITEM_2_02,2026-05-05T11:30:09Z,,,NO_TIMESTAMP_DIFFERENCE,VERIFIED,REVIEW,NONE,a0361c3a002abbd0f80facdd5d1e2bbb999a62dfcb21fa601ca8ca71e4c770ac,ff75aeb2021e475f6b7ae55dd6aa87331f3c3410c8946ab70c9bd1b14cc806e7,https://www.sec.gov/Archives/edgar/data/1833756/000183375626000023/drs-20260505.htm,EXACT_KEY_REVIEWED_VALIDATION_NOT_APPLY
708,2026,Q2,25017,DRS,0001833756-26-000037,SEC_8K_ITEM_2_02,2026-07-30T11:29:35Z,,,NO_TIMESTAMP_DIFFERENCE,VERIFIED,REVIEW,NONE,ffd851454145771fa27a8c99fddbf43a5d24b05c70939030e090cc2f7ab7e25d,8cc522e7fe04ac5cf7a19a2e505e091817b2036bc0e209df547d49760991c24e,https://www.sec.gov/Archives/edgar/data/1833756/000183375626000037/drs-20260730.htm,EXACT_KEY_REVIEWED_VALIDATION_NOT_APPLY
728,2025,Q1,25669,DY,0000067215-24-000023,SEC_8K_ITEM_2_02,2024-05-22T14:04:56Z,,,NO_TIMESTAMP_DIFFERENCE,VERIFIED,REVIEW,NONE,dfb0270867baffb76e19f0ba43708001e3419d6858cdf58587f56a7c7a326cab,89c25fdfa2d38b9d586f8e7dffbd68a3d05b45675e58a5bd2d323bac8fcb1a9f,https://www.sec.gov/Archives/edgar/data/67215/000006721524000023/dy-20240522.htm,EXACT_KEY_REVIEWED_VALIDATION_NOT_APPLY
728,2025,Q2,25670,DY,0000067215-24-000035,SEC_8K_ITEM_2_02,2024-08-21T14:03:24Z,,,NO_TIMESTAMP_DIFFERENCE,VERIFIED,REVIEW,NONE,52f811c37e818b4b4eba668a9dcbd24601c5688fe77cfbe98f2f39ed2ada513e,a50ce8a723b155ed56845d1d716137c80786f51ce0407d0223dfcc1d7509a6e1,https://www.sec.gov/Archives/edgar/data/67215/000006721524000035/dy-20240821.htm,EXACT_KEY_REVIEWED_VALIDATION_NOT_APPLY
728,2026,Q4,25676,DY,0000067215-26-000004,SEC_8K_ITEM_2_02,2026-03-04T17:02:46Z,,,NO_TIMESTAMP_DIFFERENCE,VERIFIED,REVIEW,NONE,64efb729106c2d9c7f8528f91a32cbb8513cc3eb7a2d55cb8fe7258f840041fe,22f7cb649bf5e8725c34bfab7948e2b4438285a00951dd1f09a460e86e5416bd,https://www.sec.gov/Archives/edgar/data/67215/000006721526000004/dy-20260304.htm,EXACT_KEY_REVIEWED_VALIDATION_NOT_APPLY
731,2025,Q1,25778,EAT,0000703351-24-000035,SEC_8K_ITEM_2_02,2024-10-30T12:04:46Z,,,NO_TIMESTAMP_DIFFERENCE,VERIFIED,REVIEW,NONE,12a75096dc7f0b5daacf87b3c96f8608f9f2e874d92eb72c83db85bf7aa00215,553f74b8b886e79a16f4f0649cda9b13dec8195192fd78a29f94f9c82e02b62f,https://www.sec.gov/Archives/edgar/data/703351/000070335124000035/eat-20241030.htm,EXACT_KEY_REVIEWED_VALIDATION_NOT_APPLY
731,2025,Q2,25779,EAT,0000703351-25-000004,SEC_8K_ITEM_2_02,2025-01-29T13:08:31Z,,,NO_TIMESTAMP_DIFFERENCE,VERIFIED,REVIEW,NONE,c07f1b693d473f54679544a0b30a70523cd5199ab2f344fd326b7395e81a31ce,909ee21ffd50b9e388c9e32b9774388fe92b0e67bb96b344735218322a30b973,https://www.sec.gov/Archives/edgar/data/703351/000070335125000004/eat-20250129.htm,EXACT_KEY_REVIEWED_VALIDATION_NOT_APPLY
731,2025,Q3,25780,EAT,0000703351-25-000016,SEC_8K_ITEM_2_02,2025-04-29T12:07:40Z,,,NO_TIMESTAMP_DIFFERENCE,VERIFIED,REVIEW,NONE,697055e9f7537da08dcc0c356a95cc1ff7a7627e8bbb4b4782920537483f298a,1f4db5affe902dffadcb78d604dd974bd41b39cfd30c1b784cc1d712d17a594e,https://www.sec.gov/Archives/edgar/data/703351/000070335125000016/eat-20250429.htm,EXACT_KEY_REVIEWED_VALIDATION_NOT_APPLY
731,2025,Q4,25781,EAT,0000703351-25-000032,SEC_8K_ITEM_2_02,2025-08-13T12:08:52Z,,,NO_TIMESTAMP_DIFFERENCE,VERIFIED,REVIEW,NONE,766154d5fd8e368280d31b20b7b4544b78aafe745396d1a82c2a46dd7288c6c6,5d3ab9b8045fd0c5db177b820341bf4d446503e50da1ce08c37e9a3df701aa73,https://www.sec.gov/Archives/edgar/data/703351/000070335125000032/eat-20250807.htm,EXACT_KEY_REVIEWED_VALIDATION_NOT_APPLY
731,2026,Q1,25782,EAT,0000703351-25-000044,SEC_8K_ITEM_2_02,2025-10-29T12:06:01Z,,,NO_TIMESTAMP_DIFFERENCE,VERIFIED,REVIEW,NONE,3b45807a5faefc7875aab37bfdc2175af8e607f00b92b498ad8328406f15b15c,2ac1041a4978f982a6383b9d4bcdb7f1797152f4b5898c12ce873be10e10e600,https://www.sec.gov/Archives/edgar/data/703351/000070335125000044/eat-20251029.htm,EXACT_KEY_REVIEWED_VALIDATION_NOT_APPLY
731,2026,Q2,25783,EAT,0000703351-26-000004,SEC_8K_ITEM_2_02,2026-01-28T13:01:54Z,,,NO_TIMESTAMP_DIFFERENCE,VERIFIED,REVIEW,NONE,f02bd0ae50f58e5d83fa3b3ca173ef348f5e22199b41cf551829dc2b7c21a084,38b70258e5b9226b2a98c6dfcd65af591dc19083d3a79c7227785ce787eabbfc,https://www.sec.gov/Archives/edgar/data/703351/000070335126000004/eat-20260128.htm,EXACT_KEY_REVIEWED_VALIDATION_NOT_APPLY
754,2025,Q2,26636,ELDN,0001193125-25-180820,SEC_8K_ITEM_2_02,2025-08-14T20:30:29Z,,,NO_TIMESTAMP_DIFFERENCE,VERIFIED,REVIEW,NONE,ffc287dcde7320d23cd30f275d52c9e33fbd4c53c8471f907b87bb57a649be78,7bd88e0db32fae23b5535a5c77f93b7a3d286b0b0499e51dd5c75366cfc7f8a3,https://www.sec.gov/Archives/edgar/data/1404281/000119312525180820/eldn-20250811.htm,EXACT_KEY_REVIEWED_VALIDATION_NOT_APPLY
763,2025,Q1,26949,EMR,0000032604-25-000011,SEC_8K_ITEM_2_02,2025-02-05T11:53:35Z,,,NO_TIMESTAMP_DIFFERENCE,VERIFIED,REVIEW,NONE,073d4d58c27e02b30c801b64d79b23a357b5f12147029f4104071c5a3a321667,e72eba8fb7dbf7a723654511369380e725257a86eb06df424d1368915ab8fcb8,https://www.sec.gov/Archives/edgar/data/32604/000003260425000011/emr-20250205.htm,EXACT_KEY_REVIEWED_VALIDATION_NOT_APPLY
763,2025,Q2,26950,EMR,0000032604-25-000061,SEC_8K_ITEM_2_02,2025-05-07T10:53:35Z,,,NO_TIMESTAMP_DIFFERENCE,VERIFIED,REVIEW,NONE,f8eca725761b253bfb9ad163118070c5092fa19ca5dbf652ab5080f945502446,d3cc8d2cd5cab85a70d7242a579be1cabf5280fb09b1ee56446f15ca78af2afc,https://www.sec.gov/Archives/edgar/data/32604/000003260425000061/emr-20250507.htm,EXACT_KEY_REVIEWED_VALIDATION_NOT_APPLY
763,2026,Q1,26953,EMR,0000032604-26-000006,SEC_8K_ITEM_2_02,2026-02-03T21:05:35Z,,,NO_TIMESTAMP_DIFFERENCE,VERIFIED,REVIEW,NONE,de84c0b4f9baa9a126f91ba6847029fac450917e0fa69465c5b6f1e15ad481c2,84cc8f05e62f29ea179c027a0e25d458a1d26169bcf3dcac4bdf52bc809e5242,https://www.sec.gov/Archives/edgar/data/32604/000003260426000006/emr-20260203.htm,EXACT_KEY_REVIEWED_VALIDATION_NOT_APPLY
763,2026,Q2,26954,EMR,0000032604-26-000034,SEC_8K_ITEM_2_02,2026-05-05T20:06:11Z,,,NO_TIMESTAMP_DIFFERENCE,VERIFIED,REVIEW,NONE,e4033007b9c1c6b1921590b2168ec03f6a7c9af62b604cb28c9fcb829d6b8f22,6d7ca1800a9e92aef9a95e4d9d1e18fecac84a1a93602da0fc2f545ed8e3294a,https://www.sec.gov/Archives/edgar/data/32604/000003260426000034/emr-20260505.htm,EXACT_KEY_REVIEWED_VALIDATION_NOT_APPLY
763,2026,Q3,26955,EMR,0000032604-26-000042,SEC_8K_ITEM_2_02,2026-08-04T20:05:37Z,,,NO_TIMESTAMP_DIFFERENCE,VERIFIED,REVIEW,NONE,0118c7758ed72fbe8eabf0ee1acaf926f123967d3d0ac71f39a0637f4a3e2895,47d3d49ac4cce416933ea645bf55afdec2b83fd0aba1c6d1118c525dbbbcf943,https://www.sec.gov/Archives/edgar/data/32604/000003260426000042/emr-20260804.htm,EXACT_KEY_REVIEWED_VALIDATION_NOT_APPLY
780,2025,Q1,27583,EPC,0001628280-25-004510,SEC_8K_ITEM_2_02,2025-02-10T11:18:19Z,,,NO_TIMESTAMP_DIFFERENCE,VERIFIED,REVIEW,NONE,7c5c3b607359a35e94e2fe91aec43a5db5d7b86b5479164baaba91397eed5691,f0ae86f9a5619ba0da595421ef4fbf4ac2c2f98f7ffbc52e2b10dccd960be995,https://www.sec.gov/Archives/edgar/data/1096752/000162828025004510/epc-20250206.htm,EXACT_KEY_REVIEWED_VALIDATION_NOT_APPLY
780,2025,Q2,27584,EPC,0001628280-25-022844,SEC_8K_ITEM_2_02,2025-05-07T10:06:10Z,,,NO_TIMESTAMP_DIFFERENCE,VERIFIED,REVIEW,NONE,d5de3f9865bdc97421fbda8273e5dce1ed42b15dd03c4980a362bb3fa00393c4,93374d5dd5a084abfeb2ad791ad61fb6cae53860f673f55363f0c0194333401e,https://www.sec.gov/Archives/edgar/data/1096752/000162828025022844/epc-20250507.htm,EXACT_KEY_REVIEWED_VALIDATION_NOT_APPLY
780,2025,Q3,27585,EPC,0001628280-25-037579,SEC_8K_ITEM_2_02,2025-08-05T10:11:29Z,,,NO_TIMESTAMP_DIFFERENCE,VERIFIED,REVIEW,NONE,e916fd344e77d27cb5f569b9d634c7793f639d186649ea15f457b036d001cee1,afddebe97647d1ae614b42e8091339598aa881d678eea15c4429dcf686dd08be,https://www.sec.gov/Archives/edgar/data/1096752/000162828025037579/epc-20250805.htm,EXACT_KEY_REVIEWED_VALIDATION_NOT_APPLY
780,2026,Q2,27588,EPC,0001628280-26-030870,SEC_8K_ITEM_2_02,2026-05-06T10:14:58Z,,,NO_TIMESTAMP_DIFFERENCE,VERIFIED,REVIEW,NONE,f1a0e791b441dd0fd1e5ebeb9de0e768a60ab35fbe31d71abec7d069f84fed47,4f70ad49591ea9fc095ef497a6778d155a9a62f7b13fab0ffa52bbb7d699a8d1,https://www.sec.gov/Archives/edgar/data/1096752/000162828026030870/epc-20260506.htm,EXACT_KEY_REVIEWED_VALIDATION_NOT_APPLY
780,2026,Q3,27589,EPC,0001628280-26-052881,SEC_8K_ITEM_2_02,2026-08-05T10:10:48Z,,,NO_TIMESTAMP_DIFFERENCE,VERIFIED,REVIEW,NONE,fd7a9236537521c2bbbdeef1887884e1a947f50c27c1a9f58637d317f8f859fc,aa7d2916f53f4f4ee6a4735be929b7eee3466ff47d37d0e86a8cc954dff8f6f4,https://www.sec.gov/Archives/edgar/data/1096752/000162828026052881/epc-20260805.htm,EXACT_KEY_REVIEWED_VALIDATION_NOT_APPLY
783,2025,Q1,27700,EPRT,0001728951-25-000080,SEC_8K_ITEM_2_02,2025-04-23T20:17:20Z,,,NO_TIMESTAMP_DIFFERENCE,VERIFIED,REVIEW,NONE,bb51cb1d64714549620b2ae3aa2f20d282657c6403760cd9fc157f8849fe5290,e9be686b7d55ba1bc6ed035f0b452d7939dc421cd20fd59b03b4d1c91f809521,https://www.sec.gov/Archives/edgar/data/1728951/000172895125000080/eprt-20250423.htm,EXACT_KEY_REVIEWED_VALIDATION_NOT_APPLY
783,2025,Q2,27701,EPRT,0001728951-25-000146,SEC_8K_ITEM_2_02,2025-07-23T20:34:53Z,,,NO_TIMESTAMP_DIFFERENCE,VERIFIED,REVIEW,NONE,cee564a1798712a712626a1a1536fef470359636f0be1f4028d7361c0ccd3daf,1f32385112a905e4bcc727d3f8705b76889a91a025cc10438e7b7debae398319,https://www.sec.gov/Archives/edgar/data/1728951/000172895125000146/eprt-20250723.htm,EXACT_KEY_REVIEWED_VALIDATION_NOT_APPLY
783,2025,Q3,27702,EPRT,0001728951-25-000175,SEC_8K_ITEM_2_02,2025-10-22T20:11:15Z,,,NO_TIMESTAMP_DIFFERENCE,VERIFIED,REVIEW,NONE,e76152f460c8fdd419f2b378738745981ef523867f16ee7ddc33698274de8c8b,ba15a1be3156d8c3299bb5e89decec0644fe0bb803691952b0dff174265e2e7a,https://www.sec.gov/Archives/edgar/data/1728951/000172895125000175/eprt-20251022.htm,EXACT_KEY_REVIEWED_VALIDATION_NOT_APPLY
783,2025,Q4,27703,EPRT,0001728951-26-000004,SEC_8K_ITEM_2_02,2026-02-11T21:19:19Z,,,NO_TIMESTAMP_DIFFERENCE,VERIFIED,REVIEW,NONE,f955d14c6e464d7439bb2d1a17afb943fa27832917e85f349df086eeeb5d83a7,dda0aa997a06f6815ef8db6ee148e149b4c220118e69f888fb3f81debc437ae8,https://www.sec.gov/Archives/edgar/data/1728951/000172895126000004/eprt-20260211.htm,EXACT_KEY_REVIEWED_VALIDATION_NOT_APPLY
783,2026,Q1,27704,EPRT,0001728951-26-000028,SEC_8K_ITEM_2_02,2026-04-22T20:13:20Z,,,NO_TIMESTAMP_DIFFERENCE,VERIFIED,REVIEW,NONE,848c8d064edc9af42d61a40c757ae2908486bbd01c67de3a36cab90784be7c30,3738eab13f503004f9ea546270e1e98f41bf6e2f0d04565f8a2ba9131d01fbd6,https://www.sec.gov/Archives/edgar/data/1728951/000172895126000028/eprt-20260422.htm,EXACT_KEY_REVIEWED_VALIDATION_NOT_APPLY
783,2026,Q2,27705,EPRT,0001728951-26-000049,SEC_8K_ITEM_2_02,2026-07-22T20:16:42Z,,,NO_TIMESTAMP_DIFFERENCE,VERIFIED,REVIEW,NONE,fdfbab55c92bb85e8afaccc94334887a2938bdee47d9693b11a76a962064a5e5,167c1b45961b625f565996fca696624c7ff883bbe0df8ed80f2895c5ce40fa67,https://www.sec.gov/Archives/edgar/data/1728951/000172895126000049/eprt-20260722.htm,EXACT_KEY_REVIEWED_VALIDATION_NOT_APPLY
784,2025,Q2,27733,EPSN,0001558370-25-011397,SEC_8K_ITEM_2_02,2025-08-13T20:39:37Z,,,NO_TIMESTAMP_DIFFERENCE,VERIFIED,REVIEW,NONE,2b1d7309929a24391a9e93173cffb0650a8dd73c9acca55983447c0fb4bbf405,dbc9b490cd1f47149ddcaa5cf672704770450fce60942379773233a4dc240170,https://www.sec.gov/Archives/edgar/data/1726126/000155837025011397/epsn-20250811x8k.htm,EXACT_KEY_REVIEWED_VALIDATION_NOT_APPLY
806,2026,Q2,28567,ETSY,0001370637-26-000079,SEC_8K_ITEM_2_02,2026-08-06T00:06:57Z,,,NO_TIMESTAMP_DIFFERENCE,VERIFIED,REVIEW,NONE,42e8f9d8160cd3d8a3844d0c20e1f09df6d38bc162828ef3159098c16d5da919,13d5a34ac33272448066503d76fa97b9c8f1537670cc4b29c8e0eeabb76bd9b0,https://www.sec.gov/Archives/edgar/data/1370637/000137063726000079/etsy-20260803.htm,EXACT_KEY_REVIEWED_VALIDATION_NOT_APPLY
835,2026,Q2,29570,FAST,0000815556-26-000037,SEC_8K_ITEM_2_02,2026-07-14T12:01:18Z,,,NO_TIMESTAMP_DIFFERENCE,VERIFIED,REVIEW,NONE,b41d8fb3286f91fdafca73f04c630af815f502e9e898ef326dda0f4357f04ec3,795688e7ee33aadb3d23fe2a5731944299de7c6437a6131059eb493c9b1b68e6,https://www.sec.gov/Archives/edgar/data/815556/000081555626000037/fast-20260714.htm,EXACT_KEY_REVIEWED_VALIDATION_NOT_APPLY
852,2025,Q1,30226,FF,0001437749-25-016124,SEC_8K_ITEM_2_02,2025-05-12T20:15:16Z,,,NO_TIMESTAMP_DIFFERENCE,VERIFIED,REVIEW,NONE,4f00a4972a9bb7da78a67aedb1c038f66c31fe1413168719ac8933c85286f1ae,f20d59891c67c076506490b3aa480f95204ddc86e6d7a2a62fce97ebcee47784,https://www.sec.gov/Archives/edgar/data/1337298/000143774925016124/ff20250415_8k.htm,EXACT_KEY_REVIEWED_VALIDATION_NOT_APPLY
852,2025,Q2,30227,FF,0001437749-25-025924,SEC_8K_ITEM_2_02,2025-08-11T20:06:42Z,,,NO_TIMESTAMP_DIFFERENCE,VERIFIED,REVIEW,NONE,fad23f8ec3487666b79b4219ca1b41123ebba447dec22590fc2190fef2be756a,238c5fd2241e9f078f9dbdcb4ed72d62daf7357a45e0af1ccdcbfe17e0ecb870,https://www.sec.gov/Archives/edgar/data/1337298/000143774925025924/ff20250529_8k.htm,EXACT_KEY_REVIEWED_VALIDATION_NOT_APPLY
852,2025,Q3,30228,FF,0001437749-25-034099,SEC_8K_ITEM_2_02,2025-11-10T21:13:05Z,,,NO_TIMESTAMP_DIFFERENCE,VERIFIED,REVIEW,NONE,525bd6c53b1ce7eaf762b7ffe2c7dee4479d8e46c98397588575f2053c7eabe0,6045bc4bf13ec391ce79f6355fe6b01bfbe7c474a2ab1c5bff5c06f4a6855f5c,https://www.sec.gov/Archives/edgar/data/1337298/000143774925034099/ff20250821_8k.htm,EXACT_KEY_REVIEWED_VALIDATION_NOT_APPLY
852,2025,Q4,30229,FF,0001437749-26-008407,SEC_8K_ITEM_2_02,2026-03-16T20:08:46Z,,,NO_TIMESTAMP_DIFFERENCE,VERIFIED,REVIEW,NONE,64402d48e15c4ed1a6396903bf25c1ee31b7340e3c165f022001767465111664,5f73df7c928f9a18f197925ca7e68dfc6147d7880c6130f5c4f6e1ed1ee7f248,https://www.sec.gov/Archives/edgar/data/1337298/000143774926008407/ff20251111c_8k.htm,EXACT_KEY_REVIEWED_VALIDATION_NOT_APPLY
885,2025,Q1,31391,FOUR,0001794669-25-000017,SEC_8K_ITEM_2_02,2025-04-29T11:14:56Z,,,NO_TIMESTAMP_DIFFERENCE,VERIFIED,REVIEW,NONE,e686e2fe53082cc84922be62d5b7cb90dcc896343fd51968337b13ffe6fe3327,0edeed6b1eb1d00edf0e69a6b4285483159173e756e1e1e5d996d7e5bf2ef84c,https://www.sec.gov/Archives/edgar/data/1794669/000179466925000017/four-20250429.htm,EXACT_KEY_REVIEWED_VALIDATION_NOT_APPLY
885,2025,Q3,31393,FOUR,0001794669-25-000033,SEC_8K_ITEM_2_02,2025-11-06T12:04:18Z,,,NO_TIMESTAMP_DIFFERENCE,VERIFIED,REVIEW,NONE,e4ee57c94d5a39719e275272d3b8431af2d9590a93e331d5d273c268fd6c4e9b,df6a5fbe18d65283df4c162850310fa1edc1779b6d8fe951acd7ad51ad84f7da,https://www.sec.gov/Archives/edgar/data/1794669/000179466925000033/four-20251106.htm,EXACT_KEY_REVIEWED_VALIDATION_NOT_APPLY
885,2025,Q4,31394,FOUR,0001794669-26-000006,SEC_8K_ITEM_2_02,2026-02-26T12:03:04Z,,,NO_TIMESTAMP_DIFFERENCE,VERIFIED,REVIEW,NONE,98e81cd599a7b6817c25d98d3f0c2c6f690657308f830d49fcfef81ec5b535ed,436b3106dc13af1d4c6004676108a08bb3c32622561c7c1fad71c2c98a47685c,https://www.sec.gov/Archives/edgar/data/1794669/000179466926000006/four-20260226.htm,EXACT_KEY_REVIEWED_VALIDATION_NOT_APPLY
885,2026,Q1,31395,FOUR,0001794669-26-000018,SEC_8K_ITEM_2_02,2026-05-07T11:02:34Z,,,NO_TIMESTAMP_DIFFERENCE,VERIFIED,REVIEW,NONE,4223bf8ceb399744bb422da76914d567cd842972d9274334f9a9e09c21ab6c80,87efa1376e1160af1054ad60bf1a8785ac11295ddd243b7b646e3458721555a1,https://www.sec.gov/Archives/edgar/data/1794669/000179466926000018/four-20260507.htm,EXACT_KEY_REVIEWED_VALIDATION_NOT_APPLY
885,2026,Q2,31396,FOUR,0001794669-26-000042,SEC_8K_ITEM_2_02,2026-08-06T11:06:12Z,,,NO_TIMESTAMP_DIFFERENCE,VERIFIED,REVIEW,NONE,b5ad68b84cb122a4c484f69ac3dc29d3b5402cffcd4d96df6b5b144be9386abf,5ef04ce5fd3e1d5a1020f322114a666d02e07d74be1832ae4c9a3957309aa9c1,https://www.sec.gov/Archives/edgar/data/1794669/000179466926000042/four-20260806.htm,EXACT_KEY_REVIEWED_VALIDATION_NOT_APPLY
911,2025,Q1,32301,FUN,0001999001-25-000100,SEC_8K_ITEM_2_02,2025-05-08T12:49:48Z,,,NO_TIMESTAMP_DIFFERENCE,VERIFIED,REVIEW,NONE,53b0896c4b75b5b5d82b68149236e3a64449da276012c4d058cde7239e7a3444,4b3302561cb4487f1aa247346e538c93f44c978cec4f59d01b513001e57d2aa4,https://www.sec.gov/Archives/edgar/data/1999001/000199900125000100/fun-20250508.htm,EXACT_KEY_REVIEWED_VALIDATION_NOT_APPLY
911,2026,Q2,32306,FUN,0001999001-26-000094,SEC_8K_ITEM_2_02,2026-08-06T11:25:45Z,,,NO_TIMESTAMP_DIFFERENCE,VERIFIED,REVIEW,NONE,008e6e85f5ad39e907db74cd1980d01fbb28f1e8a8866a0908c0d795df6828fe,e11e6488be8c6a06e1e4305704a0d16233a01a093668fbec4be1a241d96da9fb,https://www.sec.gov/Archives/edgar/data/1999001/000199900126000094/fun-20260806.htm,EXACT_KEY_REVIEWED_VALIDATION_NOT_APPLY
914,2025,Q1,32405,FWRG,0001789940-25-000040,SEC_8K_ITEM_2_02,2025-05-06T11:04:57Z,,,NO_TIMESTAMP_DIFFERENCE,VERIFIED,REVIEW,NONE,890b43b4b4a4b8e36e996f0ab05c5763aa4e4b5f74598462e5370e3b035198a4,b3a7707aa7e08b131a2ef8d425b2a122a90d31f555f8d38db1ff7bcb11f4a10b,https://www.sec.gov/Archives/edgar/data/1789940/000178994025000040/fwrg-20250506.htm,EXACT_KEY_REVIEWED_VALIDATION_NOT_APPLY
914,2025,Q2,32406,FWRG,0001789940-25-000071,SEC_8K_ITEM_2_02,2025-08-05T11:03:13Z,,,NO_TIMESTAMP_DIFFERENCE,VERIFIED,REVIEW,NONE,f689d3c7756970eec3411f1d96a5ff7813670de04f397f6ed9ef154cfe7636a4,5b837055c8e9eba187b7679568b7a986e349f246ac760a35238f4028b0db27b5,https://www.sec.gov/Archives/edgar/data/1789940/000178994025000071/fwrg-20250805.htm,EXACT_KEY_REVIEWED_VALIDATION_NOT_APPLY
914,2026,Q1,32409,FWRG,0001789940-26-000059,SEC_8K_ITEM_2_02,2026-05-05T11:02:25Z,,,NO_TIMESTAMP_DIFFERENCE,VERIFIED,REVIEW,NONE,481dea53d90bf7bd2c6381777ff2255b9e6097ab0d8942d3bab4baaa56f4c1ea,923660ec798b8c44eae149a8fc470ec4e3ab9fc6525d6361105937e196468636,https://www.sec.gov/Archives/edgar/data/1789940/000178994026000059/fwrg-20260505.htm,EXACT_KEY_REVIEWED_VALIDATION_NOT_APPLY
914,2026,Q2,32410,FWRG,0001789940-26-000089,SEC_8K_ITEM_2_02,2026-08-04T11:02:14Z,,,NO_TIMESTAMP_DIFFERENCE,VERIFIED,REVIEW,NONE,b1267055b10d1f312d03a83be0ea6e676a6f59318e43a5284d119388ada5797a,23710b792151b6b9a85ef04c92d91ce51d72bbde83b72db1752488774e1acdb6,https://www.sec.gov/Archives/edgar/data/1789940/000178994026000089/fwrg-20260804.htm,EXACT_KEY_REVIEWED_VALIDATION_NOT_APPLY
940,2025,Q1,33301,GEV,0001996810-25-000072,SEC_8K_ITEM_2_02,2025-04-23T10:21:07Z,,,NO_TIMESTAMP_DIFFERENCE,VERIFIED,REVIEW,NONE,fd6ad349f0471f916e98bd8b52354036113028d3fb8ffa782d493f31d556ff4e,b420c65a93daf9d338b14652d186778b64049c1f1e0fb30916a364aca110f461,https://www.sec.gov/Archives/edgar/data/1996810/000199681025000072/gev-20250423.htm,EXACT_KEY_REVIEWED_VALIDATION_NOT_APPLY
940,2025,Q3,33303,GEV,0001996810-25-000159,SEC_8K_ITEM_2_02,2025-10-22T10:36:49Z,,,NO_TIMESTAMP_DIFFERENCE,VERIFIED,REVIEW,NONE,b1307cc4d1fcfc84392c9cc46f859db569db1eb5aa55c70f51a80ac95769016d,6c7648f2195e2a0c1e647efe7835499580ee0906e85e0d69e5232263303bb61e,https://www.sec.gov/Archives/edgar/data/1996810/000199681025000159/gev-20251022.htm,EXACT_KEY_REVIEWED_VALIDATION_NOT_APPLY
988,2026,Q1,35070,GSIT,0001171843-25-004920,SEC_8K_ITEM_2_02,2025-07-31T20:06:10Z,,,NO_TIMESTAMP_DIFFERENCE,VERIFIED,REVIEW,NONE,bb745c4214a8be783f96500f90afdfce48cbed9ec69fb90692435350fd566105,8a0cdbef519f4db5bb33d5a82d18ad552088ac05536ebcba50ab908da5e37013,https://www.sec.gov/Archives/edgar/data/1126741/000117184325004920/f8k_073125.htm,EXACT_KEY_REVIEWED_VALIDATION_NOT_APPLY
994,2025,Q3,35271,GTN,0001437749-25-033706,SEC_8K_ITEM_2_02,2025-11-07T13:00:11Z,,,NO_TIMESTAMP_DIFFERENCE,VERIFIED,REVIEW,NONE,fd948e9aaaf16c76ce267939084d15b877845aa52c5739694fa40b27aa84c889,c162a1b4775567147e0f8cd993c8100381f9f1e288d0b11b3f013c3acfdd2e57,https://www.sec.gov/Archives/edgar/data/43196/000143774925033706/gtn20251105_8k.htm,EXACT_KEY_REVIEWED_VALIDATION_NOT_APPLY
1040,2025,Q1,36922,HNRG,0001558370-25-007392,SEC_8K_ITEM_2_02,2025-05-13T00:19:30Z,,,NO_TIMESTAMP_DIFFERENCE,VERIFIED,REVIEW,NONE,0f5f90811f041b7ab8a3e51e86c2bc328698d286d5bc741aec7b7ba0837d6b39,61e09828bef0e60365e19d4db892d95c5045274e48414cdb15d029388c54cf5b,https://www.sec.gov/Archives/edgar/data/788965/000155837025007392/hnrg-20250512x8k.htm,EXACT_KEY_REVIEWED_VALIDATION_NOT_APPLY
1040,2025,Q2,36923,HNRG,0001558370-25-011065,SEC_8K_ITEM_2_02,2025-08-12T00:47:18Z,,,NO_TIMESTAMP_DIFFERENCE,VERIFIED,REVIEW,NONE,8bd6ca2b79ac53c0e2c1a80795b87dc0c45a48a551c4b3f73cb249df8bb62b4c,6a404be709b975ba321ba6d4097ff012f5a4e660dbd96e357c049000a5e9d992,https://www.sec.gov/Archives/edgar/data/788965/000155837025011065/hnrg-20250811x8k.htm,EXACT_KEY_REVIEWED_VALIDATION_NOT_APPLY
1040,2025,Q3,36924,HNRG,0001104659-25-109272,SEC_8K_ITEM_2_02,2025-11-11T03:05:56Z,,,NO_TIMESTAMP_DIFFERENCE,VERIFIED,REVIEW,NONE,3d495361c48c5d34b7e93625ff957474e6b493b3d88d2de418157b8937f1b760,d754b92a6219bff56f20902cd367462f1c8c627004f3bbc130cec2cc00a8bd0c,https://www.sec.gov/Archives/edgar/data/788965/000110465925109272/hnrg-20251110x8k.htm,EXACT_KEY_REVIEWED_VALIDATION_NOT_APPLY
1040,2025,Q4,36925,HNRG,0001104659-26-027176,SEC_8K_ITEM_2_02,2026-03-13T01:27:35Z,,,NO_TIMESTAMP_DIFFERENCE,VERIFIED,REVIEW,NONE,a52238c940b080a1cf46b92957e093831f772ad39234fe541646bef78a104543,da3312b96a4aeed4b7739119493d758acd1981a1a143bb8e6fb593524b1b7255,https://www.sec.gov/Archives/edgar/data/788965/000110465926027176/hnrg-20260312x8k.htm,EXACT_KEY_REVIEWED_VALIDATION_NOT_APPLY
1067,2025,Q1,37898,HTO,0000766829-25-000035,SEC_8K_ITEM_2_02,2025-04-28T21:15:50Z,,,NO_TIMESTAMP_DIFFERENCE,VERIFIED,REVIEW,NONE,7d3867ffc22b62d870fc531430b49435f71becacc89dce4f40816e91f19aff97,770d18609e435e50a870f2c917d4035d6719aa6a9f1e5bad175835aa36d29d29,https://www.sec.gov/Archives/edgar/data/766829/000076682925000035/sjw-20250428.htm,EXACT_KEY_REVIEWED_VALIDATION_NOT_APPLY
1072,2025,Q4,38067,HUMA,0001104659-26-031780,SEC_8K_ITEM_2_02,2026-03-19T16:25:44Z,,,NO_TIMESTAMP_DIFFERENCE,VERIFIED,REVIEW,NONE,07741fff284ea26b3bac7bf627ae76ebb81f722d9415e55219b4dfc778642d56,1d4401448817f11e22ab527a686a1777178c3118c96b0e9d42e3bcddfc5299c7,https://www.sec.gov/Archives/edgar/data/1818382/000110465926031780/tm269106d1_8k.htm,EXACT_KEY_REVIEWED_VALIDATION_NOT_APPLY
1076,2025,Q2,38227,HVT,0001628280-25-036738,SEC_8K_ITEM_2_02,2025-07-30T20:31:22Z,,,NO_TIMESTAMP_DIFFERENCE,VERIFIED,REVIEW,NONE,671c1bdd8cee0ec349c9d4081b00a6f465d894d46e30bffb8bf44853f3b043c5,2cfff5efa2e50f9c1d73077265bd675e3886a6e7843894b8015b2f2971518eb5,https://www.sec.gov/Archives/edgar/data/216085/000162828025036738/hvt-20250730.htm,EXACT_KEY_REVIEWED_VALIDATION_NOT_APPLY
1076,2025,Q3,38228,HVT,0001628280-25-047135,SEC_8K_ITEM_2_02,2025-10-29T20:24:59Z,,,NO_TIMESTAMP_DIFFERENCE,VERIFIED,REVIEW,NONE,8cc038440e1bda6ed5912bb248f3031247b4c4f16e475f98668fab19f1ef762f,28d28c9852591b7bde6c0033d0e3466b575fd9f2951982d1154c84e599275ef7,https://www.sec.gov/Archives/edgar/data/216085/000162828025047135/hvt-20251029.htm,EXACT_KEY_REVIEWED_VALIDATION_NOT_APPLY
1076,2025,Q4,38229,HVT,0001628280-26-010875,SEC_8K_ITEM_2_02,2026-02-24T12:21:27Z,,,NO_TIMESTAMP_DIFFERENCE,VERIFIED,REVIEW,NONE,93e40263c03812eb33347b7c24f0b9479f1f27d9f3fe3c61b047d4fe60fd1337,b5f0ce922649550e20db0a7a0b48d961c6a1b40ade1f01f468b8136c6fc3e7e5,https://www.sec.gov/Archives/edgar/data/216085/000162828026010875/hvt-20260224.htm,EXACT_KEY_REVIEWED_VALIDATION_NOT_APPLY
1076,2026,Q1,38230,HVT,0001628280-26-030128,SEC_8K_ITEM_2_02,2026-05-05T11:27:09Z,,,NO_TIMESTAMP_DIFFERENCE,VERIFIED,REVIEW,NONE,de66a8055b696772fe825c8c17c327658ba43de6910dd7cc0d8c22e4d777a639,c4dff883f60a8ce76b6d10e4cedc403ae80a060511bac6452c4f2255f6cf2c3a,https://www.sec.gov/Archives/edgar/data/216085/000162828026030128/hvt-20260505.htm,EXACT_KEY_REVIEWED_VALIDATION_NOT_APPLY
1076,2026,Q2,38231,HVT,0001628280-26-052124,SEC_8K_ITEM_2_02,2026-08-04T10:46:33Z,,,NO_TIMESTAMP_DIFFERENCE,VERIFIED,REVIEW,NONE,06d603b84c5eed2f014fd75303b453dfb024dc45376d9e4cb6b831fe1e5644ad,cdfeeba6f47e6fca4f1bc95942bf7bc89e4f4c766930770ec124be90738727af,https://www.sec.gov/Archives/edgar/data/216085/000162828026052124/hvt-20260804.htm,EXACT_KEY_REVIEWED_VALIDATION_NOT_APPLY
1103,2025,Q3,39239,IEX,0001628280-25-046909,SEC_8K_ITEM_2_02,2025-10-29T11:08:27Z,,,NO_TIMESTAMP_DIFFERENCE,VERIFIED,REVIEW,NONE,f6964146c40a01b3b924a9c4535fe5418505365d0beda3336c1c90be1cf379a5,a4e3cb144bc44de2fb85b78f1e92f24885a44178e26125dde4899792d45d2099,https://www.sec.gov/Archives/edgar/data/832101/000162828025046909/iex-20251029.htm,EXACT_KEY_REVIEWED_VALIDATION_NOT_APPLY
1140,2025,Q1,40473,INSM,0001140361-25-017858,SEC_8K_ITEM_2_02,2025-05-08T15:00:34Z,,,NO_TIMESTAMP_DIFFERENCE,VERIFIED,REVIEW,NONE,d22991755c5eb4e297e865880be9068501f3e5631bb89db6165c356d0116dd71,3b4924c96b20fb85c9d5c135c24d4850f8ef0132629b424c247c8ef071f8f895,https://www.sec.gov/Archives/edgar/data/1104506/000114036125017858/ef20048527_8k.htm,EXACT_KEY_REVIEWED_VALIDATION_NOT_APPLY
1140,2025,Q2,40474,INSM,0001140361-25-029343,SEC_8K_ITEM_2_02,2025-08-07T15:01:55Z,,,NO_TIMESTAMP_DIFFERENCE,VERIFIED,REVIEW,NONE,51f0b8d208a80da87ae7edac3ceeccd67f2d6be7d211bafe77261f0a68dc4713,702a4dd8078907a0debdabc00fcb33ac80959364ced378be6fc9326e2d9bca91,https://www.sec.gov/Archives/edgar/data/1104506/000114036125029343/ef20053237_8k.htm,EXACT_KEY_REVIEWED_VALIDATION_NOT_APPLY
1152,2025,Q2,40903,IPDN,0001437749-25-026701,SEC_8K_ITEM_2_02,2025-08-14T17:01:17Z,,,NO_TIMESTAMP_DIFFERENCE,VERIFIED,REVIEW,NONE,c0ba130c03de03830ed9d6704221ddc69d6ab84268d0efa6cb6146e7279c0018,7cb74a6a78f858361a44eb354bdf92ee5da00d7137c311da80f8c90f161a88cc,https://www.sec.gov/Archives/edgar/data/1546296/000143774925026701/ipdn20250603_8k.htm,EXACT_KEY_REVIEWED_VALIDATION_NOT_APPLY
1152,2025,Q3,40904,IPDN,0001437749-25-035166,SEC_8K_ITEM_2_02,2025-11-15T02:04:32Z,,,NO_TIMESTAMP_DIFFERENCE,VERIFIED,REVIEW,NONE,9f87c824c19072192410de6c777d2e6348ebd3f1a3a71b07ae47c8458d3b4ca8,e6a5099aea46c1a77a4e54a2d9aeb0d8172a603e8f82de0ec18583fc1a7babf2,https://www.sec.gov/Archives/edgar/data/1546296/000143774925035166/ipdn20250825_8k.htm,EXACT_KEY_REVIEWED_VALIDATION_NOT_APPLY
1173,2025,Q1,41709,IVT,0001307748-25-000083,SEC_8K_ITEM_2_02,2025-04-30T20:13:58Z,,,NO_TIMESTAMP_DIFFERENCE,VERIFIED,REVIEW,NONE,4bd3d9417e10e3e431e981f672c014c657c374ea87f54a834c6bc88b8be50d72,dfa6bed5a69ea2c5ebb433730901230cd074ea1b531646602eddb6aa19ad8e9f,https://www.sec.gov/Archives/edgar/data/1307748/000130774825000083/ivtp-20250430.htm,EXACT_KEY_REVIEWED_VALIDATION_NOT_APPLY
1173,2025,Q2,41710,IVT,0001307748-25-000147,SEC_8K_ITEM_2_02,2025-07-29T20:02:11Z,,,NO_TIMESTAMP_DIFFERENCE,VERIFIED,REVIEW,NONE,b4c5dd5ed526750779273b0e8c9b0086fb6c22f38183bd31203a44ad00b4ea9d,f75a2c29e86c45aec308035d0628d061f287e48e11a1f8dc3a21e1f158635dba,https://www.sec.gov/Archives/edgar/data/1307748/000130774825000147/ivtp-20250729.htm,EXACT_KEY_REVIEWED_VALIDATION_NOT_APPLY
1173,2025,Q3,41711,IVT,0001307748-25-000178,SEC_8K_ITEM_2_02,2025-10-28T20:06:43Z,,,NO_TIMESTAMP_DIFFERENCE,VERIFIED,REVIEW,NONE,1629fa8ffcce4bc628fc15bbb84098108adab0f5947c4341d8ae26ea12c285a6,bf62d85de4bf9e70caa908d539630fda27965ed2eeb9905e67fc72d4ea568561,https://www.sec.gov/Archives/edgar/data/1307748/000130774825000178/ivtp-20251028.htm,EXACT_KEY_REVIEWED_VALIDATION_NOT_APPLY
1173,2025,Q4,41712,IVT,0001307748-26-000037,SEC_8K_ITEM_2_02,2026-02-10T21:05:52Z,,,NO_TIMESTAMP_DIFFERENCE,VERIFIED,REVIEW,NONE,7c9ddf120dc7b715d8bc277c9874881dc350887e443370c7c9ef779f23e140e9,0aabd8e7eea0a13a9146505700354b0986fce855067615479077a11efa8bf97d,https://www.sec.gov/Archives/edgar/data/1307748/000130774826000037/ivtp-20260210.htm,EXACT_KEY_REVIEWED_VALIDATION_NOT_APPLY
1173,2026,Q1,41713,IVT,0001307748-26-000111,SEC_8K_ITEM_2_02,2026-04-28T20:09:02Z,,,NO_TIMESTAMP_DIFFERENCE,VERIFIED,REVIEW,NONE,7af3dcc1bd1aab86100752ae57a7ad977916aabfd3e094cebef00725799584fa,5aa96191c96a0d80a68a394001c997da7eed99395bc0122a9cddf12261768bef,https://www.sec.gov/Archives/edgar/data/1307748/000130774826000111/ivtp-20260428.htm,EXACT_KEY_REVIEWED_VALIDATION_NOT_APPLY
1173,2026,Q2,41714,IVT,0001307748-26-000191,SEC_8K_ITEM_2_02,2026-08-03T20:06:13Z,,,NO_TIMESTAMP_DIFFERENCE,VERIFIED,REVIEW,NONE,562b9ed3f211534789545c82383a00421dd53ceacf2551cefbc332b5cdbf57a4,af5c416e3cd17a4ab43945a4887382b2752cdc725a458e32aa140efb314e3455,https://www.sec.gov/Archives/edgar/data/1307748/000130774826000191/ivtp-20260803.htm,EXACT_KEY_REVIEWED_VALIDATION_NOT_APPLY
1176,2025,Q3,41814,JACK,0000807882-25-000042,SEC_8K_ITEM_2_02,2025-08-06T20:11:19Z,,,NO_TIMESTAMP_DIFFERENCE,VERIFIED,REVIEW,NONE,6fb7fbc8758f73beaedf74b1942a592c913bdd2940e89f3569957b1a61b3a6a1,2bd77a6f841b178e026e987468db7d4763d172abeff105272c44040f8b1ab372,https://www.sec.gov/Archives/edgar/data/807882/000080788225000042/jack-20250806.htm,EXACT_KEY_REVIEWED_VALIDATION_NOT_APPLY
1176,2025,Q4,41815,JACK,0000807882-25-000070,SEC_8K_ITEM_2_02,2025-11-19T21:09:32Z,,,NO_TIMESTAMP_DIFFERENCE,VERIFIED,REVIEW,NONE,598c2d646292a9dc227140f505e8e291d1e56bd4846d30fe75d24a878b221b17,57a1df42585cc0a8402f30419de4b537e6e354098f4ba828a03bca98e162c1b9,https://www.sec.gov/Archives/edgar/data/807882/000080788225000070/jack-20251119.htm,EXACT_KEY_REVIEWED_VALIDATION_NOT_APPLY
1176,2026,Q1,41816,JACK,0000807882-26-000039,SEC_8K_ITEM_2_02,2026-02-18T21:11:02Z,,,NO_TIMESTAMP_DIFFERENCE,VERIFIED,REVIEW,NONE,d11978532ca8237fce943d9865023eaf4abdf5c547b0021f1520d10576cab14d,7faa440509997238f6351761f27bd1f1de321012e44aa14c6fe4a58d3a119ada,https://www.sec.gov/Archives/edgar/data/807882/000080788226000039/jack-20260218.htm,EXACT_KEY_REVIEWED_VALIDATION_NOT_APPLY
1217,2026,Q4,43326,KLAC,0000319201-26-000024,SEC_8K_ITEM_2_02,2026-07-28T20:08:02Z,,,NO_TIMESTAMP_DIFFERENCE,VERIFIED,REVIEW,NONE,d0973f4ea7e8530cad0a5fb3d71169291b81d0788c51a35545b2cf40b8686b55,f7f77c387ee904be6704ea17bd3c70bf4357c01f3a976de121b314309013ccd7,https://www.sec.gov/Archives/edgar/data/319201/000031920126000024/klac-20260728.htm,EXACT_KEY_REVIEWED_VALIDATION_NOT_APPLY
1225,2025,Q1,43603,KMX,0001170010-24-000084,SEC_8K_ITEM_2_02,2024-06-21T14:53:38Z,,,NO_TIMESTAMP_DIFFERENCE,VERIFIED,REVIEW,NONE,a41ad799cf70a577780ed139f2708ff28989ee7a783f22dd3f3fbeb0516bff60,27acff3e14c4bef2b80d6f5a4ed1e7c5f139d4bd371fa5689396048aede3ff0d,https://www.sec.gov/Archives/edgar/data/1170010/000117001024000084/kmx-20240621.htm,EXACT_KEY_REVIEWED_VALIDATION_NOT_APPLY
1225,2025,Q2,43604,KMX,0001170010-24-000128,SEC_8K_ITEM_2_02,2024-09-26T14:56:13Z,,,NO_TIMESTAMP_DIFFERENCE,VERIFIED,REVIEW,NONE,d830e492a535c447f1dce1372becad2d279607b6a8926b6481ebf94eaa61f54a,115bd2a8834aef4430031506baafd2b03bc04314d06e844db60fc9636ef8ff11,https://www.sec.gov/Archives/edgar/data/1170010/000117001024000128/kmx-20240926.htm,EXACT_KEY_REVIEWED_VALIDATION_NOT_APPLY
1225,2025,Q3,43605,KMX,0001170010-24-000132,SEC_8K_ITEM_2_02,2024-12-19T16:56:08Z,,,NO_TIMESTAMP_DIFFERENCE,VERIFIED,REVIEW,NONE,ee209f1a18e95416411ae5ec5de6b110d6bc7078f962f9fee34b050527865429,7f59dc8d228d2b3c223a028e3d0681733fd07ff8e7233536f586f343ed00928a,https://www.sec.gov/Archives/edgar/data/1170010/000117001024000132/kmx-20241219.htm,EXACT_KEY_REVIEWED_VALIDATION_NOT_APPLY
1237,2025,Q1,44053,KOSS,0000056701-24-000041,SEC_8K_ITEM_2_02,2024-10-31T21:20:10Z,,,NO_TIMESTAMP_DIFFERENCE,VERIFIED,REVIEW,NONE,a621d99b9074f6bbdb9144ce060121ba237138c5b118f936cc0cb1d2c64ff2bc,f4335878c039c825ca762c8ec59d69aa7ad06a5d9c8a3f76a3f16347c3821390,https://www.sec.gov/Archives/edgar/data/56701/000005670124000041/koss-20241031x8k.htm,EXACT_KEY_REVIEWED_VALIDATION_NOT_APPLY
1237,2025,Q2,44054,KOSS,0000056701-25-000006,SEC_8K_ITEM_2_02,2025-01-30T22:20:31Z,,,NO_TIMESTAMP_DIFFERENCE,VERIFIED,REVIEW,NONE,3b0a3ffea69c1ebebb1e5f0918c096054fa5872ab4ff72e41b1cf8ea8f2fdfc4,df62f32fb96fce55d9e39a0eaa76339a2da5851848abc9ea351027ff17f525c3,https://www.sec.gov/Archives/edgar/data/56701/000005670125000006/koss-20250130x8k.htm,EXACT_KEY_REVIEWED_VALIDATION_NOT_APPLY
1237,2025,Q3,44055,KOSS,0000056701-25-000015,SEC_8K_ITEM_2_02,2025-05-08T21:17:52Z,,,NO_TIMESTAMP_DIFFERENCE,VERIFIED,REVIEW,NONE,e31d0d951d62a7841614a72cd96efcf0f3e994ba6bbf7ae2260ab9baa541ac2f,98e35bebe13a452e8f0a090cf8becaead93eaec6eba557ecfc6f64f7bd364515,https://www.sec.gov/Archives/edgar/data/56701/000005670125000015/koss-20250508x8k.htm,EXACT_KEY_REVIEWED_VALIDATION_NOT_APPLY
1237,2025,Q4,44056,KOSS,0000056701-25-000042,SEC_8K_ITEM_2_02,2025-08-28T21:20:04Z,,,NO_TIMESTAMP_DIFFERENCE,VERIFIED,REVIEW,NONE,c821fef881f572279d8dedc705b5bf7ae8308997b8a1e5acff7c943d232e3341,67ab211c5f34149f20303234de73a1068eb461293016eb7f960c8bc8e196ae64,https://www.sec.gov/Archives/edgar/data/56701/000005670125000042/koss-20250828x8k.htm,EXACT_KEY_REVIEWED_VALIDATION_NOT_APPLY
1237,2026,Q1,44057,KOSS,0000056701-25-000057,SEC_8K_ITEM_2_02,2025-10-30T21:20:16Z,,,NO_TIMESTAMP_DIFFERENCE,VERIFIED,REVIEW,NONE,cdb163c75cbe9669b728a407c1f3c96d760a221c504a35945ce494a50174f6c3,3d850b8867fc08043e3b998baa1e4537aa37d0e91b1149b1217ae25ea8217c1c,https://www.sec.gov/Archives/edgar/data/56701/000005670125000057/koss-20251030x8k.htm,EXACT_KEY_REVIEWED_VALIDATION_NOT_APPLY
1251,2025,Q1,44547,KTB,0001760965-25-000045,SEC_8K_ITEM_2_02,2025-05-06T14:51:18Z,,,NO_TIMESTAMP_DIFFERENCE,VERIFIED,REVIEW,NONE,41f73ca211a36d072422a0753ea080309eb18e486dd9b5263ce85dbd38388706,d5a1969b104fe96b39be22048bc8211cba4e95a555abecd76ed99efb51c5858f,https://www.sec.gov/Archives/edgar/data/1760965/000176096525000045/ktb-20250506.htm,EXACT_KEY_REVIEWED_VALIDATION_NOT_APPLY
1251,2025,Q2,44548,KTB,0001760965-25-000078,SEC_8K_ITEM_2_02,2025-08-07T14:51:35Z,,,NO_TIMESTAMP_DIFFERENCE,VERIFIED,REVIEW,NONE,82a26ac3d21cdd0ace5f3da393da5493d8b5ea016977bfddb4e760789ef3d41d,a200ca3c5784e22a7bfb9fb7b49e673d05ae916fbe26cf258163ceae9713c2f7,https://www.sec.gov/Archives/edgar/data/1760965/000176096525000078/ktb-20250807.htm,EXACT_KEY_REVIEWED_VALIDATION_NOT_APPLY
1251,2025,Q3,44549,KTB,0001760965-25-000100,SEC_8K_ITEM_2_02,2025-11-03T16:57:05Z,,,NO_TIMESTAMP_DIFFERENCE,VERIFIED,REVIEW,NONE,13275ec843ce710bba4f08d220cfd4e21e68fae64a7596ee3c4b10f9bd76ed53,1579c0dbc545f749edb990ee26c39f56ce50fb56d130b79a9ae4ea21c1085774,https://www.sec.gov/Archives/edgar/data/1760965/000176096525000100/ktb-20251103.htm,EXACT_KEY_REVIEWED_VALIDATION_NOT_APPLY
1255,2025,Q1,44658,KVYO,0001835830-25-000053,SEC_8K_ITEM_2_02,2025-05-07T00:10:00Z,,,NO_TIMESTAMP_DIFFERENCE,VERIFIED,REVIEW,NONE,b17f0f06883679a59103fffe09732f218696f9419ed649d5c33cf4ebb87f82a9,3942d4949931c63c7a792997d42541fa01bc4e27fd2ea0df24536c38a5ff91f3,https://www.sec.gov/Archives/edgar/data/1835830/000183583025000053/kvyo-20250506.htm,EXACT_KEY_REVIEWED_VALIDATION_NOT_APPLY
1255,2025,Q2,44659,KVYO,0001835830-25-000083,SEC_8K_ITEM_2_02,2025-08-06T00:11:31Z,,,NO_TIMESTAMP_DIFFERENCE,VERIFIED,REVIEW,NONE,0986b85407d04f9a06aed88bda4b3c742ba3b92053576f1a602df0f820b8ca06,a4a76171dff1baa10403e4dfe3c196cd0b7897b8b418c6cf900a3a7874a850be,https://www.sec.gov/Archives/edgar/data/1835830/000183583025000083/kvyo-20250805.htm,EXACT_KEY_REVIEWED_VALIDATION_NOT_APPLY
1255,2025,Q3,44660,KVYO,0001835830-25-000109,SEC_8K_ITEM_2_02,2025-11-06T02:09:34Z,,,NO_TIMESTAMP_DIFFERENCE,VERIFIED,REVIEW,NONE,9b1d8020e2efb72e5763cc025d43f2dbfc27469e35c285cf4d2196e7205ca969,0e11a36b4a6c266f2f1d87e837b6e4c92fc6c126f339044c5c467f6f697f2664,https://www.sec.gov/Archives/edgar/data/1835830/000183583025000109/kvyo-20251105.htm,EXACT_KEY_REVIEWED_VALIDATION_NOT_APPLY
1255,2025,Q4,44661,KVYO,0001835830-26-000005,SEC_8K_ITEM_2_02,2026-02-11T02:05:49Z,,,NO_TIMESTAMP_DIFFERENCE,VERIFIED,REVIEW,NONE,805b279e261f8eea767e50b03b5a6a2ec275986e2682661eef1f9848172d4f49,759b6c6c502557a358dfe282a82aa58f24a79f3ad390f4e645be4a3434429e14,https://www.sec.gov/Archives/edgar/data/1835830/000183583026000005/kvyo-20260210.htm,EXACT_KEY_REVIEWED_VALIDATION_NOT_APPLY
1255,2026,Q1,44662,KVYO,0001835830-26-000026,SEC_8K_ITEM_2_02,2026-05-06T00:11:59Z,,,NO_TIMESTAMP_DIFFERENCE,VERIFIED,REVIEW,NONE,180d6b952c671b64322ea78c9f9e7121a70c53009d97fc5dac02745fa3e7b79b,8051dd8bfa4666b57726f09f10d4e7965fd2d2bfa5008f323688c299988e2ac3,https://www.sec.gov/Archives/edgar/data/1835830/000183583026000026/kvyo-20260501.htm,EXACT_KEY_REVIEWED_VALIDATION_NOT_APPLY
1255,2026,Q2,44663,KVYO,0001835830-26-000039,SEC_8K_ITEM_2_02,2026-08-06T00:09:08Z,,,NO_TIMESTAMP_DIFFERENCE,VERIFIED,REVIEW,NONE,02b16e08673553c5692738d823b5779cf70b15ddf19ef826a2bcee0cfd05c1af,fb6ac45e4b32976bfe74ffcd2162ee00707b8f4b8abf8a95af7263056112b0ee,https://www.sec.gov/Archives/edgar/data/1835830/000183583026000039/kvyo-20260805.htm,EXACT_KEY_REVIEWED_VALIDATION_NOT_APPLY
1259,2025,Q1,44779,LAB,0000950170-25-064439,SEC_8K_ITEM_2_02,2025-05-07T00:05:23Z,,,NO_TIMESTAMP_DIFFERENCE,VERIFIED,REVIEW,NONE,96733a79a19f32f1e3f7db0a5ad6026dd5cd1ab6e2eef8601d9a69c5a887dd36,01e070326883f91201e5109710ef0499b42c1648f9799531552ed55be8ed9cd8,https://www.sec.gov/Archives/edgar/data/1162194/000095017025064439/lab-20250506.htm,EXACT_KEY_REVIEWED_VALIDATION_NOT_APPLY
1259,2025,Q2,44780,LAB,0000950170-25-106636,SEC_8K_ITEM_2_02,2025-08-12T01:00:32Z,,,NO_TIMESTAMP_DIFFERENCE,VERIFIED,REVIEW,NONE,dd72dc9c87e6843575b4b62dc16588ff6be211a5842773ab24c25f37aa0e7398,85ee52e4337dddf9d13fc2426a5de419cd92b56ccc9e4c10dd528bf5f81739af,https://www.sec.gov/Archives/edgar/data/1162194/000095017025106636/lab-20250811.htm,EXACT_KEY_REVIEWED_VALIDATION_NOT_APPLY
1259,2026,Q1,44783,LAB,0001193125-26-206395,SEC_8K_ITEM_2_02,2026-05-06T00:10:18Z,,,NO_TIMESTAMP_DIFFERENCE,VERIFIED,REVIEW,NONE,62ef7141c242fc9cc35fe8b732bf1719c3d7df1b3bb32962bcc97767c8a16c53,9e2e66b5a2fccf538fe14701657609f3ed9f857015909aaa73a0724e370c7ba0,https://www.sec.gov/Archives/edgar/data/1162194/000119312526206395/lab-20260505.htm,EXACT_KEY_REVIEWED_VALIDATION_NOT_APPLY
1259,2026,Q2,44784,LAB,0001193125-26-335106,SEC_8K_ITEM_2_02,2026-08-06T00:10:20Z,,,NO_TIMESTAMP_DIFFERENCE,VERIFIED,REVIEW,NONE,d4fc0a0d59cf59cbde675df8d8bb189aad6837d17749d6ceebaa5f38ec62693d,017caaefaaf23499087a45deeefd7de1d0738d079e49b5d56282e78d4cda7f9f,https://www.sec.gov/Archives/edgar/data/1162194/000119312526335106/lab-20260805.htm,EXACT_KEY_REVIEWED_VALIDATION_NOT_APPLY
1293,2025,Q1,46024,LHX,0000202058-25-000098,SEC_8K_ITEM_2_02,2025-04-24T10:55:27Z,,,NO_TIMESTAMP_DIFFERENCE,VERIFIED,REVIEW,NONE,bcda7ce9ce792dc37797c491c6d5d4dd835be40b384e620ea6b3bc8289803022,f4bb2730a16eebb52e9c8bb6116f9cc395cc389ad4cfea47d51269a8c6048c5b,https://www.sec.gov/Archives/edgar/data/202058/000020205825000098/hrs-20250424.htm,EXACT_KEY_REVIEWED_VALIDATION_NOT_APPLY
1293,2025,Q2,46025,LHX,0000202058-25-000147,SEC_8K_ITEM_2_02,2025-07-24T10:55:38Z,,,NO_TIMESTAMP_DIFFERENCE,VERIFIED,REVIEW,NONE,ef6da403dd8c66e2af6a6f1d5f5908ee9eb7db25825430b8a7315a785dbf0d20,8a44766ded9ba482fccc85cf6d66d62d4eaeef35a474d47133b62baba53d06ee,https://www.sec.gov/Archives/edgar/data/202058/000020205825000147/hrs-20250724.htm,EXACT_KEY_REVIEWED_VALIDATION_NOT_APPLY
1293,2025,Q3,46026,LHX,0000202058-25-000169,SEC_8K_ITEM_2_02,2025-10-30T10:55:22Z,,,NO_TIMESTAMP_DIFFERENCE,VERIFIED,REVIEW,NONE,05876d4ac304c34fcefd4e14142d638b8cae8dbf7757f1c19b0b1a61ea74ab2e,2a121cbe62c4ba3a6cdc7efcc38b9af37ab2b8130dc270f31599d071c71d8354,https://www.sec.gov/Archives/edgar/data/202058/000020205825000169/hrs-20251030.htm,EXACT_KEY_REVIEWED_VALIDATION_NOT_APPLY
1293,2025,Q4,46027,LHX,0000202058-26-000008,SEC_8K_ITEM_2_02,2026-01-29T11:57:40Z,,,NO_TIMESTAMP_DIFFERENCE,VERIFIED,REVIEW,NONE,9e32603194156d4dd7a763992f575c82999d9cc272176b02619c918a2bebce5c,9f8b8d42eac626cd8efb849f6839829750bf1add4c13b0ddbc7ff4b9f0202b3f,https://www.sec.gov/Archives/edgar/data/202058/000020205826000008/hrs-20260129.htm,EXACT_KEY_REVIEWED_VALIDATION_NOT_APPLY
1293,2026,Q1,46028,LHX,0000202058-26-000032,SEC_8K_ITEM_2_02,2026-04-30T10:56:47Z,,,NO_TIMESTAMP_DIFFERENCE,VERIFIED,REVIEW,NONE,2000fd3396521c49f3bd4f35ab1205f07e01021f9e7827bc6fdd801cf0a72f0d,5b979b75ad802eccdd6c26b4c9080a65a5b94918eccbb1c2035b7e0c14187ec8,https://www.sec.gov/Archives/edgar/data/202058/000020205826000032/hrs-20260430.htm,EXACT_KEY_REVIEWED_VALIDATION_NOT_APPLY
1293,2026,Q2,46029,LHX,0000202058-26-000054,SEC_8K_ITEM_2_02,2026-07-29T20:08:15Z,,,NO_TIMESTAMP_DIFFERENCE,VERIFIED,REVIEW,NONE,18c786c39ca10e7662e68f6e79b1c067357bc9e2d210dddce8feea6038500085,79c89830f57e52aef9804813bdbb0a832585115ecc3197a958ebf584151ee73d,https://www.sec.gov/Archives/edgar/data/202058/000020205826000054/hrs-20260729.htm,EXACT_KEY_REVIEWED_VALIDATION_NOT_APPLY
1334,2025,Q1,47544,LTC,0001558370-25-006301,SEC_8K_ITEM_2_02,2025-05-05T20:18:07Z,,,NO_TIMESTAMP_DIFFERENCE,VERIFIED,REVIEW,NONE,0d5bf62e464de3dc476dbe07fc66b51415e04836a372d6ab2b4780519849f991,96663e09073bd8a7e8a51bb8f17aa77542e4331982da0e239165aea1117ba20c,https://www.sec.gov/Archives/edgar/data/887905/000155837025006301/ltc-20250505x8k.htm,EXACT_KEY_REVIEWED_VALIDATION_NOT_APPLY
1334,2025,Q2,47545,LTC,0001558370-25-010105,SEC_8K_ITEM_2_02,2025-08-04T20:19:05Z,,,NO_TIMESTAMP_DIFFERENCE,VERIFIED,REVIEW,NONE,77d7bc5605680193baa448c55defad182730ddb393a1f313147f48e5f47186a8,416e18877d53fc5e633b7463501a51605c86bd74c198422f75bf7d6d0338c63b,https://www.sec.gov/Archives/edgar/data/887905/000155837025010105/ltc-20250804x8k.htm,EXACT_KEY_REVIEWED_VALIDATION_NOT_APPLY
1334,2025,Q3,47546,LTC,0001104659-25-106311,SEC_8K_ITEM_2_02,2025-11-04T21:22:50Z,,,NO_TIMESTAMP_DIFFERENCE,VERIFIED,REVIEW,NONE,ca6e464b6c57e2b024138cf73eaabb712053fe5c5103d9fbd3d6f281862e5bcc,e5eee2e485b23e994b5801b612f45ce87c01d94168674245cb464595c7bd2fb3,https://www.sec.gov/Archives/edgar/data/887905/000110465925106311/ltc-20251104x8k.htm,EXACT_KEY_REVIEWED_VALIDATION_NOT_APPLY
1334,2025,Q4,47547,LTC,0001104659-26-019132,SEC_8K_ITEM_2_02,2026-02-24T21:17:03Z,,,NO_TIMESTAMP_DIFFERENCE,VERIFIED,REVIEW,NONE,d8f18b760abe28e1f18a4a18e85e929e1f8ed1241f54273b07e622dd89219660,77f240dc802e845758eecd46ad3dce36f0a3e4de58bd09e44c75c113252f26fe,https://www.sec.gov/Archives/edgar/data/887905/000110465926019132/ltc-20260224x8k.htm,EXACT_KEY_REVIEWED_VALIDATION_NOT_APPLY
1334,2026,Q1,47548,LTC,0001104659-26-056323,SEC_8K_ITEM_2_02,2026-05-06T20:41:56Z,,,NO_TIMESTAMP_DIFFERENCE,VERIFIED,REVIEW,NONE,7dbcc81b620001847b4dd1b04e6e0e4a803a80ad9519dd85e63fe475093a4bad,14e9d4b1993e441e6aa4a7a2a18bb5ecf3106c3773236e290d2d22852e4a060f,https://www.sec.gov/Archives/edgar/data/887905/000110465926056323/ltc-20260506x8k.htm,EXACT_KEY_REVIEWED_VALIDATION_NOT_APPLY
1334,2026,Q2,47549,LTC,0001104659-26-091138,SEC_8K_ITEM_2_02,2026-08-05T20:22:41Z,,,NO_TIMESTAMP_DIFFERENCE,VERIFIED,REVIEW,NONE,3bdf8cf9880b21c1c251f755372ecaa9de57a515ab74ec043d840f36e2df8006,a3d3229845d5e74d181eeadf53645868ae2f7cf934da810b2ab3ab66943cf193,https://www.sec.gov/Archives/edgar/data/887905/000110465926091138/ltc-20260805x8k.htm,EXACT_KEY_REVIEWED_VALIDATION_NOT_APPLY
1353,2025,Q1,48145,LXRX,0001062822-25-000027,SEC_8K_ITEM_2_02,2025-05-13T20:03:06Z,,,NO_TIMESTAMP_DIFFERENCE,VERIFIED,REVIEW,NONE,a6df5b238dff1c5b48cfc3c488ae939aa0c21602be7575fb58d8ef5aaa729a1e,6d03334fcd71f7667ef69b26ffeae8e521c9b4aee33f1b5af830b1ae1b6d326a,https://www.sec.gov/Archives/edgar/data/1062822/000106282225000027/lxrx-20250513.htm,EXACT_KEY_REVIEWED_VALIDATION_NOT_APPLY
1353,2025,Q2,48146,LXRX,0001062822-25-000042,SEC_8K_ITEM_2_02,2025-08-06T11:31:54Z,,,NO_TIMESTAMP_DIFFERENCE,VERIFIED,REVIEW,NONE,2b1628623240e36bd52e532c9b85c4632009244faa1df8329abf4bdb7bab4c4a,1983ac9a7ac1f630766e697487c7f0414f16454dbdaca659796fedf9cdcc31d1,https://www.sec.gov/Archives/edgar/data/1062822/000106282225000042/lxrx-20250806.htm,EXACT_KEY_REVIEWED_VALIDATION_NOT_APPLY
1353,2026,Q1,48149,LXRX,0001062822-26-000098,SEC_8K_ITEM_2_02,2026-05-07T11:31:57Z,,,NO_TIMESTAMP_DIFFERENCE,VERIFIED,REVIEW,NONE,921181d43416f399c89d50a8a55df9a53c02b292bc6de9aac797f738b4c8891f,dc0da90be7d03040f75e06cf4e74eca6a33ab747878c97a85ae2cd77eda3b07c,https://www.sec.gov/Archives/edgar/data/1062822/000106282226000098/lxrx-20260507.htm,EXACT_KEY_REVIEWED_VALIDATION_NOT_APPLY
1353,2026,Q2,48150,LXRX,0001062822-26-000112,SEC_8K_ITEM_2_02,2026-08-06T11:33:24Z,,,NO_TIMESTAMP_DIFFERENCE,VERIFIED,REVIEW,NONE,8398385c375b4dd97a2de9e21e7ba456908368b4dec1be0d89596d59b6b9331a,c6aa84b1456df14104e30f3f194173332482cb7d7f989c785b19331b794f4ab0,https://www.sec.gov/Archives/edgar/data/1062822/000106282226000112/lxrx-20260806.htm,EXACT_KEY_REVIEWED_VALIDATION_NOT_APPLY
1358,2025,Q1,48321,LYTS,0001437749-24-033775,SEC_8K_ITEM_2_02,2024-11-07T13:33:18Z,,,NO_TIMESTAMP_DIFFERENCE,VERIFIED,REVIEW,NONE,75126d7653d6b26fdeb10a24fede535cb1dca22a520a37b9a6f4e2df92959c94,c87f5fc6bbbee6f908ce8e5cb966ee8e7868fdce4e3b5a1db2128bdb195c76ca,https://www.sec.gov/Archives/edgar/data/763532/000143774924033775/lyts20241104_8k.htm,EXACT_KEY_REVIEWED_VALIDATION_NOT_APPLY
1358,2025,Q2,48322,LYTS,0001437749-25-001628,SEC_8K_ITEM_2_02,2025-01-23T12:48:35Z,,,NO_TIMESTAMP_DIFFERENCE,VERIFIED,REVIEW,NONE,5d7eac4ba0a5bdd95f29269b6343079501457a91379697902c36f92b6cf93ccc,e232e7c3989cc3ebbf567d1a85bdff2484071e8093748f25c86fc46717d4f1c6,https://www.sec.gov/Archives/edgar/data/763532/000143774925001628/lyts20250116_8k.htm,EXACT_KEY_REVIEWED_VALIDATION_NOT_APPLY
1358,2025,Q3,48323,LYTS,0001437749-25-012853,SEC_8K_ITEM_2_02,2025-04-24T10:20:19Z,,,NO_TIMESTAMP_DIFFERENCE,VERIFIED,REVIEW,NONE,252b59f54898e3b30a26b9154b4219533b7d06bb10430c1d18581c45335eb005,0553d8e97dfa6ef7cd4fd60b04a851951a6b88553987d5c80d2c8c48b3727541,https://www.sec.gov/Archives/edgar/data/763532/000143774925012853/lyts20250415_8k.htm,EXACT_KEY_REVIEWED_VALIDATION_NOT_APPLY
1358,2025,Q4,48324,LYTS,0001437749-25-027483,SEC_8K_ITEM_2_02,2025-08-21T11:46:45Z,,,NO_TIMESTAMP_DIFFERENCE,VERIFIED,REVIEW,NONE,36712c191cbf6bb3a21cecd79f0d07678b9c217e2a7bf31bd5c7c696b7d0d58a,abdc809e4f8f27ef8bef171b04875376b5aa1f04cb15ada6a78b10409a89b721,https://www.sec.gov/Archives/edgar/data/763532/000143774925027483/lyts20250813_8k.htm,EXACT_KEY_REVIEWED_VALIDATION_NOT_APPLY
1358,2026,Q1,48325,LYTS,0001437749-25-033467,SEC_8K_ITEM_2_02,2025-11-06T13:00:17Z,,,NO_TIMESTAMP_DIFFERENCE,VERIFIED,REVIEW,NONE,7b16b7691bfb301e0edf04ecaf1a6f02a380721704c0f45aee8b0fd4f3d8185b,595a5003e30fd075063136c5bed20142d96a7b3503b069a132d3b7ea552a3b46,https://www.sec.gov/Archives/edgar/data/763532/000143774925033467/lyts20251028_8k.htm,EXACT_KEY_REVIEWED_VALIDATION_NOT_APPLY
1358,2026,Q2,48326,LYTS,0001437749-26-001688,SEC_8K_ITEM_2_02,2026-01-22T13:30:20Z,,,NO_TIMESTAMP_DIFFERENCE,VERIFIED,REVIEW,NONE,e79d22bf51de52cd82d25bfb1f478c03e2c9546087b38607e5a9337e098b3452,3c8e6b88f1cc144be14d536cdea087ad4c6f07da6323ba3aee15a9baab04d9c0,https://www.sec.gov/Archives/edgar/data/763532/000143774926001688/lyts20260121_8k.htm,EXACT_KEY_REVIEWED_VALIDATION_NOT_APPLY
1363,2025,Q1,48510,MAA,0000950170-25-061071,SEC_8K_ITEM_2_02,2025-05-01T00:15:17Z,,,NO_TIMESTAMP_DIFFERENCE,VERIFIED,REVIEW,NONE,61dd7acfa60b711dbcd05af3075a373fd98d919ece4950ca4cdaff2d31b61012,5f5e4615ced0c6d877fd0f1dccaa3b0e4d515ef0f31285b4822a521b9d20ec6d,https://www.sec.gov/Archives/edgar/data/912595/000095017025061071/maa-20250430.htm,EXACT_KEY_REVIEWED_VALIDATION_NOT_APPLY
1363,2025,Q2,48511,MAA,0000950170-25-100254,SEC_8K_ITEM_2_02,2025-07-31T00:15:15Z,,,NO_TIMESTAMP_DIFFERENCE,VERIFIED,REVIEW,NONE,6ab69a8beb1aa5c8903f55474b8fe0b3ed8832b083ed32d188bbbc728840d056,267db12f654ffcf726911f0c1685d9b93785f36dbd9bd38414cb0a871d4ca18e,https://www.sec.gov/Archives/edgar/data/912595/000095017025100254/maa-20250730.htm,EXACT_KEY_REVIEWED_VALIDATION_NOT_APPLY
1363,2025,Q3,48512,MAA,0001193125-25-256342,SEC_8K_ITEM_2_02,2025-10-30T00:15:33Z,,,NO_TIMESTAMP_DIFFERENCE,VERIFIED,REVIEW,NONE,c7b9a3da67478458f19ffd7dac618ca8a5732cb77905bdf1f1e69028f3648d11,0a4349d37e5a303bcbafb53e6a5bbed831493af0b48593aa63f32c47c1577827,https://www.sec.gov/Archives/edgar/data/912595/000119312525256342/maa-20251029.htm,EXACT_KEY_REVIEWED_VALIDATION_NOT_APPLY
1363,2025,Q4,48513,MAA,0001193125-26-037610,SEC_8K_ITEM_2_02,2026-02-05T02:15:30Z,,,NO_TIMESTAMP_DIFFERENCE,VERIFIED,REVIEW,NONE,76da3810eba399df3b3f3b24e51ddd9940af68ff30c22ed3adb45347359d2a6c,ac7c38769e030fcc18a696d4da9823e271245ef200afa5c1d3715c20d981af51,https://www.sec.gov/Archives/edgar/data/912595/000119312526037610/maa-20260204.htm,EXACT_KEY_REVIEWED_VALIDATION_NOT_APPLY
1363,2026,Q1,48514,MAA,0001193125-26-191620,SEC_8K_ITEM_2_02,2026-04-30T00:15:20Z,,,NO_TIMESTAMP_DIFFERENCE,VERIFIED,REVIEW,NONE,61a0a35d1d3e5cc3fa40c4d2ef7fbc16763e60b4f0a5e29d0e4e5736a6349ff4,3da1880dd742dc087e0f6bcb97ef92b5290cba7c8fa6ffa5d137879dd8b0847f,https://www.sec.gov/Archives/edgar/data/912595/000119312526191620/maa-20260429.htm,EXACT_KEY_REVIEWED_VALIDATION_NOT_APPLY
1363,2026,Q2,48515,MAA,0001193125-26-323756,SEC_8K_ITEM_2_02,2026-07-30T00:15:19Z,,,NO_TIMESTAMP_DIFFERENCE,VERIFIED,REVIEW,NONE,be7df4541bd6c2eeb4b32f918849494c3c14a7a4bd4e1423922895cfa6f0f8ba,9880ef2577dabccf9c34b1f62b2cfb444afb572928cdd5c1ff587d7e6fe13908,https://www.sec.gov/Archives/edgar/data/912595/000119312526323756/maa-20260729.htm,EXACT_KEY_REVIEWED_VALIDATION_NOT_APPLY
1377,2025,Q1,49037,MAX,0001818383-25-000057,SEC_8K_ITEM_2_02,2025-05-01T00:09:45Z,,,NO_TIMESTAMP_DIFFERENCE,VERIFIED,REVIEW,NONE,ab0df33d98d317ca2c972d1ba492d0a618b42b7f88620c335165091216ff619f,99af62305b95b03eb158734e9786f722c99a2505fbc325801fff6dd3c27b718d,https://www.sec.gov/Archives/edgar/data/1818383/000181838325000057/max-20250430.htm,EXACT_KEY_REVIEWED_VALIDATION_NOT_APPLY
1377,2025,Q2,49038,MAX,0001818383-25-000095,SEC_8K_ITEM_2_02,2025-08-07T00:18:21Z,,,NO_TIMESTAMP_DIFFERENCE,VERIFIED,REVIEW,NONE,3f263cbf3fe272900283fc3c5ff30591a87af257afa22715224ce7798fad4c37,c32b087cd7bc378f56ba247965c0f7703550b0ea5c608a832a2715ab48d81054,https://www.sec.gov/Archives/edgar/data/1818383/000181838325000095/max-20250804.htm,EXACT_KEY_REVIEWED_VALIDATION_NOT_APPLY
1377,2025,Q3,49039,MAX,0001818383-25-000124,SEC_8K_ITEM_2_02,2025-10-30T00:12:59Z,,,NO_TIMESTAMP_DIFFERENCE,VERIFIED,REVIEW,NONE,7515426e2e58b2384046679fcc9bc9c3f31317b09ea21feba4019d0681b7e745,c148ad0d1d497d8773588bcf65f6b64a7e194b52a6f9d6a2cfea0eb37c8a5575,https://www.sec.gov/Archives/edgar/data/1818383/000181838325000124/max-20251028.htm,EXACT_KEY_REVIEWED_VALIDATION_NOT_APPLY
1377,2025,Q4,49040,MAX,0001818383-26-000047,SEC_8K_ITEM_2_02,2026-02-24T02:09:57Z,,,NO_TIMESTAMP_DIFFERENCE,VERIFIED,REVIEW,NONE,b424d39b4c16f39b793bc672c7b6bb1e83832101a662fad308133654be30b9a7,3061ad82f71e6c3f6657622a6b6ae3b791b932fe5e3b5e8320f574da8d080fa0,https://www.sec.gov/Archives/edgar/data/1818383/000181838326000047/max-20260218.htm,EXACT_KEY_REVIEWED_VALIDATION_NOT_APPLY
1377,2026,Q1,49041,MAX,0001818383-26-000117,SEC_8K_ITEM_2_02,2026-04-30T00:07:44Z,,,NO_TIMESTAMP_DIFFERENCE,VERIFIED,REVIEW,NONE,8627927e171beece2cd30ff4f3b727d7398dcf02002071ceaf0fec36989310b5,fdcbb1ee3fabde35e9eb39e2137ad3c4a3f23ca884330e05a6b567f9e45e5c40,https://www.sec.gov/Archives/edgar/data/1818383/000181838326000117/max-20260429.htm,EXACT_KEY_REVIEWED_VALIDATION_NOT_APPLY
1377,2026,Q2,49042,MAX,0001818383-26-000198,SEC_8K_ITEM_2_02,2026-07-30T00:07:58Z,,,NO_TIMESTAMP_DIFFERENCE,VERIFIED,REVIEW,NONE,910a555132dc5bb8f641f72d3069edaa1f71c2d19d54a89426a3c25a48cb4aec,16e3720012a47c5eafb62a738613af2b97838cabcce580930fa6c4a0b024e552,https://www.sec.gov/Archives/edgar/data/1818383/000181838326000198/max-20260729.htm,EXACT_KEY_REVIEWED_VALIDATION_NOT_APPLY
1399,2026,Q2,49850,MDXG,0001376339-26-000074,SEC_8K_ITEM_2_02,2026-07-29T20:08:19Z,,,NO_TIMESTAMP_DIFFERENCE,VERIFIED,REVIEW,NONE,58b02b547f958310dfba439568535b5a219da414ef8019aec61ecd3c70857e8d,2534d7ad5f225d45250e4bb5bffa25619b9bfc86b206dc1831187da56d81b03c,https://www.sec.gov/Archives/edgar/data/1376339/000137633926000074/mdxg-20260729.htm,EXACT_KEY_REVIEWED_VALIDATION_NOT_APPLY
1404,2025,Q1,50040,MELI,0001099590-25-000025,SEC_8K_ITEM_2_02,2025-05-07T20:01:57Z,,,NO_TIMESTAMP_DIFFERENCE,VERIFIED,REVIEW,NONE,a3a500f703872b07fa5cde94476107d36d5715c3efbdeae7a251f80d7eda0f9c,73192b263aea8a9b92f482ca7ce1706f4dc3f06c6add80cb41ca4109f8c7cc1e,https://www.sec.gov/Archives/edgar/data/1099590/000109959025000025/meli-20250507.htm,EXACT_KEY_REVIEWED_VALIDATION_NOT_APPLY
1404,2025,Q2,50041,MELI,0001099590-25-000041,SEC_8K_ITEM_2_02,2025-08-04T20:01:19Z,,,NO_TIMESTAMP_DIFFERENCE,VERIFIED,REVIEW,NONE,6de363b640364fc250d038e7d4838bcf2fb2b91b7c42aed52c1e3a0d4798e5b8,45c2b024a51683d55632bd7ccf891564c9bf2b082bf2e0c6a03138955875edb4,https://www.sec.gov/Archives/edgar/data/1099590/000109959025000041/meli-20250804.htm,EXACT_KEY_REVIEWED_VALIDATION_NOT_APPLY
1404,2026,Q1,50044,MELI,0001099590-26-000014,SEC_8K_ITEM_2_02,2026-05-07T20:00:57Z,,,NO_TIMESTAMP_DIFFERENCE,VERIFIED,REVIEW,NONE,61a3a1910046f0d952e2866c187e4980663d7cf21029931b612aca1d9692cc32,8910ce9c4db65672c9d3bdbf5c4b438921dcbec828d8f937429bc5a465857214,https://www.sec.gov/Archives/edgar/data/1099590/000109959026000014/meli-20260507.htm,EXACT_KEY_REVIEWED_VALIDATION_NOT_APPLY
1404,2026,Q2,50045,MELI,0001099590-26-000021,SEC_8K_ITEM_2_02,2026-08-05T20:00:58Z,,,NO_TIMESTAMP_DIFFERENCE,VERIFIED,REVIEW,NONE,577b34fe44cdacc2f8b4de04d1dc7519508a4b078e02e0290ab94f3f34a315a6,e7d4c1b579f6ba85718c7c192f4b6764701617ded8c947f333bcde19b752fb24,https://www.sec.gov/Archives/edgar/data/1099590/000109959026000021/meli-20260805.htm,EXACT_KEY_REVIEWED_VALIDATION_NOT_APPLY
1423,2025,Q1,50750,MIND,0001437749-24-019824,SEC_8K_ITEM_2_02,2024-06-10T20:26:22Z,,,NO_TIMESTAMP_DIFFERENCE,VERIFIED,REVIEW,NONE,714002b7a0b692535a1b1c6d1b3cf90eca85a31fb2cb398551563e7002dbcf4a,75a364d6d841810145a561c233ae48e13f406814d8af00ea0ddc4e27b476fed5,https://www.sec.gov/Archives/edgar/data/926423/000143774924019824/mind20240507c_8k.htm,EXACT_KEY_REVIEWED_VALIDATION_NOT_APPLY
1423,2025,Q2,50751,MIND,0001437749-24-028976,SEC_8K_ITEM_2_02,2024-09-11T20:39:39Z,,,NO_TIMESTAMP_DIFFERENCE,VERIFIED,REVIEW,NONE,af7cc0f73248abb4f6bee5320a10d03621efed499459f7cc6110c01b98725b0d,d77b6df30583f8eb9699c276f63222931171f3b7598c1b67b7b7eb35d1554004,https://www.sec.gov/Archives/edgar/data/926423/000143774924028976/mind20240620_8k.htm,EXACT_KEY_REVIEWED_VALIDATION_NOT_APPLY
1423,2025,Q3,50752,MIND,0001437749-24-037115,SEC_8K_ITEM_2_02,2024-12-10T21:25:12Z,,,NO_TIMESTAMP_DIFFERENCE,VERIFIED,REVIEW,NONE,05de870ae9937c8b1f1a465f65430b26ec35814d5b96bec93a00b6137f9e1c97,8524cdd9dcbcb6f2de5f8e99723c64cd09a4de92413ecbf63b104601ed4b8622,https://www.sec.gov/Archives/edgar/data/926423/000143774924037115/mind20240917_8k.htm,EXACT_KEY_REVIEWED_VALIDATION_NOT_APPLY
1423,2025,Q4,50753,MIND,0001437749-25-012695,SEC_8K_ITEM_2_02,2025-04-22T20:29:20Z,,,NO_TIMESTAMP_DIFFERENCE,VERIFIED,REVIEW,NONE,bb8409a3893b64de5ca4b6fff0b9355f9d9b8704246df27a49af6efba11b6bd5,4e76e1613fd1c202cb02dd7b4532fdd4ba1c0c682fc24c0d8e8a306c93fcdadb,https://www.sec.gov/Archives/edgar/data/926423/000143774925012695/mind20241125_8k.htm,EXACT_KEY_REVIEWED_VALIDATION_NOT_APPLY
1423,2026,Q1,50754,MIND,0001437749-25-019991,SEC_8K_ITEM_2_02,2025-06-10T20:29:05Z,,,NO_TIMESTAMP_DIFFERENCE,VERIFIED,REVIEW,NONE,6f77e9e5d6ebe38833a2c015de4fa4215c2bf9c878f9899a6fea422bf0cd881f,da832a08cbacf6d28068aa1b60e00cc4902faaf21b4962a176d59d0db5c9bc43,https://www.sec.gov/Archives/edgar/data/926423/000143774925019991/mind20250206_8k.htm,EXACT_KEY_REVIEWED_VALIDATION_NOT_APPLY
1423,2026,Q2,50755,MIND,0001437749-25-028692,SEC_8K_ITEM_2_02,2025-09-09T20:26:31Z,,,NO_TIMESTAMP_DIFFERENCE,VERIFIED,REVIEW,NONE,3ac56b37fd9c3a74b91615c1fe3fab5ef4e18d46261ab42daa329183b1fe4e55,b4ca7be0993ad44a1418dbfc9b5440ed3f30eab4bec9a18b144d307256bc9ac2,https://www.sec.gov/Archives/edgar/data/926423/000143774925028692/mind20250627_8k.htm,EXACT_KEY_REVIEWED_VALIDATION_NOT_APPLY
1423,2026,Q3,50756,MIND,0001437749-25-037259,SEC_8K_ITEM_2_02,2025-12-09T21:26:21Z,,,NO_TIMESTAMP_DIFFERENCE,VERIFIED,REVIEW,NONE,4123884639e8de379c4cb72c84c043a42fb256d67ab815379de4c935dfaf12d4,ab22f9f0167e274d4d401a7e7d9843f8ea2d430f9511a3eed9a1c8b335ed1eca,https://www.sec.gov/Archives/edgar/data/926423/000143774925037259/mind20250917_8k.htm,EXACT_KEY_REVIEWED_VALIDATION_NOT_APPLY
1423,2026,Q4,50757,MIND,0001437749-26-012420,SEC_8K_ITEM_2_02,2026-04-15T20:39:46Z,,,NO_TIMESTAMP_DIFFERENCE,VERIFIED,REVIEW,NONE,9e149d0692e9605340d337c6c8c6db1c13bcfecd2c0f0384da6438bb68599a75,53d9c6bab0b06df288b2da166b17dfd509d666313700fc53858779f6fdcc3b70,https://www.sec.gov/Archives/edgar/data/926423/000143774926012420/mind20251217_8k.htm,EXACT_KEY_REVIEWED_VALIDATION_NOT_APPLY
1443,2025,Q1,51444,MNKD,0000950170-25-066426,SEC_8K_ITEM_2_02,2025-05-08T12:08:08Z,,,NO_TIMESTAMP_DIFFERENCE,VERIFIED,REVIEW,NONE,0345fa740b9e6635ad2dfb77c61c7673e0798383043db483159760af1ad0ef07,527f915b99508edb80393cbae4cf10468eaea82a739aea05232286c16bb257c3,https://www.sec.gov/Archives/edgar/data/899460/000095017025066426/mnkd-20250508.htm,EXACT_KEY_REVIEWED_VALIDATION_NOT_APPLY
1457,2025,Q1,51924,MPAA,0001140361-24-036287,SEC_8K_ITEM_2_02,2024-08-08T11:59:11Z,,,NO_TIMESTAMP_DIFFERENCE,VERIFIED,REVIEW,NONE,866e017c9a64533f15ee4c8a3b30d3ccb02f9becc66bfc41d8f0d38b9a7aacdb,7ec1f7e7f0d99d2b7a3366e5faad3f0908535b50394cdd419a73ed2bb5f6f173,https://www.sec.gov/Archives/edgar/data/918251/000114036124036287/ef20033577_8k.htm,EXACT_KEY_REVIEWED_VALIDATION_NOT_APPLY
1457,2025,Q2,51925,MPAA,0001140361-24-046024,SEC_8K_ITEM_2_02,2024-11-12T12:58:16Z,,,NO_TIMESTAMP_DIFFERENCE,VERIFIED,REVIEW,NONE,0e080061685d7f5d9d3662248da4ce7c19a50c1762d23d68f9863c2939d34f25,823db11e06062b83498da6b1a6e9357c8a22ed154daddaee923a6263c3ffe6fc,https://www.sec.gov/Archives/edgar/data/918251/000114036124046024/ef20038262_8k.htm,EXACT_KEY_REVIEWED_VALIDATION_NOT_APPLY
1457,2025,Q3,51926,MPAA,0001140361-25-003643,SEC_8K_ITEM_2_02,2025-02-10T12:58:17Z,,,NO_TIMESTAMP_DIFFERENCE,VERIFIED,REVIEW,NONE,abe5d43896e96ddd23bb4ecea4e2ffbe6c662e9430bd86912af2680c9396372c,5b8676c15d4f3837e9a6c376620347a0248f443980eaf5594e6878c354d6c341,https://www.sec.gov/Archives/edgar/data/918251/000114036125003643/ef20042936_8k.htm,EXACT_KEY_REVIEWED_VALIDATION_NOT_APPLY
1487,2025,Q1,53034,MTRX,0000866273-24-000112,SEC_8K_ITEM_2_02,2024-11-06T21:17:26Z,,,NO_TIMESTAMP_DIFFERENCE,VERIFIED,REVIEW,NONE,fc50e468b3958824580da53a83086735e64b2d8a1a51f340c9773986c47dba2b,ea2df02df3842e32f0120c1a555daef0122543a2b2fe6133751b5cdc2f3de246,https://www.sec.gov/Archives/edgar/data/866273/000086627324000112/mtrx-20241106.htm,EXACT_KEY_REVIEWED_VALIDATION_NOT_APPLY
1487,2025,Q2,53035,MTRX,0000866273-25-000013,SEC_8K_ITEM_2_02,2025-02-05T21:40:10Z,,,NO_TIMESTAMP_DIFFERENCE,VERIFIED,REVIEW,NONE,c634f3114091cfd51f7a2fe440a66224884a5a0dfc4faaeb76e16fbbe0968a54,8556999a50b98bf3f29d689c79b3989c2e5c2df182f31c0e535c3359d1f268e6,https://www.sec.gov/Archives/edgar/data/866273/000086627325000013/mtrx-20250205.htm,EXACT_KEY_REVIEWED_VALIDATION_NOT_APPLY
1487,2025,Q3,53036,MTRX,0000866273-25-000027,SEC_8K_ITEM_2_02,2025-05-07T20:13:36Z,,,NO_TIMESTAMP_DIFFERENCE,VERIFIED,REVIEW,NONE,12e0d6ebdedc34d9f66ca64bd0053ac5091d9df4379a8021c48143bc11eb4334,3f9fe900e0c0d247c85c4b5d76013edcb0238609cc23702bb0195246393009e3,https://www.sec.gov/Archives/edgar/data/866273/000086627325000027/mtrx-20250507.htm,EXACT_KEY_REVIEWED_VALIDATION_NOT_APPLY
1487,2025,Q4,53037,MTRX,0000866273-25-000066,SEC_8K_ITEM_2_02,2025-09-09T20:19:50Z,,,NO_TIMESTAMP_DIFFERENCE,VERIFIED,REVIEW,NONE,8f0b2547de34f8ae720b0b84594197df7b1c8b87c14772652d2f158ac62fe992,2685e2de0b4ee5e293f048d293cd8dbb707c5a06cc0ad000515b33b9a62136d2,https://www.sec.gov/Archives/edgar/data/866273/000086627325000066/mtrx-20250909.htm,EXACT_KEY_REVIEWED_VALIDATION_NOT_APPLY
1487,2026,Q1,53038,MTRX,0000866273-25-000098,SEC_8K_ITEM_2_02,2025-11-05T21:53:49Z,,,NO_TIMESTAMP_DIFFERENCE,VERIFIED,REVIEW,NONE,2876fdad0a47fdfcf81c8cdded341c2fd18412a946321fb0d231f915e36e1cbe,14cd933dddd7cf1235acbe41605bc6f5d3d11bd435439a312a24984efd0c7c96,https://www.sec.gov/Archives/edgar/data/866273/000086627325000098/mtrx-20251105.htm,EXACT_KEY_REVIEWED_VALIDATION_NOT_APPLY
1487,2026,Q2,53039,MTRX,0000866273-26-000012,SEC_8K_ITEM_2_02,2026-02-04T21:50:17Z,,,NO_TIMESTAMP_DIFFERENCE,VERIFIED,REVIEW,NONE,099a797865975353ad05318da53cd82d4e1f8f3520ec953bc9a2bdf532f741e4,79ad6931da9e6aeb6becf7f7bb2dd0726a17da23c9c59b567dd56d2b760059cb,https://www.sec.gov/Archives/edgar/data/866273/000086627326000012/mtrx-20260204.htm,EXACT_KEY_REVIEWED_VALIDATION_NOT_APPLY
1497,2025,Q1,53446,MUX,0001104659-25-047845,SEC_8K_ITEM_2_02,2025-05-13T20:20:33Z,,,NO_TIMESTAMP_DIFFERENCE,VERIFIED,REVIEW,NONE,0dd4c65068c2ddf868091d7243819f775cfe2191bd86c7b1f385e31c61d004d9,02ddbda18e36653a9b2a5506eabb751b936a1ece79c7415dc052c38459e9a7b1,https://www.sec.gov/Archives/edgar/data/314203/000110465925047845/tm2514850d1_8k.htm,EXACT_KEY_REVIEWED_VALIDATION_NOT_APPLY
1497,2025,Q2,53447,MUX,0001104659-25-075735,SEC_8K_ITEM_2_02,2025-08-08T20:59:21Z,,,NO_TIMESTAMP_DIFFERENCE,VERIFIED,REVIEW,NONE,35ef1ddfea0606cb860544ba4ea657cc411c57d8997d08e5e8bb665a058dd4e9,6f2255dc23e3ccc844148e87c2382a2e1cb1c879a9b691c7591f9c288fd4ec57,https://www.sec.gov/Archives/edgar/data/314203/000110465925075735/tm2522962d1_8k.htm,EXACT_KEY_REVIEWED_VALIDATION_NOT_APPLY
1497,2026,Q1,53450,MUX,0001104659-26-057585,SEC_8K_ITEM_2_02,2026-05-08T12:19:28Z,,,NO_TIMESTAMP_DIFFERENCE,VERIFIED,REVIEW,NONE,f5e89a55efbafa7de2175a612dcc8bce76a07b9acb61de42415a49124951cdcf,d1f5adf06fbaf302d9a308fe08177b5687e7aff1228f14acd84d86cc3be219f4,https://www.sec.gov/Archives/edgar/data/314203/000110465926057585/tm2614010d1_8k.htm,EXACT_KEY_REVIEWED_VALIDATION_NOT_APPLY
1497,2026,Q2,53451,MUX,0001104659-26-092719,SEC_8K_ITEM_2_02,2026-08-07T20:15:34Z,,,NO_TIMESTAMP_DIFFERENCE,VERIFIED,REVIEW,NONE,78dcf0204047ece69dc4fe5fc3a0cadbf0eb13a24e0e3792fbf5a963db375159,a7b8be9274338c8d1b59698cc523cea50e7a460cd4aeeb9d3ce7df84377a5446,https://www.sec.gov/Archives/edgar/data/314203/000110465926092719/tm2622532d1_8k.htm,EXACT_KEY_REVIEWED_VALIDATION_NOT_APPLY
1508,2025,Q2,53850,MYSZ,0001641172-25-024282,SEC_8K_ITEM_2_02,2025-08-15T17:00:53Z,,,NO_TIMESTAMP_DIFFERENCE,VERIFIED,REVIEW,NONE,08b2f14db9e1315b88e01cf7252a2b05acafffad9c0cb6fd2d36da80854b8c5a,802a2e281f3c359a0e9eb4db478036d64d0633a8cee3b0ebd5657be15a4cfcd7,https://www.sec.gov/Archives/edgar/data/1211805/000164117225024282/form8-k.htm,EXACT_KEY_REVIEWED_VALIDATION_NOT_APPLY
1522,2025,Q1,54339,NDSN,0000072331-25-000030,SEC_8K_ITEM_2_02,2025-02-19T21:39:12Z,,,NO_TIMESTAMP_DIFFERENCE,VERIFIED,REVIEW,NONE,fff46698605c7d50367103d5504cc246538e866cbf9f6c6534ab5f962aebf39c,321eaf9c4cfe74ac7785b251639980894fd01509c442e4349286066a48bc684c,https://www.sec.gov/Archives/edgar/data/72331/000007233125000030/ndsn-20250219.htm,EXACT_KEY_REVIEWED_VALIDATION_NOT_APPLY
1522,2025,Q2,54340,NDSN,0000072331-25-000053,SEC_8K_ITEM_2_02,2025-05-28T20:35:55Z,,,NO_TIMESTAMP_DIFFERENCE,VERIFIED,REVIEW,NONE,bdd4a8a86c9cbd0b8366fbf1385588128a2cd2f5d5884641c382115eae949bab,e5076e4802b9b7c0cc0854b61f14b5e076135d22e30a731e8e664bc1ac9ecd1d,https://www.sec.gov/Archives/edgar/data/72331/000007233125000053/ndsn-20250528.htm,EXACT_KEY_REVIEWED_VALIDATION_NOT_APPLY
1522,2025,Q3,54341,NDSN,0000072331-25-000112,SEC_8K_ITEM_2_02,2025-08-20T20:36:22Z,,,NO_TIMESTAMP_DIFFERENCE,VERIFIED,REVIEW,NONE,b7d571bfcd2f3a50c83beaac537b458038fae82a0343b9a2261b32ba4eece753,acf757214f40f058afe7a9f37b4912309cc0141779cc0587e9e8aba924adab51,https://www.sec.gov/Archives/edgar/data/72331/000007233125000112/ndsn-20250820.htm,EXACT_KEY_REVIEWED_VALIDATION_NOT_APPLY
1522,2025,Q4,54342,NDSN,0000072331-25-000138,SEC_8K_ITEM_2_02,2025-12-10T21:34:22Z,,,NO_TIMESTAMP_DIFFERENCE,VERIFIED,REVIEW,NONE,4b887ace1077926959869e5dd4d14ae2bb20db69766b4f214aa9630d8a310700,826d896fc58d0481fed7d91f0eb993ea040cf6fdd2989daa4a788b9eb79ee21b,https://www.sec.gov/Archives/edgar/data/72331/000007233125000138/ndsn-20251210.htm,EXACT_KEY_REVIEWED_VALIDATION_NOT_APPLY
1522,2026,Q1,54343,NDSN,0000072331-26-000011,SEC_8K_ITEM_2_02,2026-02-18T21:31:31Z,,,NO_TIMESTAMP_DIFFERENCE,VERIFIED,REVIEW,NONE,9c208f1ca7b937c8641a816a139429088d0691dfab313deaadd9c77d065da1c9,2188f06eca64207ae000df8812c515e5d97cc5012e8b9149972303d94af12fd2,https://www.sec.gov/Archives/edgar/data/72331/000007233126000011/ndsn-20260218.htm,EXACT_KEY_REVIEWED_VALIDATION_NOT_APPLY
1599,2025,Q1,56975,NWN,0001733998-25-000091,SEC_8K_ITEM_2_02,2025-05-05T23:00:55Z,,,NO_TIMESTAMP_DIFFERENCE,VERIFIED,REVIEW,NONE,5407a90be8c760aadc6f58cb19c28afd862af4bc319b27ee764182a8bd382fd3,91b194907f86e8bf07ab06aa604ebffadc9d317ea244c6c501dd8dad00932e91,https://www.sec.gov/Archives/edgar/data/1733998/000173399825000091/nwn-20250506.htm,EXACT_KEY_REVIEWED_VALIDATION_NOT_APPLY
1599,2025,Q2,56976,NWN,0001733998-25-000130,SEC_8K_ITEM_2_02,2025-08-04T23:42:53Z,,,NO_TIMESTAMP_DIFFERENCE,VERIFIED,REVIEW,NONE,2f3bab8af8d18aa249a5f48c518e8e80767e7ba7cf965342d2a778eea65040fe,fe22cc17b0fbadfed92a1bc594a16119c94f127ced5f94d26ebc0ed606c8d6f5,https://www.sec.gov/Archives/edgar/data/1733998/000173399825000130/nwn-20250805.htm,EXACT_KEY_REVIEWED_VALIDATION_NOT_APPLY
1599,2026,Q1,56979,NWN,0001733998-26-000085,SEC_8K_ITEM_2_02,2026-05-05T21:42:52Z,,,NO_TIMESTAMP_DIFFERENCE,VERIFIED,REVIEW,NONE,e90500e436ec62bf119eea96e7d9f82a7b722f040f5668caeee1b757d01921c5,f8c971ce99bc01891715b5e825e241446d6a54280f43629a4f8e5b56874a035d,https://www.sec.gov/Archives/edgar/data/1733998/000173399826000085/nwn-20260506.htm,EXACT_KEY_REVIEWED_VALIDATION_NOT_APPLY
1599,2026,Q2,56980,NWN,0001733998-26-000125,SEC_8K_ITEM_2_02,2026-08-04T22:32:06Z,,,NO_TIMESTAMP_DIFFERENCE,VERIFIED,REVIEW,NONE,f11afc0346b6939ff162b0c464ee799416d804a6c099b2203fb768245ea64860,0c1d4bad62d6c56eb5f05e43501b3cc74faee43c9889a0df82a4d0c47f9ae852,https://www.sec.gov/Archives/edgar/data/1733998/000173399826000125/nwn-20260805.htm,EXACT_KEY_REVIEWED_VALIDATION_NOT_APPLY
1602,2025,Q1,57073,NX,0001171843-25-001365,SEC_8K_ITEM_2_02,2025-03-11T00:17:11Z,,,NO_TIMESTAMP_DIFFERENCE,VERIFIED,REVIEW,NONE,23bf67379bb1f8b46370bbbfc430998e30201798ab3ad26efbd49e5bc5d47354,ca836edce8ca2b2e8b9d6d80dbcf1fe1823fc0389bcb63a726f48180db55c071,https://www.sec.gov/Archives/edgar/data/1423221/000117184325001365/f8k_031025.htm,EXACT_KEY_REVIEWED_VALIDATION_NOT_APPLY
1602,2025,Q2,57074,NX,0001171843-25-003726,SEC_8K_ITEM_2_02,2025-06-06T00:17:35Z,,,NO_TIMESTAMP_DIFFERENCE,VERIFIED,REVIEW,NONE,a85f9b0c0844d5184bdddc905eb1dd0b2a62f66f6c5063b1ca35e815e231afa0,c8cf7bb0dd371e31ad07568d337316c49fae13384c58b414ca53e2395c8833ee,https://www.sec.gov/Archives/edgar/data/1423221/000117184325003726/f8k_060525.htm,EXACT_KEY_REVIEWED_VALIDATION_NOT_APPLY
1602,2025,Q3,57075,NX,0001171843-25-005746,SEC_8K_ITEM_2_02,2025-09-05T00:18:07Z,,,NO_TIMESTAMP_DIFFERENCE,VERIFIED,REVIEW,NONE,9de9c3cf09cd9b80ac709592036620add02b9476d801abfceb5e1aee56ed5ea3,c2042f3a8dad225d76b0b81f9c66dd5db8b1605eb37adb36ba361777b853cc69,https://www.sec.gov/Archives/edgar/data/1423221/000117184325005746/f8k_090425.htm,EXACT_KEY_REVIEWED_VALIDATION_NOT_APPLY
1602,2025,Q4,57076,NX,0001171843-25-007891,SEC_8K_ITEM_2_02,2025-12-12T02:17:27Z,,,NO_TIMESTAMP_DIFFERENCE,VERIFIED,REVIEW,NONE,da276c6c17293b338e2894d41e4342d3c5ed6d72a1b60c9d84841b17f8b78de7,89a65aa4a7af464f9c32f0129eaf01565f3af45b992e41ca98bdafc5a7549c84,https://www.sec.gov/Archives/edgar/data/1423221/000117184325007891/f8k_121125.htm,EXACT_KEY_REVIEWED_VALIDATION_NOT_APPLY
1602,2026,Q1,57077,NX,0001171843-26-001364,SEC_8K_ITEM_2_02,2026-03-06T02:17:28Z,,,NO_TIMESTAMP_DIFFERENCE,VERIFIED,REVIEW,NONE,fa80eb44189d9158e261a75cfa4024677ebfc1d15bed3c5378c9afdbc814675e,420831cab508108887854fe3d374bae0659f9b4f373174e0c11fb9eeada16cc3,https://www.sec.gov/Archives/edgar/data/1423221/000117184326001364/f8k_030526.htm,EXACT_KEY_REVIEWED_VALIDATION_NOT_APPLY
1630,2025,Q1,58056,OKTA,0001660134-24-000085,SEC_8K_ITEM_2_02,2024-05-30T00:02:57Z,,,NO_TIMESTAMP_DIFFERENCE,VERIFIED,REVIEW,NONE,ac7a8e729b1e346d71a6a8e347e2f09cf180865fe6a5d877cc259f70296eda52,4dcbbe011a9db2103c60298726c1c29667d97af4207e96b6e4e7bfd24f7295dc,https://www.sec.gov/Archives/edgar/data/1660134/000166013424000085/okta-20240529.htm,EXACT_KEY_REVIEWED_VALIDATION_NOT_APPLY
1630,2025,Q2,58057,OKTA,0001660134-24-000134,SEC_8K_ITEM_2_02,2024-08-29T00:02:24Z,,,NO_TIMESTAMP_DIFFERENCE,VERIFIED,REVIEW,NONE,4f29e60cb6b2c04c89e57e3c6bd662bf4e570b1a8ee89ce6d33ced08174997dc,d00a7eb624715f3ca540d552101315411c519543827b3e43adc0a566b9214a31,https://www.sec.gov/Archives/edgar/data/1660134/000166013424000134/okta-20240828.htm,EXACT_KEY_REVIEWED_VALIDATION_NOT_APPLY
1630,2026,Q1,58060,OKTA,0001660134-25-000091,SEC_8K_ITEM_2_02,2025-05-28T00:06:33Z,,,NO_TIMESTAMP_DIFFERENCE,VERIFIED,REVIEW,NONE,01353493a2bb30901c2dacd00f85304dd4ca8a7482444cc6916efe7778b693fa,0ff553388003a938a7dc4b383dd9c6a437727a612e1da634d92627d52c444897,https://www.sec.gov/Archives/edgar/data/1660134/000166013425000091/okta-20250527.htm,EXACT_KEY_REVIEWED_VALIDATION_NOT_APPLY
1630,2026,Q2,58061,OKTA,0001660134-25-000156,SEC_8K_ITEM_2_02,2025-08-27T00:03:10Z,,,NO_TIMESTAMP_DIFFERENCE,VERIFIED,REVIEW,NONE,324ca2073040dff7489631245cb8c2b8f1a33eecd726bbd997fea5ae88ec53e0,59f33ed6f284af525f6cc736f98988040c8be91d219557304fbb58a58f1d363f,https://www.sec.gov/Archives/edgar/data/1660134/000166013425000156/okta-20250826.htm,EXACT_KEY_REVIEWED_VALIDATION_NOT_APPLY
1630,2026,Q3,58062,OKTA,0001660134-25-000170,SEC_8K_ITEM_2_02,2025-12-03T02:03:49Z,,,NO_TIMESTAMP_DIFFERENCE,VERIFIED,REVIEW,NONE,db659d7ff8b1d43ae24eec7966b497cc86025b42aae43046d176cab7b16f2dfb,9ea6ba8a67dc85180fe5bf0cb0051b1d7a2be8a0154273f567b25c22ba1434cc,https://www.sec.gov/Archives/edgar/data/1660134/000166013425000170/okta-20251202.htm,EXACT_KEY_REVIEWED_VALIDATION_NOT_APPLY
1630,2026,Q4,58063,OKTA,0001660134-26-000016,SEC_8K_ITEM_2_02,2026-03-05T02:04:44Z,,,NO_TIMESTAMP_DIFFERENCE,VERIFIED,REVIEW,NONE,bf209b9314cd1dc7b4b10347d1f476045657ebe17209df17799dc60aa771a943,e7be78407cae73ff158763610147e824250983a9d7c694dcd321fa4f33039dc1,https://www.sec.gov/Archives/edgar/data/1660134/000166013426000016/okta-20260304.htm,EXACT_KEY_REVIEWED_VALIDATION_NOT_APPLY
1636,2025,Q1,58266,OM,0000950170-25-065680,SEC_8K_ITEM_2_02,2025-05-08T00:15:09Z,,,NO_TIMESTAMP_DIFFERENCE,VERIFIED,REVIEW,NONE,c5b06b1c3677f6af0b4dd42ac769cd7d54a72477be7dcedb935ef645e638f3c1,8269a4a338ff349ce70c8fb9b439c4539f651ed0e51a407a62cb9abaa6c39391,https://www.sec.gov/Archives/edgar/data/1484612/000095017025065680/om-20250507.htm,EXACT_KEY_REVIEWED_VALIDATION_NOT_APPLY
1636,2025,Q2,58267,OM,0000950170-25-104054,SEC_8K_ITEM_2_02,2025-08-07T00:15:10Z,,,NO_TIMESTAMP_DIFFERENCE,VERIFIED,REVIEW,NONE,7155bba6dcb3a7c3b7ed2a821df7c3d7f080c065e3cc04fe6f2f6aa6a0b90e56,0357dc53b32fe8d6ef185c979c8ccd75e29cb031a104fc2c03a565dafcacbea9,https://www.sec.gov/Archives/edgar/data/1484612/000095017025104054/om-20250806.htm,EXACT_KEY_REVIEWED_VALIDATION_NOT_APPLY
1636,2026,Q2,58271,OM,0001193125-26-337953,SEC_8K_ITEM_2_02,2026-08-07T00:05:28Z,,,NO_TIMESTAMP_DIFFERENCE,VERIFIED,REVIEW,NONE,5fc9408b87cfbc905d02bc69899630fcc622d42f9770c2b1ae9ffdda54d76888,ca1a2a3cd4158b64f4eb9eee99be45146b50c168444ff897ed4a03bb5794ee7e,https://www.sec.gov/Archives/edgar/data/1484612/000119312526337953/om-20260806.htm,EXACT_KEY_REVIEWED_VALIDATION_NOT_APPLY
1641,2025,Q1,58470,ON,0001140361-25-017228,SEC_8K_ITEM_2_02,2025-05-05T16:05:16Z,,,NO_TIMESTAMP_DIFFERENCE,VERIFIED,REVIEW,NONE,a267bd463088071cb156f832bd4c6c12679c52e9e62c67b42bf97ab268564122,b86f1b0b63011df508e95402887f28e075eaef3e8fdaf09bb12f92c295db0607,https://www.sec.gov/Archives/edgar/data/1097864/000114036125017228/ef20048379_8k.htm,EXACT_KEY_REVIEWED_VALIDATION_NOT_APPLY
1641,2025,Q2,58471,ON,0001140361-25-028492,SEC_8K_ITEM_2_02,2025-08-04T16:05:57Z,,,NO_TIMESTAMP_DIFFERENCE,VERIFIED,REVIEW,NONE,a78fbb6177e2337b5fe5bea235bc27f1ec87c2ed4dd3795b1e64480b1e9cccb2,8b7fd53ba2d54c1e9534819e8666c5a2f3c934cc5e8e71018ba0fe994ffb8768,https://www.sec.gov/Archives/edgar/data/1097864/000114036125028492/ef20053137_8k.htm,EXACT_KEY_REVIEWED_VALIDATION_NOT_APPLY
1641,2026,Q1,58474,ON,0001140361-26-018868,SEC_8K_ITEM_2_02,2026-05-05T00:10:34Z,,,NO_TIMESTAMP_DIFFERENCE,VERIFIED,REVIEW,NONE,266221fb7a6730ee1989342cd57a884d526767868d9f52369e1d8c27cc56d96a,0089fe54ddea62cac24f4d1432fc84fb8efdc451c0da3d08aa5150c2728dded2,https://www.sec.gov/Archives/edgar/data/1097864/000114036126018868/ef20072220_8k.htm,EXACT_KEY_REVIEWED_VALIDATION_NOT_APPLY
1641,2026,Q2,58475,ON,0001140361-26-030989,SEC_8K_ITEM_2_02,2026-08-04T00:54:23Z,,,NO_TIMESTAMP_DIFFERENCE,VERIFIED,REVIEW,NONE,54871b07a61940b5dc5411520f4592afa12fbfcc7bd47e68a6f319b92a4b3d62,3c8acd5c61def7dd09e9c048410a808b47de474575c140ee1f31240c93a1da2e,https://www.sec.gov/Archives/edgar/data/1097864/000114036126030989/ef20079200_8k.htm,EXACT_KEY_REVIEWED_VALIDATION_NOT_APPLY
1658,2025,Q1,59026,ORCL,0000950170-24-104753,SEC_8K_ITEM_2_02,2024-09-09T20:17:34Z,,,NO_TIMESTAMP_DIFFERENCE,VERIFIED,REVIEW,NONE,919e47665a6bccf0a602d50d226862be4e39cd3612f7b214e7ae85d712e36e75,bf812e6479f1184ae830241cce74d1b7aee46857d3f4d2512d2a4ee6225dfdcc,https://www.sec.gov/Archives/edgar/data/1341439/000095017024104753/orcl-20240909.htm,EXACT_KEY_REVIEWED_VALIDATION_NOT_APPLY
1658,2025,Q2,59027,ORCL,0000950170-24-134537,SEC_8K_ITEM_2_02,2024-12-09T21:13:45Z,,,NO_TIMESTAMP_DIFFERENCE,VERIFIED,REVIEW,NONE,3f47afdc6ee732b1cb15074774d583a40281ddf6a9f5524e19200758900e6c85,1ae54f4ce365d4a616551c7fb243c658f3cc83fbbef3289327375eb5a8ab060a,https://www.sec.gov/Archives/edgar/data/1341439/000095017024134537/orcl-20241209.htm,EXACT_KEY_REVIEWED_VALIDATION_NOT_APPLY
1658,2025,Q3,59028,ORCL,0000950170-25-036295,SEC_8K_ITEM_2_02,2025-03-10T20:13:09Z,,,NO_TIMESTAMP_DIFFERENCE,VERIFIED,REVIEW,NONE,c4f3699c63f7737c21c0f9e5dce2ba5ef6aeea28f59ad5cfbf96598273d70b88,b13f718e36b8105d85a736914d1f5c0c2d2d9b81e50ac24c0aa5d67ecdc6876d,https://www.sec.gov/Archives/edgar/data/1341439/000095017025036295/orcl-20250310.htm,EXACT_KEY_REVIEWED_VALIDATION_NOT_APPLY
1658,2025,Q4,59029,ORCL,0000950170-25-084831,SEC_8K_ITEM_2_02,2025-06-11T20:12:02Z,,,NO_TIMESTAMP_DIFFERENCE,VERIFIED,REVIEW,NONE,f770d0482df768c888bb1da01237a8f692433cbd561a4e0cb2bdc8df13d9a2f9,9446b20599fbfce9cc554a72e338ace06ce11923625c0298b12232b0ca5058c9,https://www.sec.gov/Archives/edgar/data/1341439/000095017025084831/orcl-20250611.htm,EXACT_KEY_REVIEWED_VALIDATION_NOT_APPLY
1658,2026,Q1,59030,ORCL,0001193125-25-199175,SEC_8K_ITEM_2_02,2025-09-09T20:13:19Z,,,NO_TIMESTAMP_DIFFERENCE,VERIFIED,REVIEW,NONE,4c0e6c1c6eeb57f0923e23bc95a20a62c3efb5dc1c2ebca520227c7ac5764fde,ce15ae9ec7dd955b6c7b9b63955a8220a08f9328ec1d0e6ac8e65e6ef723d630,https://www.sec.gov/Archives/edgar/data/1341439/000119312525199175/orcl-20250909.htm,EXACT_KEY_REVIEWED_VALIDATION_NOT_APPLY
1658,2026,Q2,59031,ORCL,0001193125-25-314207,SEC_8K_ITEM_2_02,2025-12-10T21:14:38Z,,,NO_TIMESTAMP_DIFFERENCE,VERIFIED,REVIEW,NONE,f6167ee690e5aa94ae957590798946d8214f1edaf4e32873dfa97a893b51ff16,f6c4d91d2b72aed2ab53d4ee2dc9c279bb05fb432542ad92e216aed34e25b295,https://www.sec.gov/Archives/edgar/data/1341439/000119312525314207/orcl-20251210.htm,EXACT_KEY_REVIEWED_VALIDATION_NOT_APPLY
1658,2026,Q3,59032,ORCL,0001193125-26-100148,SEC_8K_ITEM_2_02,2026-03-10T20:12:51Z,,,NO_TIMESTAMP_DIFFERENCE,VERIFIED,REVIEW,NONE,88845428cefdae9d6d6b10c3ddffe8e6b6f388aea952ef0820a87286c8d79146,e8c3e893af64f9ab392acbb9fc96f2305ac910947aa7e9a71bee4a23e4cff604,https://www.sec.gov/Archives/edgar/data/1341439/000119312526100148/orcl-20260310.htm,EXACT_KEY_REVIEWED_VALIDATION_NOT_APPLY
1662,2025,Q3,59181,ORLY,0000898173-25-000055,SEC_8K_ITEM_2_02,2025-10-22T20:32:27Z,,,NO_TIMESTAMP_DIFFERENCE,VERIFIED,REVIEW,NONE,9fb65ed4cb3ef9add3a58db4e195d293dc7600425df470501964157b874d9de4,d5f492ee3ed17f88e805aa4ba9ad53c575eb7cd995b7fb1e8bfc0b4b62492124,https://www.sec.gov/Archives/edgar/data/898173/000089817325000055/orly-20251022x8k.htm,EXACT_KEY_REVIEWED_VALIDATION_NOT_APPLY
1662,2025,Q4,59182,ORLY,0000898173-26-000006,SEC_8K_ITEM_2_02,2026-02-04T21:34:03Z,,,NO_TIMESTAMP_DIFFERENCE,VERIFIED,REVIEW,NONE,73b232d683b90e693b8b93284f4a5f80f53050bf1b93ef572fd294febf14736e,a1bad786a39fe6f08190206cd301cb114a5d06bfceb28a68af3a0a1aeb6cd4e0,https://www.sec.gov/Archives/edgar/data/898173/000089817326000006/orly-20260204x8k.htm,EXACT_KEY_REVIEWED_VALIDATION_NOT_APPLY
1668,2025,Q1,59420,OSUR,0001116463-25-000037,SEC_8K_ITEM_2_02,2025-05-07T20:15:44Z,,,NO_TIMESTAMP_DIFFERENCE,VERIFIED,REVIEW,NONE,364f22d428e3a19dc965e5017f583ac1a702cefd6edef573ba1fcf7b482a8995,cba6fd9130762bc2baf1b7c0c4e4f7563d3250a6482280a8869829bf0ca48686,https://www.sec.gov/Archives/edgar/data/1116463/000111646325000037/osur-20250507.htm,EXACT_KEY_REVIEWED_VALIDATION_NOT_APPLY
1668,2025,Q2,59421,OSUR,0001628280-25-037806,SEC_8K_ITEM_2_02,2025-08-05T20:07:23Z,,,NO_TIMESTAMP_DIFFERENCE,VERIFIED,REVIEW,NONE,0fc19d84a642670f45f3fdee1e7cb4661f477a07990c4131645abb8802f8f059,c9c30bc53bc012393c2d2aa114d619cdb0ce214bf3a2c805ccc766fd8e26f4b7,https://www.sec.gov/Archives/edgar/data/1116463/000162828025037806/osur-20250805.htm,EXACT_KEY_REVIEWED_VALIDATION_NOT_APPLY
1668,2025,Q3,59422,OSUR,0001116463-25-000053,SEC_8K_ITEM_2_02,2025-11-05T21:50:13Z,,,NO_TIMESTAMP_DIFFERENCE,VERIFIED,REVIEW,NONE,b5f36f62a76bbe21a32a537b70d7a26bd39b5ca81d0fb87aed6514f2aa19775b,8cf7dffc51ea6a7b90c7cc3123d8cf2e4dfb29015cab96f045b5f9f452193879,https://www.sec.gov/Archives/edgar/data/1116463/000111646325000053/osur-20251105.htm,EXACT_KEY_REVIEWED_VALIDATION_NOT_APPLY
1668,2025,Q4,59423,OSUR,0001116463-26-000009,SEC_8K_ITEM_2_02,2026-02-25T21:13:25Z,,,NO_TIMESTAMP_DIFFERENCE,VERIFIED,REVIEW,NONE,76b0096045af50db9c6fd984d9dad14e31d080a89e879dfd8751b2b37934dbde,990592b336f8925148335bc11aa35740627fe68a23b828b9961d1ffc6f843d7e,https://www.sec.gov/Archives/edgar/data/1116463/000111646326000009/osur-20260225.htm,EXACT_KEY_REVIEWED_VALIDATION_NOT_APPLY
1697,2025,Q1,60479,PBF,0001534504-25-000027,SEC_8K_ITEM_2_02,2025-05-01T14:48:45Z,,,NO_TIMESTAMP_DIFFERENCE,VERIFIED,REVIEW,NONE,8105e2d87ee23beaa277829a1e5daeade83fbb9cf9e7e1fe26249e127fa3c2a5,102e0b33fc0ab3ea636c46410f3068928723b5b78ed6811d4454e902db6296d8,https://www.sec.gov/Archives/edgar/data/1534504/000153450425000027/pbf-20250501.htm,EXACT_KEY_REVIEWED_VALIDATION_NOT_APPLY
1697,2025,Q2,60480,PBF,0001534504-25-000045,SEC_8K_ITEM_2_02,2025-07-31T14:44:38Z,,,NO_TIMESTAMP_DIFFERENCE,VERIFIED,REVIEW,NONE,21074e03638f0ff14c3f3e52bcb96687ddf49fbf4e0bd250bc802c77b401946c,542a1518b04a06e0f4448416dc2518f93e819b8e83e5b6a6f73750a76ba85c3b,https://www.sec.gov/Archives/edgar/data/1534504/000153450425000045/pbf-20250731.htm,EXACT_KEY_REVIEWED_VALIDATION_NOT_APPLY
1697,2025,Q3,60481,PBF,0001534504-25-000060,SEC_8K_ITEM_2_02,2025-10-30T14:43:35Z,,,NO_TIMESTAMP_DIFFERENCE,VERIFIED,REVIEW,NONE,9de48508cf7054319bf41ddd04efc8448e226b39795ec3de616c23a38b2a3b3c,78842a70b521d886e4924a4b8e75bd29861a1630382580edd3e5f428d614b0c6,https://www.sec.gov/Archives/edgar/data/1534504/000153450425000060/pbf-20251030.htm,EXACT_KEY_REVIEWED_VALIDATION_NOT_APPLY
1697,2025,Q4,60482,PBF,0001534504-26-000008,SEC_8K_ITEM_2_02,2026-02-12T16:42:19Z,,,NO_TIMESTAMP_DIFFERENCE,VERIFIED,REVIEW,NONE,4a85d7e7b0ac63cfd36e50e2bda95f335f332d4961aed16a2e41f3f321985b56,4dfbe1b627aef9080f028957a7696ec332c054c399438d0c913e5f66081224b6,https://www.sec.gov/Archives/edgar/data/1534504/000153450426000008/pbf-20260212.htm,EXACT_KEY_REVIEWED_VALIDATION_NOT_APPLY
1697,2026,Q1,60483,PBF,0001534504-26-000016,SEC_8K_ITEM_2_02,2026-04-30T14:41:36Z,,,NO_TIMESTAMP_DIFFERENCE,VERIFIED,REVIEW,NONE,c9b3918f16b8c2b2732d3ef863bcc7532dc1e402ccef47e38038e7586b0a88a4,e836018dd85817c94028563005c13586bcc4bc0bf92c3892e3663401d9339dce,https://www.sec.gov/Archives/edgar/data/1534504/000153450426000016/pbf-20260430.htm,EXACT_KEY_REVIEWED_VALIDATION_NOT_APPLY
1697,2026,Q2,60484,PBF,0001534504-26-000029,SEC_8K_ITEM_2_02,2026-07-30T14:50:30Z,,,NO_TIMESTAMP_DIFFERENCE,VERIFIED,REVIEW,NONE,0e3b9b02faf951d2d0d9f75fb1505b12a6db7c50c93b35763b2fe6632733f871,8d1cf7244f95d5a9c6831deffff21a8439dc020dcbdd7367fb5d61c66d629686,https://www.sec.gov/Archives/edgar/data/1534504/000153450426000029/pbf-20260730.htm,EXACT_KEY_REVIEWED_VALIDATION_NOT_APPLY
1711,2025,Q1,60997,PDSB,0001140361-25-018800,SEC_8K_ITEM_2_02,2025-05-14T15:35:17Z,,,NO_TIMESTAMP_DIFFERENCE,VERIFIED,REVIEW,NONE,4a6ff51184b9ba8a9b7cc085861d529f592ac894b4c9916f8d93131d0a245f7f,ab4ac1cfb2e1f5df33fd226d1a656b2e708d038fe3f6171b92551777e8d1c61c,https://www.sec.gov/Archives/edgar/data/1472091/000114036125018800/ef20048917_8k.htm,EXACT_KEY_REVIEWED_VALIDATION_NOT_APPLY
1711,2025,Q4,61000,PDSB,0001140361-26-011862,SEC_8K_ITEM_2_02,2026-03-30T15:05:29Z,,,NO_TIMESTAMP_DIFFERENCE,VERIFIED,REVIEW,NONE,75c78e1baa82e534feea8507523bf5e04504791a90328693c66fa1cfbb76066c,4b9b0f825ad763b169e4e370acde7be05e6e6ff39d27774b620d678a1ec99e3e,https://www.sec.gov/Archives/edgar/data/1472091/000114036126011862/ef20069202_8k.htm,EXACT_KEY_REVIEWED_VALIDATION_NOT_APPLY
1736,2025,Q4,61870,PHR,0001412408-25-000005,SEC_8K_ITEM_2_02,2025-03-12T20:02:56Z,,,NO_TIMESTAMP_DIFFERENCE,VERIFIED,REVIEW,NONE,fb13d5aa532e70580dd79692b67ced63bd3e1ce8c7f423fcdd636bdf6c7e19fc,605eb6bd23af9286159eb4674137f136b0f75d30fa18202989b1842dd11ad40d,https://www.sec.gov/Archives/edgar/data/1412408/000141240825000005/phr-20250312.htm,EXACT_KEY_REVIEWED_VALIDATION_NOT_APPLY
1750,2025,Q1,62402,PLOW,0001437749-25-014583,SEC_8K_ITEM_2_02,2025-05-05T22:05:41Z,,,NO_TIMESTAMP_DIFFERENCE,VERIFIED,REVIEW,NONE,8c095b029114b1c2823744253c15e0df3017e229813ffd0d1f5700b32b05e0d9,d9beb371aa9b77a0b9add730be38edbe69f849cfe79772546f9abe7cc5b206ff,https://www.sec.gov/Archives/edgar/data/1287213/000143774925014583/plow20250501_8k.htm,EXACT_KEY_REVIEWED_VALIDATION_NOT_APPLY
1750,2025,Q2,62403,PLOW,0001437749-25-024661,SEC_8K_ITEM_2_02,2025-08-04T22:06:02Z,,,NO_TIMESTAMP_DIFFERENCE,VERIFIED,REVIEW,NONE,f333aecd4b3641aa80b85be5d1ace52a6e5569410407eb0f34329910d17f7acd,03b5fad275835528c087d62b7c5daf70db6417bb7de91dcd91b76bed470e082b,https://www.sec.gov/Archives/edgar/data/1287213/000143774925024661/plow20250730_8k.htm,EXACT_KEY_REVIEWED_VALIDATION_NOT_APPLY
1750,2025,Q3,62404,PLOW,0001437749-25-032832,SEC_8K_ITEM_2_02,2025-11-03T23:05:44Z,,,NO_TIMESTAMP_DIFFERENCE,VERIFIED,REVIEW,NONE,80051e66bb0aa839e0c6c80025136db438bccdd62a5deaf6d9af965315480885,4736633bd44ef420965b5d7711c0e172e98fcebd91bcfd13735dfdfb71870e80,https://www.sec.gov/Archives/edgar/data/1287213/000143774925032832/plow20251027_8k.htm,EXACT_KEY_REVIEWED_VALIDATION_NOT_APPLY
1750,2025,Q4,62405,PLOW,0001437749-26-005128,SEC_8K_ITEM_2_02,2026-02-23T23:06:58Z,,,NO_TIMESTAMP_DIFFERENCE,VERIFIED,REVIEW,NONE,4bf4e41adb5e1fe6750d48f2ecac490b5f1bc5e89ff385008f707469f25e180b,9235133ea94700556cd0864c4543fe26161e946318ab84601e6a9faf1567813a,https://www.sec.gov/Archives/edgar/data/1287213/000143774926005128/plow20260219_8k.htm,EXACT_KEY_REVIEWED_VALIDATION_NOT_APPLY
1750,2026,Q1,62406,PLOW,0001437749-26-014705,SEC_8K_ITEM_2_02,2026-05-04T22:09:37Z,,,NO_TIMESTAMP_DIFFERENCE,VERIFIED,REVIEW,NONE,bce9bdc8b1c7b90942e5700e434dd3f53ac88bb4eeaf8867b3b59283f04104ce,ea050c29b70d996a72cbb36c7efeaaaffda1fb2364eda0be0212505f99294af2,https://www.sec.gov/Archives/edgar/data/1287213/000143774926014705/plow20260429_8k.htm,EXACT_KEY_REVIEWED_VALIDATION_NOT_APPLY
1750,2026,Q2,62407,PLOW,0001437749-26-025317,SEC_8K_ITEM_2_02,2026-08-03T12:20:43Z,,,NO_TIMESTAMP_DIFFERENCE,VERIFIED,REVIEW,NONE,630f00abd0869a56a17b8525bf65738ca9abed4e0a041efd8cffcbf606ca7adf,487753b42de571e3335249dfcd6d0dc25296f5c0dd952a39ff5ce65fe4190c09,https://www.sec.gov/Archives/edgar/data/1287213/000143774926025317/plow20260729_8k.htm,EXACT_KEY_REVIEWED_VALIDATION_NOT_APPLY
1754,2025,Q1,62519,PLTR,0001321655-25-000063,SEC_8K_ITEM_2_02,2025-05-06T00:07:18Z,,,NO_TIMESTAMP_DIFFERENCE,VERIFIED,REVIEW,NONE,b724d9c77885330d3f2916720429fad6bc3287ac67ae5216ffa1e3b38312d40b,2e418c13271e39e7316fa09f6302d94caae7074e3c4687705fb6ce821306cd83,https://www.sec.gov/Archives/edgar/data/1321655/000132165525000063/pltr-20250505.htm,EXACT_KEY_REVIEWED_VALIDATION_NOT_APPLY
1754,2025,Q2,62520,PLTR,0001321655-25-000105,SEC_8K_ITEM_2_02,2025-08-05T00:07:52Z,,,NO_TIMESTAMP_DIFFERENCE,VERIFIED,REVIEW,NONE,ad1677acb5c4fba1612e391f552099c7fd38217f5b64c109062d672822949d85,e6a5d4a512a324e8f62239c17eee280c7be63633a4dbc8311d16cbabe11b412d,https://www.sec.gov/Archives/edgar/data/1321655/000132165525000105/pltr-20250804.htm,EXACT_KEY_REVIEWED_VALIDATION_NOT_APPLY
1754,2025,Q3,62521,PLTR,0001321655-25-000130,SEC_8K_ITEM_2_02,2025-11-04T02:06:20Z,,,NO_TIMESTAMP_DIFFERENCE,VERIFIED,REVIEW,NONE,f39d224b31cc69c4dd51be9623cd82ae237b8b91bb6b110295ffea5ba4e5f715,f4ce477fce414d8baa04af72446a2c56f83c753b75f66291f655e134d74cab60,https://www.sec.gov/Archives/edgar/data/1321655/000132165525000130/pltr-20251103.htm,EXACT_KEY_REVIEWED_VALIDATION_NOT_APPLY
1754,2025,Q4,62522,PLTR,0001321655-26-000004,SEC_8K_ITEM_2_02,2026-02-03T02:06:08Z,,,NO_TIMESTAMP_DIFFERENCE,VERIFIED,REVIEW,NONE,7d486303af9fc3275f6f5673150321a17e548d721d0dbf68c1e548f757e5e306,f680bb1389687b4320143991b30943509b7e5762e164fa3a82916cc4b0e524bc,https://www.sec.gov/Archives/edgar/data/1321655/000132165526000004/pltr-20260202.htm,EXACT_KEY_REVIEWED_VALIDATION_NOT_APPLY
1754,2026,Q1,62523,PLTR,0001321655-26-000026,SEC_8K_ITEM_2_02,2026-05-05T00:06:32Z,,,NO_TIMESTAMP_DIFFERENCE,VERIFIED,REVIEW,NONE,8c3da023c8268a1f3c0e1819b2c7537cc000b14856bc57888ef80bfe6c2a0d81,5751c2532c87078a2d2e60da02269b382cb6f7456614b6c8b789abf893e742ef,https://www.sec.gov/Archives/edgar/data/1321655/000132165526000026/pltr-20260504.htm,EXACT_KEY_REVIEWED_VALIDATION_NOT_APPLY
1754,2026,Q2,62524,PLTR,0001321655-26-000039,SEC_8K_ITEM_2_02,2026-08-04T00:06:14Z,,,NO_TIMESTAMP_DIFFERENCE,VERIFIED,REVIEW,NONE,ee99c13186de7460076dda80cccb482d9b0c2cc930b9fdf532d78c9e34fed9c3,8c11cce8b37e4fb8ba27c0d3bf6f374e5a002085ec1c8abe7e025f9f7828e7a2,https://www.sec.gov/Archives/edgar/data/1321655/000132165526000039/pltr-20260803.htm,EXACT_KEY_REVIEWED_VALIDATION_NOT_APPLY
1769,2025,Q1,63108,POWI,0000833640-25-000118,SEC_8K_ITEM_2_02,2025-05-12T20:03:54Z,,,NO_TIMESTAMP_DIFFERENCE,VERIFIED,REVIEW,NONE,fc8a0dd89ee42d3fb4f6cbecd35f5087371ebb8656ddee924a176d81f6c81d53,88031f9cb072866d7675ae95b137bac26bca0ebcad9b7026220e9c7cdb448231,https://www.sec.gov/Archives/edgar/data/833640/000083364025000118/powi-20250512x8k.htm,EXACT_KEY_REVIEWED_VALIDATION_NOT_APPLY
1769,2025,Q2,63109,POWI,0000833640-25-000155,SEC_8K_ITEM_2_02,2025-08-06T20:13:19Z,,,NO_TIMESTAMP_DIFFERENCE,VERIFIED,REVIEW,NONE,62c2f6dcc501ba01bbe4b1d17cadc14dee9c0d3492b5cdff4e3d3bb82af07838,7ebeff1b9a910cd7fb7951b9e866de0b9e262b93c954ad901a627e4640e84544,https://www.sec.gov/Archives/edgar/data/833640/000083364025000155/powi-20250806x8k.htm,EXACT_KEY_REVIEWED_VALIDATION_NOT_APPLY
1769,2025,Q3,63110,POWI,0000833640-25-000188,SEC_8K_ITEM_2_02,2025-11-05T13:17:25Z,,,NO_TIMESTAMP_DIFFERENCE,VERIFIED,REVIEW,NONE,692fcc4865f3be77a1b9c00b11fc6c81c918dbaf0ebb2dcc9e760f98c40ba9b3,75f5140621f3f4cac3b66165ec041899c437e331ba94e0407f48803a27a85976,https://www.sec.gov/Archives/edgar/data/833640/000083364025000188/powi-20251105x8k.htm,EXACT_KEY_REVIEWED_VALIDATION_NOT_APPLY
1769,2025,Q4,63111,POWI,0000833640-26-000028,SEC_8K_ITEM_2_02,2026-02-05T21:18:25Z,,,NO_TIMESTAMP_DIFFERENCE,VERIFIED,REVIEW,NONE,ac5c700f2491f8a1cae3e672e75a3b97afdb38d6e8ff13bf372d3a7b76d96ba6,9583ea602e90208b66f33caa65d1772f14f237fb3c4a2813e2c737395aee3b33,https://www.sec.gov/Archives/edgar/data/833640/000083364026000028/powi-20260201x8k.htm,EXACT_KEY_REVIEWED_VALIDATION_NOT_APPLY
1770,2025,Q1,63148,POWL,0000080420-25-000026,SEC_8K_ITEM_2_02,2025-02-06T21:33:18Z,,,NO_TIMESTAMP_DIFFERENCE,VERIFIED,REVIEW,NONE,3af822ddb2d0b6e1d428889707ebb14bf5a29987d1c1c8d3d7018f4a56b963a3,d6dd10120549e23e67354cb89a6d0a5fa2acf170a45f678be07488d3049c7d4e,https://www.sec.gov/Archives/edgar/data/80420/000008042025000026/powl-20250206.htm,EXACT_KEY_REVIEWED_VALIDATION_NOT_APPLY
1770,2025,Q2,63149,POWL,0000080420-25-000057,SEC_8K_ITEM_2_02,2025-05-06T20:40:03Z,,,NO_TIMESTAMP_DIFFERENCE,VERIFIED,REVIEW,NONE,5a2e3842d599a1b5e83a2dfba2fcc53ba903a6d1f7df7892358159095348e549,19c3eb631e14546bdd86a6607d2470a333c59b930785a17823b3e42825932205,https://www.sec.gov/Archives/edgar/data/80420/000008042025000057/powl-20250506.htm,EXACT_KEY_REVIEWED_VALIDATION_NOT_APPLY
1770,2025,Q3,63150,POWL,0000080420-25-000095,SEC_8K_ITEM_2_02,2025-08-05T20:21:21Z,,,NO_TIMESTAMP_DIFFERENCE,VERIFIED,REVIEW,NONE,8560a85b13751acd6534666332c7cfdb18ae86f46f90b2074bff5f735efdcf5e,28c7042f6a5f23629898b3702c2158342e8bc998bf66bc3569363783193911e3,https://www.sec.gov/Archives/edgar/data/80420/000008042025000095/powl-20250805.htm,EXACT_KEY_REVIEWED_VALIDATION_NOT_APPLY
1770,2025,Q4,63151,POWL,0000080420-25-000145,SEC_8K_ITEM_2_02,2025-11-18T21:28:57Z,,,NO_TIMESTAMP_DIFFERENCE,VERIFIED,REVIEW,NONE,5b2507fb6ece1428f4dd1570481bcac0d2a754cc8c1e79756cd7f1f51490520a,70da2a0312803be0b89445d93930db421e83076c3a96491599c7c7108eb7d089,https://www.sec.gov/Archives/edgar/data/80420/000008042025000145/powl-20251118.htm,EXACT_KEY_REVIEWED_VALIDATION_NOT_APPLY
1770,2026,Q1,63152,POWL,0000080420-26-000013,SEC_8K_ITEM_2_02,2026-02-03T21:24:55Z,,,NO_TIMESTAMP_DIFFERENCE,VERIFIED,REVIEW,NONE,0dee65e376c65f3475e81a65a1c3827b419d9ac910943fdd5ef253363cdab9b6,f19afa839b4d503de3893b8ffa3cffa1f1a300e2b71e8d806938d26af4a53a11,https://www.sec.gov/Archives/edgar/data/80420/000008042026000013/powl-20260203.htm,EXACT_KEY_REVIEWED_VALIDATION_NOT_APPLY
1770,2026,Q2,63153,POWL,0000080420-26-000063,SEC_8K_ITEM_2_02,2026-05-04T21:10:14Z,,,NO_TIMESTAMP_DIFFERENCE,VERIFIED,REVIEW,NONE,0e10d0c073d4484a624cc4db8589e9ce65ec925b306ad9adee1da66da22ac5de,5d34ac2b1c4854dabeb132e3970e2e0f5304fa81f678c6923e156fd8bc187e4f,https://www.sec.gov/Archives/edgar/data/80420/000008042026000063/powl-20260504.htm,EXACT_KEY_REVIEWED_VALIDATION_NOT_APPLY
1770,2026,Q3,63154,POWL,0000080420-26-000103,SEC_8K_ITEM_2_02,2026-08-03T20:28:02Z,,,NO_TIMESTAMP_DIFFERENCE,VERIFIED,REVIEW,NONE,abab5ff87d7f392939697540a5df2b5a51604819581cdcf8a56e03bb8a2473c0,478c314850e319ce9e6bce1aa670584c021c62106f6c238e67d8d90bd9e59ad3,https://www.sec.gov/Archives/edgar/data/80420/000008042026000103/powl-20260803.htm,EXACT_KEY_REVIEWED_VALIDATION_NOT_APPLY
1772,2025,Q1,63225,PPC,0000802481-25-000059,SEC_8K_ITEM_2_02,2025-04-30T22:52:27Z,,,NO_TIMESTAMP_DIFFERENCE,VERIFIED,REVIEW,NONE,0db916e21ef47e33b7e88dbeffd10d6fe845a597226de2cb52cc0a35f4101be5,ff25ac9b2e86dcc852d18f5044107c751a3e5e20ff78ced549c69056a714a93c,https://www.sec.gov/Archives/edgar/data/802481/000080248125000059/ppc-20250430.htm,EXACT_KEY_REVIEWED_VALIDATION_NOT_APPLY
1772,2025,Q2,63226,PPC,0000802481-25-000108,SEC_8K_ITEM_2_02,2025-07-30T22:27:49Z,,,NO_TIMESTAMP_DIFFERENCE,VERIFIED,REVIEW,NONE,741e5dce987e43e236a8e2712d93b44f5e0197d57f618797112ded712b0f08b7,53537090c0ced0c6b13a2ec413b2900534acdda8553cb51b863fd735bd69bf74,https://www.sec.gov/Archives/edgar/data/802481/000080248125000108/ppc-20250730.htm,EXACT_KEY_REVIEWED_VALIDATION_NOT_APPLY
1772,2026,Q1,63229,PPC,0000802481-26-000028,SEC_8K_ITEM_2_02,2026-04-29T23:33:34Z,,,NO_TIMESTAMP_DIFFERENCE,VERIFIED,REVIEW,NONE,7f1e4d0ffdaa568de837de29525b7eae2e18968b7cf44758d4c43d7a70e5ae54,4002a240536ceb183995459608400cf1b8e9d9e3f97a70f8886b9964d6b50a5a,https://www.sec.gov/Archives/edgar/data/802481/000080248126000028/ppc-20260429.htm,EXACT_KEY_REVIEWED_VALIDATION_NOT_APPLY
1772,2026,Q2,63230,PPC,0000802481-26-000049,SEC_8K_ITEM_2_02,2026-07-29T23:52:47Z,,,NO_TIMESTAMP_DIFFERENCE,VERIFIED,REVIEW,NONE,80652867dfb860ab84b3ec3e66c4f14cbf2049f5ff8860302d11e4121fe2261a,95c5cfc0d3576538e6a94e1eab84350dce96e64a8d29c32ca918604d9857dbfb,https://www.sec.gov/Archives/edgar/data/802481/000080248126000049/ppc-20260729.htm,EXACT_KEY_REVIEWED_VALIDATION_NOT_APPLY
1774,2025,Q1,63283,PPG,0000079879-25-000130,SEC_8K_ITEM_2_02,2025-04-29T20:24:16Z,,,NO_TIMESTAMP_DIFFERENCE,VERIFIED,REVIEW,NONE,b1ddb874752abe9485621d8e879bf1563f5a2cf9c54817ae13e093de9a52006a,b5f9b7a4dc542b4b04f8f7e84486677206b215f911f52d86246e47cd0f387469,https://www.sec.gov/Archives/edgar/data/79879/000007987925000130/ppg-20250429.htm,EXACT_KEY_REVIEWED_VALIDATION_NOT_APPLY
1774,2025,Q2,63284,PPG,0000079879-25-000218,SEC_8K_ITEM_2_02,2025-07-29T20:21:35Z,,,NO_TIMESTAMP_DIFFERENCE,VERIFIED,REVIEW,NONE,ccc28126f2eed74f61eb9ab41837f409d4911a2373c57d7f092d81cda9f4c517,774caa425a94ea6f3bdc91a89fcf25bac479957a7d22e26979041319a6de8f6b,https://www.sec.gov/Archives/edgar/data/79879/000007987925000218/ppg-20250729.htm,EXACT_KEY_REVIEWED_VALIDATION_NOT_APPLY
1774,2026,Q2,63288,PPG,0000079879-26-000246,SEC_8K_ITEM_2_02,2026-07-28T20:26:42Z,,,NO_TIMESTAMP_DIFFERENCE,VERIFIED,REVIEW,NONE,96d2d28dc40b7b5efedb4cc327f7f15e7446ec9c8c4c135a565a8dffd59dfdf0,1328423c4385196e5b829fae25738b442b73f1bf311b043ed26a1833b1a452b1,https://www.sec.gov/Archives/edgar/data/79879/000007987926000246/ppg-20260728.htm,EXACT_KEY_REVIEWED_VALIDATION_NOT_APPLY
1826,2025,Q1,65076,QCOM,0000804328-25-000010,SEC_8K_ITEM_2_02,2025-02-05T21:04:42Z,,,NO_TIMESTAMP_DIFFERENCE,VERIFIED,REVIEW,NONE,e8855e442b9530f6acbe28bf1d7fcbd0cb1b1e6416fb3d2e3c74e409ffe0607e,81825f43a1230710af388c6405a87d206a604d2fb65dfc0b9b64a7a84066e77e,https://www.sec.gov/Archives/edgar/data/804328/000080432825000010/qcom-20250205.htm,EXACT_KEY_REVIEWED_VALIDATION_NOT_APPLY
1826,2025,Q2,65077,QCOM,0000804328-25-000029,SEC_8K_ITEM_2_02,2025-04-30T20:04:10Z,,,NO_TIMESTAMP_DIFFERENCE,VERIFIED,REVIEW,NONE,657d427f9235cb06b9bc54dec2fe152f9f8b6d5d2c60a2cf4f05064fcf8ab861,2b30be8da62a9e38c17404704d2cd8f2c7fc8092e334ae0d5a3dabcd12c557a2,https://www.sec.gov/Archives/edgar/data/804328/000080432825000029/qcom-20250430.htm,EXACT_KEY_REVIEWED_VALIDATION_NOT_APPLY
1826,2026,Q1,65080,QCOM,0000804328-26-000016,SEC_8K_ITEM_2_02,2026-02-04T21:00:59Z,,,NO_TIMESTAMP_DIFFERENCE,VERIFIED,REVIEW,NONE,eaa5e14eb8735a62cd244a5230a7bc9134ec0fc57ba389039f56a4c513f6bac1,c28098943f80c0d2b25311989ddc77dce286c6e7edf87e6a9593e313e7a86a23,https://www.sec.gov/Archives/edgar/data/804328/000080432826000016/qcom-20260204.htm,EXACT_KEY_REVIEWED_VALIDATION_NOT_APPLY
1826,2026,Q2,65081,QCOM,0000804328-26-000060,SEC_8K_ITEM_2_02,2026-04-29T20:02:20Z,,,NO_TIMESTAMP_DIFFERENCE,VERIFIED,REVIEW,NONE,b77beb36fa4a11f0647386373c87b5183979a89474dfbd743b21cd6b37fb031b,ad53e7c65501f9f370334c63089d480219622cf65c8f189a25cdb46b4ed193fe,https://www.sec.gov/Archives/edgar/data/804328/000080432826000060/qcom-20260429.htm,EXACT_KEY_REVIEWED_VALIDATION_NOT_APPLY
1826,2026,Q3,65082,QCOM,0000804328-26-000085,SEC_8K_ITEM_2_02,2026-07-29T20:01:35Z,,,NO_TIMESTAMP_DIFFERENCE,VERIFIED,REVIEW,NONE,f9171be833b46be316313038d8457466f69308124d02cdda7475362331b42dba,dcc88f3b6a93eb040e3c11524b0e7bd2925e074f866b08b259ec00064d770513,https://www.sec.gov/Archives/edgar/data/804328/000080432826000085/qcom-20260729.htm,EXACT_KEY_REVIEWED_VALIDATION_NOT_APPLY
1829,2025,Q1,65189,QMCO,0000709283-24-000016,SEC_8K_ITEM_2_02,2024-08-14T00:27:38Z,,,NO_TIMESTAMP_DIFFERENCE,VERIFIED,REVIEW,NONE,16bb097e48578644c3834347604841421ef99cbc49167a31f15cd94849bba737,11c9e6b8b2a44fed8320e019f2e585259811e347e97bc9089a0a9e89ffe94894,https://www.sec.gov/Archives/edgar/data/709283/000070928324000016/qtm-20240813.htm,EXACT_KEY_REVIEWED_VALIDATION_NOT_APPLY
1829,2025,Q2,65190,QMCO,0000709283-24-000035,SEC_8K_ITEM_2_02,2024-11-14T02:09:36Z,,,NO_TIMESTAMP_DIFFERENCE,VERIFIED,REVIEW,NONE,d6e4331f149a3bb00a2b0bd70d433a28aa79c75c89550f74adebaf62662210d0,b2fb792eefcc7d1202a64f7985e9d77750865821664007f30ab08527089f5379,https://www.sec.gov/Archives/edgar/data/709283/000070928324000035/qtm-20241113.htm,EXACT_KEY_REVIEWED_VALIDATION_NOT_APPLY
1830,2025,Q4,65226,QNCX,0001193125-26-047544,SEC_8K_ITEM_2_02,2026-02-12T16:06:31Z,,,NO_TIMESTAMP_DIFFERENCE,VERIFIED,REVIEW,NONE,34fde15573e1d2b30b0ab3cf502b9fdac79472f492a8db8a7cd9fb10bc20709c,7fbbc077fa3421179262bb893439230fbb2ed4bbe71251b6c70f5ac0ef2ea807,https://www.sec.gov/Archives/edgar/data/1662774/000119312526047544/d89820d8k.htm,EXACT_KEY_REVIEWED_VALIDATION_NOT_APPLY
1840,2025,Q1,65590,QUAD,0001481792-25-000023,SEC_8K_ITEM_2_02,2025-04-29T20:51:44Z,,,NO_TIMESTAMP_DIFFERENCE,VERIFIED,REVIEW,NONE,b50475ef3d67a9d49be8d1ae0f05a78b2fdb5b0befc18a3ea10fca6fb0bd553a,5d43d1c54574820c69da042f501a2fe5e2d67e546fa11555a1e99ed627a2db15,https://www.sec.gov/Archives/edgar/data/1481792/000148179225000023/quad-20250429.htm,EXACT_KEY_REVIEWED_VALIDATION_NOT_APPLY
1840,2025,Q2,65591,QUAD,0001481792-25-000034,SEC_8K_ITEM_2_02,2025-07-29T21:02:07Z,,,NO_TIMESTAMP_DIFFERENCE,VERIFIED,REVIEW,NONE,86c814b6ce9d8829da93d68c9960de0cdba66c76b571280d0f4beb27fd67e27d,fb3a0d1de543749de1f9500b2bfc85cdba66ce65cea0316b4bce015bfcec2654,https://www.sec.gov/Archives/edgar/data/1481792/000148179225000034/quad-20250729.htm,EXACT_KEY_REVIEWED_VALIDATION_NOT_APPLY
1840,2025,Q3,65592,QUAD,0001628280-25-046803,SEC_8K_ITEM_2_02,2025-10-28T20:36:00Z,,,NO_TIMESTAMP_DIFFERENCE,VERIFIED,REVIEW,NONE,8767e871d00e0fc996641b3e9b3ade0c4bf51d08e4af00c99fc7f2583ade91cf,e0fc9185843ebafc460658d48fc1a877e1d96922254f959f7568ea452694d88d,https://www.sec.gov/Archives/edgar/data/1481792/000162828025046803/quad-20251028.htm,EXACT_KEY_REVIEWED_VALIDATION_NOT_APPLY
1840,2025,Q4,65593,QUAD,0001481792-26-000039,SEC_8K_ITEM_2_02,2026-02-17T21:30:42Z,,,NO_TIMESTAMP_DIFFERENCE,VERIFIED,REVIEW,NONE,85c2c0071b00449eefc6e2a3776b72726de98f289096d2c2c513c50f96f64a55,17869c397fd857dd49bbf93f726f66f54acb1df2c27abf9653cf81ff26438aea,https://www.sec.gov/Archives/edgar/data/1481792/000148179226000039/quad-20260217.htm,EXACT_KEY_REVIEWED_VALIDATION_NOT_APPLY
1840,2026,Q1,65594,QUAD,0001481792-26-000088,SEC_8K_ITEM_2_02,2026-04-28T20:47:56Z,,,NO_TIMESTAMP_DIFFERENCE,VERIFIED,REVIEW,NONE,8eb0b127d61aaca57d959405968b06b746bba057ac7317de5d977eff248b6376,6224aa61a6b1ac8ff5315d29fbc55a82d6d384e1b42049b45b009b6fb82b17b8,https://www.sec.gov/Archives/edgar/data/1481792/000148179226000088/quad-20260428.htm,EXACT_KEY_REVIEWED_VALIDATION_NOT_APPLY
1840,2026,Q2,65595,QUAD,0001481792-26-000128,SEC_8K_ITEM_2_02,2026-07-28T21:00:48Z,,,NO_TIMESTAMP_DIFFERENCE,VERIFIED,REVIEW,NONE,908f6744f6906ac43c5057c0baa1caf86eadb8731edfdb7a100e3e5356e43908,0c3447e8af6ddb714bc90b649e7d53f8b88362b13e8f7eadb39c6678ddbcd787,https://www.sec.gov/Archives/edgar/data/1481792/000148179226000128/quad-20260728.htm,EXACT_KEY_REVIEWED_VALIDATION_NOT_APPLY
1842,2025,Q1,65662,QUIK,0001437749-25-016445,SEC_8K_ITEM_2_02,2025-05-14T00:09:02Z,,,NO_TIMESTAMP_DIFFERENCE,VERIFIED,REVIEW,NONE,03e1d72d25f7ce300c2b05d5966e000de25303c885cea7f8f0ee3849147c80ec,1a855a2094ac2d4401465efd2a685b04ece3c918e1927e706c54e99e59099f99,https://www.sec.gov/Archives/edgar/data/882508/000143774925016445/quicklo20250407c_8k.htm,EXACT_KEY_REVIEWED_VALIDATION_NOT_APPLY
1842,2025,Q2,65663,QUIK,0001437749-25-026211,SEC_8K_ITEM_2_02,2025-08-13T00:17:40Z,,,NO_TIMESTAMP_DIFFERENCE,VERIFIED,REVIEW,NONE,b97e3181c497bd5d81730369daceee4b21d75d140c90b8ca0e0e85b351320ad3,159b9a27a97e602a9e565681aaf583483bb337dd12e839d86f86b959313fc416,https://www.sec.gov/Archives/edgar/data/882508/000143774925026211/quicklo20250624_8k.htm,EXACT_KEY_REVIEWED_VALIDATION_NOT_APPLY
1842,2025,Q3,65664,QUIK,0001437749-25-034221,SEC_8K_ITEM_2_02,2025-11-12T17:00:10Z,,,NO_TIMESTAMP_DIFFERENCE,VERIFIED,REVIEW,NONE,1aacdfc9efb776e09d0f631e8325e464ede18eff812ac8d1f8106e7aa1c818a5,5ad90c3f60004069bd094578dedef66d97a9c73643929e215c56bb48cd53ff54,https://www.sec.gov/Archives/edgar/data/882508/000143774925034221/quicklo20250912_8k.htm,EXACT_KEY_REVIEWED_VALIDATION_NOT_APPLY
1842,2025,Q4,65665,QUIK,0001437749-26-006600,SEC_8K_ITEM_2_02,2026-03-04T02:16:02Z,,,NO_TIMESTAMP_DIFFERENCE,VERIFIED,REVIEW,NONE,3bac6f91592b0114eb8fb9b4954a380d8d286371a201c91d178b0d24d74b8cdf,4ee2a1d01ccb4d497b3fae741f6dd78f9c3721a129f2368dd17b2c9f17d14f75,https://www.sec.gov/Archives/edgar/data/882508/000143774926006600/quicklo20251208_8k.htm,EXACT_KEY_REVIEWED_VALIDATION_NOT_APPLY
1861,2025,Q1,66347,RDW,0001819810-25-000133,SEC_8K_ITEM_2_02,2025-05-12T14:21:28Z,,,NO_TIMESTAMP_DIFFERENCE,VERIFIED,REVIEW,NONE,af6dc774ee256a3a855f5347352e877c66ca59d85fc40a3a6ff00733825ebe46,621727e29ced6531fde35d59a5c8080cd079b240754387fa1bc7be3de736046a,https://www.sec.gov/Archives/edgar/data/1819810/000181981025000133/rdw-20250512.htm,EXACT_KEY_REVIEWED_VALIDATION_NOT_APPLY
1861,2025,Q2,66348,RDW,0001819810-25-000212,SEC_8K_ITEM_2_02,2025-08-07T00:36:52Z,,,NO_TIMESTAMP_DIFFERENCE,VERIFIED,REVIEW,NONE,7866de46b034a2ca4dd1fad9d0d5b7f95c3f4a6ea86a31c4d781f82aec3fc611,e7f25ca8d11d9acad3c96bcb606275eefdc9d9d6d85cfe4442b55b8103a1e4ed,https://www.sec.gov/Archives/edgar/data/1819810/000181981025000212/rdw-20250806.htm,EXACT_KEY_REVIEWED_VALIDATION_NOT_APPLY
1861,2025,Q3,66349,RDW,0001819810-25-000244,SEC_8K_ITEM_2_02,2025-11-06T02:18:26Z,,,NO_TIMESTAMP_DIFFERENCE,VERIFIED,REVIEW,NONE,7d158579e241bd1296e54a0a28f51073569666663d0f4f807cfd3f9fc42311c4,e894b0a5c8939a769d9f05c1426fe151b8b314d2bd1cf4d599cc65fb0203a473,https://www.sec.gov/Archives/edgar/data/1819810/000181981025000244/rdw-20251105.htm,EXACT_KEY_REVIEWED_VALIDATION_NOT_APPLY
1861,2025,Q4,66350,RDW,0001819810-26-000017,SEC_8K_ITEM_2_02,2026-02-26T02:30:02Z,,,NO_TIMESTAMP_DIFFERENCE,VERIFIED,REVIEW,NONE,d75c2245898d95e88be0bf2ceaf6d90ed7393d5cb01e51190ea253746236350d,90eb9eb5236fc561ecd6c0408ca69c80114829d88828c84f47a55959b05b52f5,https://www.sec.gov/Archives/edgar/data/1819810/000181981026000017/rdw-20260220.htm,EXACT_KEY_REVIEWED_VALIDATION_NOT_APPLY
1861,2026,Q1,66351,RDW,0001819810-26-000060,SEC_8K_ITEM_2_02,2026-05-07T00:32:17Z,,,NO_TIMESTAMP_DIFFERENCE,VERIFIED,REVIEW,NONE,39d301b65990fb7c541449adfebaaac442d817460f9bb27751cc1dff927c292f,015ed76a7e314ac8af470d8dc5e5208876bd74bda31d40bc93c1c5a229a66811,https://www.sec.gov/Archives/edgar/data/1819810/000181981026000060/rdw-20260506.htm,EXACT_KEY_REVIEWED_VALIDATION_NOT_APPLY
1861,2026,Q2,66352,RDW,0001819810-26-000121,SEC_8K_ITEM_2_02,2026-08-06T00:28:41Z,,,NO_TIMESTAMP_DIFFERENCE,VERIFIED,REVIEW,NONE,f3f5bf4fe144568c58ca1182262e4624f29de88332f3db3ad0094d0133f65b06,35872cc5291048440775cd376018c71fb6810738bca067622c901dc19b10187e,https://www.sec.gov/Archives/edgar/data/1819810/000181981026000121/rdw-20260805.htm,EXACT_KEY_REVIEWED_VALIDATION_NOT_APPLY
1865,2025,Q1,66457,REG,0000950170-25-060183,SEC_8K_ITEM_2_02,2025-04-29T20:24:27Z,,,NO_TIMESTAMP_DIFFERENCE,VERIFIED,REVIEW,NONE,e577233cf06d2993c54b150bef34cd27409865c4ed2df2aa5dcbe33e84790789,51503c3036cb78a116012635a94b6a135b62715e1a18973e9f94547fe9eb184e,https://www.sec.gov/Archives/edgar/data/910606/000095017025060183/reg-20250429.htm,EXACT_KEY_REVIEWED_VALIDATION_NOT_APPLY
1865,2025,Q2,66458,REG,0000950170-25-099707,SEC_8K_ITEM_2_02,2025-07-29T20:55:33Z,,,NO_TIMESTAMP_DIFFERENCE,VERIFIED,REVIEW,NONE,2f4397505bb8720d7413bd7e9b95addac1e1722e8fb4e5b3550cfc08958796ef,22ab0191b68c6cf74ec86628452826031ce8484f40299519966c94cce5046f34,https://www.sec.gov/Archives/edgar/data/910606/000095017025099707/reg-20250729.htm,EXACT_KEY_REVIEWED_VALIDATION_NOT_APPLY
1865,2025,Q3,66459,REG,0001193125-25-253799,SEC_8K_ITEM_2_02,2025-10-28T21:00:27Z,,,NO_TIMESTAMP_DIFFERENCE,VERIFIED,REVIEW,NONE,12465b746698175788f1df2da45414decca7720f0f430c247fcbe0daac7491dc,8cf5add6a747ac447c854d544288bd4f560a5824c8d1d757c6510ef579587be9,https://www.sec.gov/Archives/edgar/data/910606/000119312525253799/reg-20251027.htm,EXACT_KEY_REVIEWED_VALIDATION_NOT_APPLY
1865,2025,Q4,66460,REG,0001193125-26-039477,SEC_8K_ITEM_2_02,2026-02-05T21:28:32Z,,,NO_TIMESTAMP_DIFFERENCE,VERIFIED,REVIEW,NONE,57ebbb23b9f58d4d31202fa977905fc4651d19fd5d16cdc1569172abfa414425,ab09914e365d0fcedfedb11866a4c6456c97fea91a2fe2c42d0f5d17669bce6d,https://www.sec.gov/Archives/edgar/data/910606/000119312526039477/reg-20260205.htm,EXACT_KEY_REVIEWED_VALIDATION_NOT_APPLY
1865,2026,Q1,66461,REG,0001193125-26-191872,SEC_8K_ITEM_2_02,2026-04-29T20:27:25Z,,,NO_TIMESTAMP_DIFFERENCE,VERIFIED,REVIEW,NONE,53e67a84a4cadad783d8e69677038498e3dc4a48654e54023d4f18b983c7aa2c,b7092130d589a5e9a8d0c8ca188812cbc43be38ab2fa6c0b637beac55f406fae,https://www.sec.gov/Archives/edgar/data/910606/000119312526191872/reg-20260429.htm,EXACT_KEY_REVIEWED_VALIDATION_NOT_APPLY
1865,2026,Q2,66462,REG,0001193125-26-323784,SEC_8K_ITEM_2_02,2026-07-29T20:22:08Z,,,NO_TIMESTAMP_DIFFERENCE,VERIFIED,REVIEW,NONE,62f1096c1be4269859dc41f80c778b30b479e04b0db8a65097a3f6354efd7f29,a30c126c531678da3a40c6bcc0cf209c5258dd1c817f57da4a24905d7ecd8895,https://www.sec.gov/Archives/edgar/data/910606/000119312526323784/reg-20260729.htm,EXACT_KEY_REVIEWED_VALIDATION_NOT_APPLY
1890,2025,Q1,67351,RIVN,0001874178-25-000025,SEC_8K_ITEM_2_02,2025-05-07T00:04:33Z,,,NO_TIMESTAMP_DIFFERENCE,VERIFIED,REVIEW,NONE,d8ead110cf2ce40daec77166c6ca1cf0dcc940cf087a492d108a2b585514ad6e,3c61e167f640ad2b557da319db72ae467af3c7a291f1a846f77d63baadca3c01,https://www.sec.gov/Archives/edgar/data/1874178/000187417825000025/rivn-20250506.htm,EXACT_KEY_REVIEWED_VALIDATION_NOT_APPLY
1890,2025,Q2,67352,RIVN,0001874178-25-000035,SEC_8K_ITEM_2_02,2025-08-06T00:01:27Z,,,NO_TIMESTAMP_DIFFERENCE,VERIFIED,REVIEW,NONE,db10c82b0a81bb4f795f65f4b44fa68e4423237d6d26a9669e119f1ec9267e5a,cf409dff93701a47a6c075cf41955f490dedeb1bf535c6aae28c0cba3f73990f,https://www.sec.gov/Archives/edgar/data/1874178/000187417825000035/rivn-20250805.htm,EXACT_KEY_REVIEWED_VALIDATION_NOT_APPLY
1890,2025,Q3,67353,RIVN,0001874178-25-000051,SEC_8K_ITEM_2_02,2025-11-05T02:01:44Z,,,NO_TIMESTAMP_DIFFERENCE,VERIFIED,REVIEW,NONE,77093bda024effab295d90cc2b2bcd6801b4ce5000abc698db44272a0c1af78e,a7115e89c40fc16e883031a7b3a7a29d732d5cd7ef2fc3d71d6a13b6ab48370a,https://www.sec.gov/Archives/edgar/data/1874178/000187417825000051/rivn-20251104.htm,EXACT_KEY_REVIEWED_VALIDATION_NOT_APPLY
1890,2025,Q4,67354,RIVN,0001874178-26-000007,SEC_8K_ITEM_2_02,2026-02-13T02:01:27Z,,,NO_TIMESTAMP_DIFFERENCE,VERIFIED,REVIEW,NONE,689ee635c4706f7105255488538493f89d9151c784b4e894e4b4e8ae67983bce,6c1a9dfc5aca5dc7bd9d2c3b2dffe72751c36c6c42a8edc49f69a8404bbd866b,https://www.sec.gov/Archives/edgar/data/1874178/000187417826000007/rivn-20260212.htm,EXACT_KEY_REVIEWED_VALIDATION_NOT_APPLY
1897,2025,Q1,67604,RMBS,0000917273-25-000072,SEC_8K_ITEM_2_02,2025-04-29T00:09:15Z,,,NO_TIMESTAMP_DIFFERENCE,VERIFIED,REVIEW,NONE,39e77f98a2adc6849d0562a70f392c7dd66b42a85023ec5eca6548bcc2fc13a2,bfc843f152476e0307440ab586057b9d85989cb32d714b97c68e9059947955e4,https://www.sec.gov/Archives/edgar/data/917273/000091727325000072/rmbs-20250428.htm,EXACT_KEY_REVIEWED_VALIDATION_NOT_APPLY
1897,2025,Q2,67605,RMBS,0000950170-25-099166,SEC_8K_ITEM_2_02,2025-07-29T00:08:11Z,,,NO_TIMESTAMP_DIFFERENCE,VERIFIED,REVIEW,NONE,088b0879f3a6e05dfcb2a58cbe435c389188fd6da963c32d99f59eb561d1988a,4d0e96ac066caf3045e38a0618e185fab1e0c42b25886fb0bf54dc5db623a46d,https://www.sec.gov/Archives/edgar/data/917273/000095017025099166/rmbs-20250728.htm,EXACT_KEY_REVIEWED_VALIDATION_NOT_APPLY
1897,2025,Q3,67606,RMBS,0001193125-25-251595,SEC_8K_ITEM_2_02,2025-10-28T00:11:57Z,,,NO_TIMESTAMP_DIFFERENCE,VERIFIED,REVIEW,NONE,0bbef1ebdd3766468250876153f621dc6d7230f5547ac9401736a54fc47abe49,0b01075277744bf1fcaa916f1e676cd54252e9e4bf8cdbe2caccea7209fe8a95,https://www.sec.gov/Archives/edgar/data/917273/000119312525251595/rmbs-20251027.htm,EXACT_KEY_REVIEWED_VALIDATION_NOT_APPLY
1897,2025,Q4,67607,RMBS,0001193125-26-033624,SEC_8K_ITEM_2_02,2026-02-03T02:07:57Z,,,NO_TIMESTAMP_DIFFERENCE,VERIFIED,REVIEW,NONE,df7c5be70b2026d9a58e9376dbc99b3af969d94b463001fdcca48227405972d8,255146548d8c642a83ce29211cd93e9444819655f893b6ac43642192eb2128f6,https://www.sec.gov/Archives/edgar/data/917273/000119312526033624/rmbs-20260202.htm,EXACT_KEY_REVIEWED_VALIDATION_NOT_APPLY
1897,2026,Q1,67608,RMBS,0001193125-26-182076,SEC_8K_ITEM_2_02,2026-04-28T00:08:06Z,,,NO_TIMESTAMP_DIFFERENCE,VERIFIED,REVIEW,NONE,185c5c322f8ca2a74ba7b026c9a9810ae70449e78a009243f8fb20c34bcb3c45,db21801529074261dd3038a5f3101b278cc3f3544a7effabd581e2a0bd381a0a,https://www.sec.gov/Archives/edgar/data/917273/000119312526182076/rmbs-20260427.htm,EXACT_KEY_REVIEWED_VALIDATION_NOT_APPLY
1897,2026,Q2,67609,RMBS,0001193125-26-318063,SEC_8K_ITEM_2_02,2026-07-28T00:06:16Z,,,NO_TIMESTAMP_DIFFERENCE,VERIFIED,REVIEW,NONE,15d0da062695b6442e069e385d1bd4874d0cbadabef477aa16571eab3f70c139,8cf00e8861210bfa54c8073a7858a416e958a2a63795090e918f6512336c88de,https://www.sec.gov/Archives/edgar/data/917273/000119312526318063/rmbs-20260727.htm,EXACT_KEY_REVIEWED_VALIDATION_NOT_APPLY
1917,2025,Q1,68352,RPM,0001193125-24-230656,SEC_8K_ITEM_2_02,2024-10-02T14:53:01Z,,,NO_TIMESTAMP_DIFFERENCE,VERIFIED,REVIEW,NONE,e8ecf358d63d8592e5996f2189824fe52d139adae805891000ef4fb40d31ad15,0544bceeee0e92d242952fcbb0dfb6872104fedf706611f89046f76271a95279,https://www.sec.gov/Archives/edgar/data/110621/000119312524230656/d829584d8k.htm,EXACT_KEY_REVIEWED_VALIDATION_NOT_APPLY
1917,2025,Q2,68353,RPM,0001193125-25-002536,SEC_8K_ITEM_2_02,2025-01-07T16:57:28Z,,,NO_TIMESTAMP_DIFFERENCE,VERIFIED,REVIEW,NONE,ce5623e08fc70f6670dd521bc53947d6343eb6cc14cf83532706a2d02b7e396a,5cfdeeeac2bc9660b690db608cdaa1ca309860d87203a406c0e079ffba2fb092,https://www.sec.gov/Archives/edgar/data/110621/000119312525002536/d917504d8k.htm,EXACT_KEY_REVIEWED_VALIDATION_NOT_APPLY
1917,2025,Q3,68354,RPM,0001193125-25-075093,SEC_8K_ITEM_2_02,2025-04-08T14:56:29Z,,,NO_TIMESTAMP_DIFFERENCE,VERIFIED,REVIEW,NONE,9829ea830c416e5b22c512b4af48588bb90e25c563324eb4f2726e251c85da0b,44c690affcb3781639b97be53790f0a6d7fe8b4b305b49acd49e0e666a50eaac,https://www.sec.gov/Archives/edgar/data/110621/000119312525075093/d901793d8k.htm,EXACT_KEY_REVIEWED_VALIDATION_NOT_APPLY
1917,2025,Q4,68355,RPM,0001193125-25-163802,SEC_8K_ITEM_2_02,2025-07-24T14:52:01Z,,,NO_TIMESTAMP_DIFFERENCE,VERIFIED,REVIEW,NONE,7696ebf317b5bccf38a217942a4ee6255b065daf7ca2c466d824bf0d08c87271,2fd3de6cad7ca4d511c0757359a472f8729afffa02b99b18f03a23b42ef3451c,https://www.sec.gov/Archives/edgar/data/110621/000119312525163802/d85733d8k.htm,EXACT_KEY_REVIEWED_VALIDATION_NOT_APPLY
1917,2026,Q1,68356,RPM,0001193125-25-225841,SEC_8K_ITEM_2_02,2025-10-01T14:55:04Z,,,NO_TIMESTAMP_DIFFERENCE,VERIFIED,REVIEW,NONE,112b45aa54dab6029d266005aae29df59a08b6b4c67182b77493884883b07f60,dd65e30bfd6abee56d15069e070d3ea12ff1807e1e84cc5f8e7d50277e3de4bd,https://www.sec.gov/Archives/edgar/data/110621/000119312525225841/d911529d8k.htm,EXACT_KEY_REVIEWED_VALIDATION_NOT_APPLY
1923,2025,Q1,68561,RRR,0001193125-25-109965,SEC_8K_ITEM_2_02,2025-05-01T20:10:06Z,,,NO_TIMESTAMP_DIFFERENCE,VERIFIED,REVIEW,NONE,25e6056884834675c8c87a100abad7c8c410db22a991bb03eb2edc7b6dad449d,cb1c47566ad7e90eaf9f9df2d46ff149b287fd9747f4e3481513ae51536d9512,https://www.sec.gov/Archives/edgar/data/1653653/000119312525109965/d935648d8k.htm,EXACT_KEY_REVIEWED_VALIDATION_NOT_APPLY
1923,2025,Q2,68562,RRR,0001193125-25-167977,SEC_8K_ITEM_2_02,2025-07-29T20:01:29Z,,,NO_TIMESTAMP_DIFFERENCE,VERIFIED,REVIEW,NONE,8b8598d6755efd7a140c0e01d8cb4d75aca5ac2b994d2853a9d1557955144544,a01dc7555a81c1dd00588f02af4ae3bdb08755bb227c819954ac032aec151123,https://www.sec.gov/Archives/edgar/data/1653653/000119312525167977/d927857d8k.htm,EXACT_KEY_REVIEWED_VALIDATION_NOT_APPLY
1923,2025,Q3,68563,RRR,0001193125-25-253457,SEC_8K_ITEM_2_02,2025-10-28T20:01:12Z,,,NO_TIMESTAMP_DIFFERENCE,VERIFIED,REVIEW,NONE,c3e707d152c4d4f857b049f01aa3712263370a14e476789b3b7fea7ce9419592,bc5235e41f92fbf2022afa29e3d1ce0b8c929b9d02bf47ebf714e460b74f5b21,https://www.sec.gov/Archives/edgar/data/1653653/000119312525253457/d31085d8k.htm,EXACT_KEY_REVIEWED_VALIDATION_NOT_APPLY
1923,2025,Q4,68564,RRR,0001193125-26-044612,SEC_8K_ITEM_2_02,2026-02-10T21:01:18Z,,,NO_TIMESTAMP_DIFFERENCE,VERIFIED,REVIEW,NONE,645ca9459b93607bbcf373118ec13e5623a5b2e5bd0f7f75d8aa0deb468ff889,763012d17fd52009b909ec4fe119cd35d2ea368941b2c535819b111a8b8336b5,https://www.sec.gov/Archives/edgar/data/1653653/000119312526044612/d72367d8k.htm,EXACT_KEY_REVIEWED_VALIDATION_NOT_APPLY
1960,2025,Q1,69841,SCCO,0001558370-25-005526,SEC_8K_ITEM_2_02,2025-04-25T15:56:12Z,,,NO_TIMESTAMP_DIFFERENCE,VERIFIED,REVIEW,NONE,bcf0647b660214b54fca6f239e48b8be0944977ddc3c698941874cb446fd5fed,153b01d4733678711ad3343addb44b1c025187c43ce90a83fe677701624184d0,https://www.sec.gov/Archives/edgar/data/1001838/000155837025005526/scco-20250424x8k.htm,EXACT_KEY_REVIEWED_VALIDATION_NOT_APPLY
1960,2025,Q2,69842,SCCO,0001558370-25-009748,SEC_8K_ITEM_2_02,2025-07-29T21:15:51Z,,,NO_TIMESTAMP_DIFFERENCE,VERIFIED,REVIEW,NONE,90098ab9792f380c1bcf876197b976efa27c6fa3703b0d36f8387255f0e13307,8edb687771b9e4fba25104db5c3077712d1b8b7be823191df19160a4510241e2,https://www.sec.gov/Archives/edgar/data/1001838/000155837025009748/scco-20250728x8k.htm,EXACT_KEY_REVIEWED_VALIDATION_NOT_APPLY
1960,2025,Q3,69843,SCCO,0001104659-25-103333,SEC_8K_ITEM_2_02,2025-10-29T00:35:13Z,,,NO_TIMESTAMP_DIFFERENCE,VERIFIED,REVIEW,NONE,972802350dee67914d00fea5dbf4e86951f6e72f33f0d3bf611027d716a9d8a8,170ae17900082e8ea4083da5f85bdec3d6764c8dddee0dd1f999c9ca28983bb8,https://www.sec.gov/Archives/edgar/data/1001838/000110465925103333/scco-20251028x8k.htm,EXACT_KEY_REVIEWED_VALIDATION_NOT_APPLY
1960,2025,Q4,69844,SCCO,0001104659-26-007496,SEC_8K_ITEM_2_02,2026-01-28T22:21:17Z,,,NO_TIMESTAMP_DIFFERENCE,VERIFIED,REVIEW,NONE,822f8681eac55158c32927b22cb769e2c08a67ced396323d641c87ab5aafeefb,2998688493dbc0d41204cc758353249ed917110773758ab2cd43175951e9e6c1,https://www.sec.gov/Archives/edgar/data/1001838/000110465926007496/scco-20260127x8k.htm,EXACT_KEY_REVIEWED_VALIDATION_NOT_APPLY
1960,2026,Q1,69845,SCCO,0001104659-26-051281,SEC_8K_ITEM_2_02,2026-04-29T16:53:59Z,,,NO_TIMESTAMP_DIFFERENCE,VERIFIED,REVIEW,NONE,032bb52046750338527e374c30e967609c85c520b7994e63f9cfb58ec4a257d3,81c8311e054e3843229cfd85f44535443fdfc67b1d461fc2767d2e6a5e32eb91,https://www.sec.gov/Archives/edgar/data/1001838/000110465926051281/scco-20260428x8k.htm,EXACT_KEY_REVIEWED_VALIDATION_NOT_APPLY
1960,2026,Q2,69846,SCCO,0001104659-26-085515,SEC_8K_ITEM_2_02,2026-07-22T00:51:40Z,,,NO_TIMESTAMP_DIFFERENCE,VERIFIED,REVIEW,NONE,7a0b5f0580dd2870e8dcd4cc6e80ef8d2cd987d45884a5c16ed03ac9cebc204a,93297e2fdd4f9a29bc1e940269a171ee242c1a6eee8e40c9d56aec3d8817063f,https://www.sec.gov/Archives/edgar/data/1001838/000110465926085515/scco-20260721x8k.htm,EXACT_KEY_REVIEWED_VALIDATION_NOT_APPLY
1969,2025,Q2,70155,SDRL,0001737706-25-000006,SEC_8K_ITEM_2_02,2025-08-07T00:43:31Z,,,NO_TIMESTAMP_DIFFERENCE,VERIFIED,REVIEW,NONE,ab091c850c6c52af37d286264045bd8050568a9f02e03ee3a499ae5184c5497d,267258987a63806f1d4bec4f52f9ec581ff5204888f0a00826424c8619d4e93f,https://www.sec.gov/Archives/edgar/data/1737706/000173770625000006/sdrl-20250806.htm,EXACT_KEY_REVIEWED_VALIDATION_NOT_APPLY
1969,2025,Q3,70156,SDRL,0001737706-25-000015,SEC_8K_ITEM_2_02,2025-11-06T02:36:21Z,,,NO_TIMESTAMP_DIFFERENCE,VERIFIED,REVIEW,NONE,34f90cc446e3c41c7e038ebf8f48aec0becc1e2276b8b63c2ccd8151c9fe9968,0a4aa2c12d66dd81c8eb7a474adcd41e3689916ed3e4f19a2d39a26cd58e6847,https://www.sec.gov/Archives/edgar/data/1737706/000173770625000015/sdrl-20251105.htm,EXACT_KEY_REVIEWED_VALIDATION_NOT_APPLY
1969,2025,Q4,70157,SDRL,0001737706-26-000006,SEC_8K_ITEM_2_02,2026-02-26T02:17:47Z,,,NO_TIMESTAMP_DIFFERENCE,VERIFIED,REVIEW,NONE,fa8e09c9cc5af0dd5d5056c41224b4bb003fe4319c11dc43fa86d20e4e2bf7f6,f0b194d2b7c6c36316cab3cc511d2aa5ea3f038bc2e8413a05e91d161aed6171,https://www.sec.gov/Archives/edgar/data/1737706/000173770626000006/sdrl-20260225.htm,EXACT_KEY_REVIEWED_VALIDATION_NOT_APPLY
2050,2025,Q1,72833,SOLV,0001964738-25-000049,SEC_8K_ITEM_2_02,2025-05-08T20:13:51Z,,,NO_TIMESTAMP_DIFFERENCE,VERIFIED,REVIEW,NONE,121d229e4f6bf1887a3a1fa7b5aca15de43968c7223109f6f4e2c14d6b975a21,1a6c436a9a52d38434ed4e37457fcf82629963e362523f5ba0c928786f845150,https://www.sec.gov/Archives/edgar/data/1964738/000196473825000049/solv-20250508.htm,EXACT_KEY_REVIEWED_VALIDATION_NOT_APPLY
2050,2025,Q2,72834,SOLV,0001964738-25-000062,SEC_8K_ITEM_2_02,2025-08-07T20:12:27Z,,,NO_TIMESTAMP_DIFFERENCE,VERIFIED,REVIEW,NONE,c4e1a7cb00b834730a4457f86c4b6beb88f50b9defdf7eb2bbfe9cb2a8cad187,0c5366941642f68aeb85c52a9e37cf130027fcec0b02e6e2d90de88e085ae01a,https://www.sec.gov/Archives/edgar/data/1964738/000196473825000062/solv-20250807.htm,EXACT_KEY_REVIEWED_VALIDATION_NOT_APPLY
2050,2025,Q3,72835,SOLV,0001964738-25-000089,SEC_8K_ITEM_2_02,2025-11-06T21:11:32Z,,,NO_TIMESTAMP_DIFFERENCE,VERIFIED,REVIEW,NONE,f79ea0738ebf9a44004219d56d5701f0a747e1853e3a199ae2f6647c08cb560e,14fef6abbe066943000d831f4796a786c11fbb8f663f9b7745e7e02037ea312f,https://www.sec.gov/Archives/edgar/data/1964738/000196473825000089/solv-20251106.htm,EXACT_KEY_REVIEWED_VALIDATION_NOT_APPLY
2050,2025,Q4,72836,SOLV,0001964738-26-000005,SEC_8K_ITEM_2_02,2026-02-26T21:08:05Z,,,NO_TIMESTAMP_DIFFERENCE,VERIFIED,REVIEW,NONE,b456a493f9cf7da99d189a47791cb23d4cbde8d7a558ad01791d3eb8b446cf33,a35545e4c85154274c37a25f6d18fd7727206a2ea178dde1261ac1017dddf58d,https://www.sec.gov/Archives/edgar/data/1964738/000196473826000005/solv-20260226.htm,EXACT_KEY_REVIEWED_VALIDATION_NOT_APPLY
2050,2026,Q1,72837,SOLV,0001964738-26-000022,SEC_8K_ITEM_2_02,2026-05-05T20:08:36Z,,,NO_TIMESTAMP_DIFFERENCE,VERIFIED,REVIEW,NONE,45be330fb484e65d0f67678b285bfa2a947da72f8e633c08074e8a91f525306c,697a6577fda6f861e2c2210b7b0637c908987496525a7c7e490786bb37b58ce1,https://www.sec.gov/Archives/edgar/data/1964738/000196473826000022/solv-20260505.htm,EXACT_KEY_REVIEWED_VALIDATION_NOT_APPLY
2050,2026,Q2,72838,SOLV,0001964738-26-000045,SEC_8K_ITEM_2_02,2026-08-05T20:17:48Z,,,NO_TIMESTAMP_DIFFERENCE,VERIFIED,REVIEW,NONE,cde0354c713ab86fb72b79990832526cd1f5f60d9701c44ee2925be4d6856ff0,a61e05170e0ec17cdf033e2c20b4f639d67bd515d8291dd7dea04bfc6f2c1cc9,https://www.sec.gov/Archives/edgar/data/1964738/000196473826000045/solv-20260805.htm,EXACT_KEY_REVIEWED_VALIDATION_NOT_APPLY
2057,2025,Q1,73091,SPGI,0000064040-25-000122,SEC_8K_ITEM_2_02,2025-04-29T15:10:18Z,,,NO_TIMESTAMP_DIFFERENCE,VERIFIED,REVIEW,NONE,e90048e59088f615fdd7caac727bff31a3e9ea5decb27c40b34414aad513d4fe,38ae0684feffa40b47de2bdce74463e2f6704bd5aaf2b892047ed44dcdd04a27,https://www.sec.gov/Archives/edgar/data/64040/000006404025000122/spgi-20250429.htm,EXACT_KEY_REVIEWED_VALIDATION_NOT_APPLY
2057,2025,Q2,73092,SPGI,0000064040-25-000143,SEC_8K_ITEM_2_02,2025-07-31T15:10:22Z,,,NO_TIMESTAMP_DIFFERENCE,VERIFIED,REVIEW,NONE,267fb7617423e9026e401f9a26a418c34aa25999a3fa4697d7bed22227c53282,a59bc7852ff3f92f328559dce109a237cabe7b20da0daf2c4eded1ab61c5229c,https://www.sec.gov/Archives/edgar/data/64040/000006404025000143/spgi-20250731.htm,EXACT_KEY_REVIEWED_VALIDATION_NOT_APPLY
2057,2025,Q3,73093,SPGI,0000064040-25-000163,SEC_8K_ITEM_2_02,2025-10-30T15:10:23Z,,,NO_TIMESTAMP_DIFFERENCE,VERIFIED,REVIEW,NONE,ec005445fc51b51f1a304b0afc072e6539206bebc2fc1009f169ea6b6728c1f5,da5421f6d69eb5a6f0d0c662e41c5b61575665e040d45af7ad53b3e3e9314d37,https://www.sec.gov/Archives/edgar/data/64040/000006404025000163/spgi-20251030.htm,EXACT_KEY_REVIEWED_VALIDATION_NOT_APPLY
2057,2025,Q4,73094,SPGI,0000064040-26-000007,SEC_8K_ITEM_2_02,2026-02-10T17:10:08Z,,,NO_TIMESTAMP_DIFFERENCE,VERIFIED,REVIEW,NONE,7252e35afe94c0299bdd3c4d4a31004b3514459a1160f18e42936b4524595ba0,e2a18f22c81e1d95f0f818a2c08c2307899fcbb217e9c716682f757bedb7164d,https://www.sec.gov/Archives/edgar/data/64040/000006404026000007/spgi-20260210.htm,EXACT_KEY_REVIEWED_VALIDATION_NOT_APPLY
2058,2025,Q1,73131,SPH,0000950170-25-015009,SEC_8K_ITEM_2_02,2025-02-06T17:35:37Z,,,NO_TIMESTAMP_DIFFERENCE,VERIFIED,REVIEW,NONE,e4e76beb7540372b557a5bb566fe634a8d12352d8528a042a2c41682d857cffa,98a2dd025f9f14ef2ff74e66880b99cf59564f092324bb6dfc885f81d843420a,https://www.sec.gov/Archives/edgar/data/1005210/000095017025015009/sph-20250206.htm,EXACT_KEY_REVIEWED_VALIDATION_NOT_APPLY
2058,2025,Q2,73132,SPH,0000950170-25-066399,SEC_8K_ITEM_2_02,2025-05-08T15:42:00Z,,,NO_TIMESTAMP_DIFFERENCE,VERIFIED,REVIEW,NONE,4b59d13d461175cc56a41749deaf3551abe20790aa54914ec56949a01d419117,dc77a5ed35923482c7f12305822d613bb09f795792a4f762910dc9b4b6c2c37e,https://www.sec.gov/Archives/edgar/data/1005210/000095017025066399/sph-20250508.htm,EXACT_KEY_REVIEWED_VALIDATION_NOT_APPLY
2058,2025,Q3,73133,SPH,0000950170-25-104606,SEC_8K_ITEM_2_02,2025-08-07T16:21:30Z,,,NO_TIMESTAMP_DIFFERENCE,VERIFIED,REVIEW,NONE,a0b641c9e2010a6d22243fa3bc9baca79adda7b95487da10f60f94cadc3720a3,907a56eaacd87c0c54d6b906692872a90b1755cce8d83e185fc3bd1e72394918,https://www.sec.gov/Archives/edgar/data/1005210/000095017025104606/sph-20250807.htm,EXACT_KEY_REVIEWED_VALIDATION_NOT_APPLY
2058,2025,Q4,73134,SPH,0001193125-25-279017,SEC_8K_ITEM_2_02,2025-11-13T17:54:19Z,,,NO_TIMESTAMP_DIFFERENCE,VERIFIED,REVIEW,NONE,d77839935f3516a762419d7b318b69a491857abc16a058fd4589939646052c66,489f9033990b281e81eed7cd688e8b552e93754af615f69ce633a0e2a623094c,https://www.sec.gov/Archives/edgar/data/1005210/000119312525279017/sph-20251113.htm,EXACT_KEY_REVIEWED_VALIDATION_NOT_APPLY
2058,2026,Q1,73135,SPH,0001193125-26-038543,SEC_8K_ITEM_2_02,2026-02-05T18:20:04Z,,,NO_TIMESTAMP_DIFFERENCE,VERIFIED,REVIEW,NONE,cf500dba01df2e202e99edc326d1c9a0d05d588b2a6e3ab53ff7a57422249c2e,cbb7913584b9808e30be8dc86a5c716dfe4e3c619c59fe44a810fefc5f4da00a,https://www.sec.gov/Archives/edgar/data/1005210/000119312526038543/sph-20260205.htm,EXACT_KEY_REVIEWED_VALIDATION_NOT_APPLY
2058,2026,Q2,73136,SPH,0001193125-26-210425,SEC_8K_ITEM_2_02,2026-05-07T16:14:13Z,,,NO_TIMESTAMP_DIFFERENCE,VERIFIED,REVIEW,NONE,bb1a090c409770cdc496d70adb6a570c891a48b26f1c33de5e58bb3c9449aa6a,124318fbc15795ecc0a9afed0f272b971b57ce34911470090e0996c0836dcfbf,https://www.sec.gov/Archives/edgar/data/1005210/000119312526210425/sph-20260507.htm,EXACT_KEY_REVIEWED_VALIDATION_NOT_APPLY
2058,2026,Q3,73137,SPH,0001005210-26-000010,SEC_8K_ITEM_2_02,2026-08-06T15:56:14Z,,,NO_TIMESTAMP_DIFFERENCE,VERIFIED,REVIEW,NONE,40e1ed15e82e0d4c15ba5d12cd86607b00fe3e855f23393fc90df4d079fb05d2,20ebbd608a37609d16e08eafc6118af9e7bbcde2b21d765243fd750cdce5648e,https://www.sec.gov/Archives/edgar/data/1005210/000100521026000010/sph-20260806.htm,EXACT_KEY_REVIEWED_VALIDATION_NOT_APPLY
2078,2025,Q1,73804,SRTA,0001779128-25-000039,SEC_8K_ITEM_2_02,2025-05-12T11:05:42Z,,,NO_TIMESTAMP_DIFFERENCE,VERIFIED,REVIEW,NONE,33071ce0d112c8f0ac294dbd4b649497f788923ebee77245ded71c8fd48362f7,6cafd580251dc9b6fe79751fd6b7d0e5976a92248bfb7438c1ff12f6f563ec59,https://www.sec.gov/Archives/edgar/data/1779128/000177912825000039/blde-20250512.htm,EXACT_KEY_REVIEWED_VALIDATION_NOT_APPLY
2079,2025,Q1,73845,SRTS,0001753926-25-000851,SEC_8K_ITEM_2_02,2025-05-15T20:12:05Z,,,NO_TIMESTAMP_DIFFERENCE,VERIFIED,REVIEW,NONE,1f783851f9befd4108948437f91265add1bbe269f70b37d13ae836efed51c5b9,dea027eba46faa88c950b27d9991b3f77835c8a42071a67947a5d31ad863c346,https://www.sec.gov/Archives/edgar/data/1494891/000175392625000851/g084817_8k.htm,EXACT_KEY_REVIEWED_VALIDATION_NOT_APPLY
2079,2025,Q2,73846,SRTS,0001753926-25-001254,SEC_8K_ITEM_2_02,2025-08-07T20:12:40Z,,,NO_TIMESTAMP_DIFFERENCE,VERIFIED,REVIEW,NONE,bbe29593b9b3f7d6feaedcda4c51f50d9b74ef7f2c81e4638ab4eb93db070aff,fe1e759854b3442007dee94e21f84ee1cf208df0a3743d22c6eb59c7c28ab77e,https://www.sec.gov/Archives/edgar/data/1494891/000175392625001254/g084908_8k.htm,EXACT_KEY_REVIEWED_VALIDATION_NOT_APPLY
2079,2025,Q3,73847,SRTS,0001753926-25-001710,SEC_8K_ITEM_2_02,2025-11-06T21:15:45Z,,,NO_TIMESTAMP_DIFFERENCE,VERIFIED,REVIEW,NONE,a5640d7c47c2491113809d7d90c4cbc4e84ca171b34159d5eea6219ae5bb92a2,fd45fdf38483a8d91df075ce4840a818ebb43d3dc8cd15f3293fb95fcac13c1e,https://www.sec.gov/Archives/edgar/data/1494891/000175392625001710/g084998_8k.htm,EXACT_KEY_REVIEWED_VALIDATION_NOT_APPLY
2079,2025,Q4,73848,SRTS,0001753926-26-000315,SEC_8K_ITEM_2_02,2026-02-12T21:09:22Z,,,NO_TIMESTAMP_DIFFERENCE,VERIFIED,REVIEW,NONE,59ef487cf2ac6a666723d1674a9761584aab6f17bbb9f793d9edfe47f632eabb,2e26d215dde5ba1afbe9096cc9e322c220f4f1531277ea034a08a2c5406627b8,https://www.sec.gov/Archives/edgar/data/1494891/000175392626000315/g085130_8k.htm,EXACT_KEY_REVIEWED_VALIDATION_NOT_APPLY
2110,2025,Q1,75009,SWBI,0001193125-24-214184,SEC_8K_ITEM_2_02,2024-09-05T20:05:54Z,,,NO_TIMESTAMP_DIFFERENCE,VERIFIED,REVIEW,NONE,7fd736845ee65f5ded30f438d4d48c7d1c0e9516e0808f43872fba3df0cd5359,cb2430f5ee8f33a1126ea4a4f1e489c8c58bdf10e0903c664ab457a551ac191a,https://www.sec.gov/Archives/edgar/data/1092796/000119312524214184/d889907d8k.htm,EXACT_KEY_REVIEWED_VALIDATION_NOT_APPLY
2110,2025,Q2,75010,SWBI,0001193125-24-271518,SEC_8K_ITEM_2_02,2024-12-05T21:08:32Z,,,NO_TIMESTAMP_DIFFERENCE,VERIFIED,REVIEW,NONE,ffb60473b47945f516cd3cb098326cc4c30225a09c77bc28bcf6fe48342bd8ee,eb6025d152b9ce32e2bc60b59ecb00efd2a8e222a0d50ee02fdae85f70c9d90d,https://www.sec.gov/Archives/edgar/data/1092796/000119312524271518/d915227d8k.htm,EXACT_KEY_REVIEWED_VALIDATION_NOT_APPLY
2110,2025,Q3,75011,SWBI,0001193125-25-048413,SEC_8K_ITEM_2_02,2025-03-06T21:05:38Z,,,NO_TIMESTAMP_DIFFERENCE,VERIFIED,REVIEW,NONE,81e7891a61ca9816a8d70ec8884006179e7c4077f54ebe2f598abe7ae6edb412,fdd05460442c4fcdfacb50691627c10ded2c8db5869525f338268f99a14bbe13,https://www.sec.gov/Archives/edgar/data/1092796/000119312525048413/d894656d8k.htm,EXACT_KEY_REVIEWED_VALIDATION_NOT_APPLY
2110,2025,Q4,75012,SWBI,0001193125-25-142704,SEC_8K_ITEM_2_02,2025-06-18T20:05:38Z,,,NO_TIMESTAMP_DIFFERENCE,VERIFIED,REVIEW,NONE,0e0065e35cec7f633f92fb644787bb539fe0fc095afe7b211eaad4e69e6e45ce,294050a0a50e281cd470fd9134f79bcbffc2baba519fc34a13232f59bd7f7617,https://www.sec.gov/Archives/edgar/data/1092796/000119312525142704/d19177d8k.htm,EXACT_KEY_REVIEWED_VALIDATION_NOT_APPLY
2110,2026,Q1,75013,SWBI,0001193125-25-196031,SEC_8K_ITEM_2_02,2025-09-04T20:06:24Z,,,NO_TIMESTAMP_DIFFERENCE,VERIFIED,REVIEW,NONE,28d7b7d77ecb6bdc1833cd3da0f591698392663b539c133fbae4f17ef27d832f,fbd30338c4442b83e870f564cff30604648d8a85578894d0dcbfbf251c7b5888,https://www.sec.gov/Archives/edgar/data/1092796/000119312525196031/d24388d8k.htm,EXACT_KEY_REVIEWED_VALIDATION_NOT_APPLY
2110,2026,Q2,75014,SWBI,0001193125-25-308078,SEC_8K_ITEM_2_02,2025-12-04T21:06:22Z,,,NO_TIMESTAMP_DIFFERENCE,VERIFIED,REVIEW,NONE,b5c62c296fdac32463da7a92169d1dfdee7ea0ae34767d532a3dad344638f0ab,a3c23f02dac6980557aa260bc5512f3c348245aa7c9c61ea191997238ec02e2a,https://www.sec.gov/Archives/edgar/data/1092796/000119312525308078/d124610d8k.htm,EXACT_KEY_REVIEWED_VALIDATION_NOT_APPLY
2110,2026,Q3,75015,SWBI,0001193125-26-093923,SEC_8K_ITEM_2_02,2026-03-05T21:05:58Z,,,NO_TIMESTAMP_DIFFERENCE,VERIFIED,REVIEW,NONE,1de34e018b315539773ac41434f84cef97b85058b129144eb55a53391ccea76c,28e45a4d8d4f5c3e330303f149a2772b5c15f993478af8f1109c6c96f50b233e,https://www.sec.gov/Archives/edgar/data/1092796/000119312526093923/d120095d8k.htm,EXACT_KEY_REVIEWED_VALIDATION_NOT_APPLY
2115,2025,Q1,75199,SXC,0001628280-25-020823,SEC_8K_ITEM_2_02,2025-04-30T16:28:44Z,,,NO_TIMESTAMP_DIFFERENCE,VERIFIED,REVIEW,NONE,60f95c23d1cb49003706700ee58f108a6dd21ed415776e3dd501b8e69205f07e,36bb65b01b990c8dc555b6d64815142f661175173f4e1dc03ede3e83c51634c2,https://www.sec.gov/Archives/edgar/data/1514705/000162828025020823/sxc-20250430.htm,EXACT_KEY_REVIEWED_VALIDATION_NOT_APPLY
2115,2025,Q2,75200,SXC,0001514705-25-000017,SEC_8K_ITEM_2_02,2025-07-30T16:00:51Z,,,NO_TIMESTAMP_DIFFERENCE,VERIFIED,REVIEW,NONE,482af8dd8efb7ad3eb4e784c50e2cbd8ccb0308ea0d2bba4646b971f533bdb0a,f804bd012217e5eb563283cc2eb30f2cf58d9789762b15c514e695ae9840c254,https://www.sec.gov/Archives/edgar/data/1514705/000151470525000017/sxc-20250730.htm,EXACT_KEY_REVIEWED_VALIDATION_NOT_APPLY
2115,2025,Q3,75201,SXC,0001514705-25-000034,SEC_8K_ITEM_2_02,2025-11-04T19:24:54Z,,,NO_TIMESTAMP_DIFFERENCE,VERIFIED,REVIEW,NONE,29bf6bd9fc59282c505352f2aade2880a2cf445bb995704d9f39cfa51a8fd2dc,fed954068d9b45e91f7c472eef56a054ca875b372c9d8977353fa417629eda37,https://www.sec.gov/Archives/edgar/data/1514705/000151470525000034/sxc-20251104.htm,EXACT_KEY_REVIEWED_VALIDATION_NOT_APPLY
2115,2025,Q4,75202,SXC,0001514705-26-000007,SEC_8K_ITEM_2_02,2026-02-17T19:14:20Z,,,NO_TIMESTAMP_DIFFERENCE,VERIFIED,REVIEW,NONE,8827eea585cda68c0492bec3069ed23fda83f2d4f7aeaa2af8b877bece831973,4299adf0bf768744d5d29aeb09c71b1daaa4096a83379f2b94b7dbba4897c7d6,https://www.sec.gov/Archives/edgar/data/1514705/000151470526000007/sxc-20260217.htm,EXACT_KEY_REVIEWED_VALIDATION_NOT_APPLY
2115,2026,Q1,75203,SXC,0001514705-26-000019,SEC_8K_ITEM_2_02,2026-04-30T18:29:24Z,,,NO_TIMESTAMP_DIFFERENCE,VERIFIED,REVIEW,NONE,bedeff7db52b6f5787e9d4a615f7ed81e7e48368cbd1a7b511697730b18081da,82ceb2976a99a7e465c6cddc73ab748dad1b9a5f75558407c81df04e5aa9c9c5,https://www.sec.gov/Archives/edgar/data/1514705/000151470526000019/sxc-20260430.htm,EXACT_KEY_REVIEWED_VALIDATION_NOT_APPLY
2115,2026,Q2,75204,SXC,0001514705-26-000032,SEC_8K_ITEM_2_02,2026-07-30T17:25:26Z,,,NO_TIMESTAMP_DIFFERENCE,VERIFIED,REVIEW,NONE,4cf0eb3ee2d6ede325de10d10e1c90a83ba075e9ca53d06e4646739d304c9999,8267f6ac06c07dcee77cd2e72c7c58e6336b96e46147f71ef0fdf839c09e8f65,https://www.sec.gov/Archives/edgar/data/1514705/000151470526000032/sxc-20260730.htm,EXACT_KEY_REVIEWED_VALIDATION_NOT_APPLY
2131,2025,Q1,75740,TBCH,0000950170-25-067080,SEC_8K_ITEM_2_02,2025-05-08T20:30:17Z,,,NO_TIMESTAMP_DIFFERENCE,VERIFIED,REVIEW,NONE,d7443bb0c747e54478a6a5cd8869ec9269328b9cfce243757ecfc400b0710880,2b698b107ab5d605f3158acf4bbf268b11a2dc467fc1f63aa638e8e9ad4ee885,https://www.sec.gov/Archives/edgar/data/1493761/000095017025067080/tbch-20250508.htm,EXACT_KEY_REVIEWED_VALIDATION_NOT_APPLY
2131,2025,Q2,75741,TBCH,0001193125-25-175441,SEC_8K_ITEM_2_02,2025-08-07T20:16:58Z,,,NO_TIMESTAMP_DIFFERENCE,VERIFIED,REVIEW,NONE,14af14a1dc418e3b29d0b1cb9f2cc75da69990b4f481c9a861ab14e7562b59e0,f6ae3db05ba7a13ab68ac771c5514ac51dd922aa95867f029d665aefb15a9ed2,https://www.sec.gov/Archives/edgar/data/1493761/000119312525175441/tbch-20250807.htm,EXACT_KEY_REVIEWED_VALIDATION_NOT_APPLY
2131,2025,Q3,75742,TBCH,0001193125-25-269591,SEC_8K_ITEM_2_02,2025-11-06T21:17:20Z,,,NO_TIMESTAMP_DIFFERENCE,VERIFIED,REVIEW,NONE,3a6fd16e6d2a5629ebef25fb27628dc27875837e8d3c3f1e56c6672cb93e8791,d307efe8f03b686c9c3bee3292f1356204efbe249b7377a9efa2559824c9ae89,https://www.sec.gov/Archives/edgar/data/1493761/000119312525269591/tbch-20251106.htm,EXACT_KEY_REVIEWED_VALIDATION_NOT_APPLY
2131,2025,Q4,75743,TBCH,0001193125-26-104292,SEC_8K_ITEM_2_02,2026-03-12T20:35:25Z,,,NO_TIMESTAMP_DIFFERENCE,VERIFIED,REVIEW,NONE,3cf2c435260e1d8d71dba3d3234800a45bcd5b2e7007f8786e83a51e51cbe851,c5340f2c04e4756eb52e82ad825d85d8e01f1b946f429d9b7d6b4091cc3d5f04,https://www.sec.gov/Archives/edgar/data/1493761/000119312526104292/tbch-20260312.htm,EXACT_KEY_REVIEWED_VALIDATION_NOT_APPLY
2131,2026,Q1,75744,TBCH,0001193125-26-211979,SEC_8K_ITEM_2_02,2026-05-07T20:16:48Z,,,NO_TIMESTAMP_DIFFERENCE,VERIFIED,REVIEW,NONE,73dcbb3e80f4a048f4ec62f92a00c8228be162470dc30dfe87d091028b71a270,0a3fd2742723a2148b4c218bbb6f4eb8a76a6b9773159b597192fc86ea70bd0e,https://www.sec.gov/Archives/edgar/data/1493761/000119312526211979/tbch-20260507.htm,EXACT_KEY_REVIEWED_VALIDATION_NOT_APPLY
2131,2026,Q2,75745,TBCH,0001193125-26-338051,SEC_8K_ITEM_2_02,2026-08-06T20:15:24Z,,,NO_TIMESTAMP_DIFFERENCE,VERIFIED,REVIEW,NONE,82bf18828313eb7c683aa2755e390e64710fa3c419bdff6f2e05b13097f771dc,357289038fa688be45537d68b0f9e8d5b2518d6cf2096cdb89762f590fe0e4c9,https://www.sec.gov/Archives/edgar/data/1493761/000119312526338051/tbch-20260806.htm,EXACT_KEY_REVIEWED_VALIDATION_NOT_APPLY
2164,2026,Q1,76924,THRM,0001193125-26-171740,SEC_8K_ITEM_2_02,2026-04-23T14:10:17Z,,,NO_TIMESTAMP_DIFFERENCE,VERIFIED,REVIEW,NONE,dd6f5cd8a5c56f9b55ccda9660f440875bb99e6533b3a1341c1cb65b1c2b76d9,412c9a2cc35ec297d02ebcf87df4b838eb0ba5531449a13c8bf3697ccbb00298,https://www.sec.gov/Archives/edgar/data/903129/000119312526171740/thrm-20260423.htm,EXACT_KEY_REVIEWED_VALIDATION_NOT_APPLY
2174,2026,Q3,77219,TLRY,0001171843-26-002136,SEC_8K_ITEM_2_02,2026-04-01T15:00:14Z,,,NO_TIMESTAMP_DIFFERENCE,VERIFIED,REVIEW,NONE,12485210bffb6a8208dcd88a1b15eb51be9357f228c3bdd0ac320d20d110a5cf,1d7b677947c4ae9ed110a06e8fbdda879ece791faf723054333e6f58c565366d,https://www.sec.gov/Archives/edgar/data/1731348/000117184326002136/f8k_040126.htm,EXACT_KEY_REVIEWED_VALIDATION_NOT_APPLY
2179,2025,Q1,77386,TMUS,0001283699-25-000078,SEC_8K_ITEM_2_02,2025-04-24T20:04:57Z,,,NO_TIMESTAMP_DIFFERENCE,VERIFIED,REVIEW,NONE,87e845dec6f6d4bf2a519bd9bafac77973777396c7c062770b674295a689e002,e0a0b33e0fd25264250560bfd55f8fea732a8d045843074ba9be551e9c69f59c,https://www.sec.gov/Archives/edgar/data/1283699/000128369925000078/tmus-20250424.htm,EXACT_KEY_REVIEWED_VALIDATION_NOT_APPLY
2179,2025,Q2,77387,TMUS,0001283699-25-000116,SEC_8K_ITEM_2_02,2025-07-23T20:03:33Z,,,NO_TIMESTAMP_DIFFERENCE,VERIFIED,REVIEW,NONE,27d618bd6912375b104c1b141654081cdefd149286e66d4d80831e3ec983463f,6f6cacef2523ecc05e494f7ec7ec053595ec7954c64e5b82e2cdeefb4c0870f6,https://www.sec.gov/Archives/edgar/data/1283699/000128369925000116/tmus-20250723.htm,EXACT_KEY_REVIEWED_VALIDATION_NOT_APPLY
2179,2025,Q3,77388,TMUS,0001283699-25-000153,SEC_8K_ITEM_2_02,2025-10-23T11:00:09Z,,,NO_TIMESTAMP_DIFFERENCE,VERIFIED,REVIEW,NONE,cd27c67e0148f5fe1143bfc452ef58cd66ee0929147d49bd1670e0fc46c64483,4c4baad3284dadc4ed74255970457994d7e32ea343b87ea1f624f8c81cf73f2e,https://www.sec.gov/Archives/edgar/data/1283699/000128369925000153/tmus-20251023.htm,EXACT_KEY_REVIEWED_VALIDATION_NOT_APPLY
2179,2025,Q4,77389,TMUS,0001283699-26-000007,SEC_8K_ITEM_2_02,2026-02-11T12:37:24Z,,,NO_TIMESTAMP_DIFFERENCE,VERIFIED,REVIEW,NONE,e1c0b67ac48c2d335784db38850ac66e62eebe564c4d57cc07e6a7eca1c652d3,09f6da935faa58214f03d8d25d2f1bcef902832296cd2370255e4ee990622cf1,https://www.sec.gov/Archives/edgar/data/1283699/000128369926000007/tmus-20260211.htm,EXACT_KEY_REVIEWED_VALIDATION_NOT_APPLY
2179,2026,Q1,77390,TMUS,0001283699-26-000062,SEC_8K_ITEM_2_02,2026-04-28T20:03:26Z,,,NO_TIMESTAMP_DIFFERENCE,VERIFIED,REVIEW,NONE,6c1cb06f4a6d1bed0505788ef69a785c11d645f71c506efe19de5f2d371b5b0e,37c5421873682a6f3f8052b347fb8631ce5b18b255d23a6729c1ac46f589f2af,https://www.sec.gov/Archives/edgar/data/1283699/000128369926000062/tmus-20260428.htm,EXACT_KEY_REVIEWED_VALIDATION_NOT_APPLY
2179,2026,Q2,77391,TMUS,0001283699-26-000100,SEC_8K_ITEM_2_02,2026-07-23T10:29:40Z,,,NO_TIMESTAMP_DIFFERENCE,VERIFIED,REVIEW,NONE,a37d765e9d4f58887ef9c9c6263457bcece814a65b555598fad23fa2439e3e0e,e2b72feebdfe83d3902b3c3dc816cddf48790ceb069141498f17a11d1fd52a98,https://www.sec.gov/Archives/edgar/data/1283699/000128369926000100/tmus-20260723.htm,EXACT_KEY_REVIEWED_VALIDATION_NOT_APPLY
2180,2025,Q1,77427,TNC,0000097134-25-000011,SEC_8K_ITEM_2_02,2025-04-30T20:46:34Z,,,NO_TIMESTAMP_DIFFERENCE,VERIFIED,REVIEW,NONE,47d9f262a73e942d433988852fabf939b6a51485ebe69592abf6c190bd6acb19,d8cf56394d9ebef9f185640ba1742ea10b29b6036e89f5420f2df265fc0a6f0a,https://www.sec.gov/Archives/edgar/data/97134/000009713425000011/tnc-20250430.htm,EXACT_KEY_REVIEWED_VALIDATION_NOT_APPLY
2180,2025,Q2,77428,TNC,0000097134-25-000024,SEC_8K_ITEM_2_02,2025-08-06T20:39:24Z,,,NO_TIMESTAMP_DIFFERENCE,VERIFIED,REVIEW,NONE,ea06ff8e9913ac097dc4195f10711405646d88867da4ae2b4cd66798295db1f4,2ee9eb55ed36a192e1aae3094a22b6ce7ca13cd0229b89776515e990f60c4a1e,https://www.sec.gov/Archives/edgar/data/97134/000009713425000024/tnc-20250806.htm,EXACT_KEY_REVIEWED_VALIDATION_NOT_APPLY
2180,2025,Q3,77429,TNC,0000097134-25-000034,SEC_8K_ITEM_2_02,2025-11-03T21:19:11Z,,,NO_TIMESTAMP_DIFFERENCE,VERIFIED,REVIEW,NONE,23fe619029daaaf2b2b2edf48031957d65f1997cca7c5488129bbd264ccdfd9a,f02c3dc48a46804f65a4b3995b797a388eeb1b4760b49946aab941f6fa57b292,https://www.sec.gov/Archives/edgar/data/97134/000009713425000034/tnc-20251103.htm,EXACT_KEY_REVIEWED_VALIDATION_NOT_APPLY
2180,2025,Q4,77430,TNC,0000097134-26-000004,SEC_8K_ITEM_2_02,2026-02-24T00:02:30Z,,,NO_TIMESTAMP_DIFFERENCE,VERIFIED,REVIEW,NONE,77371bb69cd4e7d8a5cec4f88f883af9711491c05b4472bea78d0adc1b224a70,e87584851765485426250ae677470ab7b4902daaceb1bfc95d3c457b004f10dd,https://www.sec.gov/Archives/edgar/data/97134/000009713426000004/tnc-20260223.htm,EXACT_KEY_REVIEWED_VALIDATION_NOT_APPLY
2180,2026,Q1,77431,TNC,0000097134-26-000012,SEC_8K_ITEM_2_02,2026-05-04T20:57:59Z,,,NO_TIMESTAMP_DIFFERENCE,VERIFIED,REVIEW,NONE,aa09c9f22652a3d2e85fad5d8f52d1bbe0b13bc685bd4eb6949bab20efcdc1e2,094fd1f425ce6e8f468982dee701486d01d3d6d7e5abb5943a3d2305e5cac71a,https://www.sec.gov/Archives/edgar/data/97134/000009713426000012/tnc-20260504.htm,EXACT_KEY_REVIEWED_VALIDATION_NOT_APPLY
2180,2026,Q2,77432,TNC,0000097134-26-000022,SEC_8K_ITEM_2_02,2026-08-05T22:41:48Z,,,NO_TIMESTAMP_DIFFERENCE,VERIFIED,REVIEW,NONE,af8c04011ea304240a03b7c6cd11634e05694652f4f7d800384def1b6e018d3b,0b01fbc33ff9e5a191f6edfe1d297d79f3d00afcee533ee7dcbb512200ef4e85,https://www.sec.gov/Archives/edgar/data/97134/000009713426000022/tnc-20260805.htm,EXACT_KEY_REVIEWED_VALIDATION_NOT_APPLY
2190,2025,Q1,77762,TOST,0001650164-25-000175,SEC_8K_ITEM_2_02,2025-05-09T00:12:52Z,,,NO_TIMESTAMP_DIFFERENCE,VERIFIED,REVIEW,NONE,6260a3de1c9df8deb22148db890b3baea989caf26e2e25f88a542bce25ef0f4c,198e649b3b5edd026ce915748b5497bc2f1d907de27770d7a69c7525aff0c3d8,https://www.sec.gov/Archives/edgar/data/1650164/000165016425000175/tost-20250508.htm,EXACT_KEY_REVIEWED_VALIDATION_NOT_APPLY
2190,2025,Q2,77763,TOST,0001650164-25-000288,SEC_8K_ITEM_2_02,2025-08-06T00:12:01Z,,,NO_TIMESTAMP_DIFFERENCE,VERIFIED,REVIEW,NONE,1fa45ea82dc0c6bd92c0d74142c4125497d1bdcf5da1bdb0644d6a5e98e6b3e0,d96334d9fac02207c22733547f4bfa01000037e32244a4e87903fe4cb7a0fac6,https://www.sec.gov/Archives/edgar/data/1650164/000165016425000288/tost-20250805.htm,EXACT_KEY_REVIEWED_VALIDATION_NOT_APPLY
2190,2025,Q3,77764,TOST,0001650164-25-000334,SEC_8K_ITEM_2_02,2025-11-05T02:11:21Z,,,NO_TIMESTAMP_DIFFERENCE,VERIFIED,REVIEW,NONE,88e85138826efed919eb2e9fcc8f08cf7de784c55e3d9d0a680e6fdf54995763,bd86706cc9c516aab7f6ccffb83b817e876bbf0eb5d1d8c20ea928ab7d0dccaf,https://www.sec.gov/Archives/edgar/data/1650164/000165016425000334/tost-20251104.htm,EXACT_KEY_REVIEWED_VALIDATION_NOT_APPLY
2190,2025,Q4,77765,TOST,0001650164-26-000050,SEC_8K_ITEM_2_02,2026-02-13T02:12:21Z,,,NO_TIMESTAMP_DIFFERENCE,VERIFIED,REVIEW,NONE,992684f9b8b70a62a4da23cb0384cadcf81fc047566b64589faa6971962e51b5,2f8563546c03fb8c89f76f4bb7951b13b8d6062801ef9965df9c539544a566de,https://www.sec.gov/Archives/edgar/data/1650164/000165016426000050/tost-20260210.htm,EXACT_KEY_REVIEWED_VALIDATION_NOT_APPLY
2190,2026,Q1,77766,TOST,0001650164-26-000113,SEC_8K_ITEM_2_02,2026-05-08T00:20:16Z,,,NO_TIMESTAMP_DIFFERENCE,VERIFIED,REVIEW,NONE,93fa63fceee5bbeb54c543682e40dca5c676798c72822021f9928787335abea2,df8fd40668637422f02ae8821a673a450635b47e7aaa8a1d6369e1ab1278b855,https://www.sec.gov/Archives/edgar/data/1650164/000165016426000113/tost-20260507.htm,EXACT_KEY_REVIEWED_VALIDATION_NOT_APPLY
2190,2026,Q2,77767,TOST,0001650164-26-000162,SEC_8K_ITEM_2_02,2026-08-05T00:12:21Z,,,NO_TIMESTAMP_DIFFERENCE,VERIFIED,REVIEW,NONE,e437c65f7e22cf26803d0aa700b938f120447c5ce444136779b4157f3c688e90,39fad64ab4f0929a673a76484acad638bece4fbbd6e9892fb717b4397b34cff2,https://www.sec.gov/Archives/edgar/data/1650164/000165016426000162/tost-20260804.htm,EXACT_KEY_REVIEWED_VALIDATION_NOT_APPLY
2267,2026,Q2,80613,UPBD,0001193125-26-324902,SEC_8K_ITEM_2_02,2026-07-30T15:28:52Z,,,NO_TIMESTAMP_DIFFERENCE,VERIFIED,REVIEW,NONE,d60ca831387c79be6cd69d8e09626cc555beaf3769bb5d79b28fbacae7ffb378,49caba11b0f969a115c4bf308d144e1b1ecd39f7df099420a29ee01b12579c78,https://www.sec.gov/Archives/edgar/data/933036/000119312526324902/upbd-20260730.htm,EXACT_KEY_REVIEWED_VALIDATION_NOT_APPLY
2269,2025,Q1,80690,UPS,0001090727-25-000046,SEC_8K_ITEM_2_02,2025-04-29T10:09:54Z,,,NO_TIMESTAMP_DIFFERENCE,VERIFIED,REVIEW,NONE,8430761662954f354831c7921d677bdfe1650d2e32dadab99ad04253517cce85,e5f453794e43a0f62c45f522fa025fec83c02f74d312e0cee088ee5374f85d19,https://www.sec.gov/Archives/edgar/data/1090727/000109072725000046/ups-20250429.htm,EXACT_KEY_REVIEWED_VALIDATION_NOT_APPLY
2269,2025,Q2,80691,UPS,0001090727-25-000061,SEC_8K_ITEM_2_02,2025-07-29T10:16:20Z,,,NO_TIMESTAMP_DIFFERENCE,VERIFIED,REVIEW,NONE,7c176070cd27ce544f470aea0912b172f07f749a6bc33e2efbf625cd1faf5649,ca101c56b755e7b4c0f065b9a911f9f00ae3441cd05ffb989b8ac3478f2fe92a,https://www.sec.gov/Archives/edgar/data/1090727/000109072725000061/ups-20250729.htm,EXACT_KEY_REVIEWED_VALIDATION_NOT_APPLY
2269,2025,Q3,80692,UPS,0001628280-25-046550,SEC_8K_ITEM_2_02,2025-10-28T10:09:04Z,,,NO_TIMESTAMP_DIFFERENCE,VERIFIED,REVIEW,NONE,89e31d540a24b994c58c130653034a8999b965da8adb51278220628b6e948761,7183d69a1aa1bacff70d4692e92d8798f7b1f74a53f64501b66c547dcc443e48,https://www.sec.gov/Archives/edgar/data/1090727/000162828025046550/ups-20251028.htm,EXACT_KEY_REVIEWED_VALIDATION_NOT_APPLY
2269,2025,Q4,80693,UPS,0001628280-26-003510,SEC_8K_ITEM_2_02,2026-01-27T11:08:17Z,,,NO_TIMESTAMP_DIFFERENCE,VERIFIED,REVIEW,NONE,641fda691951b257f1761e9fd3b9f663bfae64ef198957d2b9c29f1bb38549b4,358024ca3e01763755423ec8143b82edf352f5f82ce6d22fef7ed6a1010be3f5,https://www.sec.gov/Archives/edgar/data/1090727/000162828026003510/ups-20260127.htm,EXACT_KEY_REVIEWED_VALIDATION_NOT_APPLY
2269,2026,Q1,80694,UPS,0001628280-26-027717,SEC_8K_ITEM_2_02,2026-04-28T10:09:08Z,,,NO_TIMESTAMP_DIFFERENCE,VERIFIED,REVIEW,NONE,bd8141e74293c90ee00af99b97e85ee51b2137f5d1e04415b5998b0d4df9ddc4,6beb8a8ce647268adbd8cf942581c054f9e5cee6504bc8b10d5c308064619de3,https://www.sec.gov/Archives/edgar/data/1090727/000162828026027717/ups-20260428.htm,EXACT_KEY_REVIEWED_VALIDATION_NOT_APPLY
2269,2026,Q2,80695,UPS,0001628280-26-049912,SEC_8K_ITEM_2_02,2026-07-28T10:03:54Z,,,NO_TIMESTAMP_DIFFERENCE,VERIFIED,REVIEW,NONE,6eb2cfc78b4fe6182b771e0f3f0d3161ee212ba2205b2b47522636f652bac9b7,bf2c0ea3997bcccdea906b732eb7e18c20cb8f5001de0123122cda5a6b2aadbb,https://www.sec.gov/Archives/edgar/data/1090727/000162828026049912/ups-20260728.htm,EXACT_KEY_REVIEWED_VALIDATION_NOT_APPLY
2283,2025,Q1,81208,UTI,0001261654-25-000003,SEC_8K_ITEM_2_02,2025-02-05T21:10:20Z,,,NO_TIMESTAMP_DIFFERENCE,VERIFIED,REVIEW,NONE,7dd2584d68bfaee8e8eea5f0d3e4bd2c99d58a94e25e63686a4013a320209a43,9f209fda9d256eeee6fd647f8faaedd238ee30fe395f30a2f960dc179be6ad0c,https://www.sec.gov/Archives/edgar/data/1261654/000126165425000003/uti-20250205.htm,EXACT_KEY_REVIEWED_VALIDATION_NOT_APPLY
2291,2025,Q1,81508,VCEL,0001628280-25-023481,SEC_8K_ITEM_2_02,2025-05-08T12:04:48Z,,,NO_TIMESTAMP_DIFFERENCE,VERIFIED,REVIEW,NONE,1895913b1100da3a00d05476354b0e1553ccb754d8ae3a231206cd57f598fd58,e1785cb527a613a3bb2189ca5f8d9ad0c7093175612948c913a712bda6fea468,https://www.sec.gov/Archives/edgar/data/887359/000162828025023481/vcel-20250508.htm,EXACT_KEY_REVIEWED_VALIDATION_NOT_APPLY
2291,2025,Q2,81509,VCEL,0001628280-25-036854,SEC_8K_ITEM_2_02,2025-07-31T12:14:39Z,,,NO_TIMESTAMP_DIFFERENCE,VERIFIED,REVIEW,NONE,2adc02825aec8b9d6d609bb395c70f35d4d0b62d5496ca86fe884afe3f700c9b,bd4149073b0240425ab4842e72e1e9f8ef5a6ba5283d9c7ac6bfb8413c8e584e,https://www.sec.gov/Archives/edgar/data/887359/000162828025036854/vcel-20250731.htm,EXACT_KEY_REVIEWED_VALIDATION_NOT_APPLY
2291,2026,Q1,81512,VCEL,0001628280-26-031713,SEC_8K_ITEM_2_02,2026-05-07T11:57:40Z,,,NO_TIMESTAMP_DIFFERENCE,VERIFIED,REVIEW,NONE,878e4d7999bd4437f4f800f7394e74df6ccf8b6d8d4681b1acfff232cb4a2e7e,17fcfe6ad4ae0991931d6de18957aec7c284434504d2c35b3b30e173c16ddb47,https://www.sec.gov/Archives/edgar/data/887359/000162828026031713/vcel-20260507.htm,EXACT_KEY_REVIEWED_VALIDATION_NOT_APPLY
2291,2026,Q2,81513,VCEL,0001628280-26-050815,SEC_8K_ITEM_2_02,2026-07-30T12:03:54Z,,,NO_TIMESTAMP_DIFFERENCE,VERIFIED,REVIEW,NONE,38e2c5f5d113575fd8ab897ed8e53e18524c68fc1f6185af79f1d76d791b13ce,fd652114b392c937a2fa1a694ea49124e9a2d05ac8d91a46a5840c03942a3fa5,https://www.sec.gov/Archives/edgar/data/887359/000162828026050815/vcel-20260730.htm,EXACT_KEY_REVIEWED_VALIDATION_NOT_APPLY
2301,2026,Q1,81849,VFC,0000103379-25-000033,SEC_8K_ITEM_2_02,2025-07-30T10:02:51Z,,,NO_TIMESTAMP_DIFFERENCE,VERIFIED,REVIEW,NONE,dc574468e202803448dd36198ea8d20665c0790c84e404328445eb04ada73a99,0fdd3cee0d86a144b246e86e870842b32dd6009c15d3c69064b0942a73c6c1f8,https://www.sec.gov/Archives/edgar/data/103379/000010337925000033/vfc-20250730.htm,EXACT_KEY_REVIEWED_VALIDATION_NOT_APPLY
2301,2026,Q2,81850,VFC,0000103379-25-000058,SEC_8K_ITEM_2_02,2025-10-28T10:01:36Z,,,NO_TIMESTAMP_DIFFERENCE,VERIFIED,REVIEW,NONE,a98bf4d485efadae944e6d4d4489fc4dc2c7d57e3dfc376b0b5772a3809c8c00,4a17f4eb0f84f7eb53e395b7db436212d5e1f0fd2437265fdb22f947958a973f,https://www.sec.gov/Archives/edgar/data/103379/000010337925000058/vfc-20251028.htm,EXACT_KEY_REVIEWED_VALIDATION_NOT_APPLY
2301,2026,Q3,81851,VFC,0000103379-26-000008,SEC_8K_ITEM_2_02,2026-01-28T11:00:57Z,,,NO_TIMESTAMP_DIFFERENCE,VERIFIED,REVIEW,NONE,22d90b5f7e824bba4adfeef4f9d01b76f3670f039a5e2d32c4609100f2c32709,e260e03b5629cc2072536ef555350a40c68997f77aeb4bd07067fdace9c78471,https://www.sec.gov/Archives/edgar/data/103379/000010337926000008/vfc-20260128.htm,EXACT_KEY_REVIEWED_VALIDATION_NOT_APPLY
2301,2026,Q4,81852,VFC,0000103379-26-000028,SEC_8K_ITEM_2_02,2026-05-20T10:02:32Z,,,NO_TIMESTAMP_DIFFERENCE,VERIFIED,REVIEW,NONE,728900987fa338f578d501bd74b30b0a6e2df3079c47cc7c61b2d2c436a4acdc,699c28a17389a0690d26e84417d479d755e888d80ae0420a77c48d5e20e59d95,https://www.sec.gov/Archives/edgar/data/103379/000010337926000028/vfc-20260520.htm,EXACT_KEY_REVIEWED_VALIDATION_NOT_APPLY
2301,2027,Q1,81853,VFC,0000103379-26-000113,SEC_8K_ITEM_2_02,2026-07-29T10:02:04Z,,,NO_TIMESTAMP_DIFFERENCE,VERIFIED,REVIEW,NONE,835e148866e0a2b20f142b90eb27e5a55643e8882488e0fa8dbf4fc520deffed,69905bd0b1d5ec3d7e91ccff284cf9bd8fc84f7c3a2f328ce38551809c03683c,https://www.sec.gov/Archives/edgar/data/103379/000010337926000113/vfc-20260729.htm,EXACT_KEY_REVIEWED_VALIDATION_NOT_APPLY
2321,2025,Q1,82561,VPG,0001487952-25-000038,SEC_8K_ITEM_2_02,2025-05-06T10:36:52Z,,,NO_TIMESTAMP_DIFFERENCE,VERIFIED,REVIEW,NONE,ab26f6c1e72dd21db8c17f2918c0804c865ac74de149c2b32490785e93c527c1,769d7be37a139092cbb7420e89f08faeef7c34c8918715e15ee5a75afefb7b7d,https://www.sec.gov/Archives/edgar/data/1487952/000148795225000038/vpg-20250506.htm,EXACT_KEY_REVIEWED_VALIDATION_NOT_APPLY
2321,2025,Q2,82562,VPG,0001437749-25-024718,SEC_8K_ITEM_2_02,2025-08-05T12:57:42Z,,,NO_TIMESTAMP_DIFFERENCE,VERIFIED,REVIEW,NONE,7194f3bcfdd5feb5330d925b3800e4e671063f9a4499a210934cf268dc5bf6d6,2735a8e69456f45b8ae3bacd11dbdb4bda33a1f575da9e6027f0d82d134c51ce,https://www.sec.gov/Archives/edgar/data/1487952/000143774925024718/vpg20250521_8k.htm,EXACT_KEY_REVIEWED_VALIDATION_NOT_APPLY
2321,2025,Q3,82563,VPG,0001437749-25-032867,SEC_8K_ITEM_2_02,2025-11-04T11:30:32Z,,,NO_TIMESTAMP_DIFFERENCE,VERIFIED,REVIEW,NONE,a9100648f99d354f458b4bcf2b15338dec14e4aca6c518e8ad7fcf2cf9460140,6d50805b7722fe62ca8e9a2efc424e3b865fa5bbad1257c8636101adba480ba4,https://www.sec.gov/Archives/edgar/data/1487952/000143774925032867/vpg20250818_8k.htm,EXACT_KEY_REVIEWED_VALIDATION_NOT_APPLY
2321,2025,Q4,82564,VPG,0001437749-26-003697,SEC_8K_ITEM_2_02,2026-02-11T11:20:35Z,,,NO_TIMESTAMP_DIFFERENCE,VERIFIED,REVIEW,NONE,4a23e5ed24a8b39ce8731a38d4b1b7a7d91279d477cec001059601211a6094a3,eefd336e4726a3f9a011e0d59c24900476f8cc5ae3bc75259943f2f777101e47,https://www.sec.gov/Archives/edgar/data/1487952/000143774926003697/vpg20251030_8k.htm,EXACT_KEY_REVIEWED_VALIDATION_NOT_APPLY
2321,2026,Q1,82565,VPG,0001437749-26-016226,SEC_8K_ITEM_2_02,2026-05-12T10:30:15Z,,,NO_TIMESTAMP_DIFFERENCE,VERIFIED,REVIEW,NONE,a80a64fe0a91934a1f5d0cd845a3c3affd1f64d312e116730a1ee9479ee399f8,a610f5b7e89a1d7c8ea548749ac75f14cc6479d1f31103c87f3520161202a8ac,https://www.sec.gov/Archives/edgar/data/1487952/000143774926016226/vpg20260224_8k.htm,EXACT_KEY_REVIEWED_VALIDATION_NOT_APPLY
2321,2026,Q2,82566,VPG,0001437749-26-025779,SEC_8K_ITEM_2_02,2026-08-05T10:30:18Z,,,NO_TIMESTAMP_DIFFERENCE,VERIFIED,REVIEW,NONE,c6e26d9b72862e9fdb5287a26d59afc5c8ffb63a0ac8473a57bd554058631dbc,889c6562f456e8f0e272b7f4ff082c09b20cb972c3474d7810fcf62bbb50c44c,https://www.sec.gov/Archives/edgar/data/1487952/000143774926025779/vpg20260513_8k.htm,EXACT_KEY_REVIEWED_VALIDATION_NOT_APPLY
2334,2025,Q1,83071,VSH,0000103730-25-000035,SEC_8K_ITEM_2_02,2025-05-07T15:21:40Z,,,NO_TIMESTAMP_DIFFERENCE,VERIFIED,REVIEW,NONE,409b499febfd8101d8640e22bcef81b9b983f4e382f2065cbce623943e49b832,0103a0ad403b8b861976fa65b79b65df74ad43e68a9548f64f757c42565c7ed5,https://www.sec.gov/Archives/edgar/data/103730/000010373025000035/form8-k.htm,EXACT_KEY_REVIEWED_VALIDATION_NOT_APPLY
2334,2025,Q2,83072,VSH,0000103730-25-000053,SEC_8K_ITEM_2_02,2025-08-06T15:18:56Z,,,NO_TIMESTAMP_DIFFERENCE,VERIFIED,REVIEW,NONE,5be9dc88ec3dd87917530a1a644a74d6c12bfef26979c936953f12389d454764,b23ee6edfc46d58f126e2034e8975330087aa0181cd71b29d9f14f45b7e03e54,https://www.sec.gov/Archives/edgar/data/103730/000010373025000053/form8-k.htm,EXACT_KEY_REVIEWED_VALIDATION_NOT_APPLY
2334,2025,Q3,83073,VSH,0000103730-25-000066,SEC_8K_ITEM_2_02,2025-11-05T17:20:03Z,,,NO_TIMESTAMP_DIFFERENCE,VERIFIED,REVIEW,NONE,e1088f7b46a8587a546f5a82808b5e41d25cde016e9ab0a7107716752cca80ab,f8631779ee9adda609a51ed8f643950493b4b997760fbbdd6c793c65bbd73838,https://www.sec.gov/Archives/edgar/data/103730/000010373025000066/form8-k.htm,EXACT_KEY_REVIEWED_VALIDATION_NOT_APPLY
2334,2025,Q4,83074,VSH,0000103730-26-000008,SEC_8K_ITEM_2_02,2026-02-04T17:31:34Z,,,NO_TIMESTAMP_DIFFERENCE,VERIFIED,REVIEW,NONE,1f1b437bc227338068fa34867c44eb36a3330d04f81490e7432a612545f30c53,5a9aca9d482e1599361df0011fde46584efaafeed13bff24b45be418b584a5c7,https://www.sec.gov/Archives/edgar/data/103730/000010373026000008/form8-k.htm,EXACT_KEY_REVIEWED_VALIDATION_NOT_APPLY
2334,2026,Q1,83075,VSH,0000103730-26-000037,SEC_8K_ITEM_2_02,2026-05-13T15:31:08Z,,,NO_TIMESTAMP_DIFFERENCE,VERIFIED,REVIEW,NONE,1b1eb229d1ef5a47c67dad7b96c963996d040752ccbde4774de0895268b27ac5,5b15d2b442f2d1bf7f9cc5218fdf444d96b95682c92879e193ed58b0bf911137,https://www.sec.gov/Archives/edgar/data/103730/000010373026000037/form8-k.htm,EXACT_KEY_REVIEWED_VALIDATION_NOT_APPLY
2334,2026,Q2,83076,VSH,0000103730-26-000064,SEC_8K_ITEM_2_02,2026-08-05T15:30:56Z,,,NO_TIMESTAMP_DIFFERENCE,VERIFIED,REVIEW,NONE,02b98a6a935b2bd732991c1ac28c9d0c6e11bc8c7aed317b620c2a44ad467523,38bc389cd8047412a5f7cd6c6770cade810129219fbe5054b83c41d890b4ec3f,https://www.sec.gov/Archives/edgar/data/103730/000010373026000064/vsh-20260805.htm,EXACT_KEY_REVIEWED_VALIDATION_NOT_APPLY
2347,2026,Q1,83512,VVX,0001601548-26-000026,SEC_8K_ITEM_2_02,2026-05-04T20:07:13Z,,,NO_TIMESTAMP_DIFFERENCE,VERIFIED,REVIEW,NONE,5811265791d81ab42c6267a5516dd5b9f159ca218066105d7e1be6371c16f60b,19fc5ef092c51a7c3dacfcde63d186bb867e85f76d8de3fa36736ee13a2f1536,https://www.sec.gov/Archives/edgar/data/1601548/000160154826000026/vec-20260504.htm,EXACT_KEY_REVIEWED_VALIDATION_NOT_APPLY
2347,2026,Q2,83513,VVX,0001601548-26-000039,SEC_8K_ITEM_2_02,2026-08-03T20:07:11Z,,,NO_TIMESTAMP_DIFFERENCE,VERIFIED,REVIEW,NONE,99e6273f39e922fa03362e33edf145c8ac74175ba58ff46a621b38ed89213261,b925d416ded3739c4f6e92a341965f8ead27f6f945f3be681f72ffaa86a5249a,https://www.sec.gov/Archives/edgar/data/1601548/000160154826000039/vec-20260803.htm,EXACT_KEY_REVIEWED_VALIDATION_NOT_APPLY
2357,2025,Q1,83914,WDAY,0001327811-24-000089,SEC_8K_ITEM_2_02,2024-05-24T00:02:14Z,,,NO_TIMESTAMP_DIFFERENCE,VERIFIED,REVIEW,NONE,5821d70cd18c469a7c86fc3fa86893c46bab95ffbaf30d63bc25fb2d81fc961a,c3a19b27721ce7198cb8c0d799d9a8becd97c83e53941c6b422d78a547e3d91a,https://www.sec.gov/Archives/edgar/data/1327811/000132781124000089/wday-20240523.htm,EXACT_KEY_REVIEWED_VALIDATION_NOT_APPLY
2357,2025,Q2,83915,WDAY,0001327811-24-000163,SEC_8K_ITEM_2_02,2024-08-23T00:02:41Z,,,NO_TIMESTAMP_DIFFERENCE,VERIFIED,REVIEW,NONE,068c752d69dd57bb990facac4db3508af97c0aacffd86ccfe7171ca17d38ec2b,c0f51f8227f6b233692e533815645a08e11b71c797348e3c08bd109e7fd97790,https://www.sec.gov/Archives/edgar/data/1327811/000132781124000163/wday-20240822.htm,EXACT_KEY_REVIEWED_VALIDATION_NOT_APPLY
2357,2026,Q1,83918,WDAY,0001327811-25-000105,SEC_8K_ITEM_2_02,2025-05-23T00:04:39Z,,,NO_TIMESTAMP_DIFFERENCE,VERIFIED,REVIEW,NONE,19d0d7769319a223289dc45eff94244da87b9f3291370d3074155473f2ee7a80,0c92559e8626ddfdaa96b6ddbb76a3d3c69579f05f3ff0dbb3785fe5ca1b3a25,https://www.sec.gov/Archives/edgar/data/1327811/000132781125000105/wday-20250522.htm,EXACT_KEY_REVIEWED_VALIDATION_NOT_APPLY
2357,2026,Q2,83919,WDAY,0001327811-25-000181,SEC_8K_ITEM_2_02,2025-08-22T00:05:21Z,,,NO_TIMESTAMP_DIFFERENCE,VERIFIED,REVIEW,NONE,b0d210fd0b8e85eca5098e6ea260e77c0fad529a0483b74f46eed7cdb7d7bdce,cfd5d1554754754885531fac7dfb37f29e5b3a42ec7fefc69a9575a4280a116b,https://www.sec.gov/Archives/edgar/data/1327811/000132781125000181/wday-20250821.htm,EXACT_KEY_REVIEWED_VALIDATION_NOT_APPLY
2367,2026,Q1,84292,WEX,0001309108-26-000014,SEC_8K_ITEM_2_02,2026-04-23T00:36:01Z,,,NO_TIMESTAMP_DIFFERENCE,VERIFIED,REVIEW,NONE,9450752179f35e2e4108f36497a5cf5307b1d20c6889cc470073236106e8fca7,24e032d0a02f4ba55611724b2575b236c9a967c2300823f5e8b39c8eaa85ec12,https://www.sec.gov/Archives/edgar/data/1309108/000130910826000014/wex-20260422.htm,EXACT_KEY_REVIEWED_VALIDATION_NOT_APPLY
2367,2026,Q2,84293,WEX,0001309108-26-000026,SEC_8K_ITEM_2_02,2026-07-23T00:55:18Z,,,NO_TIMESTAMP_DIFFERENCE,VERIFIED,REVIEW,NONE,f143e6f1121f47c1909e18f8d2353c04095721908289428945d5f4ad25fcec1b,75e7bbca4f162c34d475bc37809e7c6156d371b9dbe76aed6e326a90e24feed6,https://www.sec.gov/Archives/edgar/data/1309108/000130910826000026/wex-20260722.htm,EXACT_KEY_REVIEWED_VALIDATION_NOT_APPLY
2377,2025,Q1,84654,WK,0001445305-25-000090,SEC_8K_ITEM_2_02,2025-05-01T20:19:19Z,,,NO_TIMESTAMP_DIFFERENCE,VERIFIED,REVIEW,NONE,c5979cb03321c6d3f55bee46db1b2868601fcdb0f8b74e2cdf3de2a8c72348d2,3c8fc5d085f23554013fb9f6cf6394a1999156a5dfff43b0bb41433f59798de4,https://www.sec.gov/Archives/edgar/data/1445305/000144530525000090/wk-20250501.htm,EXACT_KEY_REVIEWED_VALIDATION_NOT_APPLY
2377,2025,Q2,84655,WK,0001445305-25-000124,SEC_8K_ITEM_2_02,2025-07-31T20:18:14Z,,,NO_TIMESTAMP_DIFFERENCE,VERIFIED,REVIEW,NONE,636eae8b5de29c837e37ed18ebb72bf05c1ba56dfaaa76b30de8441b42b1e1a8,85b3548bd74bd0adc22a85f20378af29ad9b2b56eb6e3c4045dc1c88cd5155c2,https://www.sec.gov/Archives/edgar/data/1445305/000144530525000124/wk-20250731.htm,EXACT_KEY_REVIEWED_VALIDATION_NOT_APPLY
2377,2025,Q3,84656,WK,0001445305-25-000141,SEC_8K_ITEM_2_02,2025-11-05T21:08:39Z,,,NO_TIMESTAMP_DIFFERENCE,VERIFIED,REVIEW,NONE,4e1ccd666f4220ed8812d32d5017fb416680cf6c5fc3977aea6229210ecb6a6e,69428bc4ca09803fa728ea138519e0adf98c34cc5ef8de7078abb8b87d942071,https://www.sec.gov/Archives/edgar/data/1445305/000144530525000141/wk-20251105.htm,EXACT_KEY_REVIEWED_VALIDATION_NOT_APPLY
2377,2025,Q4,84657,WK,0001445305-26-000015,SEC_8K_ITEM_2_02,2026-02-19T21:05:55Z,,,NO_TIMESTAMP_DIFFERENCE,VERIFIED,REVIEW,NONE,3232699fd9f148ffbe0838971ecc90679f15f30f3340795f31e1aaa469bfac20,2607c6c5d1ee1426ceebd52fbf7a8b8b93f9f7fc44c189624c6fc75b3efaeac0,https://www.sec.gov/Archives/edgar/data/1445305/000144530526000015/wk-20260219.htm,EXACT_KEY_REVIEWED_VALIDATION_NOT_APPLY
2377,2026,Q1,84658,WK,0001445305-26-000043,SEC_8K_ITEM_2_02,2026-05-05T20:07:10Z,,,NO_TIMESTAMP_DIFFERENCE,VERIFIED,REVIEW,NONE,1450bc01d4ee2d0079dfc20a77c3b82d1a6e76f03a20e839e378ce1240626dda,52399255b0255e5687305b0a35c741426bc36277b35a569fd74075fb43a1258a,https://www.sec.gov/Archives/edgar/data/1445305/000144530526000043/wk-20260505.htm,EXACT_KEY_REVIEWED_VALIDATION_NOT_APPLY
2377,2026,Q2,84659,WK,0001445305-26-000059,SEC_8K_ITEM_2_02,2026-08-04T20:11:02Z,,,NO_TIMESTAMP_DIFFERENCE,VERIFIED,REVIEW,NONE,081210aa152f989f41dfcad015f9b3aeba5316a043a20ec1e172501d3f2a57a2,1cfc61fe333a8a26e0d35e8f477669f1f084b4def35c11737ee0d3e0177c21bd,https://www.sec.gov/Archives/edgar/data/1445305/000144530526000059/wk-20260804.htm,EXACT_KEY_REVIEWED_VALIDATION_NOT_APPLY
2400,2026,Q1,85524,WST,0000105770-26-000047,SEC_8K_ITEM_2_02,2026-04-23T11:11:01Z,,,NO_TIMESTAMP_DIFFERENCE,VERIFIED,REVIEW,NONE,d08c340282a6a355b51f955c785a5a8857ffaeb4151f4015a7e3c78136bf44e5,5974dd4826211244b87840d4860afb526d5b15522d7980e1acc6828c22dbb32c,https://www.sec.gov/Archives/edgar/data/105770/000010577026000047/wst-20260423.htm,EXACT_KEY_REVIEWED_VALIDATION_NOT_APPLY
2400,2026,Q2,85525,WST,0000105770-26-000097,SEC_8K_ITEM_2_02,2026-07-23T11:14:59Z,,,NO_TIMESTAMP_DIFFERENCE,VERIFIED,REVIEW,NONE,f7c154db6aa93ae734ccc1d5e1b1052a139f0f08fc4ea7fca66783b8db1bbf83,44bd2f59b80fb82bbe9b5db109f96b75f6946acbe2ebc9aad2b21f60ceb3102f,https://www.sec.gov/Archives/edgar/data/105770/000010577026000097/wst-20260723.htm,EXACT_KEY_REVIEWED_VALIDATION_NOT_APPLY
2404,2025,Q1,85682,WTTR,0001140361-25-017561,SEC_8K_ITEM_2_02,2025-05-07T01:26:38Z,,,NO_TIMESTAMP_DIFFERENCE,VERIFIED,REVIEW,NONE,d1f8f01699e322bd0fdc6cfba59c8119791c76e47e52e5c4a458224abe3ced87,68bc3bee3a6ba0765b603ed4455cc436a05e73c0f01af69ed2be65bffac8d5eb,https://www.sec.gov/Archives/edgar/data/1693256/000114036125017561/ef20048531_8k.htm,EXACT_KEY_REVIEWED_VALIDATION_NOT_APPLY
2404,2025,Q2,85683,WTTR,0001140361-25-028927,SEC_8K_ITEM_2_02,2025-08-06T02:23:37Z,,,NO_TIMESTAMP_DIFFERENCE,VERIFIED,REVIEW,NONE,28e1864475b210cca2b72edc9a1535e2065d9496c8f3ff88811d369ff822b002,09f20162cf8e5cac96da5c1849f84360b05783b24d554672078c2756b1f589f3,https://www.sec.gov/Archives/edgar/data/1693256/000114036125028927/ef20053266_8k.htm,EXACT_KEY_REVIEWED_VALIDATION_NOT_APPLY
2404,2025,Q3,85684,WTTR,0001104659-25-109314,SEC_8K_ITEM_2_02,2025-11-11T03:29:50Z,,,NO_TIMESTAMP_DIFFERENCE,VERIFIED,REVIEW,NONE,63323608f623e3ef92e3c9f3f2c5effe514fef5f4566cd98f98414387ede546f,f7f8d62c51c43028a8b08d09f9a86b5195fe3261969f5e82b29c74ed3dc2e5c9,https://www.sec.gov/Archives/edgar/data/1693256/000110465925109314/tm254551d1_8k.htm,EXACT_KEY_REVIEWED_VALIDATION_NOT_APPLY
2404,2025,Q4,85685,WTTR,0001140361-26-005834,SEC_8K_ITEM_2_02,2026-02-18T03:29:55Z,,,NO_TIMESTAMP_DIFFERENCE,VERIFIED,REVIEW,NONE,e322f2fb53034dea3509026906f077ade258229bb64ef2a77b14a40b9aecd7ea,034a256188a80d8c1281bcb3f1785819d11f594e81af084e7ed2598bc0907eb5,https://www.sec.gov/Archives/edgar/data/1693256/000114036126005834/ef20065909_8k.htm,EXACT_KEY_REVIEWED_VALIDATION_NOT_APPLY
2404,2026,Q1,85686,WTTR,0001140361-26-019129,SEC_8K_ITEM_2_02,2026-05-06T01:16:44Z,,,NO_TIMESTAMP_DIFFERENCE,VERIFIED,REVIEW,NONE,d26690a503f665088f77c0d9dfa26f95f3fa225b2cdf6088ca1e9364b7b2cdb8,1ebd92b08da957b8f1184febeef2e31baf2cc60c8f797064b977003378a841f3,https://www.sec.gov/Archives/edgar/data/1693256/000114036126019129/ef20072543_form8k.htm,EXACT_KEY_REVIEWED_VALIDATION_NOT_APPLY
2404,2026,Q2,85687,WTTR,0001140361-26-031155,SEC_8K_ITEM_2_02,2026-08-05T00:20:35Z,,,NO_TIMESTAMP_DIFFERENCE,VERIFIED,REVIEW,NONE,2a5bace3e1f3bfb8937b7ddb980d5f2661a1005510e4a8287d96e53d0f5a71fd,ab7f209d6866591af68ef3b03193d82d8f991e85860f2c998ecd7db7cd29e8cb,https://www.sec.gov/Archives/edgar/data/1693256/000114036126031155/ef20079476_8k.htm,EXACT_KEY_REVIEWED_VALIDATION_NOT_APPLY
2431,2025,Q1,86650,XXII,0001641172-25-009810,SEC_8K_ITEM_2_02,2025-05-13T10:03:02Z,,,NO_TIMESTAMP_DIFFERENCE,VERIFIED,REVIEW,NONE,77bacf8d619231d5a21375a755f2f1b9e6853eb0206eb653ac74bf96aaa1fd31,3ea9bca2fd094f6a66754f250c21a6bbdf27d0e6631391150299f49ee88c4715,https://www.sec.gov/Archives/edgar/data/1347858/000164117225009810/form8-k.htm,EXACT_KEY_REVIEWED_VALIDATION_NOT_APPLY
2435,2025,Q1,86806,YETI,0001670592-25-000022,SEC_8K_ITEM_2_02,2025-05-08T10:10:15Z,,,NO_TIMESTAMP_DIFFERENCE,VERIFIED,REVIEW,NONE,b1a8542fd4d4b3a8de49b16b3bcf711a1277ae97dc2bdb8d1b4d9e01b88e0008,977427aa45e531fe495f2b34df7e1e0079d00548669b39cc2e98eb0359d08811,https://www.sec.gov/Archives/edgar/data/1670592/000167059225000022/yeti-20250508.htm,EXACT_KEY_REVIEWED_VALIDATION_NOT_APPLY
2435,2025,Q2,86807,YETI,0001670592-25-000038,SEC_8K_ITEM_2_02,2025-08-07T10:04:51Z,,,NO_TIMESTAMP_DIFFERENCE,VERIFIED,REVIEW,NONE,e0263f6d3c641ee0ef4625f96ddbfb2d4df71890ba7cdd0ecd981051441b3c02,47bfc5db404fef314b7e0cf4f9e1f3a76512f8d443cbb1018715af6f0a47312a,https://www.sec.gov/Archives/edgar/data/1670592/000167059225000038/yeti-20250807.htm,EXACT_KEY_REVIEWED_VALIDATION_NOT_APPLY
2435,2025,Q3,86808,YETI,0001670592-25-000046,SEC_8K_ITEM_2_02,2025-11-06T11:03:29Z,,,NO_TIMESTAMP_DIFFERENCE,VERIFIED,REVIEW,NONE,206e07d807ece293e234ddc1fe8c0f9de7b1fbc31de03c89e5ca45beb04859ae,15fe2722c01aa0cbe6b72fc84bf01ee5eec60327f74462af6eb62af50318ee38,https://www.sec.gov/Archives/edgar/data/1670592/000167059225000046/yeti-20251106.htm,EXACT_KEY_REVIEWED_VALIDATION_NOT_APPLY
2435,2025,Q4,86809,YETI,0001670592-26-000004,SEC_8K_ITEM_2_02,2026-02-19T11:08:48Z,,,NO_TIMESTAMP_DIFFERENCE,VERIFIED,REVIEW,NONE,efa87ab1c1a9b173e3466fbceda762f4ee3606f877d26a01c475384a6bffbc45,75539e14a5c16b5ba8e867e5c9593937d9f549a8d8c027d14ae8407edfb991c3,https://www.sec.gov/Archives/edgar/data/1670592/000167059226000004/yeti-20260219.htm,EXACT_KEY_REVIEWED_VALIDATION_NOT_APPLY
2520,2025,Q1,89363,INNV,0001834376-24-000084,SEC_8K_ITEM_2_02,2024-11-05T21:07:17Z,,,NO_TIMESTAMP_DIFFERENCE,VERIFIED,REVIEW,NONE,4e93bd57a24910d5e1d95321cba45a6e5c225df6e5203ec603a9311bcc8d7eb8,ea9b377732035dfa5582dd98cf709ca64b1b7bf3e8958bdcac16deb18ea19725,https://www.sec.gov/Archives/edgar/data/1834376/000183437624000084/innv-20241105.htm,EXACT_KEY_REVIEWED_VALIDATION_NOT_APPLY
2520,2025,Q2,89364,INNV,0001834376-25-000002,SEC_8K_ITEM_2_02,2025-02-04T21:07:12Z,,,NO_TIMESTAMP_DIFFERENCE,VERIFIED,REVIEW,NONE,524aecf58a6f981fc7b86d8a622055b4492cdcffd84807231b4d06c3ac231cbf,3648c70b9c18137f73545cfdff03fff16659e46bf2578daedccbee0edc91bc4f,https://www.sec.gov/Archives/edgar/data/1834376/000183437625000002/innv-20250204.htm,EXACT_KEY_REVIEWED_VALIDATION_NOT_APPLY
2520,2025,Q3,89365,INNV,0001834376-25-000009,SEC_8K_ITEM_2_02,2025-05-06T20:09:56Z,,,NO_TIMESTAMP_DIFFERENCE,VERIFIED,REVIEW,NONE,6da334e402f2a42c4d40401fa3911854b520dd5b14242367d772898be7cb6c9d,530ff1e40b989dee728537ac0af9cacf0a5b016d878cfdac50cb35ca959092b4,https://www.sec.gov/Archives/edgar/data/1834376/000183437625000009/innv-20250506.htm,EXACT_KEY_REVIEWED_VALIDATION_NOT_APPLY
2520,2025,Q4,89366,INNV,0001834376-25-000060,SEC_8K_ITEM_2_02,2025-09-09T20:08:23Z,,,NO_TIMESTAMP_DIFFERENCE,VERIFIED,REVIEW,NONE,f4f5c8b4f9871c7eac4c01601c64914e5e9729cb7960174d7742123e0d80ce43,7a34b84c1a39cd4bfaa480051397a596ad7c0b158df17ccc3bff67fda9168675,https://www.sec.gov/Archives/edgar/data/1834376/000183437625000060/innv-20250909.htm,EXACT_KEY_REVIEWED_VALIDATION_NOT_APPLY
2520,2026,Q1,89367,INNV,0001834376-25-000072,SEC_8K_ITEM_2_02,2025-11-04T21:08:13Z,,,NO_TIMESTAMP_DIFFERENCE,VERIFIED,REVIEW,NONE,5d6922112ad738a34a1f5dfbb5f5aed7f389d3aef53e0a3b00faf7e8aa7cdf56,9d8319a0c6b8910c3b3d482b485d54e261b31ac57d8063b19b7eb051aaa1a5f2,https://www.sec.gov/Archives/edgar/data/1834376/000183437625000072/innv-20251104.htm,EXACT_KEY_REVIEWED_VALIDATION_NOT_APPLY
2520,2026,Q2,89368,INNV,0001834376-26-000012,SEC_8K_ITEM_2_02,2026-02-03T21:06:52Z,,,NO_TIMESTAMP_DIFFERENCE,VERIFIED,REVIEW,NONE,82c14d4e62b78f796c83bbbfca49e64409907b50db8f2de7d7efe46d80e4d247,e53b81b3f434b174b2a3581528bab7a2ddb15ef54933156701ff958421d49aab,https://www.sec.gov/Archives/edgar/data/1834376/000183437626000012/innv-20260203.htm,EXACT_KEY_REVIEWED_VALIDATION_NOT_APPLY
