ticker,company_id,market,latest_fiscal_year,latest_fiscal_quarter,period_end,source_availability_date,equity_source_field,equity_value,share_field,share_value,price_date,price,market_cap,direct_bvps,calculated_bvps,pb_price_bvps,pb_marketcap_equity,equity_status,calculable,data_quality_note,sharefactor,strict_candidate
A,1,usa,2026,Q3,2026-07-31,2026-09-01,equityusd,7363000000.0,sharesbas -> shares_outstanding,281928854.0,2026-10-06,169.3300018310547,47739013364.04715,26.11,26.116518034723754,6.483636203184456,6.483636203184456,POSITIVE,1,,1.0,1
AA,2,usa,2026,Q2,2026-06-30,2026-07-30,equityusd,7303000000.0,sharesbas -> shares_outstanding,263909445.0,2026-10-06,43.16999816894531,11392970257.417374,27.672,27.672370725496393,1.5600397449565073,1.5600397449565073,POSITIVE,1,,1.0,1
AAL,3,usa,2026,Q2,2026-06-30,2026-07-23,equityusd,-3972000000.0,sharesbas -> shares_outstanding,661969951.0,2026-10-06,13.0,8605609363.0,-6.0,-6.0002723597947725,,,NEGATIVE,0,,1.0,0
AAOI,4,usa,2026,Q2,2026-06-30,2026-08-06,equityusd,1668025000.0,sharesbas -> shares_outstanding,84569237.0,2026-10-06,130.16000366210938,11007532197.621796,20.45,19.72377970017632,6.599141018642883,6.599141018642883,POSITIVE,1,,1.0,1
AAON,5,usa,2026,Q2,2026-06-30,2026-08-10,equityusd,1010416000.0,sharesbas -> shares_outstanding,82453639.0,2026-10-06,88.06999969482422,7261691961.567146,12.294,12.254353018912846,7.186833899668202,7.186833899668202,POSITIVE,1,,1.0,1
AAP,6,usa,2026,Q2,2026-07-18,2026-08-20,equityusd,2257000000.0,sharesbas -> shares_outstanding,60400000.0,2026-10-06,41.2400016784668,2490896101.3793945,37.43,37.36754966887417,1.1036314139917567,1.1036314139917565,POSITIVE,1,,1.0,1
AAPL,7,usa,2026,Q3,2026-06-27,2026-07-31,equityusd,107520000000.0,sharesbas -> shares_outstanding,14594180000.0,2026-10-06,333.6300048828125,4869056344660.645,7.336,7.367320397583146,45.2851222531682,45.2851222531682,POSITIVE,1,,1.0,1
AAT,8,usa,2026,Q2,2026-06-30,2026-07-31,equityusd,1122214000.0,sharesbas -> shares_outstanding,61404213.0,2026-10-06,21.5,1320190579.5,18.487,18.27584696835053,1.1764160663652385,1.1764160663652388,POSITIVE,1,,1.0,1
ABAT,9,usa,2026,Q4,2026-06-30,2026-09-14,,,sharesbas -> shares_outstanding,142577758.0,2026-10-06,2.1500000953674316,306542193.2972746,,,,,MISSING,0,sharefactor missing/nonunit,,0
ABBV,10,usa,2026,Q2,2026-06-30,2026-08-03,equityusd,-5982000000.0,sharesbas -> shares_outstanding,1767117285.0,2026-10-06,266.69000244140625,471272513050.9012,-3.382,-3.3851742896623866,,,NEGATIVE,0,,1.0,0
ABCL,11,usa,2026,Q2,2026-06-30,2026-08-05,equityusd,896020000.0,sharesbas -> shares_outstanding,306611466.0,2026-10-06,13.149999618530273,4031940660.937008,2.932,2.9223303736462354,4.499833330658923,4.499833330658923,POSITIVE,1,,1.0,1
ABEO,12,usa,2026,Q2,2026-06-30,2026-08-13,equityusd,128058000.0,sharesbas -> shares_outstanding,57184017.0,2026-10-06,5.010000228881836,286491938.2583828,2.245,2.239401964363574,2.2372045343389932,2.2372045343389932,POSITIVE,1,multi-class ownership validation required,1.0,0
ABG,13,usa,2026,Q2,2026-06-30,2026-07-31,equityusd,3923200000.0,sharesbas -> shares_outstanding,17951917.0,2026-10-06,169.75999450683594,3047517331.3071747,214.383,218.53933482424188,0.7767937732736477,0.7767937732736477,POSITIVE,1,,1.0,1
ABM,14,usa,2026,Q3,2026-07-31,2026-09-08,,,sharesbas -> shares_outstanding,58614592.0,2026-10-06,48.400001525878906,2836946342.2387695,,,,,MISSING,0,sharefactor missing/nonunit,,0
ABNB,15,usa,2026,Q2,2026-06-30,2026-08-06,equityusd,7799000000.0,sharesbas -> shares_outstanding,598785682.0,2026-10-06,160.38999938964844,96039235170.51022,13.174,13.024693533002681,12.31430121432366,12.31430121432366,POSITIVE,1,,1.0,1
ABOS,16,usa,2026,Q2,2026-06-30,2026-08-12,equityusd,57263000.0,sharesbas -> shares_outstanding,72317285.0,2026-10-06,2.0299999713897705,146804086.48098588,0.793,0.7918300583325273,2.563681373329827,2.563681373329827,POSITIVE,1,,1.0,1
ABR,17,usa,2026,Q2,2026-06-30,2026-07-31,equityusd,2777935000.0,sharesbas -> shares_outstanding,186558043.0,2026-10-06,3.490000009536743,651087571.8491561,14.559,14.890459587421809,0.234378260056177,0.23437826005617704,POSITIVE,1,multi-class ownership validation required,1.0,0
ABSI,18,usa,2026,Q2,2026-06-30,2026-08-11,equityusd,246131000.0,sharesbas -> shares_outstanding,171614010.0,2026-10-06,10.270000457763672,1762475961.2586594,1.563,1.4342127428873668,7.160723197235047,7.160723197235047,POSITIVE,1,,1.0,1
ABT,19,usa,2026,Q2,2026-06-30,2026-07-28,equityusd,51762000000.0,sharesbas -> shares_outstanding,1730383296.0,2026-10-06,98.16000366210938,169854430672.2129,29.741,29.91360360427335,3.281450304706404,3.281450304706404,POSITIVE,1,,1.0,1
ABUS,20,usa,2026,Q2,2026-06-30,2026-08-12,equityusd,258733000.0,sharesbas -> shares_outstanding,197847835.0,2026-10-06,4.480000019073486,886358304.573648,1.31,1.3077373325818804,3.4257644157245037,3.4257644157245037,POSITIVE,1,,1.0,1
ABVC,21,usa,2026,Q2,2026-06-30,2026-08-12,equityusd,10287183.0,sharesbas -> shares_outstanding,26654365.0,2026-10-06,0.9700000286102295,25854734.8125875,0.395,0.3859474048622055,2.513295895736228,2.513295895736228,POSITIVE,1,,1.0,1
ACA,22,usa,2026,Q2,2026-06-30,2026-08-05,equityusd,2983300000.0,sharesbas -> shares_outstanding,49106809.0,2026-10-06,146.5,7194147518.5,60.76,60.75124938376672,2.411473039419435,2.411473039419435,POSITIVE,1,,1.0,1
ACAD,23,usa,2026,Q2,2026-06-30,2026-08-04,equityusd,1306609000.0,sharesbas -> shares_outstanding,172305518.0,2026-10-06,19.739999771118164,3401310885.8823967,7.614,7.583094349886113,2.6031589296280653,2.6031589296280653,POSITIVE,1,,1.0,1
ACCO,24,usa,2026,Q2,2026-06-30,2026-07-31,equityusd,691100000.0,sharesbas -> shares_outstanding,92307568.0,2026-10-06,4.369999885559082,403384061.5962372,7.352,7.486926749061356,0.5836840711854104,0.5836840711854104,POSITIVE,1,,1.0,1
ACDC,25,usa,2026,Q2,2026-06-30,2026-08-06,equityusd,542500000.0,sharesbas -> shares_outstanding,182122762.0,2026-10-06,4.875,887848464.75,2.981,2.978760008043366,1.636587031797235,1.636587031797235,POSITIVE,1,multi-class ownership validation required,1.0,0
ACEL,26,usa,2026,Q2,2026-06-30,2026-08-04,equityusd,283864000.0,sharesbas -> shares_outstanding,81193475.0,2026-10-06,10.9399995803833,888256582.429862,3.46,3.4961430090287426,3.129162494820978,3.1291624948209775,POSITIVE,1,multi-class ownership validation required,1.0,0
ACHC,27,usa,2026,Q2,2026-06-30,2026-07-28,equityusd,1979122000.0,sharesbas -> shares_outstanding,93100275.0,2026-10-06,29.040000915527344,2703632071.2358475,21.792,21.25796083846154,1.3660765082879416,1.3660765082879416,POSITIVE,1,,1.0,1
ACHR,28,usa,2026,Q2,2026-06-30,2026-08-10,equityusd,1869000000.0,sharesbas -> shares_outstanding,770023800.0,2026-10-06,4.650000095367432,3580610743.435192,2.391,2.4271977047982154,1.9157895898529653,1.9157895898529653,POSITIVE,1,multi-class ownership validation required,1.0,0
ACHV,29,usa,2026,Q2,2026-06-30,2026-08-11,equityusd,-14676000.0,sharesbas -> shares_outstanding,102902490.0,2026-10-06,7.03000020980835,723404526.2898016,-0.157,-0.14262045553999714,,,NEGATIVE,0,,1.0,0
ACI,30,usa,2027,Q1,2026-06-20,2026-07-28,equityusd,1612700000.0,sharesbas -> shares_outstanding,485325683.0,2026-10-06,11.479999542236328,5571538618.675533,3.257,3.3229232585245234,3.454789247023956,3.454789247023956,POSITIVE,1,,1.0,1
ACIW,31,usa,2026,Q2,2026-06-30,2026-08-06,equityusd,1496744000.0,sharesbas -> shares_outstanding,100955241.0,2026-10-06,50.709999084472656,5119440178.682716,14.746,14.82581771064268,3.4203846340340878,3.4203846340340878,POSITIVE,1,,1.0,1
ACLS,32,usa,2026,Q2,2026-06-30,2026-08-06,equityusd,1065821000.0,sharesbas -> shares_outstanding,30881489.0,2026-10-06,141.14999389648438,4358921983.864349,34.599,34.51326456441268,4.089731750326133,4.089731750326133,POSITIVE,1,,1.0,1
ACM,33,usa,2026,Q3,2026-06-30,2026-08-11,equityusd,2193260000.0,sharesbas -> shares_outstanding,128696425.0,2026-10-06,60.15999984741211,7742376908.362484,17.06,17.042120633887073,3.530077103655054,3.5300771036550542,POSITIVE,1,,1.0,1
ACMR,34,usa,2026,Q2,2026-06-30,2026-08-07,equityusd,1860154000.0,sharesbas -> shares_outstanding,69649196.0,2026-10-06,75.3499984741211,5248066812.323761,27.399,26.70747268927555,2.8213077048049575,2.8213077048049575,POSITIVE,1,,1.0,1
ACN,35,usa,2026,Q3,2026-05-31,2026-06-18,equityusd,31890566000.0,sharesbas -> shares_outstanding,667810883.0,2026-10-06,193.39999389648438,129154620696.20584,52.091,47.753887832343096,4.049931904507616,4.049931904507616,POSITIVE,1,,1.0,1
ACRE,36,usa,2026,Q2,2026-06-30,2026-08-03,equityusd,489225000.0,sharesbas -> shares_outstanding,55481113.0,2026-10-06,3.75,208054173.75,8.836,8.81786564015037,0.4252729802238234,0.42527298022382337,POSITIVE,1,,1.0,1
ACRS,37,usa,2026,Q2,2026-06-30,2026-08-06,equityusd,124581000.0,sharesbas -> shares_outstanding,147198893.0,2026-10-06,3.700000047683716,544635911.1189902,0.873,0.8463446800513642,4.37174136601079,4.37174136601079,POSITIVE,1,,1.0,1
ACRV,38,usa,2026,Q2,2026-06-30,2026-08-12,equityusd,86665000.0,sharesbas -> shares_outstanding,42853362.0,2026-10-06,1.8600000143051147,79707253.93302226,2.071,2.022361746086573,0.9197167707035396,0.9197167707035396,POSITIVE,1,,1.0,1
ACTG,39,usa,2026,Q2,2026-06-30,2026-08-06,equityusd,526788000.0,sharesbas -> shares_outstanding,97586805.0,2026-10-06,4.369999885559082,426454326.68207645,5.439,5.398147833613366,0.80953690418551,0.80953690418551,POSITIVE,1,,1.0,1
ACVA,40,usa,2026,Q2,2026-06-30,2026-08-10,equityusd,389891000.0,sharesbas -> shares_outstanding,169807980.0,2026-10-06,10.4399995803833,1772795239.945736,2.28,2.2960699491272436,4.546899620524034,4.546899620524034,POSITIVE,1,,1.0,1
ACXP,41,usa,2026,Q2,2026-06-30,2026-08-13,equityusd,8152031.0,sharesbas -> shares_outstanding,5269921.0,2026-10-06,1.309999942779541,6903596.208452702,1.914,1.5468981413573373,0.8468559808534464,0.8468559808534464,POSITIVE,1,,1.0,1
AD,42,usa,2026,Q2,2026-06-30,2026-08-07,equityusd,1265532000.0,sharesbas -> shares_outstanding,86500000.0,2026-10-06,34.31999969482422,2968679973.602295,14.633,14.63042774566474,2.345796055415663,2.345796055415663,POSITIVE,1,multi-class ownership validation required,1.0,0
ADAM,43,usa,2026,Q2,2026-06-30,2026-07-31,equityusd,1472463000.0,sharesbas -> shares_outstanding,89879786.0,2026-10-06,7.71999979019165,693871929.0624704,16.365,16.382582397336815,0.47123216614778807,0.47123216614778807,POSITIVE,1,multi-class ownership validation required,1.0,0
ADBE,44,usa,2026,Q3,2026-08-28,2026-09-22,,,sharesbas -> shares_outstanding,389200000.0,2026-10-06,238.1199951171875,92676302099.60938,,,,,MISSING,0,sharefactor missing/nonunit,,0
ADC,45,usa,2026,Q2,2026-06-30,2026-07-30,equityusd,6520136000.0,sharesbas -> shares_outstanding,124379310.0,2026-10-06,65.79000091552734,8182914918.772659,54.336,52.4213874477998,1.2550221220497024,1.2550221220497024,POSITIVE,1,multi-class ownership validation required,1.0,0
ADCT,46,usa,2026,Q2,2026-06-30,2026-08-13,equityusd,-228205000.0,sharesbas -> shares_outstanding,127667695.0,2026-10-06,1.2699999809265137,162137970.21493196,-1.472,-1.787492129469401,,,NEGATIVE,0,,1.0,0
ADEA,47,usa,2026,Q2,2026-06-30,2026-08-05,equityusd,477187000.0,sharesbas -> shares_outstanding,110280150.0,2026-10-06,24.610000610351562,2713994558.809662,4.329,4.327043443448345,5.687486370772175,5.687486370772175,POSITIVE,1,,1.0,1
ADI,48,usa,2026,Q3,2026-08-01,2026-08-19,equityusd,33550897000.0,sharesbas -> shares_outstanding,484565465.0,2026-10-06,420.54998779296875,203784000390.64423,69.032,69.239141918626,6.07387636731871,6.073876367318711,POSITIVE,1,,1.0,1
ADM,49,usa,2026,Q2,2026-06-30,2026-08-04,equityusd,23580000000.0,sharesbas -> shares_outstanding,481959583.0,2026-10-06,82.20999908447266,39621896877.18282,48.619,48.92526434109725,1.680317933722766,1.680317933722766,POSITIVE,1,,1.0,1
ADMA,50,usa,2026,Q2,2026-06-30,2026-08-05,equityusd,408208000.0,sharesbas -> shares_outstanding,223984680.0,2026-10-06,10.180000305175781,2280164110.7546997,1.789,1.8224817875936872,5.585789868779396,5.585789868779396,POSITIVE,1,,1.0,1
ADNT,51,usa,2026,Q3,2026-06-30,2026-08-05,equityusd,1729000000.0,sharesbas -> shares_outstanding,77096932.0,2026-10-06,17.510000228881836,1349967296.9660873,22.138,22.42631392906789,0.7807792347981997,0.7807792347981998,POSITIVE,1,,1.0,1
ADP,52,usa,2026,Q4,2026-06-30,2026-08-05,equityusd,6031200000.0,sharesbas -> shares_outstanding,397262737.0,2026-10-06,262.3599853515625,104225845860.04163,15.127,15.18189207864215,17.281112524877575,17.281112524877575,POSITIVE,1,,1.0,1
ADPT,53,usa,2026,Q2,2026-06-30,2026-08-04,equityusd,142914000.0,sharesbas -> shares_outstanding,159595842.0,2026-10-06,26.899999618530273,4293128088.919018,0.894,0.8954744572856729,30.039940726024167,30.039940726024167,POSITIVE,1,,1.0,1
ADSK,54,usa,2027,Q2,2026-07-31,2026-08-28,equityusd,3383000000.0,sharesbas -> shares_outstanding,209000000.0,2026-10-06,231.27999877929688,48337519744.87305,16.11,16.1866028708134,14.288359368865812,14.288359368865814,POSITIVE,1,,1.0,1
ADT,55,usa,2026,Q2,2026-06-30,2026-07-30,equityusd,3477440000.0,sharesbas -> shares_outstanding,730559248.0,2026-10-06,6.360000133514404,4646356914.820183,4.923,4.759969858050445,1.3361429427452907,1.3361429427452904,POSITIVE,1,,1.0,1
ADTN,56,usa,2026,Q2,2026-06-30,2026-08-04,equityusd,129497000.0,sharesbas -> shares_outstanding,81481407.0,2026-10-06,7.619999885559082,620888312.015193,1.6,1.589282816385338,4.794615412057368,4.794615412057368,POSITIVE,1,,1.0,1
ADUS,57,usa,2026,Q2,2026-06-30,2026-08-04,equityusd,1148157000.0,sharesbas -> shares_outstanding,18674300.0,2026-10-06,113.16000366210938,2113183856.387329,62.768,61.48326844915204,1.8405007820248704,1.8405007820248704,POSITIVE,1,,1.0,1
ADV,58,usa,2026,Q2,2026-06-30,2026-08-05,equityusd,401819000.0,sharesbas -> shares_outstanding,12822230.0,2026-10-06,27.25,349405767.5,31.108,31.337684630520588,0.8695600942215276,0.8695600942215276,POSITIVE,1,multi-class ownership validation required,1.0,0
AEE,59,usa,2026,Q2,2026-06-30,2026-08-03,equityusd,13687000000.0,sharesbas -> shares_outstanding,276843251.0,2026-10-06,101.68000030517578,28149421846.165855,49.447,49.43952923020688,2.056653893926051,2.056653893926051,POSITIVE,1,,1.0,1
AEHR,60,usa,2026,Q4,2026-05-29,2026-07-27,equityusd,219511000.0,sharesbas -> shares_outstanding,32620450.0,2026-10-06,92.13999938964844,3005648243.0900574,6.885,6.729244998152999,13.69247209975836,13.69247209975836,POSITIVE,1,,1.0,1
AEI,61,usa,2026,Q2,2026-06-30,2026-08-14,equityusd,114479704.0,sharesbas -> shares_outstanding,38895830.0,2026-10-06,0.6840000152587891,26604748.313503265,2.943,2.9432384911184566,0.23239707462471484,0.23239707462471484,POSITIVE,1,,1.0,1
AEIS,62,usa,2026,Q2,2026-06-30,2026-08-03,equityusd,1456100000.0,sharesbas -> shares_outstanding,40050442.0,2026-10-06,302.7699890136719,12126071884.332703,37.432,36.356652443436204,8.327774111896645,8.327774111896643,POSITIVE,1,,1.0,1
AEMD,63,usa,2027,Q1,2026-06-30,2026-08-13,equityusd,5199329.0,sharesbas -> shares_outstanding,711136.0,2026-10-06,6.090000152587891,4330818.348510742,13.515,7.311300510732124,0.8329571659171293,0.8329571659171293,POSITIVE,1,,1.0,1
AEO,64,usa,2027,Q2,2026-08-01,2026-09-10,,,sharesbas -> shares_outstanding,167573333.0,2026-10-06,17.889999389648438,2997886825.0913544,,,,,MISSING,0,sharefactor missing/nonunit,,0
AEP,65,usa,2026,Q2,2026-06-30,2026-07-30,equityusd,32079000000.0,sharesbas -> shares_outstanding,544397352.0,2026-10-06,121.66999816894531,66236824821.01868,58.951,58.925709102273515,2.064803292528404,2.064803292528404,POSITIVE,1,multi-class ownership validation required,1.0,0
AES,66,usa,2026,Q2,2026-06-30,2026-08-04,equityusd,4942000000.0,sharesbas -> shares_outstanding,713438630.0,2026-10-06,14.930000305175781,10651638963.624191,6.912,6.927014871622525,2.155329616273612,2.155329616273612,POSITIVE,1,multi-class ownership validation required,1.0,0
AESI,67,usa,2026,Q2,2026-06-30,2026-08-05,equityusd,1113001000.0,sharesbas -> shares_outstanding,125003451.0,2026-10-06,12.710000038146973,1588793866.9785032,8.908,8.903762184933598,1.4274864685463027,1.4274864685463025,POSITIVE,1,,1.0,1
AEVA,68,usa,2026,Q2,2026-06-30,2026-08-06,equityusd,27530000.0,sharesbas -> shares_outstanding,69705758.0,2026-10-06,14.569999694824219,1015612872.7874908,0.426,0.3949458522493938,36.89113232064987,36.89113232064987,POSITIVE,1,multi-class ownership validation required,1.0,0
AEYE,69,usa,2026,Q2,2026-06-30,2026-08-13,equityusd,3223000.0,sharesbas -> shares_outstanding,12569674.0,2026-10-06,6.920000076293945,86982145.03899002,0.258,0.2564107867873105,26.98794447377909,26.987944473779095,POSITIVE,1,,1.0,1
AFCG,70,usa,2026,Q2,2026-06-30,2026-08-13,equityusd,187269500.0,sharesbas -> shares_outstanding,22671919.0,2026-10-06,3.2799999713897705,74363893.6713512,8.072,8.259975699454467,0.39709559576626835,0.39709559576626835,POSITIVE,1,,1.0,1
AGCO,71,usa,2026,Q2,2026-06-30,2026-07-30,equityusd,4080600000.0,sharesbas -> shares_outstanding,70031729.0,2026-10-06,116.19000244140625,8136986763.485901,57.392,58.26787455154791,1.9940662558167674,1.9940662558167674,POSITIVE,1,,1.0,1
AGEN,72,usa,2026,Q2,2026-06-30,2026-08-07,equityusd,-199075000.0,sharesbas -> shares_outstanding,45020407.0,2026-10-06,7.489999771118164,337202838.1256466,-4.816,-4.42188361380207,,,NEGATIVE,0,,1.0,0
AGIO,73,usa,2026,Q2,2026-06-30,2026-07-30,equityusd,1026021000.0,sharesbas -> shares_outstanding,59701882.0,2026-10-06,31.719999313354492,1893743656.045971,17.247,17.185739638827467,1.8457162729086156,1.8457162729086158,POSITIVE,1,,1.0,1
AGL,74,usa,2026,Q2,2026-06-30,2026-08-05,equityusd,227527000.0,sharesbas -> shares_outstanding,16791210.0,2026-10-06,83.4000015258789,1400386939.6213531,13.62,13.550363553311524,6.154816525605107,6.154816525605107,POSITIVE,1,,1.0,1
AGNC,75,usa,2026,Q2,2026-06-30,2026-07-31,equityusd,12543000000.0,sharesbas -> shares_outstanding,1185481447.0,2026-10-06,8.699999809265137,10313688362.787357,10.835,10.580511429969262,0.8222664723580769,0.8222664723580768,POSITIVE,1,multi-class ownership validation required,1.0,0
AGX,76,usa,2027,Q2,2026-07-31,2026-09-02,equityusd,506839000.0,sharesbas -> shares_outstanding,14029842.0,2026-10-06,419.6400146484375,5887483102.395264,36.131,36.12578103160392,11.616081442815695,11.616081442815695,POSITIVE,1,,1.0,1
AGYS,77,usa,2027,Q1,2026-06-30,2026-07-27,equityusd,338327000.0,sharesbas -> shares_outstanding,28205788.0,2026-10-06,98.79000091552734,2786449822.34317,12.039,11.99494940541991,8.235966453588304,8.235966453588304,POSITIVE,1,,1.0,1
AHCO,78,usa,2026,Q2,2026-06-30,2026-08-04,equityusd,1378466000.0,sharesbas -> shares_outstanding,136344196.0,2026-10-06,5.769999980926514,786706008.3194408,10.127,10.110192002599069,0.5707112169030218,0.5707112169030218,POSITIVE,1,multi-class ownership validation required,1.0,0
AHR,79,usa,2026,Q2,2026-06-30,2026-08-07,equityusd,3694547000.0,sharesbas -> shares_outstanding,217998775.0,2026-10-06,50.4900016784668,11006758515.653706,19.171,16.947558535592687,2.979190281150492,2.979190281150492,POSITIVE,1,,1.0,1
AI,80,usa,2027,Q1,2026-07-31,2026-09-09,,,sharesbas -> shares_outstanding,160779856.0,2026-10-06,11.239999771118164,1807165544.6404114,,,,,MISSING,0,sharefactor missing/nonunit,,0
AIFF,81,usa,2026,Q2,2026-06-30,2026-08-11,equityusd,14663000.0,sharesbas -> shares_outstanding,15690316.0,2026-10-06,1.25,19612895.0,0.713,0.9345254741842038,1.3375772352178954,1.3375772352178954,POSITIVE,1,,1.0,1
VAI,82,usa,2027,Q1,2026-06-30,2026-08-14,equityusd,-38579592.0,sharesbas -> shares_outstanding,14557489.0,2026-10-06,2.359999895095825,34355672.51285863,-7.554,-2.6501542951535115,,,NEGATIVE,0,,1.0,0
AIMD,83,usa,2026,Q2,2026-06-30,2026-08-03,equityusd,3283985.0,sharesbas -> shares_outstanding,7384073.0,2026-10-06,1.2899999618530273,9525453.88831997,0.446,0.44473896723393713,2.9005777700933377,2.9005777700933377,POSITIVE,1,multi-class ownership validation required,1.0,0
AIN,84,usa,2026,Q2,2026-06-30,2026-08-04,equityusd,745689000.0,sharesbas -> shares_outstanding,28400000.0,2026-10-06,59.310001373291016,1684404039.0014648,26.293,26.256654929577465,2.258855956037255,2.258855956037255,POSITIVE,1,,1.0,1
AIOT,85,usa,2027,Q1,2026-06-30,2026-08-10,equityusd,482588000.0,sharesbas -> shares_outstanding,134225918.0,2026-10-06,2.7100000381469727,363752242.9003124,3.597,3.595341400458889,0.7537531867769451,0.7537531867769451,POSITIVE,1,,1.0,1
AIP,86,usa,2026,Q2,2026-06-30,2026-08-06,equityusd,67674000.0,sharesbas -> shares_outstanding,49152102.0,2026-10-06,24.1299991607666,1186040180.0099144,1.431,1.3768281975000785,17.52578804282168,17.52578804282168,POSITIVE,1,,1.0,1
AIR,87,usa,2027,Q1,2026-08-31,2026-09-29,,,sharesbas -> shares_outstanding,40194211.0,2026-10-06,104.02999877929688,4181403721.264801,,,,,MISSING,0,sharefactor missing/nonunit,,0
AIRJ,88,usa,2026,Q2,2026-06-30,2026-08-14,equityusd,248637802.0,sharesbas -> shares_outstanding,73347394.0,2026-10-06,3.819999933242798,280187040.1835332,3.565,3.389865521329906,1.1268883409109818,1.1268883409109818,POSITIVE,1,multi-class ownership validation required,1.0,0
AIRS,89,usa,2026,Q2,2026-06-30,2026-08-10,equityusd,104832000.0,sharesbas -> shares_outstanding,72095209.0,2026-10-06,1.8600000143051147,134097089.77133024,1.481,1.4540772050470094,1.2791617995586293,1.2791617995586293,POSITIVE,1,,1.0,1
AISP,90,usa,2026,Q2,2026-06-30,2026-08-06,equityusd,-8623772.0,sharesbas -> shares_outstanding,34439562.0,2026-10-06,2.109999895095825,72667472.20714617,-0.25,-0.2504030684246217,,,NEGATIVE,0,multi-class ownership validation required,1.0,0
AIT,91,usa,2026,Q4,2026-06-30,2026-08-13,equityusd,1861749000.0,sharesbas -> shares_outstanding,36698856.0,2026-10-06,344.989990234375,12660737973.052734,50.73,50.73043693787076,6.800453752386994,6.800453752386995,POSITIVE,1,,1.0,1
AIV,92,usa,2026,Q1,2026-03-31,2026-05-11,equityusd,671569000.0,sharesbas -> shares_outstanding,143856183.0,2026-10-06,1.8700000047683716,269011062.89595973,4.668,4.668336014448541,0.4005709955283221,0.4005709955283221,POSITIVE,1,multi-class ownership validation required,1.0,0
AKAM,93,usa,2026,Q2,2026-06-30,2026-08-07,equityusd,4748517000.0,sharesbas -> shares_outstanding,143716609.0,2026-10-06,108.62000274658203,15610498464.309456,32.825,33.04083663705146,3.2874471049191687,3.2874471049191687,POSITIVE,1,,1.0,1
AKBA,94,usa,2026,Q2,2026-06-30,2026-08-05,equityusd,25018000.0,sharesbas -> shares_outstanding,277106245.0,2026-10-06,0.8790000081062317,243576391.60128742,0.093,0.09028306092488099,9.736045711139477,9.736045711139477,POSITIVE,1,,1.0,1
AKR,95,usa,2026,Q2,2026-06-30,2026-07-29,equityusd,2336697000.0,sharesbas -> shares_outstanding,137332722.0,2026-10-06,18.389999389648438,2525548673.7587585,17.487,17.014859721487205,1.0808199239177174,1.0808199239177174,POSITIVE,1,,1.0,1
ALAB,96,usa,2026,Q2,2026-06-30,2026-08-05,equityusd,1725704000.0,sharesbas -> shares_outstanding,173485104.0,2026-10-06,389.79998779296875,67624491421.461914,10.011,9.94727478158586,39.186611041906325,39.186611041906325,POSITIVE,1,,1.0,1
ALB,97,usa,2026,Q2,2026-06-30,2026-08-05,equityusd,10275169000.0,sharesbas -> shares_outstanding,118005057.0,2026-10-06,106.3499984741211,12549837631.888573,87.106,87.07397175360036,1.2213753011642505,1.2213753011642507,POSITIVE,1,multi-class ownership validation required,1.0,0
ALDX,98,usa,2026,Q2,2026-06-30,2026-08-06,equityusd,37885303.0,sharesbas -> shares_outstanding,60326421.0,2026-10-06,0.9160000085830688,55259002.153785825,0.628,0.6280051488550928,1.458586781100466,1.458586781100466,POSITIVE,1,,1.0,1
ALEC,99,usa,2026,Q2,2026-06-30,2026-08-06,equityusd,-9970000.0,sharesbas -> shares_outstanding,111656919.0,2026-10-06,1.809999942779541,202099017.00093985,-0.09,-0.0892913765603724,,,NEGATIVE,0,,1.0,0
ALG,100,usa,2026,Q2,2026-06-30,2026-08-03,equityusd,1188110000.0,sharesbas -> shares_outstanding,12170965.0,2026-10-06,162.11000061035156,1973035143.5785675,98.451,97.61838933888973,1.6606502290011593,1.6606502290011593,POSITIVE,1,,1.0,1
ALGM,101,usa,2027,Q1,2026-06-26,2026-07-31,equityusd,964276000.0,sharesbas -> shares_outstanding,186402046.0,2026-10-06,38.7599983215332,7224942990.090355,5.19,5.173097724474548,7.4926089523024055,7.492608952302406,POSITIVE,1,,1.0,1
ALGN,102,usa,2026,Q2,2026-06-30,2026-08-05,equityusd,4232453000.0,sharesbas -> shares_outstanding,71039852.0,2026-10-06,141.4499969482422,10048586848.603577,59.199,59.5785728832881,2.3741756491102386,2.3741756491102386,POSITIVE,1,,1.0,1
ALGS,103,usa,2026,Q2,2026-06-30,2026-08-06,equityusd,31884000.0,sharesbas -> shares_outstanding,12489116.0,2026-10-06,5.380000114440918,67191445.5092659,3.057,2.5529428984405302,2.107371895284967,2.107371895284967,POSITIVE,1,,1.0,1
ALGT,104,usa,2026,Q2,2026-06-30,2026-08-10,equityusd,1777374000.0,sharesbas -> shares_outstanding,27337755.0,2026-10-06,77.54000091552734,2119769547.7284622,77.778,65.01536062489403,1.192641249240994,1.192641249240994,POSITIVE,1,,1.0,1
ALHC,105,usa,2026,Q2,2026-06-30,2026-07-30,equityusd,265131000.0,sharesbas -> shares_outstanding,207435149.0,2026-10-06,8.369999885559082,1736232173.3909311,1.278,1.2781392222009589,6.548582298527638,6.548582298527638,POSITIVE,1,,1.0,1
ALIT,106,usa,2026,Q2,2026-06-30,2026-08-04,equityusd,1024000000.0,sharesbas -> shares_outstanding,26939093.0,2026-10-06,9.0600004196167,244068193.88409328,38.012,38.01167322151492,0.23834784558993485,0.23834784558993485,POSITIVE,1,multi-class ownership validation required,1.0,0
ALK,107,usa,2026,Q2,2026-06-30,2026-08-04,equityusd,3670000000.0,sharesbas -> shares_outstanding,111603120.0,2026-10-06,39.88999938964844,4451848388.682861,33.025,32.88438531109166,1.213037708087973,1.213037708087973,POSITIVE,1,,1.0,1
ALKS,108,usa,2026,Q2,2026-06-30,2026-07-28,equityusd,1808550000.0,sharesbas -> shares_outstanding,167763272.0,2026-10-06,41.650001525878906,6987340534.786438,10.828,10.780369138246183,3.863504207672687,3.863504207672687,POSITIVE,1,,1.0,1
ALKT,109,usa,2026,Q2,2026-06-30,2026-07-30,equityusd,362677000.0,sharesbas -> shares_outstanding,106941980.0,2026-10-06,14.109999656677246,1508951301.084385,3.394,3.3913436051960137,4.160592761835972,4.160592761835972,POSITIVE,1,,1.0,1
ALLE,110,usa,2026,Q2,2026-06-30,2026-07-23,equityusd,2118600000.0,sharesbas -> shares_outstanding,85036786.0,2026-10-06,155.1999969482422,13197708927.688324,24.721,24.913923722375866,6.229448186391166,6.229448186391166,POSITIVE,1,,1.0,1
ALLO,111,usa,2026,Q2,2026-06-30,2026-08-12,equityusd,436175000.0,sharesbas -> shares_outstanding,345490881.0,2026-10-06,1.4600000381469727,504416699.4394312,1.326,1.2624790522329299,1.1564548620150885,1.1564548620150885,POSITIVE,1,,1.0,1
ALLR,112,usa,2026,Q2,2026-06-30,2026-08-14,equityusd,3536000.0,sharesbas -> shares_outstanding,15910724.0,2026-10-06,0.9850000143051147,15672063.367604733,0.222,0.2222400438848666,4.4321446175352746,4.432144617535275,POSITIVE,1,,1.0,1
ALMU,113,usa,2026,Q4,2026-06-30,2026-09-16,,,sharesbas -> shares_outstanding,19265671.0,2026-10-06,13.119999885559082,252765601.31521893,,,,,MISSING,0,sharefactor missing/nonunit,,0
ALNT,114,usa,2026,Q2,2026-06-30,2026-08-05,equityusd,312294000.0,sharesbas -> shares_outstanding,17002511.0,2026-10-06,117.23999786376953,1993374353.318718,18.591,18.36752230302924,6.383005607916636,6.383005607916636,POSITIVE,1,,1.0,1
ALNY,115,usa,2026,Q2,2026-06-30,2026-07-30,equityusd,1354118000.0,sharesbas -> shares_outstanding,133809118.0,2026-10-06,223.94000244140625,29965214211.602417,10.135,10.119773751143027,22.128953467572558,22.128953467572558,POSITIVE,1,,1.0,1
ALRM,116,usa,2026,Q2,2026-06-30,2026-08-06,equityusd,864455000.0,sharesbas -> shares_outstanding,49090228.0,2026-10-06,56.11000061035156,2754452723.0422974,17.524,17.60951283420399,3.1863459902971205,3.1863459902971205,POSITIVE,1,,1.0,1
ALSN,117,usa,2026,Q2,2026-06-30,2026-08-05,equityusd,1979000000.0,sharesbas -> shares_outstanding,82578038.0,2026-10-06,114.75,9475829860.5,23.965,23.965209732883217,4.788190935068216,4.788190935068216,POSITIVE,1,,1.0,1
ALT,118,usa,2026,Q2,2026-06-30,2026-08-12,equityusd,474208000.0,sharesbas -> shares_outstanding,194517701.0,2026-10-06,2.6700000762939453,519362276.51052284,2.557,2.4378655390339,1.0952204022507483,1.0952204022507483,POSITIVE,1,,1.0,1
ALTG,119,usa,2026,Q2,2026-06-30,2026-08-06,equityusd,-36200000.0,sharesbas -> shares_outstanding,32666872.0,2026-10-06,6.739999771118164,220174709.80314636,-1.104,-1.1081562997522383,,,NEGATIVE,0,multi-class ownership validation required,1.0,0
ALTO,120,usa,2026,Q2,2026-06-30,2026-08-07,equityusd,259877000.0,sharesbas -> shares_outstanding,77567564.0,2026-10-06,3.75,290878365.0,3.438,3.350330816112776,1.1192924537377298,1.1192924537377298,POSITIVE,1,,1.0,1
ALUR,121,usa,2025,Q3,2025-09-30,2025-11-17,equityusd,-82928000.0,sharesbas -> shares_outstanding,9262586.0,2026-10-06,0.492000013589859,4557192.437877238,-10.683,-8.953007291916101,,,NEGATIVE,0,multi-class ownership validation required; fundamentals stale >180 days,1.0,0
ALV,122,usa,2026,Q2,2026-06-30,2026-07-17,equityusd,2490000000.0,sharesbas -> shares_outstanding,73237217.0,2026-10-06,113.05000305175781,8279467605.352249,33.603,33.99910731179204,3.3250873917077306,3.3250873917077306,POSITIVE,1,multi-class ownership validation required,1.0,0
ALXO,123,usa,2026,Q2,2026-06-30,2026-08-06,equityusd,136187000.0,sharesbas -> shares_outstanding,138276997.0,2026-10-06,1.1100000143051147,153487468.6480683,1.004,0.984885432535102,1.1270346556431106,1.1270346556431106,POSITIVE,1,,1.0,1
ALZN,124,usa,2027,Q1,2026-07-31,2026-09-10,,,sharesbas -> shares_outstanding,4825723.0,2026-10-06,1.3700000047683716,6611240.53301084,,,,,MISSING,0,sharefactor missing/nonunit,,0
AM,125,usa,2026,Q2,2026-06-30,2026-07-29,equityusd,1945374000.0,sharesbas -> shares_outstanding,474674000.0,2026-10-06,21.139999389648438,10034608070.281982,4.096,4.09833696389522,5.158189669586405,5.158189669586405,POSITIVE,1,,1.0,1
AMAT,126,usa,2026,Q3,2026-07-26,2026-08-20,equityusd,25626000000.0,sharesbas -> shares_outstanding,793597443.0,2026-10-06,530.27001953125,420820931599.56006,32.275,32.29093065512813,16.421639413078907,16.421639413078907,POSITIVE,1,,1.0,1
AMBA,127,usa,2027,Q2,2026-07-31,2026-09-04,equityusd,620316000.0,sharesbas -> shares_outstanding,44140971.0,2026-10-06,67.94000244140625,2998937677.5060425,14.096,14.053066481025077,4.834532202145427,4.834532202145427,POSITIVE,1,,1.0,1
AMC,128,usa,2026,Q2,2026-06-30,2026-07-23,equityusd,-1452700000.0,sharesbas -> shares_outstanding,892604638.0,2026-10-06,2.950000047683716,2633183724.662706,-2.012,-1.627484261402639,,,NEGATIVE,0,multi-class ownership validation required,1.0,0
AMCR,129,usa,2026,Q4,2026-06-30,2026-08-14,equityusd,11790000000.0,sharesbas -> shares_outstanding,462345690.0,2026-10-06,41.77000045776367,19312179682.94506,25.5,25.50039992802788,1.6380135439308787,1.6380135439308787,POSITIVE,1,,1.0,1
AMCX,130,usa,2026,Q2,2026-06-30,2026-07-30,equityusd,911226000.0,sharesbas -> shares_outstanding,41249971.0,2026-10-06,10.979999542236328,452924662.6972618,21.183,22.090342802907667,0.497049757905571,0.497049757905571,POSITIVE,1,,1.0,1
AMD,131,usa,2026,Q2,2026-06-27,2026-08-05,equityusd,67224000000.0,sharesbas -> shares_outstanding,1632475042.0,2026-10-06,649.4199829101562,1060161913876.8966,41.191,41.17919004607974,15.770586604142814,15.770586604142816,POSITIVE,1,,1.0,1
AME,132,usa,2026,Q2,2026-06-30,2026-08-04,equityusd,11260763000.0,sharesbas -> shares_outstanding,229261244.0,2026-10-06,253.72000122070312,58168163107.53992,49.155,49.117604020328876,5.165561437314675,5.165561437314675,POSITIVE,1,,1.0,1
AMGN,133,usa,2026,Q2,2026-06-30,2026-08-05,equityusd,11688000000.0,sharesbas -> shares_outstanding,540632005.0,2026-10-06,402.6000061035156,217658448512.7559,21.644,21.619141841223403,18.62238608083127,18.62238608083127,POSITIVE,1,,1.0,1
AMH,134,usa,2026,Q2,2026-06-30,2026-07-31,equityusd,6807579000.0,sharesbas -> shares_outstanding,359815019.0,2026-10-06,30.469999313354492,10963563381.864634,18.877,18.919663272866327,1.6104937426160804,1.6104937426160804,POSITIVE,1,multi-class ownership validation required,1.0,0
AMIX,135,usa,2027,Q1,2026-06-30,2026-08-13,equityusd,3162000.0,sharesbas -> shares_outstanding,971043.0,2026-10-06,3.4700000286102295,3369519.237781763,5.816,3.2562924607870096,1.065629107457863,1.065629107457863,POSITIVE,1,,1.0,1
AMKR,136,usa,2026,Q2,2026-06-30,2026-07-28,equityusd,4650412000.0,sharesbas -> shares_outstanding,248452472.0,2026-10-06,53.38999938964844,13264877328.436646,18.758,18.71751149249986,2.852409061484584,2.852409061484584,POSITIVE,1,,1.0,1
AMLX,137,usa,2026,Q2,2026-06-30,2026-08-06,equityusd,239167000.0,sharesbas -> shares_outstanding,111423048.0,2026-10-06,28.040000915527344,3124302367.930847,2.151,2.146476912029906,13.063266955436356,13.063266955436356,POSITIVE,1,,1.0,1
AMN,138,usa,2026,Q2,2026-06-30,2026-08-07,equityusd,741278000.0,sharesbas -> shares_outstanding,38729991.0,2026-10-06,36.72999954223633,1422552551.700817,18.997,19.139637806783895,1.9190540548900914,1.9190540548900914,POSITIVE,1,,1.0,1
AMOD,139,usa,2026,Q2,2026-06-30,2026-08-14,equityusd,-6125609.0,sharesbas -> shares_outstanding,4966818.0,2026-10-06,2.5,12417045.0,-2.896,-1.2333065153585254,,,NEGATIVE,0,multi-class ownership validation required,1.0,0
AMPG,140,usa,2026,Q2,2026-06-30,2026-08-13,equityusd,46753882.0,sharesbas -> shares_outstanding,30043887.0,2026-10-06,2.990000009536743,89831222.41652083,1.837,1.5561861885580917,1.9213639290213556,1.9213639290213556,POSITIVE,1,multi-class ownership validation required,1.0,0
AMPH,141,usa,2026,Q2,2026-06-30,2026-08-06,equityusd,768157000.0,sharesbas -> shares_outstanding,42537944.0,2026-10-06,25.90999984741211,1102158122.5492249,17.601,18.058160027668475,1.4348084083712376,1.4348084083712378,POSITIVE,1,,1.0,1
AMPL,142,usa,2026,Q2,2026-06-30,2026-08-06,equityusd,136198000.0,sharesbas -> shares_outstanding,124916066.0,2026-10-06,14.789999961853027,1847508611.3748302,1.053,1.090316116743542,13.564873282829632,13.564873282829632,POSITIVE,1,,1.0,1
AMPX,143,usa,2026,Q2,2026-06-30,2026-08-06,equityusd,125636000.0,sharesbas -> shares_outstanding,146080618.0,2026-10-06,9.470000267028809,1383383491.4677334,0.876,0.8600456495878187,11.01104374118671,11.01104374118671,POSITIVE,1,multi-class ownership validation required,1.0,0
AMPY,144,usa,2026,Q2,2026-06-30,2026-08-10,equityusd,439087000.0,sharesbas -> shares_outstanding,41456450.0,2026-10-06,4.480000019073486,185724896.79071903,10.634,10.591524358694485,0.4229797210819702,0.4229797210819702,POSITIVE,1,,1.0,1
AMR,145,usa,2026,Q2,2026-06-30,2026-08-07,equityusd,1498819000.0,sharesbas -> shares_outstanding,12679045.0,2026-10-06,176.97999572753906,2243937329.9292755,117.89,118.21229438021554,1.4971369657905829,1.4971369657905829,POSITIVE,1,,1.0,1
AMRC,146,usa,2026,Q2,2026-06-30,2026-08-04,equityusd,1236741000.0,sharesbas -> shares_outstanding,53066211.0,2026-10-06,22.68000030517578,1203541681.6745224,23.34,23.305620972260485,0.9731558035793447,0.9731558035793447,POSITIVE,1,,1.0,1
AMRX,147,usa,2026,Q2,2026-06-30,2026-08-06,equityusd,33024000.0,sharesbas -> shares_outstanding,319353919.0,2026-10-06,20.295000076293945,6481287810.46977,0.103,0.10340878265533357,196.25992643137627,196.25992643137627,POSITIVE,1,,1.0,1
AMSC,148,usa,2027,Q1,2026-06-30,2026-08-05,equityusd,572474000.0,sharesbas -> shares_outstanding,48442143.0,2026-10-06,31.850000381469727,1542882273.029211,12.446,11.817685274575899,2.6951132680771726,2.695113268077172,POSITIVE,1,,1.0,1
AMST,149,usa,2026,Q4,2026-06-30,2026-09-23,,,sharesbas -> shares_outstanding,6549851.0,2026-10-06,0.9300000071525574,6091361.476848185,,,,,MISSING,0,sharefactor missing/nonunit,,0
AMT,150,usa,2026,Q2,2026-06-30,2026-07-28,equityusd,3719700000.0,sharesbas -> shares_outstanding,465960048.0,2026-10-06,164.77999877929688,76780896140.64111,7.983,7.982873244102679,20.641690496717775,20.641690496717775,POSITIVE,1,multi-class ownership validation required,1.0,0
AMTX,151,usa,2026,Q2,2026-06-30,2026-08-06,equityusd,-322107000.0,sharesbas -> shares_outstanding,72169594.0,2026-10-06,1.7899999618530273,129183570.50694847,-4.544,-4.463195400545,,,NEGATIVE,0,,1.0,0
AMZN,152,usa,2026,Q2,2026-06-30,2026-07-31,equityusd,551620000000.0,sharesbas -> shares_outstanding,10786313572.0,2026-10-06,256.2900085449219,2764424397536.087,51.223,51.14073462799566,5.011465134578309,5.011465134578309,POSITIVE,1,,1.0,1
AN,153,usa,2026,Q2,2026-06-30,2026-07-31,equityusd,2259100000.0,sharesbas -> shares_outstanding,33060806.0,2026-10-06,158.13999938964844,5228235840.661285,67.436,68.33166741306911,2.3143003145771703,2.3143003145771703,POSITIVE,1,,1.0,1
ANAB,154,usa,2026,Q2,2026-06-30,2026-09-21,,,sharesbas -> shares_outstanding,29895244.0,2026-10-06,47.88999938964844,1431683216.913391,,,,,MISSING,0,sharefactor missing/nonunit,,0
ANDE,155,usa,2026,Q2,2026-06-30,2026-08-04,equityusd,1318704000.0,sharesbas -> shares_outstanding,33975570.0,2026-10-06,66.61000061035156,2263112738.437042,38.719,38.81330026251215,1.7161643086219822,1.716164308621982,POSITIVE,1,,1.0,1
ANET,156,usa,2026,Q2,2026-06-30,2026-08-05,equityusd,14797700000.0,sharesbas -> shares_outstanding,1261224648.0,2026-10-06,215.36000061035156,271617340963.07043,11.743,11.732802735393417,18.35537556262598,18.355375562625976,POSITIVE,1,,1.0,1
ANF,157,usa,2027,Q2,2026-08-01,2026-09-04,equityusd,1354521000.0,sharesbas -> shares_outstanding,42434377.0,2026-10-06,141.38999938964844,5999796538.130112,30.948,31.920369656893985,4.429459962695382,4.429459962695383,POSITIVE,1,,1.0,1
ANGI,158,usa,2026,Q2,2026-06-30,2026-08-04,equityusd,687625000.0,sharesbas -> shares_outstanding,40556251.0,2026-10-06,5.960000038146973,241715257.5070982,16.955,16.954846245526983,0.35152191602559274,0.35152191602559274,POSITIVE,1,,1.0,1
ANGO,159,usa,2026,Q4,2026-05-31,2026-07-14,equityusd,170825000.0,sharesbas -> shares_outstanding,41332389.0,2026-10-06,14.420000076293945,596013052.533411,4.096,4.13295732796863,3.489027089321885,3.489027089321885,POSITIVE,1,,1.0,1
ANIP,160,usa,2026,Q2,2026-06-30,2026-08-07,equityusd,597212000.0,sharesbas -> shares_outstanding,22970352.0,2026-10-06,71.5199966430664,1642839497.9300537,27.251,25.999253298338658,2.750848104073685,2.750848104073685,POSITIVE,1,,1.0,1
ANNX,161,usa,2026,Q2,2026-06-30,2026-08-12,equityusd,186061000.0,sharesbas -> shares_outstanding,189579134.0,2026-10-06,4.03000020980835,764003949.7952852,0.926,0.981442398613341,4.1062014597109835,4.1062014597109835,POSITIVE,1,,1.0,1
ANRO,162,usa,2026,Q2,2026-06-30,2026-08-12,equityusd,219249000.0,sharesbas -> shares_outstanding,39242104.0,2026-10-06,23.690000534057617,929645464.7175446,5.121,5.587085748511344,4.240135483936276,4.2401354839362755,POSITIVE,1,,1.0,1
ANTX,163,usa,2026,Q2,2026-06-30,2026-08-11,equityusd,75921000.0,sharesbas -> shares_outstanding,37736237.0,2026-10-06,5.070000171661377,191322728.0678544,1.696,2.0118858168078604,2.5200238151216974,2.520023815121698,POSITIVE,1,,1.0,1
ANVS,164,usa,2026,Q2,2026-06-30,2026-08-14,equityusd,-4254618.0,sharesbas -> shares_outstanding,42606152.0,2026-10-06,1.1799999475479126,50275257.12521839,-0.113,-0.09985924098472915,,,NEGATIVE,0,,1.0,0
AORT,165,usa,2026,Q2,2026-06-30,2026-08-07,equityusd,445585000.0,sharesbas -> shares_outstanding,48756221.0,2026-10-06,21.84000015258789,1064835874.0796089,9.18,9.139038893108635,2.3897480258078905,2.3897480258078905,POSITIVE,1,,1.0,1
AOS,166,usa,2026,Q2,2026-06-30,2026-07-30,equityusd,1841900000.0,sharesbas -> shares_outstanding,135908573.0,2026-10-06,56.900001525878906,7733198011.080025,13.552,13.552493116089153,4.198489609142746,4.198489609142746,POSITIVE,1,multi-class ownership validation required,1.0,0
AOSL,167,usa,2026,Q4,2026-06-30,2026-08-27,equityusd,797901000.0,sharesbas -> shares_outstanding,30259255.0,2026-10-06,29.940000534057617,905962110.8601856,26.471,26.368825009075735,1.135431727570445,1.135431727570445,POSITIVE,1,,1.0,1
APA,168,usa,2026,Q2,2026-06-30,2026-08-06,equityusd,7021000000.0,sharesbas -> shares_outstanding,350351510.0,2026-10-06,44.099998474121094,15450501056.406021,19.89,20.039873668590726,2.2006125988329326,2.2006125988329326,POSITIVE,1,,1.0,1
APD,169,usa,2026,Q3,2026-06-30,2026-07-30,equityusd,13883800000.0,sharesbas -> shares_outstanding,222685530.0,2026-10-06,281.0,62574633930.0,62.315,62.347113438398985,4.507025016926201,4.507025016926201,POSITIVE,1,,1.0,1
APEI,170,usa,2026,Q2,2026-06-30,2026-08-10,equityusd,314057000.0,sharesbas -> shares_outstanding,18301543.0,2026-10-06,46.220001220703125,845897339.8007507,17.104,17.160137809145382,2.6934516339414523,2.6934516339414523,POSITIVE,1,,1.0,1
APG,171,usa,2026,Q2,2026-06-30,2026-07-30,equityusd,3516000000.0,sharesbas -> shares_outstanding,432160297.0,2026-10-06,41.400001525878906,17891436955.22428,8.12,8.135870010289262,5.088577063488134,5.088577063488135,POSITIVE,1,,1.0,1
APGE,172,usa,2026,Q2,2026-06-30,2026-08-10,equityusd,1194604000.0,sharesbas -> shares_outstanding,75687735.0,2026-09-03,135.07000732421875,10223142920.803528,15.834,15.783323414288986,8.557767193817806,8.557767193817808,POSITIVE,1,price stale >3 days,1.0,0
APH,173,usa,2026,Q2,2026-06-30,2026-07-31,equityusd,15491600000.0,sharesbas -> shares_outstanding,2465966914.0,2026-10-06,88.62000274658203,218533994691.6604,6.295,6.282160523748211,14.106612273210024,14.106612273210024,POSITIVE,1,,1.0,1
APLD,174,usa,2026,Q4,2026-05-31,2026-07-29,equityusd,1717476000.0,sharesbas -> shares_outstanding,291469112.0,2026-10-06,25.34000015258789,7385827342.554657,6.01,5.892480298221103,4.3003962457435545,4.3003962457435545,POSITIVE,1,,1.0,1
APLE,175,usa,2026,Q2,2026-06-30,2026-08-05,equityusd,3140846000.0,sharesbas -> shares_outstanding,236082698.0,2026-10-06,16.329999923706055,3855230440.3283195,13.3,13.304007564332393,1.2274496872270464,1.2274496872270464,POSITIVE,1,,1.0,1
APOG,176,usa,2027,Q1,2026-05-30,2026-06-30,equityusd,512019000.0,sharesbas -> shares_outstanding,20868294.0,2026-10-06,40.0,834731760.0,24.33,24.535738283158175,1.6302749702647752,1.6302749702647754,POSITIVE,1,,1.0,1
APP,177,usa,2026,Q2,2026-06-30,2026-08-05,equityusd,3163016000.0,sharesbas -> shares_outstanding,334651000.0,2026-10-06,278.7799987792969,93294005371.49048,9.419,9.451685487268826,29.49526824128948,29.495268241289477,POSITIVE,1,,1.0,1
APPF,178,usa,2026,Q2,2026-06-30,2026-07-23,equityusd,526142000.0,sharesbas -> shares_outstanding,35416992.0,2026-10-06,203.30999755859375,7200628557.052734,14.867,14.855637655507277,13.685713280925558,13.685713280925556,POSITIVE,1,,1.0,1
APPN,179,usa,2026,Q2,2026-06-30,2026-08-06,equityusd,-105181000.0,sharesbas -> shares_outstanding,71627597.0,2026-10-06,37.25,2668127988.25,-1.443,-1.4684423937885283,,,NEGATIVE,0,,1.0,0
APPS,180,usa,2027,Q1,2026-06-30,2026-08-05,equityusd,190592000.0,sharesbas -> shares_outstanding,121016250.0,2026-10-06,10.489999771118164,1269460434.8015785,1.579,1.5749289868096226,6.660617627190955,6.660617627190955,POSITIVE,1,,1.0,1
APTV,181,usa,2026,Q2,2026-06-30,2026-08-04,equityusd,8753000000.0,sharesbas -> shares_outstanding,207633331.0,2026-10-06,44.720001220703125,9285362815.778656,41.374,42.15604478261729,1.060820611879202,1.060820611879202,POSITIVE,1,ADR ownership/ratio validation required; multi-class ownership validation required,1.0,0
APVO,182,usa,2026,Q2,2026-06-30,2026-08-14,equityusd,6041000.0,sharesbas -> shares_outstanding,1801970.0,2026-10-06,1.7949999570846558,3234536.072667837,5.049,3.352442049534676,0.5354305698837671,0.5354305698837671,POSITIVE,1,,1.0,1
AQB,183,usa,2026,Q2,2026-06-30,2026-08-06,equityusd,2811543.0,sharesbas -> shares_outstanding,5147204.0,2026-10-06,0.875,4503803.5,0.546,0.5462272332707233,1.601897427853673,1.6018974278536733,POSITIVE,1,,1.0,1
AQMS,184,usa,2026,Q2,2026-06-30,2026-07-30,equityusd,9530000.0,sharesbas -> shares_outstanding,3563531.0,2026-10-06,2.1050000190734863,7501232.82296896,2.796,2.6743137635115284,0.787117819828852,0.787117819828852,POSITIVE,1,,1.0,1
AQST,185,usa,2026,Q2,2026-06-30,2026-08-11,equityusd,-56586000.0,sharesbas -> shares_outstanding,125511648.0,2026-10-06,4.610000133514404,578608714.0376129,-0.453,-0.4508426182086303,,,NEGATIVE,0,,1.0,0
AR,186,usa,2026,Q2,2026-06-30,2026-07-29,equityusd,8316903000.0,sharesbas -> shares_outstanding,307439000.0,2026-10-06,35.720001220703125,10981721455.291748,26.854,27.052205478159895,1.3204099477043014,1.3204099477043014,POSITIVE,1,,1.0,1
ARAY,187,usa,2026,Q4,2026-06-30,2026-08-27,equityusd,41699000.0,sharesbas -> shares_outstanding,119439307.0,2026-10-06,0.25999999046325684,31054218.680938005,0.33,0.3491229231596262,0.7447233430283221,0.7447233430283221,POSITIVE,1,,1.0,1
ARCB,188,usa,2026,Q2,2026-06-30,2026-07-30,equityusd,1267593000.0,sharesbas -> shares_outstanding,22351354.0,2026-10-06,128.24000549316406,2866337759.7396545,56.719,56.71213475478935,2.26124454753194,2.2612445475319403,POSITIVE,1,,1.0,1
ARCT,189,usa,2026,Q2,2026-06-30,2026-08-06,equityusd,171808000.0,sharesbas -> shares_outstanding,28423069.0,2026-10-06,13.0,369499897.0,6.045,6.04466744952841,2.1506559473365616,2.1506559473365616,POSITIVE,1,,1.0,1
ARDX,190,usa,2026,Q2,2026-06-30,2026-08-06,equityusd,149013000.0,sharesbas -> shares_outstanding,249187572.0,2026-10-06,3.309999942779541,824810849.0613728,0.601,0.5979953125431151,5.535160348837838,5.535160348837838,POSITIVE,1,,1.0,1
ARE,191,usa,2026,Q2,2026-06-30,2026-08-03,equityusd,15553976000.0,sharesbas -> shares_outstanding,174247570.0,2026-10-06,45.91999816894531,8001448095.34317,89.264,89.26366089352064,0.5144310429271056,0.5144310429271056,POSITIVE,1,multi-class ownership validation required,1.0,0
AREB,192,usa,2025,Q4,2025-12-31,2026-03-31,equityusd,4381771.0,sharesbas -> shares_outstanding,233366.0,2026-10-06,0.07999999821186066,18669.279582709074,8.07,18.776389876845812,0.004260669848494838,0.004260669848494838,POSITIVE,1,multi-class ownership validation required; fundamentals stale >180 days,1.0,0
AREC,193,usa,2025,Q4,2025-12-31,2026-05-20,equityusd,94777118.0,sharesbas -> shares_outstanding,106971272.0,2026-10-06,1.7000000476837158,181851167.50078773,0.924,0.886005337956531,1.918724385571502,1.918724385571502,POSITIVE,1,,1.0,1
ARHS,194,usa,2026,Q2,2026-06-30,2026-08-06,equityusd,414947000.0,sharesbas -> shares_outstanding,141751733.0,2026-10-06,9.920000076293945,1406177202.174799,2.933,2.92727990845798,3.3888115884071914,3.388811588407192,POSITIVE,1,,1.0,1
ARKO,195,usa,2026,Q2,2026-06-30,2026-08-07,equityusd,402092000.0,sharesbas -> shares_outstanding,112185721.0,2026-10-06,4.199999809265137,471180006.80227184,3.584,3.584163799241438,1.1718213911300694,1.1718213911300694,POSITIVE,1,multi-class ownership validation required,1.0,0
ARLO,196,usa,2026,Q2,2026-06-28,2026-08-06,equityusd,158525000.0,sharesbas -> shares_outstanding,107613304.0,2026-10-06,12.800000190734863,1377450311.7256088,1.466,1.4730985306426425,8.68916771314057,8.68916771314057,POSITIVE,1,,1.0,1
ARLP,197,usa,2026,Q2,2026-06-30,2026-08-06,equityusd,1769010000.0,sharesbas -> shares_outstanding,128658801.0,2026-10-06,24.670000076293945,3174012630.4858875,13.75,13.749622927078265,1.7942310277985356,1.7942310277985356,POSITIVE,1,,1.0,1
ARMK,198,usa,2026,Q3,2026-07-03,2026-08-11,equityusd,3394206000.0,sharesbas -> shares_outstanding,263625044.0,2026-10-06,55.45000076293945,14618008890.929947,12.877,12.875127296327735,4.306753594487178,4.306753594487178,POSITIVE,1,,1.0,1
AROC,199,usa,2026,Q2,2026-06-30,2026-08-05,equityusd,1552105000.0,sharesbas -> shares_outstanding,175338185.0,2026-10-06,30.829999923706055,5405676230.172758,8.899,8.85206493953385,3.4828031803085215,3.4828031803085215,POSITIVE,1,,1.0,1
ARQ,200,usa,2026,Q2,2026-06-30,2026-08-10,equityusd,168221000.0,sharesbas -> shares_outstanding,43668483.0,2026-10-06,2.049999952316284,89520388.06772447,3.996,3.8522290778912565,0.5321594097510088,0.5321594097510088,POSITIVE,1,,1.0,1
ARQT,201,usa,2026,Q2,2026-06-30,2026-08-05,equityusd,220579000.0,sharesbas -> shares_outstanding,125691961.0,2026-10-06,23.920000076293945,3006551716.7095356,1.69,1.7549173252217778,13.630271769794657,13.630271769794657,POSITIVE,1,,1.0,1
ARRY,202,usa,2026,Q2,2026-06-30,2026-08-05,equityusd,-202080000.0,sharesbas -> shares_outstanding,154007692.0,2026-10-06,4.059999942779541,625271220.7076092,-1.313,-1.3121422532583633,,,NEGATIVE,0,,1.0,0
ARTL,203,usa,2026,Q2,2026-06-30,2026-08-12,equityusd,4997000.0,sharesbas -> shares_outstanding,510563.0,2026-10-06,3.4600000381469727,1766547.9994764328,16.601,9.787234876009425,0.3535217129230404,0.3535217129230404,POSITIVE,1,multi-class ownership validation required,1.0,0
ARVN,204,usa,2026,Q2,2026-06-30,2026-08-04,equityusd,562200000.0,sharesbas -> shares_outstanding,65386191.0,2026-10-06,7.309999942779541,477973052.46857214,8.676,8.598145746094922,0.8501833021497192,0.8501833021497192,POSITIVE,1,,1.0,1
ARW,205,usa,2026,Q2,2026-07-04,2026-08-06,equityusd,7005181000.0,sharesbas -> shares_outstanding,50905423.0,2026-10-06,240.39999389648438,12237663378.497955,136.537,137.61168431897718,1.7469446369048787,1.7469446369048787,POSITIVE,1,,1.0,1
ARWR,206,usa,2026,Q3,2026-06-30,2026-08-04,equityusd,465529000.0,sharesbas -> shares_outstanding,141254467.0,2026-10-06,61.540000915527344,8692800028.502327,3.247,3.295676305939408,18.672950618548633,18.672950618548633,POSITIVE,1,,1.0,1
ASAN,207,usa,2027,Q2,2026-07-31,2026-09-03,equityusd,104323000.0,sharesbas -> shares_outstanding,228970117.0,2026-10-06,9.289999961853027,2127132378.1954832,0.452,0.45561840718280283,20.389869714209553,20.389869714209553,POSITIVE,1,,1.0,1
ASH,208,usa,2026,Q3,2026-06-30,2026-07-29,equityusd,1870000000.0,sharesbas -> shares_outstanding,45793370.0,2026-10-06,70.97000122070312,3249955524.80011,40.836,40.835605678289234,1.73794413090915,1.7379441309091497,POSITIVE,1,multi-class ownership validation required,1.0,0
ASIX,209,usa,2026,Q2,2026-06-30,2026-08-07,equityusd,796912000.0,sharesbas -> shares_outstanding,27001186.0,2026-10-06,16.700000762939453,450919826.8002701,29.465,29.51396283111416,0.5658339023634605,0.5658339023634605,POSITIVE,1,,1.0,1
ASLE,210,usa,2026,Q2,2026-06-30,2026-08-07,equityusd,418668000.0,sharesbas -> shares_outstanding,47726763.0,2026-10-06,4.96999979019165,237202002.09652662,8.842,8.772185115508462,0.5665634872895149,0.5665634872895149,POSITIVE,1,multi-class ownership validation required,1.0,0
ASO,211,usa,2027,Q2,2026-08-01,2026-09-09,,,sharesbas -> shares_outstanding,61578891.0,2026-10-06,52.310001373291016,3221191872.775738,,,,,MISSING,0,sharefactor missing/nonunit,,0
ASPI,212,usa,2026,Q2,2026-06-30,2026-08-14,equityusd,264693000.0,sharesbas -> shares_outstanding,153309380.0,2026-10-06,2.8499999046325684,436931718.3792782,2.157,1.7265284094163058,1.65071127071467,1.65071127071467,POSITIVE,1,,1.0,1
ASPN,213,usa,2026,Q2,2026-06-30,2026-08-07,equityusd,192463000.0,sharesbas -> shares_outstanding,82988784.0,2026-10-06,5.869999885559082,487144152.5826874,2.322,2.319144717194555,2.5311054726502618,2.531105472650262,POSITIVE,1,,1.0,1
ASTE,214,usa,2026,Q2,2026-06-30,2026-08-05,equityusd,689100000.0,sharesbas -> shares_outstanding,23025367.0,2026-10-06,41.2599983215332,950026603.772686,29.943,29.927861736145182,1.3786483874222697,1.3786483874222697,POSITIVE,1,,1.0,1
ASTH,215,usa,2026,Q2,2026-06-30,2026-08-10,equityusd,830224000.0,sharesbas -> shares_outstanding,55737168.0,2026-10-06,37.0,2062275216.0,14.895,14.89533878003992,2.4839985546069494,2.4839985546069494,POSITIVE,1,,1.0,1
ASTI,216,usa,2026,Q2,2026-06-30,2026-08-06,equityusd,15270047.0,sharesbas -> shares_outstanding,9816431.0,2026-10-06,2.450000047683716,24050256.418083906,1.593,1.5555599586040996,1.5749955725796985,1.5749955725796985,POSITIVE,1,,1.0,1
ASTS,217,usa,2026,Q2,2026-06-30,2026-08-10,equityusd,1894017000.0,sharesbas -> shares_outstanding,389167494.0,2026-10-06,63.119998931884766,24564251805.60427,6.333,4.866842758455053,12.969393519490199,12.9693935194902,POSITIVE,1,multi-class ownership validation required,1.0,0
ATEC,218,usa,2026,Q2,2026-06-30,2026-08-04,equityusd,-12069000.0,sharesbas -> shares_outstanding,154451076.0,2026-10-06,10.539999961853027,1627914335.148159,-0.077,-0.07814124907747487,,,NEGATIVE,0,,1.0,0
ATEN,219,usa,2026,Q2,2026-06-30,2026-08-06,equityusd,237966000.0,sharesbas -> shares_outstanding,72609021.0,2026-10-06,28.579999923706055,2075165814.6403713,3.298,3.277361362577799,8.720429870823443,8.720429870823443,POSITIVE,1,,1.0,1
ATER,220,usa,2026,Q2,2026-06-30,2026-08-14,equityusd,12615000.0,sharesbas -> shares_outstanding,17966910.0,2026-10-06,0.6430000066757202,11552723.249942064,1.377,0.7021240714179566,0.9157925683663943,0.9157925683663943,POSITIVE,1,,1.0,1
ATEX,221,usa,2027,Q1,2026-06-30,2026-08-11,equityusd,285794000.0,sharesbas -> shares_outstanding,19609786.0,2026-10-06,83.41000366210938,1635652322.0731812,14.974,14.574049915690054,5.723186358262179,5.723186358262179,POSITIVE,1,,1.0,1
ATI,222,usa,2026,Q2,2026-06-28,2026-08-06,equityusd,1876700000.0,sharesbas -> shares_outstanding,136170383.0,2026-10-06,194.69000244140625,26511012198.717224,13.782,13.781998395348568,14.126398571277894,14.126398571277894,POSITIVE,1,,1.0,1
ATKR,223,usa,2026,Q3,2026-06-26,2026-08-04,equityusd,1276231000.0,sharesbas -> shares_outstanding,33772550.0,2026-10-06,94.72000122070312,3198935977.2262573,37.789,37.789003199343846,2.5065493450842813,2.5065493450842813,POSITIVE,1,,1.0,1
ATLX,224,usa,2026,Q2,2026-06-30,2026-08-14,equityusd,47436806.0,sharesbas -> shares_outstanding,30099805.0,2026-10-06,2.490000009536743,74948514.73705411,1.616,1.5759838311244874,1.5799654541887602,1.5799654541887602,POSITIVE,1,,1.0,1
ATMU,225,usa,2026,Q2,2026-06-30,2026-08-07,equityusd,454800000.0,sharesbas -> shares_outstanding,81595527.0,2026-10-06,45.959999084472656,3750130346.217064,5.574,5.573834948084838,8.245669186932858,8.245669186932858,POSITIVE,1,,1.0,1
ATO,226,usa,2026,Q3,2026-06-30,2026-08-05,equityusd,15258058000.0,sharesbas -> shares_outstanding,168988553.0,2026-10-06,159.74000549316406,26994232384.501846,90.636,90.29048257487594,1.7691787765193872,1.7691787765193872,POSITIVE,1,,1.0,1
ATOM,227,usa,2026,Q2,2026-06-30,2026-08-06,equityusd,37075000.0,sharesbas -> shares_outstanding,39024042.0,2026-10-06,4.460000038146973,174047228.80864906,0.959,0.9500553530564568,4.694463352896806,4.694463352896806,POSITIVE,1,,1.0,1
ATPC,228,usa,2026,Q2,2026-06-30,2026-08-14,equityusd,22051986.0,sharesbas -> shares_outstanding,1000626.0,2026-10-06,2.0799999237060547,2081302.0036582947,22.038,22.03819009300178,0.09438161277892589,0.09438161277892589,POSITIVE,1,,1.0,1
ATR,229,usa,2026,Q2,2026-06-30,2026-07-31,equityusd,2628293000.0,sharesbas -> shares_outstanding,63581129.0,2026-10-06,120.25,7645630762.25,41.303,41.337627081142266,2.9089720066408122,2.9089720066408122,POSITIVE,1,,1.0,1
ATRA,230,usa,2026,Q2,2026-06-30,2026-08-12,equityusd,-36996000.0,sharesbas -> shares_outstanding,10037710.0,2026-10-06,9.75,97867672.5,-2.461,-3.6857012206967528,,,NEGATIVE,0,,1.0,0
ATRC,231,usa,2026,Q2,2026-06-30,2026-07-27,equityusd,516433000.0,sharesbas -> shares_outstanding,50866294.0,2026-10-06,53.68000030517578,2730502677.443161,10.612,10.152754592264968,5.28723508653235,5.28723508653235,POSITIVE,1,,1.0,1
ATRO,232,usa,2026,Q2,2026-07-04,2026-08-12,equityusd,198220000.0,sharesbas -> shares_outstanding,43009064.0,2026-10-06,69.16000366210938,2974507023.7438965,4.609,4.60879595054661,15.006089313610618,15.006089313610618,POSITIVE,1,multi-class ownership validation required,1.0,0
AUID,233,usa,2026,Q2,2026-06-30,2026-08-14,equityusd,2042515.0,sharesbas -> shares_outstanding,16720339.0,2026-10-06,0.3869999945163727,6470771.101311892,0.124,0.12215751128012417,3.168040920782414,3.168040920782414,POSITIVE,1,,1.0,1
AUPH,234,usa,2026,Q2,2026-06-30,2026-08-06,equityusd,614864000.0,sharesbas -> shares_outstanding,133051168.0,2026-10-06,15.6899995803833,2087572770.089508,4.727,4.621259694616135,3.3951780720444003,3.3951780720444003,POSITIVE,1,,1.0,1
AUR,235,usa,2026,Q2,2026-06-30,2026-07-29,equityusd,1953000000.0,sharesbas -> shares_outstanding,2004155268.0,2026-10-06,5.75,11523892791.0,0.988,0.9744753967834792,5.900610748079877,5.9006107480798775,POSITIVE,1,multi-class ownership validation required,1.0,0
AURA,236,usa,2026,Q2,2026-06-30,2026-08-11,equityusd,315267000.0,sharesbas -> shares_outstanding,103704809.0,2026-10-06,6.170000076293945,639858679.442049,3.323,3.040042241435496,2.0295770868566927,2.029577086856693,POSITIVE,1,,1.0,1
AUTL,237,usa,2026,Q2,2026-06-30,2026-08-11,equityusd,74839000.0,sharesbas -> shares_outstanding,266162540.0,2026-10-06,1.7899999618530273,476430936.44670486,0.281,0.2811778096196407,6.366078334113295,6.366078334113295,POSITIVE,1,,1.0,1
AUUD,238,usa,2026,Q2,2026-06-30,2026-08-14,equityusd,10689369.0,sharesbas -> shares_outstanding,5803050.0,2026-10-06,1.149999976158142,6673507.361644506,2.558,1.8420260035670897,0.6243125634117885,0.6243125634117885,POSITIVE,1,multi-class ownership validation required,1.0,0
AVA,239,usa,2026,Q2,2026-06-30,2026-08-03,equityusd,2821000000.0,sharesbas -> shares_outstanding,83752830.0,2026-10-06,35.189998626708984,2947261972.682991,33.963,33.68244392458141,1.0447578775905675,1.0447578775905675,POSITIVE,1,,1.0,1
AVAH,240,usa,2026,Q2,2026-07-04,2026-08-13,equityusd,287277000.0,sharesbas -> shares_outstanding,218219696.0,2026-10-06,12.220000267028809,2666644743.3909454,1.319,1.316457704166172,9.2824860444482,9.2824860444482,POSITIVE,1,,1.0,1
AVAV,241,usa,2027,Q1,2026-08-01,2026-09-10,,,sharesbas -> shares_outstanding,50820702.0,2026-10-06,143.5399932861328,7294803223.876556,,,,,MISSING,0,sharefactor missing/nonunit,,0
AVB,242,usa,2026,Q2,2026-06-30,2026-07-30,equityusd,12022411000.0,sharesbas -> shares_outstanding,142797963.0,2026-08-24,68.13999938964844,9730253111.66304,84.192,84.19175419189978,0.8093429106410553,0.8093429106410552,POSITIVE,1,price stale >3 days,1.0,0
AVBP,243,usa,2026,Q2,2026-06-30,2026-08-12,equityusd,366841000.0,sharesbas -> shares_outstanding,49307729.0,2026-10-06,15.09000015258789,744053638.1337624,7.706,7.439827536977012,2.0282728433674597,2.0282728433674597,POSITIVE,1,,1.0,1
AVD,244,usa,2026,Q2,2026-06-30,2026-08-10,equityusd,181387000.0,sharesbas -> shares_outstanding,29500632.0,2026-10-06,1.7100000381469727,50446081.8453598,6.331,6.148580138893296,0.2781129951173998,0.27811299511739984,POSITIVE,1,,1.0,1
AVGO,245,usa,2026,Q3,2026-08-02,2026-09-10,,,sharesbas -> shares_outstanding,4773629865.0,2026-10-06,375.80999755859375,1793977827911.2803,,,,,MISSING,0,sharefactor missing/nonunit; multi-class ownership validation required,,0
AVIR,246,usa,2026,Q2,2026-06-30,2026-08-12,equityusd,204158000.0,sharesbas -> shares_outstanding,80204699.0,2026-10-06,5.070000171661377,406637837.69804907,2.55,2.5454618313572874,1.9917800806142745,1.9917800806142745,POSITIVE,1,,1.0,1
AVNT,247,usa,2026,Q2,2026-06-30,2026-08-06,equityusd,2436900000.0,sharesbas -> shares_outstanding,91719550.0,2026-10-06,41.4900016784668,3805444283.4482193,26.575,26.569035718121164,1.5615923031097785,1.5615923031097785,POSITIVE,1,,1.0,1
AVNW,248,usa,2026,Q4,2026-07-03,2026-08-27,equityusd,267388000.0,sharesbas -> shares_outstanding,12801539.0,2026-10-06,21.100000381469727,270112477.7833996,20.799,20.887176143430878,1.0101892298210824,1.0101892298210824,POSITIVE,1,,1.0,1
AVO,249,usa,2026,Q3,2026-07-31,2026-09-08,equityusd,764000000.0,sharesbas -> shares_outstanding,87678404.0,2026-10-06,12.75,1117899651.0,8.714,8.71366226054936,1.4632194384816755,1.4632194384816755,POSITIVE,1,,1.0,1
AVPT,250,usa,2026,Q2,2026-06-30,2026-08-06,equityusd,436874000.0,sharesbas -> shares_outstanding,211565426.0,2026-10-06,14.59000015258789,3086739597.622322,2.078,2.06495932846797,7.0655145365078305,7.0655145365078305,POSITIVE,1,multi-class ownership validation required,1.0,0
AVT,251,usa,2026,Q4,2026-06-27,2026-08-14,equityusd,5022503000.0,sharesbas -> shares_outstanding,82072979.0,2026-10-06,106.37000274658203,8730103001.65017,61.119,61.19557327144175,1.7381976679058566,1.7381976679058568,POSITIVE,1,,1.0,1
AVTR,252,usa,2026,Q2,2026-06-30,2026-07-29,equityusd,5630200000.0,sharesbas -> shares_outstanding,676358840.0,2026-10-06,15.430000305175781,10436217107.608337,8.326,8.324279460884995,1.853613922704049,1.8536139227040491,POSITIVE,1,multi-class ownership validation required,1.0,0
AVTX,253,usa,2026,Q2,2026-06-30,2026-08-06,equityusd,448660000.0,sharesbas -> shares_outstanding,53629989.0,2026-10-06,13.59000015258789,728831558.6932869,10.29,8.365841730827132,1.6244629757350484,1.6244629757350486,POSITIVE,1,multi-class ownership validation required,1.0,0
AVXL,254,usa,2026,Q3,2026-06-30,2026-08-28,equityusd,112447000.0,sharesbas -> shares_outstanding,92696842.0,2026-10-06,1.600000023841858,148314949.41006494,1.213,1.2130618214588151,1.3189764903471408,1.3189764903471408,POSITIVE,1,,1.0,1
AVY,255,usa,2026,Q2,2026-06-30,2026-08-04,equityusd,2322800000.0,sharesbas -> shares_outstanding,75788142.0,2026-10-06,168.4499969482422,12766512288.612946,30.443,30.648594076893982,5.496173707858165,5.496173707858165,POSITIVE,1,,1.0,1
AWI,256,usa,2026,Q2,2026-06-30,2026-07-28,equityusd,884300000.0,sharesbas -> shares_outstanding,42262826.0,2026-10-06,164.8699951171875,6967871916.258545,20.807,20.92382558610728,7.879534000066204,7.879534000066204,POSITIVE,1,,1.0,1
AWK,257,usa,2026,Q2,2026-06-30,2026-07-29,equityusd,11665000000.0,sharesbas -> shares_outstanding,198728989.0,2026-10-06,128.0399932861328,25445258417.31996,59.515,58.69802920398292,2.1813337691658776,2.1813337691658776,POSITIVE,1,,1.0,1
AWR,258,usa,2026,Q2,2026-06-30,2026-08-05,equityusd,1121480000.0,sharesbas -> shares_outstanding,39635626.0,2026-10-06,81.55999755859375,3232681559.793335,28.507,28.294746751319128,2.882513785170788,2.882513785170788,POSITIVE,1,,1.0,1
AXGN,259,usa,2026,Q2,2026-06-30,2026-07-29,equityusd,256257000.0,sharesbas -> shares_outstanding,53761513.0,2026-10-06,36.310001373291016,1952080610.8602028,4.804,4.766551119943369,7.6176674621969465,7.617667462196946,POSITIVE,1,,1.0,1
AXON,260,usa,2026,Q2,2026-06-30,2026-08-06,equityusd,3674537000.0,sharesbas -> shares_outstanding,81237415.0,2026-10-06,418.6199951171875,34007606270.632935,45.605,45.23207686999888,9.254936409847808,9.254936409847808,POSITIVE,1,,1.0,1
AXSM,261,usa,2026,Q2,2026-06-30,2026-08-10,equityusd,83304000.0,sharesbas -> shares_outstanding,52380818.0,2026-10-06,174.33999633789062,9132071618.295715,1.608,1.590353170887862,109.62344687284784,109.62344687284782,POSITIVE,1,,1.0,1
AXTA,262,usa,2026,Q2,2026-06-30,2026-07-29,equityusd,2522000000.0,sharesbas -> shares_outstanding,214019997.0,2026-10-06,33.400001525878906,7148268226.368599,11.784,11.783945590841215,2.8343648796068988,2.8343648796068988,POSITIVE,1,,1.0,1
AXTI,263,usa,2026,Q2,2026-06-30,2026-08-13,equityusd,887274000.0,sharesbas -> shares_outstanding,65573212.0,2026-10-06,84.05999755859375,5512084040.62915,14.492,13.531043743899566,6.212380888687317,6.212380888687317,POSITIVE,1,,1.0,1
AYI,264,usa,2026,Q3,2026-05-31,2026-06-25,equityusd,2851500000.0,sharesbas -> shares_outstanding,29935547.0,2026-10-06,302.9800109863281,9069872358.941742,94.208,95.2546482614799,3.180737281761088,3.180737281761088,POSITIVE,1,,1.0,1
AYTU,265,usa,2026,Q4,2026-06-30,2026-09-22,,,sharesbas -> shares_outstanding,10866708.0,2026-10-06,2.049999952316284,22276750.881834984,,,,,MISSING,0,sharefactor missing/nonunit,,0
AZO,266,usa,2026,Q3,2026-05-09,2026-06-12,equityusd,-2784552000.0,sharesbas -> shares_outstanding,16325355.0,2026-10-06,2898.570068359375,47320185358.341064,-169.089,-170.56609182464945,,,NEGATIVE,0,,1.0,0
AZTA,267,usa,2026,Q3,2026-06-30,2026-08-06,equityusd,1510129000.0,sharesbas -> shares_outstanding,43808393.0,2026-10-06,39.349998474121094,1723860197.7036972,33.346,34.47122563934267,1.1415317484159944,1.1415317484159944,POSITIVE,1,,1.0,1
AZZ,268,usa,2027,Q1,2026-05-31,2026-07-08,equityusd,1376044000.0,sharesbas -> shares_outstanding,30051501.0,2026-10-06,141.58999633789062,4254991916.5381165,45.972,45.789526453271,3.0921917587941348,3.0921917587941348,POSITIVE,1,,1.0,1
BA,269,usa,2026,Q2,2026-06-30,2026-07-28,equityusd,6100000000.0,sharesbas -> shares_outstanding,790370020.0,2026-10-06,189.82000732421875,150028042985.24292,7.718,7.717904077383907,24.59476114512179,24.59476114512179,POSITIVE,1,multi-class ownership validation required,1.0,0
BAER,270,usa,2026,Q2,2026-06-30,2026-08-06,equityusd,-387092000.0,sharesbas -> shares_outstanding,58826140.0,2026-10-06,0.5989999771118164,35236856.51357651,-6.859,-6.580271967530081,,,NEGATIVE,0,multi-class ownership validation required,1.0,0
BAH,271,usa,2027,Q1,2026-06-30,2026-07-24,equityusd,1202000000.0,sharesbas -> shares_outstanding,120284973.0,2026-10-06,68.13999938964844,8196217986.803879,9.993,9.992935692806782,6.81881696073534,6.81881696073534,POSITIVE,1,,1.0,1
BALL,272,usa,2026,Q2,2026-06-30,2026-08-04,equityusd,5746000000.0,sharesbas -> shares_outstanding,264703357.0,2026-10-06,57.43000030517578,15201913873.291054,21.62,21.707318203750624,2.6456515616587284,2.6456515616587284,POSITIVE,1,,1.0,1
BAND,273,usa,2026,Q2,2026-06-30,2026-07-29,equityusd,378173000.0,sharesbas -> shares_outstanding,32180788.0,2026-10-06,60.09000015258789,1933743555.8303986,11.77,11.75151459933175,5.113383440463488,5.113383440463488,POSITIVE,1,,1.0,1
BATRK,274,usa,,,,,,,sharesbas -> shares_outstanding,,2026-10-06,52.40999984741211,,,,,,MISSING,0,sharefactor missing/nonunit,,0
BAX,275,usa,2026,Q2,2026-06-30,2026-07-30,equityusd,6206000000.0,sharesbas -> shares_outstanding,516995999.0,2026-10-06,24.360000610351562,12594022851.189316,12.004,12.003961369147849,2.0293301403785557,2.0293301403785557,POSITIVE,1,,1.0,1
BB,276,usa,2027,Q2,2026-08-31,2026-09-24,,,sharesbas -> shares_outstanding,587032279.0,2026-10-06,9.579999923706055,5623769188.032991,,,,,MISSING,0,sharefactor missing/nonunit,,0
BBAI,277,usa,2026,Q2,2026-06-30,2026-07-30,equityusd,770324000.0,sharesbas -> shares_outstanding,479494493.0,2026-10-06,2.5799999237060547,1237095755.3574734,1.608,1.6065335707619899,1.6059421170279953,1.6059421170279953,POSITIVE,1,multi-class ownership validation required,1.0,0
NXH,278,usa,2026,Q2,2026-06-30,2026-08-04,equityusd,214764000.0,sharesbas -> shares_outstanding,95330379.0,2026-10-06,1.8300000429153442,174454597.66113603,2.89,2.2528390451484515,0.8123083834401298,0.8123083834401298,POSITIVE,1,multi-class ownership validation required,1.0,0
BBCP,279,usa,2026,Q3,2026-07-31,2026-09-03,equityusd,267854000.0,sharesbas -> shares_outstanding,50393420.0,2026-10-06,9.9399995803833,500910573.65407944,5.312,5.315257428449984,1.870088084008749,1.870088084008749,POSITIVE,1,multi-class ownership validation required,1.0,0
BBIO,280,usa,2026,Q2,2026-06-30,2026-08-10,equityusd,-2515215000.0,sharesbas -> shares_outstanding,195487474.0,2026-10-06,66.95999908447266,13089841080.065872,-12.847,-12.866374241451398,,,NEGATIVE,0,,1.0,0
BBLG,281,usa,2026,Q2,2026-06-30,2026-08-14,equityusd,3924650.0,sharesbas -> shares_outstanding,2756057.0,2026-10-06,0.47999998927116394,1322907.3304307163,2.184,1.424009009973306,0.3370765113910072,0.3370765113910072,POSITIVE,1,multi-class ownership validation required,1.0,0
BBOT,282,usa,2026,Q2,2026-06-30,2026-08-11,equityusd,323112000.0,sharesbas -> shares_outstanding,80174267.0,2026-10-06,3.5,280609934.5,4.036,4.0301210362172695,0.8684602691945826,0.8684602691945826,POSITIVE,1,,1.0,1
BBSI,283,usa,2026,Q2,2026-06-30,2026-08-06,equityusd,203780000.0,sharesbas -> shares_outstanding,24235180.0,2026-10-06,31.280000686645508,758076447.0409775,8.369,8.408437651381174,3.7200728581851874,3.7200728581851874,POSITIVE,1,,1.0,1
BBW,284,usa,2027,Q2,2026-08-01,2026-09-10,,,sharesbas -> shares_outstanding,12319335.0,2026-10-06,25.639999389648438,315867741.88087463,,,,,MISSING,0,sharefactor missing/nonunit,,0
BBWI,285,usa,2027,Q2,2026-08-01,2026-08-26,equityusd,-1056000000.0,sharesbas -> shares_outstanding,201645313.0,2026-10-06,17.93000030517578,3615500523.627266,-5.237,-5.236918152419442,,,NEGATIVE,0,,1.0,0
BBY,286,usa,2027,Q2,2026-08-01,2026-09-04,equityusd,3183000000.0,sharesbas -> shares_outstanding,209727698.0,2026-10-06,84.8499984741211,17795394855.28093,15.064,15.176822281242032,5.590761814414367,5.590761814414367,POSITIVE,1,,1.0,1
BC,287,usa,2026,Q2,2026-07-04,2026-08-05,equityusd,1678700000.0,sharesbas -> shares_outstanding,64797428.0,2026-10-06,64.9800033569336,4210537088.960663,25.668,25.906892477275488,2.508212955835267,2.5082129558352673,POSITIVE,1,multi-class ownership validation required,1.0,0
BCC,288,usa,2026,Q2,2026-06-30,2026-08-03,equityusd,2025665000.0,sharesbas -> shares_outstanding,34891351.0,2026-10-06,75.44999694824219,2632552326.470047,57.528,58.05636474208178,1.299599058319143,1.299599058319143,POSITIVE,1,,1.0,1
BCDA,289,usa,2026,Q2,2026-06-30,2026-08-12,equityusd,2700000.0,sharesbas -> shares_outstanding,15138782.0,2026-10-06,1.059999942779541,16047108.053751945,0.223,0.17834988310155994,5.943373353241462,5.943373353241461,POSITIVE,1,multi-class ownership validation required,1.0,0
BCO,290,usa,2026,Q2,2026-06-30,2026-08-05,equityusd,310500000.0,sharesbas -> shares_outstanding,41189634.0,2026-10-06,103.5,4263127119.0,7.5,7.5383044190196005,13.729878000000001,13.729878,POSITIVE,1,multi-class ownership validation required,1.0,0
BCPC,291,usa,2026,Q2,2026-06-30,2026-07-31,equityusd,1302378000.0,sharesbas -> shares_outstanding,31878021.0,2026-10-06,165.2899932861328,5269117877.065201,40.855,40.85504555003587,4.0457669563407865,4.0457669563407865,POSITIVE,1,,1.0,1
BCRX,292,usa,2026,Q2,2026-06-30,2026-08-05,equityusd,-454289000.0,sharesbas -> shares_outstanding,255535105.0,2026-10-06,7.949999809265137,2031504036.0105467,-1.785,-1.7777948747981223,,,NEGATIVE,0,,1.0,0
BCTX,293,usa,2026,Q3,2026-04-30,2026-06-09,equityusd,23408960.0,sharesbas -> shares_outstanding,8699787.0,2026-10-06,4.019999980926514,34973143.57406473,3.229,2.6907509344769016,1.4940067211044288,1.4940067211044288,POSITIVE,1,multi-class ownership validation required,1.0,0
BCYC,294,usa,2026,Q2,2026-06-30,2026-07-30,equityusd,510255000.0,sharesbas -> shares_outstanding,69992871.0,2026-10-06,3.7899999618530273,265272978.41998386,7.31,7.290099587427982,0.5198831533644626,0.5198831533644626,POSITIVE,1,,1.0,1
BDC,295,usa,2026,Q2,2026-06-28,2026-07-30,equityusd,1384554000.0,sharesbas -> shares_outstanding,39078191.0,2026-10-06,113.20999908447266,4424041967.332848,35.541,35.43035039672128,3.19528307840131,3.19528307840131,POSITIVE,1,multi-class ownership validation required,1.0,0
BDN,296,usa,2026,Q2,2026-06-30,2026-07-28,equityusd,691182000.0,sharesbas -> shares_outstanding,174576897.0,2026-10-06,2.75,480086466.75,3.964,3.959183671365175,0.6945876292351364,0.6945876292351363,POSITIVE,1,multi-class ownership validation required,1.0,0
BDSX,297,usa,2026,Q2,2026-06-30,2026-08-05,equityusd,9144000.0,sharesbas -> shares_outstanding,10551118.0,2026-10-06,27.959999084472656,295009249.62016296,0.888,0.866638018833644,32.26260385172386,32.26260385172386,POSITIVE,1,,1.0,1
BDTX,298,usa,2026,Q2,2026-06-30,2026-08-05,equityusd,96091000.0,sharesbas -> shares_outstanding,57453747.0,2026-10-06,1.7999999523162842,103416741.86039186,1.675,1.6724931796006273,1.076237544206969,1.076237544206969,POSITIVE,1,,1.0,1
BDX,299,usa,2026,Q3,2026-06-30,2026-08-06,equityusd,24416000000.0,sharesbas -> shares_outstanding,272386800.0,2026-10-06,180.3000030517578,49111340871.258545,89.637,89.63723645932916,2.011440894137391,2.011440894137391,POSITIVE,1,multi-class ownership validation required,1.0,0
BE,300,usa,2026,Q2,2026-06-30,2026-07-28,equityusd,1611998000.0,sharesbas -> shares_outstanding,294527346.0,2026-10-06,295.7799987792969,87115298040.34955,5.611,5.473169204464973,54.04181521338708,54.04181521338708,POSITIVE,1,,1.0,1
BEAM,301,usa,2026,Q2,2026-06-30,2026-08-04,equityusd,1067442000.0,sharesbas -> shares_outstanding,103287665.0,2026-10-06,25.229999542236328,2605947740.668659,10.232,10.334651286772724,2.441301485859334,2.441301485859334,POSITIVE,1,,1.0,1
BEEM,302,usa,2026,Q2,2026-06-30,2026-08-19,equityusd,20256000.0,sharesbas -> shares_outstanding,22633315.0,2026-10-06,1.1100000143051147,25122979.97377217,0.925,0.8949639060826927,1.2402734979152927,1.2402734979152927,POSITIVE,1,multi-class ownership validation required,1.0,0
BELFB,303,usa,,,,,,,sharesbas -> shares_outstanding,,2026-10-06,260.260009765625,,,,,,MISSING,0,sharefactor missing/nonunit,,0
BFAM,304,usa,2026,Q2,2026-06-30,2026-08-06,equityusd,943519000.0,sharesbas -> shares_outstanding,48635306.0,2026-10-06,66.41999816894531,3230356935.466095,18.307,19.39987794052329,3.4237327870091594,3.4237327870091594,POSITIVE,1,,1.0,1
BFLY,305,usa,2026,Q2,2026-06-30,2026-07-30,equityusd,189400000.0,sharesbas -> shares_outstanding,266285183.0,2026-10-06,8.699999809265137,2316681041.310132,0.723,0.7112675135213964,12.231684484214002,12.231684484214002,POSITIVE,1,multi-class ownership validation required,1.0,0
BFRG,306,usa,2026,Q2,2026-06-30,2026-08-14,equityusd,6987262.0,sharesbas -> shares_outstanding,18541651.0,2026-10-06,0.6890000104904175,12775197.73350966,0.372,0.37684141503903834,1.8283553319611687,1.8283553319611687,POSITIVE,1,multi-class ownership validation required,1.0,0
BG,307,usa,2026,Q2,2026-06-30,2026-07-29,equityusd,15953000000.0,sharesbas -> shares_outstanding,192119123.0,2026-10-06,107.33000183105469,20620145823.37062,83.037,83.03702281630757,1.2925559972024458,1.292555997202446,POSITIVE,1,,1.0,1
BGLC,308,usa,2026,Q2,2026-06-30,2026-08-14,equityusd,7778442.0,sharesbas -> shares_outstanding,2933442.0,2026-10-06,1.2400000095367432,3637468.107975483,3.218,2.651643359575543,0.4676345350361271,0.4676345350361272,POSITIVE,1,,1.0,1
BGMS,309,usa,2026,Q2,2026-06-30,2026-08-14,equityusd,7160000.0,sharesbas -> shares_outstanding,6622794.0,2026-10-06,0.8600000143051147,5695602.934739828,1.279,1.0811147077804322,0.7954752702150598,0.7954752702150598,POSITIVE,1,multi-class ownership validation required,1.0,0
BGS,310,usa,2026,Q2,2026-07-04,2026-08-12,equityusd,395066000.0,sharesbas -> shares_outstanding,81275671.0,2026-10-06,2.440000057220459,198312641.8906312,4.867,4.860814990995276,0.5019734471977624,0.5019734471977624,POSITIVE,1,,1.0,1
BHC,311,usa,2026,Q2,2026-06-30,2026-07-30,equityusd,-1771000000.0,sharesbas -> shares_outstanding,373990561.0,2026-10-06,6.019999980926514,2251423170.086696,-4.723,-4.735413629864311,,,NEGATIVE,0,,1.0,0
BHE,312,usa,2026,Q2,2026-06-30,2026-07-29,equityusd,1116283000.0,sharesbas -> shares_outstanding,35919933.0,2026-10-06,85.95999908447266,3087677407.794319,31.096,31.076978901937263,2.7660346057355696,2.76603460573557,POSITIVE,1,,1.0,1
BHR,313,usa,2026,Q2,2026-06-30,2026-08-06,equityusd,147028000.0,sharesbas -> shares_outstanding,68679318.0,2026-10-06,1.5199999809265137,104392562.05004597,2.141,2.1407900410426324,0.7100182417637863,0.7100182417637863,POSITIVE,1,multi-class ownership validation required,1.0,0
BHVN,314,usa,2026,Q2,2026-06-30,2026-08-10,equityusd,12222000.0,sharesbas -> shares_outstanding,151043781.0,2026-10-06,12.079999923706055,1824608862.956274,0.081,0.08091693626234105,149.28889403995043,149.2888940399504,POSITIVE,1,,1.0,1
BIAF,315,usa,2026,Q2,2026-06-30,2026-08-07,equityusd,3768797.0,sharesbas -> shares_outstanding,540115.0,2026-10-06,6.059999942779541,3273096.869094372,10.816,6.977767697619951,0.8684725839822023,0.8684725839822022,POSITIVE,1,multi-class ownership validation required,1.0,0
BIIB,316,usa,2026,Q2,2026-06-30,2026-07-29,equityusd,18848000000.0,sharesbas -> shares_outstanding,147753998.0,2026-10-06,222.88999938964844,32932888524.038116,127.61,127.56338410551842,1.747288228142939,1.7472882281429392,POSITIVE,1,,1.0,1
BILL,317,usa,2026,Q4,2026-06-30,2026-08-20,equityusd,3530602000.0,sharesbas -> shares_outstanding,85276782.0,2026-10-06,43.959999084472656,3748767258.6467743,36.062,41.40167953335762,1.0617926514081095,1.0617926514081095,POSITIVE,1,,1.0,1
BIO,318,usa,2026,Q2,2026-06-30,2026-08-04,equityusd,7173900000.0,sharesbas -> shares_outstanding,26738175.0,2026-10-06,368.8299865722656,9861840726.216888,268.223,268.3017820026984,1.3746833279271926,1.3746833279271928,POSITIVE,1,multi-class ownership validation required,1.0,0
BIVI,319,usa,2026,Q4,2026-06-30,2026-08-13,equityusd,10270270.0,sharesbas -> shares_outstanding,7542638.0,2026-10-06,1.440000057220459,10861399.151593208,1.296,1.3616283851883122,1.0575573136434784,1.0575573136434786,POSITIVE,1,multi-class ownership validation required,1.0,0
BJ,320,usa,2027,Q2,2026-08-01,2026-08-25,equityusd,2197432000.0,sharesbas -> shares_outstanding,126314692.0,2026-10-06,95.62000274658203,12078211195.973663,17.274,17.396487813151616,5.4965119266369395,5.4965119266369395,POSITIVE,1,,1.0,1
BJDX,321,usa,2026,Q2,2026-06-30,2026-08-12,equityusd,9414840.0,sharesbas -> shares_outstanding,4468051.0,2026-10-06,0.8109999895095825,3623589.3141282797,4.528,2.107146941697845,0.38488060488848247,0.3848806048884824,POSITIVE,1,,1.0,1
BJRI,322,usa,2026,Q2,2026-06-30,2026-07-31,equityusd,397398000.0,sharesbas -> shares_outstanding,21273765.0,2026-10-06,61.33000183105469,1304720046.4034271,18.886,18.680191306052315,3.2831570526359646,3.2831570526359646,POSITIVE,1,,1.0,1
BKD,323,usa,2026,Q2,2026-06-30,2026-08-10,equityusd,-28975000.0,sharesbas -> shares_outstanding,238817252.0,2026-10-06,10.899999618530273,2603107955.698448,-0.121,-0.12132708067505944,,,NEGATIVE,0,multi-class ownership validation required,1.0,0
BKE,324,usa,2027,Q2,2026-08-01,2026-09-10,,,sharesbas -> shares_outstanding,51512434.0,2026-10-06,43.459999084472656,2238730334.478958,,,,,MISSING,0,sharefactor missing/nonunit,,0
BKH,325,usa,2026,Q2,2026-06-30,2026-08-06,equityusd,3943400000.0,sharesbas -> shares_outstanding,76253141.0,2026-10-06,70.73999786376953,5394147031.445717,51.955,51.714591009437896,1.367892435828401,1.367892435828401,POSITIVE,1,multi-class ownership validation required,1.0,0
BKKT,326,usa,2026,Q2,2026-06-30,2026-08-10,equityusd,354390000.0,sharesbas -> shares_outstanding,45069458.0,2026-10-06,7.349999904632568,331260512.00184155,7.863,7.863196402317508,0.9347343660990478,0.9347343660990478,POSITIVE,1,multi-class ownership validation required,1.0,0
BKNG,327,usa,2026,Q2,2026-06-30,2026-08-04,equityusd,-10783000000.0,sharesbas -> shares_outstanding,751380500.0,2026-10-06,157.6300048828125,118440111883.8501,-14.04,-14.350918076793317,,,NEGATIVE,0,,1.0,0
BKR,328,usa,2026,Q2,2026-06-30,2026-07-27,equityusd,19908000000.0,sharesbas -> shares_outstanding,992674071.0,2026-10-06,57.130001068115234,56711470736.520294,20.055,20.05492092681043,2.848677453110322,2.848677453110322,POSITIVE,1,,1.0,1
BKSY,329,usa,2026,Q2,2026-06-30,2026-08-06,equityusd,211532000.0,sharesbas -> shares_outstanding,40924846.0,2026-10-06,22.65999984741211,927357004.1153641,5.169,5.1687915942310445,4.3840033853760385,4.384003385376038,POSITIVE,1,multi-class ownership validation required,1.0,0
BL,330,usa,2026,Q2,2026-06-30,2026-08-05,equityusd,316174000.0,sharesbas -> shares_outstanding,58125270.0,2026-10-06,28.170000076293945,1637388860.3346062,5.402,5.4395274206898305,5.1787587225217955,5.1787587225217955,POSITIVE,1,,1.0,1
BLBD,331,usa,2026,Q3,2026-06-27,2026-08-05,equityusd,654892000.0,sharesbas -> shares_outstanding,31676039.0,2026-10-06,57.185001373291016,1811394333.7154198,19.128,20.674680947324255,2.765943596372256,2.7659435963722565,POSITIVE,1,multi-class ownership validation required,1.0,0
BLCO,332,usa,2026,Q2,2026-06-30,2026-07-29,equityusd,6376000000.0,sharesbas -> shares_outstanding,357165246.0,2026-10-06,17.18000030517578,6136099035.278183,17.855,17.851680899546423,0.9623743781803926,0.9623743781803925,POSITIVE,1,,1.0,1
BLDR,333,usa,2026,Q2,2026-06-30,2026-07-30,equityusd,4005175000.0,sharesbas -> shares_outstanding,107596457.0,2026-10-06,56.220001220703125,6049072943.883331,37.235,37.224041680108485,1.5103142668880463,1.5103142668880465,POSITIVE,1,,1.0,1
BLFS,334,usa,2026,Q2,2026-06-30,2026-08-06,equityusd,420003000.0,sharesbas -> shares_outstanding,48906704.0,2026-10-06,38.61000061035156,1888287871.2902832,8.595,8.587841045268558,4.4958913895621775,4.4958913895621775,POSITIVE,1,,1.0,1
BLKB,335,usa,2026,Q2,2026-06-30,2026-07-29,equityusd,67030000.0,sharesbas -> shares_outstanding,45390097.0,2026-10-06,43.5099983215332,1974923044.2842293,1.498,1.476753839058771,29.463270838195275,29.463270838195275,POSITIVE,1,,1.0,1
BLMN,336,usa,2026,Q2,2026-06-28,2026-08-06,equityusd,431833000.0,sharesbas -> shares_outstanding,85620917.0,2026-10-06,8.34000015258789,714078460.8447151,5.047,5.0435456093047915,1.6535986384660624,1.6535986384660624,POSITIVE,1,,1.0,1
BLND,337,usa,2026,Q2,2026-06-30,2026-08-06,equityusd,-74374000.0,sharesbas -> shares_outstanding,236513319.0,2026-10-06,1.0199999809265137,241243580.86886644,-0.31,-0.3144600917802857,,,NEGATIVE,0,,1.0,0
BLNK,338,usa,2026,Q2,2026-06-30,2026-08-07,equityusd,47793000.0,sharesbas -> shares_outstanding,144938716.0,2026-10-06,0.5120000243186951,74208626.11672044,0.331,0.32974626324135503,1.5527091021011539,1.5527091021011536,POSITIVE,1,multi-class ownership validation required,1.0,0
BLZE,339,usa,2026,Q2,2026-06-30,2026-08-03,equityusd,88538000.0,sharesbas -> shares_outstanding,61900000.0,2026-10-06,13.800000190734863,854220011.806488,1.456,1.4303392568659128,9.648060853040366,9.648060853040366,POSITIVE,1,,1.0,1
BMBL,340,usa,2026,Q2,2026-06-30,2026-08-06,equityusd,516058000.0,sharesbas -> shares_outstanding,153109928.0,2026-10-06,2.509999990463257,384305917.81982994,3.371,3.370506450763924,0.7446952044534334,0.7446952044534334,POSITIVE,1,,1.0,1
BMEA,341,usa,2026,Q2,2026-06-30,2026-08-05,equityusd,12137000.0,sharesbas -> shares_outstanding,72483852.0,2026-10-06,1.25,90604815.0,0.168,0.1674441915697306,7.465173848562248,7.465173848562248,POSITIVE,1,,1.0,1
BMI,342,usa,2026,Q2,2026-06-30,2026-07-23,equityusd,682880000.0,sharesbas -> shares_outstanding,28986847.0,2026-10-06,123.7300033569336,3586542676.6169205,23.517,23.558271101372288,5.252083347904347,5.252083347904347,POSITIVE,1,,1.0,1
BMRA,343,usa,2026,Q4,2026-05-31,2026-08-31,equityusd,2630000.0,sharesbas -> shares_outstanding,4588968.0,2026-10-06,2.140000104904175,9820392.001401901,0.847,0.573113606370757,3.7339893541452094,3.7339893541452094,POSITIVE,1,,1.0,1
BMRN,344,usa,2026,Q2,2026-06-30,2026-08-06,equityusd,6321692000.0,sharesbas -> shares_outstanding,193573759.0,2026-10-06,56.220001220703125,10882716967.276093,32.683,32.657794282953404,1.7214880078428516,1.7214880078428516,POSITIVE,1,,1.0,1
BMY,345,usa,2026,Q2,2026-06-30,2026-07-30,equityusd,22319000000.0,sharesbas -> shares_outstanding,2042714656.0,2026-10-06,59.59000015258789,121725366662.73352,10.926,10.926146701127893,5.453889809701757,5.453889809701757,POSITIVE,1,multi-class ownership validation required,1.0,0
BNED,347,usa,2027,Q1,2026-08-01,2026-09-08,,,sharesbas -> shares_outstanding,34664980.0,2026-10-06,11.640000343322754,403500379.1012764,,,,,MISSING,0,sharefactor missing/nonunit,,0
BNGO,348,usa,2026,Q2,2026-06-30,2026-08-10,equityusd,31606000.0,sharesbas -> shares_outstanding,11777000.0,2026-10-06,1.4500000476837158,17076650.56157112,2.737,2.683705527723529,0.540297746047305,0.540297746047305,POSITIVE,1,multi-class ownership validation required,1.0,0
BNL,349,usa,2026,Q2,2026-06-30,2026-07-29,equityusd,2881003000.0,sharesbas -> shares_outstanding,191892971.0,2026-10-06,18.6299991607666,3574965888.68701,15.108,15.013593176375387,1.2408754481293527,1.240875448129353,POSITIVE,1,,1.0,1
BOC,350,usa,2026,Q2,2026-06-30,2026-08-13,equityusd,501852000.0,sharesbas -> shares_outstanding,30126566.0,2026-10-06,13.020000457763672,392247903.1108475,16.496,16.658121606027052,0.7816007570177014,0.7816007570177014,POSITIVE,1,,1.0,1
BOF,351,usa,2026,Q2,2026-06-30,2026-08-13,equityusd,4468875.0,sharesbas -> shares_outstanding,15316030.0,2026-10-06,3.569999933242798,54678226.07754469,0.294,0.29177763428251313,12.235344707011205,12.235344707011203,POSITIVE,1,,1.0,1
BOOM,352,usa,2026,Q2,2026-06-30,2026-07-29,equityusd,237350000.0,sharesbas -> shares_outstanding,20540949.0,2026-10-06,5.980000019073486,122834875.41178751,11.75,11.554967591808927,0.517526334155414,0.5175263341554139,POSITIVE,1,,1.0,1
BOOT,353,usa,2027,Q1,2026-06-27,2026-07-29,equityusd,1358750000.0,sharesbas -> shares_outstanding,30284844.0,2026-10-06,124.31999969482422,3765011796.837799,44.753,44.865676045747506,2.7709378449588216,2.7709378449588216,POSITIVE,1,,1.0,1
BOX,354,usa,2027,Q2,2026-07-31,2026-08-26,equityusd,-351146000.0,sharesbas -> shares_outstanding,137200773.0,2026-10-06,35.27000045776367,4839071326.51553,-2.556,-2.5593587581317783,,,NEGATIVE,0,,1.0,0
BOXL,355,usa,2026,Q2,2026-06-30,2026-08-14,equityusd,-1423000.0,sharesbas -> shares_outstanding,667393.0,2026-10-06,3.5999999046325684,2402614.7363524437,-2.51,-2.1321769931659458,,,NEGATIVE,0,,1.0,0
BR,356,usa,2026,Q4,2026-06-30,2026-08-04,equityusd,2840500000.0,sharesbas -> shares_outstanding,114021798.0,2026-10-06,158.66000366210938,18090698888.240295,24.679,24.911903248534987,6.368843122070162,6.368843122070162,POSITIVE,1,,1.0,1
BRBR,357,usa,2026,Q3,2026-06-30,2026-08-04,equityusd,-467200000.0,sharesbas -> shares_outstanding,116278194.0,2026-10-06,7.690000057220459,894179318.5134916,-4.014,-4.017950261594191,,,NEGATIVE,0,,1.0,0
BRC,358,usa,2026,Q4,2026-07-31,2026-09-03,equityusd,1357562000.0,sharesbas -> shares_outstanding,46899214.0,2026-10-06,85.11000061035156,3991592132.1650085,28.761,28.94636997541153,2.9402650723613424,2.9402650723613424,POSITIVE,1,,1.0,1
BRCC,359,usa,2026,Q2,2026-06-30,2026-08-03,equityusd,48324000.0,sharesbas -> shares_outstanding,25028747.0,2026-10-06,9.4399995803833,236271361.1775198,4.101,1.930739880825836,4.889317133877986,4.889317133877986,POSITIVE,1,multi-class ownership validation required,1.0,0
BRKR,360,usa,2026,Q2,2026-06-30,2026-08-05,equityusd,2400200000.0,sharesbas -> shares_outstanding,152359316.0,2026-10-06,60.5,9217738618.0,15.76,15.753549326776973,3.840404390467461,3.840404390467461,POSITIVE,1,multi-class ownership validation required,1.0,0
BROS,361,usa,2026,Q2,2026-06-30,2026-08-06,equityusd,797652000.0,sharesbas -> shares_outstanding,174681716.0,2026-10-06,39.060001373291016,6823068066.848831,5.931,4.566316488441183,8.553940900102841,8.553940900102841,POSITIVE,1,,1.0,1
BRSP,362,usa,2026,Q2,2026-06-30,2026-07-29,equityusd,862980000.0,sharesbas -> shares_outstanding,126524180.0,2026-10-06,3.7899999618530273,479526637.37348557,6.811,6.82067253864044,0.5556636739825784,0.5556636739825784,POSITIVE,1,,1.0,1
BRTX,363,usa,2026,Q1,2026-03-31,2026-05-14,equityusd,3025642.0,sharesbas -> shares_outstanding,1273908.0,2026-10-06,2.2699999809265137,2891771.135702133,3.413,2.375086740957746,0.9557545590992368,0.9557545590992369,POSITIVE,1,,1.0,1
BRX,364,usa,2026,Q2,2026-06-30,2026-07-27,equityusd,3021701000.0,sharesbas -> shares_outstanding,306872316.0,2026-10-06,27.459999084472656,8426713516.410004,9.837,9.846769625188347,2.7887317495708555,2.7887317495708555,POSITIVE,1,,1.0,1
BRZE,365,usa,2027,Q2,2026-07-31,2026-09-09,,,sharesbas -> shares_outstanding,113584427.0,2026-10-06,26.34000015258789,2991813824.511608,,,,,MISSING,0,sharefactor missing/nonunit,,0
BSLK,366,usa,2025,Q3,2025-09-30,2025-11-12,equityusd,-12747000.0,sharesbas -> shares_outstanding,4366123.0,2026-10-06,9.999999747378752e-05,436.6122889702456,-4.609,-2.919523797199483,,,NEGATIVE,0,multi-class ownership validation required; fundamentals stale >180 days,1.0,0
BSM,367,usa,2026,Q2,2026-06-30,2026-08-04,equityusd,812988000.0,sharesbas -> shares_outstanding,227421790.0,2026-10-06,14.680000305175781,3338551946.6036224,3.824,3.57480257278777,4.106520571771813,4.106520571771813,POSITIVE,1,,1.0,1
BSX,368,usa,2026,Q2,2026-06-30,2026-08-03,equityusd,24930000000.0,sharesbas -> shares_outstanding,1449229526.0,2026-10-06,42.189998626708984,61142991711.72611,16.957,17.202244056404908,2.4525869118221464,2.4525869118221464,POSITIVE,1,multi-class ownership validation required,1.0,0
BSY,369,usa,2026,Q2,2026-06-30,2026-08-06,equityusd,1202042000.0,sharesbas -> shares_outstanding,302092889.0,2026-10-06,35.970001220703125,10866281586.095734,3.855,3.979047649810784,9.03985184053114,9.03985184053114,POSITIVE,1,,1.0,1
BTAI,370,usa,2026,Q2,2026-06-30,2026-08-13,equityusd,-115460000.0,sharesbas -> shares_outstanding,31305499.0,2026-10-06,0.05274999886751175,1651365.0367968902,-3.811,-3.6881699282289033,,,NEGATIVE,0,,1.0,0
BTBD,371,usa,2026,Q2,2026-06-28,2026-08-17,equityusd,6348269.0,sharesbas -> shares_outstanding,6184724.0,2026-10-06,1.6699999570846558,10328488.81458044,1.028,1.026443378879963,1.6269771830053894,1.6269771830053894,POSITIVE,1,multi-class ownership validation required,1.0,0
BTCT,372,usa,2025,Q4,2025-12-31,2026-05-11,equityusd,5465147.0,sharesbas -> shares_outstanding,9516975.0,2026-10-06,1.1200000047683716,10659012.045380473,4.519,0.5742525329739755,1.9503614532931086,1.9503614532931086,POSITIVE,1,ADR ownership/ratio validation required; multi-class ownership validation required,1.0,0
BTMD,373,usa,2026,Q2,2026-06-30,2026-08-07,equityusd,-65790000.0,sharesbas -> shares_outstanding,35927468.0,2026-10-06,1.1399999856948853,40957313.00605345,-2.298,-1.8311894397901907,,,NEGATIVE,0,multi-class ownership validation required,1.0,0
BTSG,374,usa,2026,Q2,2026-06-30,2026-07-31,equityusd,2048717000.0,sharesbas -> shares_outstanding,197864241.0,2026-10-06,63.75,12613845363.75,9.943,10.354154897549174,6.156948648227159,6.156948648227159,POSITIVE,1,multi-class ownership validation required,1.0,0
BTU,375,usa,2026,Q2,2026-06-30,2026-08-06,equityusd,3248600000.0,sharesbas -> shares_outstanding,121900000.0,2026-10-06,25.43000030517578,3099917037.2009277,26.65,26.649712879409353,0.9542316804780298,0.9542316804780299,POSITIVE,1,multi-class ownership validation required,1.0,0
BURL,376,usa,2027,Q2,2026-08-01,2026-08-27,equityusd,2002248000.0,sharesbas -> shares_outstanding,62815195.0,2026-10-06,276.42999267578125,17364003893.77777,31.849,31.87521745335663,8.672254333018572,8.672254333018573,POSITIVE,1,,1.0,1
BV,377,usa,2026,Q3,2026-06-30,2026-08-04,equityusd,1234700000.0,sharesbas -> shares_outstanding,92600000.0,2026-10-06,10.489999771118164,971373978.805542,13.334,13.333693304535638,0.7867287428570032,0.7867287428570033,POSITIVE,1,,1.0,1
BVS,378,usa,2026,Q2,2026-06-27,2026-08-05,equityusd,228306000.0,sharesbas -> shares_outstanding,84091880.0,2026-10-06,13.100000381469727,1101603660.0785065,3.364,2.714958923501294,4.825119182494137,4.825119182494137,POSITIVE,1,,1.0,1
BW,379,usa,2026,Q2,2026-06-30,2026-08-10,equityusd,57369000.0,sharesbas -> shares_outstanding,148965066.0,2026-10-06,5.909999847412109,880383517.3297348,0.403,0.38511713880622184,15.345979838061233,15.345979838061231,POSITIVE,1,multi-class ownership validation required,1.0,0
BWA,380,usa,2026,Q2,2026-06-30,2026-08-05,equityusd,5621000000.0,sharesbas -> shares_outstanding,203666354.0,2026-10-06,63.36000061035156,12904300313.748077,27.69,27.59906037302558,2.2957303529172886,2.295730352917288,POSITIVE,1,,1.0,1
BWMN,381,usa,2026,Q2,2026-06-30,2026-08-10,equityusd,256492000.0,sharesbas -> shares_outstanding,17335512.0,2026-10-06,42.790000915527344,741786574.3511353,15.608,14.795755671940928,2.892045655814354,2.892045655814354,POSITIVE,1,,1.0,1
BWXT,382,usa,2026,Q2,2026-06-30,2026-08-05,equityusd,1334450000.0,sharesbas -> shares_outstanding,91621980.0,2026-10-06,145.6999969482422,13349322206.391907,14.549,14.56473654029306,10.003613628380162,10.003613628380162,POSITIVE,1,,1.0,1
BXP,383,usa,2026,Q2,2026-06-30,2026-08-06,equityusd,5155145000.0,sharesbas -> shares_outstanding,159661556.0,2026-10-06,59.790000915527344,9546164579.41452,32.388,32.287954152219335,1.8517742138028166,1.8517742138028164,POSITIVE,1,multi-class ownership validation required,1.0,0
BYD,384,usa,2026,Q2,2026-06-30,2026-07-30,equityusd,2500521000.0,sharesbas -> shares_outstanding,72655414.0,2026-10-06,70.41000366210938,5115667965.812073,33.422,34.41616890380667,2.045840833095212,2.045840833095212,POSITIVE,1,,1.0,1
BYND,385,usa,2026,Q2,2026-06-27,2026-08-06,equityusd,56757000.0,sharesbas -> shares_outstanding,17193966.0,2026-10-06,7.989999771118164,137379784.4046135,3.397,3.300983612506853,2.4204905897882814,2.4204905897882814,POSITIVE,1,,1.0,1
BYRN,386,usa,2026,Q2,2026-05-31,2026-07-09,equityusd,56983000.0,sharesbas -> shares_outstanding,22693356.0,2026-10-06,3.690000057220459,83738484.93852425,2.512,2.5109992545835884,1.4695345092136995,1.4695345092136995,POSITIVE,1,,1.0,1
BZAI,387,usa,2026,Q2,2026-06-30,2026-08-13,equityusd,42790000.0,sharesbas -> shares_outstanding,144832039.0,2026-10-06,0.28999999165534973,42001290.10142729,0.317,0.29544567828669455,0.981567892064204,0.9815678920642039,POSITIVE,1,multi-class ownership validation required,1.0,0
BZFD,388,usa,2026,Q2,2026-06-30,2026-08-06,equityusd,50699000.0,sharesbas -> shares_outstanding,83334733.0,2026-10-06,1.1699999570846558,97501634.03366125,0.92,0.6083777816867788,1.9231470844328535,1.9231470844328535,POSITIVE,1,multi-class ownership validation required,1.0,0
BZH,389,usa,2026,Q3,2026-06-30,2026-08-07,equityusd,1146990000.0,sharesbas -> shares_outstanding,26679623.0,2026-10-06,33.40999984741211,891366200.3590126,43.266,42.99123717003047,0.7771351104708957,0.7771351104708957,POSITIVE,1,,1.0,1
CABA,390,usa,2026,Q2,2026-06-30,2026-08-13,equityusd,210593000.0,sharesbas -> shares_outstanding,169545445.0,2026-10-06,2.0199999809265137,342481795.6661773,1.393,1.242103555185455,1.6262734073125757,1.6262734073125757,POSITIVE,1,,1.0,1
CABO,391,usa,2026,Q2,2026-06-30,2026-08-06,equityusd,326385000.0,sharesbas -> shares_outstanding,5673925.0,2026-10-06,12.970000267028809,73590808.76510143,57.272,57.52367188498262,0.22547239844080283,0.22547239844080283,POSITIVE,1,,1.0,1
CACI,392,usa,2026,Q4,2026-06-30,2026-08-06,equityusd,4462697000.0,sharesbas -> shares_outstanding,22099539.0,2026-10-06,599.6400146484375,13251767889.683716,201.95,201.93620328460244,2.969452752379047,2.969452752379047,POSITIVE,1,,1.0,1
CADL,393,usa,2026,Q2,2026-06-30,2026-08-13,equityusd,126130000.0,sharesbas -> shares_outstanding,76518565.0,2026-10-06,9.869999885559082,755238227.7931452,1.701,1.648358146810516,5.987776324372831,5.987776324372831,POSITIVE,1,,1.0,1
CAG,394,usa,2027,Q1,2026-08-30,2026-09-30,,,sharesbas -> shares_outstanding,477411517.0,2026-10-06,13.449999809265137,6421184812.59098,,,,,MISSING,0,sharefactor missing/nonunit,,0
CAH,395,usa,2026,Q4,2026-06-30,2026-08-11,equityusd,-2883000000.0,sharesbas -> shares_outstanding,232575728.0,2026-10-06,233.44000244140625,54292478512.131836,-12.373,-12.395962488398617,,,NEGATIVE,0,,1.0,0
CAKE,396,usa,2026,Q2,2026-06-30,2026-08-03,equityusd,518958000.0,sharesbas -> shares_outstanding,49760634.0,2026-10-06,108.2300033569336,5385593584.863144,11.13,10.429087378589267,10.37770606650855,10.37770606650855,POSITIVE,1,,1.0,1
CAL,397,usa,2027,Q2,2026-08-01,2026-09-10,,,sharesbas -> shares_outstanding,34504977.0,2026-10-06,12.460000038146973,429932014.7362604,,,,,MISSING,0,sharefactor missing/nonunit,,0
CALM,398,usa,2027,Q1,2026-08-29,2026-09-30,,,sharesbas -> shares_outstanding,46710613.0,2026-10-06,63.400001525878906,2961452935.474739,,,,,MISSING,0,sharefactor missing/nonunit,,0
CALX,399,usa,2026,Q2,2026-06-27,2026-07-21,equityusd,710021000.0,sharesbas -> shares_outstanding,62963989.0,2026-10-06,35.290000915527344,2221999229.4552536,11.179,11.276620355168411,3.1294838173170283,3.1294838173170283,POSITIVE,1,,1.0,1
CAPR,400,usa,2026,Q2,2026-06-30,2026-08-14,equityusd,246218890.0,sharesbas -> shares_outstanding,58138989.0,2026-10-06,7.75,450577164.75,4.251,4.23500467130586,1.8299861751062236,1.8299861751062236,POSITIVE,1,,1.0,1
CAPS,401,usa,2026,Q2,2026-06-30,2026-08-12,equityusd,12420000.0,sharesbas -> shares_outstanding,20578551.0,2026-10-06,0.14000000059604645,2880997.152265772,0.982,0.603541036489887,0.23196434398275137,0.2319643439827514,POSITIVE,1,,1.0,1
CAR,402,usa,2026,Q2,2026-06-30,2026-07-29,equityusd,-3388000000.0,sharesbas -> shares_outstanding,35325754.0,2026-10-06,112.6500015258789,3979446242.002823,-95.907,-95.90736548751373,,,NEGATIVE,0,,1.0,0
CARG,403,usa,2026,Q2,2026-06-30,2026-08-06,equityusd,264356000.0,sharesbas -> shares_outstanding,89073478.0,2026-10-06,28.729999542236328,2559080982.1653976,2.933,2.9678418978991705,9.680434649356918,9.680434649356918,POSITIVE,1,,1.0,1
CARR,404,usa,2026,Q2,2026-06-30,2026-07-28,equityusd,13147000000.0,sharesbas -> shares_outstanding,824325057.0,2026-10-06,56.099998474121094,46244634439.87978,15.876,15.948805496519075,3.5175047113318465,3.5175047113318465,POSITIVE,1,,1.0,1
CARS,405,usa,2026,Q2,2026-06-30,2026-08-06,equityusd,443605000.0,sharesbas -> shares_outstanding,53532714.0,2026-10-06,9.449999809265137,505884137.0894451,7.94,8.286615171425831,1.1403932261571559,1.1403932261571559,POSITIVE,1,,1.0,1
CART,406,usa,2026,Q2,2026-06-30,2026-08-06,equityusd,2322000000.0,sharesbas -> shares_outstanding,231500067.0,2026-10-06,45.470001220703125,10526308329.082855,9.884,10.03023467807463,4.53329385404085,4.533293854040851,POSITIVE,1,,1.0,1
CASY,407,usa,2027,Q1,2026-07-31,2026-09-08,,,sharesbas -> shares_outstanding,36960167.0,2026-10-06,620.7999877929688,22944871222.426086,,,,,MISSING,0,sharefactor missing/nonunit,,0
CAT,408,usa,2026,Q2,2026-06-30,2026-08-05,equityusd,19394000000.0,sharesbas -> shares_outstanding,459674889.0,2026-10-06,863.4400024414062,396901687280.41315,42.124,42.1906883845465,20.465179296711,20.465179296711,POSITIVE,1,,1.0,1
CAVA,409,usa,2026,Q2,2026-07-12,2026-08-12,equityusd,841276000.0,sharesbas -> shares_outstanding,116806198.0,2026-10-06,52.63999938964844,6148678191.427155,7.215,7.202323287673485,7.308752646488375,7.308752646488376,POSITIVE,1,,1.0,1
CBL,410,usa,2026,Q2,2026-06-30,2026-08-07,equityusd,427436000.0,sharesbas -> shares_outstanding,30942757.0,2026-10-06,50.0,1547137850.0,14.144,13.813765851569077,3.619577784744383,3.619577784744383,POSITIVE,1,,1.0,1
CBRE,411,usa,2026,Q2,2026-06-30,2026-07-29,equityusd,8398000000.0,sharesbas -> shares_outstanding,289575298.0,2026-10-06,130.66000366210938,37835909497.13641,28.778,29.001092489594882,4.505347641954801,4.5053476419548,POSITIVE,1,,1.0,1
CBRL,412,usa,2026,Q4,2026-07-31,2026-09-25,,,sharesbas -> shares_outstanding,22352430.0,2026-10-06,56.31999969482422,1258888850.7785797,,,,,MISSING,0,sharefactor missing/nonunit,,0
CBT,413,usa,2026,Q3,2026-06-30,2026-08-04,equityusd,1605000000.0,sharesbas -> shares_outstanding,51631007.0,2026-10-06,77.11000061035156,3981266981.283066,31.105,31.085971265290254,2.4805401752542466,2.4805401752542466,POSITIVE,1,,1.0,1
CBUS,414,usa,2026,Q2,2026-06-30,2026-08-13,equityusd,14802000.0,sharesbas -> shares_outstanding,76428964.0,2026-10-06,1.5700000524520874,119993477.4888587,0.193,0.19367003326121232,8.106571915204615,8.106571915204615,POSITIVE,1,,1.0,1
CBZ,415,usa,2026,Q2,2026-06-30,2026-08-04,equityusd,1867732000.0,sharesbas -> shares_outstanding,54263879.0,2026-10-06,54.7400016784668,2970404827.540119,31.39,34.419433966377525,1.5903806475126618,1.590380647512662,POSITIVE,1,,1.0,1
CC,416,usa,2026,Q2,2026-06-30,2026-08-05,equityusd,-49000000.0,sharesbas -> shares_outstanding,150498995.0,2026-10-06,14.079999923706055,2119025838.117838,-0.326,-0.32558356951154394,,,NEGATIVE,0,,1.0,0
CCCC,417,usa,2026,Q2,2026-06-30,2026-08-11,equityusd,247265000.0,sharesbas -> shares_outstanding,123025136.0,2026-10-06,2.880000114440918,354312405.7591095,1.892,2.0098738196070762,1.4329258316345195,1.4329258316345197,POSITIVE,1,,1.0,1
CCI,418,usa,2026,Q2,2026-06-30,2026-08-05,equityusd,-3270000000.0,sharesbas -> shares_outstanding,425455439.0,2026-10-06,68.27999877929688,29050096855.565216,-7.552,-7.685881293904436,,,NEGATIVE,0,multi-class ownership validation required,1.0,0
CCK,419,usa,2026,Q2,2026-06-30,2026-07-30,equityusd,2867000000.0,sharesbas -> shares_outstanding,108760511.0,2026-10-06,107.69000244140625,11712419695.118591,26.361,26.360670556246284,4.085252771230761,4.085252771230761,POSITIVE,1,,1.0,1
CCL,420,usa,2026,Q3,2026-08-31,2026-09-29,,,sharesbas -> shares_outstanding,1344610129.0,2026-10-06,26.579999923706055,35739737126.23439,,,,,MISSING,0,sharefactor missing/nonunit; multi-class ownership validation required,,0
CCLD,421,usa,2026,Q2,2026-06-30,2026-08-06,equityusd,17402000.0,sharesbas -> shares_outstanding,42493859.0,2026-10-06,2.069999933242798,87962285.29322886,0.41,0.4095179964709724,5.05472274986949,5.05472274986949,POSITIVE,1,multi-class ownership validation required,1.0,0
CCO,422,usa,2026,Q2,2026-06-30,2026-08-05,equityusd,-3463520000.0,sharesbas -> shares_outstanding,509093845.0,2026-10-06,2.4000000953674316,1221825276.5509725,-6.803,-6.80330362273384,,,NEGATIVE,0,,1.0,0
CCOI,423,usa,2026,Q2,2026-06-30,2026-08-06,equityusd,-34130000.0,sharesbas -> shares_outstanding,51215736.0,2026-10-06,9.3100004196167,476818523.6509781,-0.712,-0.6663967496239828,,,NEGATIVE,0,,1.0,0
CCS,424,usa,2026,Q2,2026-06-30,2026-07-23,equityusd,2565751000.0,sharesbas -> shares_outstanding,28432900.0,2026-10-06,58.88999938964844,1674413463.645935,89.593,90.23880785990876,0.6526016997151848,0.6526016997151848,POSITIVE,1,,1.0,1
CCSI,425,usa,2026,Q2,2026-06-30,2026-08-07,equityusd,41566000.0,sharesbas -> shares_outstanding,18324922.0,2026-10-06,36.349998474121094,666110886.7383881,2.263,2.268277049146512,16.025378596410242,16.025378596410242,POSITIVE,1,,1.0,1
CDE,426,usa,2026,Q2,2026-06-30,2026-08-05,equityusd,10409504000.0,sharesbas -> shares_outstanding,1027934998.0,2026-10-06,17.170000076293945,17649643994.085217,10.127,10.12661697505507,1.6955316981563404,1.6955316981563402,POSITIVE,1,,1.0,1
CDLX,427,usa,2026,Q2,2026-06-30,2026-08-05,equityusd,-16004000.0,sharesbas -> shares_outstanding,5888716.0,2026-10-06,2.5999999046325684,15310661.03840828,-2.779,-2.717740166107518,,,NEGATIVE,0,,1.0,0
CDNA,428,usa,2026,Q2,2026-06-30,2026-07-30,equityusd,425598000.0,sharesbas -> shares_outstanding,51734223.0,2026-10-06,63.790000915527344,3300126132.534096,8.269,8.226623989307813,7.75409220093632,7.75409220093632,POSITIVE,1,,1.0,1
CDNS,429,usa,2026,Q2,2026-06-30,2026-07-29,equityusd,6857963000.0,sharesbas -> shares_outstanding,275393000.0,2026-10-06,359.54998779296875,99017549788.26904,25.033,24.90245939439274,14.438332459400707,14.438332459400705,POSITIVE,1,,1.0,1
CDP,430,usa,2026,Q2,2026-06-30,2026-08-03,equityusd,1528224000.0,sharesbas -> shares_outstanding,113410458.0,2026-10-06,33.68000030517578,3819664260.050125,13.475,13.47515940725678,2.4994138686803278,2.4994138686803278,POSITIVE,1,multi-class ownership validation required,1.0,0
CDRE,431,usa,2026,Q2,2026-06-30,2026-08-05,equityusd,346802000.0,sharesbas -> shares_outstanding,42820734.0,2026-10-06,25.5,1091928717.0,8.101,8.098927029134998,3.148565224537344,3.148565224537344,POSITIVE,1,,1.0,1
CDT,432,usa,2026,Q2,2026-06-30,2026-08-12,,,sharesbas -> shares_outstanding,31467.0,2026-10-06,0.9300000071525574,29264.310225069523,,,,,MISSING,0,sharefactor missing/nonunit; multi-class ownership validation required,,0
CDW,433,usa,2026,Q2,2026-06-30,2026-08-05,equityusd,2442100000.0,sharesbas -> shares_outstanding,125017426.0,2026-10-06,135.6699981689453,16961113956.506256,19.229,19.534076793422383,6.9452987005062266,6.9452987005062266,POSITIVE,1,,1.0,1
CDXS,434,usa,2026,Q2,2026-06-30,2026-08-11,equityusd,32958000.0,sharesbas -> shares_outstanding,109505765.0,2026-10-06,1.3600000143051147,148927841.96649253,0.362,0.30097045575637044,4.5187160011679275,4.518716001167927,POSITIVE,1,,1.0,1
CDZI,435,usa,2026,Q2,2026-06-30,2026-08-13,equityusd,4665000.0,sharesbas -> shares_outstanding,84677075.0,2026-10-06,3.5,296369762.5,0.055,0.055091652610815854,63.53049571275456,63.53049571275456,POSITIVE,1,multi-class ownership validation required,1.0,0
CE,436,usa,2026,Q2,2026-06-30,2026-08-05,equityusd,4167000000.0,sharesbas -> shares_outstanding,109748926.0,2026-10-06,44.849998474121094,4922239163.636429,37.959,37.968480894291396,1.1812428998407556,1.1812428998407556,POSITIVE,1,,1.0,1
CECO,437,usa,2026,Q2,2026-06-30,2026-08-10,equityusd,2075858000.0,sharesbas -> shares_outstanding,58569830.0,2026-10-06,75.44999694824219,4419093494.759064,47.93,35.442445368204076,2.128803364564948,2.128803364564948,POSITIVE,1,,1.0,1
CEG,438,usa,2026,Q2,2026-06-30,2026-08-06,equityusd,31941000000.0,sharesbas -> shares_outstanding,354307379.0,2026-10-06,300.3999938964844,106433934489.07938,88.725,90.15053564549103,3.3322042042853814,3.332204204285382,POSITIVE,1,,1.0,1
CELC,439,usa,2026,Q2,2026-06-30,2026-08-13,equityusd,-12781000.0,sharesbas -> shares_outstanding,48931908.0,2026-10-06,71.25,3486398445.0,-0.233,-0.26119970633477035,,,NEGATIVE,0,,1.0,0
CELH,440,usa,2026,Q2,2026-06-30,2026-08-06,equityusd,1199584000.0,sharesbas -> shares_outstanding,253035047.0,2026-10-06,27.290000915527344,6905326664.290504,4.708,4.740782015070031,5.756434450851716,5.756434450851716,POSITIVE,1,,1.0,1
CELU,441,usa,2026,Q1,2026-03-31,2026-09-29,,,sharesbas -> shares_outstanding,32449767.0,2026-10-06,1.5800000429153442,51270633.25259292,,,,,MISSING,0,sharefactor missing/nonunit; multi-class ownership validation required,,0
"CENT,CENTA",442,usa,2026,Q3,2026-06-27,2026-08-06,equityusd,1745670000.0,sharesbas -> shares_outstanding,62592598.0,,,,28.407,27.88939995748379,,,POSITIVE,0,multi-class ownership validation required,1.0,0
CENX,443,usa,2026,Q2,2026-06-30,2026-08-06,equityusd,1403100000.0,sharesbas -> shares_outstanding,98993295.0,2026-10-06,37.18000030517578,3680570738.310356,14.173,14.17368721790703,2.623170649497795,2.623170649497795,POSITIVE,1,,1.0,1
CERO,444,usa,2025,Q2,2025-06-30,2025-08-22,equityusd,-1633901.0,sharesbas -> shares_outstanding,1205402.0,2026-10-06,0.008999999612569809,10848.617532990873,-3.348,-1.3554822374610296,,,NEGATIVE,0,multi-class ownership validation required; fundamentals stale >180 days,1.0,0
CERS,445,usa,2026,Q2,2026-06-30,2026-07-30,equityusd,70024000.0,sharesbas -> shares_outstanding,201524898.0,2026-10-06,2.3399999141693115,471568244.02297926,0.349,0.34747071302326127,6.734380269950007,6.734380269950006,POSITIVE,1,,1.0,1
CERT,446,usa,2026,Q2,2026-06-30,2026-08-04,equityusd,966515000.0,sharesbas -> shares_outstanding,152538780.0,2026-10-06,9.270000457763672,1414034560.426712,6.262,6.3361920162204,1.463023916262771,1.463023916262771,POSITIVE,1,,1.0,1
CEVA,447,usa,2026,Q2,2026-06-30,2026-08-10,equityusd,340245000.0,sharesbas -> shares_outstanding,28154072.0,2026-10-06,36.16999816894531,1018332732.6883545,12.153,12.085107973013637,2.992939595551307,2.992939595551307,POSITIVE,1,,1.0,1
CF,448,usa,2026,Q2,2026-06-30,2026-08-06,equityusd,5748000000.0,sharesbas -> shares_outstanding,151338130.0,2026-10-06,116.0199966430664,17558249334.567947,37.422,37.98117500196415,3.0546710742115426,3.0546710742115426,POSITIVE,1,,1.0,1
CGC,449,usa,2027,Q1,2026-06-30,2026-08-07,equityusd,494139638.0,sharesbas -> shares_outstanding,423037675.0,2026-10-06,0.890999972820282,376926556.9269553,1.631,1.1680747772642235,0.7627936071927817,0.7627936071927816,POSITIVE,1,,1.0,1
CGEM,450,usa,2026,Q2,2026-06-30,2026-08-06,equityusd,321754000.0,sharesbas -> shares_outstanding,64354694.0,2026-10-06,16.25,1045763777.5,5.232,4.999697457966314,3.250196664221735,3.250196664221735,POSITIVE,1,,1.0,1
CGNX,451,usa,2026,Q2,2026-07-05,2026-08-06,equityusd,1629555000.0,sharesbas -> shares_outstanding,168223842.0,2026-10-06,66.3499984741211,11161651660.010788,9.738,9.68682548577151,6.849509013203475,6.849509013203474,POSITIVE,1,,1.0,1
CGON,452,usa,2026,Q2,2026-06-30,2026-08-06,equityusd,1029118000.0,sharesbas -> shares_outstanding,88640375.0,2026-10-06,63.63999938964844,5641073410.898209,11.668,11.610036622701562,5.481464138124305,5.481464138124305,POSITIVE,1,,1.0,1
CGTX,453,usa,2026,Q2,2026-06-30,2026-08-07,equityusd,33024000.0,sharesbas -> shares_outstanding,95093746.0,2026-10-06,0.9399999976158142,89388121.01327884,0.364,0.3472783583475616,2.706762385334267,2.706762385334267,POSITIVE,1,,1.0,1
CHCT,454,usa,2026,Q2,2026-06-30,2026-08-04,equityusd,414242000.0,sharesbas -> shares_outstanding,28653842.0,2026-10-06,13.630000114440918,390551869.739172,15.333,14.456769880981405,0.9428108925197638,0.9428108925197638,POSITIVE,1,,1.0,1
CHD,455,usa,2026,Q2,2026-06-30,2026-07-31,equityusd,4347800000.0,sharesbas -> shares_outstanding,237203907.0,2026-10-06,96.54000091552734,22899665398.946663,18.368,18.329377686009195,5.266954643485593,5.266954643485593,POSITIVE,1,,1.0,1
CHDN,456,usa,2026,Q2,2026-06-30,2026-07-29,equityusd,1341000000.0,sharesbas -> shares_outstanding,69700243.0,2026-10-06,78.20999908447266,5451255941.217522,19.157,19.23953120220829,4.0650678159713065,4.0650678159713065,POSITIVE,1,,1.0,1
CHE,457,usa,2026,Q2,2026-06-30,2026-07-31,equityusd,830510000.0,sharesbas -> shares_outstanding,13069961.0,2026-10-06,509.8399963378906,6663588868.376373,63.042,63.54341837745346,8.023490226940522,8.023490226940522,POSITIVE,1,,1.0,1
CHEF,458,usa,2026,Q2,2026-06-26,2026-07-29,equityusd,648235000.0,sharesbas -> shares_outstanding,40796083.0,2026-10-06,111.20999908447266,4536932353.0800705,16.651,15.889638228258335,6.998900634924172,6.998900634924172,POSITIVE,1,,1.0,1
CHGG,459,usa,2026,Q2,2026-06-30,2026-08-06,equityusd,118614000.0,sharesbas -> shares_outstanding,111027482.0,2026-10-06,0.7099999785423279,78829509.8376087,1.065,1.068330091463301,0.6645885800799964,0.6645885800799964,POSITIVE,1,,1.0,1
CHH,460,usa,2026,Q2,2026-06-30,2026-08-05,equityusd,142178000.0,sharesbas -> shares_outstanding,45008622.0,2026-10-06,103.05999755859375,4638588473.435669,3.159,3.1589058647474255,32.62521960806643,32.62521960806643,POSITIVE,1,,1.0,1
CHMI,461,usa,2026,Q2,2026-06-30,2026-08-10,equityusd,226443000.0,sharesbas -> shares_outstanding,36947394.0,2026-10-06,2.619999885559082,96802168.05170631,6.186,6.12879490228729,0.42749022072533177,0.4274902207253318,POSITIVE,1,multi-class ownership validation required,1.0,0
CHPT,462,usa,2027,Q2,2026-07-31,2026-09-04,equityusd,-36092000.0,sharesbas -> shares_outstanding,26850324.0,2026-10-06,8.670000076293945,232792311.12851715,-1.371,-1.3441923456864058,,,NEGATIVE,0,multi-class ownership validation required,1.0,0
CHRD,463,usa,2026,Q2,2026-06-30,2026-08-06,equityusd,8357339000.0,sharesbas -> shares_outstanding,54697872.0,2026-10-06,137.52999877929688,7522598269.390137,149.212,152.79093490145283,0.900118837992588,0.900118837992588,POSITIVE,1,,1.0,1
CHRS,464,usa,2026,Q2,2026-06-30,2026-08-05,equityusd,60838000.0,sharesbas -> shares_outstanding,154500966.0,2026-10-06,1.0299999713897705,159135990.5596919,0.393,0.39377100075866195,2.615733432389163,2.6157334323891632,POSITIVE,1,,1.0,1
CHRW,465,usa,2026,Q2,2026-06-30,2026-07-31,equityusd,1627690000.0,sharesbas -> shares_outstanding,116851258.0,2026-10-06,135.0500030517578,15780762749.50174,13.728,13.929589016491375,9.695189347788425,9.695189347788423,POSITIVE,1,,1.0,1
CHTR,466,usa,2026,Q2,2026-06-30,2026-07-24,equityusd,16952000000.0,sharesbas -> shares_outstanding,119277492.0,2026-10-06,108.63999938964844,12958306658.078796,141.124,142.12237125173624,0.7644116716658091,0.7644116716658091,POSITIVE,1,multi-class ownership validation required,1.0,0
CHWY,467,usa,2027,Q2,2026-08-02,2026-09-09,,,sharesbas -> shares_outstanding,401927249.0,2026-10-06,18.139999389648438,7290960051.543076,,,,,MISSING,0,sharefactor missing/nonunit,,0
CIEN,468,usa,2026,Q3,2026-08-01,2026-09-03,equityusd,3056738000.0,sharesbas -> shares_outstanding,141808525.0,2026-10-06,443.6499938964844,62913351250.71945,21.517,21.555389564908033,20.581859240379597,20.581859240379597,POSITIVE,1,,1.0,1
CIFR,469,usa,2026,Q2,2026-06-30,2026-08-04,equityusd,562057000.0,sharesbas -> shares_outstanding,415030722.0,2026-10-06,15.5,6432976191.0,1.373,1.3542539629150634,11.445416018304194,11.445416018304194,POSITIVE,1,multi-class ownership validation required,1.0,0
CIM,470,usa,2026,Q2,2026-06-30,2026-08-05,equityusd,2415626000.0,sharesbas -> shares_outstanding,83711818.0,2026-10-06,9.199999809265137,770148709.6332378,28.822,28.856451307747253,0.3188195149552281,0.3188195149552281,POSITIVE,1,multi-class ownership validation required,1.0,0
CING,471,usa,2026,Q2,2026-06-30,2026-08-13,equityusd,23467035.0,sharesbas -> shares_outstanding,14541826.0,2026-10-06,4.889999866485596,71109527.19845676,1.614,1.6137612291606296,3.0301879721258675,3.030187972125868,POSITIVE,1,multi-class ownership validation required,1.0,0
CISO,472,usa,2026,Q2,2026-06-30,2026-08-14,equityusd,12469654.0,sharesbas -> shares_outstanding,45525655.0,2026-10-06,0.20800000429153442,9469336.435374916,0.275,0.273903890015421,0.7593904718907931,0.7593904718907931,POSITIVE,1,,1.0,1
CL,473,usa,2026,Q2,2026-06-30,2026-07-31,equityusd,236000000.0,sharesbas -> shares_outstanding,797172829.0,2026-10-06,87.25,69553329330.25,0.296,0.2960462165977812,294.7174971620763,294.71749716207626,POSITIVE,1,,1.0,1
CLAR,474,usa,2026,Q2,2026-06-30,2026-08-06,equityusd,198072000.0,sharesbas -> shares_outstanding,38288155.0,2026-10-06,3.430000066757202,131328374.2060101,5.162,5.17319259703164,0.6630335141060327,0.6630335141060326,POSITIVE,1,,1.0,1
CLB,475,usa,2026,Q2,2026-06-30,2026-07-30,equityusd,272669000.0,sharesbas -> shares_outstanding,45884542.0,2026-10-06,10.300000190734863,472610791.35178185,5.924,5.942502379123671,1.7332765783854482,1.7332765783854485,POSITIVE,1,,1.0,1
CLDT,476,usa,2026,Q2,2026-06-30,2026-08-04,equityusd,721689000.0,sharesbas -> shares_outstanding,46565614.0,2026-10-06,13.710000038146973,638414569.7163372,15.476,15.498324579162642,0.8846117506520637,0.8846117506520637,POSITIVE,1,multi-class ownership validation required,1.0,0
CLDX,477,usa,2026,Q2,2026-06-30,2026-08-06,equityusd,714564000.0,sharesbas -> shares_outstanding,78529532.0,2026-10-06,31.010000228881836,2435200805.2939835,9.18,9.099302922115976,3.407953388771311,3.4079533887713116,POSITIVE,1,,1.0,1
CLF,478,usa,2026,Q2,2026-06-30,2026-07-23,equityusd,5604000000.0,sharesbas -> shares_outstanding,570540047.0,2026-10-06,12.25,6989115575.75,9.822,9.822272826363054,1.2471655202980014,1.2471655202980014,POSITIVE,1,,1.0,1
CLFD,479,usa,2026,Q3,2026-06-30,2026-08-06,equityusd,245920000.0,sharesbas -> shares_outstanding,13583955.0,2026-10-06,33.7400016784668,458322664.50021744,18.093,18.103711327076688,1.8637063455604157,1.8637063455604157,POSITIVE,1,,1.0,1
CLH,480,usa,2026,Q2,2026-06-30,2026-07-29,equityusd,2928422000.0,sharesbas -> shares_outstanding,52787248.0,2026-10-06,318.05999755859375,16789511970.004883,55.456,55.475936157914504,5.733296625283133,5.733296625283133,POSITIVE,1,,1.0,1
CLMT,481,usa,2026,Q2,2026-06-30,2026-08-07,equityusd,-1137100000.0,sharesbas -> shares_outstanding,87898234.0,2026-10-06,56.209999084472656,4940759652.666763,-12.983,-12.936551148456521,,,NEGATIVE,0,,1.0,0
CLNE,482,usa,2026,Q2,2026-06-30,2026-08-06,equityusd,553332000.0,sharesbas -> shares_outstanding,220445015.0,2026-10-06,1.559999942779541,343894210.78603506,2.512,2.510068100201767,0.6214970592447845,0.6214970592447845,POSITIVE,1,,1.0,1
CLOV,483,usa,2026,Q2,2026-06-30,2026-08-07,equityusd,376257000.0,sharesbas -> shares_outstanding,531156263.0,2026-10-06,4.599999904632568,2443318759.1449914,0.718,0.7083734603351557,6.49374964225248,6.49374964225248,POSITIVE,1,multi-class ownership validation required,1.0,0
CLPT,484,usa,2026,Q2,2026-06-30,2026-08-03,equityusd,10776000.0,sharesbas -> shares_outstanding,30504227.0,2026-10-06,11.010000228881836,335851546.2518635,0.357,0.35326251669973474,31.166624559378572,31.166624559378572,POSITIVE,1,,1.0,1
CLRB,485,usa,2026,Q2,2026-06-30,2026-08-13,equityusd,29871833.0,sharesbas -> shares_outstanding,9452108.0,2026-10-06,1.5099999904632568,14272682.989857674,2.442,3.160335556893764,0.4777973614761998,0.4777973614761998,POSITIVE,1,multi-class ownership validation required,1.0,0
CLRO,486,usa,2026,Q2,2026-06-30,2026-08-14,equityusd,-381000.0,sharesbas -> shares_outstanding,2675412.0,2026-10-06,4.050000190734863,10835419.110294342,-0.142,-0.14240797305237474,,,NEGATIVE,0,,1.0,0
CLS,487,usa,2026,Q2,2026-06-30,2026-07-27,equityusd,2479600000.0,sharesbas -> shares_outstanding,114982086.0,2026-10-06,388.239990234375,44640643945.76807,21.562,21.565098410199308,18.00316339158254,18.00316339158254,POSITIVE,1,ADR ownership/ratio validation required,1.0,0
CLVT,488,usa,2026,Q2,2026-06-30,2026-07-29,equityusd,4537500000.0,sharesbas -> shares_outstanding,639664003.0,2026-10-06,1.4700000286102295,940306102.7109339,7.096,7.093567839864829,0.20722999508780915,0.20722999508780912,POSITIVE,1,ADR ownership/ratio validation required; multi-class ownership validation required,1.0,0
CLW,489,usa,2026,Q2,2026-06-30,2026-07-28,equityusd,794100000.0,sharesbas -> shares_outstanding,16127764.0,2026-10-06,19.81999969482422,319652277.558197,49.243,49.238071688052976,0.4025340354592583,0.4025340354592583,POSITIVE,1,,1.0,1
CLX,490,usa,2026,Q4,2026-06-30,2026-08-07,equityusd,90000000.0,sharesbas -> shares_outstanding,120931005.0,2026-10-06,83.5199966430664,10100157131.642647,0.741,0.7442260154870953,112.22396812936275,112.22396812936275,POSITIVE,1,,1.0,1
CLYM,491,usa,2026,Q2,2026-06-30,2026-08-06,equityusd,239547000.0,sharesbas -> shares_outstanding,57436255.0,2026-10-06,10.680000305175781,613419220.928154,3.146,4.170658410789492,2.560746830175932,2.560746830175932,POSITIVE,1,,1.0,1
CMC,492,usa,2026,Q3,2026-05-31,2026-06-29,equityusd,4531867000.0,sharesbas -> shares_outstanding,110624335.0,2026-10-06,64.91000366210938,7180625989.968414,40.884,40.96627563908068,1.5844741229097001,1.5844741229097001,POSITIVE,1,,1.0,1
CMCO,493,usa,2027,Q1,2026-06-30,2026-07-30,equityusd,1367043000.0,sharesbas -> shares_outstanding,28864244.0,2026-10-06,17.020000457763672,491269446.0930023,47.478,47.361122640177236,0.35936649110013535,0.35936649110013535,POSITIVE,1,,1.0,1
CMCSA,494,usa,2026,Q2,2026-06-30,2026-07-23,equityusd,89763000000.0,sharesbas -> shares_outstanding,3548636573.0,2026-10-06,21.559999465942383,76508602618.70361,25.295,25.29506703587705,0.8523400801967804,0.8523400801967805,POSITIVE,1,multi-class ownership validation required,1.0,0
CMCT,495,usa,2026,Q2,2026-06-30,2026-08-14,equityusd,245266000.0,sharesbas -> shares_outstanding,2947493.0,2026-10-06,3.6700000762939453,10817299.53487587,90.105,83.21173281836462,0.044104358267659884,0.044104358267659884,POSITIVE,1,multi-class ownership validation required,1.0,0
CME,496,usa,2026,Q2,2026-06-30,2026-07-24,equityusd,26520400000.0,sharesbas -> shares_outstanding,359577412.0,2026-10-06,270.17999267578125,97150622540.53638,73.528,73.75435473683203,3.6632412233803553,3.6632412233803553,POSITIVE,1,,1.0,1
CMG,497,usa,2026,Q2,2026-06-30,2026-07-31,equityusd,2199791000.0,sharesbas -> shares_outstanding,1265418000.0,2026-10-06,30.899999618530273,39101415717.28134,1.722,1.73839079260766,17.775059411226493,17.775059411226493,POSITIVE,1,,1.0,1
CMI,498,usa,2026,Q2,2026-06-30,2026-08-04,equityusd,12847000000.0,sharesbas -> shares_outstanding,137664487.0,2026-10-06,535.3099975585938,73693176199.87506,93.162,93.32109013706636,5.73621671984705,5.736216719847051,POSITIVE,1,,1.0,1
CMP,499,usa,2026,Q3,2026-06-30,2026-08-06,equityusd,263500000.0,sharesbas -> shares_outstanding,41980874.0,2026-10-06,22.700000762939453,952965871.828865,6.237,6.276667798769506,3.61656877354408,3.61656877354408,POSITIVE,1,,1.0,1
CMPR,500,usa,2026,Q4,2026-06-30,2026-08-07,equityusd,-493985000.0,sharesbas -> shares_outstanding,24349476.0,2026-10-06,73.6500015258789,1793338944.5543518,-20.336,-20.287294888809928,,,NEGATIVE,0,,1.0,0
CMPS,501,usa,2026,Q2,2026-06-30,2026-08-05,equityusd,84533000.0,sharesbas -> shares_outstanding,138476822.0,2026-10-06,11.5600004196167,1600792120.427187,0.626,0.6104487291021164,18.936889977017106,18.936889977017106,POSITIVE,1,,1.0,1
CMPX,502,usa,2026,Q2,2026-06-30,2026-08-06,equityusd,166049000.0,sharesbas -> shares_outstanding,180087915.0,2026-10-06,0.9980000257492065,179727743.80712092,0.889,0.9220441027372659,1.0823777548020217,1.082377754802022,POSITIVE,1,,1.0,1
CMRC,503,usa,2026,Q2,2026-06-30,2026-08-06,equityusd,51629000.0,sharesbas -> shares_outstanding,82858991.0,2026-10-06,3.2100000381469727,265977364.27081966,0.625,0.6230947224544408,5.1517047448298365,5.151704744829837,POSITIVE,1,,1.0,1
CMS,504,usa,2026,Q2,2026-06-30,2026-07-28,equityusd,9774000000.0,sharesbas -> shares_outstanding,313577136.0,2026-10-06,65.06999969482422,20404464143.823853,31.169,31.16936433783871,2.0876267796013765,2.0876267796013765,POSITIVE,1,multi-class ownership validation required,1.0,0
CMTG,505,usa,2026,Q2,2026-06-30,2026-07-29,equityusd,1237982000.0,sharesbas -> shares_outstanding,141084206.0,2026-10-06,1.2100000381469727,170711894.64193535,8.754,8.77477383967416,0.13789529624981248,0.13789529624981248,POSITIVE,1,,1.0,1
CMTL,506,usa,2026,Q3,2026-04-30,2026-06-15,equityusd,52494000.0,sharesbas -> shares_outstanding,29961431.0,2026-10-06,1.25,37451788.75,1.748,1.7520524970920115,0.7134489417838229,0.7134489417838229,POSITIVE,1,,1.0,1
CNC,507,usa,2026,Q2,2026-06-30,2026-07-28,equityusd,22562000000.0,sharesbas -> shares_outstanding,493995000.0,2026-10-06,64.61000061035156,31917017251.51062,45.689,45.672527049868926,1.4146359920002933,1.4146359920002933,POSITIVE,1,,1.0,1
CNDT,508,usa,2026,Q2,2026-06-30,2026-08-10,equityusd,526000000.0,sharesbas -> shares_outstanding,155520800.0,2026-10-06,1.6200000047683716,251943696.74158096,3.382,3.3821842480234157,0.47898041205623754,0.4789804120562376,POSITIVE,1,,1.0,1
CNH,509,usa,2026,Q2,2026-06-30,2026-08-03,equityusd,7756000000.0,sharesbas -> shares_outstanding,1608183308.0,2026-10-06,13.270000457763672,21340593233.327896,6.265,4.822833293578745,2.7514947438535193,2.7514947438535193,POSITIVE,1,,1.0,1
CNK,510,usa,2026,Q2,2026-06-30,2026-07-30,equityusd,495700000.0,sharesbas -> shares_outstanding,115911855.0,2026-10-06,35.279998779296875,4089370102.9060364,4.303,4.276525468425986,8.249687518470923,8.249687518470923,POSITIVE,1,,1.0,1
CNM,511,usa,2027,Q2,2026-08-02,2026-09-09,,,sharesbas -> shares_outstanding,190494050.0,2026-10-06,42.099998474121094,8019799214.329147,,,,,MISSING,0,sharefactor missing/nonunit,,0
CNMD,512,usa,2026,Q2,2026-06-30,2026-07-29,equityusd,1041390000.0,sharesbas -> shares_outstanding,29951248.0,2026-10-06,44.47999954223633,1332231497.3294067,34.633,34.76950275995177,1.2792820147393453,1.2792820147393453,POSITIVE,1,,1.0,1
CNNE,513,usa,2026,Q2,2026-06-30,2026-08-10,equityusd,957600000.0,sharesbas -> shares_outstanding,43374227.0,2026-10-06,15.5,672300518.5,22.014,22.07762688197302,0.7020682106307435,0.7020682106307435,POSITIVE,1,,1.0,1
CNP,514,usa,2026,Q2,2026-06-30,2026-07-28,equityusd,11720000000.0,sharesbas -> shares_outstanding,658720288.0,2026-10-06,38.560001373291016,25400255209.894653,17.839,17.792073833924483,2.167257270468827,2.167257270468827,POSITIVE,1,multi-class ownership validation required,1.0,0
CNR,515,usa,2026,Q2,2026-06-30,2026-08-06,equityusd,3718877000.0,sharesbas -> shares_outstanding,49636257.0,2026-10-06,90.20999908447266,4477686698.526649,74.923,74.92259136300305,1.2040426985153447,1.2040426985153447,POSITIVE,1,,1.0,1
CNVS,516,usa,2027,Q1,2026-06-30,2026-08-13,equityusd,40076000.0,sharesbas -> shares_outstanding,23771387.0,2026-10-06,1.9299999475479126,45878775.66314113,1.939,1.68589237136226,1.1447942824418886,1.1447942824418886,POSITIVE,1,,1.0,1
CNX,517,usa,2026,Q2,2026-06-30,2026-07-30,equityusd,4843809000.0,sharesbas -> shares_outstanding,147943637.0,2026-10-06,33.2400016784668,4917646742.1984825,32.741,32.74090794455729,1.0152437352914787,1.0152437352914787,POSITIVE,1,,1.0,1
CNXC,518,usa,2026,Q2,2026-05-31,2026-07-02,equityusd,2701286000.0,sharesbas -> shares_outstanding,61018350.0,2026-10-06,24.84000015258789,1515695823.3106613,44.393,44.270059744322815,0.5611015728473998,0.5611015728473998,POSITIVE,1,,1.0,1
CNXN,519,usa,2026,Q2,2026-06-30,2026-07-29,equityusd,952650000.0,sharesbas -> shares_outstanding,25238099.0,2026-10-06,92.38999938964844,2331747951.205887,37.765,37.7465038075966,2.4476438893674346,2.447643889367435,POSITIVE,1,,1.0,1
COCH,520,usa,2026,Q2,2026-06-30,2026-08-10,equityusd,3303000.0,sharesbas -> shares_outstanding,77194595.0,2026-10-06,0.6510000228881836,50253683.11184406,0.032,0.04278796980539894,15.21455740594734,15.214557405947339,POSITIVE,1,multi-class ownership validation required,1.0,0
COCO,521,usa,2026,Q2,2026-06-30,2026-07-23,equityusd,400904000.0,sharesbas -> shares_outstanding,57397082.0,2026-10-06,54.47999954223633,3126993001.085701,7.003,6.984745322070554,7.799854830796652,7.799854830796652,POSITIVE,1,,1.0,1
CODI,522,usa,2026,Q2,2026-06-30,2026-08-10,equityusd,472560000.0,sharesbas -> shares_outstanding,75235966.0,2026-10-06,11.020000457763672,829100379.760292,6.281,6.281038512883585,1.7544870064336637,1.7544870064336635,POSITIVE,1,multi-class ownership validation required,1.0,0
COGT,523,usa,2026,Q2,2026-06-30,2026-08-10,equityusd,532388000.0,sharesbas -> shares_outstanding,173524982.0,2026-10-06,30.3799991607666,5271688807.53204,3.113,3.0680769642724988,9.901967751962928,9.901967751962928,POSITIVE,1,,1.0,1
COHR,524,usa,2026,Q4,2026-06-30,2026-08-14,equityusd,10903495000.0,sharesbas -> shares_outstanding,195832246.0,2026-10-06,338.3599853515625,66261795887.923584,55.678,55.677730418309146,6.0771152633099375,6.0771152633099375,POSITIVE,1,multi-class ownership validation required,1.0,0
COHU,525,usa,2026,Q2,2026-06-27,2026-07-31,equityusd,774588000.0,sharesbas -> shares_outstanding,47338433.0,2026-10-06,73.0999984741211,3460439380.0672836,16.366,16.362772295398962,4.467458029387602,4.467458029387601,POSITIVE,1,,1.0,1
COIN,526,usa,2026,Q2,2026-06-30,2026-07-30,equityusd,13079665000.0,sharesbas -> shares_outstanding,263836923.0,2026-10-06,185.74000549316406,49005071527.3195,49.655,49.574808754118166,3.746661059539331,3.746661059539331,POSITIVE,1,,1.0,1
COKE,527,usa,2026,Q2,2026-07-03,2026-08-05,equityusd,-500130000.0,sharesbas -> shares_outstanding,66564294.0,2026-10-06,194.61000061035156,12954077295.96762,-7.514,-7.513487636479702,,,NEGATIVE,0,,1.0,0
COLD,528,usa,2026,Q2,2026-06-30,2026-08-06,equityusd,2414506000.0,sharesbas -> shares_outstanding,285480551.0,2026-10-06,13.859999656677246,3956760338.848031,8.416,8.45768999514086,1.6387452915205143,1.6387452915205143,POSITIVE,1,,1.0,1
COLL,529,usa,2026,Q2,2026-06-30,2026-08-06,equityusd,311909000.0,sharesbas -> shares_outstanding,32555613.0,2026-10-06,21.8799991607666,712316785.1182423,9.609,9.580805620216704,2.2837327076751306,2.2837327076751306,POSITIVE,1,,1.0,1
COLM,530,usa,2026,Q2,2026-06-30,2026-08-06,equityusd,1601602000.0,sharesbas -> shares_outstanding,51193194.0,2026-10-06,57.45000076293945,2941049034.3573074,31.3,31.28544782730298,1.8363170340429815,1.8363170340429815,POSITIVE,1,,1.0,1
COMP,531,usa,2026,Q2,2026-06-30,2026-08-06,equityusd,2979000000.0,sharesbas -> shares_outstanding,757522197.0,2026-10-06,9.289999961853027,7037381181.232821,3.93,3.9325580316955384,2.36233003733898,2.36233003733898,POSITIVE,1,,1.0,1
COO,532,usa,2026,Q3,2026-07-31,2026-09-09,,,sharesbas -> shares_outstanding,190155294.0,2026-10-06,56.43000030517578,10730463298.45079,,,,,MISSING,0,sharefactor missing/nonunit,,0
COOK,533,usa,2026,Q2,2026-06-30,2026-08-06,equityusd,167289000.0,sharesbas -> shares_outstanding,2798224.0,2026-10-06,51.060001373291016,142877321.28277588,60.869,59.783991560361144,0.8540748123473503,0.8540748123473503,POSITIVE,1,,1.0,1
COP,534,usa,2026,Q2,2026-06-30,2026-08-06,equityusd,65349000000.0,sharesbas -> shares_outstanding,1201337479.0,2026-10-06,129.35000610351562,155393010241.03207,53.854,54.39687110602499,2.377894233133362,2.377894233133362,POSITIVE,1,,1.0,1
COR,535,usa,2026,Q3,2026-06-30,2026-08-05,equityusd,3050958000.0,sharesbas -> shares_outstanding,190827165.0,2026-10-06,316.3699951171875,60371989259.27673,15.796,15.988069623106332,19.787879498595764,19.787879498595764,POSITIVE,1,,1.0,1
CORT,536,usa,2026,Q2,2026-06-30,2026-07-29,equityusd,705776000.0,sharesbas -> shares_outstanding,108098397.0,2026-10-06,119.56999969482422,12925325296.300987,6.698,6.5290144866810556,18.313636757697893,18.313636757697893,POSITIVE,1,,1.0,1
CORZ,537,usa,2026,Q2,2026-06-30,2026-07-28,equityusd,-2419356000.0,sharesbas -> shares_outstanding,321340441.0,2026-10-06,16.68000030517578,5359958653.94532,-7.437,-7.528949647517289,,,NEGATIVE,0,multi-class ownership validation required,1.0,0
COSM,538,usa,2026,Q2,2026-06-30,2026-08-18,equityusd,20674483.0,sharesbas -> shares_outstanding,100633773.0,2026-10-06,0.3199999928474426,32202806.640211165,0.345,0.2054427890724121,1.5576112176643626,1.5576112176643626,POSITIVE,1,,1.0,1
COST,539,usa,2026,Q3,2026-05-10,2026-06-03,equityusd,33509000000.0,sharesbas -> shares_outstanding,443478804.0,2026-10-06,935.6799926757812,414954244078.5842,75.484,75.55941726585877,12.383366978381458,12.383366978381456,POSITIVE,1,,1.0,1
COTY,540,usa,2026,Q4,2026-06-30,2026-08-20,equityusd,2989700000.0,sharesbas -> shares_outstanding,880686464.0,2026-10-06,2.7899999618530273,2457115200.9644775,3.397,3.394738220933983,0.821860120067056,0.8218601200670561,POSITIVE,1,,1.0,1
COUR,541,usa,2026,Q2,2026-06-30,2026-08-05,equityusd,1167000000.0,sharesbas -> shares_outstanding,264399999.0,2026-10-06,5.119999885559082,1353727964.6218214,5.0,4.413767036360692,1.1600068248687416,1.1600068248687416,POSITIVE,1,,1.0,1
CP,542,usa,2026,Q2,2026-06-30,2026-07-29,equityusd,33304285714.0,sharesbas -> shares_outstanding,879079224.0,2026-10-06,85.43000030517578,75099738374.59369,52.602,37.885420113170596,2.2549571853758237,2.2549571853758237,POSITIVE,1,,1.0,1
CPAY,543,usa,2026,Q2,2026-06-30,2026-08-07,equityusd,3541884000.0,sharesbas -> shares_outstanding,65659599.0,2026-10-06,406.7900085449219,26709668838.266144,54.04,53.94312566544916,7.541090797515149,7.541090797515149,POSITIVE,1,,1.0,1
CPB,544,usa,2026,Q4,2026-08-02,2026-09-24,,,sharesbas -> shares_outstanding,298234693.0,2026-10-06,19.0,5666459167.0,,,,,MISSING,0,sharefactor missing/nonunit,,0
CPIX,545,usa,2026,Q2,2026-06-30,2026-08-07,equityusd,17438013.0,sharesbas -> shares_outstanding,14983107.0,2026-10-06,7.139999866485596,106979381.9795394,1.164,1.1638449221513267,6.134837838436031,6.13483783843603,POSITIVE,1,,1.0,1
CPK,546,usa,2026,Q2,2026-06-30,2026-08-06,equityusd,1673400000.0,sharesbas -> shares_outstanding,24106455.0,2026-10-06,128.0800018310547,3087554800.5402374,69.563,69.41709181213082,1.8450787621251568,1.8450787621251568,POSITIVE,1,,1.0,1
CPNG,547,usa,2026,Q2,2026-06-30,2026-08-04,equityusd,2987000000.0,sharesbas -> shares_outstanding,1797511702.0,2026-10-06,14.420000076293945,25920118879.97926,1.66,1.6617416157438736,8.677642745222382,8.677642745222384,POSITIVE,1,,1.0,1
CPRI,548,usa,2027,Q1,2026-06-27,2026-08-05,equityusd,138000000.0,sharesbas -> shares_outstanding,113651618.0,2026-10-06,14.670000076293945,1667269244.7309303,1.196,1.2142370027675278,12.081661193702393,12.081661193702393,POSITIVE,1,,1.0,1
CPRT,549,usa,2026,Q4,2026-07-31,2026-09-29,,,sharesbas -> shares_outstanding,926330452.0,2026-10-06,26.81999969482422,24844182439.94638,,,,,MISSING,0,sharefactor missing/nonunit,,0
CPS,550,usa,2026,Q2,2026-06-30,2026-08-06,equityusd,-130567000.0,sharesbas -> shares_outstanding,17769208.0,2026-10-06,22.190000534057617,394298735.0097809,-7.348,-7.347935822463218,,,NEGATIVE,0,,1.0,0
CPT,551,usa,2026,Q2,2026-06-30,2026-07-31,equityusd,3802124000.0,sharesbas -> shares_outstanding,100539350.0,2026-10-06,97.6500015258789,9817667680.910873,37.151,37.81727254055253,2.5821534702473863,2.5821534702473863,POSITIVE,1,,1.0,1
CQP,552,usa,2026,Q2,2026-06-30,2026-08-06,equityusd,754000000.0,sharesbas -> shares_outstanding,484057704.0,2026-10-06,63.970001220703125,30965171915.770752,1.558,1.5576655298931055,41.06786726229543,41.06786726229543,POSITIVE,1,,1.0,1
CR,553,usa,2026,Q2,2026-06-30,2026-07-31,equityusd,2177600000.0,sharesbas -> shares_outstanding,57800356.0,2026-10-06,208.9199981689453,12075650269.684387,37.74,37.67450844074386,5.54539413560084,5.545394135600839,POSITIVE,1,,1.0,1
CRBP,554,usa,2026,Q2,2026-06-30,2026-08-06,equityusd,102240000.0,sharesbas -> shares_outstanding,19341293.0,2026-10-06,5.78000020980835,111792677.59796476,5.268,5.286099538433134,1.093433857570078,1.093433857570078,POSITIVE,1,,1.0,1
CRBU,555,usa,2026,Q2,2026-06-30,2026-08-13,equityusd,98102000.0,sharesbas -> shares_outstanding,107207513.0,2026-10-06,1.1349999904632568,121680526.23258948,0.971,0.9150664655377277,1.240347049322027,1.240347049322027,POSITIVE,1,,1.0,1
CRC,556,usa,2026,Q2,2026-06-30,2026-08-10,equityusd,3402000000.0,sharesbas -> shares_outstanding,88819893.0,2026-10-06,52.470001220703125,4660379894.132721,38.311,38.30223033481925,1.3698941487750502,1.3698941487750502,POSITIVE,1,,1.0,1
CRCT,557,usa,2026,Q2,2026-06-30,2026-08-04,equityusd,368191000.0,sharesbas -> shares_outstanding,209444416.0,2026-10-06,6.380000114440918,1336255398.0490112,1.757,1.7579413528026453,3.6292451419209355,3.6292451419209355,POSITIVE,1,,1.0,1
CRDF,558,usa,2026,Q2,2026-06-30,2026-08-11,equityusd,26532000.0,sharesbas -> shares_outstanding,77795249.0,2026-10-06,1.0700000524520874,83240920.5105232,0.388,0.3410491044253872,3.137378279455872,3.137378279455872,POSITIVE,1,multi-class ownership validation required,1.0,0
CRDO,559,usa,2027,Q1,2026-08-01,2026-09-02,equityusd,2728490000.0,sharesbas -> shares_outstanding,187951918.0,2026-10-06,220.8300018310547,41505422396.09024,14.669,14.516957469941861,15.211865316013707,15.211865316013707,POSITIVE,1,,1.0,1
CRGY,560,usa,2026,Q2,2026-06-30,2026-08-03,equityusd,5151952000.0,sharesbas -> shares_outstanding,330403696.0,2026-10-06,13.619999885559082,4500098301.708298,15.599,15.592900631474777,0.8734744232299326,0.8734744232299326,POSITIVE,1,,1.0,1
CRH,561,usa,2026,Q2,2026-06-30,2026-07-30,equityusd,24035000000.0,sharesbas -> shares_outstanding,665284511.0,2026-10-06,83.5999984741211,55617784104.4564,36.024,36.127400537061355,2.3140330395030744,2.314033039503075,POSITIVE,1,ADR ownership/ratio validation required,1.0,0
CRI,562,usa,2026,Q2,2026-07-04,2026-07-31,equityusd,1027323000.0,sharesbas -> shares_outstanding,36711185.0,2026-10-06,33.83000183105469,1241939455.7701874,27.984,27.98392370063783,1.2089084501857617,1.2089084501857619,POSITIVE,1,,1.0,1
CRK,563,usa,2026,Q2,2026-06-30,2026-07-30,equityusd,2579137000.0,sharesbas -> shares_outstanding,293620548.0,2026-10-06,13.649999618530273,4007920368.19265,8.844,8.783911812602435,1.55397730643725,1.5539773064372502,POSITIVE,1,,1.0,1
CRL,564,usa,2026,Q2,2026-06-27,2026-08-05,equityusd,2839636000.0,sharesbas -> shares_outstanding,47738872.0,2026-10-06,304.9599914550781,14558445997.195068,59.133,59.48267902098734,5.126870485229469,5.126870485229469,POSITIVE,1,,1.0,1
CRM,565,usa,2027,Q2,2026-07-31,2026-08-27,equityusd,38378000000.0,sharesbas -> shares_outstanding,823000000.0,2026-10-06,224.99000549316406,185166774520.87402,46.802,46.6318347509113,4.82481563710652,4.82481563710652,POSITIVE,1,,1.0,1
CRMD,566,usa,2026,Q2,2026-06-30,2026-08-13,equityusd,460833000.0,sharesbas -> shares_outstanding,77944324.0,2026-10-06,7.28000020980835,567434695.07337,5.875,5.912335579432313,1.2313239179341975,1.2313239179341975,POSITIVE,1,,1.0,1
CRMT,567,usa,2027,Q1,2026-07-31,2026-09-09,,,sharesbas -> shares_outstanding,8338478.0,2026-10-06,1.0700000524520874,8922171.897370577,,,,,MISSING,0,sharefactor missing/nonunit,,0
CRNC,568,usa,2026,Q3,2026-06-30,2026-08-06,equityusd,166354000.0,sharesbas -> shares_outstanding,45230257.0,2026-10-06,8.069999694824219,365008160.186821,3.682,3.677936209825206,2.1941652150643867,2.1941652150643867,POSITIVE,1,,1.0,1
CRNX,569,usa,2026,Q2,2026-06-30,2026-08-03,equityusd,1191962000.0,sharesbas -> shares_outstanding,106065229.0,2026-09-02,84.94999694824219,9010240879.864609,11.292,11.238009018016639,7.559167892822598,7.559167892822598,POSITIVE,1,price stale >3 days,1.0,0
CRON,570,usa,2026,Q2,2026-06-30,2026-08-06,equityusd,1068672000.0,sharesbas -> shares_outstanding,368412864.0,2026-10-06,3.2850000858306885,1210236289.8611298,2.901,2.9007456156579807,1.1324674828770005,1.1324674828770005,POSITIVE,1,,1.0,1
CROX,571,usa,2026,Q2,2026-06-30,2026-07-30,equityusd,1384674000.0,sharesbas -> shares_outstanding,47945075.0,2026-10-06,120.22000122070312,5763956975.026703,28.192,28.880422024577083,4.162681595109537,4.162681595109537,POSITIVE,1,,1.0,1
CRS,572,usa,2026,Q4,2026-06-30,2026-08-12,equityusd,2227600000.0,sharesbas -> shares_outstanding,49558566.0,2026-10-06,395.7099914550781,19610819728.385925,44.821,44.94883891515344,8.803564252283142,8.803564252283142,POSITIVE,1,,1.0,1
CRSP,573,usa,2026,Q2,2026-06-30,2026-08-03,equityusd,1746551000.0,sharesbas -> shares_outstanding,96692653.0,2026-10-06,54.0,5221403262.0,18.096,18.06291321844277,2.9895509847694113,2.9895509847694113,POSITIVE,1,,1.0,1
CRSR,574,usa,2026,Q2,2026-06-30,2026-08-06,equityusd,664854000.0,sharesbas -> shares_outstanding,108176959.0,2026-10-06,13.640000343322754,1475533757.8996115,6.193,6.145985301731398,2.219335008738176,2.2193350087381765,POSITIVE,1,,1.0,1
CRTO,575,usa,2026,Q2,2026-06-30,2026-08-05,equityusd,1127515000.0,sharesbas -> shares_outstanding,48997559.0,2026-10-06,14.800000190734863,725163882.5455427,22.703,23.01165656027885,0.6431523150871985,0.6431523150871986,POSITIVE,1,,1.0,1
CRUS,576,usa,2027,Q1,2026-06-27,2026-08-05,equityusd,2189131000.0,sharesbas -> shares_outstanding,50117561.0,2026-10-06,118.87000274658203,5957474613.7219925,43.306,43.6799189010814,2.721387899455077,2.721387899455077,POSITIVE,1,,1.0,1
CRVO,577,usa,2026,Q2,2026-06-30,2026-08-07,equityusd,22960297.0,sharesbas -> shares_outstanding,15119096.0,2026-10-06,3.3399999141693115,50497779.34231758,2.241,1.51862895771017,2.1993521835679033,2.1993521835679033,POSITIVE,1,,1.0,1
CRVS,578,usa,2026,Q2,2026-06-30,2026-08-06,equityusd,225328000.0,sharesbas -> shares_outstanding,84120944.0,2026-10-06,10.5600004196167,888317203.9385529,2.439,2.6786194886258055,3.9423294217254528,3.9423294217254528,POSITIVE,1,,1.0,1
CRWD,579,usa,2027,Q2,2026-07-31,2026-08-27,equityusd,5101724000.0,sharesbas -> shares_outstanding,1023934842.0,2026-10-06,278.8599853515625,285534455041.07446,5.004,4.982469382558622,55.96822859117319,55.968228591173194,POSITIVE,1,,1.0,1
CSCO,580,usa,2026,Q4,2026-07-25,2026-09-02,equityusd,50285000000.0,sharesbas -> shares_outstanding,3942586873.0,2026-10-06,117.94000244140625,464988705427.07623,12.73,12.754316295315276,9.247065833291762,9.247065833291762,POSITIVE,1,,1.0,1
CSGP,581,usa,2026,Q2,2026-06-30,2026-07-29,equityusd,7932000000.0,sharesbas -> shares_outstanding,405197588.0,2026-10-06,27.6299991607666,11195609016.384651,19.629,19.575634788823077,1.4114484387776918,1.4114484387776918,POSITIVE,1,,1.0,1
CSL,582,usa,2026,Q2,2026-06-30,2026-07-30,equityusd,1617200000.0,sharesbas -> shares_outstanding,39714133.0,2026-10-06,325.739990234375,12936481295.58667,40.229,40.72101989485708,7.999308246096135,7.9993082460961356,POSITIVE,1,,1.0,1
CSR,583,usa,2026,Q2,2026-06-30,2026-08-03,equityusd,680223000.0,sharesbas -> shares_outstanding,16794151.0,2026-10-06,55.45000076293945,931235685.7629204,40.465,40.503565795019945,1.369015287285082,1.369015287285082,POSITIVE,1,multi-class ownership validation required,1.0,0
CSTL,584,usa,2026,Q2,2026-06-30,2026-07-30,equityusd,470030000.0,sharesbas -> shares_outstanding,30549507.0,2026-10-06,33.36000061035156,1019131572.1659393,15.462,15.385845670111795,2.1682266497158467,2.1682266497158467,POSITIVE,1,,1.0,1
CSTM,585,usa,2026,Q2,2026-06-30,2026-07-29,equityusd,1246000000.0,sharesbas -> shares_outstanding,135527728.0,2026-10-06,25.5,3455957064.0,9.194,9.193690607725674,2.7736413033707867,2.7736413033707867,POSITIVE,1,ADR ownership/ratio validation required,1.0,0
CSV,586,usa,2026,Q2,2026-06-30,2026-08-06,equityusd,279369000.0,sharesbas -> shares_outstanding,15882296.0,2026-10-06,32.88999938964844,522368705.7462158,17.85,17.589963063274983,1.8698162850789308,1.8698162850789308,POSITIVE,1,,1.0,1
CSW,587,usa,2027,Q1,2026-06-30,2026-07-30,equityusd,1073612000.0,sharesbas -> shares_outstanding,16293487.0,2026-10-06,296.8900146484375,4837373594.104126,65.745,65.8920954121116,4.505700005313024,4.505700005313024,POSITIVE,1,,1.0,1
CSX,588,usa,2026,Q2,2026-06-30,2026-07-22,equityusd,14088000000.0,sharesbas -> shares_outstanding,1852474917.0,2026-10-06,47.5,87992558557.5,7.595,7.604961271386543,6.245922668760647,6.245922668760647,POSITIVE,1,,1.0,1
CTAS,589,usa,2026,Q4,2026-05-31,2026-07-29,equityusd,5139887000.0,sharesbas -> shares_outstanding,400169561.0,2026-10-06,195.9600067138672,78417229860.24529,12.844,12.844272780657597,15.256605808696822,15.256605808696822,POSITIVE,1,,1.0,1
CTEV,590,usa,2026,Q2,2026-06-30,2026-08-07,equityusd,-294564000.0,sharesbas -> shares_outstanding,16947463.0,2026-10-06,24.09000015258789,408264386.25597763,-17.363,-17.381008591079386,,,NEGATIVE,0,multi-class ownership validation required,1.0,0
CTKB,591,usa,2026,Q2,2026-06-30,2026-08-05,equityusd,321954000.0,sharesbas -> shares_outstanding,129983253.0,2026-10-06,5.380000114440918,699309916.0154028,2.487,2.476888311142667,2.172080222688343,2.172080222688343,POSITIVE,1,,1.0,1
CTMX,592,usa,2026,Q2,2026-06-30,2026-08-06,equityusd,302068000.0,sharesbas -> shares_outstanding,217899284.0,2026-10-06,2.559999942779541,557822154.571703,1.38,1.3862734858734094,1.8466774188980724,1.8466774188980726,POSITIVE,1,,1.0,1
CTNM,593,usa,2026,Q2,2026-06-30,2026-07-30,equityusd,239660000.0,sharesbas -> shares_outstanding,37621132.0,2026-10-06,12.649999618530273,475907305.44867706,6.396,6.37035589466048,1.9857602664135736,1.9857602664135736,POSITIVE,1,,1.0,1
CTNT,594,usa,2026,Q2,2026-06-30,2026-08-13,,,sharesbas -> shares_outstanding,21062.0,2026-10-06,2.950000047683716,62132.90100431442,,,,,MISSING,0,sharefactor missing/nonunit,,0
CTO,595,usa,2026,Q2,2026-06-30,2026-07-28,equityusd,663183000.0,sharesbas -> shares_outstanding,37485454.0,2026-10-06,20.530000686645508,769576396.3592186,18.954,17.691742508974283,1.1604284132120675,1.1604284132120675,POSITIVE,1,multi-class ownership validation required,1.0,0
CTOR,596,usa,2026,Q3,2026-06-30,2026-08-14,equityusd,40384994.0,sharesbas -> shares_outstanding,92981204.0,2026-10-06,0.8500000238418579,79034025.61684465,0.374,0.4343350296905168,1.9570146677957823,1.957014667795782,POSITIVE,1,multi-class ownership validation required,1.0,0
CTOS,597,usa,2026,Q2,2026-06-30,2026-08-03,equityusd,815957000.0,sharesbas -> shares_outstanding,227505535.0,2026-10-06,9.960000038146973,2265955137.2786474,3.588,3.5865369165633707,2.7770521452461923,2.7770521452461923,POSITIVE,1,multi-class ownership validation required,1.0,0
CTRE,598,usa,2026,Q2,2026-06-30,2026-08-06,equityusd,4491393000.0,sharesbas -> shares_outstanding,236293199.0,2026-10-06,36.54999923706055,8636516243.172596,19.214,19.007711686192035,1.9229037056371143,1.9229037056371143,POSITIVE,1,,1.0,1
CTS,599,usa,2026,Q2,2026-06-30,2026-07-28,equityusd,572815000.0,sharesbas -> shares_outstanding,28556195.0,2026-10-06,61.099998474121094,1744783470.9267044,20.043,20.05922007466331,3.045980763294789,3.045980763294789,POSITIVE,1,,1.0,1
CTSH,600,usa,2026,Q2,2026-06-30,2026-07-29,equityusd,14462000000.0,sharesbas -> shares_outstanding,450444209.0,2026-10-06,57.220001220703125,25774418188.838654,31.034,32.10608486255398,1.7822167189073885,1.7822167189073885,POSITIVE,1,,1.0,1
CTVA,601,usa,2026,Q2,2026-06-30,2026-07-31,equityusd,25159000000.0,sharesbas -> shares_outstanding,667196000.0,2026-10-06,13.90999984741211,9280696258.19397,37.709,37.708559403833355,0.3688817623194074,0.36888176231940734,POSITIVE,1,,1.0,1
CTXR,602,usa,2026,Q3,2026-06-30,2026-08-14,equityusd,66613132.0,sharesbas -> shares_outstanding,27452570.0,2026-10-06,0.48100000619888306,13204686.340175271,2.545,2.4264807265767834,0.1982294773375206,0.19822947733752064,POSITIVE,1,multi-class ownership validation required,1.0,0
CUBE,603,usa,2026,Q2,2026-06-30,2026-07-31,equityusd,2579243000.0,sharesbas -> shares_outstanding,225162253.0,2026-10-06,37.7599983215332,8502126295.352634,11.374,11.455041711631834,3.2963649781554643,3.2963649781554643,POSITIVE,1,multi-class ownership validation required,1.0,0
CURI,604,usa,2026,Q2,2026-06-30,2026-08-13,equityusd,41462000.0,sharesbas -> shares_outstanding,59338028.0,2026-10-06,2.940000057220459,174453805.7153492,0.7,0.6987424657927628,4.207558866319744,4.207558866319744,POSITIVE,1,multi-class ownership validation required,1.0,0
CURV,605,usa,2027,Q2,2026-08-01,2026-09-10,,,sharesbas -> shares_outstanding,99719435.0,2026-10-06,2.490000009536743,248301394.10099864,,,,,MISSING,0,sharefactor missing/nonunit,,0
CUZ,606,usa,2026,Q2,2026-06-30,2026-07-30,equityusd,4483676000.0,sharesbas -> shares_outstanding,164602058.0,2026-10-06,27.65999984741211,4552892899.163719,27.246,27.239489314283055,1.0154375336584802,1.01543753365848,POSITIVE,1,,1.0,1
CVCO,607,usa,2027,Q1,2026-06-27,2026-07-31,equityusd,1110396000.0,sharesbas -> shares_outstanding,7689402.0,2026-10-06,572.7999877929688,4404489371.7352295,144.058,144.4060279329914,3.966593334031489,3.966593334031489,POSITIVE,1,,1.0,1
CVGI,608,usa,2026,Q2,2026-06-30,2026-08-03,equityusd,136117000.0,sharesbas -> shares_outstanding,40632682.0,2026-10-06,2.950000047683716,119866413.83751726,3.915,3.3499388497170823,0.880613103708701,0.880613103708701,POSITIVE,1,,1.0,1
CVI,609,usa,2026,Q2,2026-06-30,2026-07-29,equityusd,525000000.0,sharesbas -> shares_outstanding,100530599.0,2026-10-06,57.41999816894531,5772466810.502975,5.224,5.222290578413842,10.995174877148523,10.995174877148525,POSITIVE,1,,1.0,1
CVLG,610,usa,2026,Q2,2026-06-30,2026-08-07,equityusd,412874000.0,sharesbas -> shares_outstanding,25377778.0,2026-10-06,33.09000015258789,839750677.8923416,16.374,16.26911544422841,2.03391513607624,2.0339151360762404,POSITIVE,1,,1.0,1
CVLT,611,usa,2027,Q1,2026-06-30,2026-07-29,equityusd,52051000.0,sharesbas -> shares_outstanding,41444564.0,2026-10-06,154.97999572753906,6423078351.649719,1.259,1.2559186290390218,123.39971089219648,123.39971089219648,POSITIVE,1,,1.0,1
CVNA,612,usa,2026,Q2,2026-06-30,2026-07-29,equityusd,4028000000.0,sharesbas -> shares_outstanding,1100463770.0,2026-10-06,63.880001068115234,70297626803.02213,5.612,3.660274976612815,17.45224101365991,17.45224101365991,POSITIVE,1,,1.0,1
CVRX,613,usa,2026,Q2,2026-06-30,2026-08-06,equityusd,19953000.0,sharesbas -> shares_outstanding,26641597.0,2026-10-06,1.6200000047683716,43159387.267037034,0.753,0.7489415893499177,2.163052536813363,2.163052536813363,POSITIVE,1,,1.0,1
CVS,614,usa,2026,Q2,2026-06-30,2026-08-05,equityusd,79702000000.0,sharesbas -> shares_outstanding,1278970369.0,2026-10-06,86.43000030517578,110541409382.98077,62.316,62.31731549990272,1.3869339462369925,1.3869339462369925,POSITIVE,1,,1.0,1
CVX,615,usa,2026,Q2,2026-06-30,2026-08-06,equityusd,189883000000.0,sharesbas -> shares_outstanding,1975771274.0,2026-10-06,207.5800018310547,410130604674.6653,96.394,96.10576006380383,2.159912181051833,2.1599121810518334,POSITIVE,1,,1.0,1
CW,616,usa,2026,Q2,2026-06-30,2026-08-06,equityusd,2769860000.0,sharesbas -> shares_outstanding,36934444.0,2026-10-06,553.3499755859375,20437673685.680176,74.985,74.99395415293107,7.378594472529361,7.378594472529361,POSITIVE,1,multi-class ownership validation required,1.0,0
CWCO,617,usa,2026,Q2,2026-06-30,2026-08-10,equityusd,225643198.0,sharesbas -> shares_outstanding,16012865.0,2026-10-06,30.3799991607666,486470825.2614689,14.103,14.091369533184723,2.1559294921066883,2.1559294921066883,POSITIVE,1,,1.0,1
CWEN,618,usa,2026,Q2,2026-06-30,2026-08-05,equityusd,1851000000.0,sharesbas -> shares_outstanding,205274852.0,2026-10-06,30.729999542236328,6308096107.99263,15.298,9.017178587467694,3.407939550509255,3.4079395505092545,POSITIVE,1,multi-class ownership validation required,1.0,0
CWH,619,usa,2026,Q2,2026-06-30,2026-07-31,equityusd,245701000.0,sharesbas -> shares_outstanding,103294916.0,2026-10-06,4.53000020980835,467925991.15213585,2.379,2.3786359437089817,1.9044529373186754,1.9044529373186754,POSITIVE,1,,1.0,1
CWK,620,usa,2026,Q2,2026-06-30,2026-08-05,equityusd,2021700000.0,sharesbas -> shares_outstanding,234713708.0,2026-10-06,11.9399995803833,2802481575.0302086,8.625,8.613472205040534,1.3862005119603347,1.3862005119603347,POSITIVE,1,,1.0,1
CWST,621,usa,2026,Q2,2026-06-30,2026-08-07,equityusd,1580024000.0,sharesbas -> shares_outstanding,63640046.0,2026-10-06,82.05999755859375,5222302019.388794,24.838,24.827511909717977,3.3052042370171555,3.3052042370171555,POSITIVE,1,,1.0,1
CWT,622,usa,2026,Q2,2026-06-30,2026-07-30,equityusd,1807473000.0,sharesbas -> shares_outstanding,61839101.0,2026-10-06,45.54999923706055,2816771003.37051,29.946,29.228642893757463,1.558402810648076,1.558402810648076,POSITIVE,1,,1.0,1
CXDO,623,usa,2026,Q2,2026-06-30,2026-08-04,equityusd,78113000.0,sharesbas -> shares_outstanding,33253790.0,2026-10-06,5.960000038146973,198192589.66853142,2.384,2.3489954077414934,2.5372548701052504,2.5372548701052504,POSITIVE,1,,1.0,1
CXM,624,usa,2027,Q2,2026-07-31,2026-09-03,equityusd,519477000.0,sharesbas -> shares_outstanding,232171340.0,2026-10-06,5.159999847412109,1198004078.973465,2.205,2.237472549368066,2.306173476349222,2.3061734763492225,POSITIVE,1,,1.0,1
CXT,625,usa,2026,Q2,2026-06-30,2026-08-05,equityusd,1266300000.0,sharesbas -> shares_outstanding,57561304.0,2026-10-06,49.77000045776367,2864826126.429474,22.023,21.999154153978164,2.262359730260976,2.262359730260976,POSITIVE,1,,1.0,1
CXW,626,usa,2026,Q2,2026-06-30,2026-08-06,equityusd,1438477000.0,sharesbas -> shares_outstanding,98893489.0,2026-10-06,31.780000686645508,3142835148.32477,14.546,14.545719991737778,2.1848351752059783,2.1848351752059783,POSITIVE,1,,1.0,1
CYCN,627,usa,2026,Q2,2026-06-30,2026-08-04,equityusd,5087000.0,sharesbas -> shares_outstanding,668764.0,2026-09-08,23.939998626708984,16010209.241592407,8.381,7.60656973162431,3.147279190405427,3.147279190405427,POSITIVE,1,price stale >3 days,1.0,0
CYH,628,usa,2026,Q2,2026-06-30,2026-07-23,equityusd,-1390000000.0,sharesbas -> shares_outstanding,141009357.0,2026-10-06,2.740000009536743,386365639.52477,-10.259,-9.857501867766123,,,NEGATIVE,0,multi-class ownership validation required,1.0,0
CYN,629,usa,2026,Q2,2026-06-30,2026-08-13,equityusd,44591803.0,sharesbas -> shares_outstanding,14423281.0,2026-10-06,0.6119999885559082,8827047.806938648,3.16,3.091654596481896,0.19795225160414906,0.19795225160414903,POSITIVE,1,,1.0,1
CYRX,630,usa,2026,Q2,2026-06-30,2026-08-06,equityusd,490699000.0,sharesbas -> shares_outstanding,50649100.0,2026-10-06,17.799999237060547,901553941.3578033,9.728,9.68820768779702,1.8372850593903867,1.8372850593903867,POSITIVE,1,multi-class ownership validation required,1.0,0
CYTK,631,usa,2026,Q2,2026-06-30,2026-08-06,equityusd,-173487000.0,sharesbas -> shares_outstanding,139023418.0,2026-10-06,61.349998474121094,8529086482.167099,-1.313,-1.2478976743328236,,,NEGATIVE,0,,1.0,0
CZR,632,usa,2026,Q2,2026-06-30,2026-07-28,equityusd,3375000000.0,sharesbas -> shares_outstanding,203720372.0,2026-10-06,29.649999618530273,6040308952.086845,16.544,16.56682621804755,1.789721170988695,1.7897211709886949,POSITIVE,1,,1.0,1
D,633,usa,2026,Q2,2026-06-30,2026-07-31,equityusd,28922000000.0,sharesbas -> shares_outstanding,879525949.0,2026-10-06,62.0,54530608838.0,32.884,32.88362331194847,1.8854369973722427,1.8854369973722427,POSITIVE,1,multi-class ownership validation required,1.0,0
DAKT,634,usa,2027,Q1,2026-08-01,2026-09-02,equityusd,317628000.0,sharesbas -> shares_outstanding,48092650.0,2026-10-06,17.850000381469727,858453820.84589,6.592,6.604501935326915,2.7027019684848,2.7027019684848,POSITIVE,1,,1.0,1
DAL,635,usa,2026,Q2,2026-06-30,2026-07-10,equityusd,21815000000.0,sharesbas -> shares_outstanding,657623030.0,2026-10-06,83.66000366210938,55016745098.08746,33.173,33.17250005675744,2.5219686040837708,2.5219686040837708,POSITIVE,1,,1.0,1
DAN,636,usa,2026,Q2,2026-06-30,2026-08-06,equityusd,1920000000.0,sharesbas -> shares_outstanding,107576679.0,2026-10-06,28.43000030517578,3058405016.799797,17.761,17.84773445181367,1.5929192795832277,1.5929192795832277,POSITIVE,1,,1.0,1
DAR,637,usa,2026,Q2,2026-07-04,2026-08-07,equityusd,5245729000.0,sharesbas -> shares_outstanding,157802916.0,2026-10-06,61.16999816894531,9652804082.774231,33.242,33.24228178394371,1.8401263356864666,1.8401263356864663,POSITIVE,1,,1.0,1
DARE,638,usa,2026,Q2,2026-06-30,2026-08-13,equityusd,-560100.0,sharesbas -> shares_outstanding,15289502.0,2026-10-06,0.8330000042915344,12736155.231615424,-0.038,-0.03663297862808089,,,NEGATIVE,0,,1.0,0
DASH,639,usa,2026,Q2,2026-06-30,2026-08-05,equityusd,9921000000.0,sharesbas -> shares_outstanding,433295654.0,2026-10-06,193.6199951171875,83894702411.77856,22.837,22.896606297371264,8.45627481219419,8.45627481219419,POSITIVE,1,,1.0,1
DAVE,640,usa,2026,Q2,2026-06-30,2026-08-05,equityusd,207890000.0,sharesbas -> shares_outstanding,12755507.0,2026-10-06,343.1400146484375,4376924858.828247,16.345,16.298058556198512,21.054042324441998,21.054042324441998,POSITIVE,1,multi-class ownership validation required,1.0,0
DBD,641,usa,2026,Q2,2026-06-30,2026-07-29,equityusd,969200000.0,sharesbas -> shares_outstanding,33946588.0,2026-10-06,65.4800033569336,2222822696.1964417,28.174,28.550733876406078,2.2934613043710703,2.2934613043710708,POSITIVE,1,,1.0,1
DBGI,642,usa,2026,Q2,2026-06-30,2026-08-19,equityusd,540031.0,sharesbas -> shares_outstanding,933509.0,2026-10-06,4.610000133514404,4303476.614636898,0.817,0.5784957616905675,7.968943661821077,7.968943661821077,POSITIVE,1,multi-class ownership validation required,1.0,0
DBI,643,usa,2027,Q2,2026-08-01,2026-09-10,,,sharesbas -> shares_outstanding,51123404.0,2026-10-06,5.940000057220459,303673022.68530464,,,,,MISSING,0,sharefactor missing/nonunit,,0
DBVT,644,usa,2026,Q2,2026-06-30,2026-07-16,equityusd,160400000.0,sharesbas -> shares_outstanding,296061497.0,2026-10-06,9.979999542236328,2954693604.533802,1.85,0.5417793317447152,18.420783070659613,18.420783070659613,POSITIVE,1,sharefactor missing/nonunit; ADR ownership/ratio validation required,0.2,0
DBX,645,usa,2026,Q2,2026-06-30,2026-08-07,equityusd,-2188300000.0,sharesbas -> shares_outstanding,225709285.0,2026-10-06,33.72999954223633,7613174079.728489,-9.734,-9.695214798097473,,,NEGATIVE,0,,1.0,0
DCGO,646,usa,2026,Q2,2026-06-30,2026-08-17,equityusd,119054558.0,sharesbas -> shares_outstanding,98928369.0,2026-10-06,0.3619999885559082,35812068.445854664,1.205,1.2034420379456574,0.30080384193148374,0.30080384193148374,POSITIVE,1,multi-class ownership validation required,1.0,0
DCI,647,usa,2026,Q4,2026-07-31,2026-09-25,,,sharesbas -> shares_outstanding,115910129.0,2026-10-06,90.11000061035156,10444661794.935928,,,,,MISSING,0,sharefactor missing/nonunit,,0
DCO,648,usa,2026,Q2,2026-07-04,2026-08-06,equityusd,690438000.0,sharesbas -> shares_outstanding,15099779.0,2026-10-06,175.3300018310547,2647444279.718521,45.616,45.72504008171246,3.8344417307832432,3.8344417307832437,POSITIVE,1,,1.0,1
DCTH,649,usa,2026,Q2,2026-06-30,2026-08-06,equityusd,121145000.0,sharesbas -> shares_outstanding,34698795.0,2026-10-06,15.40999984741211,534708425.65538406,3.375,3.4913316154062413,4.413788647120261,4.413788647120262,POSITIVE,1,,1.0,1
DD,650,usa,2026,Q2,2026-06-30,2026-08-04,equityusd,13769000000.0,sharesbas -> shares_outstanding,135042975.0,2026-10-06,133.27999877929688,17998527543.15262,101.317,101.96013528286088,1.3071775396290668,1.3071775396290666,POSITIVE,1,multi-class ownership validation required,1.0,0
DDD,651,usa,2026,Q2,2026-06-30,2026-08-03,equityusd,273563000.0,sharesbas -> shares_outstanding,166147027.0,2026-10-06,3.5899999141693115,596467812.6694863,1.836,1.646511556297664,2.1803672743371227,2.1803672743371227,POSITIVE,1,,1.0,1
DDOG,652,usa,2026,Q2,2026-06-30,2026-08-06,equityusd,4367160000.0,sharesbas -> shares_outstanding,359075024.0,2026-10-06,278.239990234375,99909031171.16797,12.259,12.162249413370505,22.877346186347186,22.877346186347186,POSITIVE,1,,1.0,1
DDS,653,usa,2027,Q2,2026-08-01,2026-09-04,,,sharesbas -> shares_outstanding,15619451.0,2026-10-06,655.25,10234645267.75,,,,,MISSING,0,sharefactor missing/nonunit,,0
DE,654,usa,2026,Q3,2026-08-02,2026-08-27,equityusd,27990000000.0,sharesbas -> shares_outstanding,269625412.0,2026-10-06,682.7899780273438,184097529135.0935,103.744,103.81068977281711,6.577260776530672,6.577260776530672,POSITIVE,1,,1.0,1
DEA,655,usa,2026,Q2,2026-06-30,2026-08-03,equityusd,1315265000.0,sharesbas -> shares_outstanding,47321617.0,2026-10-06,23.270000457763672,1101174049.2521172,28.308,27.794168572050275,0.8372259957135004,0.8372259957135004,POSITIVE,1,,1.0,1
DEC,656,usa,2026,Q2,2026-06-30,2026-08-05,equityusd,950691000.0,sharesbas -> shares_outstanding,70769563.0,2026-10-06,14.029999732971191,992896949.9924879,13.15,13.433614108935505,1.04439502424288,1.04439502424288,POSITIVE,1,,1.0,1
DECK,657,usa,2027,Q1,2026-06-30,2026-07-30,equityusd,2301682000.0,sharesbas -> shares_outstanding,136414227.0,2026-10-06,81.66000366210938,11139586276.38382,16.647,16.872741579952653,4.839759044204986,4.839759044204985,POSITIVE,1,,1.0,1
DEI,658,usa,2026,Q2,2026-06-30,2026-08-07,equityusd,1838501000.0,sharesbas -> shares_outstanding,167485267.0,2026-10-06,9.8100004196167,1643030539.549615,10.977,10.977090898389289,0.8936794375143745,0.8936794375143744,POSITIVE,1,,1.0,1
DELL,659,usa,2027,Q2,2026-07-31,2026-09-08,,,sharesbas -> shares_outstanding,635812750.0,2026-10-06,574.0,364956518500.0,,,,,MISSING,0,sharefactor missing/nonunit,,0
DERM,660,usa,2026,Q2,2026-06-30,2026-08-12,equityusd,32114000.0,sharesbas -> shares_outstanding,28224395.0,2026-10-06,6.159999847412109,173862268.8932991,1.168,1.1378100398609075,5.41390885262811,5.41390885262811,POSITIVE,1,,1.0,1
DFH,661,usa,2026,Q2,2026-06-30,2026-07-30,equityusd,1431903000.0,sharesbas -> shares_outstanding,90723879.0,2026-10-06,9.739999771118164,883650560.694952,15.684,15.783088375222581,0.6171162157596932,0.6171162157596932,POSITIVE,1,,1.0,1
DFIN,662,usa,2026,Q2,2026-06-30,2026-07-30,equityusd,387400000.0,sharesbas -> shares_outstanding,24585383.0,2026-10-06,49.56999969482422,1218697427.8071365,15.434,15.757330280353981,3.145837449166589,3.145837449166589,POSITIVE,1,,1.0,1
DG,663,usa,2027,Q2,2026-07-31,2026-08-27,equityusd,9288648000.0,sharesbas -> shares_outstanding,220616790.0,2026-10-06,123.2699966430664,27195430962.704086,42.105,42.10308743953713,2.9278137101011996,2.9278137101011996,POSITIVE,1,,1.0,1
DGII,664,usa,2026,Q3,2026-06-30,2026-08-05,equityusd,685153000.0,sharesbas -> shares_outstanding,37948123.0,2026-10-06,73.94000244140625,2805884307.2667847,18.137,18.054990493205686,4.095266761244254,4.095266761244255,POSITIVE,1,,1.0,1
DGX,665,usa,2026,Q2,2026-06-30,2026-07-23,equityusd,7516000000.0,sharesbas -> shares_outstanding,110373360.0,2026-10-06,228.38999938964844,25208171623.033447,67.712,68.09614204007198,3.3539344894935406,3.35393448949354,POSITIVE,1,,1.0,1
DGXX,666,usa,2026,Q2,2026-06-30,2026-08-14,equityusd,265029285.0,sharesbas -> shares_outstanding,101396688.0,2026-10-06,3.630000114440918,368069989.04393005,3.1,2.613786408881521,1.3887898804991685,1.3887898804991685,POSITIVE,1,,1.0,1
DH,667,usa,2026,Q2,2026-06-30,2026-08-10,equityusd,144652000.0,sharesbas -> shares_outstanding,106744713.0,2026-10-06,0.9879999756813049,105463773.84810787,1.367,1.3551209791533187,0.7290861781939266,0.7290861781939266,POSITIVE,1,,1.0,1
DHC,668,usa,2026,Q2,2026-06-30,2026-08-03,equityusd,1582831000.0,sharesbas -> shares_outstanding,242128988.0,2026-10-06,7.579999923706055,1835337710.5670242,6.575,6.537139617500074,1.159528534990169,1.159528534990169,POSITIVE,1,multi-class ownership validation required,1.0,0
DHI,669,usa,2026,Q3,2026-06-30,2026-07-23,equityusd,23819500000.0,sharesbas -> shares_outstanding,279701267.0,2026-10-06,136.75,38249148262.25,84.406,85.1605008996974,1.605791400417725,1.605791400417725,POSITIVE,1,,1.0,1
DHR,670,usa,2026,Q2,2026-06-26,2026-07-21,equityusd,52581000000.0,sharesbas -> shares_outstanding,702986054.0,2026-10-06,215.61000061035156,151570823532.00864,74.551,74.79664738839898,2.8826158409312987,2.882615840931299,POSITIVE,1,multi-class ownership validation required,1.0,0
DHX,671,usa,2026,Q2,2026-06-30,2026-08-05,equityusd,94079000.0,sharesbas -> shares_outstanding,43424190.0,2026-10-06,4.739999771118164,205830650.66099167,2.317,2.166511338495894,2.1878490487886952,2.1878490487886952,POSITIVE,1,,1.0,1
DIBS,672,usa,2026,Q2,2026-06-30,2026-08-05,equityusd,73738000.0,sharesbas -> shares_outstanding,33615293.0,2026-10-06,4.119999885559082,138495003.313035,2.14,2.193584925765782,1.8782039560746835,1.8782039560746835,POSITIVE,1,,1.0,1
DIN,673,usa,2026,Q2,2026-06-28,2026-08-05,equityusd,-292000000.0,sharesbas -> shares_outstanding,12659150.0,2026-10-06,29.520000457763672,373698113.794899,-24.333,-23.066319618615783,,,NEGATIVE,0,,1.0,0
DINO,674,usa,2026,Q2,2026-06-30,2026-07-30,equityusd,10285000000.0,sharesbas -> shares_outstanding,177783849.0,2026-10-06,114.5999984741211,20374028824.123375,57.325,57.85114934709283,1.980945923590022,1.980945923590022,POSITIVE,1,,1.0,1
DIOD,675,usa,2026,Q2,2026-06-30,2026-08-05,equityusd,1952301000.0,sharesbas -> shares_outstanding,46051705.0,2026-10-06,107.73999786376953,4961610598.322945,42.514,42.39367467502018,2.541416819600535,2.5414168196005353,POSITIVE,1,,1.0,1
DIS,676,usa,2026,Q3,2026-06-27,2026-08-05,equityusd,110032000000.0,sharesbas -> shares_outstanding,1726686902.0,2026-10-06,104.02999877929688,179627236307.2879,63.31,63.724349720005,1.632499966439653,1.6324999664396531,POSITIVE,1,multi-class ownership validation required,1.0,0
DJT,677,usa,2026,Q2,2026-06-30,2026-08-10,equityusd,1022869900.0,sharesbas -> shares_outstanding,277941274.0,2026-10-06,8.649999618530273,2404191914.073818,3.689,3.6801655446106936,2.3504376402842806,2.3504376402842806,POSITIVE,1,multi-class ownership validation required,1.0,0
DK,678,usa,2026,Q2,2026-06-30,2026-08-05,equityusd,186500000.0,sharesbas -> shares_outstanding,61232174.0,2026-10-06,75.66999816894531,4633438494.460541,3.042,3.0457843943283804,24.84417423303239,24.84417423303239,POSITIVE,1,,1.0,1
DKL,679,usa,2026,Q2,2026-06-30,2026-08-05,equityusd,-69291000.0,sharesbas -> shares_outstanding,53197301.0,2026-10-06,56.220001220703125,2990752327.1581116,-1.303,-1.3025284873005116,,,NEGATIVE,0,,1.0,0
DKNG,680,usa,2026,Q2,2026-06-30,2026-08-07,equityusd,569428000.0,sharesbas -> shares_outstanding,496454048.0,2026-10-06,19.75,9804967448.0,1.147,1.1469903454186359,17.218976671326313,17.218976671326313,POSITIVE,1,multi-class ownership validation required,1.0,0
DKS,681,usa,2027,Q2,2026-08-01,2026-09-03,equityusd,5725722000.0,sharesbas -> shares_outstanding,88926556.0,2026-10-06,134.8800048828125,11994414307.4917,64.458,64.38708814946122,2.0948300157590083,2.0948300157590083,POSITIVE,1,,1.0,1
DLB,682,usa,2026,Q3,2026-06-26,2026-07-30,equityusd,2583547000.0,sharesbas -> shares_outstanding,93668795.0,2026-10-06,58.459999084472656,5475877669.943657,27.414,27.581725589616052,2.1195192771579756,2.1195192771579756,POSITIVE,1,,1.0,1
DLR,683,usa,2026,Q2,2026-06-30,2026-07-31,equityusd,27434470000.0,sharesbas -> shares_outstanding,370036176.0,2026-10-06,184.64999389648438,68327177639.87842,77.473,74.13996733119413,2.4905594181290334,2.4905594181290334,POSITIVE,1,multi-class ownership validation required,1.0,0
DLTH,684,usa,2027,Q2,2026-08-02,2026-09-04,,,sharesbas -> shares_outstanding,38005001.0,2026-10-06,4.059999942779541,154300301.8853364,,,,,MISSING,0,sharefactor missing/nonunit,,0
DLTR,685,usa,2027,Q2,2026-08-01,2026-08-27,equityusd,3425300000.0,sharesbas -> shares_outstanding,187630299.0,2026-10-06,116.19000244140625,21800764898.891785,17.971,18.25558035272331,6.364629346011089,6.36462934601109,POSITIVE,1,,1.0,1
DLX,686,usa,2026,Q2,2026-06-30,2026-08-06,equityusd,707900000.0,sharesbas -> shares_outstanding,45856290.0,2026-10-06,22.540000915527344,1033600818.5826874,15.437,15.437358757108349,1.4600943898611207,1.4600943898611207,POSITIVE,1,,1.0,1
DMAC,687,usa,2026,Q2,2026-06-30,2026-08-10,equityusd,38338000.0,sharesbas -> shares_outstanding,53925697.0,2026-10-06,8.130000114440918,438415922.78130627,0.711,0.7109412048953211,11.435544962734264,11.435544962734266,POSITIVE,1,,1.0,1
DMLP,688,usa,2026,Q2,2026-06-30,2026-08-06,equityusd,303676000.0,sharesbas -> shares_outstanding,49091408.0,2026-10-06,29.1200008392334,1429541842.1591492,6.293,6.185929725217903,4.707457428835829,4.707457428835829,POSITIVE,1,,1.0,1
DMRC,689,usa,2026,Q2,2026-06-30,2026-08-14,equityusd,29312000.0,sharesbas -> shares_outstanding,22475329.0,2026-10-06,6.179999828338623,138897529.36185408,1.316,1.3041855805536817,4.738589293185524,4.738589293185524,POSITIVE,1,,1.0,1
DNA,690,usa,2026,Q2,2026-06-30,2026-08-06,equityusd,420284000.0,sharesbas -> shares_outstanding,67340277.0,2026-10-06,12.40999984741211,835692827.2946892,6.768,6.241197968342186,1.9884002895534665,1.9884002895534667,POSITIVE,1,multi-class ownership validation required,1.0,0
DNLI,691,usa,2026,Q2,2026-06-30,2026-08-06,equityusd,835178000.0,sharesbas -> shares_outstanding,159847403.0,2026-10-06,19.280000686645508,3081858039.598501,4.459,5.224845598523737,3.6900613277630647,3.690061327763065,POSITIVE,1,,1.0,1
DNOW,692,usa,2026,Q2,2026-06-30,2026-08-06,equityusd,2093000000.0,sharesbas -> shares_outstanding,180785891.0,2026-10-06,15.880000114440918,2870879969.7693033,11.5,11.577230880257133,1.3716578928663656,1.3716578928663656,POSITIVE,1,,1.0,1
DNTH,693,usa,2026,Q2,2026-06-30,2026-08-04,equityusd,1172025000.0,sharesbas -> shares_outstanding,55934378.0,2026-10-06,85.4000015258789,4776795966.549088,20.918,20.953571701467745,4.075677538063682,4.075677538063682,POSITIVE,1,,1.0,1
DNUT,694,usa,2026,Q2,2026-06-28,2026-08-06,equityusd,618055000.0,sharesbas -> shares_outstanding,173500000.0,2026-10-06,3.0199999809265137,523969996.6907501,3.581,3.5622766570605187,0.8477724420816111,0.8477724420816111,POSITIVE,1,,1.0,1
DOC,695,usa,2026,Q2,2026-06-30,2026-08-05,equityusd,7844750000.0,sharesbas -> shares_outstanding,689527260.0,2026-10-06,19.0,13101017940.0,11.371,11.376997625880666,1.6700363861181045,1.6700363861181045,POSITIVE,1,,1.0,1
DOCN,696,usa,2026,Q2,2026-06-30,2026-08-04,equityusd,930731000.0,sharesbas -> shares_outstanding,117579550.0,2026-10-06,131.00999450683594,15404096199.616241,8.897,7.915755758548149,16.550535224051032,16.550535224051032,POSITIVE,1,,1.0,1
DOCS,697,usa,2027,Q1,2026-06-30,2026-08-06,equityusd,916070000.0,sharesbas -> shares_outstanding,178245980.0,2026-10-06,27.790000915527344,4953455947.389069,5.018,5.139358542616221,5.407289778498442,5.407289778498443,POSITIVE,1,,1.0,1
DOCU,698,usa,2027,Q2,2026-07-31,2026-09-04,equityusd,1718520000.0,sharesbas -> shares_outstanding,186902452.0,2026-10-06,68.22000122070312,12750485503.592407,8.986,9.194742934672682,7.419457151265279,7.419457151265279,POSITIVE,1,,1.0,1
DOLE,699,usa,2026,Q2,2026-06-30,2026-08-10,equityusd,1328934000.0,sharesbas -> shares_outstanding,94458807.0,2026-10-06,12.720000267028809,1201516050.2632227,13.982,14.068926362790078,0.9041201822387137,0.9041201822387137,POSITIVE,1,ADR ownership/ratio validation required,1.0,0
DOMO,700,usa,2027,Q2,2026-07-31,2026-09-03,equityusd,-187308000.0,sharesbas -> shares_outstanding,47036161.0,2026-10-01,3.244999885559082,152632337.06213856,-4.072,-3.9822127490379158,,,NEGATIVE,0,price stale >3 days,1.0,0
DORM,701,usa,2026,Q2,2026-06-27,2026-08-04,equityusd,1515040000.0,sharesbas -> shares_outstanding,29675618.0,2026-10-06,126.58000183105469,3756339780.7776794,50.731,51.053359697513294,2.47936673670509,2.47936673670509,POSITIVE,1,,1.0,1
DOUG,702,usa,2026,Q2,2026-06-30,2026-08-10,equityusd,166960000.0,sharesbas -> shares_outstanding,90890473.0,2026-10-06,1.5,136335709.5,1.837,1.8369361990227513,0.8165770813368471,0.8165770813368471,POSITIVE,1,,1.0,1
DOV,703,usa,2026,Q2,2026-06-30,2026-07-23,equityusd,7704004000.0,sharesbas -> shares_outstanding,134680225.0,2026-10-06,191.8800048828125,25842442230.618286,57.169,57.20219133878043,3.354417031795192,3.354417031795192,POSITIVE,1,,1.0,1
DOW,704,usa,2026,Q2,2026-06-30,2026-07-24,equityusd,15860000000.0,sharesbas -> shares_outstanding,722340711.0,2026-10-06,28.15999984741211,20341114311.539555,21.921,21.956397802975278,1.2825418859734903,1.2825418859734903,POSITIVE,1,,1.0,1
DPZ,705,usa,2026,Q2,2026-06-14,2026-07-20,equityusd,-3982431000.0,sharesbas -> shares_outstanding,33081735.0,2026-10-06,302.8699951171875,10019464917.91809,-120.382,-120.3815640261915,,,NEGATIVE,0,,1.0,0
DRH,706,usa,2026,Q2,2026-06-30,2026-07-30,equityusd,1523355000.0,sharesbas -> shares_outstanding,204605681.0,2026-10-06,12.380000114440918,2533018354.195262,7.445,7.445321129670881,1.6627892738037175,1.6627892738037173,POSITIVE,1,multi-class ownership validation required,1.0,0
DRI,707,usa,2027,Q1,2026-08-30,2026-10-02,,,sharesbas -> shares_outstanding,113143224.0,2026-10-06,203.13999938964844,22983914454.302856,,,,,MISSING,0,sharefactor missing/nonunit,,0
DRS,708,usa,2026,Q2,2026-06-30,2026-07-30,equityusd,2803000000.0,sharesbas -> shares_outstanding,266891515.0,2026-10-06,36.779998779296875,9816269595.904694,10.502,10.502394577811888,3.5020583645753454,3.5020583645753454,POSITIVE,1,,1.0,1
DRVN,709,usa,2026,Q2,2026-06-27,2026-08-06,equityusd,833291000.0,sharesbas -> shares_outstanding,164979816.0,2026-10-06,11.760000228881836,1940162673.9208832,5.066,5.050866343553202,2.3283134870302007,2.328313487030201,POSITIVE,1,,1.0,1
DSGN,710,usa,2026,Q2,2026-06-30,2026-08-03,equityusd,201858000.0,sharesbas -> shares_outstanding,62581651.0,2026-10-06,11.970000267028809,749102379.1811037,3.229,3.2255141367235582,3.7110363680463676,3.7110363680463676,POSITIVE,1,,1.0,1
DSP,711,usa,2026,Q2,2026-06-30,2026-08-10,equityusd,113449000.0,sharesbas -> shares_outstanding,66474838.0,2026-10-06,11.930000305175781,793044837.6265106,5.76,1.7066457536910433,6.990320211077317,6.990320211077318,POSITIVE,1,,1.0,1
DT,712,usa,2027,Q1,2026-06-30,2026-08-05,equityusd,2450753000.0,sharesbas -> shares_outstanding,289002128.0,2026-10-06,61.04999923706055,17643579693.908875,8.387,8.480051745501335,7.199248432587402,7.199248432587402,POSITIVE,1,,1.0,1
DTE,713,usa,2026,Q2,2026-06-30,2026-07-28,equityusd,12149000000.0,sharesbas -> shares_outstanding,208088069.0,2026-10-06,128.22000122070312,26681052461.193756,58.409,58.38393358342904,2.1961521492463376,2.1961521492463376,POSITIVE,1,multi-class ownership validation required,1.0,0
DTIL,714,usa,2026,Q2,2026-06-30,2026-08-06,equityusd,45293000.0,sharesbas -> shares_outstanding,27601554.0,2026-10-06,6.199999809265137,171129629.53542137,1.752,1.6409583315490135,3.778279856388876,3.778279856388876,POSITIVE,1,,1.0,1
DTM,715,usa,2026,Q2,2026-06-30,2026-07-30,equityusd,4779000000.0,sharesbas -> shares_outstanding,102015296.0,2026-10-06,124.5999984741211,12711105725.937012,46.853,46.84591612614641,2.659783579396738,2.659783579396738,POSITIVE,1,,1.0,1
DTST,716,usa,2026,Q2,2026-06-30,2026-08-14,equityusd,10329060.0,sharesbas -> shares_outstanding,2337738.0,2026-10-06,3.430000066757202,8018441.496060848,4.603,4.418399324475198,0.776299246597546,0.776299246597546,POSITIVE,1,multi-class ownership validation required,1.0,0
DUK,717,usa,2026,Q2,2026-06-30,2026-08-04,equityusd,54751000000.0,sharesbas -> shares_outstanding,779702193.0,2026-10-06,115.66000366210938,90180358497.73471,70.284,70.22040016245023,1.647099751561336,1.6470997515613361,POSITIVE,1,multi-class ownership validation required,1.0,0
DUOL,718,usa,2026,Q2,2026-06-30,2026-08-06,equityusd,1409742000.0,sharesbas -> shares_outstanding,46786269.0,2026-10-06,148.1300048828125,6930450255.418579,30.132,30.13153282216199,4.916112491093107,4.9161124910931076,POSITIVE,1,,1.0,1
DUOT,719,usa,2026,Q2,2026-06-30,2026-08-19,equityusd,207404811.0,sharesbas -> shares_outstanding,31472499.0,2026-10-06,9.229999542236328,290491151.3630333,6.88,6.590033127016701,1.400599870188321,1.400599870188321,POSITIVE,1,,1.0,1
DV,720,usa,2026,Q2,2026-06-30,2026-08-07,equityusd,1094450000.0,sharesbas -> shares_outstanding,154986847.0,2026-10-06,13.479999542236328,2089222626.6126518,7.109,7.06156697284125,1.9089246896730339,1.9089246896730339,POSITIVE,1,,1.0,1
DVA,721,usa,2026,Q2,2026-06-30,2026-08-04,equityusd,-765096000.0,sharesbas -> shares_outstanding,63800000.0,2026-10-06,180.39999389648438,11509519610.595703,-11.81,-11.992100313479623,,,NEGATIVE,0,,1.0,0
DVN,722,usa,2026,Q2,2026-06-30,2026-08-05,equityusd,41747000000.0,sharesbas -> shares_outstanding,1100000000.0,2026-10-06,48.02000045776367,52822000503.54004,37.952,37.95181818181818,1.2652885357879617,1.2652885357879617,POSITIVE,1,,1.0,1
DWTX,723,usa,2026,Q2,2026-06-30,2026-08-14,equityusd,68366108.0,sharesbas -> shares_outstanding,33992553.0,2026-10-06,1.5199999809265137,51668679.911643505,2.003,2.0112083961448852,0.7557645363056721,0.7557645363056722,POSITIVE,1,,1.0,1
DXC,724,usa,2027,Q1,2026-06-30,2026-07-31,equityusd,3057000000.0,sharesbas -> shares_outstanding,159778689.0,2026-10-06,11.829999923706055,1890181878.6798534,19.133,19.132714250772203,0.6183126852076721,0.618312685207672,POSITIVE,1,,1.0,1
DXCM,725,usa,2026,Q2,2026-06-30,2026-07-30,equityusd,2621400000.0,sharesbas -> shares_outstanding,377360765.0,2026-10-06,83.38999938964844,31468113963.027267,6.859,6.946668130694509,12.004316000239287,12.004316000239287,POSITIVE,1,,1.0,1
DXLG,726,usa,2027,Q2,2026-08-01,2026-09-09,,,sharesbas -> shares_outstanding,55453550.0,2026-10-06,0.38999998569488525,21626883.706730604,,,,,MISSING,0,sharefactor missing/nonunit,,0
DXPE,727,usa,2026,Q2,2026-06-30,2026-08-06,equityusd,540741000.0,sharesbas -> shares_outstanding,15517148.0,2026-10-06,191.64999389648438,2973861319.4908447,34.875,34.84796304063092,5.499603912946946,5.499603912946946,POSITIVE,1,,1.0,1
DY,728,usa,2027,Q2,2026-08-01,2026-08-27,equityusd,2063906000.0,sharesbas -> shares_outstanding,30160957.0,2026-10-06,290.42999267578125,8759646520.604553,68.607,68.42972522390453,4.244208079536836,4.244208079536836,POSITIVE,1,,1.0,1
DYN,729,usa,2026,Q2,2026-06-30,2026-07-29,equityusd,702151000.0,sharesbas -> shares_outstanding,186746431.0,2026-10-06,15.399999618530273,2875894966.16189,4.244,3.759916568365368,4.095835462972907,4.095835462972907,POSITIVE,1,,1.0,1
EAF,730,usa,2026,Q2,2026-06-30,2026-07-24,equityusd,-345558000.0,sharesbas -> shares_outstanding,26092164.0,2026-10-06,9.399999618530273,245266331.64662933,-13.162,-13.243746283366914,,,NEGATIVE,0,,1.0,0
EAT,731,usa,2026,Q4,2026-06-24,2026-08-19,equityusd,443700000.0,sharesbas -> shares_outstanding,41765010.0,2026-10-06,190.44000244140625,7953728606.365356,10.465,10.623725458224481,17.925915272403326,17.925915272403326,POSITIVE,1,,1.0,1
EBAY,732,usa,2026,Q2,2026-06-30,2026-08-06,equityusd,4665000000.0,sharesbas -> shares_outstanding,445000000.0,2026-10-06,107.05999755859375,47641698913.57422,10.483,10.48314606741573,10.212582832491794,10.212582832491794,POSITIVE,1,multi-class ownership validation required,1.0,0
EBF,733,usa,2027,Q1,2026-05-31,2026-07-01,equityusd,310665000.0,sharesbas -> shares_outstanding,25298272.0,2026-10-06,22.559999465942383,570729002.8092651,12.249,12.280087746704597,1.8371203798601874,1.8371203798601874,POSITIVE,1,,1.0,1
EBS,734,usa,2026,Q2,2026-06-30,2026-08-06,equityusd,341400000.0,sharesbas -> shares_outstanding,51273336.0,2026-10-06,6.949999809265137,356349675.42038727,6.616,6.6584315871313695,1.0437893246057037,1.0437893246057037,POSITIVE,1,,1.0,1
ECL,735,usa,2026,Q2,2026-06-30,2026-08-06,equityusd,10055500000.0,sharesbas -> shares_outstanding,280328603.0,2026-10-06,280.82000732421875,78721880347.64801,35.823,35.87040313542318,7.828738535890608,7.828738535890608,POSITIVE,1,,1.0,1
ECOR,736,usa,2026,Q2,2026-06-30,2026-08-06,equityusd,-2790000.0,sharesbas -> shares_outstanding,9015885.0,2026-10-06,9.920000076293945,89437579.88785744,-0.297,-0.3094538140182578,,,NEGATIVE,0,,1.0,0
ECVT,737,usa,2026,Q2,2026-06-30,2026-08-06,equityusd,586948000.0,sharesbas -> shares_outstanding,109468398.0,2026-10-06,10.369999885559082,1135187274.732336,5.362,5.361803138838297,1.9340508439117878,1.9340508439117878,POSITIVE,1,,1.0,1
ED,738,usa,2026,Q2,2026-06-30,2026-08-06,equityusd,25719000000.0,sharesbas -> shares_outstanding,369828633.0,2026-10-06,105.12000274658203,38876386916.72468,69.737,69.5430199424283,1.5115823677718683,1.5115823677718683,POSITIVE,1,,1.0,1
EDBL,739,usa,2026,Q2,2026-06-30,2026-08-14,equityusd,5573000.0,sharesbas -> shares_outstanding,1951509.0,2026-10-06,1.1399999856948853,2224720.23208344,30.889,2.855738815449993,0.39919616581436207,0.39919616581436207,POSITIVE,1,multi-class ownership validation required,1.0,0
EDIT,740,usa,2026,Q2,2026-06-30,2026-08-05,equityusd,105281000.0,sharesbas -> shares_outstanding,153580035.0,2026-10-06,2.7300000190734863,419273498.4793067,0.883,0.6855122802908594,3.982423214818502,3.982423214818502,POSITIVE,1,,1.0,1
EDSA,741,usa,2026,Q3,2026-06-30,2026-08-13,equityusd,8811154.0,sharesbas -> shares_outstanding,9641031.0,2026-10-06,3.7200000286102295,35864635.59583211,0.978,0.913922380293145,4.0703675813442945,4.0703675813442945,POSITIVE,1,,1.0,1
EE,742,usa,2026,Q2,2026-06-30,2026-08-06,equityusd,686812000.0,sharesbas -> shares_outstanding,113402105.0,2026-10-06,34.599998474121094,3923712659.96212,21.643,6.056430786712469,5.712935504857399,5.712935504857399,POSITIVE,1,,1.0,1
EEFT,743,usa,2026,Q2,2026-06-30,2026-08-04,equityusd,1229900000.0,sharesbas -> shares_outstanding,37403595.0,2026-10-06,63.540000915527344,2376624460.544014,32.477,32.881866034534916,1.9323721119961086,1.9323721119961086,POSITIVE,1,,1.0,1
EFC,744,usa,2026,Q2,2026-06-30,2026-08-10,equityusd,1966152000.0,sharesbas -> shares_outstanding,128887386.0,2026-10-06,11.670000076293945,1504115804.4533272,15.255,15.254805462498867,0.7650048442100749,0.7650048442100749,POSITIVE,1,multi-class ownership validation required,1.0,0
EFX,745,usa,2026,Q2,2026-06-30,2026-07-21,equityusd,4380200000.0,sharesbas -> shares_outstanding,117484896.0,2026-10-06,142.47999572753906,16739247480.130371,36.995,37.283090415299,3.8215714990480736,3.8215714990480736,POSITIVE,1,,1.0,1
EGHT,746,usa,2027,Q1,2026-06-30,2026-08-05,equityusd,147817000.0,sharesbas -> shares_outstanding,144435501.0,2026-10-06,2.1700000762939453,313425048.1895542,1.041,1.0234118272626063,2.1203586068554645,2.1203586068554645,POSITIVE,1,,1.0,1
EGP,747,usa,2026,Q2,2026-06-30,2026-07-22,equityusd,3574995000.0,sharesbas -> shares_outstanding,53773317.0,2026-10-06,192.86000061035156,10370721949.440628,66.608,66.48269438167632,2.900905301808989,2.900905301808989,POSITIVE,1,,1.0,1
EGY,748,usa,2026,Q2,2026-06-30,2026-08-10,equityusd,380335000.0,sharesbas -> shares_outstanding,105191778.0,2026-10-06,5.78000020980835,608008498.9101133,3.639,3.6156342941555755,1.598613061932542,1.5986130619325418,POSITIVE,1,,1.0,1
EHC,749,usa,2026,Q2,2026-06-30,2026-08-07,equityusd,2597700000.0,sharesbas -> shares_outstanding,98653384.0,2026-10-06,124.69000244140625,12301090691.812988,26.293,26.33158534125905,4.735377715599564,4.735377715599564,POSITIVE,1,,1.0,1
EIX,750,usa,2026,Q2,2026-06-30,2026-07-30,equityusd,17529000000.0,sharesbas -> shares_outstanding,384813979.0,2026-10-06,54.25,20876158360.75,45.53,45.551879496560595,1.190949761010326,1.1909497610103257,POSITIVE,1,,1.0,1
EL,751,usa,2026,Q4,2026-06-30,2026-08-19,equityusd,3806000000.0,sharesbas -> shares_outstanding,361798567.0,2026-10-06,93.36000061035156,33777514435.94432,10.479,10.519665767498742,8.874806735665874,8.874806735665874,POSITIVE,1,,1.0,1
ELAB,752,usa,2026,Q2,2026-06-30,2026-08-14,equityusd,16736899.0,sharesbas -> shares_outstanding,809579.0,2026-10-06,3.2699999809265137,2647323.314558506,34.322,20.673583430400246,0.15817286789855792,0.15817286789855792,POSITIVE,1,,1.0,1
ELAN,753,usa,2026,Q2,2026-06-30,2026-08-05,equityusd,6588000000.0,sharesbas -> shares_outstanding,499621830.0,2026-10-06,22.479999542236328,11231498509.691277,13.189,13.18597307887848,1.704841911003533,1.704841911003533,POSITIVE,1,multi-class ownership validation required,1.0,0
ELDN,754,usa,2026,Q2,2026-06-30,2026-08-13,equityusd,33013000.0,sharesbas -> shares_outstanding,81261152.0,2026-10-06,2.450000047683716,199089826.27483368,0.291,0.4062580850441303,6.0306493282898765,6.030649328289876,POSITIVE,1,,1.0,1
ELF,755,usa,2027,Q1,2026-06-30,2026-08-06,equityusd,1168890000.0,sharesbas -> shares_outstanding,59007996.0,2026-10-06,102.79000091552734,6065431962.863434,19.763,19.809010290740936,5.189052830346255,5.189052830346255,POSITIVE,1,,1.0,1
ELME,756,usa,2026,Q2,2026-06-30,2026-07-31,equityusd,-125098000.0,sharesbas -> shares_outstanding,88857883.0,2026-10-06,1.75,155501295.25,-1.408,-1.4078435787177148,,,NEGATIVE,0,,1.0,0
ELS,757,usa,2026,Q2,2026-06-30,2026-07-28,equityusd,1758170000.0,sharesbas -> shares_outstanding,194064619.0,2026-10-06,58.7400016784668,11399356045.79102,9.076,9.059714280015154,6.483648364942536,6.483648364942536,POSITIVE,1,multi-class ownership validation required,1.0,0
ELVN,758,usa,2026,Q2,2026-06-30,2026-08-05,equityusd,895149000.0,sharesbas -> shares_outstanding,73270761.0,2026-10-06,42.38999938964844,3105947514.0690765,13.528,12.21700154035523,3.4697547716291663,3.4697547716291663,POSITIVE,1,,1.0,1
EMBC,759,usa,2026,Q3,2026-06-30,2026-08-07,equityusd,-612700000.0,sharesbas -> shares_outstanding,56659599.0,2026-10-06,5.949999809265137,337124603.24303913,-10.814,-10.813701664214037,,,NEGATIVE,0,,1.0,0
EME,760,usa,2026,Q2,2026-06-30,2026-07-30,equityusd,4078907000.0,sharesbas -> shares_outstanding,44109901.0,2026-10-06,824.52001953125,36369496434.041504,92.471,92.47146122590482,8.916480918550363,8.916480918550363,POSITIVE,1,,1.0,1
EMN,761,usa,2026,Q2,2026-06-30,2026-07-31,equityusd,6096000000.0,sharesbas -> shares_outstanding,114377421.0,2026-10-06,64.11000061035156,7332736530.120438,53.297,53.297232501858915,1.2028767273819614,1.2028767273819616,POSITIVE,1,,1.0,1
EMPD,762,usa,2026,Q2,2026-06-30,2026-08-07,equityusd,113390575.0,sharesbas -> shares_outstanding,28110111.0,2026-10-06,3.180000066757202,89390154.85655236,4.041,4.033800328999057,0.7883384915946705,0.7883384915946706,POSITIVE,1,,1.0,1
EMR,763,usa,2026,Q3,2026-06-30,2026-08-04,equityusd,20379000000.0,sharesbas -> shares_outstanding,557800000.0,2026-10-06,161.39999389648438,90028916595.45898,36.469,36.53460021513087,4.4177298491318995,4.4177298491318995,POSITIVE,1,,1.0,1
ENB,764,usa,2026,Q2,2026-06-30,2026-07-31,equityusd,46677857143.0,sharesbas -> shares_outstanding,2184085509.0,2026-10-06,46.540000915527344,101647341588.45001,29.921,21.371808452853024,2.1776351317295517,2.177635131729552,POSITIVE,1,multi-class ownership validation required,1.0,0
ENGN,765,usa,2026,Q3,2026-07-31,2026-09-08,equityusd,230290000.0,sharesbas -> shares_outstanding,67016316.0,2026-10-06,1.7999999523162842,120629365.60441303,3.302,3.4363273564604775,0.5238150401859092,0.5238150401859092,POSITIVE,1,multi-class ownership validation required,1.0,0
ENOV,766,usa,2026,Q2,2026-07-03,2026-08-06,equityusd,1477067000.0,sharesbas -> shares_outstanding,57669494.0,2026-10-06,18.200000762939453,1049584834.7983322,25.613,25.612622853947705,0.7105871533236693,0.7105871533236693,POSITIVE,1,multi-class ownership validation required,1.0,0
ENPH,767,usa,2026,Q2,2026-06-30,2026-07-28,equityusd,1181836000.0,sharesbas -> shares_outstanding,132144648.0,2026-10-06,33.90999984741211,4481024993.516327,8.956,8.943502577569392,3.791579367624888,3.791579367624888,POSITIVE,1,,1.0,1
ENR,768,usa,2026,Q3,2026-06-30,2026-08-04,equityusd,203200000.0,sharesbas -> shares_outstanding,68483637.0,2026-10-06,21.59000015258789,1478561733.2797737,2.966,2.9671321340599945,7.276386482676052,7.276386482676052,POSITIVE,1,multi-class ownership validation required,1.0,0
ENS,769,usa,2027,Q1,2026-07-05,2026-08-12,equityusd,1969900000.0,sharesbas -> shares_outstanding,36065224.0,2026-10-06,192.49000549316406,6942195165.872192,54.018,54.62048426484194,3.52413582713447,3.52413582713447,POSITIVE,1,,1.0,1
ENSC,770,usa,2026,Q2,2026-06-30,2026-08-13,equityusd,-781697.0,sharesbas -> shares_outstanding,19456794.0,2026-10-06,0.4300000071525574,8366421.559165835,-0.06,-0.0401760433913213,,,NEGATIVE,0,multi-class ownership validation required,1.0,0
ENSG,771,usa,2026,Q2,2026-06-30,2026-07-27,equityusd,2441688000.0,sharesbas -> shares_outstanding,58282434.0,2026-10-06,172.05999755859375,10028075451.748901,42.129,41.89406365561191,4.10702573455286,4.107025734552859,POSITIVE,1,,1.0,1
ENTA,772,usa,2026,Q3,2026-06-30,2026-08-12,equityusd,101068000.0,sharesbas -> shares_outstanding,29125402.0,2026-10-06,12.170000076293945,354456144.5620918,3.474,3.470098026458141,3.5071055582587154,3.5071055582587154,POSITIVE,1,,1.0,1
ENTG,773,usa,2026,Q2,2026-06-27,2026-08-04,equityusd,4156200000.0,sharesbas -> shares_outstanding,152800000.0,2026-10-06,166.88999938964844,25500791906.73828,27.2,27.20026178010471,6.135602691578433,6.135602691578432,POSITIVE,1,,1.0,1
ENVX,774,usa,2026,Q2,2026-07-05,2026-08-12,equityusd,209945000.0,sharesbas -> shares_outstanding,219448535.0,2026-10-06,2.700000047683716,592511054.9641216,0.961,0.9566935591527189,2.8222203670681445,2.8222203670681445,POSITIVE,1,multi-class ownership validation required,1.0,0
EOG,775,usa,2026,Q2,2026-06-30,2026-08-04,equityusd,31864000000.0,sharesbas -> shares_outstanding,524529176.0,2026-10-06,144.27999877929688,75679068872.9856,60.578,60.747812434364945,2.3750649282257594,2.3750649282257594,POSITIVE,1,,1.0,1
EOLS,776,usa,2026,Q2,2026-06-30,2026-08-05,equityusd,-30903000.0,sharesbas -> shares_outstanding,66050440.0,2026-10-06,7.380000114440918,487452254.758873,-0.469,-0.4678697068482814,,,NEGATIVE,0,,1.0,0
EOSE,777,usa,2026,Q2,2026-06-30,2026-08-05,equityusd,-1030784000.0,sharesbas -> shares_outstanding,364167744.0,2026-10-06,3.259999990463257,1187186841.9670258,-2.831,-2.8305197727781186,,,NEGATIVE,0,multi-class ownership validation required,1.0,0
EPAC,778,usa,2026,Q3,2026-05-31,2026-07-09,equityusd,424028000.0,sharesbas -> shares_outstanding,51137646.0,2026-10-06,35.70000076293945,1825614001.2149277,8.263,8.291895172491905,4.3054090796242885,4.3054090796242885,POSITIVE,1,,1.0,1
EPAM,779,usa,2026,Q2,2026-06-30,2026-08-06,equityusd,3518719000.0,sharesbas -> shares_outstanding,51586981.0,2026-10-06,109.30999755859375,5638972767.165222,67.412,68.20943834646963,1.6025641056206028,1.6025641056206028,POSITIVE,1,,1.0,1
EPC,780,usa,2026,Q3,2026-06-30,2026-08-05,equityusd,1459900000.0,sharesbas -> shares_outstanding,46088915.0,2026-10-06,26.8700008392334,1238409184.7293568,31.668,31.67572940261232,0.8482835706071353,0.8482835706071352,POSITIVE,1,,1.0,1
EPD,781,usa,2026,Q2,2026-06-30,2026-08-07,equityusd,30248000000.0,sharesbas -> shares_outstanding,2159477169.0,2026-10-06,37.2599983215332,80462115692.32927,14.007,14.00709414029466,2.6600805240785927,2.6600805240785927,POSITIVE,1,,1.0,1
EPR,782,usa,2026,Q2,2026-06-30,2026-07-30,equityusd,2309424000.0,sharesbas -> shares_outstanding,76608922.0,2026-10-06,55.27000045776367,4234175154.0087814,30.18,30.145627163373998,1.8334334249617141,1.833433424961714,POSITIVE,1,multi-class ownership validation required,1.0,0
EPRT,783,usa,2026,Q2,2026-06-30,2026-07-22,equityusd,4408411000.0,sharesbas -> shares_outstanding,216273004.0,2026-10-06,25.579999923706055,5532263425.819679,20.385,20.383547268802907,1.2549336769687942,1.2549336769687942,POSITIVE,1,,1.0,1
EPSN,784,usa,2026,Q2,2026-06-30,2026-08-12,equityusd,129911043.0,sharesbas -> shares_outstanding,30283779.0,2026-10-06,5.96999979019165,180794154.2762103,4.295,4.289789692363031,1.391676566527222,1.3916765665272222,POSITIVE,1,,1.0,1
EQ,785,usa,2026,Q2,2026-06-30,2026-08-13,equityusd,56016000.0,sharesbas -> shares_outstanding,63408082.0,2026-10-06,1.4199999570846558,90039473.71882033,0.501,0.8834205078147609,1.6073884911243277,1.6073884911243275,POSITIVE,1,,1.0,1
EQIX,786,usa,2026,Q2,2026-06-30,2026-07-29,equityusd,14382000000.0,sharesbas -> shares_outstanding,98671686.0,2026-10-06,1047.3599853515625,103344775603.57397,145.801,145.7560986644132,7.185702656346404,7.185702656346403,POSITIVE,1,,1.0,1
VMRK,787,usa,2026,Q2,2026-06-30,2026-07-30,equityusd,10514980000.0,sharesbas -> shares_outstanding,374944409.0,2026-10-06,60.369998931884766,22635393570.846165,28.101,28.04410399942782,2.1526806109803505,2.1526806109803505,POSITIVE,1,,1.0,1
EQT,788,usa,2026,Q2,2026-06-30,2026-07-22,equityusd,25258876000.0,sharesbas -> shares_outstanding,625516000.0,2026-10-06,52.470001220703125,32820825283.569336,40.352,40.38086315937562,1.2993779012007238,1.2993779012007238,POSITIVE,1,,1.0,1
ERAS,789,usa,2026,Q2,2026-06-30,2026-08-11,equityusd,361869000.0,sharesbas -> shares_outstanding,349762035.0,2026-10-06,14.300000190734863,5001597167.211814,1.162,1.0346148632169299,13.821568488076661,13.821568488076663,POSITIVE,1,,1.0,1
ERII,790,usa,2026,Q2,2026-06-30,2026-08-05,equityusd,172478000.0,sharesbas -> shares_outstanding,51044875.0,2026-10-06,7.079999923706055,361397711.1055851,3.351,3.3789484252826556,2.0953264248517787,2.0953264248517787,POSITIVE,1,,1.0,1
ERNA,791,usa,2026,Q2,2026-06-30,2026-08-06,equityusd,3200000.0,sharesbas -> shares_outstanding,1632411.0,2026-10-06,2.240000009536743,3656600.6555678844,2.705,1.9602906375906557,1.142687704864964,1.142687704864964,POSITIVE,1,multi-class ownership validation required,1.0,0
ES,792,usa,2026,Q2,2026-06-30,2026-08-03,equityusd,16340177000.0,sharesbas -> shares_outstanding,376674754.0,2026-10-06,65.26000213623047,24581795250.704086,43.402,43.38006948031351,1.5043775383035378,1.5043775383035378,POSITIVE,1,,1.0,1
ESAB,793,usa,2026,Q2,2026-07-03,2026-08-06,equityusd,2538681000.0,sharesbas -> shares_outstanding,62167810.0,2026-10-06,71.83000183105469,4465513906.13266,40.836,40.835940658035085,1.7589897691488847,1.7589897691488847,POSITIVE,1,,1.0,1
ESE,794,usa,2026,Q3,2026-06-30,2026-08-10,equityusd,1617262000.0,sharesbas -> shares_outstanding,25907567.0,2026-10-06,268.2200012207031,6948927652.365448,62.424,62.42431024109674,4.2967235069923415,4.2967235069923415,POSITIVE,1,,1.0,1
ESI,795,usa,2026,Q2,2026-06-30,2026-07-28,equityusd,2812700000.0,sharesbas -> shares_outstanding,243690914.0,2026-10-06,37.7400016784668,9196895503.387108,11.546,11.542079898801644,3.2697747727760187,3.2697747727760187,POSITIVE,1,,1.0,1
ESOA,796,usa,2026,Q3,2026-06-30,2026-08-10,equityusd,84084215.0,sharesbas -> shares_outstanding,18659181.0,2026-10-06,11.3100004196167,211035344.93970394,4.515,4.50631863209859,2.5098093017780325,2.509809301778032,POSITIVE,1,,1.0,1
ESRT,797,usa,2026,Q2,2026-06-30,2026-08-06,equityusd,1039021000.0,sharesbas -> shares_outstanding,173132649.0,2026-10-06,4.429999828338623,766977605.3498111,6.075,6.00130019381844,0.7381733433201169,0.7381733433201167,POSITIVE,1,,1.0,1
ESS,798,usa,2026,Q2,2026-06-30,2026-07-30,equityusd,5323073000.0,sharesbas -> shares_outstanding,64268439.0,2026-10-06,272.489990234375,17512506315.488525,82.829,82.82561522927296,3.2899241313219876,3.2899241313219876,POSITIVE,1,multi-class ownership validation required,1.0,0
ESTA,799,usa,2026,Q2,2026-06-30,2026-08-07,equityusd,21607000.0,sharesbas -> shares_outstanding,29801891.0,2026-10-06,65.29000091552734,1945765490.674446,0.717,0.7250211068821103,90.05255198197094,90.05255198197094,POSITIVE,1,,1.0,1
ESTC,800,usa,2027,Q1,2026-07-31,2026-08-28,equityusd,1296843000.0,sharesbas -> shares_outstanding,104991280.0,2026-10-06,94.5999984741211,9932174927.79602,12.393,12.351911511127401,7.6587334995801495,7.65873349958015,POSITIVE,1,,1.0,1
ET,801,usa,2026,Q2,2026-06-30,2026-08-06,equityusd,35331000000.0,sharesbas -> shares_outstanding,3443299601.0,2026-10-06,20.739999771118164,71414032936.63127,10.261,10.260797518095492,2.0212853566734954,2.0212853566734954,POSITIVE,1,multi-class ownership validation required,1.0,0
ETD,802,usa,2026,Q4,2026-06-30,2026-09-03,equityusd,471546000.0,sharesbas -> shares_outstanding,25202503.0,2026-10-06,21.06999969482422,531016730.51880646,18.531,18.710284450715072,1.1261186194322643,1.126118619432264,POSITIVE,1,,1.0,1
ETN,803,usa,2026,Q2,2026-06-30,2026-07-31,equityusd,20254000000.0,sharesbas -> shares_outstanding,388400000.0,2026-10-06,445.0899963378906,172872954577.63672,52.134,52.14727085478888,8.535250053206118,8.535250053206118,POSITIVE,1,,1.0,1
ETON,804,usa,2026,Q2,2026-06-30,2026-08-13,equityusd,46585000.0,sharesbas -> shares_outstanding,28583135.0,2026-10-06,54.77000045776367,1565498317.0343208,1.685,1.6298072272338215,33.60520161069702,33.60520161069702,POSITIVE,1,,1.0,1
ETR,805,usa,2026,Q2,2026-06-30,2026-07-31,equityusd,18229120000.0,sharesbas -> shares_outstanding,466631498.0,2026-10-06,103.25,48179702168.5,39.737,39.06534402013299,2.643007570771381,2.643007570771381,POSITIVE,1,,1.0,1
ETSY,806,usa,2026,Q2,2026-06-30,2026-08-05,equityusd,-1395078000.0,sharesbas -> shares_outstanding,91781748.0,2026-10-06,71.38999938964844,6552298933.700867,-14.785,-15.19995021232326,,,NEGATIVE,0,,1.0,0
EU,807,usa,2026,Q2,2026-06-30,2026-08-13,equityusd,221919000.0,sharesbas -> shares_outstanding,194280971.0,2026-10-06,1.1399999856948853,221480304.16078842,1.143,1.1422580341128725,0.9980231713408425,0.9980231713408425,POSITIVE,1,,1.0,1
EVC,808,usa,2026,Q2,2026-06-30,2026-08-10,equityusd,83558000.0,sharesbas -> shares_outstanding,92288305.0,2026-10-06,6.699999809265137,618331625.8974028,0.907,0.9054018274579861,7.400029032497221,7.400029032497221,POSITIVE,1,,1.0,1
EVCM,809,usa,2026,Q2,2026-06-30,2026-08-05,equityusd,715278000.0,sharesbas -> shares_outstanding,176665246.0,2026-10-06,9.270000457763672,1637686911.2909317,4.043,4.048775954496449,2.2895809898961406,2.2895809898961406,POSITIVE,1,,1.0,1
EVER,810,usa,2026,Q2,2026-06-30,2026-08-04,equityusd,256778000.0,sharesbas -> shares_outstanding,35239751.0,2026-10-06,19.389999389648438,683298750.3813629,7.299,7.286600861623568,2.66104865051275,2.66104865051275,POSITIVE,1,,1.0,1
EVEX,811,usa,2026,Q2,2026-06-30,2026-08-04,equityusd,22831000.0,sharesbas -> shares_outstanding,348486333.0,2026-10-06,1.7100000381469727,595911642.7236986,0.066,0.0655147643910615,26.10098737347022,26.100987373470222,POSITIVE,1,multi-class ownership validation required,1.0,0
EVGO,812,usa,2026,Q2,2026-06-30,2026-08-06,equityusd,-20450000.0,sharesbas -> shares_outstanding,314515720.0,2026-10-06,1.3200000524520874,415160766.89700603,-0.065,-0.06502059738063332,,,NEGATIVE,0,multi-class ownership validation required,1.0,0
EVH,813,usa,2026,Q2,2026-06-30,2026-08-06,equityusd,383223000.0,sharesbas -> shares_outstanding,113059335.0,2026-10-06,3.8399999141693115,434147836.69603944,3.405,3.389574155906719,1.1328856480327105,1.1328856480327105,POSITIVE,1,,1.0,1
EVLV,814,usa,2026,Q2,2026-06-30,2026-08-11,equityusd,118858000.0,sharesbas -> shares_outstanding,181126146.0,2026-10-06,4.679999828338623,847670332.1876364,0.66,0.6562166899968158,7.131790305975503,7.131790305975503,POSITIVE,1,multi-class ownership validation required,1.0,0
EVRG,815,usa,2026,Q2,2026-06-30,2026-08-06,equityusd,10223000000.0,sharesbas -> shares_outstanding,230567172.0,2026-10-06,80.3499984741211,18526071918.382416,44.275,44.33848891549921,1.8121952380301687,1.812195238030169,POSITIVE,1,,1.0,1
EVTC,816,usa,2026,Q2,2026-06-30,2026-08-06,equityusd,644908000.0,sharesbas -> shares_outstanding,59752542.0,2026-10-06,29.049999237060547,1735811299.5124283,10.793,10.792980154718773,2.691564222357962,2.6915642223579614,POSITIVE,1,,1.0,1
EW,817,usa,2026,Q2,2026-06-30,2026-08-04,equityusd,10618000000.0,sharesbas -> shares_outstanding,576400000.0,2026-10-06,86.4800033569336,49847073934.93652,18.421,18.421235253296324,4.694582212745952,4.694582212745953,POSITIVE,1,,1.0,1
EWTX,818,usa,2026,Q2,2026-06-30,2026-08-06,equityusd,448077000.0,sharesbas -> shares_outstanding,108604129.0,2026-10-06,40.02000045776367,4346337292.295025,4.162,4.12578236321015,9.699978557915324,9.699978557915324,POSITIVE,1,,1.0,1
EXC,819,usa,2026,Q2,2026-06-30,2026-07-30,equityusd,29698000000.0,sharesbas -> shares_outstanding,1032253967.0,2026-10-06,41.68000030517578,43024345659.57891,28.974,28.770051701821167,1.4487287244790528,1.4487287244790528,POSITIVE,1,multi-class ownership validation required,1.0,0
EXE,820,usa,2026,Q2,2026-06-30,2026-07-28,equityusd,19410000000.0,sharesbas -> shares_outstanding,231503789.0,2026-10-06,88.2300033569336,20425580080.612846,81.478,83.84312016595115,1.0523225183211153,1.0523225183211151,POSITIVE,1,multi-class ownership validation required,1.0,0
EXEL,821,usa,2026,Q2,2026-06-30,2026-08-05,equityusd,1843762000.0,sharesbas -> shares_outstanding,247781692.0,2026-10-06,58.33000183105469,14453106548.061829,7.351,7.441074379296756,7.838922023591889,7.8389220235918895,POSITIVE,1,,1.0,1
EXFY,822,usa,2026,Q2,2026-06-30,2026-08-06,equityusd,134562000.0,sharesbas -> shares_outstanding,91186664.0,2026-10-06,2.2300000190734863,203346262.4592476,1.41,1.4756763116150406,1.511171522861191,1.511171522861191,POSITIVE,1,,1.0,1
EXLS,823,usa,2026,Q2,2026-06-30,2026-07-28,equityusd,866242000.0,sharesbas -> shares_outstanding,151612499.0,2026-10-06,35.40999984741211,5368598566.455769,5.678,5.71352629706341,6.19757361852204,6.197573618522039,POSITIVE,1,,1.0,1
EXP,824,usa,2027,Q1,2026-06-30,2026-07-29,equityusd,1486932000.0,sharesbas -> shares_outstanding,30675325.0,2026-10-06,171.5399932861328,5262045044.549942,48.064,48.47322726002088,3.538860583099928,3.538860583099928,POSITIVE,1,multi-class ownership validation required,1.0,0
EXPD,825,usa,2026,Q2,2026-06-30,2026-08-05,equityusd,2118702000.0,sharesbas -> shares_outstanding,129990622.0,2026-10-06,191.8000030517578,24932201696.299896,16.179,16.29888346868592,11.767677425282034,11.767677425282034,POSITIVE,1,,1.0,1
EXPE,826,usa,2026,Q2,2026-06-30,2026-08-06,equityusd,1209000000.0,sharesbas -> shares_outstanding,120019343.0,2026-10-06,260.07000732421875,31213431413.057922,10.056,10.073376255692384,25.817561135697208,25.817561135697208,POSITIVE,1,,1.0,1
EXPO,827,usa,2026,Q2,2026-07-03,2026-08-07,equityusd,288616000.0,sharesbas -> shares_outstanding,47546084.0,2026-10-06,69.18000030517578,3289238105.6299133,5.92,6.070237035714655,11.396589605669519,11.396589605669517,POSITIVE,1,,1.0,1
EXR,828,usa,2026,Q2,2026-06-30,2026-07-31,equityusd,13257895000.0,sharesbas -> shares_outstanding,211269558.0,2026-10-06,133.88999938964844,28286880991.671295,62.845,62.7534564160919,2.133587646581248,2.133587646581248,POSITIVE,1,,1.0,1
EXTR,829,usa,2026,Q4,2026-06-30,2026-08-17,equityusd,88590000.0,sharesbas -> shares_outstanding,130490653.0,2026-10-06,24.540000915527344,3202240744.087761,0.675,0.6788992005427392,36.146751823995494,36.146751823995494,POSITIVE,1,,1.0,1
EYE,830,usa,2026,Q2,2026-07-04,2026-08-13,equityusd,896996000.0,sharesbas -> shares_outstanding,79069313.0,2026-10-06,16.739999771118164,1323620281.5224705,11.276,11.34442637689289,1.4756144748945041,1.475614474894504,POSITIVE,1,,1.0,1
EYPT,831,usa,2026,Q2,2026-06-30,2026-08-05,equityusd,166411000.0,sharesbas -> shares_outstanding,86212138.0,2026-10-06,3.1700000762939453,273292484.03746414,1.923,1.930250239241254,1.6422741527751419,1.6422741527751419,POSITIVE,1,,1.0,1
F,832,usa,2026,Q2,2026-06-30,2026-07-28,equityusd,35719000000.0,sharesbas -> shares_outstanding,3987595667.0,2026-10-06,12.279999732971191,48967673725.95708,8.959,8.957528040166766,1.370913903691511,1.3709139036915108,POSITIVE,1,multi-class ownership validation required,1.0,0
FA,833,usa,2026,Q2,2026-06-30,2026-08-06,equityusd,1293954000.0,sharesbas -> shares_outstanding,171753691.0,2026-10-06,18.489999771118164,3175725707.2787,7.534,7.533776959704464,2.4542802196049474,2.4542802196049474,POSITIVE,1,,1.0,1
FANG,834,usa,2026,Q2,2026-06-30,2026-08-05,equityusd,37900000000.0,sharesbas -> shares_outstanding,280024353.0,2026-10-06,184.97999572753906,51798903621.54689,134.779,135.34537119348332,1.366725689222873,1.3667256892228732,POSITIVE,1,,1.0,1
FAST,835,usa,2026,Q2,2026-06-30,2026-07-16,equityusd,4068800000.0,sharesbas -> shares_outstanding,1147497573.0,2026-10-06,50.810001373291016,58304353259.9781,3.545,3.5458027064602775,14.329618870423248,14.329618870423246,POSITIVE,1,,1.0,1
FBIN,836,usa,2026,Q2,2026-06-27,2026-08-05,equityusd,2308400000.0,sharesbas -> shares_outstanding,119371477.0,2026-10-06,39.349998474121094,4697267437.803581,19.338,19.337952901428874,2.034858533098068,2.0348585330980686,POSITIVE,1,,1.0,1
FBIO,837,usa,2026,Q2,2026-06-30,2026-08-13,equityusd,164140000.0,sharesbas -> shares_outstanding,33350993.0,2026-10-06,2.049999952316284,68369534.05970073,5.163,4.921592589462029,0.4165318268533004,0.4165318268533004,POSITIVE,1,multi-class ownership validation required,1.0,0
FBRT,838,usa,2026,Q2,2026-06-30,2026-07-29,equityusd,1372624000.0,sharesbas -> shares_outstanding,83045416.0,2026-10-06,6.139999866485596,509898843.15224075,17.974,16.528594425970482,0.37147743530073846,0.3714774353007384,POSITIVE,1,multi-class ownership validation required,1.0,0
FC,839,usa,2026,Q3,2026-05-31,2026-07-07,equityusd,42936000.0,sharesbas -> shares_outstanding,11293873.0,2026-10-06,17.450000762939453,197078092.4665413,3.813,3.801707350525369,4.590043144832804,4.590043144832804,POSITIVE,1,,1.0,1
FCEL,840,usa,2026,Q3,2026-07-31,2026-09-02,equityusd,975110000.0,sharesbas -> shares_outstanding,79954196.0,2026-10-06,20.649999618530273,1651054116.8998947,13.85,12.19585773834809,1.6931978104007699,1.6931978104007699,POSITIVE,1,,1.0,1
FCN,841,usa,2026,Q2,2026-06-30,2026-07-30,equityusd,1333950000.0,sharesbas -> shares_outstanding,27611575.0,2026-10-06,137.61000061035156,3799628852.602768,48.311,48.311260766544464,2.8484042524853015,2.8484042524853015,POSITIVE,1,,1.0,1
FCPT,842,usa,2026,Q2,2026-06-30,2026-07-30,equityusd,1620296000.0,sharesbas -> shares_outstanding,109756406.0,2026-10-06,21.299999237060547,2337811364.0625076,14.798,14.762655402546617,1.442829806444321,1.442829806444321,POSITIVE,1,,1.0,1
FCUV,843,usa,2026,Q2,2026-06-30,2026-08-14,equityusd,8200036.0,sharesbas -> shares_outstanding,702745.0,2026-10-06,4.260000228881836,2993693.860845566,14.522,11.6685796412639,0.3650830143728108,0.36508301437281077,POSITIVE,1,,1.0,1
FCX,844,usa,2026,Q2,2026-06-30,2026-08-06,equityusd,20109000000.0,sharesbas -> shares_outstanding,1436017523.0,2026-10-06,72.55999755859375,104197427962.97784,13.984,14.003311016699898,5.1816315064388005,5.1816315064388005,POSITIVE,1,multi-class ownership validation required,1.0,0
FDMT,845,usa,2026,Q2,2026-06-30,2026-08-13,equityusd,407659000.0,sharesbas -> shares_outstanding,55244211.0,2026-10-06,12.5600004196167,693867313.3413935,5.801,7.379216620543282,1.7020777496422095,1.7020777496422095,POSITIVE,1,,1.0,1
FDS,846,usa,2026,Q3,2026-05-31,2026-07-01,equityusd,2032290000.0,sharesbas -> shares_outstanding,35565543.0,2026-10-06,272.010009765625,9674183698.749756,56.262,57.142105211215245,4.760237809933502,4.760237809933502,POSITIVE,1,,1.0,1
FDX,847,usa,2026,Q4,2026-05-31,2026-07-20,equityusd,31647000000.0,sharesbas -> shares_outstanding,236581188.0,2026-10-06,289.0299987792969,68379060478.844604,133.768,133.76803230863817,2.160680648366183,2.1606806483661836,POSITIVE,1,,1.0,1
FE,848,usa,2026,Q2,2026-06-30,2026-07-28,equityusd,12935000000.0,sharesbas -> shares_outstanding,578639932.0,2026-10-06,44.2599983215332,25610602419.092087,22.379,22.35414337080352,1.9799460702815683,1.9799460702815683,POSITIVE,1,,1.0,1
FEIM,849,usa,2027,Q1,2026-07-31,2026-09-14,,,sharesbas -> shares_outstanding,11273287.0,2026-10-06,87.12999725341797,982241465.3469925,,,,,MISSING,0,sharefactor missing/nonunit,,0
FELE,850,usa,2026,Q2,2026-06-30,2026-07-29,equityusd,1407509000.0,sharesbas -> shares_outstanding,44211464.0,2026-10-06,99.25,4387987802.0,31.836,31.83583787227675,3.117555768382298,3.117555768382298,POSITIVE,1,,1.0,1
FERG,851,usa,2026,Q4,2026-06-30,2026-08-10,equityusd,6201000000.0,sharesbas -> shares_outstanding,193452717.0,2026-10-06,223.3300018310547,43203795641.832504,32.013,32.05434431815191,6.96723038894251,6.96723038894251,POSITIVE,1,,1.0,1
FF,852,usa,2026,Q2,2026-06-30,2026-08-10,equityusd,153082000.0,sharesbas -> shares_outstanding,43863318.0,2026-10-06,5.159999847412109,226334714.18698883,3.477,3.489977661972585,1.478519448315209,1.478519448315209,POSITIVE,1,,1.0,1
FFAI,853,usa,2026,Q2,2026-06-30,2026-08-13,equityusd,-27290000.0,sharesbas -> shares_outstanding,3855256.0,2026-10-06,1.149999976158142,4433544.308083534,-13.116,-7.078647954895862,,,NEGATIVE,0,multi-class ownership validation required,1.0,0
FFIV,854,usa,2026,Q3,2026-06-30,2026-08-06,equityusd,3855729000.0,sharesbas -> shares_outstanding,56627182.0,2026-10-06,469.7900085449219,26602884315.654846,67.971,68.0897205868376,6.899573158708729,6.899573158708728,POSITIVE,1,,1.0,1
FGI,855,usa,2026,Q2,2026-06-30,2026-08-14,equityusd,17081089.0,sharesbas -> shares_outstanding,1931271.0,2026-10-06,7.670000076293945,14812848.717344284,8.85,8.844480655485428,0.8672075133701537,0.8672075133701537,POSITIVE,1,multi-class ownership validation required,1.0,0
FHTX,856,usa,2026,Q2,2026-06-30,2026-08-06,equityusd,-81041000.0,sharesbas -> shares_outstanding,59385315.0,2026-10-06,1.9700000286102295,116989072.24902749,-1.147,-1.3646639745869833,,,NEGATIVE,0,,1.0,0
FICO,857,usa,2026,Q3,2026-06-30,2026-07-29,equityusd,-4097135000.0,sharesbas -> shares_outstanding,21597635.0,2026-10-06,695.4600219726562,15020291711.65741,-180.729,-189.70294664207447,,,NEGATIVE,0,,1.0,0
FIEE,858,usa,2026,Q2,2026-06-30,2026-08-14,equityusd,11276006.0,sharesbas -> shares_outstanding,8528598.0,2026-10-06,3.5999999046325684,30702951.986649513,1.334,1.32214063788679,2.7228570104210226,2.7228570104210226,POSITIVE,1,,1.0,1
FIGS,859,usa,2026,Q2,2026-06-30,2026-08-06,equityusd,442365000.0,sharesbas -> shares_outstanding,166140242.0,2026-10-06,14.100000381469727,2342577475.5774727,2.657,2.6625999497460704,5.2955759962417295,5.2955759962417295,POSITIVE,1,,1.0,1
FIP,860,usa,2026,Q2,2026-06-30,2026-08-10,equityusd,21324000.0,sharesbas -> shares_outstanding,118181737.0,2026-10-06,2.6700000762939453,315545246.806551,0.18,0.18043397009810408,14.797657419177968,14.797657419177968,POSITIVE,1,,1.0,1
FIS,861,usa,2026,Q2,2026-06-30,2026-08-04,equityusd,16038000000.0,sharesbas -> shares_outstanding,515705917.0,2026-10-06,33.41999816894531,17234890801.854263,31.081,31.099119617043293,1.0746284325884938,1.0746284325884938,POSITIVE,1,,1.0,1
FIVE,862,usa,2027,Q2,2026-08-01,2026-09-03,equityusd,2476123000.0,sharesbas -> shares_outstanding,55054035.0,2026-10-06,209.9199981689453,11556942926.393051,44.914,44.97623107915705,4.667354136443565,4.667354136443565,POSITIVE,1,,1.0,1
FIVN,863,usa,2026,Q2,2026-06-30,2026-08-06,equityusd,784804000.0,sharesbas -> shares_outstanding,74723531.0,2026-10-06,33.290000915527344,2487546415.401436,10.401,10.502769201310896,3.1696403374618836,3.169640337461883,POSITIVE,1,,1.0,1
FIX,864,usa,2026,Q2,2026-06-30,2026-07-23,equityusd,3217269000.0,sharesbas -> shares_outstanding,35194329.0,2026-10-06,1817.9599609375,63981880974.06152,91.345,91.41441508943103,19.88701627811088,19.887016278110885,POSITIVE,1,,1.0,1
FIZZ,865,usa,2027,Q1,2026-08-01,2026-09-10,,,sharesbas -> shares_outstanding,93615302.0,2026-10-06,30.020000457763672,2810331408.8936844,,,,,MISSING,0,sharefactor missing/nonunit,,0
FLEX,866,usa,2027,Q1,2026-06-26,2026-07-31,equityusd,5500000000.0,sharesbas -> shares_outstanding,369402978.0,2026-10-06,121.37999725341797,44838132455.04442,15.027,14.888889174033675,8.152387719098986,8.152387719098986,POSITIVE,1,,1.0,1
FLGT,867,usa,2026,Q2,2026-06-30,2026-07-30,equityusd,1001619000.0,sharesbas -> shares_outstanding,27515293.0,2026-10-06,20.579999923706055,566264727.8407497,35.766,36.40226546015701,0.5653494271182453,0.5653494271182453,POSITIVE,1,,1.0,1
FLL,868,usa,2026,Q2,2026-06-30,2026-08-06,equityusd,-13331000.0,sharesbas -> shares_outstanding,36644480.0,2026-10-06,1.3600000143051147,49836493.32420349,-0.364,-0.36379285502209335,,,NEGATIVE,0,,1.0,0
FLNC,869,usa,2026,Q3,2026-06-30,2026-08-05,equityusd,373210000.0,sharesbas -> shares_outstanding,184596369.0,2026-10-06,8.029999732971191,1482308793.7774515,2.702,2.021762410722174,3.9717820899157354,3.971782089915735,POSITIVE,1,,1.0,1
FLO,870,usa,2026,Q2,2026-07-18,2026-08-20,equityusd,1323501000.0,sharesbas -> shares_outstanding,212057418.0,2026-10-06,5.739999771118164,1217209530.7839088,6.239,6.241238870502516,0.9196891659197151,0.9196891659197151,POSITIVE,1,,1.0,1
FLR,871,usa,2026,Q2,2026-06-30,2026-08-07,equityusd,2686000000.0,sharesbas -> shares_outstanding,133741067.0,2026-10-06,52.0,6954535484.0,20.084,20.08358434885225,2.589179256887565,2.589179256887565,POSITIVE,1,,1.0,1
FLS,872,usa,2026,Q2,2026-06-30,2026-07-29,equityusd,2259612000.0,sharesbas -> shares_outstanding,127112780.0,2026-10-06,73.33999633789062,9322450819.699097,17.702,17.776434438771616,4.1256865425122085,4.1256865425122085,POSITIVE,1,,1.0,1
FLUT,873,usa,2026,Q2,2026-06-30,2026-08-05,equityusd,8750000000.0,sharesbas -> shares_outstanding,173539102.0,2026-10-06,76.25,13232356527.5,50.421,50.420913207214824,1.5122693174285713,1.5122693174285715,POSITIVE,1,,1.0,1
FLUX,874,usa,2026,Q4,2026-06-30,2026-08-20,equityusd,2558000.0,sharesbas -> shares_outstanding,21621642.0,2026-10-06,0.49300000071525574,10659469.521465003,0.119,0.11830738849528634,4.1671108371638015,4.1671108371638015,POSITIVE,1,,1.0,1
FLWS,875,usa,2026,Q4,2026-06-28,2026-09-11,,,sharesbas -> shares_outstanding,64185096.0,2026-10-06,2.5899999141693115,166239393.13094902,,,,,MISSING,0,sharefactor missing/nonunit,,0
FLYW,876,usa,2026,Q2,2026-06-30,2026-08-05,equityusd,816590000.0,sharesbas -> shares_outstanding,121667674.0,2026-10-06,18.21500015258789,2216176700.4750137,6.671,6.711643061410051,2.713940533774616,2.713940533774616,POSITIVE,1,,1.0,1
FMC,877,usa,2026,Q2,2026-06-30,2026-07-30,equityusd,1636800000.0,sharesbas -> shares_outstanding,125226839.0,2026-10-06,9.029999732971191,1130798322.7308264,13.071,13.070680479286073,0.6908591903291951,0.690859190329195,POSITIVE,1,,1.0,1
FN,878,usa,2026,Q4,2026-06-26,2026-08-18,equityusd,2454256000.0,sharesbas -> shares_outstanding,35834864.0,2026-10-06,489.1600036621094,17528982205.47119,68.492,68.48793956633963,7.142279454739519,7.142279454739518,POSITIVE,1,,1.0,1
FND,879,usa,2026,Q2,2026-06-25,2026-07-30,equityusd,2495874000.0,sharesbas -> shares_outstanding,106489965.0,2026-10-06,46.959999084472656,5000768658.905525,23.438,23.4376450400749,2.003614228484902,2.0036142284849014,POSITIVE,1,,1.0,1
FNGR,880,usa,2027,Q1,2026-05-31,2026-07-15,equityusd,13376997.0,sharesbas -> shares_outstanding,61310361.0,2026-10-06,0.22100000083446503,13549589.832161352,0.218,0.21818493288597665,1.0129022105754641,1.0129022105754641,POSITIVE,1,,1.0,1
FNKO,881,usa,2026,Q2,2026-06-30,2026-08-06,equityusd,187701000.0,sharesbas -> shares_outstanding,56087042.0,2026-10-06,6.110000133514404,342691834.108428,3.36,3.3466018764191556,1.825732596568095,1.825732596568095,POSITIVE,1,,1.0,1
FOR,882,usa,2026,Q3,2026-06-30,2026-07-22,equityusd,1856600000.0,sharesbas -> shares_outstanding,51017627.0,2026-10-06,26.309999465942383,1342273739.1236477,36.333,36.39134372125932,0.7229741134997565,0.7229741134997564,POSITIVE,1,,1.0,1
FORM,883,usa,2026,Q2,2026-06-27,2026-08-04,equityusd,1111360000.0,sharesbas -> shares_outstanding,78120725.0,2026-10-06,141.3000030517578,11038458680.905533,14.242,14.226186456922923,9.932387957912407,9.932387957912407,POSITIVE,1,,1.0,1
FOSL,884,usa,2026,Q2,2026-07-04,2026-08-13,equityusd,89887000.0,sharesbas -> shares_outstanding,59138052.0,2026-10-06,7.059999942779541,417514643.7360935,1.523,1.5199519930078185,4.644883506359023,4.644883506359023,POSITIVE,1,multi-class ownership validation required,1.0,0
FOUR,885,usa,2026,Q2,2026-06-30,2026-08-06,equityusd,1618000000.0,sharesbas -> shares_outstanding,78960120.0,2026-10-06,38.5,3039964620.0,20.409,20.491356902699742,1.8788409270704574,1.8788409270704574,POSITIVE,1,multi-class ownership validation required,1.0,0
"FOX,FOXA",886,usa,2026,Q4,2026-06-30,2026-08-06,equityusd,11628000000.0,sharesbas -> shares_outstanding,419650149.0,,,,27.709,27.708795118287924,,,POSITIVE,0,multi-class ownership validation required,1.0,0
FOXF,887,usa,2026,Q2,2026-07-03,2026-08-07,equityusd,667267000.0,sharesbas -> shares_outstanding,42031001.0,2026-10-06,19.389999389648438,814981083.7363129,15.885,15.875591447370002,1.2213717803162945,1.2213717803162945,POSITIVE,1,,1.0,1
FOXX,888,usa,2026,Q4,2026-06-30,2026-09-28,,,sharesbas -> shares_outstanding,7074907.0,2026-10-06,2.5,17687267.5,,,,,MISSING,0,sharefactor missing/nonunit; multi-class ownership validation required,,0
FPH,889,usa,2026,Q2,2026-06-30,2026-07-24,equityusd,848995000.0,sharesbas -> shares_outstanding,147879664.0,2026-10-06,4.679999828338623,692076802.1347733,5.727,5.741120699327529,0.8151718233143579,0.8151718233143579,POSITIVE,1,,1.0,1
FPI,890,usa,2026,Q2,2026-06-30,2026-07-30,equityusd,460004000.0,sharesbas -> shares_outstanding,43630722.0,2026-10-06,10.739999771118164,468593944.29372025,10.607,10.543121427144845,1.0186736295634826,1.0186736295634826,POSITIVE,1,multi-class ownership validation required,1.0,0
FR,891,usa,2026,Q2,2026-06-30,2026-07-23,equityusd,2775495000.0,sharesbas -> shares_outstanding,132572946.0,2026-10-06,59.2599983215332,7856272557.440712,20.931,20.935606273696294,2.830584294852166,2.830584294852166,POSITIVE,1,,1.0,1
FRGT,892,usa,2025,Q4,2025-12-31,2026-05-14,equityusd,5326535.0,sharesbas -> shares_outstanding,332125.0,2026-10-06,0.32199999690055847,106944.24897059798,47.027,16.037741814076025,0.020077639397957207,0.020077639397957207,POSITIVE,1,,1.0,1
FROG,893,usa,2026,Q2,2026-06-30,2026-08-07,equityusd,960706000.0,sharesbas -> shares_outstanding,123301311.0,2026-10-06,98.51000213623047,12146412410.010017,7.887,7.7915311054559675,12.643214896138899,12.643214896138899,POSITIVE,1,,1.0,1
FRPT,894,usa,2026,Q2,2026-06-30,2026-08-05,equityusd,1237696000.0,sharesbas -> shares_outstanding,48058074.0,2026-10-06,62.77000045776367,3016605326.9792404,25.158,25.754174002062587,2.4372748453410535,2.4372748453410535,POSITIVE,1,,1.0,1
FRSH,895,usa,2026,Q2,2026-06-30,2026-08-04,equityusd,895943000.0,sharesbas -> shares_outstanding,260920772.0,2026-10-06,13.760000228881836,3590269882.4400253,3.295,3.433774141983606,4.00725256231705,4.007252562317051,POSITIVE,1,,1.0,1
FRT,896,usa,2026,Q2,2026-06-30,2026-07-31,equityusd,3364530000.0,sharesbas -> shares_outstanding,86889133.0,2026-10-06,106.19999694824219,9227625659.43541,39.039,38.72210348790107,2.7426195217267817,2.7426195217267817,POSITIVE,1,multi-class ownership validation required,1.0,0
FSLR,897,usa,2026,Q2,2026-06-30,2026-07-30,equityusd,10320338000.0,sharesbas -> shares_outstanding,107469788.0,2026-10-06,179.8000030517578,19323068210.371765,96.037,96.03013267319369,1.872329008058822,1.8723290080588217,POSITIVE,1,,1.0,1
FSLY,898,usa,2026,Q2,2026-06-30,2026-08-05,equityusd,990817000.0,sharesbas -> shares_outstanding,159300000.0,2026-10-06,25.510000228881836,4063743036.4608765,6.287,6.219817953546767,4.101406250055133,4.101406250055133,POSITIVE,1,,1.0,1
FSS,899,usa,2026,Q2,2026-06-30,2026-07-30,equityusd,1507600000.0,sharesbas -> shares_outstanding,61041611.0,2026-10-06,118.13999938964844,7211455886.283157,24.755,24.69790648218639,4.7834013573117256,4.7834013573117256,POSITIVE,1,,1.0,1
FTAI,900,usa,2026,Q2,2026-06-30,2026-07-31,equityusd,403987000.0,sharesbas -> shares_outstanding,102707091.0,2026-10-06,179.44000244140625,18429760659.789734,3.938,3.933389565088549,45.61968741516369,45.61968741516369,POSITIVE,1,multi-class ownership validation required,1.0,0
FTDR,901,usa,2026,Q2,2026-06-30,2026-08-06,equityusd,284000000.0,sharesbas -> shares_outstanding,68893316.0,2026-10-06,78.7699966430664,5426726270.049713,4.063,4.122315726535794,19.10819109172434,19.108191091724343,POSITIVE,1,,1.0,1
FTFT,902,usa,2026,Q2,2026-06-30,2026-08-14,equityusd,44427616.0,sharesbas -> shares_outstanding,8061611.0,2026-10-06,3.4000000953674316,27409478.168815136,116.298,5.511009648071583,0.6169468595572433,0.6169468595572433,POSITIVE,1,,1.0,1
FTI,903,usa,2026,Q2,2026-06-30,2026-07-30,equityusd,3271800000.0,sharesbas -> shares_outstanding,392164388.0,2026-10-06,69.88999938964844,27408368837.961853,8.258,8.342929904180897,8.377152893808256,8.377152893808256,POSITIVE,1,,1.0,1
FTK,904,usa,2026,Q2,2026-06-30,2026-08-06,equityusd,129213000.0,sharesbas -> shares_outstanding,36220429.0,2026-10-06,29.969999313354492,1085526232.2594051,3.574,3.567406669865782,8.401060514494711,8.401060514494711,POSITIVE,1,,1.0,1
FTNT,905,usa,2026,Q2,2026-06-30,2026-07-30,equityusd,1551100000.0,sharesbas -> shares_outstanding,733713653.0,2026-10-06,191.27000427246094,140337413544.07294,2.116,2.114039985023967,90.47605798728188,90.47605798728189,POSITIVE,1,,1.0,1
FTRE,906,usa,2026,Q2,2026-06-30,2026-07-29,equityusd,524200000.0,sharesbas -> shares_outstanding,95100000.0,2026-10-06,20.780000686645508,1976178065.2999878,5.512,5.5120925341745535,3.7698932951163444,3.7698932951163444,POSITIVE,1,,1.0,1
FTV,907,usa,2026,Q2,2026-07-03,2026-07-29,equityusd,6060600000.0,sharesbas -> shares_outstanding,302017052.0,2026-10-06,57.88999938964844,17483766955.94342,19.923,20.067078861494217,2.884824432555097,2.884824432555097,POSITIVE,1,multi-class ownership validation required,1.0,0
FUBO,908,usa,2026,Q2,2026-06-30,2026-08-05,equityusd,813353000.0,sharesbas -> shares_outstanding,109196795.0,2026-10-06,8.829999923706055,964207691.5189457,24.829,7.44850615807909,1.185472594948252,1.185472594948252,POSITIVE,1,,1.0,1
FUL,909,usa,2026,Q3,2026-08-29,2026-09-24,,,sharesbas -> shares_outstanding,53829119.0,2026-10-06,50.630001068115234,2725368352.465702,,,,,MISSING,0,sharefactor missing/nonunit,,0
FULC,910,usa,2026,Q2,2026-06-30,2026-07-30,equityusd,310697000.0,sharesbas -> shares_outstanding,76297257.0,2026-10-06,3.690000057220459,281536882.69576406,4.074,4.07219095700911,0.9061461253110396,0.9061461253110396,POSITIVE,1,,1.0,1
FUN,911,usa,2026,Q2,2026-06-28,2026-08-06,equityusd,114727000.0,sharesbas -> shares_outstanding,102316312.0,2026-10-06,12.079999923706055,1235981041.153885,1.128,1.121297257078617,10.773235952773845,10.773235952773845,POSITIVE,1,,1.0,1
"FWONA,FWONK",912,usa,2026,Q2,2026-06-30,2026-08-06,equityusd,7619000000.0,sharesbas -> shares_outstanding,250708485.0,,,,30.39,30.389876912223375,,,POSITIVE,0,multi-class ownership validation required,1.0,0
FWRD,913,usa,2026,Q2,2026-06-30,2026-08-05,equityusd,-115430000.0,sharesbas -> shares_outstanding,33780862.0,2026-10-06,15.260000228881836,515495961.8518257,-3.417,-3.417023520595774,,,NEGATIVE,0,,1.0,0
FWRG,914,usa,2026,Q2,2026-06-28,2026-08-04,equityusd,634169000.0,sharesbas -> shares_outstanding,61712435.0,2026-10-06,10.609999656677246,654768914.1627169,10.283,10.276194740978864,1.0324833193718344,1.0324833193718344,POSITIVE,1,,1.0,1
G,915,usa,2026,Q2,2026-06-30,2026-08-07,equityusd,2604797000.0,sharesbas -> shares_outstanding,168034407.0,2026-10-06,33.45000076293945,5620751042.350079,15.407,15.501569270869625,2.1578460979301184,2.1578460979301184,POSITIVE,1,,1.0,1
GALT,916,usa,2026,Q2,2026-06-30,2026-08-14,equityusd,-138575000.0,sharesbas -> shares_outstanding,100849644.0,2026-10-06,3.759999990463257,379194660.47822285,-2.104,-1.3740752520653419,,,NEGATIVE,0,multi-class ownership validation required,1.0,0
GANX,917,usa,2026,Q2,2026-06-30,2026-08-11,equityusd,11292031.0,sharesbas -> shares_outstanding,43643619.0,2026-10-06,1.6699999570846558,72884841.85701907,0.263,0.25873269125550746,6.454537882248027,6.454537882248027,POSITIVE,1,,1.0,1
GAP,918,usa,2027,Q2,2026-08-01,2026-08-28,equityusd,3951000000.0,sharesbas -> shares_outstanding,351270137.0,2026-10-06,23.790000915527344,8356716880.827415,11.13,11.24775374799367,2.115089061206635,2.115089061206635,POSITIVE,1,,1.0,1
GATX,919,usa,2026,Q2,2026-06-30,2026-07-31,equityusd,2784400000.0,sharesbas -> shares_outstanding,35300000.0,2026-10-06,170.8800048828125,6032064172.363281,77.994,78.87818696883852,2.1663784558121253,2.1663784558121253,POSITIVE,1,multi-class ownership validation required,1.0,0
GBTG,920,usa,2026,Q2,2026-06-30,2026-08-04,equityusd,1639000000.0,sharesbas -> shares_outstanding,522373443.0,2026-09-29,9.5,4962547708.5,3.19,3.1376020775236846,3.027789938071995,3.027789938071995,POSITIVE,1,multi-class ownership validation required; price stale >3 days,1.0,0
GBX,921,usa,2026,Q3,2026-05-31,2026-07-01,equityusd,1573200000.0,sharesbas -> shares_outstanding,30939686.0,2026-10-06,40.09000015258789,1240372016.4610214,50.85,50.84731629144523,0.788438861213464,0.788438861213464,POSITIVE,1,,1.0,1
GCO,922,usa,2027,Q2,2026-08-01,2026-09-10,,,sharesbas -> shares_outstanding,10820152.0,2026-10-06,36.13999938964844,391040286.6759033,,,,,MISSING,0,sharefactor missing/nonunit,,0
GCT,923,usa,2026,Q2,2026-06-30,2026-08-06,equityusd,534023000.0,sharesbas -> shares_outstanding,35710237.0,2026-10-06,54.7599983215332,1955492518.181553,14.618,14.954339283718559,3.6618132892807105,3.6618132892807105,POSITIVE,1,,1.0,1
GCTK,924,usa,2026,Q2,2026-06-30,2026-08-14,equityusd,-1741000.0,sharesbas -> shares_outstanding,705255.0,2026-10-06,1.1299999952316284,796938.1466370821,-5.214,-2.4686106443768567,,,NEGATIVE,0,,1.0,0
GCTS,925,usa,2026,Q2,2026-06-30,2026-08-10,equityusd,-52016000.0,sharesbas -> shares_outstanding,91969726.0,2026-10-06,2.119999885559082,194975808.59490013,-0.63,-0.5655774162032406,,,NEGATIVE,0,multi-class ownership validation required,1.0,0
GD,926,usa,2026,Q2,2026-07-05,2026-07-29,equityusd,26826000000.0,sharesbas -> shares_outstanding,270557195.0,2026-10-06,331.3299865722656,89643711786.37985,99.151,99.150939231167,3.341672697620959,3.341672697620959,POSITIVE,1,,1.0,1
GDC,927,usa,2026,Q2,2026-06-30,2026-08-14,equityusd,498223698.0,sharesbas -> shares_outstanding,4162500.0,2026-10-06,1.3600000143051147,5661000.05954504,509.763,119.6933809009009,0.01136236610636903,0.011362366106369032,POSITIVE,1,multi-class ownership validation required,1.0,0
GDDY,928,usa,2026,Q2,2026-06-30,2026-07-31,equityusd,6700000.0,sharesbas -> shares_outstanding,126647704.0,2026-10-06,98.18000030517578,12434271617.369812,0.051,0.05290265664824054,1855.8614354283302,1855.8614354283302,POSITIVE,1,,1.0,1
GDRX,929,usa,2026,Q2,2026-06-30,2026-08-05,equityusd,647601000.0,sharesbas -> shares_outstanding,341145388.0,2026-10-06,3.2699999809265137,1115545412.253168,1.909,1.8983138063118121,1.722581361445038,1.722581361445038,POSITIVE,1,,1.0,1
GDYN,930,usa,2026,Q2,2026-06-30,2026-07-30,equityusd,519925000.0,sharesbas -> shares_outstanding,81126881.0,2026-10-06,7.820000171661377,634412223.3463521,6.319,6.408788228897891,1.2201994967473233,1.2201994967473233,POSITIVE,1,multi-class ownership validation required,1.0,0
GE,931,usa,2026,Q2,2026-06-30,2026-07-16,equityusd,17640000000.0,sharesbas -> shares_outstanding,1037562513.0,2026-10-06,309.3900146484375,321011481095.7396,17.001,17.001385245690734,18.197929767332177,18.197929767332177,POSITIVE,1,multi-class ownership validation required,1.0,0
GEF,932,usa,2026,Q3,2026-06-30,2026-07-29,equityusd,2999400000.0,sharesbas -> shares_outstanding,46168321.0,2026-10-06,82.54000091552734,3810733257.6083603,64.922,64.96662505877136,1.270498518906568,1.270498518906568,POSITIVE,1,multi-class ownership validation required,1.0,0
GEHC,933,usa,2026,Q2,2026-06-30,2026-07-29,equityusd,10975000000.0,sharesbas -> shares_outstanding,451686252.0,2026-10-06,64.7699966430664,29255717025.759247,24.227,24.29783937723214,2.6656689772901365,2.6656689772901365,POSITIVE,1,,1.0,1
GEL,934,usa,2026,Q2,2026-06-30,2026-08-06,equityusd,-336836000.0,sharesbas -> shares_outstanding,122214318.0,2026-10-06,14.279999732971191,1745220428.4052563,-2.751,-2.75610914917514,,,NEGATIVE,0,,1.0,0
GEN,935,usa,2027,Q1,2026-07-03,2026-08-07,equityusd,2656000000.0,sharesbas -> shares_outstanding,598587032.0,2026-10-06,22.799999237060547,13647783872.914337,4.434,4.437115837818551,5.138472843717748,5.138472843717747,POSITIVE,1,multi-class ownership validation required,1.0,0
GEO,936,usa,2026,Q2,2026-06-30,2026-08-06,equityusd,1516435000.0,sharesbas -> shares_outstanding,131619584.0,2026-10-06,29.940000534057617,3940690415.2524414,11.611,11.521347765390294,2.5986543539633686,2.598654353963369,POSITIVE,1,,1.0,1
GEOS,937,usa,2026,Q3,2026-06-30,2026-08-07,equityusd,95710000.0,sharesbas -> shares_outstanding,12935603.0,2026-10-06,4.690000057220459,60667978.81018114,7.399,7.398959290881144,0.6338729371035539,0.6338729371035539,POSITIVE,1,,1.0,1
GERN,938,usa,2026,Q2,2026-06-30,2026-08-05,equityusd,218614000.0,sharesbas -> shares_outstanding,642473409.0,2026-10-06,1.2100000381469727,777392849.3984156,0.326,0.34026933556716277,3.556006703131618,3.5560067031316183,POSITIVE,1,,1.0,1
GETY,939,usa,2026,Q2,2026-06-30,2026-08-10,equityusd,450714000.0,sharesbas -> shares_outstanding,421018476.0,2026-10-06,0.05000000074505806,21050924.11368321,1.074,1.0705325910685213,0.04670572494682483,0.04670572494682484,POSITIVE,1,multi-class ownership validation required,1.0,0
GEV,940,usa,2026,Q2,2026-06-30,2026-07-22,equityusd,11957000000.0,sharesbas -> shares_outstanding,266333581.0,2026-10-06,1029.2099609375,274113174497.3545,44.616,44.89482683747642,22.924912143293007,22.924912143293007,POSITIVE,1,,1.0,1
GEVO,941,usa,2026,Q2,2026-06-30,2026-08-06,equityusd,273163000.0,sharesbas -> shares_outstanding,247237104.0,2026-10-06,1.2799999713897705,316463486.0464897,1.152,1.1048624805118248,1.1585151943948842,1.1585151943948842,POSITIVE,1,,1.0,1
GFF,942,usa,2026,Q3,2026-06-30,2026-08-05,equityusd,129156000.0,sharesbas -> shares_outstanding,45294716.0,2026-10-06,94.51000213623047,4280803705.9199524,2.937,2.8514584350192194,33.144443199850976,33.144443199850976,POSITIVE,1,,1.0,1
GGG,943,usa,2026,Q2,2026-06-26,2026-07-22,equityusd,2522688000.0,sharesbas -> shares_outstanding,161953824.0,2026-10-06,78.88999938964844,12776537076.51123,15.577,15.576588052653824,5.064652099867772,5.064652099867772,POSITIVE,1,,1.0,1
GH,944,usa,2026,Q2,2026-06-30,2026-07-30,equityusd,-222867000.0,sharesbas -> shares_outstanding,134196170.0,2026-10-06,170.69000244140625,22905944584.92737,-1.677,-1.6607552957733442,,,NEGATIVE,0,,1.0,0
GHM,945,usa,2027,Q1,2026-06-30,2026-08-06,equityusd,192196000.0,sharesbas -> shares_outstanding,11737033.0,2026-10-06,88.27999877929688,1036145258.9125671,16.573,16.375177610900472,5.39108648937838,5.39108648937838,POSITIVE,1,,1.0,1
GIC,946,usa,2026,Q2,2026-06-30,2026-08-04,equityusd,342700000.0,sharesbas -> shares_outstanding,38108341.0,2026-10-06,43.439998626708984,1655426280.7061577,8.971,8.992781921417151,4.830540649857478,4.830540649857478,POSITIVE,1,,1.0,1
GIII,947,usa,2027,Q2,2026-07-31,2026-09-08,,,sharesbas -> shares_outstanding,42876508.0,2026-10-06,26.780000686645508,1148232913.6809616,,,,,MISSING,0,sharefactor missing/nonunit,,0
GILD,948,usa,2026,Q2,2026-06-30,2026-08-06,equityusd,11829000000.0,sharesbas -> shares_outstanding,1239955155.0,2026-10-06,144.22999572753906,178838726707.99005,9.516,9.539861141187803,15.118668248202725,15.118668248202727,POSITIVE,1,,1.0,1
GIS,949,usa,2027,Q1,2026-08-30,2026-09-23,,,sharesbas -> shares_outstanding,534687144.0,2026-10-06,32.18000030517578,17206232457.093567,,,,,MISSING,0,sharefactor missing/nonunit,,0
GITS,950,usa,2026,Q2,2026-06-30,2026-09-09,,,sharesbas -> shares_outstanding,4203104.0,2026-10-06,1.7400000095367432,7313401.000083923,,,,,MISSING,0,sharefactor missing/nonunit,,0
GKOS,951,usa,2026,Q2,2026-06-30,2026-07-29,equityusd,682486000.0,sharesbas -> shares_outstanding,58983937.0,2026-10-06,161.58999633789062,9531214163.824371,11.603,11.570709496722811,13.965435428454754,13.965435428454754,POSITIVE,1,,1.0,1
GLPI,952,usa,2026,Q2,2026-06-30,2026-07-30,equityusd,4983316000.0,sharesbas -> shares_outstanding,290920043.0,2026-10-06,38.08000183105469,11078235770.130508,17.13,17.1295038616504,2.2230650775769605,2.2230650775769605,POSITIVE,1,,1.0,1
GLUE,953,usa,2026,Q2,2026-06-30,2026-08-06,equityusd,487281000.0,sharesbas -> shares_outstanding,85313401.0,2026-10-06,9.869999885559082,842043258.1066561,4.802,5.7116583595114205,1.728044512522869,1.728044512522869,POSITIVE,1,,1.0,1
GLW,954,usa,2026,Q2,2026-06-30,2026-07-29,equityusd,12560000000.0,sharesbas -> shares_outstanding,861388331.0,2026-10-06,168.97000122070312,145548787340.56943,14.581,14.581112313674934,11.588279246860623,11.588279246860623,POSITIVE,1,,1.0,1
GM,955,usa,2026,Q2,2026-06-30,2026-07-21,equityusd,62000000000.0,sharesbas -> shares_outstanding,877451541.0,2026-10-06,82.01000213623047,71959802751.84872,69.196,70.65917273259424,1.1606419798685277,1.160641979868528,POSITIVE,1,multi-class ownership validation required,1.0,0
GME,956,usa,2027,Q2,2026-08-01,2026-09-09,,,sharesbas -> shares_outstanding,504500990.0,2026-10-06,24.760000228881836,12491444627.871113,,,,,MISSING,0,sharefactor missing/nonunit; multi-class ownership validation required,,0
GMED,957,usa,2026,Q2,2026-06-30,2026-08-06,equityusd,4768603000.0,sharesbas -> shares_outstanding,134261914.0,2026-10-06,76.43000030517578,10261638127.993484,35.309,35.51716833114713,2.1519170557904452,2.1519170557904452,POSITIVE,1,,1.0,1
GNE,958,usa,2026,Q2,2026-06-30,2026-08-06,equityusd,261637000.0,sharesbas -> shares_outstanding,26319623.0,2026-10-06,16.420000076293945,432168211.6680279,10.036,9.940757890035128,1.6517855336516925,1.6517855336516925,POSITIVE,1,multi-class ownership validation required,1.0,0
GNK,959,usa,2026,Q2,2026-06-30,2026-08-05,equityusd,888567000.0,sharesbas -> shares_outstanding,43586605.0,2026-10-06,27.280000686645508,1189042614.3285465,20.253,20.386240222196705,1.3381575214120562,1.3381575214120562,POSITIVE,1,,1.0,1
GNL,960,usa,2026,Q2,2026-06-30,2026-08-05,equityusd,1509103000.0,sharesbas -> shares_outstanding,210930100.0,2026-10-06,8.140000343322754,1716971086.4171028,7.141,7.154517065132003,1.1377428090840074,1.1377428090840074,POSITIVE,1,multi-class ownership validation required,1.0,0
GNLN,961,usa,2026,Q2,2026-06-30,2026-08-14,equityusd,25483000.0,sharesbas -> shares_outstanding,694544.0,2026-10-06,3.109999895095825,2160031.767139435,6.219,36.69026008431431,0.08476363721459149,0.08476363721459149,POSITIVE,1,,1.0,1
GNLX,962,usa,2026,Q2,2026-06-30,2026-08-13,equityusd,16113000.0,sharesbas -> shares_outstanding,45245335.0,2026-10-06,2.5399999618530273,114923149.17402744,0.358,0.35612511212481907,7.132324779620644,7.132324779620644,POSITIVE,1,,1.0,1
GNRC,963,usa,2026,Q2,2026-06-30,2026-08-04,equityusd,2877623000.0,sharesbas -> shares_outstanding,59006361.0,2026-10-06,223.6199951171875,13195002158.703003,48.92,48.76801333334215,4.5853825044847785,4.5853825044847785,POSITIVE,1,,1.0,1
GNTX,964,usa,2026,Q2,2026-06-30,2026-08-04,equityusd,2538100758.0,sharesbas -> shares_outstanding,210683331.0,2026-10-06,21.549999237060547,4540225622.311375,12.047,12.046993684564443,1.7888279683147923,1.7888279683147925,POSITIVE,1,,1.0,1
GO,965,usa,2026,Q2,2026-07-04,2026-08-12,equityusd,816593000.0,sharesbas -> shares_outstanding,99084492.0,2026-10-06,11.40999984741211,1130554038.6009064,8.247,8.241380497767501,1.3844767694566404,1.3844767694566404,POSITIVE,1,,1.0,1
GOGO,966,usa,2026,Q2,2026-06-30,2026-08-06,equityusd,120697000.0,sharesbas -> shares_outstanding,135507862.0,2026-10-06,2.299999952316284,311668076.1384816,0.886,0.8907010871443016,2.5822354833880015,2.5822354833880015,POSITIVE,1,,1.0,1
GOLF,967,usa,2026,Q2,2026-06-30,2026-08-06,equityusd,924371000.0,sharesbas -> shares_outstanding,58405044.0,2026-10-06,82.95999908447266,4845282396.768585,15.47,15.826903580451031,5.241707492736775,5.241707492736775,POSITIVE,1,,1.0,1
GOOD,968,usa,2026,Q2,2026-06-30,2026-08-05,equityusd,157373000.0,sharesbas -> shares_outstanding,48407501.0,2026-10-06,12.710000038146973,615259339.5565996,3.251,3.2510044259463013,3.9095609765118513,3.9095609765118517,POSITIVE,1,multi-class ownership validation required,1.0,0
"GOOG,GOOGL",969,usa,2026,Q2,2026-06-30,2026-07-23,equityusd,640480000000.0,sharesbas -> shares_outstanding,12230000000.0,,,,52.37,52.36958299264105,,,POSITIVE,0,multi-class ownership validation required,1.0,0
GOSS,970,usa,2026,Q2,2026-06-30,2026-08-13,,,sharesbas -> shares_outstanding,6110584.0,2026-10-06,10.779999732971191,65872093.888298035,,,,,MISSING,0,sharefactor missing/nonunit,,0
GPC,971,usa,2026,Q2,2026-06-30,2026-07-21,equityusd,4526012000.0,sharesbas -> shares_outstanding,137859758.0,2026-10-06,127.37999725341797,17560575595.396866,32.851,32.83055233565694,3.879922456104152,3.8799224561041523,POSITIVE,1,,1.0,1
GPCR,972,usa,2026,Q2,2026-06-30,2026-08-06,equityusd,1354404000.0,sharesbas -> shares_outstanding,213929572.0,2026-10-06,27.469999313354492,5876645195.94622,18.642,6.331074228484877,4.338916007296361,4.338916007296361,POSITIVE,1,sharefactor missing/nonunit,0.333,0
GPI,973,usa,2026,Q2,2026-06-30,2026-07-30,equityusd,2952200000.0,sharesbas -> shares_outstanding,11922225.0,2026-10-06,236.9600067138672,2825090516.044235,250.186,247.6215639278742,0.9569441487853924,0.9569441487853924,POSITIVE,1,,1.0,1
GPK,974,usa,2026,Q2,2026-06-30,2026-08-04,equityusd,3236000000.0,sharesbas -> shares_outstanding,296071573.0,2026-10-06,8.609999656677246,2549176141.881892,10.93,10.929789601921694,0.7877552972440953,0.7877552972440952,POSITIVE,1,,1.0,1
GPMT,975,usa,2026,Q2,2026-06-30,2026-08-05,equityusd,480272000.0,sharesbas -> shares_outstanding,48198166.0,2026-10-06,7.599999904632568,366306057.0034647,10.006,9.964528525836439,0.7627054190197736,0.7627054190197736,POSITIVE,1,multi-class ownership validation required,1.0,0
GPN,976,usa,2026,Q2,2026-06-30,2026-08-05,equityusd,23110707000.0,sharesbas -> shares_outstanding,264618390.0,2026-10-06,81.79000091552734,21643138360.36537,87.336,87.33598220441142,0.9364983234985139,0.936498323498514,POSITIVE,1,,1.0,1
GPOR,977,usa,2026,Q2,2026-06-30,2026-08-04,equityusd,1827274000.0,sharesbas -> shares_outstanding,17683866.0,2026-10-06,161.24000549316406,2851346650.980377,102.111,103.33000713757953,1.5604373788388481,1.560437378838848,POSITIVE,1,,1.0,1
GPRE,978,usa,2026,Q2,2026-06-30,2026-08-06,equityusd,869934000.0,sharesbas -> shares_outstanding,70095328.0,2026-10-06,15.15999984741211,1062645161.7843018,12.587,12.410727288415,1.2215238877711432,1.2215238877711432,POSITIVE,1,,1.0,1
GPRO,979,usa,2026,Q2,2026-06-30,2026-08-10,equityusd,-32671000.0,sharesbas -> shares_outstanding,184504409.0,2026-10-06,1.3200000524520874,243545829.5576414,-0.191,-0.17707435923658604,,,NEGATIVE,0,,1.0,0
GRBK,980,usa,2026,Q2,2026-06-30,2026-07-29,equityusd,1975496000.0,sharesbas -> shares_outstanding,43010696.0,2026-10-06,67.0,2881716632.0,45.867,45.93034253619146,1.45873068434459,1.45873068434459,POSITIVE,1,multi-class ownership validation required,1.0,0
GRI,981,usa,2026,Q2,2026-06-30,2026-08-14,equityusd,10280000.0,sharesbas -> shares_outstanding,2186115.0,2026-10-06,1.899999976158142,4153618.447878957,5.695,4.702405866114089,0.40404848714775843,0.40404848714775843,POSITIVE,1,,1.0,1
GRMN,982,usa,2026,Q2,2026-06-27,2026-07-29,equityusd,9029013000.0,sharesbas -> shares_outstanding,192852536.0,2026-10-06,279.2099914550781,53846354928.65015,46.822,46.81822281040681,5.963703333758645,5.963703333758645,POSITIVE,1,,1.0,1
GRND,983,usa,2026,Q2,2026-06-30,2026-08-07,equityusd,-11738000.0,sharesbas -> shares_outstanding,173820627.0,2026-10-06,13.9399995803833,2423059467.4419622,-0.066,-0.06752938476053248,,,NEGATIVE,0,multi-class ownership validation required,1.0,0
GRNT,984,usa,2026,Q2,2026-06-30,2026-08-06,equityusd,562373000.0,sharesbas -> shares_outstanding,131900242.0,2026-10-06,4.610000133514404,608060133.2305822,4.299,4.263623716475061,1.08123991235458,1.08123991235458,POSITIVE,1,multi-class ownership validation required,1.0,0
GRPN,985,usa,2026,Q2,2026-06-30,2026-08-06,equityusd,-72183000.0,sharesbas -> shares_outstanding,40665296.0,2026-10-06,18.84000015258789,766134182.8450317,-1.853,-1.7750516312484237,,,NEGATIVE,0,,1.0,0
GRWG,986,usa,2026,Q2,2026-06-30,2026-08-11,equityusd,90028000.0,sharesbas -> shares_outstanding,58920449.0,2026-10-06,1.5499999523162842,91326693.14045405,1.505,1.5279584851771921,1.0144254358694411,1.0144254358694411,POSITIVE,1,,1.0,1
GSAT,987,usa,2026,Q2,2026-06-30,2026-08-06,equityusd,292613000.0,sharesbas -> shares_outstanding,129563390.0,2026-10-06,83.62999725341797,10835385949.843521,2.266,2.2584543365220684,37.02974901950194,37.02974901950194,POSITIVE,1,,1.0,1
GSIT,988,usa,2027,Q1,2026-06-30,2026-08-11,equityusd,91905000.0,sharesbas -> shares_outstanding,38432590.0,2026-10-06,5.579999923706055,214453849.26782608,2.461,2.3913298583311717,2.333429620454013,2.3334296204540133,POSITIVE,1,,1.0,1
GT,989,usa,2026,Q2,2026-06-30,2026-08-06,equityusd,2839000000.0,sharesbas -> shares_outstanding,287898737.0,2026-10-06,4.659999847412109,1341608070.490139,9.824,9.861106129131786,0.4725636035541173,0.4725636035541173,POSITIVE,1,,1.0,1
GTEC,990,usa,2026,Q2,2026-06-30,2026-08-14,equityusd,88731277.0,sharesbas -> shares_outstanding,20532482.0,2026-10-06,0.7820000052452087,16056401.031697154,3.343,4.321507599519629,0.180955369679816,0.18095536967981599,POSITIVE,1,multi-class ownership validation required,1.0,0
GTES,991,usa,2026,Q2,2026-06-27,2026-07-31,equityusd,3521900000.0,sharesbas -> shares_outstanding,253151170.0,2026-10-06,28.25,7151520552.5,13.912,13.912240658417657,2.0305859202419145,2.030585920241915,POSITIVE,1,,1.0,1
GTLB,992,usa,2027,Q2,2026-07-31,2026-09-02,equityusd,925529000.0,sharesbas -> shares_outstanding,166600000.0,2026-10-06,51.630001068115234,8601558177.947998,5.486,5.5553961584633855,9.29366684128536,9.29366684128536,POSITIVE,1,,1.0,1
GTM,993,usa,2026,Q2,2026-06-30,2026-08-05,equityusd,828700000.0,sharesbas -> shares_outstanding,291110046.0,2026-10-06,3.6500000953674316,1062551695.6624174,2.847,2.846689804720789,1.282191016848579,1.282191016848579,POSITIVE,1,,1.0,1
GTN,994,usa,2026,Q2,2026-06-30,2026-08-07,equityusd,2128000000.0,sharesbas -> shares_outstanding,102984383.0,2026-10-06,4.650000095367432,478877390.7713561,21.714,20.66332717650986,0.2250363678436824,0.2250363678436824,POSITIVE,1,multi-class ownership validation required,1.0,0
GTX,995,usa,2026,Q2,2026-06-30,2026-07-29,equityusd,-675000000.0,sharesbas -> shares_outstanding,186493414.0,2026-10-06,26.09000015258789,4865613199.716637,-3.605,-3.619430764455843,,,NEGATIVE,0,multi-class ownership validation required,1.0,0
GTY,996,usa,2026,Q2,2026-06-30,2026-07-23,equityusd,1122504000.0,sharesbas -> shares_outstanding,61932699.0,2026-10-06,27.889999389648438,1727302937.3092804,18.529,18.124577454633457,1.538794460696158,1.5387944606961583,POSITIVE,1,,1.0,1
GUTS,997,usa,2026,Q2,2026-06-30,2026-08-10,equityusd,-1665000.0,sharesbas -> shares_outstanding,159179848.0,2026-10-06,4.570000171661377,727451932.6850319,-0.01,-0.010459866753987603,,,NEGATIVE,0,,1.0,0
GVA,998,usa,2026,Q2,2026-06-30,2026-07-30,equityusd,752748000.0,sharesbas -> shares_outstanding,43764510.0,2026-10-06,120.91999816894531,5292004469.064789,17.205,17.199964080484392,7.030247133256799,7.030247133256799,POSITIVE,1,,1.0,1
GWH,999,usa,2026,Q2,2026-06-30,2026-08-11,equityusd,-2687000.0,sharesbas -> shares_outstanding,32970025.0,2026-10-06,0.17100000381469727,5637874.400770664,-0.079,-0.08149827001951014,,,NEGATIVE,0,multi-class ownership validation required,1.0,0
GWRE,1000,usa,2026,Q4,2026-07-31,2026-09-11,,,sharesbas -> shares_outstanding,81992669.0,2026-10-06,164.52000427246094,13489434254.190475,,,,,MISSING,0,sharefactor missing/nonunit,,0
GWW,1001,usa,2026,Q2,2026-06-30,2026-08-04,equityusd,4131000000.0,sharesbas -> shares_outstanding,47100942.0,2026-10-06,1275.56005859375,60080080337.34082,87.521,87.70525226438146,14.543713468250019,14.543713468250017,POSITIVE,1,,1.0,1
GXAI,1002,usa,2026,Q2,2026-06-30,2026-08-12,equityusd,17291048.0,sharesbas -> shares_outstanding,10744634.0,2026-10-06,0.4659999907016754,5006999.3440929055,1.666,1.6092728705323978,0.28957176824058933,0.28957176824058933,POSITIVE,1,,1.0,1
GXO,1003,usa,2026,Q2,2026-06-30,2026-08-05,equityusd,2987000000.0,sharesbas -> shares_outstanding,114684579.0,2026-10-06,46.400001525878906,5321364640.59478,25.971,26.045350002985145,1.7815080818864344,1.7815080818864346,POSITIVE,1,,1.0,1
GYRE,1004,usa,2026,Q2,2026-06-30,2026-08-07,equityusd,107928000.0,sharesbas -> shares_outstanding,111509849.0,2026-10-06,7.079999923706055,789489722.4124737,1.072,0.9678786310615487,7.31496666678224,7.314966666782241,POSITIVE,1,,1.0,1
H,1005,usa,2026,Q2,2026-06-30,2026-07-30,equityusd,3306000000.0,sharesbas -> shares_outstanding,94236736.0,2026-10-06,159.1199951171875,14994948972.179688,35.082,35.081860220625636,4.535677245063427,4.535677245063426,POSITIVE,1,,1.0,1
HAE,1006,usa,2027,Q1,2026-06-27,2026-08-06,equityusd,837101000.0,sharesbas -> shares_outstanding,45497051.0,2026-10-06,103.5199966430664,4709854566.789421,18.454,18.399016674729094,5.626387457175921,5.626387457175921,POSITIVE,1,,1.0,1
HAIN,1007,usa,2026,Q4,2026-06-30,2026-09-14,,,sharesbas -> shares_outstanding,91002269.0,2026-10-06,0.5199999809265137,47321178.14426947,,,,,MISSING,0,sharefactor missing/nonunit,,0
HAL,1008,usa,2026,Q2,2026-06-30,2026-07-24,equityusd,11010000000.0,sharesbas -> shares_outstanding,833130367.0,2026-10-06,32.720001220703125,27260026625.244843,13.17,13.215218693378873,2.4759333901221474,2.4759333901221474,POSITIVE,1,,1.0,1
HALO,1009,usa,2026,Q2,2026-06-30,2026-08-06,equityusd,143543000.0,sharesbas -> shares_outstanding,113498000.0,2026-10-06,109.72000122070312,12453000698.547363,1.224,1.2647183210276833,86.75449655188594,86.75449655188594,POSITIVE,1,,1.0,1
HAS,1010,usa,2026,Q2,2026-06-28,2026-07-30,equityusd,730300000.0,sharesbas -> shares_outstanding,141044467.0,2026-10-06,91.02999877929688,12839277658.836578,5.178,5.177799707662407,17.58082659021851,17.58082659021851,POSITIVE,1,,1.0,1
HAYW,1011,usa,2026,Q2,2026-06-27,2026-07-29,equityusd,1602037000.0,sharesbas -> shares_outstanding,212119582.0,2026-10-06,12.3100004196167,2611192143.428919,7.405,7.552518182880447,1.629919997745944,1.629919997745944,POSITIVE,1,,1.0,1
HCA,1012,usa,2026,Q2,2026-06-30,2026-07-28,equityusd,-6642000000.0,sharesbas -> shares_outstanding,216501500.0,2026-10-06,432.20001220703125,93571950942.84058,-30.117,-30.678771278720934,,,NEGATIVE,0,,1.0,0
HCAT,1013,usa,2026,Q2,2026-06-30,2026-08-06,equityusd,100827000.0,sharesbas -> shares_outstanding,75256381.0,2026-10-06,1.7699999809265137,133203792.93459845,1.363,1.339780077917911,1.3211123303737933,1.3211123303737933,POSITIVE,1,,1.0,1
HCC,1014,usa,2026,Q2,2026-06-30,2026-08-05,equityusd,2290219000.0,sharesbas -> shares_outstanding,52802087.0,2026-10-06,92.41999816894531,4879968783.856491,43.349,43.37364543943121,2.1307869613589316,2.1307869613589316,POSITIVE,1,,1.0,1
HCKT,1015,usa,2026,Q2,2026-06-26,2026-08-05,equityusd,68182000.0,sharesbas -> shares_outstanding,24877873.0,2026-10-06,10.729999542236328,266939565.9018135,2.72,2.7406683843108293,3.915103192951417,3.915103192951417,POSITIVE,1,,1.0,1
HCSG,1016,usa,2026,Q2,2026-06-30,2026-07-24,equityusd,518842000.0,sharesbas -> shares_outstanding,68632202.0,2026-10-06,21.1299991607666,1450198370.6615639,7.546,7.559745788136012,2.7950674206435946,2.7950674206435946,POSITIVE,1,,1.0,1
HCTI,1017,usa,2026,Q2,2026-06-30,2026-08-13,equityusd,49188000.0,sharesbas -> shares_outstanding,14974322.0,2026-10-06,0.5559999942779541,8325722.946316242,17.532,3.284823179306549,0.16926329483443608,0.16926329483443608,POSITIVE,1,,1.0,1
HCWB,1018,usa,2026,Q2,2026-06-30,2026-08-14,equityusd,7427614.0,sharesbas -> shares_outstanding,1836324.0,2026-10-06,1.5700000524520874,2883028.776319027,5.593,4.044827601229413,0.38815005415184833,0.38815005415184833,POSITIVE,1,,1.0,1
HD,1019,usa,2027,Q2,2026-08-02,2026-08-25,equityusd,16617000000.0,sharesbas -> shares_outstanding,997689626.0,2026-10-06,286.69000244140625,286027641313.7057,16.717,16.655480388847906,17.212953078997753,17.212953078997753,POSITIVE,1,,1.0,1
HDSN,1020,usa,2026,Q2,2026-06-30,2026-08-07,equityusd,243264000.0,sharesbas -> shares_outstanding,42088547.0,2026-10-06,5.309999942779541,223490182.16167402,5.782,5.779814636984261,0.9187145741321117,0.9187145741321117,POSITIVE,1,,1.0,1
HE,1021,usa,2026,Q2,2026-06-30,2026-08-07,equityusd,1762887000.0,sharesbas -> shares_outstanding,172728004.0,2026-10-06,8.930000305175781,1542461128.4324036,10.212,10.206144685143238,0.8749631306104155,0.8749631306104155,POSITIVE,1,multi-class ownership validation required,1.0,0
HEI,1022,usa,2026,Q3,2026-07-31,2026-08-27,equityusd,4947689000.0,sharesbas -> shares_outstanding,139757405.0,2026-10-06,303.260009765625,42382832005.11841,35.416,35.40198102562079,8.56618756860393,8.56618756860393,POSITIVE,1,multi-class ownership validation required,1.0,0
HELE,1023,usa,2027,Q1,2026-05-31,2026-07-08,equityusd,843519000.0,sharesbas -> shares_outstanding,23292061.0,2026-10-06,25.31999969482422,589754977.4118271,36.257,36.214871668076086,0.6991602766645768,0.6991602766645767,POSITIVE,1,,1.0,1
HESM,1024,usa,2026,Q2,2026-06-30,2026-08-06,equityusd,514600000.0,sharesbas -> shares_outstanding,128350881.0,2026-10-06,38.689998626708984,4965895409.626888,4.008,4.00932191497774,9.65001051229477,9.65001051229477,POSITIVE,1,,1.0,1
HGV,1025,usa,2026,Q2,2026-06-30,2026-07-30,equityusd,1102000000.0,sharesbas -> shares_outstanding,77724145.0,2026-10-06,34.72999954223633,2699359520.27071,14.178,14.178348311197247,2.449509546525145,2.449509546525145,POSITIVE,1,,1.0,1
HHH,1026,usa,2026,Q2,2026-06-30,2026-08-05,equityusd,3960396000.0,sharesbas -> shares_outstanding,59721036.0,2026-10-06,73.27999877929688,4376357445.178345,66.315,66.31492461048398,1.1050302659578346,1.1050302659578346,POSITIVE,1,,1.0,1
HII,1027,usa,2026,Q2,2026-06-30,2026-07-30,equityusd,5312000000.0,sharesbas -> shares_outstanding,39404598.0,2026-10-06,263.75,10392962722.5,134.481,134.8066030263778,1.9565065366152108,1.9565065366152108,POSITIVE,1,,1.0,1
HIMS,1028,usa,2026,Q2,2026-06-30,2026-08-10,equityusd,324072000.0,sharesbas -> shares_outstanding,233313413.0,2026-10-06,29.469999313354492,6875746120.906393,1.398,1.388998582777579,21.216723817257872,21.216723817257872,POSITIVE,1,multi-class ownership validation required,1.0,0
HIND,1029,usa,2026,Q2,2026-06-30,2026-08-12,equityusd,7311706.0,sharesbas -> shares_outstanding,7018528.0,2026-10-06,2.059999942779541,14458167.278396606,1.042,1.0417720068937533,1.9773999772962159,1.977399977296216,POSITIVE,1,,1.0,1
HIW,1030,usa,2026,Q2,2026-06-30,2026-07-28,equityusd,2330600000.0,sharesbas -> shares_outstanding,110306211.0,2026-10-06,29.639999389648438,3269476026.714432,21.133,21.12845667412146,1.4028473469125684,1.4028473469125684,POSITIVE,1,,1.0,1
HL,1031,usa,2026,Q2,2026-06-30,2026-08-04,equityusd,2677824000.0,sharesbas -> shares_outstanding,671768431.0,2026-10-06,17.100000381469727,11487240426.35932,3.992,3.9862307849354712,4.289766775695236,4.289766775695236,POSITIVE,1,multi-class ownership validation required,1.0,0
HLF,1032,usa,2026,Q2,2026-06-30,2026-08-05,equityusd,-474500000.0,sharesbas -> shares_outstanding,104803380.0,2026-10-06,12.579999923706055,1318426512.4041367,-4.541,-4.527525734379941,,,NEGATIVE,0,,1.0,0
HLIO,1033,usa,2026,Q2,2026-07-04,2026-08-11,equityusd,948300000.0,sharesbas -> shares_outstanding,32950577.0,2026-10-06,71.37999725341797,2352012095.7585373,28.736,28.779465682801245,2.4802405312227536,2.4802405312227536,POSITIVE,1,,1.0,1
HLIT,1034,usa,2026,Q2,2026-07-03,2026-08-17,equityusd,360346000.0,sharesbas -> shares_outstanding,109066445.0,2026-10-06,11.220000267028809,1223725542.0238829,3.316,3.3039125828296685,3.3959737086685657,3.3959737086685653,POSITIVE,1,,1.0,1
HLLY,1035,usa,2026,Q2,2026-06-28,2026-08-05,equityusd,449738000.0,sharesbas -> shares_outstanding,121234143.0,2026-10-06,2.319999933242798,281263203.6667478,3.739,3.7096645290757735,0.6253934594513868,0.6253934594513868,POSITIVE,1,multi-class ownership validation required,1.0,0
HLMN,1036,usa,2026,Q2,2026-06-27,2026-08-04,equityusd,1225207000.0,sharesbas -> shares_outstanding,194544999.0,2026-10-06,7.039999961853027,1369596785.5386972,6.255,6.297807737530174,1.1178492985582822,1.1178492985582822,POSITIVE,1,multi-class ownership validation required,1.0,0
HLT,1037,usa,2026,Q2,2026-06-30,2026-07-28,equityusd,-6303000000.0,sharesbas -> shares_outstanding,225064910.0,2026-10-06,322.6099853515625,72608187318.25073,-28.005,-28.005254128686698,,,NEGATIVE,0,,1.0,0
HLX,1038,usa,2026,Q2,2026-06-30,2026-08-06,equityusd,1583656000.0,sharesbas -> shares_outstanding,147382447.0,2026-09-02,10.329999923706055,1522460666.2656116,10.757,10.745214455558605,0.9613581903302306,0.9613581903302306,POSITIVE,1,price stale >3 days,1.0,0
HNI,1039,usa,2026,Q2,2026-07-04,2026-08-04,equityusd,1805200000.0,sharesbas -> shares_outstanding,72181800.0,2026-10-06,46.7400016784668,3373777453.1547546,25.037,25.009074309590506,1.8689217001743599,1.8689217001743599,POSITIVE,1,,1.0,1
HNRG,1040,usa,2026,Q2,2026-06-30,2026-08-10,equityusd,190332000.0,sharesbas -> shares_outstanding,47143357.0,2026-10-06,14.8100004196167,698193136.9521399,4.038,4.0373026469031466,3.6682908651836788,3.6682908651836783,POSITIVE,1,,1.0,1
HNST,1041,usa,2026,Q2,2026-06-30,2026-08-05,equityusd,167020000.0,sharesbas -> shares_outstanding,107284379.0,2026-10-06,5.03000020980835,539640448.8791585,1.508,1.5567970058343723,3.230992988140094,3.230992988140094,POSITIVE,1,,1.0,1
HOG,1042,usa,2026,Q2,2026-06-30,2026-08-05,equityusd,3099210000.0,sharesbas -> shares_outstanding,104072507.0,2026-10-06,26.940000534057617,2803713394.160715,29.779,29.7793345172323,0.9046542164489386,0.9046542164489386,POSITIVE,1,,1.0,1
HOLO,1043,usa,2026,Q2,2026-06-30,2026-08-27,equityusd,370682156.0,sharesbas -> shares_outstanding,22912360.0,2026-10-06,1.4800000190734863,33910293.237018585,108.707,16.178261689324014,0.09148078127887707,0.09148078127887706,POSITIVE,1,ADR ownership/ratio validation required; multi-class ownership validation required,1.0,0
HON,1044,usa,2026,Q2,2026-06-30,2026-07-23,equityusd,18537000000.0,sharesbas -> shares_outstanding,316940010.0,2026-10-06,212.8699951171875,67467018381.14136,58.487,58.487409021032086,3.6395866850699337,3.6395866850699337,POSITIVE,1,,1.0,1
HOUR,1045,usa,2026,Q2,2026-06-30,2026-08-11,equityusd,8885368.0,sharesbas -> shares_outstanding,35199820.0,2026-10-06,1.75,61599685.0,0.252,0.2524265180901493,6.932710609172293,6.932710609172293,POSITIVE,1,,1.0,1
HOV,1046,usa,2026,Q3,2026-07-31,2026-08-28,equityusd,818666000.0,sharesbas -> shares_outstanding,5959890.0,2026-10-06,114.58000183105469,682884207.1128845,127.677,137.36260232990878,0.8341426260683654,0.8341426260683655,POSITIVE,1,multi-class ownership validation required,1.0,0
HOVR,1047,usa,2026,Q4,2026-05-31,2026-07-16,equityusd,50792857.0,sharesbas -> shares_outstanding,66825837.0,2026-10-06,1.600000023841858,106921340.79325211,1.468,0.7600781266682826,2.105046794143753,2.1050467941437536,POSITIVE,1,multi-class ownership validation required,1.0,0
HOWL,1048,usa,2026,Q2,2026-06-30,2026-07-31,equityusd,16292000.0,sharesbas -> shares_outstanding,48599066.0,2026-10-06,0.9200000166893005,44711141.53108442,0.335,0.335232779987994,2.7443617438672,2.7443617438672,POSITIVE,1,,1.0,1
HP,1049,usa,2026,Q3,2026-06-30,2026-08-06,equityusd,2670409000.0,sharesbas -> shares_outstanding,99938945.0,2026-10-06,39.61000061035156,3958581672.447891,26.723,26.720404142749356,1.482387781215496,1.482387781215496,POSITIVE,1,,1.0,1
HPE,1050,usa,2026,Q3,2026-07-31,2026-09-03,equityusd,26514000000.0,sharesbas -> shares_outstanding,1327464779.0,2026-10-06,70.4800033569336,93559722080.1311,19.846,19.973411287019918,3.5286913359029612,3.528691335902961,POSITIVE,1,multi-class ownership validation required,1.0,0
HPK,1051,usa,2026,Q2,2026-06-30,2026-08-10,equityusd,1551129000.0,sharesbas -> shares_outstanding,126452804.0,2026-10-06,8.220000267028809,1039442082.6465416,12.381,12.266465834952935,0.6701196887212744,0.6701196887212744,POSITIVE,1,multi-class ownership validation required,1.0,0
HPP,1052,usa,2026,Q2,2026-06-30,2026-08-10,equityusd,2814346000.0,sharesbas -> shares_outstanding,54268741.0,2026-10-06,11.579999923706055,628432016.6396236,43.65,51.85943045923988,0.22329593327885897,0.22329593327885897,POSITIVE,1,multi-class ownership validation required,1.0,0
HPQ,1053,usa,2026,Q3,2026-07-31,2026-08-27,equityusd,-92000000.0,sharesbas -> shares_outstanding,901790969.0,2026-10-06,31.729999542236328,28613827033.562855,-0.1,-0.10201920751326575,,,NEGATIVE,0,,1.0,0
HQY,1054,usa,2027,Q2,2026-07-31,2026-08-27,equityusd,1990110000.0,sharesbas -> shares_outstanding,82715296.0,2026-10-06,91.05000305175781,7531227953.227051,23.87,24.059757943681905,3.7843274759822574,3.784327475982258,POSITIVE,1,,1.0,1
HR,1055,usa,2026,Q2,2026-06-30,2026-07-30,equityusd,4217148000.0,sharesbas -> shares_outstanding,342719760.0,2026-10-06,17.040000915527344,5839945024.169312,12.32,12.304945591698594,1.384809123172654,1.384809123172654,POSITIVE,1,,1.0,1
HRB,1056,usa,2026,Q4,2026-06-30,2026-08-14,equityusd,117488000.0,sharesbas -> shares_outstanding,123265922.0,2026-10-06,42.630001068115234,5254826386.522209,0.953,0.9531263636676486,44.7264945060109,44.7264945060109,POSITIVE,1,,1.0,1
HRI,1057,usa,2026,Q2,2026-06-30,2026-07-28,equityusd,1890000000.0,sharesbas -> shares_outstanding,33431444.0,2026-10-06,134.72999572753906,4504218307.285461,56.587,56.53360351410487,2.383184289569027,2.3831842895690274,POSITIVE,1,,1.0,1
HRL,1058,usa,2026,Q3,2026-07-26,2026-08-27,equityusd,7843444000.0,sharesbas -> shares_outstanding,550350800.0,2026-10-06,19.8799991607666,10940973442.127228,14.243,14.251717268331399,1.394919558567286,1.394919558567286,POSITIVE,1,,1.0,1
HRMY,1059,usa,2026,Q2,2026-06-30,2026-08-04,equityusd,999243000.0,sharesbas -> shares_outstanding,58236393.0,2026-10-06,39.36000061035156,2292184464.0246735,17.248,17.158394408115214,2.2939209621930536,2.2939209621930536,POSITIVE,1,,1.0,1
HROW,1060,usa,2026,Q2,2026-06-30,2026-08-10,equityusd,15200000.0,sharesbas -> shares_outstanding,37487850.0,2026-10-06,30.350000381469727,1137756261.80048,0.407,0.4054647038973961,74.85238564476842,74.85238564476842,POSITIVE,1,multi-class ownership validation required,1.0,0
HRTX,1061,usa,2026,Q2,2026-06-30,2026-08-10,equityusd,6908000.0,sharesbas -> shares_outstanding,189852307.0,2026-10-06,0.33000001311302185,62651263.79953745,0.036,0.03638617886270932,9.069378083314627,9.069378083314628,POSITIVE,1,,1.0,1
HSIC,1062,usa,2026,Q2,2026-06-27,2026-08-04,equityusd,3157000000.0,sharesbas -> shares_outstanding,111446542.0,2026-10-06,84.83999633789062,9455124215.150574,27.827,28.327482785423705,2.9949712433166216,2.9949712433166216,POSITIVE,1,,1.0,1
HST,1063,usa,2026,Q2,2026-06-30,2026-08-07,equityusd,6388000000.0,sharesbas -> shares_outstanding,685124399.0,2026-10-06,22.479999542236328,15401596175.89494,9.324,9.323854192499718,2.4110200651056575,2.4110200651056575,POSITIVE,1,,1.0,1
HSTM,1064,usa,2026,Q2,2026-06-30,2026-08-06,equityusd,356605000.0,sharesbas -> shares_outstanding,29239955.0,2026-10-06,31.309999465942383,915502975.4341793,12.2,12.195812202857358,2.567274646833834,2.567274646833834,POSITIVE,1,,1.0,1
HSY,1065,usa,2026,Q2,2026-06-28,2026-07-30,equityusd,4562690000.0,sharesbas -> shares_outstanding,200925657.0,2026-10-06,160.8000030517578,32308846258.776443,22.708,22.70834928761736,7.081096076826706,7.081096076826706,POSITIVE,1,,1.0,1
HTLD,1066,usa,2026,Q2,2026-06-30,2026-08-10,equityusd,756277000.0,sharesbas -> shares_outstanding,77332611.0,2026-10-06,11.329999923706055,876178476.72999,9.771,9.779535311435431,1.158541746912824,1.1585417469128243,POSITIVE,1,,1.0,1
HTO,1067,usa,2026,Q2,2026-06-30,2026-07-28,equityusd,1843902000.0,sharesbas -> shares_outstanding,41856804.0,2026-10-06,58.18000030517578,2435228869.493683,44.058,44.052622842393795,1.3206932198640073,1.3206932198640073,POSITIVE,1,,1.0,1
HTZ,1068,usa,2026,Q2,2026-06-30,2026-08-06,equityusd,-628000000.0,sharesbas -> shares_outstanding,356451393.0,2026-10-06,2.059999942779541,734289849.1836877,-1.981,-1.76181104165302,,,NEGATIVE,0,multi-class ownership validation required,1.0,0
HUBB,1069,usa,2026,Q2,2026-06-30,2026-07-29,equityusd,3911900000.0,sharesbas -> shares_outstanding,52832571.0,2026-10-06,485.4100036621094,25645458482.588654,74.043,74.04333966635846,6.55575512732653,6.55575512732653,POSITIVE,1,multi-class ownership validation required,1.0,0
HUBG,1070,usa,2025,Q3,2025-09-30,2025-11-05,equityusd,1702416000.0,sharesbas -> shares_outstanding,61153510.0,2026-10-06,28.15999984741211,1722082832.268715,28.371,27.83840208027307,1.0115523069970647,1.0115523069970647,POSITIVE,1,fundamentals stale >180 days,1.0,0
HUBS,1071,usa,2026,Q2,2026-06-30,2026-08-05,equityusd,1656728000.0,sharesbas -> shares_outstanding,49866201.0,2026-10-06,217.08999633789062,10825453392.474518,32.762,33.22346532875043,6.534236997548492,6.534236997548492,POSITIVE,1,,1.0,1
HUMA,1072,usa,2026,Q2,2026-06-30,2026-08-12,equityusd,31261000.0,sharesbas -> shares_outstanding,277798105.0,2026-10-06,0.4779999852180481,132787490.08360177,0.133,0.11253136517975887,4.247704490694533,4.247704490694532,POSITIVE,1,multi-class ownership validation required,1.0,0
HUN,1073,usa,2026,Q2,2026-06-30,2026-07-31,equityusd,2692000000.0,sharesbas -> shares_outstanding,175378616.0,2026-10-06,8.770000457763672,1538070542.6019592,15.525,15.349647872691618,0.5713486413826,0.5713486413826,POSITIVE,1,,1.0,1
HURA,1074,usa,2026,Q2,2026-06-30,2026-08-14,equityusd,18500460.0,sharesbas -> shares_outstanding,63726617.0,2026-10-06,1.9500000476837158,124266906.1887219,0.289,0.29030977746708253,6.71696304787675,6.7169630478767495,POSITIVE,1,,1.0,1
HURN,1075,usa,2026,Q2,2026-06-30,2026-07-28,equityusd,384760000.0,sharesbas -> shares_outstanding,15910072.0,2026-10-06,157.25999450683594,2502017835.3233643,23.739,24.183422928570028,6.502801318544974,6.502801318544974,POSITIVE,1,,1.0,1
HVT,1076,usa,2026,Q2,2026-06-30,2026-08-04,equityusd,294072000.0,sharesbas -> shares_outstanding,15593626.0,2026-10-06,27.920000076293945,435374039.10969925,18.858,18.858474610074655,1.480501506806834,1.480501506806834,POSITIVE,1,multi-class ownership validation required,1.0,0
HWH,1077,usa,2026,Q2,2026-06-30,2026-07-30,equityusd,2734617.0,sharesbas -> shares_outstanding,7726400.0,2026-09-28,2.569999933242798,19856847.484207153,0.364,0.3539315852143301,7.261290149299573,7.261290149299574,POSITIVE,1,multi-class ownership validation required; price stale >3 days,1.0,0
HWKN,1078,usa,2027,Q1,2026-06-28,2026-07-29,equityusd,548204000.0,sharesbas -> shares_outstanding,20875117.0,2026-10-06,132.25,2760734223.25,26.385,26.261122272991333,5.035961472827633,5.035961472827633,POSITIVE,1,,1.0,1
HWM,1079,usa,2026,Q2,2026-06-30,2026-08-06,equityusd,5732000000.0,sharesbas -> shares_outstanding,398801399.0,2026-10-06,231.60000610351562,92362406442.49057,14.33,14.3730689370024,16.11346937238147,16.113469372381466,POSITIVE,1,multi-class ownership validation required,1.0,0
HXL,1080,usa,2026,Q2,2026-06-30,2026-07-29,equityusd,1298200000.0,sharesbas -> shares_outstanding,75623452.0,2026-10-06,86.01000213623047,6504373268.069122,17.149,17.166632382769304,5.010301392750826,5.010301392750826,POSITIVE,1,,1.0,1
HYMC,1081,usa,2026,Q2,2026-06-30,2026-07-28,equityusd,250857000.0,sharesbas -> shares_outstanding,93181681.0,2026-10-06,19.09000015258789,1778838304.5083961,2.741,2.692127865776536,7.091045115378069,7.091045115378068,POSITIVE,1,multi-class ownership validation required,1.0,0
HYPD,1082,usa,2026,Q2,2026-06-30,2026-08-13,equityusd,101934771.0,sharesbas -> shares_outstanding,15539434.0,2026-10-06,3.819999933242798,59360636.84263086,7.192,6.5597479933953835,0.5823394339369327,0.5823394339369327,POSITIVE,1,,1.0,1
HYPR,1083,usa,2026,Q2,2026-06-30,2026-08-06,equityusd,36758000.0,sharesbas -> shares_outstanding,106048669.0,2026-10-06,0.8700000047683716,92262342.53567946,0.368,0.3466144398285659,2.5099935397921396,2.5099935397921396,POSITIVE,1,,1.0,1
HZO,1084,usa,2026,Q3,2026-06-30,2026-07-23,equityusd,952490000.0,sharesbas -> shares_outstanding,22086746.0,2026-10-06,52.38999938964844,1157124609.45932,43.161,43.124958289464644,1.2148417405529928,1.2148417405529928,POSITIVE,1,,1.0,1
IART,1085,usa,2026,Q2,2026-06-30,2026-07-29,equityusd,1043377000.0,sharesbas -> shares_outstanding,77772506.0,2026-10-06,13.319999694824219,1035929756.1857147,13.499,13.415756462830194,0.9928623653633487,0.9928623653633487,POSITIVE,1,,1.0,1
IBEX,1086,usa,2026,Q4,2026-06-30,2026-09-10,,,sharesbas -> shares_outstanding,13278634.0,2026-10-06,43.189998626708984,573504184.2245712,,,,,MISSING,0,sharefactor missing/nonunit,,0
IBM,1087,usa,2026,Q2,2026-06-30,2026-07-23,equityusd,34452000000.0,sharesbas -> shares_outstanding,942134390.0,2026-10-06,221.2899932861328,208484912837.73483,36.604,36.56803144612947,6.051460374948764,6.051460374948764,POSITIVE,1,,1.0,1
IBP,1088,usa,2026,Q2,2026-06-30,2026-08-06,equityusd,639500000.0,sharesbas -> shares_outstanding,26579177.0,2026-10-06,192.85000610351562,5125794446.676422,24.01,24.060188169106965,8.015315788391591,8.015315788391591,POSITIVE,1,,1.0,1
IBRX,1089,usa,2026,Q2,2026-06-30,2026-08-04,equityusd,-1046629000.0,sharesbas -> shares_outstanding,1059836273.0,2026-10-06,9.6899995803833,10269813040.645,-0.997,-0.9875383836763625,,,NEGATIVE,0,,1.0,0
ICE,1090,usa,2026,Q2,2026-06-30,2026-07-30,equityusd,29551000000.0,sharesbas -> shares_outstanding,561394487.0,2026-10-06,153.49000549316406,86168442893.46202,52.395,52.638564653378936,2.915923078523976,2.915923078523976,POSITIVE,1,,1.0,1
ICFI,1091,usa,2026,Q2,2026-06-30,2026-08-06,equityusd,1049929000.0,sharesbas -> shares_outstanding,17933884.0,2026-10-06,83.08999633789062,1490126355.8841553,58.297,58.54442908184306,1.4192639272599912,1.4192639272599912,POSITIVE,1,,1.0,1
ICHR,1092,usa,2026,Q2,2026-06-26,2026-08-04,equityusd,865497000.0,sharesbas -> shares_outstanding,37454229.0,2026-10-06,62.439998626708984,2338642007.324444,24.451,23.108124852870418,2.7020798539156625,2.702079853915662,POSITIVE,1,,1.0,1
ICUI,1093,usa,2026,Q2,2026-06-30,2026-08-06,equityusd,2151851000.0,sharesbas -> shares_outstanding,25007038.0,2026-10-06,159.72999572753906,3994374072.898407,86.074,86.04981525600913,1.856250303993356,1.856250303993356,POSITIVE,1,,1.0,1
IDA,1094,usa,2026,Q2,2026-06-30,2026-07-30,equityusd,3774605000.0,sharesbas -> shares_outstanding,57842043.0,2026-10-06,132.67999267578125,7674481841.592224,67.667,65.25711756066431,2.033188066457874,2.0331880664578743,POSITIVE,1,,1.0,1
IDAI,1095,usa,2026,Q2,2026-06-30,2026-08-13,equityusd,4637652.0,sharesbas -> shares_outstanding,5639291.0,2026-10-06,3.309999942779541,18666052.88731718,0.826,0.8223821044170269,4.024892960342255,4.024892960342255,POSITIVE,1,,1.0,1
IDCC,1096,usa,2026,Q2,2026-06-30,2026-07-30,equityusd,1202169000.0,sharesbas -> shares_outstanding,25806007.0,2026-10-06,339.2900085449219,8755720335.540314,46.54,46.584851348757674,7.283269104044701,7.283269104044701,POSITIVE,1,,1.0,1
IDN,1097,usa,2026,Q2,2026-06-30,2026-08-13,equityusd,22489000.0,sharesbas -> shares_outstanding,20266743.0,2026-10-06,2.309999942779541,46816175.17032766,1.111,1.1096504258232316,2.0817366343691437,2.0817366343691432,POSITIVE,1,,1.0,1
IDT,1098,usa,2026,Q4,2026-07-31,2026-09-29,,,sharesbas -> shares_outstanding,24838686.0,2026-10-06,80.30999755859375,1994794812.0186768,,,,,MISSING,0,sharefactor missing/nonunit,,0
IDXX,1099,usa,2026,Q2,2026-06-30,2026-08-04,equityusd,1612575000.0,sharesbas -> shares_outstanding,78781116.0,2026-10-06,515.4099731445312,40604572881.8562,20.424,20.469055046135676,25.179959308470117,25.179959308470117,POSITIVE,1,,1.0,1
IDYA,1100,usa,2026,Q2,2026-06-30,2026-08-04,equityusd,1198905000.0,sharesbas -> shares_outstanding,96489484.0,2026-10-06,36.630001068115234,3534409901.981888,13.023,12.425240039629603,2.9480316638781954,2.9480316638781954,POSITIVE,1,,1.0,1
IEP,1101,usa,2026,Q2,2026-06-30,2026-08-05,equityusd,1009000000.0,sharesbas -> shares_outstanding,710915093.0,2026-10-06,6.630000114440918,4713367147.947776,1.508,1.419297480015662,4.671325220959144,4.671325220959144,POSITIVE,1,,1.0,1
IESC,1102,usa,2026,Q3,2026-06-30,2026-07-31,equityusd,1223971000.0,sharesbas -> shares_outstanding,39848712.0,2026-10-06,341.8500061035156,13622282440.417236,30.716,30.71544696350537,11.129579410310567,11.129579410310567,POSITIVE,1,,1.0,1
IEX,1103,usa,2026,Q2,2026-06-30,2026-07-29,equityusd,4008000000.0,sharesbas -> shares_outstanding,73719896.0,2026-10-06,236.27999877929688,17418536936.889893,54.162,54.36795515826555,4.345942349523426,4.345942349523426,POSITIVE,1,,1.0,1
IFF,1104,usa,2026,Q2,2026-06-30,2026-08-04,equityusd,13976000000.0,sharesbas -> shares_outstanding,255149963.0,2026-10-06,83.91999816894531,21412184427.766464,54.808,54.77563012619367,1.5320681473788254,1.5320681473788254,POSITIVE,1,multi-class ownership validation required,1.0,0
IHRT,1105,usa,2026,Q2,2026-06-30,2026-08-10,equityusd,-2010661000.0,sharesbas -> shares_outstanding,154789168.0,2026-10-06,2.009999990463257,311126226.20381546,-12.749,-12.989675091476686,,,NEGATIVE,0,,1.0,0
III,1106,usa,2026,Q2,2026-06-30,2026-08-06,equityusd,95829000.0,sharesbas -> shares_outstanding,48413462.0,2026-10-06,5.710000038146973,276440869.866827,1.994,1.9793874687168622,2.8847308212214156,2.8847308212214156,POSITIVE,1,,1.0,1
IIIN,1107,usa,2026,Q3,2026-06-27,2026-07-16,equityusd,371400000.0,sharesbas -> shares_outstanding,19358247.0,2026-10-06,30.170000076293945,584038313.466917,19.093,19.185621507980553,1.5725318079346178,1.5725318079346178,POSITIVE,1,,1.0,1
IIIV,1108,usa,2026,Q3,2026-06-30,2026-08-07,equityusd,280547000.0,sharesbas -> shares_outstanding,26322009.0,2026-10-06,14.960000038146973,393777255.64410496,14.446,10.658267003859773,1.4036052983781862,1.403605298378186,POSITIVE,1,,1.0,1
IIPR,1109,usa,2026,Q2,2026-06-30,2026-08-04,equityusd,1851599000.0,sharesbas -> shares_outstanding,27571349.0,2026-10-06,50.2599983215332,1385735954.4624062,65.098,67.15663422925009,0.7483996018913415,0.7483996018913416,POSITIVE,1,multi-class ownership validation required,1.0,0
IKT,1110,usa,2026,Q2,2026-06-30,2026-08-11,equityusd,153328586.0,sharesbas -> shares_outstanding,139535900.0,2026-10-06,1.9800000190734863,276281084.6614361,0.878,1.0988468630653474,1.80188894888417,1.80188894888417,POSITIVE,1,,1.0,1
ILLR,1111,usa,2026,Q2,2026-06-30,2026-08-13,equityusd,-373373000.0,sharesbas -> shares_outstanding,20487382.0,2026-10-06,0.1770000010728836,3626266.6359805763,-18.687,-18.224534496403688,,,NEGATIVE,0,multi-class ownership validation required,1.0,0
ILMN,1112,usa,2026,Q2,2026-06-28,2026-07-31,equityusd,2838000000.0,sharesbas -> shares_outstanding,151000000.0,2026-10-06,273.5400085449219,41304541290.2832,18.795,18.794701986754966,14.554101934560679,14.554101934560677,POSITIVE,1,,1.0,1
ILPT,1113,usa,2026,Q2,2026-06-30,2026-07-29,equityusd,461660000.0,sharesbas -> shares_outstanding,66745881.0,2026-10-06,7.195000171661377,480236625.25268984,6.971,6.916681495297065,1.0402387585077544,1.0402387585077544,POSITIVE,1,,1.0,1
IMAX,1114,usa,2026,Q2,2026-06-30,2026-07-23,equityusd,355889000.0,sharesbas -> shares_outstanding,54842114.0,2026-10-06,50.58000183105469,2773914226.53891,6.476,6.489337737783048,7.794324147526082,7.7943241475260825,POSITIVE,1,,1.0,1
IMCR,1115,usa,2026,Q2,2026-06-30,2026-08-06,equityusd,419798000.0,sharesbas -> shares_outstanding,51498617.0,2026-10-06,29.549999237060547,1521784093.0596733,8.236,8.151636382778978,3.625038930770688,3.625038930770688,POSITIVE,1,,1.0,1
IMKTA,1116,usa,2026,Q3,2026-06-27,2026-08-06,equityusd,1684791883.0,sharesbas -> shares_outstanding,18994376.0,2026-10-06,85.41999816894531,1622499563.1402588,88.7,88.69951205556845,0.9630266975474613,0.9630266975474613,POSITIVE,1,,1.0,1
IMMX,1117,usa,2026,Q2,2026-06-30,2026-08-07,equityusd,228916553.0,sharesbas -> shares_outstanding,71539314.0,2026-10-06,9.640000343322754,689639011.5210743,3.59,3.1998706753044908,3.0126218592898097,3.0126218592898097,POSITIVE,1,,1.0,1
IMNM,1118,usa,2026,Q2,2026-06-30,2026-08-11,equityusd,525083000.0,sharesbas -> shares_outstanding,113577629.0,2026-10-06,19.309999465942383,2193183955.333002,4.636,4.62311992795694,4.176832910859811,4.176832910859811,POSITIVE,1,,1.0,1
IMNN,1119,usa,2026,Q2,2026-06-30,2026-08-11,equityusd,4188787.0,sharesbas -> shares_outstanding,5611403.0,2026-10-06,1.1200000047683716,6284771.386757255,0.801,0.7464776634292707,1.500379796527552,1.5003797965275518,POSITIVE,1,,1.0,1
IMRX,1120,usa,2026,Q2,2026-06-30,2026-08-05,equityusd,190735026.0,sharesbas -> shares_outstanding,64697402.0,2026-10-06,3.8299999237060547,247791044.72397995,2.948,2.94810950832307,1.2991376042488387,1.2991376042488387,POSITIVE,1,,1.0,1
IMVT,1121,usa,2027,Q1,2026-06-30,2026-08-06,equityusd,735388000.0,sharesbas -> shares_outstanding,206552682.0,2026-10-06,32.11000061035156,6632406745.089752,3.578,3.5602926714841687,9.018921637407399,9.018921637407399,POSITIVE,1,multi-class ownership validation required,1.0,0
IMXI,1122,usa,2026,Q2,2026-06-30,2026-08-10,equityusd,169550000.0,sharesbas -> shares_outstanding,30211627.0,2026-10-06,12.09000015258789,365258575.03992844,5.631,5.612077760658173,2.1542823653195424,2.1542823653195424,POSITIVE,1,multi-class ownership validation required,1.0,0
INAB,1123,usa,2026,Q2,2026-06-30,2026-08-06,equityusd,18363000.0,sharesbas -> shares_outstanding,9858383.0,2026-10-06,1.3899999856948853,13703152.2289747,0.943,1.8626786969019158,0.7462371196958395,0.7462371196958395,POSITIVE,1,,1.0,1
INBS,1124,usa,2026,Q4,2026-06-30,2026-08-19,equityusd,5510835.0,sharesbas -> shares_outstanding,3027470.0,2026-10-06,1.5800000429153442,4783402.729924917,3.742,1.8202773272732677,0.8679996279919318,0.8679996279919318,POSITIVE,1,,1.0,1
INCY,1125,usa,2026,Q2,2026-06-30,2026-07-28,equityusd,6344427000.0,sharesbas -> shares_outstanding,202697746.0,2026-10-06,112.7300033569336,22850117587.022873,31.662,31.299938579484746,3.6016046188289144,3.6016046188289144,POSITIVE,1,,1.0,1
INDI,1126,usa,2026,Q2,2026-06-30,2026-08-07,equityusd,294672000.0,sharesbas -> shares_outstanding,231808883.0,2026-10-06,2.8499999046325684,660655294.4429822,1.39,1.2711851081220213,2.242002275217809,2.242002275217809,POSITIVE,1,multi-class ownership validation required,1.0,0
INDP,1127,usa,2026,Q2,2026-06-30,2026-08-13,equityusd,11372530.0,sharesbas -> shares_outstanding,133242324.0,2026-10-06,2.5899999141693115,345097607.7237196,0.098,0.08535223387427557,30.34484039380152,30.34484039380152,POSITIVE,1,,1.0,1
INDV,1128,usa,2026,Q2,2026-06-30,2026-08-03,equityusd,-208000000.0,sharesbas -> shares_outstanding,118013649.0,2026-10-06,35.900001525878906,4236690179.1745377,-1.748,-1.7625079960030725,,,NEGATIVE,0,ADR ownership/ratio validation required,1.0,0
INGN,1129,usa,2026,Q2,2026-06-30,2026-08-07,equityusd,174864000.0,sharesbas -> shares_outstanding,26538337.0,2026-10-06,5.769999980926514,153126203.9838214,6.466,6.5891091819355525,0.8756874141265292,0.8756874141265292,POSITIVE,1,,1.0,1
INGR,1130,usa,2026,Q2,2026-06-30,2026-08-07,equityusd,4524000000.0,sharesbas -> shares_outstanding,63063979.0,2026-10-06,96.75,6101439968.25,71.469,71.73667237203667,1.3486825747679043,1.3486825747679045,POSITIVE,1,,1.0,1
INHD,1131,usa,2026,Q3,2026-06-30,2026-08-18,equityusd,55634839.0,sharesbas -> shares_outstanding,2520581.0,2026-10-06,3.359999895095825,8469151.89558053,24.008,22.07222818865968,0.1522274899650654,0.1522274899650654,POSITIVE,1,,1.0,1
INKT,1132,usa,2026,Q2,2026-06-30,2026-08-13,equityusd,-14028296.0,sharesbas -> shares_outstanding,5103002.0,2026-10-06,11.699999809265137,59705122.42667961,-2.793,-2.7490281210942107,,,NEGATIVE,0,,1.0,0
INM,1133,usa,2026,Q4,2026-06-30,2026-09-09,,,sharesbas -> shares_outstanding,5493735.0,2026-10-06,1.3300000429153442,7306667.785765529,,,,,MISSING,0,sharefactor missing/nonunit,,0
INMB,1134,usa,2026,Q2,2026-06-30,2026-08-06,equityusd,20362000.0,sharesbas -> shares_outstanding,27753789.0,2026-10-06,1.8700000047683716,51899585.56234038,0.762,0.7336655906694398,2.548845180352636,2.5488451803526364,POSITIVE,1,,1.0,1
INN,1135,usa,2026,Q2,2026-06-30,2026-08-05,equityusd,838947000.0,sharesbas -> shares_outstanding,107853463.0,2026-10-06,5.989999771118164,646042218.6843014,8.008,7.7785819450229425,0.7700632086225965,0.7700632086225964,POSITIVE,1,multi-class ownership validation required,1.0,0
INO,1136,usa,2026,Q2,2026-06-30,2026-08-12,equityusd,4371083.0,sharesbas -> shares_outstanding,103397518.0,2026-10-06,1.1299999952316284,116839194.84696221,0.054,0.04227454473326913,26.730033460120115,26.730033460120115,POSITIVE,1,,1.0,1
INOD,1137,usa,2026,Q2,2026-06-30,2026-08-06,equityusd,159617000.0,sharesbas -> shares_outstanding,34382651.0,2026-10-06,66.23999786376953,2277506728.7907333,4.769,4.642370362890285,14.268572450244857,14.268572450244857,POSITIVE,1,,1.0,1
INSE,1138,usa,2026,Q2,2026-06-30,2026-08-05,equityusd,-15600000.0,sharesbas -> shares_outstanding,26358372.0,2026-10-06,3.9700000286102295,104642737.59411907,-0.54,-0.5918423186378886,,,NEGATIVE,0,multi-class ownership validation required,1.0,0
INSG,1139,usa,2026,Q2,2026-06-30,2026-08-06,equityusd,-30562000.0,sharesbas -> shares_outstanding,16420592.0,2026-10-06,4.730000019073486,77669400.47319794,-1.873,-1.8611996449336297,,,NEGATIVE,0,,1.0,0
INSM,1140,usa,2026,Q2,2026-06-30,2026-08-06,equityusd,757494000.0,sharesbas -> shares_outstanding,218381503.0,2026-10-06,105.2300033569336,22980286293.782204,3.485,3.468672893967581,30.33725190401799,30.33725190401799,POSITIVE,1,,1.0,1
INSP,1141,usa,2026,Q2,2026-06-30,2026-08-03,equityusd,825582000.0,sharesbas -> shares_outstanding,28910375.0,2026-10-06,68.19999694824219,1971687486.7725372,28.631,28.556599490667278,2.3882394320279965,2.3882394320279965,POSITIVE,1,,1.0,1
INSW,1142,usa,2026,Q2,2026-06-30,2026-08-10,equityusd,2265335000.0,sharesbas -> shares_outstanding,49531311.0,2026-10-06,116.45999908447266,5768416433.71273,45.776,45.735413706291766,2.54638560465129,2.5463856046512903,POSITIVE,1,multi-class ownership validation required,1.0,0
INTA,1143,usa,2026,Q4,2026-06-30,2026-08-14,equityusd,317603000.0,sharesbas -> shares_outstanding,76511148.0,2026-10-06,37.029998779296875,2833207717.0426025,4.144,4.151068286153542,8.92059494728514,8.92059494728514,POSITIVE,1,,1.0,1
INTC,1144,usa,2026,Q2,2026-06-27,2026-07-24,equityusd,87542000000.0,sharesbas -> shares_outstanding,5044000000.0,2026-10-06,112.5,567450000000.0,17.152,17.355670103092784,6.4820314820314815,6.482031482031482,POSITIVE,1,,1.0,1
IONQ,1145,usa,2026,Q2,2026-06-30,2026-08-10,equityusd,3327208000.0,sharesbas -> shares_outstanding,381002314.0,2026-10-06,43.290000915527344,16493590521.878036,9.05,8.732776357888472,4.957186482443549,4.957186482443549,POSITIVE,1,multi-class ownership validation required,1.0,0
IONS,1146,usa,2026,Q2,2026-06-30,2026-07-29,equityusd,439737000.0,sharesbas -> shares_outstanding,166184322.0,2026-10-06,44.0,7312110168.0,2.658,2.6460799352660955,16.62837143110541,16.62837143110541,POSITIVE,1,,1.0,1
IOSP,1147,usa,2026,Q2,2026-06-30,2026-08-05,equityusd,1343400000.0,sharesbas -> shares_outstanding,24631047.0,2026-10-06,98.55000305175781,2427389757.01799,54.512,54.54092146387443,1.806900221094231,1.806900221094231,POSITIVE,1,,1.0,1
IOT,1148,usa,2027,Q2,2026-08-01,2026-09-08,equityusd,1601974000.0,sharesbas -> shares_outstanding,585605209.0,2026-10-06,41.7400016784668,24443162406.5789,2.742,2.7355870053403164,15.258151759378677,15.258151759378679,POSITIVE,1,,1.0,1
IOVA,1149,usa,2026,Q2,2026-06-30,2026-08-06,equityusd,736045000.0,sharesbas -> shares_outstanding,452971432.0,2026-10-06,12.960000038146973,5870509775.999489,1.635,1.6249258739125076,7.9757484610309,7.9757484610309,POSITIVE,1,,1.0,1
IP,1150,usa,2026,Q2,2026-06-30,2026-08-05,equityusd,14455000000.0,sharesbas -> shares_outstanding,529569895.0,2026-10-06,32.13999938964844,17020376102.076187,27.299,27.295735910365526,1.1774732689087641,1.1774732689087641,POSITIVE,1,,1.0,1
IPAR,1151,usa,2026,Q2,2026-06-30,2026-08-04,equityusd,870461000.0,sharesbas -> shares_outstanding,32025781.0,2026-10-06,112.8499984741211,3614109336.9825363,27.18,27.180008506271868,4.151948607671724,4.151948607671724,POSITIVE,1,,1.0,1
IPDN,1152,usa,2026,Q2,2026-06-30,2026-08-14,,,sharesbas -> shares_outstanding,481677.0,2026-10-06,4.610000133514404,2220531.0343108177,,,,,MISSING,0,sharefactor missing/nonunit,,0
IPGP,1153,usa,2026,Q2,2026-06-30,2026-08-04,equityusd,2127178000.0,sharesbas -> shares_outstanding,42534539.0,2026-10-06,83.69000244140625,3559715672.7540894,50.087,50.01060432323012,1.6734451337659986,1.6734451337659986,POSITIVE,1,,1.0,1
IPI,1154,usa,2026,Q2,2026-06-30,2026-08-05,equityusd,515188000.0,sharesbas -> shares_outstanding,13456674.0,2026-10-06,33.529998779296875,451202262.793396,39.044,38.284943218510016,0.8758011886794645,0.8758011886794645,POSITIVE,1,,1.0,1
IQV,1155,usa,2026,Q2,2026-06-30,2026-07-28,equityusd,6171000000.0,sharesbas -> shares_outstanding,164600000.0,2026-10-06,259.9800109863281,42792709808.34961,37.152,37.49088699878493,6.934485465621393,6.934485465621392,POSITIVE,1,,1.0,1
IR,1156,usa,2026,Q2,2026-06-30,2026-07-31,equityusd,10177300000.0,sharesbas -> shares_outstanding,387999429.0,2026-10-06,79.20999908447266,30733434415.865913,26.23,26.23019324082562,3.0198023459921504,3.0198023459921504,POSITIVE,1,,1.0,1
IRD,1157,usa,2026,Q2,2026-06-30,2026-08-06,equityusd,-12986000.0,sharesbas -> shares_outstanding,83195823.0,2026-10-06,4.380000114440918,364397714.26100636,-0.136,-0.15608956714088879,,,NEGATIVE,0,,1.0,0
IRDM,1158,usa,2026,Q2,2026-06-30,2026-07-22,equityusd,472511000.0,sharesbas -> shares_outstanding,105960383.0,2026-10-06,49.040000915527344,5196297279.329628,4.417,4.459317592311836,10.997198539990872,10.997198539990874,POSITIVE,1,multi-class ownership validation required,1.0,0
IRM,1159,usa,2026,Q2,2026-06-30,2026-08-05,,,sharesbas -> shares_outstanding,297702812.0,2026-10-06,116.5,34682377598.0,,,,,MISSING,0,sharefactor missing/nonunit,,0
IRON,1160,usa,2026,Q2,2026-06-30,2026-07-30,equityusd,644164000.0,sharesbas -> shares_outstanding,38392844.0,2026-10-06,61.650001525878906,2366918891.182831,16.651,16.778230859896702,3.6744041753075787,3.6744041753075782,POSITIVE,1,,1.0,1
IRT,1161,usa,2026,Q2,2026-06-30,2026-08-04,equityusd,3359169000.0,sharesbas -> shares_outstanding,235744567.0,2026-10-06,14.729999542236328,3472517363.9947014,14.27,14.249189462762889,1.0337429775026805,1.0337429775026803,POSITIVE,1,,1.0,1
IRTC,1162,usa,2026,Q2,2026-06-30,2026-08-06,equityusd,185983000.0,sharesbas -> shares_outstanding,32963003.0,2026-10-06,107.19999694824219,3533633821.004898,5.654,5.642174045853771,18.99976783364554,18.99976783364554,POSITIVE,1,,1.0,1
IRWD,1163,usa,2026,Q2,2026-06-30,2026-08-06,equityusd,-161843000.0,sharesbas -> shares_outstanding,165239947.0,2026-10-06,3.630000114440918,599821026.5202112,-0.984,-0.9794423378748723,,,NEGATIVE,0,,1.0,0
ISPC,1164,usa,2026,Q2,2026-06-30,2026-08-14,equityusd,1736380.0,sharesbas -> shares_outstanding,2518590.0,2026-10-06,1.0700000524520874,2694891.432105303,1.245,0.6894254324840486,1.5520170884859896,1.5520170884859896,POSITIVE,1,,1.0,1
ISRG,1165,usa,2026,Q2,2026-06-30,2026-07-21,equityusd,18168400000.0,sharesbas -> shares_outstanding,353278038.0,2026-10-06,404.760009765625,142992822110.86084,51.309,51.428048295490136,7.870413581320361,7.870413581320361,POSITIVE,1,,1.0,1
IA,1166,usa,2026,Q3,2026-06-30,2026-08-13,equityusd,77197268.0,sharesbas -> shares_outstanding,17899173.0,2026-10-06,19.770000457763672,353866658.40359116,4.317,4.3128957969175445,4.5839272239995745,4.5839272239995745,POSITIVE,1,,1.0,1
IT,1167,usa,2026,Q2,2026-06-30,2026-08-04,equityusd,-167345000.0,sharesbas -> shares_outstanding,63148976.0,2026-10-06,184.9199981689453,11677508526.290771,-2.516,-2.6500033824776508,,,NEGATIVE,0,multi-class ownership validation required,1.0,0
ITGR,1168,usa,2026,Q2,2026-07-03,2026-08-04,equityusd,1718749000.0,sharesbas -> shares_outstanding,33992048.0,2026-10-06,126.47000122070312,4298974352.054199,50.537,50.563267032336505,2.5012228964521284,2.5012228964521284,POSITIVE,1,,1.0,1
ITRI,1169,usa,2026,Q2,2026-06-30,2026-07-28,equityusd,1616199000.0,sharesbas -> shares_outstanding,43786753.0,2026-10-06,88.38999938964844,3870311070.944687,36.653,36.91068392305773,2.3946995827523017,2.3946995827523017,POSITIVE,1,,1.0,1
ITT,1170,usa,2026,Q2,2026-07-04,2026-08-06,equityusd,4800500000.0,sharesbas -> shares_outstanding,89400000.0,2026-10-06,207.30999755859375,18533513781.73828,53.697,53.69686800894855,3.8607465434305346,3.8607465434305346,POSITIVE,1,,1.0,1
ITW,1171,usa,2026,Q2,2026-06-30,2026-08-06,equityusd,2894000000.0,sharesbas -> shares_outstanding,284800000.0,2026-10-06,267.1400146484375,76081476171.875,10.105,10.161516853932584,26.289383611567036,26.289383611567036,POSITIVE,1,,1.0,1
IVDA,1172,usa,2026,Q2,2026-06-30,2026-08-14,equityusd,5406955.0,sharesbas -> shares_outstanding,12519027.0,2026-10-06,0.27000001072883606,3380137.4243145883,0.457,0.43189898064761745,0.6251462097085306,0.6251462097085306,POSITIVE,1,multi-class ownership validation required,1.0,0
IVT,1173,usa,2026,Q2,2026-06-30,2026-08-03,equityusd,1765682000.0,sharesbas -> shares_outstanding,77978431.0,2026-10-06,29.75,2319858322.25,22.65,22.64321014614926,1.313859643044444,1.313859643044444,POSITIVE,1,,1.0,1
IVVD,1174,usa,2026,Q2,2026-06-30,2026-08-13,equityusd,181080000.0,sharesbas -> shares_outstanding,294758746.0,2026-10-06,0.8059999942779541,237575547.58937693,0.565,0.6143329161808824,1.311992200073873,1.311992200073873,POSITIVE,1,,1.0,1
J,1175,usa,2026,Q3,2026-06-26,2026-08-04,equityusd,3264489000.0,sharesbas -> shares_outstanding,117038611.0,2026-10-06,139.22999572753906,16295285309.487106,27.892,27.89241065070398,4.991680262818195,4.991680262818195,POSITIVE,1,,1.0,1
JACK,1176,usa,2026,Q3,2026-07-05,2026-08-12,equityusd,-901286000.0,sharesbas -> shares_outstanding,19179330.0,2026-10-06,12.279999732971191,235522167.27856636,-46.993,-46.99256960488192,,,NEGATIVE,0,,1.0,0
JAGX,1177,usa,2026,Q2,2026-06-30,2026-08-19,,,sharesbas -> shares_outstanding,344553.0,2026-10-06,5.619999885559082,1936387.8205690384,,,,,MISSING,0,sharefactor missing/nonunit,,0
JAKK,1178,usa,2026,Q2,2026-06-30,2026-07-31,equityusd,247875000.0,sharesbas -> shares_outstanding,11445012.0,2026-10-06,27.43000030517578,313936682.6527405,21.658,21.6579065185777,1.266512083319175,1.266512083319175,POSITIVE,1,,1.0,1
JANX,1179,usa,2026,Q2,2026-06-30,2026-08-06,equityusd,927984000.0,sharesbas -> shares_outstanding,61136773.0,2026-10-06,16.790000915527344,1026486474.6423874,14.745,15.178818810080147,1.1061467381359886,1.1061467381359888,POSITIVE,1,,1.0,1
JAZZ,1180,usa,2026,Q2,2026-06-30,2026-08-03,equityusd,4801700000.0,sharesbas -> shares_outstanding,64914577.0,2026-10-06,231.38999938964844,15020583932.409286,75.976,73.96951843343291,3.128180422019136,3.128180422019136,POSITIVE,1,,1.0,1
JBGS,1181,usa,2026,Q2,2026-06-30,2026-08-10,equityusd,1066413000.0,sharesbas -> shares_outstanding,58575671.0,2026-10-06,10.859999656677246,636131766.9496393,18.297,18.20573254722084,0.5965153903315501,0.5965153903315501,POSITIVE,1,,1.0,1
JBHT,1182,usa,2026,Q2,2026-06-30,2026-07-24,equityusd,3657115000.0,sharesbas -> shares_outstanding,93914939.0,2026-10-06,225.92999267578125,21218201480.416443,38.854,38.94071634332851,5.801896161432288,5.801896161432288,POSITIVE,1,,1.0,1
JBI,1183,usa,2026,Q2,2026-07-04,2026-08-11,equityusd,572000000.0,sharesbas -> shares_outstanding,136435790.0,2026-10-06,4.320000171661377,589402636.2207556,4.193,4.1924483304564,1.0304241891971253,1.030424189197125,POSITIVE,1,multi-class ownership validation required,1.0,0
JBIO,1184,usa,2026,Q2,2026-06-30,2026-08-10,equityusd,439915000.0,sharesbas -> shares_outstanding,63597387.0,2026-10-06,13.40999984741211,852840949.9658089,7.206,6.917186707686591,1.9386493981014714,1.9386493981014716,POSITIVE,1,,1.0,1
JBL,1185,usa,2026,Q3,2026-05-31,2026-06-30,equityusd,1323000000.0,sharesbas -> shares_outstanding,104787089.0,2026-10-06,309.19000244140625,32399120303.737854,12.564,12.625601232228142,24.489130992999133,24.489130992999133,POSITIVE,1,,1.0,1
JBLU,1186,usa,2026,Q2,2026-06-30,2026-07-28,equityusd,1587000000.0,sharesbas -> shares_outstanding,377312181.0,2026-10-06,4.03000020980835,1520568168.593246,4.206,4.206066169912495,0.9581399928123794,0.9581399928123793,POSITIVE,1,,1.0,1
JBTM,1187,usa,2026,Q2,2026-06-30,2026-08-05,equityusd,4472000000.0,sharesbas -> shares_outstanding,51876817.0,2026-10-06,108.69000244140625,5638491366.382385,86.204,86.20420948339988,1.2608433287974923,1.2608433287974923,POSITIVE,1,,1.0,1
JCI,1188,usa,2026,Q3,2026-06-30,2026-07-29,equityusd,13482000000.0,sharesbas -> shares_outstanding,605741470.0,2026-10-06,158.75999450683594,96167512449.76273,22.257,22.25701997916702,7.133030147586614,7.133030147586614,POSITIVE,1,,1.0,1
JELD,1189,usa,2026,Q2,2026-06-27,2026-08-04,equityusd,-23869000.0,sharesbas -> shares_outstanding,86763382.0,2026-10-06,1.8200000524520874,157909359.7909205,-0.276,-0.2751045366120007,,,NEGATIVE,0,,1.0,0
JILL,1190,usa,2027,Q2,2026-08-01,2026-09-09,,,sharesbas -> shares_outstanding,14862977.0,2026-10-06,24.760000228881836,368007313.92186546,,,,,MISSING,0,sharefactor missing/nonunit,,0
JJSF,1191,usa,2026,Q3,2026-06-27,2026-08-06,equityusd,892077000.0,sharesbas -> shares_outstanding,18681608.0,2026-10-06,79.44000244140625,1484066985.1293945,47.666,47.75161752671397,1.6636086180109952,1.6636086180109952,POSITIVE,1,,1.0,1
JKHY,1192,usa,2026,Q4,2026-06-30,2026-08-28,equityusd,2051949000.0,sharesbas -> shares_outstanding,70112608.0,2026-10-06,144.42999267578125,10126363459.919922,29.032,29.2664765800753,4.934997633917764,4.934997633917764,POSITIVE,1,,1.0,1
JLL,1193,usa,2026,Q2,2026-06-30,2026-07-30,equityusd,7461700000.0,sharesbas -> shares_outstanding,46007703.0,2026-10-06,303.6199951171875,13968858560.213013,161.355,162.18371084511654,1.872074535322113,1.8720745353221133,POSITIVE,1,,1.0,1
JNJ,1194,usa,2026,Q2,2026-06-28,2026-07-23,equityusd,84971000000.0,sharesbas -> shares_outstanding,2409898597.0,2026-10-06,254.77999877929688,613993961601.8893,35.294,35.25915991061926,7.225923686927178,7.225923686927178,POSITIVE,1,,1.0,1
JOBY,1195,usa,2026,Q2,2026-06-30,2026-08-06,equityusd,1766723000.0,sharesbas -> shares_outstanding,989124237.0,2026-10-06,5.78000020980835,5717138297.386524,1.822,1.7861487302732022,3.2360128313190715,3.2360128313190715,POSITIVE,1,multi-class ownership validation required,1.0,0
JOE,1196,usa,2026,Q2,2026-06-30,2026-07-29,equityusd,764461000.0,sharesbas -> shares_outstanding,56930451.0,2026-10-06,65.9800033569336,3756271348.0917435,13.375,13.427980747948054,4.91362064002185,4.91362064002185,POSITIVE,1,,1.0,1
JSPR,1197,usa,2026,Q2,2026-06-30,2026-08-14,equityusd,1413000.0,sharesbas -> shares_outstanding,33274561.0,2026-10-06,0.5600000023841858,18633754.239332736,0.049,0.04246487278975671,13.187370303844824,13.187370303844823,POSITIVE,1,multi-class ownership validation required,1.0,0
JTAI,1198,usa,2026,Q2,2026-06-30,2026-08-14,equityusd,39983716.0,sharesbas -> shares_outstanding,3557521.0,2026-10-06,1.4800000190734863,5265131.147854328,30.149,11.239207301938626,0.13168188639230852,0.13168188639230852,POSITIVE,1,multi-class ownership validation required,1.0,0
KAI,1199,usa,2026,Q2,2026-07-04,2026-08-12,equityusd,1022954000.0,sharesbas -> shares_outstanding,11809117.0,2026-10-06,263.6600036621094,3113591831.466278,86.632,86.62408882899543,3.0437261416117227,3.0437261416117227,POSITIVE,1,,1.0,1
KALA,1200,usa,2026,Q2,2026-06-30,2026-08-19,equityusd,9044000.0,sharesbas -> shares_outstanding,19339786.0,2026-10-06,0.36399999260902405,7039681.961060107,121.954,0.46763702555964165,0.7783814640712192,0.7783814640712192,POSITIVE,1,,1.0,1
KALU,1201,usa,2026,Q2,2026-06-30,2026-07-23,equityusd,943800000.0,sharesbas -> shares_outstanding,16349092.0,2026-10-06,153.77000427246094,2513999946.690857,57.749,57.72797657509053,2.6636998799436924,2.6636998799436924,POSITIVE,1,,1.0,1
KBH,1202,usa,2026,Q2,2026-05-31,2026-07-09,equityusd,3796810000.0,sharesbas -> shares_outstanding,61309728.0,2026-10-06,45.400001525878906,2783461744.7512207,61.448,61.92834520485884,0.7331053554829503,0.7331053554829503,POSITIVE,1,,1.0,1
KBR,1203,usa,2026,Q2,2026-07-03,2026-07-30,equityusd,1636000000.0,sharesbas -> shares_outstanding,126067755.0,2026-10-06,34.61000061035156,4363205077.495651,12.984,12.977148676915839,2.6669957686403736,2.6669957686403736,POSITIVE,1,,1.0,1
KD,1204,usa,2027,Q1,2026-06-30,2026-08-05,equityusd,1070000000.0,sharesbas -> shares_outstanding,217818263.0,2026-10-06,11.479999542236328,2500553559.530712,4.85,4.912352092349575,2.3369659434866468,2.3369659434866468,POSITIVE,1,,1.0,1
KDP,1205,usa,2026,Q2,2026-06-30,2026-08-10,equityusd,25032000000.0,sharesbas -> shares_outstanding,1360826038.0,2026-10-06,31.1299991607666,42362513420.88934,18.398,18.394709757897797,1.6923343488690215,1.6923343488690215,POSITIVE,1,,1.0,1
KE,1206,usa,2026,Q4,2026-06-30,2026-08-19,equityusd,585132000.0,sharesbas -> shares_outstanding,23966995.0,2026-10-06,28.80500030517578,690369298.2891464,24.053,24.41407443861861,1.1798522355453922,1.1798522355453922,POSITIVE,1,,1.0,1
KELYA,1207,usa,2026,Q2,2026-06-28,2026-08-06,equityusd,982000000.0,sharesbas -> shares_outstanding,34731943.0,2026-10-06,15.5600004196167,540429047.6541033,28.3,28.273684544512815,0.5503350790774982,0.5503350790774982,POSITIVE,1,multi-class ownership validation required,1.0,0
KEX,1208,usa,2026,Q2,2026-06-30,2026-08-05,equityusd,3442515000.0,sharesbas -> shares_outstanding,52800000.0,2026-10-06,138.5,7312800000.0,65.199,65.19914772727273,2.124260896466682,2.1242608964666823,POSITIVE,1,,1.0,1
KEYS,1209,usa,2026,Q3,2026-07-31,2026-09-02,equityusd,6571000000.0,sharesbas -> shares_outstanding,170244745.0,2026-10-06,388.0299987792969,66060068194.53171,38.427,38.59737344609374,10.05327472143231,10.05327472143231,POSITIVE,1,,1.0,1
KFRC,1210,usa,2026,Q2,2026-06-30,2026-07-29,equityusd,123628000.0,sharesbas -> shares_outstanding,17909000.0,2026-10-06,50.68000030517578,907628125.4653931,7.375,6.9031213356412975,7.341606476408201,7.3416064764082005,POSITIVE,1,,1.0,1
KFY,1211,usa,2027,Q1,2026-07-31,2026-09-09,,,sharesbas -> shares_outstanding,54558851.0,2026-10-06,71.05999755859375,3876951818.85968,,,,,MISSING,0,sharefactor missing/nonunit,,0
KGS,1212,usa,2026,Q2,2026-06-30,2026-08-07,equityusd,2161265000.0,sharesbas -> shares_outstanding,101104031.0,2026-10-06,55.88999938964844,5650704230.880997,22.641,21.37664521012026,2.614535575637877,2.6145355756378774,POSITIVE,1,,1.0,1
KHC,1213,usa,2026,Q2,2026-06-27,2026-08-05,equityusd,36006000000.0,sharesbas -> shares_outstanding,1185823758.0,2026-10-06,22.030000686645508,26123698202.980556,30.364,30.36370266415256,0.7255373605227061,0.7255373605227061,POSITIVE,1,,1.0,1
KIDS,1214,usa,2026,Q2,2026-06-30,2026-08-05,equityusd,343614000.0,sharesbas -> shares_outstanding,26109788.0,2026-10-06,22.709999084472656,592953261.5757751,14.288,13.160351972218235,1.7256376677777248,1.7256376677777248,POSITIVE,1,,1.0,1
KIM,1215,usa,2026,Q2,2026-06-30,2026-08-04,equityusd,10265601000.0,sharesbas -> shares_outstanding,670789373.0,2026-10-06,22.139999389648438,14851276308.802658,15.294,15.303762124448564,1.4467030531191167,1.4467030531191167,POSITIVE,1,multi-class ownership validation required,1.0,0
KITT,1216,usa,2026,Q2,2026-06-30,2026-08-12,,,sharesbas -> shares_outstanding,1245327.0,2026-10-06,1.5399999618530273,1917803.532494545,,,,,MISSING,0,sharefactor missing/nonunit; multi-class ownership validation required,,0
KLAC,1217,usa,2026,Q4,2026-06-30,2026-08-06,equityusd,6349820000.0,sharesbas -> shares_outstanding,1306546783.0,2026-10-06,197.4600067138672,257990736543.16156,4.86,4.860002016475823,40.62961415334003,40.62961415334003,POSITIVE,1,,1.0,1
KLIC,1218,usa,2026,Q3,2026-07-04,2026-08-06,equityusd,911957000.0,sharesbas -> shares_outstanding,52329115.0,2026-10-06,97.91999816894531,5124066844.982529,17.426,17.427334668281702,5.618759267139271,5.618759267139271,POSITIVE,1,,1.0,1
KLRS,1219,usa,2026,Q2,2026-06-30,2026-08-11,equityusd,57672000.0,sharesbas -> shares_outstanding,23804981.0,2026-10-06,2.6600000858306885,63321251.50319791,2.423,2.4226862436899235,1.0979548394922651,1.0979548394922651,POSITIVE,1,,1.0,1
KLTR,1220,usa,2026,Q2,2026-06-30,2026-08-05,equityusd,1692000.0,sharesbas -> shares_outstanding,152551223.0,2026-10-06,1.2799999713897705,195265561.0754745,0.011,0.011091356507839992,115.40517794058778,115.40517794058776,POSITIVE,1,,1.0,1
KLXE,1221,usa,2026,Q2,2026-06-30,2026-08-11,equityusd,-102400000.0,sharesbas -> shares_outstanding,21273059.0,2026-10-06,1.3600000143051147,28931360.54431355,-4.814,-4.813600150312186,,,NEGATIVE,0,,1.0,0
KMB,1222,usa,2026,Q2,2026-06-30,2026-08-04,equityusd,1750000000.0,sharesbas -> shares_outstanding,332579038.0,2026-10-06,96.7699966430664,32183672390.814255,5.262,5.2619070959006145,18.390669937608145,18.390669937608145,POSITIVE,1,,1.0,1
KMI,1223,usa,2026,Q2,2026-06-30,2026-07-24,equityusd,31631000000.0,sharesbas -> shares_outstanding,2226802089.0,2026-10-06,32.15999984741211,71613954842.45697,14.216,14.204675016361547,2.26404333857472,2.26404333857472,POSITIVE,1,multi-class ownership validation required,1.0,0
KMT,1224,usa,2026,Q4,2026-06-30,2026-08-12,equityusd,1569844000.0,sharesbas -> shares_outstanding,76219022.0,2026-10-06,33.40999984741211,2546477513.3899,20.581,20.59648574341455,1.6221213785509263,1.6221213785509263,POSITIVE,1,,1.0,1
KMX,1225,usa,2027,Q2,2026-08-31,2026-09-30,,,sharesbas -> shares_outstanding,141942807.0,2026-10-06,55.290000915527344,7848017928.982521,,,,,MISSING,0,sharefactor missing/nonunit,,0
KN,1226,usa,2026,Q2,2026-06-30,2026-07-28,equityusd,795500000.0,sharesbas -> shares_outstanding,85410326.0,2026-10-06,39.189998626708984,3347230558.6467667,9.282,9.313862120137559,4.207706547638927,4.207706547638927,POSITIVE,1,,1.0,1
KNF,1227,usa,2026,Q2,2026-06-30,2026-08-04,equityusd,1605888000.0,sharesbas -> shares_outstanding,56763420.0,2026-10-06,53.22999954223633,3021516820.6157684,28.294,28.2908957916912,1.881524004548118,1.8815240045481183,POSITIVE,1,,1.0,1
KNSA,1228,usa,2026,Q2,2026-06-30,2026-07-28,equityusd,654149000.0,sharesbas -> shares_outstanding,78024013.0,2026-10-06,77.08999633789062,6014870876.4375305,8.432,8.383944568449715,9.194955394623443,9.194955394623443,POSITIVE,1,,1.0,1
KNTK,1229,usa,2026,Q2,2026-06-30,2026-08-06,equityusd,-1185142000.0,sharesbas -> shares_outstanding,162379129.0,2026-10-06,53.95000076293945,8760354133.435444,-15.773,-7.2986104020794444,,,NEGATIVE,0,multi-class ownership validation required,1.0,0
KNX,1230,usa,2026,Q2,2026-06-30,2026-07-29,equityusd,6981273000.0,sharesbas -> shares_outstanding,162756000.0,2026-10-06,64.62999725341797,10518919832.977295,42.941,42.894105286441054,1.5067337766303215,1.5067337766303215,POSITIVE,1,,1.0,1
KO,1231,usa,2026,Q2,2026-07-03,2026-07-29,,,sharesbas -> shares_outstanding,4302549243.0,2026-10-06,86.16999816894531,370750660391.10706,,,,,MISSING,0,sharefactor missing/nonunit,,0
KOD,1232,usa,2026,Q2,2026-06-30,2026-08-13,equityusd,61096000.0,sharesbas -> shares_outstanding,62849457.0,2026-10-06,92.33999633789062,5803518629.218414,0.976,0.9721006817926844,94.99015695329341,94.99015695329341,POSITIVE,1,,1.0,1
KODK,1233,usa,2026,Q2,2026-06-30,2026-08-04,equityusd,623000000.0,sharesbas -> shares_outstanding,97900000.0,2026-10-06,9.869999885559082,966272988.7962341,6.37,6.363636363636363,1.5509999820164273,1.550999982016427,POSITIVE,1,,1.0,1
KOP,1234,usa,2026,Q2,2026-06-30,2026-08-06,equityusd,387000000.0,sharesbas -> shares_outstanding,18911568.0,2026-10-06,46.029998779296875,870499451.9545898,20.232,20.463665413676964,2.249352589029948,2.249352589029948,POSITIVE,1,,1.0,1
KOPN,1235,usa,2026,Q2,2026-06-27,2026-08-11,equityusd,69211219.0,sharesbas -> shares_outstanding,185872614.0,2026-10-06,4.880000114440918,907058377.5914326,0.368,0.3723583453773346,13.105655278105022,13.105655278105022,POSITIVE,1,,1.0,1
KOS,1236,usa,2026,Q2,2026-06-30,2026-08-03,equityusd,704897000.0,sharesbas -> shares_outstanding,595487651.0,2026-10-06,2.5999999046325684,1548267835.8098722,1.188,1.1837306765577242,2.196445488929407,2.196445488929407,POSITIVE,1,,1.0,1
KOSS,1237,usa,2026,Q4,2026-06-30,2026-08-28,equityusd,30159655.0,sharesbas -> shares_outstanding,9466438.0,2026-10-06,3.8399999141693115,36351121.10748911,3.186,3.1859560058387326,1.2052896860885547,1.2052896860885547,POSITIVE,1,,1.0,1
KPTI,1238,usa,2026,Q2,2026-06-30,2026-08-13,equityusd,-330168000.0,sharesbas -> shares_outstanding,22681460.0,2026-10-06,0.6499999761581421,14742948.459231853,-11.409,-14.55673488390959,,,NEGATIVE,0,,1.0,0
KR,1239,usa,2027,Q2,2026-08-15,2026-09-18,,,sharesbas -> shares_outstanding,590588700.0,2026-10-06,58.40999984741211,34496285876.883316,,,,,MISSING,0,sharefactor missing/nonunit,,0
KRC,1240,usa,2026,Q2,2026-06-30,2026-07-28,equityusd,5226211000.0,sharesbas -> shares_outstanding,116308988.0,2026-10-06,33.900001525878906,3942874870.6734314,44.94,44.93385326334367,0.7544423427744176,0.7544423427744176,POSITIVE,1,multi-class ownership validation required,1.0,0
KRG,1241,usa,2026,Q2,2026-06-30,2026-07-30,equityusd,2869196000.0,sharesbas -> shares_outstanding,200346933.0,2026-10-06,24.1299991607666,4834371325.152163,14.188,14.321137623803804,1.6849219520563123,1.6849219520563121,POSITIVE,1,multi-class ownership validation required,1.0,0
KRMD,1242,usa,2026,Q2,2026-06-30,2026-08-05,equityusd,18051517.0,sharesbas -> shares_outstanding,46171902.0,2026-10-06,3.0,138515706.0,0.392,0.39096325293248696,7.673355430460498,7.673355430460498,POSITIVE,1,,1.0,1
KRO,1243,usa,2026,Q2,2026-06-30,2026-08-05,equityusd,751000000.0,sharesbas -> shares_outstanding,115097516.0,2026-10-06,7.860000133514404,904666491.1271763,6.525,6.5249018927567475,1.2046158337246022,1.2046158337246022,POSITIVE,1,,1.0,1
KROS,1244,usa,2026,Q2,2026-06-30,2026-08-03,equityusd,262320000.0,sharesbas -> shares_outstanding,19827188.0,2026-10-06,11.010000228881836,218297344.4180832,13.248,13.230317884714665,0.8321795685349314,0.8321795685349314,POSITIVE,1,,1.0,1
KRP,1245,usa,2026,Q2,2026-06-30,2026-08-07,equityusd,575851000.0,sharesbas -> shares_outstanding,114703590.0,2026-10-06,14.9399995803833,1713671586.4684582,5.979,5.020339816739825,2.9758940879992535,2.9758940879992535,POSITIVE,1,,1.0,1
KRRO,1246,usa,2026,Q2,2026-06-30,2026-08-06,equityusd,103226000.0,sharesbas -> shares_outstanding,14725646.0,2026-10-06,9.760000228881836,143722308.3304329,5.859,7.009947135765724,1.3923072513749724,1.3923072513749724,POSITIVE,1,,1.0,1
KRUS,1247,usa,2026,Q3,2026-05-31,2026-07-07,equityusd,230846000.0,sharesbas -> shares_outstanding,12149836.0,2026-10-06,40.060001373291016,486722446.8452606,19.006,18.99992724181627,2.108429198882634,2.1084291988826345,POSITIVE,1,,1.0,1
KRYS,1248,usa,2026,Q2,2026-06-30,2026-08-03,equityusd,1359126000.0,sharesbas -> shares_outstanding,29598836.0,2026-10-06,326.80999755859375,9673195520.897217,46.027,45.91822462207635,7.117217624338889,7.117217624338889,POSITIVE,1,,1.0,1
KSCP,1249,usa,2026,Q2,2026-06-30,2026-08-12,equityusd,29595000.0,sharesbas -> shares_outstanding,23618357.0,2026-10-06,0.6940000057220459,16391139.893145323,1.651,1.253050752006162,0.5538482815727428,0.5538482815727428,POSITIVE,1,,1.0,1
KSS,1250,usa,2027,Q2,2026-08-01,2026-09-03,equityusd,4168000000.0,sharesbas -> shares_outstanding,113376445.0,2026-10-06,19.6299991607666,2225579520.2007008,36.762,36.76248624659205,0.533968215019362,0.533968215019362,POSITIVE,1,,1.0,1
KTB,1251,usa,2026,Q2,2026-06-30,2026-08-12,equityusd,618544000.0,sharesbas -> shares_outstanding,54653620.0,2026-10-06,65.80000305175781,3596208362.789612,11.228,11.317530293510293,5.81398956709565,5.81398956709565,POSITIVE,1,,1.0,1
KTOS,1252,usa,2026,Q2,2026-06-28,2026-08-04,equityusd,3426800000.0,sharesbas -> shares_outstanding,187721327.0,2026-10-06,43.709999084472656,8205299031.305992,18.17,18.254718602111737,2.394449349628222,2.394449349628222,POSITIVE,1,,1.0,1
KURA,1253,usa,2026,Q2,2026-06-30,2026-08-12,equityusd,48431000.0,sharesbas -> shares_outstanding,88960619.0,2026-10-06,10.529999732971191,936755294.3149519,0.545,0.5444094313237636,19.342059720322766,19.342059720322766,POSITIVE,1,,1.0,1
KVUE,1254,usa,2026,Q2,2026-06-28,2026-08-06,equityusd,10553000000.0,sharesbas -> shares_outstanding,1920773467.0,2026-10-06,17.59000015258789,33786405577.61677,5.496,5.494140866326326,3.2015924929040813,3.2015924929040813,POSITIVE,1,,1.0,1
KVYO,1255,usa,2026,Q2,2026-06-30,2026-08-05,equityusd,967024000.0,sharesbas -> shares_outstanding,284727437.0,2026-10-06,16.600000381469727,4726475562.814898,3.258,3.3963147710278445,4.887650733399479,4.887650733399479,POSITIVE,1,,1.0,1
KWR,1256,usa,2026,Q2,2026-06-30,2026-07-30,equityusd,1377175000.0,sharesbas -> shares_outstanding,17207702.0,2026-10-06,161.0800018310547,2771816669.6682434,80.032,80.03247615515424,2.012682970332923,2.012682970332923,POSITIVE,1,,1.0,1
KYMR,1257,usa,2026,Q2,2026-06-30,2026-08-05,equityusd,1509256000.0,sharesbas -> shares_outstanding,83150618.0,2026-10-06,105.9800033569336,8812302774.771103,15.373,18.150869305625605,5.838838987402471,5.83883898740247,POSITIVE,1,,1.0,1
KYTX,1258,usa,2026,Q2,2026-06-30,2026-08-11,equityusd,165549000.0,sharesbas -> shares_outstanding,61843444.0,2026-10-06,6.159999847412109,380955605.60343933,2.719,2.6769046044718983,2.3011652477721967,2.301165247772196,POSITIVE,1,,1.0,1
LAB,1259,usa,2026,Q2,2026-06-30,2026-08-05,equityusd,539971000.0,sharesbas -> shares_outstanding,392578808.0,2026-10-06,0.7200000286102295,282656752.9917698,1.381,1.3754461244377716,0.5234665435583944,0.5234665435583944,POSITIVE,1,,1.0,1
LAC,1260,usa,2026,Q2,2026-06-30,2026-08-13,equityusd,884691000.0,sharesbas -> shares_outstanding,363042943.0,2026-10-06,2.5399999618530273,922129061.3710108,2.38,2.4368770060350684,1.0423176695264345,1.0423176695264345,POSITIVE,1,ADR ownership/ratio validation required,1.0,0
LAD,1261,usa,2026,Q2,2026-06-30,2026-07-29,equityusd,6402100000.0,sharesbas -> shares_outstanding,21983116.0,2026-10-06,292.510009765625,6430281475.838867,284.538,291.2280497450862,1.004401911222703,1.004401911222703,POSITIVE,1,,1.0,1
LADR,1262,usa,2026,Q2,2026-06-30,2026-07-27,equityusd,1429329000.0,sharesbas -> shares_outstanding,126865303.0,2026-10-06,8.680000305175781,1101190868.756218,11.459,11.266508384881247,0.7704250517244231,0.7704250517244231,POSITIVE,1,,1.0,1
LAKE,1263,usa,2027,Q2,2026-07-31,2026-09-09,,,sharesbas -> shares_outstanding,9931346.0,2026-10-06,10.829999923706055,107556476.42229843,,,,,MISSING,0,sharefactor missing/nonunit,,0
LAMR,1264,usa,2026,Q2,2026-06-30,2026-08-06,equityusd,982112000.0,sharesbas -> shares_outstanding,101549684.0,2026-10-06,144.74000549316406,14698301819.989075,9.677,9.671246244350696,14.96601387620666,14.96601387620666,POSITIVE,1,,1.0,1
LAND,1265,usa,2026,Q2,2026-06-30,2026-08-11,equityusd,673111000.0,sharesbas -> shares_outstanding,43136573.0,2026-10-06,9.65999984741211,416699288.5978813,15.686,15.60418348485866,0.6190647435532644,0.6190647435532644,POSITIVE,1,multi-class ownership validation required,1.0,0
LASE,1266,usa,2026,Q2,2026-06-30,2026-08-14,equityusd,-911553.0,sharesbas -> shares_outstanding,50177716.0,2026-10-06,0.7649999856948853,38385952.022202015,-0.023,-0.018166490479558695,,,NEGATIVE,0,,1.0,0
LASR,1267,usa,2026,Q2,2026-06-30,2026-08-07,equityusd,439903000.0,sharesbas -> shares_outstanding,57690197.0,2026-10-06,40.029998779296875,2309338515.4873962,7.72,7.625264306169729,5.249653936180013,5.249653936180013,POSITIVE,1,,1.0,1
LAUR,1268,usa,2026,Q2,2026-06-30,2026-07-30,equityusd,1141382000.0,sharesbas -> shares_outstanding,137749360.0,2026-10-06,38.25,5268913020.0,8.286,8.285933234099963,4.616257326644366,4.616257326644366,POSITIVE,1,,1.0,1
LAW,1269,usa,2026,Q2,2026-06-30,2026-08-05,equityusd,120159000.0,sharesbas -> shares_outstanding,64919765.0,2026-10-06,4.199999809265137,272663000.6175375,1.863,1.8508847036029783,2.269185001685579,2.269185001685579,POSITIVE,1,,1.0,1
LBRDA,1270,usa,2026,Q2,2026-06-30,2026-07-29,equityusd,3748000000.0,sharesbas -> shares_outstanding,143497730.0,2026-08-21,35.9900016784668,5164483543.556175,26.119,26.118880068695162,1.3779305078858526,1.3779305078858526,POSITIVE,1,multi-class ownership validation required; price stale >3 days,1.0,0
LBRT,1271,usa,2026,Q2,2026-06-30,2026-07-23,equityusd,1963754000.0,sharesbas -> shares_outstanding,163191416.0,2026-10-06,20.1200008392334,3283411426.8756866,12.046,12.033439307861634,1.6720075054592818,1.6720075054592818,POSITIVE,1,,1.0,1
"LBTYA,LBTYK",1272,usa,2026,Q2,2026-06-30,2026-07-24,equityusd,9224600000.0,sharesbas -> shares_outstanding,341087566.0,,,,27.045,27.044668054537055,,,POSITIVE,0,multi-class ownership validation required,1.0,0
LCID,1273,usa,2026,Q2,2026-06-30,2026-08-04,equityusd,-1057963000.0,sharesbas -> shares_outstanding,394070176.0,2026-10-06,4.159999847412109,1639331872.029663,-2.769,-2.6847071015087423,,,NEGATIVE,0,multi-class ownership validation required,1.0,0
LCII,1274,usa,2026,Q2,2026-06-30,2026-08-05,equityusd,1431752000.0,sharesbas -> shares_outstanding,24311507.0,2026-10-06,82.19000244140625,1998162819.6842651,58.886,58.89194775132615,1.3956067948110185,1.3956067948110182,POSITIVE,1,,1.0,1
LDOS,1275,usa,2026,Q2,2026-07-03,2026-08-04,equityusd,5284000000.0,sharesbas -> shares_outstanding,125492209.0,2026-10-06,116.69000244140625,14643686174.587463,42.106,42.106199596821185,2.7713259225184452,2.771325922518445,POSITIVE,1,,1.0,1
LE,1276,usa,2027,Q2,2026-07-31,2026-09-03,equityusd,492870000.0,sharesbas -> shares_outstanding,29544154.0,2026-10-06,10.529999732971191,311099933.73085976,16.483,16.68248818361832,0.6312007907376382,0.6312007907376382,POSITIVE,1,,1.0,1
LEA,1277,usa,2026,Q2,2026-07-04,2026-07-31,equityusd,5180700000.0,sharesbas -> shares_outstanding,49324764.0,2026-10-06,122.0,6017621208.0,102.991,105.03243360677813,1.1615459702356825,1.1615459702356825,POSITIVE,1,,1.0,1
LECO,1278,usa,2026,Q2,2026-06-30,2026-07-30,equityusd,1554180000.0,sharesbas -> shares_outstanding,54505757.0,2026-10-06,275.5400085449219,15018516749.527435,28.514,28.51405219452323,9.663305890905452,9.663305890905452,POSITIVE,1,multi-class ownership validation required,1.0,0
LEG,1279,usa,2026,Q2,2026-06-30,2026-08-06,equityusd,1081700000.0,sharesbas -> shares_outstanding,136588995.0,2026-08-27,9.199999809265137,1256618727.9477167,7.726,7.919378863575356,1.1617072459533297,1.1617072459533297,POSITIVE,1,price stale >3 days,1.0,0
LEN,1280,usa,2026,Q3,2026-08-31,2026-10-02,,,sharesbas -> shares_outstanding,237900239.0,2026-10-06,77.41000366210938,18415858372.206696,,,,,MISSING,0,sharefactor missing/nonunit; multi-class ownership validation required,,0
LENZ,1281,usa,2026,Q2,2026-06-30,2026-08-11,equityusd,219262000.0,sharesbas -> shares_outstanding,31420343.0,2026-10-06,3.7899999618530273,119083098.77140903,6.989,6.978345207752825,0.5431086954028014,0.5431086954028014,POSITIVE,1,,1.0,1
LESL,1282,usa,2026,Q3,2026-07-04,2026-08-12,equityusd,-492738000.0,sharesbas -> shares_outstanding,9365475.0,2026-10-05,0.10199999809265137,955278.4321367741,-52.626,-52.61217396875225,,,NEGATIVE,0,,1.0,0
LEVI,1283,usa,2026,Q2,2026-05-31,2026-07-08,equityusd,2272400000.0,sharesbas -> shares_outstanding,384850562.0,2026-10-06,20.530000686645508,7900982302.11591,5.887,5.904629548130944,3.4769328912673427,3.4769328912673427,POSITIVE,1,,1.0,1
LEXX,1284,usa,2026,Q3,2026-05-31,2026-07-13,equityusd,4738210.0,sharesbas -> shares_outstanding,1652496.0,2026-10-06,3.240000009536743,5354087.05575943,2.865,2.867304973809316,1.1299809539381813,1.1299809539381813,POSITIVE,1,multi-class ownership validation required,1.0,0
LFCR,1285,usa,2027,Q4,2026-06-30,2026-08-05,equityusd,-34094000.0,sharesbas -> shares_outstanding,37853060.0,2026-10-06,6.449999809265137,244152229.78010178,-0.907,-0.900693365344836,,,NEGATIVE,0,,1.0,0
LFMD,1286,usa,2026,Q2,2026-06-30,2026-08-05,equityusd,7966455.0,sharesbas -> shares_outstanding,48200837.0,2026-10-06,2.7300000190734863,131588285.929358,0.167,0.165276279331,16.517796928415212,16.517796928415212,POSITIVE,1,multi-class ownership validation required,1.0,0
LFST,1287,usa,2026,Q2,2026-06-30,2026-08-06,equityusd,1477148000.0,sharesbas -> shares_outstanding,382055609.0,2026-10-06,12.119999885559082,4630513937.357205,3.852,3.866316748669956,3.1347664129506354,3.1347664129506354,POSITIVE,1,,1.0,1
LFUS,1288,usa,2026,Q2,2026-06-27,2026-07-29,equityusd,2618360000.0,sharesbas -> shares_outstanding,25398747.0,2026-10-06,454.2799987792969,11538142756.15567,103.472,103.09012487899501,4.406629629293019,4.406629629293019,POSITIVE,1,,1.0,1
LFVN,1289,usa,2026,Q4,2026-06-30,2026-08-27,equityusd,33589000.0,sharesbas -> shares_outstanding,12527348.0,2026-10-06,6.039999961853027,75665181.4421196,2.693,2.6812538455864723,2.2526774075476967,2.252677407547697,POSITIVE,1,,1.0,1
LGIH,1290,usa,2026,Q2,2026-06-30,2026-08-04,equityusd,2132656000.0,sharesbas -> shares_outstanding,23248272.0,2026-10-06,46.09000015258789,1071512860.0274048,91.919,91.73395768941451,0.5024311750359199,0.5024311750359199,POSITIVE,1,,1.0,1
LGND,1291,usa,2026,Q2,2026-06-30,2026-08-07,equityusd,967516000.0,sharesbas -> shares_outstanding,19935609.0,2026-10-06,296.94000244140625,5919679785.13092,48.224,48.53205136597533,6.118430894301407,6.118430894301407,POSITIVE,1,,1.0,1
LH,1292,usa,2026,Q2,2026-06-30,2026-08-05,equityusd,8606800000.0,sharesbas -> shares_outstanding,81100000.0,2026-10-06,311.7099914550781,25279680307.006836,106.126,106.12577065351418,2.9371752924439787,2.9371752924439787,POSITIVE,1,,1.0,1
LHX,1293,usa,2026,Q2,2026-07-03,2026-07-30,equityusd,19882000000.0,sharesbas -> shares_outstanding,186214616.0,2026-10-06,237.89999389648438,44300456009.83618,106.769,106.76927744490261,2.2281689975775163,2.2281689975775163,POSITIVE,1,,1.0,1
LIDR,1294,usa,2026,Q2,2026-06-30,2026-08-06,equityusd,68314000.0,sharesbas -> shares_outstanding,46488312.0,2026-10-06,1.0700000524520874,49742496.278409004,1.488,1.4694876423992336,0.7281449816788507,0.7281449816788507,POSITIVE,1,multi-class ownership validation required,1.0,0
LII,1295,usa,2026,Q2,2026-06-30,2026-07-29,equityusd,1297200000.0,sharesbas -> shares_outstanding,34560675.0,2026-10-06,365.6300048828125,12636419769.003296,37.383,37.5339891364969,9.741304169752773,9.741304169752771,POSITIVE,1,,1.0,1
"LILA,LILAK",1296,usa,2026,Q2,2026-06-30,2026-08-05,equityusd,528100000.0,sharesbas -> shares_outstanding,195900000.0,,,,2.696,2.69576314446146,,,POSITIVE,0,multi-class ownership validation required,1.0,0
LIN,1297,usa,2026,Q2,2026-06-30,2026-07-31,equityusd,39081000000.0,sharesbas -> shares_outstanding,460980163.0,2026-10-06,489.95001220703125,225857236489.04926,84.495,84.778051501535,5.779208221106145,5.779208221106145,POSITIVE,1,,1.0,1
LINC,1298,usa,2026,Q2,2026-06-30,2026-08-10,equityusd,202389000.0,sharesbas -> shares_outstanding,31721479.0,2026-10-06,22.739999771118164,721346425.1995296,6.475,6.380188010779699,3.5641582556340987,3.5641582556340987,POSITIVE,1,,1.0,1
LIND,1299,usa,2026,Q2,2026-06-30,2026-08-03,equityusd,-195838000.0,sharesbas -> shares_outstanding,65619689.0,2026-10-06,36.08000183105469,2367558499.273239,-2.991,-2.9844396245157454,,,NEGATIVE,0,multi-class ownership validation required,1.0,0
LION,1300,usa,2027,Q1,2026-06-30,2026-08-06,equityusd,-1200200000.0,sharesbas -> shares_outstanding,297559680.0,2026-10-06,11.350000381469727,3377302481.51001,-4.116,-4.033476578547201,,,NEGATIVE,0,,1.0,0
LITE,1301,usa,2026,Q4,2026-06-27,2026-08-17,equityusd,4643900000.0,sharesbas -> shares_outstanding,89700000.0,2026-10-06,1133.4000244140625,101665982189.9414,54.378,51.77146042363434,21.892371108323047,21.892371108323047,POSITIVE,1,,1.0,1
LITS,1302,usa,2026,Q4,2026-06-30,2026-09-28,,,sharesbas -> shares_outstanding,30407268.0,2026-10-06,1.409999966621399,42874246.86504793,,,,,MISSING,0,sharefactor missing/nonunit,,0
LIVN,1303,usa,2026,Q2,2026-06-30,2026-08-05,equityusd,1325322000.0,sharesbas -> shares_outstanding,55093507.0,2026-10-06,74.93000030517578,4128156496.323204,24.109,24.055865603182603,3.1148328453939524,3.1148328453939524,POSITIVE,1,,1.0,1
NMAD,1304,usa,2026,Q2,2026-06-30,2026-08-14,equityusd,23911360.0,sharesbas -> shares_outstanding,16101068.0,2026-10-06,4.349999904632568,70039644.2644825,1.774,1.485079126428135,2.9291367895628895,2.9291367895628895,POSITIVE,1,multi-class ownership validation required,1.0,0
LKQ,1305,usa,2026,Q2,2026-06-30,2026-07-30,equityusd,6447000000.0,sharesbas -> shares_outstanding,253002086.0,2026-10-06,22.389999389648438,5664716551.1197815,25.482,25.482003338106864,0.8786593068279481,0.8786593068279481,POSITIVE,1,,1.0,1
LLY,1306,usa,2026,Q2,2026-06-30,2026-08-05,equityusd,33879000000.0,sharesbas -> shares_outstanding,941357065.0,2026-10-06,1157.489990234375,1089611379973.9099,37.964,35.98953177240987,32.16185188387821,32.161851883878214,POSITIVE,1,,1.0,1
"LLYVA,LLYVK",1307,usa,2026,Q2,2026-06-30,2026-08-06,equityusd,-625657000.0,sharesbas -> shares_outstanding,92005376.0,,,,-6.8,-6.800222195711694,,,NEGATIVE,0,multi-class ownership validation required,1.0,0
LMAT,1308,usa,2026,Q2,2026-06-30,2026-08-05,equityusd,420342000.0,sharesbas -> shares_outstanding,22869257.0,2026-10-06,79.05000305175781,1807814835.6414337,18.389,18.380221097694605,4.300818941817457,4.300818941817457,POSITIVE,1,,1.0,1
LMB,1309,usa,2026,Q2,2026-06-30,2026-08-04,equityusd,203148000.0,sharesbas -> shares_outstanding,11924993.0,2026-10-06,51.349998474121094,612348372.3539047,17.041,17.035481697976678,3.01429682967051,3.01429682967051,POSITIVE,1,,1.0,1
LMT,1310,usa,2026,Q2,2026-06-28,2026-07-23,equityusd,8768000000.0,sharesbas -> shares_outstanding,230790753.0,2026-10-06,510.1199951171875,117730977793.45203,37.991,37.99112350051564,13.427346919873633,13.427346919873635,POSITIVE,1,,1.0,1
LNAI,1311,usa,2026,Q3,2026-03-31,2026-05-15,equityusd,-9553428.0,sharesbas -> shares_outstanding,4533890.0,2026-10-06,1.1299999952316284,5123295.678380728,-3.058,-2.107115082192113,,,NEGATIVE,0,,1.0,0
LNG,1312,usa,2026,Q2,2026-06-30,2026-08-06,equityusd,6191000000.0,sharesbas -> shares_outstanding,206534158.0,2026-10-06,275.260009765625,56850594348.01514,29.622,29.975671142978683,9.182780544017952,9.182780544017952,POSITIVE,1,,1.0,1
LNSR,1313,usa,2026,Q2,2026-06-30,2026-08-13,equityusd,14905000.0,sharesbas -> shares_outstanding,12285865.0,2026-10-06,6.699999809265137,82315293.15665722,1.212,1.2131827917692406,5.522663076595586,5.522663076595586,POSITIVE,1,,1.0,1
LNT,1314,usa,2026,Q2,2026-06-30,2026-07-31,equityusd,7529000000.0,sharesbas -> shares_outstanding,259284699.0,2026-10-06,65.48999786376953,16980554383.618126,29.126,29.037579267259424,2.25535321870343,2.25535321870343,POSITIVE,1,,1.0,1
LNTH,1315,usa,2026,Q2,2026-06-30,2026-08-06,equityusd,1311778000.0,sharesbas -> shares_outstanding,65272369.0,2026-10-06,99.94999694824219,6523973082.354538,20.132,20.096987746836643,4.973381991735292,4.973381991735292,POSITIVE,1,,1.0,1
LOCO,1316,usa,2026,Q2,2026-07-01,2026-08-07,equityusd,317043000.0,sharesbas -> shares_outstanding,30432937.0,2026-10-06,14.390000343322754,437929973.87831974,10.665,10.417758890638783,1.3812951993209746,1.3812951993209746,POSITIVE,1,,1.0,1
LOGI,1317,usa,2027,Q1,2026-06-30,2026-07-29,equityusd,2351745000.0,sharesbas -> shares_outstanding,143188332.0,2026-10-06,102.41000366210938,14663917604.491333,16.389,16.424138525477062,6.235334870273491,6.235334870273491,POSITIVE,1,,1.0,1
LOPE,1318,usa,2026,Q2,2026-06-30,2026-07-30,equityusd,669509000.0,sharesbas -> shares_outstanding,26065037.0,2026-10-06,155.5500030517578,4054416584.8941803,25.591,25.686094364646404,6.055805948679077,6.055805948679077,POSITIVE,1,,1.0,1
LOVE,1319,usa,2027,Q2,2026-08-02,2026-09-10,,,sharesbas -> shares_outstanding,14423433.0,2026-10-06,14.760000228881836,212889874.38126183,,,,,MISSING,0,sharefactor missing/nonunit,,0
LOW,1320,usa,2027,Q2,2026-07-31,2026-08-27,equityusd,-7437000000.0,sharesbas -> shares_outstanding,561054019.0,2026-10-06,183.6699981689453,103048790642.40941,-13.304,-13.255408121405864,,,NEGATIVE,0,,1.0,0
LPG,1321,usa,2027,Q1,2026-06-30,2026-08-05,equityusd,1236519338.0,sharesbas -> shares_outstanding,42782681.0,2026-10-06,56.45000076293945,2415082375.0905952,29.06,28.90233405428706,1.9531294827922823,1.9531294827922823,POSITIVE,1,,1.0,1
LPSN,1322,usa,2026,Q2,2026-06-30,2026-08-07,equityusd,-121956000.0,sharesbas -> shares_outstanding,12337297.0,2026-09-04,3.0999999046325684,38245619.52342367,-9.982,-9.885147451666276,,,NEGATIVE,0,price stale >3 days,1.0,0
LPTH,1323,usa,2026,Q4,2026-06-30,2026-09-11,,,sharesbas -> shares_outstanding,70036252.0,2026-10-06,10.869999885559082,761294051.224987,,,,,MISSING,0,sharefactor missing/nonunit,,0
LPX,1324,usa,2026,Q2,2026-06-30,2026-08-05,equityusd,1744000000.0,sharesbas -> shares_outstanding,69923410.0,2026-10-06,66.88999938964844,4677176852.222137,24.914,24.94157536081264,2.6818674611365467,2.6818674611365467,POSITIVE,1,,1.0,1
LQDA,1325,usa,2026,Q2,2026-06-30,2026-08-12,equityusd,195114000.0,sharesbas -> shares_outstanding,89508891.0,2026-10-06,25.90999984741211,2319175352.152027,2.195,2.179828146904423,11.886258044794465,11.886258044794465,POSITIVE,1,,1.0,1
LQDT,1326,usa,2026,Q3,2026-06-30,2026-08-06,equityusd,235852000.0,sharesbas -> shares_outstanding,31331618.0,2026-10-06,41.5099983215332,1300575410.5909195,7.55,7.5276035856175705,5.514370921556397,5.514370921556398,POSITIVE,1,,1.0,1
LRCX,1327,usa,2026,Q4,2026-06-28,2026-08-07,equityusd,12470921000.0,sharesbas -> shares_outstanding,1251321000.0,2026-10-06,333.8900146484375,417803587019.89746,9.966,9.966204515068476,33.502223854990135,33.502223854990135,POSITIVE,1,,1.0,1
LRHC,1328,usa,2026,Q2,2026-06-30,2026-08-21,equityusd,-8496277.0,sharesbas -> shares_outstanding,552972.0,2026-10-06,1.5499999523162842,857106.5736322403,-36.668,-15.364750837293752,,,NEGATIVE,0,,1.0,0
LRMR,1329,usa,2026,Q2,2026-06-30,2026-08-04,equityusd,127382000.0,sharesbas -> shares_outstanding,103882937.0,2026-10-06,2.7799999713897705,288794561.88788533,1.226,1.2262071489180173,2.26715361580039,2.26715361580039,POSITIVE,1,,1.0,1
LRN,1330,usa,2026,Q4,2026-06-30,2026-08-05,equityusd,1632329000.0,sharesbas -> shares_outstanding,41559845.0,2026-10-06,79.75,3314397638.75,38.781,39.276590179775695,2.030471576961507,2.030471576961507,POSITIVE,1,,1.0,1
LSCC,1331,usa,2026,Q2,2026-07-04,2026-08-04,equityusd,787527000.0,sharesbas -> shares_outstanding,142030272.0,2026-10-06,134.47000122070312,19098810849.216797,5.746,5.5447827347679794,24.251626736882415,24.251626736882415,POSITIVE,1,,1.0,1
LSTR,1332,usa,2026,Q2,2026-06-27,2026-07-29,equityusd,836730000.0,sharesbas -> shares_outstanding,33936925.0,2026-10-06,169.0500030517578,5737037274.817276,24.657,24.65544535929522,6.85649764537817,6.85649764537817,POSITIVE,1,,1.0,1
LTBR,1333,usa,2026,Q2,2026-06-30,2026-08-06,equityusd,238580313.0,sharesbas -> shares_outstanding,37458091.0,2026-10-06,6.840000152587891,256213348.1556511,7.477,6.369259794899852,1.0739081734528997,1.0739081734528997,POSITIVE,1,,1.0,1
LTC,1334,usa,2026,Q2,2026-06-30,2026-08-05,equityusd,1268556000.0,sharesbas -> shares_outstanding,53905563.0,2026-10-06,42.439998626708984,2287752019.6919746,24.456,23.53293295536121,1.8034300572398654,1.8034300572398654,POSITIVE,1,,1.0,1
LTH,1335,usa,2026,Q2,2026-06-30,2026-07-30,equityusd,3302168000.0,sharesbas -> shares_outstanding,223461948.0,2026-10-06,40.380001068115234,9023393698.923111,14.833,14.777316807423517,2.7325665135520394,2.7325665135520394,POSITIVE,1,,1.0,1
LTRN,1336,usa,2026,Q2,2026-06-30,2026-08-14,equityusd,-3217252.0,sharesbas -> shares_outstanding,12784146.0,2026-10-06,0.9539999961853027,12196075.235232353,-0.259,-0.2516595164041462,,,NEGATIVE,0,,1.0,0
LTRX,1337,usa,2026,Q4,2026-06-30,2026-08-27,equityusd,119276000.0,sharesbas -> shares_outstanding,46705312.0,2026-10-06,7.329999923706055,342349933.3966675,2.829,2.5537994479086232,2.8702331851895395,2.870233185189539,POSITIVE,1,,1.0,1
LUCD,1338,usa,2026,Q2,2026-06-30,2026-08-12,equityusd,10927000.0,sharesbas -> shares_outstanding,203243970.0,2026-10-06,0.6000000238418579,121946386.84571385,0.06,0.053762972648093814,11.160097633908105,11.160097633908103,POSITIVE,1,,1.0,1
LUCK,1339,usa,2026,Q4,2026-06-28,2026-08-27,equityusd,-398225000.0,sharesbas -> shares_outstanding,136328020.0,2026-10-06,5.289999961853027,721175220.5994987,-2.951,-2.9210796137140407,,,NEGATIVE,0,multi-class ownership validation required,1.0,0
LUCY,1340,usa,2026,Q2,2026-06-30,2026-08-14,equityusd,6898765.0,sharesbas -> shares_outstanding,8609196.0,2026-10-06,0.925000011920929,7963506.402629614,1.077,0.8013251179320345,1.1543379724674798,1.1543379724674798,POSITIVE,1,multi-class ownership validation required,1.0,0
LULU,1341,usa,2027,Q2,2026-08-02,2026-09-03,equityusd,4791174000.0,sharesbas -> shares_outstanding,105594064.0,2026-10-06,93.61000061035156,9884660395.489502,42.438,45.37351645069746,2.0630977700850566,2.063097770085057,POSITIVE,1,,1.0,1
LUMN,1342,usa,2026,Q2,2026-06-30,2026-08-04,equityusd,-1488000000.0,sharesbas -> shares_outstanding,1031445404.0,2026-10-06,5.909999847412109,6095842180.2539215,-1.482,-1.4426357364427211,,,NEGATIVE,0,,1.0,0
LUNG,1343,usa,2026,Q2,2026-06-30,2026-08-04,equityusd,39196000.0,sharesbas -> shares_outstanding,42948269.0,2026-10-06,1.7799999713897705,76447917.59124017,0.923,0.9126328234555856,1.9504009998785634,1.9504009998785634,POSITIVE,1,,1.0,1
LUNR,1344,usa,2026,Q2,2026-06-30,2026-08-13,equityusd,-290649000.0,sharesbas -> shares_outstanding,228924068.0,2026-10-06,15.0600004196167,3447596560.140362,-1.792,-1.2696305920965898,,,NEGATIVE,0,multi-class ownership validation required,1.0,0
LUV,1345,usa,2026,Q2,2026-06-30,2026-07-23,equityusd,7082000000.0,sharesbas -> shares_outstanding,489208201.0,2026-10-06,42.45000076293945,20766888505.686237,14.483,14.476453962798551,2.932347995719604,2.932347995719604,POSITIVE,1,,1.0,1
LVS,1346,usa,2026,Q2,2026-06-30,2026-07-24,equityusd,581000000.0,sharesbas -> shares_outstanding,647701184.0,2026-10-06,36.310001373291016,23518030880.522217,0.888,0.8970185856569316,40.47853852069228,40.47853852069228,POSITIVE,1,,1.0,1
LVWR,1347,usa,2026,Q2,2026-06-30,2026-08-05,equityusd,11921000.0,sharesbas -> shares_outstanding,205412457.0,2026-10-06,1.6299999952316284,334822303.9305171,0.058,0.05803445503794349,28.08676318517885,28.08676318517885,POSITIVE,1,multi-class ownership validation required,1.0,0
LW,1348,usa,2026,Q4,2026-05-31,2026-07-24,equityusd,1824900000.0,sharesbas -> shares_outstanding,137481011.0,2026-10-06,47.90999984741211,6586715216.032063,13.253,13.273833140490943,3.6093567954584156,3.6093567954584156,POSITIVE,1,,1.0,1
LWLG,1349,usa,2026,Q2,2026-06-30,2026-08-14,equityusd,104223366.0,sharesbas -> shares_outstanding,154167255.0,2026-10-06,5.619999885559082,866419955.4569578,0.679,0.6760408752169843,8.313106635386903,8.313106635386903,POSITIVE,1,,1.0,1
LXEO,1350,usa,2026,Q2,2026-06-30,2026-08-12,equityusd,235061000.0,sharesbas -> shares_outstanding,82046255.0,2026-10-06,3.299999952316284,270752637.5877297,2.745,2.864981466856714,1.1518398951239452,1.1518398951239452,POSITIVE,1,,1.0,1
LXFR,1351,usa,2026,Q2,2026-06-28,2026-07-28,equityusd,222700000.0,sharesbas -> shares_outstanding,26759241.0,2026-10-06,17.239999771118164,461329308.7152958,8.325,8.322358619962353,2.07152810379567,2.0715281037956705,POSITIVE,1,,1.0,1
LXP,1352,usa,2026,Q2,2026-06-30,2026-07-29,equityusd,1947906000.0,sharesbas -> shares_outstanding,58957264.0,2026-10-06,60.95000076293945,3593445285.7808228,33.53,33.039287576167034,1.8447734571282304,1.8447734571282304,POSITIVE,1,multi-class ownership validation required,1.0,0
LXRX,1353,usa,2026,Q2,2026-06-30,2026-08-06,equityusd,174525000.0,sharesbas -> shares_outstanding,444955934.0,2026-10-06,1.75,778672884.5,0.399,0.39222985168684144,4.461669586019195,4.461669586019195,POSITIVE,1,,1.0,1
LXU,1354,usa,2026,Q2,2026-06-30,2026-07-30,equityusd,539217000.0,sharesbas -> shares_outstanding,71997504.0,2026-10-06,10.170000076293945,732214621.1729736,7.489,7.489384632000576,1.357921989056305,1.357921989056305,POSITIVE,1,,1.0,1
LYB,1355,usa,2026,Q2,2026-06-30,2026-07-31,equityusd,10671000000.0,sharesbas -> shares_outstanding,323037952.0,2026-10-06,58.93000030517578,19036626609.94336,33.033,33.033270344655975,1.7839590113338355,1.7839590113338355,POSITIVE,1,multi-class ownership validation required,1.0,0
LYFT,1356,usa,2026,Q2,2026-06-30,2026-08-07,equityusd,3023646000.0,sharesbas -> shares_outstanding,378540249.0,2026-10-06,15.760000228881836,5965794410.880987,7.951,7.987647305636976,1.9730465837869204,1.9730465837869204,POSITIVE,1,,1.0,1
LYRA,1357,usa,2025,Q3,2025-09-30,2025-11-12,equityusd,-4328000.0,sharesbas -> shares_outstanding,1774882.0,2026-10-05,0.1899999976158142,337227.57576835155,-2.448,-2.438471966023657,,,NEGATIVE,0,fundamentals stale >180 days,1.0,0
LYTS,1358,usa,2026,Q4,2026-06-30,2026-09-03,equityusd,360677000.0,sharesbas -> shares_outstanding,37261336.0,2026-10-06,20.940000534057617,780252395.7397003,9.777,9.679658292445552,2.1632995609359633,2.163299560935963,POSITIVE,1,,1.0,1
LYV,1359,usa,2026,Q2,2026-06-30,2026-07-30,equityusd,82330000.0,sharesbas -> shares_outstanding,235633860.0,2026-10-06,171.8000030517578,40481897867.09747,0.354,0.3493980024772331,491.7028770447889,491.7028770447889,POSITIVE,1,,1.0,1
LZ,1360,usa,2026,Q2,2026-06-30,2026-08-05,equityusd,127156000.0,sharesbas -> shares_outstanding,171264812.0,2026-10-06,5.769999980926514,988197961.973383,0.747,0.7424525710511976,7.771540170919052,7.771540170919052,POSITIVE,1,,1.0,1
LZB,1361,usa,2027,Q1,2026-07-25,2026-08-18,equityusd,1013260000.0,sharesbas -> shares_outstanding,40052771.0,2026-10-06,29.65999984741211,1187965181.7484322,25.335,25.298124816382867,1.1724189070410675,1.1724189070410675,POSITIVE,1,,1.0,1
M,1362,usa,2027,Q2,2026-08-01,2026-09-10,,,sharesbas -> shares_outstanding,261176646.0,2026-10-06,22.459999084472656,5866027230.045639,,,,,MISSING,0,sharefactor missing/nonunit,,0
MAA,1363,usa,2026,Q2,2026-06-30,2026-07-30,equityusd,5433995000.0,sharesbas -> shares_outstanding,116021957.0,2026-10-06,116.98999786376953,13573408501.58036,46.836,46.835919170024,2.4978691554887997,2.4978691554887997,POSITIVE,1,multi-class ownership validation required,1.0,0
MAC,1364,usa,2026,Q2,2026-06-30,2026-08-05,equityusd,2827198000.0,sharesbas -> shares_outstanding,283559375.0,2026-10-06,22.950000762939453,6507687872.5886345,10.329,9.970391562613651,2.301815391984797,2.301815391984797,POSITIVE,1,,1.0,1
MAGN,1365,usa,2026,Q3,2026-06-27,2026-08-06,equityusd,1017000000.0,sharesbas -> shares_outstanding,35800000.0,2026-10-06,11.710000038146973,419218001.3656616,28.408,28.407821229050278,0.4122104241550262,0.4122104241550262,POSITIVE,1,,1.0,1
MAMA,1366,usa,2027,Q2,2026-07-31,2026-09-03,equityusd,167406000.0,sharesbas -> shares_outstanding,47147469.0,2026-10-06,12.729999542236328,600187258.7876015,3.917,3.55068900941427,3.5852195189395926,3.585219518939593,POSITIVE,1,,1.0,1
MAN,1367,usa,2026,Q2,2026-06-30,2026-08-07,equityusd,2106300000.0,sharesbas -> shares_outstanding,46505570.0,2026-10-06,51.869998931884766,2412243866.226692,44.91,45.29134897174683,1.1452517999462053,1.1452517999462053,POSITIVE,1,,1.0,1
MANH,1368,usa,2026,Q2,2026-06-30,2026-07-31,equityusd,157507000.0,sharesbas -> shares_outstanding,58304972.0,2026-10-06,202.83999633789062,11826580306.960815,2.681,2.7014334214927676,75.08606161606033,75.08606161606033,POSITIVE,1,,1.0,1
MAPS,1369,usa,2025,Q4,2025-12-31,2026-03-12,equityusd,57175000.0,sharesbas -> shares_outstanding,159040266.0,2026-10-06,0.35499998927116394,56459292.72368306,0.525,0.3595001532504982,0.9874821639472332,0.9874821639472332,POSITIVE,1,multi-class ownership validation required; fundamentals stale >180 days,1.0,0
MAR,1370,usa,2026,Q2,2026-06-30,2026-08-03,equityusd,-4525000000.0,sharesbas -> shares_outstanding,260766288.0,2026-10-06,361.2799987792969,94209644210.32178,-17.353,-17.352703199119052,,,NEGATIVE,0,,1.0,0
MAS,1371,usa,2026,Q2,2026-06-30,2026-07-29,equityusd,-365000000.0,sharesbas -> shares_outstanding,197187430.0,2026-10-06,69.93000030517578,13789317040.076828,-1.851,-1.851030768036279,,,NEGATIVE,0,,1.0,0
MASS,1372,usa,2026,Q2,2026-06-30,2026-08-11,equityusd,126766000.0,sharesbas -> shares_outstanding,41333705.0,2026-10-06,12.329999923706055,509644579.4964886,3.36,3.06689177754571,4.020357031826267,4.020357031826267,POSITIVE,1,,1.0,1
MAT,1373,usa,2026,Q2,2026-06-30,2026-08-06,equityusd,1998118000.0,sharesbas -> shares_outstanding,285700000.0,2026-10-06,15.930000305175781,4551201087.188721,6.916,6.993762688134407,2.2777439006048295,2.2777439006048295,POSITIVE,1,,1.0,1
MATV,1374,usa,2026,Q2,2026-06-30,2026-08-06,equityusd,470700000.0,sharesbas -> shares_outstanding,55190098.0,2026-10-06,12.210000038146973,673871098.6853352,8.54,8.528703826545117,1.4316360711394416,1.4316360711394416,POSITIVE,1,,1.0,1
MATW,1375,usa,2026,Q3,2026-06-30,2026-08-07,equityusd,485968000.0,sharesbas -> shares_outstanding,31213173.0,2026-10-06,19.420000076293945,606159822.0413761,15.569,15.569323887706002,1.2473245605500283,1.2473245605500283,POSITIVE,1,,1.0,1
MATX,1376,usa,2026,Q2,2026-06-30,2026-08-04,equityusd,2773100000.0,sharesbas -> shares_outstanding,29903458.0,2026-10-06,224.77999877929688,6721699252.736755,92.13,92.73509438272991,2.423893567753329,2.4238935677533284,POSITIVE,1,,1.0,1
MAX,1377,usa,2026,Q2,2026-06-30,2026-07-29,equityusd,28412000.0,sharesbas -> shares_outstanding,61263978.0,2026-10-06,9.680000305175781,593035325.7362823,0.529,0.46376355123397306,20.872706100812415,20.872706100812415,POSITIVE,1,,1.0,1
MBC,1378,usa,2026,Q2,2026-06-28,2026-08-05,equityusd,1968700000.0,sharesbas -> shares_outstanding,203490490.0,2026-10-06,7.099999904632568,1444782459.5936346,12.817,9.674653591919702,0.733876395384586,0.733876395384586,POSITIVE,1,,1.0,1
MBIO,1379,usa,2026,Q2,2026-06-30,2026-08-05,equityusd,7545000.0,sharesbas -> shares_outstanding,7577506.0,2026-10-06,0.46000000834465027,3485652.8232316375,1.121,0.9957101980519711,0.46198181885111167,0.46198181885111167,POSITIVE,1,,1.0,1
MBLY,1380,usa,2026,Q2,2026-06-27,2026-07-23,equityusd,8210000000.0,sharesbas -> shares_outstanding,850187598.0,2026-10-06,7.46999979019165,6350901178.683543,10.037,9.6566922633468,0.7735567818128555,0.7735567818128555,POSITIVE,1,,1.0,1
MBOT,1381,usa,2026,Q2,2026-06-30,2026-08-11,equityusd,68927000.0,sharesbas -> shares_outstanding,67164801.0,2026-10-06,1.0700000524520874,71866340.59293401,1.026,1.0262369421745179,1.042644255414192,1.042644255414192,POSITIVE,1,,1.0,1
MBUU,1382,usa,2026,Q4,2026-06-30,2026-08-27,equityusd,524448000.0,sharesbas -> shares_outstanding,19677264.0,2026-10-06,22.760000228881836,447854533.1437683,26.592,26.65248583339635,0.8539541253732844,0.8539541253732845,POSITIVE,1,,1.0,1
MCD,1383,usa,2026,Q2,2026-06-30,2026-08-07,equityusd,-1023000000.0,sharesbas -> shares_outstanding,707641531.0,2026-10-06,232.4499969482422,164491271721.3994,-1.443,-1.4456472029762764,,,NEGATIVE,0,,1.0,0
MCFT,1384,usa,2026,Q4,2026-06-30,2026-09-10,,,sharesbas -> shares_outstanding,24339371.0,2026-10-06,19.40999984741211,472427187.3961067,,,,,MISSING,0,sharefactor missing/nonunit,,0
MCHP,1385,usa,2027,Q1,2026-06-30,2026-08-06,equityusd,6451000000.0,sharesbas -> shares_outstanding,543008691.0,2026-10-06,81.26000213623047,44124887390.65171,11.891,11.880104511992055,6.8400073462489095,6.840007346248909,POSITIVE,1,multi-class ownership validation required,1.0,0
MCK,1386,usa,2027,Q1,2026-06-30,2026-08-05,equityusd,-4240000000.0,sharesbas -> shares_outstanding,116590363.0,2026-10-06,921.6699829101562,107457837873.69891,-35.72,-36.366642069722346,,,NEGATIVE,0,,1.0,0
MCO,1387,usa,2026,Q2,2026-06-30,2026-07-23,equityusd,3025000000.0,sharesbas -> shares_outstanding,173200000.0,2026-10-06,452.32000732421875,78341825268.55469,17.375,17.465357967667437,25.898124055720558,25.898124055720558,POSITIVE,1,,1.0,1
MCRB,1388,usa,2026,Q2,2026-06-30,2026-08-05,equityusd,34534000.0,sharesbas -> shares_outstanding,9941261.0,2026-10-06,2.9000000953674316,28829657.84807253,3.558,3.473804781908452,0.8348195357639581,0.8348195357639581,POSITIVE,1,,1.0,1
MCRI,1389,usa,2026,Q2,2026-06-30,2026-07-28,equityusd,576769000.0,sharesbas -> shares_outstanding,17922521.0,2026-10-06,119.2300033569336,2136902238.9947128,32.27,32.18124280618781,3.7049533504656336,3.704953350465633,POSITIVE,1,,1.0,1
MCS,1390,usa,2026,Q2,2026-06-30,2026-07-30,equityusd,456884000.0,sharesbas -> shares_outstanding,30832159.0,2026-10-06,26.440000534057617,815202300.4261494,14.818,14.818423841158836,1.7842653724493514,1.7842653724493511,POSITIVE,1,,1.0,1
MD,1391,usa,2026,Q2,2026-06-30,2026-08-04,equityusd,880977000.0,sharesbas -> shares_outstanding,81253271.0,2026-10-06,26.0,2112585046.0,11.09,10.842357349527504,2.39800249722751,2.39800249722751,POSITIVE,1,,1.0,1
MDAI,1392,usa,2026,Q2,2026-06-30,2026-08-11,equityusd,-12054000.0,sharesbas -> shares_outstanding,32184928.0,2026-10-06,1.659999966621399,53426979.40571213,-0.376,-0.37452313082695105,,,NEGATIVE,0,multi-class ownership validation required,1.0,0
MDB,1393,usa,2027,Q2,2026-07-31,2026-09-01,equityusd,2979981000.0,sharesbas -> shares_outstanding,80556341.0,2026-10-06,360.7099914550781,29057477073.76236,37.019,36.992506896508615,9.750893402931885,9.750893402931885,POSITIVE,1,,1.0,1
MDGL,1394,usa,2026,Q2,2026-06-30,2026-07-30,equityusd,523724000.0,sharesbas -> shares_outstanding,23104126.0,2026-10-06,496.45001220703125,11470043634.732788,17.969,22.667985796130093,21.900931854818165,21.900931854818165,POSITIVE,1,,1.0,1
MDIA,1395,usa,2026,Q2,2026-06-30,2026-08-14,equityusd,28642000.0,sharesbas -> shares_outstanding,84019858.0,2026-10-06,1.059999942779541,89061044.67234516,0.347,0.3408956011327703,3.109456206701528,3.1094562067015277,POSITIVE,1,,1.0,1
MDLZ,1396,usa,2026,Q2,2026-06-30,2026-07-28,equityusd,26639000000.0,sharesbas -> shares_outstanding,1276308057.0,2026-10-06,59.619998931884766,76093484995.09592,20.872,20.871920265563286,2.856469274188067,2.856469274188067,POSITIVE,1,,1.0,1
MDT,1397,usa,2027,Q1,2026-07-31,2026-09-03,equityusd,50232000000.0,sharesbas -> shares_outstanding,1279137890.0,2026-10-06,87.08999633789062,111400114155.75714,39.25,39.27019939969099,2.2177120989758947,2.2177120989758947,POSITIVE,1,,1.0,1
MDU,1398,usa,2026,Q2,2026-06-30,2026-08-06,equityusd,2926922000.0,sharesbas -> shares_outstanding,210349456.0,2026-10-06,18.950000762939453,3986122351.683899,13.962,13.914568906705421,1.36188198786435,1.36188198786435,POSITIVE,1,,1.0,1
MDXG,1399,usa,2026,Q2,2026-06-30,2026-07-29,equityusd,216003000.0,sharesbas -> shares_outstanding,145760468.0,2026-10-06,4.619999885559082,673413345.4790382,1.461,1.4819038588707056,3.1176110770639216,3.1176110770639216,POSITIVE,1,,1.0,1
MEC,1400,usa,2026,Q2,2026-06-30,2026-08-05,equityusd,325484000.0,sharesbas -> shares_outstanding,25500331.0,2026-10-06,16.459999084472656,419735424.9137497,14.296,12.763912750779587,1.289573143115329,1.2895731431153288,POSITIVE,1,,1.0,1
MED,1401,usa,2026,Q2,2026-06-30,2026-08-03,equityusd,196377000.0,sharesbas -> shares_outstanding,11180703.0,2026-10-06,11.510000228881836,128689894.08905983,17.636,17.563922411676618,0.6553206031717556,0.6553206031717554,POSITIVE,1,,1.0,1
MEDP,1402,usa,2026,Q2,2026-06-30,2026-07-23,equityusd,433861000.0,sharesbas -> shares_outstanding,27911655.0,2026-10-06,602.9000244140625,16827937480.93689,15.399,15.544080062611837,38.7864718906214,38.7864718906214,POSITIVE,1,,1.0,1
MEI,1403,usa,2027,Q1,2026-08-01,2026-09-02,equityusd,663100000.0,sharesbas -> shares_outstanding,35645053.0,2026-10-06,15.100000381469727,538240313.8975086,18.603,18.602861945527195,0.8117030823367647,0.8117030823367646,POSITIVE,1,multi-class ownership validation required,1.0,0
MELI,1404,usa,2026,Q2,2026-06-30,2026-08-06,equityusd,7834000000.0,sharesbas -> shares_outstanding,50696802.0,2026-10-06,1857.989990234375,94194150652.89404,154.525,154.52651234292844,12.023761890846828,12.023761890846828,POSITIVE,1,ADR ownership/ratio validation required,1.0,0
MERC,1405,usa,2026,Q2,2026-06-30,2026-08-06,equityusd,-97974000.0,sharesbas -> shares_outstanding,67018033.0,2026-10-06,0.23999999463558197,16084327.560487255,-1.462,-1.4619050368130022,,,NEGATIVE,0,,1.0,0
META,1406,usa,2026,Q2,2026-06-30,2026-07-30,equityusd,261221000000.0,sharesbas -> shares_outstanding,2547506225.0,2026-10-06,738.8800048828125,1882301411966.995,102.722,102.53988682598803,7.2057813574214755,7.205781357421475,POSITIVE,1,,1.0,1
"METC,METCB",1407,usa,2026,Q2,2026-06-30,2026-08-05,equityusd,376067000.0,sharesbas -> shares_outstanding,63388239.0,,,,5.933,5.932756705861477,,,POSITIVE,0,multi-class ownership validation required,1.0,0
MFA,1408,usa,2026,Q2,2026-06-30,2026-08-05,equityusd,1776088000.0,sharesbas -> shares_outstanding,101087938.0,2026-10-06,7.28000020980835,735920209.8490934,17.57,17.569732206823726,0.4143489567234807,0.4143489567234807,POSITIVE,1,multi-class ownership validation required,1.0,0
MG,1409,usa,2026,Q2,2026-06-30,2026-08-10,equityusd,239963000.0,sharesbas -> shares_outstanding,31849893.0,2026-10-06,21.030000686645508,669803271.659586,7.539,7.53418543666693,2.7912772871633793,2.7912772871633793,POSITIVE,1,,1.0,1
MGEE,1410,usa,2026,Q2,2026-06-30,2026-08-05,equityusd,1172654000.0,sharesbas -> shares_outstanding,37784012.0,2026-10-06,70.58999633789062,2667173268.7108154,31.396,31.035719552492203,2.2744759056898416,2.2744759056898416,POSITIVE,1,,1.0,1
MGM,1411,usa,2026,Q2,2026-06-30,2026-07-29,equityusd,2513775000.0,sharesbas -> shares_outstanding,251592756.0,2026-10-06,30.540000915527344,7683642998.580048,9.896,9.99144426876901,3.0566152494077823,3.0566152494077823,POSITIVE,1,,1.0,1
MGNI,1412,usa,2026,Q2,2026-06-30,2026-08-05,equityusd,936273000.0,sharesbas -> shares_outstanding,143424157.0,2026-10-06,24.84000015258789,3562656081.7647896,6.546,6.528000718874715,3.8051466631685305,3.8051466631685305,POSITIVE,1,,1.0,1
MGNX,1413,usa,2026,Q2,2026-06-30,2026-08-14,equityusd,42873000.0,sharesbas -> shares_outstanding,63700187.0,2026-10-06,3.640000104904175,231868687.36241555,0.674,0.6730435500919331,5.408268312514066,5.408268312514066,POSITIVE,1,,1.0,1
MGPI,1414,usa,2026,Q2,2026-06-30,2026-07-29,equityusd,590813000.0,sharesbas -> shares_outstanding,21414076.0,2026-10-06,13.020000457763672,278811279.32258606,27.565,27.58993663793852,0.4719112127231223,0.4719112127231223,POSITIVE,1,,1.0,1
MGRC,1415,usa,2026,Q2,2026-06-30,2026-07-29,equityusd,1245459000.0,sharesbas -> shares_outstanding,24425663.0,2026-10-06,117.9800033569336,2881739802.7353287,50.879,50.98977251917379,2.3137974054026094,2.3137974054026094,POSITIVE,1,,1.0,1
MGRX,1416,usa,2026,Q2,2026-06-30,2026-08-13,equityusd,12525944.0,sharesbas -> shares_outstanding,21567422.0,2026-10-06,0.44999998807907104,9705339.642896295,0.732,0.5807807720366394,0.7748190190612615,0.7748190190612615,POSITIVE,1,,1.0,1
MGTX,1417,usa,2026,Q2,2026-06-30,2026-08-13,equityusd,215781000.0,sharesbas -> shares_outstanding,96042996.0,2026-10-06,10.600000381469727,1018055794.2374954,2.36,2.2467125036374336,4.718004802264774,4.718004802264775,POSITIVE,1,,1.0,1
MGX,1418,usa,2026,Q2,2026-06-30,2026-08-10,equityusd,112567000.0,sharesbas -> shares_outstanding,37777105.0,2026-10-06,1.0299999713897705,38910417.06918836,2.989,2.979767772040764,0.3456645115281419,0.345664511528142,POSITIVE,1,,1.0,1
MGY,1419,usa,2026,Q2,2026-06-30,2026-08-06,equityusd,2146877000.0,sharesbas -> shares_outstanding,236968592.0,2026-10-06,23.940000534057617,5673028219.034882,11.632,9.059753370185025,2.642456097407947,2.642456097407947,POSITIVE,1,multi-class ownership validation required,1.0,0
MHK,1420,usa,2026,Q2,2026-07-04,2026-07-31,equityusd,8540700000.0,sharesbas -> shares_outstanding,67738145.0,2026-10-06,126.05000305175781,8538393383.970413,140.703,126.0840550032777,0.9997299265833495,0.9997299265833495,POSITIVE,1,,1.0,1
MHO,1421,usa,2026,Q2,2026-06-30,2026-07-31,equityusd,3227420000.0,sharesbas -> shares_outstanding,25283031.0,2026-10-06,133.2899932861328,3369975032.243088,125.742,127.65162531343651,1.0441699661782748,1.0441699661782748,POSITIVE,1,multi-class ownership validation required,1.0,0
MIDD,1422,usa,2026,Q2,2026-07-04,2026-08-13,equityusd,2209954000.0,sharesbas -> shares_outstanding,45222349.0,2026-10-06,105.91999816894531,4789951123.275406,48.757,48.86862467051413,2.1674438125297657,2.1674438125297657,POSITIVE,1,,1.0,1
MIND,1423,usa,2027,Q2,2026-07-31,2026-09-09,,,sharesbas -> shares_outstanding,9089055.0,2026-10-06,4.570000171661377,41536982.9102397,,,,,MISSING,0,sharefactor missing/nonunit; multi-class ownership validation required,,0
MIR,1424,usa,2026,Q2,2026-06-30,2026-07-29,equityusd,1825800000.0,sharesbas -> shares_outstanding,249037647.0,2026-10-06,16.270000457763672,4051842630.6903877,7.465,7.331421662524783,2.2192149362966305,2.2192149362966305,POSITIVE,1,multi-class ownership validation required,1.0,0
MIRA,1425,usa,2026,Q2,2026-06-30,2026-08-12,equityusd,8162317.0,sharesbas -> shares_outstanding,42022087.0,2026-10-06,0.7120000123977661,29919726.464980006,0.194,0.19423873450169193,3.6655923146552634,3.6655923146552634,POSITIVE,1,,1.0,1
MIRM,1426,usa,2026,Q2,2026-06-30,2026-08-05,equityusd,-10422000.0,sharesbas -> shares_outstanding,64932203.0,2026-10-06,79.25,5145877087.75,-0.164,-0.16050587410379408,,,NEGATIVE,0,,1.0,0
MIST,1427,usa,2026,Q2,2026-06-30,2026-08-12,equityusd,18218000.0,sharesbas -> shares_outstanding,124497980.0,2026-10-06,0.7639999985694885,95116456.54190421,0.131,0.14633169148607872,5.221015289378868,5.221015289378868,POSITIVE,1,,1.0,1
MITK,1428,usa,2026,Q3,2026-06-30,2026-08-06,equityusd,250523000.0,sharesbas -> shares_outstanding,45122374.0,2026-10-06,17.469999313354492,788287842.7969246,5.546,5.552079329868593,3.1465687493640284,3.146568749364029,POSITIVE,1,,1.0,1
MITT,1429,usa,2026,Q2,2026-06-30,2026-08-10,equityusd,546004000.0,sharesbas -> shares_outstanding,31803475.0,2026-10-06,5.670000076293945,180325705.67641258,17.177,17.168061037355194,0.3302644406934978,0.3302644406934978,POSITIVE,1,multi-class ownership validation required,1.0,0
MKC,1430,usa,2026,Q3,2026-08-31,2026-10-01,,,sharesbas -> shares_outstanding,269064479.0,2026-10-06,45.400001525878906,12215527757.159813,,,,,MISSING,0,sharefactor missing/nonunit; multi-class ownership validation required,,0
MKSI,1431,usa,2026,Q2,2026-06-30,2026-08-06,equityusd,2988000000.0,sharesbas -> shares_outstanding,67617558.0,2026-10-06,281.4100036621094,19028257244.402893,44.201,44.189705874914914,6.368225316065225,6.368225316065225,POSITIVE,1,,1.0,1
MLGO,1432,usa,2026,Q2,2026-06-30,2026-08-28,equityusd,303438355.0,sharesbas -> shares_outstanding,12437461.0,2026-10-06,3.0899999141693115,38431753.42248416,164.083,24.397130169895608,0.1266542373078847,0.1266542373078847,POSITIVE,1,ADR ownership/ratio validation required; multi-class ownership validation required,1.0,0
MLI,1433,usa,2026,Q2,2026-06-27,2026-07-22,equityusd,3547750000.0,sharesbas -> shares_outstanding,221181388.0,2026-10-06,63.130001068115234,13963181260.68721,16.318,16.04000242552054,3.935785007592759,3.935785007592759,POSITIVE,1,,1.0,1
MLKN,1434,usa,2027,Q1,2026-08-29,2026-09-28,,,sharesbas -> shares_outstanding,68799795.0,2026-10-06,20.719999313354492,1425531705.1589298,,,,,MISSING,0,sharefactor missing/nonunit,,0
MLM,1435,usa,2026,Q2,2026-06-30,2026-07-30,equityusd,11546000000.0,sharesbas -> shares_outstanding,60065839.0,2026-10-06,489.010009765625,29372796515.97046,192.113,192.222404485185,2.5439802975896812,2.5439802975896812,POSITIVE,1,,1.0,1
MLR,1436,usa,2026,Q2,2026-06-30,2026-08-05,equityusd,420093000.0,sharesbas -> shares_outstanding,11352184.0,2026-10-06,54.119998931884766,614380185.9545593,36.925,37.00547841719268,1.4624861303438983,1.4624861303438985,POSITIVE,1,,1.0,1
MLTX,1437,usa,2026,Q2,2026-06-30,2026-08-10,equityusd,428195000.0,sharesbas -> shares_outstanding,85106685.0,2026-10-06,10.949999809265137,931918184.5171881,5.793,5.0312733952685385,2.1763873574357198,2.1763873574357198,POSITIVE,1,,1.0,1
MLYS,1438,usa,2026,Q2,2026-06-30,2026-08-11,equityusd,550917000.0,sharesbas -> shares_outstanding,88406885.0,2026-10-06,21.950000762939453,1940531193.1991005,6.502,6.231607413834341,3.522365788674338,3.5223657886743385,POSITIVE,1,,1.0,1
MMI,1439,usa,2026,Q2,2026-06-30,2026-08-06,equityusd,578913000.0,sharesbas -> shares_outstanding,37871003.0,2026-10-06,28.600000381469727,1083110700.2466412,15.304,15.286444882381383,1.8709386388743061,1.8709386388743061,POSITIVE,1,,1.0,1
MMM,1440,usa,2026,Q2,2026-06-30,2026-07-21,equityusd,2952000000.0,sharesbas -> shares_outstanding,515722417.0,2026-10-06,163.63999938964844,84392816003.10802,5.68,5.724009472328212,28.588352304575885,28.588352304575885,POSITIVE,1,,1.0,1
MMS,1441,usa,2026,Q3,2026-06-30,2026-08-06,equityusd,1740551000.0,sharesbas -> shares_outstanding,52357763.0,2026-10-06,54.68000030517578,2862922496.818321,32.931,33.24341798178047,1.6448368917764093,1.6448368917764093,POSITIVE,1,,1.0,1
MMSI,1442,usa,2026,Q2,2026-06-30,2026-07-30,equityusd,1679804000.0,sharesbas -> shares_outstanding,59710420.0,2026-10-06,84.95999908447266,5072997228.533478,28.147,28.132510205086483,3.019993540040075,3.019993540040075,POSITIVE,1,,1.0,1
MNKD,1443,usa,2026,Q2,2026-06-30,2026-08-05,equityusd,-67197000.0,sharesbas -> shares_outstanding,321540637.0,2026-10-06,3.7100000381469727,1192915775.535802,-0.217,-0.20898447122252856,,,NEGATIVE,0,,1.0,0
MNR,1444,usa,2026,Q2,2026-06-30,2026-08-06,equityusd,1843741000.0,sharesbas -> shares_outstanding,166948094.0,2026-10-06,10.65999984741211,1779666656.5657425,11.005,11.043797840543181,0.9652476440919535,0.9652476440919535,POSITIVE,1,,1.0,1
MNRO,1445,usa,2027,Q1,2026-06-27,2026-07-29,equityusd,582502000.0,sharesbas -> shares_outstanding,31264060.0,2026-10-06,13.670000076293945,427379702.5852585,19.323,18.631681233979208,0.7336965411024485,0.7336965411024485,POSITIVE,1,,1.0,1
MNST,1446,usa,2026,Q2,2026-06-30,2026-08-07,equityusd,9364148000.0,sharesbas -> shares_outstanding,1959051764.0,2026-10-06,43.25,84728988793.0,4.784,4.779939035852857,9.048232556021114,9.048232556021114,POSITIVE,1,,1.0,1
MNTK,1447,usa,2026,Q2,2026-06-30,2026-08-05,equityusd,264530000.0,sharesbas -> shares_outstanding,142341139.0,2026-10-06,2.6600000858306885,378627441.95723796,1.847,1.8584226728718252,1.4313213698152873,1.4313213698152873,POSITIVE,1,,1.0,1
MNTS,1448,usa,2026,Q2,2026-06-30,2026-08-11,equityusd,114260000.0,sharesbas -> shares_outstanding,21963401.0,2026-10-06,3.5999999046325684,79068241.50540686,9.612,5.202290847396539,0.6920028138054163,0.6920028138054162,POSITIVE,1,multi-class ownership validation required,1.0,0
MO,1449,usa,2026,Q2,2026-06-30,2026-07-30,equityusd,-2668000000.0,sharesbas -> shares_outstanding,1669743926.0,2026-10-06,68.55000305175781,114460951222.95407,-1.598,-1.597849801071832,,,NEGATIVE,0,,1.0,0
MOD,1450,usa,2027,Q1,2026-06-30,2026-07-30,equityusd,1201500000.0,sharesbas -> shares_outstanding,53112708.0,2026-10-06,189.91000366210938,10086634570.784546,22.542,22.62170477167159,8.395035015218099,8.395035015218099,POSITIVE,1,,1.0,1
MOH,1451,usa,2026,Q2,2026-06-30,2026-07-23,equityusd,4171000000.0,sharesbas -> shares_outstanding,52200000.0,2026-10-06,195.1699981689453,10187873904.418945,79.904,79.90421455938697,2.4425494855955274,2.4425494855955274,POSITIVE,1,,1.0,1
MORN,1452,usa,2026,Q2,2026-06-30,2026-07-29,equityusd,1023800000.0,sharesbas -> shares_outstanding,37513571.0,2026-10-06,195.69000244140625,7341030800.575867,27.085,27.291456737083227,7.170375855221593,7.170375855221593,POSITIVE,1,,1.0,1
MOS,1453,usa,2026,Q2,2026-06-30,2026-08-05,equityusd,11463900000.0,sharesbas -> shares_outstanding,317895646.0,2026-10-06,20.940000534057617,6656734997.014591,36.061,36.06183395163581,0.5806693182088636,0.5806693182088636,POSITIVE,1,,1.0,1
MOV,1454,usa,2027,Q2,2026-07-31,2026-08-26,equityusd,505616000.0,sharesbas -> shares_outstanding,22312245.0,2026-10-06,32.849998474121094,732957214.204216,22.626,22.660920046369156,1.449632159987453,1.4496321599874529,POSITIVE,1,,1.0,1
MOVE,1455,usa,2026,Q2,2026-06-30,2026-08-14,equityusd,573251000.0,sharesbas -> shares_outstanding,27647305.0,2026-10-06,10.59000015258789,292784964.16864395,228.724,20.73442601367475,0.5107447944593974,0.5107447944593972,POSITIVE,1,,1.0,1
MP,1456,usa,2026,Q2,2026-06-30,2026-08-06,equityusd,1957336000.0,sharesbas -> shares_outstanding,178101588.0,2026-10-06,48.529998779296875,8643269848.230835,10.971,10.9899974614488,4.41583348399602,4.41583348399602,POSITIVE,1,multi-class ownership validation required,1.0,0
MPAA,1457,usa,2027,Q1,2026-06-30,2026-08-10,equityusd,252989000.0,sharesbas -> shares_outstanding,18933207.0,2026-10-06,10.680000305175781,202206656.53795624,13.369,13.36218423006731,0.7992705474860814,0.7992705474860814,POSITIVE,1,,1.0,1
MPC,1458,usa,2026,Q2,2026-06-30,2026-08-04,equityusd,19077000000.0,sharesbas -> shares_outstanding,280824763.0,2026-10-06,432.3599853515625,121417390417.03601,66.01,67.93204344304921,6.36459560816879,6.36459560816879,POSITIVE,1,,1.0,1
MPLX,1459,usa,2026,Q2,2026-06-30,2026-08-04,equityusd,14027000000.0,sharesbas -> shares_outstanding,1013858251.0,2026-10-06,57.77000045776367,58570591624.37747,13.82,13.835267391831879,4.175560820159512,4.175560820159512,POSITIVE,1,,1.0,1
MPWR,1460,usa,2026,Q2,2026-06-30,2026-08-05,equityusd,3895424000.0,sharesbas -> shares_outstanding,49143000.0,2026-10-06,1473.68994140625,72421544790.52734,79.275,79.2671184095395,18.591440826602533,18.591440826602533,POSITIVE,1,,1.0,1
MQ,1461,usa,2026,Q2,2026-06-30,2026-08-04,equityusd,715557000.0,sharesbas -> shares_outstanding,104098834.0,2026-10-06,16.549999237060547,1722835623.2788925,6.785,6.873823389798967,2.4076846754051635,2.4076846754051635,POSITIVE,1,,1.0,1
MRAM,1462,usa,2026,Q2,2026-06-30,2026-08-05,equityusd,73107000.0,sharesbas -> shares_outstanding,24350009.0,2026-10-06,17.760000228881836,432456165.41327477,3.061,3.0023397527286333,5.91538656234389,5.91538656234389,POSITIVE,1,,1.0,1
MRCY,1463,usa,2026,Q4,2026-07-03,2026-08-18,equityusd,1497458000.0,sharesbas -> shares_outstanding,60136133.0,2026-10-06,82.80000305175781,4979271995.920914,25.091,24.90113556187592,3.3251496842789003,3.3251496842789003,POSITIVE,1,,1.0,1
MREO,1464,usa,2026,Q2,2026-06-30,2026-08-11,equityusd,28652000.0,sharesbas -> shares_outstanding,798454864.0,2026-10-06,0.3499999940395355,279459197.64083815,0.178,0.03588430766951906,9.753566858887273,9.753566858887273,POSITIVE,1,sharefactor missing/nonunit,0.2,0
MRK,1465,usa,2026,Q2,2026-06-30,2026-08-07,equityusd,41933000000.0,sharesbas -> shares_outstanding,2467171638.0,2026-10-06,141.94000244140625,350190348321.08826,16.977,16.996385397001713,8.351187568766562,8.351187568766562,POSITIVE,1,,1.0,1
MRNA,1466,usa,2026,Q2,2026-06-30,2026-07-31,equityusd,6761000000.0,sharesbas -> shares_outstanding,399235889.0,2026-10-06,187.4600067138672,74840762432.35674,16.987,16.93485026342409,11.06948120579156,11.06948120579156,POSITIVE,1,,1.0,1
MRTN,1467,usa,2026,Q2,2026-06-30,2026-08-06,equityusd,765962000.0,sharesbas -> shares_outstanding,81661669.0,2026-10-06,12.869999885559082,1050985670.6845636,9.38,9.37970053000019,1.3721120247278111,1.3721120247278111,POSITIVE,1,,1.0,1
MRVI,1468,usa,2026,Q2,2026-06-30,2026-08-07,equityusd,204622000.0,sharesbas -> shares_outstanding,259673625.0,2026-10-06,7.849999904632568,2038437931.4855933,1.383,0.7879968556683413,9.961968563915871,9.961968563915871,POSITIVE,1,,1.0,1
MRVL,1469,usa,2027,Q2,2026-08-01,2026-08-28,equityusd,18531600000.0,sharesbas -> shares_outstanding,876900000.0,2026-10-06,287.010009765625,251679077563.47656,20.65,21.133082449538147,13.581076515976848,13.581076515976848,POSITIVE,1,,1.0,1
MSA,1470,usa,2026,Q2,2026-06-30,2026-07-31,equityusd,1401657000.0,sharesbas -> shares_outstanding,38578289.0,2026-10-06,182.4499969482422,7038608710.318405,36.333,36.332793297286976,5.021634187478396,5.021634187478395,POSITIVE,1,multi-class ownership validation required,1.0,0
MSCI,1471,usa,2026,Q2,2026-06-30,2026-07-21,equityusd,-2689500000.0,sharesbas -> shares_outstanding,72700000.0,2026-10-06,554.9199829101562,40342682757.56836,-36.944,-36.99449793672627,,,NEGATIVE,0,,1.0,0
MSEX,1472,usa,2026,Q2,2026-06-30,2026-07-30,equityusd,521092000.0,sharesbas -> shares_outstanding,18843946.0,2026-10-06,52.900001525878906,996844772.1535797,27.855,27.653019171250012,1.9129918942405175,1.9129918942405175,POSITIVE,1,,1.0,1
MSFT,1473,usa,2026,Q4,2026-06-30,2026-07-29,equityusd,442387000000.0,sharesbas -> shares_outstanding,7425545491.0,2026-10-06,529.2999877929688,3930341137742.434,59.573,59.57636385585238,8.884395648476184,8.884395648476184,POSITIVE,1,,1.0,1
MSGE,1474,usa,2026,Q4,2026-06-30,2026-08-12,equityusd,45781000.0,sharesbas -> shares_outstanding,47305234.0,2026-10-06,79.98999786376953,3783945566.605118,0.964,0.9677787451595736,82.65318727430851,82.65318727430851,POSITIVE,1,,1.0,1
MSGM,1475,usa,2026,Q2,2026-06-30,2026-08-14,equityusd,3884592.0,sharesbas -> shares_outstanding,4588802.0,2026-10-06,5.199999809265137,23861769.524755478,0.816,0.8465372879457427,6.142670716707309,6.1426707167073085,POSITIVE,1,,1.0,1
MSGS,1476,usa,2026,Q4,2026-06-30,2026-08-13,equityusd,-263296000.0,sharesbas -> shares_outstanding,24079941.0,2026-10-06,402.07000732421875,9681822054.236755,-10.894,-10.934246059822156,,,NEGATIVE,0,,1.0,0
MSI,1477,usa,2026,Q2,2026-07-04,2026-08-05,equityusd,2672000000.0,sharesbas -> shares_outstanding,165493788.0,2026-10-06,456.2799987792969,75511505386.62122,16.116,16.145621127483047,28.260293932118717,28.260293932118717,POSITIVE,1,,1.0,1
MSM,1478,usa,2026,Q3,2026-05-30,2026-07-01,equityusd,1419421000.0,sharesbas -> shares_outstanding,55846298.0,2026-10-06,130.32000732421875,7277889964.390503,25.42,25.41656386964092,5.127365287952273,5.127365287952273,POSITIVE,1,,1.0,1
MSPR,1479,usa,2025,Q3,2025-09-30,2025-11-19,equityusd,-563842000.0,sharesbas -> shares_outstanding,14249139.0,2026-10-05,9.999999747378752e-05,1424.9138640036472,-39.57,-39.57025052531244,,,NEGATIVE,0,multi-class ownership validation required; fundamentals stale >180 days,1.0,0
MSTR,1480,usa,2026,Q2,2026-06-30,2026-08-03,equityusd,30886088000.0,sharesbas -> shares_outstanding,384225751.0,2026-10-06,164.5500030517578,63224348499.61394,87.612,80.38526288156048,2.047017042093966,2.047017042093966,POSITIVE,1,multi-class ownership validation required,1.0,0
MTCH,1481,usa,2026,Q2,2026-06-30,2026-08-05,equityusd,-237055000.0,sharesbas -> shares_outstanding,229550985.0,2026-10-06,40.619998931884766,9324360765.513096,-1.033,-1.032689970814109,,,NEGATIVE,0,,1.0,0
MTD,1482,usa,2026,Q2,2026-06-30,2026-07-31,equityusd,12823000.0,sharesbas -> shares_outstanding,20036559.0,2026-10-06,1533.0699462890625,30717446429.94763,0.637,0.639980148287937,2395.4960952934284,2395.4960952934284,POSITIVE,1,,1.0,1
MTDR,1483,usa,2026,Q2,2026-06-30,2026-08-07,equityusd,5928623000.0,sharesbas -> shares_outstanding,123754216.0,2026-10-06,52.90999984741211,6547835549.676605,47.751,47.906432537215544,1.1044445817648727,1.1044445817648727,POSITIVE,1,,1.0,1
MTH,1484,usa,2026,Q2,2026-06-30,2026-07-31,equityusd,5057937000.0,sharesbas -> shares_outstanding,65174093.0,2026-10-06,62.81999969482422,4094236502.3704453,76.884,77.60655756268062,0.809467674739809,0.809467674739809,POSITIVE,1,,1.0,1
MTN,1485,usa,2026,Q4,2026-07-31,2026-09-28,,,sharesbas -> shares_outstanding,35635298.0,2026-10-06,145.1999969482422,5174245160.849701,,,,,MISSING,0,sharefactor missing/nonunit,,0
MTRN,1486,usa,2026,Q2,2026-07-03,2026-08-05,equityusd,994867000.0,sharesbas -> shares_outstanding,20833725.0,2026-10-06,312.1499938964844,6503247131.591034,47.782,47.75271824889692,6.536800528704877,6.536800528704876,POSITIVE,1,,1.0,1
MTRX,1487,usa,2026,Q4,2026-06-30,2026-09-03,equityusd,141855000.0,sharesbas -> shares_outstanding,28291921.0,2026-10-06,10.75,304138150.75,4.996,5.013975544467271,2.144007266222551,2.1440072662225513,POSITIVE,1,,1.0,1
MTSI,1488,usa,2026,Q3,2026-07-03,2026-08-06,equityusd,1540775000.0,sharesbas -> shares_outstanding,76370931.0,2026-10-06,350.6700134277344,26780995399.258575,20.185,20.174888269988486,17.38150956451044,17.38150956451044,POSITIVE,1,,1.0,1
MTUS,1489,usa,2026,Q2,2026-06-30,2026-08-04,equityusd,692300000.0,sharesbas -> shares_outstanding,41449284.0,2026-10-06,20.920000076293945,867119024.4423294,16.702,16.70233917671533,1.2525191744075248,1.2525191744075248,POSITIVE,1,,1.0,1
MTVA,1490,usa,2026,Q2,2026-06-30,2026-08-06,equityusd,6822000.0,sharesbas -> shares_outstanding,6588101.0,2026-10-06,1.4800000190734863,9750389.605658054,1.15,1.035503250481436,1.4292567583784894,1.4292567583784894,POSITIVE,1,,1.0,1
MTW,1491,usa,2026,Q2,2026-06-30,2026-08-07,equityusd,701100000.0,sharesbas -> shares_outstanding,36061969.0,2026-10-06,23.3799991607666,843128804.9555912,19.479,19.44153409926119,1.2025799528677668,1.2025799528677668,POSITIVE,1,,1.0,1
MTX,1492,usa,2026,Q2,2026-07-05,2026-07-31,equityusd,1544900000.0,sharesbas -> shares_outstanding,31128762.0,2026-10-06,65.9800033569336,2053875821.257187,49.675,49.62934279236675,1.32945551249737,1.32945551249737,POSITIVE,1,,1.0,1
MTZ,1493,usa,2026,Q2,2026-06-30,2026-07-30,equityusd,3476968000.0,sharesbas -> shares_outstanding,80304948.0,2026-10-06,228.3000030517578,18333619873.471252,44.532,43.29705810904703,5.27287564149893,5.27287564149893,POSITIVE,1,,1.0,1
MU,1494,usa,2026,Q3,2026-05-28,2026-06-25,equityusd,100724000000.0,sharesbas -> shares_outstanding,1129393151.0,2026-10-06,1045.56005859375,1180848369134.94,89.294,89.18417816755469,11.72360479265061,11.723604792650608,POSITIVE,1,,1.0,1
MUR,1495,usa,2026,Q2,2026-06-30,2026-08-05,equityusd,5259014000.0,sharesbas -> shares_outstanding,143381125.0,2026-10-06,37.790000915527344,5418372845.0193405,36.686,36.678565606177244,1.0303020385607151,1.0303020385607151,POSITIVE,1,,1.0,1
MUSA,1496,usa,2026,Q2,2026-06-30,2026-08-06,equityusd,782700000.0,sharesbas -> shares_outstanding,18380347.0,2026-10-06,513.030029296875,9429669959.896729,42.45,42.583526850717234,12.04761717119807,12.04761717119807,POSITIVE,1,,1.0,1
MUX,1497,usa,2026,Q2,2026-06-30,2026-08-05,equityusd,706636000.0,sharesbas -> shares_outstanding,61358566.0,2026-10-06,18.100000381469727,1110590068.0064354,11.778,11.51650121679832,1.5716579229001004,1.5716579229001004,POSITIVE,1,,1.0,1
MVIS,1498,usa,2026,Q2,2026-06-30,2026-08-06,equityusd,20619000.0,sharesbas -> shares_outstanding,23788425.0,2026-10-06,1.5800000429153442,37585712.52088845,0.925,0.8667660847660154,1.8228678656039794,1.8228678656039792,POSITIVE,1,,1.0,1
MVST,1499,usa,2026,Q2,2026-06-30,2026-08-10,equityusd,543094000.0,sharesbas -> shares_outstanding,384534486.0,2026-10-06,0.6119999885559082,235335101.03135204,1.556,1.4123414668197016,0.4333229625651398,0.4333229625651398,POSITIVE,1,multi-class ownership validation required,1.0,0
MWA,1500,usa,2026,Q3,2026-06-30,2026-08-06,equityusd,1120400000.0,sharesbas -> shares_outstanding,156125679.0,2026-10-06,21.959999084472656,3428519767.902672,7.168,7.176269830666357,3.0600854765286254,3.0600854765286254,POSITIVE,1,multi-class ownership validation required,1.0,0
MX,1501,usa,2026,Q2,2026-06-30,2026-08-10,equityusd,226532000.0,sharesbas -> shares_outstanding,36510111.0,2026-10-06,3.430000066757202,125229683.16731286,6.214,6.2046373948301605,0.5528123318882668,0.5528123318882668,POSITIVE,1,,1.0,1
MXCT,1502,usa,2026,Q2,2026-06-30,2026-08-13,equityusd,158752000.0,sharesbas -> shares_outstanding,103206206.0,2026-10-06,1.090000033378601,112494767.98487878,1.486,1.5382020728482162,0.7086195322570977,0.7086195322570977,POSITIVE,1,,1.0,1
MXL,1503,usa,2026,Q2,2026-06-30,2026-07-23,equityusd,484840000.0,sharesbas -> shares_outstanding,90693191.0,2026-10-06,109.30000305175781,9912766053.073654,5.385,5.34593605819868,20.445437779625557,20.445437779625554,POSITIVE,1,,1.0,1
MYE,1504,usa,2026,Q2,2026-06-30,2026-07-30,equityusd,306368000.0,sharesbas -> shares_outstanding,37618070.0,2026-10-06,31.829999923706055,1197383165.229969,8.144,8.144171139029726,3.9083166819967134,3.908316681996713,POSITIVE,1,,1.0,1
MYGN,1505,usa,2026,Q2,2026-06-30,2026-07-31,equityusd,303900000.0,sharesbas -> shares_outstanding,95649645.0,2026-10-06,4.28000020980835,409380500.66809416,3.206,3.1772203650102413,1.3470895053244296,1.3470895053244296,POSITIVE,1,,1.0,1
MYRG,1506,usa,2026,Q2,2026-06-30,2026-07-29,equityusd,754417000.0,sharesbas -> shares_outstanding,15569250.0,2026-10-06,324.510009765625,5052377469.543457,48.431,48.45557750052186,6.697062061888129,6.697062061888129,POSITIVE,1,,1.0,1
MYSE,1507,usa,2026,Q2,2026-06-30,2026-08-14,equityusd,4373657.0,sharesbas -> shares_outstanding,5196430.0,2026-10-06,1.6399999856948853,8522145.125664473,0.878,0.8416657205042692,1.948517024920901,1.948517024920901,POSITIVE,1,multi-class ownership validation required,1.0,0
MYSZ,1508,usa,2026,Q2,2026-06-30,2026-08-13,equityusd,2347000.0,sharesbas -> shares_outstanding,728482.0,2026-10-06,1.5700000524520874,1143716.7782104015,3.908,3.2217680052492716,0.4873100887134221,0.487310088713422,POSITIVE,1,,1.0,1
MZTI,1509,usa,2026,Q4,2026-06-30,2026-08-25,equityusd,1053150000.0,sharesbas -> shares_outstanding,27291000.0,2026-10-06,100.19999694824219,2734558116.7144775,38.55,38.58964493789161,2.5965514093096687,2.5965514093096687,POSITIVE,1,,1.0,1
NABL,1510,usa,2026,Q2,2026-06-30,2026-08-10,equityusd,804628000.0,sharesbas -> shares_outstanding,188906050.0,2026-10-06,4.420000076293945,834964755.4123878,4.266,4.2594083143446175,1.0377028333744138,1.0377028333744138,POSITIVE,1,,1.0,1
NAGE,1511,usa,2026,Q2,2026-06-30,2026-08-04,equityusd,82528000.0,sharesbas -> shares_outstanding,79126002.0,2026-10-06,2.690000057220459,212848949.90762615,1.04,1.0429946909234717,2.579111936647273,2.5791119366472732,POSITIVE,1,,1.0,1
NAMS,1512,usa,2026,Q2,2026-06-30,2026-08-05,,,sharesbas -> shares_outstanding,119537169.0,2026-10-06,22.270000457763672,2662092808.3497734,,,,,MISSING,0,sharefactor missing/nonunit; ADR ownership/ratio validation required; multi-class ownership validation required,,0
NATL,1513,usa,2026,Q2,2026-06-30,2026-08-05,equityusd,464000000.0,sharesbas -> shares_outstanding,73896934.0,2026-10-06,45.66999816894531,3374872840.4706726,6.287,6.279015581350101,7.273432845841967,7.273432845841967,POSITIVE,1,,1.0,1
NB,1514,usa,2026,Q4,2026-06-30,2026-09-25,,,sharesbas -> shares_outstanding,145849630.0,2026-10-06,3.5199999809265137,513390694.8181391,,,,,MISSING,0,sharefactor missing/nonunit; multi-class ownership validation required,,0
NBIX,1515,usa,2026,Q2,2026-06-30,2026-07-31,equityusd,3693600000.0,sharesbas -> shares_outstanding,101649181.0,2026-10-06,145.50999450683594,14790971768.934372,36.57,36.33674136538296,4.00448661710374,4.00448661710374,POSITIVE,1,,1.0,1
NBR,1516,usa,2026,Q2,2026-06-30,2026-07-31,equityusd,544128000.0,sharesbas -> shares_outstanding,14800044.0,2026-10-06,81.22000122070312,1202059591.74646,38.123,36.765296103173746,2.209148567518047,2.209148567518047,POSITIVE,1,multi-class ownership validation required,1.0,0
NCLH,1517,usa,2026,Q2,2026-06-30,2026-08-03,equityusd,2572866000.0,sharesbas -> shares_outstanding,459187846.0,2026-10-06,15.510000228881836,7122003596.559757,5.604,5.603079485688304,2.7681206858653957,2.7681206858653957,POSITIVE,1,,1.0,1
NCMI,1518,usa,2026,Q2,2026-07-02,2026-08-11,equityusd,334300000.0,sharesbas -> shares_outstanding,94070443.0,2026-10-06,2.1600000858306885,203192164.9541309,3.568,3.553719843755812,0.6078138347416419,0.6078138347416419,POSITIVE,1,,1.0,1
NCNO,1519,usa,2027,Q2,2026-07-31,2026-08-25,equityusd,929832000.0,sharesbas -> shares_outstanding,105736174.0,2026-10-06,19.1200008392334,2021675735.6173286,8.865,8.793887321854486,2.1742376425174963,2.1742376425174963,POSITIVE,1,,1.0,1
NDAQ,1520,usa,2026,Q2,2026-06-30,2026-07-23,equityusd,11988000000.0,sharesbas -> shares_outstanding,558977372.0,2026-10-06,92.2699966430664,51576840237.99008,21.446,21.446306416854384,4.302372392224732,4.302372392224732,POSITIVE,1,,1.0,1
NDRA,1521,usa,2026,Q2,2026-06-30,2026-08-14,equityusd,6309691.0,sharesbas -> shares_outstanding,1499838.0,2026-10-06,6.039999961853027,9059021.46278572,4.765,4.206915013488123,1.4357313952118609,1.4357313952118607,POSITIVE,1,multi-class ownership validation required,1.0,0
NDSN,1522,usa,2026,Q3,2026-07-31,2026-08-20,equityusd,3269059000.0,sharesbas -> shares_outstanding,55699366.0,2026-10-06,334.2200012207031,18615842172.51239,58.676,58.69113483266578,5.694556804423655,5.694556804423655,POSITIVE,1,,1.0,1
NE,1523,usa,2026,Q2,2026-06-30,2026-07-28,equityusd,4483942000.0,sharesbas -> shares_outstanding,159642218.0,2026-10-06,41.45000076293945,6617170057.8973465,28.087,28.08744488879502,1.475748361128968,1.475748361128968,POSITIVE,1,multi-class ownership validation required,1.0,0
NEE,1524,usa,2026,Q2,2026-06-30,2026-07-24,equityusd,57126000000.0,sharesbas -> shares_outstanding,2085803189.0,2026-10-06,77.87999725341797,162442346630.49045,27.388,27.38801067198867,2.8435799221106053,2.8435799221106053,POSITIVE,1,multi-class ownership validation required,1.0,0
NEGG,1525,usa,2026,Q2,2026-06-30,2026-08-27,equityusd,171155000.0,sharesbas -> shares_outstanding,20974000.0,2026-10-06,11.90999984741211,249800336.79962158,8.16,8.160341375035758,1.4594977464848915,1.4594977464848913,POSITIVE,1,ADR ownership/ratio validation required,1.0,0
NEM,1526,usa,2026,Q2,2026-06-30,2026-07-23,equityusd,35243000000.0,sharesbas -> shares_outstanding,1053692271.0,2026-10-06,116.38999938964844,122639242778.56728,33.092,33.447146733412836,3.479818482494886,3.479818482494886,POSITIVE,1,,1.0,1
NEO,1527,usa,2026,Q2,2026-06-30,2026-07-28,equityusd,785732000.0,sharesbas -> shares_outstanding,128475440.0,2026-10-06,16.510000228881836,2121129543.8056946,6.061,6.115814820326749,2.6995585566143347,2.6995585566143347,POSITIVE,1,,1.0,1
NEOG,1528,usa,2026,Q4,2026-05-31,2026-07-30,equityusd,2092900000.0,sharesbas -> shares_outstanding,218056016.0,2026-10-06,11.960000038146973,2607949959.678177,9.609,9.597992471805961,1.2460939173769299,1.24609391737693,POSITIVE,1,,1.0,1
NEON,1529,usa,2026,Q2,2026-06-30,2026-08-12,equityusd,20760000.0,sharesbas -> shares_outstanding,16782922.0,2026-10-06,0.8899999856948853,14936800.339918375,1.237,1.2369717263775641,0.7194990529825807,0.7194990529825807,POSITIVE,1,,1.0,1
NEOV,1530,usa,2026,Q4,2026-06-30,2026-09-23,,,sharesbas -> shares_outstanding,59013247.0,2026-10-06,2.8499999046325684,168187748.3220582,,,,,MISSING,0,sharefactor missing/nonunit; multi-class ownership validation required,,0
NET,1531,usa,2026,Q2,2026-06-30,2026-08-06,equityusd,1620020000.0,sharesbas -> shares_outstanding,356079715.0,2026-10-06,355.010009765625,126411863099.49097,4.572,4.5495992379122185,78.03105091263748,78.03105091263748,POSITIVE,1,,1.0,1
NEUP,1532,usa,2026,Q4,2026-06-30,2026-09-18,,,sharesbas -> shares_outstanding,5411334.0,2026-10-06,3.450000047683716,18669102.558032513,,,,,MISSING,0,sharefactor missing/nonunit; ADR ownership/ratio validation required,,0
NEXT,1533,usa,2026,Q2,2026-06-30,2026-07-30,equityusd,-57280000.0,sharesbas -> shares_outstanding,266185433.0,2026-10-06,6.829999923706055,1818046487.0816631,-0.216,-0.21518833451716346,,,NEGATIVE,0,multi-class ownership validation required,1.0,0
NFE,1534,usa,2026,Q2,2026-06-30,2026-08-06,,,sharesbas -> shares_outstanding,5712693.0,2026-10-06,5.510000228881836,31476939.737531662,,,,,MISSING,0,sharefactor missing/nonunit,,0
NFG,1535,usa,2026,Q3,2026-06-30,2026-07-30,equityusd,3923679000.0,sharesbas -> shares_outstanding,95045099.0,2026-10-06,78.3499984741211,7446783361.622688,41.287,41.28228642278546,1.8979084072939423,1.8979084072939423,POSITIVE,1,,1.0,1
NFLX,1536,usa,2026,Q2,2026-06-30,2026-07-17,equityusd,30152052000.0,sharesbas -> shares_outstanding,4163939676.0,2026-10-06,68.69000244140625,286021026510.30835,7.197,7.2412317051059985,9.485955599649017,9.485955599649017,POSITIVE,1,,1.0,1
NGL,1537,usa,2027,Q1,2026-06-30,2026-08-04,equityusd,-257117000.0,sharesbas -> shares_outstanding,124814289.0,2026-10-06,15.680000305175781,1957088089.6102982,-2.06,-2.059996512098066,,,NEGATIVE,0,multi-class ownership validation required,1.0,0
NGNE,1538,usa,2026,Q2,2026-06-30,2026-08-11,equityusd,217133000.0,sharesbas -> shares_outstanding,20011382.0,2026-10-06,25.450000762939453,509289687.16747284,9.628,10.850474994680527,2.345519507248888,2.345519507248888,POSITIVE,1,,1.0,1
NGVC,1539,usa,2026,Q3,2026-06-30,2026-08-06,equityusd,239416000.0,sharesbas -> shares_outstanding,23045851.0,2026-10-06,29.84000015258789,687688197.3565178,10.39,10.388681242450104,2.87235689075299,2.87235689075299,POSITIVE,1,,1.0,1
NGVT,1540,usa,2026,Q2,2026-06-30,2026-07-30,equityusd,46900000.0,sharesbas -> shares_outstanding,34377922.0,2026-10-06,72.80000305175781,2502712826.513092,1.364,1.364247670350756,53.36274683396785,53.36274683396785,POSITIVE,1,,1.0,1
NHI,1541,usa,2026,Q2,2026-06-30,2026-08-10,equityusd,1571426000.0,sharesbas -> shares_outstanding,49110434.0,2026-10-06,65.54000091552734,3218697889.321945,32.443,31.997803155231736,2.048265644912293,2.048265644912293,POSITIVE,1,,1.0,1
NI,1542,usa,2026,Q2,2026-06-30,2026-08-05,equityusd,9574600000.0,sharesbas -> shares_outstanding,479560100.0,2026-10-06,40.66999816894531,19503708388.89923,19.96,19.96538077292085,2.0370259215945556,2.0370259215945556,POSITIVE,1,multi-class ownership validation required,1.0,0
NIXX,1543,usa,2026,Q2,2026-06-30,2026-08-12,equityusd,8268000.0,sharesbas -> shares_outstanding,28908839.0,2026-10-06,0.31209999322891235,9022448.456155717,0.295,0.28600249217894913,1.0912492085335894,1.0912492085335894,POSITIVE,1,multi-class ownership validation required,1.0,0
NJR,1544,usa,2026,Q3,2026-06-30,2026-08-04,equityusd,2643460000.0,sharesbas -> shares_outstanding,101467946.0,2026-10-06,51.54999923706055,5230672538.886101,26.149,26.052168238430685,1.978722030553177,1.9787220305531767,POSITIVE,1,,1.0,1
NKE,1545,usa,2027,Q1,2026-08-31,2026-10-02,,,sharesbas -> shares_outstanding,1485308829.0,2026-10-06,34.61000061035156,51406539478.250565,,,,,MISSING,0,sharefactor missing/nonunit,,0
NKTR,1546,usa,2026,Q2,2026-06-30,2026-08-14,equityusd,903121000.0,sharesbas -> shares_outstanding,34142994.0,2026-10-06,39.90999984741211,1362646885.3301926,27.322,26.451136651929236,1.5088198428894828,1.5088198428894828,POSITIVE,1,,1.0,1
NKTX,1547,usa,2026,Q2,2026-06-30,2026-08-10,equityusd,247738000.0,sharesbas -> shares_outstanding,71624791.0,2026-10-06,2.309999942779541,165453263.11159658,3.326,3.4588303371105127,0.6678558118318408,0.6678558118318408,POSITIVE,1,,1.0,1
NLOP,1548,usa,2026,Q2,2026-06-30,2026-08-05,equityusd,163833000.0,sharesbas -> shares_outstanding,14814075.0,2026-10-06,9.65999984741211,143103962.23955154,11.059,11.059279772783654,0.8734745883891007,0.8734745883891007,POSITIVE,1,,1.0,1
NMRA,1549,usa,2026,Q2,2026-06-30,2026-08-14,equityusd,44519000.0,sharesbas -> shares_outstanding,187895912.0,2026-10-06,0.47099998593330383,88498971.9089253,0.24,0.23693437247320207,1.9878921788208472,1.9878921788208472,POSITIVE,1,,1.0,1
NMRK,1550,usa,2026,Q2,2026-06-30,2026-08-07,equityusd,1436575000.0,sharesbas -> shares_outstanding,181228627.0,2026-10-06,12.59000015258789,2281668441.583294,8.044,7.926865770494415,1.588269628514553,1.588269628514553,POSITIVE,1,,1.0,1
NN,1551,usa,2026,Q2,2026-06-30,2026-08-11,equityusd,334500000.0,sharesbas -> shares_outstanding,168809910.0,2026-10-06,13.270000457763672,2240107582.9750443,2.362,1.9815187390361146,6.696883656128683,6.696883656128683,POSITIVE,1,multi-class ownership validation required,1.0,0
NNBR,1552,usa,2026,Q2,2026-06-30,2026-08-05,equityusd,21211000.0,sharesbas -> shares_outstanding,82580864.0,2026-10-06,4.039999961853027,333626687.40979004,0.422,0.256851272469128,15.728946650784499,15.7289466507845,POSITIVE,1,,1.0,1
NNDM,1553,usa,2026,Q2,2026-06-30,2026-08-07,equityusd,481490000.0,sharesbas -> shares_outstanding,210839011.0,2026-10-06,1.5700000524520874,331017258.32894623,2.3,2.2836855367339965,0.687485219483159,0.687485219483159,POSITIVE,1,,1.0,1
NNE,1554,usa,2026,Q3,2026-06-30,2026-08-12,equityusd,616030515.0,sharesbas -> shares_outstanding,53698146.0,2026-10-06,16.489999771118164,885482415.2494698,11.768,11.47210026580806,1.4374002483456032,1.437400248345603,POSITIVE,1,,1.0,1
NNN,1555,usa,2026,Q2,2026-06-30,2026-08-05,equityusd,4460736000.0,sharesbas -> shares_outstanding,191931400.0,2026-10-06,40.5099983215332,7775140691.849518,23.592,23.241303924214588,1.7430174508981295,1.7430174508981293,POSITIVE,1,multi-class ownership validation required,1.0,0
NOC,1556,usa,2026,Q2,2026-06-30,2026-07-21,equityusd,17884000000.0,sharesbas -> shares_outstanding,142063026.0,2026-10-06,483.1099853515625,68632066409.85864,125.855,125.88778729801236,3.8376239325575177,3.8376239325575177,POSITIVE,1,,1.0,1
NOG,1557,usa,2026,Q2,2026-06-30,2026-08-07,equityusd,1995333000.0,sharesbas -> shares_outstanding,106549128.0,2026-10-06,23.90999984741211,2547589634.2218933,18.847,18.726882494993294,1.276774169635792,1.2767741696357917,POSITIVE,1,,1.0,1
NOTE,1558,usa,2025,Q4,2025-12-31,2026-03-24,equityusd,61951000.0,sharesbas -> shares_outstanding,19372449.0,2026-10-06,0.014999999664723873,290586.72850488033,3.795,3.1978920166469402,0.0046905897968536475,0.0046905897968536475,POSITIVE,1,multi-class ownership validation required; fundamentals stale >180 days,1.0,0
NOV,1559,usa,2026,Q2,2026-06-30,2026-07-29,equityusd,6205000000.0,sharesbas -> shares_outstanding,356478125.0,2026-10-06,19.0,6773084375.0,17.284,17.406397657640284,1.0915526792908945,1.0915526792908945,POSITIVE,1,,1.0,1
NOVT,1560,usa,2026,Q2,2026-07-03,2026-08-05,equityusd,1616458000.0,sharesbas -> shares_outstanding,37817770.0,2026-10-06,149.10000610351562,5638629737.82135,39.417,42.74334525806255,3.488262446547544,3.488262446547544,POSITIVE,1,multi-class ownership validation required,1.0,0
NOW,1561,usa,2026,Q2,2026-06-30,2026-07-23,equityusd,12516000000.0,sharesbas -> shares_outstanding,1034000000.0,2026-10-06,137.97000122070312,142660981262.20703,12.136,12.104448742746616,11.398288691451503,11.398288691451505,POSITIVE,1,,1.0,1
NPCE,1562,usa,2026,Q2,2026-06-30,2026-08-11,equityusd,11883000.0,sharesbas -> shares_outstanding,34324274.0,2026-10-06,12.670000076293945,434888554.1987343,0.348,0.34619814537082416,36.59753885371828,36.59753885371828,POSITIVE,1,,1.0,1
NPKI,1563,usa,2026,Q2,2026-06-30,2026-07-30,equityusd,371377000.0,sharesbas -> shares_outstanding,84909894.0,2026-10-06,12.010000228881836,1019767846.3743324,4.374,4.373777689558769,2.745910076214554,2.745910076214554,POSITIVE,1,,1.0,1
NPO,1564,usa,2026,Q2,2026-06-30,2026-08-04,equityusd,1587400000.0,sharesbas -> shares_outstanding,21167681.0,2026-10-06,332.05999755859375,7028940101.181091,74.992,74.99168189467707,4.427957730364805,4.427957730364805,POSITIVE,1,,1.0,1
NPWR,1565,usa,2026,Q2,2026-06-30,2026-08-13,equityusd,83527000.0,sharesbas -> shares_outstanding,224858561.0,2026-10-06,1.309999942779541,294564702.04348993,0.945,0.3714646203752945,3.526580651088749,3.5265806510887487,POSITIVE,1,multi-class ownership validation required,1.0,0
NRDS,1566,usa,2026,Q2,2026-06-30,2026-08-06,equityusd,325800000.0,sharesbas -> shares_outstanding,63923174.0,2026-10-06,8.859999656677246,566359299.6937199,5.005,5.096743162346725,1.7383649468806628,1.7383649468806626,POSITIVE,1,,1.0,1
NRDY,1567,usa,2026,Q2,2026-06-30,2026-08-06,equityusd,17276000.0,sharesbas -> shares_outstanding,12773992.0,2026-10-06,6.75,86224446.0,2.051,1.352435479840601,4.990995948136143,4.990995948136143,POSITIVE,1,multi-class ownership validation required,1.0,0
NRG,1568,usa,2026,Q2,2026-06-30,2026-08-04,equityusd,4855000000.0,sharesbas -> shares_outstanding,210210483.0,2026-10-06,103.5999984741211,21777805718.04426,23.009,23.095898599880957,4.485644844087386,4.4856448440873855,POSITIVE,1,,1.0,1
NRGV,1569,usa,2026,Q2,2026-06-30,2026-08-11,equityusd,6888000.0,sharesbas -> shares_outstanding,181839570.0,2026-10-06,3.880000114440918,705537552.4098873,0.039,0.03787954403983687,102.42995824766076,102.42995824766076,POSITIVE,1,multi-class ownership validation required,1.0,0
NRIX,1570,usa,2026,Q2,2026-05-31,2026-07-09,equityusd,402627000.0,sharesbas -> shares_outstanding,103781683.0,2026-10-06,22.600000381469727,2345466075.38957,3.625,3.8795574359687346,5.825406829123656,5.825406829123656,POSITIVE,1,,1.0,1
NRXP,1571,usa,2026,Q2,2026-06-30,2026-08-14,equityusd,-170000.0,sharesbas -> shares_outstanding,43295767.0,2026-10-06,2.940000057220459,127289557.45740366,-0.005,-0.0039264808497329546,,,NEGATIVE,0,multi-class ownership validation required,1.0,0
NSC,1572,usa,2026,Q2,2026-06-30,2026-07-23,equityusd,16253000000.0,sharesbas -> shares_outstanding,224608373.0,2026-10-06,316.30999755859375,71045873915.26971,72.362,72.3615054190344,4.371246779995675,4.371246779995675,POSITIVE,1,,1.0,1
NSIT,1573,usa,2026,Q2,2026-06-30,2026-08-06,equityusd,1605025000.0,sharesbas -> shares_outstanding,29348850.0,2026-10-06,159.49000549316406,4680848247.718048,53.444,54.68783274302059,2.9163709273799774,2.9163709273799774,POSITIVE,1,,1.0,1
NSP,1574,usa,2026,Q2,2026-06-30,2026-07-29,equityusd,61000000.0,sharesbas -> shares_outstanding,38195270.0,2026-10-06,46.41999816894531,1773024363.4623718,1.597,1.5970563894429861,29.06597317151429,29.065973171514294,POSITIVE,1,,1.0,1
NSSC,1575,usa,2026,Q4,2026-06-30,2026-08-24,equityusd,191002000.0,sharesbas -> shares_outstanding,35768437.0,2026-10-06,36.63999938964844,1310555509.8486786,5.352,5.339959361377742,6.861475324073457,6.861475324073457,POSITIVE,1,,1.0,1
NTAP,1576,usa,2027,Q1,2026-07-31,2026-09-02,equityusd,1495000000.0,sharesbas -> shares_outstanding,196419005.0,2026-10-06,228.4499969482422,44871921092.82677,7.628,7.611279774072779,30.014662938345662,30.014662938345662,POSITIVE,1,,1.0,1
NTCT,1577,usa,2027,Q1,2026-06-30,2026-08-06,equityusd,1663024000.0,sharesbas -> shares_outstanding,72707312.0,2026-10-06,40.9900016784668,2980272840.916809,23.158,22.872857684520092,1.7920804756376392,1.7920804756376392,POSITIVE,1,,1.0,1
NTGR,1578,usa,2026,Q2,2026-06-28,2026-08-06,equityusd,456425000.0,sharesbas -> shares_outstanding,27179021.0,2026-10-06,23.040000915527344,626204668.7231369,16.879,16.793283319513236,1.3719771456934589,1.3719771456934586,POSITIVE,1,,1.0,1
NTLA,1579,usa,2026,Q2,2026-06-30,2026-08-06,equityusd,727706000.0,sharesbas -> shares_outstanding,140126693.0,2026-10-06,12.369999885559082,1733367176.3737726,5.452,5.193200413285997,2.3819608143587834,2.381960814358783,POSITIVE,1,,1.0,1
NTNX,1580,usa,2026,Q4,2026-07-31,2026-09-18,,,sharesbas -> shares_outstanding,270570179.0,2026-10-06,73.41000366210938,19862557831.24759,,,,,MISSING,0,sharefactor missing/nonunit,,0
NTRA,1581,usa,2026,Q2,2026-06-30,2026-08-07,equityusd,1821499000.0,sharesbas -> shares_outstanding,144144170.0,2026-10-06,400.6499938964844,57751360830.713806,12.713,12.636647045801435,31.705403533416053,31.705403533416053,POSITIVE,1,,1.0,1
NTST,1582,usa,2026,Q2,2026-06-30,2026-07-22,equityusd,1572420000.0,sharesbas -> shares_outstanding,101527998.0,2026-10-06,17.639999389648438,1790953822.7522278,16.152,15.48755053753744,1.1389792948145074,1.1389792948145074,POSITIVE,1,,1.0,1
NUAI,1583,usa,2026,Q2,2026-06-30,2026-08-14,equityusd,138584967.0,sharesbas -> shares_outstanding,106559339.0,2026-10-06,5.860000133514404,624437740.7672067,1.412,1.3005426675929361,4.50581151970983,4.50581151970983,POSITIVE,1,multi-class ownership validation required,1.0,0
NUE,1584,usa,2026,Q2,2026-07-04,2026-08-12,equityusd,22109000000.0,sharesbas -> shares_outstanding,226875676.0,2026-10-06,251.07000732421875,56961677635.00708,96.884,97.44984737808561,2.5764022631058427,2.5764022631058427,POSITIVE,1,,1.0,1
NUS,1585,usa,2026,Q2,2026-06-30,2026-08-10,equityusd,542739000.0,sharesbas -> shares_outstanding,48676634.0,2026-10-06,4.739999771118164,230727234.01880264,11.168,11.14988764424426,0.4251163708869321,0.4251163708869321,POSITIVE,1,,1.0,1
NUTX,1586,usa,2026,Q2,2026-06-30,2026-08-06,equityusd,394316000.0,sharesbas -> shares_outstanding,6847973.0,2026-10-06,218.39999389648438,1495597261.4032898,57.581,57.581418618326914,3.792890122143889,3.792890122143889,POSITIVE,1,,1.0,1
NUVB,1587,usa,2026,Q2,2026-06-30,2026-08-06,equityusd,253864000.0,sharesbas -> shares_outstanding,351123233.0,2026-10-06,4.880000114440918,1713481417.222865,0.728,0.7230054184423621,6.749603792671923,6.749603792671923,POSITIVE,1,multi-class ownership validation required,1.0,0
NUWE,1588,usa,2026,Q2,2026-06-30,2026-08-13,equityusd,-2055000.0,sharesbas -> shares_outstanding,3647264.0,2026-10-06,0.699999988079071,2553084.756521225,-11.338,-0.5634360441141634,,,NEGATIVE,0,,1.0,0
NVAX,1589,usa,2026,Q2,2026-06-30,2026-08-06,equityusd,-190707000.0,sharesbas -> shares_outstanding,164945726.0,2026-10-06,11.319999694824219,1867185567.9825592,-1.159,-1.1561803062420666,,,NEGATIVE,0,,1.0,0
NVCR,1590,usa,2026,Q2,2026-06-30,2026-07-23,equityusd,338092000.0,sharesbas -> shares_outstanding,116445840.0,2026-10-06,14.970000267028809,1743194255.894394,2.914,2.9034270352637757,5.155976053542805,5.155976053542805,POSITIVE,1,,1.0,1
NVCT,1591,usa,2026,Q2,2026-06-30,2026-08-04,equityusd,9082000.0,sharesbas -> shares_outstanding,32581533.0,2026-10-06,20.030000686645508,652608128.3619633,0.387,0.2787468594556309,71.85731428781803,71.85731428781803,POSITIVE,1,,1.0,1
NVDA,1592,usa,2027,Q2,2026-07-26,2026-08-26,equityusd,228984000000.0,sharesbas -> shares_outstanding,24100000000.0,2026-10-06,239.24000549316406,5765684132385.254,9.466,9.501410788381742,25.179419227479887,25.179419227479883,POSITIVE,1,,1.0,1
NVRI,1593,usa,2026,Q2,2026-06-30,2026-08-11,equityusd,639081000.0,sharesbas -> shares_outstanding,28190119.0,2026-10-06,19.940000534057617,562110987.9151478,22.925,22.67039028817154,0.8795614138350972,0.8795614138350972,POSITIVE,1,,1.0,1
NVST,1594,usa,2026,Q2,2026-07-03,2026-08-05,equityusd,3076300000.0,sharesbas -> shares_outstanding,160617709.0,2026-10-06,23.270000457763672,3737574161.9549522,19.001,19.152931635950555,1.2149576315557495,1.2149576315557495,POSITIVE,1,,1.0,1
NVT,1595,usa,2026,Q2,2026-06-30,2026-07-31,equityusd,3986900000.0,sharesbas -> shares_outstanding,161857939.0,2026-10-06,173.8000030517578,28130910292.15123,24.641,24.632094197121834,7.055835434084434,7.055835434084434,POSITIVE,1,,1.0,1
NVTS,1596,usa,2026,Q2,2026-06-30,2026-07-27,equityusd,801412000.0,sharesbas -> shares_outstanding,261093488.0,2026-10-06,11.970000267028809,3125289121.079483,3.33,3.0694446121153356,3.899728380757317,3.8997283807573173,POSITIVE,1,multi-class ownership validation required,1.0,0
NWE,1597,usa,2026,Q2,2026-06-30,2026-07-30,equityusd,2895337000.0,sharesbas -> shares_outstanding,61517850.0,2026-10-06,68.91999816894531,4239810109.3574524,47.072,47.06499008011496,1.4643580727761405,1.4643580727761405,POSITIVE,1,,1.0,1
NWL,1598,usa,2026,Q2,2026-06-30,2026-07-31,equityusd,2451000000.0,sharesbas -> shares_outstanding,425900000.0,2026-10-06,5.550000190734863,2363745081.2339783,5.764,5.754872035689129,0.9644002779412396,0.9644002779412396,POSITIVE,1,,1.0,1
NWN,1599,usa,2026,Q2,2026-06-30,2026-08-05,equityusd,1566080000.0,sharesbas -> shares_outstanding,42093538.0,2026-10-06,47.459999084472656,1997759274.942215,37.211,37.20476050266908,1.2756431823037233,1.2756431823037233,POSITIVE,1,,1.0,1
"NWS,NWSA",1600,usa,2026,Q4,2026-06-30,2026-08-07,equityusd,8526000000.0,sharesbas -> shares_outstanding,541052638.0,,,,15.758,15.758171019212368,,,POSITIVE,0,multi-class ownership validation required,1.0,0
NWTG,1601,usa,2026,Q2,2026-06-30,2026-08-14,equityusd,-3499000.0,sharesbas -> shares_outstanding,5422276.0,2026-10-06,1.1699999570846558,6344062.687301159,-0.76,-0.6453009769329336,,,NEGATIVE,0,,1.0,0
NX,1602,usa,2026,Q3,2026-07-31,2026-09-04,equityusd,745444000.0,sharesbas -> shares_outstanding,45826208.0,2026-10-06,18.850000381469727,863824038.281311,16.397,16.266761587605068,1.1588047368834022,1.1588047368834025,POSITIVE,1,,1.0,1
NXDR,1603,usa,2026,Q2,2026-06-30,2026-08-04,equityusd,410626000.0,sharesbas -> shares_outstanding,386848402.0,2026-10-06,2.4200000762939453,936173162.3541908,1.078,1.0614648991105307,2.2798682069673886,2.2798682069673886,POSITIVE,1,,1.0,1
NXDT,1604,usa,2026,Q2,2026-06-30,2026-08-14,equityusd,672998000.0,sharesbas -> shares_outstanding,53106027.0,2026-10-06,5.179999828338623,275089210.7437463,13.004,12.672723568645043,0.40875189932770417,0.4087518993277042,POSITIVE,1,multi-class ownership validation required,1.0,0
NXPI,1605,usa,2026,Q2,2026-06-28,2026-07-28,equityusd,11399000000.0,sharesbas -> shares_outstanding,252164174.0,2026-10-06,244.3800048828125,61623882073.39038,45.16,45.2046768546907,5.406077908008631,5.406077908008631,POSITIVE,1,,1.0,1
NXRT,1606,usa,2026,Q2,2026-06-30,2026-08-05,equityusd,247861000.0,sharesbas -> shares_outstanding,25549813.0,2026-10-06,20.18000030517578,515595234.13718414,9.714,9.701088614621172,2.0801789476246126,2.0801789476246126,POSITIVE,1,,1.0,1
NXST,1607,usa,2026,Q2,2026-06-30,2026-08-07,equityusd,2265000000.0,sharesbas -> shares_outstanding,30808301.0,2026-10-06,157.36000061035156,4847994264.163895,73.983,73.51914667413824,2.1403948186154063,2.140394818615406,POSITIVE,1,,1.0,1
NXT,1608,usa,2027,Q1,2026-07-03,2026-08-03,equityusd,2557103000.0,sharesbas -> shares_outstanding,151729520.0,2026-10-06,88.08999633789062,13365852861.149902,16.959,16.85303558595585,5.226951304327554,5.226951304327555,POSITIVE,1,,1.0,1
NXXT,1609,usa,2026,Q2,2026-06-30,2026-08-13,,,sharesbas -> shares_outstanding,16822174.0,2026-10-06,0.652999997138977,10984879.573871374,,,,,MISSING,0,sharefactor missing/nonunit,,0
NYT,1610,usa,2026,Q2,2026-06-30,2026-08-05,equityusd,2047536000.0,sharesbas -> shares_outstanding,161283586.0,2026-10-06,64.06999969482422,10333439305.800156,12.636,12.695253440111383,5.046768069425961,5.046768069425961,POSITIVE,1,,1.0,1
O,1611,usa,2026,Q2,2026-06-30,2026-08-06,equityusd,39549557000.0,sharesbas -> shares_outstanding,946218033.0,2026-10-06,54.25,51332328290.25,42.421,41.797509263914016,1.2979242293472466,1.2979242293472466,POSITIVE,1,multi-class ownership validation required,1.0,0
OABI,1612,usa,2026,Q2,2026-06-30,2026-08-06,equityusd,260274000.0,sharesbas -> shares_outstanding,145390398.0,2026-10-06,4.349999904632568,632448217.4344912,2.021,1.7901732410141693,2.4299323690975325,2.4299323690975325,POSITIVE,1,multi-class ownership validation required,1.0,0
OBIO,1613,usa,2026,Q2,2026-06-30,2026-08-10,equityusd,19323000.0,sharesbas -> shares_outstanding,60105049.0,2026-10-06,5.840000152587891,351013495.33130264,0.303,0.32148713496598263,18.16557963728731,18.16557963728731,POSITIVE,1,,1.0,1
OC,1614,usa,2026,Q2,2026-06-30,2026-08-05,equityusd,3772000000.0,sharesbas -> shares_outstanding,79048683.0,2026-10-06,119.77999877929688,9468451153.245026,47.717,47.717430029795686,2.510193837021481,2.5101938370214807,POSITIVE,1,,1.0,1
OCC,1615,usa,2026,Q3,2026-07-31,2026-09-09,,,sharesbas -> shares_outstanding,8842024.0,2026-10-06,16.729999542236328,147927057.47244263,,,,,MISSING,0,sharefactor missing/nonunit,,0
OCGN,1616,usa,2026,Q2,2026-06-30,2026-08-06,equityusd,-16556000.0,sharesbas -> shares_outstanding,339110401.0,2026-10-06,1.0399999618530273,352674804.1039648,-0.049,-0.048821858460189195,,,NEGATIVE,0,,1.0,0
OCUL,1617,usa,2026,Q2,2026-06-30,2026-08-03,equityusd,520041000.0,sharesbas -> shares_outstanding,219615868.0,2026-10-06,7.340000152587891,1611980504.630722,2.312,2.3679573098971156,3.099718108054407,3.0997181080544074,POSITIVE,1,,1.0,1
ODFL,1618,usa,2026,Q2,2026-06-30,2026-08-05,equityusd,4547352000.0,sharesbas -> shares_outstanding,207356622.0,2026-10-06,178.02000427246094,36913626734.36307,21.898,21.930102622910205,8.117609266747564,8.117609266747564,POSITIVE,1,,1.0,1
OEC,1619,usa,2026,Q2,2026-06-30,2026-08-05,equityusd,380300000.0,sharesbas -> shares_outstanding,56522699.0,2026-10-06,5.71999979019165,323309826.4210658,6.756,6.72827035382723,0.8501441662399837,0.8501441662399837,POSITIVE,1,,1.0,1
OFIX,1620,usa,2026,Q2,2026-06-30,2026-08-05,equityusd,429180000.0,sharesbas -> shares_outstanding,40732608.0,2026-10-06,9.40999984741211,383293835.06469727,10.492,10.536521501397603,0.8930841023922299,0.89308410239223,POSITIVE,1,,1.0,1
OGE,1621,usa,2026,Q2,2026-06-30,2026-07-29,equityusd,4981200000.0,sharesbas -> shares_outstanding,206581287.0,2026-10-06,45.84000015258789,9469686227.601803,24.122,24.112542197493426,1.9010853263474268,1.901085326347427,POSITIVE,1,,1.0,1
OGN,1622,usa,2026,Q2,2026-06-30,2026-07-31,equityusd,1006000000.0,sharesbas -> shares_outstanding,262609433.0,2026-10-06,13.739999771118164,3608253549.313471,3.831,3.830783945982626,3.5867331504110047,3.5867331504110047,POSITIVE,1,,1.0,1
OGS,1623,usa,2026,Q2,2026-06-30,2026-08-05,equityusd,3537886000.0,sharesbas -> shares_outstanding,62856270.0,2026-10-06,73.1500015258789,4597936246.4110565,56.193,56.28533159858197,1.2996281526343858,1.2996281526343858,POSITIVE,1,,1.0,1
OHI,1624,usa,2026,Q2,2026-06-30,2026-07-30,equityusd,5390533000.0,sharesbas -> shares_outstanding,303013000.0,2026-10-06,44.77000045776367,13565892148.708344,17.79,17.78977469613515,2.5166142473681807,2.516614247368181,POSITIVE,1,,1.0,1
OI,1625,usa,2026,Q2,2026-06-30,2026-07-29,equityusd,539000000.0,sharesbas -> shares_outstanding,153659747.0,2026-10-06,5.75,883543545.25,3.511,3.5077501461719836,1.6392273566790352,1.6392273566790352,POSITIVE,1,,1.0,1
OII,1626,usa,2026,Q2,2026-06-30,2026-07-23,equityusd,1164156000.0,sharesbas -> shares_outstanding,99529645.0,2026-10-06,44.970001220703125,4475848257.146149,11.68,11.696575427351318,3.8447151903577774,3.8447151903577774,POSITIVE,1,,1.0,1
OIS,1627,usa,2026,Q2,2026-06-30,2026-07-30,equityusd,581376000.0,sharesbas -> shares_outstanding,60322619.0,2026-10-06,8.279999732971191,499471269.2121229,9.942,9.637777829241797,0.8591191745309799,0.8591191745309799,POSITIVE,1,,1.0,1
OKE,1628,usa,2026,Q2,2026-06-30,2026-08-04,equityusd,22937000000.0,sharesbas -> shares_outstanding,630369667.0,2026-10-06,89.2300033569336,56247887502.51911,36.356,36.38658584122513,2.4522774339503473,2.4522774339503473,POSITIVE,1,,1.0,1
OKLO,1629,usa,2026,Q2,2026-06-30,2026-08-07,equityusd,3273557000.0,sharesbas -> shares_outstanding,186017650.0,2026-10-06,38.54999923706055,7170980265.579796,18.576,17.598098890078443,2.1905774866849104,2.1905774866849104,POSITIVE,1,,1.0,1
OKTA,1630,usa,2027,Q2,2026-07-31,2026-08-27,equityusd,6973000000.0,sharesbas -> shares_outstanding,174820928.0,2026-10-06,218.6699981689453,38228092005.65332,40.006,39.88652891717861,5.48230202289593,5.48230202289593,POSITIVE,1,,1.0,1
OLB,1631,usa,2026,Q2,2026-06-30,2026-08-14,equityusd,7142171.0,sharesbas -> shares_outstanding,24020313.0,2026-10-06,0.4099999964237213,9848328.244096667,0.509,0.297338798208,1.378898411154909,1.378898411154909,POSITIVE,1,,1.0,1
OLED,1632,usa,2026,Q2,2026-06-30,2026-07-30,equityusd,1683965000.0,sharesbas -> shares_outstanding,45966835.0,2026-10-06,79.66000366210938,3661718244.4355774,36.095,36.634347350649655,2.1744622034517214,2.174462203451721,POSITIVE,1,,1.0,1
OLLI,1633,usa,2027,Q2,2026-08-01,2026-09-02,equityusd,1895599000.0,sharesbas -> shares_outstanding,59402403.0,2026-10-06,87.75,5212560863.25,31.542,31.911150126367783,2.749822543296341,2.749822543296341,POSITIVE,1,,1.0,1
OLMA,1634,usa,2026,Q2,2026-06-30,2026-08-10,equityusd,430564000.0,sharesbas -> shares_outstanding,87497607.0,2026-10-06,7.920000076293945,692981054.1155376,4.122,4.920866007226918,1.6094728173176058,1.6094728173176058,POSITIVE,1,,1.0,1
OLN,1635,usa,2026,Q2,2026-06-30,2026-07-31,equityusd,1711400000.0,sharesbas -> shares_outstanding,113982490.0,2026-10-06,16.209999084472656,1847656058.5459137,15.025,15.01458688961787,1.0796167223009896,1.0796167223009896,POSITIVE,1,,1.0,1
OM,1636,usa,2026,Q2,2026-06-30,2026-08-06,equityusd,96337000.0,sharesbas -> shares_outstanding,18797164.0,2026-10-06,4.139999866485596,77820256.45030785,5.174,5.1250816346551,0.8077919849103444,0.8077919849103444,POSITIVE,1,,1.0,1
OMC,1637,usa,2026,Q2,2026-06-30,2026-07-29,equityusd,9661800000.0,sharesbas -> shares_outstanding,274345967.0,2026-10-06,75.0999984741211,20603381703.081276,34.519,35.21757620734407,2.1324578963631287,2.1324578963631287,POSITIVE,1,,1.0,1
OMCL,1638,usa,2026,Q2,2026-06-30,2026-08-05,equityusd,1291605000.0,sharesbas -> shares_outstanding,45614884.0,2026-10-06,35.459999084472656,1617503744.8783264,28.319,28.31542879731975,1.2523207519933157,1.2523207519933157,POSITIVE,1,,1.0,1
OMER,1639,usa,2026,Q2,2026-06-30,2026-08-12,equityusd,-51349000.0,sharesbas -> shares_outstanding,72388316.0,2026-10-06,18.510000228881836,1339907745.7283707,-0.712,-0.7093548080328322,,,NEGATIVE,0,,1.0,0
OMEX,1640,usa,2026,Q2,2026-06-30,2026-08-11,equityusd,-41741820.0,sharesbas -> shares_outstanding,58691389.0,2026-10-06,0.6759999990463257,39675378.90802753,-0.712,-0.7112085897302584,,,NEGATIVE,0,,1.0,0
ON,1641,usa,2026,Q2,2026-07-03,2026-08-03,equityusd,7218700000.0,sharesbas -> shares_outstanding,389311721.0,2026-10-06,86.30999755859375,33601493689.04193,18.495,18.54221080592639,4.65478461344036,4.654784613440361,POSITIVE,1,,1.0,1
ONC,1642,usa,2026,Q2,2026-06-30,2026-08-05,equityusd,5173998000.0,sharesbas -> shares_outstanding,1478124405.0,2026-10-06,362.7799987792969,536233969841.54895,46.386,3.5003806056500366,103.64015792846246,103.64015792846247,POSITIVE,1,sharefactor missing/nonunit,0.077,0
ONCO,1643,usa,2026,Q2,2026-06-30,2026-08-13,equityusd,13468509.0,sharesbas -> shares_outstanding,3949107.0,2026-10-06,0.6610000133514404,2610359.779726267,6.005,3.4105201505049116,0.1938120826682647,0.1938120826682647,POSITIVE,1,,1.0,1
ONCY,1644,usa,2026,Q2,2026-06-30,2026-08-12,equityusd,-6167000.0,sharesbas -> shares_outstanding,127510505.0,2026-10-06,0.6000000238418579,76506306.04008734,-0.052,-0.04836464258376202,,,NEGATIVE,0,,1.0,0
ONDS,1645,usa,2026,Q2,2026-06-30,2026-08-13,equityusd,1569992000.0,sharesbas -> shares_outstanding,570552341.0,2026-10-06,7.409999847412109,4227792759.750622,3.136,2.751705474117054,2.692875352072254,2.692875352072254,POSITIVE,1,,1.0,1
ONEW,1646,usa,2026,Q3,2026-06-30,2026-07-31,equityusd,286051000.0,sharesbas -> shares_outstanding,16665619.0,2026-10-06,9.720000267028809,161989821.1302004,17.213,17.16413893777363,0.5662969929495103,0.5662969929495103,POSITIVE,1,,1.0,1
ONL,1647,usa,2026,Q2,2026-06-30,2026-08-06,equityusd,632752000.0,sharesbas -> shares_outstanding,57044714.0,2026-10-06,2.3299999237060547,132914179.26783371,11.111,11.09221092772943,0.2100573040746354,0.2100573040746354,POSITIVE,1,,1.0,1
ONTO,1648,usa,2026,Q2,2026-06-30,2026-08-06,equityusd,1922658000.0,sharesbas -> shares_outstanding,49074247.0,2026-10-06,313.7099914550781,15395081607.034393,38.911,39.17855326440363,8.007186721213232,8.007186721213234,POSITIVE,1,,1.0,1
OOMA,1649,usa,2027,Q2,2026-07-31,2026-09-04,equityusd,98385000.0,sharesbas -> shares_outstanding,27600000.0,2026-10-06,19.860000610351562,548136016.8457031,3.571,3.564673913043478,5.571337265291489,5.571337265291489,POSITIVE,1,,1.0,1
OPAD,1650,usa,2026,Q2,2026-06-30,2026-08-03,equityusd,37306000.0,sharesbas -> shares_outstanding,4832749.0,2026-10-06,3.069999933242798,14836539.107379198,7.78,7.71941600939755,0.3976984696129094,0.3976984696129094,POSITIVE,1,multi-class ownership validation required,1.0,0
OPCH,1651,usa,2026,Q2,2026-06-30,2026-07-29,equityusd,1259898000.0,sharesbas -> shares_outstanding,149785243.0,2026-10-06,31.0,4643342533.0,8.238,8.411362660071926,3.6854908357660703,3.68549083576607,POSITIVE,1,,1.0,1
OPEN,1652,usa,2026,Q2,2026-06-30,2026-08-04,equityusd,914000000.0,sharesbas -> shares_outstanding,971091050.0,2026-10-06,2.2699999809265137,2204376664.977908,0.946,0.9412093747543034,2.4117906619014313,2.4117906619014313,POSITIVE,1,multi-class ownership validation required,1.0,0
OPK,1653,usa,2026,Q2,2026-06-30,2026-08-28,equityusd,1184166000.0,sharesbas -> shares_outstanding,746328225.0,2026-10-06,1.4600000381469727,1089639236.9701624,1.568,1.5866557907547982,0.920174398665527,0.920174398665527,POSITIVE,1,,1.0,1
OPRX,1654,usa,2026,Q2,2026-06-30,2026-08-13,equityusd,131082000.0,sharesbas -> shares_outstanding,18835951.0,2026-10-06,8.8100004196167,165944736.2138796,6.978,6.959138935963467,1.265961277779402,1.265961277779402,POSITIVE,1,,1.0,1
OPTX,1655,usa,2026,Q2,2026-06-30,2026-08-10,equityusd,30475179.0,sharesbas -> shares_outstanding,40279878.0,2026-10-06,9.819999694824219,395548389.66755676,0.778,0.7565856828066858,12.979362308833583,12.979362308833585,POSITIVE,1,multi-class ownership validation required,1.0,0
ORA,1656,usa,2026,Q2,2026-06-30,2026-08-06,equityusd,2597579000.0,sharesbas -> shares_outstanding,61496941.0,2026-10-06,93.06999969482422,5723520280.102623,42.248,42.239157879413874,2.20340566354387,2.20340566354387,POSITIVE,1,,1.0,1
ORBS,1657,usa,2026,Q2,2026-06-30,2026-08-07,equityusd,394489140.0,sharesbas -> shares_outstanding,429777400.0,2026-10-06,1.059999942779541,455564019.4079399,0.989,0.9178917737414763,1.1548201793538346,1.1548201793538344,POSITIVE,1,,1.0,1
ORCL,1658,usa,2027,Q1,2026-08-31,2026-09-11,,,sharesbas -> shares_outstanding,3023736000.0,2026-10-06,144.77000427246094,437746273638.79395,,,,,MISSING,0,sharefactor missing/nonunit; multi-class ownership validation required,,0
ORGO,1659,usa,2026,Q2,2026-06-30,2026-08-06,equityusd,148268000.0,sharesbas -> shares_outstanding,128674548.0,2026-10-06,1.340000033378601,172423898.6149764,1.152,1.152271387811675,1.1629205129561093,1.1629205129561093,POSITIVE,1,multi-class ownership validation required,1.0,0
ORIC,1660,usa,2026,Q2,2026-06-30,2026-08-03,equityusd,381256000.0,sharesbas -> shares_outstanding,103652656.0,2026-10-06,11.979999542236328,1241758771.4315796,3.53,3.678207724845951,3.2570209293272225,3.2570209293272225,POSITIVE,1,,1.0,1
ORKA,1661,usa,2026,Q2,2026-06-30,2026-08-10,equityusd,1114549000.0,sharesbas -> shares_outstanding,66209699.0,2026-10-06,80.18000030517578,5308693686.025597,17.727,16.833621309772152,4.763086850399217,4.763086850399216,POSITIVE,1,,1.0,1
ORLY,1662,usa,2026,Q2,2026-06-30,2026-08-07,equityusd,-1835725000.0,sharesbas -> shares_outstanding,808960792.0,2026-10-06,85.13999938964844,68874921337.12952,-2.225,-2.2692385318966113,,,NEGATIVE,0,,1.0,0
ORN,1663,usa,2026,Q2,2026-06-30,2026-07-29,equityusd,164457000.0,sharesbas -> shares_outstanding,40495290.0,2026-10-06,9.359999656677246,379035900.4970455,4.063,4.0611389620867016,2.3047720711009294,2.3047720711009294,POSITIVE,1,,1.0,1
OSIS,1664,usa,2026,Q4,2026-06-30,2026-08-21,equityusd,832961000.0,sharesbas -> shares_outstanding,15941968.0,2026-10-06,198.55999755859375,3165437127.1591797,51.36,52.24957169654336,3.8002224920004415,3.8002224920004415,POSITIVE,1,,1.0,1
OSK,1665,usa,2026,Q2,2026-06-30,2026-07-28,equityusd,4527300000.0,sharesbas -> shares_outstanding,61739749.0,2026-10-06,132.1300048828125,8157673336.833618,73.329,73.32877236025044,1.8018848622431953,1.8018848622431953,POSITIVE,1,,1.0,1
OSPN,1666,usa,2026,Q2,2026-06-30,2026-08-04,equityusd,273480000.0,sharesbas -> shares_outstanding,36852173.0,2026-10-06,18.3799991607666,677342908.8124256,7.349,7.421000655782225,2.4767548223359133,2.4767548223359133,POSITIVE,1,,1.0,1
OSS,1667,usa,2026,Q2,2026-06-30,2026-08-05,equityusd,38627469.0,sharesbas -> shares_outstanding,24940130.0,2026-10-06,8.34000015258789,208000688.00556183,1.555,1.5488078450272713,5.384786872926151,5.384786872926151,POSITIVE,1,,1.0,1
OSUR,1668,usa,2026,Q2,2026-06-30,2026-08-07,equityusd,317777000.0,sharesbas -> shares_outstanding,68968627.0,2026-10-06,3.7699999809265137,260011722.47452784,4.605,4.607558738265154,0.8182207097257757,0.8182207097257758,POSITIVE,1,,1.0,1
OSW,1669,usa,2026,Q2,2026-06-30,2026-07-30,equityusd,582204000.0,sharesbas -> shares_outstanding,101498712.0,2026-10-06,23.280000686645508,2362890085.0536346,5.705,5.736072788785734,4.0585260236165235,4.0585260236165235,POSITIVE,1,,1.0,1
OTEX,1670,usa,2026,Q4,2026-06-30,2026-08-06,equityusd,4014104000.0,sharesbas -> shares_outstanding,242126739.0,2026-10-06,22.709999084472656,5498698021.01635,16.548,16.578524191828315,1.369844433780577,1.369844433780577,POSITIVE,1,,1.0,1
OTIS,1671,usa,2026,Q2,2026-06-30,2026-07-23,equityusd,-5748000000.0,sharesbas -> shares_outstanding,380669339.0,2026-10-06,66.44999694824219,25295476414.83937,-15.024,-15.099718866509498,,,NEGATIVE,0,,1.0,0
OTTR,1672,usa,2026,Q2,2026-06-30,2026-08-05,equityusd,1876871000.0,sharesbas -> shares_outstanding,41985580.0,2026-10-06,89.19999694824219,3745113607.870178,44.735,44.70275270700083,1.9954027782784103,1.9954027782784103,POSITIVE,1,,1.0,1
OUST,1673,usa,2026,Q2,2026-06-30,2026-08-06,equityusd,371308000.0,sharesbas -> shares_outstanding,72112333.0,2026-10-06,44.90999984741211,3238564864.026531,5.627,5.1490221513149494,8.72204440525529,8.72204440525529,POSITIVE,1,multi-class ownership validation required,1.0,0
OUT,1674,usa,2026,Q2,2026-06-30,2026-08-06,equityusd,691900000.0,sharesbas -> shares_outstanding,176135251.0,2026-10-06,29.06999969482422,5120251692.817787,3.929,3.928231265869658,7.400277052778996,7.400277052778995,POSITIVE,1,,1.0,1
OVID,1675,usa,2026,Q2,2026-06-30,2026-08-13,equityusd,209890000.0,sharesbas -> shares_outstanding,195297857.0,2026-10-06,2.369999885559082,462855898.73993397,1.063,1.0747173738829094,2.2052308291959313,2.205230829195931,POSITIVE,1,,1.0,1
OVV,1676,usa,2026,Q2,2026-06-30,2026-07-23,equityusd,11499000000.0,sharesbas -> shares_outstanding,275503580.0,2026-10-06,61.47999954223633,16937959972.28447,41.068,41.73811461905504,1.4729941709961274,1.4729941709961274,POSITIVE,1,,1.0,1
OXM,1677,usa,2027,Q2,2026-08-01,2026-09-04,equityusd,564476000.0,sharesbas -> shares_outstanding,14978274.0,2026-10-06,25.489999771118164,381796200.83174515,37.785,37.6863181966093,0.6763727790583571,0.676372779058357,POSITIVE,1,,1.0,1
OXY,1678,usa,2026,Q2,2026-06-30,2026-08-05,equityusd,41746000000.0,sharesbas -> shares_outstanding,999637371.0,2026-10-06,58.33000183105469,58308849680.820694,41.761,41.761143801815706,1.3967529746759137,1.3967529746759137,POSITIVE,1,multi-class ownership validation required,1.0,0
PAA,1679,usa,2026,Q2,2026-06-30,2026-08-10,equityusd,11079000000.0,sharesbas -> shares_outstanding,705566460.0,2026-10-06,24.059999465942383,16975928650.786858,15.693,15.702277004493666,1.5322618152167937,1.5322618152167937,POSITIVE,1,,1.0,1
PACB,1680,usa,2026,Q2,2026-06-30,2026-08-06,equityusd,-33213000.0,sharesbas -> shares_outstanding,310830759.0,2026-10-06,2.700000047683716,839243064.1215656,-0.107,-0.1068523594860829,,,NEGATIVE,0,,1.0,0
PACK,1681,usa,2026,Q2,2026-06-30,2026-07-30,equityusd,519900000.0,sharesbas -> shares_outstanding,85758289.0,2026-10-06,3.9700000286102295,340460409.7835643,6.071,6.06238774190096,0.6548574914090486,0.6548574914090485,POSITIVE,1,multi-class ownership validation required,1.0,0
PACS,1682,usa,2026,Q2,2026-06-30,2026-08-04,equityusd,1110400000.0,sharesbas -> shares_outstanding,158335612.0,2026-10-06,42.810001373291016,6778347767.160873,7.023,7.012951704130844,6.104419819129029,6.104419819129029,POSITIVE,1,,1.0,1
PAG,1683,usa,2026,Q2,2026-06-30,2026-07-30,equityusd,5815300000.0,sharesbas -> shares_outstanding,65662873.0,2026-10-06,199.00999450683594,13067567995.033066,88.513,88.56298444327894,2.2471012664923675,2.2471012664923675,POSITIVE,1,,1.0,1
PAGP,1684,usa,2026,Q2,2026-06-30,2026-08-10,equityusd,1580000000.0,sharesbas -> shares_outstanding,197904124.0,2026-10-06,26.239999771118164,5193004168.463341,7.98,7.983663847247569,3.286711499027431,3.286711499027431,POSITIVE,1,,1.0,1
PAHC,1685,usa,2026,Q4,2026-06-30,2026-08-26,equityusd,385477000.0,sharesbas -> shares_outstanding,40601603.0,2026-10-06,36.61000061035156,1486424710.6112518,9.503,9.494132534619384,3.8560658887851984,3.856065888785198,POSITIVE,1,,1.0,1
PANL,1686,usa,2026,Q2,2026-06-30,2026-08-10,equityusd,448629000.0,sharesbas -> shares_outstanding,65473772.0,2026-10-06,8.40999984741211,550634412.5294952,6.967,6.852041455622872,1.2273714194345333,1.2273714194345333,POSITIVE,1,,1.0,1
PANW,1687,usa,2026,Q4,2026-07-31,2026-09-10,,,sharesbas -> shares_outstanding,818000000.0,2026-10-06,419.9100036621094,343486382995.60547,,,,,MISSING,0,sharefactor missing/nonunit,,0
PAR,1688,usa,2026,Q2,2026-06-30,2026-08-06,equityusd,813770000.0,sharesbas -> shares_outstanding,41362708.0,2026-10-06,14.5,599759266.0,19.713,19.67400200199658,0.7370132420708554,0.7370132420708554,POSITIVE,1,,1.0,1
PARR,1689,usa,2026,Q2,2026-06-30,2026-08-05,equityusd,1945827000.0,sharesbas -> shares_outstanding,50099627.0,2026-10-06,86.91000366210938,4354158766.040314,40.113,38.83915143719533,2.2376905891635346,2.237690589163535,POSITIVE,1,,1.0,1
PATH,1690,usa,2027,Q2,2026-07-31,2026-09-08,equityusd,1948551000.0,sharesbas -> shares_outstanding,521155409.0,2026-10-06,13.100000381469727,6827136056.705011,3.75,3.738905835667917,3.5036989315162965,3.5036989315162965,POSITIVE,1,,1.0,1
PATK,1691,usa,2026,Q2,2026-06-28,2026-08-06,equityusd,1131076000.0,sharesbas -> shares_outstanding,32118264.0,2026-10-06,66.63999938964844,2140361093.3565674,35.442,35.2159755583303,1.8923229680026519,1.8923229680026519,POSITIVE,1,,1.0,1
PAY,1692,usa,2026,Q2,2026-06-30,2026-08-04,equityusd,613421000.0,sharesbas -> shares_outstanding,125939647.0,2026-10-06,31.709999084472656,3993546091.0688095,4.874,4.870753687280067,6.51028590652881,6.510285906528811,POSITIVE,1,,1.0,1
PAYC,1693,usa,2026,Q2,2026-06-30,2026-08-06,equityusd,571500000.0,sharesbas -> shares_outstanding,45071619.0,2026-10-06,222.44000244140625,10025731040.398132,12.478,12.679819644375321,17.542836466138464,17.542836466138464,POSITIVE,1,,1.0,1
PAYO,1694,usa,2026,Q2,2026-06-30,2026-08-06,equityusd,653530000.0,sharesbas -> shares_outstanding,338850836.0,2026-10-06,7.150000095367432,2422783509.715334,1.937,1.9286657448293856,3.7072261559765183,3.7072261559765183,POSITIVE,1,multi-class ownership validation required,1.0,0
PAYS,1695,usa,2026,Q2,2026-06-30,2026-08-06,equityusd,60156746.0,sharesbas -> shares_outstanding,56462156.0,2026-10-06,14.359999656677246,810796540.7752571,1.077,1.065434802029168,13.478065132965423,13.478065132965423,POSITIVE,1,,1.0,1
PAYX,1696,usa,2027,Q1,2026-08-31,2026-09-24,,,sharesbas -> shares_outstanding,355980473.0,2026-10-06,101.0199966430664,35961146187.45719,,,,,MISSING,0,sharefactor missing/nonunit,,0
PBF,1697,usa,2026,Q2,2026-06-30,2026-07-30,equityusd,6407000000.0,sharesbas -> shares_outstanding,118536838.0,2026-10-06,82.87999725341797,9824332807.86885,54.128,54.050707848306196,1.5333748724627518,1.5333748724627518,POSITIVE,1,,1.0,1
PBH,1698,usa,2027,Q1,2026-06-30,2026-08-06,equityusd,1916716000.0,sharesbas -> shares_outstanding,47374522.0,2026-10-06,46.439998626708984,2200072736.6209946,40.384,40.45879344175758,1.147834492236197,1.147834492236197,POSITIVE,1,,1.0,1
PBI,1699,usa,2026,Q2,2026-06-30,2026-07-30,equityusd,-863279000.0,sharesbas -> shares_outstanding,137090212.0,2026-10-06,16.559999465942383,2270213837.505928,-6.297,-6.297160004391853,,,NEGATIVE,0,multi-class ownership validation required,1.0,0
PBYI,1700,usa,2026,Q2,2026-06-30,2026-08-06,equityusd,138544000.0,sharesbas -> shares_outstanding,51620066.0,2026-10-06,9.5,490390627.0,2.72,2.6839175292801833,3.539602054221042,3.539602054221042,POSITIVE,1,,1.0,1
PCAR,1701,usa,2026,Q2,2026-06-30,2026-07-29,equityusd,20321300000.0,sharesbas -> shares_outstanding,526364953.0,2026-10-06,109.31999969482422,57542216501.326164,38.56,38.60686370583643,2.8316208363306563,2.8316208363306563,POSITIVE,1,,1.0,1
PCG,1702,usa,2026,Q2,2026-06-30,2026-07-23,equityusd,33901000000.0,sharesbas -> shares_outstanding,2680110496.0,2026-10-06,12.5,33501381200.0,15.396,12.649105344946197,0.9882121825314887,0.9882121825314888,POSITIVE,1,multi-class ownership validation required,1.0,0
PCOR,1703,usa,2026,Q2,2026-06-30,2026-07-31,equityusd,1278450000.0,sharesbas -> shares_outstanding,151955338.0,2026-10-06,54.38999938964844,8264850741.073822,8.447,8.41332734227474,6.464743041240426,6.464743041240426,POSITIVE,1,,1.0,1
PCRX,1704,usa,2026,Q2,2026-06-30,2026-08-04,equityusd,671976000.0,sharesbas -> shares_outstanding,39861886.0,2026-10-06,24.760000228881836,986980306.4836617,17.028,16.857606787596552,1.4687731503560568,1.4687731503560568,POSITIVE,1,,1.0,1
PCT,1705,usa,2026,Q2,2026-06-30,2026-08-06,equityusd,15502000.0,sharesbas -> shares_outstanding,200904810.0,2026-10-06,4.005000114440918,804623787.0417309,0.084,0.07716092013924405,51.90451471047161,51.90451471047161,POSITIVE,1,multi-class ownership validation required,1.0,0
PCTY,1706,usa,2026,Q4,2026-06-30,2026-08-05,equityusd,1221417000.0,sharesbas -> shares_outstanding,53056963.0,2026-10-06,146.16000366210938,7754805906.380402,22.833,23.020861559678792,6.3490240486094445,6.3490240486094445,POSITIVE,1,,1.0,1
PCVX,1707,usa,2026,Q2,2026-06-30,2026-08-05,equityusd,2757942000.0,sharesbas -> shares_outstanding,148805278.0,2026-10-06,66.69999694824219,9925311588.48233,19.087,18.533899046242162,3.5988108482637893,3.598810848263789,POSITIVE,1,,1.0,1
PD,1708,usa,2027,Q2,2026-07-31,2026-08-27,equityusd,231961000.0,sharesbas -> shares_outstanding,78649873.0,2026-10-06,15.4399995803833,1214354006.1172,2.999,2.9492863898203625,5.2351645583404105,5.2351645583404105,POSITIVE,1,,1.0,1
PDFS,1709,usa,2026,Q2,2026-06-30,2026-08-06,equityusd,372495000.0,sharesbas -> shares_outstanding,42227216.0,2026-10-06,54.439998626708984,2298849581.0497437,9.1,8.821206683386373,6.171491110081326,6.171491110081326,POSITIVE,1,,1.0,1
PDM,1710,usa,2026,Q2,2026-06-30,2026-07-28,equityusd,1473497000.0,sharesbas -> shares_outstanding,125132825.0,2026-10-06,9.029999732971191,1129949376.3359308,11.78,11.775463392599024,0.7668487796961452,0.7668487796961452,POSITIVE,1,,1.0,1
PDSB,1711,usa,2026,Q2,2026-06-30,2026-08-13,equityusd,-3579739.0,sharesbas -> shares_outstanding,55971338.0,2026-10-06,1.0449999570846558,58490045.80797076,-0.064,-0.06395664509574525,,,NEGATIVE,0,,1.0,0
PDYN,1712,usa,2026,Q2,2026-06-30,2026-08-06,equityusd,70843000.0,sharesbas -> shares_outstanding,49338510.0,2026-10-06,5.360000133514404,264454420.18740177,1.541,1.4358560888847272,3.7329647274593363,3.7329647274593363,POSITIVE,1,multi-class ownership validation required,1.0,0
PEB,1713,usa,2026,Q2,2026-06-30,2026-07-29,equityusd,2418368000.0,sharesbas -> shares_outstanding,112842716.0,2026-10-06,18.979999542236328,2141754698.024704,21.451,21.431316842816862,0.8856198469483156,0.8856198469483155,POSITIVE,1,multi-class ownership validation required,1.0,0
PECO,1714,usa,2026,Q2,2026-06-30,2026-07-24,equityusd,2374292000.0,sharesbas -> shares_outstanding,128699999.0,2026-10-06,37.540000915527344,4831398080.288368,18.448,18.448267431610468,2.034879484195023,2.0348794841950224,POSITIVE,1,,1.0,1
PEG,1715,usa,2026,Q2,2026-06-30,2026-08-04,equityusd,17329000000.0,sharesbas -> shares_outstanding,498420030.0,2026-10-06,71.7300033569336,35751670425.06294,34.797,34.76786436532256,2.0631121487138864,2.063112148713887,POSITIVE,1,,1.0,1
PEGA,1716,usa,2026,Q2,2026-06-30,2026-07-21,equityusd,560384000.0,sharesbas -> shares_outstanding,164404945.0,2026-10-06,34.599998474121094,5688410846.137962,3.384,3.4085592741751167,10.15091588292664,10.15091588292664,POSITIVE,1,,1.0,1
PEN,1717,usa,2026,Q2,2026-06-30,2026-07-30,equityusd,1530766000.0,sharesbas -> shares_outstanding,39389422.0,2026-10-06,317.04998779296875,12488415764.272095,38.897,38.862362590646796,8.158278773027423,8.158278773027423,POSITIVE,1,,1.0,1
PENG,1718,usa,2026,Q3,2026-05-29,2026-07-07,equityusd,439061000.0,sharesbas -> shares_outstanding,51242699.0,2026-10-06,64.20999908447266,3290293655.875908,8.609,8.568264524864313,7.49393286098266,7.49393286098266,POSITIVE,1,,1.0,1
PENN,1719,usa,2026,Q2,2026-06-30,2026-08-06,equityusd,1861300000.0,sharesbas -> shares_outstanding,134066591.0,2026-10-06,15.90999984741211,2132999442.3530617,13.921,13.883399183320773,1.145972944905744,1.1459729449057443,POSITIVE,1,,1.0,1
PEP,1720,usa,2026,Q2,2026-06-13,2026-07-09,equityusd,22098000000.0,sharesbas -> shares_outstanding,1364891558.0,2026-10-06,125.70999908447266,171580516506.58447,16.177,16.190297222132866,7.7645269484380695,7.76452694843807,POSITIVE,1,,1.0,1
PEPG,1721,usa,2026,Q2,2026-06-30,2026-08-06,equityusd,119533000.0,sharesbas -> shares_outstanding,69259517.0,2026-10-06,2.309999942779541,159989480.30693865,1.727,1.725871117466788,1.3384544879400555,1.3384544879400555,POSITIVE,1,,1.0,1
PESI,1722,usa,2026,Q2,2026-06-30,2026-08-12,equityusd,58330000.0,sharesbas -> shares_outstanding,21218351.0,2026-10-06,15.470000267028809,328247895.635911,2.94,2.749035492908945,5.627428349664169,5.627428349664169,POSITIVE,1,,1.0,1
PETS,1723,usa,2027,Q1,2026-06-30,2026-08-13,equityusd,22989000.0,sharesbas -> shares_outstanding,21678914.0,2026-10-06,1.309999942779541,28399376.09952259,1.06,1.0604313481754668,1.2353463003837744,1.2353463003837744,POSITIVE,1,,1.0,1
PEW,1724,usa,2026,Q2,2026-06-30,2026-08-13,equityusd,102564000.0,sharesbas -> shares_outstanding,29513438.0,2026-10-06,1.9700000286102295,58141473.704386234,3.499,3.475162737733232,0.5668799354977013,0.5668799354977013,POSITIVE,1,multi-class ownership validation required,1.0,0
PFE,1725,usa,2026,Q2,2026-06-28,2026-08-04,equityusd,85190000000.0,sharesbas -> shares_outstanding,5699673589.0,2026-10-06,27.5,156741023697.5,14.948,14.94646994600027,1.8398993273564972,1.8398993273564972,POSITIVE,1,,1.0,1
PFGC,1726,usa,2026,Q4,2026-06-27,2026-08-12,equityusd,4899300000.0,sharesbas -> shares_outstanding,157533032.0,2026-10-06,93.77999877929688,14773447548.658936,31.366,31.100144127232948,3.0154200699403866,3.0154200699403866,POSITIVE,1,,1.0,1
PG,1727,usa,2026,Q4,2026-06-30,2026-08-04,equityusd,54081000000.0,sharesbas -> shares_outstanding,2324433060.0,2026-10-06,148.41000366210938,344969118946.9281,23.266,23.26631854048746,6.3787488941944135,6.378748894194414,POSITIVE,1,,1.0,1
PGEN,1728,usa,2026,Q2,2026-06-30,2026-08-04,equityusd,43576000.0,sharesbas -> shares_outstanding,358035247.0,2026-10-06,7.550000190734863,2703166183.139804,0.122,0.12170868752483467,62.03337119377189,62.03337119377189,POSITIVE,1,,1.0,1
PGNY,1729,usa,2026,Q2,2026-06-30,2026-08-07,equityusd,453257000.0,sharesbas -> shares_outstanding,76726798.0,2026-10-06,25.90999984741211,1987991324.4724197,5.799,5.907414512462777,4.386013507728331,4.38601350772833,POSITIVE,1,,1.0,1
PGY,1730,usa,2026,Q2,2026-06-30,2026-07-30,equityusd,594153000.0,sharesbas -> shares_outstanding,83425843.0,2026-10-06,18.049999237060547,1505836402.501133,7.143,7.1219298317429045,2.5344253121689753,2.534425312168975,POSITIVE,1,ADR ownership/ratio validation required; multi-class ownership validation required,1.0,0
PH,1731,usa,2026,Q4,2026-06-30,2026-08-21,equityusd,15404000000.0,sharesbas -> shares_outstanding,126047469.0,2026-10-06,984.9099731445312,124145409307.72614,122.208,122.20792787199876,8.05929689091964,8.05929689091964,POSITIVE,1,,1.0,1
PHAT,1732,usa,2026,Q2,2026-06-30,2026-07-30,equityusd,-344273000.0,sharesbas -> shares_outstanding,80900934.0,2026-10-06,6.78000020980835,548508349.4936914,-4.111,-4.255488570749999,,,NEGATIVE,0,,1.0,0
PHIN,1733,usa,2026,Q2,2026-06-30,2026-07-30,equityusd,1541000000.0,sharesbas -> shares_outstanding,36638088.0,2026-10-06,60.7599983215332,2226130165.384186,41.649,42.06005509894512,1.4446010158236118,1.4446010158236118,POSITIVE,1,,1.0,1
PHIO,1734,usa,2026,Q2,2026-06-30,2026-08-06,equityusd,12602000.0,sharesbas -> shares_outstanding,11617250.0,2026-10-06,0.9940000176429749,11547546.70496285,1.085,1.0847661882114958,0.9163265120586296,0.9163265120586296,POSITIVE,1,multi-class ownership validation required,1.0,0
PHM,1735,usa,2026,Q2,2026-06-30,2026-07-22,equityusd,13013731000.0,sharesbas -> shares_outstanding,187452540.0,2026-10-06,116.0999984741211,21763239607.970123,68.715,69.42413797113659,1.6723289891246502,1.6723289891246502,POSITIVE,1,,1.0,1
PHR,1736,usa,2027,Q2,2026-07-31,2026-09-03,equityusd,371851000.0,sharesbas -> shares_outstanding,62070944.0,2026-10-06,10.25,636227176.0,6.009,5.990741819554089,1.7109734167717716,1.7109734167717714,POSITIVE,1,,1.0,1
PHUN,1737,usa,2026,Q2,2026-06-30,2026-08-10,equityusd,88510000.0,sharesbas -> shares_outstanding,20462675.0,2026-10-06,2.0399999618530273,41743856.2194109,4.332,4.325436434874717,0.4716286998012755,0.47162869980127553,POSITIVE,1,multi-class ownership validation required,1.0,0
PI,1738,usa,2026,Q2,2026-06-30,2026-07-29,equityusd,231586000.0,sharesbas -> shares_outstanding,30554413.0,2026-10-06,184.16000366210938,5626900809.973602,7.598,7.579461598558611,24.29724080891592,24.29724080891592,POSITIVE,1,,1.0,1
PII,1739,usa,2026,Q2,2026-06-30,2026-07-28,equityusd,836500000.0,sharesbas -> shares_outstanding,56903524.0,2026-10-06,52.790000915527344,3003937084.056732,14.548,14.700319790387674,3.5910784029369185,3.5910784029369185,POSITIVE,1,,1.0,1
PINS,1740,usa,2026,Q2,2026-06-30,2026-08-04,equityusd,2893898000.0,sharesbas -> shares_outstanding,566313027.0,2026-10-06,20.030000686645508,11343250319.666296,5.141,5.110067863581037,3.919713244788274,3.919713244788274,POSITIVE,1,,1.0,1
PK,1741,usa,2026,Q2,2026-06-30,2026-08-07,equityusd,3090000000.0,sharesbas -> shares_outstanding,201338330.0,2026-10-06,15.25,3070409532.5,15.45,15.347301231712809,0.9936600428802589,0.9936600428802589,POSITIVE,1,,1.0,1
PKG,1742,usa,2026,Q2,2026-06-30,2026-08-07,equityusd,4661900000.0,sharesbas -> shares_outstanding,89098299.0,2026-10-06,229.74000549316406,20469443701.691574,52.323,52.323108884491724,4.390794247343695,4.390794247343695,POSITIVE,1,,1.0,1
PL,1743,usa,2027,Q2,2026-07-31,2026-09-03,equityusd,564351000.0,sharesbas -> shares_outstanding,363847989.0,2026-10-06,18.56999969482422,6756657044.692406,1.569,1.5510625784989567,11.972437445299832,11.972437445299832,POSITIVE,1,multi-class ownership validation required,1.0,0
PLAB,1744,usa,2026,Q3,2026-08-02,2026-09-10,,,sharesbas -> shares_outstanding,58997167.0,2026-10-06,30.81999969482422,1818292668.9354935,,,,,MISSING,0,sharefactor missing/nonunit,,0
PLAY,1745,usa,2027,Q2,2026-08-04,2026-09-14,,,sharesbas -> shares_outstanding,34830644.0,2026-10-06,6.860000133514404,238938222.49039268,,,,,MISSING,0,sharefactor missing/nonunit,,0
PLBY,1746,usa,2026,Q2,2026-06-30,2026-08-10,equityusd,22055000.0,sharesbas -> shares_outstanding,119807688.0,2026-10-06,1.0399999618530273,124599990.9496994,0.192,0.1840866839864233,5.64951217182949,5.64951217182949,POSITIVE,1,multi-class ownership validation required,1.0,0
PLCE,1747,usa,2027,Q2,2026-08-01,2026-09-14,,,sharesbas -> shares_outstanding,22237067.0,2026-10-06,1.909999966621399,42472797.22775781,,,,,MISSING,0,sharefactor missing/nonunit,,0
PLD,1748,usa,2026,Q2,2026-06-30,2026-07-29,equityusd,53725722000.0,sharesbas -> shares_outstanding,933076000.0,2026-10-06,128.67999267578125,120068212845.94727,57.578,57.57914896535759,2.2348366550745893,2.2348366550745893,POSITIVE,1,,1.0,1
PLNT,1749,usa,2026,Q2,2026-06-30,2026-08-06,equityusd,-612737000.0,sharesbas -> shares_outstanding,75533093.0,2026-10-06,42.25,3191273179.25,-7.955,-8.112166146830502,,,NEGATIVE,0,,1.0,0
PLOW,1750,usa,2026,Q2,2026-06-30,2026-08-03,equityusd,299659000.0,sharesbas -> shares_outstanding,23077046.0,2026-10-06,40.68000030517578,938774238.3225555,12.963,12.985154165745477,3.132808419979228,3.132808419979228,POSITIVE,1,,1.0,1
PLRX,1751,usa,2026,Q2,2026-06-30,2026-08-11,equityusd,146926000.0,sharesbas -> shares_outstanding,61921897.0,2026-10-06,1.0299999713897705,63779552.138400316,2.373,2.372763224615034,0.4340930273634368,0.4340930273634368,POSITIVE,1,,1.0,1
PLSE,1752,usa,2026,Q2,2026-06-30,2026-08-06,equityusd,99500000.0,sharesbas -> shares_outstanding,71322607.0,2026-10-06,49.75,3548299698.25,1.438,1.3950695885247155,35.6613035,35.6613035,POSITIVE,1,,1.0,1
PLTK,1753,usa,2026,Q2,2026-06-30,2026-08-06,equityusd,-399900000.0,sharesbas -> shares_outstanding,381418186.0,2026-10-06,2.2899999618530273,873447631.3900509,-1.051,-1.0484555133404152,,,NEGATIVE,0,,1.0,0
PLTR,1754,usa,2026,Q2,2026-06-30,2026-08-04,equityusd,9774194000.0,sharesbas -> shares_outstanding,2403058480.0,2026-10-06,192.07000732421875,461555459854.126,4.073,4.0673974775678365,47.2218435457825,47.22184354578249,POSITIVE,1,,1.0,1
PLUG,1755,usa,2026,Q2,2026-06-30,2026-08-10,equityusd,581753000.0,sharesbas -> shares_outstanding,1397195278.0,2026-10-06,1.8600000143051147,2598783237.0670385,0.418,0.4163720055171844,4.467159150132511,4.4671591501325105,POSITIVE,1,,1.0,1
PLUS,1756,usa,2027,Q1,2026-06-30,2026-08-04,equityusd,1072035000.0,sharesbas -> shares_outstanding,26090418.0,2026-10-06,94.16000366210938,2456673854.4259644,41.331,41.08922287101724,2.2915985526834146,2.2915985526834146,POSITIVE,1,,1.0,1
PLXS,1757,usa,2026,Q3,2026-07-04,2026-08-06,equityusd,1528752000.0,sharesbas -> shares_outstanding,26652099.0,2026-10-06,272.6300048828125,7266161880.507202,57.231,57.35953479686534,4.753002370892861,4.753002370892861,POSITIVE,1,,1.0,1
PM,1758,usa,2026,Q2,2026-06-30,2026-07-24,equityusd,-8583000000.0,sharesbas -> shares_outstanding,1558613439.0,2026-10-06,190.39999389648438,296759989272.5785,-5.507,-5.506817652943386,,,NEGATIVE,0,,1.0,0
PMT,1759,usa,2026,Q2,2026-06-30,2026-08-04,equityusd,1853374000.0,sharesbas -> shares_outstanding,87202362.0,2026-10-06,8.029999732971191,700234943.5744572,21.254,21.253713288179053,0.3778163196281253,0.37781631962812534,POSITIVE,1,multi-class ownership validation required,1.0,0
PMVP,1760,usa,2026,Q2,2026-06-30,2026-08-14,equityusd,71500000.0,sharesbas -> shares_outstanding,53458058.0,2026-10-06,1.6100000143051147,86067474.14472365,1.339,1.3374971458933282,1.203740897129002,1.2037408971290022,POSITIVE,1,,1.0,1
PNR,1761,usa,2026,Q2,2026-06-30,2026-07-28,equityusd,3749300000.0,sharesbas -> shares_outstanding,159637950.0,2026-10-06,52.939998626708984,8451232853.7706375,23.317,23.486270025391832,2.2540828564720448,2.2540828564720448,POSITIVE,1,multi-class ownership validation required,1.0,0
PNTG,1762,usa,2026,Q2,2026-06-30,2026-08-05,equityusd,359203000.0,sharesbas -> shares_outstanding,34929074.0,2026-10-06,39.95500183105469,1395591215.6270447,10.312,10.283782501648913,3.885243763629604,3.885243763629604,POSITIVE,1,,1.0,1
PNW,1763,usa,2026,Q2,2026-06-30,2026-08-04,equityusd,9004988000.0,sharesbas -> shares_outstanding,121197234.0,2026-10-06,98.04000091552734,11882176932.319382,74.234,74.3002765228124,1.319510579283324,1.3195105792833242,POSITIVE,1,,1.0,1
PODD,1764,usa,2026,Q2,2026-06-30,2026-08-05,equityusd,1422200000.0,sharesbas -> shares_outstanding,69354199.0,2026-10-06,134.72999572753906,9344090934.956894,20.523,20.506328679536765,6.5701665974946515,6.5701665974946515,POSITIVE,1,,1.0,1
POLA,1765,usa,2026,Q2,2026-06-30,2026-08-18,equityusd,857000.0,sharesbas -> shares_outstanding,3851684.0,2026-10-06,1.1399999856948853,4390919.704901218,0.23,0.2225000804842765,5.123593587982752,5.123593587982752,POSITIVE,1,,1.0,1
POOL,1766,usa,2026,Q2,2026-06-30,2026-07-29,equityusd,1259998000.0,sharesbas -> shares_outstanding,36340747.0,2026-10-06,158.24000549316406,5750560004.905685,34.918,34.67176940529043,4.563943756185077,4.563943756185077,POSITIVE,1,,1.0,1
POR,1767,usa,2026,Q2,2026-06-30,2026-07-31,equityusd,4123000000.0,sharesbas -> shares_outstanding,117607740.0,2026-10-06,44.27000045776367,5206494703.636551,35.625,35.057216472317215,1.2627927973894133,1.2627927973894133,POSITIVE,1,,1.0,1
POST,1768,usa,2026,Q3,2026-06-30,2026-08-06,equityusd,3078000000.0,sharesbas -> shares_outstanding,43956805.0,2026-10-06,73.31999969482422,3222912929.1854477,68.248,70.02328763430373,1.047080223906903,1.047080223906903,POSITIVE,1,,1.0,1
POWI,1769,usa,2026,Q2,2026-06-30,2026-08-06,equityusd,680528000.0,sharesbas -> shares_outstanding,55873298.0,2026-10-06,53.400001525878906,2983634198.455887,12.207,12.179843044167537,4.384293076046668,4.384293076046668,POSITIVE,1,,1.0,1
POWL,1770,usa,2026,Q3,2026-06-30,2026-08-04,equityusd,756184000.0,sharesbas -> shares_outstanding,36432564.0,2026-10-06,204.69000244140625,7457381614.106689,20.756,20.75571733024335,9.861861152982197,9.861861152982197,POSITIVE,1,,1.0,1
POWW,1771,usa,2027,Q1,2026-06-30,2026-08-10,equityusd,235954979.0,sharesbas -> shares_outstanding,116015357.0,2026-10-06,2.1600000858306885,250593181.07767797,2.026,2.03382539261591,1.0620381148120548,1.0620381148120548,POSITIVE,1,multi-class ownership validation required,1.0,0
PPC,1772,usa,2026,Q2,2026-06-28,2026-07-29,equityusd,3749847000.0,sharesbas -> shares_outstanding,238108524.0,2026-10-06,27.889999389648438,6640846589.03009,15.76,15.748478622294092,1.770964679100265,1.7709646791002647,POSITIVE,1,multi-class ownership validation required,1.0,0
PPCB,1773,usa,2026,Q4,2026-06-30,2026-09-25,,,sharesbas -> shares_outstanding,6331116.0,2026-10-06,0.49129998683929443,3110477.2074780464,,,,,MISSING,0,sharefactor missing/nonunit,,0
PPG,1774,usa,2026,Q2,2026-06-30,2026-07-29,equityusd,8443000000.0,sharesbas -> shares_outstanding,222300000.0,2026-10-06,106.5199966430664,23679395253.753662,37.98,37.980206927575345,2.8046186490292153,2.804618649029215,POSITIVE,1,,1.0,1
PPL,1775,usa,2026,Q2,2026-06-30,2026-08-07,equityusd,15045000000.0,sharesbas -> shares_outstanding,752544841.0,2026-10-06,33.70000076293945,25360761715.84615,19.997,19.992164161284844,1.6856604663241042,1.6856604663241044,POSITIVE,1,multi-class ownership validation required,1.0,0
PPSI,1776,usa,2026,Q2,2026-06-30,2026-08-14,equityusd,24763000.0,sharesbas -> shares_outstanding,11099266.0,2026-10-06,3.174999952316284,35240169.020745754,2.232,2.231048431490875,1.4230977272844871,1.4230977272844871,POSITIVE,1,,1.0,1
PPTA,1777,usa,2026,Q2,2026-06-30,2026-08-14,equityusd,719850000.0,sharesbas -> shares_outstanding,125095803.0,2026-10-06,20.6200008392334,2579475562.844576,5.755,5.754389697630383,3.583351479953568,3.583351479953568,POSITIVE,1,,1.0,1
PR,1778,usa,2026,Q2,2026-06-30,2026-08-06,equityusd,12005077000.0,sharesbas -> shares_outstanding,837557029.0,2026-10-06,22.350000381469727,18719399917.65265,14.333,14.333444272246684,1.5592902834069828,1.5592902834069826,POSITIVE,1,multi-class ownership validation required,1.0,0
PRAX,1779,usa,2026,Q2,2026-06-30,2026-08-06,equityusd,1341044000.0,sharesbas -> shares_outstanding,27919988.0,2026-10-06,280.1400146484375,7821505847.304199,46.034,48.03168253510711,5.832400612734705,5.832400612734705,POSITIVE,1,,1.0,1
PRCT,1780,usa,2026,Q2,2026-06-30,2026-08-05,equityusd,340070000.0,sharesbas -> shares_outstanding,57273659.0,2026-10-06,17.510000228881836,1002861782.1989002,5.959,5.9376335637993725,2.9489863328105983,2.9489863328105983,POSITIVE,1,,1.0,1
PRDO,1781,usa,2026,Q2,2026-06-30,2026-08-06,equityusd,1033409000.0,sharesbas -> shares_outstanding,62577055.0,2026-10-06,32.060001373291016,2006220469.2365074,16.491,16.51418399283891,1.9413615221432243,1.9413615221432243,POSITIVE,1,,1.0,1
PRG,1782,usa,2026,Q2,2026-06-30,2026-07-29,equityusd,805340000.0,sharesbas -> shares_outstanding,39831633.0,2026-10-06,31.280000686645508,1245933507.5902119,20.045,20.218603640980525,1.5470900583482898,1.54709005834829,POSITIVE,1,multi-class ownership validation required,1.0,0
PRGO,1783,usa,2026,Q2,2026-06-27,2026-08-05,equityusd,2515800000.0,sharesbas -> shares_outstanding,138769245.0,2026-10-06,14.0,1942769430.0,18.086,18.129377298262305,0.7722272954924875,0.7722272954924875,POSITIVE,1,,1.0,1
PRGS,1784,usa,2026,Q3,2026-08-31,2026-09-30,,,sharesbas -> shares_outstanding,40874192.0,2026-10-06,37.20000076293945,1520519973.5845337,,,,,MISSING,0,sharefactor missing/nonunit,,0
PRIM,1785,usa,2026,Q2,2026-06-30,2026-08-05,equityusd,1606300000.0,sharesbas -> shares_outstanding,53832327.0,2026-10-06,84.97000122070312,4574132890.90329,29.746,29.838947887205396,2.8476205508954053,2.8476205508954053,POSITIVE,1,,1.0,1
PRKS,1786,usa,2026,Q2,2026-06-30,2026-08-07,equityusd,-617021000.0,sharesbas -> shares_outstanding,45341309.0,2026-10-06,33.880001068115234,1536163597.349743,-13.22,-13.608363181574665,,,NEGATIVE,0,,1.0,0
PRLB,1787,usa,2026,Q2,2026-06-30,2026-07-31,equityusd,691733000.0,sharesbas -> shares_outstanding,23921897.0,2026-10-06,97.27999877929688,2327122110.9584656,28.859,28.916310441433637,3.3641912572603383,3.3641912572603383,POSITIVE,1,,1.0,1
PRLD,1788,usa,2026,Q2,2026-06-30,2026-08-11,equityusd,133733000.0,sharesbas -> shares_outstanding,79803485.0,2026-10-06,3.809999942779541,304051273.28360796,1.359,1.6757789462452675,2.2735695249759442,2.2735695249759442,POSITIVE,1,,1.0,1
PRM,1789,usa,2026,Q2,2026-06-30,2026-07-31,equityusd,1021618000.0,sharesbas -> shares_outstanding,163686923.0,2026-10-06,28.6200008392334,4684719873.631533,6.252,6.241292714629378,4.585588618868826,4.585588618868826,POSITIVE,1,,1.0,1
PRMB,1790,usa,2026,Q2,2026-06-30,2026-08-05,equityusd,2980200000.0,sharesbas -> shares_outstanding,362354045.0,2026-10-06,19.219999313354492,6964444496.091223,8.213,8.224552867900233,2.336905072173419,2.336905072173419,POSITIVE,1,,1.0,1
PRME,1791,usa,2026,Q2,2026-06-30,2026-08-06,equityusd,39809000.0,sharesbas -> shares_outstanding,181376856.0,2026-10-06,3.5,634818996.0,0.225,0.21948224750350728,15.946620010550378,15.946620010550378,POSITIVE,1,,1.0,1
PROF,1792,usa,2026,Q2,2026-06-30,2026-08-06,equityusd,35542362.0,sharesbas -> shares_outstanding,36532594.0,2026-10-06,6.079999923706055,222118168.73278427,1.37,0.9728945609501477,6.249392449854184,6.249392449854184,POSITIVE,1,,1.0,1
PROK,1793,usa,2026,Q2,2026-06-30,2026-08-10,equityusd,-883532000.0,sharesbas -> shares_outstanding,302322655.0,2026-10-06,1.600000023841858,483716255.2079338,-4.736,-2.9224802884851617,,,NEGATIVE,0,,1.0,0
PROP,1794,usa,2026,Q2,2026-06-30,2026-08-14,equityusd,222971000.0,sharesbas -> shares_outstanding,112798010.0,2026-10-06,0.39500001072883606,44555215.16019136,2.081,1.9767281355406892,0.19982515735315962,0.19982515735315964,POSITIVE,1,,1.0,1
PRPL,1795,usa,2026,Q2,2026-06-30,2026-08-11,equityusd,-63767000.0,sharesbas -> shares_outstanding,4359632.0,2026-10-06,2.1600000858306885,9416805.494190216,-14.649,-14.626693262183597,,,NEGATIVE,0,multi-class ownership validation required,1.0,0
PRSO,1796,usa,2026,Q2,2026-06-30,2026-08-13,equityusd,4925000.0,sharesbas -> shares_outstanding,15120462.0,2026-10-06,0.44999998807907104,6804207.719750047,0.35,0.32571756074649044,1.381565019238588,1.3815650192385882,POSITIVE,1,,1.0,1
PRSU,1797,usa,2026,Q2,2026-06-30,2026-08-05,equityusd,536252000.0,sharesbas -> shares_outstanding,27264155.0,2026-10-06,52.72999954223633,1437638880.6694603,19.358,19.66875555101561,2.6809016668832197,2.6809016668832197,POSITIVE,1,,1.0,1
PRTA,1798,usa,2026,Q2,2026-06-30,2026-08-06,equityusd,286891000.0,sharesbas -> shares_outstanding,51336974.0,2026-10-06,8.020000457763672,411722554.9802017,5.502,5.588389374099066,1.4351184072703629,1.435118407270363,POSITIVE,1,,1.0,1
PRTH,1799,usa,2026,Q2,2026-06-30,2026-08-06,equityusd,-79166000.0,sharesbas -> shares_outstanding,82440372.0,2026-10-06,7.78000020980835,641386111.4566784,-0.971,-0.9602819356516247,,,NEGATIVE,0,multi-class ownership validation required,1.0,0
PRVA,1800,usa,2026,Q2,2026-06-30,2026-08-06,equityusd,782329000.0,sharesbas -> shares_outstanding,127734207.0,2026-10-06,20.280000686645508,2590449805.6681194,6.203,6.124663223532597,3.3112025831435616,3.3112025831435616,POSITIVE,1,,1.0,1
PSA,1801,usa,2026,Q2,2026-06-30,2026-07-29,equityusd,9190280000.0,sharesbas -> shares_outstanding,175621134.0,2026-10-06,285.8500061035156,50201302225.806335,52.348,52.330148374967216,5.462434466175822,5.462434466175822,POSITIVE,1,multi-class ownership validation required,1.0,0
PSIX,1802,usa,2026,Q2,2026-06-30,2026-08-06,equityusd,203068000.0,sharesbas -> shares_outstanding,23065450.0,2026-10-06,47.93000030517578,1105527025.5390167,8.81,8.803990383885855,5.444122291739795,5.444122291739795,POSITIVE,1,,1.0,1
PSKY,1803,usa,2026,Q2,2026-06-30,2026-08-04,equityusd,11771000000.0,sharesbas -> shares_outstanding,1121945779.0,2026-10-06,9.529999732971191,10692142974.278156,10.492,10.491594353598437,0.9083461876032755,0.9083461876032756,POSITIVE,1,multi-class ownership validation required,1.0,0
PSMT,1804,usa,2026,Q3,2026-05-31,2026-07-08,equityusd,1392408000.0,sharesbas -> shares_outstanding,30860524.0,2026-10-06,172.0,5308010128.0,46.044,45.11938941801507,3.8121083245715335,3.8121083245715335,POSITIVE,1,,1.0,1
PSN,1805,usa,2026,Q2,2026-06-30,2026-07-29,equityusd,2631419000.0,sharesbas -> shares_outstanding,106805394.0,2026-10-06,42.099998474121094,4496506924.427902,24.638,24.637510348962337,1.7087764907177088,1.7087764907177088,POSITIVE,1,,1.0,1
PSNL,1806,usa,2026,Q2,2026-06-30,2026-08-04,equityusd,235161000.0,sharesbas -> shares_outstanding,106799872.0,2026-10-06,16.030000686645508,1712002021.4936523,2.231,2.2018846614348004,7.280127323381224,7.280127323381225,POSITIVE,1,,1.0,1
PSQH,1807,usa,2026,Q2,2026-06-30,2026-08-04,equityusd,4186691.0,sharesbas -> shares_outstanding,3365783.0,2026-10-06,3.9600000381469727,13328500.808394432,1.15,1.2438980766139707,3.183540607222848,3.183540607222848,POSITIVE,1,multi-class ownership validation required,1.0,0
PSTL,1808,usa,2026,Q2,2026-06-30,2026-08-04,equityusd,334612000.0,sharesbas -> shares_outstanding,30248873.0,2026-10-06,22.690000534057617,686346944.524641,12.213,11.061965845801925,2.0511725357268746,2.0511725357268746,POSITIVE,1,,1.0,1
PSX,1809,usa,2026,Q2,2026-06-30,2026-08-05,equityusd,31506000000.0,sharesbas -> shares_outstanding,399020916.0,2026-10-06,269.7900085449219,107651856337.24255,78.578,78.95826693957066,3.416868416721975,3.416868416721975,POSITIVE,1,,1.0,1
PTC,1810,usa,2026,Q3,2026-06-30,2026-07-31,equityusd,3469743000.0,sharesbas -> shares_outstanding,108506261.0,2026-10-06,193.0,20941708373.0,30.257,31.97735290132244,6.035521470322154,6.035521470322154,POSITIVE,1,,1.0,1
PTCT,1811,usa,2026,Q2,2026-06-30,2026-07-30,equityusd,-165363000.0,sharesbas -> shares_outstanding,83460802.0,2026-10-06,63.70000076293945,5316453151.075539,-1.992,-1.9813253172429375,,,NEGATIVE,0,,1.0,0
PTEN,1812,usa,2026,Q2,2026-06-30,2026-08-04,equityusd,3099876000.0,sharesbas -> shares_outstanding,381384874.0,2026-10-06,11.40999984741211,4351601354.145287,8.153,8.12794688863303,1.403798524245901,1.403798524245901,POSITIVE,1,,1.0,1
PTGX,1813,usa,2026,Q2,2026-06-30,2026-08-05,equityusd,841543000.0,sharesbas -> shares_outstanding,64708285.0,2026-10-06,138.69000244140625,8974392204.629211,12.763,13.00518163941449,10.664211103448322,10.664211103448322,POSITIVE,1,,1.0,1
PTIX,1814,usa,2025,Q3,2025-09-30,2025-11-26,equityusd,-4700565.0,sharesbas -> shares_outstanding,1934878.0,2026-10-06,0.7699999809265137,1489856.023095131,-2.542,-2.4293857287126115,,,NEGATIVE,0,multi-class ownership validation required; fundamentals stale >180 days,1.0,0
PTLO,1815,usa,2026,Q2,2026-06-28,2026-08-05,equityusd,480135000.0,sharesbas -> shares_outstanding,75943224.0,2026-10-06,3.7799999713897705,287065384.54724693,6.634,6.322288872013124,0.5978847293932892,0.5978847293932893,POSITIVE,1,,1.0,1
PTON,1816,usa,2026,Q4,2026-06-30,2026-08-06,equityusd,-139700000.0,sharesbas -> shares_outstanding,438871801.0,2026-10-06,4.869999885559082,2137305620.6451082,-0.321,-0.31831619092792884,,,NEGATIVE,0,,1.0,0
PUBM,1817,usa,2026,Q2,2026-06-30,2026-08-06,equityusd,238728000.0,sharesbas -> shares_outstanding,45550061.0,2026-10-06,18.350000381469727,835843636.7259693,5.178,5.2410028605669705,3.501238383122086,3.501238383122086,POSITIVE,1,,1.0,1
PUMP,1818,usa,2026,Q2,2026-06-30,2026-07-30,equityusd,957425000.0,sharesbas -> shares_outstanding,122823917.0,2026-10-06,9.529999732971191,1170511896.2124758,7.802,7.795102317083733,1.2225624944120697,1.2225624944120697,POSITIVE,1,,1.0,1
PVH,1819,usa,2027,Q2,2026-08-02,2026-09-02,equityusd,4792000000.0,sharesbas -> shares_outstanding,46137833.0,2026-10-06,78.20999908447266,3608439876.6895523,103.863,103.86270200423154,0.7530133298600902,0.7530133298600902,POSITIVE,1,,1.0,1
PVLA,1820,usa,2026,Q2,2026-06-30,2026-08-04,equityusd,216867000.0,sharesbas -> shares_outstanding,14408407.0,2026-10-06,128.0,1844276096.0,15.106,15.05142102107471,8.504180423946474,8.504180423946474,POSITIVE,1,,1.0,1
PWR,1821,usa,2026,Q2,2026-06-30,2026-07-30,equityusd,9637942000.0,sharesbas -> shares_outstanding,150343393.0,2026-10-06,719.5599975585938,108181091500.0307,64.164,64.10618922242895,11.224501195382862,11.224501195382864,POSITIVE,1,,1.0,1
PYXS,1822,usa,2026,Q2,2026-06-30,2026-08-13,equityusd,11440000.0,sharesbas -> shares_outstanding,83408050.0,2026-10-06,2.0199999809265137,168484259.4091177,0.179,0.1371570250113748,14.727645053244554,14.727645053244554,POSITIVE,1,,1.0,1
PZZA,1823,usa,2026,Q2,2026-06-28,2026-08-06,equityusd,-453054000.0,sharesbas -> shares_outstanding,32921687.0,2026-10-06,19.579999923706055,644606628.9482746,-13.719,-13.761566957367647,,,NEGATIVE,0,,1.0,0
QBTS,1824,usa,2026,Q2,2026-06-30,2026-08-06,equityusd,1083110000.0,sharesbas -> shares_outstanding,372439933.0,2026-10-06,15.789999961853027,5880826527.862544,2.921,2.9081468017555463,5.429574584172009,5.429574584172008,POSITIVE,1,multi-class ownership validation required,1.0,0
QCLS,1825,usa,2026,Q2,2026-06-30,2026-08-12,equityusd,16090897.0,sharesbas -> shares_outstanding,8189838.0,2026-10-06,0.6899999976158142,5650988.200473905,1.954,1.9647393513766696,0.35119162098134765,0.3511916209813477,POSITIVE,1,,1.0,1
QCOM,1826,usa,2026,Q3,2026-06-28,2026-07-29,equityusd,27658000000.0,sharesbas -> shares_outstanding,1050000000.0,2026-10-06,181.02999877929688,190081498718.26172,26.167,26.34095238095238,6.872568469096165,6.872568469096165,POSITIVE,1,,1.0,1
QDEL,1827,usa,2026,Q2,2026-06-28,2026-08-06,equityusd,1774900000.0,sharesbas -> shares_outstanding,68575427.0,2026-10-06,12.569999694824219,861993096.4624405,25.987,25.882449116940972,0.4856572744731762,0.48565727447317625,POSITIVE,1,,1.0,1
QLYS,1828,usa,2026,Q2,2026-06-30,2026-08-04,equityusd,562223000.0,sharesbas -> shares_outstanding,34595001.0,2026-10-06,199.92999267578125,6916578296.548645,16.069,16.25156767591942,12.30219734260008,12.302197342600081,POSITIVE,1,,1.0,1
QMCO,1829,usa,2027,Q1,2026-06-30,2026-08-10,equityusd,-27825000.0,sharesbas -> shares_outstanding,39410001.0,2026-10-06,33.470001220703125,1319052781.5779114,-1.265,-0.7060390584613281,,,NEGATIVE,0,multi-class ownership validation required,1.0,0
QNCX,1830,usa,2026,Q2,2026-06-30,2026-08-14,equityusd,-35324000.0,sharesbas -> shares_outstanding,1017063.0,2026-10-06,26.809999465942383,27267458.486829758,-5.76,-34.73137848884484,,,NEGATIVE,0,,1.0,0
QNRX,1831,usa,2026,Q2,2026-06-30,2026-08-14,equityusd,3932671.0,sharesbas -> shares_outstanding,70294615.0,2026-10-06,4.71999979019165,331790568.05160284,1.119,0.0559455514480021,84.36774092000141,84.36774092000141,POSITIVE,1,sharefactor missing/nonunit; ADR ownership/ratio validation required; multi-class ownership validation required,0.05,0
QNST,1832,usa,2026,Q4,2026-06-30,2026-08-26,equityusd,323092000.0,sharesbas -> shares_outstanding,57086409.0,2026-10-06,15.020000457763672,857437889.3120842,5.65,5.659700893079472,2.6538505729392377,2.6538505729392377,POSITIVE,1,,1.0,1
QRVO,1833,usa,2027,Q1,2026-06-27,2026-07-28,equityusd,3471925000.0,sharesbas -> shares_outstanding,88221633.0,2026-10-05,114.16999816894531,10072263678.071365,39.438,39.354576444986,2.9010602700436694,2.901060270043669,POSITIVE,1,,1.0,1
QS,1834,usa,2026,Q2,2026-06-30,2026-07-24,equityusd,1047972000.0,sharesbas -> shares_outstanding,619113507.0,2026-10-06,4.650000095367432,2878877866.593265,1.698,1.692697684917412,2.7470942607180966,2.7470942607180966,POSITIVE,1,multi-class ownership validation required,1.0,0
QSI,1835,usa,2026,Q2,2026-06-30,2026-08-13,equityusd,180201000.0,sharesbas -> shares_outstanding,218883912.0,2026-10-06,1.2200000286102295,267038378.90231895,0.827,0.8232720182742348,1.4818917703138104,1.4818917703138104,POSITIVE,1,multi-class ownership validation required,1.0,0
QSR,1836,usa,2026,Q2,2026-06-30,2026-08-06,equityusd,3850000000.0,sharesbas -> shares_outstanding,348758065.0,2026-10-06,70.23999786376953,24496765740.572395,11.063,11.039171237516758,6.36279629625257,6.36279629625257,POSITIVE,1,,1.0,1
QTRX,1837,usa,2026,Q2,2026-06-30,2026-08-10,equityusd,237212000.0,sharesbas -> shares_outstanding,47293065.0,2026-10-06,3.440000057220459,162688146.3061309,5.029,5.015788255635367,0.6858343857230278,0.6858343857230279,POSITIVE,1,,1.0,1
QTTB,1838,usa,2026,Q2,2026-06-30,2026-08-05,equityusd,105905000.0,sharesbas -> shares_outstanding,29769466.0,2026-10-06,8.109999656677246,241430359.03946495,5.206,3.5575041890237467,2.2796880132143427,2.2796880132143427,POSITIVE,1,,1.0,1
QTWO,1839,usa,2026,Q2,2026-06-30,2026-07-29,equityusd,643454000.0,sharesbas -> shares_outstanding,62354695.0,2026-10-06,57.41999816894531,3580406472.7251434,10.298,10.319255029633293,5.564354985321629,5.5643549853216285,POSITIVE,1,,1.0,1
QUAD,1840,usa,2026,Q2,2026-06-30,2026-07-29,equityusd,124700000.0,sharesbas -> shares_outstanding,51461302.0,2026-10-06,9.390000343322754,483221643.4478359,2.598,2.423180043132216,3.87507332355923,3.8750733235592296,POSITIVE,1,,1.0,1
QUBT,1841,usa,2026,Q2,2026-06-30,2026-08-10,equityusd,1592038000.0,sharesbas -> shares_outstanding,226346861.0,2026-10-06,7.860000133514404,1779086357.6805663,7.084,7.033620846193224,1.1174898825785353,1.1174898825785353,POSITIVE,1,,1.0,1
QUIK,1842,usa,2026,Q2,2026-06-28,2026-08-12,equityusd,31241000.0,sharesbas -> shares_outstanding,18317741.0,2026-10-06,11.489999771118164,210470839.8974018,1.725,1.7055050620051895,6.737007134771672,6.737007134771672,POSITIVE,1,,1.0,1
QURE,1843,usa,2026,Q2,2026-06-30,2026-07-29,equityusd,324050000.0,sharesbas -> shares_outstanding,69366412.0,2026-10-06,23.059999465942383,1599589423.6743393,4.892,4.671569289182782,4.936242628218915,4.936242628218914,POSITIVE,1,,1.0,1
QXO,1844,usa,2026,Q2,2026-06-30,2026-08-14,equityusd,10378000000.0,sharesbas -> shares_outstanding,1037490709.0,2026-10-06,12.109999656677246,12564012129.795834,13.525,10.00298114476898,1.2106390566386427,1.2106390566386427,POSITIVE,1,multi-class ownership validation required,1.0,0
R,1845,usa,2026,Q2,2026-06-30,2026-07-23,equityusd,2879000000.0,sharesbas -> shares_outstanding,38346868.0,2026-10-06,236.1699981689453,9056379745.344788,75.078,75.07783947309595,3.145668546490027,3.145668546490027,POSITIVE,1,,1.0,1
RAIL,1846,usa,2026,Q2,2026-06-30,2026-08-03,equityusd,36201000.0,sharesbas -> shares_outstanding,32791280.0,2026-10-06,6.599999904632568,216422444.87277985,1.133,1.1039825221827266,5.97835542865611,5.97835542865611,POSITIVE,1,,1.0,1
RAMP,1847,usa,2027,Q1,2026-06-30,2026-08-05,equityusd,977397000.0,sharesbas -> shares_outstanding,60794982.0,2026-10-06,37.650001525878906,2288931165.0657806,16.077,16.076935428651,2.341864324389967,2.341864324389967,POSITIVE,1,,1.0,1
RARE,1848,usa,2026,Q2,2026-06-30,2026-08-05,equityusd,-298000000.0,sharesbas -> shares_outstanding,98588873.0,2026-10-06,14.460000038146973,1425595107.340867,-2.924,-3.022653479363741,,,NEGATIVE,0,,1.0,0
RBA,1849,usa,2026,Q2,2026-06-30,2026-08-04,equityusd,5567900000.0,sharesbas -> shares_outstanding,185200000.0,2026-10-06,81.05000305175781,15010460565.185547,29.967,30.064254859611232,2.695892628313286,2.6958926283132865,POSITIVE,1,,1.0,1
RBBN,1850,usa,2026,Q2,2026-06-30,2026-07-31,equityusd,392572000.0,sharesbas -> shares_outstanding,178823352.0,2026-10-06,1.7699999809265137,316517329.62921524,2.215,2.195306125343182,0.8062656777080772,0.8062656777080771,POSITIVE,1,,1.0,1
RBC,1851,usa,2027,Q1,2026-06-27,2026-07-31,equityusd,3462000000.0,sharesbas -> shares_outstanding,31659245.0,2026-10-06,514.1799926757812,16278550362.220764,109.697,109.35194443202926,4.702065384812468,4.702065384812468,POSITIVE,1,multi-class ownership validation required,1.0,0
RBLX,1852,usa,2026,Q2,2026-06-30,2026-07-30,equityusd,152000000.0,sharesbas -> shares_outstanding,714375941.0,2026-10-06,45.560001373291016,32546968853.00606,0.212,0.21277312305230614,214.1247950855662,214.1247950855662,POSITIVE,1,,1.0,1
RCEL,1853,usa,2026,Q2,2026-06-30,2026-08-06,equityusd,-27838000.0,sharesbas -> shares_outstanding,30926847.0,2026-10-06,12.989999771118164,401739735.4514065,-0.905,-0.9001240895976237,,,NEGATIVE,0,,1.0,0
RCKT,1854,usa,2026,Q2,2026-06-30,2026-08-10,equityusd,368830000.0,sharesbas -> shares_outstanding,109774597.0,2026-10-06,2.4800000190734863,272241002.6537843,3.268,3.3598848010346147,0.7381205505348921,0.7381205505348921,POSITIVE,1,multi-class ownership validation required,1.0,0
RCL,1855,usa,2026,Q2,2026-06-30,2026-07-28,equityusd,10236000000.0,sharesbas -> shares_outstanding,267452084.0,2026-10-06,288.7799987792969,77234812491.0404,38.194,38.27227609114461,7.545409582946503,7.545409582946503,POSITIVE,1,,1.0,1
RCUS,1856,usa,2026,Q2,2026-06-30,2026-08-05,equityusd,464000000.0,sharesbas -> shares_outstanding,127333376.0,2026-10-06,24.280000686645508,3091654456.7128906,3.68,3.6439778365728714,6.663048398088127,6.663048398088127,POSITIVE,1,,1.0,1
RDDT,1857,usa,2026,Q2,2026-06-30,2026-07-31,equityusd,3285700000.0,sharesbas -> shares_outstanding,192396510.0,2026-10-06,148.9499969482422,28657459577.352448,17.082,17.077752605803504,8.72187344473094,8.721873444730939,POSITIVE,1,,1.0,1
RDNT,1858,usa,2026,Q2,2026-06-30,2026-08-10,equityusd,1096092000.0,sharesbas -> shares_outstanding,78697257.0,2026-10-06,70.27999877929688,5530843125.894012,14.091,13.927956853693134,5.045966146905563,5.045966146905563,POSITIVE,1,,1.0,1
RDNW,1859,usa,2026,Q2,2026-06-30,2026-08-11,equityusd,-8900000.0,sharesbas -> shares_outstanding,39011088.0,2026-10-06,4.880000114440918,190374113.90446472,-0.23,-0.22814026617253022,,,NEGATIVE,0,,1.0,0
RDVT,1860,usa,2026,Q2,2026-06-30,2026-08-10,equityusd,111612000.0,sharesbas -> shares_outstanding,16046975.0,2026-10-06,78.0199966430664,1251984935.6313705,7.874,6.9553295870405485,11.21729684649832,11.21729684649832,POSITIVE,1,,1.0,1
RDW,1861,usa,2026,Q2,2026-06-30,2026-08-06,equityusd,1629857000.0,sharesbas -> shares_outstanding,249992609.0,2026-10-06,10.619999885559082,2654921478.9706163,7.393,6.519620746067737,1.6289290894665092,1.6289290894665092,POSITIVE,1,multi-class ownership validation required,1.0,0
REAL,1862,usa,2026,Q2,2026-06-30,2026-08-06,equityusd,-377730000.0,sharesbas -> shares_outstanding,121671115.0,2026-10-06,9.40999984741211,1144925173.5844612,-3.121,-3.104516630754966,,,NEGATIVE,0,,1.0,0
REBN,1863,usa,2026,Q2,2026-06-30,2026-09-14,,,sharesbas -> shares_outstanding,8620122.0,2026-10-06,2.0999999046325684,18102255.377921104,,,,,MISSING,0,sharefactor missing/nonunit,,0
REFI,1864,usa,2026,Q2,2026-06-30,2026-08-11,equityusd,301648038.0,sharesbas -> shares_outstanding,25621146.0,2026-10-06,9.800000190734863,251087235.68684578,14.2,11.77340147080072,0.8323847797970619,0.8323847797970619,POSITIVE,1,,1.0,1
REG,1865,usa,2026,Q2,2026-06-30,2026-08-03,equityusd,6874951000.0,sharesbas -> shares_outstanding,183120547.0,2026-10-06,71.41999816894531,13078469131.436264,37.543,37.543307469478016,1.9023363412242886,1.9023363412242886,POSITIVE,1,multi-class ownership validation required,1.0,0
REGN,1866,usa,2026,Q2,2026-06-30,2026-07-30,equityusd,31711400000.0,sharesbas -> shares_outstanding,102954988.0,2026-10-06,738.719970703125,76054905719.10059,308.477,308.01227425717343,2.398345885678355,2.398345885678355,POSITIVE,1,,1.0,1
REKR,1867,usa,2026,Q2,2026-06-30,2026-08-13,equityusd,34129000.0,sharesbas -> shares_outstanding,137636495.0,2026-10-06,0.3240000009536743,44594224.51126039,0.248,0.24796475673112717,1.3066373029171787,1.3066373029171787,POSITIVE,1,,1.0,1
RELY,1868,usa,2026,Q2,2026-06-30,2026-08-05,equityusd,1126848000.0,sharesbas -> shares_outstanding,211684054.0,2026-10-06,23.200000762939453,4911070214.302116,5.345,5.323254060506607,4.358236616031725,4.358236616031724,POSITIVE,1,,1.0,1
RENT,1869,usa,2027,Q2,2026-07-31,2026-09-11,,,sharesbas -> shares_outstanding,33774121.0,2026-10-06,1.649999976158142,55727298.844762206,,,,,MISSING,0,sharefactor missing/nonunit,,0
REPL,1870,usa,2027,Q1,2026-06-30,2026-08-14,equityusd,105645000.0,sharesbas -> shares_outstanding,94219634.0,2026-10-06,13.25,1248410150.5,1.091,1.1212631116779757,11.817030152870464,11.817030152870462,POSITIVE,1,,1.0,1
RES,1871,usa,2026,Q2,2026-06-30,2026-07-30,equityusd,1108749000.0,sharesbas -> shares_outstanding,221657012.0,2026-10-06,6.039999961853027,1338808344.024456,5.002,5.002093053568728,1.2074945222268123,1.2074945222268123,POSITIVE,1,,1.0,1
REVB,1872,usa,2026,Q2,2026-06-30,2026-08-06,equityusd,10066986.0,sharesbas -> shares_outstanding,3983416.0,2026-10-06,0.7519999742507935,2995528.7294301987,2.629,2.5272243722473373,0.297559639938925,0.297559639938925,POSITIVE,1,multi-class ownership validation required,1.0,0
REX,1873,usa,2027,Q2,2026-07-31,2026-09-03,equityusd,673621000.0,sharesbas -> shares_outstanding,33175640.0,2026-10-06,44.040000915527344,1461055215.9732056,20.357,20.304687415223942,2.168957345411152,2.168957345411152,POSITIVE,1,,1.0,1
REXR,1874,usa,2026,Q2,2026-06-30,2026-07-28,equityusd,7541567000.0,sharesbas -> shares_outstanding,222988124.0,2026-10-06,36.79999923706055,8205962793.073563,33.696,33.820487229176386,1.088097843998941,1.088097843998941,POSITIVE,1,multi-class ownership validation required,1.0,0
REYN,1875,usa,2026,Q2,2026-06-30,2026-07-29,equityusd,2310000000.0,sharesbas -> shares_outstanding,210790982.0,2026-10-06,22.31999969482422,4704854653.911697,10.969,10.958723082375506,2.0367336164119902,2.0367336164119902,POSITIVE,1,,1.0,1
REZI,1876,usa,2026,Q2,2026-07-04,2026-08-12,equityusd,3006000000.0,sharesbas -> shares_outstanding,151847378.0,2026-10-06,18.920000076293945,2872952403.3450356,19.907,19.796192990569782,0.9557393224700717,0.9557393224700718,POSITIVE,1,,1.0,1
RGEN,1877,usa,2026,Q2,2026-06-30,2026-07-29,equityusd,2112032000.0,sharesbas -> shares_outstanding,56435621.0,2026-10-06,174.86000061035156,9868332722.50557,37.435,37.42373987521108,4.672435229440449,4.672435229440449,POSITIVE,1,,1.0,1
RGLD,1878,usa,2026,Q2,2026-06-30,2026-08-06,equityusd,7587006000.0,sharesbas -> shares_outstanding,84727857.0,2026-10-06,234.35000610351562,19855973805.0878,89.489,89.54559065503096,2.6171026891355824,2.6171026891355824,POSITIVE,1,,1.0,1
RGNX,1879,usa,2026,Q2,2026-06-30,2026-08-06,equityusd,71765000.0,sharesbas -> shares_outstanding,66013192.0,2026-10-06,7.449999809265137,491798267.80898285,1.359,1.0871311903838856,6.8528985969342004,6.8528985969342,POSITIVE,1,,1.0,1
RGP,1880,usa,2026,Q4,2026-05-30,2026-07-24,equityusd,169774000.0,sharesbas -> shares_outstanding,34443626.0,2026-10-06,3.690000057220459,127096981.91088009,4.97,4.929039700988508,0.748624535623123,0.748624535623123,POSITIVE,1,,1.0,1
RGR,1881,usa,2026,Q2,2026-06-27,2026-07-29,equityusd,289793000.0,sharesbas -> shares_outstanding,15978256.0,2026-10-06,43.650001525878906,697450898.7808838,18.161,18.136710289283137,2.4067210000962196,2.4067210000962196,POSITIVE,1,,1.0,1
RGTI,1882,usa,2026,Q2,2026-06-30,2026-08-06,equityusd,537434000.0,sharesbas -> shares_outstanding,333768747.0,2026-10-06,15.170000076293945,5063271917.454535,1.613,1.6101986924497758,9.421197612087315,9.421197612087315,POSITIVE,1,multi-class ownership validation required,1.0,0
RH,1883,usa,2027,Q2,2026-08-01,2026-09-10,,,sharesbas -> shares_outstanding,18933159.0,2026-10-06,117.16000366210938,2218208977.775299,,,,,MISSING,0,sharefactor missing/nonunit,,0
RHI,1884,usa,2026,Q2,2026-06-30,2026-08-04,equityusd,1207659000.0,sharesbas -> shares_outstanding,102361828.0,2026-10-06,33.66999816894531,3446522561.329895,12.084,11.797942881598402,2.853887199391463,2.853887199391463,POSITIVE,1,,1.0,1
RHP,1885,usa,2026,Q2,2026-06-30,2026-08-07,equityusd,748321000.0,sharesbas -> shares_outstanding,63119288.0,2026-10-06,120.91000366210938,7631753343.229736,11.856,11.855662883903253,10.198502171166833,10.198502171166833,POSITIVE,1,,1.0,1
RIG,1886,usa,2026,Q2,2026-06-30,2026-08-07,equityusd,8370000000.0,sharesbas -> shares_outstanding,1116880085.0,2026-10-06,5.400000095367432,6031152565.513985,7.473,7.494090110846591,0.7205678094998788,0.7205678094998786,POSITIVE,1,,1.0,1
RIGL,1887,usa,2026,Q2,2026-06-30,2026-08-04,equityusd,425422000.0,sharesbas -> shares_outstanding,18679864.0,2026-10-06,46.11000061035156,861328540.4412842,22.945,22.774362811206764,2.024645035849778,2.024645035849778,POSITIVE,1,,1.0,1
RIME,1888,usa,2026,Q2,2026-06-30,2026-08-14,equityusd,3280000.0,sharesbas -> shares_outstanding,16990135.0,2026-10-06,0.1599999964237213,2718421.5392385423,0.217,0.1930532041093258,0.828787054645897,0.8287870546458971,POSITIVE,1,,1.0,1
RITM,1889,usa,2026,Q2,2026-06-30,2026-08-04,equityusd,8516862000.0,sharesbas -> shares_outstanding,558407031.0,2026-10-06,8.65999984741211,4835804803.253849,15.254,15.252067984795843,0.5677918467216974,0.5677918467216974,POSITIVE,1,multi-class ownership validation required,1.0,0
RIVN,1890,usa,2026,Q2,2026-06-30,2026-07-30,equityusd,5106000000.0,sharesbas -> shares_outstanding,1447860630.0,2026-10-06,14.510000228881836,21008458072.689,3.854,3.526582527490923,4.11446495744007,4.11446495744007,POSITIVE,1,,1.0,1
RKLB,1891,usa,2026,Q2,2026-06-30,2026-08-10,equityusd,3492153000.0,sharesbas -> shares_outstanding,598350482.0,2026-10-06,75.05999755859375,44912185718.10339,5.546,5.836300136881982,12.860887171353431,12.86088717135343,POSITIVE,1,multi-class ownership validation required,1.0,0
RL,1892,usa,2027,Q1,2026-06-27,2026-08-06,equityusd,2721600000.0,sharesbas -> shares_outstanding,59582239.0,2026-10-06,368.6700134277344,21966184852.18448,45.285,45.67804173992186,8.071055574729746,8.071055574729746,POSITIVE,1,,1.0,1
RLAY,1893,usa,2026,Q2,2026-06-30,2026-08-06,equityusd,890009000.0,sharesbas -> shares_outstanding,219141631.0,2026-10-06,18.739999771118164,4106714114.782461,4.388,4.061341498366415,4.614238861385066,4.614238861385066,POSITIVE,1,,1.0,1
RLJ,1894,usa,2026,Q2,2026-06-30,2026-08-07,equityusd,2151929000.0,sharesbas -> shares_outstanding,152375872.0,2026-10-06,11.180000305175781,1703562295.4614258,14.357,14.122504906813592,0.7916442854115661,0.791644285411566,POSITIVE,1,multi-class ownership validation required,1.0,0
RLMD,1895,usa,2026,Q2,2026-06-30,2026-08-06,equityusd,206558323.0,sharesbas -> shares_outstanding,106669846.0,2026-10-06,3.2799999713897705,349877091.8281512,1.838,1.9364265605108308,1.6938416556962037,1.6938416556962037,POSITIVE,1,,1.0,1
RMAX,1896,usa,2026,Q2,2026-06-30,2026-08-06,equityusd,443927000.0,sharesbas -> shares_outstanding,21317742.0,2026-08-24,12.359999656677246,263487283.8011341,20.857,20.824297432626775,0.5935374144873687,0.5935374144873686,POSITIVE,1,price stale >3 days,1.0,0
RMBS,1897,usa,2026,Q2,2026-06-30,2026-07-28,equityusd,1466659000.0,sharesbas -> shares_outstanding,108461603.0,2026-10-06,114.08999633789062,12374383889.071747,13.527,13.522379896966855,8.437124027515425,8.437124027515425,POSITIVE,1,,1.0,1
RMD,1898,usa,2026,Q4,2026-06-30,2026-08-13,equityusd,6585393000.0,sharesbas -> shares_outstanding,144252306.0,2026-10-06,220.69000244140625,31835041763.31848,45.508,45.65190798405677,4.834190117935024,4.834190117935024,POSITIVE,1,,1.0,1
RMNI,1899,usa,2026,Q2,2026-06-30,2026-07-30,equityusd,-16668000.0,sharesbas -> shares_outstanding,93356000.0,2026-10-06,4.110000133514404,383693172.4643707,-0.179,-0.17854235399974291,,,NEGATIVE,0,multi-class ownership validation required,1.0,0
RMR,1900,usa,2026,Q3,2026-06-30,2026-08-05,equityusd,224186000.0,sharesbas -> shares_outstanding,32080226.0,2026-10-06,17.6299991607666,565574357.4572029,13.352,6.988292414149451,2.5227907070789564,2.5227907070789564,POSITIVE,1,,1.0,1
RMTI,1901,usa,2026,Q2,2026-06-30,2026-08-13,equityusd,35085000.0,sharesbas -> shares_outstanding,4030465.0,2026-10-06,7.650000095367432,30833057.634375095,8.863,8.704950917574028,0.8788102503740941,0.8788102503740942,POSITIVE,1,,1.0,1
RNAZ,1902,usa,2026,Q2,2026-06-30,2026-08-14,equityusd,-27694917.0,sharesbas -> shares_outstanding,16930739.0,2026-10-06,1.7799999713897705,30136714.93560767,-28.934,-1.635777209724868,,,NEGATIVE,0,,1.0,0
RNG,1903,usa,2026,Q2,2026-06-30,2026-07-23,equityusd,-610359000.0,sharesbas -> shares_outstanding,83506162.0,2026-10-06,77.26000213623047,6451686254.508408,-7.262,-7.3091492338014525,,,NEGATIVE,0,,1.0,0
RNGR,1904,usa,2026,Q2,2026-06-30,2026-07-28,equityusd,302900000.0,sharesbas -> shares_outstanding,23402023.0,2026-10-06,15.649999618530273,366241651.0228367,12.784,12.943325455239489,1.209117368843964,1.209117368843964,POSITIVE,1,,1.0,1
ROAD,1905,usa,2026,Q3,2026-06-30,2026-08-07,equityusd,1040736000.0,sharesbas -> shares_outstanding,56755555.0,2026-10-06,93.88999938964844,5328779024.309158,18.616,18.337165410504753,5.1202024570199915,5.1202024570199915,POSITIVE,1,,1.0,1
ROCK,1906,usa,2026,Q2,2026-06-30,2026-08-05,equityusd,890752000.0,sharesbas -> shares_outstanding,29683889.0,2026-10-06,40.79999923706055,1211102648.55299,29.921,30.00792786955914,1.3596406727719836,1.3596406727719836,POSITIVE,1,,1.0,1
ROG,1907,usa,2026,Q2,2026-06-30,2026-07-29,equityusd,1204700000.0,sharesbas -> shares_outstanding,17868335.0,2026-10-06,156.60000610351562,2798181370.059662,67.421,67.42094324960887,2.3227204864776807,2.3227204864776807,POSITIVE,1,,1.0,1
ROIV,1908,usa,2027,Q1,2026-06-30,2026-08-06,equityusd,4231273000.0,sharesbas -> shares_outstanding,722323015.0,2026-10-06,35.529998779296875,25664135841.20804,5.87,5.857868172731559,6.065346254237918,6.065346254237918,POSITIVE,1,multi-class ownership validation required,1.0,0
ROK,1909,usa,2026,Q3,2026-06-30,2026-08-04,equityusd,3494000000.0,sharesbas -> shares_outstanding,111048676.0,2026-10-06,450.739990234375,50054079135.78027,31.449,31.463679945180075,14.325723851110553,14.325723851110553,POSITIVE,1,,1.0,1
ROKU,1910,usa,2026,Q2,2026-06-30,2026-08-06,equityusd,2823452000.0,sharesbas -> shares_outstanding,148418969.0,2026-10-06,152.05999755859375,22568588063.789,19.081,19.02352522068793,7.993260754490957,7.993260754490957,POSITIVE,1,,1.0,1
ROL,1911,usa,2026,Q2,2026-06-30,2026-07-23,equityusd,1429597000.0,sharesbas -> shares_outstanding,481145404.0,2026-10-06,30.350000381469727,14602763194.942406,2.97,2.9712369444144167,10.21460117427667,10.214601174276671,POSITIVE,1,,1.0,1
ROP,1912,usa,2026,Q2,2026-06-30,2026-07-31,equityusd,18700300000.0,sharesbas -> shares_outstanding,98900874.0,2026-10-06,362.2799987792969,35829808511.991394,186.258,189.08124108185334,1.9160018027513672,1.9160018027513672,POSITIVE,1,,1.0,1
ROST,1913,usa,2027,Q2,2026-08-01,2026-09-01,equityusd,6743184000.0,sharesbas -> shares_outstanding,319453110.0,2026-10-06,224.2100067138672,71624583937.86575,21.226,21.10852512908702,10.621775104737726,10.621775104737726,POSITIVE,1,,1.0,1
RPAY,1914,usa,2026,Q2,2026-06-30,2026-08-10,equityusd,472543000.0,sharesbas -> shares_outstanding,95146530.0,2026-10-06,3.8299999237060547,364411202.64089584,5.674,4.9664764442802065,0.7711704599177129,0.7711704599177129,POSITIVE,1,multi-class ownership validation required,1.0,0
RPD,1915,usa,2026,Q2,2026-06-30,2026-08-10,equityusd,196704000.0,sharesbas -> shares_outstanding,67400640.0,2026-10-06,12.270000457763672,827005883.6535645,2.935,2.9184292612058282,4.204316555095801,4.204316555095801,POSITIVE,1,,1.0,1
RPID,1916,usa,2026,Q2,2026-06-30,2026-08-07,equityusd,17748000.0,sharesbas -> shares_outstanding,50159556.0,2026-10-06,0.9430000185966492,47300462.240799665,0.367,0.35383088319202827,2.6651150687851963,2.6651150687851963,POSITIVE,1,,1.0,1
RPM,1917,usa,2026,Q4,2026-05-31,2026-07-22,equityusd,3311533000.0,sharesbas -> shares_outstanding,127741412.0,2026-10-06,98.30999755859375,12558257901.851318,26.131,25.923723154085692,3.792279256118335,3.792279256118335,POSITIVE,1,,1.0,1
RPRX,1918,usa,2026,Q2,2026-06-30,2026-08-05,equityusd,9785714000.0,sharesbas -> shares_outstanding,575001204.0,2026-10-06,56.439998626708984,32453067164.116013,21.987,17.018597408015168,3.3163719238183345,3.316371923818335,POSITIVE,1,,1.0,1
RPT,1919,usa,2026,Q2,2026-06-30,2026-07-31,equityusd,285300000.0,sharesbas -> shares_outstanding,7772564.0,2026-10-06,10.850000381469727,84332322.36499786,36.833,36.70603419926809,0.2955917362951205,0.2955917362951204,POSITIVE,1,multi-class ownership validation required,1.0,0
RR,1920,usa,2026,Q3,2026-06-30,2026-08-19,equityusd,369041000.0,sharesbas -> shares_outstanding,225101943.0,2026-10-06,1.6699999570846558,375920235.1496726,1.645,1.6394394250075397,1.0186408424800297,1.0186408424800297,POSITIVE,1,,1.0,1
RRC,1921,usa,2026,Q2,2026-06-30,2026-07-21,equityusd,4708749000.0,sharesbas -> shares_outstanding,233679515.0,2026-10-06,40.02000045776367,9351854297.269993,20.06,20.150456919597765,1.9860592053791768,1.9860592053791766,POSITIVE,1,,1.0,1
RRGB,1922,usa,2026,Q2,2026-07-12,2026-08-12,equityusd,-105590000.0,sharesbas -> shares_outstanding,18903752.0,2026-10-06,8.359999656677246,158035360.2299118,-5.638,-5.585663629103895,,,NEGATIVE,0,,1.0,0
RRR,1923,usa,2026,Q2,2026-06-30,2026-08-07,equityusd,171070000.0,sharesbas -> shares_outstanding,105016189.0,2026-10-06,52.04999923706055,5466092557.329006,2.955,1.6289869364808125,31.952373632600725,31.952373632600725,POSITIVE,1,,1.0,1
RRX,1924,usa,2026,Q2,2026-06-30,2026-08-05,equityusd,6915500000.0,sharesbas -> shares_outstanding,66591867.0,2026-10-06,166.36000061035156,11078223034.76445,103.836,103.8490180790396,1.6019410071237727,1.6019410071237727,POSITIVE,1,,1.0,1
RS,1925,usa,2026,Q2,2026-06-30,2026-07-28,equityusd,7401500000.0,sharesbas -> shares_outstanding,51054555.0,2026-10-06,401.489990234375,20497892788.37036,144.985,144.97237318002283,2.76942414218339,2.76942414218339,POSITIVE,1,,1.0,1
RSG,1926,usa,2026,Q2,2026-06-30,2026-08-07,equityusd,12032000000.0,sharesbas -> shares_outstanding,306212978.0,2026-10-06,214.74000549316406,65756176577.79813,39.128,39.29291331342593,5.465107760787743,5.465107760787744,POSITIVE,1,,1.0,1
RSI,1927,usa,2026,Q2,2026-06-30,2026-07-30,equityusd,185076000.0,sharesbas -> shares_outstanding,231773358.0,2026-10-06,20.559999465942383,4765260116.699673,1.668,0.7985214590539781,25.747585406533926,25.747585406533926,POSITIVE,1,multi-class ownership validation required,1.0,0
RTX,1928,usa,2026,Q2,2026-06-30,2026-07-23,equityusd,66377000000.0,sharesbas -> shares_outstanding,1347758144.0,2026-10-06,183.2899932861328,247030581165.09082,49.25,49.249934267138066,3.7216291963344355,3.7216291963344355,POSITIVE,1,multi-class ownership validation required,1.0,0
RUM,1929,usa,2026,Q2,2026-06-30,2026-08-10,equityusd,1336981743.0,sharesbas -> shares_outstanding,495810194.0,2026-10-06,7.650000095367432,3792948031.384145,4.709,2.696559609260474,2.836948261442449,2.8369482614424486,POSITIVE,1,multi-class ownership validation required,1.0,0
RUN,1930,usa,2026,Q2,2026-06-30,2026-08-05,equityusd,3490084000.0,sharesbas -> shares_outstanding,240846982.0,2026-10-06,7.769999980926514,1871381045.5462084,14.603,14.490877033285805,0.5361994283078024,0.5361994283078024,POSITIVE,1,,1.0,1
RUSHA,1931,usa,2026,Q2,2026-06-30,2026-08-07,equityusd,2331388000.0,sharesbas -> shares_outstanding,116730416.0,2026-10-06,47.04999923706055,5492165983.74176,19.936,19.972412331675404,2.355749443568278,2.355749443568278,POSITIVE,1,multi-class ownership validation required,1.0,0
RVLV,1932,usa,2026,Q2,2026-06-30,2026-08-04,equityusd,538182000.0,sharesbas -> shares_outstanding,71085420.0,2026-10-06,21.209999084472656,1507721693.1193542,7.547,7.570919606299014,2.8015089562998283,2.8015089562998283,POSITIVE,1,,1.0,1
RVMD,1933,usa,2026,Q2,2026-06-30,2026-08-05,equityusd,2606238000.0,sharesbas -> shares_outstanding,214336418.0,2026-10-06,199.8699951171875,42839418819.09546,12.358,12.159566835720844,16.437262759232066,16.437262759232066,POSITIVE,1,multi-class ownership validation required,1.0,0
RVTY,1934,usa,2026,Q2,2026-07-05,2026-08-11,equityusd,7228758000.0,sharesbas -> shares_outstanding,111586401.0,2026-10-06,153.3000030517578,17106195613.834671,64.783,64.78171116926694,2.366408671286917,2.366408671286917,POSITIVE,1,,1.0,1
RXO,1935,usa,2026,Q2,2026-06-30,2026-08-06,equityusd,1506000000.0,sharesbas -> shares_outstanding,164926128.0,2026-10-06,28.540000915527344,4706991844.11438,8.877,9.131360920569238,3.1254925923734262,3.1254925923734262,POSITIVE,1,,1.0,1
RXRX,1936,usa,2026,Q2,2026-06-30,2026-08-05,equityusd,915003000.0,sharesbas -> shares_outstanding,540889504.0,2026-10-06,4.630000114440918,2504318465.4198914,1.718,1.6916634418552148,2.736951097886992,2.736951097886992,POSITIVE,1,,1.0,1
RXST,1937,usa,2026,Q2,2026-06-30,2026-08-05,equityusd,263340000.0,sharesbas -> shares_outstanding,41593256.0,2026-10-06,4.650000095367432,193408644.366642,6.347,6.331314865082936,0.7344446129210982,0.7344446129210982,POSITIVE,1,,1.0,1
RXT,1938,usa,2026,Q2,2026-06-30,2026-08-10,equityusd,-1281100000.0,sharesbas -> shares_outstanding,254872850.0,2026-10-06,4.019999980926514,1024588852.1386862,-5.122,-5.0264278835505625,,,NEGATIVE,0,,1.0,0
RYAM,1939,usa,2026,Q2,2026-06-27,2026-08-05,equityusd,194754000.0,sharesbas -> shares_outstanding,67644208.0,2026-10-06,6.789999961853027,459304169.73957825,2.879,2.879093506424083,2.358381187239175,2.358381187239175,POSITIVE,1,multi-class ownership validation required,1.0,0
RYN,1940,usa,2026,Q2,2026-06-30,2026-08-07,equityusd,5212152000.0,sharesbas -> shares_outstanding,297567291.0,2026-10-06,18.09000015258789,5382992339.595165,17.516,17.515876770205903,1.0327773134005234,1.0327773134005236,POSITIVE,1,,1.0,1
RYTM,1941,usa,2026,Q2,2026-06-30,2026-08-04,equityusd,102983000.0,sharesbas -> shares_outstanding,68852082.0,2026-10-06,90.7699966430664,6249703252.008133,1.501,1.495713666291166,60.68674686121139,60.6867468612114,POSITIVE,1,,1.0,1
RZLT,1942,usa,2026,Q4,2026-06-30,2026-09-24,,,sharesbas -> shares_outstanding,96722333.0,2026-10-06,4.320000171661377,417840495.16348886,,,,,MISSING,0,sharefactor missing/nonunit,,0
S,1943,usa,2027,Q2,2026-07-31,2026-08-28,equityusd,1448504000.0,sharesbas -> shares_outstanding,348049117.0,2026-10-06,25.799999237060547,8979666953.059597,4.241,4.16178041905505,6.199269696914608,6.199269696914608,POSITIVE,1,,1.0,1
SABR,1944,usa,2026,Q2,2026-06-30,2026-08-06,equityusd,-1070334000.0,sharesbas -> shares_outstanding,403583214.0,2026-10-06,1.9199999570846558,774879753.5600874,-2.68,-2.652077596071674,,,NEGATIVE,0,multi-class ownership validation required,1.0,0
SABS,1945,usa,2026,Q2,2026-06-30,2026-08-06,equityusd,214785000.0,sharesbas -> shares_outstanding,90986368.0,2026-10-06,2.930000066757202,266590064.31399536,2.693,2.3606283525901373,1.2411949824894448,1.2411949824894446,POSITIVE,1,multi-class ownership validation required,1.0,0
SAFE,1946,usa,2026,Q2,2026-06-30,2026-07-31,equityusd,2439146000.0,sharesbas -> shares_outstanding,70816280.0,2026-10-06,12.100000381469727,856877015.014267,34.134,34.44329467743858,0.3513020602351261,0.3513020602351261,POSITIVE,1,multi-class ownership validation required,1.0,0
SAH,1947,usa,2026,Q2,2026-06-30,2026-07-30,equityusd,1025600000.0,sharesbas -> shares_outstanding,31614802.0,2026-10-06,61.0,1928502922.0,32.456,32.44050049720381,1.8803655635725431,1.880365563572543,POSITIVE,1,,1.0,1
SAIA,1948,usa,2026,Q2,2026-06-30,2026-07-30,equityusd,2726728000.0,sharesbas -> shares_outstanding,26674650.0,2026-10-06,341.6499938964844,9113394009.690857,101.823,102.22169737934706,3.3422453613601566,3.3422453613601566,POSITIVE,1,,1.0,1
SAIC,1949,usa,2027,Q2,2026-07-31,2026-08-31,equityusd,1436000000.0,sharesbas -> shares_outstanding,41897635.0,2026-10-06,124.58999633789062,5220026191.216278,34.274,34.274010931643275,3.635115732044762,3.635115732044762,POSITIVE,1,,1.0,1
SAM,1950,usa,2026,Q2,2026-06-27,2026-07-23,equityusd,714572000.0,sharesbas -> shares_outstanding,10291681.0,2026-10-06,170.3699951171875,1753393641.7176514,68.795,69.43200046717344,2.4537676283392735,2.4537676283392735,POSITIVE,1,,1.0,1
SANA,1951,usa,2026,Q2,2026-06-30,2026-08-10,equityusd,154568000.0,sharesbas -> shares_outstanding,299360637.0,2026-10-06,2.75,823241751.75,0.523,0.5163270680774239,5.326081412388076,5.326081412388075,POSITIVE,1,,1.0,1
SANM,1952,usa,2026,Q3,2026-06-27,2026-07-27,equityusd,2759625000.0,sharesbas -> shares_outstanding,53597356.0,2026-10-06,228.07000732421875,12223949375.47876,51.236,51.48808086727263,4.429569008643841,4.429569008643841,POSITIVE,1,,1.0,1
SATL,1953,usa,2026,Q2,2026-06-30,2026-08-06,equityusd,33882000.0,sharesbas -> shares_outstanding,153739911.0,2026-10-06,5.510000228881836,847106944.7982731,0.225,0.22038519327619488,25.001680679956117,25.001680679956117,POSITIVE,1,multi-class ownership validation required,1.0,0
SBAC,1954,usa,2026,Q2,2026-06-30,2026-08-06,equityusd,-4629854000.0,sharesbas -> shares_outstanding,106088110.0,2026-10-06,169.6999969482422,18003151943.24478,-43.648,-43.64159188056041,,,NEGATIVE,0,,1.0,0
SBFM,1955,usa,2026,Q2,2026-06-30,2026-08-13,equityusd,27538002.0,sharesbas -> shares_outstanding,3877337.0,2026-10-06,0.39800000190734863,1543180.1333954334,20.17,7.1022977884047735,0.056038202531738995,0.056038202531738995,POSITIVE,1,multi-class ownership validation required,1.0,0
SBGI,1956,usa,2026,Q2,2026-06-30,2026-08-05,equityusd,380000000.0,sharesbas -> shares_outstanding,72318060.0,2026-10-06,12.960000038146973,937242060.358715,5.266,5.254565733649382,2.4664264746281974,2.4664264746281974,POSITIVE,1,,1.0,1
SBH,1957,usa,2026,Q3,2026-06-30,2026-08-03,equityusd,871474000.0,sharesbas -> shares_outstanding,93622292.0,2026-10-06,16.260000228881836,1522298489.348442,9.168,9.308402746644997,1.746808842660185,1.746808842660185,POSITIVE,1,,1.0,1
SBRA,1958,usa,2026,Q2,2026-06-30,2026-08-03,equityusd,2750723000.0,sharesbas -> shares_outstanding,255462756.0,2026-10-06,19.1200008392334,4884448109.112877,10.904,10.767608723363182,1.7756961021203796,1.7756961021203796,POSITIVE,1,multi-class ownership validation required,1.0,0
SBUX,1959,usa,2026,Q3,2026-06-28,2026-07-29,equityusd,-7674300000.0,sharesbas -> shares_outstanding,1140000000.0,2026-10-06,96.11000061035156,109565400695.80078,-6.734,-6.731842105263158,,,NEGATIVE,0,,1.0,0
SCCO,1960,usa,2026,Q2,2026-06-30,2026-07-31,equityusd,12632200000.0,sharesbas -> shares_outstanding,834331706.0,2026-10-06,204.25999450683594,170420589684.43906,15.236,15.14050096521203,13.490966710821477,13.490966710821477,POSITIVE,1,,1.0,1
SCHL,1961,usa,2027,Q1,2026-08-31,2026-09-25,,,sharesbas -> shares_outstanding,18409444.0,2026-10-06,37.0099983215332,681333491.5403595,,,,,MISSING,0,sharefactor missing/nonunit,,0
SCI,1962,usa,2026,Q2,2026-06-30,2026-07-30,equityusd,1537251000.0,sharesbas -> shares_outstanding,136291587.0,2026-10-06,77.30000305175781,10535340091.028915,11.178,11.279133465516107,6.853363628339754,6.853363628339754,POSITIVE,1,,1.0,1
SCL,1963,usa,2026,Q2,2026-06-30,2026-08-05,equityusd,1212046000.0,sharesbas -> shares_outstanding,22732540.0,2026-10-06,62.38999938964844,1418283156.7251587,52.935,53.31766709747349,1.170156212491241,1.170156212491241,POSITIVE,1,,1.0,1
SCLX,1964,usa,2026,Q2,2026-06-30,2026-08-14,equityusd,-308322000.0,sharesbas -> shares_outstanding,8493000.0,2026-10-06,3.9600000381469727,33632280.32398224,-44.736,-36.30307311903921,,,NEGATIVE,0,multi-class ownership validation required,1.0,0
SCNI,1965,usa,2026,Q2,2026-06-30,2026-08-26,equityusd,11732000.0,sharesbas -> shares_outstanding,22800887584.0,2026-10-06,1.2200000286102295,27817083504.818626,15.544,0.0005145413728644784,2371.043599115123,2371.0435991151235,POSITIVE,1,sharefactor missing/nonunit; multi-class ownership validation required,0.0,0
SCSC,1966,usa,2026,Q4,2026-06-30,2026-08-20,equityusd,910792000.0,sharesbas -> shares_outstanding,20142812.0,2026-10-06,60.939998626708984,1227502935.6180573,44.778,45.216725450249946,1.3477313542697533,1.3477313542697533,POSITIVE,1,,1.0,1
SD,1967,usa,2026,Q2,2026-06-30,2026-08-06,equityusd,542681000.0,sharesbas -> shares_outstanding,37075296.0,2026-10-06,13.760000228881836,510156081.4458618,14.704,14.637266820472586,0.9400662294162903,0.9400662294162903,POSITIVE,1,,1.0,1
SDGR,1968,usa,2026,Q2,2026-06-30,2026-08-05,equityusd,328956000.0,sharesbas -> shares_outstanding,74805628.0,2026-10-06,28.899999618530273,2161882620.6639175,4.403,4.397476617668392,6.571950718831448,6.571950718831447,POSITIVE,1,,1.0,1
SDRL,1969,usa,2026,Q2,2026-06-30,2026-08-10,equityusd,2864000000.0,sharesbas -> shares_outstanding,62541443.0,2026-10-06,45.09000015258789,2819993674.413067,45.794,45.79363479029417,0.9846346628537245,0.9846346628537245,POSITIVE,1,ADR ownership/ratio validation required,1.0,0
SDST,1970,usa,2026,Q2,2026-06-30,2026-08-13,equityusd,-8240860.0,sharesbas -> shares_outstanding,14049388.0,2026-10-06,0.07999999821186066,1123951.0148777366,-0.745,-0.5865636282519922,,,NEGATIVE,0,multi-class ownership validation required,1.0,0
SEAT,1971,usa,2026,Q2,2026-06-30,2026-08-04,equityusd,-105079000.0,sharesbas -> shares_outstanding,11241195.0,2026-10-06,3.069999933242798,34510467.89956927,-9.51,-9.347671666579933,,,NEGATIVE,0,multi-class ownership validation required,1.0,0
SEB,1972,usa,2026,Q2,2026-07-04,2026-08-04,equityusd,5486000000.0,sharesbas -> shares_outstanding,957794.0,2026-10-06,4112.68994140625,3939109749.739258,5727.745,5727.745214524209,0.7180294840939223,0.7180294840939223,POSITIVE,1,,1.0,1
SEDG,1973,usa,2026,Q2,2026-06-30,2026-08-05,equityusd,412085000.0,sharesbas -> shares_outstanding,61525748.0,2026-10-06,34.040000915527344,2094336518.2485046,6.75,6.69776497475496,5.082292532483601,5.082292532483601,POSITIVE,1,,1.0,1
SEER,1974,usa,2026,Q2,2026-06-30,2026-08-11,equityusd,225680000.0,sharesbas -> shares_outstanding,55372015.0,2026-10-06,2.190000057220459,121264716.01841211,4.091,4.075705028975377,0.537330361655495,0.537330361655495,POSITIVE,1,,1.0,1
SEGG,1975,usa,2025,Q4,2025-12-31,2026-07-10,equityusd,23277057.0,sharesbas -> shares_outstanding,3259487.0,2026-10-06,2.4200000762939453,7887958.788679123,46.35,7.141325306712376,0.3388726843208367,0.3388726843208367,POSITIVE,1,multi-class ownership validation required,1.0,0
SEI,1976,usa,2026,Q2,2026-06-30,2026-08-06,equityusd,901976000.0,sharesbas -> shares_outstanding,76566392.0,2026-10-06,79.69999694824219,6102341208.737915,11.78,11.780312176653172,6.765525034743623,6.765525034743624,POSITIVE,1,,1.0,1
SERA,1977,usa,2026,Q2,2026-06-30,2026-08-12,equityusd,59380000.0,sharesbas -> shares_outstanding,39449466.0,2026-10-06,2.049999952316284,80871403.41890287,1.176,1.5052168260021568,1.3619300003183374,1.3619300003183374,POSITIVE,1,,1.0,1
SERV,1978,usa,2026,Q2,2026-06-30,2026-08-06,equityusd,351792000.0,sharesbas -> shares_outstanding,86707507.0,2026-10-06,4.769999980926514,413594806.73618555,4.38,4.057226555942844,1.1756799663897575,1.1756799663897575,POSITIVE,1,,1.0,1
SES,1979,usa,2026,Q2,2026-06-30,2026-08-11,equityusd,187059000.0,sharesbas -> shares_outstanding,371287400.0,2026-10-06,0.7900000214576721,293317053.9669633,0.556,0.5038118718814589,1.5680456645601832,1.568045664560183,POSITIVE,1,multi-class ownership validation required,1.0,0
SFIX,1980,usa,2026,Q4,2026-08-01,2026-09-24,,,sharesbas -> shares_outstanding,133603687.0,2026-10-06,2.6700000762939453,356721854.4831524,,,,,MISSING,0,sharefactor missing/nonunit,,0
SFM,1981,usa,2026,Q2,2026-06-28,2026-07-29,equityusd,1500868000.0,sharesbas -> shares_outstanding,93247625.0,2026-10-06,65.16999816894531,6076947550.508499,15.969,16.095509134951158,4.048955371497359,4.048955371497359,POSITIVE,1,,1.0,1
SG,1982,usa,2026,Q2,2026-06-28,2026-08-07,equityusd,467621000.0,sharesbas -> shares_outstanding,119041315.0,2026-10-06,9.140000343322754,1088037659.969592,3.933,3.9282244151956824,2.326751065434598,2.326751065434598,POSITIVE,1,,1.0,1
SGHT,1983,usa,2026,Q2,2026-06-30,2026-08-05,equityusd,52894000.0,sharesbas -> shares_outstanding,55087990.0,2026-10-06,8.5600004196167,471553217.51584053,0.97,0.9601729887040714,8.915060640447699,8.915060640447697,POSITIVE,1,,1.0,1
SGI,1984,usa,2026,Q2,2026-06-30,2026-08-07,equityusd,3229400000.0,sharesbas -> shares_outstanding,210365491.0,2026-10-06,62.7400016784668,13198331258.431492,15.349,15.35137718952202,4.086929850260573,4.086929850260572,POSITIVE,1,,1.0,1
SGLY,1985,usa,2026,Q4,2026-06-30,2026-09-29,,,sharesbas -> shares_outstanding,5403788.0,2026-10-06,0.800000011920929,4323030.464418173,,,,,MISSING,0,sharefactor missing/nonunit,,0
SGMT,1986,usa,2026,Q2,2026-06-30,2026-08-11,equityusd,256155000.0,sharesbas -> shares_outstanding,62158653.0,2026-10-06,8.760000228881836,544509814.5069866,4.823,4.120986984708308,2.1257044153227014,2.1257044153227014,POSITIVE,1,,1.0,1
SGRY,1987,usa,2026,Q2,2026-06-30,2026-08-10,equityusd,1670700000.0,sharesbas -> shares_outstanding,130918260.0,2026-10-06,13.40999984741211,1755613846.6234589,12.969,12.76139783709316,1.0508253107221277,1.0508253107221277,POSITIVE,1,,1.0,1
SHAK,1988,usa,2026,Q2,2026-07-01,2026-08-05,equityusd,544321000.0,sharesbas -> shares_outstanding,42798938.0,2026-10-06,64.61000061035156,2765239410.3023987,12.718,12.718095949016305,5.08016301098506,5.08016301098506,POSITIVE,1,,1.0,1
SHC,1989,usa,2026,Q2,2026-06-30,2026-08-06,equityusd,665648000.0,sharesbas -> shares_outstanding,285374795.0,2026-10-06,18.25,5208090008.75,2.329,2.332539564329779,7.824090222985722,7.824090222985722,POSITIVE,1,,1.0,1
SHEN,1990,usa,2026,Q2,2026-06-30,2026-07-29,equityusd,859938000.0,sharesbas -> shares_outstanding,53364680.0,2026-10-06,11.5,613693820.0,15.417,16.114366281218214,0.7136489142240487,0.7136489142240487,POSITIVE,1,,1.0,1
SHLS,1991,usa,2026,Q2,2026-06-30,2026-08-04,equityusd,617219000.0,sharesbas -> shares_outstanding,168299950.0,2026-10-06,8.489999771118164,1428866536.9791985,3.673,3.6673748269087425,2.3150073749822973,2.3150073749822973,POSITIVE,1,,1.0,1
SHO,1992,usa,2026,Q2,2026-06-30,2026-08-06,equityusd,1880772000.0,sharesbas -> shares_outstanding,185943941.0,2026-10-06,11.220000267028809,2086291067.672389,10.148,10.114725921615268,1.109273781017789,1.109273781017789,POSITIVE,1,multi-class ownership validation required,1.0,0
SHOO,1993,usa,2026,Q2,2026-06-30,2026-07-31,equityusd,939603000.0,sharesbas -> shares_outstanding,73177095.0,2026-10-06,45.58000183105469,3335412124.091263,13.18,12.840124358585156,3.54980999857521,3.54980999857521,POSITIVE,1,,1.0,1
SHOP,1994,usa,2026,Q2,2026-06-30,2026-08-05,equityusd,12684000000.0,sharesbas -> shares_outstanding,1286643931.0,2026-10-06,164.44000244140625,211575731154.86053,9.793,9.858205284613431,16.680521220030002,16.680521220030002,POSITIVE,1,,1.0,1
SHPH,1995,usa,2026,Q2,2026-06-30,2026-09-24,,,sharesbas -> shares_outstanding,4764696.0,2026-10-06,4.059999942779541,19344665.487361908,,,,,MISSING,0,sharefactor missing/nonunit,,0
SHW,1996,usa,2026,Q2,2026-06-30,2026-07-28,equityusd,3854700000.0,sharesbas -> shares_outstanding,242758151.0,2026-10-06,321.1600036621094,77964208664.1669,15.804,15.878766517710048,20.225752630338782,20.225752630338782,POSITIVE,1,,1.0,1
SIBN,1997,usa,2026,Q2,2026-06-30,2026-08-04,equityusd,182347000.0,sharesbas -> shares_outstanding,44818575.0,2026-10-06,19.549999237060547,876203107.0561409,4.1,4.0685586277564605,4.805141335235243,4.805141335235243,POSITIVE,1,,1.0,1
SIDU,1998,usa,2026,Q2,2026-06-30,2026-08-13,equityusd,188841347.0,sharesbas -> shares_outstanding,101225326.0,2026-10-06,1.7400000095367432,176132068.20535994,2.215,1.865554347535517,0.9326986436151609,0.9326986436151609,POSITIVE,1,,1.0,1
SIG,1999,usa,2027,Q2,2026-08-01,2026-09-09,,,sharesbas -> shares_outstanding,38317243.0,2026-10-06,102.0999984741211,3912190451.832527,,,,,MISSING,0,sharefactor missing/nonunit,,0
SIGA,2000,usa,2026,Q2,2026-06-30,2026-08-06,equityusd,165290635.0,sharesbas -> shares_outstanding,71849716.0,2026-10-06,3.2899999618530273,236385562.89915085,2.304,2.300505056971972,1.430120725830298,1.430120725830298,POSITIVE,1,,1.0,1
SINT,2001,usa,2026,Q2,2026-06-30,2026-08-11,equityusd,4830000.0,sharesbas -> shares_outstanding,6664534.0,2026-10-06,2.180000066757202,14528684.564905643,0.996,0.724731841716165,3.008009226688539,3.008009226688539,POSITIVE,1,,1.0,1
SIRI,2002,usa,2026,Q2,2026-06-30,2026-07-30,equityusd,11908000000.0,sharesbas -> shares_outstanding,337066891.0,2026-10-06,26.360000610351562,8885083452.489304,35.335,35.32829927220588,0.7461440588251012,0.746144058825101,POSITIVE,1,,1.0,1
SITC,2003,usa,2026,Q2,2026-06-30,2026-08-03,equityusd,282259000.0,sharesbas -> shares_outstanding,52475339.0,2026-10-06,3.200000047683716,167921087.30221915,5.379,5.37888854800919,0.5949184518552788,0.5949184518552788,POSITIVE,1,multi-class ownership validation required,1.0,0
SITE,2004,usa,2026,Q2,2026-06-28,2026-07-29,equityusd,1687600000.0,sharesbas -> shares_outstanding,43655390.0,2026-10-06,90.47000122070312,3949503186.590271,38.224,38.65731127359073,2.3403076478965814,2.3403076478965814,POSITIVE,1,,1.0,1
SITM,2005,usa,2026,Q2,2026-06-30,2026-08-06,equityusd,1025052000.0,sharesbas -> shares_outstanding,30071036.0,2026-10-06,711.0599975585938,21382310784.744385,38.754,34.08768490716449,20.859732759649642,20.859732759649642,POSITIVE,1,,1.0,1
SJM,2006,usa,2027,Q1,2026-07-31,2026-08-26,equityusd,5750800000.0,sharesbas -> shares_outstanding,106823183.0,2026-10-06,116.80000305175781,12476948100.398483,53.835,53.83475607537364,2.1696021597688118,2.1696021597688118,POSITIVE,1,multi-class ownership validation required,1.0,0
SKIN,2007,usa,2026,Q2,2026-06-30,2026-08-06,equityusd,55568000.0,sharesbas -> shares_outstanding,130140763.0,2026-10-06,0.5860000252723694,76262490.40696543,0.429,0.42698381905137595,1.3724174058264726,1.3724174058264726,POSITIVE,1,multi-class ownership validation required,1.0,0
SKT,2008,usa,2026,Q2,2026-06-30,2026-08-06,equityusd,673968000.0,sharesbas -> shares_outstanding,114878989.0,2026-10-06,34.939998626708984,4013871717.8977165,5.867,5.866764722311405,5.955582042319096,5.955582042319096,POSITIVE,1,,1.0,1
SKY,2009,usa,2027,Q1,2026-06-27,2026-08-05,equityusd,1572572000.0,sharesbas -> shares_outstanding,54280134.0,2026-10-06,85.88999938964844,4662120676.130035,28.971,28.971409687382128,2.9646468817517007,2.9646468817517007,POSITIVE,1,,1.0,1
SKYE,2010,usa,2026,Q2,2026-06-30,2026-08-14,equityusd,-497307.0,sharesbas -> shares_outstanding,4427677.0,2026-10-06,1.6200000047683716,7172836.761112809,-0.1,-0.1123178136074515,,,NEGATIVE,0,,1.0,0
SKYH,2011,usa,2026,Q2,2026-06-30,2026-08-12,equityusd,126296000.0,sharesbas -> shares_outstanding,76616731.0,2026-10-06,9.359999656677246,717132575.8557329,3.665,1.6484127990268862,5.678189141823438,5.678189141823438,POSITIVE,1,multi-class ownership validation required,1.0,0
SKYW,2012,usa,2026,Q2,2026-06-30,2026-07-24,equityusd,2761493000.0,sharesbas -> shares_outstanding,38828325.0,2026-10-06,97.70999908447266,3793915600.2016068,70.046,71.12058014349061,1.3738639207854615,1.3738639207854617,POSITIVE,1,,1.0,1
SKYX,2013,usa,2026,Q2,2026-06-30,2026-08-12,equityusd,13655500.0,sharesbas -> shares_outstanding,135430994.0,2026-10-06,1.1299999952316284,153037022.5742147,0.102,0.10082994739003392,11.206987849160756,11.206987849160756,POSITIVE,1,,1.0,1
SLAB,2014,usa,2026,Q2,2026-07-04,2026-08-11,equityusd,1094802000.0,sharesbas -> shares_outstanding,33366761.0,2026-10-06,222.6199951171875,7428108170.896362,32.97,32.81115598844011,6.784887286373575,6.784887286373575,POSITIVE,1,,1.0,1
SLB,2015,usa,2026,Q2,2026-06-30,2026-07-29,equityusd,26074000000.0,sharesbas -> shares_outstanding,1484143231.0,2026-10-06,50.0,74207161550.0,17.499,17.56838521739685,2.8460213833704073,2.8460213833704073,POSITIVE,1,,1.0,1
SLDB,2016,usa,2026,Q2,2026-06-30,2026-08-06,equityusd,374075000.0,sharesbas -> shares_outstanding,107225238.0,2026-10-06,6.920000076293945,741998655.1406364,2.603,3.4886842592039757,1.9835558514753364,1.9835558514753364,POSITIVE,1,,1.0,1
SLDP,2017,usa,2026,Q2,2026-06-30,2026-08-05,equityusd,501743000.0,sharesbas -> shares_outstanding,228181212.0,2026-10-06,2.3499999046325684,536225826.43894386,2.22,2.1988795466648674,1.0687260737846744,1.0687260737846744,POSITIVE,1,multi-class ownership validation required,1.0,0
SLE,2018,usa,2026,Q2,2026-06-30,2026-08-14,equityusd,12905000.0,sharesbas -> shares_outstanding,1695120.0,2026-10-06,5.03000020980835,8526453.95565033,7.005,7.613030345934211,0.6607093340294715,0.6607093340294715,POSITIVE,1,,1.0,1
SLG,2019,usa,2026,Q2,2026-06-30,2026-08-06,equityusd,3417575000.0,sharesbas -> shares_outstanding,70849907.0,2026-10-06,48.400001525878906,3429135606.9083786,48.36,48.236831136560276,1.0033826929645666,1.0033826929645666,POSITIVE,1,multi-class ownership validation required,1.0,0
SLGN,2020,usa,2026,Q2,2026-06-30,2026-08-06,equityusd,2379372000.0,sharesbas -> shares_outstanding,105682020.0,2026-10-06,35.209999084472656,3721063827.445221,22.514,22.514444746608742,1.5638848517361812,1.5638848517361812,POSITIVE,1,,1.0,1
SLN,2021,usa,2026,Q2,2026-06-30,2026-08-10,equityusd,-38471000.0,sharesbas -> shares_outstanding,141740037.0,2026-10-06,9.829999923706055,1393304552.8960934,-0.814,-0.2714194296421695,,,NEGATIVE,0,sharefactor missing/nonunit; ADR ownership/ratio validation required,0.333,0
SLP,2022,usa,2026,Q3,2026-05-31,2026-07-09,equityusd,139035000.0,sharesbas -> shares_outstanding,20224838.0,2026-10-06,18.5,374159503.0,6.88,6.874467919100267,2.6911173661308303,2.6911173661308303,POSITIVE,1,,1.0,1
SLS,2023,usa,2026,Q2,2026-06-30,2026-08-11,equityusd,137656000.0,sharesbas -> shares_outstanding,201945709.0,2026-10-06,11.34000015258789,2290064370.8744698,0.728,0.6816485513935827,16.636139150305617,16.636139150305617,POSITIVE,1,,1.0,1
SLVM,2024,usa,2026,Q2,2026-06-30,2026-08-07,equityusd,955000000.0,sharesbas -> shares_outstanding,39760243.0,2026-10-06,32.90999984741211,1308509591.0630684,24.019,24.01896789212279,1.3701671110608047,1.3701671110608047,POSITIVE,1,,1.0,1
SLXN,2025,usa,2026,Q2,2026-06-30,2026-08-14,equityusd,44000.0,sharesbas -> shares_outstanding,5560256.0,2026-10-06,0.2630000114440918,1462347.39163208,0.064,0.00791330471114999,33.23516799163818,33.235167991638185,POSITIVE,1,multi-class ownership validation required,1.0,0
SM,2026,usa,2026,Q2,2026-06-30,2026-08-06,equityusd,7813000000.0,sharesbas -> shares_outstanding,237854068.0,2026-10-06,35.099998474121094,8348677423.863495,32.69,32.847872082641864,1.0685623222659024,1.0685623222659024,POSITIVE,1,,1.0,1
SMCI,2027,usa,2026,Q4,2026-06-30,2026-08-31,equityusd,14479452000.0,sharesbas -> shares_outstanding,656965384.0,2026-10-06,43.459999084472656,28551714987.170227,23.604,22.039900963792636,1.9718781475410967,1.9718781475410967,POSITIVE,1,multi-class ownership validation required,1.0,0
SMG,2028,usa,2026,Q3,2026-06-27,2026-08-05,equityusd,-208700000.0,sharesbas -> shares_outstanding,58220274.0,2026-10-06,50.52000045776367,2941288269.1311264,-3.586,-3.5846619340884587,,,NEGATIVE,0,,1.0,0
SMHI,2029,usa,2026,Q2,2026-06-30,2026-07-29,equityusd,251991000.0,sharesbas -> shares_outstanding,27132826.0,2026-10-06,8.380000114440918,227373084.9851055,9.665,9.28731124432081,0.9023063719938629,0.902306371993863,POSITIVE,1,,1.0,1
SMMT,2030,usa,2026,Q2,2026-06-30,2026-07-23,equityusd,629983000.0,sharesbas -> shares_outstanding,797749602.0,2026-10-06,17.309999465942383,13809045184.575748,0.81,0.7897001746169471,21.91971082485678,21.91971082485678,POSITIVE,1,,1.0,1
SMP,2031,usa,2026,Q2,2026-06-30,2026-08-04,equityusd,717725000.0,sharesbas -> shares_outstanding,22340293.0,2026-10-06,37.560001373291016,839101435.7597237,32.197,32.126928684417884,1.1691127322577917,1.1691127322577919,POSITIVE,1,,1.0,1
SMR,2032,usa,2026,Q2,2026-06-30,2026-08-05,equityusd,2061309000.0,sharesbas -> shares_outstanding,429723272.0,2026-10-06,8.020000457763672,3446380838.151703,5.655,4.796828876421661,1.6719379957840883,1.671937995784088,POSITIVE,1,multi-class ownership validation required,1.0,0
SMRT,2033,usa,2026,Q2,2026-06-30,2026-08-05,equityusd,225138000.0,sharesbas -> shares_outstanding,191611799.0,2026-10-06,1.2000000476837158,229934167.93676257,1.17,1.1749693973699395,1.0213032359564471,1.0213032359564471,POSITIVE,1,,1.0,1
SMTC,2034,usa,2027,Q2,2026-07-26,2026-08-26,equityusd,748872000.0,sharesbas -> shares_outstanding,93325626.0,2026-10-06,197.1999969482422,18403813162.39279,8.028,8.024291205933084,24.575378919752364,24.575378919752364,POSITIVE,1,,1.0,1
SMXT,2035,usa,2026,Q1,2026-03-31,2026-05-15,equityusd,-11407976.0,sharesbas -> shares_outstanding,4742214.0,2026-10-06,3.4200000762939453,16218372.241802216,-2.437,-2.4056223527660285,,,NEGATIVE,0,,1.0,0
SN,2036,usa,2026,Q2,2026-06-30,2026-08-05,equityusd,2843371000.0,sharesbas -> shares_outstanding,140871552.0,2026-10-06,184.72000122070312,26021793257.402344,20.111,20.184139094314798,9.151740401587533,9.151740401587533,POSITIVE,1,,1.0,1
SNA,2037,usa,2026,Q2,2026-07-04,2026-07-23,equityusd,6041300000.0,sharesbas -> shares_outstanding,51727124.0,2026-10-06,368.6099853515625,19067134419.918457,116.853,116.79172420256731,3.1561310346975744,3.1561310346975744,POSITIVE,1,,1.0,1
SNAP,2038,usa,2026,Q2,2026-06-30,2026-08-04,equityusd,1927088000.0,sharesbas -> shares_outstanding,1691197712.0,2026-10-06,5.78000020980835,9775123130.1874,1.158,1.139481201001057,5.072484043379131,5.07248404337913,POSITIVE,1,,1.0,1
SNDR,2039,usa,2026,Q2,2026-06-30,2026-07-31,equityusd,3059400000.0,sharesbas -> shares_outstanding,175300899.0,2026-10-06,31.600000381469727,5539508475.271986,17.462,17.452277868808874,1.8106519171314592,1.810651917131459,POSITIVE,1,,1.0,1
SNDX,2040,usa,2026,Q2,2026-06-30,2026-08-04,equityusd,15099000.0,sharesbas -> shares_outstanding,89297086.0,2026-10-06,17.3700008392334,1551090458.761097,0.17,0.1690872645049134,102.72802561501403,102.72802561501403,POSITIVE,1,,1.0,1
SNGX,2041,usa,2026,Q2,2026-06-30,2026-08-07,equityusd,6645557.0,sharesbas -> shares_outstanding,21765479.0,2026-10-06,0.36000001430511475,7835572.751357675,0.417,0.305325557043794,1.1790693769322382,1.1790693769322382,POSITIVE,1,multi-class ownership validation required,1.0,0
SNOA,2042,usa,2027,Q1,2026-06-30,2026-08-06,equityusd,6594000.0,sharesbas -> shares_outstanding,4788425.0,2026-10-06,1.2300000190734863,5889762.841331959,1.715,1.3770707487326208,0.8932003095741521,0.8932003095741521,POSITIVE,1,multi-class ownership validation required,1.0,0
SNOW,2043,usa,2027,Q2,2026-07-31,2026-09-04,equityusd,2149664000.0,sharesbas -> shares_outstanding,352800000.0,2026-10-06,335.95001220703125,118523164306.64062,6.155,6.093151927437642,55.135669717053744,55.135669717053744,POSITIVE,1,,1.0,1
SNPS,2044,usa,2026,Q3,2026-07-31,2026-08-26,equityusd,31152539000.0,sharesbas -> shares_outstanding,191636646.0,2026-10-06,505.1700134277344,96809087033.06598,162.646,162.56044785922626,3.1075825643959862,3.1075825643959862,POSITIVE,1,,1.0,1
SNTI,2045,usa,2026,Q2,2026-06-30,2026-08-14,equityusd,-3401000.0,sharesbas -> shares_outstanding,31144754.0,2026-10-06,0.3230000138282776,10059755.972678304,-0.109,-0.10919977085065434,,,NEGATIVE,0,,1.0,0
SNX,2046,usa,2026,Q3,2026-08-31,2026-10-01,,,sharesbas -> shares_outstanding,79777511.0,2026-10-06,278.3800048828125,22208463901.718628,,,,,MISSING,0,sharefactor missing/nonunit,,0
SO,2047,usa,2026,Q2,2026-06-30,2026-07-29,equityusd,42342000000.0,sharesbas -> shares_outstanding,1150362966.0,2026-10-06,85.44000244140625,98287014623.54333,37.24,36.807513151462146,2.3212652832540583,2.3212652832540583,POSITIVE,1,multi-class ownership validation required,1.0,0
SOBR,2048,usa,2026,Q2,2026-06-30,2026-08-14,equityusd,-271693.0,sharesbas -> shares_outstanding,5387210.0,2026-10-06,0.06599999964237213,355555.85807338357,-0.096,-0.05043296994176949,,,NEGATIVE,0,,1.0,0
SOC,2049,usa,2026,Q2,2026-06-30,2026-08-10,equityusd,395000000.0,sharesbas -> shares_outstanding,191869572.0,2026-10-06,3.569999933242798,684974359.2313242,2.574,2.058690160626407,1.7341123018514537,1.7341123018514537,POSITIVE,1,multi-class ownership validation required,1.0,0
SOLV,2050,usa,2026,Q2,2026-06-30,2026-08-05,equityusd,4800000000.0,sharesbas -> shares_outstanding,170223729.0,2026-10-06,87.04000091552734,14816273528.004478,27.794,28.198183814901622,3.0867236516676,3.0867236516675995,POSITIVE,1,,1.0,1
SON,2051,usa,2026,Q2,2026-06-28,2026-07-28,equityusd,3581061000.0,sharesbas -> shares_outstanding,98875003.0,2026-10-06,48.02000045776367,4747977689.321384,35.999,36.21806211222062,1.3258578084320216,1.3258578084320218,POSITIVE,1,,1.0,1
SONO,2052,usa,2026,Q3,2026-06-27,2026-07-29,equityusd,403532000.0,sharesbas -> shares_outstanding,118293979.0,2026-10-06,17.43000030517578,2061864090.0704575,3.392,3.411264067801794,5.109542960831997,5.109542960831997,POSITIVE,1,,1.0,1
SOUN,2053,usa,2026,Q2,2026-06-30,2026-08-10,equityusd,490430000.0,sharesbas -> shares_outstanding,444109844.0,2026-10-06,5.71999979019165,2540308214.5020466,1.139,1.1042988725104683,5.1797569775544865,5.179756977554486,POSITIVE,1,multi-class ownership validation required,1.0,0
SPB,2054,usa,2026,Q3,2026-06-28,2026-08-07,equityusd,1848700000.0,sharesbas -> shares_outstanding,22995596.0,2026-10-06,76.72000122070312,1764222153.190796,80.03,80.39365450671511,0.9543041884517748,0.9543041884517747,POSITIVE,1,,1.0,1
SPCE,2055,usa,2026,Q2,2026-06-30,2026-08-12,equityusd,396114000.0,sharesbas -> shares_outstanding,151595903.0,2026-10-06,3.069999933242798,465399412.08988166,3.576,2.6129597974689327,1.1749128081559392,1.174912808155939,POSITIVE,1,multi-class ownership validation required,1.0,0
SPG,2056,usa,2026,Q2,2026-06-30,2026-08-10,equityusd,4434416000.0,sharesbas -> shares_outstanding,323559515.0,2026-10-06,201.74000549316406,65274898333.4655,13.705,13.705101517413265,14.720066483042073,14.720066483042073,POSITIVE,1,multi-class ownership validation required,1.0,0
SPGI,2057,usa,2026,Q2,2026-06-30,2026-07-28,equityusd,31501000000.0,sharesbas -> shares_outstanding,294800000.0,2026-10-06,396.1300048828125,116779125439.45312,106.638,106.85549525101764,3.707156135978322,3.7071561359783223,POSITIVE,1,,1.0,1
SPH,2058,usa,2026,Q3,2026-06-27,2026-08-06,equityusd,713022000.0,sharesbas -> shares_outstanding,66712387.0,2026-10-06,17.079999923706055,1139447564.8702488,10.692,10.688000116080392,1.5980538677211205,1.5980538677211205,POSITIVE,1,,1.0,1
SPHR,2059,usa,2026,Q2,2026-06-30,2026-07-30,equityusd,2227858000.0,sharesbas -> shares_outstanding,35913607.0,2026-10-06,105.37999725341797,3784575807.0203323,61.628,62.03381353479755,1.6987509109738288,1.6987509109738288,POSITIVE,1,,1.0,1
SPIR,2060,usa,2026,Q2,2026-06-30,2026-08-13,equityusd,144285000.0,sharesbas -> shares_outstanding,40622371.0,2026-10-06,10.979999542236328,446033614.9845543,3.768,3.551860623792737,3.0913373877018007,3.0913373877018007,POSITIVE,1,multi-class ownership validation required,1.0,0
SPOK,2061,usa,2026,Q2,2026-06-30,2026-07-30,equityusd,139867000.0,sharesbas -> shares_outstanding,20918137.0,2026-10-06,10.960000038146973,229262782.3179636,6.692,6.686398506712142,1.6391484933398413,1.6391484933398415,POSITIVE,1,,1.0,1
SPRO,2062,usa,2026,Q2,2026-06-30,2026-08-12,equityusd,44204000.0,sharesbas -> shares_outstanding,58234827.0,2026-10-06,1.190000057220459,69299447.46222353,0.763,0.7590646744773536,1.5677189272967045,1.5677189272967047,POSITIVE,1,,1.0,1
SPRU,2063,usa,2026,Q2,2026-06-30,2026-08-13,equityusd,120399000.0,sharesbas -> shares_outstanding,19252186.0,2026-10-06,1.6100000143051147,30996019.73540473,6.466,6.2537833366039575,0.2574441626209913,0.2574441626209913,POSITIVE,1,multi-class ownership validation required,1.0,0
SPRY,2064,usa,2026,Q2,2026-06-30,2026-08-13,equityusd,12512000.0,sharesbas -> shares_outstanding,99447343.0,2026-10-06,4.295000076293945,427126345.77223015,0.126,0.12581532721291508,34.137335819391794,34.137335819391794,POSITIVE,1,,1.0,1
SPSC,2065,usa,2026,Q2,2026-06-30,2026-07-30,equityusd,938482000.0,sharesbas -> shares_outstanding,36000174.0,2026-10-06,81.0199966430664,2916733976.6298065,25.689,26.068818445155294,3.107927457990464,3.107927457990464,POSITIVE,1,,1.0,1
SPT,2066,usa,2026,Q2,2026-06-30,2026-08-07,equityusd,228550000.0,sharesbas -> shares_outstanding,60592212.0,2026-10-06,10.130000114440918,613799114.4942284,3.794,3.77193689512441,2.6856229030594108,2.6856229030594108,POSITIVE,1,,1.0,1
SPWH,2067,usa,2027,Q2,2026-08-01,2026-09-01,equityusd,163791000.0,sharesbas -> shares_outstanding,39141465.0,2026-10-06,1.1399999856948853,44621269.54007685,4.195,4.184590433699914,0.2724280915317499,0.2724280915317499,POSITIVE,1,,1.0,1
SPWR,2068,usa,2026,Q2,2026-06-28,2026-08-21,equityusd,-26271000.0,sharesbas -> shares_outstanding,208796937.0,2026-10-06,0.30000001192092896,62639083.58905345,-0.176,-0.12582081125069378,,,NEGATIVE,0,multi-class ownership validation required,1.0,0
SPXC,2069,usa,2026,Q2,2026-06-27,2026-07-31,equityusd,2348400000.0,sharesbas -> shares_outstanding,50085860.0,2026-10-06,175.82000732421875,8806096272.039795,46.902,46.88748481108241,3.749828083818683,3.749828083818683,POSITIVE,1,,1.0,1
SQFT,2070,usa,2026,Q2,2026-06-30,2026-08-13,equityusd,13853278.0,sharesbas -> shares_outstanding,1434432.0,2026-10-06,0.9399999976158142,1348366.0765800476,10.53,9.657674954267613,0.09733191498647811,0.09733191498647811,POSITIVE,1,multi-class ownership validation required,1.0,0
SR,2071,usa,2026,Q3,2026-06-30,2026-08-05,equityusd,3583000000.0,sharesbas -> shares_outstanding,59112807.0,2026-10-06,78.16999816894531,4620848014.951218,60.729,60.612922678498414,1.2896589491909622,1.2896589491909622,POSITIVE,1,multi-class ownership validation required,1.0,0
SRE,2072,usa,2026,Q2,2026-06-30,2026-08-06,equityusd,32685000000.0,sharesbas -> shares_outstanding,653900348.0,2026-10-06,79.97000122070312,52292411627.7782,49.974,49.98468054034435,1.5998902134856419,1.5998902134856416,POSITIVE,1,multi-class ownership validation required,1.0,0
SRFM,2073,usa,2026,Q2,2026-06-30,2026-08-10,equityusd,-42457000.0,sharesbas -> shares_outstanding,123644243.0,2026-10-06,1.0099999904632568,124880684.25083661,-0.432,-0.3433803222039218,,,NEGATIVE,0,,1.0,0
SRG,2074,usa,2026,Q2,2026-06-30,2026-08-14,equityusd,292217000.0,sharesbas -> shares_outstanding,56324607.0,2026-10-06,1.7200000286102295,96878325.65145993,5.188,5.188087686080082,0.33152871205802514,0.33152871205802514,POSITIVE,1,multi-class ownership validation required,1.0,0
SRI,2075,usa,2026,Q2,2026-06-30,2026-08-05,equityusd,149125000.0,sharesbas -> shares_outstanding,28522874.0,2026-10-06,6.5,185398681.0,5.28,5.2282599572539565,1.2432434601844091,1.2432434601844091,POSITIVE,1,,1.0,1
SRPT,2076,usa,2026,Q2,2026-06-30,2026-08-05,equityusd,1527798000.0,sharesbas -> shares_outstanding,105627021.0,2026-10-06,17.309999465942383,1828403677.0990849,14.491,14.464083011486236,1.1967574752022747,1.1967574752022747,POSITIVE,1,,1.0,1
SRRK,2077,usa,2026,Q2,2026-06-30,2026-08-06,equityusd,253784000.0,sharesbas -> shares_outstanding,121785282.0,2026-10-06,42.45000076293945,5169785313.814796,1.943,2.083864288297169,20.370808694853874,20.370808694853878,POSITIVE,1,,1.0,1
SRTA,2078,usa,2026,Q2,2026-06-30,2026-08-04,equityusd,279318000.0,sharesbas -> shares_outstanding,88466806.0,2026-10-06,4.75,420217328.5,3.24,3.1573198200464025,1.5044405605796978,1.5044405605796978,POSITIVE,1,multi-class ownership validation required,1.0,0
SRTS,2079,usa,2026,Q2,2026-06-30,2026-08-14,equityusd,36863000.0,sharesbas -> shares_outstanding,16462059.0,2026-10-06,2.9700000286102295,48892315.700983286,2.239,2.239270312419607,1.3263249247479392,1.3263249247479394,POSITIVE,1,multi-class ownership validation required,1.0,0
SSD,2080,usa,2026,Q2,2026-06-30,2026-08-06,equityusd,2117758000.0,sharesbas -> shares_outstanding,40984682.0,2026-10-06,175.02000427246094,7173139218.745453,51.698,51.67193928697556,3.3871382937736287,3.3871382937736287,POSITIVE,1,,1.0,1
SSKN,2081,usa,2025,Q3,2025-09-30,2025-11-14,equityusd,1314000.0,sharesbas -> shares_outstanding,5888199.0,2026-10-05,0.004999999888241291,29440.99434194248,0.293,0.22315821866754162,0.02240562735307647,0.02240562735307647,POSITIVE,1,fundamentals stale >180 days,1.0,0
SSNC,2082,usa,2026,Q2,2026-06-30,2026-07-30,equityusd,6640700000.0,sharesbas -> shares_outstanding,234654996.0,2026-10-06,77.98999786376953,18300742636.762848,27.89,28.29984493490179,2.7558454133996184,2.755845413399619,POSITIVE,1,,1.0,1
SSP,2083,usa,2026,Q2,2026-06-30,2026-08-07,equityusd,100687000.0,sharesbas -> shares_outstanding,92668991.0,2026-10-06,2.9200000762939453,270593460.79008293,1.087,1.0865231067423622,2.6874716774765655,2.6874716774765655,POSITIVE,1,,1.0,1
SSRM,2084,usa,2026,Q2,2026-06-30,2026-08-04,equityusd,3391574000.0,sharesbas -> shares_outstanding,203909312.0,2026-10-06,34.279998779296875,6990010966.447266,16.305,16.632756820836118,2.06099320446709,2.06099320446709,POSITIVE,1,,1.0,1
SSTK,2085,usa,2026,Q2,2026-06-30,2026-08-07,equityusd,363660000.0,sharesbas -> shares_outstanding,36947684.0,2026-10-06,4.079999923706055,150746547.90111542,9.908,9.842565504241078,0.4145260625340027,0.4145260625340027,POSITIVE,1,,1.0,1
ST,2086,usa,2026,Q2,2026-06-30,2026-07-29,equityusd,2960000000.0,sharesbas -> shares_outstanding,145535862.0,2026-10-06,43.91999816894531,6391934792.555878,20.339,20.33862966366324,2.1594374299175265,2.159437429917526,POSITIVE,1,,1.0,1
STAA,2087,usa,2026,Q2,2026-07-03,2026-08-12,equityusd,365398000.0,sharesbas -> shares_outstanding,50143984.0,2026-10-06,22.149999618530273,1110689226.4715881,7.261,7.286975841409011,3.039669692969278,3.039669692969278,POSITIVE,1,,1.0,1
STAG,2088,usa,2026,Q2,2026-06-30,2026-07-28,equityusd,3631016000.0,sharesbas -> shares_outstanding,192808329.0,2026-10-06,36.119998931884766,6964236637.5384865,18.993,18.832256982010357,1.9179856650420948,1.9179856650420948,POSITIVE,1,multi-class ownership validation required,1.0,0
STE,2089,usa,2027,Q1,2026-06-30,2026-08-07,equityusd,7206700000.0,sharesbas -> shares_outstanding,97500110.0,2026-10-06,208.64999389648438,20343397356.406555,73.915,73.91478840382847,2.8228450409211643,2.8228450409211643,POSITIVE,1,,1.0,1
STEM,2090,usa,2026,Q2,2026-06-30,2026-08-13,equityusd,-269571000.0,sharesbas -> shares_outstanding,9626744.0,2026-10-06,4.769999980926514,45919568.69638443,-29.589,-28.002302751584544,,,NEGATIVE,0,multi-class ownership validation required,1.0,0
STGW,2091,usa,2026,Q2,2026-06-30,2026-07-31,equityusd,669384000.0,sharesbas -> shares_outstanding,244475451.0,2026-10-06,8.5,2078041333.5,2.722,2.7380417839989994,3.1044084314832743,3.1044084314832743,POSITIVE,1,,1.0,1
STIM,2092,usa,2026,Q2,2026-06-30,2026-08-11,equityusd,17850000.0,sharesbas -> shares_outstanding,76197222.0,2026-10-06,2.2100000381469727,168395863.52669334,0.244,0.23426050886737051,9.433941934268535,9.433941934268535,POSITIVE,1,,1.0,1
STLD,2093,usa,2026,Q2,2026-06-30,2026-07-28,equityusd,9419532000.0,sharesbas -> shares_outstanding,143328088.0,2026-10-06,238.1699981689453,34136450456.518433,65.415,65.72007016517237,3.6240070585798136,3.624007058579814,POSITIVE,1,,1.0,1
STOK,2094,usa,2026,Q2,2026-06-30,2026-08-03,equityusd,345547000.0,sharesbas -> shares_outstanding,64526242.0,2026-10-06,24.3700008392334,1572504571.6925774,5.234,5.355139076594605,4.550768988567626,4.550768988567626,POSITIVE,1,,1.0,1
STRA,2095,usa,2026,Q2,2026-06-30,2026-07-29,equityusd,1633584000.0,sharesbas -> shares_outstanding,22207559.0,2026-10-06,79.81999969482422,1772607352.6027908,76.404,73.55981807815978,1.085103277580333,1.085103277580333,POSITIVE,1,,1.0,1
STRL,2096,usa,2026,Q2,2026-06-30,2026-08-04,equityusd,1357315000.0,sharesbas -> shares_outstanding,30588518.0,2026-10-06,563.6900024414062,17242441786.099,44.228,44.37334950323517,12.703345786423196,12.703345786423196,POSITIVE,1,,1.0,1
STTK,2097,usa,2026,Q2,2026-06-30,2026-08-11,equityusd,211136000.0,sharesbas -> shares_outstanding,100363253.0,2026-10-06,5.860000133514404,588128675.9799399,1.627,2.1037181805974345,2.785544274685226,2.7855442746852264,POSITIVE,1,,1.0,1
STWD,2098,usa,2026,Q2,2026-06-30,2026-08-06,equityusd,6498963000.0,sharesbas -> shares_outstanding,370168950.0,2026-10-06,12.930000305175781,4786284636.4665985,17.557,17.556748074088873,0.7364689776609896,0.7364689776609897,POSITIVE,1,,1.0,1
STX,2099,usa,2026,Q4,2026-07-03,2026-08-04,equityusd,2167000000.0,sharesbas -> shares_outstanding,226644518.0,2026-10-06,805.6300048828125,182591624143.0027,9.631,9.561228390267088,84.26009420535426,84.26009420535426,POSITIVE,1,,1.0,1
STZ,2100,usa,2027,Q1,2026-05-31,2026-07-01,equityusd,8255600000.0,sharesbas -> shares_outstanding,170778434.0,2026-10-06,115.66999816894531,19753941148.075348,47.946,48.34099837219493,2.3927929100338377,2.392792910033837,POSITIVE,1,multi-class ownership validation required,1.0,0
SUI,2101,usa,2026,Q2,2026-06-30,2026-07-28,equityusd,5519400000.0,sharesbas -> shares_outstanding,121800957.0,2026-10-06,112.06999969482422,13650233213.819298,45.056,45.31491489020074,2.4731371550928176,2.4731371550928176,POSITIVE,1,multi-class ownership validation required,1.0,0
SUN,2102,usa,2026,Q2,2026-06-30,2026-08-06,equityusd,8348000000.0,sharesbas -> shares_outstanding,204824629.0,2026-10-06,72.95999908447266,14944004744.317451,60.981,40.7568173844953,1.7901299406225983,1.7901299406225983,POSITIVE,1,,1.0,1
SUNE,2103,usa,2026,Q2,2026-06-30,2026-08-12,equityusd,20523746.0,sharesbas -> shares_outstanding,6513108.0,2026-10-06,2.3399999141693115,15240672.160975456,3.206,3.151144737658273,0.7425872528813919,0.7425872528813919,POSITIVE,1,,1.0,1
SUPN,2104,usa,2026,Q2,2026-06-30,2026-08-03,equityusd,1031226000.0,sharesbas -> shares_outstanding,58127013.0,2026-10-06,42.83000183105469,2489580073.2237396,17.758,17.74090817293502,2.4141944377117524,2.4141944377117524,POSITIVE,1,,1.0,1
SURG,2105,usa,2026,Q2,2026-06-30,2026-08-19,equityusd,-20693903.0,sharesbas -> shares_outstanding,52908423.0,2026-10-06,0.15000000596046448,7936263.765358776,-0.798,-0.3911268154788889,,,NEGATIVE,0,multi-class ownership validation required,1.0,0
SVC,2106,usa,2026,Q2,2026-06-30,2026-08-05,equityusd,806455000.0,sharesbas -> shares_outstanding,129509488.0,2026-10-06,6.489999771118164,840516547.4776306,6.296,6.22699550785036,1.0422361414804677,1.0422361414804677,POSITIVE,1,multi-class ownership validation required,1.0,0
SVRA,2107,usa,2026,Q2,2026-06-30,2026-08-11,equityusd,143660000.0,sharesbas -> shares_outstanding,205460015.0,2026-10-06,4.650000095367432,955389089.3441939,0.567,0.6992114743104638,6.65034866590696,6.650348665906961,POSITIVE,1,,1.0,1
SVV,2108,usa,2026,Q2,2026-07-04,2026-08-06,equityusd,444346000.0,sharesbas -> shares_outstanding,153796187.0,2026-10-06,9.199999809265137,1414924891.0657053,2.888,2.889187363273187,3.184286324318674,3.1842863243186734,POSITIVE,1,,1.0,1
SW,2109,usa,2026,Q2,2026-06-30,2026-07-31,equityusd,18036000000.0,sharesbas -> shares_outstanding,524522908.0,2026-10-06,42.38999938964844,22234525749.976624,34.386,34.385533453192856,1.2327858588365839,1.2327858588365836,POSITIVE,1,,1.0,1
SWBI,2110,usa,2027,Q1,2026-07-31,2026-09-03,equityusd,373702000.0,sharesbas -> shares_outstanding,44839680.0,2026-10-06,14.520000457763672,651072174.1259766,8.346,8.334180797008363,1.7422228784592446,1.7422228784592444,POSITIVE,1,,1.0,1
SWIM,2111,usa,2026,Q2,2026-06-27,2026-08-05,equityusd,411432000.0,sharesbas -> shares_outstanding,117646086.0,2026-10-06,6.389999866485596,751758473.8325529,3.502,3.4972009183543937,1.827175508547106,1.827175508547106,POSITIVE,1,,1.0,1
SWK,2112,usa,2026,Q2,2026-07-04,2026-07-29,equityusd,8958800000.0,sharesbas -> shares_outstanding,151016641.0,2026-10-06,89.98999786376953,13589987200.98365,59.323,59.323263586560635,1.516942804949731,1.516942804949731,POSITIVE,1,multi-class ownership validation required,1.0,0
SWKS,2113,usa,2026,Q3,2026-07-03,2026-07-28,equityusd,5738300000.0,sharesbas -> shares_outstanding,150472782.0,2026-10-06,82.79000091552734,12457641759.541946,38.154,38.13513596100057,2.1709638324141203,2.1709638324141203,POSITIVE,1,,1.0,1
SWX,2114,usa,2026,Q2,2026-06-30,2026-08-05,equityusd,4125290000.0,sharesbas -> shares_outstanding,72445853.0,2026-10-06,83.31999969482422,6036188449.85128,56.888,56.94307995793769,1.4632155435984573,1.4632155435984573,POSITIVE,1,,1.0,1
SXC,2115,usa,2026,Q2,2026-06-30,2026-07-30,equityusd,585600000.0,sharesbas -> shares_outstanding,84874850.0,2026-10-06,10.039999961853027,852143490.7622814,6.833,6.899570367429221,1.4551630648263,1.4551630648263003,POSITIVE,1,,1.0,1
SXT,2116,usa,2026,Q2,2026-06-30,2026-08-04,equityusd,1259928000.0,sharesbas -> shares_outstanding,42562811.0,2026-10-06,132.91000366210938,5657023365.879669,29.75,29.601616303020965,4.4899576530402285,4.4899576530402285,POSITIVE,1,,1.0,1
SXTP,2117,usa,2026,Q2,2026-06-30,2026-08-14,equityusd,2614185.0,sharesbas -> shares_outstanding,3516988.0,2026-10-06,1.1100000143051147,3903856.730310917,0.985,0.7433022233797784,1.4933360608797452,1.4933360608797452,POSITIVE,1,multi-class ownership validation required,1.0,0
SYK,2118,usa,2026,Q2,2026-06-30,2026-07-31,equityusd,23988000000.0,sharesbas -> shares_outstanding,383573046.0,2026-10-06,278.20001220703125,106710026079.48816,62.55,62.538283777113996,4.448475324307494,4.448475324307494,POSITIVE,1,,1.0,1
SYM,2119,usa,2026,Q3,2026-06-27,2026-08-05,equityusd,708769000.0,sharesbas -> shares_outstanding,604801708.0,2026-10-06,44.150001525878906,26701996331.05417,5.534,1.171903105802737,37.67376441556299,37.67376441556299,POSITIVE,1,,1.0,1
SYNA,2120,usa,2026,Q4,2026-06-27,2026-08-10,equityusd,929500000.0,sharesbas -> shares_outstanding,39106986.0,2026-10-06,119.38999938964844,4668983034.67099,23.895,23.768131862680494,5.023112463336191,5.023112463336192,POSITIVE,1,,1.0,1
SYRE,2121,usa,2026,Q2,2026-06-30,2026-08-04,equityusd,1101141000.0,sharesbas -> shares_outstanding,88173762.0,2026-10-06,80.11000061035156,7063600127.636993,12.996,12.488306895649979,6.414800763605199,6.4148007636052,POSITIVE,1,,1.0,1
SYY,2122,usa,2026,Q4,2026-06-27,2026-08-21,equityusd,2666000000.0,sharesbas -> shares_outstanding,479096016.0,2026-10-06,77.44999694824219,37105984977.11499,5.566,5.564646565543555,13.91822392239872,13.91822392239872,POSITIVE,1,,1.0,1
T,2123,usa,2026,Q2,2026-06-30,2026-07-22,equityusd,110444000000.0,sharesbas -> shares_outstanding,6852385650.0,2026-10-06,24.43000030517578,167403783520.68213,15.919,16.117598401660302,1.5157345217547549,1.5157345217547546,POSITIVE,1,multi-class ownership validation required,1.0,0
TALK,2124,usa,2026,Q2,2026-06-30,2026-08-06,equityusd,112131000.0,sharesbas -> shares_outstanding,165823816.0,2026-08-18,5.25,870575034.0,0.669,0.6762056422582869,7.763910372689087,7.763910372689087,POSITIVE,1,multi-class ownership validation required; price stale >3 days,1.0,0
TALO,2125,usa,2026,Q2,2026-06-30,2026-08-05,equityusd,2032634000.0,sharesbas -> shares_outstanding,166965468.0,2026-10-06,16.760000228881836,2798341281.895363,12.173,12.173978394143154,1.3767069142282196,1.3767069142282196,POSITIVE,1,multi-class ownership validation required,1.0,0
TAOX,2126,usa,2026,Q2,2026-06-30,2026-08-13,equityusd,12749316.0,sharesbas -> shares_outstanding,7483242.0,2026-10-06,4.559999942779541,34123583.09180546,1.706,1.7037155820966368,2.6765030446971005,2.6765030446971005,POSITIVE,1,,1.0,1
TAP,2127,usa,2026,Q2,2026-06-30,2026-08-06,equityusd,10119500000.0,sharesbas -> shares_outstanding,176681024.0,2026-10-06,36.90999984741211,6521296568.880615,53.971,57.275534015469596,0.644428733522468,0.644428733522468,POSITIVE,1,multi-class ownership validation required,1.0,0
TARA,2128,usa,2026,Q2,2026-06-30,2026-08-11,equityusd,161311000.0,sharesbas -> shares_outstanding,59095488.0,2026-10-06,2.555000066757202,150988975.78504944,2.644,2.7296669417468893,0.9360116531733698,0.9360116531733697,POSITIVE,1,,1.0,1
TARS,2129,usa,2026,Q2,2026-06-30,2026-08-06,equityusd,346732000.0,sharesbas -> shares_outstanding,43882996.0,2026-10-06,74.11000061035156,3252168860.344055,7.99,7.901283677167347,9.37948865505363,9.37948865505363,POSITIVE,1,,1.0,1
TASK,2130,usa,2026,Q2,2026-06-30,2026-08-06,equityusd,299845000.0,sharesbas -> shares_outstanding,91687021.0,2026-10-06,7.960000038146973,729828690.6575823,3.273,3.2703102001754427,2.434019879129491,2.434019879129491,POSITIVE,1,,1.0,1
TBCH,2131,usa,2026,Q2,2026-06-30,2026-08-06,equityusd,80716000.0,sharesbas -> shares_outstanding,17909711.0,2026-10-06,13.510000228881836,241960199.70920753,4.208,4.5068287254886465,2.997673320149754,2.997673320149754,POSITIVE,1,,1.0,1
TBI,2132,usa,2026,Q2,2026-06-28,2026-08-04,equityusd,254666000.0,sharesbas -> shares_outstanding,30444344.0,2026-10-06,8.970000267028809,273085773.8095169,8.373,8.364969204131972,1.0723291440927212,1.0723291440927212,POSITIVE,1,,1.0,1
TBLA,2133,usa,2026,Q2,2026-06-30,2026-08-05,equityusd,937993000.0,sharesbas -> shares_outstanding,270155398.0,2026-10-06,3.2300000190734863,872601940.6928053,3.372,3.472049816306095,0.930286196904247,0.930286196904247,POSITIVE,1,multi-class ownership validation required,1.0,0
TBPH,2134,usa,2026,Q2,2026-06-30,2026-08-11,equityusd,289705000.0,sharesbas -> shares_outstanding,51918754.0,2026-09-25,17.030000686645508,884176416.2697792,5.607,5.579968271195415,3.051988803333664,3.051988803333664,POSITIVE,1,price stale >3 days,1.0,0
TCMD,2135,usa,2026,Q2,2026-06-30,2026-08-10,equityusd,223836000.0,sharesbas -> shares_outstanding,22652286.0,2026-10-06,22.190000534057617,502654238.4376259,9.871,9.881386805729012,2.2456362624315385,2.2456362624315385,POSITIVE,1,,1.0,1
TCRX,2136,usa,2026,Q2,2026-06-30,2026-08-12,equityusd,69019000.0,sharesbas -> shares_outstanding,67779255.0,2026-10-06,0.2750000059604645,18639295.52899584,0.531,1.0182909210200082,0.2700603533664041,0.27006035336640405,POSITIVE,1,,1.0,1
TDC,2137,usa,2026,Q2,2026-06-30,2026-08-05,equityusd,593000000.0,sharesbas -> shares_outstanding,93000000.0,2026-10-06,29.6200008392334,2754660078.048706,6.315,6.376344086021505,4.645295241228847,4.645295241228847,POSITIVE,1,,1.0,1
TDG,2138,usa,2026,Q3,2026-06-27,2026-08-04,equityusd,-9809000000.0,sharesbas -> shares_outstanding,55276525.0,2026-10-06,1103.3299560546875,60988245899.105835,-170.889,-177.45326791074513,,,NEGATIVE,0,,1.0,0
TDOC,2139,usa,2026,Q2,2026-06-30,2026-07-30,equityusd,1310108000.0,sharesbas -> shares_outstanding,181684021.0,2026-10-06,5.769999980926514,1048316797.7046523,7.237,7.21091482227818,0.800175861611907,0.800175861611907,POSITIVE,1,,1.0,1
TDS,2140,usa,2026,Q2,2026-06-30,2026-08-07,equityusd,5170637000.0,sharesbas -> shares_outstanding,114500000.0,2026-10-06,35.150001525878906,4024675174.713135,45.158,45.15840174672489,0.7783712480131819,0.7783712480131819,POSITIVE,1,multi-class ownership validation required,1.0,0
TDUP,2141,usa,2026,Q2,2026-06-30,2026-08-05,equityusd,60748000.0,sharesbas -> shares_outstanding,131333650.0,2026-10-06,2.1600000858306885,283680695.2724576,0.468,0.46254710807169375,4.669794812544571,4.669794812544571,POSITIVE,1,,1.0,1
TDW,2142,usa,2026,Q2,2026-06-30,2026-08-03,equityusd,1393164000.0,sharesbas -> shares_outstanding,49756231.0,2026-10-06,82.06999969482422,4083493862.9856033,28.011,27.999789614289714,2.931093441249992,2.931093441249992,POSITIVE,1,multi-class ownership validation required,1.0,0
TDY,2143,usa,2026,Q2,2026-06-28,2026-07-24,equityusd,10918500000.0,sharesbas -> shares_outstanding,46355673.0,2026-10-06,622.219970703125,28843425495.983643,235.821,235.5375144699118,2.64170220231567,2.64170220231567,POSITIVE,1,,1.0,1
TE,2144,usa,2026,Q2,2026-06-30,2026-08-12,equityusd,201779000.0,sharesbas -> shares_outstanding,294527066.0,2026-10-06,3.799999952316284,1119202836.755855,0.72,0.6850949311395375,5.5466764963442925,5.5466764963442925,POSITIVE,1,multi-class ownership validation required,1.0,0
TEAD,2145,usa,2026,Q2,2026-06-30,2026-08-07,equityusd,7353000.0,sharesbas -> shares_outstanding,98065162.0,2026-10-06,0.5649999976158142,55406816.296194434,0.076,0.07498075616292767,7.5352667341485695,7.5352667341485695,POSITIVE,1,,1.0,1
TEAM,2146,usa,2026,Q4,2026-06-30,2026-08-14,equityusd,1058442000.0,sharesbas -> shares_outstanding,253138815.0,2026-10-06,193.97999572753906,49103866252.1743,4.186,4.181271054776803,46.39259047937846,46.39259047937846,POSITIVE,1,,1.0,1
TECH,2147,usa,2026,Q4,2026-06-30,2026-08-24,equityusd,2108221000.0,sharesbas -> shares_outstanding,156818238.0,2026-10-06,72.43000030517578,11358345026.197128,13.499,13.443723299582029,5.3876443817783475,5.387644381778347,POSITIVE,1,,1.0,1
TECX,2148,usa,2026,Q2,2026-06-30,2026-08-06,equityusd,223846000.0,sharesbas -> shares_outstanding,19549366.0,2026-10-06,22.40999984741211,438101289.0770035,11.804,11.450294602904258,1.957154870209892,1.957154870209892,POSITIVE,1,,1.0,1
TEL,2149,usa,2026,Q3,2026-06-26,2026-07-24,equityusd,13246000000.0,sharesbas -> shares_outstanding,289513228.0,2026-10-06,219.50999450683594,63551047087.93634,45.519,45.752659011490834,4.797753819110398,4.797753819110398,POSITIVE,1,,1.0,1
TELA,2150,usa,2026,Q2,2026-06-30,2026-08-11,equityusd,-15866000.0,sharesbas -> shares_outstanding,44894757.0,2026-10-06,1.090000033378601,48935286.628524184,-0.276,-0.3534042961854098,,,NEGATIVE,0,,1.0,0
TELO,2151,usa,2026,Q2,2026-06-30,2026-08-13,equityusd,5033480.0,sharesbas -> shares_outstanding,68774956.0,2026-10-06,1.2000000476837158,82529950.47944546,0.083,0.0731876876809634,16.396201133101844,16.39620113310184,POSITIVE,1,,1.0,1
TENB,2152,usa,2026,Q2,2026-06-30,2026-08-04,equityusd,198399000.0,sharesbas -> shares_outstanding,110139983.0,2026-10-06,39.470001220703125,4347225263.458221,1.792,1.8013349430061198,21.91152809972944,21.91152809972944,POSITIVE,1,,1.0,1
TER,2153,usa,2026,Q2,2026-06-28,2026-07-31,equityusd,3437162000.0,sharesbas -> shares_outstanding,156340750.0,2026-10-06,430.32000732421875,67276552685.07385,21.967,21.985067872579606,19.573285368881027,19.573285368881027,POSITIVE,1,,1.0,1
TEVA,2154,usa,2026,Q2,2026-06-30,2026-07-29,equityusd,7753000000.0,sharesbas -> shares_outstanding,1165296084.0,2026-10-06,39.130001068115234,45598037011.5905,6.655,6.653244704459163,5.881341030773958,5.881341030773958,POSITIVE,1,,1.0,1
TEX,2155,usa,2026,Q2,2026-06-30,2026-07-30,equityusd,4925000000.0,sharesbas -> shares_outstanding,114300000.0,2026-10-06,56.77000045776367,6488811052.322388,43.354,43.08836395450569,1.317525086765967,1.3175250867659671,POSITIVE,1,,1.0,1
TFX,2156,usa,2026,Q2,2026-06-30,2026-08-06,equityusd,2904534000.0,sharesbas -> shares_outstanding,42372397.0,2026-10-06,124.73999786376953,5285532711.2627945,66.676,68.5477859560317,1.8197523978933607,1.8197523978933607,POSITIVE,1,,1.0,1
TGL,2157,usa,2026,Q3,2026-03-31,2026-05-20,equityusd,15617592.0,sharesbas -> shares_outstanding,1675725.0,2026-10-06,1.2599999904632568,2111413.484019041,9.32,9.319901535156426,0.13519456034061084,0.13519456034061084,POSITIVE,1,,1.0,1
TGLS,2158,usa,2026,Q2,2026-06-30,2026-08-06,equityusd,788772000.0,sharesbas -> shares_outstanding,44364616.0,2026-10-06,36.68000030517578,1627294128.4190063,17.779,17.779304119300843,2.0630728885140526,2.0630728885140526,POSITIVE,1,,1.0,1
TGT,2159,usa,2027,Q2,2026-08-01,2026-08-28,equityusd,17843000000.0,sharesbas -> shares_outstanding,454296736.0,2026-10-06,154.3300018310547,70111616098.72217,39.267,39.27609112296153,3.929362556673327,3.929362556673327,POSITIVE,1,,1.0,1
TGTX,2160,usa,2026,Q2,2026-06-30,2026-08-05,equityusd,604083000.0,sharesbas -> shares_outstanding,153069053.0,2026-10-06,52.189998626708984,7988673665.861645,4.261,3.9464737526010563,13.224463634735036,13.224463634735036,POSITIVE,1,,1.0,1
TH,2161,usa,2026,Q2,2026-06-30,2026-08-10,equityusd,370109000.0,sharesbas -> shares_outstanding,99623423.0,2026-10-06,18.540000915527344,1847018353.6279678,3.693,3.7150801373287483,4.990471330413386,4.990471330413386,POSITIVE,1,multi-class ownership validation required,1.0,0
THC,2162,usa,2026,Q2,2026-06-30,2026-07-29,equityusd,4658000000.0,sharesbas -> shares_outstanding,80519000.0,2026-10-06,258.4700012207031,20811746028.289795,55.768,57.849700070790746,4.467957498559423,4.467957498559423,POSITIVE,1,,1.0,1
THO,2163,usa,2026,Q4,2026-07-31,2026-09-22,,,sharesbas -> shares_outstanding,51614361.0,2026-10-06,67.62999725341797,3490679092.6669235,,,,,MISSING,0,sharefactor missing/nonunit,,0
THRM,2164,usa,2026,Q2,2026-06-30,2026-07-23,equityusd,723118000.0,sharesbas -> shares_outstanding,30705208.0,2026-10-06,31.0,951861448.0,23.593,23.550337128476706,1.3163293515027976,1.3163293515027976,POSITIVE,1,,1.0,1
THRY,2165,usa,2026,Q2,2026-06-30,2026-08-04,equityusd,211562000.0,sharesbas -> shares_outstanding,44439111.0,2026-10-06,1.3799999952316284,61325972.968097806,4.769,4.760716297857534,0.28987234459920874,0.2898723445992088,POSITIVE,1,,1.0,1
TIL,2166,usa,2026,Q2,2026-06-30,2026-08-13,equityusd,107380000.0,sharesbas -> shares_outstanding,6781976.0,2026-10-06,6.885000228881836,46693906.31227112,15.833,15.833143614781298,0.434847330157116,0.434847330157116,POSITIVE,1,,1.0,1
TILE,2167,usa,2026,Q2,2026-07-05,2026-08-11,equityusd,678365000.0,sharesbas -> shares_outstanding,57800460.0,2026-10-06,35.04999923706055,2025906078.9017487,11.712,11.736325281840317,2.9864543113246538,2.9864543113246538,POSITIVE,1,,1.0,1
TITN,2168,usa,2027,Q2,2026-07-31,2026-09-03,equityusd,557820000.0,sharesbas -> shares_outstanding,23532897.0,2026-10-06,25.200000762939453,593029022.3541756,24.294,23.70383892811837,1.0631189673266925,1.0631189673266925,POSITIVE,1,,1.0,1
TJX,2169,usa,2027,Q2,2026-08-01,2026-08-28,equityusd,10651000000.0,sharesbas -> shares_outstanding,1099974061.0,2026-10-06,137.02999877929688,150729444236.08823,9.648,9.68295560562314,14.15167066342017,14.15167066342017,POSITIVE,1,,1.0,1
TKNO,2170,usa,2026,Q2,2026-06-30,2026-08-06,equityusd,62600000.0,sharesbas -> shares_outstanding,53688246.0,2026-10-06,8.75,469772152.5,1.167,1.165990783159502,7.504347484025559,7.504347484025559,POSITIVE,1,,1.0,1
TKO,2171,usa,2026,Q2,2026-06-30,2026-08-03,equityusd,3395932000.0,sharesbas -> shares_outstanding,189269713.0,2026-10-06,176.4600067138672,33398534826.711716,45.402,17.942289583331274,9.834865605881307,9.834865605881307,POSITIVE,1,,1.0,1
TKR,2172,usa,2026,Q2,2026-06-30,2026-08-04,equityusd,3194500000.0,sharesbas -> shares_outstanding,69296839.0,2026-10-06,119.54000091552734,8283744197.503151,46.099,46.098783813212606,2.593126998748834,2.593126998748834,POSITIVE,1,,1.0,1
TLN,2173,usa,2026,Q2,2026-06-30,2026-08-05,equityusd,1616000000.0,sharesbas -> shares_outstanding,47914259.0,2026-10-06,373.1099853515625,17877288473.62097,35.204,33.72691206598854,11.062678510904066,11.062678510904068,POSITIVE,1,,1.0,1
TLRY,2174,usa,2026,Q4,2026-05-31,2026-07-28,equityusd,1614332000.0,sharesbas -> shares_outstanding,136203579.0,2026-10-06,3.7799999713897705,514849524.72318435,13.64,11.852346405669707,0.3189241895243261,0.31892418952432605,POSITIVE,1,,1.0,1
TLS,2175,usa,2026,Q2,2026-06-30,2026-08-10,equityusd,93413000.0,sharesbas -> shares_outstanding,74736789.0,2026-10-06,4.340000152587891,324357675.663929,1.247,1.2498931416494226,3.4722969572107627,3.4722969572107627,POSITIVE,1,,1.0,1
TMC,2176,usa,2026,Q2,2026-06-30,2026-08-13,equityusd,-27437000.0,sharesbas -> shares_outstanding,441135482.0,2026-10-06,3.700000047683716,1632201304.434979,-0.063,-0.06219631183510194,,,NEGATIVE,0,multi-class ownership validation required,1.0,0
TMCI,2177,usa,2026,Q2,2026-06-30,2026-08-07,equityusd,67737000.0,sharesbas -> shares_outstanding,65034552.0,2026-10-06,4.0,260138208.0,1.041,1.0415540342309115,3.8404152531112983,3.8404152531112983,POSITIVE,1,,1.0,1
TMO,2178,usa,2026,Q2,2026-06-27,2026-07-31,equityusd,52679000000.0,sharesbas -> shares_outstanding,369747286.0,2026-10-06,656.5800170898438,242768679360.80334,141.992,142.47298626554354,4.60845269197979,4.60845269197979,POSITIVE,1,,1.0,1
TMUS,2179,usa,2026,Q2,2026-06-30,2026-07-23,equityusd,56265000000.0,sharesbas -> shares_outstanding,1072671613.0,2026-10-06,165.92999267578125,177988392888.60846,52.012,52.45314532249116,3.1633945239244374,3.1633945239244374,POSITIVE,1,multi-class ownership validation required,1.0,0
TNC,2180,usa,2026,Q2,2026-06-30,2026-08-06,equityusd,533400000.0,sharesbas -> shares_outstanding,17049303.0,2026-10-06,68.16999816894531,1162250954.2917938,31.564,31.285736431571426,2.1789481707757665,2.1789481707757665,POSITIVE,1,,1.0,1
TNDM,2181,usa,2026,Q2,2026-06-30,2026-08-06,equityusd,130388000.0,sharesbas -> shares_outstanding,69578707.0,2026-10-06,16.15999984741211,1124391894.5031319,1.889,1.8739641137625624,8.62343079503583,8.62343079503583,POSITIVE,1,,1.0,1
TNET,2182,usa,2026,Q2,2026-06-30,2026-07-30,equityusd,125000000.0,sharesbas -> shares_outstanding,45904738.0,2026-10-06,62.779998779296875,2881899395.603943,2.717,2.723030463652793,23.055195164831545,23.05519516483154,POSITIVE,1,,1.0,1
TNGX,2183,usa,2026,Q2,2026-06-30,2026-08-11,equityusd,1024532000.0,sharesbas -> shares_outstanding,168610367.0,2026-10-06,21.899999618530273,3692566972.9802494,6.836,6.076328628120476,3.604149966013994,3.604149966013994,POSITIVE,1,,1.0,1
TNL,2184,usa,2026,Q2,2026-06-30,2026-07-22,equityusd,-1018000000.0,sharesbas -> shares_outstanding,61204232.0,2026-10-06,62.81999969482422,3844849835.5619507,-16.633,-16.632836762006914,,,NEGATIVE,0,,1.0,0
TNON,2185,usa,2026,Q2,2026-06-30,2026-08-13,equityusd,-1743000.0,sharesbas -> shares_outstanding,667047.0,2026-10-06,3.7149999141693115,2478079.5477468967,-5.314,-2.613009278206783,,,NEGATIVE,0,multi-class ownership validation required,1.0,0
TNXP,2186,usa,2026,Q2,2026-06-30,2026-08-10,equityusd,222281000.0,sharesbas -> shares_outstanding,17151024.0,2026-10-06,7.699999809265137,132062881.52870178,13.362,12.960217419088213,0.5941258205996094,0.5941258205996094,POSITIVE,1,,1.0,1
TNYA,2187,usa,2026,Q2,2026-06-30,2026-08-05,equityusd,69409000.0,sharesbas -> shares_outstanding,224230012.0,2026-10-06,0.546999990940094,122653814.53249717,0.319,0.30954375545410934,1.7671168657162206,1.7671168657162208,POSITIVE,1,,1.0,1
TOL,2188,usa,2026,Q3,2026-07-31,2026-08-28,equityusd,8530770000.0,sharesbas -> shares_outstanding,92147000.0,2026-10-06,138.0,12716286000.0,90.852,92.57783758559692,1.4906375391670388,1.4906375391670388,POSITIVE,1,,1.0,1
TONX,2189,usa,2026,Q2,2026-06-30,2026-08-11,equityusd,398778000.0,sharesbas -> shares_outstanding,55071989.0,2026-10-06,3.5799999237060547,197157716.41834068,6.851,7.241031370775441,0.4944046973963977,0.4944046973963977,POSITIVE,1,multi-class ownership validation required,1.0,0
TOST,2190,usa,2026,Q2,2026-06-30,2026-08-05,equityusd,2045000000.0,sharesbas -> shares_outstanding,578000000.0,2026-10-06,30.25,17484500000.0,3.538,3.538062283737024,8.549877750611246,8.549877750611246,POSITIVE,1,,1.0,1
TPB,2191,usa,2026,Q2,2026-06-30,2026-08-04,equityusd,430098000.0,sharesbas -> shares_outstanding,20048922.0,2026-10-06,58.27000045776367,1168250694.1176682,21.623,21.452425222662843,2.7162430286066623,2.716243028606662,POSITIVE,1,,1.0,1
TPC,2192,usa,2026,Q2,2026-06-30,2026-08-05,equityusd,1266210000.0,sharesbas -> shares_outstanding,52569117.0,2026-10-06,89.05999755859375,4681805431.677429,24.072,24.086575393685994,3.6974952272351578,3.6974952272351578,POSITIVE,1,,1.0,1
TPL,2193,usa,2026,Q2,2026-06-30,2026-08-05,equityusd,1672398000.0,sharesbas -> shares_outstanding,68974683.0,2026-10-06,355.1600036621094,24497048666.872833,24.247,24.24654854883494,14.64785814553284,14.647858145532842,POSITIVE,1,,1.0,1
TPR,2194,usa,2026,Q4,2026-06-27,2026-08-13,equityusd,692100000.0,sharesbas -> shares_outstanding,199391678.0,2026-10-06,116.75,23278978406.5,3.438,3.4710576035174348,33.63528161609594,33.63528161609594,POSITIVE,1,,1.0,1
TR,2195,usa,2026,Q2,2026-06-30,2026-08-07,equityusd,952268000.0,sharesbas -> shares_outstanding,75071648.0,2026-10-06,37.36000061035156,2804676815.1000977,12.691,12.684788803357561,2.9452599636867958,2.9452599636867958,POSITIVE,1,,1.0,1
TRAW,2196,usa,2026,Q2,2026-06-30,2026-08-14,equityusd,1691000.0,sharesbas -> shares_outstanding,15368277.0,2026-10-06,0.5199999809265137,7991503.746873379,0.107,0.110031853278022,4.725904049008503,4.725904049008503,POSITIVE,1,multi-class ownership validation required,1.0,0
TRC,2197,usa,2026,Q2,2026-06-30,2026-08-06,equityusd,477557000.0,sharesbas -> shares_outstanding,27021444.0,2026-10-06,16.329999923706055,441260178.4584274,17.673,17.673259800623534,0.9239947869226657,0.9239947869226657,POSITIVE,1,multi-class ownership validation required,1.0,0
TRDA,2198,usa,2026,Q2,2026-06-30,2026-08-05,equityusd,233411000.0,sharesbas -> shares_outstanding,38936669.0,2026-10-06,5.420000076293945,211036748.9506321,5.528,5.994631949641096,0.9041422595791633,0.9041422595791634,POSITIVE,1,,1.0,1
TREX,2199,usa,2026,Q2,2026-06-30,2026-08-04,equityusd,1010082000.0,sharesbas -> shares_outstanding,101865190.0,2026-10-06,44.86000061035156,4569672485.573578,9.872,9.915870180971536,4.524060903544047,4.524060903544047,POSITIVE,1,,1.0,1
TRGP,2200,usa,2026,Q2,2026-06-30,2026-08-06,equityusd,3656500000.0,sharesbas -> shares_outstanding,214431021.0,2026-10-06,285.7200012207031,61267231581.87662,17.039,17.05210366927274,16.755703974258612,16.755703974258612,POSITIVE,1,,1.0,1
TRIP,2201,usa,2026,Q2,2026-06-30,2026-08-06,equityusd,662500000.0,sharesbas -> shares_outstanding,117199342.0,2026-10-06,8.520000457763672,998538447.4896011,5.677,5.652762111923803,1.5072278452673225,1.5072278452673225,POSITIVE,1,,1.0,1
TRMB,2202,usa,2026,Q2,2026-07-03,2026-08-12,equityusd,5110800000.0,sharesbas -> shares_outstanding,233179848.0,2026-10-06,60.95000076293945,14212311913.502106,21.935,21.917846005286016,2.780838990667235,2.780838990667235,POSITIVE,1,,1.0,1
TRN,2203,usa,2026,Q2,2026-06-30,2026-07-30,equityusd,1143100000.0,sharesbas -> shares_outstanding,79669486.0,2026-10-06,26.209999084472656,2088137155.120407,14.361,14.348027800756741,1.8267318302164353,1.8267318302164353,POSITIVE,1,,1.0,1
TRNO,2204,usa,2026,Q2,2026-06-30,2026-08-05,equityusd,4432011000.0,sharesbas -> shares_outstanding,108970310.0,2026-10-06,64.2300033569336,6999163377.106094,41.594,40.67172975831674,1.5792296943996968,1.5792296943996968,POSITIVE,1,multi-class ownership validation required,1.0,0
TRNR,2205,usa,2026,Q2,2026-06-30,2026-08-14,equityusd,3344000.0,sharesbas -> shares_outstanding,1619702.0,2026-10-06,2.242000102996826,3631372.0508241653,8.179,2.0645773111350114,1.0859366180694274,1.0859366180694274,POSITIVE,1,,1.0,1
TRNS,2206,usa,2027,Q1,2026-06-27,2026-08-04,equityusd,302899000.0,sharesbas -> shares_outstanding,9359813.0,2026-10-06,89.80000305175781,840511235.9638824,32.385,32.361650815032306,2.7748894382744167,2.7748894382744163,POSITIVE,1,,1.0,1
TRON,2207,usa,2026,Q2,2026-06-30,2026-08-11,equityusd,252812532.0,sharesbas -> shares_outstanding,474382064.0,2026-10-06,1.2899999618530273,611952844.4637604,0.538,0.5329302079178103,2.4205795481046817,2.4205795481046817,POSITIVE,1,,1.0,1
TROX,2208,usa,2026,Q2,2026-06-30,2026-08-06,equityusd,1161000000.0,sharesbas -> shares_outstanding,159700029.0,2026-10-06,3.869999885559082,618039093.9537821,7.263,7.269879706784524,0.5323334142582102,0.5323334142582102,POSITIVE,1,,1.0,1
TRS,2209,usa,2026,Q2,2026-06-30,2026-07-31,equityusd,1442610000.0,sharesbas -> shares_outstanding,35873873.0,2026-10-06,38.970001220703125,1398004874.6013489,40.209,40.21338872443463,0.9690802605010009,0.9690802605010008,POSITIVE,1,,1.0,1
TRTX,2210,usa,2026,Q2,2026-06-30,2026-07-28,equityusd,1044494000.0,sharesbas -> shares_outstanding,76769009.0,2026-10-06,6.050000190734863,464452519.09252644,13.557,13.60567257029461,0.44466748405689877,0.44466748405689877,POSITIVE,1,multi-class ownership validation required,1.0,0
TRU,2211,usa,2026,Q2,2026-06-30,2026-07-28,equityusd,4842900000.0,sharesbas -> shares_outstanding,191600000.0,2026-10-06,63.41999816894531,12151271649.169922,25.184,25.276096033402922,2.5090899356108785,2.509089935610878,POSITIVE,1,,1.0,1
TRUG,2212,usa,2026,Q2,2026-06-30,2026-08-14,,,sharesbas -> shares_outstanding,192371.0,2026-10-06,2.690000057220459,517478.0010075569,,,,,MISSING,0,sharefactor missing/nonunit; multi-class ownership validation required,,0
TRVI,2213,usa,2026,Q2,2026-06-30,2026-08-06,equityusd,321506000.0,sharesbas -> shares_outstanding,142475841.0,2026-10-06,13.180000305175781,1877831627.860176,2.053,2.256565027049042,5.840735873856713,5.840735873856712,POSITIVE,1,,1.0,1
TSCO,2214,usa,2026,Q2,2026-06-27,2026-08-06,equityusd,2631565000.0,sharesbas -> shares_outstanding,521040137.0,2026-10-06,32.290000915527344,16824386500.756493,5.025,5.050599393650935,6.3933007547814675,6.3933007547814675,POSITIVE,1,,1.0,1
TSHA,2215,usa,2026,Q2,2026-06-30,2026-08-11,equityusd,387266000.0,sharesbas -> shares_outstanding,325833545.0,2026-10-06,4.389999866485596,1430409219.0465283,1.049,1.188539381358049,3.693609093095,3.693609093095,POSITIVE,1,,1.0,1
TSLA,2216,usa,2026,Q2,2026-06-30,2026-07-23,equityusd,86858000000.0,sharesbas -> shares_outstanding,3949547394.0,2026-10-06,380.67999267578125,1503513673020.5708,26.833,21.99188700253384,17.3100194918208,17.310019491820796,POSITIVE,1,,1.0,1
TSN,2217,usa,2026,Q3,2026-06-27,2026-08-03,equityusd,18079000000.0,sharesbas -> shares_outstanding,351801512.0,2026-10-06,51.970001220703125,18283125008.085205,51.361,51.38977344702259,1.0112907244916869,1.0112907244916867,POSITIVE,1,multi-class ownership validation required,1.0,0
TSSI,2218,usa,2026,Q2,2026-06-30,2026-08-14,equityusd,80296000.0,sharesbas -> shares_outstanding,28219070.0,2026-10-06,10.390000343322754,293196146.9882488,2.845,2.845451675055202,3.6514415037890906,3.6514415037890906,POSITIVE,1,,1.0,1
TT,2219,usa,2026,Q2,2026-06-30,2026-07-30,equityusd,8622900000.0,sharesbas -> shares_outstanding,220023177.0,2026-10-06,476.3900146484375,104816844514.02576,39.018,39.19087124171469,12.155637258233975,12.155637258233977,POSITIVE,1,,1.0,1
TTC,2220,usa,2026,Q3,2026-07-31,2026-09-03,equityusd,1336300000.0,sharesbas -> shares_outstanding,94663378.0,2026-10-06,98.88999938964844,9361261392.64206,14.037,14.116335463963688,7.005359120438569,7.005359120438569,POSITIVE,1,,1.0,1
TTD,2221,usa,2026,Q2,2026-06-30,2026-08-06,equityusd,2574352000.0,sharesbas -> shares_outstanding,469880194.0,2026-10-06,11.920000076293945,5600971948.329014,5.497,5.478741246965604,2.175682248709195,2.175682248709195,POSITIVE,1,,1.0,1
TTEC,2222,usa,2026,Q2,2026-06-30,2026-08-10,equityusd,72201000.0,sharesbas -> shares_outstanding,49295940.0,2026-10-06,1.350000023841858,66549520.1753068,1.477,1.4646439443085981,0.921725740298705,0.9217257402987049,POSITIVE,1,,1.0,1
TTEK,2223,usa,2026,Q3,2026-06-28,2026-07-31,equityusd,1852072000.0,sharesbas -> shares_outstanding,256044428.0,2026-10-06,33.380001068115234,8546763280.124954,7.174,7.2334009158754276,4.614703575306443,4.614703575306443,POSITIVE,1,,1.0,1
TTGT,2224,usa,2026,Q2,2026-06-30,2026-08-06,equityusd,506856000.0,sharesbas -> shares_outstanding,72332660.0,2026-10-06,3.609999895095825,261120895.012002,7.01,7.007291035612405,0.5151776737613879,0.5151776737613878,POSITIVE,1,,1.0,1
TTI,2225,usa,2026,Q2,2026-06-30,2026-08-03,equityusd,407795000.0,sharesbas -> shares_outstanding,148072779.0,2026-10-06,6.139999866485596,909166843.2901511,2.934,2.754017333597825,2.2294703056441376,2.2294703056441376,POSITIVE,1,,1.0,1
TTMI,2226,usa,2026,Q2,2026-06-29,2026-08-05,equityusd,1934428000.0,sharesbas -> shares_outstanding,105348864.0,2026-10-06,132.7100067138672,13980848448.738281,18.362,18.362115418729147,7.227381142507388,7.2273811425073875,POSITIVE,1,,1.0,1
TTWO,2227,usa,2027,Q1,2026-06-30,2026-08-07,equityusd,3608400000.0,sharesbas -> shares_outstanding,186980443.0,2026-10-06,202.52999877929688,37869148892.54239,19.298,19.29827495381429,10.494720344901449,10.494720344901449,POSITIVE,1,,1.0,1
TVTX,2228,usa,2026,Q2,2026-06-30,2026-08-04,equityusd,24522000.0,sharesbas -> shares_outstanding,94261082.0,2026-10-06,55.97999954223633,5276735327.210701,0.262,0.2601497827067166,215.18372592817477,215.18372592817474,POSITIVE,1,,1.0,1
TWI,2229,usa,2026,Q2,2026-06-30,2026-07-30,equityusd,501265000.0,sharesbas -> shares_outstanding,64542352.0,2026-10-06,7.03000020980835,453732748.10152435,7.786,7.766450779481975,0.9051754024348885,0.9051754024348885,POSITIVE,1,,1.0,1
TWLO,2230,usa,2026,Q2,2026-06-30,2026-08-07,equityusd,8977808000.0,sharesbas -> shares_outstanding,153575220.0,2026-10-06,280.4100036621094,43064028002.60925,58.761,58.458701866095325,4.79671964499678,4.79671964499678,POSITIVE,1,,1.0,1
TWST,2231,usa,2026,Q3,2026-06-30,2026-08-03,equityusd,445739000.0,sharesbas -> shares_outstanding,62707424.0,2026-10-06,166.97000122070312,10470258661.827148,7.143,7.108233309025739,23.48966247473779,23.48966247473779,POSITIVE,1,,1.0,1
TXG,2232,usa,2026,Q2,2026-06-30,2026-08-07,equityusd,825546000.0,sharesbas -> shares_outstanding,130291168.0,2026-10-06,80.66000366210938,10509286088.020508,6.351,6.336162402044013,12.730103577535967,12.730103577535967,POSITIVE,1,,1.0,1
TXN,2233,usa,2026,Q2,2026-06-30,2026-07-24,equityusd,18007000000.0,sharesbas -> shares_outstanding,913247686.0,2026-10-06,297.2300109863281,271444619743.01874,19.745,19.717542432404258,15.074394387905745,15.074394387905745,POSITIVE,1,,1.0,1
TXNM,2234,usa,2026,Q2,2026-06-30,2026-07-31,equityusd,3554462000.0,sharesbas -> shares_outstanding,103046111.0,2026-10-06,58.54999923706055,6033349720.432056,34.494,34.493897591147324,1.6974016659714064,1.6974016659714062,POSITIVE,1,,1.0,1
TXO,2235,usa,2026,Q2,2026-06-30,2026-08-04,equityusd,648053000.0,sharesbas -> shares_outstanding,55446407.0,2026-10-06,13.960000038146973,774031843.8351126,11.688,11.687916946539024,1.1943958963774761,1.1943958963774761,POSITIVE,1,,1.0,1
TXRH,2236,usa,2026,Q2,2026-06-30,2026-08-07,equityusd,1558552000.0,sharesbas -> shares_outstanding,65640926.0,2026-10-06,163.57000732421875,10736886746.588501,23.724,23.743601667045343,6.8890141275931125,6.8890141275931125,POSITIVE,1,,1.0,1
TXT,2237,usa,2026,Q2,2026-07-04,2026-07-28,equityusd,8054000000.0,sharesbas -> shares_outstanding,171986917.0,2026-10-06,75.52999877929688,12990171631.065033,46.829,46.82914340513471,1.6128844836187028,1.6128844836187028,POSITIVE,1,,1.0,1
TYGO,2238,usa,2026,Q2,2026-06-30,2026-08-04,equityusd,44639000.0,sharesbas -> shares_outstanding,76773711.0,2026-10-06,0.8650000095367432,66409260.74717116,0.585,0.5814360074374938,1.4876959776691048,1.4876959776691048,POSITIVE,1,multi-class ownership validation required,1.0,0
TYL,2239,usa,2026,Q2,2026-06-30,2026-07-29,equityusd,3037231000.0,sharesbas -> shares_outstanding,40952274.0,2026-10-06,330.9100036621094,13551517139.311707,74.165,74.16513671499658,4.461799955061603,4.461799955061602,POSITIVE,1,,1.0,1
TYRA,2240,usa,2026,Q2,2026-06-30,2026-08-04,equityusd,353664000.0,sharesbas -> shares_outstanding,59676939.0,2026-10-06,20.239999771118164,1207861231.7010326,5.359,5.926309323606561,3.4152789984308063,3.4152789984308063,POSITIVE,1,,1.0,1
TZOO,2241,usa,2026,Q2,2026-06-30,2026-08-13,equityusd,-11740000.0,sharesbas -> shares_outstanding,10202337.0,2026-10-06,5.480000019073486,55908806.954594135,-1.138,-1.150716742644357,,,NEGATIVE,0,,1.0,0
U,2242,usa,2026,Q2,2026-06-30,2026-08-06,equityusd,3033890000.0,sharesbas -> shares_outstanding,440088933.0,2026-10-06,44.95000076293945,19781997874.11121,6.928,6.893811165208283,6.520341170613045,6.520341170613045,POSITIVE,1,,1.0,1
"UA,UAA",2243,usa,2027,Q1,2026-06-30,2026-08-07,equityusd,1428116000.0,sharesbas -> shares_outstanding,429545541.0,,,,3.339,3.3247138281898727,,,POSITIVE,0,multi-class ownership validation required,1.0,0
UAL,2244,usa,2026,Q2,2026-06-30,2026-07-16,equityusd,16697000000.0,sharesbas -> shares_outstanding,324583772.0,2026-10-06,111.87000274658203,36311187465.135956,51.441,51.44126552328069,2.1747132697571994,2.1747132697571994,POSITIVE,1,,1.0,1
UBER,2245,usa,2026,Q2,2026-06-30,2026-08-05,equityusd,27316000000.0,sharesbas -> shares_outstanding,2042560121.0,2026-10-06,69.08000183105469,141100056898.7193,13.413,13.373412963054712,5.165472869333698,5.165472869333698,POSITIVE,1,,1.0,1
UCTT,2246,usa,2026,Q2,2026-06-26,2026-08-04,equityusd,639800000.0,sharesbas -> shares_outstanding,45277029.0,2026-10-06,73.23999786376953,3316089507.237831,14.186,14.130785834026344,5.1830095455420935,5.183009545542093,POSITIVE,1,,1.0,1
UDR,2247,usa,2026,Q2,2026-06-30,2026-07-28,equityusd,2938683000.0,sharesbas -> shares_outstanding,321264222.0,2026-10-06,33.90999984741211,10894069718.99897,9.099,9.147246405794917,3.7071265321911104,3.707126532191111,POSITIVE,1,,1.0,1
UE,2248,usa,2026,Q2,2026-06-30,2026-08-06,equityusd,1284085000.0,sharesbas -> shares_outstanding,126244466.0,2026-10-06,19.600000381469727,2474391581.758442,10.186,10.17141614746107,1.926968683349188,1.926968683349188,POSITIVE,1,,1.0,1
UFPI,2249,usa,2026,Q2,2026-06-27,2026-08-05,equityusd,3037516000.0,sharesbas -> shares_outstanding,55161491.0,2026-10-06,79.0,4357757789.0,55.066,55.06587920185116,1.4346452130622522,1.4346452130622522,POSITIVE,1,,1.0,1
UFPT,2250,usa,2026,Q2,2026-06-30,2026-08-06,equityusd,462425000.0,sharesbas -> shares_outstanding,7745790.0,2026-10-06,302.8699951171875,2345967379.47876,59.745,59.70017260989518,5.073184580156263,5.073184580156263,POSITIVE,1,,1.0,1
UGI,2251,usa,2026,Q3,2026-06-30,2026-08-06,equityusd,5213000000.0,sharesbas -> shares_outstanding,214494967.0,2026-10-06,37.150001525878906,7968488351.343346,24.282,24.303600559541334,1.5285801556384704,1.5285801556384704,POSITIVE,1,multi-class ownership validation required,1.0,0
UHAL,2252,usa,2027,Q1,2026-06-30,2026-08-05,equityusd,7659803000.0,sharesbas -> shares_outstanding,194393495.0,2026-10-06,60.66999816894531,11793852985.70488,39.107,39.403597327163645,1.5397070898174379,1.5397070898174379,POSITIVE,1,multi-class ownership validation required,1.0,0
UHS,2253,usa,2026,Q2,2026-06-30,2026-08-07,equityusd,7513812000.0,sharesbas -> shares_outstanding,58936515.0,2026-10-06,177.0800018310547,10436478184.115982,125.95,127.48992708510166,1.388972492806046,1.388972492806046,POSITIVE,1,,1.0,1
UI,2254,usa,2026,Q4,2026-06-30,2026-08-21,equityusd,1440246000.0,sharesbas -> shares_outstanding,60528381.0,2026-10-06,626.47998046875,37919818946.68506,23.797,23.79455680468308,26.328709780610435,26.328709780610435,POSITIVE,1,,1.0,1
UIS,2255,usa,2026,Q2,2026-06-30,2026-07-30,equityusd,-367400000.0,sharesbas -> shares_outstanding,72915955.0,2026-10-06,2.309999942779541,168435851.8777156,-5.039,-5.0386777489234005,,,NEGATIVE,0,,1.0,0
ULCC,2256,usa,2026,Q2,2026-06-30,2026-07-29,equityusd,136000000.0,sharesbas -> shares_outstanding,230215771.0,2026-10-06,6.25,1438848568.75,0.591,0.590750144567637,10.579768887867646,10.579768887867647,POSITIVE,1,,1.0,1
ULS,2257,usa,2026,Q2,2026-06-30,2026-08-04,equityusd,1595000000.0,sharesbas -> shares_outstanding,201898173.0,2026-10-06,68.37000274658203,13803778642.539894,7.896,7.90002195809865,8.654406672438805,8.654406672438805,POSITIVE,1,,1.0,1
ULTA,2258,usa,2027,Q2,2026-08-01,2026-08-27,equityusd,2643741000.0,sharesbas -> shares_outstanding,42757471.0,2026-10-06,547.2899780273438,23400735364.094788,61.547,61.83108912124386,8.8513721140213,8.8513721140213,POSITIVE,1,,1.0,1
UMH,2259,usa,2026,Q2,2026-06-30,2026-08-05,equityusd,890363000.0,sharesbas -> shares_outstanding,85385600.0,2026-10-06,15.420000076293945,1316645958.5144043,10.45,10.427554529100926,1.4787743409310634,1.4787743409310632,POSITIVE,1,multi-class ownership validation required,1.0,0
UNCY,2260,usa,2026,Q2,2026-06-30,2026-08-12,equityusd,53270000.0,sharesbas -> shares_outstanding,27855257.0,2026-10-06,4.230000019073486,117827737.64129686,1.979,1.9123858738765183,2.211896708115203,2.211896708115203,POSITIVE,1,,1.0,1
UNF,2261,usa,2026,Q3,2026-05-30,2026-07-08,equityusd,2198045000.0,sharesbas -> shares_outstanding,18084173.0,2026-10-06,251.72000122070312,4552148049.6354065,121.553,121.5452318444421,2.0709985690171977,2.0709985690171977,POSITIVE,1,,1.0,1
UNFI,2262,usa,2026,Q4,2026-08-01,2026-09-14,,,sharesbas -> shares_outstanding,60317084.0,2026-10-06,44.290000915527344,2671443705.5819397,,,,,MISSING,0,sharefactor missing/nonunit,,0
UNH,2263,usa,2026,Q2,2026-06-30,2026-08-10,equityusd,98447000000.0,sharesbas -> shares_outstanding,897594847.0,2026-10-06,376.32000732421875,337782899397.221,109.143,109.67865995335866,3.4311141974587445,3.4311141974587445,POSITIVE,1,,1.0,1
UNIT,2264,usa,2026,Q2,2026-06-30,2026-07-30,equityusd,161500000.0,sharesbas -> shares_outstanding,242725135.0,2026-10-06,8.100000381469727,1966073686.0922909,0.639,0.6653616651608825,12.173830873636476,12.173830873636476,POSITIVE,1,,1.0,1
UNP,2265,usa,2026,Q2,2026-06-30,2026-07-23,equityusd,20673000000.0,sharesbas -> shares_outstanding,594075498.0,2026-10-06,276.6099853515625,164327214799.5022,34.838,34.79860736488412,7.9488808977653065,7.948880897765307,POSITIVE,1,,1.0,1
UP,2266,usa,2026,Q2,2026-06-30,2026-08-05,equityusd,-560300000.0,sharesbas -> shares_outstanding,36275841.0,2026-10-06,3.4700000286102295,125877169.30786014,-15.514,-15.445541290138525,,,NEGATIVE,0,multi-class ownership validation required,1.0,0
UPBD,2267,usa,2026,Q2,2026-06-30,2026-07-31,equityusd,733350000.0,sharesbas -> shares_outstanding,58299405.0,2026-10-06,15.359999656677246,895478840.7844877,12.579,12.57903060931754,1.2210797583479753,1.2210797583479753,POSITIVE,1,,1.0,1
UPLD,2268,usa,2026,Q2,2026-06-30,2026-08-14,equityusd,-89753000.0,sharesbas -> shares_outstanding,2957191.0,2026-10-06,3.740000009536743,11059894.368201971,-30.533,-30.350761922378364,,,NEGATIVE,0,,1.0,0
UPS,2269,usa,2026,Q2,2026-06-30,2026-08-05,equityusd,15067000000.0,sharesbas -> shares_outstanding,850781582.0,2026-10-06,93.11000061035156,79216273619.29587,17.71,17.70959823152354,5.257600957011739,5.257600957011738,POSITIVE,1,,1.0,1
UPWK,2270,usa,2026,Q2,2026-06-30,2026-08-10,equityusd,611266000.0,sharesbas -> shares_outstanding,124903365.0,2026-10-06,8.359999656677246,1044192088.5178328,4.933,4.893911385013526,1.7082450005690366,1.7082450005690366,POSITIVE,1,,1.0,1
UPXI,2271,usa,2026,Q4,2026-06-30,2026-09-17,,,sharesbas -> shares_outstanding,82102474.0,2026-10-06,1.1399999856948853,93596819.18551469,,,,,MISSING,0,sharefactor missing/nonunit,,0
URBN,2272,usa,2027,Q2,2026-07-31,2026-09-09,,,sharesbas -> shares_outstanding,85660181.0,2026-10-06,80.25,6874229525.25,,,,,MISSING,0,sharefactor missing/nonunit,,0
URGN,2273,usa,2026,Q2,2026-06-30,2026-08-05,equityusd,-132396000.0,sharesbas -> shares_outstanding,48880564.0,2026-10-06,41.43000030517578,2025121781.4371643,-2.628,-2.708561218728982,,,NEGATIVE,0,,1.0,0
URI,2274,usa,2026,Q2,2026-06-30,2026-07-22,equityusd,9224000000.0,sharesbas -> shares_outstanding,62242489.0,2026-10-06,1080.6199951171875,67260478159.2616,148.195,148.1945877839172,7.2918991933284465,7.291899193328447,POSITIVE,1,,1.0,1
USAC,2275,usa,2026,Q2,2026-06-30,2026-08-06,equityusd,287067000.0,sharesbas -> shares_outstanding,144943345.0,2026-10-06,25.84000015258789,3745336056.9165993,1.98,1.9805462610235745,13.046905624528765,13.046905624528765,POSITIVE,1,,1.0,1
USAR,2276,usa,2026,Q2,2026-06-30,2026-08-10,equityusd,2538028000.0,sharesbas -> shares_outstanding,244720099.0,2026-10-06,13.739999771118164,3362454104.2480145,11.025,10.371146507259299,1.3248293967789222,1.3248293967789222,POSITIVE,1,multi-class ownership validation required,1.0,0
USAU,2277,usa,2027,Q1,2026-07-31,2026-09-11,,,sharesbas -> shares_outstanding,16528663.0,2026-10-06,14.300000190734863,236359884.05259228,,,,,MISSING,0,sharefactor missing/nonunit,,0
USFD,2278,usa,2026,Q2,2026-06-27,2026-08-06,equityusd,4279000000.0,sharesbas -> shares_outstanding,216330723.0,2026-10-06,96.52999877929688,20882404427.11441,19.539,19.779899686278032,4.88020669014125,4.88020669014125,POSITIVE,1,,1.0,1
USLM,2279,usa,2026,Q2,2026-06-30,2026-07-30,equityusd,695731000.0,sharesbas -> shares_outstanding,28688363.0,2026-10-06,111.80999755859375,3207645796.9900513,24.251,24.251331454499514,4.61046840947155,4.61046840947155,POSITIVE,1,,1.0,1
USNA,2280,usa,2026,Q2,2026-07-04,2026-08-13,equityusd,526306000.0,sharesbas -> shares_outstanding,18476534.0,2026-10-06,14.829999923706055,274006997.8103523,28.471,28.485104403239266,0.5206229794270868,0.5206229794270868,POSITIVE,1,,1.0,1
USPH,2281,usa,2026,Q2,2026-06-30,2026-08-07,equityusd,448656000.0,sharesbas -> shares_outstanding,14922698.0,2026-10-06,83.62999725341797,1247985192.7535858,29.771,30.06534073128063,2.7816081647266184,2.7816081647266184,POSITIVE,1,,1.0,1
UTHR,2282,usa,2026,Q2,2026-06-30,2026-08-05,equityusd,6400300000.0,sharesbas -> shares_outstanding,42890692.0,2026-10-06,541.6199951171875,23230456391.612793,150.242,149.22351917287787,3.629588674220395,3.6295886742203947,POSITIVE,1,,1.0,1
UTI,2283,usa,2026,Q3,2026-06-30,2026-08-06,equityusd,344306000.0,sharesbas -> shares_outstanding,55095231.0,2026-10-06,19.670000076293945,1083723197.9734325,6.252,6.249288618101992,3.147558270763311,3.147558270763311,POSITIVE,1,,1.0,1
UTZ,2284,usa,2026,Q2,2026-06-28,2026-08-05,equityusd,695900000.0,sharesbas -> shares_outstanding,143962213.0,2026-10-06,14.270000457763672,2054340845.4106712,7.862,4.833907353174683,2.952063292729805,2.9520632927298047,POSITIVE,1,multi-class ownership validation required,1.0,0
UVV,2285,usa,2027,Q1,2026-06-30,2026-08-05,equityusd,1388829000.0,sharesbas -> shares_outstanding,24899257.0,2026-10-06,42.70000076293945,1063198292.8966255,55.373,55.77792943781415,0.765535780788438,0.765535780788438,POSITIVE,1,,1.0,1
VAC,2286,usa,2026,Q2,2026-06-30,2026-08-06,equityusd,2057000000.0,sharesbas -> shares_outstanding,34395320.0,2026-10-06,104.56999969482422,3596718601.9033813,59.805,59.80464784162496,1.7485263013628496,1.7485263013628494,POSITIVE,1,,1.0,1
VAL,2287,usa,2026,Q2,2026-06-30,2026-08-06,equityusd,3220700000.0,sharesbas -> shares_outstanding,69435807.0,2026-10-06,82.0,5693736174.0,46.475,46.38384918605468,1.7678567311454032,1.7678567311454032,POSITIVE,1,multi-class ownership validation required,1.0,0
VANI,2288,usa,2026,Q2,2026-06-30,2026-08-13,equityusd,18967000.0,sharesbas -> shares_outstanding,90203356.0,2026-10-06,1.2400000095367432,111852162.30024624,0.218,0.21026933853769256,5.897198413046145,5.897198413046145,POSITIVE,1,multi-class ownership validation required,1.0,0
VATE,2289,usa,2026,Q2,2026-06-30,2026-08-06,equityusd,-243200000.0,sharesbas -> shares_outstanding,13641866.0,2026-10-06,7.190000057220459,98085017.32059383,-18.183,-17.82747316239582,,,NEGATIVE,0,multi-class ownership validation required,1.0,0
VC,2290,usa,2026,Q2,2026-06-30,2026-07-23,equityusd,1611000000.0,sharesbas -> shares_outstanding,26695429.0,2026-10-06,89.30999755859375,2384168698.815613,60.347,60.347410037875775,1.479930911741535,1.479930911741535,POSITIVE,1,,1.0,1
VCEL,2291,usa,2026,Q2,2026-06-30,2026-07-30,equityusd,370041000.0,sharesbas -> shares_outstanding,51206614.0,2026-10-06,40.04999923706055,2050824851.632454,7.245,7.2264297733101435,5.542155738505879,5.542155738505879,POSITIVE,1,,1.0,1
VCYT,2292,usa,2026,Q2,2026-06-30,2026-07-31,equityusd,1388403000.0,sharesbas -> shares_outstanding,80390731.0,2026-10-06,44.650001525878906,3589446261.8165207,17.361,17.27068509925603,2.58530575187213,2.58530575187213,POSITIVE,1,,1.0,1
VECO,2293,usa,2026,Q2,2026-06-30,2026-08-05,equityusd,902782000.0,sharesbas -> shares_outstanding,61129640.0,2026-10-06,55.66999816894531,3403086946.868286,14.784,14.768318609433983,3.7695556035325097,3.7695556035325097,POSITIVE,1,,1.0,1
VEEE,2294,usa,2026,Q2,2026-06-30,2026-08-06,equityusd,14405556.0,sharesbas -> shares_outstanding,574502.0,2026-10-06,10.479999542236328,6020780.697013855,25.222,25.074857876909046,0.4179485121583544,0.4179485121583544,POSITIVE,1,,1.0,1
VEEV,2295,usa,2027,Q2,2026-07-31,2026-08-27,equityusd,7431449000.0,sharesbas -> shares_outstanding,161908850.0,2026-10-06,283.5,45901158975.0,45.776,45.89896722754809,6.176609564971784,6.176609564971784,POSITIVE,1,,1.0,1
VELO,2296,usa,2026,Q2,2026-06-30,2026-08-11,equityusd,146539000.0,sharesbas -> shares_outstanding,32149118.0,2026-10-06,9.569999694824219,307667049.4488678,4.976,4.558103273626355,2.0995574519333955,2.099557451933395,POSITIVE,1,multi-class ownership validation required,1.0,0
VERA,2297,usa,2026,Q2,2026-06-30,2026-08-10,equityusd,407758000.0,sharesbas -> shares_outstanding,72063335.0,2026-10-06,29.420000076293945,2120103321.1979961,5.676,5.658328191444373,5.199415636720791,5.199415636720791,POSITIVE,1,,1.0,1
VERI,2298,usa,2026,Q2,2026-06-30,2026-08-13,equityusd,37869000.0,sharesbas -> shares_outstanding,100457068.0,2026-10-06,0.7459999918937683,74940971.91367173,0.403,0.3769670044520909,1.9789530199812968,1.9789530199812968,POSITIVE,1,,1.0,1
VERU,2299,usa,2026,Q3,2026-06-30,2026-08-10,equityusd,28376240.0,sharesbas -> shares_outstanding,17050320.0,2026-10-06,2.4700000286102295,42114290.88781357,1.231,1.6642643657127842,1.4841392266140112,1.4841392266140112,POSITIVE,1,,1.0,1
VERX,2300,usa,2026,Q2,2026-06-30,2026-08-04,equityusd,241107000.0,sharesbas -> shares_outstanding,162217980.0,2026-10-06,12.289999961853027,1993658968.0118752,1.486,1.486314895549803,8.268772652854853,8.268772652854853,POSITIVE,1,,1.0,1
VFC,2301,usa,2027,Q1,2026-06-27,2026-07-29,equityusd,1764617000.0,sharesbas -> shares_outstanding,393134570.0,2026-10-06,14.449999809265137,5680794461.515532,4.5,4.48858262451964,3.219279005878064,3.219279005878064,POSITIVE,1,,1.0,1
VFF,2302,usa,2026,Q2,2026-06-30,2026-08-10,equityusd,312201000.0,sharesbas -> shares_outstanding,122286297.0,2026-10-06,2.7899999618530273,341178763.965148,2.687,2.5530333950663335,1.092817652618499,1.092817652618499,POSITIVE,1,,1.0,1
VIAV,2303,usa,2026,Q4,2026-06-27,2026-08-13,equityusd,1448500000.0,sharesbas -> shares_outstanding,246749828.0,2026-10-06,48.13999938964844,11878536569.315857,6.051,5.8703181750546145,8.20057754181281,8.20057754181281,POSITIVE,1,,1.0,1
VICI,2304,usa,2026,Q2,2026-06-30,2026-07-29,equityusd,29170749000.0,sharesbas -> shares_outstanding,1101077562.0,2026-10-06,22.729999542236328,25027492480.226692,26.757,26.492910224248128,0.8579653707289686,0.8579653707289687,POSITIVE,1,,1.0,1
VICR,2305,usa,2026,Q2,2026-06-30,2026-07-29,equityusd,834319000.0,sharesbas -> shares_outstanding,46106732.0,2026-10-06,299.2900085449219,13799284214.258423,18.163,18.095383554835333,16.539578044199427,16.539578044199427,POSITIVE,1,,1.0,1
VIR,2306,usa,2026,Q2,2026-06-30,2026-08-05,equityusd,982493000.0,sharesbas -> shares_outstanding,169215958.0,2026-10-06,11.600000381469727,1962905177.3507652,5.858,5.806148613950464,1.9978820992625548,1.9978820992625548,POSITIVE,1,,1.0,1
VITL,2307,usa,2026,Q2,2026-06-28,2026-08-06,equityusd,283653000.0,sharesbas -> shares_outstanding,42931522.0,2026-10-06,9.399999618530273,403556290.42292404,6.606,6.607103284155637,1.4227111661887026,1.4227111661887026,POSITIVE,1,,1.0,1
VIVS,2308,usa,2027,Q1,2026-06-30,2026-08-12,equityusd,-2346000.0,sharesbas -> shares_outstanding,14850612.0,2026-10-06,0.20000000298023224,2970122.4442582726,-0.448,-0.15797328756552256,,,NEGATIVE,0,,1.0,0
VKTX,2309,usa,2026,Q2,2026-06-30,2026-07-29,equityusd,408317000.0,sharesbas -> shares_outstanding,116652937.0,2026-10-06,28.3799991607666,3310610254.1609592,3.512,3.500271922000558,8.10794126661628,8.10794126661628,POSITIVE,1,multi-class ownership validation required,1.0,0
VLO,2310,usa,2026,Q2,2026-06-30,2026-07-30,equityusd,25001000000.0,sharesbas -> shares_outstanding,287927461.0,2026-10-06,419.2200012207031,120704950551.89395,85.037,86.83089800871755,4.828004901879683,4.828004901879683,POSITIVE,1,,1.0,1
VLTO,2311,usa,2026,Q2,2026-07-03,2026-07-29,equityusd,3097000000.0,sharesbas -> shares_outstanding,243793344.0,2026-10-06,96.44999694824219,23513867284.801758,12.631,12.703382090693994,7.592466026736118,7.592466026736118,POSITIVE,1,,1.0,1
VMC,2312,usa,2026,Q2,2026-06-30,2026-07-29,equityusd,8464700000.0,sharesbas -> shares_outstanding,129578739.0,2026-10-06,248.85000610351562,32245669991.03586,65.213,65.32475979720716,3.8094285669942063,3.8094285669942063,POSITIVE,1,,1.0,1
VMD,2313,usa,2026,Q2,2026-06-30,2026-08-03,equityusd,144028000.0,sharesbas -> shares_outstanding,38088228.0,2026-10-06,9.329999923706055,355363164.3340988,3.766,3.781430839996022,2.467319995654309,2.467319995654309,POSITIVE,1,,1.0,1
VMI,2314,usa,2026,Q2,2026-06-27,2026-07-28,equityusd,1726753000.0,sharesbas -> shares_outstanding,19304858.0,2026-10-06,486.8900146484375,9399342594.406006,89.447,89.44655277961641,5.4433625390579925,5.4433625390579925,POSITIVE,1,,1.0,1
VNCE,2315,usa,2027,Q2,2026-08-01,2026-09-11,,,sharesbas -> shares_outstanding,12944749.0,2026-10-06,12.239999771118164,158443724.79718208,,,,,MISSING,0,sharefactor missing/nonunit,,0
VNDA,2316,usa,2026,Q2,2026-06-30,2026-08-06,equityusd,220185000.0,sharesbas -> shares_outstanding,60462687.0,2026-10-06,4.519999980926514,273291344.08676577,3.656,3.6416674634390627,1.2411896545485195,1.2411896545485195,POSITIVE,1,,1.0,1
VNO,2317,usa,2026,Q2,2026-06-30,2026-08-03,equityusd,5787587000.0,sharesbas -> shares_outstanding,186720531.0,2026-10-06,33.52000045776367,6258872284.593876,30.904,30.995986188578268,1.0814303585576988,1.0814303585576988,POSITIVE,1,multi-class ownership validation required,1.0,0
VNOM,2318,usa,2026,Q2,2026-06-30,2026-08-05,equityusd,5035000000.0,sharesbas -> shares_outstanding,359194893.0,2026-10-06,41.59000015258789,14938915654.678791,25.989,14.017459875188148,2.9670140327068104,2.9670140327068104,POSITIVE,1,,1.0,1
VNT,2319,usa,2026,Q2,2026-07-03,2026-08-06,equityusd,1192700000.0,sharesbas -> shares_outstanding,135200000.0,2026-10-06,32.84000015258789,4439968020.629883,8.544,8.821745562130177,3.722619284505645,3.722619284505645,POSITIVE,1,,1.0,1
VOR,2320,usa,2026,Q2,2026-06-30,2026-08-11,equityusd,-200197000.0,sharesbas -> shares_outstanding,59162294.0,2026-10-06,18.309999465942383,1083261571.5439262,-3.687,-3.3838613492573497,,,NEGATIVE,0,,1.0,0
VPG,2321,usa,2026,Q2,2026-07-04,2026-08-05,equityusd,332751000.0,sharesbas -> shares_outstanding,13320430.0,2026-10-06,77.91000366210938,1037794750.0808716,25.0,24.98049987875767,3.11883285123372,3.1188328512337202,POSITIVE,1,,1.0,1
VRA,2322,usa,2027,Q2,2026-08-01,2026-09-15,,,sharesbas -> shares_outstanding,28688664.0,2026-10-06,5.079999923706055,145738410.93122864,,,,,MISSING,0,sharefactor missing/nonunit,,0
VRDN,2323,usa,2026,Q2,2026-06-30,2026-08-06,equityusd,662097000.0,sharesbas -> shares_outstanding,113292269.0,2026-10-06,18.219999313354492,2064185063.3883724,6.137,5.844149877517238,3.1176475099394385,3.1176475099394385,POSITIVE,1,,1.0,1
VREX,2324,usa,2026,Q3,2026-07-03,2026-08-10,equityusd,496600000.0,sharesbas -> shares_outstanding,42100000.0,2026-10-06,18.479999542236328,778007980.7281494,11.796,11.795724465558195,1.5666693127832247,1.5666693127832247,POSITIVE,1,,1.0,1
VRNS,2325,usa,2026,Q2,2026-06-30,2026-07-29,equityusd,444493000.0,sharesbas -> shares_outstanding,114860485.0,2026-10-06,49.08000183105469,5637352814.115829,3.871,3.8698513244132653,12.682658251346657,12.682658251346657,POSITIVE,1,,1.0,1
VRRM,2326,usa,2026,Q2,2026-06-30,2026-08-05,equityusd,223622000.0,sharesbas -> shares_outstanding,151982804.0,2026-10-06,2.819999933242798,428591497.13405323,1.472,1.4713638261339093,1.9165891420971695,1.9165891420971695,POSITIVE,1,multi-class ownership validation required,1.0,0
VRSK,2327,usa,2026,Q2,2026-06-30,2026-07-29,equityusd,-1189000000.0,sharesbas -> shares_outstanding,130156012.0,2026-10-06,165.1999969482422,21501772785.195374,-9.093,-9.135190773976696,,,NEGATIVE,0,,1.0,0
VRSN,2328,usa,2026,Q2,2026-06-30,2026-07-23,equityusd,-2254100000.0,sharesbas -> shares_outstanding,90000000.0,2026-10-06,293.1000061035156,26379000549.316406,-24.825,-25.045555555555556,,,NEGATIVE,0,,1.0,0
VRT,2329,usa,2026,Q2,2026-06-30,2026-07-29,equityusd,4757600000.0,sharesbas -> shares_outstanding,384988173.0,2026-10-06,253.13999938964844,97455905878.24187,12.372,12.357782222052832,20.484258003666106,20.484258003666106,POSITIVE,1,multi-class ownership validation required,1.0,0
VRTX,2330,usa,2026,Q2,2026-06-30,2026-08-04,equityusd,20247900000.0,sharesbas -> shares_outstanding,253460924.0,2026-10-06,502.30999755859375,127315956115.63892,79.81,79.88568683668177,6.287859783762213,6.287859783762213,POSITIVE,1,,1.0,1
VS,2331,usa,2026,Q2,2026-06-30,2026-08-14,equityusd,11837643.0,sharesbas -> shares_outstanding,6212646.0,2026-10-06,1.0800000429153442,6709657.946617842,2.387,1.905410834610567,0.5668069181185682,0.5668069181185682,POSITIVE,1,multi-class ownership validation required,1.0,0
VSAT,2332,usa,2027,Q1,2026-06-30,2026-08-06,equityusd,4639852000.0,sharesbas -> shares_outstanding,137755810.0,2026-10-06,74.37999725341797,10246276769.442368,33.838,33.68171549352437,2.2083197415439906,2.2083197415439906,POSITIVE,1,,1.0,1
VSEC,2333,usa,2026,Q2,2026-06-30,2026-08-06,equityusd,2933436000.0,sharesbas -> shares_outstanding,28064972.0,2026-10-06,168.47999572753906,4728386362.653503,94.805,104.52303319597112,1.6118934800873457,1.611893480087346,POSITIVE,1,multi-class ownership validation required,1.0,0
VSH,2334,usa,2026,Q2,2026-07-04,2026-08-05,equityusd,2912897000.0,sharesbas -> shares_outstanding,153379167.0,2026-10-06,37.84000015258789,5803867702.683804,21.289,18.991477506198738,1.9924726836149043,1.9924726836149043,POSITIVE,1,,1.0,1
VST,2335,usa,2026,Q2,2026-06-30,2026-08-10,equityusd,5482000000.0,sharesbas -> shares_outstanding,335635195.0,2026-10-06,160.5,53869448797.5,16.274,16.33320963255954,9.826605034202846,9.826605034202846,POSITIVE,1,multi-class ownership validation required,1.0,0
VSTD,2336,usa,2025,Q2,2025-06-30,2025-08-20,equityusd,4687617.0,sharesbas -> shares_outstanding,14224980.0,2026-10-05,0.0010000000474974513,14224.980675650295,0.787,0.3295341715770426,0.0030345868008521803,0.0030345868008521803,POSITIVE,1,fundamentals stale >180 days,1.0,0
VSTM,2337,usa,2026,Q2,2026-06-30,2026-08-06,equityusd,49986000.0,sharesbas -> shares_outstanding,90563441.0,2026-10-06,7.75,701866667.75,0.499,0.5519445755158531,14.041264909174568,14.041264909174568,POSITIVE,1,,1.0,1
VSTS,2338,usa,2026,Q3,2026-07-03,2026-08-11,equityusd,877671000.0,sharesbas -> shares_outstanding,132160105.0,2026-10-06,13.920000076293945,1839668671.6830158,6.644,6.640967786761368,2.0960800478573587,2.0960800478573587,POSITIVE,1,,1.0,1
VTGN,2339,usa,2027,Q1,2026-06-30,2026-08-14,equityusd,24481000.0,sharesbas -> shares_outstanding,44376911.0,2026-10-06,0.25,11094227.75,0.57,0.5516607498886076,0.4531770658878314,0.45317706588783135,POSITIVE,1,,1.0,1
VTOL,2340,usa,2026,Q2,2026-06-30,2026-08-05,equityusd,1089265000.0,sharesbas -> shares_outstanding,29642000.0,2026-10-06,40.310001373291016,1194869060.7070923,36.78,36.747351730652454,1.0969498337935142,1.0969498337935142,POSITIVE,1,,1.0,1
VTR,2341,usa,2026,Q2,2026-06-30,2026-07-30,equityusd,14649399000.0,sharesbas -> shares_outstanding,512946359.0,2026-10-06,81.86000061035156,41989789260.81761,28.559,28.55931959154427,2.866314806554017,2.866314806554017,POSITIVE,1,multi-class ownership validation required,1.0,0
VTRS,2342,usa,2026,Q2,2026-06-30,2026-08-06,equityusd,14260400000.0,sharesbas -> shares_outstanding,1148590864.0,2026-10-06,17.540000915527344,20146284806.126343,12.259,12.415561055690235,1.4127433175876094,1.4127433175876092,POSITIVE,1,,1.0,1
VTS,2343,usa,2026,Q2,2026-06-30,2026-08-03,equityusd,623923000.0,sharesbas -> shares_outstanding,42104317.0,2026-10-06,16.959999084472656,714089177.7723465,14.841,14.81850424031341,1.1445149125330312,1.1445149125330314,POSITIVE,1,,1.0,1
VUZI,2344,usa,2026,Q2,2026-06-30,2026-08-13,equityusd,21113596.0,sharesbas -> shares_outstanding,84414230.0,2026-10-06,2.930000066757202,247333699.53525782,0.252,0.25011891952340265,11.714427970264175,11.714427970264175,POSITIVE,1,,1.0,1
VVOS,2345,usa,2026,Q2,2026-06-30,2026-08-14,equityusd,-3815000.0,sharesbas -> shares_outstanding,20118023.0,2026-10-06,0.15399999916553497,3098175.5252122134,-0.216,-0.18963095926473492,,,NEGATIVE,0,,1.0,0
VVV,2346,usa,2026,Q3,2026-06-30,2026-08-05,equityusd,416700000.0,sharesbas -> shares_outstanding,127586418.0,2026-10-06,30.8700008392334,3938592830.734783,3.261,3.2660216230853036,9.451866644431925,9.451866644431925,POSITIVE,1,,1.0,1
VVX,2347,usa,2026,Q2,2026-07-03,2026-08-03,equityusd,1134456000.0,sharesbas -> shares_outstanding,31345358.0,2026-10-06,70.95999908447266,2224266574.9824677,36.213,36.192153236852484,1.960645961573184,1.9606459615731837,POSITIVE,1,,1.0,1
VYGR,2348,usa,2026,Q2,2026-06-30,2026-08-06,equityusd,154377000.0,sharesbas -> shares_outstanding,61617948.0,2026-10-06,2.4600000381469727,151580154.43053818,2.55,2.505390150285433,0.9818830164502366,0.9818830164502366,POSITIVE,1,,1.0,1
VYX,2349,usa,2026,Q2,2026-06-30,2026-08-05,equityusd,926000000.0,sharesbas -> shares_outstanding,138069898.0,2026-10-06,6.730000019073486,929210416.1734743,6.72,6.706747911119627,1.0034669721095835,1.0034669721095835,POSITIVE,1,,1.0,1
VZ,2350,usa,2026,Q2,2026-06-30,2026-07-31,equityusd,103920000000.0,sharesbas -> shares_outstanding,4154775202.0,2026-10-06,45.97999954223633,191036561886.05484,24.933,25.012183559287546,1.8383040982106895,1.8383040982106893,POSITIVE,1,multi-class ownership validation required,1.0,0
W,2351,usa,2026,Q2,2026-06-30,2026-08-04,equityusd,-2788000000.0,sharesbas -> shares_outstanding,136968070.0,2026-10-06,105.44999694824219,14443282563.506622,-21.121,-20.355109041107173,,,NEGATIVE,0,,1.0,0
WAB,2352,usa,2026,Q2,2026-06-30,2026-07-22,equityusd,11214000000.0,sharesbas -> shares_outstanding,168910851.0,2026-10-06,291.1600036621094,49180083995.73001,66.316,66.39005092692358,4.385596932025148,4.385596932025148,POSITIVE,1,,1.0,1
WAT,2353,usa,2026,Q2,2026-07-04,2026-08-11,equityusd,15195000000.0,sharesbas -> shares_outstanding,98248111.0,2026-10-06,436.42999267578125,42878422364.13934,154.729,154.6594621040602,2.821877088788374,2.821877088788374,POSITIVE,1,,1.0,1
WBD,2354,usa,2026,Q2,2026-06-30,2026-08-06,equityusd,32838000000.0,sharesbas -> shares_outstanding,2510703314.0,2026-10-06,30.950000762939453,77706269483.8146,13.078,13.079203670497883,2.366352076369286,2.3663520763692856,POSITIVE,1,multi-class ownership validation required,1.0,0
WCC,2355,usa,2026,Q2,2026-06-30,2026-07-30,equityusd,5219800000.0,sharesbas -> shares_outstanding,48732854.0,2026-10-06,384.0899963378906,18717801714.39496,107.11,107.11049264629565,3.585923160733162,3.585923160733162,POSITIVE,1,multi-class ownership validation required,1.0,0
WCN,2356,usa,2026,Q2,2026-06-30,2026-07-23,equityusd,7921218000.0,sharesbas -> shares_outstanding,252049532.0,2026-10-06,154.6199951171875,38971897407.129395,31.253,31.42722756573101,4.919937490311388,4.919937490311388,POSITIVE,1,,1.0,1
WDAY,2357,usa,2027,Q2,2026-07-31,2026-08-27,equityusd,6460000000.0,sharesbas -> shares_outstanding,241000000.0,2026-10-06,186.5500030517578,44958550735.47363,26.348,26.804979253112034,6.959527977627497,6.959527977627498,POSITIVE,1,,1.0,1
WDC,2358,usa,2026,Q4,2026-07-03,2026-08-14,equityusd,8864000000.0,sharesbas -> shares_outstanding,360540944.0,2026-10-06,411.0400085449219,148196752702.5542,25.254,24.585279834403497,16.718947732688875,16.718947732688875,POSITIVE,1,,1.0,1
WDFC,2359,usa,2026,Q3,2026-05-31,2026-07-09,equityusd,278733000.0,sharesbas -> shares_outstanding,13421096.0,2026-10-06,204.1699981689453,2740185145.7452393,20.721,20.76827406643988,9.83086016275518,9.83086016275518,POSITIVE,1,,1.0,1
WEAV,2360,usa,2026,Q2,2026-06-30,2026-08-06,equityusd,84969000.0,sharesbas -> shares_outstanding,79999119.0,2026-10-06,7.380000114440918,590393507.3751726,1.067,1.0621241966427155,6.948340069615655,6.948340069615655,POSITIVE,1,,1.0,1
WEC,2361,usa,2026,Q2,2026-06-30,2026-08-04,equityusd,14134900000.0,sharesbas -> shares_outstanding,325849383.0,2026-10-06,103.19000244140625,33624398627.30072,43.385,43.37863054968559,2.378821118458618,2.378821118458618,POSITIVE,1,,1.0,1
WELL,2362,usa,2026,Q2,2026-06-30,2026-07-28,equityusd,46414348000.0,sharesbas -> shares_outstanding,720744951.0,2026-10-06,225.77999877929688,162729794156.9644,65.397,64.39774282927998,3.5060234856032966,3.506023485603296,POSITIVE,1,multi-class ownership validation required,1.0,0
WEN,2363,usa,2026,Q2,2026-06-28,2026-08-07,equityusd,120467000.0,sharesbas -> shares_outstanding,190669930.0,2026-10-06,6.159999847412109,1174526739.7060776,0.632,0.6318091164138991,9.749779937294674,9.749779937294674,POSITIVE,1,multi-class ownership validation required,1.0,0
WERN,2364,usa,2026,Q2,2026-06-30,2026-08-07,equityusd,1356262000.0,sharesbas -> shares_outstanding,59977156.0,2026-10-06,32.810001373291016,1967850570.7260895,22.618,22.612976180464443,1.4509368917849865,1.4509368917849865,POSITIVE,1,,1.0,1
WES,2365,usa,2026,Q2,2026-06-30,2026-08-05,equityusd,4258306000.0,sharesbas -> shares_outstanding,413174593.0,2026-10-06,46.18000030517578,19080402830.83088,10.698,10.306311356371324,4.480749582305941,4.480749582305941,POSITIVE,1,,1.0,1
WEST,2366,usa,2026,Q2,2026-06-30,2026-08-06,equityusd,-31273000.0,sharesbas -> shares_outstanding,97627387.0,2026-10-06,8.25,805425942.75,-0.32,-0.3203301958701404,,,NEGATIVE,0,multi-class ownership validation required,1.0,0
WEX,2367,usa,2026,Q2,2026-06-30,2026-07-23,equityusd,1344600000.0,sharesbas -> shares_outstanding,34081611.0,2026-10-06,171.47999572753906,5844314508.667648,38.749,39.45236039458346,4.346507889831659,4.346507889831659,POSITIVE,1,,1.0,1
WFRD,2368,usa,2026,Q2,2026-06-30,2026-07-22,equityusd,1789000000.0,sharesbas -> shares_outstanding,71685443.0,2026-10-06,79.94000244140625,5730534488.433289,24.882,24.95625227565379,3.2032054155580147,3.2032054155580147,POSITIVE,1,,1.0,1
WGO,2369,usa,2026,Q3,2026-05-30,2026-06-25,equityusd,1234400000.0,sharesbas -> shares_outstanding,28268893.0,2026-10-06,24.950000762939453,705308901.9174538,43.618,43.66637207901986,0.5713779179499788,0.5713779179499787,POSITIVE,1,,1.0,1
WGS,2370,usa,2026,Q2,2026-06-30,2026-08-03,equityusd,244221000.0,sharesbas -> shares_outstanding,29822541.0,2026-10-06,71.5199966430664,2132908032.2077103,4.11,8.189141227100668,8.733516086690786,8.733516086690786,POSITIVE,1,multi-class ownership validation required,1.0,0
WH,2371,usa,2026,Q2,2026-06-30,2026-07-23,equityusd,480000000.0,sharesbas -> shares_outstanding,74211122.0,2026-10-06,72.6500015258789,5391438126.537186,6.468,6.468033187801688,11.232162763619137,11.232162763619137,POSITIVE,1,,1.0,1
WHD,2372,usa,2026,Q2,2026-06-30,2026-07-31,equityusd,1240816000.0,sharesbas -> shares_outstanding,80179417.0,2026-10-06,64.16999816894531,5145113042.077103,17.847,15.475492918587822,4.146556009978194,4.146556009978194,POSITIVE,1,,1.0,1
WHLR,2373,usa,2026,Q2,2026-06-30,2026-08-06,,,sharesbas -> shares_outstanding,53655.0,2026-10-06,0.9100000262260437,48826.051407158375,,,,,MISSING,0,sharefactor missing/nonunit; multi-class ownership validation required,,0
WHR,2374,usa,2026,Q2,2026-06-30,2026-08-04,equityusd,3933000000.0,sharesbas -> shares_outstanding,65199378.0,2026-10-06,30.149999618530273,1965761221.828411,60.508,60.322661360358374,0.49981215912240307,0.499812159122403,POSITIVE,1,multi-class ownership validation required,1.0,0
WHWK,2375,usa,2026,Q2,2026-06-30,2026-08-06,equityusd,182925000.0,sharesbas -> shares_outstanding,57009010.0,2026-10-06,3.609999895095825,205802520.11951685,2.207,3.2087033260181155,1.1250650273036318,1.1250650273036318,POSITIVE,1,,1.0,1
WING,2376,usa,2026,Q2,2026-06-27,2026-07-29,equityusd,-772987000.0,sharesbas -> shares_outstanding,27242546.0,2026-10-06,112.19999694824219,3056613578.0623474,-28.382,-28.37425694353237,,,NEGATIVE,0,,1.0,0
WK,2377,usa,2026,Q2,2026-06-30,2026-08-04,equityusd,-97076000.0,sharesbas -> shares_outstanding,54416488.0,2026-10-06,70.16000366210938,3817860997.359131,-1.745,-1.783944601496517,,,NEGATIVE,0,,1.0,0
WKC,2378,usa,2026,Q2,2026-06-30,2026-07-24,equityusd,1257600000.0,sharesbas -> shares_outstanding,51151620.0,2026-10-06,36.52000045776367,1868057185.8153534,24.515,24.585731595597558,1.4854144289244222,1.4854144289244222,POSITIVE,1,,1.0,1
WKHS,2379,usa,2026,Q2,2026-06-30,2026-08-13,equityusd,7178000.0,sharesbas -> shares_outstanding,10928585.0,2026-10-06,2.940000057220459,32130040.52533865,0.661,0.6568096418703794,4.4761828539061925,4.4761828539061925,POSITIVE,1,,1.0,1
WKSP,2380,usa,2026,Q2,2026-06-30,2026-08-11,equityusd,19076254.0,sharesbas -> shares_outstanding,15298333.0,2026-10-06,0.38499999046325684,5889858.059103727,1.609,1.2469498474114795,0.3087533883279037,0.3087533883279038,POSITIVE,1,multi-class ownership validation required,1.0,0
WLDN,2381,usa,2026,Q2,2026-07-03,2026-08-07,equityusd,350465000.0,sharesbas -> shares_outstanding,15232091.0,2026-10-06,73.91000366210938,1125803901.5915833,23.298,23.008331554741893,3.212314786331255,3.212314786331255,POSITIVE,1,,1.0,1
WLK,2382,usa,2026,Q2,2026-06-30,2026-08-05,equityusd,8705000000.0,sharesbas -> shares_outstanding,127796548.0,2026-10-06,63.38999938964844,8101023099.719177,67.987,68.11608088193431,0.9306172429315539,0.930617242931554,POSITIVE,1,,1.0,1
WLY,2383,usa,2027,Q1,2026-07-31,2026-09-04,equityusd,797039000.0,sharesbas -> shares_outstanding,50683930.0,2026-10-06,48.45000076293945,2455636447.16877,15.705,15.725674784887438,3.0809489211553887,3.0809489211553887,POSITIVE,1,multi-class ownership validation required,1.0,0
WM,2384,usa,2026,Q2,2026-06-30,2026-07-29,equityusd,9925000000.0,sharesbas -> shares_outstanding,399715184.0,2026-10-06,207.8800048828125,83092794401.6543,24.83,24.830180081425176,8.372069964902197,8.372069964902197,POSITIVE,1,,1.0,1
WMB,2385,usa,2026,Q2,2026-06-30,2026-08-03,equityusd,13190000000.0,sharesbas -> shares_outstanding,1223167472.0,2026-10-06,72.38999938964844,88545092551.51782,10.776,10.783478388640471,6.713047198750404,6.713047198750403,POSITIVE,1,,1.0,1
WMG,2386,usa,2026,Q3,2026-06-30,2026-08-05,equityusd,854000000.0,sharesbas -> shares_outstanding,523109769.0,2026-10-06,27.610000610351562,14443061041.370865,1.637,1.6325445453495249,16.912249462963544,16.91224946296354,POSITIVE,1,,1.0,1
WMK,2387,usa,2026,Q2,2026-06-27,2026-08-06,equityusd,1386203000.0,sharesbas -> shares_outstanding,24744597.0,2026-10-06,72.5999984741211,1796457704.4427414,56.02,56.02043145014647,1.295955718204867,1.295955718204867,POSITIVE,1,,1.0,1
WMS,2388,usa,2027,Q1,2026-06-30,2026-08-06,equityusd,1791693000.0,sharesbas -> shares_outstanding,75405342.0,2026-10-06,130.07000732421875,9807973386.22522,23.413,23.760823205337363,5.47413724685268,5.47413724685268,POSITIVE,1,,1.0,1
WMT,2389,usa,2027,Q2,2026-07-31,2026-08-28,equityusd,98238000000.0,sharesbas -> shares_outstanding,7933746241.0,2026-10-06,107.19999694824219,850497572823.3279,12.351,12.382296712784413,8.657521252705958,8.657521252705958,POSITIVE,1,,1.0,1
WNC,2390,usa,2026,Q2,2026-06-30,2026-07-29,equityusd,291058000.0,sharesbas -> shares_outstanding,40737173.0,2026-10-06,13.869999885559082,565024584.8480005,7.113,7.144776590167413,1.9412783185756808,1.9412783185756808,POSITIVE,1,,1.0,1
WOOF,2391,usa,2027,Q2,2026-08-01,2026-09-04,equityusd,1206927000.0,sharesbas -> shares_outstanding,324210138.0,2026-10-06,2.2200000286102295,719746515.6357265,4.226,3.722668906794025,0.5963463537030214,0.5963463537030214,POSITIVE,1,,1.0,1
WOR,2392,usa,2026,Q4,2026-05-31,2026-07-30,equityusd,1027040000.0,sharesbas -> shares_outstanding,48934416.0,2026-10-06,61.63999938964844,3016317372.3728027,21.05,20.988091489637885,2.9369035016871816,2.936903501687181,POSITIVE,1,,1.0,1
WPC,2393,usa,2026,Q2,2026-06-30,2026-07-29,equityusd,8672397000.0,sharesbas -> shares_outstanding,227816879.0,2026-10-06,64.01000213623047,14582558911.459358,38.378,38.06740324978291,1.681491162300268,1.6814911623002682,POSITIVE,1,,1.0,1
WRAP,2394,usa,2026,Q2,2026-06-30,2026-08-11,equityusd,13346000.0,sharesbas -> shares_outstanding,56003638.0,2026-10-06,1.5499999523162842,86805636.22953844,0.239,0.23830594719578754,6.504243685713955,6.504243685713955,POSITIVE,1,,1.0,1
WRBY,2395,usa,2026,Q2,2026-06-30,2026-08-06,equityusd,391985000.0,sharesbas -> shares_outstanding,123608054.0,2026-10-06,26.229999542236328,3242239199.8367233,3.163,3.171193035690053,8.271334872091339,8.271334872091339,POSITIVE,1,,1.0,1
WS,2396,usa,2026,Q4,2026-05-31,2026-07-30,equityusd,1063300000.0,sharesbas -> shares_outstanding,50948146.0,2026-10-06,38.189998626708984,1945709625.7733688,21.351,20.870239321368043,1.8298783276341286,1.8298783276341286,POSITIVE,1,,1.0,1
WSC,2397,usa,2026,Q2,2026-06-30,2026-08-06,equityusd,910659000.0,sharesbas -> shares_outstanding,181190958.0,2026-10-06,17.360000610351562,3145475141.4701843,5.031,5.025962719397952,3.4540647393483006,3.454064739348301,POSITIVE,1,,1.0,1
WSM,2398,usa,2027,Q2,2026-08-02,2026-08-28,equityusd,2140914000.0,sharesbas -> shares_outstanding,117779173.0,2026-10-06,242.25,28532004659.25,18.18,18.17735636503408,13.327020449793874,13.327020449793872,POSITIVE,1,,1.0,1
WSO,2399,usa,2026,Q2,2026-06-30,2026-08-07,equityusd,2994413000.0,sharesbas -> shares_outstanding,41252194.0,2026-10-06,290.8299865722656,11997375027.096497,72.588,72.58796950290693,4.00658660882667,4.00658660882667,POSITIVE,1,multi-class ownership validation required,1.0,0
WST,2400,usa,2026,Q2,2026-06-30,2026-07-23,equityusd,2990200000.0,sharesbas -> shares_outstanding,70375762.0,2026-10-06,372.6400146484375,26224824982.57495,42.234,42.48906036711901,8.77025783645741,8.77025783645741,POSITIVE,1,,1.0,1
WTI,2401,usa,2026,Q2,2026-06-30,2026-08-05,equityusd,-196201000.0,sharesbas -> shares_outstanding,150942952.0,2026-10-06,3.5899999141693115,541885184.7244625,-1.311,-1.2998354504157306,,,NEGATIVE,0,,1.0,0
WTRG,2402,usa,2026,Q2,2026-06-30,2026-08-05,equityusd,7018256000.0,sharesbas -> shares_outstanding,283778605.0,2026-10-06,38.810001373291016,11013448049.760609,24.742,24.731448658717593,1.5692570988804924,1.5692570988804924,POSITIVE,1,multi-class ownership validation required,1.0,0
WTS,2403,usa,2026,Q2,2026-06-28,2026-08-06,equityusd,2189400000.0,sharesbas -> shares_outstanding,33383050.0,2026-10-06,362.45001220703125,12099686880.007935,65.355,65.58418119374953,5.526485283642977,5.526485283642978,POSITIVE,1,,1.0,1
WTTR,2404,usa,2026,Q2,2026-06-30,2026-08-05,equityusd,1049351000.0,sharesbas -> shares_outstanding,138480833.0,2026-10-06,19.989999771118164,2768231819.9742527,7.578,7.577590178129561,2.638041818204064,2.638041818204064,POSITIVE,1,,1.0,1
WVE,2405,usa,2026,Q2,2026-06-30,2026-07-30,equityusd,453520000.0,sharesbas -> shares_outstanding,197048175.0,2026-10-06,3.5199999809265137,693609572.2416043,2.223,2.3015691467327724,1.5293913658528937,1.5293913658528937,POSITIVE,1,,1.0,1
WWD,2406,usa,2026,Q3,2026-06-30,2026-07-30,equityusd,2473794000.0,sharesbas -> shares_outstanding,59045820.0,2026-10-06,332.55999755859375,19636277755.045166,41.615,41.89617486894077,7.937717431219077,7.9377174312190775,POSITIVE,1,,1.0,1
WWW,2407,usa,2026,Q2,2026-07-04,2026-08-13,equityusd,449200000.0,sharesbas -> shares_outstanding,82066339.0,2026-10-06,19.309999465942383,1584700962.2618465,5.474,5.473620554707576,3.527829390609632,3.527829390609632,POSITIVE,1,,1.0,1
WY,2408,usa,2026,Q2,2026-06-30,2026-07-31,equityusd,9456000000.0,sharesbas -> shares_outstanding,720736000.0,2026-10-06,18.600000381469727,13405689874.938965,13.107,13.119921857656617,1.4176913996339853,1.4176913996339853,POSITIVE,1,multi-class ownership validation required,1.0,0
WYNN,2409,usa,2026,Q2,2026-06-30,2026-08-06,equityusd,-169451000.0,sharesbas -> shares_outstanding,102973891.0,2026-10-06,76.62000274658203,7889859811.246239,-1.652,-1.6455724684619328,,,NEGATIVE,0,,1.0,0
XAIR,2410,usa,2027,Q1,2026-06-30,2026-08-13,equityusd,1997000.0,sharesbas -> shares_outstanding,957631.0,2026-10-06,2.549999952316284,2441959.0043365955,2.769,2.085354379714107,1.2228137227524265,1.2228137227524265,POSITIVE,1,,1.0,1
XEL,2411,usa,2026,Q2,2026-06-30,2026-07-30,equityusd,24057000000.0,sharesbas -> shares_outstanding,624634306.0,2026-10-06,72.7300033569336,45429655172.235886,38.491,38.51373478676658,1.8884173077372859,1.8884173077372859,POSITIVE,1,multi-class ownership validation required,1.0,0
XENE,2412,usa,2026,Q2,2026-06-30,2026-08-06,equityusd,1242396000.0,sharesbas -> shares_outstanding,96840432.0,2026-10-06,36.56999969482422,3541454568.6866455,12.473,12.829310798613538,2.8505038399082463,2.8505038399082463,POSITIVE,1,,1.0,1
XERS,2413,usa,2026,Q2,2026-06-30,2026-08-06,equityusd,-9734000.0,sharesbas -> shares_outstanding,182320306.0,2026-10-06,10.069999694824219,1835965425.7802582,-0.056,-0.0533895549736517,,,NEGATIVE,0,,1.0,0
XFOR,2414,usa,2026,Q2,2026-06-30,2026-08-06,equityusd,155454000.0,sharesbas -> shares_outstanding,99146743.0,2026-10-06,2.7699999809265137,274636476.21892595,1.23,1.5679183732742488,1.7666735897366805,1.7666735897366805,POSITIVE,1,,1.0,1
XGN,2415,usa,2026,Q2,2026-06-30,2026-08-04,equityusd,12216000.0,sharesbas -> shares_outstanding,24225339.0,2026-10-06,8.1899995803833,198405516.2446432,0.506,0.5042653892273705,16.241446974839818,16.241446974839818,POSITIVE,1,,1.0,1
XHR,2416,usa,2026,Q2,2026-06-30,2026-07-30,equityusd,1109875000.0,sharesbas -> shares_outstanding,92245835.0,2026-10-06,18.059999465942383,1665959730.8354092,12.032,12.031708531881142,1.501033657696055,1.501033657696055,POSITIVE,1,,1.0,1
XIFR,2417,usa,2026,Q2,2026-06-30,2026-07-28,equityusd,3237000000.0,sharesbas -> shares_outstanding,94272795.0,2026-10-06,10.380000114440918,978551622.8886652,34.337,34.336523065853726,0.3023020151030785,0.3023020151030785,POSITIVE,1,,1.0,1
XMTR,2418,usa,2026,Q2,2026-06-30,2026-08-04,equityusd,595023000.0,sharesbas -> shares_outstanding,57323573.0,2026-10-06,110.66000366210938,6343426798.105194,10.974,10.38007522664367,10.66080941090545,10.66080941090545,POSITIVE,1,,1.0,1
XNCR,2419,usa,2026,Q2,2026-06-30,2026-08-05,equityusd,503228000.0,sharesbas -> shares_outstanding,74353397.0,2026-10-06,24.360000610351562,1811248796.301712,6.634,6.768056609437764,3.5992607651039132,3.5992607651039132,POSITIVE,1,,1.0,1
XOM,2420,usa,2026,Q2,2026-06-30,2026-08-03,equityusd,259380000000.0,sharesbas -> shares_outstanding,4111911960.0,2026-10-06,164.47999572753906,676327261612.8168,63.08,63.08014435211789,2.607476527152505,2.607476527152505,POSITIVE,1,,1.0,1
XOS,2421,usa,2026,Q2,2026-06-30,2026-08-13,equityusd,22857000.0,sharesbas -> shares_outstanding,14217852.0,2026-10-06,3.319999933242798,47203267.69085598,1.815,1.607626806074504,2.0651558686991285,2.0651558686991285,POSITIVE,1,multi-class ownership validation required,1.0,0
XPEL,2422,usa,2026,Q2,2026-06-30,2026-08-07,equityusd,306125000.0,sharesbas -> shares_outstanding,27570748.0,2026-10-06,45.150001525878906,1244819314.2696228,11.107,11.10325334662665,4.066375873481822,4.066375873481822,POSITIVE,1,,1.0,1
XPER,2423,usa,2026,Q2,2026-06-30,2026-08-06,equityusd,415086000.0,sharesbas -> shares_outstanding,48771822.0,2026-10-06,5.28000020980835,257515230.39273548,8.572,8.510774930655655,0.6203900646919807,0.6203900646919807,POSITIVE,1,,1.0,1
XPO,2424,usa,2026,Q2,2026-06-30,2026-07-30,equityusd,1962000000.0,sharesbas -> shares_outstanding,117086465.0,2026-10-06,183.49000549316406,21484196106.02516,16.769,16.756847172728293,10.95015092050212,10.950150920502121,POSITIVE,1,,1.0,1
XPOF,2425,usa,2026,Q2,2026-06-30,2026-08-07,equityusd,-321430000.0,sharesbas -> shares_outstanding,49324000.0,2026-10-06,4.829999923706055,238234916.23687744,-7.647,-6.516705863271429,,,NEGATIVE,0,,1.0,0
XPON,2426,usa,2026,Q2,2026-06-30,2026-08-10,equityusd,4817447.0,sharesbas -> shares_outstanding,962335.0,2026-10-06,4.090000152587891,3935950.2968406677,5.054,5.005997911330254,0.8170199478770951,0.817019947877095,POSITIVE,1,,1.0,1
XPRO,2427,usa,2026,Q1,2026-03-31,2026-05-05,equityusd,1515424000.0,sharesbas -> shares_outstanding,113395283.0,2026-10-06,16.229999542236328,1840405391.1817589,13.337,13.364083230869488,1.2144491516445293,1.214449151644529,POSITIVE,1,,1.0,1
XRAY,2428,usa,2026,Q2,2026-06-30,2026-08-06,equityusd,1351000000.0,sharesbas -> shares_outstanding,199353876.0,2026-10-06,8.520000457763672,1698495114.7769623,6.765,6.776893567898323,1.2572132603826516,1.2572132603826516,POSITIVE,1,,1.0,1
XRX,2429,usa,2026,Q2,2026-06-30,2026-08-06,equityusd,323000000.0,sharesbas -> shares_outstanding,131314511.0,2026-10-06,2.930000066757202,384751525.99618936,2.46,2.4597433866238894,1.191181195034642,1.191181195034642,POSITIVE,1,multi-class ownership validation required,1.0,0
XTIA,2430,usa,2026,Q1,2026-03-31,2026-05-14,equityusd,-26607000.0,sharesbas -> shares_outstanding,38477789.0,2026-10-06,0.7239999771118164,27857918.3553133,-0.754,-0.69148983586349,,,NEGATIVE,0,,1.0,0
XXII,2431,usa,2026,Q2,2026-06-30,2026-08-14,equityusd,18641000.0,sharesbas -> shares_outstanding,713994.0,2026-10-06,0.9200000166893005,656874.4919160604,89.089,26.10806253273837,0.03523815739048659,0.03523815739048659,POSITIVE,1,,1.0,1
XYL,2432,usa,2026,Q2,2026-06-30,2026-07-28,equityusd,10421000000.0,sharesbas -> shares_outstanding,233486812.0,2026-10-06,104.56999969482422,24415715859.58548,44.101,44.632071125284796,2.3429340619504346,2.3429340619504346,POSITIVE,1,,1.0,1
XYZ,2433,usa,2026,Q2,2026-06-30,2026-08-05,equityusd,22047075000.0,sharesbas -> shares_outstanding,600795000.0,2026-10-06,76.54000091552734,45984849850.04425,36.879,36.69650213467156,2.085757400927073,2.085757400927073,POSITIVE,1,,1.0,1
YELP,2434,usa,2026,Q2,2026-06-30,2026-08-07,equityusd,644527000.0,sharesbas -> shares_outstanding,54263621.0,2026-10-06,18.139999389648438,984342051.8201141,11.654,11.877699794490308,1.5272316781455457,1.5272316781455457,POSITIVE,1,,1.0,1
YETI,2435,usa,2026,Q2,2026-07-04,2026-08-13,equityusd,609504000.0,sharesbas -> shares_outstanding,72988796.0,2026-10-06,40.25,2937799039.0,8.161,8.350651516432741,4.819983197813304,4.819983197813304,POSITIVE,1,,1.0,1
YEXT,2436,usa,2027,Q2,2026-07-31,2026-09-01,equityusd,35662000.0,sharesbas -> shares_outstanding,98978704.0,2026-10-06,6.559999942779541,649300292.5763931,0.356,0.36029972669676497,18.207063332858315,18.20706333285831,POSITIVE,1,,1.0,1
YOU,2437,usa,2026,Q2,2026-06-30,2026-08-05,equityusd,206243000.0,sharesbas -> shares_outstanding,135288082.0,2026-10-06,41.5,5614455403.0,2.045,1.5244727913283596,27.22252586996892,27.22252586996892,POSITIVE,1,,1.0,1
YUM,2438,usa,2026,Q2,2026-06-30,2026-08-05,equityusd,-7107000000.0,sharesbas -> shares_outstanding,272901085.0,2026-10-06,139.83999633789062,38162486727.00638,-26.042,-26.042402872821118,,,NEGATIVE,0,,1.0,0
YUMC,2439,usa,2026,Q2,2026-06-30,2026-08-10,equityusd,5357000000.0,sharesbas -> shares_outstanding,342458136.0,2026-10-06,40.619998931884766,13910649118.535248,15.394,15.64278794065503,2.5967237480931953,2.5967237480931953,POSITIVE,1,,1.0,1
YYAI,2440,usa,2027,Q1,2026-07-31,2026-09-22,,,sharesbas -> shares_outstanding,4581917.0,2026-10-06,0.7900000214576721,3619714.5283172727,,,,,MISSING,0,sharefactor missing/nonunit,,0
"Z,ZG",2441,usa,2026,Q2,2026-06-30,2026-08-05,equityusd,4308000000.0,sharesbas -> shares_outstanding,224874954.0,,,,18.903,19.15731353523701,,,POSITIVE,0,multi-class ownership validation required,1.0,0
ZBH,2442,usa,2026,Q2,2026-06-30,2026-08-05,equityusd,12623900000.0,sharesbas -> shares_outstanding,190737689.0,2026-10-06,89.68000030517578,17105356007.728523,65.681,66.18461231330112,1.3549977429897675,1.3549977429897673,POSITIVE,1,,1.0,1
ZBRA,2443,usa,2026,Q2,2026-07-04,2026-08-04,equityusd,3435000000.0,sharesbas -> shares_outstanding,47310660.0,2026-10-06,385.7799987792969,18251506357.04773,72.605,72.60520144931397,5.313393408165277,5.313393408165278,POSITIVE,1,,1.0,1
ZD,2444,usa,2026,Q2,2026-06-30,2026-08-07,equityusd,2237458000.0,sharesbas -> shares_outstanding,34287208.0,2026-10-06,54.77000045776367,1877910397.8554382,61.5,65.25634866507649,0.8393053178452683,0.8393053178452683,POSITIVE,1,,1.0,1
ZEO,2445,usa,2026,Q2,2026-06-30,2026-08-14,equityusd,9263661.0,sharesbas -> shares_outstanding,58783489.0,2026-10-06,0.289000004529953,16988428.587286443,0.263,0.15758950612815786,1.833878483602373,1.833878483602373,POSITIVE,1,multi-class ownership validation required,1.0,0
ZETA,2446,usa,2026,Q2,2026-06-30,2026-08-05,equityusd,926497000.0,sharesbas -> shares_outstanding,251013605.0,2026-10-06,32.95000076293945,8270898476.258183,3.776,3.6910230423566084,8.927064498059014,8.927064498059014,POSITIVE,1,,1.0,1
ZIP,2447,usa,2026,Q2,2026-06-30,2026-08-05,equityusd,-33813000.0,sharesbas -> shares_outstanding,82226163.0,2026-10-06,3.680000066757202,302592285.3291886,-0.414,-0.41121948010635007,,,NEGATIVE,0,,1.0,0
ZLAB,2448,usa,2026,Q2,2026-06-30,2026-08-06,equityusd,607037000.0,sharesbas -> shares_outstanding,1122662280.0,2026-10-06,25.579999923706055,28717701036.747665,5.435,0.5407120296230136,47.30799117145688,47.30799117145687,POSITIVE,1,sharefactor missing/nonunit; ADR ownership/ratio validation required,0.1,0
ZM,2449,usa,2027,Q2,2026-07-31,2026-08-26,equityusd,11303611000.0,sharesbas -> shares_outstanding,291783711.0,2026-10-06,94.19999694824219,27486024685.74678,38.595,38.739691675249134,2.4316145243981575,2.4316145243981575,POSITIVE,1,,1.0,1
ZNTL,2450,usa,2026,Q2,2026-06-30,2026-08-06,equityusd,143646000.0,sharesbas -> shares_outstanding,71671914.0,2026-10-06,2.6700000762939453,191364015.8481331,2.014,2.004216044795455,1.3321917481039018,1.3321917481039018,POSITIVE,1,,1.0,1
ZS,2451,usa,2026,Q4,2026-07-31,2026-09-03,equityusd,2598261000.0,sharesbas -> shares_outstanding,163054698.0,2026-10-06,212.25,34608359650.5,16.05,15.934904249125038,13.319816465897768,13.319816465897768,POSITIVE,1,,1.0,1
ZTS,2452,usa,2026,Q2,2026-06-30,2026-08-06,equityusd,3148000000.0,sharesbas -> shares_outstanding,413223602.0,2026-10-06,71.33000183105469,29475240287.295013,7.538,7.618151491743688,9.363164004858644,9.363164004858644,POSITIVE,1,,1.0,1
ZUMZ,2453,usa,2027,Q2,2026-08-01,2026-09-10,,,sharesbas -> shares_outstanding,15330613.0,2026-10-06,14.100000381469727,216161649.14816475,,,,,MISSING,0,sharefactor missing/nonunit,,0
ZURA,2454,usa,2026,Q2,2026-06-30,2026-08-11,equityusd,197085000.0,sharesbas -> shares_outstanding,95829137.0,2026-10-06,3.9600000381469727,379483386.17559147,1.554,2.056629185755894,1.9254808137381916,1.9254808137381916,POSITIVE,1,multi-class ownership validation required,1.0,0
ZVIA,2455,usa,2026,Q2,2026-06-30,2026-08-05,equityusd,44132000.0,sharesbas -> shares_outstanding,77345401.0,2026-10-06,1.2000000476837158,92814484.88811612,0.614,0.570583375732967,2.103110778757276,2.1031107787572765,POSITIVE,1,,1.0,1
ZVRA,2456,usa,2026,Q2,2026-06-30,2026-08-05,equityusd,217652000.0,sharesbas -> shares_outstanding,59383781.0,2026-10-06,10.729999542236328,637187942.9462624,3.679,3.665175849951353,2.9275538150178373,2.9275538150178373,POSITIVE,1,,1.0,1
ZWS,2457,usa,2026,Q2,2026-06-30,2026-07-28,equityusd,1659100000.0,sharesbas -> shares_outstanding,165864097.0,2026-10-06,47.849998474121094,7936596788.361473,9.931,10.002767506701586,4.783675961883836,4.783675961883836,POSITIVE,1,multi-class ownership validation required,1.0,0
ZYME,2458,usa,2026,Q2,2026-06-30,2026-08-06,equityusd,80369000.0,sharesbas -> shares_outstanding,70959241.0,2026-10-06,25.649999618530273,1820104504.5811977,1.101,1.1326079431993925,22.64684772214657,22.64684772214657,POSITIVE,1,,1.0,1
SNDK,2459,usa,2026,Q4,2026-07-03,2026-08-17,equityusd,15736000000.0,sharesbas -> shares_outstanding,146419001.0,2026-10-06,1660.4599609375,243122888680.96777,107.048,107.47239014422725,15.450107313228761,15.450107313228761,POSITIVE,1,,1.0,1
AG,2460,usa,2026,Q2,2026-06-30,2026-07-30,equityusd,2965636000.0,sharesbas -> shares_outstanding,492656821.0,2026-10-06,17.540000915527344,8641201091.38079,6.011,6.019679163236431,2.9137767046868834,2.9137767046868834,POSITIVE,1,,1.0,1
ALOY,2461,usa,2026,Q2,2026-06-30,2026-08-13,equityusd,190604000.0,sharesbas -> shares_outstanding,68987642.0,2026-10-06,8.119999885559082,560179645.1449909,3.067,2.7628716459101472,2.938971087411549,2.938971087411549,POSITIVE,1,,1.0,1
ARM,2462,usa,2027,Q1,2026-06-30,2026-07-29,equityusd,8630000000.0,sharesbas -> shares_outstanding,1068000000.0,2026-10-06,302.55999755859375,323134077392.5781,8.096,8.08052434456929,37.44311441397197,37.443114413971976,POSITIVE,1,ADR ownership/ratio validation required,1.0,0
ASML,2463,usa,2026,Q2,2026-06-28,2026-07-15,equityusd,24801590909.0,sharesbas -> shares_outstanding,384500000.0,2026-10-06,1834.0999755859375,705211440612.793,56.763,64.50348740962289,28.434121149739866,28.43412114973987,POSITIVE,1,ADR ownership/ratio validation required,1.0,0
ASX,2464,usa,2026,Q2,2026-06-30,2026-07-30,,,sharesbas -> shares_outstanding,4386711875.0,2026-10-06,46.779998779296875,205210376157.6271,,,,,MISSING,0,sharefactor missing/nonunit; ADR ownership/ratio validation required,,0
BABA,2465,usa,2027,Q1,2026-06-30,2026-08-20,equityusd,156195169888.0,sharesbas -> shares_outstanding,18671000000.0,2026-10-06,109.26000213623047,2039993499885.559,449.483,8.365656359487977,13.06054150937151,13.060541509371511,POSITIVE,1,sharefactor missing/nonunit; ADR ownership/ratio validation required,0.125,0
BHP,2466,usa,2026,Q4,2026-06-30,2026-08-18,equityusd,50923000000.0,sharesbas -> shares_outstanding,5081391706.0,2026-10-06,87.0,442081078422.0,20.043,10.021467138593389,8.681363596449541,8.681363596449541,POSITIVE,1,sharefactor missing/nonunit; ADR ownership/ratio validation required; multi-class ownership validation required,0.5,0
BIDU,2467,usa,2026,Q2,2026-06-30,2026-08-18,equityusd,40354013840.0,sharesbas -> shares_outstanding,2716000000.0,2026-10-06,87.05000305175781,236427808288.57422,800.448,14.857884329896907,5.858842424597191,5.858842424597191,POSITIVE,1,sharefactor missing/nonunit; ADR ownership/ratio validation required,0.125,0
BTDR,2468,usa,2026,Q2,2026-06-30,2026-08-10,,,sharesbas -> shares_outstanding,271782245.0,2026-10-06,10.90999984741211,2965144251.4793205,,,,,MISSING,0,sharefactor missing/nonunit; ADR ownership/ratio validation required; multi-class ownership validation required,,0
CAMT,2469,usa,2026,Q2,2026-06-30,2026-08-10,equityusd,710163000.0,sharesbas -> shares_outstanding,46668177.0,2026-10-06,154.5500030517578,7212566897.769974,15.226,15.217286074834249,10.1562132887379,10.1562132887379,POSITIVE,1,ADR ownership/ratio validation required,1.0,0
