osake,pvm,kynttila,t_1_alin,t_1_ylin,t_1_bodi,t_1_bodi_colour,t0_alin,t0_ylin,t0_bodi,t0_bodi_colour,t1_alin,t1_ylin,t1_bodi,t1_bodi_colour,t_2,t_5,t_10,t_15,t_20,t2,t5,t10,t20,t_2_hajonta,t_5_hajonta,t_10_hajonta,t_15_hajonta,t_20_hajonta,t_2_volyymi,t_5_volyymi,t_10_volyymi,t_15_volyymi,t_20_volyymi,t0_volyymi,t2_volyymi,t5_volyymi,t10_volyymi,t20_volyymi,t2_5p_liukuva,t2_10p_liukuva,t2_20p_liukuva,t5_5p_liukuva,t5_10p_liukuva,t5_20p_liukuva,t10_5p_liukuva,t10_10p_liukuva,t10_20p_liukuva,t15_5p_liukuva,t15_10p_liukuva,t15_20p_liukuva,t20_5p_liukuva,t20_10p_liukuva,t20_20p_liukuva,t50_50p_liukuva,t200_200p_liukuva,SPX_0,SPX_2,SPX_5,SPX_10,SPX_15,SPX_20,SPX2,SPX5,SPX10,SPX15,SPX20,NDX_0,NDX_2,NDX_5,NDX_10,NDX_15,NDX_20,NDX2,NDX5,NDX10,NDX15,NDX20
TSL,2023-08-03,2,98.926475,103.113264,16.666585,0,100.0,103.429952,92.331801,1,100.107359,105.582402,70.588136,0,103.972104,101.234577,105.206666,113.059589,112.775104,99.248532,96.081594,83.145472,101.637148,1.662724,2.579724,2.313325,6.175839,5.416863,0.682988,0.846799,1.682713,0.628183,0.918462,0.835687,0.628183,0.449479,0.80235,1.148418,101.716971,103.532787,106.86083,101.821027,107.154014,,112.487001,109.850684,,107.214367,,,,,,,0,100.0,102.032976,101.156385,101.099758,100.5462,98.351365,100.733466,99.62747,97.432189,97.564842,100.493143,100.0,102.92907,101.27178,101.279377,101.9728,98.81296,100.897992,99.070902,96.366182,97.025161,101.508446
TSL,2023-08-07,1,105.546118,111.318616,70.588136,0,100.0,105.546121,9.183693,0,101.245046,103.904928,48.935946,1,108.77192,112.846632,114.204869,125.919637,115.053764,99.717034,98.245618,93.77476,106.281837,2.014853,2.826539,3.034766,6.534499,5.964203,0.842167,0.785141,1.672041,1.026704,0.600292,0.965088,0.495575,0.445784,1.057279,0.871963,105.11628,105.478638,109.833153,106.208762,109.318551,111.607085,112.428341,113.30611,,114.18388,113.895619,,113.607358,,,,0,100.0,100.239142,102.17784,101.413674,100.7045,98.182645,99.478086,99.968167,97.965334,98.712137,100.126475,100.0,100.620097,103.26419,101.239273,102.97767,98.602258,98.969718,99.650499,97.888255,98.646956,101.633932
TSL,2023-08-11,1,102.544789,106.950332,6.578845,1,100.0,102.376673,24.389881,1,97.617539,101.026033,62.925383,1,102.139014,108.283585,115.29767,111.935544,124.050782,97.211765,88.052867,99.762337,117.674338,0.881518,2.487523,4.407782,4.377652,7.456579,0.641932,0.886434,0.763401,1.853408,0.816023,0.29276,0.465699,1.011691,1.046526,0.77773,104.671208,107.22223,112.611403,108.809532,110.20409,114.527502,111.598648,115.8957,,120.192752,118.850914,,117.509075,,,,0,100.0,100.53398,100.766201,103.11095,102.078314,101.382543,99.862283,98.32875,99.138835,101.615445,100.978402,100.0,100.855101,102.011865,105.190843,103.018632,103.953137,100.427286,98.137864,99.787361,103.453999,103.260391
TSL,2023-08-23,3,100.305432,106.230901,64.948413,0,100.0,105.009161,86.585286,1,99.5113,105.253502,78.82982,0,101.221743,98.411728,107.635914,114.599876,120.281001,105.131329,115.027481,111.789852,113.622479,1.533901,4.583891,5.269533,6.803903,7.8875,1.247598,0.781591,0.608106,0.810722,1.358226,1.148327,0.832743,1.255487,0.749599,0.920223,93.82904,98.922716,105.875293,100.444965,104.274004,109.341335,108.103043,110.737705,116.303571,113.372367,114.408666,119.42418,115.444965,121.869437,,,0,100.0,100.075745,100.179466,101.621085,102.660111,103.873817,100.210853,102.693774,101.244193,102.471549,98.488779,100.0,99.927148,99.524268,101.031136,102.830961,103.690763,99.961532,103.444368,102.080199,103.521035,98.305145
TSL,2023-08-29,2,98.717959,102.564112,50.000289,0,100.0,109.935897,96.774287,1,106.468538,111.480185,26.744173,1,100.291377,97.669003,97.727279,106.701635,112.8788,110.343822,106.934738,116.958045,100.174835,5.363898,4.827267,5.836178,5.653333,6.743391,1.000678,1.033392,0.674146,0.663386,0.979597,1.878895,1.259157,0.865446,0.805091,0.91793,89.171792,87.491517,93.037911,84.962885,88.764581,95.074231,92.566277,95.837751,100.673383,99.109225,101.383882,106.103658,103.658539,105.509014,108.900583,,0,100.0,99.413987,99.004207,100.139443,101.527631,103.273021,101.714473,100.762686,100.806912,99.33479,96.45348,100.0,99.383354,99.164723,100.020688,101.586412,104.545997,103.103057,102.240843,102.088459,99.570189,96.97776
TSL,2023-09-06,1,99.606081,106.263361,90.448252,1,100.0,104.631401,28.067923,0,99.088351,103.432749,80.310809,1,99.60608,106.133932,94.316264,94.372539,103.038827,101.238041,112.943159,108.216093,106.97805,2.97495,2.56387,5.259809,6.995223,6.213546,1.214768,1.132152,0.996962,0.65038,0.64,0.520253,0.724895,0.776709,1.089367,0.448861,99.765666,95.7079,94.415257,94.63651,90.98038,94.74087,87.32425,91.231607,97.71662,95.138963,98.50136,103.471388,101.863758,104.201634,109.052587,,0,100.0,101.652045,101.243703,98.76575,99.898252,101.283096,100.340141,100.564113,99.095537,96.221167,95.97896,100.0,101.317114,100.569472,97.511227,98.352919,99.892536,99.939501,100.386212,97.909932,95.36073,96.643245
TSL,2023-09-28,2,97.89431,103.179072,41.065407,0,100.0,104.287647,72.503164,1,104.053021,107.513635,5.084861,0,102.821284,109.097313,120.065685,107.337672,110.446359,106.504784,110.739625,110.211748,82.11625,1.510986,2.65905,6.381809,6.102265,5.505109,0.989364,0.92807,0.953514,0.755991,1.266194,0.956138,0.560479,0.377471,0.459576,0.850949,102.473186,107.679282,106.84783,109.824963,110.553363,106.277248,111.281762,107.625638,101.714853,103.969514,102.001133,98.112369,100.032752,95.804068,98.184362,,0,100.0,100.214566,101.538796,105.644906,104.379541,105.874013,100.563042,99.854845,101.998649,100.319393,97.018326,100.0,100.24576,101.268561,106.641685,105.157415,106.562706,102.256351,101.468279,104.644533,101.881163,97.23918
TSL,2023-10-02,2,102.07135,105.466058,5.084861,0,100.0,105.811279,50.29715,1,101.041434,103.452244,39.379814,0,101.898737,102.359048,112.082856,116.80092,101.841207,109.378602,108.57308,105.350984,76.294601,1.310175,1.996391,4.593363,6.113418,5.626871,1.047958,1.039086,0.911012,0.829582,1.065438,0.671993,0.396168,0.435083,0.430076,0.666722,96.717699,101.916509,103.443382,102.224913,106.223148,104.123523,110.221383,106.724303,101.722101,103.227223,102.023897,96.448944,100.82057,96.719899,95.413588,,0,100.0,100.926955,101.812821,104.5378,105.334244,105.998767,100.083095,101.771044,102.662308,98.986671,97.807851,100.0,100.008503,100.458326,103.563241,105.171918,105.36911,100.508318,102.350987,103.205185,99.342449,97.510395
TSL,2023-11-07,3,99.669558,105.73875,46.666645,0,100.0,103.917994,60.068908,1,101.018265,104.187732,21.276462,0,102.184896,91.375004,100.687832,123.845162,129.408581,96.331509,111.875374,114.235614,112.752022,0.851484,5.106128,4.971416,8.687302,12.621539,1.559451,0.553422,1.104241,0.738763,0.423307,0.812495,0.415404,0.849505,0.547061,0.360563,92.430493,93.212443,104.498985,90.503282,95.125327,108.61644,99.747373,110.206387,114.906237,120.665401,122.107552,119.509077,123.549702,119.606087,121.883905,,0,100.0,100.067265,96.289434,97.526525,100.408458,100.064978,99.814941,103.221052,104.196615,104.481092,104.452616,100.0,99.644834,95.093288,97.311154,99.793446,99.856203,100.228272,104.349942,105.14944,105.505662,104.188789
TSL,2023-11-08,1,98.991999,102.8705,60.068908,1,100.0,103.137519,21.276462,0,93.724973,101.134851,77.927931,0,100.934582,93.184245,97.309744,115.35381,127.703604,97.877172,114.28572,108.8518,113.417889,0.886756,3.497862,5.216598,6.353065,11.797745,1.570916,1.130016,0.952691,0.826361,0.465625,0.29844,0.477601,0.935306,0.475476,0.331761,94.908141,93.631918,103.338759,89.751136,93.017585,107.034849,96.284034,107.304882,114.122471,118.325731,121.052113,118.943971,123.778496,120.94006,121.649182,,0,100.0,100.142673,97.203977,96.032127,98.964171,100.394298,101.272558,103.282752,104.515394,104.771823,105.179874,100.0,99.566712,96.347322,94.486257,97.95268,100.132977,102.025114,103.917643,105.127889,104.776269,105.266518
TSL,2023-11-27,1,100.928214,103.211638,9.214165,0,100.0,102.413363,17.949157,0,100.810648,107.667082,80.324869,1,100.903461,101.175742,90.730199,93.768561,87.345291,106.064351,101.42326,103.465338,112.376239,0.509708,1.392961,4.189235,5.279462,7.42169,0.670338,0.669628,0.707353,1.255286,0.973257,0.324014,0.89446,0.559798,0.395509,1.271715,99.966001,97.400732,92.697332,99.307838,95.055257,90.989986,90.802677,88.499094,91.598668,86.195511,86.924714,97.449912,87.653916,94.698241,104.03795,114.833884,0,100.0,100.226563,99.28954,97.116798,95.865228,90.564903,100.093708,100.516021,101.674324,104.272472,105.024507,100.0,100.434336,99.408743,97.470089,94.773473,89.004836,100.347781,99.419286,101.817327,105.006282,105.939362
TSL,2023-12-07,1,101.210645,104.497577,62.614994,0,100.0,103.081107,25.540167,1,101.240923,103.813558,83.529454,1,100.968521,101.69491,98.704596,103.631964,92.917678,101.210645,106.882566,108.716698,100.724538,1.003901,1.173091,2.022838,2.044692,4.860791,0.408059,0.710367,0.514436,1.011944,0.549234,0.467099,0.323417,0.631368,0.519452,0.278379,98.496763,98.407889,95.66716,99.135963,98.021191,94.372282,96.906419,94.419663,89.860216,91.932907,90.723372,87.38111,89.513837,85.300769,91.1239,108.707951,0,100.0,100.042932,100.056505,99.811617,98.634451,96.003688,101.253384,103.380551,103.976364,104.481928,104.344146,100.0,100.014044,100.455984,100.793105,99.632762,96.458436,102.181036,104.172155,105.555294,105.9869,104.877891
TSL,2023-12-12,1,101.660515,104.551039,57.44699,0,100.0,102.02952,21.212034,0,96.74046,102.970475,45.40975,1,105.04305,102.583023,106.949566,101.143904,94.956947,108.591634,112.115615,114.180385,95.3445,1.801872,1.309273,1.772193,1.86168,2.500546,0.380195,0.424815,0.681733,0.847011,0.85683,0.441833,0.802937,0.659805,1.478997,0.601875,101.771843,102.137742,100.386227,101.544902,101.453277,98.627733,101.361652,100.915051,95.341629,100.46845,95.802189,91.506981,91.135927,89.768208,90.672333,111.183499,0,100.0,99.919278,99.112221,98.845515,98.682535,95.734891,102.418789,103.478237,103.764906,101.748888,103.73583,100.0,99.438844,98.159249,98.979749,99.082558,95.717773,102.240246,103.934291,104.521298,100.658713,103.990245
TSL,2023-12-13,2,103.369366,105.467268,21.212034,0,100.0,106.439927,45.40975,1,107.120164,113.636373,78.731659,1,106.293704,106.293704,108.963765,107.692317,105.46727,113.827096,110.235231,113.210084,93.940282,0.773346,1.309273,1.389181,1.808084,1.871873,0.363638,0.420517,0.744588,0.638025,0.99076,0.645781,0.764933,0.57429,1.691172,0.618466,100.947239,101.062947,99.79946,99.823738,100.104914,97.853118,100.38609,100.034773,95.274582,99.683456,95.601322,91.011993,91.519188,90.514391,89.053059,109.553599,0,100.0,99.55225,97.977913,98.004624,97.737781,96.822691,101.635929,101.187107,103.017729,101.163204,103.028067,100.0,99.171744,96.520433,97.740383,97.410378,96.669724,101.627657,101.204057,103.309004,99.686808,102.908259
TSL,2024-01-02,1,101.574075,105.37037,90.243908,0,100.0,103.055555,24.242407,0,95.925921,100.277775,78.723335,0,104.44444,104.280541,105.013678,100.175008,97.729284,96.48148,94.805557,85.000001,70.925923,1.404363,2.572189,2.158073,3.367849,3.709731,2.203438,1.321015,0.830262,0.396794,0.70836,1.161389,0.527428,0.458269,0.968931,4.50165,103.872138,103.071483,99.633186,102.475638,100.394138,98.616692,98.312637,97.402483,96.717567,96.492329,96.839246,95.178593,97.186164,96.032652,92.70674,104.147744,0,100.0,101.28487,100.676735,99.926313,97.495065,97.288821,99.280285,100.716334,100.350226,103.088928,102.604035,100.0,102.706596,101.970747,101.035053,97.760551,97.231106,98.959831,101.370855,101.720819,106.358359,104.157805
TSL,2024-01-16,3,102.430942,107.182316,16.279245,0,100.0,106.07735,44.545418,1,99.447512,101.447509,16.574987,1,108.508282,116.464086,121.657459,125.705126,123.584386,99.226512,97.569058,87.182317,82.541432,2.635569,4.804322,5.346592,6.845002,6.439681,0.579117,0.321745,1.934455,0.600373,0.729723,0.920307,1.143741,1.751481,4.658055,2.612004,108.718003,111.905471,115.839743,112.203932,116.447478,116.689246,120.691023,120.347656,116.707775,120.004289,116.931015,114.864562,113.857742,113.067894,112.555907,118.793818,0,100.0,100.697689,100.345892,100.478394,99.992203,99.41922,100.712428,102.474763,103.746484,104.362853,104.340522,100.0,100.563836,99.541325,100.593904,100.184259,98.871499,101.528699,104.051161,104.484603,105.058656,105.224197
TSL,2024-01-17,1,100.555558,106.666671,44.545418,1,100.0,102.011108,16.574987,1,98.11111,102.888891,65.116393,0,103.999996,113.76667,122.333336,125.136651,126.016415,99.844445,97.222222,85.111109,85.444445,1.319074,4.638268,5.697028,7.453279,7.199919,0.633441,0.477629,0.995304,1.376825,0.865339,0.513306,1.445266,1.859551,4.691834,3.868725,109.257075,112.678646,118.148528,113.396512,118.313723,119.360535,123.230934,123.06736,119.943338,122.903787,120.407347,118.275574,117.910907,116.819317,115.997865,121.55607,0,100.0,101.463688,100.884025,100.59409,100.84436,100.092689,102.651008,103.26057,102.774869,105.943816,106.061744,100.0,101.638921,100.70772,99.894027,101.303688,100.374115,104.543732,105.662598,103.476438,107.206961,107.524327
TSL,2024-02-01,1,101.195215,105.843288,8.571355,1,100.0,103.173969,12.552198,1,98.273571,102.257631,49.999921,1,104.780872,98.804779,119.256299,135.325356,138.911019,97.343954,102.881806,110.225763,111.022569,1.504017,2.507474,7.840534,10.055078,11.889781,5.884268,3.318138,0.983657,0.459268,0.662387,0.798524,1.471972,1.588985,3.395975,1.33997,101.741604,108.720933,120.151166,110.609823,115.711889,127.170546,120.813955,127.304913,136.128263,133.79587,138.629204,141.308197,143.462538,144.951613,142.30888,139.764193,0,100.0,101.472131,100.837333,98.504589,98.556309,96.936039,101.839697,102.974957,103.63056,104.847611,105.842359,100.0,101.751769,101.98628,98.873178,97.771407,95.299559,102.54549,103.536015,103.900194,104.435182,106.562012
TSL,2024-02-06,2,98.585436,105.042019,36.876375,0,100.0,106.050423,90.277824,1,103.683474,108.683479,8.403412,0,107.563025,110.504202,123.669469,131.862747,147.61905,108.501406,104.621848,111.834738,98.599441,2.337101,2.502452,6.443355,8.917965,11.950295,1.253383,3.946161,1.483801,0.822015,0.272572,1.140323,1.29431,2.212809,2.953482,3.076876,103.091628,106.35325,117.652054,104.579013,111.752984,123.501988,118.926956,124.568389,135.083196,130.209822,135.250992,142.862757,140.292162,145.598003,145.900295,141.91431,0,100.0,100.480862,99.799191,98.575856,96.577426,96.527984,101.27724,100.370628,100.950781,102.733195,103.442432,100.0,100.957349,100.007332,99.592464,96.310713,95.275878,101.760988,100.715234,100.019916,102.283608,103.102302
TSL,2024-02-22,2,100.31949,105.047929,6.756776,0,100.0,104.217252,48.484813,1,100.127798,103.386586,98.039172,0,101.469652,98.274764,97.891374,97.891374,111.821089,105.047929,106.581474,91.246007,87.028755,1.168744,2.818941,3.382545,3.528134,4.334572,3.338419,2.869564,1.187843,3.480092,1.379292,2.547693,0.977043,0.978033,2.808538,1.639327,97.684731,96.338672,96.576972,94.918721,94.183499,97.972291,93.448276,93.871921,103.77771,94.295566,101.761084,112.465518,109.226602,113.683498,123.721061,128.359076,0,100.0,98.743353,99.24169,99.131346,96.16617,96.620639,100.609263,101.139946,102.352327,102.21579,104.022753,100.0,98.527873,99.996468,99.701321,96.231976,98.26508,100.702316,101.322925,102.750019,101.159859,102.87575
TSL,2024-03-07,3,100.145141,105.079825,55.882423,0,100.0,104.42671,81.967131,1,100.841801,106.386068,78.534088,0,105.224966,121.044997,117.85196,111.611033,111.175617,102.902762,91.727145,98.838898,92.888247,1.470458,7.800269,6.581334,5.674919,5.19059,1.323033,0.908441,1.613223,2.665379,1.103322,3.278113,2.689123,1.717561,1.52268,2.104313,111.876752,112.514007,111.037817,114.817929,114.278714,110.69468,113.739499,110.84314,108.799722,107.946781,107.110646,111.419469,106.274511,106.756303,118.021709,143.808617,0,100.0,99.03358,99.377172,99.196987,97.512,97.403579,99.799735,100.434265,102.209734,102.45973,101.484531,100.0,98.875445,99.681903,99.46562,98.37693,98.086563,99.172771,99.521479,101.209579,100.846672,100.038844
TSL,2024-03-27,1,100.947595,105.699926,12.084586,0,100.0,103.804736,30.188666,0,99.368268,101.794688,53.254481,0,97.487435,99.928211,95.764536,101.07681,120.028707,99.210333,96.195257,98.348884,94.759508,2.656001,2.491503,3.775344,3.687403,8.22794,1.220954,1.377345,1.411958,2.115616,0.693105,1.223064,1.675425,1.944661,4.993563,4.172981,95.132865,94.153844,100.510487,93.11888,95.412586,103.223774,97.706292,102.867131,108.03846,108.02797,111.034963,110.539859,114.041955,113.209789,110.064334,146.77751,0,100.0,100.081897,100.205224,99.067691,97.906371,97.235091,100.572508,98.720541,99.714996,96.110416,96.825805,100.0,100.599186,100.395802,99.451082,99.17092,98.383443,100.688015,98.406997,100.769373,95.740422,95.939613
TSL,2024-04-01,1,103.763117,106.296853,53.254481,0,100.0,104.347825,17.241447,0,95.352325,97.901052,47.058758,1,107.196402,100.449771,95.502246,104.497747,125.337325,98.500751,101.799099,93.103448,116.116938,1.868101,2.378062,3.005158,3.482785,6.061228,1.491432,1.426769,1.370032,2.168521,0.901326,1.752172,1.614501,1.876493,4.907124,4.323693,99.855284,98.104199,102.272071,98.726485,97.858179,105.036181,96.989873,100.63676,109.403041,104.283648,112.214183,113.440668,120.144718,118.169322,114.827788,151.592458,0,100.0,100.368891,100.095234,97.856071,97.982287,98.238352,99.661326,99.487301,96.799121,95.819627,97.838479,100.0,100.381964,100.703741,97.786925,98.94115,100.503154,99.71946,99.389994,97.230018,94.506763,97.646741
TSL,2024-04-11,1,101.217655,104.4901,32.558268,0,100.0,105.327243,22.857127,1,101.491629,103.576859,51.094814,0,106.240485,101.978685,108.828005,105.936071,101.522069,94.520546,86.149158,100.456617,101.217655,1.897812,2.890701,3.341943,2.987865,3.335252,1.886756,1.771225,1.328322,1.254505,1.286031,9.061812,4.126578,1.51325,3.800809,1.769302,97.635038,99.226279,98.751826,98.102191,99.41606,99.503651,100.729928,98.963505,103.167884,97.197082,99.591242,107.744526,101.985402,107.372264,112.770074,149.268349,0,100.0,101.384381,100.16424,102.135145,101.670635,100.516467,98.502556,97.515944,98.241795,98.548878,101.465527,100.0,100.953706,99.336209,101.570096,101.343794,100.390153,98.380843,96.644455,96.845527,97.46247,100.640123
TSL,2024-04-25,2,99.585405,107.462683,6.315735,0,100.0,109.701485,97.435918,1,106.451077,110.696517,0.0,0,89.718071,93.864007,113.598668,111.111104,118.573795,128.441121,116.915422,110.281921,111.111104,9.988873,8.930591,8.844581,8.92508,8.722695,1.510361,1.165834,3.504017,1.364582,1.023363,2.717613,3.231269,2.285757,1.363101,1.462475,84.151516,91.227273,97.106062,92.242424,97.242425,100.212122,102.242425,102.030304,102.371213,101.818183,103.18182,103.272729,104.545456,102.712123,107.075759,146.121741,0,100.0,101.602413,100.411576,104.17747,103.138511,105.167939,102.516538,101.475182,104.478437,106.141972,105.555662,100.0,101.74146,101.292134,106.6127,104.113336,106.454652,103.553959,102.149488,105.479956,108.068409,108.449425
TSL,2024-06-06,2,99.47329,102.332584,15.789579,0,100.0,104.890893,46.153903,1,101.95636,104.574867,28.735777,1,101.429643,104.288937,105.492856,101.429643,101.881114,100.52671,106.847252,106.997745,159.367949,1.191001,1.198459,1.430361,2.228268,2.475596,0.8752,0.889344,1.024342,1.340309,1.000421,1.291218,1.76444,2.212076,2.24931,5.473871,99.447673,100.377905,99.273254,99.593021,100.319766,99.970929,101.046511,99.098835,100.592295,97.15116,99.622091,95.730376,102.093023,102.085754,94.429504,111.961335,0,100.0,99.174938,98.127964,99.468638,99.490007,97.231865,100.476635,101.843931,102.422709,102.345111,104.451251,100.0,98.292734,97.680581,98.558079,97.986133,95.290288,100.504828,103.151193,103.801969,103.709442,107.696351
TSL,2024-07-05,1,95.9204,102.995021,84.3883,1,100.0,104.975124,14.00013,1,101.293533,108.75622,38.666662,1,94.328352,77.611941,69.95025,68.159202,67.064673,110.348258,102.786067,97.910447,81.691541,5.328064,13.324783,15.507354,15.086703,15.036037,2.984197,2.4455,1.249456,1.34084,0.584596,3.973646,2.632513,4.292796,1.843052,2.216491,78.534727,73.282587,69.267363,70.56137,69.086583,66.860132,67.611796,65.965745,65.556611,64.319694,64.633681,65.061844,64.947667,65.147477,64.895336,66.870598,0,100.0,99.591077,99.118528,98.943169,98.000588,96.789371,100.819832,101.513482,99.518589,98.688817,96.654335,100.0,99.061409,97.958217,97.776407,96.355121,94.225928,101.245054,100.643468,96.639453,94.169543,91.284556
TSL,2024-07-26,1,100.580722,106.155641,41.666584,1,100.0,103.948899,20.588136,0,105.458772,110.917544,76.595628,1,100.464576,114.285721,119.976775,122.067371,90.59234,104.181192,95.354244,90.940769,102.206743,1.319572,8.409627,7.813599,7.515982,10.42692,1.747638,1.324531,3.085069,3.107837,1.757488,0.991427,1.041379,1.592908,1.087861,1.242872,112.149319,114.886876,111.097284,117.420814,118.800905,106.662895,120.180995,112.669682,97.403845,105.158369,94.524886,86.476243,83.891403,82.138008,79.490949,75.591627,0,100.0,99.934257,101.368144,103.400112,102.513299,100.960648,100.105691,98.450658,98.406466,102.275025,103.754758,100.0,100.704153,103.298049,107.577947,107.897961,104.707678,99.45479,97.574192,97.956481,103.223446,104.347029
TSL,2024-09-04,2,99.698788,105.542169,43.298922,0,100.0,106.867466,78.947377,1,107.228909,114.578313,54.09845,1,102.048194,99.397588,106.506023,98.795176,94.457831,99.879515,110.240957,109.759029,122.771076,2.617043,3.0322,3.649658,3.861159,5.316511,1.213536,1.176671,0.821766,0.86948,1.411376,1.146971,1.016178,0.955349,0.479225,0.441326,94.491427,97.371428,94.137143,97.782857,97.782857,95.091428,97.782858,93.382857,96.228571,88.982857,92.4,101.074286,95.817143,99.074285,108.994286,76.858286,0,100.0,102.629882,102.219244,101.698142,98.74211,95.209908,98.269511,100.917021,102.082244,103.971895,103.740781,100.0,104.071937,104.10851,104.84381,101.050946,96.114365,97.94006,102.278412,102.848303,106.187806,105.283868
TSL,2024-10-10,1,104.072884,108.038585,37.837942,0,100.0,105.46624,29.411864,0,90.30011,94.908892,20.9303,0,106.645229,104.715976,112.11147,106.538046,99.035368,92.818863,93.676311,114.576631,134.083605,1.516719,2.022401,4.305187,4.04881,5.738495,0.293821,0.424005,0.480042,0.584786,0.851078,0.731036,0.747229,0.395624,1.034572,1.766333,103.291928,106.842652,102.738096,108.09524,107.287786,100.657351,106.480332,101.407868,95.843686,96.335405,94.026916,90.900622,91.718426,90.279505,89.518635,86.004142,0,100.0,99.763565,98.875585,99.663652,99.113239,97.068395,101.649511,101.330679,100.782341,98.97117,103.614033,100.0,99.953175,98.390137,99.991748,98.621234,96.549575,101.599883,100.363971,100.57498,98.872709,104.893182
TSL,2024-10-17,1,100.581386,102.674413,5.555143,0,100.0,102.325579,30.000238,0,100.697668,102.267438,14.814422,1,100.930232,112.325575,113.604651,121.627902,115.581385,100.465116,124.302315,117.674412,153.837197,0.524923,4.540066,6.70848,8.243499,7.573745,0.744441,0.610581,0.422423,0.478251,0.582604,0.372539,0.357821,1.030712,0.827439,1.562497,103.752863,108.958813,113.24943,112.906182,116.189935,114.136158,119.473687,118.581238,111.252862,117.688789,112.082382,105.932497,106.475975,103.924487,100.46911,96.231124,0,100.0,99.572103,98.969219,97.597533,98.375414,97.832116,100.235092,99.479643,97.691883,102.274733,101.864987,100.0,99.86823,100.274095,98.052702,99.64882,98.283007,100.867122,100.230053,98.53362,104.533445,103.518404
TSL,2024-11-06,1,86.964123,90.813647,52.27256,1,100.0,106.211724,25.35202,1,104.286962,110.717405,58.50347,1,85.476817,92.038497,73.66579,76.727911,85.301835,120.647416,124.846895,129.833769,142.607164,11.449666,7.88287,8.668956,11.138685,10.816505,0.962461,0.671172,0.867925,0.409379,0.541374,2.453503,1.732064,1.447762,0.889578,0.503481,84.705886,83.446564,79.076224,89.030656,80.248552,78.985089,71.466448,72.485504,78.641262,73.50456,77.721627,81.864128,81.938694,84.79702,82.473075,73.24441,0,100.0,97.404893,99.126664,98.849591,99.617726,98.757861,102.227662,102.054425,100.890379,102.282227,103.584376,100.0,97.257023,99.323117,97.76057,98.282282,98.744163,102.87694,102.482235,100.684277,101.061302,104.377629
TSL,2024-11-15,3,100.228142,108.136887,82.692369,0,100.0,105.77947,76.315756,1,108.098864,115.589356,8.121919,0,108.517117,104.866923,76.653994,84.486692,66.387831,114.524721,117.186314,119.087455,164.106468,3.782972,5.070168,15.038972,15.298378,18.622539,1.478701,1.805666,0.815488,0.943072,0.326901,1.389579,0.921719,0.754803,0.62952,0.850817,101.979624,89.010191,79.752549,84.919943,80.400293,73.329696,75.880642,72.481806,69.465067,69.082971,66.259099,69.286755,63.435227,66.448327,71.146289,65.569142,0,100.0,102.261573,102.435162,97.877845,99.23305,100.199216,101.092946,101.987526,103.316928,103.414317,103.777036,100.0,103.549482,103.948297,98.612167,100.181833,100.0441,101.818894,102.269991,104.181719,105.541402,108.769742
TSL,2024-11-19,2,98.852573,105.702362,8.121919,0,100.0,105.215577,78.666687,1,100.486785,104.728792,36.065581,0,95.549372,98.400553,70.931848,73.922114,59.805287,102.294853,101.59944,109.040335,140.055627,4.696987,4.609334,11.033841,16.101829,18.147614,1.199048,1.542292,1.274346,0.762549,0.599295,0.638602,0.63892,0.690796,0.700099,1.289214,93.93094,85.703849,75.916332,90.119519,78.718457,70.936253,67.317396,67.941565,63.459494,68.565734,63.154048,63.193889,57.742363,58.977422,63.754979,60.087648,0,100.0,100.261816,102.198016,98.761286,99.61795,99.930151,101.595479,102.840847,103.948569,103.909284,100.288118,100.0,99.857173,103.170341,99.041096,100.623551,99.839204,101.554492,102.446224,105.234504,106.564461,103.848641
TSL,2024-12-17,1,94.308556,101.505173,81.69931,1,100.0,106.97554,17.532047,1,91.580429,108.325496,44.382003,0,94.308556,84.85419,72.060205,69.002822,69.096893,94.167452,100.987766,78.504235,90.6397,5.912152,8.381223,12.69783,14.893476,14.720344,0.668722,0.753648,0.815402,0.933592,1.286725,1.587446,1.887592,0.932969,0.667892,0.430026,83.271279,77.256207,71.225622,75.239364,70.837768,67.504434,66.436171,66.325356,62.859044,66.214541,64.171101,57.579789,62.12766,59.392731,52.019061,39.916668,0,100.0,100.263453,99.995364,100.243405,99.20765,97.654261,97.214506,100.080364,97.238858,96.551063,99.361581,100.0,99.356966,97.477187,96.843739,94.907579,93.695506,96.30175,99.436343,95.686407,95.10232,97.810108
TSL,2025-01-21,1,104.510449,110.010999,26.000023,1,100.0,107.920795,30.555581,0,102.365238,106.435644,8.108038,0,102.200218,99.009899,101.265124,115.456542,110.781073,101.540147,97.194718,95.379537,85.533553,1.961796,3.885355,3.978545,5.733324,6.452807,0.368559,0.497413,0.716138,0.584103,1.734561,0.553223,0.419683,0.741529,0.624575,0.760765,95.065205,93.750652,99.191445,92.874285,94.277518,100.505999,95.680752,100.66771,100.388628,105.654669,106.73448,96.293687,107.814291,100.109545,89.243609,49.532603,0,100.0,98.842327,97.15893,98.927735,100.511246,97.757243,101.8617,101.012511,100.516075,101.025826,102.285213,100.0,98.653774,97.219991,99.75256,101.820707,99.206044,102.441029,100.392807,100.878707,101.470874,103.725791
TSL,2025-02-04,2,97.555159,102.265946,16.455611,0,100.0,103.846156,79.069747,1,97.912938,101.610021,77.419484,0,107.334523,105.366724,114.311267,107.334523,109.779364,97.316632,82.707212,92.725103,66.964814,3.261764,2.415641,3.80623,4.168262,3.861783,0.920136,0.804282,0.50212,0.539508,0.776742,0.583349,0.631567,0.880504,0.825145,1.203641,101.764704,104.925027,104.284889,104.475199,106.470586,105.348903,108.465973,105.570934,108.431372,102.675896,104.227221,111.113033,105.778547,111.291811,110.983275,60.955017,57.60939,100.0,100.828922,101.282453,100.974318,97.418574,99.192106,101.54735,101.295803,102.558556,99.418948,97.525564,100.0,100.796924,100.726474,101.212064,97.543112,100.084099,102.18615,101.808123,104.070535,99.177218,96.809782
TSL,2025-02-06,1,104.253969,108.190482,77.419484,0,100.0,103.619046,5.262947,1,98.920634,105.777777,41.666652,0,110.095239,112.8254,117.206343,123.047614,111.238098,95.555557,97.206352,90.730158,66.031744,3.196623,3.930645,3.861252,5.283036,4.677718,0.70979,0.770354,0.629189,0.546946,0.720374,0.695639,0.91601,1.104646,0.734412,1.689628,106.776964,108.890933,110.530027,108.32108,111.838236,110.824144,115.355393,112.867648,114.592527,110.379904,109.810052,117.432601,109.2402,116.317405,118.615199,66.132354,60.719662,100.0,99.851985,100.402522,101.18872,98.397178,97.721115,100.3243,101.128521,99.44268,98.473083,95.425208,100.0,99.762561,99.490565,101.307597,98.240374,97.940578,100.640572,101.907929,99.980711,96.605461,93.445904
TSL,2025-02-28,2,103.460839,110.382517,61.842122,0,100.0,109.0164,69.696876,1,101.821501,113.843356,59.090975,0,107.741352,130.145725,139.435347,148.633883,161.839719,99.180335,94.717669,88.342443,93.898004,2.596166,9.395758,11.774002,10.793407,12.781697,0.788503,0.721412,1.085093,0.594199,0.756719,1.420863,1.493699,1.659721,2.704949,2.211553,113.193979,119.816053,128.704013,126.287626,125.142141,135.091973,123.996656,133.135451,142.872073,142.274247,145.041805,149.527591,147.809363,152.608694,151.224916,106.655518,78.807495,100.0,102.028208,103.005823,104.75207,104.21247,104.000058,98.98058,98.844401,96.595893,97.08616,95.602344,100.0,103.554931,105.912698,107.954261,106.696678,105.393471,99.730883,98.990172,96.556117,96.797843,94.482168
TSL,2025-03-14,1,96.332253,103.991369,50.704309,0,100.0,105.50161,21.568591,1,95.792877,102.37324,60.655753,0,103.991369,112.18985,129.018333,154.153174,165.156415,92.017253,103.991369,111.218985,103.991369,2.381095,7.602112,11.23731,15.248142,19.734282,2.658992,1.469881,1.25534,0.638897,0.960979,1.146813,2.473437,2.09888,1.958594,2.08268,98.3299,107.917528,127.824745,112.391753,119.628867,136.96392,126.865981,141.288663,152.721653,155.711344,154.298973,166.567014,152.886602,164.154643,176.159797,154.455673,94.535015,100.0,100.637143,103.708765,107.021215,108.07498,109.907164,100.913218,101.863996,100.307159,91.197282,96.396556,100.0,100.823113,103.937685,107.451987,111.206198,113.349798,100.243467,101.635784,99.204371,89.512576,96.16183
TSL,2025-03-25,1,93.464054,103.454714,91.588768,1,100.0,107.749766,28.915638,1,97.759106,105.882354,64.367873,0,90.00934,79.645189,82.166201,101.680675,116.339869,100.840338,98.506071,77.310922,89.169002,9.205541,12.459503,9.736863,10.292026,12.251681,1.788112,1.936067,2.106868,1.070182,0.668824,2.620956,1.922216,2.161026,4.060638,1.225054,78.596188,78.994802,89.774697,80.190641,82.79896,97.292028,85.407279,92.608319,109.27643,99.809359,111.785096,122.976603,123.760832,125.944541,135.918545,139.745235,78.33668,100.0,98.387967,97.469633,96.730271,100.30779,103.38222,98.834983,97.789222,86.500118,93.684661,93.324097,100.0,97.966186,96.624139,96.096476,100.934628,104.57834,98.187612,96.391352,84.756699,93.385066,92.705785
TSL,2025-04-21,1,108.671924,112.189207,27.586184,0,100.0,104.912065,27.160427,0,104.063069,110.855069,53.571252,1,110.733781,116.919351,111.218923,125.045489,116.919351,115.827778,136.203756,132.807762,169.557304,4.246227,5.202385,7.134541,8.619066,9.21686,1.077874,1.607443,3.531198,1.511671,1.619946,0.763323,1.059948,0.873802,0.783769,0.663674,112.868946,112.373078,118.193622,111.027152,116.387246,117.113338,121.747341,125.171189,116.399053,128.595037,117.83943,118.140492,107.083823,107.626916,122.314046,212.332933,102.205277,100.0,103.412053,105.130321,99.45998,109.395234,111.093125,105.375341,108.372229,110.756366,114.555349,116.895977,100.0,103.778342,106.236207,98.890345,109.5975,112.283639,106.254447,110.426746,113.49986,118.616753,121.907284
TSL,2025-04-29,2,96.975253,106.782766,13.084148,0,100.0,105.82035,53.543312,1,96.15032,102.016501,17.187437,1,102.383137,81.943169,88.267647,80.659948,92.575623,100.274975,98.07516,124.381301,134.830433,1.655415,10.16608,10.333387,10.073306,9.632237,1.152035,0.914686,1.178984,3.258535,1.945315,0.777731,0.996862,0.821806,0.784437,0.751838,83.48958,82.769094,84.461803,78.819441,80.946177,85.503469,83.072914,85.164928,86.328122,87.256941,90.060761,85.759546,92.864581,87.491317,86.241316,156.071174,74.747172,100.0,100.354356,96.041549,98.188605,91.945617,101.928,101.787964,101.838276,106.917369,107.896539,106.953695,100.0,100.66165,94.672733,97.364336,90.291806,99.863346,102.496167,102.520196,109.805158,110.684057,110.429203
TSL,2025-04-30,1,104.003814,110.0572,53.543312,1,100.0,106.101052,17.187437,1,104.289798,109.151573,0.0,0,107.054335,91.039089,92.850333,78.932316,100.571977,107.43566,102.478553,135.938995,141.086754,2.146169,7.384289,10.75504,10.133226,9.926839,0.990046,1.013439,1.025938,3.359205,1.787731,0.572078,0.98967,0.62185,0.716726,0.692819,92.119564,87.807971,88.550725,81.902174,85.615943,88.319747,89.329711,88.134058,90.62953,86.938406,91.023552,89.252718,95.108698,93.125002,89.836957,162.831522,77.954542,100.0,101.757879,98.943901,99.326178,91.708995,103.677908,104.66443,103.644962,108.454252,107.57135,108.814808,100.0,102.184457,98.32358,99.044024,89.892794,102.232484,105.736535,104.502373,112.135666,110.879345,112.370982
TSL,2025-05-22,3,100.148474,105.642162,68.918842,0,100.0,105.642162,59.210558,1,100.816627,103.971788,45.882261,1,104.528579,104.083149,82.776536,81.217516,73.942092,111.581288,105.04825,85.597621,104.899776,1.762527,1.780196,7.872021,11.686647,12.18902,0.713064,0.67915,0.680879,0.864249,1.027579,0.849736,0.920234,0.575151,1.334762,1.122855,101.594827,93.958333,85.890804,95.488507,87.126437,80.179597,78.764367,79.540229,73.477011,80.316091,73.232758,70.804597,66.149425,67.413793,69.766523,111.765804,60.579522,100.0,101.967794,101.563906,97.221337,96.194876,94.145892,101.643034,101.473958,102.995974,102.594491,103.421838,100.0,101.52592,101.376017,95.330942,94.015506,91.296203,101.752189,101.400582,103.399985,102.778733,103.849192
TSL,2025-06-09,2,104.036702,110.229365,26.666704,0,100.0,112.339452,81.784399,1,112.844042,120.366976,69.5123,1,101.284407,128.348626,126.880738,131.834866,108.348631,119.816522,121.009175,125.871566,105.137619,4.936994,10.249513,9.992327,8.301612,8.040448,1.210832,0.512775,0.781175,0.707486,0.677875,1.160107,0.748341,0.647727,1.100347,0.960812,109.507384,114.105086,111.912969,119.343181,116.658453,109.388339,113.973724,113.653528,102.541048,113.333331,102.118224,93.788996,90.903117,91.428569,84.85632,112.972082,68.747806,100.0,99.084439,99.028387,96.807564,99.402749,94.423424,100.468122,100.649458,101.634919,103.400458,104.489014,100.0,99.163015,98.906772,96.25556,98.613111,92.324412,100.605174,100.958473,102.122566,103.446177,105.226166
TSL,2025-06-13,2,101.524195,107.661297,22.339019,0,100.0,107.661297,62.105229,1,105.403227,107.338716,41.6667,0,105.322587,92.983872,114.112904,112.258069,113.064523,101.209682,113.951617,101.290329,98.064518,1.509066,4.924545,7.871704,8.52072,7.60903,0.91822,1.245262,0.536585,0.806053,0.633611,0.791005,0.600181,1.047564,1.026061,0.743439,93.574173,100.937738,104.965409,98.493463,104.988467,104.919291,111.483472,109.508068,101.364333,107.532665,104.850114,94.976939,102.167563,93.220598,85.787854,100.508838,64.211481,100.0,100.989908,100.622985,99.136035,97.967534,99.223912,100.327177,101.039037,104.053861,104.398806,104.704678,100.0,101.249085,100.790509,98.841564,97.783168,98.81762,100.592701,101.228379,105.03865,105.146288,105.990801
TSL,2025-07-02,1,95.707069,100.589223,18.965461,1,100.0,104.974744,23.688576,1,103.451177,105.639731,53.846238,0,105.723908,110.016831,105.639731,109.932662,118.43434,95.707069,102.104377,105.976431,100.925923,3.807312,3.966339,4.982247,4.148268,5.956301,0.657036,1.015759,0.647887,0.836491,0.868291,1.679363,1.019613,0.638483,0.672775,0.77884,104.758846,105.040197,103.9992,107.009651,105.36174,106.125405,103.71383,101.093251,107.69293,98.472672,106.889071,109.979907,115.305469,114.292608,108.356113,89.389071,66.421946,100.0,100.269221,98.446584,96.678084,97.58447,96.478512,100.673691,101.489425,101.76252,102.828892,102.44171,100.0,101.028772,99.063037,96.752548,97.745239,96.500856,101.057997,101.698095,102.819754,103.438152,103.430356
TSL,2025-07-30,1,102.545152,105.090311,41.935464,0,100.0,104.433497,22.222203,0,97.701144,103.69458,76.712334,0,105.500822,108.866994,104.26929,94.088668,96.059109,96.305413,103.037766,110.755332,114.778318,1.227043,3.703237,3.184834,3.929474,4.516526,0.822741,0.697455,0.666043,0.854004,0.90763,0.353899,0.834092,0.502969,0.543006,0.524547,101.355662,101.371611,98.680223,103.923445,101.212121,99.389951,98.500797,96.467304,99.740829,94.433811,97.567782,101.04067,100.701754,103.014355,102.256779,83.044658,65.252644,100.0,100.842597,100.35557,98.852978,98.846027,97.816259,98.447534,100.13699,102.054804,100.937442,102.288689,100.0,100.556895,99.722263,98.626812,98.441422,96.776202,98.004,100.379384,102.67844,100.097518,101.459211
TSL,2025-08-12,1,100.340781,104.96024,32.786872,1,100.0,104.35441,31.304245,0,101.931088,105.717532,23.999977,0,98.59902,91.101854,95.948505,99.886404,92.08633,100.870881,98.447558,106.702009,105.111702,2.318447,4.642189,4.871032,4.656962,4.251797,0.533739,0.549072,0.766196,0.691383,0.72105,0.481403,0.442562,0.328545,0.558462,0.729691,91.663233,91.258086,92.228306,88.73676,90.713968,91.356982,92.691175,93.845586,91.029409,94.999996,91.999997,91.812497,88.999997,88.213232,92.147056,83.222057,59.43055,100.0,100.057792,98.64433,99.76667,98.807665,97.776302,101.296326,100.401054,101.255609,100.97874,102.290726,100.0,100.369789,97.850226,99.081891,98.041601,97.280727,101.309966,99.406954,100.004292,99.534781,101.38151
TSL,2025-08-18,3,99.002301,103.223331,58.181916,0,100.0,102.225633,86.206908,1,99.232545,103.944743,60.26063,0,102.225633,103.607063,92.486569,98.618577,100.0,97.620879,106.139679,99.462781,134.996167,1.01554,1.436167,4.341618,4.669202,4.561137,0.517924,0.714566,0.652846,0.818657,0.674559,0.19616,0.395082,0.567931,1.004383,1.206078,100.798195,96.363707,95.949173,96.05422,93.946538,94.834716,91.838856,93.773345,93.373872,95.707834,95.722893,93.181477,95.737953,92.974399,94.378766,86.921688,60.870558,100.0,100.479051,99.001973,98.326106,99.255477,97.948023,99.348829,100.025159,99.655775,101.163609,102.626086,100.0,100.825087,99.531339,98.101312,98.810612,98.065145,98.359212,99.103959,98.281111,100.85623,102.694203
AFRM,2023-08-28,1,87.873464,107.322789,81.325332,1,100.0,106.209722,14.150915,0,104.774461,113.884012,77.170329,1,80.902171,85.823081,88.635034,91.739895,113.591094,117.340369,128.471006,139.835977,116.637377,14.200244,12.059228,9.474656,7.85044,11.097333,0.86512,0.463668,0.505818,0.763329,1.123228,1.960283,1.523998,1.060765,0.769587,0.823563,79.877435,80.818938,87.805011,80.490247,82.919217,90.373256,85.348186,91.242337,94.206125,97.136489,97.827295,96.136488,98.518102,97.169913,92.398326,,0,100.0,99.12412,99.655492,101.692878,102.343385,103.940674,102.262528,101.853918,101.062744,100.65618,96.796131,100.0,99.113786,99.918191,101.71698,103.069986,105.405608,103.435096,103.741543,102.279899,101.620923,97.303552
AFRM,2023-12-12,1,102.248683,113.386247,52.969212,0,100.0,106.269839,24.472501,0,102.407407,118.306884,74.875181,1,111.296298,101.031744,86.640213,67.354496,60.5291,118.624341,133.492064,135.555563,113.253974,3.38598,3.522576,7.489517,17.536502,20.801296,1.707745,1.6839,1.8588,0.664257,1.556799,1.285855,1.669033,2.158915,1.122085,0.723256,99.498987,92.340586,77.606274,92.58603,81.452428,71.134867,70.318825,67.125505,60.690789,63.932185,60.817307,54.200404,57.702429,54.256073,50.086032,47.856781,0,100.0,99.919278,99.112221,98.845515,98.682535,95.734891,102.418789,103.478237,103.764906,101.748888,103.73583,100.0,99.438844,98.159249,98.979749,99.082558,95.717773,102.240246,103.934291,104.521298,100.658713,103.990245
AFRM,2024-04-11,1,101.041029,105.358236,9.929036,0,100.0,103.612983,16.949213,1,98.958971,102.694431,54.91814,0,108.297609,98.315985,112.431113,115.707291,118.76914,95.10104,95.376607,96.907531,106.582981,2.860449,3.304512,4.508229,5.204086,5.371983,0.323297,0.309229,0.397478,0.421763,0.565598,0.240877,0.343501,0.350959,0.371917,0.767939,99.479292,103.062133,104.717458,101.745565,105.378702,106.227813,109.011839,105.704144,108.319528,102.396449,107.076924,108.945267,111.757398,110.934912,112.244085,119.551778,0,100.0,101.384381,100.16424,102.135145,101.670635,100.516467,98.502556,97.515944,98.241795,98.548878,101.465527,100.0,100.953706,99.336209,101.570096,101.343794,100.390153,98.380843,96.644455,96.845527,97.46247,100.640123
AFRM,2024-08-12,1,100.040536,104.661531,8.771968,1,100.0,103.080666,21.052605,0,102.756386,107.336844,57.522133,1,102.209161,99.554112,108.796109,120.105387,130.117545,107.742196,122.983381,129.225776,151.074181,0.572324,2.315146,5.254106,6.360444,10.149522,0.821072,1.050303,0.913423,0.732631,1.323011,0.667686,0.858368,0.983136,1.628676,1.534938,98.390942,103.271752,111.246523,105.284068,106.754072,113.758442,108.224075,116.162096,116.219705,124.100118,120.762812,120.699244,117.425507,116.277313,119.918553,131.509336,0,100.0,99.904964,97.407392,102.613829,104.508327,105.763125,102.457377,105.331708,105.493039,103.841958,103.214463,100.0,99.892647,97.078981,103.395325,107.536559,110.596251,103.195632,107.23071,105.874216,102.848769,102.145707
AFRM,2024-08-14,1,97.612634,101.963805,57.522133,1,100.0,103.504043,19.560388,0,104.73624,110.011554,78.46727,1,96.919525,92.876402,108.933391,101.886792,124.258765,109.549486,114.555259,121.601851,160.723923,2.836522,3.432141,4.779683,4.542144,8.266292,0.706959,0.86935,1.081667,0.724152,1.222378,0.609542,0.920049,1.187708,3.7289,1.699662,93.382244,96.540633,103.270316,94.078255,98.261851,106.171934,102.445448,106.245297,109.403687,110.045146,114.082016,112.251692,118.118886,112.562077,114.313394,123.237397,0,100.0,98.679446,96.004178,101.964391,100.207162,103.182473,102.554323,103.784035,103.25467,101.61561,103.320764,100.0,98.433568,94.852018,102.788806,101.036736,105.107161,103.564349,105.24359,102.726957,100.49493,103.110727
AFRM,2024-11-08,1,113.167757,120.899714,79.696905,0,100.0,112.699152,29.889289,0,112.417993,135.332704,98.10837,1,117.15089,101.265232,95.360826,104.358015,110.309282,134.934395,131.560452,155.927841,161.246484,3.693295,5.852791,6.275305,5.634563,5.926764,1.014132,0.882403,0.80571,0.851119,1.543486,3.026052,2.382863,1.540523,1.080788,0.747873,97.401032,94.518072,95.892858,93.502582,92.401034,94.140492,91.299486,95.899314,91.871774,100.499141,95.87995,92.210629,91.260758,87.844235,90.993977,62.757961,0,100.0,99.201579,95.851264,97.17841,98.124572,97.294019,100.120976,98.224127,99.875854,101.177731,101.273103,100.0,98.722156,95.167866,96.682707,96.549785,96.302433,100.097237,96.882758,98.69793,100.542886,101.855079
AFRM,2024-12-23,1,98.519815,106.15947,68.125075,1,100.0,104.360971,22.627855,0,102.713675,105.164722,18.83131,1,100.270568,115.963709,109.533659,108.849272,105.92074,106.398212,96.928219,93.378953,88.699662,2.121798,6.160674,4.849963,4.504774,4.06416,1.207149,0.95031,0.647863,0.755969,0.936258,0.367642,0.255861,0.41257,0.563836,0.479913,104.939188,105.698233,105.642806,107.337956,107.835262,105.025408,108.332568,106.882222,99.696309,105.431875,102.215555,90.670135,98.999235,92.510397,81.040419,56.158124,0,100.0,99.398741,102.905688,102.546014,102.449443,101.131203,102.287479,99.64524,100.26565,100.589066,103.365829,100.0,99.464011,104.110345,101.020298,99.71886,97.889025,102.563297,99.000674,99.795994,99.373267,102.590149
AFRM,2024-12-24,1,97.35802,101.603775,22.627855,0,100.0,102.386291,18.83131,1,100.906483,104.361966,60.089637,1,101.712242,109.847362,102.765935,109.645926,107.461059,100.162696,96.86216,85.705428,85.488487,0.749586,4.329848,4.902449,4.617238,4.103327,1.168087,1.027161,0.5637,0.803384,0.919875,0.161447,0.333794,0.437998,0.562611,0.50784,101.890741,103.227614,104.112288,107.177537,106.300451,104.181332,105.423365,104.881636,98.921849,104.339907,102.062213,91.416917,99.784519,92.962061,81.938162,56.061455,0,100.0,99.15422,101.156409,100.893935,101.144205,100.099143,99.822784,98.11266,97.418683,100.254457,100.515592,100.0,98.748455,102.050698,99.115027,98.470936,96.502245,99.601321,97.294159,96.700257,99.453543,97.997625
AFRM,2025-03-07,1,109.865938,122.591117,72.592581,0,100.0,111.520737,14.818157,0,92.501044,104.27314,53.024913,0,122.852952,134.373689,143.590282,166.066183,129.346455,97.968158,104.90155,104.524507,74.88479,6.759599,8.443154,8.861387,14.310345,13.676621,1.024467,0.804927,0.837968,0.874971,1.517413,1.421853,1.106739,1.451882,0.917915,1.670122,116.75197,123.446217,133.738693,123.482777,135.093322,134.023473,146.703867,147.612082,131.014044,148.520297,132.953624,121.84914,117.386951,114.416006,111.87223,109.724261,59.560226,100.0,103.112086,105.086396,106.12111,107.92017,107.36425,98.33718,99.517319,100.022414,98.493722,89.548541,100.0,104.517703,105.814514,109.511514,111.622447,110.322133,98.176759,99.837005,100.086945,97.692585,88.148484
AFRM,2025-03-17,1,114.541366,119.506992,83.532323,1,100.0,113.913257,24.701875,1,102.867985,111.519319,85.479476,0,111.16379,109.978675,146.622429,157.644002,191.253864,113.083671,124.531886,107.11069,96.657976,3.351408,2.968085,10.248218,13.333118,18.651155,0.982663,1.143782,0.884489,0.808193,0.836949,3.668225,1.186231,0.794785,0.58398,0.836036,100.437869,111.584658,130.564016,111.205174,121.5367,139.837368,131.868227,142.462473,145.311722,153.05672,158.138036,143.092163,163.219353,148.160971,134.402629,123.286699,65.469663,100.0,98.053671,99.705919,103.882,106.253283,108.586387,100.78439,102.423136,99.657794,89.897745,96.001685,100.0,97.976859,99.023969,104.092805,108.814432,112.700841,100.581932,102.843569,98.246798,88.830199,95.788241
AFRM,2025-03-27,1,104.803495,111.026199,85.614033,0,100.0,105.128819,21.285662,0,98.318776,103.122271,32.727143,0,111.200876,104.694327,102.401752,114.934498,134.737992,98.668121,84.956333,88.95197,107.183408,3.76315,4.013352,4.827256,5.038437,11.174493,0.786686,0.973152,1.426001,1.111115,0.678153,0.548651,0.54353,1.474967,1.211824,0.760778,105.120303,102.676234,111.036301,100.211058,100.939214,115.853735,101.66737,112.950611,132.162303,124.233852,130.768255,145.622623,137.302658,151.373995,146.790837,130.578932,67.556351,100.0,101.864064,99.858052,97.365165,101.191691,103.361522,98.958024,95.160945,92.895532,93.153873,97.430232,100.0,102.774079,99.682824,97.392429,101.582607,104.106988,97.660758,93.826057,92.924849,92.491822,98.441455
AFRM,2025-04-11,1,102.061041,111.479253,40.443181,0,100.0,106.809279,10.727936,0,104.38298,111.348808,35.580526,0,115.57526,93.268975,120.532216,130.185231,130.654838,108.505083,106.052699,128.280709,140.203494,5.093292,8.236407,10.184711,11.99978,10.930861,1.843303,1.749842,0.585786,0.96173,1.521184,1.145876,0.66574,0.717781,0.765532,2.378444,95.322298,104.966654,112.496909,105.265492,113.232892,115.418618,121.200293,119.18745,123.94171,117.174607,117.604344,133.265,118.034081,128.695971,151.045933,157.190904,80.779942,100.0,104.522894,97.190262,106.898789,108.557934,108.009737,103.368466,98.801521,105.899129,108.22886,111.941149,100.0,105.463134,95.83756,106.21418,108.817397,108.545656,103.72885,98.099414,107.017828,109.996073,114.955006
AFRM,2025-04-28,1,99.66611,104.695326,18.340306,1,100.0,104.653596,26.009012,0,103.443242,110.580141,8.772014,1,100.584313,84.828888,84.494998,74.603509,96.41069,103.839733,108.702008,112.14525,106.80301,1.102873,7.356605,8.271511,9.971472,9.522684,0.959092,0.763318,1.192031,1.860855,0.622949,0.625348,0.864153,0.775694,2.529336,0.7429,90.140333,86.632096,86.534475,83.742121,82.454752,87.849302,81.167383,83.925161,91.036205,86.682939,93.243851,95.04373,99.804764,98.147249,102.062238,131.040882,67.121214,100.0,100.294952,94.32327,98.074836,92.785043,102.053523,101.836287,103.323308,106.867334,109.050878,108.281765,100.0,100.271048,92.933266,97.53471,90.790527,100.62069,102.132078,104.203419,108.901203,111.922215,111.754906
AFRM,2025-05-27,1,93.785146,100.020085,65.700522,1,100.0,103.497993,24.68428,1,100.361446,103.753011,20.722241,0,98.333337,103.835341,107.911652,104.598395,98.734938,104.518072,110.361446,122.489962,133.032131,2.393084,3.242024,5.147032,5.129956,4.686282,0.736219,0.825654,2.382463,0.730651,0.766826,0.707201,0.577225,0.606432,0.90669,0.837194,97.784291,100.160219,99.845642,104.150057,102.280186,99.152989,100.410316,99.900351,93.228799,99.390386,96.025791,87.62114,92.661195,86.557248,83.5932,120.679562,66.2288,100.0,99.793988,101.871011,99.831231,96.520541,94.442843,100.992474,101.986657,103.155757,102.197623,104.067091,100.0,99.845543,101.427846,98.690098,94.432802,91.875946,101.03484,102.447132,103.768192,102.714333,105.167191
AFRM,2025-05-30,1,101.042894,104.978353,11.750031,0,100.0,102.626917,21.72293,1,99.527749,104.702872,34.220626,1,99.724519,96.359704,101.829989,106.768986,97.89453,108.146398,115.938604,116.312477,136.048799,1.457843,2.564173,3.240005,5.143115,4.544183,0.678417,0.751339,1.170103,1.985549,0.797877,0.465498,0.590032,0.797154,0.756786,0.794949,95.325624,98.206163,98.701346,96.427744,98.770711,98.460498,101.113677,100.89017,95.703272,100.666664,98.150286,90.112714,95.633908,90.516375,83.53757,117.0578,65.498023,100.0,100.768177,99.971758,101.253838,96.924527,95.901199,102.168332,102.681534,102.281277,103.106097,106.182598,100.0,101.357939,100.379935,101.441859,95.392858,94.076567,102.995449,103.467141,102.845486,103.916639,107.828097
AFRM,2025-07-10,1,100.818567,103.438008,18.181779,1,100.0,103.240057,25.953326,0,96.002375,104.048223,59.933303,0,100.803692,101.756214,98.600979,89.15017,90.787316,95.326687,103.39336,97.961002,117.517482,0.986449,1.741904,2.002373,4.932792,5.736797,0.64138,0.587917,0.86996,0.673767,0.942177,0.527717,0.915587,0.696255,0.458718,0.837029,100.261148,99.150927,94.267273,99.079439,95.90926,91.408566,92.73908,90.779783,85.785983,88.820485,86.907873,80.576996,84.995261,80.792183,77.813118,74.736891,51.976404,100.0,99.585377,99.615768,97.45211,95.701475,96.598706,100.273859,100.73455,101.79015,101.406879,101.416635,100.0,99.937666,99.671957,97.892845,95.609649,96.590613,100.612864,101.605186,102.216279,102.208575,102.96314
AFRM,2025-07-23,1,99.428498,104.228475,32.53089,0,100.0,103.18229,17.664389,0,102.011183,104.447081,12.820337,1,104.228475,104.946753,107.851098,104.774989,102.526473,104.759371,105.290279,120.670808,113.956472,1.075668,2.471462,2.809243,2.888338,2.676776,0.716623,0.780937,0.751947,0.768314,0.668123,0.526736,0.369984,0.539369,0.980545,0.704185,103.132238,102.467248,102.581127,100.754115,103.026359,100.944929,105.298603,104.058503,99.028034,102.818403,98.863499,94.432511,94.908595,93.997564,88.434645,72.548447,54.378161,100.0,99.81179,99.148554,99.141582,98.108735,96.433551,101.126237,100.718793,100.436405,102.359954,101.239251,100.0,100.780852,99.597877,99.410661,97.729045,96.478586,101.181668,101.499749,101.367704,103.689396,101.083063
AFRM,2025-08-01,1,107.318755,111.026833,29.715557,1,100.0,107.476849,20.504188,1,107.960723,120.025559,89.874264,1,107.681254,107.13829,110.028749,103.353565,110.491861,119.546474,115.506233,125.71064,141.264773,1.59407,1.087988,1.733835,2.245828,2.597472,0.506067,0.447159,0.723264,0.79771,0.668801,0.678252,1.034575,0.83793,0.656068,2.380191,101.132353,101.189574,101.510687,99.602463,100.362892,101.616092,101.123321,101.953768,101.038619,102.784215,102.869292,98.539748,102.954369,100.123471,95.466039,71.02424,53.441007,100.0,102.417793,102.83211,101.353683,100.757483,101.072968,101.392312,102.845148,103.816541,104.091951,103.984906,100.0,102.961687,102.639024,101.727053,100.470668,100.851596,101.520162,104.134222,104.57879,103.635188,103.270455
AFRM,2025-08-05,1,94.737952,105.325116,89.874264,1,100.0,105.283067,5.039857,0,104.119959,108.940579,66.279134,1,93.063345,95.235424,91.690022,92.698992,94.91312,110.650222,107.742435,103.503363,119.548762,6.74608,5.431895,4.925072,4.197694,4.039176,0.656156,0.512231,0.580435,0.923006,0.629091,0.898147,0.958147,0.78101,0.632375,2.466487,90.267165,89.313384,89.879442,89.238577,89.738177,90.03039,90.237777,89.539808,90.163305,88.841838,90.322603,88.08743,91.803368,90.786803,86.315122,63.024045,47.371927,100.0,99.183378,101.295674,100.321972,99.274803,98.984793,100.805007,102.486571,101.939781,102.807433,102.526321,100.0,98.935898,101.304582,100.240956,99.463013,98.670511,101.657625,103.61202,101.636938,102.247676,101.767632
ABNB,2023-08-07,1,99.157001,104.70496,3.896137,0,100.0,103.753878,23.032541,1,98.731901,101.246495,27.793688,0,101.505881,109.654881,106.362131,104.733776,94.898777,99.337129,96.001161,89.343617,102.521796,1.120579,3.245672,2.96642,2.494922,3.713182,1.348539,0.900797,1.006944,0.954177,0.935035,0.717908,0.675423,0.652297,0.855305,1.565438,103.333803,103.601958,100.778808,105.145253,103.811105,99.307091,102.476958,100.355099,,98.233241,94.803076,,91.372911,,,,0,100.0,100.239142,102.17784,101.413674,100.7045,98.182645,99.478086,99.968167,97.965334,98.712137,100.126475,100.0,100.620097,103.26419,101.239273,102.97767,98.602258,98.969718,99.650499,97.888255,98.646956,101.633932
ABNB,2023-08-08,1,101.284386,105.086478,23.032541,1,100.0,102.546892,27.793688,0,100.218932,102.568784,70.497,0,102.291469,108.669638,108.479891,106.932789,100.372177,99.226449,94.760277,92.738818,103.459101,1.385444,2.458991,3.356357,2.788869,3.202892,1.607423,1.125225,1.060434,0.919283,1.009742,0.834097,0.666926,0.676505,0.832039,1.777909,104.150482,105.695447,103.767644,107.932639,106.696881,102.497848,105.461122,103.776063,,102.091004,98.298816,,94.506628,,,,0,100.0,100.305521,102.516354,102.30871,102.029165,99.437093,100.099452,99.405736,98.278817,100.744553,100.024412,100.0,100.836202,103.761225,102.727509,104.575443,99.807302,99.871865,99.269885,98.420345,101.507103,101.473374
ABNB,2023-08-11,1,102.999238,107.038728,73.308055,0,100.0,101.94381,18.35944,0,100.030379,101.586937,15.609462,0,104.684889,106.431284,116.423694,112.961281,108.838269,98.595299,94.958239,95.512531,111.867886,1.544482,2.417099,4.512185,4.154293,3.616331,0.746539,1.321354,0.833622,1.087877,1.021646,0.813088,0.656043,0.848721,0.662337,1.461919,104.977564,108.405153,108.860905,108.723825,110.336631,108.324176,111.949436,110.693079,,109.436721,106.311721,,103.18672,,,,0,100.0,100.53398,100.766201,103.11095,102.078314,101.382543,99.862283,98.32875,99.138835,101.615445,100.978402,100.0,100.855101,102.011865,105.190843,103.018632,103.953137,100.427286,98.137864,99.787361,103.453999,103.260391
ABNB,2023-08-14,1,99.969631,101.91285,18.35944,0,100.0,101.556086,15.609462,0,98.47426,100.8122,86.038712,0,103.210867,108.698946,115.522997,112.054037,110.338541,97.791101,94.124787,95.760584,111.962953,1.09143,2.755958,4.239364,4.542981,4.02367,0.711726,1.195047,0.949213,1.061066,1.005462,0.625692,0.693353,0.901277,0.67051,1.487623,104.587206,107.822722,109.065779,107.733409,110.369254,109.113062,113.005098,111.57122,106.73052,110.137342,107.85687,,105.576398,101.88982,,,0,100.0,100.345579,101.459546,103.043041,102.272405,101.557225,98.89726,98.794866,99.547992,100.974306,100.189965,100.0,101.047488,102.911031,105.243052,103.179331,104.951042,99.361876,99.764098,100.537337,103.581553,102.122163
ABNB,2023-09-11,4,98.840254,101.373744,51.226104,1,100.0,102.34019,32.743387,1,101.353035,104.345574,14.302107,1,98.902391,91.598786,86.835566,86.331628,92.282198,99.8999,98.405359,92.599751,88.2024,1.410622,3.602436,5.796668,6.189693,5.506459,2.194011,1.504585,0.655472,0.839923,0.677773,1.309098,1.434586,3.7334,0.908568,0.964531,93.880404,90.347858,89.08318,88.679155,87.081721,88.85546,85.484287,86.519378,91.348333,87.55447,90.629198,95.371613,93.703927,96.177288,98.30737,,0,100.0,99.625103,101.071644,98.608288,97.802538,99.914046,99.989924,99.678588,97.080273,95.982444,97.040438,100.0,99.544438,101.060197,97.478401,95.867071,98.04102,100.131656,99.328176,96.350232,96.798225,98.165496
ABNB,2023-09-12,4,98.665028,100.973977,32.743387,1,100.0,102.952589,14.302107,1,97.810236,100.122594,37.849839,0,99.318894,96.91458,85.924937,84.457154,90.750578,98.161005,96.614902,90.096712,89.626747,0.629605,1.760778,5.580822,6.460108,6.007289,1.471964,1.61179,0.65515,0.880631,0.671611,1.330555,5.499497,3.715389,0.741401,0.827765,95.70712,91.674238,89.314408,90.764746,88.221356,88.722204,85.677967,85.939323,90.360509,86.200678,89.223051,94.461017,92.245423,94.781695,97.78322,,0,100.0,100.014812,100.897499,99.47227,98.719717,100.737972,101.083057,99.711008,95.887205,94.89817,97.787893,100.0,100.00884,101.501159,98.518086,97.760376,99.520318,101.276335,99.426336,95.202202,95.331727,99.035529
ABNB,2023-09-25,2,100.244642,102.587158,49.282132,0,100.0,102.637612,96.811574,1,100.282871,102.400611,18.050514,0,101.490823,108.98318,112.637613,101.444954,96.169723,102.469416,104.403665,97.683481,92.041282,0.751598,3.340371,3.973699,3.724815,5.022597,0.98293,2.962725,1.148114,1.193998,0.520164,0.601193,0.580003,0.7864,0.765426,0.709319,104.056956,106.41084,102.821307,107.594304,107.508201,101.576339,107.422098,102.410543,98.718691,97.398987,95.644477,97.592628,93.889967,95.026839,100.330626,,0,100.0,100.634481,103.505464,104.294042,104.952003,102.394073,99.34482,99.667417,100.76603,101.648492,98.009153,100.0,100.539087,104.173118,105.791268,105.989622,102.233115,99.758543,101.519762,102.953725,103.812953,99.92747
ABNB,2023-09-28,5,98.75075,101.52016,6.249896,1,100.0,104.026182,52.710507,1,102.618901,106.167212,17.815419,0,99.54846,99.902164,108.458752,107.819084,98.291689,102.76941,94.062307,94.799817,86.897951,1.567443,1.212359,3.400253,4.001392,4.165689,0.621782,0.851213,3.124165,1.554114,0.622207,0.599608,0.851442,0.966653,0.597617,0.713024,98.099214,101.514251,101.870191,102.280354,104.594049,101.065802,106.907744,104.129479,98.660511,101.351213,97.537554,96.172235,93.723895,93.191543,96.54228,,0,100.0,100.214566,101.538796,105.644906,104.379541,105.874013,100.563042,99.854845,101.998649,100.319393,97.018326,100.0,100.24576,101.268561,106.641685,105.157415,106.562706,102.256351,101.468279,104.644533,101.881163,97.23918
ABNB,2023-10-05,1,104.623161,107.027207,45.811793,0,100.0,104.068386,31.313164,0,100.287662,104.709463,62.453486,1,104.98069,112.164053,109.106601,118.451547,117.752944,105.01356,103.534152,98.60278,94.928907,1.182334,4.239185,3.064189,4.2528,4.928669,0.864355,0.608728,0.864122,3.171546,1.577684,1.144279,0.767852,0.60668,0.695379,1.3425,107.528605,107.318987,111.331109,107.067766,109.371151,111.532325,111.674536,114.200738,110.34843,116.72694,113.693498,107.72222,110.660056,106.496122,105.005403,,0,100.0,100.08377,101.746134,102.463134,106.606623,105.329739,102.597074,102.927173,101.23263,97.901513,102.173961,100.0,99.871304,100.811689,100.753207,106.098987,104.62227,103.172987,104.111999,101.362691,96.744332,102.298075
ABNB,2023-10-06,3,99.713163,103.769879,31.313164,0,100.0,104.409117,62.453486,1,99.827898,104.835274,61.702067,1,104.417315,112.448787,108.342895,116.989021,119.505008,107.842977,101.688252,95.467957,100.508116,0.961182,4.144154,3.363114,4.213844,5.186543,0.91437,0.751849,0.788039,3.144721,1.163965,0.771225,0.681543,0.544288,0.711184,1.355073,105.314975,105.316556,109.555833,106.699905,107.746913,110.547048,108.793922,111.884694,109.448006,114.975465,113.347182,107.138335,111.7189,107.011318,104.256688,,0,100.0,101.04751,101.623396,102.382014,105.469067,105.639,103.286854,102.564965,100.109262,97.578422,103.289214,100.0,101.37418,100.955615,100.858602,104.297834,104.831797,103.811548,102.875764,99.896608,97.286419,103.591807
ABNB,2023-10-10,4,95.951162,100.764081,61.702067,1,100.0,104.592361,66.895243,1,101.236713,104.52147,50.839234,0,99.535253,100.61442,104.198505,111.736912,116.187478,99.228046,99.023239,96.108708,95.376136,2.104605,1.728598,3.427978,3.608219,4.912198,0.934414,0.926376,0.616433,3.089135,1.20854,0.770602,0.623061,0.577917,0.763915,1.061275,97.735393,100.097275,103.767576,102.135425,101.93632,105.747211,101.737215,105.278899,105.648039,108.820582,109.558102,104.222969,110.295621,106.017179,101.173535,,0,100.0,99.282426,97.460851,98.476594,102.403657,102.817279,100.229736,100.773337,97.880931,96.639345,100.892695,100.0,99.486398,96.778056,96.646566,100.934787,101.589313,100.887407,100.474865,97.975623,95.742613,101.631034
ABNB,2023-10-23,2,100.458675,103.781908,78.125075,0,100.0,106.036346,56.057303,1,104.344437,106.594543,31.923166,1,103.825182,108.342708,110.575503,118.1826,116.08827,102.553005,101.211591,102.267412,112.245775,1.799705,2.85513,3.614798,3.810717,4.53347,0.605326,0.592238,0.831902,0.854698,0.783634,0.855978,0.718943,0.931738,1.37629,0.665865,102.520144,104.56101,107.22776,105.794502,105.581029,109.086719,105.367556,108.880307,112.608813,112.393057,112.592409,116.189676,112.79176,116.33732,115.222195,,0,100.0,102.119244,104.402005,103.495637,102.367264,103.538122,99.941512,99.465285,104.219395,105.307183,108.549555,100.0,102.524924,105.226907,104.355976,102.902483,102.426239,99.740483,99.42056,105.103454,107.377253,111.151906
ABNB,2023-10-31,5,100.382904,103.2025,6.172985,0,100.0,103.28953,30.687937,1,101.522931,104.333823,37.770986,1,99.286392,106.178747,109.398656,114.515701,111.156557,100.513442,105.369418,110.242795,110.068749,1.842401,2.345181,2.844155,4.202225,4.06693,0.813258,0.810453,0.613124,0.730167,0.982811,0.742852,1.726854,1.125928,0.882849,0.844905,99.832614,101.444753,104.930678,101.619747,104.149125,107.452024,106.678502,107.284639,110.34111,107.890775,110.754924,113.935454,113.619072,113.397581,117.636951,,0,100.0,99.139201,102.276844,105.29915,104.93894,101.837897,103.964722,105.423868,108.24874,109.27182,109.570153,100.0,99.634774,103.607684,106.250593,106.31741,102.341276,104.828064,107.473224,111.101917,111.953147,112.332419
ABNB,2023-11-10,3,100.902162,104.694754,65.357982,0,100.0,103.827628,82.951893,1,102.829993,104.983798,66.693763,1,103.05685,107.418763,99.929927,102.032057,108.680042,110.957346,111.369014,112.989404,125.172993,1.19427,2.154402,2.114303,2.102825,2.78317,1.077125,1.414946,0.785315,0.742607,0.568337,0.745892,0.972199,0.751473,0.596307,0.924334,100.727887,99.815487,101.557341,100.355479,100.153194,102.930595,99.950908,101.564958,105.055013,103.179008,105.707997,108.595851,108.236985,108.545068,111.889546,,0,100.0,100.676261,100.114854,94.57957,97.03263,99.412863,103.270141,103.690963,104.527336,104.971814,106.181463,100.0,100.499242,99.096422,93.064657,95.561577,98.411452,103.775634,103.943123,104.756858,103.954146,106.461571
ABNB,2023-11-14,4,96.618384,98.642086,66.693763,1,100.0,104.616904,77.094411,1,104.568344,108.320297,7.677259,1,97.234795,99.646119,97.350011,100.411489,103.456503,103.9256,104.370009,104.090199,118.928477,3.843348,3.234609,2.701572,2.695617,2.768661,0.950414,1.109183,1.211129,0.7984,0.604006,1.323528,0.77811,0.599949,0.83234,1.129505,93.239659,93.41885,94.072466,94.231133,93.160719,95.206031,92.090305,93.489895,96.834543,94.889485,97.251342,100.335491,99.613199,100.179191,103.033233,,0,100.0,99.019281,98.192625,94.053102,95.261461,98.076461,101.104964,101.776637,102.054507,102.026693,105.564505,100.0,98.747307,97.265056,91.629596,93.766678,96.158554,100.680713,101.319461,101.662708,100.393801,105.31758
ABNB,2023-11-15,4,95.631236,100.046439,77.094411,1,100.0,103.588039,7.677259,1,98.621922,101.053822,27.184627,0,93.77386,92.601197,94.025707,93.262294,96.150669,100.070049,101.557517,99.432555,115.897087,3.929543,4.360062,3.485212,3.310076,3.013451,0.716751,0.972124,1.326876,0.764495,0.641785,1.075197,0.659507,0.617143,0.85635,1.113579,92.179194,92.374753,92.613163,92.723019,91.883128,93.486556,91.043236,92.063104,95.265285,93.082972,95.089984,98.425005,97.096996,98.467467,101.07557,,0,100.0,98.136719,97.496718,94.272916,93.136401,95.980033,100.416211,101.363867,101.612564,102.008311,104.988304,100.0,98.207967,97.132506,93.020122,91.223325,94.570041,100.461016,101.497466,101.157989,101.631307,104.900129
ABNB,2023-11-27,3,101.533572,102.97179,37.56955,0,100.0,102.947953,40.431277,1,100.0,102.932058,33.333264,0,102.53476,101.032978,93.881607,97.449345,90.655541,100.5006,106.237583,113.555825,110.226462,0.291771,0.888514,3.103364,3.980677,4.392857,0.70151,0.76701,0.954407,1.444199,0.801551,0.703084,0.775964,0.88607,0.943444,0.555051,99.068216,96.654263,94.037209,97.303877,94.433334,93.081396,91.562791,91.73876,92.38062,91.914728,91.729457,94.273256,91.544186,93.02248,96.218992,107.662869,0,100.0,100.226563,99.28954,97.116798,95.865228,90.564903,100.093708,100.516021,101.674324,104.272472,105.024507,100.0,100.434336,99.408743,97.470089,94.773473,89.004836,100.347781,99.419286,101.817327,105.006282,105.939362
ABNB,2023-12-01,2,99.748802,102.177036,21.674956,0,100.0,107.990428,95.010055,1,105.83732,109.051035,7.444247,0,100.861245,102.368416,100.701752,92.121208,92.105262,106.626798,112.185001,116.905905,107.240825,3.845515,2.501129,1.962464,3.812098,4.317561,0.695867,0.609654,0.891607,0.853708,1.432238,1.187905,0.767831,0.890689,1.07985,0.564949,94.867422,94.708188,91.570505,94.960742,93.296545,90.322171,91.632349,89.888903,88.53651,88.145457,87.347797,88.481333,86.550137,87.184118,90.207744,103.13768,0,100.0,99.909327,100.10165,98.979743,95.447353,94.798128,100.273787,101.090303,103.611206,104.389301,104.130233,100.0,100.964134,100.928833,99.988887,95.913911,94.219236,100.270164,101.577277,104.979621,105.951846,104.477505
ABNB,2023-12-11,4,97.834574,100.489874,66.577453,1,100.0,102.591405,42.465908,1,97.678378,100.149089,76.149782,1,99.282918,94.923671,91.58679,90.273338,83.883562,102.598501,104.72133,98.48775,99.226119,1.124094,2.872832,4.372327,4.152543,4.860889,0.865336,0.887947,0.609924,0.768634,0.956428,0.728882,1.228826,1.048171,0.556226,0.482633,94.826112,92.039043,89.64278,90.840387,90.408645,87.825202,89.976904,88.904902,85.85718,87.832901,85.241759,84.02141,82.650617,82.809458,83.388844,96.606533,0,100.0,99.830184,99.485993,99.064744,98.27208,96.121603,102.47529,103.20395,103.948279,102.425658,104.137686,100.0,99.754824,98.616598,99.378095,98.606141,96.683138,103.116069,104.158486,105.084033,101.908994,104.552276
ABNB,2023-12-14,4,96.799559,99.972415,33.912945,1,100.0,103.407368,45.748854,1,100.606984,102.586564,22.996151,0,96.944411,96.454684,87.143054,89.005378,88.529459,101.738174,98.006622,93.90261,93.130093,2.340717,2.00684,4.330317,5.101568,5.104237,0.844677,0.80905,0.875463,0.630917,0.854738,1.535123,0.936108,0.688231,0.56435,0.599796,94.973519,91.982891,89.416341,92.024993,89.320253,86.994774,86.615512,86.699717,84.192587,86.783922,84.669295,82.376752,82.554669,81.685458,80.963265,93.028389,0,100.0,98.921262,97.68338,97.304412,97.06626,95.921472,100.984595,101.116454,101.608112,101.47412,101.526096,100.0,99.604064,97.583511,97.129044,97.455,96.333086,101.891322,102.059474,102.476786,101.404505,102.505906
ABNB,2024-01-05,4,98.958136,102.344369,18.967827,1,100.0,102.057575,62.795,1,102.027705,104.746253,76.099031,1,99.64524,102.318978,105.358679,107.927846,101.056793,104.208517,102.423537,106.060712,108.1295,1.041482,1.076225,2.197308,3.652084,3.288946,0.587307,0.576242,0.69122,1.1672,0.843458,0.651956,0.555056,0.517864,0.734985,0.605063,99.660247,102.013535,103.17878,102.244451,104.758057,102.848584,107.271663,105.738347,100.836891,104.205032,100.939111,97.489339,97.673191,95.935434,93.395723,96.928228,0,100.0,100.484828,102.162278,100.346857,100.53352,97.164312,101.588817,102.172529,103.594967,105.250204,105.568007,100.0,100.734189,103.99577,101.87683,101.92735,97.16207,102.643263,103.59236,106.653811,108.290131,108.393333
ABNB,2024-01-08,4,98.012593,100.029276,62.795,1,100.0,102.664519,76.099031,1,100.863767,102.144786,57.713972,1,97.884489,99.655954,104.011416,107.795911,102.364392,102.30583,98.836105,104.165143,105.797524,2.360332,1.80711,2.117078,3.564828,3.189476,0.639847,0.571806,0.697323,1.153473,0.819739,0.679423,0.457159,0.607721,0.682359,0.607418,96.339233,98.086093,100.159193,98.402341,100.898058,100.188106,103.393776,102.804111,98.351298,102.214446,99.478153,95.310892,96.741861,93.898485,91.453811,93.929182,0,100.0,99.762977,101.489637,100.998553,100.419803,97.569482,101.779438,101.407717,103.506098,104.790617,105.41319,100.0,99.587875,102.914727,102.495631,101.152584,98.000541,102.713625,102.943971,106.451747,106.895189,107.482486
ABNB,2024-01-19,4,99.196742,102.358419,0.927919,1,100.0,102.908595,33.543198,1,103.359732,105.670478,27.142643,1,99.01701,102.29606,98.092719,100.168718,107.768483,104.386734,109.756446,107.504398,111.876457,1.810828,1.535268,1.705948,1.663961,2.354024,0.603559,0.539238,0.656087,0.56302,0.870881,0.670869,0.72309,0.95411,0.607183,1.452152,98.099053,97.840353,98.990214,99.3068,97.874655,100.106129,96.442511,98.191244,100.266567,99.939977,102.337603,99.569433,104.73523,102.34189,97.481245,93.014798,0,100.0,99.025043,99.882364,97.969232,99.91036,99.63434,101.645051,102.19605,103.60937,105.030219,104.590591,100.0,98.206942,98.70349,95.54133,99.207546,98.650381,102.126303,102.224877,103.525913,105.401764,103.7797
ABNB,2024-01-22,4,96.749477,99.563527,33.543198,1,100.0,102.235635,27.142643,1,99.730313,102.150461,13.196436,0,97.260468,97.331445,96.508163,97.232084,100.120662,100.205826,108.374736,102.75373,105.145493,1.787181,2.02523,1.690597,1.900908,1.971456,0.754121,0.520706,0.656767,0.579404,0.695013,0.733462,0.677185,0.92759,0.608383,1.123998,96.279138,96.662209,97.172034,98.015635,96.450957,98.380399,94.886278,96.394623,98.821566,97.902969,100.309842,98.481449,102.716716,101.248508,96.555176,91.580949,0,100.0,98.697167,98.756831,96.96928,98.746922,96.992192,100.505775,101.731617,102.038795,103.670277,102.713844,100.0,98.107553,97.24464,94.200484,97.62333,95.634231,101.094356,101.65455,101.751428,103.309043,101.364716
ABNB,2024-01-26,5,99.207005,101.272166,37.303129,0,100.0,107.095903,74.800792,1,104.982675,108.40342,55.784927,1,99.787969,98.89744,98.558196,94.508443,96.508586,105.618769,103.576223,104.314789,105.498621,3.204574,2.397796,2.985988,2.775595,2.750332,0.720687,0.679147,0.537446,0.653907,0.56115,1.854714,0.726394,0.605165,1.060915,0.824024,93.900549,92.823153,92.047857,91.446332,92.160809,91.996393,92.875285,91.535893,93.622847,90.1965,91.831978,93.772894,93.467455,95.709802,93.12091,86.16609,0,100.0,99.735317,99.146565,97.92624,96.050574,97.953687,100.891125,101.580254,102.973277,102.542259,103.852519,100.0,100.596485,99.531265,96.696632,93.598765,97.190439,100.466625,101.421005,103.258715,101.669632,103.091546
ABNB,2024-02-02,5,101.706307,103.971963,52.812375,1,100.0,104.842818,37.426885,1,101.019532,103.653348,35.214977,0,102.053238,105.933156,99.072492,98.732648,94.675726,102.329364,104.49943,107.979318,111.930041,0.943152,2.045542,2.84351,3.744003,3.684901,0.753313,0.98618,0.704316,0.557363,0.67814,0.721178,0.617408,1.100231,1.500963,0.937932,100.717841,98.292729,95.856701,97.881949,95.621969,94.537697,93.361989,94.091433,93.923573,94.820877,93.453426,95.584099,92.085975,93.755713,95.737289,86.847695,0,100.0,98.72982,99.653218,98.610833,97.397102,95.531571,100.942132,102.416868,101.988178,103.291358,104.542796,100.0,98.612477,100.245366,99.629602,96.792169,93.691241,101.118409,103.360735,101.770082,103.193401,104.88027
ABNB,2024-02-06,1,99.809724,102.411997,35.214977,0,100.0,101.523595,26.171027,0,100.635182,104.069904,49.49096,1,102.516934,104.538591,99.543908,94.45129,97.990938,105.308074,105.503954,104.398686,114.632884,0.757949,1.352195,2.463503,3.549134,3.361814,0.675093,0.964427,0.720715,0.641882,0.628277,0.634843,0.728494,1.80834,0.936651,0.762354,102.306789,100.778386,98.092438,101.717291,99.032726,96.862243,96.348161,95.977305,95.276067,95.606448,94.691759,96.241612,93.77707,94.57483,97.10683,87.558431,0,100.0,100.480862,99.799191,98.575856,96.577426,96.527984,101.27724,100.370628,100.950781,102.733195,103.442432,100.0,100.957349,100.007332,99.592464,96.310713,95.275878,101.760988,100.715234,100.019916,102.283608,103.102302
ABNB,2024-02-07,5,99.368828,100.882806,26.171027,0,100.0,103.413043,49.49096,1,102.919503,104.733767,49.425019,1,100.639509,100.194633,98.14403,93.827329,96.990128,102.596275,103.016819,107.924367,113.679961,1.151009,0.941926,2.341074,3.243709,3.42456,0.615676,0.726208,0.976823,0.705531,0.574958,0.728771,0.946803,1.873802,0.900482,0.724527,99.139274,98.903421,96.382918,100.035239,97.626564,95.207045,95.217888,94.125378,93.339204,93.032867,92.787527,93.878005,92.542187,92.553031,95.08031,85.552828,0,100.0,99.471936,97.51663,97.977481,95.374572,95.722526,101.158372,100.635339,102.374297,102.560252,103.789659,100.0,99.860008,97.162389,99.21515,94.889075,94.562615,101.840825,100.963278,102.080589,102.302559,103.743451
ABNB,2024-02-21,3,100.33289,103.634211,45.000191,0,100.0,102.657569,84.368817,1,103.348788,107.086853,78.012735,1,104.892843,103.730509,99.404387,102.781374,97.870648,104.996016,105.525597,112.705989,113.283729,1.513013,2.405676,2.4005,2.426295,2.809022,2.180469,1.99907,0.70923,1.066147,0.796731,0.865749,1.027699,1.047702,0.842761,0.808825,102.254084,100.376236,98.987031,100.550118,98.954366,97.430812,97.358614,97.932856,95.440561,98.507099,95.907258,93.805275,93.307418,92.948266,92.269159,83.999729,0,100.0,101.204404,100.144964,100.166397,99.574812,98.354228,102.887178,102.502219,103.209862,104.434089,105.633241,100.0,102.116356,101.622342,101.462467,100.908063,100.489459,103.569226,103.204841,104.030909,104.324801,105.315818
ABNB,2024-02-29,4,99.066696,101.096458,45.015872,1,100.0,104.425009,60.029617,1,102.343691,105.064609,59.726813,1,99.242916,101.331414,96.723663,96.29944,94.07388,103.178433,106.735408,108.628117,107.662189,1.822622,1.83079,2.260265,2.179878,2.674025,0.935453,0.990515,2.06115,0.739515,0.798816,1.522252,0.918466,0.796967,1.064414,0.630899,96.33454,96.263415,94.979202,96.888294,96.132913,94.675652,95.377532,94.040452,92.758461,92.703373,93.21839,90.707117,93.733408,91.47647,89.209371,80.525814,0,100.0,100.321817,100.496645,98.789582,98.679741,95.728073,101.364314,101.886049,101.750134,103.548865,103.802136,100.0,100.58653,100.774865,99.671846,99.377657,95.919574,102.016207,102.416457,100.83146,102.54178,102.174096
ABNB,2024-03-01,4,97.70998,102.033655,60.029617,1,100.0,102.658609,59.726813,1,100.71359,103.956352,35.594792,0,97.843894,97.352864,100.560546,96.000911,93.418192,101.606391,105.164815,102.44179,104.182736,2.031685,2.478752,2.468778,2.415041,2.838702,0.901716,0.966775,1.95781,0.925229,0.710603,1.020282,0.905182,0.76719,1.043694,0.612979,95.502127,95.070747,93.766121,94.893562,94.911407,93.672207,94.929252,93.416917,92.098202,91.904582,92.433007,89.766778,92.961432,90.779488,88.361819,79.656147,0,100.0,99.521012,99.894775,98.735215,98.110582,96.310084,99.695529,100.579679,100.450117,102.748638,102.93689,100.0,98.948545,99.297902,98.78923,98.442966,96.015772,99.07791,99.74541,98.581802,101.522328,101.266354
ABNB,2024-03-05,3,101.146403,104.4031,35.594792,0,100.0,102.459329,55.46893,1,102.516977,105.411808,83.407039,1,102.292815,97.386959,94.882794,98.501347,92.724478,104.739333,106.743947,103.618544,102.049441,0.535151,2.034006,2.727561,2.570034,3.029565,1.122476,1.030627,1.307084,1.683766,0.707482,0.896962,0.829799,0.904976,0.975073,0.553703,96.899515,96.012676,94.829127,95.209941,95.139646,93.870425,95.069351,94.231154,92.911095,93.392957,92.601205,90.76492,91.809452,91.591037,89.256887,80.21038,0,100.0,101.587169,100.422407,98.392071,99.308261,97.745426,101.988207,102.342385,102.406452,102.902224,103.05865,100.0,102.799349,100.935442,98.548679,100.438991,98.924649,102.771716,102.328677,101.278886,102.280542,101.99775
ABNB,2024-03-14,1,98.752459,103.244837,32.010905,1,100.0,102.45821,17.499924,1,98.426747,102.33714,90.366303,0,102.427481,100.503928,96.773599,95.415433,91.076694,99.471484,103.355452,101.376601,97.941245,0.628301,0.9004,2.036448,3.518158,4.009031,0.703705,0.789615,1.007406,0.981378,2.042137,0.95708,0.934282,0.76243,0.625079,0.611076,98.771928,96.732754,93.904108,96.677478,94.294639,92.623316,91.911799,91.789231,90.380767,91.666664,90.951993,89.573268,90.237322,88.972302,87.759401,77.89774,0,100.0,101.014389,100.664807,99.472415,99.292057,97.605456,100.50983,102.307692,102.557927,101.581794,100.002154,100.0,101.705285,102.145625,100.726925,100.508375,99.408272,100.398461,102.270617,101.903905,101.087608,100.501626
ABNB,2024-03-21,4,98.342424,100.454545,66.571217,1,100.0,103.090913,46.470437,1,100.993939,102.303032,39.814776,1,98.054541,100.872729,99.115147,95.436364,94.096966,101.812125,99.975762,98.042427,93.945451,1.940007,1.823035,1.413498,1.939253,3.331403,0.933917,1.054184,0.789307,1.007013,0.980995,1.127848,0.552686,0.624835,0.476381,0.686735,96.978241,97.364137,94.660486,98.200742,96.938998,93.889289,95.677253,93.319066,91.665035,90.960879,90.83958,89.445687,90.718281,90.011004,88.646543,78.160546,0,100.0,98.814073,98.279221,98.4105,97.24481,97.068492,99.571233,100.261226,99.306952,97.762686,94.782524,100.0,98.444621,98.349689,99.895675,98.508225,98.294488,99.781412,99.659279,98.860962,98.287887,93.015001
ABNB,2024-04-23,5,98.126996,100.350991,12.051595,1,100.0,102.833441,83.55832,1,102.801531,106.410337,28.912646,0,98.921504,99.974478,103.80345,102.176135,107.204856,104.026801,101.19337,101.984685,91.959163,1.951153,1.441,1.987441,1.680688,2.348165,0.82724,0.760475,0.544278,0.665487,0.790974,0.730425,0.639613,0.662997,1.411951,0.786489,97.637778,99.020816,100.39702,99.077977,99.422804,101.05561,99.767632,100.97049,101.77136,102.173348,102.688415,102.13669,103.203481,102.572229,100.848401,87.378255,0,100.0,98.792155,100.466396,103.618768,103.537222,103.783443,100.406924,100.15374,103.177039,104.350079,105.836367,100.0,98.613207,102.525924,105.166623,104.8881,105.786862,100.887005,100.945981,104.712551,106.051423,108.314696
ABNB,2024-05-02,1,101.827678,105.058747,28.686849,0,100.0,103.394254,21.53838,1,103.88381,108.028723,33.07069,0,103.505229,106.403393,104.503923,107.976502,103.681462,105.744127,95.985644,96.077027,94.601825,0.841902,1.981235,1.944908,2.028816,1.830432,0.59423,0.649314,0.765369,0.689881,0.627803,1.044998,0.755092,1.623901,0.919276,0.735522,102.431628,101.177286,101.122654,100.855173,100.329689,101.229709,99.804206,101.086338,102.474262,102.368471,102.129728,103.274489,101.890985,103.862185,103.668286,90.46643,0,100.0,100.491716,100.745754,100.001403,103.751913,102.717198,103.386325,104.051651,105.708391,105.124476,105.317448,100.0,100.867804,100.808873,100.599572,105.88376,103.401486,104.643724,104.758761,107.329516,107.707927,107.206267
ABNB,2024-05-20,1,100.065413,101.573575,52.511078,0,100.0,100.874588,14.960952,1,99.228696,100.344329,99.382117,0,101.363539,102.699537,111.562559,111.734724,107.850694,98.278356,101.239576,101.287787,101.432399,0.522967,0.865642,4.167697,4.364711,4.510249,1.024415,1.587596,1.026811,0.584526,0.798453,0.823138,0.847629,0.891196,0.758036,0.955493,100.449551,103.956416,106.564532,103.875115,106.236256,107.775163,108.597396,109.861997,109.248142,111.126598,109.31407,109.438071,107.501541,108.634287,110.013327,100.181529,0,100.0,99.900049,98.472767,97.705574,96.487817,94.496835,100.086939,100.068651,99.791414,101.375225,103.482006,100.0,100.04378,98.106558,97.540305,95.864551,92.781883,100.837524,101.722924,100.566043,103.559814,107.326314
ABNB,2024-05-31,1,101.290591,103.521069,3.77392,1,100.0,102.707432,22.020967,0,101.255519,103.079189,19.615127,1,102.833691,98.926833,103.24051,103.142313,111.054215,103.163354,102.868764,102.384789,106.354771,0.585032,1.474724,1.308008,1.320881,4.246821,0.934518,0.954897,0.919947,1.625086,0.78745,0.826952,0.730483,0.680366,0.843029,0.682283,99.612231,100.114544,103.293665,99.341757,100.39468,104.913758,101.447603,104.989312,107.623341,108.531021,109.432836,109.519429,110.334651,110.257371,110.345,104.247228,0,100.0,101.44982,101.466956,102.030555,100.431458,97.544533,101.919603,102.991518,104.621238,104.934625,105.45892,100.0,103.007022,102.383819,102.024113,99.580433,96.436239,102.556714,104.459482,108.08158,107.063526,108.919522
ABNB,2024-06-06,3,99.99036,102.442216,61.815196,0,100.0,102.504216,40.990584,1,100.155011,101.291723,27.879298,1,101.326171,100.251459,98.315599,100.444356,108.780266,102.008204,100.651033,103.041582,104.688098,0.496905,0.580841,1.333745,1.172469,2.14738,0.776421,0.851746,0.865385,1.000541,1.5015,0.75596,0.651916,0.839517,1.019934,0.715219,99.372789,98.620408,100.056123,98.591836,98.685715,101.477212,98.779594,99.389798,104.183675,100.000002,104.268709,106.546939,108.537415,108.977551,108.602041,104.351224,0,100.0,99.174938,98.127964,99.468638,99.490007,97.231865,100.476635,101.843931,102.422709,102.345111,104.451251,100.0,98.292734,97.680581,98.558079,97.986133,95.290288,100.504828,103.151193,103.801969,103.709442,107.696351
ABNB,2024-06-14,1,99.618795,103.271418,54.838654,0,100.0,101.226784,26.553677,1,101.729273,104.047683,74.738388,1,103.493214,101.649574,100.450509,97.754363,102.016914,102.086217,102.848628,105.094265,104.837812,1.289819,0.884751,0.834835,1.248751,1.252847,0.730593,0.685245,0.741338,0.961745,0.926544,0.607172,0.833904,1.051104,0.687176,0.7664,101.226281,100.593273,99.99726,100.400082,100.110296,99.894841,99.820509,99.227238,101.73426,98.633966,99.679387,104.166267,100.724808,104.241283,106.856545,107.029731,0,100.0,100.319774,98.949623,97.66384,97.484892,98.026372,101.541148,100.816472,101.320191,103.205736,104.875322,100.0,99.644531,97.268081,94.891281,95.335315,95.000372,101.91578,99.692853,101.421075,104.701399,104.422917
ABNB,2024-06-17,5,98.300122,99.506053,26.553677,1,100.0,102.278999,74.738388,1,100.085164,102.571284,71.526422,0,99.540121,100.882312,99.642314,98.429574,99.24034,100.752861,102.817244,105.154149,100.834615,1.359856,1.026799,0.881025,0.954353,1.348048,0.8335,0.707206,0.767518,0.87955,0.942889,1.139941,1.019144,1.085295,0.699826,0.777506,98.715722,98.256857,97.646155,98.272911,97.987291,97.594649,97.701671,96.923745,98.88194,96.14582,97.202008,101.045821,98.258195,100.840135,104.020736,104.777859,0,100.0,100.246113,98.900268,97.472511,97.865846,97.839091,100.973545,100.902146,101.634748,103.939013,103.097006,100.0,99.761559,97.202155,94.788242,95.84502,94.509293,100.655278,100.394522,101.978116,105.35918,100.893968
ABNB,2024-06-21,5,100.237695,101.697793,5.116322,1,100.0,101.867572,29.455012,1,99.633281,101.894732,22.82275,0,100.02716,99.219019,99.830221,98.82513,96.916813,102.485571,102.974536,103.198646,101.989808,0.798268,1.069873,0.877606,0.974901,1.420063,0.843059,0.866146,0.689457,0.878763,0.892834,1.721874,1.000205,0.79546,0.737905,0.834922,98.706956,98.51173,97.71879,98.669518,98.210868,97.600451,97.752217,97.324993,97.503506,96.897768,96.990034,99.733565,97.0823,97.682019,102.393524,105.247371,0,100.0,100.641963,99.664537,98.182882,96.028088,97.340073,100.316763,100.154992,102.216061,103.286674,102.061257,100.0,101.350775,99.660959,96.831881,94.375451,95.223258,100.293284,100.200319,104.052326,103.784257,100.913022
ABNB,2024-06-28,4,99.143885,100.796398,46.184392,1,100.0,101.493231,4.000515,1,98.977971,101.008763,18.627207,0,99.548717,99.263349,96.960455,97.557743,96.575532,102.428991,100.849492,97.703749,93.104593,0.619117,0.847175,1.360596,1.235693,1.358284,0.992248,1.043913,0.859255,0.683971,0.871771,0.8585,0.607462,0.732034,0.897295,0.8838,98.496339,97.931147,97.295388,97.633711,97.481368,96.742067,97.329025,96.876606,96.274482,96.424186,96.002766,96.178854,95.581345,95.672358,98.378617,104.661937,0,100.0,100.491271,100.247656,99.681169,98.199266,96.044113,101.061977,102.233119,103.30391,102.078289,100.227842,100.0,100.433244,100.175838,99.547796,96.721931,94.26829,101.759604,103.934178,103.666413,100.798438,96.916689
ABNB,2024-07-01,1,101.032582,102.541232,4.000515,1,100.0,102.051762,18.627207,0,101.441594,104.070006,77.805934,1,101.656163,99.497117,97.874482,98.337136,97.177144,102.407132,102.21939,101.42148,93.194318,0.007617,0.861545,1.286205,1.295743,1.402699,0.920361,1.063439,0.859039,0.693287,0.750038,0.647838,0.67555,0.934233,0.775394,0.861662,98.988325,98.082172,97.460263,97.952909,97.595461,96.984433,97.238013,96.945194,96.234252,96.652375,96.373406,96.165994,96.094436,95.52331,97.936751,104.867305,0,100.0,100.66722,100.024609,99.725886,98.172423,96.896739,101.661429,102.395107,104.051578,102.005138,99.814747,100.0,101.08027,99.474296,100.420184,97.05484,94.683251,103.111177,104.471862,104.19399,100.90308,96.009358
ABNB,2024-07-02,2,98.578892,100.601496,18.627207,0,100.0,102.591059,77.805934,1,100.667599,102.075484,55.399703,0,100.224742,99.748834,98.816846,97.871646,96.668654,100.799793,100.363542,97.825373,92.246681,1.025752,0.955372,1.359882,1.515183,1.564722,0.836196,1.097242,0.829034,0.714991,0.775967,0.78774,0.65457,0.895112,0.786065,0.981328,97.517173,96.718288,95.946939,96.415709,96.065832,95.490155,95.715956,95.453548,94.668916,95.19114,94.914477,94.534148,94.637814,93.884283,95.78107,103.122654,0,100.0,100.037553,100.199135,100.271137,98.211205,96.793395,101.99251,103.214843,102.378703,99.42657,101.17011,100.0,99.701439,99.793941,100.815221,96.620672,94.2212,103.293316,104.728899,100.290399,96.40651,98.078287
ABNB,2024-07-15,2,100.99482,102.24525,2.762603,0,100.0,102.569949,36.021395,1,102.162352,104.75993,74.202058,1,100.863558,104.981006,104.753026,103.329884,100.932647,102.24525,103.75129,96.918821,78.493957,0.421259,2.007983,1.84795,1.586848,1.729351,1.129047,0.799452,0.861808,1.140055,0.93839,0.865244,0.887773,0.904562,0.965195,1.216011,102.533622,103.022007,101.94335,103.676131,102.954762,101.678101,102.233393,101.39587,100.587217,100.558348,100.401441,99.639994,100.244534,99.778563,99.158402,109.133133,0,100.0,99.461954,99.253753,97.252415,97.326152,96.776174,99.528385,99.103436,97.306916,92.369742,95.184828,100.0,99.541137,100.664924,96.938318,97.024804,96.416517,97.510956,97.627819,93.868171,88.133834,91.319671
ABNB,2024-07-25,1,103.924985,106.926878,60.532616,0,100.0,103.172703,27.949592,0,101.05393,103.147261,62.49947,0,108.118911,106.759706,106.120074,111.01177,109.027473,101.969757,98.19014,83.326063,83.91481,3.021394,2.516935,2.047861,2.372252,2.291879,0.797523,0.89433,1.027195,0.768254,1.04754,1.41993,0.910262,1.350752,2.873318,1.200781,105.948727,106.041563,107.286297,105.711634,106.754982,107.247734,107.79833,108.311791,107.177749,108.825253,107.740486,106.481828,106.65572,106.043708,105.355283,114.895809,0,100.0,103.05679,102.849955,103.591015,102.709538,101.612883,101.346513,101.033769,98.671104,102.824549,103.333178,100.0,105.515676,105.252612,107.956796,107.824712,105.498108,101.804212,100.900984,98.355435,104.104536,104.113561
ABNB,2024-08-09,4,99.840142,103.401423,16.458745,1,100.0,103.250447,16.803412,1,100.595025,102.57549,83.407974,0,100.364124,113.880992,124.422742,131.429847,130.35524,103.81883,103.294848,103.774423,103.339256,0.954558,6.392704,8.37748,9.086959,8.821676,3.695398,1.622973,1.018444,0.758473,0.934432,1.10736,0.941146,0.998855,1.083467,0.909697,109.85575,115.665622,122.018159,118.554045,122.128081,125.818124,125.702117,127.271461,129.323078,128.840805,129.508167,130.50443,130.175528,131.374694,130.304135,136.409279,0,100.0,98.08823,100.862509,102.985569,103.851468,105.933216,102.520173,104.780566,106.29655,106.556698,103.211,100.0,97.562436,100.693851,103.876212,106.600712,111.017447,103.782127,106.523723,107.68323,106.884769,101.894748
ABNB,2024-08-15,1,99.836726,102.036603,57.812686,0,100.0,102.374324,24.7918,1,99.871099,102.088167,61.628017,0,100.455443,98.51336,116.086614,120.331697,126.218099,102.380336,99.209413,100.197642,101.18587,1.17087,1.61215,6.39554,8.775102,10.113979,1.042508,2.655898,1.248542,1.007249,0.826657,1.228462,0.988802,1.10992,0.849573,0.923184,96.441794,103.626348,112.607254,102.90377,109.832606,116.798875,116.761443,119.886442,122.817129,123.011442,123.765144,125.673371,124.518845,125.747816,126.328234,130.723927,0,100.0,98.787527,96.694864,99.010209,98.147478,100.790019,101.947238,101.263563,101.651117,98.314711,102.270263,100.0,98.786328,95.706228,98.183212,97.872346,102.417629,102.736759,101.309258,100.444439,95.745159,101.427501
ABNB,2024-08-21,1,100.407032,102.210799,74.109661,0,100.0,101.34533,22.92998,0,98.800348,101.452442,72.051954,0,102.090833,99.605828,96.838051,119.58869,123.590402,100.128536,100.711227,99.537281,110.325624,0.797481,1.046831,1.728641,6.711211,8.845452,1.078694,1.014221,2.786897,1.012244,1.038772,1.158772,1.138539,0.851691,0.912767,1.56863,99.841943,99.78671,108.55158,97.974168,102.701393,112.406101,107.428619,113.110128,119.322314,118.791638,122.110809,124.819,125.429979,125.534499,127.378484,130.710231,0,100.0,100.298309,97.561331,92.988198,98.76117,97.059145,100.769731,100.010916,98.423347,100.074933,102.183113,100.0,100.385206,96.607724,90.740416,98.333163,96.657041,100.153517,98.273996,96.138721,98.641129,100.757667
ABNB,2024-08-27,3,100.156291,101.927586,55.882298,0,100.0,101.953634,63.999769,1,100.51229,102.222806,77.664865,1,101.458713,101.918902,101.50213,113.284712,120.682476,101.241643,100.034732,100.685943,113.493105,0.540081,0.763416,1.008693,3.355453,6.935158,1.124879,1.024488,1.004461,2.873637,0.874959,0.782926,0.760417,0.856227,0.837568,0.748822,100.479699,100.089944,104.896352,100.728114,99.468907,108.082064,98.2097,105.525957,114.671494,112.842214,116.695221,121.946207,120.548229,123.817032,126.457086,130.862946,0,100.0,100.735318,100.065078,97.156514,93.681032,97.192445,99.972825,98.687576,99.296501,100.443012,102.30232,100.0,101.813879,101.808464,98.125408,93.331746,97.040404,99.772426,97.686423,99.317337,99.87073,103.113551
ABNB,2024-09-11,1,100.275431,104.314522,41.575019,0,100.0,103.216344,24.033257,1,102.221235,104.291421,44.206066,1,103.38516,102.36339,103.722785,104.291421,103.864947,104.620166,108.769431,116.135054,120.382054,0.546462,0.681903,0.883731,0.879417,1.049901,0.880208,0.842969,0.900631,1.008625,0.988907,0.812627,0.729722,1.497404,0.737227,0.698199,99.515352,100.110383,100.436789,100.315626,100.384615,100.261297,100.453604,100.92963,103.582701,101.405656,100.137979,108.809072,98.870302,106.235771,115.442826,129.98241,0,100.0,101.185321,102.091931,104.047373,103.516951,100.508053,104.051446,103.907922,105.831369,105.596122,107.121933,100.0,100.697184,102.103546,105.665677,106.411975,102.562381,105.304511,104.386621,107.776074,106.858615,109.374696
ABNB,2024-09-12,5,97.827032,100.973486,24.033257,1,100.0,102.025201,44.206066,1,101.825292,103.615816,0.0,0,100.060843,100.964798,102.155581,102.28596,101.034328,102.172968,111.907863,112.342457,115.436761,0.97429,0.91682,0.933898,0.87812,1.059424,0.916982,0.88363,0.824503,1.027399,0.981845,0.686053,0.971735,1.518556,0.743327,0.674827,98.352079,98.865882,99.302572,98.88548,99.057599,99.199471,99.229718,99.835547,101.408485,100.441375,99.341342,106.379941,98.241309,102.981424,112.712593,128.420416,0,100.0,99.277753,99.42029,101.02394,101.541868,98.549543,101.762982,103.21814,103.791349,102.970643,104.417845,100.0,98.238307,98.766248,100.959881,103.433223,99.248069,101.336998,103.511433,104.949904,103.268877,105.608442
ABNB,2024-09-16,1,100.852271,102.625685,0.0,0,100.0,101.842286,20.560511,0,102.862428,107.386358,42.816388,1,101.033055,100.172174,100.990008,100.594004,100.129127,105.389114,111.079541,109.168383,116.038214,0.1659,0.892169,1.025868,0.90883,1.004381,0.803776,0.873818,0.80526,1.040734,0.959459,0.721097,1.33035,1.355182,0.748517,0.682402,98.524881,98.625264,99.14972,98.169288,98.756271,99.078261,99.343254,99.565287,99.993616,99.787321,99.400252,104.17354,99.013183,100.421945,109.991915,128.00306,0,100.0,99.843519,97.618355,100.782762,100.53671,99.102872,100.24498,102.034783,102.81826,101.631005,104.555606,100.0,100.668029,96.717143,101.453604,102.211493,101.110904,100.260755,102.892165,103.972751,102.625458,105.933764
ABNB,2024-09-19,4,95.731323,98.603265,2.732196,1,100.0,103.068113,20.97184,1,101.247643,103.538916,46.232592,1,95.825487,92.090394,91.148777,92.223789,92.341493,101.247643,101.420274,98.31293,106.732581,3.00911,3.678588,3.599484,3.131594,2.787173,0.96451,0.776975,0.87706,0.818373,1.01976,1.703121,1.50186,0.737801,0.650311,0.72184,91.765438,90.70835,90.64466,89.954175,90.045826,90.52466,90.137476,90.294368,90.423689,90.451261,91.003494,92.437281,91.555727,90.553009,96.968932,116.342525,0,100.0,99.088357,98.405673,96.781635,98.342723,98.846905,100.56538,101.036684,100.23776,101.646552,102.726677,100.0,98.521902,98.474599,95.976415,98.108085,100.511563,100.650275,101.985403,100.351859,102.625339,102.365047
ABNB,2024-09-20,4,98.767731,101.798037,20.97184,1,100.0,102.263038,46.232592,1,99.899244,102.022786,90.145849,0,94.87716,91.257848,88.56855,90.366581,89.475314,101.898781,99.39549,100.635517,105.750599,3.548353,4.556822,4.68801,4.186898,3.749121,0.979565,0.866966,0.841485,0.797838,1.042331,2.733103,0.743531,0.717065,0.617475,0.666194,91.050471,89.577685,89.157651,88.816898,88.465473,88.8047,88.114047,88.532555,88.734949,88.951063,89.143928,90.020206,89.336793,88.937342,94.235788,113.939632,0,100.0,99.009066,99.145823,95.311115,98.545591,98.169878,101.029871,101.12221,101.349541,102.47669,103.351485,100.0,98.531838,99.398247,93.82959,98.434852,99.282369,101.58974,101.914602,102.049073,103.255993,103.521205
ABNB,2024-10-07,4,98.835127,100.900822,53.759777,1,100.0,101.972504,45.078427,1,101.07167,104.395425,54.9067,1,97.297505,98.477901,100.201906,91.28679,90.36266,105.218608,104.674993,106.538788,106.290278,2.140011,1.719928,1.690538,3.03438,4.609411,0.664858,0.755605,1.368013,0.901676,0.882092,0.64181,0.758462,0.688863,0.674246,0.960822,97.059053,98.567921,94.882903,99.285882,98.287648,93.708442,97.289413,93.468482,91.304618,89.64755,89.129237,89.500118,88.610923,89.140754,89.431393,113.384632,0,100.0,100.230177,101.329908,100.557773,99.054657,96.205276,101.849705,103.042106,102.938883,102.403262,100.454379,100.0,100.15332,101.506096,100.451146,98.279726,94.42262,102.559426,103.420586,103.028034,102.975409,101.014826
ABNB,2024-10-08,4,98.939693,100.891282,45.078427,1,100.0,103.288512,54.9067,1,102.066848,104.310412,71.575784,1,99.769506,96.404155,101.021899,93.830202,88.451793,102.043799,102.397242,104.179795,105.893211,1.095012,2.347364,1.939748,2.431389,4.51582,0.598358,0.686479,1.197331,1.113062,0.8613,0.746936,0.716292,0.725005,0.624886,1.277427,95.637737,96.778868,93.844906,96.677737,96.856603,92.498868,97.035469,93.101886,90.335471,89.168303,88.141133,88.079245,87.113963,87.569057,87.955849,111.358944,0,100.0,100.63889,99.898329,100.321462,98.600418,96.166983,101.146016,101.76216,102.391088,102.071198,101.193438,100.0,100.774301,99.45788,100.320706,97.743183,94.708842,101.814186,101.402087,102.562139,103.367877,101.742264
ABNB,2024-10-09,4,97.975006,101.196926,54.9067,1,100.0,102.198132,71.575784,1,99.759115,102.657331,71.169143,0,98.03523,94.986453,98.396575,92.155978,87.292986,101.174343,101.738932,99.307439,106.074983,1.987498,2.945123,2.437712,2.479641,4.39879,0.612642,0.711645,0.752054,1.52752,0.841183,0.84871,0.613195,0.714724,0.636035,1.989423,94.032029,94.731711,92.285774,93.875559,94.996674,90.862422,96.11779,92.135947,88.857477,88.154104,86.728169,86.321496,85.302234,85.579006,85.980142,108.780423,0,100.0,99.145694,99.382422,99.603826,97.793563,96.677294,101.218617,101.696255,100.912093,101.194946,103.203122,100.0,98.767354,98.77658,99.624648,96.49155,95.956882,101.117882,100.629451,100.09528,101.695143,103.658599
ABNB,2024-10-11,3,100.16629,103.076336,71.169143,0,100.0,102.30914,68.739636,1,100.846557,102.025694,52.563676,1,102.411188,98.14815,96.938773,99.153431,89.002266,100.733183,103.136806,101.723355,101.74603,1.004039,1.680532,2.816841,2.349369,3.82839,0.749832,0.641507,0.744974,1.452063,0.900709,0.617837,0.721322,0.692123,0.67397,2.263488,97.226196,95.931553,94.407371,94.285719,95.410719,92.518234,96.535719,94.549111,90.447549,92.562504,89.625748,88.018605,86.688992,86.345986,86.677087,109.404023,0,100.0,100.293505,99.584075,99.360704,98.743915,97.418745,100.695572,101.551146,100.571944,99.198453,103.81726,100.0,100.628927,99.467981,99.336911,98.25893,96.884201,100.087629,100.902878,101.041793,99.458653,104.840588
ABNB,2024-10-18,1,99.963005,101.10239,20.779787,1,100.0,101.279961,20.809335,0,99.977805,102.093816,53.496449,1,99.992594,99.437696,96.071325,94.887538,97.055334,100.318136,99.570878,100.961825,98.031959,0.487437,0.848466,1.658789,3.038966,2.69,0.72759,0.703541,0.647081,0.751447,1.46468,0.548918,0.669839,0.679826,0.882277,1.110127,98.266031,97.015758,95.672043,97.534629,95.201907,94.165264,92.869186,93.977284,91.128254,95.085382,93.12862,89.088679,91.171859,88.279225,86.696227,106.182194,0,100.0,99.937742,99.468363,98.374303,98.153645,97.544349,100.087072,99.350171,97.993365,102.556062,100.419257,100.0,99.509213,99.992206,98.823436,98.693215,97.622219,100.576663,100.38705,98.814168,104.161229,100.594765
ABNB,2024-10-21,2,100.0222,101.302445,20.809335,0,100.0,102.116481,53.496449,1,100.149483,100.902835,51.0807,0,100.658625,99.748382,96.373856,93.842961,95.485824,97.624505,100.481014,101.287642,97.824316,0.433387,1.024144,1.512492,3.137725,2.864044,0.848903,0.707129,0.699481,0.77564,1.404288,0.671021,0.657849,0.66501,0.9863,1.147178,98.203947,97.274581,95.420947,97.673297,95.270061,94.28566,92.866826,93.557838,91.14221,94.24885,93.301259,88.954368,92.353667,88.726582,86.672496,105.149791,0,100.0,100.286365,100.601911,97.787901,98.930261,98.176411,99.53011,99.978196,98.075465,103.031183,101.181675,100.0,99.987078,101.218349,98.057305,99.344626,98.31214,99.375684,100.782651,98.863817,104.524138,101.714256
ABNB,2024-10-25,5,98.866115,100.435535,38.277725,0,100.0,101.584441,56.871877,1,101.674548,103.101303,27.368514,0,99.06135,102.463016,100.923628,97.506952,96.305476,103.461741,102.470533,101.081326,103.131335,1.022645,1.542029,1.189179,1.600274,2.886835,0.6787,0.707372,0.712848,0.655641,0.761387,0.593629,0.708884,0.893948,2.313359,1.258774,100.634565,100.133004,97.968121,100.413135,99.651506,97.467304,98.889877,96.524742,95.473695,94.159607,95.283102,92.394486,96.406597,94.422647,90.32657,105.433347,0,100.0,99.955861,101.115348,100.25948,99.156719,98.934306,100.567932,98.772751,103.371737,101.217938,102.920008,100.0,98.743795,100.008803,99.75259,98.586621,98.456712,101.123893,98.577375,103.911622,100.353705,102.233908
ABNB,2024-10-29,2,100.11534,101.520215,27.368514,0,100.0,102.296592,78.879418,1,100.788201,102.525805,1.27654,1,99.509034,100.255829,98.540417,97.971072,92.773061,99.664303,101.904709,98.488653,103.2726,1.188254,1.591286,1.367815,1.289037,2.79351,0.673126,0.64356,0.74667,0.741721,0.706992,0.668571,0.913125,1.3156,1.970762,1.060672,97.551169,97.816084,96.0495,98.766149,98.066483,95.648861,97.366817,95.42822,94.286544,93.489622,93.23124,91.38264,92.972857,93.144869,88.954131,102.152418,0,100.0,100.102551,100.845033,100.225603,99.120328,98.389914,98.333042,99.665467,103.133661,101.978743,103.782377,100.0,100.283029,100.472446,99.33603,99.079553,97.431436,98.008532,99.669276,103.824711,101.921743,103.096001
ABNB,2024-11-01,3,100.340048,103.180005,76.578982,0,100.0,102.29813,81.30049,1,101.229404,102.798857,30.476073,1,102.014131,100.579208,101.976761,100.444678,97.044216,103.000646,100.601628,99.024706,102.754017,0.718038,0.879826,1.334137,1.184288,1.614577,0.706522,0.686524,0.705015,0.710472,0.653456,0.859529,0.970575,2.30565,1.121065,0.811601,99.28037,99.264248,98.136445,98.494792,98.762269,96.978597,99.029746,98.278611,96.1245,97.527475,95.194924,94.158357,92.862374,93.97039,91.12157,101.792608,0,100.0,101.580399,101.483429,102.471506,101.604159,100.486607,101.040316,104.758157,102.575471,104.30037,105.65992,100.0,102.188909,102.010072,101.869826,101.608845,100.421179,101.385749,105.845271,102.221146,104.136337,106.082953
ABNB,2024-11-05,4,98.818115,100.350183,30.476073,1,100.0,102.772297,7.105398,1,101.707154,104.289771,30.225822,0,99.554971,100.517977,98.920252,97.227692,96.665932,107.514399,97.176618,95.892606,101.459108,0.509041,0.814272,1.403539,1.281505,1.294003,0.9108,0.777608,0.641921,0.744769,0.739833,1.158517,2.808812,1.965744,1.118159,1.052065,98.869534,98.196192,97.752497,97.636041,98.18676,96.793638,98.737478,98.038015,95.621095,97.338552,95.400517,94.259173,93.462483,93.204175,91.356112,99.87592,0,100.0,100.117085,101.936698,102.256166,101.628068,100.507327,104.386501,104.576819,103.405741,105.234613,106.368119,100.0,99.95116,102.533166,101.733934,100.58325,100.323554,105.281866,105.128289,103.201429,104.39043,107.231626
ABNB,2024-11-14,5,98.633871,101.487053,28.165416,0,100.0,102.636132,16.808966,1,98.618103,101.036429,52.794916,0,100.037554,110.679686,101.231693,99.699592,102.155472,99.279015,100.082614,102.223062,98.34773,0.702863,4.022155,3.035874,2.643547,2.415118,2.366571,2.08081,0.744134,0.624211,0.709362,1.039598,1.050166,1.262179,0.732832,0.909596,103.075209,102.254014,101.409781,103.958089,102.471762,101.307596,100.985435,100.574466,99.87515,100.163497,100.143431,98.112739,100.123365,99.175834,97.28597,98.951696,0,100.0,100.701927,100.518661,96.0145,97.771564,98.30352,99.181128,100.108211,101.516255,102.490462,101.831116,100.0,100.991034,101.138567,95.333595,96.974934,96.771477,98.443109,99.409317,100.31801,103.634153,104.391438
ABNB,2024-12-02,3,100.10538,102.829977,65.45832,0,100.0,101.407623,77.487338,1,99.768594,101.975085,16.366314,1,101.90876,101.216003,97.649051,99.204067,100.567473,102.490976,101.16442,97.427957,96.845752,0.799956,1.259345,2.355528,2.104489,2.738419,0.975353,1.146147,1.024172,2.106375,0.813964,0.764295,1.041262,0.97396,0.891281,0.577511,100.295287,98.583165,99.193027,97.385987,97.454355,98.872277,97.522723,99.49814,98.965011,101.473558,100.290199,99.156298,99.10684,98.431882,97.987122,91.783107,0,100.0,99.393739,98.906601,97.270904,99.340715,94.921069,100.847678,100.290291,100.642053,98.984973,97.453326,100.0,98.916307,99.067654,97.245682,100.693408,95.524366,102.482384,102.236629,105.363882,102.533932,100.192688
ABNB,2024-12-10,5,99.978042,101.720104,11.344694,1,100.0,102.393503,33.944928,1,100.431863,102.598451,5.405545,1,100.219589,100.614853,103.154734,96.757435,100.570926,100.622168,96.794035,98.806917,94.883626,0.521744,0.717382,1.058433,1.905704,1.97365,1.008455,0.885539,1.018469,1.044401,2.086784,1.0063,0.957527,0.906984,1.120253,0.814261,99.386842,99.753433,98.21981,99.639912,98.859723,98.718363,98.079533,97.138825,98.479389,96.198117,98.577004,98.204625,100.955891,99.819954,98.669918,89.617207,0,100.0,101.001343,100.331511,99.294846,97.740091,99.526691,100.354233,100.343617,100.168326,97.324324,96.635924,100.0,101.449709,99.606118,97.614731,96.368084,99.030277,101.416958,103.227147,102.272673,98.415774,97.815026
ABNB,2024-12-11,4,99.569994,101.953205,33.944928,1,100.0,102.157271,5.405545,1,97.952035,101.37745,13.404324,0,100.043727,101.355587,101.792866,95.794764,97.077466,95.437643,92.952405,98.62255,93.907149,0.577427,0.807463,0.826968,1.717548,2.011724,0.98785,0.950971,0.956311,1.010715,1.776854,0.859739,0.957031,1.331325,0.570122,0.78804,98.968603,99.360419,97.933595,99.165952,99.024779,98.379432,98.883607,97.227025,98.164435,95.570443,97.734084,97.673223,99.897725,99.101846,98.283638,88.912707,0,100.0,99.879544,100.434648,99.364372,97.637518,98.743271,99.850498,96.897936,99.627731,98.058139,96.304882,100.0,99.567796,99.807135,97.162657,96.055981,97.849429,101.144054,98.492747,101.088609,99.035332,96.520973
ABNB,2024-12-20,5,99.664958,102.134958,6.940106,1,100.0,105.828277,74.598845,1,103.015436,105.64127,8.605154,0,99.376659,102.033661,106.685369,106.054234,103.833566,105.181556,102.703757,102.29858,103.817991,2.64582,1.803321,2.907547,2.649649,2.63576,0.801771,0.874403,0.953465,0.704479,1.213345,3.236361,0.590751,0.505963,0.820067,1.09472,98.41293,100.443331,101.442138,101.755453,102.085534,101.596747,102.415616,102.793379,101.213019,103.171143,101.107959,101.666412,99.044776,99.632659,101.185823,90.793826,0,100.0,100.683441,103.751351,104.42313,103.430552,101.995956,103.561892,101.279772,101.315604,102.016535,104.910758,100.0,101.413424,104.143353,103.387868,100.079605,99.173072,104.226554,101.354944,101.239944,101.549839,104.720389
ABNB,2024-12-24,1,99.533242,102.070315,8.605154,0,100.0,101.68637,29.464377,1,101.06151,102.589778,53.202093,1,101.038926,99.555826,104.118046,103.485662,106.098013,100.417822,98.983659,97.590908,97.086505,0.29183,2.320833,2.729909,2.603373,2.602337,1.664243,0.879259,0.860523,0.858469,0.987336,0.342433,0.488395,0.619009,0.78937,1.033122,97.12423,99.14586,100.672639,99.518478,100.717087,101.000441,101.915696,101.999405,100.760052,102.083115,101.283794,101.138969,100.484474,99.5207,100.894135,90.356171,0,100.0,99.15422,101.156409,100.893935,101.144205,100.099143,99.822784,98.11266,97.418683,100.254457,100.515592,100.0,98.748455,102.050698,99.115027,98.470936,96.502245,99.601321,97.294159,96.700257,99.453543,97.997625
ABNB,2024-12-24,2,99.533242,102.070315,8.605154,0,100.0,101.68637,29.464377,1,101.06151,102.589778,53.202093,1,101.038926,99.555826,104.118046,103.485662,106.098013,100.417822,98.983659,97.590908,97.086505,0.29183,2.320833,2.729909,2.603373,2.602337,1.664243,0.879259,0.860523,0.858469,0.987336,0.342433,0.488395,0.619009,0.78937,1.033122,97.12423,99.14586,100.672639,99.518478,100.717087,101.000441,101.915696,101.999405,100.760052,102.083115,101.283794,101.138969,100.484474,99.5207,100.894135,90.356171,0,100.0,99.15422,101.156409,100.893935,101.144205,100.099143,99.822784,98.11266,97.418683,100.254457,100.515592,100.0,98.748455,102.050698,99.115027,98.470936,96.502245,99.601321,97.294159,96.700257,99.453543,97.997625
ABNB,2025-01-03,5,98.840383,101.735632,10.209429,0,100.0,103.350006,84.389424,1,102.000909,104.668792,51.136388,0,99.598303,102.561774,96.66515,105.229645,105.403975,99.507345,97.658029,100.856454,99.090498,1.853476,1.460638,1.979788,2.19945,2.391184,0.56826,0.623973,1.457076,1.013753,1.040796,0.828569,0.893579,0.862475,0.96707,0.697607,98.285311,97.61808,99.092731,98.502689,97.913932,99.655513,97.325174,99.333133,100.3209,101.341091,101.397094,100.433272,101.453096,101.308668,100.648436,91.373217,0,100.0,99.880613,102.529093,99.7198,103.320446,103.359509,100.345913,99.109476,102.726937,103.040421,102.534018,100.0,99.697661,103.285365,100.633092,103.26482,101.976043,100.460946,98.618469,102.327869,101.836926,102.329815
ABNB,2025-01-23,2,100.428763,102.447358,18.796967,0,100.0,101.415295,45.040704,1,96.163921,100.717137,92.000071,0,100.982746,100.565366,99.631948,100.026563,101.847857,97.863793,100.011383,100.603311,110.848047,0.29157,0.800826,1.654074,1.68752,1.684172,0.934752,0.832864,0.912137,0.562768,1.435901,0.923165,1.373014,0.827801,0.93464,1.397395,99.139895,98.787148,99.385505,97.478233,98.655806,99.07141,99.833379,100.203764,100.325912,100.574149,99.487014,101.157871,98.399878,100.448061,101.994893,96.650401,0,100.0,99.581382,97.94623,97.273265,97.238863,97.632467,98.972946,99.942384,100.146508,100.665055,98.98694,100.0,99.284002,97.770976,97.472613,97.583334,98.007145,97.261952,99.015194,100.239532,101.421008,99.502998
ABNB,2025-01-29,4,96.92108,100.404919,52.193117,1,100.0,102.414244,36.708934,1,99.969445,102.659487,50.269987,0,98.525485,101.230041,97.486438,103.292839,101.906177,100.213919,99.014445,107.357327,106.539841,1.388626,1.844842,1.917365,1.843472,1.772211,1.201502,1.149984,0.845965,0.818936,0.511322,0.830619,0.628332,0.82755,2.259782,1.211405,98.787148,98.89199,99.454857,100.372605,99.075275,99.999057,97.777945,99.093377,99.505393,100.408808,100.922839,101.037675,101.43687,99.917409,101.823617,98.245888,0,100.0,99.988688,101.220866,97.171945,99.375015,99.299511,100.458507,100.806924,100.64877,101.738912,97.482269,100.0,99.414066,102.828933,97.673653,101.447874,101.040941,101.064616,101.912117,102.199621,103.840897,96.702154
ABNB,2025-02-05,1,100.765024,102.646369,48.132859,1,100.0,101.748626,29.910763,0,101.600303,103.973455,79.276213,1,101.31147,103.497264,103.434812,99.609674,105.542537,105.370796,109.695548,121.24121,105.206868,0.471288,0.880472,1.385264,1.638565,1.647903,0.635108,0.918921,1.162386,0.855088,0.827768,0.694505,1.110771,2.284152,1.480598,1.282914,101.291661,101.17515,101.470289,100.759257,101.719904,101.545907,102.680552,101.353392,102.298415,100.026231,101.371909,101.793399,102.717588,103.243438,103.360914,101.863884,108.665774,100.0,99.792074,100.536868,101.320281,97.267384,99.472618,100.315132,100.747623,101.838836,97.578013,95.529593,100.0,99.481235,100.013174,102.075608,96.958095,100.704666,100.386152,101.450905,103.080158,95.993714,93.666063
ABNB,2025-02-12,2,100.978992,102.605623,18.055497,0,100.0,106.333311,88.584943,1,104.495822,106.890586,44.024855,1,101.845028,97.59772,99.841862,99.781615,96.091577,121.560363,116.959112,105.015441,89.90135,2.395507,2.673561,2.376705,2.365585,2.252779,1.106537,0.833286,0.915418,1.157954,0.851828,1.417331,3.269347,1.474954,1.219801,1.452866,94.382294,93.901222,93.602689,92.95189,92.940505,93.208794,92.929119,93.815114,93.654638,94.701109,93.477083,94.348668,92.253058,93.494162,93.882897,95.261312,100.715802,100.0,101.056804,100.974179,100.604865,101.388808,97.333169,101.859568,101.907713,97.644008,95.594203,91.979344,100.0,101.410172,100.950727,99.800838,101.858894,96.752246,103.078653,102.861311,95.789912,93.467203,89.611777
ABNB,2025-02-12,5,100.978992,102.605623,18.055497,0,100.0,106.333311,88.584943,1,104.495822,106.890586,44.024855,1,101.845028,97.59772,99.841862,99.781615,96.091577,121.560363,116.959112,105.015441,89.90135,2.395507,2.673561,2.376705,2.365585,2.252779,1.106537,0.833286,0.915418,1.157954,0.851828,1.417331,3.269347,1.474954,1.219801,1.452866,94.382294,93.901222,93.602689,92.95189,92.940505,93.208794,92.929119,93.815114,93.654638,94.701109,93.477083,94.348668,92.253058,93.494162,93.882897,95.261312,100.715802,100.0,101.056804,100.974179,100.604865,101.388808,97.333169,101.859568,101.907713,97.644008,95.594203,91.979344,100.0,101.410172,100.950727,99.800838,101.858894,96.752246,103.078653,102.861311,95.789912,93.467203,89.611777
ABNB,2025-02-14,4,88.42159,90.447976,44.024855,1,100.0,104.460588,46.214294,1,100.726448,103.59779,9.764481,0,89.543115,86.012873,83.585041,80.985154,84.215899,100.66909,92.283193,89.836234,80.889574,8.072156,7.274139,6.695613,6.03168,5.268278,1.129886,0.972275,0.659639,1.210735,0.897146,4.908513,1.522882,1.180512,1.180571,1.161993,83.9834,82.450132,82.059227,81.485568,81.354233,81.309629,81.222898,81.561766,81.520569,81.900633,81.265025,81.872601,80.629417,81.479372,81.77472,83.096643,87.828461,100.0,99.088845,98.663475,98.901531,99.895542,97.212003,100.598102,97.963689,95.777408,91.927133,92.918682,100.0,98.677487,97.641841,97.581598,98.926233,95.824239,100.750783,97.009273,92.799889,88.280966,90.013292
ABNB,2025-03-05,1,99.001509,102.887716,26.340224,1,100.0,102.571645,19.832664,1,96.695635,100.800941,97.200284,0,101.271452,103.462389,113.483218,96.630988,93.915666,96.5376,90.905824,90.510735,88.212052,0.583483,1.362023,4.321349,5.722681,6.501617,1.209056,1.013395,2.054848,1.405771,0.63473,0.811305,1.32611,1.410143,1.066054,1.43808,98.875015,103.076167,99.595665,102.648338,104.736989,98.762449,106.82564,100.187263,95.994178,93.548886,92.787909,92.449151,92.026931,91.801094,92.058493,95.192312,99.686999,100.0,101.869794,103.721646,106.997132,105.679729,105.146495,100.484995,97.508855,98.832184,99.474955,98.756957,100.0,101.204058,104.708764,109.875002,107.486406,106.859134,100.093144,97.093776,97.790618,98.684112,97.023219
ABNB,2025-03-07,1,103.252286,107.635961,97.200284,0,100.0,103.344328,7.339617,0,99.869603,104.272461,42.160472,0,109.365657,106.519905,112.042658,108.184397,101.687514,96.218461,94.239476,98.795741,81.813306,3.368175,2.528,2.671485,5.988486,6.124939,1.064679,1.041655,1.248119,2.191534,0.834797,1.167185,1.499383,1.085025,1.013572,1.705388,104.665524,106.784732,106.538806,105.472134,110.878787,105.300247,116.285439,109.210508,103.170252,102.135576,99.721707,98.880871,97.307838,97.129997,97.508001,100.922986,105.759823,100.0,103.112086,105.086396,106.12111,107.92017,107.36425,98.33718,99.517319,100.022414,98.493722,89.548541,100.0,104.517703,105.814514,109.511514,111.622447,110.322133,98.176759,99.837005,100.086945,97.692585,88.148484
ABNB,2025-03-07,6,103.252286,107.635961,97.200284,0,100.0,103.344328,7.339617,0,99.869603,104.272461,42.160472,0,109.365657,106.519905,112.042658,108.184397,101.687514,96.218461,94.239476,98.795741,81.813306,3.368175,2.528,2.671485,5.988486,6.124939,1.064679,1.041655,1.248119,2.191534,0.834797,1.167185,1.499383,1.085025,1.013572,1.705388,104.665524,106.784732,106.538806,105.472134,110.878787,105.300247,116.285439,109.210508,103.170252,102.135576,99.721707,98.880871,97.307838,97.129997,97.508001,100.922986,105.759823,100.0,103.112086,105.086396,106.12111,107.92017,107.36425,98.33718,99.517319,100.022414,98.493722,89.548541,100.0,104.517703,105.814514,109.511514,111.622447,110.322133,98.176759,99.837005,100.086945,97.692585,88.148484
ABNB,2025-03-17,5,98.238384,100.565654,34.027927,1,100.0,103.434343,71.529433,1,99.393939,101.874747,46.905622,0,96.468685,106.787874,113.923229,117.026269,130.440403,101.818182,104.905056,96.533333,91.49091,3.074897,3.412947,6.051005,6.109663,8.657675,1.450572,1.323586,1.03836,1.038308,2.217212,1.050169,0.766538,0.938695,1.000786,1.048677,100.505748,105.288322,111.422717,107.973843,109.515516,112.955331,111.057189,115.775955,111.866629,120.494722,116.395147,109.923585,112.295571,107.957302,105.836615,106.709861,112.077298,100.0,98.053671,99.705919,103.882,106.253283,108.586387,100.78439,102.423136,99.657794,89.897745,96.001685,100.0,97.976859,99.023969,104.092805,108.814432,112.700841,100.581932,102.843569,98.246798,88.830199,95.788241
ABNB,2025-03-31,1,103.682574,108.523514,86.607139,0,100.0,103.691214,15.22253,1,101.832644,104.901451,42.535326,1,108.618604,112.223381,109.73375,114.237546,121.870674,106.154912,91.891427,97.873445,108.480288,2.687498,3.682731,2.730827,2.974571,5.25327,0.823514,0.910711,0.991552,1.284128,1.007405,1.371716,1.099682,1.883964,1.017415,1.238422,107.615942,106.253141,109.067053,106.366987,105.181653,110.777249,103.996319,109.365479,116.19538,114.73464,116.372844,120.028044,118.011049,123.025282,118.871172,112.753643,119.861272,100.0,103.727275,105.080225,103.39587,102.292517,106.576936,103.320262,92.229897,98.492187,96.338493,101.313603,100.0,105.31629,107.347387,105.388746,103.360515,108.651331,104.162837,92.720331,99.983086,97.219089,103.966924
ABNB,2025-04-22,5,97.983041,101.204818,8.033265,1,100.0,103.34672,61.866862,1,104.16778,109.165548,25.357117,0,100.580093,101.044175,94.868362,106.613115,115.858995,108.621147,111.99464,108.585448,117.920572,1.486982,1.119676,3.749484,4.55897,6.314131,0.933613,1.004469,1.859992,0.958596,0.899123,0.922044,0.749951,1.222664,1.16653,1.082722,98.814721,97.608561,102.798275,98.978329,99.172394,104.396482,99.36646,104.014444,106.680444,108.662429,109.620571,111.658252,110.578712,109.346443,115.163603,116.117568,125.339457,100.0,101.440765,103.807851,97.207582,107.761248,110.751448,105.321,106.781539,107.666389,113.036154,114.071361,100.0,101.471939,104.46156,96.873489,107.142732,112.155726,106.786772,108.623844,109.993249,117.809238,118.752203
ABNB,2025-04-28,4,98.951766,100.802552,47.787808,1,100.0,102.555076,25.32052,1,100.859883,103.177461,78.092,1,99.672425,91.401196,93.800672,87.347476,98.837116,99.844401,102.276635,109.909103,105.970021,0.64895,3.942596,3.709336,4.923414,4.801903,0.878227,0.968672,1.311792,1.578104,0.900351,1.078571,1.505797,1.390239,1.161598,1.057645,93.951336,93.119219,93.750201,91.615569,91.368206,95.106244,91.120843,92.930251,97.849148,94.739658,98.844282,100.469585,102.948905,102.768045,104.933088,108.156771,117.027998,100.0,100.294952,94.32327,98.074836,92.785043,102.053523,101.836287,103.323308,106.867334,109.050878,108.281765,100.0,100.271048,92.933266,97.53471,90.790527,100.62069,102.132078,104.203419,108.901203,111.922215,111.754906
ABNB,2025-04-29,4,99.147448,101.68074,25.32052,1,100.0,102.297819,78.092,1,95.850925,99.261121,20.595202,1,99.47223,93.301397,91.929196,86.31049,96.995774,100.690158,98.790187,112.089963,104.473851,1.247375,3.150789,4.304888,5.03686,5.05187,0.750763,0.912124,1.005557,1.862006,0.959634,1.247768,1.801749,1.167793,1.14142,1.170669,93.875211,92.179458,91.989006,90.28608,90.4598,92.852421,90.633519,90.811223,95.594871,90.988927,95.245043,97.686273,99.501158,100.378519,102.244404,106.650653,115.040663,100.0,100.354356,96.041549,98.188605,91.945617,101.928,101.787964,101.838276,106.917369,107.896539,106.953695,100.0,100.66165,94.672733,97.364336,90.291806,99.863346,102.496167,102.520196,109.805158,110.684057,110.429203
ABNB,2025-04-30,1,104.328675,106.725959,78.092,1,100.0,103.557812,20.595202,1,103.261329,105.955103,65.723389,1,104.447268,100.194829,97.11139,89.52986,102.651416,106.107581,104.29479,116.433709,108.733585,1.456866,1.930092,4.248292,4.650135,5.129042,0.773563,0.848132,0.905852,1.812849,1.070159,1.432677,1.742771,0.965211,1.041723,1.196563,98.541669,95.597115,94.789618,93.526904,94.141242,95.095557,94.75558,92.933894,97.987208,91.112208,96.049872,99.736715,100.987535,103.040522,104.408221,110.153136,118.461062,100.0,101.757879,98.943901,99.326178,91.708995,103.677908,104.66443,103.644962,108.454252,107.57135,108.814808,100.0,102.184457,98.32358,99.044024,89.892794,102.232484,105.736535,104.502373,112.135666,110.879345,112.370982
ABNB,2025-05-07,3,100.963372,103.396725,50.34124,0,100.0,102.690805,55.092742,1,102.665891,105.996174,44.015008,1,103.720618,101.254044,98.23104,95.208036,87.775101,105.506185,114.151643,105.904819,114.01876,1.308685,1.216229,1.688076,4.13866,4.769088,1.686444,1.486871,0.82072,0.876575,1.754257,0.629978,1.052749,1.008054,1.068118,1.075056,100.969783,99.275502,95.388644,99.891161,96.253247,94.140674,92.615332,93.223682,94.168696,93.832032,92.028102,97.032163,90.224172,95.113709,98.764619,110.019248,117.569625,100.0,101.285972,99.828272,96.365059,96.737372,89.318721,101.456807,105.627535,104.767644,105.978693,106.46501,100.0,101.850894,99.826316,95.349109,96.047758,87.17337,102.327862,108.743354,107.525038,108.971551,109.907434
ABNB,2025-05-09,4,100.178283,103.427873,44.015008,1,100.0,103.184765,52.926251,1,107.082656,109.278772,38.745404,1,99.773097,101.507294,99.278769,91.329008,92.309564,111.871962,111.831441,102.690437,112.649913,1.673773,1.617609,1.453503,3.908747,4.463655,0.948309,1.486048,0.882693,0.929668,1.350534,1.134184,1.245052,0.915985,1.089176,0.998851,97.441751,97.125315,93.736224,97.603904,95.166876,91.727802,92.729849,91.054785,90.866656,89.379722,88.288728,92.982919,87.197734,90.678527,95.295971,106.737327,114.114196,100.0,99.771974,100.753347,97.892686,93.596029,93.336462,104.294711,105.567357,102.811228,105.169778,106.408936,100.0,99.416756,100.590857,97.23802,91.36112,91.788853,106.070545,107.222638,104.659258,107.541937,109.073718
ABNB,2025-05-12,4,93.385805,96.359923,52.926251,1,100.0,102.05086,38.745404,1,101.218405,104.83578,71.757506,1,95.648555,94.513395,93.310128,84.463449,86.680794,104.018463,103.375213,97.926437,104.858482,3.358347,3.482787,2.752051,4.157609,5.000685,0.764675,1.329674,0.966096,0.926472,1.254644,1.323928,1.011738,0.932615,1.011569,0.907204,92.590712,92.28522,88.917364,92.626476,91.072196,87.506516,89.517916,86.843003,86.109452,84.16809,83.940835,87.375006,83.71358,85.3759,89.894938,101.15304,108.089463,100.0,97.889069,97.654713,95.552601,89.148441,92.694187,101.840624,103.068053,102.341135,103.185059,104.367896,100.0,97.333228,96.869346,94.246519,86.392412,90.669997,103.424694,104.044876,103.889343,105.090461,106.445607
ABNB,2025-05-13,4,98.796261,100.822434,38.745404,1,100.0,103.573831,71.757506,1,102.504677,104.549538,32.907092,0,94.983178,90.968223,93.824297,85.914021,84.650468,102.272892,98.788789,96.201868,103.222428,4.198574,4.997742,4.030822,4.398847,5.707758,0.817954,1.119311,1.173173,0.874257,0.96381,1.262917,0.812669,1.038896,1.122068,0.758777,90.273088,90.046358,86.919593,89.496557,89.028611,85.629118,88.560665,85.316188,83.932632,82.071711,82.229626,84.404563,82.38754,82.549076,86.8975,98.466569,105.132359,100.0,96.833033,95.926278,95.137913,90.466068,92.488481,101.230281,101.632842,100.744733,102.152089,103.031986,100.0,96.028322,94.735433,93.555986,87.483859,89.971078,102.128365,102.27938,102.043878,103.976512,104.641294
ABNB,2025-05-16,5,99.309887,101.152626,11.554151,0,100.0,101.644512,20.089237,1,99.133685,100.851618,55.128657,1,100.910352,93.267744,91.96094,89.941998,82.739881,97.004624,93.032813,95.161874,100.73416,0.440886,3.155835,5.060242,4.943605,6.30462,1.225143,0.998061,1.462286,0.868578,0.914802,0.670188,1.101785,1.07176,1.081574,0.742252,96.107247,92.905073,89.389855,90.305797,90.078986,86.951087,89.852174,87.608696,84.442754,85.365218,83.823189,83.650001,82.281159,81.276812,85.59819,98.931813,105.279221,100.0,99.749807,95.811162,96.264153,93.530953,89.425739,100.56032,98.230342,100.483805,101.66775,102.128701,100.0,100.342604,94.422728,94.616455,91.462753,85.934901,100.569269,98.443221,101.154689,102.595492,103.25302
ABNB,2025-06-03,4,99.251651,100.635911,43.136551,1,100.0,103.520751,74.889592,1,102.086082,104.579293,38.258076,1,100.038777,100.34897,105.932539,104.079108,96.851495,106.46762,107.452502,103.427684,104.994186,1.605848,1.275375,2.241156,3.180705,3.821488,1.11418,0.967793,0.892256,1.062915,1.272132,1.022222,1.138627,0.867945,0.877774,0.578302,96.636572,98.122653,97.777281,96.827694,100.098575,97.227619,103.369455,99.271638,95.620772,95.17382,94.356664,91.027845,93.539508,91.969907,88.369079,101.583,109.365186,100.0,99.708044,99.874178,100.583574,98.569572,95.300723,100.173719,101.852084,100.906059,102.7519,105.033225,100.0,99.378242,99.722836,99.872132,97.176376,92.984379,100.339565,102.176581,101.138887,103.554123,105.436123
ABNB,2025-06-04,4,97.956546,101.405353,74.889592,1,100.0,102.442264,38.258076,1,101.412945,104.681703,88.078056,1,98.465509,97.743846,100.372231,104.869343,92.426313,106.836828,104.876936,100.402612,103.684295,1.584843,1.736856,1.756356,3.166449,3.72243,1.138757,1.074409,0.99477,1.047566,1.07177,0.789899,1.1057,0.726549,0.845927,0.558461,96.629468,97.046667,97.493825,95.866979,98.93866,96.902483,102.010341,99.601533,95.828781,97.192726,94.866307,91.541836,92.539888,92.05603,88.540937,101.104192,108.88344,100.0,99.494312,98.699989,99.570073,98.666467,93.979331,100.574076,100.94082,100.247402,102.931729,105.250326,100.0,99.465089,98.66175,98.889447,98.104204,91.595535,100.714845,101.173077,100.520006,103.88738,105.829691
ABNB,2025-06-05,4,98.606741,101.014978,38.258076,1,100.0,103.223216,88.078056,1,104.082395,107.775285,29.614693,1,99.550557,96.149813,95.520597,102.958799,92.224721,104.127337,103.977526,98.674154,102.621723,1.767239,2.600016,2.458406,3.115077,3.50096,1.202049,1.101793,1.016371,0.959216,0.888765,1.025711,1.002802,0.704476,0.901396,0.570906,94.478843,94.105182,95.10125,93.349847,95.552485,94.469012,97.755122,97.179698,93.526846,96.604274,93.38554,89.852143,90.166805,89.873994,86.737932,98.324137,105.883227,100.0,100.830405,99.847493,98.706507,99.51665,95.103688,101.43011,102.095176,100.787672,104.253692,105.214818,100.0,100.883959,99.493217,98.172522,99.284868,92.526354,101.514009,102.051672,100.715423,104.943143,105.648087
ABNB,2025-06-06,4,96.077728,99.174521,88.078056,1,100.0,103.548045,29.614693,1,99.560993,101.853907,77.212904,0,96.084921,92.839153,91.867581,98.445481,90.960779,99.719324,97.545877,93.940267,98.589427,2.600984,3.34788,3.339476,3.372136,3.480935,0.904184,1.048744,1.095345,0.876544,0.901645,1.580986,0.707135,0.724797,0.863772,0.648506,92.916665,91.961745,93.256897,91.318259,92.722555,92.396189,94.12685,94.954495,91.51024,95.782139,92.069824,88.570464,88.357509,88.065985,84.852105,95.979097,103.364139,100.0,99.869204,98.880346,97.714859,98.967996,94.73642,101.006588,99.97224,100.77844,103.785488,104.129544,100.0,100.116287,98.360583,97.307337,98.336755,92.472912,101.130267,99.697417,100.735783,104.527512,104.634627
ABNB,2025-06-23,1,103.424117,104.408059,21.600342,0,100.0,103.534318,22.271726,0,102.61335,104.474973,9.724955,1,104.038096,106.6908,110.705288,101.54282,100.480164,102.070212,104.171911,107.832182,109.752827,0.645622,1.885117,2.555035,2.757763,3.284813,0.685077,0.717853,0.952648,1.038696,1.084851,0.735089,0.804208,0.702968,0.642293,0.502919,103.746265,105.007277,102.045889,105.719756,104.492451,102.198345,103.265147,100.828161,101.568605,98.391174,99.904238,99.552594,101.417301,102.309049,98.598025,101.12097,111.263599,100.0,100.633328,100.567709,100.96126,99.469311,98.296882,102.505879,104.40367,104.749775,105.056674,106.164832,100.0,100.870176,100.458468,101.065694,99.111428,98.050142,103.276098,105.325434,105.433366,106.280185,107.111448
ABNB,2025-06-27,1,97.134744,101.574554,57.800597,1,100.0,101.877362,20.564945,1,99.882666,102.24072,87.319735,0,98.160479,99.719901,105.079479,103.928832,97.168807,102.505676,103.709306,104.897805,107.615441,1.960365,1.39539,2.08218,2.519741,2.758564,0.748921,0.885539,0.692083,1.004976,1.08241,0.848139,0.58792,0.560863,0.662848,0.551165,97.569129,99.556938,99.494494,99.616409,101.479329,99.175582,103.342249,100.906922,99.213495,98.471596,96.871835,98.026312,95.272075,97.520068,96.414285,97.095597,107.779527,100.0,99.344624,97.317338,98.579821,96.851936,96.40953,101.07071,101.592047,102.221171,102.825181,104.197737,100.0,99.351963,96.620625,97.902546,96.267849,95.44811,100.42596,101.352741,102.112524,103.561985,104.349237
ABNB,2025-07-01,2,99.867554,102.225252,87.319735,0,100.0,103.458982,69.693489,1,101.718138,103.004845,9.99991,1,101.816537,100.022706,103.852567,105.214956,98.107781,103.307607,103.580087,103.474123,101.990618,1.177962,1.536776,1.632746,2.283125,2.431155,0.788955,0.895376,0.699221,0.925897,1.018871,0.670582,0.504527,0.652286,0.605258,0.664871,97.568862,98.265265,99.254482,97.474332,99.559112,98.830584,101.643892,101.287197,98.486075,100.930501,98.102055,98.350192,95.273609,95.684954,96.125837,95.940475,106.979633,100.0,99.92068,98.611356,97.655211,97.214452,96.082366,101.64099,101.380543,101.387672,102.928793,102.993373,100.0,100.652621,99.11752,97.987682,97.363684,95.996354,102.138998,102.129795,102.322131,103.458626,104.276025
ABNB,2025-07-14,2,100.371195,101.7075,42.777095,0,100.0,103.539722,74.87423,1,101.321454,104.038606,79.781708,0,101.7075,101.7075,99.866375,97.795099,103.051225,101.492212,102.501864,105.538238,87.8248,1.175533,0.744629,1.214436,1.960548,1.937756,0.749771,0.59196,0.777772,0.934638,0.730456,0.830604,0.613092,0.543482,0.581724,1.55415,98.770294,97.835747,97.241461,97.65894,96.501402,97.507391,95.343864,96.024386,96.991044,96.704908,98.51338,96.276965,100.321852,97.957703,96.31377,91.137904,104.345109,100.0,100.660976,99.851901,98.939765,95.650412,96.891271,100.392356,101.063913,102.412959,101.454023,102.15139,100.0,100.679068,100.045384,99.377824,95.374308,96.639693,101.02619,102.22613,103.003228,102.263831,103.754536
ABNB,2025-07-16,1,100.782748,103.485454,79.781708,0,100.0,101.277504,13.294584,0,101.358733,103.064547,74.458514,1,102.326103,101.05598,99.99262,97.585287,101.32182,102.894697,103.256538,99.505244,91.973124,0.82038,0.755629,0.689905,1.708887,1.866067,0.774539,0.701316,0.655308,0.962678,0.751779,0.610565,0.56266,0.517074,0.714847,1.049382,100.177016,99.582325,98.456583,99.878573,98.630675,98.62153,97.382777,96.965103,98.64457,96.547429,98.612384,97.890784,100.67734,100.324036,97.549551,91.441295,105.717371,100.0,101.079888,100.994421,99.942272,98.23578,97.283278,101.535093,102.536774,102.601108,102.313442,104.27294,100.0,100.821645,100.862578,99.156402,97.88768,96.771861,101.747299,102.174922,102.982178,102.848204,105.203806
ABNB,2025-07-17,5,98.659481,99.91986,13.294584,0,100.0,101.682947,74.458514,1,101.209386,102.535343,35.714645,0,99.475447,99.810582,98.637626,94.470351,97.165963,100.59013,103.176454,96.466566,90.805773,1.124774,1.051491,0.851324,1.734537,1.968355,0.677551,0.741438,0.606518,0.853732,0.920601,0.645162,0.520912,0.52287,0.808311,0.95713,98.24982,98.032304,96.661879,98.252692,97.323043,96.731871,96.393394,95.307248,96.899853,94.221101,96.1407,96.080398,98.060298,98.492458,95.619881,89.437041,103.710748,100.0,99.704416,100.290469,99.443491,97.283575,95.535967,100.691923,101.614112,101.231504,101.241243,103.293854,100.0,99.908669,99.667111,98.849102,97.084677,94.820331,101.198623,101.372418,101.364778,102.113114,104.046754
ABNB,2025-07-22,1,100.803746,102.148182,67.934918,0,100.0,102.308931,24.999759,1,100.906039,102.973836,7.420767,1,101.812068,99.766179,100.094991,96.697352,95.374834,103.478003,99.985383,94.958356,92.064883,0.547362,0.971063,0.992744,1.337713,2.051337,0.612759,0.669001,0.696726,0.762544,0.927999,0.522912,0.535969,0.631497,1.755014,0.722242,99.040385,98.518977,97.023602,98.158223,97.940909,96.571762,97.723596,96.36951,96.775089,95.015424,95.202615,96.51259,95.389806,97.180667,95.786419,88.504201,103.443938,100.0,100.240063,99.395862,99.105499,98.778043,95.91608,101.299648,101.419198,100.278268,102.611547,102.06409,100.0,100.486285,99.698265,98.903889,98.802642,95.218582,101.158932,101.544191,100.281918,103.857086,101.877332
ABNB,2025-07-28,3,100.113451,101.070766,85.185478,0,100.0,101.616791,37.719345,1,96.709687,101.467871,79.43381,0,100.425465,97.9081,98.26266,97.149338,95.390725,95.553819,92.866262,83.88881,90.873628,0.303577,1.108374,1.327903,1.463904,1.800415,0.563393,0.571163,0.735231,0.62211,0.817386,0.53588,0.732804,1.264883,1.633306,0.71838,98.240008,97.408552,96.386816,97.068091,96.702307,95.38337,96.336523,95.764631,94.682046,95.192739,94.064432,95.045016,92.936125,93.599462,94.541709,86.467359,101.187585,100.0,99.804888,98.899118,98.31817,97.713067,96.820469,99.797827,99.280872,99.963301,101.1506,100.996422,100.0,99.656901,99.486047,98.093634,97.363754,96.714088,100.195708,99.522738,100.973486,101.776621,100.539914
ABNB,2025-08-14,4,99.39887,101.904669,73.33766,1,100.0,102.567876,36.418412,1,101.546935,103.192692,4.962705,1,99.325365,98.034893,108.146302,115.668593,113.773732,102.494365,103.262115,106.553636,100.093115,1.394804,2.065357,3.957413,6.082576,6.022283,1.151624,1.806879,0.811462,0.524908,0.585872,0.871963,0.743208,0.684642,0.748411,1.01566,98.116175,101.697691,106.794369,102.610722,106.461812,108.781292,110.312902,111.181001,110.580875,112.049101,111.100772,109.935416,110.152442,109.980748,108.248958,99.147787,115.245528,100.0,100.072813,98.430853,98.421385,98.793372,97.76885,100.125446,98.899253,100.943788,100.627693,102.223547,100.0,100.379885,98.486456,97.764698,97.772067,97.187544,99.851696,97.446626,99.808281,99.593494,101.445152
ABNB,2025-08-15,4,98.476631,101.005389,36.418412,1,100.0,101.620686,4.962705,1,100.104558,101.254723,60.489348,1,100.176949,97.337726,102.96791,113.657199,112.072705,101.343198,104.496096,104.986726,96.814929,0.236458,2.194534,3.549326,5.687141,6.025237,1.213736,1.768058,0.949538,0.579452,0.570519,0.804425,0.73557,0.712735,0.825359,1.030731,96.804158,100.508396,105.915669,101.114311,104.448444,107.808555,107.782577,109.867308,109.835734,111.952039,111.168667,109.834535,110.385294,109.80416,108.137492,98.842208,114.801061,100.0,100.383896,99.186571,96.835687,99.173996,97.748162,99.526844,100.38902,100.285782,100.827399,102.692234,100.0,100.83644,99.831123,96.245857,98.39771,97.523424,98.873456,99.352711,99.003049,100.4697,102.716852
ABNB,2025-08-28,1,98.525067,101.032438,88.2356,1,100.0,101.374002,15.254573,1,100.302748,101.777669,32.105398,1,98.501779,98.144693,96.755156,93.176519,102.786831,99.045171,96.110845,95.13274,96.025454,1.47952,1.328526,1.70286,2.84885,3.075391,0.752644,0.702411,0.985799,1.853774,0.832522,0.695127,0.926437,0.956528,1.04202,,97.5548,96.74459,96.952701,96.271649,94.902647,98.307523,93.533646,95.783378,101.002218,98.033111,101.712398,103.928403,105.391686,106.221058,105.647704,97.07404,110.066087,100.0,99.984227,98.503315,100.024433,98.036791,98.02736,99.204883,100.224836,101.8143,103.052437,102.732972,100.0,100.045035,98.417504,101.351241,99.467695,98.738746,98.793989,100.585762,102.455869,104.727047,104.206519
COR,2023-09-12,1,102.813068,103.822293,35.057396,0,100.0,103.839682,25.528757,1,102.082245,103.816486,68.561849,0,103.068265,100.266808,104.62851,104.970707,108.827809,102.656476,104.251503,107.748981,109.025003,0.248312,1.295066,1.329558,1.237976,1.929619,0.853479,0.933971,0.564551,0.813895,1.540434,0.585633,1.02832,1.095536,0.556205,0.626836,98.428961,99.345032,100.667312,98.911935,99.56635,101.41224,100.220766,101.141875,103.055145,102.062984,103.25813,104.275565,104.453276,104.968416,105.633092,,0,100.0,100.014812,100.897499,99.47227,98.719717,100.737972,101.083057,99.711008,95.887205,94.89817,97.787893,100.0,100.00884,101.501159,98.518086,97.760376,99.520318,101.276335,99.426336,95.202202,95.331727,99.035529
COR,2023-09-18,1,99.23729,101.096052,67.780849,1,100.0,101.186444,24.285382,1,100.81921,102.248588,30.830006,0,99.994364,100.412432,98.847468,101.401119,101.9209,103.265543,105.774023,101.175149,105.570626,0.579842,0.50789,1.086849,1.16341,1.143646,0.484896,0.653419,0.827809,0.656399,0.900296,0.635657,0.87914,0.647655,0.614846,0.641719,99.155449,98.544938,99.3934,98.436013,98.942078,100.088815,99.448143,99.713461,101.469972,99.978778,101.235551,102.906721,102.492323,103.226483,104.233657,,0,100.0,101.418025,101.020913,101.658225,99.180572,98.370146,99.101561,97.643689,96.539488,97.603623,98.458391,100.0,102.101089,102.021781,102.213066,98.59041,96.960699,98.775754,97.449371,97.902474,99.285343,100.113956
COR,2023-09-27,1,100.976454,102.443835,50.557598,0,100.0,101.598294,20.136444,0,99.634536,101.232839,92.832555,0,102.127454,99.705454,96.383385,95.281483,98.178069,98.172597,99.639995,102.569294,103.163871,0.568762,0.794483,2.177915,2.226519,2.290294,0.760157,0.806094,0.888265,0.913069,0.631261,0.465398,0.695558,0.653401,0.654555,0.608824,99.440505,97.758714,96.712591,96.870836,96.436072,96.116349,96.001308,95.385627,96.291873,94.769947,95.796626,97.477742,96.823306,97.198118,99.104306,,0,100.0,102.331179,103.859037,105.398208,105.351968,106.110465,101.165941,100.592647,103.263326,101.79233,98.776495,100.0,102.330147,103.722963,106.346263,106.505001,106.540403,101.958349,102.381071,105.602043,103.302663,99.646911
COR,2023-10-31,1,100.536243,102.872771,60.655591,0,100.0,101.860462,20.882588,0,101.203805,103.272204,55.026521,1,102.675768,103.425422,102.571801,102.85635,98.642948,105.160032,107.288638,106.634717,109.460076,0.735607,0.95482,0.839302,0.720196,1.329991,0.6976,0.702905,0.748208,0.724796,0.757633,1.140686,1.262281,0.781071,1.699145,1.514579,101.883867,101.846599,100.873067,102.189564,101.804472,100.403987,101.419381,100.707527,99.8809,99.995672,99.003502,98.580604,98.011332,99.054273,97.528753,,0,100.0,99.139201,102.276844,105.29915,104.93894,101.837897,103.964722,105.423868,108.24874,109.27182,109.570153,100.0,99.634774,103.607684,106.250593,106.31741,102.341276,104.828064,107.473224,111.101917,111.953147,112.332419
COR,2023-12-14,1,103.533675,105.050297,6.733901,0,100.0,103.053667,30.434927,1,100.408519,102.445996,29.824696,1,104.146439,102.236627,103.850266,101.965983,98.667218,102.165148,103.288573,104.876675,111.831687,0.666316,0.710973,0.695158,0.783277,1.562803,0.637385,0.734162,1.436878,0.585294,1.420478,2.253574,1.096814,0.533349,0.627338,0.909766,100.191559,100.441682,99.310915,100.492306,100.234735,98.918857,99.977164,98.93945,97.978365,97.901735,97.602979,96.10094,97.304222,97.01728,95.028477,90.108745,0,100.0,98.921262,97.68338,97.304412,97.06626,95.921472,100.984595,101.116454,101.608112,101.47412,101.526096,100.0,99.604064,97.583511,97.129044,97.455,96.333086,101.891322,102.059474,102.476786,101.404505,102.505906
COR,2023-12-15,1,99.593143,102.634386,30.434927,1,100.0,102.029187,29.824696,1,101.393477,102.629305,69.546571,0,103.605753,102.603866,103.793924,102.375013,100.1424,102.669989,103.259926,106.057058,111.229203,0.853053,0.693624,0.767363,0.75429,1.314117,0.598655,0.704862,1.385687,0.627881,1.132298,1.964307,0.658461,0.499558,0.659689,0.888515,101.081211,101.237953,100.124291,100.8456,100.842604,99.632353,100.839607,99.875699,98.860282,98.911791,98.422102,96.991378,97.932414,97.844865,95.770969,90.613306,0,100.0,100.051011,97.867663,97.660631,96.910528,95.824386,101.353547,101.061493,100.810683,101.101243,100.733736,100.0,100.032369,97.147315,96.621191,96.527151,95.628197,101.539166,101.331102,99.921059,100.734972,101.082741
COR,2024-01-25,1,100.84533,101.634931,64.704879,0,100.0,101.672081,20.000085,1,100.868551,102.090104,57.034115,0,101.18439,102.549921,100.3855,97.691593,94.793312,101.458427,110.041802,107.206363,110.441351,0.34183,0.548521,0.544629,1.694163,2.742981,0.842145,1.038483,0.986848,0.829276,0.541561,0.775251,0.830486,1.397697,1.389069,0.893328,99.962529,99.657283,97.157969,100.243097,98.657465,96.007586,97.071833,95.692287,94.013208,94.312741,93.357707,92.803421,92.402673,92.334129,92.348064,84.455088,0,100.0,99.902661,98.184561,98.236113,96.621107,98.05744,101.20325,100.756778,102.640405,103.293878,104.506976,100.0,99.849927,97.429314,96.343632,93.907881,96.83364,100.951789,99.508569,102.024058,102.382919,102.910095
COR,2024-01-29,1,100.166044,101.37909,57.034115,0,100.0,100.756422,29.268043,1,100.521195,101.844933,18.815129,1,100.936306,100.622667,101.208427,97.486286,93.856374,107.319776,108.025467,106.302554,109.320883,0.269898,0.243847,0.432379,1.344755,2.353279,0.718599,0.807289,1.159155,0.845436,0.682775,0.67382,1.743495,1.244419,1.217375,0.950347,99.845268,100.135964,98.001739,100.250869,99.497801,96.979262,98.744733,97.270188,94.887843,95.795643,94.460724,93.376902,93.125804,92.505497,92.675107,85.033758,0,100.0,100.13832,99.243571,97.880881,96.109185,97.87106,99.145763,101.133735,102.750746,101.802796,103.903513,100.0,100.587846,99.516278,96.659707,93.633862,97.03612,98.407207,101.139387,102.687633,100.755001,103.195198
COR,2024-01-30,1,99.481507,100.234007,29.268043,1,100.0,101.316874,18.815129,1,104.615954,107.855377,66.288871,1,99.880697,99.958704,100.486374,96.531156,94.236947,108.708822,107.832421,106.307776,108.57933,0.674248,0.524986,0.498122,1.185296,2.069095,0.742458,0.814162,1.082351,0.918472,0.746346,1.130685,1.687714,1.350275,0.983421,0.986968,98.844604,99.130278,97.37791,99.196483,98.893575,96.413415,98.590668,96.965947,94.385348,95.341227,93.933255,92.722536,92.525283,91.804749,91.842384,84.400216,0,100.0,99.485386,98.949002,96.943007,96.893377,97.02132,99.794965,100.772129,100.750567,101.332917,103.122077,100.0,99.869525,99.773222,96.485515,95.448803,96.458106,99.432126,100.739295,100.898031,100.201451,102.469251
COR,2024-02-13,1,99.572784,100.767252,3.649314,1,100.0,101.155235,27.16992,0,100.113345,101.124726,16.810265,1,100.566723,102.230125,95.931284,94.765477,95.265732,101.608621,101.778633,102.938229,102.345344,0.263651,1.241816,1.99151,3.441252,3.472731,1.425347,1.302612,1.283732,0.785423,1.044146,1.042862,0.80656,0.852456,0.95213,0.911661,100.902559,99.809215,97.082878,101.32715,97.833645,95.982441,94.340141,94.379849,93.338143,94.419558,94.131237,91.770512,93.842917,92.296437,89.840109,82.171461,0,100.0,102.160429,100.689386,100.094713,98.867755,96.863407,102.223842,101.249713,103.037404,103.748742,104.979361,100.0,102.770187,100.540673,99.991306,99.576504,96.29528,102.10256,100.003889,102.267218,103.085781,103.377002
COR,2024-02-14,1,99.886783,101.04071,27.16992,0,100.0,101.010236,16.810265,1,100.953628,102.172876,38.571452,1,100.143696,103.270197,101.101984,94.453972,95.031865,100.901362,102.068367,102.590903,103.496619,0.361295,1.155597,1.064374,3.244371,3.442906,1.33701,1.350546,1.327528,0.725342,1.036638,0.854881,0.891007,0.921735,0.92095,0.951949,100.410714,100.159681,97.157329,101.586532,98.543157,96.338941,95.499783,94.822856,93.701035,94.145929,94.134725,91.924908,94.12352,92.579213,90.084795,82.202321,0,100.0,101.319284,100.778982,97.764523,98.226545,95.61702,100.991024,102.634539,102.820967,104.053499,103.914693,100.0,101.491155,100.767032,97.260602,99.315439,94.984991,100.37492,102.183774,102.405968,103.848317,102.24116
COR,2024-02-21,1,99.633768,101.021162,19.87575,1,100.0,100.973764,19.911283,0,100.318847,101.908749,32.248954,1,99.84057,99.61222,101.040838,94.815275,93.66303,102.231891,101.740705,101.11595,104.213889,0.380819,0.387119,0.906759,1.639312,3.120628,0.807123,0.94937,1.303522,1.284629,0.785971,0.791736,0.903228,0.952795,0.881348,0.681734,99.16049,99.538831,97.49883,99.31383,99.825723,96.641943,100.337617,96.878229,95.045103,93.418841,93.458162,92.426628,93.497483,93.211978,90.874307,82.102737,0,100.0,101.204404,100.144964,100.166397,99.574812,98.354228,102.887178,102.502219,103.209862,104.434089,105.633241,100.0,102.116356,101.622342,101.462467,100.908063,100.489459,103.569226,103.204841,104.030909,104.324801,105.315818
COR,2024-02-27,1,101.205385,102.163729,31.110975,0,100.0,101.273535,25.083566,0,99.616664,100.92001,26.47053,0,101.060566,98.969252,97.955533,99.54316,92.840643,100.349267,100.22574,101.13298,103.415964,0.387308,0.993372,1.159553,1.138489,2.166978,0.794185,0.869869,1.176069,1.202195,1.135792,0.868107,0.923822,0.921894,0.727474,0.639577,98.872777,98.335803,97.665051,98.087188,98.202434,96.555721,98.31768,98.07188,95.132111,97.82608,94.909008,93.303859,91.991936,92.192342,90.919024,81.82341,0,100.0,100.623056,98.382923,99.299028,97.736337,97.442111,100.770768,100.422358,102.33287,102.39693,102.892657,100.0,100.372383,98.181636,100.064907,98.556205,98.462369,100.966865,100.150011,101.947556,100.901674,101.899599
COR,2024-02-28,1,100.384812,101.663247,25.083566,0,100.0,101.308362,26.47053,0,100.359159,101.167266,25.396608,0,101.906959,99.824698,98.849837,100.267522,94.089606,101.346839,100.342058,100.380529,104.600649,0.498589,0.765559,1.071032,1.1717,1.66645,0.896648,0.846838,0.942454,1.294026,1.275271,0.754592,0.982656,0.874928,0.905653,0.62556,99.592597,98.818024,98.269581,98.438149,98.316606,97.051752,98.195063,98.70119,95.553274,99.207317,95.786899,93.974423,92.366481,92.405359,91.385446,82.118316,0,100.0,100.221015,98.486655,97.920662,97.941619,97.363174,101.556436,100.917486,102.114523,103.287041,103.758936,100.0,100.521126,97.97398,98.655075,98.499868,97.961653,102.592721,100.993315,101.278625,102.240706,102.469011
COR,2024-04-01,1,99.808528,101.827261,34.02045,0,100.0,101.286159,20.064591,1,100.591048,101.777315,20.701582,1,101.827266,100.936526,99.159208,98.842871,98.659727,102.310099,100.045786,97.485958,99.866798,0.389975,0.361734,0.733843,1.19464,1.327303,0.528393,0.577813,1.029475,0.710213,0.955374,0.45613,0.745492,0.589665,0.808694,1.091394,99.944858,99.3321,98.295886,99.453499,98.525103,97.914816,97.596706,97.394651,97.109466,97.192596,97.304529,96.506998,97.416462,96.824281,96.286605,83.695508,0,100.0,100.368891,100.095234,97.856071,97.982287,98.238352,99.661326,99.487301,96.799121,95.819627,97.838479,100.0,100.381964,100.703741,97.786925,98.94115,100.503154,99.71946,99.389994,97.230018,94.506763,97.646741
COR,2024-04-17,1,100.160838,101.494232,24.761794,1,100.0,101.278356,19.867824,0,99.640181,101.337605,52.368921,0,99.140704,100.66035,104.046731,102.776832,102.586347,101.223332,100.723838,97.019975,94.105946,1.03312,0.876662,1.547093,1.534276,1.37133,0.672506,0.611033,0.692242,0.693598,0.956299,0.792371,1.320258,0.993552,1.54946,0.851795,98.920462,100.357473,100.967647,100.745118,101.479758,101.110761,102.214398,101.880814,100.75266,101.547231,100.741764,99.921842,99.936296,99.624506,99.260329,87.99784,0,100.0,101.089816,103.063361,104.07889,103.920916,103.420236,99.200759,101.285733,100.22248,103.603174,106.009285,100.0,101.416185,103.162104,104.012809,104.301187,103.279742,97.583446,100.385064,99.192308,103.582216,106.512646
COR,2024-04-26,1,100.062989,101.238967,26.071248,1,100.0,101.36917,25.76727,1,100.046192,101.159168,2.641792,0,99.937,100.432593,98.278037,102.150349,102.053754,100.39899,94.057116,94.545263,92.141646,0.617241,0.623199,0.886241,0.992737,1.309796,1.226812,1.204589,0.841933,0.715913,0.740747,0.770825,1.530055,1.749174,1.086525,1.099836,98.71471,98.374706,99.451176,98.598467,98.550728,99.759836,98.502989,99.780801,100.103783,101.058614,100.968944,100.076175,100.879274,100.426766,99.314386,88.97738,0,100.0,99.97023,97.912335,100.990905,102.586164,103.571949,99.261795,101.07724,102.947682,104.536241,104.564827,100.0,99.964186,97.174315,102.682986,103.281687,104.115702,99.47305,102.040262,103.582369,105.778508,107.273505
COR,2024-06-10,1,101.251135,102.713665,53.687091,0,100.0,101.501364,20.114791,0,99.874891,101.113079,46.341606,0,102.105357,99.447785,94.434627,95.828126,96.89806,99.288151,101.255446,102.821524,95.957545,0.447239,1.129578,3.282575,3.247125,2.861946,1.235323,1.587874,1.022758,0.774322,1.010378,1.155375,0.825145,0.792213,1.903996,0.598422,98.579527,95.950034,95.171162,94.886813,94.062325,94.622161,93.237838,93.96683,95.503718,94.695822,95.181997,97.568663,95.668172,97.040606,99.149804,99.184512,0,100.0,100.402136,99.097441,99.497333,99.470132,97.958559,101.678879,102.657965,102.58425,103.329065,105.671743,100.0,100.424897,98.206296,99.301181,97.917288,95.884361,102.769002,105.079213,104.014738,105.655435,109.15842
COR,2024-07-02,1,101.270731,103.37949,62.203269,0,100.0,101.926579,28.132474,0,100.646755,102.013125,16.666667,0,102.614327,108.548921,106.895609,106.836407,104.987257,101.421021,101.302603,102.550553,108.343961,0.630847,3.037753,2.756371,2.278359,2.049295,1.972553,1.842813,0.766756,1.051852,1.53685,1.037874,0.534044,0.579193,0.982903,1.581637,105.004726,105.389424,104.854618,106.714307,105.589414,104.073978,104.464522,104.775969,101.968231,105.087417,102.558542,100.809182,100.029667,99.160493,99.750672,106.523032,0,100.0,100.037553,100.199135,100.271137,98.211205,96.793395,101.99251,103.214843,102.378703,99.42657,101.17011,100.0,99.701439,99.793941,100.815221,96.620672,94.2212,103.293316,104.728899,100.290399,96.40651,98.078287
COR,2024-07-05,1,100.816649,102.185324,16.666667,0,100.0,101.615034,7.909585,1,101.313936,102.32675,45.496223,1,101.514664,104.001102,107.523151,104.995667,105.739313,101.450797,101.555733,102.011951,112.947678,0.045448,0.972964,3.134914,2.70064,2.432675,1.459249,1.603878,1.455164,0.847938,1.177821,0.602252,0.562179,0.859844,0.728024,1.655258,102.081918,104.357379,104.52668,105.946657,105.620177,104.667465,105.293697,105.164814,102.671777,105.035932,103.714753,101.134145,102.393574,100.178739,99.959365,106.562954,0,100.0,99.591077,99.118528,98.943169,98.000588,96.789371,100.819832,101.513482,99.518589,98.688817,96.654335,100.0,99.061409,97.958217,97.776407,96.355121,94.225928,101.245054,100.643468,96.639453,94.169543,91.284556
COR,2024-07-24,1,100.412986,101.49487,42.738474,0,100.0,101.643026,17.212814,1,101.526308,103.357876,21.813701,1,100.879865,101.077382,99.847359,99.887762,106.989582,102.181716,106.787566,108.233074,107.674691,0.395794,0.404962,0.621405,0.571149,1.98658,0.897314,1.022092,0.602285,1.114836,1.916286,0.628212,0.922529,1.644697,1.126984,0.618244,99.351264,98.86538,99.949105,98.88839,98.725545,100.779487,98.562699,99.576949,101.772496,100.591199,102.83343,103.000259,105.075662,103.968043,102.475877,104.639755,0,100.0,102.664773,103.104994,103.947066,101.642622,100.909963,100.721776,101.887827,95.932089,100.650002,103.706104,100.0,104.300859,104.176008,108.786471,105.295422,103.660315,100.095706,101.878191,94.011716,100.090548,104.311228
COR,2024-08-09,1,99.305844,101.72608,44.133123,0,100.0,101.189365,14.285481,0,100.361059,101.98794,15.143644,1,102.192327,104.934695,96.47871,94.774794,94.350942,100.378038,101.142635,100.985474,100.471497,0.878293,1.529606,2.757703,3.437958,3.548302,1.093331,1.630505,0.908425,0.717138,0.846986,0.899082,0.741641,0.680983,0.779591,1.252344,101.91253,99.252664,96.621126,99.723532,97.271404,95.494523,94.819276,94.414714,93.992107,94.010152,93.717642,95.039602,93.425132,93.569499,96.136827,97.582684,0,100.0,98.08823,100.862509,102.985569,103.851468,105.933216,102.520173,104.780566,106.29655,106.556698,103.211,100.0,97.562436,100.693851,103.876212,106.600712,111.017447,103.782127,106.523723,107.68323,106.884769,101.894748
COR,2024-09-04,1,100.789749,102.843945,64.825944,1,100.0,102.751524,14.961993,0,97.424919,100.193244,24.734302,0,100.638528,98.088651,100.151229,99.269056,100.526757,98.706155,99.231258,95.979834,93.106496,0.953295,1.680309,1.354199,1.150625,1.039853,0.687589,0.794126,0.563258,0.769998,1.352693,0.680075,1.352216,0.960447,2.037206,1.065018,97.087932,97.637231,97.739859,97.420717,97.592448,98.042227,97.76418,97.728485,97.032759,97.692791,98.492006,95.579323,99.291221,96.337034,94.003322,94.146453,0,100.0,102.629882,102.219244,101.698142,98.74211,95.209908,98.269511,100.917021,102.082244,103.971895,103.740781,100.0,104.071937,104.10851,104.84381,101.050946,96.114365,97.94006,102.278412,102.848303,106.187806,105.283868
COR,2024-09-05,1,102.643144,105.467395,14.961993,0,100.0,102.841496,24.734302,0,100.577774,102.388749,33.095127,0,105.087954,101.953251,103.199375,102.513789,103.73455,101.987749,102.470673,97.688849,95.27423,1.753987,1.404371,1.388458,1.152074,1.052316,0.810768,0.801425,0.584743,0.734692,1.065916,1.731378,1.151189,0.914045,2.022803,1.075202,100.816113,100.802567,100.765424,100.128676,100.495251,100.994259,100.861826,100.637901,100.266684,100.413976,101.493267,98.752862,102.572558,99.895466,97.246885,97.040921,0,100.0,100.882945,102.037028,102.56015,99.537818,94.872037,99.826838,102.102343,104.253232,104.832189,104.003253,100.0,100.807739,102.892296,105.412979,101.147719,95.004682,99.223416,103.276683,105.492685,106.95869,105.245487
COR,2024-12-23,1,100.347057,102.077869,0.771177,0,100.0,101.441604,11.111111,1,100.787547,101.766411,25.908766,1,100.676302,102.255842,107.012235,111.176865,109.018914,100.818681,99.968852,105.8198,110.558394,0.354666,0.521437,1.953275,3.720562,3.889511,0.923809,0.788775,0.991801,0.736506,0.737143,0.66669,0.474625,0.718124,0.95087,0.893229,100.418206,102.262345,105.541646,102.185909,104.977159,106.555308,107.768408,108.522669,108.008924,109.27693,108.133457,107.57133,106.989985,107.495178,105.611336,102.158939,0,100.0,99.398741,102.905688,102.546014,102.449443,101.131203,102.287479,99.64524,100.26565,100.589066,103.365829,100.0,99.464011,104.110345,101.020298,99.71886,97.889025,102.563297,99.000674,99.795994,99.373267,102.590149
COR,2025-02-13,1,100.850722,102.788722,67.666058,0,100.0,101.593558,9.375025,1,100.89922,102.450625,36.728983,0,102.398636,102.141346,107.25816,102.892474,98.630534,100.420915,100.416748,105.453598,107.337742,0.662418,0.63363,1.94345,1.84984,2.244406,1.512578,1.658944,0.944648,0.902212,0.821811,1.290446,0.974579,0.93832,1.177738,0.962411,101.4534,102.851592,101.707969,103.02376,103.565615,101.076145,104.10747,102.064367,98.665806,100.021264,98.586674,95.814212,97.152084,95.267245,94.086407,95.721247,83.855702,100.0,100.290034,100.539083,100.334158,101.11982,98.330179,101.299463,99.374969,98.406032,95.360233,93.190983,100.0,99.703468,100.07368,98.851367,100.656726,97.609208,101.868598,99.338364,95.984799,92.845541,90.562576
COR,2025-03-28,1,99.184344,100.55961,23.93614,1,100.0,100.793714,18.894061,1,100.804677,102.670078,40.980271,1,99.264824,97.816376,94.392828,93.11631,92.735912,101.466717,101.825165,103.997792,105.248725,0.712465,1.251409,1.918605,2.500935,2.835241,0.820261,1.668587,0.942572,1.401769,1.153461,0.801619,1.075865,1.993041,1.441051,1.104466,97.572034,96.203989,94.381562,96.375854,95.072488,93.256057,93.769121,92.978088,91.224881,92.187056,91.439626,90.063139,90.692196,89.471674,89.849609,86.230651,76.489769,100.0,102.50843,101.70734,101.193737,103.549271,106.856628,101.088394,91.05703,96.248308,92.56661,99.21632,100.0,103.51038,102.663153,102.40678,104.988323,108.538148,101.012813,90.417399,97.133866,92.551332,100.965359
COR,2025-04-28,1,98.162112,100.36477,46.018865,1,100.0,101.080291,24.350514,1,100.108731,101.950125,33.143252,1,99.045984,98.614573,99.726409,97.643016,96.527656,102.65162,102.406088,97.639503,103.102436,0.954105,0.875666,0.662313,1.625328,1.692523,1.269881,1.135545,1.298316,1.795632,0.806784,0.835077,0.861659,0.94781,1.771796,0.695866,98.785047,98.627969,97.535006,98.778102,97.578795,96.735702,96.379487,96.939002,95.085136,97.498516,95.89261,93.410941,94.286703,93.231271,91.078708,83.188101,74.982775,100.0,100.294952,94.32327,98.074836,92.785043,102.053523,101.836287,103.323308,106.867334,109.050878,108.281765,100.0,100.271048,92.933266,97.53471,90.790527,100.62069,102.132078,104.203419,108.901203,111.922215,111.754906
COR,2025-04-30,1,98.805687,100.623113,33.143252,1,100.0,101.52664,20.181721,1,99.269564,101.239309,12.477876,1,99.612282,98.559892,98.501057,95.10506,96.032815,101.125061,105.43842,96.635156,100.823943,0.847742,1.302935,1.149906,1.742091,1.866117,1.056037,1.222475,0.856708,2.011292,1.140297,1.010806,0.767722,1.519103,1.26103,1.021274,97.517327,97.317445,96.313412,97.26448,96.679523,95.707439,96.094566,95.764843,94.233766,95.435119,94.735356,92.302923,94.035592,92.702689,90.34782,81.689013,73.847905,100.0,101.757879,98.943901,99.326178,91.708995,103.677908,104.66443,103.644962,108.454252,107.57135,108.814808,100.0,102.184457,98.32358,99.044024,89.892794,102.232484,105.736535,104.502373,112.135666,110.879345,112.370982
COR,2025-05-12,1,104.357944,106.730635,45.412391,0,100.0,102.837639,31.339439,1,101.911446,103.391155,12.468798,1,104.712179,107.738013,106.180824,103.749088,104.918814,103.007383,108.189637,108.470618,105.087716,1.034791,3.213865,2.329498,2.159465,1.936828,1.605287,0.911169,0.956601,1.091646,1.248125,2.268174,0.999205,0.83092,0.668965,0.752416,105.126087,104.539483,103.243591,104.702929,103.613051,102.238132,102.523173,102.31303,101.257457,102.102887,100.863212,99.991742,99.623537,100.201884,98.285619,86.404982,78.253235,100.0,97.889069,97.654713,95.552601,89.148441,92.694187,101.840624,103.068053,102.341135,103.185059,104.367896,100.0,97.333228,96.869346,94.246519,86.392412,90.669997,103.424694,104.044876,103.889343,105.090461,106.445607
COR,2025-06-05,1,100.75371,102.013399,63.434861,0,100.0,101.081725,26.128902,0,99.532412,101.106147,67.627077,1,101.734245,101.434153,101.667938,97.220015,106.076558,99.082283,102.952055,102.470519,105.555164,0.574798,0.503802,0.529561,1.252624,2.117549,1.233066,0.944875,0.745196,1.166695,1.405463,0.686933,0.704673,0.676486,0.968587,0.61925,100.879992,101.067224,100.169822,100.948645,100.838731,100.134768,100.728816,98.927253,99.794675,97.12569,99.430806,99.2403,101.735922,100.662096,99.29048,86.992193,76.861513,100.0,100.830405,99.847493,98.706507,99.51665,95.103688,101.43011,102.095176,100.787672,104.253692,105.214818,100.0,100.883959,99.493217,98.172522,99.284868,92.526354,101.514009,102.051672,100.715423,104.943143,105.648087
COR,2025-06-24,1,101.196809,103.430401,41.432992,0,100.0,102.435376,21.428571,1,101.412517,102.612813,63.18797,0,102.167487,101.76391,98.789271,101.614308,101.711724,103.183375,102.748493,104.428899,102.090941,0.168717,0.510868,1.561027,1.340985,1.187307,1.080911,0.637717,0.687426,0.928862,0.637489,0.679221,0.897355,0.841095,0.635994,0.488669,100.071401,98.954848,98.913368,98.868488,98.45743,98.799637,98.046373,98.54651,98.061862,99.046647,99.141844,98.222738,99.237042,97.577215,98.116748,87.890278,76.302645,100.0,98.491395,99.568591,99.119196,97.964929,95.767955,101.349507,102.290049,103.366914,103.374183,104.945499,100.0,98.098307,99.509832,98.876141,97.487571,94.874401,101.82194,101.96184,103.716289,103.911613,105.065762
COR,2025-07-09,1,100.972855,102.7694,48.679104,0,100.0,101.816883,19.962878,1,99.996611,102.105015,42.283028,0,102.538894,100.108471,99.698319,99.149187,96.250978,100.067793,100.955898,99.467815,96.193355,0.744699,1.331615,1.180684,1.123222,1.66037,0.669763,0.862771,1.029823,0.654151,0.705141,0.446164,0.578048,0.586679,0.501263,0.903273,98.952563,98.635732,97.799678,98.847286,98.426178,97.451197,98.00507,97.442036,97.00277,96.879002,96.476216,96.811537,96.07343,96.563503,96.088608,88.434137,75.40067,100.0,99.976728,99.46368,97.765361,96.817419,96.380441,100.454467,100.517859,102.045758,102.109784,101.823496,100.0,99.788507,98.876029,97.610895,96.49823,95.883718,100.206519,100.766794,101.886014,102.690988,102.557393
COR,2025-07-16,1,100.044244,101.575846,35.77813,0,100.0,101.497564,14.545114,1,99.10827,101.112962,24.278379,0,101.106156,102.161257,100.51734,100.105512,99.554137,99.680063,99.874067,99.315875,99.057218,0.559499,0.664815,0.999169,0.997532,0.997504,0.591365,0.667413,0.882647,1.053548,0.669221,0.792592,0.527417,0.512811,0.611584,0.896395,99.908004,99.817349,99.386903,99.928823,99.774708,98.989529,99.620593,99.196191,98.213582,98.771788,98.20435,97.761647,97.636911,97.230974,97.568918,90.709136,76.200655,100.0,101.079888,100.994421,99.942272,98.23578,97.283278,101.535093,102.536774,102.601108,102.313442,104.27294,100.0,100.821645,100.862578,99.156402,97.88768,96.771861,101.747299,102.174922,102.982178,102.848204,105.203806
COR,2025-07-17,1,100.899753,102.410792,14.545114,1,100.0,102.022729,24.278379,0,100.243821,101.473265,34.636433,0,101.188219,102.105153,99.993133,100.388065,100.690273,100.508258,99.745872,98.245124,101.263777,0.649031,0.506677,1.020441,0.992542,0.968263,0.559577,0.585614,0.81325,0.888478,0.923083,0.480782,0.539893,0.537344,0.611376,0.817462,100.849236,100.810513,100.536548,101.517763,101.113863,100.371796,100.709963,100.289759,99.358139,99.869555,99.629729,98.889188,99.389904,98.42652,98.722056,92.114905,77.133266,100.0,99.704416,100.290469,99.443491,97.283575,95.535967,100.691923,101.614112,101.231504,101.241243,103.293854,100.0,99.908669,99.667111,98.849102,97.084677,94.820331,101.198623,101.372418,101.364778,102.113114,104.046754
COR,2025-08-12,1,102.465854,105.233652,57.792275,1,100.0,104.33501,21.475928,1,103.91445,105.524806,5.580343,0,102.491014,105.086273,104.15888,105.309131,105.913007,105.992092,106.132535,104.328315,106.712343,0.997075,1.804562,1.547644,1.42648,1.5216,1.094566,0.9755,0.598113,0.572223,0.620907,1.218038,0.778378,0.825232,0.798034,1.071257,99.138863,99.44666,100.504588,100.447524,100.378356,101.289302,100.309189,101.018164,101.826049,101.727138,102.200248,102.380605,102.673357,102.633933,102.355014,97.969102,79.263618,100.0,100.057792,98.64433,99.76667,98.807665,97.776302,101.296326,100.401054,101.255609,100.97874,102.290726,100.0,100.369789,97.850226,99.081891,98.041601,97.280727,101.309966,99.406954,100.004292,99.534781,101.38151
COR,2025-08-29,1,99.495336,100.511583,2.04177,1,100.0,100.940201,22.425922,1,100.58417,102.716908,46.677449,1,100.435537,101.140691,101.216737,98.374762,99.485716,102.018675,102.958866,100.725892,106.488082,0.298243,0.521671,1.796371,1.713287,1.95558,0.801341,1.042183,0.78122,1.209219,0.741606,0.755241,0.879333,1.096185,1.143424,,100.434833,100.829196,99.6799,101.81956,100.853393,99.638602,99.887227,99.003203,99.168573,98.119179,98.423811,99.470857,98.728442,99.333943,100.49634,98.437204,78.893526,100.0,100.57149,100.346654,100.081153,99.144712,96.79482,100.057257,100.784848,102.648896,103.866514,103.361592,100.0,100.907292,100.617275,101.533399,101.101777,97.470877,100.260679,101.748482,104.024235,106.025142,105.384049
NMRK,2023-08-01,1,102.579675,105.159335,76.470836,1,100.0,105.69044,15.999985,1,103.186648,114.415779,90.540579,1,103.186632,105.007593,108.952952,102.124426,96.358121,115.326246,119.726858,110.015165,106.205774,1.152003,1.456939,2.118338,2.02707,5.032277,1.349732,0.916264,0.944363,1.054213,,1.317046,2.34906,1.293948,1.109835,1.060396,99.366909,100.431656,,100.489211,100.920864,,101.352517,96.129495,,90.906474,,,,,,,0,100.0,100.321841,99.998471,99.725239,97.191698,97.549224,98.562907,98.507948,97.161049,96.059577,98.469634,100.0,100.731358,99.519393,101.309618,96.690382,97.263595,98.189947,97.67519,96.169749,95.346739,98.3371
NMRK,2023-10-25,1,102.556559,106.194709,16.216335,0,100.0,104.228125,23.255886,1,103.244835,108.357917,76.922936,1,103.638143,109.144559,124.090463,114.650936,123.10719,106.981329,128.023613,138.249768,156.3505,0.289678,2.135862,6.396744,5.948949,6.424291,0.969711,1.318344,1.071558,1.768443,1.106398,1.288178,1.282773,1.955613,1.333343,0.933822,103.954378,109.239547,112.699622,110.494304,112.794679,116.11217,115.095055,115.798477,120.822247,116.5019,119.429661,125.09031,122.357421,125.846017,129.795635,,0,100.0,100.851867,103.185047,104.676169,101.96895,102.226274,98.468228,101.349779,104.815586,107.687818,108.973033,100.0,101.689217,103.808734,106.119379,102.882627,101.517311,98.734039,102.1074,106.62153,110.13031,111.412909
NMRK,2023-11-17,1,99.544281,101.471367,40.540758,0,100.0,102.148437,18.181661,1,99.361996,102.864602,14.869871,1,101.432305,88.802099,97.916675,70.833342,68.75002,101.821931,103.259718,111.36365,130.31638,0.856558,6.526134,5.664505,11.242257,14.746382,1.099904,0.94512,2.003018,1.234027,0.932895,0.967472,1.006161,0.946819,1.015421,1.783596,91.621978,91.251602,80.830146,89.118778,85.504475,77.630912,81.890172,75.070247,74.719034,68.250322,69.757349,73.212009,71.264375,74.367821,76.538958,,0,100.0,100.071555,98.12386,96.859311,91.504024,93.877315,100.856282,101.128308,101.558332,102.728646,105.353735,100.0,100.318637,98.491652,95.766774,89.937677,92.3507,101.057147,101.237019,100.461278,102.884453,106.106831
NMRK,2023-12-22,1,99.708451,102.526721,0.0,0,100.0,102.040817,19.047597,0,100.485911,106.413994,62.294979,1,99.125375,96.404273,84.353741,81.729829,76.870748,108.163262,105.442188,96.987358,99.125375,1.246886,2.136158,7.029581,8.82333,9.919225,1.450222,1.398815,0.794949,0.953083,0.841523,1.507434,0.866943,0.871512,1.414265,0.905049,95.980867,90.095697,84.196175,89.39713,85.263161,80.923466,81.129191,79.607659,76.090632,78.086126,76.583771,72.771881,75.081416,72.573604,67.539958,64.837989,0,100.0,99.1889,99.628859,97.204848,96.999218,96.254195,100.946005,100.127937,100.416528,100.051511,102.78206,100.0,99.10552,99.520336,96.294925,95.773417,95.680202,101.216689,99.044331,99.851103,100.19582,104.763835
NMRK,2024-01-19,1,99.473675,102.526306,6.89671,0,100.0,102.736845,23.076697,1,104.421048,109.157888,88.888842,1,100.421059,102.631576,108.105272,117.157885,105.999997,107.684203,109.473661,106.736843,114.631581,1.05388,0.899956,2.801138,5.401251,4.941155,0.793878,1.145959,1.168781,0.9409,1.417227,0.585646,0.872926,0.809897,0.826223,1.149217,99.753596,102.289528,105.539014,103.01848,106.427106,105.739219,109.835731,109.39425,102.068788,108.952768,105.051332,96.047226,101.149895,94.743325,89.096508,64.82389,0,100.0,99.025043,99.882364,97.969232,99.91036,99.63434,101.645051,102.19605,103.60937,105.030219,104.590591,100.0,98.206942,98.70349,95.54133,99.207546,98.650381,102.126303,102.224877,103.525913,105.401764,103.7797
NMRK,2024-02-07,1,100.154004,103.388086,12.698418,1,100.0,102.566735,23.999786,0,101.386043,108.213559,82.7068,1,101.950724,104.209451,104.722804,97.946623,102.464057,108.110894,108.110894,111.601633,111.504468,0.232254,1.749129,1.954688,2.879811,2.945836,0.669691,0.84163,0.858851,0.753987,1.342075,0.575697,0.875219,1.158052,1.566601,1.096442,102.698888,103.303116,101.273912,104.128893,102.527687,101.430006,100.926481,99.385698,103.036251,97.844914,100.332324,103.519635,102.819735,106.686804,102.578042,64.796563,0,100.0,99.471936,97.51663,97.977481,95.374572,95.722526,101.158372,100.635339,102.374297,102.560252,103.789659,100.0,99.860008,97.162389,99.21515,94.889075,94.562615,101.840825,100.963278,102.080589,102.302559,103.743451
NMRK,2024-03-11,1,102.653174,109.020756,30.303008,0,100.0,104.582734,27.368423,0,100.434163,104.100349,52.631513,1,104.48626,105.82802,101.113858,104.76974,101.306281,103.039088,101.109513,104.582746,106.608788,1.003022,1.178327,1.410677,1.832862,2.42754,0.960606,1.1133,1.593575,1.072498,0.817252,0.975165,0.936006,1.120973,0.865837,0.881879,101.48346,100.31035,99.850434,100.938372,99.925229,98.677573,98.912087,99.184138,97.61753,99.45619,97.429917,97.017154,95.403643,96.050923,94.751668,72.672362,0,100.0,101.300686,100.781948,99.57553,98.319231,98.732499,101.456843,101.14473,102.495508,102.252343,102.332877,100.0,102.375943,101.975851,100.335696,98.951792,100.498397,101.091798,100.62484,102.258843,101.390056,101.65929
NMRK,2024-05-31,1,99.115049,101.720756,3.773307,1,100.0,102.35988,29.166567,1,99.115037,103.638145,95.652075,0,99.705014,101.769917,107.374635,100.801084,97.859421,98.525078,97.443462,99.508356,96.755161,1.313955,1.087236,3.215455,3.139438,3.383206,0.81415,0.956005,1.209527,1.419577,0.971779,0.726391,0.679654,0.802135,0.67364,0.947432,99.135451,101.719507,99.039793,102.670518,101.493838,98.232447,100.317158,98.448782,95.708864,96.580406,94.971056,94.00832,93.361705,92.968945,95.689522,99.406271,0,100.0,101.44982,101.466956,102.030555,100.431458,97.544533,101.919603,102.991518,104.621238,104.934625,105.45892,100.0,103.007022,102.383819,102.024113,99.580433,96.436239,102.556714,104.459482,108.08158,107.063526,108.919522
NMRK,2024-07-26,1,95.8132,102.173908,39.240561,1,100.0,102.737521,29.411583,1,102.334945,104.549113,47.272834,0,95.974226,95.088571,90.418669,81.078889,80.756843,102.334939,97.18196,98.792263,110.810903,3.285871,2.759637,3.308337,7.409447,8.669208,0.862311,0.828361,1.326192,0.43798,1.410487,1.002472,1.234172,1.683045,1.119938,1.172368,94.15554,92.623723,86.025136,93.102908,88.350354,83.495679,83.5978,81.382558,80.01571,79.167316,78.641005,78.923801,78.114694,78.648863,79.147683,81.253787,0,100.0,99.934257,101.368144,103.400112,102.513299,100.960648,100.105691,98.450658,98.406466,102.275025,103.754758,100.0,100.704153,103.298049,107.577947,107.897961,104.707678,99.45479,97.574192,97.956481,103.223446,104.347029
NMRK,2024-08-02,1,110.353862,114.722582,52.000046,0,100.0,107.470516,26.900627,0,96.286596,102.839677,46.66659,1,113.411962,111.227612,103.189175,98.121445,87.986008,102.577536,107.208385,112.631216,121.126722,3.744069,2.416612,3.207839,3.976233,7.692018,1.225178,1.663274,0.822324,1.316528,0.434789,1.642565,1.631202,1.111777,0.914866,1.37386,105.202984,102.253523,96.325601,101.657003,99.925437,92.879039,98.193871,93.181443,88.06131,88.169014,85.83264,84.391052,83.496267,82.941177,83.239437,85.824304,0,100.0,104.154447,102.962456,103.828161,105.909441,105.001107,98.830637,100.794608,104.75705,106.272694,106.532783,100.0,106.017082,104.162182,106.894183,111.323077,111.654232,98.983875,101.366658,106.816982,107.979682,107.179022
NMRK,2024-09-19,1,99.163326,102.61045,1.941606,0,100.0,102.744316,19.512138,1,101.673367,103.714868,0.0,0,99.933076,98.795183,94.71219,89.892909,86.88086,102.677392,106.425704,105.02009,99.732267,1.609069,1.325948,2.721694,4.030564,4.790066,0.896461,1.145037,1.332392,1.10908,1.002436,0.862839,1.407997,1.579344,1.349349,1.392149,96.560262,94.534204,91.045604,94.136809,92.175897,88.941369,90.214985,89.06189,85.353125,87.908796,85.706841,82.257899,83.504886,81.644359,80.912321,66.066296,0,100.0,99.088357,98.405673,96.781635,98.342723,98.846905,100.56538,101.036684,100.23776,101.646552,102.726677,100.0,98.521902,98.474599,95.976415,98.108085,100.511563,100.650275,101.985403,100.351859,102.625339,102.365047
NMRK,2025-01-13,1,102.436914,106.092259,26.190676,0,100.0,104.090516,23.404372,1,103.437777,105.744125,3.77368,0,107.919927,110.70496,113.228895,114.882507,131.24456,112.358572,120.017409,121.671021,119.930376,2.197646,3.078613,2.918507,3.080003,6.979446,0.800855,0.727044,0.569561,1.026856,0.638573,0.828947,0.916142,0.805616,0.615307,0.792713,105.364625,106.831515,112.175187,106.772838,107.954734,115.863367,109.13663,114.341993,121.404021,119.547357,123.772001,126.014247,127.996644,128.466049,128.157642,122.54806,0,100.0,102.510517,102.930038,104.577613,101.712191,105.384777,103.058905,104.77941,105.099157,104.582637,105.11301,100.0,103.128982,103.835901,105.988707,103.267015,105.967624,103.405922,105.00615,104.502357,105.008147,105.624554
NMRK,2025-01-23,1,101.687924,104.201053,20.895714,1,100.0,104.501128,26.666624,1,102.775684,106.076513,45.454447,0,103.450859,96.849207,92.573145,95.948987,97.674421,106.001494,105.701423,104.426106,106.226553,0.533493,2.900502,5.964157,4.933695,4.33191,0.72062,0.834607,0.77753,0.616475,0.921321,1.004659,0.722262,0.572609,0.599355,0.698489,93.97122,91.208632,91.931654,88.143883,89.582734,92.521582,91.021584,92.208633,97.284172,93.395681,95.460431,102.223021,97.525181,102.359712,106.766187,106.7492,0,100.0,99.581382,97.94623,97.273265,97.238863,97.632467,98.972946,99.942384,100.146508,100.665055,98.98694,100.0,99.284002,97.770976,97.472613,97.583334,98.007145,97.261952,99.015194,100.239532,101.421008,99.502998
NMRK,2025-02-18,1,101.664908,109.953964,6.837681,0,100.0,103.790293,16.822463,1,99.610352,103.648607,42.105413,1,97.910024,97.697488,97.768336,100.106271,94.155155,102.231677,99.964576,98.039677,87.17793,3.268801,3.246193,2.482495,2.076312,2.155061,0.914583,0.750186,0.602142,0.780783,0.866229,1.060228,0.820307,0.669715,0.893133,0.923296,94.423076,95.199175,94.962224,95.398352,95.693681,93.478708,95.98901,95.679944,91.009614,95.370878,91.263735,88.983515,87.156591,86.339285,87.561812,103.873471,58.226268,100.0,100.255103,99.457828,98.279535,98.569885,98.313805,100.295274,97.634896,94.731382,91.352749,92.051007,100.0,100.005133,98.76144,96.677195,95.90414,97.328955,100.174676,95.722433,92.387278,87.95883,88.44181
NMRK,2025-03-07,1,104.182799,108.520525,44.642824,0,100.0,105.189776,22.388143,0,96.243225,104.144073,58.823595,0,108.907821,113.400468,109.458117,106.829881,107.602898,96.901626,96.049571,96.281958,82.958948,2.914554,3.74109,2.76126,2.798477,2.76437,0.933209,0.809922,0.830469,1.282495,0.712604,0.935737,1.276965,1.101416,1.096769,1.477036,107.290237,106.932009,106.283226,107.174959,107.964006,106.062781,108.753053,106.032723,105.544265,103.312392,104.161556,103.902298,105.01072,105.055807,101.091792,112.229802,65.326549,100.0,103.112086,105.086396,106.12111,107.92017,107.36425,98.33718,99.517319,100.022414,98.493722,89.548541,100.0,104.517703,105.814514,109.511514,111.622447,110.322133,98.176759,99.837005,100.086945,97.692585,88.148484
NMRK,2025-04-25,1,96.413982,102.768951,55.714214,1,100.0,101.497957,24.242407,0,99.682245,103.132087,10.526303,1,98.320473,94.325928,93.781203,102.315028,113.300032,100.408538,101.044029,101.861103,95.38405,1.778229,4.226793,3.369936,3.482596,7.05091,1.603061,1.057594,1.117341,1.546251,0.89796,0.591081,1.23405,1.135061,0.927597,1.576479,93.531,94.312672,99.55975,93.962269,94.528304,102.58311,95.09434,101.464511,107.133873,107.834682,110.637916,111.603774,113.44115,112.803236,116.311771,123.177957,82.69984,100.0,98.533687,96.826171,96.557645,98.912365,104.352205,101.92399,104.230498,103.740021,109.210647,106.3594,100.0,97.700489,95.42607,95.872834,96.802632,103.47766,102.151852,105.066468,104.851344,111.993317,109.315885
NMRK,2025-05-06,1,102.616812,105.233641,10.714164,1,100.0,103.738323,22.500006,1,103.177573,107.196268,67.441804,0,104.018691,103.364492,97.00935,100.093461,98.971965,105.794386,110.934577,106.718319,105.500288,0.444535,1.132376,2.201754,3.312135,3.43365,1.21492,1.081093,1.393429,0.89136,1.637849,0.980486,0.943214,0.847153,1.436156,0.879265,99.927533,98.541665,96.920289,100.380434,97.05616,98.197464,93.731886,94.547102,101.236412,95.362317,99.338767,106.191122,103.315217,107.925723,110.466484,122.826206,84.985912,100.0,101.801453,99.548697,94.660255,96.776432,90.623232,101.394546,105.379656,106.344744,105.41546,106.888064,100.0,102.254854,99.418235,92.965626,95.608695,88.663694,102.056227,107.825189,108.688239,108.43798,110.491714
NMRK,2025-07-09,1,101.20133,104.018233,64.705932,0,100.0,102.734051,6.060746,1,102.692636,105.675235,58.3334,1,102.982609,101.905559,99.751452,95.691803,94.614754,104.101077,101.822707,109.942013,132.808619,0.843011,0.882661,2.153726,4.00091,3.788913,0.775523,1.286231,1.377749,0.877085,0.741372,0.995954,0.766395,0.874183,1.179059,1.327852,99.967689,98.295639,95.452344,97.657513,95.20194,93.848951,92.746367,93.449113,91.623588,94.15186,92.495963,90.327141,90.840066,89.798063,90.472486,99.954806,87.027717,100.0,99.976728,99.46368,97.765361,96.817419,96.380441,100.454467,100.517859,102.045758,102.109784,101.823496,100.0,99.788507,98.876029,97.610895,96.49823,95.883718,100.206519,100.766794,101.886014,102.690988,102.557393
NMRK,2025-08-06,1,99.007052,102.562468,57.657743,1,100.0,103.139018,20.408211,1,100.928901,103.779643,44.943712,0,99.295331,95.451635,85.009619,78.73159,79.308142,104.035883,111.595135,110.440037,114.996257,1.83303,3.034931,7.040667,9.377552,9.703794,1.580912,1.989568,1.091247,0.809077,0.856681,1.197537,1.041229,1.239688,1.037375,1.10356,93.736743,88.646289,83.070805,87.261384,83.443544,80.463194,79.625704,78.593264,77.50312,77.560823,77.482844,75.503744,77.404866,76.412977,74.291954,70.75843,70.713387,100.0,100.45754,100.980622,100.917303,99.4063,99.399311,101.401981,102.626049,101.502432,102.861243,103.189442,100.0,100.635093,101.315585,100.521392,99.417163,99.230287,102.469375,103.501259,100.899654,102.272259,102.563724
