2025-10-19 19:49:11,773 INFO: TUR,2023-07-28,Three White Soldiers
2025-10-19 19:49:11,779 INFO: TUR,2023-07-31,Three White Soldiers
2025-10-19 19:49:11,780 INFO: TUR,2023-08-15,Hammer
2025-10-19 19:49:11,780 INFO: TUR,2023-08-25,Bullish Engulfing
2025-10-19 19:49:11,780 INFO: TUR,2023-08-25,Morning Star
2025-10-19 19:49:11,780 INFO: TUR,2023-09-19,Piercing Pattern
2025-10-19 19:49:11,780 INFO: TUR,2023-10-03,Morning Star
2025-10-19 19:49:11,780 INFO: TUR,2023-10-06,Morning Star
2025-10-19 19:49:11,780 INFO: TUR,2023-10-12,Hammer
2025-10-19 19:49:11,780 INFO: TUR,2023-10-12,Dragonfly Doji
2025-10-19 19:49:11,780 INFO: TUR,2023-11-06,Hammer
2025-10-19 19:49:11,781 INFO: TUR,2023-11-20,Three White Soldiers
2025-10-19 19:49:11,781 INFO: TUR,2023-11-21,Three White Soldiers
2025-10-19 19:49:11,781 INFO: TUR,2023-11-28,Bullish Engulfing
2025-10-19 19:49:11,781 INFO: TUR,2023-11-30,Hammer
2025-10-19 19:49:11,781 INFO: TUR,2023-12-01,Bullish Engulfing
2025-10-19 19:49:11,781 INFO: TUR,2023-12-13,Dragonfly Doji
2025-10-19 19:49:11,781 INFO: TUR,2023-12-28,Morning Star
2025-10-19 19:49:11,781 INFO: TUR,2024-01-08,Three White Soldiers
2025-10-19 19:49:11,781 INFO: TUR,2024-01-11,Three White Soldiers
2025-10-19 19:49:11,781 INFO: TUR,2024-01-26,Three White Soldiers
2025-10-19 19:49:11,781 INFO: TUR,2024-01-29,Three White Soldiers
2025-10-19 19:49:11,781 INFO: TUR,2024-01-30,Hammer
2025-10-19 19:49:11,782 INFO: TUR,2024-02-01,Morning Star
2025-10-19 19:49:11,840 INFO: TUR,2024-02-09,Morning Star
2025-10-19 19:49:11,843 INFO: TUR,2024-02-16,Three White Soldiers
2025-10-19 19:49:11,843 INFO: TUR,2024-02-20,Three White Soldiers
2025-10-19 19:49:11,843 INFO: TUR,2024-03-12,Hammer
2025-10-19 19:49:11,843 INFO: TUR,2024-03-21,Three White Soldiers
2025-10-19 19:49:11,843 INFO: TUR,2024-03-28,Morning Star
2025-10-19 19:49:11,843 INFO: TUR,2024-04-04,Morning Star
2025-10-19 19:49:11,843 INFO: TUR,2024-04-05,Three White Soldiers
2025-10-19 19:49:11,844 INFO: TUR,2024-04-08,Three White Soldiers
2025-10-19 19:49:11,844 INFO: TUR,2024-04-24,Morning Star
2025-10-19 19:49:11,844 INFO: TUR,2024-04-29,Three White Soldiers
2025-10-19 19:49:11,845 INFO: TUR,2024-05-02,Hammer
2025-10-19 19:49:11,873 INFO: TUR,2024-05-02,Morning Star
2025-10-19 19:49:11,904 INFO: TUR,2024-05-06,Hammer
2025-10-19 19:49:11,904 INFO: TUR,2024-05-06,Three White Soldiers
2025-10-19 19:49:11,904 INFO: TUR,2024-05-08,Hammer
2025-10-19 19:49:11,904 INFO: TUR,2024-05-15,Morning Star
2025-10-19 19:49:11,904 INFO: TUR,2024-05-16,Morning Star
2025-10-19 19:49:11,904 INFO: TUR,2024-05-17,Three White Soldiers
2025-10-19 19:49:11,904 INFO: TUR,2024-05-20,Three White Soldiers
2025-10-19 19:49:11,904 INFO: TUR,2024-06-05,Piercing Pattern
2025-10-19 19:49:11,904 INFO: TUR,2024-06-06,Hammer
2025-10-19 19:49:11,904 INFO: TUR,2024-06-13,Hammer
2025-10-19 19:49:11,904 INFO: TUR,2024-06-13,Morning Star
2025-10-19 19:49:11,949 INFO: TUR,2024-06-20,Three White Soldiers
2025-10-19 19:49:11,949 INFO: TUR,2024-06-21,Hammer
2025-10-19 19:49:11,949 INFO: TUR,2024-07-05,Three White Soldiers
2025-10-19 19:49:11,951 INFO: TUR,2024-07-12,Three White Soldiers
2025-10-19 19:49:12,013 INFO: TUR,2024-07-19,Hammer
2025-10-19 19:49:12,014 INFO: TUR,2024-07-22,Morning Star
2025-10-19 19:49:12,014 INFO: TUR,2024-08-28,Morning Star
2025-10-19 19:49:12,014 INFO: TUR,2024-09-11,Hammer
2025-10-19 19:49:12,014 INFO: TUR,2024-09-12,Bullish Engulfing
2025-10-19 19:49:12,014 INFO: TUR,2024-09-18,Morning Star
2025-10-19 19:49:12,014 INFO: TUR,2024-09-19,Three White Soldiers
2025-10-19 19:49:12,014 INFO: TUR,2024-10-09,Piercing Pattern
2025-10-19 19:49:12,014 INFO: TUR,2024-11-14,Morning Star
2025-10-19 19:49:12,014 INFO: TUR,2024-11-26,Piercing Pattern
2025-10-19 19:49:12,014 INFO: TUR,2024-12-09,Three White Soldiers
2025-10-19 19:49:12,015 INFO: TUR,2024-12-24,Bullish Engulfing
2025-10-19 19:49:12,015 INFO: TUR,2024-12-27,Three White Soldiers
2025-10-19 19:49:12,016 INFO: TUR,2025-01-03,Morning Star
2025-10-19 19:49:12,016 INFO: TUR,2025-01-15,Bullish Engulfing
2025-10-19 19:49:12,016 INFO: TUR,2025-01-17,Three White Soldiers
2025-10-19 19:49:12,018 INFO: TUR,2025-01-28,Hammer
2025-10-19 19:49:12,019 INFO: TUR,2025-01-30,Hammer
2025-10-19 19:49:12,019 INFO: TUR,2025-02-07,Three White Soldiers
2025-10-19 19:49:12,019 INFO: TUR,2025-02-25,Hammer
2025-10-19 19:49:12,019 INFO: TUR,2025-03-05,Morning Star
2025-10-19 19:49:12,019 INFO: TUR,2025-03-06,Three White Soldiers
2025-10-19 19:49:12,019 INFO: TUR,2025-03-13,Three White Soldiers
2025-10-19 19:49:12,019 INFO: TUR,2025-03-14,Three White Soldiers
2025-10-19 19:49:12,019 INFO: TUR,2025-03-17,Three White Soldiers
2025-10-19 19:49:12,021 INFO: TUR,2025-03-21,Hammer
2025-10-19 19:49:12,021 INFO: TUR,2025-03-31,Morning Star
2025-10-19 19:49:12,021 INFO: TUR,2025-04-01,Three White Soldiers
2025-10-19 19:49:12,021 INFO: TUR,2025-04-07,Piercing Pattern
2025-10-19 19:49:12,021 INFO: TUR,2025-04-09,Bullish Engulfing
2025-10-19 19:49:12,021 INFO: TUR,2025-04-21,Morning Star
2025-10-19 19:49:12,021 INFO: TUR,2025-05-28,Hammer
2025-10-19 19:49:12,021 INFO: TUR,2025-05-30,Hammer
2025-10-19 19:49:12,021 INFO: TUR,2025-06-03,Morning Star
2025-10-19 19:49:12,021 INFO: TUR,2025-06-04,Three White Soldiers
2025-10-19 19:49:12,021 INFO: TUR,2025-06-09,Morning Star
2025-10-19 19:49:12,021 INFO: TUR,2025-06-10,Three White Soldiers
2025-10-19 19:49:12,021 INFO: TUR,2025-06-20,Hammer
2025-10-19 19:49:12,022 INFO: TUR,2025-06-23,Bullish Engulfing
2025-10-19 19:49:12,078 INFO: TUR,2025-06-30,Hammer
2025-10-19 19:49:12,080 INFO: TUR,2025-07-01,Three White Soldiers
2025-10-19 19:49:12,080 INFO: TUR,2025-07-02,Three White Soldiers
2025-10-19 19:49:12,080 INFO: TUR,2025-07-09,Morning Star
2025-10-19 19:49:12,080 INFO: TUR,2025-08-01,Hammer
2025-10-19 19:49:12,080 INFO: TUR,2025-08-15,Hammer
2025-10-19 19:49:12,080 INFO: TUR,2025-08-18,Bullish Engulfing
2025-10-19 19:49:12,084 INFO: TUR,2025-08-20,Three White Soldiers
2025-10-19 19:49:12,084 INFO: TUR,2025-08-21,Three White Soldiers
2025-10-19 19:49:12,084 INFO: TUR,2025-08-22,Three White Soldiers
2025-10-19 19:49:12,085 INFO: TUR,2025-09-15,Morning Star
2025-10-19 19:49:12,085 INFO: TUR,2025-09-16,Three White Soldiers
2025-10-19 19:49:12,085 INFO: TUSK,2023-07-06,Hammer
2025-10-19 19:49:12,085 INFO: TUSK,2023-07-07,Morning Star
2025-10-19 19:49:12,085 INFO: TUSK,2023-07-11,Hammer
2025-10-19 19:49:12,085 INFO: TUSK,2023-07-11,Three White Soldiers
2025-10-19 19:49:12,085 INFO: TUSK,2023-07-11,Dragonfly Doji
2025-10-19 19:49:12,085 INFO: TUSK,2023-07-12,Three White Soldiers
2025-10-19 19:49:12,085 INFO: TUSK,2023-07-20,Hammer
2025-10-19 19:49:12,085 INFO: TUSK,2023-08-01,Bullish Engulfing
2025-10-19 19:49:12,086 INFO: TUSK,2023-08-07,Three White Soldiers
2025-10-19 19:49:12,086 INFO: TUSK,2023-08-11,Hammer
2025-10-19 19:49:12,086 INFO: TUSK,2023-08-18,Piercing Pattern
2025-10-19 19:49:12,115 INFO: TUSK,2023-08-22,Hammer
2025-10-19 19:49:12,116 INFO: TUSK,2023-08-23,Bullish Engulfing
2025-10-19 19:49:12,116 INFO: TUSK,2023-08-23,Morning Star
2025-10-19 19:49:12,116 INFO: TUSK,2023-08-29,Morning Star
2025-10-19 19:49:12,117 INFO: TUSK,2023-09-01,Morning Star
2025-10-19 19:49:12,117 INFO: TUSK,2023-09-12,Morning Star
2025-10-19 19:49:12,117 INFO: TUSK,2023-10-05,Hammer
2025-10-19 19:49:12,117 INFO: TUSK,2023-10-17,Morning Star
2025-10-19 19:49:12,117 INFO: TUSK,2023-10-23,Piercing Pattern
2025-10-19 19:49:12,118 INFO: TUSK,2023-10-30,Hammer
2025-10-19 19:49:12,119 INFO: TUSK,2023-11-15,Three White Soldiers
2025-10-19 19:49:12,119 INFO: TUSK,2023-11-21,Piercing Pattern
2025-10-19 19:49:12,119 INFO: TUSK,2023-11-27,Hammer
2025-10-19 19:49:12,120 INFO: TUSK,2023-11-27,Bullish Engulfing
2025-10-19 19:49:12,120 INFO: TUSK,2023-12-01,Bullish Engulfing
2025-10-19 19:49:12,120 INFO: TUSK,2023-12-11,Hammer
2025-10-19 19:49:12,120 INFO: TUSK,2023-12-13,Piercing Pattern
2025-10-19 19:49:12,120 INFO: TUSK,2023-12-19,Morning Star
2025-10-19 19:49:12,120 INFO: TUSK,2023-12-20,Three White Soldiers
2025-10-19 19:49:12,120 INFO: TUSK,2023-12-21,Three White Soldiers
2025-10-19 19:49:12,120 INFO: TUSK,2024-01-08,Hammer
2025-10-19 19:49:12,121 INFO: TUSK,2024-02-06,Morning Star
2025-10-19 19:49:12,184 INFO: TUSK,2024-02-07,Hammer
2025-10-19 19:49:12,184 INFO: TUSK,2024-02-22,Morning Star
2025-10-19 19:49:12,184 INFO: TUSK,2024-03-01,Hammer
2025-10-19 19:49:12,184 INFO: TUSK,2024-03-19,Three White Soldiers
2025-10-19 19:49:12,184 INFO: TUSK,2024-03-20,Three White Soldiers
2025-10-19 19:49:12,184 INFO: TUSK,2024-03-21,Three White Soldiers
2025-10-19 19:49:12,185 INFO: TUSK,2024-04-08,Morning Star
2025-10-19 19:49:12,185 INFO: TUSK,2024-04-10,Hammer
2025-10-19 19:49:12,185 INFO: TUSK,2024-04-16,Bullish Engulfing
2025-10-19 19:49:12,185 INFO: TUSK,2024-05-06,Piercing Pattern
2025-10-19 19:49:12,185 INFO: TUSK,2024-05-08,Piercing Pattern
2025-10-19 19:49:12,242 INFO: TUSK,2024-05-10,Three White Soldiers
2025-10-19 19:49:12,255 INFO: TUSK,2024-05-15,Hammer
2025-10-19 19:49:12,278 INFO: TUSK,2024-05-15,Dragonfly Doji
2025-10-19 19:49:12,278 INFO: TUSK,2024-05-16,Hammer
2025-10-19 19:49:12,278 INFO: TUSK,2024-05-16,Three White Soldiers
2025-10-19 19:49:12,278 INFO: TUSK,2024-05-22,Hammer
2025-10-19 19:49:12,278 INFO: TUSK,2024-06-11,Three White Soldiers
2025-10-19 19:49:12,311 INFO: TUSK,2024-07-12,Three White Soldiers
2025-10-19 19:49:12,313 INFO: TUSK,2024-07-22,Hammer
2025-10-19 19:49:12,313 INFO: TUSK,2024-07-22,Morning Star
2025-10-19 19:49:12,313 INFO: TUSK,2024-08-19,Bullish Engulfing
2025-10-19 19:49:12,313 INFO: TUSK,2024-08-30,Piercing Pattern
2025-10-19 19:49:12,313 INFO: TUSK,2024-09-05,Hammer
2025-10-19 19:49:12,313 INFO: TUSK,2024-09-11,Bullish Engulfing
2025-10-19 19:49:12,313 INFO: TUSK,2024-09-20,Bullish Engulfing
2025-10-19 19:49:12,313 INFO: TUSK,2024-09-26,Piercing Pattern
2025-10-19 19:49:12,313 INFO: TUSK,2024-10-01,Bullish Engulfing
2025-10-19 19:49:12,313 INFO: TUSK,2024-10-04,Bullish Engulfing
2025-10-19 19:49:12,313 INFO: TUSK,2024-10-08,Three White Soldiers
2025-10-19 19:49:12,313 INFO: TUSK,2024-10-09,Three White Soldiers
2025-10-19 19:49:12,313 INFO: TUSK,2024-10-23,Hammer
2025-10-19 19:49:12,313 INFO: TUSK,2024-10-28,Bullish Engulfing
2025-10-19 19:49:12,313 INFO: TUSK,2024-10-30,Piercing Pattern
2025-10-19 19:49:12,316 INFO: TUSK,2024-12-11,Hammer
2025-10-19 19:49:12,316 INFO: TUSK,2024-12-20,Piercing Pattern
2025-10-19 19:49:12,316 INFO: TUSK,2024-12-26,Morning Star
2025-10-19 19:49:12,316 INFO: TUSK,2024-12-31,Morning Star
2025-10-19 19:49:12,316 INFO: TUSK,2025-01-15,Three White Soldiers
2025-10-19 19:49:12,316 INFO: TUSK,2025-02-04,Morning Star
2025-10-19 19:49:12,316 INFO: TUSK,2025-02-20,Dragonfly Doji
2025-10-19 19:49:12,316 INFO: TUSK,2025-03-11,Morning Star
2025-10-19 19:49:12,316 INFO: TUSK,2025-03-12,Hammer
2025-10-19 19:49:12,316 INFO: TUSK,2025-03-21,Morning Star
2025-10-19 19:49:12,316 INFO: TUSK,2025-03-26,Hammer
2025-10-19 19:49:12,316 INFO: TUSK,2025-03-27,Morning Star
2025-10-19 19:49:12,316 INFO: TUSK,2025-04-02,Morning Star
2025-10-19 19:49:12,316 INFO: TUSK,2025-04-04,Piercing Pattern
2025-10-19 19:49:12,316 INFO: TUSK,2025-04-15,Morning Star
2025-10-19 19:49:12,316 INFO: TUSK,2025-04-24,Hammer
2025-10-19 19:49:12,316 INFO: TUSK,2025-04-28,Hammer
2025-10-19 19:49:12,316 INFO: TUSK,2025-04-28,Dragonfly Doji
2025-10-19 19:49:12,318 INFO: TUSK,2025-04-29,Bullish Engulfing
2025-10-19 19:49:12,318 INFO: TUSK,2025-05-29,Three White Soldiers
2025-10-19 19:49:12,322 INFO: TUSK,2025-06-06,Morning Star
2025-10-19 19:49:12,322 INFO: TUSK,2025-06-09,Three White Soldiers
2025-10-19 19:49:12,322 INFO: TUSK,2025-06-10,Three White Soldiers
2025-10-19 19:49:12,322 INFO: TUSK,2025-06-18,Three White Soldiers
2025-10-19 19:49:12,322 INFO: TUSK,2025-06-23,Bullish Engulfing
2025-10-19 19:49:12,322 INFO: TUSK,2025-07-17,Morning Star
2025-10-19 19:49:12,322 INFO: TUSK,2025-07-28,Three White Soldiers
2025-10-19 19:49:12,322 INFO: TUSK,2025-08-13,Morning Star
2025-10-19 19:49:12,322 INFO: TUSK,2025-09-11,Morning Star
2025-10-19 19:49:12,323 INFO: TVACU,2025-04-24,Dragonfly Doji
2025-10-19 19:49:12,323 INFO: TVACU,2025-04-25,Morning Star
2025-10-19 19:49:12,323 INFO: TVACU,2025-05-07,Dragonfly Doji
2025-10-19 19:49:12,323 INFO: TVACU,2025-05-12,Dragonfly Doji
2025-10-19 19:49:12,323 INFO: TVACU,2025-05-30,Hammer
2025-10-19 19:49:12,323 INFO: TVAIU,2025-05-20,Three White Soldiers
2025-10-19 19:49:12,323 INFO: TVAIU,2025-06-13,Three White Soldiers
2025-10-19 19:49:12,323 INFO: TVAIU,2025-07-25,Dragonfly Doji
2025-10-19 19:49:12,323 INFO: TVAI,2025-07-07,Dragonfly Doji
2025-10-19 19:49:12,323 INFO: TVAI,2025-07-28,Hammer
2025-10-19 19:49:12,323 INFO: TVAI,2025-08-05,Dragonfly Doji
2025-10-19 19:49:12,323 INFO: TVAI,2025-08-06,Dragonfly Doji
2025-10-19 19:49:12,323 INFO: TVAI,2025-08-07,Dragonfly Doji
2025-10-19 19:49:12,323 INFO: TVA,2025-05-30,Dragonfly Doji
2025-10-19 19:49:12,324 INFO: TVA,2025-06-02,Morning Star
2025-10-19 19:49:12,324 INFO: TVA,2025-06-04,Three White Soldiers
2025-10-19 19:49:12,324 INFO: TVA,2025-06-06,Bullish Engulfing
2025-10-19 19:49:12,324 INFO: TVA,2025-06-20,Morning Star
2025-10-19 19:49:12,324 INFO: TVA,2025-07-14,Hammer
2025-10-19 19:49:12,324 INFO: TVRD,2023-07-12,Three White Soldiers
2025-10-19 19:49:12,324 INFO: TVRD,2023-07-13,Three White Soldiers
2025-10-19 19:49:12,325 INFO: TVRD,2023-07-14,Hammer
2025-10-19 19:49:12,325 INFO: TVRD,2023-07-19,Three White Soldiers
2025-10-19 19:49:12,325 INFO: TVRD,2023-07-28,Three White Soldiers
2025-10-19 19:49:12,325 INFO: TVRD,2023-07-31,Three White Soldiers
2025-10-19 19:49:12,325 INFO: TVRD,2023-08-03,Bullish Engulfing
2025-10-19 19:49:12,325 INFO: TVRD,2023-08-23,Piercing Pattern
2025-10-19 19:49:12,325 INFO: TVRD,2023-09-15,Three White Soldiers
2025-10-19 19:49:12,325 INFO: TVRD,2023-09-26,Morning Star
2025-10-19 19:49:12,325 INFO: TVRD,2023-09-28,Dragonfly Doji
2025-10-19 19:49:12,325 INFO: TVRD,2023-10-09,Hammer
2025-10-19 19:49:12,325 INFO: TVRD,2023-10-16,Morning Star
2025-10-19 19:49:12,325 INFO: TVRD,2023-10-17,Three White Soldiers
2025-10-19 19:49:12,325 INFO: TVRD,2023-11-03,Morning Star
2025-10-19 19:49:12,325 INFO: TVRD,2023-11-24,Hammer
2025-10-19 19:49:12,325 INFO: TVRD,2023-11-28,Hammer
2025-10-19 19:49:12,325 INFO: TVRD,2023-12-01,Bullish Engulfing
2025-10-19 19:49:12,326 INFO: TVRD,2023-12-07,Three White Soldiers
2025-10-19 19:49:12,326 INFO: TVRD,2023-12-08,Three White Soldiers
2025-10-19 19:49:12,326 INFO: TVRD,2023-12-12,Hammer
2025-10-19 19:49:12,326 INFO: TVRD,2023-12-13,Hammer
2025-10-19 19:49:12,326 INFO: TVRD,2023-12-14,Piercing Pattern
2025-10-19 19:49:12,326 INFO: TVRD,2023-12-28,Bullish Engulfing
2025-10-19 19:49:12,326 INFO: TVRD,2024-01-02,Piercing Pattern
2025-10-19 19:49:12,326 INFO: TVRD,2024-01-19,Morning Star
2025-10-19 19:49:12,326 INFO: TVRD,2024-01-25,Hammer
2025-10-19 19:49:12,327 INFO: TVRD,2024-01-26,Hammer
2025-10-19 19:49:12,327 INFO: TVRD,2024-01-26,Morning Star
2025-10-19 19:49:12,327 INFO: TVRD,2024-01-29,Three White Soldiers
2025-10-19 19:49:12,327 INFO: TVRD,2024-02-05,Hammer
2025-10-19 19:49:12,327 INFO: TVRD,2024-02-09,Morning Star
2025-10-19 19:49:12,327 INFO: TVRD,2024-02-14,Piercing Pattern
2025-10-19 19:49:12,327 INFO: TVRD,2024-02-16,Three White Soldiers
2025-10-19 19:49:12,327 INFO: TVRD,2024-02-20,Three White Soldiers
2025-10-19 19:49:12,327 INFO: TVRD,2024-02-21,Three White Soldiers
2025-10-19 19:49:12,327 INFO: TVRD,2024-02-22,Three White Soldiers
2025-10-19 19:49:12,327 INFO: TVRD,2024-02-23,Three White Soldiers
2025-10-19 19:49:12,328 INFO: TVRD,2024-03-01,Bullish Engulfing
2025-10-19 19:49:12,328 INFO: TVRD,2024-03-01,Morning Star
2025-10-19 19:49:12,328 INFO: TVRD,2024-03-07,Three White Soldiers
2025-10-19 19:49:12,328 INFO: TVRD,2024-03-15,Bullish Engulfing
2025-10-19 19:49:12,328 INFO: TVRD,2024-03-20,Piercing Pattern
2025-10-19 19:49:12,328 INFO: TVRD,2024-04-02,Bullish Engulfing
2025-10-19 19:49:12,328 INFO: TVRD,2024-04-08,Hammer
2025-10-19 19:49:12,328 INFO: TVRD,2024-04-16,Dragonfly Doji
2025-10-19 19:49:12,328 INFO: TVRD,2024-04-22,Bullish Engulfing
2025-10-19 19:49:12,328 INFO: TVRD,2024-04-25,Piercing Pattern
2025-10-19 19:49:12,328 INFO: TVRD,2024-04-29,Bullish Engulfing
2025-10-19 19:49:12,328 INFO: TVRD,2024-05-07,Hammer
2025-10-19 19:49:12,328 INFO: TVRD,2024-05-22,Morning Star
2025-10-19 19:49:12,328 INFO: TVRD,2024-05-31,Morning Star
2025-10-19 19:49:12,328 INFO: TVRD,2024-07-02,Morning Star
2025-10-19 19:49:12,328 INFO: TVRD,2024-07-03,Morning Star
2025-10-19 19:49:12,328 INFO: TVRD,2024-07-22,Bullish Engulfing
2025-10-19 19:49:12,329 INFO: TVRD,2024-07-30,Hammer
2025-10-19 19:49:12,329 INFO: TVRD,2024-08-20,Bullish Engulfing
2025-10-19 19:49:12,329 INFO: TVRD,2024-08-23,Bullish Engulfing
2025-10-19 19:49:12,329 INFO: TVRD,2024-08-26,Hammer
2025-10-19 19:49:12,329 INFO: TVRD,2024-08-30,Morning Star
2025-10-19 19:49:12,329 INFO: TVRD,2024-09-27,Three White Soldiers
2025-10-19 19:49:12,329 INFO: TVRD,2024-09-30,Three White Soldiers
2025-10-19 19:49:12,329 INFO: TVRD,2024-10-14,Bullish Engulfing
2025-10-19 19:49:12,329 INFO: TVRD,2024-10-17,Three White Soldiers
2025-10-19 19:49:12,329 INFO: TVRD,2024-10-22,Three White Soldiers
2025-10-19 19:49:12,329 INFO: TVRD,2024-10-30,Bullish Engulfing
2025-10-19 19:49:12,329 INFO: TVRD,2024-11-07,Three White Soldiers
2025-10-19 19:49:12,329 INFO: TVRD,2024-11-14,Piercing Pattern
2025-10-19 19:49:12,329 INFO: TVRD,2024-11-21,Three White Soldiers
2025-10-19 19:49:12,329 INFO: TVRD,2024-11-29,Morning Star
2025-10-19 19:49:12,329 INFO: TVRD,2024-12-09,Bullish Engulfing
2025-10-19 19:49:12,329 INFO: TVRD,2024-12-17,Hammer
2025-10-19 19:49:12,329 INFO: TVRD,2024-12-18,Bullish Engulfing
2025-10-19 19:49:12,329 INFO: TVRD,2024-12-20,Three White Soldiers
2025-10-19 19:49:12,329 INFO: TVRD,2024-12-23,Three White Soldiers
2025-10-19 19:49:12,330 INFO: TVRD,2024-12-24,Three White Soldiers
2025-10-19 19:49:12,330 INFO: TVRD,2024-12-26,Dragonfly Doji
2025-10-19 19:49:12,330 INFO: TVRD,2024-12-31,Bullish Engulfing
2025-10-19 19:49:12,330 INFO: TVRD,2024-12-31,Morning Star
2025-10-19 19:49:12,330 INFO: TVRD,2025-01-24,Three White Soldiers
2025-10-19 19:49:12,330 INFO: TVRD,2025-02-04,Piercing Pattern
2025-10-19 19:49:12,330 INFO: TVRD,2025-02-05,Hammer
2025-10-19 19:49:12,330 INFO: TVRD,2025-02-10,Bullish Engulfing
2025-10-19 19:49:12,330 INFO: TVRD,2025-02-20,Hammer
2025-10-19 19:49:12,330 INFO: TVRD,2025-03-07,Three White Soldiers
2025-10-19 19:49:12,330 INFO: TVRD,2025-03-19,Hammer
2025-10-19 19:49:12,330 INFO: TVRD,2025-03-21,Bullish Engulfing
2025-10-19 19:49:12,330 INFO: TVRD,2025-03-26,Bullish Engulfing
2025-10-19 19:49:12,330 INFO: TVRD,2025-03-31,Hammer
2025-10-19 19:49:12,330 INFO: TVRD,2025-04-14,Three White Soldiers
2025-10-19 19:49:12,331 INFO: TVRD,2025-04-28,Three White Soldiers
2025-10-19 19:49:12,331 INFO: TVRD,2025-04-29,Three White Soldiers
2025-10-19 19:49:12,331 INFO: TVRD,2025-04-30,Three White Soldiers
2025-10-19 19:49:12,331 INFO: TVRD,2025-05-01,Three White Soldiers
2025-10-19 19:49:12,331 INFO: TVRD,2025-05-02,Three White Soldiers
2025-10-19 19:49:12,331 INFO: TVRD,2025-05-05,Three White Soldiers
2025-10-19 19:49:12,331 INFO: TVRD,2025-05-21,Three White Soldiers
2025-10-19 19:49:12,331 INFO: TVRD,2025-05-22,Three White Soldiers
2025-10-19 19:49:12,331 INFO: TVRD,2025-06-06,Morning Star
2025-10-19 19:49:12,331 INFO: TVRD,2025-06-23,Hammer
2025-10-19 19:49:12,331 INFO: TVRD,2025-07-03,Bullish Engulfing
2025-10-19 19:49:12,331 INFO: TVRD,2025-07-08,Piercing Pattern
2025-10-19 19:49:12,332 INFO: TVRD,2025-07-10,Three White Soldiers
2025-10-19 19:49:12,332 INFO: TVRD,2025-07-11,Three White Soldiers
2025-10-19 19:49:12,332 INFO: TVRD,2025-07-14,Three White Soldiers
2025-10-19 19:49:12,332 INFO: TVRD,2025-07-21,Three White Soldiers
2025-10-19 19:49:12,332 INFO: TVRD,2025-08-01,Morning Star
2025-10-19 19:49:12,332 INFO: TVRD,2025-08-11,Morning Star
2025-10-19 19:49:12,332 INFO: TVRD,2025-08-18,Bullish Engulfing
2025-10-19 19:49:12,332 INFO: TVRD,2025-08-25,Three White Soldiers
2025-10-19 19:49:12,332 INFO: TVRD,2025-08-26,Three White Soldiers
2025-10-19 19:49:12,332 INFO: TVRD,2025-08-27,Three White Soldiers
2025-10-19 19:49:12,332 INFO: TVRD,2025-09-04,Bullish Engulfing
2025-10-19 19:49:12,332 INFO: TVRD,2025-09-11,Three White Soldiers
2025-10-19 19:49:12,332 INFO: TVRD,2025-09-17,Morning Star
2025-10-19 19:49:12,332 INFO: TVRD,2025-09-22,Hammer
2025-10-19 19:49:12,332 INFO: TVRD,2025-09-22,Dragonfly Doji
2025-10-19 19:49:12,333 INFO: TVTX,2023-07-17,Hammer
2025-10-19 19:49:12,333 INFO: TVTX,2023-07-25,Piercing Pattern
2025-10-19 19:49:12,333 INFO: TVTX,2023-07-27,Three White Soldiers
2025-10-19 19:49:12,333 INFO: TVTX,2023-07-28,Three White Soldiers
2025-10-19 19:49:12,333 INFO: TVTX,2023-08-07,Hammer
2025-10-19 19:49:12,333 INFO: TVTX,2023-08-10,Bullish Engulfing
2025-10-19 19:49:12,333 INFO: TVTX,2023-08-14,Bullish Engulfing
2025-10-19 19:49:12,333 INFO: TVTX,2023-08-24,Morning Star
2025-10-19 19:49:12,333 INFO: TVTX,2023-08-31,Morning Star
2025-10-19 19:49:12,333 INFO: TVTX,2023-09-08,Bullish Engulfing
2025-10-19 19:49:12,333 INFO: TVTX,2023-09-26,Three White Soldiers
2025-10-19 19:49:12,334 INFO: TVTX,2023-10-13,Hammer
2025-10-19 19:49:12,334 INFO: TVTX,2023-10-20,Morning Star
2025-10-19 19:49:12,334 INFO: TVTX,2023-11-15,Three White Soldiers
2025-10-19 19:49:12,334 INFO: TVTX,2023-11-28,Bullish Engulfing
2025-10-19 19:49:12,334 INFO: TVTX,2023-12-01,Piercing Pattern
2025-10-19 19:49:12,334 INFO: TVTX,2023-12-06,Morning Star
2025-10-19 19:49:12,334 INFO: TVTX,2023-12-07,Three White Soldiers
2025-10-19 19:49:12,334 INFO: TVTX,2023-12-12,Three White Soldiers
2025-10-19 19:49:12,334 INFO: TVTX,2023-12-13,Three White Soldiers
2025-10-19 19:49:12,334 INFO: TVTX,2023-12-21,Hammer
2025-10-19 19:49:12,334 INFO: TVTX,2023-12-22,Morning Star
2025-10-19 19:49:12,334 INFO: TVTX,2023-12-26,Three White Soldiers
2025-10-19 19:49:12,334 INFO: TVTX,2024-01-02,Bullish Engulfing
2025-10-19 19:49:12,334 INFO: TVTX,2024-01-08,Bullish Engulfing
2025-10-19 19:49:12,334 INFO: TVTX,2024-01-17,Piercing Pattern
2025-10-19 19:49:12,334 INFO: TVTX,2024-01-23,Morning Star
2025-10-19 19:49:12,334 INFO: TVTX,2024-02-02,Hammer
2025-10-19 19:49:12,334 INFO: TVTX,2024-02-09,Morning Star
2025-10-19 19:49:12,334 INFO: TVTX,2024-02-12,Three White Soldiers
2025-10-19 19:49:12,334 INFO: TVTX,2024-02-15,Morning Star
2025-10-19 19:49:12,334 INFO: TVTX,2024-03-13,Bullish Engulfing
2025-10-19 19:49:12,334 INFO: TVTX,2024-03-19,Bullish Engulfing
2025-10-19 19:49:12,334 INFO: TVTX,2024-03-21,Three White Soldiers
2025-10-19 19:49:12,334 INFO: TVTX,2024-04-05,Piercing Pattern
2025-10-19 19:49:12,334 INFO: TVTX,2024-04-25,Hammer
2025-10-19 19:49:12,334 INFO: TVTX,2024-05-01,Three White Soldiers
2025-10-19 19:49:12,334 INFO: TVTX,2024-05-02,Hammer
2025-10-19 19:49:12,334 INFO: TVTX,2024-05-02,Three White Soldiers
2025-10-19 19:49:12,334 INFO: TVTX,2024-05-14,Morning Star
2025-10-19 19:49:12,334 INFO: TVTX,2024-05-21,Morning Star
2025-10-19 19:49:12,335 INFO: TVTX,2024-05-30,Three White Soldiers
2025-10-19 19:49:12,335 INFO: TVTX,2024-05-31,Three White Soldiers
2025-10-19 19:49:12,335 INFO: TVTX,2024-06-03,Three White Soldiers
2025-10-19 19:49:12,335 INFO: TVTX,2024-06-05,Bullish Engulfing
2025-10-19 19:49:12,335 INFO: TVTX,2024-06-13,Hammer
2025-10-19 19:49:12,335 INFO: TVTX,2024-06-25,Three White Soldiers
2025-10-19 19:49:12,335 INFO: TVTX,2024-06-26,Three White Soldiers
2025-10-19 19:49:12,335 INFO: TVTX,2024-06-27,Three White Soldiers
2025-10-19 19:49:12,335 INFO: TVTX,2024-06-28,Hammer
2025-10-19 19:49:12,335 INFO: TVTX,2024-07-08,Morning Star
2025-10-19 19:49:12,335 INFO: TVTX,2024-07-09,Three White Soldiers
2025-10-19 19:49:12,335 INFO: TVTX,2024-07-10,Three White Soldiers
2025-10-19 19:49:12,335 INFO: TVTX,2024-07-11,Three White Soldiers
2025-10-19 19:49:12,335 INFO: TVTX,2024-07-23,Piercing Pattern
2025-10-19 19:49:12,336 INFO: TVTX,2024-08-08,Hammer
2025-10-19 19:49:12,336 INFO: TVTX,2024-08-23,Morning Star
2025-10-19 19:49:12,336 INFO: TVTX,2024-09-03,Three White Soldiers
2025-10-19 19:49:12,336 INFO: TVTX,2024-09-04,Three White Soldiers
2025-10-19 19:49:12,336 INFO: TVTX,2024-09-05,Hammer
2025-10-19 19:49:12,336 INFO: TVTX,2024-09-12,Piercing Pattern
2025-10-19 19:49:12,336 INFO: TVTX,2024-09-16,Three White Soldiers
2025-10-19 19:49:12,336 INFO: TVTX,2024-09-17,Three White Soldiers
2025-10-19 19:49:12,336 INFO: TVTX,2024-10-15,Hammer
2025-10-19 19:49:12,336 INFO: TVTX,2024-10-16,Hammer
2025-10-19 19:49:12,336 INFO: TVTX,2024-10-29,Morning Star
2025-10-19 19:49:12,336 INFO: TVTX,2024-11-04,Bullish Engulfing
2025-10-19 19:49:12,336 INFO: TVTX,2024-11-08,Morning Star
2025-10-19 19:49:12,336 INFO: TVTX,2024-11-20,Morning Star
2025-10-19 19:49:12,337 INFO: TVTX,2024-12-02,Morning Star
2025-10-19 19:49:12,337 INFO: TVTX,2024-12-09,Hammer
2025-10-19 19:49:12,337 INFO: TVTX,2024-12-24,Hammer
2025-10-19 19:49:12,337 INFO: TVTX,2025-01-07,Morning Star
2025-10-19 19:49:12,337 INFO: TVTX,2025-01-13,Piercing Pattern
2025-10-19 19:49:12,337 INFO: TVTX,2025-01-16,Morning Star
2025-10-19 19:49:12,337 INFO: TVTX,2025-01-28,Morning Star
2025-10-19 19:49:12,337 INFO: TVTX,2025-02-05,Three White Soldiers
2025-10-19 19:49:12,337 INFO: TVTX,2025-02-06,Three White Soldiers
2025-10-19 19:49:12,337 INFO: TVTX,2025-02-13,Bullish Engulfing
2025-10-19 19:49:12,337 INFO: TVTX,2025-02-19,Bullish Engulfing
2025-10-19 19:49:12,338 INFO: TVTX,2025-03-12,Three White Soldiers
2025-10-19 19:49:12,338 INFO: TVTX,2025-03-19,Piercing Pattern
2025-10-19 19:49:12,338 INFO: TVTX,2025-04-02,Piercing Pattern
2025-10-19 19:49:12,338 INFO: TVTX,2025-04-14,Hammer
2025-10-19 19:49:12,338 INFO: TVTX,2025-04-15,Piercing Pattern
2025-10-19 19:49:12,338 INFO: TVTX,2025-04-16,Hammer
2025-10-19 19:49:12,338 INFO: TVTX,2025-04-17,Bullish Engulfing
2025-10-19 19:49:12,338 INFO: TVTX,2025-04-22,Three White Soldiers
2025-10-19 19:49:12,338 INFO: TVTX,2025-04-23,Three White Soldiers
2025-10-19 19:49:12,338 INFO: TVTX,2025-04-24,Three White Soldiers
2025-10-19 19:49:12,338 INFO: TVTX,2025-04-25,Three White Soldiers
2025-10-19 19:49:12,338 INFO: TVTX,2025-04-28,Three White Soldiers
2025-10-19 19:49:12,338 INFO: TVTX,2025-04-29,Three White Soldiers
2025-10-19 19:49:12,338 INFO: TVTX,2025-04-30,Three White Soldiers
2025-10-19 19:49:12,338 INFO: TVTX,2025-05-08,Hammer
2025-10-19 19:49:12,338 INFO: TVTX,2025-05-20,Morning Star
2025-10-19 19:49:12,338 INFO: TVTX,2025-06-03,Hammer
2025-10-19 19:49:12,338 INFO: TVTX,2025-06-12,Piercing Pattern
2025-10-19 19:49:12,338 INFO: TVTX,2025-06-18,Piercing Pattern
2025-10-19 19:49:12,339 INFO: TVTX,2025-06-23,Piercing Pattern
2025-10-19 19:49:12,339 INFO: TVTX,2025-07-03,Three White Soldiers
2025-10-19 19:49:12,339 INFO: TVTX,2025-07-10,Three White Soldiers
2025-10-19 19:49:12,339 INFO: TVTX,2025-07-23,Morning Star
2025-10-19 19:49:12,339 INFO: TVTX,2025-08-04,Three White Soldiers
2025-10-19 19:49:12,339 INFO: TVTX,2025-08-05,Three White Soldiers
2025-10-19 19:49:12,339 INFO: TVTX,2025-08-06,Three White Soldiers
2025-10-19 19:49:12,339 INFO: TVTX,2025-08-07,Hammer
2025-10-19 19:49:12,340 INFO: TVTX,2025-08-11,Morning Star
2025-10-19 19:49:12,340 INFO: TVTX,2025-08-13,Three White Soldiers
2025-10-19 19:49:12,341 INFO: TVTX,2025-08-14,Three White Soldiers
2025-10-19 19:49:12,341 INFO: TVTX,2025-08-15,Three White Soldiers
2025-10-19 19:49:12,342 INFO: TVTX,2025-09-02,Bullish Engulfing
2025-10-19 19:49:12,342 INFO: TVTX,2025-09-04,Three White Soldiers
2025-10-19 19:49:12,422 INFO: TVTX,2025-09-05,Three White Soldiers
2025-10-19 19:49:12,460 INFO: TVTX,2025-09-19,Three White Soldiers
2025-10-19 19:49:12,461 INFO: TVTX,2025-09-22,Three White Soldiers
2025-10-19 19:49:12,461 INFO: TVTX,2025-09-26,Three White Soldiers
2025-10-19 19:49:12,461 INFO: TWFG,2024-07-29,Bullish Engulfing
2025-10-19 19:49:12,489 INFO: TWFG,2024-07-31,Three White Soldiers
2025-10-19 19:49:12,490 INFO: TWFG,2024-08-01,Hammer
2025-10-19 19:49:12,490 INFO: TWFG,2024-08-21,Hammer
2025-10-19 19:49:12,491 INFO: TWFG,2024-08-26,Dragonfly Doji
2025-10-19 19:49:12,491 INFO: TWFG,2024-08-27,Bullish Engulfing
2025-10-19 19:49:12,491 INFO: TWFG,2024-08-28,Hammer
2025-10-19 19:49:12,491 INFO: TWFG,2024-08-30,Three White Soldiers
2025-10-19 19:49:12,491 INFO: TWFG,2024-09-03,Three White Soldiers
2025-10-19 19:49:12,492 INFO: TWFG,2024-09-04,Three White Soldiers
2025-10-19 19:49:12,492 INFO: TWFG,2024-09-05,Three White Soldiers
2025-10-19 19:49:12,497 INFO: TWFG,2024-09-11,Bullish Engulfing
2025-10-19 19:49:12,497 INFO: TWFG,2024-09-20,Piercing Pattern
2025-10-19 19:49:12,497 INFO: TWFG,2024-09-26,Morning Star
2025-10-19 19:49:12,498 INFO: TWFG,2024-10-02,Bullish Engulfing
2025-10-19 19:49:12,524 INFO: TWFG,2024-10-04,Hammer
2025-10-19 19:49:12,524 INFO: TWFG,2024-10-08,Bullish Engulfing
2025-10-19 19:49:12,524 INFO: TWFG,2024-10-10,Three White Soldiers
2025-10-19 19:49:12,525 INFO: TWFG,2024-10-24,Morning Star
2025-10-19 19:49:12,525 INFO: TWFG,2024-11-05,Bullish Engulfing
2025-10-19 19:49:12,525 INFO: TWFG,2024-11-18,Bullish Engulfing
2025-10-19 19:49:12,525 INFO: TWFG,2024-11-18,Morning Star
2025-10-19 19:49:12,525 INFO: TWFG,2024-11-20,Three White Soldiers
2025-10-19 19:49:12,525 INFO: TWFG,2024-11-21,Three White Soldiers
2025-10-19 19:49:12,525 INFO: TWFG,2024-11-22,Three White Soldiers
2025-10-19 19:49:12,525 INFO: TWFG,2024-11-27,Morning Star
2025-10-19 19:49:12,525 INFO: TWFG,2024-12-04,Bullish Engulfing
2025-10-19 19:49:12,525 INFO: TWFG,2024-12-13,Morning Star
2025-10-19 19:49:12,525 INFO: TWFG,2024-12-26,Bullish Engulfing
2025-10-19 19:49:12,525 INFO: TWFG,2024-12-30,Hammer
2025-10-19 19:49:12,525 INFO: TWFG,2024-12-30,Piercing Pattern
2025-10-19 19:49:12,525 INFO: TWFG,2025-01-10,Bullish Engulfing
2025-10-19 19:49:12,525 INFO: TWFG,2025-02-03,Bullish Engulfing
2025-10-19 19:49:12,525 INFO: TWFG,2025-02-27,Hammer
2025-10-19 19:49:12,526 INFO: TWFG,2025-02-28,Hammer
2025-10-19 19:49:12,526 INFO: TWFG,2025-03-12,Hammer
2025-10-19 19:49:12,526 INFO: TWFG,2025-03-17,Morning Star
2025-10-19 19:49:12,526 INFO: TWFG,2025-03-19,Three White Soldiers
2025-10-19 19:49:12,527 INFO: TWFG,2025-03-27,Morning Star
2025-10-19 19:49:12,527 INFO: TWFG,2025-04-02,Bullish Engulfing
2025-10-19 19:49:12,527 INFO: TWFG,2025-04-09,Bullish Engulfing
2025-10-19 19:49:12,527 INFO: TWFG,2025-04-15,Three White Soldiers
2025-10-19 19:49:12,527 INFO: TWFG,2025-05-05,Three White Soldiers
2025-10-19 19:49:12,527 INFO: TWFG,2025-05-06,Three White Soldiers
2025-10-19 19:49:12,527 INFO: TWFG,2025-05-12,Morning Star
2025-10-19 19:49:12,527 INFO: TWFG,2025-05-15,Morning Star
2025-10-19 19:49:12,527 INFO: TWFG,2025-06-02,Morning Star
2025-10-19 19:49:12,559 INFO: TWFG,2025-06-06,Morning Star
2025-10-19 19:49:12,560 INFO: TWFG,2025-06-09,Hammer
2025-10-19 19:49:12,560 INFO: TWFG,2025-06-16,Hammer
2025-10-19 19:49:12,560 INFO: TWFG,2025-06-18,Bullish Engulfing
2025-10-19 19:49:12,560 INFO: TWFG,2025-06-23,Three White Soldiers
2025-10-19 19:49:12,560 INFO: TWFG,2025-06-27,Morning Star
2025-10-19 19:49:12,560 INFO: TWFG,2025-07-03,Bullish Engulfing
2025-10-19 19:49:12,560 INFO: TWFG,2025-07-23,Hammer
2025-10-19 19:49:12,560 INFO: TWFG,2025-07-31,Morning Star
2025-10-19 19:49:12,560 INFO: TWFG,2025-08-13,Bullish Engulfing
2025-10-19 19:49:12,560 INFO: TWFG,2025-08-19,Bullish Engulfing
2025-10-19 19:49:12,560 INFO: TWFG,2025-08-22,Morning Star
2025-10-19 19:49:12,560 INFO: TWFG,2025-08-27,Piercing Pattern
2025-10-19 19:49:12,560 INFO: TWFG,2025-09-08,Piercing Pattern
2025-10-19 19:49:12,560 INFO: TWFG,2025-09-11,Bullish Engulfing
2025-10-19 19:49:12,560 INFO: TWFG,2025-09-18,Three White Soldiers
2025-10-19 19:49:12,560 INFO: TWFG,2025-09-22,Bullish Engulfing
2025-10-19 19:49:12,560 INFO: TWFG,2025-09-25,Bullish Engulfing
2025-10-19 19:49:12,560 INFO: TWG,2024-05-02,Morning Star
2025-10-19 19:49:12,560 INFO: TWG,2024-05-08,Hammer
2025-10-19 19:49:12,560 INFO: TWG,2024-05-13,Hammer
2025-10-19 19:49:12,561 INFO: TWG,2024-05-16,Bullish Engulfing
2025-10-19 19:49:12,561 INFO: TWG,2024-06-05,Hammer
2025-10-19 19:49:12,561 INFO: TWG,2024-06-12,Hammer
2025-10-19 19:49:12,561 INFO: TWG,2024-06-13,Bullish Engulfing
2025-10-19 19:49:12,561 INFO: TWG,2024-06-27,Hammer
2025-10-19 19:49:12,561 INFO: TWG,2024-07-08,Hammer
2025-10-19 19:49:12,561 INFO: TWG,2024-07-09,Piercing Pattern
2025-10-19 19:49:12,563 INFO: TWG,2024-07-09,Morning Star
2025-10-19 19:49:12,563 INFO: TWG,2024-07-11,Hammer
2025-10-19 19:49:12,564 INFO: TWG,2024-07-11,Dragonfly Doji
2025-10-19 19:49:12,564 INFO: TWG,2024-07-18,Morning Star
2025-10-19 19:49:12,564 INFO: TWG,2024-07-22,Bullish Engulfing
2025-10-19 19:49:12,564 INFO: TWG,2024-07-24,Piercing Pattern
2025-10-19 19:49:12,564 INFO: TWG,2024-07-29,Hammer
2025-10-19 19:49:12,564 INFO: TWG,2024-07-29,Dragonfly Doji
2025-10-19 19:49:12,564 INFO: TWG,2024-07-30,Hammer
2025-10-19 19:49:12,564 INFO: TWG,2024-08-01,Morning Star
2025-10-19 19:49:12,564 INFO: TWG,2024-08-05,Hammer
2025-10-19 19:49:12,564 INFO: TWG,2024-08-06,Morning Star
2025-10-19 19:49:12,564 INFO: TWG,2024-08-07,Hammer
2025-10-19 19:49:12,564 INFO: TWG,2024-08-15,Hammer
2025-10-19 19:49:12,564 INFO: TWG,2024-08-20,Hammer
2025-10-19 19:49:12,564 INFO: TWG,2024-08-20,Dragonfly Doji
2025-10-19 19:49:12,564 INFO: TWG,2024-08-29,Hammer
2025-10-19 19:49:12,564 INFO: TWG,2024-09-04,Morning Star
2025-10-19 19:49:12,564 INFO: TWG,2024-09-13,Morning Star
2025-10-19 19:49:12,564 INFO: TWG,2024-09-16,Three White Soldiers
2025-10-19 19:49:12,564 INFO: TWG,2024-09-17,Hammer
2025-10-19 19:49:12,564 INFO: TWG,2024-09-23,Three White Soldiers
2025-10-19 19:49:12,594 INFO: TWG,2024-09-26,Morning Star
2025-10-19 19:49:12,595 INFO: TWG,2024-10-07,Morning Star
2025-10-19 19:49:12,595 INFO: TWG,2024-10-16,Bullish Engulfing
2025-10-19 19:49:12,595 INFO: TWG,2024-10-16,Morning Star
2025-10-19 19:49:12,595 INFO: TWG,2024-10-21,Bullish Engulfing
2025-10-19 19:49:12,596 INFO: TWG,2024-10-24,Bullish Engulfing
2025-10-19 19:49:12,596 INFO: TWG,2024-11-13,Hammer
2025-10-19 19:49:12,596 INFO: TWG,2024-11-18,Bullish Engulfing
2025-10-19 19:49:12,596 INFO: TWG,2024-11-22,Bullish Engulfing
2025-10-19 19:49:12,596 INFO: TWG,2024-12-23,Piercing Pattern
2025-10-19 19:49:12,597 INFO: TWG,2024-12-24,Hammer
2025-10-19 19:49:12,598 INFO: TWG,2024-12-26,Three White Soldiers
2025-10-19 19:49:12,598 INFO: TWG,2025-01-03,Hammer
2025-10-19 19:49:12,603 INFO: TWG,2025-01-15,Bullish Engulfing
2025-10-19 19:49:12,604 INFO: TWG,2025-02-06,Piercing Pattern
2025-10-19 19:49:12,604 INFO: TWG,2025-02-10,Hammer
2025-10-19 19:49:12,604 INFO: TWG,2025-02-24,Hammer
2025-10-19 19:49:12,628 INFO: TWG,2025-02-26,Hammer
2025-10-19 19:49:12,628 INFO: TWG,2025-03-07,Morning Star
2025-10-19 19:49:12,628 INFO: TWG,2025-03-12,Hammer
2025-10-19 19:49:12,628 INFO: TWG,2025-03-27,Bullish Engulfing
2025-10-19 19:49:12,719 INFO: TWG,2025-04-15,Bullish Engulfing
2025-10-19 19:49:12,719 INFO: TWG,2025-04-15,Morning Star
2025-10-19 19:49:12,719 INFO: TWG,2025-05-22,Hammer
2025-10-19 19:49:12,719 INFO: TWG,2025-06-02,Bullish Engulfing
2025-10-19 19:49:12,719 INFO: TWG,2025-06-10,Bullish Engulfing
2025-10-19 19:49:12,719 INFO: TWG,2025-06-10,Morning Star
2025-10-19 19:49:12,719 INFO: TWG,2025-06-12,Three White Soldiers
2025-10-19 19:49:12,720 INFO: TWG,2025-07-02,Hammer
2025-10-19 19:49:12,720 INFO: TWG,2025-07-09,Morning Star
2025-10-19 19:49:12,720 INFO: TWG,2025-07-10,Hammer
2025-10-19 19:49:12,721 INFO: TWG,2025-07-15,Bullish Engulfing
2025-10-19 19:49:12,721 INFO: TWG,2025-07-22,Hammer
2025-10-19 19:49:12,721 INFO: TWG,2025-07-28,Hammer
2025-10-19 19:49:12,721 INFO: TWG,2025-07-30,Bullish Engulfing
2025-10-19 19:49:12,721 INFO: TWG,2025-08-11,Hammer
2025-10-19 19:49:12,721 INFO: TWG,2025-08-12,Piercing Pattern
2025-10-19 19:49:12,721 INFO: TWG,2025-08-28,Bullish Engulfing
2025-10-19 19:49:12,726 INFO: TWG,2025-09-03,Bullish Engulfing
2025-10-19 19:49:12,726 INFO: TWG,2025-09-08,Hammer
2025-10-19 19:49:12,726 INFO: TWG,2025-09-08,Dragonfly Doji
2025-10-19 19:49:12,727 INFO: TWG,2025-09-09,Hammer
2025-10-19 19:49:12,727 INFO: TWG,2025-09-09,Dragonfly Doji
2025-10-19 19:49:12,727 INFO: TWG,2025-09-15,Bullish Engulfing
2025-10-19 19:49:12,727 INFO: TWG,2025-09-26,Bullish Engulfing
2025-10-19 19:49:12,727 INFO: TWIN,2023-07-19,Hammer
2025-10-19 19:49:12,727 INFO: TWIN,2023-07-19,Morning Star
2025-10-19 19:49:12,752 INFO: TWIN,2023-07-24,Hammer
2025-10-19 19:49:12,753 INFO: TWIN,2023-07-25,Bullish Engulfing
2025-10-19 19:49:12,753 INFO: TWIN,2023-08-01,Three White Soldiers
2025-10-19 19:49:12,753 INFO: TWIN,2023-08-04,Piercing Pattern
2025-10-19 19:49:12,753 INFO: TWIN,2023-08-07,Hammer
2025-10-19 19:49:12,754 INFO: TWIN,2023-08-09,Morning Star
2025-10-19 19:49:12,754 INFO: TWIN,2023-08-10,Hammer
2025-10-19 19:49:12,754 INFO: TWIN,2023-08-17,Bullish Engulfing
2025-10-19 19:49:12,754 INFO: TWIN,2023-08-23,Three White Soldiers
2025-10-19 19:49:12,754 INFO: TWIN,2023-08-28,Hammer
2025-10-19 19:49:12,755 INFO: TWIN,2023-09-06,Hammer
2025-10-19 19:49:12,755 INFO: TWIN,2023-09-18,Dragonfly Doji
2025-10-19 19:49:12,756 INFO: TWIN,2023-09-25,Bullish Engulfing
2025-10-19 19:49:12,788 INFO: TWIN,2023-09-25,Morning Star
2025-10-19 19:49:12,788 INFO: TWIN,2023-09-26,Hammer
2025-10-19 19:49:12,788 INFO: TWIN,2023-10-12,Piercing Pattern
2025-10-19 19:49:12,788 INFO: TWIN,2023-10-16,Hammer
2025-10-19 19:49:12,788 INFO: TWIN,2023-10-17,Morning Star
2025-10-19 19:49:12,788 INFO: TWIN,2023-10-20,Morning Star
2025-10-19 19:49:12,788 INFO: TWIN,2023-10-26,Piercing Pattern
2025-10-19 19:49:12,789 INFO: TWIN,2023-10-30,Three White Soldiers
2025-10-19 19:49:12,850 INFO: TWIN,2023-11-08,Three White Soldiers
2025-10-19 19:49:12,850 INFO: TWIN,2023-11-09,Three White Soldiers
2025-10-19 19:49:12,850 INFO: TWIN,2023-11-10,Hammer
2025-10-19 19:49:12,850 INFO: TWIN,2023-11-10,Three White Soldiers
2025-10-19 19:49:12,851 INFO: TWIN,2023-11-13,Hammer
2025-10-19 19:49:12,851 INFO: TWIN,2023-11-13,Three White Soldiers
2025-10-19 19:49:12,851 INFO: TWIN,2023-11-14,Three White Soldiers
2025-10-19 19:49:12,851 INFO: TWIN,2023-11-15,Three White Soldiers
2025-10-19 19:49:12,851 INFO: TWIN,2023-11-20,Morning Star
2025-10-19 19:49:12,852 INFO: TWIN,2023-11-21,Hammer
2025-10-19 19:49:12,852 INFO: TWIN,2023-11-21,Dragonfly Doji
2025-10-19 19:49:12,852 INFO: TWIN,2023-11-22,Three White Soldiers
2025-10-19 19:49:12,853 INFO: TWIN,2023-11-24,Three White Soldiers
2025-10-19 19:49:12,853 INFO: TWIN,2023-12-01,Hammer
2025-10-19 19:49:12,853 INFO: TWIN,2023-12-01,Dragonfly Doji
2025-10-19 19:49:12,853 INFO: TWIN,2023-12-08,Three White Soldiers
2025-10-19 19:49:12,854 INFO: TWIN,2023-12-19,Bullish Engulfing
2025-10-19 19:49:12,854 INFO: TWIN,2023-12-21,Hammer
2025-10-19 19:49:12,854 INFO: TWIN,2023-12-26,Hammer
2025-10-19 19:49:12,855 INFO: TWIN,2023-12-29,Hammer
2025-10-19 19:49:12,855 INFO: TWIN,2024-01-04,Bullish Engulfing
2025-10-19 19:49:12,855 INFO: TWIN,2024-01-08,Piercing Pattern
2025-10-19 19:49:12,855 INFO: TWIN,2024-01-12,Morning Star
2025-10-19 19:49:12,855 INFO: TWIN,2024-01-26,Hammer
2025-10-19 19:49:12,884 INFO: TWIN,2024-01-26,Morning Star
2025-10-19 19:49:12,884 INFO: TWIN,2024-02-09,Morning Star
2025-10-19 19:49:12,884 INFO: TWIN,2024-02-26,Three White Soldiers
2025-10-19 19:49:12,885 INFO: TWIN,2024-02-27,Three White Soldiers
2025-10-19 19:49:12,885 INFO: TWIN,2024-02-28,Hammer
2025-10-19 19:49:12,886 INFO: TWIN,2024-02-28,Three White Soldiers
2025-10-19 19:49:12,918 INFO: TWIN,2024-02-29,Hammer
2025-10-19 19:49:12,919 INFO: TWIN,2024-03-05,Hammer
2025-10-19 19:49:12,919 INFO: TWIN,2024-03-06,Hammer
2025-10-19 19:49:12,919 INFO: TWIN,2024-03-07,Bullish Engulfing
2025-10-19 19:49:12,919 INFO: TWIN,2024-03-11,Three White Soldiers
2025-10-19 19:49:12,919 INFO: TWIN,2024-03-15,Hammer
2025-10-19 19:49:12,919 INFO: TWIN,2024-03-25,Three White Soldiers
2025-10-19 19:49:12,919 INFO: TWIN,2024-03-27,Bullish Engulfing
2025-10-19 19:49:12,919 INFO: TWIN,2024-04-23,Piercing Pattern
2025-10-19 19:49:12,919 INFO: TWIN,2024-05-03,Morning Star
2025-10-19 19:49:12,919 INFO: TWIN,2024-05-10,Bullish Engulfing
2025-10-19 19:49:12,919 INFO: TWIN,2024-05-15,Hammer
2025-10-19 19:49:12,919 INFO: TWIN,2024-05-15,Dragonfly Doji
2025-10-19 19:49:12,950 INFO: TWIN,2024-05-20,Bullish Engulfing
2025-10-19 19:49:12,951 INFO: TWIN,2024-05-24,Bullish Engulfing
2025-10-19 19:49:12,981 INFO: TWIN,2024-05-29,Piercing Pattern
2025-10-19 19:49:12,981 INFO: TWIN,2024-05-31,Piercing Pattern
2025-10-19 19:49:12,981 INFO: TWIN,2024-06-17,Piercing Pattern
2025-10-19 19:49:12,981 INFO: TWIN,2024-07-08,Bullish Engulfing
2025-10-19 19:49:12,981 INFO: TWIN,2024-07-11,Morning Star
2025-10-19 19:49:12,981 INFO: TWIN,2024-07-12,Three White Soldiers
2025-10-19 19:49:13,016 INFO: TWIN,2024-07-15,Three White Soldiers
2025-10-19 19:49:13,016 INFO: TWIN,2024-07-16,Three White Soldiers
2025-10-19 19:49:13,017 INFO: TWIN,2024-07-23,Bullish Engulfing
2025-10-19 19:49:13,017 INFO: TWIN,2024-07-31,Piercing Pattern
2025-10-19 19:49:13,017 INFO: TWIN,2024-08-13,Bullish Engulfing
2025-10-19 19:49:13,017 INFO: TWIN,2024-08-15,Hammer
2025-10-19 19:49:13,017 INFO: TWIN,2024-08-26,Hammer
2025-10-19 19:49:13,017 INFO: TWIN,2024-08-30,Hammer
2025-10-19 19:49:13,017 INFO: TWIN,2024-09-10,Morning Star
2025-10-19 19:49:13,017 INFO: TWIN,2024-10-02,Bullish Engulfing
2025-10-19 19:49:13,017 INFO: TWIN,2024-10-11,Bullish Engulfing
2025-10-19 19:49:13,018 INFO: TWIN,2024-10-17,Hammer
2025-10-19 19:49:13,018 INFO: TWIN,2024-10-29,Hammer
2025-10-19 19:49:13,018 INFO: TWIN,2024-10-29,Morning Star
2025-10-19 19:49:13,018 INFO: TWIN,2024-10-31,Hammer
2025-10-19 19:49:13,018 INFO: TWIN,2024-11-04,Dragonfly Doji
2025-10-19 19:49:13,018 INFO: TWIN,2024-11-07,Bullish Engulfing
2025-10-19 19:49:13,018 INFO: TWIN,2024-11-11,Hammer
2025-10-19 19:49:13,018 INFO: TWIN,2024-11-21,Piercing Pattern
2025-10-19 19:49:13,018 INFO: TWIN,2024-11-25,Three White Soldiers
2025-10-19 19:49:13,018 INFO: TWIN,2024-11-26,Three White Soldiers
2025-10-19 19:49:13,018 INFO: TWIN,2024-11-27,Three White Soldiers
2025-10-19 19:49:13,018 INFO: TWIN,2024-12-03,Piercing Pattern
2025-10-19 19:49:13,018 INFO: TWIN,2024-12-20,Bullish Engulfing
2025-10-19 19:49:13,019 INFO: TWIN,2024-12-20,Morning Star
2025-10-19 19:49:13,020 INFO: TWIN,2024-12-26,Bullish Engulfing
2025-10-19 19:49:13,020 INFO: TWIN,2024-12-26,Morning Star
2025-10-19 19:49:13,020 INFO: TWIN,2024-12-30,Piercing Pattern
2025-10-19 19:49:13,020 INFO: TWIN,2025-01-13,Bullish Engulfing
2025-10-19 19:49:13,020 INFO: TWIN,2025-01-14,Hammer
2025-10-19 19:49:13,020 INFO: TWIN,2025-01-15,Hammer
2025-10-19 19:49:13,020 INFO: TWIN,2025-01-17,Hammer
2025-10-19 19:49:13,020 INFO: TWIN,2025-01-21,Morning Star
2025-10-19 19:49:13,020 INFO: TWIN,2025-01-24,Hammer
2025-10-19 19:49:13,020 INFO: TWIN,2025-02-28,Bullish Engulfing
2025-10-19 19:49:13,020 INFO: TWIN,2025-03-21,Hammer
2025-10-19 19:49:13,020 INFO: TWIN,2025-03-21,Bullish Engulfing
2025-10-19 19:49:13,020 INFO: TWIN,2025-03-28,Hammer
2025-10-19 19:49:13,020 INFO: TWIN,2025-04-01,Bullish Engulfing
2025-10-19 19:49:13,021 INFO: TWIN,2025-04-09,Bullish Engulfing
2025-10-19 19:49:13,021 INFO: TWIN,2025-04-23,Morning Star
2025-10-19 19:49:13,021 INFO: TWIN,2025-04-24,Three White Soldiers
2025-10-19 19:49:13,021 INFO: TWIN,2025-04-29,Bullish Engulfing
2025-10-19 19:49:13,021 INFO: TWIN,2025-05-07,Morning Star
2025-10-19 19:49:13,021 INFO: TWIN,2025-05-13,Morning Star
2025-10-19 19:49:13,021 INFO: TWIN,2025-05-20,Bullish Engulfing
2025-10-19 19:49:13,021 INFO: TWIN,2025-06-10,Three White Soldiers
2025-10-19 19:49:13,021 INFO: TWIN,2025-06-11,Three White Soldiers
2025-10-19 19:49:13,021 INFO: TWIN,2025-06-12,Hammer
2025-10-19 19:49:13,021 INFO: TWIN,2025-06-17,Piercing Pattern
2025-10-19 19:49:13,021 INFO: TWIN,2025-06-20,Three White Soldiers
2025-10-19 19:49:13,021 INFO: TWIN,2025-06-25,Hammer
2025-10-19 19:49:13,022 INFO: TWIN,2025-06-27,Bullish Engulfing
2025-10-19 19:49:13,078 INFO: TWIN,2025-07-01,Bullish Engulfing
2025-10-19 19:49:13,078 INFO: TWIN,2025-07-03,Hammer
2025-10-19 19:49:13,080 INFO: TWIN,2025-07-22,Bullish Engulfing
2025-10-19 19:49:13,080 INFO: TWIN,2025-07-23,Hammer
2025-10-19 19:49:13,080 INFO: TWIN,2025-08-01,Bullish Engulfing
2025-10-19 19:49:13,080 INFO: TWIN,2025-08-01,Morning Star
2025-10-19 19:49:13,080 INFO: TWIN,2025-08-05,Three White Soldiers
2025-10-19 19:49:13,080 INFO: TWIN,2025-08-06,Three White Soldiers
2025-10-19 19:49:13,081 INFO: TWIN,2025-08-26,Hammer
2025-10-19 19:49:13,081 INFO: TWIN,2025-08-29,Hammer
2025-10-19 19:49:13,081 INFO: TWIN,2025-09-04,Hammer
2025-10-19 19:49:13,081 INFO: TWIN,2025-09-08,Morning Star
2025-10-19 19:49:13,082 INFO: TWIN,2025-09-09,Hammer
2025-10-19 19:49:13,082 INFO: TWIN,2025-09-15,Hammer
2025-10-19 19:49:13,082 INFO: TWIN,2025-09-22,Bullish Engulfing
2025-10-19 19:49:13,082 INFO: TWNP,2025-02-11,Bullish Engulfing
2025-10-19 19:49:13,083 INFO: TWNP,2025-02-11,Morning Star
2025-10-19 19:49:13,083 INFO: TWNP,2025-02-28,Hammer
2025-10-19 19:49:13,083 INFO: TWNP,2025-03-24,Dragonfly Doji
2025-10-19 19:49:13,083 INFO: TWNP,2025-04-01,Morning Star
2025-10-19 19:49:13,083 INFO: TWNP,2025-04-02,Hammer
2025-10-19 19:49:13,084 INFO: TWNP,2025-04-16,Dragonfly Doji
2025-10-19 19:49:13,084 INFO: TWNP,2025-04-24,Hammer
2025-10-19 19:49:13,084 INFO: TWNP,2025-04-25,Dragonfly Doji
2025-10-19 19:49:13,084 INFO: TWNP,2025-04-28,Hammer
2025-10-19 19:49:13,085 INFO: TWNP,2025-05-02,Hammer
2025-10-19 19:49:13,085 INFO: TWNP,2025-05-09,Morning Star
2025-10-19 19:49:13,085 INFO: TWNP,2025-05-13,Hammer
2025-10-19 19:49:13,087 INFO: TWNP,2025-05-13,Three White Soldiers
2025-10-19 19:49:13,087 INFO: TWNP,2025-06-20,Bullish Engulfing
2025-10-19 19:49:13,087 INFO: TWNP,2025-06-24,Piercing Pattern
2025-10-19 19:49:13,087 INFO: TWNP,2025-07-17,Bullish Engulfing
2025-10-19 19:49:13,087 INFO: TWNP,2025-07-17,Morning Star
2025-10-19 19:49:13,088 INFO: TWNP,2025-07-22,Bullish Engulfing
2025-10-19 19:49:13,088 INFO: TWNP,2025-08-06,Morning Star
2025-10-19 19:49:13,088 INFO: TWNP,2025-08-14,Morning Star
2025-10-19 19:49:13,088 INFO: TWNP,2025-09-02,Three White Soldiers
2025-10-19 19:49:13,248 INFO: TWNP,2025-09-03,Three White Soldiers
2025-10-19 19:49:13,248 INFO: TWST,2023-07-19,Three White Soldiers
2025-10-19 19:49:13,248 INFO: TWST,2023-07-31,Hammer
2025-10-19 19:49:13,248 INFO: TWST,2023-08-07,Bullish Engulfing
2025-10-19 19:49:13,248 INFO: TWST,2023-08-07,Morning Star
2025-10-19 19:49:13,248 INFO: TWST,2023-08-18,Bullish Engulfing
2025-10-19 19:49:13,248 INFO: TWST,2023-08-23,Bullish Engulfing
2025-10-19 19:49:13,248 INFO: TWST,2023-08-30,Three White Soldiers
2025-10-19 19:49:13,248 INFO: TWST,2023-08-31,Three White Soldiers
2025-10-19 19:49:13,248 INFO: TWST,2023-09-01,Three White Soldiers
2025-10-19 19:49:13,248 INFO: TWST,2023-09-12,Morning Star
2025-10-19 19:49:13,249 INFO: TWST,2023-09-13,Three White Soldiers
2025-10-19 19:49:13,277 INFO: TWST,2023-09-25,Three White Soldiers
2025-10-19 19:49:13,277 INFO: TWST,2023-10-04,Hammer
2025-10-19 19:49:13,277 INFO: TWST,2023-10-09,Bullish Engulfing
2025-10-19 19:49:13,277 INFO: TWST,2023-10-30,Hammer
2025-10-19 19:49:13,309 INFO: TWST,2023-10-31,Morning Star
2025-10-19 19:49:13,350 INFO: TWST,2023-11-01,Hammer
2025-10-19 19:49:13,380 INFO: TWST,2023-11-07,Piercing Pattern
2025-10-19 19:49:13,411 INFO: TWST,2023-11-10,Hammer
2025-10-19 19:49:13,413 INFO: TWST,2023-11-13,Morning Star
2025-10-19 19:49:13,413 INFO: TWST,2023-11-15,Three White Soldiers
2025-10-19 19:49:13,413 INFO: TWST,2023-11-24,Morning Star
2025-10-19 19:49:13,414 INFO: TWST,2023-12-01,Piercing Pattern
2025-10-19 19:49:13,443 INFO: TWST,2023-12-12,Three White Soldiers
2025-10-19 19:49:13,443 INFO: TWST,2023-12-13,Three White Soldiers
2025-10-19 19:49:13,443 INFO: TWST,2023-12-14,Three White Soldiers
2025-10-19 19:49:13,443 INFO: TWST,2023-12-15,Hammer
2025-10-19 19:49:13,443 INFO: TWST,2024-01-04,Bullish Engulfing
2025-10-19 19:49:13,443 INFO: TWST,2024-01-08,Three White Soldiers
2025-10-19 19:49:13,443 INFO: TWST,2024-01-09,Three White Soldiers
2025-10-19 19:49:13,443 INFO: TWST,2024-01-10,Hammer
2025-10-19 19:49:13,443 INFO: TWST,2024-01-29,Morning Star
2025-10-19 19:49:13,443 INFO: TWST,2024-02-12,Three White Soldiers
2025-10-19 19:49:13,443 INFO: TWST,2024-03-04,Hammer
2025-10-19 19:49:13,443 INFO: TWST,2024-03-27,Hammer
2025-10-19 19:49:13,444 INFO: TWST,2024-04-01,Hammer
2025-10-19 19:49:13,444 INFO: TWST,2024-04-03,Bullish Engulfing
2025-10-19 19:49:13,444 INFO: TWST,2024-04-09,Three White Soldiers
2025-10-19 19:49:13,444 INFO: TWST,2024-04-16,Hammer
2025-10-19 19:49:13,444 INFO: TWST,2024-04-29,Three White Soldiers
2025-10-19 19:49:13,444 INFO: TWST,2024-05-01,Bullish Engulfing
2025-10-19 19:49:13,484 INFO: TWST,2024-05-02,Hammer
2025-10-19 19:49:13,484 INFO: TWST,2024-05-17,Hammer
2025-10-19 19:49:13,485 INFO: TWST,2024-05-30,Hammer
2025-10-19 19:49:13,507 INFO: TWST,2024-05-31,Hammer
2025-10-19 19:49:13,508 INFO: TWST,2024-06-04,Three White Soldiers
2025-10-19 19:49:13,508 INFO: TWST,2024-06-05,Three White Soldiers
2025-10-19 19:49:13,508 INFO: TWST,2024-06-06,Hammer
2025-10-19 19:49:13,508 INFO: TWST,2024-06-06,Three White Soldiers
2025-10-19 19:49:13,508 INFO: TWST,2024-06-10,Hammer
2025-10-19 19:49:13,508 INFO: TWST,2024-06-11,Morning Star
2025-10-19 19:49:13,508 INFO: TWST,2024-06-18,Bullish Engulfing
2025-10-19 19:49:13,509 INFO: TWST,2024-07-05,Morning Star
2025-10-19 19:49:13,509 INFO: TWST,2024-07-16,Three White Soldiers
2025-10-19 19:49:13,509 INFO: TWST,2024-07-19,Hammer
2025-10-19 19:49:13,509 INFO: TWST,2024-07-22,Morning Star
2025-10-19 19:49:13,509 INFO: TWST,2024-07-23,Three White Soldiers
2025-10-19 19:49:13,509 INFO: TWST,2024-07-25,Piercing Pattern
2025-10-19 19:49:13,509 INFO: TWST,2024-07-29,Hammer
2025-10-19 19:49:13,509 INFO: TWST,2024-08-21,Piercing Pattern
2025-10-19 19:49:13,510 INFO: TWST,2024-08-27,Bullish Engulfing
2025-10-19 19:49:13,510 INFO: TWST,2024-09-10,Morning Star
2025-10-19 19:49:13,510 INFO: TWST,2024-09-11,Three White Soldiers
2025-10-19 19:49:13,510 INFO: TWST,2024-09-12,Three White Soldiers
2025-10-19 19:49:13,510 INFO: TWST,2024-09-13,Three White Soldiers
2025-10-19 19:49:13,510 INFO: TWST,2024-09-16,Hammer
2025-10-19 19:49:13,511 INFO: TWST,2024-10-14,Three White Soldiers
2025-10-19 19:49:13,511 INFO: TWST,2024-10-18,Morning Star
2025-10-19 19:49:13,512 INFO: TWST,2024-10-28,Morning Star
2025-10-19 19:49:13,512 INFO: TWST,2024-10-29,Three White Soldiers
2025-10-19 19:49:13,512 INFO: TWST,2024-11-04,Morning Star
2025-10-19 19:49:13,512 INFO: TWST,2024-11-05,Three White Soldiers
2025-10-19 19:49:13,512 INFO: TWST,2024-11-11,Morning Star
2025-10-19 19:49:13,512 INFO: TWST,2024-11-19,Hammer
2025-10-19 19:49:13,512 INFO: TWST,2024-11-21,Morning Star
2025-10-19 19:49:13,512 INFO: TWST,2024-11-22,Three White Soldiers
2025-10-19 19:49:13,512 INFO: TWST,2024-11-25,Three White Soldiers
2025-10-19 19:49:13,512 INFO: TWST,2024-12-02,Three White Soldiers
2025-10-19 19:49:13,512 INFO: TWST,2024-12-03,Three White Soldiers
2025-10-19 19:49:13,512 INFO: TWST,2024-12-04,Three White Soldiers
2025-10-19 19:49:13,512 INFO: TWST,2024-12-13,Hammer
2025-10-19 19:49:13,512 INFO: TWST,2024-12-16,Bullish Engulfing
2025-10-19 19:49:13,512 INFO: TWST,2024-12-16,Morning Star
2025-10-19 19:49:13,512 INFO: TWST,2024-12-20,Bullish Engulfing
2025-10-19 19:49:13,512 INFO: TWST,2024-12-20,Morning Star
2025-10-19 19:49:13,516 INFO: TWST,2024-12-24,Three White Soldiers
2025-10-19 19:49:13,517 INFO: TWST,2024-12-26,Three White Soldiers
2025-10-19 19:49:13,518 INFO: TWST,2024-12-27,Hammer
2025-10-19 19:49:13,518 INFO: TWST,2025-01-16,Morning Star
2025-10-19 19:49:13,545 INFO: TWST,2025-01-17,Three White Soldiers
2025-10-19 19:49:13,545 INFO: TWST,2025-01-21,Three White Soldiers
2025-10-19 19:49:13,545 INFO: TWST,2025-01-22,Three White Soldiers
2025-10-19 19:49:13,546 INFO: TWST,2025-01-23,Three White Soldiers
2025-10-19 19:49:13,546 INFO: TWST,2025-01-24,Three White Soldiers
2025-10-19 19:49:13,546 INFO: TWST,2025-02-13,Morning Star
2025-10-19 19:49:13,546 INFO: TWST,2025-02-14,Three White Soldiers
2025-10-19 19:49:13,546 INFO: TWST,2025-03-04,Bullish Engulfing
2025-10-19 19:49:13,546 INFO: TWST,2025-03-07,Hammer
2025-10-19 19:49:13,546 INFO: TWST,2025-03-11,Bullish Engulfing
2025-10-19 19:49:13,546 INFO: TWST,2025-03-17,Bullish Engulfing
2025-10-19 19:49:13,546 INFO: TWST,2025-03-24,Three White Soldiers
2025-10-19 19:49:13,546 INFO: TWST,2025-04-09,Bullish Engulfing
2025-10-19 19:49:13,546 INFO: TWST,2025-04-29,Hammer
2025-10-19 19:49:13,546 INFO: TWST,2025-05-07,Hammer
2025-10-19 19:49:13,546 INFO: TWST,2025-05-15,Hammer
2025-10-19 19:49:13,577 INFO: TWST,2025-05-23,Piercing Pattern
2025-10-19 19:49:13,577 INFO: TWST,2025-05-27,Hammer
2025-10-19 19:49:13,577 INFO: TWST,2025-05-29,Hammer
2025-10-19 19:49:13,577 INFO: TWST,2025-05-30,Morning Star
2025-10-19 19:49:13,577 INFO: TWST,2025-06-02,Three White Soldiers
2025-10-19 19:49:13,578 INFO: TWST,2025-06-06,Morning Star
2025-10-19 19:49:13,578 INFO: TWST,2025-06-10,Three White Soldiers
2025-10-19 19:49:13,578 INFO: TWST,2025-06-11,Three White Soldiers
2025-10-19 19:49:13,578 INFO: TWST,2025-06-18,Bullish Engulfing
2025-10-19 19:49:13,578 INFO: TWST,2025-07-01,Morning Star
2025-10-19 19:49:13,579 INFO: TWST,2025-07-03,Three White Soldiers
2025-10-19 19:49:13,579 INFO: TWST,2025-07-09,Morning Star
2025-10-19 19:49:13,580 INFO: TWST,2025-07-25,Hammer
2025-10-19 19:49:13,580 INFO: TWST,2025-08-04,Dragonfly Doji
2025-10-19 19:49:13,580 INFO: TWST,2025-08-11,Morning Star
2025-10-19 19:49:13,580 INFO: TWST,2025-08-22,Morning Star
2025-10-19 19:49:13,580 INFO: TWST,2025-08-29,Piercing Pattern
2025-10-19 19:49:13,580 INFO: TWST,2025-09-04,Hammer
2025-10-19 19:49:13,580 INFO: TWST,2025-09-08,Hammer
2025-10-19 19:49:13,580 INFO: TWST,2025-09-08,Morning Star
2025-10-19 19:49:13,580 INFO: TWST,2025-09-15,Hammer
2025-10-19 19:49:13,581 INFO: TW,2023-07-10,Bullish Engulfing
2025-10-19 19:49:13,581 INFO: TW,2023-07-12,Three White Soldiers
2025-10-19 19:49:13,581 INFO: TW,2023-07-13,Three White Soldiers
2025-10-19 19:49:13,581 INFO: TW,2023-07-14,Three White Soldiers
2025-10-19 19:49:13,581 INFO: TW,2023-07-17,Three White Soldiers
2025-10-19 19:49:13,581 INFO: TW,2023-07-18,Three White Soldiers
2025-10-19 19:49:13,581 INFO: TW,2023-07-19,Three White Soldiers
2025-10-19 19:49:13,581 INFO: TW,2023-07-20,Three White Soldiers
2025-10-19 19:49:13,582 INFO: TW,2023-07-21,Hammer
2025-10-19 19:49:13,582 INFO: TW,2023-07-21,Three White Soldiers
2025-10-19 19:49:13,582 INFO: TW,2023-07-24,Three White Soldiers
2025-10-19 19:49:13,582 INFO: TW,2023-07-25,Hammer
2025-10-19 19:49:13,582 INFO: TW,2023-07-27,Morning Star
2025-10-19 19:49:13,582 INFO: TW,2023-07-28,Three White Soldiers
2025-10-19 19:49:13,582 INFO: TW,2023-08-03,Bullish Engulfing
2025-10-19 19:49:13,582 INFO: TW,2023-08-03,Morning Star
2025-10-19 19:49:13,582 INFO: TW,2023-08-07,Three White Soldiers
2025-10-19 19:49:13,582 INFO: TW,2023-08-11,Morning Star
2025-10-19 19:49:13,582 INFO: TW,2023-08-16,Bullish Engulfing
2025-10-19 19:49:13,582 INFO: TW,2023-08-17,Hammer
2025-10-19 19:49:13,582 INFO: TW,2023-08-18,Bullish Engulfing
2025-10-19 19:49:13,582 INFO: TW,2023-08-22,Three White Soldiers
2025-10-19 19:49:13,582 INFO: TW,2023-08-23,Three White Soldiers
2025-10-19 19:49:13,582 INFO: TW,2023-08-24,Three White Soldiers
2025-10-19 19:49:13,583 INFO: TW,2023-08-29,Morning Star
2025-10-19 19:49:13,583 INFO: TW,2023-08-30,Three White Soldiers
2025-10-19 19:49:13,583 INFO: TW,2023-09-11,Three White Soldiers
2025-10-19 19:49:13,583 INFO: TW,2023-09-18,Piercing Pattern
2025-10-19 19:49:13,583 INFO: TW,2023-10-02,Dragonfly Doji
2025-10-19 19:49:13,583 INFO: TW,2023-10-05,Hammer
2025-10-19 19:49:13,586 INFO: TW,2023-10-06,Three White Soldiers
2025-10-19 19:49:13,587 INFO: TW,2023-10-17,Bullish Engulfing
2025-10-19 19:49:13,587 INFO: TW,2023-10-17,Morning Star
2025-10-19 19:49:13,596 INFO: TW,2023-11-01,Hammer
2025-10-19 19:49:13,596 INFO: TW,2023-11-17,Bullish Engulfing
2025-10-19 19:49:13,596 INFO: TW,2023-11-17,Morning Star
2025-10-19 19:49:13,596 INFO: TW,2023-11-22,Three White Soldiers
2025-10-19 19:49:13,644 INFO: TW,2023-11-27,Bullish Engulfing
2025-10-19 19:49:13,720 INFO: TW,2023-11-29,Piercing Pattern
2025-10-19 19:49:13,750 INFO: TW,2023-12-11,Bullish Engulfing
2025-10-19 19:49:13,751 INFO: TW,2023-12-19,Three White Soldiers
2025-10-19 19:49:13,751 INFO: TW,2024-01-04,Morning Star
2025-10-19 19:49:13,751 INFO: TW,2024-01-11,Morning Star
2025-10-19 19:49:13,751 INFO: TW,2024-01-23,Hammer
2025-10-19 19:49:13,751 INFO: TW,2024-01-25,Hammer
2025-10-19 19:49:13,751 INFO: TW,2024-02-02,Morning Star
2025-10-19 19:49:13,751 INFO: TW,2024-02-05,Three White Soldiers
2025-10-19 19:49:13,751 INFO: TW,2024-02-08,Three White Soldiers
2025-10-19 19:49:13,752 INFO: TW,2024-02-09,Three White Soldiers
2025-10-19 19:49:13,752 INFO: TW,2024-02-13,Piercing Pattern
2025-10-19 19:49:13,752 INFO: TW,2024-02-26,Three White Soldiers
2025-10-19 19:49:13,752 INFO: TW,2024-02-27,Hammer
2025-10-19 19:49:13,752 INFO: TW,2024-02-28,Bullish Engulfing
2025-10-19 19:49:13,752 INFO: TW,2024-03-01,Hammer
2025-10-19 19:49:13,752 INFO: TW,2024-03-06,Hammer
2025-10-19 19:49:13,752 INFO: TW,2024-03-12,Morning Star
2025-10-19 19:49:13,752 INFO: TW,2024-03-13,Three White Soldiers
2025-10-19 19:49:13,752 INFO: TW,2024-03-14,Three White Soldiers
2025-10-19 19:49:13,753 INFO: TW,2024-04-17,Hammer
2025-10-19 19:49:13,753 INFO: TW,2024-04-22,Morning Star
2025-10-19 19:49:13,753 INFO: TW,2024-04-30,Hammer
2025-10-19 19:49:13,753 INFO: TW,2024-05-01,Bullish Engulfing
2025-10-19 19:49:13,753 INFO: TW,2024-05-02,Hammer
2025-10-19 19:49:13,753 INFO: TW,2024-05-03,Hammer
2025-10-19 19:49:13,754 INFO: TW,2024-05-08,Three White Soldiers
2025-10-19 19:49:13,754 INFO: TW,2024-05-09,Three White Soldiers
2025-10-19 19:49:13,755 INFO: TW,2024-05-14,Bullish Engulfing
2025-10-19 19:49:13,755 INFO: TW,2024-05-17,Hammer
2025-10-19 19:49:13,755 INFO: TW,2024-05-24,Morning Star
2025-10-19 19:49:13,756 INFO: TW,2024-06-05,Hammer
2025-10-19 19:49:13,756 INFO: TW,2024-06-14,Bullish Engulfing
2025-10-19 19:49:13,757 INFO: TW,2024-06-26,Bullish Engulfing
2025-10-19 19:49:13,757 INFO: TW,2024-06-26,Morning Star
2025-10-19 19:49:13,757 INFO: TW,2024-07-03,Morning Star
2025-10-19 19:49:13,757 INFO: TW,2024-07-17,Three White Soldiers
2025-10-19 19:49:13,757 INFO: TW,2024-07-18,Three White Soldiers
2025-10-19 19:49:13,758 INFO: TW,2024-07-19,Hammer
2025-10-19 19:49:13,758 INFO: TW,2024-07-19,Three White Soldiers
2025-10-19 19:49:13,758 INFO: TW,2024-07-29,Three White Soldiers
2025-10-19 19:49:13,758 INFO: TW,2024-07-30,Three White Soldiers
2025-10-19 19:49:13,758 INFO: TW,2024-07-31,Three White Soldiers
2025-10-19 19:49:13,758 INFO: TW,2024-08-02,Hammer
2025-10-19 19:49:13,758 INFO: TW,2024-08-14,Morning Star
2025-10-19 19:49:13,758 INFO: TW,2024-08-19,Morning Star
2025-10-19 19:49:13,761 INFO: TW,2024-08-30,Morning Star
2025-10-19 19:49:13,761 INFO: TW,2024-09-03,Hammer
2025-10-19 19:49:13,761 INFO: TW,2024-09-05,Hammer
2025-10-19 19:49:13,761 INFO: TW,2024-09-11,Three White Soldiers
2025-10-19 19:49:13,761 INFO: TW,2024-09-11,Dragonfly Doji
2025-10-19 19:49:13,761 INFO: TW,2024-09-12,Three White Soldiers
2025-10-19 19:49:13,787 INFO: TW,2024-09-13,Three White Soldiers
2025-10-19 19:49:13,790 INFO: TW,2024-09-16,Three White Soldiers
2025-10-19 19:49:13,790 INFO: TW,2024-09-19,Morning Star
2025-10-19 19:49:13,790 INFO: TW,2024-09-20,Hammer
2025-10-19 19:49:13,790 INFO: TW,2024-09-30,Morning Star
2025-10-19 19:49:13,790 INFO: TW,2024-10-01,Three White Soldiers
2025-10-19 19:49:13,790 INFO: TW,2024-10-02,Three White Soldiers
2025-10-19 19:49:13,790 INFO: TW,2024-10-11,Bullish Engulfing
2025-10-19 19:49:13,790 INFO: TW,2024-10-21,Bullish Engulfing
2025-10-19 19:49:13,790 INFO: TW,2024-10-21,Morning Star
2025-10-19 19:49:13,790 INFO: TW,2024-10-24,Bullish Engulfing
2025-10-19 19:49:13,790 INFO: TW,2024-11-04,Piercing Pattern
2025-10-19 19:49:13,790 INFO: TW,2024-11-08,Morning Star
2025-10-19 19:49:13,790 INFO: TW,2024-11-15,Morning Star
2025-10-19 19:49:13,790 INFO: TW,2024-11-18,Three White Soldiers
2025-10-19 19:49:13,790 INFO: TW,2024-11-19,Three White Soldiers
2025-10-19 19:49:13,790 INFO: TW,2024-11-22,Bullish Engulfing
2025-10-19 19:49:13,790 INFO: TW,2024-11-22,Morning Star
2025-10-19 19:49:13,790 INFO: TW,2024-12-05,Morning Star
2025-10-19 19:49:13,790 INFO: TW,2024-12-11,Morning Star
2025-10-19 19:49:13,944 INFO: TW,2024-12-12,Three White Soldiers
2025-10-19 19:49:13,946 INFO: TW,2024-12-16,Bullish Engulfing
2025-10-19 19:49:13,946 INFO: TW,2024-12-20,Morning Star
2025-10-19 19:49:13,946 INFO: TW,2024-12-23,Three White Soldiers
2025-10-19 19:49:13,947 INFO: TW,2024-12-24,Three White Soldiers
2025-10-19 19:49:13,948 INFO: TW,2024-12-26,Three White Soldiers
2025-10-19 19:49:13,948 INFO: TW,2024-12-27,Hammer
2025-10-19 19:49:13,978 INFO: TW,2025-01-03,Morning Star
2025-10-19 19:49:14,006 INFO: TW,2025-01-08,Morning Star
2025-10-19 19:49:14,022 INFO: TW,2025-01-16,Hammer
2025-10-19 19:49:14,042 INFO: TW,2025-01-23,Morning Star
2025-10-19 19:49:14,042 INFO: TW,2025-02-03,Piercing Pattern
2025-10-19 19:49:14,106 INFO: TW,2025-02-12,Bullish Engulfing
2025-10-19 19:49:14,202 INFO: TW,2025-02-18,Hammer
2025-10-19 19:49:14,202 INFO: TW,2025-02-21,Three White Soldiers
2025-10-19 19:49:14,202 INFO: TW,2025-03-14,Morning Star
2025-10-19 19:49:14,202 INFO: TW,2025-03-17,Three White Soldiers
2025-10-19 19:49:14,202 INFO: TW,2025-03-19,Bullish Engulfing
2025-10-19 19:49:14,202 INFO: TW,2025-03-25,Three White Soldiers
2025-10-19 19:49:14,203 INFO: TW,2025-03-27,Bullish Engulfing
2025-10-19 19:49:14,203 INFO: TW,2025-04-02,Piercing Pattern
2025-10-19 19:49:14,203 INFO: TW,2025-04-09,Hammer
2025-10-19 19:49:14,203 INFO: TW,2025-04-11,Bullish Engulfing
2025-10-19 19:49:14,203 INFO: TW,2025-04-14,Hammer
2025-10-19 19:49:14,203 INFO: TW,2025-04-15,Three White Soldiers
2025-10-19 19:49:14,203 INFO: TW,2025-04-16,Three White Soldiers
2025-10-19 19:49:14,203 INFO: TW,2025-04-28,Three White Soldiers
2025-10-19 19:49:14,203 INFO: TW,2025-05-05,Three White Soldiers
2025-10-19 19:49:14,203 INFO: TW,2025-05-08,Three White Soldiers
2025-10-19 19:49:14,203 INFO: TW,2025-05-09,Three White Soldiers
2025-10-19 19:49:14,203 INFO: TW,2025-05-15,Bullish Engulfing
2025-10-19 19:49:14,203 INFO: TW,2025-05-19,Three White Soldiers
2025-10-19 19:49:14,203 INFO: TW,2025-05-20,Three White Soldiers
2025-10-19 19:49:14,204 INFO: TW,2025-05-23,Bullish Engulfing
2025-10-19 19:49:14,204 INFO: TW,2025-06-05,Hammer
2025-10-19 19:49:14,204 INFO: TW,2025-06-12,Morning Star
2025-10-19 19:49:14,204 INFO: TW,2025-06-25,Three White Soldiers
2025-10-19 19:49:14,204 INFO: TW,2025-07-03,Hammer
2025-10-19 19:49:14,204 INFO: TW,2025-07-07,Bullish Engulfing
2025-10-19 19:49:14,213 INFO: TW,2025-07-24,Three White Soldiers
2025-10-19 19:49:14,272 INFO: TW,2025-07-25,Three White Soldiers
2025-10-19 19:49:14,277 INFO: TW,2025-08-05,Hammer
2025-10-19 19:49:14,277 INFO: TW,2025-08-20,Morning Star
2025-10-19 19:49:14,277 INFO: TW,2025-09-02,Bullish Engulfing
2025-10-19 19:49:14,277 INFO: TW,2025-09-19,Hammer
2025-10-19 19:49:14,278 INFO: TW,2025-09-29,Morning Star
2025-10-19 19:49:14,278 INFO: TXG,2023-07-10,Three White Soldiers
2025-10-19 19:49:14,278 INFO: TXG,2023-07-11,Hammer
2025-10-19 19:49:14,278 INFO: TXG,2023-07-11,Three White Soldiers
2025-10-19 19:49:14,278 INFO: TXG,2023-07-17,Morning Star
2025-10-19 19:49:14,278 INFO: TXG,2023-07-25,Bullish Engulfing
2025-10-19 19:49:14,279 INFO: TXG,2023-07-26,Hammer
2025-10-19 19:49:14,279 INFO: TXG,2023-08-22,Hammer
2025-10-19 19:49:14,279 INFO: TXG,2023-08-25,Piercing Pattern
2025-10-19 19:49:14,279 INFO: TXG,2023-08-29,Bullish Engulfing
2025-10-19 19:49:14,279 INFO: TXG,2023-08-31,Three White Soldiers
2025-10-19 19:49:14,279 INFO: TXG,2023-09-01,Three White Soldiers
2025-10-19 19:49:14,279 INFO: TXG,2023-09-12,Morning Star
2025-10-19 19:49:14,279 INFO: TXG,2023-09-15,Hammer
2025-10-19 19:49:14,279 INFO: TXG,2023-09-28,Morning Star
2025-10-19 19:49:14,279 INFO: TXG,2023-10-04,Hammer
2025-10-19 19:49:14,279 INFO: TXG,2023-10-10,Three White Soldiers
2025-10-19 19:49:14,279 INFO: TXG,2023-10-23,Bullish Engulfing
2025-10-19 19:49:14,279 INFO: TXG,2023-11-13,Bullish Engulfing
2025-10-19 19:49:14,279 INFO: TXG,2023-11-15,Three White Soldiers
2025-10-19 19:49:14,279 INFO: TXG,2023-11-28,Hammer
2025-10-19 19:49:14,280 INFO: TXG,2023-11-30,Three White Soldiers
2025-10-19 19:49:14,280 INFO: TXG,2023-12-07,Morning Star
2025-10-19 19:49:14,280 INFO: TXG,2023-12-28,Morning Star
2025-10-19 19:49:14,281 INFO: TXG,2024-01-08,Three White Soldiers
2025-10-19 19:49:14,282 INFO: TXG,2024-01-18,Hammer
2025-10-19 19:49:14,283 INFO: TXG,2024-01-26,Morning Star
2025-10-19 19:49:14,283 INFO: TXG,2024-02-07,Three White Soldiers
2025-10-19 19:49:14,283 INFO: TXG,2024-02-08,Three White Soldiers
2025-10-19 19:49:14,283 INFO: TXG,2024-02-09,Three White Soldiers
2025-10-19 19:49:14,283 INFO: TXG,2024-02-16,Bullish Engulfing
2025-10-19 19:49:14,284 INFO: TXG,2024-02-26,Bullish Engulfing
2025-10-19 19:49:14,284 INFO: TXG,2024-03-19,Bullish Engulfing
2025-10-19 19:49:14,284 INFO: TXG,2024-03-27,Dragonfly Doji
2025-10-19 19:49:14,284 INFO: TXG,2024-03-28,Morning Star
2025-10-19 19:49:14,284 INFO: TXG,2024-04-02,Hammer
2025-10-19 19:49:14,315 INFO: TXG,2024-04-03,Bullish Engulfing
2025-10-19 19:49:14,315 INFO: TXG,2024-05-28,Hammer
2025-10-19 19:49:14,315 INFO: TXG,2024-06-10,Bullish Engulfing
2025-10-19 19:49:14,315 INFO: TXG,2024-06-20,Bullish Engulfing
2025-10-19 19:49:14,315 INFO: TXG,2024-06-27,Bullish Engulfing
2025-10-19 19:49:14,316 INFO: TXG,2024-07-09,Hammer
2025-10-19 19:49:14,317 INFO: TXG,2024-07-22,Morning Star
2025-10-19 19:49:14,317 INFO: TXG,2024-07-23,Three White Soldiers
2025-10-19 19:49:14,317 INFO: TXG,2024-07-26,Three White Soldiers
2025-10-19 19:49:14,318 INFO: TXG,2024-07-31,Morning Star
2025-10-19 19:49:14,318 INFO: TXG,2024-08-02,Hammer
2025-10-19 19:49:14,318 INFO: TXG,2024-08-21,Three White Soldiers
2025-10-19 19:49:14,318 INFO: TXG,2024-09-10,Hammer
2025-10-19 19:49:14,318 INFO: TXG,2024-09-11,Bullish Engulfing
2025-10-19 19:49:14,318 INFO: TXG,2024-09-18,Morning Star
2025-10-19 19:49:14,318 INFO: TXG,2024-10-07,Dragonfly Doji
2025-10-19 19:49:14,318 INFO: TXG,2024-10-09,Three White Soldiers
2025-10-19 19:49:14,319 INFO: TXG,2024-10-14,Three White Soldiers
2025-10-19 19:49:14,319 INFO: TXG,2024-10-21,Morning Star
2025-10-19 19:49:14,319 INFO: TXG,2024-10-24,Morning Star
2025-10-19 19:49:14,319 INFO: TXG,2024-11-04,Morning Star
2025-10-19 19:49:14,319 INFO: TXG,2024-11-05,Three White Soldiers
2025-10-19 19:49:14,319 INFO: TXG,2024-11-19,Bullish Engulfing
2025-10-19 19:49:14,319 INFO: TXG,2024-11-22,Bullish Engulfing
2025-10-19 19:49:14,320 INFO: TXG,2024-11-22,Morning Star
2025-10-19 19:49:14,320 INFO: TXG,2024-11-26,Dragonfly Doji
2025-10-19 19:49:14,321 INFO: TXG,2024-12-02,Three White Soldiers
2025-10-19 19:49:14,321 INFO: TXG,2024-12-09,Morning Star
2025-10-19 19:49:14,322 INFO: TXG,2024-12-19,Hammer
2025-10-19 19:49:14,353 INFO: TXG,2024-12-20,Bullish Engulfing
2025-10-19 19:49:14,358 INFO: TXG,2025-01-08,Piercing Pattern
2025-10-19 19:49:14,358 INFO: TXG,2025-01-16,Hammer
2025-10-19 19:49:14,358 INFO: TXG,2025-01-28,Hammer
2025-10-19 19:49:14,359 INFO: TXG,2025-02-12,Bullish Engulfing
2025-10-19 19:49:14,360 INFO: TXG,2025-02-24,Piercing Pattern
2025-10-19 19:49:14,360 INFO: TXG,2025-03-04,Piercing Pattern
2025-10-19 19:49:14,360 INFO: TXG,2025-03-17,Morning Star
2025-10-19 19:49:14,360 INFO: TXG,2025-03-21,Bullish Engulfing
2025-10-19 19:49:14,361 INFO: TXG,2025-04-02,Morning Star
2025-10-19 19:49:14,361 INFO: TXG,2025-04-07,Piercing Pattern
2025-10-19 19:49:14,361 INFO: TXG,2025-04-09,Bullish Engulfing
2025-10-19 19:49:14,361 INFO: TXG,2025-04-21,Piercing Pattern
2025-10-19 19:49:14,361 INFO: TXG,2025-04-24,Hammer
2025-10-19 19:49:14,361 INFO: TXG,2025-04-24,Dragonfly Doji
2025-10-19 19:49:14,361 INFO: TXG,2025-04-25,Hammer
2025-10-19 19:49:14,361 INFO: TXG,2025-04-25,Morning Star
2025-10-19 19:49:14,361 INFO: TXG,2025-05-05,Morning Star
2025-10-19 19:49:14,361 INFO: TXG,2025-05-07,Hammer
2025-10-19 19:49:14,361 INFO: TXG,2025-05-13,Morning Star
2025-10-19 19:49:14,361 INFO: TXG,2025-05-20,Piercing Pattern
2025-10-19 19:49:14,361 INFO: TXG,2025-05-29,Three White Soldiers
2025-10-19 19:49:14,363 INFO: TXG,2025-05-30,Three White Soldiers
2025-10-19 19:49:14,363 INFO: TXG,2025-06-04,Piercing Pattern
2025-10-19 19:49:14,363 INFO: TXG,2025-06-09,Morning Star
2025-10-19 19:49:14,363 INFO: TXG,2025-06-10,Three White Soldiers
2025-10-19 19:49:14,363 INFO: TXG,2025-06-27,Hammer
2025-10-19 19:49:14,364 INFO: TXG,2025-07-01,Bullish Engulfing
2025-10-19 19:49:14,391 INFO: TXG,2025-07-17,Morning Star
2025-10-19 19:49:14,423 INFO: TXG,2025-07-24,Three White Soldiers
2025-10-19 19:49:14,423 INFO: TXG,2025-07-25,Three White Soldiers
2025-10-19 19:49:14,423 INFO: TXG,2025-07-28,Three White Soldiers
2025-10-19 19:49:14,423 INFO: TXG,2025-08-04,Morning Star
2025-10-19 19:49:14,423 INFO: TXG,2025-09-04,Bullish Engulfing
2025-10-19 19:49:14,423 INFO: TXG,2025-09-04,Morning Star
2025-10-19 19:49:14,423 INFO: TXG,2025-09-08,Hammer
2025-10-19 19:49:14,423 INFO: TXG,2025-09-11,Piercing Pattern
2025-10-19 19:49:14,423 INFO: TXMD,2023-07-19,Bullish Engulfing
2025-10-19 19:49:14,424 INFO: TXMD,2023-07-21,Three White Soldiers
2025-10-19 19:49:14,424 INFO: TXMD,2023-08-01,Morning Star
2025-10-19 19:49:14,424 INFO: TXMD,2023-08-02,Three White Soldiers
2025-10-19 19:49:14,424 INFO: TXMD,2023-08-03,Three White Soldiers
2025-10-19 19:49:14,424 INFO: TXMD,2023-08-04,Three White Soldiers
2025-10-19 19:49:14,425 INFO: TXMD,2023-08-15,Dragonfly Doji
2025-10-19 19:49:14,425 INFO: TXMD,2023-08-16,Hammer
2025-10-19 19:49:14,425 INFO: TXMD,2023-08-21,Three White Soldiers
2025-10-19 19:49:14,426 INFO: TXMD,2023-08-22,Three White Soldiers
2025-10-19 19:49:14,426 INFO: TXMD,2023-08-23,Three White Soldiers
2025-10-19 19:49:14,426 INFO: TXMD,2023-08-29,Hammer
2025-10-19 19:49:14,426 INFO: TXMD,2023-09-11,Piercing Pattern
2025-10-19 19:49:14,426 INFO: TXMD,2023-10-06,Morning Star
2025-10-19 19:49:14,426 INFO: TXMD,2023-10-16,Piercing Pattern
2025-10-19 19:49:14,427 INFO: TXMD,2023-10-31,Three White Soldiers
2025-10-19 19:49:14,427 INFO: TXMD,2023-11-02,Bullish Engulfing
2025-10-19 19:49:14,427 INFO: TXMD,2023-11-06,Three White Soldiers
2025-10-19 19:49:14,460 INFO: TXMD,2023-11-07,Three White Soldiers
2025-10-19 19:49:14,462 INFO: TXMD,2023-11-20,Bullish Engulfing
2025-10-19 19:49:14,463 INFO: TXMD,2023-12-15,Hammer
2025-10-19 19:49:14,463 INFO: TXMD,2023-12-18,Hammer
2025-10-19 19:49:14,463 INFO: TXMD,2023-12-19,Hammer
2025-10-19 19:49:14,463 INFO: TXMD,2023-12-19,Dragonfly Doji
2025-10-19 19:49:14,471 INFO: TXMD,2023-12-20,Hammer
2025-10-19 19:49:14,500 INFO: TXMD,2023-12-21,Hammer
2025-10-19 19:49:14,508 INFO: TXMD,2024-01-10,Hammer
2025-10-19 19:49:14,509 INFO: TXMD,2024-02-05,Morning Star
2025-10-19 19:49:14,509 INFO: TXMD,2024-02-07,Hammer
2025-10-19 19:49:14,510 INFO: TXMD,2024-02-08,Bullish Engulfing
2025-10-19 19:49:14,510 INFO: TXMD,2024-02-29,Hammer
2025-10-19 19:49:14,510 INFO: TXMD,2024-02-29,Three White Soldiers
2025-10-19 19:49:14,510 INFO: TXMD,2024-03-01,Three White Soldiers
2025-10-19 19:49:14,510 INFO: TXMD,2024-03-04,Three White Soldiers
2025-10-19 19:49:14,510 INFO: TXMD,2024-03-05,Three White Soldiers
2025-10-19 19:49:14,510 INFO: TXMD,2024-03-28,Morning Star
2025-10-19 19:49:14,510 INFO: TXMD,2024-05-02,Morning Star
2025-10-19 19:49:14,571 INFO: TXMD,2024-05-09,Hammer
2025-10-19 19:49:14,571 INFO: TXMD,2024-05-17,Three White Soldiers
2025-10-19 19:49:14,571 INFO: TXMD,2024-05-28,Three White Soldiers
2025-10-19 19:49:14,572 INFO: TXMD,2024-05-31,Bullish Engulfing
2025-10-19 19:49:14,572 INFO: TXMD,2024-06-03,Hammer
2025-10-19 19:49:14,572 INFO: TXMD,2024-06-03,Dragonfly Doji
2025-10-19 19:49:14,572 INFO: TXMD,2024-06-04,Hammer
2025-10-19 19:49:14,572 INFO: TXMD,2024-06-11,Hammer
2025-10-19 19:49:14,572 INFO: TXMD,2024-06-21,Piercing Pattern
2025-10-19 19:49:14,572 INFO: TXMD,2024-07-08,Bullish Engulfing
2025-10-19 19:49:14,573 INFO: TXMD,2024-07-12,Morning Star
2025-10-19 19:49:14,573 INFO: TXMD,2024-07-25,Hammer
2025-10-19 19:49:14,573 INFO: TXMD,2024-07-26,Dragonfly Doji
2025-10-19 19:49:14,574 INFO: TXMD,2024-08-05,Bullish Engulfing
2025-10-19 19:49:14,574 INFO: TXMD,2024-08-06,Hammer
2025-10-19 19:49:14,574 INFO: TXMD,2024-08-08,Bullish Engulfing
2025-10-19 19:49:14,574 INFO: TXMD,2024-08-26,Bullish Engulfing
2025-10-19 19:49:14,574 INFO: TXMD,2024-09-09,Piercing Pattern
2025-10-19 19:49:14,574 INFO: TXMD,2024-09-20,Dragonfly Doji
2025-10-19 19:49:14,614 INFO: TXMD,2024-09-23,Dragonfly Doji
2025-10-19 19:49:14,614 INFO: TXMD,2024-09-26,Bullish Engulfing
2025-10-19 19:49:14,614 INFO: TXMD,2024-10-16,Hammer
2025-10-19 19:49:14,614 INFO: TXMD,2024-10-18,Dragonfly Doji
2025-10-19 19:49:14,614 INFO: TXMD,2024-11-01,Dragonfly Doji
2025-10-19 19:49:14,614 INFO: TXMD,2024-11-22,Morning Star
2025-10-19 19:49:14,615 INFO: TXMD,2024-11-25,Three White Soldiers
2025-10-19 19:49:14,615 INFO: TXMD,2024-12-03,Hammer
2025-10-19 19:49:14,615 INFO: TXMD,2024-12-12,Dragonfly Doji
2025-10-19 19:49:14,615 INFO: TXMD,2025-01-15,Morning Star
2025-10-19 19:49:14,615 INFO: TXMD,2025-02-13,Morning Star
2025-10-19 19:49:14,615 INFO: TXMD,2025-02-20,Hammer
2025-10-19 19:49:14,615 INFO: TXMD,2025-02-28,Morning Star
2025-10-19 19:49:14,615 INFO: TXMD,2025-03-17,Morning Star
2025-10-19 19:49:14,615 INFO: TXMD,2025-03-21,Hammer
2025-10-19 19:49:14,615 INFO: TXMD,2025-03-21,Three White Soldiers
2025-10-19 19:49:14,615 INFO: TXMD,2025-03-24,Hammer
2025-10-19 19:49:14,615 INFO: TXMD,2025-03-25,Bullish Engulfing
2025-10-19 19:49:14,615 INFO: TXMD,2025-03-27,Three White Soldiers
2025-10-19 19:49:14,615 INFO: TXMD,2025-04-01,Bullish Engulfing
2025-10-19 19:49:14,615 INFO: TXMD,2025-04-14,Three White Soldiers
2025-10-19 19:49:14,616 INFO: TXMD,2025-04-15,Three White Soldiers
2025-10-19 19:49:14,616 INFO: TXMD,2025-04-24,Bullish Engulfing
2025-10-19 19:49:14,616 INFO: TXMD,2025-04-28,Three White Soldiers
2025-10-19 19:49:14,616 INFO: TXMD,2025-04-29,Three White Soldiers
2025-10-19 19:49:14,616 INFO: TXMD,2025-04-30,Three White Soldiers
2025-10-19 19:49:14,616 INFO: TXMD,2025-05-01,Three White Soldiers
2025-10-19 19:49:14,616 INFO: TXMD,2025-05-02,Three White Soldiers
2025-10-19 19:49:14,616 INFO: TXMD,2025-05-05,Three White Soldiers
2025-10-19 19:49:14,616 INFO: TXMD,2025-05-12,Three White Soldiers
2025-10-19 19:49:14,616 INFO: TXMD,2025-05-13,Three White Soldiers
2025-10-19 19:49:14,616 INFO: TXMD,2025-05-16,Morning Star
2025-10-19 19:49:14,616 INFO: TXMD,2025-05-20,Dragonfly Doji
2025-10-19 19:49:14,616 INFO: TXMD,2025-05-27,Hammer
2025-10-19 19:49:14,616 INFO: TXMD,2025-06-04,Piercing Pattern
2025-10-19 19:49:14,617 INFO: TXMD,2025-06-30,Piercing Pattern
2025-10-19 19:49:14,617 INFO: TXMD,2025-07-01,Hammer
2025-10-19 19:49:14,617 INFO: TXMD,2025-07-03,Morning Star
2025-10-19 19:49:14,617 INFO: TXMD,2025-07-15,Hammer
2025-10-19 19:49:14,617 INFO: TXMD,2025-08-12,Morning Star
2025-10-19 19:49:14,617 INFO: TXMD,2025-09-16,Hammer
2025-10-19 19:49:14,618 INFO: TXMD,2025-09-29,Dragonfly Doji
2025-10-19 19:49:14,618 INFO: TXN,2023-07-17,Bullish Engulfing
2025-10-19 19:49:14,618 INFO: TXN,2023-07-26,Hammer
2025-10-19 19:49:14,618 INFO: TXN,2023-07-31,Morning Star
2025-10-19 19:49:14,618 INFO: TXN,2023-08-08,Hammer
2025-10-19 19:49:14,618 INFO: TXN,2023-08-09,Piercing Pattern
2025-10-19 19:49:14,618 INFO: TXN,2023-08-11,Hammer
2025-10-19 19:49:14,618 INFO: TXN,2023-08-14,Morning Star
2025-10-19 19:49:14,618 INFO: TXN,2023-08-23,Bullish Engulfing
2025-10-19 19:49:14,618 INFO: TXN,2023-08-29,Bullish Engulfing
2025-10-19 19:49:14,618 INFO: TXN,2023-09-01,Hammer
2025-10-19 19:49:14,618 INFO: TXN,2023-09-05,Morning Star
2025-10-19 19:49:14,618 INFO: TXN,2023-09-11,Hammer
2025-10-19 19:49:14,618 INFO: TXN,2023-09-14,Hammer
2025-10-19 19:49:14,618 INFO: TXN,2023-09-27,Hammer
2025-10-19 19:49:14,618 INFO: TXN,2023-10-06,Piercing Pattern
2025-10-19 19:49:14,618 INFO: TXN,2023-10-17,Morning Star
2025-10-19 19:49:14,619 INFO: TXN,2023-11-01,Hammer
2025-10-19 19:49:14,619 INFO: TXN,2023-11-02,Three White Soldiers
2025-10-19 19:49:14,619 INFO: TXN,2023-11-03,Three White Soldiers
2025-10-19 19:49:14,619 INFO: TXN,2023-12-05,Hammer
2025-10-19 19:49:14,619 INFO: TXN,2023-12-22,Morning Star
2025-10-19 19:49:14,619 INFO: TXN,2023-12-26,Three White Soldiers
2025-10-19 19:49:14,619 INFO: TXN,2023-12-27,Three White Soldiers
2025-10-19 19:49:14,619 INFO: TXN,2024-01-08,Three White Soldiers
2025-10-19 19:49:14,619 INFO: TXN,2024-01-09,Three White Soldiers
2025-10-19 19:49:14,619 INFO: TXN,2024-01-18,Morning Star
2025-10-19 19:49:14,619 INFO: TXN,2024-01-22,Three White Soldiers
2025-10-19 19:49:14,619 INFO: TXN,2024-01-29,Piercing Pattern
2025-10-19 19:49:14,619 INFO: TXN,2024-02-01,Hammer
2025-10-19 19:49:14,619 INFO: TXN,2024-02-15,Morning Star
2025-10-19 19:49:14,619 INFO: TXN,2024-02-22,Three White Soldiers
2025-10-19 19:49:14,619 INFO: TXN,2024-02-27,Morning Star
2025-10-19 19:49:14,619 INFO: TXN,2024-03-11,Piercing Pattern
2025-10-19 19:49:14,620 INFO: TXN,2024-03-15,Piercing Pattern
2025-10-19 19:49:14,620 INFO: TXN,2024-04-03,Hammer
2025-10-19 19:49:14,620 INFO: TXN,2024-04-26,Bullish Engulfing
2025-10-19 19:49:14,620 INFO: TXN,2024-04-26,Morning Star
2025-10-19 19:49:14,620 INFO: TXN,2024-05-06,Morning Star
2025-10-19 19:49:14,620 INFO: TXN,2024-05-07,Three White Soldiers
2025-10-19 19:49:14,620 INFO: TXN,2024-05-10,Three White Soldiers
2025-10-19 19:49:14,620 INFO: TXN,2024-05-13,Three White Soldiers
2025-10-19 19:49:14,620 INFO: TXN,2024-05-14,Three White Soldiers
2025-10-19 19:49:14,620 INFO: TXN,2024-05-15,Three White Soldiers
2025-10-19 19:49:14,620 INFO: TXN,2024-05-20,Three White Soldiers
2025-10-19 19:49:14,620 INFO: TXN,2024-06-05,Morning Star
2025-10-19 19:49:14,620 INFO: TXN,2024-06-10,Bullish Engulfing
2025-10-19 19:49:14,620 INFO: TXN,2024-06-25,Hammer
2025-10-19 19:49:14,620 INFO: TXN,2024-07-03,Hammer
2025-10-19 19:49:14,621 INFO: TXN,2024-07-03,Three White Soldiers
2025-10-19 19:49:14,621 INFO: TXN,2024-07-16,Morning Star
2025-10-19 19:49:14,621 INFO: TXN,2024-07-31,Hammer
2025-10-19 19:49:14,621 INFO: TXN,2024-08-20,Morning Star
2025-10-19 19:49:14,621 INFO: TXN,2024-08-27,Bullish Engulfing
2025-10-19 19:49:14,621 INFO: TXN,2024-08-30,Morning Star
2025-10-19 19:49:14,621 INFO: TXN,2024-09-09,Hammer
2025-10-19 19:49:14,621 INFO: TXN,2024-09-10,Hammer
2025-10-19 19:49:14,621 INFO: TXN,2024-09-11,Bullish Engulfing
2025-10-19 19:49:14,621 INFO: TXN,2024-09-20,Hammer
2025-10-19 19:49:14,621 INFO: TXN,2024-09-26,Hammer
2025-10-19 19:49:14,621 INFO: TXN,2024-10-09,Three White Soldiers
2025-10-19 19:49:14,621 INFO: TXN,2024-10-23,Morning Star
2025-10-19 19:49:14,622 INFO: TXN,2024-10-24,Three White Soldiers
2025-10-19 19:49:14,622 INFO: TXN,2024-11-07,Three White Soldiers
2025-10-19 19:49:14,622 INFO: TXN,2024-11-08,Three White Soldiers
2025-10-19 19:49:14,622 INFO: TXN,2024-12-09,Piercing Pattern
2025-10-19 19:49:14,622 INFO: TXN,2024-12-24,Three White Soldiers
2025-10-19 19:49:14,622 INFO: TXN,2025-01-14,Morning Star
2025-10-19 19:49:14,622 INFO: TXN,2025-01-15,Three White Soldiers
2025-10-19 19:49:14,622 INFO: TXN,2025-01-21,Bullish Engulfing
2025-10-19 19:49:14,622 INFO: TXN,2025-01-21,Morning Star
2025-10-19 19:49:14,622 INFO: TXN,2025-01-30,Morning Star
2025-10-19 19:49:14,623 INFO: TXN,2025-02-12,Bullish Engulfing
2025-10-19 19:49:14,623 INFO: TXN,2025-02-14,Three White Soldiers
2025-10-19 19:49:14,623 INFO: TXN,2025-02-18,Three White Soldiers
2025-10-19 19:49:14,623 INFO: TXN,2025-02-19,Three White Soldiers
2025-10-19 19:49:14,623 INFO: TXN,2025-02-20,Three White Soldiers
2025-10-19 19:49:14,623 INFO: TXN,2025-03-07,Hammer
2025-10-19 19:49:14,623 INFO: TXN,2025-03-18,Hammer
2025-10-19 19:49:14,623 INFO: TXN,2025-03-31,Bullish Engulfing
2025-10-19 19:49:14,623 INFO: TXN,2025-04-01,Hammer
2025-10-19 19:49:14,623 INFO: TXN,2025-04-09,Bullish Engulfing
2025-10-19 19:49:14,624 INFO: TXN,2025-04-28,Hammer
2025-10-19 19:49:14,624 INFO: TXN,2025-05-13,Three White Soldiers
2025-10-19 19:49:14,624 INFO: TXN,2025-05-14,Dragonfly Doji
2025-10-19 19:49:14,624 INFO: TXN,2025-05-15,Bullish Engulfing
2025-10-19 19:49:14,624 INFO: TXN,2025-05-16,Hammer
2025-10-19 19:49:14,624 INFO: TXN,2025-05-20,Hammer
2025-10-19 19:49:14,624 INFO: TXN,2025-05-23,Hammer
2025-10-19 19:49:14,624 INFO: TXN,2025-05-27,Morning Star
2025-10-19 19:49:14,624 INFO: TXN,2025-06-02,Piercing Pattern
2025-10-19 19:49:14,625 INFO: TXN,2025-06-04,Three White Soldiers
2025-10-19 19:49:14,625 INFO: TXN,2025-06-25,Hammer
2025-10-19 19:49:14,625 INFO: TXN,2025-06-27,Morning Star
2025-10-19 19:49:14,625 INFO: TXN,2025-07-03,Three White Soldiers
2025-10-19 19:49:14,625 INFO: TXN,2025-07-14,Hammer
2025-10-19 19:49:14,625 INFO: TXN,2025-07-16,Hammer
2025-10-19 19:49:14,625 INFO: TXN,2025-07-25,Hammer
2025-10-19 19:49:14,625 INFO: TXN,2025-08-05,Three White Soldiers
2025-10-19 19:49:14,625 INFO: TXN,2025-08-14,Bullish Engulfing
2025-10-19 19:49:14,625 INFO: TXN,2025-08-27,Hammer
2025-10-19 19:49:14,625 INFO: TXN,2025-09-02,Hammer
2025-10-19 19:49:14,625 INFO: TXN,2025-09-23,Morning Star
2025-10-19 19:49:14,625 INFO: TXN,2025-09-24,Three White Soldiers
2025-10-19 19:49:14,625 INFO: TXRH,2023-07-10,Three White Soldiers
2025-10-19 19:49:14,625 INFO: TXRH,2023-07-11,Three White Soldiers
2025-10-19 19:49:14,626 INFO: TXRH,2023-07-12,Three White Soldiers
2025-10-19 19:49:14,626 INFO: TXRH,2023-07-19,Three White Soldiers
2025-10-19 19:49:14,626 INFO: TXRH,2023-07-31,Piercing Pattern
2025-10-19 19:49:14,626 INFO: TXRH,2023-08-02,Bullish Engulfing
2025-10-19 19:49:14,626 INFO: TXRH,2023-08-11,Hammer
2025-10-19 19:49:14,626 INFO: TXRH,2023-08-22,Piercing Pattern
2025-10-19 19:49:14,626 INFO: TXRH,2023-08-29,Bullish Engulfing
2025-10-19 19:49:14,626 INFO: TXRH,2023-09-07,Bullish Engulfing
2025-10-19 19:49:14,626 INFO: TXRH,2023-09-12,Bullish Engulfing
2025-10-19 19:49:14,626 INFO: TXRH,2023-09-19,Hammer
2025-10-19 19:49:14,627 INFO: TXRH,2023-10-16,Morning Star
2025-10-19 19:49:14,627 INFO: TXRH,2023-10-17,Three White Soldiers
2025-10-19 19:49:14,627 INFO: TXRH,2023-10-31,Three White Soldiers
2025-10-19 19:49:14,627 INFO: TXRH,2023-11-01,Three White Soldiers
2025-10-19 19:49:14,627 INFO: TXRH,2023-11-09,Hammer
2025-10-19 19:49:14,627 INFO: TXRH,2023-11-14,Three White Soldiers
2025-10-19 19:49:14,627 INFO: TXRH,2023-11-17,Hammer
2025-10-19 19:49:14,627 INFO: TXRH,2023-11-22,Morning Star
2025-10-19 19:49:14,627 INFO: TXRH,2023-11-24,Three White Soldiers
2025-10-19 19:49:14,627 INFO: TXRH,2023-11-27,Three White Soldiers
2025-10-19 19:49:14,627 INFO: TXRH,2023-11-30,Bullish Engulfing
2025-10-19 19:49:14,628 INFO: TXRH,2023-12-13,Three White Soldiers
2025-10-19 19:49:14,628 INFO: TXRH,2023-12-19,Three White Soldiers
2025-10-19 19:49:14,628 INFO: TXRH,2023-12-22,Morning Star
2025-10-19 19:49:14,628 INFO: TXRH,2023-12-26,Three White Soldiers
2025-10-19 19:49:14,628 INFO: TXRH,2023-12-27,Three White Soldiers
2025-10-19 19:49:14,628 INFO: TXRH,2024-01-16,Piercing Pattern
2025-10-19 19:49:14,628 INFO: TXRH,2024-01-18,Three White Soldiers
2025-10-19 19:49:14,628 INFO: TXRH,2024-02-07,Morning Star
2025-10-19 19:49:14,629 INFO: TXRH,2024-02-08,Three White Soldiers
2025-10-19 19:49:14,629 INFO: TXRH,2024-02-14,Hammer
2025-10-19 19:49:14,629 INFO: TXRH,2024-02-15,Bullish Engulfing
2025-10-19 19:49:14,629 INFO: TXRH,2024-02-22,Hammer
2025-10-19 19:49:14,629 INFO: TXRH,2024-02-23,Morning Star
2025-10-19 19:49:14,629 INFO: TXRH,2024-03-01,Morning Star
2025-10-19 19:49:14,629 INFO: TXRH,2024-03-12,Morning Star
2025-10-19 19:49:14,629 INFO: TXRH,2024-03-27,Morning Star
2025-10-19 19:49:14,629 INFO: TXRH,2024-04-01,Hammer
2025-10-19 19:49:14,629 INFO: TXRH,2024-04-01,Three White Soldiers
2025-10-19 19:49:14,629 INFO: TXRH,2024-04-19,Morning Star
2025-10-19 19:49:14,629 INFO: TXRH,2024-04-23,Three White Soldiers
2025-10-19 19:49:14,629 INFO: TXRH,2024-04-29,Three White Soldiers
2025-10-19 19:49:14,629 INFO: TXRH,2024-05-02,Dragonfly Doji
2025-10-19 19:49:14,629 INFO: TXRH,2024-05-09,Bullish Engulfing
2025-10-19 19:49:14,629 INFO: TXRH,2024-05-16,Three White Soldiers
2025-10-19 19:49:14,629 INFO: TXRH,2024-06-05,Hammer
2025-10-19 19:49:14,629 INFO: TXRH,2024-06-05,Morning Star
2025-10-19 19:49:14,629 INFO: TXRH,2024-06-10,Piercing Pattern
2025-10-19 19:49:14,629 INFO: TXRH,2024-06-21,Hammer
2025-10-19 19:49:14,629 INFO: TXRH,2024-06-24,Morning Star
2025-10-19 19:49:14,630 INFO: TXRH,2024-06-25,Three White Soldiers
2025-10-19 19:49:14,630 INFO: TXRH,2024-07-01,Hammer
2025-10-19 19:49:14,630 INFO: TXRH,2024-07-10,Hammer
2025-10-19 19:49:14,630 INFO: TXRH,2024-07-12,Three White Soldiers
2025-10-19 19:49:14,630 INFO: TXRH,2024-07-30,Morning Star
2025-10-19 19:49:14,631 INFO: TXRH,2024-08-27,Bullish Engulfing
2025-10-19 19:49:14,631 INFO: TXRH,2024-09-10,Hammer
2025-10-19 19:49:14,631 INFO: TXRH,2024-10-01,Morning Star
2025-10-19 19:49:14,631 INFO: TXRH,2024-10-02,Hammer
2025-10-19 19:49:14,631 INFO: TXRH,2024-10-02,Three White Soldiers
2025-10-19 19:49:14,631 INFO: TXRH,2024-10-11,Bullish Engulfing
2025-10-19 19:49:14,631 INFO: TXRH,2024-10-15,Three White Soldiers
2025-10-19 19:49:14,631 INFO: TXRH,2024-10-16,Three White Soldiers
2025-10-19 19:49:14,631 INFO: TXRH,2024-11-13,Morning Star
2025-10-19 19:49:14,632 INFO: TXRH,2024-11-26,Three White Soldiers
2025-10-19 19:49:14,632 INFO: TXRH,2024-12-04,Bullish Engulfing
2025-10-19 19:49:14,632 INFO: TXRH,2024-12-23,Hammer
2025-10-19 19:49:14,632 INFO: TXRH,2025-01-07,Hammer
2025-10-19 19:49:14,632 INFO: TXRH,2025-01-13,Bullish Engulfing
2025-10-19 19:49:14,632 INFO: TXRH,2025-01-24,Hammer
2025-10-19 19:49:14,632 INFO: TXRH,2025-02-03,Bullish Engulfing
2025-10-19 19:49:14,632 INFO: TXRH,2025-02-05,Hammer
2025-10-19 19:49:14,632 INFO: TXRH,2025-02-24,Bullish Engulfing
2025-10-19 19:49:14,632 INFO: TXRH,2025-02-27,Bullish Engulfing
2025-10-19 19:49:14,632 INFO: TXRH,2025-03-04,Bullish Engulfing
2025-10-19 19:49:14,632 INFO: TXRH,2025-03-19,Piercing Pattern
2025-10-19 19:49:14,632 INFO: TXRH,2025-03-25,Three White Soldiers
2025-10-19 19:49:14,632 INFO: TXRH,2025-04-09,Bullish Engulfing
2025-10-19 19:49:14,632 INFO: TXRH,2025-04-14,Morning Star
2025-10-19 19:49:14,632 INFO: TXRH,2025-04-28,Morning Star
2025-10-19 19:49:14,632 INFO: TXRH,2025-04-30,Bullish Engulfing
2025-10-19 19:49:14,632 INFO: TXRH,2025-05-02,Three White Soldiers
2025-10-19 19:49:14,632 INFO: TXRH,2025-05-09,Morning Star
2025-10-19 19:49:14,633 INFO: TXRH,2025-05-12,Three White Soldiers
2025-10-19 19:49:14,633 INFO: TXRH,2025-05-13,Three White Soldiers
2025-10-19 19:49:14,633 INFO: TXRH,2025-05-16,Morning Star
2025-10-19 19:49:14,633 INFO: TXRH,2025-05-30,Hammer
2025-10-19 19:49:14,633 INFO: TXRH,2025-06-06,Hammer
2025-10-19 19:49:14,634 INFO: TXRH,2025-06-09,Morning Star
2025-10-19 19:49:14,634 INFO: TXRH,2025-06-20,Hammer
2025-10-19 19:49:14,635 INFO: TXRH,2025-06-23,Hammer
2025-10-19 19:49:14,635 INFO: TXRH,2025-06-27,Morning Star
2025-10-19 19:49:14,635 INFO: TXRH,2025-07-11,Morning Star
2025-10-19 19:49:14,635 INFO: TXRH,2025-08-18,Morning Star
2025-10-19 19:49:14,635 INFO: TXRH,2025-09-09,Piercing Pattern
2025-10-19 19:49:14,635 INFO: TXRH,2025-09-16,Hammer
2025-10-19 19:49:14,635 INFO: TXRH,2025-09-22,Piercing Pattern
2025-10-19 19:49:14,635 INFO: TXRH,2025-09-23,Hammer
2025-10-19 19:49:14,635 INFO: TXRH,2025-09-24,Three White Soldiers
2025-10-19 19:49:14,635 INFO: TXRH,2025-09-25,Three White Soldiers
2025-10-19 19:49:14,635 INFO: TXSS,2024-01-25,Morning Star
2025-10-19 19:49:14,641 INFO: TXSS,2024-01-29,Three White Soldiers
2025-10-19 19:49:14,656 INFO: TXSS,2024-03-01,Morning Star
2025-10-19 19:49:14,656 INFO: TXSS,2024-03-28,Morning Star
2025-10-19 19:49:14,656 INFO: TXSS,2024-04-03,Hammer
2025-10-19 19:49:14,656 INFO: TXSS,2024-04-03,Dragonfly Doji
2025-10-19 19:49:14,656 INFO: TXSS,2024-05-09,Morning Star
2025-10-19 19:49:14,656 INFO: TXSS,2024-05-10,Hammer
2025-10-19 19:49:14,656 INFO: TXSS,2024-05-15,Hammer
2025-10-19 19:49:14,656 INFO: TXSS,2024-05-24,Piercing Pattern
2025-10-19 19:49:14,656 INFO: TXSS,2024-07-22,Morning Star
2025-10-19 19:49:14,657 INFO: TXSS,2024-08-14,Morning Star
2025-10-19 19:49:14,657 INFO: TXSS,2024-09-06,Hammer
2025-10-19 19:49:14,657 INFO: TXSS,2024-10-03,Dragonfly Doji
2025-10-19 19:49:14,657 INFO: TXSS,2024-10-14,Three White Soldiers
2025-10-19 19:49:14,657 INFO: TXSS,2024-10-22,Hammer
2025-10-19 19:49:14,657 INFO: TXSS,2024-11-19,Morning Star
2025-10-19 19:49:14,657 INFO: TXSS,2024-12-05,Hammer
2025-10-19 19:49:14,657 INFO: TXSS,2024-12-11,Dragonfly Doji
2025-10-19 19:49:14,657 INFO: TXSS,2025-01-30,Morning Star
2025-10-19 19:49:14,677 INFO: TXSS,2025-03-05,Piercing Pattern
2025-10-19 19:49:14,677 INFO: TXSS,2025-03-07,Piercing Pattern
2025-10-19 19:49:14,677 INFO: TXSS,2025-04-01,Morning Star
2025-10-19 19:49:14,677 INFO: TXSS,2025-04-15,Three White Soldiers
2025-10-19 19:49:14,677 INFO: TXSS,2025-05-12,Morning Star
2025-10-19 19:49:14,677 INFO: TXUE,2025-01-23,Piercing Pattern
2025-10-19 19:49:14,678 INFO: TXUE,2025-01-28,Hammer
2025-10-19 19:49:14,678 INFO: TXUE,2025-02-06,Morning Star
2025-10-19 19:49:14,678 INFO: TXUE,2025-02-11,Bullish Engulfing
2025-10-19 19:49:14,678 INFO: TXUE,2025-02-11,Morning Star
2025-10-19 19:49:14,678 INFO: TXUE,2025-02-13,Three White Soldiers
2025-10-19 19:49:14,678 INFO: TXUE,2025-03-12,Morning Star
2025-10-19 19:49:14,678 INFO: TXUE,2025-03-27,Piercing Pattern
2025-10-19 19:49:14,678 INFO: TXUE,2025-04-02,Three White Soldiers
2025-10-19 19:49:14,678 INFO: TXUE,2025-04-09,Bullish Engulfing
2025-10-19 19:49:14,678 INFO: TXUE,2025-04-09,Morning Star
2025-10-19 19:49:14,678 INFO: TXUE,2025-04-10,Hammer
2025-10-19 19:49:14,679 INFO: TXUE,2025-04-15,Three White Soldiers
2025-10-19 19:49:14,679 INFO: TXUE,2025-04-22,Bullish Engulfing
2025-10-19 19:49:14,679 INFO: TXUE,2025-04-28,Three White Soldiers
2025-10-19 19:49:14,679 INFO: TXUE,2025-04-29,Three White Soldiers
2025-10-19 19:49:14,682 INFO: TXUE,2025-04-30,Hammer
2025-10-19 19:49:14,682 INFO: TXUE,2025-04-30,Dragonfly Doji
2025-10-19 19:49:14,702 INFO: TXUE,2025-05-15,Piercing Pattern
2025-10-19 19:49:14,703 INFO: TXUE,2025-05-19,Three White Soldiers
2025-10-19 19:49:14,703 INFO: TXUE,2025-05-20,Three White Soldiers
2025-10-19 19:49:14,703 INFO: TXUE,2025-05-23,Hammer
2025-10-19 19:49:14,703 INFO: TXUE,2025-06-23,Piercing Pattern
2025-10-19 19:49:14,705 INFO: TXUE,2025-06-30,Three White Soldiers
2025-10-19 19:49:14,706 INFO: TXUE,2025-07-08,Piercing Pattern
2025-10-19 19:49:14,706 INFO: TXUE,2025-07-10,Three White Soldiers
2025-10-19 19:49:14,706 INFO: TXUE,2025-07-23,Three White Soldiers
2025-10-19 19:49:14,706 INFO: TXUE,2025-08-18,Hammer
2025-10-19 19:49:14,706 INFO: TXUE,2025-08-22,Bullish Engulfing
2025-10-19 19:49:14,706 INFO: TXUE,2025-09-04,Three White Soldiers
2025-10-19 19:49:14,707 INFO: TXUE,2025-09-10,Bullish Engulfing
2025-10-19 19:49:14,707 INFO: TXUE,2025-09-22,Bullish Engulfing
2025-10-19 19:49:14,707 INFO: TXUE,2025-09-29,Morning Star
2025-10-19 19:49:14,708 INFO: TXUG,2025-05-12,Morning Star
2025-10-19 19:49:14,708 INFO: TXUG,2025-07-22,Morning Star
2025-10-19 19:49:14,709 INFO: TYGO,2023-07-07,Morning Star
2025-10-19 19:49:14,710 INFO: TYGO,2023-07-11,Three White Soldiers
2025-10-19 19:49:14,710 INFO: TYGO,2023-07-12,Three White Soldiers
2025-10-19 19:49:14,710 INFO: TYGO,2023-07-13,Three White Soldiers
2025-10-19 19:49:14,710 INFO: TYGO,2023-07-17,Bullish Engulfing
2025-10-19 19:49:14,710 INFO: TYGO,2023-07-25,Three White Soldiers
2025-10-19 19:49:14,710 INFO: TYGO,2023-07-28,Piercing Pattern
2025-10-19 19:49:14,710 INFO: TYGO,2023-08-03,Hammer
2025-10-19 19:49:14,710 INFO: TYGO,2023-08-07,Bullish Engulfing
2025-10-19 19:49:14,711 INFO: TYGO,2023-08-11,Hammer
2025-10-19 19:49:14,711 INFO: TYGO,2023-08-18,Hammer
2025-10-19 19:49:14,712 INFO: TYGO,2023-08-24,Hammer
2025-10-19 19:49:14,712 INFO: TYGO,2023-08-25,Hammer
2025-10-19 19:49:14,712 INFO: TYGO,2023-08-25,Dragonfly Doji
2025-10-19 19:49:14,712 INFO: TYGO,2023-08-28,Hammer
2025-10-19 19:49:14,712 INFO: TYGO,2023-09-29,Morning Star
2025-10-19 19:49:14,712 INFO: TYGO,2023-10-03,Hammer
2025-10-19 19:49:14,712 INFO: TYGO,2023-10-25,Hammer
2025-10-19 19:49:14,712 INFO: TYGO,2023-11-16,Hammer
2025-10-19 19:49:14,713 INFO: TYGO,2023-11-21,Bullish Engulfing
2025-10-19 19:49:14,713 INFO: TYGO,2023-12-21,Hammer
2025-10-19 19:49:14,717 INFO: TYGO,2023-12-22,Morning Star
2025-10-19 19:49:14,741 INFO: TYGO,2024-01-30,Dragonfly Doji
2025-10-19 19:49:14,741 INFO: TYGO,2024-02-08,Bullish Engulfing
2025-10-19 19:49:14,741 INFO: TYGO,2024-02-29,Morning Star
2025-10-19 19:49:14,741 INFO: TYGO,2024-03-05,Hammer
2025-10-19 19:49:14,741 INFO: TYGO,2024-03-20,Piercing Pattern
2025-10-19 19:49:14,741 INFO: TYGO,2024-04-01,Dragonfly Doji
2025-10-19 19:49:14,741 INFO: TYGO,2024-04-05,Hammer
2025-10-19 19:49:14,741 INFO: TYGO,2024-04-09,Morning Star
2025-10-19 19:49:14,778 INFO: TYGO,2024-04-11,Dragonfly Doji
2025-10-19 19:49:14,779 INFO: TYGO,2024-04-12,Hammer
2025-10-19 19:49:14,779 INFO: TYGO,2024-04-22,Hammer
2025-10-19 19:49:14,779 INFO: TYGO,2024-04-23,Morning Star
2025-10-19 19:49:14,781 INFO: TYGO,2024-04-26,Morning Star
2025-10-19 19:49:14,781 INFO: TYGO,2024-04-29,Hammer
2025-10-19 19:49:14,781 INFO: TYGO,2024-04-29,Three White Soldiers
2025-10-19 19:49:14,807 INFO: TYGO,2024-04-30,Hammer
2025-10-19 19:49:14,807 INFO: TYGO,2024-05-01,Hammer
2025-10-19 19:49:14,807 INFO: TYGO,2024-05-02,Hammer
2025-10-19 19:49:14,807 INFO: TYGO,2024-05-03,Hammer
2025-10-19 19:49:14,895 INFO: TYGO,2024-05-08,Hammer
2025-10-19 19:49:14,895 INFO: TYGO,2024-05-13,Morning Star
2025-10-19 19:49:14,895 INFO: TYGO,2024-05-21,Morning Star
2025-10-19 19:49:14,895 INFO: TYGO,2024-05-22,Three White Soldiers
2025-10-19 19:49:14,895 INFO: TYGO,2024-05-28,Morning Star
2025-10-19 19:49:14,895 INFO: TYGO,2024-05-31,Three White Soldiers
2025-10-19 19:49:14,988 INFO: TYGO,2024-07-08,Hammer
2025-10-19 19:49:14,989 INFO: TYGO,2024-07-17,Piercing Pattern
2025-10-19 19:49:14,989 INFO: TYGO,2024-07-23,Piercing Pattern
2025-10-19 19:49:14,990 INFO: TYGO,2024-07-26,Hammer
2025-10-19 19:49:14,990 INFO: TYGO,2024-07-26,Dragonfly Doji
2025-10-19 19:49:15,051 INFO: TYGO,2024-08-30,Morning Star
2025-10-19 19:49:15,051 INFO: TYGO,2024-09-16,Morning Star
2025-10-19 19:49:15,051 INFO: TYGO,2024-09-26,Dragonfly Doji
2025-10-19 19:49:15,051 INFO: TYGO,2024-09-27,Morning Star
2025-10-19 19:49:15,052 INFO: TYGO,2024-10-04,Hammer
2025-10-19 19:49:15,052 INFO: TYGO,2024-10-17,Hammer
2025-10-19 19:49:15,052 INFO: TYGO,2024-10-25,Morning Star
2025-10-19 19:49:15,052 INFO: TYGO,2024-10-28,Hammer
2025-10-19 19:49:15,053 INFO: TYGO,2024-11-25,Morning Star
2025-10-19 19:49:15,053 INFO: TYGO,2024-12-02,Morning Star
2025-10-19 19:49:15,055 INFO: TYGO,2024-12-17,Hammer
2025-10-19 19:49:15,080 INFO: TYGO,2025-01-02,Dragonfly Doji
2025-10-19 19:49:15,110 INFO: TYGO,2025-01-15,Bullish Engulfing
2025-10-19 19:49:15,331 INFO: TYGO,2025-01-31,Bullish Engulfing
2025-10-19 19:49:15,332 INFO: TYGO,2025-02-13,Dragonfly Doji
2025-10-19 19:49:15,333 INFO: TYGO,2025-02-14,Hammer
2025-10-19 19:49:15,333 INFO: TYGO,2025-03-04,Hammer
2025-10-19 19:49:15,333 INFO: TYGO,2025-03-07,Hammer
2025-10-19 19:49:15,334 INFO: TYGO,2025-04-04,Hammer
2025-10-19 19:49:15,334 INFO: TYGO,2025-04-09,Three White Soldiers
2025-10-19 19:49:15,334 INFO: TYGO,2025-04-14,Morning Star
2025-10-19 19:49:15,430 INFO: TYGO,2025-04-17,Hammer
2025-10-19 19:49:15,431 INFO: TYGO,2025-04-17,Morning Star
2025-10-19 19:49:15,431 INFO: TYGO,2025-04-25,Morning Star
2025-10-19 19:49:15,431 INFO: TYGO,2025-04-29,Piercing Pattern
2025-10-19 19:49:15,490 INFO: TYGO,2025-05-02,Dragonfly Doji
2025-10-19 19:49:15,490 INFO: TYGO,2025-05-08,Hammer
2025-10-19 19:49:15,534 INFO: TYGO,2025-05-20,Morning Star
2025-10-19 19:49:15,534 INFO: TYGO,2025-05-29,Hammer
2025-10-19 19:49:15,534 INFO: TYGO,2025-06-02,Morning Star
2025-10-19 19:49:15,534 INFO: TYGO,2025-06-04,Three White Soldiers
2025-10-19 19:49:15,534 INFO: TYGO,2025-06-09,Bullish Engulfing
2025-10-19 19:49:15,535 INFO: TYGO,2025-06-09,Morning Star
2025-10-19 19:49:15,535 INFO: TYGO,2025-06-24,Three White Soldiers
2025-10-19 19:49:15,535 INFO: TYGO,2025-06-25,Three White Soldiers
2025-10-19 19:49:15,535 INFO: TYGO,2025-07-01,Hammer
2025-10-19 19:49:15,535 INFO: TYGO,2025-07-01,Morning Star
2025-10-19 19:49:15,560 INFO: TYGO,2025-08-25,Morning Star
2025-10-19 19:49:15,562 INFO: TYGO,2025-09-10,Three White Soldiers
2025-10-19 19:49:15,562 INFO: TYGO,2025-09-17,Morning Star
2025-10-19 19:49:15,563 INFO: TYGO,2025-09-19,Three White Soldiers
2025-10-19 19:49:15,563 INFO: TYGO,2025-09-22,Three White Soldiers
2025-10-19 19:49:15,563 INFO: TYGO,2025-09-23,Three White Soldiers
2025-10-19 19:49:15,563 INFO: TYGO,2025-09-25,Bullish Engulfing
2025-10-19 19:49:15,564 INFO: TYRA,2023-07-06,Hammer
2025-10-19 19:49:15,564 INFO: TYRA,2023-07-11,Three White Soldiers
2025-10-19 19:49:15,564 INFO: TYRA,2023-07-20,Bullish Engulfing
2025-10-19 19:49:15,564 INFO: TYRA,2023-08-07,Hammer
2025-10-19 19:49:15,564 INFO: TYRA,2023-08-08,Morning Star
2025-10-19 19:49:15,564 INFO: TYRA,2023-08-18,Piercing Pattern
2025-10-19 19:49:15,564 INFO: TYRA,2023-08-22,Three White Soldiers
2025-10-19 19:49:15,564 INFO: TYRA,2023-08-23,Three White Soldiers
2025-10-19 19:49:15,564 INFO: TYRA,2023-08-28,Piercing Pattern
2025-10-19 19:49:15,564 INFO: TYRA,2023-08-30,Three White Soldiers
2025-10-19 19:49:15,564 INFO: TYRA,2023-09-11,Piercing Pattern
2025-10-19 19:49:15,564 INFO: TYRA,2023-09-14,Hammer
2025-10-19 19:49:15,565 INFO: TYRA,2023-09-14,Morning Star
2025-10-19 19:49:15,565 INFO: TYRA,2023-09-15,Hammer
2025-10-19 19:49:15,565 INFO: TYRA,2023-10-03,Bullish Engulfing
2025-10-19 19:49:15,565 INFO: TYRA,2023-10-05,Three White Soldiers
2025-10-19 19:49:15,565 INFO: TYRA,2023-10-09,Bullish Engulfing
2025-10-19 19:49:15,565 INFO: TYRA,2023-10-11,Hammer
2025-10-19 19:49:15,565 INFO: TYRA,2023-10-13,Hammer
2025-10-19 19:49:15,565 INFO: TYRA,2023-10-16,Morning Star
2025-10-19 19:49:15,565 INFO: TYRA,2023-10-30,Morning Star
2025-10-19 19:49:15,565 INFO: TYRA,2023-10-31,Three White Soldiers
2025-10-19 19:49:15,566 INFO: TYRA,2023-11-03,Three White Soldiers
2025-10-19 19:49:15,566 INFO: TYRA,2023-11-28,Bullish Engulfing
2025-10-19 19:49:15,566 INFO: TYRA,2023-11-30,Bullish Engulfing
2025-10-19 19:49:15,566 INFO: TYRA,2023-12-13,Morning Star
2025-10-19 19:49:15,566 INFO: TYRA,2024-01-08,Piercing Pattern
2025-10-19 19:49:15,566 INFO: TYRA,2024-02-05,Hammer
2025-10-19 19:49:15,567 INFO: TYRA,2024-02-05,Three White Soldiers
2025-10-19 19:49:15,567 INFO: TYRA,2024-02-06,Three White Soldiers
2025-10-19 19:49:15,568 INFO: TYRA,2024-02-12,Three White Soldiers
2025-10-19 19:49:15,568 INFO: TYRA,2024-02-21,Bullish Engulfing
2025-10-19 19:49:15,569 INFO: TYRA,2024-02-23,Bullish Engulfing
2025-10-19 19:49:15,569 INFO: TYRA,2024-02-27,Three White Soldiers
2025-10-19 19:49:15,569 INFO: TYRA,2024-02-28,Three White Soldiers
2025-10-19 19:49:15,569 INFO: TYRA,2024-03-20,Hammer
2025-10-19 19:49:15,569 INFO: TYRA,2024-04-04,Three White Soldiers
2025-10-19 19:49:15,569 INFO: TYRA,2024-04-16,Hammer
2025-10-19 19:49:15,569 INFO: TYRA,2024-04-18,Piercing Pattern
2025-10-19 19:49:15,569 INFO: TYRA,2024-04-22,Three White Soldiers
2025-10-19 19:49:15,569 INFO: TYRA,2024-04-23,Three White Soldiers
2025-10-19 19:49:15,569 INFO: TYRA,2024-04-26,Piercing Pattern
2025-10-19 19:49:15,569 INFO: TYRA,2024-04-30,Three White Soldiers
2025-10-19 19:49:15,569 INFO: TYRA,2024-05-01,Three White Soldiers
2025-10-19 19:49:15,569 INFO: TYRA,2024-05-02,Hammer
2025-10-19 19:49:15,569 INFO: TYRA,2024-05-02,Three White Soldiers
2025-10-19 19:49:15,635 INFO: TYRA,2024-05-16,Bullish Engulfing
2025-10-19 19:49:15,642 INFO: TYRA,2024-05-16,Morning Star
2025-10-19 19:49:15,643 INFO: TYRA,2024-05-24,Hammer
2025-10-19 19:49:15,643 INFO: TYRA,2024-06-04,Bullish Engulfing
2025-10-19 19:49:15,643 INFO: TYRA,2024-06-06,Three White Soldiers
2025-10-19 19:49:15,643 INFO: TYRA,2024-06-11,Three White Soldiers
2025-10-19 19:49:15,643 INFO: TYRA,2024-06-24,Hammer
2025-10-19 19:49:15,643 INFO: TYRA,2024-07-03,Hammer
2025-10-19 19:49:15,643 INFO: TYRA,2024-07-05,Hammer
2025-10-19 19:49:15,643 INFO: TYRA,2024-07-05,Morning Star
2025-10-19 19:49:15,643 INFO: TYRA,2024-07-08,Three White Soldiers
2025-10-19 19:49:15,644 INFO: TYRA,2024-07-09,Three White Soldiers
2025-10-19 19:49:15,644 INFO: TYRA,2024-07-15,Three White Soldiers
2025-10-19 19:49:15,644 INFO: TYRA,2024-07-16,Three White Soldiers
2025-10-19 19:49:15,644 INFO: TYRA,2024-07-22,Morning Star
2025-10-19 19:49:15,644 INFO: TYRA,2024-07-23,Three White Soldiers
2025-10-19 19:49:15,644 INFO: TYRA,2024-07-30,Morning Star
2025-10-19 19:49:15,644 INFO: TYRA,2024-07-31,Three White Soldiers
2025-10-19 19:49:15,644 INFO: TYRA,2024-08-01,Hammer
2025-10-19 19:49:15,644 INFO: TYRA,2024-08-14,Hammer
2025-10-19 19:49:15,644 INFO: TYRA,2024-08-19,Hammer
2025-10-19 19:49:15,644 INFO: TYRA,2024-08-19,Bullish Engulfing
2025-10-19 19:49:15,644 INFO: TYRA,2024-09-10,Hammer
2025-10-19 19:49:15,644 INFO: TYRA,2024-09-13,Morning Star
2025-10-19 19:49:15,644 INFO: TYRA,2024-10-09,Hammer
2025-10-19 19:49:15,644 INFO: TYRA,2024-10-11,Morning Star
2025-10-19 19:49:15,644 INFO: TYRA,2024-10-15,Three White Soldiers
2025-10-19 19:49:15,644 INFO: TYRA,2024-10-16,Three White Soldiers
2025-10-19 19:49:15,644 INFO: TYRA,2024-10-17,Three White Soldiers
2025-10-19 19:49:15,644 INFO: TYRA,2024-10-18,Three White Soldiers
2025-10-19 19:49:15,644 INFO: TYRA,2024-10-21,Three White Soldiers
2025-10-19 19:49:15,644 INFO: TYRA,2024-10-31,Bullish Engulfing
2025-10-19 19:49:15,644 INFO: TYRA,2024-11-19,Morning Star
2025-10-19 19:49:15,644 INFO: TYRA,2024-12-10,Three White Soldiers
2025-10-19 19:49:15,644 INFO: TYRA,2024-12-16,Piercing Pattern
2025-10-19 19:49:15,673 INFO: TYRA,2024-12-23,Piercing Pattern
2025-10-19 19:49:15,673 INFO: TYRA,2024-12-26,Bullish Engulfing
2025-10-19 19:49:15,673 INFO: TYRA,2025-01-06,Three White Soldiers
2025-10-19 19:49:15,673 INFO: TYRA,2025-01-08,Hammer
2025-10-19 19:49:15,673 INFO: TYRA,2025-01-14,Morning Star
2025-10-19 19:49:15,674 INFO: TYRA,2025-01-15,Three White Soldiers
2025-10-19 19:49:15,674 INFO: TYRA,2025-01-23,Morning Star
2025-10-19 19:49:15,674 INFO: TYRA,2025-02-13,Morning Star
2025-10-19 19:49:15,674 INFO: TYRA,2025-02-14,Three White Soldiers
2025-10-19 19:49:15,674 INFO: TYRA,2025-03-04,Hammer
2025-10-19 19:49:15,675 INFO: TYRA,2025-03-11,Bullish Engulfing
2025-10-19 19:49:15,675 INFO: TYRA,2025-03-14,Morning Star
2025-10-19 19:49:15,676 INFO: TYRA,2025-03-19,Morning Star
2025-10-19 19:49:15,676 INFO: TYRA,2025-04-10,Hammer
2025-10-19 19:49:15,676 INFO: TYRA,2025-04-15,Three White Soldiers
2025-10-19 19:49:15,676 INFO: TYRA,2025-04-21,Hammer
2025-10-19 19:49:15,676 INFO: TYRA,2025-04-21,Three White Soldiers
2025-10-19 19:49:15,676 INFO: TYRA,2025-04-22,Three White Soldiers
2025-10-19 19:49:15,676 INFO: TYRA,2025-04-23,Three White Soldiers
2025-10-19 19:49:15,676 INFO: TYRA,2025-04-24,Hammer
2025-10-19 19:49:15,676 INFO: TYRA,2025-04-24,Three White Soldiers
2025-10-19 19:49:15,677 INFO: TYRA,2025-04-30,Hammer
2025-10-19 19:49:15,677 INFO: TYRA,2025-05-02,Three White Soldiers
2025-10-19 19:49:15,677 INFO: TYRA,2025-05-29,Morning Star
2025-10-19 19:49:15,677 INFO: TYRA,2025-06-23,Bullish Engulfing
2025-10-19 19:49:15,677 INFO: TYRA,2025-06-25,Hammer
2025-10-19 19:49:15,677 INFO: TYRA,2025-07-01,Hammer
2025-10-19 19:49:15,677 INFO: TYRA,2025-07-01,Morning Star
2025-10-19 19:49:15,677 INFO: TYRA,2025-07-02,Three White Soldiers
2025-10-19 19:49:15,707 INFO: TYRA,2025-07-10,Three White Soldiers
2025-10-19 19:49:15,707 INFO: TYRA,2025-07-29,Hammer
2025-10-19 19:49:15,707 INFO: TYRA,2025-07-29,Dragonfly Doji
2025-10-19 19:49:15,707 INFO: TYRA,2025-08-21,Morning Star
2025-10-19 19:49:15,707 INFO: TYRA,2025-08-27,Three White Soldiers
2025-10-19 19:49:15,707 INFO: TYRA,2025-08-29,Piercing Pattern
2025-10-19 19:49:15,707 INFO: TYRA,2025-09-05,Morning Star
2025-10-19 19:49:15,707 INFO: TYRA,2025-09-11,Bullish Engulfing
2025-10-19 19:49:15,707 INFO: TYRA,2025-09-12,Hammer
2025-10-19 19:49:15,708 INFO: TZOO,2023-07-06,Bullish Engulfing
2025-10-19 19:49:15,708 INFO: TZOO,2023-07-24,Piercing Pattern
2025-10-19 19:49:15,708 INFO: TZOO,2023-07-31,Morning Star
2025-10-19 19:49:15,708 INFO: TZOO,2023-08-18,Morning Star
2025-10-19 19:49:15,708 INFO: TZOO,2023-08-23,Morning Star
2025-10-19 19:49:15,708 INFO: TZOO,2023-08-28,Morning Star
2025-10-19 19:49:15,708 INFO: TZOO,2023-08-30,Three White Soldiers
2025-10-19 19:49:15,708 INFO: TZOO,2023-09-05,Hammer
2025-10-19 19:49:15,708 INFO: TZOO,2023-09-18,Bullish Engulfing
2025-10-19 19:49:15,708 INFO: TZOO,2023-09-22,Morning Star
2025-10-19 19:49:15,708 INFO: TZOO,2023-09-25,Three White Soldiers
2025-10-19 19:49:15,709 INFO: TZOO,2023-10-04,Hammer
2025-10-19 19:49:15,709 INFO: TZOO,2023-10-24,Three White Soldiers
2025-10-19 19:49:15,709 INFO: TZOO,2023-10-25,Three White Soldiers
2025-10-19 19:49:15,710 INFO: TZOO,2023-11-02,Three White Soldiers
2025-10-19 19:49:15,710 INFO: TZOO,2023-11-03,Three White Soldiers
2025-10-19 19:49:15,710 INFO: TZOO,2023-11-09,Hammer
2025-10-19 19:49:15,741 INFO: TZOO,2023-11-13,Bullish Engulfing
2025-10-19 19:49:15,743 INFO: TZOO,2023-11-16,Bullish Engulfing
2025-10-19 19:49:15,743 INFO: TZOO,2023-11-16,Morning Star
2025-10-19 19:49:15,743 INFO: TZOO,2023-11-20,Three White Soldiers
2025-10-19 19:49:15,773 INFO: TZOO,2023-11-24,Morning Star
2025-10-19 19:49:15,775 INFO: TZOO,2023-12-13,Three White Soldiers
2025-10-19 19:49:15,775 INFO: TZOO,2024-01-04,Bullish Engulfing
2025-10-19 19:49:15,775 INFO: TZOO,2024-02-06,Morning Star
2025-10-19 19:49:15,775 INFO: TZOO,2024-02-07,Three White Soldiers
2025-10-19 19:49:15,776 INFO: TZOO,2024-02-08,Three White Soldiers
2025-10-19 19:49:15,805 INFO: TZOO,2024-02-20,Piercing Pattern
2025-10-19 19:49:15,806 INFO: TZOO,2024-02-26,Bullish Engulfing
2025-10-19 19:49:15,811 INFO: TZOO,2024-02-27,Hammer
2025-10-19 19:49:15,811 INFO: TZOO,2024-03-07,Three White Soldiers
2025-10-19 19:49:15,811 INFO: TZOO,2024-03-08,Three White Soldiers
2025-10-19 19:49:15,872 INFO: TZOO,2024-03-19,Three White Soldiers
2025-10-19 19:49:15,874 INFO: TZOO,2024-03-20,Three White Soldiers
2025-10-19 19:49:15,874 INFO: TZOO,2024-04-25,Hammer
2025-10-19 19:49:15,874 INFO: TZOO,2024-04-26,Hammer
2025-10-19 19:49:15,874 INFO: TZOO,2024-05-03,Morning Star
2025-10-19 19:49:15,874 INFO: TZOO,2024-05-31,Morning Star
2025-10-19 19:49:15,874 INFO: TZOO,2024-06-05,Morning Star
2025-10-19 19:49:15,874 INFO: TZOO,2024-06-06,Three White Soldiers
2025-10-19 19:49:15,874 INFO: TZOO,2024-06-13,Hammer
2025-10-19 19:49:15,874 INFO: TZOO,2024-06-14,Hammer
2025-10-19 19:49:15,874 INFO: TZOO,2024-06-21,Morning Star
2025-10-19 19:49:15,969 INFO: TZOO,2024-07-11,Morning Star
2025-10-19 19:49:15,972 INFO: TZOO,2024-07-15,Three White Soldiers
2025-10-19 19:49:15,972 INFO: TZOO,2024-07-16,Three White Soldiers
2025-10-19 19:49:15,972 INFO: TZOO,2024-07-17,Three White Soldiers
2025-10-19 19:49:15,973 INFO: TZOO,2024-07-25,Bullish Engulfing
2025-10-19 19:49:15,973 INFO: TZOO,2024-08-14,Three White Soldiers
2025-10-19 19:49:15,973 INFO: TZOO,2024-08-15,Three White Soldiers
2025-10-19 19:49:15,973 INFO: TZOO,2024-08-27,Bullish Engulfing
2025-10-19 19:49:15,973 INFO: TZOO,2024-09-06,Morning Star
2025-10-19 19:49:15,973 INFO: TZOO,2024-09-09,Three White Soldiers
2025-10-19 19:49:15,973 INFO: TZOO,2024-09-10,Three White Soldiers
2025-10-19 19:49:15,973 INFO: TZOO,2024-10-07,Bullish Engulfing
2025-10-19 19:49:15,973 INFO: TZOO,2024-10-09,Three White Soldiers
2025-10-19 19:49:15,973 INFO: TZOO,2024-10-10,Three White Soldiers
2025-10-19 19:49:15,973 INFO: TZOO,2024-10-11,Three White Soldiers
2025-10-19 19:49:15,973 INFO: TZOO,2024-10-15,Hammer
2025-10-19 19:49:15,973 INFO: TZOO,2024-10-22,Bullish Engulfing
2025-10-19 19:49:15,973 INFO: TZOO,2024-10-24,Three White Soldiers
2025-10-19 19:49:15,973 INFO: TZOO,2024-10-25,Three White Soldiers
2025-10-19 19:49:15,973 INFO: TZOO,2024-10-28,Three White Soldiers
2025-10-19 19:49:16,004 INFO: TZOO,2024-11-07,Hammer
2025-10-19 19:49:16,004 INFO: TZOO,2024-11-19,Morning Star
2025-10-19 19:49:16,030 INFO: TZOO,2024-11-20,Hammer
2025-10-19 19:49:16,030 INFO: TZOO,2024-11-26,Piercing Pattern
2025-10-19 19:49:16,030 INFO: TZOO,2024-12-04,Hammer
2025-10-19 19:49:16,030 INFO: TZOO,2024-12-04,Dragonfly Doji
2025-10-19 19:49:16,031 INFO: TZOO,2024-12-05,Morning Star
2025-10-19 19:49:16,039 INFO: TZOO,2024-12-06,Three White Soldiers
2025-10-19 19:49:16,099 INFO: TZOO,2024-12-30,Hammer
2025-10-19 19:49:16,126 INFO: TZOO,2025-01-08,Hammer
2025-10-19 19:49:16,127 INFO: TZOO,2025-01-15,Morning Star
2025-10-19 19:49:16,127 INFO: TZOO,2025-01-16,Three White Soldiers
2025-10-19 19:49:16,127 INFO: TZOO,2025-01-23,Morning Star
2025-10-19 19:49:16,127 INFO: TZOO,2025-01-24,Hammer
2025-10-19 19:49:16,128 INFO: TZOO,2025-01-24,Dragonfly Doji
2025-10-19 19:49:16,128 INFO: TZOO,2025-01-28,Hammer
2025-10-19 19:49:16,128 INFO: TZOO,2025-01-30,Morning Star
2025-10-19 19:49:16,129 INFO: TZOO,2025-01-31,Three White Soldiers
2025-10-19 19:49:16,129 INFO: TZOO,2025-02-06,Three White Soldiers
2025-10-19 19:49:16,130 INFO: TZOO,2025-02-07,Three White Soldiers
2025-10-19 19:49:16,130 INFO: TZOO,2025-02-14,Bullish Engulfing
2025-10-19 19:49:16,130 INFO: TZOO,2025-02-27,Three White Soldiers
2025-10-19 19:49:16,130 INFO: TZOO,2025-02-28,Three White Soldiers
2025-10-19 19:49:16,130 INFO: TZOO,2025-03-05,Bullish Engulfing
2025-10-19 19:49:16,130 INFO: TZOO,2025-03-12,Morning Star
2025-10-19 19:49:16,130 INFO: TZOO,2025-03-17,Morning Star
2025-10-19 19:49:16,164 INFO: TZOO,2025-03-26,Hammer
2025-10-19 19:49:16,164 INFO: TZOO,2025-04-04,Hammer
2025-10-19 19:49:16,164 INFO: TZOO,2025-04-07,Piercing Pattern
2025-10-19 19:49:16,165 INFO: TZOO,2025-04-09,Bullish Engulfing
2025-10-19 19:49:16,165 INFO: TZOO,2025-04-16,Hammer
2025-10-19 19:49:16,165 INFO: TZOO,2025-04-21,Bullish Engulfing
2025-10-19 19:49:16,165 INFO: TZOO,2025-04-22,Hammer
2025-10-19 19:49:16,204 INFO: TZOO,2025-05-28,Morning Star
2025-10-19 19:49:16,204 INFO: TZOO,2025-06-24,Morning Star
2025-10-19 19:49:16,205 INFO: TZOO,2025-07-01,Piercing Pattern
2025-10-19 19:49:16,205 INFO: TZOO,2025-07-02,Hammer
2025-10-19 19:49:16,205 INFO: TZOO,2025-07-07,Bullish Engulfing
2025-10-19 19:49:16,205 INFO: TZOO,2025-07-09,Hammer
2025-10-19 19:49:16,205 INFO: TZOO,2025-07-17,Morning Star
2025-10-19 19:49:16,205 INFO: TZOO,2025-08-12,Morning Star
2025-10-19 19:49:16,205 INFO: TZOO,2025-08-13,Three White Soldiers
2025-10-19 19:49:16,205 INFO: TZOO,2025-08-18,Hammer
2025-10-19 19:49:16,205 INFO: TZOO,2025-08-19,Hammer
2025-10-19 19:49:16,206 INFO: TZOO,2025-08-22,Morning Star
2025-10-19 19:49:16,209 INFO: TZOO,2025-09-11,Piercing Pattern
2025-10-19 19:49:16,209 INFO: TZOO,2025-09-15,Hammer
2025-10-19 19:49:16,212 INFO: TZOO,2025-09-16,Morning Star
2025-10-19 19:49:16,212 INFO: TZOO,2025-09-22,Bullish Engulfing
2025-10-19 19:49:16,248 INFO: TZUP,2023-09-08,Hammer
2025-10-19 19:49:16,248 INFO: TZUP,2023-09-13,Dragonfly Doji
2025-10-19 19:49:16,249 INFO: TZUP,2023-10-26,Dragonfly Doji
2025-10-19 19:49:16,249 INFO: TZUP,2023-11-09,Morning Star
2025-10-19 19:49:16,249 INFO: TZUP,2024-01-25,Hammer
2025-10-19 19:49:16,312 INFO: TZUP,2024-03-08,Dragonfly Doji
2025-10-19 19:49:16,312 INFO: TZUP,2024-08-23,Dragonfly Doji
2025-10-19 19:49:16,312 INFO: TZUP,2024-08-26,Morning Star
2025-10-19 19:49:16,313 INFO: TZUP,2024-08-30,Hammer
2025-10-19 19:49:16,313 INFO: TZUP,2024-09-10,Dragonfly Doji
2025-10-19 19:49:16,344 INFO: TZUP,2024-09-11,Morning Star
2025-10-19 19:49:16,376 INFO: TZUP,2024-09-18,Hammer
2025-10-19 19:49:16,376 INFO: TZUP,2024-09-26,Bullish Engulfing
2025-10-19 19:49:16,377 INFO: TZUP,2024-10-08,Bullish Engulfing
2025-10-19 19:49:16,378 INFO: TZUP,2024-10-24,Bullish Engulfing
2025-10-19 19:49:16,378 INFO: TZUP,2024-11-12,Morning Star
2025-10-19 19:49:16,378 INFO: TZUP,2024-11-18,Hammer
2025-10-19 19:49:16,378 INFO: TZUP,2024-11-20,Bullish Engulfing
2025-10-19 19:49:16,378 INFO: TZUP,2024-11-27,Bullish Engulfing
2025-10-19 19:49:16,378 INFO: TZUP,2024-11-27,Morning Star
2025-10-19 19:49:16,378 INFO: TZUP,2024-11-29,Hammer
2025-10-19 19:49:16,378 INFO: TZUP,2024-12-04,Three White Soldiers
2025-10-19 19:49:16,378 INFO: TZUP,2024-12-13,Piercing Pattern
2025-10-19 19:49:16,386 INFO: TZUP,2024-12-31,Bullish Engulfing
2025-10-19 19:49:16,386 INFO: TZUP,2025-01-03,Bullish Engulfing
2025-10-19 19:49:16,386 INFO: TZUP,2025-01-16,Dragonfly Doji
2025-10-19 19:49:16,387 INFO: TZUP,2025-01-17,Hammer
2025-10-19 19:49:16,413 INFO: TZUP,2025-01-22,Bullish Engulfing
2025-10-19 19:49:16,477 INFO: TZUP,2025-01-28,Morning Star
2025-10-19 19:49:16,479 INFO: TZUP,2025-01-29,Three White Soldiers
2025-10-19 19:49:16,479 INFO: TZUP,2025-02-26,Morning Star
2025-10-19 19:49:16,479 INFO: TZUP,2025-02-28,Piercing Pattern
2025-10-19 19:49:16,479 INFO: TZUP,2025-03-04,Bullish Engulfing
2025-10-19 19:49:16,479 INFO: TZUP,2025-03-07,Morning Star
2025-10-19 19:49:16,480 INFO: TZUP,2025-03-11,Hammer
2025-10-19 19:49:16,480 INFO: TZUP,2025-03-14,Morning Star
2025-10-19 19:49:16,480 INFO: TZUP,2025-03-17,Three White Soldiers
2025-10-19 19:49:16,516 INFO: TZUP,2025-03-20,Morning Star
2025-10-19 19:49:16,517 INFO: TZUP,2025-03-24,Three White Soldiers
2025-10-19 19:49:16,542 INFO: TZUP,2025-03-27,Hammer
2025-10-19 19:49:16,542 INFO: TZUP,2025-03-31,Hammer
2025-10-19 19:49:16,542 INFO: TZUP,2025-04-01,Piercing Pattern
2025-10-19 19:49:16,542 INFO: TZUP,2025-04-07,Bullish Engulfing
2025-10-19 19:49:16,543 INFO: TZUP,2025-04-08,Hammer
2025-10-19 19:49:16,545 INFO: TZUP,2025-04-10,Bullish Engulfing
2025-10-19 19:49:16,545 INFO: TZUP,2025-04-17,Bullish Engulfing
2025-10-19 19:49:16,581 INFO: TZUP,2025-04-23,Morning Star
2025-10-19 19:49:16,706 INFO: TZUP,2025-05-02,Hammer
2025-10-19 19:49:16,714 INFO: TZUP,2025-05-06,Three White Soldiers
2025-10-19 19:49:16,716 INFO: TZUP,2025-05-07,Three White Soldiers
2025-10-19 19:49:16,717 INFO: TZUP,2025-05-12,Morning Star
2025-10-19 19:49:16,718 INFO: TZUP,2025-05-13,Three White Soldiers
2025-10-19 19:49:16,718 INFO: TZUP,2025-05-14,Three White Soldiers
2025-10-19 19:49:16,718 INFO: TZUP,2025-05-21,Bullish Engulfing
2025-10-19 19:49:16,718 INFO: TZUP,2025-05-21,Morning Star
2025-10-19 19:49:16,718 INFO: TZUP,2025-05-27,Hammer
2025-10-19 19:49:16,718 INFO: TZUP,2025-06-04,Hammer
2025-10-19 19:49:16,719 INFO: TZUP,2025-06-04,Morning Star
2025-10-19 19:49:16,720 INFO: TZUP,2025-06-09,Hammer
2025-10-19 19:49:16,720 INFO: TZUP,2025-06-12,Piercing Pattern
2025-10-19 19:49:16,720 INFO: TZUP,2025-06-26,Bullish Engulfing
2025-10-19 19:49:16,721 INFO: TZUP,2025-06-30,Bullish Engulfing
2025-10-19 19:49:16,721 INFO: TZUP,2025-07-07,Three White Soldiers
2025-10-19 19:49:16,722 INFO: TZUP,2025-07-08,Three White Soldiers
2025-10-19 19:49:16,722 INFO: TZUP,2025-07-17,Hammer
2025-10-19 19:49:16,722 INFO: TZUP,2025-07-24,Bullish Engulfing
2025-10-19 19:49:16,723 INFO: TZUP,2025-07-25,Hammer
2025-10-19 19:49:16,723 INFO: TZUP,2025-08-05,Bullish Engulfing
2025-10-19 19:49:16,723 INFO: TZUP,2025-08-07,Three White Soldiers
2025-10-19 19:49:16,723 INFO: TZUP,2025-08-08,Three White Soldiers
2025-10-19 19:49:16,723 INFO: TZUP,2025-08-15,Piercing Pattern
2025-10-19 19:49:16,723 INFO: TZUP,2025-08-22,Three White Soldiers
2025-10-19 19:49:16,723 INFO: TZUP,2025-08-29,Morning Star
2025-10-19 19:49:16,723 INFO: TZUP,2025-09-11,Three White Soldiers
2025-10-19 19:49:16,753 INFO: TZUP,2025-09-12,Three White Soldiers
2025-10-19 19:49:16,754 INFO: TZUP,2025-09-24,Three White Soldiers
2025-10-19 19:49:16,755 INFO: TZUP,2025-09-25,Three White Soldiers
2025-10-19 19:49:16,755 INFO: UAE,2023-07-13,Three White Soldiers
2025-10-19 19:49:16,755 INFO: UAE,2023-07-18,Morning Star
2025-10-19 19:49:16,755 INFO: UAE,2023-07-25,Hammer
2025-10-19 19:49:16,755 INFO: UAE,2023-08-01,Three White Soldiers
2025-10-19 19:49:16,755 INFO: UAE,2023-08-04,Bullish Engulfing
2025-10-19 19:49:16,755 INFO: UAE,2023-08-09,Hammer
2025-10-19 19:49:16,755 INFO: UAE,2023-08-10,Hammer
2025-10-19 19:49:16,755 INFO: UAE,2023-08-11,Hammer
2025-10-19 19:49:16,755 INFO: UAE,2023-08-14,Hammer
2025-10-19 19:49:16,755 INFO: UAE,2023-09-06,Hammer
2025-10-19 19:49:16,756 INFO: UAE,2023-09-12,Piercing Pattern
2025-10-19 19:49:16,756 INFO: UAE,2023-10-17,Morning Star
2025-10-19 19:49:16,756 INFO: UAE,2023-10-24,Morning Star
2025-10-19 19:49:16,756 INFO: UAE,2023-10-31,Morning Star
2025-10-19 19:49:16,756 INFO: UAE,2023-11-01,Three White Soldiers
2025-10-19 19:49:16,756 INFO: UAE,2023-11-02,Hammer
2025-10-19 19:49:16,756 INFO: UAE,2023-11-02,Three White Soldiers
2025-10-19 19:49:16,757 INFO: UAE,2023-11-02,Dragonfly Doji
2025-10-19 19:49:16,757 INFO: UAE,2023-11-03,Three White Soldiers
2025-10-19 19:49:16,757 INFO: UAE,2023-11-06,Three White Soldiers
2025-10-19 19:49:16,760 INFO: UAE,2023-11-16,Bullish Engulfing
2025-10-19 19:49:16,761 INFO: UAE,2023-11-17,Dragonfly Doji
2025-10-19 19:49:16,761 INFO: UAE,2023-11-24,Bullish Engulfing
2025-10-19 19:49:16,761 INFO: UAE,2023-12-07,Hammer
2025-10-19 19:49:16,761 INFO: UAE,2023-12-11,Hammer
2025-10-19 19:49:16,761 INFO: UAE,2023-12-11,Dragonfly Doji
2025-10-19 19:49:16,761 INFO: UAE,2023-12-12,Bullish Engulfing
2025-10-19 19:49:16,761 INFO: UAE,2023-12-12,Morning Star
2025-10-19 19:49:16,762 INFO: UAE,2023-12-29,Hammer
2025-10-19 19:49:16,762 INFO: UAE,2024-01-02,Hammer
2025-10-19 19:49:16,762 INFO: UAE,2024-01-04,Hammer
2025-10-19 19:49:16,763 INFO: UAE,2024-01-05,Morning Star
2025-10-19 19:49:16,763 INFO: UAE,2024-01-23,Three White Soldiers
2025-10-19 19:49:16,763 INFO: UAE,2024-01-24,Three White Soldiers
2025-10-19 19:49:16,763 INFO: UAE,2024-01-29,Hammer
2025-10-19 19:49:16,788 INFO: UAE,2024-02-21,Hammer
2025-10-19 19:49:16,790 INFO: UAE,2024-03-18,Hammer
2025-10-19 19:49:16,790 INFO: UAE,2024-03-18,Three White Soldiers
2025-10-19 19:49:16,791 INFO: UAE,2024-03-19,Three White Soldiers
2025-10-19 19:49:16,791 INFO: UAE,2024-04-11,Hammer
2025-10-19 19:49:16,791 INFO: UAE,2024-05-02,Morning Star
2025-10-19 19:49:16,791 INFO: UAE,2024-05-08,Morning Star
2025-10-19 19:49:16,791 INFO: UAE,2024-05-29,Hammer
2025-10-19 19:49:16,791 INFO: UAE,2024-05-30,Hammer
2025-10-19 19:49:16,791 INFO: UAE,2024-05-30,Dragonfly Doji
2025-10-19 19:49:16,798 INFO: UAE,2024-06-18,Three White Soldiers
2025-10-19 19:49:16,798 INFO: UAE,2024-06-24,Hammer
2025-10-19 19:49:16,798 INFO: UAE,2024-06-27,Morning Star
2025-10-19 19:49:16,798 INFO: UAE,2024-06-28,Three White Soldiers
2025-10-19 19:49:16,798 INFO: UAE,2024-07-02,Bullish Engulfing
2025-10-19 19:49:16,798 INFO: UAE,2024-07-05,Hammer
2025-10-19 19:49:16,892 INFO: UAE,2024-07-12,Hammer
2025-10-19 19:49:16,892 INFO: UAE,2024-07-17,Hammer
2025-10-19 19:49:16,892 INFO: UAE,2024-07-19,Dragonfly Doji
2025-10-19 19:49:16,892 INFO: UAE,2024-07-22,Dragonfly Doji
2025-10-19 19:49:16,892 INFO: UAE,2024-07-26,Morning Star
2025-10-19 19:49:16,892 INFO: UAE,2024-08-21,Three White Soldiers
2025-10-19 19:49:16,892 INFO: UAE,2024-08-23,Hammer
2025-10-19 19:49:16,892 INFO: UAE,2024-08-29,Piercing Pattern
2025-10-19 19:49:16,892 INFO: UAE,2024-09-03,Three White Soldiers
2025-10-19 19:49:16,893 INFO: UAE,2024-09-04,Three White Soldiers
2025-10-19 19:49:16,893 INFO: UAE,2024-09-05,Hammer
2025-10-19 19:49:16,893 INFO: UAE,2024-09-09,Hammer
2025-10-19 19:49:16,893 INFO: UAE,2024-09-16,Hammer
2025-10-19 19:49:16,893 INFO: UAE,2024-09-17,Bullish Engulfing
2025-10-19 19:49:16,893 INFO: UAE,2024-09-25,Three White Soldiers
2025-10-19 19:49:16,893 INFO: UAE,2024-10-09,Bullish Engulfing
2025-10-19 19:49:16,893 INFO: UAE,2024-10-29,Morning Star
2025-10-19 19:49:16,893 INFO: UAE,2024-11-20,Hammer
2025-10-19 19:49:16,893 INFO: UAE,2024-11-20,Three White Soldiers
2025-10-19 19:49:16,893 INFO: UAE,2024-11-29,Bullish Engulfing
2025-10-19 19:49:16,893 INFO: UAE,2024-12-04,Hammer
2025-10-19 19:49:16,893 INFO: UAE,2024-12-13,Hammer
2025-10-19 19:49:16,894 INFO: UAE,2024-12-23,Hammer
2025-10-19 19:49:16,894 INFO: UAE,2024-12-23,Morning Star
2025-10-19 19:49:16,894 INFO: UAE,2025-01-13,Morning Star
2025-10-19 19:49:16,894 INFO: UAE,2025-01-17,Hammer
2025-10-19 19:49:16,895 INFO: UAE,2025-01-21,Morning Star
2025-10-19 19:49:16,895 INFO: UAE,2025-01-22,Hammer
2025-10-19 19:49:16,895 INFO: UAE,2025-01-23,Three White Soldiers
2025-10-19 19:49:16,896 INFO: UAE,2025-02-07,Hammer
2025-10-19 19:49:16,900 INFO: UAE,2025-02-10,Morning Star
2025-10-19 19:49:16,900 INFO: UAE,2025-02-28,Bullish Engulfing
2025-10-19 19:49:16,900 INFO: UAE,2025-03-12,Hammer
2025-10-19 19:49:16,956 INFO: UAE,2025-03-17,Hammer
2025-10-19 19:49:16,957 INFO: UAE,2025-03-31,Piercing Pattern
2025-10-19 19:49:16,957 INFO: UAE,2025-04-24,Three White Soldiers
2025-10-19 19:49:16,957 INFO: UAE,2025-04-29,Three White Soldiers
2025-10-19 19:49:16,957 INFO: UAE,2025-04-30,Hammer
2025-10-19 19:49:16,957 INFO: UAE,2025-05-05,Three White Soldiers
2025-10-19 19:49:16,957 INFO: UAE,2025-05-06,Hammer
2025-10-19 19:49:16,957 INFO: UAE,2025-05-06,Three White Soldiers
2025-10-19 19:49:16,957 INFO: UAE,2025-05-19,Three White Soldiers
2025-10-19 19:49:16,966 INFO: UAE,2025-05-20,Three White Soldiers
2025-10-19 19:49:16,967 INFO: UAE,2025-05-27,Hammer
2025-10-19 19:49:16,968 INFO: UAE,2025-05-27,Dragonfly Doji
2025-10-19 19:49:16,968 INFO: UAE,2025-05-30,Hammer
2025-10-19 19:49:16,968 INFO: UAE,2025-06-02,Hammer
2025-10-19 19:49:16,968 INFO: UAE,2025-06-10,Bullish Engulfing
2025-10-19 19:49:16,968 INFO: UAE,2025-06-23,Morning Star
2025-10-19 19:49:16,968 INFO: UAE,2025-06-27,Hammer
2025-10-19 19:49:16,968 INFO: UAE,2025-06-30,Hammer
2025-10-19 19:49:16,968 INFO: UAE,2025-07-14,Three White Soldiers
2025-10-19 19:49:16,968 INFO: UAE,2025-07-28,Hammer
2025-10-19 19:49:16,968 INFO: UAE,2025-08-04,Morning Star
2025-10-19 19:49:16,968 INFO: UAE,2025-08-06,Bullish Engulfing
2025-10-19 19:49:16,968 INFO: UAE,2025-08-18,Bullish Engulfing
2025-10-19 19:49:16,969 INFO: UAE,2025-08-22,Morning Star
2025-10-19 19:49:16,969 INFO: UAE,2025-09-22,Three White Soldiers
2025-10-19 19:49:16,969 INFO: UAE,2025-09-25,Hammer
2025-10-19 19:49:16,969 INFO: UAE,2025-09-26,Morning Star
2025-10-19 19:49:16,969 INFO: UAL,2023-07-18,Morning Star
2025-10-19 19:49:16,969 INFO: UAL,2023-07-20,Three White Soldiers
2025-10-19 19:49:16,969 INFO: UAL,2023-07-21,Three White Soldiers
2025-10-19 19:49:16,969 INFO: UAL,2023-07-31,Morning Star
2025-10-19 19:49:16,969 INFO: UAL,2023-08-01,Hammer
2025-10-19 19:49:16,970 INFO: UAL,2023-08-21,Hammer
2025-10-19 19:49:16,970 INFO: UAL,2023-08-23,Bullish Engulfing
2025-10-19 19:49:17,003 INFO: UAL,2023-08-29,Morning Star
2025-10-19 19:49:17,004 INFO: UAL,2023-09-05,Hammer
2025-10-19 19:49:17,004 INFO: UAL,2023-09-19,Piercing Pattern
2025-10-19 19:49:17,004 INFO: UAL,2023-09-25,Hammer
2025-10-19 19:49:17,004 INFO: UAL,2023-10-06,Piercing Pattern
2025-10-19 19:49:17,005 INFO: UAL,2023-10-11,Morning Star
2025-10-19 19:49:17,005 INFO: UAL,2023-10-31,Morning Star
2025-10-19 19:49:17,005 INFO: UAL,2023-11-08,Morning Star
2025-10-19 19:49:17,005 INFO: UAL,2023-11-14,Three White Soldiers
2025-10-19 19:49:17,029 INFO: UAL,2023-11-15,Three White Soldiers
2025-10-19 19:49:17,031 INFO: UAL,2023-11-20,Morning Star
2025-10-19 19:49:17,031 INFO: UAL,2023-11-30,Hammer
2025-10-19 19:49:17,031 INFO: UAL,2023-12-14,Three White Soldiers
2025-10-19 19:49:17,032 INFO: UAL,2023-12-28,Piercing Pattern
2025-10-19 19:49:17,032 INFO: UAL,2024-01-08,Three White Soldiers
2025-10-19 19:49:17,032 INFO: UAL,2024-01-09,Three White Soldiers
2025-10-19 19:49:17,032 INFO: UAL,2024-01-10,Three White Soldiers
2025-10-19 19:49:17,033 INFO: UAL,2024-01-11,Three White Soldiers
2025-10-19 19:49:17,033 INFO: UAL,2024-01-16,Hammer
2025-10-19 19:49:17,034 INFO: UAL,2024-01-25,Morning Star
2025-10-19 19:49:17,034 INFO: UAL,2024-02-06,Bullish Engulfing
2025-10-19 19:49:17,034 INFO: UAL,2024-02-12,Bullish Engulfing
2025-10-19 19:49:17,035 INFO: UAL,2024-02-20,Bullish Engulfing
2025-10-19 19:49:17,035 INFO: UAL,2024-02-22,Three White Soldiers
2025-10-19 19:49:17,035 INFO: UAL,2024-02-23,Three White Soldiers
2025-10-19 19:49:17,035 INFO: UAL,2024-03-12,Hammer
2025-10-19 19:49:17,035 INFO: UAL,2024-03-13,Bullish Engulfing
2025-10-19 19:49:17,035 INFO: UAL,2024-03-14,Dragonfly Doji
2025-10-19 19:49:17,035 INFO: UAL,2024-03-15,Bullish Engulfing
2025-10-19 19:49:17,035 INFO: UAL,2024-03-18,Dragonfly Doji
2025-10-19 19:49:17,036 INFO: UAL,2024-03-21,Three White Soldiers
2025-10-19 19:49:17,036 INFO: UAL,2024-03-25,Hammer
2025-10-19 19:49:17,036 INFO: UAL,2024-03-28,Three White Soldiers
2025-10-19 19:49:17,036 INFO: UAL,2024-04-08,Bullish Engulfing
2025-10-19 19:49:17,036 INFO: UAL,2024-04-12,Hammer
2025-10-19 19:49:17,036 INFO: UAL,2024-04-18,Three White Soldiers
2025-10-19 19:49:17,036 INFO: UAL,2024-04-23,Three White Soldiers
2025-10-19 19:49:17,036 INFO: UAL,2024-04-25,Piercing Pattern
2025-10-19 19:49:17,036 INFO: UAL,2024-04-29,Hammer
2025-10-19 19:49:17,036 INFO: UAL,2024-04-29,Piercing Pattern
2025-10-19 19:49:17,036 INFO: UAL,2024-05-29,Piercing Pattern
2025-10-19 19:49:17,037 INFO: UAL,2024-06-05,Bullish Engulfing
2025-10-19 19:49:17,037 INFO: UAL,2024-06-17,Piercing Pattern
2025-10-19 19:49:17,126 INFO: UAL,2024-06-28,Three White Soldiers
2025-10-19 19:49:17,136 INFO: UAL,2024-07-02,Hammer
2025-10-19 19:49:17,137 INFO: UAL,2024-07-16,Bullish Engulfing
2025-10-19 19:49:17,137 INFO: UAL,2024-07-19,Bullish Engulfing
2025-10-19 19:49:17,137 INFO: UAL,2024-07-23,Three White Soldiers
2025-10-19 19:49:17,137 INFO: UAL,2024-07-26,Hammer
2025-10-19 19:49:17,137 INFO: UAL,2024-07-26,Dragonfly Doji
2025-10-19 19:49:17,137 INFO: UAL,2024-09-05,Three White Soldiers
2025-10-19 19:49:17,141 INFO: UAL,2024-09-06,Three White Soldiers
2025-10-19 19:49:17,142 INFO: UAL,2024-09-09,Three White Soldiers
2025-10-19 19:49:17,142 INFO: UAL,2024-09-10,Hammer
2025-10-19 19:49:17,142 INFO: UAL,2024-09-17,Three White Soldiers
2025-10-19 19:49:17,142 INFO: UAL,2024-09-18,Three White Soldiers
2025-10-19 19:49:17,142 INFO: UAL,2024-09-23,Hammer
2025-10-19 19:49:17,142 INFO: UAL,2024-09-25,Three White Soldiers
2025-10-19 19:49:17,170 INFO: UAL,2024-09-26,Three White Soldiers
2025-10-19 19:49:17,171 INFO: UAL,2024-10-10,Piercing Pattern
2025-10-19 19:49:17,240 INFO: UAL,2024-10-14,Three White Soldiers
2025-10-19 19:49:17,240 INFO: UAL,2024-10-18,Three White Soldiers
2025-10-19 19:49:17,242 INFO: UAL,2024-10-29,Bullish Engulfing
2025-10-19 19:49:17,242 INFO: UAL,2024-11-18,Hammer
2025-10-19 19:49:17,242 INFO: UAL,2024-11-19,Bullish Engulfing
2025-10-19 19:49:17,243 INFO: UAL,2024-11-20,Hammer
2025-10-19 19:49:17,243 INFO: UAL,2024-11-22,Bullish Engulfing
2025-10-19 19:49:17,243 INFO: UAL,2024-12-11,Morning Star
2025-10-19 19:49:17,274 INFO: UAL,2024-12-23,Three White Soldiers
2025-10-19 19:49:17,274 INFO: UAL,2024-12-24,Three White Soldiers
2025-10-19 19:49:17,309 INFO: UAL,2025-01-03,Hammer
2025-10-19 19:49:17,310 INFO: UAL,2025-01-03,Dragonfly Doji
2025-10-19 19:49:17,310 INFO: UAL,2025-01-06,Morning Star
2025-10-19 19:49:17,310 INFO: UAL,2025-01-07,Three White Soldiers
2025-10-19 19:49:17,310 INFO: UAL,2025-01-08,Three White Soldiers
2025-10-19 19:49:17,315 INFO: UAL,2025-01-17,Morning Star
2025-10-19 19:49:17,315 INFO: UAL,2025-01-21,Three White Soldiers
2025-10-19 19:49:17,315 INFO: UAL,2025-01-27,Morning Star
2025-10-19 19:49:17,316 INFO: UAL,2025-01-28,Hammer
2025-10-19 19:49:17,316 INFO: UAL,2025-01-30,Three White Soldiers
2025-10-19 19:49:17,316 INFO: UAL,2025-02-19,Bullish Engulfing
2025-10-19 19:49:17,316 INFO: UAL,2025-02-25,Hammer
2025-10-19 19:49:17,316 INFO: UAL,2025-03-07,Hammer
2025-10-19 19:49:17,316 INFO: UAL,2025-04-01,Hammer
2025-10-19 19:49:17,316 INFO: UAL,2025-04-04,Hammer
2025-10-19 19:49:17,316 INFO: UAL,2025-04-15,Piercing Pattern
2025-10-19 19:49:17,316 INFO: UAL,2025-04-22,Hammer
2025-10-19 19:49:17,316 INFO: UAL,2025-04-22,Morning Star
2025-10-19 19:49:17,316 INFO: UAL,2025-05-08,Three White Soldiers
2025-10-19 19:49:17,318 INFO: UAL,2025-05-19,Morning Star
2025-10-19 19:49:17,318 INFO: UAL,2025-05-22,Bullish Engulfing
2025-10-19 19:49:17,318 INFO: UAL,2025-05-30,Bullish Engulfing
2025-10-19 19:49:17,318 INFO: UAL,2025-06-04,Bullish Engulfing
2025-10-19 19:49:17,318 INFO: UAL,2025-06-23,Bullish Engulfing
2025-10-19 19:49:17,318 INFO: UAL,2025-06-27,Morning Star
2025-10-19 19:49:17,318 INFO: UAL,2025-07-01,Bullish Engulfing
2025-10-19 19:49:17,318 INFO: UAL,2025-07-02,Hammer
2025-10-19 19:49:17,318 INFO: UAL,2025-07-03,Three White Soldiers
2025-10-19 19:49:17,319 INFO: UAL,2025-07-16,Hammer
2025-10-19 19:49:17,319 INFO: UAL,2025-07-18,Hammer
2025-10-19 19:49:17,319 INFO: UAL,2025-07-28,Three White Soldiers
2025-10-19 19:49:17,319 INFO: UAL,2025-08-01,Hammer
2025-10-19 19:49:17,319 INFO: UAL,2025-08-05,Hammer
2025-10-19 19:49:17,319 INFO: UAL,2025-08-06,Three White Soldiers
2025-10-19 19:49:17,319 INFO: UAL,2025-08-18,Three White Soldiers
2025-10-19 19:49:17,319 INFO: UAL,2025-08-27,Three White Soldiers
2025-10-19 19:49:17,319 INFO: UAL,2025-08-28,Three White Soldiers
2025-10-19 19:49:17,320 INFO: UAL,2025-09-19,Hammer
2025-10-19 19:49:17,320 INFO: UBCP,2023-07-14,Hammer
2025-10-19 19:49:17,320 INFO: UBCP,2023-07-17,Hammer
2025-10-19 19:49:17,320 INFO: UBCP,2023-07-26,Dragonfly Doji
2025-10-19 19:49:17,320 INFO: UBCP,2023-07-27,Morning Star
2025-10-19 19:49:17,320 INFO: UBCP,2023-08-11,Morning Star
2025-10-19 19:49:17,320 INFO: UBCP,2023-08-24,Bullish Engulfing
2025-10-19 19:49:17,320 INFO: UBCP,2023-09-07,Dragonfly Doji
2025-10-19 19:49:17,320 INFO: UBCP,2023-09-14,Bullish Engulfing
2025-10-19 19:49:17,320 INFO: UBCP,2023-09-20,Hammer
2025-10-19 19:49:17,320 INFO: UBCP,2023-09-21,Hammer
2025-10-19 19:49:17,320 INFO: UBCP,2023-09-21,Morning Star
2025-10-19 19:49:17,320 INFO: UBCP,2023-09-21,Dragonfly Doji
2025-10-19 19:49:17,320 INFO: UBCP,2023-10-02,Hammer
2025-10-19 19:49:17,320 INFO: UBCP,2023-10-12,Bullish Engulfing
2025-10-19 19:49:17,320 INFO: UBCP,2023-10-12,Morning Star
2025-10-19 19:49:17,320 INFO: UBCP,2023-10-20,Bullish Engulfing
2025-10-19 19:49:17,320 INFO: UBCP,2023-10-30,Dragonfly Doji
2025-10-19 19:49:17,321 INFO: UBCP,2023-11-08,Hammer
2025-10-19 19:49:17,321 INFO: UBCP,2023-11-08,Dragonfly Doji
2025-10-19 19:49:17,321 INFO: UBCP,2023-11-24,Hammer
2025-10-19 19:49:17,321 INFO: UBCP,2023-11-24,Three White Soldiers
2025-10-19 19:49:17,321 INFO: UBCP,2023-11-24,Dragonfly Doji
2025-10-19 19:49:17,321 INFO: UBCP,2023-12-19,Three White Soldiers
2025-10-19 19:49:17,321 INFO: UBCP,2023-12-20,Three White Soldiers
2025-10-19 19:49:17,321 INFO: UBCP,2023-12-21,Three White Soldiers
2025-10-19 19:49:17,321 INFO: UBCP,2023-12-22,Three White Soldiers
2025-10-19 19:49:17,321 INFO: UBCP,2023-12-27,Hammer
2025-10-19 19:49:17,321 INFO: UBCP,2024-01-02,Bullish Engulfing
2025-10-19 19:49:17,321 INFO: UBCP,2024-01-19,Hammer
2025-10-19 19:49:17,321 INFO: UBCP,2024-02-09,Morning Star
2025-10-19 19:49:17,321 INFO: UBCP,2024-02-15,Hammer
2025-10-19 19:49:17,321 INFO: UBCP,2024-02-22,Dragonfly Doji
2025-10-19 19:49:17,321 INFO: UBCP,2024-02-26,Piercing Pattern
2025-10-19 19:49:17,321 INFO: UBCP,2024-03-08,Hammer
2025-10-19 19:49:17,321 INFO: UBCP,2024-03-12,Hammer
2025-10-19 19:49:17,321 INFO: UBCP,2024-03-22,Three White Soldiers
2025-10-19 19:49:17,322 INFO: UBCP,2024-03-25,Three White Soldiers
2025-10-19 19:49:17,322 INFO: UBCP,2024-03-26,Hammer
2025-10-19 19:49:17,322 INFO: UBCP,2024-04-11,Bullish Engulfing
2025-10-19 19:49:17,322 INFO: UBCP,2024-04-22,Morning Star
2025-10-19 19:49:17,322 INFO: UBCP,2024-04-26,Dragonfly Doji
2025-10-19 19:49:17,322 INFO: UBCP,2024-05-07,Bullish Engulfing
2025-10-19 19:49:17,322 INFO: UBCP,2024-05-22,Bullish Engulfing
2025-10-19 19:49:17,322 INFO: UBCP,2024-06-12,Hammer
2025-10-19 19:49:17,322 INFO: UBCP,2024-06-20,Dragonfly Doji
2025-10-19 19:49:17,322 INFO: UBCP,2024-07-01,Piercing Pattern
2025-10-19 19:49:17,322 INFO: UBCP,2024-07-11,Morning Star
2025-10-19 19:49:17,323 INFO: UBCP,2024-07-17,Hammer
2025-10-19 19:49:17,323 INFO: UBCP,2024-07-25,Bullish Engulfing
2025-10-19 19:49:17,323 INFO: UBCP,2024-07-26,Hammer
2025-10-19 19:49:17,323 INFO: UBCP,2024-07-29,Dragonfly Doji
2025-10-19 19:49:17,323 INFO: UBCP,2024-08-07,Morning Star
2025-10-19 19:49:17,323 INFO: UBCP,2024-08-08,Hammer
2025-10-19 19:49:17,323 INFO: UBCP,2024-08-22,Bullish Engulfing
2025-10-19 19:49:17,323 INFO: UBCP,2024-08-30,Bullish Engulfing
2025-10-19 19:49:17,323 INFO: UBCP,2024-09-05,Hammer
2025-10-19 19:49:17,323 INFO: UBCP,2024-09-06,Morning Star
2025-10-19 19:49:17,323 INFO: UBCP,2024-09-16,Bullish Engulfing
2025-10-19 19:49:17,323 INFO: UBCP,2024-09-19,Morning Star
2025-10-19 19:49:17,323 INFO: UBCP,2024-09-27,Piercing Pattern
2025-10-19 19:49:17,323 INFO: UBCP,2024-10-23,Hammer
2025-10-19 19:49:17,323 INFO: UBCP,2024-11-06,Bullish Engulfing
2025-10-19 19:49:17,323 INFO: UBCP,2024-11-15,Piercing Pattern
2025-10-19 19:49:17,323 INFO: UBCP,2024-11-21,Morning Star
2025-10-19 19:49:17,323 INFO: UBCP,2024-11-22,Hammer
2025-10-19 19:49:17,323 INFO: UBCP,2024-11-27,Dragonfly Doji
2025-10-19 19:49:17,324 INFO: UBCP,2024-12-02,Hammer
2025-10-19 19:49:17,324 INFO: UBCP,2024-12-03,Bullish Engulfing
2025-10-19 19:49:17,324 INFO: UBCP,2024-12-06,Hammer
2025-10-19 19:49:17,324 INFO: UBCP,2024-12-09,Morning Star
2025-10-19 19:49:17,324 INFO: UBCP,2024-12-13,Hammer
2025-10-19 19:49:17,324 INFO: UBCP,2025-01-03,Hammer
2025-10-19 19:49:17,324 INFO: UBCP,2025-01-21,Bullish Engulfing
2025-10-19 19:49:17,324 INFO: UBCP,2025-01-21,Morning Star
2025-10-19 19:49:17,324 INFO: UBCP,2025-02-10,Bullish Engulfing
2025-10-19 19:49:17,324 INFO: UBCP,2025-02-14,Hammer
2025-10-19 19:49:17,324 INFO: UBCP,2025-02-14,Morning Star
2025-10-19 19:49:17,324 INFO: UBCP,2025-02-27,Three White Soldiers
2025-10-19 19:49:17,325 INFO: UBCP,2025-02-28,Three White Soldiers
2025-10-19 19:49:17,325 INFO: UBCP,2025-03-06,Morning Star
2025-10-19 19:49:17,325 INFO: UBCP,2025-03-11,Piercing Pattern
2025-10-19 19:49:17,325 INFO: UBCP,2025-03-14,Hammer
2025-10-19 19:49:17,325 INFO: UBCP,2025-03-21,Dragonfly Doji
2025-10-19 19:49:17,325 INFO: UBCP,2025-03-24,Morning Star
2025-10-19 19:49:17,325 INFO: UBCP,2025-03-31,Piercing Pattern
2025-10-19 19:49:17,325 INFO: UBCP,2025-04-23,Dragonfly Doji
2025-10-19 19:49:17,325 INFO: UBCP,2025-05-15,Hammer
2025-10-19 19:49:17,325 INFO: UBCP,2025-05-22,Hammer
2025-10-19 19:49:17,326 INFO: UBCP,2025-05-28,Morning Star
2025-10-19 19:49:17,326 INFO: UBCP,2025-05-29,Hammer
2025-10-19 19:49:17,326 INFO: UBCP,2025-05-29,Dragonfly Doji
2025-10-19 19:49:17,326 INFO: UBCP,2025-06-18,Morning Star
2025-10-19 19:49:17,326 INFO: UBCP,2025-06-20,Three White Soldiers
2025-10-19 19:49:17,326 INFO: UBCP,2025-06-23,Three White Soldiers
2025-10-19 19:49:17,326 INFO: UBCP,2025-07-03,Hammer
2025-10-19 19:49:17,326 INFO: UBCP,2025-07-07,Bullish Engulfing
2025-10-19 19:49:17,326 INFO: UBCP,2025-07-07,Morning Star
2025-10-19 19:49:17,327 INFO: UBCP,2025-08-13,Dragonfly Doji
2025-10-19 19:49:17,327 INFO: UBCP,2025-09-09,Piercing Pattern
2025-10-19 19:49:17,327 INFO: UBCP,2025-09-22,Piercing Pattern
2025-10-19 19:49:17,327 INFO: UBCP,2025-09-24,Hammer
2025-10-19 19:49:17,327 INFO: UBFO,2023-07-13,Morning Star
2025-10-19 19:49:17,327 INFO: UBFO,2023-07-14,Hammer
2025-10-19 19:49:17,329 INFO: UBFO,2023-07-14,Three White Soldiers
2025-10-19 19:49:17,329 INFO: UBFO,2023-07-17,Three White Soldiers
2025-10-19 19:49:17,329 INFO: UBFO,2023-07-18,Three White Soldiers
2025-10-19 19:49:17,356 INFO: UBFO,2023-07-19,Three White Soldiers
2025-10-19 19:49:17,357 INFO: UBFO,2023-07-27,Morning Star
2025-10-19 19:49:17,357 INFO: UBFO,2023-08-01,Hammer
2025-10-19 19:49:17,357 INFO: UBFO,2023-08-15,Morning Star
2025-10-19 19:49:17,357 INFO: UBFO,2023-08-18,Hammer
2025-10-19 19:49:17,357 INFO: UBFO,2023-08-23,Hammer
2025-10-19 19:49:17,357 INFO: UBFO,2023-08-25,Hammer
2025-10-19 19:49:17,357 INFO: UBFO,2023-08-29,Piercing Pattern
2025-10-19 19:49:17,357 INFO: UBFO,2023-08-31,Bullish Engulfing
2025-10-19 19:49:17,357 INFO: UBFO,2023-09-01,Hammer
2025-10-19 19:49:17,358 INFO: UBFO,2023-09-07,Three White Soldiers
2025-10-19 19:49:17,358 INFO: UBFO,2023-09-22,Three White Soldiers
2025-10-19 19:49:17,358 INFO: UBFO,2023-09-29,Three White Soldiers
2025-10-19 19:49:17,358 INFO: UBFO,2023-10-05,Bullish Engulfing
2025-10-19 19:49:17,359 INFO: UBFO,2023-10-05,Morning Star
2025-10-19 19:49:17,359 INFO: UBFO,2023-10-26,Piercing Pattern
2025-10-19 19:49:17,359 INFO: UBFO,2023-10-27,Hammer
2025-10-19 19:49:17,359 INFO: UBFO,2023-10-27,Dragonfly Doji
2025-10-19 19:49:17,359 INFO: UBFO,2023-10-30,Three White Soldiers
2025-10-19 19:49:17,359 INFO: UBFO,2023-11-03,Three White Soldiers
2025-10-19 19:49:17,361 INFO: UBFO,2023-11-06,Three White Soldiers
2025-10-19 19:49:17,361 INFO: UBFO,2023-11-08,Hammer
2025-10-19 19:49:17,361 INFO: UBFO,2023-11-08,Piercing Pattern
2025-10-19 19:49:17,393 INFO: UBFO,2023-11-09,Dragonfly Doji
2025-10-19 19:49:17,393 INFO: UBFO,2023-11-15,Hammer
2025-10-19 19:49:17,393 INFO: UBFO,2023-11-24,Morning Star
2025-10-19 19:49:17,393 INFO: UBFO,2023-12-01,Dragonfly Doji
2025-10-19 19:49:17,393 INFO: UBFO,2023-12-04,Morning Star
2025-10-19 19:49:17,393 INFO: UBFO,2023-12-07,Bullish Engulfing
2025-10-19 19:49:17,393 INFO: UBFO,2023-12-07,Morning Star
2025-10-19 19:49:17,394 INFO: UBFO,2023-12-18,Three White Soldiers
2025-10-19 19:49:17,394 INFO: UBFO,2023-12-20,Piercing Pattern
2025-10-19 19:49:17,395 INFO: UBFO,2023-12-28,Piercing Pattern
2025-10-19 19:49:17,403 INFO: UBFO,2024-01-10,Morning Star
2025-10-19 19:49:17,474 INFO: UBFO,2024-01-12,Three White Soldiers
2025-10-19 19:49:17,475 INFO: UBFO,2024-01-18,Piercing Pattern
2025-10-19 19:49:17,475 INFO: UBFO,2024-01-22,Three White Soldiers
2025-10-19 19:49:17,475 INFO: UBFO,2024-01-23,Three White Soldiers
2025-10-19 19:49:17,476 INFO: UBFO,2024-02-01,Hammer
2025-10-19 19:49:17,476 INFO: UBFO,2024-02-09,Morning Star
2025-10-19 19:49:17,476 INFO: UBFO,2024-02-14,Piercing Pattern
2025-10-19 19:49:17,477 INFO: UBFO,2024-02-22,Piercing Pattern
2025-10-19 19:49:17,477 INFO: UBFO,2024-02-29,Piercing Pattern
2025-10-19 19:49:17,477 INFO: UBFO,2024-03-05,Morning Star
2025-10-19 19:49:17,477 INFO: UBFO,2024-03-06,Three White Soldiers
2025-10-19 19:49:17,477 INFO: UBFO,2024-03-07,Three White Soldiers
2025-10-19 19:49:17,477 INFO: UBFO,2024-03-08,Hammer
2025-10-19 19:49:17,477 INFO: UBFO,2024-03-08,Three White Soldiers
2025-10-19 19:49:17,477 INFO: UBFO,2024-03-27,Morning Star
2025-10-19 19:49:17,478 INFO: UBFO,2024-04-19,Morning Star
2025-10-19 19:49:17,478 INFO: UBFO,2024-04-22,Hammer
2025-10-19 19:49:17,479 INFO: UBFO,2024-05-09,Bullish Engulfing
2025-10-19 19:49:17,479 INFO: UBFO,2024-05-09,Morning Star
2025-10-19 19:49:17,479 INFO: UBFO,2024-05-16,Morning Star
2025-10-19 19:49:17,479 INFO: UBFO,2024-05-23,Dragonfly Doji
2025-10-19 19:49:17,480 INFO: UBFO,2024-06-11,Bullish Engulfing
2025-10-19 19:49:17,480 INFO: UBFO,2024-06-11,Morning Star
2025-10-19 19:49:17,512 INFO: UBFO,2024-06-20,Piercing Pattern
2025-10-19 19:49:17,513 INFO: UBFO,2024-06-28,Hammer
2025-10-19 19:49:17,513 INFO: UBFO,2024-07-05,Morning Star
2025-10-19 19:49:17,513 INFO: UBFO,2024-07-11,Morning Star
2025-10-19 19:49:17,513 INFO: UBFO,2024-07-22,Three White Soldiers
2025-10-19 19:49:17,572 INFO: UBFO,2024-07-23,Hammer
2025-10-19 19:49:17,573 INFO: UBFO,2024-07-26,Three White Soldiers
2025-10-19 19:49:17,574 INFO: UBFO,2024-08-01,Hammer
2025-10-19 19:49:17,574 INFO: UBFO,2024-08-05,Hammer
2025-10-19 19:49:17,574 INFO: UBFO,2024-08-05,Dragonfly Doji
2025-10-19 19:49:17,574 INFO: UBFO,2024-08-14,Piercing Pattern
2025-10-19 19:49:17,574 INFO: UBFO,2024-08-16,Three White Soldiers
2025-10-19 19:49:17,574 INFO: UBFO,2024-08-19,Three White Soldiers
2025-10-19 19:49:17,574 INFO: UBFO,2024-08-22,Bullish Engulfing
2025-10-19 19:49:17,575 INFO: UBFO,2024-08-29,Three White Soldiers
2025-10-19 19:49:17,576 INFO: UBFO,2024-08-30,Three White Soldiers
2025-10-19 19:49:17,576 INFO: UBFO,2024-09-09,Hammer
2025-10-19 19:49:17,576 INFO: UBFO,2024-09-11,Hammer
2025-10-19 19:49:17,576 INFO: UBFO,2024-09-11,Dragonfly Doji
2025-10-19 19:49:17,576 INFO: UBFO,2024-09-16,Piercing Pattern
2025-10-19 19:49:17,577 INFO: UBFO,2024-09-20,Three White Soldiers
2025-10-19 19:49:17,577 INFO: UBFO,2024-09-26,Three White Soldiers
2025-10-19 19:49:17,577 INFO: UBFO,2024-10-11,Morning Star
2025-10-19 19:49:17,577 INFO: UBFO,2024-10-15,Bullish Engulfing
2025-10-19 19:49:17,577 INFO: UBFO,2024-10-17,Hammer
2025-10-19 19:49:17,577 INFO: UBFO,2024-10-23,Hammer
2025-10-19 19:49:17,577 INFO: UBFO,2024-10-24,Morning Star
2025-10-19 19:49:17,577 INFO: UBFO,2024-10-25,Hammer
2025-10-19 19:49:17,577 INFO: UBFO,2024-11-06,Morning Star
2025-10-19 19:49:17,578 INFO: UBFO,2024-11-12,Three White Soldiers
2025-10-19 19:49:17,578 INFO: UBFO,2024-11-13,Three White Soldiers
2025-10-19 19:49:17,578 INFO: UBFO,2024-11-14,Hammer
2025-10-19 19:49:17,578 INFO: UBFO,2024-11-20,Hammer
2025-10-19 19:49:17,578 INFO: UBFO,2024-11-20,Morning Star
2025-10-19 19:49:17,578 INFO: UBFO,2024-11-21,Three White Soldiers
2025-10-19 19:49:17,578 INFO: UBFO,2024-11-25,Piercing Pattern
2025-10-19 19:49:17,643 INFO: UBFO,2024-11-29,Hammer
2025-10-19 19:49:17,643 INFO: UBFO,2024-12-06,Bullish Engulfing
2025-10-19 19:49:17,643 INFO: UBFO,2024-12-20,Morning Star
2025-10-19 19:49:17,643 INFO: UBFO,2025-01-06,Morning Star
2025-10-19 19:49:17,643 INFO: UBFO,2025-01-15,Morning Star
2025-10-19 19:49:17,707 INFO: UBFO,2025-01-17,Three White Soldiers
2025-10-19 19:49:17,707 INFO: UBFO,2025-02-04,Bullish Engulfing
2025-10-19 19:49:17,707 INFO: UBFO,2025-02-06,Three White Soldiers
2025-10-19 19:49:17,707 INFO: UBFO,2025-02-07,Hammer
2025-10-19 19:49:17,707 INFO: UBFO,2025-02-07,Three White Soldiers
2025-10-19 19:49:17,707 INFO: UBFO,2025-02-10,Three White Soldiers
2025-10-19 19:49:17,707 INFO: UBFO,2025-02-11,Three White Soldiers
2025-10-19 19:49:17,707 INFO: UBFO,2025-02-26,Piercing Pattern
2025-10-19 19:49:17,707 INFO: UBFO,2025-03-05,Piercing Pattern
2025-10-19 19:49:17,707 INFO: UBFO,2025-03-14,Three White Soldiers
2025-10-19 19:49:17,707 INFO: UBFO,2025-03-17,Three White Soldiers
2025-10-19 19:49:17,708 INFO: UBFO,2025-03-27,Bullish Engulfing
2025-10-19 19:49:17,709 INFO: UBFO,2025-03-27,Morning Star
2025-10-19 19:49:17,709 INFO: UBFO,2025-03-28,Hammer
2025-10-19 19:49:17,709 INFO: UBFO,2025-04-02,Hammer
2025-10-19 19:49:17,709 INFO: UBFO,2025-04-02,Dragonfly Doji
2025-10-19 19:49:17,709 INFO: UBFO,2025-04-09,Bullish Engulfing
2025-10-19 19:49:17,713 INFO: UBFO,2025-04-14,Hammer
2025-10-19 19:49:17,714 INFO: UBFO,2025-04-15,Bullish Engulfing
2025-10-19 19:49:17,714 INFO: UBFO,2025-04-22,Three White Soldiers
2025-10-19 19:49:17,714 INFO: UBFO,2025-04-28,Bullish Engulfing
2025-10-19 19:49:17,714 INFO: UBFO,2025-05-02,Morning Star
2025-10-19 19:49:17,714 INFO: UBFO,2025-06-11,Bullish Engulfing
2025-10-19 19:49:17,714 INFO: UBFO,2025-06-11,Morning Star
2025-10-19 19:49:17,715 INFO: UBFO,2025-06-18,Bullish Engulfing
2025-10-19 19:49:17,715 INFO: UBFO,2025-06-18,Morning Star
2025-10-19 19:49:17,715 INFO: UBFO,2025-06-27,Bullish Engulfing
2025-10-19 19:49:17,715 INFO: UBFO,2025-07-02,Hammer
2025-10-19 19:49:17,768 INFO: UBFO,2025-07-03,Bullish Engulfing
2025-10-19 19:49:17,768 INFO: UBFO,2025-07-10,Hammer
2025-10-19 19:49:17,768 INFO: UBFO,2025-07-14,Bullish Engulfing
2025-10-19 19:49:17,769 INFO: UBFO,2025-07-16,Hammer
2025-10-19 19:49:17,769 INFO: UBFO,2025-07-22,Morning Star
2025-10-19 19:49:17,769 INFO: UBFO,2025-07-25,Hammer
2025-10-19 19:49:17,774 INFO: UBFO,2025-07-29,Hammer
2025-10-19 19:49:17,774 INFO: UBFO,2025-08-04,Bullish Engulfing
2025-10-19 19:49:17,774 INFO: UBFO,2025-08-07,Morning Star
2025-10-19 19:49:17,774 INFO: UBFO,2025-08-27,Morning Star
2025-10-19 19:49:17,774 INFO: UBFO,2025-08-29,Hammer
2025-10-19 19:49:17,775 INFO: UBFO,2025-09-02,Morning Star
2025-10-19 19:49:17,775 INFO: UBFO,2025-09-04,Bullish Engulfing
2025-10-19 19:49:17,775 INFO: UBFO,2025-09-11,Bullish Engulfing
2025-10-19 19:49:17,775 INFO: UBFO,2025-09-11,Morning Star
2025-10-19 19:49:17,776 INFO: UBFO,2025-09-16,Hammer
2025-10-19 19:49:17,776 INFO: UBFO,2025-09-19,Three White Soldiers
2025-10-19 19:49:17,776 INFO: UBND,2023-07-26,Morning Star
2025-10-19 19:49:17,776 INFO: UBND,2023-10-05,Morning Star
2025-10-19 19:49:17,776 INFO: UBND,2023-10-24,Three White Soldiers
2025-10-19 19:49:17,777 INFO: UBND,2023-10-27,Hammer
2025-10-19 19:49:17,777 INFO: UBND,2023-11-28,Three White Soldiers
2025-10-19 19:49:17,777 INFO: UBND,2023-11-29,Three White Soldiers
2025-10-19 19:49:17,777 INFO: UBND,2023-12-07,Three White Soldiers
2025-10-19 19:49:17,777 INFO: UBND,2024-01-03,Bullish Engulfing
2025-10-19 19:49:17,777 INFO: UBND,2024-01-09,Piercing Pattern
2025-10-19 19:49:17,778 INFO: UBND,2024-01-11,Bullish Engulfing
2025-10-19 19:49:17,778 INFO: UBND,2024-01-23,Hammer
2025-10-19 19:49:17,779 INFO: UBND,2024-01-26,Morning Star
2025-10-19 19:49:17,779 INFO: UBND,2024-01-30,Three White Soldiers
2025-10-19 19:49:17,779 INFO: UBND,2024-02-23,Morning Star
2025-10-19 19:49:17,779 INFO: UBND,2024-03-05,Hammer
2025-10-19 19:49:17,779 INFO: UBND,2024-03-08,Dragonfly Doji
2025-10-19 19:49:17,807 INFO: UBND,2024-03-20,Three White Soldiers
2025-10-19 19:49:17,807 INFO: UBND,2024-03-21,Three White Soldiers
2025-10-19 19:49:17,807 INFO: UBND,2024-03-22,Three White Soldiers
2025-10-19 19:49:17,807 INFO: UBND,2024-03-26,Bullish Engulfing
2025-10-19 19:49:17,807 INFO: UBND,2024-04-04,Dragonfly Doji
2025-10-19 19:49:17,807 INFO: UBND,2024-04-12,Hammer
2025-10-19 19:49:17,807 INFO: UBND,2024-04-22,Bullish Engulfing
2025-10-19 19:49:17,807 INFO: UBND,2024-05-03,Three White Soldiers
2025-10-19 19:49:17,807 INFO: UBND,2024-05-09,Morning Star
2025-10-19 19:49:17,808 INFO: UBND,2024-05-21,Morning Star
2025-10-19 19:49:17,808 INFO: UBND,2024-05-24,Bullish Engulfing
2025-10-19 19:49:17,808 INFO: UBND,2024-05-31,Morning Star
2025-10-19 19:49:17,808 INFO: UBND,2024-06-03,Three White Soldiers
2025-10-19 19:49:17,808 INFO: UBND,2024-06-04,Three White Soldiers
2025-10-19 19:49:17,809 INFO: UBND,2024-06-05,Three White Soldiers
2025-10-19 19:49:17,809 INFO: UBND,2024-06-06,Three White Soldiers
2025-10-19 19:49:17,809 INFO: UBND,2024-06-14,Morning Star
2025-10-19 19:49:17,809 INFO: UBND,2024-06-24,Piercing Pattern
2025-10-19 19:49:17,809 INFO: UBND,2024-07-12,Hammer
2025-10-19 19:49:17,809 INFO: UBND,2024-07-19,Hammer
2025-10-19 19:49:17,809 INFO: UBND,2024-07-22,Hammer
2025-10-19 19:49:17,809 INFO: UBND,2024-07-26,Morning Star
2025-10-19 19:49:17,809 INFO: UBND,2024-08-01,Three White Soldiers
2025-10-19 19:49:17,809 INFO: UBND,2024-08-02,Three White Soldiers
2025-10-19 19:49:17,810 INFO: UBND,2024-08-14,Three White Soldiers
2025-10-19 19:49:17,810 INFO: UBND,2024-08-19,Three White Soldiers
2025-10-19 19:49:17,810 INFO: UBND,2024-08-20,Three White Soldiers
2025-10-19 19:49:17,810 INFO: UBND,2024-08-21,Three White Soldiers
2025-10-19 19:49:17,810 INFO: UBND,2024-09-05,Three White Soldiers
2025-10-19 19:49:17,810 INFO: UBND,2024-09-10,Three White Soldiers
2025-10-19 19:49:17,811 INFO: UBND,2024-09-16,Three White Soldiers
2025-10-19 19:49:17,811 INFO: UBND,2024-10-16,Three White Soldiers
2025-10-19 19:49:17,811 INFO: UBND,2024-10-22,Hammer
2025-10-19 19:49:17,812 INFO: UBND,2024-10-28,Hammer
2025-10-19 19:49:17,812 INFO: UBND,2024-11-04,Hammer
2025-10-19 19:49:17,812 INFO: UBND,2024-11-05,Bullish Engulfing
2025-10-19 19:49:17,812 INFO: UBND,2024-11-05,Morning Star
2025-10-19 19:49:17,845 INFO: UBND,2024-11-11,Dragonfly Doji
2025-10-19 19:49:17,845 INFO: UBND,2024-11-29,Morning Star
2025-10-19 19:49:17,845 INFO: UBND,2024-12-04,Bullish Engulfing
2025-10-19 19:49:17,845 INFO: UBND,2025-01-02,Hammer
2025-10-19 19:49:17,846 INFO: UBND,2025-01-02,Dragonfly Doji
2025-10-19 19:49:17,846 INFO: UBND,2025-01-14,Hammer
2025-10-19 19:49:17,846 INFO: UBND,2025-01-16,Three White Soldiers
2025-10-19 19:49:17,846 INFO: UBND,2025-01-28,Three White Soldiers
2025-10-19 19:49:17,846 INFO: UBND,2025-02-04,Piercing Pattern
2025-10-19 19:49:17,905 INFO: UBND,2025-02-04,Morning Star
2025-10-19 19:49:17,906 INFO: UBND,2025-02-06,Three White Soldiers
2025-10-19 19:49:17,912 INFO: UBND,2025-02-07,Hammer
2025-10-19 19:49:17,912 INFO: UBND,2025-02-19,Piercing Pattern
2025-10-19 19:49:17,912 INFO: UBND,2025-02-21,Three White Soldiers
2025-10-19 19:49:17,913 INFO: UBND,2025-02-24,Three White Soldiers
2025-10-19 19:49:17,913 INFO: UBND,2025-02-25,Three White Soldiers
2025-10-19 19:49:17,943 INFO: UBND,2025-02-26,Three White Soldiers
2025-10-19 19:49:17,943 INFO: UBND,2025-03-18,Bullish Engulfing
2025-10-19 19:49:17,943 INFO: UBND,2025-03-28,Morning Star
2025-10-19 19:49:17,943 INFO: UBND,2025-03-31,Hammer
2025-10-19 19:49:17,944 INFO: UBND,2025-04-14,Morning Star
2025-10-19 19:49:17,944 INFO: UBND,2025-04-15,Three White Soldiers
2025-10-19 19:49:17,944 INFO: UBND,2025-04-16,Three White Soldiers
2025-10-19 19:49:17,944 INFO: UBND,2025-04-25,Morning Star
2025-10-19 19:49:17,944 INFO: UBND,2025-04-28,Three White Soldiers
2025-10-19 19:49:17,944 INFO: UBND,2025-04-29,Three White Soldiers
2025-10-19 19:49:17,945 INFO: UBND,2025-04-30,Three White Soldiers
2025-10-19 19:49:17,945 INFO: UBND,2025-05-02,Hammer
2025-10-19 19:49:17,945 INFO: UBND,2025-05-05,Hammer
2025-10-19 19:49:17,946 INFO: UBND,2025-05-07,Three White Soldiers
2025-10-19 19:49:17,946 INFO: UBND,2025-05-13,Hammer
2025-10-19 19:49:17,946 INFO: UBND,2025-05-27,Three White Soldiers
2025-10-19 19:49:17,946 INFO: UBND,2025-06-10,Hammer
2025-10-19 19:49:17,947 INFO: UBND,2025-06-17,Morning Star
2025-10-19 19:49:17,947 INFO: UBND,2025-06-20,Piercing Pattern
2025-10-19 19:49:17,947 INFO: UBND,2025-06-26,Three White Soldiers
2025-10-19 19:49:17,948 INFO: UBND,2025-07-01,Hammer
2025-10-19 19:49:17,948 INFO: UBND,2025-07-09,Morning Star
2025-10-19 19:49:17,948 INFO: UBND,2025-07-22,Three White Soldiers
2025-10-19 19:49:17,948 INFO: UBND,2025-08-04,Hammer
2025-10-19 19:49:17,948 INFO: UBND,2025-08-06,Hammer
2025-10-19 19:49:17,948 INFO: UBND,2025-08-15,Hammer
2025-10-19 19:49:17,948 INFO: UBND,2025-08-21,Hammer
2025-10-19 19:49:17,948 INFO: UBND,2025-09-04,Three White Soldiers
2025-10-19 19:49:17,949 INFO: UBND,2025-09-05,Three White Soldiers
2025-10-19 19:49:17,977 INFO: UBND,2025-09-08,Three White Soldiers
2025-10-19 19:49:18,039 INFO: UBRL,2024-09-13,Hammer
2025-10-19 19:49:18,040 INFO: UBRL,2024-09-19,Three White Soldiers
2025-10-19 19:49:18,041 INFO: UBRL,2024-09-24,Morning Star
2025-10-19 19:49:18,041 INFO: UBRL,2024-10-04,Morning Star
2025-10-19 19:49:18,041 INFO: UBRL,2024-10-09,Morning Star
2025-10-19 19:49:18,041 INFO: UBRL,2024-10-11,Three White Soldiers
2025-10-19 19:49:18,041 INFO: UBRL,2024-10-21,Hammer
2025-10-19 19:49:18,043 INFO: UBRL,2024-10-24,Hammer
2025-10-19 19:49:18,043 INFO: UBRL,2024-10-24,Dragonfly Doji
2025-10-19 19:49:18,043 INFO: UBRL,2024-11-04,Morning Star
2025-10-19 19:49:18,043 INFO: UBRL,2024-11-06,Hammer
2025-10-19 19:49:18,043 INFO: UBRL,2024-11-06,Three White Soldiers
2025-10-19 19:49:18,043 INFO: UBRL,2024-12-17,Bullish Engulfing
2025-10-19 19:49:18,137 INFO: UBRL,2024-12-17,Morning Star
2025-10-19 19:49:18,138 INFO: UBRL,2024-12-23,Morning Star
2025-10-19 19:49:18,138 INFO: UBRL,2024-12-24,Hammer
2025-10-19 19:49:18,138 INFO: UBRL,2024-12-27,Hammer
2025-10-19 19:49:18,138 INFO: UBRL,2025-01-10,Piercing Pattern
2025-10-19 19:49:18,138 INFO: UBRL,2025-01-21,Hammer
2025-10-19 19:49:18,140 INFO: UBRL,2025-01-23,Bullish Engulfing
2025-10-19 19:49:18,196 INFO: UBRL,2025-01-27,Piercing Pattern
2025-10-19 19:49:18,197 INFO: UBRL,2025-02-03,Bullish Engulfing
2025-10-19 19:49:18,197 INFO: UBRL,2025-02-10,Three White Soldiers
2025-10-19 19:49:18,197 INFO: UBRL,2025-02-12,Bullish Engulfing
2025-10-19 19:49:18,197 INFO: UBRL,2025-02-19,Hammer
2025-10-19 19:49:18,197 INFO: UBRL,2025-02-28,Piercing Pattern
2025-10-19 19:49:18,197 INFO: UBRL,2025-03-07,Bullish Engulfing
2025-10-19 19:49:18,197 INFO: UBRL,2025-03-17,Morning Star
2025-10-19 19:49:18,198 INFO: UBRL,2025-03-21,Three White Soldiers
2025-10-19 19:49:18,198 INFO: UBRL,2025-04-01,Hammer
2025-10-19 19:49:18,198 INFO: UBRL,2025-04-09,Bullish Engulfing
2025-10-19 19:49:18,198 INFO: UBRL,2025-04-10,Hammer
2025-10-19 19:49:18,231 INFO: UBRL,2025-04-11,Bullish Engulfing
2025-10-19 19:49:18,232 INFO: UBRL,2025-05-06,Three White Soldiers
2025-10-19 19:49:18,232 INFO: UBRL,2025-05-12,Morning Star
2025-10-19 19:49:18,232 INFO: UBRL,2025-05-13,Three White Soldiers
2025-10-19 19:49:18,232 INFO: UBRL,2025-05-30,Hammer
2025-10-19 19:49:18,233 INFO: UBRL,2025-05-30,Dragonfly Doji
2025-10-19 19:49:18,233 INFO: UBRL,2025-06-05,Morning Star
2025-10-19 19:49:18,233 INFO: UBRL,2025-06-06,Three White Soldiers
2025-10-19 19:49:18,233 INFO: UBRL,2025-06-09,Three White Soldiers
2025-10-19 19:49:18,233 INFO: UBRL,2025-06-23,Bullish Engulfing
2025-10-19 19:49:18,233 INFO: UBRL,2025-06-23,Morning Star
2025-10-19 19:49:18,234 INFO: UBRL,2025-06-27,Hammer
2025-10-19 19:49:18,269 INFO: UBRL,2025-07-01,Hammer
2025-10-19 19:49:18,271 INFO: UBRL,2025-07-08,Hammer
2025-10-19 19:49:18,271 INFO: UBRL,2025-07-08,Three White Soldiers
2025-10-19 19:49:18,271 INFO: UBRL,2025-07-18,Hammer
2025-10-19 19:49:18,271 INFO: UBRL,2025-07-22,Morning Star
2025-10-19 19:49:18,271 INFO: UBRL,2025-07-25,Hammer
2025-10-19 19:49:18,271 INFO: UBRL,2025-07-30,Hammer
2025-10-19 19:49:18,271 INFO: UBRL,2025-08-05,Three White Soldiers
2025-10-19 19:49:18,271 INFO: UBRL,2025-08-06,Hammer
2025-10-19 19:49:18,271 INFO: UBRL,2025-08-12,Morning Star
2025-10-19 19:49:18,272 INFO: UBRL,2025-08-18,Three White Soldiers
2025-10-19 19:49:18,272 INFO: UBRL,2025-08-19,Three White Soldiers
2025-10-19 19:49:18,272 INFO: UBRL,2025-08-22,Morning Star
2025-10-19 19:49:18,272 INFO: UBRL,2025-08-26,Bullish Engulfing
2025-10-19 19:49:18,272 INFO: UBRL,2025-08-28,Hammer
2025-10-19 19:49:18,272 INFO: UBRL,2025-09-12,Morning Star
2025-10-19 19:49:18,273 INFO: UBRL,2025-09-15,Three White Soldiers
2025-10-19 19:49:18,273 INFO: UBRL,2025-09-19,Morning Star
2025-10-19 19:49:18,273 INFO: UBRL,2025-09-22,Three White Soldiers
2025-10-19 19:49:18,273 INFO: UBRL,2025-09-29,Three White Soldiers
2025-10-19 19:49:18,274 INFO: UBSI,2023-07-11,Three White Soldiers
2025-10-19 19:49:18,274 INFO: UBSI,2023-07-17,Piercing Pattern
2025-10-19 19:49:18,274 INFO: UBSI,2023-07-19,Three White Soldiers
2025-10-19 19:49:18,274 INFO: UBSI,2023-07-20,Hammer
2025-10-19 19:49:18,275 INFO: UBSI,2023-08-01,Hammer
2025-10-19 19:49:18,303 INFO: UBSI,2023-08-04,Three White Soldiers
2025-10-19 19:49:18,303 INFO: UBSI,2023-08-07,Three White Soldiers
2025-10-19 19:49:18,303 INFO: UBSI,2023-08-11,Piercing Pattern
2025-10-19 19:49:18,304 INFO: UBSI,2023-08-28,Three White Soldiers
2025-10-19 19:49:18,304 INFO: UBSI,2023-08-29,Three White Soldiers
2025-10-19 19:49:18,304 INFO: UBSI,2023-09-25,Bullish Engulfing
2025-10-19 19:49:18,304 INFO: UBSI,2023-09-28,Morning Star
2025-10-19 19:49:18,304 INFO: UBSI,2023-10-06,Three White Soldiers
2025-10-19 19:49:18,304 INFO: UBSI,2023-10-31,Morning Star
2025-10-19 19:49:18,372 INFO: UBSI,2023-11-03,Three White Soldiers
2025-10-19 19:49:18,373 INFO: UBSI,2023-11-13,Morning Star
2025-10-19 19:49:18,373 INFO: UBSI,2023-11-15,Three White Soldiers
2025-10-19 19:49:18,373 INFO: UBSI,2023-12-01,Bullish Engulfing
2025-10-19 19:49:18,374 INFO: UBSI,2023-12-12,Hammer
2025-10-19 19:49:18,374 INFO: UBSI,2024-01-05,Morning Star
2025-10-19 19:49:18,375 INFO: UBSI,2024-01-19,Three White Soldiers
2025-10-19 19:49:18,375 INFO: UBSI,2024-01-22,Three White Soldiers
2025-10-19 19:49:18,375 INFO: UBSI,2024-01-30,Morning Star
2025-10-19 19:49:18,375 INFO: UBSI,2024-02-08,Piercing Pattern
2025-10-19 19:49:18,375 INFO: UBSI,2024-02-12,Three White Soldiers
2025-10-19 19:49:18,375 INFO: UBSI,2024-02-14,Hammer
2025-10-19 19:49:18,376 INFO: UBSI,2024-02-15,Morning Star
2025-10-19 19:49:18,376 INFO: UBSI,2024-03-05,Bullish Engulfing
2025-10-19 19:49:18,376 INFO: UBSI,2024-03-19,Piercing Pattern
2025-10-19 19:49:18,376 INFO: UBSI,2024-03-21,Three White Soldiers
2025-10-19 19:49:18,376 INFO: UBSI,2024-04-08,Morning Star
2025-10-19 19:49:18,376 INFO: UBSI,2024-04-11,Hammer
2025-10-19 19:49:18,376 INFO: UBSI,2024-04-22,Three White Soldiers
2025-10-19 19:49:18,376 INFO: UBSI,2024-04-23,Three White Soldiers
2025-10-19 19:49:18,412 INFO: UBSI,2024-05-01,Morning Star
2025-10-19 19:49:18,412 INFO: UBSI,2024-05-02,Hammer
2025-10-19 19:49:18,413 INFO: UBSI,2024-05-02,Three White Soldiers
2025-10-19 19:49:18,413 INFO: UBSI,2024-05-16,Morning Star
2025-10-19 19:49:18,415 INFO: UBSI,2024-05-31,Morning Star
2025-10-19 19:49:18,449 INFO: UBSI,2024-06-05,Hammer
2025-10-19 19:49:18,484 INFO: UBSI,2024-06-06,Bullish Engulfing
2025-10-19 19:49:18,484 INFO: UBSI,2024-06-17,Morning Star
2025-10-19 19:49:18,484 INFO: UBSI,2024-06-24,Bullish Engulfing
2025-10-19 19:49:18,484 INFO: UBSI,2024-06-26,Bullish Engulfing
2025-10-19 19:49:18,553 INFO: UBSI,2024-06-28,Three White Soldiers
2025-10-19 19:49:18,553 INFO: UBSI,2024-07-09,Bullish Engulfing
2025-10-19 19:49:18,553 INFO: UBSI,2024-07-11,Three White Soldiers
2025-10-19 19:49:18,563 INFO: UBSI,2024-07-17,Three White Soldiers
2025-10-19 19:49:18,563 INFO: UBSI,2024-07-22,Morning Star
2025-10-19 19:49:18,563 INFO: UBSI,2024-07-23,Three White Soldiers
2025-10-19 19:49:18,563 INFO: UBSI,2024-07-31,Morning Star
2025-10-19 19:49:18,563 INFO: UBSI,2024-08-16,Bullish Engulfing
2025-10-19 19:49:18,563 INFO: UBSI,2024-08-16,Morning Star
2025-10-19 19:49:18,563 INFO: UBSI,2024-08-21,Hammer
2025-10-19 19:49:18,563 INFO: UBSI,2024-08-22,Morning Star
2025-10-19 19:49:18,563 INFO: UBSI,2024-08-23,Morning Star
2025-10-19 19:49:18,563 INFO: UBSI,2024-08-27,Hammer
2025-10-19 19:49:18,563 INFO: UBSI,2024-08-28,Bullish Engulfing
2025-10-19 19:49:18,563 INFO: UBSI,2024-09-17,Three White Soldiers
2025-10-19 19:49:18,563 INFO: UBSI,2024-09-30,Piercing Pattern
2025-10-19 19:49:18,563 INFO: UBSI,2024-10-09,Bullish Engulfing
2025-10-19 19:49:18,564 INFO: UBSI,2024-10-15,Three White Soldiers
2025-10-19 19:49:18,564 INFO: UBSI,2024-10-16,Three White Soldiers
2025-10-19 19:49:18,564 INFO: UBSI,2024-10-24,Three White Soldiers
2025-10-19 19:49:18,564 INFO: UBSI,2024-10-30,Bullish Engulfing
2025-10-19 19:49:18,564 INFO: UBSI,2024-11-19,Hammer
2025-10-19 19:49:18,564 INFO: UBSI,2024-11-22,Morning Star
2025-10-19 19:49:18,564 INFO: UBSI,2024-12-04,Piercing Pattern
2025-10-19 19:49:18,564 INFO: UBSI,2024-12-16,Morning Star
2025-10-19 19:49:18,564 INFO: UBSI,2024-12-20,Piercing Pattern
2025-10-19 19:49:18,565 INFO: UBSI,2025-01-03,Hammer
2025-10-19 19:49:18,565 INFO: UBSI,2025-01-13,Bullish Engulfing
2025-10-19 19:49:18,565 INFO: UBSI,2025-01-17,Hammer
2025-10-19 19:49:18,565 INFO: UBSI,2025-01-27,Three White Soldiers
2025-10-19 19:49:18,565 INFO: UBSI,2025-02-04,Bullish Engulfing
2025-10-19 19:49:18,565 INFO: UBSI,2025-02-05,Hammer
2025-10-19 19:49:18,565 INFO: UBSI,2025-02-06,Three White Soldiers
2025-10-19 19:49:18,565 INFO: UBSI,2025-02-11,Bullish Engulfing
2025-10-19 19:49:18,566 INFO: UBSI,2025-02-27,Morning Star
2025-10-19 19:49:18,566 INFO: UBSI,2025-03-18,Three White Soldiers
2025-10-19 19:49:18,566 INFO: UBSI,2025-03-19,Three White Soldiers
2025-10-19 19:49:18,566 INFO: UBSI,2025-03-31,Piercing Pattern
2025-10-19 19:49:18,566 INFO: UBSI,2025-04-02,Bullish Engulfing
2025-10-19 19:49:18,566 INFO: UBSI,2025-04-04,Hammer
2025-10-19 19:49:18,567 INFO: UBSI,2025-04-09,Bullish Engulfing
2025-10-19 19:49:18,567 INFO: UBSI,2025-04-15,Three White Soldiers
2025-10-19 19:49:18,567 INFO: UBSI,2025-04-16,Three White Soldiers
2025-10-19 19:49:18,567 INFO: UBSI,2025-04-17,Three White Soldiers
2025-10-19 19:49:18,567 INFO: UBSI,2025-04-22,Hammer
2025-10-19 19:49:18,567 INFO: UBSI,2025-04-29,Morning Star
2025-10-19 19:49:18,567 INFO: UBSI,2025-05-16,Hammer
2025-10-19 19:49:18,568 INFO: UBSI,2025-05-19,Bullish Engulfing
2025-10-19 19:49:18,571 INFO: UBSI,2025-06-03,Bullish Engulfing
2025-10-19 19:49:18,604 INFO: UBSI,2025-06-06,Morning Star
2025-10-19 19:49:18,668 INFO: UBSI,2025-06-10,Three White Soldiers
2025-10-19 19:49:18,668 INFO: UBSI,2025-06-18,Bullish Engulfing
2025-10-19 19:49:18,668 INFO: UBSI,2025-07-01,Bullish Engulfing
2025-10-19 19:49:18,668 INFO: UBSI,2025-07-03,Three White Soldiers
2025-10-19 19:49:18,668 INFO: UBSI,2025-07-14,Piercing Pattern
2025-10-19 19:49:18,670 INFO: UBSI,2025-07-17,Morning Star
2025-10-19 19:49:18,670 INFO: UBSI,2025-08-01,Hammer
2025-10-19 19:49:18,670 INFO: UBSI,2025-08-08,Hammer
2025-10-19 19:49:18,670 INFO: UBSI,2025-08-11,Morning Star
2025-10-19 19:49:18,670 INFO: UBSI,2025-08-12,Hammer
2025-10-19 19:49:18,670 INFO: UBSI,2025-08-12,Three White Soldiers
2025-10-19 19:49:18,674 INFO: UBSI,2025-08-13,Three White Soldiers
2025-10-19 19:49:18,674 INFO: UBSI,2025-08-22,Morning Star
2025-10-19 19:49:18,674 INFO: UBSI,2025-09-08,Hammer
2025-10-19 19:49:18,674 INFO: UBSI,2025-09-24,Morning Star
2025-10-19 19:49:18,674 INFO: UBXG,2024-04-01,Piercing Pattern
2025-10-19 19:49:18,674 INFO: UBXG,2024-04-03,Hammer
2025-10-19 19:49:18,675 INFO: UBXG,2024-04-09,Morning Star
2025-10-19 19:49:18,675 INFO: UBXG,2024-04-15,Morning Star
2025-10-19 19:49:18,675 INFO: UBXG,2024-04-17,Hammer
2025-10-19 19:49:18,675 INFO: UBXG,2024-04-17,Dragonfly Doji
2025-10-19 19:49:18,675 INFO: UBXG,2024-04-23,Dragonfly Doji
2025-10-19 19:49:18,675 INFO: UBXG,2024-05-01,Bullish Engulfing
2025-10-19 19:49:18,675 INFO: UBXG,2024-05-03,Piercing Pattern
2025-10-19 19:49:18,675 INFO: UBXG,2024-05-10,Piercing Pattern
2025-10-19 19:49:18,675 INFO: UBXG,2024-05-16,Bullish Engulfing
2025-10-19 19:49:18,676 INFO: UBXG,2024-05-16,Morning Star
2025-10-19 19:49:18,676 INFO: UBXG,2024-05-17,Hammer
2025-10-19 19:49:18,676 INFO: UBXG,2024-05-28,Three White Soldiers
2025-10-19 19:49:18,676 INFO: UBXG,2024-05-29,Three White Soldiers
2025-10-19 19:49:18,676 INFO: UBXG,2024-05-30,Three White Soldiers
2025-10-19 19:49:18,676 INFO: UBXG,2024-06-04,Morning Star
2025-10-19 19:49:18,676 INFO: UBXG,2024-06-11,Three White Soldiers
2025-10-19 19:49:18,676 INFO: UBXG,2024-06-25,Bullish Engulfing
2025-10-19 19:49:18,677 INFO: UBXG,2024-07-09,Three White Soldiers
2025-10-19 19:49:18,677 INFO: UBXG,2024-07-25,Morning Star
2025-10-19 19:49:18,677 INFO: UBXG,2024-07-31,Bullish Engulfing
2025-10-19 19:49:18,677 INFO: UBXG,2024-08-05,Hammer
2025-10-19 19:49:18,677 INFO: UBXG,2024-08-07,Bullish Engulfing
2025-10-19 19:49:18,677 INFO: UBXG,2024-08-09,Three White Soldiers
2025-10-19 19:49:18,677 INFO: UBXG,2024-08-12,Three White Soldiers
2025-10-19 19:49:18,677 INFO: UBXG,2024-08-13,Three White Soldiers
2025-10-19 19:49:18,678 INFO: UBXG,2024-08-14,Hammer
2025-10-19 19:49:18,678 INFO: UBXG,2024-08-14,Three White Soldiers
2025-10-19 19:49:18,678 INFO: UBXG,2024-08-15,Three White Soldiers
2025-10-19 19:49:18,678 INFO: UBXG,2024-08-16,Three White Soldiers
2025-10-19 19:49:18,678 INFO: UBXG,2024-08-19,Three White Soldiers
2025-10-19 19:49:18,678 INFO: UBXG,2024-08-20,Three White Soldiers
2025-10-19 19:49:18,678 INFO: UBXG,2024-08-21,Three White Soldiers
2025-10-19 19:49:18,678 INFO: UBXG,2024-08-22,Hammer
2025-10-19 19:49:18,678 INFO: UBXG,2024-09-24,Piercing Pattern
2025-10-19 19:49:18,678 INFO: UBXG,2024-10-22,Three White Soldiers
2025-10-19 19:49:18,678 INFO: UBXG,2024-10-25,Bullish Engulfing
2025-10-19 19:49:18,678 INFO: UBXG,2024-10-29,Hammer
2025-10-19 19:49:18,678 INFO: UBXG,2024-11-08,Three White Soldiers
2025-10-19 19:49:18,705 INFO: UBXG,2024-11-14,Piercing Pattern
2025-10-19 19:49:18,705 INFO: UBXG,2024-11-25,Hammer
2025-10-19 19:49:18,705 INFO: UBXG,2024-11-26,Hammer
2025-10-19 19:49:18,705 INFO: UBXG,2024-11-27,Hammer
2025-10-19 19:49:18,705 INFO: UBXG,2024-12-19,Bullish Engulfing
2025-10-19 19:49:18,705 INFO: UBXG,2024-12-24,Morning Star
2025-10-19 19:49:18,705 INFO: UBXG,2024-12-26,Three White Soldiers
2025-10-19 19:49:18,706 INFO: UBXG,2025-01-08,Piercing Pattern
2025-10-19 19:49:18,706 INFO: UBXG,2025-01-13,Hammer
2025-10-19 19:49:18,706 INFO: UBXG,2025-01-16,Morning Star
2025-10-19 19:49:18,706 INFO: UBXG,2025-01-24,Morning Star
2025-10-19 19:49:18,706 INFO: UBXG,2025-02-12,Bullish Engulfing
2025-10-19 19:49:18,706 INFO: UBXG,2025-02-21,Three White Soldiers
2025-10-19 19:49:18,706 INFO: UBXG,2025-03-21,Morning Star
2025-10-19 19:49:18,706 INFO: UBXG,2025-03-25,Three White Soldiers
2025-10-19 19:49:18,706 INFO: UBXG,2025-03-27,Piercing Pattern
2025-10-19 19:49:18,706 INFO: UBXG,2025-04-22,Bullish Engulfing
2025-10-19 19:49:18,706 INFO: UBXG,2025-05-08,Morning Star
2025-10-19 19:49:18,706 INFO: UBXG,2025-07-03,Hammer
2025-10-19 19:49:18,706 INFO: UBXG,2025-07-22,Bullish Engulfing
2025-10-19 19:49:18,706 INFO: UBXG,2025-07-22,Morning Star
2025-10-19 19:49:18,706 INFO: UBXG,2025-08-12,Morning Star
2025-10-19 19:49:18,706 INFO: UBXG,2025-08-18,Three White Soldiers
2025-10-19 19:49:18,706 INFO: UBXG,2025-08-19,Three White Soldiers
2025-10-19 19:49:18,707 INFO: UBXG,2025-08-20,Three White Soldiers
2025-10-19 19:49:18,707 INFO: UBXG,2025-08-25,Hammer
2025-10-19 19:49:18,710 INFO: UBXG,2025-09-02,Morning Star
2025-10-19 19:49:18,710 INFO: UBXG,2025-09-08,Three White Soldiers
2025-10-19 19:49:18,710 INFO: UBXG,2025-09-09,Three White Soldiers
2025-10-19 19:49:18,711 INFO: UBXG,2025-09-12,Bullish Engulfing
2025-10-19 19:49:18,711 INFO: UBXG,2025-09-12,Morning Star
2025-10-19 19:49:18,711 INFO: UBXG,2025-09-19,Hammer
2025-10-19 19:49:18,711 INFO: UBXG,2025-09-23,Piercing Pattern
2025-10-19 19:49:18,711 INFO: UBXG,2025-09-26,Piercing Pattern
2025-10-19 19:49:18,711 INFO: UCAR,2023-07-26,Hammer
2025-10-19 19:49:18,712 INFO: UCAR,2023-07-26,Three White Soldiers
2025-10-19 19:49:18,712 INFO: UCAR,2023-07-28,Bullish Engulfing
2025-10-19 19:49:18,712 INFO: UCAR,2023-08-14,Bullish Engulfing
2025-10-19 19:49:18,712 INFO: UCAR,2023-08-30,Piercing Pattern
2025-10-19 19:49:18,712 INFO: UCAR,2023-09-07,Bullish Engulfing
2025-10-19 19:49:18,712 INFO: UCAR,2023-09-26,Piercing Pattern
2025-10-19 19:49:18,714 INFO: UCAR,2023-10-04,Bullish Engulfing
2025-10-19 19:49:18,714 INFO: UCAR,2023-10-05,Hammer
2025-10-19 19:49:18,714 INFO: UCAR,2023-10-06,Bullish Engulfing
2025-10-19 19:49:18,714 INFO: UCAR,2023-10-16,Bullish Engulfing
2025-10-19 19:49:18,714 INFO: UCAR,2023-10-20,Bullish Engulfing
2025-10-19 19:49:18,715 INFO: UCAR,2023-10-24,Piercing Pattern
2025-10-19 19:49:18,715 INFO: UCAR,2023-10-30,Bullish Engulfing
2025-10-19 19:49:18,715 INFO: UCAR,2023-10-30,Morning Star
2025-10-19 19:49:18,715 INFO: UCAR,2023-11-03,Morning Star
2025-10-19 19:49:18,715 INFO: UCAR,2023-11-07,Piercing Pattern
2025-10-19 19:49:18,716 INFO: UCAR,2023-11-30,Dragonfly Doji
2025-10-19 19:49:18,717 INFO: UCAR,2023-12-08,Piercing Pattern
2025-10-19 19:49:18,717 INFO: UCAR,2023-12-27,Three White Soldiers
2025-10-19 19:49:18,717 INFO: UCAR,2023-12-29,Hammer
2025-10-19 19:49:18,717 INFO: UCAR,2024-01-08,Morning Star
2025-10-19 19:49:18,717 INFO: UCAR,2024-01-19,Bullish Engulfing
2025-10-19 19:49:18,717 INFO: UCAR,2024-02-16,Hammer
2025-10-19 19:49:18,718 INFO: UCAR,2024-02-20,Morning Star
2025-10-19 19:49:18,718 INFO: UCAR,2024-03-20,Morning Star
2025-10-19 19:49:18,718 INFO: UCAR,2024-04-10,Bullish Engulfing
2025-10-19 19:49:18,718 INFO: UCAR,2024-04-17,Bullish Engulfing
2025-10-19 19:49:18,718 INFO: UCAR,2024-04-19,Three White Soldiers
2025-10-19 19:49:18,718 INFO: UCAR,2024-04-25,Hammer
2025-10-19 19:49:18,718 INFO: UCAR,2024-05-02,Bullish Engulfing
2025-10-19 19:49:18,718 INFO: UCAR,2024-05-02,Morning Star
2025-10-19 19:49:18,718 INFO: UCAR,2024-05-14,Morning Star
2025-10-19 19:49:18,718 INFO: UCAR,2024-05-15,Three White Soldiers
2025-10-19 19:49:18,718 INFO: UCAR,2024-05-16,Three White Soldiers
2025-10-19 19:49:18,719 INFO: UCAR,2024-05-22,Morning Star
2025-10-19 19:49:18,719 INFO: UCAR,2024-06-05,Hammer
2025-10-19 19:49:18,719 INFO: UCAR,2024-06-07,Bullish Engulfing
2025-10-19 19:49:18,719 INFO: UCAR,2024-06-17,Three White Soldiers
2025-10-19 19:49:18,720 INFO: UCAR,2024-06-25,Bullish Engulfing
2025-10-19 19:49:18,720 INFO: UCAR,2024-06-27,Three White Soldiers
2025-10-19 19:49:18,720 INFO: UCAR,2024-07-05,Bullish Engulfing
2025-10-19 19:49:18,720 INFO: UCAR,2024-07-09,Three White Soldiers
2025-10-19 19:49:18,720 INFO: UCAR,2024-07-09,Dragonfly Doji
2025-10-19 19:49:18,721 INFO: UCAR,2024-07-16,Piercing Pattern
2025-10-19 19:49:18,721 INFO: UCAR,2024-07-19,Hammer
2025-10-19 19:49:18,721 INFO: UCAR,2024-07-24,Hammer
2025-10-19 19:49:18,721 INFO: UCAR,2024-07-25,Piercing Pattern
2025-10-19 19:49:18,721 INFO: UCAR,2024-07-31,Morning Star
2025-10-19 19:49:18,721 INFO: UCAR,2024-08-07,Hammer
2025-10-19 19:49:18,721 INFO: UCAR,2024-08-15,Hammer
2025-10-19 19:49:18,721 INFO: UCAR,2024-08-15,Dragonfly Doji
2025-10-19 19:49:18,721 INFO: UCAR,2024-08-30,Hammer
2025-10-19 19:49:18,721 INFO: UCAR,2024-08-30,Dragonfly Doji
2025-10-19 19:49:18,721 INFO: UCAR,2024-09-03,Three White Soldiers
2025-10-19 19:49:18,721 INFO: UCAR,2024-09-09,Hammer
2025-10-19 19:49:18,721 INFO: UCAR,2024-09-10,Morning Star
2025-10-19 19:49:18,721 INFO: UCAR,2024-09-25,Hammer
2025-10-19 19:49:18,721 INFO: UCAR,2024-09-26,Bullish Engulfing
2025-10-19 19:49:18,721 INFO: UCAR,2024-09-27,Hammer
2025-10-19 19:49:18,721 INFO: UCAR,2024-10-14,Morning Star
2025-10-19 19:49:18,721 INFO: UCAR,2024-10-15,Hammer
2025-10-19 19:49:18,721 INFO: UCAR,2024-10-15,Three White Soldiers
2025-10-19 19:49:18,722 INFO: UCAR,2024-10-15,Dragonfly Doji
2025-10-19 19:49:18,722 INFO: UCAR,2024-10-16,Three White Soldiers
2025-10-19 19:49:18,722 INFO: UCAR,2024-10-17,Three White Soldiers
2025-10-19 19:49:18,722 INFO: UCAR,2024-10-25,Morning Star
2025-10-19 19:49:18,722 INFO: UCAR,2024-10-31,Hammer
2025-10-19 19:49:18,722 INFO: UCAR,2024-10-31,Three White Soldiers
2025-10-19 19:49:18,722 INFO: UCAR,2024-11-04,Dragonfly Doji
2025-10-19 19:49:18,722 INFO: UCAR,2024-11-05,Morning Star
2025-10-19 19:49:18,722 INFO: UCAR,2024-11-21,Bullish Engulfing
2025-10-19 19:49:18,722 INFO: UCAR,2024-11-26,Morning Star
2025-10-19 19:49:18,722 INFO: UCAR,2024-11-29,Piercing Pattern
2025-10-19 19:49:18,722 INFO: UCAR,2024-12-03,Three White Soldiers
2025-10-19 19:49:18,723 INFO: UCAR,2024-12-04,Three White Soldiers
2025-10-19 19:49:18,723 INFO: UCAR,2024-12-05,Three White Soldiers
2025-10-19 19:49:18,723 INFO: UCAR,2024-12-06,Dragonfly Doji
2025-10-19 19:49:18,723 INFO: UCAR,2024-12-11,Three White Soldiers
2025-10-19 19:49:18,723 INFO: UCAR,2024-12-13,Hammer
2025-10-19 19:49:18,723 INFO: UCAR,2024-12-13,Dragonfly Doji
2025-10-19 19:49:18,723 INFO: UCAR,2024-12-19,Hammer
2025-10-19 19:49:18,723 INFO: UCAR,2024-12-23,Piercing Pattern
2025-10-19 19:49:18,723 INFO: UCAR,2025-01-03,Three White Soldiers
2025-10-19 19:49:18,723 INFO: UCAR,2025-01-13,Hammer
2025-10-19 19:49:18,723 INFO: UCAR,2025-01-14,Hammer
2025-10-19 19:49:18,723 INFO: UCAR,2025-01-16,Three White Soldiers
2025-10-19 19:49:18,723 INFO: UCAR,2025-01-17,Three White Soldiers
2025-10-19 19:49:18,723 INFO: UCAR,2025-02-05,Morning Star
2025-10-19 19:49:18,723 INFO: UCAR,2025-02-10,Morning Star
2025-10-19 19:49:18,723 INFO: UCAR,2025-02-11,Three White Soldiers
2025-10-19 19:49:18,723 INFO: UCAR,2025-02-14,Hammer
2025-10-19 19:49:18,723 INFO: UCAR,2025-03-10,Hammer
2025-10-19 19:49:18,724 INFO: UCAR,2025-03-10,Dragonfly Doji
2025-10-19 19:49:18,724 INFO: UCAR,2025-03-17,Morning Star
2025-10-19 19:49:18,724 INFO: UCAR,2025-03-27,Hammer
2025-10-19 19:49:18,724 INFO: UCAR,2025-04-02,Three White Soldiers
2025-10-19 19:49:18,724 INFO: UCAR,2025-04-03,Three White Soldiers
2025-10-19 19:49:18,724 INFO: UCAR,2025-04-10,Hammer
2025-10-19 19:49:18,724 INFO: UCAR,2025-04-11,Hammer
2025-10-19 19:49:18,724 INFO: UCAR,2025-04-25,Hammer
2025-10-19 19:49:18,724 INFO: UCAR,2025-04-28,Bullish Engulfing
2025-10-19 19:49:18,724 INFO: UCAR,2025-05-01,Morning Star
2025-10-19 19:49:18,724 INFO: UCAR,2025-05-02,Three White Soldiers
2025-10-19 19:49:18,724 INFO: UCAR,2025-05-02,Dragonfly Doji
2025-10-19 19:49:18,724 INFO: UCAR,2025-05-09,Bullish Engulfing
2025-10-19 19:49:18,724 INFO: UCAR,2025-05-22,Morning Star
2025-10-19 19:49:18,724 INFO: UCAR,2025-05-27,Hammer
2025-10-19 19:49:18,725 INFO: UCAR,2025-05-30,Morning Star
2025-10-19 19:49:18,725 INFO: UCAR,2025-06-02,Three White Soldiers
2025-10-19 19:49:18,725 INFO: UCAR,2025-06-03,Three White Soldiers
2025-10-19 19:49:18,725 INFO: UCAR,2025-06-05,Hammer
2025-10-19 19:49:18,725 INFO: UCAR,2025-06-09,Hammer
2025-10-19 19:49:18,725 INFO: UCAR,2025-06-10,Hammer
2025-10-19 19:49:18,725 INFO: UCAR,2025-06-16,Three White Soldiers
2025-10-19 19:49:18,725 INFO: UCAR,2025-06-20,Morning Star
2025-10-19 19:49:18,725 INFO: UCAR,2025-06-27,Hammer
2025-10-19 19:49:18,725 INFO: UCAR,2025-07-09,Hammer
2025-10-19 19:49:18,725 INFO: UCAR,2025-07-10,Bullish Engulfing
2025-10-19 19:49:18,725 INFO: UCAR,2025-07-16,Three White Soldiers
2025-10-19 19:49:18,725 INFO: UCAR,2025-07-21,Piercing Pattern
2025-10-19 19:49:18,725 INFO: UCAR,2025-07-29,Hammer
2025-10-19 19:49:18,725 INFO: UCAR,2025-07-29,Dragonfly Doji
2025-10-19 19:49:18,725 INFO: UCAR,2025-07-30,Morning Star
2025-10-19 19:49:18,725 INFO: UCAR,2025-08-05,Hammer
2025-10-19 19:49:18,725 INFO: UCAR,2025-08-13,Piercing Pattern
2025-10-19 19:49:18,725 INFO: UCAR,2025-08-15,Three White Soldiers
2025-10-19 19:49:18,725 INFO: UCAR,2025-09-03,Hammer
2025-10-19 19:49:18,725 INFO: UCAR,2025-09-08,Hammer
2025-10-19 19:49:18,725 INFO: UCAR,2025-09-08,Dragonfly Doji
2025-10-19 19:49:18,725 INFO: UCAR,2025-09-11,Hammer
2025-10-19 19:49:18,725 INFO: UCAR,2025-09-22,Hammer
2025-10-19 19:49:18,726 INFO: UCFI,2024-03-04,Morning Star
2025-10-19 19:49:18,726 INFO: UCFI,2024-03-18,Dragonfly Doji
2025-10-19 19:49:18,726 INFO: UCFI,2024-03-27,Morning Star
2025-10-19 19:49:18,726 INFO: UCFI,2024-04-12,Morning Star
2025-10-19 19:49:18,726 INFO: UCFI,2024-04-15,Dragonfly Doji
2025-10-19 19:49:18,726 INFO: UCFI,2024-05-24,Morning Star
2025-10-19 19:49:18,726 INFO: UCFI,2024-05-28,Dragonfly Doji
2025-10-19 19:49:18,726 INFO: UCFI,2024-05-30,Dragonfly Doji
2025-10-19 19:49:18,726 INFO: UCFI,2024-05-31,Dragonfly Doji
2025-10-19 19:49:18,726 INFO: UCFI,2024-06-25,Morning Star
2025-10-19 19:49:18,726 INFO: UCFI,2024-06-28,Dragonfly Doji
2025-10-19 19:49:18,726 INFO: UCFI,2024-07-23,Hammer
2025-10-19 19:49:18,726 INFO: UCFI,2024-07-24,Dragonfly Doji
2025-10-19 19:49:18,726 INFO: UCFI,2024-07-29,Hammer
2025-10-19 19:49:18,726 INFO: UCFI,2024-07-31,Bullish Engulfing
2025-10-19 19:49:18,726 INFO: UCFI,2024-08-01,Dragonfly Doji
2025-10-19 19:49:18,726 INFO: UCFI,2024-08-02,Dragonfly Doji
2025-10-19 19:49:18,726 INFO: UCFI,2024-08-12,Dragonfly Doji
2025-10-19 19:49:18,726 INFO: UCFI,2024-09-30,Dragonfly Doji
2025-10-19 19:49:18,728 INFO: UCFI,2024-10-01,Hammer
2025-10-19 19:49:18,734 INFO: UCFI,2024-10-23,Hammer
2025-10-19 19:49:18,734 INFO: UCFI,2024-11-07,Dragonfly Doji
2025-10-19 19:49:18,734 INFO: UCFI,2025-01-10,Hammer
2025-10-19 19:49:18,734 INFO: UCFI,2025-01-17,Dragonfly Doji
2025-10-19 19:49:18,734 INFO: UCFI,2025-01-29,Three White Soldiers
2025-10-19 19:49:18,734 INFO: UCFI,2025-02-27,Dragonfly Doji
2025-10-19 19:49:18,752 INFO: UCFI,2025-03-03,Dragonfly Doji
2025-10-19 19:49:18,752 INFO: UCFI,2025-03-06,Dragonfly Doji
2025-10-19 19:49:18,753 INFO: UCFI,2025-03-13,Morning Star
2025-10-19 19:49:18,753 INFO: UCFI,2025-04-29,Dragonfly Doji
2025-10-19 19:49:18,753 INFO: UCFI,2025-06-05,Hammer
2025-10-19 19:49:18,753 INFO: UCFI,2025-06-10,Hammer
2025-10-19 19:49:18,753 INFO: UCFI,2025-06-11,Bullish Engulfing
2025-10-19 19:49:18,753 INFO: UCFI,2025-06-16,Morning Star
2025-10-19 19:49:18,753 INFO: UCFI,2025-06-18,Bullish Engulfing
2025-10-19 19:49:18,753 INFO: UCFI,2025-07-02,Hammer
2025-10-19 19:49:18,756 INFO: UCFI,2025-07-09,Morning Star
2025-10-19 19:49:18,788 INFO: UCFI,2025-07-14,Three White Soldiers
2025-10-19 19:49:18,788 INFO: UCFI,2025-07-15,Hammer
2025-10-19 19:49:18,788 INFO: UCFI,2025-07-15,Three White Soldiers
2025-10-19 19:49:18,788 INFO: UCFI,2025-07-31,Bullish Engulfing
2025-10-19 19:49:18,788 INFO: UCFI,2025-07-31,Morning Star
2025-10-19 19:49:18,789 INFO: UCFI,2025-08-11,Dragonfly Doji
2025-10-19 19:49:18,789 INFO: UCFI,2025-08-18,Morning Star
2025-10-19 19:49:18,789 INFO: UCFI,2025-08-27,Morning Star
2025-10-19 19:49:18,790 INFO: UCFI,2025-09-02,Piercing Pattern
2025-10-19 19:49:18,790 INFO: UCFI,2025-09-25,Morning Star
2025-10-19 19:49:18,812 INFO: UCL,2023-07-07,Hammer
2025-10-19 19:49:18,813 INFO: UCL,2023-07-07,Dragonfly Doji
2025-10-19 19:49:18,814 INFO: UCL,2023-07-24,Hammer
2025-10-19 19:49:18,814 INFO: UCL,2023-07-25,Bullish Engulfing
2025-10-19 19:49:18,814 INFO: UCL,2023-07-25,Morning Star
2025-10-19 19:49:18,814 INFO: UCL,2023-08-09,Hammer
2025-10-19 19:49:18,815 INFO: UCL,2023-08-18,Piercing Pattern
2025-10-19 19:49:18,815 INFO: UCL,2023-08-21,Dragonfly Doji
2025-10-19 19:49:18,815 INFO: UCL,2023-08-31,Hammer
2025-10-19 19:49:18,815 INFO: UCL,2023-08-31,Three White Soldiers
2025-10-19 19:49:18,817 INFO: UCL,2023-09-07,Hammer
2025-10-19 19:49:18,817 INFO: UCL,2023-09-22,Piercing Pattern
2025-10-19 19:49:18,817 INFO: UCL,2023-09-26,Hammer
2025-10-19 19:49:18,817 INFO: UCL,2023-11-03,Morning Star
2025-10-19 19:49:18,817 INFO: UCL,2023-11-06,Three White Soldiers
2025-10-19 19:49:18,847 INFO: UCL,2023-11-13,Three White Soldiers
2025-10-19 19:49:18,848 INFO: UCL,2023-11-14,Three White Soldiers
2025-10-19 19:49:18,848 INFO: UCL,2023-11-21,Hammer
2025-10-19 19:49:18,848 INFO: UCL,2023-11-22,Morning Star
2025-10-19 19:49:18,876 INFO: UCL,2023-12-07,Hammer
2025-10-19 19:49:18,876 INFO: UCL,2023-12-13,Bullish Engulfing
2025-10-19 19:49:18,877 INFO: UCL,2023-12-18,Hammer
2025-10-19 19:49:18,878 INFO: UCL,2023-12-22,Hammer
2025-10-19 19:49:18,878 INFO: UCL,2023-12-22,Dragonfly Doji
2025-10-19 19:49:18,879 INFO: UCL,2024-01-03,Morning Star
2025-10-19 19:49:18,879 INFO: UCL,2024-01-11,Dragonfly Doji
2025-10-19 19:49:18,879 INFO: UCL,2024-01-18,Bullish Engulfing
2025-10-19 19:49:18,879 INFO: UCL,2024-01-18,Morning Star
2025-10-19 19:49:18,879 INFO: UCL,2024-01-29,Morning Star
2025-10-19 19:49:18,879 INFO: UCL,2024-02-07,Morning Star
2025-10-19 19:49:18,879 INFO: UCL,2024-02-09,Piercing Pattern
2025-10-19 19:49:18,879 INFO: UCL,2024-02-13,Dragonfly Doji
2025-10-19 19:49:18,880 INFO: UCL,2024-02-15,Piercing Pattern
2025-10-19 19:49:18,884 INFO: UCL,2024-03-07,Morning Star
2025-10-19 19:49:18,884 INFO: UCL,2024-03-20,Three White Soldiers
2025-10-19 19:49:18,884 INFO: UCL,2024-03-22,Hammer
2025-10-19 19:49:18,884 INFO: UCL,2024-03-22,Dragonfly Doji
2025-10-19 19:49:18,884 INFO: UCL,2024-03-28,Hammer
2025-10-19 19:49:18,885 INFO: UCL,2024-04-09,Three White Soldiers
2025-10-19 19:49:18,885 INFO: UCL,2024-04-12,Morning Star
2025-10-19 19:49:18,886 INFO: UCL,2024-04-16,Piercing Pattern
2025-10-19 19:49:18,886 INFO: UCL,2024-04-25,Hammer
2025-10-19 19:49:18,886 INFO: UCL,2024-05-29,Bullish Engulfing
2025-10-19 19:49:18,886 INFO: UCL,2024-05-29,Morning Star
2025-10-19 19:49:18,887 INFO: UCL,2024-05-31,Three White Soldiers
2025-10-19 19:49:18,887 INFO: UCL,2024-06-03,Three White Soldiers
2025-10-19 19:49:18,888 INFO: UCL,2024-06-05,Dragonfly Doji
2025-10-19 19:49:18,888 INFO: UCL,2024-06-20,Morning Star
2025-10-19 19:49:18,888 INFO: UCL,2024-06-25,Hammer
2025-10-19 19:49:18,888 INFO: UCL,2024-06-26,Hammer
2025-10-19 19:49:18,888 INFO: UCL,2024-08-07,Morning Star
2025-10-19 19:49:18,888 INFO: UCL,2024-08-13,Morning Star
2025-10-19 19:49:18,889 INFO: UCL,2024-08-23,Hammer
2025-10-19 19:49:18,914 INFO: UCL,2024-08-28,Hammer
2025-10-19 19:49:18,915 INFO: UCL,2024-09-12,Dragonfly Doji
2025-10-19 19:49:18,915 INFO: UCL,2024-09-17,Hammer
2025-10-19 19:49:18,915 INFO: UCL,2024-10-24,Hammer
2025-10-19 19:49:18,915 INFO: UCL,2024-11-11,Morning Star
2025-10-19 19:49:18,915 INFO: UCL,2024-11-14,Three White Soldiers
2025-10-19 19:49:18,915 INFO: UCL,2024-11-29,Morning Star
2025-10-19 19:49:18,915 INFO: UCL,2024-12-02,Three White Soldiers
2025-10-19 19:49:18,915 INFO: UCL,2024-12-03,Three White Soldiers
2025-10-19 19:49:18,916 INFO: UCL,2024-12-18,Morning Star
2025-10-19 19:49:18,916 INFO: UCL,2024-12-27,Morning Star
2025-10-19 19:49:18,932 INFO: UCL,2025-01-15,Morning Star
2025-10-19 19:49:18,942 INFO: UCL,2025-01-28,Piercing Pattern
2025-10-19 19:49:18,943 INFO: UCL,2025-01-30,Hammer
2025-10-19 19:49:18,949 INFO: UCL,2025-03-12,Hammer
2025-10-19 19:49:18,950 INFO: UCL,2025-03-13,Morning Star
2025-10-19 19:49:18,950 INFO: UCL,2025-03-20,Hammer
2025-10-19 19:49:18,956 INFO: UCL,2025-04-16,Hammer
2025-10-19 19:49:18,978 INFO: UCL,2025-04-16,Dragonfly Doji
2025-10-19 19:49:18,978 INFO: UCL,2025-04-25,Bullish Engulfing
2025-10-19 19:49:18,978 INFO: UCL,2025-05-08,Three White Soldiers
2025-10-19 19:49:18,978 INFO: UCL,2025-05-22,Morning Star
2025-10-19 19:49:18,978 INFO: UCL,2025-05-27,Three White Soldiers
2025-10-19 19:49:18,978 INFO: UCL,2025-05-28,Three White Soldiers
2025-10-19 19:49:18,978 INFO: UCL,2025-06-04,Morning Star
2025-10-19 19:49:18,978 INFO: UCL,2025-06-30,Bullish Engulfing
2025-10-19 19:49:18,979 INFO: UCL,2025-07-08,Bullish Engulfing
2025-10-19 19:49:18,979 INFO: UCL,2025-07-11,Hammer
2025-10-19 19:49:18,979 INFO: UCL,2025-07-14,Morning Star
2025-10-19 19:49:18,979 INFO: UCL,2025-07-16,Three White Soldiers
2025-10-19 19:49:18,979 INFO: UCL,2025-07-29,Hammer
2025-10-19 19:49:18,979 INFO: UCL,2025-08-07,Three White Soldiers
2025-10-19 19:49:18,979 INFO: UCL,2025-08-08,Three White Soldiers
2025-10-19 19:49:18,979 INFO: UCL,2025-08-12,Hammer
2025-10-19 19:49:18,979 INFO: UCL,2025-08-15,Three White Soldiers
2025-10-19 19:49:18,979 INFO: UCL,2025-09-02,Morning Star
2025-10-19 19:49:18,979 INFO: UCRD,2023-12-21,Morning Star
2025-10-19 19:49:18,979 INFO: UCRD,2023-12-27,Morning Star
2025-10-19 19:49:18,979 INFO: UCRD,2024-01-09,Morning Star
2025-10-19 19:49:18,979 INFO: UCRD,2024-01-12,Morning Star
2025-10-19 19:49:18,979 INFO: UCRD,2024-01-30,Three White Soldiers
2025-10-19 19:49:18,979 INFO: UCRD,2024-05-31,Three White Soldiers
2025-10-19 19:49:18,979 INFO: UCRD,2024-06-03,Three White Soldiers
2025-10-19 19:49:18,979 INFO: UCRD,2024-06-04,Three White Soldiers
2025-10-19 19:49:18,979 INFO: UCRD,2024-11-05,Morning Star
2025-10-19 19:49:18,980 INFO: UCRD,2024-11-15,Piercing Pattern
2025-10-19 19:49:18,980 INFO: UCRD,2025-04-24,Morning Star
2025-10-19 19:49:18,980 INFO: UCRD,2025-09-12,Morning Star
2025-10-19 19:49:18,980 INFO: UCRD,2025-09-23,Bullish Engulfing
2025-10-19 19:49:18,980 INFO: UCTT,2023-07-13,Morning Star
2025-10-19 19:49:18,980 INFO: UCTT,2023-07-26,Hammer
2025-10-19 19:49:18,980 INFO: UCTT,2023-07-26,Bullish Engulfing
2025-10-19 19:49:18,980 INFO: UCTT,2023-08-07,Three White Soldiers
2025-10-19 19:49:18,980 INFO: UCTT,2023-08-18,Bullish Engulfing
2025-10-19 19:49:18,980 INFO: UCTT,2023-08-23,Bullish Engulfing
2025-10-19 19:49:18,984 INFO: UCTT,2023-08-31,Three White Soldiers
2025-10-19 19:49:19,007 INFO: UCTT,2023-09-01,Three White Soldiers
2025-10-19 19:49:19,009 INFO: UCTT,2023-09-14,Three White Soldiers
2025-10-19 19:49:19,009 INFO: UCTT,2023-09-29,Three White Soldiers
2025-10-19 19:49:19,013 INFO: UCTT,2023-11-15,Morning Star
2025-10-19 19:49:19,013 INFO: UCTT,2023-11-20,Bullish Engulfing
2025-10-19 19:49:19,013 INFO: UCTT,2023-11-27,Bullish Engulfing
2025-10-19 19:49:19,013 INFO: UCTT,2023-12-01,Bullish Engulfing
2025-10-19 19:49:19,013 INFO: UCTT,2023-12-13,Bullish Engulfing
2025-10-19 19:49:19,013 INFO: UCTT,2023-12-18,Hammer
2025-10-19 19:49:19,013 INFO: UCTT,2023-12-19,Morning Star
2025-10-19 19:49:19,013 INFO: UCTT,2023-12-26,Three White Soldiers
2025-10-19 19:49:19,014 INFO: UCTT,2023-12-27,Three White Soldiers
2025-10-19 19:49:19,014 INFO: UCTT,2024-01-08,Morning Star
2025-10-19 19:49:19,014 INFO: UCTT,2024-01-16,Morning Star
2025-10-19 19:49:19,014 INFO: UCTT,2024-01-22,Three White Soldiers
2025-10-19 19:49:19,015 INFO: UCTT,2024-01-23,Three White Soldiers
2025-10-19 19:49:19,015 INFO: UCTT,2024-01-23,Dragonfly Doji
2025-10-19 19:49:19,015 INFO: UCTT,2024-01-29,Bullish Engulfing
2025-10-19 19:49:19,016 INFO: UCTT,2024-02-02,Three White Soldiers
2025-10-19 19:49:19,016 INFO: UCTT,2024-02-08,Three White Soldiers
2025-10-19 19:49:19,018 INFO: UCTT,2024-02-09,Three White Soldiers
2025-10-19 19:49:19,018 INFO: UCTT,2024-02-15,Three White Soldiers
2025-10-19 19:49:19,020 INFO: UCTT,2024-02-16,Three White Soldiers
2025-10-19 19:49:19,020 INFO: UCTT,2024-02-29,Hammer
2025-10-19 19:49:19,020 INFO: UCTT,2024-03-01,Morning Star
2025-10-19 19:49:19,023 INFO: UCTT,2024-03-05,Bullish Engulfing
2025-10-19 19:49:19,023 INFO: UCTT,2024-03-07,Three White Soldiers
2025-10-19 19:49:19,024 INFO: UCTT,2024-03-12,Hammer
2025-10-19 19:49:19,024 INFO: UCTT,2024-03-22,Piercing Pattern
2025-10-19 19:49:19,024 INFO: UCTT,2024-04-16,Piercing Pattern
2025-10-19 19:49:19,024 INFO: UCTT,2024-04-29,Three White Soldiers
2025-10-19 19:49:19,139 INFO: UCTT,2024-05-03,Hammer
2025-10-19 19:49:19,202 INFO: UCTT,2024-05-14,Piercing Pattern
2025-10-19 19:49:19,202 INFO: UCTT,2024-05-20,Morning Star
2025-10-19 19:49:19,202 INFO: UCTT,2024-05-29,Piercing Pattern
2025-10-19 19:49:19,202 INFO: UCTT,2024-06-10,Bullish Engulfing
2025-10-19 19:49:19,202 INFO: UCTT,2024-06-10,Morning Star
2025-10-19 19:49:19,203 INFO: UCTT,2024-06-12,Three White Soldiers
2025-10-19 19:49:19,206 INFO: UCTT,2024-06-14,Hammer
2025-10-19 19:49:19,206 INFO: UCTT,2024-07-02,Three White Soldiers
2025-10-19 19:49:19,206 INFO: UCTT,2024-07-03,Three White Soldiers
2025-10-19 19:49:19,206 INFO: UCTT,2024-07-10,Three White Soldiers
2025-10-19 19:49:19,206 INFO: UCTT,2024-07-16,Morning Star
2025-10-19 19:49:19,206 INFO: UCTT,2024-08-09,Morning Star
2025-10-19 19:49:19,206 INFO: UCTT,2024-09-10,Bullish Engulfing
2025-10-19 19:49:19,206 INFO: UCTT,2024-09-19,Hammer
2025-10-19 19:49:19,207 INFO: UCTT,2024-09-20,Morning Star
2025-10-19 19:49:19,207 INFO: UCTT,2024-10-09,Bullish Engulfing
2025-10-19 19:49:19,207 INFO: UCTT,2024-10-30,Morning Star
2025-10-19 19:49:19,207 INFO: UCTT,2024-11-06,Three White Soldiers
2025-10-19 19:49:19,207 INFO: UCTT,2024-11-07,Three White Soldiers
2025-10-19 19:49:19,207 INFO: UCTT,2024-11-19,Morning Star
2025-10-19 19:49:19,207 INFO: UCTT,2024-11-29,Morning Star
2025-10-19 19:49:19,207 INFO: UCTT,2024-12-23,Morning Star
2025-10-19 19:49:19,207 INFO: UCTT,2024-12-24,Three White Soldiers
2025-10-19 19:49:19,207 INFO: UCTT,2024-12-27,Hammer
2025-10-19 19:49:19,207 INFO: UCTT,2025-01-03,Three White Soldiers
2025-10-19 19:49:19,211 INFO: UCTT,2025-01-06,Three White Soldiers
2025-10-19 19:49:19,213 INFO: UCTT,2025-01-08,Hammer
2025-10-19 19:49:19,213 INFO: UCTT,2025-01-08,Dragonfly Doji
2025-10-19 19:49:19,213 INFO: UCTT,2025-01-29,Morning Star
2025-10-19 19:49:19,213 INFO: UCTT,2025-01-30,Three White Soldiers
2025-10-19 19:49:19,213 INFO: UCTT,2025-01-31,Three White Soldiers
2025-10-19 19:49:19,214 INFO: UCTT,2025-02-05,Three White Soldiers
2025-10-19 19:49:19,214 INFO: UCTT,2025-03-05,Morning Star
2025-10-19 19:49:19,214 INFO: UCTT,2025-03-14,Morning Star
2025-10-19 19:49:19,214 INFO: UCTT,2025-03-19,Bullish Engulfing
2025-10-19 19:49:19,239 INFO: UCTT,2025-03-21,Hammer
2025-10-19 19:49:19,239 INFO: UCTT,2025-04-02,Bullish Engulfing
2025-10-19 19:49:19,239 INFO: UCTT,2025-04-04,Hammer
2025-10-19 19:49:19,239 INFO: UCTT,2025-04-25,Three White Soldiers
2025-10-19 19:49:19,239 INFO: UCTT,2025-04-30,Dragonfly Doji
2025-10-19 19:49:19,239 INFO: UCTT,2025-05-07,Hammer
2025-10-19 19:49:19,239 INFO: UCTT,2025-05-08,Three White Soldiers
2025-10-19 19:49:19,240 INFO: UCTT,2025-06-04,Three White Soldiers
2025-10-19 19:49:19,240 INFO: UCTT,2025-06-09,Morning Star
2025-10-19 19:49:19,240 INFO: UCTT,2025-06-24,Morning Star
2025-10-19 19:49:19,240 INFO: UCTT,2025-06-27,Morning Star
2025-10-19 19:49:19,242 INFO: UCTT,2025-07-01,Bullish Engulfing
2025-10-19 19:49:19,242 INFO: UCTT,2025-07-11,Morning Star
2025-10-19 19:49:19,242 INFO: UCTT,2025-07-16,Hammer
2025-10-19 19:49:19,267 INFO: UCTT,2025-07-16,Bullish Engulfing
2025-10-19 19:49:19,274 INFO: UCTT,2025-07-28,Morning Star
2025-10-19 19:49:19,275 INFO: UCTT,2025-08-22,Morning Star
2025-10-19 19:49:19,275 INFO: UCTT,2025-09-11,Morning Star
2025-10-19 19:49:19,275 INFO: UCYB,2023-07-19,Three White Soldiers
2025-10-19 19:49:19,276 INFO: UCYB,2023-07-26,Hammer
2025-10-19 19:49:19,276 INFO: UCYB,2023-07-26,Morning Star
2025-10-19 19:49:19,276 INFO: UCYB,2023-07-26,Dragonfly Doji
2025-10-19 19:49:19,276 INFO: UCYB,2023-07-31,Morning Star
2025-10-19 19:49:19,276 INFO: UCYB,2023-08-31,Three White Soldiers
2025-10-19 19:49:19,276 INFO: UCYB,2023-10-09,Bullish Engulfing
2025-10-19 19:49:19,276 INFO: UCYB,2023-10-16,Morning Star
2025-10-19 19:49:19,276 INFO: UCYB,2023-10-24,Morning Star
2025-10-19 19:49:19,277 INFO: UCYB,2023-10-31,Morning Star
2025-10-19 19:49:19,277 INFO: UCYB,2023-11-01,Hammer
2025-10-19 19:49:19,277 INFO: UCYB,2023-11-02,Hammer
2025-10-19 19:49:19,277 INFO: UCYB,2023-11-02,Three White Soldiers
2025-10-19 19:49:19,277 INFO: UCYB,2023-11-03,Three White Soldiers
2025-10-19 19:49:19,277 INFO: UCYB,2023-11-13,Morning Star
2025-10-19 19:49:19,277 INFO: UCYB,2023-12-08,Morning Star
2025-10-19 19:49:19,303 INFO: UCYB,2023-12-13,Bullish Engulfing
2025-10-19 19:49:19,304 INFO: UCYB,2023-12-19,Three White Soldiers
2025-10-19 19:49:19,304 INFO: UCYB,2024-01-09,Three White Soldiers
2025-10-19 19:49:19,304 INFO: UCYB,2024-01-10,Three White Soldiers
2025-10-19 19:49:19,304 INFO: UCYB,2024-01-11,Three White Soldiers
2025-10-19 19:49:19,305 INFO: UCYB,2024-01-19,Three White Soldiers
2025-10-19 19:49:19,305 INFO: UCYB,2024-01-22,Hammer
2025-10-19 19:49:19,305 INFO: UCYB,2024-02-01,Hammer
2025-10-19 19:49:19,305 INFO: UCYB,2024-02-01,Dragonfly Doji
2025-10-19 19:49:19,305 INFO: UCYB,2024-02-02,Morning Star
2025-10-19 19:49:19,305 INFO: UCYB,2024-02-05,Hammer
2025-10-19 19:49:19,305 INFO: UCYB,2024-02-07,Morning Star
2025-10-19 19:49:19,305 INFO: UCYB,2024-02-09,Three White Soldiers
2025-10-19 19:49:19,306 INFO: UCYB,2024-02-15,Three White Soldiers
2025-10-19 19:49:19,306 INFO: UCYB,2024-02-26,Three White Soldiers
2025-10-19 19:49:19,306 INFO: UCYB,2024-02-27,Hammer
2025-10-19 19:49:19,306 INFO: UCYB,2024-02-27,Dragonfly Doji
2025-10-19 19:49:19,306 INFO: UCYB,2024-02-29,Hammer
2025-10-19 19:49:19,306 INFO: UCYB,2024-03-01,Bullish Engulfing
2025-10-19 19:49:19,306 INFO: UCYB,2024-03-01,Morning Star
2025-10-19 19:49:19,306 INFO: UCYB,2024-03-12,Morning Star
2025-10-19 19:49:19,308 INFO: UCYB,2024-03-27,Hammer
2025-10-19 19:49:19,308 INFO: UCYB,2024-05-03,Dragonfly Doji
2025-10-19 19:49:19,308 INFO: UCYB,2024-06-17,Morning Star
2025-10-19 19:49:19,308 INFO: UCYB,2024-07-16,Morning Star
2025-10-19 19:49:19,308 INFO: UCYB,2024-07-26,Morning Star
2025-10-19 19:49:19,308 INFO: UCYB,2024-08-08,Morning Star
2025-10-19 19:49:19,308 INFO: UCYB,2024-08-22,Hammer
2025-10-19 19:49:19,309 INFO: UCYB,2024-09-04,Hammer
2025-10-19 19:49:19,309 INFO: UCYB,2024-09-04,Dragonfly Doji
2025-10-19 19:49:19,309 INFO: UCYB,2024-09-11,Bullish Engulfing
2025-10-19 19:49:19,309 INFO: UCYB,2024-09-30,Piercing Pattern
2025-10-19 19:49:19,309 INFO: UCYB,2024-10-09,Morning Star
2025-10-19 19:49:19,310 INFO: UCYB,2024-10-10,Three White Soldiers
2025-10-19 19:49:19,310 INFO: UCYB,2024-11-08,Hammer
2025-10-19 19:49:19,310 INFO: UCYB,2024-11-11,Three White Soldiers
2025-10-19 19:49:19,310 INFO: UCYB,2024-11-12,Three White Soldiers
2025-10-19 19:49:19,310 INFO: UCYB,2024-11-19,Bullish Engulfing
2025-10-19 19:49:19,310 INFO: UCYB,2024-11-19,Morning Star
2025-10-19 19:49:19,310 INFO: UCYB,2024-11-21,Three White Soldiers
2025-10-19 19:49:19,310 INFO: UCYB,2024-11-22,Hammer
2025-10-19 19:49:19,310 INFO: UCYB,2024-11-22,Three White Soldiers
2025-10-19 19:49:19,310 INFO: UCYB,2024-12-13,Three White Soldiers
2025-10-19 19:49:19,310 INFO: UCYB,2024-12-16,Three White Soldiers
2025-10-19 19:49:19,311 INFO: UCYB,2024-12-20,Morning Star
2025-10-19 19:49:19,311 INFO: UCYB,2024-12-23,Hammer
2025-10-19 19:49:19,311 INFO: UCYB,2024-12-26,Three White Soldiers
2025-10-19 19:49:19,311 INFO: UCYB,2025-01-31,Morning Star
2025-10-19 19:49:19,311 INFO: UCYB,2025-02-03,Morning Star
2025-10-19 19:49:19,311 INFO: UCYB,2025-02-05,Three White Soldiers
2025-10-19 19:49:19,312 INFO: UCYB,2025-02-20,Hammer
2025-10-19 19:49:19,312 INFO: UCYB,2025-02-20,Dragonfly Doji
2025-10-19 19:49:19,312 INFO: UCYB,2025-03-04,Piercing Pattern
2025-10-19 19:49:19,312 INFO: UCYB,2025-03-07,Piercing Pattern
2025-10-19 19:49:19,313 INFO: UCYB,2025-03-12,Morning Star
2025-10-19 19:49:19,313 INFO: UCYB,2025-03-26,Hammer
2025-10-19 19:49:19,313 INFO: UCYB,2025-04-02,Hammer
2025-10-19 19:49:19,346 INFO: UCYB,2025-04-02,Three White Soldiers
2025-10-19 19:49:19,381 INFO: UCYB,2025-04-09,Bullish Engulfing
2025-10-19 19:49:19,381 INFO: UCYB,2025-04-10,Hammer
2025-10-19 19:49:19,383 INFO: UCYB,2025-04-11,Bullish Engulfing
2025-10-19 19:49:19,383 INFO: UCYB,2025-05-05,Morning Star
2025-10-19 19:49:19,412 INFO: UCYB,2025-05-07,Hammer
2025-10-19 19:49:19,413 INFO: UCYB,2025-05-20,Three White Soldiers
2025-10-19 19:49:19,413 INFO: UCYB,2025-06-11,Hammer
2025-10-19 19:49:19,414 INFO: UCYB,2025-06-13,Hammer
2025-10-19 19:49:19,414 INFO: UCYB,2025-06-13,Dragonfly Doji
2025-10-19 19:49:19,414 INFO: UCYB,2025-07-01,Hammer
2025-10-19 19:49:19,414 INFO: UCYB,2025-07-09,Morning Star
2025-10-19 19:49:19,414 INFO: UCYB,2025-07-16,Three White Soldiers
2025-10-19 19:49:19,414 INFO: UCYB,2025-07-21,Morning Star
2025-10-19 19:49:19,414 INFO: UCYB,2025-08-12,Morning Star
2025-10-19 19:49:19,414 INFO: UCYB,2025-08-27,Morning Star
2025-10-19 19:49:19,414 INFO: UCYB,2025-09-04,Hammer
2025-10-19 19:49:19,414 INFO: UCYB,2025-09-05,Three White Soldiers
2025-10-19 19:49:19,414 INFO: UCYB,2025-09-08,Three White Soldiers
2025-10-19 19:49:19,414 INFO: UDMY,2023-07-11,Three White Soldiers
2025-10-19 19:49:19,414 INFO: UDMY,2023-07-12,Hammer
2025-10-19 19:49:19,414 INFO: UDMY,2023-07-26,Bullish Engulfing
2025-10-19 19:49:19,415 INFO: UDMY,2023-08-01,Hammer
2025-10-19 19:49:19,415 INFO: UDMY,2023-08-11,Bullish Engulfing
2025-10-19 19:49:19,415 INFO: UDMY,2023-08-30,Bullish Engulfing
2025-10-19 19:49:19,416 INFO: UDMY,2023-09-05,Bullish Engulfing
2025-10-19 19:49:19,416 INFO: UDMY,2023-09-15,Hammer
2025-10-19 19:49:19,416 INFO: UDMY,2023-09-15,Dragonfly Doji
2025-10-19 19:49:19,416 INFO: UDMY,2023-09-25,Bullish Engulfing
2025-10-19 19:49:19,417 INFO: UDMY,2023-09-28,Morning Star
2025-10-19 19:49:19,418 INFO: UDMY,2023-10-04,Bullish Engulfing
2025-10-19 19:49:19,419 INFO: UDMY,2023-10-10,Three White Soldiers
2025-10-19 19:49:19,420 INFO: UDMY,2023-10-11,Three White Soldiers
2025-10-19 19:49:19,420 INFO: UDMY,2023-10-16,Hammer
2025-10-19 19:49:19,420 INFO: UDMY,2023-10-30,Hammer
2025-10-19 19:49:19,421 INFO: UDMY,2023-11-01,Hammer
2025-10-19 19:49:19,421 INFO: UDMY,2023-11-07,Piercing Pattern
2025-10-19 19:49:19,421 INFO: UDMY,2023-11-10,Bullish Engulfing
2025-10-19 19:49:19,421 INFO: UDMY,2023-11-14,Three White Soldiers
2025-10-19 19:49:19,421 INFO: UDMY,2023-11-15,Three White Soldiers
2025-10-19 19:49:19,452 INFO: UDMY,2023-11-16,Three White Soldiers
2025-10-19 19:49:19,488 INFO: UDMY,2023-11-20,Bullish Engulfing
2025-10-19 19:49:19,488 INFO: UDMY,2023-11-30,Bullish Engulfing
2025-10-19 19:49:19,488 INFO: UDMY,2023-12-07,Hammer
2025-10-19 19:49:19,488 INFO: UDMY,2023-12-26,Morning Star
2025-10-19 19:49:19,489 INFO: UDMY,2023-12-28,Hammer
2025-10-19 19:49:19,489 INFO: UDMY,2024-01-11,Three White Soldiers
2025-10-19 19:49:19,490 INFO: UDMY,2024-01-19,Hammer
2025-10-19 19:49:19,490 INFO: UDMY,2024-01-23,Three White Soldiers
2025-10-19 19:49:19,490 INFO: UDMY,2024-01-24,Three White Soldiers
2025-10-19 19:49:19,490 INFO: UDMY,2024-01-26,Bullish Engulfing
2025-10-19 19:49:19,490 INFO: UDMY,2024-02-07,Hammer
2025-10-19 19:49:19,490 INFO: UDMY,2024-02-23,Piercing Pattern
2025-10-19 19:49:19,490 INFO: UDMY,2024-02-27,Three White Soldiers
2025-10-19 19:49:19,490 INFO: UDMY,2024-02-28,Three White Soldiers
2025-10-19 19:49:19,490 INFO: UDMY,2024-03-13,Three White Soldiers
2025-10-19 19:49:19,491 INFO: UDMY,2024-04-08,Morning Star
2025-10-19 19:49:19,492 INFO: UDMY,2024-04-16,Hammer
2025-10-19 19:49:19,492 INFO: UDMY,2024-04-26,Morning Star
2025-10-19 19:49:19,492 INFO: UDMY,2024-04-30,Hammer
2025-10-19 19:49:19,492 INFO: UDMY,2024-05-16,Morning Star
2025-10-19 19:49:19,495 INFO: UDMY,2024-05-17,Hammer
2025-10-19 19:49:19,495 INFO: UDMY,2024-06-07,Three White Soldiers
2025-10-19 19:49:19,556 INFO: UDMY,2024-06-10,Three White Soldiers
2025-10-19 19:49:19,589 INFO: UDMY,2024-06-26,Hammer
2025-10-19 19:49:19,589 INFO: UDMY,2024-07-02,Hammer
2025-10-19 19:49:19,589 INFO: UDMY,2024-07-22,Morning Star
2025-10-19 19:49:19,589 INFO: UDMY,2024-07-26,Morning Star
2025-10-19 19:49:19,589 INFO: UDMY,2024-08-13,Piercing Pattern
2025-10-19 19:49:19,617 INFO: UDMY,2024-08-19,Three White Soldiers
2025-10-19 19:49:19,620 INFO: UDMY,2024-08-20,Hammer
2025-10-19 19:49:19,621 INFO: UDMY,2024-08-20,Three White Soldiers
2025-10-19 19:49:19,621 INFO: UDMY,2024-08-21,Three White Soldiers
2025-10-19 19:49:19,621 INFO: UDMY,2024-08-23,Piercing Pattern
2025-10-19 19:49:19,716 INFO: UDMY,2024-08-29,Morning Star
2025-10-19 19:49:19,717 INFO: UDMY,2024-09-13,Three White Soldiers
2025-10-19 19:49:19,717 INFO: UDMY,2024-09-20,Hammer
2025-10-19 19:49:19,718 INFO: UDMY,2024-10-04,Hammer
2025-10-19 19:49:19,718 INFO: UDMY,2024-10-09,Morning Star
2025-10-19 19:49:19,718 INFO: UDMY,2024-10-14,Three White Soldiers
2025-10-19 19:49:19,718 INFO: UDMY,2024-10-15,Three White Soldiers
2025-10-19 19:49:19,718 INFO: UDMY,2024-10-16,Three White Soldiers
2025-10-19 19:49:19,718 INFO: UDMY,2024-10-21,Hammer
2025-10-19 19:49:19,718 INFO: UDMY,2024-10-28,Morning Star
2025-10-19 19:49:19,719 INFO: UDMY,2024-11-07,Bullish Engulfing
2025-10-19 19:49:19,719 INFO: UDMY,2024-11-21,Hammer
2025-10-19 19:49:19,719 INFO: UDMY,2024-11-25,Three White Soldiers
2025-10-19 19:49:19,719 INFO: UDMY,2024-12-10,Bullish Engulfing
2025-10-19 19:49:19,719 INFO: UDMY,2024-12-20,Piercing Pattern
2025-10-19 19:49:19,719 INFO: UDMY,2024-12-24,Hammer
2025-10-19 19:49:19,720 INFO: UDMY,2024-12-26,Bullish Engulfing
2025-10-19 19:49:19,720 INFO: UDMY,2025-01-08,Piercing Pattern
2025-10-19 19:49:19,720 INFO: UDMY,2025-01-14,Dragonfly Doji
2025-10-19 19:49:19,720 INFO: UDMY,2025-01-21,Hammer
2025-10-19 19:49:19,721 INFO: UDMY,2025-01-27,Three White Soldiers
2025-10-19 19:49:19,721 INFO: UDMY,2025-01-28,Three White Soldiers
2025-10-19 19:49:19,721 INFO: UDMY,2025-02-07,Piercing Pattern
2025-10-19 19:49:19,721 INFO: UDMY,2025-02-14,Three White Soldiers
2025-10-19 19:49:19,721 INFO: UDMY,2025-02-18,Hammer
2025-10-19 19:49:19,721 INFO: UDMY,2025-02-18,Dragonfly Doji
2025-10-19 19:49:19,721 INFO: UDMY,2025-02-19,Bullish Engulfing
2025-10-19 19:49:19,722 INFO: UDMY,2025-02-24,Hammer
2025-10-19 19:49:19,729 INFO: UDMY,2025-02-28,Hammer
2025-10-19 19:49:19,729 INFO: UDMY,2025-03-04,Piercing Pattern
2025-10-19 19:49:19,729 INFO: UDMY,2025-03-13,Hammer
2025-10-19 19:49:19,729 INFO: UDMY,2025-03-18,Three White Soldiers
2025-10-19 19:49:19,729 INFO: UDMY,2025-03-19,Three White Soldiers
2025-10-19 19:49:19,791 INFO: UDMY,2025-04-01,Piercing Pattern
2025-10-19 19:49:19,791 INFO: UDMY,2025-04-09,Bullish Engulfing
2025-10-19 19:49:19,791 INFO: UDMY,2025-04-16,Hammer
2025-10-19 19:49:19,891 INFO: UDMY,2025-04-24,Three White Soldiers
2025-10-19 19:49:19,891 INFO: UDMY,2025-04-25,Three White Soldiers
2025-10-19 19:49:19,891 INFO: UDMY,2025-05-06,Bullish Engulfing
2025-10-19 19:49:19,891 INFO: UDMY,2025-05-22,Piercing Pattern
2025-10-19 19:49:19,892 INFO: UDMY,2025-05-27,Three White Soldiers
2025-10-19 19:49:19,892 INFO: UDMY,2025-05-28,Three White Soldiers
2025-10-19 19:49:19,892 INFO: UDMY,2025-06-03,Three White Soldiers
2025-10-19 19:49:19,892 INFO: UDMY,2025-06-06,Hammer
2025-10-19 19:49:19,892 INFO: UDMY,2025-06-26,Hammer
2025-10-19 19:49:19,892 INFO: UDMY,2025-07-01,Bullish Engulfing
2025-10-19 19:49:19,929 INFO: UDMY,2025-07-09,Morning Star
2025-10-19 19:49:19,930 INFO: UDMY,2025-07-14,Piercing Pattern
2025-10-19 19:49:19,930 INFO: UDMY,2025-07-16,Three White Soldiers
2025-10-19 19:49:19,930 INFO: UDMY,2025-07-17,Three White Soldiers
2025-10-19 19:49:19,930 INFO: UDMY,2025-07-23,Hammer
2025-10-19 19:49:19,930 INFO: UDMY,2025-08-19,Hammer
2025-10-19 19:49:19,930 INFO: UDMY,2025-08-21,Bullish Engulfing
2025-10-19 19:49:19,930 INFO: UDMY,2025-09-04,Hammer
2025-10-19 19:49:19,930 INFO: UDMY,2025-09-08,Hammer
2025-10-19 19:49:19,930 INFO: UDMY,2025-09-16,Piercing Pattern
2025-10-19 19:49:19,962 INFO: UDMY,2025-09-18,Three White Soldiers
2025-10-19 19:49:19,991 INFO: UDMY,2025-09-25,Hammer
2025-10-19 19:49:19,991 INFO: UDMY,2025-09-29,Three White Soldiers
2025-10-19 19:49:19,992 INFO: UEIC,2023-07-05,Hammer
2025-10-19 19:49:19,992 INFO: UEIC,2023-07-07,Bullish Engulfing
2025-10-19 19:49:20,027 INFO: UEIC,2023-07-14,Bullish Engulfing
2025-10-19 19:49:20,029 INFO: UEIC,2023-07-20,Hammer
2025-10-19 19:49:20,030 INFO: UEIC,2023-07-20,Three White Soldiers
2025-10-19 19:49:20,030 INFO: UEIC,2023-07-21,Hammer
2025-10-19 19:49:20,030 INFO: UEIC,2023-07-24,Bullish Engulfing
2025-10-19 19:49:20,030 INFO: UEIC,2023-08-09,Hammer
2025-10-19 19:49:20,030 INFO: UEIC,2023-08-29,Piercing Pattern
2025-10-19 19:49:20,030 INFO: UEIC,2023-09-05,Hammer
2025-10-19 19:49:20,031 INFO: UEIC,2023-09-07,Bullish Engulfing
2025-10-19 19:49:20,031 INFO: UEIC,2023-09-12,Morning Star
2025-10-19 19:49:20,031 INFO: UEIC,2023-09-28,Morning Star
2025-10-19 19:49:20,032 INFO: UEIC,2023-10-04,Hammer
2025-10-19 19:49:20,032 INFO: UEIC,2023-10-05,Three White Soldiers
2025-10-19 19:49:20,032 INFO: UEIC,2023-10-13,Hammer
2025-10-19 19:49:20,032 INFO: UEIC,2023-10-16,Morning Star
2025-10-19 19:49:20,032 INFO: UEIC,2023-10-19,Bullish Engulfing
2025-10-19 19:49:20,032 INFO: UEIC,2023-10-30,Dragonfly Doji
2025-10-19 19:49:20,032 INFO: UEIC,2023-10-31,Hammer
2025-10-19 19:49:20,032 INFO: UEIC,2023-11-17,Hammer
2025-10-19 19:49:20,032 INFO: UEIC,2023-11-28,Hammer
2025-10-19 19:49:20,032 INFO: UEIC,2023-12-13,Bullish Engulfing
2025-10-19 19:49:20,032 INFO: UEIC,2023-12-15,Hammer
2025-10-19 19:49:20,032 INFO: UEIC,2023-12-15,Three White Soldiers
2025-10-19 19:49:20,033 INFO: UEIC,2023-12-28,Three White Soldiers
2025-10-19 19:49:20,033 INFO: UEIC,2023-12-29,Three White Soldiers
2025-10-19 19:49:20,033 INFO: UEIC,2024-01-02,Three White Soldiers
2025-10-19 19:49:20,034 INFO: UEIC,2024-01-08,Morning Star
2025-10-19 19:49:20,034 INFO: UEIC,2024-01-23,Three White Soldiers
2025-10-19 19:49:20,034 INFO: UEIC,2024-01-25,Hammer
2025-10-19 19:49:20,034 INFO: UEIC,2024-01-26,Hammer
2025-10-19 19:49:20,034 INFO: UEIC,2024-01-26,Dragonfly Doji
2025-10-19 19:49:20,034 INFO: UEIC,2024-02-09,Morning Star
2025-10-19 19:49:20,035 INFO: UEIC,2024-02-15,Morning Star
2025-10-19 19:49:20,035 INFO: UEIC,2024-02-23,Piercing Pattern
2025-10-19 19:49:20,035 INFO: UEIC,2024-03-08,Morning Star
2025-10-19 19:49:20,035 INFO: UEIC,2024-03-13,Hammer
2025-10-19 19:49:20,035 INFO: UEIC,2024-03-14,Bullish Engulfing
2025-10-19 19:49:20,035 INFO: UEIC,2024-03-18,Three White Soldiers
2025-10-19 19:49:20,036 INFO: UEIC,2024-03-19,Three White Soldiers
2025-10-19 19:49:20,036 INFO: UEIC,2024-04-04,Three White Soldiers
2025-10-19 19:49:20,036 INFO: UEIC,2024-04-05,Three White Soldiers
2025-10-19 19:49:20,036 INFO: UEIC,2024-04-11,Hammer
2025-10-19 19:49:20,036 INFO: UEIC,2024-04-17,Hammer
2025-10-19 19:49:20,037 INFO: UEIC,2024-04-17,Dragonfly Doji
2025-10-19 19:49:20,037 INFO: UEIC,2024-04-29,Three White Soldiers
2025-10-19 19:49:20,038 INFO: UEIC,2024-04-30,Three White Soldiers
2025-10-19 19:49:20,068 INFO: UEIC,2024-05-02,Hammer
2025-10-19 19:49:20,069 INFO: UEIC,2024-05-07,Three White Soldiers
2025-10-19 19:49:20,069 INFO: UEIC,2024-05-08,Three White Soldiers
2025-10-19 19:49:20,069 INFO: UEIC,2024-05-22,Bullish Engulfing
2025-10-19 19:49:20,069 INFO: UEIC,2024-05-24,Three White Soldiers
2025-10-19 19:49:20,069 INFO: UEIC,2024-05-30,Morning Star
2025-10-19 19:49:20,071 INFO: UEIC,2024-05-31,Three White Soldiers
2025-10-19 19:49:20,071 INFO: UEIC,2024-06-14,Hammer
2025-10-19 19:49:20,071 INFO: UEIC,2024-06-21,Morning Star
2025-10-19 19:49:20,073 INFO: UEIC,2024-06-28,Three White Soldiers
2025-10-19 19:49:20,073 INFO: UEIC,2024-07-02,Dragonfly Doji
2025-10-19 19:49:20,073 INFO: UEIC,2024-07-03,Morning Star
2025-10-19 19:49:20,073 INFO: UEIC,2024-07-08,Bullish Engulfing
2025-10-19 19:49:20,073 INFO: UEIC,2024-07-09,Hammer
2025-10-19 19:49:20,073 INFO: UEIC,2024-07-22,Hammer
2025-10-19 19:49:20,073 INFO: UEIC,2024-07-22,Three White Soldiers
2025-10-19 19:49:20,073 INFO: UEIC,2024-08-27,Bullish Engulfing
2025-10-19 19:49:20,073 INFO: UEIC,2024-08-28,Hammer
2025-10-19 19:49:20,074 INFO: UEIC,2024-08-29,Three White Soldiers
2025-10-19 19:49:20,077 INFO: UEIC,2024-08-30,Three White Soldiers
2025-10-19 19:49:20,077 INFO: UEIC,2024-09-20,Bullish Engulfing
2025-10-19 19:49:20,077 INFO: UEIC,2024-09-20,Morning Star
2025-10-19 19:49:20,077 INFO: UEIC,2024-09-24,Piercing Pattern
2025-10-19 19:49:20,077 INFO: UEIC,2024-09-27,Hammer
2025-10-19 19:49:20,077 INFO: UEIC,2024-10-08,Hammer
2025-10-19 19:49:20,078 INFO: UEIC,2024-10-17,Hammer
2025-10-19 19:49:20,139 INFO: UEIC,2024-10-23,Piercing Pattern
2025-10-19 19:49:20,140 INFO: UEIC,2024-10-30,Three White Soldiers
2025-10-19 19:49:20,140 INFO: UEIC,2024-10-31,Hammer
2025-10-19 19:49:20,140 INFO: UEIC,2024-11-05,Bullish Engulfing
2025-10-19 19:49:20,140 INFO: UEIC,2024-11-14,Piercing Pattern
2025-10-19 19:49:20,140 INFO: UEIC,2024-11-18,Three White Soldiers
2025-10-19 19:49:20,140 INFO: UEIC,2024-11-19,Three White Soldiers
2025-10-19 19:49:20,140 INFO: UEIC,2024-11-20,Three White Soldiers
2025-10-19 19:49:20,140 INFO: UEIC,2024-12-16,Bullish Engulfing
2025-10-19 19:49:20,141 INFO: UEIC,2024-12-24,Dragonfly Doji
2025-10-19 19:49:20,141 INFO: UEIC,2024-12-26,Bullish Engulfing
2025-10-19 19:49:20,141 INFO: UEIC,2024-12-26,Morning Star
2025-10-19 19:49:20,141 INFO: UEIC,2024-12-27,Dragonfly Doji
2025-10-19 19:49:20,141 INFO: UEIC,2025-01-03,Hammer
2025-10-19 19:49:20,141 INFO: UEIC,2025-01-08,Hammer
2025-10-19 19:49:20,141 INFO: UEIC,2025-01-14,Morning Star
2025-10-19 19:49:20,141 INFO: UEIC,2025-01-21,Three White Soldiers
2025-10-19 19:49:20,141 INFO: UEIC,2025-01-22,Three White Soldiers
2025-10-19 19:49:20,141 INFO: UEIC,2025-02-05,Dragonfly Doji
2025-10-19 19:49:20,141 INFO: UEIC,2025-03-06,Hammer
2025-10-19 19:49:20,141 INFO: UEIC,2025-03-13,Hammer
2025-10-19 19:49:20,141 INFO: UEIC,2025-04-02,Bullish Engulfing
2025-10-19 19:49:20,142 INFO: UEIC,2025-04-09,Piercing Pattern
2025-10-19 19:49:20,142 INFO: UEIC,2025-04-14,Morning Star
2025-10-19 19:49:20,142 INFO: UEIC,2025-04-17,Piercing Pattern
2025-10-19 19:49:20,142 INFO: UEIC,2025-04-24,Hammer
2025-10-19 19:49:20,142 INFO: UEIC,2025-04-25,Hammer
2025-10-19 19:49:20,144 INFO: UEIC,2025-04-30,Morning Star
2025-10-19 19:49:20,144 INFO: UEIC,2025-05-02,Hammer
2025-10-19 19:49:20,144 INFO: UEIC,2025-05-05,Bullish Engulfing
2025-10-19 19:49:20,171 INFO: UEIC,2025-05-05,Morning Star
2025-10-19 19:49:20,176 INFO: UEIC,2025-05-07,Three White Soldiers
2025-10-19 19:49:20,177 INFO: UEIC,2025-05-08,Three White Soldiers
2025-10-19 19:49:20,177 INFO: UEIC,2025-05-09,Three White Soldiers
2025-10-19 19:49:20,177 INFO: UEIC,2025-05-12,Hammer
2025-10-19 19:49:20,177 INFO: UEIC,2025-05-12,Three White Soldiers
2025-10-19 19:49:20,178 INFO: UEIC,2025-05-13,Three White Soldiers
2025-10-19 19:49:20,208 INFO: UEIC,2025-05-14,Three White Soldiers
2025-10-19 19:49:20,208 INFO: UEIC,2025-05-15,Three White Soldiers
2025-10-19 19:49:20,239 INFO: UEIC,2025-05-22,Piercing Pattern
2025-10-19 19:49:20,240 INFO: UEIC,2025-05-29,Bullish Engulfing
2025-10-19 19:49:20,240 INFO: UEIC,2025-06-20,Morning Star
2025-10-19 19:49:20,240 INFO: UEIC,2025-06-30,Morning Star
2025-10-19 19:49:20,240 INFO: UEIC,2025-07-01,Three White Soldiers
2025-10-19 19:49:20,242 INFO: UEIC,2025-07-02,Three White Soldiers
2025-10-19 19:49:20,242 INFO: UEIC,2025-07-03,Three White Soldiers
2025-10-19 19:49:20,242 INFO: UEIC,2025-07-17,Bullish Engulfing
2025-10-19 19:49:20,242 INFO: UEIC,2025-08-01,Bullish Engulfing
2025-10-19 19:49:20,242 INFO: UEIC,2025-08-01,Morning Star
2025-10-19 19:49:20,242 INFO: UEIC,2025-08-04,Hammer
2025-10-19 19:49:20,244 INFO: UEIC,2025-08-15,Hammer
2025-10-19 19:49:20,244 INFO: UEIC,2025-08-25,Three White Soldiers
2025-10-19 19:49:20,244 INFO: UEVM,2023-07-10,Morning Star
2025-10-19 19:49:20,244 INFO: UEVM,2023-07-12,Three White Soldiers
2025-10-19 19:49:20,244 INFO: UEVM,2023-07-13,Three White Soldiers
2025-10-19 19:49:20,244 INFO: UEVM,2023-07-18,Morning Star
2025-10-19 19:49:20,244 INFO: UEVM,2023-07-19,Hammer
2025-10-19 19:49:20,247 INFO: UEVM,2023-07-20,Bullish Engulfing
2025-10-19 19:49:20,283 INFO: UEVM,2023-07-31,Morning Star
2025-10-19 19:49:20,284 INFO: UEVM,2023-08-23,Three White Soldiers
2025-10-19 19:49:20,284 INFO: UEVM,2023-08-28,Hammer
2025-10-19 19:49:20,285 INFO: UEVM,2023-08-28,Morning Star
2025-10-19 19:49:20,285 INFO: UEVM,2023-10-11,Three White Soldiers
2025-10-19 19:49:20,287 INFO: UEVM,2023-11-03,Three White Soldiers
2025-10-19 19:49:20,287 INFO: UEVM,2023-11-06,Hammer
2025-10-19 19:49:20,287 INFO: UEVM,2023-12-14,Three White Soldiers
2025-10-19 19:49:20,287 INFO: UEVM,2023-12-19,Bullish Engulfing
2025-10-19 19:49:20,287 INFO: UEVM,2023-12-27,Morning Star
2025-10-19 19:49:20,287 INFO: UEVM,2024-01-19,Three White Soldiers
2025-10-19 19:49:20,288 INFO: UEVM,2024-01-23,Bullish Engulfing
2025-10-19 19:49:20,288 INFO: UEVM,2024-02-20,Hammer
2025-10-19 19:49:20,288 INFO: UEVM,2024-03-12,Bullish Engulfing
2025-10-19 19:49:20,288 INFO: UEVM,2024-04-09,Three White Soldiers
2025-10-19 19:49:20,288 INFO: UEVM,2024-04-19,Bullish Engulfing
2025-10-19 19:49:20,288 INFO: UEVM,2024-04-23,Three White Soldiers
2025-10-19 19:49:20,288 INFO: UEVM,2024-04-29,Three White Soldiers
2025-10-19 19:49:20,288 INFO: UEVM,2024-05-14,Morning Star
2025-10-19 19:49:20,289 INFO: UEVM,2024-05-16,Three White Soldiers
2025-10-19 19:49:20,289 INFO: UEVM,2024-05-17,Three White Soldiers
2025-10-19 19:49:20,289 INFO: UEVM,2024-05-21,Hammer
2025-10-19 19:49:20,289 INFO: UEVM,2024-06-03,Hammer
2025-10-19 19:49:20,290 INFO: UEVM,2024-07-05,Three White Soldiers
2025-10-19 19:49:20,290 INFO: UEVM,2024-07-10,Morning Star
2025-10-19 19:49:20,290 INFO: UEVM,2024-07-26,Morning Star
2025-10-19 19:49:20,291 INFO: UEVM,2024-08-02,Hammer
2025-10-19 19:49:20,291 INFO: UEVM,2024-08-02,Dragonfly Doji
2025-10-19 19:49:20,291 INFO: UEVM,2024-08-16,Hammer
2025-10-19 19:49:20,291 INFO: UEVM,2024-08-28,Hammer
2025-10-19 19:49:20,291 INFO: UEVM,2024-08-29,Piercing Pattern
2025-10-19 19:49:20,291 INFO: UEVM,2024-08-30,Hammer
2025-10-19 19:49:20,291 INFO: UEVM,2024-09-10,Hammer
2025-10-19 19:49:20,291 INFO: UEVM,2024-09-11,Bullish Engulfing
2025-10-19 19:49:20,291 INFO: UEVM,2024-09-13,Three White Soldiers
2025-10-19 19:49:20,291 INFO: UEVM,2024-09-16,Hammer
2025-10-19 19:49:20,291 INFO: UEVM,2024-09-19,Morning Star
2025-10-19 19:49:20,292 INFO: UEVM,2024-09-27,Morning Star
2025-10-19 19:49:20,292 INFO: UEVM,2024-10-01,Piercing Pattern
2025-10-19 19:49:20,292 INFO: UEVM,2024-10-07,Three White Soldiers
2025-10-19 19:49:20,292 INFO: UEVM,2024-10-08,Hammer
2025-10-19 19:49:20,292 INFO: UEVM,2024-10-11,Three White Soldiers
2025-10-19 19:49:20,292 INFO: UEVM,2024-11-06,Morning Star
2025-10-19 19:49:20,292 INFO: UEVM,2024-11-08,Hammer
2025-10-19 19:49:20,292 INFO: UEVM,2024-11-08,Dragonfly Doji
2025-10-19 19:49:20,292 INFO: UEVM,2024-11-15,Hammer
2025-10-19 19:49:20,292 INFO: UEVM,2024-11-18,Morning Star
2025-10-19 19:49:20,292 INFO: UEVM,2024-12-02,Morning Star
2025-10-19 19:49:20,292 INFO: UEVM,2024-12-20,Morning Star
2025-10-19 19:49:20,292 INFO: UEVM,2025-01-14,Morning Star
2025-10-19 19:49:20,320 INFO: UEVM,2025-01-15,Three White Soldiers
2025-10-19 19:49:20,320 INFO: UEVM,2025-01-24,Morning Star
2025-10-19 19:49:20,320 INFO: UEVM,2025-02-04,Morning Star
2025-10-19 19:49:20,320 INFO: UEVM,2025-02-13,Three White Soldiers
2025-10-19 19:49:20,326 INFO: UEVM,2025-02-20,Morning Star
2025-10-19 19:49:20,326 INFO: UEVM,2025-02-28,Hammer
2025-10-19 19:49:20,326 INFO: UEVM,2025-03-04,Piercing Pattern
2025-10-19 19:49:20,326 INFO: UEVM,2025-03-12,Morning Star
2025-10-19 19:49:20,326 INFO: UEVM,2025-03-14,Three White Soldiers
2025-10-19 19:49:20,327 INFO: UEVM,2025-03-17,Three White Soldiers
2025-10-19 19:49:20,327 INFO: UEVM,2025-03-18,Three White Soldiers
2025-10-19 19:49:20,327 INFO: UEVM,2025-04-30,Bullish Engulfing
2025-10-19 19:49:20,327 INFO: UEVM,2025-05-12,Hammer
2025-10-19 19:49:20,328 INFO: UEVM,2025-05-14,Hammer
2025-10-19 19:49:20,328 INFO: UEVM,2025-06-03,Three White Soldiers
2025-10-19 19:49:20,333 INFO: UEVM,2025-06-04,Three White Soldiers
2025-10-19 19:49:20,333 INFO: UEVM,2025-07-22,Morning Star
2025-10-19 19:49:20,333 INFO: UEVM,2025-07-23,Three White Soldiers
2025-10-19 19:49:20,366 INFO: UEVM,2025-07-24,Hammer
2025-10-19 19:49:20,397 INFO: UEVM,2025-07-24,Dragonfly Doji
2025-10-19 19:49:20,398 INFO: UEVM,2025-08-06,Hammer
2025-10-19 19:49:20,398 INFO: UEVM,2025-08-07,Hammer
2025-10-19 19:49:20,398 INFO: UEVM,2025-08-18,Three White Soldiers
2025-10-19 19:49:20,398 INFO: UEVM,2025-09-08,Hammer
2025-10-19 19:49:20,398 INFO: UEVM,2025-09-22,Bullish Engulfing
2025-10-19 19:49:20,399 INFO: UFCS,2023-07-12,Morning Star
2025-10-19 19:49:20,400 INFO: UFCS,2023-07-14,Hammer
2025-10-19 19:49:20,400 INFO: UFCS,2023-07-18,Hammer
2025-10-19 19:49:20,400 INFO: UFCS,2023-07-24,Piercing Pattern
2025-10-19 19:49:20,401 INFO: UFCS,2023-07-28,Piercing Pattern
2025-10-19 19:49:20,401 INFO: UFCS,2023-08-03,Bullish Engulfing
2025-10-19 19:49:20,401 INFO: UFCS,2023-08-07,Piercing Pattern
2025-10-19 19:49:20,401 INFO: UFCS,2023-08-17,Morning Star
2025-10-19 19:49:20,401 INFO: UFCS,2023-08-18,Three White Soldiers
2025-10-19 19:49:20,401 INFO: UFCS,2023-08-21,Three White Soldiers
2025-10-19 19:49:20,401 INFO: UFCS,2023-08-22,Three White Soldiers
2025-10-19 19:49:20,468 INFO: UFCS,2023-08-23,Three White Soldiers
2025-10-19 19:49:20,470 INFO: UFCS,2023-08-24,Hammer
2025-10-19 19:49:20,470 INFO: UFCS,2023-08-24,Three White Soldiers
2025-10-19 19:49:20,472 INFO: UFCS,2023-09-01,Bullish Engulfing
2025-10-19 19:49:20,472 INFO: UFCS,2023-09-11,Hammer
2025-10-19 19:49:20,476 INFO: UFCS,2023-09-12,Morning Star
2025-10-19 19:49:20,476 INFO: UFCS,2023-09-13,Three White Soldiers
2025-10-19 19:49:20,476 INFO: UFCS,2023-09-14,Three White Soldiers
2025-10-19 19:49:20,476 INFO: UFCS,2023-09-22,Morning Star
2025-10-19 19:49:20,476 INFO: UFCS,2023-09-25,Three White Soldiers
2025-10-19 19:49:20,477 INFO: UFCS,2023-10-04,Morning Star
2025-10-19 19:49:20,477 INFO: UFCS,2023-10-11,Piercing Pattern
2025-10-19 19:49:20,477 INFO: UFCS,2023-10-13,Piercing Pattern
2025-10-19 19:49:20,477 INFO: UFCS,2023-10-17,Three White Soldiers
2025-10-19 19:49:20,477 INFO: UFCS,2023-11-01,Piercing Pattern
2025-10-19 19:49:20,477 INFO: UFCS,2023-11-13,Piercing Pattern
2025-10-19 19:49:20,477 INFO: UFCS,2023-11-22,Three White Soldiers
2025-10-19 19:49:20,477 INFO: UFCS,2023-11-30,Bullish Engulfing
2025-10-19 19:49:20,477 INFO: UFCS,2023-12-04,Three White Soldiers
2025-10-19 19:49:20,477 INFO: UFCS,2023-12-13,Hammer
2025-10-19 19:49:20,477 INFO: UFCS,2023-12-13,Piercing Pattern
2025-10-19 19:49:20,477 INFO: UFCS,2023-12-19,Morning Star
2025-10-19 19:49:20,477 INFO: UFCS,2023-12-26,Morning Star
2025-10-19 19:49:20,477 INFO: UFCS,2024-01-05,Bullish Engulfing
2025-10-19 19:49:20,477 INFO: UFCS,2024-01-18,Morning Star
2025-10-19 19:49:20,477 INFO: UFCS,2024-01-19,Three White Soldiers
2025-10-19 19:49:20,477 INFO: UFCS,2024-01-22,Three White Soldiers
2025-10-19 19:49:20,477 INFO: UFCS,2024-01-29,Piercing Pattern
2025-10-19 19:49:20,477 INFO: UFCS,2024-02-01,Hammer
2025-10-19 19:49:20,477 INFO: UFCS,2024-02-06,Piercing Pattern
2025-10-19 19:49:20,478 INFO: UFCS,2024-02-09,Morning Star
2025-10-19 19:49:20,478 INFO: UFCS,2024-02-12,Three White Soldiers
2025-10-19 19:49:20,478 INFO: UFCS,2024-03-13,Hammer
2025-10-19 19:49:20,478 INFO: UFCS,2024-03-20,Bullish Engulfing
2025-10-19 19:49:20,478 INFO: UFCS,2024-04-03,Bullish Engulfing
2025-10-19 19:49:20,478 INFO: UFCS,2024-04-08,Morning Star
2025-10-19 19:49:20,478 INFO: UFCS,2024-04-10,Bullish Engulfing
2025-10-19 19:49:20,478 INFO: UFCS,2024-04-18,Three White Soldiers
2025-10-19 19:49:20,478 INFO: UFCS,2024-04-19,Three White Soldiers
2025-10-19 19:49:20,478 INFO: UFCS,2024-04-23,Bullish Engulfing
2025-10-19 19:49:20,478 INFO: UFCS,2024-05-02,Three White Soldiers
2025-10-19 19:49:20,478 INFO: UFCS,2024-05-08,Three White Soldiers
2025-10-19 19:49:20,478 INFO: UFCS,2024-05-16,Morning Star
2025-10-19 19:49:20,479 INFO: UFCS,2024-05-23,Hammer
2025-10-19 19:49:20,479 INFO: UFCS,2024-05-24,Hammer
2025-10-19 19:49:20,479 INFO: UFCS,2024-05-31,Dragonfly Doji
2025-10-19 19:49:20,479 INFO: UFCS,2024-06-07,Bullish Engulfing
2025-10-19 19:49:20,479 INFO: UFCS,2024-06-13,Hammer
2025-10-19 19:49:20,479 INFO: UFCS,2024-06-20,Bullish Engulfing
2025-10-19 19:49:20,479 INFO: UFCS,2024-06-26,Hammer
2025-10-19 19:49:20,507 INFO: UFCS,2024-06-26,Bullish Engulfing
2025-10-19 19:49:20,508 INFO: UFCS,2024-06-28,Three White Soldiers
2025-10-19 19:49:20,509 INFO: UFCS,2024-07-10,Hammer
2025-10-19 19:49:20,510 INFO: UFCS,2024-07-12,Three White Soldiers
2025-10-19 19:49:20,510 INFO: UFCS,2024-07-15,Three White Soldiers
2025-10-19 19:49:20,511 INFO: UFCS,2024-07-16,Three White Soldiers
2025-10-19 19:49:20,511 INFO: UFCS,2024-07-17,Three White Soldiers
2025-10-19 19:49:20,511 INFO: UFCS,2024-08-14,Hammer
2025-10-19 19:49:20,511 INFO: UFCS,2024-08-15,Three White Soldiers
2025-10-19 19:49:20,511 INFO: UFCS,2024-08-16,Three White Soldiers
2025-10-19 19:49:20,511 INFO: UFCS,2024-08-19,Three White Soldiers
2025-10-19 19:49:20,511 INFO: UFCS,2024-08-22,Bullish Engulfing
2025-10-19 19:49:20,512 INFO: UFCS,2024-08-22,Morning Star
2025-10-19 19:49:20,512 INFO: UFCS,2024-08-30,Hammer
2025-10-19 19:49:20,512 INFO: UFCS,2024-09-09,Bullish Engulfing
2025-10-19 19:49:20,512 INFO: UFCS,2024-09-13,Morning Star
2025-10-19 19:49:20,512 INFO: UFCS,2024-09-16,Hammer
2025-10-19 19:49:20,512 INFO: UFCS,2024-09-17,Three White Soldiers
2025-10-19 19:49:20,512 INFO: UFCS,2024-09-26,Hammer
2025-10-19 19:49:20,512 INFO: UFCS,2024-09-30,Piercing Pattern
2025-10-19 19:49:20,513 INFO: UFCS,2024-10-14,Three White Soldiers
2025-10-19 19:49:20,513 INFO: UFCS,2024-10-15,Three White Soldiers
2025-10-19 19:49:20,513 INFO: UFCS,2024-10-16,Three White Soldiers
2025-10-19 19:49:20,521 INFO: UFCS,2024-10-17,Three White Soldiers
2025-10-19 19:49:20,544 INFO: UFCS,2024-10-24,Dragonfly Doji
2025-10-19 19:49:20,545 INFO: UFCS,2024-10-30,Bullish Engulfing
2025-10-19 19:49:20,545 INFO: UFCS,2024-11-05,Morning Star
2025-10-19 19:49:20,572 INFO: UFCS,2024-11-06,Three White Soldiers
2025-10-19 19:49:20,575 INFO: UFCS,2024-11-18,Morning Star
2025-10-19 19:49:20,575 INFO: UFCS,2024-11-19,Three White Soldiers
2025-10-19 19:49:20,576 INFO: UFCS,2024-11-20,Hammer
2025-10-19 19:49:20,607 INFO: UFCS,2024-11-20,Three White Soldiers
2025-10-19 19:49:20,639 INFO: UFCS,2024-11-21,Three White Soldiers
2025-10-19 19:49:20,639 INFO: UFCS,2024-12-02,Hammer
2025-10-19 19:49:20,641 INFO: UFCS,2024-12-06,Three White Soldiers
2025-10-19 19:49:20,642 INFO: UFCS,2024-12-06,Dragonfly Doji
2025-10-19 19:49:20,642 INFO: UFCS,2024-12-11,Hammer
2025-10-19 19:49:20,642 INFO: UFCS,2024-12-11,Dragonfly Doji
2025-10-19 19:49:20,642 INFO: UFCS,2024-12-12,Bullish Engulfing
2025-10-19 19:49:20,642 INFO: UFCS,2024-12-17,Hammer
2025-10-19 19:49:20,642 INFO: UFCS,2024-12-24,Morning Star
2025-10-19 19:49:20,672 INFO: UFCS,2025-01-16,Bullish Engulfing
2025-10-19 19:49:20,672 INFO: UFCS,2025-01-27,Bullish Engulfing
2025-10-19 19:49:20,672 INFO: UFCS,2025-02-05,Hammer
2025-10-19 19:49:20,672 INFO: UFCS,2025-02-05,Three White Soldiers
2025-10-19 19:49:20,672 INFO: UFCS,2025-02-06,Hammer
2025-10-19 19:49:20,672 INFO: UFCS,2025-02-20,Hammer
2025-10-19 19:49:20,673 INFO: UFCS,2025-02-25,Morning Star
2025-10-19 19:49:20,673 INFO: UFCS,2025-02-26,Hammer
2025-10-19 19:49:20,673 INFO: UFCS,2025-02-27,Bullish Engulfing
2025-10-19 19:49:20,673 INFO: UFCS,2025-03-05,Morning Star
2025-10-19 19:49:20,673 INFO: UFCS,2025-03-11,Hammer
2025-10-19 19:49:20,673 INFO: UFCS,2025-03-12,Morning Star
2025-10-19 19:49:20,674 INFO: UFCS,2025-03-13,Three White Soldiers
2025-10-19 19:49:20,674 INFO: UFCS,2025-03-14,Three White Soldiers
2025-10-19 19:49:20,674 INFO: UFCS,2025-03-20,Morning Star
2025-10-19 19:49:20,675 INFO: UFCS,2025-04-09,Bullish Engulfing
2025-10-19 19:49:20,675 INFO: UFCS,2025-04-15,Morning Star
2025-10-19 19:49:20,675 INFO: UFCS,2025-04-16,Three White Soldiers
2025-10-19 19:49:20,675 INFO: UFCS,2025-04-17,Three White Soldiers
2025-10-19 19:49:20,675 INFO: UFCS,2025-04-24,Bullish Engulfing
2025-10-19 19:49:20,675 INFO: UFCS,2025-05-01,Piercing Pattern
2025-10-19 19:49:20,675 INFO: UFCS,2025-05-06,Bullish Engulfing
2025-10-19 19:49:20,675 INFO: UFCS,2025-05-09,Morning Star
2025-10-19 19:49:20,675 INFO: UFCS,2025-05-23,Piercing Pattern
2025-10-19 19:49:20,675 INFO: UFCS,2025-06-05,Hammer
2025-10-19 19:49:20,675 INFO: UFCS,2025-06-06,Morning Star
2025-10-19 19:49:20,675 INFO: UFCS,2025-06-09,Hammer
2025-10-19 19:49:20,675 INFO: UFCS,2025-06-12,Piercing Pattern
2025-10-19 19:49:20,675 INFO: UFCS,2025-06-18,Three White Soldiers
2025-10-19 19:49:20,675 INFO: UFCS,2025-06-23,Piercing Pattern
2025-10-19 19:49:20,675 INFO: UFCS,2025-07-09,Dragonfly Doji
2025-10-19 19:49:20,678 INFO: UFCS,2025-07-14,Morning Star
2025-10-19 19:49:20,678 INFO: UFCS,2025-07-17,Bullish Engulfing
2025-10-19 19:49:20,678 INFO: UFCS,2025-08-07,Hammer
2025-10-19 19:49:20,678 INFO: UFCS,2025-08-13,Three White Soldiers
2025-10-19 19:49:20,678 INFO: UFCS,2025-08-15,Hammer
2025-10-19 19:49:20,678 INFO: UFCS,2025-08-18,Hammer
2025-10-19 19:49:20,678 INFO: UFCS,2025-08-21,Three White Soldiers
2025-10-19 19:49:20,678 INFO: UFCS,2025-08-22,Three White Soldiers
2025-10-19 19:49:20,678 INFO: UFCS,2025-08-27,Bullish Engulfing
2025-10-19 19:49:20,679 INFO: UFCS,2025-09-10,Bullish Engulfing
2025-10-19 19:49:20,679 INFO: UFG,2025-01-24,Hammer
2025-10-19 19:49:20,679 INFO: UFG,2025-02-11,Hammer
2025-10-19 19:49:20,679 INFO: UFG,2025-02-21,Morning Star
2025-10-19 19:49:20,679 INFO: UFG,2025-02-24,Hammer
2025-10-19 19:49:20,679 INFO: UFG,2025-02-26,Bullish Engulfing
2025-10-19 19:49:20,679 INFO: UFG,2025-03-03,Hammer
2025-10-19 19:49:20,679 INFO: UFG,2025-03-04,Piercing Pattern
2025-10-19 19:49:20,679 INFO: UFG,2025-03-13,Bullish Engulfing
2025-10-19 19:49:20,680 INFO: UFG,2025-03-17,Three White Soldiers
2025-10-19 19:49:20,680 INFO: UFG,2025-03-19,Bullish Engulfing
2025-10-19 19:49:20,680 INFO: UFG,2025-03-21,Three White Soldiers
2025-10-19 19:49:20,680 INFO: UFG,2025-04-22,Dragonfly Doji
2025-10-19 19:49:20,680 INFO: UFG,2025-04-23,Hammer
2025-10-19 19:49:20,680 INFO: UFG,2025-04-25,Hammer
2025-10-19 19:49:20,680 INFO: UFG,2025-04-29,Dragonfly Doji
2025-10-19 19:49:20,680 INFO: UFG,2025-05-08,Three White Soldiers
2025-10-19 19:49:20,680 INFO: UFG,2025-05-09,Three White Soldiers
2025-10-19 19:49:20,680 INFO: UFG,2025-05-12,Three White Soldiers
2025-10-19 19:49:20,680 INFO: UFG,2025-05-14,Hammer
2025-10-19 19:49:20,680 INFO: UFG,2025-06-09,Hammer
2025-10-19 19:49:20,680 INFO: UFG,2025-06-18,Piercing Pattern
2025-10-19 19:49:20,680 INFO: UFG,2025-07-08,Hammer
2025-10-19 19:49:20,680 INFO: UFG,2025-07-11,Morning Star
2025-10-19 19:49:20,680 INFO: UFG,2025-07-23,Three White Soldiers
2025-10-19 19:49:20,680 INFO: UFG,2025-07-24,Three White Soldiers
2025-10-19 19:49:20,684 INFO: UFG,2025-07-25,Three White Soldiers
2025-10-19 19:49:20,684 INFO: UFG,2025-08-05,Bullish Engulfing
2025-10-19 19:49:20,684 INFO: UFG,2025-08-07,Three White Soldiers
2025-10-19 19:49:20,685 INFO: UFG,2025-08-08,Three White Soldiers
2025-10-19 19:49:20,685 INFO: UFG,2025-08-11,Three White Soldiers
2025-10-19 19:49:20,685 INFO: UFG,2025-08-15,Three White Soldiers
2025-10-19 19:49:20,685 INFO: UFG,2025-08-18,Three White Soldiers
2025-10-19 19:49:20,685 INFO: UFG,2025-08-19,Three White Soldiers
2025-10-19 19:49:20,685 INFO: UFG,2025-08-20,Three White Soldiers
2025-10-19 19:49:20,685 INFO: UFG,2025-08-21,Three White Soldiers
2025-10-19 19:49:20,685 INFO: UFG,2025-08-25,Hammer
2025-10-19 19:49:20,685 INFO: UFG,2025-08-28,Morning Star
2025-10-19 19:49:20,685 INFO: UFG,2025-09-02,Three White Soldiers
2025-10-19 19:49:20,712 INFO: UFG,2025-09-08,Morning Star
2025-10-19 19:49:20,712 INFO: UFG,2025-09-11,Bullish Engulfing
2025-10-19 19:49:20,713 INFO: UFG,2025-09-26,Three White Soldiers
2025-10-19 19:49:20,713 INFO: UFIV,2023-07-31,Morning Star
2025-10-19 19:49:20,713 INFO: UFIV,2023-08-17,Hammer
2025-10-19 19:49:20,713 INFO: UFIV,2023-08-18,Morning Star
2025-10-19 19:49:20,713 INFO: UFIV,2023-08-29,Three White Soldiers
2025-10-19 19:49:20,713 INFO: UFIV,2023-08-31,Bullish Engulfing
2025-10-19 19:49:20,713 INFO: UFIV,2023-09-07,Morning Star
2025-10-19 19:49:20,713 INFO: UFIV,2023-09-28,Hammer
2025-10-19 19:49:20,713 INFO: UFIV,2023-10-11,Dragonfly Doji
2025-10-19 19:49:20,713 INFO: UFIV,2023-10-20,Morning Star
2025-10-19 19:49:20,713 INFO: UFIV,2023-11-22,Hammer
2025-10-19 19:49:20,713 INFO: UFIV,2023-11-27,Morning Star
2025-10-19 19:49:20,713 INFO: UFIV,2023-11-28,Three White Soldiers
2025-10-19 19:49:20,713 INFO: UFIV,2023-12-06,Hammer
2025-10-19 19:49:20,713 INFO: UFIV,2023-12-13,Three White Soldiers
2025-10-19 19:49:20,714 INFO: UFIV,2023-12-14,Three White Soldiers
2025-10-19 19:49:20,714 INFO: UFIV,2023-12-29,Piercing Pattern
2025-10-19 19:49:20,715 INFO: UFIV,2024-01-03,Bullish Engulfing
2025-10-19 19:49:20,746 INFO: UFIV,2024-01-11,Morning Star
2025-10-19 19:49:20,809 INFO: UFIV,2024-02-15,Morning Star
2025-10-19 19:49:20,811 INFO: UFIV,2024-02-16,Hammer
2025-10-19 19:49:20,811 INFO: UFIV,2024-02-16,Dragonfly Doji
2025-10-19 19:49:20,811 INFO: UFIV,2024-02-23,Bullish Engulfing
2025-10-19 19:49:20,813 INFO: UFIV,2024-02-28,Hammer
2025-10-19 19:49:20,814 INFO: UFIV,2024-03-01,Morning Star
2025-10-19 19:49:20,814 INFO: UFIV,2024-03-04,Hammer
2025-10-19 19:49:20,814 INFO: UFIV,2024-03-18,Hammer
2025-10-19 19:49:20,814 INFO: UFIV,2024-03-26,Bullish Engulfing
2025-10-19 19:49:20,815 INFO: UFIV,2024-04-02,Hammer
2025-10-19 19:49:20,815 INFO: UFIV,2024-04-03,Morning Star
2025-10-19 19:49:20,815 INFO: UFIV,2024-04-23,Bullish Engulfing
2025-10-19 19:49:20,815 INFO: UFIV,2024-05-15,Morning Star
2025-10-19 19:49:20,815 INFO: UFIV,2024-05-31,Morning Star
2025-10-19 19:49:20,815 INFO: UFIV,2024-06-03,Three White Soldiers
2025-10-19 19:49:20,815 INFO: UFIV,2024-06-04,Three White Soldiers
2025-10-19 19:49:20,815 INFO: UFIV,2024-06-05,Three White Soldiers
2025-10-19 19:49:20,816 INFO: UFIV,2024-06-06,Three White Soldiers
2025-10-19 19:49:20,816 INFO: UFIV,2024-06-10,Hammer
2025-10-19 19:49:20,816 INFO: UFIV,2024-06-11,Morning Star
2025-10-19 19:49:20,817 INFO: UFIV,2024-06-14,Morning Star
2025-10-19 19:49:20,817 INFO: UFIV,2024-06-21,Hammer
2025-10-19 19:49:20,817 INFO: UFIV,2024-06-24,Hammer
2025-10-19 19:49:20,817 INFO: UFIV,2024-06-25,Bullish Engulfing
2025-10-19 19:49:20,817 INFO: UFIV,2024-07-03,Morning Star
2025-10-19 19:49:20,817 INFO: UFIV,2024-07-10,Hammer
2025-10-19 19:49:20,817 INFO: UFIV,2024-07-10,Dragonfly Doji
2025-10-19 19:49:20,817 INFO: UFIV,2024-07-16,Bullish Engulfing
2025-10-19 19:49:20,817 INFO: UFIV,2024-07-26,Hammer
2025-10-19 19:49:20,818 INFO: UFIV,2024-07-29,Morning Star
2025-10-19 19:49:20,818 INFO: UFIV,2024-07-30,Three White Soldiers
2025-10-19 19:49:20,818 INFO: UFIV,2024-07-31,Three White Soldiers
2025-10-19 19:49:20,818 INFO: UFIV,2024-08-01,Three White Soldiers
2025-10-19 19:49:20,818 INFO: UFIV,2024-08-02,Three White Soldiers
2025-10-19 19:49:20,818 INFO: UFIV,2024-08-07,Hammer
2025-10-19 19:49:20,818 INFO: UFIV,2024-08-19,Three White Soldiers
2025-10-19 19:49:20,818 INFO: UFIV,2024-08-20,Three White Soldiers
2025-10-19 19:49:20,819 INFO: UFIV,2024-08-21,Three White Soldiers
2025-10-19 19:49:20,819 INFO: UFIV,2024-08-23,Hammer
2025-10-19 19:49:20,819 INFO: UFIV,2024-09-04,Morning Star
2025-10-19 19:49:20,819 INFO: UFIV,2024-09-05,Three White Soldiers
2025-10-19 19:49:20,819 INFO: UFIV,2024-09-06,Hammer
2025-10-19 19:49:20,819 INFO: UFIV,2024-09-16,Hammer
2025-10-19 19:49:20,819 INFO: UFIV,2024-09-16,Dragonfly Doji
2025-10-19 19:49:20,819 INFO: UFIV,2024-10-08,Bullish Engulfing
2025-10-19 19:49:20,819 INFO: UFIV,2024-10-10,Hammer
2025-10-19 19:49:20,819 INFO: UFIV,2024-10-11,Morning Star
2025-10-19 19:49:20,819 INFO: UFIV,2024-11-05,Morning Star
2025-10-19 19:49:20,819 INFO: UFIV,2024-11-11,Hammer
2025-10-19 19:49:20,819 INFO: UFIV,2024-11-15,Piercing Pattern
2025-10-19 19:49:20,819 INFO: UFIV,2024-11-25,Morning Star
2025-10-19 19:49:20,819 INFO: UFIV,2024-11-29,Three White Soldiers
2025-10-19 19:49:20,819 INFO: UFIV,2024-12-04,Bullish Engulfing
2025-10-19 19:49:20,819 INFO: UFIV,2024-12-06,Hammer
2025-10-19 19:49:20,819 INFO: UFIV,2024-12-10,Hammer
2025-10-19 19:49:20,819 INFO: UFIV,2025-01-08,Hammer
2025-10-19 19:49:20,819 INFO: UFIV,2025-01-15,Morning Star
2025-10-19 19:49:20,819 INFO: UFIV,2025-01-24,Morning Star
2025-10-19 19:49:20,819 INFO: UFIV,2025-01-27,Hammer
2025-10-19 19:49:20,819 INFO: UFIV,2025-01-28,Bullish Engulfing
2025-10-19 19:49:20,820 INFO: UFIV,2025-02-04,Bullish Engulfing
2025-10-19 19:49:20,820 INFO: UFIV,2025-02-25,Three White Soldiers
2025-10-19 19:49:20,820 INFO: UFIV,2025-02-26,Three White Soldiers
2025-10-19 19:49:20,820 INFO: UFIV,2025-02-27,Three White Soldiers
2025-10-19 19:49:20,820 INFO: UFIV,2025-02-28,Three White Soldiers
2025-10-19 19:49:20,820 INFO: UFIV,2025-03-03,Three White Soldiers
2025-10-19 19:49:20,820 INFO: UFIV,2025-03-18,Bullish Engulfing
2025-10-19 19:49:20,821 INFO: UFIV,2025-03-18,Morning Star
2025-10-19 19:49:20,858 INFO: UFIV,2025-04-09,Hammer
2025-10-19 19:49:20,877 INFO: UFIV,2025-04-09,Dragonfly Doji
2025-10-19 19:49:20,878 INFO: UFIV,2025-04-10,Hammer
2025-10-19 19:49:20,878 INFO: UFIV,2025-04-16,Three White Soldiers
2025-10-19 19:49:20,879 INFO: UFIV,2025-04-25,Morning Star
2025-10-19 19:49:20,882 INFO: UFIV,2025-04-28,Three White Soldiers
2025-10-19 19:49:20,882 INFO: UFIV,2025-04-29,Three White Soldiers
2025-10-19 19:49:20,883 INFO: UFIV,2025-04-30,Three White Soldiers
2025-10-19 19:49:20,883 INFO: UFIV,2025-06-12,Hammer
2025-10-19 19:49:20,903 INFO: UFIV,2025-06-13,Hammer
2025-10-19 19:49:20,904 INFO: UFIV,2025-06-20,Bullish Engulfing
2025-10-19 19:49:20,904 INFO: UFIV,2025-06-24,Three White Soldiers
2025-10-19 19:49:20,904 INFO: UFIV,2025-06-25,Three White Soldiers
2025-10-19 19:49:20,904 INFO: UFIV,2025-06-26,Three White Soldiers
2025-10-19 19:49:20,904 INFO: UFIV,2025-07-11,Hammer
2025-10-19 19:49:20,904 INFO: UFIV,2025-07-21,Morning Star
2025-10-19 19:49:20,910 INFO: UFIV,2025-07-28,Hammer
2025-10-19 19:49:20,910 INFO: UFIV,2025-08-06,Hammer
2025-10-19 19:49:20,911 INFO: UFIV,2025-08-12,Bullish Engulfing
2025-10-19 19:49:20,911 INFO: UFIV,2025-08-12,Morning Star
2025-10-19 19:49:20,911 INFO: UFIV,2025-08-25,Morning Star
2025-10-19 19:49:20,911 INFO: UFIV,2025-08-27,Three White Soldiers
2025-10-19 19:49:20,912 INFO: UFIV,2025-08-28,Three White Soldiers
2025-10-19 19:49:20,912 INFO: UFIV,2025-08-29,Three White Soldiers
2025-10-19 19:49:20,912 INFO: UFIV,2025-09-04,Three White Soldiers
2025-10-19 19:49:20,912 INFO: UFIV,2025-09-19,Hammer
2025-10-19 19:49:20,913 INFO: UFO,2023-07-05,Hammer
2025-10-19 19:49:20,913 INFO: UFO,2023-07-06,Hammer
2025-10-19 19:49:20,913 INFO: UFO,2023-07-11,Three White Soldiers
2025-10-19 19:49:20,913 INFO: UFO,2023-07-26,Hammer
2025-10-19 19:49:20,915 INFO: UFO,2023-08-01,Hammer
2025-10-19 19:49:20,915 INFO: UFO,2023-08-01,Dragonfly Doji
2025-10-19 19:49:20,915 INFO: UFO,2023-08-25,Hammer
2025-10-19 19:49:20,917 INFO: UFO,2023-08-28,Morning Star
2025-10-19 19:49:20,917 INFO: UFO,2023-08-30,Three White Soldiers
2025-10-19 19:49:20,917 INFO: UFO,2023-09-19,Bullish Engulfing
2025-10-19 19:49:20,917 INFO: UFO,2023-09-28,Morning Star
2025-10-19 19:49:20,918 INFO: UFO,2023-10-04,Hammer
2025-10-19 19:49:20,918 INFO: UFO,2023-10-09,Three White Soldiers
2025-10-19 19:49:20,918 INFO: UFO,2023-10-10,Three White Soldiers
2025-10-19 19:49:20,920 INFO: UFO,2023-11-01,Three White Soldiers
2025-10-19 19:49:20,944 INFO: UFO,2023-11-02,Three White Soldiers
2025-10-19 19:49:20,944 INFO: UFO,2023-11-03,Three White Soldiers
2025-10-19 19:49:20,944 INFO: UFO,2023-11-14,Morning Star
2025-10-19 19:49:20,945 INFO: UFO,2023-11-15,Three White Soldiers
2025-10-19 19:49:20,945 INFO: UFO,2023-12-01,Bullish Engulfing
2025-10-19 19:49:20,946 INFO: UFO,2023-12-06,Piercing Pattern
2025-10-19 19:49:20,946 INFO: UFO,2023-12-08,Three White Soldiers
2025-10-19 19:49:20,946 INFO: UFO,2023-12-13,Bullish Engulfing
2025-10-19 19:49:20,970 INFO: UFO,2023-12-26,Three White Soldiers
2025-10-19 19:49:20,971 INFO: UFO,2023-12-27,Three White Soldiers
2025-10-19 19:49:20,971 INFO: UFO,2023-12-29,Hammer
2025-10-19 19:49:20,971 INFO: UFO,2024-01-18,Hammer
2025-10-19 19:49:20,972 INFO: UFO,2024-01-29,Hammer
2025-10-19 19:49:20,973 INFO: UFO,2024-02-09,Morning Star
2025-10-19 19:49:20,973 INFO: UFO,2024-02-12,Three White Soldiers
2025-10-19 19:49:20,973 INFO: UFO,2024-02-27,Morning Star
2025-10-19 19:49:20,973 INFO: UFO,2024-03-01,Hammer
2025-10-19 19:49:20,973 INFO: UFO,2024-03-08,Three White Soldiers
2025-10-19 19:49:20,973 INFO: UFO,2024-03-11,Three White Soldiers
2025-10-19 19:49:20,974 INFO: UFO,2024-03-12,Hammer
2025-10-19 19:49:20,975 INFO: UFO,2024-03-19,Hammer
2025-10-19 19:49:20,976 INFO: UFO,2024-03-20,Bullish Engulfing
2025-10-19 19:49:20,976 INFO: UFO,2024-03-20,Morning Star
2025-10-19 19:49:21,004 INFO: UFO,2024-04-16,Hammer
2025-10-19 19:49:21,005 INFO: UFO,2024-04-19,Morning Star
2025-10-19 19:49:21,005 INFO: UFO,2024-04-23,Bullish Engulfing
2025-10-19 19:49:21,005 INFO: UFO,2024-04-24,Hammer
2025-10-19 19:49:21,006 INFO: UFO,2024-04-25,Hammer
2025-10-19 19:49:21,006 INFO: UFO,2024-05-17,Bullish Engulfing
2025-10-19 19:49:21,006 INFO: UFO,2024-05-17,Morning Star
2025-10-19 19:49:21,006 INFO: UFO,2024-05-28,Morning Star
2025-10-19 19:49:21,006 INFO: UFO,2024-05-29,Three White Soldiers
2025-10-19 19:49:21,006 INFO: UFO,2024-06-10,Hammer
2025-10-19 19:49:21,007 INFO: UFO,2024-06-11,Bullish Engulfing
2025-10-19 19:49:21,007 INFO: UFO,2024-06-18,Hammer
2025-10-19 19:49:21,007 INFO: UFO,2024-06-26,Bullish Engulfing
2025-10-19 19:49:21,007 INFO: UFO,2024-06-28,Hammer
2025-10-19 19:49:21,008 INFO: UFO,2024-06-28,Three White Soldiers
2025-10-19 19:49:21,036 INFO: UFO,2024-07-03,Three White Soldiers
2025-10-19 19:49:21,040 INFO: UFO,2024-07-05,Three White Soldiers
2025-10-19 19:49:21,040 INFO: UFO,2024-07-09,Hammer
2025-10-19 19:49:21,040 INFO: UFO,2024-07-15,Three White Soldiers
2025-10-19 19:49:21,040 INFO: UFO,2024-07-16,Three White Soldiers
2025-10-19 19:49:21,040 INFO: UFO,2024-07-23,Bullish Engulfing
2025-10-19 19:49:21,040 INFO: UFO,2024-07-25,Bullish Engulfing
2025-10-19 19:49:21,041 INFO: UFO,2024-07-31,Morning Star
2025-10-19 19:49:21,041 INFO: UFO,2024-08-15,Morning Star
2025-10-19 19:49:21,042 INFO: UFO,2024-08-19,Bullish Engulfing
2025-10-19 19:49:21,043 INFO: UFO,2024-08-26,Hammer
2025-10-19 19:49:21,043 INFO: UFO,2024-09-05,Hammer
2025-10-19 19:49:21,043 INFO: UFO,2024-09-05,Dragonfly Doji
2025-10-19 19:49:21,043 INFO: UFO,2024-09-10,Hammer
2025-10-19 19:49:21,043 INFO: UFO,2024-09-10,Dragonfly Doji
2025-10-19 19:49:21,043 INFO: UFO,2024-09-19,Morning Star
2025-10-19 19:49:21,044 INFO: UFO,2024-09-20,Hammer
2025-10-19 19:49:21,044 INFO: UFO,2024-09-26,Morning Star
2025-10-19 19:49:21,044 INFO: UFO,2024-09-27,Three White Soldiers
2025-10-19 19:49:21,044 INFO: UFO,2024-10-14,Three White Soldiers
2025-10-19 19:49:21,044 INFO: UFO,2024-10-15,Three White Soldiers
2025-10-19 19:49:21,044 INFO: UFO,2024-10-29,Morning Star
2025-10-19 19:49:21,044 INFO: UFO,2024-11-05,Three White Soldiers
2025-10-19 19:49:21,044 INFO: UFO,2024-11-06,Three White Soldiers
2025-10-19 19:49:21,044 INFO: UFO,2024-11-08,Piercing Pattern
2025-10-19 19:49:21,044 INFO: UFO,2024-11-15,Hammer
2025-10-19 19:49:21,044 INFO: UFO,2024-11-19,Morning Star
2025-10-19 19:49:21,044 INFO: UFO,2024-11-21,Bullish Engulfing
2025-10-19 19:49:21,044 INFO: UFO,2024-11-25,Three White Soldiers
2025-10-19 19:49:21,044 INFO: UFO,2024-12-17,Hammer
2025-10-19 19:49:21,045 INFO: UFO,2024-12-20,Bullish Engulfing
2025-10-19 19:49:21,045 INFO: UFO,2024-12-20,Morning Star
2025-10-19 19:49:21,045 INFO: UFO,2025-01-03,Morning Star
2025-10-19 19:49:21,045 INFO: UFO,2025-01-10,Hammer
2025-10-19 19:49:21,045 INFO: UFO,2025-01-16,Morning Star
2025-10-19 19:49:21,046 INFO: UFO,2025-01-17,Three White Soldiers
2025-10-19 19:49:21,046 INFO: UFO,2025-01-21,Three White Soldiers
2025-10-19 19:49:21,046 INFO: UFO,2025-01-23,Piercing Pattern
2025-10-19 19:49:21,046 INFO: UFO,2025-01-31,Morning Star
2025-10-19 19:49:21,046 INFO: UFO,2025-03-05,Morning Star
2025-10-19 19:49:21,048 INFO: UFO,2025-03-25,Hammer
2025-10-19 19:49:21,048 INFO: UFO,2025-03-25,Three White Soldiers
2025-10-19 19:49:21,048 INFO: UFO,2025-03-25,Dragonfly Doji
2025-10-19 19:49:21,048 INFO: UFO,2025-03-31,Hammer
2025-10-19 19:49:21,048 INFO: UFO,2025-04-09,Bullish Engulfing
2025-10-19 19:49:21,049 INFO: UFO,2025-04-24,Morning Star
2025-10-19 19:49:21,049 INFO: UFO,2025-04-28,Three White Soldiers
2025-10-19 19:49:21,050 INFO: UFO,2025-04-30,Hammer
2025-10-19 19:49:21,105 INFO: UFO,2025-05-14,Morning Star
2025-10-19 19:49:21,139 INFO: UFO,2025-05-15,Three White Soldiers
2025-10-19 19:49:21,142 INFO: UFO,2025-05-16,Three White Soldiers
2025-10-19 19:49:21,142 INFO: UFO,2025-06-03,Morning Star
2025-10-19 19:49:21,167 INFO: UFO,2025-06-06,Three White Soldiers
2025-10-19 19:49:21,168 INFO: UFO,2025-06-09,Three White Soldiers
2025-10-19 19:49:21,168 INFO: UFO,2025-07-02,Morning Star
2025-10-19 19:49:21,168 INFO: UFO,2025-07-03,Three White Soldiers
2025-10-19 19:49:21,170 INFO: UFO,2025-07-07,Hammer
2025-10-19 19:49:21,170 INFO: UFO,2025-07-07,Dragonfly Doji
2025-10-19 19:49:21,206 INFO: UFO,2025-07-14,Bullish Engulfing
2025-10-19 19:49:21,206 INFO: UFO,2025-07-16,Hammer
2025-10-19 19:49:21,206 INFO: UFO,2025-07-22,Dragonfly Doji
2025-10-19 19:49:21,207 INFO: UFO,2025-07-23,Morning Star
2025-10-19 19:49:21,207 INFO: UFO,2025-07-25,Hammer
2025-10-19 19:49:21,207 INFO: UFO,2025-08-12,Morning Star
2025-10-19 19:49:21,207 INFO: UFO,2025-08-13,Hammer
2025-10-19 19:49:21,208 INFO: UFO,2025-08-18,Bullish Engulfing
2025-10-19 19:49:21,208 INFO: UFO,2025-08-18,Morning Star
2025-10-19 19:49:21,208 INFO: UFO,2025-08-25,Three White Soldiers
2025-10-19 19:49:21,208 INFO: UFO,2025-08-26,Three White Soldiers
2025-10-19 19:49:21,208 INFO: UFO,2025-08-27,Three White Soldiers
2025-10-19 19:49:21,232 INFO: UFO,2025-08-28,Hammer
2025-10-19 19:49:21,233 INFO: UFO,2025-08-29,Bullish Engulfing
2025-10-19 19:49:21,237 INFO: UFO,2025-09-04,Hammer
2025-10-19 19:49:21,237 INFO: UFO,2025-09-17,Piercing Pattern
2025-10-19 19:49:21,237 INFO: UFO,2025-09-22,Morning Star
2025-10-19 19:49:21,237 INFO: UFO,2025-09-23,Three White Soldiers
2025-10-19 19:49:21,237 INFO: UFPI,2023-07-10,Bullish Engulfing
2025-10-19 19:49:21,237 INFO: UFPI,2023-07-10,Morning Star
2025-10-19 19:49:21,237 INFO: UFPI,2023-07-12,Three White Soldiers
2025-10-19 19:49:21,237 INFO: UFPI,2023-07-13,Three White Soldiers
2025-10-19 19:49:21,237 INFO: UFPI,2023-07-14,Three White Soldiers
2025-10-19 19:49:21,237 INFO: UFPI,2023-07-17,Three White Soldiers
2025-10-19 19:49:21,269 INFO: UFPI,2023-07-18,Three White Soldiers
2025-10-19 19:49:21,270 INFO: UFPI,2023-08-07,Morning Star
2025-10-19 19:49:21,270 INFO: UFPI,2023-08-08,Hammer
2025-10-19 19:49:21,280 INFO: UFPI,2023-08-14,Morning Star
2025-10-19 19:49:21,280 INFO: UFPI,2023-08-22,Three White Soldiers
2025-10-19 19:49:21,280 INFO: UFPI,2023-08-23,Three White Soldiers
2025-10-19 19:49:21,280 INFO: UFPI,2023-08-28,Morning Star
2025-10-19 19:49:21,360 INFO: UFPI,2023-08-29,Three White Soldiers
2025-10-19 19:49:21,361 INFO: UFPI,2023-08-30,Three White Soldiers
2025-10-19 19:49:21,361 INFO: UFPI,2023-08-31,Three White Soldiers
2025-10-19 19:49:21,361 INFO: UFPI,2023-09-01,Three White Soldiers
2025-10-19 19:49:21,361 INFO: UFPI,2023-09-11,Morning Star
2025-10-19 19:49:21,362 INFO: UFPI,2023-09-25,Bullish Engulfing
2025-10-19 19:49:21,362 INFO: UFPI,2023-09-28,Morning Star
2025-10-19 19:49:21,362 INFO: UFPI,2023-10-05,Morning Star
2025-10-19 19:49:21,362 INFO: UFPI,2023-10-10,Three White Soldiers
2025-10-19 19:49:21,362 INFO: UFPI,2023-10-11,Three White Soldiers
2025-10-19 19:49:21,362 INFO: UFPI,2023-10-23,Piercing Pattern
2025-10-19 19:49:21,362 INFO: UFPI,2023-10-27,Hammer
2025-10-19 19:49:21,362 INFO: UFPI,2023-11-03,Three White Soldiers
2025-10-19 19:49:21,362 INFO: UFPI,2023-11-07,Piercing Pattern
2025-10-19 19:49:21,362 INFO: UFPI,2023-11-20,Morning Star
2025-10-19 19:49:21,362 INFO: UFPI,2023-12-01,Bullish Engulfing
2025-10-19 19:49:21,363 INFO: UFPI,2023-12-05,Three White Soldiers
2025-10-19 19:49:21,364 INFO: UFPI,2023-12-21,Hammer
2025-10-19 19:49:21,364 INFO: UFPI,2023-12-22,Morning Star
2025-10-19 19:49:21,365 INFO: UFPI,2024-01-10,Bullish Engulfing
2025-10-19 19:49:21,365 INFO: UFPI,2024-01-16,Hammer
2025-10-19 19:49:21,365 INFO: UFPI,2024-01-18,Hammer
2025-10-19 19:49:21,365 INFO: UFPI,2024-01-19,Three White Soldiers
2025-10-19 19:49:21,366 INFO: UFPI,2024-01-19,Dragonfly Doji
2025-10-19 19:49:21,366 INFO: UFPI,2024-02-06,Bullish Engulfing
2025-10-19 19:49:21,366 INFO: UFPI,2024-02-12,Three White Soldiers
2025-10-19 19:49:21,366 INFO: UFPI,2024-02-14,Hammer
2025-10-19 19:49:21,366 INFO: UFPI,2024-02-15,Morning Star
2025-10-19 19:49:21,367 INFO: UFPI,2024-02-21,Hammer
2025-10-19 19:49:21,367 INFO: UFPI,2024-03-11,Hammer
2025-10-19 19:49:21,430 INFO: UFPI,2024-03-15,Bullish Engulfing
2025-10-19 19:49:21,459 INFO: UFPI,2024-03-19,Bullish Engulfing
2025-10-19 19:49:21,459 INFO: UFPI,2024-03-21,Three White Soldiers
2025-10-19 19:49:21,460 INFO: UFPI,2024-04-02,Hammer
2025-10-19 19:49:21,461 INFO: UFPI,2024-04-03,Morning Star
2025-10-19 19:49:21,461 INFO: UFPI,2024-04-19,Piercing Pattern
2025-10-19 19:49:21,461 INFO: UFPI,2024-04-23,Three White Soldiers
2025-10-19 19:49:21,461 INFO: UFPI,2024-04-25,Hammer
2025-10-19 19:49:21,461 INFO: UFPI,2024-04-29,Three White Soldiers
2025-10-19 19:49:21,461 INFO: UFPI,2024-05-02,Hammer
2025-10-19 19:49:21,462 INFO: UFPI,2024-05-08,Bullish Engulfing
2025-10-19 19:49:21,462 INFO: UFPI,2024-05-09,Hammer
2025-10-19 19:49:21,462 INFO: UFPI,2024-06-10,Bullish Engulfing
2025-10-19 19:49:21,493 INFO: UFPI,2024-06-11,Hammer
2025-10-19 19:49:21,494 INFO: UFPI,2024-06-13,Hammer
2025-10-19 19:49:21,494 INFO: UFPI,2024-06-17,Bullish Engulfing
2025-10-19 19:49:21,494 INFO: UFPI,2024-06-20,Bullish Engulfing
2025-10-19 19:49:21,494 INFO: UFPI,2024-06-21,Hammer
2025-10-19 19:49:21,494 INFO: UFPI,2024-07-22,Morning Star
2025-10-19 19:49:21,494 INFO: UFPI,2024-07-30,Bullish Engulfing
2025-10-19 19:49:21,495 INFO: UFPI,2024-08-02,Hammer
2025-10-19 19:49:21,495 INFO: UFPI,2024-08-30,Dragonfly Doji
2025-10-19 19:49:21,495 INFO: UFPI,2024-09-10,Morning Star
2025-10-19 19:49:21,496 INFO: UFPI,2024-09-11,Dragonfly Doji
2025-10-19 19:49:21,496 INFO: UFPI,2024-09-16,Three White Soldiers
2025-10-19 19:49:21,496 INFO: UFPI,2024-09-17,Three White Soldiers
2025-10-19 19:49:21,496 INFO: UFPI,2024-09-18,Three White Soldiers
2025-10-19 19:49:21,496 INFO: UFPI,2024-09-19,Hammer
2025-10-19 19:49:21,496 INFO: UFPI,2024-09-19,Three White Soldiers
2025-10-19 19:49:21,497 INFO: UFPI,2024-09-24,Hammer
2025-10-19 19:49:21,497 INFO: UFPI,2024-09-24,Morning Star
2025-10-19 19:49:21,497 INFO: UFPI,2024-09-30,Morning Star
2025-10-19 19:49:21,497 INFO: UFPI,2024-10-07,Hammer
2025-10-19 19:49:21,499 INFO: UFPI,2024-10-08,Morning Star
2025-10-19 19:49:21,499 INFO: UFPI,2024-10-09,Three White Soldiers
2025-10-19 19:49:21,499 INFO: UFPI,2024-10-11,Bullish Engulfing
2025-10-19 19:49:21,499 INFO: UFPI,2024-10-24,Morning Star
2025-10-19 19:49:21,499 INFO: UFPI,2024-10-29,Hammer
2025-10-19 19:49:21,500 INFO: UFPI,2024-11-06,Three White Soldiers
2025-10-19 19:49:21,500 INFO: UFPI,2024-11-11,Hammer
2025-10-19 19:49:21,500 INFO: UFPI,2024-11-11,Morning Star
2025-10-19 19:49:21,500 INFO: UFPI,2024-11-22,Three White Soldiers
2025-10-19 19:49:21,500 INFO: UFPI,2024-11-25,Three White Soldiers
2025-10-19 19:49:21,500 INFO: UFPI,2024-12-03,Hammer
2025-10-19 19:49:21,501 INFO: UFPI,2024-12-06,Hammer
2025-10-19 19:49:21,501 INFO: UFPI,2024-12-24,Bullish Engulfing
2025-10-19 19:49:21,505 INFO: UFPI,2025-01-14,Three White Soldiers
2025-10-19 19:49:21,505 INFO: UFPI,2025-01-22,Morning Star
2025-10-19 19:49:21,505 INFO: UFPI,2025-01-27,Bullish Engulfing
2025-10-19 19:49:21,505 INFO: UFPI,2025-01-30,Hammer
2025-10-19 19:49:21,505 INFO: UFPI,2025-01-30,Morning Star
2025-10-19 19:49:21,506 INFO: UFPI,2025-02-05,Hammer
2025-10-19 19:49:21,506 INFO: UFPI,2025-03-05,Morning Star
2025-10-19 19:49:21,535 INFO: UFPI,2025-03-06,Three White Soldiers
2025-10-19 19:49:21,536 INFO: UFPI,2025-03-07,Three White Soldiers
2025-10-19 19:49:21,537 INFO: UFPI,2025-03-18,Three White Soldiers
2025-10-19 19:49:21,537 INFO: UFPI,2025-03-19,Three White Soldiers
2025-10-19 19:49:21,537 INFO: UFPI,2025-03-21,Hammer
2025-10-19 19:49:21,537 INFO: UFPI,2025-04-02,Bullish Engulfing
2025-10-19 19:49:21,537 INFO: UFPI,2025-04-04,Bullish Engulfing
2025-10-19 19:49:21,537 INFO: UFPI,2025-04-11,Hammer
2025-10-19 19:49:21,537 INFO: UFPI,2025-04-17,Piercing Pattern
2025-10-19 19:49:21,537 INFO: UFPI,2025-04-24,Hammer
2025-10-19 19:49:21,537 INFO: UFPI,2025-04-25,Hammer
2025-10-19 19:49:21,537 INFO: UFPI,2025-05-16,Morning Star
2025-10-19 19:49:21,537 INFO: UFPI,2025-05-29,Hammer
2025-10-19 19:49:21,537 INFO: UFPI,2025-06-10,Morning Star
2025-10-19 19:49:21,538 INFO: UFPI,2025-06-16,Dragonfly Doji
2025-10-19 19:49:21,569 INFO: UFPI,2025-06-23,Three White Soldiers
2025-10-19 19:49:21,634 INFO: UFPI,2025-06-24,Three White Soldiers
2025-10-19 19:49:21,667 INFO: UFPI,2025-06-26,Hammer
2025-10-19 19:49:21,668 INFO: UFPI,2025-06-26,Dragonfly Doji
2025-10-19 19:49:21,668 INFO: UFPI,2025-07-01,Bullish Engulfing
2025-10-19 19:49:21,668 INFO: UFPI,2025-07-08,Piercing Pattern
2025-10-19 19:49:21,668 INFO: UFPI,2025-07-10,Three White Soldiers
2025-10-19 19:49:21,668 INFO: UFPI,2025-07-22,Morning Star
2025-10-19 19:49:21,668 INFO: UFPI,2025-07-25,Hammer
2025-10-19 19:49:21,668 INFO: UFPI,2025-08-04,Morning Star
2025-10-19 19:49:21,669 INFO: UFPI,2025-08-05,Three White Soldiers
2025-10-19 19:49:21,669 INFO: UFPI,2025-08-11,Hammer
2025-10-19 19:49:21,669 INFO: UFPI,2025-08-12,Morning Star
2025-10-19 19:49:21,670 INFO: UFPI,2025-08-13,Three White Soldiers
2025-10-19 19:49:21,670 INFO: UFPI,2025-08-22,Morning Star
2025-10-19 19:49:21,670 INFO: UFPI,2025-09-11,Morning Star
2025-10-19 19:49:21,670 INFO: UFPT,2023-07-06,Hammer
2025-10-19 19:49:21,670 INFO: UFPT,2023-07-13,Morning Star
2025-10-19 19:49:21,670 INFO: UFPT,2023-07-17,Three White Soldiers
2025-10-19 19:49:21,671 INFO: UFPT,2023-07-18,Three White Soldiers
2025-10-19 19:49:21,671 INFO: UFPT,2023-07-27,Hammer
2025-10-19 19:49:21,671 INFO: UFPT,2023-08-03,Piercing Pattern
2025-10-19 19:49:21,671 INFO: UFPT,2023-08-08,Piercing Pattern
2025-10-19 19:49:21,671 INFO: UFPT,2023-08-18,Bullish Engulfing
2025-10-19 19:49:21,672 INFO: UFPT,2023-08-22,Three White Soldiers
2025-10-19 19:49:21,673 INFO: UFPT,2023-08-23,Three White Soldiers
2025-10-19 19:49:21,673 INFO: UFPT,2023-08-28,Morning Star
2025-10-19 19:49:21,674 INFO: UFPT,2023-08-29,Three White Soldiers
2025-10-19 19:49:21,674 INFO: UFPT,2023-09-01,Hammer
2025-10-19 19:49:21,674 INFO: UFPT,2023-09-15,Hammer
2025-10-19 19:49:21,674 INFO: UFPT,2023-09-19,Hammer
2025-10-19 19:49:21,674 INFO: UFPT,2023-09-26,Piercing Pattern
2025-10-19 19:49:21,675 INFO: UFPT,2023-09-28,Three White Soldiers
2025-10-19 19:49:21,675 INFO: UFPT,2023-09-29,Three White Soldiers
2025-10-19 19:49:21,675 INFO: UFPT,2023-10-03,Hammer
2025-10-19 19:49:21,675 INFO: UFPT,2023-10-13,Hammer
2025-10-19 19:49:21,675 INFO: UFPT,2023-10-20,Bullish Engulfing
2025-10-19 19:49:21,675 INFO: UFPT,2023-10-24,Three White Soldiers
2025-10-19 19:49:21,675 INFO: UFPT,2023-10-27,Hammer
2025-10-19 19:49:21,676 INFO: UFPT,2023-10-27,Morning Star
2025-10-19 19:49:21,711 INFO: UFPT,2023-10-30,Hammer
2025-10-19 19:49:21,711 INFO: UFPT,2023-10-31,Bullish Engulfing
2025-10-19 19:49:21,711 INFO: UFPT,2023-11-08,Hammer
2025-10-19 19:49:21,739 INFO: UFPT,2023-11-15,Three White Soldiers
2025-10-19 19:49:21,740 INFO: UFPT,2023-11-16,Three White Soldiers
2025-10-19 19:49:21,740 INFO: UFPT,2023-11-17,Three White Soldiers
2025-10-19 19:49:21,740 INFO: UFPT,2023-11-20,Three White Soldiers
2025-10-19 19:49:21,740 INFO: UFPT,2023-11-21,Three White Soldiers
2025-10-19 19:49:21,740 INFO: UFPT,2023-11-24,Piercing Pattern
2025-10-19 19:49:21,740 INFO: UFPT,2023-11-27,Hammer
2025-10-19 19:49:21,740 INFO: UFPT,2023-12-04,Bullish Engulfing
2025-10-19 19:49:21,740 INFO: UFPT,2023-12-04,Morning Star
2025-10-19 19:49:21,740 INFO: UFPT,2023-12-12,Hammer
2025-10-19 19:49:21,740 INFO: UFPT,2023-12-13,Morning Star
2025-10-19 19:49:21,740 INFO: UFPT,2023-12-19,Bullish Engulfing
2025-10-19 19:49:21,740 INFO: UFPT,2023-12-22,Bullish Engulfing
2025-10-19 19:49:21,741 INFO: UFPT,2023-12-22,Morning Star
2025-10-19 19:49:21,742 INFO: UFPT,2023-12-27,Hammer
2025-10-19 19:49:21,743 INFO: UFPT,2024-01-10,Three White Soldiers
2025-10-19 19:49:21,743 INFO: UFPT,2024-01-19,Hammer
2025-10-19 19:49:21,743 INFO: UFPT,2024-01-25,Morning Star
2025-10-19 19:49:21,743 INFO: UFPT,2024-01-26,Three White Soldiers
2025-10-19 19:49:21,743 INFO: UFPT,2024-01-29,Three White Soldiers
2025-10-19 19:49:21,743 INFO: UFPT,2024-02-02,Hammer
2025-10-19 19:49:21,744 INFO: UFPT,2024-02-09,Three White Soldiers
2025-10-19 19:49:21,744 INFO: UFPT,2024-02-12,Three White Soldiers
2025-10-19 19:49:21,744 INFO: UFPT,2024-02-15,Three White Soldiers
2025-10-19 19:49:21,744 INFO: UFPT,2024-02-22,Three White Soldiers
2025-10-19 19:49:21,744 INFO: UFPT,2024-02-23,Hammer
2025-10-19 19:49:21,744 INFO: UFPT,2024-02-26,Bullish Engulfing
2025-10-19 19:49:21,744 INFO: UFPT,2024-03-12,Piercing Pattern
2025-10-19 19:49:21,745 INFO: UFPT,2024-03-15,Piercing Pattern
2025-10-19 19:49:21,745 INFO: UFPT,2024-03-19,Three White Soldiers
2025-10-19 19:49:21,745 INFO: UFPT,2024-03-20,Three White Soldiers
2025-10-19 19:49:21,745 INFO: UFPT,2024-03-21,Three White Soldiers
2025-10-19 19:49:21,745 INFO: UFPT,2024-03-22,Hammer
2025-10-19 19:49:21,746 INFO: UFPT,2024-03-22,Three White Soldiers
2025-10-19 19:49:21,746 INFO: UFPT,2024-03-27,Morning Star
2025-10-19 19:49:21,746 INFO: UFPT,2024-04-04,Three White Soldiers
2025-10-19 19:49:21,746 INFO: UFPT,2024-04-26,Bullish Engulfing
2025-10-19 19:49:21,746 INFO: UFPT,2024-05-03,Three White Soldiers
2025-10-19 19:49:21,746 INFO: UFPT,2024-05-09,Morning Star
2025-10-19 19:49:21,746 INFO: UFPT,2024-05-21,Bullish Engulfing
2025-10-19 19:49:21,746 INFO: UFPT,2024-05-21,Morning Star
2025-10-19 19:49:21,746 INFO: UFPT,2024-05-28,Hammer
2025-10-19 19:49:21,746 INFO: UFPT,2024-05-29,Bullish Engulfing
2025-10-19 19:49:21,746 INFO: UFPT,2024-05-31,Hammer
2025-10-19 19:49:21,747 INFO: UFPT,2024-06-10,Bullish Engulfing
2025-10-19 19:49:21,747 INFO: UFPT,2024-06-12,Three White Soldiers
2025-10-19 19:49:21,747 INFO: UFPT,2024-06-21,Three White Soldiers
2025-10-19 19:49:21,749 INFO: UFPT,2024-06-27,Hammer
2025-10-19 19:49:21,774 INFO: UFPT,2024-07-01,Three White Soldiers
2025-10-19 19:49:21,774 INFO: UFPT,2024-07-05,Morning Star
2025-10-19 19:49:21,775 INFO: UFPT,2024-07-08,Three White Soldiers
2025-10-19 19:49:21,775 INFO: UFPT,2024-07-09,Three White Soldiers
2025-10-19 19:49:21,775 INFO: UFPT,2024-07-10,Hammer
2025-10-19 19:49:21,775 INFO: UFPT,2024-07-15,Morning Star
2025-10-19 19:49:21,775 INFO: UFPT,2024-07-16,Three White Soldiers
2025-10-19 19:49:21,775 INFO: UFPT,2024-07-18,Bullish Engulfing
2025-10-19 19:49:21,807 INFO: UFPT,2024-08-09,Morning Star
2025-10-19 19:49:21,807 INFO: UFPT,2024-08-12,Hammer
2025-10-19 19:49:21,807 INFO: UFPT,2024-08-14,Morning Star
2025-10-19 19:49:21,808 INFO: UFPT,2024-08-16,Three White Soldiers
2025-10-19 19:49:21,808 INFO: UFPT,2024-08-19,Three White Soldiers
2025-10-19 19:49:21,808 INFO: UFPT,2024-08-20,Hammer
2025-10-19 19:49:21,808 INFO: UFPT,2024-08-20,Three White Soldiers
2025-10-19 19:49:21,809 INFO: UFPT,2024-08-27,Piercing Pattern
2025-10-19 19:49:21,809 INFO: UFPT,2024-08-30,Morning Star
2025-10-19 19:49:21,809 INFO: UFPT,2024-09-13,Three White Soldiers
2025-10-19 19:49:21,809 INFO: UFPT,2024-09-16,Three White Soldiers
2025-10-19 19:49:21,809 INFO: UFPT,2024-09-17,Three White Soldiers
2025-10-19 19:49:21,809 INFO: UFPT,2024-09-18,Three White Soldiers
2025-10-19 19:49:21,809 INFO: UFPT,2024-09-19,Three White Soldiers
2025-10-19 19:49:21,809 INFO: UFPT,2024-09-20,Three White Soldiers
2025-10-19 19:49:21,809 INFO: UFPT,2024-10-10,Bullish Engulfing
2025-10-19 19:49:21,809 INFO: UFPT,2024-10-14,Three White Soldiers
2025-10-19 19:49:21,809 INFO: UFPT,2024-10-29,Morning Star
2025-10-19 19:49:21,809 INFO: UFPT,2024-11-05,Three White Soldiers
2025-10-19 19:49:21,809 INFO: UFPT,2024-11-19,Piercing Pattern
2025-10-19 19:49:21,810 INFO: UFPT,2024-11-21,Three White Soldiers
2025-10-19 19:49:21,810 INFO: UFPT,2024-11-22,Three White Soldiers
2025-10-19 19:49:21,811 INFO: UFPT,2024-11-25,Three White Soldiers
2025-10-19 19:49:21,812 INFO: UFPT,2024-11-26,Hammer
2025-10-19 19:49:21,812 INFO: UFPT,2024-11-27,Bullish Engulfing
2025-10-19 19:49:21,812 INFO: UFPT,2024-12-10,Bullish Engulfing
2025-10-19 19:49:21,812 INFO: UFPT,2024-12-10,Morning Star
2025-10-19 19:49:21,813 INFO: UFPT,2024-12-17,Bullish Engulfing
2025-10-19 19:49:21,813 INFO: UFPT,2024-12-20,Morning Star
2025-10-19 19:49:21,816 INFO: UFPT,2024-12-26,Bullish Engulfing
2025-10-19 19:49:21,816 INFO: UFPT,2024-12-26,Morning Star
2025-10-19 19:49:21,842 INFO: UFPT,2024-12-31,Hammer
2025-10-19 19:49:21,843 INFO: UFPT,2025-01-13,Bullish Engulfing
2025-10-19 19:49:21,843 INFO: UFPT,2025-01-24,Piercing Pattern
2025-10-19 19:49:21,843 INFO: UFPT,2025-02-04,Morning Star
2025-10-19 19:49:21,844 INFO: UFPT,2025-02-05,Three White Soldiers
2025-10-19 19:49:21,844 INFO: UFPT,2025-02-14,Morning Star
2025-10-19 19:49:21,844 INFO: UFPT,2025-02-19,Bullish Engulfing
2025-10-19 19:49:21,844 INFO: UFPT,2025-03-19,Bullish Engulfing
2025-10-19 19:49:21,844 INFO: UFPT,2025-03-31,Dragonfly Doji
2025-10-19 19:49:21,845 INFO: UFPT,2025-04-01,Morning Star
2025-10-19 19:49:21,845 INFO: UFPT,2025-04-07,Morning Star
2025-10-19 19:49:21,845 INFO: UFPT,2025-04-09,Bullish Engulfing
2025-10-19 19:49:21,846 INFO: UFPT,2025-04-11,Hammer
2025-10-19 19:49:21,846 INFO: UFPT,2025-04-16,Hammer
2025-10-19 19:49:21,846 INFO: UFPT,2025-04-17,Morning Star
2025-10-19 19:49:21,846 INFO: UFPT,2025-04-21,Hammer
2025-10-19 19:49:21,846 INFO: UFPT,2025-04-25,Hammer
2025-10-19 19:49:21,846 INFO: UFPT,2025-04-29,Three White Soldiers
2025-10-19 19:49:21,847 INFO: UFPT,2025-05-06,Morning Star
2025-10-19 19:49:21,847 INFO: UFPT,2025-05-07,Morning Star
2025-10-19 19:49:21,847 INFO: UFPT,2025-05-08,Three White Soldiers
2025-10-19 19:49:21,847 INFO: UFPT,2025-05-09,Three White Soldiers
2025-10-19 19:49:21,848 INFO: UFPT,2025-05-12,Three White Soldiers
2025-10-19 19:49:21,848 INFO: UFPT,2025-05-13,Three White Soldiers
2025-10-19 19:49:21,849 INFO: UFPT,2025-05-16,Morning Star
2025-10-19 19:49:21,849 INFO: UFPT,2025-05-19,Hammer
2025-10-19 19:49:21,849 INFO: UFPT,2025-05-20,Hammer
2025-10-19 19:49:21,849 INFO: UFPT,2025-05-22,Piercing Pattern
2025-10-19 19:49:21,849 INFO: UFPT,2025-05-30,Hammer
2025-10-19 19:49:21,878 INFO: UFPT,2025-05-30,Morning Star
2025-10-19 19:49:21,878 INFO: UFPT,2025-06-05,Bullish Engulfing
2025-10-19 19:49:21,878 INFO: UFPT,2025-06-24,Morning Star
2025-10-19 19:49:21,878 INFO: UFPT,2025-07-01,Bullish Engulfing
2025-10-19 19:49:21,879 INFO: UFPT,2025-07-01,Morning Star
2025-10-19 19:49:21,879 INFO: UFPT,2025-07-09,Hammer
2025-10-19 19:49:21,879 INFO: UFPT,2025-07-09,Morning Star
2025-10-19 19:49:21,879 INFO: UFPT,2025-07-10,Three White Soldiers
2025-10-19 19:49:21,879 INFO: UFPT,2025-07-17,Piercing Pattern
2025-10-19 19:49:21,879 INFO: UFPT,2025-08-01,Hammer
2025-10-19 19:49:21,879 INFO: UFPT,2025-08-08,Hammer
2025-10-19 19:49:21,879 INFO: UFPT,2025-08-11,Bullish Engulfing
2025-10-19 19:49:21,879 INFO: UFPT,2025-08-11,Morning Star
2025-10-19 19:49:21,880 INFO: UFPT,2025-08-13,Three White Soldiers
2025-10-19 19:49:21,880 INFO: UFPT,2025-09-04,Bullish Engulfing
2025-10-19 19:49:21,880 INFO: UFPT,2025-09-09,Hammer
2025-10-19 19:49:21,880 INFO: UFPT,2025-09-12,Hammer
2025-10-19 19:49:21,880 INFO: UFPT,2025-09-23,Morning Star
2025-10-19 19:49:21,880 INFO: UG,2023-07-19,Morning Star
2025-10-19 19:49:21,880 INFO: UG,2023-07-20,Three White Soldiers
2025-10-19 19:49:21,881 INFO: UG,2023-07-27,Morning Star
2025-10-19 19:49:21,881 INFO: UG,2023-08-07,Morning Star
2025-10-19 19:49:21,881 INFO: UG,2023-08-23,Bullish Engulfing
2025-10-19 19:49:21,881 INFO: UG,2023-09-05,Hammer
2025-10-19 19:49:21,881 INFO: UG,2023-09-15,Hammer
2025-10-19 19:49:21,881 INFO: UG,2023-09-15,Dragonfly Doji
2025-10-19 19:49:21,886 INFO: UG,2023-09-18,Bullish Engulfing
2025-10-19 19:49:21,913 INFO: UG,2023-09-29,Morning Star
2025-10-19 19:49:21,913 INFO: UG,2023-10-04,Hammer
2025-10-19 19:49:21,913 INFO: UG,2023-10-18,Piercing Pattern
2025-10-19 19:49:21,913 INFO: UG,2023-10-25,Hammer
2025-10-19 19:49:21,914 INFO: UG,2023-10-26,Bullish Engulfing
2025-10-19 19:49:21,914 INFO: UG,2023-11-02,Piercing Pattern
2025-10-19 19:49:21,915 INFO: UG,2023-11-09,Hammer
2025-10-19 19:49:21,915 INFO: UG,2023-12-08,Bullish Engulfing
2025-10-19 19:49:21,915 INFO: UG,2023-12-13,Hammer
2025-10-19 19:49:21,917 INFO: UG,2023-12-21,Hammer
2025-10-19 19:49:21,923 INFO: UG,2023-12-29,Piercing Pattern
2025-10-19 19:49:21,923 INFO: UG,2024-01-03,Three White Soldiers
2025-10-19 19:49:21,923 INFO: UG,2024-01-10,Hammer
2025-10-19 19:49:21,923 INFO: UG,2024-01-12,Bullish Engulfing
2025-10-19 19:49:21,923 INFO: UG,2024-01-26,Morning Star
2025-10-19 19:49:21,934 INFO: UG,2024-02-02,Three White Soldiers
2025-10-19 19:49:21,934 INFO: UG,2024-03-22,Morning Star
2025-10-19 19:49:21,935 INFO: UG,2024-04-02,Hammer
2025-10-19 19:49:21,935 INFO: UG,2024-04-02,Dragonfly Doji
2025-10-19 19:49:21,935 INFO: UG,2024-04-03,Hammer
2025-10-19 19:49:21,936 INFO: UG,2024-04-09,Morning Star
2025-10-19 19:49:21,936 INFO: UG,2024-04-24,Three White Soldiers
2025-10-19 19:49:21,937 INFO: UG,2024-05-08,Bullish Engulfing
2025-10-19 19:49:21,937 INFO: UG,2024-05-10,Bullish Engulfing
2025-10-19 19:49:21,937 INFO: UG,2024-05-15,Hammer
2025-10-19 19:49:21,937 INFO: UG,2024-05-15,Dragonfly Doji
2025-10-19 19:49:21,937 INFO: UG,2024-05-16,Hammer
2025-10-19 19:49:21,937 INFO: UG,2024-05-16,Morning Star
2025-10-19 19:49:21,937 INFO: UG,2024-05-23,Piercing Pattern
2025-10-19 19:49:21,937 INFO: UG,2024-05-30,Three White Soldiers
2025-10-19 19:49:21,937 INFO: UG,2024-05-31,Three White Soldiers
2025-10-19 19:49:21,937 INFO: UG,2024-06-11,Morning Star
2025-10-19 19:49:21,937 INFO: UG,2024-06-14,Morning Star
2025-10-19 19:49:21,937 INFO: UG,2024-06-17,Three White Soldiers
2025-10-19 19:49:21,938 INFO: UG,2024-06-21,Bullish Engulfing
2025-10-19 19:49:21,938 INFO: UG,2024-06-26,Dragonfly Doji
2025-10-19 19:49:21,938 INFO: UG,2024-07-10,Three White Soldiers
2025-10-19 19:49:21,938 INFO: UG,2024-07-17,Hammer
2025-10-19 19:49:21,938 INFO: UG,2024-07-29,Morning Star
2025-10-19 19:49:21,938 INFO: UG,2024-08-02,Bullish Engulfing
2025-10-19 19:49:21,938 INFO: UG,2024-08-06,Hammer
2025-10-19 19:49:21,939 INFO: UG,2024-08-09,Hammer
2025-10-19 19:49:21,939 INFO: UG,2024-08-14,Hammer
2025-10-19 19:49:21,939 INFO: UG,2024-08-19,Three White Soldiers
2025-10-19 19:49:21,939 INFO: UG,2024-08-20,Three White Soldiers
2025-10-19 19:49:21,971 INFO: UG,2024-08-23,Hammer
2025-10-19 19:49:21,973 INFO: UG,2024-08-28,Three White Soldiers
2025-10-19 19:49:21,973 INFO: UG,2024-09-09,Morning Star
2025-10-19 19:49:21,973 INFO: UG,2024-09-20,Dragonfly Doji
2025-10-19 19:49:21,973 INFO: UG,2024-10-11,Morning Star
2025-10-19 19:49:21,973 INFO: UG,2024-10-14,Three White Soldiers
2025-10-19 19:49:21,973 INFO: UG,2024-10-15,Three White Soldiers
2025-10-19 19:49:21,973 INFO: UG,2024-10-16,Hammer
2025-10-19 19:49:21,974 INFO: UG,2024-10-23,Piercing Pattern
2025-10-19 19:49:21,974 INFO: UG,2024-10-28,Bullish Engulfing
2025-10-19 19:49:21,974 INFO: UG,2024-11-18,Bullish Engulfing
2025-10-19 19:49:21,975 INFO: UG,2024-12-04,Bullish Engulfing
2025-10-19 19:49:21,975 INFO: UG,2024-12-16,Hammer
2025-10-19 19:49:21,975 INFO: UG,2024-12-19,Hammer
2025-10-19 19:49:21,976 INFO: UG,2024-12-23,Hammer
2025-10-19 19:49:21,994 INFO: UG,2025-01-03,Morning Star
2025-10-19 19:49:21,996 INFO: UG,2025-01-07,Three White Soldiers
2025-10-19 19:49:21,997 INFO: UG,2025-01-15,Bullish Engulfing
2025-10-19 19:49:21,997 INFO: UG,2025-01-21,Bullish Engulfing
2025-10-19 19:49:21,997 INFO: UG,2025-01-23,Hammer
2025-10-19 19:49:22,023 INFO: UG,2025-01-23,Dragonfly Doji
2025-10-19 19:49:22,024 INFO: UG,2025-01-24,Morning Star
2025-10-19 19:49:22,024 INFO: UG,2025-01-29,Hammer
2025-10-19 19:49:22,026 INFO: UG,2025-01-29,Dragonfly Doji
2025-10-19 19:49:22,027 INFO: UG,2025-01-31,Hammer
2025-10-19 19:49:22,027 INFO: UG,2025-01-31,Dragonfly Doji
2025-10-19 19:49:22,027 INFO: UG,2025-02-10,Hammer
2025-10-19 19:49:22,027 INFO: UG,2025-02-11,Hammer
2025-10-19 19:49:22,027 INFO: UG,2025-02-19,Hammer
2025-10-19 19:49:22,027 INFO: UG,2025-02-26,Piercing Pattern
2025-10-19 19:49:22,027 INFO: UG,2025-03-04,Hammer
2025-10-19 19:49:22,027 INFO: UG,2025-03-20,Hammer
2025-10-19 19:49:22,027 INFO: UG,2025-03-27,Bullish Engulfing
2025-10-19 19:49:22,028 INFO: UG,2025-04-23,Hammer
2025-10-19 19:49:22,028 INFO: UG,2025-04-23,Dragonfly Doji
2025-10-19 19:49:22,028 INFO: UG,2025-04-30,Bullish Engulfing
2025-10-19 19:49:22,028 INFO: UG,2025-05-15,Morning Star
2025-10-19 19:49:22,028 INFO: UG,2025-05-20,Piercing Pattern
2025-10-19 19:49:22,028 INFO: UG,2025-05-27,Morning Star
2025-10-19 19:49:22,028 INFO: UG,2025-06-04,Hammer
2025-10-19 19:49:22,028 INFO: UG,2025-06-06,Bullish Engulfing
2025-10-19 19:49:22,029 INFO: UG,2025-06-25,Bullish Engulfing
2025-10-19 19:49:22,029 INFO: UG,2025-07-10,Morning Star
2025-10-19 19:49:22,029 INFO: UG,2025-07-15,Hammer
2025-10-19 19:49:22,029 INFO: UG,2025-07-15,Morning Star
2025-10-19 19:49:22,029 INFO: UG,2025-08-20,Morning Star
2025-10-19 19:49:22,029 INFO: UG,2025-08-22,Three White Soldiers
2025-10-19 19:49:22,029 INFO: UG,2025-08-27,Hammer
2025-10-19 19:49:22,029 INFO: UG,2025-08-29,Hammer
2025-10-19 19:49:22,029 INFO: UG,2025-08-29,Morning Star
2025-10-19 19:49:22,029 INFO: UG,2025-09-02,Hammer
2025-10-19 19:49:22,029 INFO: UG,2025-09-02,Three White Soldiers
2025-10-19 19:49:22,030 INFO: UG,2025-09-03,Three White Soldiers
2025-10-19 19:49:22,030 INFO: UG,2025-09-04,Hammer
2025-10-19 19:49:22,030 INFO: UG,2025-09-04,Dragonfly Doji
2025-10-19 19:49:22,030 INFO: UHG,2023-07-10,Morning Star
2025-10-19 19:49:22,030 INFO: UHG,2023-07-11,Hammer
2025-10-19 19:49:22,030 INFO: UHG,2023-07-11,Dragonfly Doji
2025-10-19 19:49:22,031 INFO: UHG,2023-07-14,Bullish Engulfing
2025-10-19 19:49:22,031 INFO: UHG,2023-07-18,Three White Soldiers
2025-10-19 19:49:22,031 INFO: UHG,2023-07-19,Three White Soldiers
2025-10-19 19:49:22,032 INFO: UHG,2023-07-27,Hammer
2025-10-19 19:49:22,033 INFO: UHG,2023-08-01,Hammer
2025-10-19 19:49:22,035 INFO: UHG,2023-08-18,Hammer
2025-10-19 19:49:22,035 INFO: UHG,2023-08-21,Bullish Engulfing
2025-10-19 19:49:22,036 INFO: UHG,2023-09-28,Piercing Pattern
2025-10-19 19:49:22,036 INFO: UHG,2023-10-17,Morning Star
2025-10-19 19:49:22,036 INFO: UHG,2023-10-18,Hammer
2025-10-19 19:49:22,036 INFO: UHG,2023-10-18,Three White Soldiers
2025-10-19 19:49:22,036 INFO: UHG,2023-10-30,Morning Star
2025-10-19 19:49:22,036 INFO: UHG,2023-10-31,Three White Soldiers
2025-10-19 19:49:22,037 INFO: UHG,2023-11-14,Three White Soldiers
2025-10-19 19:49:22,037 INFO: UHG,2023-11-15,Three White Soldiers
2025-10-19 19:49:22,037 INFO: UHG,2023-11-20,Hammer
2025-10-19 19:49:22,037 INFO: UHG,2023-11-20,Morning Star
2025-10-19 19:49:22,038 INFO: UHG,2023-11-24,Three White Soldiers
2025-10-19 19:49:22,038 INFO: UHG,2023-11-29,Morning Star
2025-10-19 19:49:22,038 INFO: UHG,2023-12-04,Morning Star
2025-10-19 19:49:22,038 INFO: UHG,2023-12-05,Dragonfly Doji
2025-10-19 19:49:22,039 INFO: UHG,2023-12-21,Three White Soldiers
2025-10-19 19:49:22,039 INFO: UHG,2023-12-22,Three White Soldiers
2025-10-19 19:49:22,039 INFO: UHG,2024-01-05,Hammer
2025-10-19 19:49:22,039 INFO: UHG,2024-01-16,Hammer
2025-10-19 19:49:22,070 INFO: UHG,2024-01-22,Dragonfly Doji
2025-10-19 19:49:22,103 INFO: UHG,2024-01-26,Bullish Engulfing
2025-10-19 19:49:22,109 INFO: UHG,2024-02-06,Bullish Engulfing
2025-10-19 19:49:22,109 INFO: UHG,2024-02-08,Bullish Engulfing
2025-10-19 19:49:22,109 INFO: UHG,2024-02-14,Bullish Engulfing
2025-10-19 19:49:22,110 INFO: UHG,2024-02-22,Morning Star
2025-10-19 19:49:22,110 INFO: UHG,2024-03-08,Hammer
2025-10-19 19:49:22,111 INFO: UHG,2024-03-12,Bullish Engulfing
2025-10-19 19:49:22,111 INFO: UHG,2024-03-13,Dragonfly Doji
2025-10-19 19:49:22,111 INFO: UHG,2024-03-21,Hammer
2025-10-19 19:49:22,111 INFO: UHG,2024-03-21,Dragonfly Doji
2025-10-19 19:49:22,111 INFO: UHG,2024-03-27,Morning Star
2025-10-19 19:49:22,111 INFO: UHG,2024-04-05,Three White Soldiers
2025-10-19 19:49:22,111 INFO: UHG,2024-04-15,Bullish Engulfing
2025-10-19 19:49:22,113 INFO: UHG,2024-04-17,Hammer
2025-10-19 19:49:22,113 INFO: UHG,2024-04-17,Dragonfly Doji
2025-10-19 19:49:22,113 INFO: UHG,2024-04-22,Morning Star
2025-10-19 19:49:22,113 INFO: UHG,2024-05-09,Hammer
2025-10-19 19:49:22,114 INFO: UHG,2024-05-31,Morning Star
2025-10-19 19:49:22,132 INFO: UHG,2024-06-03,Three White Soldiers
2025-10-19 19:49:22,136 INFO: UHG,2024-06-06,Hammer
2025-10-19 19:49:22,136 INFO: UHG,2024-06-11,Hammer
2025-10-19 19:49:22,136 INFO: UHG,2024-06-27,Three White Soldiers
2025-10-19 19:49:22,136 INFO: UHG,2024-07-10,Hammer
2025-10-19 19:49:22,136 INFO: UHG,2024-07-11,Three White Soldiers
2025-10-19 19:49:22,136 INFO: UHG,2024-07-12,Dragonfly Doji
2025-10-19 19:49:22,136 INFO: UHG,2024-07-15,Hammer
2025-10-19 19:49:22,136 INFO: UHG,2024-07-16,Dragonfly Doji
2025-10-19 19:49:22,136 INFO: UHG,2024-08-13,Hammer
2025-10-19 19:49:22,136 INFO: UHG,2024-08-14,Three White Soldiers
2025-10-19 19:49:22,136 INFO: UHG,2024-08-15,Three White Soldiers
2025-10-19 19:49:22,136 INFO: UHG,2024-08-16,Three White Soldiers
2025-10-19 19:49:22,136 INFO: UHG,2024-09-04,Bullish Engulfing
2025-10-19 19:49:22,137 INFO: UHG,2024-09-18,Bullish Engulfing
2025-10-19 19:49:22,137 INFO: UHG,2024-09-20,Three White Soldiers
2025-10-19 19:49:22,137 INFO: UHG,2024-09-23,Hammer
2025-10-19 19:49:22,137 INFO: UHG,2024-09-23,Three White Soldiers
2025-10-19 19:49:22,137 INFO: UHG,2024-09-23,Dragonfly Doji
2025-10-19 19:49:22,138 INFO: UHG,2024-09-27,Morning Star
2025-10-19 19:49:22,138 INFO: UHG,2024-10-10,Morning Star
2025-10-19 19:49:22,138 INFO: UHG,2024-10-14,Hammer
2025-10-19 19:49:22,138 INFO: UHG,2024-10-23,Bullish Engulfing
2025-10-19 19:49:22,138 INFO: UHG,2024-10-28,Bullish Engulfing
2025-10-19 19:49:22,138 INFO: UHG,2024-11-07,Three White Soldiers
2025-10-19 19:49:22,138 INFO: UHG,2024-12-04,Hammer
2025-10-19 19:49:22,138 INFO: UHG,2024-12-11,Dragonfly Doji
2025-10-19 19:49:22,138 INFO: UHG,2024-12-23,Three White Soldiers
2025-10-19 19:49:22,138 INFO: UHG,2024-12-24,Three White Soldiers
2025-10-19 19:49:22,138 INFO: UHG,2024-12-26,Three White Soldiers
2025-10-19 19:49:22,138 INFO: UHG,2024-12-27,Hammer
2025-10-19 19:49:22,138 INFO: UHG,2025-01-23,Bullish Engulfing
2025-10-19 19:49:22,138 INFO: UHG,2025-02-04,Bullish Engulfing
2025-10-19 19:49:22,138 INFO: UHG,2025-02-24,Hammer
2025-10-19 19:49:22,138 INFO: UHG,2025-03-05,Morning Star
2025-10-19 19:49:22,138 INFO: UHG,2025-03-10,Dragonfly Doji
2025-10-19 19:49:22,138 INFO: UHG,2025-03-14,Dragonfly Doji
2025-10-19 19:49:22,138 INFO: UHG,2025-03-18,Piercing Pattern
2025-10-19 19:49:22,138 INFO: UHG,2025-04-02,Bullish Engulfing
2025-10-19 19:49:22,138 INFO: UHG,2025-04-21,Bullish Engulfing
2025-10-19 19:49:22,169 INFO: UHG,2025-04-21,Morning Star
2025-10-19 19:49:22,170 INFO: UHG,2025-04-29,Hammer
2025-10-19 19:49:22,170 INFO: UHG,2025-05-20,Bullish Engulfing
2025-10-19 19:49:22,170 INFO: UHG,2025-05-23,Bullish Engulfing
2025-10-19 19:49:22,170 INFO: UHG,2025-05-23,Morning Star
2025-10-19 19:49:22,170 INFO: UHG,2025-05-30,Three White Soldiers
2025-10-19 19:49:22,170 INFO: UHG,2025-06-02,Three White Soldiers
2025-10-19 19:49:22,170 INFO: UHG,2025-06-03,Three White Soldiers
2025-10-19 19:49:22,170 INFO: UHG,2025-06-09,Morning Star
2025-10-19 19:49:22,171 INFO: UHG,2025-06-16,Piercing Pattern
2025-10-19 19:49:22,171 INFO: UHG,2025-06-24,Morning Star
2025-10-19 19:49:22,172 INFO: UHG,2025-06-26,Three White Soldiers
2025-10-19 19:49:22,172 INFO: UHG,2025-07-09,Hammer
2025-10-19 19:49:22,172 INFO: UHG,2025-07-11,Three White Soldiers
2025-10-19 19:49:22,173 INFO: UHG,2025-07-17,Three White Soldiers
2025-10-19 19:49:22,173 INFO: UHG,2025-07-22,Morning Star
2025-10-19 19:49:22,201 INFO: UHG,2025-08-07,Bullish Engulfing
2025-10-19 19:49:22,202 INFO: UHG,2025-08-13,Bullish Engulfing
2025-10-19 19:49:22,202 INFO: UHG,2025-09-04,Hammer
2025-10-19 19:49:22,202 INFO: UHG,2025-09-05,Morning Star
2025-10-19 19:49:22,202 INFO: UHG,2025-09-10,Morning Star
2025-10-19 19:49:22,202 INFO: UHG,2025-09-18,Morning Star
2025-10-19 19:49:22,202 INFO: UITB,2023-07-10,Bullish Engulfing
2025-10-19 19:49:22,202 INFO: UITB,2023-07-10,Morning Star
2025-10-19 19:49:22,202 INFO: UITB,2023-07-12,Three White Soldiers
2025-10-19 19:49:22,202 INFO: UITB,2023-07-13,Three White Soldiers
2025-10-19 19:49:22,202 INFO: UITB,2023-07-17,Piercing Pattern
2025-10-19 19:49:22,202 INFO: UITB,2023-07-21,Bullish Engulfing
2025-10-19 19:49:22,204 INFO: UITB,2023-07-31,Morning Star
2025-10-19 19:49:22,204 INFO: UITB,2023-08-09,Three White Soldiers
2025-10-19 19:49:22,204 INFO: UITB,2023-08-28,Morning Star
2025-10-19 19:49:22,204 INFO: UITB,2023-08-29,Three White Soldiers
2025-10-19 19:49:22,204 INFO: UITB,2023-09-08,Morning Star
2025-10-19 19:49:22,204 INFO: UITB,2023-09-12,Dragonfly Doji
2025-10-19 19:49:22,204 INFO: UITB,2023-09-13,Morning Star
2025-10-19 19:49:22,205 INFO: UITB,2023-09-18,Piercing Pattern
2025-10-19 19:49:22,205 INFO: UITB,2023-10-05,Morning Star
2025-10-19 19:49:22,205 INFO: UITB,2023-10-23,Morning Star
2025-10-19 19:49:22,240 INFO: UITB,2023-10-27,Hammer
2025-10-19 19:49:22,300 INFO: UITB,2023-11-08,Morning Star
2025-10-19 19:49:22,302 INFO: UITB,2023-11-20,Three White Soldiers
2025-10-19 19:49:22,303 INFO: UITB,2023-11-21,Hammer
2025-10-19 19:49:22,303 INFO: UITB,2023-11-27,Morning Star
2025-10-19 19:49:22,303 INFO: UITB,2023-11-28,Three White Soldiers
2025-10-19 19:49:22,303 INFO: UITB,2023-11-29,Three White Soldiers
2025-10-19 19:49:22,303 INFO: UITB,2023-12-01,Bullish Engulfing
2025-10-19 19:49:22,303 INFO: UITB,2023-12-14,Three White Soldiers
2025-10-19 19:49:22,303 INFO: UITB,2023-12-19,Bullish Engulfing
2025-10-19 19:49:22,303 INFO: UITB,2023-12-27,Morning Star
2025-10-19 19:49:22,304 INFO: UITB,2024-01-03,Hammer
2025-10-19 19:49:22,304 INFO: UITB,2024-01-03,Bullish Engulfing
2025-10-19 19:49:22,304 INFO: UITB,2024-01-17,Hammer
2025-10-19 19:49:22,304 INFO: UITB,2024-01-19,Hammer
2025-10-19 19:49:22,304 INFO: UITB,2024-01-23,Hammer
2025-10-19 19:49:22,304 INFO: UITB,2024-01-25,Hammer
2025-10-19 19:49:22,304 INFO: UITB,2024-02-02,Hammer
2025-10-19 19:49:22,304 INFO: UITB,2024-02-23,Morning Star
2025-10-19 19:49:22,304 INFO: UITB,2024-02-28,Bullish Engulfing
2025-10-19 19:49:22,305 INFO: UITB,2024-02-28,Morning Star
2025-10-19 19:49:22,305 INFO: UITB,2024-03-05,Hammer
2025-10-19 19:49:22,305 INFO: UITB,2024-03-26,Bullish Engulfing
2025-10-19 19:49:22,305 INFO: UITB,2024-04-22,Bullish Engulfing
2025-10-19 19:49:22,305 INFO: UITB,2024-04-22,Morning Star
2025-10-19 19:49:22,305 INFO: UITB,2024-04-24,Dragonfly Doji
2025-10-19 19:49:22,308 INFO: UITB,2024-04-29,Three White Soldiers
2025-10-19 19:49:22,308 INFO: UITB,2024-05-02,Three White Soldiers
2025-10-19 19:49:22,309 INFO: UITB,2024-05-09,Piercing Pattern
2025-10-19 19:49:22,309 INFO: UITB,2024-06-03,Three White Soldiers
2025-10-19 19:49:22,309 INFO: UITB,2024-06-04,Three White Soldiers
2025-10-19 19:49:22,310 INFO: UITB,2024-06-05,Three White Soldiers
2025-10-19 19:49:22,310 INFO: UITB,2024-06-06,Three White Soldiers
2025-10-19 19:49:22,311 INFO: UITB,2024-06-14,Morning Star
2025-10-19 19:49:22,313 INFO: UITB,2024-06-20,Hammer
2025-10-19 19:49:22,314 INFO: UITB,2024-06-24,Hammer
2025-10-19 19:49:22,317 INFO: UITB,2024-07-08,Hammer
2025-10-19 19:49:22,317 INFO: UITB,2024-07-08,Three White Soldiers
2025-10-19 19:49:22,317 INFO: UITB,2024-07-17,Three White Soldiers
2025-10-19 19:49:22,317 INFO: UITB,2024-07-30,Hammer
2025-10-19 19:49:22,317 INFO: UITB,2024-08-01,Three White Soldiers
2025-10-19 19:49:22,317 INFO: UITB,2024-08-02,Three White Soldiers
2025-10-19 19:49:22,318 INFO: UITB,2024-08-13,Hammer
2025-10-19 19:49:22,318 INFO: UITB,2024-08-15,Hammer
2025-10-19 19:49:22,318 INFO: UITB,2024-08-16,Dragonfly Doji
2025-10-19 19:49:22,318 INFO: UITB,2024-08-21,Three White Soldiers
2025-10-19 19:49:22,410 INFO: UITB,2024-09-04,Morning Star
2025-10-19 19:49:22,442 INFO: UITB,2024-09-10,Three White Soldiers
2025-10-19 19:49:22,442 INFO: UITB,2024-09-11,Three White Soldiers
2025-10-19 19:49:22,442 INFO: UITB,2024-09-13,Hammer
2025-10-19 19:49:22,443 INFO: UITB,2024-09-26,Hammer
2025-10-19 19:49:22,443 INFO: UITB,2024-09-27,Morning Star
2025-10-19 19:49:22,443 INFO: UITB,2024-10-02,Morning Star
2025-10-19 19:49:22,443 INFO: UITB,2024-11-05,Bullish Engulfing
2025-10-19 19:49:22,477 INFO: UITB,2024-11-05,Morning Star
2025-10-19 19:49:22,477 INFO: UITB,2024-11-08,Three White Soldiers
2025-10-19 19:49:22,477 INFO: UITB,2024-11-11,Dragonfly Doji
2025-10-19 19:49:22,477 INFO: UITB,2024-11-19,Three White Soldiers
2025-10-19 19:49:22,477 INFO: UITB,2024-11-25,Hammer
2025-10-19 19:49:22,477 INFO: UITB,2024-11-25,Dragonfly Doji
2025-10-19 19:49:22,505 INFO: UITB,2024-11-29,Morning Star
2025-10-19 19:49:22,506 INFO: UITB,2024-12-04,Bullish Engulfing
2025-10-19 19:49:22,506 INFO: UITB,2025-02-04,Bullish Engulfing
2025-10-19 19:49:22,506 INFO: UITB,2025-02-07,Hammer
2025-10-19 19:49:22,506 INFO: UITB,2025-02-19,Piercing Pattern
2025-10-19 19:49:22,507 INFO: UITB,2025-02-21,Three White Soldiers
2025-10-19 19:49:22,507 INFO: UITB,2025-02-24,Three White Soldiers
2025-10-19 19:49:22,507 INFO: UITB,2025-02-25,Hammer
2025-10-19 19:49:22,507 INFO: UITB,2025-02-25,Three White Soldiers
2025-10-19 19:49:22,507 INFO: UITB,2025-02-26,Three White Soldiers
2025-10-19 19:49:22,507 INFO: UITB,2025-03-13,Bullish Engulfing
2025-10-19 19:49:22,507 INFO: UITB,2025-03-18,Bullish Engulfing
2025-10-19 19:49:22,507 INFO: UITB,2025-03-25,Piercing Pattern
2025-10-19 19:49:22,508 INFO: UITB,2025-03-28,Morning Star
2025-10-19 19:49:22,508 INFO: UITB,2025-03-31,Hammer
2025-10-19 19:49:22,508 INFO: UITB,2025-04-15,Three White Soldiers
2025-10-19 19:49:22,508 INFO: UITB,2025-04-16,Three White Soldiers
2025-10-19 19:49:22,508 INFO: UITB,2025-04-25,Morning Star
2025-10-19 19:49:22,509 INFO: UITB,2025-04-28,Three White Soldiers
2025-10-19 19:49:22,509 INFO: UITB,2025-04-29,Three White Soldiers
2025-10-19 19:49:22,509 INFO: UITB,2025-05-05,Hammer
2025-10-19 19:49:22,509 INFO: UITB,2025-05-06,Bullish Engulfing
2025-10-19 19:49:22,509 INFO: UITB,2025-05-22,Piercing Pattern
2025-10-19 19:49:22,509 INFO: UITB,2025-06-09,Piercing Pattern
2025-10-19 19:49:22,509 INFO: UITB,2025-06-20,Bullish Engulfing
2025-10-19 19:49:22,509 INFO: UITB,2025-06-26,Three White Soldiers
2025-10-19 19:49:22,509 INFO: UITB,2025-07-09,Morning Star
2025-10-19 19:49:22,509 INFO: UITB,2025-07-10,Hammer
2025-10-19 19:49:22,509 INFO: UITB,2025-07-10,Three White Soldiers
2025-10-19 19:49:22,510 INFO: UITB,2025-08-28,Three White Soldiers
2025-10-19 19:49:22,510 INFO: UITB,2025-09-04,Three White Soldiers
2025-10-19 19:49:22,511 INFO: UITB,2025-09-11,Morning Star
2025-10-19 19:49:22,511 INFO: UITB,2025-09-16,Three White Soldiers
2025-10-19 19:49:22,511 INFO: UITB,2025-09-25,Hammer
2025-10-19 19:49:22,511 INFO: UIVM,2023-07-10,Three White Soldiers
2025-10-19 19:49:22,511 INFO: UIVM,2023-07-11,Three White Soldiers
2025-10-19 19:49:22,511 INFO: UIVM,2023-07-12,Three White Soldiers
2025-10-19 19:49:22,512 INFO: UIVM,2023-07-13,Hammer
2025-10-19 19:49:22,512 INFO: UIVM,2023-07-20,Morning Star
2025-10-19 19:49:22,512 INFO: UIVM,2023-07-25,Piercing Pattern
2025-10-19 19:49:22,513 INFO: UIVM,2023-08-21,Hammer
2025-10-19 19:49:22,513 INFO: UIVM,2023-08-21,Dragonfly Doji
2025-10-19 19:49:22,513 INFO: UIVM,2023-09-25,Hammer
2025-10-19 19:49:22,513 INFO: UIVM,2023-09-28,Morning Star
2025-10-19 19:49:22,513 INFO: UIVM,2023-10-24,Hammer
2025-10-19 19:49:22,514 INFO: UIVM,2023-11-01,Three White Soldiers
2025-10-19 19:49:22,514 INFO: UIVM,2023-11-02,Three White Soldiers
2025-10-19 19:49:22,514 INFO: UIVM,2023-11-13,Dragonfly Doji
2025-10-19 19:49:22,515 INFO: UIVM,2023-11-20,Three White Soldiers
2025-10-19 19:49:22,516 INFO: UIVM,2023-11-22,Hammer
2025-10-19 19:49:22,547 INFO: UIVM,2023-12-12,Bullish Engulfing
2025-10-19 19:49:22,547 INFO: UIVM,2023-12-12,Morning Star
2025-10-19 19:49:22,606 INFO: UIVM,2024-01-10,Hammer
2025-10-19 19:49:22,611 INFO: UIVM,2024-03-27,Morning Star
2025-10-19 19:49:22,611 INFO: UIVM,2024-05-10,Three White Soldiers
2025-10-19 19:49:22,611 INFO: UIVM,2024-05-20,Morning Star
2025-10-19 19:49:22,611 INFO: UIVM,2024-05-28,Hammer
2025-10-19 19:49:22,611 INFO: UIVM,2024-05-31,Three White Soldiers
2025-10-19 19:49:22,611 INFO: UIVM,2024-07-05,Three White Soldiers
2025-10-19 19:49:22,611 INFO: UIVM,2024-07-10,Morning Star
2025-10-19 19:49:22,611 INFO: UIVM,2024-07-26,Morning Star
2025-10-19 19:49:22,611 INFO: UIVM,2024-08-15,Three White Soldiers
2025-10-19 19:49:22,611 INFO: UIVM,2024-08-16,Three White Soldiers
2025-10-19 19:49:22,638 INFO: UIVM,2024-08-19,Three White Soldiers
2025-10-19 19:49:22,639 INFO: UIVM,2024-08-30,Morning Star
2025-10-19 19:49:22,639 INFO: UIVM,2024-09-20,Hammer
2025-10-19 19:49:22,639 INFO: UIVM,2024-09-23,Hammer
2025-10-19 19:49:22,639 INFO: UIVM,2024-09-24,Morning Star
2025-10-19 19:49:22,639 INFO: UIVM,2024-10-16,Dragonfly Doji
2025-10-19 19:49:22,640 INFO: UIVM,2024-10-31,Hammer
2025-10-19 19:49:22,640 INFO: UIVM,2024-11-05,Morning Star
2025-10-19 19:49:22,640 INFO: UIVM,2024-11-15,Hammer
2025-10-19 19:49:22,641 INFO: UIVM,2024-12-05,Morning Star
2025-10-19 19:49:22,643 INFO: UIVM,2024-12-31,Hammer
2025-10-19 19:49:22,643 INFO: UIVM,2024-12-31,Dragonfly Doji
2025-10-19 19:49:22,643 INFO: UIVM,2025-01-15,Three White Soldiers
2025-10-19 19:49:22,643 INFO: UIVM,2025-01-21,Hammer
2025-10-19 19:49:22,643 INFO: UIVM,2025-02-11,Morning Star
2025-10-19 19:49:22,644 INFO: UIVM,2025-03-19,Bullish Engulfing
2025-10-19 19:49:22,644 INFO: UIVM,2025-04-28,Three White Soldiers
2025-10-19 19:49:22,644 INFO: UIVM,2025-05-07,Morning Star
2025-10-19 19:49:22,644 INFO: UIVM,2025-05-20,Three White Soldiers
2025-10-19 19:49:22,644 INFO: UIVM,2025-05-23,Morning Star
2025-10-19 19:49:22,645 INFO: UIVM,2025-06-09,Bullish Engulfing
2025-10-19 19:49:22,645 INFO: UIVM,2025-06-09,Morning Star
2025-10-19 19:49:22,645 INFO: UIVM,2025-06-12,Hammer
2025-10-19 19:49:22,645 INFO: UIVM,2025-06-12,Dragonfly Doji
2025-10-19 19:49:22,645 INFO: UIVM,2025-06-13,Morning Star
2025-10-19 19:49:22,672 INFO: UIVM,2025-06-23,Bullish Engulfing
2025-10-19 19:49:22,673 INFO: UIVM,2025-06-27,Hammer
2025-10-19 19:49:22,673 INFO: UIVM,2025-07-01,Dragonfly Doji
2025-10-19 19:49:22,673 INFO: UIVM,2025-07-09,Morning Star
2025-10-19 19:49:22,695 INFO: UIVM,2025-07-16,Hammer
2025-10-19 19:49:22,767 INFO: UIVM,2025-07-22,Morning Star
2025-10-19 19:49:22,768 INFO: UIVM,2025-07-23,Three White Soldiers
2025-10-19 19:49:22,775 INFO: UIVM,2025-08-01,Piercing Pattern
2025-10-19 19:49:22,775 INFO: UIVM,2025-08-11,Morning Star
2025-10-19 19:49:22,775 INFO: UIVM,2025-09-04,Three White Soldiers
2025-10-19 19:49:22,775 INFO: UIVM,2025-09-16,Morning Star
2025-10-19 19:49:22,775 INFO: UK,2023-07-03,Hammer
2025-10-19 19:49:22,776 INFO: UK,2023-07-24,Piercing Pattern
2025-10-19 19:49:22,776 INFO: UK,2023-07-26,Dragonfly Doji
2025-10-19 19:49:22,777 INFO: UK,2023-08-24,Hammer
2025-10-19 19:49:22,777 INFO: UK,2023-08-25,Dragonfly Doji
2025-10-19 19:49:22,777 INFO: UK,2023-08-30,Morning Star
2025-10-19 19:49:22,777 INFO: UK,2023-09-01,Hammer
2025-10-19 19:49:22,777 INFO: UK,2023-09-05,Morning Star
2025-10-19 19:49:22,777 INFO: UK,2023-09-07,Hammer
2025-10-19 19:49:22,777 INFO: UK,2023-09-07,Dragonfly Doji
2025-10-19 19:49:22,777 INFO: UK,2023-09-11,Hammer
2025-10-19 19:49:22,777 INFO: UK,2023-09-25,Morning Star
2025-10-19 19:49:22,777 INFO: UK,2023-09-28,Morning Star
2025-10-19 19:49:22,785 INFO: UK,2023-10-05,Morning Star
2025-10-19 19:49:22,785 INFO: UK,2023-10-13,Bullish Engulfing
2025-10-19 19:49:22,786 INFO: UK,2023-10-24,Hammer
2025-10-19 19:49:22,786 INFO: UK,2023-10-24,Dragonfly Doji
2025-10-19 19:49:22,786 INFO: UK,2023-10-27,Hammer
2025-10-19 19:49:22,831 INFO: UK,2023-10-27,Dragonfly Doji
2025-10-19 19:49:22,831 INFO: UK,2023-11-03,Bullish Engulfing
2025-10-19 19:49:22,831 INFO: UK,2023-11-03,Morning Star
2025-10-19 19:49:22,857 INFO: UK,2023-11-07,Three White Soldiers
2025-10-19 19:49:22,858 INFO: UK,2023-11-08,Three White Soldiers
2025-10-19 19:49:22,858 INFO: UK,2023-11-24,Morning Star
2025-10-19 19:49:22,858 INFO: UK,2023-11-27,Hammer
2025-10-19 19:49:22,858 INFO: UK,2023-12-28,Bullish Engulfing
2025-10-19 19:49:22,859 INFO: UK,2024-01-19,Morning Star
2025-10-19 19:49:22,859 INFO: UK,2024-01-29,Hammer
2025-10-19 19:49:22,859 INFO: UK,2024-02-06,Hammer
2025-10-19 19:49:22,860 INFO: UK,2024-02-12,Three White Soldiers
2025-10-19 19:49:22,860 INFO: UK,2024-02-16,Hammer
2025-10-19 19:49:22,860 INFO: UK,2024-02-21,Piercing Pattern
2025-10-19 19:49:22,860 INFO: UK,2024-02-26,Piercing Pattern
2025-10-19 19:49:22,860 INFO: UK,2024-02-29,Bullish Engulfing
2025-10-19 19:49:22,860 INFO: UK,2024-03-04,Three White Soldiers
2025-10-19 19:49:22,860 INFO: UK,2024-03-05,Hammer
2025-10-19 19:49:22,860 INFO: UK,2024-03-27,Piercing Pattern
2025-10-19 19:49:22,861 INFO: UK,2024-04-02,Hammer
2025-10-19 19:49:22,887 INFO: UK,2024-04-25,Hammer
2025-10-19 19:49:22,915 INFO: UK,2024-05-02,Dragonfly Doji
2025-10-19 19:49:22,915 INFO: UK,2024-05-03,Hammer
2025-10-19 19:49:22,915 INFO: UK,2024-05-10,Hammer
2025-10-19 19:49:22,915 INFO: UK,2024-06-18,Hammer
2025-10-19 19:49:22,915 INFO: UK,2024-06-21,Hammer
2025-10-19 19:49:22,915 INFO: UK,2024-06-24,Morning Star
2025-10-19 19:49:22,915 INFO: UK,2024-08-08,Hammer
2025-10-19 19:49:22,915 INFO: UK,2024-09-12,Hammer
2025-10-19 19:49:22,915 INFO: UK,2024-09-13,Hammer
2025-10-19 19:49:22,923 INFO: UK,2024-09-23,Piercing Pattern
2025-10-19 19:49:22,924 INFO: UK,2024-10-17,Morning Star
2025-10-19 19:49:22,925 INFO: UK,2024-10-21,Piercing Pattern
2025-10-19 19:49:22,925 INFO: UK,2024-10-23,Bullish Engulfing
2025-10-19 19:49:22,925 INFO: UK,2024-11-18,Morning Star
2025-10-19 19:49:22,925 INFO: UK,2024-11-22,Hammer
2025-10-19 19:49:22,925 INFO: UK,2024-11-27,Hammer
2025-10-19 19:49:22,925 INFO: UK,2024-12-02,Hammer
2025-10-19 19:49:22,925 INFO: UK,2024-12-10,Hammer
2025-10-19 19:49:22,925 INFO: UK,2024-12-13,Hammer
2025-10-19 19:49:22,926 INFO: UK,2024-12-19,Morning Star
2025-10-19 19:49:22,926 INFO: UK,2024-12-24,Three White Soldiers
2025-10-19 19:49:22,926 INFO: UK,2025-01-23,Three White Soldiers
2025-10-19 19:49:22,926 INFO: UK,2025-02-18,Hammer
2025-10-19 19:49:22,926 INFO: UK,2025-02-21,Three White Soldiers
2025-10-19 19:49:22,926 INFO: UK,2025-02-24,Hammer
2025-10-19 19:49:22,926 INFO: UK,2025-02-26,Three White Soldiers
2025-10-19 19:49:22,926 INFO: UK,2025-03-05,Dragonfly Doji
2025-10-19 19:49:22,926 INFO: UK,2025-03-10,Hammer
2025-10-19 19:49:22,958 INFO: UK,2025-03-12,Morning Star
2025-10-19 19:49:22,958 INFO: UK,2025-03-13,Hammer
2025-10-19 19:49:22,958 INFO: UK,2025-03-13,Dragonfly Doji
2025-10-19 19:49:22,958 INFO: UK,2025-03-25,Hammer
2025-10-19 19:49:22,958 INFO: UK,2025-03-28,Hammer
2025-10-19 19:49:22,958 INFO: UK,2025-04-07,Bullish Engulfing
2025-10-19 19:49:22,958 INFO: UK,2025-04-21,Hammer
2025-10-19 19:49:22,981 INFO: UK,2025-04-23,Hammer
2025-10-19 19:49:22,981 INFO: UK,2025-04-24,Dragonfly Doji
2025-10-19 19:49:22,982 INFO: UK,2025-04-30,Hammer
2025-10-19 19:49:22,982 INFO: UK,2025-05-06,Hammer
2025-10-19 19:49:22,982 INFO: UK,2025-05-07,Morning Star
2025-10-19 19:49:22,983 INFO: UK,2025-05-16,Hammer
2025-10-19 19:49:22,983 INFO: UK,2025-05-16,Dragonfly Doji
2025-10-19 19:49:22,985 INFO: UK,2025-05-19,Bullish Engulfing
2025-10-19 19:49:22,985 INFO: UK,2025-05-19,Morning Star
2025-10-19 19:49:22,985 INFO: UK,2025-05-22,Piercing Pattern
2025-10-19 19:49:22,986 INFO: UK,2025-05-28,Hammer
2025-10-19 19:49:22,986 INFO: UK,2025-05-28,Dragonfly Doji
2025-10-19 19:49:22,986 INFO: UK,2025-06-04,Hammer
2025-10-19 19:49:22,987 INFO: UK,2025-06-12,Bullish Engulfing
2025-10-19 19:49:22,987 INFO: UK,2025-06-17,Hammer
2025-10-19 19:49:22,987 INFO: UK,2025-06-23,Dragonfly Doji
2025-10-19 19:49:22,987 INFO: UK,2025-06-24,Morning Star
2025-10-19 19:49:23,017 INFO: UK,2025-06-30,Hammer
2025-10-19 19:49:23,018 INFO: UK,2025-07-08,Three White Soldiers
2025-10-19 19:49:23,018 INFO: UK,2025-07-30,Dragonfly Doji
2025-10-19 19:49:23,019 INFO: UK,2025-08-01,Hammer
2025-10-19 19:49:23,019 INFO: UK,2025-08-08,Hammer
2025-10-19 19:49:23,019 INFO: UK,2025-08-18,Dragonfly Doji
2025-10-19 19:49:23,019 INFO: UK,2025-08-19,Dragonfly Doji
2025-10-19 19:49:23,019 INFO: UK,2025-09-04,Three White Soldiers
2025-10-19 19:49:23,020 INFO: UK,2025-09-15,Morning Star
2025-10-19 19:49:23,020 INFO: UK,2025-09-26,Dragonfly Doji
2025-10-19 19:49:23,020 INFO: UK,2025-09-29,Hammer
2025-10-19 19:49:23,020 INFO: ULBI,2023-07-12,Morning Star
2025-10-19 19:49:23,021 INFO: ULBI,2023-07-18,Morning Star
2025-10-19 19:49:23,022 INFO: ULBI,2023-07-27,Morning Star
2025-10-19 19:49:23,022 INFO: ULBI,2023-08-07,Bullish Engulfing
2025-10-19 19:49:23,022 INFO: ULBI,2023-08-15,Piercing Pattern
2025-10-19 19:49:23,022 INFO: ULBI,2023-08-18,Bullish Engulfing
2025-10-19 19:49:23,022 INFO: ULBI,2023-09-22,Bullish Engulfing
2025-10-19 19:49:23,022 INFO: ULBI,2023-09-28,Bullish Engulfing
2025-10-19 19:49:23,161 INFO: ULBI,2023-10-02,Three White Soldiers
2025-10-19 19:49:23,161 INFO: ULBI,2023-10-10,Three White Soldiers
2025-10-19 19:49:23,161 INFO: ULBI,2023-10-16,Hammer
2025-10-19 19:49:23,161 INFO: ULBI,2023-10-17,Three White Soldiers
2025-10-19 19:49:23,161 INFO: ULBI,2023-10-31,Morning Star
2025-10-19 19:49:23,161 INFO: ULBI,2023-11-13,Bullish Engulfing
2025-10-19 19:49:23,161 INFO: ULBI,2023-11-13,Morning Star
2025-10-19 19:49:23,161 INFO: ULBI,2023-11-29,Morning Star
2025-10-19 19:49:23,161 INFO: ULBI,2023-12-13,Hammer
2025-10-19 19:49:23,162 INFO: ULBI,2023-12-21,Bullish Engulfing
2025-10-19 19:49:23,162 INFO: ULBI,2024-01-10,Three White Soldiers
2025-10-19 19:49:23,162 INFO: ULBI,2024-01-29,Hammer
2025-10-19 19:49:23,162 INFO: ULBI,2024-01-30,Morning Star
2025-10-19 19:49:23,162 INFO: ULBI,2024-02-02,Piercing Pattern
2025-10-19 19:49:23,162 INFO: ULBI,2024-02-23,Hammer
2025-10-19 19:49:23,162 INFO: ULBI,2024-02-26,Bullish Engulfing
2025-10-19 19:49:23,162 INFO: ULBI,2024-03-01,Bullish Engulfing
2025-10-19 19:49:23,162 INFO: ULBI,2024-03-01,Morning Star
2025-10-19 19:49:23,163 INFO: ULBI,2024-03-19,Morning Star
2025-10-19 19:49:23,164 INFO: ULBI,2024-03-20,Three White Soldiers
2025-10-19 19:49:23,164 INFO: ULBI,2024-03-21,Three White Soldiers
2025-10-19 19:49:23,164 INFO: ULBI,2024-04-08,Bullish Engulfing
2025-10-19 19:49:23,164 INFO: ULBI,2024-04-08,Morning Star
2025-10-19 19:49:23,164 INFO: ULBI,2024-04-12,Hammer
2025-10-19 19:49:23,164 INFO: ULBI,2024-04-12,Morning Star
2025-10-19 19:49:23,164 INFO: ULBI,2024-04-12,Dragonfly Doji
2025-10-19 19:49:23,164 INFO: ULBI,2024-04-16,Piercing Pattern
2025-10-19 19:49:23,165 INFO: ULBI,2024-04-18,Hammer
2025-10-19 19:49:23,165 INFO: ULBI,2024-04-25,Hammer
2025-10-19 19:49:23,166 INFO: ULBI,2024-04-26,Three White Soldiers
2025-10-19 19:49:23,167 INFO: ULBI,2024-04-29,Hammer
2025-10-19 19:49:23,167 INFO: ULBI,2024-04-29,Three White Soldiers
2025-10-19 19:49:23,167 INFO: ULBI,2024-05-02,Three White Soldiers
2025-10-19 19:49:23,167 INFO: ULBI,2024-05-08,Piercing Pattern
2025-10-19 19:49:23,170 INFO: ULBI,2024-05-21,Bullish Engulfing
2025-10-19 19:49:23,170 INFO: ULBI,2024-05-21,Morning Star
2025-10-19 19:49:23,170 INFO: ULBI,2024-05-28,Morning Star
2025-10-19 19:49:23,170 INFO: ULBI,2024-05-31,Hammer
2025-10-19 19:49:23,171 INFO: ULBI,2024-06-17,Hammer
2025-10-19 19:49:23,171 INFO: ULBI,2024-07-17,Hammer
2025-10-19 19:49:23,171 INFO: ULBI,2024-07-31,Morning Star
2025-10-19 19:49:23,171 INFO: ULBI,2024-08-13,Morning Star
2025-10-19 19:49:23,171 INFO: ULBI,2024-08-19,Hammer
2025-10-19 19:49:23,171 INFO: ULBI,2024-08-22,Morning Star
2025-10-19 19:49:23,171 INFO: ULBI,2024-08-23,Three White Soldiers
2025-10-19 19:49:23,172 INFO: ULBI,2024-09-11,Hammer
2025-10-19 19:49:23,190 INFO: ULBI,2024-09-11,Three White Soldiers
2025-10-19 19:49:23,200 INFO: ULBI,2024-09-17,Piercing Pattern
2025-10-19 19:49:23,200 INFO: ULBI,2024-09-26,Morning Star
2025-10-19 19:49:23,200 INFO: ULBI,2024-10-02,Three White Soldiers
2025-10-19 19:49:23,200 INFO: ULBI,2024-10-11,Bullish Engulfing
2025-10-19 19:49:23,230 INFO: ULBI,2024-10-30,Morning Star
2025-10-19 19:49:23,264 INFO: ULBI,2024-11-04,Morning Star
2025-10-19 19:49:23,265 INFO: ULBI,2024-11-05,Three White Soldiers
2025-10-19 19:49:23,265 INFO: ULBI,2024-11-26,Bullish Engulfing
2025-10-19 19:49:23,265 INFO: ULBI,2024-12-02,Morning Star
2025-10-19 19:49:23,270 INFO: ULBI,2024-12-03,Hammer
2025-10-19 19:49:23,274 INFO: ULBI,2024-12-11,Morning Star
2025-10-19 19:49:23,274 INFO: ULBI,2024-12-30,Hammer
2025-10-19 19:49:23,275 INFO: ULBI,2024-12-31,Morning Star
2025-10-19 19:49:23,275 INFO: ULBI,2025-01-07,Dragonfly Doji
2025-10-19 19:49:23,275 INFO: ULBI,2025-01-13,Morning Star
2025-10-19 19:49:23,300 INFO: ULBI,2025-01-15,Three White Soldiers
2025-10-19 19:49:23,300 INFO: ULBI,2025-02-10,Three White Soldiers
2025-10-19 19:49:23,300 INFO: ULBI,2025-02-13,Hammer
2025-10-19 19:49:23,301 INFO: ULBI,2025-03-17,Morning Star
2025-10-19 19:49:23,301 INFO: ULBI,2025-03-27,Morning Star
2025-10-19 19:49:23,301 INFO: ULBI,2025-04-01,Hammer
2025-10-19 19:49:23,301 INFO: ULBI,2025-04-04,Hammer
2025-10-19 19:49:23,301 INFO: ULBI,2025-04-07,Morning Star
2025-10-19 19:49:23,339 INFO: ULBI,2025-04-09,Bullish Engulfing
2025-10-19 19:49:23,340 INFO: ULBI,2025-04-22,Bullish Engulfing
2025-10-19 19:49:23,340 INFO: ULBI,2025-04-24,Three White Soldiers
2025-10-19 19:49:23,340 INFO: ULBI,2025-05-05,Morning Star
2025-10-19 19:49:23,340 INFO: ULBI,2025-05-09,Three White Soldiers
2025-10-19 19:49:23,340 INFO: ULBI,2025-05-28,Three White Soldiers
2025-10-19 19:49:23,340 INFO: ULBI,2025-06-03,Three White Soldiers
2025-10-19 19:49:23,340 INFO: ULBI,2025-06-04,Three White Soldiers
2025-10-19 19:49:23,340 INFO: ULBI,2025-06-05,Three White Soldiers
2025-10-19 19:49:23,373 INFO: ULBI,2025-06-10,Hammer
2025-10-19 19:49:23,402 INFO: ULBI,2025-06-20,Hammer
2025-10-19 19:49:23,403 INFO: ULBI,2025-06-23,Bullish Engulfing
2025-10-19 19:49:23,404 INFO: ULBI,2025-06-23,Morning Star
2025-10-19 19:49:23,404 INFO: ULBI,2025-06-27,Hammer
2025-10-19 19:49:23,405 INFO: ULBI,2025-07-03,Bullish Engulfing
2025-10-19 19:49:23,405 INFO: ULBI,2025-07-16,Hammer
2025-10-19 19:49:23,405 INFO: ULBI,2025-07-17,Bullish Engulfing
2025-10-19 19:49:23,405 INFO: ULBI,2025-07-17,Morning Star
2025-10-19 19:49:23,405 INFO: ULBI,2025-08-04,Morning Star
2025-10-19 19:49:23,405 INFO: ULBI,2025-08-06,Dragonfly Doji
2025-10-19 19:49:23,406 INFO: ULBI,2025-08-12,Hammer
2025-10-19 19:49:23,406 INFO: ULBI,2025-08-19,Morning Star
2025-10-19 19:49:23,406 INFO: ULBI,2025-08-29,Hammer
2025-10-19 19:49:23,407 INFO: ULBI,2025-09-11,Morning Star
2025-10-19 19:49:23,407 INFO: ULBI,2025-09-24,Piercing Pattern
2025-10-19 19:49:23,407 INFO: ULBI,2025-09-26,Hammer
2025-10-19 19:49:23,407 INFO: ULCC,2023-07-10,Three White Soldiers
2025-10-19 19:49:23,407 INFO: ULCC,2023-07-31,Morning Star
2025-10-19 19:49:23,409 INFO: ULCC,2023-08-29,Bullish Engulfing
2025-10-19 19:49:23,409 INFO: ULCC,2023-09-05,Bullish Engulfing
2025-10-19 19:49:23,409 INFO: ULCC,2023-09-14,Hammer
2025-10-19 19:49:23,410 INFO: ULCC,2023-09-14,Dragonfly Doji
2025-10-19 19:49:23,410 INFO: ULCC,2023-09-25,Piercing Pattern
2025-10-19 19:49:23,410 INFO: ULCC,2023-10-05,Hammer
2025-10-19 19:49:23,411 INFO: ULCC,2023-10-05,Three White Soldiers
2025-10-19 19:49:23,411 INFO: ULCC,2023-10-09,Hammer
2025-10-19 19:49:23,411 INFO: ULCC,2023-10-26,Morning Star
2025-10-19 19:49:23,411 INFO: ULCC,2023-11-24,Morning Star
2025-10-19 19:49:23,411 INFO: ULCC,2023-11-28,Piercing Pattern
2025-10-19 19:49:23,411 INFO: ULCC,2023-12-01,Bullish Engulfing
2025-10-19 19:49:23,412 INFO: ULCC,2023-12-08,Hammer
2025-10-19 19:49:23,412 INFO: ULCC,2023-12-28,Piercing Pattern
2025-10-19 19:49:23,412 INFO: ULCC,2024-01-05,Morning Star
2025-10-19 19:49:23,412 INFO: ULCC,2024-01-08,Three White Soldiers
2025-10-19 19:49:23,412 INFO: ULCC,2024-01-11,Three White Soldiers
2025-10-19 19:49:23,412 INFO: ULCC,2024-01-23,Morning Star
2025-10-19 19:49:23,412 INFO: ULCC,2024-02-01,Morning Star
2025-10-19 19:49:23,475 INFO: ULCC,2024-02-08,Three White Soldiers
2025-10-19 19:49:23,477 INFO: ULCC,2024-02-09,Three White Soldiers
2025-10-19 19:49:23,477 INFO: ULCC,2024-02-12,Three White Soldiers
2025-10-19 19:49:23,477 INFO: ULCC,2024-02-16,Bullish Engulfing
2025-10-19 19:49:23,477 INFO: ULCC,2024-03-12,Bullish Engulfing
2025-10-19 19:49:23,477 INFO: ULCC,2024-03-12,Morning Star
2025-10-19 19:49:23,477 INFO: ULCC,2024-03-20,Bullish Engulfing
2025-10-19 19:49:23,477 INFO: ULCC,2024-04-08,Morning Star
2025-10-19 19:49:23,477 INFO: ULCC,2024-04-22,Hammer
2025-10-19 19:49:23,477 INFO: ULCC,2024-04-25,Hammer
2025-10-19 19:49:23,477 INFO: ULCC,2024-05-20,Bullish Engulfing
2025-10-19 19:49:23,478 INFO: ULCC,2024-05-24,Hammer
2025-10-19 19:49:23,508 INFO: ULCC,2024-06-05,Hammer
2025-10-19 19:49:23,508 INFO: ULCC,2024-06-05,Morning Star
2025-10-19 19:49:23,509 INFO: ULCC,2024-06-13,Hammer
2025-10-19 19:49:23,509 INFO: ULCC,2024-06-17,Morning Star
2025-10-19 19:49:23,510 INFO: ULCC,2024-06-26,Hammer
2025-10-19 19:49:23,510 INFO: ULCC,2024-06-28,Three White Soldiers
2025-10-19 19:49:23,510 INFO: ULCC,2024-07-03,Morning Star
2025-10-19 19:49:23,510 INFO: ULCC,2024-07-16,Morning Star
2025-10-19 19:49:23,510 INFO: ULCC,2024-07-22,Bullish Engulfing
2025-10-19 19:49:23,540 INFO: ULCC,2024-07-25,Bullish Engulfing
2025-10-19 19:49:23,540 INFO: ULCC,2024-07-26,Hammer
2025-10-19 19:49:23,540 INFO: ULCC,2024-07-30,Piercing Pattern
2025-10-19 19:49:23,543 INFO: ULCC,2024-08-08,Piercing Pattern
2025-10-19 19:49:23,543 INFO: ULCC,2024-08-14,Hammer
2025-10-19 19:49:23,543 INFO: ULCC,2024-08-15,Three White Soldiers
2025-10-19 19:49:23,543 INFO: ULCC,2024-08-20,Hammer
2025-10-19 19:49:23,543 INFO: ULCC,2024-09-10,Hammer
2025-10-19 19:49:23,543 INFO: ULCC,2024-09-17,Morning Star
2025-10-19 19:49:23,543 INFO: ULCC,2024-09-26,Three White Soldiers
2025-10-19 19:49:23,544 INFO: ULCC,2024-10-04,Morning Star
2025-10-19 19:49:23,544 INFO: ULCC,2024-10-18,Three White Soldiers
2025-10-19 19:49:23,544 INFO: ULCC,2024-10-31,Hammer
2025-10-19 19:49:23,544 INFO: ULCC,2024-11-06,Morning Star
2025-10-19 19:49:23,545 INFO: ULCC,2024-11-06,Dragonfly Doji
2025-10-19 19:49:23,545 INFO: ULCC,2024-11-20,Piercing Pattern
2025-10-19 19:49:23,574 INFO: ULCC,2024-11-22,Hammer
2025-10-19 19:49:23,575 INFO: ULCC,2024-11-22,Three White Soldiers
2025-10-19 19:49:23,575 INFO: ULCC,2024-11-25,Three White Soldiers
2025-10-19 19:49:23,575 INFO: ULCC,2024-11-27,Piercing Pattern
2025-10-19 19:49:23,575 INFO: ULCC,2024-12-02,Three White Soldiers
2025-10-19 19:49:23,575 INFO: ULCC,2024-12-10,Morning Star
2025-10-19 19:49:23,575 INFO: ULCC,2024-12-20,Morning Star
2025-10-19 19:49:23,575 INFO: ULCC,2024-12-23,Three White Soldiers
2025-10-19 19:49:23,575 INFO: ULCC,2024-12-24,Three White Soldiers
2025-10-19 19:49:23,575 INFO: ULCC,2024-12-31,Hammer
2025-10-19 19:49:23,575 INFO: ULCC,2025-01-02,Hammer
2025-10-19 19:49:23,576 INFO: ULCC,2025-01-03,Hammer
2025-10-19 19:49:23,576 INFO: ULCC,2025-01-08,Hammer
2025-10-19 19:49:23,584 INFO: ULCC,2025-01-14,Morning Star
2025-10-19 19:49:23,584 INFO: ULCC,2025-01-16,Hammer
2025-10-19 19:49:23,585 INFO: ULCC,2025-01-17,Morning Star
2025-10-19 19:49:23,585 INFO: ULCC,2025-01-24,Bullish Engulfing
2025-10-19 19:49:23,585 INFO: ULCC,2025-02-10,Three White Soldiers
2025-10-19 19:49:23,608 INFO: ULCC,2025-02-14,Hammer
2025-10-19 19:49:23,608 INFO: ULCC,2025-02-18,Morning Star
2025-10-19 19:49:23,608 INFO: ULCC,2025-03-07,Hammer
2025-10-19 19:49:23,608 INFO: ULCC,2025-03-17,Morning Star
2025-10-19 19:49:23,608 INFO: ULCC,2025-03-24,Morning Star
2025-10-19 19:49:23,608 INFO: ULCC,2025-04-04,Hammer
2025-10-19 19:49:23,609 INFO: ULCC,2025-04-07,Piercing Pattern
2025-10-19 19:49:23,609 INFO: ULCC,2025-04-09,Bullish Engulfing
2025-10-19 19:49:23,609 INFO: ULCC,2025-04-17,Bullish Engulfing
2025-10-19 19:49:23,609 INFO: ULCC,2025-05-05,Three White Soldiers
2025-10-19 19:49:23,609 INFO: ULCC,2025-05-08,Three White Soldiers
2025-10-19 19:49:23,609 INFO: ULCC,2025-05-09,Three White Soldiers
2025-10-19 19:49:23,609 INFO: ULCC,2025-05-15,Hammer
2025-10-19 19:49:23,609 INFO: ULCC,2025-05-20,Bullish Engulfing
2025-10-19 19:49:23,610 INFO: ULCC,2025-05-28,Hammer
2025-10-19 19:49:23,610 INFO: ULCC,2025-06-02,Hammer
2025-10-19 19:49:23,614 INFO: ULCC,2025-06-23,Bullish Engulfing
2025-10-19 19:49:23,614 INFO: ULCC,2025-07-01,Morning Star
2025-10-19 19:49:23,614 INFO: ULCC,2025-07-03,Three White Soldiers
2025-10-19 19:49:23,614 INFO: ULCC,2025-08-06,Hammer
2025-10-19 19:49:23,614 INFO: ULCC,2025-08-18,Morning Star
2025-10-19 19:49:23,614 INFO: ULCC,2025-08-22,Bullish Engulfing
2025-10-19 19:49:23,614 INFO: ULCC,2025-08-22,Morning Star
2025-10-19 19:49:23,615 INFO: ULCC,2025-09-11,Morning Star
2025-10-19 19:49:23,615 INFO: ULCC,2025-09-16,Morning Star
2025-10-19 19:49:23,616 INFO: ULCC,2025-09-22,Bullish Engulfing
2025-10-19 19:49:23,616 INFO: ULH,2023-07-06,Hammer
2025-10-19 19:49:23,616 INFO: ULH,2023-07-10,Three White Soldiers
2025-10-19 19:49:23,616 INFO: ULH,2023-07-11,Three White Soldiers
2025-10-19 19:49:23,616 INFO: ULH,2023-07-18,Morning Star
2025-10-19 19:49:23,616 INFO: ULH,2023-07-20,Three White Soldiers
2025-10-19 19:49:23,642 INFO: ULH,2023-07-31,Bullish Engulfing
2025-10-19 19:49:23,643 INFO: ULH,2023-08-02,Three White Soldiers
2025-10-19 19:49:23,643 INFO: ULH,2023-08-03,Three White Soldiers
2025-10-19 19:49:23,643 INFO: ULH,2023-08-08,Bullish Engulfing
2025-10-19 19:49:23,643 INFO: ULH,2023-08-25,Morning Star
2025-10-19 19:49:23,643 INFO: ULH,2023-08-29,Bullish Engulfing
2025-10-19 19:49:23,643 INFO: ULH,2023-09-12,Piercing Pattern
2025-10-19 19:49:23,643 INFO: ULH,2023-09-14,Three White Soldiers
2025-10-19 19:49:23,643 INFO: ULH,2023-09-15,Three White Soldiers
2025-10-19 19:49:23,643 INFO: ULH,2023-09-21,Hammer
2025-10-19 19:49:23,643 INFO: ULH,2023-09-28,Morning Star
2025-10-19 19:49:23,643 INFO: ULH,2023-09-29,Hammer
2025-10-19 19:49:23,643 INFO: ULH,2023-09-29,Three White Soldiers
2025-10-19 19:49:23,643 INFO: ULH,2023-10-25,Hammer
2025-10-19 19:49:23,643 INFO: ULH,2023-11-22,Piercing Pattern
2025-10-19 19:49:23,674 INFO: ULH,2023-12-07,Morning Star
2025-10-19 19:49:23,674 INFO: ULH,2023-12-13,Bullish Engulfing
2025-10-19 19:49:23,674 INFO: ULH,2023-12-19,Morning Star
2025-10-19 19:49:23,677 INFO: ULH,2023-12-21,Three White Soldiers
2025-10-19 19:49:23,677 INFO: ULH,2023-12-27,Hammer
2025-10-19 19:49:23,677 INFO: ULH,2023-12-28,Hammer
2025-10-19 19:49:23,678 INFO: ULH,2023-12-28,Three White Soldiers
2025-10-19 19:49:23,678 INFO: ULH,2024-01-02,Bullish Engulfing
2025-10-19 19:49:23,678 INFO: ULH,2024-01-12,Hammer
2025-10-19 19:49:23,678 INFO: ULH,2024-01-19,Hammer
2025-10-19 19:49:23,678 INFO: ULH,2024-01-29,Hammer
2025-10-19 19:49:23,678 INFO: ULH,2024-02-14,Bullish Engulfing
2025-10-19 19:49:23,678 INFO: ULH,2024-02-15,Hammer
2025-10-19 19:49:23,679 INFO: ULH,2024-02-15,Dragonfly Doji
2025-10-19 19:49:23,679 INFO: ULH,2024-02-16,Hammer
2025-10-19 19:49:23,679 INFO: ULH,2024-02-22,Morning Star
2025-10-19 19:49:23,679 INFO: ULH,2024-02-23,Three White Soldiers
2025-10-19 19:49:23,679 INFO: ULH,2024-02-26,Three White Soldiers
2025-10-19 19:49:23,679 INFO: ULH,2024-02-27,Three White Soldiers
2025-10-19 19:49:23,679 INFO: ULH,2024-03-01,Morning Star
2025-10-19 19:49:23,679 INFO: ULH,2024-03-08,Three White Soldiers
2025-10-19 19:49:23,679 INFO: ULH,2024-03-12,Hammer
2025-10-19 19:49:23,679 INFO: ULH,2024-03-20,Bullish Engulfing
2025-10-19 19:49:23,679 INFO: ULH,2024-03-20,Morning Star
2025-10-19 19:49:23,679 INFO: ULH,2024-03-27,Three White Soldiers
2025-10-19 19:49:23,679 INFO: ULH,2024-04-01,Hammer
2025-10-19 19:49:23,680 INFO: ULH,2024-04-11,Bullish Engulfing
2025-10-19 19:49:23,680 INFO: ULH,2024-04-15,Hammer
2025-10-19 19:49:23,680 INFO: ULH,2024-04-19,Morning Star
2025-10-19 19:49:23,680 INFO: ULH,2024-04-23,Bullish Engulfing
2025-10-19 19:49:23,680 INFO: ULH,2024-04-26,Morning Star
2025-10-19 19:49:23,680 INFO: ULH,2024-05-01,Hammer
2025-10-19 19:49:23,738 INFO: ULH,2024-05-08,Three White Soldiers
2025-10-19 19:49:23,739 INFO: ULH,2024-05-09,Three White Soldiers
2025-10-19 19:49:23,771 INFO: ULH,2024-05-16,Morning Star
2025-10-19 19:49:23,771 INFO: ULH,2024-06-06,Bullish Engulfing
2025-10-19 19:49:23,771 INFO: ULH,2024-06-10,Bullish Engulfing
2025-10-19 19:49:23,771 INFO: ULH,2024-06-11,Hammer
2025-10-19 19:49:23,773 INFO: ULH,2024-06-17,Piercing Pattern
2025-10-19 19:49:23,774 INFO: ULH,2024-06-26,Bullish Engulfing
2025-10-19 19:49:23,774 INFO: ULH,2024-07-02,Bullish Engulfing
2025-10-19 19:49:23,775 INFO: ULH,2024-07-12,Three White Soldiers
2025-10-19 19:49:23,776 INFO: ULH,2024-07-15,Three White Soldiers
2025-10-19 19:49:23,776 INFO: ULH,2024-07-16,Three White Soldiers
2025-10-19 19:49:23,777 INFO: ULH,2024-07-22,Morning Star
2025-10-19 19:49:23,777 INFO: ULH,2024-07-31,Bullish Engulfing
2025-10-19 19:49:23,777 INFO: ULH,2024-07-31,Morning Star
2025-10-19 19:49:23,777 INFO: ULH,2024-08-09,Hammer
2025-10-19 19:49:23,777 INFO: ULH,2024-08-13,Bullish Engulfing
2025-10-19 19:49:23,777 INFO: ULH,2024-08-19,Morning Star
2025-10-19 19:49:23,777 INFO: ULH,2024-08-28,Bullish Engulfing
2025-10-19 19:49:23,777 INFO: ULH,2024-08-30,Hammer
2025-10-19 19:49:23,777 INFO: ULH,2024-08-30,Three White Soldiers
2025-10-19 19:49:23,783 INFO: ULH,2024-09-10,Bullish Engulfing
2025-10-19 19:49:23,783 INFO: ULH,2024-09-13,Three White Soldiers
2025-10-19 19:49:23,783 INFO: ULH,2024-09-16,Hammer
2025-10-19 19:49:23,789 INFO: ULH,2024-09-19,Morning Star
2025-10-19 19:49:23,789 INFO: ULH,2024-09-27,Hammer
2025-10-19 19:49:23,789 INFO: ULH,2024-09-30,Bullish Engulfing
2025-10-19 19:49:23,835 INFO: ULH,2024-09-30,Morning Star
2025-10-19 19:49:23,854 INFO: ULH,2024-10-17,Hammer
2025-10-19 19:49:23,855 INFO: ULH,2024-10-17,Three White Soldiers
2025-10-19 19:49:23,856 INFO: ULH,2024-10-17,Dragonfly Doji
2025-10-19 19:49:23,856 INFO: ULH,2024-10-29,Three White Soldiers
2025-10-19 19:49:23,856 INFO: ULH,2024-11-04,Three White Soldiers
2025-10-19 19:49:23,856 INFO: ULH,2024-11-05,Three White Soldiers
2025-10-19 19:49:23,889 INFO: ULH,2024-11-06,Three White Soldiers
2025-10-19 19:49:23,889 INFO: ULH,2024-11-20,Hammer
2025-10-19 19:49:23,889 INFO: ULH,2024-11-21,Morning Star
2025-10-19 19:49:23,889 INFO: ULH,2024-11-25,Three White Soldiers
2025-10-19 19:49:23,890 INFO: ULH,2024-11-26,Hammer
2025-10-19 19:49:23,890 INFO: ULH,2024-12-10,Bullish Engulfing
2025-10-19 19:49:23,921 INFO: ULH,2024-12-20,Bullish Engulfing
2025-10-19 19:49:23,921 INFO: ULH,2025-01-08,Bullish Engulfing
2025-10-19 19:49:23,921 INFO: ULH,2025-01-15,Three White Soldiers
2025-10-19 19:49:23,921 INFO: ULH,2025-01-24,Three White Soldiers
2025-10-19 19:49:23,922 INFO: ULH,2025-01-27,Three White Soldiers
2025-10-19 19:49:23,922 INFO: ULH,2025-02-04,Bullish Engulfing
2025-10-19 19:49:23,922 INFO: ULH,2025-02-28,Piercing Pattern
2025-10-19 19:49:23,922 INFO: ULH,2025-03-05,Morning Star
2025-10-19 19:49:23,922 INFO: ULH,2025-03-06,Three White Soldiers
2025-10-19 19:49:23,922 INFO: ULH,2025-03-07,Three White Soldiers
2025-10-19 19:49:23,922 INFO: ULH,2025-03-17,Bullish Engulfing
2025-10-19 19:49:23,926 INFO: ULH,2025-03-17,Morning Star
2025-10-19 19:49:23,926 INFO: ULH,2025-03-28,Hammer
2025-10-19 19:49:23,927 INFO: ULH,2025-04-02,Morning Star
2025-10-19 19:49:23,927 INFO: ULH,2025-04-04,Hammer
2025-10-19 19:49:23,927 INFO: ULH,2025-04-09,Bullish Engulfing
2025-10-19 19:49:23,927 INFO: ULH,2025-04-14,Piercing Pattern
2025-10-19 19:49:23,927 INFO: ULH,2025-04-17,Bullish Engulfing
2025-10-19 19:49:23,928 INFO: ULH,2025-04-29,Hammer
2025-10-19 19:49:23,928 INFO: ULH,2025-05-02,Three White Soldiers
2025-10-19 19:49:23,928 INFO: ULH,2025-05-07,Piercing Pattern
2025-10-19 19:49:23,928 INFO: ULH,2025-05-09,Hammer
2025-10-19 19:49:23,929 INFO: ULH,2025-05-15,Hammer
2025-10-19 19:49:23,929 INFO: ULH,2025-05-16,Hammer
2025-10-19 19:49:23,929 INFO: ULH,2025-06-09,Bullish Engulfing
2025-10-19 19:49:23,929 INFO: ULH,2025-06-09,Morning Star
2025-10-19 19:49:23,929 INFO: ULH,2025-06-26,Morning Star
2025-10-19 19:49:23,929 INFO: ULH,2025-06-27,Three White Soldiers
2025-10-19 19:49:23,929 INFO: ULH,2025-07-01,Bullish Engulfing
2025-10-19 19:49:23,930 INFO: ULH,2025-07-03,Three White Soldiers
2025-10-19 19:49:23,930 INFO: ULH,2025-07-10,Piercing Pattern
2025-10-19 19:49:23,930 INFO: ULH,2025-07-17,Bullish Engulfing
2025-10-19 19:49:23,930 INFO: ULH,2025-07-22,Morning Star
2025-10-19 19:49:23,983 INFO: ULH,2025-07-24,Three White Soldiers
2025-10-19 19:49:23,983 INFO: ULH,2025-07-25,Three White Soldiers
2025-10-19 19:49:23,983 INFO: ULH,2025-08-05,Morning Star
2025-10-19 19:49:23,984 INFO: ULH,2025-08-06,Three White Soldiers
2025-10-19 19:49:23,984 INFO: ULH,2025-08-19,Morning Star
2025-10-19 19:49:24,078 INFO: ULH,2025-08-22,Morning Star
2025-10-19 19:49:24,111 INFO: ULH,2025-08-27,Hammer
2025-10-19 19:49:24,112 INFO: ULH,2025-09-04,Piercing Pattern
2025-10-19 19:49:24,112 INFO: ULTA,2023-07-10,Morning Star
2025-10-19 19:49:24,112 INFO: ULTA,2023-07-11,Three White Soldiers
2025-10-19 19:49:24,113 INFO: ULTA,2023-08-04,Bullish Engulfing
2025-10-19 19:49:24,113 INFO: ULTA,2023-08-23,Piercing Pattern
2025-10-19 19:49:24,114 INFO: ULTA,2023-08-30,Three White Soldiers
2025-10-19 19:49:24,114 INFO: ULTA,2023-09-07,Bullish Engulfing
2025-10-19 19:49:24,115 INFO: ULTA,2023-09-11,Hammer
2025-10-19 19:49:24,115 INFO: ULTA,2023-09-14,Hammer
2025-10-19 19:49:24,115 INFO: ULTA,2023-09-19,Bullish Engulfing
2025-10-19 19:49:24,115 INFO: ULTA,2023-09-28,Morning Star
2025-10-19 19:49:24,115 INFO: ULTA,2023-10-09,Hammer
2025-10-19 19:49:24,115 INFO: ULTA,2023-10-09,Dragonfly Doji
2025-10-19 19:49:24,115 INFO: ULTA,2023-10-10,Bullish Engulfing
2025-10-19 19:49:24,115 INFO: ULTA,2023-10-23,Piercing Pattern
2025-10-19 19:49:24,115 INFO: ULTA,2023-10-31,Piercing Pattern
2025-10-19 19:49:24,115 INFO: ULTA,2023-11-03,Morning Star
2025-10-19 19:49:24,189 INFO: ULTA,2023-11-15,Three White Soldiers
2025-10-19 19:49:24,189 INFO: ULTA,2023-11-17,Hammer
2025-10-19 19:49:24,189 INFO: ULTA,2023-11-27,Three White Soldiers
2025-10-19 19:49:24,190 INFO: ULTA,2023-11-28,Three White Soldiers
2025-10-19 19:49:24,190 INFO: ULTA,2023-11-29,Three White Soldiers
2025-10-19 19:49:24,209 INFO: ULTA,2023-12-11,Hammer
2025-10-19 19:49:24,209 INFO: ULTA,2023-12-12,Morning Star
2025-10-19 19:49:24,209 INFO: ULTA,2023-12-28,Three White Soldiers
2025-10-19 19:49:24,217 INFO: ULTA,2023-12-29,Three White Soldiers
2025-10-19 19:49:24,226 INFO: ULTA,2024-01-09,Three White Soldiers
2025-10-19 19:49:24,226 INFO: ULTA,2024-01-11,Hammer
2025-10-19 19:49:24,226 INFO: ULTA,2024-01-29,Bullish Engulfing
2025-10-19 19:49:24,227 INFO: ULTA,2024-02-02,Piercing Pattern
2025-10-19 19:49:24,227 INFO: ULTA,2024-02-06,Hammer
2025-10-19 19:49:24,227 INFO: ULTA,2024-02-07,Morning Star
2025-10-19 19:49:24,227 INFO: ULTA,2024-02-09,Three White Soldiers
2025-10-19 19:49:24,228 INFO: ULTA,2024-02-12,Three White Soldiers
2025-10-19 19:49:24,230 INFO: ULTA,2024-02-16,Piercing Pattern
2025-10-19 19:49:24,230 INFO: ULTA,2024-02-26,Three White Soldiers
2025-10-19 19:49:24,230 INFO: ULTA,2024-02-27,Three White Soldiers
2025-10-19 19:49:24,231 INFO: ULTA,2024-03-13,Three White Soldiers
2025-10-19 19:49:24,231 INFO: ULTA,2024-03-27,Hammer
2025-10-19 19:49:24,231 INFO: ULTA,2024-04-09,Bullish Engulfing
2025-10-19 19:49:24,232 INFO: ULTA,2024-04-09,Morning Star
2025-10-19 19:49:24,258 INFO: ULTA,2024-04-18,Hammer
2025-10-19 19:49:24,289 INFO: ULTA,2024-04-25,Hammer
2025-10-19 19:49:24,289 INFO: ULTA,2024-05-24,Bullish Engulfing
2025-10-19 19:49:24,289 INFO: ULTA,2024-06-10,Hammer
2025-10-19 19:49:24,290 INFO: ULTA,2024-06-12,Three White Soldiers
2025-10-19 19:49:24,290 INFO: ULTA,2024-06-13,Three White Soldiers
2025-10-19 19:49:24,321 INFO: ULTA,2024-07-08,Morning Star
2025-10-19 19:49:24,321 INFO: ULTA,2024-07-12,Three White Soldiers
2025-10-19 19:49:24,351 INFO: ULTA,2024-07-22,Dragonfly Doji
2025-10-19 19:49:24,352 INFO: ULTA,2024-08-13,Bullish Engulfing
2025-10-19 19:49:24,352 INFO: ULTA,2024-08-13,Morning Star
2025-10-19 19:49:24,353 INFO: ULTA,2024-08-23,Piercing Pattern
2025-10-19 19:49:24,353 INFO: ULTA,2024-08-27,Hammer
2025-10-19 19:49:24,353 INFO: ULTA,2024-09-04,Three White Soldiers
2025-10-19 19:49:24,354 INFO: ULTA,2024-09-05,Three White Soldiers
2025-10-19 19:49:24,354 INFO: ULTA,2024-09-06,Three White Soldiers
2025-10-19 19:49:24,356 INFO: ULTA,2024-09-09,Three White Soldiers
2025-10-19 19:49:24,356 INFO: ULTA,2024-09-10,Hammer
2025-10-19 19:49:24,356 INFO: ULTA,2024-09-13,Morning Star
2025-10-19 19:49:24,356 INFO: ULTA,2024-09-16,Three White Soldiers
2025-10-19 19:49:24,357 INFO: ULTA,2024-09-17,Three White Soldiers
2025-10-19 19:49:24,416 INFO: ULTA,2024-09-18,Three White Soldiers
2025-10-19 19:49:24,416 INFO: ULTA,2024-09-25,Hammer
2025-10-19 19:49:24,417 INFO: ULTA,2024-09-25,Dragonfly Doji
2025-10-19 19:49:24,418 INFO: ULTA,2024-10-04,Morning Star
2025-10-19 19:49:24,418 INFO: ULTA,2024-10-11,Morning Star
2025-10-19 19:49:24,418 INFO: ULTA,2024-10-14,Hammer
2025-10-19 19:49:24,418 INFO: ULTA,2024-10-16,Hammer
2025-10-19 19:49:24,418 INFO: ULTA,2024-10-16,Bullish Engulfing
2025-10-19 19:49:24,418 INFO: ULTA,2024-10-22,Hammer
2025-10-19 19:49:24,419 INFO: ULTA,2024-10-23,Piercing Pattern
2025-10-19 19:49:24,419 INFO: ULTA,2024-10-29,Hammer
2025-10-19 19:49:24,419 INFO: ULTA,2024-10-29,Dragonfly Doji
2025-10-19 19:49:24,419 INFO: ULTA,2024-11-07,Three White Soldiers
2025-10-19 19:49:24,419 INFO: ULTA,2024-11-21,Dragonfly Doji
2025-10-19 19:49:24,419 INFO: ULTA,2024-11-25,Morning Star
2025-10-19 19:49:24,419 INFO: ULTA,2024-11-29,Three White Soldiers
2025-10-19 19:49:24,419 INFO: ULTA,2024-12-02,Three White Soldiers
2025-10-19 19:49:24,419 INFO: ULTA,2024-12-03,Three White Soldiers
2025-10-19 19:49:24,419 INFO: ULTA,2024-12-04,Three White Soldiers
2025-10-19 19:49:24,419 INFO: ULTA,2024-12-11,Bullish Engulfing
2025-10-19 19:49:24,419 INFO: ULTA,2025-01-22,Hammer
2025-10-19 19:49:24,419 INFO: ULTA,2025-02-05,Three White Soldiers
2025-10-19 19:49:24,420 INFO: ULTA,2025-02-10,Hammer
2025-10-19 19:49:24,420 INFO: ULTA,2025-02-11,Hammer
2025-10-19 19:49:24,420 INFO: ULTA,2025-02-18,Morning Star
2025-10-19 19:49:24,422 INFO: ULTA,2025-02-24,Hammer
2025-10-19 19:49:24,423 INFO: ULTA,2025-02-25,Morning Star
2025-10-19 19:49:24,423 INFO: ULTA,2025-02-27,Hammer
2025-10-19 19:49:24,423 INFO: ULTA,2025-03-05,Bullish Engulfing
2025-10-19 19:49:24,424 INFO: ULTA,2025-03-07,Three White Soldiers
2025-10-19 19:49:24,424 INFO: ULTA,2025-03-21,Bullish Engulfing
2025-10-19 19:49:24,424 INFO: ULTA,2025-03-25,Three White Soldiers
2025-10-19 19:49:24,424 INFO: ULTA,2025-03-26,Hammer
2025-10-19 19:49:24,424 INFO: ULTA,2025-03-26,Three White Soldiers
2025-10-19 19:49:24,425 INFO: ULTA,2025-03-31,Bullish Engulfing
2025-10-19 19:49:24,425 INFO: ULTA,2025-04-02,Bullish Engulfing
2025-10-19 19:49:24,425 INFO: ULTA,2025-04-11,Bullish Engulfing
2025-10-19 19:49:24,426 INFO: ULTA,2025-04-22,Three White Soldiers
2025-10-19 19:49:24,426 INFO: ULTA,2025-04-24,Bullish Engulfing
2025-10-19 19:49:24,426 INFO: ULTA,2025-04-28,Bullish Engulfing
2025-10-19 19:49:24,458 INFO: ULTA,2025-04-30,Three White Soldiers
2025-10-19 19:49:24,459 INFO: ULTA,2025-05-12,Morning Star
2025-10-19 19:49:24,459 INFO: ULTA,2025-05-30,Morning Star
2025-10-19 19:49:24,460 INFO: ULTA,2025-06-06,Hammer
2025-10-19 19:49:24,460 INFO: ULTA,2025-06-09,Hammer
2025-10-19 19:49:24,460 INFO: ULTA,2025-06-26,Hammer
2025-10-19 19:49:24,460 INFO: ULTA,2025-06-30,Bullish Engulfing
2025-10-19 19:49:24,460 INFO: ULTA,2025-06-30,Morning Star
2025-10-19 19:49:24,461 INFO: ULTA,2025-07-02,Three White Soldiers
2025-10-19 19:49:24,461 INFO: ULTA,2025-07-18,Dragonfly Doji
2025-10-19 19:49:24,461 INFO: ULTA,2025-07-23,Three White Soldiers
2025-10-19 19:49:24,461 INFO: ULTA,2025-07-24,Three White Soldiers
2025-10-19 19:49:24,461 INFO: ULTA,2025-08-12,Morning Star
2025-10-19 19:49:24,465 INFO: ULTA,2025-08-22,Three White Soldiers
2025-10-19 19:49:24,465 INFO: ULTA,2025-08-26,Hammer
2025-10-19 19:49:24,465 INFO: ULTA,2025-09-02,Bullish Engulfing
2025-10-19 19:49:24,465 INFO: ULTA,2025-09-10,Bullish Engulfing
2025-10-19 19:49:24,466 INFO: ULTA,2025-09-16,Hammer
2025-10-19 19:49:24,466 INFO: ULTA,2025-09-18,Three White Soldiers
2025-10-19 19:49:24,466 INFO: ULTA,2025-09-24,Morning Star
2025-10-19 19:49:24,466 INFO: ULTA,2025-09-25,Three White Soldiers
2025-10-19 19:49:24,466 INFO: ULTA,2025-09-25,Dragonfly Doji
2025-10-19 19:49:24,466 INFO: ULTA,2025-09-26,Three White Soldiers
2025-10-19 19:49:24,466 INFO: ULTA,2025-09-29,Hammer
2025-10-19 19:49:24,466 INFO: ULTA,2025-09-29,Three White Soldiers
2025-10-19 19:49:24,466 INFO: ULVM,2023-07-11,Three White Soldiers
2025-10-19 19:49:24,466 INFO: ULVM,2023-07-18,Three White Soldiers
2025-10-19 19:49:24,502 INFO: ULVM,2023-07-19,Three White Soldiers
2025-10-19 19:49:24,503 INFO: ULVM,2023-07-20,Three White Soldiers
2025-10-19 19:49:24,503 INFO: ULVM,2023-07-26,Morning Star
2025-10-19 19:49:24,559 INFO: ULVM,2023-07-28,Hammer
2025-10-19 19:49:24,593 INFO: ULVM,2023-08-21,Hammer
2025-10-19 19:49:24,594 INFO: ULVM,2023-08-23,Piercing Pattern
2025-10-19 19:49:24,594 INFO: ULVM,2023-08-29,Morning Star
2025-10-19 19:49:24,594 INFO: ULVM,2023-08-30,Hammer
2025-10-19 19:49:24,594 INFO: ULVM,2023-10-31,Morning Star
2025-10-19 19:49:24,595 INFO: ULVM,2023-11-02,Three White Soldiers
2025-10-19 19:49:24,595 INFO: ULVM,2023-12-01,Morning Star
2025-10-19 19:49:24,595 INFO: ULVM,2023-12-08,Morning Star
2025-10-19 19:49:24,595 INFO: ULVM,2023-12-12,Three White Soldiers
2025-10-19 19:49:24,595 INFO: ULVM,2023-12-15,Hammer
2025-10-19 19:49:24,597 INFO: ULVM,2023-12-28,Three White Soldiers
2025-10-19 19:49:24,597 INFO: ULVM,2024-01-19,Three White Soldiers
2025-10-19 19:49:24,597 INFO: ULVM,2024-01-23,Hammer
2025-10-19 19:49:24,597 INFO: ULVM,2024-02-22,Morning Star
2025-10-19 19:49:24,597 INFO: ULVM,2024-04-03,Bullish Engulfing
2025-10-19 19:49:24,597 INFO: ULVM,2024-04-19,Morning Star
2025-10-19 19:49:24,597 INFO: ULVM,2024-05-08,Bullish Engulfing
2025-10-19 19:49:24,597 INFO: ULVM,2024-05-21,Piercing Pattern
2025-10-19 19:49:24,597 INFO: ULVM,2024-06-20,Hammer
2025-10-19 19:49:24,597 INFO: ULVM,2024-06-27,Hammer
2025-10-19 19:49:24,597 INFO: ULVM,2024-07-16,Morning Star
2025-10-19 19:49:24,597 INFO: ULVM,2024-07-26,Morning Star
2025-10-19 19:49:24,597 INFO: ULVM,2024-08-09,Morning Star
2025-10-19 19:49:24,597 INFO: ULVM,2024-09-12,Bullish Engulfing
2025-10-19 19:49:24,597 INFO: ULVM,2024-10-18,Piercing Pattern
2025-10-19 19:49:24,597 INFO: ULVM,2024-11-15,Hammer
2025-10-19 19:49:24,598 INFO: ULVM,2024-11-25,Hammer
2025-10-19 19:49:24,598 INFO: ULVM,2024-11-25,Dragonfly Doji
2025-10-19 19:49:24,598 INFO: ULVM,2024-11-26,Bullish Engulfing
2025-10-19 19:49:24,598 INFO: ULVM,2024-12-04,Hammer
2025-10-19 19:49:24,598 INFO: ULVM,2024-12-04,Dragonfly Doji
2025-10-19 19:49:24,598 INFO: ULVM,2024-12-23,Morning Star
2025-10-19 19:49:24,598 INFO: ULVM,2025-01-03,Morning Star
2025-10-19 19:49:24,598 INFO: ULVM,2025-01-27,Bullish Engulfing
2025-10-19 19:49:24,598 INFO: ULVM,2025-02-06,Hammer
2025-10-19 19:49:24,598 INFO: ULVM,2025-02-10,Bullish Engulfing
2025-10-19 19:49:24,598 INFO: ULVM,2025-03-07,Piercing Pattern
2025-10-19 19:49:24,598 INFO: ULVM,2025-04-01,Three White Soldiers
2025-10-19 19:49:24,598 INFO: ULVM,2025-04-02,Hammer
2025-10-19 19:49:24,599 INFO: ULVM,2025-04-02,Three White Soldiers
2025-10-19 19:49:24,599 INFO: ULVM,2025-04-07,Hammer
2025-10-19 19:49:24,599 INFO: ULVM,2025-04-09,Bullish Engulfing
2025-10-19 19:49:24,599 INFO: ULVM,2025-04-11,Hammer
2025-10-19 19:49:24,599 INFO: ULVM,2025-04-24,Piercing Pattern
2025-10-19 19:49:24,629 INFO: ULVM,2025-05-30,Morning Star
2025-10-19 19:49:24,629 INFO: ULVM,2025-07-17,Morning Star
2025-10-19 19:49:24,629 INFO: ULVM,2025-08-12,Morning Star
2025-10-19 19:49:24,629 INFO: ULVM,2025-08-28,Morning Star
2025-10-19 19:49:24,629 INFO: ULVM,2025-09-23,Morning Star
2025-10-19 19:49:24,630 INFO: ULVM,2025-09-26,Morning Star
2025-10-19 19:49:24,630 INFO: ULY,2023-10-24,Piercing Pattern
2025-10-19 19:49:24,630 INFO: ULY,2023-11-03,Three White Soldiers
2025-10-19 19:49:24,630 INFO: ULY,2023-11-20,Hammer
2025-10-19 19:49:24,630 INFO: ULY,2023-11-27,Morning Star
2025-10-19 19:49:24,631 INFO: ULY,2023-12-27,Three White Soldiers
2025-10-19 19:49:24,632 INFO: ULY,2023-12-28,Three White Soldiers
2025-10-19 19:49:24,632 INFO: ULY,2023-12-29,Three White Soldiers
2025-10-19 19:49:24,632 INFO: ULY,2024-01-12,Dragonfly Doji
2025-10-19 19:49:24,632 INFO: ULY,2024-01-16,Morning Star
2025-10-19 19:49:24,632 INFO: ULY,2024-02-06,Bullish Engulfing
2025-10-19 19:49:24,632 INFO: ULY,2024-02-12,Hammer
2025-10-19 19:49:24,632 INFO: ULY,2024-02-21,Piercing Pattern
2025-10-19 19:49:24,632 INFO: ULY,2024-03-04,Three White Soldiers
2025-10-19 19:49:24,632 INFO: ULY,2024-03-05,Three White Soldiers
2025-10-19 19:49:24,632 INFO: ULY,2024-03-06,Three White Soldiers
2025-10-19 19:49:24,632 INFO: ULY,2024-03-26,Three White Soldiers
2025-10-19 19:49:24,633 INFO: ULY,2024-04-03,Hammer
2025-10-19 19:49:24,633 INFO: ULY,2024-04-04,Hammer
2025-10-19 19:49:24,633 INFO: ULY,2024-04-05,Hammer
2025-10-19 19:49:24,633 INFO: ULY,2024-04-10,Hammer
2025-10-19 19:49:24,633 INFO: ULY,2024-04-10,Morning Star
2025-10-19 19:49:24,633 INFO: ULY,2024-04-17,Morning Star
2025-10-19 19:49:24,633 INFO: ULY,2024-04-18,Three White Soldiers
2025-10-19 19:49:24,633 INFO: ULY,2024-04-29,Bullish Engulfing
2025-10-19 19:49:24,634 INFO: ULY,2024-05-02,Morning Star
2025-10-19 19:49:24,634 INFO: ULY,2024-05-03,Hammer
2025-10-19 19:49:24,634 INFO: ULY,2024-05-07,Three White Soldiers
2025-10-19 19:49:24,634 INFO: ULY,2024-05-08,Three White Soldiers
2025-10-19 19:49:24,635 INFO: ULY,2024-05-10,Hammer
2025-10-19 19:49:24,635 INFO: ULY,2024-05-10,Bullish Engulfing
2025-10-19 19:49:24,635 INFO: ULY,2024-05-30,Bullish Engulfing
2025-10-19 19:49:24,667 INFO: ULY,2024-05-30,Morning Star
2025-10-19 19:49:24,667 INFO: ULY,2024-06-05,Morning Star
2025-10-19 19:49:24,667 INFO: ULY,2024-06-10,Hammer
2025-10-19 19:49:24,667 INFO: ULY,2024-06-26,Bullish Engulfing
2025-10-19 19:49:24,667 INFO: ULY,2024-06-27,Hammer
2025-10-19 19:49:24,667 INFO: ULY,2024-07-16,Hammer
2025-10-19 19:49:24,667 INFO: ULY,2024-09-05,Bullish Engulfing
2025-10-19 19:49:24,667 INFO: ULY,2024-09-05,Morning Star
2025-10-19 19:49:24,701 INFO: ULY,2024-09-11,Bullish Engulfing
2025-10-19 19:49:24,701 INFO: ULY,2024-09-12,Hammer
2025-10-19 19:49:24,701 INFO: ULY,2024-09-20,Morning Star
2025-10-19 19:49:24,701 INFO: ULY,2024-09-23,Hammer
2025-10-19 19:49:24,701 INFO: ULY,2024-09-25,Hammer
2025-10-19 19:49:24,701 INFO: ULY,2024-09-27,Hammer
2025-10-19 19:49:24,701 INFO: ULY,2024-09-27,Dragonfly Doji
2025-10-19 19:49:24,701 INFO: ULY,2024-10-02,Dragonfly Doji
2025-10-19 19:49:24,701 INFO: ULY,2024-10-07,Piercing Pattern
2025-10-19 19:49:24,702 INFO: ULY,2024-10-11,Bullish Engulfing
2025-10-19 19:49:24,702 INFO: ULY,2024-10-15,Dragonfly Doji
2025-10-19 19:49:24,702 INFO: ULY,2024-10-22,Hammer
2025-10-19 19:49:24,702 INFO: ULY,2024-10-31,Piercing Pattern
2025-10-19 19:49:24,702 INFO: ULY,2024-11-15,Hammer
2025-10-19 19:49:24,703 INFO: ULY,2024-11-22,Bullish Engulfing
2025-10-19 19:49:24,703 INFO: ULY,2024-11-22,Morning Star
2025-10-19 19:49:24,703 INFO: ULY,2024-12-09,Morning Star
2025-10-19 19:49:24,703 INFO: ULY,2024-12-16,Hammer
2025-10-19 19:49:24,703 INFO: ULY,2024-12-17,Bullish Engulfing
2025-10-19 19:49:24,703 INFO: ULY,2024-12-19,Hammer
2025-10-19 19:49:24,703 INFO: ULY,2024-12-31,Piercing Pattern
2025-10-19 19:49:24,703 INFO: ULY,2025-01-15,Hammer
2025-10-19 19:49:24,703 INFO: ULY,2025-01-24,Hammer
2025-10-19 19:49:24,703 INFO: ULY,2025-01-27,Bullish Engulfing
2025-10-19 19:49:24,704 INFO: ULY,2025-01-30,Dragonfly Doji
2025-10-19 19:49:24,704 INFO: ULY,2025-03-18,Hammer
2025-10-19 19:49:24,704 INFO: ULY,2025-03-18,Dragonfly Doji
2025-10-19 19:49:24,704 INFO: ULY,2025-03-19,Bullish Engulfing
2025-10-19 19:49:24,704 INFO: ULY,2025-03-21,Three White Soldiers
2025-10-19 19:49:24,704 INFO: ULY,2025-03-26,Bullish Engulfing
2025-10-19 19:49:24,704 INFO: ULY,2025-03-26,Morning Star
2025-10-19 19:49:24,704 INFO: ULY,2025-04-02,Hammer
2025-10-19 19:49:24,704 INFO: ULY,2025-04-09,Piercing Pattern
2025-10-19 19:49:24,704 INFO: ULY,2025-04-14,Bullish Engulfing
2025-10-19 19:49:24,704 INFO: ULY,2025-04-25,Morning Star
2025-10-19 19:49:24,704 INFO: ULY,2025-04-30,Three White Soldiers
2025-10-19 19:49:24,704 INFO: ULY,2025-05-07,Three White Soldiers
2025-10-19 19:49:24,704 INFO: ULY,2025-05-08,Three White Soldiers
2025-10-19 19:49:24,704 INFO: ULY,2025-05-21,Hammer
2025-10-19 19:49:24,704 INFO: ULY,2025-05-27,Hammer
2025-10-19 19:49:24,704 INFO: ULY,2025-06-10,Piercing Pattern
2025-10-19 19:49:24,705 INFO: ULY,2025-06-16,Bullish Engulfing
2025-10-19 19:49:24,706 INFO: ULY,2025-06-23,Morning Star
2025-10-19 19:49:24,706 INFO: ULY,2025-06-30,Bullish Engulfing
2025-10-19 19:49:24,706 INFO: ULY,2025-07-09,Three White Soldiers
2025-10-19 19:49:24,706 INFO: ULY,2025-07-17,Bullish Engulfing
2025-10-19 19:49:24,907 INFO: ULY,2025-08-04,Piercing Pattern
2025-10-19 19:49:24,911 INFO: ULY,2025-08-15,Hammer
2025-10-19 19:49:24,911 INFO: ULY,2025-09-11,Three White Soldiers
2025-10-19 19:49:24,911 INFO: ULY,2025-09-12,Three White Soldiers
2025-10-19 19:49:24,911 INFO: ULY,2025-09-19,Morning Star
2025-10-19 19:49:24,911 INFO: UMBFO,2025-06-04,Bullish Engulfing
2025-10-19 19:49:24,911 INFO: UMBFO,2025-06-04,Morning Star
2025-10-19 19:49:24,912 INFO: UMBFO,2025-06-24,Three White Soldiers
2025-10-19 19:49:24,912 INFO: UMBFO,2025-06-25,Three White Soldiers
2025-10-19 19:49:24,912 INFO: UMBFO,2025-06-26,Three White Soldiers
2025-10-19 19:49:24,912 INFO: UMBFO,2025-06-27,Three White Soldiers
2025-10-19 19:49:24,912 INFO: UMBFO,2025-07-16,Hammer
2025-10-19 19:49:24,912 INFO: UMBFO,2025-08-11,Hammer
2025-10-19 19:49:24,912 INFO: UMBFO,2025-08-12,Morning Star
2025-10-19 19:49:24,912 INFO: UMBFO,2025-09-02,Bullish Engulfing
2025-10-19 19:49:24,912 INFO: UMBFO,2025-09-04,Three White Soldiers
2025-10-19 19:49:24,912 INFO: UMBFO,2025-09-09,Bullish Engulfing
2025-10-19 19:49:24,912 INFO: UMBFO,2025-09-23,Morning Star
2025-10-19 19:49:24,912 INFO: UMBFO,2025-09-24,Dragonfly Doji
2025-10-19 19:49:24,912 INFO: UMBFO,2025-09-25,Hammer
2025-10-19 19:49:24,912 INFO: UMBF,2023-07-06,Hammer
2025-10-19 19:49:24,912 INFO: UMBF,2023-07-07,Bullish Engulfing
2025-10-19 19:49:24,912 INFO: UMBF,2023-07-13,Three White Soldiers
2025-10-19 19:49:24,912 INFO: UMBF,2023-07-19,Three White Soldiers
2025-10-19 19:49:24,912 INFO: UMBF,2023-07-24,Bullish Engulfing
2025-10-19 19:49:24,912 INFO: UMBF,2023-07-31,Piercing Pattern
2025-10-19 19:49:24,913 INFO: UMBF,2023-08-04,Three White Soldiers
2025-10-19 19:49:24,913 INFO: UMBF,2023-08-07,Three White Soldiers
2025-10-19 19:49:24,913 INFO: UMBF,2023-08-08,Hammer
2025-10-19 19:49:24,913 INFO: UMBF,2023-08-09,Hammer
2025-10-19 19:49:24,913 INFO: UMBF,2023-08-18,Morning Star
2025-10-19 19:49:24,913 INFO: UMBF,2023-08-24,Morning Star
2025-10-19 19:49:24,913 INFO: UMBF,2023-08-29,Morning Star
2025-10-19 19:49:24,913 INFO: UMBF,2023-08-30,Hammer
2025-10-19 19:49:24,913 INFO: UMBF,2023-09-08,Hammer
2025-10-19 19:49:24,913 INFO: UMBF,2023-09-13,Morning Star
2025-10-19 19:49:24,913 INFO: UMBF,2023-09-14,Three White Soldiers
2025-10-19 19:49:24,913 INFO: UMBF,2023-09-25,Bullish Engulfing
2025-10-19 19:49:24,913 INFO: UMBF,2023-10-05,Morning Star
2025-10-19 19:49:24,913 INFO: UMBF,2023-10-06,Three White Soldiers
2025-10-19 19:49:24,913 INFO: UMBF,2023-10-25,Bullish Engulfing
2025-10-19 19:49:24,913 INFO: UMBF,2023-11-03,Three White Soldiers
2025-10-19 19:49:24,913 INFO: UMBF,2023-11-08,Dragonfly Doji
2025-10-19 19:49:24,913 INFO: UMBF,2023-11-13,Morning Star
2025-10-19 19:49:24,913 INFO: UMBF,2023-11-15,Three White Soldiers
2025-10-19 19:49:24,913 INFO: UMBF,2023-12-01,Bullish Engulfing
2025-10-19 19:49:24,913 INFO: UMBF,2023-12-13,Bullish Engulfing
2025-10-19 19:49:24,913 INFO: UMBF,2023-12-21,Hammer
2025-10-19 19:49:24,914 INFO: UMBF,2023-12-28,Bullish Engulfing
2025-10-19 19:49:24,914 INFO: UMBF,2024-01-02,Piercing Pattern
2025-10-19 19:49:24,914 INFO: UMBF,2024-01-17,Piercing Pattern
2025-10-19 19:49:24,914 INFO: UMBF,2024-01-19,Three White Soldiers
2025-10-19 19:49:24,914 INFO: UMBF,2024-01-22,Hammer
2025-10-19 19:49:24,914 INFO: UMBF,2024-01-22,Three White Soldiers
2025-10-19 19:49:24,914 INFO: UMBF,2024-01-29,Morning Star
2025-10-19 19:49:24,914 INFO: UMBF,2024-01-30,Three White Soldiers
2025-10-19 19:49:24,914 INFO: UMBF,2024-02-08,Bullish Engulfing
2025-10-19 19:49:24,914 INFO: UMBF,2024-02-08,Morning Star
2025-10-19 19:49:24,914 INFO: UMBF,2024-02-12,Three White Soldiers
2025-10-19 19:49:24,914 INFO: UMBF,2024-02-15,Morning Star
2025-10-19 19:49:24,914 INFO: UMBF,2024-02-21,Hammer
2025-10-19 19:49:24,914 INFO: UMBF,2024-02-23,Bullish Engulfing
2025-10-19 19:49:24,915 INFO: UMBF,2024-03-01,Hammer
2025-10-19 19:49:24,915 INFO: UMBF,2024-03-05,Bullish Engulfing
2025-10-19 19:49:24,915 INFO: UMBF,2024-03-19,Bullish Engulfing
2025-10-19 19:49:24,915 INFO: UMBF,2024-03-21,Three White Soldiers
2025-10-19 19:49:24,915 INFO: UMBF,2024-03-26,Morning Star
2025-10-19 19:49:24,915 INFO: UMBF,2024-03-27,Three White Soldiers
2025-10-19 19:49:24,915 INFO: UMBF,2024-03-28,Three White Soldiers
2025-10-19 19:49:24,915 INFO: UMBF,2024-04-08,Morning Star
2025-10-19 19:49:24,915 INFO: UMBF,2024-04-23,Three White Soldiers
2025-10-19 19:49:24,915 INFO: UMBF,2024-04-25,Hammer
2025-10-19 19:49:24,915 INFO: UMBF,2024-05-08,Bullish Engulfing
2025-10-19 19:49:24,915 INFO: UMBF,2024-05-08,Morning Star
2025-10-19 19:49:24,915 INFO: UMBF,2024-05-10,Hammer
2025-10-19 19:49:24,915 INFO: UMBF,2024-05-13,Morning Star
2025-10-19 19:49:24,915 INFO: UMBF,2024-06-06,Hammer
2025-10-19 19:49:24,915 INFO: UMBF,2024-06-06,Bullish Engulfing
2025-10-19 19:49:24,916 INFO: UMBF,2024-06-06,Morning Star
2025-10-19 19:49:24,916 INFO: UMBF,2024-06-18,Three White Soldiers
2025-10-19 19:49:24,916 INFO: UMBF,2024-06-27,Hammer
2025-10-19 19:49:24,916 INFO: UMBF,2024-06-28,Three White Soldiers
2025-10-19 19:49:24,916 INFO: UMBF,2024-07-02,Bullish Engulfing
2025-10-19 19:49:24,916 INFO: UMBF,2024-07-09,Bullish Engulfing
2025-10-19 19:49:24,916 INFO: UMBF,2024-07-11,Three White Soldiers
2025-10-19 19:49:24,916 INFO: UMBF,2024-07-17,Hammer
2025-10-19 19:49:24,916 INFO: UMBF,2024-07-22,Morning Star
2025-10-19 19:49:24,916 INFO: UMBF,2024-08-13,Hammer
2025-10-19 19:49:24,916 INFO: UMBF,2024-08-16,Morning Star
2025-10-19 19:49:24,916 INFO: UMBF,2024-08-19,Three White Soldiers
2025-10-19 19:49:24,916 INFO: UMBF,2024-08-21,Hammer
2025-10-19 19:49:24,916 INFO: UMBF,2024-08-22,Morning Star
2025-10-19 19:49:24,916 INFO: UMBF,2024-08-23,Three White Soldiers
2025-10-19 19:49:24,916 INFO: UMBF,2024-09-03,Morning Star
2025-10-19 19:49:24,917 INFO: UMBF,2024-09-10,Hammer
2025-10-19 19:49:24,917 INFO: UMBF,2024-09-10,Dragonfly Doji
2025-10-19 19:49:24,917 INFO: UMBF,2024-09-12,Hammer
2025-10-19 19:49:24,917 INFO: UMBF,2024-09-13,Three White Soldiers
2025-10-19 19:49:24,917 INFO: UMBF,2024-09-16,Three White Soldiers
2025-10-19 19:49:24,917 INFO: UMBF,2024-09-19,Morning Star
2025-10-19 19:49:24,917 INFO: UMBF,2024-09-30,Bullish Engulfing
2025-10-19 19:49:24,917 INFO: UMBF,2024-09-30,Morning Star
2025-10-19 19:49:24,917 INFO: UMBF,2024-10-07,Bullish Engulfing
2025-10-19 19:49:24,917 INFO: UMBF,2024-10-09,Bullish Engulfing
2025-10-19 19:49:24,917 INFO: UMBF,2024-10-10,Hammer
2025-10-19 19:49:24,917 INFO: UMBF,2024-10-11,Three White Soldiers
2025-10-19 19:49:24,917 INFO: UMBF,2024-10-14,Three White Soldiers
2025-10-19 19:49:24,917 INFO: UMBF,2024-10-15,Three White Soldiers
2025-10-19 19:49:24,917 INFO: UMBF,2024-11-05,Morning Star
2025-10-19 19:49:24,917 INFO: UMBF,2024-11-06,Three White Soldiers
2025-10-19 19:49:24,918 INFO: UMBF,2024-11-11,Morning Star
2025-10-19 19:49:24,918 INFO: UMBF,2024-11-20,Hammer
2025-10-19 19:49:24,918 INFO: UMBF,2024-11-22,Bullish Engulfing
2025-10-19 19:49:24,918 INFO: UMBF,2024-11-22,Morning Star
2025-10-19 19:49:24,918 INFO: UMBF,2024-12-04,Morning Star
2025-10-19 19:49:24,918 INFO: UMBF,2024-12-20,Piercing Pattern
2025-10-19 19:49:24,918 INFO: UMBF,2024-12-26,Three White Soldiers
2025-10-19 19:49:24,918 INFO: UMBF,2025-01-03,Hammer
2025-10-19 19:49:24,918 INFO: UMBF,2025-01-14,Three White Soldiers
2025-10-19 19:49:24,918 INFO: UMBF,2025-02-11,Bullish Engulfing
2025-10-19 19:49:24,918 INFO: UMBF,2025-02-18,Bullish Engulfing
2025-10-19 19:49:24,918 INFO: UMBF,2025-02-26,Morning Star
2025-10-19 19:49:24,918 INFO: UMBF,2025-03-07,Piercing Pattern
2025-10-19 19:49:24,918 INFO: UMBF,2025-03-18,Three White Soldiers
2025-10-19 19:49:24,918 INFO: UMBF,2025-03-19,Three White Soldiers
2025-10-19 19:49:24,918 INFO: UMBF,2025-03-24,Morning Star
2025-10-19 19:49:24,919 INFO: UMBF,2025-03-31,Piercing Pattern
2025-10-19 19:49:24,919 INFO: UMBF,2025-04-02,Bullish Engulfing
2025-10-19 19:49:24,919 INFO: UMBF,2025-04-09,Bullish Engulfing
2025-10-19 19:49:24,919 INFO: UMBF,2025-04-14,Hammer
2025-10-19 19:49:24,919 INFO: UMBF,2025-04-16,Three White Soldiers
2025-10-19 19:49:24,919 INFO: UMBF,2025-04-24,Piercing Pattern
2025-10-19 19:49:24,919 INFO: UMBF,2025-04-28,Bullish Engulfing
2025-10-19 19:49:24,919 INFO: UMBF,2025-05-02,Three White Soldiers
2025-10-19 19:49:24,919 INFO: UMBF,2025-05-05,Three White Soldiers
2025-10-19 19:49:24,919 INFO: UMBF,2025-05-13,Piercing Pattern
2025-10-19 19:49:24,919 INFO: UMBF,2025-05-14,Hammer
2025-10-19 19:49:24,919 INFO: UMBF,2025-06-03,Bullish Engulfing
2025-10-19 19:49:24,919 INFO: UMBF,2025-06-05,Hammer
2025-10-19 19:49:24,919 INFO: UMBF,2025-06-06,Morning Star
2025-10-19 19:49:24,919 INFO: UMBF,2025-06-10,Three White Soldiers
2025-10-19 19:49:24,919 INFO: UMBF,2025-06-18,Piercing Pattern
2025-10-19 19:49:24,919 INFO: UMBF,2025-07-01,Bullish Engulfing
2025-10-19 19:49:24,919 INFO: UMBF,2025-07-03,Three White Soldiers
2025-10-19 19:49:24,920 INFO: UMBF,2025-07-10,Three White Soldiers
2025-10-19 19:49:24,920 INFO: UMBF,2025-07-17,Morning Star
2025-10-19 19:49:24,920 INFO: UMBF,2025-07-28,Three White Soldiers
2025-10-19 19:49:24,920 INFO: UMBF,2025-08-04,Bullish Engulfing
2025-10-19 19:49:24,920 INFO: UMBF,2025-08-04,Morning Star
2025-10-19 19:49:24,920 INFO: UMBF,2025-08-05,Hammer
2025-10-19 19:49:24,920 INFO: UMBF,2025-08-22,Morning Star
2025-10-19 19:49:24,920 INFO: UMBF,2025-08-26,Bullish Engulfing
2025-10-19 19:49:24,920 INFO: UMBF,2025-09-02,Hammer
2025-10-19 19:49:24,920 INFO: UMBF,2025-09-05,Three White Soldiers
2025-10-19 19:49:24,922 INFO: UMBF,2025-09-08,Hammer
2025-10-19 19:49:24,922 INFO: UMBF,2025-09-08,Three White Soldiers
2025-10-19 19:49:24,922 INFO: UMBF,2025-09-08,Dragonfly Doji
2025-10-19 19:49:24,922 INFO: UMBF,2025-09-26,Morning Star
2025-10-19 19:49:24,922 INFO: UMMA,2023-07-11,Three White Soldiers
2025-10-19 19:49:24,922 INFO: UMMA,2023-07-12,Three White Soldiers
2025-10-19 19:49:24,922 INFO: UMMA,2023-07-13,Three White Soldiers
2025-10-19 19:49:24,922 INFO: UMMA,2023-07-24,Morning Star
2025-10-19 19:49:24,936 INFO: UMMA,2023-07-31,Morning Star
2025-10-19 19:49:24,937 INFO: UMMA,2023-08-28,Morning Star
2025-10-19 19:49:24,937 INFO: UMMA,2023-09-12,Morning Star
2025-10-19 19:49:24,937 INFO: UMMA,2023-10-10,Three White Soldiers
2025-10-19 19:49:24,937 INFO: UMMA,2023-10-11,Dragonfly Doji
2025-10-19 19:49:24,937 INFO: UMMA,2023-10-31,Morning Star
2025-10-19 19:49:24,937 INFO: UMMA,2023-11-02,Three White Soldiers
2025-10-19 19:49:24,951 INFO: UMMA,2023-11-20,Three White Soldiers
2025-10-19 19:49:24,951 INFO: UMMA,2023-11-22,Bullish Engulfing
2025-10-19 19:49:24,951 INFO: UMMA,2023-11-30,Dragonfly Doji
2025-10-19 19:49:24,951 INFO: UMMA,2023-12-01,Morning Star
2025-10-19 19:49:24,971 INFO: UMMA,2023-12-04,Hammer
2025-10-19 19:49:24,975 INFO: UMMA,2023-12-07,Hammer
2025-10-19 19:49:24,992 INFO: UMMA,2023-12-08,Morning Star
2025-10-19 19:49:24,993 INFO: UMMA,2023-12-11,Hammer
2025-10-19 19:49:25,023 INFO: UMMA,2023-12-12,Piercing Pattern
2025-10-19 19:49:25,024 INFO: UMMA,2023-12-14,Three White Soldiers
2025-10-19 19:49:25,024 INFO: UMMA,2023-12-15,Hammer
2025-10-19 19:49:25,024 INFO: UMMA,2024-01-03,Hammer
2025-10-19 19:49:25,024 INFO: UMMA,2024-01-05,Bullish Engulfing
2025-10-19 19:49:25,024 INFO: UMMA,2024-01-11,Hammer
2025-10-19 19:49:25,024 INFO: UMMA,2024-01-17,Hammer
2025-10-19 19:49:25,025 INFO: UMMA,2024-01-19,Three White Soldiers
2025-10-19 19:49:25,025 INFO: UMMA,2024-01-23,Bullish Engulfing
2025-10-19 19:49:25,053 INFO: UMMA,2024-02-08,Three White Soldiers
2025-10-19 19:49:25,054 INFO: UMMA,2024-02-09,Three White Soldiers
2025-10-19 19:49:25,054 INFO: UMMA,2024-02-16,Three White Soldiers
2025-10-19 19:49:25,054 INFO: UMMA,2024-03-01,Morning Star
2025-10-19 19:49:25,056 INFO: UMMA,2024-03-07,Morning Star
2025-10-19 19:49:25,112 INFO: UMMA,2024-03-12,Morning Star
2025-10-19 19:49:25,113 INFO: UMMA,2024-03-19,Hammer
2025-10-19 19:49:25,114 INFO: UMMA,2024-03-20,Morning Star
2025-10-19 19:49:25,114 INFO: UMMA,2024-04-09,Hammer
2025-10-19 19:49:25,114 INFO: UMMA,2024-05-02,Morning Star
2025-10-19 19:49:25,114 INFO: UMMA,2024-05-06,Three White Soldiers
2025-10-19 19:49:25,123 INFO: UMMA,2024-05-07,Three White Soldiers
2025-10-19 19:49:25,152 INFO: UMMA,2024-05-31,Hammer
2025-10-19 19:49:25,153 INFO: UMMA,2024-05-31,Dragonfly Doji
2025-10-19 19:49:25,167 INFO: UMMA,2024-06-03,Hammer
2025-10-19 19:49:25,168 INFO: UMMA,2024-06-04,Hammer
2025-10-19 19:49:25,168 INFO: UMMA,2024-06-18,Three White Soldiers
2025-10-19 19:49:25,169 INFO: UMMA,2024-07-02,Piercing Pattern
2025-10-19 19:49:25,169 INFO: UMMA,2024-07-05,Hammer
2025-10-19 19:49:25,169 INFO: UMMA,2024-07-05,Three White Soldiers
2025-10-19 19:49:25,172 INFO: UMMA,2024-07-05,Dragonfly Doji
2025-10-19 19:49:25,175 INFO: UMMA,2024-08-12,Three White Soldiers
2025-10-19 19:49:25,175 INFO: UMMA,2024-08-13,Three White Soldiers
2025-10-19 19:49:25,175 INFO: UMMA,2024-08-19,Three White Soldiers
2025-10-19 19:49:25,175 INFO: UMMA,2024-08-30,Hammer
2025-10-19 19:49:25,175 INFO: UMMA,2024-09-10,Hammer
2025-10-19 19:49:25,175 INFO: UMMA,2024-09-12,Three White Soldiers
2025-10-19 19:49:25,176 INFO: UMMA,2024-09-24,Morning Star
2025-10-19 19:49:25,176 INFO: UMMA,2024-10-02,Piercing Pattern
2025-10-19 19:49:25,176 INFO: UMMA,2024-10-07,Three White Soldiers
2025-10-19 19:49:25,176 INFO: UMMA,2024-11-05,Morning Star
2025-10-19 19:49:25,176 INFO: UMMA,2024-11-20,Hammer
2025-10-19 19:49:25,176 INFO: UMMA,2024-11-21,Bullish Engulfing
2025-10-19 19:49:25,176 INFO: UMMA,2024-12-02,Three White Soldiers
2025-10-19 19:49:25,176 INFO: UMMA,2024-12-03,Three White Soldiers
2025-10-19 19:49:25,176 INFO: UMMA,2024-12-04,Three White Soldiers
2025-10-19 19:49:25,176 INFO: UMMA,2024-12-13,Hammer
2025-10-19 19:49:25,177 INFO: UMMA,2024-12-17,Bullish Engulfing
2025-10-19 19:49:25,203 INFO: UMMA,2024-12-24,Hammer
2025-10-19 19:49:25,204 INFO: UMMA,2025-01-14,Hammer
2025-10-19 19:49:25,204 INFO: UMMA,2025-02-05,Three White Soldiers
2025-10-19 19:49:25,205 INFO: UMMA,2025-02-06,Three White Soldiers
2025-10-19 19:49:25,206 INFO: UMMA,2025-02-11,Morning Star
2025-10-19 19:49:25,206 INFO: UMMA,2025-02-14,Hammer
2025-10-19 19:49:25,206 INFO: UMMA,2025-02-20,Hammer
2025-10-19 19:49:25,206 INFO: UMMA,2025-03-05,Morning Star
2025-10-19 19:49:25,211 INFO: UMMA,2025-03-07,Bullish Engulfing
2025-10-19 19:49:25,211 INFO: UMMA,2025-03-12,Morning Star
2025-10-19 19:49:25,211 INFO: UMMA,2025-03-18,Hammer
2025-10-19 19:49:25,212 INFO: UMMA,2025-03-19,Bullish Engulfing
2025-10-19 19:49:25,213 INFO: UMMA,2025-03-24,Hammer
2025-10-19 19:49:25,213 INFO: UMMA,2025-04-24,Three White Soldiers
2025-10-19 19:49:25,213 INFO: UMMA,2025-04-25,Three White Soldiers
2025-10-19 19:49:25,213 INFO: UMMA,2025-05-05,Hammer
2025-10-19 19:49:25,213 INFO: UMMA,2025-05-07,Hammer
2025-10-19 19:49:25,264 INFO: UMMA,2025-05-12,Hammer
2025-10-19 19:49:25,268 INFO: UMMA,2025-05-12,Morning Star
2025-10-19 19:49:25,293 INFO: UMMA,2025-05-16,Morning Star
2025-10-19 19:49:25,318 INFO: UMMA,2025-05-19,Hammer
2025-10-19 19:49:25,319 INFO: UMMA,2025-06-06,Bullish Engulfing
2025-10-19 19:49:25,319 INFO: UMMA,2025-06-12,Morning Star
2025-10-19 19:49:25,319 INFO: UMMA,2025-06-26,Hammer
2025-10-19 19:49:25,319 INFO: UMMA,2025-06-27,Hammer
2025-10-19 19:49:25,319 INFO: UMMA,2025-06-27,Three White Soldiers
2025-10-19 19:49:25,319 INFO: UMMA,2025-07-01,Hammer
2025-10-19 19:49:25,319 INFO: UMMA,2025-07-09,Morning Star
2025-10-19 19:49:25,319 INFO: UMMA,2025-07-14,Hammer
2025-10-19 19:49:25,319 INFO: UMMA,2025-07-15,Hammer
2025-10-19 19:49:25,319 INFO: UMMA,2025-07-16,Hammer
2025-10-19 19:49:25,319 INFO: UMMA,2025-07-22,Bullish Engulfing
2025-10-19 19:49:25,320 INFO: UMMA,2025-08-01,Hammer
2025-10-19 19:49:25,353 INFO: UMMA,2025-08-20,Hammer
2025-10-19 19:49:25,354 INFO: UMMA,2025-08-21,Hammer
2025-10-19 19:49:25,362 INFO: UMMA,2025-08-27,Morning Star
2025-10-19 19:49:25,362 INFO: UMMA,2025-09-02,Hammer
2025-10-19 19:49:25,362 INFO: UMMA,2025-09-08,Hammer
2025-10-19 19:49:25,362 INFO: UMMA,2025-09-15,Bullish Engulfing
2025-10-19 19:49:25,363 INFO: UMMA,2025-09-25,Dragonfly Doji
2025-10-19 19:49:25,363 INFO: UNB,2023-07-18,Dragonfly Doji
2025-10-19 19:49:25,363 INFO: UNB,2023-07-19,Morning Star
2025-10-19 19:49:25,364 INFO: UNB,2023-07-20,Hammer
2025-10-19 19:49:25,422 INFO: UNB,2023-07-26,Three White Soldiers
2025-10-19 19:49:25,423 INFO: UNB,2023-08-28,Hammer
2025-10-19 19:49:25,423 INFO: UNB,2023-08-30,Bullish Engulfing
2025-10-19 19:49:25,423 INFO: UNB,2023-09-11,Piercing Pattern
2025-10-19 19:49:25,423 INFO: UNB,2023-09-18,Three White Soldiers
2025-10-19 19:49:25,424 INFO: UNB,2023-09-19,Three White Soldiers
2025-10-19 19:49:25,424 INFO: UNB,2023-09-25,Morning Star
2025-10-19 19:49:25,424 INFO: UNB,2023-09-27,Hammer
2025-10-19 19:49:25,425 INFO: UNB,2023-09-28,Morning Star
2025-10-19 19:49:25,425 INFO: UNB,2023-10-09,Three White Soldiers
2025-10-19 19:49:25,425 INFO: UNB,2023-10-12,Hammer
2025-10-19 19:49:25,425 INFO: UNB,2023-10-17,Morning Star
2025-10-19 19:49:25,425 INFO: UNB,2023-10-20,Morning Star
2025-10-19 19:49:25,425 INFO: UNB,2023-10-30,Bullish Engulfing
2025-10-19 19:49:25,425 INFO: UNB,2023-11-01,Hammer
2025-10-19 19:49:25,425 INFO: UNB,2023-11-08,Piercing Pattern
2025-10-19 19:49:25,425 INFO: UNB,2023-11-10,Hammer
2025-10-19 19:49:25,425 INFO: UNB,2023-11-14,Three White Soldiers
2025-10-19 19:49:25,425 INFO: UNB,2023-11-20,Hammer
2025-10-19 19:49:25,425 INFO: UNB,2023-11-24,Hammer
2025-10-19 19:49:25,426 INFO: UNB,2023-11-24,Three White Soldiers
2025-10-19 19:49:25,426 INFO: UNB,2023-11-24,Dragonfly Doji
2025-10-19 19:49:25,426 INFO: UNB,2023-11-29,Three White Soldiers
2025-10-19 19:49:25,427 INFO: UNB,2023-11-30,Three White Soldiers
2025-10-19 19:49:25,427 INFO: UNB,2023-12-01,Three White Soldiers
2025-10-19 19:49:25,427 INFO: UNB,2023-12-04,Three White Soldiers
2025-10-19 19:49:25,427 INFO: UNB,2023-12-08,Morning Star
2025-10-19 19:49:25,432 INFO: UNB,2023-12-13,Bullish Engulfing
2025-10-19 19:49:25,432 INFO: UNB,2023-12-20,Hammer
2025-10-19 19:49:25,432 INFO: UNB,2023-12-20,Dragonfly Doji
2025-10-19 19:49:25,433 INFO: UNB,2023-12-21,Bullish Engulfing
2025-10-19 19:49:25,433 INFO: UNB,2023-12-22,Hammer
2025-10-19 19:49:25,433 INFO: UNB,2023-12-22,Dragonfly Doji
2025-10-19 19:49:25,433 INFO: UNB,2023-12-27,Morning Star
2025-10-19 19:49:25,433 INFO: UNB,2024-01-05,Hammer
2025-10-19 19:49:25,434 INFO: UNB,2024-01-12,Morning Star
2025-10-19 19:49:25,434 INFO: UNB,2024-01-16,Hammer
2025-10-19 19:49:25,435 INFO: UNB,2024-01-16,Three White Soldiers
2025-10-19 19:49:25,435 INFO: UNB,2024-01-18,Bullish Engulfing
2025-10-19 19:49:25,435 INFO: UNB,2024-01-23,Hammer
2025-10-19 19:49:25,435 INFO: UNB,2024-01-24,Hammer
2025-10-19 19:49:25,435 INFO: UNB,2024-01-29,Hammer
2025-10-19 19:49:25,435 INFO: UNB,2024-01-30,Hammer
2025-10-19 19:49:25,435 INFO: UNB,2024-01-31,Bullish Engulfing
2025-10-19 19:49:25,460 INFO: UNB,2024-02-07,Hammer
2025-10-19 19:49:25,464 INFO: UNB,2024-02-09,Hammer
2025-10-19 19:49:25,464 INFO: UNB,2024-02-15,Three White Soldiers
2025-10-19 19:49:25,499 INFO: UNB,2024-02-21,Hammer
2025-10-19 19:49:25,519 INFO: UNB,2024-02-21,Dragonfly Doji
2025-10-19 19:49:25,522 INFO: UNB,2024-02-22,Morning Star
2025-10-19 19:49:25,522 INFO: UNB,2024-03-01,Bullish Engulfing
2025-10-19 19:49:25,522 INFO: UNB,2024-03-05,Hammer
2025-10-19 19:49:25,523 INFO: UNB,2024-03-07,Hammer
2025-10-19 19:49:25,523 INFO: UNB,2024-03-12,Dragonfly Doji
2025-10-19 19:49:25,523 INFO: UNB,2024-03-15,Bullish Engulfing
2025-10-19 19:49:25,523 INFO: UNB,2024-03-26,Piercing Pattern
2025-10-19 19:49:25,523 INFO: UNB,2024-03-28,Dragonfly Doji
2025-10-19 19:49:25,523 INFO: UNB,2024-04-17,Dragonfly Doji
2025-10-19 19:49:25,523 INFO: UNB,2024-04-19,Three White Soldiers
2025-10-19 19:49:25,523 INFO: UNB,2024-04-29,Three White Soldiers
2025-10-19 19:49:25,523 INFO: UNB,2024-05-01,Hammer
2025-10-19 19:49:25,523 INFO: UNB,2024-05-01,Dragonfly Doji
2025-10-19 19:49:25,523 INFO: UNB,2024-05-20,Piercing Pattern
2025-10-19 19:49:25,523 INFO: UNB,2024-05-31,Morning Star
2025-10-19 19:49:25,527 INFO: UNB,2024-06-04,Three White Soldiers
2025-10-19 19:49:25,527 INFO: UNB,2024-06-05,Three White Soldiers
2025-10-19 19:49:25,527 INFO: UNB,2024-06-06,Three White Soldiers
2025-10-19 19:49:25,527 INFO: UNB,2024-06-20,Bullish Engulfing
2025-10-19 19:49:25,527 INFO: UNB,2024-07-03,Morning Star
2025-10-19 19:49:25,556 INFO: UNB,2024-07-11,Morning Star
2025-10-19 19:49:25,556 INFO: UNB,2024-07-12,Hammer
2025-10-19 19:49:25,557 INFO: UNB,2024-07-15,Hammer
2025-10-19 19:49:25,557 INFO: UNB,2024-07-16,Bullish Engulfing
2025-10-19 19:49:25,557 INFO: UNB,2024-07-18,Three White Soldiers
2025-10-19 19:49:25,558 INFO: UNB,2024-07-26,Hammer
2025-10-19 19:49:25,558 INFO: UNB,2024-07-26,Morning Star
2025-10-19 19:49:25,558 INFO: UNB,2024-07-26,Dragonfly Doji
2025-10-19 19:49:25,558 INFO: UNB,2024-08-01,Hammer
2025-10-19 19:49:25,558 INFO: UNB,2024-08-09,Hammer
2025-10-19 19:49:25,558 INFO: UNB,2024-08-14,Bullish Engulfing
2025-10-19 19:49:25,558 INFO: UNB,2024-08-21,Bullish Engulfing
2025-10-19 19:49:25,597 INFO: UNB,2024-08-27,Three White Soldiers
2025-10-19 19:49:25,626 INFO: UNB,2024-09-10,Morning Star
2025-10-19 19:49:25,626 INFO: UNB,2024-09-13,Hammer
2025-10-19 19:49:25,626 INFO: UNB,2024-09-16,Bullish Engulfing
2025-10-19 19:49:25,626 INFO: UNB,2024-09-20,Hammer
2025-10-19 19:49:25,626 INFO: UNB,2024-09-20,Dragonfly Doji
2025-10-19 19:49:25,626 INFO: UNB,2024-10-02,Bullish Engulfing
2025-10-19 19:49:25,626 INFO: UNB,2024-10-02,Morning Star
2025-10-19 19:49:25,627 INFO: UNB,2024-10-09,Morning Star
2025-10-19 19:49:25,627 INFO: UNB,2024-10-14,Three White Soldiers
2025-10-19 19:49:25,627 INFO: UNB,2024-10-16,Bullish Engulfing
2025-10-19 19:49:25,627 INFO: UNB,2024-10-21,Dragonfly Doji
2025-10-19 19:49:25,627 INFO: UNB,2024-10-22,Hammer
2025-10-19 19:49:25,664 INFO: UNB,2024-10-23,Bullish Engulfing
2025-10-19 19:49:25,667 INFO: UNB,2024-10-24,Hammer
2025-10-19 19:49:25,667 INFO: UNB,2024-10-24,Dragonfly Doji
2025-10-19 19:49:25,670 INFO: UNB,2024-10-29,Hammer
2025-10-19 19:49:25,670 INFO: UNB,2024-11-11,Morning Star
2025-10-19 19:49:25,670 INFO: UNB,2024-11-12,Hammer
2025-10-19 19:49:25,670 INFO: UNB,2024-11-13,Hammer
2025-10-19 19:49:25,670 INFO: UNB,2024-11-14,Piercing Pattern
2025-10-19 19:49:25,670 INFO: UNB,2024-11-29,Hammer
2025-10-19 19:49:25,671 INFO: UNB,2024-12-02,Bullish Engulfing
2025-10-19 19:49:25,671 INFO: UNB,2024-12-04,Hammer
2025-10-19 19:49:25,671 INFO: UNB,2024-12-30,Three White Soldiers
2025-10-19 19:49:25,671 INFO: UNB,2025-01-02,Hammer
2025-10-19 19:49:25,671 INFO: UNB,2025-01-03,Bullish Engulfing
2025-10-19 19:49:25,671 INFO: UNB,2025-01-07,Bullish Engulfing
2025-10-19 19:49:25,671 INFO: UNB,2025-01-10,Bullish Engulfing
2025-10-19 19:49:25,671 INFO: UNB,2025-01-16,Bullish Engulfing
2025-10-19 19:49:25,671 INFO: UNB,2025-01-21,Three White Soldiers
2025-10-19 19:49:25,671 INFO: UNB,2025-01-22,Three White Soldiers
2025-10-19 19:49:25,671 INFO: UNB,2025-01-23,Three White Soldiers
2025-10-19 19:49:25,671 INFO: UNB,2025-01-31,Bullish Engulfing
2025-10-19 19:49:25,671 INFO: UNB,2025-02-05,Three White Soldiers
2025-10-19 19:49:25,671 INFO: UNB,2025-02-06,Hammer
2025-10-19 19:49:25,671 INFO: UNB,2025-02-06,Three White Soldiers
2025-10-19 19:49:25,671 INFO: UNB,2025-02-14,Three White Soldiers
2025-10-19 19:49:25,672 INFO: UNB,2025-02-18,Three White Soldiers
2025-10-19 19:49:25,672 INFO: UNB,2025-02-26,Three White Soldiers
2025-10-19 19:49:25,672 INFO: UNB,2025-02-28,Piercing Pattern
2025-10-19 19:49:25,672 INFO: UNB,2025-03-13,Dragonfly Doji
2025-10-19 19:49:25,672 INFO: UNB,2025-03-17,Bullish Engulfing
2025-10-19 19:49:25,672 INFO: UNB,2025-03-21,Three White Soldiers
2025-10-19 19:49:25,672 INFO: UNB,2025-03-24,Three White Soldiers
2025-10-19 19:49:25,672 INFO: UNB,2025-04-16,Morning Star
2025-10-19 19:49:25,672 INFO: UNB,2025-04-22,Bullish Engulfing
2025-10-19 19:49:25,672 INFO: UNB,2025-04-24,Three White Soldiers
2025-10-19 19:49:25,672 INFO: UNB,2025-05-05,Bullish Engulfing
2025-10-19 19:49:25,672 INFO: UNB,2025-05-07,Hammer
2025-10-19 19:49:25,672 INFO: UNB,2025-05-09,Bullish Engulfing
2025-10-19 19:49:25,673 INFO: UNB,2025-05-14,Morning Star
2025-10-19 19:49:25,673 INFO: UNB,2025-05-29,Morning Star
2025-10-19 19:49:25,673 INFO: UNB,2025-06-09,Bullish Engulfing
2025-10-19 19:49:25,673 INFO: UNB,2025-06-18,Dragonfly Doji
2025-10-19 19:49:25,673 INFO: UNB,2025-06-25,Bullish Engulfing
2025-10-19 19:49:25,673 INFO: UNB,2025-06-25,Morning Star
2025-10-19 19:49:25,673 INFO: UNB,2025-07-02,Hammer
2025-10-19 19:49:25,673 INFO: UNB,2025-07-02,Dragonfly Doji
2025-10-19 19:49:25,674 INFO: UNB,2025-07-03,Bullish Engulfing
2025-10-19 19:49:25,674 INFO: UNB,2025-07-08,Bullish Engulfing
2025-10-19 19:49:25,674 INFO: UNB,2025-07-09,Dragonfly Doji
2025-10-19 19:49:25,674 INFO: UNB,2025-07-17,Hammer
2025-10-19 19:49:25,674 INFO: UNB,2025-08-05,Hammer
2025-10-19 19:49:25,674 INFO: UNB,2025-08-13,Three White Soldiers
2025-10-19 19:49:25,674 INFO: UNB,2025-08-15,Hammer
2025-10-19 19:49:25,674 INFO: UNB,2025-08-15,Dragonfly Doji
2025-10-19 19:49:25,674 INFO: UNB,2025-08-22,Bullish Engulfing
2025-10-19 19:49:25,674 INFO: UNB,2025-09-12,Hammer
2025-10-19 19:49:25,674 INFO: UNB,2025-09-12,Dragonfly Doji
2025-10-19 19:49:25,674 INFO: UNB,2025-09-19,Morning Star
2025-10-19 19:49:25,674 INFO: UNCY,2023-07-06,Hammer
2025-10-19 19:49:25,674 INFO: UNCY,2023-07-10,Hammer
2025-10-19 19:49:25,674 INFO: UNCY,2023-07-13,Morning Star
2025-10-19 19:49:25,674 INFO: UNCY,2023-08-17,Morning Star
2025-10-19 19:49:25,674 INFO: UNCY,2023-08-29,Hammer
2025-10-19 19:49:25,674 INFO: UNCY,2023-09-07,Hammer
2025-10-19 19:49:25,674 INFO: UNCY,2023-09-19,Hammer
2025-10-19 19:49:25,674 INFO: UNCY,2023-09-26,Bullish Engulfing
2025-10-19 19:49:25,674 INFO: UNCY,2023-10-10,Hammer
2025-10-19 19:49:25,674 INFO: UNCY,2023-10-12,Bullish Engulfing
2025-10-19 19:49:25,675 INFO: UNCY,2023-10-13,Hammer
2025-10-19 19:49:25,675 INFO: UNCY,2023-10-13,Dragonfly Doji
2025-10-19 19:49:25,675 INFO: UNCY,2023-11-02,Bullish Engulfing
2025-10-19 19:49:25,675 INFO: UNCY,2023-12-11,Hammer
2025-10-19 19:49:25,675 INFO: UNCY,2023-12-19,Hammer
2025-10-19 19:49:25,675 INFO: UNCY,2023-12-22,Hammer
2025-10-19 19:49:25,675 INFO: UNCY,2023-12-26,Dragonfly Doji
2025-10-19 19:49:25,675 INFO: UNCY,2023-12-27,Morning Star
2025-10-19 19:49:25,675 INFO: UNCY,2024-01-02,Hammer
2025-10-19 19:49:25,675 INFO: UNCY,2024-01-02,Piercing Pattern
2025-10-19 19:49:25,675 INFO: UNCY,2024-01-05,Dragonfly Doji
2025-10-19 19:49:25,675 INFO: UNCY,2024-01-08,Morning Star
2025-10-19 19:49:25,675 INFO: UNCY,2024-01-24,Hammer
2025-10-19 19:49:25,676 INFO: UNCY,2024-01-31,Piercing Pattern
2025-10-19 19:49:25,676 INFO: UNCY,2024-02-14,Morning Star
2025-10-19 19:49:25,676 INFO: UNCY,2024-02-16,Three White Soldiers
2025-10-19 19:49:25,676 INFO: UNCY,2024-02-20,Three White Soldiers
2025-10-19 19:49:25,676 INFO: UNCY,2024-02-21,Three White Soldiers
2025-10-19 19:49:25,676 INFO: UNCY,2024-02-22,Hammer
2025-10-19 19:49:25,676 INFO: UNCY,2024-02-22,Three White Soldiers
2025-10-19 19:49:25,676 INFO: UNCY,2024-02-23,Hammer
2025-10-19 19:49:25,676 INFO: UNCY,2024-02-23,Three White Soldiers
2025-10-19 19:49:25,676 INFO: UNCY,2024-02-26,Hammer
2025-10-19 19:49:25,676 INFO: UNCY,2024-02-28,Hammer
2025-10-19 19:49:25,676 INFO: UNCY,2024-03-08,Piercing Pattern
2025-10-19 19:49:25,676 INFO: UNCY,2024-03-22,Bullish Engulfing
2025-10-19 19:49:25,676 INFO: UNCY,2024-07-10,Bullish Engulfing
2025-10-19 19:49:25,676 INFO: UNCY,2024-07-12,Hammer
2025-10-19 19:49:25,676 INFO: UNCY,2024-07-12,Dragonfly Doji
2025-10-19 19:49:25,678 INFO: UNCY,2024-07-15,Hammer
2025-10-19 19:49:25,678 INFO: UNCY,2024-08-02,Hammer
2025-10-19 19:49:25,684 INFO: UNCY,2024-08-16,Hammer
2025-10-19 19:49:25,706 INFO: UNCY,2024-08-16,Bullish Engulfing
2025-10-19 19:49:25,706 INFO: UNCY,2024-08-20,Three White Soldiers
2025-10-19 19:49:25,706 INFO: UNCY,2024-09-04,Bullish Engulfing
2025-10-19 19:49:25,706 INFO: UNCY,2024-09-13,Hammer
2025-10-19 19:49:25,706 INFO: UNCY,2024-09-18,Morning Star
2025-10-19 19:49:25,706 INFO: UNCY,2024-09-20,Three White Soldiers
2025-10-19 19:49:25,706 INFO: UNCY,2024-10-11,Bullish Engulfing
2025-10-19 19:49:25,706 INFO: UNCY,2024-10-11,Morning Star
2025-10-19 19:49:25,706 INFO: UNCY,2024-10-15,Three White Soldiers
2025-10-19 19:49:25,706 INFO: UNCY,2024-10-24,Piercing Pattern
2025-10-19 19:49:25,707 INFO: UNCY,2024-10-30,Bullish Engulfing
2025-10-19 19:49:25,707 INFO: UNCY,2024-11-06,Hammer
2025-10-19 19:49:25,707 INFO: UNCY,2024-11-07,Three White Soldiers
2025-10-19 19:49:25,707 INFO: UNCY,2024-11-08,Three White Soldiers
2025-10-19 19:49:25,707 INFO: UNCY,2024-11-21,Hammer
2025-10-19 19:49:25,707 INFO: UNCY,2024-11-21,Three White Soldiers
2025-10-19 19:49:25,707 INFO: UNCY,2024-11-22,Three White Soldiers
2025-10-19 19:49:25,707 INFO: UNCY,2024-11-25,Three White Soldiers
2025-10-19 19:49:25,707 INFO: UNCY,2024-11-26,Three White Soldiers
2025-10-19 19:49:25,707 INFO: UNCY,2024-11-27,Three White Soldiers
2025-10-19 19:49:25,707 INFO: UNCY,2024-11-29,Three White Soldiers
2025-10-19 19:49:25,708 INFO: UNCY,2024-12-02,Three White Soldiers
2025-10-19 19:49:25,708 INFO: UNCY,2024-12-04,Hammer
2025-10-19 19:49:25,709 INFO: UNCY,2024-12-09,Hammer
2025-10-19 19:49:25,709 INFO: UNCY,2024-12-17,Hammer
2025-10-19 19:49:25,709 INFO: UNCY,2024-12-26,Morning Star
2025-10-19 19:49:25,709 INFO: UNCY,2025-01-07,Hammer
2025-10-19 19:49:25,710 INFO: UNCY,2025-01-15,Hammer
2025-10-19 19:49:25,732 INFO: UNCY,2025-01-21,Morning Star
2025-10-19 19:49:25,732 INFO: UNCY,2025-01-30,Morning Star
2025-10-19 19:49:25,732 INFO: UNCY,2025-02-13,Morning Star
2025-10-19 19:49:25,732 INFO: UNCY,2025-02-14,Three White Soldiers
2025-10-19 19:49:25,732 INFO: UNCY,2025-02-18,Three White Soldiers
2025-10-19 19:49:25,732 INFO: UNCY,2025-02-21,Morning Star
2025-10-19 19:49:25,732 INFO: UNCY,2025-02-28,Dragonfly Doji
2025-10-19 19:49:25,732 INFO: UNCY,2025-03-04,Hammer
2025-10-19 19:49:25,732 INFO: UNCY,2025-03-11,Bullish Engulfing
2025-10-19 19:49:25,732 INFO: UNCY,2025-03-13,Hammer
2025-10-19 19:49:25,733 INFO: UNCY,2025-03-18,Bullish Engulfing
2025-10-19 19:49:25,740 INFO: UNCY,2025-03-21,Bullish Engulfing
2025-10-19 19:49:25,763 INFO: UNCY,2025-03-25,Hammer
2025-10-19 19:49:25,763 INFO: UNCY,2025-04-03,Morning Star
2025-10-19 19:49:25,763 INFO: UNCY,2025-04-09,Bullish Engulfing
2025-10-19 19:49:25,763 INFO: UNCY,2025-04-11,Three White Soldiers
2025-10-19 19:49:25,802 INFO: UNCY,2025-04-14,Three White Soldiers
2025-10-19 19:49:25,802 INFO: UNCY,2025-04-22,Piercing Pattern
2025-10-19 19:49:25,802 INFO: UNCY,2025-04-24,Three White Soldiers
2025-10-19 19:49:25,803 INFO: UNCY,2025-05-13,Morning Star
2025-10-19 19:49:25,803 INFO: UNCY,2025-05-15,Hammer
2025-10-19 19:49:25,803 INFO: UNCY,2025-05-16,Morning Star
2025-10-19 19:49:25,803 INFO: UNCY,2025-05-27,Morning Star
2025-10-19 19:49:25,803 INFO: UNCY,2025-05-28,Three White Soldiers
2025-10-19 19:49:25,803 INFO: UNCY,2025-06-12,Hammer
2025-10-19 19:49:25,803 INFO: UNCY,2025-06-20,Hammer
2025-10-19 19:49:25,804 INFO: UNCY,2025-06-20,Dragonfly Doji
2025-10-19 19:49:25,804 INFO: UNCY,2025-06-27,Bullish Engulfing
2025-10-19 19:49:25,804 INFO: UNCY,2025-07-03,Hammer
2025-10-19 19:49:25,804 INFO: UNCY,2025-07-07,Bullish Engulfing
2025-10-19 19:49:25,804 INFO: UNCY,2025-07-09,Three White Soldiers
2025-10-19 19:49:25,804 INFO: UNCY,2025-07-17,Bullish Engulfing
2025-10-19 19:49:25,804 INFO: UNCY,2025-07-25,Three White Soldiers
2025-10-19 19:49:25,804 INFO: UNCY,2025-09-02,Morning Star
2025-10-19 19:49:25,804 INFO: UNCY,2025-09-04,Hammer
2025-10-19 19:49:25,804 INFO: UNCY,2025-09-08,Three White Soldiers
2025-10-19 19:49:25,809 INFO: UNCY,2025-09-17,Three White Soldiers
2025-10-19 19:49:25,834 INFO: UNCY,2025-09-18,Three White Soldiers
2025-10-19 19:49:25,835 INFO: UNCY,2025-09-22,Hammer
2025-10-19 19:49:25,838 INFO: UNHG,2025-07-30,Hammer
2025-10-19 19:49:25,838 INFO: UNHG,2025-08-05,Morning Star
2025-10-19 19:49:25,839 INFO: UNHG,2025-08-08,Morning Star
2025-10-19 19:49:25,839 INFO: UNHG,2025-08-22,Morning Star
2025-10-19 19:49:25,839 INFO: UNHG,2025-08-29,Bullish Engulfing
2025-10-19 19:49:25,839 INFO: UNHG,2025-09-03,Hammer
2025-10-19 19:49:25,839 INFO: UNHG,2025-09-04,Bullish Engulfing
2025-10-19 19:49:25,839 INFO: UNHG,2025-09-08,Hammer
2025-10-19 19:49:25,839 INFO: UNHG,2025-09-08,Three White Soldiers
2025-10-19 19:49:25,839 INFO: UNHG,2025-09-09,Three White Soldiers
2025-10-19 19:49:25,839 INFO: UNHG,2025-09-22,Morning Star
2025-10-19 19:49:25,839 INFO: UNHG,2025-09-24,Three White Soldiers
2025-10-19 19:49:25,839 INFO: UNIT,2023-07-06,Hammer
2025-10-19 19:49:25,839 INFO: UNIT,2023-07-18,Piercing Pattern
2025-10-19 19:49:25,839 INFO: UNIT,2023-07-24,Bullish Engulfing
2025-10-19 19:49:25,839 INFO: UNIT,2023-07-24,Morning Star
2025-10-19 19:49:25,839 INFO: UNIT,2023-08-01,Hammer
2025-10-19 19:49:25,839 INFO: UNIT,2023-08-01,Dragonfly Doji
2025-10-19 19:49:25,839 INFO: UNIT,2023-08-02,Hammer
2025-10-19 19:49:25,840 INFO: UNIT,2023-08-10,Three White Soldiers
2025-10-19 19:49:25,840 INFO: UNIT,2023-08-18,Piercing Pattern
2025-10-19 19:49:25,840 INFO: UNIT,2023-08-30,Three White Soldiers
2025-10-19 19:49:25,840 INFO: UNIT,2023-10-06,Bullish Engulfing
2025-10-19 19:49:25,840 INFO: UNIT,2023-10-11,Three White Soldiers
2025-10-19 19:49:25,840 INFO: UNIT,2023-10-12,Hammer
2025-10-19 19:49:25,840 INFO: UNIT,2023-10-31,Morning Star
2025-10-19 19:49:25,840 INFO: UNIT,2023-11-08,Hammer
2025-10-19 19:49:25,840 INFO: UNIT,2023-11-24,Piercing Pattern
2025-10-19 19:49:25,840 INFO: UNIT,2023-11-28,Hammer
2025-10-19 19:49:25,840 INFO: UNIT,2023-12-13,Bullish Engulfing
2025-10-19 19:49:25,841 INFO: UNIT,2023-12-28,Three White Soldiers
2025-10-19 19:49:25,841 INFO: UNIT,2024-01-02,Piercing Pattern
2025-10-19 19:49:25,841 INFO: UNIT,2024-01-08,Bullish Engulfing
2025-10-19 19:49:25,841 INFO: UNIT,2024-01-16,Bullish Engulfing
2025-10-19 19:49:25,841 INFO: UNIT,2024-01-16,Morning Star
2025-10-19 19:49:25,868 INFO: UNIT,2024-01-19,Hammer
2025-10-19 19:49:25,868 INFO: UNIT,2024-01-22,Hammer
2025-10-19 19:49:25,868 INFO: UNIT,2024-01-25,Hammer
2025-10-19 19:49:25,868 INFO: UNIT,2024-01-29,Hammer
2025-10-19 19:49:25,868 INFO: UNIT,2024-02-09,Dragonfly Doji
2025-10-19 19:49:25,868 INFO: UNIT,2024-02-12,Morning Star
2025-10-19 19:49:25,869 INFO: UNIT,2024-02-28,Bullish Engulfing
2025-10-19 19:49:25,869 INFO: UNIT,2024-02-29,Hammer
2025-10-19 19:49:25,869 INFO: UNIT,2024-03-01,Three White Soldiers
2025-10-19 19:49:25,869 INFO: UNIT,2024-03-04,Three White Soldiers
2025-10-19 19:49:25,869 INFO: UNIT,2024-03-28,Morning Star
2025-10-19 19:49:25,869 INFO: UNIT,2024-04-30,Piercing Pattern
2025-10-19 19:49:25,870 INFO: UNIT,2024-05-02,Three White Soldiers
2025-10-19 19:49:25,870 INFO: UNIT,2024-05-29,Hammer
2025-10-19 19:49:25,870 INFO: UNIT,2024-06-21,Three White Soldiers
2025-10-19 19:49:25,870 INFO: UNIT,2024-06-27,Three White Soldiers
2025-10-19 19:49:25,870 INFO: UNIT,2024-06-28,Three White Soldiers
2025-10-19 19:49:25,870 INFO: UNIT,2024-07-10,Hammer
2025-10-19 19:49:25,870 INFO: UNIT,2024-07-15,Three White Soldiers
2025-10-19 19:49:25,870 INFO: UNIT,2024-07-16,Three White Soldiers
2025-10-19 19:49:25,870 INFO: UNIT,2024-08-02,Hammer
2025-10-19 19:49:25,871 INFO: UNIT,2024-08-07,Three White Soldiers
2025-10-19 19:49:25,871 INFO: UNIT,2024-08-19,Three White Soldiers
2025-10-19 19:49:25,871 INFO: UNIT,2024-08-21,Hammer
2025-10-19 19:49:25,871 INFO: UNIT,2024-09-04,Morning Star
2025-10-19 19:49:25,871 INFO: UNIT,2024-09-19,Morning Star
2025-10-19 19:49:25,871 INFO: UNIT,2024-09-27,Morning Star
2025-10-19 19:49:25,871 INFO: UNIT,2024-10-02,Piercing Pattern
2025-10-19 19:49:25,871 INFO: UNIT,2024-10-10,Piercing Pattern
2025-10-19 19:49:25,871 INFO: UNIT,2024-10-16,Three White Soldiers
2025-10-19 19:49:25,872 INFO: UNIT,2024-10-22,Bullish Engulfing
2025-10-19 19:49:25,872 INFO: UNIT,2024-10-22,Morning Star
2025-10-19 19:49:25,872 INFO: UNIT,2024-10-29,Bullish Engulfing
2025-10-19 19:49:25,872 INFO: UNIT,2024-10-29,Morning Star
2025-10-19 19:49:25,872 INFO: UNIT,2024-11-04,Morning Star
2025-10-19 19:49:25,872 INFO: UNIT,2024-11-06,Hammer
2025-10-19 19:49:25,873 INFO: UNIT,2024-11-07,Hammer
2025-10-19 19:49:25,873 INFO: UNIT,2024-12-12,Three White Soldiers
2025-10-19 19:49:25,873 INFO: UNIT,2024-12-13,Hammer
2025-10-19 19:49:25,874 INFO: UNIT,2025-01-02,Three White Soldiers
2025-10-19 19:49:25,883 INFO: UNIT,2025-01-06,Hammer
2025-10-19 19:49:25,883 INFO: UNIT,2025-01-13,Hammer
2025-10-19 19:49:25,883 INFO: UNIT,2025-01-15,Three White Soldiers
2025-10-19 19:49:25,883 INFO: UNIT,2025-01-16,Three White Soldiers
2025-10-19 19:49:25,883 INFO: UNIT,2025-01-17,Three White Soldiers
2025-10-19 19:49:25,883 INFO: UNIT,2025-02-04,Bullish Engulfing
2025-10-19 19:49:25,883 INFO: UNIT,2025-02-10,Piercing Pattern
2025-10-19 19:49:25,883 INFO: UNIT,2025-02-14,Three White Soldiers
2025-10-19 19:49:25,884 INFO: UNIT,2025-02-25,Piercing Pattern
2025-10-19 19:49:25,897 INFO: UNIT,2025-03-28,Piercing Pattern
2025-10-19 19:49:25,897 INFO: UNIT,2025-04-01,Three White Soldiers
2025-10-19 19:49:25,897 INFO: UNIT,2025-04-02,Three White Soldiers
2025-10-19 19:49:25,899 INFO: UNIT,2025-04-09,Piercing Pattern
2025-10-19 19:49:25,899 INFO: UNIT,2025-04-15,Three White Soldiers
2025-10-19 19:49:25,900 INFO: UNIT,2025-04-17,Bullish Engulfing
2025-10-19 19:49:25,900 INFO: UNIT,2025-04-29,Three White Soldiers
2025-10-19 19:49:25,900 INFO: UNIT,2025-05-09,Morning Star
2025-10-19 19:49:25,900 INFO: UNIT,2025-05-14,Morning Star
2025-10-19 19:49:25,900 INFO: UNIT,2025-05-15,Three White Soldiers
2025-10-19 19:49:25,931 INFO: UNIT,2025-05-28,Hammer
2025-10-19 19:49:25,952 INFO: UNIT,2025-06-03,Morning Star
2025-10-19 19:49:25,954 INFO: UNIT,2025-06-18,Piercing Pattern
2025-10-19 19:49:25,954 INFO: UNIT,2025-06-23,Bullish Engulfing
2025-10-19 19:49:25,954 INFO: UNIT,2025-06-26,Bullish Engulfing
2025-10-19 19:49:25,954 INFO: UNIT,2025-06-30,Three White Soldiers
2025-10-19 19:49:25,955 INFO: UNIT,2025-07-01,Three White Soldiers
2025-10-19 19:49:25,955 INFO: UNIT,2025-07-10,Three White Soldiers
2025-10-19 19:49:25,955 INFO: UNIT,2025-07-11,Three White Soldiers
2025-10-19 19:49:25,955 INFO: UNIT,2025-07-14,Three White Soldiers
2025-10-19 19:49:25,955 INFO: UNIT,2025-07-17,Morning Star
2025-10-19 19:49:25,956 INFO: UNIT,2025-07-23,Three White Soldiers
2025-10-19 19:49:25,956 INFO: UNIT,2025-07-24,Three White Soldiers
2025-10-19 19:49:25,987 INFO: UNIT,2025-07-25,Three White Soldiers
2025-10-19 19:49:25,988 INFO: UNIT,2025-08-07,Hammer
2025-10-19 19:49:25,988 INFO: UNIT,2025-08-12,Morning Star
2025-10-19 19:49:25,990 INFO: UNIT,2025-08-22,Bullish Engulfing
2025-10-19 19:49:25,990 INFO: UNIT,2025-08-26,Bullish Engulfing
2025-10-19 19:49:25,990 INFO: UNIT,2025-09-05,Hammer
2025-10-19 19:49:25,990 INFO: UNIT,2025-09-05,Three White Soldiers
2025-10-19 19:49:25,990 INFO: UNIT,2025-09-08,Three White Soldiers
2025-10-19 19:49:25,990 INFO: UNIT,2025-09-18,Morning Star
2025-10-19 19:49:25,990 INFO: UNIT,2025-09-23,Morning Star
2025-10-19 19:49:26,031 INFO: UNIY,2023-11-21,Hammer
2025-10-19 19:49:26,031 INFO: UNIY,2023-11-21,Dragonfly Doji
2025-10-19 19:49:26,031 INFO: UNIY,2024-04-22,Dragonfly Doji
2025-10-19 19:49:26,031 INFO: UNIY,2024-07-01,Hammer
2025-10-19 19:49:26,031 INFO: UNIY,2024-09-10,Morning Star
2025-10-19 19:49:26,031 INFO: UNIY,2024-11-04,Morning Star
2025-10-19 19:49:26,031 INFO: UNIY,2024-12-09,Hammer
2025-10-19 19:49:26,031 INFO: UNIY,2024-12-09,Dragonfly Doji
2025-10-19 19:49:26,031 INFO: UNIY,2025-01-07,Hammer
2025-10-19 19:49:26,031 INFO: UNIY,2025-03-13,Bullish Engulfing
2025-10-19 19:49:26,031 INFO: UNIY,2025-06-10,Hammer
2025-10-19 19:49:26,032 INFO: UNIY,2025-06-12,Morning Star
2025-10-19 19:49:26,032 INFO: UNTY,2023-08-08,Morning Star
2025-10-19 19:49:26,032 INFO: UNTY,2023-08-23,Bullish Engulfing
2025-10-19 19:49:26,032 INFO: UNTY,2023-09-21,Piercing Pattern
2025-10-19 19:49:26,032 INFO: UNTY,2023-09-27,Bullish Engulfing
2025-10-19 19:49:26,032 INFO: UNTY,2023-10-06,Three White Soldiers
2025-10-19 19:49:26,032 INFO: UNTY,2023-10-26,Morning Star
2025-10-19 19:49:26,032 INFO: UNTY,2023-11-02,Morning Star
2025-10-19 19:49:26,033 INFO: UNTY,2023-11-03,Hammer
2025-10-19 19:49:26,033 INFO: UNTY,2023-11-07,Hammer
2025-10-19 19:49:26,033 INFO: UNTY,2023-11-16,Hammer
2025-10-19 19:49:26,090 INFO: UNTY,2023-11-16,Dragonfly Doji
2025-10-19 19:49:26,094 INFO: UNTY,2023-11-17,Hammer
2025-10-19 19:49:26,094 INFO: UNTY,2023-11-17,Dragonfly Doji
2025-10-19 19:49:26,095 INFO: UNTY,2023-11-24,Morning Star
2025-10-19 19:49:26,095 INFO: UNTY,2023-11-27,Three White Soldiers
2025-10-19 19:49:26,095 INFO: UNTY,2023-12-07,Hammer
2025-10-19 19:49:26,095 INFO: UNTY,2023-12-08,Morning Star
2025-10-19 19:49:26,095 INFO: UNTY,2023-12-13,Bullish Engulfing
2025-10-19 19:49:26,095 INFO: UNTY,2023-12-13,Morning Star
2025-10-19 19:49:26,096 INFO: UNTY,2023-12-18,Hammer
2025-10-19 19:49:26,096 INFO: UNTY,2023-12-18,Morning Star
2025-10-19 19:49:26,096 INFO: UNTY,2023-12-21,Bullish Engulfing
2025-10-19 19:49:26,096 INFO: UNTY,2023-12-26,Bullish Engulfing
2025-10-19 19:49:26,096 INFO: UNTY,2024-01-05,Bullish Engulfing
2025-10-19 19:49:26,122 INFO: UNTY,2024-01-18,Piercing Pattern
2025-10-19 19:49:26,122 INFO: UNTY,2024-01-22,Three White Soldiers
2025-10-19 19:49:26,122 INFO: UNTY,2024-02-09,Three White Soldiers
2025-10-19 19:49:26,122 INFO: UNTY,2024-02-12,Three White Soldiers
2025-10-19 19:49:26,122 INFO: UNTY,2024-02-15,Hammer
2025-10-19 19:49:26,122 INFO: UNTY,2024-03-07,Bullish Engulfing
2025-10-19 19:49:26,122 INFO: UNTY,2024-03-08,Hammer
2025-10-19 19:49:26,123 INFO: UNTY,2024-03-15,Bullish Engulfing
2025-10-19 19:49:26,157 INFO: UNTY,2024-03-20,Bullish Engulfing
2025-10-19 19:49:26,157 INFO: UNTY,2024-03-26,Hammer
2025-10-19 19:49:26,157 INFO: UNTY,2024-04-01,Piercing Pattern
2025-10-19 19:49:26,157 INFO: UNTY,2024-04-16,Morning Star
2025-10-19 19:49:26,158 INFO: UNTY,2024-04-19,Bullish Engulfing
2025-10-19 19:49:26,158 INFO: UNTY,2024-04-23,Three White Soldiers
2025-10-19 19:49:26,158 INFO: UNTY,2024-04-30,Hammer
2025-10-19 19:49:26,158 INFO: UNTY,2024-05-02,Three White Soldiers
2025-10-19 19:49:26,158 INFO: UNTY,2024-05-03,Three White Soldiers
2025-10-19 19:49:26,158 INFO: UNTY,2024-05-08,Bullish Engulfing
2025-10-19 19:49:26,158 INFO: UNTY,2024-05-09,Hammer
2025-10-19 19:49:26,159 INFO: UNTY,2024-05-21,Hammer
2025-10-19 19:49:26,160 INFO: UNTY,2024-05-24,Hammer
2025-10-19 19:49:26,160 INFO: UNTY,2024-05-29,Piercing Pattern
2025-10-19 19:49:26,161 INFO: UNTY,2024-06-11,Bullish Engulfing
2025-10-19 19:49:26,161 INFO: UNTY,2024-06-21,Hammer
2025-10-19 19:49:26,161 INFO: UNTY,2024-06-24,Bullish Engulfing
2025-10-19 19:49:26,165 INFO: UNTY,2024-06-24,Morning Star
2025-10-19 19:49:26,165 INFO: UNTY,2024-06-26,Three White Soldiers
2025-10-19 19:49:26,194 INFO: UNTY,2024-06-27,Three White Soldiers
2025-10-19 19:49:26,230 INFO: UNTY,2024-06-28,Three White Soldiers
2025-10-19 19:49:26,230 INFO: UNTY,2024-07-12,Three White Soldiers
2025-10-19 19:49:26,230 INFO: UNTY,2024-07-15,Three White Soldiers
2025-10-19 19:49:26,231 INFO: UNTY,2024-07-16,Three White Soldiers
2025-10-19 19:49:26,231 INFO: UNTY,2024-07-22,Morning Star
2025-10-19 19:49:26,231 INFO: UNTY,2024-07-25,Piercing Pattern
2025-10-19 19:49:26,231 INFO: UNTY,2024-08-13,Hammer
2025-10-19 19:49:26,231 INFO: UNTY,2024-08-14,Hammer
2025-10-19 19:49:26,231 INFO: UNTY,2024-08-19,Three White Soldiers
2025-10-19 19:49:26,231 INFO: UNTY,2024-08-22,Hammer
2025-10-19 19:49:26,231 INFO: UNTY,2024-08-30,Morning Star
2025-10-19 19:49:26,231 INFO: UNTY,2024-09-05,Hammer
2025-10-19 19:49:26,231 INFO: UNTY,2024-09-09,Piercing Pattern
2025-10-19 19:49:26,231 INFO: UNTY,2024-09-11,Hammer
2025-10-19 19:49:26,231 INFO: UNTY,2024-09-13,Morning Star
2025-10-19 19:49:26,231 INFO: UNTY,2024-09-17,Bullish Engulfing
2025-10-19 19:49:26,231 INFO: UNTY,2024-09-19,Three White Soldiers
2025-10-19 19:49:26,231 INFO: UNTY,2024-09-23,Hammer
2025-10-19 19:49:26,231 INFO: UNTY,2024-10-07,Hammer
2025-10-19 19:49:26,231 INFO: UNTY,2024-10-07,Morning Star
2025-10-19 19:49:26,232 INFO: UNTY,2024-10-10,Morning Star
2025-10-19 19:49:26,233 INFO: UNTY,2024-10-11,Three White Soldiers
2025-10-19 19:49:26,234 INFO: UNTY,2024-10-14,Three White Soldiers
2025-10-19 19:49:26,234 INFO: UNTY,2024-10-15,Three White Soldiers
2025-10-19 19:49:26,234 INFO: UNTY,2024-10-16,Three White Soldiers
2025-10-19 19:49:26,234 INFO: UNTY,2024-10-17,Three White Soldiers
2025-10-19 19:49:26,234 INFO: UNTY,2024-10-24,Hammer
2025-10-19 19:49:26,234 INFO: UNTY,2024-11-04,Bullish Engulfing
2025-10-19 19:49:26,234 INFO: UNTY,2024-11-04,Morning Star
2025-10-19 19:49:26,234 INFO: UNTY,2024-11-06,Three White Soldiers
2025-10-19 19:49:26,235 INFO: UNTY,2024-11-08,Piercing Pattern
2025-10-19 19:49:26,236 INFO: UNTY,2024-11-14,Hammer
2025-10-19 19:49:26,236 INFO: UNTY,2024-11-20,Dragonfly Doji
2025-10-19 19:49:26,236 INFO: UNTY,2024-11-21,Three White Soldiers
2025-10-19 19:49:26,236 INFO: UNTY,2024-11-22,Three White Soldiers
2025-10-19 19:49:26,236 INFO: UNTY,2024-12-10,Bullish Engulfing
2025-10-19 19:49:26,260 INFO: UNTY,2024-12-16,Morning Star
2025-10-19 19:49:26,262 INFO: UNTY,2024-12-20,Piercing Pattern
2025-10-19 19:49:26,262 INFO: UNTY,2025-01-03,Hammer
2025-10-19 19:49:26,262 INFO: UNTY,2025-01-03,Dragonfly Doji
2025-10-19 19:49:26,262 INFO: UNTY,2025-01-08,Bullish Engulfing
2025-10-19 19:49:26,262 INFO: UNTY,2025-01-15,Three White Soldiers
2025-10-19 19:49:26,270 INFO: UNTY,2025-01-16,Hammer
2025-10-19 19:49:26,270 INFO: UNTY,2025-01-16,Three White Soldiers
2025-10-19 19:49:26,270 INFO: UNTY,2025-01-17,Three White Soldiers
2025-10-19 19:49:26,295 INFO: UNTY,2025-01-21,Three White Soldiers
2025-10-19 19:49:26,328 INFO: UNTY,2025-01-24,Bullish Engulfing
2025-10-19 19:49:26,329 INFO: UNTY,2025-02-05,Three White Soldiers
2025-10-19 19:49:26,329 INFO: UNTY,2025-02-06,Three White Soldiers
2025-10-19 19:49:26,396 INFO: UNTY,2025-02-11,Piercing Pattern
2025-10-19 19:49:26,396 INFO: UNTY,2025-02-18,Morning Star
2025-10-19 19:49:26,397 INFO: UNTY,2025-02-19,Hammer
2025-10-19 19:49:26,397 INFO: UNTY,2025-03-06,Hammer
2025-10-19 19:49:26,397 INFO: UNTY,2025-03-12,Hammer
2025-10-19 19:49:26,397 INFO: UNTY,2025-03-21,Piercing Pattern
2025-10-19 19:49:26,397 INFO: UNTY,2025-04-09,Bullish Engulfing
2025-10-19 19:49:26,397 INFO: UNTY,2025-04-15,Three White Soldiers
2025-10-19 19:49:26,397 INFO: UNTY,2025-04-16,Three White Soldiers
2025-10-19 19:49:26,397 INFO: UNTY,2025-04-17,Three White Soldiers
2025-10-19 19:49:26,397 INFO: UNTY,2025-04-25,Hammer
2025-10-19 19:49:26,451 INFO: UNTY,2025-04-28,Bullish Engulfing
2025-10-19 19:49:26,458 INFO: UNTY,2025-05-13,Morning Star
2025-10-19 19:49:26,458 INFO: UNTY,2025-05-19,Bullish Engulfing
2025-10-19 19:49:26,458 INFO: UNTY,2025-06-06,Morning Star
2025-10-19 19:49:26,458 INFO: UNTY,2025-06-09,Morning Star
2025-10-19 19:49:26,458 INFO: UNTY,2025-06-10,Three White Soldiers
2025-10-19 19:49:26,458 INFO: UNTY,2025-06-11,Three White Soldiers
2025-10-19 19:49:26,458 INFO: UNTY,2025-06-12,Three White Soldiers
2025-10-19 19:49:26,458 INFO: UNTY,2025-06-17,Bullish Engulfing
2025-10-19 19:49:26,458 INFO: UNTY,2025-06-23,Bullish Engulfing
2025-10-19 19:49:26,458 INFO: UNTY,2025-06-30,Hammer
2025-10-19 19:49:26,459 INFO: UNTY,2025-07-01,Bullish Engulfing
2025-10-19 19:49:26,459 INFO: UNTY,2025-07-03,Three White Soldiers
2025-10-19 19:49:26,459 INFO: UNTY,2025-07-10,Morning Star
2025-10-19 19:49:26,459 INFO: UNTY,2025-07-17,Bullish Engulfing
2025-10-19 19:49:26,459 INFO: UNTY,2025-07-17,Morning Star
2025-10-19 19:49:26,459 INFO: UNTY,2025-07-21,Piercing Pattern
2025-10-19 19:49:26,459 INFO: UNTY,2025-08-11,Morning Star
2025-10-19 19:49:26,459 INFO: UNTY,2025-08-12,Three White Soldiers
2025-10-19 19:49:26,459 INFO: UNTY,2025-08-26,Bullish Engulfing
2025-10-19 19:49:26,459 INFO: UNTY,2025-09-02,Hammer
2025-10-19 19:49:26,459 INFO: UNTY,2025-09-11,Morning Star
2025-10-19 19:49:26,459 INFO: UOKA,2023-07-24,Morning Star
2025-10-19 19:49:26,459 INFO: UOKA,2023-07-25,Three White Soldiers
2025-10-19 19:49:26,459 INFO: UOKA,2023-07-31,Morning Star
2025-10-19 19:49:26,459 INFO: UOKA,2023-08-10,Morning Star
2025-10-19 19:49:26,459 INFO: UOKA,2023-08-15,Morning Star
2025-10-19 19:49:26,476 INFO: UOKA,2023-08-22,Hammer
2025-10-19 19:49:26,477 INFO: UOKA,2023-09-14,Three White Soldiers
2025-10-19 19:49:26,477 INFO: UOKA,2023-09-18,Hammer
2025-10-19 19:49:26,478 INFO: UOKA,2023-09-29,Hammer
2025-10-19 19:49:26,478 INFO: UOKA,2023-09-29,Dragonfly Doji
2025-10-19 19:49:26,478 INFO: UOKA,2023-10-03,Morning Star
2025-10-19 19:49:26,478 INFO: UOKA,2023-10-11,Hammer
2025-10-19 19:49:26,478 INFO: UOKA,2023-10-16,Three White Soldiers
2025-10-19 19:49:26,478 INFO: UOKA,2023-10-24,Piercing Pattern
2025-10-19 19:49:26,478 INFO: UOKA,2023-11-14,Morning Star
2025-10-19 19:49:26,478 INFO: UOKA,2023-11-15,Three White Soldiers
2025-10-19 19:49:26,478 INFO: UOKA,2023-12-26,Morning Star
2025-10-19 19:49:26,478 INFO: UOKA,2024-01-08,Hammer
2025-10-19 19:49:26,478 INFO: UOKA,2024-01-11,Bullish Engulfing
2025-10-19 19:49:26,478 INFO: UOKA,2024-01-30,Hammer
2025-10-19 19:49:26,478 INFO: UOKA,2024-01-30,Dragonfly Doji
2025-10-19 19:49:26,478 INFO: UOKA,2024-02-20,Hammer
2025-10-19 19:49:26,480 INFO: UOKA,2024-02-26,Bullish Engulfing
2025-10-19 19:49:26,480 INFO: UOKA,2024-02-27,Hammer
2025-10-19 19:49:26,480 INFO: UOKA,2024-03-07,Three White Soldiers
2025-10-19 19:49:26,480 INFO: UOKA,2024-04-02,Morning Star
2025-10-19 19:49:26,480 INFO: UOKA,2024-04-18,Hammer
2025-10-19 19:49:26,480 INFO: UOKA,2024-04-24,Hammer
2025-10-19 19:49:26,480 INFO: UOKA,2024-04-29,Morning Star
2025-10-19 19:49:26,480 INFO: UOKA,2024-06-10,Hammer
2025-10-19 19:49:26,481 INFO: UOKA,2024-06-13,Hammer
2025-10-19 19:49:26,481 INFO: UOKA,2024-06-13,Dragonfly Doji
2025-10-19 19:49:26,482 INFO: UOKA,2024-07-17,Morning Star
2025-10-19 19:49:26,482 INFO: UOKA,2024-07-24,Hammer
2025-10-19 19:49:26,482 INFO: UOKA,2024-07-30,Dragonfly Doji
2025-10-19 19:49:26,482 INFO: UOKA,2024-08-27,Bullish Engulfing
2025-10-19 19:49:26,482 INFO: UOKA,2024-09-05,Morning Star
2025-10-19 19:49:26,482 INFO: UOKA,2024-09-16,Hammer
2025-10-19 19:49:26,482 INFO: UOKA,2024-09-16,Three White Soldiers
2025-10-19 19:49:26,482 INFO: UOKA,2024-09-25,Bullish Engulfing
2025-10-19 19:49:26,483 INFO: UOKA,2024-10-03,Morning Star
2025-10-19 19:49:26,483 INFO: UOKA,2024-10-25,Bullish Engulfing
2025-10-19 19:49:26,483 INFO: UOKA,2024-11-25,Piercing Pattern
2025-10-19 19:49:26,483 INFO: UOKA,2024-12-04,Bullish Engulfing
2025-10-19 19:49:26,483 INFO: UOKA,2024-12-10,Bullish Engulfing
2025-10-19 19:49:26,483 INFO: UOKA,2024-12-27,Hammer
2025-10-19 19:49:26,507 INFO: UOKA,2025-01-02,Bullish Engulfing
2025-10-19 19:49:26,508 INFO: UOKA,2025-01-07,Piercing Pattern
2025-10-19 19:49:26,508 INFO: UOKA,2025-01-15,Hammer
2025-10-19 19:49:26,508 INFO: UOKA,2025-01-23,Hammer
2025-10-19 19:49:26,509 INFO: UOKA,2025-02-20,Piercing Pattern
2025-10-19 19:49:26,606 INFO: UOKA,2025-04-17,Hammer
2025-10-19 19:49:26,607 INFO: UOKA,2025-04-24,Three White Soldiers
2025-10-19 19:49:26,607 INFO: UOKA,2025-04-30,Piercing Pattern
2025-10-19 19:49:26,607 INFO: UOKA,2025-06-03,Morning Star
2025-10-19 19:49:26,607 INFO: UOKA,2025-06-04,Three White Soldiers
2025-10-19 19:49:26,607 INFO: UOKA,2025-06-06,Bullish Engulfing
2025-10-19 19:49:26,607 INFO: UOKA,2025-06-18,Hammer
2025-10-19 19:49:26,608 INFO: UOKA,2025-06-18,Dragonfly Doji
2025-10-19 19:49:26,608 INFO: UOKA,2025-06-27,Dragonfly Doji
2025-10-19 19:49:26,608 INFO: UOKA,2025-06-30,Morning Star
2025-10-19 19:49:26,638 INFO: UOKA,2025-07-01,Hammer
2025-10-19 19:49:26,670 INFO: UOKA,2025-07-09,Bullish Engulfing
2025-10-19 19:49:26,701 INFO: UOKA,2025-07-17,Morning Star
2025-10-19 19:49:26,732 INFO: UOKA,2025-08-04,Dragonfly Doji
2025-10-19 19:49:26,762 INFO: UOKA,2025-08-12,Three White Soldiers
2025-10-19 19:49:26,763 INFO: UOKA,2025-08-21,Hammer
2025-10-19 19:49:26,763 INFO: UOKA,2025-09-04,Hammer
2025-10-19 19:49:26,763 INFO: UOKA,2025-09-04,Three White Soldiers
2025-10-19 19:49:26,763 INFO: UOKA,2025-09-11,Morning Star
2025-10-19 19:49:26,763 INFO: UOKA,2025-09-17,Three White Soldiers
2025-10-19 19:49:26,763 INFO: UOKA,2025-09-18,Three White Soldiers
2025-10-19 19:49:26,763 INFO: UONE,2023-07-07,Hammer
2025-10-19 19:49:26,764 INFO: UONE,2023-07-18,Morning Star
2025-10-19 19:49:26,764 INFO: UONE,2023-07-20,Bullish Engulfing
2025-10-19 19:49:26,764 INFO: UONE,2023-08-03,Morning Star
2025-10-19 19:49:26,764 INFO: UONE,2023-08-08,Piercing Pattern
2025-10-19 19:49:26,765 INFO: UONE,2023-08-10,Hammer
2025-10-19 19:49:26,765 INFO: UONE,2023-08-11,Bullish Engulfing
2025-10-19 19:49:26,765 INFO: UONE,2023-08-24,Morning Star
2025-10-19 19:49:26,765 INFO: UONE,2023-09-06,Hammer
2025-10-19 19:49:26,765 INFO: UONE,2023-09-26,Bullish Engulfing
2025-10-19 19:49:26,765 INFO: UONE,2023-10-04,Piercing Pattern
2025-10-19 19:49:26,765 INFO: UONE,2023-10-10,Three White Soldiers
2025-10-19 19:49:26,765 INFO: UONE,2023-10-23,Bullish Engulfing
2025-10-19 19:49:26,765 INFO: UONE,2023-11-02,Three White Soldiers
2025-10-19 19:49:26,765 INFO: UONE,2023-11-14,Morning Star
2025-10-19 19:49:26,765 INFO: UONE,2023-11-15,Three White Soldiers
2025-10-19 19:49:26,765 INFO: UONE,2023-12-04,Morning Star
2025-10-19 19:49:26,765 INFO: UONE,2023-12-11,Morning Star
2025-10-19 19:49:26,765 INFO: UONE,2023-12-27,Morning Star
2025-10-19 19:49:26,765 INFO: UONE,2024-01-08,Morning Star
2025-10-19 19:49:26,765 INFO: UONE,2024-02-15,Bullish Engulfing
2025-10-19 19:49:26,765 INFO: UONE,2024-02-15,Morning Star
2025-10-19 19:49:26,765 INFO: UONE,2024-03-01,Morning Star
2025-10-19 19:49:26,765 INFO: UONE,2024-03-22,Three White Soldiers
2025-10-19 19:49:26,765 INFO: UONE,2024-03-25,Three White Soldiers
2025-10-19 19:49:26,765 INFO: UONE,2024-03-26,Three White Soldiers
2025-10-19 19:49:26,765 INFO: UONE,2024-04-08,Morning Star
2025-10-19 19:49:26,765 INFO: UONE,2024-04-09,Hammer
2025-10-19 19:49:26,765 INFO: UONE,2024-04-26,Bullish Engulfing
2025-10-19 19:49:26,765 INFO: UONE,2024-04-30,Hammer
2025-10-19 19:49:26,765 INFO: UONE,2024-05-08,Bullish Engulfing
2025-10-19 19:49:26,765 INFO: UONE,2024-05-28,Morning Star
2025-10-19 19:49:26,765 INFO: UONE,2024-07-09,Piercing Pattern
2025-10-19 19:49:26,765 INFO: UONE,2024-07-16,Three White Soldiers
2025-10-19 19:49:26,765 INFO: UONE,2024-07-19,Three White Soldiers
2025-10-19 19:49:26,765 INFO: UONE,2024-07-25,Three White Soldiers
2025-10-19 19:49:26,765 INFO: UONE,2024-08-15,Bullish Engulfing
2025-10-19 19:49:26,765 INFO: UONE,2024-08-19,Bullish Engulfing
2025-10-19 19:49:26,766 INFO: UONE,2024-08-28,Bullish Engulfing
2025-10-19 19:49:26,766 INFO: UONE,2024-08-29,Hammer
2025-10-19 19:49:26,766 INFO: UONE,2024-09-11,Hammer
2025-10-19 19:49:26,766 INFO: UONE,2024-10-16,Hammer
2025-10-19 19:49:26,796 INFO: UONE,2024-10-23,Hammer
2025-10-19 19:49:26,828 INFO: UONE,2024-10-28,Morning Star
2025-10-19 19:49:26,859 INFO: UONE,2024-11-07,Hammer
2025-10-19 19:49:26,862 INFO: UONE,2024-11-08,Morning Star
2025-10-19 19:49:26,863 INFO: UONE,2024-11-12,Dragonfly Doji
2025-10-19 19:49:26,863 INFO: UONE,2024-11-19,Hammer
2025-10-19 19:49:26,863 INFO: UONE,2024-11-25,Three White Soldiers
2025-10-19 19:49:26,863 INFO: UONE,2024-11-26,Three White Soldiers
2025-10-19 19:49:26,863 INFO: UONE,2024-12-11,Piercing Pattern
2025-10-19 19:49:26,863 INFO: UONE,2024-12-17,Bullish Engulfing
2025-10-19 19:49:26,863 INFO: UONE,2024-12-20,Piercing Pattern
2025-10-19 19:49:26,863 INFO: UONE,2025-01-06,Morning Star
2025-10-19 19:49:26,863 INFO: UONE,2025-01-16,Dragonfly Doji
2025-10-19 19:49:26,863 INFO: UONE,2025-01-28,Piercing Pattern
2025-10-19 19:49:26,863 INFO: UONE,2025-02-04,Dragonfly Doji
2025-10-19 19:49:26,863 INFO: UONE,2025-02-19,Three White Soldiers
2025-10-19 19:49:26,863 INFO: UONE,2025-02-26,Morning Star
2025-10-19 19:49:26,864 INFO: UONE,2025-02-27,Hammer
2025-10-19 19:49:26,864 INFO: UONE,2025-03-14,Morning Star
2025-10-19 19:49:26,864 INFO: UONE,2025-03-18,Three White Soldiers
2025-10-19 19:49:26,864 INFO: UONE,2025-03-19,Three White Soldiers
2025-10-19 19:49:26,864 INFO: UONE,2025-04-09,Bullish Engulfing
2025-10-19 19:49:26,864 INFO: UONE,2025-04-23,Dragonfly Doji
2025-10-19 19:49:26,864 INFO: UONE,2025-05-01,Morning Star
2025-10-19 19:49:26,866 INFO: UONE,2025-05-12,Three White Soldiers
2025-10-19 19:49:26,866 INFO: UONE,2025-05-14,Hammer
2025-10-19 19:49:26,867 INFO: UONE,2025-05-23,Three White Soldiers
2025-10-19 19:49:26,867 INFO: UONE,2025-05-28,Bullish Engulfing
2025-10-19 19:49:26,868 INFO: UONE,2025-06-23,Piercing Pattern
2025-10-19 19:49:26,868 INFO: UONE,2025-06-24,Hammer
2025-10-19 19:49:26,868 INFO: UONE,2025-06-26,Morning Star
2025-10-19 19:49:26,868 INFO: UONE,2025-07-08,Bullish Engulfing
2025-10-19 19:49:26,869 INFO: UONE,2025-07-10,Three White Soldiers
2025-10-19 19:49:26,869 INFO: UONE,2025-07-11,Three White Soldiers
2025-10-19 19:49:26,869 INFO: UONE,2025-07-14,Three White Soldiers
2025-10-19 19:49:26,869 INFO: UONE,2025-07-16,Piercing Pattern
2025-10-19 19:49:26,869 INFO: UONE,2025-07-18,Hammer
2025-10-19 19:49:26,869 INFO: UONE,2025-08-22,Hammer
2025-10-19 19:49:26,869 INFO: UONE,2025-09-16,Hammer
2025-10-19 19:49:26,869 INFO: UONE,2025-09-19,Hammer
2025-10-19 19:49:26,869 INFO: UONE,2025-09-24,Hammer
2025-10-19 19:49:26,869 INFO: UPBD,2023-07-14,Morning Star
2025-10-19 19:49:26,896 INFO: UPBD,2023-07-17,Three White Soldiers
2025-10-19 19:49:26,898 INFO: UPBD,2023-07-18,Three White Soldiers
2025-10-19 19:49:26,898 INFO: UPBD,2023-07-19,Three White Soldiers
2025-10-19 19:49:26,898 INFO: UPBD,2023-08-01,Morning Star
2025-10-19 19:49:26,898 INFO: UPBD,2023-08-14,Hammer
2025-10-19 19:49:26,902 INFO: UPBD,2023-08-15,Hammer
2025-10-19 19:49:26,905 INFO: UPBD,2023-08-15,Dragonfly Doji
2025-10-19 19:49:26,905 INFO: UPBD,2023-08-23,Piercing Pattern
2025-10-19 19:49:26,905 INFO: UPBD,2023-08-29,Three White Soldiers
2025-10-19 19:49:26,905 INFO: UPBD,2023-09-01,Three White Soldiers
2025-10-19 19:49:26,906 INFO: UPBD,2023-09-07,Morning Star
2025-10-19 19:49:26,907 INFO: UPBD,2023-09-13,Morning Star
2025-10-19 19:49:26,931 INFO: UPBD,2023-09-14,Three White Soldiers
2025-10-19 19:49:26,934 INFO: UPBD,2023-09-21,Piercing Pattern
2025-10-19 19:49:26,971 INFO: UPBD,2023-09-25,Bullish Engulfing
2025-10-19 19:49:26,971 INFO: UPBD,2023-09-28,Morning Star
2025-10-19 19:49:26,971 INFO: UPBD,2023-10-04,Piercing Pattern
2025-10-19 19:49:26,971 INFO: UPBD,2023-10-16,Morning Star
2025-10-19 19:49:27,001 INFO: UPBD,2023-10-17,Three White Soldiers
2025-10-19 19:49:27,008 INFO: UPBD,2023-10-18,Hammer
2025-10-19 19:49:27,008 INFO: UPBD,2023-10-31,Dragonfly Doji
2025-10-19 19:49:27,008 INFO: UPBD,2023-11-01,Three White Soldiers
2025-10-19 19:49:27,008 INFO: UPBD,2023-11-01,Dragonfly Doji
2025-10-19 19:49:27,008 INFO: UPBD,2023-11-08,Hammer
2025-10-19 19:49:27,008 INFO: UPBD,2023-11-20,Morning Star
2025-10-19 19:49:27,008 INFO: UPBD,2023-11-28,Morning Star
2025-10-19 19:49:27,008 INFO: UPBD,2023-12-01,Bullish Engulfing
2025-10-19 19:49:27,008 INFO: UPBD,2023-12-07,Bullish Engulfing
2025-10-19 19:49:27,008 INFO: UPBD,2023-12-08,Hammer
2025-10-19 19:49:27,008 INFO: UPBD,2023-12-13,Hammer
2025-10-19 19:49:27,008 INFO: UPBD,2023-12-13,Dragonfly Doji
2025-10-19 19:49:27,008 INFO: UPBD,2023-12-19,Morning Star
2025-10-19 19:49:27,008 INFO: UPBD,2023-12-21,Hammer
2025-10-19 19:49:27,008 INFO: UPBD,2023-12-22,Morning Star
2025-10-19 19:49:27,008 INFO: UPBD,2023-12-26,Three White Soldiers
2025-10-19 19:49:27,008 INFO: UPBD,2024-01-05,Hammer
2025-10-19 19:49:27,008 INFO: UPBD,2024-01-05,Bullish Engulfing
2025-10-19 19:49:27,008 INFO: UPBD,2024-01-19,Dragonfly Doji
2025-10-19 19:49:27,008 INFO: UPBD,2024-01-22,Morning Star
2025-10-19 19:49:27,008 INFO: UPBD,2024-01-29,Hammer
2025-10-19 19:49:27,009 INFO: UPBD,2024-02-06,Bullish Engulfing
2025-10-19 19:49:27,009 INFO: UPBD,2024-02-08,Bullish Engulfing
2025-10-19 19:49:27,009 INFO: UPBD,2024-02-09,Hammer
2025-10-19 19:49:27,009 INFO: UPBD,2024-02-15,Morning Star
2025-10-19 19:49:27,009 INFO: UPBD,2024-02-22,Bullish Engulfing
2025-10-19 19:49:27,009 INFO: UPBD,2024-02-27,Piercing Pattern
2025-10-19 19:49:27,009 INFO: UPBD,2024-03-05,Bullish Engulfing
2025-10-19 19:49:27,009 INFO: UPBD,2024-03-08,Morning Star
2025-10-19 19:49:27,009 INFO: UPBD,2024-03-12,Bullish Engulfing
2025-10-19 19:49:27,009 INFO: UPBD,2024-03-19,Bullish Engulfing
2025-10-19 19:49:27,009 INFO: UPBD,2024-03-28,Piercing Pattern
2025-10-19 19:49:27,009 INFO: UPBD,2024-04-03,Dragonfly Doji
2025-10-19 19:49:27,009 INFO: UPBD,2024-04-16,Hammer
2025-10-19 19:49:27,009 INFO: UPBD,2024-04-19,Bullish Engulfing
2025-10-19 19:49:27,009 INFO: UPBD,2024-04-23,Three White Soldiers
2025-10-19 19:49:27,009 INFO: UPBD,2024-04-25,Hammer
2025-10-19 19:49:27,009 INFO: UPBD,2024-04-25,Bullish Engulfing
2025-10-19 19:49:27,009 INFO: UPBD,2024-05-03,Hammer
2025-10-19 19:49:27,009 INFO: UPBD,2024-05-06,Morning Star
2025-10-19 19:49:27,009 INFO: UPBD,2024-05-08,Three White Soldiers
2025-10-19 19:49:27,009 INFO: UPBD,2024-05-09,Three White Soldiers
2025-10-19 19:49:27,009 INFO: UPBD,2024-05-30,Morning Star
2025-10-19 19:49:27,009 INFO: UPBD,2024-05-31,Three White Soldiers
2025-10-19 19:49:27,009 INFO: UPBD,2024-06-03,Three White Soldiers
2025-10-19 19:49:27,009 INFO: UPBD,2024-07-10,Bullish Engulfing
2025-10-19 19:49:27,009 INFO: UPBD,2024-07-16,Morning Star
2025-10-19 19:49:27,009 INFO: UPBD,2024-07-17,Three White Soldiers
2025-10-19 19:49:27,009 INFO: UPBD,2024-07-25,Three White Soldiers
2025-10-19 19:49:27,009 INFO: UPBD,2024-07-26,Three White Soldiers
2025-10-19 19:49:27,010 INFO: UPBD,2024-08-05,Hammer
2025-10-19 19:49:27,010 INFO: UPBD,2024-08-16,Piercing Pattern
2025-10-19 19:49:27,010 INFO: UPBD,2024-08-16,Morning Star
2025-10-19 19:49:27,010 INFO: UPBD,2024-08-28,Bullish Engulfing
2025-10-19 19:49:27,010 INFO: UPBD,2024-09-23,Hammer
2025-10-19 19:49:27,010 INFO: UPBD,2024-09-24,Morning Star
2025-10-19 19:49:27,010 INFO: UPBD,2024-09-26,Hammer
2025-10-19 19:49:27,010 INFO: UPBD,2024-09-26,Three White Soldiers
2025-10-19 19:49:27,010 INFO: UPBD,2024-09-27,Three White Soldiers
2025-10-19 19:49:27,010 INFO: UPBD,2024-10-04,Morning Star
2025-10-19 19:49:27,010 INFO: UPBD,2024-10-14,Bullish Engulfing
2025-10-19 19:49:27,010 INFO: UPBD,2024-10-16,Three White Soldiers
2025-10-19 19:49:27,010 INFO: UPBD,2024-10-17,Three White Soldiers
2025-10-19 19:49:27,010 INFO: UPBD,2024-10-30,Bullish Engulfing
2025-10-19 19:49:27,010 INFO: UPBD,2024-11-04,Bullish Engulfing
2025-10-19 19:49:27,010 INFO: UPBD,2024-11-06,Three White Soldiers
2025-10-19 19:49:27,010 INFO: UPBD,2024-11-11,Morning Star
2025-10-19 19:49:27,010 INFO: UPBD,2024-11-25,Three White Soldiers
2025-10-19 19:49:27,010 INFO: UPBD,2024-12-20,Piercing Pattern
2025-10-19 19:49:27,010 INFO: UPBD,2024-12-26,Morning Star
2025-10-19 19:49:27,010 INFO: UPBD,2025-01-23,Bullish Engulfing
2025-10-19 19:49:27,010 INFO: UPBD,2025-01-28,Bullish Engulfing
2025-10-19 19:49:27,010 INFO: UPBD,2025-02-06,Three White Soldiers
2025-10-19 19:49:27,010 INFO: UPBD,2025-02-18,Piercing Pattern
2025-10-19 19:49:27,010 INFO: UPBD,2025-02-25,Morning Star
2025-10-19 19:49:27,010 INFO: UPBD,2025-03-06,Bullish Engulfing
2025-10-19 19:49:27,010 INFO: UPBD,2025-03-10,Three White Soldiers
2025-10-19 19:49:27,010 INFO: UPBD,2025-03-19,Bullish Engulfing
2025-10-19 19:49:27,010 INFO: UPBD,2025-03-21,Bullish Engulfing
2025-10-19 19:49:27,010 INFO: UPBD,2025-03-26,Hammer
2025-10-19 19:49:27,010 INFO: UPBD,2025-04-02,Three White Soldiers
2025-10-19 19:49:27,010 INFO: UPBD,2025-04-09,Piercing Pattern
2025-10-19 19:49:27,010 INFO: UPBD,2025-04-14,Hammer
2025-10-19 19:49:27,010 INFO: UPBD,2025-05-05,Three White Soldiers
2025-10-19 19:49:27,010 INFO: UPBD,2025-05-16,Morning Star
2025-10-19 19:49:27,010 INFO: UPBD,2025-06-03,Three White Soldiers
2025-10-19 19:49:27,010 INFO: UPBD,2025-06-09,Three White Soldiers
2025-10-19 19:49:27,010 INFO: UPBD,2025-06-10,Three White Soldiers
2025-10-19 19:49:27,010 INFO: UPBD,2025-06-24,Morning Star
2025-10-19 19:49:27,010 INFO: UPBD,2025-06-26,Hammer
2025-10-19 19:49:27,010 INFO: UPBD,2025-06-27,Morning Star
2025-10-19 19:49:27,010 INFO: UPBD,2025-07-01,Bullish Engulfing
2025-10-19 19:49:27,010 INFO: UPBD,2025-07-09,Hammer
2025-10-19 19:49:27,010 INFO: UPBD,2025-07-10,Bullish Engulfing
2025-10-19 19:49:27,010 INFO: UPBD,2025-07-23,Morning Star
2025-10-19 19:49:27,010 INFO: UPBD,2025-07-28,Dragonfly Doji
2025-10-19 19:49:27,010 INFO: UPBD,2025-08-05,Three White Soldiers
2025-10-19 19:49:27,010 INFO: UPBD,2025-08-06,Three White Soldiers
2025-10-19 19:49:27,010 INFO: UPBD,2025-08-22,Morning Star
2025-10-19 19:49:27,010 INFO: UPBD,2025-08-27,Three White Soldiers
2025-10-19 19:49:27,010 INFO: UPBD,2025-09-26,Piercing Pattern
2025-10-19 19:49:27,010 INFO: UPB,2024-10-29,Bullish Engulfing
2025-10-19 19:49:27,010 INFO: UPB,2024-11-25,Three White Soldiers
2025-10-19 19:49:27,010 INFO: UPB,2024-11-26,Three White Soldiers
2025-10-19 19:49:27,010 INFO: UPB,2024-11-27,Three White Soldiers
2025-10-19 19:49:27,010 INFO: UPB,2024-11-29,Three White Soldiers
2025-10-19 19:49:27,010 INFO: UPB,2024-12-03,Bullish Engulfing
2025-10-19 19:49:27,010 INFO: UPB,2024-12-17,Piercing Pattern
2025-10-19 19:49:27,010 INFO: UPB,2024-12-23,Bullish Engulfing
2025-10-19 19:49:27,010 INFO: UPB,2024-12-26,Three White Soldiers
2025-10-19 19:49:27,010 INFO: UPB,2025-01-03,Bullish Engulfing
2025-10-19 19:49:27,010 INFO: UPB,2025-01-03,Morning Star
2025-10-19 19:49:27,010 INFO: UPB,2025-01-08,Hammer
2025-10-19 19:49:27,010 INFO: UPB,2025-01-28,Hammer
2025-10-19 19:49:27,010 INFO: UPB,2025-01-29,Morning Star
2025-10-19 19:49:27,010 INFO: UPB,2025-02-12,Piercing Pattern
2025-10-19 19:49:27,010 INFO: UPB,2025-02-14,Three White Soldiers
2025-10-19 19:49:27,010 INFO: UPB,2025-02-18,Three White Soldiers
2025-10-19 19:49:27,010 INFO: UPB,2025-02-24,Piercing Pattern
2025-10-19 19:49:27,010 INFO: UPB,2025-02-28,Morning Star
2025-10-19 19:49:27,010 INFO: UPB,2025-03-04,Bullish Engulfing
2025-10-19 19:49:27,010 INFO: UPB,2025-03-11,Hammer
2025-10-19 19:49:27,010 INFO: UPB,2025-03-12,Morning Star
2025-10-19 19:49:27,011 INFO: UPB,2025-03-13,Hammer
2025-10-19 19:49:27,011 INFO: UPB,2025-04-01,Hammer
2025-10-19 19:49:27,011 INFO: UPB,2025-04-04,Hammer
2025-10-19 19:49:27,011 INFO: UPB,2025-04-09,Hammer
2025-10-19 19:49:27,011 INFO: UPB,2025-04-10,Hammer
2025-10-19 19:49:27,011 INFO: UPB,2025-04-10,Dragonfly Doji
2025-10-19 19:49:27,011 INFO: UPB,2025-04-21,Three White Soldiers
2025-10-19 19:49:27,011 INFO: UPB,2025-04-22,Three White Soldiers
2025-10-19 19:49:27,011 INFO: UPB,2025-04-24,Hammer
2025-10-19 19:49:27,011 INFO: UPB,2025-04-28,Piercing Pattern
2025-10-19 19:49:27,011 INFO: UPB,2025-05-07,Bullish Engulfing
2025-10-19 19:49:27,011 INFO: UPB,2025-05-08,Hammer
2025-10-19 19:49:27,011 INFO: UPB,2025-05-19,Bullish Engulfing
2025-10-19 19:49:27,011 INFO: UPB,2025-05-22,Bullish Engulfing
2025-10-19 19:49:27,011 INFO: UPB,2025-06-03,Hammer
2025-10-19 19:49:27,011 INFO: UPB,2025-06-10,Bullish Engulfing
2025-10-19 19:49:27,011 INFO: UPB,2025-06-30,Piercing Pattern
2025-10-19 19:49:27,011 INFO: UPB,2025-07-09,Morning Star
2025-10-19 19:49:27,011 INFO: UPB,2025-07-10,Hammer
2025-10-19 19:49:27,011 INFO: UPB,2025-07-14,Bullish Engulfing
2025-10-19 19:49:27,011 INFO: UPB,2025-07-22,Bullish Engulfing
2025-10-19 19:49:27,011 INFO: UPB,2025-07-24,Three White Soldiers
2025-10-19 19:49:27,011 INFO: UPB,2025-07-25,Three White Soldiers
2025-10-19 19:49:27,011 INFO: UPB,2025-07-28,Three White Soldiers
2025-10-19 19:49:27,011 INFO: UPB,2025-08-06,Bullish Engulfing
2025-10-19 19:49:27,011 INFO: UPB,2025-08-08,Hammer
2025-10-19 19:49:27,011 INFO: UPB,2025-08-11,Morning Star
2025-10-19 19:49:27,011 INFO: UPB,2025-08-12,Three White Soldiers
2025-10-19 19:49:27,011 INFO: UPB,2025-08-13,Three White Soldiers
2025-10-19 19:49:27,011 INFO: UPB,2025-08-14,Three White Soldiers
2025-10-19 19:49:27,011 INFO: UPB,2025-08-15,Three White Soldiers
2025-10-19 19:49:27,011 INFO: UPB,2025-08-21,Bullish Engulfing
2025-10-19 19:49:27,011 INFO: UPB,2025-08-21,Morning Star
2025-10-19 19:49:27,011 INFO: UPB,2025-08-29,Hammer
2025-10-19 19:49:27,011 INFO: UPB,2025-08-29,Morning Star
2025-10-19 19:49:27,011 INFO: UPB,2025-09-04,Hammer
2025-10-19 19:49:27,011 INFO: UPB,2025-09-16,Piercing Pattern
2025-10-19 19:49:27,011 INFO: UPB,2025-09-24,Bullish Engulfing
2025-10-19 19:49:27,011 INFO: UPC,2023-07-03,Hammer
2025-10-19 19:49:27,011 INFO: UPC,2023-07-26,Hammer
2025-10-19 19:49:27,011 INFO: UPC,2023-07-27,Morning Star
2025-10-19 19:49:27,011 INFO: UPC,2023-08-22,Dragonfly Doji
2025-10-19 19:49:27,011 INFO: UPC,2023-09-06,Three White Soldiers
2025-10-19 19:49:27,011 INFO: UPC,2023-09-12,Hammer
2025-10-19 19:49:27,011 INFO: UPC,2023-09-12,Morning Star
2025-10-19 19:49:27,011 INFO: UPC,2023-10-02,Morning Star
2025-10-19 19:49:27,011 INFO: UPC,2023-10-17,Bullish Engulfing
2025-10-19 19:49:27,011 INFO: UPC,2023-10-24,Morning Star
2025-10-19 19:49:27,011 INFO: UPC,2023-10-26,Three White Soldiers
2025-10-19 19:49:27,011 INFO: UPC,2023-10-27,Three White Soldiers
2025-10-19 19:49:27,011 INFO: UPC,2023-11-07,Hammer
2025-10-19 19:49:27,011 INFO: UPC,2023-12-11,Hammer
2025-10-19 19:49:27,011 INFO: UPC,2023-12-27,Morning Star
2025-10-19 19:49:27,012 INFO: UPC,2024-01-05,Morning Star
2025-10-19 19:49:27,012 INFO: UPC,2024-01-11,Three White Soldiers
2025-10-19 19:49:27,012 INFO: UPC,2024-02-14,Three White Soldiers
2025-10-19 19:49:27,012 INFO: UPC,2024-02-15,Three White Soldiers
2025-10-19 19:49:27,012 INFO: UPC,2024-02-16,Three White Soldiers
2025-10-19 19:49:27,012 INFO: UPC,2024-02-22,Piercing Pattern
2025-10-19 19:49:27,012 INFO: UPC,2024-03-11,Bullish Engulfing
2025-10-19 19:49:27,012 INFO: UPC,2024-03-27,Morning Star
2025-10-19 19:49:27,012 INFO: UPC,2024-03-28,Three White Soldiers
2025-10-19 19:49:27,012 INFO: UPC,2024-04-12,Bullish Engulfing
2025-10-19 19:49:27,012 INFO: UPC,2024-05-07,Hammer
2025-10-19 19:49:27,012 INFO: UPC,2024-05-07,Dragonfly Doji
2025-10-19 19:49:27,012 INFO: UPC,2024-05-08,Bullish Engulfing
2025-10-19 19:49:27,012 INFO: UPC,2024-05-08,Morning Star
2025-10-19 19:49:27,012 INFO: UPC,2024-05-13,Morning Star
2025-10-19 19:49:27,012 INFO: UPC,2024-05-23,Hammer
2025-10-19 19:49:27,012 INFO: UPC,2024-07-03,Three White Soldiers
2025-10-19 19:49:27,012 INFO: UPC,2024-07-05,Three White Soldiers
2025-10-19 19:49:27,012 INFO: UPC,2024-07-08,Three White Soldiers
2025-10-19 19:49:27,012 INFO: UPC,2024-07-09,Three White Soldiers
2025-10-19 19:49:27,012 INFO: UPC,2024-07-17,Morning Star
2025-10-19 19:49:27,012 INFO: UPC,2024-07-19,Hammer
2025-10-19 19:49:27,012 INFO: UPC,2024-07-22,Piercing Pattern
2025-10-19 19:49:27,012 INFO: UPC,2024-07-26,Bullish Engulfing
2025-10-19 19:49:27,012 INFO: UPC,2024-08-01,Hammer
2025-10-19 19:49:27,012 INFO: UPC,2024-08-05,Morning Star
2025-10-19 19:49:27,012 INFO: UPC,2024-08-08,Bullish Engulfing
2025-10-19 19:49:27,012 INFO: UPC,2024-08-13,Hammer
2025-10-19 19:49:27,012 INFO: UPC,2024-08-14,Piercing Pattern
2025-10-19 19:49:27,012 INFO: UPC,2024-08-16,Bullish Engulfing
2025-10-19 19:49:27,012 INFO: UPC,2024-08-20,Hammer
2025-10-19 19:49:27,012 INFO: UPC,2024-08-28,Piercing Pattern
2025-10-19 19:49:27,012 INFO: UPC,2024-09-10,Morning Star
2025-10-19 19:49:27,012 INFO: UPC,2024-10-14,Three White Soldiers
2025-10-19 19:49:27,012 INFO: UPC,2024-10-15,Three White Soldiers
2025-10-19 19:49:27,012 INFO: UPC,2024-10-16,Three White Soldiers
2025-10-19 19:49:27,012 INFO: UPC,2024-10-23,Dragonfly Doji
2025-10-19 19:49:27,012 INFO: UPC,2024-10-24,Hammer
2025-10-19 19:49:27,012 INFO: UPC,2024-11-04,Three White Soldiers
2025-10-19 19:49:27,012 INFO: UPC,2024-11-05,Three White Soldiers
2025-10-19 19:49:27,012 INFO: UPC,2024-11-21,Hammer
2025-10-19 19:49:27,013 INFO: UPC,2024-11-29,Piercing Pattern
2025-10-19 19:49:27,013 INFO: UPC,2024-12-03,Three White Soldiers
2025-10-19 19:49:27,013 INFO: UPC,2024-12-20,Hammer
2025-10-19 19:49:27,013 INFO: UPC,2024-12-20,Dragonfly Doji
2025-10-19 19:49:27,013 INFO: UPC,2024-12-30,Hammer
2025-10-19 19:49:27,013 INFO: UPC,2025-01-23,Morning Star
2025-10-19 19:49:27,013 INFO: UPC,2025-01-28,Morning Star
2025-10-19 19:49:27,013 INFO: UPC,2025-03-05,Hammer
2025-10-19 19:49:27,013 INFO: UPC,2025-03-07,Bullish Engulfing
2025-10-19 19:49:27,013 INFO: UPC,2025-03-11,Hammer
2025-10-19 19:49:27,013 INFO: UPC,2025-03-19,Piercing Pattern
2025-10-19 19:49:27,013 INFO: UPC,2025-03-26,Three White Soldiers
2025-10-19 19:49:27,013 INFO: UPC,2025-04-08,Bullish Engulfing
2025-10-19 19:49:27,013 INFO: UPC,2025-04-10,Piercing Pattern
2025-10-19 19:49:27,013 INFO: UPC,2025-04-16,Morning Star
2025-10-19 19:49:27,013 INFO: UPC,2025-04-21,Bullish Engulfing
2025-10-19 19:49:27,013 INFO: UPC,2025-05-07,Morning Star
2025-10-19 19:49:27,013 INFO: UPC,2025-05-16,Morning Star
2025-10-19 19:49:27,013 INFO: UPC,2025-05-19,Three White Soldiers
2025-10-19 19:49:27,013 INFO: UPC,2025-05-29,Morning Star
2025-10-19 19:49:27,013 INFO: UPC,2025-06-02,Hammer
2025-10-19 19:49:27,013 INFO: UPC,2025-06-05,Hammer
2025-10-19 19:49:27,013 INFO: UPC,2025-06-05,Dragonfly Doji
2025-10-19 19:49:27,013 INFO: UPC,2025-06-06,Bullish Engulfing
2025-10-19 19:49:27,013 INFO: UPC,2025-06-10,Bullish Engulfing
2025-10-19 19:49:27,013 INFO: UPC,2025-07-11,Three White Soldiers
2025-10-19 19:49:27,013 INFO: UPC,2025-07-22,Morning Star
2025-10-19 19:49:27,013 INFO: UPC,2025-07-23,Three White Soldiers
2025-10-19 19:49:27,013 INFO: UPC,2025-08-04,Bullish Engulfing
2025-10-19 19:49:27,013 INFO: UPC,2025-08-05,Hammer
2025-10-19 19:49:27,013 INFO: UPC,2025-08-07,Morning Star
2025-10-19 19:49:27,013 INFO: UPC,2025-08-11,Hammer
2025-10-19 19:49:27,013 INFO: UPC,2025-08-20,Hammer
2025-10-19 19:49:27,013 INFO: UPC,2025-09-03,Bullish Engulfing
2025-10-19 19:49:27,013 INFO: UPC,2025-09-29,Three White Soldiers
2025-10-19 19:49:27,013 INFO: UPGR,2023-09-08,Hammer
2025-10-19 19:49:27,013 INFO: UPGR,2023-12-19,Morning Star
2025-10-19 19:49:27,013 INFO: UPGR,2024-09-05,Hammer
2025-10-19 19:49:27,013 INFO: UPGR,2024-09-26,Hammer
2025-10-19 19:49:27,013 INFO: UPGR,2025-03-17,Three White Soldiers
2025-10-19 19:49:27,013 INFO: UPGR,2025-04-24,Morning Star
2025-10-19 19:49:27,013 INFO: UPLD,2023-07-10,Three White Soldiers
2025-10-19 19:49:27,013 INFO: UPLD,2023-07-11,Hammer
2025-10-19 19:49:27,013 INFO: UPLD,2023-07-11,Three White Soldiers
2025-10-19 19:49:27,013 INFO: UPLD,2023-07-26,Bullish Engulfing
2025-10-19 19:49:27,013 INFO: UPLD,2023-08-14,Morning Star
2025-10-19 19:49:27,013 INFO: UPLD,2023-08-30,Three White Soldiers
2025-10-19 19:49:27,013 INFO: UPLD,2023-08-31,Three White Soldiers
2025-10-19 19:49:27,013 INFO: UPLD,2023-09-01,Three White Soldiers
2025-10-19 19:49:27,013 INFO: UPLD,2023-09-05,Three White Soldiers
2025-10-19 19:49:27,013 INFO: UPLD,2023-09-06,Three White Soldiers
2025-10-19 19:49:27,013 INFO: UPLD,2023-09-08,Piercing Pattern
2025-10-19 19:49:27,013 INFO: UPLD,2023-09-12,Bullish Engulfing
2025-10-19 19:49:27,013 INFO: UPLD,2023-09-18,Hammer
2025-10-19 19:49:27,013 INFO: UPLD,2023-09-19,Morning Star
2025-10-19 19:49:27,013 INFO: UPLD,2023-09-28,Three White Soldiers
2025-10-19 19:49:27,013 INFO: UPLD,2023-09-29,Three White Soldiers
2025-10-19 19:49:27,013 INFO: UPLD,2023-10-06,Bullish Engulfing
2025-10-19 19:49:27,014 INFO: UPLD,2023-10-06,Morning Star
2025-10-19 19:49:27,014 INFO: UPLD,2023-11-01,Hammer
2025-10-19 19:49:27,014 INFO: UPLD,2023-11-02,Three White Soldiers
2025-10-19 19:49:27,014 INFO: UPLD,2023-11-03,Hammer
2025-10-19 19:49:27,014 INFO: UPLD,2023-11-03,Three White Soldiers
2025-10-19 19:49:27,014 INFO: UPLD,2023-11-06,Three White Soldiers
2025-10-19 19:49:27,014 INFO: UPLD,2023-11-07,Three White Soldiers
2025-10-19 19:49:27,014 INFO: UPLD,2023-11-08,Three White Soldiers
2025-10-19 19:49:27,014 INFO: UPLD,2023-11-10,Hammer
2025-10-19 19:49:27,014 INFO: UPLD,2023-11-13,Bullish Engulfing
2025-10-19 19:49:27,014 INFO: UPLD,2023-11-20,Three White Soldiers
2025-10-19 19:49:27,014 INFO: UPLD,2023-11-22,Hammer
2025-10-19 19:49:27,014 INFO: UPLD,2023-11-24,Morning Star
2025-10-19 19:49:27,014 INFO: UPLD,2023-11-28,Bullish Engulfing
2025-10-19 19:49:27,014 INFO: UPLD,2023-12-04,Hammer
2025-10-19 19:49:27,014 INFO: UPLD,2023-12-08,Hammer
2025-10-19 19:49:27,014 INFO: UPLD,2023-12-26,Bullish Engulfing
2025-10-19 19:49:27,014 INFO: UPLD,2024-01-11,Morning Star
2025-10-19 19:49:27,014 INFO: UPLD,2024-01-22,Three White Soldiers
2025-10-19 19:49:27,014 INFO: UPLD,2024-02-01,Morning Star
2025-10-19 19:49:27,014 INFO: UPLD,2024-02-05,Three White Soldiers
2025-10-19 19:49:27,014 INFO: UPLD,2024-02-07,Hammer
2025-10-19 19:49:27,014 INFO: UPLD,2024-02-08,Bullish Engulfing
2025-10-19 19:49:27,014 INFO: UPLD,2024-02-12,Three White Soldiers
2025-10-19 19:49:27,014 INFO: UPLD,2024-02-15,Hammer
2025-10-19 19:49:27,014 INFO: UPLD,2024-02-16,Bullish Engulfing
2025-10-19 19:49:27,014 INFO: UPLD,2024-02-28,Hammer
2025-10-19 19:49:27,014 INFO: UPLD,2024-02-29,Morning Star
2025-10-19 19:49:27,014 INFO: UPLD,2024-03-14,Hammer
2025-10-19 19:49:27,014 INFO: UPLD,2024-03-20,Three White Soldiers
2025-10-19 19:49:27,014 INFO: UPLD,2024-03-21,Three White Soldiers
2025-10-19 19:49:27,014 INFO: UPLD,2024-03-22,Three White Soldiers
2025-10-19 19:49:27,014 INFO: UPLD,2024-03-28,Bullish Engulfing
2025-10-19 19:49:27,014 INFO: UPLD,2024-04-05,Bullish Engulfing
2025-10-19 19:49:27,014 INFO: UPLD,2024-04-29,Morning Star
2025-10-19 19:49:27,014 INFO: UPLD,2024-05-07,Three White Soldiers
2025-10-19 19:49:27,014 INFO: UPLD,2024-05-24,Bullish Engulfing
2025-10-19 19:49:27,014 INFO: UPLD,2024-06-13,Morning Star
2025-10-19 19:49:27,014 INFO: UPLD,2024-06-21,Morning Star
2025-10-19 19:49:27,014 INFO: UPLD,2024-07-05,Hammer
2025-10-19 19:49:27,014 INFO: UPLD,2024-07-12,Dragonfly Doji
2025-10-19 19:49:27,014 INFO: UPLD,2024-07-22,Morning Star
2025-10-19 19:49:27,014 INFO: UPLD,2024-08-02,Bullish Engulfing
2025-10-19 19:49:27,014 INFO: UPLD,2024-08-02,Morning Star
2025-10-19 19:49:27,014 INFO: UPLD,2024-08-08,Hammer
2025-10-19 19:49:27,014 INFO: UPLD,2024-08-13,Morning Star
2025-10-19 19:49:27,014 INFO: UPLD,2024-08-16,Morning Star
2025-10-19 19:49:27,014 INFO: UPLD,2024-08-30,Morning Star
2025-10-19 19:49:27,014 INFO: UPLD,2024-09-10,Hammer
2025-10-19 19:49:27,014 INFO: UPLD,2024-09-18,Morning Star
2025-10-19 19:49:27,014 INFO: UPLD,2024-09-19,Hammer
2025-10-19 19:49:27,014 INFO: UPLD,2024-10-02,Bullish Engulfing
2025-10-19 19:49:27,014 INFO: UPLD,2024-10-10,Morning Star
2025-10-19 19:49:27,014 INFO: UPLD,2024-10-25,Hammer
2025-10-19 19:49:27,014 INFO: UPLD,2024-11-08,Morning Star
2025-10-19 19:49:27,014 INFO: UPLD,2024-11-14,Hammer
2025-10-19 19:49:27,014 INFO: UPLD,2024-11-18,Morning Star
2025-10-19 19:49:27,014 INFO: UPLD,2024-11-25,Morning Star
2025-10-19 19:49:27,014 INFO: UPLD,2024-11-26,Three White Soldiers
2025-10-19 19:49:27,014 INFO: UPLD,2024-12-02,Morning Star
2025-10-19 19:49:27,014 INFO: UPLD,2024-12-05,Piercing Pattern
2025-10-19 19:49:27,014 INFO: UPLD,2024-12-09,Three White Soldiers
2025-10-19 19:49:27,014 INFO: UPLD,2024-12-10,Three White Soldiers
2025-10-19 19:49:27,014 INFO: UPLD,2024-12-17,Morning Star
2025-10-19 19:49:27,014 INFO: UPLD,2024-12-27,Hammer
2025-10-19 19:49:27,014 INFO: UPLD,2024-12-30,Hammer
2025-10-19 19:49:27,014 INFO: UPLD,2025-01-06,Three White Soldiers
2025-10-19 19:49:27,015 INFO: UPLD,2025-01-27,Three White Soldiers
2025-10-19 19:49:27,015 INFO: UPLD,2025-01-28,Three White Soldiers
2025-10-19 19:49:27,015 INFO: UPLD,2025-02-10,Morning Star
2025-10-19 19:49:27,015 INFO: UPLD,2025-02-13,Hammer
2025-10-19 19:49:27,015 INFO: UPLD,2025-02-14,Bullish Engulfing
2025-10-19 19:49:27,015 INFO: UPLD,2025-03-10,Hammer
2025-10-19 19:49:27,015 INFO: UPLD,2025-03-11,Bullish Engulfing
2025-10-19 19:49:27,015 INFO: UPLD,2025-03-18,Morning Star
2025-10-19 19:49:27,015 INFO: UPLD,2025-03-19,Three White Soldiers
2025-10-19 19:49:27,015 INFO: UPLD,2025-03-21,Piercing Pattern
2025-10-19 19:49:27,015 INFO: UPLD,2025-04-22,Hammer
2025-10-19 19:49:27,015 INFO: UPLD,2025-04-29,Hammer
2025-10-19 19:49:27,015 INFO: UPLD,2025-04-30,Hammer
2025-10-19 19:49:27,015 INFO: UPLD,2025-04-30,Bullish Engulfing
2025-10-19 19:49:27,015 INFO: UPLD,2025-06-18,Bullish Engulfing
2025-10-19 19:49:27,015 INFO: UPLD,2025-07-10,Hammer
2025-10-19 19:49:27,015 INFO: UPLD,2025-07-23,Hammer
2025-10-19 19:49:27,015 INFO: UPLD,2025-08-14,Hammer
2025-10-19 19:49:27,015 INFO: UPLD,2025-08-18,Morning Star
2025-10-19 19:49:27,015 INFO: UPLD,2025-08-19,Three White Soldiers
2025-10-19 19:49:27,015 INFO: UPLD,2025-08-20,Three White Soldiers
2025-10-19 19:49:27,015 INFO: UPLD,2025-08-26,Hammer
2025-10-19 19:49:27,015 INFO: UPLD,2025-09-09,Piercing Pattern
2025-10-19 19:49:27,015 INFO: UPLD,2025-09-11,Bullish Engulfing
2025-10-19 19:49:27,015 INFO: UPLD,2025-09-12,Hammer
2025-10-19 19:49:27,015 INFO: UPLD,2025-09-15,Three White Soldiers
2025-10-19 19:49:27,015 INFO: UPLD,2025-09-19,Hammer
2025-10-19 19:49:27,015 INFO: UPLD,2025-09-23,Hammer
2025-10-19 19:49:27,015 INFO: UPST,2023-07-06,Hammer
2025-10-19 19:49:27,015 INFO: UPST,2023-07-11,Three White Soldiers
2025-10-19 19:49:27,015 INFO: UPST,2023-07-12,Hammer
2025-10-19 19:49:27,015 INFO: UPST,2023-07-13,Bullish Engulfing
2025-10-19 19:49:27,015 INFO: UPST,2023-07-17,Bullish Engulfing
2025-10-19 19:49:27,015 INFO: UPST,2023-07-19,Three White Soldiers
2025-10-19 19:49:27,015 INFO: UPST,2023-07-25,Morning Star
2025-10-19 19:49:27,015 INFO: UPST,2023-08-01,Three White Soldiers
2025-10-19 19:49:27,015 INFO: UPST,2023-08-11,Bullish Engulfing
2025-10-19 19:49:27,015 INFO: UPST,2023-08-17,Hammer
2025-10-19 19:49:27,015 INFO: UPST,2023-08-29,Bullish Engulfing
2025-10-19 19:49:27,015 INFO: UPST,2023-09-05,Morning Star
2025-10-19 19:49:27,015 INFO: UPST,2023-09-12,Bullish Engulfing
2025-10-19 19:49:27,015 INFO: UPST,2023-09-15,Hammer
2025-10-19 19:49:27,015 INFO: UPST,2023-10-05,Morning Star
2025-10-19 19:49:27,015 INFO: UPST,2023-10-10,Three White Soldiers
2025-10-19 19:49:27,015 INFO: UPST,2023-10-16,Morning Star
2025-10-19 19:49:27,015 INFO: UPST,2023-11-02,Three White Soldiers
2025-10-19 19:49:27,015 INFO: UPST,2023-11-03,Three White Soldiers
2025-10-19 19:49:27,015 INFO: UPST,2023-11-10,Hammer
2025-10-19 19:49:27,015 INFO: UPST,2023-11-13,Bullish Engulfing
2025-10-19 19:49:27,015 INFO: UPST,2023-11-13,Morning Star
2025-10-19 19:49:27,015 INFO: UPST,2023-11-15,Three White Soldiers
2025-10-19 19:49:27,015 INFO: UPST,2023-11-28,Three White Soldiers
2025-10-19 19:49:27,015 INFO: UPST,2023-12-07,Morning Star
2025-10-19 19:49:27,015 INFO: UPST,2023-12-13,Morning Star
2025-10-19 19:49:27,015 INFO: UPST,2023-12-18,Bullish Engulfing
2025-10-19 19:49:27,015 INFO: UPST,2023-12-27,Morning Star
2025-10-19 19:49:27,015 INFO: UPST,2024-01-08,Morning Star
2025-10-19 19:49:27,015 INFO: UPST,2024-01-17,Bullish Engulfing
2025-10-19 19:49:27,015 INFO: UPST,2024-01-19,Bullish Engulfing
2025-10-19 19:49:27,015 INFO: UPST,2024-02-02,Morning Star
2025-10-19 19:49:27,015 INFO: UPST,2024-02-08,Bullish Engulfing
2025-10-19 19:49:27,015 INFO: UPST,2024-02-12,Bullish Engulfing
2025-10-19 19:49:27,016 INFO: UPST,2024-02-26,Bullish Engulfing
2025-10-19 19:49:27,016 INFO: UPST,2024-02-26,Morning Star
2025-10-19 19:49:27,016 INFO: UPST,2024-03-06,Morning Star
2025-10-19 19:49:27,016 INFO: UPST,2024-03-08,Three White Soldiers
2025-10-19 19:49:27,016 INFO: UPST,2024-04-11,Hammer
2025-10-19 19:49:27,016 INFO: UPST,2024-04-22,Hammer
2025-10-19 19:49:27,016 INFO: UPST,2024-04-23,Bullish Engulfing
2025-10-19 19:49:27,016 INFO: UPST,2024-05-01,Bullish Engulfing
2025-10-19 19:49:27,016 INFO: UPST,2024-05-28,Hammer
2025-10-19 19:49:27,016 INFO: UPST,2024-06-05,Morning Star
2025-10-19 19:49:27,016 INFO: UPST,2024-06-06,Three White Soldiers
2025-10-19 19:49:27,016 INFO: UPST,2024-06-11,Bullish Engulfing
2025-10-19 19:49:27,016 INFO: UPST,2024-06-24,Morning Star
2025-10-19 19:49:27,016 INFO: UPST,2024-07-10,Hammer
2025-10-19 19:49:27,016 INFO: UPST,2024-07-11,Three White Soldiers
2025-10-19 19:49:27,016 INFO: UPST,2024-07-12,Three White Soldiers
2025-10-19 19:49:27,016 INFO: UPST,2024-07-15,Three White Soldiers
2025-10-19 19:49:27,016 INFO: UPST,2024-07-16,Three White Soldiers
2025-10-19 19:49:27,016 INFO: UPST,2024-08-09,Three White Soldiers
2025-10-19 19:49:27,016 INFO: UPST,2024-08-16,Piercing Pattern
2025-10-19 19:49:27,016 INFO: UPST,2024-08-27,Three White Soldiers
2025-10-19 19:49:27,016 INFO: UPST,2024-09-11,Bullish Engulfing
2025-10-19 19:49:27,016 INFO: UPST,2024-09-13,Three White Soldiers
2025-10-19 19:49:27,016 INFO: UPST,2024-09-18,Three White Soldiers
2025-10-19 19:49:27,016 INFO: UPST,2024-09-26,Hammer
2025-10-19 19:49:27,016 INFO: UPST,2024-10-03,Hammer
2025-10-19 19:49:27,016 INFO: UPST,2024-10-08,Bullish Engulfing
2025-10-19 19:49:27,016 INFO: UPST,2024-10-14,Three White Soldiers
2025-10-19 19:49:27,016 INFO: UPST,2024-10-16,Bullish Engulfing
2025-10-19 19:49:27,016 INFO: UPST,2024-10-29,Hammer
2025-10-19 19:49:27,016 INFO: UPST,2024-10-30,Piercing Pattern
2025-10-19 19:49:27,016 INFO: UPST,2024-11-07,Three White Soldiers
2025-10-19 19:49:27,016 INFO: UPST,2024-11-08,Three White Soldiers
2025-10-19 19:49:27,016 INFO: UPST,2024-11-12,Hammer
2025-10-19 19:49:27,016 INFO: UPST,2024-11-19,Bullish Engulfing
2025-10-19 19:49:27,016 INFO: UPST,2024-11-22,Morning Star
2025-10-19 19:49:27,016 INFO: UPST,2024-11-25,Three White Soldiers
2025-10-19 19:49:27,016 INFO: UPST,2024-12-17,Hammer
2025-10-19 19:49:27,016 INFO: UPST,2024-12-26,Morning Star
2025-10-19 19:49:27,016 INFO: UPST,2025-01-10,Hammer
2025-10-19 19:49:27,016 INFO: UPST,2025-01-10,Dragonfly Doji
2025-10-19 19:49:27,016 INFO: UPST,2025-01-16,Morning Star
2025-10-19 19:49:27,016 INFO: UPST,2025-01-22,Morning Star
2025-10-19 19:49:27,016 INFO: UPST,2025-01-29,Hammer
2025-10-19 19:49:27,016 INFO: UPST,2025-02-05,Three White Soldiers
2025-10-19 19:49:27,016 INFO: UPST,2025-03-07,Hammer
2025-10-19 19:49:27,016 INFO: UPST,2025-03-17,Morning Star
2025-10-19 19:49:27,016 INFO: UPST,2025-03-21,Bullish Engulfing
2025-10-19 19:49:27,016 INFO: UPST,2025-04-04,Hammer
2025-10-19 19:49:27,016 INFO: UPST,2025-04-07,Bullish Engulfing
2025-10-19 19:49:27,016 INFO: UPST,2025-04-09,Bullish Engulfing
2025-10-19 19:49:27,016 INFO: UPST,2025-04-15,Piercing Pattern
2025-10-19 19:49:27,016 INFO: UPST,2025-05-05,Bullish Engulfing
2025-10-19 19:49:27,016 INFO: UPST,2025-05-06,Hammer
2025-10-19 19:49:27,016 INFO: UPST,2025-05-09,Hammer
2025-10-19 19:49:27,016 INFO: UPST,2025-05-22,Bullish Engulfing
2025-10-19 19:49:27,016 INFO: UPST,2025-06-03,Three White Soldiers
2025-10-19 19:49:27,016 INFO: UPST,2025-06-09,Three White Soldiers
2025-10-19 19:49:27,016 INFO: UPST,2025-06-10,Hammer
2025-10-19 19:49:27,016 INFO: UPST,2025-06-23,Piercing Pattern
2025-10-19 19:49:27,016 INFO: UPST,2025-06-30,Three White Soldiers
2025-10-19 19:49:27,016 INFO: UPST,2025-07-03,Three White Soldiers
2025-10-19 19:49:27,016 INFO: UPST,2025-07-22,Bullish Engulfing
2025-10-19 19:49:27,016 INFO: UPST,2025-08-13,Morning Star
2025-10-19 19:49:27,016 INFO: UPST,2025-08-20,Hammer
2025-10-19 19:49:27,016 INFO: UPST,2025-08-21,Morning Star
2025-10-19 19:49:27,016 INFO: UPST,2025-08-27,Bullish Engulfing
2025-10-19 19:49:27,016 INFO: UPST,2025-09-12,Bullish Engulfing
2025-10-19 19:49:27,016 INFO: UPST,2025-09-16,Three White Soldiers
2025-10-19 19:49:27,016 INFO: UPST,2025-09-17,Three White Soldiers
2025-10-19 19:49:27,016 INFO: UPWK,2023-07-17,Piercing Pattern
2025-10-19 19:49:27,017 INFO: UPWK,2023-07-26,Bullish Engulfing
2025-10-19 19:49:27,017 INFO: UPWK,2023-07-26,Morning Star
2025-10-19 19:49:27,017 INFO: UPWK,2023-08-04,Three White Soldiers
2025-10-19 19:49:27,017 INFO: UPWK,2023-08-11,Bullish Engulfing
2025-10-19 19:49:27,017 INFO: UPWK,2023-08-15,Bullish Engulfing
2025-10-19 19:49:27,017 INFO: UPWK,2023-08-22,Three White Soldiers
2025-10-19 19:49:27,017 INFO: UPWK,2023-08-23,Three White Soldiers
2025-10-19 19:49:27,017 INFO: UPWK,2023-09-01,Piercing Pattern
2025-10-19 19:49:27,017 INFO: UPWK,2023-09-28,Bullish Engulfing
2025-10-19 19:49:27,017 INFO: UPWK,2023-10-02,Piercing Pattern
2025-10-19 19:49:27,017 INFO: UPWK,2023-10-06,Bullish Engulfing
2025-10-19 19:49:27,017 INFO: UPWK,2023-10-10,Three White Soldiers
2025-10-19 19:49:27,017 INFO: UPWK,2023-10-17,Morning Star
2025-10-19 19:49:27,017 INFO: UPWK,2023-10-24,Morning Star
2025-10-19 19:49:27,017 INFO: UPWK,2023-11-06,Three White Soldiers
2025-10-19 19:49:27,017 INFO: UPWK,2023-11-07,Three White Soldiers
2025-10-19 19:49:27,017 INFO: UPWK,2023-11-13,Hammer
2025-10-19 19:49:27,017 INFO: UPWK,2023-11-15,Three White Soldiers
2025-10-19 19:49:27,017 INFO: UPWK,2023-11-17,Hammer
2025-10-19 19:49:27,017 INFO: UPWK,2023-12-01,Piercing Pattern
2025-10-19 19:49:27,017 INFO: UPWK,2023-12-08,Bullish Engulfing
2025-10-19 19:49:27,017 INFO: UPWK,2023-12-12,Three White Soldiers
2025-10-19 19:49:27,017 INFO: UPWK,2023-12-13,Three White Soldiers
2025-10-19 19:49:27,017 INFO: UPWK,2023-12-26,Morning Star
2025-10-19 19:49:27,017 INFO: UPWK,2024-01-05,Bullish Engulfing
2025-10-19 19:49:27,017 INFO: UPWK,2024-01-11,Hammer
2025-10-19 19:49:27,017 INFO: UPWK,2024-01-22,Morning Star
2025-10-19 19:49:27,017 INFO: UPWK,2024-01-30,Hammer
2025-10-19 19:49:27,017 INFO: UPWK,2024-02-02,Morning Star
2025-10-19 19:49:27,017 INFO: UPWK,2024-02-06,Piercing Pattern
2025-10-19 19:49:27,017 INFO: UPWK,2024-02-12,Three White Soldiers
2025-10-19 19:49:27,017 INFO: UPWK,2024-04-29,Three White Soldiers
2025-10-19 19:49:27,017 INFO: UPWK,2024-05-02,Dragonfly Doji
2025-10-19 19:49:27,017 INFO: UPWK,2024-05-14,Morning Star
2025-10-19 19:49:27,017 INFO: UPWK,2024-05-24,Hammer
2025-10-19 19:49:27,017 INFO: UPWK,2024-06-14,Hammer
2025-10-19 19:49:27,017 INFO: UPWK,2024-06-17,Hammer
2025-10-19 19:49:27,017 INFO: UPWK,2024-06-21,Morning Star
2025-10-19 19:49:27,017 INFO: UPWK,2024-06-25,Piercing Pattern
2025-10-19 19:49:27,017 INFO: UPWK,2024-06-28,Hammer
2025-10-19 19:49:27,017 INFO: UPWK,2024-07-02,Piercing Pattern
2025-10-19 19:49:27,017 INFO: UPWK,2024-07-12,Morning Star
2025-10-19 19:49:27,017 INFO: UPWK,2024-07-15,Three White Soldiers
2025-10-19 19:49:27,017 INFO: UPWK,2024-07-16,Three White Soldiers
2025-10-19 19:49:27,017 INFO: UPWK,2024-07-22,Morning Star
2025-10-19 19:49:27,017 INFO: UPWK,2024-07-23,Three White Soldiers
2025-10-19 19:49:27,017 INFO: UPWK,2024-07-30,Morning Star
2025-10-19 19:49:27,017 INFO: UPWK,2024-07-31,Three White Soldiers
2025-10-19 19:49:27,017 INFO: UPWK,2024-08-05,Bullish Engulfing
2025-10-19 19:49:27,017 INFO: UPWK,2024-08-08,Hammer
2025-10-19 19:49:27,017 INFO: UPWK,2024-08-21,Piercing Pattern
2025-10-19 19:49:27,017 INFO: UPWK,2024-09-12,Morning Star
2025-10-19 19:49:27,017 INFO: UPWK,2024-09-13,Three White Soldiers
2025-10-19 19:49:27,017 INFO: UPWK,2024-09-16,Hammer
2025-10-19 19:49:27,017 INFO: UPWK,2024-09-19,Hammer
2025-10-19 19:49:27,017 INFO: UPWK,2024-10-03,Morning Star
2025-10-19 19:49:27,017 INFO: UPWK,2024-10-09,Dragonfly Doji
2025-10-19 19:49:27,017 INFO: UPWK,2024-10-10,Bullish Engulfing
2025-10-19 19:49:27,017 INFO: UPWK,2024-10-14,Hammer
2025-10-19 19:49:27,017 INFO: UPWK,2024-10-14,Dragonfly Doji
2025-10-19 19:49:27,017 INFO: UPWK,2024-10-23,Morning Star
2025-10-19 19:49:27,017 INFO: UPWK,2024-10-29,Morning Star
2025-10-19 19:49:27,018 INFO: UPWK,2024-10-30,Three White Soldiers
2025-10-19 19:49:27,018 INFO: UPWK,2024-11-25,Three White Soldiers
2025-10-19 19:49:27,018 INFO: UPWK,2024-11-26,Three White Soldiers
2025-10-19 19:49:27,018 INFO: UPWK,2024-11-27,Three White Soldiers
2025-10-19 19:49:27,018 INFO: UPWK,2024-12-04,Three White Soldiers
2025-10-19 19:49:27,018 INFO: UPWK,2024-12-09,Morning Star
2025-10-19 19:49:27,018 INFO: UPWK,2024-12-16,Piercing Pattern
2025-10-19 19:49:27,018 INFO: UPWK,2024-12-20,Piercing Pattern
2025-10-19 19:49:27,018 INFO: UPWK,2024-12-24,Three White Soldiers
2025-10-19 19:49:27,018 INFO: UPWK,2024-12-26,Three White Soldiers
2025-10-19 19:49:27,018 INFO: UPWK,2024-12-27,Hammer
2025-10-19 19:49:27,018 INFO: UPWK,2024-12-27,Dragonfly Doji
2025-10-19 19:49:27,018 INFO: UPWK,2024-12-30,Hammer
2025-10-19 19:49:27,018 INFO: UPWK,2025-01-13,Bullish Engulfing
2025-10-19 19:49:27,018 INFO: UPWK,2025-01-28,Three White Soldiers
2025-10-19 19:49:27,018 INFO: UPWK,2025-02-03,Hammer
2025-10-19 19:49:27,018 INFO: UPWK,2025-02-28,Bullish Engulfing
2025-10-19 19:49:27,018 INFO: UPWK,2025-03-17,Morning Star
2025-10-19 19:49:27,018 INFO: UPWK,2025-03-18,Three White Soldiers
2025-10-19 19:49:27,018 INFO: UPWK,2025-03-19,Three White Soldiers
2025-10-19 19:49:27,018 INFO: UPWK,2025-03-20,Three White Soldiers
2025-10-19 19:49:27,018 INFO: UPWK,2025-03-21,Three White Soldiers
2025-10-19 19:49:27,018 INFO: UPWK,2025-03-24,Three White Soldiers
2025-10-19 19:49:27,018 INFO: UPWK,2025-04-07,Piercing Pattern
2025-10-19 19:49:27,018 INFO: UPWK,2025-04-09,Bullish Engulfing
2025-10-19 19:49:27,018 INFO: UPWK,2025-04-17,Bullish Engulfing
2025-10-19 19:49:27,018 INFO: UPWK,2025-04-24,Bullish Engulfing
2025-10-19 19:49:27,018 INFO: UPWK,2025-04-30,Hammer
2025-10-19 19:49:27,018 INFO: UPWK,2025-05-02,Three White Soldiers
2025-10-19 19:49:27,018 INFO: UPWK,2025-05-13,Hammer
2025-10-19 19:49:27,018 INFO: UPWK,2025-05-16,Piercing Pattern
2025-10-19 19:49:27,018 INFO: UPWK,2025-05-20,Hammer
2025-10-19 19:49:27,018 INFO: UPWK,2025-05-30,Hammer
2025-10-19 19:49:27,018 INFO: UPWK,2025-06-26,Hammer
2025-10-19 19:49:27,018 INFO: UPWK,2025-07-09,Morning Star
2025-10-19 19:49:27,018 INFO: UPWK,2025-07-23,Three White Soldiers
2025-10-19 19:49:27,018 INFO: UPWK,2025-08-04,Morning Star
2025-10-19 19:49:27,018 INFO: UPWK,2025-08-07,Dragonfly Doji
2025-10-19 19:49:27,018 INFO: UPWK,2025-08-13,Three White Soldiers
2025-10-19 19:49:27,018 INFO: UPWK,2025-08-18,Morning Star
2025-10-19 19:49:27,018 INFO: UPWK,2025-08-22,Three White Soldiers
2025-10-19 19:49:27,018 INFO: UPWK,2025-08-29,Morning Star
2025-10-19 19:49:27,018 INFO: UPWK,2025-09-02,Three White Soldiers
2025-10-19 19:49:27,018 INFO: UPWK,2025-09-03,Three White Soldiers
2025-10-19 19:49:27,018 INFO: UPWK,2025-09-04,Three White Soldiers
2025-10-19 19:49:27,018 INFO: UPWK,2025-09-12,Three White Soldiers
2025-10-19 19:49:27,018 INFO: UPWK,2025-09-18,Three White Soldiers
2025-10-19 19:49:27,018 INFO: UPWK,2025-09-19,Three White Soldiers
2025-10-19 19:49:27,018 INFO: UPXI,2023-07-20,Bullish Engulfing
2025-10-19 19:49:27,018 INFO: UPXI,2023-08-01,Morning Star
2025-10-19 19:49:27,018 INFO: UPXI,2023-08-07,Piercing Pattern
2025-10-19 19:49:27,018 INFO: UPXI,2023-08-29,Morning Star
2025-10-19 19:49:27,018 INFO: UPXI,2023-08-31,Three White Soldiers
2025-10-19 19:49:27,018 INFO: UPXI,2023-09-18,Three White Soldiers
2025-10-19 19:49:27,018 INFO: UPXI,2023-09-22,Hammer
2025-10-19 19:49:27,018 INFO: UPXI,2023-09-26,Piercing Pattern
2025-10-19 19:49:27,018 INFO: UPXI,2023-10-04,Piercing Pattern
2025-10-19 19:49:27,018 INFO: UPXI,2023-10-05,Hammer
2025-10-19 19:49:27,018 INFO: UPXI,2023-10-26,Hammer
2025-10-19 19:49:27,018 INFO: UPXI,2023-10-26,Morning Star
2025-10-19 19:49:27,018 INFO: UPXI,2023-11-03,Bullish Engulfing
2025-10-19 19:49:27,018 INFO: UPXI,2023-11-03,Morning Star
2025-10-19 19:49:27,018 INFO: UPXI,2023-11-09,Piercing Pattern
2025-10-19 19:49:27,018 INFO: UPXI,2023-11-17,Three White Soldiers
2025-10-19 19:49:27,018 INFO: UPXI,2023-11-30,Dragonfly Doji
2025-10-19 19:49:27,019 INFO: UPXI,2023-12-01,Morning Star
2025-10-19 19:49:27,019 INFO: UPXI,2023-12-04,Hammer
2025-10-19 19:49:27,019 INFO: UPXI,2023-12-07,Three White Soldiers
2025-10-19 19:49:27,019 INFO: UPXI,2023-12-20,Three White Soldiers
2025-10-19 19:49:27,019 INFO: UPXI,2023-12-21,Three White Soldiers
2025-10-19 19:49:27,019 INFO: UPXI,2023-12-22,Three White Soldiers
2025-10-19 19:49:27,019 INFO: UPXI,2023-12-28,Bullish Engulfing
2025-10-19 19:49:27,019 INFO: UPXI,2023-12-28,Morning Star
2025-10-19 19:49:27,019 INFO: UPXI,2024-01-02,Three White Soldiers
2025-10-19 19:49:27,019 INFO: UPXI,2024-01-03,Three White Soldiers
2025-10-19 19:49:27,019 INFO: UPXI,2024-01-19,Morning Star
2025-10-19 19:49:27,019 INFO: UPXI,2024-03-05,Bullish Engulfing
2025-10-19 19:49:27,019 INFO: UPXI,2024-03-15,Hammer
2025-10-19 19:49:27,019 INFO: UPXI,2024-03-18,Morning Star
2025-10-19 19:49:27,019 INFO: UPXI,2024-03-27,Three White Soldiers
2025-10-19 19:49:27,019 INFO: UPXI,2024-04-05,Morning Star
2025-10-19 19:49:27,019 INFO: UPXI,2024-04-26,Hammer
2025-10-19 19:49:27,019 INFO: UPXI,2024-04-26,Dragonfly Doji
2025-10-19 19:49:27,019 INFO: UPXI,2024-04-30,Hammer
2025-10-19 19:49:27,019 INFO: UPXI,2024-04-30,Dragonfly Doji
2025-10-19 19:49:27,019 INFO: UPXI,2024-05-09,Bullish Engulfing
2025-10-19 19:49:27,019 INFO: UPXI,2024-05-17,Three White Soldiers
2025-10-19 19:49:27,019 INFO: UPXI,2024-05-21,Hammer
2025-10-19 19:49:27,019 INFO: UPXI,2024-05-24,Hammer
2025-10-19 19:49:27,019 INFO: UPXI,2024-05-31,Morning Star
2025-10-19 19:49:27,019 INFO: UPXI,2024-06-24,Three White Soldiers
2025-10-19 19:49:27,019 INFO: UPXI,2024-07-10,Morning Star
2025-10-19 19:49:27,019 INFO: UPXI,2024-07-26,Hammer
2025-10-19 19:49:27,019 INFO: UPXI,2024-09-18,Morning Star
2025-10-19 19:49:27,019 INFO: UPXI,2024-09-24,Morning Star
2025-10-19 19:49:27,019 INFO: UPXI,2024-09-25,Three White Soldiers
2025-10-19 19:49:27,019 INFO: UPXI,2024-09-27,Hammer
2025-10-19 19:49:27,019 INFO: UPXI,2024-10-11,Bullish Engulfing
2025-10-19 19:49:27,019 INFO: UPXI,2024-10-11,Morning Star
2025-10-19 19:49:27,019 INFO: UPXI,2024-10-18,Bullish Engulfing
2025-10-19 19:49:27,019 INFO: UPXI,2024-10-22,Three White Soldiers
2025-10-19 19:49:27,019 INFO: UPXI,2024-10-29,Bullish Engulfing
2025-10-19 19:49:27,019 INFO: UPXI,2024-11-20,Morning Star
2025-10-19 19:49:27,019 INFO: UPXI,2024-11-22,Three White Soldiers
2025-10-19 19:49:27,019 INFO: UPXI,2024-12-11,Hammer
2025-10-19 19:49:27,019 INFO: UPXI,2024-12-12,Bullish Engulfing
2025-10-19 19:49:27,019 INFO: UPXI,2024-12-17,Bullish Engulfing
2025-10-19 19:49:27,019 INFO: UPXI,2024-12-26,Hammer
2025-10-19 19:49:27,019 INFO: UPXI,2025-01-06,Three White Soldiers
2025-10-19 19:49:27,019 INFO: UPXI,2025-01-14,Bullish Engulfing
2025-10-19 19:49:27,019 INFO: UPXI,2025-01-24,Three White Soldiers
2025-10-19 19:49:27,019 INFO: UPXI,2025-01-29,Hammer
2025-10-19 19:49:27,019 INFO: UPXI,2025-02-12,Bullish Engulfing
2025-10-19 19:49:27,019 INFO: UPXI,2025-03-06,Morning Star
2025-10-19 19:49:27,019 INFO: UPXI,2025-03-14,Piercing Pattern
2025-10-19 19:49:27,019 INFO: UPXI,2025-04-01,Piercing Pattern
2025-10-19 19:49:27,019 INFO: UPXI,2025-04-08,Bullish Engulfing
2025-10-19 19:49:27,019 INFO: UPXI,2025-04-09,Hammer
2025-10-19 19:49:27,019 INFO: UPXI,2025-04-14,Three White Soldiers
2025-10-19 19:49:27,019 INFO: UPXI,2025-04-15,Three White Soldiers
2025-10-19 19:49:27,020 INFO: UPXI,2025-04-24,Bullish Engulfing
2025-10-19 19:49:27,020 INFO: UPXI,2025-05-16,Morning Star
2025-10-19 19:49:27,020 INFO: UPXI,2025-05-22,Three White Soldiers
2025-10-19 19:49:27,020 INFO: UPXI,2025-05-29,Hammer
2025-10-19 19:49:27,020 INFO: UPXI,2025-05-30,Bullish Engulfing
2025-10-19 19:49:27,020 INFO: UPXI,2025-06-04,Bullish Engulfing
2025-10-19 19:49:27,020 INFO: UPXI,2025-06-18,Bullish Engulfing
2025-10-19 19:49:27,020 INFO: UPXI,2025-06-18,Morning Star
2025-10-19 19:49:27,020 INFO: UPXI,2025-07-03,Morning Star
2025-10-19 19:49:27,020 INFO: UPXI,2025-07-25,Hammer
2025-10-19 19:49:27,020 INFO: UPXI,2025-08-05,Three White Soldiers
2025-10-19 19:49:27,020 INFO: UPXI,2025-08-06,Three White Soldiers
2025-10-19 19:49:27,020 INFO: UPXI,2025-08-12,Bullish Engulfing
2025-10-19 19:49:27,020 INFO: UPXI,2025-08-26,Bullish Engulfing
2025-10-19 19:49:27,020 INFO: UPXI,2025-09-04,Hammer
2025-10-19 19:49:27,020 INFO: UPXI,2025-09-18,Morning Star
2025-10-19 19:49:27,020 INFO: UPXI,2025-09-29,Morning Star
2025-10-19 19:49:27,020 INFO: URBN,2023-07-10,Three White Soldiers
2025-10-19 19:49:27,020 INFO: URBN,2023-07-11,Three White Soldiers
2025-10-19 19:49:27,020 INFO: URBN,2023-07-14,Dragonfly Doji
2025-10-19 19:49:27,020 INFO: URBN,2023-07-28,Three White Soldiers
2025-10-19 19:49:27,020 INFO: URBN,2023-07-31,Three White Soldiers
2025-10-19 19:49:27,020 INFO: URBN,2023-08-08,Piercing Pattern
2025-10-19 19:49:27,020 INFO: URBN,2023-08-18,Piercing Pattern
2025-10-19 19:49:27,020 INFO: URBN,2023-09-07,Piercing Pattern
2025-10-19 19:49:27,020 INFO: URBN,2023-09-27,Three White Soldiers
2025-10-19 19:49:27,020 INFO: URBN,2023-09-28,Three White Soldiers
2025-10-19 19:49:27,020 INFO: URBN,2023-10-05,Hammer
2025-10-19 19:49:27,020 INFO: URBN,2023-10-06,Bullish Engulfing
2025-10-19 19:49:27,020 INFO: URBN,2023-10-06,Morning Star
2025-10-19 19:49:27,020 INFO: URBN,2023-10-24,Morning Star
2025-10-19 19:49:27,020 INFO: URBN,2023-10-25,Three White Soldiers
2025-10-19 19:49:27,020 INFO: URBN,2023-10-26,Three White Soldiers
2025-10-19 19:49:27,020 INFO: URBN,2023-11-07,Piercing Pattern
2025-10-19 19:49:27,020 INFO: URBN,2023-11-21,Hammer
2025-10-19 19:49:27,020 INFO: URBN,2023-11-28,Three White Soldiers
2025-10-19 19:49:27,020 INFO: URBN,2023-11-29,Three White Soldiers
2025-10-19 19:49:27,020 INFO: URBN,2023-11-30,Hammer
2025-10-19 19:49:27,020 INFO: URBN,2023-11-30,Three White Soldiers
2025-10-19 19:49:27,020 INFO: URBN,2023-12-01,Three White Soldiers
2025-10-19 19:49:27,020 INFO: URBN,2023-12-07,Morning Star
2025-10-19 19:49:27,020 INFO: URBN,2023-12-08,Three White Soldiers
2025-10-19 19:49:27,020 INFO: URBN,2023-12-11,Three White Soldiers
2025-10-19 19:49:27,020 INFO: URBN,2023-12-14,Hammer
2025-10-19 19:49:27,020 INFO: URBN,2023-12-19,Morning Star
2025-10-19 19:49:27,020 INFO: URBN,2023-12-28,Piercing Pattern
2025-10-19 19:49:27,020 INFO: URBN,2024-01-08,Bullish Engulfing
2025-10-19 19:49:27,020 INFO: URBN,2024-01-11,Hammer
2025-10-19 19:49:27,020 INFO: URBN,2024-01-17,Hammer
2025-10-19 19:49:27,020 INFO: URBN,2024-02-07,Three White Soldiers
2025-10-19 19:49:27,020 INFO: URBN,2024-02-08,Three White Soldiers
2025-10-19 19:49:27,020 INFO: URBN,2024-02-09,Three White Soldiers
2025-10-19 19:49:27,020 INFO: URBN,2024-02-16,Bullish Engulfing
2025-10-19 19:49:27,020 INFO: URBN,2024-02-21,Three White Soldiers
2025-10-19 19:49:27,020 INFO: URBN,2024-02-22,Three White Soldiers
2025-10-19 19:49:27,020 INFO: URBN,2024-02-23,Three White Soldiers
2025-10-19 19:49:27,020 INFO: URBN,2024-02-26,Three White Soldiers
2025-10-19 19:49:27,020 INFO: URBN,2024-02-27,Three White Soldiers
2025-10-19 19:49:27,020 INFO: URBN,2024-03-01,Morning Star
2025-10-19 19:49:27,020 INFO: URBN,2024-03-05,Three White Soldiers
2025-10-19 19:49:27,020 INFO: URBN,2024-03-13,Bullish Engulfing
2025-10-19 19:49:27,020 INFO: URBN,2024-03-13,Morning Star
2025-10-19 19:49:27,020 INFO: URBN,2024-03-15,Three White Soldiers
2025-10-19 19:49:27,020 INFO: URBN,2024-03-21,Three White Soldiers
2025-10-19 19:49:27,020 INFO: URBN,2024-04-22,Morning Star
2025-10-19 19:49:27,020 INFO: URBN,2024-04-23,Three White Soldiers
2025-10-19 19:49:27,021 INFO: URBN,2024-04-26,Bullish Engulfing
2025-10-19 19:49:27,021 INFO: URBN,2024-04-26,Morning Star
2025-10-19 19:49:27,021 INFO: URBN,2024-05-06,Three White Soldiers
2025-10-19 19:49:27,021 INFO: URBN,2024-05-20,Piercing Pattern
2025-10-19 19:49:27,021 INFO: URBN,2024-05-24,Morning Star
2025-10-19 19:49:27,021 INFO: URBN,2024-05-30,Bullish Engulfing
2025-10-19 19:49:27,021 INFO: URBN,2024-05-31,Hammer
2025-10-19 19:49:27,021 INFO: URBN,2024-06-10,Bullish Engulfing
2025-10-19 19:49:27,021 INFO: URBN,2024-06-12,Three White Soldiers
2025-10-19 19:49:27,021 INFO: URBN,2024-06-13,Hammer
2025-10-19 19:49:27,021 INFO: URBN,2024-07-03,Bullish Engulfing
2025-10-19 19:49:27,021 INFO: URBN,2024-07-23,Piercing Pattern
2025-10-19 19:49:27,021 INFO: URBN,2024-07-26,Morning Star
2025-10-19 19:49:27,021 INFO: URBN,2024-08-09,Morning Star
2025-10-19 19:49:27,021 INFO: URBN,2024-08-21,Hammer
2025-10-19 19:49:27,021 INFO: URBN,2024-09-04,Morning Star
2025-10-19 19:49:27,021 INFO: URBN,2024-09-12,Morning Star
2025-10-19 19:49:27,021 INFO: URBN,2024-09-13,Three White Soldiers
2025-10-19 19:49:27,021 INFO: URBN,2024-09-16,Three White Soldiers
2025-10-19 19:49:27,021 INFO: URBN,2024-09-17,Three White Soldiers
2025-10-19 19:49:27,021 INFO: URBN,2024-09-18,Three White Soldiers
2025-10-19 19:49:27,021 INFO: URBN,2024-09-23,Hammer
2025-10-19 19:49:27,021 INFO: URBN,2024-09-27,Morning Star
2025-10-19 19:49:27,021 INFO: URBN,2024-10-11,Bullish Engulfing
2025-10-19 19:49:27,021 INFO: URBN,2024-10-15,Three White Soldiers
2025-10-19 19:49:27,021 INFO: URBN,2024-10-28,Morning Star
2025-10-19 19:49:27,021 INFO: URBN,2024-11-11,Three White Soldiers
2025-10-19 19:49:27,021 INFO: URBN,2024-11-22,Morning Star
2025-10-19 19:49:27,021 INFO: URBN,2024-11-25,Three White Soldiers
2025-10-19 19:49:27,021 INFO: URBN,2024-11-29,Three White Soldiers
2025-10-19 19:49:27,021 INFO: URBN,2024-12-02,Three White Soldiers
2025-10-19 19:49:27,021 INFO: URBN,2024-12-04,Bullish Engulfing
2025-10-19 19:49:27,021 INFO: URBN,2024-12-12,Three White Soldiers
2025-10-19 19:49:27,021 INFO: URBN,2024-12-13,Three White Soldiers
2025-10-19 19:49:27,021 INFO: URBN,2024-12-16,Three White Soldiers
2025-10-19 19:49:27,021 INFO: URBN,2024-12-17,Three White Soldiers
2025-10-19 19:49:27,021 INFO: URBN,2024-12-20,Bullish Engulfing
2025-10-19 19:49:27,021 INFO: URBN,2024-12-20,Morning Star
2025-10-19 19:49:27,021 INFO: URBN,2024-12-26,Bullish Engulfing
2025-10-19 19:49:27,021 INFO: URBN,2024-12-26,Morning Star
2025-10-19 19:49:27,021 INFO: URBN,2025-01-06,Three White Soldiers
2025-10-19 19:49:27,021 INFO: URBN,2025-01-30,Hammer
2025-10-19 19:49:27,021 INFO: URBN,2025-02-12,Bullish Engulfing
2025-10-19 19:49:27,021 INFO: URBN,2025-02-14,Hammer
2025-10-19 19:49:27,021 INFO: URBN,2025-02-19,Hammer
2025-10-19 19:49:27,021 INFO: URBN,2025-02-27,Morning Star
2025-10-19 19:49:27,021 INFO: URBN,2025-03-03,Three White Soldiers
2025-10-19 19:49:27,021 INFO: URBN,2025-03-05,Hammer
2025-10-19 19:49:27,021 INFO: URBN,2025-03-10,Bullish Engulfing
2025-10-19 19:49:27,021 INFO: URBN,2025-03-21,Piercing Pattern
2025-10-19 19:49:27,021 INFO: URBN,2025-03-28,Hammer
2025-10-19 19:49:27,021 INFO: URBN,2025-03-31,Bullish Engulfing
2025-10-19 19:49:27,021 INFO: URBN,2025-04-09,Bullish Engulfing
2025-10-19 19:49:27,021 INFO: URBN,2025-04-15,Morning Star
2025-10-19 19:49:27,021 INFO: URBN,2025-04-17,Bullish Engulfing
2025-10-19 19:49:27,021 INFO: URBN,2025-04-25,Morning Star
2025-10-19 19:49:27,021 INFO: URBN,2025-04-28,Hammer
2025-10-19 19:49:27,021 INFO: URBN,2025-04-28,Three White Soldiers
2025-10-19 19:49:27,021 INFO: URBN,2025-04-29,Three White Soldiers
2025-10-19 19:49:27,021 INFO: URBN,2025-05-02,Three White Soldiers
2025-10-19 19:49:27,022 INFO: URBN,2025-05-12,Morning Star
2025-10-19 19:49:27,022 INFO: URBN,2025-05-13,Three White Soldiers
2025-10-19 19:49:27,022 INFO: URBN,2025-05-14,Three White Soldiers
2025-10-19 19:49:27,022 INFO: URBN,2025-05-15,Three White Soldiers
2025-10-19 19:49:27,022 INFO: URBN,2025-05-16,Three White Soldiers
2025-10-19 19:49:27,022 INFO: URBN,2025-05-22,Morning Star
2025-10-19 19:49:27,022 INFO: URBN,2025-06-02,Bullish Engulfing
2025-10-19 19:49:27,022 INFO: URBN,2025-06-06,Hammer
2025-10-19 19:49:27,022 INFO: URBN,2025-06-12,Hammer
2025-10-19 19:49:27,022 INFO: URBN,2025-06-23,Hammer
2025-10-19 19:49:27,022 INFO: URBN,2025-07-08,Hammer
2025-10-19 19:49:27,022 INFO: URBN,2025-07-09,Hammer
2025-10-19 19:49:27,022 INFO: URBN,2025-07-09,Morning Star
2025-10-19 19:49:27,022 INFO: URBN,2025-07-14,Hammer
2025-10-19 19:49:27,022 INFO: URBN,2025-07-16,Hammer
2025-10-19 19:49:27,022 INFO: URBN,2025-07-17,Bullish Engulfing
2025-10-19 19:49:27,022 INFO: URBN,2025-07-17,Morning Star
2025-10-19 19:49:27,022 INFO: URBN,2025-07-28,Morning Star
2025-10-19 19:49:27,022 INFO: URBN,2025-08-01,Piercing Pattern
2025-10-19 19:49:27,022 INFO: URBN,2025-08-13,Three White Soldiers
2025-10-19 19:49:27,022 INFO: URBN,2025-08-15,Hammer
2025-10-19 19:49:27,022 INFO: URBN,2025-08-18,Dragonfly Doji
2025-10-19 19:49:27,022 INFO: URBN,2025-09-05,Hammer
2025-10-19 19:49:27,022 INFO: URBN,2025-09-09,Hammer
2025-10-19 19:49:27,022 INFO: URBN,2025-09-11,Bullish Engulfing
2025-10-19 19:49:27,022 INFO: URGN,2023-07-07,Three White Soldiers
2025-10-19 19:49:27,022 INFO: URGN,2023-07-17,Morning Star
2025-10-19 19:49:27,022 INFO: URGN,2023-07-20,Three White Soldiers
2025-10-19 19:49:27,022 INFO: URGN,2023-07-28,Three White Soldiers
2025-10-19 19:49:27,022 INFO: URGN,2023-08-03,Piercing Pattern
2025-10-19 19:49:27,022 INFO: URGN,2023-08-08,Bullish Engulfing
2025-10-19 19:49:27,022 INFO: URGN,2023-08-11,Morning Star
2025-10-19 19:49:27,022 INFO: URGN,2023-08-14,Three White Soldiers
2025-10-19 19:49:27,022 INFO: URGN,2023-08-21,Morning Star
2025-10-19 19:49:27,022 INFO: URGN,2023-09-01,Hammer
2025-10-19 19:49:27,022 INFO: URGN,2023-09-18,Three White Soldiers
2025-10-19 19:49:27,022 INFO: URGN,2023-09-25,Hammer
2025-10-19 19:49:27,022 INFO: URGN,2023-10-10,Bullish Engulfing
2025-10-19 19:49:27,022 INFO: URGN,2023-10-31,Bullish Engulfing
2025-10-19 19:49:27,022 INFO: URGN,2023-11-02,Three White Soldiers
2025-10-19 19:49:27,022 INFO: URGN,2023-11-07,Bullish Engulfing
2025-10-19 19:49:27,022 INFO: URGN,2023-11-13,Morning Star
2025-10-19 19:49:27,022 INFO: URGN,2023-11-16,Morning Star
2025-10-19 19:49:27,022 INFO: URGN,2023-11-17,Three White Soldiers
2025-10-19 19:49:27,022 INFO: URGN,2023-11-21,Bullish Engulfing
2025-10-19 19:49:27,022 INFO: URGN,2023-11-27,Hammer
2025-10-19 19:49:27,022 INFO: URGN,2023-11-28,Hammer
2025-10-19 19:49:27,022 INFO: URGN,2023-12-04,Bullish Engulfing
2025-10-19 19:49:27,022 INFO: URGN,2023-12-11,Hammer
2025-10-19 19:49:27,022 INFO: URGN,2023-12-12,Bullish Engulfing
2025-10-19 19:49:27,022 INFO: URGN,2023-12-28,Morning Star
2025-10-19 19:49:27,023 INFO: URGN,2024-01-05,Hammer
2025-10-19 19:49:27,023 INFO: URGN,2024-01-16,Hammer
2025-10-19 19:49:27,023 INFO: URGN,2024-01-17,Three White Soldiers
2025-10-19 19:49:27,023 INFO: URGN,2024-01-22,Morning Star
2025-10-19 19:49:27,023 INFO: URGN,2024-01-26,Morning Star
2025-10-19 19:49:27,023 INFO: URGN,2024-01-30,Hammer
2025-10-19 19:49:27,023 INFO: URGN,2024-02-07,Hammer
2025-10-19 19:49:27,023 INFO: URGN,2024-02-08,Three White Soldiers
2025-10-19 19:49:27,023 INFO: URGN,2024-02-09,Three White Soldiers
2025-10-19 19:49:27,023 INFO: URGN,2024-02-12,Three White Soldiers
2025-10-19 19:49:27,023 INFO: URGN,2024-02-16,Bullish Engulfing
2025-10-19 19:49:27,023 INFO: URGN,2024-02-26,Bullish Engulfing
2025-10-19 19:49:27,023 INFO: URGN,2024-03-01,Hammer
2025-10-19 19:49:27,023 INFO: URGN,2024-03-19,Morning Star
2025-10-19 19:49:27,023 INFO: URGN,2024-03-25,Three White Soldiers
2025-10-19 19:49:27,023 INFO: URGN,2024-04-11,Hammer
2025-10-19 19:49:27,023 INFO: URGN,2024-04-12,Morning Star
2025-10-19 19:49:27,023 INFO: URGN,2024-04-15,Hammer
2025-10-19 19:49:27,023 INFO: URGN,2024-05-10,Hammer
2025-10-19 19:49:27,023 INFO: URGN,2024-05-13,Bullish Engulfing
2025-10-19 19:49:27,023 INFO: URGN,2024-05-21,Piercing Pattern
2025-10-19 19:49:27,023 INFO: URGN,2024-06-05,Morning Star
2025-10-19 19:49:27,023 INFO: URGN,2024-07-05,Hammer
2025-10-19 19:49:27,023 INFO: URGN,2024-07-05,Morning Star
2025-10-19 19:49:27,023 INFO: URGN,2024-07-09,Three White Soldiers
2025-10-19 19:49:27,023 INFO: URGN,2024-07-23,Morning Star
2025-10-19 19:49:27,023 INFO: URGN,2024-08-08,Piercing Pattern
2025-10-19 19:49:27,023 INFO: URGN,2024-08-13,Bullish Engulfing
2025-10-19 19:49:27,023 INFO: URGN,2024-08-13,Morning Star
2025-10-19 19:49:27,023 INFO: URGN,2024-09-04,Bullish Engulfing
2025-10-19 19:49:27,023 INFO: URGN,2024-09-11,Bullish Engulfing
2025-10-19 19:49:27,023 INFO: URGN,2024-09-19,Morning Star
2025-10-19 19:49:27,023 INFO: URGN,2024-10-02,Piercing Pattern
2025-10-19 19:49:27,023 INFO: URGN,2024-10-11,Morning Star
2025-10-19 19:49:27,023 INFO: URGN,2024-10-16,Morning Star
2025-10-19 19:49:27,023 INFO: URGN,2024-10-17,Three White Soldiers
2025-10-19 19:49:27,023 INFO: URGN,2024-10-29,Piercing Pattern
2025-10-19 19:49:27,023 INFO: URGN,2024-11-19,Piercing Pattern
2025-10-19 19:49:27,023 INFO: URGN,2024-11-21,Three White Soldiers
2025-10-19 19:49:27,023 INFO: URGN,2024-11-22,Three White Soldiers
2025-10-19 19:49:27,023 INFO: URGN,2024-11-25,Three White Soldiers
2025-10-19 19:49:27,023 INFO: URGN,2024-12-10,Hammer
2025-10-19 19:49:27,023 INFO: URGN,2024-12-13,Hammer
2025-10-19 19:49:27,023 INFO: URGN,2024-12-26,Three White Soldiers
2025-10-19 19:49:27,023 INFO: URGN,2025-01-16,Hammer
2025-10-19 19:49:27,023 INFO: URGN,2025-01-23,Hammer
2025-10-19 19:49:27,023 INFO: URGN,2025-01-27,Three White Soldiers
2025-10-19 19:49:27,023 INFO: URGN,2025-01-28,Three White Soldiers
2025-10-19 19:49:27,023 INFO: URGN,2025-01-29,Three White Soldiers
2025-10-19 19:49:27,024 INFO: URGN,2025-01-30,Three White Soldiers
2025-10-19 19:49:27,024 INFO: URGN,2025-02-03,Piercing Pattern
2025-10-19 19:49:27,024 INFO: URGN,2025-02-05,Three White Soldiers
2025-10-19 19:49:27,024 INFO: URGN,2025-02-14,Three White Soldiers
2025-10-19 19:49:27,024 INFO: URGN,2025-02-28,Bullish Engulfing
2025-10-19 19:49:27,024 INFO: URGN,2025-02-28,Morning Star
2025-10-19 19:49:27,024 INFO: URGN,2025-03-04,Bullish Engulfing
2025-10-19 19:49:27,024 INFO: URGN,2025-03-06,Three White Soldiers
2025-10-19 19:49:27,024 INFO: URGN,2025-03-13,Piercing Pattern
2025-10-19 19:49:27,024 INFO: URGN,2025-03-17,Three White Soldiers
2025-10-19 19:49:27,024 INFO: URGN,2025-03-18,Three White Soldiers
2025-10-19 19:49:27,024 INFO: URGN,2025-03-19,Three White Soldiers
2025-10-19 19:49:27,024 INFO: URGN,2025-03-20,Three White Soldiers
2025-10-19 19:49:27,024 INFO: URGN,2025-03-21,Three White Soldiers
2025-10-19 19:49:27,024 INFO: URGN,2025-04-02,Bullish Engulfing
2025-10-19 19:49:27,024 INFO: URGN,2025-04-09,Piercing Pattern
2025-10-19 19:49:27,024 INFO: URGN,2025-04-11,Bullish Engulfing
2025-10-19 19:49:27,024 INFO: URGN,2025-04-15,Three White Soldiers
2025-10-19 19:49:27,024 INFO: URGN,2025-04-22,Morning Star
2025-10-19 19:49:27,024 INFO: URGN,2025-04-30,Bullish Engulfing
2025-10-19 19:49:27,024 INFO: URGN,2025-05-01,Hammer
2025-10-19 19:49:27,024 INFO: URGN,2025-05-08,Morning Star
2025-10-19 19:49:27,024 INFO: URGN,2025-05-12,Bullish Engulfing
2025-10-19 19:49:27,024 INFO: URGN,2025-05-22,Hammer
2025-10-19 19:49:27,024 INFO: URGN,2025-05-23,Bullish Engulfing
2025-10-19 19:49:27,024 INFO: URGN,2025-06-03,Three White Soldiers
2025-10-19 19:49:27,024 INFO: URGN,2025-06-11,Morning Star
2025-10-19 19:49:27,024 INFO: URGN,2025-06-13,Three White Soldiers
2025-10-19 19:49:27,024 INFO: URGN,2025-06-16,Three White Soldiers
2025-10-19 19:49:27,024 INFO: URGN,2025-07-03,Morning Star
2025-10-19 19:49:27,024 INFO: URGN,2025-07-10,Bullish Engulfing
2025-10-19 19:49:27,024 INFO: URGN,2025-07-14,Bullish Engulfing
2025-10-19 19:49:27,024 INFO: URGN,2025-07-17,Morning Star
2025-10-19 19:49:27,024 INFO: URGN,2025-07-22,Morning Star
2025-10-19 19:49:27,024 INFO: URGN,2025-07-23,Three White Soldiers
2025-10-19 19:49:27,024 INFO: URGN,2025-07-25,Bullish Engulfing
2025-10-19 19:49:27,024 INFO: URGN,2025-07-30,Morning Star
2025-10-19 19:49:27,024 INFO: URGN,2025-08-01,Bullish Engulfing
2025-10-19 19:49:27,024 INFO: URGN,2025-08-05,Three White Soldiers
2025-10-19 19:49:27,024 INFO: URGN,2025-08-07,Hammer
2025-10-19 19:49:27,024 INFO: URGN,2025-08-13,Three White Soldiers
2025-10-19 19:49:27,024 INFO: URGN,2025-08-29,Piercing Pattern
2025-10-19 19:49:27,024 INFO: URGN,2025-09-08,Morning Star
2025-10-19 19:49:27,024 INFO: URNJ,2023-07-11,Three White Soldiers
2025-10-19 19:49:27,024 INFO: URNJ,2023-07-12,Three White Soldiers
2025-10-19 19:49:27,024 INFO: URNJ,2023-07-13,Three White Soldiers
2025-10-19 19:49:27,024 INFO: URNJ,2023-07-25,Morning Star
2025-10-19 19:49:27,024 INFO: URNJ,2023-07-31,Morning Star
2025-10-19 19:49:27,024 INFO: URNJ,2023-08-01,Hammer
2025-10-19 19:49:27,024 INFO: URNJ,2023-08-04,Morning Star
2025-10-19 19:49:27,024 INFO: URNJ,2023-08-07,Three White Soldiers
2025-10-19 19:49:27,024 INFO: URNJ,2023-08-08,Hammer
2025-10-19 19:49:27,024 INFO: URNJ,2023-08-11,Bullish Engulfing
2025-10-19 19:49:27,024 INFO: URNJ,2023-08-14,Hammer
2025-10-19 19:49:27,024 INFO: URNJ,2023-08-29,Hammer
2025-10-19 19:49:27,024 INFO: URNJ,2023-09-05,Morning Star
2025-10-19 19:49:27,024 INFO: URNJ,2023-09-13,Three White Soldiers
2025-10-19 19:49:27,024 INFO: URNJ,2023-09-14,Three White Soldiers
2025-10-19 19:49:27,024 INFO: URNJ,2023-09-18,Hammer
2025-10-19 19:49:27,024 INFO: URNJ,2023-10-06,Three White Soldiers
2025-10-19 19:49:27,024 INFO: URNJ,2023-10-23,Piercing Pattern
2025-10-19 19:49:27,024 INFO: URNJ,2023-10-31,Morning Star
2025-10-19 19:49:27,024 INFO: URNJ,2023-11-01,Three White Soldiers
2025-10-19 19:49:27,024 INFO: URNJ,2023-11-02,Three White Soldiers
2025-10-19 19:49:27,024 INFO: URNJ,2023-11-09,Piercing Pattern
2025-10-19 19:49:27,024 INFO: URNJ,2023-11-10,Dragonfly Doji
2025-10-19 19:49:27,025 INFO: URNJ,2023-11-16,Piercing Pattern
2025-10-19 19:49:27,025 INFO: URNJ,2023-11-20,Hammer
2025-10-19 19:49:27,025 INFO: URNJ,2023-11-20,Three White Soldiers
2025-10-19 19:49:27,025 INFO: URNJ,2023-11-22,Dragonfly Doji
2025-10-19 19:49:27,025 INFO: URNJ,2023-11-24,Morning Star
2025-10-19 19:49:27,025 INFO: URNJ,2023-11-30,Bullish Engulfing
2025-10-19 19:49:27,025 INFO: URNJ,2023-12-04,Hammer
2025-10-19 19:49:27,025 INFO: URNJ,2023-12-07,Dragonfly Doji
2025-10-19 19:49:27,025 INFO: URNJ,2023-12-08,Morning Star
2025-10-19 19:49:27,025 INFO: URNJ,2023-12-12,Hammer
2025-10-19 19:49:27,025 INFO: URNJ,2023-12-26,Three White Soldiers
2025-10-19 19:49:27,025 INFO: URNJ,2023-12-29,Bullish Engulfing
2025-10-19 19:49:27,025 INFO: URNJ,2024-01-04,Bullish Engulfing
2025-10-19 19:49:27,025 INFO: URNJ,2024-01-10,Three White Soldiers
2025-10-19 19:49:27,025 INFO: URNJ,2024-01-11,Hammer
2025-10-19 19:49:27,025 INFO: URNJ,2024-01-11,Three White Soldiers
2025-10-19 19:49:27,025 INFO: URNJ,2024-01-12,Three White Soldiers
2025-10-19 19:49:27,025 INFO: URNJ,2024-01-18,Hammer
2025-10-19 19:49:27,025 INFO: URNJ,2024-01-30,Three White Soldiers
2025-10-19 19:49:27,025 INFO: URNJ,2024-02-07,Bullish Engulfing
2025-10-19 19:49:27,025 INFO: URNJ,2024-02-07,Morning Star
2025-10-19 19:49:27,025 INFO: URNJ,2024-02-12,Piercing Pattern
2025-10-19 19:49:27,025 INFO: URNJ,2024-03-07,Morning Star
2025-10-19 19:49:27,025 INFO: URNJ,2024-03-11,Hammer
2025-10-19 19:49:27,025 INFO: URNJ,2024-03-11,Dragonfly Doji
2025-10-19 19:49:27,025 INFO: URNJ,2024-03-12,Bullish Engulfing
2025-10-19 19:49:27,025 INFO: URNJ,2024-03-15,Morning Star
2025-10-19 19:49:27,025 INFO: URNJ,2024-03-20,Morning Star
2025-10-19 19:49:27,025 INFO: URNJ,2024-03-27,Bullish Engulfing
2025-10-19 19:49:27,025 INFO: URNJ,2024-04-01,Three White Soldiers
2025-10-19 19:49:27,025 INFO: URNJ,2024-04-02,Three White Soldiers
2025-10-19 19:49:27,025 INFO: URNJ,2024-04-03,Three White Soldiers
2025-10-19 19:49:27,025 INFO: URNJ,2024-04-10,Bullish Engulfing
2025-10-19 19:49:27,025 INFO: URNJ,2024-04-16,Hammer
2025-10-19 19:49:27,025 INFO: URNJ,2024-04-25,Piercing Pattern
2025-10-19 19:49:27,025 INFO: URNJ,2024-05-02,Morning Star
2025-10-19 19:49:27,025 INFO: URNJ,2024-05-06,Three White Soldiers
2025-10-19 19:49:27,025 INFO: URNJ,2024-05-15,Morning Star
2025-10-19 19:49:27,025 INFO: URNJ,2024-05-20,Three White Soldiers
2025-10-19 19:49:27,033 INFO: URNJ,2024-05-28,Morning Star
2025-10-19 19:49:27,033 INFO: URNJ,2024-05-29,Hammer
2025-10-19 19:49:27,033 INFO: URNJ,2024-06-13,Morning Star
2025-10-19 19:49:27,033 INFO: URNJ,2024-06-18,Bullish Engulfing
2025-10-19 19:49:27,081 INFO: URNJ,2024-06-18,Morning Star
2025-10-19 19:49:27,132 INFO: URNJ,2024-06-26,Piercing Pattern
2025-10-19 19:49:27,132 INFO: URNJ,2024-07-11,Three White Soldiers
2025-10-19 19:49:27,133 INFO: URNJ,2024-07-23,Hammer
2025-10-19 19:49:27,133 INFO: URNJ,2024-07-30,Piercing Pattern
2025-10-19 19:49:27,133 INFO: URNJ,2024-08-13,Hammer
2025-10-19 19:49:27,133 INFO: URNJ,2024-08-27,Hammer
2025-10-19 19:49:27,133 INFO: URNJ,2024-08-30,Hammer
2025-10-19 19:49:27,133 INFO: URNJ,2024-09-10,Morning Star
2025-10-19 19:49:27,133 INFO: URNJ,2024-09-11,Three White Soldiers
2025-10-19 19:49:27,134 INFO: URNJ,2024-09-12,Three White Soldiers
2025-10-19 19:49:27,134 INFO: URNJ,2024-09-19,Hammer
2025-10-19 19:49:27,134 INFO: URNJ,2024-09-24,Hammer
2025-10-19 19:49:27,134 INFO: URNJ,2024-09-24,Three White Soldiers
2025-10-19 19:49:27,134 INFO: URNJ,2024-10-14,Dragonfly Doji
2025-10-19 19:49:27,135 INFO: URNJ,2024-10-15,Hammer
2025-10-19 19:49:27,136 INFO: URNJ,2024-11-19,Three White Soldiers
2025-10-19 19:49:27,136 INFO: URNJ,2024-12-05,Bullish Engulfing
2025-10-19 19:49:27,136 INFO: URNJ,2024-12-11,Morning Star
2025-10-19 19:49:27,136 INFO: URNJ,2024-12-27,Morning Star
2025-10-19 19:49:27,136 INFO: URNJ,2025-01-08,Hammer
2025-10-19 19:49:27,136 INFO: URNJ,2025-01-22,Three White Soldiers
2025-10-19 19:49:27,136 INFO: URNJ,2025-01-23,Three White Soldiers
2025-10-19 19:49:27,136 INFO: URNJ,2025-01-29,Morning Star
2025-10-19 19:49:27,136 INFO: URNJ,2025-01-30,Three White Soldiers
2025-10-19 19:49:27,166 INFO: URNJ,2025-02-12,Bullish Engulfing
2025-10-19 19:49:27,167 INFO: URNJ,2025-03-11,Piercing Pattern
2025-10-19 19:49:27,168 INFO: URNJ,2025-03-18,Hammer
2025-10-19 19:49:27,168 INFO: URNJ,2025-04-01,Hammer
2025-10-19 19:49:27,198 INFO: URNJ,2025-04-02,Hammer
2025-10-19 19:49:27,198 INFO: URNJ,2025-04-16,Piercing Pattern
2025-10-19 19:49:27,198 INFO: URNJ,2025-04-23,Morning Star
2025-10-19 19:49:27,199 INFO: URNJ,2025-05-02,Three White Soldiers
2025-10-19 19:49:27,199 INFO: URNJ,2025-05-06,Bullish Engulfing
2025-10-19 19:49:27,199 INFO: URNJ,2025-05-09,Hammer
2025-10-19 19:49:27,199 INFO: URNJ,2025-06-04,Hammer
2025-10-19 19:49:27,199 INFO: URNJ,2025-06-06,Hammer
2025-10-19 19:49:27,199 INFO: URNJ,2025-06-13,Bullish Engulfing
2025-10-19 19:49:27,199 INFO: URNJ,2025-07-03,Hammer
2025-10-19 19:49:27,199 INFO: URNJ,2025-07-07,Hammer
2025-10-19 19:49:27,199 INFO: URNJ,2025-07-14,Three White Soldiers
2025-10-19 19:49:27,257 INFO: URNJ,2025-07-15,Hammer
2025-10-19 19:49:27,258 INFO: URNJ,2025-07-15,Three White Soldiers
2025-10-19 19:49:27,258 INFO: URNJ,2025-07-16,Three White Soldiers
2025-10-19 19:49:27,258 INFO: URNJ,2025-07-17,Three White Soldiers
2025-10-19 19:49:27,258 INFO: URNJ,2025-08-01,Dragonfly Doji
2025-10-19 19:49:27,258 INFO: URNJ,2025-08-04,Morning Star
2025-10-19 19:49:27,258 INFO: URNJ,2025-08-05,Hammer
2025-10-19 19:49:27,258 INFO: URNJ,2025-08-05,Three White Soldiers
2025-10-19 19:49:27,258 INFO: URNJ,2025-08-06,Three White Soldiers
2025-10-19 19:49:27,258 INFO: URNJ,2025-08-12,Morning Star
2025-10-19 19:49:27,258 INFO: URNJ,2025-08-25,Three White Soldiers
2025-10-19 19:49:27,259 INFO: URNJ,2025-08-26,Three White Soldiers
2025-10-19 19:49:27,259 INFO: URNJ,2025-09-02,Bullish Engulfing
2025-10-19 19:49:27,259 INFO: URNJ,2025-09-03,Hammer
2025-10-19 19:49:27,259 INFO: URNJ,2025-09-05,Dragonfly Doji
2025-10-19 19:49:27,259 INFO: URNJ,2025-09-08,Morning Star
2025-10-19 19:49:27,259 INFO: URNJ,2025-09-10,Three White Soldiers
2025-10-19 19:49:27,259 INFO: URNJ,2025-09-18,Hammer
2025-10-19 19:49:27,259 INFO: URNJ,2025-09-18,Dragonfly Doji
2025-10-19 19:49:27,260 INFO: URNJ,2025-09-19,Bullish Engulfing
2025-10-19 19:49:27,260 INFO: URNJ,2025-09-23,Three White Soldiers
2025-10-19 19:49:27,260 INFO: URNJ,2025-09-25,Bullish Engulfing
2025-10-19 19:49:27,260 INFO: UROY,2023-07-17,Piercing Pattern
2025-10-19 19:49:27,260 INFO: UROY,2023-07-31,Morning Star
2025-10-19 19:49:27,260 INFO: UROY,2023-08-02,Hammer
2025-10-19 19:49:27,260 INFO: UROY,2023-08-08,Hammer
2025-10-19 19:49:27,260 INFO: UROY,2023-08-11,Piercing Pattern
2025-10-19 19:49:27,260 INFO: UROY,2023-08-14,Hammer
2025-10-19 19:49:27,260 INFO: UROY,2023-08-18,Morning Star
2025-10-19 19:49:27,260 INFO: UROY,2023-08-22,Hammer
2025-10-19 19:49:27,260 INFO: UROY,2023-08-25,Piercing Pattern
2025-10-19 19:49:27,260 INFO: UROY,2023-09-11,Morning Star
2025-10-19 19:49:27,261 INFO: UROY,2023-09-12,Three White Soldiers
2025-10-19 19:49:27,261 INFO: UROY,2023-09-13,Three White Soldiers
2025-10-19 19:49:27,261 INFO: UROY,2023-09-14,Three White Soldiers
2025-10-19 19:49:27,261 INFO: UROY,2023-09-18,Bullish Engulfing
2025-10-19 19:49:27,261 INFO: UROY,2023-09-28,Piercing Pattern
2025-10-19 19:49:27,261 INFO: UROY,2023-10-06,Three White Soldiers
2025-10-19 19:49:27,261 INFO: UROY,2023-10-20,Three White Soldiers
2025-10-19 19:49:27,261 INFO: UROY,2023-11-07,Bullish Engulfing
2025-10-19 19:49:27,261 INFO: UROY,2023-11-13,Three White Soldiers
2025-10-19 19:49:27,262 INFO: UROY,2023-11-17,Morning Star
2025-10-19 19:49:27,262 INFO: UROY,2023-11-22,Morning Star
2025-10-19 19:49:27,262 INFO: UROY,2023-12-07,Hammer
2025-10-19 19:49:27,262 INFO: UROY,2023-12-12,Hammer
2025-10-19 19:49:27,262 INFO: UROY,2023-12-14,Bullish Engulfing
2025-10-19 19:49:27,262 INFO: UROY,2024-01-09,Morning Star
2025-10-19 19:49:27,262 INFO: UROY,2024-01-16,Three White Soldiers
2025-10-19 19:49:27,262 INFO: UROY,2024-01-17,Three White Soldiers
2025-10-19 19:49:27,262 INFO: UROY,2024-01-18,Hammer
2025-10-19 19:49:27,262 INFO: UROY,2024-01-19,Hammer
2025-10-19 19:49:27,262 INFO: UROY,2024-01-23,Piercing Pattern
2025-10-19 19:49:27,262 INFO: UROY,2024-01-30,Bullish Engulfing
2025-10-19 19:49:27,264 INFO: UROY,2024-02-07,Piercing Pattern
2025-10-19 19:49:27,264 INFO: UROY,2024-03-01,Morning Star
2025-10-19 19:49:27,290 INFO: UROY,2024-03-20,Morning Star
2025-10-19 19:49:27,320 INFO: UROY,2024-04-02,Hammer
2025-10-19 19:49:27,321 INFO: UROY,2024-04-03,Three White Soldiers
2025-10-19 19:49:27,321 INFO: UROY,2024-04-26,Morning Star
2025-10-19 19:49:27,321 INFO: UROY,2024-04-29,Three White Soldiers
2025-10-19 19:49:27,322 INFO: UROY,2024-05-14,Bullish Engulfing
2025-10-19 19:49:27,322 INFO: UROY,2024-05-16,Hammer
2025-10-19 19:49:27,322 INFO: UROY,2024-06-06,Morning Star
2025-10-19 19:49:27,322 INFO: UROY,2024-06-13,Bullish Engulfing
2025-10-19 19:49:27,322 INFO: UROY,2024-06-13,Morning Star
2025-10-19 19:49:27,322 INFO: UROY,2024-06-18,Bullish Engulfing
2025-10-19 19:49:27,322 INFO: UROY,2024-06-18,Morning Star
2025-10-19 19:49:27,352 INFO: UROY,2024-07-03,Bullish Engulfing
2025-10-19 19:49:27,381 INFO: UROY,2024-07-11,Three White Soldiers
2025-10-19 19:49:27,383 INFO: UROY,2024-07-12,Three White Soldiers
2025-10-19 19:49:27,383 INFO: UROY,2024-07-23,Hammer
2025-10-19 19:49:27,384 INFO: UROY,2024-07-31,Morning Star
2025-10-19 19:49:27,384 INFO: UROY,2024-08-02,Hammer
2025-10-19 19:49:27,428 INFO: UROY,2024-09-12,Three White Soldiers
2025-10-19 19:49:27,473 INFO: UROY,2024-09-17,Morning Star
2025-10-19 19:49:27,502 INFO: UROY,2024-10-01,Morning Star
2025-10-19 19:49:27,531 INFO: UROY,2024-10-14,Three White Soldiers
2025-10-19 19:49:27,531 INFO: UROY,2024-10-15,Three White Soldiers
2025-10-19 19:49:27,531 INFO: UROY,2024-10-24,Hammer
2025-10-19 19:49:27,531 INFO: UROY,2024-10-30,Piercing Pattern
2025-10-19 19:49:27,531 INFO: UROY,2024-11-11,Hammer
2025-10-19 19:49:27,531 INFO: UROY,2024-11-18,Three White Soldiers
2025-10-19 19:49:27,531 INFO: UROY,2024-11-19,Three White Soldiers
2025-10-19 19:49:27,531 INFO: UROY,2024-12-05,Bullish Engulfing
2025-10-19 19:49:27,531 INFO: UROY,2024-12-11,Hammer
2025-10-19 19:49:27,531 INFO: UROY,2024-12-20,Piercing Pattern
2025-10-19 19:49:27,531 INFO: UROY,2024-12-23,Hammer
2025-10-19 19:49:27,531 INFO: UROY,2024-12-27,Hammer
2025-10-19 19:49:27,531 INFO: UROY,2025-01-02,Three White Soldiers
2025-10-19 19:49:27,532 INFO: UROY,2025-01-22,Three White Soldiers
2025-10-19 19:49:27,532 INFO: UROY,2025-02-13,Hammer
2025-10-19 19:49:27,532 INFO: UROY,2025-03-12,Morning Star
2025-10-19 19:49:27,532 INFO: UROY,2025-03-13,Hammer
2025-10-19 19:49:27,533 INFO: UROY,2025-04-01,Morning Star
2025-10-19 19:49:27,533 INFO: UROY,2025-04-04,Hammer
2025-10-19 19:49:27,533 INFO: UROY,2025-04-16,Morning Star
2025-10-19 19:49:27,534 INFO: UROY,2025-04-25,Hammer
2025-10-19 19:49:27,534 INFO: UROY,2025-04-28,Bullish Engulfing
2025-10-19 19:49:27,534 INFO: UROY,2025-05-02,Three White Soldiers
2025-10-19 19:49:27,534 INFO: UROY,2025-05-21,Three White Soldiers
2025-10-19 19:49:27,534 INFO: UROY,2025-06-06,Hammer
2025-10-19 19:49:27,534 INFO: UROY,2025-06-13,Bullish Engulfing
2025-10-19 19:49:27,534 INFO: UROY,2025-06-17,Hammer
2025-10-19 19:49:27,534 INFO: UROY,2025-06-30,Bullish Engulfing
2025-10-19 19:49:27,534 INFO: UROY,2025-07-10,Piercing Pattern
2025-10-19 19:49:27,534 INFO: UROY,2025-07-14,Three White Soldiers
2025-10-19 19:49:27,534 INFO: UROY,2025-07-15,Three White Soldiers
2025-10-19 19:49:27,534 INFO: UROY,2025-07-16,Three White Soldiers
2025-10-19 19:49:27,534 INFO: UROY,2025-07-17,Three White Soldiers
2025-10-19 19:49:27,534 INFO: UROY,2025-07-22,Three White Soldiers
2025-10-19 19:49:27,534 INFO: UROY,2025-07-23,Dragonfly Doji
2025-10-19 19:49:27,534 INFO: UROY,2025-07-25,Hammer
2025-10-19 19:49:27,535 INFO: UROY,2025-08-06,Three White Soldiers
2025-10-19 19:49:27,535 INFO: UROY,2025-08-14,Bullish Engulfing
2025-10-19 19:49:27,562 INFO: UROY,2025-08-15,Hammer
2025-10-19 19:49:27,562 INFO: UROY,2025-08-22,Morning Star
2025-10-19 19:49:27,594 INFO: UROY,2025-08-25,Three White Soldiers
2025-10-19 19:49:27,595 INFO: UROY,2025-08-26,Three White Soldiers
2025-10-19 19:49:27,595 INFO: UROY,2025-08-28,Bullish Engulfing
2025-10-19 19:49:27,595 INFO: UROY,2025-09-02,Bullish Engulfing
2025-10-19 19:49:27,595 INFO: UROY,2025-09-03,Hammer
2025-10-19 19:49:27,595 INFO: UROY,2025-09-05,Hammer
2025-10-19 19:49:27,595 INFO: UROY,2025-09-18,Hammer
2025-10-19 19:49:27,595 INFO: UROY,2025-09-19,Three White Soldiers
2025-10-19 19:49:27,595 INFO: UROY,2025-09-22,Three White Soldiers
2025-10-19 19:49:27,596 INFO: USAF,2024-12-03,Hammer
2025-10-19 19:49:27,596 INFO: USAF,2024-12-23,Hammer
2025-10-19 19:49:27,596 INFO: USAF,2024-12-24,Bullish Engulfing
2025-10-19 19:49:27,628 INFO: USAF,2024-12-31,Hammer
2025-10-19 19:49:27,660 INFO: USAF,2025-01-13,Hammer
2025-10-19 19:49:27,660 INFO: USAF,2025-01-13,Dragonfly Doji
2025-10-19 19:49:27,660 INFO: USAF,2025-01-15,Three White Soldiers
2025-10-19 19:49:27,660 INFO: USAF,2025-01-16,Three White Soldiers
2025-10-19 19:49:27,661 INFO: USAF,2025-01-21,Bullish Engulfing
2025-10-19 19:49:27,661 INFO: USAF,2025-01-22,Hammer
2025-10-19 19:49:27,661 INFO: USAF,2025-02-18,Piercing Pattern
2025-10-19 19:49:27,661 INFO: USAF,2025-03-04,Piercing Pattern
2025-10-19 19:49:27,694 INFO: USAF,2025-03-17,Morning Star
2025-10-19 19:49:27,696 INFO: USAF,2025-03-18,Three White Soldiers
2025-10-19 19:49:27,728 INFO: USAF,2025-04-02,Hammer
2025-10-19 19:49:27,732 INFO: USAF,2025-04-10,Morning Star
2025-10-19 19:49:27,732 INFO: USAF,2025-04-11,Hammer
2025-10-19 19:49:27,732 INFO: USAF,2025-04-14,Hammer
2025-10-19 19:49:27,732 INFO: USAF,2025-04-25,Hammer
2025-10-19 19:49:27,732 INFO: USAF,2025-05-05,Bullish Engulfing
2025-10-19 19:49:27,732 INFO: USAF,2025-05-23,Bullish Engulfing
2025-10-19 19:49:27,732 INFO: USAF,2025-06-02,Bullish Engulfing
2025-10-19 19:49:27,732 INFO: USAF,2025-06-13,Bullish Engulfing
2025-10-19 19:49:27,732 INFO: USAF,2025-06-24,Hammer
2025-10-19 19:49:27,732 INFO: USAF,2025-07-02,Piercing Pattern
2025-10-19 19:49:27,732 INFO: USAF,2025-07-15,Hammer
2025-10-19 19:49:27,732 INFO: USAF,2025-08-04,Morning Star
2025-10-19 19:49:27,732 INFO: USAF,2025-08-07,Hammer
2025-10-19 19:49:27,732 INFO: USAF,2025-08-07,Morning Star
2025-10-19 19:49:27,732 INFO: USAF,2025-08-07,Dragonfly Doji
2025-10-19 19:49:27,732 INFO: USAF,2025-08-12,Bullish Engulfing
2025-10-19 19:49:27,732 INFO: USAF,2025-08-15,Dragonfly Doji
2025-10-19 19:49:27,733 INFO: USAF,2025-08-21,Hammer
2025-10-19 19:49:27,733 INFO: USAF,2025-08-21,Morning Star
2025-10-19 19:49:27,733 INFO: USAF,2025-08-21,Dragonfly Doji
2025-10-19 19:49:27,733 INFO: USAF,2025-08-22,Morning Star
2025-10-19 19:49:27,733 INFO: USAF,2025-09-04,Hammer
2025-10-19 19:49:27,733 INFO: USAF,2025-09-04,Dragonfly Doji
2025-10-19 19:49:27,733 INFO: USAF,2025-09-12,Morning Star
2025-10-19 19:49:27,733 INFO: USAF,2025-09-18,Hammer
2025-10-19 19:49:27,733 INFO: USAF,2025-09-18,Dragonfly Doji
2025-10-19 19:49:27,733 INFO: USAF,2025-09-19,Morning Star
2025-10-19 19:49:27,733 INFO: USAR,2023-07-19,Morning Star
2025-10-19 19:49:27,733 INFO: USAR,2023-07-20,Three White Soldiers
2025-10-19 19:49:27,733 INFO: USAR,2023-09-12,Dragonfly Doji
2025-10-19 19:49:27,733 INFO: USAR,2023-11-07,Hammer
2025-10-19 19:49:27,733 INFO: USAR,2023-12-05,Dragonfly Doji
2025-10-19 19:49:27,733 INFO: USAR,2023-12-07,Dragonfly Doji
2025-10-19 19:49:27,734 INFO: USAR,2024-01-05,Hammer
2025-10-19 19:49:27,734 INFO: USAR,2024-01-09,Morning Star
2025-10-19 19:49:27,734 INFO: USAR,2024-02-07,Morning Star
2025-10-19 19:49:27,734 INFO: USAR,2024-02-12,Dragonfly Doji
2025-10-19 19:49:27,734 INFO: USAR,2024-03-26,Dragonfly Doji
2025-10-19 19:49:27,734 INFO: USAR,2024-04-03,Dragonfly Doji
2025-10-19 19:49:27,734 INFO: USAR,2024-04-26,Dragonfly Doji
2025-10-19 19:49:27,734 INFO: USAR,2024-05-03,Dragonfly Doji
2025-10-19 19:49:27,735 INFO: USAR,2024-06-21,Dragonfly Doji
2025-10-19 19:49:27,735 INFO: USAR,2024-07-08,Dragonfly Doji
2025-10-19 19:49:27,735 INFO: USAR,2024-07-23,Morning Star
2025-10-19 19:49:27,735 INFO: USAR,2024-07-29,Hammer
2025-10-19 19:49:27,735 INFO: USAR,2024-08-14,Morning Star
2025-10-19 19:49:27,735 INFO: USAR,2024-09-16,Hammer
2025-10-19 19:49:27,735 INFO: USAR,2024-09-16,Dragonfly Doji
2025-10-19 19:49:27,735 INFO: USAR,2024-09-23,Hammer
2025-10-19 19:49:27,735 INFO: USAR,2024-11-04,Morning Star
2025-10-19 19:49:27,735 INFO: USAR,2024-11-08,Dragonfly Doji
2025-10-19 19:49:27,735 INFO: USAR,2024-11-14,Hammer
2025-10-19 19:49:27,735 INFO: USAR,2024-11-27,Morning Star
2025-10-19 19:49:27,735 INFO: USAR,2024-12-03,Dragonfly Doji
2025-10-19 19:49:27,736 INFO: USAR,2024-12-04,Dragonfly Doji
2025-10-19 19:49:27,736 INFO: USAR,2024-12-05,Bullish Engulfing
2025-10-19 19:49:27,736 INFO: USAR,2024-12-09,Three White Soldiers
2025-10-19 19:49:27,736 INFO: USAR,2024-12-12,Piercing Pattern
2025-10-19 19:49:27,736 INFO: USAR,2024-12-19,Hammer
2025-10-19 19:49:27,736 INFO: USAR,2024-12-26,Morning Star
2025-10-19 19:49:27,736 INFO: USAR,2024-12-31,Bullish Engulfing
2025-10-19 19:49:27,736 INFO: USAR,2025-01-07,Piercing Pattern
2025-10-19 19:49:27,736 INFO: USAR,2025-01-16,Hammer
2025-10-19 19:49:27,736 INFO: USAR,2025-01-28,Morning Star
2025-10-19 19:49:27,736 INFO: USAR,2025-01-30,Piercing Pattern
2025-10-19 19:49:27,736 INFO: USAR,2025-02-24,Hammer
2025-10-19 19:49:27,736 INFO: USAR,2025-03-13,Hammer
2025-10-19 19:49:27,736 INFO: USAR,2025-03-14,Bullish Engulfing
2025-10-19 19:49:27,736 INFO: USAR,2025-04-07,Bullish Engulfing
2025-10-19 19:49:27,736 INFO: USAR,2025-05-05,Morning Star
2025-10-19 19:49:27,736 INFO: USAR,2025-05-23,Bullish Engulfing
2025-10-19 19:49:27,736 INFO: USAR,2025-07-07,Hammer
2025-10-19 19:49:27,736 INFO: USAR,2025-07-28,Dragonfly Doji
2025-10-19 19:49:27,736 INFO: USAR,2025-07-31,Morning Star
2025-10-19 19:49:27,736 INFO: USAR,2025-08-01,Three White Soldiers
2025-10-19 19:49:27,736 INFO: USAR,2025-08-15,Hammer
2025-10-19 19:49:27,736 INFO: USAR,2025-08-19,Hammer
2025-10-19 19:49:27,736 INFO: USAR,2025-09-11,Bullish Engulfing
2025-10-19 19:49:27,736 INFO: USAR,2025-09-18,Three White Soldiers
2025-10-19 19:49:27,736 INFO: USAR,2025-09-19,Hammer
2025-10-19 19:49:27,736 INFO: USAR,2025-09-22,Hammer
2025-10-19 19:49:27,736 INFO: USAR,2025-09-23,Morning Star
2025-10-19 19:49:27,736 INFO: USAR,2025-09-25,Piercing Pattern
2025-10-19 19:49:38,709 INFO: Analyysi valmis: None - Analyysitulokset (2025-10-19 19:48:49) — kaikille tickereille | Three White Soldiers: 4371 kpl | Piercing Pattern: 1057 kpl | Bullish Engulfing: 2431 kpl | Hammer: 3920 kpl | Morning Star: 3137 kpl | Dragonfly Doji: 747 kpl |  | Löydetyt tapahtumat (yhden rivin CSV: ticker,päivä,kuvio): | TMCI,2023-07-14,Three White Soldiers | TMCI,2023-07-20,Piercing Pattern | TMCI,2023-07-27,Three White Soldiers | TMCI,2023-07-28,Three White Soldiers | TMCI,2023-08-14,Bullish Engulfing | TMCI,2023-08-24,Hammer | TMCI,2023-08-28,Morning Star | TMCI,2023-08-30,Three White Soldiers | TMCI,2023-09-06,Piercing Pattern | TMCI,2023-09-13,Three White Soldiers | TMCI,2023-09-29,Morning Star | TMCI,2023-10-17,Three White Soldiers | TMCI,2023-10-20,Bullish Engulfing | TMCI,2023-10-27,Dragonfly Doji | TMCI,2023-10-30,Morning Star | TMCI,2023-10-31,Three White Soldiers | TMCI,2023-11-01,Hammer | TMCI,2023-11-01,Three White Soldiers | TMCI,2023-11-02,Three White Soldiers | TMCI,2023-11-03,Three White Soldiers | TMCI,2023-11-07,Piercing Pattern | TMCI,2023-11-16,Three White Soldiers | TMCI,2023-11-17,Three White Soldiers | TMCI,2023-11-24,Morning Star | TMCI,2023-12-07,Morning Star | TMCI,2023-12-13,Bullish Engulfing | TMCI,2023-12-21,Three White Soldiers | TMCI,2023-12-28,Three White Soldiers | TMCI,2024-01-05,Bullish Engulfing | TMCI,2024-01-09,Bullish Engulfing | TMCI,2024-01-17,Bullish Engulfing | TMCI,2024-01-19,Hammer | TMCI,2024-02-01,Morning Star | TMCI,2024-02-08,Bullish Engulfing | TMCI,2024-02-12,Three White Soldiers | TMCI,2024-02-15,Morning Star | TMCI,2024-02-26,Bullish Engulfing | TMCI,2024-03-04,Morning Star | TMCI,2024-03-14,Hammer | TMCI,2024-03-20,Three White Soldiers | TMCI,2024-04-03,Bullish Engulfing | TMCI,2024-04-08,Morning Star | TMCI,2024-04-09,Three White Soldiers | TMCI,2024-04-11,Hammer | TMCI,2024-04-15,Hammer | TMCI,2024-04-22,Piercing Pattern | TMCI,2024-04-29,Morning Star | TMCI,2024-05-06,Morning Star | TMCI,2024-05-13,Bullish Engulfing | TMCI,2024-05-15,Hammer | TMCI,2024-05-22,Piercing Pattern | TMCI,2024-05-29,Bullish Engulfing | TMCI,2024-05-31,Three White Soldiers | TMCI,2024-06-26,Three White Soldiers | TMCI,2024-06-27,Three White Soldiers | TMCI,2024-07-02,Piercing Pattern | TMCI,2024-07-10,Morning Star | TMCI,2024-07-11,Three White Soldiers | TMCI,2024-07-16,Morning Star | TMCI,2024-08-13,Morning Star | TMCI,2024-08-28,Bullish Engulfing | TMCI,2024-09-11,Hammer | TMCI,2024-09-24,Piercing Pattern | TMCI,2024-09-25,Hammer | TMCI,2024-10-09,Piercing Pattern | TMCI,2024-10-21,Morning Star | TMCI,2024-10-22,Hammer | TMCI,2024-11-05,Three White Soldiers | TMCI,2024-11-06,Three White Soldiers | TMCI,2024-11-07,Hammer | TMCI,2024-11-07,Three White Soldiers | TMCI,2024-11-08,Three White Soldiers | TMCI,2024-11-11,Three White Soldiers | TMCI,2024-11-19,Bullish Engulfing | TMCI,2024-12-26,Morning Star | TMCI,2024-12-30,Hammer | TMCI,2025-01-08,Dragonfly Doji | TMCI,2025-01-22,Three White Soldiers | TMCI,2025-01-27,Bullish Engulfing | TMCI,2025-02-13,Morning Star | TMCI,2025-02-18,Bullish Engulfing | TMCI,2025-03-04,Piercing Pattern | TMCI,2025-03-18,Morning Star | TMCI,2025-03-24,Three White Soldiers | TMCI,2025-04-02,Piercing Pattern | TMCI,2025-04-24,Morning Star | TMCI,2025-04-28,Three White Soldiers | TMCI,2025-04-29,Three White Soldiers | TMCI,2025-04-30,Three White Soldiers | TMCI,2025-05-05,Hammer | TMCI,2025-05-20,Hammer | TMCI,2025-06-03,Morning Star | TMCI,2025-06-16,Bullish Engulfing | TMCI,2025-06-25,Three White Soldiers | TMCI,2025-06-30,Morning Star | TMCI,2025-07-01,Three White Soldiers | TMCI,2025-07-02,Three White Soldiers | TMCI,2025-07-03,Three White Soldiers | TMCI,2025-07-22,Morning Star | TMCI,2025-07-23,Three White Soldiers | TMCI,2025-08-01,Hammer | TMCI,2025-08-04,Morning Star | TMCI,2025-08-12,Three White Soldiers | TMCI,2025-08-13,Three White Soldiers | TMCI,2025-08-14,Three White Soldiers | TMCI,2025-08-19,Three White Soldiers | TMCI,2025-08-21,Hammer | TMCI,2025-08-21,Bullish Engulfing | TMCI,2025-09-03,Hammer | TMCI,2025-09-09,Bullish Engulfing | TMCI,2025-09-18,Morning Star | TMDX,2023-07-10,Bullish Engulfing | TMDX,2023-07-14,Three White Soldiers | TMDX,2023-07-17,Three White Soldiers | TMDX,2023-07-18,Three White Soldiers | TMDX,2023-07-24,Morning Star | TMDX,2023-07-31,Morning Star | TMDX,2023-08-01,Three White Soldiers | TMDX,2023-08-16,Morning Star | TMDX,2023-08-18,Bullish Engulfing | TMDX,2023-08-29,Bullish Engulfing | TMDX,2023-09-15,Hammer | TMDX,2023-09-18,Hammer | TMDX,2023-09-26,Bullish Engulfing | TMDX,2023-11-01,Morning Star | TMDX,2023-11-02,Three White Soldiers | TMDX,2023-11-03,Three White Soldiers | TMDX,2023-11-15,Three White Soldiers | TMDX,2023-11-16,Three White Soldiers | TMDX,2023-11-17,Three White Soldiers | TMDX,2023-11-20,Three White Soldiers | TMDX,2023-11-24,Bullish Engulfing | TMDX,2023-11-24,Morning Star | TMDX,2023-11-30,Three White Soldiers | TMDX,2023-12-07,Morning Star | TMDX,2023-12-11,Hammer | TMDX,2023-12-18,Hammer | TMDX,2023-12-28,Bullish Engulfing | TMDX,2024-01-19,Three White Soldiers | TMDX,2024-01-22,Three White Soldiers | TMDX,2024-01-26,Morning Star | TMDX,2024-01-29,Morning Star | TMDX,2024-02-01,Bullish Engulfing | TMDX,2024-02-07,Morning Star | TMDX,2024-02-08,Three White Soldiers | TMDX,2024-02-15,Hammer | TMDX,2024-02-16,Piercing Pattern | TMDX,2024-02-21,Hammer | TMDX,2024-03-04,Morning Star | TMDX,2024-03-07,Morning Star | TMDX,2024-03-26,Morning Star | TMDX,2024-04-02,Hammer | TMDX,2024-04-04,Three White Soldiers | TMDX,2024-04-05,Three White Soldiers | TMDX,2024-04-08,Three White Soldiers | TMDX,2024-04-09,Three White Soldiers | TMDX,2024-04-16,Morning Star | TMDX,2024-04-22,Piercing Pattern | TMDX,2024-04-29,Three White Soldiers | TMDX,2024-05-03,Three White Soldiers | TMDX,2024-05-06,Three White Soldiers | TMDX,2024-05-08,Hammer | TMDX,2024-05-13,Bullish Engulfing | TMDX,2024-05-15,Three White Soldiers | TMDX,2024-05-24,Morning Star | TMDX,2024-05-28,Hammer | TMDX,2024-05-29,Hammer | TMDX,2024-06-03,Hammer | TMDX,2024-06-10,Morning Star | TMDX,2024-06-12,Hammer | TMDX,2024-06-13,Morning Star | TMDX,2024-06-27,Bullish Engulfing | TMDX,2024-07-16,Morning Star | TMDX,2024-07-23,Three White Soldiers | TMDX,2024-07-31,Hammer | TMDX,2024-07-31,Morning Star | TMDX,2024-08-15,Morning Star | TMDX,2024-08-16,Three White Soldiers | TMDX,2024-08-27,Bullish Engulfing | TMDX,2024-09-13,Three White Soldiers | TMDX,2024-10-03,Bullish Engulfing | TMDX,2024-10-16,Hammer | TMDX,2024-10-25,Morning Star | TMDX,2024-11-04,Bullish Engulfing | TMDX,2024-11-12,Three White Soldiers | TMDX,2024-11-25,Hammer | TMDX,2024-11-26,Three White Soldiers | TMDX,2024-11-27,Three White Soldiers | TMDX,2024-12-09,Morning Star | TMDX,2024-12-17,Morning Star | TMDX,2024-12-20,Bullish Engulfing | TMDX,2024-12-26,Hammer | TMDX,2025-01-03,Three White Soldiers | TMDX,2025-01-06,Three White Soldiers | TMDX,2025-01-07,Three White Soldiers | TMDX,2025-01-13,Hammer | TMDX,2025-01-23,Hammer | TMDX,2025-02-05,Three White Soldiers | TMDX,2025-02-12,Piercing Pattern | TMDX,2025-03-18,Bullish Engulfing | TMDX,2025-04-07,Bullish Engulfing | TMDX,2025-04-09,Bullish Engulfing | TMDX,2025-04-11,Three White Soldiers | TMDX,2025-04-14,Three White Soldiers | TMDX,2025-04-15,Hammer | TMDX,2025-04-15,Three White Soldiers | TMDX,2025-04-16,Hammer | TMDX,2025-04-17,Bullish Engulfing | TMDX,2025-04-25,Dragonfly Doji | TMDX,2025-05-05,Bullish Engulfing | TMDX,2025-05-07,Three White Soldiers | TMDX,2025-05-14,Three White Soldiers | TMDX,2025-05-19,Bullish Engulfing | TMDX,2025-05-22,Piercing Pattern | TMDX,2025-05-27,Three White Soldiers | TMDX,2025-05-28,Three White Soldiers | TMDX,2025-06-05,Three White Soldiers | TMDX,2025-06-06,Three White Soldiers | TMDX,2025-06-12,Three White Soldiers | TMDX,2025-06-23,Bullish Engulfing | TMDX,2025-06-27,Morning Star | TMDX,2025-06-30,Three White Soldiers | TMDX,2025-07-03,Piercing Pattern | TMDX,2025-07-30,Morning Star | TMDX,2025-08-11,Morning Star | TMDX,2025-08-22,Piercing Pattern | TMDX,2025-09-08,Morning Star | TMDX,2025-09-10,Hammer | TMDX,2025-09-11,Morning Star | TMDX,2025-09-18,Hammer | TMDX,2025-09-18,Three White Soldiers | TMDX,2025-09-19,Three White Soldiers | TMDX,2025-09-22,Three White Soldiers | TMED,2025-06-30,Hammer | TMED,2025-07-01,Morning Star | TMED,2025-07-09,Morning Star | TMED,2025-07-14,Hammer | TMED,2025-08-04,Morning Star | TMED,2025-08-13,Morning Star | TMED,2025-08-20,Piercing Pattern | TMED,2025-09-08,Three White Soldiers | TMED,2025-09-09,Three White Soldiers | TMED,2025-09-23,Morning Star | TMED,2025-09-26,Morning Star | TMET,2024-11-07,Bullish Engulfing | TMET,2025-01-23,Dragonfly Doji | TMET,2025-02-18,Piercing Pattern | TMET,2025-03-17,Morning Star | TMET,2025-04-17,Bullish Engulfing | TMET,2025-04-23,Morning Star | TMET,2025-05-13,Hammer | TMET,2025-05-21,Three White Soldiers | TMET,2025-06-03,Hammer | TMET,2025-06-16,Hammer | TMET,2025-07-02,Morning Star | TMET,2025-07-17,Morning Star | TMET,2025-07-18,Three White Soldiers | TMET,2025-08-14,Hammer | TMET,2025-08-26,Bullish Engulfing | TMET,2025-09-11,Morning Star | TMET,2025-09-25,Morning Star | TMUSI,2025-08-07,Hammer | TMUSI,2025-08-08,Bullish Engulfing | TMUSI,2025-08-13,Three White Soldiers | TMUSI,2025-08-20,Three White Soldiers | TMUSI,2025-09-04,Morning Star | TMUSI,2025-09-09,Bullish Engulfing | TMUSL,2025-08-20,Morning Star | TMUSL,2025-09-04,Three White Soldiers | TMUSL,2025-09-23,Morning Star | TMUSL,2025-09-26,Hammer | TMUSZ,2025-08-13,Three White Soldiers | TMUSZ,2025-08-19,Three White Soldiers | TMUSZ,2025-08-20,Three White Soldiers | TMUSZ,2025-08-28,Piercing Pattern | TMUSZ,2025-09-08,Hammer | TMUSZ,2025-09-09,Bullish Engulfing | TMUSZ,2025-09-11,Hammer | TMUSZ,2025-09-11,Three White Soldiers | TMUSZ,2025-09-12,Hammer | TMUSZ,2025-09-16,Piercing Pattern | TMUSZ,2025-09-17,Hammer | TMUSZ,2025-09-18,Bullish Engulfing | TMUSZ,2025-09-24,Morning Star | TMUS,2023-07-11,Bullish Engulfing | TMUS,2023-07-13,Hammer | TMUS,2023-08-09,Bullish Engulfing | TMUS,2023-08-11,Piercing Pattern | TMUS,2023-08-28,Morning Star | TMUS,2023-08-29,Three White Soldiers | TMUS,2023-09-12,Hammer | TMUS,2023-09-29,Piercing Pattern | TMUS,2023-10-06,Bullish Engulfing | TMUS,2023-10-10,Three White Soldiers | TMUS,2023-10-11,Three White Soldiers | TMUS,2023-10-16,Morning Star | TMUS,2023-10-23,Piercing Pattern | TMUS,2023-10-26,Piercing Pattern | TMUS,2023-10-31,Morning Star | TMUS,2023-11-01,Hammer | TMUS,2023-11-01,Three White Soldiers | TMUS,2023-11-02,Three White Soldiers | TMUS,2023-11-09,Piercing Pattern | TMUS,2023-11-10,Hammer | TMUS,2023-11-15,Hammer | TMUS,2023-11-20,Morning Star | TMUS,2023-11-24,Piercing Pattern | TMUS,2023-11-29,Morning Star | TMUS,2023-12-04,Three White Soldiers | TMUS,2023-12-05,Three White Soldiers | TMUS,2023-12-06,Hammer | TMUS,2023-12-06,Three White Soldiers | TMUS,2023-12-07,Three White Soldiers | TMUS,2023-12-08,Hammer | TMUS,2023-12-13,Hammer | TMUS,2023-12-21,Hammer | TMUS,2023-12-22,Morning Star | TMUS,2023-12-28,Three White Soldiers | TMUS,2023-12-29,Three White Soldiers | TMUS,2024-01-02,Three White Soldiers | TMUS,2024-01-05,Bullish Engulfing | TMUS,2024-01-16,Piercing Pattern | TMUS,2024-02-01,Bullish Engulfing | TMUS,2024-02-08,Hammer | TMUS,2024-03-06,Three White Soldiers | TMUS,2024-03-18,Hammer | TMUS,2024-03-22,Hammer | TMUS,2024-03-25,Piercing Pattern | TMUS,2024-04-03,Morning Star | TMUS,2024-04-19,Three White Soldiers | TMUS,2024-04-24,Morning Star | TMUS,2024-04-25,Hammer | TMUS,2024-05-16,Morning Star | TMUS,2024-05-20,Hammer | TMUS,2024-05-22,Morning Star | TMUS,2024-05-28,Three White Soldiers | TMUS,2024-05-29,Three White Soldiers | TMUS,2024-05-30,Three White Soldiers | TMUS,2024-05-31,Three White Soldiers | TMUS,2024-06-04,Bullish Engulfing | TMUS,2024-06-14,Morning Star | TMUS,2024-06-17,Three White Soldiers | TMUS,2024-06-21,Bullish Engulfing | TMUS,2024-06-26,Hammer | TMUS,2024-07-05,Hammer | TMUS,2024-07-10,Bullish Engulfing | TMUS,2024-07-15,Morning Star | TMUS,2024-07-29,Morning Star | TMUS,2024-08-08,Three White Soldiers | TMUS,2024-08-09,Hammer | TMUS,2024-08-09,Three White Soldiers | TMUS,2024-08-12,Three White Soldiers | TMUS,2024-08-13,Hammer | TMUS,2024-08-14,Bullish Engulfing | TMUS,2024-08-16,Bullish Engulfing | TMUS,2024-08-26,Three White Soldiers | TMUS,2024-08-27,Three White Soldiers | TMUS,2024-09-10,Morning Star | TMUS,2024-09-11,Three White Soldiers | TMUS,2024-09-12,Three White Soldiers | TMUS,2024-09-13,Three White Soldiers | TMUS,2024-09-16,Three White Soldiers | TMUS,2024-09-30,Three White Soldiers | TMUS,2024-10-01,Hammer | TMUS,2024-10-08,Three White Soldiers | TMUS,2024-10-09,Three White Soldiers | TMUS,2024-10-14,Morning Star | TMUS,2024-10-15,Three White Soldiers | TMUS,2024-10-16,Three White Soldiers | TMUS,2024-10-17,Three White Soldiers | TMUS,2024-10-18,Three White Soldiers | TMUS,2024-11-01,Piercing Pattern | TMUS,2024-11-12,Three White Soldiers | TMUS,2024-11-13,Three White Soldiers | TMUS,2024-11-22,Three White Soldiers | TMUS,2024-11-25,Three White Soldiers | TMUS,2024-11-26,Three White Soldiers | TMUS,2024-11-27,Three White Soldiers | TMUS,2024-11-29,Three White Soldiers | TMUS,2024-12-05,Piercing Pattern | TMUS,2024-12-10,Hammer | TMUS,2024-12-11,Piercing Pattern | TMUS,2024-12-24,Three White Soldiers | TMUS,2025-01-14,Hammer | TMUS,2025-01-16,Piercing Pattern | TMUS,2025-01-21,Bullish Engulfing | TMUS,2025-02-03,Morning Star | TMUS,2025-02-06,Three White Soldiers | TMUS,2025-02-10,Hammer | TMUS,2025-02-13,Bullish Engulfing | TMUS,2025-02-28,Morning Star | TMUS,2025-03-03,Three White Soldiers | TMUS,2025-03-05,Hammer | TMUS,2025-03-07,Three White Soldiers | TMUS,2025-03-10,Three White Soldiers | TMUS,2025-03-18,Hammer | TMUS,2025-03-27,Three White Soldiers | TMUS,2025-04-01,Morning Star | TMUS,2025-04-09,Bullish Engulfing | TMUS,2025-04-15,Three White Soldiers | TMUS,2025-04-22,Piercing Pattern | TMUS,2025-04-24,Three White Soldiers | TMUS,2025-04-29,Morning Star | TMUS,2025-04-30,Three White Soldiers | TMUS,2025-05-01,Three White Soldiers | TMUS,2025-05-02,Three White Soldiers | TMUS,2025-05-06,Bullish Engulfing | TMUS,2025-05-16,Three White Soldiers | TMUS,2025-05-19,Three White Soldiers | TMUS,2025-06-05,Bullish Engulfing | TMUS,2025-06-16,Morning Star | TMUS,2025-06-23,Morning Star | TMUS,2025-06-25,Three White Soldiers | TMUS,2025-06-26,Hammer | TMUS,2025-06-26,Three White Soldiers | TMUS,2025-07-01,Three White Soldiers | TMUS,2025-07-03,Bullish Engulfing | TMUS,2025-07-14,Piercing Pattern | TMUS,2025-07-23,Bullish Engulfing | TMUS,2025-07-30,Morning Star | TMUS,2025-08-07,Morning Star | TMUS,2025-08-08,Three White Soldiers | TMUS,2025-08-11,Three White Soldiers | TMUS,2025-08-12,Three White Soldiers | TMUS,2025-08-19,Bullish Engulfing | TMUS,2025-08-26,Hammer | TMUS,2025-08-29,Bullish Engulfing | TMUS,2025-09-11,Piercing Pattern | TMUS,2025-09-18,Morning Star | TNDM,2023-07-07,Bullish Engulfing | TNDM,2023-07-11,Three White Soldiers | TNDM,2023-07-12,Three White Soldiers | TNDM,2023-07-18,Three White Soldiers | TNDM,2023-08-04,Bullish Engulfing | TNDM,2023-08-14,Piercing Pattern | TNDM,2023-08-22,Piercing Pattern | TNDM,2023-08-29,Piercing Pattern | TNDM,2023-09-07,Hammer | TNDM,2023-09-18,Piercing Pattern | TNDM,2023-09-26,Bullish Engulfing | TNDM,2023-10-13,Piercing Pattern | TNDM,2023-10-19,Three White Soldiers | TNDM,2023-10-25,Hammer | TNDM,2023-11-01,Bullish Engulfing | TNDM,2023-11-01,Morning Star | TNDM,2023-11-15,Three White Soldiers | TNDM,2023-11-16,Hammer | TNDM,2023-11-16,Three White Soldiers | TNDM,2023-11-20,Piercing Pattern | TNDM,2023-11-24,Hammer | TNDM,2023-11-28,Hammer | TNDM,2023-12-07,Three White Soldiers | TNDM,2023-12-12,Hammer | TNDM,2023-12-13,Bullish Engulfing | TNDM,2023-12-15,Three White Soldiers | TNDM,2023-12-26,Three White Soldiers | TNDM,2024-01-04,Piercing Pattern | TNDM,2024-01-08,Three White Soldiers | TNDM,2024-01-24,Hammer | TNDM,2024-01-29,Bullish Engulfing | TNDM,2024-02-12,Three White Soldiers | TNDM,2024-03-01,Bullish Engulfing | TNDM,2024-03-07,Morning Star | TNDM,2024-03-08,Hammer | TNDM,2024-03-08,Three White Soldiers | TNDM,2024-03-15,Hammer | TNDM,2024-03-19,Hammer | TNDM,2024-03-26,Morning Star | TNDM,2024-04-03,Bullish Engulfing | TNDM,2024-04-16,Piercing Pattern | TNDM,2024-04-24,Three White Soldiers | TNDM,2024-04-25,Three White Soldiers | TNDM,2024-05-15,Morning Star | TNDM,2024-06-10,Hammer | TNDM,2024-06-10,Dragonfly Doji | TNDM,2024-06-11,Hammer | TNDM,2024-06-21,Hammer | TNDM,2024-07-03,Bullish Engulfing | TNDM,2024-07-05,Hammer | TNDM,2024-07-08,Three White Soldiers | TNDM,2024-07-09,Three White Soldiers | TNDM,2024-07-10,Three White Soldiers | TNDM,2024-07-11,Three White Soldiers | TNDM,2024-07-12,Three White Soldiers | TNDM,2024-07-15,Three White Soldiers | TNDM,2024-07-19,Hammer | TNDM,2024-07-22,Hammer | TNDM,2024-07-23,Bullish Engulfing | TNDM,2024-08-05,Morning Star | TNDM,2024-08-09,Piercing Pattern | TNDM,2024-08-13,Three White Soldiers | TNDM,2024-08-14,Three White Soldiers | TNDM,2024-08-15,Three White Soldiers | TNDM,2024-08-16,Three White Soldiers | TNDM,2024-08-19,Three White Soldiers | TNDM,2024-08-27,Bullish Engulfing | TNDM,2024-09-11,Bullish Engulfing | TNDM,2024-09-19,Hammer | TNDM,2024-09-23,Three White Soldiers | TNDM,2024-10-15,Bullish Engulfing | TNDM,2024-11-04,Morning Star | TNDM,2024-11-18,Piercing Pattern | TNDM,2024-11-22,Three White Soldiers | TNDM,2024-12-03,Morning Star | TNDM,2024-12-09,Morning Star | TNDM,2024-12-11,Three White Soldiers | TNDM,2024-12-20,Morning Star | TNDM,2024-12-24,Three White Soldiers | TNDM,2024-12-26,Three White Soldiers | TNDM,2025-01-08,Hammer | TNDM,2025-01-08,Bullish Engulfing | TNDM,2025-01-23,Bullish Engulfing | TNDM,2025-01-27,Three White Soldiers | TNDM,2025-02-05,Bullish Engulfing | TNDM,2025-02-20,Piercing Pattern | TNDM,2025-02-28,Hammer | TNDM,2025-03-18,Three White Soldiers | TNDM,2025-03-19,Three White Soldiers | TNDM,2025-03-20,Three White Soldiers | TNDM,2025-03-27,Hammer | TNDM,2025-04-04,Hammer | TNDM,2025-04-09,Bullish Engulfing | TNDM,2025-04-14,Hammer | TNDM,2025-04-15,Bullish Engulfing | TNDM,2025-05-02,Three White Soldiers | TNDM,2025-05-08,Three White Soldiers | TNDM,2025-05-09,Three White Soldiers | TNDM,2025-05-15,Hammer | TNDM,2025-07-22,Morning Star | TNDM,2025-08-21,Bullish Engulfing | TNDM,2025-08-25,Three White Soldiers | TNDM,2025-08-26,Three White Soldiers | TNDM,2025-08-27,Three White Soldiers | TNDM,2025-09-05,Morning Star | TNDM,2025-09-08,Hammer | TNDM,2025-09-22,Piercing Pattern | TNGX,2023-07-11,Morning Star | TNGX,2023-07-12,Three White Soldiers | TNGX,2023-07-14,Hammer | TNGX,2023-07-17,Morning Star | TNGX,2023-08-03,Morning Star | TNGX,2023-08-23,Three White Soldiers | TNGX,2023-08-28,Morning Star | TNGX,2023-09-01,Bullish Engulfing | TNGX,2023-09-01,Morning Star | TNGX,2023-09-18,Three White Soldiers | TNGX,2023-09-21,Bullish Engulfing | TNGX,2023-09-25,Three White Soldiers | TNGX,2023-09-29,Piercing Pattern | TNGX,2023-10-05,Bullish Engulfing | TNGX,2023-10-05,Morning Star | TNGX,2023-10-13,Hammer | TNGX,2023-10-13,Dragonfly Doji | TNGX,2023-10-17,Piercing Pattern | TNGX,2023-11-07,Bullish Engulfing | TNGX,2023-11-17,Morning Star | TNGX,2023-12-01,Morning Star | TNGX,2023-12-05,Bullish Engulfing | TNGX,2023-12-07,Three White Soldiers | TNGX,2023-12-08,Three White Soldiers | TNGX,2023-12-11,Three White Soldiers | TNGX,2023-12-12,Three White Soldiers | TNGX,2023-12-13,Three White Soldiers | TNGX,2023-12-14,Three White Soldiers | TNGX,2023-12-15,Three White Soldiers | TNGX,2023-12-27,Three White Soldiers | TNGX,2024-01-05,Hammer | TNGX,2024-01-11,Three White Soldiers | TNGX,2024-01-12,Three White Soldiers | TNGX,2024-01-16,Hammer | TNGX,2024-01-17,Bullish Engulfing | TNGX,2024-01-19,Hammer | TNGX,2024-01-23,Bullish Engulfing | TNGX,2024-01-23,Morning Star | TNGX,2024-02-06,Piercing Pattern | TNGX,2024-02-13,Hammer | TNGX,2024-02-16,Hammer | TNGX,2024-02-22,Piercing Pattern | TNGX,2024-03-01,Piercing Pattern | TNGX,2024-03-20,Hammer | TNGX,2024-04-09,Morning Star | TNGX,2024-04-16,Hammer | TNGX,2024-04-29,Morning Star | TNGX,2024-05-06,Bullish Engulfing | TNGX,2024-05-08,Bullish Engulfing | TNGX,2024-05-14,Morning Star | TNGX,2024-05-15,Three White Soldiers | TNGX,2024-06-04,Three White Soldiers | TNGX,2024-06-05,Three White Soldiers | TNGX,2024-06-10,Bullish Engulfing | TNGX,2024-06-14,Three White Soldiers | TNGX,2024-06-17,Three White Soldiers | TNGX,2024-06-18,Three White Soldiers | TNGX,2024-07-01,Morning Star | TNGX,2024-07-05,Morning Star | TNGX,2024-07-08,Three White Soldiers | TNGX,2024-07-09,Three White Soldiers | TNGX,2024-07-15,Three White Soldiers | TNGX,2024-07-18,Hammer | TNGX,2024-08-13,Morning Star | TNGX,2024-08-16,Bullish Engulfing | TNGX,2024-08-19,Hammer | TNGX,2024-08-20,Three White Soldiers | TNGX,2024-08-26,Dragonfly Doji | TNGX,2024-09-05,Morning Star | TNGX,2024-09-12,Three White Soldiers | TNGX,2024-09-13,Three White Soldiers | TNGX,2024-09-30,Morning Star | TNGX,2024-10-11,Bullish Engulfing | TNGX,2024-10-29,Hammer | TNGX,2024-10-29,Bullish Engulfing | TNGX,2024-11-05,Hammer | TNGX,2024-11-11,Morning Star | TNGX,2024-11-22,Piercing Pattern | TNGX,2024-11-27,Morning Star | TNGX,2024-12-02,Hammer | TNGX,2024-12-10,Piercing Pattern | TNGX,2024-12-13,Piercing Pattern | TNGX,2024-12-23,Three White Soldiers | TNGX,2025-01-07,Bullish Engulfing | TNGX,2025-01-16,Hammer | TNGX,2025-01-17,Three White Soldiers | TNGX,2025-01-21,Three White Soldiers | TNGX,2025-01-23,Hammer | TNGX,2025-03-05,Morning Star | TNGX,2025-03-12,Bullish Engulfing | TNGX,2025-03-12,Morning Star | TNGX,2025-03-20,Piercing Pattern | TNGX,2025-03-27,Piercing Pattern | TNGX,2025-04-02,Bullish Engulfing | TNGX,2025-04-09,Bullish Engulfing | TNGX,2025-04-21,Morning Star | TNGX,2025-04-22,Three White Soldiers | TNGX,2025-04-28,Morning Star | TNGX,2025-04-30,Hammer | TNGX,2025-05-12,Morning Star | TNGX,2025-05-13,Three White Soldiers | TNGX,2025-05-16,Hammer | TNGX,2025-05-19,Bullish Engulfing | TNGX,2025-06-10,Bullish Engulfing | TNGX,2025-06-12,Three White Soldiers | TNGX,2025-06-16,Piercing Pattern | TNGX,2025-07-01,Three White Soldiers | TNGX,2025-07-02,Three White Soldiers | TNGX,2025-07-10,Three White Soldiers | TNGX,2025-07-22,Hammer | TNGX,2025-07-25,Piercing Pattern | TNGX,2025-08-01,Bullish Engulfing | TNGX,2025-08-05,Three White Soldiers | TNGX,2025-08-21,Bullish Engulfing | TNGX,2025-09-04,Hammer | TNGX,2025-09-04,Three White Soldiers | TNGX,2025-09-05,Three White Soldiers | TNGX,2025-09-17,Three White Soldiers | TNGX,2025-09-18,Three White Soldiers | TNGX,2025-09-26,Three White Soldiers | TNON,2023-07-19,Morning Star | TNON,2023-07-28,Piercing Pattern | TNON,2023-08-01,Three White Soldiers | TNON,2023-08-04,Hammer | TNON,2023-08-21,Hammer | TNON,2023-08-21,Three White Soldiers | TNON,2023-08-25,Hammer | TNON,2023-08-29,Hammer | TNON,2023-08-31,Morning Star | TNON,2023-09-05,Hammer | TNON,2023-09-22,Hammer | TNON,2023-10-13,Hammer | TNON,2023-10-26,Piercing Pattern | TNON,2023-10-31,Morning Star | TNON,2023-11-06,Bullish Engulfing | TNON,2023-11-08,Three White Soldiers | TNON,2023-11-30,Bullish Engulfing | TNON,2023-12-19,Bullish Engulfing | TNON,2023-12-19,Morning Star | TNON,2024-01-12,Hammer | TNON,2024-01-31,Bullish Engulfing | TNON,2024-02-12,Dragonfly Doji | TNON,2024-02-14,Bullish Engulfing | TNON,2024-02-26,Bullish Engulfing | TNON,2024-03-05,Hammer | TNON,2024-03-07,Morning Star | TNON,2024-03-12,Three White Soldiers | TNON,2024-04-03,Morning Star | TNON,2024-04-10,Hammer | TNON,2024-04-10,Dragonfly Doji | TNON,2024-04-16,Piercing Pattern | TNON,2024-04-24,Morning Star | TNON,2024-04-30,Bullish Engulfing | TNON,2024-05-02,Three White Soldiers | TNON,2024-05-03,Three White Soldiers | TNON,2024-05-15,Hammer | TNON,2024-05-21,Hammer | TNON,2024-05-24,Hammer | TNON,2024-06-21,Dragonfly Doji | TNON,2024-06-24,Hammer | TNON,2024-06-24,Dragonfly Doji | TNON,2024-06-28,Dragonfly Doji | TNON,2024-07-01,Morning Star | TNON,2024-07-03,Bullish Engulfing | TNON,2024-07-09,Hammer | TNON,2024-07-24,Hammer | TNON,2024-08-20,Morning Star | TNON,2024-08-21,Three White Soldiers | TNON,2024-08-22,Three White Soldiers | TNON,2024-08-23,Three White Soldiers | TNON,2024-09-23,Hammer | TNON,2024-10-04,Bullish Engulfing | TNON,2024-10-16,Morning Star | TNON,2024-11-25,Hammer | TNON,2024-12-19,Bullish Engulfing | TNON,2024-12-24,Piercing Pattern | TNON,2024-12-30,Three White Soldiers | TNON,2025-01-03,Hammer | TNON,2025-01-16,Hammer | TNON,2025-01-21,Hammer | TNON,2025-01-23,Hammer | TNON,2025-01-29,Hammer | TNON,2025-02-03,Hammer | TNON,2025-02-03,Dragonfly Doji | TNON,2025-02-10,Hammer | TNON,2025-02-25,Hammer | TNON,2025-02-26,Bullish Engulfing | TNON,2025-03-06,Three White Soldiers | TNON,2025-03-14,Hammer | TNON,2025-03-17,Bullish Engulfing | TNON,2025-03-17,Morning Star | TNON,2025-03-19,Three White Soldiers | TNON,2025-03-24,Hammer | TNON,2025-04-14,Morning Star | TNON,2025-05-12,Three White Soldiers | TNON,2025-06-24,Piercing Pattern | TNON,2025-07-01,Three White Soldiers | TNON,2025-07-09,Three White Soldiers | TNON,2025-07-21,Bullish Engulfing | TNON,2025-07-31,Hammer | TNON,2025-08-01,Morning Star | TNON,2025-08-18,Bullish Engulfing | TNON,2025-08-21,Three White Soldiers | TNON,2025-09-05,Bullish Engulfing | TNON,2025-09-16,Bullish Engulfing | TNON,2025-09-29,Morning Star | TNXP,2023-07-05,Hammer | TNXP,2023-07-24,Morning Star | TNXP,2023-09-15,Dragonfly Doji | TNXP,2023-10-10,Morning Star | TNXP,2023-10-23,Dragonfly Doji | TNXP,2023-10-25,Dragonfly Doji | TNXP,2023-11-10,Dragonfly Doji | TNXP,2023-11-13,Dragonfly Doji | TNXP,2023-12-01,Dragonfly Doji | TNXP,2023-12-18,Three White Soldiers | TNXP,2023-12-26,Morning Star | TNXP,2023-12-27,Three White Soldiers | TNXP,2024-01-16,Dragonfly Doji | TNXP,2024-01-22,Morning Star | TNXP,2024-01-31,Dragonfly Doji | TNXP,2024-02-01,Morning Star | TNXP,2024-02-08,Dragonfly Doji | TNXP,2024-03-04,Dragonfly Doji | TNXP,2024-03-06,Dragonfly Doji | TNXP,2024-03-07,Dragonfly Doji | TNXP,2024-04-02,Dragonfly Doji | TNXP,2024-04-03,Morning Star | TNXP,2024-04-16,Dragonfly Doji | TNXP,2024-04-17,Dragonfly Doji | TNXP,2024-04-18,Dragonfly Doji | TNXP,2024-04-22,Dragonfly Doji | TNXP,2024-04-25,Dragonfly Doji | TNXP,2024-04-30,Dragonfly Doji | TNXP,2024-05-01,Dragonfly Doji | TNXP,2024-05-14,Morning Star | TNXP,2024-07-03,Three White Soldiers | TNXP,2024-07-16,Dragonfly Doji | TNXP,2024-09-13,Dragonfly Doji | TNXP,2024-09-17,Dragonfly Doji | TNXP,2024-09-18,Dragonfly Doji | TNXP,2024-09-20,Dragonfly Doji | TNXP,2024-09-26,Dragonfly Doji | TNXP,2024-09-30,Dragonfly Doji | TNXP,2024-10-01,Dragonfly Doji | TNXP,2024-10-03,Dragonfly Doji | TNXP,2024-10-04,Morning Star | TNXP,2024-10-14,Dragonfly Doji | TNXP,2024-11-06,Dragonfly Doji | TNXP,2024-11-08,Dragonfly Doji | TNXP,2024-11-19,Morning Star | TNXP,2024-12-27,Hammer | TNXP,2025-01-21,Dragonfly Doji | TNXP,2025-01-24,Three White Soldiers | TNXP,2025-01-27,Three White Soldiers | TNXP,2025-01-28,Three White Soldiers | TNXP,2025-02-26,Piercing Pattern | TNXP,2025-02-28,Hammer | TNXP,2025-03-04,Bullish Engulfing | TNXP,2025-03-06,Three White Soldiers | TNXP,2025-03-11,Hammer | TNXP,2025-03-11,Dragonfly Doji | TNXP,2025-03-13,Piercing Pattern | TNXP,2025-03-17,Three White Soldiers | TNXP,2025-03-18,Three White Soldiers | TNXP,2025-03-21,Morning Star | TNXP,2025-03-24,Three White Soldiers | TNXP,2025-04-07,Bullish Engulfing | TNXP,2025-04-15,Piercing Pattern | TNXP,2025-04-22,Hammer | TNXP,2025-04-23,Morning Star | TNXP,2025-04-25,Bullish Engulfing | TNXP,2025-04-29,Piercing Pattern | TNXP,2025-05-14,Three White Soldiers | TNXP,2025-05-15,Three White Soldiers | TNXP,2025-05-16,Three White Soldiers | TNXP,2025-05-23,Piercing Pattern | TNXP,2025-05-28,Hammer | TNXP,2025-05-28,Three White Soldiers | TNXP,2025-05-29,Three White Soldiers | TNXP,2025-06-06,Bullish Engulfing | TNXP,2025-06-06,Morning Star | TNXP,2025-06-23,Dragonfly Doji | TNXP,2025-06-24,Morning Star | TNXP,2025-06-30,Bullish Engulfing | TNXP,2025-07-07,Dragonfly Doji | TNXP,2025-07-08,Hammer | TNXP,2025-07-08,Bullish Engulfing | TNXP,2025-07-10,Three White Soldiers | TNXP,2025-07-14,Bullish Engulfing | TNXP,2025-07-22,Hammer | TNXP,2025-08-01,Piercing Pattern | TNXP,2025-08-05,Three White Soldiers | TNXP,2025-08-22,Morning Star | TNXP,2025-09-11,Three White Soldiers | TNXP,2025-09-17,Piercing Pattern | TNXP,2025-09-29,Morning Star | TNYA,2023-07-13,Morning Star | TNYA,2023-07-21,Hammer | TNYA,2023-08-11,Three White Soldiers | TNYA,2023-08-18,Morning Star | TNYA,2023-08-22,Hammer | TNYA,2023-08-22,Three White Soldiers | TNYA,2023-08-23,Three White Soldiers | TNYA,2023-08-30,Hammer | TNYA,2023-09-21,Bullish Engulfing | TNYA,2023-09-26,Bullish Engulfing | TNYA,2023-10-06,Morning Star | TNYA,2023-10-19,Hammer | TNYA,2023-10-31,Bullish Engulfing | TNYA,2023-11-02,Three White Soldiers | TNYA,2023-11-03,Three White Soldiers | TNYA,2023-11-17,Morning Star | TNYA,2023-12-01,Morning Star | TNYA,2023-12-19,Morning Star | TNYA,2023-12-26,Three White Soldiers | TNYA,2023-12-27,Three White Soldiers | TNYA,2023-12-28,Three White Soldiers | TNYA,2024-01-18,Morning Star | TNYA,2024-01-19,Three White Soldiers | TNYA,2024-01-22,Three White Soldiers | TNYA,2024-01-29,Morning Star | TNYA,2024-02-01,Morning Star | TNYA,2024-02-06,Bullish Engulfing | TNYA,2024-02-16,Bullish Engulfing | TNYA,2024-02-23,Hammer | TNYA,2024-02-26,Bullish Engulfing | TNYA,2024-02-28,Three White Soldiers | TNYA,2024-03-05,Piercing Pattern | TNYA,2024-03-20,Bullish Engulfing | TNYA,2024-03-25,Bullish Engulfing | TNYA,2024-04-03,Piercing Pattern | TNYA,2024-04-10,Hammer | TNYA,2024-04-11,Morning Star | TNYA,2024-04-23,Three White Soldiers | TNYA,2024-05-17,Morning Star | TNYA,2024-05-22,Bullish Engulfing | TNYA,2024-07-01,Three White Soldiers | TNYA,2024-07-08,Morning Star | TNYA,2024-07-16,Morning Star | TNYA,2024-07-22,Morning Star | TNYA,2024-07-23,Three White Soldiers | TNYA,2024-07-24,Three White Soldiers | TNYA,2024-07-25,Three White Soldiers | TNYA,2024-08-19,Piercing Pattern | TNYA,2024-09-17,Bullish Engulfing | TNYA,2024-09-17,Morning Star | TNYA,2024-09-24,Hammer | TNYA,2024-10-17,Three White Soldiers | TNYA,2024-11-04,Morning Star | TNYA,2024-11-07,Morning Star | TNYA,2024-11-22,Morning Star | TNYA,2024-11-26,Three White Soldiers | TNYA,2024-11-29,Piercing Pattern | TNYA,2024-12-03,Hammer | TNYA,2025-01-10,Hammer | TNYA,2025-03-11,Hammer | TNYA,2025-03-13,Three White Soldiers | TNYA,2025-03-14,Three White Soldiers | TNYA,2025-03-17,Three White Soldiers | TNYA,2025-03-19,Hammer | TNYA,2025-03-24,Morning Star | TNYA,2025-03-27,Bullish Engulfing | TNYA,2025-03-27,Morning Star | TNYA,2025-04-02,Piercing Pattern | TNYA,2025-04-15,Bullish Engulfing | TNYA,2025-04-25,Morning Star | TNYA,2025-04-30,Hammer | TNYA,2025-05-01,Bullish Engulfing | TNYA,2025-05-15,Morning Star | TNYA,2025-05-16,Hammer | TNYA,2025-05-27,Morning Star | TNYA,2025-05-30,Morning Star | TNYA,2025-06-04,Three White Soldiers | TNYA,2025-06-20,Hammer | TNYA,2025-06-26,Three White Soldiers | TNYA,2025-07-10,Hammer | TNYA,2025-07-10,Three White Soldiers | TNYA,2025-07-22,Hammer | TNYA,2025-08-04,Bullish Engulfing | TNYA,2025-08-11,Morning Star | TNYA,2025-08-13,Three White Soldiers | TNYA,2025-08-14,Three White Soldiers | TNYA,2025-08-15,Three White Soldiers | TNYA,2025-08-18,Three White Soldiers | TNYA,2025-08-19,Hammer | TNYA,2025-08-20,Piercing Pattern | TNYA,2025-08-29,Hammer | TNYA,2025-09-05,Three White Soldiers | TNYA,2025-09-08,Hammer | TNYA,2025-09-16,Bullish Engulfing | TNYA,2025-09-16,Morning Star | TNYA,2025-09-22,Dragonfly Doji | TOI,2023-07-07,Bullish Engulfing | TOI,2023-07-11,Three White Soldiers | TOI,2023-07-12,Three White Soldiers | TOI,2023-07-13,Three White Soldiers | TOI,2023-07-19,Three White Soldiers | TOI,2023-07-20,Three White Soldiers | TOI,2023-07-21,Three White Soldiers | TOI,2023-07-24,Three White Soldiers | TOI,2023-07-26,Hammer | TOI,2023-08-04,Bullish Engulfing | TOI,2023-08-08,Bullish Engulfing | TOI,2023-08-15,Hammer | TOI,2023-08-22,Dragonfly Doji | TOI,2023-08-23,Hammer | TOI,2023-08-25,Hammer | TOI,2023-08-28,Bullish Engulfing | TOI,2023-08-28,Morning Star | TOI,2023-08-30,Three White Soldiers | TOI,2023-08-31,Three White Soldiers | TOI,2023-09-06,Three White Soldiers | TOI,2023-09-15,Hammer | TOI,2023-09-22,Hammer | TOI,2023-09-22,Dragonfly Doji | TOI,2023-10-06,Bullish Engulfing | TOI,2023-10-10,Three White Soldiers | TOI,2023-10-16,Morning Star | TOI,2023-10-31,Hammer | TOI,2023-11-01,Morning Star | TOI,2023-11-09,Three White Soldiers | TOI,2023-11-10,Three White Soldiers | TOI,2023-11-17,Bullish Engulfing | TOI,2023-11-28,Morning Star | TOI,2023-12-20,Three White Soldiers | TOI,2023-12-22,Piercing Pattern | TOI,2024-01-09,Bullish Engulfing | TOI,2024-01-11,Three White Soldiers | TOI,2024-01-18,Bullish Engulfing | TOI,2024-01-18,Morning Star | TOI,2024-01-29,Morning Star | TOI,2024-02-05,Bullish Engulfing | TOI,2024-02-09,Morning Star | TOI,2024-02-26,Bullish Engulfing | TOI,2024-02-27,Hammer | TOI,2024-03-07,Bullish Engulfing | TOI,2024-03-12,Bullish Engulfing | TOI,2024-03-14,Three White Soldiers | TOI,2024-03-25,Morning Star | TOI,2024-03-27,Three White Soldiers | TOI,2024-04-18,Morning Star | TOI,2024-05-09,Morning Star | TOI,2024-05-14,Piercing Pattern | TOI,2024-05-31,Morning Star | TOI,2024-06-21,Morning Star | TOI,2024-06-27,Hammer | TOI,2024-06-28,Dragonfly Doji | TOI,2024-07-05,Three White Soldiers | TOI,2024-07-23,Bullish Engulfing | TOI,2024-07-24,Hammer | TOI,2024-07-31,Piercing Pattern | TOI,2024-08-01,Dragonfly Doji | TOI,2024-08-08,Hammer | TOI,2024-08-23,Morning Star | TOI,2024-09-09,Hammer | TOI,2024-09-20,Hammer | TOI,2024-09-27,Hammer | TOI,2024-10-04,Hammer | TOI,2024-10-07,Bullish Engulfing | TOI,2024-10-07,Morning Star | TOI,2024-10-15,Morning Star | TOI,2024-10-16,Hammer | TOI,2024-10-16,Dragonfly Doji | TOI,2024-11-06,Morning Star | TOI,2024-11-12,Morning Star | TOI,2024-11-26,Morning Star | TOI,2024-12-03,Morning Star | TOI,2024-12-06,Bullish Engulfing | TOI,2024-12-12,Hammer | TOI,2024-12-12,Dragonfly Doji | TOI,2024-12-24,Morning Star | TOI,2024-12-26,Three White Soldiers | TOI,2024-12-27,Three White Soldiers | TOI,2025-01-13,Hammer | TOI,2025-01-16,Three White Soldiers | TOI,2025-01-17,Three White Soldiers | TOI,2025-01-21,Three White Soldiers | TOI,2025-01-22,Three White Soldiers | TOI,2025-01-24,Piercing Pattern | TOI,2025-01-29,Dragonfly Doji | TOI,2025-02-05,Hammer | TOI,2025-02-14,Bullish Engulfing | TOI,2025-02-24,Hammer | TOI,2025-03-07,Bullish Engulfing | TOI,2025-03-07,Morning Star | TOI,2025-03-14,Morning Star | TOI,2025-03-19,Three White Soldiers | TOI,2025-03-20,Three White Soldiers | TOI,2025-03-25,Three White Soldiers | TOI,2025-04-02,Morning Star | TOI,2025-04-03,Hammer | TOI,2025-04-11,Three White Soldiers | TOI,2025-04-21,Three White Soldiers | TOI,2025-04-22,Three White Soldiers | TOI,2025-04-23,Three White Soldiers | TOI,2025-04-24,Three White Soldiers | TOI,2025-04-25,Hammer | TOI,2025-04-25,Three White Soldiers | TOI,2025-05-01,Morning Star | TOI,2025-05-06,Hammer | TOI,2025-05-06,Dragonfly Doji | TOI,2025-05-07,Morning Star | TOI,2025-05-08,Three White Soldiers | TOI,2025-05-22,Morning Star | TOI,2025-05-27,Hammer | TOI,2025-05-28,Bullish Engulfing | TOI,2025-06-02,Bullish Engulfing | TOI,2025-06-03,Hammer | TOI,2025-06-11,Morning Star | TOI,2025-07-03,Three White Soldiers | TOI,2025-07-07,Three White Soldiers | TOI,2025-07-14,Three White Soldiers | TOI,2025-07-17,Morning Star | TOI,2025-07-22,Piercing Pattern | TOI,2025-07-28,Morning Star | TOI,2025-08-15,Hammer | TOI,2025-08-18,Morning Star | TOI,2025-08-26,Hammer | TOI,2025-09-04,Bullish Engulfing | TOI,2025-09-08,Hammer | TOI,2025-09-18,Morning Star | TOI,2025-09-22,Bullish Engulfing | TOI,2025-09-24,Three White Soldiers | TONX,2023-07-03,Hammer | TONX,2023-07-05,Bullish Engulfing | TONX,2023-07-07,Hammer | TONX,2023-07-10,Hammer | TONX,2023-07-13,Three White Soldiers | TONX,2023-07-28,Hammer | TONX,2023-07-31,Morning Star | TONX,2023-08-08,Hammer | TONX,2023-08-08,Morning Star | TONX,2023-09-15,Morning Star | TONX,2023-10-27,Hammer | TONX,2023-10-27,Dragonfly Doji | TONX,2023-11-07,Hammer | TONX,2023-11-16,Hammer | TONX,2023-11-24,Morning Star | TONX,2023-11-29,Hammer | TONX,2023-12-01,Piercing Pattern | TONX,2023-12-05,Hammer | TONX,2023-12-15,Bullish Engulfing | TONX,2023-12-22,Morning Star | TONX,2023-12-28,Hammer | TONX,2024-01-02,Hammer | TONX,2024-01-02,Dragonfly Doji | TONX,2024-01-08,Hammer | TONX,2024-01-16,Hammer | TONX,2024-01-22,Hammer | TONX,2024-01-22,Dragonfly Doji | TONX,2024-01-24,Morning Star | TONX,2024-01-26,Three White Soldiers | TONX,2024-01-29,Hammer | TONX,2024-01-29,Three White Soldiers | TONX,2024-01-30,Three White Soldiers | TONX,2024-01-31,Three White Soldiers | TONX,2024-02-09,Morning Star | TONX,2024-02-13,Hammer | TONX,2024-02-16,Three White Soldiers | TONX,2024-02-20,Three White Soldiers | TONX,2024-02-23,Morning Star | TONX,2024-02-27,Hammer | TONX,2024-03-06,Bullish Engulfing | TONX,2024-03-22,Piercing Pattern | TONX,2024-04-03,Hammer | TONX,2024-04-12,Hammer | TONX,2024-04-19,Hammer | TONX,2024-04-23,Piercing Pattern | TONX,2024-05-31,Piercing Pattern | TONX,2024-06-27,Morning Star | TONX,2024-07-08,Hammer | TONX,2024-07-16,Piercing Pattern | TONX,2024-08-26,Hammer | TONX,2024-09-12,Dragonfly Doji | TONX,2024-09-19,Hammer | TONX,2024-10-03,Morning Star | TONX,2024-10-17,Morning Star | TONX,2024-10-23,Three White Soldiers | TONX,2024-10-29,Three White Soldiers | TONX,2024-11-19,Morning Star | TONX,2024-11-21,Three White Soldiers | TONX,2024-11-22,Three White Soldiers | TONX,2024-11-25,Hammer | TONX,2024-11-25,Three White Soldiers | TONX,2024-11-26,Three White Soldiers | TONX,2024-12-06,Hammer | TONX,2024-12-11,Hammer | TONX,2024-12-18,Hammer | TONX,2024-12-30,Hammer | TONX,2024-12-30,Morning Star | TONX,2025-01-28,Hammer | TONX,2025-01-28,Dragonfly Doji | TONX,2025-02-13,Bullish Engulfing | TONX,2025-02-26,Hammer | TONX,2025-02-26,Morning Star | TONX,2025-03-03,Bullish Engulfing | TONX,2025-03-06,Hammer | TONX,2025-03-17,Morning Star | TONX,2025-03-21,Bullish Engulfing | TONX,2025-03-28,Hammer | TONX,2025-04-01,Bullish Engulfing | TONX,2025-04-09,Bullish Engulfing | TONX,2025-04-14,Morning Star | TONX,2025-04-22,Three White Soldiers | TONX,2025-04-23,Three White Soldiers | TONX,2025-04-30,Bullish Engulfing | TONX,2025-04-30,Morning Star | TONX,2025-05-02,Three White Soldiers | TONX,2025-05-09,Three White Soldiers | TONX,2025-05-27,Morning Star | TONX,2025-06-04,Morning Star | TONX,2025-06-26,Three White Soldiers | TONX,2025-07-03,Three White Soldiers | TONX,2025-07-15,Morning Star | TONX,2025-08-12,Piercing Pattern | TONX,2025-08-21,Piercing Pattern | TONX,2025-09-04,Hammer | TONX,2025-09-22,Bullish Engulfing | TOP,2023-07-12,Bullish Engulfing | TOP,2023-07-17,Piercing Pattern | TOP,2023-07-19,Bullish Engulfing | TOP,2023-07-28,Piercing Pattern | TOP,2023-08-01,Hammer | TOP,2023-08-08,Hammer | TOP,2023-08-14,Piercing Pattern | TOP,2023-08-18,Bullish Engulfing | TOP,2023-08-28,Morning Star | TOP,2023-09-01,Piercing Pattern | TOP,2023-09-28,Three White Soldiers | TOP,2023-10-02,Hammer | TOP,2023-10-09,Bullish Engulfing | TOP,2023-10-09,Morning Star | TOP,2023-10-26,Piercing Pattern | TOP,2023-11-15,Bullish Engulfing | TOP,2023-11-24,Bullish Engulfing | TOP,2023-11-24,Morning Star | TOP,2023-11-28,Bullish Engulfing | TOP,2023-11-29,Hammer | TOP,2023-12-13,Morning Star | TOP,2024-01-02,Hammer | TOP,2024-01-03,Hammer | TOP,2024-01-03,Dragonfly Doji | TOP,2024-01-24,Bullish Engulfing | TOP,2024-02-06,Hammer | TOP,2024-02-06,Morning Star | TOP,2024-02-07,Three White Soldiers | TOP,2024-02-08,Three White Soldiers | TOP,2024-02-15,Hammer | TOP,2024-02-16,Bullish Engulfing | TOP,2024-02-27,Hammer | TOP,2024-02-28,Hammer | TOP,2024-03-06,Hammer | TOP,2024-03-20,Bullish Engulfing | TOP,2024-04-05,Hammer | TOP,2024-04-08,Bullish Engulfing | TOP,2024-04-08,Morning Star | TOP,2024-04-11,Hammer | TOP,2024-04-23,Three White Soldiers | TOP,2024-04-24,Three White Soldiers | TOP,2024-04-25,Three White Soldiers | TOP,2024-05-09,Hammer | TOP,2024-05-10,Morning Star | TOP,2024-05-22,Hammer | TOP,2024-05-28,Morning Star | TOP,2024-05-30,Hammer | TOP,2024-05-31,Morning Star | TOP,2024-06-14,Three White Soldiers | TOP,2024-06-17,Three White Soldiers | TOP,2024-06-27,Piercing Pattern | TOP,2024-07-09,Hammer | TOP,2024-07-22,Hammer | TOP,2024-07-26,Morning Star | TOP,2024-08-08,Dragonfly Doji | TOP,2024-08-16,Morning Star | TOP,2024-08-21,Bullish Engulfing | TOP,2024-09-26,Morning Star | TOP,2024-10-09,Hammer | TOP,2024-10-28,Bullish Engulfing | TOP,2024-11-05,Morning Star | TOP,2024-11-29,Morning Star | TOP,2024-12-09,Morning Star | TOP,2024-12-10,Hammer | TOP,2024-12-26,Hammer | TOP,2024-12-27,Hammer | TOP,2025-01-15,Morning Star | TOP,2025-02-13,Piercing Pattern | TOP,2025-03-05,Morning Star | TOP,2025-03-14,Morning Star | TOP,2025-03-18,Bullish Engulfing | TOP,2025-03-25,Hammer | TOP,2025-03-25,Three White Soldiers | TOP,2025-03-26,Hammer | TOP,2025-03-26,Three White Soldiers | TOP,2025-04-02,Morning Star | TOP,2025-04-14,Hammer | TOP,2025-05-12,Three White Soldiers | TOP,2025-05-13,Hammer | TOP,2025-05-13,Three White Soldiers | TOP,2025-05-16,Hammer | TOP,2025-05-28,Hammer | TOP,2025-06-10,Morning Star | TOP,2025-06-24,Piercing Pattern | TOP,2025-07-23,Three White Soldiers | TOP,2025-07-31,Bullish Engulfing | TOP,2025-08-05,Morning Star | TOP,2025-08-06,Hammer | TOP,2025-08-08,Hammer | TOP,2025-08-13,Three White Soldiers | TOP,2025-09-03,Dragonfly Doji | TOP,2025-09-16,Bullish Engulfing | TOP,2025-09-29,Piercing Pattern | TORO,2023-07-11,Three White Soldiers | TORO,2023-07-12,Three White Soldiers | TORO,2023-07-14,Piercing Pattern | TORO,2023-07-18,Hammer | TORO,2023-07-20,Bullish Engulfing | TORO,2023-07-24,Three White Soldiers | TORO,2023-07-26,Piercing Pattern | TORO,2023-08-03,Morning Star | TORO,2023-08-07,Three White Soldiers | TORO,2023-08-08,Three White Soldiers | TORO,2023-08-11,Hammer | TORO,2023-08-14,Hammer | TORO,2023-08-14,Three White Soldiers | TORO,2023-08-16,Hammer | TORO,2023-08-17,Bullish Engulfing | TORO,2023-08-23,Piercing Pattern | TORO,2023-08-28,Hammer | TORO,2023-08-30,Bullish Engulfing | TORO,2023-09-01,Three White Soldiers | TORO,2023-09-05,Three White Soldiers | TORO,2023-10-24,Morning Star | TORO,2023-10-25,Dragonfly Doji | TORO,2023-11-03,Bullish Engulfing | TORO,2023-11-17,Three White Soldiers | TORO,2023-11-20,Three White Soldiers | TORO,2023-11-24,Morning Star | TORO,2023-11-27,Three White Soldiers | TORO,2023-12-01,Three White Soldiers | TORO,2023-12-12,Bullish Engulfing | TORO,2023-12-14,Three White Soldiers | TORO,2023-12-15,Three White Soldiers | TORO,2023-12-18,Three White Soldiers | TORO,2023-12-19,Three White Soldiers | TORO,2024-01-02,Bullish Engulfing | TORO,2024-01-04,Three White Soldiers | TORO,2024-01-05,Three White Soldiers | TORO,2024-01-17,Morning Star | TORO,2024-01-24,Three White Soldiers | TORO,2024-01-25,Three White Soldiers | TORO,2024-01-26,Three White Soldiers | TORO,2024-01-29,Three White Soldiers | TORO,2024-01-30,Three White Soldiers | TORO,2024-02-15,Bullish Engulfing | TORO,2024-02-23,Hammer | TORO,2024-02-28,Bullish Engulfing | TORO,2024-03-14,Three White Soldiers | TORO,2024-03-26,Bullish Engulfing | TORO,2024-04-10,Morning Star | TORO,2024-04-12,Hammer | TORO,2024-04-25,Bullish Engulfing | TORO,2024-04-29,Three White Soldiers | TORO,2024-05-03,Morning Star | TORO,2024-05-07,Bullish Engulfing | TORO,2024-06-03,Bullish Engulfing | TORO,2024-06-26,Three White Soldiers | TORO,2024-07-10,Bullish Engulfing | TORO,2024-07-24,Three White Soldiers | TORO,2024-08-09,Three White Soldiers | TORO,2024-08-12,Three White Soldiers | TORO,2024-08-15,Piercing Pattern | TORO,2024-08-21,Bullish Engulfing | TORO,2024-08-30,Bullish Engulfing | TORO,2024-09-09,Bullish Engulfing | TORO,2024-09-11,Bullish Engulfing | TORO,2024-09-16,Piercing Pattern | TORO,2024-10-11,Three White Soldiers | TORO,2024-10-14,Three White Soldiers | TORO,2024-11-18,Bullish Engulfing | TORO,2024-11-20,Three White Soldiers | TORO,2025-01-03,Hammer | TORO,2025-02-20,Bullish Engulfing | TORO,2025-02-28,Piercing Pattern | TORO,2025-03-04,Hammer | TORO,2025-03-10,Hammer | TORO,2025-03-11,Hammer | TORO,2025-03-24,Three White Soldiers | TORO,2025-03-25,Three White Soldiers | TORO,2025-03-26,Three White Soldiers | TORO,2025-03-28,Piercing Pattern | TORO,2025-04-09,Bullish Engulfing | TORO,2025-04-11,Bullish Engulfing | TORO,2025-04-25,Morning Star | TORO,2025-05-01,Bullish Engulfing | TORO,2025-06-17,Bullish Engulfing | TORO,2025-06-30,Morning Star | TORO,2025-07-11,Hammer | TORO,2025-07-11,Three White Soldiers | TORO,2025-07-16,Morning Star | TORO,2025-07-18,Three White Soldiers | TORO,2025-07-23,Hammer | TORO,2025-07-25,Bullish Engulfing | TORO,2025-08-12,Bullish Engulfing | TORO,2025-09-03,Bullish Engulfing | TORO,2025-09-11,Hammer | TOWN,2023-07-12,Morning Star | TOWN,2023-07-17,Bullish Engulfing | TOWN,2023-07-19,Three White Soldiers | TOWN,2023-07-20,Hammer | TOWN,2023-07-24,Bullish Engulfing | TOWN,2023-08-11,Piercing Pattern | TOWN,2023-08-18,Morning Star | TOWN,2023-09-01,Morning Star | TOWN,2023-10-12,Hammer | TOWN,2023-10-17,Morning Star | TOWN,2023-10-25,Piercing Pattern | TOWN,2023-10-27,Three White Soldiers | TOWN,2023-10-30,Three White Soldiers | TOWN,2023-11-01,Hammer | TOWN,2023-11-03,Three White Soldiers | TOWN,2023-11-13,Piercing Pattern | TOWN,2023-11-15,Three White Soldiers | TOWN,2023-12-01,Bullish Engulfing | TOWN,2023-12-19,Bullish Engulfing | TOWN,2023-12-26,Morning Star | TOWN,2024-01-11,Hammer | TOWN,2024-01-19,Hammer | TOWN,2024-01-29,Morning Star | TOWN,2024-02-05,Hammer | TOWN,2024-02-07,Hammer | TOWN,2024-02-15,Morning Star | TOWN,2024-02-22,Hammer | TOWN,2024-03-05,Bullish Engulfing | TOWN,2024-03-15,Piercing Pattern | TOWN,2024-03-21,Three White Soldiers | TOWN,2024-03-27,Morning Star | TOWN,2024-04-03,Piercing Pattern | TOWN,2024-04-22,Three White Soldiers | TOWN,2024-04-23,Three White Soldiers | TOWN,2024-05-01,Morning Star | TOWN,2024-05-02,Hammer | TOWN,2024-05-10,Three White Soldiers | TOWN,2024-05-16,Morning Star | TOWN,2024-05-17,Three White Soldiers | TOWN,2024-05-24,Hammer | TOWN,2024-05-29,Hammer | TOWN,2024-05-30,Morning Star | TOWN,2024-06-06,Bullish Engulfing | TOWN,2024-06-06,Morning Star | TOWN,2024-06-10,Hammer | TOWN,2024-06-13,Hammer | TOWN,2024-06-17,Bullish Engulfing | TOWN,2024-06-26,Bullish Engulfing | TOWN,2024-06-28,Three White Soldiers | TOWN,2024-07-09,Bullish Engulfing | TOWN,2024-07-09,Morning Star | TOWN,2024-07-11,Three White Soldiers | TOWN,2024-07-12,Hammer | TOWN,2024-07-12,Three White Soldiers | TOWN,2024-07-15,Three White Soldiers | TOWN,2024-07-16,Three White Soldiers | TOWN,2024-07-17,Three White Soldiers | TOWN,2024-07-22,Bullish Engulfing | TOWN,2024-07-22,Morning Star | TOWN,2024-08-08,Hammer | TOWN,2024-08-08,Dragonfly Doji | TOWN,2024-08-14,Hammer | TOWN,2024-08-16,Bullish Engulfing | TOWN,2024-08-21,Dragonfly Doji | TOWN,2024-08-22,Morning Star | TOWN,2024-08-28,Bullish Engulfing | TOWN,2024-08-28,Morning Star | TOWN,2024-09-12,Hammer | TOWN,2024-09-19,Morning Star | TOWN,2024-10-03,Morning Star | TOWN,2024-10-14,Three White Soldiers | TOWN,2024-10-15,Three White Soldiers | TOWN,2024-10-16,Three White Soldiers | TOWN,2024-10-17,Three White Soldiers | TOWN,2024-10-23,Bullish Engulfing | TOWN,2024-10-30,Bullish Engulfing | TOWN,2024-11-11,Morning Star | TOWN,2024-11-19,Bullish Engulfing | TOWN,2024-11-19,Morning Star | TOWN,2024-11-25,Three White Soldiers | TOWN,2024-12-04,Bullish Engulfing | TOWN,2024-12-26,Three White Soldiers | TOWN,2025-01-03,Hammer | TOWN,2025-01-06,Morning Star | TOWN,2025-01-23,Morning Star | TOWN,2025-02-05,Three White Soldiers | TOWN,2025-02-06,Three White Soldiers | TOWN,2025-02-11,Bullish Engulfing | TOWN,2025-02-11,Morning Star | TOWN,2025-02-18,Bullish Engulfing | TOWN,2025-02-20,Hammer | TOWN,2025-02-26,Bullish Engulfing | TOWN,2025-02-28,Three White Soldiers | TOWN,2025-03-03,Three White Soldiers | TOWN,2025-03-06,Hammer | TOWN,2025-03-06,Dragonfly Doji | TOWN,2025-04-09,Bullish Engulfing | TOWN,2025-04-10,Hammer | TOWN,2025-04-11,Hammer | TOWN,2025-04-15,Three White Soldiers | TOWN,2025-04-16,Three White Soldiers | TOWN,2025-04-24,Bullish Engulfing | TOWN,2025-04-28,Hammer | TOWN,2025-04-29,Bullish Engulfing | TOWN,2025-05-29,Piercing Pattern | TOWN,2025-06-02,Hammer | TOWN,2025-06-03,Piercing Pattern | TOWN,2025-06-05,Hammer | TOWN,2025-06-06,Morning Star | TOWN,2025-06-10,Three White Soldiers | TOWN,2025-06-12,Hammer | TOWN,2025-06-18,Bullish Engulfing | TOWN,2025-06-23,Bullish Engulfing | TOWN,2025-07-01,Bullish Engulfing | TOWN,2025-07-03,Three White Soldiers | TOWN,2025-07-10,Hammer | TOWN,2025-07-10,Bullish Engulfing | TOWN,2025-07-14,Bullish Engulfing | TOWN,2025-07-23,Hammer | TOWN,2025-08-04,Bullish Engulfing | TOWN,2025-08-05,Hammer | TOWN,2025-08-06,Three White Soldiers | TOWN,2025-08-08,Hammer | TOWN,2025-09-08,Hammer | TOWN,2025-09-11,Morning Star | TOWN,2025-09-18,Morning Star | TOYO,2023-11-13,Dragonfly Doji | TOYO,2024-01-29,Dragonfly Doji | TOYO,2024-03-01,Dragonfly Doji | TOYO,2024-03-04,Dragonfly Doji | TOYO,2024-03-05,Dragonfly Doji | TOYO,2024-03-20,Dragonfly Doji | TOYO,2024-04-02,Hammer | TOYO,2024-04-05,Piercing Pattern | TOYO,2024-04-10,Morning Star | TOYO,2024-04-15,Dragonfly Doji | TOYO,2024-04-17,Dragonfly Doji | TOYO,2024-05-22,Hammer | TOYO,2024-05-30,Bullish Engulfing | TOYO,2024-06-11,Morning Star | TOYO,2024-06-17,Bullish Engulfing | TOYO,2024-06-28,Hammer | TOYO,2024-07-10,Morning Star | TOYO,2024-07-25,Three White Soldiers | TOYO,2024-07-26,Three White Soldiers | TOYO,2024-07-29,Three White Soldiers | TOYO,2024-08-06,Hammer | TOYO,2024-08-09,Morning Star | TOYO,2024-08-12,Three White Soldiers | TOYO,2024-08-23,Hammer | TOYO,2024-08-23,Dragonfly Doji | TOYO,2024-09-17,Morning Star | TOYO,2024-10-08,Bullish Engulfing | TOYO,2024-10-11,Hammer | TOYO,2024-11-01,Hammer | TOYO,2024-11-11,Three White Soldiers | TOYO,2024-11-14,Morning Star | TOYO,2024-11-25,Morning Star | TOYO,2024-12-03,Hammer | TOYO,2024-12-19,Hammer | TOYO,2024-12-24,Bullish Engulfing | TOYO,2024-12-27,Hammer | TOYO,2025-01-13,Piercing Pattern | TOYO,2025-01-17,Hammer | TOYO,2025-02-03,Hammer | TOYO,2025-02-07,Hammer | TOYO,2025-02-13,Piercing Pattern | TOYO,2025-02-27,Morning Star | TOYO,2025-03-14,Three White Soldiers | TOYO,2025-03-17,Three White Soldiers | TOYO,2025-03-18,Three White Soldiers | TOYO,2025-03-19,Three White Soldiers | TOYO,2025-03-25,Piercing Pattern | TOYO,2025-05-01,Piercing Pattern | TOYO,2025-05-12,Morning Star | TOYO,2025-05-15,Bullish Engulfing | TOYO,2025-06-16,Bullish Engulfing | TOYO,2025-06-27,Hammer | TOYO,2025-06-30,Dragonfly Doji | TOYO,2025-07-09,Morning Star | TOYO,2025-07-25,Morning Star | TOYO,2025-07-29,Three White Soldiers | TOYO,2025-07-30,Three White Soldiers | TOYO,2025-07-31,Three White Soldiers | TOYO,2025-08-01,Three White Soldiers | TOYO,2025-08-08,Dragonfly Doji | TOYO,2025-08-11,Bullish Engulfing | TOYO,2025-08-11,Morning Star | TOYO,2025-08-13,Bullish Engulfing | TOYO,2025-08-18,Morning Star | TOYO,2025-08-21,Bullish Engulfing | TOYO,2025-08-26,Three White Soldiers | TOYO,2025-08-29,Morning Star | TOYO,2025-09-03,Three White Soldiers | TOYO,2025-09-11,Morning Star | TOYO,2025-09-22,Morning Star | TOYO,2025-09-24,Piercing Pattern | TPCS,2023-07-07,Morning Star | TPCS,2023-07-13,Hammer | TPCS,2023-07-26,Dragonfly Doji | TPCS,2023-08-11,Morning Star | TPCS,2023-08-14,Dragonfly Doji | TPCS,2023-08-25,Hammer | TPCS,2023-08-28,Morning Star | TPCS,2023-09-27,Morning Star | TPCS,2023-10-12,Hammer | TPCS,2023-10-20,Hammer | TPCS,2023-10-23,Hammer | TPCS,2023-10-23,Dragonfly Doji | TPCS,2023-10-30,Morning Star | TPCS,2023-11-10,Piercing Pattern | TPCS,2023-11-14,Hammer | TPCS,2023-12-01,Hammer | TPCS,2023-12-20,Hammer | TPCS,2023-12-20,Three White Soldiers | TPCS,2023-12-21,Three White Soldiers | TPCS,2023-12-22,Hammer | TPCS,2023-12-22,Three White Soldiers | TPCS,2024-01-02,Piercing Pattern | TPCS,2024-01-29,Hammer | TPCS,2024-02-16,Hammer | TPCS,2024-02-23,Morning Star | TPCS,2024-02-26,Three White Soldiers | TPCS,2024-02-27,Three White Soldiers | TPCS,2024-02-28,Hammer | TPCS,2024-03-06,Hammer | TPCS,2024-03-07,Hammer | TPCS,2024-03-19,Bullish Engulfing | TPCS,2024-03-21,Three White Soldiers | TPCS,2024-04-04,Hammer | TPCS,2024-04-09,Three White Soldiers | TPCS,2024-04-10,Three White Soldiers | TPCS,2024-04-23,Hammer | TPCS,2024-04-25,Dragonfly Doji | TPCS,2024-04-26,Hammer | TPCS,2024-05-02,Morning Star | TPCS,2024-05-15,Hammer | TPCS,2024-05-21,Hammer | TPCS,2024-05-24,Morning Star | TPCS,2024-06-05,Bullish Engulfing | TPCS,2024-06-12,Morning Star | TPCS,2024-06-21,Hammer | TPCS,2024-06-24,Bullish Engulfing | TPCS,2024-06-24,Morning Star | TPCS,2024-06-27,Morning Star | TPCS,2024-07-05,Dragonfly Doji | TPCS,2024-07-10,Piercing Pattern | TPCS,2024-07-12,Hammer | TPCS,2024-07-12,Three White Soldiers | TPCS,2024-07-15,Three White Soldiers | TPCS,2024-07-30,Morning Star | TPCS,2024-08-08,Bullish Engulfing | TPCS,2024-08-08,Morning Star | TPCS,2024-08-20,Piercing Pattern | TPCS,2024-08-30,Bullish Engulfing | TPCS,2024-08-30,Morning Star | TPCS,2024-09-09,Morning Star | TPCS,2024-09-27,Morning Star | TPCS,2024-10-11,Morning Star | TPCS,2024-10-15,Three White Soldiers | TPCS,2024-10-16,Three White Soldiers | TPCS,2024-10-29,Three White Soldiers | TPCS,2024-11-07,Three White Soldiers | TPCS,2024-11-08,Hammer | TPCS,2024-11-11,Bullish Engulfing | TPCS,2024-11-14,Hammer | TPCS,2024-11-26,Bullish Engulfing | TPCS,2024-11-29,Three White Soldiers | TPCS,2024-12-02,Three White Soldiers | TPCS,2024-12-04,Piercing Pattern | TPCS,2024-12-19,Bullish Engulfing | TPCS,2024-12-19,Morning Star | TPCS,2025-01-24,Hammer | TPCS,2025-01-29,Hammer | TPCS,2025-01-29,Morning Star | TPCS,2025-02-05,Morning Star | TPCS,2025-02-10,Hammer | TPCS,2025-02-10,Dragonfly Doji | TPCS,2025-03-05,Morning Star | TPCS,2025-03-31,Hammer | TPCS,2025-04-09,Piercing Pattern | TPCS,2025-04-11,Bullish Engulfing | TPCS,2025-04-17,Morning Star | TPCS,2025-04-24,Morning Star | TPCS,2025-05-05,Hammer | TPCS,2025-05-14,Three White Soldiers | TPCS,2025-05-15,Three White Soldiers | TPCS,2025-05-27,Morning Star | TPCS,2025-06-04,Morning Star | TPCS,2025-06-10,Hammer | TPCS,2025-06-17,Morning Star | TPCS,2025-07-23,Morning Star | TPCS,2025-07-25,Three White Soldiers | TPCS,2025-07-28,Three White Soldiers | TPCS,2025-08-05,Three White Soldiers | TPCS,2025-08-08,Morning Star | TPCS,2025-08-15,Bullish Engulfing | TPCS,2025-08-28,Three White Soldiers | TPCS,2025-09-03,Morning Star | TPCS,2025-09-10,Piercing Pattern | TPCS,2025-09-18,Hammer | TPCS,2025-09-18,Dragonfly Doji | TPCS,2025-09-19,Hammer | TPCS,2025-09-24,Piercing Pattern | TPGXL,2024-03-07,Three White Soldiers | TPGXL,2024-03-08,Three White Soldiers | TPGXL,2024-03-11,Three White Soldiers | TPGXL,2024-03-12,Three White Soldiers | TPGXL,2024-04-08,Hammer | TPGXL,2024-04-11,Bullish Engulfing | TPGXL,2024-04-16,Hammer | TPGXL,2024-04-24,Hammer | TPGXL,2024-05-03,Hammer | TPGXL,2024-05-16,Hammer | TPGXL,2024-05-23,Morning Star | TPGXL,2024-05-24,Three White Soldiers | TPGXL,2024-05-30,Piercing Pattern | TPGXL,2024-06-03,Hammer | TPGXL,2024-06-10,Hammer | TPGXL,2024-06-26,Piercing Pattern | TPGXL,2024-07-03,Morning Star | TPGXL,2024-07-10,Hammer | TPGXL,2024-07-11,Morning Star | TPGXL,2024-07-29,Hammer | TPGXL,2024-08-12,Hammer | TPGXL,2024-08-13,Dragonfly Doji | TPGXL,2024-08-14,Morning Star | TPGXL,2024-08-16,Three White Soldiers | TPGXL,2024-08-19,Three White Soldiers | TPGXL,2024-09-10,Hammer | TPGXL,2024-09-20,Morning Star | TPGXL,2024-09-24,Three White Soldiers | TPGXL,2024-09-25,Hammer | TPGXL,2024-09-27,Morning Star | TPGXL,2024-09-30,Hammer | TPGXL,2024-10-09,Hammer | TPGXL,2024-10-09,Morning Star | TPGXL,2024-10-22,Hammer | TPGXL,2024-10-23,Morning Star | TPGXL,2024-11-04,Morning Star | TPGXL,2024-11-06,Hammer | TPGXL,2024-11-08,Morning Star | TPGXL,2024-11-20,Hammer | TPGXL,2024-12-05,Hammer | TPGXL,2024-12-17,Morning Star | TPGXL,2024-12-26,Hammer | TPGXL,2025-01-03,Morning Star | TPGXL,2025-01-15,Morning Star | TPGXL,2025-01-24,Bullish Engulfing | TPGXL,2025-01-27,Hammer | TPGXL,2025-02-05,Hammer | TPGXL,2025-02-07,Hammer | TPGXL,2025-02-07,Dragonfly Doji | TPGXL,2025-02-10,Bullish Engulfing | TPGXL,2025-02-20,Dragonfly Doji | TPGXL,2025-02-21,Hammer | TPGXL,2025-02-21,Morning Star | TPGXL,2025-02-24,Hammer | TPGXL,2025-02-24,Three White Soldiers | TPGXL,2025-02-25,Three White Soldiers | TPGXL,2025-02-25,Dragonfly Doji | TPGXL,2025-02-26,Hammer | TPGXL,2025-02-26,Three White Soldiers | TPGXL,2025-02-27,Three White Soldiers | TPGXL,2025-03-04,Dragonfly Doji | TPGXL,2025-03-05,Hammer | TPGXL,2025-03-06,Hammer | TPGXL,2025-03-07,Hammer | TPGXL,2025-03-13,Hammer | TPGXL,2025-03-18,Dragonfly Doji | TPGXL,2025-04-04,Hammer | TPGXL,2025-04-09,Piercing Pattern | TPGXL,2025-04-10,Hammer | TPGXL,2025-04-25,Dragonfly Doji | TPGXL,2025-05-02,Piercing Pattern | TPGXL,2025-05-14,Hammer | TPGXL,2025-05-14,Dragonfly Doji | TPGXL,2025-05-19,Hammer | TPGXL,2025-05-20,Hammer | TPGXL,2025-06-05,Morning Star | TPGXL,2025-06-10,Morning Star | TPGXL,2025-06-17,Three White Soldiers | TPGXL,2025-06-18,Three White Soldiers | TPGXL,2025-06-20,Three White Soldiers | TPGXL,2025-07-02,Morning Star | TPGXL,2025-07-03,Hammer | TPGXL,2025-07-30,Hammer | TPGXL,2025-07-31,Bullish Engulfing | TPG,2023-07-06,Dragonfly Doji | TPG,2023-07-07,Morning Star | TPG,2023-07-14,Hammer | TPG,2023-07-14,Dragonfly Doji | TPG,2023-07-17,Bullish Engulfing | TPG,2023-07-19,Three White Soldiers | TPG,2023-07-20,Hammer | TPG,2023-07-20,Three White Soldiers | TPG,2023-08-03,Bullish Engulfing | TPG,2023-08-07,Hammer | TPG,2023-08-11,Hammer | TPG,2023-08-11,Morning Star | TPG,2023-08-18,Piercing Pattern | TPG,2023-08-22,Bullish Engulfing | TPG,2023-08-28,Morning Star | TPG,2023-08-31,Hammer | TPG,2023-09-07,Bullish Engulfing | TPG,2023-09-11,Three White Soldiers | TPG,2023-09-12,Three White Soldiers | TPG,2023-09-13,Three White Soldiers | TPG,2023-09-14,Hammer | TPG,2023-09-14,Three White Soldiers | TPG,2023-09-25,Morning Star | TPG,2023-10-06,Three White Soldiers | TPG,2023-10-09,Three White Soldiers | TPG,2023-10-10,Three White Soldiers | TPG,2023-10-11,Three White Soldiers | TPG,2023-10-13,Hammer | TPG,2023-10-23,Bullish Engulfing | TPG,2023-10-26,Piercing Pattern | TPG,2023-11-03,Three White Soldiers | TPG,2023-11-14,Three White Soldiers | TPG,2023-11-15,Three White Soldiers | TPG,2023-12-01,Piercing Pattern | TPG,2023-12-05,Three White Soldiers | TPG,2023-12-06,Three White Soldiers | TPG,2023-12-07,Three White Soldiers | TPG,2023-12-08,Three White Soldiers | TPG,2023-12-11,Three White Soldiers | TPG,2023-12-13,Bullish Engulfing | TPG,2023-12-15,Three White Soldiers | TPG,2023-12-22,Hammer | TPG,2023-12-22,Three White Soldiers | TPG,2024-01-11,Three White Soldiers | TPG,2024-01-16,Hammer | TPG,2024-01-18,Hammer | TPG,2024-01-19,Three White Soldiers | TPG,2024-01-22,Three White Soldiers | TPG,2024-01-25,Hammer | TPG,2024-01-29,Three White Soldiers | TPG,2024-01-30,Three White Soldiers | TPG,2024-02-02,Morning Star | TPG,2024-02-07,Three White Soldiers | TPG,2024-02-08,Three White Soldiers | TPG,2024-02-09,Three White Soldiers | TPG,2024-02-12,Three White Soldiers | TPG,2024-03-01,Three White Soldiers | TPG,2024-03-04,Three White Soldiers | TPG,2024-03-13,Morning Star | TPG,2024-03-18,Hammer | TPG,2024-03-19,Bullish Engulfing | TPG,2024-03-21,Three White Soldiers | TPG,2024-04-02,Hammer | TPG,2024-04-03,Morning Star | TPG,2024-04-08,Morning Star | TPG,2024-04-22,Hammer | TPG,2024-05-06,Morning Star | TPG,2024-05-15,Morning Star | TPG,2024-05-20,Piercing Pattern | TPG,2024-05-31,Hammer | TPG,2024-05-31,Dragonfly Doji | TPG,2024-06-05,Hammer | TPG,2024-06-05,Dragonfly Doji | TPG,2024-06-10,Bullish Engulfing | TPG,2024-06-12,Three White Soldiers | TPG,2024-06-13,Three White Soldiers | TPG,2024-06-24,Bullish Engulfing | TPG,2024-06-27,Bullish Engulfing | TPG,2024-07-03,Hammer | TPG,2024-07-10,Morning Star | TPG,2024-07-12,Three White Soldiers | TPG,2024-07-15,Three White Soldiers | TPG,2024-07-16,Three White Soldiers | TPG,2024-07-17,Hammer | TPG,2024-07-18,Bullish Engulfing | TPG,2024-07-23,Morning Star | TPG,2024-08-05,Hammer | TPG,2024-08-15,Three White Soldiers | TPG,2024-08-16,Three White Soldiers | TPG,2024-08-19,Three White Soldiers | TPG,2024-08-27,Three White Soldiers | TPG,2024-09-04,Piercing Pattern | TPG,2024-09-10,Morning Star | TPG,2024-09-11,Three White Soldiers | TPG,2024-09-12,Three White Soldiers | TPG,2024-09-13,Three White Soldiers | TPG,2024-09-16,Three White Soldiers | TPG,2024-10-04,Three White Soldiers | TPG,2024-10-09,Piercing Pattern | TPG,2024-10-11,Bullish Engulfing | TPG,2024-10-16,Hammer | TPG,2024-10-17,Three White Soldiers | TPG,2024-10-18,Three White Soldiers | TPG,2024-10-21,Three White Soldiers | TPG,2024-11-15,Hammer | TPG,2024-12-11,Morning Star | TPG,2024-12-20,Bullish Engulfing | TPG,2025-01-06,Hammer | TPG,2025-01-15,Three White Soldiers | TPG,2025-01-28,Hammer | TPG,2025-02-18,Morning Star | TPG,2025-02-19,Three White Soldiers | TPG,2025-03-07,Hammer | TPG,2025-03-17,Morning Star | TPG,2025-03-31,Hammer | TPG,2025-04-04,Hammer | TPG,2025-04-09,Bullish Engulfing | TPG,2025-04-10,Hammer | TPG,2025-04-11,Bullish Engulfing | TPG,2025-04-29,Hammer | TPG,2025-04-29,Three White Soldiers | TPG,2025-05-09,Morning Star | TPG,2025-05-13,Hammer | TPG,2025-05-29,Hammer | TPG,2025-06-02,Hammer | TPG,2025-06-02,Bullish Engulfing | TPG,2025-06-06,Morning Star | TPG,2025-06-18,Bullish Engulfing | TPG,2025-06-23,Hammer | TPG,2025-07-09,Morning Star | TPG,2025-07-10,Three White Soldiers | TPG,2025-07-14,Hammer | TPG,2025-07-23,Morning Star | TPG,2025-07-25,Hammer | TPG,2025-07-25,Three White Soldiers | TPG,2025-08-01,Hammer | TPG,2025-08-13,Hammer | TPG,2025-08-21,Piercing Pattern | TPG,2025-08-26,Bullish Engulfing | TPG,2025-09-02,Hammer | TPG,2025-09-11,Three White Soldiers | TPG,2025-09-16,Bullish Engulfing | TPG,2025-09-16,Morning Star | TPG,2025-09-18,Three White Soldiers | TPG,2025-09-19,Hammer | TPG,2025-09-22,Bullish Engulfing | TPLS,2025-02-28,Morning Star | TPLS,2025-03-13,Bullish Engulfing | TPLS,2025-03-19,Morning Star | TPLS,2025-04-09,Bullish Engulfing | TPLS,2025-04-15,Three White Soldiers | TPLS,2025-04-25,Morning Star | TPLS,2025-04-30,Morning Star | TPLS,2025-05-15,Dragonfly Doji | TPLS,2025-05-22,Piercing Pattern | TPLS,2025-06-20,Bullish Engulfing | TPLS,2025-07-07,Dragonfly Doji | TPLS,2025-08-04,Morning Star | TPLS,2025-08-13,Dragonfly Doji | TPLS,2025-08-20,Morning Star | TPLS,2025-08-21,Dragonfly Doji | TPLS,2025-08-22,Hammer | TPLS,2025-09-09,Morning Star | TPST,2023-07-13,Morning Star | TPST,2023-07-18,Hammer | TPST,2023-07-24,Dragonfly Doji | TPST,2023-07-28,Morning Star | TPST,2023-08-02,Hammer | TPST,2023-08-22,Hammer | TPST,2023-09-12,Morning Star | TPST,2023-09-18,Hammer | TPST,2023-10-10,Hammer | TPST,2023-10-10,Dragonfly Doji | TPST,2023-10-11,Morning Star | TPST,2023-10-16,Morning Star | TPST,2023-10-31,Piercing Pattern | TPST,2023-11-17,Bullish Engulfing | TPST,2023-11-21,Three White Soldiers | TPST,2023-11-22,Three White Soldiers | TPST,2023-12-07,Piercing Pattern | TPST,2023-12-11,Hammer | TPST,2023-12-14,Three White Soldiers | TPST,2023-12-27,Three White Soldiers | TPST,2024-01-03,Morning Star | TPST,2024-01-08,Morning Star | TPST,2024-01-17,Hammer | TPST,2024-01-18,Hammer | TPST,2024-01-29,Morning Star | TPST,2024-01-31,Piercing Pattern | TPST,2024-02-06,Bullish Engulfing | TPST,2024-02-12,Morning Star | TPST,2024-02-22,Bullish Engulfing | TPST,2024-02-26,Three White Soldiers | TPST,2024-03-06,Morning Star | TPST,2024-03-12,Hammer | TPST,2024-03-15,Bullish Engulfing | TPST,2024-03-22,Piercing Pattern | TPST,2024-04-01,Three White Soldiers | TPST,2024-04-22,Morning Star | TPST,2024-04-25,Bullish Engulfing | TPST,2024-05-01,Morning Star | TPST,2024-05-14,Morning Star | TPST,2024-05-29,Bullish Engulfing | TPST,2024-06-04,Hammer | TPST,2024-06-05,Morning Star | TPST,2024-06-10,Bullish Engulfing | TPST,2024-06-17,Hammer | TPST,2024-06-24,Hammer | TPST,2024-06-26,Bullish Engulfing | TPST,2024-06-28,Three White Soldiers | TPST,2024-07-09,Hammer | TPST,2024-07-23,Hammer | TPST,2024-07-26,Hammer | TPST,2024-07-29,Bullish Engulfing | TPST,2024-08-14,Morning Star | TPST,2024-08-15,Three White Soldiers | TPST,2024-08-20,Hammer | TPST,2024-08-21,Bullish Engulfing | TPST,2024-09-05,Morning Star | TPST,2024-09-09,Hammer | TPST,2024-09-26,Morning Star | TPST,2024-09-30,Three White Soldiers | TPST,2024-10-04,Three White Soldiers | TPST,2024-10-14,Hammer | TPST,2024-11-04,Bullish Engulfing | TPST,2024-11-04,Morning Star | TPST,2024-11-06,Three White Soldiers | TPST,2024-11-07,Three White Soldiers | TPST,2024-11-08,Three White Soldiers | TPST,2024-11-18,Hammer | TPST,2024-11-25,Three White Soldiers | TPST,2024-11-26,Three White Soldiers | TPST,2024-11-27,Three White Soldiers | TPST,2024-12-06,Morning Star | TPST,2025-01-08,Bullish Engulfing | TPST,2025-01-08,Morning Star | TPST,2025-01-13,Hammer | TPST,2025-01-17,Morning Star | TPST,2025-01-22,Hammer | TPST,2025-01-23,Bullish Engulfing | TPST,2025-01-23,Morning Star | TPST,2025-01-30,Morning Star | TPST,2025-02-13,Three White Soldiers | TPST,2025-02-19,Hammer | TPST,2025-03-06,Three White Soldiers | TPST,2025-03-07,Three White Soldiers | TPST,2025-03-17,Hammer | TPST,2025-04-02,Bullish Engulfing | TPST,2025-04-02,Morning Star | TPST,2025-04-14,Morning Star | TPST,2025-04-15,Three White Soldiers | TPST,2025-04-24,Three White Soldiers | TPST,2025-05-15,Hammer | TPST,2025-05-16,Bullish Engulfing | TPST,2025-06-02,Morning Star | TPST,2025-06-17,Hammer | TPST,2025-06-25,Three White Soldiers | TPST,2025-07-24,Bullish Engulfing | TPST,2025-08-01,Piercing Pattern | TPST,2025-08-08,Bullish Engulfing | TPST,2025-08-08,Morning Star | TPST,2025-08-14,Hammer | TPST,2025-08-14,Three White Soldiers | TPST,2025-08-15,Three White Soldiers | TPST,2025-08-25,Three White Soldiers | TPST,2025-08-26,Three White Soldiers | TPST,2025-09-02,Bullish Engulfing | TPST,2025-09-26,Three White Soldiers | TPST,2025-09-29,Three White Soldiers | TQQQ,2023-07-06,Hammer | TQQQ,2023-07-11,Morning Star | TQQQ,2023-07-12,Three White Soldiers | TQQQ,2023-07-13,Three White Soldiers | TQQQ,2023-07-25,Morning Star | TQQQ,2023-08-08,Hammer | TQQQ,2023-08-14,Morning Star | TQQQ,2023-08-29,Bullish Engulfing | TQQQ,2023-08-31,Three White Soldiers | TQQQ,2023-09-11,Three White Soldiers | TQQQ,2023-09-14,Morning Star | TQQQ,2023-09-25,Piercing Pattern | TQQQ,2023-09-28,Bullish Engulfing | TQQQ,2023-09-28,Morning Star | TQQQ,2023-10-05,Hammer | TQQQ,2023-10-06,Bullish Engulfing | TQQQ,2023-10-10,Three White Soldiers | TQQQ,2023-10-11,Three White Soldiers | TQQQ,2023-10-30,Morning Star | TQQQ,2023-11-01,Three White Soldiers | TQQQ,2023-11-02,Three White Soldiers | TQQQ,2023-11-03,Three White Soldiers | TQQQ,2023-11-06,Three White Soldiers | TQQQ,2023-11-07,Three White Soldiers | TQQQ,2023-11-20,Three White Soldiers | TQQQ,2023-11-21,Hammer | TQQQ,2023-11-30,Hammer | TQQQ,2023-12-01,Piercing Pattern | TQQQ,2023-12-04,Dragonfly Doji | TQQQ,2023-12-08,Morning Star | TQQQ,2023-12-11,Three White Soldiers | TQQQ,2023-12-12,Three White Soldiers | TQQQ,2023-12-13,Three White Soldiers | TQQQ,2023-12-19,Three White Soldiers | TQQQ,2023-12-21,Hammer | TQQQ,2024-01-09,Three White Soldiers | TQQQ,2024-01-10,Three White Soldiers | TQQQ,2024-01-17,Hammer | TQQQ,2024-01-19,Three White Soldiers | TQQQ,2024-01-29,Morning Star | TQQQ,2024-02-05,Hammer | TQQQ,2024-02-09,Three White Soldiers | TQQQ,2024-02-15,Hammer | TQQQ,2024-02-15,Three White Soldiers | TQQQ,2024-02-21,Hammer | TQQQ,2024-03-07,Morning Star | TQQQ,2024-03-12,Morning Star | TQQQ,2024-03-19,Piercing Pattern | TQQQ,2024-03-27,Hammer | TQQQ,2024-04-02,Hammer | TQQQ,2024-04-09,Hammer | TQQQ,2024-04-23,Morning Star | TQQQ,2024-05-02,Hammer | TQQQ,2024-05-06,Three White Soldiers | TQQQ,2024-05-09,Hammer | TQQQ,2024-05-14,Bullish Engulfing | TQQQ,2024-05-28,Hammer | TQQQ,2024-05-28,Morning Star | TQQQ,2024-05-31,Dragonfly Doji | TQQQ,2024-06-03,Hammer | TQQQ,2024-06-04,Piercing Pattern | TQQQ,2024-06-10,Morning Star | TQQQ,2024-06-12,Three White Soldiers | TQQQ,2024-06-13,Hammer | TQQQ,2024-06-14,Bullish Engulfing | TQQQ,2024-06-18,Three White Soldiers | TQQQ,2024-06-27,Three White Soldiers | TQQQ,2024-07-01,Hammer | TQQQ,2024-07-03,Three White Soldiers | TQQQ,2024-07-05,Three White Soldiers | TQQQ,2024-07-08,Three White Soldiers | TQQQ,2024-07-16,Hammer | TQQQ,2024-07-22,Hammer | TQQQ,2024-08-12,Three White Soldiers | TQQQ,2024-08-13,Three White Soldiers | TQQQ,2024-08-19,Three White Soldiers | TQQQ,2024-08-30,Hammer | TQQQ,2024-09-09,Hammer | TQQQ,2024-09-10,Morning Star | TQQQ,2024-09-11,Three White Soldiers | TQQQ,2024-09-12,Three White Soldiers | TQQQ,2024-09-13,Three White Soldiers | TQQQ,2024-09-25,Three White Soldiers | TQQQ,2024-10-04,Dragonfly Doji | TQQQ,2024-10-21,Morning Star | TQQQ,2024-10-25,Morning Star | TQQQ,2024-11-07,Three White Soldiers | TQQQ,2024-11-08,Three White Soldiers | TQQQ,2024-11-19,Morning Star | TQQQ,2024-11-20,Dragonfly Doji | TQQQ,2024-11-21,Hammer | TQQQ,2024-12-03,Three White Soldiers | TQQQ,2024-12-04,Three White Soldiers | TQQQ,2024-12-16,Morning Star | TQQQ,2024-12-20,Piercing Pattern | TQQQ,2024-12-24,Three White Soldiers | TQQQ,2025-01-17,Hammer | TQQQ,2025-01-21,Morning Star | TQQQ,2025-01-22,Morning Star | TQQQ,2025-01-29,Hammer | TQQQ,2025-02-05,Three White Soldiers | TQQQ,2025-02-06,Three White Soldiers | TQQQ,2025-02-11,Morning Star | TQQQ,2025-02-14,Three White Soldiers | TQQQ,2025-02-18,Hammer | TQQQ,2025-02-20,Hammer | TQQQ,2025-03-07,Piercing Pattern | TQQQ,2025-03-12,Hammer | TQQQ,2025-03-25,Three White Soldiers | TQQQ,2025-04-09,Bullish Engulfing | TQQQ,2025-04-11,Piercing Pattern | TQQQ,2025-04-29,Bullish Engulfing | TQQQ,2025-05-12,Hammer | TQQQ,2025-05-13,Morning Star | TQQQ,2025-05-14,Three White Soldiers | TQQQ,2025-05-16,Hammer | TQQQ,2025-05-20,Hammer | TQQQ,2025-06-02,Bullish Engulfing | TQQQ,2025-06-04,Three White Soldiers | TQQQ,2025-06-09,Morning Star | TQQQ,2025-06-30,Three White Soldiers | TQQQ,2025-07-02,Bullish Engulfing | TQQQ,2025-07-16,Dragonfly Doji | TQQQ,2025-07-17,Morning Star | TQQQ,2025-07-25,Bullish Engulfing | TQQQ,2025-08-20,Hammer | TQQQ,2025-08-22,Morning Star | TQQQ,2025-08-26,Bullish Engulfing | TQQQ,2025-08-28,Three White Soldiers | TQQQ,2025-09-04,Three White Soldiers | TQQQ,2025-09-09,Hammer | TQQQ,2025-09-09,Morning Star | TQQQ,2025-09-12,Morning Star | TQQQ,2025-09-15,Three White Soldiers | TQQQ,2025-09-17,Hammer | TQQQ,2025-09-19,Morning Star | TQQQ,2025-09-22,Three White Soldiers | TQQY,2025-03-20,Three White Soldiers | TQQY,2025-03-24,Hammer | TQQY,2025-03-24,Dragonfly Doji | TQQY,2025-03-25,Bullish Engulfing | TQQY,2025-04-02,Three White Soldiers | TQQY,2025-04-04,Hammer | TQQY,2025-04-10,Hammer | TQQY,2025-04-14,Three White Soldiers | TQQY,2025-04-15,Three White Soldiers | TQQY,2025-04-25,Hammer | TQQY,2025-04-28,Hammer | TQQY,2025-04-29,Bullish Engulfing | TQQY,2025-05-02,Three White Soldiers | TQQY,2025-05-07,Hammer | TQQY,2025-05-09,Three White Soldiers | TQQY,2025-05-12,Hammer | TQQY,2025-05-29,Dragonfly Doji | TQQY,2025-05-30,Morning Star | TQQY,2025-06-03,Three White Soldiers | TQQY,2025-06-04,Three White Soldiers | TQQY,2025-06-06,Dragonfly Doji | TQQY,2025-06-09,Morning Star | TQQY,2025-06-12,Bullish Engulfing | TQQY,2025-06-18,Piercing Pattern | TQQY,2025-06-23,Piercing Pattern | TQQY,2025-06-25,Three White Soldiers | TQQY,2025-06-30,Hammer | TQQY,2025-07-01,Hammer | TQQY,2025-07-02,Bullish Engulfing | TQQY,2025-07-08,Hammer | TQQY,2025-07-08,Dragonfly Doji | TQQY,2025-07-09,Morning Star | TQQY,2025-07-10,Hammer | TQQY,2025-07-16,Hammer | TQQY,2025-07-16,Dragonfly Doji | TQQY,2025-07-25,Three White Soldiers | TQQY,2025-08-06,Bullish Engulfing | TQQY,2025-08-08,Piercing Pattern | TQQY,2025-08-14,Bullish Engulfing | TQQY,2025-08-18,Hammer | TQQY,2025-08-20,Hammer | TQQY,2025-08-22,Bullish Engulfing | TQQY,2025-08-26,Bullish Engulfing | TQQY,2025-08-28,Three White Soldiers | TQQY,2025-08-29,Hammer | TQQY,2025-09-04,Three White Soldiers | TQQY,2025-09-05,Hammer | TQQY,2025-09-05,Three White Soldiers | TQQY,2025-09-08,Three White Soldiers | TQQY,2025-09-09,Three White Soldiers | TQQY,2025-09-12,Morning Star | TQQY,2025-09-15,Morning Star | TQQY,2025-09-18,Morning Star | TQQY,2025-09-26,Hammer | TQQY,2025-09-29,Three White Soldiers | TRAW,2023-07-07,Dragonfly Doji | TRAW,2023-07-10,Morning Star | TRAW,2023-07-11,Dragonfly Doji | TRAW,2023-08-23,Hammer | TRAW,2023-08-29,Hammer | TRAW,2023-09-15,Morning Star | TRAW,2023-10-23,Bullish Engulfing | TRAW,2023-10-26,Hammer | TRAW,2023-11-01,Hammer | TRAW,2023-11-20,Dragonfly Doji | TRAW,2023-11-24,Bullish Engulfing | TRAW,2023-11-30,Bullish Engulfing | TRAW,2023-12-29,Three White Soldiers | TRAW,2024-01-04,Piercing Pattern | TRAW,2024-02-27,Three White Soldiers | TRAW,2024-03-04,Morning Star | TRAW,2024-03-07,Bullish Engulfing | TRAW,2024-03-22,Hammer | TRAW,2024-03-28,Three White Soldiers | TRAW,2024-04-02,Dragonfly Doji | TRAW,2024-06-10,Three White Soldiers | TRAW,2024-06-27,Morning Star | TRAW,2024-07-23,Dragonfly Doji | TRAW,2024-10-02,Hammer | TRAW,2024-10-03,Hammer | TRAW,2024-10-09,Hammer | TRAW,2024-10-10,Bullish Engulfing | TRAW,2024-10-18,Morning Star | TRAW,2024-10-23,Hammer | TRAW,2024-10-24,Bullish Engulfing | TRAW,2024-11-11,Three White Soldiers | TRAW,2024-11-14,Hammer | TRAW,2024-11-29,Dragonfly Doji | TRAW,2024-12-09,Piercing Pattern | TRAW,2024-12-23,Morning Star | TRAW,2025-01-02,Hammer | TRAW,2025-01-06,Morning Star | TRAW,2025-01-23,Morning Star | TRAW,2025-01-24,Three White Soldiers | TRAW,2025-01-27,Hammer | TRAW,2025-01-28,Bullish Engulfing | TRAW,2025-02-03,Bullish Engulfing | TRAW,2025-02-05,Three White Soldiers | TRAW,2025-02-06,Hammer | TRAW,2025-02-20,Hammer | TRAW,2025-02-28,Hammer | TRAW,2025-03-10,Hammer | TRAW,2025-03-11,Bullish Engulfing | TRAW,2025-03-13,Hammer | TRAW,2025-04-02,Bullish Engulfing | TRAW,2025-04-11,Bullish Engulfing | TRAW,2025-04-15,Three White Soldiers | TRAW,2025-04-30,Piercing Pattern | TRAW,2025-05-16,Piercing Pattern | TRAW,2025-05-27,Three White Soldiers | TRAW,2025-06-06,Bullish Engulfing | TRAW,2025-07-08,Morning Star | TRAW,2025-07-10,Hammer | TRAW,2025-08-11,Bullish Engulfing | TRAW,2025-08-11,Morning Star | TRAW,2025-08-22,Three White Soldiers | TRAW,2025-08-29,Hammer | TRAW,2025-09-02,Bullish Engulfing | TRAW,2025-09-04,Hammer | TRAW,2025-09-04,Three White Soldiers | TRAW,2025-09-05,Three White Soldiers | TRAW,2025-09-08,Three White Soldiers | TRAW,2025-09-09,Three White Soldiers | TRAW,2025-09-15,Three White Soldiers | TRDA,2023-07-07,Bullish Engulfing | TRDA,2023-07-11,Three White Soldiers | TRDA,2023-07-18,Three White Soldiers | TRDA,2023-07-26,Bullish Engulfing | TRDA,2023-07-31,Dragonfly Doji | TRDA,2023-08-04,Hammer | TRDA,2023-08-08,Bullish Engulfing | TRDA,2023-08-15,Piercing Pattern | TRDA,2023-09-06,Hammer | TRDA,2023-09-14,Bullish Engulfing | TRDA,2023-09-22,Bullish Engulfing | TRDA,2023-09-28,Three White Soldiers | TRDA,2023-10-16,Morning Star | TRDA,2023-10-17,Three White Soldiers | TRDA,2023-10-30,Three White Soldiers | TRDA,2023-10-31,Three White Soldiers | TRDA,2023-11-08,Hammer | TRDA,2023-11-10,Dragonfly Doji | TRDA,2023-11-21,Bullish Engulfing | TRDA,2023-12-04,Hammer | TRDA,2023-12-05,Three White Soldiers | TRDA,2023-12-08,Bullish Engulfing | TRDA,2023-12-13,Morning Star | TRDA,2023-12-18,Bullish Engulfing | TRDA,2023-12-19,Hammer | TRDA,2023-12-20,Bullish Engulfing | TRDA,2023-12-27,Three White Soldiers | TRDA,2024-01-05,Morning Star | TRDA,2024-01-09,Three White Soldiers | TRDA,2024-01-17,Piercing Pattern | TRDA,2024-01-29,Bullish Engulfing | TRDA,2024-01-29,Morning Star | TRDA,2024-02-21,Hammer | TRDA,2024-03-01,Morning Star | TRDA,2024-03-13,Morning Star | TRDA,2024-03-19,Piercing Pattern | TRDA,2024-03-21,Three White Soldiers | TRDA,2024-04-19,Bullish Engulfing | TRDA,2024-05-07,Morning Star | TRDA,2024-05-15,Morning Star | TRDA,2024-05-16,Morning Star | TRDA,2024-05-20,Piercing Pattern | TRDA,2024-05-22,Three White Soldiers | TRDA,2024-05-28,Morning Star | TRDA,2024-06-05,Morning Star | TRDA,2024-06-13,Bullish Engulfing | TRDA,2024-06-21,Bullish Engulfing | TRDA,2024-06-25,Piercing Pattern | TRDA,2024-07-03,Piercing Pattern | TRDA,2024-07-05,Hammer | TRDA,2024-07-09,Three White Soldiers | TRDA,2024-07-10,Three White Soldiers | TRDA,2024-07-11,Three White Soldiers | TRDA,2024-07-23,Bullish Engulfing | TRDA,2024-08-12,Piercing Pattern | TRDA,2024-08-13,Hammer | TRDA,2024-08-13,Dragonfly Doji | TRDA,2024-08-14,Hammer | TRDA,2024-08-16,Morning Star | TRDA,2024-08-23,Hammer | TRDA,2024-08-26,Morning Star | TRDA,2024-10-01,Hammer | TRDA,2024-10-02,Morning Star | TRDA,2024-10-03,Three White Soldiers | TRDA,2024-10-04,Three White Soldiers | TRDA,2024-10-11,Bullish Engulfing | TRDA,2024-10-11,Morning Star | TRDA,2024-10-17,Hammer | TRDA,2024-10-28,Morning Star | TRDA,2024-11-05,Three White Soldiers | TRDA,2024-11-07,Piercing Pattern | TRDA,2024-11-12,Hammer | TRDA,2024-11-19,Piercing Pattern | TRDA,2024-11-21,Three White Soldiers | TRDA,2024-11-22,Three White Soldiers | TRDA,2024-11-26,Bullish Engulfing | TRDA,2024-11-29,Three White Soldiers | TRDA,2024-12-02,Three White Soldiers | TRDA,2024-12-05,Bullish Engulfing | TRDA,2024-12-16,Bullish Engulfing | TRDA,2025-01-03,Morning Star | TRDA,2025-01-23,Piercing Pattern | TRDA,2025-02-05,Three White Soldiers | TRDA,2025-02-12,Bullish Engulfing | TRDA,2025-02-20,Bullish Engulfing | TRDA,2025-03-07,Morning Star | TRDA,2025-03-11,Bullish Engulfing | TRDA,2025-04-09,Piercing Pattern | TRDA,2025-04-16,Dragonfly Doji | TRDA,2025-04-25,Hammer | TRDA,2025-04-29,Bullish Engulfing | TRDA,2025-04-29,Morning Star | TRDA,2025-05-08,Bullish Engulfing | TRDA,2025-05-15,Hammer | TRDA,2025-05-27,Morning Star | TRDA,2025-05-29,Three White Soldiers | TRDA,2025-06-05,Piercing Pattern | TRDA,2025-06-26,Hammer | TRDA,2025-07-01,Bullish Engulfing | TRDA,2025-07-14,Bullish Engulfing | TRDA,2025-07-30,Morning Star | TRDA,2025-08-04,Bullish Engulfing | TRDA,2025-08-06,Hammer | TRDA,2025-08-06,Bullish Engulfing | TRDA,2025-08-21,Bullish Engulfing | TRDA,2025-08-27,Bullish Engulfing | TRDA,2025-09-10,Piercing Pattern | TRDA,2025-09-25,Morning Star | TRDA,2025-09-26,Three White Soldiers | TRDA,2025-09-29,Three White Soldiers | TREE,2023-07-12,Three White Soldiers | TREE,2023-07-13,Three White Soldiers | TREE,2023-07-19,Three White Soldiers | TREE,2023-07-20,Three White Soldiers | TREE,2023-07-26,Bullish Engulfing | TREE,2023-08-02,Hammer | TREE,2023-08-07,Hammer | TREE,2023-08-07,Dragonfly Doji | TREE,2023-08-14,Hammer | TREE,2023-08-15,Dragonfly Doji | TREE,2023-08-23,Bullish Engulfing | TREE,2023-08-23,Morning Star | TREE,2023-09-08,Hammer | TREE,2023-09-13,Hammer | TREE,2023-09-15,Bullish Engulfing | TREE,2023-09-15,Morning Star | TREE,2023-09-28,Three White Soldiers | TREE,2023-10-06,Bullish Engulfing | TREE,2023-10-17,Morning Star | TREE,2023-11-01,Three White Soldiers | TREE,2023-11-02,Hammer | TREE,2023-11-02,Three White Soldiers | TREE,2023-11-03,Three White Soldiers | TREE,2023-11-14,Morning Star | TREE,2023-11-15,Three White Soldiers | TREE,2023-11-20,Morning Star | TREE,2023-11-24,Piercing Pattern | TREE,2023-11-28,Three White Soldiers | TREE,2023-11-29,Three White Soldiers | TREE,2023-11-30,Three White Soldiers | TREE,2023-12-01,Three White Soldiers | TREE,2023-12-08,Three White Soldiers | TREE,2023-12-13,Morning Star | TREE,2023-12-15,Three White Soldiers | TREE,2023-12-18,Three White Soldiers | TREE,2023-12-19,Three White Soldiers | TREE,2023-12-22,Morning Star | TREE,2023-12-26,Three White Soldiers | TREE,2023-12-27,Hammer | TREE,2024-01-18,Hammer | TREE,2024-01-19,Morning Star | TREE,2024-01-29,Morning Star | TREE,2024-02-01,Hammer | TREE,2024-02-08,Three White Soldiers | TREE,2024-02-09,Three White Soldiers | TREE,2024-02-12,Three White Soldiers | TREE,2024-02-27,Hammer | TREE,2024-03-08,Morning Star | TREE,2024-03-19,Piercing Pattern | TREE,2024-03-21,Three White Soldiers | TREE,2024-03-28,Morning Star | TREE,2024-04-08,Morning Star | TREE,2024-04-11,Dragonfly Doji | TREE,2024-04-22,Morning Star | TREE,2024-04-23,Three White Soldiers | TREE,2024-04-24,Three White Soldiers | TREE,2024-05-16,Hammer | TREE,2024-05-17,Hammer | TREE,2024-05-21,Hammer | TREE,2024-06-10,Hammer | TREE,2024-06-11,Bullish Engulfing | TREE,2024-06-25,Hammer | TREE,2024-06-26,Bullish Engulfing | TREE,2024-06-27,Hammer | TREE,2024-07-10,Hammer | TREE,2024-07-15,Three White Soldiers | TREE,2024-07-16,Three White Soldiers | TREE,2024-07-17,Three White Soldiers | TREE,2024-07-22,Morning Star | TREE,2024-08-13,Morning Star | TREE,2024-08-14,Hammer | TREE,2024-08-19,Three White Soldiers | TREE,2024-09-11,Piercing Pattern | TREE,2024-09-13,Three White Soldiers | TREE,2024-09-16,Three White Soldiers | TREE,2024-09-17,Three White Soldiers | TREE,2024-09-20,Piercing Pattern | TREE,2024-09-24,Hammer | TREE,2024-09-30,Morning Star | TREE,2024-10-04,Hammer | TREE,2024-10-07,Hammer | TREE,2024-10-09,Morning Star | TREE,2024-10-11,Bullish Engulfing | TREE,2024-10-14,Hammer | TREE,2024-10-30,Morning Star | TREE,2024-11-22,Morning Star | TREE,2024-11-25,Three White Soldiers | TREE,2024-12-10,Three White Soldiers | TREE,2024-12-11,Three White Soldiers | TREE,2024-12-20,Piercing Pattern | TREE,2024-12-24,Hammer | TREE,2024-12-26,Morning Star | TREE,2025-01-17,Three White Soldiers | TREE,2025-01-21,Three White Soldiers | TREE,2025-01-29,Hammer | TREE,2025-02-04,Bullish Engulfing | TREE,2025-02-05,Hammer | TREE,2025-02-14,Three White Soldiers | TREE,2025-02-28,Piercing Pattern | TREE,2025-03-06,Three White Soldiers | TREE,2025-03-07,Hammer | TREE,2025-03-07,Dragonfly Doji | TREE,2025-03-12,Morning Star | TREE,2025-03-14,Three White Soldiers | TREE,2025-03-17,Three White Soldiers | TREE,2025-03-20,Morning Star | TREE,2025-03-21,Three White Soldiers | TREE,2025-03-24,Three White Soldiers | TREE,2025-03-26,Hammer | TREE,2025-04-01,Morning Star | TREE,2025-04-02,Three White Soldiers | TREE,2025-04-09,Piercing Pattern | TREE,2025-04-11,Hammer | TREE,2025-04-15,Morning Star | TREE,2025-04-16,Three White Soldiers | TREE,2025-04-28,Hammer | TREE,2025-04-28,Three White Soldiers | TREE,2025-04-29,Three White Soldiers | TREE,2025-05-02,Hammer | TREE,2025-05-08,Morning Star | TREE,2025-06-18,Piercing Pattern | TREE,2025-06-23,Bullish Engulfing | TREE,2025-06-27,Morning Star | TREE,2025-07-01,Bullish Engulfing | TREE,2025-07-16,Dragonfly Doji | TREE,2025-07-17,Morning Star | TREE,2025-07-23,Three White Soldiers | TREE,2025-07-24,Three White Soldiers | TREE,2025-07-31,Hammer | TREE,2025-08-01,Hammer | TREE,2025-08-01,Morning Star | TREE,2025-08-05,Three White Soldiers | TREE,2025-08-06,Three White Soldiers | TREE,2025-08-11,Hammer | TREE,2025-08-11,Morning Star | TREE,2025-08-12,Three White Soldiers | TREE,2025-08-13,Three White Soldiers | TREE,2025-08-14,Three White Soldiers | TREE,2025-08-15,Three White Soldiers | TREE,2025-08-18,Three White Soldiers | TREE,2025-08-22,Three White Soldiers | TREE,2025-08-25,Three White Soldiers | TREE,2025-09-04,Three White Soldiers | TREE,2025-09-18,Hammer | TREE,2025-09-26,Morning Star | TRIB,2023-07-03,Hammer | TRIB,2023-07-19,Three White Soldiers | TRIB,2023-07-31,Hammer | TRIB,2023-08-21,Hammer | TRIB,2023-08-22,Bullish Engulfing | TRIB,2023-08-28,Morning Star | TRIB,2023-08-31,Hammer | TRIB,2023-09-05,Hammer | TRIB,2023-09-06,Hammer | TRIB,2023-09-11,Morning Star | TRIB,2023-09-25,Hammer | TRIB,2023-09-26,Bullish Engulfing | TRIB,2023-10-03,Hammer | TRIB,2023-10-10,Bullish Engulfing | TRIB,2023-10-26,Hammer | TRIB,2023-12-08,Dragonfly Doji | TRIB,2023-12-13,Dragonfly Doji | TRIB,2023-12-29,Hammer | TRIB,2024-01-04,Dragonfly Doji | TRIB,2024-01-09,Piercing Pattern | TRIB,2024-02-05,Three White Soldiers | TRIB,2024-02-20,Hammer | TRIB,2024-02-23,Piercing Pattern | TRIB,2024-03-06,Bullish Engulfing | TRIB,2024-03-14,Hammer | TRIB,2024-04-10,Bullish Engulfing | TRIB,2024-04-15,Bullish Engulfing | TRIB,2024-04-22,Dragonfly Doji | TRIB,2024-05-03,Piercing Pattern | TRIB,2024-05-10,Morning Star | TRIB,2024-06-05,Three White Soldiers | TRIB,2024-06-06,Three White Soldiers | TRIB,2024-07-08,Bullish Engulfing | TRIB,2024-07-10,Three White Soldiers | TRIB,2024-07-11,Hammer | TRIB,2024-07-12,Bullish Engulfing | TRIB,2024-07-19,Hammer | TRIB,2024-08-05,Bullish Engulfing | TRIB,2024-08-09,Dragonfly Doji | TRIB,2024-08-14,Morning Star | TRIB,2024-09-04,Hammer | TRIB,2024-09-23,Dragonfly Doji | TRIB,2024-10-01,Bullish Engulfing | TRIB,2024-10-04,Hammer | TRIB,2024-10-08,Three White Soldiers | TRIB,2024-10-09,Three White Soldiers | TRIB,2024-10-10,Hammer | TRIB,2024-10-10,Three White Soldiers | TRIB,2024-10-11,Three White Soldiers | TRIB,2024-10-28,Three White Soldiers | TRIB,2024-12-11,Bullish Engulfing | TRIB,2024-12-30,Hammer | TRIB,2025-01-28,Morning Star | TRIB,2025-02-12,Dragonfly Doji | TRIB,2025-02-20,Hammer | TRIB,2025-02-24,Morning Star | TRIB,2025-03-05,Hammer | TRIB,2025-03-11,Hammer | TRIB,2025-04-14,Hammer | TRIB,2025-04-25,Three White Soldiers | TRIB,2025-04-28,Three White Soldiers | TRIB,2025-05-14,Morning Star | TRIB,2025-05-15,Dragonfly Doji | TRIB,2025-05-27,Hammer | TRIB,2025-06-20,Hammer | TRIB,2025-07-01,Morning Star | TRIB,2025-07-11,Hammer | TRIB,2025-07-16,Hammer | TRIB,2025-07-17,Morning Star | TRIB,2025-07-29,Hammer | TRIB,2025-08-04,Morning Star | TRIB,2025-08-07,Bullish Engulfing | TRIB,2025-08-18,Hammer | TRIB,2025-08-28,Morning Star | TRINI,2024-07-24,Hammer | TRINI,2024-07-30,Piercing Pattern | TRINI,2024-08-12,Hammer | TRINI,2024-08-12,Three White Soldiers | TRINI,2024-08-15,Three White Soldiers | TRINI,2024-08-16,Hammer | TRINI,2024-08-16,Three White Soldiers | TRINI,2024-08-19,Three White Soldiers | TRINI,2024-08-20,Three White Soldiers | TRINI,2024-09-03,Three White Soldiers | TRINI,2024-09-04,Hammer | TRINI,2024-09-04,Three White Soldiers | TRINI,2024-09-05,Three White Soldiers | TRINI,2024-09-18,Piercing Pattern | TRINI,2024-09-20,Hammer | TRINI,2024-09-20,Three White Soldiers | TRINI,2024-10-02,Hammer | TRINI,2024-10-02,Dragonfly Doji | TRINI,2024-10-08,Bullish Engulfing | TRINI,2024-10-11,Hammer | TRINI,2024-10-14,Hammer | TRINI,2024-10-29,Bullish Engulfing | TRINI,2024-11-01,Hammer | TRINI,2024-11-04,Bullish Engulfing | TRINI,2024-11-07,Bullish Engulfing | TRINI,2024-11-15,Dragonfly Doji | TRINI,2024-11-18,Dragonfly Doji | TRINI,2024-11-25,Morning Star | TRINI,2024-12-03,Three White Soldiers | TRINI,2024-12-06,Hammer | TRINI,2024-12-09,Three White Soldiers | TRINI,2024-12-11,Hammer | TRINI,2024-12-30,Three White Soldiers | TRINI,2024-12-31,Three White Soldiers | TRINI,2025-01-03,Hammer | TRINI,2025-01-15,Hammer | TRINI,2025-02-07,Piercing Pattern | TRINI,2025-02-11,Hammer | TRINI,2025-02-19,Hammer | TRINI,2025-03-06,Hammer | TRINI,2025-03-11,Hammer | TRINI,2025-03-12,Piercing Pattern | TRINI,2025-03-12,Morning Star | TRINI,2025-04-09,Bullish Engulfing | TRINI,2025-04-14,Hammer | TRINI,2025-04-15,Morning Star | TRINI,2025-04-24,Bullish Engulfing | TRINI,2025-04-24,Morning Star | TRINI,2025-04-28,Hammer | TRINI,2025-04-28,Three White Soldiers | TRINI,2025-05-08,Morning Star | TRINI,2025-05-12,Dragonfly Doji | TRINI,2025-05-14,Piercing Pattern | TRINI,2025-05-23,Bullish Engulfing | TRINI,2025-05-23,Morning Star | TRINI,2025-05-29,Morning Star | TRINI,2025-06-03,Hammer | TRINI,2025-06-09,Morning Star | TRINI,2025-06-11,Three White Soldiers | TRINI,2025-06-12,Dragonfly Doji | TRINI,2025-06-25,Dragonfly Doji | TRINI,2025-07-09,Morning Star | TRINI,2025-07-11,Bullish Engulfing | TRINI,2025-07-25,Hammer | TRINI,2025-07-28,Morning Star | TRINI,2025-07-30,Three White Soldiers | TRINI,2025-08-15,Piercing Pattern | TRINI,2025-08-15,Morning Star | TRINI,2025-08-18,Hammer | TRINI,2025-08-20,Hammer | TRINI,2025-08-26,Hammer | TRINI,2025-08-27,Bullish Engulfing | TRINI,2025-09-03,Bullish Engulfing | TRINI,2025-09-03,Morning Star | TRINI,2025-09-04,Hammer | TRINI,2025-09-10,Piercing Pattern | TRINI,2025-09-12,Three White Soldiers | TRINZ,2024-04-18,Three White Soldiers | TRINZ,2024-04-19,Three White Soldiers | TRINZ,2024-04-26,Hammer | TRINZ,2024-05-10,Dragonfly Doji | TRINZ,2024-05-20,Three White Soldiers | TRINZ,2024-05-31,Morning Star | TRINZ,2024-06-06,Morning Star | TRINZ,2024-06-11,Hammer | TRINZ,2024-06-18,Bullish Engulfing | TRINZ,2024-06-25,Morning Star | TRINZ,2024-07-02,Morning Star | TRINZ,2024-07-11,Morning Star | TRINZ,2024-07-12,Hammer | TRINZ,2024-07-16,Hammer | TRINZ,2024-07-19,Hammer | TRINZ,2024-07-31,Dragonfly Doji | TRINZ,2024-08-06,Morning Star | TRINZ,2024-08-09,Morning Star | TRINZ,2024-08-13,Hammer | TRINZ,2024-08-14,Piercing Pattern | TRINZ,2024-08-16,Three White Soldiers | TRINZ,2024-08-22,Hammer | TRINZ,2024-08-22,Three White Soldiers | TRINZ,2024-08-27,Hammer | TRINZ,2024-08-27,Dragonfly Doji | TRINZ,2024-08-29,Hammer | TRINZ,2024-09-13,Hammer | TRINZ,2024-09-18,Bullish Engulfing | TRINZ,2024-09-23,Hammer | TRINZ,2024-09-24,Hammer | TRINZ,2024-09-25,Hammer | TRINZ,2024-09-25,Dragonfly Doji | TRINZ,2024-10-09,Morning Star | TRINZ,2024-10-14,Hammer | TRINZ,2024-10-15,Hammer | TRINZ,2024-10-16,Bullish Engulfing | TRINZ,2024-11-01,Dragonfly Doji | TRINZ,2024-11-06,Hammer | TRINZ,2024-11-06,Morning Star | TRINZ,2024-11-06,Dragonfly Doji | TRINZ,2024-11-21,Hammer | TRINZ,2024-11-25,Morning Star | TRINZ,2024-12-04,Hammer | TRINZ,2024-12-06,Hammer | TRINZ,2024-12-09,Three White Soldiers | TRINZ,2024-12-10,Three White Soldiers | TRINZ,2024-12-23,Morning Star | TRINZ,2024-12-30,Bullish Engulfing | TRINZ,2025-01-06,Hammer | TRINZ,2025-01-07,Bullish Engulfing | TRINZ,2025-01-24,Morning Star | TRINZ,2025-02-11,Three White Soldiers | TRINZ,2025-02-21,Hammer | TRINZ,2025-02-28,Dragonfly Doji | TRINZ,2025-03-06,Hammer | TRINZ,2025-03-06,Morning Star | TRINZ,2025-03-17,Hammer | TRINZ,2025-03-17,Dragonfly Doji | TRINZ,2025-03-18,Bullish Engulfing | TRINZ,2025-03-18,Morning Star | TRINZ,2025-03-20,Hammer | TRINZ,2025-04-01,Morning Star | TRINZ,2025-04-09,Hammer | TRINZ,2025-04-14,Morning Star | TRINZ,2025-04-21,Morning Star | TRINZ,2025-04-22,Hammer | TRINZ,2025-04-23,Three White Soldiers | TRINZ,2025-04-30,Three White Soldiers | TRINZ,2025-05-02,Hammer | TRINZ,2025-05-02,Dragonfly Doji | TRINZ,2025-05-07,Morning Star | TRINZ,2025-05-15,Morning Star | TRINZ,2025-05-22,Hammer | TRINZ,2025-05-29,Morning Star | TRINZ,2025-06-09,Hammer | TRINZ,2025-06-09,Morning Star | TRINZ,2025-06-09,Dragonfly Doji | TRINZ,2025-06-12,Three White Soldiers | TRINZ,2025-07-08,Bullish Engulfing | TRINZ,2025-07-14,Hammer | TRINZ,2025-07-15,Hammer | TRINZ,2025-07-18,Hammer | TRINZ,2025-07-28,Morning Star | TRINZ,2025-08-05,Dragonfly Doji | TRINZ,2025-08-19,Hammer | TRINZ,2025-08-19,Three White Soldiers | TRINZ,2025-09-03,Morning Star | TRINZ,2025-09-12,Piercing Pattern | TRIN,2023-07-06,Hammer | TRIN,2023-07-11,Morning Star | TRIN,2023-07-21,Hammer | TRIN,2023-08-03,Three White Soldiers | TRIN,2023-08-11,Morning Star | TRIN,2023-08-17,Bullish Engulfing | TRIN,2023-08-21,Hammer | TRIN,2023-08-28,Morning Star | TRIN,2023-08-29,Three White Soldiers | TRIN,2023-09-07,Piercing Pattern | TRIN,2023-09-14,Morning Star | TRIN,2023-09-15,Three White Soldiers | TRIN,2023-09-18,Three White Soldiers | TRIN,2023-09-28,Morning Star | TRIN,2023-10-06,Bullish Engulfing | TRIN,2023-10-11,Three White Soldiers | TRIN,2023-10-12,Three White Soldiers | TRIN,2023-10-31,Morning Star | TRIN,2023-11-01,Three White Soldiers | TRIN,2023-11-02,Three White Soldiers | TRIN,2023-11-10,Bullish Engulfing | TRIN,2023-11-24,Bullish Engulfing | TRIN,2023-12-08,Bullish Engulfing | TRIN,2023-12-13,Morning Star | TRIN,2023-12-19,Morning Star | TRIN,2023-12-21,Hammer | TRIN,2023-12-28,Hammer | TRIN,2024-01-02,Hammer | TRIN,2024-01-03,Piercing Pattern | TRIN,2024-01-11,Hammer | TRIN,2024-01-11,Dragonfly Doji | TRIN,2024-01-25,Morning Star | TRIN,2024-01-26,Three White Soldiers | TRIN,2024-01-29,Three White Soldiers | TRIN,2024-02-02,Piercing Pattern | TRIN,2024-02-07,Hammer | TRIN,2024-02-15,Bullish Engulfing | TRIN,2024-02-15,Morning Star | TRIN,2024-02-29,Morning Star | TRIN,2024-03-21,Morning Star | TRIN,2024-03-22,Hammer | TRIN,2024-03-28,Morning Star | TRIN,2024-04-05,Piercing Pattern | TRIN,2024-04-09,Three White Soldiers | TRIN,2024-04-18,Three White Soldiers | TRIN,2024-04-19,Three White Soldiers | TRIN,2024-04-22,Three White Soldiers | TRIN,2024-04-23,Three White Soldiers | TRIN,2024-04-24,Three White Soldiers | TRIN,2024-04-29,Three White Soldiers | TRIN,2024-05-09,Morning Star | TRIN,2024-06-03,Hammer | TRIN,2024-06-14,Hammer | TRIN,2024-07-02,Bullish Engulfing | TRIN,2024-07-10,Piercing Pattern | TRIN,2024-07-22,Morning Star | TRIN,2024-07-23,Three White Soldiers | TRIN,2024-07-30,Hammer | TRIN,2024-08-05,Hammer | TRIN,2024-08-08,Hammer | TRIN,2024-08-19,Hammer | TRIN,2024-08-21,Hammer | TRIN,2024-08-26,Hammer | TRIN,2024-09-04,Piercing Pattern | TRIN,2024-09-11,Hammer | TRIN,2024-09-12,Hammer | TRIN,2024-09-13,Three White Soldiers | TRIN,2024-09-20,Hammer | TRIN,2024-10-08,Bullish Engulfing | TRIN,2024-10-10,Hammer | TRIN,2024-10-15,Morning Star | TRIN,2024-10-21,Morning Star | TRIN,2024-10-31,Bullish Engulfing | TRIN,2024-10-31,Morning Star | TRIN,2024-11-06,Dragonfly Doji | TRIN,2024-11-14,Hammer | TRIN,2024-11-15,Piercing Pattern | TRIN,2024-11-19,Hammer | TRIN,2024-11-22,Morning Star | TRIN,2024-11-26,Piercing Pattern | TRIN,2024-11-29,Three White Soldiers | TRIN,2024-12-04,Piercing Pattern | TRIN,2024-12-09,Morning Star | TRIN,2024-12-13,Morning Star | TRIN,2024-12-20,Bullish Engulfing | TRIN,2024-12-20,Morning Star | TRIN,2024-12-24,Three White Soldiers | TRIN,2024-12-26,Three White Soldiers | TRIN,2024-12-31,Morning Star | TRIN,2025-01-03,Three White Soldiers | TRIN,2025-01-13,Bullish Engulfing | TRIN,2025-01-15,Hammer | TRIN,2025-01-15,Three White Soldiers | TRIN,2025-01-16,Three White Soldiers | TRIN,2025-01-23,Three White Soldiers | TRIN,2025-01-28,Three White Soldiers | TRIN,2025-02-05,Three White Soldiers | TRIN,2025-02-06,Three White Soldiers | TRIN,2025-02-10,Hammer | TRIN,2025-02-12,Piercing Pattern | TRIN,2025-02-18,Morning Star | TRIN,2025-02-19,Three White Soldiers | TRIN,2025-03-07,Bullish Engulfing | TRIN,2025-03-18,Three White Soldiers | TRIN,2025-03-21,Hammer | TRIN,2025-04-01,Bullish Engulfing | TRIN,2025-04-09,Bullish Engulfing | TRIN,2025-04-24,Piercing Pattern | TRIN,2025-04-30,Hammer | TRIN,2025-05-08,Hammer | TRIN,2025-05-13,Three White Soldiers | TRIN,2025-05-16,Hammer | TRIN,2025-05-16,Morning Star | TRIN,2025-05-23,Piercing Pattern | TRIN,2025-06-06,Hammer | TRIN,2025-06-09,Morning Star | TRIN,2025-07-03,Three White Soldiers | TRIN,2025-07-14,Bullish Engulfing | TRIN,2025-07-23,Morning Star | TRIN,2025-07-29,Hammer | TRIN,2025-08-08,Morning Star | TRIN,2025-08-20,Hammer | TRIN,2025-08-22,Bullish Engulfing | TRIN,2025-08-26,Bullish Engulfing | TRIN,2025-08-28,Three White Soldiers | TRIN,2025-08-29,Three White Soldiers | TRIN,2025-09-02,Three White Soldiers | TRIN,2025-09-04,Hammer | TRIN,2025-09-18,Hammer | TRIN,2025-09-18,Three White Soldiers | TRIN,2025-09-19,Three White Soldiers | TRIN,2025-09-25,Piercing Pattern | TRIP,2023-07-06,Hammer | TRIP,2023-07-07,Morning Star | TRIP,2023-07-11,Three White Soldiers | TRIP,2023-07-12,Hammer | TRIP,2023-07-17,Bullish Engulfing | TRIP,2023-07-24,Hammer | TRIP,2023-08-01,Hammer | TRIP,2023-08-28,Morning Star | TRIP,2023-09-01,Morning Star | TRIP,2023-09-07,Hammer | TRIP,2023-09-18,Three White Soldiers | TRIP,2023-09-19,Three White Soldiers | TRIP,2023-10-16,Morning Star | TRIP,2023-10-17,Three White Soldiers | TRIP,2023-10-24,Morning Star | TRIP,2023-10-31,Morning Star | TRIP,2023-11-03,Morning Star | TRIP,2023-11-06,Three White Soldiers | TRIP,2023-11-07,Three White Soldiers | TRIP,2023-11-10,Piercing Pattern | TRIP,2023-11-15,Morning Star | TRIP,2023-11-20,Morning Star | TRIP,2023-12-01,Bullish Engulfing | TRIP,2023-12-11,Three White Soldiers | TRIP,2023-12-12,Hammer | TRIP,2023-12-13,Dragonfly Doji | TRIP,2023-12-14,Morning Star | TRIP,2023-12-15,Hammer | TRIP,2023-12-21,Hammer | TRIP,2023-12-22,Hammer | TRIP,2023-12-26,Bullish Engulfing | TRIP,2023-12-29,Morning Star | TRIP,2024-01-04,Bullish Engulfing | TRIP,2024-01-19,Three White Soldiers | TRIP,2024-01-26,Morning Star | TRIP,2024-01-29,Three White Soldiers | TRIP,2024-02-08,Morning Star | TRIP,2024-02-20,Piercing Pattern | TRIP,2024-02-22,Bullish Engulfing | TRIP,2024-03-01,Morning Star | TRIP,2024-03-11,Morning Star | TRIP,2024-03-21,Three White Soldiers | TRIP,2024-04-24,Hammer | TRIP,2024-04-25,Piercing Pattern | TRIP,2024-05-02,Dragonfly Doji | TRIP,2024-05-08,Hammer | TRIP,2024-05-09,Hammer | TRIP,2024-05-20,Piercing Pattern | TRIP,2024-05-22,Piercing Pattern | TRIP,2024-06-06,Bullish Engulfing | TRIP,2024-06-17,Hammer | TRIP,2024-06-21,Hammer | TRIP,2024-07-02,Piercing Pattern | TRIP,2024-07-05,Hammer | TRIP,2024-07-10,Hammer | TRIP,2024-07-11,Dragonfly Doji | TRIP,2024-07-26,Morning Star | TRIP,2024-07-29,Three White Soldiers | TRIP,2024-09-19,Three White Soldiers | TRIP,2024-09-20,Three White Soldiers | TRIP,2024-10-04,Hammer | TRIP,2024-10-09,Morning Star | TRIP,2024-10-15,Three White Soldiers | TRIP,2024-10-16,Three White Soldiers | TRIP,2024-10-17,Three White Soldiers | TRIP,2024-10-28,Morning Star | TRIP,2024-10-30,Three White Soldiers | TRIP,2024-11-04,Morning Star | TRIP,2024-11-14,Morning Star | TRIP,2024-11-25,Three White Soldiers | TRIP,2024-12-02,Three White Soldiers | TRIP,2024-12-13,Piercing Pattern | TRIP,2024-12-24,Three White Soldiers | TRIP,2024-12-26,Hammer | TRIP,2025-01-03,Hammer | TRIP,2025-01-08,Hammer | TRIP,2025-01-14,Morning Star | TRIP,2025-01-15,Three White Soldiers | TRIP,2025-02-05,Bullish Engulfing | TRIP,2025-02-07,Three White Soldiers | TRIP,2025-02-10,Three White Soldiers | TRIP,2025-02-18,Hammer | TRIP,2025-02-28,Piercing Pattern | TRIP,2025-03-05,Hammer | TRIP,2025-03-06,Bullish Engulfing | TRIP,2025-03-06,Morning Star | TRIP,2025-03-31,Hammer | TRIP,2025-04-15,Piercing Pattern | TRIP,2025-05-02,Three White Soldiers | TRIP,2025-05-08,Three White Soldiers | TRIP,2025-05-09,Three White Soldiers | TRIP,2025-05-14,Morning Star | TRIP,2025-05-28,Three White Soldiers | TRIP,2025-05-30,Hammer | TRIP,2025-06-04,Morning Star | TRIP,2025-06-27,Hammer | TRIP,2025-06-27,Morning Star | TRIP,2025-07-03,Three White Soldiers | TRIP,2025-07-15,Hammer | TRIP,2025-07-25,Hammer | TRIP,2025-07-28,Morning Star | TRIP,2025-08-20,Morning Star | TRI,2023-07-03,Hammer | TRI,2023-07-12,Hammer | TRI,2023-07-25,Morning Star | TRI,2023-09-01,Hammer | TRI,2023-09-11,Three White Soldiers | TRI,2023-09-18,Bullish Engulfing | TRI,2023-10-05,Three White Soldiers | TRI,2023-10-06,Three White Soldiers | TRI,2023-10-09,Three White Soldiers | TRI,2023-10-10,Three White Soldiers | TRI,2023-10-11,Three White Soldiers | TRI,2023-10-23,Bullish Engulfing | TRI,2023-11-06,Bullish Engulfing | TRI,2023-11-08,Bullish Engulfing | TRI,2023-11-13,Bullish Engulfing | TRI,2023-11-16,Bullish Engulfing | TRI,2023-11-20,Three White Soldiers | TRI,2023-11-24,Bullish Engulfing | TRI,2023-11-24,Morning Star | TRI,2023-12-01,Morning Star | TRI,2023-12-04,Three White Soldiers | TRI,2023-12-05,Three White Soldiers | TRI,2023-12-20,Three White Soldiers | TRI,2023-12-21,Three White Soldiers | TRI,2023-12-22,Three White Soldiers | TRI,2023-12-26,Three White Soldiers | TRI,2023-12-29,Three White Soldiers | TRI,2024-01-17,Hammer | TRI,2024-01-17,Three White Soldiers | TRI,2024-01-18,Three White Soldiers | TRI,2024-01-29,Morning Star | TRI,2024-02-01,Bullish Engulfing | TRI,2024-02-14,Morning Star | TRI,2024-02-16,Three White Soldiers | TRI,2024-03-11,Bullish Engulfing | TRI,2024-03-11,Morning Star | TRI,2024-03-19,Piercing Pattern | TRI,2024-03-20,Hammer | TRI,2024-04-01,Hammer | TRI,2024-04-08,Morning Star | TRI,2024-04-09,Hammer | TRI,2024-04-09,Three White Soldiers | TRI,2024-04-11,Hammer | TRI,2024-04-22,Morning Star | TRI,2024-05-02,Morning Star | TRI,2024-05-03,Three White Soldiers | TRI,2024-05-09,Morning Star | TRI,2024-05-15,Morning Star | TRI,2024-05-16,Three White Soldiers | TRI,2024-05-20,Piercing Pattern | TRI,2024-05-31,Morning Star | TRI,2024-06-06,Three White Soldiers | TRI,2024-06-14,Hammer | TRI,2024-06-20,Piercing Pattern | TRI,2024-06-25,Morning Star | TRI,2024-06-27,Three White Soldiers | TRI,2024-07-01,Hammer | TRI,2024-07-01,Dragonfly Doji | TRI,2024-07-02,Bullish Engulfing | TRI,2024-07-05,Hammer | TRI,2024-07-17,Hammer | TRI,2024-08-13,Hammer | TRI,2024-08-21,Morning Star | TRI,2024-08-23,Bullish Engulfing | TRI,2024-08-27,Three White Soldiers | TRI,2024-09-04,Piercing Pattern | TRI,2024-09-10,Morning Star | TRI,2024-09-11,Hammer | TRI,2024-09-11,Three White Soldiers | TRI,2024-09-12,Three White Soldiers | TRI,2024-09-19,Dragonfly Doji | TRI,2024-10-02,Piercing Pattern | TRI,2024-10-08,Morning Star | TRI,2024-10-09,Three White Soldiers | TRI,2024-10-18,Morning Star | TRI,2024-10-21,Hammer | TRI,2024-10-23,Bullish Engulfing | TRI,2024-10-29,Morning Star | TRI,2024-11-01,Piercing Pattern | TRI,2024-11-06,Hammer | TRI,2024-11-11,Hammer | TRI,2024-11-19,Dragonfly Doji | TRI,2024-11-20,Dragonfly Doji | TRI,2024-11-29,Three White Soldiers | TRI,2024-12-02,Three White Soldiers | TRI,2024-12-03,Three White Soldiers | TRI,2024-12-04,Three White Soldiers | TRI,2024-12-05,Three White Soldiers | TRI,2024-12-06,Three White Soldiers | TRI,2024-12-10,Piercing Pattern | TRI,2025-01-02,Bullish Engulfing | TRI,2025-01-17,Three White Soldiers | TRI,2025-01-21,Three White Soldiers | TRI,2025-01-22,Three White Soldiers | TRI,2025-01-23,Three White Soldiers | TRI,2025-01-27,Piercing Pattern | TRI,2025-01-29,Three White Soldiers | TRI,2025-01-30,Three White Soldiers | TRI,2025-02-03,Bullish Engulfing | TRI,2025-02-06,Morning Star | TRI,2025-02-13,Bullish Engulfing | TRI,2025-02-20,Bullish Engulfing | TRI,2025-02-25,Morning Star | TRI,2025-02-28,Morning Star | TRI,2025-03-14,Morning Star | TRI,2025-03-25,Three White Soldiers | TRI,2025-03-27,Bullish Engulfing | TRI,2025-03-31,Bullish Engulfing | TRI,2025-04-02,Three White Soldiers | TRI,2025-04-03,Three White Soldiers | TRI,2025-04-09,Bullish Engulfing | TRI,2025-04-15,Three White Soldiers | TRI,2025-04-25,Hammer | TRI,2025-04-28,Bullish Engulfing | TRI,2025-04-30,Three White Soldiers | TRI,2025-05-07,Three White Soldiers | TRI,2025-05-09,Dragonfly Doji | TRI,2025-05-16,Hammer | TRI,2025-05-16,Three White Soldiers | TRI,2025-06-11,Bullish Engulfing | TRI,2025-06-11,Morning Star | TRI,2025-06-17,Morning Star | TRI,2025-06-27,Hammer | TRI,2025-06-30,Three White Soldiers | TRI,2025-07-01,Three White Soldiers | TRI,2025-07-10,Morning Star | TRI,2025-08-19,Three White Soldiers | TRI,2025-08-20,Three White Soldiers | TRI,2025-09-11,Piercing Pattern | TRMB,2023-07-05,Hammer | TRMB,2023-07-10,Three White Soldiers | TRMB,2023-07-11,Three White Soldiers | TRMB,2023-07-24,Morning Star | TRMB,2023-07-26,Three White Soldiers | TRMB,2023-08-08,Hammer | TRMB,2023-08-10,Morning Star | TRMB,2023-08-25,Hammer | TRMB,2023-08-28,Morning Star | TRMB,2023-08-30,Three White Soldiers | TRMB,2023-08-31,Three White Soldiers | TRMB,2023-09-18,Bullish Engulfing | TRMB,2023-09-28,Morning Star | TRMB,2023-10-11,Three White Soldiers | TRMB,2023-10-31,Morning Star | TRMB,2023-11-20,Morning Star | TRMB,2023-11-24,Morning Star | TRMB,2023-11-27,Three White Soldiers | TRMB,2023-11-28,Three White Soldiers | TRMB,2023-11-29,Three White Soldiers | TRMB,2023-11-30,Three White Soldiers | TRMB,2023-12-01,Three White Soldiers | TRMB,2023-12-07,Morning Star | TRMB,2023-12-11,Three White Soldiers | TRMB,2023-12-13,Bullish Engulfing | TRMB,2023-12-28,Three White Soldiers | TRMB,2024-01-02,Hammer | TRMB,2024-01-19,Hammer | TRMB,2024-01-19,Morning Star | TRMB,2024-01-23,Three White Soldiers | TRMB,2024-01-29,Piercing Pattern | TRMB,2024-02-07,Hammer | TRMB,2024-02-07,Morning Star | TRMB,2024-02-09,Three White Soldiers | TRMB,2024-02-14,Three White Soldiers | TRMB,2024-02-15,Three White Soldiers | TRMB,2024-02-16,Three White Soldiers | TRMB,2024-02-22,Three White Soldiers | TRMB,2024-02-26,Bullish Engulfing | TRMB,2024-03-01,Morning Star | TRMB,2024-03-04,Three White Soldiers | TRMB,2024-03-21,Three White Soldiers | TRMB,2024-04-09,Three White Soldiers | TRMB,2024-04-22,Morning Star | TRMB,2024-04-25,Hammer | TRMB,2024-04-29,Three White Soldiers | TRMB,2024-05-15,Hammer | TRMB,2024-05-31,Piercing Pattern | TRMB,2024-06-06,Morning Star | TRMB,2024-06-10,Bullish Engulfing | TRMB,2024-06-18,Hammer | TRMB,2024-06-21,Morning Star | TRMB,2024-06-27,Bullish Engulfing | TRMB,2024-07-01,Hammer | TRMB,2024-07-08,Morning Star | TRMB,2024-07-11,Morning Star | TRMB,2024-07-12,Three White Soldiers | TRMB,2024-08-14,Three White Soldiers | TRMB,2024-08-15,Three White Soldiers | TRMB,2024-08-20,Three White Soldiers | TRMB,2024-08-21,Three White Soldiers | TRMB,2024-09-10,Morning Star | TRMB,2024-09-16,Three White Soldiers | TRMB,2024-09-25,Bullish Engulfing | TRMB,2024-09-27,Three White Soldiers | TRMB,2024-09-30,Three White Soldiers | TRMB,2024-10-02,Bullish Engulfing | TRMB,2024-10-04,Hammer | TRMB,2024-10-09,Morning Star | TRMB,2024-10-11,Bullish Engulfing | TRMB,2024-10-17,Hammer | TRMB,2024-10-18,Hammer | TRMB,2024-10-18,Morning Star | TRMB,2024-11-05,Three White Soldiers | TRMB,2024-11-06,Three White Soldiers | TRMB,2024-11-15,Hammer | TRMB,2024-11-21,Three White Soldiers | TRMB,2024-11-22,Three White Soldiers | TRMB,2024-11-25,Three White Soldiers | TRMB,2024-11-29,Morning Star | TRMB,2024-12-03,Three White Soldiers | TRMB,2024-12-12,Bullish Engulfing | TRMB,2024-12-20,Bullish Engulfing | TRMB,2024-12-24,Bullish Engulfing | TRMB,2025-01-06,Morning Star | TRMB,2025-01-07,Three White Soldiers | TRMB,2025-01-08,Three White Soldiers | TRMB,2025-01-23,Three White Soldiers | TRMB,2025-02-13,Hammer | TRMB,2025-02-13,Dragonfly Doji | TRMB,2025-02-14,Bullish Engulfing | TRMB,2025-03-05,Bullish Engulfing | TRMB,2025-03-07,Bullish Engulfing | TRMB,2025-04-09,Bullish Engulfing | TRMB,2025-04-29,Bullish Engulfing | TRMB,2025-05-09,Hammer | TRMB,2025-05-09,Three White Soldiers | TRMB,2025-05-16,Morning Star | TRMB,2025-05-29,Hammer | TRMB,2025-06-06,Hammer | TRMB,2025-06-20,Hammer | TRMB,2025-06-23,Bullish Engulfing | TRMB,2025-06-25,Hammer | TRMB,2025-06-25,Three White Soldiers | TRMB,2025-06-26,Three White Soldiers | TRMB,2025-06-27,Three White Soldiers | TRMB,2025-06-30,Three White Soldiers | TRMB,2025-07-03,Three White Soldiers | TRMB,2025-07-09,Hammer | TRMB,2025-07-14,Bullish Engulfing | TRMB,2025-07-22,Bullish Engulfing | TRMB,2025-07-24,Three White Soldiers | TRMB,2025-07-25,Three White Soldiers | TRMB,2025-08-01,Hammer | TRMB,2025-08-01,Dragonfly Doji | TRMB,2025-08-22,Morning Star | TRMB,2025-08-27,Morning Star | TRMB,2025-09-04,Morning Star | TRMB,2025-09-05,Three White Soldiers | TRMB,2025-09-08,Hammer | TRMB,2025-09-08,Three White Soldiers | TRMB,2025-09-11,Morning Star | TRMB,2025-09-22,Hammer | TRMB,2025-09-26,Morning Star | TRMD,2023-07-07,Piercing Pattern | TRMD,2023-07-20,Piercing Pattern | TRMD,2023-07-24,Piercing Pattern | TRMD,2023-08-02,Hammer | TRMD,2023-08-03,Morning Star | TRMD,2023-08-07,Hammer | TRMD,2023-09-15,Morning Star | TRMD,2023-10-04,Hammer | TRMD,2023-10-09,Three White Soldiers | TRMD,2023-10-11,Bullish Engulfing | TRMD,2023-10-24,Three White Soldiers | TRMD,2023-11-01,Morning Star | TRMD,2023-11-03,Bullish Engulfing | TRMD,2023-11-09,Morning Star | TRMD,2023-11-10,Morning Star | TRMD,2023-11-13,Three White Soldiers | TRMD,2023-11-20,Three White Soldiers | TRMD,2023-11-21,Hammer | TRMD,2023-11-21,Dragonfly Doji | TRMD,2023-12-11,Hammer | TRMD,2023-12-14,Three White Soldiers | TRMD,2023-12-15,Three White Soldiers | TRMD,2023-12-21,Three White Soldiers | TRMD,2023-12-22,Three White Soldiers | TRMD,2024-01-08,Hammer | TRMD,2024-01-09,Hammer | TRMD,2024-02-07,Bullish Engulfing | TRMD,2024-02-15,Bullish Engulfing | TRMD,2024-02-22,Piercing Pattern | TRMD,2024-03-06,Morning Star | TRMD,2024-03-08,Piercing Pattern | TRMD,2024-03-14,Bullish Engulfing | TRMD,2024-03-18,Hammer | TRMD,2024-03-20,Hammer | TRMD,2024-04-01,Three White Soldiers | TRMD,2024-04-02,Three White Soldiers | TRMD,2024-04-03,Three White Soldiers | TRMD,2024-04-08,Hammer | TRMD,2024-04-16,Bullish Engulfing | TRMD,2024-04-23,Three White Soldiers | TRMD,2024-04-29,Dragonfly Doji | TRMD,2024-05-07,Piercing Pattern | TRMD,2024-05-17,Hammer | TRMD,2024-05-24,Morning Star | TRMD,2024-06-17,Hammer | TRMD,2024-06-18,Morning Star | TRMD,2024-06-21,Three White Soldiers | TRMD,2024-06-24,Three White Soldiers | TRMD,2024-06-25,Three White Soldiers | TRMD,2024-07-19,Morning Star | TRMD,2024-07-23,Three White Soldiers | TRMD,2024-08-09,Morning Star | TRMD,2024-08-12,Three White Soldiers | TRMD,2024-09-13,Three White Soldiers | TRMD,2024-09-16,Three White Soldiers | TRMD,2024-10-03,Hammer | TRMD,2024-10-09,Hammer | TRMD,2024-10-25,Bullish Engulfing | TRMD,2024-10-30,Hammer | TRMD,2024-12-17,Hammer | TRMD,2024-12-23,Morning Star | TRMD,2024-12-24,Three White Soldiers | TRMD,2025-01-07,Morning Star | TRMD,2025-01-13,Three White Soldiers | TRMD,2025-01-15,Hammer | TRMD,2025-01-30,Hammer | TRMD,2025-02-03,Bullish Engulfing | TRMD,2025-02-19,Piercing Pattern | TRMD,2025-02-24,Morning Star | TRMD,2025-03-04,Piercing Pattern | TRMD,2025-04-02,Hammer | TRMD,2025-04-07,Bullish Engulfing | TRMD,2025-04-09,Bullish Engulfing | TRMD,2025-04-16,Piercing Pattern | TRMD,2025-04-24,Morning Star | TRMD,2025-06-02,Hammer | TRMD,2025-06-02,Dragonfly Doji | TRMD,2025-06-05,Hammer | TRMD,2025-07-03,Three White Soldiers | TRMD,2025-07-07,Three White Soldiers | TRMD,2025-07-10,Bullish Engulfing | TRMD,2025-07-11,Hammer | TRMD,2025-07-17,Morning Star | TRMD,2025-07-22,Morning Star | TRMD,2025-08-01,Hammer | TRMD,2025-08-13,Morning Star | TRMD,2025-08-14,Three White Soldiers | TRMD,2025-08-27,Bullish Engulfing | TRMD,2025-08-27,Morning Star | TRMD,2025-08-29,Hammer | TRMD,2025-08-29,Three White Soldiers | TRMD,2025-09-04,Three White Soldiers | TRMD,2025-09-05,Three White Soldiers | TRMD,2025-09-08,Three White Soldiers | TRMK,2023-07-06,Hammer | TRMK,2023-07-07,Morning Star | TRMK,2023-07-13,Three White Soldiers | TRMK,2023-07-18,Morning Star | TRMK,2023-07-19,Three White Soldiers | TRMK,2023-07-20,Hammer | TRMK,2023-07-24,Bullish Engulfing | TRMK,2023-07-27,Morning Star | TRMK,2023-07-31,Bullish Engulfing | TRMK,2023-08-03,Hammer | TRMK,2023-08-08,Hammer | TRMK,2023-08-18,Morning Star | TRMK,2023-08-24,Morning Star | TRMK,2023-09-25,Morning Star | TRMK,2023-10-04,Bullish Engulfing | TRMK,2023-10-17,Morning Star | TRMK,2023-11-01,Dragonfly Doji | TRMK,2023-11-02,Morning Star | TRMK,2023-11-10,Hammer | TRMK,2023-11-13,Piercing Pattern | TRMK,2023-11-20,Hammer | TRMK,2023-11-22,Morning Star | TRMK,2023-11-24,Hammer | TRMK,2023-11-24,Three White Soldiers | TRMK,2023-12-01,Bullish Engulfing | TRMK,2023-12-11,Three White Soldiers | TRMK,2023-12-13,Bullish Engulfing | TRMK,2023-12-21,Hammer | TRMK,2023-12-22,Morning Star | TRMK,2023-12-26,Morning Star | TRMK,2024-01-05,Morning Star | TRMK,2024-01-11,Hammer | TRMK,2024-01-19,Three White Soldiers | TRMK,2024-01-22,Three White Soldiers | TRMK,2024-02-08,Bullish Engulfing | TRMK,2024-02-12,Three White Soldiers | TRMK,2024-02-13,Hammer | TRMK,2024-02-15,Morning Star | TRMK,2024-02-28,Morning Star | TRMK,2024-03-15,Bullish Engulfing | TRMK,2024-03-27,Three White Soldiers | TRMK,2024-03-28,Three White Soldiers | TRMK,2024-04-05,Bullish Engulfing | TRMK,2024-04-09,Three White Soldiers | TRMK,2024-04-19,Morning Star | TRMK,2024-05-03,Hammer | TRMK,2024-05-08,Bullish Engulfing | TRMK,2024-06-18,Three White Soldiers | TRMK,2024-06-26,Bullish Engulfing | TRMK,2024-06-28,Three White Soldiers | TRMK,2024-07-02,Bullish Engulfing | TRMK,2024-07-11,Three White Soldiers | TRMK,2024-07-12,Three White Soldiers | TRMK,2024-07-15,Three White Soldiers | TRMK,2024-07-16,Three White Soldiers | TRMK,2024-07-17,Three White Soldiers | TRMK,2024-07-22,Morning Star | TRMK,2024-08-08,Hammer | TRMK,2024-08-16,Bullish Engulfing | TRMK,2024-08-16,Morning Star | TRMK,2024-08-23,Morning Star | TRMK,2024-08-28,Bullish Engulfing | TRMK,2024-08-29,Hammer | TRMK,2024-08-30,Hammer | TRMK,2024-09-10,Hammer | TRMK,2024-09-19,Hammer | TRMK,2024-09-19,Morning Star | TRMK,2024-09-30,Bullish Engulfing | TRMK,2024-10-03,Bullish Engulfing | TRMK,2024-10-09,Bullish Engulfing | TRMK,2024-10-14,Three White Soldiers | TRMK,2024-10-15,Three White Soldiers | TRMK,2024-10-16,Three White Soldiers | TRMK,2024-10-22,Piercing Pattern | TRMK,2024-10-30,Three White Soldiers | TRMK,2024-11-05,Morning Star | TRMK,2024-11-07,Hammer | TRMK,2024-11-11,Morning Star | TRMK,2024-11-15,Hammer | TRMK,2024-11-25,Three White Soldiers | TRMK,2024-12-03,Hammer | TRMK,2024-12-06,Hammer | TRMK,2024-12-16,Bullish Engulfing | TRMK,2024-12-16,Morning Star | TRMK,2024-12-20,Bullish Engulfing | TRMK,2024-12-24,Three White Soldiers | TRMK,2024-12-26,Three White Soldiers | TRMK,2025-01-13,Piercing Pattern | TRMK,2025-01-17,Hammer | TRMK,2025-01-27,Three White Soldiers | TRMK,2025-01-28,Three White Soldiers | TRMK,2025-02-06,Three White Soldiers | TRMK,2025-02-11,Bullish Engulfing | TRMK,2025-02-13,Hammer | TRMK,2025-03-17,Hammer | TRMK,2025-03-18,Hammer | TRMK,2025-03-21,Piercing Pattern | TRMK,2025-04-02,Hammer | TRMK,2025-04-02,Three White Soldiers | TRMK,2025-04-09,Bullish Engulfing | TRMK,2025-04-15,Three White Soldiers | TRMK,2025-04-16,Three White Soldiers | TRMK,2025-04-17,Three White Soldiers | TRMK,2025-04-23,Three White Soldiers | TRMK,2025-04-29,Three White Soldiers | TRMK,2025-05-29,Hammer | TRMK,2025-06-03,Bullish Engulfing | TRMK,2025-06-06,Morning Star | TRMK,2025-06-09,Three White Soldiers | TRMK,2025-06-10,Three White Soldiers | TRMK,2025-06-18,Bullish Engulfing | TRMK,2025-06-23,Three White Soldiers | TRMK,2025-06-24,Three White Soldiers | TRMK,2025-07-01,Bullish Engulfing | TRMK,2025-07-02,Hammer | TRMK,2025-07-03,Hammer | TRMK,2025-07-03,Three White Soldiers | TRMK,2025-07-14,Hammer | TRMK,2025-07-17,Morning Star | TRMK,2025-07-22,Bullish Engulfing | TRMK,2025-07-24,Bullish Engulfing | TRMK,2025-08-04,Bullish Engulfing | TRMK,2025-08-18,Hammer | TRMK,2025-09-11,Morning Star | TRML,2023-07-07,Bullish Engulfing | TRML,2023-07-07,Morning Star | TRML,2023-07-19,Piercing Pattern | TRML,2023-07-21,Hammer | TRML,2023-07-21,Three White Soldiers | TRML,2023-07-27,Hammer | TRML,2023-08-04,Morning Star | TRML,2023-08-09,Dragonfly Doji | TRML,2023-08-10,Hammer | TRML,2023-08-14,Hammer | TRML,2023-08-15,Three White Soldiers | TRML,2023-08-17,Hammer | TRML,2023-08-29,Piercing Pattern | TRML,2023-08-31,Bullish Engulfing | TRML,2023-09-08,Morning Star | TRML,2023-09-15,Three White Soldiers | TRML,2023-09-18,Three White Soldiers | TRML,2023-09-19,Hammer | TRML,2023-09-26,Piercing Pattern | TRML,2023-10-12,Morning Star | TRML,2023-10-26,Three White Soldiers | TRML,2023-11-01,Hammer | TRML,2023-11-08,Hammer | TRML,2023-11-09,Bullish Engulfing | TRML,2023-11-14,Hammer | TRML,2023-11-16,Piercing Pattern | TRML,2023-11-20,Bullish Engulfing | TRML,2023-11-24,Bullish Engulfing | TRML,2023-11-24,Morning Star | TRML,2023-11-30,Bullish Engulfing | TRML,2023-11-30,Morning Star | TRML,2023-12-14,Morning Star | TRML,2023-12-26,Three White Soldiers | TRML,2023-12-27,Three White Soldiers | TRML,2024-01-23,Three White Soldiers | TRML,2024-02-02,Morning Star | TRML,2024-02-05,Morning Star | TRML,2024-02-06,Three White Soldiers | TRML,2024-02-12,Hammer | TRML,2024-02-22,Bullish Engulfing | TRML,2024-02-23,Hammer | TRML,2024-02-28,Three White Soldiers | TRML,2024-03-12,Morning Star | TRML,2024-03-20,Morning Star | TRML,2024-04-01,Morning Star | TRML,2024-04-05,Bullish Engulfing | TRML,2024-04-09,Hammer | TRML,2024-04-24,Piercing Pattern | TRML,2024-04-30,Piercing Pattern | TRML,2024-05-23,Hammer | TRML,2024-06-04,Hammer | TRML,2024-06-07,Piercing Pattern | TRML,2024-06-11,Three White Soldiers | TRML,2024-06-12,Three White Soldiers | TRML,2024-06-13,Three White Soldiers | TRML,2024-06-14,Three White Soldiers | TRML,2024-07-03,Bullish Engulfing | TRML,2024-07-10,Three White Soldiers | TRML,2024-07-11,Three White Soldiers | TRML,2024-07-12,Three White Soldiers | TRML,2024-07-15,Three White Soldiers | TRML,2024-07-16,Three White Soldiers | TRML,2024-07-22,Morning Star | TRML,2024-07-24,Three White Soldiers | TRML,2024-07-25,Three White Soldiers | TRML,2024-07-26,Three White Soldiers | TRML,2024-08-16,Bullish Engulfing | TRML,2024-08-27,Hammer | TRML,2024-08-28,Bullish Engulfing | TRML,2024-09-20,Three White Soldiers | TRML,2024-09-27,Hammer | TRML,2024-09-30,Bullish Engulfing | TRML,2024-10-02,Three White Soldiers | TRML,2024-10-07,Morning Star | TRML,2024-10-23,Piercing Pattern | TRML,2024-11-04,Morning Star | TRML,2024-11-08,Piercing Pattern | TRML,2024-11-25,Morning Star | TRML,2024-11-26,Hammer | TRML,2024-11-26,Three White Soldiers | TRML,2024-11-27,Three White Soldiers | TRML,2024-11-29,Three White Soldiers | TRML,2024-12-04,Bullish Engulfing | TRML,2024-12-19,Hammer | TRML,2024-12-23,Three White Soldiers | TRML,2024-12-24,Hammer | TRML,2024-12-24,Three White Soldiers | TRML,2025-01-02,Morning Star | TRML,2025-01-03,Three White Soldiers | TRML,2025-01-06,Three White Soldiers | TRML,2025-01-24,Bullish Engulfing | TRML,2025-02-04,Bullish Engulfing | TRML,2025-02-04,Morning Star | TRML,2025-02-26,Morning Star | TRML,2025-02-28,Bullish Engulfing | TRML,2025-03-05,Morning Star | TRML,2025-03-06,Three White Soldiers | TRML,2025-03-07,Three White Soldiers | TRML,2025-03-12,Three White Soldiers | TRML,2025-03-13,Three White Soldiers | TRML,2025-03-14,Three White Soldiers | TRML,2025-03-17,Hammer | TRML,2025-03-20,Piercing Pattern | TRML,2025-03-24,Three White Soldiers | TRML,2025-04-22,Three White Soldiers | TRML,2025-04-30,Bullish Engulfing | TRML,2025-05-07,Piercing Pattern | TRML,2025-05-19,Hammer | TRML,2025-05-19,Three White Soldiers | TRML,2025-05-28,Bullish Engulfing | TRML,2025-05-30,Three White Soldiers | TRML,2025-06-02,Three White Soldiers | TRML,2025-06-03,Three White Soldiers | TRML,2025-06-04,Three White Soldiers | TRML,2025-06-05,Three White Soldiers | TRML,2025-06-06,Three White Soldiers | TRML,2025-06-12,Bullish Engulfing | TRML,2025-07-03,Three White Soldiers | TRML,2025-07-10,Three White Soldiers | TRML,2025-07-11,Three White Soldiers | TRML,2025-07-14,Three White Soldiers | TRML,2025-07-22,Bullish Engulfing | TRML,2025-08-11,Hammer | TRML,2025-08-12,Morning Star | TRML,2025-08-13,Three White Soldiers | TRML,2025-08-14,Three White Soldiers | TRML,2025-08-15,Three White Soldiers | TRML,2025-08-19,Hammer | TRML,2025-08-19,Piercing Pattern | TRML,2025-08-29,Hammer | TRML,2025-09-03,Three White Soldiers | TRML,2025-09-09,Three White Soldiers | TRML,2025-09-19,Hammer | TRML,2025-09-29,Morning Star | TRNR,2023-07-10,Bullish Engulfing | TRNR,2023-08-02,Bullish Engulfing | TRNR,2023-08-18,Hammer | TRNR,2023-08-21,Morning Star | TRNR,2023-09-07,Three White Soldiers | TRNR,2023-09-08,Three White Soldiers | TRNR,2023-09-15,Three White Soldiers | TRNR,2023-10-10,Three White Soldiers | TRNR,2023-10-23,Hammer | TRNR,2023-10-26,Three White Soldiers | TRNR,2023-10-31,Hammer | TRNR,2023-11-01,Bullish Engulfing | TRNR,2023-11-06,Dragonfly Doji | TRNR,2023-11-07,Morning Star | TRNR,2023-11-09,Hammer | TRNR,2023-12-01,Three White Soldiers | TRNR,2023-12-15,Hammer | TRNR,2023-12-18,Hammer | TRNR,2024-01-11,Morning Star | TRNR,2024-01-18,Piercing Pattern | TRNR,2024-01-29,Hammer | TRNR,2024-02-06,Hammer | TRNR,2024-02-14,Hammer | TRNR,2024-02-21,Hammer | TRNR,2024-03-06,Hammer | TRNR,2024-03-13,Bullish Engulfing | TRNR,2024-03-22,Piercing Pattern | TRNR,2024-04-19,Piercing Pattern | TRNR,2024-05-24,Bullish Engulfing | TRNR,2024-05-29,Hammer | TRNR,2024-06-03,Dragonfly Doji | TRNR,2024-06-10,Bullish Engulfing | TRNR,2024-06-10,Morning Star | TRNR,2024-07-15,Bullish Engulfing | TRNR,2024-08-07,Hammer | TRNR,2024-08-22,Morning Star | TRNR,2024-08-27,Hammer | TRNR,2024-10-02,Hammer | TRNR,2024-10-02,Dragonfly Doji | TRNR,2024-10-03,Morning Star | TRNR,2024-10-22,Three White Soldiers | TRNR,2024-10-25,Hammer | TRNR,2024-11-01,Hammer | TRNR,2024-11-04,Morning Star | TRNR,2024-11-12,Piercing Pattern | TRNR,2024-11-20,Morning Star | TRNR,2024-12-06,Piercing Pattern | TRNR,2024-12-11,Morning Star | TRNR,2024-12-23,Piercing Pattern | TRNR,2024-12-26,Piercing Pattern | TRNR,2024-12-31,Morning Star | TRNR,2025-01-03,Three White Soldiers | TRNR,2025-01-06,Three White Soldiers | TRNR,2025-01-27,Piercing Pattern | TRNR,2025-02-04,Dragonfly Doji | TRNR,2025-02-14,Hammer | TRNR,2025-03-20,Bullish Engulfing | TRNR,2025-03-20,Morning Star | TRNR,2025-03-26,Morning Star | TRNR,2025-03-31,Piercing Pattern | TRNR,2025-04-03,Bullish Engulfing | TRNR,2025-04-09,Bullish Engulfing | TRNR,2025-04-17,Hammer | TRNR,2025-05-09,Three White Soldiers | TRNR,2025-05-12,Three White Soldiers | TRNR,2025-05-19,Piercing Pattern | TRNR,2025-06-02,Morning Star | TRNR,2025-06-03,Three White Soldiers | TRNR,2025-06-27,Morning Star | TRNR,2025-06-30,Three White Soldiers | TRNR,2025-07-07,Three White Soldiers | TRNR,2025-07-08,Three White Soldiers | TRNR,2025-07-09,Three White Soldiers | TRNR,2025-07-10,Three White Soldiers | TRNR,2025-08-05,Bullish Engulfing | TRNR,2025-09-09,Morning Star | TRNR,2025-09-16,Bullish Engulfing | TRNS,2023-07-11,Three White Soldiers | TRNS,2023-08-14,Piercing Pattern | TRNS,2023-08-18,Morning Star | TRNS,2023-08-22,Three White Soldiers | TRNS,2023-08-25,Hammer | TRNS,2023-08-29,Hammer | TRNS,2023-09-08,Hammer | TRNS,2023-09-14,Morning Star | TRNS,2023-09-27,Three White Soldiers | TRNS,2023-09-28,Three White Soldiers | TRNS,2023-10-12,Hammer | TRNS,2023-10-12,Dragonfly Doji | TRNS,2023-10-18,Hammer | TRNS,2023-10-20,Hammer | TRNS,2023-10-24,Hammer | TRNS,2023-10-26,Bullish Engulfing | TRNS,2023-10-30,Piercing Pattern | TRNS,2023-11-08,Hammer | TRNS,2023-11-21,Three White Soldiers | TRNS,2023-11-22,Three White Soldiers | TRNS,2023-11-24,Three White Soldiers | TRNS,2023-11-27,Three White Soldiers | TRNS,2023-12-01,Bullish Engulfing | TRNS,2023-12-12,Morning Star | TRNS,2023-12-13,Three White Soldiers | TRNS,2023-12-14,Three White Soldiers | TRNS,2023-12-21,Morning Star | TRNS,2023-12-22,Three White Soldiers | TRNS,2023-12-26,Three White Soldiers | TRNS,2023-12-27,Three White Soldiers | TRNS,2024-01-19,Three White Soldiers | TRNS,2024-01-22,Three White Soldiers | TRNS,2024-01-29,Bullish Engulfing | TRNS,2024-02-15,Morning Star | TRNS,2024-02-21,Hammer | TRNS,2024-02-22,Morning Star | TRNS,2024-02-27,Hammer | TRNS,2024-02-29,Morning Star | TRNS,2024-03-08,Hammer | TRNS,2024-03-13,Bullish Engulfing | TRNS,2024-03-21,Three White Soldiers | TRNS,2024-04-01,Hammer | TRNS,2024-04-08,Morning Star | TRNS,2024-04-09,Three White Soldiers | TRNS,2024-04-19,Bullish Engulfing | TRNS,2024-04-19,Morning Star | TRNS,2024-04-23,Three White Soldiers | TRNS,2024-05-02,Morning Star | TRNS,2024-05-03,Three White Soldiers | TRNS,2024-05-06,Three White Soldiers | TRNS,2024-05-07,Three White Soldiers | TRNS,2024-05-14,Hammer | TRNS,2024-05-16,Bullish Engulfing | TRNS,2024-05-20,Three White Soldiers | TRNS,2024-05-21,Three White Soldiers | TRNS,2024-05-22,Three White Soldiers | TRNS,2024-06-05,Bullish Engulfing | TRNS,2024-06-05,Morning Star | TRNS,2024-06-10,Piercing Pattern | TRNS,2024-06-17,Bullish Engulfing | TRNS,2024-07-01,Hammer | TRNS,2024-07-05,Hammer | TRNS,2024-07-05,Dragonfly Doji | TRNS,2024-07-10,Bullish Engulfing | TRNS,2024-07-12,Three White Soldiers | TRNS,2024-07-22,Bullish Engulfing | TRNS,2024-07-22,Morning Star | TRNS,2024-08-05,Bullish Engulfing | TRNS,2024-08-13,Hammer | TRNS,2024-08-19,Bullish Engulfing | TRNS,2024-09-09,Piercing Pattern | TRNS,2024-09-18,Bullish Engulfing | TRNS,2024-09-19,Hammer | TRNS,2024-09-25,Hammer | TRNS,2024-10-07,Morning Star | TRNS,2024-10-09,Three White Soldiers | TRNS,2024-10-11,Bullish Engulfing | TRNS,2024-10-17,Morning Star | TRNS,2024-10-18,Three White Soldiers | TRNS,2024-10-21,Three White Soldiers | TRNS,2024-11-04,Bullish Engulfing | TRNS,2024-11-04,Morning Star | TRNS,2024-11-06,Three White Soldiers | TRNS,2024-11-19,Bullish Engulfing | TRNS,2024-11-25,Three White Soldiers | TRNS,2024-12-02,Hammer | TRNS,2024-12-10,Morning Star | TRNS,2024-12-24,Bullish Engulfing | TRNS,2025-01-03,Hammer | TRNS,2025-01-10,Hammer | TRNS,2025-01-13,Piercing Pattern | TRNS,2025-02-10,Hammer | TRNS,2025-02-13,Three White Soldiers | TRNS,2025-02-14,Three White Soldiers | TRNS,2025-02-19,Piercing Pattern | TRNS,2025-03-07,Bullish Engulfing | TRNS,2025-03-07,Morning Star | TRNS,2025-03-24,Morning Star | TRNS,2025-03-26,Hammer | TRNS,2025-03-28,Three White Soldiers | TRNS,2025-04-09,Piercing Pattern | TRNS,2025-04-11,Three White Soldiers | TRNS,2025-04-14,Hammer | TRNS,2025-04-14,Three White Soldiers | TRNS,2025-04-15,Three White Soldiers | TRNS,2025-04-21,Hammer | TRNS,2025-06-12,Morning Star | TRNS,2025-06-16,Three White Soldiers | TRNS,2025-06-24,Morning Star | TRNS,2025-07-02,Three White Soldiers | TRNS,2025-07-03,Three White Soldiers | TRNS,2025-07-23,Morning Star | TRNS,2025-07-24,Three White Soldiers | TRNS,2025-08-05,Hammer | TRNS,2025-08-06,Bullish Engulfing | TRNS,2025-08-12,Morning Star | TRNS,2025-08-13,Three White Soldiers | TRNS,2025-08-15,Hammer | TRNS,2025-08-19,Morning Star | TRNS,2025-08-21,Three White Soldiers | TRNS,2025-08-22,Three White Soldiers | TRNS,2025-08-25,Three White Soldiers | TRNS,2025-09-08,Morning Star | TRON,2023-09-01,Bullish Engulfing | TRON,2023-09-19,Morning Star | TRON,2023-09-27,Hammer | TRON,2023-10-04,Hammer | TRON,2023-10-25,Piercing Pattern | TRON,2023-10-27,Hammer | TRON,2023-11-14,Three White Soldiers | TRON,2023-11-15,Three White Soldiers | TRON,2023-11-16,Three White Soldiers | TRON,2023-11-17,Three White Soldiers | TRON,2023-11-20,Three White Soldiers | TRON,2023-11-21,Three White Soldiers | TRON,2023-12-04,Hammer | TRON,2023-12-05,Dragonfly Doji | TRON,2023-12-12,Morning Star | TRON,2023-12-26,Hammer | TRON,2024-01-17,Hammer | TRON,2024-01-23,Bullish Engulfing | TRON,2024-01-24,Hammer | TRON,2024-02-14,Hammer | TRON,2024-02-15,Hammer | TRON,2024-02-22,Bullish Engulfing | TRON,2024-02-27,Bullish Engulfing | TRON,2024-03-07,Bullish Engulfing | TRON,2024-03-11,Three White Soldiers | TRON,2024-03-21,Three White Soldiers | TRON,2024-03-25,Hammer | TRON,2024-04-01,Hammer | TRON,2024-04-22,Piercing Pattern | TRON,2024-04-23,Hammer | TRON,2024-05-06,Hammer | TRON,2024-05-08,Hammer | TRON,2024-05-14,Morning Star | TRON,2024-05-17,Three White Soldiers | TRON,2024-05-22,Morning Star | TRON,2024-05-23,Dragonfly Doji | TRON,2024-05-24,Hammer | TRON,2024-06-13,Three White Soldiers | TRON,2024-06-24,Morning Star | TRON,2024-07-12,Bullish Engulfing | TRON,2024-07-16,Hammer | TRON,2024-07-22,Morning Star | TRON,2024-08-19,Three White Soldiers | TRON,2024-09-16,Three White Soldiers | TRON,2024-10-21,Hammer | TRON,2024-10-21,Three White Soldiers | TRON,2024-11-21,Three White Soldiers | TRON,2024-11-26,Hammer | TRON,2024-12-23,Bullish Engulfing | TRON,2024-12-23,Morning Star | TRON,2024-12-30,Bullish Engulfing | TRON,2025-01-03,Hammer | TRON,2025-01-07,Hammer | TRON,2025-01-13,Hammer | TRON,2025-01-22,Morning Star | TRON,2025-01-29,Piercing Pattern | TRON,2025-02-05,Hammer | TRON,2025-03-07,Hammer | TRON,2025-03-26,Hammer | TRON,2025-03-28,Hammer | TRON,2025-04-07,Dragonfly Doji | TRON,2025-04-09,Bullish Engulfing | TRON,2025-04-11,Piercing Pattern | TRON,2025-04-22,Piercing Pattern | TRON,2025-05-12,Piercing Pattern | TRON,2025-05-23,Three White Soldiers | TRON,2025-05-27,Three White Soldiers | TRON,2025-05-28,Three White Soldiers | TRON,2025-06-03,Hammer | TRON,2025-06-12,Three White Soldiers | TRON,2025-06-13,Three White Soldiers | TRON,2025-06-16,Three White Soldiers | TRON,2025-06-25,Piercing Pattern | TRON,2025-07-02,Piercing Pattern | TRON,2025-07-07,Three White Soldiers | TRON,2025-07-14,Bullish Engulfing | TRON,2025-07-23,Morning Star | TRON,2025-07-28,Morning Star | TRON,2025-08-07,Hammer | TRON,2025-08-12,Bullish Engulfing | TRON,2025-08-14,Hammer | TRON,2025-09-02,Dragonfly Doji | TRON,2025-09-11,Bullish Engulfing | TRON,2025-09-11,Morning Star | TRON,2025-09-19,Morning Star | TROO,2023-07-05,Hammer | TROO,2023-07-07,Hammer | TROO,2023-07-11,Hammer | TROO,2023-07-13,Bullish Engulfing | TROO,2023-08-03,Hammer | TROO,2023-08-04,Piercing Pattern | TROO,2023-08-11,Hammer | TROO,2023-08-11,Three White Soldiers | TROO,2023-08-18,Hammer | TROO,2023-08-21,Hammer | TROO,2023-08-22,Bullish Engulfing | TROO,2023-08-29,Bullish Engulfing | TROO,2023-09-06,Dragonfly Doji | TROO,2023-09-13,Three White Soldiers | TROO,2023-09-15,Piercing Pattern | TROO,2023-09-18,Hammer | TROO,2023-09-19,Three White Soldiers | TROO,2023-09-20,Three White Soldiers | TROO,2023-10-05,Hammer | TROO,2023-10-06,Morning Star | TROO,2023-10-12,Bullish Engulfing | TROO,2023-10-13,Hammer | TROO,2023-10-13,Dragonfly Doji | TROO,2023-10-17,Piercing Pattern | TROO,2023-10-24,Morning Star | TROO,2023-10-25,Hammer | TROO,2023-10-27,Morning Star | TROO,2023-10-31,Bullish Engulfing | TROO,2023-11-28,Hammer | TROO,2023-12-14,Bullish Engulfing | TROO,2023-12-22,Bullish Engulfing | TROO,2023-12-27,Three White Soldiers | TROO,2023-12-28,Three White Soldiers | TROO,2024-01-10,Hammer | TROO,2024-01-11,Hammer | TROO,2024-01-18,Hammer | TROO,2024-02-01,Piercing Pattern | TROO,2024-02-06,Bullish Engulfing | TROO,2024-02-07,Hammer | TROO,2024-02-08,Hammer | TROO,2024-02-16,Bullish Engulfing | TROO,2024-02-21,Bullish Engulfing | TROO,2024-02-26,Hammer | TROO,2024-03-01,Hammer | TROO,2024-03-04,Morning Star | TROO,2024-03-07,Dragonfly Doji | TROO,2024-03-18,Hammer | TROO,2024-03-19,Bullish Engulfing | TROO,2024-04-10,Hammer | TROO,2024-04-17,Hammer | TROO,2024-04-18,Morning Star | TROO,2024-04-24,Morning Star | TROO,2024-05-01,Morning Star | TROO,2024-05-13,Hammer | TROO,2024-05-21,Hammer | TROO,2024-05-30,Bullish Engulfing | TROO,2024-06-06,Hammer | TROO,2024-06-11,Hammer | TROO,2024-06-12,Three White Soldiers | TROO,2024-06-13,Three White Soldiers | TROO,2024-06-18,Hammer | TROO,2024-06-18,Dragonfly Doji | TROO,2024-06-26,Bullish Engulfing | TROO,2024-06-28,Hammer | TROO,2024-07-01,Bullish Engulfing | TROO,2024-07-03,Bullish Engulfing | TROO,2024-07-11,Bullish Engulfing | TROO,2024-07-15,Three White Soldiers | TROO,2024-07-16,Three White Soldiers | TROO,2024-07-18,Hammer | TROO,2024-07-23,Piercing Pattern | TROO,2024-08-01,Hammer | TROO,2024-08-02,Morning Star | TROO,2024-08-07,Piercing Pattern | TROO,2024-08-09,Bullish Engulfing | TROO,2024-08-13,Bullish Engulfing | TROO,2024-08-16,Morning Star | TROO,2024-08-20,Hammer | TROO,2024-08-23,Hammer | TROO,2024-08-30,Hammer | TROO,2024-09-04,Bullish Engulfing | TROO,2024-09-06,Hammer | TROO,2024-09-09,Hammer | TROO,2024-09-09,Dragonfly Doji | TROO,2024-09-25,Dragonfly Doji | TROO,2024-10-14,Morning Star | TROO,2024-10-22,Morning Star | TROO,2024-10-25,Morning Star | TROO,2024-10-28,Hammer | TROO,2024-10-28,Dragonfly Doji | TROO,2024-11-08,Hammer | TROO,2024-11-15,Bullish Engulfing | TROO,2024-12-10,Morning Star | TROO,2024-12-23,Piercing Pattern | TROO,2025-01-15,Hammer | TROO,2025-02-10,Bullish Engulfing | TROO,2025-02-14,Hammer | TROO,2025-02-26,Hammer | TROO,2025-02-26,Dragonfly Doji | TROO,2025-03-12,Dragonfly Doji | TROO,2025-04-15,Hammer | TROO,2025-04-16,Hammer | TROO,2025-04-21,Hammer | TROO,2025-05-07,Morning Star | TROO,2025-05-16,Morning Star | TROO,2025-06-06,Piercing Pattern | TROO,2025-06-20,Hammer | TROO,2025-06-30,Bullish Engulfing | TROO,2025-07-22,Hammer | TROO,2025-07-28,Morning Star | TROO,2025-08-01,Dragonfly Doji | TROO,2025-08-04,Morning Star | TROO,2025-08-13,Hammer | TROO,2025-08-21,Hammer | TROO,2025-08-22,Bullish Engulfing | TROO,2025-08-26,Hammer | TROO,2025-08-27,Hammer | TROO,2025-09-02,Bullish Engulfing | TROO,2025-09-15,Bullish Engulfing | TROO,2025-09-18,Morning Star | TROO,2025-09-19,Three White Soldiers | TROO,2025-09-25,Piercing Pattern | TROO,2025-09-29,Bullish Engulfing | TROW,2023-07-06,Hammer | TROW,2023-07-10,Morning Star | TROW,2023-07-11,Three White Soldiers | TROW,2023-07-17,Piercing Pattern | TROW,2023-07-19,Three White Soldiers | TROW,2023-08-08,Hammer | TROW,2023-09-01,Hammer | TROW,2023-09-07,Hammer | TROW,2023-09-12,Piercing Pattern | TROW,2023-09-12,Morning Star | TROW,2023-09-13,Hammer | TROW,2023-09-18,Hammer | TROW,2023-09-19,Bullish Engulfing | TROW,2023-09-25,Piercing Pattern | TROW,2023-09-27,Hammer | TROW,2023-10-05,Morning Star | TROW,2023-10-10,Three White Soldiers | TROW,2023-10-31,Hammer | TROW,2023-11-02,Morning Star | TROW,2023-11-08,Bullish Engulfing | TROW,2023-11-10,Hammer | TROW,2023-11-15,Three White Soldiers | TROW,2023-11-20,Bullish Engulfing | TROW,2023-11-24,Bullish Engulfing | TROW,2023-11-24,Morning Star | TROW,2023-11-30,Three White Soldiers | TROW,2023-12-13,Three White Soldiers | TROW,2023-12-14,Three White Soldiers | TROW,2023-12-21,Hammer | TROW,2023-12-26,Morning Star | TROW,2023-12-28,Piercing Pattern | TROW,2024-01-08,Three White Soldiers | TROW,2024-01-11,Three White Soldiers | TROW,2024-01-12,Hammer | TROW,2024-01-12,Three White Soldiers | TROW,2024-01-25,Hammer | TROW,2024-01-29,Piercing Pattern | TROW,2024-02-12,Bullish Engulfing | TROW,2024-02-15,Morning Star | TROW,2024-02-16,Three White Soldiers | TROW,2024-03-18,Hammer | TROW,2024-03-21,Three White Soldiers | TROW,2024-04-05,Hammer | TROW,2024-04-22,Morning Star | TROW,2024-05-02,Hammer | TROW,2024-05-10,Hammer | TROW,2024-05-10,Dragonfly Doji | TROW,2024-05-16,Bullish Engulfing | TROW,2024-05-20,Three White Soldiers | TROW,2024-05-21,Three White Soldiers | TROW,2024-05-22,Three White Soldiers | TROW,2024-06-05,Hammer | TROW,2024-06-05,Dragonfly Doji | TROW,2024-06-18,Three White Soldiers | TROW,2024-06-20,Three White Soldiers | TROW,2024-06-21,Hammer | TROW,2024-06-21,Three White Soldiers | TROW,2024-06-24,Three White Soldiers | TROW,2024-07-03,Morning Star | TROW,2024-07-15,Morning Star | TROW,2024-07-23,Morning Star | TROW,2024-07-26,Hammer | TROW,2024-07-29,Piercing Pattern | TROW,2024-08-09,Morning Star | TROW,2024-08-13,Hammer | TROW,2024-08-14,Morning Star | TROW,2024-08-16,Three White Soldiers | TROW,2024-08-19,Hammer | TROW,2024-08-19,Three White Soldiers | TROW,2024-08-30,Hammer | TROW,2024-09-10,Morning Star | TROW,2024-09-10,Dragonfly Doji | TROW,2024-09-11,Hammer | TROW,2024-09-12,Hammer | TROW,2024-09-13,Three White Soldiers | TROW,2024-09-16,Three White Soldiers | TROW,2024-09-17,Three White Soldiers | TROW,2024-09-24,Morning Star | TROW,2024-09-30,Hammer | TROW,2024-10-03,Hammer | TROW,2024-10-09,Bullish Engulfing | TROW,2024-10-09,Morning Star | TROW,2024-10-11,Three White Soldiers | TROW,2024-10-14,Three White Soldiers | TROW,2024-10-18,Three White Soldiers | TROW,2024-10-29,Morning Star | TROW,2024-11-01,Bullish Engulfing | TROW,2024-11-05,Three White Soldiers | TROW,2024-11-06,Hammer | TROW,2024-11-14,Three White Soldiers | TROW,2024-11-20,Hammer | TROW,2024-11-22,Morning Star | TROW,2024-11-26,Three White Soldiers | TROW,2024-11-29,Hammer | TROW,2024-12-13,Hammer | TROW,2024-12-20,Bullish Engulfing | TROW,2024-12-20,Morning Star | TROW,2025-01-03,Hammer | TROW,2025-01-03,Morning Star | TROW,2025-01-13,Piercing Pattern | TROW,2025-01-22,Morning Star | TROW,2025-02-04,Bullish Engulfing | TROW,2025-03-07,Bullish Engulfing | TROW,2025-03-31,Hammer | TROW,2025-04-09,Bullish Engulfing | TROW,2025-04-11,Bullish Engulfing | TROW,2025-05-14,Bullish Engulfing | TROW,2025-05-16,Hammer | TROW,2025-05-16,Three White Soldiers | TROW,2025-05-30,Hammer | TROW,2025-06-03,Bullish Engulfing | TROW,2025-06-09,Morning Star | TROW,2025-06-10,Morning Star | TROW,2025-06-12,Hammer | TROW,2025-06-20,Morning Star | TROW,2025-06-23,Three White Soldiers | TROW,2025-06-24,Three White Soldiers | TROW,2025-07-01,Bullish Engulfing | TROW,2025-07-01,Morning Star | TROW,2025-07-10,Three White Soldiers | TROW,2025-07-14,Bullish Engulfing | TROW,2025-07-24,Three White Soldiers | TROW,2025-08-11,Morning Star | TROW,2025-08-12,Three White Soldiers | TROW,2025-08-13,Three White Soldiers | TROW,2025-08-26,Bullish Engulfing | TROW,2025-09-19,Three White Soldiers | TRSG,2024-04-24,Bullish Engulfing | TRSG,2024-05-03,Morning Star | TRSG,2024-05-14,Bullish Engulfing | TRSG,2024-06-05,Morning Star | TRSG,2024-06-06,Three White Soldiers | TRSG,2024-06-07,Three White Soldiers | TRSG,2024-07-17,Hammer | TRSG,2024-07-18,Bullish Engulfing | TRSG,2024-08-02,Bullish Engulfing | TRSG,2024-08-13,Morning Star | TRSG,2024-08-21,Piercing Pattern | TRSG,2024-08-23,Three White Soldiers | TRSG,2024-08-27,Bullish Engulfing | TRSG,2024-08-30,Dragonfly Doji | TRSG,2024-09-03,Hammer | TRSG,2024-09-30,Bullish Engulfing | TRSG,2024-10-02,Hammer | TRSG,2024-10-02,Three White Soldiers | TRSG,2024-11-07,Hammer | TRSG,2024-11-07,Dragonfly Doji | TRSG,2024-11-15,Hammer | TRSG,2024-11-19,Morning Star | TRSG,2024-12-05,Hammer | TRSG,2024-12-05,Dragonfly Doji | TRSG,2024-12-16,Dragonfly Doji | TRSG,2024-12-18,Dragonfly Doji | TRSG,2024-12-31,Hammer | TRSG,2025-01-13,Dragonfly Doji | TRSG,2025-03-25,Hammer | TRSG,2025-04-03,Bullish Engulfing | TRSG,2025-04-08,Morning Star | TRSG,2025-04-11,Hammer | TRSG,2025-05-02,Hammer | TRSG,2025-05-13,Hammer | TRSG,2025-05-15,Morning Star | TRSG,2025-05-23,Hammer | TRSG,2025-05-27,Dragonfly Doji | TRSG,2025-06-04,Morning Star | TRSG,2025-06-09,Hammer | TRSG,2025-06-26,Dragonfly Doji | TRSG,2025-07-14,Dragonfly Doji | TRSG,2025-07-15,Morning Star | TRSG,2025-07-22,Three White Soldiers | TRSG,2025-07-25,Hammer | TRSG,2025-07-25,Dragonfly Doji | TRSG,2025-07-28,Bullish Engulfing | TRSG,2025-08-04,Hammer | TRSG,2025-08-12,Bullish Engulfing | TRSG,2025-08-28,Hammer | TRSG,2025-09-19,Piercing Pattern | TRSG,2025-09-29,Morning Star | TRST,2023-07-18,Morning Star | TRST,2023-07-19,Three White Soldiers | TRST,2023-07-24,Bullish Engulfing | TRST,2023-07-25,Hammer | TRST,2023-08-01,Hammer | TRST,2023-08-02,Piercing Pattern | TRST,2023-08-03,Hammer | TRST,2023-08-07,Morning Star | TRST,2023-08-17,Hammer | TRST,2023-08-29,Three White Soldiers | TRST,2023-09-28,Three White Soldiers | TRST,2023-09-29,Three White Soldiers | TRST,2023-10-05,Morning Star | TRST,2023-10-17,Morning Star | TRST,2023-10-24,Hammer | TRST,2023-10-26,Morning Star | TRST,2023-10-27,Hammer | TRST,2023-10-31,Piercing Pattern | TRST,2023-11-02,Three White Soldiers | TRST,2023-11-03,Three White Soldiers | TRST,2023-11-14,Morning Star | TRST,2023-11-24,Morning Star | TRST,2023-11-29,Morning Star | TRST,2023-12-01,Bullish Engulfing | TRST,2023-12-07,Bullish Engulfing | TRST,2023-12-13,Bullish Engulfing | TRST,2023-12-21,Hammer | TRST,2023-12-22,Morning Star | TRST,2023-12-26,Three White Soldiers | TRST,2024-01-19,Hammer | TRST,2024-01-19,Dragonfly Doji | TRST,2024-01-23,Hammer | TRST,2024-01-29,Bullish Engulfing | TRST,2024-01-29,Morning Star | TRST,2024-01-30,Hammer | TRST,2024-02-12,Three White Soldiers | TRST,2024-02-14,Hammer | TRST,2024-03-01,Hammer | TRST,2024-03-01,Piercing Pattern | TRST,2024-03-05,Bullish Engulfing | TRST,2024-03-20,Morning Star | TRST,2024-03-21,Three White Soldiers | TRST,2024-04-09,Morning Star | TRST,2024-04-11,Hammer | TRST,2024-04-12,Piercing Pattern | TRST,2024-04-19,Morning Star | TRST,2024-04-23,Bullish Engulfing | TRST,2024-04-24,Hammer | TRST,2024-05-08,Bullish Engulfing | TRST,2024-05-15,Hammer | TRST,2024-05-15,Morning Star | TRST,2024-05-16,Three White Soldiers | TRST,2024-05-24,Dragonfly Doji | TRST,2024-06-28,Three White Soldiers | TRST,2024-07-02,Piercing Pattern | TRST,2024-07-09,Bullish Engulfing | TRST,2024-07-09,Morning Star | TRST,2024-07-11,Three White Soldiers | TRST,2024-07-17,Three White Soldiers | TRST,2024-08-09,Dragonfly Doji | TRST,2024-08-16,Bullish Engulfing | TRST,2024-08-16,Morning Star | TRST,2024-08-21,Piercing Pattern | TRST,2024-08-28,Hammer | TRST,2024-08-28,Bullish Engulfing | TRST,2024-08-30,Three White Soldiers | TRST,2024-09-10,Dragonfly Doji | TRST,2024-09-11,Hammer | TRST,2024-09-12,Hammer | TRST,2024-09-18,Piercing Pattern | TRST,2024-09-30,Bullish Engulfing | TRST,2024-10-14,Three White Soldiers | TRST,2024-10-15,Three White Soldiers | TRST,2024-10-16,Three White Soldiers | TRST,2024-10-17,Hammer | TRST,2024-10-17,Three White Soldiers | TRST,2024-10-22,Hammer | TRST,2024-10-24,Hammer | TRST,2024-11-05,Morning Star | TRST,2024-11-11,Morning Star | TRST,2024-11-18,Hammer | TRST,2024-11-22,Three White Soldiers | TRST,2024-11-25,Three White Soldiers | TRST,2024-12-02,Hammer | TRST,2024-12-10,Morning Star | TRST,2024-12-13,Bullish Engulfing | TRST,2024-12-13,Morning Star | TRST,2024-12-24,Hammer | TRST,2024-12-24,Three White Soldiers | TRST,2025-01-03,Dragonfly Doji | TRST,2025-01-13,Piercing Pattern | TRST,2025-01-15,Three White Soldiers | TRST,2025-01-27,Three White Soldiers | TRST,2025-01-31,Piercing Pattern | TRST,2025-02-05,Three White Soldiers | TRST,2025-02-06,Three White Soldiers | TRST,2025-02-13,Hammer | TRST,2025-02-13,Dragonfly Doji | TRST,2025-02-18,Hammer | TRST,2025-02-18,Piercing Pattern | TRST,2025-02-27,Piercing Pattern | TRST,2025-04-09,Bullish Engulfing | TRST,2025-04-15,Morning Star | TRST,2025-04-17,Three White Soldiers | TRST,2025-04-21,Hammer | TRST,2025-04-23,Three White Soldiers | TRST,2025-05-01,Bullish Engulfing | TRST,2025-05-13,Bullish Engulfing | TRST,2025-05-15,Hammer | TRST,2025-05-15,Piercing Pattern | TRST,2025-05-19,Hammer | TRST,2025-05-29,Hammer | TRST,2025-06-03,Bullish Engulfing | TRST,2025-06-05,Hammer | TRST,2025-06-06,Morning Star | TRST,2025-06-09,Three White Soldiers | TRST,2025-06-10,Three White Soldiers | TRST,2025-06-18,Bullish Engulfing | TRST,2025-06-25,Three White Soldiers | TRST,2025-06-26,Three White Soldiers | TRST,2025-06-27,Three White Soldiers | TRST,2025-07-01,Bullish Engulfing | TRST,2025-07-03,Hammer | TRST,2025-07-03,Three White Soldiers | TRST,2025-07-14,Bullish Engulfing | TRST,2025-07-16,Hammer | TRST,2025-07-17,Morning Star | TRST,2025-07-23,Hammer | TRST,2025-07-23,Dragonfly Doji | TRST,2025-07-25,Hammer | TRST,2025-08-01,Hammer | TRST,2025-08-05,Hammer | TRST,2025-08-05,Dragonfly Doji | TRST,2025-08-08,Hammer | TRST,2025-08-22,Three White Soldiers | TRST,2025-08-25,Three White Soldiers | TRST,2025-08-26,Three White Soldiers | TRST,2025-08-27,Three White Soldiers | TRST,2025-08-28,Three White Soldiers | TRST,2025-09-02,Bullish Engulfing | TRST,2025-09-18,Morning Star | TRS,2023-07-14,Hammer | TRS,2023-07-14,Piercing Pattern | TRS,2023-07-19,Three White Soldiers | TRS,2023-07-24,Bullish Engulfing | TRS,2023-08-10,Three White Soldiers | TRS,2023-08-11,Three White Soldiers | TRS,2023-08-22,Piercing Pattern | TRS,2023-08-25,Hammer | TRS,2023-09-01,Three White Soldiers | TRS,2023-09-25,Bullish Engulfing | TRS,2023-10-05,Hammer | TRS,2023-10-09,Morning Star | TRS,2023-10-12,Hammer | TRS,2023-10-17,Bullish Engulfing | TRS,2023-10-26,Morning Star | TRS,2023-10-30,Three White Soldiers | TRS,2023-10-31,Three White Soldiers | TRS,2023-11-03,Morning Star | TRS,2023-11-07,Hammer | TRS,2023-11-10,Piercing Pattern | TRS,2023-11-24,Morning Star | TRS,2023-11-29,Morning Star | TRS,2023-12-01,Three White Soldiers | TRS,2023-12-12,Three White Soldiers | TRS,2023-12-13,Three White Soldiers | TRS,2023-12-26,Morning Star | TRS,2024-01-08,Hammer | TRS,2024-01-11,Hammer | TRS,2024-01-17,Bullish Engulfing | TRS,2024-01-19,Hammer | TRS,2024-01-19,Three White Soldiers | TRS,2024-01-22,Three White Soldiers | TRS,2024-01-26,Morning Star | TRS,2024-01-30,Three White Soldiers | TRS,2024-02-02,Bullish Engulfing | TRS,2024-02-12,Three White Soldiers | TRS,2024-02-15,Morning Star | TRS,2024-02-20,Bullish Engulfing | TRS,2024-02-22,Three White Soldiers | TRS,2024-02-23,Three White Soldiers | TRS,2024-03-05,Bullish Engulfing | TRS,2024-03-15,Bullish Engulfing | TRS,2024-03-20,Three White Soldiers | TRS,2024-03-21,Three White Soldiers | TRS,2024-04-23,Bullish Engulfing | TRS,2024-04-25,Hammer | TRS,2024-05-09,Three White Soldiers | TRS,2024-05-10,Hammer | TRS,2024-05-16,Hammer | TRS,2024-05-24,Hammer | TRS,2024-05-30,Hammer | TRS,2024-06-10,Hammer | TRS,2024-06-13,Hammer | TRS,2024-06-17,Piercing Pattern | TRS,2024-07-11,Morning Star | TRS,2024-07-17,Three White Soldiers | TRS,2024-07-22,Hammer | TRS,2024-07-23,Morning Star | TRS,2024-07-26,Morning Star | TRS,2024-08-05,Hammer | TRS,2024-08-09,Hammer | TRS,2024-08-12,Hammer | TRS,2024-08-13,Hammer | TRS,2024-08-16,Piercing Pattern | TRS,2024-08-21,Piercing Pattern | TRS,2024-08-27,Hammer | TRS,2024-08-30,Three White Soldiers | TRS,2024-09-10,Morning Star | TRS,2024-09-13,Three White Soldiers | TRS,2024-09-16,Three White Soldiers | TRS,2024-09-25,Morning Star | TRS,2024-10-07,Piercing Pattern | TRS,2024-10-09,Hammer | TRS,2024-10-09,Three White Soldiers | TRS,2024-10-14,Three White Soldiers | TRS,2024-10-15,Three White Soldiers | TRS,2024-10-16,Three White Soldiers | TRS,2024-10-18,Hammer | TRS,2024-10-24,Hammer | TRS,2024-11-19,Hammer | TRS,2024-11-20,Bullish Engulfing | TRS,2024-11-22,Three White Soldiers | TRS,2024-12-02,Morning Star | TRS,2024-12-03,Hammer | TRS,2024-12-05,Hammer | TRS,2024-12-10,Bullish Engulfing | TRS,2024-12-26,Bullish Engulfing | TRS,2025-01-03,Dragonfly Doji | TRS,2025-01-08,Bullish Engulfing | TRS,2025-01-13,Piercing Pattern | TRS,2025-01-16,Bullish Engulfing | TRS,2025-01-21,Three White Soldiers | TRS,2025-01-23,Bullish Engulfing | TRS,2025-02-11,Bullish Engulfing | TRS,2025-03-03,Bullish Engulfing | TRS,2025-03-05,Three White Soldiers | TRS,2025-03-06,Three White Soldiers | TRS,2025-03-07,Three White Soldiers | TRS,2025-03-11,Hammer | TRS,2025-03-17,Morning Star | TRS,2025-03-19,Three White Soldiers | TRS,2025-03-26,Bullish Engulfing | TRS,2025-04-02,Bullish Engulfing | TRS,2025-04-09,Bullish Engulfing | TRS,2025-04-17,Bullish Engulfing | TRS,2025-04-23,Morning Star | TRS,2025-04-24,Three White Soldiers | TRS,2025-04-30,Piercing Pattern | TRS,2025-05-02,Three White Soldiers | TRS,2025-05-15,Morning Star | TRS,2025-05-16,Three White Soldiers | TRS,2025-05-20,Dragonfly Doji | TRS,2025-05-21,Hammer | TRS,2025-06-09,Morning Star | TRS,2025-06-11,Three White Soldiers | TRS,2025-06-13,Hammer | TRS,2025-06-24,Hammer | TRS,2025-06-30,Hammer | TRS,2025-07-03,Three White Soldiers | TRS,2025-07-08,Hammer | TRS,2025-07-11,Three White Soldiers | TRS,2025-07-17,Morning Star | TRS,2025-07-21,Bullish Engulfing | TRS,2025-07-23,Three White Soldiers | TRS,2025-07-31,Morning Star | TRS,2025-08-05,Morning Star | TRS,2025-08-18,Dragonfly Doji | TRS,2025-08-19,Morning Star | TRS,2025-08-20,Hammer | TRS,2025-08-26,Bullish Engulfing | TRS,2025-09-03,Bullish Engulfing | TRS,2025-09-11,Morning Star | TRS,2025-09-16,Hammer | TRS,2025-09-29,Hammer | TRUD,2025-08-25,Morning Star | TRUD,2025-08-29,Hammer | TRUD,2025-08-29,Dragonfly Doji | TRUD,2025-09-02,Hammer | TRUD,2025-09-04,Three White Soldiers | TRUD,2025-09-09,Morning Star | TRUD,2025-09-12,Hammer | TRUD,2025-09-29,Morning Star | TRUE,2023-07-07,Piercing Pattern | TRUE,2023-07-13,Three White Soldiers | TRUE,2023-07-18,Bullish Engulfing | TRUE,2023-07-18,Morning Star | TRUE,2023-08-01,Hammer | TRUE,2023-08-11,Piercing Pattern | TRUE,2023-08-21,Bullish Engulfing | TRUE,2023-08-21,Morning Star | TRUE,2023-08-22,Hammer | TRUE,2023-08-23,Three White Soldiers | TRUE,2023-08-29,Morning Star | TRUE,2023-08-30,Three White Soldiers | TRUE,2023-08-31,Three White Soldiers | TRUE,2023-09-01,Three White Soldiers | TRUE,2023-09-05,Three White Soldiers | TRUE,2023-09-08,Bullish Engulfing | TRUE,2023-09-18,Hammer | TRUE,2023-09-18,Dragonfly Doji | TRUE,2023-09-19,Bullish Engulfing | TRUE,2023-09-19,Morning Star | TRUE,2023-10-17,Morning Star | TRUE,2023-11-03,Three White Soldiers | TRUE,2023-11-07,Hammer | TRUE,2023-11-10,Three White Soldiers | TRUE,2023-11-13,Three White Soldiers | TRUE,2023-11-14,Three White Soldiers | TRUE,2023-11-27,Bullish Engulfing | TRUE,2023-12-01,Hammer | TRUE,2023-12-14,Three White Soldiers | TRUE,2023-12-15,Three White Soldiers | TRUE,2023-12-21,Hammer | TRUE,2023-12-21,Dragonfly Doji | TRUE,2023-12-26,Bullish Engulfing | TRUE,2024-01-10,Hammer | TRUE,2024-01-19,Hammer | TRUE,2024-01-19,Morning Star | TRUE,2024-01-29,Three White Soldiers | TRUE,2024-01-30,Three White Soldiers | TRUE,2024-02-09,Hammer | TRUE,2024-02-09,Morning Star | TRUE,2024-02-12,Three White Soldiers | TRUE,2024-02-15,Morning Star | TRUE,2024-02-21,Bullish Engulfing | TRUE,2024-02-21,Morning Star | TRUE,2024-02-27,Morning Star | TRUE,2024-03-01,Three White Soldiers | TRUE,2024-03-06,Hammer | TRUE,2024-03-07,Morning Star | TRUE,2024-03-13,Bullish Engulfing | TRUE,2024-03-20,Three White Soldiers | TRUE,2024-04-01,Bullish Engulfing | TRUE,2024-04-03,Bullish Engulfing | TRUE,2024-04-19,Bullish Engulfing | TRUE,2024-04-23,Three White Soldiers | TRUE,2024-05-02,Morning Star | TRUE,2024-05-06,Hammer | TRUE,2024-05-15,Hammer | TRUE,2024-05-15,Morning Star | TRUE,2024-05-17,Three White Soldiers | TRUE,2024-05-20,Three White Soldiers | TRUE,2024-05-28,Piercing Pattern | TRUE,2024-05-31,Three White Soldiers | TRUE,2024-06-20,Bullish Engulfing | TRUE,2024-06-28,Three White Soldiers | TRUE,2024-07-05,Bullish Engulfing | TRUE,2024-08-26,Morning Star | TRUE,2024-08-30,Morning Star | TRUE,2024-09-19,Morning Star | TRUE,2024-09-30,Morning Star | TRUE,2024-10-08,Bullish Engulfing | TRUE,2024-10-10,Three White Soldiers | TRUE,2024-10-11,Three White Soldiers | TRUE,2024-10-14,Three White Soldiers | TRUE,2024-10-29,Morning Star | TRUE,2024-11-01,Hammer | TRUE,2024-11-04,Morning Star | TRUE,2024-11-11,Morning Star | TRUE,2024-11-21,Hammer | TRUE,2024-11-26,Piercing Pattern | TRUE,2024-12-02,Bullish Engulfing | TRUE,2024-12-09,Piercing Pattern | TRUE,2024-12-24,Bullish Engulfing | TRUE,2025-01-17,Hammer | TRUE,2025-01-27,Three White Soldiers | TRUE,2025-01-30,Morning Star | TRUE,2025-02-04,Bullish Engulfing | TRUE,2025-02-11,Morning Star | TRUE,2025-02-28,Piercing Pattern | TRUE,2025-03-24,Three White Soldiers | TRUE,2025-03-28,Hammer | TRUE,2025-04-09,Bullish Engulfing | TRUE,2025-04-28,Three White Soldiers | TRUE,2025-05-02,Morning Star | TRUE,2025-05-06,Hammer | TRUE,2025-05-08,Morning Star | TRUE,2025-05-12,Hammer | TRUE,2025-05-14,Bullish Engulfing | TRUE,2025-05-16,Three White Soldiers | TRUE,2025-05-27,Morning Star | TRUE,2025-06-11,Three White Soldiers | TRUE,2025-06-16,Morning Star | TRUE,2025-06-18,Three White Soldiers | TRUE,2025-06-20,Three White Soldiers | TRUE,2025-06-27,Morning Star | TRUE,2025-07-03,Morning Star | TRUE,2025-07-22,Bullish Engulfing | TRUE,2025-08-06,Bullish Engulfing | TRUE,2025-08-13,Morning Star | TRUE,2025-08-18,Bullish Engulfing | TRUE,2025-08-18,Morning Star | TRUE,2025-08-22,Three White Soldiers | TRUE,2025-08-27,Bullish Engulfing | TRUE,2025-08-27,Morning Star | TRUE,2025-09-08,Hammer | TRUE,2025-09-08,Three White Soldiers | TRUG,2023-07-11,Hammer | TRUG,2023-07-13,Hammer | TRUG,2023-08-01,Hammer | TRUG,2023-08-10,Dragonfly Doji | TRUG,2023-08-15,Morning Star | TRUG,2023-08-18,Hammer | TRUG,2023-09-14,Dragonfly Doji | TRUG,2023-12-15,Dragonfly Doji | TRUG,2024-01-04,Morning Star | TRUG,2024-01-08,Three White Soldiers | TRUG,2024-01-22,Morning Star | TRUG,2024-01-29,Bullish Engulfing | TRUG,2024-02-08,Hammer | TRUG,2024-02-12,Bullish Engulfing | TRUG,2024-02-15,Bullish Engulfing | TRUG,2024-02-27,Hammer | TRUG,2024-02-27,Dragonfly Doji | TRUG,2024-03-06,Morning Star | TRUG,2024-03-11,Three White Soldiers | TRUG,2024-03-12,Hammer | TRUG,2024-05-02,Morning Star | TRUG,2024-06-05,Bullish Engulfing | TRUG,2024-07-17,Dragonfly Doji | TRUG,2024-07-24,Bullish Engulfing | TRUG,2024-07-26,Three White Soldiers | TRUG,2024-07-30,Bullish Engulfing | TRUG,2024-08-15,Morning Star | TRUG,2024-09-10,Hammer | TRUG,2024-09-10,Dragonfly Doji | TRUG,2024-09-11,Morning Star | TRUG,2024-09-13,Hammer | TRUG,2024-09-13,Dragonfly Doji | TRUG,2024-09-16,Morning Star | TRUG,2024-09-26,Morning Star | TRUG,2024-10-03,Hammer | TRUG,2024-10-08,Dragonfly Doji | TRUG,2024-10-24,Hammer | TRUG,2024-10-25,Dragonfly Doji | TRUG,2024-10-29,Bullish Engulfing | TRUG,2024-11-07,Piercing Pattern | TRUG,2024-11-20,Piercing Pattern | TRUG,2024-11-21,Hammer | TRUG,2024-11-22,Hammer | TRUG,2024-11-25,Bullish Engulfing | TRUG,2024-11-27,Hammer | TRUG,2024-12-12,Bullish Engulfing | TRUG,2024-12-19,Morning Star | TRUG,2025-01-02,Hammer | TRUG,2025-01-24,Morning Star | TRUG,2025-02-25,Hammer | TRUG,2025-02-28,Hammer | TRUG,2025-03-04,Hammer | TRUG,2025-03-20,Hammer | TRUG,2025-04-14,Hammer | TRUG,2025-04-22,Bullish Engulfing | TRUG,2025-04-23,Hammer | TRUG,2025-04-30,Hammer | TRUG,2025-05-23,Morning Star | TRUG,2025-05-29,Bullish Engulfing | TRUG,2025-06-24,Bullish Engulfing | TRUG,2025-06-26,Three White Soldiers | TRUG,2025-07-15,Bullish Engulfing | TRUG,2025-07-17,Three White Soldiers | TRUG,2025-07-29,Hammer | TRUG,2025-08-12,Hammer | TRUG,2025-08-15,Bullish Engulfing | TRUG,2025-08-25,Morning Star | TRUG,2025-09-03,Piercing Pattern | TRUG,2025-09-23,Hammer | TRUG,2025-09-25,Hammer | TRUP,2023-07-06,Three White Soldiers | TRUP,2023-07-07,Three White Soldiers | TRUP,2023-07-10,Three White Soldiers | TRUP,2023-07-11,Three White Soldiers | TRUP,2023-07-24,Morning Star | TRUP,2023-07-25,Three White Soldiers | TRUP,2023-07-26,Three White Soldiers | TRUP,2023-07-31,Morning Star | TRUP,2023-08-03,Bullish Engulfing | TRUP,2023-08-08,Morning Star | TRUP,2023-08-16,Bullish Engulfing | TRUP,2023-08-22,Hammer | TRUP,2023-08-24,Hammer | TRUP,2023-08-28,Morning Star | TRUP,2023-09-06,Morning Star | TRUP,2023-09-15,Hammer | TRUP,2023-09-15,Three White Soldiers | TRUP,2023-09-19,Bullish Engulfing | TRUP,2023-10-06,Piercing Pattern | TRUP,2023-10-10,Three White Soldiers | TRUP,2023-10-11,Three White Soldiers | TRUP,2023-10-16,Morning Star | TRUP,2023-10-26,Piercing Pattern | TRUP,2023-11-01,Hammer | TRUP,2023-11-01,Dragonfly Doji | TRUP,2023-11-02,Morning Star | TRUP,2023-11-03,Three White Soldiers | TRUP,2023-11-13,Bullish Engulfing | TRUP,2023-11-15,Three White Soldiers | TRUP,2023-11-20,Bullish Engulfing | TRUP,2023-11-24,Bullish Engulfing | TRUP,2023-11-28,Hammer | TRUP,2023-12-01,Bullish Engulfing | TRUP,2023-12-07,Hammer | TRUP,2023-12-08,Morning Star | TRUP,2023-12-12,Dragonfly Doji | TRUP,2023-12-14,Three White Soldiers | TRUP,2024-01-11,Dragonfly Doji | TRUP,2024-01-22,Morning Star | TRUP,2024-01-29,Morning Star | TRUP,2024-01-30,Hammer | TRUP,2024-02-12,Three White Soldiers | TRUP,2024-02-15,Three White Soldiers | TRUP,2024-02-21,Hammer | TRUP,2024-02-26,Bullish Engulfing | TRUP,2024-02-28,Three White Soldiers | TRUP,2024-03-01,Hammer | TRUP,2024-03-04,Morning Star | TRUP,2024-03-12,Dragonfly Doji | TRUP,2024-03-13,Morning Star | TRUP,2024-03-26,Three White Soldiers | TRUP,2024-03-27,Hammer | TRUP,2024-03-27,Three White Soldiers | TRUP,2024-04-03,Piercing Pattern | TRUP,2024-04-19,Morning Star | TRUP,2024-04-25,Hammer | TRUP,2024-05-09,Bullish Engulfing | TRUP,2024-05-29,Bullish Engulfing | TRUP,2024-06-06,Bullish Engulfing | TRUP,2024-06-20,Hammer | TRUP,2024-06-21,Piercing Pattern | TRUP,2024-06-25,Bullish Engulfing | TRUP,2024-06-28,Hammer | TRUP,2024-07-03,Bullish Engulfing | TRUP,2024-07-12,Three White Soldiers | TRUP,2024-07-15,Three White Soldiers | TRUP,2024-07-16,Three White Soldiers | TRUP,2024-07-17,Three White Soldiers | TRUP,2024-07-23,Morning Star | TRUP,2024-07-25,Bullish Engulfing | TRUP,2024-08-02,Hammer | TRUP,2024-08-06,Hammer | TRUP,2024-08-12,Three White Soldiers | TRUP,2024-08-13,Three White Soldiers | TRUP,2024-08-16,Hammer | TRUP,2024-08-23,Bullish Engulfing | TRUP,2024-09-16,Hammer | TRUP,2024-09-25,Hammer | TRUP,2024-10-03,Bullish Engulfing | TRUP,2024-10-10,Three White Soldiers | TRUP,2024-10-11,Three White Soldiers | TRUP,2024-10-14,Three White Soldiers | TRUP,2024-10-15,Three White Soldiers | TRUP,2024-10-16,Three White Soldiers | TRUP,2024-10-17,Three White Soldiers | TRUP,2024-10-30,Bullish Engulfing | TRUP,2024-11-12,Three White Soldiers | TRUP,2024-11-15,Hammer | TRUP,2024-11-19,Bullish Engulfing | TRUP,2024-11-22,Morning Star | TRUP,2024-12-02,Hammer | TRUP,2024-12-02,Dragonfly Doji | TRUP,2024-12-03,Hammer | TRUP,2024-12-04,Three White Soldiers | TRUP,2024-12-09,Morning Star | TRUP,2024-12-17,Dragonfly Doji | TRUP,2024-12-20,Piercing Pattern | TRUP,2025-01-03,Morning Star | TRUP,2025-01-08,Dragonfly Doji | TRUP,2025-01-24,Piercing Pattern | TRUP,2025-02-10,Morning Star | TRUP,2025-02-12,Bullish Engulfing | TRUP,2025-02-14,Three White Soldiers | TRUP,2025-02-24,Hammer | TRUP,2025-02-28,Bullish Engulfing | TRUP,2025-03-07,Piercing Pattern | TRUP,2025-03-12,Hammer | TRUP,2025-03-12,Three White Soldiers | TRUP,2025-03-21,Piercing Pattern | TRUP,2025-03-27,Morning Star | TRUP,2025-04-02,Piercing Pattern | TRUP,2025-04-24,Bullish Engulfing | TRUP,2025-04-30,Hammer | TRUP,2025-05-16,Bullish Engulfing | TRUP,2025-05-22,Piercing Pattern | TRUP,2025-05-28,Three White Soldiers | TRUP,2025-06-03,Morning Star | TRUP,2025-06-06,Morning Star | TRUP,2025-06-10,Three White Soldiers | TRUP,2025-06-17,Three White Soldiers | TRUP,2025-06-18,Three White Soldiers | TRUP,2025-06-20,Three White Soldiers | TRUP,2025-07-17,Morning Star | TRUP,2025-07-23,Morning Star | TRUP,2025-07-25,Hammer | TRUP,2025-08-06,Three White Soldiers | TRUP,2025-08-20,Hammer | TRUP,2025-08-26,Piercing Pattern | TRUP,2025-09-02,Hammer | TRUP,2025-09-10,Piercing Pattern | TRUP,2025-09-12,Three White Soldiers | TRUP,2025-09-15,Three White Soldiers | TRUP,2025-09-19,Hammer | TRUP,2025-09-29,Three White Soldiers | TRUT,2025-08-22,Bullish Engulfing | TRUT,2025-08-27,Three White Soldiers | TRUT,2025-08-28,Three White Soldiers | TRUT,2025-09-05,Hammer | TRUT,2025-09-17,Hammer | TRUT,2025-09-18,Morning Star | TRUT,2025-09-19,Three White Soldiers | TRUT,2025-09-22,Three White Soldiers | TRUT,2025-09-26,Morning Star | TRVG,2023-07-06,Bullish Engulfing | TRVG,2023-07-11,Hammer | TRVG,2023-07-17,Hammer | TRVG,2023-07-21,Hammer | TRVG,2023-08-08,Morning Star | TRVG,2023-08-14,Dragonfly Doji | TRVG,2023-08-16,Hammer | TRVG,2023-08-28,Piercing Pattern | TRVG,2023-09-28,Bullish Engulfing | TRVG,2023-10-13,Piercing Pattern | TRVG,2023-10-23,Bullish Engulfing | TRVG,2023-10-26,Morning Star | TRVG,2023-11-01,Hammer | TRVG,2023-11-10,Piercing Pattern | TRVG,2023-11-22,Hammer | TRVG,2023-11-24,Hammer | TRVG,2023-12-22,Morning Star | TRVG,2024-01-04,Morning Star | TRVG,2024-01-22,Hammer | TRVG,2024-02-05,Three White Soldiers | TRVG,2024-02-16,Bullish Engulfing | TRVG,2024-03-01,Piercing Pattern | TRVG,2024-03-05,Bullish Engulfing | TRVG,2024-03-11,Bullish Engulfing | TRVG,2024-03-14,Hammer | TRVG,2024-03-28,Three White Soldiers | TRVG,2024-04-01,Three White Soldiers | TRVG,2024-04-12,Bullish Engulfing | TRVG,2024-04-18,Bullish Engulfing | TRVG,2024-05-06,Piercing Pattern | TRVG,2024-05-07,Hammer | TRVG,2024-05-17,Hammer | TRVG,2024-05-21,Bullish Engulfing | TRVG,2024-05-29,Morning Star | TRVG,2024-06-07,Hammer | TRVG,2024-06-13,Hammer | TRVG,2024-07-25,Dragonfly Doji | TRVG,2024-08-05,Hammer | TRVG,2024-08-06,Hammer | TRVG,2024-08-13,Bullish Engulfing | TRVG,2024-08-16,Morning Star | TRVG,2024-08-20,Hammer | TRVG,2024-08-28,Hammer | TRVG,2024-09-10,Dragonfly Doji | TRVG,2024-09-16,Hammer | TRVG,2024-09-20,Hammer | TRVG,2024-09-25,Hammer | TRVG,2024-10-01,Hammer | TRVG,2024-10-14,Hammer | TRVG,2024-10-15,Hammer | TRVG,2024-10-28,Morning Star | TRVG,2024-11-01,Piercing Pattern | TRVG,2024-11-08,Hammer | TRVG,2024-11-26,Three White Soldiers | TRVG,2024-11-27,Three White Soldiers | TRVG,2024-11-29,Hammer | TRVG,2024-12-02,Hammer | TRVG,2024-12-03,Morning Star | TRVG,2024-12-30,Hammer | TRVG,2025-01-08,Hammer | TRVG,2025-01-14,Three White Soldiers | TRVG,2025-01-15,Three White Soldiers | TRVG,2025-02-03,Morning Star | TRVG,2025-02-10,Three White Soldiers | TRVG,2025-02-19,Bullish Engulfing | TRVG,2025-02-27,Bullish Engulfing | TRVG,2025-03-03,Three White Soldiers | TRVG,2025-03-11,Morning Star | TRVG,2025-03-14,Hammer | TRVG,2025-03-17,Morning Star | TRVG,2025-03-20,Hammer | TRVG,2025-03-27,Piercing Pattern | TRVG,2025-04-01,Piercing Pattern | TRVG,2025-04-09,Bullish Engulfing | TRVG,2025-04-17,Hammer | TRVG,2025-05-08,Bullish Engulfing | TRVG,2025-05-27,Bullish Engulfing | TRVG,2025-06-02,Morning Star | TRVG,2025-06-03,Hammer | TRVG,2025-06-09,Morning Star | TRVG,2025-07-16,Morning Star | TRVG,2025-07-24,Three White Soldiers | TRVG,2025-08-05,Three White Soldiers | TRVG,2025-08-22,Morning Star | TRVG,2025-08-27,Morning Star | TRVG,2025-09-12,Three White Soldiers | TRVG,2025-09-19,Morning Star | TRVI,2023-07-05,Hammer | TRVI,2023-07-17,Bullish Engulfing | TRVI,2023-08-22,Three White Soldiers | TRVI,2023-08-23,Three White Soldiers | TRVI,2023-08-24,Three White Soldiers | TRVI,2023-08-28,Piercing Pattern | TRVI,2023-09-08,Morning Star | TRVI,2023-09-27,Three White Soldiers | TRVI,2023-09-28,Three White Soldiers | TRVI,2023-10-13,Bullish Engulfing | TRVI,2023-11-07,Piercing Pattern | TRVI,2023-11-13,Hammer | TRVI,2023-11-13,Dragonfly Doji | TRVI,2023-11-14,Morning Star | TRVI,2023-11-15,Hammer | TRVI,2023-12-26,Three White Soldiers | TRVI,2024-01-04,Morning Star | TRVI,2024-02-06,Morning Star | TRVI,2024-02-12,Three White Soldiers | TRVI,2024-02-13,Three White Soldiers | TRVI,2024-02-14,Three White Soldiers | TRVI,2024-02-15,Three White Soldiers | TRVI,2024-02-16,Three White Soldiers | TRVI,2024-02-26,Bullish Engulfing | TRVI,2024-02-28,Three White Soldiers | TRVI,2024-03-05,Bullish Engulfing | TRVI,2024-03-06,Hammer | TRVI,2024-03-15,Three White Soldiers | TRVI,2024-03-20,Hammer | TRVI,2024-04-08,Bullish Engulfing | TRVI,2024-04-08,Morning Star | TRVI,2024-04-17,Hammer | TRVI,2024-04-18,Bullish Engulfing | TRVI,2024-04-22,Three White Soldiers | TRVI,2024-04-26,Bullish Engulfing | TRVI,2024-04-26,Morning Star | TRVI,2024-05-14,Morning Star | TRVI,2024-06-10,Bullish Engulfing | TRVI,2024-06-12,Three White Soldiers | TRVI,2024-06-17,Piercing Pattern | TRVI,2024-06-26,Bullish Engulfing | TRVI,2024-06-28,Three White Soldiers | TRVI,2024-07-03,Hammer | TRVI,2024-07-23,Three White Soldiers | TRVI,2024-07-24,Three White Soldiers | TRVI,2024-07-25,Three White Soldiers | TRVI,2024-07-26,Three White Soldiers | TRVI,2024-08-16,Morning Star | TRVI,2024-08-21,Hammer | TRVI,2024-08-23,Bullish Engulfing | TRVI,2024-08-30,Hammer | TRVI,2024-09-05,Morning Star | TRVI,2024-09-26,Hammer | TRVI,2024-09-26,Dragonfly Doji | TRVI,2024-09-27,Morning Star | TRVI,2024-09-30,Three White Soldiers | TRVI,2024-10-04,Hammer | TRVI,2024-10-11,Morning Star | TRVI,2024-10-14,Three White Soldiers | TRVI,2024-10-18,Hammer | TRVI,2024-10-21,Morning Star | TRVI,2024-10-28,Morning Star | TRVI,2024-11-04,Morning Star | TRVI,2024-11-11,Hammer | TRVI,2024-11-11,Morning Star | TRVI,2024-11-19,Morning Star | TRVI,2024-11-22,Morning Star | TRVI,2024-12-04,Hammer | TRVI,2024-12-06,Morning Star | TRVI,2025-01-02,Morning Star | TRVI,2025-01-03,Three White Soldiers | TRVI,2025-01-22,Bullish Engulfing | TRVI,2025-01-31,Hammer | TRVI,2025-02-06,Hammer | TRVI,2025-02-12,Bullish Engulfing | TRVI,2025-02-18,Morning Star | TRVI,2025-02-19,Three White Soldiers | TRVI,2025-02-20,Three White Soldiers | TRVI,2025-04-01,Hammer | TRVI,2025-04-02,Bullish Engulfing | TRVI,2025-04-10,Dragonfly Doji | TRVI,2025-04-11,Bullish Engulfing | TRVI,2025-04-15,Three White Soldiers | TRVI,2025-04-16,Hammer | TRVI,2025-04-24,Three White Soldiers | TRVI,2025-04-25,Three White Soldiers | TRVI,2025-04-28,Three White Soldiers | TRVI,2025-04-30,Bullish Engulfing | TRVI,2025-05-16,Morning Star | TRVI,2025-05-23,Bullish Engulfing | TRVI,2025-05-28,Hammer | TRVI,2025-05-29,Morning Star | TRVI,2025-06-03,Hammer | TRVI,2025-06-06,Three White Soldiers | TRVI,2025-06-10,Hammer | TRVI,2025-06-16,Morning Star | TRVI,2025-07-03,Hammer | TRVI,2025-07-11,Three White Soldiers | TRVI,2025-07-14,Three White Soldiers | TRVI,2025-07-22,Morning Star | TRVI,2025-07-29,Hammer | TRVI,2025-08-04,Bullish Engulfing | TRVI,2025-08-07,Hammer | TRVI,2025-08-08,Hammer | TRVI,2025-08-08,Morning Star | TRVI,2025-08-11,Hammer | TRVI,2025-08-13,Morning Star | TRVI,2025-08-15,Hammer | TRVI,2025-08-27,Morning Star | TRVI,2025-09-04,Hammer | TRVI,2025-09-10,Three White Soldiers | TRVI,2025-09-15,Hammer | TRVI,2025-09-18,Morning Star | TRVI,2025-09-22,Bullish Engulfing | TRVI,2025-09-29,Three White Soldiers | TSAT,2023-07-14,Hammer | TSAT,2023-07-18,Morning Star | TSAT,2023-07-31,Morning Star | TSAT,2023-08-22,Three White Soldiers | TSAT,2023-08-23,Three White Soldiers | TSAT,2023-08-31,Bullish Engulfing | TSAT,2023-09-05,Bullish Engulfing | TSAT,2023-09-08,Hammer | TSAT,2023-09-18,Hammer | TSAT,2023-09-29,Morning Star | TSAT,2023-10-06,Hammer | TSAT,2023-10-16,Bullish Engulfing | TSAT,2023-10-20,Bullish Engulfing | TSAT,2023-11-01,Morning Star | TSAT,2023-11-02,Three White Soldiers | TSAT,2023-11-03,Three White Soldiers | TSAT,2023-11-21,Hammer | TSAT,2023-11-29,Morning Star | TSAT,2023-12-01,Bullish Engulfing | TSAT,2023-12-14,Morning Star | TSAT,2023-12-29,Bullish Engulfing | TSAT,2023-12-29,Morning Star | TSAT,2024-01-05,Bullish Engulfing | TSAT,2024-01-29,Three White Soldiers | TSAT,2024-02-05,Piercing Pattern | TSAT,2024-03-04,Hammer | TSAT,2024-03-06,Three White Soldiers | TSAT,2024-03-08,Bullish Engulfing | TSAT,2024-03-15,Bullish Engulfing | TSAT,2024-04-02,Hammer | TSAT,2024-04-18,Morning Star | TSAT,2024-04-22,Three White Soldiers | TSAT,2024-04-30,Piercing Pattern | TSAT,2024-05-06,Hammer | TSAT,2024-05-08,Piercing Pattern | TSAT,2024-05-20,Hammer | TSAT,2024-06-20,Morning Star | TSAT,2024-06-25,Piercing Pattern | TSAT,2024-07-11,Bullish Engulfing | TSAT,2024-08-02,Bullish Engulfing | TSAT,2024-08-02,Morning Star | TSAT,2024-08-06,Hammer | TSAT,2024-08-14,Three White Soldiers | TSAT,2024-08-15,Hammer | TSAT,2024-08-15,Three White Soldiers | TSAT,2024-08-16,Three White Soldiers | TSAT,2024-08-19,Hammer | TSAT,2024-08-27,Bullish Engulfing | TSAT,2024-09-10,Piercing Pattern | TSAT,2024-09-12,Bullish Engulfing | TSAT,2024-09-17,Piercing Pattern | TSAT,2024-10-01,Hammer | TSAT,2024-10-02,Bullish Engulfing | TSAT,2024-10-11,Bullish Engulfing | TSAT,2024-10-11,Morning Star | TSAT,2024-10-16,Bullish Engulfing | TSAT,2024-10-21,Morning Star | TSAT,2024-10-30,Hammer | TSAT,2024-10-31,Bullish Engulfing | TSAT,2024-10-31,Morning Star | TSAT,2024-11-04,Hammer | TSAT,2024-11-08,Bullish Engulfing | TSAT,2024-11-12,Hammer | TSAT,2024-11-20,Dragonfly Doji | TSAT,2024-11-21,Morning Star | TSAT,2024-11-22,Hammer | TSAT,2024-11-22,Three White Soldiers | TSAT,2024-11-25,Three White Soldiers | TSAT,2024-11-27,Bullish Engulfing | TSAT,2024-12-02,Three White Soldiers | TSAT,2024-12-09,Three White Soldiers | TSAT,2024-12-17,Morning Star | TSAT,2024-12-24,Piercing Pattern | TSAT,2024-12-31,Hammer | TSAT,2025-01-06,Three White Soldiers | TSAT,2025-01-15,Piercing Pattern | TSAT,2025-01-17,Hammer | TSAT,2025-01-21,Bullish Engulfing | TSAT,2025-02-04,Morning Star | TSAT,2025-02-05,Three White Soldiers | TSAT,2025-02-06,Three White Soldiers | TSAT,2025-02-11,Three White Soldiers | TSAT,2025-02-24,Hammer | TSAT,2025-02-27,Hammer | TSAT,2025-03-14,Morning Star | TSAT,2025-04-07,Bullish Engulfing | TSAT,2025-04-09,Piercing Pattern | TSAT,2025-04-15,Piercing Pattern | TSAT,2025-04-25,Hammer | TSAT,2025-04-28,Morning Star | TSAT,2025-05-01,Bullish Engulfing | TSAT,2025-05-09,Morning Star | TSAT,2025-05-28,Three White Soldiers | TSAT,2025-06-16,Morning Star | TSAT,2025-06-17,Three White Soldiers | TSAT,2025-06-18,Three White Soldiers | TSAT,2025-06-20,Three White Soldiers | TSAT,2025-06-23,Three White Soldiers | TSAT,2025-06-24,Hammer | TSAT,2025-06-24,Three White Soldiers | TSAT,2025-07-02,Three White Soldiers | TSAT,2025-07-03,Three White Soldiers | TSAT,2025-07-14,Bullish Engulfing | TSAT,2025-07-16,Hammer | TSAT,2025-07-17,Bullish Engulfing | TSAT,2025-07-23,Morning Star | TSAT,2025-07-25,Hammer | TSAT,2025-08-06,Three White Soldiers | TSAT,2025-08-12,Morning Star | TSAT,2025-08-21,Piercing Pattern | TSAT,2025-08-28,Morning Star | TSAT,2025-09-11,Morning Star | TSAT,2025-09-15,Three White Soldiers | TSAT,2025-09-22,Bullish Engulfing | TSAT,2025-09-24,Hammer | TSAT,2025-09-29,Three White Soldiers | TSBK,2023-07-07,Piercing Pattern | TSBK,2023-07-13,Morning Star | TSBK,2023-07-17,Piercing Pattern | TSBK,2023-07-19,Three White Soldiers | TSBK,2023-07-24,Bullish Engulfing | TSBK,2023-07-26,Three White Soldiers | TSBK,2023-08-08,Hammer | TSBK,2023-08-18,Bullish Engulfing | TSBK,2023-08-18,Morning Star | TSBK,2023-10-04,Bullish Engulfing | TSBK,2023-10-12,Hammer | TSBK,2023-10-13,Hammer | TSBK,2023-10-17,Three White Soldiers | TSBK,2023-10-26,Morning Star | TSBK,2023-11-06,Hammer | TSBK,2023-11-08,Hammer | TSBK,2023-11-22,Hammer | TSBK,2023-11-22,Dragonfly Doji | TSBK,2023-12-12,Bullish Engulfing | TSBK,2023-12-22,Bullish Engulfing | TSBK,2023-12-22,Morning Star | TSBK,2024-01-11,Hammer | TSBK,2024-01-17,Bullish Engulfing | TSBK,2024-01-30,Piercing Pattern | TSBK,2024-02-01,Hammer | TSBK,2024-02-06,Hammer | TSBK,2024-02-15,Morning Star | TSBK,2024-02-16,Three White Soldiers | TSBK,2024-03-13,Piercing Pattern | TSBK,2024-03-15,Bullish Engulfing | TSBK,2024-03-19,Piercing Pattern | TSBK,2024-03-21,Three White Soldiers | TSBK,2024-04-01,Hammer | TSBK,2024-04-11,Piercing Pattern | TSBK,2024-04-19,Bullish Engulfing | TSBK,2024-04-19,Morning Star | TSBK,2024-05-01,Morning Star | TSBK,2024-05-03,Hammer | TSBK,2024-05-06,Hammer | TSBK,2024-05-09,Morning Star | TSBK,2024-05-14,Hammer | TSBK,2024-05-15,Morning Star | TSBK,2024-06-05,Morning Star | TSBK,2024-06-10,Hammer | TSBK,2024-06-10,Three White Soldiers | TSBK,2024-06-20,Bullish Engulfing | TSBK,2024-06-27,Hammer | TSBK,2024-06-28,Bullish Engulfing | TSBK,2024-07-10,Bullish Engulfing | TSBK,2024-07-12,Hammer | TSBK,2024-07-12,Three White Soldiers | TSBK,2024-07-25,Three White Soldiers | TSBK,2024-08-06,Bullish Engulfing | TSBK,2024-08-14,Hammer | TSBK,2024-08-14,Morning Star | TSBK,2024-08-15,Three White Soldiers | TSBK,2024-08-21,Three White Soldiers | TSBK,2024-08-28,Hammer | TSBK,2024-09-03,Hammer | TSBK,2024-09-03,Dragonfly Doji | TSBK,2024-09-10,Bullish Engulfing | TSBK,2024-09-11,Hammer | TSBK,2024-09-12,Bullish Engulfing | TSBK,2024-09-16,Three White Soldiers | TSBK,2024-09-18,Bullish Engulfing | TSBK,2024-09-19,Hammer | TSBK,2024-09-20,Bullish Engulfing | TSBK,2024-09-30,Bullish Engulfing | TSBK,2024-10-02,Hammer | TSBK,2024-10-23,Morning Star | TSBK,2024-10-29,Morning Star | TSBK,2024-11-06,Three White Soldiers | TSBK,2024-11-11,Morning Star | TSBK,2024-11-21,Three White Soldiers | TSBK,2024-12-02,Bullish Engulfing | TSBK,2024-12-06,Three White Soldiers | TSBK,2024-12-12,Hammer | TSBK,2025-01-10,Dragonfly Doji | TSBK,2025-01-15,Dragonfly Doji | TSBK,2025-01-17,Hammer | TSBK,2025-01-23,Bullish Engulfing | TSBK,2025-01-28,Hammer | TSBK,2025-02-04,Bullish Engulfing | TSBK,2025-02-07,Hammer | TSBK,2025-02-11,Bullish Engulfing | TSBK,2025-02-26,Morning Star | TSBK,2025-03-14,Bullish Engulfing | TSBK,2025-03-18,Hammer | TSBK,2025-03-18,Dragonfly Doji | TSBK,2025-03-24,Hammer | TSBK,2025-04-02,Three White Soldiers | TSBK,2025-04-16,Piercing Pattern | TSBK,2025-04-24,Dragonfly Doji | TSBK,2025-05-06,Piercing Pattern | TSBK,2025-05-14,Morning Star | TSBK,2025-05-29,Piercing Pattern | TSBK,2025-06-02,Hammer | TSBK,2025-06-05,Hammer | TSBK,2025-06-23,Bullish Engulfing | TSBK,2025-07-09,Hammer | TSBK,2025-07-09,Dragonfly Doji | TSBK,2025-07-10,Bullish Engulfing | TSBK,2025-07-11,Hammer | TSBK,2025-07-16,Hammer | TSBK,2025-07-23,Bullish Engulfing | TSBK,2025-08-11,Morning Star | TSBK,2025-08-12,Morning Star | TSBK,2025-08-20,Bullish Engulfing | TSBK,2025-08-26,Hammer | TSBK,2025-08-27,Morning Star | TSBK,2025-09-02,Hammer | TSBK,2025-09-05,Hammer | TSBK,2025-09-09,Hammer | TSCO,2023-07-03,Hammer | TSCO,2023-07-10,Bullish Engulfing | TSCO,2023-07-18,Piercing Pattern | TSCO,2023-07-20,Bullish Engulfing | TSCO,2023-07-27,Three White Soldiers | TSCO,2023-08-01,Bullish Engulfing | TSCO,2023-08-03,Three White Soldiers | TSCO,2023-08-22,Hammer | TSCO,2023-08-29,Three White Soldiers | TSCO,2023-08-30,Hammer | TSCO,2023-09-06,Hammer | TSCO,2023-09-14,Dragonfly Doji | TSCO,2023-09-25,Morning Star | TSCO,2023-10-10,Bullish Engulfing | TSCO,2023-10-13,Piercing Pattern | TSCO,2023-10-17,Three White Soldiers | TSCO,2023-10-30,Hammer | TSCO,2023-11-01,Hammer | TSCO,2023-11-07,Hammer | TSCO,2023-11-28,Bullish Engulfing | TSCO,2023-12-04,Three White Soldiers | TSCO,2023-12-11,Three White Soldiers | TSCO,2023-12-27,Bullish Engulfing | TSCO,2024-01-02,Bullish Engulfing | TSCO,2024-01-08,Three White Soldiers | TSCO,2024-01-16,Three White Soldiers | TSCO,2024-01-19,Three White Soldiers | TSCO,2024-01-22,Three White Soldiers | TSCO,2024-01-30,Bullish Engulfing | TSCO,2024-02-02,Hammer | TSCO,2024-02-14,Dragonfly Doji | TSCO,2024-02-15,Three White Soldiers | TSCO,2024-02-22,Bullish Engulfing | TSCO,2024-02-28,Three White Soldiers | TSCO,2024-03-11,Hammer | TSCO,2024-03-13,Morning Star | TSCO,2024-03-15,Bullish Engulfing | TSCO,2024-03-20,Dragonfly Doji | TSCO,2024-03-21,Bullish Engulfing | TSCO,2024-04-02,Hammer | TSCO,2024-04-17,Morning Star | TSCO,2024-04-24,Morning Star | TSCO,2024-04-26,Three White Soldiers | TSCO,2024-04-29,Three White Soldiers | TSCO,2024-05-06,Hammer | TSCO,2024-05-16,Three White Soldiers | TSCO,2024-05-17,Three White Soldiers | TSCO,2024-05-28,Hammer | TSCO,2024-05-29,Hammer | TSCO,2024-06-05,Hammer | TSCO,2024-06-10,Three White Soldiers | TSCO,2024-06-11,Three White Soldiers | TSCO,2024-06-17,Bullish Engulfing | TSCO,2024-06-18,Hammer | TSCO,2024-07-11,Morning Star | TSCO,2024-07-12,Three White Soldiers | TSCO,2024-07-22,Hammer | TSCO,2024-07-29,Three White Soldiers | TSCO,2024-08-02,Hammer | TSCO,2024-08-02,Dragonfly Doji | TSCO,2024-08-05,Bullish Engulfing | TSCO,2024-08-19,Piercing Pattern | TSCO,2024-08-21,Bullish Engulfing | TSCO,2024-08-27,Three White Soldiers | TSCO,2024-08-28,Three White Soldiers | TSCO,2024-09-04,Morning Star | TSCO,2024-09-05,Hammer | TSCO,2024-09-11,Bullish Engulfing | TSCO,2024-09-13,Three White Soldiers | TSCO,2024-09-20,Hammer | TSCO,2024-09-24,Three White Soldiers | TSCO,2024-09-25,Three White Soldiers | TSCO,2024-09-26,Three White Soldiers | TSCO,2024-10-02,Three White Soldiers | TSCO,2024-10-16,Bullish Engulfing | TSCO,2024-10-23,Bullish Engulfing | TSCO,2024-11-04,Morning Star | TSCO,2024-11-06,Three White Soldiers | TSCO,2024-11-18,Bullish Engulfing | TSCO,2024-11-20,Hammer | TSCO,2024-11-25,Three White Soldiers | TSCO,2024-12-09,Hammer | TSCO,2024-12-10,Morning Star | TSCO,2024-12-20,Bullish Engulfing | TSCO,2024-12-26,Three White Soldiers | TSCO,2025-01-08,Bullish Engulfing | TSCO,2025-01-16,Piercing Pattern | TSCO,2025-02-03,Bullish Engulfing | TSCO,2025-02-10,Morning Star | TSCO,2025-02-12,Three White Soldiers | TSCO,2025-02-13,Three White Soldiers | TSCO,2025-02-18,Hammer | TSCO,2025-02-19,Hammer | TSCO,2025-02-20,Hammer | TSCO,2025-02-24,Hammer | TSCO,2025-03-18,Hammer | TSCO,2025-03-19,Hammer | TSCO,2025-03-21,Piercing Pattern | TSCO,2025-04-09,Bullish Engulfing | TSCO,2025-04-11,Hammer | TSCO,2025-04-29,Piercing Pattern | TSCO,2025-05-05,Bullish Engulfing | TSCO,2025-06-02,Hammer | TSCO,2025-06-03,Morning Star | TSCO,2025-06-05,Three White Soldiers | TSCO,2025-06-12,Bullish Engulfing | TSCO,2025-06-23,Three White Soldiers | TSCO,2025-06-30,Morning Star | TSCO,2025-07-02,Three White Soldiers | TSCO,2025-07-08,Hammer | TSCO,2025-07-09,Three White Soldiers | TSCO,2025-07-10,Three White Soldiers | TSCO,2025-07-14,Bullish Engulfing | TSCO,2025-07-16,Hammer | TSCO,2025-07-23,Three White Soldiers | TSCO,2025-07-29,Piercing Pattern | TSCO,2025-08-01,Hammer | TSCO,2025-08-05,Three White Soldiers | TSCO,2025-08-06,Three White Soldiers | TSCO,2025-08-18,Three White Soldiers | TSCO,2025-08-19,Three White Soldiers | TSCO,2025-08-25,Three White Soldiers | TSCO,2025-08-26,Three White Soldiers | TSCO,2025-08-27,Three White Soldiers | TSCO,2025-08-28,Three White Soldiers | TSCO,2025-09-08,Hammer | TSCO,2025-09-11,Morning Star | TSCO,2025-09-18,Morning Star | TSDD,2023-09-08,Piercing Pattern | TSDD,2023-09-12,Hammer | TSDD,2023-09-18,Hammer | TSDD,2023-09-20,Bullish Engulfing | TSDD,2023-09-22,Three White Soldiers | TSDD,2023-10-13,Three White Soldiers | TSDD,2023-10-20,Three White Soldiers | TSDD,2023-10-26,Three White Soldiers | TSDD,2023-11-09,Morning Star | TSDD,2023-12-22,Piercing Pattern | TSDD,2023-12-27,Hammer | TSDD,2023-12-28,Bullish Engulfing | TSDD,2024-01-04,Three White Soldiers | TSDD,2024-01-12,Hammer | TSDD,2024-01-18,Bullish Engulfing | TSDD,2024-01-18,Morning Star | TSDD,2024-01-22,Bullish Engulfing | TSDD,2024-01-25,Three White Soldiers | TSDD,2024-01-31,Hammer | TSDD,2024-02-20,Morning Star | TSDD,2024-02-21,Hammer | TSDD,2024-03-06,Three White Soldiers | TSDD,2024-03-08,Piercing Pattern | TSDD,2024-03-13,Morning Star | TSDD,2024-03-14,Three White Soldiers | TSDD,2024-03-21,Bullish Engulfing | TSDD,2024-03-26,Hammer | TSDD,2024-04-01,Three White Soldiers | TSDD,2024-04-05,Morning Star | TSDD,2024-04-17,Bullish Engulfing | TSDD,2024-04-19,Three White Soldiers | TSDD,2024-05-01,Hammer | TSDD,2024-05-01,Morning Star | TSDD,2024-05-09,Piercing Pattern | TSDD,2024-05-15,Piercing Pattern | TSDD,2024-05-20,Piercing Pattern | TSDD,2024-05-23,Morning Star | TSDD,2024-05-31,Bullish Engulfing | TSDD,2024-06-03,Hammer | TSDD,2024-06-10,Morning Star | TSDD,2024-06-20,Morning Star | TSDD,2024-06-24,Bullish Engulfing | TSDD,2024-07-11,Morning Star | TSDD,2024-07-15,Hammer | TSDD,2024-07-23,Piercing Pattern | TSDD,2024-08-07,Morning Star | TSDD,2024-08-22,Bullish Engulfing | TSDD,2024-08-28,Three White Soldiers | TSDD,2024-09-03,Piercing Pattern | TSDD,2024-09-06,Bullish Engulfing | TSDD,2024-09-16,Morning Star | TSDD,2024-09-17,Hammer | TSDD,2024-09-26,Piercing Pattern | TSDD,2024-10-01,Bullish Engulfing | TSDD,2024-10-11,Three White Soldiers | TSDD,2024-10-30,Three White Soldiers | TSDD,2024-11-04,Three White Soldiers | TSDD,2024-11-21,Morning Star | TSDD,2024-12-18,Morning Star | TSDD,2024-12-20,Hammer | TSDD,2024-12-20,Three White Soldiers | TSDD,2024-12-27,Morning Star | TSDD,2025-01-17,Hammer | TSDD,2025-01-22,Hammer | TSDD,2025-01-23,Three White Soldiers | TSDD,2025-01-24,Three White Soldiers | TSDD,2025-01-31,Hammer | TSDD,2025-01-31,Dragonfly Doji | TSDD,2025-02-11,Three White Soldiers | TSDD,2025-02-20,Piercing Pattern | TSDD,2025-02-24,Three White Soldiers | TSDD,2025-02-25,Three White Soldiers | TSDD,2025-02-26,Three White Soldiers | TSDD,2025-02-27,Three White Soldiers | TSDD,2025-03-03,Piercing Pattern | TSDD,2025-03-27,Hammer | TSDD,2025-03-27,Dragonfly Doji | TSDD,2025-03-28,Bullish Engulfing | TSDD,2025-04-04,Morning Star | TSDD,2025-04-08,Bullish Engulfing | TSDD,2025-04-21,Three White Soldiers | TSDD,2025-05-01,Hammer | TSDD,2025-05-01,Dragonfly Doji | TSDD,2025-06-02,Three White Soldiers | TSDD,2025-06-03,Hammer | TSDD,2025-06-05,Three White Soldiers | TSDD,2025-06-12,Hammer | TSDD,2025-06-17,Morning Star | TSDD,2025-06-30,Hammer | TSDD,2025-07-29,Piercing Pattern | TSDD,2025-07-31,Three White Soldiers | TSDD,2025-08-01,Three White Soldiers | TSDD,2025-08-13,Hammer | TSDD,2025-08-19,Bullish Engulfing | TSDD,2025-08-21,Three White Soldiers | TSDD,2025-08-28,Morning Star | TSDD,2025-08-29,Three White Soldiers | TSDD,2025-09-08,Bullish Engulfing | TSDD,2025-09-10,Hammer | TSDD,2025-09-18,Piercing Pattern | TSDD,2025-09-22,Hammer | TSDD,2025-09-23,Bullish Engulfing | TSEL,2025-01-08,Hammer | TSEL,2025-01-21,Morning Star | TSEL,2025-01-23,Three White Soldiers | TSEL,2025-01-29,Hammer | TSEL,2025-02-05,Three White Soldiers | TSEL,2025-02-06,Three White Soldiers | TSEL,2025-02-14,Three White Soldiers | TSEL,2025-02-19,Hammer | TSEL,2025-03-17,Morning Star | TSEL,2025-04-02,Three White Soldiers | TSEL,2025-04-28,Dragonfly Doji | TSEL,2025-05-08,Three White Soldiers | TSEL,2025-05-30,Bullish Engulfing | TSEL,2025-06-03,Three White Soldiers | TSEL,2025-06-04,Three White Soldiers | TSEL,2025-06-30,Three White Soldiers | TSEL,2025-07-03,Morning Star | TSEL,2025-07-16,Bullish Engulfing | TSEL,2025-07-23,Piercing Pattern | TSEL,2025-07-28,Hammer | TSEL,2025-08-26,Bullish Engulfing | TSEL,2025-08-28,Three White Soldiers | TSEL,2025-09-04,Hammer | TSEL,2025-09-04,Three White Soldiers | TSEL,2025-09-09,Hammer | TSEL,2025-09-09,Morning Star | TSEL,2025-09-15,Bullish Engulfing | TSEL,2025-09-22,Bullish Engulfing | TSEL,2025-09-26,Hammer | TSEM,2023-07-11,Morning Star | TSEM,2023-08-01,Three White Soldiers | TSEM,2023-08-07,Hammer | TSEM,2023-08-11,Hammer | TSEM,2023-08-14,Hammer | TSEM,2023-08-18,Three White Soldiers | TSEM,2023-08-21,Three White Soldiers | TSEM,2023-08-29,Bullish Engulfing | TSEM,2023-08-31,Three White Soldiers | TSEM,2023-09-01,Three White Soldiers | TSEM,2023-09-07,Hammer | TSEM,2023-10-06,Three White Soldiers | TSEM,2023-10-20,Hammer | TSEM,2023-10-23,Morning Star | TSEM,2023-10-25,Three White Soldiers | TSEM,2023-11-02,Hammer | TSEM,2023-11-15,Three White Soldiers | TSEM,2023-11-17,Hammer | TSEM,2023-11-24,Morning Star | TSEM,2023-11-29,Morning Star | TSEM,2023-12-01,Piercing Pattern | TSEM,2023-12-04,Hammer | TSEM,2023-12-06,Morning Star | TSEM,2023-12-07,Three White Soldiers | TSEM,2023-12-11,Bullish Engulfing | TSEM,2023-12-13,Three White Soldiers | TSEM,2023-12-14,Three White Soldiers | TSEM,2023-12-19,Morning Star | TSEM,2024-01-03,Piercing Pattern | TSEM,2024-01-17,Piercing Pattern | TSEM,2024-01-19,Three White Soldiers | TSEM,2024-01-22,Three White Soldiers | TSEM,2024-01-23,Three White Soldiers | TSEM,2024-02-01,Hammer | TSEM,2024-02-08,Three White Soldiers | TSEM,2024-02-16,Three White Soldiers | TSEM,2024-03-01,Morning Star | TSEM,2024-03-14,Dragonfly Doji | TSEM,2024-03-15,Piercing Pattern | TSEM,2024-03-19,Three White Soldiers | TSEM,2024-03-20,Three White Soldiers | TSEM,2024-03-28,Morning Star | TSEM,2024-04-17,Hammer | TSEM,2024-04-22,Morning Star | TSEM,2024-04-25,Piercing Pattern | TSEM,2024-04-29,Three White Soldiers | TSEM,2024-05-06,Morning Star | TSEM,2024-05-14,Morning Star | TSEM,2024-05-16,Piercing Pattern | TSEM,2024-05-20,Piercing Pattern | TSEM,2024-06-10,Bullish Engulfing | TSEM,2024-06-11,Hammer | TSEM,2024-06-18,Three White Soldiers | TSEM,2024-07-05,Morning Star | TSEM,2024-07-08,Three White Soldiers | TSEM,2024-07-18,Hammer | TSEM,2024-07-22,Morning Star | TSEM,2024-07-23,Three White Soldiers | TSEM,2024-08-12,Piercing Pattern | TSEM,2024-08-14,Three White Soldiers | TSEM,2024-08-15,Three White Soldiers | TSEM,2024-08-27,Three White Soldiers | TSEM,2024-09-10,Hammer | TSEM,2024-10-08,Morning Star | TSEM,2024-10-10,Three White Soldiers | TSEM,2024-10-11,Three White Soldiers | TSEM,2024-10-21,Morning Star | TSEM,2024-10-22,Three White Soldiers | TSEM,2024-11-05,Piercing Pattern | TSEM,2024-11-18,Bullish Engulfing | TSEM,2024-11-22,Three White Soldiers | TSEM,2024-12-03,Three White Soldiers | TSEM,2024-12-04,Three White Soldiers | TSEM,2024-12-10,Hammer | TSEM,2024-12-12,Bullish Engulfing | TSEM,2024-12-20,Bullish Engulfing | TSEM,2025-01-03,Hammer | TSEM,2025-01-30,Bullish Engulfing | TSEM,2025-02-03,Bullish Engulfing | TSEM,2025-02-13,Morning Star | TSEM,2025-03-12,Morning Star | TSEM,2025-03-19,Bullish Engulfing | TSEM,2025-04-02,Three White Soldiers | TSEM,2025-04-10,Hammer | TSEM,2025-04-11,Hammer | TSEM,2025-04-14,Hammer | TSEM,2025-04-25,Morning Star | TSEM,2025-05-02,Three White Soldiers | TSEM,2025-05-07,Hammer | TSEM,2025-05-07,Bullish Engulfing | TSEM,2025-06-02,Bullish Engulfing | TSEM,2025-06-04,Three White Soldiers | TSEM,2025-06-23,Piercing Pattern | TSEM,2025-07-11,Piercing Pattern | TSEM,2025-07-16,Hammer | TSEM,2025-07-28,Morning Star | TSEM,2025-08-01,Hammer | TSEM,2025-08-06,Hammer | TSEM,2025-08-07,Hammer | TSEM,2025-08-14,Morning Star | TSEM,2025-08-20,Hammer | TSEM,2025-08-25,Three White Soldiers | TSEM,2025-08-26,Three White Soldiers | TSEM,2025-09-02,Bullish Engulfing | TSEM,2025-09-04,Three White Soldiers | TSEM,2025-09-17,Bullish Engulfing | TSEM,2025-09-22,Bullish Engulfing | TSEM,2025-09-25,Piercing Pattern | TSEM,2025-09-29,Three White Soldiers | TSHA,2023-07-11,Morning Star | TSHA,2023-07-21,Piercing Pattern | TSHA,2023-07-28,Morning Star | TSHA,2023-08-03,Morning Star | TSHA,2023-08-11,Hammer | TSHA,2023-08-14,Morning Star | TSHA,2023-09-07,Bullish Engulfing | TSHA,2023-09-14,Morning Star | TSHA,2023-09-19,Piercing Pattern | TSHA,2023-09-25,Piercing Pattern | TSHA,2023-10-05,Hammer | TSHA,2023-10-25,Three White Soldiers | TSHA,2023-10-31,Bullish Engulfing | TSHA,2023-10-31,Morning Star | TSHA,2023-11-15,Morning Star | TSHA,2023-12-01,Bullish Engulfing | TSHA,2023-12-08,Morning Star | TSHA,2023-12-13,Bullish Engulfing | TSHA,2023-12-13,Morning Star | TSHA,2023-12-22,Morning Star | TSHA,2023-12-26,Three White Soldiers | TSHA,2023-12-27,Three White Soldiers | TSHA,2023-12-28,Three White Soldiers | TSHA,2024-01-08,Three White Soldiers | TSHA,2024-01-09,Three White Soldiers | TSHA,2024-01-17,Hammer | TSHA,2024-01-19,Hammer | TSHA,2024-01-29,Morning Star | TSHA,2024-02-05,Bullish Engulfing | TSHA,2024-02-09,Morning Star | TSHA,2024-02-12,Three White Soldiers | TSHA,2024-02-15,Bullish Engulfing | TSHA,2024-02-15,Morning Star | TSHA,2024-02-20,Three White Soldiers | TSHA,2024-02-21,Three White Soldiers | TSHA,2024-02-23,Hammer | TSHA,2024-02-27,Piercing Pattern | TSHA,2024-02-29,Three White Soldiers | TSHA,2024-03-01,Three White Soldiers | TSHA,2024-03-19,Piercing Pattern | TSHA,2024-03-21,Three White Soldiers | TSHA,2024-03-22,Three White Soldiers | TSHA,2024-04-25,Hammer | TSHA,2024-05-02,Morning Star | TSHA,2024-05-06,Piercing Pattern | TSHA,2024-05-15,Bullish Engulfing | TSHA,2024-05-17,Hammer | TSHA,2024-05-24,Bullish Engulfing | TSHA,2024-06-04,Three White Soldiers | TSHA,2024-06-05,Three White Soldiers | TSHA,2024-06-07,Piercing Pattern | TSHA,2024-06-17,Hammer | TSHA,2024-06-21,Hammer | TSHA,2024-06-28,Morning Star | TSHA,2024-07-23,Morning Star | TSHA,2024-08-08,Hammer | TSHA,2024-10-02,Morning Star | TSHA,2024-10-22,Hammer | TSHA,2024-11-06,Bullish Engulfing | TSHA,2024-11-08,Three White Soldiers | TSHA,2024-11-11,Three White Soldiers | TSHA,2024-11-12,Three White Soldiers | TSHA,2024-11-25,Three White Soldiers | TSHA,2024-11-26,Three White Soldiers | TSHA,2024-11-27,Three White Soldiers | TSHA,2024-11-29,Three White Soldiers | TSHA,2024-12-09,Three White Soldiers | TSHA,2024-12-26,Hammer | TSHA,2024-12-30,Hammer | TSHA,2025-01-03,Three White Soldiers | TSHA,2025-01-06,Three White Soldiers | TSHA,2025-01-08,Hammer | TSHA,2025-02-05,Three White Soldiers | TSHA,2025-02-12,Dragonfly Doji | TSHA,2025-03-07,Bullish Engulfing | TSHA,2025-03-17,Morning Star | TSHA,2025-03-19,Bullish Engulfing | TSHA,2025-03-25,Morning Star | TSHA,2025-03-26,Hammer | TSHA,2025-03-27,Three White Soldiers | TSHA,2025-03-28,Three White Soldiers | TSHA,2025-04-11,Bullish Engulfing | TSHA,2025-04-22,Three White Soldiers | TSHA,2025-05-02,Three White Soldiers | TSHA,2025-05-08,Bullish Engulfing | TSHA,2025-05-12,Three White Soldiers | TSHA,2025-05-13,Three White Soldiers | TSHA,2025-05-14,Three White Soldiers | TSHA,2025-05-15,Three White Soldiers | TSHA,2025-05-16,Three White Soldiers | TSHA,2025-05-19,Three White Soldiers | TSHA,2025-05-20,Three White Soldiers | TSHA,2025-06-05,Piercing Pattern | TSHA,2025-06-16,Hammer | TSHA,2025-06-26,Hammer | TSHA,2025-07-02,Morning Star | TSHA,2025-07-10,Three White Soldiers | TSHA,2025-07-11,Three White Soldiers | TSHA,2025-07-17,Morning Star | TSHA,2025-07-25,Hammer | TSHA,2025-07-28,Morning Star | TSHA,2025-08-06,Hammer | TSHA,2025-08-06,Three White Soldiers | TSHA,2025-08-07,Hammer | TSHA,2025-08-07,Three White Soldiers | TSHA,2025-08-27,Morning Star | TSHA,2025-09-05,Three White Soldiers | TSHA,2025-09-10,Hammer | TSHA,2025-09-18,Morning Star | TSHA,2025-09-23,Morning Star | TSHA,2025-09-24,Three White Soldiers | TSLA,2023-07-17,Three White Soldiers | TSLA,2023-07-18,Three White Soldiers | TSLA,2023-07-24,Bullish Engulfing | TSLA,2023-08-03,Bullish Engulfing | TSLA,2023-08-21,Morning Star | TSLA,2023-08-23,Piercing Pattern | TSLA,2023-08-29,Bullish Engulfing | TSLA,2023-09-05,Piercing Pattern | TSLA,2023-09-06,Hammer | TSLA,2023-09-14,Morning Star | TSLA,2023-09-28,Bullish Engulfing | TSLA,2023-10-24,Morning Star | TSLA,2023-11-01,Hammer | TSLA,2023-11-01,Morning Star | TSLA,2023-11-02,Three White Soldiers | TSLA,2023-11-08,Hammer | TSLA,2023-11-13,Morning Star | TSLA,2023-11-14,Three White Soldiers | TSLA,2023-11-15,Three White Soldiers | TSLA,2023-11-21,Three White Soldiers | TSLA,2023-12-05,Bullish Engulfing | TSLA,2023-12-08,Morning Star | TSLA,2023-12-12,Hammer | TSLA,2023-12-13,Bullish Engulfing | TSLA,2023-12-15,Three White Soldiers | TSLA,2024-01-02,Hammer | TSLA,2024-01-08,Morning Star | TSLA,2024-01-10,Hammer | TSLA,2024-01-16,Piercing Pattern | TSLA,2024-01-17,Hammer | TSLA,2024-01-29,Morning Star | TSLA,2024-02-06,Bullish Engulfing | TSLA,2024-02-15,Three White Soldiers | TSLA,2024-03-07,Piercing Pattern | TSLA,2024-03-18,Morning Star | TSLA,2024-03-19,Hammer | TSLA,2024-03-27,Hammer | TSLA,2024-04-01,Hammer | TSLA,2024-04-25,Bullish Engulfing | TSLA,2024-05-06,Morning Star | TSLA,2024-05-14,Morning Star | TSLA,2024-05-17,Morning Star | TSLA,2024-06-06,Bullish Engulfing | TSLA,2024-06-17,Bullish Engulfing | TSLA,2024-06-27,Three White Soldiers | TSLA,2024-07-03,Three White Soldiers | TSLA,2024-07-05,Hammer | TSLA,2024-07-05,Three White Soldiers | TSLA,2024-07-10,Three White Soldiers | TSLA,2024-07-26,Hammer | TSLA,2024-08-09,Morning Star | TSLA,2024-08-19,Three White Soldiers | TSLA,2024-09-04,Bullish Engulfing | TSLA,2024-09-10,Morning Star | TSLA,2024-09-11,Hammer | TSLA,2024-09-11,Three White Soldiers | TSLA,2024-09-12,Three White Soldiers | TSLA,2024-09-13,Three White Soldiers | TSLA,2024-09-30,Morning Star | TSLA,2024-10-01,Hammer | TSLA,2024-10-10,Hammer | TSLA,2024-10-17,Hammer | TSLA,2024-10-22,Hammer | TSLA,2024-11-06,Hammer | TSLA,2024-11-07,Three White Soldiers | TSLA,2024-11-08,Three White Soldiers | TSLA,2024-11-11,Three White Soldiers | TSLA,2024-11-15,Piercing Pattern | TSLA,2024-11-19,Bullish Engulfing | TSLA,2024-11-20,Hammer | TSLA,2024-12-06,Three White Soldiers | TSLA,2024-12-17,Three White Soldiers | TSLA,2024-12-24,Morning Star | TSLA,2025-01-21,Hammer | TSLA,2025-02-03,Hammer | TSLA,2025-02-04,Bullish Engulfing | TSLA,2025-02-06,Hammer | TSLA,2025-02-13,Morning Star | TSLA,2025-02-19,Bullish Engulfing | TSLA,2025-02-19,Morning Star | TSLA,2025-02-28,Bullish Engulfing | TSLA,2025-03-12,Morning Star | TSLA,2025-03-14,Hammer | TSLA,2025-03-21,Three White Soldiers | TSLA,2025-03-24,Three White Soldiers | TSLA,2025-03-25,Hammer | TSLA,2025-03-25,Three White Soldiers | TSLA,2025-04-24,Bullish Engulfing | TSLA,2025-04-29,Bullish Engulfing | TSLA,2025-05-22,Piercing Pattern | TSLA,2025-06-09,Bullish Engulfing | TSLA,2025-06-09,Morning Star | TSLA,2025-06-13,Bullish Engulfing | TSLA,2025-07-02,Hammer | TSLA,2025-07-23,Morning Star | TSLA,2025-07-30,Hammer | TSLA,2025-08-06,Bullish Engulfing | TSLA,2025-08-08,Three White Soldiers | TSLA,2025-08-11,Three White Soldiers | TSLA,2025-08-18,Piercing Pattern | TSLA,2025-08-22,Morning Star | TSLA,2025-08-26,Three White Soldiers | TSLA,2025-09-22,Morning Star | TSLG,2024-12-17,Hammer | TSLG,2024-12-17,Three White Soldiers | TSLG,2024-12-24,Morning Star | TSLG,2025-02-03,Hammer | TSLG,2025-02-04,Bullish Engulfing | TSLG,2025-02-06,Hammer | TSLG,2025-02-13,Morning Star | TSLG,2025-02-19,Bullish Engulfing | TSLG,2025-02-19,Morning Star | TSLG,2025-02-28,Bullish Engulfing | TSLG,2025-03-07,Hammer | TSLG,2025-03-12,Morning Star | TSLG,2025-03-14,Hammer | TSLG,2025-03-21,Three White Soldiers | TSLG,2025-03-24,Three White Soldiers | TSLG,2025-03-25,Hammer | TSLG,2025-03-25,Three White Soldiers | TSLG,2025-04-24,Bullish Engulfing | TSLG,2025-04-29,Bullish Engulfing | TSLG,2025-04-30,Hammer | TSLG,2025-05-12,Hammer | TSLG,2025-05-22,Piercing Pattern | TSLG,2025-06-09,Bullish Engulfing | TSLG,2025-06-09,Morning Star | TSLG,2025-06-13,Bullish Engulfing | TSLG,2025-07-02,Hammer | TSLG,2025-07-23,Morning Star | TSLG,2025-07-30,Hammer | TSLG,2025-08-06,Bullish Engulfing | TSLG,2025-08-08,Three White Soldiers | TSLG,2025-08-11,Three White Soldiers | TSLG,2025-08-18,Piercing Pattern | TSLG,2025-08-22,Morning Star | TSLG,2025-08-26,Three White Soldiers | TSLG,2025-09-22,Morning Star | TSLL,2023-07-17,Three White Soldiers | TSLL,2023-07-18,Three White Soldiers | TSLL,2023-07-24,Bullish Engulfing | TSLL,2023-08-03,Bullish Engulfing | TSLL,2023-08-21,Morning Star | TSLL,2023-08-29,Bullish Engulfing | TSLL,2023-09-05,Piercing Pattern | TSLL,2023-09-06,Hammer | TSLL,2023-09-14,Morning Star | TSLL,2023-09-28,Bullish Engulfing | TSLL,2023-10-06,Bullish Engulfing | TSLL,2023-10-24,Morning Star | TSLL,2023-11-01,Hammer | TSLL,2023-11-01,Morning Star | TSLL,2023-11-02,Three White Soldiers | TSLL,2023-11-13,Morning Star | TSLL,2023-11-14,Hammer | TSLL,2023-11-14,Three White Soldiers | TSLL,2023-11-15,Three White Soldiers | TSLL,2023-11-21,Three White Soldiers | TSLL,2023-12-05,Bullish Engulfing | TSLL,2023-12-08,Morning Star | TSLL,2023-12-13,Bullish Engulfing | TSLL,2023-12-15,Three White Soldiers | TSLL,2023-12-27,Morning Star | TSLL,2024-01-02,Hammer | TSLL,2024-01-10,Hammer | TSLL,2024-01-16,Piercing Pattern | TSLL,2024-01-17,Hammer | TSLL,2024-01-29,Morning Star | TSLL,2024-02-06,Bullish Engulfing | TSLL,2024-03-07,Piercing Pattern | TSLL,2024-03-18,Morning Star | TSLL,2024-03-19,Hammer | TSLL,2024-04-01,Hammer | TSLL,2024-04-11,Hammer | TSLL,2024-04-25,Bullish Engulfing | TSLL,2024-05-06,Morning Star | TSLL,2024-05-14,Morning Star | TSLL,2024-05-17,Morning Star | TSLL,2024-06-06,Bullish Engulfing | TSLL,2024-06-27,Three White Soldiers | TSLL,2024-07-03,Three White Soldiers | TSLL,2024-07-05,Hammer | TSLL,2024-07-05,Three White Soldiers | TSLL,2024-07-10,Three White Soldiers | TSLL,2024-07-26,Hammer | TSLL,2024-08-09,Morning Star | TSLL,2024-08-19,Three White Soldiers | TSLL,2024-09-04,Bullish Engulfing | TSLL,2024-09-10,Morning Star | TSLL,2024-09-11,Hammer | TSLL,2024-09-11,Three White Soldiers | TSLL,2024-09-12,Three White Soldiers | TSLL,2024-09-13,Three White Soldiers | TSLL,2024-09-30,Morning Star | TSLL,2024-10-01,Hammer | TSLL,2024-10-17,Hammer | TSLL,2024-10-22,Hammer | TSLL,2024-11-05,Morning Star | TSLL,2024-11-06,Hammer | TSLL,2024-11-07,Three White Soldiers | TSLL,2024-11-08,Three White Soldiers | TSLL,2024-11-11,Three White Soldiers | TSLL,2024-11-15,Piercing Pattern | TSLL,2024-11-19,Bullish Engulfing | TSLL,2024-11-20,Hammer | TSLL,2024-12-06,Three White Soldiers | TSLL,2024-12-17,Three White Soldiers | TSLL,2024-12-24,Morning Star | TSLL,2025-02-03,Hammer | TSLL,2025-02-04,Bullish Engulfing | TSLL,2025-02-06,Hammer | TSLL,2025-02-13,Morning Star | TSLL,2025-02-19,Bullish Engulfing | TSLL,2025-02-19,Morning Star | TSLL,2025-02-28,Bullish Engulfing | TSLL,2025-03-12,Morning Star | TSLL,2025-03-14,Hammer | TSLL,2025-03-21,Three White Soldiers | TSLL,2025-03-24,Three White Soldiers | TSLL,2025-03-25,Hammer | TSLL,2025-03-25,Three White Soldiers | TSLL,2025-04-24,Bullish Engulfing | TSLL,2025-04-29,Bullish Engulfing | TSLL,2025-04-30,Hammer | TSLL,2025-05-22,Piercing Pattern | TSLL,2025-06-09,Bullish Engulfing | TSLL,2025-06-09,Morning Star | TSLL,2025-06-13,Bullish Engulfing | TSLL,2025-07-02,Hammer | TSLL,2025-07-23,Morning Star | TSLL,2025-07-30,Hammer | TSLL,2025-08-06,Bullish Engulfing | TSLL,2025-08-08,Three White Soldiers | TSLL,2025-08-11,Three White Soldiers | TSLL,2025-08-18,Piercing Pattern | TSLL,2025-08-22,Morning Star | TSLL,2025-08-26,Three White Soldiers | TSLL,2025-09-22,Morning Star | TSLQ,2023-07-07,Morning Star | TSLQ,2023-07-19,Piercing Pattern | TSLQ,2023-07-21,Three White Soldiers | TSLQ,2023-07-27,Bullish Engulfing | TSLQ,2023-08-01,Morning Star | TSLQ,2023-08-02,Three White Soldiers | TSLQ,2023-08-04,Piercing Pattern | TSLQ,2023-08-09,Bullish Engulfing | TSLQ,2023-08-16,Hammer | TSLQ,2023-08-17,Three White Soldiers | TSLQ,2023-08-24,Piercing Pattern | TSLQ,2023-09-12,Hammer | TSLQ,2023-09-20,Bullish Engulfing | TSLQ,2023-09-22,Three White Soldiers | TSLQ,2023-09-27,Bullish Engulfing | TSLQ,2023-09-27,Morning Star | TSLQ,2023-10-13,Three White Soldiers | TSLQ,2023-10-20,Three White Soldiers | TSLQ,2023-10-26,Three White Soldiers | TSLQ,2023-11-03,Hammer | TSLQ,2023-11-09,Morning Star | TSLQ,2023-11-22,Bullish Engulfing | TSLQ,2023-11-24,Hammer | TSLQ,2023-11-30,Morning Star | TSLQ,2023-12-18,Hammer | TSLQ,2023-12-18,Piercing Pattern | TSLQ,2023-12-22,Piercing Pattern | TSLQ,2023-12-28,Bullish Engulfing | TSLQ,2024-01-02,Three White Soldiers | TSLQ,2024-01-03,Three White Soldiers | TSLQ,2024-01-04,Hammer | TSLQ,2024-01-04,Three White Soldiers | TSLQ,2024-01-11,Three White Soldiers | TSLQ,2024-01-12,Three White Soldiers | TSLQ,2024-01-18,Bullish Engulfing | TSLQ,2024-01-18,Morning Star | TSLQ,2024-02-20,Morning Star | TSLQ,2024-02-21,Hammer | TSLQ,2024-03-06,Three White Soldiers | TSLQ,2024-03-08,Piercing Pattern | TSLQ,2024-03-13,Morning Star | TSLQ,2024-03-14,Three White Soldiers | TSLQ,2024-03-21,Bullish Engulfing | TSLQ,2024-03-26,Hammer | TSLQ,2024-04-01,Three White Soldiers | TSLQ,2024-04-05,Morning Star | TSLQ,2024-04-15,Morning Star | TSLQ,2024-04-17,Bullish Engulfing | TSLQ,2024-04-19,Three White Soldiers | TSLQ,2024-05-01,Hammer | TSLQ,2024-05-01,Morning Star | TSLQ,2024-05-09,Piercing Pattern | TSLQ,2024-05-15,Bullish Engulfing | TSLQ,2024-05-23,Morning Star | TSLQ,2024-06-10,Morning Star | TSLQ,2024-06-20,Morning Star | TSLQ,2024-07-11,Bullish Engulfing | TSLQ,2024-07-11,Morning Star | TSLQ,2024-07-15,Hammer | TSLQ,2024-07-23,Piercing Pattern | TSLQ,2024-08-07,Morning Star | TSLQ,2024-08-22,Bullish Engulfing | TSLQ,2024-08-28,Three White Soldiers | TSLQ,2024-09-03,Piercing Pattern | TSLQ,2024-09-06,Bullish Engulfing | TSLQ,2024-09-16,Morning Star | TSLQ,2024-09-17,Hammer | TSLQ,2024-09-18,Hammer | TSLQ,2024-09-26,Piercing Pattern | TSLQ,2024-10-01,Bullish Engulfing | TSLQ,2024-10-11,Three White Soldiers | TSLQ,2024-10-29,Morning Star | TSLQ,2024-10-30,Three White Soldiers | TSLQ,2024-11-04,Three White Soldiers | TSLQ,2024-11-21,Morning Star | TSLQ,2024-11-25,Bullish Engulfing | TSLQ,2024-12-18,Morning Star | TSLQ,2024-12-20,Hammer | TSLQ,2024-12-20,Three White Soldiers | TSLQ,2024-12-27,Morning Star | TSLQ,2024-12-30,Three White Soldiers | TSLQ,2025-01-17,Hammer | TSLQ,2025-01-21,Piercing Pattern | TSLQ,2025-01-22,Hammer | TSLQ,2025-01-23,Three White Soldiers | TSLQ,2025-01-24,Three White Soldiers | TSLQ,2025-01-29,Morning Star | TSLQ,2025-01-31,Hammer | TSLQ,2025-02-11,Three White Soldiers | TSLQ,2025-02-20,Piercing Pattern | TSLQ,2025-02-24,Three White Soldiers | TSLQ,2025-02-25,Three White Soldiers | TSLQ,2025-02-26,Three White Soldiers | TSLQ,2025-02-27,Three White Soldiers | TSLQ,2025-03-03,Piercing Pattern | TSLQ,2025-03-27,Hammer | TSLQ,2025-03-27,Dragonfly Doji | TSLQ,2025-03-28,Bullish Engulfing | TSLQ,2025-04-04,Morning Star | TSLQ,2025-04-08,Bullish Engulfing | TSLQ,2025-04-21,Three White Soldiers | TSLQ,2025-05-01,Hammer | TSLQ,2025-05-01,Dragonfly Doji | TSLQ,2025-06-02,Three White Soldiers | TSLQ,2025-06-03,Hammer | TSLQ,2025-06-05,Three White Soldiers | TSLQ,2025-06-12,Hammer | TSLQ,2025-06-17,Morning Star | TSLQ,2025-06-26,Hammer | TSLQ,2025-06-30,Hammer | TSLQ,2025-07-31,Three White Soldiers | TSLQ,2025-08-01,Three White Soldiers | TSLQ,2025-08-13,Hammer | TSLQ,2025-08-19,Bullish Engulfing | TSLQ,2025-08-21,Three White Soldiers | TSLQ,2025-08-28,Morning Star | TSLQ,2025-08-29,Three White Soldiers | TSLQ,2025-09-08,Bullish Engulfing | TSLQ,2025-09-10,Hammer | TSLQ,2025-09-18,Piercing Pattern | TSLQ,2025-09-22,Hammer | TSLQ,2025-09-23,Bullish Engulfing | TSLR,2023-08-31,Hammer | TSLR,2023-09-14,Morning Star | TSLR,2023-09-28,Bullish Engulfing | TSLR,2023-10-02,Bullish Engulfing | TSLR,2023-11-01,Hammer | TSLR,2023-11-01,Morning Star | TSLR,2023-11-02,Three White Soldiers | TSLR,2023-11-08,Hammer | TSLR,2023-11-13,Morning Star | TSLR,2023-11-14,Hammer | TSLR,2023-11-14,Three White Soldiers | TSLR,2023-11-15,Three White Soldiers | TSLR,2023-11-21,Three White Soldiers | TSLR,2023-11-27,Hammer | TSLR,2023-12-05,Bullish Engulfing | TSLR,2023-12-08,Morning Star | TSLR,2023-12-13,Bullish Engulfing | TSLR,2023-12-15,Three White Soldiers | TSLR,2024-01-02,Hammer | TSLR,2024-01-16,Piercing Pattern | TSLR,2024-01-17,Hammer | TSLR,2024-01-29,Morning Star | TSLR,2024-02-02,Morning Star | TSLR,2024-02-06,Bullish Engulfing | TSLR,2024-03-07,Piercing Pattern | TSLR,2024-03-18,Morning Star | TSLR,2024-03-19,Hammer | TSLR,2024-03-27,Hammer | TSLR,2024-04-01,Hammer | TSLR,2024-04-25,Bullish Engulfing | TSLR,2024-05-06,Morning Star | TSLR,2024-05-14,Morning Star | TSLR,2024-05-17,Morning Star | TSLR,2024-05-21,Bullish Engulfing | TSLR,2024-06-06,Bullish Engulfing | TSLR,2024-06-17,Bullish Engulfing | TSLR,2024-06-18,Hammer | TSLR,2024-06-27,Three White Soldiers | TSLR,2024-07-03,Three White Soldiers | TSLR,2024-07-05,Hammer | TSLR,2024-07-05,Three White Soldiers | TSLR,2024-07-10,Three White Soldiers | TSLR,2024-07-26,Hammer | TSLR,2024-08-09,Morning Star | TSLR,2024-08-12,Hammer | TSLR,2024-08-19,Three White Soldiers | TSLR,2024-09-04,Bullish Engulfing | TSLR,2024-09-10,Morning Star | TSLR,2024-09-11,Three White Soldiers | TSLR,2024-09-12,Three White Soldiers | TSLR,2024-09-13,Three White Soldiers | TSLR,2024-09-30,Morning Star | TSLR,2024-10-01,Hammer | TSLR,2024-10-16,Morning Star | TSLR,2024-10-17,Hammer | TSLR,2024-11-05,Morning Star | TSLR,2024-11-06,Hammer | TSLR,2024-11-07,Three White Soldiers | TSLR,2024-11-08,Three White Soldiers | TSLR,2024-11-11,Three White Soldiers | TSLR,2024-11-15,Piercing Pattern | TSLR,2024-11-19,Bullish Engulfing | TSLR,2024-11-20,Hammer | TSLR,2024-12-06,Three White Soldiers | TSLR,2024-12-17,Hammer | TSLR,2024-12-17,Three White Soldiers | TSLR,2024-12-24,Morning Star | TSLR,2025-01-21,Hammer | TSLR,2025-02-03,Hammer | TSLR,2025-02-04,Bullish Engulfing | TSLR,2025-02-06,Hammer | TSLR,2025-02-13,Morning Star | TSLR,2025-02-19,Bullish Engulfing | TSLR,2025-02-28,Bullish Engulfing | TSLR,2025-03-12,Morning Star | TSLR,2025-03-14,Hammer | TSLR,2025-03-21,Three White Soldiers | TSLR,2025-03-24,Three White Soldiers | TSLR,2025-03-25,Hammer | TSLR,2025-03-25,Three White Soldiers | TSLR,2025-04-24,Bullish Engulfing | TSLR,2025-04-29,Bullish Engulfing | TSLR,2025-04-30,Hammer | TSLR,2025-05-22,Piercing Pattern | TSLR,2025-06-09,Bullish Engulfing | TSLR,2025-06-09,Morning Star | TSLR,2025-06-13,Bullish Engulfing | TSLR,2025-07-02,Hammer | TSLR,2025-07-23,Morning Star | TSLR,2025-07-30,Hammer | TSLR,2025-08-06,Bullish Engulfing | TSLR,2025-08-08,Three White Soldiers | TSLR,2025-08-11,Three White Soldiers | TSLR,2025-08-18,Piercing Pattern | TSLR,2025-08-22,Morning Star | TSLR,2025-08-26,Three White Soldiers | TSLR,2025-09-22,Morning Star | TSLS,2023-07-07,Morning Star | TSLS,2023-07-19,Piercing Pattern | TSLS,2023-07-21,Three White Soldiers | TSLS,2023-07-26,Hammer | TSLS,2023-07-27,Bullish Engulfing | TSLS,2023-08-01,Morning Star | TSLS,2023-08-04,Piercing Pattern | TSLS,2023-08-09,Bullish Engulfing | TSLS,2023-08-16,Hammer | TSLS,2023-08-17,Three White Soldiers | TSLS,2023-08-24,Piercing Pattern | TSLS,2023-09-08,Hammer | TSLS,2023-09-12,Hammer | TSLS,2023-09-20,Bullish Engulfing | TSLS,2023-09-22,Three White Soldiers | TSLS,2023-09-27,Bullish Engulfing | TSLS,2023-09-27,Morning Star | TSLS,2023-10-13,Three White Soldiers | TSLS,2023-10-20,Three White Soldiers | TSLS,2023-10-26,Three White Soldiers | TSLS,2023-11-09,Morning Star | TSLS,2023-11-22,Bullish Engulfing | TSLS,2023-11-30,Morning Star | TSLS,2023-12-18,Hammer | TSLS,2023-12-18,Piercing Pattern | TSLS,2023-12-22,Piercing Pattern | TSLS,2023-12-28,Bullish Engulfing | TSLS,2024-01-04,Hammer | TSLS,2024-01-04,Three White Soldiers | TSLS,2024-01-11,Three White Soldiers | TSLS,2024-01-12,Three White Soldiers | TSLS,2024-01-18,Bullish Engulfing | TSLS,2024-01-18,Morning Star | TSLS,2024-01-22,Bullish Engulfing | TSLS,2024-01-23,Hammer | TSLS,2024-02-20,Morning Star | TSLS,2024-02-21,Hammer | TSLS,2024-03-06,Three White Soldiers | TSLS,2024-03-08,Piercing Pattern | TSLS,2024-03-11,Hammer | TSLS,2024-03-13,Morning Star | TSLS,2024-03-14,Three White Soldiers | TSLS,2024-03-21,Bullish Engulfing | TSLS,2024-03-26,Hammer | TSLS,2024-04-01,Three White Soldiers | TSLS,2024-04-05,Morning Star | TSLS,2024-04-17,Bullish Engulfing | TSLS,2024-04-19,Three White Soldiers | TSLS,2024-05-01,Morning Star | TSLS,2024-05-09,Piercing Pattern | TSLS,2024-05-15,Bullish Engulfing | TSLS,2024-05-20,Piercing Pattern | TSLS,2024-05-23,Morning Star | TSLS,2024-06-04,Three White Soldiers | TSLS,2024-06-10,Morning Star | TSLS,2024-06-20,Morning Star | TSLS,2024-07-11,Morning Star | TSLS,2024-07-15,Hammer | TSLS,2024-07-23,Piercing Pattern | TSLS,2024-07-30,Bullish Engulfing | TSLS,2024-08-07,Morning Star | TSLS,2024-08-22,Bullish Engulfing | TSLS,2024-08-28,Three White Soldiers | TSLS,2024-09-03,Piercing Pattern | TSLS,2024-09-06,Bullish Engulfing | TSLS,2024-09-16,Morning Star | TSLS,2024-09-17,Hammer | TSLS,2024-09-26,Piercing Pattern | TSLS,2024-10-01,Bullish Engulfing | TSLS,2024-10-11,Three White Soldiers | TSLS,2024-10-21,Three White Soldiers | TSLS,2024-10-30,Three White Soldiers | TSLS,2024-10-31,Three White Soldiers | TSLS,2024-11-01,Three White Soldiers | TSLS,2024-11-04,Three White Soldiers | TSLS,2024-11-21,Morning Star | TSLS,2024-11-25,Bullish Engulfing | TSLS,2024-11-26,Hammer | TSLS,2024-12-18,Morning Star | TSLS,2024-12-20,Hammer | TSLS,2024-12-20,Three White Soldiers | TSLS,2024-12-27,Morning Star | TSLS,2024-12-30,Hammer | TSLS,2024-12-30,Three White Soldiers | TSLS,2025-01-17,Hammer | TSLS,2025-01-22,Hammer | TSLS,2025-01-23,Three White Soldiers | TSLS,2025-01-24,Three White Soldiers | TSLS,2025-01-29,Morning Star | TSLS,2025-01-31,Hammer | TSLS,2025-02-11,Three White Soldiers | TSLS,2025-02-20,Piercing Pattern | TSLS,2025-02-24,Three White Soldiers | TSLS,2025-02-25,Three White Soldiers | TSLS,2025-02-26,Three White Soldiers | TSLS,2025-02-27,Three White Soldiers | TSLS,2025-03-03,Piercing Pattern | TSLS,2025-03-27,Hammer | TSLS,2025-03-27,Dragonfly Doji | TSLS,2025-03-28,Bullish Engulfing | TSLS,2025-04-04,Morning Star | TSLS,2025-04-08,Bullish Engulfing | TSLS,2025-04-21,Three White Soldiers | TSLS,2025-05-01,Hammer | TSLS,2025-05-01,Dragonfly Doji | TSLS,2025-06-02,Three White Soldiers | TSLS,2025-06-03,Hammer | TSLS,2025-06-05,Three White Soldiers | TSLS,2025-06-12,Hammer | TSLS,2025-06-17,Morning Star | TSLS,2025-06-30,Hammer | TSLS,2025-07-29,Piercing Pattern | TSLS,2025-07-31,Three White Soldiers | TSLS,2025-08-01,Three White Soldiers | TSLS,2025-08-05,Piercing Pattern | TSLS,2025-08-13,Hammer | TSLS,2025-08-19,Bullish Engulfing | TSLS,2025-08-21,Three White Soldiers | TSLS,2025-08-28,Morning Star | TSLS,2025-08-29,Three White Soldiers | TSLS,2025-09-08,Bullish Engulfing | TSLS,2025-09-18,Piercing Pattern | TSLS,2025-09-22,Hammer | TSLS,2025-09-23,Bullish Engulfing | TSL,2023-07-17,Three White Soldiers | TSL,2023-07-18,Three White Soldiers | TSL,2023-07-24,Bullish Engulfing | TSL,2023-08-03,Bullish Engulfing | TSL,2023-08-07,Hammer | TSL,2023-08-07,Dragonfly Doji | TSL,2023-08-11,Hammer | TSL,2023-08-21,Morning Star | TSL,2023-08-23,Piercing Pattern | TSL,2023-08-29,Bullish Engulfing | TSL,2023-09-06,Hammer | TSL,2023-09-14,Morning Star | TSL,2023-09-28,Bullish Engulfing | TSL,2023-10-02,Bullish Engulfing | TSL,2023-11-01,Morning Star | TSL,2023-11-02,Three White Soldiers | TSL,2023-11-07,Piercing Pattern | TSL,2023-11-08,Hammer | TSL,2023-11-14,Three White Soldiers | TSL,2023-11-15,Three White Soldiers | TSL,2023-11-27,Hammer | TSL,2023-12-07,Hammer | TSL,2023-12-08,Morning Star | TSL,2023-12-12,Hammer | TSL,2023-12-13,Bullish Engulfing | TSL,2023-12-15,Three White Soldiers | TSL,2023-12-27,Morning Star | TSL,2024-01-02,Hammer | TSL,2024-01-08,Morning Star | TSL,2024-01-16,Piercing Pattern | TSL,2024-01-17,Hammer | TSL,2024-01-29,Morning Star | TSL,2024-02-01,Hammer | TSL,2024-02-06,Bullish Engulfing | TSL,2024-02-15,Three White Soldiers | TSL,2024-02-22,Bullish Engulfing | TSL,2024-02-22,Morning Star | TSL,2024-03-07,Piercing Pattern | TSL,2024-03-18,Morning Star | TSL,2024-03-27,Hammer | TSL,2024-04-01,Hammer | TSL,2024-04-11,Hammer | TSL,2024-04-25,Bullish Engulfing | TSL,2024-05-06,Morning Star | TSL,2024-05-14,Morning Star | TSL,2024-05-17,Morning Star | TSL,2024-06-06,Bullish Engulfing | TSL,2024-06-27,Three White Soldiers | TSL,2024-07-03,Three White Soldiers | TSL,2024-07-05,Hammer | TSL,2024-07-05,Three White Soldiers | TSL,2024-07-10,Three White Soldiers | TSL,2024-07-26,Hammer | TSL,2024-08-09,Morning Star | TSL,2024-08-19,Three White Soldiers | TSL,2024-09-04,Bullish Engulfing | TSL,2024-09-10,Morning Star | TSL,2024-09-12,Three White Soldiers | TSL,2024-09-13,Three White Soldiers | TSL,2024-10-10,Hammer | TSL,2024-10-17,Hammer | TSL,2024-11-06,Hammer | TSL,2024-11-07,Three White Soldiers | TSL,2024-11-08,Three White Soldiers | TSL,2024-11-11,Three White Soldiers | TSL,2024-11-15,Piercing Pattern | TSL,2024-11-19,Bullish Engulfing | TSL,2024-12-06,Three White Soldiers | TSL,2024-12-17,Hammer | TSL,2024-12-17,Three White Soldiers | TSL,2024-12-24,Morning Star | TSL,2025-01-21,Hammer | TSL,2025-02-04,Bullish Engulfing | TSL,2025-02-06,Hammer | TSL,2025-02-06,Dragonfly Doji | TSL,2025-02-13,Morning Star | TSL,2025-02-19,Morning Star | TSL,2025-02-28,Bullish Engulfing | TSL,2025-03-12,Morning Star | TSL,2025-03-14,Hammer | TSL,2025-03-21,Three White Soldiers | TSL,2025-03-24,Three White Soldiers | TSL,2025-03-25,Hammer | TSL,2025-03-25,Three White Soldiers | TSL,2025-04-21,Hammer | TSL,2025-04-29,Bullish Engulfing | TSL,2025-04-30,Hammer | TSL,2025-05-22,Piercing Pattern | TSL,2025-06-09,Bullish Engulfing | TSL,2025-06-09,Morning Star | TSL,2025-06-13,Bullish Engulfing | TSL,2025-07-02,Hammer | TSL,2025-07-23,Morning Star | TSL,2025-07-30,Hammer | TSL,2025-08-05,Morning Star | TSL,2025-08-07,Three White Soldiers | TSL,2025-08-08,Three White Soldiers | TSL,2025-08-11,Three White Soldiers | TSL,2025-08-12,Hammer | TSL,2025-08-18,Piercing Pattern | TSL,2025-08-22,Morning Star | TSL,2025-08-26,Three White Soldiers | TSL,2025-09-22,Morning Star | TSMG,2025-01-21,Morning Star | TSMG,2025-01-22,Three White Soldiers | TSMG,2025-01-23,Hammer | TSMG,2025-01-23,Three White Soldiers | TSMG,2025-02-05,Three White Soldiers | TSMG,2025-02-06,Hammer | TSMG,2025-02-06,Three White Soldiers | TSMG,2025-02-06,Dragonfly Doji | TSMG,2025-02-11,Piercing Pattern | TSMG,2025-02-13,Hammer | TSMG,2025-02-14,Bullish Engulfing | TSMG,2025-02-26,Morning Star | TSMG,2025-03-12,Morning Star | TSMG,2025-03-20,Three White Soldiers | TSMG,2025-03-25,Hammer | TSMG,2025-03-25,Dragonfly Doji | TSMG,2025-03-28,Hammer | TSMG,2025-04-09,Bullish Engulfing | TSMG,2025-04-30,Morning Star | TSMG,2025-05-13,Morning Star | TSMG,2025-05-22,Bullish Engulfing | TSMG,2025-06-03,Morning Star | TSMG,2025-06-04,Three White Soldiers | TSMG,2025-06-10,Three White Soldiers | TSMG,2025-06-12,Bullish Engulfing | TSMG,2025-06-24,Morning Star | TSMG,2025-06-25,Three White Soldiers | TSMG,2025-06-26,Three White Soldiers | TSMG,2025-06-27,Three White Soldiers | TSMG,2025-07-09,Hammer | TSMG,2025-07-14,Hammer | TSMG,2025-07-15,Morning Star | TSMG,2025-07-25,Three White Soldiers | TSMG,2025-08-20,Hammer | TSMG,2025-08-26,Three White Soldiers | TSMG,2025-09-08,Three White Soldiers | TSMG,2025-09-09,Three White Soldiers | TSMG,2025-09-10,Three White Soldiers | TSMG,2025-09-24,Hammer | TSMG,2025-09-24,Dragonfly Doji | TSMU,2024-11-12,Hammer | TSMU,2024-11-18,Bullish Engulfing | TSMU,2024-11-20,Hammer | TSMU,2024-11-20,Dragonfly Doji | TSMU,2024-12-02,Three White Soldiers | TSMU,2024-12-03,Three White Soldiers | TSMU,2024-12-04,Three White Soldiers | TSMU,2024-12-05,Three White Soldiers | TSMU,2024-12-20,Piercing Pattern | TSMU,2025-01-02,Bullish Engulfing | TSMU,2025-01-06,Three White Soldiers | TSMU,2025-02-05,Three White Soldiers | TSMU,2025-02-06,Three White Soldiers | TSMU,2025-02-11,Bullish Engulfing | TSMU,2025-02-13,Hammer | TSMU,2025-02-13,Dragonfly Doji | TSMU,2025-02-14,Bullish Engulfing | TSMU,2025-02-20,Hammer | TSMU,2025-02-26,Morning Star | TSMU,2025-03-05,Hammer | TSMU,2025-03-12,Morning Star | TSMU,2025-03-17,Morning Star | TSMU,2025-03-18,Hammer | TSMU,2025-03-19,Piercing Pattern | TSMU,2025-04-02,Three White Soldiers | TSMU,2025-04-09,Bullish Engulfing | TSMU,2025-04-11,Hammer | TSMU,2025-04-30,Morning Star | TSMU,2025-05-13,Morning Star | TSMU,2025-05-22,Bullish Engulfing | TSMU,2025-06-04,Three White Soldiers | TSMU,2025-06-06,Piercing Pattern | TSMU,2025-06-10,Three White Soldiers | TSMU,2025-06-12,Bullish Engulfing | TSMU,2025-06-25,Three White Soldiers | TSMU,2025-07-16,Hammer | TSMU,2025-07-16,Three White Soldiers | TSMU,2025-07-17,Three White Soldiers | TSMU,2025-07-25,Three White Soldiers | TSMU,2025-08-12,Morning Star | TSMU,2025-08-20,Hammer | TSMU,2025-08-22,Bullish Engulfing | TSMU,2025-08-26,Three White Soldiers | TSMU,2025-08-27,Three White Soldiers | TSMU,2025-09-04,Three White Soldiers | TSMU,2025-09-05,Three White Soldiers | TSMU,2025-09-08,Three White Soldiers | TSMU,2025-09-09,Three White Soldiers | TSMU,2025-09-10,Three White Soldiers | TSMU,2025-09-15,Morning Star | TSMU,2025-09-17,Hammer | TSMU,2025-09-18,Bullish Engulfing | TSMU,2025-09-18,Morning Star | TSMU,2025-09-24,Hammer | TSMX,2024-10-07,Three White Soldiers | TSMX,2024-10-08,Three White Soldiers | TSMX,2024-10-09,Hammer | TSMX,2024-10-11,Morning Star | TSMX,2024-10-17,Morning Star | TSMX,2024-10-23,Bullish Engulfing | TSMX,2024-11-06,Hammer | TSMX,2024-11-19,Hammer | TSMX,2024-11-20,Dragonfly Doji | TSMX,2024-11-27,Hammer | TSMX,2024-12-03,Three White Soldiers | TSMX,2024-12-04,Three White Soldiers | TSMX,2024-12-05,Three White Soldiers | TSMX,2024-12-06,Hammer | TSMX,2024-12-17,Hammer | TSMX,2024-12-20,Piercing Pattern | TSMX,2025-01-02,Bullish Engulfing | TSMX,2025-01-06,Three White Soldiers | TSMX,2025-01-10,Hammer | TSMX,2025-02-05,Three White Soldiers | TSMX,2025-02-06,Three White Soldiers | TSMX,2025-02-11,Bullish Engulfing | TSMX,2025-02-13,Dragonfly Doji | TSMX,2025-02-14,Bullish Engulfing | TSMX,2025-02-20,Hammer | TSMX,2025-02-20,Dragonfly Doji | TSMX,2025-03-05,Hammer | TSMX,2025-03-05,Morning Star | TSMX,2025-03-12,Morning Star | TSMX,2025-03-17,Morning Star | TSMX,2025-03-18,Hammer | TSMX,2025-03-19,Piercing Pattern | TSMX,2025-04-02,Three White Soldiers | TSMX,2025-04-09,Bullish Engulfing | TSMX,2025-04-11,Hammer | TSMX,2025-04-22,Bullish Engulfing | TSMX,2025-04-25,Hammer | TSMX,2025-04-30,Morning Star | TSMX,2025-05-13,Morning Star | TSMX,2025-05-16,Hammer | TSMX,2025-05-22,Bullish Engulfing | TSMX,2025-06-02,Piercing Pattern | TSMX,2025-06-04,Three White Soldiers | TSMX,2025-06-10,Three White Soldiers | TSMX,2025-06-12,Bullish Engulfing | TSMX,2025-06-25,Three White Soldiers | TSMX,2025-07-16,Hammer | TSMX,2025-07-17,Three White Soldiers | TSMX,2025-07-24,Hammer | TSMX,2025-07-24,Morning Star | TSMX,2025-07-25,Three White Soldiers | TSMX,2025-07-28,Hammer | TSMX,2025-08-08,Hammer | TSMX,2025-08-12,Morning Star | TSMX,2025-08-20,Hammer | TSMX,2025-08-20,Dragonfly Doji | TSMX,2025-08-26,Three White Soldiers | TSMX,2025-09-04,Bullish Engulfing | TSMX,2025-09-08,Three White Soldiers | TSMX,2025-09-09,Three White Soldiers | TSMX,2025-09-10,Three White Soldiers | TSMX,2025-09-17,Hammer | TSMX,2025-09-18,Bullish Engulfing | TSMX,2025-09-18,Morning Star | TSMX,2025-09-24,Hammer | TSMX,2025-09-24,Dragonfly Doji | TSMZ,2024-10-17,Hammer | TSMZ,2024-10-24,Hammer | TSMZ,2024-11-12,Three White Soldiers | TSMZ,2024-11-25,Morning Star | TSMZ,2024-12-09,Hammer | TSMZ,2024-12-09,Morning Star | TSMZ,2024-12-12,Bullish Engulfing | TSMZ,2024-12-18,Bullish Engulfing | TSMZ,2024-12-26,Morning Star | TSMZ,2024-12-31,Bullish Engulfing | TSMZ,2025-01-07,Bullish Engulfing | TSMZ,2025-01-27,Morning Star | TSMZ,2025-01-31,Hammer | TSMZ,2025-02-07,Bullish Engulfing | TSMZ,2025-02-07,Morning Star | TSMZ,2025-02-13,Morning Star | TSMZ,2025-02-21,Bullish Engulfing | TSMZ,2025-02-25,Three White Soldiers | TSMZ,2025-02-27,Bullish Engulfing | TSMZ,2025-03-06,Morning Star | TSMZ,2025-03-26,Morning Star | TSMZ,2025-03-28,Three White Soldiers | TSMZ,2025-04-14,Bullish Engulfing | TSMZ,2025-04-17,Morning Star | TSMZ,2025-04-29,Hammer | TSMZ,2025-05-01,Hammer | TSMZ,2025-05-21,Bullish Engulfing | TSMZ,2025-06-09,Hammer | TSMZ,2025-07-01,Morning Star | TSMZ,2025-07-03,Hammer | TSMZ,2025-07-07,Morning Star | TSMZ,2025-07-11,Hammer | TSMZ,2025-07-14,Morning Star | TSMZ,2025-07-22,Three White Soldiers | TSMZ,2025-07-29,Morning Star | TSMZ,2025-07-31,Bullish Engulfing | TSMZ,2025-08-11,Hammer | TSMZ,2025-08-13,Bullish Engulfing | TSMZ,2025-09-29,Morning Star | TSPY,2024-08-19,Three White Soldiers | TSPY,2024-08-27,Hammer | TSPY,2024-08-27,Dragonfly Doji | TSPY,2024-09-11,Hammer | TSPY,2024-09-13,Three White Soldiers | TSPY,2024-09-16,Hammer | TSPY,2024-09-30,Bullish Engulfing | TSPY,2024-10-04,Hammer | TSPY,2024-10-09,Morning Star | TSPY,2024-10-11,Bullish Engulfing | TSPY,2024-10-18,Hammer | TSPY,2024-10-21,Bullish Engulfing | TSPY,2024-10-21,Morning Star | TSPY,2024-11-07,Three White Soldiers | TSPY,2024-11-08,Three White Soldiers | TSPY,2024-11-11,Three White Soldiers | TSPY,2024-11-13,Bullish Engulfing | TSPY,2024-11-19,Morning Star | TSPY,2024-11-21,Hammer | TSPY,2024-11-22,Morning Star | TSPY,2024-12-05,Three White Soldiers | TSPY,2024-12-23,Hammer | TSPY,2025-01-03,Hammer | TSPY,2025-01-03,Dragonfly Doji | TSPY,2025-01-13,Hammer | TSPY,2025-01-15,Hammer | TSPY,2025-01-21,Morning Star | TSPY,2025-01-27,Hammer | TSPY,2025-02-04,Hammer | TSPY,2025-02-04,Dragonfly Doji | TSPY,2025-02-05,Hammer | TSPY,2025-02-19,Hammer | TSPY,2025-02-20,Hammer | TSPY,2025-02-28,Bullish Engulfing | TSPY,2025-03-07,Hammer | TSPY,2025-03-12,Hammer | TSPY,2025-03-17,Hammer | TSPY,2025-03-19,Hammer | TSPY,2025-03-21,Hammer | TSPY,2025-03-21,Piercing Pattern | TSPY,2025-03-25,Three White Soldiers | TSPY,2025-04-01,Dragonfly Doji | TSPY,2025-04-09,Bullish Engulfing | TSPY,2025-04-10,Hammer | TSPY,2025-04-17,Hammer | TSPY,2025-04-25,Hammer | TSPY,2025-04-28,Hammer | TSPY,2025-04-29,Bullish Engulfing | TSPY,2025-04-30,Hammer | TSPY,2025-05-07,Hammer | TSPY,2025-05-15,Hammer | TSPY,2025-05-16,Morning Star | TSPY,2025-05-27,Morning Star | TSPY,2025-05-30,Hammer | TSPY,2025-05-30,Morning Star | TSPY,2025-05-30,Dragonfly Doji | TSPY,2025-06-02,Hammer | TSPY,2025-06-02,Morning Star | TSPY,2025-06-02,Dragonfly Doji | TSPY,2025-06-03,Three White Soldiers | TSPY,2025-06-04,Three White Soldiers | TSPY,2025-06-09,Morning Star | TSPY,2025-06-10,Hammer | TSPY,2025-06-23,Piercing Pattern | TSPY,2025-06-25,Hammer | TSPY,2025-06-25,Three White Soldiers | TSPY,2025-06-26,Three White Soldiers | TSPY,2025-07-02,Hammer | TSPY,2025-07-09,Morning Star | TSPY,2025-07-16,Hammer | TSPY,2025-07-17,Hammer | TSPY,2025-07-17,Morning Star | TSPY,2025-07-18,Three White Soldiers | TSPY,2025-07-21,Three White Soldiers | TSPY,2025-07-25,Bullish Engulfing | TSPY,2025-08-27,Hammer | TSPY,2025-08-27,Morning Star | TSPY,2025-09-02,Hammer | TSPY,2025-09-04,Hammer | TSPY,2025-09-09,Morning Star | TSPY,2025-09-10,Three White Soldiers | TSPY,2025-09-11,Three White Soldiers | TSPY,2025-09-12,Hammer | TSPY,2025-09-17,Hammer | TSPY,2025-09-19,Hammer | TSPY,2025-09-22,Morning Star | TSPY,2025-09-26,Dragonfly Doji | TSSI,2023-07-11,Dragonfly Doji | TSSI,2023-09-01,Dragonfly Doji | TSSI,2023-09-19,Dragonfly Doji | TSSI,2023-11-15,Hammer | TSSI,2023-11-20,Hammer | TSSI,2023-12-01,Morning Star | TSSI,2024-01-16,Morning Star | TSSI,2024-01-19,Hammer | TSSI,2024-02-14,Dragonfly Doji | TSSI,2024-02-20,Morning Star | TSSI,2024-02-22,Three White Soldiers | TSSI,2024-02-23,Three White Soldiers | TSSI,2024-02-26,Three White Soldiers | TSSI,2024-02-27,Three White Soldiers | TSSI,2024-03-01,Morning Star | TSSI,2024-03-18,Dragonfly Doji | TSSI,2024-03-19,Dragonfly Doji | TSSI,2024-03-25,Dragonfly Doji | TSSI,2024-04-18,Three White Soldiers | TSSI,2024-04-29,Hammer | TSSI,2024-04-30,Dragonfly Doji | TSSI,2024-05-01,Hammer | TSSI,2024-05-08,Dragonfly Doji | TSSI,2024-05-09,Morning Star | TSSI,2024-05-20,Bullish Engulfing | TSSI,2024-05-23,Morning Star | TSSI,2024-05-24,Three White Soldiers | TSSI,2024-05-28,Three White Soldiers | TSSI,2024-05-29,Three White Soldiers | TSSI,2024-05-30,Hammer | TSSI,2024-05-30,Three White Soldiers | TSSI,2024-06-06,Hammer | TSSI,2024-06-12,Bullish Engulfing | TSSI,2024-06-27,Morning Star | TSSI,2024-07-09,Three White Soldiers | TSSI,2024-07-10,Hammer | TSSI,2024-07-19,Hammer | TSSI,2024-07-19,Dragonfly Doji | TSSI,2024-07-23,Hammer | TSSI,2024-08-15,Three White Soldiers | TSSI,2024-08-16,Three White Soldiers | TSSI,2024-08-19,Three White Soldiers | TSSI,2024-08-20,Three White Soldiers | TSSI,2024-08-27,Three White Soldiers | TSSI,2024-08-28,Three White Soldiers | TSSI,2024-09-13,Morning Star | TSSI,2024-09-19,Three White Soldiers | TSSI,2024-09-20,Three White Soldiers | TSSI,2024-09-23,Three White Soldiers | TSSI,2024-09-24,Hammer | TSSI,2024-09-25,Hammer | TSSI,2024-09-26,Morning Star | TSSI,2024-10-08,Morning Star | TSSI,2024-10-15,Hammer | TSSI,2024-10-16,Bullish Engulfing | TSSI,2024-10-21,Morning Star | TSSI,2024-10-28,Three White Soldiers | TSSI,2024-10-31,Hammer | TSSI,2024-11-01,Bullish Engulfing | TSSI,2024-11-12,Bullish Engulfing | TSSI,2024-11-14,Three White Soldiers | TSSI,2024-11-25,Morning Star | TSSI,2024-11-27,Three White Soldiers | TSSI,2024-12-19,Morning Star | TSSI,2024-12-30,Hammer | TSSI,2025-01-16,Morning Star | TSSI,2025-01-23,Three White Soldiers | TSSI,2025-02-05,Three White Soldiers | TSSI,2025-02-12,Bullish Engulfing | TSSI,2025-02-12,Morning Star | TSSI,2025-02-14,Bullish Engulfing | TSSI,2025-04-02,Piercing Pattern | TSSI,2025-04-07,Bullish Engulfing | TSSI,2025-04-07,Morning Star | TSSI,2025-04-09,Piercing Pattern | TSSI,2025-04-14,Hammer | TSSI,2025-04-23,Morning Star | TSSI,2025-04-25,Three White Soldiers | TSSI,2025-04-30,Hammer | TSSI,2025-05-06,Piercing Pattern | TSSI,2025-05-22,Bullish Engulfing | TSSI,2025-06-03,Three White Soldiers | TSSI,2025-06-04,Three White Soldiers | TSSI,2025-06-09,Hammer | TSSI,2025-06-12,Hammer | TSSI,2025-06-18,Three White Soldiers | TSSI,2025-06-20,Three White Soldiers | TSSI,2025-06-23,Three White Soldiers | TSSI,2025-07-07,Bullish Engulfing | TSSI,2025-07-22,Three White Soldiers | TSSI,2025-07-31,Morning Star | TSSI,2025-08-12,Hammer | TSSI,2025-08-14,Hammer | TSSI,2025-08-20,Bullish Engulfing | TSSI,2025-08-22,Bullish Engulfing | TSSI,2025-09-11,Hammer | TSSI,2025-09-12,Hammer | TSYY,2024-12-23,Morning Star | TSYY,2024-12-24,Three White Soldiers | TSYY,2024-12-26,Three White Soldiers | TSYY,2025-01-03,Morning Star | TSYY,2025-01-08,Bullish Engulfing | TSYY,2025-01-13,Three White Soldiers | TSYY,2025-01-16,Morning Star | TSYY,2025-01-21,Bullish Engulfing | TSYY,2025-01-31,Hammer | TSYY,2025-02-03,Hammer | TSYY,2025-02-06,Bullish Engulfing | TSYY,2025-02-14,Three White Soldiers | TSYY,2025-02-20,Hammer | TSYY,2025-03-24,Three White Soldiers | TSYY,2025-03-25,Hammer | TSYY,2025-03-27,Bullish Engulfing | TSYY,2025-04-03,Hammer | TSYY,2025-04-03,Dragonfly Doji | TSYY,2025-04-10,Hammer | TSYY,2025-04-15,Piercing Pattern | TSYY,2025-04-23,Morning Star | TSYY,2025-04-24,Three White Soldiers | TSYY,2025-04-25,Three White Soldiers | TSYY,2025-05-08,Three White Soldiers | TSYY,2025-05-09,Three White Soldiers | TSYY,2025-05-13,Bullish Engulfing | TSYY,2025-05-14,Dragonfly Doji | TSYY,2025-05-22,Bullish Engulfing | TSYY,2025-05-30,Hammer | TSYY,2025-06-02,Hammer | TSYY,2025-06-09,Bullish Engulfing | TSYY,2025-06-09,Morning Star | TSYY,2025-06-13,Bullish Engulfing | TSYY,2025-06-23,Bullish Engulfing | TSYY,2025-06-27,Hammer | TSYY,2025-07-14,Three White Soldiers | TSYY,2025-07-23,Morning Star | TSYY,2025-07-30,Hammer | TSYY,2025-08-05,Morning Star | TSYY,2025-08-06,Morning Star | TSYY,2025-08-07,Three White Soldiers | TSYY,2025-08-12,Dragonfly Doji | TSYY,2025-08-14,Bullish Engulfing | TSYY,2025-08-15,Dragonfly Doji | TSYY,2025-08-22,Morning Star | TSYY,2025-08-26,Three White Soldiers | TSYY,2025-08-28,Hammer | TSYY,2025-09-04,Morning Star | TTAN,2024-12-17,Three White Soldiers | TTAN,2024-12-23,Hammer | TTAN,2024-12-26,Morning Star | TTAN,2024-12-27,Hammer | TTAN,2025-01-10,Bullish Engulfing | TTAN,2025-01-14,Hammer | TTAN,2025-01-16,Morning Star | TTAN,2025-01-31,Morning Star | TTAN,2025-02-06,Hammer | TTAN,2025-02-13,Bullish Engulfing | TTAN,2025-02-28,Bullish Engulfing | TTAN,2025-03-05,Piercing Pattern | TTAN,2025-04-07,Bullish Engulfing | TTAN,2025-04-09,Bullish Engulfing | TTAN,2025-04-15,Three White Soldiers | TTAN,2025-04-16,Three White Soldiers | TTAN,2025-05-01,Hammer | TTAN,2025-05-05,Morning Star | TTAN,2025-05-14,Morning Star | TTAN,2025-06-02,Bullish Engulfing | TTAN,2025-06-04,Three White Soldiers | TTAN,2025-06-12,Dragonfly Doji | TTAN,2025-06-24,Morning Star | TTAN,2025-06-27,Hammer | TTAN,2025-07-01,Bullish Engulfing | TTAN,2025-07-07,Hammer | TTAN,2025-07-07,Morning Star | TTAN,2025-07-10,Morning Star | TTAN,2025-08-13,Morning Star | TTAN,2025-08-21,Piercing Pattern | TTAN,2025-08-27,Morning Star | TTAN,2025-08-28,Three White Soldiers | TTAN,2025-09-05,Hammer | TTAN,2025-09-09,Three White Soldiers | TTAN,2025-09-18,Piercing Pattern | TTD,2023-07-03,Hammer | TTD,2023-07-06,Hammer | TTD,2023-07-11,Three White Soldiers | TTD,2023-07-12,Three White Soldiers | TTD,2023-07-17,Morning Star | TTD,2023-07-26,Morning Star | TTD,2023-08-07,Hammer | TTD,2023-08-18,Piercing Pattern | TTD,2023-08-22,Three White Soldiers | TTD,2023-08-23,Three White Soldiers | TTD,2023-08-29,Bullish Engulfing | TTD,2023-09-05,Bullish Engulfing | TTD,2023-09-14,Hammer | TTD,2023-09-27,Morning Star | TTD,2023-10-06,Bullish Engulfing | TTD,2023-10-10,Three White Soldiers | TTD,2023-10-24,Morning Star | TTD,2023-10-31,Morning Star | TTD,2023-11-03,Three White Soldiers | TTD,2023-11-08,Bullish Engulfing | TTD,2023-11-08,Morning Star | TTD,2023-11-17,Dragonfly Doji | TTD,2023-11-20,Bullish Engulfing | TTD,2023-11-20,Morning Star | TTD,2023-11-24,Morning Star | TTD,2023-11-27,Three White Soldiers | TTD,2023-12-01,Bullish Engulfing | TTD,2023-12-08,Morning Star | TTD,2023-12-12,Hammer | TTD,2023-12-19,Morning Star | TTD,2023-12-26,Dragonfly Doji | TTD,2024-01-11,Hammer | TTD,2024-02-07,Morning Star | TTD,2024-02-08,Three White Soldiers | TTD,2024-02-09,Three White Soldiers | TTD,2024-02-14,Dragonfly Doji | TTD,2024-02-27,Morning Star | TTD,2024-03-04,Hammer | TTD,2024-03-06,Hammer | TTD,2024-03-20,Three White Soldiers | TTD,2024-03-21,Three White Soldiers | TTD,2024-03-25,Bullish Engulfing | TTD,2024-04-08,Morning Star | TTD,2024-04-23,Morning Star | TTD,2024-05-17,Three White Soldiers | TTD,2024-05-20,Three White Soldiers | TTD,2024-06-04,Bullish Engulfing | TTD,2024-06-04,Morning Star | TTD,2024-06-17,Morning Star | TTD,2024-06-18,Three White Soldiers | TTD,2024-06-21,Hammer | TTD,2024-07-01,Hammer | TTD,2024-07-03,Three White Soldiers | TTD,2024-07-05,Three White Soldiers | TTD,2024-07-16,Three White Soldiers | TTD,2024-07-19,Piercing Pattern | TTD,2024-07-23,Three White Soldiers | TTD,2024-07-26,Hammer | TTD,2024-08-14,Morning Star | TTD,2024-08-15,Three White Soldiers | TTD,2024-08-30,Morning Star | TTD,2024-09-05,Bullish Engulfing | TTD,2024-09-05,Morning Star | TTD,2024-09-13,Three White Soldiers | TTD,2024-09-30,Bullish Engulfing | TTD,2024-10-03,Morning Star | TTD,2024-10-10,Three White Soldiers | TTD,2024-10-11,Three White Soldiers | TTD,2024-10-15,Hammer | TTD,2024-10-18,Bullish Engulfing | TTD,2024-10-31,Hammer | TTD,2024-11-07,Three White Soldiers | TTD,2024-11-12,Three White Soldiers | TTD,2024-11-19,Bullish Engulfing | TTD,2024-11-21,Three White Soldiers | TTD,2024-11-22,Three White Soldiers | TTD,2024-11-27,Hammer | TTD,2024-11-29,Piercing Pattern | TTD,2024-12-03,Three White Soldiers | TTD,2024-12-17,Bullish Engulfing | TTD,2025-01-16,Morning Star | TTD,2025-01-17,Hammer | TTD,2025-01-29,Three White Soldiers | TTD,2025-02-05,Bullish Engulfing | TTD,2025-02-07,Three White Soldiers | TTD,2025-02-10,Three White Soldiers | TTD,2025-02-12,Bullish Engulfing | TTD,2025-02-18,Hammer | TTD,2025-02-20,Hammer | TTD,2025-03-17,Morning Star | TTD,2025-03-25,Three White Soldiers | TTD,2025-04-01,Morning Star | TTD,2025-04-09,Bullish Engulfing | TTD,2025-04-15,Hammer | TTD,2025-04-28,Three White Soldiers | TTD,2025-04-29,Three White Soldiers | TTD,2025-05-05,Morning Star | TTD,2025-05-06,Three White Soldiers | TTD,2025-05-07,Three White Soldiers | TTD,2025-05-08,Three White Soldiers | TTD,2025-05-09,Three White Soldiers | TTD,2025-05-12,Three White Soldiers | TTD,2025-05-14,Piercing Pattern | TTD,2025-05-15,Hammer | TTD,2025-05-27,Hammer | TTD,2025-05-28,Three White Soldiers | TTD,2025-06-04,Bullish Engulfing | TTD,2025-06-10,Morning Star | TTD,2025-06-16,Bullish Engulfing | TTD,2025-06-23,Piercing Pattern | TTD,2025-06-26,Hammer | TTD,2025-07-09,Morning Star | TTD,2025-07-10,Three White Soldiers | TTD,2025-07-22,Morning Star | TTD,2025-07-23,Three White Soldiers | TTD,2025-07-24,Three White Soldiers | TTD,2025-07-25,Three White Soldiers | TTD,2025-07-28,Three White Soldiers | TTD,2025-07-31,Morning Star | TTD,2025-08-13,Morning Star | TTD,2025-08-18,Morning Star | TTD,2025-08-21,Hammer | TTD,2025-08-22,Bullish Engulfing | TTD,2025-08-27,Bullish Engulfing | TTD,2025-09-08,Hammer | TTD,2025-09-09,Bullish Engulfing | TTD,2025-09-22,Morning Star | TTD,2025-09-23,Three White Soldiers | TTD,2025-09-29,Three White Soldiers | TTEC,2023-07-10,Morning Star | TTEC,2023-07-26,Three White Soldiers | TTEC,2023-07-31,Bullish Engulfing | TTEC,2023-07-31,Morning Star | TTEC,2023-08-10,Piercing Pattern | TTEC,2023-08-14,Hammer | TTEC,2023-08-14,Three White Soldiers | TTEC,2023-08-23,Bullish Engulfing | TTEC,2023-08-29,Three White Soldiers | TTEC,2023-08-30,Three White Soldiers | TTEC,2023-09-12,Morning Star | TTEC,2023-09-22,Hammer | TTEC,2023-10-06,Bullish Engulfing | TTEC,2023-10-06,Morning Star | TTEC,2023-11-17,Hammer | TTEC,2023-11-29,Morning Star | TTEC,2023-11-30,Three White Soldiers | TTEC,2023-12-08,Three White Soldiers | TTEC,2023-12-11,Three White Soldiers | TTEC,2023-12-13,Bullish Engulfing | TTEC,2023-12-29,Hammer | TTEC,2024-01-08,Morning Star | TTEC,2024-01-11,Three White Soldiers | TTEC,2024-01-18,Hammer | TTEC,2024-01-22,Morning Star | TTEC,2024-01-23,Three White Soldiers | TTEC,2024-02-05,Hammer | TTEC,2024-02-09,Hammer | TTEC,2024-02-09,Morning Star | TTEC,2024-02-12,Three White Soldiers | TTEC,2024-02-23,Piercing Pattern | TTEC,2024-03-08,Morning Star | TTEC,2024-03-12,Hammer | TTEC,2024-03-15,Bullish Engulfing | TTEC,2024-04-08,Morning Star | TTEC,2024-04-18,Bullish Engulfing | TTEC,2024-04-29,Bullish Engulfing | TTEC,2024-05-02,Morning Star | TTEC,2024-05-16,Morning Star | TTEC,2024-05-31,Morning Star | TTEC,2024-06-17,Hammer | TTEC,2024-06-17,Dragonfly Doji | TTEC,2024-06-18,Morning Star | TTEC,2024-06-20,Three White Soldiers | TTEC,2024-06-26,Hammer | TTEC,2024-07-19,Hammer | TTEC,2024-07-22,Morning Star | TTEC,2024-08-19,Three White Soldiers | TTEC,2024-08-27,Three White Soldiers | TTEC,2024-09-25,Hammer | TTEC,2024-09-26,Morning Star | TTEC,2024-09-30,Hammer | TTEC,2024-10-03,Piercing Pattern | TTEC,2024-10-09,Bullish Engulfing | TTEC,2024-10-15,Piercing Pattern | TTEC,2024-10-23,Hammer | TTEC,2024-10-28,Hammer | TTEC,2024-10-29,Hammer | TTEC,2024-11-20,Piercing Pattern | TTEC,2024-11-22,Three White Soldiers | TTEC,2024-11-25,Three White Soldiers | TTEC,2024-12-02,Morning Star | TTEC,2024-12-09,Bullish Engulfing | TTEC,2024-12-23,Morning Star | TTEC,2024-12-24,Three White Soldiers | TTEC,2024-12-26,Three White Soldiers | TTEC,2024-12-30,Hammer | TTEC,2024-12-30,Dragonfly Doji | TTEC,2025-01-13,Hammer | TTEC,2025-01-23,Hammer | TTEC,2025-01-31,Hammer | TTEC,2025-02-11,Morning Star | TTEC,2025-02-13,Hammer | TTEC,2025-02-20,Three White Soldiers | TTEC,2025-03-06,Bullish Engulfing | TTEC,2025-03-10,Three White Soldiers | TTEC,2025-03-20,Morning Star | TTEC,2025-03-21,Three White Soldiers | TTEC,2025-04-02,Morning Star | TTEC,2025-04-09,Bullish Engulfing | TTEC,2025-04-09,Morning Star | TTEC,2025-04-24,Bullish Engulfing | TTEC,2025-05-07,Morning Star | TTEC,2025-05-09,Three White Soldiers | TTEC,2025-05-12,Hammer | TTEC,2025-05-14,Hammer | TTEC,2025-05-15,Bullish Engulfing | TTEC,2025-06-03,Piercing Pattern | TTEC,2025-06-11,Three White Soldiers | TTEC,2025-06-16,Morning Star | TTEC,2025-07-02,Hammer | TTEC,2025-07-03,Three White Soldiers | TTEC,2025-07-25,Hammer | TTEC,2025-07-29,Hammer | TTEC,2025-08-08,Morning Star | TTEC,2025-08-11,Three White Soldiers | TTEC,2025-08-12,Three White Soldiers | TTEC,2025-08-13,Three White Soldiers | TTEC,2025-08-18,Bullish Engulfing | TTEC,2025-08-18,Morning Star | TTEC,2025-08-28,Dragonfly Doji | TTEC,2025-09-18,Three White Soldiers | TTEC,2025-09-19,Hammer | TTEK,2023-07-13,Piercing Pattern | TTEK,2023-07-17,Three White Soldiers | TTEK,2023-07-18,Hammer | TTEK,2023-07-25,Bullish Engulfing | TTEK,2023-07-25,Morning Star | TTEK,2023-09-06,Bullish Engulfing | TTEK,2023-09-18,Three White Soldiers | TTEK,2023-09-25,Morning Star | TTEK,2023-10-05,Three White Soldiers | TTEK,2023-10-10,Three White Soldiers | TTEK,2023-10-11,Three White Soldiers | TTEK,2023-10-31,Morning Star | TTEK,2023-11-01,Hammer | TTEK,2023-11-30,Dragonfly Doji | TTEK,2023-12-01,Morning Star | TTEK,2023-12-19,Hammer | TTEK,2023-12-20,Piercing Pattern | TTEK,2023-12-26,Bullish Engulfing | TTEK,2024-01-02,Bullish Engulfing | TTEK,2024-01-11,Bullish Engulfing | TTEK,2024-01-19,Three White Soldiers | TTEK,2024-01-25,Hammer | TTEK,2024-01-29,Bullish Engulfing | TTEK,2024-02-02,Morning Star | TTEK,2024-03-04,Morning Star | TTEK,2024-03-19,Bullish Engulfing | TTEK,2024-03-21,Three White Soldiers | TTEK,2024-04-01,Bullish Engulfing | TTEK,2024-04-03,Three White Soldiers | TTEK,2024-04-08,Hammer | TTEK,2024-04-09,Three White Soldiers | TTEK,2024-04-23,Morning Star | TTEK,2024-04-29,Hammer | TTEK,2024-05-06,Three White Soldiers | TTEK,2024-05-07,Three White Soldiers | TTEK,2024-05-09,Hammer | TTEK,2024-05-09,Dragonfly Doji | TTEK,2024-05-16,Three White Soldiers | TTEK,2024-05-17,Three White Soldiers | TTEK,2024-05-22,Bullish Engulfing | TTEK,2024-05-22,Morning Star | TTEK,2024-06-10,Bullish Engulfing | TTEK,2024-06-12,Three White Soldiers | TTEK,2024-06-13,Hammer | TTEK,2024-06-20,Three White Soldiers | TTEK,2024-06-21,Three White Soldiers | TTEK,2024-06-24,Three White Soldiers | TTEK,2024-06-26,Hammer | TTEK,2024-06-27,Morning Star | TTEK,2024-07-03,Morning Star | TTEK,2024-07-15,Bullish Engulfing | TTEK,2024-07-18,Piercing Pattern | TTEK,2024-07-25,Bullish Engulfing | TTEK,2024-08-01,Morning Star | TTEK,2024-08-02,Hammer | TTEK,2024-08-02,Dragonfly Doji | TTEK,2024-08-14,Bullish Engulfing | TTEK,2024-08-27,Piercing Pattern | TTEK,2024-08-30,Morning Star | TTEK,2024-09-05,Hammer | TTEK,2024-09-10,Morning Star | TTEK,2024-09-11,Hammer | TTEK,2024-09-11,Three White Soldiers | TTEK,2024-09-16,Morning Star | TTEK,2024-09-19,Hammer | TTEK,2024-09-19,Dragonfly Doji | TTEK,2024-09-30,Bullish Engulfing | TTEK,2024-09-30,Morning Star | TTEK,2024-10-14,Hammer | TTEK,2024-10-21,Morning Star | TTEK,2024-11-05,Three White Soldiers | TTEK,2024-11-11,Bullish Engulfing | TTEK,2024-11-25,Three White Soldiers | TTEK,2024-11-26,Three White Soldiers | TTEK,2024-12-02,Bullish Engulfing | TTEK,2024-12-02,Morning Star | TTEK,2024-12-04,Three White Soldiers | TTEK,2024-12-13,Piercing Pattern | TTEK,2024-12-24,Piercing Pattern | TTEK,2025-01-08,Morning Star | TTEK,2025-01-13,Three White Soldiers | TTEK,2025-01-14,Three White Soldiers | TTEK,2025-01-16,Piercing Pattern | TTEK,2025-01-30,Hammer | TTEK,2025-01-30,Dragonfly Doji | TTEK,2025-02-24,Bullish Engulfing | TTEK,2025-03-07,Bullish Engulfing | TTEK,2025-03-07,Morning Star | TTEK,2025-03-14,Morning Star | TTEK,2025-03-17,Three White Soldiers | TTEK,2025-03-18,Three White Soldiers | TTEK,2025-03-19,Three White Soldiers | TTEK,2025-04-02,Three White Soldiers | TTEK,2025-04-09,Bullish Engulfing | TTEK,2025-04-14,Hammer | TTEK,2025-04-17,Morning Star | TTEK,2025-04-25,Hammer | TTEK,2025-04-30,Hammer | TTEK,2025-05-07,Morning Star | TTEK,2025-05-09,Three White Soldiers | TTEK,2025-05-21,Three White Soldiers | TTEK,2025-05-30,Hammer | TTEK,2025-06-03,Bullish Engulfing | TTEK,2025-06-11,Morning Star | TTEK,2025-06-12,Three White Soldiers | TTEK,2025-06-24,Morning Star | TTEK,2025-07-01,Morning Star | TTEK,2025-07-02,Three White Soldiers | TTEK,2025-07-09,Hammer | TTEK,2025-07-10,Piercing Pattern | TTEK,2025-07-14,Three White Soldiers | TTEK,2025-08-04,Piercing Pattern | TTEK,2025-08-13,Bullish Engulfing | TTEK,2025-08-26,Bullish Engulfing | TTEK,2025-08-28,Dragonfly Doji | TTEK,2025-09-10,Piercing Pattern | TTEK,2025-09-16,Bullish Engulfing | TTEK,2025-09-26,Bullish Engulfing | TTEQ,2024-11-05,Morning Star | TTEQ,2024-11-06,Morning Star | TTEQ,2024-11-07,Three White Soldiers | TTEQ,2024-11-08,Hammer | TTEQ,2024-11-12,Morning Star | TTEQ,2024-11-18,Piercing Pattern | TTEQ,2024-11-20,Hammer | TTEQ,2024-11-22,Three White Soldiers | TTEQ,2024-11-27,Hammer | TTEQ,2024-12-03,Three White Soldiers | TTEQ,2024-12-04,Three White Soldiers | TTEQ,2024-12-20,Bullish Engulfing | TTEQ,2024-12-24,Three White Soldiers | TTEQ,2025-01-03,Morning Star | TTEQ,2025-01-21,Morning Star | TTEQ,2025-01-30,Piercing Pattern | TTEQ,2025-02-05,Three White Soldiers | TTEQ,2025-02-06,Three White Soldiers | TTEQ,2025-02-11,Bullish Engulfing | TTEQ,2025-02-11,Morning Star | TTEQ,2025-02-14,Three White Soldiers | TTEQ,2025-02-25,Dragonfly Doji | TTEQ,2025-03-05,Morning Star | TTEQ,2025-03-07,Hammer | TTEQ,2025-03-25,Three White Soldiers | TTEQ,2025-04-28,Hammer | TTEQ,2025-04-29,Bullish Engulfing | TTEQ,2025-05-02,Three White Soldiers | TTEQ,2025-05-12,Hammer | TTEQ,2025-05-12,Dragonfly Doji | TTEQ,2025-05-13,Morning Star | TTEQ,2025-05-16,Hammer | TTEQ,2025-05-16,Dragonfly Doji | TTEQ,2025-05-19,Morning Star | TTEQ,2025-06-03,Three White Soldiers | TTEQ,2025-06-04,Three White Soldiers | TTEQ,2025-06-09,Morning Star | TTEQ,2025-06-10,Hammer | TTEQ,2025-06-23,Bullish Engulfing | TTEQ,2025-07-02,Piercing Pattern | TTEQ,2025-07-09,Hammer | TTEQ,2025-07-10,Hammer | TTEQ,2025-07-14,Piercing Pattern | TTEQ,2025-07-23,Bullish Engulfing | TTEQ,2025-07-24,Hammer | TTEQ,2025-07-25,Three White Soldiers | TTEQ,2025-08-15,Hammer | TTEQ,2025-08-18,Bullish Engulfing | TTEQ,2025-08-20,Hammer | TTEQ,2025-08-26,Hammer | TTEQ,2025-08-27,Hammer | TTEQ,2025-08-27,Morning Star | TTEQ,2025-09-04,Three White Soldiers | TTEQ,2025-09-09,Morning Star | TTEQ,2025-09-12,Morning Star | TTEQ,2025-09-15,Morning Star | TTEQ,2025-09-22,Three White Soldiers | TTGT,2023-07-11,Three White Soldiers | TTGT,2023-07-12,Three White Soldiers | TTGT,2023-07-13,Hammer | TTGT,2023-07-13,Three White Soldiers | TTGT,2023-07-14,Hammer | TTGT,2023-07-17,Bullish Engulfing | TTGT,2023-07-19,Three White Soldiers | TTGT,2023-08-07,Hammer | TTGT,2023-08-08,Hammer | TTGT,2023-08-18,Three White Soldiers | TTGT,2023-09-07,Bullish Engulfing | TTGT,2023-09-11,Three White Soldiers | TTGT,2023-09-25,Morning Star | TTGT,2023-09-27,Three White Soldiers | TTGT,2023-09-28,Three White Soldiers | TTGT,2023-10-02,Hammer | TTGT,2023-10-02,Dragonfly Doji | TTGT,2023-10-06,Piercing Pattern | TTGT,2023-10-09,Hammer | TTGT,2023-10-16,Morning Star | TTGT,2023-10-27,Piercing Pattern | TTGT,2023-10-30,Hammer | TTGT,2023-11-06,Bullish Engulfing | TTGT,2023-11-09,Morning Star | TTGT,2023-11-10,Three White Soldiers | TTGT,2023-11-13,Hammer | TTGT,2023-12-08,Bullish Engulfing | TTGT,2023-12-12,Three White Soldiers | TTGT,2023-12-13,Three White Soldiers | TTGT,2023-12-14,Three White Soldiers | TTGT,2023-12-19,Morning Star | TTGT,2023-12-21,Hammer | TTGT,2023-12-26,Three White Soldiers | TTGT,2023-12-27,Three White Soldiers | TTGT,2024-01-23,Hammer | TTGT,2024-01-23,Dragonfly Doji | TTGT,2024-02-09,Morning Star | TTGT,2024-02-15,Morning Star | TTGT,2024-02-26,Bullish Engulfing | TTGT,2024-03-11,Morning Star | TTGT,2024-03-15,Piercing Pattern | TTGT,2024-03-28,Morning Star | TTGT,2024-04-01,Three White Soldiers | TTGT,2024-05-02,Hammer | TTGT,2024-05-02,Three White Soldiers | TTGT,2024-05-02,Dragonfly Doji | TTGT,2024-05-16,Three White Soldiers | TTGT,2024-05-17,Three White Soldiers | TTGT,2024-06-05,Morning Star | TTGT,2024-06-13,Hammer | TTGT,2024-06-18,Hammer | TTGT,2024-06-25,Piercing Pattern | TTGT,2024-06-27,Dragonfly Doji | TTGT,2024-06-28,Morning Star | TTGT,2024-07-05,Piercing Pattern | TTGT,2024-07-10,Hammer | TTGT,2024-07-25,Piercing Pattern | TTGT,2024-08-19,Three White Soldiers | TTGT,2024-08-23,Bullish Engulfing | TTGT,2024-08-29,Bullish Engulfing | TTGT,2024-08-29,Morning Star | TTGT,2024-09-10,Dragonfly Doji | TTGT,2024-09-12,Hammer | TTGT,2024-09-13,Hammer | TTGT,2024-09-27,Morning Star | TTGT,2024-10-07,Hammer | TTGT,2024-10-07,Morning Star | TTGT,2024-10-14,Three White Soldiers | TTGT,2024-10-15,Three White Soldiers | TTGT,2024-10-17,Bullish Engulfing | TTGT,2024-10-21,Hammer | TTGT,2024-10-21,Three White Soldiers | TTGT,2024-10-23,Bullish Engulfing | TTGT,2024-10-25,Three White Soldiers | TTGT,2024-11-11,Morning Star | TTGT,2024-11-13,Hammer | TTGT,2024-11-15,Hammer | TTGT,2024-11-25,Three White Soldiers | TTGT,2024-12-26,Piercing Pattern | TTGT,2024-12-30,Bullish Engulfing | TTGT,2025-01-03,Piercing Pattern | TTGT,2025-01-21,Piercing Pattern | TTGT,2025-01-23,Bullish Engulfing | TTGT,2025-01-31,Hammer | TTGT,2025-02-05,Three White Soldiers | TTGT,2025-02-20,Piercing Pattern | TTGT,2025-02-26,Bullish Engulfing | TTGT,2025-02-28,Hammer | TTGT,2025-03-03,Hammer | TTGT,2025-03-05,Bullish Engulfing | TTGT,2025-03-07,Piercing Pattern | TTGT,2025-03-13,Hammer | TTGT,2025-03-19,Three White Soldiers | TTGT,2025-03-21,Bullish Engulfing | TTGT,2025-03-27,Morning Star | TTGT,2025-03-31,Piercing Pattern | TTGT,2025-04-09,Piercing Pattern | TTGT,2025-04-15,Piercing Pattern | TTGT,2025-04-30,Bullish Engulfing | TTGT,2025-05-05,Bullish Engulfing | TTGT,2025-05-15,Bullish Engulfing | TTGT,2025-05-29,Morning Star | TTGT,2025-06-23,Bullish Engulfing | TTGT,2025-07-08,Bullish Engulfing | TTGT,2025-07-10,Three White Soldiers | TTGT,2025-07-11,Three White Soldiers | TTGT,2025-07-16,Three White Soldiers | TTGT,2025-07-17,Three White Soldiers | TTGT,2025-08-15,Bullish Engulfing | TTGT,2025-08-22,Bullish Engulfing | TTGT,2025-09-04,Bullish Engulfing | TTGT,2025-09-08,Bullish Engulfing | TTGT,2025-09-09,Hammer | TTGT,2025-09-09,Dragonfly Doji | TTGT,2025-09-18,Three White Soldiers | TTGT,2025-09-22,Hammer | TTGT,2025-09-29,Morning Star | TTMI,2023-07-10,Bullish Engulfing | TTMI,2023-07-12,Hammer | TTMI,2023-07-14,Hammer | TTMI,2023-07-31,Morning Star | TTMI,2023-08-08,Piercing Pattern | TTMI,2023-08-17,Morning Star | TTMI,2023-08-18,Three White Soldiers | TTMI,2023-08-28,Morning Star | TTMI,2023-10-27,Morning Star | TTMI,2023-11-01,Dragonfly Doji | TTMI,2023-11-02,Morning Star | TTMI,2023-11-07,Hammer | TTMI,2023-11-08,Hammer | TTMI,2023-11-24,Hammer | TTMI,2023-11-24,Dragonfly Doji | TTMI,2023-11-27,Bullish Engulfing | TTMI,2023-12-07,Hammer | TTMI,2023-12-08,Morning Star | TTMI,2023-12-11,Three White Soldiers | TTMI,2023-12-14,Three White Soldiers | TTMI,2023-12-22,Morning Star | TTMI,2023-12-26,Hammer | TTMI,2023-12-26,Three White Soldiers | TTMI,2023-12-27,Dragonfly Doji | TTMI,2023-12-28,Hammer | TTMI,2024-01-19,Hammer | TTMI,2024-01-19,Morning Star | TTMI,2024-01-29,Hammer | TTMI,2024-02-12,Three White Soldiers | TTMI,2024-02-15,Morning Star | TTMI,2024-02-23,Hammer | TTMI,2024-03-12,Hammer | TTMI,2024-03-20,Morning Star | TTMI,2024-03-21,Three White Soldiers | TTMI,2024-04-23,Three White Soldiers | TTMI,2024-04-24,Three White Soldiers | TTMI,2024-04-29,Three White Soldiers | TTMI,2024-05-03,Three White Soldiers | TTMI,2024-05-06,Three White Soldiers | TTMI,2024-05-07,Three White Soldiers | TTMI,2024-05-10,Three White Soldiers | TTMI,2024-05-16,Morning Star | TTMI,2024-05-21,Morning Star | TTMI,2024-06-05,Morning Star | TTMI,2024-06-20,Three White Soldiers | TTMI,2024-06-21,Three White Soldiers | TTMI,2024-06-25,Bullish Engulfing | TTMI,2024-07-09,Bullish Engulfing | TTMI,2024-07-09,Morning Star | TTMI,2024-07-11,Three White Soldiers | TTMI,2024-07-16,Morning Star | TTMI,2024-08-09,Morning Star | TTMI,2024-08-12,Hammer | TTMI,2024-08-16,Morning Star | TTMI,2024-08-19,Three White Soldiers | TTMI,2024-08-27,Hammer | TTMI,2024-09-10,Morning Star | TTMI,2024-09-11,Hammer | TTMI,2024-09-16,Hammer | TTMI,2024-10-01,Hammer | TTMI,2024-10-01,Dragonfly Doji | TTMI,2024-10-02,Morning Star | TTMI,2024-10-07,Morning Star | TTMI,2024-10-10,Hammer | TTMI,2024-10-14,Three White Soldiers | TTMI,2024-10-15,Three White Soldiers | TTMI,2024-10-16,Three White Soldiers | TTMI,2024-10-17,Three White Soldiers | TTMI,2024-10-18,Hammer | TTMI,2024-10-24,Morning Star | TTMI,2024-10-28,Three White Soldiers | TTMI,2024-11-01,Hammer | TTMI,2024-11-04,Bullish Engulfing | TTMI,2024-11-06,Three White Soldiers | TTMI,2024-11-07,Three White Soldiers | TTMI,2024-11-08,Three White Soldiers | TTMI,2024-11-19,Bullish Engulfing | TTMI,2024-11-26,Piercing Pattern | TTMI,2024-12-02,Three White Soldiers | TTMI,2024-12-05,Bullish Engulfing | TTMI,2024-12-05,Morning Star | TTMI,2024-12-10,Bullish Engulfing | TTMI,2024-12-10,Morning Star | TTMI,2024-12-11,Hammer | TTMI,2024-12-24,Three White Soldiers | TTMI,2024-12-26,Three White Soldiers | TTMI,2025-01-08,Hammer | TTMI,2025-01-22,Morning Star | TTMI,2025-02-19,Bullish Engulfing | TTMI,2025-03-07,Hammer | TTMI,2025-03-17,Morning Star | TTMI,2025-04-09,Bullish Engulfing | TTMI,2025-04-29,Bullish Engulfing | TTMI,2025-05-13,Three White Soldiers | TTMI,2025-05-16,Piercing Pattern | TTMI,2025-05-22,Bullish Engulfing | TTMI,2025-05-28,Hammer | TTMI,2025-05-28,Three White Soldiers | TTMI,2025-06-10,Three White Soldiers | TTMI,2025-06-11,Three White Soldiers | TTMI,2025-06-25,Three White Soldiers | TTMI,2025-06-26,Three White Soldiers | TTMI,2025-06-27,Three White Soldiers | TTMI,2025-06-30,Three White Soldiers | TTMI,2025-07-15,Three White Soldiers | TTMI,2025-07-28,Morning Star | TTMI,2025-07-29,Three White Soldiers | TTMI,2025-07-30,Three White Soldiers | TTMI,2025-08-26,Bullish Engulfing | TTMI,2025-08-27,Hammer | TTMI,2025-09-09,Piercing Pattern | TTMI,2025-09-22,Bullish Engulfing | TTMI,2025-09-29,Three White Soldiers | TTSH,2023-07-07,Morning Star | TTSH,2023-07-10,Three White Soldiers | TTSH,2023-07-13,Morning Star | TTSH,2023-07-20,Piercing Pattern | TTSH,2023-07-24,Hammer | TTSH,2023-07-31,Morning Star | TTSH,2023-08-09,Bullish Engulfing | TTSH,2023-08-18,Piercing Pattern | TTSH,2023-08-30,Three White Soldiers | TTSH,2023-08-31,Three White Soldiers | TTSH,2023-09-01,Three White Soldiers | TTSH,2023-09-21,Morning Star | TTSH,2023-09-22,Three White Soldiers | TTSH,2023-09-25,Three White Soldiers | TTSH,2023-10-17,Morning Star | TTSH,2023-10-20,Morning Star | TTSH,2023-10-30,Bullish Engulfing | TTSH,2023-10-30,Morning Star | TTSH,2023-11-02,Bullish Engulfing | TTSH,2023-11-07,Morning Star | TTSH,2023-11-08,Hammer | TTSH,2023-11-09,Hammer | TTSH,2023-11-16,Hammer | TTSH,2023-11-16,Three White Soldiers | TTSH,2023-11-29,Hammer | TTSH,2023-12-08,Morning Star | TTSH,2023-12-19,Dragonfly Doji | TTSH,2023-12-20,Morning Star | TTSH,2023-12-21,Hammer | TTSH,2024-01-08,Morning Star | TTSH,2024-01-10,Bullish Engulfing | TTSH,2024-01-11,Hammer | TTSH,2024-01-12,Hammer | TTSH,2024-01-19,Three White Soldiers | TTSH,2024-01-26,Hammer | TTSH,2024-02-09,Bullish Engulfing | TTSH,2024-02-23,Morning Star | TTSH,2024-02-27,Hammer | TTSH,2024-02-27,Three White Soldiers | TTSH,2024-03-01,Hammer | TTSH,2024-03-06,Morning Star | TTSH,2024-03-11,Hammer | TTSH,2024-03-19,Three White Soldiers | TTSH,2024-03-20,Three White Soldiers | TTSH,2024-03-21,Three White Soldiers | TTSH,2024-03-22,Hammer | TTSH,2024-03-22,Dragonfly Doji | TTSH,2024-03-28,Morning Star | TTSH,2024-04-03,Bullish Engulfing | TTSH,2024-04-11,Bullish Engulfing | TTSH,2024-04-16,Hammer | TTSH,2024-04-23,Morning Star | TTSH,2024-04-30,Three White Soldiers | TTSH,2024-05-01,Three White Soldiers | TTSH,2024-05-22,Morning Star | TTSH,2024-05-28,Hammer | TTSH,2024-05-31,Morning Star | TTSH,2024-06-04,Hammer | TTSH,2024-06-14,Bullish Engulfing | TTSH,2024-06-18,Hammer | TTSH,2024-06-18,Three White Soldiers | TTSH,2024-06-20,Three White Soldiers | TTSH,2024-07-01,Hammer | TTSH,2024-07-02,Hammer | TTSH,2024-07-10,Morning Star | TTSH,2024-07-11,Three White Soldiers | TTSH,2024-07-29,Bullish Engulfing | TTSH,2024-08-14,Hammer | TTSH,2024-08-29,Hammer | TTSH,2024-08-29,Dragonfly Doji | TTSH,2024-09-05,Hammer | TTSH,2024-09-11,Three White Soldiers | TTSH,2024-09-17,Three White Soldiers | TTSH,2024-09-18,Three White Soldiers | TTSH,2024-09-30,Morning Star | TTSH,2024-10-17,Hammer | TTSH,2024-10-29,Morning Star | TTSH,2024-10-30,Three White Soldiers | TTSH,2024-11-20,Hammer | TTSH,2024-11-21,Morning Star | TTSH,2024-11-29,Hammer | TTSH,2024-12-02,Morning Star | TTSH,2024-12-09,Three White Soldiers | TTSH,2024-12-18,Hammer | TTSH,2024-12-19,Hammer | TTSH,2024-12-31,Hammer | TTSH,2025-01-14,Hammer | TTSH,2025-01-15,Hammer | TTSH,2025-01-22,Hammer | TTSH,2025-01-23,Bullish Engulfing | TTSH,2025-01-27,Three White Soldiers | TTSH,2025-01-28,Dragonfly Doji | TTSH,2025-01-29,Hammer | TTSH,2025-02-07,Three White Soldiers | TTSH,2025-02-11,Piercing Pattern | TTSH,2025-02-14,Three White Soldiers | TTSH,2025-02-25,Morning Star | TTSH,2025-02-28,Piercing Pattern | TTSH,2025-03-07,Bullish Engulfing | TTSH,2025-03-17,Morning Star | TTSH,2025-03-27,Piercing Pattern | TTSH,2025-04-02,Bullish Engulfing | TTSH,2025-04-04,Hammer | TTSH,2025-04-17,Piercing Pattern | TTSH,2025-04-24,Bullish Engulfing | TTSH,2025-04-25,Hammer | TTSH,2025-04-29,Bullish Engulfing | TTSH,2025-05-08,Bullish Engulfing | TTSH,2025-05-08,Morning Star | TTSH,2025-06-12,Hammer | TTSH,2025-06-18,Bullish Engulfing | TTSH,2025-06-23,Bullish Engulfing | TTSH,2025-06-25,Hammer | TTSH,2025-06-26,Bullish Engulfing | TTSH,2025-07-02,Morning Star | TTSH,2025-07-03,Three White Soldiers | TTSH,2025-07-09,Morning Star | TTSH,2025-07-16,Morning Star | TTSH,2025-08-21,Piercing Pattern | TTSH,2025-09-05,Bullish Engulfing | TTSH,2025-09-05,Morning Star | TTSH,2025-09-11,Bullish Engulfing | TTSH,2025-09-22,Bullish Engulfing | TTWO,2023-07-07,Piercing Pattern | TTWO,2023-07-11,Three White Soldiers | TTWO,2023-07-18,Hammer | TTWO,2023-07-18,Three White Soldiers | TTWO,2023-07-25,Bullish Engulfing | TTWO,2023-07-28,Hammer | TTWO,2023-07-31,Morning Star | TTWO,2023-08-08,Hammer | TTWO,2023-08-11,Piercing Pattern | TTWO,2023-08-21,Morning Star | TTWO,2023-08-22,Three White Soldiers | TTWO,2023-08-23,Three White Soldiers | TTWO,2023-08-29,Piercing Pattern | TTWO,2023-09-06,Hammer | TTWO,2023-09-07,Bullish Engulfing | TTWO,2023-09-11,Three White Soldiers | TTWO,2023-09-13,Piercing Pattern | TTWO,2023-09-19,Bullish Engulfing | TTWO,2023-09-25,Morning Star | TTWO,2023-10-06,Three White Soldiers | TTWO,2023-10-09,Three White Soldiers | TTWO,2023-10-10,Three White Soldiers | TTWO,2023-10-23,Bullish Engulfing | TTWO,2023-10-23,Morning Star | TTWO,2023-11-10,Morning Star | TTWO,2023-11-14,Three White Soldiers | TTWO,2023-11-15,Three White Soldiers | TTWO,2023-11-16,Three White Soldiers | TTWO,2023-11-20,Bullish Engulfing | TTWO,2023-11-27,Morning Star | TTWO,2023-12-14,Three White Soldiers | TTWO,2024-01-04,Piercing Pattern | TTWO,2024-01-16,Bullish Engulfing | TTWO,2024-01-29,Dragonfly Doji | TTWO,2024-02-01,Bullish Engulfing | TTWO,2024-03-01,Bullish Engulfing | TTWO,2024-03-19,Three White Soldiers | TTWO,2024-03-20,Three White Soldiers | TTWO,2024-03-21,Three White Soldiers | TTWO,2024-03-28,Bullish Engulfing | TTWO,2024-04-02,Hammer | TTWO,2024-04-25,Three White Soldiers | TTWO,2024-04-26,Three White Soldiers | TTWO,2024-05-02,Hammer | TTWO,2024-05-10,Bullish Engulfing | TTWO,2024-05-15,Morning Star | TTWO,2024-05-20,Piercing Pattern | TTWO,2024-05-29,Three White Soldiers | TTWO,2024-05-30,Three White Soldiers | TTWO,2024-05-31,Three White Soldiers | TTWO,2024-06-03,Three White Soldiers | TTWO,2024-06-04,Three White Soldiers | TTWO,2024-06-05,Three White Soldiers | TTWO,2024-06-12,Piercing Pattern | TTWO,2024-06-14,Bullish Engulfing | TTWO,2024-06-21,Morning Star | TTWO,2024-07-11,Morning Star | TTWO,2024-08-09,Morning Star | TTWO,2024-08-12,Three White Soldiers | TTWO,2024-08-15,Morning Star | TTWO,2024-08-16,Three White Soldiers | TTWO,2024-08-19,Hammer | TTWO,2024-08-19,Three White Soldiers | TTWO,2024-08-20,Three White Soldiers | TTWO,2024-08-21,Three White Soldiers | TTWO,2024-08-30,Morning Star | TTWO,2024-09-09,Hammer | TTWO,2024-09-24,Morning Star | TTWO,2024-09-26,Hammer | TTWO,2024-10-08,Three White Soldiers | TTWO,2024-10-09,Three White Soldiers | TTWO,2024-10-15,Bullish Engulfing | TTWO,2024-10-22,Three White Soldiers | TTWO,2024-10-23,Three White Soldiers | TTWO,2024-10-29,Bullish Engulfing | TTWO,2024-11-01,Bullish Engulfing | TTWO,2024-11-06,Morning Star | TTWO,2024-11-07,Three White Soldiers | TTWO,2024-11-08,Hammer | TTWO,2024-11-13,Three White Soldiers | TTWO,2024-11-21,Hammer | TTWO,2024-12-02,Hammer | TTWO,2024-12-24,Three White Soldiers | TTWO,2024-12-26,Three White Soldiers | TTWO,2025-01-17,Hammer | TTWO,2025-01-27,Three White Soldiers | TTWO,2025-01-30,Three White Soldiers | TTWO,2025-02-18,Bullish Engulfing | TTWO,2025-02-20,Dragonfly Doji | TTWO,2025-02-24,Hammer | TTWO,2025-03-04,Hammer | TTWO,2025-03-04,Dragonfly Doji | TTWO,2025-03-05,Morning Star | TTWO,2025-03-07,Hammer | TTWO,2025-03-10,Hammer | TTWO,2025-03-12,Three White Soldiers | TTWO,2025-03-14,Hammer | TTWO,2025-03-17,Bullish Engulfing | TTWO,2025-03-19,Bullish Engulfing | TTWO,2025-03-21,Three White Soldiers | TTWO,2025-03-31,Dragonfly Doji | TTWO,2025-04-01,Bullish Engulfing | TTWO,2025-04-09,Bullish Engulfing | TTWO,2025-04-15,Bullish Engulfing | TTWO,2025-04-23,Morning Star | TTWO,2025-04-24,Three White Soldiers | TTWO,2025-04-25,Three White Soldiers | TTWO,2025-04-29,Bullish Engulfing | TTWO,2025-05-01,Three White Soldiers | TTWO,2025-05-06,Three White Soldiers | TTWO,2025-05-09,Hammer | TTWO,2025-05-28,Morning Star | TTWO,2025-06-02,Hammer | TTWO,2025-06-02,Morning Star | TTWO,2025-06-03,Three White Soldiers | TTWO,2025-06-06,Hammer | TTWO,2025-06-06,Dragonfly Doji | TTWO,2025-06-09,Bullish Engulfing | TTWO,2025-06-23,Bullish Engulfing | TTWO,2025-07-07,Morning Star | TTWO,2025-08-06,Hammer | TTWO,2025-08-07,Hammer | TTWO,2025-08-12,Morning Star | TTWO,2025-08-13,Three White Soldiers | TTWO,2025-08-27,Bullish Engulfing | TTWO,2025-09-02,Bullish Engulfing | TTWO,2025-09-04,Piercing Pattern | TTWO,2025-09-16,Three White Soldiers | TTWO,2025-09-17,Three White Soldiers | TTWO,2025-09-19,Hammer | TTWO,2025-09-22,Piercing Pattern | TTWO,2025-09-26,Morning Star | TTWO,2025-09-29,Three White Soldiers | TUGN,2023-07-06,Hammer | TUGN,2023-07-10,Dragonfly Doji | TUGN,2023-07-21,Hammer | TUGN,2023-07-24,Bullish Engulfing | TUGN,2023-07-26,Hammer | TUGN,2023-07-31,Morning Star | TUGN,2023-08-08,Hammer | TUGN,2023-08-21,Hammer | TUGN,2023-08-29,Bullish Engulfing | TUGN,2023-08-31,Three White Soldiers | TUGN,2023-09-07,Hammer | TUGN,2023-09-07,Dragonfly Doji | TUGN,2023-09-13,Piercing Pattern | TUGN,2023-09-25,Piercing Pattern | TUGN,2023-10-06,Bullish Engulfing | TUGN,2023-10-10,Three White Soldiers | TUGN,2023-10-11,Hammer | TUGN,2023-10-11,Three White Soldiers | TUGN,2023-10-24,Morning Star | TUGN,2023-10-31,Morning Star | TUGN,2023-11-02,Three White Soldiers | TUGN,2023-11-03,Three White Soldiers | TUGN,2023-11-06,Three White Soldiers | TUGN,2023-11-07,Three White Soldiers | TUGN,2023-11-08,Three White Soldiers | TUGN,2023-11-16,Hammer | TUGN,2023-12-08,Morning Star | TUGN,2023-12-12,Three White Soldiers | TUGN,2023-12-13,Three White Soldiers | TUGN,2023-12-19,Morning Star | TUGN,2023-12-29,Hammer | TUGN,2024-01-02,Hammer | TUGN,2024-01-10,Three White Soldiers | TUGN,2024-01-11,Hammer | TUGN,2024-01-11,Three White Soldiers | TUGN,2024-01-12,Hammer | TUGN,2024-01-16,Bullish Engulfing | TUGN,2024-01-19,Three White Soldiers | TUGN,2024-01-29,Hammer | TUGN,2024-02-05,Hammer | TUGN,2024-02-09,Dragonfly Doji | TUGN,2024-02-15,Hammer | TUGN,2024-02-20,Hammer | TUGN,2024-02-21,Hammer | TUGN,2024-02-22,Morning Star | TUGN,2024-02-27,Hammer | TUGN,2024-03-07,Morning Star | TUGN,2024-03-11,Hammer | TUGN,2024-03-11,Dragonfly Doji | TUGN,2024-03-12,Hammer | TUGN,2024-03-12,Morning Star | TUGN,2024-03-12,Dragonfly Doji | TUGN,2024-03-14,Hammer | TUGN,2024-04-09,Hammer | TUGN,2024-04-10,Hammer | TUGN,2024-04-11,Bullish Engulfing | TUGN,2024-04-23,Morning Star | TUGN,2024-04-29,Three White Soldiers | TUGN,2024-05-02,Hammer | TUGN,2024-05-03,Morning Star | TUGN,2024-05-06,Three White Soldiers | TUGN,2024-05-09,Hammer | TUGN,2024-05-09,Dragonfly Doji | TUGN,2024-05-14,Bullish Engulfing | TUGN,2024-06-04,Bullish Engulfing | TUGN,2024-06-04,Morning Star | TUGN,2024-06-10,Bullish Engulfing | TUGN,2024-06-12,Three White Soldiers | TUGN,2024-06-14,Piercing Pattern | TUGN,2024-06-18,Hammer | TUGN,2024-06-26,Hammer | TUGN,2024-07-03,Three White Soldiers | TUGN,2024-07-05,Three White Soldiers | TUGN,2024-07-09,Hammer | TUGN,2024-07-10,Three White Soldiers | TUGN,2024-07-23,Morning Star | TUGN,2024-08-09,Hammer | TUGN,2024-08-09,Morning Star | TUGN,2024-08-14,Three White Soldiers | TUGN,2024-08-15,Three White Soldiers | TUGN,2024-08-20,Hammer | TUGN,2024-08-27,Piercing Pattern | TUGN,2024-08-30,Hammer | TUGN,2024-09-10,Morning Star | TUGN,2024-09-11,Three White Soldiers | TUGN,2024-09-12,Three White Soldiers | TUGN,2024-09-13,Three White Soldiers | TUGN,2024-09-24,Hammer | TUGN,2024-09-24,Morning Star | TUGN,2024-09-30,Hammer | TUGN,2024-10-01,Hammer | TUGN,2024-10-01,Dragonfly Doji | TUGN,2024-10-04,Hammer | TUGN,2024-10-10,Three White Soldiers | TUGN,2024-10-11,Three White Soldiers | TUGN,2024-10-21,Bullish Engulfing | TUGN,2024-10-21,Morning Star | TUGN,2024-10-24,Hammer | TUGN,2024-10-25,Morning Star | TUGN,2024-10-29,Hammer | TUGN,2024-11-07,Three White Soldiers | TUGN,2024-11-19,Morning Star | TUGN,2024-11-20,Hammer | TUGN,2024-11-25,Three White Soldiers | TUGN,2024-11-26,Three White Soldiers | TUGN,2024-12-03,Three White Soldiers | TUGN,2024-12-04,Three White Soldiers | TUGN,2024-12-20,Piercing Pattern | TUGN,2024-12-24,Three White Soldiers | TUGN,2025-01-21,Bullish Engulfing | TUGN,2025-01-21,Morning Star | TUGN,2025-02-05,Three White Soldiers | TUGN,2025-02-06,Three White Soldiers | TUGN,2025-02-11,Morning Star | TUGN,2025-02-14,Three White Soldiers | TUGN,2025-02-19,Piercing Pattern | TUGN,2025-02-28,Piercing Pattern | TUGN,2025-03-07,Piercing Pattern | TUGN,2025-03-12,Hammer | TUGN,2025-04-02,Three White Soldiers | TUGN,2025-04-09,Bullish Engulfing | TUGN,2025-04-11,Bullish Engulfing | TUGN,2025-05-08,Three White Soldiers | TUGN,2025-05-13,Morning Star | TUGN,2025-05-14,Three White Soldiers | TUGN,2025-05-15,Three White Soldiers | TUGN,2025-05-16,Three White Soldiers | TUGN,2025-05-20,Dragonfly Doji | TUGN,2025-06-02,Morning Star | TUGN,2025-06-03,Three White Soldiers | TUGN,2025-06-04,Three White Soldiers | TUGN,2025-06-30,Three White Soldiers | TUGN,2025-07-16,Hammer | TUGN,2025-07-16,Dragonfly Doji | TUGN,2025-07-17,Morning Star | TUGN,2025-07-24,Morning Star | TUGN,2025-08-08,Three White Soldiers | TUGN,2025-08-20,Hammer | TUGN,2025-08-25,Morning Star | TUGN,2025-08-27,Three White Soldiers | TUGN,2025-09-02,Hammer | TUGN,2025-09-04,Three White Soldiers | TUGN,2025-09-09,Morning Star | TUGN,2025-09-11,Three White Soldiers | TUGN,2025-09-12,Three White Soldiers | TUGN,2025-09-15,Three White Soldiers | TUGN,2025-09-16,Three White Soldiers | TUGN,2025-09-17,Hammer | TUGN,2025-09-26,Hammer | TUGN,2025-09-29,Bullish Engulfing | TUG,2023-07-11,Hammer | TUG,2023-07-14,Three White Soldiers | TUG,2023-07-25,Morning Star | TUG,2023-08-07,Hammer | TUG,2023-08-22,Three White Soldiers | TUG,2023-08-23,Three White Soldiers | TUG,2023-08-30,Three White Soldiers | TUG,2023-09-05,Hammer | TUG,2023-09-06,Hammer | TUG,2023-09-25,Bullish Engulfing | TUG,2023-10-09,Three White Soldiers | TUG,2023-10-24,Hammer | TUG,2023-10-24,Morning Star | TUG,2023-10-24,Dragonfly Doji | TUG,2023-10-31,Morning Star | TUG,2023-11-02,Hammer | TUG,2023-11-08,Morning Star | TUG,2023-11-14,Dragonfly Doji | TUG,2023-11-16,Dragonfly Doji | TUG,2023-11-17,Bullish Engulfing | TUG,2023-12-01,Hammer | TUG,2023-12-08,Morning Star | TUG,2023-12-11,Three White Soldiers | TUG,2023-12-12,Three White Soldiers | TUG,2023-12-13,Three White Soldiers | TUG,2023-12-22,Hammer | TUG,2024-01-19,Three White Soldiers | TUG,2024-02-05,Hammer | TUG,2024-02-05,Dragonfly Doji | TUG,2024-02-22,Morning Star | TUG,2024-02-27,Hammer | TUG,2024-02-29,Bullish Engulfing | TUG,2024-03-07,Morning Star | TUG,2024-03-12,Morning Star | TUG,2024-04-01,Hammer | TUG,2024-04-02,Hammer | TUG,2024-04-09,Bullish Engulfing | TUG,2024-04-24,Dragonfly Doji | TUG,2024-05-02,Hammer | TUG,2024-05-03,Hammer | TUG,2024-05-06,Three White Soldiers | TUG,2024-05-31,Hammer | TUG,2024-06-03,Hammer | TUG,2024-06-10,Morning Star | TUG,2024-06-12,Three White Soldiers | TUG,2024-06-13,Hammer | TUG,2024-06-13,Dragonfly Doji | TUG,2024-06-14,Bullish Engulfing | TUG,2024-07-02,Three White Soldiers | TUG,2024-07-03,Three White Soldiers | TUG,2024-07-05,Three White Soldiers | TUG,2024-07-08,Three White Soldiers | TUG,2024-07-22,Hammer | TUG,2024-07-30,Hammer | TUG,2024-07-31,Morning Star | TUG,2024-08-09,Morning Star | TUG,2024-08-14,Hammer | TUG,2024-09-10,Morning Star | TUG,2024-09-11,Three White Soldiers | TUG,2024-09-12,Three White Soldiers | TUG,2024-09-13,Three White Soldiers | TUG,2024-09-30,Hammer | TUG,2024-10-04,Hammer | TUG,2024-10-11,Bullish Engulfing | TUG,2024-10-16,Piercing Pattern | TUG,2024-10-21,Morning Star | TUG,2024-10-29,Bullish Engulfing | TUG,2024-10-29,Morning Star | TUG,2024-11-06,Morning Star | TUG,2024-11-07,Three White Soldiers | TUG,2024-11-12,Hammer | TUG,2024-11-12,Dragonfly Doji | TUG,2024-11-19,Morning Star | TUG,2024-11-20,Hammer | TUG,2024-11-25,Hammer | TUG,2024-12-02,Morning Star | TUG,2024-12-04,Three White Soldiers | TUG,2024-12-20,Bullish Engulfing | TUG,2024-12-24,Three White Soldiers | TUG,2024-12-26,Three White Soldiers | TUG,2025-01-21,Morning Star | TUG,2025-01-29,Hammer | TUG,2025-01-30,Bullish Engulfing | TUG,2025-02-04,Hammer | TUG,2025-02-14,Three White Soldiers | TUG,2025-02-18,Three White Soldiers | TUG,2025-02-19,Three White Soldiers | TUG,2025-02-20,Hammer | TUG,2025-02-28,Piercing Pattern | TUG,2025-03-07,Hammer | TUG,2025-03-25,Three White Soldiers | TUG,2025-04-21,Hammer | TUG,2025-04-28,Hammer | TUG,2025-04-29,Bullish Engulfing | TUG,2025-05-07,Hammer | TUG,2025-05-08,Three White Soldiers | TUG,2025-05-16,Hammer | TUG,2025-05-30,Hammer | TUG,2025-05-30,Morning Star | TUG,2025-06-04,Three White Soldiers | TUG,2025-06-09,Piercing Pattern | TUG,2025-06-09,Morning Star | TUG,2025-06-16,Hammer | TUG,2025-06-27,Hammer | TUG,2025-06-27,Dragonfly Doji | TUG,2025-06-30,Hammer | TUG,2025-06-30,Three White Soldiers | TUG,2025-07-03,Morning Star | TUG,2025-07-10,Hammer | TUG,2025-07-10,Three White Soldiers | TUG,2025-07-14,Hammer | TUG,2025-07-14,Dragonfly Doji | TUG,2025-07-24,Three White Soldiers | TUG,2025-07-25,Three White Soldiers | TUG,2025-07-28,Hammer | TUG,2025-07-28,Three White Soldiers | TUG,2025-07-30,Hammer | TUG,2025-08-04,Bullish Engulfing | TUG,2025-08-07,Hammer | TUG,2025-08-28,Three White Soldiers | TUG,2025-09-04,Three White Soldiers | TUG,2025-09-10,Hammer | TUG,2025-09-11,Hammer | TUG,2025-09-16,Hammer | TUG,2025-09-19,Hammer | TUG,2025-09-22,Morning Star | TUG,2025-09-25,Hammer | TUG,2025-09-26,Piercing Pattern | TURB,2023-09-29,Bullish Engulfing | TURB,2023-10-05,Bullish Engulfing | TURB,2023-10-16,Morning Star | TURB,2023-10-24,Hammer | TURB,2023-11-03,Bullish Engulfing | TURB,2023-11-17,Morning Star | TURB,2023-11-22,Morning Star | TURB,2023-12-07,Three White Soldiers | TURB,2024-01-08,Morning Star | TURB,2024-01-09,Three White Soldiers | TURB,2024-01-23,Dragonfly Doji | TURB,2024-01-26,Hammer | TURB,2024-01-30,Dragonfly Doji | TURB,2024-02-02,Dragonfly Doji | TURB,2024-02-05,Morning Star | TURB,2024-02-26,Three White Soldiers | TURB,2024-03-08,Hammer | TURB,2024-03-15,Hammer | TURB,2024-05-08,Morning Star | TURB,2024-05-16,Bullish Engulfing | TURB,2024-05-30,Hammer | TURB,2024-05-30,Morning Star | TURB,2024-05-31,Hammer | TURB,2024-06-05,Morning Star | TURB,2024-06-17,Bullish Engulfing | TURB,2024-08-07,Hammer | TURB,2024-08-12,Dragonfly Doji | TURB,2024-08-20,Hammer | TURB,2024-08-27,Bullish Engulfing | TURB,2024-09-05,Dragonfly Doji | TURB,2024-09-13,Piercing Pattern | TURB,2024-09-18,Dragonfly Doji | TURB,2024-09-20,Hammer | TURB,2024-09-23,Hammer | TURB,2024-09-24,Piercing Pattern | TURB,2024-10-04,Dragonfly Doji | TURB,2024-10-09,Hammer | TURB,2024-10-10,Bullish Engulfing | TURB,2024-10-16,Hammer | TURB,2024-10-18,Bullish Engulfing | TURB,2024-10-22,Three White Soldiers | TURB,2024-10-31,Hammer | TURB,2024-12-02,Hammer | TURB,2024-12-11,Hammer | TURB,2024-12-12,Hammer | TURB,2024-12-23,Bullish Engulfing | TURB,2024-12-27,Three White Soldiers | TURB,2025-01-06,Piercing Pattern | TURB,2025-01-08,Three White Soldiers | TURB,2025-01-10,Hammer | TURB,2025-01-10,Three White Soldiers | TURB,2025-01-15,Hammer | TURB,2025-01-16,Dragonfly Doji | TURB,2025-01-17,Hammer | TURB,2025-01-17,Morning Star | TURB,2025-02-13,Hammer | TURB,2025-03-03,Hammer | TURB,2025-03-05,Hammer | TURB,2025-03-13,Hammer | TURB,2025-03-31,Dragonfly Doji | TURB,2025-04-07,Hammer | TURB,2025-04-08,Bullish Engulfing | TURB,2025-04-21,Hammer | TURB,2025-04-21,Dragonfly Doji | TURB,2025-05-01,Dragonfly Doji | TURB,2025-05-05,Hammer | TURB,2025-05-07,Hammer | TURB,2025-05-08,Dragonfly Doji | TURB,2025-05-09,Hammer | TURB,2025-05-16,Morning Star | TURB,2025-05-19,Three White Soldiers | TURB,2025-05-29,Three White Soldiers | TURB,2025-07-01,Hammer | TURB,2025-07-02,Dragonfly Doji | TURB,2025-07-10,Hammer | TURB,2025-07-10,Dragonfly Doji | TURB,2025-08-01,Hammer | TURB,2025-09-10,Hammer | TURF,2025-06-30,Bullish Engulfing | TURF,2025-07-02,Three White Soldiers | TURF,2025-07-11,Bullish Engulfing | TURF,2025-07-16,Dragonfly Doji | TURF,2025-07-22,Morning Star | TURF,2025-08-28,Morning Star | TURF,2025-09-12,Hammer | TURF,2025-09-22,Piercing Pattern | TUR,2023-07-10,Morning Star | TUR,2023-07-13,Morning Star | TUR,2023-07-17,Three White Soldiers | TUR,2023-07-26,Morning Star | TUR,2023-07-28,Three White Soldiers | TUR,2023-07-31,Three White Soldiers | TUR,2023-08-15,Hammer | TUR,2023-08-25,Bullish Engulfing | TUR,2023-08-25,Morning Star | TUR,2023-09-19,Piercing Pattern | TUR,2023-10-03,Morning Star | TUR,2023-10-06,Morning Star | TUR,2023-10-12,Hammer | TUR,2023-10-12,Dragonfly Doji | TUR,2023-11-06,Hammer | TUR,2023-11-20,Three White Soldiers | TUR,2023-11-21,Three White Soldiers | TUR,2023-11-28,Bullish Engulfing | TUR,2023-11-30,Hammer | TUR,2023-12-01,Bullish Engulfing | TUR,2023-12-13,Dragonfly Doji | TUR,2023-12-28,Morning Star | TUR,2024-01-08,Three White Soldiers | TUR,2024-01-11,Three White Soldiers | TUR,2024-01-26,Three White Soldiers | TUR,2024-01-29,Three White Soldiers | TUR,2024-01-30,Hammer | TUR,2024-02-01,Morning Star | TUR,2024-02-09,Morning Star | TUR,2024-02-16,Three White Soldiers | TUR,2024-02-20,Three White Soldiers | TUR,2024-03-12,Hammer | TUR,2024-03-21,Three White Soldiers | TUR,2024-03-28,Morning Star | TUR,2024-04-04,Morning Star | TUR,2024-04-05,Three White Soldiers | TUR,2024-04-08,Three White Soldiers | TUR,2024-04-24,Morning Star | TUR,2024-04-29,Three White Soldiers | TUR,2024-05-02,Hammer | TUR,2024-05-02,Morning Star | TUR,2024-05-06,Hammer | TUR,2024-05-06,Three White Soldiers | TUR,2024-05-08,Hammer | TUR,2024-05-15,Morning Star | TUR,2024-05-16,Morning Star | TUR,2024-05-17,Three White Soldiers | TUR,2024-05-20,Three White Soldiers | TUR,2024-06-05,Piercing Pattern | TUR,2024-06-06,Hammer | TUR,2024-06-13,Hammer | TUR,2024-06-13,Morning Star | TUR,2024-06-20,Three White Soldiers | TUR,2024-06-21,Hammer | TUR,2024-07-05,Three White Soldiers | TUR,2024-07-12,Three White Soldiers | TUR,2024-07-19,Hammer | TUR,2024-07-22,Morning Star | TUR,2024-08-28,Morning Star | TUR,2024-09-11,Hammer | TUR,2024-09-12,Bullish Engulfing | TUR,2024-09-18,Morning Star | TUR,2024-09-19,Three White Soldiers | TUR,2024-10-09,Piercing Pattern | TUR,2024-11-14,Morning Star | TUR,2024-11-26,Piercing Pattern | TUR,2024-12-09,Three White Soldiers | TUR,2024-12-24,Bullish Engulfing | TUR,2024-12-27,Three White Soldiers | TUR,2025-01-03,Morning Star | TUR,2025-01-15,Bullish Engulfing | TUR,2025-01-17,Three White Soldiers | TUR,2025-01-28,Hammer | TUR,2025-01-30,Hammer | TUR,2025-02-07,Three White Soldiers | TUR,2025-02-25,Hammer | TUR,2025-03-05,Morning Star | TUR,2025-03-06,Three White Soldiers | TUR,2025-03-13,Three White Soldiers | TUR,2025-03-14,Three White Soldiers | TUR,2025-03-17,Three White Soldiers | TUR,2025-03-21,Hammer | TUR,2025-03-31,Morning Star | TUR,2025-04-01,Three White Soldiers | TUR,2025-04-07,Piercing Pattern | TUR,2025-04-09,Bullish Engulfing | TUR,2025-04-21,Morning Star | TUR,2025-05-28,Hammer | TUR,2025-05-30,Hammer | TUR,2025-06-03,Morning Star | TUR,2025-06-04,Three White Soldiers | TUR,2025-06-09,Morning Star | TUR,2025-06-10,Three White Soldiers | TUR,2025-06-20,Hammer | TUR,2025-06-23,Bullish Engulfing | TUR,2025-06-30,Hammer | TUR,2025-07-01,Three White Soldiers | TUR,2025-07-02,Three White Soldiers | TUR,2025-07-09,Morning Star | TUR,2025-08-01,Hammer | TUR,2025-08-15,Hammer | TUR,2025-08-18,Bullish Engulfing | TUR,2025-08-20,Three White Soldiers | TUR,2025-08-21,Three White Soldiers | TUR,2025-08-22,Three White Soldiers | TUR,2025-09-15,Morning Star | TUR,2025-09-16,Three White Soldiers | TUSK,2023-07-06,Hammer | TUSK,2023-07-07,Morning Star | TUSK,2023-07-11,Hammer | TUSK,2023-07-11,Three White Soldiers | TUSK,2023-07-11,Dragonfly Doji | TUSK,2023-07-12,Three White Soldiers | TUSK,2023-07-20,Hammer | TUSK,2023-08-01,Bullish Engulfing | TUSK,2023-08-07,Three White Soldiers | TUSK,2023-08-11,Hammer | TUSK,2023-08-18,Piercing Pattern | TUSK,2023-08-22,Hammer | TUSK,2023-08-23,Bullish Engulfing | TUSK,2023-08-23,Morning Star | TUSK,2023-08-29,Morning Star | TUSK,2023-09-01,Morning Star | TUSK,2023-09-12,Morning Star | TUSK,2023-10-05,Hammer | TUSK,2023-10-17,Morning Star | TUSK,2023-10-23,Piercing Pattern | TUSK,2023-10-30,Hammer | TUSK,2023-11-15,Three White Soldiers | TUSK,2023-11-21,Piercing Pattern | TUSK,2023-11-27,Hammer | TUSK,2023-11-27,Bullish Engulfing | TUSK,2023-12-01,Bullish Engulfing | TUSK,2023-12-11,Hammer | TUSK,2023-12-13,Piercing Pattern | TUSK,2023-12-19,Morning Star | TUSK,2023-12-20,Three White Soldiers | TUSK,2023-12-21,Three White Soldiers | TUSK,2024-01-08,Hammer | TUSK,2024-02-06,Morning Star | TUSK,2024-02-07,Hammer | TUSK,2024-02-22,Morning Star | TUSK,2024-03-01,Hammer | TUSK,2024-03-19,Three White Soldiers | TUSK,2024-03-20,Three White Soldiers | TUSK,2024-03-21,Three White Soldiers | TUSK,2024-04-08,Morning Star | TUSK,2024-04-10,Hammer | TUSK,2024-04-16,Bullish Engulfing | TUSK,2024-05-06,Piercing Pattern | TUSK,2024-05-08,Piercing Pattern | TUSK,2024-05-10,Three White Soldiers | TUSK,2024-05-15,Hammer | TUSK,2024-05-15,Dragonfly Doji | TUSK,2024-05-16,Hammer | TUSK,2024-05-16,Three White Soldiers | TUSK,2024-05-22,Hammer | TUSK,2024-06-11,Three White Soldiers | TUSK,2024-07-12,Three White Soldiers | TUSK,2024-07-22,Hammer | TUSK,2024-07-22,Morning Star | TUSK,2024-08-19,Bullish Engulfing | TUSK,2024-08-30,Piercing Pattern | TUSK,2024-09-05,Hammer | TUSK,2024-09-11,Bullish Engulfing | TUSK,2024-09-20,Bullish Engulfing | TUSK,2024-09-26,Piercing Pattern | TUSK,2024-10-01,Bullish Engulfing | TUSK,2024-10-04,Bullish Engulfing | TUSK,2024-10-08,Three White Soldiers | TUSK,2024-10-09,Three White Soldiers | TUSK,2024-10-23,Hammer | TUSK,2024-10-28,Bullish Engulfing | TUSK,2024-10-30,Piercing Pattern | TUSK,2024-12-11,Hammer | TUSK,2024-12-20,Piercing Pattern | TUSK,2024-12-26,Morning Star | TUSK,2024-12-31,Morning Star | TUSK,2025-01-15,Three White Soldiers | TUSK,2025-02-04,Morning Star | TUSK,2025-02-20,Dragonfly Doji | TUSK,2025-03-11,Morning Star | TUSK,2025-03-12,Hammer | TUSK,2025-03-21,Morning Star | TUSK,2025-03-26,Hammer | TUSK,2025-03-27,Morning Star | TUSK,2025-04-02,Morning Star | TUSK,2025-04-04,Piercing Pattern | TUSK,2025-04-15,Morning Star | TUSK,2025-04-24,Hammer | TUSK,2025-04-28,Hammer | TUSK,2025-04-28,Dragonfly Doji | TUSK,2025-04-29,Bullish Engulfing | TUSK,2025-05-29,Three White Soldiers | TUSK,2025-06-06,Morning Star | TUSK,2025-06-09,Three White Soldiers | TUSK,2025-06-10,Three White Soldiers | TUSK,2025-06-18,Three White Soldiers | TUSK,2025-06-23,Bullish Engulfing | TUSK,2025-07-17,Morning Star | TUSK,2025-07-28,Three White Soldiers | TUSK,2025-08-13,Morning Star | TUSK,2025-09-11,Morning Star | TVACU,2025-04-24,Dragonfly Doji | TVACU,2025-04-25,Morning Star | TVACU,2025-05-07,Dragonfly Doji | TVACU,2025-05-12,Dragonfly Doji | TVACU,2025-05-30,Hammer | TVAIU,2025-05-20,Three White Soldiers | TVAIU,2025-06-13,Three White Soldiers | TVAIU,2025-07-25,Dragonfly Doji | TVAI,2025-07-07,Dragonfly Doji | TVAI,2025-07-28,Hammer | TVAI,2025-08-05,Dragonfly Doji | TVAI,2025-08-06,Dragonfly Doji | TVAI,2025-08-07,Dragonfly Doji | TVA,2025-05-30,Dragonfly Doji | TVA,2025-06-02,Morning Star | TVA,2025-06-04,Three White Soldiers | TVA,2025-06-06,Bullish Engulfing | TVA,2025-06-20,Morning Star | TVA,2025-07-14,Hammer | TVRD,2023-07-12,Three White Soldiers | TVRD,2023-07-13,Three White Soldiers | TVRD,2023-07-14,Hammer | TVRD,2023-07-19,Three White Soldiers | TVRD,2023-07-28,Three White Soldiers | TVRD,2023-07-31,Three White Soldiers | TVRD,2023-08-03,Bullish Engulfing | TVRD,2023-08-23,Piercing Pattern | TVRD,2023-09-15,Three White Soldiers | TVRD,2023-09-26,Morning Star | TVRD,2023-09-28,Dragonfly Doji | TVRD,2023-10-09,Hammer | TVRD,2023-10-16,Morning Star | TVRD,2023-10-17,Three White Soldiers | TVRD,2023-11-03,Morning Star | TVRD,2023-11-24,Hammer | TVRD,2023-11-28,Hammer | TVRD,2023-12-01,Bullish Engulfing | TVRD,2023-12-07,Three White Soldiers | TVRD,2023-12-08,Three White Soldiers | TVRD,2023-12-12,Hammer | TVRD,2023-12-13,Hammer | TVRD,2023-12-14,Piercing Pattern | TVRD,2023-12-28,Bullish Engulfing | TVRD,2024-01-02,Piercing Pattern | TVRD,2024-01-19,Morning Star | TVRD,2024-01-25,Hammer | TVRD,2024-01-26,Hammer | TVRD,2024-01-26,Morning Star | TVRD,2024-01-29,Three White Soldiers | TVRD,2024-02-05,Hammer | TVRD,2024-02-09,Morning Star | TVRD,2024-02-14,Piercing Pattern | TVRD,2024-02-16,Three White Soldiers | TVRD,2024-02-20,Three White Soldiers | TVRD,2024-02-21,Three White Soldiers | TVRD,2024-02-22,Three White Soldiers | TVRD,2024-02-23,Three White Soldiers | TVRD,2024-03-01,Bullish Engulfing | TVRD,2024-03-01,Morning Star | TVRD,2024-03-07,Three White Soldiers | TVRD,2024-03-15,Bullish Engulfing | TVRD,2024-03-20,Piercing Pattern | TVRD,2024-04-02,Bullish Engulfing | TVRD,2024-04-08,Hammer | TVRD,2024-04-16,Dragonfly Doji | TVRD,2024-04-22,Bullish Engulfing | TVRD,2024-04-25,Piercing Pattern | TVRD,2024-04-29,Bullish Engulfing | TVRD,2024-05-07,Hammer | TVRD,2024-05-22,Morning Star | TVRD,2024-05-31,Morning Star | TVRD,2024-07-02,Morning Star | TVRD,2024-07-03,Morning Star | TVRD,2024-07-22,Bullish Engulfing | TVRD,2024-07-30,Hammer | TVRD,2024-08-20,Bullish Engulfing | TVRD,2024-08-23,Bullish Engulfing | TVRD,2024-08-26,Hammer | TVRD,2024-08-30,Morning Star | TVRD,2024-09-27,Three White Soldiers | TVRD,2024-09-30,Three White Soldiers | TVRD,2024-10-14,Bullish Engulfing | TVRD,2024-10-17,Three White Soldiers | TVRD,2024-10-22,Three White Soldiers | TVRD,2024-10-30,Bullish Engulfing | TVRD,2024-11-07,Three White Soldiers | TVRD,2024-11-14,Piercing Pattern | TVRD,2024-11-21,Three White Soldiers | TVRD,2024-11-29,Morning Star | TVRD,2024-12-09,Bullish Engulfing | TVRD,2024-12-17,Hammer | TVRD,2024-12-18,Bullish Engulfing | TVRD,2024-12-20,Three White Soldiers | TVRD,2024-12-23,Three White Soldiers | TVRD,2024-12-24,Three White Soldiers | TVRD,2024-12-26,Dragonfly Doji | TVRD,2024-12-31,Bullish Engulfing | TVRD,2024-12-31,Morning Star | TVRD,2025-01-24,Three White Soldiers | TVRD,2025-02-04,Piercing Pattern | TVRD,2025-02-05,Hammer | TVRD,2025-02-10,Bullish Engulfing | TVRD,2025-02-20,Hammer | TVRD,2025-03-07,Three White Soldiers | TVRD,2025-03-19,Hammer | TVRD,2025-03-21,Bullish Engulfing | TVRD,2025-03-26,Bullish Engulfing | TVRD,2025-03-31,Hammer | TVRD,2025-04-14,Three White Soldiers | TVRD,2025-04-28,Three White Soldiers | TVRD,2025-04-29,Three White Soldiers | TVRD,2025-04-30,Three White Soldiers | TVRD,2025-05-01,Three White Soldiers | TVRD,2025-05-02,Three White Soldiers | TVRD,2025-05-05,Three White Soldiers | TVRD,2025-05-21,Three White Soldiers | TVRD,2025-05-22,Three White Soldiers | TVRD,2025-06-06,Morning Star | TVRD,2025-06-23,Hammer | TVRD,2025-07-03,Bullish Engulfing | TVRD,2025-07-08,Piercing Pattern | TVRD,2025-07-10,Three White Soldiers | TVRD,2025-07-11,Three White Soldiers | TVRD,2025-07-14,Three White Soldiers | TVRD,2025-07-21,Three White Soldiers | TVRD,2025-08-01,Morning Star | TVRD,2025-08-11,Morning Star | TVRD,2025-08-18,Bullish Engulfing | TVRD,2025-08-25,Three White Soldiers | TVRD,2025-08-26,Three White Soldiers | TVRD,2025-08-27,Three White Soldiers | TVRD,2025-09-04,Bullish Engulfing | TVRD,2025-09-11,Three White Soldiers | TVRD,2025-09-17,Morning Star | TVRD,2025-09-22,Hammer | TVRD,2025-09-22,Dragonfly Doji | TVTX,2023-07-17,Hammer | TVTX,2023-07-25,Piercing Pattern | TVTX,2023-07-27,Three White Soldiers | TVTX,2023-07-28,Three White Soldiers | TVTX,2023-08-07,Hammer | TVTX,2023-08-10,Bullish Engulfing | TVTX,2023-08-14,Bullish Engulfing | TVTX,2023-08-24,Morning Star | TVTX,2023-08-31,Morning Star | TVTX,2023-09-08,Bullish Engulfing | TVTX,2023-09-26,Three White Soldiers | TVTX,2023-10-13,Hammer | TVTX,2023-10-20,Morning Star | TVTX,2023-11-15,Three White Soldiers | TVTX,2023-11-28,Bullish Engulfing | TVTX,2023-12-01,Piercing Pattern | TVTX,2023-12-06,Morning Star | TVTX,2023-12-07,Three White Soldiers | TVTX,2023-12-12,Three White Soldiers | TVTX,2023-12-13,Three White Soldiers | TVTX,2023-12-21,Hammer | TVTX,2023-12-22,Morning Star | TVTX,2023-12-26,Three White Soldiers | TVTX,2024-01-02,Bullish Engulfing | TVTX,2024-01-08,Bullish Engulfing | TVTX,2024-01-17,Piercing Pattern | TVTX,2024-01-23,Morning Star | TVTX,2024-02-02,Hammer | TVTX,2024-02-09,Morning Star | TVTX,2024-02-12,Three White Soldiers | TVTX,2024-02-15,Morning Star | TVTX,2024-03-13,Bullish Engulfing | TVTX,2024-03-19,Bullish Engulfing | TVTX,2024-03-21,Three White Soldiers | TVTX,2024-04-05,Piercing Pattern | TVTX,2024-04-25,Hammer | TVTX,2024-05-01,Three White Soldiers | TVTX,2024-05-02,Hammer | TVTX,2024-05-02,Three White Soldiers | TVTX,2024-05-14,Morning Star | TVTX,2024-05-21,Morning Star | TVTX,2024-05-30,Three White Soldiers | TVTX,2024-05-31,Three White Soldiers | TVTX,2024-06-03,Three White Soldiers | TVTX,2024-06-05,Bullish Engulfing | TVTX,2024-06-13,Hammer | TVTX,2024-06-25,Three White Soldiers | TVTX,2024-06-26,Three White Soldiers | TVTX,2024-06-27,Three White Soldiers | TVTX,2024-06-28,Hammer | TVTX,2024-07-08,Morning Star | TVTX,2024-07-09,Three White Soldiers | TVTX,2024-07-10,Three White Soldiers | TVTX,2024-07-11,Three White Soldiers | TVTX,2024-07-23,Piercing Pattern | TVTX,2024-08-08,Hammer | TVTX,2024-08-23,Morning Star | TVTX,2024-09-03,Three White Soldiers | TVTX,2024-09-04,Three White Soldiers | TVTX,2024-09-05,Hammer | TVTX,2024-09-12,Piercing Pattern | TVTX,2024-09-16,Three White Soldiers | TVTX,2024-09-17,Three White Soldiers | TVTX,2024-10-15,Hammer | TVTX,2024-10-16,Hammer | TVTX,2024-10-29,Morning Star | TVTX,2024-11-04,Bullish Engulfing | TVTX,2024-11-08,Morning Star | TVTX,2024-11-20,Morning Star | TVTX,2024-12-02,Morning Star | TVTX,2024-12-09,Hammer | TVTX,2024-12-24,Hammer | TVTX,2025-01-07,Morning Star | TVTX,2025-01-13,Piercing Pattern | TVTX,2025-01-16,Morning Star | TVTX,2025-01-28,Morning Star | TVTX,2025-02-05,Three White Soldiers | TVTX,2025-02-06,Three White Soldiers | TVTX,2025-02-13,Bullish Engulfing | TVTX,2025-02-19,Bullish Engulfing | TVTX,2025-03-12,Three White Soldiers | TVTX,2025-03-19,Piercing Pattern | TVTX,2025-04-02,Piercing Pattern | TVTX,2025-04-14,Hammer | TVTX,2025-04-15,Piercing Pattern | TVTX,2025-04-16,Hammer | TVTX,2025-04-17,Bullish Engulfing | TVTX,2025-04-22,Three White Soldiers | TVTX,2025-04-23,Three White Soldiers | TVTX,2025-04-24,Three White Soldiers | TVTX,2025-04-25,Three White Soldiers | TVTX,2025-04-28,Three White Soldiers | TVTX,2025-04-29,Three White Soldiers | TVTX,2025-04-30,Three White Soldiers | TVTX,2025-05-08,Hammer | TVTX,2025-05-20,Morning Star | TVTX,2025-06-03,Hammer | TVTX,2025-06-12,Piercing Pattern | TVTX,2025-06-18,Piercing Pattern | TVTX,2025-06-23,Piercing Pattern | TVTX,2025-07-03,Three White Soldiers | TVTX,2025-07-10,Three White Soldiers | TVTX,2025-07-23,Morning Star | TVTX,2025-08-04,Three White Soldiers | TVTX,2025-08-05,Three White Soldiers | TVTX,2025-08-06,Three White Soldiers | TVTX,2025-08-07,Hammer | TVTX,2025-08-11,Morning Star | TVTX,2025-08-13,Three White Soldiers | TVTX,2025-08-14,Three White Soldiers | TVTX,2025-08-15,Three White Soldiers | TVTX,2025-09-02,Bullish Engulfing | TVTX,2025-09-04,Three White Soldiers | TVTX,2025-09-05,Three White Soldiers | TVTX,2025-09-19,Three White Soldiers | TVTX,2025-09-22,Three White Soldiers | TVTX,2025-09-26,Three White Soldiers | TWFG,2024-07-29,Bullish Engulfing | TWFG,2024-07-31,Three White Soldiers | TWFG,2024-08-01,Hammer | TWFG,2024-08-21,Hammer | TWFG,2024-08-26,Dragonfly Doji | TWFG,2024-08-27,Bullish Engulfing | TWFG,2024-08-28,Hammer | TWFG,2024-08-30,Three White Soldiers | TWFG,2024-09-03,Three White Soldiers | TWFG,2024-09-04,Three White Soldiers | TWFG,2024-09-05,Three White Soldiers | TWFG,2024-09-11,Bullish Engulfing | TWFG,2024-09-20,Piercing Pattern | TWFG,2024-09-26,Morning Star | TWFG,2024-10-02,Bullish Engulfing | TWFG,2024-10-04,Hammer | TWFG,2024-10-08,Bullish Engulfing | TWFG,2024-10-10,Three White Soldiers | TWFG,2024-10-24,Morning Star | TWFG,2024-11-05,Bullish Engulfing | TWFG,2024-11-18,Bullish Engulfing | TWFG,2024-11-18,Morning Star | TWFG,2024-11-20,Three White Soldiers | TWFG,2024-11-21,Three White Soldiers | TWFG,2024-11-22,Three White Soldiers | TWFG,2024-11-27,Morning Star | TWFG,2024-12-04,Bullish Engulfing | TWFG,2024-12-13,Morning Star | TWFG,2024-12-26,Bullish Engulfing | TWFG,2024-12-30,Hammer | TWFG,2024-12-30,Piercing Pattern | TWFG,2025-01-10,Bullish Engulfing | TWFG,2025-02-03,Bullish Engulfing | TWFG,2025-02-27,Hammer | TWFG,2025-02-28,Hammer | TWFG,2025-03-12,Hammer | TWFG,2025-03-17,Morning Star | TWFG,2025-03-19,Three White Soldiers | TWFG,2025-03-27,Morning Star | TWFG,2025-04-02,Bullish Engulfing | TWFG,2025-04-09,Bullish Engulfing | TWFG,2025-04-15,Three White Soldiers | TWFG,2025-05-05,Three White Soldiers | TWFG,2025-05-06,Three White Soldiers | TWFG,2025-05-12,Morning Star | TWFG,2025-05-15,Morning Star | TWFG,2025-06-02,Morning Star | TWFG,2025-06-06,Morning Star | TWFG,2025-06-09,Hammer | TWFG,2025-06-16,Hammer | TWFG,2025-06-18,Bullish Engulfing | TWFG,2025-06-23,Three White Soldiers | TWFG,2025-06-27,Morning Star | TWFG,2025-07-03,Bullish Engulfing | TWFG,2025-07-23,Hammer | TWFG,2025-07-31,Morning Star | TWFG,2025-08-13,Bullish Engulfing | TWFG,2025-08-19,Bullish Engulfing | TWFG,2025-08-22,Morning Star | TWFG,2025-08-27,Piercing Pattern | TWFG,2025-09-08,Piercing Pattern | TWFG,2025-09-11,Bullish Engulfing | TWFG,2025-09-18,Three White Soldiers | TWFG,2025-09-22,Bullish Engulfing | TWFG,2025-09-25,Bullish Engulfing | TWG,2024-05-02,Morning Star | TWG,2024-05-08,Hammer | TWG,2024-05-13,Hammer | TWG,2024-05-16,Bullish Engulfing | TWG,2024-06-05,Hammer | TWG,2024-06-12,Hammer | TWG,2024-06-13,Bullish Engulfing | TWG,2024-06-27,Hammer | TWG,2024-07-08,Hammer | TWG,2024-07-09,Piercing Pattern | TWG,2024-07-09,Morning Star | TWG,2024-07-11,Hammer | TWG,2024-07-11,Dragonfly Doji | TWG,2024-07-18,Morning Star | TWG,2024-07-22,Bullish Engulfing | TWG,2024-07-24,Piercing Pattern | TWG,2024-07-29,Hammer | TWG,2024-07-29,Dragonfly Doji | TWG,2024-07-30,Hammer | TWG,2024-08-01,Morning Star | TWG,2024-08-05,Hammer | TWG,2024-08-06,Morning Star | TWG,2024-08-07,Hammer | TWG,2024-08-15,Hammer | TWG,2024-08-20,Hammer | TWG,2024-08-20,Dragonfly Doji | TWG,2024-08-29,Hammer | TWG,2024-09-04,Morning Star | TWG,2024-09-13,Morning Star | TWG,2024-09-16,Three White Soldiers | TWG,2024-09-17,Hammer | TWG,2024-09-23,Three White Soldiers | TWG,2024-09-26,Morning Star | TWG,2024-10-07,Morning Star | TWG,2024-10-16,Bullish Engulfing | TWG,2024-10-16,Morning Star | TWG,2024-10-21,Bullish Engulfing | TWG,2024-10-24,Bullish Engulfing | TWG,2024-11-13,Hammer | TWG,2024-11-18,Bullish Engulfing | TWG,2024-11-22,Bullish Engulfing | TWG,2024-12-23,Piercing Pattern | TWG,2024-12-24,Hammer | TWG,2024-12-26,Three White Soldiers | TWG,2025-01-03,Hammer | TWG,2025-01-15,Bullish Engulfing | TWG,2025-02-06,Piercing Pattern | TWG,2025-02-10,Hammer | TWG,2025-02-24,Hammer | TWG,2025-02-26,Hammer | TWG,2025-03-07,Morning Star | TWG,2025-03-12,Hammer | TWG,2025-03-27,Bullish Engulfing | TWG,2025-04-15,Bullish Engulfing | TWG,2025-04-15,Morning Star | TWG,2025-05-22,Hammer | TWG,2025-06-02,Bullish Engulfing | TWG,2025-06-10,Bullish Engulfing | TWG,2025-06-10,Morning Star | TWG,2025-06-12,Three White Soldiers | TWG,2025-07-02,Hammer | TWG,2025-07-09,Morning Star | TWG,2025-07-10,Hammer | TWG,2025-07-15,Bullish Engulfing | TWG,2025-07-22,Hammer | TWG,2025-07-28,Hammer | TWG,2025-07-30,Bullish Engulfing | TWG,2025-08-11,Hammer | TWG,2025-08-12,Piercing Pattern | TWG,2025-08-28,Bullish Engulfing | TWG,2025-09-03,Bullish Engulfing | TWG,2025-09-08,Hammer | TWG,2025-09-08,Dragonfly Doji | TWG,2025-09-09,Hammer | TWG,2025-09-09,Dragonfly Doji | TWG,2025-09-15,Bullish Engulfing | TWG,2025-09-26,Bullish Engulfing | TWIN,2023-07-19,Hammer | TWIN,2023-07-19,Morning Star | TWIN,2023-07-24,Hammer | TWIN,2023-07-25,Bullish Engulfing | TWIN,2023-08-01,Three White Soldiers | TWIN,2023-08-04,Piercing Pattern | TWIN,2023-08-07,Hammer | TWIN,2023-08-09,Morning Star | TWIN,2023-08-10,Hammer | TWIN,2023-08-17,Bullish Engulfing | TWIN,2023-08-23,Three White Soldiers | TWIN,2023-08-28,Hammer | TWIN,2023-09-06,Hammer | TWIN,2023-09-18,Dragonfly Doji | TWIN,2023-09-25,Bullish Engulfing | TWIN,2023-09-25,Morning Star | TWIN,2023-09-26,Hammer | TWIN,2023-10-12,Piercing Pattern | TWIN,2023-10-16,Hammer | TWIN,2023-10-17,Morning Star | TWIN,2023-10-20,Morning Star | TWIN,2023-10-26,Piercing Pattern | TWIN,2023-10-30,Three White Soldiers | TWIN,2023-11-08,Three White Soldiers | TWIN,2023-11-09,Three White Soldiers | TWIN,2023-11-10,Hammer | TWIN,2023-11-10,Three White Soldiers | TWIN,2023-11-13,Hammer | TWIN,2023-11-13,Three White Soldiers | TWIN,2023-11-14,Three White Soldiers | TWIN,2023-11-15,Three White Soldiers | TWIN,2023-11-20,Morning Star | TWIN,2023-11-21,Hammer | TWIN,2023-11-21,Dragonfly Doji | TWIN,2023-11-22,Three White Soldiers | TWIN,2023-11-24,Three White Soldiers | TWIN,2023-12-01,Hammer | TWIN,2023-12-01,Dragonfly Doji | TWIN,2023-12-08,Three White Soldiers | TWIN,2023-12-19,Bullish Engulfing | TWIN,2023-12-21,Hammer | TWIN,2023-12-26,Hammer | TWIN,2023-12-29,Hammer | TWIN,2024-01-04,Bullish Engulfing | TWIN,2024-01-08,Piercing Pattern | TWIN,2024-01-12,Morning Star | TWIN,2024-01-26,Hammer | TWIN,2024-01-26,Morning Star | TWIN,2024-02-09,Morning Star | TWIN,2024-02-26,Three White Soldiers | TWIN,2024-02-27,Three White Soldiers | TWIN,2024-02-28,Hammer | TWIN,2024-02-28,Three White Soldiers | TWIN,2024-02-29,Hammer | TWIN,2024-03-05,Hammer | TWIN,2024-03-06,Hammer | TWIN,2024-03-07,Bullish Engulfing | TWIN,2024-03-11,Three White Soldiers | TWIN,2024-03-15,Hammer | TWIN,2024-03-25,Three White Soldiers | TWIN,2024-03-27,Bullish Engulfing | TWIN,2024-04-23,Piercing Pattern | TWIN,2024-05-03,Morning Star | TWIN,2024-05-10,Bullish Engulfing | TWIN,2024-05-15,Hammer | TWIN,2024-05-15,Dragonfly Doji | TWIN,2024-05-20,Bullish Engulfing | TWIN,2024-05-24,Bullish Engulfing | TWIN,2024-05-29,Piercing Pattern | TWIN,2024-05-31,Piercing Pattern | TWIN,2024-06-17,Piercing Pattern | TWIN,2024-07-08,Bullish Engulfing | TWIN,2024-07-11,Morning Star | TWIN,2024-07-12,Three White Soldiers | TWIN,2024-07-15,Three White Soldiers | TWIN,2024-07-16,Three White Soldiers | TWIN,2024-07-23,Bullish Engulfing | TWIN,2024-07-31,Piercing Pattern | TWIN,2024-08-13,Bullish Engulfing | TWIN,2024-08-15,Hammer | TWIN,2024-08-26,Hammer | TWIN,2024-08-30,Hammer | TWIN,2024-09-10,Morning Star | TWIN,2024-10-02,Bullish Engulfing | TWIN,2024-10-11,Bullish Engulfing | TWIN,2024-10-17,Hammer | TWIN,2024-10-29,Hammer | TWIN,2024-10-29,Morning Star | TWIN,2024-10-31,Hammer | TWIN,2024-11-04,Dragonfly Doji | TWIN,2024-11-07,Bullish Engulfing | TWIN,2024-11-11,Hammer | TWIN,2024-11-21,Piercing Pattern | TWIN,2024-11-25,Three White Soldiers | TWIN,2024-11-26,Three White Soldiers | TWIN,2024-11-27,Three White Soldiers | TWIN,2024-12-03,Piercing Pattern | TWIN,2024-12-20,Bullish Engulfing | TWIN,2024-12-20,Morning Star | TWIN,2024-12-26,Bullish Engulfing | TWIN,2024-12-26,Morning Star | TWIN,2024-12-30,Piercing Pattern | TWIN,2025-01-13,Bullish Engulfing | TWIN,2025-01-14,Hammer | TWIN,2025-01-15,Hammer | TWIN,2025-01-17,Hammer | TWIN,2025-01-21,Morning Star | TWIN,2025-01-24,Hammer | TWIN,2025-02-28,Bullish Engulfing | TWIN,2025-03-21,Hammer | TWIN,2025-03-21,Bullish Engulfing | TWIN,2025-03-28,Hammer | TWIN,2025-04-01,Bullish Engulfing | TWIN,2025-04-09,Bullish Engulfing | TWIN,2025-04-23,Morning Star | TWIN,2025-04-24,Three White Soldiers | TWIN,2025-04-29,Bullish Engulfing | TWIN,2025-05-07,Morning Star | TWIN,2025-05-13,Morning Star | TWIN,2025-05-20,Bullish Engulfing | TWIN,2025-06-10,Three White Soldiers | TWIN,2025-06-11,Three White Soldiers | TWIN,2025-06-12,Hammer | TWIN,2025-06-17,Piercing Pattern | TWIN,2025-06-20,Three White Soldiers | TWIN,2025-06-25,Hammer | TWIN,2025-06-27,Bullish Engulfing | TWIN,2025-07-01,Bullish Engulfing | TWIN,2025-07-03,Hammer | TWIN,2025-07-22,Bullish Engulfing | TWIN,2025-07-23,Hammer | TWIN,2025-08-01,Bullish Engulfing | TWIN,2025-08-01,Morning Star | TWIN,2025-08-05,Three White Soldiers | TWIN,2025-08-06,Three White Soldiers | TWIN,2025-08-26,Hammer | TWIN,2025-08-29,Hammer | TWIN,2025-09-04,Hammer | TWIN,2025-09-08,Morning Star | TWIN,2025-09-09,Hammer | TWIN,2025-09-15,Hammer | TWIN,2025-09-22,Bullish Engulfing | TWNP,2025-02-11,Bullish Engulfing | TWNP,2025-02-11,Morning Star | TWNP,2025-02-28,Hammer | TWNP,2025-03-24,Dragonfly Doji | TWNP,2025-04-01,Morning Star | TWNP,2025-04-02,Hammer | TWNP,2025-04-16,Dragonfly Doji | TWNP,2025-04-24,Hammer | TWNP,2025-04-25,Dragonfly Doji | TWNP,2025-04-28,Hammer | TWNP,2025-05-02,Hammer | TWNP,2025-05-09,Morning Star | TWNP,2025-05-13,Hammer | TWNP,2025-05-13,Three White Soldiers | TWNP,2025-06-20,Bullish Engulfing | TWNP,2025-06-24,Piercing Pattern | TWNP,2025-07-17,Bullish Engulfing | TWNP,2025-07-17,Morning Star | TWNP,2025-07-22,Bullish Engulfing | TWNP,2025-08-06,Morning Star | TWNP,2025-08-14,Morning Star | TWNP,2025-09-02,Three White Soldiers | TWNP,2025-09-03,Three White Soldiers | TWST,2023-07-19,Three White Soldiers | TWST,2023-07-31,Hammer | TWST,2023-08-07,Bullish Engulfing | TWST,2023-08-07,Morning Star | TWST,2023-08-18,Bullish Engulfing | TWST,2023-08-23,Bullish Engulfing | TWST,2023-08-30,Three White Soldiers | TWST,2023-08-31,Three White Soldiers | TWST,2023-09-01,Three White Soldiers | TWST,2023-09-12,Morning Star | TWST,2023-09-13,Three White Soldiers | TWST,2023-09-25,Three White Soldiers | TWST,2023-10-04,Hammer | TWST,2023-10-09,Bullish Engulfing | TWST,2023-10-30,Hammer | TWST,2023-10-31,Morning Star | TWST,2023-11-01,Hammer | TWST,2023-11-07,Piercing Pattern | TWST,2023-11-10,Hammer | TWST,2023-11-13,Morning Star | TWST,2023-11-15,Three White Soldiers | TWST,2023-11-24,Morning Star | TWST,2023-12-01,Piercing Pattern | TWST,2023-12-12,Three White Soldiers | TWST,2023-12-13,Three White Soldiers | TWST,2023-12-14,Three White Soldiers | TWST,2023-12-15,Hammer | TWST,2024-01-04,Bullish Engulfing | TWST,2024-01-08,Three White Soldiers | TWST,2024-01-09,Three White Soldiers | TWST,2024-01-10,Hammer | TWST,2024-01-29,Morning Star | TWST,2024-02-12,Three White Soldiers | TWST,2024-03-04,Hammer | TWST,2024-03-27,Hammer | TWST,2024-04-01,Hammer | TWST,2024-04-03,Bullish Engulfing | TWST,2024-04-09,Three White Soldiers | TWST,2024-04-16,Hammer | TWST,2024-04-29,Three White Soldiers | TWST,2024-05-01,Bullish Engulfing | TWST,2024-05-02,Hammer | TWST,2024-05-17,Hammer | TWST,2024-05-30,Hammer | TWST,2024-05-31,Hammer | TWST,2024-06-04,Three White Soldiers | TWST,2024-06-05,Three White Soldiers | TWST,2024-06-06,Hammer | TWST,2024-06-06,Three White Soldiers | TWST,2024-06-10,Hammer | TWST,2024-06-11,Morning Star | TWST,2024-06-18,Bullish Engulfing | TWST,2024-07-05,Morning Star | TWST,2024-07-16,Three White Soldiers | TWST,2024-07-19,Hammer | TWST,2024-07-22,Morning Star | TWST,2024-07-23,Three White Soldiers | TWST,2024-07-25,Piercing Pattern | TWST,2024-07-29,Hammer | TWST,2024-08-21,Piercing Pattern | TWST,2024-08-27,Bullish Engulfing | TWST,2024-09-10,Morning Star | TWST,2024-09-11,Three White Soldiers | TWST,2024-09-12,Three White Soldiers | TWST,2024-09-13,Three White Soldiers | TWST,2024-09-16,Hammer | TWST,2024-10-14,Three White Soldiers | TWST,2024-10-18,Morning Star | TWST,2024-10-28,Morning Star | TWST,2024-10-29,Three White Soldiers | TWST,2024-11-04,Morning Star | TWST,2024-11-05,Three White Soldiers | TWST,2024-11-11,Morning Star | TWST,2024-11-19,Hammer | TWST,2024-11-21,Morning Star | TWST,2024-11-22,Three White Soldiers | TWST,2024-11-25,Three White Soldiers | TWST,2024-12-02,Three White Soldiers | TWST,2024-12-03,Three White Soldiers | TWST,2024-12-04,Three White Soldiers | TWST,2024-12-13,Hammer | TWST,2024-12-16,Bullish Engulfing | TWST,2024-12-16,Morning Star | TWST,2024-12-20,Bullish Engulfing | TWST,2024-12-20,Morning Star | TWST,2024-12-24,Three White Soldiers | TWST,2024-12-26,Three White Soldiers | TWST,2024-12-27,Hammer | TWST,2025-01-16,Morning Star | TWST,2025-01-17,Three White Soldiers | TWST,2025-01-21,Three White Soldiers | TWST,2025-01-22,Three White Soldiers | TWST,2025-01-23,Three White Soldiers | TWST,2025-01-24,Three White Soldiers | TWST,2025-02-13,Morning Star | TWST,2025-02-14,Three White Soldiers | TWST,2025-03-04,Bullish Engulfing | TWST,2025-03-07,Hammer | TWST,2025-03-11,Bullish Engulfing | TWST,2025-03-17,Bullish Engulfing | TWST,2025-03-24,Three White Soldiers | TWST,2025-04-09,Bullish Engulfing | TWST,2025-04-29,Hammer | TWST,2025-05-07,Hammer | TWST,2025-05-15,Hammer | TWST,2025-05-23,Piercing Pattern | TWST,2025-05-27,Hammer | TWST,2025-05-29,Hammer | TWST,2025-05-30,Morning Star | TWST,2025-06-02,Three White Soldiers | TWST,2025-06-06,Morning Star | TWST,2025-06-10,Three White Soldiers | TWST,2025-06-11,Three White Soldiers | TWST,2025-06-18,Bullish Engulfing | TWST,2025-07-01,Morning Star | TWST,2025-07-03,Three White Soldiers | TWST,2025-07-09,Morning Star | TWST,2025-07-25,Hammer | TWST,2025-08-04,Dragonfly Doji | TWST,2025-08-11,Morning Star | TWST,2025-08-22,Morning Star | TWST,2025-08-29,Piercing Pattern | TWST,2025-09-04,Hammer | TWST,2025-09-08,Hammer | TWST,2025-09-08,Morning Star | TWST,2025-09-15,Hammer | TW,2023-07-10,Bullish Engulfing | TW,2023-07-12,Three White Soldiers | TW,2023-07-13,Three White Soldiers | TW,2023-07-14,Three White Soldiers | TW,2023-07-17,Three White Soldiers | TW,2023-07-18,Three White Soldiers | TW,2023-07-19,Three White Soldiers | TW,2023-07-20,Three White Soldiers | TW,2023-07-21,Hammer | TW,2023-07-21,Three White Soldiers | TW,2023-07-24,Three White Soldiers | TW,2023-07-25,Hammer | TW,2023-07-27,Morning Star | TW,2023-07-28,Three White Soldiers | TW,2023-08-03,Bullish Engulfing | TW,2023-08-03,Morning Star | TW,2023-08-07,Three White Soldiers | TW,2023-08-11,Morning Star | TW,2023-08-16,Bullish Engulfing | TW,2023-08-17,Hammer | TW,2023-08-18,Bullish Engulfing | TW,2023-08-22,Three White Soldiers | TW,2023-08-23,Three White Soldiers | TW,2023-08-24,Three White Soldiers | TW,2023-08-29,Morning Star | TW,2023-08-30,Three White Soldiers | TW,2023-09-11,Three White Soldiers | TW,2023-09-18,Piercing Pattern | TW,2023-10-02,Dragonfly Doji | TW,2023-10-05,Hammer | TW,2023-10-06,Three White Soldiers | TW,2023-10-17,Bullish Engulfing | TW,2023-10-17,Morning Star | TW,2023-11-01,Hammer | TW,2023-11-17,Bullish Engulfing | TW,2023-11-17,Morning Star | TW,2023-11-22,Three White Soldiers | TW,2023-11-27,Bullish Engulfing | TW,2023-11-29,Piercing Pattern | TW,2023-12-11,Bullish Engulfing | TW,2023-12-19,Three White Soldiers | TW,2024-01-04,Morning Star | TW,2024-01-11,Morning Star | TW,2024-01-23,Hammer | TW,2024-01-25,Hammer | TW,2024-02-02,Morning Star | TW,2024-02-05,Three White Soldiers | TW,2024-02-08,Three White Soldiers | TW,2024-02-09,Three White Soldiers | TW,2024-02-13,Piercing Pattern | TW,2024-02-26,Three White Soldiers | TW,2024-02-27,Hammer | TW,2024-02-28,Bullish Engulfing | TW,2024-03-01,Hammer | TW,2024-03-06,Hammer | TW,2024-03-12,Morning Star | TW,2024-03-13,Three White Soldiers | TW,2024-03-14,Three White Soldiers | TW,2024-04-17,Hammer | TW,2024-04-22,Morning Star | TW,2024-04-30,Hammer | TW,2024-05-01,Bullish Engulfing | TW,2024-05-02,Hammer | TW,2024-05-03,Hammer | TW,2024-05-08,Three White Soldiers | TW,2024-05-09,Three White Soldiers | TW,2024-05-14,Bullish Engulfing | TW,2024-05-17,Hammer | TW,2024-05-24,Morning Star | TW,2024-06-05,Hammer | TW,2024-06-14,Bullish Engulfing | TW,2024-06-26,Bullish Engulfing | TW,2024-06-26,Morning Star | TW,2024-07-03,Morning Star | TW,2024-07-17,Three White Soldiers | TW,2024-07-18,Three White Soldiers | TW,2024-07-19,Hammer | TW,2024-07-19,Three White Soldiers | TW,2024-07-29,Three White Soldiers | TW,2024-07-30,Three White Soldiers | TW,2024-07-31,Three White Soldiers | TW,2024-08-02,Hammer | TW,2024-08-14,Morning Star | TW,2024-08-19,Morning Star | TW,2024-08-30,Morning Star | TW,2024-09-03,Hammer | TW,2024-09-05,Hammer | TW,2024-09-11,Three White Soldiers | TW,2024-09-11,Dragonfly Doji | TW,2024-09-12,Three White Soldiers | TW,2024-09-13,Three White Soldiers | TW,2024-09-16,Three White Soldiers | TW,2024-09-19,Morning Star | TW,2024-09-20,Hammer | TW,2024-09-30,Morning Star | TW,2024-10-01,Three White Soldiers | TW,2024-10-02,Three White Soldiers | TW,2024-10-11,Bullish Engulfing | TW,2024-10-21,Bullish Engulfing | TW,2024-10-21,Morning Star | TW,2024-10-24,Bullish Engulfing | TW,2024-11-04,Piercing Pattern | TW,2024-11-08,Morning Star | TW,2024-11-15,Morning Star | TW,2024-11-18,Three White Soldiers | TW,2024-11-19,Three White Soldiers | TW,2024-11-22,Bullish Engulfing | TW,2024-11-22,Morning Star | TW,2024-12-05,Morning Star | TW,2024-12-11,Morning Star | TW,2024-12-12,Three White Soldiers | TW,2024-12-16,Bullish Engulfing | TW,2024-12-20,Morning Star | TW,2024-12-23,Three White Soldiers | TW,2024-12-24,Three White Soldiers | TW,2024-12-26,Three White Soldiers | TW,2024-12-27,Hammer | TW,2025-01-03,Morning Star | TW,2025-01-08,Morning Star | TW,2025-01-16,Hammer | TW,2025-01-23,Morning Star | TW,2025-02-03,Piercing Pattern | TW,2025-02-12,Bullish Engulfing | TW,2025-02-18,Hammer | TW,2025-02-21,Three White Soldiers | TW,2025-03-14,Morning Star | TW,2025-03-17,Three White Soldiers | TW,2025-03-19,Bullish Engulfing | TW,2025-03-25,Three White Soldiers | TW,2025-03-27,Bullish Engulfing | TW,2025-04-02,Piercing Pattern | TW,2025-04-09,Hammer | TW,2025-04-11,Bullish Engulfing | TW,2025-04-14,Hammer | TW,2025-04-15,Three White Soldiers | TW,2025-04-16,Three White Soldiers | TW,2025-04-28,Three White Soldiers | TW,2025-05-05,Three White Soldiers | TW,2025-05-08,Three White Soldiers | TW,2025-05-09,Three White Soldiers | TW,2025-05-15,Bullish Engulfing | TW,2025-05-19,Three White Soldiers | TW,2025-05-20,Three White Soldiers | TW,2025-05-23,Bullish Engulfing | TW,2025-06-05,Hammer | TW,2025-06-12,Morning Star | TW,2025-06-25,Three White Soldiers | TW,2025-07-03,Hammer | TW,2025-07-07,Bullish Engulfing | TW,2025-07-24,Three White Soldiers | TW,2025-07-25,Three White Soldiers | TW,2025-08-05,Hammer | TW,2025-08-20,Morning Star | TW,2025-09-02,Bullish Engulfing | TW,2025-09-19,Hammer | TW,2025-09-29,Morning Star | TXG,2023-07-10,Three White Soldiers | TXG,2023-07-11,Hammer | TXG,2023-07-11,Three White Soldiers | TXG,2023-07-17,Morning Star | TXG,2023-07-25,Bullish Engulfing | TXG,2023-07-26,Hammer | TXG,2023-08-22,Hammer | TXG,2023-08-25,Piercing Pattern | TXG,2023-08-29,Bullish Engulfing | TXG,2023-08-31,Three White Soldiers | TXG,2023-09-01,Three White Soldiers | TXG,2023-09-12,Morning Star | TXG,2023-09-15,Hammer | TXG,2023-09-28,Morning Star | TXG,2023-10-04,Hammer | TXG,2023-10-10,Three White Soldiers | TXG,2023-10-23,Bullish Engulfing | TXG,2023-11-13,Bullish Engulfing | TXG,2023-11-15,Three White Soldiers | TXG,2023-11-28,Hammer | TXG,2023-11-30,Three White Soldiers | TXG,2023-12-07,Morning Star | TXG,2023-12-28,Morning Star | TXG,2024-01-08,Three White Soldiers | TXG,2024-01-18,Hammer | TXG,2024-01-26,Morning Star | TXG,2024-02-07,Three White Soldiers | TXG,2024-02-08,Three White Soldiers | TXG,2024-02-09,Three White Soldiers | TXG,2024-02-16,Bullish Engulfing | TXG,2024-02-26,Bullish Engulfing | TXG,2024-03-19,Bullish Engulfing | TXG,2024-03-27,Dragonfly Doji | TXG,2024-03-28,Morning Star | TXG,2024-04-02,Hammer | TXG,2024-04-03,Bullish Engulfing | TXG,2024-05-28,Hammer | TXG,2024-06-10,Bullish Engulfing | TXG,2024-06-20,Bullish Engulfing | TXG,2024-06-27,Bullish Engulfing | TXG,2024-07-09,Hammer | TXG,2024-07-22,Morning Star | TXG,2024-07-23,Three White Soldiers | TXG,2024-07-26,Three White Soldiers | TXG,2024-07-31,Morning Star | TXG,2024-08-02,Hammer | TXG,2024-08-21,Three White Soldiers | TXG,2024-09-10,Hammer | TXG,2024-09-11,Bullish Engulfing | TXG,2024-09-18,Morning Star | TXG,2024-10-07,Dragonfly Doji | TXG,2024-10-09,Three White Soldiers | TXG,2024-10-14,Three White Soldiers | TXG,2024-10-21,Morning Star | TXG,2024-10-24,Morning Star | TXG,2024-11-04,Morning Star | TXG,2024-11-05,Three White Soldiers | TXG,2024-11-19,Bullish Engulfing | TXG,2024-11-22,Bullish Engulfing | TXG,2024-11-22,Morning Star | TXG,2024-11-26,Dragonfly Doji | TXG,2024-12-02,Three White Soldiers | TXG,2024-12-09,Morning Star | TXG,2024-12-19,Hammer | TXG,2024-12-20,Bullish Engulfing | TXG,2025-01-08,Piercing Pattern | TXG,2025-01-16,Hammer | TXG,2025-01-28,Hammer | TXG,2025-02-12,Bullish Engulfing | TXG,2025-02-24,Piercing Pattern | TXG,2025-03-04,Piercing Pattern | TXG,2025-03-17,Morning Star | TXG,2025-03-21,Bullish Engulfing | TXG,2025-04-02,Morning Star | TXG,2025-04-07,Piercing Pattern | TXG,2025-04-09,Bullish Engulfing | TXG,2025-04-21,Piercing Pattern | TXG,2025-04-24,Hammer | TXG,2025-04-24,Dragonfly Doji | TXG,2025-04-25,Hammer | TXG,2025-04-25,Morning Star | TXG,2025-05-05,Morning Star | TXG,2025-05-07,Hammer | TXG,2025-05-13,Morning Star | TXG,2025-05-20,Piercing Pattern | TXG,2025-05-29,Three White Soldiers | TXG,2025-05-30,Three White Soldiers | TXG,2025-06-04,Piercing Pattern | TXG,2025-06-09,Morning Star | TXG,2025-06-10,Three White Soldiers | TXG,2025-06-27,Hammer | TXG,2025-07-01,Bullish Engulfing | TXG,2025-07-17,Morning Star | TXG,2025-07-24,Three White Soldiers | TXG,2025-07-25,Three White Soldiers | TXG,2025-07-28,Three White Soldiers | TXG,2025-08-04,Morning Star | TXG,2025-09-04,Bullish Engulfing | TXG,2025-09-04,Morning Star | TXG,2025-09-08,Hammer | TXG,2025-09-11,Piercing Pattern | TXMD,2023-07-19,Bullish Engulfing | TXMD,2023-07-21,Three White Soldiers | TXMD,2023-08-01,Morning Star | TXMD,2023-08-02,Three White Soldiers | TXMD,2023-08-03,Three White Soldiers | TXMD,2023-08-04,Three White Soldiers | TXMD,2023-08-15,Dragonfly Doji | TXMD,2023-08-16,Hammer | TXMD,2023-08-21,Three White Soldiers | TXMD,2023-08-22,Three White Soldiers | TXMD,2023-08-23,Three White Soldiers | TXMD,2023-08-29,Hammer | TXMD,2023-09-11,Piercing Pattern | TXMD,2023-10-06,Morning Star | TXMD,2023-10-16,Piercing Pattern | TXMD,2023-10-31,Three White Soldiers | TXMD,2023-11-02,Bullish Engulfing | TXMD,2023-11-06,Three White Soldiers | TXMD,2023-11-07,Three White Soldiers | TXMD,2023-11-20,Bullish Engulfing | TXMD,2023-12-15,Hammer | TXMD,2023-12-18,Hammer | TXMD,2023-12-19,Hammer | TXMD,2023-12-19,Dragonfly Doji | TXMD,2023-12-20,Hammer | TXMD,2023-12-21,Hammer | TXMD,2024-01-10,Hammer | TXMD,2024-02-05,Morning Star | TXMD,2024-02-07,Hammer | TXMD,2024-02-08,Bullish Engulfing | TXMD,2024-02-29,Hammer | TXMD,2024-02-29,Three White Soldiers | TXMD,2024-03-01,Three White Soldiers | TXMD,2024-03-04,Three White Soldiers | TXMD,2024-03-05,Three White Soldiers | TXMD,2024-03-28,Morning Star | TXMD,2024-05-02,Morning Star | TXMD,2024-05-09,Hammer | TXMD,2024-05-17,Three White Soldiers | TXMD,2024-05-28,Three White Soldiers | TXMD,2024-05-31,Bullish Engulfing | TXMD,2024-06-03,Hammer | TXMD,2024-06-03,Dragonfly Doji | TXMD,2024-06-04,Hammer | TXMD,2024-06-11,Hammer | TXMD,2024-06-21,Piercing Pattern | TXMD,2024-07-08,Bullish Engulfing | TXMD,2024-07-12,Morning Star | TXMD,2024-07-25,Hammer | TXMD,2024-07-26,Dragonfly Doji | TXMD,2024-08-05,Bullish Engulfing | TXMD,2024-08-06,Hammer | TXMD,2024-08-08,Bullish Engulfing | TXMD,2024-08-26,Bullish Engulfing | TXMD,2024-09-09,Piercing Pattern | TXMD,2024-09-20,Dragonfly Doji | TXMD,2024-09-23,Dragonfly Doji | TXMD,2024-09-26,Bullish Engulfing | TXMD,2024-10-16,Hammer | TXMD,2024-10-18,Dragonfly Doji | TXMD,2024-11-01,Dragonfly Doji | TXMD,2024-11-22,Morning Star | TXMD,2024-11-25,Three White Soldiers | TXMD,2024-12-03,Hammer | TXMD,2024-12-12,Dragonfly Doji | TXMD,2025-01-15,Morning Star | TXMD,2025-02-13,Morning Star | TXMD,2025-02-20,Hammer | TXMD,2025-02-28,Morning Star | TXMD,2025-03-17,Morning Star | TXMD,2025-03-21,Hammer | TXMD,2025-03-21,Three White Soldiers | TXMD,2025-03-24,Hammer | TXMD,2025-03-25,Bullish Engulfing | TXMD,2025-03-27,Three White Soldiers | TXMD,2025-04-01,Bullish Engulfing | TXMD,2025-04-14,Three White Soldiers | TXMD,2025-04-15,Three White Soldiers | TXMD,2025-04-24,Bullish Engulfing | TXMD,2025-04-28,Three White Soldiers | TXMD,2025-04-29,Three White Soldiers | TXMD,2025-04-30,Three White Soldiers | TXMD,2025-05-01,Three White Soldiers | TXMD,2025-05-02,Three White Soldiers | TXMD,2025-05-05,Three White Soldiers | TXMD,2025-05-12,Three White Soldiers | TXMD,2025-05-13,Three White Soldiers | TXMD,2025-05-16,Morning Star | TXMD,2025-05-20,Dragonfly Doji | TXMD,2025-05-27,Hammer | TXMD,2025-06-04,Piercing Pattern | TXMD,2025-06-30,Piercing Pattern | TXMD,2025-07-01,Hammer | TXMD,2025-07-03,Morning Star | TXMD,2025-07-15,Hammer | TXMD,2025-08-12,Morning Star | TXMD,2025-09-16,Hammer | TXMD,2025-09-29,Dragonfly Doji | TXN,2023-07-17,Bullish Engulfing | TXN,2023-07-26,Hammer | TXN,2023-07-31,Morning Star | TXN,2023-08-08,Hammer | TXN,2023-08-09,Piercing Pattern | TXN,2023-08-11,Hammer | TXN,2023-08-14,Morning Star | TXN,2023-08-23,Bullish Engulfing | TXN,2023-08-29,Bullish Engulfing | TXN,2023-09-01,Hammer | TXN,2023-09-05,Morning Star | TXN,2023-09-11,Hammer | TXN,2023-09-14,Hammer | TXN,2023-09-27,Hammer | TXN,2023-10-06,Piercing Pattern | TXN,2023-10-17,Morning Star | TXN,2023-11-01,Hammer | TXN,2023-11-02,Three White Soldiers | TXN,2023-11-03,Three White Soldiers | TXN,2023-12-05,Hammer | TXN,2023-12-22,Morning Star | TXN,2023-12-26,Three White Soldiers | TXN,2023-12-27,Three White Soldiers | TXN,2024-01-08,Three White Soldiers | TXN,2024-01-09,Three White Soldiers | TXN,2024-01-18,Morning Star | TXN,2024-01-22,Three White Soldiers | TXN,2024-01-29,Piercing Pattern | TXN,2024-02-01,Hammer | TXN,2024-02-15,Morning Star | TXN,2024-02-22,Three White Soldiers | TXN,2024-02-27,Morning Star | TXN,2024-03-11,Piercing Pattern | TXN,2024-03-15,Piercing Pattern | TXN,2024-04-03,Hammer | TXN,2024-04-26,Bullish Engulfing | TXN,2024-04-26,Morning Star | TXN,2024-05-06,Morning Star | TXN,2024-05-07,Three White Soldiers | TXN,2024-05-10,Three White Soldiers | TXN,2024-05-13,Three White Soldiers | TXN,2024-05-14,Three White Soldiers | TXN,2024-05-15,Three White Soldiers | TXN,2024-05-20,Three White Soldiers | TXN,2024-06-05,Morning Star | TXN,2024-06-10,Bullish Engulfing | TXN,2024-06-25,Hammer | TXN,2024-07-03,Hammer | TXN,2024-07-03,Three White Soldiers | TXN,2024-07-16,Morning Star | TXN,2024-07-31,Hammer | TXN,2024-08-20,Morning Star | TXN,2024-08-27,Bullish Engulfing | TXN,2024-08-30,Morning Star | TXN,2024-09-09,Hammer | TXN,2024-09-10,Hammer | TXN,2024-09-11,Bullish Engulfing | TXN,2024-09-20,Hammer | TXN,2024-09-26,Hammer | TXN,2024-10-09,Three White Soldiers | TXN,2024-10-23,Morning Star | TXN,2024-10-24,Three White Soldiers | TXN,2024-11-07,Three White Soldiers | TXN,2024-11-08,Three White Soldiers | TXN,2024-12-09,Piercing Pattern | TXN,2024-12-24,Three White Soldiers | TXN,2025-01-14,Morning Star | TXN,2025-01-15,Three White Soldiers | TXN,2025-01-21,Bullish Engulfing | TXN,2025-01-21,Morning Star | TXN,2025-01-30,Morning Star | TXN,2025-02-12,Bullish Engulfing | TXN,2025-02-14,Three White Soldiers | TXN,2025-02-18,Three White Soldiers | TXN,2025-02-19,Three White Soldiers | TXN,2025-02-20,Three White Soldiers | TXN,2025-03-07,Hammer | TXN,2025-03-18,Hammer | TXN,2025-03-31,Bullish Engulfing | TXN,2025-04-01,Hammer | TXN,2025-04-09,Bullish Engulfing | TXN,2025-04-28,Hammer | TXN,2025-05-13,Three White Soldiers | TXN,2025-05-14,Dragonfly Doji | TXN,2025-05-15,Bullish Engulfing | TXN,2025-05-16,Hammer | TXN,2025-05-20,Hammer | TXN,2025-05-23,Hammer | TXN,2025-05-27,Morning Star | TXN,2025-06-02,Piercing Pattern | TXN,2025-06-04,Three White Soldiers | TXN,2025-06-25,Hammer | TXN,2025-06-27,Morning Star | TXN,2025-07-03,Three White Soldiers | TXN,2025-07-14,Hammer | TXN,2025-07-16,Hammer | TXN,2025-07-25,Hammer | TXN,2025-08-05,Three White Soldiers | TXN,2025-08-14,Bullish Engulfing | TXN,2025-08-27,Hammer | TXN,2025-09-02,Hammer | TXN,2025-09-23,Morning Star | TXN,2025-09-24,Three White Soldiers | TXRH,2023-07-10,Three White Soldiers | TXRH,2023-07-11,Three White Soldiers | TXRH,2023-07-12,Three White Soldiers | TXRH,2023-07-19,Three White Soldiers | TXRH,2023-07-31,Piercing Pattern | TXRH,2023-08-02,Bullish Engulfing | TXRH,2023-08-11,Hammer | TXRH,2023-08-22,Piercing Pattern | TXRH,2023-08-29,Bullish Engulfing | TXRH,2023-09-07,Bullish Engulfing | TXRH,2023-09-12,Bullish Engulfing | TXRH,2023-09-19,Hammer | TXRH,2023-10-16,Morning Star | TXRH,2023-10-17,Three White Soldiers | TXRH,2023-10-31,Three White Soldiers | TXRH,2023-11-01,Three White Soldiers | TXRH,2023-11-09,Hammer | TXRH,2023-11-14,Three White Soldiers | TXRH,2023-11-17,Hammer | TXRH,2023-11-22,Morning Star | TXRH,2023-11-24,Three White Soldiers | TXRH,2023-11-27,Three White Soldiers | TXRH,2023-11-30,Bullish Engulfing | TXRH,2023-12-13,Three White Soldiers | TXRH,2023-12-19,Three White Soldiers | TXRH,2023-12-22,Morning Star | TXRH,2023-12-26,Three White Soldiers | TXRH,2023-12-27,Three White Soldiers | TXRH,2024-01-16,Piercing Pattern | TXRH,2024-01-18,Three White Soldiers | TXRH,2024-02-07,Morning Star | TXRH,2024-02-08,Three White Soldiers | TXRH,2024-02-14,Hammer | TXRH,2024-02-15,Bullish Engulfing | TXRH,2024-02-22,Hammer | TXRH,2024-02-23,Morning Star | TXRH,2024-03-01,Morning Star | TXRH,2024-03-12,Morning Star | TXRH,2024-03-27,Morning Star | TXRH,2024-04-01,Hammer | TXRH,2024-04-01,Three White Soldiers | TXRH,2024-04-19,Morning Star | TXRH,2024-04-23,Three White Soldiers | TXRH,2024-04-29,Three White Soldiers | TXRH,2024-05-02,Dragonfly Doji | TXRH,2024-05-09,Bullish Engulfing | TXRH,2024-05-16,Three White Soldiers | TXRH,2024-06-05,Hammer | TXRH,2024-06-05,Morning Star | TXRH,2024-06-10,Piercing Pattern | TXRH,2024-06-21,Hammer | TXRH,2024-06-24,Morning Star | TXRH,2024-06-25,Three White Soldiers | TXRH,2024-07-01,Hammer | TXRH,2024-07-10,Hammer | TXRH,2024-07-12,Three White Soldiers | TXRH,2024-07-30,Morning Star | TXRH,2024-08-27,Bullish Engulfing | TXRH,2024-09-10,Hammer | TXRH,2024-10-01,Morning Star | TXRH,2024-10-02,Hammer | TXRH,2024-10-02,Three White Soldiers | TXRH,2024-10-11,Bullish Engulfing | TXRH,2024-10-15,Three White Soldiers | TXRH,2024-10-16,Three White Soldiers | TXRH,2024-11-13,Morning Star | TXRH,2024-11-26,Three White Soldiers | TXRH,2024-12-04,Bullish Engulfing | TXRH,2024-12-23,Hammer | TXRH,2025-01-07,Hammer | TXRH,2025-01-13,Bullish Engulfing | TXRH,2025-01-24,Hammer | TXRH,2025-02-03,Bullish Engulfing | TXRH,2025-02-05,Hammer | TXRH,2025-02-24,Bullish Engulfing | TXRH,2025-02-27,Bullish Engulfing | TXRH,2025-03-04,Bullish Engulfing | TXRH,2025-03-19,Piercing Pattern | TXRH,2025-03-25,Three White Soldiers | TXRH,2025-04-09,Bullish Engulfing | TXRH,2025-04-14,Morning Star | TXRH,2025-04-28,Morning Star | TXRH,2025-04-30,Bullish Engulfing | TXRH,2025-05-02,Three White Soldiers | TXRH,2025-05-09,Morning Star | TXRH,2025-05-12,Three White Soldiers | TXRH,2025-05-13,Three White Soldiers | TXRH,2025-05-16,Morning Star | TXRH,2025-05-30,Hammer | TXRH,2025-06-06,Hammer | TXRH,2025-06-09,Morning Star | TXRH,2025-06-20,Hammer | TXRH,2025-06-23,Hammer | TXRH,2025-06-27,Morning Star | TXRH,2025-07-11,Morning Star | TXRH,2025-08-18,Morning Star | TXRH,2025-09-09,Piercing Pattern | TXRH,2025-09-16,Hammer | TXRH,2025-09-22,Piercing Pattern | TXRH,2025-09-23,Hammer | TXRH,2025-09-24,Three White Soldiers | TXRH,2025-09-25,Three White Soldiers | TXSS,2024-01-25,Morning Star | TXSS,2024-01-29,Three White Soldiers | TXSS,2024-03-01,Morning Star | TXSS,2024-03-28,Morning Star | TXSS,2024-04-03,Hammer | TXSS,2024-04-03,Dragonfly Doji | TXSS,2024-05-09,Morning Star | TXSS,2024-05-10,Hammer | TXSS,2024-05-15,Hammer | TXSS,2024-05-24,Piercing Pattern | TXSS,2024-07-22,Morning Star | TXSS,2024-08-14,Morning Star | TXSS,2024-09-06,Hammer | TXSS,2024-10-03,Dragonfly Doji | TXSS,2024-10-14,Three White Soldiers | TXSS,2024-10-22,Hammer | TXSS,2024-11-19,Morning Star | TXSS,2024-12-05,Hammer | TXSS,2024-12-11,Dragonfly Doji | TXSS,2025-01-30,Morning Star | TXSS,2025-03-05,Piercing Pattern | TXSS,2025-03-07,Piercing Pattern | TXSS,2025-04-01,Morning Star | TXSS,2025-04-15,Three White Soldiers | TXSS,2025-05-12,Morning Star | TXUE,2025-01-23,Piercing Pattern | TXUE,2025-01-28,Hammer | TXUE,2025-02-06,Morning Star | TXUE,2025-02-11,Bullish Engulfing | TXUE,2025-02-11,Morning Star | TXUE,2025-02-13,Three White Soldiers | TXUE,2025-03-12,Morning Star | TXUE,2025-03-27,Piercing Pattern | TXUE,2025-04-02,Three White Soldiers | TXUE,2025-04-09,Bullish Engulfing | TXUE,2025-04-09,Morning Star | TXUE,2025-04-10,Hammer | TXUE,2025-04-15,Three White Soldiers | TXUE,2025-04-22,Bullish Engulfing | TXUE,2025-04-28,Three White Soldiers | TXUE,2025-04-29,Three White Soldiers | TXUE,2025-04-30,Hammer | TXUE,2025-04-30,Dragonfly Doji | TXUE,2025-05-15,Piercing Pattern | TXUE,2025-05-19,Three White Soldiers | TXUE,2025-05-20,Three White Soldiers | TXUE,2025-05-23,Hammer | TXUE,2025-06-23,Piercing Pattern | TXUE,2025-06-30,Three White Soldiers | TXUE,2025-07-08,Piercing Pattern | TXUE,2025-07-10,Three White Soldiers | TXUE,2025-07-23,Three White Soldiers | TXUE,2025-08-18,Hammer | TXUE,2025-08-22,Bullish Engulfing | TXUE,2025-09-04,Three White Soldiers | TXUE,2025-09-10,Bullish Engulfing | TXUE,2025-09-22,Bullish Engulfing | TXUE,2025-09-29,Morning Star | TXUG,2025-05-12,Morning Star | TXUG,2025-07-22,Morning Star | TYGO,2023-07-07,Morning Star | TYGO,2023-07-11,Three White Soldiers | TYGO,2023-07-12,Three White Soldiers | TYGO,2023-07-13,Three White Soldiers | TYGO,2023-07-17,Bullish Engulfing | TYGO,2023-07-25,Three White Soldiers | TYGO,2023-07-28,Piercing Pattern | TYGO,2023-08-03,Hammer | TYGO,2023-08-07,Bullish Engulfing | TYGO,2023-08-11,Hammer | TYGO,2023-08-18,Hammer | TYGO,2023-08-24,Hammer | TYGO,2023-08-25,Hammer | TYGO,2023-08-25,Dragonfly Doji | TYGO,2023-08-28,Hammer | TYGO,2023-09-29,Morning Star | TYGO,2023-10-03,Hammer | TYGO,2023-10-25,Hammer | TYGO,2023-11-16,Hammer | TYGO,2023-11-21,Bullish Engulfing | TYGO,2023-12-21,Hammer | TYGO,2023-12-22,Morning Star | TYGO,2024-01-30,Dragonfly Doji | TYGO,2024-02-08,Bullish Engulfing | TYGO,2024-02-29,Morning Star | TYGO,2024-03-05,Hammer | TYGO,2024-03-20,Piercing Pattern | TYGO,2024-04-01,Dragonfly Doji | TYGO,2024-04-05,Hammer | TYGO,2024-04-09,Morning Star | TYGO,2024-04-11,Dragonfly Doji | TYGO,2024-04-12,Hammer | TYGO,2024-04-22,Hammer | TYGO,2024-04-23,Morning Star | TYGO,2024-04-26,Morning Star | TYGO,2024-04-29,Hammer | TYGO,2024-04-29,Three White Soldiers | TYGO,2024-04-30,Hammer | TYGO,2024-05-01,Hammer | TYGO,2024-05-02,Hammer | TYGO,2024-05-03,Hammer | TYGO,2024-05-08,Hammer | TYGO,2024-05-13,Morning Star | TYGO,2024-05-21,Morning Star | TYGO,2024-05-22,Three White Soldiers | TYGO,2024-05-28,Morning Star | TYGO,2024-05-31,Three White Soldiers | TYGO,2024-07-08,Hammer | TYGO,2024-07-17,Piercing Pattern | TYGO,2024-07-23,Piercing Pattern | TYGO,2024-07-26,Hammer | TYGO,2024-07-26,Dragonfly Doji | TYGO,2024-08-30,Morning Star | TYGO,2024-09-16,Morning Star | TYGO,2024-09-26,Dragonfly Doji | TYGO,2024-09-27,Morning Star | TYGO,2024-10-04,Hammer | TYGO,2024-10-17,Hammer | TYGO,2024-10-25,Morning Star | TYGO,2024-10-28,Hammer | TYGO,2024-11-25,Morning Star | TYGO,2024-12-02,Morning Star | TYGO,2024-12-17,Hammer | TYGO,2025-01-02,Dragonfly Doji | TYGO,2025-01-15,Bullish Engulfing | TYGO,2025-01-31,Bullish Engulfing | TYGO,2025-02-13,Dragonfly Doji | TYGO,2025-02-14,Hammer | TYGO,2025-03-04,Hammer | TYGO,2025-03-07,Hammer | TYGO,2025-04-04,Hammer | TYGO,2025-04-09,Three White Soldiers | TYGO,2025-04-14,Morning Star | TYGO,2025-04-17,Hammer | TYGO,2025-04-17,Morning Star | TYGO,2025-04-25,Morning Star | TYGO,2025-04-29,Piercing Pattern | TYGO,2025-05-02,Dragonfly Doji | TYGO,2025-05-08,Hammer | TYGO,2025-05-20,Morning Star | TYGO,2025-05-29,Hammer | TYGO,2025-06-02,Morning Star | TYGO,2025-06-04,Three White Soldiers | TYGO,2025-06-09,Bullish Engulfing | TYGO,2025-06-09,Morning Star | TYGO,2025-06-24,Three White Soldiers | TYGO,2025-06-25,Three White Soldiers | TYGO,2025-07-01,Hammer | TYGO,2025-07-01,Morning Star | TYGO,2025-08-25,Morning Star | TYGO,2025-09-10,Three White Soldiers | TYGO,2025-09-17,Morning Star | TYGO,2025-09-19,Three White Soldiers | TYGO,2025-09-22,Three White Soldiers | TYGO,2025-09-23,Three White Soldiers | TYGO,2025-09-25,Bullish Engulfing | TYRA,2023-07-06,Hammer | TYRA,2023-07-11,Three White Soldiers | TYRA,2023-07-20,Bullish Engulfing | TYRA,2023-08-07,Hammer | TYRA,2023-08-08,Morning Star | TYRA,2023-08-18,Piercing Pattern | TYRA,2023-08-22,Three White Soldiers | TYRA,2023-08-23,Three White Soldiers | TYRA,2023-08-28,Piercing Pattern | TYRA,2023-08-30,Three White Soldiers | TYRA,2023-09-11,Piercing Pattern | TYRA,2023-09-14,Hammer | TYRA,2023-09-14,Morning Star | TYRA,2023-09-15,Hammer | TYRA,2023-10-03,Bullish Engulfing | TYRA,2023-10-05,Three White Soldiers | TYRA,2023-10-09,Bullish Engulfing | TYRA,2023-10-11,Hammer | TYRA,2023-10-13,Hammer | TYRA,2023-10-16,Morning Star | TYRA,2023-10-30,Morning Star | TYRA,2023-10-31,Three White Soldiers | TYRA,2023-11-03,Three White Soldiers | TYRA,2023-11-28,Bullish Engulfing | TYRA,2023-11-30,Bullish Engulfing | TYRA,2023-12-13,Morning Star | TYRA,2024-01-08,Piercing Pattern | TYRA,2024-02-05,Hammer | TYRA,2024-02-05,Three White Soldiers | TYRA,2024-02-06,Three White Soldiers | TYRA,2024-02-12,Three White Soldiers | TYRA,2024-02-21,Bullish Engulfing | TYRA,2024-02-23,Bullish Engulfing | TYRA,2024-02-27,Three White Soldiers | TYRA,2024-02-28,Three White Soldiers | TYRA,2024-03-20,Hammer | TYRA,2024-04-04,Three White Soldiers | TYRA,2024-04-16,Hammer | TYRA,2024-04-18,Piercing Pattern | TYRA,2024-04-22,Three White Soldiers | TYRA,2024-04-23,Three White Soldiers | TYRA,2024-04-26,Piercing Pattern | TYRA,2024-04-30,Three White Soldiers | TYRA,2024-05-01,Three White Soldiers | TYRA,2024-05-02,Hammer | TYRA,2024-05-02,Three White Soldiers | TYRA,2024-05-16,Bullish Engulfing | TYRA,2024-05-16,Morning Star | TYRA,2024-05-24,Hammer | TYRA,2024-06-04,Bullish Engulfing | TYRA,2024-06-06,Three White Soldiers | TYRA,2024-06-11,Three White Soldiers | TYRA,2024-06-24,Hammer | TYRA,2024-07-03,Hammer | TYRA,2024-07-05,Hammer | TYRA,2024-07-05,Morning Star | TYRA,2024-07-08,Three White Soldiers | TYRA,2024-07-09,Three White Soldiers | TYRA,2024-07-15,Three White Soldiers | TYRA,2024-07-16,Three White Soldiers | TYRA,2024-07-22,Morning Star | TYRA,2024-07-23,Three White Soldiers | TYRA,2024-07-30,Morning Star | TYRA,2024-07-31,Three White Soldiers | TYRA,2024-08-01,Hammer | TYRA,2024-08-14,Hammer | TYRA,2024-08-19,Hammer | TYRA,2024-08-19,Bullish Engulfing | TYRA,2024-09-10,Hammer | TYRA,2024-09-13,Morning Star | TYRA,2024-10-09,Hammer | TYRA,2024-10-11,Morning Star | TYRA,2024-10-15,Three White Soldiers | TYRA,2024-10-16,Three White Soldiers | TYRA,2024-10-17,Three White Soldiers | TYRA,2024-10-18,Three White Soldiers | TYRA,2024-10-21,Three White Soldiers | TYRA,2024-10-31,Bullish Engulfing | TYRA,2024-11-19,Morning Star | TYRA,2024-12-10,Three White Soldiers | TYRA,2024-12-16,Piercing Pattern | TYRA,2024-12-23,Piercing Pattern | TYRA,2024-12-26,Bullish Engulfing | TYRA,2025-01-06,Three White Soldiers | TYRA,2025-01-08,Hammer | TYRA,2025-01-14,Morning Star | TYRA,2025-01-15,Three White Soldiers | TYRA,2025-01-23,Morning Star | TYRA,2025-02-13,Morning Star | TYRA,2025-02-14,Three White Soldiers | TYRA,2025-03-04,Hammer | TYRA,2025-03-11,Bullish Engulfing | TYRA,2025-03-14,Morning Star | TYRA,2025-03-19,Morning Star | TYRA,2025-04-10,Hammer | TYRA,2025-04-15,Three White Soldiers | TYRA,2025-04-21,Hammer | TYRA,2025-04-21,Three White Soldiers | TYRA,2025-04-22,Three White Soldiers | TYRA,2025-04-23,Three White Soldiers | TYRA,2025-04-24,Hammer | TYRA,2025-04-24,Three White Soldiers | TYRA,2025-04-30,Hammer | TYRA,2025-05-02,Three White Soldiers | TYRA,2025-05-29,Morning Star | TYRA,2025-06-23,Bullish Engulfing | TYRA,2025-06-25,Hammer | TYRA,2025-07-01,Hammer | TYRA,2025-07-01,Morning Star | TYRA,2025-07-02,Three White Soldiers | TYRA,2025-07-10,Three White Soldiers | TYRA,2025-07-29,Hammer | TYRA,2025-07-29,Dragonfly Doji | TYRA,2025-08-21,Morning Star | TYRA,2025-08-27,Three White Soldiers | TYRA,2025-08-29,Piercing Pattern | TYRA,2025-09-05,Morning Star | TYRA,2025-09-11,Bullish Engulfing | TYRA,2025-09-12,Hammer | TZOO,2023-07-06,Bullish Engulfing | TZOO,2023-07-24,Piercing Pattern | TZOO,2023-07-31,Morning Star | TZOO,2023-08-18,Morning Star | TZOO,2023-08-23,Morning Star | TZOO,2023-08-28,Morning Star | TZOO,2023-08-30,Three White Soldiers | TZOO,2023-09-05,Hammer | TZOO,2023-09-18,Bullish Engulfing | TZOO,2023-09-22,Morning Star | TZOO,2023-09-25,Three White Soldiers | TZOO,2023-10-04,Hammer | TZOO,2023-10-24,Three White Soldiers | TZOO,2023-10-25,Three White Soldiers | TZOO,2023-11-02,Three White Soldiers | TZOO,2023-11-03,Three White Soldiers | TZOO,2023-11-09,Hammer | TZOO,2023-11-13,Bullish Engulfing | TZOO,2023-11-16,Bullish Engulfing | TZOO,2023-11-16,Morning Star | TZOO,2023-11-20,Three White Soldiers | TZOO,2023-11-24,Morning Star | TZOO,2023-12-13,Three White Soldiers | TZOO,2024-01-04,Bullish Engulfing | TZOO,2024-02-06,Morning Star | TZOO,2024-02-07,Three White Soldiers | TZOO,2024-02-08,Three White Soldiers | TZOO,2024-02-20,Piercing Pattern | TZOO,2024-02-26,Bullish Engulfing | TZOO,2024-02-27,Hammer | TZOO,2024-03-07,Three White Soldiers | TZOO,2024-03-08,Three White Soldiers | TZOO,2024-03-19,Three White Soldiers | TZOO,2024-03-20,Three White Soldiers | TZOO,2024-04-25,Hammer | TZOO,2024-04-26,Hammer | TZOO,2024-05-03,Morning Star | TZOO,2024-05-31,Morning Star | TZOO,2024-06-05,Morning Star | TZOO,2024-06-06,Three White Soldiers | TZOO,2024-06-13,Hammer | TZOO,2024-06-14,Hammer | TZOO,2024-06-21,Morning Star | TZOO,2024-07-11,Morning Star | TZOO,2024-07-15,Three White Soldiers | TZOO,2024-07-16,Three White Soldiers | TZOO,2024-07-17,Three White Soldiers | TZOO,2024-07-25,Bullish Engulfing | TZOO,2024-08-14,Three White Soldiers | TZOO,2024-08-15,Three White Soldiers | TZOO,2024-08-27,Bullish Engulfing | TZOO,2024-09-06,Morning Star | TZOO,2024-09-09,Three White Soldiers | TZOO,2024-09-10,Three White Soldiers | TZOO,2024-10-07,Bullish Engulfing | TZOO,2024-10-09,Three White Soldiers | TZOO,2024-10-10,Three White Soldiers | TZOO,2024-10-11,Three White Soldiers | TZOO,2024-10-15,Hammer | TZOO,2024-10-22,Bullish Engulfing | TZOO,2024-10-24,Three White Soldiers | TZOO,2024-10-25,Three White Soldiers | TZOO,2024-10-28,Three White Soldiers | TZOO,2024-11-07,Hammer | TZOO,2024-11-19,Morning Star | TZOO,2024-11-20,Hammer | TZOO,2024-11-26,Piercing Pattern | TZOO,2024-12-04,Hammer | TZOO,2024-12-04,Dragonfly Doji | TZOO,2024-12-05,Morning Star | TZOO,2024-12-06,Three White Soldiers | TZOO,2024-12-30,Hammer | TZOO,2025-01-08,Hammer | TZOO,2025-01-15,Morning Star | TZOO,2025-01-16,Three White Soldiers | TZOO,2025-01-23,Morning Star | TZOO,2025-01-24,Hammer | TZOO,2025-01-24,Dragonfly Doji | TZOO,2025-01-28,Hammer | TZOO,2025-01-30,Morning Star | TZOO,2025-01-31,Three White Soldiers | TZOO,2025-02-06,Three White Soldiers | TZOO,2025-02-07,Three White Soldiers | TZOO,2025-02-14,Bullish Engulfing | TZOO,2025-02-27,Three White Soldiers | TZOO,2025-02-28,Three White Soldiers | TZOO,2025-03-05,Bullish Engulfing | TZOO,2025-03-12,Morning Star | TZOO,2025-03-17,Morning Star | TZOO,2025-03-26,Hammer | TZOO,2025-04-04,Hammer | TZOO,2025-04-07,Piercing Pattern | TZOO,2025-04-09,Bullish Engulfing | TZOO,2025-04-16,Hammer | TZOO,2025-04-21,Bullish Engulfing | TZOO,2025-04-22,Hammer | TZOO,2025-05-28,Morning Star | TZOO,2025-06-24,Morning Star | TZOO,2025-07-01,Piercing Pattern | TZOO,2025-07-02,Hammer | TZOO,2025-07-07,Bullish Engulfing | TZOO,2025-07-09,Hammer | TZOO,2025-07-17,Morning Star | TZOO,2025-08-12,Morning Star | TZOO,2025-08-13,Three White Soldiers | TZOO,2025-08-18,Hammer | TZOO,2025-08-19,Hammer | TZOO,2025-08-22,Morning Star | TZOO,2025-09-11,Piercing Pattern | TZOO,2025-09-15,Hammer | TZOO,2025-09-16,Morning Star | TZOO,2025-09-22,Bullish Engulfing | TZUP,2023-09-08,Hammer | TZUP,2023-09-13,Dragonfly Doji | TZUP,2023-10-26,Dragonfly Doji | TZUP,2023-11-09,Morning Star | TZUP,2024-01-25,Hammer | TZUP,2024-03-08,Dragonfly Doji | TZUP,2024-08-23,Dragonfly Doji | TZUP,2024-08-26,Morning Star | TZUP,2024-08-30,Hammer | TZUP,2024-09-10,Dragonfly Doji | TZUP,2024-09-11,Morning Star | TZUP,2024-09-18,Hammer | TZUP,2024-09-26,Bullish Engulfing | TZUP,2024-10-08,Bullish Engulfing | TZUP,2024-10-24,Bullish Engulfing | TZUP,2024-11-12,Morning Star | TZUP,2024-11-18,Hammer | TZUP,2024-11-20,Bullish Engulfing | TZUP,2024-11-27,Bullish Engulfing | TZUP,2024-11-27,Morning Star | TZUP,2024-11-29,Hammer | TZUP,2024-12-04,Three White Soldiers | TZUP,2024-12-13,Piercing Pattern | TZUP,2024-12-31,Bullish Engulfing | TZUP,2025-01-03,Bullish Engulfing | TZUP,2025-01-16,Dragonfly Doji | TZUP,2025-01-17,Hammer | TZUP,2025-01-22,Bullish Engulfing | TZUP,2025-01-28,Morning Star | TZUP,2025-01-29,Three White Soldiers | TZUP,2025-02-26,Morning Star | TZUP,2025-02-28,Piercing Pattern | TZUP,2025-03-04,Bullish Engulfing | TZUP,2025-03-07,Morning Star | TZUP,2025-03-11,Hammer | TZUP,2025-03-14,Morning Star | TZUP,2025-03-17,Three White Soldiers | TZUP,2025-03-20,Morning Star | TZUP,2025-03-24,Three White Soldiers | TZUP,2025-03-27,Hammer | TZUP,2025-03-31,Hammer | TZUP,2025-04-01,Piercing Pattern | TZUP,2025-04-07,Bullish Engulfing | TZUP,2025-04-08,Hammer | TZUP,2025-04-10,Bullish Engulfing | TZUP,2025-04-17,Bullish Engulfing | TZUP,2025-04-23,Morning Star | TZUP,2025-05-02,Hammer | TZUP,2025-05-06,Three White Soldiers | TZUP,2025-05-07,Three White Soldiers | TZUP,2025-05-12,Morning Star | TZUP,2025-05-13,Three White Soldiers | TZUP,2025-05-14,Three White Soldiers | TZUP,2025-05-21,Bullish Engulfing | TZUP,2025-05-21,Morning Star | TZUP,2025-05-27,Hammer | TZUP,2025-06-04,Hammer | TZUP,2025-06-04,Morning Star | TZUP,2025-06-09,Hammer | TZUP,2025-06-12,Piercing Pattern | TZUP,2025-06-26,Bullish Engulfing | TZUP,2025-06-30,Bullish Engulfing | TZUP,2025-07-07,Three White Soldiers | TZUP,2025-07-08,Three White Soldiers | TZUP,2025-07-17,Hammer | TZUP,2025-07-24,Bullish Engulfing | TZUP,2025-07-25,Hammer | TZUP,2025-08-05,Bullish Engulfing | TZUP,2025-08-07,Three White Soldiers | TZUP,2025-08-08,Three White Soldiers | TZUP,2025-08-15,Piercing Pattern | TZUP,2025-08-22,Three White Soldiers | TZUP,2025-08-29,Morning Star | TZUP,2025-09-11,Three White Soldiers | TZUP,2025-09-12,Three White Soldiers | TZUP,2025-09-24,Three White Soldiers | TZUP,2025-09-25,Three White Soldiers | UAE,2023-07-13,Three White Soldiers | UAE,2023-07-18,Morning Star | UAE,2023-07-25,Hammer | UAE,2023-08-01,Three White Soldiers | UAE,2023-08-04,Bullish Engulfing | UAE,2023-08-09,Hammer | UAE,2023-08-10,Hammer | UAE,2023-08-11,Hammer | UAE,2023-08-14,Hammer | UAE,2023-09-06,Hammer | UAE,2023-09-12,Piercing Pattern | UAE,2023-10-17,Morning Star | UAE,2023-10-24,Morning Star | UAE,2023-10-31,Morning Star | UAE,2023-11-01,Three White Soldiers | UAE,2023-11-02,Hammer | UAE,2023-11-02,Three White Soldiers | UAE,2023-11-02,Dragonfly Doji | UAE,2023-11-03,Three White Soldiers | UAE,2023-11-06,Three White Soldiers | UAE,2023-11-16,Bullish Engulfing | UAE,2023-11-17,Dragonfly Doji | UAE,2023-11-24,Bullish Engulfing | UAE,2023-12-07,Hammer | UAE,2023-12-11,Hammer | UAE,2023-12-11,Dragonfly Doji | UAE,2023-12-12,Bullish Engulfing | UAE,2023-12-12,Morning Star | UAE,2023-12-29,Hammer | UAE,2024-01-02,Hammer | UAE,2024-01-04,Hammer | UAE,2024-01-05,Morning Star | UAE,2024-01-23,Three White Soldiers | UAE,2024-01-24,Three White Soldiers | UAE,2024-01-29,Hammer | UAE,2024-02-21,Hammer | UAE,2024-03-18,Hammer | UAE,2024-03-18,Three White Soldiers | UAE,2024-03-19,Three White Soldiers | UAE,2024-04-11,Hammer | UAE,2024-05-02,Morning Star | UAE,2024-05-08,Morning Star | UAE,2024-05-29,Hammer | UAE,2024-05-30,Hammer | UAE,2024-05-30,Dragonfly Doji | UAE,2024-06-18,Three White Soldiers | UAE,2024-06-24,Hammer | UAE,2024-06-27,Morning Star | UAE,2024-06-28,Three White Soldiers | UAE,2024-07-02,Bullish Engulfing | UAE,2024-07-05,Hammer | UAE,2024-07-12,Hammer | UAE,2024-07-17,Hammer | UAE,2024-07-19,Dragonfly Doji | UAE,2024-07-22,Dragonfly Doji | UAE,2024-07-26,Morning Star | UAE,2024-08-21,Three White Soldiers | UAE,2024-08-23,Hammer | UAE,2024-08-29,Piercing Pattern | UAE,2024-09-03,Three White Soldiers | UAE,2024-09-04,Three White Soldiers | UAE,2024-09-05,Hammer | UAE,2024-09-09,Hammer | UAE,2024-09-16,Hammer | UAE,2024-09-17,Bullish Engulfing | UAE,2024-09-25,Three White Soldiers | UAE,2024-10-09,Bullish Engulfing | UAE,2024-10-29,Morning Star | UAE,2024-11-20,Hammer | UAE,2024-11-20,Three White Soldiers | UAE,2024-11-29,Bullish Engulfing | UAE,2024-12-04,Hammer | UAE,2024-12-13,Hammer | UAE,2024-12-23,Hammer | UAE,2024-12-23,Morning Star | UAE,2025-01-13,Morning Star | UAE,2025-01-17,Hammer | UAE,2025-01-21,Morning Star | UAE,2025-01-22,Hammer | UAE,2025-01-23,Three White Soldiers | UAE,2025-02-07,Hammer | UAE,2025-02-10,Morning Star | UAE,2025-02-28,Bullish Engulfing | UAE,2025-03-12,Hammer | UAE,2025-03-17,Hammer | UAE,2025-03-31,Piercing Pattern | UAE,2025-04-24,Three White Soldiers | UAE,2025-04-29,Three White Soldiers | UAE,2025-04-30,Hammer | UAE,2025-05-05,Three White Soldiers | UAE,2025-05-06,Hammer | UAE,2025-05-06,Three White Soldiers | UAE,2025-05-19,Three White Soldiers | UAE,2025-05-20,Three White Soldiers | UAE,2025-05-27,Hammer | UAE,2025-05-27,Dragonfly Doji | UAE,2025-05-30,Hammer | UAE,2025-06-02,Hammer | UAE,2025-06-10,Bullish Engulfing | UAE,2025-06-23,Morning Star | UAE,2025-06-27,Hammer | UAE,2025-06-30,Hammer | UAE,2025-07-14,Three White Soldiers | UAE,2025-07-28,Hammer | UAE,2025-08-04,Morning Star | UAE,2025-08-06,Bullish Engulfing | UAE,2025-08-18,Bullish Engulfing | UAE,2025-08-22,Morning Star | UAE,2025-09-22,Three White Soldiers | UAE,2025-09-25,Hammer | UAE,2025-09-26,Morning Star | UAL,2023-07-18,Morning Star | UAL,2023-07-20,Three White Soldiers | UAL,2023-07-21,Three White Soldiers | UAL,2023-07-31,Morning Star | UAL,2023-08-01,Hammer | UAL,2023-08-21,Hammer | UAL,2023-08-23,Bullish Engulfing | UAL,2023-08-29,Morning Star | UAL,2023-09-05,Hammer | UAL,2023-09-19,Piercing Pattern | UAL,2023-09-25,Hammer | UAL,2023-10-06,Piercing Pattern | UAL,2023-10-11,Morning Star | UAL,2023-10-31,Morning Star | UAL,2023-11-08,Morning Star | UAL,2023-11-14,Three White Soldiers | UAL,2023-11-15,Three White Soldiers | UAL,2023-11-20,Morning Star | UAL,2023-11-30,Hammer | UAL,2023-12-14,Three White Soldiers | UAL,2023-12-28,Piercing Pattern | UAL,2024-01-08,Three White Soldiers | UAL,2024-01-09,Three White Soldiers | UAL,2024-01-10,Three White Soldiers | UAL,2024-01-11,Three White Soldiers | UAL,2024-01-16,Hammer | UAL,2024-01-25,Morning Star | UAL,2024-02-06,Bullish Engulfing | UAL,2024-02-12,Bullish Engulfing | UAL,2024-02-20,Bullish Engulfing | UAL,2024-02-22,Three White Soldiers | UAL,2024-02-23,Three White Soldiers | UAL,2024-03-12,Hammer | UAL,2024-03-13,Bullish Engulfing | UAL,2024-03-14,Dragonfly Doji | UAL,2024-03-15,Bullish Engulfing | UAL,2024-03-18,Dragonfly Doji | UAL,2024-03-21,Three White Soldiers | UAL,2024-03-25,Hammer | UAL,2024-03-28,Three White Soldiers | UAL,2024-04-08,Bullish Engulfing | UAL,2024-04-12,Hammer | UAL,2024-04-18,Three White Soldiers | UAL,2024-04-23,Three White Soldiers | UAL,2024-04-25,Piercing Pattern | UAL,2024-04-29,Hammer | UAL,2024-04-29,Piercing Pattern | UAL,2024-05-29,Piercing Pattern | UAL,2024-06-05,Bullish Engulfing | UAL,2024-06-17,Piercing Pattern | UAL,2024-06-28,Three White Soldiers | UAL,2024-07-02,Hammer | UAL,2024-07-16,Bullish Engulfing | UAL,2024-07-19,Bullish Engulfing | UAL,2024-07-23,Three White Soldiers | UAL,2024-07-26,Hammer | UAL,2024-07-26,Dragonfly Doji | UAL,2024-09-05,Three White Soldiers | UAL,2024-09-06,Three White Soldiers | UAL,2024-09-09,Three White Soldiers | UAL,2024-09-10,Hammer | UAL,2024-09-17,Three White Soldiers | UAL,2024-09-18,Three White Soldiers | UAL,2024-09-23,Hammer | UAL,2024-09-25,Three White Soldiers | UAL,2024-09-26,Three White Soldiers | UAL,2024-10-10,Piercing Pattern | UAL,2024-10-14,Three White Soldiers | UAL,2024-10-18,Three White Soldiers | UAL,2024-10-29,Bullish Engulfing | UAL,2024-11-18,Hammer | UAL,2024-11-19,Bullish Engulfing | UAL,2024-11-20,Hammer | UAL,2024-11-22,Bullish Engulfing | UAL,2024-12-11,Morning Star | UAL,2024-12-23,Three White Soldiers | UAL,2024-12-24,Three White Soldiers | UAL,2025-01-03,Hammer | UAL,2025-01-03,Dragonfly Doji | UAL,2025-01-06,Morning Star | UAL,2025-01-07,Three White Soldiers | UAL,2025-01-08,Three White Soldiers | UAL,2025-01-17,Morning Star | UAL,2025-01-21,Three White Soldiers | UAL,2025-01-27,Morning Star | UAL,2025-01-28,Hammer | UAL,2025-01-30,Three White Soldiers | UAL,2025-02-19,Bullish Engulfing | UAL,2025-02-25,Hammer | UAL,2025-03-07,Hammer | UAL,2025-04-01,Hammer | UAL,2025-04-04,Hammer | UAL,2025-04-15,Piercing Pattern | UAL,2025-04-22,Hammer | UAL,2025-04-22,Morning Star | UAL,2025-05-08,Three White Soldiers | UAL,2025-05-19,Morning Star | UAL,2025-05-22,Bullish Engulfing | UAL,2025-05-30,Bullish Engulfing | UAL,2025-06-04,Bullish Engulfing | UAL,2025-06-23,Bullish Engulfing | UAL,2025-06-27,Morning Star | UAL,2025-07-01,Bullish Engulfing | UAL,2025-07-02,Hammer | UAL,2025-07-03,Three White Soldiers | UAL,2025-07-16,Hammer | UAL,2025-07-18,Hammer | UAL,2025-07-28,Three White Soldiers | UAL,2025-08-01,Hammer | UAL,2025-08-05,Hammer | UAL,2025-08-06,Three White Soldiers | UAL,2025-08-18,Three White Soldiers | UAL,2025-08-27,Three White Soldiers | UAL,2025-08-28,Three White Soldiers | UAL,2025-09-19,Hammer | UBCP,2023-07-14,Hammer | UBCP,2023-07-17,Hammer | UBCP,2023-07-26,Dragonfly Doji | UBCP,2023-07-27,Morning Star | UBCP,2023-08-11,Morning Star | UBCP,2023-08-24,Bullish Engulfing | UBCP,2023-09-07,Dragonfly Doji | UBCP,2023-09-14,Bullish Engulfing | UBCP,2023-09-20,Hammer | UBCP,2023-09-21,Hammer | UBCP,2023-09-21,Morning Star | UBCP,2023-09-21,Dragonfly Doji | UBCP,2023-10-02,Hammer | UBCP,2023-10-12,Bullish Engulfing | UBCP,2023-10-12,Morning Star | UBCP,2023-10-20,Bullish Engulfing | UBCP,2023-10-30,Dragonfly Doji | UBCP,2023-11-08,Hammer | UBCP,2023-11-08,Dragonfly Doji | UBCP,2023-11-24,Hammer | UBCP,2023-11-24,Three White Soldiers | UBCP,2023-11-24,Dragonfly Doji | UBCP,2023-12-19,Three White Soldiers | UBCP,2023-12-20,Three White Soldiers | UBCP,2023-12-21,Three White Soldiers | UBCP,2023-12-22,Three White Soldiers | UBCP,2023-12-27,Hammer | UBCP,2024-01-02,Bullish Engulfing | UBCP,2024-01-19,Hammer | UBCP,2024-02-09,Morning Star | UBCP,2024-02-15,Hammer | UBCP,2024-02-22,Dragonfly Doji | UBCP,2024-02-26,Piercing Pattern | UBCP,2024-03-08,Hammer | UBCP,2024-03-12,Hammer | UBCP,2024-03-22,Three White Soldiers | UBCP,2024-03-25,Three White Soldiers | UBCP,2024-03-26,Hammer | UBCP,2024-04-11,Bullish Engulfing | UBCP,2024-04-22,Morning Star | UBCP,2024-04-26,Dragonfly Doji | UBCP,2024-05-07,Bullish Engulfing | UBCP,2024-05-22,Bullish Engulfing | UBCP,2024-06-12,Hammer | UBCP,2024-06-20,Dragonfly Doji | UBCP,2024-07-01,Piercing Pattern | UBCP,2024-07-11,Morning Star | UBCP,2024-07-17,Hammer | UBCP,2024-07-25,Bullish Engulfing | UBCP,2024-07-26,Hammer | UBCP,2024-07-29,Dragonfly Doji | UBCP,2024-08-07,Morning Star | UBCP,2024-08-08,Hammer | UBCP,2024-08-22,Bullish Engulfing | UBCP,2024-08-30,Bullish Engulfing | UBCP,2024-09-05,Hammer | UBCP,2024-09-06,Morning Star | UBCP,2024-09-16,Bullish Engulfing | UBCP,2024-09-19,Morning Star | UBCP,2024-09-27,Piercing Pattern | UBCP,2024-10-23,Hammer | UBCP,2024-11-06,Bullish Engulfing | UBCP,2024-11-15,Piercing Pattern | UBCP,2024-11-21,Morning Star | UBCP,2024-11-22,Hammer | UBCP,2024-11-27,Dragonfly Doji | UBCP,2024-12-02,Hammer | UBCP,2024-12-03,Bullish Engulfing | UBCP,2024-12-06,Hammer | UBCP,2024-12-09,Morning Star | UBCP,2024-12-13,Hammer | UBCP,2025-01-03,Hammer | UBCP,2025-01-21,Bullish Engulfing | UBCP,2025-01-21,Morning Star | UBCP,2025-02-10,Bullish Engulfing | UBCP,2025-02-14,Hammer | UBCP,2025-02-14,Morning Star | UBCP,2025-02-27,Three White Soldiers | UBCP,2025-02-28,Three White Soldiers | UBCP,2025-03-06,Morning Star | UBCP,2025-03-11,Piercing Pattern | UBCP,2025-03-14,Hammer | UBCP,2025-03-21,Dragonfly Doji | UBCP,2025-03-24,Morning Star | UBCP,2025-03-31,Piercing Pattern | UBCP,2025-04-23,Dragonfly Doji | UBCP,2025-05-15,Hammer | UBCP,2025-05-22,Hammer | UBCP,2025-05-28,Morning Star | UBCP,2025-05-29,Hammer | UBCP,2025-05-29,Dragonfly Doji | UBCP,2025-06-18,Morning Star | UBCP,2025-06-20,Three White Soldiers | UBCP,2025-06-23,Three White Soldiers | UBCP,2025-07-03,Hammer | UBCP,2025-07-07,Bullish Engulfing | UBCP,2025-07-07,Morning Star | UBCP,2025-08-13,Dragonfly Doji | UBCP,2025-09-09,Piercing Pattern | UBCP,2025-09-22,Piercing Pattern | UBCP,2025-09-24,Hammer | UBFO,2023-07-13,Morning Star | UBFO,2023-07-14,Hammer | UBFO,2023-07-14,Three White Soldiers | UBFO,2023-07-17,Three White Soldiers | UBFO,2023-07-18,Three White Soldiers | UBFO,2023-07-19,Three White Soldiers | UBFO,2023-07-27,Morning Star | UBFO,2023-08-01,Hammer | UBFO,2023-08-15,Morning Star | UBFO,2023-08-18,Hammer | UBFO,2023-08-23,Hammer | UBFO,2023-08-25,Hammer | UBFO,2023-08-29,Piercing Pattern | UBFO,2023-08-31,Bullish Engulfing | UBFO,2023-09-01,Hammer | UBFO,2023-09-07,Three White Soldiers | UBFO,2023-09-22,Three White Soldiers | UBFO,2023-09-29,Three White Soldiers | UBFO,2023-10-05,Bullish Engulfing | UBFO,2023-10-05,Morning Star | UBFO,2023-10-26,Piercing Pattern | UBFO,2023-10-27,Hammer | UBFO,2023-10-27,Dragonfly Doji | UBFO,2023-10-30,Three White Soldiers | UBFO,2023-11-03,Three White Soldiers | UBFO,2023-11-06,Three White Soldiers | UBFO,2023-11-08,Hammer | UBFO,2023-11-08,Piercing Pattern | UBFO,2023-11-09,Dragonfly Doji | UBFO,2023-11-15,Hammer | UBFO,2023-11-24,Morning Star | UBFO,2023-12-01,Dragonfly Doji | UBFO,2023-12-04,Morning Star | UBFO,2023-12-07,Bullish Engulfing | UBFO,2023-12-07,Morning Star | UBFO,2023-12-18,Three White Soldiers | UBFO,2023-12-20,Piercing Pattern | UBFO,2023-12-28,Piercing Pattern | UBFO,2024-01-10,Morning Star | UBFO,2024-01-12,Three White Soldiers | UBFO,2024-01-18,Piercing Pattern | UBFO,2024-01-22,Three White Soldiers | UBFO,2024-01-23,Three White Soldiers | UBFO,2024-02-01,Hammer | UBFO,2024-02-09,Morning Star | UBFO,2024-02-14,Piercing Pattern | UBFO,2024-02-22,Piercing Pattern | UBFO,2024-02-29,Piercing Pattern | UBFO,2024-03-05,Morning Star | UBFO,2024-03-06,Three White Soldiers | UBFO,2024-03-07,Three White Soldiers | UBFO,2024-03-08,Hammer | UBFO,2024-03-08,Three White Soldiers | UBFO,2024-03-27,Morning Star | UBFO,2024-04-19,Morning Star | UBFO,2024-04-22,Hammer | UBFO,2024-05-09,Bullish Engulfing | UBFO,2024-05-09,Morning Star | UBFO,2024-05-16,Morning Star | UBFO,2024-05-23,Dragonfly Doji | UBFO,2024-06-11,Bullish Engulfing | UBFO,2024-06-11,Morning Star | UBFO,2024-06-20,Piercing Pattern | UBFO,2024-06-28,Hammer | UBFO,2024-07-05,Morning Star | UBFO,2024-07-11,Morning Star | UBFO,2024-07-22,Three White Soldiers | UBFO,2024-07-23,Hammer | UBFO,2024-07-26,Three White Soldiers | UBFO,2024-08-01,Hammer | UBFO,2024-08-05,Hammer | UBFO,2024-08-05,Dragonfly Doji | UBFO,2024-08-14,Piercing Pattern | UBFO,2024-08-16,Three White Soldiers | UBFO,2024-08-19,Three White Soldiers | UBFO,2024-08-22,Bullish Engulfing | UBFO,2024-08-29,Three White Soldiers | UBFO,2024-08-30,Three White Soldiers | UBFO,2024-09-09,Hammer | UBFO,2024-09-11,Hammer | UBFO,2024-09-11,Dragonfly Doji | UBFO,2024-09-16,Piercing Pattern | UBFO,2024-09-20,Three White Soldiers | UBFO,2024-09-26,Three White Soldiers | UBFO,2024-10-11,Morning Star | UBFO,2024-10-15,Bullish Engulfing | UBFO,2024-10-17,Hammer | UBFO,2024-10-23,Hammer | UBFO,2024-10-24,Morning Star | UBFO,2024-10-25,Hammer | UBFO,2024-11-06,Morning Star | UBFO,2024-11-12,Three White Soldiers | UBFO,2024-11-13,Three White Soldiers | UBFO,2024-11-14,Hammer | UBFO,2024-11-20,Hammer | UBFO,2024-11-20,Morning Star | UBFO,2024-11-21,Three White Soldiers | UBFO,2024-11-25,Piercing Pattern | UBFO,2024-11-29,Hammer | UBFO,2024-12-06,Bullish Engulfing | UBFO,2024-12-20,Morning Star | UBFO,2025-01-06,Morning Star | UBFO,2025-01-15,Morning Star | UBFO,2025-01-17,Three White Soldiers | UBFO,2025-02-04,Bullish Engulfing | UBFO,2025-02-06,Three White Soldiers | UBFO,2025-02-07,Hammer | UBFO,2025-02-07,Three White Soldiers | UBFO,2025-02-10,Three White Soldiers | UBFO,2025-02-11,Three White Soldiers | UBFO,2025-02-26,Piercing Pattern | UBFO,2025-03-05,Piercing Pattern | UBFO,2025-03-14,Three White Soldiers | UBFO,2025-03-17,Three White Soldiers | UBFO,2025-03-27,Bullish Engulfing | UBFO,2025-03-27,Morning Star | UBFO,2025-03-28,Hammer | UBFO,2025-04-02,Hammer | UBFO,2025-04-02,Dragonfly Doji | UBFO,2025-04-09,Bullish Engulfing | UBFO,2025-04-14,Hammer | UBFO,2025-04-15,Bullish Engulfing | UBFO,2025-04-22,Three White Soldiers | UBFO,2025-04-28,Bullish Engulfing | UBFO,2025-05-02,Morning Star | UBFO,2025-06-11,Bullish Engulfing | UBFO,2025-06-11,Morning Star | UBFO,2025-06-18,Bullish Engulfing | UBFO,2025-06-18,Morning Star | UBFO,2025-06-27,Bullish Engulfing | UBFO,2025-07-02,Hammer | UBFO,2025-07-03,Bullish Engulfing | UBFO,2025-07-10,Hammer | UBFO,2025-07-14,Bullish Engulfing | UBFO,2025-07-16,Hammer | UBFO,2025-07-22,Morning Star | UBFO,2025-07-25,Hammer | UBFO,2025-07-29,Hammer | UBFO,2025-08-04,Bullish Engulfing | UBFO,2025-08-07,Morning Star | UBFO,2025-08-27,Morning Star | UBFO,2025-08-29,Hammer | UBFO,2025-09-02,Morning Star | UBFO,2025-09-04,Bullish Engulfing | UBFO,2025-09-11,Bullish Engulfing | UBFO,2025-09-11,Morning Star | UBFO,2025-09-16,Hammer | UBFO,2025-09-19,Three White Soldiers | UBND,2023-07-26,Morning Star | UBND,2023-10-05,Morning Star | UBND,2023-10-24,Three White Soldiers | UBND,2023-10-27,Hammer | UBND,2023-11-28,Three White Soldiers | UBND,2023-11-29,Three White Soldiers | UBND,2023-12-07,Three White Soldiers | UBND,2024-01-03,Bullish Engulfing | UBND,2024-01-09,Piercing Pattern | UBND,2024-01-11,Bullish Engulfing | UBND,2024-01-23,Hammer | UBND,2024-01-26,Morning Star | UBND,2024-01-30,Three White Soldiers | UBND,2024-02-23,Morning Star | UBND,2024-03-05,Hammer | UBND,2024-03-08,Dragonfly Doji | UBND,2024-03-20,Three White Soldiers | UBND,2024-03-21,Three White Soldiers | UBND,2024-03-22,Three White Soldiers | UBND,2024-03-26,Bullish Engulfing | UBND,2024-04-04,Dragonfly Doji | UBND,2024-04-12,Hammer | UBND,2024-04-22,Bullish Engulfing | UBND,2024-05-03,Three White Soldiers | UBND,2024-05-09,Morning Star | UBND,2024-05-21,Morning Star | UBND,2024-05-24,Bullish Engulfing | UBND,2024-05-31,Morning Star | UBND,2024-06-03,Three White Soldiers | UBND,2024-06-04,Three White Soldiers | UBND,2024-06-05,Three White Soldiers | UBND,2024-06-06,Three White Soldiers | UBND,2024-06-14,Morning Star | UBND,2024-06-24,Piercing Pattern | UBND,2024-07-12,Hammer | UBND,2024-07-19,Hammer | UBND,2024-07-22,Hammer | UBND,2024-07-26,Morning Star | UBND,2024-08-01,Three White Soldiers | UBND,2024-08-02,Three White Soldiers | UBND,2024-08-14,Three White Soldiers | UBND,2024-08-19,Three White Soldiers | UBND,2024-08-20,Three White Soldiers | UBND,2024-08-21,Three White Soldiers | UBND,2024-09-05,Three White Soldiers | UBND,2024-09-10,Three White Soldiers | UBND,2024-09-16,Three White Soldiers | UBND,2024-10-16,Three White Soldiers | UBND,2024-10-22,Hammer | UBND,2024-10-28,Hammer | UBND,2024-11-04,Hammer | UBND,2024-11-05,Bullish Engulfing | UBND,2024-11-05,Morning Star | UBND,2024-11-11,Dragonfly Doji | UBND,2024-11-29,Morning Star | UBND,2024-12-04,Bullish Engulfing | UBND,2025-01-02,Hammer | UBND,2025-01-02,Dragonfly Doji | UBND,2025-01-14,Hammer | UBND,2025-01-16,Three White Soldiers | UBND,2025-01-28,Three White Soldiers | UBND,2025-02-04,Piercing Pattern | UBND,2025-02-04,Morning Star | UBND,2025-02-06,Three White Soldiers | UBND,2025-02-07,Hammer | UBND,2025-02-19,Piercing Pattern | UBND,2025-02-21,Three White Soldiers | UBND,2025-02-24,Three White Soldiers | UBND,2025-02-25,Three White Soldiers | UBND,2025-02-26,Three White Soldiers | UBND,2025-03-18,Bullish Engulfing | UBND,2025-03-28,Morning Star | UBND,2025-03-31,Hammer | UBND,2025-04-14,Morning Star | UBND,2025-04-15,Three White Soldiers | UBND,2025-04-16,Three White Soldiers | UBND,2025-04-25,Morning Star | UBND,2025-04-28,Three White Soldiers | UBND,2025-04-29,Three White Soldiers | UBND,2025-04-30,Three White Soldiers | UBND,2025-05-02,Hammer | UBND,2025-05-05,Hammer | UBND,2025-05-07,Three White Soldiers | UBND,2025-05-13,Hammer | UBND,2025-05-27,Three White Soldiers | UBND,2025-06-10,Hammer | UBND,2025-06-17,Morning Star | UBND,2025-06-20,Piercing Pattern | UBND,2025-06-26,Three White Soldiers | UBND,2025-07-01,Hammer | UBND,2025-07-09,Morning Star | UBND,2025-07-22,Three White Soldiers | UBND,2025-08-04,Hammer | UBND,2025-08-06,Hammer | UBND,2025-08-15,Hammer | UBND,2025-08-21,Hammer | UBND,2025-09-04,Three White Soldiers | UBND,2025-09-05,Three White Soldiers | UBND,2025-09-08,Three White Soldiers | UBRL,2024-09-13,Hammer | UBRL,2024-09-19,Three White Soldiers | UBRL,2024-09-24,Morning Star | UBRL,2024-10-04,Morning Star | UBRL,2024-10-09,Morning Star | UBRL,2024-10-11,Three White Soldiers | UBRL,2024-10-21,Hammer | UBRL,2024-10-24,Hammer | UBRL,2024-10-24,Dragonfly Doji | UBRL,2024-11-04,Morning Star | UBRL,2024-11-06,Hammer | UBRL,2024-11-06,Three White Soldiers | UBRL,2024-12-17,Bullish Engulfing | UBRL,2024-12-17,Morning Star | UBRL,2024-12-23,Morning Star | UBRL,2024-12-24,Hammer | UBRL,2024-12-27,Hammer | UBRL,2025-01-10,Piercing Pattern | UBRL,2025-01-21,Hammer | UBRL,2025-01-23,Bullish Engulfing | UBRL,2025-01-27,Piercing Pattern | UBRL,2025-02-03,Bullish Engulfing | UBRL,2025-02-10,Three White Soldiers | UBRL,2025-02-12,Bullish Engulfing | UBRL,2025-02-19,Hammer | UBRL,2025-02-28,Piercing Pattern | UBRL,2025-03-07,Bullish Engulfing | UBRL,2025-03-17,Morning Star | UBRL,2025-03-21,Three White Soldiers | UBRL,2025-04-01,Hammer | UBRL,2025-04-09,Bullish Engulfing | UBRL,2025-04-10,Hammer | UBRL,2025-04-11,Bullish Engulfing | UBRL,2025-05-06,Three White Soldiers | UBRL,2025-05-12,Morning Star | UBRL,2025-05-13,Three White Soldiers | UBRL,2025-05-30,Hammer | UBRL,2025-05-30,Dragonfly Doji | UBRL,2025-06-05,Morning Star | UBRL,2025-06-06,Three White Soldiers | UBRL,2025-06-09,Three White Soldiers | UBRL,2025-06-23,Bullish Engulfing | UBRL,2025-06-23,Morning Star | UBRL,2025-06-27,Hammer | UBRL,2025-07-01,Hammer | UBRL,2025-07-08,Hammer | UBRL,2025-07-08,Three White Soldiers | UBRL,2025-07-18,Hammer | UBRL,2025-07-22,Morning Star | UBRL,2025-07-25,Hammer | UBRL,2025-07-30,Hammer | UBRL,2025-08-05,Three White Soldiers | UBRL,2025-08-06,Hammer | UBRL,2025-08-12,Morning Star | UBRL,2025-08-18,Three White Soldiers | UBRL,2025-08-19,Three White Soldiers | UBRL,2025-08-22,Morning Star | UBRL,2025-08-26,Bullish Engulfing | UBRL,2025-08-28,Hammer | UBRL,2025-09-12,Morning Star | UBRL,2025-09-15,Three White Soldiers | UBRL,2025-09-19,Morning Star | UBRL,2025-09-22,Three White Soldiers | UBRL,2025-09-29,Three White Soldiers | UBSI,2023-07-11,Three White Soldiers | UBSI,2023-07-17,Piercing Pattern | UBSI,2023-07-19,Three White Soldiers | UBSI,2023-07-20,Hammer | UBSI,2023-08-01,Hammer | UBSI,2023-08-04,Three White Soldiers | UBSI,2023-08-07,Three White Soldiers | UBSI,2023-08-11,Piercing Pattern | UBSI,2023-08-28,Three White Soldiers | UBSI,2023-08-29,Three White Soldiers | UBSI,2023-09-25,Bullish Engulfing | UBSI,2023-09-28,Morning Star | UBSI,2023-10-06,Three White Soldiers | UBSI,2023-10-31,Morning Star | UBSI,2023-11-03,Three White Soldiers | UBSI,2023-11-13,Morning Star | UBSI,2023-11-15,Three White Soldiers | UBSI,2023-12-01,Bullish Engulfing | UBSI,2023-12-12,Hammer | UBSI,2024-01-05,Morning Star | UBSI,2024-01-19,Three White Soldiers | UBSI,2024-01-22,Three White Soldiers | UBSI,2024-01-30,Morning Star | UBSI,2024-02-08,Piercing Pattern | UBSI,2024-02-12,Three White Soldiers | UBSI,2024-02-14,Hammer | UBSI,2024-02-15,Morning Star | UBSI,2024-03-05,Bullish Engulfing | UBSI,2024-03-19,Piercing Pattern | UBSI,2024-03-21,Three White Soldiers | UBSI,2024-04-08,Morning Star | UBSI,2024-04-11,Hammer | UBSI,2024-04-22,Three White Soldiers | UBSI,2024-04-23,Three White Soldiers | UBSI,2024-05-01,Morning Star | UBSI,2024-05-02,Hammer | UBSI,2024-05-02,Three White Soldiers | UBSI,2024-05-16,Morning Star | UBSI,2024-05-31,Morning Star | UBSI,2024-06-05,Hammer | UBSI,2024-06-06,Bullish Engulfing | UBSI,2024-06-17,Morning Star | UBSI,2024-06-24,Bullish Engulfing | UBSI,2024-06-26,Bullish Engulfing | UBSI,2024-06-28,Three White Soldiers | UBSI,2024-07-09,Bullish Engulfing | UBSI,2024-07-11,Three White Soldiers | UBSI,2024-07-17,Three White Soldiers | UBSI,2024-07-22,Morning Star | UBSI,2024-07-23,Three White Soldiers | UBSI,2024-07-31,Morning Star | UBSI,2024-08-16,Bullish Engulfing | UBSI,2024-08-16,Morning Star | UBSI,2024-08-21,Hammer | UBSI,2024-08-22,Morning Star | UBSI,2024-08-23,Morning Star | UBSI,2024-08-27,Hammer | UBSI,2024-08-28,Bullish Engulfing | UBSI,2024-09-17,Three White Soldiers | UBSI,2024-09-30,Piercing Pattern | UBSI,2024-10-09,Bullish Engulfing | UBSI,2024-10-15,Three White Soldiers | UBSI,2024-10-16,Three White Soldiers | UBSI,2024-10-24,Three White Soldiers | UBSI,2024-10-30,Bullish Engulfing | UBSI,2024-11-19,Hammer | UBSI,2024-11-22,Morning Star | UBSI,2024-12-04,Piercing Pattern | UBSI,2024-12-16,Morning Star | UBSI,2024-12-20,Piercing Pattern | UBSI,2025-01-03,Hammer | UBSI,2025-01-13,Bullish Engulfing | UBSI,2025-01-17,Hammer | UBSI,2025-01-27,Three White Soldiers | UBSI,2025-02-04,Bullish Engulfing | UBSI,2025-02-05,Hammer | UBSI,2025-02-06,Three White Soldiers | UBSI,2025-02-11,Bullish Engulfing | UBSI,2025-02-27,Morning Star | UBSI,2025-03-18,Three White Soldiers | UBSI,2025-03-19,Three White Soldiers | UBSI,2025-03-31,Piercing Pattern | UBSI,2025-04-02,Bullish Engulfing | UBSI,2025-04-04,Hammer | UBSI,2025-04-09,Bullish Engulfing | UBSI,2025-04-15,Three White Soldiers | UBSI,2025-04-16,Three White Soldiers | UBSI,2025-04-17,Three White Soldiers | UBSI,2025-04-22,Hammer | UBSI,2025-04-29,Morning Star | UBSI,2025-05-16,Hammer | UBSI,2025-05-19,Bullish Engulfing | UBSI,2025-06-03,Bullish Engulfing | UBSI,2025-06-06,Morning Star | UBSI,2025-06-10,Three White Soldiers | UBSI,2025-06-18,Bullish Engulfing | UBSI,2025-07-01,Bullish Engulfing | UBSI,2025-07-03,Three White Soldiers | UBSI,2025-07-14,Piercing Pattern | UBSI,2025-07-17,Morning Star | UBSI,2025-08-01,Hammer | UBSI,2025-08-08,Hammer | UBSI,2025-08-11,Morning Star | UBSI,2025-08-12,Hammer | UBSI,2025-08-12,Three White Soldiers | UBSI,2025-08-13,Three White Soldiers | UBSI,2025-08-22,Morning Star | UBSI,2025-09-08,Hammer | UBSI,2025-09-24,Morning Star | UBXG,2024-04-01,Piercing Pattern | UBXG,2024-04-03,Hammer | UBXG,2024-04-09,Morning Star | UBXG,2024-04-15,Morning Star | UBXG,2024-04-17,Hammer | UBXG,2024-04-17,Dragonfly Doji | UBXG,2024-04-23,Dragonfly Doji | UBXG,2024-05-01,Bullish Engulfing | UBXG,2024-05-03,Piercing Pattern | UBXG,2024-05-10,Piercing Pattern | UBXG,2024-05-16,Bullish Engulfing | UBXG,2024-05-16,Morning Star | UBXG,2024-05-17,Hammer | UBXG,2024-05-28,Three White Soldiers | UBXG,2024-05-29,Three White Soldiers | UBXG,2024-05-30,Three White Soldiers | UBXG,2024-06-04,Morning Star | UBXG,2024-06-11,Three White Soldiers | UBXG,2024-06-25,Bullish Engulfing | UBXG,2024-07-09,Three White Soldiers | UBXG,2024-07-25,Morning Star | UBXG,2024-07-31,Bullish Engulfing | UBXG,2024-08-05,Hammer | UBXG,2024-08-07,Bullish Engulfing | UBXG,2024-08-09,Three White Soldiers | UBXG,2024-08-12,Three White Soldiers | UBXG,2024-08-13,Three White Soldiers | UBXG,2024-08-14,Hammer | UBXG,2024-08-14,Three White Soldiers | UBXG,2024-08-15,Three White Soldiers | UBXG,2024-08-16,Three White Soldiers | UBXG,2024-08-19,Three White Soldiers | UBXG,2024-08-20,Three White Soldiers | UBXG,2024-08-21,Three White Soldiers | UBXG,2024-08-22,Hammer | UBXG,2024-09-24,Piercing Pattern | UBXG,2024-10-22,Three White Soldiers | UBXG,2024-10-25,Bullish Engulfing | UBXG,2024-10-29,Hammer | UBXG,2024-11-08,Three White Soldiers | UBXG,2024-11-14,Piercing Pattern | UBXG,2024-11-25,Hammer | UBXG,2024-11-26,Hammer | UBXG,2024-11-27,Hammer | UBXG,2024-12-19,Bullish Engulfing | UBXG,2024-12-24,Morning Star | UBXG,2024-12-26,Three White Soldiers | UBXG,2025-01-08,Piercing Pattern | UBXG,2025-01-13,Hammer | UBXG,2025-01-16,Morning Star | UBXG,2025-01-24,Morning Star | UBXG,2025-02-12,Bullish Engulfing | UBXG,2025-02-21,Three White Soldiers | UBXG,2025-03-21,Morning Star | UBXG,2025-03-25,Three White Soldiers | UBXG,2025-03-27,Piercing Pattern | UBXG,2025-04-22,Bullish Engulfing | UBXG,2025-05-08,Morning Star | UBXG,2025-07-03,Hammer | UBXG,2025-07-22,Bullish Engulfing | UBXG,2025-07-22,Morning Star | UBXG,2025-08-12,Morning Star | UBXG,2025-08-18,Three White Soldiers | UBXG,2025-08-19,Three White Soldiers | UBXG,2025-08-20,Three White Soldiers | UBXG,2025-08-25,Hammer | UBXG,2025-09-02,Morning Star | UBXG,2025-09-08,Three White Soldiers | UBXG,2025-09-09,Three White Soldiers | UBXG,2025-09-12,Bullish Engulfing | UBXG,2025-09-12,Morning Star | UBXG,2025-09-19,Hammer | UBXG,2025-09-23,Piercing Pattern | UBXG,2025-09-26,Piercing Pattern | UCAR,2023-07-26,Hammer | UCAR,2023-07-26,Three White Soldiers | UCAR,2023-07-28,Bullish Engulfing | UCAR,2023-08-14,Bullish Engulfing | UCAR,2023-08-30,Piercing Pattern | UCAR,2023-09-07,Bullish Engulfing | UCAR,2023-09-26,Piercing Pattern | UCAR,2023-10-04,Bullish Engulfing | UCAR,2023-10-05,Hammer | UCAR,2023-10-06,Bullish Engulfing | UCAR,2023-10-16,Bullish Engulfing | UCAR,2023-10-20,Bullish Engulfing | UCAR,2023-10-24,Piercing Pattern | UCAR,2023-10-30,Bullish Engulfing | UCAR,2023-10-30,Morning Star | UCAR,2023-11-03,Morning Star | UCAR,2023-11-07,Piercing Pattern | UCAR,2023-11-30,Dragonfly Doji | UCAR,2023-12-08,Piercing Pattern | UCAR,2023-12-27,Three White Soldiers | UCAR,2023-12-29,Hammer | UCAR,2024-01-08,Morning Star | UCAR,2024-01-19,Bullish Engulfing | UCAR,2024-02-16,Hammer | UCAR,2024-02-20,Morning Star | UCAR,2024-03-20,Morning Star | UCAR,2024-04-10,Bullish Engulfing | UCAR,2024-04-17,Bullish Engulfing | UCAR,2024-04-19,Three White Soldiers | UCAR,2024-04-25,Hammer | UCAR,2024-05-02,Bullish Engulfing | UCAR,2024-05-02,Morning Star | UCAR,2024-05-14,Morning Star | UCAR,2024-05-15,Three White Soldiers | UCAR,2024-05-16,Three White Soldiers | UCAR,2024-05-22,Morning Star | UCAR,2024-06-05,Hammer | UCAR,2024-06-07,Bullish Engulfing | UCAR,2024-06-17,Three White Soldiers | UCAR,2024-06-25,Bullish Engulfing | UCAR,2024-06-27,Three White Soldiers | UCAR,2024-07-05,Bullish Engulfing | UCAR,2024-07-09,Three White Soldiers | UCAR,2024-07-09,Dragonfly Doji | UCAR,2024-07-16,Piercing Pattern | UCAR,2024-07-19,Hammer | UCAR,2024-07-24,Hammer | UCAR,2024-07-25,Piercing Pattern | UCAR,2024-07-31,Morning Star | UCAR,2024-08-07,Hammer | UCAR,2024-08-15,Hammer | UCAR,2024-08-15,Dragonfly Doji | UCAR,2024-08-30,Hammer | UCAR,2024-08-30,Dragonfly Doji | UCAR,2024-09-03,Three White Soldiers | UCAR,2024-09-09,Hammer | UCAR,2024-09-10,Morning Star | UCAR,2024-09-25,Hammer | UCAR,2024-09-26,Bullish Engulfing | UCAR,2024-09-27,Hammer | UCAR,2024-10-14,Morning Star | UCAR,2024-10-15,Hammer | UCAR,2024-10-15,Three White Soldiers | UCAR,2024-10-15,Dragonfly Doji | UCAR,2024-10-16,Three White Soldiers | UCAR,2024-10-17,Three White Soldiers | UCAR,2024-10-25,Morning Star | UCAR,2024-10-31,Hammer | UCAR,2024-10-31,Three White Soldiers | UCAR,2024-11-04,Dragonfly Doji | UCAR,2024-11-05,Morning Star | UCAR,2024-11-21,Bullish Engulfing | UCAR,2024-11-26,Morning Star | UCAR,2024-11-29,Piercing Pattern | UCAR,2024-12-03,Three White Soldiers | UCAR,2024-12-04,Three White Soldiers | UCAR,2024-12-05,Three White Soldiers | UCAR,2024-12-06,Dragonfly Doji | UCAR,2024-12-11,Three White Soldiers | UCAR,2024-12-13,Hammer | UCAR,2024-12-13,Dragonfly Doji | UCAR,2024-12-19,Hammer | UCAR,2024-12-23,Piercing Pattern | UCAR,2025-01-03,Three White Soldiers | UCAR,2025-01-13,Hammer | UCAR,2025-01-14,Hammer | UCAR,2025-01-16,Three White Soldiers | UCAR,2025-01-17,Three White Soldiers | UCAR,2025-02-05,Morning Star | UCAR,2025-02-10,Morning Star | UCAR,2025-02-11,Three White Soldiers | UCAR,2025-02-14,Hammer | UCAR,2025-03-10,Hammer | UCAR,2025-03-10,Dragonfly Doji | UCAR,2025-03-17,Morning Star | UCAR,2025-03-27,Hammer | UCAR,2025-04-02,Three White Soldiers | UCAR,2025-04-03,Three White Soldiers | UCAR,2025-04-10,Hammer | UCAR,2025-04-11,Hammer | UCAR,2025-04-25,Hammer | UCAR,2025-04-28,Bullish Engulfing | UCAR,2025-05-01,Morning Star | UCAR,2025-05-02,Three White Soldiers | UCAR,2025-05-02,Dragonfly Doji | UCAR,2025-05-09,Bullish Engulfing | UCAR,2025-05-22,Morning Star | UCAR,2025-05-27,Hammer | UCAR,2025-05-30,Morning Star | UCAR,2025-06-02,Three White Soldiers | UCAR,2025-06-03,Three White Soldiers | UCAR,2025-06-05,Hammer | UCAR,2025-06-09,Hammer | UCAR,2025-06-10,Hammer | UCAR,2025-06-16,Three White Soldiers | UCAR,2025-06-20,Morning Star | UCAR,2025-06-27,Hammer | UCAR,2025-07-09,Hammer | UCAR,2025-07-10,Bullish Engulfing | UCAR,2025-07-16,Three White Soldiers | UCAR,2025-07-21,Piercing Pattern | UCAR,2025-07-29,Hammer | UCAR,2025-07-29,Dragonfly Doji | UCAR,2025-07-30,Morning Star | UCAR,2025-08-05,Hammer | UCAR,2025-08-13,Piercing Pattern | UCAR,2025-08-15,Three White Soldiers | UCAR,2025-09-03,Hammer | UCAR,2025-09-08,Hammer | UCAR,2025-09-08,Dragonfly Doji | UCAR,2025-09-11,Hammer | UCAR,2025-09-22,Hammer | UCFI,2024-03-04,Morning Star | UCFI,2024-03-18,Dragonfly Doji | UCFI,2024-03-27,Morning Star | UCFI,2024-04-12,Morning Star | UCFI,2024-04-15,Dragonfly Doji | UCFI,2024-05-24,Morning Star | UCFI,2024-05-28,Dragonfly Doji | UCFI,2024-05-30,Dragonfly Doji | UCFI,2024-05-31,Dragonfly Doji | UCFI,2024-06-25,Morning Star | UCFI,2024-06-28,Dragonfly Doji | UCFI,2024-07-23,Hammer | UCFI,2024-07-24,Dragonfly Doji | UCFI,2024-07-29,Hammer | UCFI,2024-07-31,Bullish Engulfing | UCFI,2024-08-01,Dragonfly Doji | UCFI,2024-08-02,Dragonfly Doji | UCFI,2024-08-12,Dragonfly Doji | UCFI,2024-09-30,Dragonfly Doji | UCFI,2024-10-01,Hammer | UCFI,2024-10-23,Hammer | UCFI,2024-11-07,Dragonfly Doji | UCFI,2025-01-10,Hammer | UCFI,2025-01-17,Dragonfly Doji | UCFI,2025-01-29,Three White Soldiers | UCFI,2025-02-27,Dragonfly Doji | UCFI,2025-03-03,Dragonfly Doji | UCFI,2025-03-06,Dragonfly Doji | UCFI,2025-03-13,Morning Star | UCFI,2025-04-29,Dragonfly Doji | UCFI,2025-06-05,Hammer | UCFI,2025-06-10,Hammer | UCFI,2025-06-11,Bullish Engulfing | UCFI,2025-06-16,Morning Star | UCFI,2025-06-18,Bullish Engulfing | UCFI,2025-07-02,Hammer | UCFI,2025-07-09,Morning Star | UCFI,2025-07-14,Three White Soldiers | UCFI,2025-07-15,Hammer | UCFI,2025-07-15,Three White Soldiers | UCFI,2025-07-31,Bullish Engulfing | UCFI,2025-07-31,Morning Star | UCFI,2025-08-11,Dragonfly Doji | UCFI,2025-08-18,Morning Star | UCFI,2025-08-27,Morning Star | UCFI,2025-09-02,Piercing Pattern | UCFI,2025-09-25,Morning Star | UCL,2023-07-07,Hammer | UCL,2023-07-07,Dragonfly Doji | UCL,2023-07-24,Hammer | UCL,2023-07-25,Bullish Engulfing | UCL,2023-07-25,Morning Star | UCL,2023-08-09,Hammer | UCL,2023-08-18,Piercing Pattern | UCL,2023-08-21,Dragonfly Doji | UCL,2023-08-31,Hammer | UCL,2023-08-31,Three White Soldiers | UCL,2023-09-07,Hammer | UCL,2023-09-22,Piercing Pattern | UCL,2023-09-26,Hammer | UCL,2023-11-03,Morning Star | UCL,2023-11-06,Three White Soldiers | UCL,2023-11-13,Three White Soldiers | UCL,2023-11-14,Three White Soldiers | UCL,2023-11-21,Hammer | UCL,2023-11-22,Morning Star | UCL,2023-12-07,Hammer | UCL,2023-12-13,Bullish Engulfing | UCL,2023-12-18,Hammer | UCL,2023-12-22,Hammer | UCL,2023-12-22,Dragonfly Doji | UCL,2024-01-03,Morning Star | UCL,2024-01-11,Dragonfly Doji | UCL,2024-01-18,Bullish Engulfing | UCL,2024-01-18,Morning Star | UCL,2024-01-29,Morning Star | UCL,2024-02-07,Morning Star | UCL,2024-02-09,Piercing Pattern | UCL,2024-02-13,Dragonfly Doji | UCL,2024-02-15,Piercing Pattern | UCL,2024-03-07,Morning Star | UCL,2024-03-20,Three White Soldiers | UCL,2024-03-22,Hammer | UCL,2024-03-22,Dragonfly Doji | UCL,2024-03-28,Hammer | UCL,2024-04-09,Three White Soldiers | UCL,2024-04-12,Morning Star | UCL,2024-04-16,Piercing Pattern | UCL,2024-04-25,Hammer | UCL,2024-05-29,Bullish Engulfing | UCL,2024-05-29,Morning Star | UCL,2024-05-31,Three White Soldiers | UCL,2024-06-03,Three White Soldiers | UCL,2024-06-05,Dragonfly Doji | UCL,2024-06-20,Morning Star | UCL,2024-06-25,Hammer | UCL,2024-06-26,Hammer | UCL,2024-08-07,Morning Star | UCL,2024-08-13,Morning Star | UCL,2024-08-23,Hammer | UCL,2024-08-28,Hammer | UCL,2024-09-12,Dragonfly Doji | UCL,2024-09-17,Hammer | UCL,2024-10-24,Hammer | UCL,2024-11-11,Morning Star | UCL,2024-11-14,Three White Soldiers | UCL,2024-11-29,Morning Star | UCL,2024-12-02,Three White Soldiers | UCL,2024-12-03,Three White Soldiers | UCL,2024-12-18,Morning Star | UCL,2024-12-27,Morning Star | UCL,2025-01-15,Morning Star | UCL,2025-01-28,Piercing Pattern | UCL,2025-01-30,Hammer | UCL,2025-03-12,Hammer | UCL,2025-03-13,Morning Star | UCL,2025-03-20,Hammer | UCL,2025-04-16,Hammer | UCL,2025-04-16,Dragonfly Doji | UCL,2025-04-25,Bullish Engulfing | UCL,2025-05-08,Three White Soldiers | UCL,2025-05-22,Morning Star | UCL,2025-05-27,Three White Soldiers | UCL,2025-05-28,Three White Soldiers | UCL,2025-06-04,Morning Star | UCL,2025-06-30,Bullish Engulfing | UCL,2025-07-08,Bullish Engulfing | UCL,2025-07-11,Hammer | UCL,2025-07-14,Morning Star | UCL,2025-07-16,Three White Soldiers | UCL,2025-07-29,Hammer | UCL,2025-08-07,Three White Soldiers | UCL,2025-08-08,Three White Soldiers | UCL,2025-08-12,Hammer | UCL,2025-08-15,Three White Soldiers | UCL,2025-09-02,Morning Star | UCRD,2023-12-21,Morning Star | UCRD,2023-12-27,Morning Star | UCRD,2024-01-09,Morning Star | UCRD,2024-01-12,Morning Star | UCRD,2024-01-30,Three White Soldiers | UCRD,2024-05-31,Three White Soldiers | UCRD,2024-06-03,Three White Soldiers | UCRD,2024-06-04,Three White Soldiers | UCRD,2024-11-05,Morning Star | UCRD,2024-11-15,Piercing Pattern | UCRD,2025-04-24,Morning Star | UCRD,2025-09-12,Morning Star | UCRD,2025-09-23,Bullish Engulfing | UCTT,2023-07-13,Morning Star | UCTT,2023-07-26,Hammer | UCTT,2023-07-26,Bullish Engulfing | UCTT,2023-08-07,Three White Soldiers | UCTT,2023-08-18,Bullish Engulfing | UCTT,2023-08-23,Bullish Engulfing | UCTT,2023-08-31,Three White Soldiers | UCTT,2023-09-01,Three White Soldiers | UCTT,2023-09-14,Three White Soldiers | UCTT,2023-09-29,Three White Soldiers | UCTT,2023-11-15,Morning Star | UCTT,2023-11-20,Bullish Engulfing | UCTT,2023-11-27,Bullish Engulfing | UCTT,2023-12-01,Bullish Engulfing | UCTT,2023-12-13,Bullish Engulfing | UCTT,2023-12-18,Hammer | UCTT,2023-12-19,Morning Star | UCTT,2023-12-26,Three White Soldiers | UCTT,2023-12-27,Three White Soldiers | UCTT,2024-01-08,Morning Star | UCTT,2024-01-16,Morning Star | UCTT,2024-01-22,Three White Soldiers | UCTT,2024-01-23,Three White Soldiers | UCTT,2024-01-23,Dragonfly Doji | UCTT,2024-01-29,Bullish Engulfing | UCTT,2024-02-02,Three White Soldiers | UCTT,2024-02-08,Three White Soldiers | UCTT,2024-02-09,Three White Soldiers | UCTT,2024-02-15,Three White Soldiers | UCTT,2024-02-16,Three White Soldiers | UCTT,2024-02-29,Hammer | UCTT,2024-03-01,Morning Star | UCTT,2024-03-05,Bullish Engulfing | UCTT,2024-03-07,Three White Soldiers | UCTT,2024-03-12,Hammer | UCTT,2024-03-22,Piercing Pattern | UCTT,2024-04-16,Piercing Pattern | UCTT,2024-04-29,Three White Soldiers | UCTT,2024-05-03,Hammer | UCTT,2024-05-14,Piercing Pattern | UCTT,2024-05-20,Morning Star | UCTT,2024-05-29,Piercing Pattern | UCTT,2024-06-10,Bullish Engulfing | UCTT,2024-06-10,Morning Star | UCTT,2024-06-12,Three White Soldiers | UCTT,2024-06-14,Hammer | UCTT,2024-07-02,Three White Soldiers | UCTT,2024-07-03,Three White Soldiers | UCTT,2024-07-10,Three White Soldiers | UCTT,2024-07-16,Morning Star | UCTT,2024-08-09,Morning Star | UCTT,2024-09-10,Bullish Engulfing | UCTT,2024-09-19,Hammer | UCTT,2024-09-20,Morning Star | UCTT,2024-10-09,Bullish Engulfing | UCTT,2024-10-30,Morning Star | UCTT,2024-11-06,Three White Soldiers | UCTT,2024-11-07,Three White Soldiers | UCTT,2024-11-19,Morning Star | UCTT,2024-11-29,Morning Star | UCTT,2024-12-23,Morning Star | UCTT,2024-12-24,Three White Soldiers | UCTT,2024-12-27,Hammer | UCTT,2025-01-03,Three White Soldiers | UCTT,2025-01-06,Three White Soldiers | UCTT,2025-01-08,Hammer | UCTT,2025-01-08,Dragonfly Doji | UCTT,2025-01-29,Morning Star | UCTT,2025-01-30,Three White Soldiers | UCTT,2025-01-31,Three White Soldiers | UCTT,2025-02-05,Three White Soldiers | UCTT,2025-03-05,Morning Star | UCTT,2025-03-14,Morning Star | UCTT,2025-03-19,Bullish Engulfing | UCTT,2025-03-21,Hammer | UCTT,2025-04-02,Bullish Engulfing | UCTT,2025-04-04,Hammer | UCTT,2025-04-25,Three White Soldiers | UCTT,2025-04-30,Dragonfly Doji | UCTT,2025-05-07,Hammer | UCTT,2025-05-08,Three White Soldiers | UCTT,2025-06-04,Three White Soldiers | UCTT,2025-06-09,Morning Star | UCTT,2025-06-24,Morning Star | UCTT,2025-06-27,Morning Star | UCTT,2025-07-01,Bullish Engulfing | UCTT,2025-07-11,Morning Star | UCTT,2025-07-16,Hammer | UCTT,2025-07-16,Bullish Engulfing | UCTT,2025-07-28,Morning Star | UCTT,2025-08-22,Morning Star | UCTT,2025-09-11,Morning Star | UCYB,2023-07-19,Three White Soldiers | UCYB,2023-07-26,Hammer | UCYB,2023-07-26,Morning Star | UCYB,2023-07-26,Dragonfly Doji | UCYB,2023-07-31,Morning Star | UCYB,2023-08-31,Three White Soldiers | UCYB,2023-10-09,Bullish Engulfing | UCYB,2023-10-16,Morning Star | UCYB,2023-10-24,Morning Star | UCYB,2023-10-31,Morning Star | UCYB,2023-11-01,Hammer | UCYB,2023-11-02,Hammer | UCYB,2023-11-02,Three White Soldiers | UCYB,2023-11-03,Three White Soldiers | UCYB,2023-11-13,Morning Star | UCYB,2023-12-08,Morning Star | UCYB,2023-12-13,Bullish Engulfing | UCYB,2023-12-19,Three White Soldiers | UCYB,2024-01-09,Three White Soldiers | UCYB,2024-01-10,Three White Soldiers | UCYB,2024-01-11,Three White Soldiers | UCYB,2024-01-19,Three White Soldiers | UCYB,2024-01-22,Hammer | UCYB,2024-02-01,Hammer | UCYB,2024-02-01,Dragonfly Doji | UCYB,2024-02-02,Morning Star | UCYB,2024-02-05,Hammer | UCYB,2024-02-07,Morning Star | UCYB,2024-02-09,Three White Soldiers | UCYB,2024-02-15,Three White Soldiers | UCYB,2024-02-26,Three White Soldiers | UCYB,2024-02-27,Hammer | UCYB,2024-02-27,Dragonfly Doji | UCYB,2024-02-29,Hammer | UCYB,2024-03-01,Bullish Engulfing | UCYB,2024-03-01,Morning Star | UCYB,2024-03-12,Morning Star | UCYB,2024-03-27,Hammer | UCYB,2024-05-03,Dragonfly Doji | UCYB,2024-06-17,Morning Star | UCYB,2024-07-16,Morning Star | UCYB,2024-07-26,Morning Star | UCYB,2024-08-08,Morning Star | UCYB,2024-08-22,Hammer | UCYB,2024-09-04,Hammer | UCYB,2024-09-04,Dragonfly Doji | UCYB,2024-09-11,Bullish Engulfing | UCYB,2024-09-30,Piercing Pattern | UCYB,2024-10-09,Morning Star | UCYB,2024-10-10,Three White Soldiers | UCYB,2024-11-08,Hammer | UCYB,2024-11-11,Three White Soldiers | UCYB,2024-11-12,Three White Soldiers | UCYB,2024-11-19,Bullish Engulfing | UCYB,2024-11-19,Morning Star | UCYB,2024-11-21,Three White Soldiers | UCYB,2024-11-22,Hammer | UCYB,2024-11-22,Three White Soldiers | UCYB,2024-12-13,Three White Soldiers | UCYB,2024-12-16,Three White Soldiers | UCYB,2024-12-20,Morning Star | UCYB,2024-12-23,Hammer | UCYB,2024-12-26,Three White Soldiers | UCYB,2025-01-31,Morning Star | UCYB,2025-02-03,Morning Star | UCYB,2025-02-05,Three White Soldiers | UCYB,2025-02-20,Hammer | UCYB,2025-02-20,Dragonfly Doji | UCYB,2025-03-04,Piercing Pattern | UCYB,2025-03-07,Piercing Pattern | UCYB,2025-03-12,Morning Star | UCYB,2025-03-26,Hammer | UCYB,2025-04-02,Hammer | UCYB,2025-04-02,Three White Soldiers | UCYB,2025-04-09,Bullish Engulfing | UCYB,2025-04-10,Hammer | UCYB,2025-04-11,Bullish Engulfing | UCYB,2025-05-05,Morning Star | UCYB,2025-05-07,Hammer | UCYB,2025-05-20,Three White Soldiers | UCYB,2025-06-11,Hammer | UCYB,2025-06-13,Hammer | UCYB,2025-06-13,Dragonfly Doji | UCYB,2025-07-01,Hammer | UCYB,2025-07-09,Morning Star | UCYB,2025-07-16,Three White Soldiers | UCYB,2025-07-21,Morning Star | UCYB,2025-08-12,Morning Star | UCYB,2025-08-27,Morning Star | UCYB,2025-09-04,Hammer | UCYB,2025-09-05,Three White Soldiers | UCYB,2025-09-08,Three White Soldiers | UDMY,2023-07-11,Three White Soldiers | UDMY,2023-07-12,Hammer | UDMY,2023-07-26,Bullish Engulfing | UDMY,2023-08-01,Hammer | UDMY,2023-08-11,Bullish Engulfing | UDMY,2023-08-30,Bullish Engulfing | UDMY,2023-09-05,Bullish Engulfing | UDMY,2023-09-15,Hammer | UDMY,2023-09-15,Dragonfly Doji | UDMY,2023-09-25,Bullish Engulfing | UDMY,2023-09-28,Morning Star | UDMY,2023-10-04,Bullish Engulfing | UDMY,2023-10-10,Three White Soldiers | UDMY,2023-10-11,Three White Soldiers | UDMY,2023-10-16,Hammer | UDMY,2023-10-30,Hammer | UDMY,2023-11-01,Hammer | UDMY,2023-11-07,Piercing Pattern | UDMY,2023-11-10,Bullish Engulfing | UDMY,2023-11-14,Three White Soldiers | UDMY,2023-11-15,Three White Soldiers | UDMY,2023-11-16,Three White Soldiers | UDMY,2023-11-20,Bullish Engulfing | UDMY,2023-11-30,Bullish Engulfing | UDMY,2023-12-07,Hammer | UDMY,2023-12-26,Morning Star | UDMY,2023-12-28,Hammer | UDMY,2024-01-11,Three White Soldiers | UDMY,2024-01-19,Hammer | UDMY,2024-01-23,Three White Soldiers | UDMY,2024-01-24,Three White Soldiers | UDMY,2024-01-26,Bullish Engulfing | UDMY,2024-02-07,Hammer | UDMY,2024-02-23,Piercing Pattern | UDMY,2024-02-27,Three White Soldiers | UDMY,2024-02-28,Three White Soldiers | UDMY,2024-03-13,Three White Soldiers | UDMY,2024-04-08,Morning Star | UDMY,2024-04-16,Hammer | UDMY,2024-04-26,Morning Star | UDMY,2024-04-30,Hammer | UDMY,2024-05-16,Morning Star | UDMY,2024-05-17,Hammer | UDMY,2024-06-07,Three White Soldiers | UDMY,2024-06-10,Three White Soldiers | UDMY,2024-06-26,Hammer | UDMY,2024-07-02,Hammer | UDMY,2024-07-22,Morning Star | UDMY,2024-07-26,Morning Star | UDMY,2024-08-13,Piercing Pattern | UDMY,2024-08-19,Three White Soldiers | UDMY,2024-08-20,Hammer | UDMY,2024-08-20,Three White Soldiers | UDMY,2024-08-21,Three White Soldiers | UDMY,2024-08-23,Piercing Pattern | UDMY,2024-08-29,Morning Star | UDMY,2024-09-13,Three White Soldiers | UDMY,2024-09-20,Hammer | UDMY,2024-10-04,Hammer | UDMY,2024-10-09,Morning Star | UDMY,2024-10-14,Three White Soldiers | UDMY,2024-10-15,Three White Soldiers | UDMY,2024-10-16,Three White Soldiers | UDMY,2024-10-21,Hammer | UDMY,2024-10-28,Morning Star | UDMY,2024-11-07,Bullish Engulfing | UDMY,2024-11-21,Hammer | UDMY,2024-11-25,Three White Soldiers | UDMY,2024-12-10,Bullish Engulfing | UDMY,2024-12-20,Piercing Pattern | UDMY,2024-12-24,Hammer | UDMY,2024-12-26,Bullish Engulfing | UDMY,2025-01-08,Piercing Pattern | UDMY,2025-01-14,Dragonfly Doji | UDMY,2025-01-21,Hammer | UDMY,2025-01-27,Three White Soldiers | UDMY,2025-01-28,Three White Soldiers | UDMY,2025-02-07,Piercing Pattern | UDMY,2025-02-14,Three White Soldiers | UDMY,2025-02-18,Hammer | UDMY,2025-02-18,Dragonfly Doji | UDMY,2025-02-19,Bullish Engulfing | UDMY,2025-02-24,Hammer | UDMY,2025-02-28,Hammer | UDMY,2025-03-04,Piercing Pattern | UDMY,2025-03-13,Hammer | UDMY,2025-03-18,Three White Soldiers | UDMY,2025-03-19,Three White Soldiers | UDMY,2025-04-01,Piercing Pattern | UDMY,2025-04-09,Bullish Engulfing | UDMY,2025-04-16,Hammer | UDMY,2025-04-24,Three White Soldiers | UDMY,2025-04-25,Three White Soldiers | UDMY,2025-05-06,Bullish Engulfing | UDMY,2025-05-22,Piercing Pattern | UDMY,2025-05-27,Three White Soldiers | UDMY,2025-05-28,Three White Soldiers | UDMY,2025-06-03,Three White Soldiers | UDMY,2025-06-06,Hammer | UDMY,2025-06-26,Hammer | UDMY,2025-07-01,Bullish Engulfing | UDMY,2025-07-09,Morning Star | UDMY,2025-07-14,Piercing Pattern | UDMY,2025-07-16,Three White Soldiers | UDMY,2025-07-17,Three White Soldiers | UDMY,2025-07-23,Hammer | UDMY,2025-08-19,Hammer | UDMY,2025-08-21,Bullish Engulfing | UDMY,2025-09-04,Hammer | UDMY,2025-09-08,Hammer | UDMY,2025-09-16,Piercing Pattern | UDMY,2025-09-18,Three White Soldiers | UDMY,2025-09-25,Hammer | UDMY,2025-09-29,Three White Soldiers | UEIC,2023-07-05,Hammer | UEIC,2023-07-07,Bullish Engulfing | UEIC,2023-07-14,Bullish Engulfing | UEIC,2023-07-20,Hammer | UEIC,2023-07-20,Three White Soldiers | UEIC,2023-07-21,Hammer | UEIC,2023-07-24,Bullish Engulfing | UEIC,2023-08-09,Hammer | UEIC,2023-08-29,Piercing Pattern | UEIC,2023-09-05,Hammer | UEIC,2023-09-07,Bullish Engulfing | UEIC,2023-09-12,Morning Star | UEIC,2023-09-28,Morning Star | UEIC,2023-10-04,Hammer | UEIC,2023-10-05,Three White Soldiers | UEIC,2023-10-13,Hammer | UEIC,2023-10-16,Morning Star | UEIC,2023-10-19,Bullish Engulfing | UEIC,2023-10-30,Dragonfly Doji | UEIC,2023-10-31,Hammer | UEIC,2023-11-17,Hammer | UEIC,2023-11-28,Hammer | UEIC,2023-12-13,Bullish Engulfing | UEIC,2023-12-15,Hammer | UEIC,2023-12-15,Three White Soldiers | UEIC,2023-12-28,Three White Soldiers | UEIC,2023-12-29,Three White Soldiers | UEIC,2024-01-02,Three White Soldiers | UEIC,2024-01-08,Morning Star | UEIC,2024-01-23,Three White Soldiers | UEIC,2024-01-25,Hammer | UEIC,2024-01-26,Hammer | UEIC,2024-01-26,Dragonfly Doji | UEIC,2024-02-09,Morning Star | UEIC,2024-02-15,Morning Star | UEIC,2024-02-23,Piercing Pattern | UEIC,2024-03-08,Morning Star | UEIC,2024-03-13,Hammer | UEIC,2024-03-14,Bullish Engulfing | UEIC,2024-03-18,Three White Soldiers | UEIC,2024-03-19,Three White Soldiers | UEIC,2024-04-04,Three White Soldiers | UEIC,2024-04-05,Three White Soldiers | UEIC,2024-04-11,Hammer | UEIC,2024-04-17,Hammer | UEIC,2024-04-17,Dragonfly Doji | UEIC,2024-04-29,Three White Soldiers | UEIC,2024-04-30,Three White Soldiers | UEIC,2024-05-02,Hammer | UEIC,2024-05-07,Three White Soldiers | UEIC,2024-05-08,Three White Soldiers | UEIC,2024-05-22,Bullish Engulfing | UEIC,2024-05-24,Three White Soldiers | UEIC,2024-05-30,Morning Star | UEIC,2024-05-31,Three White Soldiers | UEIC,2024-06-14,Hammer | UEIC,2024-06-21,Morning Star | UEIC,2024-06-28,Three White Soldiers | UEIC,2024-07-02,Dragonfly Doji | UEIC,2024-07-03,Morning Star | UEIC,2024-07-08,Bullish Engulfing | UEIC,2024-07-09,Hammer | UEIC,2024-07-22,Hammer | UEIC,2024-07-22,Three White Soldiers | UEIC,2024-08-27,Bullish Engulfing | UEIC,2024-08-28,Hammer | UEIC,2024-08-29,Three White Soldiers | UEIC,2024-08-30,Three White Soldiers | UEIC,2024-09-20,Bullish Engulfing | UEIC,2024-09-20,Morning Star | UEIC,2024-09-24,Piercing Pattern | UEIC,2024-09-27,Hammer | UEIC,2024-10-08,Hammer | UEIC,2024-10-17,Hammer | UEIC,2024-10-23,Piercing Pattern | UEIC,2024-10-30,Three White Soldiers | UEIC,2024-10-31,Hammer | UEIC,2024-11-05,Bullish Engulfing | UEIC,2024-11-14,Piercing Pattern | UEIC,2024-11-18,Three White Soldiers | UEIC,2024-11-19,Three White Soldiers | UEIC,2024-11-20,Three White Soldiers | UEIC,2024-12-16,Bullish Engulfing | UEIC,2024-12-24,Dragonfly Doji | UEIC,2024-12-26,Bullish Engulfing | UEIC,2024-12-26,Morning Star | UEIC,2024-12-27,Dragonfly Doji | UEIC,2025-01-03,Hammer | UEIC,2025-01-08,Hammer | UEIC,2025-01-14,Morning Star | UEIC,2025-01-21,Three White Soldiers | UEIC,2025-01-22,Three White Soldiers | UEIC,2025-02-05,Dragonfly Doji | UEIC,2025-03-06,Hammer | UEIC,2025-03-13,Hammer | UEIC,2025-04-02,Bullish Engulfing | UEIC,2025-04-09,Piercing Pattern | UEIC,2025-04-14,Morning Star | UEIC,2025-04-17,Piercing Pattern | UEIC,2025-04-24,Hammer | UEIC,2025-04-25,Hammer | UEIC,2025-04-30,Morning Star | UEIC,2025-05-02,Hammer | UEIC,2025-05-05,Bullish Engulfing | UEIC,2025-05-05,Morning Star | UEIC,2025-05-07,Three White Soldiers | UEIC,2025-05-08,Three White Soldiers | UEIC,2025-05-09,Three White Soldiers | UEIC,2025-05-12,Hammer | UEIC,2025-05-12,Three White Soldiers | UEIC,2025-05-13,Three White Soldiers | UEIC,2025-05-14,Three White Soldiers | UEIC,2025-05-15,Three White Soldiers | UEIC,2025-05-22,Piercing Pattern | UEIC,2025-05-29,Bullish Engulfing | UEIC,2025-06-20,Morning Star | UEIC,2025-06-30,Morning Star | UEIC,2025-07-01,Three White Soldiers | UEIC,2025-07-02,Three White Soldiers | UEIC,2025-07-03,Three White Soldiers | UEIC,2025-07-17,Bullish Engulfing | UEIC,2025-08-01,Bullish Engulfing | UEIC,2025-08-01,Morning Star | UEIC,2025-08-04,Hammer | UEIC,2025-08-15,Hammer | UEIC,2025-08-25,Three White Soldiers | UEVM,2023-07-10,Morning Star | UEVM,2023-07-12,Three White Soldiers | UEVM,2023-07-13,Three White Soldiers | UEVM,2023-07-18,Morning Star | UEVM,2023-07-19,Hammer | UEVM,2023-07-20,Bullish Engulfing | UEVM,2023-07-31,Morning Star | UEVM,2023-08-23,Three White Soldiers | UEVM,2023-08-28,Hammer | UEVM,2023-08-28,Morning Star | UEVM,2023-10-11,Three White Soldiers | UEVM,2023-11-03,Three White Soldiers | UEVM,2023-11-06,Hammer | UEVM,2023-12-14,Three White Soldiers | UEVM,2023-12-19,Bullish Engulfing | UEVM,2023-12-27,Morning Star | UEVM,2024-01-19,Three White Soldiers | UEVM,2024-01-23,Bullish Engulfing | UEVM,2024-02-20,Hammer | UEVM,2024-03-12,Bullish Engulfing | UEVM,2024-04-09,Three White Soldiers | UEVM,2024-04-19,Bullish Engulfing | UEVM,2024-04-23,Three White Soldiers | UEVM,2024-04-29,Three White Soldiers | UEVM,2024-05-14,Morning Star | UEVM,2024-05-16,Three White Soldiers | UEVM,2024-05-17,Three White Soldiers | UEVM,2024-05-21,Hammer | UEVM,2024-06-03,Hammer | UEVM,2024-07-05,Three White Soldiers | UEVM,2024-07-10,Morning Star | UEVM,2024-07-26,Morning Star | UEVM,2024-08-02,Hammer | UEVM,2024-08-02,Dragonfly Doji | UEVM,2024-08-16,Hammer | UEVM,2024-08-28,Hammer | UEVM,2024-08-29,Piercing Pattern | UEVM,2024-08-30,Hammer | UEVM,2024-09-10,Hammer | UEVM,2024-09-11,Bullish Engulfing | UEVM,2024-09-13,Three White Soldiers | UEVM,2024-09-16,Hammer | UEVM,2024-09-19,Morning Star | UEVM,2024-09-27,Morning Star | UEVM,2024-10-01,Piercing Pattern | UEVM,2024-10-07,Three White Soldiers | UEVM,2024-10-08,Hammer | UEVM,2024-10-11,Three White Soldiers | UEVM,2024-11-06,Morning Star | UEVM,2024-11-08,Hammer | UEVM,2024-11-08,Dragonfly Doji | UEVM,2024-11-15,Hammer | UEVM,2024-11-18,Morning Star | UEVM,2024-12-02,Morning Star | UEVM,2024-12-20,Morning Star | UEVM,2025-01-14,Morning Star | UEVM,2025-01-15,Three White Soldiers | UEVM,2025-01-24,Morning Star | UEVM,2025-02-04,Morning Star | UEVM,2025-02-13,Three White Soldiers | UEVM,2025-02-20,Morning Star | UEVM,2025-02-28,Hammer | UEVM,2025-03-04,Piercing Pattern | UEVM,2025-03-12,Morning Star | UEVM,2025-03-14,Three White Soldiers | UEVM,2025-03-17,Three White Soldiers | UEVM,2025-03-18,Three White Soldiers | UEVM,2025-04-30,Bullish Engulfing | UEVM,2025-05-12,Hammer | UEVM,2025-05-14,Hammer | UEVM,2025-06-03,Three White Soldiers | UEVM,2025-06-04,Three White Soldiers | UEVM,2025-07-22,Morning Star | UEVM,2025-07-23,Three White Soldiers | UEVM,2025-07-24,Hammer | UEVM,2025-07-24,Dragonfly Doji | UEVM,2025-08-06,Hammer | UEVM,2025-08-07,Hammer | UEVM,2025-08-18,Three White Soldiers | UEVM,2025-09-08,Hammer | UEVM,2025-09-22,Bullish Engulfing | UFCS,2023-07-12,Morning Star | UFCS,2023-07-14,Hammer | UFCS,2023-07-18,Hammer | UFCS,2023-07-24,Piercing Pattern | UFCS,2023-07-28,Piercing Pattern | UFCS,2023-08-03,Bullish Engulfing | UFCS,2023-08-07,Piercing Pattern | UFCS,2023-08-17,Morning Star | UFCS,2023-08-18,Three White Soldiers | UFCS,2023-08-21,Three White Soldiers | UFCS,2023-08-22,Three White Soldiers | UFCS,2023-08-23,Three White Soldiers | UFCS,2023-08-24,Hammer | UFCS,2023-08-24,Three White Soldiers | UFCS,2023-09-01,Bullish Engulfing | UFCS,2023-09-11,Hammer | UFCS,2023-09-12,Morning Star | UFCS,2023-09-13,Three White Soldiers | UFCS,2023-09-14,Three White Soldiers | UFCS,2023-09-22,Morning Star | UFCS,2023-09-25,Three White Soldiers | UFCS,2023-10-04,Morning Star | UFCS,2023-10-11,Piercing Pattern | UFCS,2023-10-13,Piercing Pattern | UFCS,2023-10-17,Three White Soldiers | UFCS,2023-11-01,Piercing Pattern | UFCS,2023-11-13,Piercing Pattern | UFCS,2023-11-22,Three White Soldiers | UFCS,2023-11-30,Bullish Engulfing | UFCS,2023-12-04,Three White Soldiers | UFCS,2023-12-13,Hammer | UFCS,2023-12-13,Piercing Pattern | UFCS,2023-12-19,Morning Star | UFCS,2023-12-26,Morning Star | UFCS,2024-01-05,Bullish Engulfing | UFCS,2024-01-18,Morning Star | UFCS,2024-01-19,Three White Soldiers | UFCS,2024-01-22,Three White Soldiers | UFCS,2024-01-29,Piercing Pattern | UFCS,2024-02-01,Hammer | UFCS,2024-02-06,Piercing Pattern | UFCS,2024-02-09,Morning Star | UFCS,2024-02-12,Three White Soldiers | UFCS,2024-03-13,Hammer | UFCS,2024-03-20,Bullish Engulfing | UFCS,2024-04-03,Bullish Engulfing | UFCS,2024-04-08,Morning Star | UFCS,2024-04-10,Bullish Engulfing | UFCS,2024-04-18,Three White Soldiers | UFCS,2024-04-19,Three White Soldiers | UFCS,2024-04-23,Bullish Engulfing | UFCS,2024-05-02,Three White Soldiers | UFCS,2024-05-08,Three White Soldiers | UFCS,2024-05-16,Morning Star | UFCS,2024-05-23,Hammer | UFCS,2024-05-24,Hammer | UFCS,2024-05-31,Dragonfly Doji | UFCS,2024-06-07,Bullish Engulfing | UFCS,2024-06-13,Hammer | UFCS,2024-06-20,Bullish Engulfing | UFCS,2024-06-26,Hammer | UFCS,2024-06-26,Bullish Engulfing | UFCS,2024-06-28,Three White Soldiers | UFCS,2024-07-10,Hammer | UFCS,2024-07-12,Three White Soldiers | UFCS,2024-07-15,Three White Soldiers | UFCS,2024-07-16,Three White Soldiers | UFCS,2024-07-17,Three White Soldiers | UFCS,2024-08-14,Hammer | UFCS,2024-08-15,Three White Soldiers | UFCS,2024-08-16,Three White Soldiers | UFCS,2024-08-19,Three White Soldiers | UFCS,2024-08-22,Bullish Engulfing | UFCS,2024-08-22,Morning Star | UFCS,2024-08-30,Hammer | UFCS,2024-09-09,Bullish Engulfing | UFCS,2024-09-13,Morning Star | UFCS,2024-09-16,Hammer | UFCS,2024-09-17,Three White Soldiers | UFCS,2024-09-26,Hammer | UFCS,2024-09-30,Piercing Pattern | UFCS,2024-10-14,Three White Soldiers | UFCS,2024-10-15,Three White Soldiers | UFCS,2024-10-16,Three White Soldiers | UFCS,2024-10-17,Three White Soldiers | UFCS,2024-10-24,Dragonfly Doji | UFCS,2024-10-30,Bullish Engulfing | UFCS,2024-11-05,Morning Star | UFCS,2024-11-06,Three White Soldiers | UFCS,2024-11-18,Morning Star | UFCS,2024-11-19,Three White Soldiers | UFCS,2024-11-20,Hammer | UFCS,2024-11-20,Three White Soldiers | UFCS,2024-11-21,Three White Soldiers | UFCS,2024-12-02,Hammer | UFCS,2024-12-06,Three White Soldiers | UFCS,2024-12-06,Dragonfly Doji | UFCS,2024-12-11,Hammer | UFCS,2024-12-11,Dragonfly Doji | UFCS,2024-12-12,Bullish Engulfing | UFCS,2024-12-17,Hammer | UFCS,2024-12-24,Morning Star | UFCS,2025-01-16,Bullish Engulfing | UFCS,2025-01-27,Bullish Engulfing | UFCS,2025-02-05,Hammer | UFCS,2025-02-05,Three White Soldiers | UFCS,2025-02-06,Hammer | UFCS,2025-02-20,Hammer | UFCS,2025-02-25,Morning Star | UFCS,2025-02-26,Hammer | UFCS,2025-02-27,Bullish Engulfing | UFCS,2025-03-05,Morning Star | UFCS,2025-03-11,Hammer | UFCS,2025-03-12,Morning Star | UFCS,2025-03-13,Three White Soldiers | UFCS,2025-03-14,Three White Soldiers | UFCS,2025-03-20,Morning Star | UFCS,2025-04-09,Bullish Engulfing | UFCS,2025-04-15,Morning Star | UFCS,2025-04-16,Three White Soldiers | UFCS,2025-04-17,Three White Soldiers | UFCS,2025-04-24,Bullish Engulfing | UFCS,2025-05-01,Piercing Pattern | UFCS,2025-05-06,Bullish Engulfing | UFCS,2025-05-09,Morning Star | UFCS,2025-05-23,Piercing Pattern | UFCS,2025-06-05,Hammer | UFCS,2025-06-06,Morning Star | UFCS,2025-06-09,Hammer | UFCS,2025-06-12,Piercing Pattern | UFCS,2025-06-18,Three White Soldiers | UFCS,2025-06-23,Piercing Pattern | UFCS,2025-07-09,Dragonfly Doji | UFCS,2025-07-14,Morning Star | UFCS,2025-07-17,Bullish Engulfing | UFCS,2025-08-07,Hammer | UFCS,2025-08-13,Three White Soldiers | UFCS,2025-08-15,Hammer | UFCS,2025-08-18,Hammer | UFCS,2025-08-21,Three White Soldiers | UFCS,2025-08-22,Three White Soldiers | UFCS,2025-08-27,Bullish Engulfing | UFCS,2025-09-10,Bullish Engulfing | UFG,2025-01-24,Hammer | UFG,2025-02-11,Hammer | UFG,2025-02-21,Morning Star | UFG,2025-02-24,Hammer | UFG,2025-02-26,Bullish Engulfing | UFG,2025-03-03,Hammer | UFG,2025-03-04,Piercing Pattern | UFG,2025-03-13,Bullish Engulfing | UFG,2025-03-17,Three White Soldiers | UFG,2025-03-19,Bullish Engulfing | UFG,2025-03-21,Three White Soldiers | UFG,2025-04-22,Dragonfly Doji | UFG,2025-04-23,Hammer | UFG,2025-04-25,Hammer | UFG,2025-04-29,Dragonfly Doji | UFG,2025-05-08,Three White Soldiers | UFG,2025-05-09,Three White Soldiers | UFG,2025-05-12,Three White Soldiers | UFG,2025-05-14,Hammer | UFG,2025-06-09,Hammer | UFG,2025-06-18,Piercing Pattern | UFG,2025-07-08,Hammer | UFG,2025-07-11,Morning Star | UFG,2025-07-23,Three White Soldiers | UFG,2025-07-24,Three White Soldiers | UFG,2025-07-25,Three White Soldiers | UFG,2025-08-05,Bullish Engulfing | UFG,2025-08-07,Three White Soldiers | UFG,2025-08-08,Three White Soldiers | UFG,2025-08-11,Three White Soldiers | UFG,2025-08-15,Three White Soldiers | UFG,2025-08-18,Three White Soldiers | UFG,2025-08-19,Three White Soldiers | UFG,2025-08-20,Three White Soldiers | UFG,2025-08-21,Three White Soldiers | UFG,2025-08-25,Hammer | UFG,2025-08-28,Morning Star | UFG,2025-09-02,Three White Soldiers | UFG,2025-09-08,Morning Star | UFG,2025-09-11,Bullish Engulfing | UFG,2025-09-26,Three White Soldiers | UFIV,2023-07-31,Morning Star | UFIV,2023-08-17,Hammer | UFIV,2023-08-18,Morning Star | UFIV,2023-08-29,Three White Soldiers | UFIV,2023-08-31,Bullish Engulfing | UFIV,2023-09-07,Morning Star | UFIV,2023-09-28,Hammer | UFIV,2023-10-11,Dragonfly Doji | UFIV,2023-10-20,Morning Star | UFIV,2023-11-22,Hammer | UFIV,2023-11-27,Morning Star | UFIV,2023-11-28,Three White Soldiers | UFIV,2023-12-06,Hammer | UFIV,2023-12-13,Three White Soldiers | UFIV,2023-12-14,Three White Soldiers | UFIV,2023-12-29,Piercing Pattern | UFIV,2024-01-03,Bullish Engulfing | UFIV,2024-01-11,Morning Star | UFIV,2024-02-15,Morning Star | UFIV,2024-02-16,Hammer | UFIV,2024-02-16,Dragonfly Doji | UFIV,2024-02-23,Bullish Engulfing | UFIV,2024-02-28,Hammer | UFIV,2024-03-01,Morning Star | UFIV,2024-03-04,Hammer | UFIV,2024-03-18,Hammer | UFIV,2024-03-26,Bullish Engulfing | UFIV,2024-04-02,Hammer | UFIV,2024-04-03,Morning Star | UFIV,2024-04-23,Bullish Engulfing | UFIV,2024-05-15,Morning Star | UFIV,2024-05-31,Morning Star | UFIV,2024-06-03,Three White Soldiers | UFIV,2024-06-04,Three White Soldiers | UFIV,2024-06-05,Three White Soldiers | UFIV,2024-06-06,Three White Soldiers | UFIV,2024-06-10,Hammer | UFIV,2024-06-11,Morning Star | UFIV,2024-06-14,Morning Star | UFIV,2024-06-21,Hammer | UFIV,2024-06-24,Hammer | UFIV,2024-06-25,Bullish Engulfing | UFIV,2024-07-03,Morning Star | UFIV,2024-07-10,Hammer | UFIV,2024-07-10,Dragonfly Doji | UFIV,2024-07-16,Bullish Engulfing | UFIV,2024-07-26,Hammer | UFIV,2024-07-29,Morning Star | UFIV,2024-07-30,Three White Soldiers | UFIV,2024-07-31,Three White Soldiers | UFIV,2024-08-01,Three White Soldiers | UFIV,2024-08-02,Three White Soldiers | UFIV,2024-08-07,Hammer | UFIV,2024-08-19,Three White Soldiers | UFIV,2024-08-20,Three White Soldiers | UFIV,2024-08-21,Three White Soldiers | UFIV,2024-08-23,Hammer | UFIV,2024-09-04,Morning Star | UFIV,2024-09-05,Three White Soldiers | UFIV,2024-09-06,Hammer | UFIV,2024-09-16,Hammer | UFIV,2024-09-16,Dragonfly Doji | UFIV,2024-10-08,Bullish Engulfing | UFIV,2024-10-10,Hammer | UFIV,2024-10-11,Morning Star | UFIV,2024-11-05,Morning Star | UFIV,2024-11-11,Hammer | UFIV,2024-11-15,Piercing Pattern | UFIV,2024-11-25,Morning Star | UFIV,2024-11-29,Three White Soldiers | UFIV,2024-12-04,Bullish Engulfing | UFIV,2024-12-06,Hammer | UFIV,2024-12-10,Hammer | UFIV,2025-01-08,Hammer | UFIV,2025-01-15,Morning Star | UFIV,2025-01-24,Morning Star | UFIV,2025-01-27,Hammer | UFIV,2025-01-28,Bullish Engulfing | UFIV,2025-02-04,Bullish Engulfing | UFIV,2025-02-25,Three White Soldiers | UFIV,2025-02-26,Three White Soldiers | UFIV,2025-02-27,Three White Soldiers | UFIV,2025-02-28,Three White Soldiers | UFIV,2025-03-03,Three White Soldiers | UFIV,2025-03-18,Bullish Engulfing | UFIV,2025-03-18,Morning Star | UFIV,2025-04-09,Hammer | UFIV,2025-04-09,Dragonfly Doji | UFIV,2025-04-10,Hammer | UFIV,2025-04-16,Three White Soldiers | UFIV,2025-04-25,Morning Star | UFIV,2025-04-28,Three White Soldiers | UFIV,2025-04-29,Three White Soldiers | UFIV,2025-04-30,Three White Soldiers | UFIV,2025-06-12,Hammer | UFIV,2025-06-13,Hammer | UFIV,2025-06-20,Bullish Engulfing | UFIV,2025-06-24,Three White Soldiers | UFIV,2025-06-25,Three White Soldiers | UFIV,2025-06-26,Three White Soldiers | UFIV,2025-07-11,Hammer | UFIV,2025-07-21,Morning Star | UFIV,2025-07-28,Hammer | UFIV,2025-08-06,Hammer | UFIV,2025-08-12,Bullish Engulfing | UFIV,2025-08-12,Morning Star | UFIV,2025-08-25,Morning Star | UFIV,2025-08-27,Three White Soldiers | UFIV,2025-08-28,Three White Soldiers | UFIV,2025-08-29,Three White Soldiers | UFIV,2025-09-04,Three White Soldiers | UFIV,2025-09-19,Hammer | UFO,2023-07-05,Hammer | UFO,2023-07-06,Hammer | UFO,2023-07-11,Three White Soldiers | UFO,2023-07-26,Hammer | UFO,2023-08-01,Hammer | UFO,2023-08-01,Dragonfly Doji | UFO,2023-08-25,Hammer | UFO,2023-08-28,Morning Star | UFO,2023-08-30,Three White Soldiers | UFO,2023-09-19,Bullish Engulfing | UFO,2023-09-28,Morning Star | UFO,2023-10-04,Hammer | UFO,2023-10-09,Three White Soldiers | UFO,2023-10-10,Three White Soldiers | UFO,2023-11-01,Three White Soldiers | UFO,2023-11-02,Three White Soldiers | UFO,2023-11-03,Three White Soldiers | UFO,2023-11-14,Morning Star | UFO,2023-11-15,Three White Soldiers | UFO,2023-12-01,Bullish Engulfing | UFO,2023-12-06,Piercing Pattern | UFO,2023-12-08,Three White Soldiers | UFO,2023-12-13,Bullish Engulfing | UFO,2023-12-26,Three White Soldiers | UFO,2023-12-27,Three White Soldiers | UFO,2023-12-29,Hammer | UFO,2024-01-18,Hammer | UFO,2024-01-29,Hammer | UFO,2024-02-09,Morning Star | UFO,2024-02-12,Three White Soldiers | UFO,2024-02-27,Morning Star | UFO,2024-03-01,Hammer | UFO,2024-03-08,Three White Soldiers | UFO,2024-03-11,Three White Soldiers | UFO,2024-03-12,Hammer | UFO,2024-03-19,Hammer | UFO,2024-03-20,Bullish Engulfing | UFO,2024-03-20,Morning Star | UFO,2024-04-16,Hammer | UFO,2024-04-19,Morning Star | UFO,2024-04-23,Bullish Engulfing | UFO,2024-04-24,Hammer | UFO,2024-04-25,Hammer | UFO,2024-05-17,Bullish Engulfing | UFO,2024-05-17,Morning Star | UFO,2024-05-28,Morning Star | UFO,2024-05-29,Three White Soldiers | UFO,2024-06-10,Hammer | UFO,2024-06-11,Bullish Engulfing | UFO,2024-06-18,Hammer | UFO,2024-06-26,Bullish Engulfing | UFO,2024-06-28,Hammer | UFO,2024-06-28,Three White Soldiers | UFO,2024-07-03,Three White Soldiers | UFO,2024-07-05,Three White Soldiers | UFO,2024-07-09,Hammer | UFO,2024-07-15,Three White Soldiers | UFO,2024-07-16,Three White Soldiers | UFO,2024-07-23,Bullish Engulfing | UFO,2024-07-25,Bullish Engulfing | UFO,2024-07-31,Morning Star | UFO,2024-08-15,Morning Star | UFO,2024-08-19,Bullish Engulfing | UFO,2024-08-26,Hammer | UFO,2024-09-05,Hammer | UFO,2024-09-05,Dragonfly Doji | UFO,2024-09-10,Hammer | UFO,2024-09-10,Dragonfly Doji | UFO,2024-09-19,Morning Star | UFO,2024-09-20,Hammer | UFO,2024-09-26,Morning Star | UFO,2024-09-27,Three White Soldiers | UFO,2024-10-14,Three White Soldiers | UFO,2024-10-15,Three White Soldiers | UFO,2024-10-29,Morning Star | UFO,2024-11-05,Three White Soldiers | UFO,2024-11-06,Three White Soldiers | UFO,2024-11-08,Piercing Pattern | UFO,2024-11-15,Hammer | UFO,2024-11-19,Morning Star | UFO,2024-11-21,Bullish Engulfing | UFO,2024-11-25,Three White Soldiers | UFO,2024-12-17,Hammer | UFO,2024-12-20,Bullish Engulfing | UFO,2024-12-20,Morning Star | UFO,2025-01-03,Morning Star | UFO,2025-01-10,Hammer | UFO,2025-01-16,Morning Star | UFO,2025-01-17,Three White Soldiers | UFO,2025-01-21,Three White Soldiers | UFO,2025-01-23,Piercing Pattern | UFO,2025-01-31,Morning Star | UFO,2025-03-05,Morning Star | UFO,2025-03-25,Hammer | UFO,2025-03-25,Three White Soldiers | UFO,2025-03-25,Dragonfly Doji | UFO,2025-03-31,Hammer | UFO,2025-04-09,Bullish Engulfing | UFO,2025-04-24,Morning Star | UFO,2025-04-28,Three White Soldiers | UFO,2025-04-30,Hammer | UFO,2025-05-14,Morning Star | UFO,2025-05-15,Three White Soldiers | UFO,2025-05-16,Three White Soldiers | UFO,2025-06-03,Morning Star | UFO,2025-06-06,Three White Soldiers | UFO,2025-06-09,Three White Soldiers | UFO,2025-07-02,Morning Star | UFO,2025-07-03,Three White Soldiers | UFO,2025-07-07,Hammer | UFO,2025-07-07,Dragonfly Doji | UFO,2025-07-14,Bullish Engulfing | UFO,2025-07-16,Hammer | UFO,2025-07-22,Dragonfly Doji | UFO,2025-07-23,Morning Star | UFO,2025-07-25,Hammer | UFO,2025-08-12,Morning Star | UFO,2025-08-13,Hammer | UFO,2025-08-18,Bullish Engulfing | UFO,2025-08-18,Morning Star | UFO,2025-08-25,Three White Soldiers | UFO,2025-08-26,Three White Soldiers | UFO,2025-08-27,Three White Soldiers | UFO,2025-08-28,Hammer | UFO,2025-08-29,Bullish Engulfing | UFO,2025-09-04,Hammer | UFO,2025-09-17,Piercing Pattern | UFO,2025-09-22,Morning Star | UFO,2025-09-23,Three White Soldiers | UFPI,2023-07-10,Bullish Engulfing | UFPI,2023-07-10,Morning Star | UFPI,2023-07-12,Three White Soldiers | UFPI,2023-07-13,Three White Soldiers | UFPI,2023-07-14,Three White Soldiers | UFPI,2023-07-17,Three White Soldiers | UFPI,2023-07-18,Three White Soldiers | UFPI,2023-08-07,Morning Star | UFPI,2023-08-08,Hammer | UFPI,2023-08-14,Morning Star | UFPI,2023-08-22,Three White Soldiers | UFPI,2023-08-23,Three White Soldiers | UFPI,2023-08-28,Morning Star | UFPI,2023-08-29,Three White Soldiers | UFPI,2023-08-30,Three White Soldiers | UFPI,2023-08-31,Three White Soldiers | UFPI,2023-09-01,Three White Soldiers | UFPI,2023-09-11,Morning Star | UFPI,2023-09-25,Bullish Engulfing | UFPI,2023-09-28,Morning Star | UFPI,2023-10-05,Morning Star | UFPI,2023-10-10,Three White Soldiers | UFPI,2023-10-11,Three White Soldiers | UFPI,2023-10-23,Piercing Pattern | UFPI,2023-10-27,Hammer | UFPI,2023-11-03,Three White Soldiers | UFPI,2023-11-07,Piercing Pattern | UFPI,2023-11-20,Morning Star | UFPI,2023-12-01,Bullish Engulfing | UFPI,2023-12-05,Three White Soldiers | UFPI,2023-12-21,Hammer | UFPI,2023-12-22,Morning Star | UFPI,2024-01-10,Bullish Engulfing | UFPI,2024-01-16,Hammer | UFPI,2024-01-18,Hammer | UFPI,2024-01-19,Three White Soldiers | UFPI,2024-01-19,Dragonfly Doji | UFPI,2024-02-06,Bullish Engulfing | UFPI,2024-02-12,Three White Soldiers | UFPI,2024-02-14,Hammer | UFPI,2024-02-15,Morning Star | UFPI,2024-02-21,Hammer | UFPI,2024-03-11,Hammer | UFPI,2024-03-15,Bullish Engulfing | UFPI,2024-03-19,Bullish Engulfing | UFPI,2024-03-21,Three White Soldiers | UFPI,2024-04-02,Hammer | UFPI,2024-04-03,Morning Star | UFPI,2024-04-19,Piercing Pattern | UFPI,2024-04-23,Three White Soldiers | UFPI,2024-04-25,Hammer | UFPI,2024-04-29,Three White Soldiers | UFPI,2024-05-02,Hammer | UFPI,2024-05-08,Bullish Engulfing | UFPI,2024-05-09,Hammer | UFPI,2024-06-10,Bullish Engulfing | UFPI,2024-06-11,Hammer | UFPI,2024-06-13,Hammer | UFPI,2024-06-17,Bullish Engulfing | UFPI,2024-06-20,Bullish Engulfing | UFPI,2024-06-21,Hammer | UFPI,2024-07-22,Morning Star | UFPI,2024-07-30,Bullish Engulfing | UFPI,2024-08-02,Hammer | UFPI,2024-08-30,Dragonfly Doji | UFPI,2024-09-10,Morning Star | UFPI,2024-09-11,Dragonfly Doji | UFPI,2024-09-16,Three White Soldiers | UFPI,2024-09-17,Three White Soldiers | UFPI,2024-09-18,Three White Soldiers | UFPI,2024-09-19,Hammer | UFPI,2024-09-19,Three White Soldiers | UFPI,2024-09-24,Hammer | UFPI,2024-09-24,Morning Star | UFPI,2024-09-30,Morning Star | UFPI,2024-10-07,Hammer | UFPI,2024-10-08,Morning Star | UFPI,2024-10-09,Three White Soldiers | UFPI,2024-10-11,Bullish Engulfing | UFPI,2024-10-24,Morning Star | UFPI,2024-10-29,Hammer | UFPI,2024-11-06,Three White Soldiers | UFPI,2024-11-11,Hammer | UFPI,2024-11-11,Morning Star | UFPI,2024-11-22,Three White Soldiers | UFPI,2024-11-25,Three White Soldiers | UFPI,2024-12-03,Hammer | UFPI,2024-12-06,Hammer | UFPI,2024-12-24,Bullish Engulfing | UFPI,2025-01-14,Three White Soldiers | UFPI,2025-01-22,Morning Star | UFPI,2025-01-27,Bullish Engulfing | UFPI,2025-01-30,Hammer | UFPI,2025-01-30,Morning Star | UFPI,2025-02-05,Hammer | UFPI,2025-03-05,Morning Star | UFPI,2025-03-06,Three White Soldiers | UFPI,2025-03-07,Three White Soldiers | UFPI,2025-03-18,Three White Soldiers | UFPI,2025-03-19,Three White Soldiers | UFPI,2025-03-21,Hammer | UFPI,2025-04-02,Bullish Engulfing | UFPI,2025-04-04,Bullish Engulfing | UFPI,2025-04-11,Hammer | UFPI,2025-04-17,Piercing Pattern | UFPI,2025-04-24,Hammer | UFPI,2025-04-25,Hammer | UFPI,2025-05-16,Morning Star | UFPI,2025-05-29,Hammer | UFPI,2025-06-10,Morning Star | UFPI,2025-06-16,Dragonfly Doji | UFPI,2025-06-23,Three White Soldiers | UFPI,2025-06-24,Three White Soldiers | UFPI,2025-06-26,Hammer | UFPI,2025-06-26,Dragonfly Doji | UFPI,2025-07-01,Bullish Engulfing | UFPI,2025-07-08,Piercing Pattern | UFPI,2025-07-10,Three White Soldiers | UFPI,2025-07-22,Morning Star | UFPI,2025-07-25,Hammer | UFPI,2025-08-04,Morning Star | UFPI,2025-08-05,Three White Soldiers | UFPI,2025-08-11,Hammer | UFPI,2025-08-12,Morning Star | UFPI,2025-08-13,Three White Soldiers | UFPI,2025-08-22,Morning Star | UFPI,2025-09-11,Morning Star | UFPT,2023-07-06,Hammer | UFPT,2023-07-13,Morning Star | UFPT,2023-07-17,Three White Soldiers | UFPT,2023-07-18,Three White Soldiers | UFPT,2023-07-27,Hammer | UFPT,2023-08-03,Piercing Pattern | UFPT,2023-08-08,Piercing Pattern | UFPT,2023-08-18,Bullish Engulfing | UFPT,2023-08-22,Three White Soldiers | UFPT,2023-08-23,Three White Soldiers | UFPT,2023-08-28,Morning Star | UFPT,2023-08-29,Three White Soldiers | UFPT,2023-09-01,Hammer | UFPT,2023-09-15,Hammer | UFPT,2023-09-19,Hammer | UFPT,2023-09-26,Piercing Pattern | UFPT,2023-09-28,Three White Soldiers | UFPT,2023-09-29,Three White Soldiers | UFPT,2023-10-03,Hammer | UFPT,2023-10-13,Hammer | UFPT,2023-10-20,Bullish Engulfing | UFPT,2023-10-24,Three White Soldiers | UFPT,2023-10-27,Hammer | UFPT,2023-10-27,Morning Star | UFPT,2023-10-30,Hammer | UFPT,2023-10-31,Bullish Engulfing | UFPT,2023-11-08,Hammer | UFPT,2023-11-15,Three White Soldiers | UFPT,2023-11-16,Three White Soldiers | UFPT,2023-11-17,Three White Soldiers | UFPT,2023-11-20,Three White Soldiers | UFPT,2023-11-21,Three White Soldiers | UFPT,2023-11-24,Piercing Pattern | UFPT,2023-11-27,Hammer | UFPT,2023-12-04,Bullish Engulfing | UFPT,2023-12-04,Morning Star | UFPT,2023-12-12,Hammer | UFPT,2023-12-13,Morning Star | UFPT,2023-12-19,Bullish Engulfing | UFPT,2023-12-22,Bullish Engulfing | UFPT,2023-12-22,Morning Star | UFPT,2023-12-27,Hammer | UFPT,2024-01-10,Three White Soldiers | UFPT,2024-01-19,Hammer | UFPT,2024-01-25,Morning Star | UFPT,2024-01-26,Three White Soldiers | UFPT,2024-01-29,Three White Soldiers | UFPT,2024-02-02,Hammer | UFPT,2024-02-09,Three White Soldiers | UFPT,2024-02-12,Three White Soldiers | UFPT,2024-02-15,Three White Soldiers | UFPT,2024-02-22,Three White Soldiers | UFPT,2024-02-23,Hammer | UFPT,2024-02-26,Bullish Engulfing | UFPT,2024-03-12,Piercing Pattern | UFPT,2024-03-15,Piercing Pattern | UFPT,2024-03-19,Three White Soldiers | UFPT,2024-03-20,Three White Soldiers | UFPT,2024-03-21,Three White Soldiers | UFPT,2024-03-22,Hammer | UFPT,2024-03-22,Three White Soldiers | UFPT,2024-03-27,Morning Star | UFPT,2024-04-04,Three White Soldiers | UFPT,2024-04-26,Bullish Engulfing | UFPT,2024-05-03,Three White Soldiers | UFPT,2024-05-09,Morning Star | UFPT,2024-05-21,Bullish Engulfing | UFPT,2024-05-21,Morning Star | UFPT,2024-05-28,Hammer | UFPT,2024-05-29,Bullish Engulfing | UFPT,2024-05-31,Hammer | UFPT,2024-06-10,Bullish Engulfing | UFPT,2024-06-12,Three White Soldiers | UFPT,2024-06-21,Three White Soldiers | UFPT,2024-06-27,Hammer | UFPT,2024-07-01,Three White Soldiers | UFPT,2024-07-05,Morning Star | UFPT,2024-07-08,Three White Soldiers | UFPT,2024-07-09,Three White Soldiers | UFPT,2024-07-10,Hammer | UFPT,2024-07-15,Morning Star | UFPT,2024-07-16,Three White Soldiers | UFPT,2024-07-18,Bullish Engulfing | UFPT,2024-08-09,Morning Star | UFPT,2024-08-12,Hammer | UFPT,2024-08-14,Morning Star | UFPT,2024-08-16,Three White Soldiers | UFPT,2024-08-19,Three White Soldiers | UFPT,2024-08-20,Hammer | UFPT,2024-08-20,Three White Soldiers | UFPT,2024-08-27,Piercing Pattern | UFPT,2024-08-30,Morning Star | UFPT,2024-09-13,Three White Soldiers | UFPT,2024-09-16,Three White Soldiers | UFPT,2024-09-17,Three White Soldiers | UFPT,2024-09-18,Three White Soldiers | UFPT,2024-09-19,Three White Soldiers | UFPT,2024-09-20,Three White Soldiers | UFPT,2024-10-10,Bullish Engulfing | UFPT,2024-10-14,Three White Soldiers | UFPT,2024-10-29,Morning Star | UFPT,2024-11-05,Three White Soldiers | UFPT,2024-11-19,Piercing Pattern | UFPT,2024-11-21,Three White Soldiers | UFPT,2024-11-22,Three White Soldiers | UFPT,2024-11-25,Three White Soldiers | UFPT,2024-11-26,Hammer | UFPT,2024-11-27,Bullish Engulfing | UFPT,2024-12-10,Bullish Engulfing | UFPT,2024-12-10,Morning Star | UFPT,2024-12-17,Bullish Engulfing | UFPT,2024-12-20,Morning Star | UFPT,2024-12-26,Bullish Engulfing | UFPT,2024-12-26,Morning Star | UFPT,2024-12-31,Hammer | UFPT,2025-01-13,Bullish Engulfing | UFPT,2025-01-24,Piercing Pattern | UFPT,2025-02-04,Morning Star | UFPT,2025-02-05,Three White Soldiers | UFPT,2025-02-14,Morning Star | UFPT,2025-02-19,Bullish Engulfing | UFPT,2025-03-19,Bullish Engulfing | UFPT,2025-03-31,Dragonfly Doji | UFPT,2025-04-01,Morning Star | UFPT,2025-04-07,Morning Star | UFPT,2025-04-09,Bullish Engulfing | UFPT,2025-04-11,Hammer | UFPT,2025-04-16,Hammer | UFPT,2025-04-17,Morning Star | UFPT,2025-04-21,Hammer | UFPT,2025-04-25,Hammer | UFPT,2025-04-29,Three White Soldiers | UFPT,2025-05-06,Morning Star | UFPT,2025-05-07,Morning Star | UFPT,2025-05-08,Three White Soldiers | UFPT,2025-05-09,Three White Soldiers | UFPT,2025-05-12,Three White Soldiers | UFPT,2025-05-13,Three White Soldiers | UFPT,2025-05-16,Morning Star | UFPT,2025-05-19,Hammer | UFPT,2025-05-20,Hammer | UFPT,2025-05-22,Piercing Pattern | UFPT,2025-05-30,Hammer | UFPT,2025-05-30,Morning Star | UFPT,2025-06-05,Bullish Engulfing | UFPT,2025-06-24,Morning Star | UFPT,2025-07-01,Bullish Engulfing | UFPT,2025-07-01,Morning Star | UFPT,2025-07-09,Hammer | UFPT,2025-07-09,Morning Star | UFPT,2025-07-10,Three White Soldiers | UFPT,2025-07-17,Piercing Pattern | UFPT,2025-08-01,Hammer | UFPT,2025-08-08,Hammer | UFPT,2025-08-11,Bullish Engulfing | UFPT,2025-08-11,Morning Star | UFPT,2025-08-13,Three White Soldiers | UFPT,2025-09-04,Bullish Engulfing | UFPT,2025-09-09,Hammer | UFPT,2025-09-12,Hammer | UFPT,2025-09-23,Morning Star | UG,2023-07-19,Morning Star | UG,2023-07-20,Three White Soldiers | UG,2023-07-27,Morning Star | UG,2023-08-07,Morning Star | UG,2023-08-23,Bullish Engulfing | UG,2023-09-05,Hammer | UG,2023-09-15,Hammer | UG,2023-09-15,Dragonfly Doji | UG,2023-09-18,Bullish Engulfing | UG,2023-09-29,Morning Star | UG,2023-10-04,Hammer | UG,2023-10-18,Piercing Pattern | UG,2023-10-25,Hammer | UG,2023-10-26,Bullish Engulfing | UG,2023-11-02,Piercing Pattern | UG,2023-11-09,Hammer | UG,2023-12-08,Bullish Engulfing | UG,2023-12-13,Hammer | UG,2023-12-21,Hammer | UG,2023-12-29,Piercing Pattern | UG,2024-01-03,Three White Soldiers | UG,2024-01-10,Hammer | UG,2024-01-12,Bullish Engulfing | UG,2024-01-26,Morning Star | UG,2024-02-02,Three White Soldiers | UG,2024-03-22,Morning Star | UG,2024-04-02,Hammer | UG,2024-04-02,Dragonfly Doji | UG,2024-04-03,Hammer | UG,2024-04-09,Morning Star | UG,2024-04-24,Three White Soldiers | UG,2024-05-08,Bullish Engulfing | UG,2024-05-10,Bullish Engulfing | UG,2024-05-15,Hammer | UG,2024-05-15,Dragonfly Doji | UG,2024-05-16,Hammer | UG,2024-05-16,Morning Star | UG,2024-05-23,Piercing Pattern | UG,2024-05-30,Three White Soldiers | UG,2024-05-31,Three White Soldiers | UG,2024-06-11,Morning Star | UG,2024-06-14,Morning Star | UG,2024-06-17,Three White Soldiers | UG,2024-06-21,Bullish Engulfing | UG,2024-06-26,Dragonfly Doji | UG,2024-07-10,Three White Soldiers | UG,2024-07-17,Hammer | UG,2024-07-29,Morning Star | UG,2024-08-02,Bullish Engulfing | UG,2024-08-06,Hammer | UG,2024-08-09,Hammer | UG,2024-08-14,Hammer | UG,2024-08-19,Three White Soldiers | UG,2024-08-20,Three White Soldiers | UG,2024-08-23,Hammer | UG,2024-08-28,Three White Soldiers | UG,2024-09-09,Morning Star | UG,2024-09-20,Dragonfly Doji | UG,2024-10-11,Morning Star | UG,2024-10-14,Three White Soldiers | UG,2024-10-15,Three White Soldiers | UG,2024-10-16,Hammer | UG,2024-10-23,Piercing Pattern | UG,2024-10-28,Bullish Engulfing | UG,2024-11-18,Bullish Engulfing | UG,2024-12-04,Bullish Engulfing | UG,2024-12-16,Hammer | UG,2024-12-19,Hammer | UG,2024-12-23,Hammer | UG,2025-01-03,Morning Star | UG,2025-01-07,Three White Soldiers | UG,2025-01-15,Bullish Engulfing | UG,2025-01-21,Bullish Engulfing | UG,2025-01-23,Hammer | UG,2025-01-23,Dragonfly Doji | UG,2025-01-24,Morning Star | UG,2025-01-29,Hammer | UG,2025-01-29,Dragonfly Doji | UG,2025-01-31,Hammer | UG,2025-01-31,Dragonfly Doji | UG,2025-02-10,Hammer | UG,2025-02-11,Hammer | UG,2025-02-19,Hammer | UG,2025-02-26,Piercing Pattern | UG,2025-03-04,Hammer | UG,2025-03-20,Hammer | UG,2025-03-27,Bullish Engulfing | UG,2025-04-23,Hammer | UG,2025-04-23,Dragonfly Doji | UG,2025-04-30,Bullish Engulfing | UG,2025-05-15,Morning Star | UG,2025-05-20,Piercing Pattern | UG,2025-05-27,Morning Star | UG,2025-06-04,Hammer | UG,2025-06-06,Bullish Engulfing | UG,2025-06-25,Bullish Engulfing | UG,2025-07-10,Morning Star | UG,2025-07-15,Hammer | UG,2025-07-15,Morning Star | UG,2025-08-20,Morning Star | UG,2025-08-22,Three White Soldiers | UG,2025-08-27,Hammer | UG,2025-08-29,Hammer | UG,2025-08-29,Morning Star | UG,2025-09-02,Hammer | UG,2025-09-02,Three White Soldiers | UG,2025-09-03,Three White Soldiers | UG,2025-09-04,Hammer | UG,2025-09-04,Dragonfly Doji | UHG,2023-07-10,Morning Star | UHG,2023-07-11,Hammer | UHG,2023-07-11,Dragonfly Doji | UHG,2023-07-14,Bullish Engulfing | UHG,2023-07-18,Three White Soldiers | UHG,2023-07-19,Three White Soldiers | UHG,2023-07-27,Hammer | UHG,2023-08-01,Hammer | UHG,2023-08-18,Hammer | UHG,2023-08-21,Bullish Engulfing | UHG,2023-09-28,Piercing Pattern | UHG,2023-10-17,Morning Star | UHG,2023-10-18,Hammer | UHG,2023-10-18,Three White Soldiers | UHG,2023-10-30,Morning Star | UHG,2023-10-31,Three White Soldiers | UHG,2023-11-14,Three White Soldiers | UHG,2023-11-15,Three White Soldiers | UHG,2023-11-20,Hammer | UHG,2023-11-20,Morning Star | UHG,2023-11-24,Three White Soldiers | UHG,2023-11-29,Morning Star | UHG,2023-12-04,Morning Star | UHG,2023-12-05,Dragonfly Doji | UHG,2023-12-21,Three White Soldiers | UHG,2023-12-22,Three White Soldiers | UHG,2024-01-05,Hammer | UHG,2024-01-16,Hammer | UHG,2024-01-22,Dragonfly Doji | UHG,2024-01-26,Bullish Engulfing | UHG,2024-02-06,Bullish Engulfing | UHG,2024-02-08,Bullish Engulfing | UHG,2024-02-14,Bullish Engulfing | UHG,2024-02-22,Morning Star | UHG,2024-03-08,Hammer | UHG,2024-03-12,Bullish Engulfing | UHG,2024-03-13,Dragonfly Doji | UHG,2024-03-21,Hammer | UHG,2024-03-21,Dragonfly Doji | UHG,2024-03-27,Morning Star | UHG,2024-04-05,Three White Soldiers | UHG,2024-04-15,Bullish Engulfing | UHG,2024-04-17,Hammer | UHG,2024-04-17,Dragonfly Doji | UHG,2024-04-22,Morning Star | UHG,2024-05-09,Hammer | UHG,2024-05-31,Morning Star | UHG,2024-06-03,Three White Soldiers | UHG,2024-06-06,Hammer | UHG,2024-06-11,Hammer | UHG,2024-06-27,Three White Soldiers | UHG,2024-07-10,Hammer | UHG,2024-07-11,Three White Soldiers | UHG,2024-07-12,Dragonfly Doji | UHG,2024-07-15,Hammer | UHG,2024-07-16,Dragonfly Doji | UHG,2024-08-13,Hammer | UHG,2024-08-14,Three White Soldiers | UHG,2024-08-15,Three White Soldiers | UHG,2024-08-16,Three White Soldiers | UHG,2024-09-04,Bullish Engulfing | UHG,2024-09-18,Bullish Engulfing | UHG,2024-09-20,Three White Soldiers | UHG,2024-09-23,Hammer | UHG,2024-09-23,Three White Soldiers | UHG,2024-09-23,Dragonfly Doji | UHG,2024-09-27,Morning Star | UHG,2024-10-10,Morning Star | UHG,2024-10-14,Hammer | UHG,2024-10-23,Bullish Engulfing | UHG,2024-10-28,Bullish Engulfing | UHG,2024-11-07,Three White Soldiers | UHG,2024-12-04,Hammer | UHG,2024-12-11,Dragonfly Doji | UHG,2024-12-23,Three White Soldiers | UHG,2024-12-24,Three White Soldiers | UHG,2024-12-26,Three White Soldiers | UHG,2024-12-27,Hammer | UHG,2025-01-23,Bullish Engulfing | UHG,2025-02-04,Bullish Engulfing | UHG,2025-02-24,Hammer | UHG,2025-03-05,Morning Star | UHG,2025-03-10,Dragonfly Doji | UHG,2025-03-14,Dragonfly Doji | UHG,2025-03-18,Piercing Pattern | UHG,2025-04-02,Bullish Engulfing | UHG,2025-04-21,Bullish Engulfing | UHG,2025-04-21,Morning Star | UHG,2025-04-29,Hammer | UHG,2025-05-20,Bullish Engulfing | UHG,2025-05-23,Bullish Engulfing | UHG,2025-05-23,Morning Star | UHG,2025-05-30,Three White Soldiers | UHG,2025-06-02,Three White Soldiers | UHG,2025-06-03,Three White Soldiers | UHG,2025-06-09,Morning Star | UHG,2025-06-16,Piercing Pattern | UHG,2025-06-24,Morning Star | UHG,2025-06-26,Three White Soldiers | UHG,2025-07-09,Hammer | UHG,2025-07-11,Three White Soldiers | UHG,2025-07-17,Three White Soldiers | UHG,2025-07-22,Morning Star | UHG,2025-08-07,Bullish Engulfing | UHG,2025-08-13,Bullish Engulfing | UHG,2025-09-04,Hammer | UHG,2025-09-05,Morning Star | UHG,2025-09-10,Morning Star | UHG,2025-09-18,Morning Star | UITB,2023-07-10,Bullish Engulfing | UITB,2023-07-10,Morning Star | UITB,2023-07-12,Three White Soldiers | UITB,2023-07-13,Three White Soldiers | UITB,2023-07-17,Piercing Pattern | UITB,2023-07-21,Bullish Engulfing | UITB,2023-07-31,Morning Star | UITB,2023-08-09,Three White Soldiers | UITB,2023-08-28,Morning Star | UITB,2023-08-29,Three White Soldiers | UITB,2023-09-08,Morning Star | UITB,2023-09-12,Dragonfly Doji | UITB,2023-09-13,Morning Star | UITB,2023-09-18,Piercing Pattern | UITB,2023-10-05,Morning Star | UITB,2023-10-23,Morning Star | UITB,2023-10-27,Hammer | UITB,2023-11-08,Morning Star | UITB,2023-11-20,Three White Soldiers | UITB,2023-11-21,Hammer | UITB,2023-11-27,Morning Star | UITB,2023-11-28,Three White Soldiers | UITB,2023-11-29,Three White Soldiers | UITB,2023-12-01,Bullish Engulfing | UITB,2023-12-14,Three White Soldiers | UITB,2023-12-19,Bullish Engulfing | UITB,2023-12-27,Morning Star | UITB,2024-01-03,Hammer | UITB,2024-01-03,Bullish Engulfing | UITB,2024-01-17,Hammer | UITB,2024-01-19,Hammer | UITB,2024-01-23,Hammer | UITB,2024-01-25,Hammer | UITB,2024-02-02,Hammer | UITB,2024-02-23,Morning Star | UITB,2024-02-28,Bullish Engulfing | UITB,2024-02-28,Morning Star | UITB,2024-03-05,Hammer | UITB,2024-03-26,Bullish Engulfing | UITB,2024-04-22,Bullish Engulfing | UITB,2024-04-22,Morning Star | UITB,2024-04-24,Dragonfly Doji | UITB,2024-04-29,Three White Soldiers | UITB,2024-05-02,Three White Soldiers | UITB,2024-05-09,Piercing Pattern | UITB,2024-06-03,Three White Soldiers | UITB,2024-06-04,Three White Soldiers | UITB,2024-06-05,Three White Soldiers | UITB,2024-06-06,Three White Soldiers | UITB,2024-06-14,Morning Star | UITB,2024-06-20,Hammer | UITB,2024-06-24,Hammer | UITB,2024-07-08,Hammer | UITB,2024-07-08,Three White Soldiers | UITB,2024-07-17,Three White Soldiers | UITB,2024-07-30,Hammer | UITB,2024-08-01,Three White Soldiers | UITB,2024-08-02,Three White Soldiers | UITB,2024-08-13,Hammer | UITB,2024-08-15,Hammer | UITB,2024-08-16,Dragonfly Doji | UITB,2024-08-21,Three White Soldiers | UITB,2024-09-04,Morning Star | UITB,2024-09-10,Three White Soldiers | UITB,2024-09-11,Three White Soldiers | UITB,2024-09-13,Hammer | UITB,2024-09-26,Hammer | UITB,2024-09-27,Morning Star | UITB,2024-10-02,Morning Star | UITB,2024-11-05,Bullish Engulfing | UITB,2024-11-05,Morning Star | UITB,2024-11-08,Three White Soldiers | UITB,2024-11-11,Dragonfly Doji | UITB,2024-11-19,Three White Soldiers | UITB,2024-11-25,Hammer | UITB,2024-11-25,Dragonfly Doji | UITB,2024-11-29,Morning Star | UITB,2024-12-04,Bullish Engulfing | UITB,2025-02-04,Bullish Engulfing | UITB,2025-02-07,Hammer | UITB,2025-02-19,Piercing Pattern | UITB,2025-02-21,Three White Soldiers | UITB,2025-02-24,Three White Soldiers | UITB,2025-02-25,Hammer | UITB,2025-02-25,Three White Soldiers | UITB,2025-02-26,Three White Soldiers | UITB,2025-03-13,Bullish Engulfing | UITB,2025-03-18,Bullish Engulfing | UITB,2025-03-25,Piercing Pattern | UITB,2025-03-28,Morning Star | UITB,2025-03-31,Hammer | UITB,2025-04-15,Three White Soldiers | UITB,2025-04-16,Three White Soldiers | UITB,2025-04-25,Morning Star | UITB,2025-04-28,Three White Soldiers | UITB,2025-04-29,Three White Soldiers | UITB,2025-05-05,Hammer | UITB,2025-05-06,Bullish Engulfing | UITB,2025-05-22,Piercing Pattern | UITB,2025-06-09,Piercing Pattern | UITB,2025-06-20,Bullish Engulfing | UITB,2025-06-26,Three White Soldiers | UITB,2025-07-09,Morning Star | UITB,2025-07-10,Hammer | UITB,2025-07-10,Three White Soldiers | UITB,2025-08-28,Three White Soldiers | UITB,2025-09-04,Three White Soldiers | UITB,2025-09-11,Morning Star | UITB,2025-09-16,Three White Soldiers | UITB,2025-09-25,Hammer | UIVM,2023-07-10,Three White Soldiers | UIVM,2023-07-11,Three White Soldiers | UIVM,2023-07-12,Three White Soldiers | UIVM,2023-07-13,Hammer | UIVM,2023-07-20,Morning Star | UIVM,2023-07-25,Piercing Pattern | UIVM,2023-08-21,Hammer | UIVM,2023-08-21,Dragonfly Doji | UIVM,2023-09-25,Hammer | UIVM,2023-09-28,Morning Star | UIVM,2023-10-24,Hammer | UIVM,2023-11-01,Three White Soldiers | UIVM,2023-11-02,Three White Soldiers | UIVM,2023-11-13,Dragonfly Doji | UIVM,2023-11-20,Three White Soldiers | UIVM,2023-11-22,Hammer | UIVM,2023-12-12,Bullish Engulfing | UIVM,2023-12-12,Morning Star | UIVM,2024-01-10,Hammer | UIVM,2024-03-27,Morning Star | UIVM,2024-05-10,Three White Soldiers | UIVM,2024-05-20,Morning Star | UIVM,2024-05-28,Hammer | UIVM,2024-05-31,Three White Soldiers | UIVM,2024-07-05,Three White Soldiers | UIVM,2024-07-10,Morning Star | UIVM,2024-07-26,Morning Star | UIVM,2024-08-15,Three White Soldiers | UIVM,2024-08-16,Three White Soldiers | UIVM,2024-08-19,Three White Soldiers | UIVM,2024-08-30,Morning Star | UIVM,2024-09-20,Hammer | UIVM,2024-09-23,Hammer | UIVM,2024-09-24,Morning Star | UIVM,2024-10-16,Dragonfly Doji | UIVM,2024-10-31,Hammer | UIVM,2024-11-05,Morning Star | UIVM,2024-11-15,Hammer | UIVM,2024-12-05,Morning Star | UIVM,2024-12-31,Hammer | UIVM,2024-12-31,Dragonfly Doji | UIVM,2025-01-15,Three White Soldiers | UIVM,2025-01-21,Hammer | UIVM,2025-02-11,Morning Star | UIVM,2025-03-19,Bullish Engulfing | UIVM,2025-04-28,Three White Soldiers | UIVM,2025-05-07,Morning Star | UIVM,2025-05-20,Three White Soldiers | UIVM,2025-05-23,Morning Star | UIVM,2025-06-09,Bullish Engulfing | UIVM,2025-06-09,Morning Star | UIVM,2025-06-12,Hammer | UIVM,2025-06-12,Dragonfly Doji | UIVM,2025-06-13,Morning Star | UIVM,2025-06-23,Bullish Engulfing | UIVM,2025-06-27,Hammer | UIVM,2025-07-01,Dragonfly Doji | UIVM,2025-07-09,Morning Star | UIVM,2025-07-16,Hammer | UIVM,2025-07-22,Morning Star | UIVM,2025-07-23,Three White Soldiers | UIVM,2025-08-01,Piercing Pattern | UIVM,2025-08-11,Morning Star | UIVM,2025-09-04,Three White Soldiers | UIVM,2025-09-16,Morning Star | UK,2023-07-03,Hammer | UK,2023-07-24,Piercing Pattern | UK,2023-07-26,Dragonfly Doji | UK,2023-08-24,Hammer | UK,2023-08-25,Dragonfly Doji | UK,2023-08-30,Morning Star | UK,2023-09-01,Hammer | UK,2023-09-05,Morning Star | UK,2023-09-07,Hammer | UK,2023-09-07,Dragonfly Doji | UK,2023-09-11,Hammer | UK,2023-09-25,Morning Star | UK,2023-09-28,Morning Star | UK,2023-10-05,Morning Star | UK,2023-10-13,Bullish Engulfing | UK,2023-10-24,Hammer | UK,2023-10-24,Dragonfly Doji | UK,2023-10-27,Hammer | UK,2023-10-27,Dragonfly Doji | UK,2023-11-03,Bullish Engulfing | UK,2023-11-03,Morning Star | UK,2023-11-07,Three White Soldiers | UK,2023-11-08,Three White Soldiers | UK,2023-11-24,Morning Star | UK,2023-11-27,Hammer | UK,2023-12-28,Bullish Engulfing | UK,2024-01-19,Morning Star | UK,2024-01-29,Hammer | UK,2024-02-06,Hammer | UK,2024-02-12,Three White Soldiers | UK,2024-02-16,Hammer | UK,2024-02-21,Piercing Pattern | UK,2024-02-26,Piercing Pattern | UK,2024-02-29,Bullish Engulfing | UK,2024-03-04,Three White Soldiers | UK,2024-03-05,Hammer | UK,2024-03-27,Piercing Pattern | UK,2024-04-02,Hammer | UK,2024-04-25,Hammer | UK,2024-05-02,Dragonfly Doji | UK,2024-05-03,Hammer | UK,2024-05-10,Hammer | UK,2024-06-18,Hammer | UK,2024-06-21,Hammer | UK,2024-06-24,Morning Star | UK,2024-08-08,Hammer | UK,2024-09-12,Hammer | UK,2024-09-13,Hammer | UK,2024-09-23,Piercing Pattern | UK,2024-10-17,Morning Star | UK,2024-10-21,Piercing Pattern | UK,2024-10-23,Bullish Engulfing | UK,2024-11-18,Morning Star | UK,2024-11-22,Hammer | UK,2024-11-27,Hammer | UK,2024-12-02,Hammer | UK,2024-12-10,Hammer | UK,2024-12-13,Hammer | UK,2024-12-19,Morning Star | UK,2024-12-24,Three White Soldiers | UK,2025-01-23,Three White Soldiers | UK,2025-02-18,Hammer | UK,2025-02-21,Three White Soldiers | UK,2025-02-24,Hammer | UK,2025-02-26,Three White Soldiers | UK,2025-03-05,Dragonfly Doji | UK,2025-03-10,Hammer | UK,2025-03-12,Morning Star | UK,2025-03-13,Hammer | UK,2025-03-13,Dragonfly Doji | UK,2025-03-25,Hammer | UK,2025-03-28,Hammer | UK,2025-04-07,Bullish Engulfing | UK,2025-04-21,Hammer | UK,2025-04-23,Hammer | UK,2025-04-24,Dragonfly Doji | UK,2025-04-30,Hammer | UK,2025-05-06,Hammer | UK,2025-05-07,Morning Star | UK,2025-05-16,Hammer | UK,2025-05-16,Dragonfly Doji | UK,2025-05-19,Bullish Engulfing | UK,2025-05-19,Morning Star | UK,2025-05-22,Piercing Pattern | UK,2025-05-28,Hammer | UK,2025-05-28,Dragonfly Doji | UK,2025-06-04,Hammer | UK,2025-06-12,Bullish Engulfing | UK,2025-06-17,Hammer | UK,2025-06-23,Dragonfly Doji | UK,2025-06-24,Morning Star | UK,2025-06-30,Hammer | UK,2025-07-08,Three White Soldiers | UK,2025-07-30,Dragonfly Doji | UK,2025-08-01,Hammer | UK,2025-08-08,Hammer | UK,2025-08-18,Dragonfly Doji | UK,2025-08-19,Dragonfly Doji | UK,2025-09-04,Three White Soldiers | UK,2025-09-15,Morning Star | UK,2025-09-26,Dragonfly Doji | UK,2025-09-29,Hammer | ULBI,2023-07-12,Morning Star | ULBI,2023-07-18,Morning Star | ULBI,2023-07-27,Morning Star | ULBI,2023-08-07,Bullish Engulfing | ULBI,2023-08-15,Piercing Pattern | ULBI,2023-08-18,Bullish Engulfing | ULBI,2023-09-22,Bullish Engulfing | ULBI,2023-09-28,Bullish Engulfing | ULBI,2023-10-02,Three White Soldiers | ULBI,2023-10-10,Three White Soldiers | ULBI,2023-10-16,Hammer | ULBI,2023-10-17,Three White Soldiers | ULBI,2023-10-31,Morning Star | ULBI,2023-11-13,Bullish Engulfing | ULBI,2023-11-13,Morning Star | ULBI,2023-11-29,Morning Star | ULBI,2023-12-13,Hammer | ULBI,2023-12-21,Bullish Engulfing | ULBI,2024-01-10,Three White Soldiers | ULBI,2024-01-29,Hammer | ULBI,2024-01-30,Morning Star | ULBI,2024-02-02,Piercing Pattern | ULBI,2024-02-23,Hammer | ULBI,2024-02-26,Bullish Engulfing | ULBI,2024-03-01,Bullish Engulfing | ULBI,2024-03-01,Morning Star | ULBI,2024-03-19,Morning Star | ULBI,2024-03-20,Three White Soldiers | ULBI,2024-03-21,Three White Soldiers | ULBI,2024-04-08,Bullish Engulfing | ULBI,2024-04-08,Morning Star | ULBI,2024-04-12,Hammer | ULBI,2024-04-12,Morning Star | ULBI,2024-04-12,Dragonfly Doji | ULBI,2024-04-16,Piercing Pattern | ULBI,2024-04-18,Hammer | ULBI,2024-04-25,Hammer | ULBI,2024-04-26,Three White Soldiers | ULBI,2024-04-29,Hammer | ULBI,2024-04-29,Three White Soldiers | ULBI,2024-05-02,Three White Soldiers | ULBI,2024-05-08,Piercing Pattern | ULBI,2024-05-21,Bullish Engulfing | ULBI,2024-05-21,Morning Star | ULBI,2024-05-28,Morning Star | ULBI,2024-05-31,Hammer | ULBI,2024-06-17,Hammer | ULBI,2024-07-17,Hammer | ULBI,2024-07-31,Morning Star | ULBI,2024-08-13,Morning Star | ULBI,2024-08-19,Hammer | ULBI,2024-08-22,Morning Star | ULBI,2024-08-23,Three White Soldiers | ULBI,2024-09-11,Hammer | ULBI,2024-09-11,Three White Soldiers | ULBI,2024-09-17,Piercing Pattern | ULBI,2024-09-26,Morning Star | ULBI,2024-10-02,Three White Soldiers | ULBI,2024-10-11,Bullish Engulfing | ULBI,2024-10-30,Morning Star | ULBI,2024-11-04,Morning Star | ULBI,2024-11-05,Three White Soldiers | ULBI,2024-11-26,Bullish Engulfing | ULBI,2024-12-02,Morning Star | ULBI,2024-12-03,Hammer | ULBI,2024-12-11,Morning Star | ULBI,2024-12-30,Hammer | ULBI,2024-12-31,Morning Star | ULBI,2025-01-07,Dragonfly Doji | ULBI,2025-01-13,Morning Star | ULBI,2025-01-15,Three White Soldiers | ULBI,2025-02-10,Three White Soldiers | ULBI,2025-02-13,Hammer | ULBI,2025-03-17,Morning Star | ULBI,2025-03-27,Morning Star | ULBI,2025-04-01,Hammer | ULBI,2025-04-04,Hammer | ULBI,2025-04-07,Morning Star | ULBI,2025-04-09,Bullish Engulfing | ULBI,2025-04-22,Bullish Engulfing | ULBI,2025-04-24,Three White Soldiers | ULBI,2025-05-05,Morning Star | ULBI,2025-05-09,Three White Soldiers | ULBI,2025-05-28,Three White Soldiers | ULBI,2025-06-03,Three White Soldiers | ULBI,2025-06-04,Three White Soldiers | ULBI,2025-06-05,Three White Soldiers | ULBI,2025-06-10,Hammer | ULBI,2025-06-20,Hammer | ULBI,2025-06-23,Bullish Engulfing | ULBI,2025-06-23,Morning Star | ULBI,2025-06-27,Hammer | ULBI,2025-07-03,Bullish Engulfing | ULBI,2025-07-16,Hammer | ULBI,2025-07-17,Bullish Engulfing | ULBI,2025-07-17,Morning Star | ULBI,2025-08-04,Morning Star | ULBI,2025-08-06,Dragonfly Doji | ULBI,2025-08-12,Hammer | ULBI,2025-08-19,Morning Star | ULBI,2025-08-29,Hammer | ULBI,2025-09-11,Morning Star | ULBI,2025-09-24,Piercing Pattern | ULBI,2025-09-26,Hammer | ULCC,2023-07-10,Three White Soldiers | ULCC,2023-07-31,Morning Star | ULCC,2023-08-29,Bullish Engulfing | ULCC,2023-09-05,Bullish Engulfing | ULCC,2023-09-14,Hammer | ULCC,2023-09-14,Dragonfly Doji | ULCC,2023-09-25,Piercing Pattern | ULCC,2023-10-05,Hammer | ULCC,2023-10-05,Three White Soldiers | ULCC,2023-10-09,Hammer | ULCC,2023-10-26,Morning Star | ULCC,2023-11-24,Morning Star | ULCC,2023-11-28,Piercing Pattern | ULCC,2023-12-01,Bullish Engulfing | ULCC,2023-12-08,Hammer | ULCC,2023-12-28,Piercing Pattern | ULCC,2024-01-05,Morning Star | ULCC,2024-01-08,Three White Soldiers | ULCC,2024-01-11,Three White Soldiers | ULCC,2024-01-23,Morning Star | ULCC,2024-02-01,Morning Star | ULCC,2024-02-08,Three White Soldiers | ULCC,2024-02-09,Three White Soldiers | ULCC,2024-02-12,Three White Soldiers | ULCC,2024-02-16,Bullish Engulfing | ULCC,2024-03-12,Bullish Engulfing | ULCC,2024-03-12,Morning Star | ULCC,2024-03-20,Bullish Engulfing | ULCC,2024-04-08,Morning Star | ULCC,2024-04-22,Hammer | ULCC,2024-04-25,Hammer | ULCC,2024-05-20,Bullish Engulfing | ULCC,2024-05-24,Hammer | ULCC,2024-06-05,Hammer | ULCC,2024-06-05,Morning Star | ULCC,2024-06-13,Hammer | ULCC,2024-06-17,Morning Star | ULCC,2024-06-26,Hammer | ULCC,2024-06-28,Three White Soldiers | ULCC,2024-07-03,Morning Star | ULCC,2024-07-16,Morning Star | ULCC,2024-07-22,Bullish Engulfing | ULCC,2024-07-25,Bullish Engulfing | ULCC,2024-07-26,Hammer | ULCC,2024-07-30,Piercing Pattern | ULCC,2024-08-08,Piercing Pattern | ULCC,2024-08-14,Hammer | ULCC,2024-08-15,Three White Soldiers | ULCC,2024-08-20,Hammer | ULCC,2024-09-10,Hammer | ULCC,2024-09-17,Morning Star | ULCC,2024-09-26,Three White Soldiers | ULCC,2024-10-04,Morning Star | ULCC,2024-10-18,Three White Soldiers | ULCC,2024-10-31,Hammer | ULCC,2024-11-06,Morning Star | ULCC,2024-11-06,Dragonfly Doji | ULCC,2024-11-20,Piercing Pattern | ULCC,2024-11-22,Hammer | ULCC,2024-11-22,Three White Soldiers | ULCC,2024-11-25,Three White Soldiers | ULCC,2024-11-27,Piercing Pattern | ULCC,2024-12-02,Three White Soldiers | ULCC,2024-12-10,Morning Star | ULCC,2024-12-20,Morning Star | ULCC,2024-12-23,Three White Soldiers | ULCC,2024-12-24,Three White Soldiers | ULCC,2024-12-31,Hammer | ULCC,2025-01-02,Hammer | ULCC,2025-01-03,Hammer | ULCC,2025-01-08,Hammer | ULCC,2025-01-14,Morning Star | ULCC,2025-01-16,Hammer | ULCC,2025-01-17,Morning Star | ULCC,2025-01-24,Bullish Engulfing | ULCC,2025-02-10,Three White Soldiers | ULCC,2025-02-14,Hammer | ULCC,2025-02-18,Morning Star | ULCC,2025-03-07,Hammer | ULCC,2025-03-17,Morning Star | ULCC,2025-03-24,Morning Star | ULCC,2025-04-04,Hammer | ULCC,2025-04-07,Piercing Pattern | ULCC,2025-04-09,Bullish Engulfing | ULCC,2025-04-17,Bullish Engulfing | ULCC,2025-05-05,Three White Soldiers | ULCC,2025-05-08,Three White Soldiers | ULCC,2025-05-09,Three White Soldiers | ULCC,2025-05-15,Hammer | ULCC,2025-05-20,Bullish Engulfing | ULCC,2025-05-28,Hammer | ULCC,2025-06-02,Hammer | ULCC,2025-06-23,Bullish Engulfing | ULCC,2025-07-01,Morning Star | ULCC,2025-07-03,Three White Soldiers | ULCC,2025-08-06,Hammer | ULCC,2025-08-18,Morning Star | ULCC,2025-08-22,Bullish Engulfing | ULCC,2025-08-22,Morning Star | ULCC,2025-09-11,Morning Star | ULCC,2025-09-16,Morning Star | ULCC,2025-09-22,Bullish Engulfing | ULH,2023-07-06,Hammer | ULH,2023-07-10,Three White Soldiers | ULH,2023-07-11,Three White Soldiers | ULH,2023-07-18,Morning Star | ULH,2023-07-20,Three White Soldiers | ULH,2023-07-31,Bullish Engulfing | ULH,2023-08-02,Three White Soldiers | ULH,2023-08-03,Three White Soldiers | ULH,2023-08-08,Bullish Engulfing | ULH,2023-08-25,Morning Star | ULH,2023-08-29,Bullish Engulfing | ULH,2023-09-12,Piercing Pattern | ULH,2023-09-14,Three White Soldiers | ULH,2023-09-15,Three White Soldiers | ULH,2023-09-21,Hammer | ULH,2023-09-28,Morning Star | ULH,2023-09-29,Hammer | ULH,2023-09-29,Three White Soldiers | ULH,2023-10-25,Hammer | ULH,2023-11-22,Piercing Pattern | ULH,2023-12-07,Morning Star | ULH,2023-12-13,Bullish Engulfing | ULH,2023-12-19,Morning Star | ULH,2023-12-21,Three White Soldiers | ULH,2023-12-27,Hammer | ULH,2023-12-28,Hammer | ULH,2023-12-28,Three White Soldiers | ULH,2024-01-02,Bullish Engulfing | ULH,2024-01-12,Hammer | ULH,2024-01-19,Hammer | ULH,2024-01-29,Hammer | ULH,2024-02-14,Bullish Engulfing | ULH,2024-02-15,Hammer | ULH,2024-02-15,Dragonfly Doji | ULH,2024-02-16,Hammer | ULH,2024-02-22,Morning Star | ULH,2024-02-23,Three White Soldiers | ULH,2024-02-26,Three White Soldiers | ULH,2024-02-27,Three White Soldiers | ULH,2024-03-01,Morning Star | ULH,2024-03-08,Three White Soldiers | ULH,2024-03-12,Hammer | ULH,2024-03-20,Bullish Engulfing | ULH,2024-03-20,Morning Star | ULH,2024-03-27,Three White Soldiers | ULH,2024-04-01,Hammer | ULH,2024-04-11,Bullish Engulfing | ULH,2024-04-15,Hammer | ULH,2024-04-19,Morning Star | ULH,2024-04-23,Bullish Engulfing | ULH,2024-04-26,Morning Star | ULH,2024-05-01,Hammer | ULH,2024-05-08,Three White Soldiers | ULH,2024-05-09,Three White Soldiers | ULH,2024-05-16,Morning Star | ULH,2024-06-06,Bullish Engulfing | ULH,2024-06-10,Bullish Engulfing | ULH,2024-06-11,Hammer | ULH,2024-06-17,Piercing Pattern | ULH,2024-06-26,Bullish Engulfing | ULH,2024-07-02,Bullish Engulfing | ULH,2024-07-12,Three White Soldiers | ULH,2024-07-15,Three White Soldiers | ULH,2024-07-16,Three White Soldiers | ULH,2024-07-22,Morning Star | ULH,2024-07-31,Bullish Engulfing | ULH,2024-07-31,Morning Star | ULH,2024-08-09,Hammer | ULH,2024-08-13,Bullish Engulfing | ULH,2024-08-19,Morning Star | ULH,2024-08-28,Bullish Engulfing | ULH,2024-08-30,Hammer | ULH,2024-08-30,Three White Soldiers | ULH,2024-09-10,Bullish Engulfing | ULH,2024-09-13,Three White Soldiers | ULH,2024-09-16,Hammer | ULH,2024-09-19,Morning Star | ULH,2024-09-27,Hammer | ULH,2024-09-30,Bullish Engulfing | ULH,2024-09-30,Morning Star | ULH,2024-10-17,Hammer | ULH,2024-10-17,Three White Soldiers | ULH,2024-10-17,Dragonfly Doji | ULH,2024-10-29,Three White Soldiers | ULH,2024-11-04,Three White Soldiers | ULH,2024-11-05,Three White Soldiers | ULH,2024-11-06,Three White Soldiers | ULH,2024-11-20,Hammer | ULH,2024-11-21,Morning Star | ULH,2024-11-25,Three White Soldiers | ULH,2024-11-26,Hammer | ULH,2024-12-10,Bullish Engulfing | ULH,2024-12-20,Bullish Engulfing | ULH,2025-01-08,Bullish Engulfing | ULH,2025-01-15,Three White Soldiers | ULH,2025-01-24,Three White Soldiers | ULH,2025-01-27,Three White Soldiers | ULH,2025-02-04,Bullish Engulfing | ULH,2025-02-28,Piercing Pattern | ULH,2025-03-05,Morning Star | ULH,2025-03-06,Three White Soldiers | ULH,2025-03-07,Three White Soldiers | ULH,2025-03-17,Bullish Engulfing | ULH,2025-03-17,Morning Star | ULH,2025-03-28,Hammer | ULH,2025-04-02,Morning Star | ULH,2025-04-04,Hammer | ULH,2025-04-09,Bullish Engulfing | ULH,2025-04-14,Piercing Pattern | ULH,2025-04-17,Bullish Engulfing | ULH,2025-04-29,Hammer | ULH,2025-05-02,Three White Soldiers | ULH,2025-05-07,Piercing Pattern | ULH,2025-05-09,Hammer | ULH,2025-05-15,Hammer | ULH,2025-05-16,Hammer | ULH,2025-06-09,Bullish Engulfing | ULH,2025-06-09,Morning Star | ULH,2025-06-26,Morning Star | ULH,2025-06-27,Three White Soldiers | ULH,2025-07-01,Bullish Engulfing | ULH,2025-07-03,Three White Soldiers | ULH,2025-07-10,Piercing Pattern | ULH,2025-07-17,Bullish Engulfing | ULH,2025-07-22,Morning Star | ULH,2025-07-24,Three White Soldiers | ULH,2025-07-25,Three White Soldiers | ULH,2025-08-05,Morning Star | ULH,2025-08-06,Three White Soldiers | ULH,2025-08-19,Morning Star | ULH,2025-08-22,Morning Star | ULH,2025-08-27,Hammer | ULH,2025-09-04,Piercing Pattern | ULTA,2023-07-10,Morning Star | ULTA,2023-07-11,Three White Soldiers | ULTA,2023-08-04,Bullish Engulfing | ULTA,2023-08-23,Piercing Pattern | ULTA,2023-08-30,Three White Soldiers | ULTA,2023-09-07,Bullish Engulfing | ULTA,2023-09-11,Hammer | ULTA,2023-09-14,Hammer | ULTA,2023-09-19,Bullish Engulfing | ULTA,2023-09-28,Morning Star | ULTA,2023-10-09,Hammer | ULTA,2023-10-09,Dragonfly Doji | ULTA,2023-10-10,Bullish Engulfing | ULTA,2023-10-23,Piercing Pattern | ULTA,2023-10-31,Piercing Pattern | ULTA,2023-11-03,Morning Star | ULTA,2023-11-15,Three White Soldiers | ULTA,2023-11-17,Hammer | ULTA,2023-11-27,Three White Soldiers | ULTA,2023-11-28,Three White Soldiers | ULTA,2023-11-29,Three White Soldiers | ULTA,2023-12-11,Hammer | ULTA,2023-12-12,Morning Star | ULTA,2023-12-28,Three White Soldiers | ULTA,2023-12-29,Three White Soldiers | ULTA,2024-01-09,Three White Soldiers | ULTA,2024-01-11,Hammer | ULTA,2024-01-29,Bullish Engulfing | ULTA,2024-02-02,Piercing Pattern | ULTA,2024-02-06,Hammer | ULTA,2024-02-07,Morning Star | ULTA,2024-02-09,Three White Soldiers | ULTA,2024-02-12,Three White Soldiers | ULTA,2024-02-16,Piercing Pattern | ULTA,2024-02-26,Three White Soldiers | ULTA,2024-02-27,Three White Soldiers | ULTA,2024-03-13,Three White Soldiers | ULTA,2024-03-27,Hammer | ULTA,2024-04-09,Bullish Engulfing | ULTA,2024-04-09,Morning Star | ULTA,2024-04-18,Hammer | ULTA,2024-04-25,Hammer | ULTA,2024-05-24,Bullish Engulfing | ULTA,2024-06-10,Hammer | ULTA,2024-06-12,Three White Soldiers | ULTA,2024-06-13,Three White Soldiers | ULTA,2024-07-08,Morning Star | ULTA,2024-07-12,Three White Soldiers | ULTA,2024-07-22,Dragonfly Doji | ULTA,2024-08-13,Bullish Engulfing | ULTA,2024-08-13,Morning Star | ULTA,2024-08-23,Piercing Pattern | ULTA,2024-08-27,Hammer | ULTA,2024-09-04,Three White Soldiers | ULTA,2024-09-05,Three White Soldiers | ULTA,2024-09-06,Three White Soldiers | ULTA,2024-09-09,Three White Soldiers | ULTA,2024-09-10,Hammer | ULTA,2024-09-13,Morning Star | ULTA,2024-09-16,Three White Soldiers | ULTA,2024-09-17,Three White Soldiers | ULTA,2024-09-18,Three White Soldiers | ULTA,2024-09-25,Hammer | ULTA,2024-09-25,Dragonfly Doji | ULTA,2024-10-04,Morning Star | ULTA,2024-10-11,Morning Star | ULTA,2024-10-14,Hammer | ULTA,2024-10-16,Hammer | ULTA,2024-10-16,Bullish Engulfing | ULTA,2024-10-22,Hammer | ULTA,2024-10-23,Piercing Pattern | ULTA,2024-10-29,Hammer | ULTA,2024-10-29,Dragonfly Doji | ULTA,2024-11-07,Three White Soldiers | ULTA,2024-11-21,Dragonfly Doji | ULTA,2024-11-25,Morning Star | ULTA,2024-11-29,Three White Soldiers | ULTA,2024-12-02,Three White Soldiers | ULTA,2024-12-03,Three White Soldiers | ULTA,2024-12-04,Three White Soldiers | ULTA,2024-12-11,Bullish Engulfing | ULTA,2025-01-22,Hammer | ULTA,2025-02-05,Three White Soldiers | ULTA,2025-02-10,Hammer | ULTA,2025-02-11,Hammer | ULTA,2025-02-18,Morning Star | ULTA,2025-02-24,Hammer | ULTA,2025-02-25,Morning Star | ULTA,2025-02-27,Hammer | ULTA,2025-03-05,Bullish Engulfing | ULTA,2025-03-07,Three White Soldiers | ULTA,2025-03-21,Bullish Engulfing | ULTA,2025-03-25,Three White Soldiers | ULTA,2025-03-26,Hammer | ULTA,2025-03-26,Three White Soldiers | ULTA,2025-03-31,Bullish Engulfing | ULTA,2025-04-02,Bullish Engulfing | ULTA,2025-04-11,Bullish Engulfing | ULTA,2025-04-22,Three White Soldiers | ULTA,2025-04-24,Bullish Engulfing | ULTA,2025-04-28,Bullish Engulfing | ULTA,2025-04-30,Three White Soldiers | ULTA,2025-05-12,Morning Star | ULTA,2025-05-30,Morning Star | ULTA,2025-06-06,Hammer | ULTA,2025-06-09,Hammer | ULTA,2025-06-26,Hammer | ULTA,2025-06-30,Bullish Engulfing | ULTA,2025-06-30,Morning Star | ULTA,2025-07-02,Three White Soldiers | ULTA,2025-07-18,Dragonfly Doji | ULTA,2025-07-23,Three White Soldiers | ULTA,2025-07-24,Three White Soldiers | ULTA,2025-08-12,Morning Star | ULTA,2025-08-22,Three White Soldiers | ULTA,2025-08-26,Hammer | ULTA,2025-09-02,Bullish Engulfing | ULTA,2025-09-10,Bullish Engulfing | ULTA,2025-09-16,Hammer | ULTA,2025-09-18,Three White Soldiers | ULTA,2025-09-24,Morning Star | ULTA,2025-09-25,Three White Soldiers | ULTA,2025-09-25,Dragonfly Doji | ULTA,2025-09-26,Three White Soldiers | ULTA,2025-09-29,Hammer | ULTA,2025-09-29,Three White Soldiers | ULVM,2023-07-11,Three White Soldiers | ULVM,2023-07-18,Three White Soldiers | ULVM,2023-07-19,Three White Soldiers | ULVM,2023-07-20,Three White Soldiers | ULVM,2023-07-26,Morning Star | ULVM,2023-07-28,Hammer | ULVM,2023-08-21,Hammer | ULVM,2023-08-23,Piercing Pattern | ULVM,2023-08-29,Morning Star | ULVM,2023-08-30,Hammer | ULVM,2023-10-31,Morning Star | ULVM,2023-11-02,Three White Soldiers | ULVM,2023-12-01,Morning Star | ULVM,2023-12-08,Morning Star | ULVM,2023-12-12,Three White Soldiers | ULVM,2023-12-15,Hammer | ULVM,2023-12-28,Three White Soldiers | ULVM,2024-01-19,Three White Soldiers | ULVM,2024-01-23,Hammer | ULVM,2024-02-22,Morning Star | ULVM,2024-04-03,Bullish Engulfing | ULVM,2024-04-19,Morning Star | ULVM,2024-05-08,Bullish Engulfing | ULVM,2024-05-21,Piercing Pattern | ULVM,2024-06-20,Hammer | ULVM,2024-06-27,Hammer | ULVM,2024-07-16,Morning Star | ULVM,2024-07-26,Morning Star | ULVM,2024-08-09,Morning Star | ULVM,2024-09-12,Bullish Engulfing | ULVM,2024-10-18,Piercing Pattern | ULVM,2024-11-15,Hammer | ULVM,2024-11-25,Hammer | ULVM,2024-11-25,Dragonfly Doji | ULVM,2024-11-26,Bullish Engulfing | ULVM,2024-12-04,Hammer | ULVM,2024-12-04,Dragonfly Doji | ULVM,2024-12-23,Morning Star | ULVM,2025-01-03,Morning Star | ULVM,2025-01-27,Bullish Engulfing | ULVM,2025-02-06,Hammer | ULVM,2025-02-10,Bullish Engulfing | ULVM,2025-03-07,Piercing Pattern | ULVM,2025-04-01,Three White Soldiers | ULVM,2025-04-02,Hammer | ULVM,2025-04-02,Three White Soldiers | ULVM,2025-04-07,Hammer | ULVM,2025-04-09,Bullish Engulfing | ULVM,2025-04-11,Hammer | ULVM,2025-04-24,Piercing Pattern | ULVM,2025-05-30,Morning Star | ULVM,2025-07-17,Morning Star | ULVM,2025-08-12,Morning Star | ULVM,2025-08-28,Morning Star | ULVM,2025-09-23,Morning Star | ULVM,2025-09-26,Morning Star | ULY,2023-10-24,Piercing Pattern | ULY,2023-11-03,Three White Soldiers | ULY,2023-11-20,Hammer | ULY,2023-11-27,Morning Star | ULY,2023-12-27,Three White Soldiers | ULY,2023-12-28,Three White Soldiers | ULY,2023-12-29,Three White Soldiers | ULY,2024-01-12,Dragonfly Doji | ULY,2024-01-16,Morning Star | ULY,2024-02-06,Bullish Engulfing | ULY,2024-02-12,Hammer | ULY,2024-02-21,Piercing Pattern | ULY,2024-03-04,Three White Soldiers | ULY,2024-03-05,Three White Soldiers | ULY,2024-03-06,Three White Soldiers | ULY,2024-03-26,Three White Soldiers | ULY,2024-04-03,Hammer | ULY,2024-04-04,Hammer | ULY,2024-04-05,Hammer | ULY,2024-04-10,Hammer | ULY,2024-04-10,Morning Star | ULY,2024-04-17,Morning Star | ULY,2024-04-18,Three White Soldiers | ULY,2024-04-29,Bullish Engulfing | ULY,2024-05-02,Morning Star | ULY,2024-05-03,Hammer | ULY,2024-05-07,Three White Soldiers | ULY,2024-05-08,Three White Soldiers | ULY,2024-05-10,Hammer | ULY,2024-05-10,Bullish Engulfing | ULY,2024-05-30,Bullish Engulfing | ULY,2024-05-30,Morning Star | ULY,2024-06-05,Morning Star | ULY,2024-06-10,Hammer | ULY,2024-06-26,Bullish Engulfing | ULY,2024-06-27,Hammer | ULY,2024-07-16,Hammer | ULY,2024-09-05,Bullish Engulfing | ULY,2024-09-05,Morning Star | ULY,2024-09-11,Bullish Engulfing | ULY,2024-09-12,Hammer | ULY,2024-09-20,Morning Star | ULY,2024-09-23,Hammer | ULY,2024-09-25,Hammer | ULY,2024-09-27,Hammer | ULY,2024-09-27,Dragonfly Doji | ULY,2024-10-02,Dragonfly Doji | ULY,2024-10-07,Piercing Pattern | ULY,2024-10-11,Bullish Engulfing | ULY,2024-10-15,Dragonfly Doji | ULY,2024-10-22,Hammer | ULY,2024-10-31,Piercing Pattern | ULY,2024-11-15,Hammer | ULY,2024-11-22,Bullish Engulfing | ULY,2024-11-22,Morning Star | ULY,2024-12-09,Morning Star | ULY,2024-12-16,Hammer | ULY,2024-12-17,Bullish Engulfing | ULY,2024-12-19,Hammer | ULY,2024-12-31,Piercing Pattern | ULY,2025-01-15,Hammer | ULY,2025-01-24,Hammer | ULY,2025-01-27,Bullish Engulfing | ULY,2025-01-30,Dragonfly Doji | ULY,2025-03-18,Hammer | ULY,2025-03-18,Dragonfly Doji | ULY,2025-03-19,Bullish Engulfing | ULY,2025-03-21,Three White Soldiers | ULY,2025-03-26,Bullish Engulfing | ULY,2025-03-26,Morning Star | ULY,2025-04-02,Hammer | ULY,2025-04-09,Piercing Pattern | ULY,2025-04-14,Bullish Engulfing | ULY,2025-04-25,Morning Star | ULY,2025-04-30,Three White Soldiers | ULY,2025-05-07,Three White Soldiers | ULY,2025-05-08,Three White Soldiers | ULY,2025-05-21,Hammer | ULY,2025-05-27,Hammer | ULY,2025-06-10,Piercing Pattern | ULY,2025-06-16,Bullish Engulfing | ULY,2025-06-23,Morning Star | ULY,2025-06-30,Bullish Engulfing | ULY,2025-07-09,Three White Soldiers | ULY,2025-07-17,Bullish Engulfing | ULY,2025-08-04,Piercing Pattern | ULY,2025-08-15,Hammer | ULY,2025-09-11,Three White Soldiers | ULY,2025-09-12,Three White Soldiers | ULY,2025-09-19,Morning Star | UMBFO,2025-06-04,Bullish Engulfing | UMBFO,2025-06-04,Morning Star | UMBFO,2025-06-24,Three White Soldiers | UMBFO,2025-06-25,Three White Soldiers | UMBFO,2025-06-26,Three White Soldiers | UMBFO,2025-06-27,Three White Soldiers | UMBFO,2025-07-16,Hammer | UMBFO,2025-08-11,Hammer | UMBFO,2025-08-12,Morning Star | UMBFO,2025-09-02,Bullish Engulfing | UMBFO,2025-09-04,Three White Soldiers | UMBFO,2025-09-09,Bullish Engulfing | UMBFO,2025-09-23,Morning Star | UMBFO,2025-09-24,Dragonfly Doji | UMBFO,2025-09-25,Hammer | UMBF,2023-07-06,Hammer | UMBF,2023-07-07,Bullish Engulfing | UMBF,2023-07-13,Three White Soldiers | UMBF,2023-07-19,Three White Soldiers | UMBF,2023-07-24,Bullish Engulfing | UMBF,2023-07-31,Piercing Pattern | UMBF,2023-08-04,Three White Soldiers | UMBF,2023-08-07,Three White Soldiers | UMBF,2023-08-08,Hammer | UMBF,2023-08-09,Hammer | UMBF,2023-08-18,Morning Star | UMBF,2023-08-24,Morning Star | UMBF,2023-08-29,Morning Star | UMBF,2023-08-30,Hammer | UMBF,2023-09-08,Hammer | UMBF,2023-09-13,Morning Star | UMBF,2023-09-14,Three White Soldiers | UMBF,2023-09-25,Bullish Engulfing | UMBF,2023-10-05,Morning Star | UMBF,2023-10-06,Three White Soldiers | UMBF,2023-10-25,Bullish Engulfing | UMBF,2023-11-03,Three White Soldiers | UMBF,2023-11-08,Dragonfly Doji | UMBF,2023-11-13,Morning Star | UMBF,2023-11-15,Three White Soldiers | UMBF,2023-12-01,Bullish Engulfing | UMBF,2023-12-13,Bullish Engulfing | UMBF,2023-12-21,Hammer | UMBF,2023-12-28,Bullish Engulfing | UMBF,2024-01-02,Piercing Pattern | UMBF,2024-01-17,Piercing Pattern | UMBF,2024-01-19,Three White Soldiers | UMBF,2024-01-22,Hammer | UMBF,2024-01-22,Three White Soldiers | UMBF,2024-01-29,Morning Star | UMBF,2024-01-30,Three White Soldiers | UMBF,2024-02-08,Bullish Engulfing | UMBF,2024-02-08,Morning Star | UMBF,2024-02-12,Three White Soldiers | UMBF,2024-02-15,Morning Star | UMBF,2024-02-21,Hammer | UMBF,2024-02-23,Bullish Engulfing | UMBF,2024-03-01,Hammer | UMBF,2024-03-05,Bullish Engulfing | UMBF,2024-03-19,Bullish Engulfing | UMBF,2024-03-21,Three White Soldiers | UMBF,2024-03-26,Morning Star | UMBF,2024-03-27,Three White Soldiers | UMBF,2024-03-28,Three White Soldiers | UMBF,2024-04-08,Morning Star | UMBF,2024-04-23,Three White Soldiers | UMBF,2024-04-25,Hammer | UMBF,2024-05-08,Bullish Engulfing | UMBF,2024-05-08,Morning Star | UMBF,2024-05-10,Hammer | UMBF,2024-05-13,Morning Star | UMBF,2024-06-06,Hammer | UMBF,2024-06-06,Bullish Engulfing | UMBF,2024-06-06,Morning Star | UMBF,2024-06-18,Three White Soldiers | UMBF,2024-06-27,Hammer | UMBF,2024-06-28,Three White Soldiers | UMBF,2024-07-02,Bullish Engulfing | UMBF,2024-07-09,Bullish Engulfing | UMBF,2024-07-11,Three White Soldiers | UMBF,2024-07-17,Hammer | UMBF,2024-07-22,Morning Star | UMBF,2024-08-13,Hammer | UMBF,2024-08-16,Morning Star | UMBF,2024-08-19,Three White Soldiers | UMBF,2024-08-21,Hammer | UMBF,2024-08-22,Morning Star | UMBF,2024-08-23,Three White Soldiers | UMBF,2024-09-03,Morning Star | UMBF,2024-09-10,Hammer | UMBF,2024-09-10,Dragonfly Doji | UMBF,2024-09-12,Hammer | UMBF,2024-09-13,Three White Soldiers | UMBF,2024-09-16,Three White Soldiers | UMBF,2024-09-19,Morning Star | UMBF,2024-09-30,Bullish Engulfing | UMBF,2024-09-30,Morning Star | UMBF,2024-10-07,Bullish Engulfing | UMBF,2024-10-09,Bullish Engulfing | UMBF,2024-10-10,Hammer | UMBF,2024-10-11,Three White Soldiers | UMBF,2024-10-14,Three White Soldiers | UMBF,2024-10-15,Three White Soldiers | UMBF,2024-11-05,Morning Star | UMBF,2024-11-06,Three White Soldiers | UMBF,2024-11-11,Morning Star | UMBF,2024-11-20,Hammer | UMBF,2024-11-22,Bullish Engulfing | UMBF,2024-11-22,Morning Star | UMBF,2024-12-04,Morning Star | UMBF,2024-12-20,Piercing Pattern | UMBF,2024-12-26,Three White Soldiers | UMBF,2025-01-03,Hammer | UMBF,2025-01-14,Three White Soldiers | UMBF,2025-02-11,Bullish Engulfing | UMBF,2025-02-18,Bullish Engulfing | UMBF,2025-02-26,Morning Star | UMBF,2025-03-07,Piercing Pattern | UMBF,2025-03-18,Three White Soldiers | UMBF,2025-03-19,Three White Soldiers | UMBF,2025-03-24,Morning Star | UMBF,2025-03-31,Piercing Pattern | UMBF,2025-04-02,Bullish Engulfing | UMBF,2025-04-09,Bullish Engulfing | UMBF,2025-04-14,Hammer | UMBF,2025-04-16,Three White Soldiers | UMBF,2025-04-24,Piercing Pattern | UMBF,2025-04-28,Bullish Engulfing | UMBF,2025-05-02,Three White Soldiers | UMBF,2025-05-05,Three White Soldiers | UMBF,2025-05-13,Piercing Pattern | UMBF,2025-05-14,Hammer | UMBF,2025-06-03,Bullish Engulfing | UMBF,2025-06-05,Hammer | UMBF,2025-06-06,Morning Star | UMBF,2025-06-10,Three White Soldiers | UMBF,2025-06-18,Piercing Pattern | UMBF,2025-07-01,Bullish Engulfing | UMBF,2025-07-03,Three White Soldiers | UMBF,2025-07-10,Three White Soldiers | UMBF,2025-07-17,Morning Star | UMBF,2025-07-28,Three White Soldiers | UMBF,2025-08-04,Bullish Engulfing | UMBF,2025-08-04,Morning Star | UMBF,2025-08-05,Hammer | UMBF,2025-08-22,Morning Star | UMBF,2025-08-26,Bullish Engulfing | UMBF,2025-09-02,Hammer | UMBF,2025-09-05,Three White Soldiers | UMBF,2025-09-08,Hammer | UMBF,2025-09-08,Three White Soldiers | UMBF,2025-09-08,Dragonfly Doji | UMBF,2025-09-26,Morning Star | UMMA,2023-07-11,Three White Soldiers | UMMA,2023-07-12,Three White Soldiers | UMMA,2023-07-13,Three White Soldiers | UMMA,2023-07-24,Morning Star | UMMA,2023-07-31,Morning Star | UMMA,2023-08-28,Morning Star | UMMA,2023-09-12,Morning Star | UMMA,2023-10-10,Three White Soldiers | UMMA,2023-10-11,Dragonfly Doji | UMMA,2023-10-31,Morning Star | UMMA,2023-11-02,Three White Soldiers | UMMA,2023-11-20,Three White Soldiers | UMMA,2023-11-22,Bullish Engulfing | UMMA,2023-11-30,Dragonfly Doji | UMMA,2023-12-01,Morning Star | UMMA,2023-12-04,Hammer | UMMA,2023-12-07,Hammer | UMMA,2023-12-08,Morning Star | UMMA,2023-12-11,Hammer | UMMA,2023-12-12,Piercing Pattern | UMMA,2023-12-14,Three White Soldiers | UMMA,2023-12-15,Hammer | UMMA,2024-01-03,Hammer | UMMA,2024-01-05,Bullish Engulfing | UMMA,2024-01-11,Hammer | UMMA,2024-01-17,Hammer | UMMA,2024-01-19,Three White Soldiers | UMMA,2024-01-23,Bullish Engulfing | UMMA,2024-02-08,Three White Soldiers | UMMA,2024-02-09,Three White Soldiers | UMMA,2024-02-16,Three White Soldiers | UMMA,2024-03-01,Morning Star | UMMA,2024-03-07,Morning Star | UMMA,2024-03-12,Morning Star | UMMA,2024-03-19,Hammer | UMMA,2024-03-20,Morning Star | UMMA,2024-04-09,Hammer | UMMA,2024-05-02,Morning Star | UMMA,2024-05-06,Three White Soldiers | UMMA,2024-05-07,Three White Soldiers | UMMA,2024-05-31,Hammer | UMMA,2024-05-31,Dragonfly Doji | UMMA,2024-06-03,Hammer | UMMA,2024-06-04,Hammer | UMMA,2024-06-18,Three White Soldiers | UMMA,2024-07-02,Piercing Pattern | UMMA,2024-07-05,Hammer | UMMA,2024-07-05,Three White Soldiers | UMMA,2024-07-05,Dragonfly Doji | UMMA,2024-08-12,Three White Soldiers | UMMA,2024-08-13,Three White Soldiers | UMMA,2024-08-19,Three White Soldiers | UMMA,2024-08-30,Hammer | UMMA,2024-09-10,Hammer | UMMA,2024-09-12,Three White Soldiers | UMMA,2024-09-24,Morning Star | UMMA,2024-10-02,Piercing Pattern | UMMA,2024-10-07,Three White Soldiers | UMMA,2024-11-05,Morning Star | UMMA,2024-11-20,Hammer | UMMA,2024-11-21,Bullish Engulfing | UMMA,2024-12-02,Three White Soldiers | UMMA,2024-12-03,Three White Soldiers | UMMA,2024-12-04,Three White Soldiers | UMMA,2024-12-13,Hammer | UMMA,2024-12-17,Bullish Engulfing | UMMA,2024-12-24,Hammer | UMMA,2025-01-14,Hammer | UMMA,2025-02-05,Three White Soldiers | UMMA,2025-02-06,Three White Soldiers | UMMA,2025-02-11,Morning Star | UMMA,2025-02-14,Hammer | UMMA,2025-02-20,Hammer | UMMA,2025-03-05,Morning Star | UMMA,2025-03-07,Bullish Engulfing | UMMA,2025-03-12,Morning Star | UMMA,2025-03-18,Hammer | UMMA,2025-03-19,Bullish Engulfing | UMMA,2025-03-24,Hammer | UMMA,2025-04-24,Three White Soldiers | UMMA,2025-04-25,Three White Soldiers | UMMA,2025-05-05,Hammer | UMMA,2025-05-07,Hammer | UMMA,2025-05-12,Hammer | UMMA,2025-05-12,Morning Star | UMMA,2025-05-16,Morning Star | UMMA,2025-05-19,Hammer | UMMA,2025-06-06,Bullish Engulfing | UMMA,2025-06-12,Morning Star | UMMA,2025-06-26,Hammer | UMMA,2025-06-27,Hammer | UMMA,2025-06-27,Three White Soldiers | UMMA,2025-07-01,Hammer | UMMA,2025-07-09,Morning Star | UMMA,2025-07-14,Hammer | UMMA,2025-07-15,Hammer | UMMA,2025-07-16,Hammer | UMMA,2025-07-22,Bullish Engulfing | UMMA,2025-08-01,Hammer | UMMA,2025-08-20,Hammer | UMMA,2025-08-21,Hammer | UMMA,2025-08-27,Morning Star | UMMA,2025-09-02,Hammer | UMMA,2025-09-08,Hammer | UMMA,2025-09-15,Bullish Engulfing | UMMA,2025-09-25,Dragonfly Doji | UNB,2023-07-18,Dragonfly Doji | UNB,2023-07-19,Morning Star | UNB,2023-07-20,Hammer | UNB,2023-07-26,Three White Soldiers | UNB,2023-08-28,Hammer | UNB,2023-08-30,Bullish Engulfing | UNB,2023-09-11,Piercing Pattern | UNB,2023-09-18,Three White Soldiers | UNB,2023-09-19,Three White Soldiers | UNB,2023-09-25,Morning Star | UNB,2023-09-27,Hammer | UNB,2023-09-28,Morning Star | UNB,2023-10-09,Three White Soldiers | UNB,2023-10-12,Hammer | UNB,2023-10-17,Morning Star | UNB,2023-10-20,Morning Star | UNB,2023-10-30,Bullish Engulfing | UNB,2023-11-01,Hammer | UNB,2023-11-08,Piercing Pattern | UNB,2023-11-10,Hammer | UNB,2023-11-14,Three White Soldiers | UNB,2023-11-20,Hammer | UNB,2023-11-24,Hammer | UNB,2023-11-24,Three White Soldiers | UNB,2023-11-24,Dragonfly Doji | UNB,2023-11-29,Three White Soldiers | UNB,2023-11-30,Three White Soldiers | UNB,2023-12-01,Three White Soldiers | UNB,2023-12-04,Three White Soldiers | UNB,2023-12-08,Morning Star | UNB,2023-12-13,Bullish Engulfing | UNB,2023-12-20,Hammer | UNB,2023-12-20,Dragonfly Doji | UNB,2023-12-21,Bullish Engulfing | UNB,2023-12-22,Hammer | UNB,2023-12-22,Dragonfly Doji | UNB,2023-12-27,Morning Star | UNB,2024-01-05,Hammer | UNB,2024-01-12,Morning Star | UNB,2024-01-16,Hammer | UNB,2024-01-16,Three White Soldiers | UNB,2024-01-18,Bullish Engulfing | UNB,2024-01-23,Hammer | UNB,2024-01-24,Hammer | UNB,2024-01-29,Hammer | UNB,2024-01-30,Hammer | UNB,2024-01-31,Bullish Engulfing | UNB,2024-02-07,Hammer | UNB,2024-02-09,Hammer | UNB,2024-02-15,Three White Soldiers | UNB,2024-02-21,Hammer | UNB,2024-02-21,Dragonfly Doji | UNB,2024-02-22,Morning Star | UNB,2024-03-01,Bullish Engulfing | UNB,2024-03-05,Hammer | UNB,2024-03-07,Hammer | UNB,2024-03-12,Dragonfly Doji | UNB,2024-03-15,Bullish Engulfing | UNB,2024-03-26,Piercing Pattern | UNB,2024-03-28,Dragonfly Doji | UNB,2024-04-17,Dragonfly Doji | UNB,2024-04-19,Three White Soldiers | UNB,2024-04-29,Three White Soldiers | UNB,2024-05-01,Hammer | UNB,2024-05-01,Dragonfly Doji | UNB,2024-05-20,Piercing Pattern | UNB,2024-05-31,Morning Star | UNB,2024-06-04,Three White Soldiers | UNB,2024-06-05,Three White Soldiers | UNB,2024-06-06,Three White Soldiers | UNB,2024-06-20,Bullish Engulfing | UNB,2024-07-03,Morning Star | UNB,2024-07-11,Morning Star | UNB,2024-07-12,Hammer | UNB,2024-07-15,Hammer | UNB,2024-07-16,Bullish Engulfing | UNB,2024-07-18,Three White Soldiers | UNB,2024-07-26,Hammer | UNB,2024-07-26,Morning Star | UNB,2024-07-26,Dragonfly Doji | UNB,2024-08-01,Hammer | UNB,2024-08-09,Hammer | UNB,2024-08-14,Bullish Engulfing | UNB,2024-08-21,Bullish Engulfing | UNB,2024-08-27,Three White Soldiers | UNB,2024-09-10,Morning Star | UNB,2024-09-13,Hammer | UNB,2024-09-16,Bullish Engulfing | UNB,2024-09-20,Hammer | UNB,2024-09-20,Dragonfly Doji | UNB,2024-10-02,Bullish Engulfing | UNB,2024-10-02,Morning Star | UNB,2024-10-09,Morning Star | UNB,2024-10-14,Three White Soldiers | UNB,2024-10-16,Bullish Engulfing | UNB,2024-10-21,Dragonfly Doji | UNB,2024-10-22,Hammer | UNB,2024-10-23,Bullish Engulfing | UNB,2024-10-24,Hammer | UNB,2024-10-24,Dragonfly Doji | UNB,2024-10-29,Hammer | UNB,2024-11-11,Morning Star | UNB,2024-11-12,Hammer | UNB,2024-11-13,Hammer | UNB,2024-11-14,Piercing Pattern | UNB,2024-11-29,Hammer | UNB,2024-12-02,Bullish Engulfing | UNB,2024-12-04,Hammer | UNB,2024-12-30,Three White Soldiers | UNB,2025-01-02,Hammer | UNB,2025-01-03,Bullish Engulfing | UNB,2025-01-07,Bullish Engulfing | UNB,2025-01-10,Bullish Engulfing | UNB,2025-01-16,Bullish Engulfing | UNB,2025-01-21,Three White Soldiers | UNB,2025-01-22,Three White Soldiers | UNB,2025-01-23,Three White Soldiers | UNB,2025-01-31,Bullish Engulfing | UNB,2025-02-05,Three White Soldiers | UNB,2025-02-06,Hammer | UNB,2025-02-06,Three White Soldiers | UNB,2025-02-14,Three White Soldiers | UNB,2025-02-18,Three White Soldiers | UNB,2025-02-26,Three White Soldiers | UNB,2025-02-28,Piercing Pattern | UNB,2025-03-13,Dragonfly Doji | UNB,2025-03-17,Bullish Engulfing | UNB,2025-03-21,Three White Soldiers | UNB,2025-03-24,Three White Soldiers | UNB,2025-04-16,Morning Star | UNB,2025-04-22,Bullish Engulfing | UNB,2025-04-24,Three White Soldiers | UNB,2025-05-05,Bullish Engulfing | UNB,2025-05-07,Hammer | UNB,2025-05-09,Bullish Engulfing | UNB,2025-05-14,Morning Star | UNB,2025-05-29,Morning Star | UNB,2025-06-09,Bullish Engulfing | UNB,2025-06-18,Dragonfly Doji | UNB,2025-06-25,Bullish Engulfing | UNB,2025-06-25,Morning Star | UNB,2025-07-02,Hammer | UNB,2025-07-02,Dragonfly Doji | UNB,2025-07-03,Bullish Engulfing | UNB,2025-07-08,Bullish Engulfing | UNB,2025-07-09,Dragonfly Doji | UNB,2025-07-17,Hammer | UNB,2025-08-05,Hammer | UNB,2025-08-13,Three White Soldiers | UNB,2025-08-15,Hammer | UNB,2025-08-15,Dragonfly Doji | UNB,2025-08-22,Bullish Engulfing | UNB,2025-09-12,Hammer | UNB,2025-09-12,Dragonfly Doji | UNB,2025-09-19,Morning Star | UNCY,2023-07-06,Hammer | UNCY,2023-07-10,Hammer | UNCY,2023-07-13,Morning Star | UNCY,2023-08-17,Morning Star | UNCY,2023-08-29,Hammer | UNCY,2023-09-07,Hammer | UNCY,2023-09-19,Hammer | UNCY,2023-09-26,Bullish Engulfing | UNCY,2023-10-10,Hammer | UNCY,2023-10-12,Bullish Engulfing | UNCY,2023-10-13,Hammer | UNCY,2023-10-13,Dragonfly Doji | UNCY,2023-11-02,Bullish Engulfing | UNCY,2023-12-11,Hammer | UNCY,2023-12-19,Hammer | UNCY,2023-12-22,Hammer | UNCY,2023-12-26,Dragonfly Doji | UNCY,2023-12-27,Morning Star | UNCY,2024-01-02,Hammer | UNCY,2024-01-02,Piercing Pattern | UNCY,2024-01-05,Dragonfly Doji | UNCY,2024-01-08,Morning Star | UNCY,2024-01-24,Hammer | UNCY,2024-01-31,Piercing Pattern | UNCY,2024-02-14,Morning Star | UNCY,2024-02-16,Three White Soldiers | UNCY,2024-02-20,Three White Soldiers | UNCY,2024-02-21,Three White Soldiers | UNCY,2024-02-22,Hammer | UNCY,2024-02-22,Three White Soldiers | UNCY,2024-02-23,Hammer | UNCY,2024-02-23,Three White Soldiers | UNCY,2024-02-26,Hammer | UNCY,2024-02-28,Hammer | UNCY,2024-03-08,Piercing Pattern | UNCY,2024-03-22,Bullish Engulfing | UNCY,2024-07-10,Bullish Engulfing | UNCY,2024-07-12,Hammer | UNCY,2024-07-12,Dragonfly Doji | UNCY,2024-07-15,Hammer | UNCY,2024-08-02,Hammer | UNCY,2024-08-16,Hammer | UNCY,2024-08-16,Bullish Engulfing | UNCY,2024-08-20,Three White Soldiers | UNCY,2024-09-04,Bullish Engulfing | UNCY,2024-09-13,Hammer | UNCY,2024-09-18,Morning Star | UNCY,2024-09-20,Three White Soldiers | UNCY,2024-10-11,Bullish Engulfing | UNCY,2024-10-11,Morning Star | UNCY,2024-10-15,Three White Soldiers | UNCY,2024-10-24,Piercing Pattern | UNCY,2024-10-30,Bullish Engulfing | UNCY,2024-11-06,Hammer | UNCY,2024-11-07,Three White Soldiers | UNCY,2024-11-08,Three White Soldiers | UNCY,2024-11-21,Hammer | UNCY,2024-11-21,Three White Soldiers | UNCY,2024-11-22,Three White Soldiers | UNCY,2024-11-25,Three White Soldiers | UNCY,2024-11-26,Three White Soldiers | UNCY,2024-11-27,Three White Soldiers | UNCY,2024-11-29,Three White Soldiers | UNCY,2024-12-02,Three White Soldiers | UNCY,2024-12-04,Hammer | UNCY,2024-12-09,Hammer | UNCY,2024-12-17,Hammer | UNCY,2024-12-26,Morning Star | UNCY,2025-01-07,Hammer | UNCY,2025-01-15,Hammer | UNCY,2025-01-21,Morning Star | UNCY,2025-01-30,Morning Star | UNCY,2025-02-13,Morning Star | UNCY,2025-02-14,Three White Soldiers | UNCY,2025-02-18,Three White Soldiers | UNCY,2025-02-21,Morning Star | UNCY,2025-02-28,Dragonfly Doji | UNCY,2025-03-04,Hammer | UNCY,2025-03-11,Bullish Engulfing | UNCY,2025-03-13,Hammer | UNCY,2025-03-18,Bullish Engulfing | UNCY,2025-03-21,Bullish Engulfing | UNCY,2025-03-25,Hammer | UNCY,2025-04-03,Morning Star | UNCY,2025-04-09,Bullish Engulfing | UNCY,2025-04-11,Three White Soldiers | UNCY,2025-04-14,Three White Soldiers | UNCY,2025-04-22,Piercing Pattern | UNCY,2025-04-24,Three White Soldiers | UNCY,2025-05-13,Morning Star | UNCY,2025-05-15,Hammer | UNCY,2025-05-16,Morning Star | UNCY,2025-05-27,Morning Star | UNCY,2025-05-28,Three White Soldiers | UNCY,2025-06-12,Hammer | UNCY,2025-06-20,Hammer | UNCY,2025-06-20,Dragonfly Doji | UNCY,2025-06-27,Bullish Engulfing | UNCY,2025-07-03,Hammer | UNCY,2025-07-07,Bullish Engulfing | UNCY,2025-07-09,Three White Soldiers | UNCY,2025-07-17,Bullish Engulfing | UNCY,2025-07-25,Three White Soldiers | UNCY,2025-09-02,Morning Star | UNCY,2025-09-04,Hammer | UNCY,2025-09-08,Three White Soldiers | UNCY,2025-09-17,Three White Soldiers | UNCY,2025-09-18,Three White Soldiers | UNCY,2025-09-22,Hammer | UNHG,2025-07-30,Hammer | UNHG,2025-08-05,Morning Star | UNHG,2025-08-08,Morning Star | UNHG,2025-08-22,Morning Star | UNHG,2025-08-29,Bullish Engulfing | UNHG,2025-09-03,Hammer | UNHG,2025-09-04,Bullish Engulfing | UNHG,2025-09-08,Hammer | UNHG,2025-09-08,Three White Soldiers | UNHG,2025-09-09,Three White Soldiers | UNHG,2025-09-22,Morning Star | UNHG,2025-09-24,Three White Soldiers | UNIT,2023-07-06,Hammer | UNIT,2023-07-18,Piercing Pattern | UNIT,2023-07-24,Bullish Engulfing | UNIT,2023-07-24,Morning Star | UNIT,2023-08-01,Hammer | UNIT,2023-08-01,Dragonfly Doji | UNIT,2023-08-02,Hammer | UNIT,2023-08-10,Three White Soldiers | UNIT,2023-08-18,Piercing Pattern | UNIT,2023-08-30,Three White Soldiers | UNIT,2023-10-06,Bullish Engulfing | UNIT,2023-10-11,Three White Soldiers | UNIT,2023-10-12,Hammer | UNIT,2023-10-31,Morning Star | UNIT,2023-11-08,Hammer | UNIT,2023-11-24,Piercing Pattern | UNIT,2023-11-28,Hammer | UNIT,2023-12-13,Bullish Engulfing | UNIT,2023-12-28,Three White Soldiers | UNIT,2024-01-02,Piercing Pattern | UNIT,2024-01-08,Bullish Engulfing | UNIT,2024-01-16,Bullish Engulfing | UNIT,2024-01-16,Morning Star | UNIT,2024-01-19,Hammer | UNIT,2024-01-22,Hammer | UNIT,2024-01-25,Hammer | UNIT,2024-01-29,Hammer | UNIT,2024-02-09,Dragonfly Doji | UNIT,2024-02-12,Morning Star | UNIT,2024-02-28,Bullish Engulfing | UNIT,2024-02-29,Hammer | UNIT,2024-03-01,Three White Soldiers | UNIT,2024-03-04,Three White Soldiers | UNIT,2024-03-28,Morning Star | UNIT,2024-04-30,Piercing Pattern | UNIT,2024-05-02,Three White Soldiers | UNIT,2024-05-29,Hammer | UNIT,2024-06-21,Three White Soldiers | UNIT,2024-06-27,Three White Soldiers | UNIT,2024-06-28,Three White Soldiers | UNIT,2024-07-10,Hammer | UNIT,2024-07-15,Three White Soldiers | UNIT,2024-07-16,Three White Soldiers | UNIT,2024-08-02,Hammer | UNIT,2024-08-07,Three White Soldiers | UNIT,2024-08-19,Three White Soldiers | UNIT,2024-08-21,Hammer | UNIT,2024-09-04,Morning Star | UNIT,2024-09-19,Morning Star | UNIT,2024-09-27,Morning Star | UNIT,2024-10-02,Piercing Pattern | UNIT,2024-10-10,Piercing Pattern | UNIT,2024-10-16,Three White Soldiers | UNIT,2024-10-22,Bullish Engulfing | UNIT,2024-10-22,Morning Star | UNIT,2024-10-29,Bullish Engulfing | UNIT,2024-10-29,Morning Star | UNIT,2024-11-04,Morning Star | UNIT,2024-11-06,Hammer | UNIT,2024-11-07,Hammer | UNIT,2024-12-12,Three White Soldiers | UNIT,2024-12-13,Hammer | UNIT,2025-01-02,Three White Soldiers | UNIT,2025-01-06,Hammer | UNIT,2025-01-13,Hammer | UNIT,2025-01-15,Three White Soldiers | UNIT,2025-01-16,Three White Soldiers | UNIT,2025-01-17,Three White Soldiers | UNIT,2025-02-04,Bullish Engulfing | UNIT,2025-02-10,Piercing Pattern | UNIT,2025-02-14,Three White Soldiers | UNIT,2025-02-25,Piercing Pattern | UNIT,2025-03-28,Piercing Pattern | UNIT,2025-04-01,Three White Soldiers | UNIT,2025-04-02,Three White Soldiers | UNIT,2025-04-09,Piercing Pattern | UNIT,2025-04-15,Three White Soldiers | UNIT,2025-04-17,Bullish Engulfing | UNIT,2025-04-29,Three White Soldiers | UNIT,2025-05-09,Morning Star | UNIT,2025-05-14,Morning Star | UNIT,2025-05-15,Three White Soldiers | UNIT,2025-05-28,Hammer | UNIT,2025-06-03,Morning Star | UNIT,2025-06-18,Piercing Pattern | UNIT,2025-06-23,Bullish Engulfing | UNIT,2025-06-26,Bullish Engulfing | UNIT,2025-06-30,Three White Soldiers | UNIT,2025-07-01,Three White Soldiers | UNIT,2025-07-10,Three White Soldiers | UNIT,2025-07-11,Three White Soldiers | UNIT,2025-07-14,Three White Soldiers | UNIT,2025-07-17,Morning Star | UNIT,2025-07-23,Three White Soldiers | UNIT,2025-07-24,Three White Soldiers | UNIT,2025-07-25,Three White Soldiers | UNIT,2025-08-07,Hammer | UNIT,2025-08-12,Morning Star | UNIT,2025-08-22,Bullish Engulfing | UNIT,2025-08-26,Bullish Engulfing | UNIT,2025-09-05,Hammer | UNIT,2025-09-05,Three White Soldiers | UNIT,2025-09-08,Three White Soldiers | UNIT,2025-09-18,Morning Star | UNIT,2025-09-23,Morning Star | UNIY,2023-11-21,Hammer | UNIY,2023-11-21,Dragonfly Doji | UNIY,2024-04-22,Dragonfly Doji | UNIY,2024-07-01,Hammer | UNIY,2024-09-10,Morning Star | UNIY,2024-11-04,Morning Star | UNIY,2024-12-09,Hammer | UNIY,2024-12-09,Dragonfly Doji | UNIY,2025-01-07,Hammer | UNIY,2025-03-13,Bullish Engulfing | UNIY,2025-06-10,Hammer | UNIY,2025-06-12,Morning Star | UNTY,2023-08-08,Morning Star | UNTY,2023-08-23,Bullish Engulfing | UNTY,2023-09-21,Piercing Pattern | UNTY,2023-09-27,Bullish Engulfing | UNTY,2023-10-06,Three White Soldiers | UNTY,2023-10-26,Morning Star | UNTY,2023-11-02,Morning Star | UNTY,2023-11-03,Hammer | UNTY,2023-11-07,Hammer | UNTY,2023-11-16,Hammer | UNTY,2023-11-16,Dragonfly Doji | UNTY,2023-11-17,Hammer | UNTY,2023-11-17,Dragonfly Doji | UNTY,2023-11-24,Morning Star | UNTY,2023-11-27,Three White Soldiers | UNTY,2023-12-07,Hammer | UNTY,2023-12-08,Morning Star | UNTY,2023-12-13,Bullish Engulfing | UNTY,2023-12-13,Morning Star | UNTY,2023-12-18,Hammer | UNTY,2023-12-18,Morning Star | UNTY,2023-12-21,Bullish Engulfing | UNTY,2023-12-26,Bullish Engulfing | UNTY,2024-01-05,Bullish Engulfing | UNTY,2024-01-18,Piercing Pattern | UNTY,2024-01-22,Three White Soldiers | UNTY,2024-02-09,Three White Soldiers | UNTY,2024-02-12,Three White Soldiers | UNTY,2024-02-15,Hammer | UNTY,2024-03-07,Bullish Engulfing | UNTY,2024-03-08,Hammer | UNTY,2024-03-15,Bullish Engulfing | UNTY,2024-03-20,Bullish Engulfing | UNTY,2024-03-26,Hammer | UNTY,2024-04-01,Piercing Pattern | UNTY,2024-04-16,Morning Star | UNTY,2024-04-19,Bullish Engulfing | UNTY,2024-04-23,Three White Soldiers | UNTY,2024-04-30,Hammer | UNTY,2024-05-02,Three White Soldiers | UNTY,2024-05-03,Three White Soldiers | UNTY,2024-05-08,Bullish Engulfing | UNTY,2024-05-09,Hammer | UNTY,2024-05-21,Hammer | UNTY,2024-05-24,Hammer | UNTY,2024-05-29,Piercing Pattern | UNTY,2024-06-11,Bullish Engulfing | UNTY,2024-06-21,Hammer | UNTY,2024-06-24,Bullish Engulfing | UNTY,2024-06-24,Morning Star | UNTY,2024-06-26,Three White Soldiers | UNTY,2024-06-27,Three White Soldiers | UNTY,2024-06-28,Three White Soldiers | UNTY,2024-07-12,Three White Soldiers | UNTY,2024-07-15,Three White Soldiers | UNTY,2024-07-16,Three White Soldiers | UNTY,2024-07-22,Morning Star | UNTY,2024-07-25,Piercing Pattern | UNTY,2024-08-13,Hammer | UNTY,2024-08-14,Hammer | UNTY,2024-08-19,Three White Soldiers | UNTY,2024-08-22,Hammer | UNTY,2024-08-30,Morning Star | UNTY,2024-09-05,Hammer | UNTY,2024-09-09,Piercing Pattern | UNTY,2024-09-11,Hammer | UNTY,2024-09-13,Morning Star | UNTY,2024-09-17,Bullish Engulfing | UNTY,2024-09-19,Three White Soldiers | UNTY,2024-09-23,Hammer | UNTY,2024-10-07,Hammer | UNTY,2024-10-07,Morning Star | UNTY,2024-10-10,Morning Star | UNTY,2024-10-11,Three White Soldiers | UNTY,2024-10-14,Three White Soldiers | UNTY,2024-10-15,Three White Soldiers | UNTY,2024-10-16,Three White Soldiers | UNTY,2024-10-17,Three White Soldiers | UNTY,2024-10-24,Hammer | UNTY,2024-11-04,Bullish Engulfing | UNTY,2024-11-04,Morning Star | UNTY,2024-11-06,Three White Soldiers | UNTY,2024-11-08,Piercing Pattern | UNTY,2024-11-14,Hammer | UNTY,2024-11-20,Dragonfly Doji | UNTY,2024-11-21,Three White Soldiers | UNTY,2024-11-22,Three White Soldiers | UNTY,2024-12-10,Bullish Engulfing | UNTY,2024-12-16,Morning Star | UNTY,2024-12-20,Piercing Pattern | UNTY,2025-01-03,Hammer | UNTY,2025-01-03,Dragonfly Doji | UNTY,2025-01-08,Bullish Engulfing | UNTY,2025-01-15,Three White Soldiers | UNTY,2025-01-16,Hammer | UNTY,2025-01-16,Three White Soldiers | UNTY,2025-01-17,Three White Soldiers | UNTY,2025-01-21,Three White Soldiers | UNTY,2025-01-24,Bullish Engulfing | UNTY,2025-02-05,Three White Soldiers | UNTY,2025-02-06,Three White Soldiers | UNTY,2025-02-11,Piercing Pattern | UNTY,2025-02-18,Morning Star | UNTY,2025-02-19,Hammer | UNTY,2025-03-06,Hammer | UNTY,2025-03-12,Hammer | UNTY,2025-03-21,Piercing Pattern | UNTY,2025-04-09,Bullish Engulfing | UNTY,2025-04-15,Three White Soldiers | UNTY,2025-04-16,Three White Soldiers | UNTY,2025-04-17,Three White Soldiers | UNTY,2025-04-25,Hammer | UNTY,2025-04-28,Bullish Engulfing | UNTY,2025-05-13,Morning Star | UNTY,2025-05-19,Bullish Engulfing | UNTY,2025-06-06,Morning Star | UNTY,2025-06-09,Morning Star | UNTY,2025-06-10,Three White Soldiers | UNTY,2025-06-11,Three White Soldiers | UNTY,2025-06-12,Three White Soldiers | UNTY,2025-06-17,Bullish Engulfing | UNTY,2025-06-23,Bullish Engulfing | UNTY,2025-06-30,Hammer | UNTY,2025-07-01,Bullish Engulfing | UNTY,2025-07-03,Three White Soldiers | UNTY,2025-07-10,Morning Star | UNTY,2025-07-17,Bullish Engulfing | UNTY,2025-07-17,Morning Star | UNTY,2025-07-21,Piercing Pattern | UNTY,2025-08-11,Morning Star | UNTY,2025-08-12,Three White Soldiers | UNTY,2025-08-26,Bullish Engulfing | UNTY,2025-09-02,Hammer | UNTY,2025-09-11,Morning Star | UOKA,2023-07-24,Morning Star | UOKA,2023-07-25,Three White Soldiers | UOKA,2023-07-31,Morning Star | UOKA,2023-08-10,Morning Star | UOKA,2023-08-15,Morning Star | UOKA,2023-08-22,Hammer | UOKA,2023-09-14,Three White Soldiers | UOKA,2023-09-18,Hammer | UOKA,2023-09-29,Hammer | UOKA,2023-09-29,Dragonfly Doji | UOKA,2023-10-03,Morning Star | UOKA,2023-10-11,Hammer | UOKA,2023-10-16,Three White Soldiers | UOKA,2023-10-24,Piercing Pattern | UOKA,2023-11-14,Morning Star | UOKA,2023-11-15,Three White Soldiers | UOKA,2023-12-26,Morning Star | UOKA,2024-01-08,Hammer | UOKA,2024-01-11,Bullish Engulfing | UOKA,2024-01-30,Hammer | UOKA,2024-01-30,Dragonfly Doji | UOKA,2024-02-20,Hammer | UOKA,2024-02-26,Bullish Engulfing | UOKA,2024-02-27,Hammer | UOKA,2024-03-07,Three White Soldiers | UOKA,2024-04-02,Morning Star | UOKA,2024-04-18,Hammer | UOKA,2024-04-24,Hammer | UOKA,2024-04-29,Morning Star | UOKA,2024-06-10,Hammer | UOKA,2024-06-13,Hammer | UOKA,2024-06-13,Dragonfly Doji | UOKA,2024-07-17,Morning Star | UOKA,2024-07-24,Hammer | UOKA,2024-07-30,Dragonfly Doji | UOKA,2024-08-27,Bullish Engulfing | UOKA,2024-09-05,Morning Star | UOKA,2024-09-16,Hammer | UOKA,2024-09-16,Three White Soldiers | UOKA,2024-09-25,Bullish Engulfing | UOKA,2024-10-03,Morning Star | UOKA,2024-10-25,Bullish Engulfing | UOKA,2024-11-25,Piercing Pattern | UOKA,2024-12-04,Bullish Engulfing | UOKA,2024-12-10,Bullish Engulfing | UOKA,2024-12-27,Hammer | UOKA,2025-01-02,Bullish Engulfing | UOKA,2025-01-07,Piercing Pattern | UOKA,2025-01-15,Hammer | UOKA,2025-01-23,Hammer | UOKA,2025-02-20,Piercing Pattern | UOKA,2025-04-17,Hammer | UOKA,2025-04-24,Three White Soldiers | UOKA,2025-04-30,Piercing Pattern | UOKA,2025-06-03,Morning Star | UOKA,2025-06-04,Three White Soldiers | UOKA,2025-06-06,Bullish Engulfing | UOKA,2025-06-18,Hammer | UOKA,2025-06-18,Dragonfly Doji | UOKA,2025-06-27,Dragonfly Doji | UOKA,2025-06-30,Morning Star | UOKA,2025-07-01,Hammer | UOKA,2025-07-09,Bullish Engulfing | UOKA,2025-07-17,Morning Star | UOKA,2025-08-04,Dragonfly Doji | UOKA,2025-08-12,Three White Soldiers | UOKA,2025-08-21,Hammer | UOKA,2025-09-04,Hammer | UOKA,2025-09-04,Three White Soldiers | UOKA,2025-09-11,Morning Star | UOKA,2025-09-17,Three White Soldiers | UOKA,2025-09-18,Three White Soldiers | UONE,2023-07-07,Hammer | UONE,2023-07-18,Morning Star | UONE,2023-07-20,Bullish Engulfing | UONE,2023-08-03,Morning Star | UONE,2023-08-08,Piercing Pattern | UONE,2023-08-10,Hammer | UONE,2023-08-11,Bullish Engulfing | UONE,2023-08-24,Morning Star | UONE,2023-09-06,Hammer | UONE,2023-09-26,Bullish Engulfing | UONE,2023-10-04,Piercing Pattern | UONE,2023-10-10,Three White Soldiers | UONE,2023-10-23,Bullish Engulfing | UONE,2023-11-02,Three White Soldiers | UONE,2023-11-14,Morning Star | UONE,2023-11-15,Three White Soldiers | UONE,2023-12-04,Morning Star | UONE,2023-12-11,Morning Star | UONE,2023-12-27,Morning Star | UONE,2024-01-08,Morning Star | UONE,2024-02-15,Bullish Engulfing | UONE,2024-02-15,Morning Star | UONE,2024-03-01,Morning Star | UONE,2024-03-22,Three White Soldiers | UONE,2024-03-25,Three White Soldiers | UONE,2024-03-26,Three White Soldiers | UONE,2024-04-08,Morning Star | UONE,2024-04-09,Hammer | UONE,2024-04-26,Bullish Engulfing | UONE,2024-04-30,Hammer | UONE,2024-05-08,Bullish Engulfing | UONE,2024-05-28,Morning Star | UONE,2024-07-09,Piercing Pattern | UONE,2024-07-16,Three White Soldiers | UONE,2024-07-19,Three White Soldiers | UONE,2024-07-25,Three White Soldiers | UONE,2024-08-15,Bullish Engulfing | UONE,2024-08-19,Bullish Engulfing | UONE,2024-08-28,Bullish Engulfing | UONE,2024-08-29,Hammer | UONE,2024-09-11,Hammer | UONE,2024-10-16,Hammer | UONE,2024-10-23,Hammer | UONE,2024-10-28,Morning Star | UONE,2024-11-07,Hammer | UONE,2024-11-08,Morning Star | UONE,2024-11-12,Dragonfly Doji | UONE,2024-11-19,Hammer | UONE,2024-11-25,Three White Soldiers | UONE,2024-11-26,Three White Soldiers | UONE,2024-12-11,Piercing Pattern | UONE,2024-12-17,Bullish Engulfing | UONE,2024-12-20,Piercing Pattern | UONE,2025-01-06,Morning Star | UONE,2025-01-16,Dragonfly Doji | UONE,2025-01-28,Piercing Pattern | UONE,2025-02-04,Dragonfly Doji | UONE,2025-02-19,Three White Soldiers | UONE,2025-02-26,Morning Star | UONE,2025-02-27,Hammer | UONE,2025-03-14,Morning Star | UONE,2025-03-18,Three White Soldiers | UONE,2025-03-19,Three White Soldiers | UONE,2025-04-09,Bullish Engulfing | UONE,2025-04-23,Dragonfly Doji | UONE,2025-05-01,Morning Star | UONE,2025-05-12,Three White Soldiers | UONE,2025-05-14,Hammer | UONE,2025-05-23,Three White Soldiers | UONE,2025-05-28,Bullish Engulfing | UONE,2025-06-23,Piercing Pattern | UONE,2025-06-24,Hammer | UONE,2025-06-26,Morning Star | UONE,2025-07-08,Bullish Engulfing | UONE,2025-07-10,Three White Soldiers | UONE,2025-07-11,Three White Soldiers | UONE,2025-07-14,Three White Soldiers | UONE,2025-07-16,Piercing Pattern | UONE,2025-07-18,Hammer | UONE,2025-08-22,Hammer | UONE,2025-09-16,Hammer | UONE,2025-09-19,Hammer | UONE,2025-09-24,Hammer | UPBD,2023-07-14,Morning Star | UPBD,2023-07-17,Three White Soldiers | UPBD,2023-07-18,Three White Soldiers | UPBD,2023-07-19,Three White Soldiers | UPBD,2023-08-01,Morning Star | UPBD,2023-08-14,Hammer | UPBD,2023-08-15,Hammer | UPBD,2023-08-15,Dragonfly Doji | UPBD,2023-08-23,Piercing Pattern | UPBD,2023-08-29,Three White Soldiers | UPBD,2023-09-01,Three White Soldiers | UPBD,2023-09-07,Morning Star | UPBD,2023-09-13,Morning Star | UPBD,2023-09-14,Three White Soldiers | UPBD,2023-09-21,Piercing Pattern | UPBD,2023-09-25,Bullish Engulfing | UPBD,2023-09-28,Morning Star | UPBD,2023-10-04,Piercing Pattern | UPBD,2023-10-16,Morning Star | UPBD,2023-10-17,Three White Soldiers | UPBD,2023-10-18,Hammer | UPBD,2023-10-31,Dragonfly Doji | UPBD,2023-11-01,Three White Soldiers | UPBD,2023-11-01,Dragonfly Doji | UPBD,2023-11-08,Hammer | UPBD,2023-11-20,Morning Star | UPBD,2023-11-28,Morning Star | UPBD,2023-12-01,Bullish Engulfing | UPBD,2023-12-07,Bullish Engulfing | UPBD,2023-12-08,Hammer | UPBD,2023-12-13,Hammer | UPBD,2023-12-13,Dragonfly Doji | UPBD,2023-12-19,Morning Star | UPBD,2023-12-21,Hammer | UPBD,2023-12-22,Morning Star | UPBD,2023-12-26,Three White Soldiers | UPBD,2024-01-05,Hammer | UPBD,2024-01-05,Bullish Engulfing | UPBD,2024-01-19,Dragonfly Doji | UPBD,2024-01-22,Morning Star | UPBD,2024-01-29,Hammer | UPBD,2024-02-06,Bullish Engulfing | UPBD,2024-02-08,Bullish Engulfing | UPBD,2024-02-09,Hammer | UPBD,2024-02-15,Morning Star | UPBD,2024-02-22,Bullish Engulfing | UPBD,2024-02-27,Piercing Pattern | UPBD,2024-03-05,Bullish Engulfing | UPBD,2024-03-08,Morning Star | UPBD,2024-03-12,Bullish Engulfing | UPBD,2024-03-19,Bullish Engulfing | UPBD,2024-03-28,Piercing Pattern | UPBD,2024-04-03,Dragonfly Doji | UPBD,2024-04-16,Hammer | UPBD,2024-04-19,Bullish Engulfing | UPBD,2024-04-23,Three White Soldiers | UPBD,2024-04-25,Hammer | UPBD,2024-04-25,Bullish Engulfing | UPBD,2024-05-03,Hammer | UPBD,2024-05-06,Morning Star | UPBD,2024-05-08,Three White Soldiers | UPBD,2024-05-09,Three White Soldiers | UPBD,2024-05-30,Morning Star | UPBD,2024-05-31,Three White Soldiers | UPBD,2024-06-03,Three White Soldiers | UPBD,2024-07-10,Bullish Engulfing | UPBD,2024-07-16,Morning Star | UPBD,2024-07-17,Three White Soldiers | UPBD,2024-07-25,Three White Soldiers | UPBD,2024-07-26,Three White Soldiers | UPBD,2024-08-05,Hammer | UPBD,2024-08-16,Piercing Pattern | UPBD,2024-08-16,Morning Star | UPBD,2024-08-28,Bullish Engulfing | UPBD,2024-09-23,Hammer | UPBD,2024-09-24,Morning Star | UPBD,2024-09-26,Hammer | UPBD,2024-09-26,Three White Soldiers | UPBD,2024-09-27,Three White Soldiers | UPBD,2024-10-04,Morning Star | UPBD,2024-10-14,Bullish Engulfing | UPBD,2024-10-16,Three White Soldiers | UPBD,2024-10-17,Three White Soldiers | UPBD,2024-10-30,Bullish Engulfing | UPBD,2024-11-04,Bullish Engulfing | UPBD,2024-11-06,Three White Soldiers | UPBD,2024-11-11,Morning Star | UPBD,2024-11-25,Three White Soldiers | UPBD,2024-12-20,Piercing Pattern | UPBD,2024-12-26,Morning Star | UPBD,2025-01-23,Bullish Engulfing | UPBD,2025-01-28,Bullish Engulfing | UPBD,2025-02-06,Three White Soldiers | UPBD,2025-02-18,Piercing Pattern | UPBD,2025-02-25,Morning Star | UPBD,2025-03-06,Bullish Engulfing | UPBD,2025-03-10,Three White Soldiers | UPBD,2025-03-19,Bullish Engulfing | UPBD,2025-03-21,Bullish Engulfing | UPBD,2025-03-26,Hammer | UPBD,2025-04-02,Three White Soldiers | UPBD,2025-04-09,Piercing Pattern | UPBD,2025-04-14,Hammer | UPBD,2025-05-05,Three White Soldiers | UPBD,2025-05-16,Morning Star | UPBD,2025-06-03,Three White Soldiers | UPBD,2025-06-09,Three White Soldiers | UPBD,2025-06-10,Three White Soldiers | UPBD,2025-06-24,Morning Star | UPBD,2025-06-26,Hammer | UPBD,2025-06-27,Morning Star | UPBD,2025-07-01,Bullish Engulfing | UPBD,2025-07-09,Hammer | UPBD,2025-07-10,Bullish Engulfing | UPBD,2025-07-23,Morning Star | UPBD,2025-07-28,Dragonfly Doji | UPBD,2025-08-05,Three White Soldiers | UPBD,2025-08-06,Three White Soldiers | UPBD,2025-08-22,Morning Star | UPBD,2025-08-27,Three White Soldiers | UPBD,2025-09-26,Piercing Pattern | UPB,2024-10-29,Bullish Engulfing | UPB,2024-11-25,Three White Soldiers | UPB,2024-11-26,Three White Soldiers | UPB,2024-11-27,Three White Soldiers | UPB,2024-11-29,Three White Soldiers | UPB,2024-12-03,Bullish Engulfing | UPB,2024-12-17,Piercing Pattern | UPB,2024-12-23,Bullish Engulfing | UPB,2024-12-26,Three White Soldiers | UPB,2025-01-03,Bullish Engulfing | UPB,2025-01-03,Morning Star | UPB,2025-01-08,Hammer | UPB,2025-01-28,Hammer | UPB,2025-01-29,Morning Star | UPB,2025-02-12,Piercing Pattern | UPB,2025-02-14,Three White Soldiers | UPB,2025-02-18,Three White Soldiers | UPB,2025-02-24,Piercing Pattern | UPB,2025-02-28,Morning Star | UPB,2025-03-04,Bullish Engulfing | UPB,2025-03-11,Hammer | UPB,2025-03-12,Morning Star | UPB,2025-03-13,Hammer | UPB,2025-04-01,Hammer | UPB,2025-04-04,Hammer | UPB,2025-04-09,Hammer | UPB,2025-04-10,Hammer | UPB,2025-04-10,Dragonfly Doji | UPB,2025-04-21,Three White Soldiers | UPB,2025-04-22,Three White Soldiers | UPB,2025-04-24,Hammer | UPB,2025-04-28,Piercing Pattern | UPB,2025-05-07,Bullish Engulfing | UPB,2025-05-08,Hammer | UPB,2025-05-19,Bullish Engulfing | UPB,2025-05-22,Bullish Engulfing | UPB,2025-06-03,Hammer | UPB,2025-06-10,Bullish Engulfing | UPB,2025-06-30,Piercing Pattern | UPB,2025-07-09,Morning Star | UPB,2025-07-10,Hammer | UPB,2025-07-14,Bullish Engulfing | UPB,2025-07-22,Bullish Engulfing | UPB,2025-07-24,Three White Soldiers | UPB,2025-07-25,Three White Soldiers | UPB,2025-07-28,Three White Soldiers | UPB,2025-08-06,Bullish Engulfing | UPB,2025-08-08,Hammer | UPB,2025-08-11,Morning Star | UPB,2025-08-12,Three White Soldiers | UPB,2025-08-13,Three White Soldiers | UPB,2025-08-14,Three White Soldiers | UPB,2025-08-15,Three White Soldiers | UPB,2025-08-21,Bullish Engulfing | UPB,2025-08-21,Morning Star | UPB,2025-08-29,Hammer | UPB,2025-08-29,Morning Star | UPB,2025-09-04,Hammer | UPB,2025-09-16,Piercing Pattern | UPB,2025-09-24,Bullish Engulfing | UPC,2023-07-03,Hammer | UPC,2023-07-26,Hammer | UPC,2023-07-27,Morning Star | UPC,2023-08-22,Dragonfly Doji | UPC,2023-09-06,Three White Soldiers | UPC,2023-09-12,Hammer | UPC,2023-09-12,Morning Star | UPC,2023-10-02,Morning Star | UPC,2023-10-17,Bullish Engulfing | UPC,2023-10-24,Morning Star | UPC,2023-10-26,Three White Soldiers | UPC,2023-10-27,Three White Soldiers | UPC,2023-11-07,Hammer | UPC,2023-12-11,Hammer | UPC,2023-12-27,Morning Star | UPC,2024-01-05,Morning Star | UPC,2024-01-11,Three White Soldiers | UPC,2024-02-14,Three White Soldiers | UPC,2024-02-15,Three White Soldiers | UPC,2024-02-16,Three White Soldiers | UPC,2024-02-22,Piercing Pattern | UPC,2024-03-11,Bullish Engulfing | UPC,2024-03-27,Morning Star | UPC,2024-03-28,Three White Soldiers | UPC,2024-04-12,Bullish Engulfing | UPC,2024-05-07,Hammer | UPC,2024-05-07,Dragonfly Doji | UPC,2024-05-08,Bullish Engulfing | UPC,2024-05-08,Morning Star | UPC,2024-05-13,Morning Star | UPC,2024-05-23,Hammer | UPC,2024-07-03,Three White Soldiers | UPC,2024-07-05,Three White Soldiers | UPC,2024-07-08,Three White Soldiers | UPC,2024-07-09,Three White Soldiers | UPC,2024-07-17,Morning Star | UPC,2024-07-19,Hammer | UPC,2024-07-22,Piercing Pattern | UPC,2024-07-26,Bullish Engulfing | UPC,2024-08-01,Hammer | UPC,2024-08-05,Morning Star | UPC,2024-08-08,Bullish Engulfing | UPC,2024-08-13,Hammer | UPC,2024-08-14,Piercing Pattern | UPC,2024-08-16,Bullish Engulfing | UPC,2024-08-20,Hammer | UPC,2024-08-28,Piercing Pattern | UPC,2024-09-10,Morning Star | UPC,2024-10-14,Three White Soldiers | UPC,2024-10-15,Three White Soldiers | UPC,2024-10-16,Three White Soldiers | UPC,2024-10-23,Dragonfly Doji | UPC,2024-10-24,Hammer | UPC,2024-11-04,Three White Soldiers | UPC,2024-11-05,Three White Soldiers | UPC,2024-11-21,Hammer | UPC,2024-11-29,Piercing Pattern | UPC,2024-12-03,Three White Soldiers | UPC,2024-12-20,Hammer | UPC,2024-12-20,Dragonfly Doji | UPC,2024-12-30,Hammer | UPC,2025-01-23,Morning Star | UPC,2025-01-28,Morning Star | UPC,2025-03-05,Hammer | UPC,2025-03-07,Bullish Engulfing | UPC,2025-03-11,Hammer | UPC,2025-03-19,Piercing Pattern | UPC,2025-03-26,Three White Soldiers | UPC,2025-04-08,Bullish Engulfing | UPC,2025-04-10,Piercing Pattern | UPC,2025-04-16,Morning Star | UPC,2025-04-21,Bullish Engulfing | UPC,2025-05-07,Morning Star | UPC,2025-05-16,Morning Star | UPC,2025-05-19,Three White Soldiers | UPC,2025-05-29,Morning Star | UPC,2025-06-02,Hammer | UPC,2025-06-05,Hammer | UPC,2025-06-05,Dragonfly Doji | UPC,2025-06-06,Bullish Engulfing | UPC,2025-06-10,Bullish Engulfing | UPC,2025-07-11,Three White Soldiers | UPC,2025-07-22,Morning Star | UPC,2025-07-23,Three White Soldiers | UPC,2025-08-04,Bullish Engulfing | UPC,2025-08-05,Hammer | UPC,2025-08-07,Morning Star | UPC,2025-08-11,Hammer | UPC,2025-08-20,Hammer | UPC,2025-09-03,Bullish Engulfing | UPC,2025-09-29,Three White Soldiers | UPGR,2023-09-08,Hammer | UPGR,2023-12-19,Morning Star | UPGR,2024-09-05,Hammer | UPGR,2024-09-26,Hammer | UPGR,2025-03-17,Three White Soldiers | UPGR,2025-04-24,Morning Star | UPLD,2023-07-10,Three White Soldiers | UPLD,2023-07-11,Hammer | UPLD,2023-07-11,Three White Soldiers | UPLD,2023-07-26,Bullish Engulfing | UPLD,2023-08-14,Morning Star | UPLD,2023-08-30,Three White Soldiers | UPLD,2023-08-31,Three White Soldiers | UPLD,2023-09-01,Three White Soldiers | UPLD,2023-09-05,Three White Soldiers | UPLD,2023-09-06,Three White Soldiers | UPLD,2023-09-08,Piercing Pattern | UPLD,2023-09-12,Bullish Engulfing | UPLD,2023-09-18,Hammer | UPLD,2023-09-19,Morning Star | UPLD,2023-09-28,Three White Soldiers | UPLD,2023-09-29,Three White Soldiers | UPLD,2023-10-06,Bullish Engulfing | UPLD,2023-10-06,Morning Star | UPLD,2023-11-01,Hammer | UPLD,2023-11-02,Three White Soldiers | UPLD,2023-11-03,Hammer | UPLD,2023-11-03,Three White Soldiers | UPLD,2023-11-06,Three White Soldiers | UPLD,2023-11-07,Three White Soldiers | UPLD,2023-11-08,Three White Soldiers | UPLD,2023-11-10,Hammer | UPLD,2023-11-13,Bullish Engulfing | UPLD,2023-11-20,Three White Soldiers | UPLD,2023-11-22,Hammer | UPLD,2023-11-24,Morning Star | UPLD,2023-11-28,Bullish Engulfing | UPLD,2023-12-04,Hammer | UPLD,2023-12-08,Hammer | UPLD,2023-12-26,Bullish Engulfing | UPLD,2024-01-11,Morning Star | UPLD,2024-01-22,Three White Soldiers | UPLD,2024-02-01,Morning Star | UPLD,2024-02-05,Three White Soldiers | UPLD,2024-02-07,Hammer | UPLD,2024-02-08,Bullish Engulfing | UPLD,2024-02-12,Three White Soldiers | UPLD,2024-02-15,Hammer | UPLD,2024-02-16,Bullish Engulfing | UPLD,2024-02-28,Hammer | UPLD,2024-02-29,Morning Star | UPLD,2024-03-14,Hammer | UPLD,2024-03-20,Three White Soldiers | UPLD,2024-03-21,Three White Soldiers | UPLD,2024-03-22,Three White Soldiers | UPLD,2024-03-28,Bullish Engulfing | UPLD,2024-04-05,Bullish Engulfing | UPLD,2024-04-29,Morning Star | UPLD,2024-05-07,Three White Soldiers | UPLD,2024-05-24,Bullish Engulfing | UPLD,2024-06-13,Morning Star | UPLD,2024-06-21,Morning Star | UPLD,2024-07-05,Hammer | UPLD,2024-07-12,Dragonfly Doji | UPLD,2024-07-22,Morning Star | UPLD,2024-08-02,Bullish Engulfing | UPLD,2024-08-02,Morning Star | UPLD,2024-08-08,Hammer | UPLD,2024-08-13,Morning Star | UPLD,2024-08-16,Morning Star | UPLD,2024-08-30,Morning Star | UPLD,2024-09-10,Hammer | UPLD,2024-09-18,Morning Star | UPLD,2024-09-19,Hammer | UPLD,2024-10-02,Bullish Engulfing | UPLD,2024-10-10,Morning Star | UPLD,2024-10-25,Hammer | UPLD,2024-11-08,Morning Star | UPLD,2024-11-14,Hammer | UPLD,2024-11-18,Morning Star | UPLD,2024-11-25,Morning Star | UPLD,2024-11-26,Three White Soldiers | UPLD,2024-12-02,Morning Star | UPLD,2024-12-05,Piercing Pattern | UPLD,2024-12-09,Three White Soldiers | UPLD,2024-12-10,Three White Soldiers | UPLD,2024-12-17,Morning Star | UPLD,2024-12-27,Hammer | UPLD,2024-12-30,Hammer | UPLD,2025-01-06,Three White Soldiers | UPLD,2025-01-27,Three White Soldiers | UPLD,2025-01-28,Three White Soldiers | UPLD,2025-02-10,Morning Star | UPLD,2025-02-13,Hammer | UPLD,2025-02-14,Bullish Engulfing | UPLD,2025-03-10,Hammer | UPLD,2025-03-11,Bullish Engulfing | UPLD,2025-03-18,Morning Star | UPLD,2025-03-19,Three White Soldiers | UPLD,2025-03-21,Piercing Pattern | UPLD,2025-04-22,Hammer | UPLD,2025-04-29,Hammer | UPLD,2025-04-30,Hammer | UPLD,2025-04-30,Bullish Engulfing | UPLD,2025-06-18,Bullish Engulfing | UPLD,2025-07-10,Hammer | UPLD,2025-07-23,Hammer | UPLD,2025-08-14,Hammer | UPLD,2025-08-18,Morning Star | UPLD,2025-08-19,Three White Soldiers | UPLD,2025-08-20,Three White Soldiers | UPLD,2025-08-26,Hammer | UPLD,2025-09-09,Piercing Pattern | UPLD,2025-09-11,Bullish Engulfing | UPLD,2025-09-12,Hammer | UPLD,2025-09-15,Three White Soldiers | UPLD,2025-09-19,Hammer | UPLD,2025-09-23,Hammer | UPST,2023-07-06,Hammer | UPST,2023-07-11,Three White Soldiers | UPST,2023-07-12,Hammer | UPST,2023-07-13,Bullish Engulfing | UPST,2023-07-17,Bullish Engulfing | UPST,2023-07-19,Three White Soldiers | UPST,2023-07-25,Morning Star | UPST,2023-08-01,Three White Soldiers | UPST,2023-08-11,Bullish Engulfing | UPST,2023-08-17,Hammer | UPST,2023-08-29,Bullish Engulfing | UPST,2023-09-05,Morning Star | UPST,2023-09-12,Bullish Engulfing | UPST,2023-09-15,Hammer | UPST,2023-10-05,Morning Star | UPST,2023-10-10,Three White Soldiers | UPST,2023-10-16,Morning Star | UPST,2023-11-02,Three White Soldiers | UPST,2023-11-03,Three White Soldiers | UPST,2023-11-10,Hammer | UPST,2023-11-13,Bullish Engulfing | UPST,2023-11-13,Morning Star | UPST,2023-11-15,Three White Soldiers | UPST,2023-11-28,Three White Soldiers | UPST,2023-12-07,Morning Star | UPST,2023-12-13,Morning Star | UPST,2023-12-18,Bullish Engulfing | UPST,2023-12-27,Morning Star | UPST,2024-01-08,Morning Star | UPST,2024-01-17,Bullish Engulfing | UPST,2024-01-19,Bullish Engulfing | UPST,2024-02-02,Morning Star | UPST,2024-02-08,Bullish Engulfing | UPST,2024-02-12,Bullish Engulfing | UPST,2024-02-26,Bullish Engulfing | UPST,2024-02-26,Morning Star | UPST,2024-03-06,Morning Star | UPST,2024-03-08,Three White Soldiers | UPST,2024-04-11,Hammer | UPST,2024-04-22,Hammer | UPST,2024-04-23,Bullish Engulfing | UPST,2024-05-01,Bullish Engulfing | UPST,2024-05-28,Hammer | UPST,2024-06-05,Morning Star | UPST,2024-06-06,Three White Soldiers | UPST,2024-06-11,Bullish Engulfing | UPST,2024-06-24,Morning Star | UPST,2024-07-10,Hammer | UPST,2024-07-11,Three White Soldiers | UPST,2024-07-12,Three White Soldiers | UPST,2024-07-15,Three White Soldiers | UPST,2024-07-16,Three White Soldiers | UPST,2024-08-09,Three White Soldiers | UPST,2024-08-16,Piercing Pattern | UPST,2024-08-27,Three White Soldiers | UPST,2024-09-11,Bullish Engulfing | UPST,2024-09-13,Three White Soldiers | UPST,2024-09-18,Three White Soldiers | UPST,2024-09-26,Hammer | UPST,2024-10-03,Hammer | UPST,2024-10-08,Bullish Engulfing | UPST,2024-10-14,Three White Soldiers | UPST,2024-10-16,Bullish Engulfing | UPST,2024-10-29,Hammer | UPST,2024-10-30,Piercing Pattern | UPST,2024-11-07,Three White Soldiers | UPST,2024-11-08,Three White Soldiers | UPST,2024-11-12,Hammer | UPST,2024-11-19,Bullish Engulfing | UPST,2024-11-22,Morning Star | UPST,2024-11-25,Three White Soldiers | UPST,2024-12-17,Hammer | UPST,2024-12-26,Morning Star | UPST,2025-01-10,Hammer | UPST,2025-01-10,Dragonfly Doji | UPST,2025-01-16,Morning Star | UPST,2025-01-22,Morning Star | UPST,2025-01-29,Hammer | UPST,2025-02-05,Three White Soldiers | UPST,2025-03-07,Hammer | UPST,2025-03-17,Morning Star | UPST,2025-03-21,Bullish Engulfing | UPST,2025-04-04,Hammer | UPST,2025-04-07,Bullish Engulfing | UPST,2025-04-09,Bullish Engulfing | UPST,2025-04-15,Piercing Pattern | UPST,2025-05-05,Bullish Engulfing | UPST,2025-05-06,Hammer | UPST,2025-05-09,Hammer | UPST,2025-05-22,Bullish Engulfing | UPST,2025-06-03,Three White Soldiers | UPST,2025-06-09,Three White Soldiers | UPST,2025-06-10,Hammer | UPST,2025-06-23,Piercing Pattern | UPST,2025-06-30,Three White Soldiers | UPST,2025-07-03,Three White Soldiers | UPST,2025-07-22,Bullish Engulfing | UPST,2025-08-13,Morning Star | UPST,2025-08-20,Hammer | UPST,2025-08-21,Morning Star | UPST,2025-08-27,Bullish Engulfing | UPST,2025-09-12,Bullish Engulfing | UPST,2025-09-16,Three White Soldiers | UPST,2025-09-17,Three White Soldiers | UPWK,2023-07-17,Piercing Pattern | UPWK,2023-07-26,Bullish Engulfing | UPWK,2023-07-26,Morning Star | UPWK,2023-08-04,Three White Soldiers | UPWK,2023-08-11,Bullish Engulfing | UPWK,2023-08-15,Bullish Engulfing | UPWK,2023-08-22,Three White Soldiers | UPWK,2023-08-23,Three White Soldiers | UPWK,2023-09-01,Piercing Pattern | UPWK,2023-09-28,Bullish Engulfing | UPWK,2023-10-02,Piercing Pattern | UPWK,2023-10-06,Bullish Engulfing | UPWK,2023-10-10,Three White Soldiers | UPWK,2023-10-17,Morning Star | UPWK,2023-10-24,Morning Star | UPWK,2023-11-06,Three White Soldiers | UPWK,2023-11-07,Three White Soldiers | UPWK,2023-11-13,Hammer | UPWK,2023-11-15,Three White Soldiers | UPWK,2023-11-17,Hammer | UPWK,2023-12-01,Piercing Pattern | UPWK,2023-12-08,Bullish Engulfing | UPWK,2023-12-12,Three White Soldiers | UPWK,2023-12-13,Three White Soldiers | UPWK,2023-12-26,Morning Star | UPWK,2024-01-05,Bullish Engulfing | UPWK,2024-01-11,Hammer | UPWK,2024-01-22,Morning Star | UPWK,2024-01-30,Hammer | UPWK,2024-02-02,Morning Star | UPWK,2024-02-06,Piercing Pattern | UPWK,2024-02-12,Three White Soldiers | UPWK,2024-04-29,Three White Soldiers | UPWK,2024-05-02,Dragonfly Doji | UPWK,2024-05-14,Morning Star | UPWK,2024-05-24,Hammer | UPWK,2024-06-14,Hammer | UPWK,2024-06-17,Hammer | UPWK,2024-06-21,Morning Star | UPWK,2024-06-25,Piercing Pattern | UPWK,2024-06-28,Hammer | UPWK,2024-07-02,Piercing Pattern | UPWK,2024-07-12,Morning Star | UPWK,2024-07-15,Three White Soldiers | UPWK,2024-07-16,Three White Soldiers | UPWK,2024-07-22,Morning Star | UPWK,2024-07-23,Three White Soldiers | UPWK,2024-07-30,Morning Star | UPWK,2024-07-31,Three White Soldiers | UPWK,2024-08-05,Bullish Engulfing | UPWK,2024-08-08,Hammer | UPWK,2024-08-21,Piercing Pattern | UPWK,2024-09-12,Morning Star | UPWK,2024-09-13,Three White Soldiers | UPWK,2024-09-16,Hammer | UPWK,2024-09-19,Hammer | UPWK,2024-10-03,Morning Star | UPWK,2024-10-09,Dragonfly Doji | UPWK,2024-10-10,Bullish Engulfing | UPWK,2024-10-14,Hammer | UPWK,2024-10-14,Dragonfly Doji | UPWK,2024-10-23,Morning Star | UPWK,2024-10-29,Morning Star | UPWK,2024-10-30,Three White Soldiers | UPWK,2024-11-25,Three White Soldiers | UPWK,2024-11-26,Three White Soldiers | UPWK,2024-11-27,Three White Soldiers | UPWK,2024-12-04,Three White Soldiers | UPWK,2024-12-09,Morning Star | UPWK,2024-12-16,Piercing Pattern | UPWK,2024-12-20,Piercing Pattern | UPWK,2024-12-24,Three White Soldiers | UPWK,2024-12-26,Three White Soldiers | UPWK,2024-12-27,Hammer | UPWK,2024-12-27,Dragonfly Doji | UPWK,2024-12-30,Hammer | UPWK,2025-01-13,Bullish Engulfing | UPWK,2025-01-28,Three White Soldiers | UPWK,2025-02-03,Hammer | UPWK,2025-02-28,Bullish Engulfing | UPWK,2025-03-17,Morning Star | UPWK,2025-03-18,Three White Soldiers | UPWK,2025-03-19,Three White Soldiers | UPWK,2025-03-20,Three White Soldiers | UPWK,2025-03-21,Three White Soldiers | UPWK,2025-03-24,Three White Soldiers | UPWK,2025-04-07,Piercing Pattern | UPWK,2025-04-09,Bullish Engulfing | UPWK,2025-04-17,Bullish Engulfing | UPWK,2025-04-24,Bullish Engulfing | UPWK,2025-04-30,Hammer | UPWK,2025-05-02,Three White Soldiers | UPWK,2025-05-13,Hammer | UPWK,2025-05-16,Piercing Pattern | UPWK,2025-05-20,Hammer | UPWK,2025-05-30,Hammer | UPWK,2025-06-26,Hammer | UPWK,2025-07-09,Morning Star | UPWK,2025-07-23,Three White Soldiers | UPWK,2025-08-04,Morning Star | UPWK,2025-08-07,Dragonfly Doji | UPWK,2025-08-13,Three White Soldiers | UPWK,2025-08-18,Morning Star | UPWK,2025-08-22,Three White Soldiers | UPWK,2025-08-29,Morning Star | UPWK,2025-09-02,Three White Soldiers | UPWK,2025-09-03,Three White Soldiers | UPWK,2025-09-04,Three White Soldiers | UPWK,2025-09-12,Three White Soldiers | UPWK,2025-09-18,Three White Soldiers | UPWK,2025-09-19,Three White Soldiers | UPXI,2023-07-20,Bullish Engulfing | UPXI,2023-08-01,Morning Star | UPXI,2023-08-07,Piercing Pattern | UPXI,2023-08-29,Morning Star | UPXI,2023-08-31,Three White Soldiers | UPXI,2023-09-18,Three White Soldiers | UPXI,2023-09-22,Hammer | UPXI,2023-09-26,Piercing Pattern | UPXI,2023-10-04,Piercing Pattern | UPXI,2023-10-05,Hammer | UPXI,2023-10-26,Hammer | UPXI,2023-10-26,Morning Star | UPXI,2023-11-03,Bullish Engulfing | UPXI,2023-11-03,Morning Star | UPXI,2023-11-09,Piercing Pattern | UPXI,2023-11-17,Three White Soldiers | UPXI,2023-11-30,Dragonfly Doji | UPXI,2023-12-01,Morning Star | UPXI,2023-12-04,Hammer | UPXI,2023-12-07,Three White Soldiers | UPXI,2023-12-20,Three White Soldiers | UPXI,2023-12-21,Three White Soldiers | UPXI,2023-12-22,Three White Soldiers | UPXI,2023-12-28,Bullish Engulfing | UPXI,2023-12-28,Morning Star | UPXI,2024-01-02,Three White Soldiers | UPXI,2024-01-03,Three White Soldiers | UPXI,2024-01-19,Morning Star | UPXI,2024-03-05,Bullish Engulfing | UPXI,2024-03-15,Hammer | UPXI,2024-03-18,Morning Star | UPXI,2024-03-27,Three White Soldiers | UPXI,2024-04-05,Morning Star | UPXI,2024-04-26,Hammer | UPXI,2024-04-26,Dragonfly Doji | UPXI,2024-04-30,Hammer | UPXI,2024-04-30,Dragonfly Doji | UPXI,2024-05-09,Bullish Engulfing | UPXI,2024-05-17,Three White Soldiers | UPXI,2024-05-21,Hammer | UPXI,2024-05-24,Hammer | UPXI,2024-05-31,Morning Star | UPXI,2024-06-24,Three White Soldiers | UPXI,2024-07-10,Morning Star | UPXI,2024-07-26,Hammer | UPXI,2024-09-18,Morning Star | UPXI,2024-09-24,Morning Star | UPXI,2024-09-25,Three White Soldiers | UPXI,2024-09-27,Hammer | UPXI,2024-10-11,Bullish Engulfing | UPXI,2024-10-11,Morning Star | UPXI,2024-10-18,Bullish Engulfing | UPXI,2024-10-22,Three White Soldiers | UPXI,2024-10-29,Bullish Engulfing | UPXI,2024-11-20,Morning Star | UPXI,2024-11-22,Three White Soldiers | UPXI,2024-12-11,Hammer | UPXI,2024-12-12,Bullish Engulfing | UPXI,2024-12-17,Bullish Engulfing | UPXI,2024-12-26,Hammer | UPXI,2025-01-06,Three White Soldiers | UPXI,2025-01-14,Bullish Engulfing | UPXI,2025-01-24,Three White Soldiers | UPXI,2025-01-29,Hammer | UPXI,2025-02-12,Bullish Engulfing | UPXI,2025-03-06,Morning Star | UPXI,2025-03-14,Piercing Pattern | UPXI,2025-04-01,Piercing Pattern | UPXI,2025-04-08,Bullish Engulfing | UPXI,2025-04-09,Hammer | UPXI,2025-04-14,Three White Soldiers | UPXI,2025-04-15,Three White Soldiers | UPXI,2025-04-24,Bullish Engulfing | UPXI,2025-05-16,Morning Star | UPXI,2025-05-22,Three White Soldiers | UPXI,2025-05-29,Hammer | UPXI,2025-05-30,Bullish Engulfing | UPXI,2025-06-04,Bullish Engulfing | UPXI,2025-06-18,Bullish Engulfing | UPXI,2025-06-18,Morning Star | UPXI,2025-07-03,Morning Star | UPXI,2025-07-25,Hammer | UPXI,2025-08-05,Three White Soldiers | UPXI,2025-08-06,Three White Soldiers | UPXI,2025-08-12,Bullish Engulfing | UPXI,2025-08-26,Bullish Engulfing | UPXI,2025-09-04,Hammer | UPXI,2025-09-18,Morning Star | UPXI,2025-09-29,Morning Star | URBN,2023-07-10,Three White Soldiers | URBN,2023-07-11,Three White Soldiers | URBN,2023-07-14,Dragonfly Doji | URBN,2023-07-28,Three White Soldiers | URBN,2023-07-31,Three White Soldiers | URBN,2023-08-08,Piercing Pattern | URBN,2023-08-18,Piercing Pattern | URBN,2023-09-07,Piercing Pattern | URBN,2023-09-27,Three White Soldiers | URBN,2023-09-28,Three White Soldiers | URBN,2023-10-05,Hammer | URBN,2023-10-06,Bullish Engulfing | URBN,2023-10-06,Morning Star | URBN,2023-10-24,Morning Star | URBN,2023-10-25,Three White Soldiers | URBN,2023-10-26,Three White Soldiers | URBN,2023-11-07,Piercing Pattern | URBN,2023-11-21,Hammer | URBN,2023-11-28,Three White Soldiers | URBN,2023-11-29,Three White Soldiers | URBN,2023-11-30,Hammer | URBN,2023-11-30,Three White Soldiers | URBN,2023-12-01,Three White Soldiers | URBN,2023-12-07,Morning Star | URBN,2023-12-08,Three White Soldiers | URBN,2023-12-11,Three White Soldiers | URBN,2023-12-14,Hammer | URBN,2023-12-19,Morning Star | URBN,2023-12-28,Piercing Pattern | URBN,2024-01-08,Bullish Engulfing | URBN,2024-01-11,Hammer | URBN,2024-01-17,Hammer | URBN,2024-02-07,Three White Soldiers | URBN,2024-02-08,Three White Soldiers | URBN,2024-02-09,Three White Soldiers | URBN,2024-02-16,Bullish Engulfing | URBN,2024-02-21,Three White Soldiers | URBN,2024-02-22,Three White Soldiers | URBN,2024-02-23,Three White Soldiers | URBN,2024-02-26,Three White Soldiers | URBN,2024-02-27,Three White Soldiers | URBN,2024-03-01,Morning Star | URBN,2024-03-05,Three White Soldiers | URBN,2024-03-13,Bullish Engulfing | URBN,2024-03-13,Morning Star | URBN,2024-03-15,Three White Soldiers | URBN,2024-03-21,Three White Soldiers | URBN,2024-04-22,Morning Star | URBN,2024-04-23,Three White Soldiers | URBN,2024-04-26,Bullish Engulfing | URBN,2024-04-26,Morning Star | URBN,2024-05-06,Three White Soldiers | URBN,2024-05-20,Piercing Pattern | URBN,2024-05-24,Morning Star | URBN,2024-05-30,Bullish Engulfing | URBN,2024-05-31,Hammer | URBN,2024-06-10,Bullish Engulfing | URBN,2024-06-12,Three White Soldiers | URBN,2024-06-13,Hammer | URBN,2024-07-03,Bullish Engulfing | URBN,2024-07-23,Piercing Pattern | URBN,2024-07-26,Morning Star | URBN,2024-08-09,Morning Star | URBN,2024-08-21,Hammer | URBN,2024-09-04,Morning Star | URBN,2024-09-12,Morning Star | URBN,2024-09-13,Three White Soldiers | URBN,2024-09-16,Three White Soldiers | URBN,2024-09-17,Three White Soldiers | URBN,2024-09-18,Three White Soldiers | URBN,2024-09-23,Hammer | URBN,2024-09-27,Morning Star | URBN,2024-10-11,Bullish Engulfing | URBN,2024-10-15,Three White Soldiers | URBN,2024-10-28,Morning Star | URBN,2024-11-11,Three White Soldiers | URBN,2024-11-22,Morning Star | URBN,2024-11-25,Three White Soldiers | URBN,2024-11-29,Three White Soldiers | URBN,2024-12-02,Three White Soldiers | URBN,2024-12-04,Bullish Engulfing | URBN,2024-12-12,Three White Soldiers | URBN,2024-12-13,Three White Soldiers | URBN,2024-12-16,Three White Soldiers | URBN,2024-12-17,Three White Soldiers | URBN,2024-12-20,Bullish Engulfing | URBN,2024-12-20,Morning Star | URBN,2024-12-26,Bullish Engulfing | URBN,2024-12-26,Morning Star | URBN,2025-01-06,Three White Soldiers | URBN,2025-01-30,Hammer | URBN,2025-02-12,Bullish Engulfing | URBN,2025-02-14,Hammer | URBN,2025-02-19,Hammer | URBN,2025-02-27,Morning Star | URBN,2025-03-03,Three White Soldiers | URBN,2025-03-05,Hammer | URBN,2025-03-10,Bullish Engulfing | URBN,2025-03-21,Piercing Pattern | URBN,2025-03-28,Hammer | URBN,2025-03-31,Bullish Engulfing | URBN,2025-04-09,Bullish Engulfing | URBN,2025-04-15,Morning Star | URBN,2025-04-17,Bullish Engulfing | URBN,2025-04-25,Morning Star | URBN,2025-04-28,Hammer | URBN,2025-04-28,Three White Soldiers | URBN,2025-04-29,Three White Soldiers | URBN,2025-05-02,Three White Soldiers | URBN,2025-05-12,Morning Star | URBN,2025-05-13,Three White Soldiers | URBN,2025-05-14,Three White Soldiers | URBN,2025-05-15,Three White Soldiers | URBN,2025-05-16,Three White Soldiers | URBN,2025-05-22,Morning Star | URBN,2025-06-02,Bullish Engulfing | URBN,2025-06-06,Hammer | URBN,2025-06-12,Hammer | URBN,2025-06-23,Hammer | URBN,2025-07-08,Hammer | URBN,2025-07-09,Hammer | URBN,2025-07-09,Morning Star | URBN,2025-07-14,Hammer | URBN,2025-07-16,Hammer | URBN,2025-07-17,Bullish Engulfing | URBN,2025-07-17,Morning Star | URBN,2025-07-28,Morning Star | URBN,2025-08-01,Piercing Pattern | URBN,2025-08-13,Three White Soldiers | URBN,2025-08-15,Hammer | URBN,2025-08-18,Dragonfly Doji | URBN,2025-09-05,Hammer | URBN,2025-09-09,Hammer | URBN,2025-09-11,Bullish Engulfing | URGN,2023-07-07,Three White Soldiers | URGN,2023-07-17,Morning Star | URGN,2023-07-20,Three White Soldiers | URGN,2023-07-28,Three White Soldiers | URGN,2023-08-03,Piercing Pattern | URGN,2023-08-08,Bullish Engulfing | URGN,2023-08-11,Morning Star | URGN,2023-08-14,Three White Soldiers | URGN,2023-08-21,Morning Star | URGN,2023-09-01,Hammer | URGN,2023-09-18,Three White Soldiers | URGN,2023-09-25,Hammer | URGN,2023-10-10,Bullish Engulfing | URGN,2023-10-31,Bullish Engulfing | URGN,2023-11-02,Three White Soldiers | URGN,2023-11-07,Bullish Engulfing | URGN,2023-11-13,Morning Star | URGN,2023-11-16,Morning Star | URGN,2023-11-17,Three White Soldiers | URGN,2023-11-21,Bullish Engulfing | URGN,2023-11-27,Hammer | URGN,2023-11-28,Hammer | URGN,2023-12-04,Bullish Engulfing | URGN,2023-12-11,Hammer | URGN,2023-12-12,Bullish Engulfing | URGN,2023-12-28,Morning Star | URGN,2024-01-05,Hammer | URGN,2024-01-16,Hammer | URGN,2024-01-17,Three White Soldiers | URGN,2024-01-22,Morning Star | URGN,2024-01-26,Morning Star | URGN,2024-01-30,Hammer | URGN,2024-02-07,Hammer | URGN,2024-02-08,Three White Soldiers | URGN,2024-02-09,Three White Soldiers | URGN,2024-02-12,Three White Soldiers | URGN,2024-02-16,Bullish Engulfing | URGN,2024-02-26,Bullish Engulfing | URGN,2024-03-01,Hammer | URGN,2024-03-19,Morning Star | URGN,2024-03-25,Three White Soldiers | URGN,2024-04-11,Hammer | URGN,2024-04-12,Morning Star | URGN,2024-04-15,Hammer | URGN,2024-05-10,Hammer | URGN,2024-05-13,Bullish Engulfing | URGN,2024-05-21,Piercing Pattern | URGN,2024-06-05,Morning Star | URGN,2024-07-05,Hammer | URGN,2024-07-05,Morning Star | URGN,2024-07-09,Three White Soldiers | URGN,2024-07-23,Morning Star | URGN,2024-08-08,Piercing Pattern | URGN,2024-08-13,Bullish Engulfing | URGN,2024-08-13,Morning Star | URGN,2024-09-04,Bullish Engulfing | URGN,2024-09-11,Bullish Engulfing | URGN,2024-09-19,Morning Star | URGN,2024-10-02,Piercing Pattern | URGN,2024-10-11,Morning Star | URGN,2024-10-16,Morning Star | URGN,2024-10-17,Three White Soldiers | URGN,2024-10-29,Piercing Pattern | URGN,2024-11-19,Piercing Pattern | URGN,2024-11-21,Three White Soldiers | URGN,2024-11-22,Three White Soldiers | URGN,2024-11-25,Three White Soldiers | URGN,2024-12-10,Hammer | URGN,2024-12-13,Hammer | URGN,2024-12-26,Three White Soldiers | URGN,2025-01-16,Hammer | URGN,2025-01-23,Hammer | URGN,2025-01-27,Three White Soldiers | URGN,2025-01-28,Three White Soldiers | URGN,2025-01-29,Three White Soldiers | URGN,2025-01-30,Three White Soldiers | URGN,2025-02-03,Piercing Pattern | URGN,2025-02-05,Three White Soldiers | URGN,2025-02-14,Three White Soldiers | URGN,2025-02-28,Bullish Engulfing | URGN,2025-02-28,Morning Star | URGN,2025-03-04,Bullish Engulfing | URGN,2025-03-06,Three White Soldiers | URGN,2025-03-13,Piercing Pattern | URGN,2025-03-17,Three White Soldiers | URGN,2025-03-18,Three White Soldiers | URGN,2025-03-19,Three White Soldiers | URGN,2025-03-20,Three White Soldiers | URGN,2025-03-21,Three White Soldiers | URGN,2025-04-02,Bullish Engulfing | URGN,2025-04-09,Piercing Pattern | URGN,2025-04-11,Bullish Engulfing | URGN,2025-04-15,Three White Soldiers | URGN,2025-04-22,Morning Star | URGN,2025-04-30,Bullish Engulfing | URGN,2025-05-01,Hammer | URGN,2025-05-08,Morning Star | URGN,2025-05-12,Bullish Engulfing | URGN,2025-05-22,Hammer | URGN,2025-05-23,Bullish Engulfing | URGN,2025-06-03,Three White Soldiers | URGN,2025-06-11,Morning Star | URGN,2025-06-13,Three White Soldiers | URGN,2025-06-16,Three White Soldiers | URGN,2025-07-03,Morning Star | URGN,2025-07-10,Bullish Engulfing | URGN,2025-07-14,Bullish Engulfing | URGN,2025-07-17,Morning Star | URGN,2025-07-22,Morning Star | URGN,2025-07-23,Three White Soldiers | URGN,2025-07-25,Bullish Engulfing | URGN,2025-07-30,Morning Star | URGN,2025-08-01,Bullish Engulfing | URGN,2025-08-05,Three White Soldiers | URGN,2025-08-07,Hammer | URGN,2025-08-13,Three White Soldiers | URGN,2025-08-29,Piercing Pattern | URGN,2025-09-08,Morning Star | URNJ,2023-07-11,Three White Soldiers | URNJ,2023-07-12,Three White Soldiers | URNJ,2023-07-13,Three White Soldiers | URNJ,2023-07-25,Morning Star | URNJ,2023-07-31,Morning Star | URNJ,2023-08-01,Hammer | URNJ,2023-08-04,Morning Star | URNJ,2023-08-07,Three White Soldiers | URNJ,2023-08-08,Hammer | URNJ,2023-08-11,Bullish Engulfing | URNJ,2023-08-14,Hammer | URNJ,2023-08-29,Hammer | URNJ,2023-09-05,Morning Star | URNJ,2023-09-13,Three White Soldiers | URNJ,2023-09-14,Three White Soldiers | URNJ,2023-09-18,Hammer | URNJ,2023-10-06,Three White Soldiers | URNJ,2023-10-23,Piercing Pattern | URNJ,2023-10-31,Morning Star | URNJ,2023-11-01,Three White Soldiers | URNJ,2023-11-02,Three White Soldiers | URNJ,2023-11-09,Piercing Pattern | URNJ,2023-11-10,Dragonfly Doji | URNJ,2023-11-16,Piercing Pattern | URNJ,2023-11-20,Hammer | URNJ,2023-11-20,Three White Soldiers | URNJ,2023-11-22,Dragonfly Doji | URNJ,2023-11-24,Morning Star | URNJ,2023-11-30,Bullish Engulfing | URNJ,2023-12-04,Hammer | URNJ,2023-12-07,Dragonfly Doji | URNJ,2023-12-08,Morning Star | URNJ,2023-12-12,Hammer | URNJ,2023-12-26,Three White Soldiers | URNJ,2023-12-29,Bullish Engulfing | URNJ,2024-01-04,Bullish Engulfing | URNJ,2024-01-10,Three White Soldiers | URNJ,2024-01-11,Hammer | URNJ,2024-01-11,Three White Soldiers | URNJ,2024-01-12,Three White Soldiers | URNJ,2024-01-18,Hammer | URNJ,2024-01-30,Three White Soldiers | URNJ,2024-02-07,Bullish Engulfing | URNJ,2024-02-07,Morning Star | URNJ,2024-02-12,Piercing Pattern | URNJ,2024-03-07,Morning Star | URNJ,2024-03-11,Hammer | URNJ,2024-03-11,Dragonfly Doji | URNJ,2024-03-12,Bullish Engulfing | URNJ,2024-03-15,Morning Star | URNJ,2024-03-20,Morning Star | URNJ,2024-03-27,Bullish Engulfing | URNJ,2024-04-01,Three White Soldiers | URNJ,2024-04-02,Three White Soldiers | URNJ,2024-04-03,Three White Soldiers | URNJ,2024-04-10,Bullish Engulfing | URNJ,2024-04-16,Hammer | URNJ,2024-04-25,Piercing Pattern | URNJ,2024-05-02,Morning Star | URNJ,2024-05-06,Three White Soldiers | URNJ,2024-05-15,Morning Star | URNJ,2024-05-20,Three White Soldiers | URNJ,2024-05-28,Morning Star | URNJ,2024-05-29,Hammer | URNJ,2024-06-13,Morning Star | URNJ,2024-06-18,Bullish Engulfing | URNJ,2024-06-18,Morning Star | URNJ,2024-06-26,Piercing Pattern | URNJ,2024-07-11,Three White Soldiers | URNJ,2024-07-23,Hammer | URNJ,2024-07-30,Piercing Pattern | URNJ,2024-08-13,Hammer | URNJ,2024-08-27,Hammer | URNJ,2024-08-30,Hammer | URNJ,2024-09-10,Morning Star | URNJ,2024-09-11,Three White Soldiers | URNJ,2024-09-12,Three White Soldiers | URNJ,2024-09-19,Hammer | URNJ,2024-09-24,Hammer | URNJ,2024-09-24,Three White Soldiers | URNJ,2024-10-14,Dragonfly Doji | URNJ,2024-10-15,Hammer | URNJ,2024-11-19,Three White Soldiers | URNJ,2024-12-05,Bullish Engulfing | URNJ,2024-12-11,Morning Star | URNJ,2024-12-27,Morning Star | URNJ,2025-01-08,Hammer | URNJ,2025-01-22,Three White Soldiers | URNJ,2025-01-23,Three White Soldiers | URNJ,2025-01-29,Morning Star | URNJ,2025-01-30,Three White Soldiers | URNJ,2025-02-12,Bullish Engulfing | URNJ,2025-03-11,Piercing Pattern | URNJ,2025-03-18,Hammer | URNJ,2025-04-01,Hammer | URNJ,2025-04-02,Hammer | URNJ,2025-04-16,Piercing Pattern | URNJ,2025-04-23,Morning Star | URNJ,2025-05-02,Three White Soldiers | URNJ,2025-05-06,Bullish Engulfing | URNJ,2025-05-09,Hammer | URNJ,2025-06-04,Hammer | URNJ,2025-06-06,Hammer | URNJ,2025-06-13,Bullish Engulfing | URNJ,2025-07-03,Hammer | URNJ,2025-07-07,Hammer | URNJ,2025-07-14,Three White Soldiers | URNJ,2025-07-15,Hammer | URNJ,2025-07-15,Three White Soldiers | URNJ,2025-07-16,Three White Soldiers | URNJ,2025-07-17,Three White Soldiers | URNJ,2025-08-01,Dragonfly Doji | URNJ,2025-08-04,Morning Star | URNJ,2025-08-05,Hammer | URNJ,2025-08-05,Three White Soldiers | URNJ,2025-08-06,Three White Soldiers | URNJ,2025-08-12,Morning Star | URNJ,2025-08-25,Three White Soldiers | URNJ,2025-08-26,Three White Soldiers | URNJ,2025-09-02,Bullish Engulfing | URNJ,2025-09-03,Hammer | URNJ,2025-09-05,Dragonfly Doji | URNJ,2025-09-08,Morning Star | URNJ,2025-09-10,Three White Soldiers | URNJ,2025-09-18,Hammer | URNJ,2025-09-18,Dragonfly Doji | URNJ,2025-09-19,Bullish Engulfing | URNJ,2025-09-23,Three White Soldiers | URNJ,2025-09-25,Bullish Engulfing | UROY,2023-07-17,Piercing Pattern | UROY,2023-07-31,Morning Star | UROY,2023-08-02,Hammer | UROY,2023-08-08,Hammer | UROY,2023-08-11,Piercing Pattern | UROY,2023-08-14,Hammer | UROY,2023-08-18,Morning Star | UROY,2023-08-22,Hammer | UROY,2023-08-25,Piercing Pattern | UROY,2023-09-11,Morning Star | UROY,2023-09-12,Three White Soldiers | UROY,2023-09-13,Three White Soldiers | UROY,2023-09-14,Three White Soldiers | UROY,2023-09-18,Bullish Engulfing | UROY,2023-09-28,Piercing Pattern | UROY,2023-10-06,Three White Soldiers | UROY,2023-10-20,Three White Soldiers | UROY,2023-11-07,Bullish Engulfing | UROY,2023-11-13,Three White Soldiers | UROY,2023-11-17,Morning Star | UROY,2023-11-22,Morning Star | UROY,2023-12-07,Hammer | UROY,2023-12-12,Hammer | UROY,2023-12-14,Bullish Engulfing | UROY,2024-01-09,Morning Star | UROY,2024-01-16,Three White Soldiers | UROY,2024-01-17,Three White Soldiers | UROY,2024-01-18,Hammer | UROY,2024-01-19,Hammer | UROY,2024-01-23,Piercing Pattern | UROY,2024-01-30,Bullish Engulfing | UROY,2024-02-07,Piercing Pattern | UROY,2024-03-01,Morning Star | UROY,2024-03-20,Morning Star | UROY,2024-04-02,Hammer | UROY,2024-04-03,Three White Soldiers | UROY,2024-04-26,Morning Star | UROY,2024-04-29,Three White Soldiers | UROY,2024-05-14,Bullish Engulfing | UROY,2024-05-16,Hammer | UROY,2024-06-06,Morning Star | UROY,2024-06-13,Bullish Engulfing | UROY,2024-06-13,Morning Star | UROY,2024-06-18,Bullish Engulfing | UROY,2024-06-18,Morning Star | UROY,2024-07-03,Bullish Engulfing | UROY,2024-07-11,Three White Soldiers | UROY,2024-07-12,Three White Soldiers | UROY,2024-07-23,Hammer | UROY,2024-07-31,Morning Star | UROY,2024-08-02,Hammer | UROY,2024-09-12,Three White Soldiers | UROY,2024-09-17,Morning Star | UROY,2024-10-01,Morning Star | UROY,2024-10-14,Three White Soldiers | UROY,2024-10-15,Three White Soldiers | UROY,2024-10-24,Hammer | UROY,2024-10-30,Piercing Pattern | UROY,2024-11-11,Hammer | UROY,2024-11-18,Three White Soldiers | UROY,2024-11-19,Three White Soldiers | UROY,2024-12-05,Bullish Engulfing | UROY,2024-12-11,Hammer | UROY,2024-12-20,Piercing Pattern | UROY,2024-12-23,Hammer | UROY,2024-12-27,Hammer | UROY,2025-01-02,Three White Soldiers | UROY,2025-01-22,Three White Soldiers | UROY,2025-02-13,Hammer | UROY,2025-03-12,Morning Star | UROY,2025-03-13,Hammer | UROY,2025-04-01,Morning Star | UROY,2025-04-04,Hammer | UROY,2025-04-16,Morning Star | UROY,2025-04-25,Hammer | UROY,2025-04-28,Bullish Engulfing | UROY,2025-05-02,Three White Soldiers | UROY,2025-05-21,Three White Soldiers | UROY,2025-06-06,Hammer | UROY,2025-06-13,Bullish Engulfing | UROY,2025-06-17,Hammer | UROY,2025-06-30,Bullish Engulfing | UROY,2025-07-10,Piercing Pattern | UROY,2025-07-14,Three White Soldiers | UROY,2025-07-15,Three White Soldiers | UROY,2025-07-16,Three White Soldiers | UROY,2025-07-17,Three White Soldiers | UROY,2025-07-22,Three White Soldiers | UROY,2025-07-23,Dragonfly Doji | UROY,2025-07-25,Hammer | UROY,2025-08-06,Three White Soldiers | UROY,2025-08-14,Bullish Engulfing | UROY,2025-08-15,Hammer | UROY,2025-08-22,Morning Star | UROY,2025-08-25,Three White Soldiers | UROY,2025-08-26,Three White Soldiers | UROY,2025-08-28,Bullish Engulfing | UROY,2025-09-02,Bullish Engulfing | UROY,2025-09-03,Hammer | UROY,2025-09-05,Hammer | UROY,2025-09-18,Hammer | UROY,2025-09-19,Three White Soldiers | UROY,2025-09-22,Three White Soldiers | USAF,2024-12-03,Hammer | USAF,2024-12-23,Hammer | USAF,2024-12-24,Bullish Engulfing | USAF,2024-12-31,Hammer | USAF,2025-01-13,Hammer | USAF,2025-01-13,Dragonfly Doji | USAF,2025-01-15,Three White Soldiers | USAF,2025-01-16,Three White Soldiers | USAF,2025-01-21,Bullish Engulfing | USAF,2025-01-22,Hammer | USAF,2025-02-18,Piercing Pattern | USAF,2025-03-04,Piercing Pattern | USAF,2025-03-17,Morning Star | USAF,2025-03-18,Three White Soldiers | USAF,2025-04-02,Hammer | USAF,2025-04-10,Morning Star | USAF,2025-04-11,Hammer | USAF,2025-04-14,Hammer | USAF,2025-04-25,Hammer | USAF,2025-05-05,Bullish Engulfing | USAF,2025-05-23,Bullish Engulfing | USAF,2025-06-02,Bullish Engulfing | USAF,2025-06-13,Bullish Engulfing | USAF,2025-06-24,Hammer | USAF,2025-07-02,Piercing Pattern | USAF,2025-07-15,Hammer | USAF,2025-08-04,Morning Star | USAF,2025-08-07,Hammer | USAF,2025-08-07,Morning Star | USAF,2025-08-07,Dragonfly Doji | USAF,2025-08-12,Bullish Engulfing | USAF,2025-08-15,Dragonfly Doji | USAF,2025-08-21,Hammer | USAF,2025-08-21,Morning Star | USAF,2025-08-21,Dragonfly Doji | USAF,2025-08-22,Morning Star | USAF,2025-09-04,Hammer | USAF,2025-09-04,Dragonfly Doji | USAF,2025-09-12,Morning Star | USAF,2025-09-18,Hammer | USAF,2025-09-18,Dragonfly Doji | USAF,2025-09-19,Morning Star | USAR,2023-07-19,Morning Star | USAR,2023-07-20,Three White Soldiers | USAR,2023-09-12,Dragonfly Doji | USAR,2023-11-07,Hammer | USAR,2023-12-05,Dragonfly Doji | USAR,2023-12-07,Dragonfly Doji | USAR,2024-01-05,Hammer | USAR,2024-01-09,Morning Star | USAR,2024-02-07,Morning Star | USAR,2024-02-12,Dragonfly Doji | USAR,2024-03-26,Dragonfly Doji | USAR,2024-04-03,Dragonfly Doji | USAR,2024-04-26,Dragonfly Doji | USAR,2024-05-03,Dragonfly Doji | USAR,2024-06-21,Dragonfly Doji | USAR,2024-07-08,Dragonfly Doji | USAR,2024-07-23,Morning Star | USAR,2024-07-29,Hammer | USAR,2024-08-14,Morning Star | USAR,2024-09-16,Hammer | USAR,2024-09-16,Dragonfly Doji | USAR,2024-09-23,Hammer | USAR,2024-11-04,Morning Star | USAR,2024-11-08,Dragonfly Doji | USAR,2024-11-14,Hammer | USAR,2024-11-27,Morning Star | USAR,2024-12-03,Dragonfly Doji | USAR,2024-12-04,Dragonfly Doji | USAR,2024-12-05,Bullish Engulfing | USAR,2024-12-09,Three White Soldiers | USAR,2024-12-12,Piercing Pattern | USAR,2024-12-19,Hammer | USAR,2024-12-26,Morning Star | USAR,2024-12-31,Bullish Engulfing | USAR,2025-01-07,Piercing Pattern | USAR,2025-01-16,Hammer | USAR,2025-01-28,Morning Star | USAR,2025-01-30,Piercing Pattern | USAR,2025-02-24,Hammer | USAR,2025-03-13,Hammer | USAR,2025-03-14,Bullish Engulfing | USAR,2025-04-07,Bullish Engulfing | USAR,2025-05-05,Morning Star | USAR,2025-05-23,Bullish Engulfing | USAR,2025-07-07,Hammer | USAR,2025-07-28,Dragonfly Doji | USAR,2025-07-31,Morning Star | USAR,2025-08-01,Three White Soldiers | USAR,2025-08-15,Hammer | USAR,2025-08-19,Hammer | USAR,2025-09-11,Bullish Engulfing | USAR,2025-09-18,Three White Soldiers | USAR,2025-09-19,Hammer | USAR,2025-09-22,Hammer | USAR,2025-09-23,Morning Star | USAR,2025-09-25,Piercing Pattern
2025-10-19 19:49:38,743 INFO: Analysis CSV written: /home/kalle/projects/rawcandle/analysis/analysis_results_20251019_194849.csv
2025-10-20 14:04:55,840 INFO: start_candles_analysis called
2025-10-20 14:04:55,853 INFO: TSL 2023-07-24 Bullish Engulfing checked - FOUND
2025-10-20 14:04:55,854 INFO: TSL 2023-08-03 Bullish Engulfing checked - FOUND
2025-10-20 14:04:55,855 INFO: TSL 2023-08-07 Hammer checked - FOUND
2025-10-20 14:04:55,856 INFO: TSL 2023-08-11 Hammer checked - FOUND
2025-10-20 14:04:55,857 INFO: TSL 2023-08-23 Piercing Pattern checked - FOUND
2025-10-20 14:04:55,858 INFO: TSL 2023-08-29 Bullish Engulfing checked - FOUND
2025-10-20 14:04:55,859 INFO: TSL 2023-09-06 Hammer checked - FOUND
2025-10-20 14:04:55,862 INFO: TSL 2023-09-28 Bullish Engulfing checked - FOUND
2025-10-20 14:04:55,863 INFO: TSL 2023-10-02 Bullish Engulfing checked - FOUND
2025-10-20 14:04:55,867 INFO: TSL 2023-11-07 Piercing Pattern checked - FOUND
2025-10-20 14:04:55,868 INFO: TSL 2023-11-08 Hammer checked - FOUND
2025-10-20 14:04:55,870 INFO: TSL 2023-11-27 Hammer checked - FOUND
2025-10-20 14:04:55,872 INFO: TSL 2023-12-07 Hammer checked - FOUND
2025-10-20 14:04:55,872 INFO: TSL 2023-12-12 Hammer checked - FOUND
2025-10-20 14:04:55,872 INFO: TSL 2023-12-13 Bullish Engulfing checked - FOUND
2025-10-20 14:04:55,875 INFO: TSL 2024-01-02 Hammer checked - FOUND
2025-10-20 14:04:55,877 INFO: TSL 2024-01-16 Piercing Pattern checked - FOUND
2025-10-20 14:04:55,877 INFO: TSL 2024-01-17 Hammer checked - FOUND
2025-10-20 14:04:55,879 INFO: TSL 2024-02-01 Hammer checked - FOUND
2025-10-20 14:04:55,880 INFO: TSL 2024-02-06 Bullish Engulfing checked - FOUND
2025-10-20 14:04:55,882 INFO: TSL 2024-02-22 Bullish Engulfing checked - FOUND
2025-10-20 14:04:55,884 INFO: TSL 2024-03-07 Piercing Pattern checked - FOUND
2025-10-20 14:04:55,886 INFO: TSL 2024-03-27 Hammer checked - FOUND
2025-10-20 14:04:55,887 INFO: TSL 2024-04-01 Hammer checked - FOUND
2025-10-20 14:04:55,889 INFO: TSL 2024-04-11 Hammer checked - FOUND
2025-10-20 14:04:55,891 INFO: TSL 2024-04-25 Bullish Engulfing checked - FOUND
2025-10-20 14:04:55,895 INFO: TSL 2024-06-06 Bullish Engulfing checked - FOUND
2025-10-20 14:04:55,899 INFO: TSL 2024-07-05 Hammer checked - FOUND
2025-10-20 14:04:55,901 INFO: TSL 2024-07-26 Hammer checked - FOUND
2025-10-20 14:04:55,906 INFO: TSL 2024-09-04 Bullish Engulfing checked - FOUND
2025-10-20 14:04:55,910 INFO: TSL 2024-10-10 Hammer checked - FOUND
2025-10-20 14:04:55,912 INFO: TSL 2024-10-17 Hammer checked - FOUND
2025-10-20 14:04:55,914 INFO: TSL 2024-11-06 Hammer checked - FOUND
2025-10-20 14:04:55,915 INFO: TSL 2024-11-15 Piercing Pattern checked - FOUND
2025-10-20 14:04:55,916 INFO: TSL 2024-11-19 Bullish Engulfing checked - FOUND
2025-10-20 14:04:55,919 INFO: TSL 2024-12-17 Hammer checked - FOUND
2025-10-20 14:04:55,924 INFO: TSL 2025-01-21 Hammer checked - FOUND
2025-10-20 14:04:55,926 INFO: TSL 2025-02-04 Bullish Engulfing checked - FOUND
2025-10-20 14:04:55,927 INFO: TSL 2025-02-06 Hammer checked - FOUND
2025-10-20 14:04:55,929 INFO: TSL 2025-02-28 Bullish Engulfing checked - FOUND
2025-10-20 14:04:55,931 INFO: TSL 2025-03-14 Hammer checked - FOUND
2025-10-20 14:04:55,933 INFO: TSL 2025-03-25 Hammer checked - FOUND
2025-10-20 14:04:55,935 INFO: TSL 2025-04-21 Hammer checked - FOUND
2025-10-20 14:04:55,937 INFO: TSL 2025-04-29 Bullish Engulfing checked - FOUND
2025-10-20 14:04:55,937 INFO: TSL 2025-04-30 Hammer checked - FOUND
2025-10-20 14:04:55,941 INFO: TSL 2025-05-22 Piercing Pattern checked - FOUND
2025-10-20 14:04:55,943 INFO: TSL 2025-06-09 Bullish Engulfing checked - FOUND
2025-10-20 14:04:55,943 INFO: TSL 2025-06-13 Bullish Engulfing checked - FOUND
2025-10-20 14:04:55,945 INFO: TSL 2025-07-02 Hammer checked - FOUND
2025-10-20 14:04:55,950 INFO: TSL 2025-07-30 Hammer checked - FOUND
2025-10-20 14:04:55,952 INFO: TSL 2025-08-12 Hammer checked - FOUND
2025-10-20 14:04:55,953 INFO: TSL 2025-08-18 Piercing Pattern checked - FOUND
2025-10-20 14:04:55,958 INFO: TSL,2023-07-24,Bullish Engulfing
2025-10-20 14:04:55,958 INFO: TSL,2023-08-03,Bullish Engulfing
2025-10-20 14:04:55,958 INFO: TSL,2023-08-07,Hammer
2025-10-20 14:04:55,958 INFO: TSL,2023-08-11,Hammer
2025-10-20 14:04:55,958 INFO: TSL,2023-08-23,Piercing Pattern
2025-10-20 14:04:55,958 INFO: TSL,2023-08-29,Bullish Engulfing
2025-10-20 14:04:55,958 INFO: TSL,2023-09-06,Hammer
2025-10-20 14:04:55,958 INFO: TSL,2023-09-28,Bullish Engulfing
2025-10-20 14:04:55,958 INFO: TSL,2023-10-02,Bullish Engulfing
2025-10-20 14:04:55,958 INFO: TSL,2023-11-07,Piercing Pattern
2025-10-20 14:04:55,958 INFO: TSL,2023-11-08,Hammer
2025-10-20 14:04:55,958 INFO: TSL,2023-11-27,Hammer
2025-10-20 14:04:55,958 INFO: TSL,2023-12-07,Hammer
2025-10-20 14:04:55,958 INFO: TSL,2023-12-12,Hammer
2025-10-20 14:04:55,958 INFO: TSL,2023-12-13,Bullish Engulfing
2025-10-20 14:04:55,958 INFO: TSL,2024-01-02,Hammer
2025-10-20 14:04:55,958 INFO: TSL,2024-01-16,Piercing Pattern
2025-10-20 14:04:55,959 INFO: TSL,2024-01-17,Hammer
2025-10-20 14:04:55,959 INFO: TSL,2024-02-01,Hammer
2025-10-20 14:04:55,959 INFO: TSL,2024-02-06,Bullish Engulfing
2025-10-20 14:04:55,959 INFO: TSL,2024-02-22,Bullish Engulfing
2025-10-20 14:04:55,959 INFO: TSL,2024-03-07,Piercing Pattern
2025-10-20 14:04:55,959 INFO: TSL,2024-03-27,Hammer
2025-10-20 14:04:55,959 INFO: TSL,2024-04-01,Hammer
2025-10-20 14:04:55,959 INFO: TSL,2024-04-11,Hammer
2025-10-20 14:04:55,959 INFO: TSL,2024-04-25,Bullish Engulfing
2025-10-20 14:04:55,959 INFO: TSL,2024-06-06,Bullish Engulfing
2025-10-20 14:04:55,959 INFO: TSL,2024-07-05,Hammer
2025-10-20 14:04:55,959 INFO: TSL,2024-07-26,Hammer
2025-10-20 14:04:55,959 INFO: TSL,2024-09-04,Bullish Engulfing
2025-10-20 14:04:55,959 INFO: TSL,2024-10-10,Hammer
2025-10-20 14:04:55,959 INFO: TSL,2024-10-17,Hammer
2025-10-20 14:04:55,959 INFO: TSL,2024-11-06,Hammer
2025-10-20 14:04:55,959 INFO: TSL,2024-11-15,Piercing Pattern
2025-10-20 14:04:55,959 INFO: TSL,2024-11-19,Bullish Engulfing
2025-10-20 14:04:55,959 INFO: TSL,2024-12-17,Hammer
2025-10-20 14:04:55,959 INFO: TSL,2025-01-21,Hammer
2025-10-20 14:04:55,959 INFO: TSL,2025-02-04,Bullish Engulfing
2025-10-20 14:04:55,959 INFO: TSL,2025-02-06,Hammer
2025-10-20 14:04:55,959 INFO: TSL,2025-02-28,Bullish Engulfing
2025-10-20 14:04:55,959 INFO: TSL,2025-03-14,Hammer
2025-10-20 14:04:55,959 INFO: TSL,2025-03-25,Hammer
2025-10-20 14:04:55,959 INFO: TSL,2025-04-21,Hammer
2025-10-20 14:04:55,959 INFO: TSL,2025-04-29,Bullish Engulfing
2025-10-20 14:04:55,959 INFO: TSL,2025-04-30,Hammer
2025-10-20 14:04:55,959 INFO: TSL,2025-05-22,Piercing Pattern
2025-10-20 14:04:55,959 INFO: TSL,2025-06-09,Bullish Engulfing
2025-10-20 14:04:55,959 INFO: TSL,2025-06-13,Bullish Engulfing
2025-10-20 14:04:55,959 INFO: TSL,2025-07-02,Hammer
2025-10-20 14:04:55,959 INFO: TSL,2025-07-30,Hammer
2025-10-20 14:04:55,959 INFO: TSL,2025-08-12,Hammer
2025-10-20 14:04:55,959 INFO: TSL,2025-08-18,Piercing Pattern
2025-10-20 14:04:55,966 INFO: Analyysi valmis: TSL - Analyysitulokset (2025-10-20 14:04:55) — tickerille TSL | Bullish Engulfing: 17 kpl | Hammer: 28 kpl | Piercing Pattern: 7 kpl |  | Löydetyt tapahtumat (yhden rivin CSV: ticker,päivä,kuvio): | TSL,2023-07-24,Bullish Engulfing | TSL,2023-08-03,Bullish Engulfing | TSL,2023-08-07,Hammer | TSL,2023-08-11,Hammer | TSL,2023-08-23,Piercing Pattern | TSL,2023-08-29,Bullish Engulfing | TSL,2023-09-06,Hammer | TSL,2023-09-28,Bullish Engulfing | TSL,2023-10-02,Bullish Engulfing | TSL,2023-11-07,Piercing Pattern | TSL,2023-11-08,Hammer | TSL,2023-11-27,Hammer | TSL,2023-12-07,Hammer | TSL,2023-12-12,Hammer | TSL,2023-12-13,Bullish Engulfing | TSL,2024-01-02,Hammer | TSL,2024-01-16,Piercing Pattern | TSL,2024-01-17,Hammer | TSL,2024-02-01,Hammer | TSL,2024-02-06,Bullish Engulfing | TSL,2024-02-22,Bullish Engulfing | TSL,2024-03-07,Piercing Pattern | TSL,2024-03-27,Hammer | TSL,2024-04-01,Hammer | TSL,2024-04-11,Hammer | TSL,2024-04-25,Bullish Engulfing | TSL,2024-06-06,Bullish Engulfing | TSL,2024-07-05,Hammer | TSL,2024-07-26,Hammer | TSL,2024-09-04,Bullish Engulfing | TSL,2024-10-10,Hammer | TSL,2024-10-17,Hammer | TSL,2024-11-06,Hammer | TSL,2024-11-15,Piercing Pattern | TSL,2024-11-19,Bullish Engulfing | TSL,2024-12-17,Hammer | TSL,2025-01-21,Hammer | TSL,2025-02-04,Bullish Engulfing | TSL,2025-02-06,Hammer | TSL,2025-02-28,Bullish Engulfing | TSL,2025-03-14,Hammer | TSL,2025-03-25,Hammer | TSL,2025-04-21,Hammer | TSL,2025-04-29,Bullish Engulfing | TSL,2025-04-30,Hammer | TSL,2025-05-22,Piercing Pattern | TSL,2025-06-09,Bullish Engulfing | TSL,2025-06-13,Bullish Engulfing | TSL,2025-07-02,Hammer | TSL,2025-07-30,Hammer | TSL,2025-08-12,Hammer | TSL,2025-08-18,Piercing Pattern
2025-10-20 14:04:55,966 INFO: Analysis CSV written: /home/kalle/projects/rawcandle/analysis/analysis_results_20251020_140455.csv
